round,TP_0,TN_0,FP_0,FN_0,Accuracy_0,Sensitivity_0,Specificity_0,F1_0,AUC_0,TP_1,TN_1,FP_1,FN_1,Accuracy_1,Sensitivity_1,Specificity_1,F1_1,AUC_1,TP_2,TN_2,FP_2,FN_2,Accuracy_2,Sensitivity_2,Specificity_2,F1_2,AUC_2,TP_3,TN_3,FP_3,FN_3,Accuracy_3,Sensitivity_3,Specificity_3,F1_3,AUC_3,TP_4,TN_4,FP_4,FN_4,Accuracy_4,Sensitivity_4,Specificity_4,F1_4,AUC_4,TP_5,TN_5,FP_5,FN_5,Accuracy_5,Sensitivity_5,Specificity_5,F1_5,AUC_5,TP_6,TN_6,FP_6,FN_6,Accuracy_6,Sensitivity_6,Specificity_6,F1_6,AUC_6,TP_7,TN_7,FP_7,FN_7,Accuracy_7,Sensitivity_7,Specificity_7,F1_7,AUC_7,TP_8,TN_8,FP_8,FN_8,Accuracy_8,Sensitivity_8,Specificity_8,F1_8,AUC_8,TP_9,TN_9,FP_9,FN_9,Accuracy_9,Sensitivity_9,Specificity_9,F1_9,AUC_9,TP_10,TN_10,FP_10,FN_10,Accuracy_10,Sensitivity_10,Specificity_10,F1_10,AUC_10,TP_11,TN_11,FP_11,FN_11,Accuracy_11,Sensitivity_11,Specificity_11,F1_11,AUC_11,TP_12,TN_12,FP_12,FN_12,Accuracy_12,Sensitivity_12,Specificity_12,F1_12,AUC_12,TP_13,TN_13,FP_13,FN_13,Accuracy_13,Sensitivity_13,Specificity_13,F1_13,AUC_13,TP_14,TN_14,FP_14,FN_14,Accuracy_14,Sensitivity_14,Specificity_14,F1_14,AUC_14,TP_15,TN_15,FP_15,FN_15,Accuracy_15,Sensitivity_15,Specificity_15,F1_15,AUC_15,TP_16,TN_16,FP_16,FN_16,Accuracy_16,Sensitivity_16,Specificity_16,F1_16,AUC_16,TP_17,TN_17,FP_17,FN_17,Accuracy_17,Sensitivity_17,Specificity_17,F1_17,AUC_17,TP_18,TN_18,FP_18,FN_18,Accuracy_18,Sensitivity_18,Specificity_18,F1_18,AUC_18,TP_19,TN_19,FP_19,FN_19,Accuracy_19,Sensitivity_19,Specificity_19,F1_19,AUC_19
1,29,48,10,12,0.7778,0.7073,0.8276,0.725,0.8196,28,52,6,13,0.8081,0.6829,0.8966,0.7467,0.8192,28,48,10,13,0.7677,0.6829,0.8276,0.7089,0.8141,29,52,6,12,0.8182,0.7073,0.8966,0.7632,0.812,28,47,11,13,0.7576,0.6829,0.8103,0.7,0.8377,21,70,6,5,0.8922,0.8077,0.9211,0.7925,0.9074,23,68,8,3,0.8922,0.8846,0.8947,0.807,0.9079,18,66,10,8,0.8235,0.6923,0.8684,0.6667,0.8816,17,72,4,9,0.8725,0.6538,0.9474,0.7234,0.9018,18,65,11,8,0.8137,0.6923,0.8553,0.6545,0.8887,21,50,6,7,0.8452,0.75,0.8929,0.7636,0.868,21,46,10,7,0.7976,0.75,0.8214,0.7119,0.8699,22,42,14,6,0.7619,0.7857,0.75,0.6875,0.8788,22,47,9,6,0.8214,0.7857,0.8393,0.7458,0.8763,22,45,11,6,0.7976,0.7857,0.8036,0.7213,0.8807,23,52,5,6,0.8721,0.7931,0.9123,0.807,0.8584,22,52,5,7,0.8605,0.7586,0.9123,0.7857,0.85,23,50,7,6,0.8488,0.7931,0.8772,0.7797,0.8518,22,50,7,7,0.8372,0.7586,0.8772,0.7586,0.8851,23,52,5,6,0.8721,0.7931,0.9123,0.807,0.8651
2,31,53,10,5,0.8485,0.8611,0.8413,0.8052,0.8867,29,56,7,7,0.8586,0.8056,0.8889,0.8056,0.8977,30,53,10,6,0.8384,0.8333,0.8413,0.7895,0.8774,31,56,7,5,0.8788,0.8611,0.8889,0.8378,0.886,30,55,8,6,0.8586,0.8333,0.873,0.8108,0.9114,16,71,7,8,0.8529,0.6667,0.9103,0.6809,0.7933,18,74,4,6,0.902,0.75,0.9487,0.7826,0.8403,14,70,8,10,0.8235,0.5833,0.8974,0.6087,0.7863,13,75,3,11,0.8627,0.5417,0.9615,0.65,0.7986,14,69,9,10,0.8137,0.5833,0.8846,0.5957,0.8168,19,47,9,9,0.7857,0.6786,0.8393,0.6786,0.8221,18,42,14,10,0.7143,0.6429,0.75,0.6,0.824,19,41,15,9,0.7143,0.6786,0.7321,0.6129,0.8297,19,45,11,9,0.7619,0.6786,0.8036,0.6552,0.8374,19,41,15,9,0.7143,0.6786,0.7321,0.6129,0.8367,27,51,7,1,0.907,0.9643,0.8793,0.871,0.8904,26,49,9,2,0.8721,0.9286,0.8448,0.8254,0.9113,27,49,9,1,0.8837,0.9643,0.8448,0.8437,0.8935,26,49,9,2,0.8721,0.9286,0.8448,0.8254,0.8984,27,49,9,1,0.8837,0.9643,0.8448,0.8437,0.8916
3,26,40,21,12,0.6667,0.6842,0.6557,0.6118,0.7714,23,46,15,15,0.697,0.6053,0.7541,0.6053,0.7731,22,43,18,16,0.6566,0.5789,0.7049,0.5641,0.7364,26,46,15,12,0.7273,0.6842,0.7541,0.6582,0.7593,22,44,17,16,0.6667,0.5789,0.7213,0.5714,0.7839,21,72,2,7,0.9118,0.75,0.973,0.8235,0.8822,22,72,2,6,0.9216,0.7857,0.973,0.8462,0.903,19,71,3,9,0.8824,0.6786,0.9595,0.76,0.8769,19,73,1,9,0.902,0.6786,0.9865,0.7917,0.8929,19,71,3,9,0.8824,0.6786,0.9595,0.76,0.9025,20,53,1,10,0.869,0.6667,0.9815,0.7843,0.8358,19,43,11,11,0.7381,0.6333,0.7963,0.6333,0.8735,23,42,12,7,0.7738,0.7667,0.7778,0.7077,0.8469,19,49,5,11,0.8095,0.6333,0.9074,0.7037,0.8852,23,48,6,7,0.8452,0.7667,0.8889,0.7797,0.8753,16,59,4,7,0.8721,0.6957,0.9365,0.7442,0.8606,16,59,4,7,0.8721,0.6957,0.9365,0.7442,0.8254,16,59,4,7,0.8721,0.6957,0.9365,0.7442,0.833,16,59,4,7,0.8721,0.6957,0.9365,0.7442,0.8882,16,59,4,7,0.8721,0.6957,0.9365,0.7442,0.8351
4,32,47,13,7,0.798,0.8205,0.7833,0.7619,0.8534,25,52,8,14,0.7778,0.641,0.8667,0.6944,0.8645,30,50,10,9,0.8081,0.7692,0.8333,0.7595,0.8521,32,52,8,7,0.8485,0.8205,0.8667,0.8101,0.8466,30,51,9,9,0.8182,0.7692,0.85,0.7692,0.8808,22,69,7,4,0.8922,0.8462,0.9079,0.8,0.9109,23,74,2,3,0.951,0.8846,0.9737,0.902,0.9099,19,72,4,7,0.8922,0.7308,0.9474,0.7755,0.8871,18,75,1,8,0.9118,0.6923,0.9868,0.8,0.8993,19,70,6,7,0.8725,0.7308,0.9211,0.7451,0.8836,24,43,8,9,0.7976,0.7273,0.8431,0.7385,0.8717,26,42,9,7,0.8095,0.7879,0.8235,0.7647,0.8966,27,38,13,6,0.7738,0.8182,0.7451,0.7397,0.8913,29,45,6,4,0.881,0.8788,0.8824,0.8529,0.918,27,41,10,6,0.8095,0.8182,0.8039,0.7714,0.9168,22,57,5,2,0.9186,0.9167,0.9194,0.8627,0.9288,19,56,6,5,0.8721,0.7917,0.9032,0.7755,0.8931,22,54,8,2,0.8837,0.9167,0.871,0.8148,0.9294,19,54,8,5,0.8488,0.7917,0.871,0.7451,0.9254,22,56,6,2,0.907,0.9167,0.9032,0.8462,0.916
5,23,52,15,9,0.7576,0.7188,0.7761,0.6571,0.8092,20,56,11,12,0.7677,0.625,0.8358,0.6349,0.8186,21,52,15,11,0.7374,0.6562,0.7761,0.6176,0.7929,23,56,11,9,0.798,0.7188,0.8358,0.697,0.7833,21,52,15,11,0.7374,0.6562,0.7761,0.6176,0.8302,19,67,6,10,0.8431,0.6552,0.9178,0.7037,0.7383,19,67,6,10,0.8431,0.6552,0.9178,0.7037,0.7709,16,68,5,13,0.8235,0.5517,0.9315,0.64,0.7298,16,70,3,13,0.8431,0.5517,0.9589,0.6667,0.7553,16,65,8,13,0.7941,0.5517,0.8904,0.6038,0.7473,25,46,5,8,0.8452,0.7576,0.902,0.7937,0.9014,27,42,9,6,0.8214,0.8182,0.8235,0.7826,0.9121,27,38,13,6,0.7738,0.8182,0.7451,0.7397,0.899,28,43,8,5,0.8452,0.8485,0.8431,0.8116,0.9168,27,41,10,6,0.8095,0.8182,0.8039,0.7714,0.8889,18,60,7,1,0.907,0.9474,0.8955,0.8182,0.9309,17,60,7,2,0.8953,0.8947,0.8955,0.7907,0.9269,18,60,7,1,0.907,0.9474,0.8955,0.8182,0.9152,17,60,7,2,0.8953,0.8947,0.8955,0.7907,0.9442,18,60,7,1,0.907,0.9474,0.8955,0.8182,0.9104
6,39,44,7,9,0.8384,0.8125,0.8627,0.8298,0.8893,33,45,6,15,0.7879,0.6875,0.8824,0.7586,0.8922,36,42,9,12,0.7879,0.75,0.8235,0.7742,0.8607,39,45,6,9,0.8485,0.8125,0.8824,0.8387,0.8948,36,44,7,12,0.8081,0.75,0.8627,0.7912,0.9187,19,71,3,9,0.8824,0.6786,0.9595,0.76,0.8074,21,71,3,7,0.902,0.75,0.9595,0.8077,0.8634,18,72,2,10,0.8824,0.6429,0.973,0.75,0.8325,17,71,3,11,0.8627,0.6071,0.9595,0.7083,0.8359,18,71,3,10,0.8725,0.6429,0.9595,0.7347,0.8736,18,52,3,11,0.8333,0.6207,0.9455,0.72,0.8414,18,44,11,11,0.7381,0.6207,0.8,0.6207,0.8426,19,42,13,10,0.7262,0.6552,0.7636,0.623,0.8439,19,47,8,10,0.7857,0.6552,0.8545,0.6786,0.8784,19,47,8,10,0.7857,0.6552,0.8545,0.6786,0.8389,21,53,7,5,0.8605,0.8077,0.8833,0.7778,0.8955,20,53,7,6,0.8488,0.7692,0.8833,0.7547,0.8929,21,53,7,5,0.8605,0.8077,0.8833,0.7778,0.8942,20,53,7,6,0.8488,0.7692,0.8833,0.7547,0.9224,21,53,7,5,0.8605,0.8077,0.8833,0.7778,0.8891
7,20,48,20,11,0.6869,0.6452,0.7059,0.5634,0.7481,17,53,15,14,0.7071,0.5484,0.7794,0.5397,0.7481,20,48,20,11,0.6869,0.6452,0.7059,0.5634,0.7282,20,53,15,11,0.7374,0.6452,0.7794,0.6061,0.7315,20,52,16,11,0.7273,0.6452,0.7647,0.597,0.7633,18,73,5,6,0.8922,0.75,0.9359,0.766,0.9407,19,74,4,5,0.9118,0.7917,0.9487,0.8085,0.9327,15,71,7,9,0.8431,0.625,0.9103,0.6522,0.8937,14,74,4,10,0.8627,0.5833,0.9487,0.6667,0.9257,15,70,8,9,0.8333,0.625,0.8974,0.6383,0.898,23,51,4,6,0.881,0.7931,0.9273,0.8214,0.8828,25,43,12,4,0.8095,0.8621,0.7818,0.7576,0.916,25,41,14,4,0.7857,0.8621,0.7455,0.7353,0.8596,25,45,10,4,0.8333,0.8621,0.8182,0.7813,0.9003,25,43,12,4,0.8095,0.8621,0.7818,0.7576,0.8784,17,60,4,5,0.8953,0.7727,0.9375,0.7907,0.8118,17,60,4,5,0.8953,0.7727,0.9375,0.7907,0.7585,17,59,5,5,0.8837,0.7727,0.9219,0.7727,0.8516,17,59,5,5,0.8837,0.7727,0.9219,0.7727,0.8878,17,60,4,5,0.8953,0.7727,0.9375,0.7907,0.7976
8,23,56,10,10,0.798,0.697,0.8485,0.697,0.7769,21,58,8,12,0.798,0.6364,0.8788,0.6774,0.8067,21,56,10,12,0.7778,0.6364,0.8485,0.6562,0.7736,23,58,8,10,0.8182,0.697,0.8788,0.7188,0.7622,21,57,9,12,0.7879,0.6364,0.8636,0.6667,0.8407,16,71,5,10,0.8529,0.6154,0.9342,0.6809,0.7854,18,72,4,8,0.8824,0.6923,0.9474,0.75,0.7955,16,71,5,10,0.8529,0.6154,0.9342,0.6809,0.7642,15,73,3,11,0.8627,0.5769,0.9605,0.6818,0.7915,16,69,7,10,0.8333,0.6154,0.9079,0.6531,0.7713,19,48,7,10,0.7976,0.6552,0.8727,0.6909,0.8345,20,40,15,9,0.7143,0.6897,0.7273,0.625,0.8382,21,41,14,8,0.7381,0.7241,0.7455,0.6562,0.8207,21,45,10,8,0.7857,0.7241,0.8182,0.7,0.842,21,44,11,8,0.7738,0.7241,0.8,0.6885,0.8257,25,57,4,0,0.9535,1.0,0.9344,0.9259,0.9764,24,56,5,1,0.9302,0.96,0.918,0.8889,0.9672,25,54,7,0,0.9186,1.0,0.8852,0.8772,0.9718,24,54,7,1,0.907,0.96,0.8852,0.8571,0.9685,25,56,5,0,0.9419,1.0,0.918,0.9091,0.962
9,24,59,7,9,0.8384,0.7273,0.8939,0.75,0.8577,22,60,6,11,0.8283,0.6667,0.9091,0.7213,0.8714,22,59,7,11,0.8182,0.6667,0.8939,0.7097,0.8384,24,60,6,9,0.8485,0.7273,0.9091,0.7619,0.8274,22,60,6,11,0.8283,0.6667,0.9091,0.7213,0.8659,12,76,3,11,0.8627,0.5217,0.962,0.6316,0.7276,14,76,3,9,0.8824,0.6087,0.962,0.7,0.792,13,74,5,10,0.8529,0.5652,0.9367,0.6341,0.7287,12,76,3,11,0.8627,0.5217,0.962,0.6316,0.7501,13,71,8,10,0.8235,0.5652,0.8987,0.5909,0.7727,28,43,4,9,0.8452,0.7568,0.9149,0.8116,0.8557,26,35,12,11,0.7262,0.7027,0.7447,0.6933,0.8545,26,34,13,11,0.7143,0.7027,0.7234,0.6842,0.816,28,37,10,9,0.7738,0.7568,0.7872,0.7467,0.8442,26,37,10,11,0.75,0.7027,0.7872,0.7123,0.8436,25,51,6,4,0.8837,0.8621,0.8947,0.8333,0.9238,23,51,6,6,0.8605,0.7931,0.8947,0.7931,0.908,25,51,6,4,0.8837,0.8621,0.8947,0.8333,0.8972,23,51,6,6,0.8605,0.7931,0.8947,0.7931,0.9068,25,51,6,4,0.8837,0.8621,0.8947,0.8333,0.9093
10,31,51,11,6,0.8283,0.8378,0.8226,0.7848,0.8784,23,53,9,14,0.7677,0.6216,0.8548,0.6667,0.8357,27,51,11,10,0.7879,0.7297,0.8226,0.72,0.8483,31,53,9,6,0.8485,0.8378,0.8548,0.8052,0.8633,27,53,9,10,0.8081,0.7297,0.8548,0.7397,0.8945,20,65,7,10,0.8333,0.6667,0.9028,0.7018,0.8435,22,68,4,8,0.8824,0.7333,0.9444,0.7857,0.8574,19,69,3,11,0.8627,0.6333,0.9583,0.7308,0.8296,18,68,4,12,0.8431,0.6,0.9444,0.6923,0.8412,19,66,6,11,0.8333,0.6333,0.9167,0.6909,0.8278,18,44,8,14,0.7381,0.5625,0.8462,0.6207,0.735,19,39,13,13,0.6905,0.5938,0.75,0.5938,0.8029,22,36,16,10,0.6905,0.6875,0.6923,0.6286,0.7278,19,40,12,13,0.7024,0.5938,0.7692,0.6032,0.7608,22,40,12,10,0.7381,0.6875,0.7692,0.6667,0.7831,16,64,2,4,0.9302,0.8,0.9697,0.8421,0.9295,16,63,3,4,0.9186,0.8,0.9545,0.8205,0.9106,16,61,5,4,0.8953,0.8,0.9242,0.7805,0.9114,16,61,5,4,0.8953,0.8,0.9242,0.7805,0.9341,16,63,3,4,0.9186,0.8,0.9545,0.8205,0.9303
11,24,50,16,9,0.7475,0.7273,0.7576,0.6575,0.7975,21,56,10,12,0.7778,0.6364,0.8485,0.6562,0.8466,21,51,15,12,0.7273,0.6364,0.7727,0.6087,0.7984,24,56,10,9,0.8081,0.7273,0.8485,0.7164,0.7906,21,53,13,12,0.7475,0.6364,0.803,0.6269,0.8448,15,73,0,14,0.8627,0.5172,1.0,0.6818,0.7676,19,70,3,10,0.8725,0.6552,0.9589,0.7451,0.8181,18,72,1,11,0.8824,0.6207,0.9863,0.75,0.8002,15,70,3,14,0.8333,0.5172,0.9589,0.6383,0.7898,18,67,6,11,0.8333,0.6207,0.9178,0.6792,0.8248,23,48,7,6,0.8452,0.7931,0.8727,0.7797,0.8646,21,42,13,8,0.75,0.7241,0.7636,0.6667,0.8257,21,43,12,8,0.7619,0.7241,0.7818,0.6774,0.8683,21,45,10,8,0.7857,0.7241,0.8182,0.7,0.832,21,46,9,8,0.7976,0.7241,0.8364,0.7119,0.8539,20,57,6,3,0.8953,0.8696,0.9048,0.8163,0.9048,20,57,6,3,0.8953,0.8696,0.9048,0.8163,0.9227,20,57,6,3,0.8953,0.8696,0.9048,0.8163,0.8882,20,57,6,3,0.8953,0.8696,0.9048,0.8163,0.9213,20,57,6,3,0.8953,0.8696,0.9048,0.8163,0.9013
12,24,53,17,5,0.7778,0.8276,0.7571,0.6857,0.8232,21,62,8,8,0.8384,0.7241,0.8857,0.7241,0.832,22,58,12,7,0.8081,0.7586,0.8286,0.6984,0.8128,24,62,8,5,0.8687,0.8276,0.8857,0.7869,0.8219,22,57,13,7,0.798,0.7586,0.8143,0.6875,0.8468,18,69,7,8,0.8529,0.6923,0.9079,0.7059,0.8117,18,71,5,8,0.8725,0.6923,0.9342,0.7347,0.8613,15,71,5,11,0.8431,0.5769,0.9342,0.6522,0.8133,15,74,2,11,0.8725,0.5769,0.9737,0.6977,0.835,15,68,8,11,0.8137,0.5769,0.8947,0.6122,0.836,23,44,11,6,0.7976,0.7931,0.8,0.7302,0.8257,24,39,16,5,0.75,0.8276,0.7091,0.6957,0.8652,24,36,19,5,0.7143,0.8276,0.6545,0.6667,0.8119,25,41,14,4,0.7857,0.8621,0.7455,0.7353,0.8489,24,38,17,5,0.7381,0.8276,0.6909,0.6857,0.8539,29,50,4,3,0.9186,0.9062,0.9259,0.8923,0.912,28,50,4,4,0.907,0.875,0.9259,0.875,0.9005,29,49,5,3,0.907,0.9062,0.9074,0.8788,0.9317,28,49,5,4,0.8953,0.875,0.9074,0.8615,0.9404,29,50,4,3,0.9186,0.9062,0.9259,0.8923,0.9149
13,23,50,14,12,0.7374,0.6571,0.7812,0.6389,0.7701,21,55,9,14,0.7677,0.6,0.8594,0.6462,0.7996,21,48,16,14,0.697,0.6,0.75,0.5833,0.7625,23,55,9,12,0.7879,0.6571,0.8594,0.6866,0.7667,21,52,12,14,0.7374,0.6,0.8125,0.6176,0.8027,19,71,6,6,0.8824,0.76,0.9221,0.76,0.8462,20,71,6,5,0.8922,0.8,0.9221,0.7843,0.8639,18,72,5,7,0.8824,0.72,0.9351,0.75,0.8369,18,72,5,7,0.8824,0.72,0.9351,0.75,0.8478,18,70,7,7,0.8627,0.72,0.9091,0.72,0.8364,16,48,7,13,0.7619,0.5517,0.8727,0.6154,0.8389,18,45,10,11,0.75,0.6207,0.8182,0.6316,0.8545,19,43,12,10,0.7381,0.6552,0.7818,0.6333,0.8564,18,45,10,11,0.75,0.6207,0.8182,0.6316,0.8495,19,45,10,10,0.7619,0.6552,0.8182,0.6552,0.8602,22,58,4,2,0.9302,0.9167,0.9355,0.88,0.955,22,56,6,2,0.907,0.9167,0.9032,0.8462,0.9583,22,56,6,2,0.907,0.9167,0.9032,0.8462,0.9449,22,56,6,2,0.907,0.9167,0.9032,0.8462,0.9563,22,56,6,2,0.907,0.9167,0.9032,0.8462,0.957
14,26,59,7,7,0.8586,0.7879,0.8939,0.7879,0.9063,23,63,3,10,0.8687,0.697,0.9545,0.7797,0.9279,21,61,5,12,0.8283,0.6364,0.9242,0.7119,0.8962,26,63,3,7,0.899,0.7879,0.9545,0.8387,0.8958,21,62,4,12,0.8384,0.6364,0.9394,0.7241,0.9238,22,67,6,7,0.8725,0.7586,0.9178,0.7719,0.8082,23,65,8,6,0.8627,0.7931,0.8904,0.7667,0.8521,21,65,8,8,0.8431,0.7241,0.8904,0.7241,0.8229,20,65,8,9,0.8333,0.6897,0.8904,0.7018,0.837,21,63,10,8,0.8235,0.7241,0.863,0.7,0.8455,16,55,3,10,0.8452,0.6154,0.9483,0.7111,0.8322,16,47,11,10,0.75,0.6154,0.8103,0.6038,0.8541,17,45,13,9,0.7381,0.6538,0.7759,0.6071,0.8355,18,51,7,8,0.8214,0.6923,0.8793,0.7059,0.8767,17,48,10,9,0.7738,0.6538,0.8276,0.6415,0.8336,26,54,2,4,0.9302,0.8667,0.9643,0.8966,0.9542,24,54,2,6,0.907,0.8,0.9643,0.8571,0.9631,26,53,3,4,0.9186,0.8667,0.9464,0.8814,0.9339,24,53,3,6,0.8953,0.8,0.9464,0.8421,0.9643,26,54,2,4,0.9302,0.8667,0.9643,0.8966,0.9565
15,32,43,16,8,0.7576,0.8,0.7288,0.7273,0.8581,27,49,10,13,0.7677,0.675,0.8305,0.7013,0.8733,29,43,16,11,0.7273,0.725,0.7288,0.6824,0.8263,32,49,10,8,0.8182,0.8,0.8305,0.7805,0.853,29,45,14,11,0.7475,0.725,0.7627,0.6988,0.8814,16,77,5,4,0.9118,0.8,0.939,0.7805,0.8878,17,76,6,3,0.9118,0.85,0.9268,0.7907,0.9226,16,76,6,4,0.902,0.8,0.9268,0.7619,0.8939,16,77,5,4,0.9118,0.8,0.939,0.7805,0.9134,16,72,10,4,0.8627,0.8,0.878,0.6957,0.9,25,41,8,10,0.7857,0.7143,0.8367,0.7353,0.8653,27,40,9,8,0.7976,0.7714,0.8163,0.7606,0.9143,29,36,13,6,0.7738,0.8286,0.7347,0.7532,0.8647,28,39,10,7,0.7976,0.8,0.7959,0.7671,0.9032,29,40,9,6,0.8214,0.8286,0.8163,0.7945,0.905,26,52,5,3,0.907,0.8966,0.9123,0.8667,0.9129,25,51,6,4,0.8837,0.8621,0.8947,0.8333,0.902,26,50,7,3,0.8837,0.8966,0.8772,0.8387,0.9087,25,50,7,4,0.8721,0.8621,0.8772,0.8197,0.9201,26,51,6,3,0.8953,0.8966,0.8947,0.8525,0.9044
16,32,44,14,9,0.7677,0.7805,0.7586,0.7356,0.8053,25,47,11,16,0.7273,0.6098,0.8103,0.6494,0.7948,27,43,15,14,0.7071,0.6585,0.7414,0.6506,0.7653,32,47,11,9,0.798,0.7805,0.8103,0.7619,0.7839,27,46,12,14,0.7374,0.6585,0.7931,0.675,0.8154,21,65,2,14,0.8431,0.6,0.9701,0.7241,0.8072,24,61,6,11,0.8333,0.6857,0.9104,0.7385,0.8273,18,65,2,17,0.8137,0.5143,0.9701,0.6545,0.8077,18,61,6,17,0.7745,0.5143,0.9104,0.6102,0.8166,18,60,7,17,0.7647,0.5143,0.8955,0.6,0.8392,18,42,7,17,0.7143,0.5143,0.8571,0.6,0.7808,20,37,12,15,0.6786,0.5714,0.7551,0.597,0.8,24,33,16,11,0.6786,0.6857,0.6735,0.64,0.7988,21,38,11,14,0.7024,0.6,0.7755,0.6269,0.8292,24,39,10,11,0.75,0.6857,0.7959,0.6957,0.8134,22,53,7,4,0.8721,0.8462,0.8833,0.8,0.8872,22,53,7,4,0.8721,0.8462,0.8833,0.8,0.8615,22,52,8,4,0.8605,0.8462,0.8667,0.7857,0.9026,22,52,8,4,0.8605,0.8462,0.8667,0.7857,0.909,22,53,7,4,0.8721,0.8462,0.8833,0.8,0.8968
17,26,56,9,8,0.8283,0.7647,0.8615,0.7536,0.8538,23,59,6,11,0.8283,0.6765,0.9077,0.7302,0.8281,25,54,11,9,0.798,0.7353,0.8308,0.7143,0.8317,26,59,6,8,0.8586,0.7647,0.9077,0.7879,0.8457,25,57,8,9,0.8283,0.7353,0.8769,0.7463,0.8489,18,66,4,14,0.8235,0.5625,0.9429,0.6667,0.775,20,66,4,12,0.8431,0.625,0.9429,0.7143,0.7897,16,65,5,16,0.7941,0.5,0.9286,0.6038,0.7576,15,67,3,17,0.8039,0.4688,0.9571,0.6,0.7781,16,64,6,16,0.7843,0.5,0.9143,0.5926,0.7741,17,47,4,16,0.7619,0.5152,0.9216,0.6296,0.7986,20,41,10,13,0.7262,0.6061,0.8039,0.6349,0.8443,22,44,7,11,0.7857,0.6667,0.8627,0.7097,0.798,22,44,7,11,0.7857,0.6667,0.8627,0.7097,0.8176,22,44,7,11,0.7857,0.6667,0.8627,0.7097,0.8105,20,57,7,2,0.8953,0.9091,0.8906,0.8163,0.8551,17,56,8,5,0.8488,0.7727,0.875,0.7234,0.8658,20,54,10,2,0.8605,0.9091,0.8438,0.7692,0.8871,17,54,10,5,0.8256,0.7727,0.8438,0.6939,0.902,20,56,8,2,0.8837,0.9091,0.875,0.8,0.8615
18,25,50,17,7,0.7576,0.7812,0.7463,0.6757,0.8424,20,60,7,12,0.8081,0.625,0.8955,0.678,0.8647,24,51,16,8,0.7576,0.75,0.7612,0.6667,0.8195,25,60,7,7,0.8586,0.7812,0.8955,0.7812,0.8279,24,54,13,8,0.7879,0.75,0.806,0.6957,0.8717,14,76,5,7,0.8824,0.6667,0.9383,0.7,0.8013,15,77,4,6,0.902,0.7143,0.9506,0.75,0.7989,11,75,6,10,0.8431,0.5238,0.9259,0.5789,0.7837,11,79,2,10,0.8824,0.5238,0.9753,0.6471,0.7784,11,75,6,10,0.8431,0.5238,0.9259,0.5789,0.7854,23,47,4,10,0.8333,0.697,0.9216,0.7667,0.8824,22,44,7,11,0.7857,0.6667,0.8627,0.7097,0.9043,25,39,12,8,0.7619,0.7576,0.7647,0.7143,0.8746,24,44,7,9,0.8095,0.7273,0.8627,0.75,0.9031,25,41,10,8,0.7857,0.7576,0.8039,0.7353,0.9014,30,50,3,3,0.9302,0.9091,0.9434,0.9091,0.9188,28,49,4,5,0.8953,0.8485,0.9245,0.8615,0.8999,30,48,5,3,0.907,0.9091,0.9057,0.8824,0.9205,28,48,5,5,0.8837,0.8485,0.9057,0.8485,0.936,30,49,4,3,0.9186,0.9091,0.9245,0.8955,0.9102
19,17,63,8,11,0.8081,0.6071,0.8873,0.6415,0.7882,14,63,8,14,0.7778,0.5,0.8873,0.56,0.7711,14,63,8,14,0.7778,0.5,0.8873,0.56,0.7631,17,63,8,11,0.8081,0.6071,0.8873,0.6415,0.7749,14,60,11,14,0.7475,0.5,0.8451,0.5283,0.7948,26,65,4,7,0.8922,0.7879,0.942,0.8254,0.917,26,64,5,7,0.8824,0.7879,0.9275,0.8125,0.91,24,63,6,9,0.8529,0.7273,0.913,0.7619,0.888,24,66,3,9,0.8824,0.7273,0.9565,0.8,0.9196,24,61,8,9,0.8333,0.7273,0.8841,0.7385,0.9043,20,44,10,10,0.7619,0.6667,0.8148,0.6667,0.7877,19,42,12,11,0.7262,0.6333,0.7778,0.623,0.7889,20,36,18,10,0.6667,0.6667,0.6667,0.5882,0.7846,19,46,8,11,0.7738,0.6333,0.8519,0.6667,0.7988,20,40,14,10,0.7143,0.6667,0.7407,0.625,0.7944,28,52,3,3,0.9302,0.9032,0.9455,0.9032,0.9472,28,52,3,3,0.9302,0.9032,0.9455,0.9032,0.9308,28,51,4,3,0.9186,0.9032,0.9273,0.8889,0.9419,28,51,4,3,0.9186,0.9032,0.9273,0.8889,0.9578,28,52,3,3,0.9302,0.9032,0.9455,0.9032,0.9419
20,26,56,9,8,0.8283,0.7647,0.8615,0.7536,0.8846,25,59,6,9,0.8485,0.7353,0.9077,0.7692,0.8837,24,56,9,10,0.8081,0.7059,0.8615,0.7164,0.8724,26,59,6,8,0.8586,0.7647,0.9077,0.7879,0.8751,24,56,9,10,0.8081,0.7059,0.8615,0.7164,0.8946,21,63,8,10,0.8235,0.6774,0.8873,0.7,0.8364,24,66,5,7,0.8824,0.7742,0.9296,0.8,0.8601,19,64,7,12,0.8137,0.6129,0.9014,0.6667,0.831,16,69,2,15,0.8333,0.5161,0.9718,0.6531,0.8551,19,64,7,12,0.8137,0.6129,0.9014,0.6667,0.8428,25,47,5,7,0.8571,0.7812,0.9038,0.8065,0.8732,24,43,9,8,0.7976,0.75,0.8269,0.7385,0.8924,24,43,9,8,0.7976,0.75,0.8269,0.7385,0.8882,25,46,6,7,0.8452,0.7812,0.8846,0.7937,0.8894,24,45,7,8,0.8214,0.75,0.8654,0.7619,0.9087,20,61,3,2,0.9419,0.9091,0.9531,0.8889,0.9645,19,59,5,3,0.907,0.8636,0.9219,0.8261,0.9432,20,58,6,2,0.907,0.9091,0.9062,0.8333,0.9538,19,58,6,3,0.8953,0.8636,0.9062,0.8085,0.9531,20,59,5,2,0.9186,0.9091,0.9219,0.8511,0.9638
21,26,54,10,9,0.8081,0.7429,0.8438,0.7324,0.8353,23,59,5,12,0.8283,0.6571,0.9219,0.7302,0.8991,20,56,8,15,0.7677,0.5714,0.875,0.6349,0.8451,26,59,5,9,0.8586,0.7429,0.9219,0.7879,0.8333,20,57,7,15,0.7778,0.5714,0.8906,0.6452,0.8661,20,71,4,7,0.8922,0.7407,0.9467,0.7843,0.8993,23,70,5,4,0.9118,0.8519,0.9333,0.8364,0.8815,20,70,5,7,0.8824,0.7407,0.9333,0.7692,0.8805,18,71,4,9,0.8725,0.6667,0.9467,0.7347,0.8869,20,67,8,7,0.8529,0.7407,0.8933,0.7273,0.8746,23,44,5,12,0.7976,0.6571,0.898,0.7302,0.7848,22,38,11,13,0.7143,0.6286,0.7755,0.6471,0.8076,23,35,14,12,0.6905,0.6571,0.7143,0.6389,0.8017,22,41,8,13,0.75,0.6286,0.8367,0.6769,0.821,23,38,11,12,0.7262,0.6571,0.7755,0.6667,0.7953,22,60,2,2,0.9535,0.9167,0.9677,0.9167,0.9402,22,58,4,2,0.9302,0.9167,0.9355,0.88,0.9328,22,56,6,2,0.907,0.9167,0.9032,0.8462,0.9362,22,56,6,2,0.907,0.9167,0.9032,0.8462,0.9523,22,58,4,2,0.9302,0.9167,0.9355,0.88,0.9435
22,21,48,18,12,0.697,0.6364,0.7273,0.5833,0.759,18,53,13,15,0.7172,0.5455,0.803,0.5625,0.7631,20,49,17,13,0.697,0.6061,0.7424,0.5714,0.742,21,53,13,12,0.7475,0.6364,0.803,0.6269,0.7624,20,49,17,13,0.697,0.6061,0.7424,0.5714,0.8053,21,68,4,9,0.8725,0.7,0.9444,0.7636,0.8542,23,67,5,7,0.8824,0.7667,0.9306,0.7931,0.8958,20,66,6,10,0.8431,0.6667,0.9167,0.7143,0.8694,18,69,3,12,0.8529,0.6,0.9583,0.7059,0.8838,20,63,9,10,0.8137,0.6667,0.875,0.678,0.8843,20,49,6,9,0.8214,0.6897,0.8909,0.7273,0.8301,19,47,8,10,0.7857,0.6552,0.8545,0.6786,0.8257,20,45,10,9,0.7738,0.6897,0.8182,0.678,0.8288,19,46,9,10,0.7738,0.6552,0.8364,0.6667,0.8282,20,48,7,9,0.8095,0.6897,0.8727,0.7143,0.8426,20,56,6,4,0.8837,0.8333,0.9032,0.8,0.8918,20,55,7,4,0.8721,0.8333,0.8871,0.7843,0.8784,20,55,7,4,0.8721,0.8333,0.8871,0.7843,0.8985,20,55,7,4,0.8721,0.8333,0.8871,0.7843,0.9267,20,55,7,4,0.8721,0.8333,0.8871,0.7843,0.9012
23,22,57,12,8,0.798,0.7333,0.8261,0.6875,0.7961,20,57,12,10,0.7778,0.6667,0.8261,0.6452,0.8106,20,54,15,10,0.7475,0.6667,0.7826,0.6154,0.7826,22,57,12,8,0.798,0.7333,0.8261,0.6875,0.7915,20,57,12,10,0.7778,0.6667,0.8261,0.6452,0.8469,21,71,2,8,0.902,0.7241,0.9726,0.8077,0.9117,25,70,3,4,0.9314,0.8621,0.9589,0.8772,0.9131,19,69,4,10,0.8627,0.6552,0.9452,0.7308,0.8748,18,70,3,11,0.8627,0.6207,0.9589,0.72,0.906,19,66,7,10,0.8333,0.6552,0.9041,0.6909,0.8885,14,57,4,9,0.8452,0.6087,0.9344,0.6829,0.809,14,51,10,9,0.7738,0.6087,0.8361,0.5957,0.8432,14,49,12,9,0.75,0.6087,0.8033,0.5714,0.8311,15,54,7,8,0.8214,0.6522,0.8852,0.6667,0.8339,14,55,6,9,0.8214,0.6087,0.9016,0.6512,0.8582,21,59,5,1,0.9302,0.9545,0.9219,0.875,0.9531,20,58,6,2,0.907,0.9091,0.9062,0.8333,0.9666,21,58,6,1,0.9186,0.9545,0.9062,0.8571,0.9538,20,58,6,2,0.907,0.9091,0.9062,0.8333,0.9659,21,58,6,1,0.9186,0.9545,0.9062,0.8571,0.9517
24,27,51,13,8,0.7879,0.7714,0.7969,0.72,0.8603,24,53,11,11,0.7778,0.6857,0.8281,0.6857,0.842,25,49,15,10,0.7475,0.7143,0.7656,0.6667,0.8299,27,53,11,8,0.8081,0.7714,0.8281,0.7397,0.8607,25,52,12,10,0.7778,0.7143,0.8125,0.6944,0.8683,24,69,5,4,0.9118,0.8571,0.9324,0.8421,0.8991,24,67,7,4,0.8922,0.8571,0.9054,0.8136,0.9117,19,67,7,9,0.8431,0.6786,0.9054,0.7037,0.8861,19,68,6,9,0.8529,0.6786,0.9189,0.717,0.8904,19,63,11,9,0.8039,0.6786,0.8514,0.6552,0.8837,22,45,7,10,0.7976,0.6875,0.8654,0.7213,0.8185,23,40,12,9,0.75,0.7188,0.7692,0.6866,0.8504,23,35,17,9,0.6905,0.7188,0.6731,0.6389,0.8023,24,41,11,8,0.7738,0.75,0.7885,0.7164,0.8341,23,40,12,9,0.75,0.7188,0.7692,0.6866,0.8431,20,61,2,3,0.9419,0.8696,0.9683,0.8889,0.9303,19,61,2,4,0.9302,0.8261,0.9683,0.8636,0.922,20,60,3,3,0.9302,0.8696,0.9524,0.8696,0.9358,19,60,3,4,0.9186,0.8261,0.9524,0.8444,0.9406,20,61,2,3,0.9419,0.8696,0.9683,0.8889,0.9358
25,25,53,12,9,0.7879,0.7353,0.8154,0.7042,0.8113,21,58,7,13,0.798,0.6176,0.8923,0.6774,0.8059,22,54,11,12,0.7677,0.6471,0.8308,0.6567,0.7778,25,58,7,9,0.8384,0.7353,0.8923,0.7576,0.8036,22,56,9,12,0.7879,0.6471,0.8615,0.6769,0.8226,19,69,6,8,0.8627,0.7037,0.92,0.7308,0.9037,21,66,9,6,0.8529,0.7778,0.88,0.7368,0.8815,19,68,7,8,0.8529,0.7037,0.9067,0.717,0.8499,18,68,7,9,0.8431,0.6667,0.9067,0.6923,0.8988,19,66,9,8,0.8333,0.7037,0.88,0.6909,0.8612,14,56,8,6,0.8333,0.7,0.875,0.6667,0.8063,15,50,14,5,0.7738,0.75,0.7812,0.6122,0.8648,15,46,18,5,0.7262,0.75,0.7188,0.566,0.8461,15,53,11,5,0.8095,0.75,0.8281,0.6522,0.8766,15,51,13,5,0.7857,0.75,0.7969,0.625,0.8695,21,59,1,5,0.9302,0.8077,0.9833,0.875,0.9122,21,57,3,5,0.907,0.8077,0.95,0.84,0.8583,21,55,5,5,0.8837,0.8077,0.9167,0.8077,0.9346,21,55,5,5,0.8837,0.8077,0.9167,0.8077,0.941,21,57,3,5,0.907,0.8077,0.95,0.84,0.8942
26,28,47,13,11,0.7576,0.7179,0.7833,0.7,0.8521,26,50,10,13,0.7677,0.6667,0.8333,0.6933,0.8291,25,50,10,14,0.7576,0.641,0.8333,0.6757,0.8321,28,50,10,11,0.7879,0.7179,0.8333,0.7273,0.8509,25,48,12,14,0.7374,0.641,0.8,0.6579,0.8748,23,67,6,6,0.8824,0.7931,0.9178,0.7931,0.9391,28,68,5,1,0.9412,0.9655,0.9315,0.9032,0.9565,25,69,4,4,0.9216,0.8621,0.9452,0.8621,0.9485,22,70,3,7,0.902,0.7586,0.9589,0.8148,0.9457,25,67,6,4,0.902,0.8621,0.9178,0.8333,0.9669,17,43,8,16,0.7143,0.5152,0.8431,0.5862,0.7332,17,41,10,16,0.6905,0.5152,0.8039,0.5667,0.7742,17,35,16,16,0.619,0.5152,0.6863,0.5152,0.7724,23,41,10,10,0.7619,0.697,0.8039,0.697,0.7903,17,38,13,16,0.6548,0.5152,0.7451,0.5397,0.754,20,58,5,3,0.907,0.8696,0.9206,0.8333,0.8965,14,58,5,9,0.8372,0.6087,0.9206,0.6667,0.902,20,58,5,3,0.907,0.8696,0.9206,0.8333,0.8847,14,58,5,9,0.8372,0.6087,0.9206,0.6667,0.9206,20,58,5,3,0.907,0.8696,0.9206,0.8333,0.8951
27,28,52,9,10,0.8081,0.7368,0.8525,0.7467,0.8236,25,53,8,13,0.7879,0.6579,0.8689,0.7042,0.8464,25,50,11,13,0.7576,0.6579,0.8197,0.6757,0.8231,28,53,8,10,0.8182,0.7368,0.8689,0.7568,0.8061,25,49,12,13,0.7475,0.6579,0.8033,0.6667,0.8451,21,64,7,10,0.8333,0.6774,0.9014,0.7119,0.8269,23,65,6,8,0.8627,0.7419,0.9155,0.7667,0.8155,18,65,6,13,0.8137,0.5806,0.9155,0.6545,0.8101,18,69,2,13,0.8529,0.5806,0.9718,0.7059,0.8214,18,63,8,13,0.7941,0.5806,0.8873,0.6316,0.8155,23,52,2,7,0.8929,0.7667,0.963,0.8364,0.9173,25,45,9,5,0.8333,0.8333,0.8333,0.7812,0.9377,25,43,11,5,0.8095,0.8333,0.7963,0.7576,0.913,25,46,8,5,0.8452,0.8333,0.8519,0.7937,0.9259,25,45,9,5,0.8333,0.8333,0.8333,0.7812,0.9093,16,62,4,4,0.907,0.8,0.9394,0.8,0.9076,16,61,5,4,0.8953,0.8,0.9242,0.7805,0.8955,16,60,6,4,0.8837,0.8,0.9091,0.7619,0.8811,16,60,6,4,0.8837,0.8,0.9091,0.7619,0.9098,16,61,5,4,0.8953,0.8,0.9242,0.7805,0.9114
28,25,52,15,7,0.7778,0.7812,0.7761,0.6944,0.8535,20,57,10,12,0.7778,0.625,0.8507,0.6452,0.834,23,54,13,9,0.7778,0.7188,0.806,0.6765,0.8349,25,57,10,7,0.8283,0.7812,0.8507,0.7463,0.834,23,53,14,9,0.7677,0.7188,0.791,0.6667,0.8601,22,61,9,10,0.8137,0.6875,0.8714,0.6984,0.7652,23,63,7,9,0.8431,0.7188,0.9,0.7419,0.7848,20,61,9,12,0.7941,0.625,0.8714,0.6557,0.7478,20,66,4,12,0.8431,0.625,0.9429,0.7143,0.7585,20,60,10,12,0.7843,0.625,0.8571,0.6452,0.7924,26,49,4,5,0.8929,0.8387,0.9245,0.8525,0.8935,24,44,9,7,0.8095,0.7742,0.8302,0.75,0.916,25,41,12,6,0.7857,0.8065,0.7736,0.7353,0.8831,24,43,10,7,0.7976,0.7742,0.8113,0.7385,0.9014,25,42,11,6,0.7976,0.8065,0.7925,0.7463,0.9069,21,54,6,5,0.8721,0.8077,0.9,0.7925,0.8929,21,53,7,5,0.8605,0.8077,0.8833,0.7778,0.8801,21,53,7,5,0.8605,0.8077,0.8833,0.7778,0.8718,21,53,7,5,0.8605,0.8077,0.8833,0.7778,0.9051,21,53,7,5,0.8605,0.8077,0.8833,0.7778,0.8897
29,32,52,11,4,0.8485,0.8889,0.8254,0.8101,0.9202,30,54,9,6,0.8485,0.8333,0.8571,0.8,0.9242,28,51,12,8,0.798,0.7778,0.8095,0.7368,0.8893,32,54,9,4,0.8687,0.8889,0.8571,0.8312,0.8995,28,52,11,8,0.8081,0.7778,0.8254,0.7467,0.925,27,62,3,10,0.8725,0.7297,0.9538,0.806,0.8736,30,62,3,7,0.902,0.8108,0.9538,0.8571,0.8936,26,60,5,11,0.8431,0.7027,0.9231,0.7647,0.869,25,63,2,12,0.8627,0.6757,0.9692,0.7813,0.8861,26,59,6,11,0.8333,0.7027,0.9077,0.7536,0.889,22,48,4,10,0.8333,0.6875,0.9231,0.7586,0.8936,22,49,3,10,0.8452,0.6875,0.9423,0.7719,0.9213,23,44,8,9,0.7976,0.7188,0.8462,0.7302,0.9044,23,50,2,9,0.869,0.7188,0.9615,0.807,0.9285,23,44,8,9,0.7976,0.7188,0.8462,0.7302,0.9056,16,65,2,3,0.9419,0.8421,0.9701,0.8649,0.9136,15,64,3,4,0.9186,0.7895,0.9552,0.8108,0.8861,16,62,5,3,0.907,0.8421,0.9254,0.8,0.9049,15,62,5,4,0.8953,0.7895,0.9254,0.7692,0.9262,16,64,3,3,0.9302,0.8421,0.9552,0.8421,0.9167
30,25,54,11,9,0.798,0.7353,0.8308,0.7143,0.833,23,57,8,11,0.8081,0.6765,0.8769,0.7077,0.7995,23,54,11,11,0.7778,0.6765,0.8308,0.6765,0.7919,25,57,8,9,0.8283,0.7353,0.8769,0.7463,0.8136,23,57,8,11,0.8081,0.6765,0.8769,0.7077,0.8339,18,71,5,8,0.8725,0.6923,0.9342,0.7347,0.837,18,74,2,8,0.902,0.6923,0.9737,0.7826,0.8148,16,74,2,10,0.8824,0.6154,0.9737,0.7273,0.8077,16,74,2,10,0.8824,0.6154,0.9737,0.7273,0.8269,16,72,4,10,0.8627,0.6154,0.9474,0.6957,0.8229,29,41,5,9,0.8333,0.7632,0.8913,0.8056,0.8455,29,34,12,9,0.75,0.7632,0.7391,0.7342,0.8924,29,35,11,9,0.7619,0.7632,0.7609,0.7436,0.8347,31,40,6,7,0.8452,0.8158,0.8696,0.8267,0.8856,29,39,7,9,0.8095,0.7632,0.8478,0.7838,0.8724,22,59,2,3,0.9419,0.88,0.9672,0.898,0.9521,20,58,3,5,0.907,0.8,0.9508,0.8333,0.937,22,58,3,3,0.9302,0.88,0.9508,0.88,0.9377,20,58,3,5,0.907,0.8,0.9508,0.8333,0.9521,22,58,3,3,0.9302,0.88,0.9508,0.88,0.9515
31,24,52,16,7,0.7677,0.7742,0.7647,0.6761,0.8387,21,55,13,10,0.7677,0.6774,0.8088,0.6462,0.8207,22,53,15,9,0.7576,0.7097,0.7794,0.6471,0.7974,24,55,13,7,0.798,0.7742,0.8088,0.7059,0.8259,22,52,16,9,0.7475,0.7097,0.7647,0.6377,0.8491,17,73,6,6,0.8824,0.7391,0.9241,0.7391,0.8206,18,71,8,5,0.8725,0.7826,0.8987,0.7347,0.8668,16,72,7,7,0.8627,0.6957,0.9114,0.6957,0.836,15,74,5,8,0.8725,0.6522,0.9367,0.6977,0.8597,16,71,8,7,0.8529,0.6957,0.8987,0.6809,0.8492,18,46,8,12,0.7619,0.6,0.8519,0.6429,0.8364,18,42,12,12,0.7143,0.6,0.7778,0.6,0.8037,18,40,14,12,0.6905,0.6,0.7407,0.5806,0.842,21,45,9,9,0.7857,0.7,0.8333,0.7,0.8463,18,44,10,12,0.7381,0.6,0.8148,0.6207,0.8401,21,61,3,1,0.9535,0.9545,0.9531,0.913,0.951,18,60,4,4,0.907,0.8182,0.9375,0.8182,0.9205,21,59,5,1,0.9302,0.9545,0.9219,0.875,0.9517,18,59,5,4,0.8953,0.8182,0.9219,0.8,0.956,21,60,4,1,0.9419,0.9545,0.9375,0.8936,0.9347
32,26,55,12,6,0.8182,0.8125,0.8209,0.7429,0.84,25,55,12,7,0.8081,0.7812,0.8209,0.7246,0.8521,24,55,12,8,0.798,0.75,0.8209,0.7059,0.8102,26,55,12,6,0.8182,0.8125,0.8209,0.7429,0.8365,24,53,14,8,0.7778,0.75,0.791,0.6857,0.8382,22,67,8,5,0.8725,0.8148,0.8933,0.7719,0.9506,25,67,8,2,0.902,0.9259,0.8933,0.8333,0.9427,21,67,8,6,0.8627,0.7778,0.8933,0.75,0.924,19,69,6,8,0.8627,0.7037,0.92,0.7308,0.9378,21,66,9,6,0.8529,0.7778,0.88,0.7368,0.9294,24,47,5,8,0.8452,0.75,0.9038,0.7869,0.8648,24,44,8,8,0.8095,0.75,0.8462,0.75,0.8906,25,41,11,7,0.7857,0.7812,0.7885,0.7353,0.8798,24,45,7,8,0.8214,0.75,0.8654,0.7619,0.8984,25,44,8,7,0.8214,0.7812,0.8462,0.7692,0.8978,21,59,3,3,0.9302,0.875,0.9516,0.875,0.914,21,57,5,3,0.907,0.875,0.9194,0.84,0.8864,21,57,5,3,0.907,0.875,0.9194,0.84,0.9241,21,57,5,3,0.907,0.875,0.9194,0.84,0.9395,21,57,5,3,0.907,0.875,0.9194,0.84,0.9059
33,29,46,14,10,0.7576,0.7436,0.7667,0.7073,0.7936,25,50,10,14,0.7576,0.641,0.8333,0.6757,0.7902,26,45,15,13,0.7172,0.6667,0.75,0.65,0.7641,29,50,10,10,0.798,0.7436,0.8333,0.7436,0.7923,26,46,14,13,0.7273,0.6667,0.7667,0.6582,0.8141,15,70,8,9,0.8333,0.625,0.8974,0.6383,0.7821,16,73,5,8,0.8725,0.6667,0.9359,0.7111,0.7687,15,74,4,9,0.8725,0.625,0.9487,0.6977,0.758,14,75,3,10,0.8725,0.5833,0.9615,0.6829,0.7703,15,70,8,9,0.8333,0.625,0.8974,0.6383,0.7698,23,42,7,12,0.7738,0.6571,0.8571,0.7077,0.7988,25,32,17,10,0.6786,0.7143,0.6531,0.6494,0.8122,26,31,18,9,0.6786,0.7429,0.6327,0.6582,0.7977,26,39,10,9,0.7738,0.7429,0.7959,0.7324,0.8344,26,36,13,9,0.7381,0.7429,0.7347,0.7027,0.8157,20,61,2,3,0.9419,0.8696,0.9683,0.8889,0.9434,19,60,3,4,0.9186,0.8261,0.9524,0.8444,0.9241,20,60,3,3,0.9302,0.8696,0.9524,0.8696,0.94,19,60,3,4,0.9186,0.8261,0.9524,0.8444,0.9476,20,60,3,3,0.9302,0.8696,0.9524,0.8696,0.9413
34,33,47,11,8,0.8081,0.8049,0.8103,0.7765,0.8457,30,52,6,11,0.8283,0.7317,0.8966,0.7792,0.8465,30,48,10,11,0.7879,0.7317,0.8276,0.7407,0.8318,33,52,6,8,0.8586,0.8049,0.8966,0.825,0.8427,30,49,9,11,0.798,0.7317,0.8448,0.75,0.8789,15,72,4,11,0.8529,0.5769,0.9474,0.6667,0.7773,18,73,3,8,0.8922,0.6923,0.9605,0.766,0.8472,15,71,5,11,0.8431,0.5769,0.9342,0.6522,0.7834,14,74,2,12,0.8627,0.5385,0.9737,0.6667,0.8138,15,68,8,11,0.8137,0.5769,0.8947,0.6122,0.8036,28,38,9,9,0.7857,0.7568,0.8085,0.7568,0.847,28,32,15,9,0.7143,0.7568,0.6809,0.7,0.8286,29,32,15,8,0.7262,0.7838,0.6809,0.716,0.8545,29,33,14,8,0.7381,0.7838,0.7021,0.725,0.8453,29,33,14,8,0.7381,0.7838,0.7021,0.725,0.8315,20,56,5,5,0.8837,0.8,0.918,0.8,0.8866,19,55,6,6,0.8605,0.76,0.9016,0.76,0.8721,20,55,6,5,0.8721,0.8,0.9016,0.7843,0.8675,19,55,6,6,0.8605,0.76,0.9016,0.76,0.9016,20,55,6,5,0.8721,0.8,0.9016,0.7843,0.8813
35,25,47,18,9,0.7273,0.7353,0.7231,0.6494,0.8231,20,52,13,14,0.7273,0.5882,0.8,0.597,0.8118,24,48,17,10,0.7273,0.7059,0.7385,0.64,0.8131,25,52,13,9,0.7778,0.7353,0.8,0.6944,0.8229,24,50,15,10,0.7475,0.7059,0.7692,0.6575,0.8525,13,75,3,11,0.8627,0.5417,0.9615,0.65,0.8296,17,74,4,7,0.8922,0.7083,0.9487,0.7556,0.8371,13,71,7,11,0.8235,0.5417,0.9103,0.5909,0.8248,11,74,4,13,0.8333,0.4583,0.9487,0.5641,0.844,13,70,8,11,0.8137,0.5417,0.8974,0.5778,0.8237,21,43,5,15,0.7619,0.5833,0.8958,0.6774,0.853,22,38,10,14,0.7143,0.6111,0.7917,0.6471,0.8519,23,37,11,13,0.7143,0.6389,0.7708,0.6571,0.8721,25,42,6,11,0.7976,0.6944,0.875,0.7463,0.8796,23,43,5,13,0.7857,0.6389,0.8958,0.7187,0.8744,22,60,3,1,0.9535,0.9565,0.9524,0.9167,0.9496,19,58,5,4,0.8953,0.8261,0.9206,0.8085,0.9558,22,58,5,1,0.9302,0.9565,0.9206,0.88,0.942,19,58,5,4,0.8953,0.8261,0.9206,0.8085,0.9517,22,58,5,1,0.9302,0.9565,0.9206,0.88,0.9413
36,30,50,10,9,0.8081,0.7692,0.8333,0.7595,0.8385,26,53,7,13,0.798,0.6667,0.8833,0.7222,0.8658,29,49,11,10,0.7879,0.7436,0.8167,0.7342,0.8585,30,53,7,9,0.8384,0.7692,0.8833,0.7895,0.8474,29,51,9,10,0.8081,0.7436,0.85,0.7532,0.8876,21,69,7,5,0.8824,0.8077,0.9079,0.7778,0.9266,23,70,6,3,0.9118,0.8846,0.9211,0.8364,0.9226,20,70,6,6,0.8824,0.7692,0.9211,0.7692,0.9079,19,70,6,7,0.8725,0.7308,0.9211,0.7451,0.916,20,68,8,6,0.8627,0.7692,0.8947,0.7407,0.918,27,37,8,12,0.7619,0.6923,0.8222,0.7297,0.7926,28,33,12,11,0.7262,0.7179,0.7333,0.7089,0.8393,29,31,14,10,0.7143,0.7436,0.6889,0.7073,0.8165,28,36,9,11,0.7619,0.7179,0.8,0.7368,0.833,29,33,12,10,0.7381,0.7436,0.7333,0.725,0.8234,21,56,5,4,0.8953,0.84,0.918,0.8235,0.863,21,54,7,4,0.8721,0.84,0.8852,0.7925,0.84,21,54,7,4,0.8721,0.84,0.8852,0.7925,0.8859,21,54,7,4,0.8721,0.84,0.8852,0.7925,0.9016,21,54,7,4,0.8721,0.84,0.8852,0.7925,0.8577
37,20,51,14,14,0.7172,0.5882,0.7846,0.5882,0.7389,20,58,7,14,0.7879,0.5882,0.8923,0.6557,0.7231,20,53,12,14,0.7374,0.5882,0.8154,0.6061,0.7271,20,58,7,14,0.7879,0.5882,0.8923,0.6557,0.7407,20,55,10,14,0.7576,0.5882,0.8462,0.625,0.7665,13,71,4,14,0.8235,0.4815,0.9467,0.5909,0.8202,17,72,3,10,0.8725,0.6296,0.96,0.7234,0.8479,15,70,5,12,0.8333,0.5556,0.9333,0.6383,0.801,12,72,3,15,0.8235,0.4444,0.96,0.5714,0.8474,15,68,7,12,0.8137,0.5556,0.9067,0.6122,0.8306,23,45,2,14,0.8095,0.6216,0.9574,0.7419,0.8856,23,41,6,14,0.7619,0.6216,0.8723,0.697,0.8769,23,43,4,14,0.7857,0.6216,0.9149,0.7187,0.9034,25,45,2,12,0.8333,0.6757,0.9574,0.7813,0.9086,23,44,3,14,0.7976,0.6216,0.9362,0.7302,0.9017,28,51,2,5,0.9186,0.8485,0.9623,0.8889,0.9068,26,49,4,7,0.8721,0.7879,0.9245,0.8254,0.8788,28,47,6,5,0.8721,0.8485,0.8868,0.8358,0.9108,26,47,6,7,0.8488,0.7879,0.8868,0.8,0.9308,28,49,4,5,0.8953,0.8485,0.9245,0.8615,0.9051
38,30,57,5,7,0.8788,0.8108,0.9194,0.8333,0.8901,25,59,3,12,0.8485,0.6757,0.9516,0.7692,0.8901,27,56,6,10,0.8384,0.7297,0.9032,0.7714,0.8675,30,59,3,7,0.899,0.8108,0.9516,0.8571,0.8871,27,57,5,10,0.8485,0.7297,0.9194,0.7826,0.9037,20,67,7,8,0.8529,0.7143,0.9054,0.7273,0.8181,21,67,7,7,0.8627,0.75,0.9054,0.75,0.8137,20,64,10,8,0.8235,0.7143,0.8649,0.6897,0.791,20,69,5,8,0.8725,0.7143,0.9324,0.7547,0.8084,20,63,11,8,0.8137,0.7143,0.8514,0.678,0.8031,18,50,6,10,0.8095,0.6429,0.8929,0.6923,0.7953,18,43,13,10,0.7262,0.6429,0.7679,0.6102,0.8482,21,39,17,7,0.7143,0.75,0.6964,0.6364,0.7902,20,43,13,8,0.75,0.7143,0.7679,0.6557,0.8157,21,41,15,7,0.7381,0.75,0.7321,0.6562,0.8144,31,46,5,4,0.8953,0.8857,0.902,0.8732,0.9266,29,45,6,6,0.8605,0.8286,0.8824,0.8286,0.9188,31,43,8,4,0.8605,0.8857,0.8431,0.8378,0.9143,29,43,8,6,0.8372,0.8286,0.8431,0.8056,0.9361,31,45,6,4,0.8837,0.8857,0.8824,0.8611,0.9126
39,25,57,13,4,0.8283,0.8621,0.8143,0.7463,0.8793,22,58,12,7,0.8081,0.7586,0.8286,0.6984,0.8729,23,57,13,6,0.8081,0.7931,0.8143,0.7077,0.8655,25,58,12,4,0.8384,0.8621,0.8286,0.7576,0.8463,23,58,12,6,0.8182,0.7931,0.8286,0.7188,0.8995,20,73,6,3,0.9118,0.8696,0.9241,0.8163,0.9163,21,75,4,2,0.9412,0.913,0.9494,0.875,0.9158,20,73,6,3,0.9118,0.8696,0.9241,0.8163,0.8932,20,75,4,3,0.9314,0.8696,0.9494,0.8511,0.9191,20,72,7,3,0.902,0.8696,0.9114,0.8,0.9119,23,46,6,9,0.8214,0.7188,0.8846,0.7541,0.8546,23,42,10,9,0.7738,0.7188,0.8077,0.7077,0.8864,24,39,13,8,0.75,0.75,0.75,0.6957,0.8666,23,47,5,9,0.8333,0.7188,0.9038,0.7667,0.8924,24,45,7,8,0.8214,0.75,0.8654,0.7619,0.8696,22,59,5,0,0.9419,1.0,0.9219,0.898,0.9695,22,58,6,0,0.9302,1.0,0.9062,0.88,0.956,22,58,6,0,0.9302,1.0,0.9062,0.88,0.9631,22,58,6,0,0.9302,1.0,0.9062,0.88,0.9418,22,58,6,0,0.9302,1.0,0.9062,0.88,0.9538
40,31,54,7,7,0.8586,0.8158,0.8852,0.8158,0.909,26,56,5,12,0.8283,0.6842,0.918,0.7536,0.8943,30,54,7,8,0.8485,0.7895,0.8852,0.8,0.8995,31,56,5,7,0.8788,0.8158,0.918,0.8378,0.9047,30,54,7,8,0.8485,0.7895,0.8852,0.8,0.9258,16,77,3,6,0.9118,0.7273,0.9625,0.7805,0.8534,18,76,4,4,0.9216,0.8182,0.95,0.8182,0.8869,15,77,3,7,0.902,0.6818,0.9625,0.75,0.846,15,78,2,7,0.9118,0.6818,0.975,0.7692,0.8852,15,73,7,7,0.8627,0.6818,0.9125,0.6818,0.8568,22,44,7,11,0.7857,0.6667,0.8627,0.7097,0.8111,23,38,13,10,0.7262,0.697,0.7451,0.6667,0.8485,23,36,15,10,0.7024,0.697,0.7059,0.6479,0.8075,27,40,11,6,0.7976,0.8182,0.7843,0.7606,0.8532,23,39,12,10,0.7381,0.697,0.7647,0.6765,0.8443,19,60,2,5,0.9186,0.7917,0.9677,0.8444,0.9402,16,59,3,8,0.8721,0.6667,0.9516,0.7442,0.9335,19,59,3,5,0.907,0.7917,0.9516,0.8261,0.9133,16,59,3,8,0.8721,0.6667,0.9516,0.7442,0.9409,19,59,3,5,0.907,0.7917,0.9516,0.8261,0.9503
41,31,49,11,8,0.8081,0.7949,0.8167,0.7654,0.8756,29,52,8,10,0.8182,0.7436,0.8667,0.7632,0.8902,28,49,11,11,0.7778,0.7179,0.8167,0.7179,0.862,31,52,8,8,0.8384,0.7949,0.8667,0.7949,0.8641,28,50,10,11,0.7879,0.7179,0.8333,0.7273,0.8838,27,63,6,6,0.8824,0.8182,0.913,0.8182,0.9029,27,66,3,6,0.9118,0.8182,0.9565,0.8571,0.8924,25,61,8,8,0.8431,0.7576,0.8841,0.7576,0.8643,25,67,2,8,0.902,0.7576,0.971,0.8333,0.8937,25,58,11,8,0.8137,0.7576,0.8406,0.7246,0.8748,18,51,6,9,0.8214,0.6667,0.8947,0.7059,0.8415,17,44,13,10,0.7262,0.6296,0.7719,0.5965,0.8694,18,43,14,9,0.7262,0.6667,0.7544,0.6102,0.8415,18,48,9,9,0.7857,0.6667,0.8421,0.6667,0.8772,18,47,10,9,0.7738,0.6667,0.8246,0.6545,0.8538,25,54,4,3,0.9186,0.8929,0.931,0.8772,0.9372,23,53,5,5,0.8837,0.8214,0.9138,0.8214,0.9193,25,52,6,3,0.8953,0.8929,0.8966,0.8475,0.9249,23,52,6,5,0.8721,0.8214,0.8966,0.807,0.9335,25,53,5,3,0.907,0.8929,0.9138,0.8621,0.9267
42,22,53,12,12,0.7576,0.6471,0.8154,0.6471,0.7932,19,58,7,15,0.7778,0.5588,0.8923,0.6333,0.7833,22,54,11,12,0.7677,0.6471,0.8308,0.6567,0.7896,22,58,7,12,0.8081,0.6471,0.8923,0.6984,0.767,22,57,8,12,0.798,0.6471,0.8769,0.6875,0.8054,18,71,5,8,0.8725,0.6923,0.9342,0.7347,0.8234,21,71,5,5,0.902,0.8077,0.9342,0.8077,0.8603,18,66,10,8,0.8235,0.6923,0.8684,0.6667,0.8229,17,72,4,9,0.8725,0.6538,0.9474,0.7234,0.8462,18,66,10,8,0.8235,0.6923,0.8684,0.6667,0.835,20,49,2,13,0.8214,0.6061,0.9608,0.7273,0.8562,23,45,6,10,0.8095,0.697,0.8824,0.7419,0.8788,23,45,6,10,0.8095,0.697,0.8824,0.7419,0.8687,23,46,5,10,0.8214,0.697,0.902,0.7541,0.8853,23,45,6,10,0.8095,0.697,0.8824,0.7419,0.8829,17,63,3,3,0.9302,0.85,0.9545,0.85,0.9485,17,62,4,3,0.9186,0.85,0.9394,0.8293,0.9364,17,60,6,3,0.8953,0.85,0.9091,0.7907,0.9265,17,60,6,3,0.8953,0.85,0.9091,0.7907,0.9348,17,62,4,3,0.9186,0.85,0.9394,0.8293,0.9515
43,31,52,6,10,0.8384,0.7561,0.8966,0.7949,0.9058,29,54,4,12,0.8384,0.7073,0.931,0.7838,0.9054,28,51,7,13,0.798,0.6829,0.8793,0.7368,0.8827,31,54,4,10,0.8586,0.7561,0.931,0.8158,0.8707,28,53,5,13,0.8182,0.6829,0.9138,0.7568,0.91,25,64,4,9,0.8725,0.7353,0.9412,0.7937,0.8824,28,65,3,6,0.9118,0.8235,0.9559,0.8615,0.8997,26,62,6,8,0.8627,0.7647,0.9118,0.7879,0.872,24,66,2,10,0.8824,0.7059,0.9706,0.8,0.8815,26,61,7,8,0.8529,0.7647,0.8971,0.7761,0.8728,19,41,9,15,0.7143,0.5588,0.82,0.6129,0.7571,20,38,12,14,0.6905,0.5882,0.76,0.6061,0.7629,23,32,18,11,0.6548,0.6765,0.64,0.6133,0.7576,20,38,12,14,0.6905,0.5882,0.76,0.6061,0.7653,23,35,15,11,0.6905,0.6765,0.7,0.6389,0.7665,38,44,3,1,0.9535,0.9744,0.9362,0.95,0.9684,38,44,3,1,0.9535,0.9744,0.9362,0.95,0.9716,38,44,3,1,0.9535,0.9744,0.9362,0.95,0.9744,38,44,3,1,0.9535,0.9744,0.9362,0.95,0.97,38,44,3,1,0.9535,0.9744,0.9362,0.95,0.9694
44,20,63,7,9,0.8384,0.6897,0.9,0.7143,0.799,17,64,6,12,0.8182,0.5862,0.9143,0.6538,0.8498,18,62,8,11,0.8081,0.6207,0.8857,0.6545,0.8158,20,64,6,9,0.8485,0.6897,0.9143,0.7273,0.7736,18,63,7,11,0.8182,0.6207,0.9,0.6667,0.8488,22,71,4,5,0.9118,0.8148,0.9467,0.8302,0.8904,23,71,4,4,0.9216,0.8519,0.9467,0.8519,0.9585,21,70,5,6,0.8922,0.7778,0.9333,0.7925,0.9249,20,72,3,7,0.902,0.7407,0.96,0.8,0.9289,21,67,8,6,0.8627,0.7778,0.8933,0.75,0.9427,19,52,5,8,0.8452,0.7037,0.9123,0.7451,0.8434,19,45,12,8,0.7619,0.7037,0.7895,0.6552,0.8811,22,42,15,5,0.7619,0.8148,0.7368,0.6875,0.8583,19,47,10,8,0.7857,0.7037,0.8246,0.6786,0.8674,22,45,12,5,0.7976,0.8148,0.7895,0.7213,0.8856,22,54,8,2,0.8837,0.9167,0.871,0.8148,0.8958,22,53,9,2,0.8721,0.9167,0.8548,0.8,0.9012,22,52,10,2,0.8605,0.9167,0.8387,0.7857,0.9133,22,52,10,2,0.8605,0.9167,0.8387,0.7857,0.9073,22,53,9,2,0.8721,0.9167,0.8548,0.8,0.8864
45,31,50,11,7,0.8182,0.8158,0.8197,0.775,0.8896,24,54,7,14,0.7879,0.6316,0.8852,0.6957,0.8921,27,48,13,11,0.7576,0.7105,0.7869,0.6923,0.8654,31,54,7,7,0.8586,0.8158,0.8852,0.8158,0.8893,27,52,9,11,0.798,0.7105,0.8525,0.7297,0.8991,16,70,8,8,0.8431,0.6667,0.8974,0.6667,0.8333,19,68,10,5,0.8529,0.7917,0.8718,0.717,0.8531,13,69,9,11,0.8039,0.5417,0.8846,0.5652,0.8034,10,69,9,14,0.7745,0.4167,0.8846,0.4651,0.8243,13,65,13,11,0.7647,0.5417,0.8333,0.52,0.8419,23,40,8,13,0.75,0.6389,0.8333,0.6866,0.761,23,37,11,13,0.7143,0.6389,0.7708,0.6571,0.8183,24,36,12,12,0.7143,0.6667,0.75,0.6667,0.7969,23,41,7,13,0.7619,0.6389,0.8542,0.697,0.809,24,41,7,12,0.7738,0.6667,0.8542,0.7164,0.8368,21,60,3,2,0.9419,0.913,0.9524,0.8936,0.9655,21,57,6,2,0.907,0.913,0.9048,0.84,0.9607,21,56,7,2,0.8953,0.913,0.8889,0.8235,0.9455,21,56,7,2,0.8953,0.913,0.8889,0.8235,0.9503,21,57,6,2,0.907,0.913,0.9048,0.84,0.96
46,32,50,9,8,0.8283,0.8,0.8475,0.7901,0.878,29,53,6,11,0.8283,0.725,0.8983,0.7733,0.878,31,50,9,9,0.8182,0.775,0.8475,0.775,0.864,32,53,6,8,0.8586,0.8,0.8983,0.8205,0.8659,31,50,9,9,0.8182,0.775,0.8475,0.775,0.8924,20,68,7,7,0.8627,0.7407,0.9067,0.7407,0.8691,22,72,3,5,0.9216,0.8148,0.96,0.8462,0.8756,20,69,6,7,0.8725,0.7407,0.92,0.7547,0.8479,18,73,2,9,0.8922,0.6667,0.9733,0.766,0.8657,20,69,6,7,0.8725,0.7407,0.92,0.7547,0.8647,20,44,7,13,0.7619,0.6061,0.8627,0.6667,0.8134,22,37,14,11,0.7024,0.6667,0.7255,0.6377,0.7974,24,36,15,9,0.7143,0.7273,0.7059,0.6667,0.8033,23,39,12,10,0.7381,0.697,0.7647,0.6765,0.8188,24,36,15,9,0.7143,0.7273,0.7059,0.6667,0.8182,21,55,5,5,0.8837,0.8077,0.9167,0.8077,0.8641,20,52,8,6,0.8372,0.7692,0.8667,0.7407,0.8346,21,52,8,5,0.8488,0.8077,0.8667,0.7636,0.8654,20,52,8,6,0.8372,0.7692,0.8667,0.7407,0.8872,21,52,8,5,0.8488,0.8077,0.8667,0.7636,0.8487
47,24,52,13,10,0.7677,0.7059,0.8,0.6761,0.7566,21,56,9,13,0.7778,0.6176,0.8615,0.6562,0.7846,23,52,13,11,0.7576,0.6765,0.8,0.6571,0.7683,24,56,9,10,0.8081,0.7059,0.8615,0.7164,0.7597,23,55,10,11,0.7879,0.6765,0.8462,0.6866,0.8149,19,71,3,9,0.8824,0.6786,0.9595,0.76,0.8523,21,72,2,7,0.9118,0.75,0.973,0.8235,0.8465,17,72,2,11,0.8725,0.6071,0.973,0.7234,0.8349,16,72,2,12,0.8627,0.5714,0.973,0.6957,0.8542,17,71,3,11,0.8627,0.6071,0.9595,0.7083,0.8514,14,55,8,7,0.8214,0.6667,0.873,0.6512,0.7929,14,49,14,7,0.75,0.6667,0.7778,0.5714,0.8156,16,43,20,5,0.7024,0.7619,0.6825,0.5614,0.802,14,53,10,7,0.7976,0.6667,0.8413,0.6222,0.8284,16,48,15,5,0.7619,0.7619,0.7619,0.6154,0.7952,25,51,8,2,0.8837,0.9259,0.8644,0.8333,0.9096,25,51,8,2,0.8837,0.9259,0.8644,0.8333,0.9247,25,50,9,2,0.8721,0.9259,0.8475,0.8197,0.9096,25,50,9,2,0.8721,0.9259,0.8475,0.8197,0.9272,25,51,8,2,0.8837,0.9259,0.8644,0.8333,0.8914
48,33,43,11,12,0.7677,0.7333,0.7963,0.7416,0.8181,30,44,10,15,0.7475,0.6667,0.8148,0.7059,0.8551,32,43,11,13,0.7576,0.7111,0.7963,0.7273,0.7947,33,44,10,12,0.7778,0.7333,0.8148,0.75,0.7973,32,44,10,13,0.7677,0.7111,0.8148,0.7356,0.8416,18,69,7,8,0.8529,0.6923,0.9079,0.7059,0.8877,21,69,7,5,0.8824,0.8077,0.9079,0.7778,0.8912,19,66,10,7,0.8333,0.7308,0.8684,0.6909,0.8654,16,69,7,10,0.8333,0.6154,0.9079,0.6531,0.8806,19,62,14,7,0.7941,0.7308,0.8158,0.6441,0.8623,21,41,9,13,0.7381,0.6176,0.82,0.6562,0.8176,19,36,14,15,0.6548,0.5588,0.72,0.5672,0.7959,22,32,18,12,0.6429,0.6471,0.64,0.5946,0.7859,21,40,10,13,0.7262,0.6176,0.8,0.6462,0.8324,22,37,13,12,0.7024,0.6471,0.74,0.6377,0.8112,21,54,6,5,0.8721,0.8077,0.9,0.7925,0.8673,20,51,9,6,0.8256,0.7692,0.85,0.7273,0.8468,21,51,9,5,0.8372,0.8077,0.85,0.75,0.8769,20,51,9,6,0.8256,0.7692,0.85,0.7273,0.9064,21,51,9,5,0.8372,0.8077,0.85,0.75,0.8667
49,23,54,13,9,0.7778,0.7188,0.806,0.6765,0.8116,20,59,8,12,0.798,0.625,0.8806,0.6667,0.8382,19,54,13,13,0.7374,0.5938,0.806,0.5938,0.7868,23,59,8,9,0.8283,0.7188,0.8806,0.7302,0.7997,19,57,10,13,0.7677,0.5938,0.8507,0.623,0.8424,15,72,4,11,0.8529,0.5769,0.9474,0.6667,0.8345,19,73,3,7,0.902,0.7308,0.9605,0.7917,0.8613,14,72,4,12,0.8431,0.5385,0.9474,0.6364,0.8198,13,73,3,13,0.8431,0.5,0.9605,0.619,0.8386,14,70,6,12,0.8235,0.5385,0.9211,0.6087,0.835,23,52,4,5,0.8929,0.8214,0.9286,0.8364,0.9222,24,43,13,4,0.7976,0.8571,0.7679,0.7385,0.9222,25,42,14,3,0.7976,0.8929,0.75,0.7463,0.9063,24,47,9,4,0.8452,0.8571,0.8393,0.7869,0.9235,25,45,11,3,0.8333,0.8929,0.8036,0.7812,0.919,24,53,6,3,0.8953,0.8889,0.8983,0.8421,0.8914,23,52,7,4,0.8721,0.8519,0.8814,0.807,0.877,24,52,7,3,0.8837,0.8889,0.8814,0.8276,0.9146,23,52,7,4,0.8721,0.8519,0.8814,0.807,0.9153,24,52,7,3,0.8837,0.8889,0.8814,0.8276,0.8826
50,16,63,10,10,0.798,0.6154,0.863,0.6154,0.7771,15,67,6,11,0.8283,0.5769,0.9178,0.6383,0.785,15,64,9,11,0.798,0.5769,0.8767,0.6,0.7471,16,67,6,10,0.8384,0.6154,0.9178,0.6667,0.7537,15,63,10,11,0.7879,0.5769,0.863,0.5882,0.7829,16,68,7,11,0.8235,0.5926,0.9067,0.64,0.8123,18,69,6,9,0.8529,0.6667,0.92,0.7059,0.796,16,68,7,11,0.8235,0.5926,0.9067,0.64,0.7758,15,72,3,12,0.8529,0.5556,0.96,0.6667,0.8049,16,68,7,11,0.8235,0.5926,0.9067,0.64,0.7807,19,44,7,14,0.75,0.5758,0.8627,0.6441,0.7487,19,42,9,14,0.7262,0.5758,0.8235,0.623,0.82,20,37,14,13,0.6786,0.6061,0.7255,0.597,0.773,20,43,8,13,0.75,0.6061,0.8431,0.6557,0.8158,20,39,12,13,0.7024,0.6061,0.7647,0.6154,0.7938,23,59,1,3,0.9535,0.8846,0.9833,0.92,0.9186,23,58,2,3,0.9419,0.8846,0.9667,0.902,0.8994,23,57,3,3,0.9302,0.8846,0.95,0.8846,0.9244,23,57,3,3,0.9302,0.8846,0.95,0.8846,0.9487,23,58,2,3,0.9419,0.8846,0.9667,0.902,0.9115
51,30,47,12,10,0.7778,0.75,0.7966,0.7317,0.797,25,53,6,15,0.7879,0.625,0.8983,0.7042,0.8085,26,49,10,14,0.7576,0.65,0.8305,0.6842,0.7869,30,53,6,10,0.8384,0.75,0.8983,0.7895,0.7843,26,52,7,14,0.7879,0.65,0.8814,0.7123,0.8403,16,74,4,8,0.8824,0.6667,0.9487,0.7273,0.8707,18,72,6,6,0.8824,0.75,0.9231,0.75,0.8985,15,71,7,9,0.8431,0.625,0.9103,0.6522,0.8456,15,72,6,9,0.8529,0.625,0.9231,0.6667,0.8841,15,68,10,9,0.8137,0.625,0.8718,0.6122,0.8622,23,47,5,9,0.8333,0.7188,0.9038,0.7667,0.8822,24,41,11,8,0.7738,0.75,0.7885,0.7164,0.8846,24,38,14,8,0.7381,0.75,0.7308,0.6857,0.854,25,43,9,7,0.8095,0.7812,0.8269,0.7576,0.8774,24,44,8,8,0.8095,0.75,0.8462,0.75,0.872,21,54,7,4,0.8721,0.84,0.8852,0.7925,0.8787,19,54,7,6,0.8488,0.76,0.8852,0.7451,0.8774,21,53,8,4,0.8605,0.84,0.8689,0.7778,0.8997,19,53,8,6,0.8372,0.76,0.8689,0.7308,0.9108,21,54,7,4,0.8721,0.84,0.8852,0.7925,0.8767
52,26,54,7,12,0.8081,0.6842,0.8852,0.7324,0.8624,23,57,4,15,0.8081,0.6053,0.9344,0.7077,0.8727,24,53,8,14,0.7778,0.6316,0.8689,0.6857,0.8279,26,57,4,12,0.8384,0.6842,0.9344,0.7647,0.8516,24,55,6,14,0.798,0.6316,0.9016,0.7059,0.8693,16,70,5,11,0.8431,0.5926,0.9333,0.6667,0.8035,18,69,6,9,0.8529,0.6667,0.92,0.7059,0.7654,13,68,7,14,0.7941,0.4815,0.9067,0.5532,0.7486,13,70,5,14,0.8137,0.4815,0.9333,0.5778,0.763,13,64,11,14,0.7549,0.4815,0.8533,0.5098,0.7491,25,46,4,9,0.8452,0.7353,0.92,0.7937,0.9235,23,41,9,11,0.7619,0.6765,0.82,0.697,0.9035,25,43,7,9,0.8095,0.7353,0.86,0.7576,0.9135,25,45,5,9,0.8333,0.7353,0.9,0.7812,0.9235,25,44,6,9,0.8214,0.7353,0.88,0.7692,0.9171,20,61,3,2,0.9419,0.9091,0.9531,0.8889,0.9048,18,59,5,4,0.8953,0.8182,0.9219,0.8,0.8913,20,58,6,2,0.907,0.9091,0.9062,0.8333,0.9027,18,58,6,4,0.8837,0.8182,0.9062,0.7826,0.9247,20,59,5,2,0.9186,0.9091,0.9219,0.8511,0.9062
53,18,60,7,14,0.7879,0.5625,0.8955,0.6316,0.8493,16,63,4,16,0.798,0.5,0.9403,0.6154,0.8778,18,60,7,14,0.7879,0.5625,0.8955,0.6316,0.8307,18,63,4,14,0.8182,0.5625,0.9403,0.6667,0.8337,18,61,6,14,0.798,0.5625,0.9104,0.6429,0.8675,12,74,3,13,0.8431,0.48,0.961,0.6,0.734,14,75,2,11,0.8725,0.56,0.974,0.6829,0.801,13,72,5,12,0.8333,0.52,0.9351,0.6047,0.7787,11,76,1,14,0.8529,0.44,0.987,0.5946,0.7751,13,72,5,12,0.8333,0.52,0.9351,0.6047,0.8031,22,47,6,9,0.8214,0.7097,0.8868,0.7458,0.8484,18,47,6,13,0.7738,0.5806,0.8868,0.6545,0.8369,21,41,12,10,0.7381,0.6774,0.7736,0.6562,0.8363,18,47,6,13,0.7738,0.5806,0.8868,0.6545,0.8558,21,42,11,10,0.75,0.6774,0.7925,0.6667,0.8582,20,59,4,3,0.9186,0.8696,0.9365,0.8511,0.9075,20,59,4,3,0.9186,0.8696,0.9365,0.8511,0.9117,20,57,6,3,0.8953,0.8696,0.9048,0.8163,0.8882,20,57,6,3,0.8953,0.8696,0.9048,0.8163,0.9144,20,59,4,3,0.9186,0.8696,0.9365,0.8511,0.9103
54,30,54,8,7,0.8485,0.8108,0.871,0.8,0.8963,28,57,5,9,0.8586,0.7568,0.9194,0.8,0.9045,28,52,10,9,0.8081,0.7568,0.8387,0.7467,0.8797,30,57,5,7,0.8788,0.8108,0.9194,0.8333,0.8867,28,57,5,9,0.8586,0.7568,0.9194,0.8,0.9111,16,74,6,6,0.8824,0.7273,0.925,0.7273,0.8625,17,76,4,5,0.9118,0.7727,0.95,0.7907,0.8557,17,75,5,5,0.902,0.7727,0.9375,0.7727,0.8608,16,76,4,6,0.902,0.7273,0.95,0.7619,0.8523,17,74,6,5,0.8922,0.7727,0.925,0.7556,0.8284,26,40,5,13,0.7857,0.6667,0.8889,0.7429,0.8661,28,36,9,11,0.7619,0.7179,0.8,0.7368,0.8991,31,34,11,8,0.7738,0.7949,0.7556,0.7654,0.898,29,38,7,10,0.7976,0.7436,0.8444,0.7733,0.9214,31,36,9,8,0.7976,0.7949,0.8,0.7848,0.9037,22,59,5,0,0.9419,1.0,0.9219,0.898,0.9616,21,58,6,1,0.9186,0.9545,0.9062,0.8571,0.9588,22,57,7,0,0.9186,1.0,0.8906,0.8627,0.9716,21,57,7,1,0.907,0.9545,0.8906,0.84,0.9609,22,58,6,0,0.9302,1.0,0.9062,0.88,0.9553
55,22,58,10,9,0.8081,0.7097,0.8529,0.6984,0.8738,21,61,7,10,0.8283,0.6774,0.8971,0.7119,0.889,21,56,12,10,0.7778,0.6774,0.8235,0.6562,0.8463,22,61,7,9,0.8384,0.7097,0.8971,0.7333,0.8596,21,58,10,10,0.798,0.6774,0.8529,0.6774,0.8714,18,71,4,9,0.8725,0.6667,0.9467,0.7347,0.8612,21,71,4,6,0.902,0.7778,0.9467,0.8077,0.9279,18,69,6,9,0.8529,0.6667,0.92,0.7059,0.8854,16,71,4,11,0.8529,0.5926,0.9467,0.6809,0.9126,18,66,9,9,0.8235,0.6667,0.88,0.6667,0.9062,27,37,7,13,0.7619,0.675,0.8409,0.7297,0.8239,25,36,8,15,0.7262,0.625,0.8182,0.6849,0.8244,27,32,12,13,0.7024,0.675,0.7273,0.6835,0.8017,26,38,6,14,0.7619,0.65,0.8636,0.7222,0.829,27,35,9,13,0.7381,0.675,0.7955,0.7105,0.8375,28,54,4,0,0.9535,1.0,0.931,0.9333,0.9661,27,54,4,1,0.9419,0.9643,0.931,0.9153,0.976,28,54,4,0,0.9535,1.0,0.931,0.9333,0.9754,27,54,4,1,0.9419,0.9643,0.931,0.9153,0.9698,28,54,4,0,0.9535,1.0,0.931,0.9333,0.9624
56,21,54,18,6,0.7576,0.7778,0.75,0.6364,0.8369,19,62,10,8,0.8182,0.7037,0.8611,0.6786,0.8421,18,54,18,9,0.7273,0.6667,0.75,0.5714,0.8133,21,62,10,6,0.8384,0.7778,0.8611,0.7241,0.8426,18,55,17,9,0.7374,0.6667,0.7639,0.5806,0.838,25,64,5,8,0.8725,0.7576,0.9275,0.7937,0.8718,26,63,6,7,0.8725,0.7879,0.913,0.8,0.8827,24,62,7,9,0.8431,0.7273,0.8986,0.75,0.8748,23,65,4,10,0.8627,0.697,0.942,0.7667,0.8814,24,61,8,9,0.8333,0.7273,0.8841,0.7385,0.8924,26,46,5,7,0.8571,0.7879,0.902,0.8125,0.8307,25,46,5,8,0.8452,0.7576,0.902,0.7937,0.8978,25,44,7,8,0.8214,0.7576,0.8627,0.7692,0.8461,25,47,4,8,0.8571,0.7576,0.9216,0.8065,0.8728,25,46,5,8,0.8452,0.7576,0.902,0.7937,0.902,18,59,5,4,0.8953,0.8182,0.9219,0.8,0.8764,18,59,5,4,0.8953,0.8182,0.9219,0.8,0.8594,18,58,6,4,0.8837,0.8182,0.9062,0.7826,0.8892,18,58,6,4,0.8837,0.8182,0.9062,0.7826,0.9176,18,59,5,4,0.8953,0.8182,0.9219,0.8,0.8707
57,32,48,9,10,0.8081,0.7619,0.8421,0.7711,0.8363,29,50,7,13,0.798,0.6905,0.8772,0.7436,0.8672,30,49,8,12,0.798,0.7143,0.8596,0.75,0.835,32,50,7,10,0.8283,0.7619,0.8772,0.7901,0.8212,30,48,9,12,0.7879,0.7143,0.8421,0.7407,0.8496,19,69,5,9,0.8627,0.6786,0.9324,0.7308,0.8345,21,68,6,7,0.8725,0.75,0.9189,0.7636,0.8586,17,66,8,11,0.8137,0.6071,0.8919,0.6415,0.8388,16,70,4,12,0.8431,0.5714,0.9459,0.6667,0.8591,17,66,8,11,0.8137,0.6071,0.8919,0.6415,0.8557,20,46,8,10,0.7857,0.6667,0.8519,0.6897,0.8315,21,43,11,9,0.7619,0.7,0.7963,0.6774,0.8469,27,41,13,3,0.8095,0.9,0.7593,0.7714,0.8623,22,44,10,8,0.7857,0.7333,0.8148,0.7097,0.8426,27,42,12,3,0.8214,0.9,0.7778,0.7826,0.8623,27,49,6,4,0.8837,0.871,0.8909,0.8438,0.8768,26,48,7,5,0.8605,0.8387,0.8727,0.8125,0.8575,27,47,8,4,0.8605,0.871,0.8545,0.8182,0.8938,26,47,8,5,0.8488,0.8387,0.8545,0.8,0.9103,27,48,7,4,0.8721,0.871,0.8727,0.8308,0.8516
58,21,57,14,7,0.7879,0.75,0.8028,0.6667,0.8028,19,63,8,9,0.8283,0.6786,0.8873,0.6909,0.8179,19,57,14,9,0.7677,0.6786,0.8028,0.623,0.7918,21,63,8,7,0.8485,0.75,0.8873,0.7368,0.7709,19,61,10,9,0.8081,0.6786,0.8592,0.6667,0.8194,23,68,5,6,0.8922,0.7931,0.9315,0.807,0.8767,24,71,2,5,0.9314,0.8276,0.9726,0.8727,0.9343,20,67,6,9,0.8529,0.6897,0.9178,0.7273,0.8829,20,71,2,9,0.8922,0.6897,0.9726,0.7843,0.9008,20,65,8,9,0.8333,0.6897,0.8904,0.7018,0.906,23,49,5,7,0.8571,0.7667,0.9074,0.7931,0.8105,23,41,13,7,0.7619,0.7667,0.7593,0.697,0.8716,23,38,16,7,0.7262,0.7667,0.7037,0.6667,0.7938,24,41,13,6,0.7738,0.8,0.7593,0.7164,0.8321,23,40,14,7,0.75,0.7667,0.7407,0.6866,0.8241,19,60,7,0,0.9186,1.0,0.8955,0.8444,0.9419,18,60,7,1,0.907,0.9474,0.8955,0.8182,0.9592,19,60,7,0,0.9186,1.0,0.8955,0.8444,0.9592,18,60,7,1,0.907,0.9474,0.8955,0.8182,0.9537,19,60,7,0,0.9186,1.0,0.8955,0.8444,0.9434
59,34,48,11,6,0.8283,0.85,0.8136,0.8,0.8949,28,52,7,12,0.8081,0.7,0.8814,0.7467,0.8907,31,49,10,9,0.8081,0.775,0.8305,0.7654,0.8843,34,52,7,6,0.8687,0.85,0.8814,0.8395,0.9004,31,50,9,9,0.8182,0.775,0.8475,0.775,0.9195,24,64,7,7,0.8627,0.7742,0.9014,0.7742,0.9014,27,65,6,4,0.902,0.871,0.9155,0.8438,0.8973,24,65,6,7,0.8725,0.7742,0.9155,0.7869,0.8864,22,66,5,9,0.8627,0.7097,0.9296,0.7586,0.89,24,62,9,7,0.8431,0.7742,0.8732,0.75,0.8887,20,43,7,14,0.75,0.5882,0.86,0.6557,0.7665,21,38,12,13,0.7024,0.6176,0.76,0.6269,0.8053,23,37,13,11,0.7143,0.6765,0.74,0.6571,0.7747,22,41,9,12,0.75,0.6471,0.82,0.6769,0.7829,23,41,9,11,0.7619,0.6765,0.82,0.697,0.8071,18,65,1,2,0.9651,0.9,0.9848,0.9231,0.9773,17,65,1,3,0.9535,0.85,0.9848,0.8947,0.9871,18,64,2,2,0.9535,0.9,0.9697,0.9,0.9583,17,64,2,3,0.9419,0.85,0.9697,0.8718,0.9803,18,65,1,2,0.9651,0.9,0.9848,0.9231,0.9803
60,21,55,12,11,0.7677,0.6562,0.8209,0.6462,0.7943,18,58,9,14,0.7677,0.5625,0.8657,0.6102,0.778,21,55,12,11,0.7677,0.6562,0.8209,0.6462,0.7948,21,58,9,11,0.798,0.6562,0.8657,0.6774,0.7565,21,55,12,11,0.7677,0.6562,0.8209,0.6462,0.8064,18,70,6,8,0.8627,0.6923,0.9211,0.72,0.8325,20,73,3,6,0.9118,0.7692,0.9605,0.8163,0.8639,14,72,4,12,0.8431,0.5385,0.9474,0.6364,0.8198,14,75,1,12,0.8725,0.5385,0.9868,0.6829,0.8502,14,72,4,12,0.8431,0.5385,0.9474,0.6364,0.837,24,46,8,6,0.8333,0.8,0.8519,0.7742,0.8506,23,41,13,7,0.7619,0.7667,0.7593,0.697,0.8772,24,36,18,6,0.7143,0.8,0.6667,0.6667,0.8506,24,42,12,6,0.7857,0.8,0.7778,0.7273,0.8636,24,39,15,6,0.75,0.8,0.7222,0.6957,0.8475,22,53,7,4,0.8721,0.8462,0.8833,0.8,0.909,21,53,7,5,0.8605,0.8077,0.8833,0.7778,0.8917,22,52,8,4,0.8605,0.8462,0.8667,0.7857,0.8878,21,52,8,5,0.8488,0.8077,0.8667,0.7636,0.9173,22,53,7,4,0.8721,0.8462,0.8833,0.8,0.8872
61,29,46,15,9,0.7576,0.7632,0.7541,0.7073,0.8007,26,49,12,12,0.7576,0.6842,0.8033,0.6842,0.8171,26,44,17,12,0.7071,0.6842,0.7213,0.642,0.7683,29,49,12,9,0.7879,0.7632,0.8033,0.7342,0.7925,26,46,15,12,0.7273,0.6842,0.7541,0.6582,0.8309,25,68,1,8,0.9118,0.7576,0.9855,0.8475,0.9065,28,65,4,5,0.9118,0.8485,0.942,0.8615,0.9126,24,65,4,9,0.8725,0.7273,0.942,0.7869,0.8863,23,66,3,10,0.8725,0.697,0.9565,0.7797,0.9117,24,62,7,9,0.8431,0.7273,0.8986,0.75,0.8959,24,49,4,7,0.869,0.7742,0.9245,0.8136,0.8673,23,42,11,8,0.7738,0.7419,0.7925,0.7077,0.8844,24,41,12,7,0.7738,0.7742,0.7736,0.7164,0.8825,24,44,9,7,0.8095,0.7742,0.8302,0.75,0.8953,24,44,9,7,0.8095,0.7742,0.8302,0.75,0.8923,18,59,8,1,0.8953,0.9474,0.8806,0.8,0.9152,17,59,8,2,0.8837,0.8947,0.8806,0.7727,0.8955,18,57,10,1,0.8721,0.9474,0.8507,0.766,0.9364,17,57,10,2,0.8605,0.8947,0.8507,0.7391,0.9222,18,59,8,1,0.8953,0.9474,0.8806,0.8,0.8885
62,30,46,9,14,0.7677,0.6818,0.8364,0.7229,0.8079,26,52,3,18,0.7879,0.5909,0.9455,0.7123,0.8322,28,46,9,16,0.7475,0.6364,0.8364,0.6914,0.8182,30,52,3,14,0.8283,0.6818,0.9455,0.7792,0.8008,28,49,6,16,0.7778,0.6364,0.8909,0.7179,0.8409,13,72,6,11,0.8333,0.5417,0.9231,0.6047,0.7399,15,76,2,9,0.8922,0.625,0.9744,0.7317,0.7671,14,75,3,10,0.8725,0.5833,0.9615,0.6829,0.7324,13,78,0,11,0.8922,0.5417,1.0,0.7027,0.7714,14,75,3,10,0.8725,0.5833,0.9615,0.6829,0.7313,19,44,7,14,0.75,0.5758,0.8627,0.6441,0.8497,21,42,9,12,0.75,0.6364,0.8235,0.6667,0.8372,23,36,15,10,0.7024,0.697,0.7059,0.6479,0.8217,23,43,8,10,0.7857,0.697,0.8431,0.7188,0.8651,23,37,14,10,0.7143,0.697,0.7255,0.6571,0.8419,27,54,3,2,0.9419,0.931,0.9474,0.9153,0.948,26,52,5,3,0.907,0.8966,0.9123,0.8667,0.928,27,50,7,2,0.8953,0.931,0.8772,0.8571,0.9377,26,50,7,3,0.8837,0.8966,0.8772,0.8387,0.9371,27,52,5,2,0.9186,0.931,0.9123,0.8852,0.9419
63,17,51,21,10,0.6869,0.6296,0.7083,0.5231,0.7695,16,54,18,11,0.7071,0.5926,0.75,0.5246,0.7773,16,49,23,11,0.6566,0.5926,0.6806,0.4848,0.7474,17,54,18,10,0.7172,0.6296,0.75,0.5484,0.7739,16,54,18,11,0.7071,0.5926,0.75,0.5246,0.8004,24,70,1,7,0.9216,0.7742,0.9859,0.8571,0.8669,25,70,1,6,0.9314,0.8065,0.9859,0.8772,0.8846,21,69,2,10,0.8824,0.6774,0.9718,0.7778,0.866,21,70,1,10,0.8922,0.6774,0.9859,0.7925,0.8841,21,69,2,10,0.8824,0.6774,0.9718,0.7778,0.8764,19,52,7,6,0.8452,0.76,0.8814,0.7451,0.8915,19,44,15,6,0.75,0.76,0.7458,0.6441,0.8997,20,39,20,5,0.7024,0.8,0.661,0.6154,0.8678,20,48,11,5,0.8095,0.8,0.8136,0.7143,0.9146,20,43,16,5,0.75,0.8,0.7288,0.6557,0.8915,20,59,4,3,0.9186,0.8696,0.9365,0.8511,0.94,18,59,4,5,0.8953,0.7826,0.9365,0.8,0.9448,20,58,5,3,0.907,0.8696,0.9206,0.8333,0.9165,18,58,5,5,0.8837,0.7826,0.9206,0.7826,0.9503,20,59,4,3,0.9186,0.8696,0.9365,0.8511,0.9337
64,26,51,9,13,0.7778,0.6667,0.85,0.7027,0.8739,22,56,4,17,0.7879,0.5641,0.9333,0.6769,0.8654,22,52,8,17,0.7475,0.5641,0.8667,0.6377,0.8415,26,56,4,13,0.8283,0.6667,0.9333,0.7536,0.8551,22,50,10,17,0.7273,0.5641,0.8333,0.6197,0.8675,9,79,7,7,0.8627,0.5625,0.9186,0.5625,0.8968,13,77,9,3,0.8824,0.8125,0.8953,0.6842,0.9012,10,76,10,6,0.8431,0.625,0.8837,0.5556,0.8459,8,81,5,8,0.8725,0.5,0.9419,0.5517,0.8975,10,69,17,6,0.7745,0.625,0.8023,0.4651,0.8597,25,39,8,12,0.7619,0.6757,0.8298,0.7143,0.8355,26,38,9,11,0.7619,0.7027,0.8085,0.7222,0.8499,26,33,14,11,0.7024,0.7027,0.7021,0.6753,0.8459,27,40,7,10,0.7976,0.7297,0.8511,0.7606,0.8631,26,38,9,11,0.7619,0.7027,0.8085,0.7222,0.8574,26,52,2,6,0.907,0.8125,0.963,0.8667,0.9068,25,51,3,7,0.8837,0.7812,0.9444,0.8333,0.8814,26,51,3,6,0.8953,0.8125,0.9444,0.8525,0.9034,25,51,3,7,0.8837,0.7812,0.9444,0.8333,0.9248,26,51,3,6,0.8953,0.8125,0.9444,0.8525,0.9155
65,30,43,16,10,0.7374,0.75,0.7288,0.6977,0.8229,28,46,13,12,0.7475,0.7,0.7797,0.6914,0.828,28,43,16,12,0.7172,0.7,0.7288,0.6667,0.7877,30,46,13,10,0.7677,0.75,0.7797,0.7229,0.8197,28,45,14,12,0.7374,0.7,0.7627,0.6829,0.8445,21,72,2,7,0.9118,0.75,0.973,0.8235,0.9044,24,73,1,4,0.951,0.8571,0.9865,0.9057,0.903,22,72,2,6,0.9216,0.7857,0.973,0.8462,0.8991,20,73,1,8,0.9118,0.7143,0.9865,0.8163,0.8982,22,70,4,6,0.902,0.7857,0.9459,0.8148,0.9006,23,45,6,10,0.8095,0.697,0.8824,0.7419,0.8217,23,47,4,10,0.8333,0.697,0.9216,0.7667,0.8592,24,43,8,9,0.7976,0.7273,0.8431,0.7385,0.8526,23,48,3,10,0.8452,0.697,0.9412,0.7797,0.8598,24,44,7,9,0.8095,0.7273,0.8627,0.75,0.8675,12,66,6,2,0.907,0.8571,0.9167,0.75,0.9335,12,65,7,2,0.8953,0.8571,0.9028,0.7273,0.9286,12,63,9,2,0.8721,0.8571,0.875,0.6857,0.9117,12,63,9,2,0.8721,0.8571,0.875,0.6857,0.9325,12,65,7,2,0.8953,0.8571,0.9028,0.7273,0.9236
66,28,53,10,8,0.8182,0.7778,0.8413,0.7568,0.8329,24,55,8,12,0.798,0.6667,0.873,0.7059,0.8329,26,50,13,10,0.7677,0.7222,0.7937,0.6933,0.7866,28,55,8,8,0.8384,0.7778,0.873,0.7778,0.8302,26,52,11,10,0.7879,0.7222,0.8254,0.7123,0.825,14,72,8,8,0.8431,0.6364,0.9,0.6364,0.925,18,73,7,4,0.8922,0.8182,0.9125,0.766,0.9182,16,72,8,6,0.8627,0.7273,0.9,0.6957,0.8926,13,75,5,9,0.8627,0.5909,0.9375,0.65,0.9205,16,69,11,6,0.8333,0.7273,0.8625,0.6531,0.9062,19,47,9,9,0.7857,0.6786,0.8393,0.6786,0.7934,19,41,15,9,0.7143,0.6786,0.7321,0.6129,0.7883,20,38,18,8,0.6905,0.7143,0.6786,0.6061,0.7889,19,42,14,9,0.7262,0.6786,0.75,0.623,0.7915,20,43,13,8,0.75,0.7143,0.7679,0.6557,0.7966,25,53,5,3,0.907,0.8929,0.9138,0.8621,0.8947,25,53,5,3,0.907,0.8929,0.9138,0.8621,0.8651,25,53,5,3,0.907,0.8929,0.9138,0.8621,0.9409,25,53,5,3,0.907,0.8929,0.9138,0.8621,0.9378,25,53,5,3,0.907,0.8929,0.9138,0.8621,0.8947
67,23,58,11,7,0.8182,0.7667,0.8406,0.7188,0.8246,19,59,10,11,0.7879,0.6333,0.8551,0.6441,0.8449,21,56,13,9,0.7778,0.7,0.8116,0.6562,0.8058,23,59,10,7,0.8283,0.7667,0.8551,0.7302,0.7961,21,58,11,9,0.798,0.7,0.8406,0.6774,0.8353,26,67,4,5,0.9118,0.8387,0.9437,0.8525,0.9178,27,65,6,4,0.902,0.871,0.9155,0.8438,0.9114,22,63,8,9,0.8333,0.7097,0.8873,0.7213,0.8687,22,66,5,9,0.8627,0.7097,0.9296,0.7586,0.9046,22,61,10,9,0.8137,0.7097,0.8592,0.6984,0.8737,19,48,8,9,0.7976,0.6786,0.8571,0.6909,0.8839,19,46,10,9,0.7738,0.6786,0.8214,0.6667,0.8705,20,40,16,8,0.7143,0.7143,0.7143,0.625,0.8591,21,47,9,7,0.8095,0.75,0.8393,0.7241,0.8935,20,43,13,8,0.75,0.7143,0.7679,0.6557,0.8737,24,56,5,1,0.9302,0.96,0.918,0.8889,0.9541,22,55,6,3,0.8953,0.88,0.9016,0.8302,0.9436,24,54,7,1,0.907,0.96,0.8852,0.8571,0.9495,22,54,7,3,0.8837,0.88,0.8852,0.8148,0.9344,24,55,6,1,0.9186,0.96,0.9016,0.8727,0.9482
68,26,51,11,11,0.7778,0.7027,0.8226,0.7027,0.8139,25,56,6,12,0.8182,0.6757,0.9032,0.7353,0.8287,25,49,13,12,0.7475,0.6757,0.7903,0.6667,0.8021,26,56,6,11,0.8283,0.7027,0.9032,0.7536,0.816,25,56,6,12,0.8182,0.6757,0.9032,0.7353,0.8418,20,69,3,10,0.8725,0.6667,0.9583,0.7547,0.8218,20,70,2,10,0.8824,0.6667,0.9722,0.7692,0.8741,19,67,5,11,0.8431,0.6333,0.9306,0.7037,0.8241,19,70,2,11,0.8725,0.6333,0.9722,0.7451,0.8338,19,65,7,11,0.8235,0.6333,0.9028,0.6786,0.8551,20,49,6,9,0.8214,0.6897,0.8909,0.7273,0.8545,21,46,9,8,0.7976,0.7241,0.8364,0.7119,0.9097,22,40,15,7,0.7381,0.7586,0.7273,0.6667,0.8734,24,46,9,5,0.8333,0.8276,0.8364,0.7742,0.9116,22,41,14,7,0.75,0.7586,0.7455,0.6769,0.8746,25,51,5,5,0.8837,0.8333,0.9107,0.8333,0.8577,22,51,5,8,0.8488,0.7333,0.9107,0.7719,0.8113,25,48,8,5,0.8488,0.8333,0.8571,0.7937,0.8619,22,48,8,8,0.814,0.7333,0.8571,0.7333,0.894,25,51,5,5,0.8837,0.8333,0.9107,0.8333,0.8315
69,31,48,8,12,0.798,0.7209,0.8571,0.7561,0.8198,27,51,5,16,0.7879,0.6279,0.9107,0.72,0.8488,29,45,11,14,0.7475,0.6744,0.8036,0.6988,0.7924,31,51,5,12,0.8283,0.7209,0.9107,0.7848,0.8189,29,49,7,14,0.7879,0.6744,0.875,0.7342,0.8472,21,70,4,7,0.8922,0.75,0.9459,0.7925,0.8827,23,67,7,5,0.8824,0.8214,0.9054,0.7931,0.874,20,66,8,8,0.8431,0.7143,0.8919,0.7143,0.8542,18,70,4,10,0.8627,0.6429,0.9459,0.72,0.8721,20,65,9,8,0.8333,0.7143,0.8784,0.7018,0.8634,14,48,7,15,0.7381,0.4828,0.8727,0.56,0.6959,14,43,12,15,0.6786,0.4828,0.7818,0.5091,0.7423,16,41,14,13,0.6786,0.5517,0.7455,0.5424,0.7298,14,46,9,15,0.7143,0.4828,0.8364,0.5385,0.7273,16,46,9,13,0.7381,0.5517,0.8364,0.5926,0.7611,20,60,5,1,0.9302,0.9524,0.9231,0.8696,0.9399,20,58,7,1,0.907,0.9524,0.8923,0.8333,0.9216,20,56,9,1,0.8837,0.9524,0.8615,0.8,0.9626,20,56,9,1,0.8837,0.9524,0.8615,0.8,0.9553,20,58,7,1,0.907,0.9524,0.8923,0.8333,0.9385
70,24,58,10,7,0.8283,0.7742,0.8529,0.7385,0.8487,17,62,6,14,0.798,0.5484,0.9118,0.6296,0.8805,19,58,10,12,0.7778,0.6129,0.8529,0.6333,0.8416,24,62,6,7,0.8687,0.7742,0.9118,0.7869,0.8458,19,58,10,12,0.7778,0.6129,0.8529,0.6333,0.8748,15,76,6,5,0.8922,0.75,0.9268,0.7317,0.8396,15,74,8,5,0.8725,0.75,0.9024,0.6977,0.8451,15,75,7,5,0.8824,0.75,0.9146,0.7143,0.8451,15,76,6,5,0.8922,0.75,0.9268,0.7317,0.8585,15,70,12,5,0.8333,0.75,0.8537,0.6383,0.8372,21,44,8,11,0.7738,0.6562,0.8462,0.6885,0.8281,22,38,14,10,0.7143,0.6875,0.7308,0.6471,0.8395,23,34,18,9,0.6786,0.7188,0.6538,0.6301,0.8347,23,40,12,9,0.75,0.7188,0.7692,0.6866,0.848,23,41,11,9,0.7619,0.7188,0.7885,0.697,0.8425,28,55,3,0,0.9651,1.0,0.9483,0.9492,0.9772,27,55,3,1,0.9535,0.9643,0.9483,0.931,0.9803,28,54,4,0,0.9535,1.0,0.931,0.9333,0.9901,27,54,4,1,0.9419,0.9643,0.931,0.9153,0.9901,28,55,3,0,0.9651,1.0,0.9483,0.9492,0.9748
71,23,47,19,10,0.7071,0.697,0.7121,0.6133,0.7691,22,57,9,11,0.798,0.6667,0.8636,0.6875,0.8099,23,49,17,10,0.7273,0.697,0.7424,0.6301,0.7507,23,57,9,10,0.8081,0.697,0.8636,0.7077,0.7489,23,54,12,10,0.7778,0.697,0.8182,0.6765,0.8012,13,75,5,9,0.8627,0.5909,0.9375,0.65,0.8148,16,74,6,6,0.8824,0.7273,0.925,0.7273,0.8091,11,74,6,11,0.8333,0.5,0.925,0.5641,0.7812,10,75,5,12,0.8333,0.4545,0.9375,0.5405,0.8045,11,71,9,11,0.8039,0.5,0.8875,0.5238,0.7852,26,48,3,7,0.881,0.7879,0.9412,0.8387,0.937,28,38,13,5,0.7857,0.8485,0.7451,0.7568,0.9364,28,37,14,5,0.7738,0.8485,0.7255,0.7467,0.9346,29,41,10,4,0.8333,0.8788,0.8039,0.8056,0.9453,28,42,9,5,0.8333,0.8485,0.8235,0.8,0.9305,17,62,3,4,0.9186,0.8095,0.9538,0.8293,0.9033,16,60,5,5,0.8837,0.7619,0.9231,0.7619,0.8857,17,56,9,4,0.8488,0.8095,0.8615,0.7234,0.8747,16,56,9,5,0.8372,0.7619,0.8615,0.6957,0.8982,17,60,5,4,0.8953,0.8095,0.9231,0.7907,0.8989
72,23,53,16,7,0.7677,0.7667,0.7681,0.6667,0.8686,17,60,9,13,0.7778,0.5667,0.8696,0.6071,0.843,22,53,16,8,0.7576,0.7333,0.7681,0.6471,0.8353,23,60,9,7,0.8384,0.7667,0.8696,0.7419,0.871,22,55,14,8,0.7778,0.7333,0.7971,0.6667,0.8865,19,70,5,8,0.8725,0.7037,0.9333,0.7451,0.8242,21,70,5,6,0.8922,0.7778,0.9333,0.7925,0.8301,16,70,5,11,0.8431,0.5926,0.9333,0.6667,0.8188,15,72,3,12,0.8529,0.5556,0.96,0.6667,0.838,16,70,5,11,0.8431,0.5926,0.9333,0.6667,0.8277,16,54,3,11,0.8333,0.5926,0.9474,0.6957,0.8181,18,48,9,9,0.7857,0.6667,0.8421,0.6667,0.8668,19,42,15,8,0.7262,0.7037,0.7368,0.623,0.8187,19,46,11,8,0.7738,0.7037,0.807,0.6667,0.8558,19,43,14,8,0.7381,0.7037,0.7544,0.6333,0.8441,24,55,4,3,0.9186,0.8889,0.9322,0.8727,0.9422,23,55,4,4,0.907,0.8519,0.9322,0.8519,0.9366,24,54,5,3,0.907,0.8889,0.9153,0.8571,0.9322,23,54,5,4,0.8953,0.8519,0.9153,0.8364,0.9466,24,55,4,3,0.9186,0.8889,0.9322,0.8727,0.9335
73,30,55,7,7,0.8586,0.8108,0.8871,0.8108,0.8884,27,57,5,10,0.8485,0.7297,0.9194,0.7826,0.9167,29,55,7,8,0.8485,0.7838,0.8871,0.7945,0.8867,30,57,5,7,0.8788,0.8108,0.9194,0.8333,0.8775,29,57,5,8,0.8687,0.7838,0.9194,0.8169,0.9194,18,70,5,9,0.8627,0.6667,0.9333,0.72,0.8114,18,71,4,9,0.8725,0.6667,0.9467,0.7347,0.8158,18,71,4,9,0.8725,0.6667,0.9467,0.7347,0.8079,18,71,4,9,0.8725,0.6667,0.9467,0.7347,0.8138,18,70,5,9,0.8627,0.6667,0.9333,0.72,0.7951,22,44,6,12,0.7857,0.6471,0.88,0.7097,0.8047,20,39,11,14,0.7024,0.5882,0.78,0.6154,0.8365,23,40,10,11,0.75,0.6765,0.8,0.6866,0.8047,20,44,6,14,0.7619,0.5882,0.88,0.6667,0.8265,23,42,8,11,0.7738,0.6765,0.84,0.7077,0.8535,24,57,4,1,0.9419,0.96,0.9344,0.9057,0.943,24,56,5,1,0.9302,0.96,0.918,0.8889,0.9613,24,56,5,1,0.9302,0.96,0.918,0.8889,0.9357,24,56,5,1,0.9302,0.96,0.918,0.8889,0.9449,24,56,5,1,0.9302,0.96,0.918,0.8889,0.9443
74,24,49,12,14,0.7374,0.6316,0.8033,0.6486,0.8361,24,53,8,14,0.7778,0.6316,0.8689,0.6857,0.8391,23,50,11,15,0.7374,0.6053,0.8197,0.6389,0.7955,24,53,8,14,0.7778,0.6316,0.8689,0.6857,0.8145,23,53,8,15,0.7677,0.6053,0.8689,0.6667,0.8494,19,68,5,10,0.8529,0.6552,0.9315,0.717,0.8337,21,69,4,8,0.8824,0.7241,0.9452,0.7778,0.8696,15,68,5,14,0.8137,0.5172,0.9315,0.6122,0.8285,14,70,3,15,0.8235,0.4828,0.9589,0.6087,0.8446,15,67,6,14,0.8039,0.5172,0.9178,0.6,0.8564,20,48,5,11,0.8095,0.6452,0.9057,0.7143,0.8065,19,47,6,12,0.7857,0.6129,0.8868,0.6786,0.8679,20,41,12,11,0.7262,0.6452,0.7736,0.6349,0.8052,20,46,7,11,0.7857,0.6452,0.8679,0.6897,0.8564,20,43,10,11,0.75,0.6452,0.8113,0.6557,0.8631,19,53,8,6,0.8372,0.76,0.8689,0.7308,0.8452,19,53,8,6,0.8372,0.76,0.8689,0.7308,0.8197,19,50,11,6,0.8023,0.76,0.8197,0.6909,0.842,19,50,11,6,0.8023,0.76,0.8197,0.6909,0.8603,19,53,8,6,0.8372,0.76,0.8689,0.7308,0.8216
75,18,56,14,11,0.7475,0.6207,0.8,0.5902,0.7764,16,62,8,13,0.7879,0.5517,0.8857,0.6038,0.7695,17,54,16,12,0.7172,0.5862,0.7714,0.5484,0.7532,18,62,8,11,0.8081,0.6207,0.8857,0.6545,0.7724,17,59,11,12,0.7677,0.5862,0.8429,0.5965,0.7655,20,70,6,6,0.8824,0.7692,0.9211,0.7692,0.8775,21,71,5,5,0.902,0.8077,0.9342,0.8077,0.8568,18,70,6,8,0.8627,0.6923,0.9211,0.72,0.8467,17,72,4,9,0.8725,0.6538,0.9474,0.7234,0.8537,18,70,6,8,0.8627,0.6923,0.9211,0.72,0.8512,23,40,8,13,0.75,0.6389,0.8333,0.6866,0.7402,22,38,10,14,0.7143,0.6111,0.7917,0.6471,0.7911,23,31,17,13,0.6429,0.6389,0.6458,0.6053,0.7245,24,38,10,12,0.7381,0.6667,0.7917,0.6857,0.7691,23,34,14,13,0.6786,0.6389,0.7083,0.6301,0.7749,27,55,4,0,0.9535,1.0,0.9322,0.931,0.9592,24,54,5,3,0.907,0.8889,0.9153,0.8571,0.9667,27,52,7,0,0.9186,1.0,0.8814,0.8852,0.9579,24,52,7,3,0.8837,0.8889,0.8814,0.8276,0.9592,27,54,5,0,0.9419,1.0,0.9153,0.9153,0.9617
76,26,47,13,13,0.7374,0.6667,0.7833,0.6667,0.8444,20,52,8,19,0.7273,0.5128,0.8667,0.597,0.8338,21,49,11,18,0.7071,0.5385,0.8167,0.5915,0.7855,26,52,8,13,0.7879,0.6667,0.8667,0.7123,0.8162,21,51,9,18,0.7273,0.5385,0.85,0.6087,0.8329,16,78,2,6,0.9216,0.7273,0.975,0.8,0.8807,17,71,9,5,0.8627,0.7727,0.8875,0.7083,0.8199,17,74,6,5,0.8922,0.7727,0.925,0.7556,0.846,16,71,9,6,0.8529,0.7273,0.8875,0.6809,0.8352,17,70,10,5,0.8529,0.7727,0.875,0.6939,0.8398,15,51,7,11,0.7857,0.5769,0.8793,0.625,0.7573,11,44,14,15,0.6548,0.4231,0.7586,0.4314,0.7653,11,39,19,15,0.5952,0.4231,0.6724,0.3929,0.752,12,46,12,14,0.6905,0.4615,0.7931,0.48,0.7792,11,45,13,15,0.6667,0.4231,0.7759,0.44,0.7692,16,64,2,4,0.9302,0.8,0.9697,0.8421,0.9386,15,62,4,5,0.8953,0.75,0.9394,0.7692,0.9348,16,61,5,4,0.8953,0.8,0.9242,0.7805,0.903,15,61,5,5,0.8837,0.75,0.9242,0.75,0.9311,16,62,4,4,0.907,0.8,0.9394,0.8,0.9386
77,20,55,17,7,0.7576,0.7407,0.7639,0.625,0.8673,20,64,8,7,0.8485,0.7407,0.8889,0.7273,0.9017,18,57,15,9,0.7576,0.6667,0.7917,0.6,0.8776,20,64,8,7,0.8485,0.7407,0.8889,0.7273,0.8724,18,60,12,9,0.7879,0.6667,0.8333,0.6316,0.8981,21,65,5,11,0.8431,0.6562,0.9286,0.7241,0.7821,23,63,7,9,0.8431,0.7188,0.9,0.7419,0.8054,20,65,5,12,0.8333,0.625,0.9286,0.7018,0.7808,19,65,5,13,0.8235,0.5938,0.9286,0.6786,0.7804,20,62,8,12,0.8039,0.625,0.8857,0.6667,0.8027,24,44,7,9,0.8095,0.7273,0.8627,0.75,0.8622,24,39,12,9,0.75,0.7273,0.7647,0.6957,0.8782,25,36,15,8,0.7262,0.7576,0.7059,0.6849,0.8402,24,42,9,9,0.7857,0.7273,0.8235,0.7273,0.877,25,42,9,8,0.7976,0.7576,0.8235,0.7463,0.8901,23,53,8,2,0.8837,0.92,0.8689,0.8214,0.9062,23,51,10,2,0.8605,0.92,0.8361,0.7931,0.8951,23,49,12,2,0.8372,0.92,0.8033,0.7667,0.8997,23,49,12,2,0.8372,0.92,0.8033,0.7667,0.901,23,51,10,2,0.8605,0.92,0.8361,0.7931,0.903
78,28,47,13,11,0.7576,0.7179,0.7833,0.7,0.8295,18,49,11,21,0.6768,0.4615,0.8167,0.5294,0.8158,20,47,13,19,0.6768,0.5128,0.7833,0.5556,0.7927,28,49,11,11,0.7778,0.7179,0.8167,0.7179,0.812,20,49,11,19,0.697,0.5128,0.8167,0.5714,0.8453,12,78,5,7,0.8824,0.6316,0.9398,0.6667,0.8269,15,71,12,4,0.8431,0.7895,0.8554,0.6522,0.7958,14,74,9,5,0.8627,0.7368,0.8916,0.6667,0.806,12,71,12,7,0.8137,0.6316,0.8554,0.5581,0.8167,14,66,17,5,0.7843,0.7368,0.7952,0.56,0.8034,20,45,7,12,0.7738,0.625,0.8654,0.678,0.7945,20,38,14,12,0.6905,0.625,0.7308,0.6061,0.8119,21,37,15,11,0.6905,0.6562,0.7115,0.6176,0.7987,21,40,12,11,0.7262,0.6562,0.7692,0.6462,0.8023,21,44,8,11,0.7738,0.6562,0.8462,0.6885,0.8149,19,62,2,3,0.9419,0.8636,0.9688,0.8837,0.9503,18,62,2,4,0.9302,0.8182,0.9688,0.8571,0.9538,19,62,2,3,0.9419,0.8636,0.9688,0.8837,0.9354,18,62,2,4,0.9302,0.8182,0.9688,0.8571,0.9609,19,62,2,3,0.9419,0.8636,0.9688,0.8837,0.9531
79,37,41,14,7,0.7879,0.8409,0.7455,0.7789,0.9,35,45,10,9,0.8081,0.7955,0.8182,0.7865,0.9186,36,41,14,8,0.7778,0.8182,0.7455,0.766,0.895,37,45,10,7,0.8283,0.8409,0.8182,0.8132,0.8967,36,43,12,8,0.798,0.8182,0.7818,0.7826,0.9165,17,77,2,6,0.9216,0.7391,0.9747,0.8095,0.8888,20,77,2,3,0.951,0.8696,0.9747,0.8889,0.9229,17,75,4,6,0.902,0.7391,0.9494,0.7727,0.8866,15,77,2,8,0.902,0.6522,0.9747,0.75,0.907,17,74,5,6,0.8922,0.7391,0.9367,0.7556,0.9037,25,42,7,10,0.7976,0.7143,0.8571,0.7463,0.8105,25,34,15,10,0.7024,0.7143,0.6939,0.6667,0.8198,26,33,16,9,0.7024,0.7429,0.6735,0.6753,0.8146,25,38,11,10,0.75,0.7143,0.7755,0.7042,0.8233,26,36,13,9,0.7381,0.7429,0.7347,0.7027,0.8082,13,63,7,3,0.8837,0.8125,0.9,0.7222,0.9179,13,62,8,3,0.8721,0.8125,0.8857,0.7027,0.8938,13,61,9,3,0.8605,0.8125,0.8714,0.6842,0.875,13,61,9,3,0.8605,0.8125,0.8714,0.6842,0.8982,13,62,8,3,0.8721,0.8125,0.8857,0.7027,0.908
80,24,53,11,11,0.7778,0.6857,0.8281,0.6857,0.7848,22,57,7,13,0.798,0.6286,0.8906,0.6875,0.8375,21,53,11,14,0.7475,0.6,0.8281,0.6269,0.796,24,57,7,11,0.8182,0.6857,0.8906,0.7273,0.7951,21,57,7,14,0.7879,0.6,0.8906,0.6667,0.8344,20,70,4,8,0.8824,0.7143,0.9459,0.7692,0.8552,21,70,4,7,0.8922,0.75,0.9459,0.7925,0.8991,19,71,3,9,0.8824,0.6786,0.9595,0.76,0.8653,18,70,4,10,0.8627,0.6429,0.9459,0.72,0.8682,19,68,6,9,0.8529,0.6786,0.9189,0.717,0.8803,20,46,9,9,0.7857,0.6897,0.8364,0.6897,0.7781,21,38,17,8,0.7024,0.7241,0.6909,0.6269,0.7925,22,33,22,7,0.6548,0.7586,0.6,0.6027,0.768,22,38,17,7,0.7143,0.7586,0.6909,0.6471,0.7893,22,38,17,7,0.7143,0.7586,0.6909,0.6471,0.7969,21,60,2,3,0.9419,0.875,0.9677,0.8936,0.912,20,60,2,4,0.9302,0.8333,0.9677,0.8696,0.8931,21,57,5,3,0.907,0.875,0.9194,0.84,0.9207,20,57,5,4,0.8953,0.8333,0.9194,0.8163,0.9422,21,60,2,3,0.9419,0.875,0.9677,0.8936,0.9133
81,22,55,12,10,0.7778,0.6875,0.8209,0.6667,0.84,18,60,7,14,0.7879,0.5625,0.8955,0.6316,0.833,17,55,12,15,0.7273,0.5312,0.8209,0.5574,0.8139,22,60,7,10,0.8283,0.6875,0.8955,0.7213,0.8298,17,55,12,15,0.7273,0.5312,0.8209,0.5574,0.847,21,71,3,7,0.902,0.75,0.9595,0.8077,0.8127,22,69,5,6,0.8922,0.7857,0.9324,0.8,0.8456,20,66,8,8,0.8431,0.7143,0.8919,0.7143,0.8098,20,70,4,8,0.8824,0.7143,0.9459,0.7692,0.8171,20,63,11,8,0.8137,0.7143,0.8514,0.678,0.8185,23,51,4,6,0.881,0.7931,0.9273,0.8214,0.9103,24,47,8,5,0.8452,0.8276,0.8545,0.7869,0.9436,24,44,11,5,0.8095,0.8276,0.8,0.75,0.9141,25,47,8,4,0.8571,0.8621,0.8545,0.8065,0.9298,24,48,7,5,0.8571,0.8276,0.8727,0.8,0.9166,28,53,2,3,0.9419,0.9032,0.9636,0.918,0.9613,27,52,3,4,0.9186,0.871,0.9455,0.8852,0.9531,28,51,4,3,0.9186,0.9032,0.9273,0.8889,0.9413,27,51,4,4,0.907,0.871,0.9273,0.871,0.9642,28,52,3,3,0.9302,0.9032,0.9455,0.9032,0.9513
82,27,54,8,10,0.8182,0.7297,0.871,0.75,0.8832,25,59,3,12,0.8485,0.6757,0.9516,0.7692,0.8893,27,53,9,10,0.8081,0.7297,0.8548,0.7397,0.8745,27,59,3,10,0.8687,0.7297,0.9516,0.806,0.8886,27,59,3,10,0.8687,0.7297,0.9516,0.806,0.8862,17,71,6,8,0.8627,0.68,0.9221,0.7083,0.8348,18,70,7,7,0.8627,0.72,0.9091,0.72,0.8332,15,67,10,10,0.8039,0.6,0.8701,0.6,0.8073,15,70,7,10,0.8333,0.6,0.9091,0.6383,0.8187,15,67,10,10,0.8039,0.6,0.8701,0.6,0.8327,21,46,6,11,0.7976,0.6562,0.8846,0.7119,0.8179,21,46,6,11,0.7976,0.6562,0.8846,0.7119,0.8888,22,39,13,10,0.7262,0.6875,0.75,0.6567,0.8293,22,45,7,10,0.7976,0.6875,0.8654,0.7213,0.866,22,43,9,10,0.7738,0.6875,0.8269,0.6984,0.8684,23,54,6,3,0.8953,0.8846,0.9,0.8364,0.8808,22,53,7,4,0.8721,0.8462,0.8833,0.8,0.8615,23,51,9,3,0.8605,0.8846,0.85,0.7931,0.9103,22,51,9,4,0.8488,0.8462,0.85,0.7719,0.9192,23,53,7,3,0.8837,0.8846,0.8833,0.8214,0.8827
83,27,56,11,5,0.8384,0.8438,0.8358,0.7714,0.9422,26,59,8,6,0.8586,0.8125,0.8806,0.7879,0.9356,27,55,12,5,0.8283,0.8438,0.8209,0.7606,0.9109,27,59,8,5,0.8687,0.8438,0.8806,0.806,0.9226,27,57,10,5,0.8485,0.8438,0.8507,0.7826,0.9492,18,71,7,6,0.8725,0.75,0.9103,0.7347,0.8803,20,73,5,4,0.9118,0.8333,0.9359,0.8163,0.8974,19,71,7,5,0.8824,0.7917,0.9103,0.76,0.8798,17,74,4,7,0.8922,0.7083,0.9487,0.7556,0.8868,19,70,8,5,0.8725,0.7917,0.8974,0.7451,0.8942,25,48,2,9,0.869,0.7353,0.96,0.8197,0.8729,24,41,9,10,0.7738,0.7059,0.82,0.7164,0.86,24,38,12,10,0.7381,0.7059,0.76,0.6857,0.8424,26,43,7,8,0.8214,0.7647,0.86,0.7761,0.8618,24,42,8,10,0.7857,0.7059,0.84,0.7273,0.8765,17,58,10,1,0.8721,0.9444,0.8529,0.7556,0.9199,15,57,11,3,0.8372,0.8333,0.8382,0.6818,0.933,17,56,12,1,0.8488,0.9444,0.8235,0.7234,0.9118,15,56,12,3,0.8256,0.8333,0.8235,0.6667,0.9297,17,57,11,1,0.8605,0.9444,0.8382,0.7391,0.9003
84,22,48,19,10,0.7071,0.6875,0.7164,0.6027,0.7673,20,54,13,12,0.7475,0.625,0.806,0.6154,0.7854,22,48,19,10,0.7071,0.6875,0.7164,0.6027,0.7491,22,54,13,10,0.7677,0.6875,0.806,0.6567,0.7659,22,51,16,10,0.7374,0.6875,0.7612,0.6286,0.8046,23,66,2,11,0.8725,0.6765,0.9706,0.7797,0.8603,27,65,3,7,0.902,0.7941,0.9559,0.8438,0.8668,23,64,4,11,0.8529,0.6765,0.9412,0.7541,0.83,22,65,3,12,0.8529,0.6471,0.9559,0.7458,0.8694,23,63,5,11,0.8431,0.6765,0.9265,0.7419,0.8408,19,47,5,13,0.7857,0.5938,0.9038,0.6786,0.8257,20,42,10,12,0.7381,0.625,0.8077,0.6452,0.8377,21,38,14,11,0.7024,0.6562,0.7308,0.6269,0.8197,22,44,8,10,0.7857,0.6875,0.8462,0.7097,0.8684,21,41,11,11,0.7381,0.6562,0.7885,0.6562,0.8504,26,50,7,3,0.8837,0.8966,0.8772,0.8387,0.8899,24,50,7,5,0.8605,0.8276,0.8772,0.8,0.8524,26,48,9,3,0.8605,0.8966,0.8421,0.8125,0.8899,24,48,9,5,0.8372,0.8276,0.8421,0.7742,0.8917,26,50,7,3,0.8837,0.8966,0.8772,0.8387,0.8536
85,25,52,13,9,0.7778,0.7353,0.8,0.6944,0.8452,24,58,7,10,0.8283,0.7059,0.8923,0.7385,0.852,23,52,13,11,0.7576,0.6765,0.8,0.6571,0.8267,25,58,7,9,0.8384,0.7353,0.8923,0.7576,0.8518,23,57,8,11,0.8081,0.6765,0.8769,0.7077,0.8575,20,66,7,9,0.8431,0.6897,0.9041,0.7143,0.8819,22,68,5,7,0.8824,0.7586,0.9315,0.7857,0.8795,19,66,7,10,0.8333,0.6552,0.9041,0.6909,0.846,18,69,4,11,0.8529,0.6207,0.9452,0.7059,0.8663,19,64,9,10,0.8137,0.6552,0.8767,0.6667,0.8663,19,47,6,12,0.7857,0.6129,0.8868,0.6786,0.8052,18,43,10,13,0.7262,0.5806,0.8113,0.6102,0.8424,20,41,12,11,0.7262,0.6452,0.7736,0.6349,0.8217,19,44,9,12,0.75,0.6129,0.8302,0.6441,0.8472,20,41,12,11,0.7262,0.6452,0.7736,0.6349,0.8223,20,58,3,5,0.907,0.8,0.9508,0.8333,0.8839,19,57,4,6,0.8837,0.76,0.9344,0.7917,0.8793,20,53,8,5,0.8488,0.8,0.8689,0.7547,0.8695,19,53,8,6,0.8372,0.76,0.8689,0.7308,0.899,20,57,4,5,0.8953,0.8,0.9344,0.8163,0.8931
86,36,40,15,8,0.7677,0.8182,0.7273,0.7579,0.8376,30,44,11,14,0.7475,0.6818,0.8,0.7059,0.8512,35,39,16,9,0.7475,0.7955,0.7091,0.7368,0.836,36,44,11,8,0.8081,0.8182,0.8,0.7912,0.8192,35,41,14,9,0.7677,0.7955,0.7455,0.7527,0.8579,21,72,5,4,0.9118,0.84,0.9351,0.8235,0.9184,22,74,3,3,0.9412,0.88,0.961,0.88,0.9158,20,73,4,5,0.9118,0.8,0.9481,0.8163,0.9023,19,75,2,6,0.9216,0.76,0.974,0.8261,0.9101,20,71,6,5,0.8922,0.8,0.9221,0.7843,0.9184,23,44,7,10,0.7976,0.697,0.8627,0.7302,0.7796,23,34,17,10,0.6786,0.697,0.6667,0.6301,0.8265,24,33,18,9,0.6786,0.7273,0.6471,0.64,0.7825,23,37,14,10,0.7143,0.697,0.7255,0.6571,0.8164,24,34,17,9,0.6905,0.7273,0.6667,0.6486,0.8158,23,54,6,3,0.8953,0.8846,0.9,0.8364,0.9282,23,53,7,3,0.8837,0.8846,0.8833,0.8214,0.9058,23,53,7,3,0.8837,0.8846,0.8833,0.8214,0.9154,23,53,7,3,0.8837,0.8846,0.8833,0.8214,0.9308,23,53,7,3,0.8837,0.8846,0.8833,0.8214,0.909
87,27,50,12,10,0.7778,0.7297,0.8065,0.7105,0.8845,25,54,8,12,0.798,0.6757,0.871,0.7143,0.8901,25,52,10,12,0.7778,0.6757,0.8387,0.6944,0.8566,27,54,8,10,0.8182,0.7297,0.871,0.75,0.883,25,53,9,12,0.7879,0.6757,0.8548,0.7042,0.8867,15,72,5,10,0.8529,0.6,0.9351,0.6667,0.8031,16,70,7,9,0.8431,0.64,0.9091,0.6667,0.8353,13,68,9,12,0.7941,0.52,0.8831,0.5532,0.7932,12,70,7,13,0.8039,0.48,0.9091,0.5455,0.8166,13,65,12,12,0.7647,0.52,0.8442,0.52,0.7901,22,45,8,9,0.7976,0.7097,0.8491,0.7213,0.8679,21,43,10,10,0.7619,0.6774,0.8113,0.6774,0.8527,23,38,15,8,0.7262,0.7419,0.717,0.6667,0.8612,21,45,8,10,0.7857,0.6774,0.8491,0.7,0.8698,23,43,10,8,0.7857,0.7419,0.8113,0.7188,0.8783,15,64,3,4,0.9186,0.7895,0.9552,0.8108,0.8688,15,62,5,4,0.8953,0.7895,0.9254,0.7692,0.8335,15,61,6,4,0.8837,0.7895,0.9104,0.75,0.868,15,61,6,4,0.8837,0.7895,0.9104,0.75,0.901,15,62,5,4,0.8953,0.7895,0.9254,0.7692,0.8712
88,24,55,9,11,0.798,0.6857,0.8594,0.7059,0.8464,20,59,5,15,0.798,0.5714,0.9219,0.6667,0.8183,22,56,8,13,0.7879,0.6286,0.875,0.6769,0.8241,24,59,5,11,0.8384,0.6857,0.9219,0.75,0.8429,22,58,6,13,0.8081,0.6286,0.9062,0.6984,0.8558,19,71,6,6,0.8824,0.76,0.9221,0.76,0.867,20,71,6,5,0.8922,0.8,0.9221,0.7843,0.8722,19,71,6,6,0.8824,0.76,0.9221,0.76,0.8556,18,72,5,7,0.8824,0.72,0.9351,0.75,0.8722,19,68,9,6,0.8529,0.76,0.8831,0.717,0.8545,21,49,7,7,0.8333,0.75,0.875,0.75,0.838,22,43,13,6,0.7738,0.7857,0.7679,0.6984,0.8278,22,43,13,6,0.7738,0.7857,0.7679,0.6984,0.8386,22,46,10,6,0.8095,0.7857,0.8214,0.7333,0.831,22,47,9,6,0.8214,0.7857,0.8393,0.7458,0.8616,16,63,3,4,0.9186,0.8,0.9545,0.8205,0.9076,16,63,3,4,0.9186,0.8,0.9545,0.8205,0.8932,16,63,3,4,0.9186,0.8,0.9545,0.8205,0.9068,16,63,3,4,0.9186,0.8,0.9545,0.8205,0.9348,16,63,3,4,0.9186,0.8,0.9545,0.8205,0.9182
89,24,58,11,6,0.8283,0.8,0.8406,0.7385,0.8908,22,61,8,8,0.8384,0.7333,0.8841,0.7333,0.9246,23,59,10,7,0.8283,0.7667,0.8551,0.7302,0.8928,24,61,8,6,0.8586,0.8,0.8841,0.7742,0.9034,23,61,8,7,0.8485,0.7667,0.8841,0.7541,0.9198,19,69,6,8,0.8627,0.7037,0.92,0.7308,0.8874,23,70,5,4,0.9118,0.8519,0.9333,0.8364,0.9146,18,69,6,9,0.8529,0.6667,0.92,0.7059,0.8637,16,70,5,11,0.8431,0.5926,0.9333,0.6667,0.9002,18,65,10,9,0.8137,0.6667,0.8667,0.6545,0.883,28,43,6,7,0.8452,0.8,0.8776,0.8116,0.8729,28,39,10,7,0.7976,0.8,0.7959,0.7671,0.8898,29,33,16,6,0.7381,0.8286,0.6735,0.725,0.8414,28,39,10,7,0.7976,0.8,0.7959,0.7671,0.8927,29,36,13,6,0.7738,0.8286,0.7347,0.7532,0.877,27,55,3,1,0.9535,0.9643,0.9483,0.931,0.9655,27,54,4,1,0.9419,0.9643,0.931,0.9153,0.9649,27,54,4,1,0.9419,0.9643,0.931,0.9153,0.9729,27,54,4,1,0.9419,0.9643,0.931,0.9153,0.9717,27,54,4,1,0.9419,0.9643,0.931,0.9153,0.9612
90,25,50,9,15,0.7576,0.625,0.8475,0.6757,0.8195,22,51,8,18,0.7374,0.55,0.8644,0.6286,0.8161,21,49,10,19,0.7071,0.525,0.8305,0.5915,0.778,25,51,8,15,0.7677,0.625,0.8644,0.6849,0.8023,21,50,9,19,0.7172,0.525,0.8475,0.6,0.8114,18,70,4,10,0.8627,0.6429,0.9459,0.72,0.8287,20,67,7,8,0.8529,0.7143,0.9054,0.7273,0.8084,18,65,9,10,0.8137,0.6429,0.8784,0.6545,0.806,17,69,5,11,0.8431,0.6071,0.9324,0.68,0.8045,18,63,11,10,0.7941,0.6429,0.8514,0.6316,0.8282,24,43,4,13,0.7976,0.6486,0.9149,0.7385,0.8332,23,43,4,14,0.7857,0.6216,0.9149,0.7187,0.8775,25,37,10,12,0.7381,0.6757,0.7872,0.6944,0.8649,24,44,3,13,0.8095,0.6486,0.9362,0.75,0.8861,25,41,6,12,0.7857,0.6757,0.8723,0.7353,0.8718,21,58,2,5,0.9186,0.8077,0.9667,0.8571,0.8885,20,55,5,6,0.8721,0.7692,0.9167,0.7843,0.8449,21,54,6,5,0.8721,0.8077,0.9,0.7925,0.8731,20,54,6,6,0.8605,0.7692,0.9,0.7692,0.9135,21,55,5,5,0.8837,0.8077,0.9167,0.8077,0.8929
91,27,52,13,7,0.798,0.7941,0.8,0.7297,0.8878,23,59,6,11,0.8283,0.6765,0.9077,0.7302,0.8959,24,53,12,10,0.7778,0.7059,0.8154,0.6857,0.8715,27,59,6,7,0.8687,0.7941,0.9077,0.806,0.8848,24,58,7,10,0.8283,0.7059,0.8923,0.7385,0.9081,27,69,2,4,0.9412,0.871,0.9718,0.9,0.9209,27,68,3,4,0.9314,0.871,0.9577,0.8852,0.915,25,69,2,6,0.9216,0.8065,0.9718,0.8621,0.9146,25,68,3,6,0.9118,0.8065,0.9577,0.8475,0.9091,25,68,3,6,0.9118,0.8065,0.9577,0.8475,0.915,12,59,6,7,0.8452,0.6316,0.9077,0.6486,0.8818,13,53,12,6,0.7857,0.6842,0.8154,0.5909,0.8785,13,54,11,6,0.7976,0.6842,0.8308,0.6047,0.8891,15,55,10,4,0.8333,0.7895,0.8462,0.6818,0.9036,13,56,9,6,0.8214,0.6842,0.8615,0.6341,0.8818,22,54,7,3,0.8837,0.88,0.8852,0.8148,0.9016,20,53,8,5,0.8488,0.8,0.8689,0.7547,0.9049,22,52,9,3,0.8605,0.88,0.8525,0.7857,0.8918,20,52,9,5,0.8372,0.8,0.8525,0.7407,0.922,22,53,8,3,0.8721,0.88,0.8689,0.8,0.8911
92,27,54,10,8,0.8182,0.7714,0.8438,0.75,0.8679,23,58,6,12,0.8182,0.6571,0.9062,0.7188,0.858,24,53,11,11,0.7778,0.6857,0.8281,0.6857,0.8357,27,58,6,8,0.8586,0.7714,0.9062,0.7941,0.8679,24,55,9,11,0.798,0.6857,0.8594,0.7059,0.8772,14,74,6,8,0.8627,0.6364,0.925,0.6667,0.7767,15,71,9,7,0.8431,0.6818,0.8875,0.6522,0.7938,13,72,8,9,0.8333,0.5909,0.9,0.6047,0.7591,13,73,7,9,0.8431,0.5909,0.9125,0.619,0.7722,13,67,13,9,0.7843,0.5909,0.8375,0.5417,0.7812,12,48,14,10,0.7143,0.5455,0.7742,0.5,0.7661,11,45,17,11,0.6667,0.5,0.7258,0.44,0.7867,12,41,21,10,0.631,0.5455,0.6613,0.4364,0.7507,14,47,15,8,0.7262,0.6364,0.7581,0.549,0.7962,12,48,14,10,0.7143,0.5455,0.7742,0.5,0.7815,23,56,4,3,0.9186,0.8846,0.9333,0.8679,0.8974,20,55,5,6,0.8721,0.7692,0.9167,0.7843,0.8801,23,53,7,3,0.8837,0.8846,0.8833,0.8214,0.9064,20,53,7,6,0.8488,0.7692,0.8833,0.7547,0.9199,23,55,5,3,0.907,0.8846,0.9167,0.8519,0.9026
93,27,49,11,12,0.7677,0.6923,0.8167,0.7013,0.8248,20,53,7,19,0.7374,0.5128,0.8833,0.6061,0.8415,23,50,10,16,0.7374,0.5897,0.8333,0.6389,0.8111,27,53,7,12,0.8081,0.6923,0.8833,0.7397,0.8201,23,53,7,16,0.7677,0.5897,0.8833,0.6667,0.8551,13,79,3,7,0.902,0.65,0.9634,0.7222,0.864,14,76,6,6,0.8824,0.7,0.9268,0.7,0.8677,12,79,3,8,0.8922,0.6,0.9634,0.6857,0.8476,12,77,5,8,0.8725,0.6,0.939,0.6486,0.878,12,76,6,8,0.8627,0.6,0.9268,0.6316,0.8634,20,48,8,8,0.8095,0.7143,0.8571,0.7143,0.8393,20,43,13,8,0.75,0.7143,0.7679,0.6557,0.8833,21,38,18,7,0.7024,0.75,0.6786,0.6269,0.8489,20,45,11,8,0.7738,0.7143,0.8036,0.678,0.8788,21,42,14,7,0.75,0.75,0.75,0.6667,0.8489,18,59,4,5,0.8953,0.7826,0.9365,0.8,0.882,18,57,6,5,0.8721,0.7826,0.9048,0.766,0.8716,18,56,7,5,0.8605,0.7826,0.8889,0.75,0.8661,18,56,7,5,0.8605,0.7826,0.8889,0.75,0.9193,18,57,6,5,0.8721,0.7826,0.9048,0.766,0.893
94,33,50,9,7,0.8384,0.825,0.8475,0.8049,0.8907,26,54,5,14,0.8081,0.65,0.9153,0.7324,0.8657,29,49,10,11,0.7879,0.725,0.8305,0.7342,0.8805,33,54,5,7,0.8788,0.825,0.9153,0.8462,0.8975,29,51,8,11,0.8081,0.725,0.8644,0.7532,0.8953,18,71,6,7,0.8725,0.72,0.9221,0.7347,0.8213,18,72,5,7,0.8824,0.72,0.9351,0.75,0.8727,17,72,5,8,0.8725,0.68,0.9351,0.7234,0.8421,17,73,4,8,0.8824,0.68,0.9481,0.7391,0.8504,17,67,10,8,0.8235,0.68,0.8701,0.6538,0.841,25,45,8,6,0.8333,0.8065,0.8491,0.7812,0.9203,28,43,10,3,0.8452,0.9032,0.8113,0.8116,0.9458,28,43,10,3,0.8452,0.9032,0.8113,0.8116,0.9349,29,47,6,2,0.9048,0.9355,0.8868,0.8788,0.9537,28,46,7,3,0.881,0.9032,0.8679,0.8485,0.9422,19,59,3,5,0.907,0.7917,0.9516,0.8261,0.8831,18,58,4,6,0.8837,0.75,0.9355,0.7826,0.8636,19,57,5,5,0.8837,0.7917,0.9194,0.7917,0.8562,18,57,5,6,0.8721,0.75,0.9194,0.766,0.9046,19,58,4,5,0.8953,0.7917,0.9355,0.8085,0.8824
95,23,54,13,9,0.7778,0.7188,0.806,0.6765,0.8344,21,58,9,11,0.798,0.6562,0.8657,0.6774,0.8349,23,55,12,9,0.7879,0.7188,0.8209,0.6866,0.8125,23,58,9,9,0.8182,0.7188,0.8657,0.7188,0.8263,23,56,11,9,0.798,0.7188,0.8358,0.697,0.8573,19,67,6,10,0.8431,0.6552,0.9178,0.7037,0.8559,23,68,5,6,0.8922,0.7931,0.9315,0.807,0.8521,20,66,7,9,0.8431,0.6897,0.9041,0.7143,0.8493,17,70,3,12,0.8529,0.5862,0.9589,0.6939,0.8592,20,66,7,9,0.8431,0.6897,0.9041,0.7143,0.8507,21,50,2,11,0.8452,0.6562,0.9615,0.7636,0.851,22,43,9,10,0.7738,0.6875,0.8269,0.6984,0.8257,22,40,12,10,0.7381,0.6875,0.7692,0.6667,0.8293,23,46,6,9,0.8214,0.7188,0.8846,0.7541,0.8528,22,44,8,10,0.7857,0.6875,0.8462,0.7097,0.8492,24,54,6,2,0.907,0.9231,0.9,0.8571,0.9429,23,53,7,3,0.8837,0.8846,0.8833,0.8214,0.9179,24,51,9,2,0.8721,0.9231,0.85,0.8136,0.9385,23,51,9,3,0.8605,0.8846,0.85,0.7931,0.9462,24,53,7,2,0.8953,0.9231,0.8833,0.8421,0.9115
96,26,46,17,10,0.7273,0.7222,0.7302,0.6582,0.7963,20,51,12,16,0.7172,0.5556,0.8095,0.5882,0.8034,21,46,17,15,0.6768,0.5833,0.7302,0.5676,0.7562,26,51,12,10,0.7778,0.7222,0.8095,0.7027,0.7729,21,50,13,15,0.7172,0.5833,0.7937,0.6,0.8042,16,68,6,12,0.8235,0.5714,0.9189,0.64,0.7553,18,67,7,10,0.8333,0.6429,0.9054,0.6792,0.7616,18,68,6,10,0.8431,0.6429,0.9189,0.6923,0.7838,16,67,7,12,0.8137,0.5714,0.9054,0.6275,0.7732,18,64,10,10,0.8039,0.6429,0.8649,0.6429,0.7881,25,39,6,14,0.7619,0.641,0.8667,0.7143,0.8701,25,36,9,14,0.7262,0.641,0.8,0.6849,0.8581,28,37,8,11,0.7738,0.7179,0.8222,0.7467,0.8929,26,39,6,13,0.7738,0.6667,0.8667,0.7324,0.8701,28,41,4,11,0.8214,0.7179,0.9111,0.7887,0.8957,18,63,4,1,0.9419,0.9474,0.9403,0.878,0.967,17,62,5,2,0.9186,0.8947,0.9254,0.8293,0.9615,18,61,6,1,0.9186,0.9474,0.9104,0.8372,0.9623,17,61,6,2,0.907,0.8947,0.9104,0.8095,0.9599,18,62,5,1,0.9302,0.9474,0.9254,0.8571,0.9686
97,32,51,9,7,0.8384,0.8205,0.85,0.8,0.8756,27,56,4,12,0.8384,0.6923,0.9333,0.7714,0.8543,30,49,11,9,0.798,0.7692,0.8167,0.75,0.8581,32,56,4,7,0.8889,0.8205,0.9333,0.8533,0.8795,30,55,5,9,0.8586,0.7692,0.9167,0.8108,0.8885,15,73,5,9,0.8627,0.625,0.9359,0.6818,0.7756,15,77,1,9,0.902,0.625,0.9872,0.75,0.8077,15,73,5,9,0.8627,0.625,0.9359,0.6818,0.7666,15,78,0,9,0.9118,0.625,1.0,0.7692,0.7858,15,71,7,9,0.8431,0.625,0.9103,0.6522,0.7863,23,47,6,8,0.8333,0.7419,0.8868,0.7667,0.8558,23,42,11,8,0.7738,0.7419,0.7925,0.7077,0.8892,23,40,13,8,0.75,0.7419,0.7547,0.6866,0.8612,24,42,11,7,0.7857,0.7742,0.7925,0.7273,0.8898,23,40,13,8,0.75,0.7419,0.7547,0.6866,0.8661,23,55,3,5,0.907,0.8214,0.9483,0.8519,0.9058,22,55,3,6,0.8953,0.7857,0.9483,0.8302,0.8818,23,52,6,5,0.8721,0.8214,0.8966,0.807,0.9089,22,52,6,6,0.8605,0.7857,0.8966,0.7857,0.915,23,55,3,5,0.907,0.8214,0.9483,0.8519,0.9009
98,32,48,9,10,0.8081,0.7619,0.8421,0.7711,0.8713,29,53,4,13,0.8283,0.6905,0.9298,0.7733,0.8822,31,49,8,11,0.8081,0.7381,0.8596,0.7654,0.8538,32,53,4,10,0.8586,0.7619,0.9298,0.8205,0.8784,31,51,6,11,0.8283,0.7381,0.8947,0.7848,0.9014,20,69,4,9,0.8725,0.6897,0.9452,0.7547,0.8059,20,68,5,9,0.8627,0.6897,0.9315,0.7407,0.8021,19,63,10,10,0.8039,0.6552,0.863,0.6552,0.7662,19,68,5,10,0.8529,0.6552,0.9315,0.717,0.7889,19,62,11,10,0.7941,0.6552,0.8493,0.6441,0.7501,15,53,7,9,0.8095,0.625,0.8833,0.6522,0.8604,17,44,16,7,0.7262,0.7083,0.7333,0.5965,0.859,17,40,20,7,0.6786,0.7083,0.6667,0.5574,0.8354,19,50,10,5,0.8214,0.7917,0.8333,0.717,0.8771,17,46,14,7,0.75,0.7083,0.7667,0.6182,0.8667,28,50,2,6,0.907,0.8235,0.9615,0.875,0.9095,26,49,3,8,0.8721,0.7647,0.9423,0.8254,0.8852,28,49,3,6,0.8953,0.8235,0.9423,0.8615,0.9112,26,49,3,8,0.8721,0.7647,0.9423,0.8254,0.9361,28,49,3,6,0.8953,0.8235,0.9423,0.8615,0.9152
99,20,52,12,15,0.7273,0.5714,0.8125,0.597,0.7674,19,59,5,16,0.7879,0.5429,0.9219,0.6441,0.8187,19,54,10,16,0.7374,0.5429,0.8438,0.5937,0.7643,20,59,5,15,0.798,0.5714,0.9219,0.6667,0.7594,19,54,10,16,0.7374,0.5429,0.8438,0.5937,0.7906,15,69,7,11,0.8235,0.5769,0.9079,0.625,0.8026,18,69,7,8,0.8529,0.6923,0.9079,0.7059,0.8122,11,67,9,15,0.7647,0.4231,0.8816,0.4783,0.7788,10,71,5,16,0.7941,0.3846,0.9342,0.4878,0.8092,11,67,9,15,0.7647,0.4231,0.8816,0.4783,0.7991,20,46,7,11,0.7857,0.6452,0.8679,0.6897,0.804,20,43,10,11,0.75,0.6452,0.8113,0.6557,0.8259,20,40,13,11,0.7143,0.6452,0.7547,0.625,0.7918,21,43,10,10,0.7619,0.6774,0.8113,0.6774,0.8198,20,41,12,11,0.7262,0.6452,0.7736,0.6349,0.7973,16,61,6,3,0.8953,0.8421,0.9104,0.7805,0.8806,15,61,6,4,0.8837,0.7895,0.9104,0.75,0.8665,16,61,6,3,0.8953,0.8421,0.9104,0.7805,0.89,15,61,6,4,0.8837,0.7895,0.9104,0.75,0.9175,16,61,6,3,0.8953,0.8421,0.9104,0.7805,0.8657
100,28,52,12,7,0.8081,0.8,0.8125,0.7467,0.8536,25,53,11,10,0.7879,0.7143,0.8281,0.7042,0.8442,28,52,12,7,0.8081,0.8,0.8125,0.7467,0.8339,28,53,11,7,0.8182,0.8,0.8281,0.7568,0.8379,28,52,12,7,0.8081,0.8,0.8125,0.7467,0.8683,30,59,6,7,0.8725,0.8108,0.9077,0.8219,0.9077,32,61,4,5,0.9118,0.8649,0.9385,0.8767,0.8952,24,59,6,13,0.8137,0.6486,0.9077,0.7164,0.8674,24,62,3,13,0.8431,0.6486,0.9538,0.75,0.8865,24,59,6,13,0.8137,0.6486,0.9077,0.7164,0.8931,22,49,4,9,0.8452,0.7097,0.9245,0.7719,0.8332,20,47,6,11,0.7976,0.6452,0.8868,0.7018,0.8758,20,39,14,11,0.7024,0.6452,0.7358,0.6154,0.8332,20,47,6,11,0.7976,0.6452,0.8868,0.7018,0.8801,20,42,11,11,0.7381,0.6452,0.7925,0.6452,0.8606,23,54,6,3,0.8953,0.8846,0.9,0.8364,0.8846,23,54,6,3,0.8953,0.8846,0.9,0.8364,0.859,23,53,7,3,0.8837,0.8846,0.8833,0.8214,0.8974,23,53,7,3,0.8837,0.8846,0.8833,0.8214,0.9115,23,54,6,3,0.8953,0.8846,0.9,0.8364,0.884
101,21,51,13,14,0.7273,0.6,0.7969,0.6087,0.7906,20,53,11,15,0.7374,0.5714,0.8281,0.6061,0.8049,21,50,14,14,0.7172,0.6,0.7812,0.6,0.7741,21,53,11,14,0.7475,0.6,0.8281,0.6269,0.7667,21,52,12,14,0.7374,0.6,0.8125,0.6176,0.8071,25,65,4,8,0.8824,0.7576,0.942,0.8065,0.9218,28,65,4,5,0.9118,0.8485,0.942,0.8615,0.913,22,64,5,11,0.8431,0.6667,0.9275,0.7333,0.899,20,66,3,13,0.8431,0.6061,0.9565,0.7143,0.9047,22,64,5,11,0.8431,0.6667,0.9275,0.7333,0.9038,12,57,3,12,0.8214,0.5,0.95,0.6154,0.7729,12,50,10,12,0.7381,0.5,0.8333,0.5217,0.7854,16,48,12,8,0.7619,0.6667,0.8,0.6154,0.784,13,52,8,11,0.7738,0.5417,0.8667,0.5778,0.7889,16,50,10,8,0.7857,0.6667,0.8333,0.64,0.8153,14,59,8,5,0.8488,0.7368,0.8806,0.6829,0.8712,13,59,8,6,0.8372,0.6842,0.8806,0.65,0.8853,14,58,9,5,0.8372,0.7368,0.8657,0.6667,0.8476,13,58,9,6,0.8256,0.6842,0.8657,0.6341,0.8924,14,59,8,5,0.8488,0.7368,0.8806,0.6829,0.8743
102,26,47,11,15,0.7374,0.6341,0.8103,0.6667,0.7864,25,52,6,16,0.7778,0.6098,0.8966,0.6944,0.8162,25,48,10,16,0.7374,0.6098,0.8276,0.6579,0.7994,26,52,6,15,0.7879,0.6341,0.8966,0.7123,0.7914,25,51,7,16,0.7677,0.6098,0.8793,0.6849,0.8322,18,72,2,10,0.8824,0.6429,0.973,0.75,0.8074,19,65,9,9,0.8235,0.6786,0.8784,0.6786,0.805,16,65,9,12,0.7941,0.5714,0.8784,0.6038,0.763,16,65,9,12,0.7941,0.5714,0.8784,0.6038,0.8069,16,62,12,12,0.7647,0.5714,0.8378,0.5714,0.7886,17,47,5,15,0.7619,0.5312,0.9038,0.6296,0.8179,18,42,10,14,0.7143,0.5625,0.8077,0.6,0.8714,18,40,12,14,0.6905,0.5625,0.7692,0.5806,0.8606,19,44,8,13,0.75,0.5938,0.8462,0.6441,0.878,18,44,8,14,0.7381,0.5625,0.8462,0.6207,0.8606,23,55,2,6,0.907,0.7931,0.9649,0.8519,0.8633,22,54,3,7,0.8837,0.7586,0.9474,0.8148,0.8615,23,53,4,6,0.8837,0.7931,0.9298,0.8214,0.8627,22,53,4,7,0.8721,0.7586,0.9298,0.8,0.8923,23,54,3,6,0.8953,0.7931,0.9474,0.8364,0.8687
103,22,50,17,10,0.7273,0.6875,0.7463,0.6197,0.8008,18,54,13,14,0.7273,0.5625,0.806,0.5714,0.8279,19,53,14,13,0.7273,0.5938,0.791,0.5846,0.778,22,54,13,10,0.7677,0.6875,0.806,0.6567,0.7948,19,54,13,13,0.7374,0.5938,0.806,0.5938,0.833,17,65,6,14,0.8039,0.5484,0.9155,0.6296,0.7537,21,66,5,10,0.8529,0.6774,0.9296,0.7368,0.7706,17,66,5,14,0.8137,0.5484,0.9296,0.6415,0.7524,14,66,5,17,0.7843,0.4516,0.9296,0.56,0.7533,17,62,9,14,0.7745,0.5484,0.8732,0.5965,0.7651,25,42,7,10,0.7976,0.7143,0.8571,0.7463,0.8257,26,35,14,9,0.7262,0.7429,0.7143,0.6933,0.8181,26,35,14,9,0.7262,0.7429,0.7143,0.6933,0.8052,26,39,10,9,0.7738,0.7429,0.7959,0.7324,0.8292,26,38,11,9,0.7619,0.7429,0.7755,0.7222,0.8373,22,57,5,2,0.9186,0.9167,0.9194,0.8627,0.9348,22,57,5,2,0.9186,0.9167,0.9194,0.8627,0.9187,22,56,6,2,0.907,0.9167,0.9032,0.8462,0.9449,22,56,6,2,0.907,0.9167,0.9032,0.8462,0.9462,22,57,5,2,0.9186,0.9167,0.9194,0.8627,0.9321
104,21,58,10,10,0.798,0.6774,0.8529,0.6774,0.8055,17,61,7,14,0.7879,0.5484,0.8971,0.6182,0.8193,21,55,13,10,0.7677,0.6774,0.8088,0.6462,0.8098,21,61,7,10,0.8283,0.6774,0.8971,0.7119,0.8145,21,58,10,10,0.798,0.6774,0.8529,0.6774,0.8501,18,72,4,8,0.8824,0.6923,0.9474,0.75,0.8983,21,69,7,5,0.8824,0.8077,0.9079,0.7778,0.9084,19,70,6,7,0.8725,0.7308,0.9211,0.7451,0.8912,17,71,5,9,0.8627,0.6538,0.9342,0.7083,0.9054,19,69,7,7,0.8627,0.7308,0.9079,0.7308,0.8957,24,42,5,13,0.7857,0.6486,0.8936,0.7273,0.7809,24,39,8,13,0.75,0.6486,0.8298,0.6957,0.8562,24,36,11,13,0.7143,0.6486,0.766,0.6667,0.7993,25,38,9,12,0.75,0.6757,0.8085,0.7042,0.8189,24,37,10,13,0.7262,0.6486,0.7872,0.6761,0.8183,15,64,2,5,0.9186,0.75,0.9697,0.8108,0.8864,14,63,3,6,0.8953,0.7,0.9545,0.7568,0.8727,15,61,5,5,0.8837,0.75,0.9242,0.75,0.8697,14,61,5,6,0.8721,0.7,0.9242,0.7179,0.9189,15,63,3,5,0.907,0.75,0.9545,0.7895,0.8992
105,23,56,10,10,0.798,0.697,0.8485,0.697,0.8512,20,60,6,13,0.8081,0.6061,0.9091,0.678,0.8558,17,54,12,16,0.7172,0.5152,0.8182,0.5484,0.8214,23,60,6,10,0.8384,0.697,0.9091,0.7419,0.8545,17,58,8,16,0.7576,0.5152,0.8788,0.5862,0.8499,18,75,3,6,0.9118,0.75,0.9615,0.8,0.9354,21,72,6,3,0.9118,0.875,0.9231,0.8235,0.9626,19,72,6,5,0.8922,0.7917,0.9231,0.7755,0.9038,18,73,5,6,0.8922,0.75,0.9359,0.766,0.9599,19,69,9,5,0.8627,0.7917,0.8846,0.7308,0.9274,18,54,5,7,0.8571,0.72,0.9153,0.75,0.8529,18,52,7,7,0.8333,0.72,0.8814,0.72,0.8807,19,44,15,6,0.75,0.76,0.7458,0.6441,0.8644,19,50,9,6,0.8214,0.76,0.8475,0.717,0.8786,19,49,10,6,0.8095,0.76,0.8305,0.7037,0.8861,25,51,6,4,0.8837,0.8621,0.8947,0.8333,0.8893,24,51,6,5,0.8721,0.8276,0.8947,0.8136,0.8766,25,50,7,4,0.8721,0.8621,0.8772,0.8197,0.902,24,50,7,5,0.8605,0.8276,0.8772,0.8,0.922,25,51,6,4,0.8837,0.8621,0.8947,0.8333,0.8766
106,30,49,12,8,0.798,0.7895,0.8033,0.75,0.8408,28,54,7,10,0.8283,0.7368,0.8852,0.7671,0.8831,29,49,12,9,0.7879,0.7632,0.8033,0.7342,0.8339,30,54,7,8,0.8485,0.7895,0.8852,0.8,0.8475,29,50,11,9,0.798,0.7632,0.8197,0.7436,0.8874,19,67,9,7,0.8431,0.7308,0.8816,0.7037,0.8634,20,67,9,6,0.8529,0.7692,0.8816,0.7273,0.8512,17,66,10,9,0.8137,0.6538,0.8684,0.6415,0.8249,17,72,4,9,0.8725,0.6538,0.9474,0.7234,0.8446,17,63,13,9,0.7843,0.6538,0.8289,0.6071,0.8355,30,43,5,6,0.869,0.8333,0.8958,0.8451,0.8877,30,41,7,6,0.8452,0.8333,0.8542,0.8219,0.9138,30,36,12,6,0.7857,0.8333,0.75,0.7692,0.8883,31,39,9,5,0.8333,0.8611,0.8125,0.8158,0.912,30,39,9,6,0.8214,0.8333,0.8125,0.8,0.908,26,54,3,3,0.9302,0.8966,0.9474,0.8966,0.905,25,52,5,4,0.8953,0.8621,0.9123,0.8475,0.8911,26,51,6,3,0.8953,0.8966,0.8947,0.8525,0.9153,25,51,6,4,0.8837,0.8621,0.8947,0.8333,0.9286,26,52,5,3,0.907,0.8966,0.9123,0.8667,0.9087
107,23,59,8,9,0.8283,0.7188,0.8806,0.7302,0.8601,22,60,7,10,0.8283,0.6875,0.8955,0.7213,0.8493,22,58,9,10,0.8081,0.6875,0.8657,0.6984,0.854,23,60,7,9,0.8384,0.7188,0.8955,0.7419,0.8554,22,59,8,10,0.8182,0.6875,0.8806,0.7097,0.8559,15,79,1,7,0.9216,0.6818,0.9875,0.7895,0.892,19,79,1,3,0.9608,0.8636,0.9875,0.9048,0.9653,16,77,3,6,0.9118,0.7273,0.9625,0.7805,0.9057,15,79,1,7,0.9216,0.6818,0.9875,0.7895,0.9386,16,75,5,6,0.8922,0.7273,0.9375,0.7442,0.9313,26,51,3,4,0.9167,0.8667,0.9444,0.8814,0.9444,27,44,10,3,0.8452,0.9,0.8148,0.806,0.9333,28,42,12,2,0.8333,0.9333,0.7778,0.8,0.9235,28,45,9,2,0.869,0.9333,0.8333,0.8358,0.9438,28,44,10,2,0.8571,0.9333,0.8148,0.8235,0.9401,21,55,6,4,0.8837,0.84,0.9016,0.8077,0.9318,19,55,6,6,0.8605,0.76,0.9016,0.76,0.9292,21,55,6,4,0.8837,0.84,0.9016,0.8077,0.9134,19,55,6,6,0.8605,0.76,0.9016,0.76,0.9305,21,55,6,4,0.8837,0.84,0.9016,0.8077,0.9252
108,26,50,16,7,0.7677,0.7879,0.7576,0.6933,0.8545,21,52,14,12,0.7374,0.6364,0.7879,0.6176,0.8457,22,49,17,11,0.7172,0.6667,0.7424,0.6111,0.8173,26,52,14,7,0.7879,0.7879,0.7879,0.7123,0.8306,22,51,15,11,0.7374,0.6667,0.7727,0.6286,0.8466,18,77,2,5,0.9314,0.7826,0.9747,0.8372,0.8712,19,75,4,4,0.9216,0.8261,0.9494,0.8261,0.8624,15,75,4,8,0.8824,0.6522,0.9494,0.7143,0.8415,15,75,4,8,0.8824,0.6522,0.9494,0.7143,0.8663,15,69,10,8,0.8235,0.6522,0.8734,0.625,0.8338,23,39,7,15,0.7381,0.6053,0.8478,0.6765,0.7981,24,36,10,14,0.7143,0.6316,0.7826,0.6667,0.8518,25,30,16,13,0.6548,0.6579,0.6522,0.6329,0.8227,27,35,11,11,0.7381,0.7105,0.7609,0.7105,0.8524,25,37,9,13,0.7381,0.6579,0.8043,0.6944,0.8461,24,59,2,1,0.9651,0.96,0.9672,0.9412,0.983,22,55,6,3,0.8953,0.88,0.9016,0.8302,0.9718,24,54,7,1,0.907,0.96,0.8852,0.8571,0.9508,22,54,7,3,0.8837,0.88,0.8852,0.8148,0.9489,24,55,6,1,0.9186,0.96,0.9016,0.8727,0.9816
109,28,51,12,8,0.798,0.7778,0.8095,0.7368,0.8832,26,54,9,10,0.8081,0.7222,0.8571,0.7324,0.8673,27,51,12,9,0.7879,0.75,0.8095,0.72,0.8726,28,54,9,8,0.8283,0.7778,0.8571,0.7671,0.8646,27,53,10,9,0.8081,0.75,0.8413,0.7397,0.9087,20,66,5,11,0.8431,0.6452,0.9296,0.7143,0.876,26,67,4,5,0.9118,0.8387,0.9437,0.8525,0.9468,23,66,5,8,0.8725,0.7419,0.9296,0.7797,0.9091,20,67,4,11,0.8529,0.6452,0.9437,0.7273,0.9296,23,63,8,8,0.8431,0.7419,0.8873,0.7419,0.9269,30,40,4,10,0.8333,0.75,0.9091,0.8108,0.8824,31,34,10,9,0.7738,0.775,0.7727,0.7654,0.858,32,35,9,8,0.7976,0.8,0.7955,0.7901,0.8858,32,39,5,8,0.8452,0.8,0.8864,0.8312,0.8784,32,39,5,8,0.8452,0.8,0.8864,0.8312,0.8852,25,53,7,1,0.907,0.9615,0.8833,0.8621,0.9096,23,53,7,3,0.8837,0.8846,0.8833,0.8214,0.9128,25,53,7,1,0.907,0.9615,0.8833,0.8621,0.9231,23,53,7,3,0.8837,0.8846,0.8833,0.8214,0.925,25,53,7,1,0.907,0.9615,0.8833,0.8621,0.8923
110,19,60,9,11,0.798,0.6333,0.8696,0.6552,0.8285,16,62,7,14,0.7879,0.5333,0.8986,0.6038,0.8227,18,61,8,12,0.798,0.6,0.8841,0.6429,0.8246,19,62,7,11,0.8182,0.6333,0.8986,0.6786,0.8246,18,62,7,12,0.8081,0.6,0.8986,0.6545,0.8565,20,70,4,8,0.8824,0.7143,0.9459,0.7692,0.8822,22,69,5,6,0.8922,0.7857,0.9324,0.8,0.8571,17,69,5,11,0.8431,0.6071,0.9324,0.68,0.8533,17,69,5,11,0.8431,0.6071,0.9324,0.68,0.8711,17,67,7,11,0.8235,0.6071,0.9054,0.6538,0.8634,20,45,10,9,0.7738,0.6897,0.8182,0.678,0.842,20,43,12,9,0.75,0.6897,0.7818,0.6557,0.874,21,43,12,8,0.7619,0.7241,0.7818,0.6774,0.832,22,47,8,7,0.8214,0.7586,0.8545,0.7458,0.8771,21,44,11,8,0.7738,0.7241,0.8,0.6885,0.8708,20,62,2,2,0.9535,0.9091,0.9688,0.9091,0.9219,19,61,3,3,0.9302,0.8636,0.9531,0.8636,0.9098,20,60,4,2,0.9302,0.9091,0.9375,0.8696,0.9304,19,60,4,3,0.9186,0.8636,0.9375,0.8444,0.9411,20,61,3,2,0.9419,0.9091,0.9531,0.8889,0.9254
111,29,46,16,8,0.7576,0.7838,0.7419,0.7073,0.8679,26,52,10,11,0.7879,0.7027,0.8387,0.7123,0.8561,28,46,16,9,0.7475,0.7568,0.7419,0.6914,0.8431,29,52,10,8,0.8182,0.7838,0.8387,0.7632,0.8688,28,51,11,9,0.798,0.7568,0.8226,0.7368,0.8932,16,67,5,14,0.8137,0.5333,0.9306,0.6275,0.7509,19,70,2,11,0.8725,0.6333,0.9722,0.7451,0.7722,13,69,3,17,0.8039,0.4333,0.9583,0.5652,0.737,12,71,1,18,0.8137,0.4,0.9861,0.5581,0.7769,13,68,4,17,0.7941,0.4333,0.9444,0.5532,0.775,24,45,4,11,0.8214,0.6857,0.9184,0.7619,0.8636,24,41,8,11,0.7738,0.6857,0.8367,0.7164,0.8799,26,40,9,9,0.7857,0.7429,0.8163,0.7429,0.8659,24,44,5,11,0.8095,0.6857,0.898,0.75,0.8956,26,43,6,9,0.8214,0.7429,0.8776,0.7761,0.8723,24,55,4,3,0.9186,0.8889,0.9322,0.8727,0.9379,24,54,5,3,0.907,0.8889,0.9153,0.8571,0.951,24,53,6,3,0.8953,0.8889,0.8983,0.8421,0.9247,24,53,6,3,0.8953,0.8889,0.8983,0.8421,0.9404,24,54,5,3,0.907,0.8889,0.9153,0.8571,0.9328
112,26,49,13,11,0.7576,0.7027,0.7903,0.6842,0.8317,25,54,8,12,0.798,0.6757,0.871,0.7143,0.8474,25,49,13,12,0.7475,0.6757,0.7903,0.6667,0.8265,26,54,8,11,0.8081,0.7027,0.871,0.7324,0.8335,25,52,10,12,0.7778,0.6757,0.8387,0.6944,0.8553,22,67,2,11,0.8725,0.6667,0.971,0.7719,0.8085,23,67,2,10,0.8824,0.697,0.971,0.7931,0.8248,21,64,5,12,0.8333,0.6364,0.9275,0.7119,0.7975,21,67,2,12,0.8627,0.6364,0.971,0.75,0.8002,21,64,5,12,0.8333,0.6364,0.9275,0.7119,0.8134,21,49,7,7,0.8333,0.75,0.875,0.75,0.8457,18,42,14,10,0.7143,0.6429,0.75,0.6,0.8546,18,41,15,10,0.7024,0.6429,0.7321,0.5902,0.8233,20,44,12,8,0.7619,0.7143,0.7857,0.6667,0.8514,18,41,15,10,0.7024,0.6429,0.7321,0.5902,0.8386,17,64,3,2,0.9419,0.8947,0.9552,0.8718,0.9285,15,64,3,4,0.9186,0.7895,0.9552,0.8108,0.9246,17,64,3,2,0.9419,0.8947,0.9552,0.8718,0.9277,15,64,3,4,0.9186,0.7895,0.9552,0.8108,0.9458,17,64,3,2,0.9419,0.8947,0.9552,0.8718,0.9285
113,22,58,12,7,0.8081,0.7586,0.8286,0.6984,0.8468,17,61,9,12,0.7879,0.5862,0.8714,0.6182,0.8419,18,59,11,11,0.7778,0.6207,0.8429,0.6207,0.8281,22,61,9,7,0.8384,0.7586,0.8714,0.7333,0.8335,18,61,9,11,0.798,0.6207,0.8714,0.6429,0.8734,21,70,7,4,0.8922,0.84,0.9091,0.7925,0.9413,23,68,9,2,0.8922,0.92,0.8831,0.807,0.9143,19,69,8,6,0.8627,0.76,0.8961,0.7308,0.9029,18,68,9,7,0.8431,0.72,0.8831,0.6923,0.9143,19,66,11,6,0.8333,0.76,0.8571,0.6909,0.9081,19,45,7,13,0.7619,0.5938,0.8654,0.6552,0.7782,19,38,14,13,0.6786,0.5938,0.7308,0.5846,0.8275,20,39,13,12,0.7024,0.625,0.75,0.6154,0.7939,20,43,9,12,0.75,0.625,0.8269,0.6557,0.8017,20,44,8,12,0.7619,0.625,0.8462,0.6667,0.8263,19,62,4,1,0.9419,0.95,0.9394,0.8837,0.9621,18,59,7,2,0.8953,0.9,0.8939,0.8,0.9455,19,58,8,1,0.8953,0.95,0.8788,0.8085,0.9561,18,58,8,2,0.8837,0.9,0.8788,0.7826,0.9485,19,59,7,1,0.907,0.95,0.8939,0.8261,0.9591
114,27,51,10,11,0.7879,0.7105,0.8361,0.72,0.827,26,54,7,12,0.8081,0.6842,0.8852,0.7324,0.8343,25,50,11,13,0.7576,0.6579,0.8197,0.6757,0.8046,27,54,7,11,0.8182,0.7105,0.8852,0.75,0.8289,25,52,9,13,0.7778,0.6579,0.8525,0.6944,0.8589,16,69,9,8,0.8333,0.6667,0.8846,0.6531,0.8178,18,69,9,6,0.8529,0.75,0.8846,0.7059,0.8269,13,70,8,11,0.8137,0.5417,0.8974,0.5778,0.7751,13,71,7,11,0.8235,0.5417,0.9103,0.5909,0.8082,13,68,10,11,0.7941,0.5417,0.8718,0.5532,0.7975,24,44,3,13,0.8095,0.6486,0.9362,0.75,0.8729,24,41,6,13,0.7738,0.6486,0.8723,0.7164,0.9132,27,40,7,10,0.7976,0.7297,0.8511,0.7606,0.8654,25,42,5,12,0.7976,0.6757,0.8936,0.7463,0.8948,27,43,4,10,0.8333,0.7297,0.9149,0.7941,0.9155,28,53,3,2,0.9419,0.9333,0.9464,0.918,0.9375,26,52,4,4,0.907,0.8667,0.9286,0.8667,0.9298,28,51,5,2,0.9186,0.9333,0.9107,0.8889,0.9458,26,51,5,4,0.8953,0.8667,0.9107,0.8525,0.9452,28,52,4,2,0.9302,0.9333,0.9286,0.9032,0.9327
115,20,65,9,5,0.8586,0.8,0.8784,0.7407,0.8568,18,65,9,7,0.8384,0.72,0.8784,0.6923,0.8654,16,64,10,9,0.8081,0.64,0.8649,0.6275,0.8697,20,65,9,5,0.8586,0.8,0.8784,0.7407,0.853,16,61,13,9,0.7778,0.64,0.8243,0.5926,0.8886,27,58,11,6,0.8333,0.8182,0.8406,0.7606,0.9152,30,61,8,3,0.8922,0.9091,0.8841,0.8451,0.9433,25,60,9,8,0.8333,0.7576,0.8696,0.7463,0.917,24,64,5,9,0.8627,0.7273,0.9275,0.7742,0.9328,25,60,9,8,0.8333,0.7576,0.8696,0.7463,0.9297,22,50,4,8,0.8571,0.7333,0.9259,0.7857,0.8302,23,43,11,7,0.7857,0.7667,0.7963,0.7188,0.8556,23,40,14,7,0.75,0.7667,0.7407,0.6866,0.8031,24,46,8,6,0.8333,0.8,0.8519,0.7742,0.8488,23,44,10,7,0.7976,0.7667,0.8148,0.7302,0.8185,22,58,5,1,0.9302,0.9565,0.9206,0.88,0.9614,22,58,5,1,0.9302,0.9565,0.9206,0.88,0.951,22,58,5,1,0.9302,0.9565,0.9206,0.88,0.96,22,58,5,1,0.9302,0.9565,0.9206,0.88,0.9614,22,58,5,1,0.9302,0.9565,0.9206,0.88,0.9545
116,24,56,11,8,0.8081,0.75,0.8358,0.7164,0.8643,20,59,8,12,0.798,0.625,0.8806,0.6667,0.8717,22,53,14,10,0.7576,0.6875,0.791,0.6471,0.8368,24,59,8,8,0.8384,0.75,0.8806,0.75,0.8272,22,58,9,10,0.8081,0.6875,0.8657,0.6984,0.8647,12,84,3,3,0.9412,0.8,0.9655,0.8,0.9226,13,84,3,2,0.951,0.8667,0.9655,0.8387,0.9356,12,84,3,3,0.9412,0.8,0.9655,0.8,0.9119,12,84,3,3,0.9412,0.8,0.9655,0.8,0.9379,12,81,6,3,0.9118,0.8,0.931,0.7273,0.9165,19,52,8,5,0.8452,0.7917,0.8667,0.7451,0.9083,19,49,11,5,0.8095,0.7917,0.8167,0.7037,0.9042,20,40,20,4,0.7143,0.8333,0.6667,0.625,0.8993,21,53,7,3,0.881,0.875,0.8833,0.8077,0.9292,20,50,10,4,0.8333,0.8333,0.8333,0.7407,0.9174,24,54,6,2,0.907,0.9231,0.9,0.8571,0.9333,22,54,6,4,0.8837,0.8462,0.9,0.8148,0.9244,24,54,6,2,0.907,0.9231,0.9,0.8571,0.9295,22,54,6,4,0.8837,0.8462,0.9,0.8148,0.9244,24,54,6,2,0.907,0.9231,0.9,0.8571,0.9154
117,28,54,10,7,0.8283,0.8,0.8438,0.7671,0.8594,22,55,9,13,0.7778,0.6286,0.8594,0.6667,0.842,26,52,12,9,0.7879,0.7429,0.8125,0.7123,0.833,28,55,9,7,0.8384,0.8,0.8594,0.7778,0.8469,26,54,10,9,0.8081,0.7429,0.8438,0.7324,0.8674,23,72,3,4,0.9314,0.8519,0.96,0.8679,0.9343,23,71,4,4,0.9216,0.8519,0.9467,0.8519,0.9012,20,69,6,7,0.8725,0.7407,0.92,0.7547,0.8963,20,72,3,7,0.902,0.7407,0.96,0.8,0.9072,20,68,7,7,0.8627,0.7407,0.9067,0.7407,0.9027,23,47,6,8,0.8333,0.7419,0.8868,0.7667,0.8478,21,43,10,10,0.7619,0.6774,0.8113,0.6774,0.8996,22,43,10,9,0.7738,0.7097,0.8113,0.6984,0.8764,21,46,7,10,0.7976,0.6774,0.8679,0.7119,0.9032,22,45,8,9,0.7976,0.7097,0.8491,0.7213,0.8771,22,57,5,2,0.9186,0.9167,0.9194,0.8627,0.9227,22,56,6,2,0.907,0.9167,0.9032,0.8462,0.8999,22,55,7,2,0.8953,0.9167,0.8871,0.8302,0.9375,22,55,7,2,0.8953,0.9167,0.8871,0.8302,0.9476,22,56,6,2,0.907,0.9167,0.9032,0.8462,0.9194
118,29,50,13,7,0.798,0.8056,0.7937,0.7436,0.8743,27,57,6,9,0.8485,0.75,0.9048,0.7826,0.8779,28,55,8,8,0.8384,0.7778,0.873,0.7778,0.8624,29,57,6,7,0.8687,0.8056,0.9048,0.8169,0.8816,28,55,8,8,0.8384,0.7778,0.873,0.7778,0.8796,15,76,4,7,0.8922,0.6818,0.95,0.7317,0.896,18,74,6,4,0.902,0.8182,0.925,0.7826,0.8972,15,73,7,7,0.8627,0.6818,0.9125,0.6818,0.8545,14,76,4,8,0.8824,0.6364,0.95,0.7,0.8994,15,72,8,7,0.8529,0.6818,0.9,0.6667,0.8625,18,54,4,8,0.8571,0.6923,0.931,0.75,0.8422,17,45,13,9,0.7381,0.6538,0.7759,0.6071,0.8581,18,44,14,8,0.7381,0.6923,0.7586,0.6207,0.8382,18,48,10,8,0.7857,0.6923,0.8276,0.6667,0.8548,18,47,11,8,0.7738,0.6923,0.8103,0.6545,0.8534,23,53,6,4,0.8837,0.8519,0.8983,0.8214,0.909,22,52,7,5,0.8605,0.8148,0.8814,0.7857,0.9002,23,51,8,4,0.8605,0.8519,0.8644,0.7931,0.8989,22,51,8,5,0.8488,0.8148,0.8644,0.7719,0.9228,23,52,7,4,0.8721,0.8519,0.8814,0.807,0.8738
119,21,52,20,6,0.7374,0.7778,0.7222,0.6176,0.8488,19,59,13,8,0.7879,0.7037,0.8194,0.6441,0.8483,18,55,17,9,0.7374,0.6667,0.7639,0.5806,0.822,21,59,13,6,0.8081,0.7778,0.8194,0.6885,0.8372,18,58,14,9,0.7677,0.6667,0.8056,0.6102,0.8601,22,67,7,6,0.8725,0.7857,0.9054,0.7719,0.9054,25,69,5,3,0.9216,0.8929,0.9324,0.8621,0.9257,21,70,4,7,0.8922,0.75,0.9459,0.7925,0.9175,19,70,4,9,0.8725,0.6786,0.9459,0.7451,0.9155,21,69,5,7,0.8824,0.75,0.9324,0.7778,0.9329,11,53,7,13,0.7619,0.4583,0.8833,0.5238,0.6792,12,47,13,12,0.7024,0.5,0.7833,0.4898,0.7354,14,43,17,10,0.6786,0.5833,0.7167,0.5091,0.7174,12,53,7,12,0.7738,0.5,0.8833,0.5581,0.7278,14,51,9,10,0.7738,0.5833,0.85,0.5957,0.7632,22,58,4,2,0.9302,0.9167,0.9355,0.88,0.9355,22,57,5,2,0.9186,0.9167,0.9194,0.8627,0.9254,22,55,7,2,0.8953,0.9167,0.8871,0.8302,0.9348,22,55,7,2,0.8953,0.9167,0.8871,0.8302,0.9469,22,57,5,2,0.9186,0.9167,0.9194,0.8627,0.9362
120,23,53,13,10,0.7677,0.697,0.803,0.6667,0.8228,20,58,8,13,0.7879,0.6061,0.8788,0.6557,0.8416,22,53,13,11,0.7576,0.6667,0.803,0.6471,0.815,23,58,8,10,0.8182,0.697,0.8788,0.7188,0.7934,22,57,9,11,0.798,0.6667,0.8636,0.6875,0.8388,22,66,7,7,0.8627,0.7586,0.9041,0.7586,0.854,23,70,3,6,0.9118,0.7931,0.9589,0.8364,0.8838,19,69,4,10,0.8627,0.6552,0.9452,0.7308,0.8654,19,70,3,10,0.8725,0.6552,0.9589,0.7451,0.8696,19,69,4,10,0.8627,0.6552,0.9452,0.7308,0.8824,17,49,4,14,0.7857,0.5484,0.9245,0.6538,0.8028,18,47,6,13,0.7738,0.5806,0.8868,0.6545,0.8911,19,44,9,12,0.75,0.6129,0.8302,0.6441,0.8101,19,49,4,12,0.8095,0.6129,0.9245,0.7037,0.8624,19,45,8,12,0.7619,0.6129,0.8491,0.6552,0.8594,22,55,7,2,0.8953,0.9167,0.8871,0.8302,0.9261,22,51,11,2,0.8488,0.9167,0.8226,0.7719,0.8972,22,50,12,2,0.8372,0.9167,0.8065,0.7586,0.9207,22,50,12,2,0.8372,0.9167,0.8065,0.7586,0.9187,22,51,11,2,0.8488,0.9167,0.8226,0.7719,0.8858
121,28,51,12,8,0.798,0.7778,0.8095,0.7368,0.8735,25,56,7,11,0.8182,0.6944,0.8889,0.7353,0.8774,26,50,13,10,0.7677,0.7222,0.7937,0.6933,0.8399,28,56,7,8,0.8485,0.7778,0.8889,0.7887,0.8646,26,54,9,10,0.8081,0.7222,0.8571,0.7324,0.8955,15,78,4,5,0.9118,0.75,0.9512,0.7692,0.8774,17,77,5,3,0.9216,0.85,0.939,0.8095,0.9098,14,77,5,6,0.8922,0.7,0.939,0.7179,0.8866,13,79,3,7,0.902,0.65,0.9634,0.7222,0.8945,14,74,8,6,0.8627,0.7,0.9024,0.6667,0.9049,26,47,5,6,0.869,0.8125,0.9038,0.8254,0.8996,25,40,12,7,0.7738,0.7812,0.7692,0.7246,0.8918,25,39,13,7,0.7619,0.7812,0.75,0.7143,0.8954,26,46,6,6,0.8571,0.8125,0.8846,0.8125,0.8996,25,45,7,7,0.8333,0.7812,0.8654,0.7812,0.9032,27,56,3,0,0.9651,1.0,0.9492,0.9474,0.9849,25,55,4,2,0.9302,0.9259,0.9322,0.8929,0.9849,27,55,4,0,0.9535,1.0,0.9322,0.931,0.9918,25,55,4,2,0.9302,0.9259,0.9322,0.8929,0.9874,27,55,4,0,0.9535,1.0,0.9322,0.931,0.9887
122,26,53,15,5,0.798,0.8387,0.7794,0.7222,0.8885,26,58,10,5,0.8485,0.8387,0.8529,0.7761,0.9013,23,52,16,8,0.7576,0.7419,0.7647,0.6571,0.8601,26,58,10,5,0.8485,0.8387,0.8529,0.7761,0.8866,23,53,15,8,0.7677,0.7419,0.7794,0.6667,0.8861,17,78,4,3,0.9314,0.85,0.9512,0.8293,0.8799,17,78,4,3,0.9314,0.85,0.9512,0.8293,0.8945,15,77,5,5,0.902,0.75,0.939,0.75,0.8799,15,80,2,5,0.9314,0.75,0.9756,0.8108,0.8732,15,73,9,5,0.8627,0.75,0.8902,0.6818,0.889,20,43,10,11,0.75,0.6452,0.8113,0.6557,0.7608,22,43,10,9,0.7738,0.7097,0.8113,0.6984,0.8296,23,37,16,8,0.7143,0.7419,0.6981,0.6571,0.7985,22,42,11,9,0.7619,0.7097,0.7925,0.6875,0.8357,23,40,13,8,0.75,0.7419,0.7547,0.6866,0.8308,25,57,3,1,0.9535,0.9615,0.95,0.9259,0.9558,25,56,4,1,0.9419,0.9615,0.9333,0.9091,0.9628,25,55,5,1,0.9302,0.9615,0.9167,0.8929,0.9558,25,55,5,1,0.9302,0.9615,0.9167,0.8929,0.9628,25,56,4,1,0.9419,0.9615,0.9333,0.9091,0.959
123,29,44,14,12,0.7374,0.7073,0.7586,0.6905,0.7843,25,51,7,16,0.7677,0.6098,0.8793,0.6849,0.7754,27,47,11,14,0.7475,0.6585,0.8103,0.6835,0.7771,29,51,7,12,0.8081,0.7073,0.8793,0.7532,0.783,27,47,11,14,0.7475,0.6585,0.8103,0.6835,0.791,20,64,7,11,0.8235,0.6452,0.9014,0.6897,0.7796,21,65,6,10,0.8431,0.6774,0.9155,0.7241,0.7978,20,65,6,11,0.8333,0.6452,0.9155,0.7018,0.7896,19,68,3,12,0.8529,0.6129,0.9577,0.717,0.7987,20,64,7,11,0.8235,0.6452,0.9014,0.6897,0.8005,18,48,6,12,0.7857,0.6,0.8889,0.6667,0.8111,19,44,10,11,0.75,0.6333,0.8148,0.6441,0.8407,20,44,10,10,0.7619,0.6667,0.8148,0.6667,0.8438,20,48,6,10,0.8095,0.6667,0.8889,0.7143,0.8562,20,46,8,10,0.7857,0.6667,0.8519,0.6897,0.8586,21,54,7,4,0.8721,0.84,0.8852,0.7925,0.857,20,53,8,5,0.8488,0.8,0.8689,0.7547,0.8243,21,49,12,4,0.814,0.84,0.8033,0.7241,0.8649,20,49,12,5,0.8023,0.8,0.8033,0.7018,0.8708,21,53,8,4,0.8605,0.84,0.8689,0.7778,0.8321
124,25,51,13,10,0.7677,0.7143,0.7969,0.6849,0.8429,23,58,6,12,0.8182,0.6571,0.9062,0.7188,0.8634,23,51,13,12,0.7475,0.6571,0.7969,0.6479,0.8263,25,58,6,10,0.8384,0.7143,0.9062,0.7576,0.8083,23,55,9,12,0.7879,0.6571,0.8594,0.6866,0.8567,28,64,3,7,0.902,0.8,0.9552,0.8485,0.9041,30,63,4,5,0.9118,0.8571,0.9403,0.8696,0.9015,26,64,3,9,0.8824,0.7429,0.9552,0.8125,0.8908,26,64,3,9,0.8824,0.7429,0.9552,0.8125,0.9053,26,60,7,9,0.8431,0.7429,0.8955,0.7647,0.8942,25,40,9,10,0.7738,0.7143,0.8163,0.7246,0.7854,24,35,14,11,0.7024,0.6857,0.7143,0.6575,0.8128,24,27,22,11,0.6071,0.6857,0.551,0.5926,0.7872,24,36,13,11,0.7143,0.6857,0.7347,0.6667,0.8082,24,32,17,11,0.6667,0.6857,0.6531,0.6316,0.7988,24,59,3,0,0.9651,1.0,0.9516,0.9412,0.9738,24,57,5,0,0.9419,1.0,0.9194,0.9057,0.9731,24,55,7,0,0.9186,1.0,0.8871,0.8727,0.963,24,55,7,0,0.9186,1.0,0.8871,0.8727,0.9698,24,57,5,0,0.9419,1.0,0.9194,0.9057,0.9718
125,23,53,12,11,0.7677,0.6765,0.8154,0.6667,0.8344,17,56,9,17,0.7374,0.5,0.8615,0.5667,0.8281,18,54,11,16,0.7273,0.5294,0.8308,0.5714,0.7792,23,56,9,11,0.798,0.6765,0.8615,0.697,0.8208,18,55,10,16,0.7374,0.5294,0.8462,0.5806,0.8412,23,64,6,9,0.8529,0.7188,0.9143,0.7541,0.8496,25,60,10,7,0.8333,0.7812,0.8571,0.7463,0.8406,19,62,8,13,0.7941,0.5938,0.8857,0.6441,0.8049,18,60,10,14,0.7647,0.5625,0.8571,0.6,0.8272,19,58,12,13,0.7549,0.5938,0.8286,0.6032,0.8281,18,47,6,13,0.7738,0.5806,0.8868,0.6545,0.7912,14,40,13,17,0.6429,0.4516,0.7547,0.4828,0.7687,14,38,15,17,0.619,0.4516,0.717,0.4667,0.7578,17,47,6,14,0.7619,0.5484,0.8868,0.6296,0.8138,14,46,7,17,0.7143,0.4516,0.8679,0.5385,0.8107,22,56,6,2,0.907,0.9167,0.9032,0.8462,0.918,19,54,8,5,0.8488,0.7917,0.871,0.7451,0.9012,22,54,8,2,0.8837,0.9167,0.871,0.8148,0.9247,19,54,8,5,0.8488,0.7917,0.871,0.7451,0.9281,22,54,8,2,0.8837,0.9167,0.871,0.8148,0.9059
126,29,54,7,9,0.8384,0.7632,0.8852,0.7838,0.8753,27,54,7,11,0.8182,0.7105,0.8852,0.75,0.8814,26,53,8,12,0.798,0.6842,0.8689,0.7222,0.8745,29,54,7,9,0.8384,0.7632,0.8852,0.7838,0.8671,26,54,7,12,0.8081,0.6842,0.8852,0.7324,0.8896,27,64,3,8,0.8922,0.7714,0.9552,0.8308,0.8832,30,64,3,5,0.9216,0.8571,0.9552,0.8824,0.8772,26,66,1,9,0.902,0.7429,0.9851,0.8387,0.8793,23,64,3,12,0.8529,0.6571,0.9552,0.7541,0.8708,26,62,5,9,0.8627,0.7429,0.9254,0.7879,0.8844,20,42,10,12,0.7381,0.625,0.8077,0.6452,0.7644,22,33,19,10,0.6548,0.6875,0.6346,0.6027,0.7776,22,34,18,10,0.6667,0.6875,0.6538,0.6111,0.7674,24,38,14,8,0.7381,0.75,0.7308,0.6857,0.7909,22,37,15,10,0.7024,0.6875,0.7115,0.6377,0.7939,22,57,3,4,0.9186,0.8462,0.95,0.8627,0.9385,20,55,5,6,0.8721,0.7692,0.9167,0.7843,0.9288,22,55,5,4,0.8953,0.8462,0.9167,0.8302,0.9064,20,55,5,6,0.8721,0.7692,0.9167,0.7843,0.9237,22,55,5,4,0.8953,0.8462,0.9167,0.8302,0.9385
127,24,56,12,7,0.8081,0.7742,0.8235,0.7164,0.8392,21,58,10,10,0.798,0.6774,0.8529,0.6774,0.8468,20,57,11,11,0.7778,0.6452,0.8382,0.6452,0.8235,24,58,10,7,0.8283,0.7742,0.8529,0.7385,0.8314,20,56,12,11,0.7677,0.6452,0.8235,0.6349,0.8667,24,63,5,10,0.8529,0.7059,0.9265,0.7619,0.8283,26,62,6,8,0.8627,0.7647,0.9118,0.7879,0.8222,20,63,5,14,0.8137,0.5882,0.9265,0.678,0.7963,19,64,4,15,0.8137,0.5588,0.9412,0.6667,0.8183,20,58,10,14,0.7647,0.5882,0.8529,0.625,0.8049,24,46,7,7,0.8333,0.7742,0.8679,0.7742,0.832,23,39,14,8,0.7381,0.7419,0.7358,0.6765,0.8381,24,32,21,7,0.6667,0.7742,0.6038,0.6316,0.8125,23,39,14,8,0.7381,0.7419,0.7358,0.6765,0.8375,24,38,15,7,0.7381,0.7742,0.717,0.6857,0.8399,24,56,3,3,0.9302,0.8889,0.9492,0.8889,0.9272,24,55,4,3,0.9186,0.8889,0.9322,0.8727,0.9071,24,55,4,3,0.9186,0.8889,0.9322,0.8727,0.9322,24,55,4,3,0.9186,0.8889,0.9322,0.8727,0.9422,24,55,4,3,0.9186,0.8889,0.9322,0.8727,0.9272
128,24,46,17,12,0.7071,0.6667,0.7302,0.6234,0.7712,23,49,14,13,0.7273,0.6389,0.7778,0.6301,0.7954,23,44,19,13,0.6768,0.6389,0.6984,0.5897,0.7566,24,49,14,12,0.7374,0.6667,0.7778,0.6486,0.7496,23,49,14,13,0.7273,0.6389,0.7778,0.6301,0.7981,15,76,2,9,0.8922,0.625,0.9744,0.7317,0.7949,16,77,1,8,0.9118,0.6667,0.9872,0.7805,0.8419,11,76,2,13,0.8529,0.4583,0.9744,0.5946,0.7879,11,77,1,13,0.8627,0.4583,0.9872,0.6111,0.8221,11,74,4,13,0.8333,0.4583,0.9487,0.5641,0.8093,15,49,4,16,0.7619,0.4839,0.9245,0.6,0.8381,18,40,13,13,0.6905,0.5806,0.7547,0.5806,0.8618,23,38,15,8,0.7262,0.7419,0.717,0.6667,0.8509,19,45,8,12,0.7619,0.6129,0.8491,0.6552,0.8801,23,44,9,8,0.7976,0.7419,0.8302,0.7302,0.8655,27,51,5,3,0.907,0.9,0.9107,0.871,0.897,26,50,6,4,0.8837,0.8667,0.8929,0.8387,0.9065,27,48,8,3,0.8721,0.9,0.8571,0.8308,0.897,26,48,8,4,0.8605,0.8667,0.8571,0.8125,0.9143,27,50,6,3,0.8953,0.9,0.8929,0.8571,0.8917
129,26,56,10,7,0.8283,0.7879,0.8485,0.7536,0.8545,22,59,7,11,0.8182,0.6667,0.8939,0.7097,0.8678,23,57,9,10,0.8081,0.697,0.8636,0.7077,0.8361,26,59,7,7,0.8586,0.7879,0.8939,0.7879,0.8232,23,58,8,10,0.8182,0.697,0.8788,0.7188,0.8646,21,70,3,8,0.8922,0.7241,0.9589,0.7925,0.8649,23,69,4,6,0.902,0.7931,0.9452,0.8214,0.8455,20,69,4,9,0.8725,0.6897,0.9452,0.7547,0.838,18,70,3,11,0.8627,0.6207,0.9589,0.72,0.8356,20,68,5,9,0.8627,0.6897,0.9315,0.7407,0.8432,19,48,4,13,0.7976,0.5938,0.9231,0.6909,0.7584,18,42,10,14,0.7143,0.5625,0.8077,0.6,0.7849,20,36,16,12,0.6667,0.625,0.6923,0.5882,0.7518,18,41,11,14,0.7024,0.5625,0.7885,0.5902,0.7764,20,40,12,12,0.7143,0.625,0.7692,0.625,0.7867,21,55,8,2,0.8837,0.913,0.873,0.8077,0.9275,21,55,8,2,0.8837,0.913,0.873,0.8077,0.9434,21,53,10,2,0.8605,0.913,0.8413,0.7778,0.9193,21,53,10,2,0.8605,0.913,0.8413,0.7778,0.9317,21,55,8,2,0.8837,0.913,0.873,0.8077,0.9186
130,26,45,15,13,0.7172,0.6667,0.75,0.65,0.7897,24,52,8,15,0.7677,0.6154,0.8667,0.6761,0.8496,24,46,14,15,0.7071,0.6154,0.7667,0.6234,0.7915,26,52,8,13,0.7879,0.6667,0.8667,0.7123,0.7897,24,50,10,15,0.7475,0.6154,0.8333,0.6575,0.8312,19,75,1,7,0.9216,0.7308,0.9868,0.8261,0.833,20,73,3,6,0.9118,0.7692,0.9605,0.8163,0.8811,18,73,3,8,0.8922,0.6923,0.9605,0.766,0.8274,18,73,3,8,0.8922,0.6923,0.9605,0.766,0.8477,18,71,5,8,0.8725,0.6923,0.9342,0.7347,0.8456,19,51,4,10,0.8333,0.6552,0.9273,0.7308,0.815,19,41,14,10,0.7143,0.6552,0.7455,0.6129,0.8577,20,39,16,9,0.7024,0.6897,0.7091,0.6154,0.8056,19,44,11,10,0.75,0.6552,0.8,0.6441,0.8476,20,42,13,9,0.7381,0.6897,0.7636,0.6452,0.8339,19,60,4,3,0.9186,0.8636,0.9375,0.8444,0.9055,19,59,5,3,0.907,0.8636,0.9219,0.8261,0.907,19,58,6,3,0.8953,0.8636,0.9062,0.8085,0.9027,19,58,6,3,0.8953,0.8636,0.9062,0.8085,0.9361,19,59,5,3,0.907,0.8636,0.9219,0.8261,0.9155
131,33,41,17,8,0.7475,0.8049,0.7069,0.7253,0.8318,29,46,12,12,0.7576,0.7073,0.7931,0.7073,0.8448,32,40,18,9,0.7273,0.7805,0.6897,0.7033,0.807,33,46,12,8,0.798,0.8049,0.7931,0.7674,0.8257,32,44,14,9,0.7677,0.7805,0.7586,0.7356,0.8583,20,75,4,3,0.9314,0.8696,0.9494,0.8511,0.9257,21,73,6,2,0.9216,0.913,0.9241,0.84,0.9362,15,71,8,8,0.8431,0.6522,0.8987,0.6522,0.9053,15,73,6,8,0.8627,0.6522,0.9241,0.6818,0.9362,15,70,9,8,0.8333,0.6522,0.8861,0.6383,0.9059,21,47,6,10,0.8095,0.6774,0.8868,0.7241,0.8107,20,38,15,11,0.6905,0.6452,0.717,0.6061,0.8125,21,33,20,10,0.6429,0.6774,0.6226,0.5833,0.7839,22,38,15,9,0.7143,0.7097,0.717,0.6471,0.8077,21,39,14,10,0.7143,0.6774,0.7358,0.6364,0.7955,20,61,4,1,0.9419,0.9524,0.9385,0.8889,0.9641,18,59,6,3,0.8953,0.8571,0.9077,0.8,0.9685,20,58,7,1,0.907,0.9524,0.8923,0.8333,0.9465,18,58,7,3,0.8837,0.8571,0.8923,0.7826,0.9524,20,59,6,1,0.9186,0.9524,0.9077,0.8511,0.9582
132,27,50,13,9,0.7778,0.75,0.7937,0.7105,0.821,25,54,9,11,0.798,0.6944,0.8571,0.7143,0.8589,27,50,13,9,0.7778,0.75,0.7937,0.7105,0.8144,27,54,9,9,0.8182,0.75,0.8571,0.75,0.8148,27,52,11,9,0.798,0.75,0.8254,0.7297,0.8571,22,69,4,7,0.8922,0.7586,0.9452,0.8,0.8739,23,69,4,6,0.902,0.7931,0.9452,0.8214,0.8814,22,67,6,7,0.8725,0.7586,0.9178,0.7719,0.8592,21,70,3,8,0.8922,0.7241,0.9589,0.7925,0.8814,22,66,7,7,0.8627,0.7586,0.9041,0.7586,0.8625,22,47,6,9,0.8214,0.7097,0.8868,0.7458,0.8387,24,42,11,7,0.7857,0.7742,0.7925,0.7273,0.8497,25,37,16,6,0.7381,0.8065,0.6981,0.6944,0.8521,24,45,8,7,0.8214,0.7742,0.8491,0.7619,0.86,25,41,12,6,0.7857,0.8065,0.7736,0.7353,0.857,23,59,3,1,0.9535,0.9583,0.9516,0.92,0.957,23,58,4,1,0.9419,0.9583,0.9355,0.902,0.9355,23,56,6,1,0.9186,0.9583,0.9032,0.8679,0.9617,23,56,6,1,0.9186,0.9583,0.9032,0.8679,0.9711,23,58,4,1,0.9419,0.9583,0.9355,0.902,0.9328
133,19,56,15,9,0.7576,0.6786,0.7887,0.6129,0.8295,18,65,6,10,0.8384,0.6429,0.9155,0.6923,0.8461,16,60,11,12,0.7677,0.5714,0.8451,0.5818,0.7887,19,65,6,9,0.8485,0.6786,0.9155,0.717,0.8104,16,62,9,12,0.7879,0.5714,0.8732,0.6038,0.84,20,66,7,9,0.8431,0.6897,0.9041,0.7143,0.8422,22,69,4,7,0.8922,0.7586,0.9452,0.8,0.8521,18,67,6,11,0.8333,0.6207,0.9178,0.6792,0.8323,17,69,4,12,0.8431,0.5862,0.9452,0.68,0.8493,18,67,6,11,0.8333,0.6207,0.9178,0.6792,0.8484,26,40,7,11,0.7857,0.7027,0.8511,0.7429,0.7826,24,37,10,13,0.7262,0.6486,0.7872,0.6761,0.8355,27,31,16,10,0.6905,0.7297,0.6596,0.675,0.7838,24,40,7,13,0.7619,0.6486,0.8511,0.7059,0.8419,27,34,13,10,0.7262,0.7297,0.7234,0.7013,0.8085,26,58,1,1,0.9767,0.963,0.9831,0.963,0.9925,26,58,1,1,0.9767,0.963,0.9831,0.963,0.9937,26,57,2,1,0.9651,0.963,0.9661,0.9455,0.9831,26,57,2,1,0.9651,0.963,0.9661,0.9455,0.9893,26,58,1,1,0.9767,0.963,0.9831,0.963,0.9925
134,25,53,9,12,0.7879,0.6757,0.8548,0.7042,0.8099,23,55,7,14,0.7879,0.6216,0.8871,0.6866,0.8505,24,53,9,13,0.7778,0.6486,0.8548,0.6857,0.8195,25,55,7,12,0.8081,0.6757,0.8871,0.7246,0.8184,24,53,9,13,0.7778,0.6486,0.8548,0.6857,0.8592,29,60,5,8,0.8725,0.7838,0.9231,0.8169,0.8994,32,58,7,5,0.8824,0.8649,0.8923,0.8421,0.8877,26,57,8,11,0.8137,0.7027,0.8769,0.7324,0.8557,25,59,6,12,0.8235,0.6757,0.9077,0.7353,0.8969,26,56,9,11,0.8039,0.7027,0.8615,0.7222,0.8707,25,44,6,9,0.8214,0.7353,0.88,0.7692,0.8459,26,39,11,8,0.7738,0.7647,0.78,0.7324,0.8553,26,31,19,8,0.6786,0.7647,0.62,0.6582,0.8435,27,36,14,7,0.75,0.7941,0.72,0.72,0.8629,26,34,16,8,0.7143,0.7647,0.68,0.6842,0.8524,17,60,7,2,0.8953,0.8947,0.8955,0.7907,0.8916,16,58,9,3,0.8605,0.8421,0.8657,0.7273,0.872,17,58,9,2,0.8721,0.8947,0.8657,0.7556,0.8987,16,58,9,3,0.8605,0.8421,0.8657,0.7273,0.912,17,58,9,2,0.8721,0.8947,0.8657,0.7556,0.8822
135,21,64,11,3,0.8586,0.875,0.8533,0.75,0.9,17,66,9,7,0.8384,0.7083,0.88,0.68,0.8722,18,62,13,6,0.8081,0.75,0.8267,0.6545,0.8928,21,66,9,3,0.8788,0.875,0.88,0.7778,0.9025,18,66,9,6,0.8485,0.75,0.88,0.7059,0.9161,21,73,4,4,0.9216,0.84,0.9481,0.84,0.9221,23,70,7,2,0.9118,0.92,0.9091,0.8364,0.9506,21,68,9,4,0.8725,0.84,0.8831,0.7636,0.9242,20,72,5,5,0.902,0.8,0.9351,0.8,0.9434,21,64,13,4,0.8333,0.84,0.8312,0.7119,0.9278,14,51,10,9,0.7738,0.6087,0.8361,0.5957,0.7869,14,42,19,9,0.6667,0.6087,0.6885,0.5,0.7969,15,45,16,8,0.7143,0.6522,0.7377,0.5556,0.7883,15,49,12,8,0.7619,0.6522,0.8033,0.6,0.789,15,52,9,8,0.7976,0.6522,0.8525,0.6383,0.7947,20,56,6,4,0.8837,0.8333,0.9032,0.8,0.9153,19,56,6,5,0.8721,0.7917,0.9032,0.7755,0.9194,20,55,7,4,0.8721,0.8333,0.8871,0.7843,0.9012,19,55,7,5,0.8605,0.7917,0.8871,0.76,0.9335,20,56,6,4,0.8837,0.8333,0.9032,0.8,0.918
136,38,50,6,5,0.8889,0.8837,0.8929,0.8736,0.934,32,51,5,11,0.8384,0.7442,0.9107,0.8,0.9219,35,50,6,8,0.8586,0.814,0.8929,0.8333,0.9099,38,51,5,5,0.899,0.8837,0.9107,0.8837,0.9223,35,47,9,8,0.8283,0.814,0.8393,0.8046,0.9381,21,72,4,5,0.9118,0.8077,0.9474,0.8235,0.8578,22,70,6,4,0.902,0.8462,0.9211,0.8148,0.8537,18,67,9,8,0.8333,0.6923,0.8816,0.6792,0.8259,18,72,4,8,0.8824,0.6923,0.9474,0.75,0.8431,18,63,13,8,0.7941,0.6923,0.8289,0.6316,0.8456,28,43,6,7,0.8452,0.8,0.8776,0.8116,0.8962,29,37,12,6,0.7857,0.8286,0.7551,0.7632,0.919,30,34,15,5,0.7619,0.8571,0.6939,0.75,0.9195,29,41,8,6,0.8333,0.8286,0.8367,0.8056,0.9277,30,40,9,5,0.8333,0.8571,0.8163,0.8108,0.9155,21,60,2,3,0.9419,0.875,0.9677,0.8936,0.9489,21,60,2,3,0.9419,0.875,0.9677,0.8936,0.9422,21,60,2,3,0.9419,0.875,0.9677,0.8936,0.9483,21,60,2,3,0.9419,0.875,0.9677,0.8936,0.9637,21,60,2,3,0.9419,0.875,0.9677,0.8936,0.9563
137,33,44,14,8,0.7778,0.8049,0.7586,0.75,0.8915,30,50,8,11,0.8081,0.7317,0.8621,0.7595,0.8978,33,47,11,8,0.8081,0.8049,0.8103,0.7765,0.8776,33,50,8,8,0.8384,0.8049,0.8621,0.8049,0.8869,33,46,12,8,0.798,0.8049,0.7931,0.7674,0.9104,15,71,9,7,0.8431,0.6818,0.8875,0.6522,0.8312,17,73,7,5,0.8824,0.7727,0.9125,0.7391,0.8534,15,71,9,7,0.8431,0.6818,0.8875,0.6522,0.8278,14,75,5,8,0.8725,0.6364,0.9375,0.6829,0.842,15,71,9,7,0.8431,0.6818,0.8875,0.6522,0.8466,18,51,8,7,0.8214,0.72,0.8644,0.7059,0.8217,17,46,13,8,0.75,0.68,0.7797,0.6182,0.8271,17,44,15,8,0.7262,0.68,0.7458,0.5965,0.8285,18,46,13,7,0.7619,0.72,0.7797,0.6429,0.8373,17,45,14,8,0.7381,0.68,0.7627,0.6071,0.8393,28,51,2,5,0.9186,0.8485,0.9623,0.8889,0.9623,27,51,2,6,0.907,0.8182,0.9623,0.871,0.9405,28,51,2,5,0.9186,0.8485,0.9623,0.8889,0.9554,27,51,2,6,0.907,0.8182,0.9623,0.871,0.9594,28,51,2,5,0.9186,0.8485,0.9623,0.8889,0.9554
138,26,47,11,15,0.7374,0.6341,0.8103,0.6667,0.7788,20,48,10,21,0.6869,0.4878,0.8276,0.5634,0.7578,23,46,12,18,0.697,0.561,0.7931,0.6053,0.7738,26,48,10,15,0.7475,0.6341,0.8276,0.6753,0.7696,23,48,10,18,0.7172,0.561,0.8276,0.6216,0.8204,16,74,4,8,0.8824,0.6667,0.9487,0.7273,0.8403,18,73,5,6,0.8922,0.75,0.9359,0.766,0.8921,15,71,7,9,0.8431,0.625,0.9103,0.6522,0.8424,14,73,5,10,0.8529,0.5833,0.9359,0.6512,0.8723,15,68,10,9,0.8137,0.625,0.8718,0.6122,0.8574,19,48,6,11,0.7976,0.6333,0.8889,0.6909,0.8198,20,43,11,10,0.75,0.6667,0.7963,0.6557,0.842,21,39,15,9,0.7143,0.7,0.7222,0.6364,0.8451,21,45,9,9,0.7857,0.7,0.8333,0.7,0.8519,21,44,10,9,0.7738,0.7,0.8148,0.6885,0.8296,11,70,2,3,0.9419,0.7857,0.9722,0.8148,0.8968,10,69,3,4,0.9186,0.7143,0.9583,0.7407,0.8562,11,69,3,3,0.9302,0.7857,0.9583,0.7857,0.9137,10,69,3,4,0.9186,0.7143,0.9583,0.7407,0.9395,11,69,3,3,0.9302,0.7857,0.9583,0.7857,0.8958
139,25,52,15,7,0.7778,0.7812,0.7761,0.6944,0.8475,23,58,9,9,0.8182,0.7188,0.8657,0.7188,0.8937,21,53,14,11,0.7475,0.6562,0.791,0.6269,0.8433,25,58,9,7,0.8384,0.7812,0.8657,0.7576,0.8638,21,57,10,11,0.7879,0.6562,0.8507,0.6667,0.8713,17,74,5,6,0.8922,0.7391,0.9367,0.7556,0.8387,17,75,4,6,0.902,0.7391,0.9494,0.7727,0.8965,15,74,5,8,0.8725,0.6522,0.9367,0.6977,0.8591,15,75,4,8,0.8824,0.6522,0.9494,0.7143,0.8795,15,72,7,8,0.8529,0.6522,0.9114,0.6667,0.863,17,52,4,11,0.8214,0.6071,0.9286,0.6939,0.8361,17,46,10,11,0.75,0.6071,0.8214,0.6182,0.8807,19,45,11,9,0.7619,0.6786,0.8036,0.6552,0.8374,18,49,7,10,0.7976,0.6429,0.875,0.6792,0.8584,19,49,7,9,0.8095,0.6786,0.875,0.7037,0.8635,23,59,3,1,0.9535,0.9583,0.9516,0.92,0.959,22,58,4,2,0.9302,0.9167,0.9355,0.88,0.9644,23,54,8,1,0.8953,0.9583,0.871,0.8364,0.9469,22,54,8,2,0.8837,0.9167,0.871,0.8148,0.953,23,58,4,1,0.9419,0.9583,0.9355,0.902,0.9603
140,27,48,12,12,0.7576,0.6923,0.8,0.6923,0.7966,26,51,9,13,0.7778,0.6667,0.85,0.7027,0.8158,25,48,12,14,0.7374,0.641,0.8,0.6579,0.7966,27,51,9,12,0.7879,0.6923,0.85,0.72,0.7585,25,50,10,14,0.7576,0.641,0.8333,0.6757,0.8402,25,66,4,7,0.8922,0.7812,0.9429,0.8197,0.8973,26,66,4,6,0.902,0.8125,0.9429,0.8387,0.8978,22,67,3,10,0.8725,0.6875,0.9571,0.7719,0.8964,21,68,2,11,0.8725,0.6562,0.9714,0.7636,0.9107,22,66,4,10,0.8627,0.6875,0.9429,0.7586,0.8973,17,48,5,14,0.7738,0.5484,0.9057,0.6415,0.7438,17,42,11,14,0.7024,0.5484,0.7925,0.5763,0.7967,18,38,15,13,0.6667,0.5806,0.717,0.5625,0.7693,18,42,11,13,0.7143,0.5806,0.7925,0.6,0.7791,18,41,12,13,0.7024,0.5806,0.7736,0.5902,0.776,23,57,2,4,0.9302,0.8519,0.9661,0.8846,0.9542,22,56,3,5,0.907,0.8148,0.9492,0.8462,0.963,23,56,3,4,0.9186,0.8519,0.9492,0.8679,0.9335,22,56,3,5,0.907,0.8148,0.9492,0.8462,0.9661,23,56,3,4,0.9186,0.8519,0.9492,0.8679,0.9605
141,19,65,10,5,0.8485,0.7917,0.8667,0.717,0.8989,18,70,5,6,0.8889,0.75,0.9333,0.766,0.9261,19,67,8,5,0.8687,0.7917,0.8933,0.7451,0.8933,19,70,5,5,0.899,0.7917,0.9333,0.7917,0.8775,19,67,8,5,0.8687,0.7917,0.8933,0.7451,0.9161,30,61,3,8,0.8922,0.7895,0.9531,0.8451,0.9256,34,63,1,4,0.951,0.8947,0.9844,0.9315,0.9223,26,58,6,12,0.8235,0.6842,0.9062,0.7429,0.8746,25,63,1,13,0.8627,0.6579,0.9844,0.7812,0.9132,26,58,6,12,0.8235,0.6842,0.9062,0.7429,0.8849,26,47,5,6,0.869,0.8125,0.9038,0.8254,0.9237,25,43,9,7,0.8095,0.7812,0.8269,0.7576,0.9026,27,39,13,5,0.7857,0.8438,0.75,0.75,0.9014,26,44,8,6,0.8333,0.8125,0.8462,0.7879,0.9255,27,41,11,5,0.8095,0.8438,0.7885,0.7714,0.9123,26,53,6,1,0.9186,0.963,0.8983,0.8814,0.9529,25,53,6,2,0.907,0.9259,0.8983,0.8621,0.9586,26,53,6,1,0.9186,0.963,0.8983,0.8814,0.9416,25,53,6,2,0.907,0.9259,0.8983,0.8621,0.9429,26,53,6,1,0.9186,0.963,0.8983,0.8814,0.946
142,27,46,19,7,0.7374,0.7941,0.7077,0.675,0.8489,21,54,11,13,0.7576,0.6176,0.8308,0.6364,0.8692,23,48,17,11,0.7172,0.6765,0.7385,0.6216,0.8163,27,54,11,7,0.8182,0.7941,0.8308,0.75,0.8326,23,52,13,11,0.7576,0.6765,0.8,0.6571,0.8575,13,79,4,6,0.902,0.6842,0.9518,0.7222,0.818,14,76,7,5,0.8824,0.7368,0.9157,0.7,0.884,14,79,4,5,0.9118,0.7368,0.9518,0.7568,0.8548,13,76,7,6,0.8725,0.6842,0.9157,0.6667,0.8744,14,73,10,5,0.8529,0.7368,0.8795,0.6512,0.877,21,49,6,8,0.8333,0.7241,0.8909,0.75,0.9028,20,46,9,9,0.7857,0.6897,0.8364,0.6897,0.9072,20,41,14,9,0.7262,0.6897,0.7455,0.6349,0.8922,21,47,8,8,0.8095,0.7241,0.8545,0.7241,0.9103,20,48,7,9,0.8095,0.6897,0.8727,0.7143,0.8909,13,67,2,4,0.9302,0.7647,0.971,0.8125,0.9071,12,67,2,5,0.9186,0.7059,0.971,0.7742,0.9173,13,64,5,4,0.8953,0.7647,0.9275,0.7429,0.8994,12,64,5,5,0.8837,0.7059,0.9275,0.7059,0.9241,13,67,2,4,0.9302,0.7647,0.971,0.8125,0.925
143,27,50,10,12,0.7778,0.6923,0.8333,0.7105,0.8103,23,53,7,16,0.7677,0.5897,0.8833,0.6667,0.7598,27,50,10,12,0.7778,0.6923,0.8333,0.7105,0.7842,27,53,7,12,0.8081,0.6923,0.8833,0.7397,0.7906,27,50,10,12,0.7778,0.6923,0.8333,0.7105,0.8201,17,74,6,5,0.8922,0.7727,0.925,0.7556,0.8966,17,74,6,5,0.8922,0.7727,0.925,0.7556,0.9375,15,73,7,7,0.8627,0.6818,0.9125,0.6818,0.892,15,78,2,7,0.9118,0.6818,0.975,0.7692,0.9352,15,72,8,7,0.8529,0.6818,0.9,0.6667,0.9102,19,52,5,8,0.8452,0.7037,0.9123,0.7451,0.8629,19,46,11,8,0.7738,0.7037,0.807,0.6667,0.9038,21,42,15,6,0.75,0.7778,0.7368,0.6667,0.8661,19,47,10,8,0.7857,0.7037,0.8246,0.6786,0.9058,21,45,12,6,0.7857,0.7778,0.7895,0.7,0.872,25,47,7,7,0.8372,0.7812,0.8704,0.7812,0.8571,25,47,7,7,0.8372,0.7812,0.8704,0.7812,0.8524,25,46,8,7,0.8256,0.7812,0.8519,0.7692,0.8536,25,46,8,7,0.8256,0.7812,0.8519,0.7692,0.8929,25,47,7,7,0.8372,0.7812,0.8704,0.7812,0.8524
144,29,51,16,3,0.8081,0.9062,0.7612,0.7532,0.9053,26,57,10,6,0.8384,0.8125,0.8507,0.7647,0.8941,26,52,15,6,0.7879,0.8125,0.7761,0.7123,0.8736,29,57,10,3,0.8687,0.9062,0.8507,0.8169,0.8883,26,53,14,6,0.798,0.8125,0.791,0.7222,0.9128,18,75,4,5,0.9118,0.7826,0.9494,0.8,0.8646,20,74,5,3,0.9216,0.8696,0.9367,0.8333,0.8844,15,72,7,8,0.8529,0.6522,0.9114,0.6667,0.8156,15,76,3,8,0.8922,0.6522,0.962,0.7317,0.8674,15,70,9,8,0.8333,0.6522,0.8861,0.6383,0.8465,21,53,4,6,0.881,0.7778,0.9298,0.8077,0.8687,21,42,15,6,0.75,0.7778,0.7368,0.6667,0.8908,21,42,15,6,0.75,0.7778,0.7368,0.6667,0.8525,21,46,11,6,0.7976,0.7778,0.807,0.7119,0.8817,21,45,12,6,0.7857,0.7778,0.7895,0.7,0.8661,21,56,7,2,0.8953,0.913,0.8889,0.8235,0.9144,21,55,8,2,0.8837,0.913,0.873,0.8077,0.9255,21,54,9,2,0.8721,0.913,0.8571,0.7925,0.9089,21,54,9,2,0.8721,0.913,0.8571,0.7925,0.9172,21,55,8,2,0.8837,0.913,0.873,0.8077,0.9103
145,36,37,17,9,0.7374,0.8,0.6852,0.7347,0.7848,30,41,13,15,0.7172,0.6667,0.7593,0.6818,0.8041,35,37,17,10,0.7273,0.7778,0.6852,0.7216,0.7811,36,41,13,9,0.7778,0.8,0.7593,0.766,0.7926,35,38,16,10,0.7374,0.7778,0.7037,0.7292,0.8243,16,73,9,4,0.8725,0.8,0.8902,0.7111,0.9232,18,77,5,2,0.9314,0.9,0.939,0.8372,0.9128,15,76,6,5,0.8922,0.75,0.9268,0.7317,0.9122,13,79,3,7,0.902,0.65,0.9634,0.7222,0.9061,15,75,7,5,0.8824,0.75,0.9146,0.7143,0.9091,27,39,5,13,0.7857,0.675,0.8864,0.75,0.8153,27,34,10,13,0.7262,0.675,0.7727,0.7013,0.829,28,33,11,12,0.7262,0.7,0.75,0.7089,0.8187,28,39,5,12,0.7976,0.7,0.8864,0.7671,0.8301,28,37,7,12,0.7738,0.7,0.8409,0.7467,0.8409,20,59,7,0,0.9186,1.0,0.8939,0.8511,0.9439,19,58,8,1,0.8953,0.95,0.8788,0.8085,0.9432,20,57,9,0,0.8953,1.0,0.8636,0.8163,0.9455,19,57,9,1,0.8837,0.95,0.8636,0.7917,0.947,20,58,8,0,0.907,1.0,0.8788,0.8333,0.9295
146,30,53,11,5,0.8384,0.8571,0.8281,0.7895,0.8969,27,53,11,8,0.8081,0.7714,0.8281,0.7397,0.8978,28,53,11,7,0.8182,0.8,0.8281,0.7568,0.8679,30,53,11,5,0.8384,0.8571,0.8281,0.7895,0.8775,28,52,12,7,0.8081,0.8,0.8125,0.7467,0.9062,23,65,7,7,0.8627,0.7667,0.9028,0.7667,0.8259,23,67,5,7,0.8824,0.7667,0.9306,0.7931,0.8134,22,67,5,8,0.8725,0.7333,0.9306,0.7719,0.8162,22,67,5,8,0.8725,0.7333,0.9306,0.7719,0.8056,22,64,8,8,0.8431,0.7333,0.8889,0.7333,0.8273,19,50,7,8,0.8214,0.7037,0.8772,0.717,0.8031,18,48,9,9,0.7857,0.6667,0.8421,0.6667,0.8583,20,42,15,7,0.7381,0.7407,0.7368,0.6452,0.7791,18,49,8,9,0.7976,0.6667,0.8596,0.6792,0.833,20,45,12,7,0.7738,0.7407,0.7895,0.678,0.8486,22,57,6,1,0.9186,0.9565,0.9048,0.8627,0.9406,22,57,6,1,0.9186,0.9565,0.9048,0.8627,0.9386,22,56,7,1,0.907,0.9565,0.8889,0.8462,0.9448,22,56,7,1,0.907,0.9565,0.8889,0.8462,0.942,22,57,6,1,0.9186,0.9565,0.9048,0.8627,0.9296
147,24,56,10,9,0.8081,0.7273,0.8485,0.7164,0.843,23,59,7,10,0.8283,0.697,0.8939,0.7302,0.8232,22,52,14,11,0.7475,0.6667,0.7879,0.6377,0.8017,24,59,7,9,0.8384,0.7273,0.8939,0.75,0.8317,22,55,11,11,0.7778,0.6667,0.8333,0.6667,0.8425,16,65,12,9,0.7941,0.64,0.8442,0.6038,0.787,17,65,12,8,0.8039,0.68,0.8442,0.6296,0.7849,13,61,16,12,0.7255,0.52,0.7922,0.4815,0.7226,13,68,9,12,0.7941,0.52,0.8831,0.5532,0.76,13,59,18,12,0.7059,0.52,0.7662,0.4643,0.7444,20,48,9,7,0.8095,0.7407,0.8421,0.7143,0.8558,20,46,11,7,0.7857,0.7407,0.807,0.6897,0.8843,21,43,14,6,0.7619,0.7778,0.7544,0.6774,0.8648,20,49,8,7,0.8214,0.7407,0.8596,0.7273,0.8791,21,45,12,6,0.7857,0.7778,0.7895,0.7,0.8934,22,60,1,3,0.9535,0.88,0.9836,0.9167,0.92,22,60,1,3,0.9535,0.88,0.9836,0.9167,0.8741,22,60,1,3,0.9535,0.88,0.9836,0.9167,0.9475,22,60,1,3,0.9535,0.88,0.9836,0.9167,0.9587,22,60,1,3,0.9535,0.88,0.9836,0.9167,0.9193
148,31,49,4,15,0.8081,0.6739,0.9245,0.7654,0.8466,30,50,3,16,0.8081,0.6522,0.9434,0.7595,0.9016,30,48,5,16,0.7879,0.6522,0.9057,0.7407,0.8523,31,50,3,15,0.8182,0.6739,0.9434,0.775,0.8419,30,48,5,16,0.7879,0.6522,0.9057,0.7407,0.8659,17,64,13,8,0.7941,0.68,0.8312,0.6182,0.7964,19,64,13,6,0.8137,0.76,0.8312,0.6667,0.8416,17,61,16,8,0.7647,0.68,0.7922,0.5862,0.8145,15,68,9,10,0.8137,0.6,0.8831,0.6122,0.8161,17,60,17,8,0.7549,0.68,0.7792,0.5763,0.8031,21,47,5,11,0.8095,0.6562,0.9038,0.7241,0.8438,23,43,9,9,0.7857,0.7188,0.8269,0.7188,0.8576,24,41,11,8,0.7738,0.75,0.7885,0.7164,0.8492,25,44,8,7,0.8214,0.7812,0.8462,0.7692,0.8558,24,42,10,8,0.7857,0.75,0.8077,0.7273,0.8636,23,58,2,3,0.9419,0.8846,0.9667,0.902,0.9609,21,58,2,5,0.9186,0.8077,0.9667,0.8571,0.9635,23,58,2,3,0.9419,0.8846,0.9667,0.902,0.9487,21,58,2,5,0.9186,0.8077,0.9667,0.8571,0.9699,23,58,2,3,0.9419,0.8846,0.9667,0.902,0.9622
149,32,44,11,12,0.7677,0.7273,0.8,0.7356,0.8343,29,50,5,15,0.798,0.6591,0.9091,0.7436,0.845,30,45,10,14,0.7576,0.6818,0.8182,0.7143,0.8091,32,50,5,12,0.8283,0.7273,0.9091,0.7901,0.8384,30,44,11,14,0.7475,0.6818,0.8,0.7059,0.845,20,73,2,7,0.9118,0.7407,0.9733,0.8163,0.8706,22,72,3,5,0.9216,0.8148,0.96,0.8462,0.8993,21,71,4,6,0.902,0.7778,0.9467,0.8077,0.8652,20,73,2,7,0.9118,0.7407,0.9733,0.8163,0.8835,21,71,4,6,0.902,0.7778,0.9467,0.8077,0.8914,21,53,5,5,0.881,0.8077,0.9138,0.8077,0.8999,21,50,8,5,0.8452,0.8077,0.8621,0.7636,0.8912,21,46,12,5,0.7976,0.8077,0.7931,0.7119,0.9118,21,50,8,5,0.8452,0.8077,0.8621,0.7636,0.9058,21,48,10,5,0.8214,0.8077,0.8276,0.7368,0.8999,24,52,5,5,0.8837,0.8276,0.9123,0.8276,0.8796,24,52,5,5,0.8837,0.8276,0.9123,0.8276,0.8621,24,52,5,5,0.8837,0.8276,0.9123,0.8276,0.8832,24,52,5,5,0.8837,0.8276,0.9123,0.8276,0.9159,24,52,5,5,0.8837,0.8276,0.9123,0.8276,0.8705
150,32,52,8,7,0.8485,0.8205,0.8667,0.8101,0.9316,29,57,3,10,0.8687,0.7436,0.95,0.8169,0.9235,31,52,8,8,0.8384,0.7949,0.8667,0.7949,0.9175,32,57,3,7,0.899,0.8205,0.95,0.8649,0.935,31,54,6,8,0.8586,0.7949,0.9,0.8158,0.953,15,74,5,8,0.8725,0.6522,0.9367,0.6977,0.8299,18,73,6,5,0.8922,0.7826,0.9241,0.766,0.8894,15,72,7,8,0.8529,0.6522,0.9114,0.6667,0.8569,13,74,5,10,0.8529,0.5652,0.9367,0.6341,0.8586,15,70,9,8,0.8333,0.6522,0.8861,0.6383,0.8745,23,45,4,12,0.8095,0.6571,0.9184,0.7419,0.8531,22,43,6,13,0.7738,0.6286,0.8776,0.6984,0.8746,23,39,10,12,0.7381,0.6571,0.7959,0.6765,0.8706,25,44,5,10,0.8214,0.7143,0.898,0.7692,0.8822,23,42,7,12,0.7738,0.6571,0.8571,0.7077,0.8688,24,57,4,1,0.9419,0.96,0.9344,0.9057,0.9305,21,56,5,4,0.8953,0.84,0.918,0.8235,0.9377,24,52,9,1,0.8837,0.96,0.8525,0.8276,0.9213,21,52,9,4,0.8488,0.84,0.8525,0.7636,0.9344,24,56,5,1,0.9302,0.96,0.918,0.8889,0.9331
151,36,41,10,12,0.7778,0.75,0.8039,0.766,0.8333,32,47,4,16,0.798,0.6667,0.9216,0.7619,0.8333,34,40,11,14,0.7475,0.7083,0.7843,0.7312,0.8203,36,47,4,12,0.8384,0.75,0.9216,0.8182,0.8252,34,44,7,14,0.7879,0.7083,0.8627,0.764,0.857,17,72,4,9,0.8725,0.6538,0.9474,0.7234,0.8178,17,74,2,9,0.8922,0.6538,0.9737,0.7556,0.8259,17,74,2,9,0.8922,0.6538,0.9737,0.7556,0.7945,17,75,1,9,0.902,0.6538,0.9868,0.7727,0.8122,17,68,8,9,0.8333,0.6538,0.8947,0.6667,0.8067,28,48,5,3,0.9048,0.9032,0.9057,0.875,0.9379,25,38,15,6,0.75,0.8065,0.717,0.7042,0.9117,25,38,15,6,0.75,0.8065,0.717,0.7042,0.9057,25,42,11,6,0.7976,0.8065,0.7925,0.7463,0.9282,25,41,12,6,0.7857,0.8065,0.7736,0.7353,0.9191,20,57,4,5,0.8953,0.8,0.9344,0.8163,0.8793,20,56,5,5,0.8837,0.8,0.918,0.8,0.8485,20,56,5,5,0.8837,0.8,0.918,0.8,0.8793,20,56,5,5,0.8837,0.8,0.918,0.8,0.9016,20,56,5,5,0.8837,0.8,0.918,0.8,0.8708
152,35,43,10,11,0.7879,0.7609,0.8113,0.7692,0.8216,32,46,7,14,0.7879,0.6957,0.8679,0.7529,0.8355,34,44,9,12,0.7879,0.7391,0.8302,0.764,0.7978,35,46,7,11,0.8182,0.7609,0.8679,0.7955,0.8255,34,43,10,12,0.7778,0.7391,0.8113,0.7556,0.8819,16,75,8,3,0.8922,0.8421,0.9036,0.7442,0.9562,17,78,5,2,0.9314,0.8947,0.9398,0.8293,0.9372,14,78,5,5,0.902,0.7368,0.9398,0.7368,0.8979,14,79,4,5,0.9118,0.7368,0.9518,0.7568,0.9347,14,75,8,5,0.8725,0.7368,0.9036,0.6829,0.9093,25,47,5,7,0.8571,0.7812,0.9038,0.8065,0.8972,26,39,13,6,0.7738,0.8125,0.75,0.7324,0.9147,26,40,12,6,0.7857,0.8125,0.7692,0.7429,0.9014,27,44,8,5,0.8452,0.8438,0.8462,0.806,0.9207,26,43,9,6,0.8214,0.8125,0.8269,0.7761,0.9075,17,66,1,2,0.9651,0.8947,0.9851,0.9189,0.9513,16,66,1,3,0.9535,0.8421,0.9851,0.8889,0.9246,17,65,2,2,0.9535,0.8947,0.9701,0.8947,0.9615,16,65,2,3,0.9419,0.8421,0.9701,0.8649,0.9623,17,66,1,2,0.9651,0.8947,0.9851,0.9189,0.9529
153,26,45,15,13,0.7172,0.6667,0.75,0.65,0.794,22,51,9,17,0.7374,0.5641,0.85,0.6286,0.8667,24,44,16,15,0.6869,0.6154,0.7333,0.6076,0.8128,26,51,9,13,0.7778,0.6667,0.85,0.7027,0.7902,24,49,11,15,0.7374,0.6154,0.8167,0.6486,0.8453,18,73,2,9,0.8922,0.6667,0.9733,0.766,0.8158,20,70,5,7,0.8824,0.7407,0.9333,0.7692,0.8262,17,69,6,10,0.8431,0.6296,0.92,0.68,0.799,17,71,4,10,0.8627,0.6296,0.9467,0.7083,0.8138,17,67,8,10,0.8235,0.6296,0.8933,0.6538,0.8306,14,57,6,7,0.8452,0.6667,0.9048,0.6829,0.8148,14,47,16,7,0.7262,0.6667,0.746,0.549,0.8594,15,46,17,6,0.7262,0.7143,0.7302,0.566,0.8466,14,50,13,7,0.7619,0.6667,0.7937,0.5833,0.8571,15,51,12,6,0.7857,0.7143,0.8095,0.625,0.8367,23,55,5,3,0.907,0.8846,0.9167,0.8519,0.916,23,54,6,3,0.8953,0.8846,0.9,0.8364,0.9115,23,53,7,3,0.8837,0.8846,0.8833,0.8214,0.9154,23,53,7,3,0.8837,0.8846,0.8833,0.8214,0.9378,23,54,6,3,0.8953,0.8846,0.9,0.8364,0.9141
154,26,48,17,8,0.7475,0.7647,0.7385,0.6753,0.8466,22,53,12,12,0.7576,0.6471,0.8154,0.6471,0.8701,24,47,18,10,0.7172,0.7059,0.7231,0.6316,0.814,26,53,12,8,0.798,0.7647,0.8154,0.7222,0.848,24,51,14,10,0.7576,0.7059,0.7846,0.6667,0.8733,21,67,4,10,0.8627,0.6774,0.9437,0.75,0.8764,24,69,2,7,0.9118,0.7742,0.9718,0.8421,0.8551,21,68,3,10,0.8725,0.6774,0.9577,0.7636,0.8487,19,70,1,12,0.8725,0.6129,0.9859,0.7451,0.8837,21,67,4,10,0.8627,0.6774,0.9437,0.75,0.8651,27,41,7,9,0.8095,0.75,0.8542,0.7714,0.8073,26,38,10,10,0.7619,0.7222,0.7917,0.7222,0.8322,26,35,13,10,0.7262,0.7222,0.7292,0.6933,0.7772,27,41,7,9,0.8095,0.75,0.8542,0.7714,0.8333,26,37,11,10,0.75,0.7222,0.7708,0.7123,0.8322,29,54,2,1,0.9651,0.9667,0.9643,0.9508,0.9696,28,54,2,2,0.9535,0.9333,0.9643,0.9333,0.9708,29,53,3,1,0.9535,0.9667,0.9464,0.9355,0.9726,28,53,3,2,0.9419,0.9333,0.9464,0.918,0.9744,29,54,2,1,0.9651,0.9667,0.9643,0.9508,0.9714
155,25,52,9,13,0.7778,0.6579,0.8525,0.6944,0.8611,24,56,5,14,0.8081,0.6316,0.918,0.7164,0.8568,22,52,9,16,0.7475,0.5789,0.8525,0.6377,0.8542,25,56,5,13,0.8182,0.6579,0.918,0.7353,0.8624,22,53,8,16,0.7576,0.5789,0.8689,0.6471,0.8766,15,74,5,8,0.8725,0.6522,0.9367,0.6977,0.7964,16,74,5,7,0.8824,0.6957,0.9367,0.7273,0.7991,14,74,5,9,0.8627,0.6087,0.9367,0.6667,0.7733,14,75,4,9,0.8725,0.6087,0.9494,0.6829,0.7881,14,70,9,9,0.8235,0.6087,0.8861,0.6087,0.7722,29,38,7,10,0.7976,0.7436,0.8444,0.7733,0.8376,29,35,10,10,0.7619,0.7436,0.7778,0.7436,0.8479,29,32,13,10,0.7262,0.7436,0.7111,0.716,0.8296,30,36,9,9,0.7857,0.7692,0.8,0.7692,0.8439,29,37,8,10,0.7857,0.7436,0.8222,0.7632,0.8553,22,59,2,3,0.9419,0.88,0.9672,0.898,0.9292,21,59,2,4,0.9302,0.84,0.9672,0.875,0.9272,22,57,4,3,0.9186,0.88,0.9344,0.8627,0.9207,21,57,4,4,0.907,0.84,0.9344,0.84,0.9502,22,59,2,3,0.9419,0.88,0.9672,0.898,0.9279
156,25,53,10,11,0.7879,0.6944,0.8413,0.7042,0.8457,20,57,6,16,0.7778,0.5556,0.9048,0.6452,0.8302,19,54,9,17,0.7374,0.5278,0.8571,0.5937,0.8056,25,57,6,11,0.8283,0.6944,0.9048,0.7463,0.8241,19,55,8,17,0.7475,0.5278,0.873,0.6032,0.8483,18,73,4,7,0.8922,0.72,0.9481,0.766,0.9236,21,72,5,4,0.9118,0.84,0.9351,0.8235,0.921,19,69,8,6,0.8627,0.76,0.8961,0.7308,0.8977,16,73,4,9,0.8725,0.64,0.9481,0.7111,0.9127,19,65,12,6,0.8235,0.76,0.8442,0.6786,0.8987,27,40,6,11,0.7976,0.7105,0.8696,0.7606,0.8232,25,35,11,13,0.7143,0.6579,0.7609,0.6757,0.8364,26,33,13,12,0.7024,0.6842,0.7174,0.6753,0.8061,27,36,10,11,0.75,0.7105,0.7826,0.72,0.8312,26,36,10,12,0.7381,0.6842,0.7826,0.7027,0.8341,22,57,4,3,0.9186,0.88,0.9344,0.8627,0.922,20,55,6,5,0.8721,0.8,0.9016,0.7843,0.9023,22,55,6,3,0.8953,0.88,0.9016,0.8302,0.9154,20,55,6,5,0.8721,0.8,0.9016,0.7843,0.9252,22,55,6,3,0.8953,0.88,0.9016,0.8302,0.9226
157,25,54,11,9,0.798,0.7353,0.8308,0.7143,0.8104,24,54,11,10,0.7879,0.7059,0.8308,0.6957,0.8167,23,53,12,11,0.7677,0.6765,0.8154,0.6667,0.7982,25,54,11,9,0.798,0.7353,0.8308,0.7143,0.8007,23,53,12,11,0.7677,0.6765,0.8154,0.6667,0.833,23,64,6,9,0.8529,0.7188,0.9143,0.7541,0.8996,26,64,6,6,0.8824,0.8125,0.9143,0.8125,0.9339,25,66,4,7,0.8922,0.7812,0.9429,0.8197,0.9125,23,65,5,9,0.8627,0.7188,0.9286,0.7667,0.9321,25,64,6,7,0.8725,0.7812,0.9143,0.7937,0.9348,18,43,14,9,0.7262,0.6667,0.7544,0.6102,0.7472,18,40,17,9,0.6905,0.6667,0.7018,0.5806,0.7752,19,37,20,8,0.6667,0.7037,0.6491,0.5758,0.7615,19,43,14,8,0.7381,0.7037,0.7544,0.6333,0.7908,19,41,16,8,0.7143,0.7037,0.7193,0.6129,0.8018,19,55,4,8,0.8605,0.7037,0.9322,0.76,0.8751,19,55,4,8,0.8605,0.7037,0.9322,0.76,0.8355,19,55,4,8,0.8605,0.7037,0.9322,0.76,0.8619,19,55,4,8,0.8605,0.7037,0.9322,0.76,0.9058,19,55,4,8,0.8605,0.7037,0.9322,0.76,0.8675
158,28,44,12,15,0.7273,0.6512,0.7857,0.6747,0.8177,25,48,8,18,0.7374,0.5814,0.8571,0.6579,0.8119,27,46,10,16,0.7374,0.6279,0.8214,0.675,0.7911,28,48,8,15,0.7677,0.6512,0.8571,0.7089,0.789,27,47,9,16,0.7475,0.6279,0.8393,0.6835,0.8248,12,72,7,11,0.8235,0.5217,0.9114,0.5714,0.7848,15,76,3,8,0.8922,0.6522,0.962,0.7317,0.7727,13,75,4,10,0.8627,0.5652,0.9494,0.65,0.7672,11,77,2,12,0.8627,0.4783,0.9747,0.6111,0.7991,13,74,5,10,0.8529,0.5652,0.9367,0.6341,0.7832,23,46,6,9,0.8214,0.7188,0.8846,0.7541,0.8221,22,36,16,10,0.6905,0.6875,0.6923,0.6286,0.8089,23,33,19,9,0.6667,0.7188,0.6346,0.6216,0.7945,22,40,12,10,0.7381,0.6875,0.7692,0.6667,0.8155,23,37,15,9,0.7143,0.7188,0.7115,0.6571,0.8089,24,53,3,6,0.8953,0.8,0.9464,0.8421,0.9137,23,53,3,7,0.8837,0.7667,0.9464,0.8214,0.8964,24,51,5,6,0.8721,0.8,0.9107,0.8136,0.9161,23,51,5,7,0.8605,0.7667,0.9107,0.7931,0.9327,24,53,3,6,0.8953,0.8,0.9464,0.8421,0.9095
159,28,49,15,7,0.7778,0.8,0.7656,0.7179,0.833,27,55,9,8,0.8283,0.7714,0.8594,0.7606,0.846,25,51,13,10,0.7677,0.7143,0.7969,0.6849,0.8232,28,55,9,7,0.8384,0.8,0.8594,0.7778,0.8359,25,52,12,10,0.7778,0.7143,0.8125,0.6944,0.8384,24,66,5,7,0.8824,0.7742,0.9296,0.8,0.9378,26,69,2,5,0.9314,0.8387,0.9718,0.8814,0.9582,24,66,5,7,0.8824,0.7742,0.9296,0.8,0.93,23,70,1,8,0.9118,0.7419,0.9859,0.8364,0.9459,24,64,7,7,0.8627,0.7742,0.9014,0.7742,0.9337,15,49,7,13,0.7619,0.5357,0.875,0.6,0.6977,16,44,12,12,0.7143,0.5714,0.7857,0.5714,0.8163,17,42,14,11,0.7024,0.6071,0.75,0.5763,0.7136,17,47,9,11,0.7619,0.6071,0.8393,0.6296,0.7742,17,44,12,11,0.7262,0.6071,0.7857,0.5965,0.7978,18,60,3,5,0.907,0.7826,0.9524,0.8182,0.8723,17,58,5,6,0.8721,0.7391,0.9206,0.7556,0.8247,18,56,7,5,0.8605,0.7826,0.8889,0.75,0.8841,17,56,7,6,0.8488,0.7391,0.8889,0.7234,0.891,18,58,5,5,0.8837,0.7826,0.9206,0.7826,0.8592
160,23,52,14,10,0.7576,0.697,0.7879,0.6571,0.8039,21,55,11,12,0.7677,0.6364,0.8333,0.6462,0.7842,23,50,16,10,0.7374,0.697,0.7576,0.6389,0.7732,23,55,11,10,0.7879,0.697,0.8333,0.6866,0.7991,23,54,12,10,0.7778,0.697,0.8182,0.6765,0.8186,19,65,5,13,0.8235,0.5938,0.9286,0.6786,0.8205,22,67,3,10,0.8725,0.6875,0.9571,0.7719,0.8442,17,65,5,15,0.8039,0.5312,0.9286,0.6296,0.7839,16,67,3,16,0.8137,0.5,0.9571,0.6275,0.8228,17,61,9,15,0.7647,0.5312,0.8714,0.5862,0.8071,29,42,6,7,0.8452,0.8056,0.875,0.8169,0.8837,27,37,11,9,0.7619,0.75,0.7708,0.7297,0.8605,27,34,14,9,0.7262,0.75,0.7083,0.7013,0.8611,27,40,8,9,0.7976,0.75,0.8333,0.7606,0.8628,27,36,12,9,0.75,0.75,0.75,0.72,0.8791,20,58,6,2,0.907,0.9091,0.9062,0.8333,0.8949,20,57,7,2,0.8953,0.9091,0.8906,0.8163,0.8807,20,56,8,2,0.8837,0.9091,0.875,0.8,0.9119,20,56,8,2,0.8837,0.9091,0.875,0.8,0.9126,20,57,7,2,0.8953,0.9091,0.8906,0.8163,0.8935
161,27,53,11,8,0.8081,0.7714,0.8281,0.7397,0.8714,24,58,6,11,0.8283,0.6857,0.9062,0.7385,0.8804,26,55,9,9,0.8182,0.7429,0.8594,0.7429,0.8424,27,58,6,8,0.8586,0.7714,0.9062,0.7941,0.8585,26,56,8,9,0.8283,0.7429,0.875,0.7536,0.9027,13,71,9,9,0.8235,0.5909,0.8875,0.5909,0.7517,15,72,8,7,0.8529,0.6818,0.9,0.6667,0.7744,14,73,7,8,0.8529,0.6364,0.9125,0.6512,0.7602,12,74,6,10,0.8431,0.5455,0.925,0.6,0.7665,14,70,10,8,0.8235,0.6364,0.875,0.6087,0.7562,16,46,9,13,0.7381,0.5517,0.8364,0.5926,0.7436,18,41,14,11,0.7024,0.6207,0.7455,0.5902,0.7875,18,38,17,11,0.6667,0.6207,0.6909,0.5625,0.7536,20,45,10,9,0.7738,0.6897,0.8182,0.678,0.7774,18,41,14,11,0.7024,0.6207,0.7455,0.5902,0.7799,28,54,2,2,0.9535,0.9333,0.9643,0.9333,0.9488,27,53,3,3,0.9302,0.9,0.9464,0.9,0.9446,28,52,4,2,0.9302,0.9333,0.9286,0.9032,0.9423,27,52,4,3,0.9186,0.9,0.9286,0.8852,0.9536,28,53,3,2,0.9419,0.9333,0.9464,0.918,0.95
162,30,52,8,9,0.8283,0.7692,0.8667,0.7792,0.8466,27,55,5,12,0.8283,0.6923,0.9167,0.7606,0.8748,28,52,8,11,0.8081,0.7179,0.8667,0.7467,0.835,30,55,5,9,0.8586,0.7692,0.9167,0.8108,0.831,28,52,8,11,0.8081,0.7179,0.8667,0.7467,0.8547,17,71,5,9,0.8627,0.6538,0.9342,0.7083,0.8289,19,71,5,7,0.8824,0.7308,0.9342,0.76,0.8856,19,67,9,7,0.8431,0.7308,0.8816,0.7037,0.8507,17,73,3,9,0.8824,0.6538,0.9605,0.7391,0.8664,19,64,12,7,0.8137,0.7308,0.8421,0.6667,0.8396,29,39,4,12,0.8095,0.7073,0.907,0.7838,0.8486,29,38,5,12,0.7976,0.7073,0.8837,0.7733,0.8871,29,35,8,12,0.7619,0.7073,0.814,0.7436,0.8707,33,38,5,8,0.8452,0.8049,0.8837,0.8354,0.8809,29,36,7,12,0.7738,0.7073,0.8372,0.7532,0.8656,21,62,2,1,0.9651,0.9545,0.9688,0.9333,0.9744,16,60,4,6,0.8837,0.7273,0.9375,0.7619,0.9524,21,59,5,1,0.9302,0.9545,0.9219,0.875,0.9567,16,59,5,6,0.8721,0.7273,0.9219,0.7442,0.9616,21,60,4,1,0.9419,0.9545,0.9375,0.8936,0.9695
163,37,47,10,5,0.8485,0.881,0.8246,0.8315,0.9348,34,52,5,8,0.8687,0.8095,0.9123,0.8395,0.9302,35,46,11,7,0.8182,0.8333,0.807,0.7955,0.9119,37,52,5,5,0.899,0.881,0.9123,0.881,0.92,35,49,8,7,0.8485,0.8333,0.8596,0.8235,0.9444,16,79,4,3,0.9314,0.8421,0.9518,0.8205,0.9423,17,78,5,2,0.9314,0.8947,0.9398,0.8293,0.9594,16,79,4,3,0.9314,0.8421,0.9518,0.8205,0.941,16,79,4,3,0.9314,0.8421,0.9518,0.8205,0.9537,16,75,8,3,0.8922,0.8421,0.9036,0.7442,0.9455,28,35,9,12,0.75,0.7,0.7955,0.7273,0.8182,30,29,15,10,0.7024,0.75,0.6591,0.7059,0.8273,31,30,14,9,0.7262,0.775,0.6818,0.7294,0.8545,31,32,12,9,0.75,0.775,0.7273,0.747,0.8409,31,34,10,9,0.7738,0.775,0.7727,0.7654,0.8483,24,55,5,2,0.9186,0.9231,0.9167,0.8727,0.9538,23,52,8,3,0.8721,0.8846,0.8667,0.807,0.9538,24,51,9,2,0.8721,0.9231,0.85,0.8136,0.941,23,51,9,3,0.8605,0.8846,0.85,0.7931,0.9519,24,52,8,2,0.8837,0.9231,0.8667,0.8276,0.9487
164,24,46,13,16,0.7071,0.6,0.7797,0.6234,0.7475,22,50,9,18,0.7273,0.55,0.8475,0.6197,0.7614,22,44,15,18,0.6667,0.55,0.7458,0.5714,0.7161,24,50,9,16,0.7475,0.6,0.8475,0.6575,0.7364,22,48,11,18,0.7071,0.55,0.8136,0.6027,0.7686,16,68,5,13,0.8235,0.5517,0.9315,0.64,0.7667,17,70,3,12,0.8529,0.5862,0.9589,0.6939,0.8309,13,69,4,16,0.8039,0.4483,0.9452,0.5652,0.761,13,70,3,16,0.8137,0.4483,0.9589,0.5778,0.8035,13,68,5,16,0.7941,0.4483,0.9315,0.5532,0.8016,21,41,8,14,0.7381,0.6,0.8367,0.6562,0.7773,21,31,18,14,0.619,0.6,0.6327,0.5676,0.8087,24,31,18,11,0.6548,0.6857,0.6327,0.6234,0.7656,21,38,11,14,0.7024,0.6,0.7755,0.6269,0.8105,24,36,13,11,0.7143,0.6857,0.7347,0.6667,0.8012,24,53,2,7,0.8953,0.7742,0.9636,0.8421,0.8804,24,51,4,7,0.8721,0.7742,0.9273,0.8136,0.8446,24,50,5,7,0.8605,0.7742,0.9091,0.8,0.9021,24,50,5,7,0.8605,0.7742,0.9091,0.8,0.9267,24,51,4,7,0.8721,0.7742,0.9273,0.8136,0.8827
165,21,59,10,9,0.8081,0.7,0.8551,0.6885,0.8329,17,65,4,13,0.8283,0.5667,0.942,0.6667,0.8285,18,60,9,12,0.7879,0.6,0.8696,0.6316,0.7797,21,65,4,9,0.8687,0.7,0.942,0.7636,0.8101,18,62,7,12,0.8081,0.6,0.8986,0.6545,0.8309,13,67,8,14,0.7843,0.4815,0.8933,0.5417,0.7402,18,65,10,9,0.8137,0.6667,0.8667,0.6545,0.7793,15,66,9,12,0.7941,0.5556,0.88,0.5882,0.7309,13,69,6,14,0.8039,0.4815,0.92,0.5652,0.761,15,63,12,12,0.7647,0.5556,0.84,0.5556,0.7511,17,48,7,12,0.7738,0.5862,0.8727,0.6415,0.7774,16,45,10,13,0.7262,0.5517,0.8182,0.5818,0.8069,17,41,14,12,0.6905,0.5862,0.7455,0.5667,0.7743,18,45,10,11,0.75,0.6207,0.8182,0.6316,0.7843,17,45,10,12,0.7381,0.5862,0.8182,0.6071,0.7981,26,54,5,1,0.9302,0.963,0.9153,0.8966,0.9165,24,54,5,3,0.907,0.8889,0.9153,0.8571,0.9058,26,52,7,1,0.907,0.963,0.8814,0.8667,0.9284,24,52,7,3,0.8837,0.8889,0.8814,0.8276,0.9372,26,54,5,1,0.9302,0.963,0.9153,0.8966,0.9052
166,20,59,12,8,0.798,0.7143,0.831,0.6667,0.8395,18,64,7,10,0.8283,0.6429,0.9014,0.6792,0.8602,19,58,13,9,0.7778,0.6786,0.8169,0.6333,0.8405,20,64,7,8,0.8485,0.7143,0.9014,0.7273,0.8325,19,61,10,9,0.8081,0.6786,0.8592,0.6667,0.8612,14,74,5,9,0.8627,0.6087,0.9367,0.6667,0.8442,17,76,3,6,0.9118,0.7391,0.962,0.7907,0.8613,15,76,3,8,0.8922,0.6522,0.962,0.7317,0.8525,14,76,3,9,0.8824,0.6087,0.962,0.7,0.8602,15,75,4,8,0.8824,0.6522,0.9494,0.7143,0.8756,23,49,5,7,0.8571,0.7667,0.9074,0.7931,0.8494,21,44,10,9,0.7738,0.7,0.8148,0.6885,0.8784,22,43,11,8,0.7738,0.7333,0.7963,0.6984,0.8537,22,46,8,8,0.8095,0.7333,0.8519,0.7333,0.8654,22,44,10,8,0.7857,0.7333,0.8148,0.7097,0.8728,16,62,4,4,0.907,0.8,0.9394,0.8,0.8879,15,61,5,5,0.8837,0.75,0.9242,0.75,0.872,16,60,6,4,0.8837,0.8,0.9091,0.7619,0.8742,15,60,6,5,0.8721,0.75,0.9091,0.7317,0.9182,16,61,5,4,0.8953,0.8,0.9242,0.7805,0.8955
167,22,46,15,16,0.6869,0.5789,0.7541,0.5867,0.7575,21,49,12,17,0.7071,0.5526,0.8033,0.5915,0.7343,20,44,17,18,0.6465,0.5263,0.7213,0.5333,0.7053,22,49,12,16,0.7172,0.5789,0.8033,0.6111,0.7286,20,48,13,18,0.6869,0.5263,0.7869,0.5634,0.758,21,60,9,12,0.7941,0.6364,0.8696,0.6667,0.8292,25,63,6,8,0.8627,0.7576,0.913,0.7812,0.8256,19,62,7,14,0.7941,0.5758,0.8986,0.6441,0.7892,17,64,5,16,0.7941,0.5152,0.9275,0.6182,0.8094,19,61,8,14,0.7843,0.5758,0.8841,0.6333,0.8182,17,45,9,13,0.7381,0.5667,0.8333,0.6071,0.7617,15,38,16,15,0.631,0.5,0.7037,0.4918,0.7568,16,34,20,14,0.5952,0.5333,0.6296,0.4848,0.7309,15,43,11,15,0.6905,0.5,0.7963,0.5357,0.7728,16,38,16,14,0.6429,0.5333,0.7037,0.5161,0.7747,18,57,6,5,0.8721,0.7826,0.9048,0.766,0.8634,18,55,8,5,0.8488,0.7826,0.873,0.7347,0.8433,18,54,9,5,0.8372,0.7826,0.8571,0.72,0.8737,18,54,9,5,0.8372,0.7826,0.8571,0.72,0.902,18,55,8,5,0.8488,0.7826,0.873,0.7347,0.8634
168,34,43,13,9,0.7778,0.7907,0.7679,0.7556,0.8713,32,46,10,11,0.7879,0.7442,0.8214,0.7529,0.875,32,42,14,11,0.7475,0.7442,0.75,0.7191,0.8439,34,46,10,9,0.8081,0.7907,0.8214,0.7816,0.8576,32,43,13,11,0.7576,0.7442,0.7679,0.7273,0.8825,19,69,8,6,0.8627,0.76,0.8961,0.7308,0.8774,20,69,8,5,0.8725,0.8,0.8961,0.7547,0.8551,17,69,8,8,0.8431,0.68,0.8961,0.68,0.8478,16,71,6,9,0.8529,0.64,0.9221,0.6809,0.8608,17,67,10,8,0.8235,0.68,0.8701,0.6538,0.8358,23,45,3,13,0.8095,0.6389,0.9375,0.7419,0.8212,24,39,9,12,0.75,0.6667,0.8125,0.6957,0.8409,25,37,11,11,0.7381,0.6944,0.7708,0.6944,0.8067,24,42,6,12,0.7857,0.6667,0.875,0.7273,0.842,25,40,8,11,0.7738,0.6944,0.8333,0.7246,0.8466,25,51,6,4,0.8837,0.8621,0.8947,0.8333,0.8784,25,51,6,4,0.8837,0.8621,0.8947,0.8333,0.8923,25,50,7,4,0.8721,0.8621,0.8772,0.8197,0.8881,25,50,7,4,0.8721,0.8621,0.8772,0.8197,0.8978,25,51,6,4,0.8837,0.8621,0.8947,0.8333,0.879
169,18,60,14,7,0.7879,0.72,0.8108,0.6316,0.8659,15,64,10,10,0.798,0.6,0.8649,0.6,0.8681,16,60,14,9,0.7677,0.64,0.8108,0.5818,0.8514,18,64,10,7,0.8283,0.72,0.8649,0.6792,0.8473,16,62,12,9,0.7879,0.64,0.8378,0.6038,0.8838,15,74,6,7,0.8725,0.6818,0.925,0.6977,0.8682,19,73,7,3,0.902,0.8636,0.9125,0.7917,0.9085,16,71,9,6,0.8529,0.7273,0.8875,0.6809,0.8761,14,75,5,8,0.8725,0.6364,0.9375,0.6829,0.8994,16,69,11,6,0.8333,0.7273,0.8625,0.6531,0.8858,16,56,3,9,0.8571,0.64,0.9492,0.7273,0.8441,17,49,10,8,0.7857,0.68,0.8305,0.6538,0.8522,19,45,14,6,0.7619,0.76,0.7627,0.6552,0.8319,18,49,10,7,0.7976,0.72,0.8305,0.6792,0.842,19,50,9,6,0.8214,0.76,0.8475,0.717,0.8658,21,58,5,2,0.9186,0.913,0.9206,0.8571,0.9469,20,57,6,3,0.8953,0.8696,0.9048,0.8163,0.9496,21,57,6,2,0.907,0.913,0.9048,0.84,0.9393,20,57,6,3,0.8953,0.8696,0.9048,0.8163,0.9455,21,57,6,2,0.907,0.913,0.9048,0.84,0.951
170,25,53,15,6,0.7879,0.8065,0.7794,0.7042,0.8501,22,57,11,9,0.798,0.7097,0.8382,0.6875,0.8544,23,53,15,8,0.7677,0.7419,0.7794,0.6667,0.8387,25,57,11,6,0.8283,0.8065,0.8382,0.7463,0.8539,23,55,13,8,0.7879,0.7419,0.8088,0.6866,0.8634,21,74,2,5,0.9314,0.8077,0.9737,0.8571,0.9352,21,75,1,5,0.9412,0.8077,0.9868,0.875,0.9231,20,76,0,6,0.9412,0.7692,1.0,0.8696,0.9378,20,75,1,6,0.9314,0.7692,0.9868,0.8511,0.9423,20,74,2,6,0.9216,0.7692,0.9737,0.8333,0.9297,22,46,7,9,0.8095,0.7097,0.8679,0.7333,0.8387,23,41,12,8,0.7619,0.7419,0.7736,0.697,0.8673,24,34,19,7,0.6905,0.7742,0.6415,0.6486,0.8558,23,44,9,8,0.7976,0.7419,0.8302,0.7302,0.8795,24,40,13,7,0.7619,0.7742,0.7547,0.7059,0.8551,21,59,3,3,0.9302,0.875,0.9516,0.875,0.9267,21,57,5,3,0.907,0.875,0.9194,0.84,0.918,21,56,6,3,0.8953,0.875,0.9032,0.8235,0.912,21,56,6,3,0.8953,0.875,0.9032,0.8235,0.9442,21,57,5,3,0.907,0.875,0.9194,0.84,0.9207
171,23,52,19,5,0.7576,0.8214,0.7324,0.6571,0.8949,20,56,15,8,0.7677,0.7143,0.7887,0.6349,0.8783,23,53,18,5,0.7677,0.8214,0.7465,0.6667,0.8773,23,56,15,5,0.798,0.8214,0.7887,0.697,0.88,23,55,16,5,0.7879,0.8214,0.7746,0.6866,0.9054,24,72,2,4,0.9412,0.8571,0.973,0.8889,0.9348,25,70,4,3,0.9314,0.8929,0.9459,0.8772,0.9184,24,70,4,4,0.9216,0.8571,0.9459,0.8571,0.9291,23,71,3,5,0.9216,0.8214,0.9595,0.8519,0.9228,24,69,5,4,0.9118,0.8571,0.9324,0.8421,0.9291,20,48,3,13,0.8095,0.6061,0.9412,0.7143,0.7903,20,40,11,13,0.7143,0.6061,0.7843,0.625,0.8354,20,35,16,13,0.6548,0.6061,0.6863,0.5797,0.7724,24,43,8,9,0.7976,0.7273,0.8431,0.7385,0.8396,20,41,10,13,0.7262,0.6061,0.8039,0.6349,0.8265,23,58,4,1,0.9419,0.9583,0.9355,0.902,0.9556,21,55,7,3,0.8837,0.875,0.8871,0.8077,0.9402,23,52,10,1,0.8721,0.9583,0.8387,0.807,0.918,21,52,10,3,0.8488,0.875,0.8387,0.7636,0.9261,23,55,7,1,0.907,0.9583,0.8871,0.8519,0.9483
172,26,58,9,6,0.8485,0.8125,0.8657,0.7761,0.9118,23,62,5,9,0.8586,0.7188,0.9254,0.7667,0.9314,23,58,9,9,0.8182,0.7188,0.8657,0.7188,0.9114,26,62,5,6,0.8889,0.8125,0.9254,0.8254,0.9235,23,61,6,9,0.8485,0.7188,0.9104,0.7541,0.9492,16,76,4,6,0.902,0.7273,0.95,0.7619,0.858,17,78,2,5,0.9314,0.7727,0.975,0.8293,0.9125,16,74,6,6,0.8824,0.7273,0.925,0.7273,0.8903,15,78,2,7,0.9118,0.6818,0.975,0.7692,0.8886,16,72,8,6,0.8627,0.7273,0.9,0.6957,0.883,24,48,3,9,0.8571,0.7273,0.9412,0.8,0.874,26,44,7,7,0.8333,0.7879,0.8627,0.7879,0.8954,28,40,11,5,0.8095,0.8485,0.7843,0.7778,0.874,26,42,9,7,0.8095,0.7879,0.8235,0.7647,0.8907,28,40,11,5,0.8095,0.8485,0.7843,0.7778,0.8948,24,54,4,4,0.907,0.8571,0.931,0.8571,0.9169,22,54,4,6,0.8837,0.7857,0.931,0.8148,0.9212,24,53,5,4,0.8953,0.8571,0.9138,0.8421,0.9083,22,53,5,6,0.8721,0.7857,0.9138,0.8,0.9255,24,54,4,4,0.907,0.8571,0.931,0.8571,0.9144
173,27,48,15,9,0.7576,0.75,0.7619,0.6923,0.8148,24,53,10,12,0.7778,0.6667,0.8413,0.6857,0.8108,26,49,14,10,0.7576,0.7222,0.7778,0.6842,0.7747,27,53,10,9,0.8081,0.75,0.8413,0.7397,0.8201,26,52,11,10,0.7879,0.7222,0.8254,0.7123,0.8351,19,68,3,12,0.8529,0.6129,0.9577,0.717,0.8196,20,69,2,11,0.8725,0.6452,0.9718,0.7547,0.8055,18,69,2,13,0.8529,0.5806,0.9718,0.7059,0.7842,17,69,2,14,0.8431,0.5484,0.9718,0.68,0.8133,18,68,3,13,0.8431,0.5806,0.9577,0.6923,0.7951,18,52,6,8,0.8333,0.6923,0.8966,0.72,0.8581,16,47,11,10,0.75,0.6154,0.8103,0.6038,0.8336,17,44,14,9,0.7262,0.6538,0.7586,0.5965,0.8249,17,50,8,9,0.7976,0.6538,0.8621,0.6667,0.8568,17,47,11,9,0.7619,0.6538,0.8103,0.6296,0.8389,20,61,2,3,0.9419,0.8696,0.9683,0.8889,0.9068,19,61,2,4,0.9302,0.8261,0.9683,0.8636,0.8772,20,60,3,3,0.9302,0.8696,0.9524,0.8696,0.9234,19,60,3,4,0.9186,0.8261,0.9524,0.8444,0.9406,20,61,2,3,0.9419,0.8696,0.9683,0.8889,0.9048
174,23,52,15,9,0.7576,0.7188,0.7761,0.6571,0.8307,22,58,9,10,0.8081,0.6875,0.8657,0.6984,0.8517,21,54,13,11,0.7576,0.6562,0.806,0.6364,0.8181,23,58,9,9,0.8182,0.7188,0.8657,0.7188,0.8377,21,57,10,11,0.7879,0.6562,0.8507,0.6667,0.861,24,68,2,8,0.902,0.75,0.9714,0.8276,0.8464,25,66,4,7,0.8922,0.7812,0.9429,0.8197,0.8263,25,63,7,7,0.8627,0.7812,0.9,0.7812,0.8366,24,66,4,8,0.8824,0.75,0.9429,0.8,0.8415,25,61,9,7,0.8431,0.7812,0.8714,0.7576,0.8406,28,46,3,7,0.881,0.8,0.9388,0.8485,0.8845,27,38,11,8,0.7738,0.7714,0.7755,0.7397,0.8898,27,37,12,8,0.7619,0.7714,0.7551,0.7297,0.8612,28,41,8,7,0.8214,0.8,0.8367,0.7887,0.9015,27,39,10,8,0.7857,0.7714,0.7959,0.75,0.8758,17,62,3,4,0.9186,0.8095,0.9538,0.8293,0.9245,16,61,4,5,0.8953,0.7619,0.9385,0.7805,0.9238,17,60,5,4,0.8953,0.8095,0.9231,0.7907,0.9121,16,60,5,5,0.8837,0.7619,0.9231,0.7619,0.9267,17,61,4,4,0.907,0.8095,0.9385,0.8095,0.9209
175,30,49,7,13,0.798,0.6977,0.875,0.75,0.816,26,51,5,17,0.7778,0.6047,0.9107,0.7027,0.8488,30,49,7,13,0.798,0.6977,0.875,0.75,0.8169,30,51,5,13,0.8182,0.6977,0.9107,0.7692,0.8081,30,49,7,13,0.798,0.6977,0.875,0.75,0.8654,20,70,4,8,0.8824,0.7143,0.9459,0.7692,0.8851,23,72,2,5,0.9314,0.8214,0.973,0.8679,0.875,20,71,3,8,0.8922,0.7143,0.9595,0.7843,0.8441,20,73,1,8,0.9118,0.7143,0.9865,0.8163,0.8822,20,71,3,8,0.8922,0.7143,0.9595,0.7843,0.8586,31,44,3,6,0.8929,0.8378,0.9362,0.8732,0.8833,28,36,11,9,0.7619,0.7568,0.766,0.7368,0.8925,28,33,14,9,0.7262,0.7568,0.7021,0.7089,0.8482,29,36,11,8,0.7738,0.7838,0.766,0.7532,0.8867,28,34,13,9,0.7381,0.7568,0.7234,0.7179,0.8534,21,58,4,3,0.9186,0.875,0.9355,0.8571,0.9456,20,58,4,4,0.907,0.8333,0.9355,0.8333,0.9483,21,58,4,3,0.9186,0.875,0.9355,0.8571,0.9294,20,58,4,4,0.907,0.8333,0.9355,0.8333,0.9577,21,58,4,3,0.9186,0.875,0.9355,0.8571,0.9476
176,24,56,11,8,0.8081,0.75,0.8358,0.7164,0.8699,24,58,9,8,0.8283,0.75,0.8657,0.7385,0.8727,24,56,11,8,0.8081,0.75,0.8358,0.7164,0.8465,24,58,9,8,0.8283,0.75,0.8657,0.7385,0.8463,24,57,10,8,0.8182,0.75,0.8507,0.7273,0.8941,17,74,8,3,0.8922,0.85,0.9024,0.7556,0.9354,19,78,4,1,0.951,0.95,0.9512,0.8837,0.9457,16,72,10,4,0.8627,0.8,0.878,0.6957,0.9165,15,78,4,5,0.9118,0.75,0.9512,0.7692,0.928,16,72,10,4,0.8627,0.8,0.878,0.6957,0.9287,22,49,3,10,0.8452,0.6875,0.9423,0.7719,0.8648,22,43,9,10,0.7738,0.6875,0.8269,0.6984,0.8846,23,44,8,9,0.7976,0.7188,0.8462,0.7302,0.8738,24,47,5,8,0.8452,0.75,0.9038,0.7869,0.8768,23,46,6,9,0.8214,0.7188,0.8846,0.7541,0.8756,20,61,4,1,0.9419,0.9524,0.9385,0.8889,0.959,18,61,4,3,0.9186,0.8571,0.9385,0.8372,0.9634,20,60,5,1,0.9302,0.9524,0.9231,0.8696,0.9443,18,60,5,3,0.907,0.8571,0.9231,0.8182,0.9575,20,61,4,1,0.9419,0.9524,0.9385,0.8889,0.9546
177,26,54,8,11,0.8081,0.7027,0.871,0.7324,0.8073,21,55,7,16,0.7677,0.5676,0.8871,0.6462,0.8099,22,52,10,15,0.7475,0.5946,0.8387,0.6377,0.7707,26,55,7,11,0.8182,0.7027,0.8871,0.7429,0.8073,22,55,7,15,0.7778,0.5946,0.8871,0.6667,0.8243,19,67,7,9,0.8431,0.6786,0.9054,0.7037,0.8287,19,68,6,9,0.8529,0.6786,0.9189,0.717,0.7978,17,67,7,11,0.8235,0.6071,0.9054,0.6538,0.7954,17,68,6,11,0.8333,0.6071,0.9189,0.6667,0.8065,17,65,9,11,0.8039,0.6071,0.8784,0.6296,0.8084,24,45,5,10,0.8214,0.7059,0.9,0.7619,0.9035,21,44,6,13,0.7738,0.6176,0.88,0.6885,0.9235,22,41,9,12,0.75,0.6471,0.82,0.6769,0.9088,25,47,3,9,0.8571,0.7353,0.94,0.8065,0.9441,22,43,7,12,0.7738,0.6471,0.86,0.6984,0.9359,22,56,5,3,0.907,0.88,0.918,0.8462,0.8623,18,56,5,7,0.8605,0.72,0.918,0.75,0.8393,22,56,5,3,0.907,0.88,0.918,0.8462,0.8905,18,56,5,7,0.8605,0.72,0.918,0.75,0.903,22,56,5,3,0.907,0.88,0.918,0.8462,0.8446
178,27,50,12,10,0.7778,0.7297,0.8065,0.7105,0.8963,26,56,6,11,0.8283,0.7027,0.9032,0.7536,0.8832,25,51,11,12,0.7677,0.6757,0.8226,0.6849,0.8784,27,56,6,10,0.8384,0.7297,0.9032,0.7714,0.867,25,54,8,12,0.798,0.6757,0.871,0.7143,0.8945,15,71,8,8,0.8431,0.6522,0.8987,0.6522,0.8255,17,71,8,6,0.8627,0.7391,0.8987,0.7083,0.82,17,70,9,6,0.8529,0.7391,0.8861,0.6939,0.8299,15,72,7,8,0.8529,0.6522,0.9114,0.6667,0.8327,17,67,12,6,0.8235,0.7391,0.8481,0.6538,0.8343,25,42,9,8,0.7976,0.7576,0.8235,0.7463,0.8503,23,39,12,10,0.7381,0.697,0.7647,0.6765,0.8645,26,38,13,7,0.7619,0.7879,0.7451,0.7222,0.8592,24,43,8,9,0.7976,0.7273,0.8431,0.7385,0.8711,26,38,13,7,0.7619,0.7879,0.7451,0.7222,0.8645,23,56,3,4,0.9186,0.8519,0.9492,0.8679,0.946,22,55,4,5,0.8953,0.8148,0.9322,0.8302,0.9379,23,53,6,4,0.8837,0.8519,0.8983,0.8214,0.924,22,53,6,5,0.8721,0.8148,0.8983,0.8,0.9341,23,55,4,4,0.907,0.8519,0.9322,0.8519,0.9422
179,34,49,10,6,0.8384,0.85,0.8305,0.8095,0.9102,28,52,7,12,0.8081,0.7,0.8814,0.7467,0.8898,30,49,10,10,0.798,0.75,0.8305,0.75,0.8852,34,52,7,6,0.8687,0.85,0.8814,0.8395,0.9013,30,51,8,10,0.8182,0.75,0.8644,0.7692,0.9153,27,63,3,9,0.8824,0.75,0.9545,0.8182,0.9162,31,63,3,5,0.9216,0.8611,0.9545,0.8857,0.9061,27,63,3,9,0.8824,0.75,0.9545,0.8182,0.8889,25,64,2,11,0.8725,0.6944,0.9697,0.7937,0.9074,27,59,7,9,0.8431,0.75,0.8939,0.7714,0.9003,21,43,10,10,0.7619,0.6774,0.8113,0.6774,0.7894,19,41,12,12,0.7143,0.6129,0.7736,0.6129,0.8089,20,37,16,11,0.6786,0.6452,0.6981,0.597,0.8071,19,45,8,12,0.7619,0.6129,0.8491,0.6552,0.8174,20,43,10,11,0.75,0.6452,0.8113,0.6557,0.8229,18,64,2,2,0.9535,0.9,0.9697,0.9,0.9303,18,61,5,2,0.9186,0.9,0.9242,0.8372,0.9167,18,59,7,2,0.8953,0.9,0.8939,0.8,0.9364,18,59,7,2,0.8953,0.9,0.8939,0.8,0.9568,18,61,5,2,0.9186,0.9,0.9242,0.8372,0.9424
180,26,47,15,11,0.7374,0.7027,0.7581,0.6667,0.7833,23,52,10,14,0.7576,0.6216,0.8387,0.6571,0.7999,24,49,13,13,0.7374,0.6486,0.7903,0.6486,0.7694,26,52,10,11,0.7879,0.7027,0.8387,0.7123,0.779,24,49,13,13,0.7374,0.6486,0.7903,0.6486,0.8191,21,69,4,8,0.8824,0.7241,0.9452,0.7778,0.8956,22,68,5,7,0.8824,0.7586,0.9315,0.7857,0.8852,19,63,10,10,0.8039,0.6552,0.863,0.6552,0.864,18,69,4,11,0.8529,0.6207,0.9452,0.7059,0.8866,19,63,10,10,0.8039,0.6552,0.863,0.6552,0.8824,25,50,0,9,0.8929,0.7353,1.0,0.8475,0.8688,22,43,7,12,0.7738,0.6471,0.86,0.6984,0.8859,23,42,8,11,0.7738,0.6765,0.84,0.7077,0.8712,22,43,7,12,0.7738,0.6471,0.86,0.6984,0.8735,23,43,7,11,0.7857,0.6765,0.86,0.7188,0.8982,28,49,4,5,0.8953,0.8485,0.9245,0.8615,0.8919,28,47,6,5,0.8721,0.8485,0.8868,0.8358,0.8593,28,47,6,5,0.8721,0.8485,0.8868,0.8358,0.8988,28,47,6,5,0.8721,0.8485,0.8868,0.8358,0.9074,28,47,6,5,0.8721,0.8485,0.8868,0.8358,0.8868
181,25,56,7,11,0.8182,0.6944,0.8889,0.7353,0.8197,21,57,6,15,0.7879,0.5833,0.9048,0.6667,0.8272,22,53,10,14,0.7576,0.6111,0.8413,0.6471,0.795,25,57,6,11,0.8283,0.6944,0.9048,0.7463,0.821,22,57,6,14,0.798,0.6111,0.9048,0.6875,0.836,19,74,2,7,0.9118,0.7308,0.9737,0.8085,0.9448,21,71,5,5,0.902,0.8077,0.9342,0.8077,0.9251,19,73,3,7,0.902,0.7308,0.9605,0.7917,0.9099,17,71,5,9,0.8627,0.6538,0.9342,0.7083,0.9276,19,70,6,7,0.8725,0.7308,0.9211,0.7451,0.9114,19,50,4,11,0.8214,0.6333,0.9259,0.717,0.8574,21,47,7,9,0.8095,0.7,0.8704,0.7241,0.8969,21,45,9,9,0.7857,0.7,0.8333,0.7,0.8685,22,47,7,8,0.8214,0.7333,0.8704,0.7458,0.8821,21,48,6,9,0.8214,0.7,0.8889,0.7368,0.8852,21,56,4,5,0.8953,0.8077,0.9333,0.8235,0.8942,20,56,4,6,0.8837,0.7692,0.9333,0.8,0.884,21,55,5,5,0.8837,0.8077,0.9167,0.8077,0.9141,20,55,5,6,0.8721,0.7692,0.9167,0.7843,0.9288,21,56,4,5,0.8953,0.8077,0.9333,0.8235,0.8994
182,24,54,13,8,0.7879,0.75,0.806,0.6957,0.7794,23,58,9,9,0.8182,0.7188,0.8657,0.7188,0.8041,23,53,14,9,0.7677,0.7188,0.791,0.6667,0.7682,24,58,9,8,0.8283,0.75,0.8657,0.7385,0.7864,23,57,10,9,0.8081,0.7188,0.8507,0.7077,0.8106,19,67,5,11,0.8431,0.6333,0.9306,0.7037,0.8185,21,70,2,9,0.8922,0.7,0.9722,0.7925,0.838,18,66,6,12,0.8235,0.6,0.9167,0.6667,0.7981,18,70,2,12,0.8627,0.6,0.9722,0.72,0.8352,18,66,6,12,0.8235,0.6,0.9167,0.6667,0.819,19,44,10,11,0.75,0.6333,0.8148,0.6441,0.7889,19,36,18,11,0.6548,0.6333,0.6667,0.5672,0.7981,19,35,19,11,0.6429,0.6333,0.6481,0.5588,0.7852,23,40,14,7,0.75,0.7667,0.7407,0.6866,0.821,19,36,18,11,0.6548,0.6333,0.6667,0.5672,0.7926,22,56,4,4,0.907,0.8462,0.9333,0.8462,0.8788,19,56,4,7,0.8721,0.7308,0.9333,0.7755,0.8532,22,55,5,4,0.8953,0.8462,0.9167,0.8302,0.8923,19,55,5,7,0.8605,0.7308,0.9167,0.76,0.9135,22,56,4,4,0.907,0.8462,0.9333,0.8462,0.8724
183,21,57,14,7,0.7879,0.75,0.8028,0.6667,0.8335,19,61,10,9,0.8081,0.6786,0.8592,0.6667,0.836,17,58,13,11,0.7576,0.6071,0.8169,0.5862,0.8129,21,61,10,7,0.8283,0.75,0.8592,0.7119,0.8358,17,57,14,11,0.7475,0.6071,0.8028,0.5763,0.8446,24,67,5,6,0.8922,0.8,0.9306,0.8136,0.8894,25,65,7,5,0.8824,0.8333,0.9028,0.8065,0.8819,21,68,4,9,0.8725,0.7,0.9444,0.7636,0.8722,20,67,5,10,0.8529,0.6667,0.9306,0.7273,0.8917,21,64,8,9,0.8333,0.7,0.8889,0.7119,0.8833,24,51,4,5,0.8929,0.8276,0.9273,0.8421,0.9141,24,46,9,5,0.8333,0.8276,0.8364,0.7742,0.9279,25,44,11,4,0.8214,0.8621,0.8,0.7692,0.8765,25,47,8,4,0.8571,0.8621,0.8545,0.8065,0.9204,25,47,8,4,0.8571,0.8621,0.8545,0.8065,0.9166,24,56,3,3,0.9302,0.8889,0.9492,0.8889,0.9033,22,55,4,5,0.8953,0.8148,0.9322,0.8302,0.8807,24,54,5,3,0.907,0.8889,0.9153,0.8571,0.9184,22,54,5,5,0.8837,0.8148,0.9153,0.8148,0.9366,24,55,4,3,0.9186,0.8889,0.9322,0.8727,0.8989
184,28,50,16,5,0.7879,0.8485,0.7576,0.7273,0.8926,23,58,8,10,0.8182,0.697,0.8788,0.7188,0.9192,25,52,14,8,0.7778,0.7576,0.7879,0.6944,0.8783,28,58,8,5,0.8687,0.8485,0.8788,0.8116,0.8889,25,57,9,8,0.8283,0.7576,0.8636,0.7463,0.9215,22,63,8,9,0.8333,0.7097,0.8873,0.7213,0.8196,25,64,7,6,0.8725,0.8065,0.9014,0.7937,0.871,23,61,10,8,0.8235,0.7419,0.8592,0.7188,0.8346,21,65,6,10,0.8431,0.6774,0.9155,0.7241,0.8532,23,59,12,8,0.8039,0.7419,0.831,0.697,0.8514,20,44,10,10,0.7619,0.6667,0.8148,0.6667,0.7784,23,34,20,7,0.6786,0.7667,0.6296,0.6301,0.8185,23,34,20,7,0.6786,0.7667,0.6296,0.6301,0.7914,23,40,14,7,0.75,0.7667,0.7407,0.6866,0.8191,23,39,15,7,0.7381,0.7667,0.7222,0.6765,0.8383,22,57,3,4,0.9186,0.8462,0.95,0.8627,0.9564,22,57,3,4,0.9186,0.8462,0.95,0.8627,0.9699,22,55,5,4,0.8953,0.8462,0.9167,0.8302,0.9212,22,55,5,4,0.8953,0.8462,0.9167,0.8302,0.9513,22,57,3,4,0.9186,0.8462,0.95,0.8627,0.9609
185,28,49,16,6,0.7778,0.8235,0.7538,0.7179,0.8742,26,57,8,8,0.8384,0.7647,0.8769,0.7647,0.8937,24,50,15,10,0.7475,0.7059,0.7692,0.6575,0.8738,28,57,8,6,0.8586,0.8235,0.8769,0.8,0.8839,24,53,12,10,0.7778,0.7059,0.8154,0.6857,0.8905,22,70,5,5,0.902,0.8148,0.9333,0.8148,0.8775,23,70,5,4,0.9118,0.8519,0.9333,0.8364,0.9077,21,71,4,6,0.902,0.7778,0.9467,0.8077,0.8943,21,71,4,6,0.902,0.7778,0.9467,0.8077,0.8968,21,68,7,6,0.8725,0.7778,0.9067,0.7636,0.9002,25,48,5,6,0.869,0.8065,0.9057,0.8197,0.9154,26,44,9,5,0.8333,0.8387,0.8302,0.7879,0.9257,27,40,13,4,0.7976,0.871,0.7547,0.7606,0.9166,27,45,8,4,0.8571,0.871,0.8491,0.8182,0.9245,27,45,8,4,0.8571,0.871,0.8491,0.8182,0.9276,23,57,5,1,0.9302,0.9583,0.9194,0.8846,0.9536,22,57,5,2,0.9186,0.9167,0.9194,0.8627,0.9583,23,55,7,1,0.907,0.9583,0.8871,0.8519,0.9516,22,55,7,2,0.8953,0.9167,0.8871,0.8302,0.953,23,57,5,1,0.9302,0.9583,0.9194,0.8846,0.9442
186,28,45,17,9,0.7374,0.7568,0.7258,0.6829,0.7864,26,51,11,11,0.7778,0.7027,0.8226,0.7027,0.7925,23,45,17,14,0.6869,0.6216,0.7258,0.5974,0.7467,28,51,11,9,0.798,0.7568,0.8226,0.7368,0.7886,23,48,14,14,0.7172,0.6216,0.7742,0.6216,0.7921,28,59,2,13,0.8529,0.6829,0.9672,0.7887,0.8333,29,56,5,12,0.8333,0.7073,0.918,0.7733,0.8281,27,57,4,14,0.8235,0.6585,0.9344,0.75,0.8165,26,56,5,15,0.8039,0.6341,0.918,0.7222,0.8281,27,55,6,14,0.8039,0.6585,0.9016,0.7297,0.8137,26,46,3,9,0.8571,0.7429,0.9388,0.8125,0.8741,24,40,9,11,0.7619,0.6857,0.8163,0.7059,0.881,24,38,11,11,0.7381,0.6857,0.7755,0.6857,0.8636,25,41,8,10,0.7857,0.7143,0.8367,0.7353,0.8822,24,40,9,11,0.7619,0.6857,0.8163,0.7059,0.8875,21,58,4,3,0.9186,0.875,0.9355,0.8571,0.8978,20,58,4,4,0.907,0.8333,0.9355,0.8333,0.8824,21,55,7,3,0.8837,0.875,0.8871,0.8077,0.9133,20,55,7,4,0.8721,0.8333,0.8871,0.7843,0.9247,21,58,4,3,0.9186,0.875,0.9355,0.8571,0.8824
187,34,49,10,6,0.8384,0.85,0.8305,0.8095,0.9144,31,53,6,9,0.8485,0.775,0.8983,0.8052,0.9047,33,50,9,7,0.8384,0.825,0.8475,0.8049,0.9085,34,53,6,6,0.8788,0.85,0.8983,0.85,0.9051,33,52,7,7,0.8586,0.825,0.8814,0.825,0.9275,25,57,8,12,0.8039,0.6757,0.8769,0.7143,0.7834,26,57,8,11,0.8137,0.7027,0.8769,0.7324,0.7958,24,58,7,13,0.8039,0.6486,0.8923,0.7059,0.778,23,58,7,14,0.7941,0.6216,0.8923,0.6866,0.7867,24,56,9,13,0.7843,0.6486,0.8615,0.6857,0.7875,22,46,1,15,0.8095,0.5946,0.9787,0.7333,0.8545,24,39,8,13,0.75,0.6486,0.8298,0.6957,0.8769,26,37,10,11,0.75,0.7027,0.7872,0.7123,0.8568,26,41,6,11,0.7976,0.7027,0.8723,0.7536,0.8873,26,40,7,11,0.7857,0.7027,0.8511,0.7429,0.87,29,52,2,3,0.9419,0.9062,0.963,0.9206,0.9479,27,51,3,5,0.907,0.8438,0.9444,0.871,0.9421,29,50,4,3,0.9186,0.9062,0.9259,0.8923,0.934,27,50,4,5,0.8953,0.8438,0.9259,0.8571,0.945,29,51,3,3,0.9302,0.9062,0.9444,0.9062,0.9433
188,36,47,12,4,0.8384,0.9,0.7966,0.8182,0.9,35,50,9,5,0.8586,0.875,0.8475,0.8333,0.9148,33,47,12,7,0.8081,0.825,0.7966,0.7765,0.8869,36,50,9,4,0.8687,0.9,0.8475,0.8471,0.9076,33,49,10,7,0.8283,0.825,0.8305,0.7952,0.9208,22,64,7,9,0.8431,0.7097,0.9014,0.7333,0.8905,27,67,4,4,0.9216,0.871,0.9437,0.871,0.905,23,63,8,8,0.8431,0.7419,0.8873,0.7419,0.861,21,68,3,10,0.8725,0.6774,0.9577,0.7636,0.901,23,60,11,8,0.8137,0.7419,0.8451,0.7077,0.8701,20,53,6,5,0.869,0.8,0.8983,0.7843,0.8766,21,45,14,4,0.7857,0.84,0.7627,0.7,0.9031,23,43,16,2,0.7857,0.92,0.7288,0.7188,0.8854,21,48,11,4,0.8214,0.84,0.8136,0.7368,0.8983,23,44,15,2,0.7976,0.92,0.7458,0.7302,0.918,26,53,6,1,0.9186,0.963,0.8983,0.8814,0.9548,26,53,6,1,0.9186,0.963,0.8983,0.8814,0.9535,26,52,7,1,0.907,0.963,0.8814,0.8667,0.9504,26,52,7,1,0.907,0.963,0.8814,0.8667,0.9573,26,53,6,1,0.9186,0.963,0.8983,0.8814,0.9328
189,28,55,9,7,0.8384,0.8,0.8594,0.7778,0.8621,22,62,2,13,0.8485,0.6286,0.9688,0.7458,0.8719,25,51,13,10,0.7677,0.7143,0.7969,0.6849,0.8487,28,62,2,7,0.9091,0.8,0.9688,0.8615,0.8643,25,58,6,10,0.8384,0.7143,0.9062,0.7576,0.8799,15,73,7,7,0.8627,0.6818,0.9125,0.6818,0.8699,17,76,4,5,0.9118,0.7727,0.95,0.7907,0.8733,14,79,1,8,0.9118,0.6364,0.9875,0.7568,0.8244,14,77,3,8,0.8922,0.6364,0.9625,0.7179,0.8727,14,73,7,8,0.8529,0.6364,0.9125,0.6512,0.8489,17,55,6,6,0.8571,0.7391,0.9016,0.7391,0.9016,17,50,11,6,0.7976,0.7391,0.8197,0.6667,0.9095,17,50,11,6,0.7976,0.7391,0.8197,0.6667,0.8974,19,55,6,4,0.881,0.8261,0.9016,0.7917,0.9223,17,52,9,6,0.8214,0.7391,0.8525,0.6939,0.8988,21,54,7,4,0.8721,0.84,0.8852,0.7925,0.8656,19,54,7,6,0.8488,0.76,0.8852,0.7451,0.8413,21,53,8,4,0.8605,0.84,0.8689,0.7778,0.8839,19,53,8,6,0.8372,0.76,0.8689,0.7308,0.8852,21,54,7,4,0.8721,0.84,0.8852,0.7925,0.8564
190,25,50,15,9,0.7576,0.7353,0.7692,0.6757,0.7923,20,58,7,14,0.7879,0.5882,0.8923,0.6557,0.8104,23,51,14,11,0.7475,0.6765,0.7846,0.6479,0.776,25,58,7,9,0.8384,0.7353,0.8923,0.7576,0.7819,23,54,11,11,0.7778,0.6765,0.8308,0.6765,0.809,13,80,3,6,0.9118,0.6842,0.9639,0.7429,0.8757,15,80,3,4,0.9314,0.7895,0.9639,0.8108,0.877,14,77,6,5,0.8922,0.7368,0.9277,0.7179,0.8427,13,82,1,6,0.9314,0.6842,0.988,0.7879,0.87,14,75,8,5,0.8725,0.7368,0.9036,0.6829,0.8611,20,51,7,6,0.8452,0.7692,0.8793,0.7547,0.8733,20,45,13,6,0.7738,0.7692,0.7759,0.678,0.8727,20,40,18,6,0.7143,0.7692,0.6897,0.625,0.8528,21,47,11,5,0.8095,0.8077,0.8103,0.7241,0.8919,20,42,16,6,0.7381,0.7692,0.7241,0.6452,0.8521,20,55,8,3,0.8721,0.8696,0.873,0.7843,0.8854,20,55,8,3,0.8721,0.8696,0.873,0.7843,0.862,20,51,12,3,0.8256,0.8696,0.8095,0.7273,0.8875,20,51,12,3,0.8256,0.8696,0.8095,0.7273,0.8979,20,55,8,3,0.8721,0.8696,0.873,0.7843,0.8758
191,29,54,11,5,0.8384,0.8529,0.8308,0.7838,0.8959,27,57,8,7,0.8485,0.7941,0.8769,0.7826,0.905,28,56,9,6,0.8485,0.8235,0.8615,0.7887,0.8792,29,57,8,5,0.8687,0.8529,0.8769,0.8169,0.8801,28,57,8,6,0.8586,0.8235,0.8769,0.8,0.9167,23,69,6,4,0.902,0.8519,0.92,0.8214,0.9323,25,70,5,2,0.9314,0.9259,0.9333,0.8772,0.9289,21,67,8,6,0.8627,0.7778,0.8933,0.75,0.9017,21,70,5,6,0.8922,0.7778,0.9333,0.7925,0.9244,21,66,9,6,0.8529,0.7778,0.88,0.7368,0.9047,24,48,4,8,0.8571,0.75,0.9231,0.8,0.8329,23,44,8,9,0.7976,0.7188,0.8462,0.7302,0.8822,24,41,11,8,0.7738,0.75,0.7885,0.7164,0.8365,23,48,4,9,0.8452,0.7188,0.9231,0.7797,0.8738,24,43,9,8,0.7976,0.75,0.8269,0.7385,0.8576,16,62,6,2,0.907,0.8889,0.9118,0.8,0.884,15,62,6,3,0.8953,0.8333,0.9118,0.7692,0.8913,16,62,6,2,0.907,0.8889,0.9118,0.8,0.8897,15,62,6,3,0.8953,0.8333,0.9118,0.7692,0.9158,16,62,6,2,0.907,0.8889,0.9118,0.8,0.8889
192,24,54,14,7,0.7879,0.7742,0.7941,0.6957,0.8482,22,58,10,9,0.8081,0.7097,0.8529,0.6984,0.8629,24,55,13,7,0.798,0.7742,0.8088,0.7059,0.8354,24,58,10,7,0.8283,0.7742,0.8529,0.7385,0.8254,24,54,14,7,0.7879,0.7742,0.7941,0.6957,0.8724,26,65,2,9,0.8922,0.7429,0.9701,0.8254,0.8563,27,65,2,8,0.902,0.7714,0.9701,0.8438,0.8951,18,64,3,17,0.8039,0.5143,0.9552,0.6429,0.8469,18,67,0,17,0.8333,0.5143,1.0,0.6792,0.8768,18,63,4,17,0.7941,0.5143,0.9403,0.6316,0.8704,22,49,5,8,0.8452,0.7333,0.9074,0.7719,0.8185,21,45,9,9,0.7857,0.7,0.8333,0.7,0.8636,21,42,12,9,0.75,0.7,0.7778,0.6667,0.8148,22,47,7,8,0.8214,0.7333,0.8704,0.7458,0.842,21,44,10,9,0.7738,0.7,0.8148,0.6885,0.8414,27,54,4,1,0.9419,0.9643,0.931,0.9153,0.9372,26,52,6,2,0.907,0.9286,0.8966,0.8667,0.9507,27,52,6,1,0.9186,0.9643,0.8966,0.8852,0.9298,26,52,6,2,0.907,0.9286,0.8966,0.8667,0.9446,27,52,6,1,0.9186,0.9643,0.8966,0.8852,0.9384
193,29,46,10,14,0.7576,0.6744,0.8214,0.7073,0.7762,24,49,7,19,0.7374,0.5581,0.875,0.6486,0.7903,28,46,10,15,0.7475,0.6512,0.8214,0.6914,0.7836,29,49,7,14,0.7879,0.6744,0.875,0.7342,0.7735,28,49,7,15,0.7778,0.6512,0.875,0.7179,0.8164,21,67,5,9,0.8627,0.7,0.9306,0.75,0.862,23,67,5,7,0.8824,0.7667,0.9306,0.7931,0.8574,21,67,5,9,0.8627,0.7,0.9306,0.75,0.8542,20,67,5,10,0.8529,0.6667,0.9306,0.7273,0.8639,21,65,7,9,0.8431,0.7,0.9028,0.7241,0.8681,22,41,9,12,0.75,0.6471,0.82,0.6769,0.7847,22,36,14,12,0.6905,0.6471,0.72,0.6286,0.8147,22,32,18,12,0.6429,0.6471,0.64,0.5946,0.7712,25,38,12,9,0.75,0.7353,0.76,0.7042,0.8159,22,34,16,12,0.6667,0.6471,0.68,0.6111,0.7812,27,53,3,3,0.9302,0.9,0.9464,0.9,0.9173,24,53,3,6,0.8953,0.8,0.9464,0.8421,0.894,27,51,5,3,0.907,0.9,0.9107,0.871,0.922,24,51,5,6,0.8721,0.8,0.9107,0.8136,0.9333,27,53,3,3,0.9302,0.9,0.9464,0.9,0.906
194,19,58,12,10,0.7778,0.6552,0.8286,0.6333,0.8512,18,63,7,11,0.8182,0.6207,0.9,0.6667,0.8512,17,62,8,12,0.798,0.5862,0.8857,0.6296,0.836,19,63,7,10,0.8283,0.6552,0.9,0.6909,0.8473,17,63,7,12,0.8081,0.5862,0.9,0.6415,0.865,19,72,3,8,0.8922,0.7037,0.96,0.7755,0.8316,20,71,4,7,0.8922,0.7407,0.9467,0.7843,0.8681,18,69,6,9,0.8529,0.6667,0.92,0.7059,0.8341,18,71,4,9,0.8725,0.6667,0.9467,0.7347,0.8489,18,68,7,9,0.8431,0.6667,0.9067,0.6923,0.8435,16,52,8,8,0.8095,0.6667,0.8667,0.6667,0.8354,15,47,13,9,0.7381,0.625,0.7833,0.5769,0.8354,17,41,19,7,0.6905,0.7083,0.6833,0.5667,0.8306,16,49,11,8,0.7738,0.6667,0.8167,0.6275,0.8646,17,46,14,7,0.75,0.7083,0.7667,0.6182,0.8361,18,64,1,3,0.9535,0.8571,0.9846,0.9,0.9429,17,62,3,4,0.9186,0.8095,0.9538,0.8293,0.9158,18,62,3,3,0.9302,0.8571,0.9538,0.8571,0.9304,17,62,3,4,0.9186,0.8095,0.9538,0.8293,0.9553,18,62,3,3,0.9302,0.8571,0.9538,0.8571,0.9341
195,29,46,14,10,0.7576,0.7436,0.7667,0.7073,0.8158,29,50,10,10,0.798,0.7436,0.8333,0.7436,0.8423,29,47,13,10,0.7677,0.7436,0.7833,0.716,0.8231,29,50,10,10,0.798,0.7436,0.8333,0.7436,0.8329,29,50,10,10,0.798,0.7436,0.8333,0.7436,0.8611,19,76,1,6,0.9314,0.76,0.987,0.8444,0.8623,19,74,3,6,0.9118,0.76,0.961,0.8085,0.8582,15,74,3,10,0.8725,0.6,0.961,0.6977,0.8332,15,74,3,10,0.8725,0.6,0.961,0.6977,0.8478,15,72,5,10,0.8529,0.6,0.9351,0.6667,0.8421,27,42,3,12,0.8214,0.6923,0.9333,0.7826,0.8644,27,34,11,12,0.7262,0.6923,0.7556,0.7013,0.8672,29,33,12,10,0.7381,0.7436,0.7333,0.725,0.8547,27,35,10,12,0.7381,0.6923,0.7778,0.7105,0.8712,29,35,10,10,0.7619,0.7436,0.7778,0.7436,0.8387,19,56,6,5,0.8721,0.7917,0.9032,0.7755,0.8669,19,55,7,5,0.8605,0.7917,0.8871,0.76,0.8703,19,54,8,5,0.8488,0.7917,0.871,0.7451,0.8797,19,54,8,5,0.8488,0.7917,0.871,0.7451,0.9126,19,55,7,5,0.8605,0.7917,0.8871,0.76,0.8642
196,29,43,14,13,0.7273,0.6905,0.7544,0.6824,0.8208,25,46,11,17,0.7172,0.5952,0.807,0.641,0.7999,27,44,13,15,0.7172,0.6429,0.7719,0.6585,0.782,29,46,11,13,0.7576,0.6905,0.807,0.7073,0.7985,27,46,11,15,0.7374,0.6429,0.807,0.675,0.8505,15,73,3,11,0.8627,0.5769,0.9605,0.6818,0.8122,18,71,5,8,0.8725,0.6923,0.9342,0.7347,0.8198,17,71,5,9,0.8627,0.6538,0.9342,0.7083,0.8325,14,72,4,12,0.8431,0.5385,0.9474,0.6364,0.8365,17,68,8,9,0.8333,0.6538,0.8947,0.6667,0.8148,23,34,7,20,0.6786,0.5349,0.8293,0.6301,0.7374,24,33,8,19,0.6786,0.5581,0.8049,0.64,0.768,26,30,11,17,0.6667,0.6047,0.7317,0.65,0.7345,25,35,6,18,0.7143,0.5814,0.8537,0.6757,0.772,26,34,7,17,0.7143,0.6047,0.8293,0.6842,0.7896,17,62,4,3,0.9186,0.85,0.9394,0.8293,0.9068,16,59,7,4,0.8721,0.8,0.8939,0.7442,0.903,17,57,9,3,0.8605,0.85,0.8636,0.7391,0.8742,16,57,9,4,0.8488,0.8,0.8636,0.7111,0.903,17,59,7,3,0.8837,0.85,0.8939,0.7727,0.9015
197,20,65,4,10,0.8586,0.6667,0.942,0.7407,0.856,18,67,2,12,0.8586,0.6,0.971,0.72,0.8758,17,64,5,13,0.8182,0.5667,0.9275,0.6538,0.8213,20,67,2,10,0.8788,0.6667,0.971,0.7692,0.83,17,65,4,13,0.8283,0.5667,0.942,0.6667,0.8527,12,76,4,10,0.8627,0.5455,0.95,0.6316,0.8023,16,75,5,6,0.8922,0.7273,0.9375,0.7442,0.879,14,75,5,8,0.8725,0.6364,0.9375,0.6829,0.8307,11,76,4,11,0.8529,0.5,0.95,0.5946,0.8585,14,72,8,8,0.8431,0.6364,0.9,0.6364,0.8443,21,44,4,15,0.7738,0.5833,0.9167,0.6885,0.8264,20,40,8,16,0.7143,0.5556,0.8333,0.625,0.8287,21,37,11,15,0.6905,0.5833,0.7708,0.6176,0.8304,23,40,8,13,0.75,0.6389,0.8333,0.6866,0.8287,21,41,7,15,0.7381,0.5833,0.8542,0.6562,0.8461,23,56,6,1,0.9186,0.9583,0.9032,0.8679,0.9415,20,55,7,4,0.8721,0.8333,0.8871,0.7843,0.9429,23,54,8,1,0.8953,0.9583,0.871,0.8364,0.9469,20,54,8,4,0.8605,0.8333,0.871,0.7692,0.9536,23,55,7,1,0.907,0.9583,0.8871,0.8519,0.9341
198,25,52,20,2,0.7778,0.9259,0.7222,0.6944,0.9012,21,58,14,6,0.798,0.7778,0.8056,0.6774,0.9203,21,51,21,6,0.7273,0.7778,0.7083,0.6087,0.875,25,58,14,2,0.8384,0.9259,0.8056,0.7576,0.9035,21,55,17,6,0.7677,0.7778,0.7639,0.6462,0.8992,24,65,4,9,0.8725,0.7273,0.942,0.7869,0.8968,29,65,4,4,0.9216,0.8788,0.942,0.8788,0.9425,23,67,2,10,0.8824,0.697,0.971,0.7931,0.9007,22,67,2,11,0.8725,0.6667,0.971,0.7719,0.9376,23,65,4,10,0.8627,0.697,0.942,0.7667,0.9205,24,46,10,4,0.8333,0.8571,0.8214,0.7742,0.8559,24,38,18,4,0.7381,0.8571,0.6786,0.6857,0.8833,25,37,19,3,0.7381,0.8929,0.6607,0.6944,0.8438,25,44,12,3,0.8214,0.8929,0.7857,0.7692,0.8731,25,43,13,3,0.8095,0.8929,0.7679,0.7576,0.8948,24,55,6,1,0.9186,0.96,0.9016,0.8727,0.9534,23,54,7,2,0.8953,0.92,0.8852,0.8364,0.9482,24,53,8,1,0.8953,0.96,0.8689,0.8421,0.9528,23,53,8,2,0.8837,0.92,0.8689,0.8214,0.9502,24,54,7,1,0.907,0.96,0.8852,0.8571,0.9469
199,25,60,9,5,0.8586,0.8333,0.8696,0.7812,0.885,22,61,8,8,0.8384,0.7333,0.8841,0.7333,0.8899,22,58,11,8,0.8081,0.7333,0.8406,0.6984,0.8758,25,61,8,5,0.8687,0.8333,0.8841,0.7937,0.892,22,61,8,8,0.8384,0.7333,0.8841,0.7333,0.9043,24,68,4,6,0.902,0.8,0.9444,0.8276,0.9407,27,68,4,3,0.9314,0.9,0.9444,0.8852,0.9292,24,66,6,6,0.8824,0.8,0.9167,0.8,0.9171,22,68,4,8,0.8824,0.7333,0.9444,0.7857,0.9296,24,65,7,6,0.8725,0.8,0.9028,0.7869,0.9329,16,48,13,7,0.7619,0.6957,0.7869,0.6154,0.7798,17,46,15,6,0.75,0.7391,0.7541,0.6182,0.819,17,40,21,6,0.6786,0.7391,0.6557,0.5574,0.8261,17,45,16,6,0.7381,0.7391,0.7377,0.6071,0.8218,17,41,20,6,0.6905,0.7391,0.6721,0.5667,0.8254,16,62,3,5,0.907,0.7619,0.9538,0.8,0.9187,16,61,4,5,0.8953,0.7619,0.9385,0.7805,0.896,16,60,5,5,0.8837,0.7619,0.9231,0.7619,0.8989,16,60,5,5,0.8837,0.7619,0.9231,0.7619,0.9341,16,61,4,5,0.8953,0.7619,0.9385,0.7805,0.915
200,29,49,14,7,0.7879,0.8056,0.7778,0.7342,0.8818,27,53,10,9,0.8081,0.75,0.8413,0.7397,0.8748,28,49,14,8,0.7778,0.7778,0.7778,0.7179,0.8492,29,53,10,7,0.8283,0.8056,0.8413,0.7733,0.8616,28,50,13,8,0.7879,0.7778,0.7937,0.7273,0.8876,26,69,4,3,0.9314,0.8966,0.9452,0.8814,0.9343,26,68,5,3,0.9216,0.8966,0.9315,0.8667,0.9414,23,66,7,6,0.8725,0.7931,0.9041,0.7797,0.9103,23,70,3,6,0.9118,0.7931,0.9589,0.8364,0.931,23,63,10,6,0.8431,0.7931,0.863,0.7419,0.9098,22,49,7,6,0.8452,0.7857,0.875,0.7719,0.8591,21,38,18,7,0.7024,0.75,0.6786,0.6269,0.8316,22,37,19,6,0.7024,0.7857,0.6607,0.6377,0.8291,21,42,14,7,0.75,0.75,0.75,0.6667,0.8533,22,39,17,6,0.7262,0.7857,0.6964,0.6567,0.8463,25,53,7,1,0.907,0.9615,0.8833,0.8621,0.9423,25,52,8,1,0.8953,0.9615,0.8667,0.8475,0.9327,25,51,9,1,0.8837,0.9615,0.85,0.8333,0.9333,25,51,9,1,0.8837,0.9615,0.85,0.8333,0.9346,25,52,8,1,0.8953,0.9615,0.8667,0.8475,0.925
201,14,58,17,10,0.7273,0.5833,0.7733,0.5091,0.6994,13,60,15,11,0.7374,0.5417,0.8,0.5,0.775,14,58,17,10,0.7273,0.5833,0.7733,0.5091,0.7078,14,60,15,10,0.7475,0.5833,0.8,0.5283,0.6875,14,60,15,10,0.7475,0.5833,0.8,0.5283,0.7533,27,61,8,6,0.8627,0.8182,0.8841,0.7941,0.8946,29,64,5,4,0.9118,0.8788,0.9275,0.8657,0.8898,27,63,6,6,0.8824,0.8182,0.913,0.8182,0.8748,26,65,4,7,0.8922,0.7879,0.942,0.8254,0.888,27,63,6,6,0.8824,0.8182,0.913,0.8182,0.8902,22,51,3,8,0.869,0.7333,0.9444,0.8,0.8802,21,43,11,9,0.7619,0.7,0.7963,0.6774,0.9056,23,42,12,7,0.7738,0.7667,0.7778,0.7077,0.8574,22,47,7,8,0.8214,0.7333,0.8704,0.7458,0.8815,23,42,12,7,0.7738,0.7667,0.7778,0.7077,0.8778,19,56,10,1,0.8721,0.95,0.8485,0.7755,0.9515,18,56,10,2,0.8605,0.9,0.8485,0.75,0.9417,19,56,10,1,0.8721,0.95,0.8485,0.7755,0.9462,18,56,10,2,0.8605,0.9,0.8485,0.75,0.9333,19,56,10,1,0.8721,0.95,0.8485,0.7755,0.9333
202,25,60,11,3,0.8586,0.8929,0.8451,0.7812,0.9306,22,66,5,6,0.8889,0.7857,0.9296,0.8,0.9427,24,59,12,4,0.8384,0.8571,0.831,0.75,0.9416,25,66,5,3,0.9192,0.8929,0.9296,0.8621,0.9306,24,64,7,4,0.8889,0.8571,0.9014,0.8136,0.9552,24,63,5,10,0.8529,0.7059,0.9265,0.7619,0.8573,27,64,4,7,0.8922,0.7941,0.9412,0.8308,0.878,22,61,7,12,0.8137,0.6471,0.8971,0.6984,0.833,21,64,4,13,0.8333,0.6176,0.9412,0.7119,0.8586,22,59,9,12,0.7941,0.6471,0.8676,0.6769,0.8521,23,47,8,6,0.8333,0.7931,0.8545,0.7667,0.8326,22,41,14,7,0.75,0.7586,0.7455,0.6769,0.852,22,39,16,7,0.7262,0.7586,0.7091,0.6567,0.8414,23,46,9,6,0.8214,0.7931,0.8364,0.7541,0.8558,22,41,14,7,0.75,0.7586,0.7455,0.6769,0.8571,20,60,5,1,0.9302,0.9524,0.9231,0.8696,0.9524,19,59,6,2,0.907,0.9048,0.9077,0.8261,0.9487,20,56,9,1,0.8837,0.9524,0.8615,0.8,0.9582,19,56,9,2,0.8721,0.9048,0.8615,0.7755,0.9458,20,59,6,1,0.9186,0.9524,0.9077,0.8511,0.9509
203,27,45,15,12,0.7273,0.6923,0.75,0.6667,0.8115,26,48,12,13,0.7475,0.6667,0.8,0.6753,0.794,27,45,15,12,0.7273,0.6923,0.75,0.6667,0.7936,27,48,12,12,0.7576,0.6923,0.8,0.6923,0.7812,27,47,13,12,0.7475,0.6923,0.7833,0.6835,0.8303,24,65,6,7,0.8725,0.7742,0.9155,0.7869,0.89,26,66,5,5,0.902,0.8387,0.9296,0.8387,0.8932,22,61,10,9,0.8137,0.7097,0.8592,0.6984,0.8741,21,67,4,10,0.8627,0.6774,0.9437,0.75,0.895,22,60,11,9,0.8039,0.7097,0.8451,0.6875,0.8769,18,53,3,10,0.8452,0.6429,0.9464,0.7347,0.8138,18,41,15,10,0.7024,0.6429,0.7321,0.5902,0.8144,19,41,15,9,0.7143,0.6786,0.7321,0.6129,0.7851,18,44,12,10,0.7381,0.6429,0.7857,0.6207,0.8048,19,44,12,9,0.75,0.6786,0.7857,0.6441,0.808,20,59,5,2,0.9186,0.9091,0.9219,0.8511,0.9027,20,59,5,2,0.9186,0.9091,0.9219,0.8511,0.9027,20,59,5,2,0.9186,0.9091,0.9219,0.8511,0.9162,20,59,5,2,0.9186,0.9091,0.9219,0.8511,0.929,20,59,5,2,0.9186,0.9091,0.9219,0.8511,0.9084
204,25,51,16,7,0.7677,0.7812,0.7612,0.6849,0.8456,22,53,14,10,0.7576,0.6875,0.791,0.6471,0.8424,23,51,16,9,0.7475,0.7188,0.7612,0.6479,0.8186,25,53,14,7,0.7879,0.7812,0.791,0.7042,0.8493,23,53,14,9,0.7677,0.7188,0.791,0.6667,0.8577,25,68,3,6,0.9118,0.8065,0.9577,0.8475,0.8828,26,69,2,5,0.9314,0.8387,0.9718,0.8814,0.8741,24,68,3,7,0.902,0.7742,0.9577,0.8276,0.8755,24,69,2,7,0.9118,0.7742,0.9718,0.8421,0.8832,24,67,4,7,0.8922,0.7742,0.9437,0.8136,0.8751,28,47,5,4,0.8929,0.875,0.9038,0.8615,0.9237,26,36,16,6,0.7381,0.8125,0.6923,0.7027,0.8936,26,33,19,6,0.7024,0.8125,0.6346,0.6753,0.8395,28,38,14,4,0.7857,0.875,0.7308,0.7568,0.8954,26,35,17,6,0.7262,0.8125,0.6731,0.6933,0.857,15,66,1,4,0.9419,0.7895,0.9851,0.8571,0.9599,14,66,1,5,0.9302,0.7368,0.9851,0.8235,0.9631,15,65,2,4,0.9302,0.7895,0.9701,0.8333,0.9089,14,65,2,5,0.9186,0.7368,0.9701,0.8,0.9607,15,66,1,4,0.9419,0.7895,0.9851,0.8571,0.9599
205,23,54,14,8,0.7778,0.7419,0.7941,0.6765,0.8121,16,59,9,15,0.7576,0.5161,0.8676,0.5714,0.814,20,53,15,11,0.7374,0.6452,0.7794,0.6061,0.8017,23,59,9,8,0.8283,0.7419,0.8676,0.7302,0.8197,20,57,11,11,0.7778,0.6452,0.8382,0.6452,0.8454,21,68,6,7,0.8725,0.75,0.9189,0.7636,0.8682,22,65,9,6,0.8529,0.7857,0.8784,0.7458,0.8649,20,65,9,8,0.8333,0.7143,0.8784,0.7018,0.8403,19,68,6,9,0.8529,0.6786,0.9189,0.717,0.8663,20,61,13,8,0.7941,0.7143,0.8243,0.6557,0.8383,24,50,4,6,0.881,0.8,0.9259,0.8276,0.916,23,43,11,7,0.7857,0.7667,0.7963,0.7188,0.9315,23,41,13,7,0.7619,0.7667,0.7593,0.697,0.9093,24,43,11,6,0.7976,0.8,0.7963,0.7385,0.9142,23,45,9,7,0.8095,0.7667,0.8333,0.7419,0.9185,18,64,2,2,0.9535,0.9,0.9697,0.9,0.9439,16,62,4,4,0.907,0.8,0.9394,0.8,0.9197,18,59,7,2,0.8953,0.9,0.8939,0.8,0.9417,16,59,7,4,0.8721,0.8,0.8939,0.7442,0.9439,18,62,4,2,0.9302,0.9,0.9394,0.8571,0.9439
206,30,43,14,12,0.7374,0.7143,0.7544,0.6977,0.8459,26,48,9,16,0.7475,0.619,0.8421,0.6753,0.8254,29,44,13,13,0.7374,0.6905,0.7719,0.6905,0.8154,30,48,9,12,0.7879,0.7143,0.8421,0.7407,0.8446,29,45,12,13,0.7475,0.6905,0.7895,0.6988,0.8551,20,69,2,11,0.8725,0.6452,0.9718,0.7547,0.8083,22,66,5,9,0.8627,0.7097,0.9296,0.7586,0.8037,19,67,4,12,0.8431,0.6129,0.9437,0.7037,0.7892,19,66,5,12,0.8333,0.6129,0.9296,0.6909,0.8255,19,64,7,12,0.8137,0.6129,0.9014,0.6667,0.8074,25,49,3,7,0.881,0.7812,0.9423,0.8333,0.8576,22,42,10,10,0.7619,0.6875,0.8077,0.6875,0.872,22,41,11,10,0.75,0.6875,0.7885,0.6769,0.8474,22,43,9,10,0.7738,0.6875,0.8269,0.6984,0.8558,22,42,10,10,0.7619,0.6875,0.8077,0.6875,0.8624,16,64,1,5,0.9302,0.7619,0.9846,0.8421,0.9451,16,64,1,5,0.9302,0.7619,0.9846,0.8421,0.9458,16,62,3,5,0.907,0.7619,0.9538,0.8,0.9253,16,62,3,5,0.907,0.7619,0.9538,0.8,0.9509,16,64,1,5,0.9302,0.7619,0.9846,0.8421,0.9458
207,25,51,11,12,0.7677,0.6757,0.8226,0.6849,0.8378,21,53,9,16,0.7475,0.5676,0.8548,0.6269,0.8631,23,51,11,14,0.7475,0.6216,0.8226,0.6479,0.8361,25,53,9,12,0.7879,0.6757,0.8548,0.7042,0.813,23,52,10,14,0.7576,0.6216,0.8387,0.6571,0.8479,14,77,4,7,0.8922,0.6667,0.9506,0.7179,0.8954,19,77,4,2,0.9412,0.9048,0.9506,0.8636,0.9142,14,75,6,7,0.8725,0.6667,0.9259,0.6829,0.8777,12,77,4,9,0.8725,0.5714,0.9506,0.6486,0.903,14,73,8,7,0.8529,0.6667,0.9012,0.6512,0.8912,23,46,8,7,0.8214,0.7667,0.8519,0.7541,0.8056,22,38,16,8,0.7143,0.7333,0.7037,0.6471,0.8556,22,38,16,8,0.7143,0.7333,0.7037,0.6471,0.8148,22,43,11,8,0.7738,0.7333,0.7963,0.6984,0.8117,22,42,12,8,0.7619,0.7333,0.7778,0.6875,0.8278,20,63,3,0,0.9651,1.0,0.9545,0.9302,0.9765,20,63,3,0,0.9651,1.0,0.9545,0.9302,0.9811,20,62,4,0,0.9535,1.0,0.9394,0.9091,0.9758,20,62,4,0,0.9535,1.0,0.9394,0.9091,0.9788,20,63,3,0,0.9651,1.0,0.9545,0.9302,0.9674
208,27,48,14,10,0.7576,0.7297,0.7742,0.6923,0.8413,25,54,8,12,0.798,0.6757,0.871,0.7143,0.864,27,48,14,10,0.7576,0.7297,0.7742,0.6923,0.8409,27,54,8,10,0.8182,0.7297,0.871,0.75,0.8106,27,53,9,10,0.8081,0.7297,0.8548,0.7397,0.8731,22,71,3,6,0.9118,0.7857,0.9595,0.8302,0.9208,25,71,3,3,0.9412,0.8929,0.9595,0.8929,0.9445,23,72,2,5,0.9314,0.8214,0.973,0.8679,0.9266,22,71,3,6,0.9118,0.7857,0.9595,0.8302,0.9426,23,70,4,5,0.9118,0.8214,0.9459,0.8364,0.9397,18,49,5,12,0.7976,0.6,0.9074,0.6792,0.7364,18,39,15,12,0.6786,0.6,0.7222,0.5714,0.7759,18,35,19,12,0.631,0.6,0.6481,0.5373,0.7426,20,40,14,10,0.7143,0.6667,0.7407,0.625,0.7698,18,38,16,12,0.6667,0.6,0.7037,0.5625,0.7796,18,62,3,3,0.9302,0.8571,0.9538,0.8571,0.9465,16,60,5,5,0.8837,0.7619,0.9231,0.7619,0.9377,18,59,6,3,0.8953,0.8571,0.9077,0.8,0.9194,16,59,6,5,0.8721,0.7619,0.9077,0.7442,0.9355,18,60,5,3,0.907,0.8571,0.9231,0.8182,0.9502
209,35,49,8,7,0.8485,0.8333,0.8596,0.8235,0.919,32,51,6,10,0.8384,0.7619,0.8947,0.8,0.9027,33,48,9,9,0.8182,0.7857,0.8421,0.7857,0.8793,35,51,6,7,0.8687,0.8333,0.8947,0.8434,0.9029,33,51,6,9,0.8485,0.7857,0.8947,0.8148,0.9215,19,73,5,5,0.902,0.7917,0.9359,0.7917,0.8814,20,74,4,4,0.9216,0.8333,0.9487,0.8333,0.9044,15,72,6,9,0.8529,0.625,0.9231,0.6667,0.86,15,74,4,9,0.8725,0.625,0.9487,0.6977,0.8766,15,70,8,9,0.8333,0.625,0.8974,0.6383,0.8681,22,45,6,11,0.7976,0.6667,0.8824,0.7213,0.8045,21,39,12,12,0.7143,0.6364,0.7647,0.6364,0.8111,21,38,13,12,0.7024,0.6364,0.7451,0.6269,0.7855,22,40,11,11,0.7381,0.6667,0.7843,0.6667,0.8099,21,41,10,12,0.7381,0.6364,0.8039,0.6562,0.8081,17,63,4,2,0.9302,0.8947,0.9403,0.85,0.9332,16,61,6,3,0.8953,0.8421,0.9104,0.7805,0.9466,17,60,7,2,0.8953,0.8947,0.8955,0.7907,0.9175,16,60,7,3,0.8837,0.8421,0.8955,0.7619,0.9434,17,61,6,2,0.907,0.8947,0.9104,0.8095,0.9411
210,21,56,16,6,0.7778,0.7778,0.7778,0.6562,0.8853,20,62,10,7,0.8283,0.7407,0.8611,0.7018,0.894,21,56,16,6,0.7778,0.7778,0.7778,0.6562,0.8827,21,62,10,6,0.8384,0.7778,0.8611,0.7241,0.8745,21,60,12,6,0.8182,0.7778,0.8333,0.7,0.9079,22,70,6,4,0.902,0.8462,0.9211,0.8148,0.9631,23,69,7,3,0.902,0.8846,0.9079,0.8214,0.9317,21,68,8,5,0.8725,0.8077,0.8947,0.7636,0.9165,20,70,6,6,0.8824,0.7692,0.9211,0.7692,0.9484,21,64,12,5,0.8333,0.8077,0.8421,0.7119,0.9271,21,52,1,10,0.869,0.6774,0.9811,0.7925,0.8387,21,44,9,10,0.7738,0.6774,0.8302,0.6885,0.8874,23,40,13,8,0.75,0.7419,0.7547,0.6866,0.8284,22,45,8,9,0.7976,0.7097,0.8491,0.7213,0.8594,23,43,10,8,0.7857,0.7419,0.8113,0.7188,0.8661,20,58,4,4,0.907,0.8333,0.9355,0.8333,0.9261,19,56,6,5,0.8721,0.7917,0.9032,0.7755,0.9187,20,53,9,4,0.8488,0.8333,0.8548,0.7547,0.8999,19,53,9,5,0.8372,0.7917,0.8548,0.7308,0.92,20,56,6,4,0.8837,0.8333,0.9032,0.8,0.9241
211,34,40,14,11,0.7475,0.7556,0.7407,0.7312,0.8111,31,48,6,14,0.798,0.6889,0.8889,0.7561,0.8144,28,44,10,17,0.7273,0.6222,0.8148,0.6747,0.7733,34,48,6,11,0.8283,0.7556,0.8889,0.8,0.8212,28,46,8,17,0.7475,0.6222,0.8519,0.6914,0.8333,19,70,2,11,0.8725,0.6333,0.9722,0.7451,0.7977,21,69,3,9,0.8824,0.7,0.9583,0.7778,0.8199,17,67,5,13,0.8235,0.5667,0.9306,0.6538,0.7852,17,69,3,13,0.8431,0.5667,0.9583,0.68,0.813,17,65,7,13,0.8039,0.5667,0.9028,0.6296,0.787,22,46,8,8,0.8095,0.7333,0.8519,0.7333,0.9037,19,47,7,11,0.7857,0.6333,0.8704,0.6786,0.8988,21,43,11,9,0.7619,0.7,0.7963,0.6774,0.9068,20,47,7,10,0.7976,0.6667,0.8704,0.7018,0.9204,21,45,9,9,0.7857,0.7,0.8333,0.7,0.892,18,57,6,5,0.8721,0.7826,0.9048,0.766,0.8185,17,55,8,6,0.8372,0.7391,0.873,0.7083,0.7902,18,53,10,5,0.8256,0.7826,0.8413,0.7059,0.8433,17,53,10,6,0.814,0.7391,0.8413,0.68,0.8606,18,55,8,5,0.8488,0.7826,0.873,0.7347,0.8116
212,31,49,12,7,0.8081,0.8158,0.8033,0.7654,0.8412,27,51,10,11,0.7879,0.7105,0.8361,0.72,0.8645,29,49,12,9,0.7879,0.7632,0.8033,0.7342,0.8261,31,51,10,7,0.8283,0.8158,0.8361,0.7848,0.8311,29,50,11,9,0.798,0.7632,0.8197,0.7436,0.8684,23,62,7,10,0.8333,0.697,0.8986,0.7302,0.8568,25,65,4,8,0.8824,0.7576,0.942,0.8065,0.8656,21,65,4,12,0.8431,0.6364,0.942,0.7241,0.8331,20,66,3,13,0.8431,0.6061,0.9565,0.7143,0.8533,21,60,9,12,0.7941,0.6364,0.8696,0.6667,0.8595,25,45,6,8,0.8333,0.7576,0.8824,0.7812,0.8307,27,37,14,6,0.7619,0.8182,0.7255,0.7297,0.8829,27,36,15,6,0.75,0.8182,0.7059,0.72,0.8491,27,42,9,6,0.8214,0.8182,0.8235,0.7826,0.8758,27,40,11,6,0.7976,0.8182,0.7843,0.7606,0.8734,22,59,2,3,0.9419,0.88,0.9672,0.898,0.9482,22,57,4,3,0.9186,0.88,0.9344,0.8627,0.9338,22,56,5,3,0.907,0.88,0.918,0.8462,0.9397,22,56,5,3,0.907,0.88,0.918,0.8462,0.9462,22,57,4,3,0.9186,0.88,0.9344,0.8627,0.9449
213,24,51,13,11,0.7576,0.6857,0.7969,0.6667,0.8536,21,54,10,14,0.7576,0.6,0.8438,0.6364,0.8504,22,52,12,13,0.7475,0.6286,0.8125,0.6377,0.8455,24,54,10,11,0.7879,0.6857,0.8438,0.6957,0.8344,22,51,13,13,0.7374,0.6286,0.7969,0.6286,0.8719,23,68,6,5,0.8922,0.8214,0.9189,0.807,0.9373,26,68,6,2,0.9216,0.9286,0.9189,0.8667,0.9315,23,67,7,5,0.8824,0.8214,0.9054,0.7931,0.9233,20,70,4,8,0.8824,0.7143,0.9459,0.7692,0.931,23,65,9,5,0.8627,0.8214,0.8784,0.7667,0.9213,21,48,5,10,0.8214,0.6774,0.9057,0.7368,0.8302,22,41,12,9,0.75,0.7097,0.7736,0.6769,0.8466,22,36,17,9,0.6905,0.7097,0.6792,0.6286,0.8065,24,45,8,7,0.8214,0.7742,0.8491,0.7619,0.846,22,42,11,9,0.7619,0.7097,0.7925,0.6875,0.8618,25,54,3,4,0.9186,0.8621,0.9474,0.8772,0.899,23,54,3,6,0.8953,0.7931,0.9474,0.8364,0.8705,25,53,4,4,0.907,0.8621,0.9298,0.8621,0.8996,23,53,4,6,0.8837,0.7931,0.9298,0.8214,0.9159,25,54,3,4,0.9186,0.8621,0.9474,0.8772,0.9008
214,29,51,6,13,0.8081,0.6905,0.8947,0.7532,0.8379,26,53,4,16,0.798,0.619,0.9298,0.7222,0.8442,28,51,6,14,0.798,0.6667,0.8947,0.7368,0.8258,29,53,4,13,0.8283,0.6905,0.9298,0.7733,0.825,28,50,7,14,0.7879,0.6667,0.8772,0.7273,0.8617,18,66,10,8,0.8235,0.6923,0.8684,0.6667,0.8634,22,65,11,4,0.8529,0.8462,0.8553,0.7458,0.8598,19,64,12,7,0.8137,0.7308,0.8421,0.6667,0.8315,17,68,8,9,0.8333,0.6538,0.8947,0.6667,0.8472,19,62,14,7,0.7941,0.7308,0.8158,0.6441,0.8411,22,43,3,16,0.7738,0.5789,0.9348,0.6984,0.8135,21,37,9,17,0.6905,0.5526,0.8043,0.6176,0.8301,23,38,8,15,0.7262,0.6053,0.8261,0.6667,0.833,22,39,7,16,0.7262,0.5789,0.8478,0.6567,0.8244,23,39,7,15,0.7381,0.6053,0.8478,0.6765,0.8301,20,61,2,3,0.9419,0.8696,0.9683,0.8889,0.9186,19,57,6,4,0.8837,0.8261,0.9048,0.7917,0.9151,20,57,6,3,0.8953,0.8696,0.9048,0.8163,0.8999,19,57,6,4,0.8837,0.8261,0.9048,0.7917,0.9227,20,57,6,3,0.8953,0.8696,0.9048,0.8163,0.9241
215,21,55,11,12,0.7677,0.6364,0.8333,0.6462,0.8329,18,59,7,15,0.7778,0.5455,0.8939,0.6207,0.7984,18,55,11,15,0.7374,0.5455,0.8333,0.5806,0.7815,21,59,7,12,0.8081,0.6364,0.8939,0.6885,0.8118,18,57,9,15,0.7576,0.5455,0.8636,0.6,0.8462,16,75,4,7,0.8922,0.6957,0.9494,0.7442,0.8828,17,74,5,6,0.8922,0.7391,0.9367,0.7556,0.842,15,75,4,8,0.8824,0.6522,0.9494,0.7143,0.8382,15,74,5,8,0.8725,0.6522,0.9367,0.6977,0.8514,15,72,7,8,0.8529,0.6522,0.9114,0.6667,0.8409,15,58,6,5,0.869,0.75,0.9062,0.7317,0.8852,13,50,14,7,0.75,0.65,0.7812,0.5532,0.8414,15,47,17,5,0.7381,0.75,0.7344,0.5769,0.8523,13,53,11,7,0.7857,0.65,0.8281,0.5909,0.8578,15,53,11,5,0.8095,0.75,0.8281,0.6522,0.8742,21,55,5,5,0.8837,0.8077,0.9167,0.8077,0.8968,21,55,5,5,0.8837,0.8077,0.9167,0.8077,0.8936,21,55,5,5,0.8837,0.8077,0.9167,0.8077,0.8987,21,55,5,5,0.8837,0.8077,0.9167,0.8077,0.9224,21,55,5,5,0.8837,0.8077,0.9167,0.8077,0.9077
216,18,63,9,9,0.8182,0.6667,0.875,0.6667,0.8385,18,67,5,9,0.8586,0.6667,0.9306,0.72,0.8457,17,62,10,10,0.798,0.6296,0.8611,0.6296,0.8292,18,67,5,9,0.8586,0.6667,0.9306,0.72,0.8259,17,65,7,10,0.8283,0.6296,0.9028,0.6667,0.8519,23,68,3,8,0.8922,0.7419,0.9577,0.807,0.8841,25,69,2,6,0.9216,0.8065,0.9718,0.8621,0.8728,22,66,5,9,0.8627,0.7097,0.9296,0.7586,0.8514,20,70,1,11,0.8824,0.6452,0.9859,0.7692,0.8687,22,64,7,9,0.8431,0.7097,0.9014,0.7333,0.8569,20,53,1,10,0.869,0.6667,0.9815,0.7843,0.9302,18,49,5,12,0.7976,0.6,0.9074,0.6792,0.913,20,45,9,10,0.7738,0.6667,0.8333,0.678,0.9198,22,46,8,8,0.8095,0.7333,0.8519,0.7333,0.9191,20,45,9,10,0.7738,0.6667,0.8333,0.678,0.9043,20,57,6,3,0.8953,0.8696,0.9048,0.8163,0.9034,16,57,6,7,0.8488,0.6957,0.9048,0.7111,0.891,20,56,7,3,0.8837,0.8696,0.8889,0.8,0.9068,16,56,7,7,0.8372,0.6957,0.8889,0.6957,0.9172,20,57,6,3,0.8953,0.8696,0.9048,0.8163,0.8937
217,33,47,11,8,0.8081,0.8049,0.8103,0.7765,0.8844,28,51,7,13,0.798,0.6829,0.8793,0.7368,0.8776,30,46,12,11,0.7677,0.7317,0.7931,0.7229,0.8625,33,51,7,8,0.8485,0.8049,0.8793,0.8148,0.865,30,49,9,11,0.798,0.7317,0.8448,0.75,0.8835,17,76,6,3,0.9118,0.85,0.9268,0.7907,0.8902,17,76,6,3,0.9118,0.85,0.9268,0.7907,0.9024,14,73,9,6,0.8529,0.7,0.8902,0.6512,0.8744,14,78,4,6,0.902,0.7,0.9512,0.7368,0.8945,14,71,11,6,0.8333,0.7,0.8659,0.6222,0.886,29,37,6,12,0.7857,0.7073,0.8605,0.7632,0.8463,30,34,9,11,0.7619,0.7317,0.7907,0.75,0.8508,32,33,10,9,0.7738,0.7805,0.7674,0.7711,0.8497,31,36,7,10,0.7976,0.7561,0.8372,0.7848,0.8673,32,33,10,9,0.7738,0.7805,0.7674,0.7711,0.8746,26,55,3,2,0.9419,0.9286,0.9483,0.9123,0.9674,25,54,4,3,0.9186,0.8929,0.931,0.8772,0.9655,26,52,6,2,0.907,0.9286,0.8966,0.8667,0.9507,25,52,6,3,0.8953,0.8929,0.8966,0.8475,0.9514,26,54,4,2,0.9302,0.9286,0.931,0.8966,0.9704
218,28,50,13,8,0.7879,0.7778,0.7937,0.7273,0.8783,24,56,7,12,0.8081,0.6667,0.8889,0.7164,0.8981,26,50,13,10,0.7677,0.7222,0.7937,0.6933,0.8576,28,56,7,8,0.8485,0.7778,0.8889,0.7887,0.8717,26,52,11,10,0.7879,0.7222,0.8254,0.7123,0.9012,20,72,5,5,0.902,0.8,0.9351,0.8,0.9138,21,72,5,4,0.9118,0.84,0.9351,0.8235,0.8904,17,67,10,8,0.8235,0.68,0.8701,0.6538,0.8805,16,73,4,9,0.8725,0.64,0.9481,0.7111,0.893,17,65,12,8,0.8039,0.68,0.8442,0.6296,0.8758,24,49,3,8,0.869,0.75,0.9423,0.8136,0.8888,24,41,11,8,0.7738,0.75,0.7885,0.7164,0.8876,26,39,13,6,0.7738,0.8125,0.75,0.7324,0.866,24,44,8,8,0.8095,0.75,0.8462,0.75,0.8888,26,43,9,6,0.8214,0.8125,0.8269,0.7761,0.8942,24,54,7,1,0.907,0.96,0.8852,0.8571,0.9364,24,53,8,1,0.8953,0.96,0.8689,0.8421,0.9482,24,52,9,1,0.8837,0.96,0.8525,0.8276,0.9344,24,52,9,1,0.8837,0.96,0.8525,0.8276,0.9489,24,53,8,1,0.8953,0.96,0.8689,0.8421,0.9246
219,31,48,12,8,0.798,0.7949,0.8,0.7561,0.8714,30,51,9,9,0.8182,0.7692,0.85,0.7692,0.8859,29,48,12,10,0.7778,0.7436,0.8,0.725,0.847,31,51,9,8,0.8283,0.7949,0.85,0.7848,0.8592,29,48,12,10,0.7778,0.7436,0.8,0.725,0.8765,21,72,6,3,0.9118,0.875,0.9231,0.8235,0.8942,21,72,6,3,0.9118,0.875,0.9231,0.8235,0.8825,17,71,7,7,0.8627,0.7083,0.9103,0.7083,0.8574,17,73,5,7,0.8824,0.7083,0.9359,0.7391,0.8734,17,70,8,7,0.8529,0.7083,0.8974,0.6939,0.8622,19,48,4,13,0.7976,0.5938,0.9231,0.6909,0.8678,22,45,7,10,0.7976,0.6875,0.8654,0.7213,0.9105,24,42,10,8,0.7857,0.75,0.8077,0.7273,0.896,23,47,5,9,0.8333,0.7188,0.9038,0.7667,0.9153,24,45,7,8,0.8214,0.75,0.8654,0.7619,0.9062,23,54,5,4,0.8953,0.8519,0.9153,0.8364,0.9083,22,51,8,5,0.8488,0.8148,0.8644,0.7719,0.8895,23,50,9,4,0.8488,0.8519,0.8475,0.7797,0.8927,22,50,9,5,0.8372,0.8148,0.8475,0.7586,0.9115,23,51,8,4,0.8605,0.8519,0.8644,0.7931,0.8876
220,32,56,8,3,0.8889,0.9143,0.875,0.8533,0.9366,25,62,2,10,0.8788,0.7143,0.9688,0.8065,0.9411,29,58,6,6,0.8788,0.8286,0.9062,0.8286,0.9299,32,62,2,3,0.9495,0.9143,0.9688,0.9275,0.9429,29,61,3,6,0.9091,0.8286,0.9531,0.8657,0.9589,16,78,3,5,0.9216,0.7619,0.963,0.8,0.8865,18,75,6,3,0.9118,0.8571,0.9259,0.8,0.8836,15,76,5,6,0.8922,0.7143,0.9383,0.7317,0.8648,15,77,4,6,0.902,0.7143,0.9506,0.75,0.876,15,74,7,6,0.8725,0.7143,0.9136,0.6977,0.8654,17,55,5,7,0.8571,0.7083,0.9167,0.7391,0.8778,17,47,13,7,0.7619,0.7083,0.7833,0.6296,0.8931,18,45,15,6,0.75,0.75,0.75,0.6316,0.8833,19,47,13,5,0.7857,0.7917,0.7833,0.6786,0.884,18,48,12,6,0.7857,0.75,0.8,0.6667,0.8826,20,59,4,3,0.9186,0.8696,0.9365,0.8511,0.9586,18,58,5,5,0.8837,0.7826,0.9206,0.7826,0.9579,20,56,7,3,0.8837,0.8696,0.8889,0.8,0.9406,18,56,7,5,0.8605,0.7826,0.8889,0.75,0.9627,20,58,5,3,0.907,0.8696,0.9206,0.8333,0.942
221,15,63,15,6,0.7879,0.7143,0.8077,0.5882,0.8535,13,72,6,8,0.8586,0.619,0.9231,0.65,0.8297,15,66,12,6,0.8182,0.7143,0.8462,0.625,0.8193,15,72,6,6,0.8788,0.7143,0.9231,0.7143,0.8141,15,67,11,6,0.8283,0.7143,0.859,0.6383,0.8553,18,80,0,4,0.9608,0.8182,1.0,0.9,0.9148,19,80,0,3,0.9706,0.8636,1.0,0.9268,0.9392,18,78,2,4,0.9412,0.8182,0.975,0.8571,0.921,17,80,0,5,0.951,0.7727,1.0,0.8718,0.9381,18,77,3,4,0.9314,0.8182,0.9625,0.8372,0.9273,21,51,2,10,0.8571,0.6774,0.9623,0.7778,0.8904,22,50,3,9,0.8571,0.7097,0.9434,0.7857,0.9124,24,45,8,7,0.8214,0.7742,0.8491,0.7619,0.8856,23,49,4,8,0.8571,0.7419,0.9245,0.7931,0.9136,24,45,8,7,0.8214,0.7742,0.8491,0.7619,0.899,28,51,5,2,0.9186,0.9333,0.9107,0.8889,0.9369,27,51,5,3,0.907,0.9,0.9107,0.871,0.9423,28,50,6,2,0.907,0.9333,0.8929,0.875,0.9268,27,50,6,3,0.8953,0.9,0.8929,0.8571,0.9423,28,51,5,2,0.9186,0.9333,0.9107,0.8889,0.9298
222,29,55,8,7,0.8485,0.8056,0.873,0.7945,0.8602,27,56,7,9,0.8384,0.75,0.8889,0.7714,0.8836,28,51,12,8,0.798,0.7778,0.8095,0.7368,0.8616,29,56,7,7,0.8586,0.8056,0.8889,0.8056,0.8435,28,55,8,8,0.8384,0.7778,0.873,0.7778,0.8946,26,63,2,11,0.8725,0.7027,0.9692,0.8,0.8299,29,63,2,8,0.902,0.7838,0.9692,0.8529,0.9102,25,62,3,12,0.8529,0.6757,0.9538,0.7692,0.8707,25,63,2,12,0.8627,0.6757,0.9692,0.7813,0.8952,25,60,5,12,0.8333,0.6757,0.9231,0.7463,0.8894,27,46,7,4,0.869,0.871,0.8679,0.8308,0.8533,27,41,12,4,0.8095,0.871,0.7736,0.7714,0.9154,27,37,16,4,0.7619,0.871,0.6981,0.7297,0.8655,27,44,9,4,0.8452,0.871,0.8302,0.806,0.8898,27,42,11,4,0.8214,0.871,0.7925,0.7826,0.8819,19,59,6,2,0.907,0.9048,0.9077,0.8261,0.9429,19,58,7,2,0.8953,0.9048,0.8923,0.8085,0.9341,19,58,7,2,0.8953,0.9048,0.8923,0.8085,0.9399,19,58,7,2,0.8953,0.9048,0.8923,0.8085,0.937,19,58,7,2,0.8953,0.9048,0.8923,0.8085,0.9311
223,25,55,15,4,0.8081,0.8621,0.7857,0.7246,0.8946,22,58,12,7,0.8081,0.7586,0.8286,0.6984,0.8813,24,52,18,5,0.7677,0.8276,0.7429,0.6761,0.869,25,58,12,4,0.8384,0.8621,0.8286,0.7576,0.8813,24,57,13,5,0.8182,0.8276,0.8143,0.7273,0.9143,17,74,4,7,0.8922,0.7083,0.9487,0.7556,0.9119,18,73,5,6,0.8922,0.75,0.9359,0.766,0.8958,17,73,5,7,0.8824,0.7083,0.9359,0.7391,0.8846,17,73,5,7,0.8824,0.7083,0.9359,0.7391,0.9012,17,71,7,7,0.8627,0.7083,0.9103,0.7083,0.8862,24,44,6,10,0.8095,0.7059,0.88,0.75,0.8341,24,40,10,10,0.7619,0.7059,0.8,0.7059,0.8871,25,38,12,9,0.75,0.7353,0.76,0.7042,0.8276,25,43,7,9,0.8095,0.7353,0.86,0.7576,0.8888,25,41,9,9,0.7857,0.7353,0.82,0.7353,0.8676,23,54,7,2,0.8953,0.92,0.8852,0.8364,0.9069,22,54,7,3,0.8837,0.88,0.8852,0.8148,0.9089,23,53,8,2,0.8837,0.92,0.8689,0.8214,0.9305,22,53,8,3,0.8721,0.88,0.8689,0.8,0.9331,23,54,7,2,0.8953,0.92,0.8852,0.8364,0.9075
224,31,42,10,16,0.7374,0.6596,0.8077,0.7045,0.8097,27,46,6,20,0.7374,0.5745,0.8846,0.675,0.8519,29,41,11,18,0.7071,0.617,0.7885,0.6667,0.8114,31,46,6,16,0.7778,0.6596,0.8846,0.7381,0.8173,29,44,8,18,0.7374,0.617,0.8462,0.6905,0.8249,14,74,5,9,0.8627,0.6087,0.9367,0.6667,0.814,16,70,9,7,0.8431,0.6957,0.8861,0.6667,0.8211,14,71,8,9,0.8333,0.6087,0.8987,0.6222,0.7821,13,70,9,10,0.8137,0.5652,0.8861,0.5778,0.8151,14,68,11,9,0.8039,0.6087,0.8608,0.5833,0.803,21,38,9,16,0.7024,0.5676,0.8085,0.6269,0.7752,25,37,10,12,0.7381,0.6757,0.7872,0.6944,0.858,27,32,15,10,0.7024,0.7297,0.6809,0.6835,0.8137,25,39,8,12,0.7619,0.6757,0.8298,0.7143,0.8603,27,34,13,10,0.7262,0.7297,0.7234,0.7013,0.8562,26,53,3,4,0.9186,0.8667,0.9464,0.8814,0.8863,26,49,7,4,0.8721,0.8667,0.875,0.8254,0.8667,26,49,7,4,0.8721,0.8667,0.875,0.8254,0.897,26,49,7,4,0.8721,0.8667,0.875,0.8254,0.9077,26,49,7,4,0.8721,0.8667,0.875,0.8254,0.8863
225,27,43,14,15,0.7071,0.6429,0.7544,0.6506,0.7982,24,50,7,18,0.7475,0.5714,0.8772,0.6575,0.8225,25,43,14,17,0.6869,0.5952,0.7544,0.6173,0.7661,27,50,7,15,0.7778,0.6429,0.8772,0.7105,0.7982,25,49,8,17,0.7475,0.5952,0.8596,0.6667,0.8225,15,73,5,9,0.8627,0.625,0.9359,0.6818,0.8194,18,72,6,6,0.8824,0.75,0.9231,0.75,0.8408,15,70,8,9,0.8333,0.625,0.8974,0.6383,0.7997,15,72,6,9,0.8529,0.625,0.9231,0.6667,0.8237,15,69,9,9,0.8235,0.625,0.8846,0.625,0.813,21,51,4,8,0.8571,0.7241,0.9273,0.7778,0.8376,18,44,11,11,0.7381,0.6207,0.8,0.6207,0.8527,18,43,12,11,0.7262,0.6207,0.7818,0.6102,0.8113,18,45,10,11,0.75,0.6207,0.8182,0.6316,0.8364,18,46,9,11,0.7619,0.6207,0.8364,0.6429,0.8489,13,66,4,3,0.9186,0.8125,0.9429,0.7879,0.8982,13,66,4,3,0.9186,0.8125,0.9429,0.7879,0.8955,13,63,7,3,0.8837,0.8125,0.9,0.7222,0.9018,13,63,7,3,0.8837,0.8125,0.9,0.7222,0.9259,13,66,4,3,0.9186,0.8125,0.9429,0.7879,0.9009
226,25,52,12,10,0.7778,0.7143,0.8125,0.6944,0.7955,24,56,8,11,0.8081,0.6857,0.875,0.7164,0.8304,21,51,13,14,0.7273,0.6,0.7969,0.6087,0.792,25,56,8,10,0.8182,0.7143,0.875,0.7353,0.7991,21,52,12,14,0.7374,0.6,0.8125,0.6176,0.833,19,69,3,11,0.8627,0.6333,0.9583,0.7308,0.8389,21,69,3,9,0.8824,0.7,0.9583,0.7778,0.8495,17,68,4,13,0.8333,0.5667,0.9444,0.6667,0.806,16,69,3,14,0.8333,0.5333,0.9583,0.6531,0.8366,17,67,5,13,0.8235,0.5667,0.9306,0.6538,0.8273,25,45,2,12,0.8333,0.6757,0.9574,0.7813,0.8982,24,41,6,13,0.7738,0.6486,0.8723,0.7164,0.8896,25,38,9,12,0.75,0.6757,0.8085,0.7042,0.9063,26,42,5,11,0.8095,0.7027,0.8936,0.7647,0.9103,25,40,7,12,0.7738,0.6757,0.8511,0.7246,0.8907,26,52,5,3,0.907,0.8966,0.9123,0.8667,0.8893,24,50,7,5,0.8605,0.8276,0.8772,0.8,0.8814,26,50,7,3,0.8837,0.8966,0.8772,0.8387,0.905,24,50,7,5,0.8605,0.8276,0.8772,0.8,0.922,26,50,7,3,0.8837,0.8966,0.8772,0.8387,0.879
227,27,55,7,10,0.8283,0.7297,0.8871,0.7606,0.8426,25,57,5,12,0.8283,0.6757,0.9194,0.7463,0.8187,26,56,6,11,0.8283,0.7027,0.9032,0.7536,0.8291,27,57,5,10,0.8485,0.7297,0.9194,0.7826,0.8374,26,54,8,11,0.8081,0.7027,0.871,0.7324,0.8505,18,70,8,6,0.8627,0.75,0.8974,0.72,0.8152,19,68,10,5,0.8529,0.7917,0.8718,0.717,0.8259,17,69,9,7,0.8431,0.7083,0.8846,0.68,0.8066,17,72,6,7,0.8725,0.7083,0.9231,0.7234,0.8125,17,66,12,7,0.8137,0.7083,0.8462,0.6415,0.8184,19,48,6,11,0.7976,0.6333,0.8889,0.6909,0.8475,20,47,7,10,0.7976,0.6667,0.8704,0.7018,0.8907,20,42,12,10,0.7381,0.6667,0.7778,0.6452,0.863,22,49,5,8,0.8452,0.7333,0.9074,0.7719,0.8926,20,45,9,10,0.7738,0.6667,0.8333,0.678,0.8549,18,64,0,4,0.9535,0.8182,1.0,0.9,0.9098,16,64,0,6,0.9302,0.7273,1.0,0.8421,0.8963,18,64,0,4,0.9535,0.8182,1.0,0.9,0.9212,16,64,0,6,0.9302,0.7273,1.0,0.8421,0.9496,18,64,0,4,0.9535,0.8182,1.0,0.9,0.9219
228,27,50,18,4,0.7778,0.871,0.7353,0.7105,0.8895,23,58,10,8,0.8182,0.7419,0.8529,0.7188,0.8966,26,52,16,5,0.7879,0.8387,0.7647,0.7123,0.8648,27,58,10,4,0.8586,0.871,0.8529,0.7941,0.871,26,55,13,5,0.8182,0.8387,0.8088,0.7429,0.9046,17,75,4,6,0.902,0.7391,0.9494,0.7727,0.7876,17,77,2,6,0.9216,0.7391,0.9747,0.8095,0.8316,16,76,3,7,0.902,0.6957,0.962,0.7619,0.8068,16,78,1,7,0.9216,0.6957,0.9873,0.8,0.8123,16,76,3,7,0.902,0.6957,0.962,0.7619,0.8239,24,47,3,10,0.8452,0.7059,0.94,0.7869,0.8771,26,39,11,8,0.7738,0.7647,0.78,0.7324,0.9006,26,35,15,8,0.7262,0.7647,0.7,0.6933,0.8641,28,43,7,6,0.8452,0.8235,0.86,0.8116,0.8971,26,39,11,8,0.7738,0.7647,0.78,0.7324,0.8859,25,55,5,1,0.9302,0.9615,0.9167,0.8929,0.9436,23,52,8,3,0.8721,0.8846,0.8667,0.807,0.9474,25,51,9,1,0.8837,0.9615,0.85,0.8333,0.9212,23,51,9,3,0.8605,0.8846,0.85,0.7931,0.9391,25,52,8,1,0.8953,0.9615,0.8667,0.8475,0.9378
229,22,60,11,6,0.8283,0.7857,0.8451,0.7213,0.8561,20,64,7,8,0.8485,0.7143,0.9014,0.7273,0.9095,22,62,9,6,0.8485,0.7857,0.8732,0.7458,0.8768,22,64,7,6,0.8687,0.7857,0.9014,0.7719,0.8466,22,62,9,6,0.8485,0.7857,0.8732,0.7458,0.8944,21,68,6,7,0.8725,0.75,0.9189,0.7636,0.9155,24,71,3,4,0.9314,0.8571,0.9595,0.8727,0.9083,21,71,3,7,0.902,0.75,0.9595,0.8077,0.8972,19,73,1,9,0.902,0.6786,0.9865,0.7917,0.9083,21,71,3,7,0.902,0.75,0.9595,0.8077,0.9083,22,42,7,13,0.7619,0.6286,0.8571,0.6875,0.7668,21,37,12,14,0.6905,0.6,0.7551,0.6176,0.793,24,32,17,11,0.6667,0.6857,0.6531,0.6316,0.7703,23,39,10,12,0.7381,0.6571,0.7959,0.6765,0.8012,24,35,14,11,0.7024,0.6857,0.7143,0.6575,0.7883,21,60,3,2,0.9419,0.913,0.9524,0.8936,0.9614,19,60,3,4,0.9186,0.8261,0.9524,0.8444,0.9669,21,58,5,2,0.9186,0.913,0.9206,0.8571,0.9344,19,58,5,4,0.8953,0.8261,0.9206,0.8085,0.9565,21,60,3,2,0.9419,0.913,0.9524,0.8936,0.9641
230,23,53,11,12,0.7677,0.6571,0.8281,0.6667,0.8076,22,57,7,13,0.798,0.6286,0.8906,0.6875,0.8192,21,52,12,14,0.7374,0.6,0.8125,0.6176,0.8013,23,57,7,12,0.8081,0.6571,0.8906,0.7077,0.8036,21,54,10,14,0.7576,0.6,0.8438,0.6364,0.842,16,76,2,8,0.902,0.6667,0.9744,0.7619,0.89,19,73,5,5,0.902,0.7917,0.9359,0.7917,0.9097,16,73,5,8,0.8725,0.6667,0.9359,0.7111,0.8649,15,74,4,9,0.8725,0.625,0.9487,0.6977,0.9156,16,70,8,8,0.8431,0.6667,0.8974,0.6667,0.8782,23,52,5,4,0.8929,0.8519,0.9123,0.8364,0.8973,22,49,8,5,0.8452,0.8148,0.8596,0.7719,0.883,23,43,14,4,0.7857,0.8519,0.7544,0.7187,0.885,23,49,8,4,0.8571,0.8519,0.8596,0.7931,0.8947,23,47,10,4,0.8333,0.8519,0.8246,0.7667,0.8967,25,54,4,3,0.9186,0.8929,0.931,0.8772,0.9169,24,54,4,4,0.907,0.8571,0.931,0.8571,0.9255,25,53,5,3,0.907,0.8929,0.9138,0.8621,0.9206,24,53,5,4,0.8953,0.8571,0.9138,0.8421,0.9452,25,54,4,3,0.9186,0.8929,0.931,0.8772,0.9224
231,29,51,10,9,0.8081,0.7632,0.8361,0.7532,0.8676,25,55,6,13,0.8081,0.6579,0.9016,0.7246,0.8788,26,50,11,12,0.7677,0.6842,0.8197,0.6933,0.8624,29,55,6,9,0.8485,0.7632,0.9016,0.7945,0.871,26,53,8,12,0.798,0.6842,0.8689,0.7222,0.8796,25,63,2,12,0.8627,0.6757,0.9692,0.7813,0.8029,26,62,3,11,0.8627,0.7027,0.9538,0.7879,0.8096,24,60,5,13,0.8235,0.6486,0.9231,0.7273,0.8008,24,62,3,13,0.8431,0.6486,0.9538,0.75,0.8141,24,58,7,13,0.8039,0.6486,0.8923,0.7059,0.8249,12,57,9,6,0.8214,0.6667,0.8636,0.6154,0.7854,14,50,16,4,0.7619,0.7778,0.7576,0.5833,0.8502,14,47,19,4,0.7262,0.7778,0.7121,0.549,0.7576,14,52,14,4,0.7857,0.7778,0.7879,0.6087,0.8258,14,49,17,4,0.75,0.7778,0.7424,0.5714,0.8241,26,47,6,7,0.8488,0.7879,0.8868,0.8,0.837,26,47,6,7,0.8488,0.7879,0.8868,0.8,0.8325,26,46,7,7,0.8372,0.7879,0.8679,0.7879,0.8451,26,46,7,7,0.8372,0.7879,0.8679,0.7879,0.8874,26,47,6,7,0.8488,0.7879,0.8868,0.8,0.8382
232,22,53,14,10,0.7576,0.6875,0.791,0.6471,0.8074,21,57,10,11,0.7879,0.6562,0.8507,0.6667,0.8148,22,52,15,10,0.7475,0.6875,0.7761,0.6377,0.8148,22,57,10,10,0.798,0.6875,0.8507,0.6875,0.7903,22,55,12,10,0.7778,0.6875,0.8209,0.6667,0.8344,16,72,7,7,0.8627,0.6957,0.9114,0.6957,0.8635,19,73,6,4,0.902,0.8261,0.9241,0.7917,0.8971,17,69,10,6,0.8431,0.7391,0.8734,0.68,0.8465,16,76,3,7,0.902,0.6957,0.962,0.7619,0.8916,17,67,12,6,0.8235,0.7391,0.8481,0.6538,0.8641,21,50,4,9,0.8452,0.7,0.9259,0.7636,0.8747,21,43,11,9,0.7619,0.7,0.7963,0.6774,0.8994,24,41,13,6,0.7738,0.8,0.7593,0.7164,0.8852,23,45,9,7,0.8095,0.7667,0.8333,0.7419,0.9062,24,43,11,6,0.7976,0.8,0.7963,0.7385,0.9049,27,48,8,3,0.8721,0.9,0.8571,0.8308,0.8988,25,48,8,5,0.8488,0.8333,0.8571,0.7937,0.8821,27,48,8,3,0.8721,0.9,0.8571,0.8308,0.9119,25,48,8,5,0.8488,0.8333,0.8571,0.7937,0.9107,27,48,8,3,0.8721,0.9,0.8571,0.8308,0.8756
233,26,48,13,12,0.7475,0.6842,0.7869,0.6753,0.8335,21,53,8,17,0.7475,0.5526,0.8689,0.6269,0.8201,24,49,12,14,0.7374,0.6316,0.8033,0.6486,0.7921,26,53,8,12,0.798,0.6842,0.8689,0.7222,0.8041,24,48,13,14,0.7273,0.6316,0.7869,0.64,0.8352,18,73,5,6,0.8922,0.75,0.9359,0.766,0.8296,18,70,8,6,0.8627,0.75,0.8974,0.72,0.828,15,70,8,9,0.8333,0.625,0.8974,0.6383,0.797,15,73,5,9,0.8627,0.625,0.9359,0.6818,0.8045,15,67,11,9,0.8039,0.625,0.859,0.6,0.813,23,44,6,11,0.7976,0.6765,0.88,0.7302,0.8318,22,44,6,12,0.7857,0.6471,0.88,0.7097,0.8718,25,38,12,9,0.75,0.7353,0.76,0.7042,0.8312,23,45,5,11,0.8095,0.6765,0.9,0.7419,0.8618,25,40,10,9,0.7738,0.7353,0.8,0.7246,0.8565,23,56,4,3,0.9186,0.8846,0.9333,0.8679,0.9179,22,54,6,4,0.8837,0.8462,0.9,0.8148,0.8994,23,52,8,3,0.8721,0.8846,0.8667,0.807,0.9058,22,52,8,4,0.8605,0.8462,0.8667,0.7857,0.9218,23,54,6,3,0.8953,0.8846,0.9,0.8364,0.9103
234,30,49,11,9,0.798,0.7692,0.8167,0.75,0.9034,27,57,3,12,0.8485,0.6923,0.95,0.7826,0.9115,27,51,9,12,0.7879,0.6923,0.85,0.72,0.8906,30,57,3,9,0.8788,0.7692,0.95,0.8333,0.9051,27,54,6,12,0.8182,0.6923,0.9,0.75,0.9017,19,71,2,10,0.8824,0.6552,0.9726,0.76,0.8536,22,71,2,7,0.9118,0.7586,0.9726,0.8302,0.9093,22,67,6,7,0.8725,0.7586,0.9178,0.7719,0.8658,19,71,2,10,0.8824,0.6552,0.9726,0.76,0.8847,22,66,7,7,0.8627,0.7586,0.9041,0.7586,0.8692,21,41,4,18,0.7381,0.5385,0.9111,0.6562,0.7681,21,33,12,18,0.6429,0.5385,0.7333,0.5833,0.7829,21,32,13,18,0.631,0.5385,0.7111,0.5753,0.784,24,34,11,15,0.6905,0.6154,0.7556,0.6486,0.7892,21,35,10,18,0.6667,0.5385,0.7778,0.6,0.7966,30,50,2,4,0.9302,0.8824,0.9615,0.9091,0.9474,27,50,2,7,0.8953,0.7941,0.9615,0.8571,0.9519,30,49,3,4,0.9186,0.8824,0.9423,0.8955,0.944,27,49,3,7,0.8837,0.7941,0.9423,0.8438,0.9531,30,50,2,4,0.9302,0.8824,0.9615,0.9091,0.9564
235,26,55,8,10,0.8182,0.7222,0.873,0.7429,0.8254,25,59,4,11,0.8485,0.6944,0.9365,0.7692,0.8677,25,56,7,11,0.8182,0.6944,0.8889,0.7353,0.8408,26,59,4,10,0.8586,0.7222,0.9365,0.7879,0.821,25,58,5,11,0.8384,0.6944,0.9206,0.7576,0.8677,22,66,7,7,0.8627,0.7586,0.9041,0.7586,0.8408,24,69,4,5,0.9118,0.8276,0.9452,0.8421,0.8503,21,66,7,8,0.8529,0.7241,0.9041,0.7368,0.821,20,69,4,9,0.8725,0.6897,0.9452,0.7547,0.8295,21,66,7,8,0.8529,0.7241,0.9041,0.7368,0.8271,26,48,1,9,0.881,0.7429,0.9796,0.8387,0.916,28,46,3,7,0.881,0.8,0.9388,0.8485,0.9312,28,44,5,7,0.8571,0.8,0.898,0.8235,0.923,30,46,3,5,0.9048,0.8571,0.9388,0.8824,0.9236,28,45,4,7,0.869,0.8,0.9184,0.8358,0.9242,25,53,7,1,0.907,0.9615,0.8833,0.8621,0.9115,23,52,8,3,0.8721,0.8846,0.8667,0.807,0.8955,25,51,9,1,0.8837,0.9615,0.85,0.8333,0.9167,23,51,9,3,0.8605,0.8846,0.85,0.7931,0.9224,25,52,8,1,0.8953,0.9615,0.8667,0.8475,0.8769
236,27,51,14,7,0.7879,0.7941,0.7846,0.72,0.8543,23,57,8,11,0.8081,0.6765,0.8769,0.7077,0.8688,25,51,14,9,0.7677,0.7353,0.7846,0.6849,0.8362,27,57,8,7,0.8485,0.7941,0.8769,0.7826,0.8468,25,56,9,9,0.8182,0.7353,0.8615,0.7353,0.8887,19,73,4,6,0.902,0.76,0.9481,0.7917,0.9065,22,72,5,3,0.9216,0.88,0.9351,0.8462,0.9382,20,70,7,5,0.8824,0.8,0.9091,0.7692,0.9091,18,72,5,7,0.8824,0.72,0.9351,0.75,0.9309,20,69,8,5,0.8725,0.8,0.8961,0.7547,0.9257,22,52,6,4,0.881,0.8462,0.8966,0.8148,0.8654,22,43,15,4,0.7738,0.8462,0.7414,0.6984,0.9198,22,41,17,4,0.75,0.8462,0.7069,0.6769,0.878,22,46,12,4,0.8095,0.8462,0.7931,0.7333,0.9211,22,43,15,4,0.7738,0.8462,0.7414,0.6984,0.8932,23,54,8,1,0.8953,0.9583,0.871,0.8364,0.9234,23,53,9,1,0.8837,0.9583,0.8548,0.8214,0.9422,23,52,10,1,0.8721,0.9583,0.8387,0.807,0.9362,23,52,10,1,0.8721,0.9583,0.8387,0.807,0.9456,23,53,9,1,0.8837,0.9583,0.8548,0.8214,0.9133
237,31,50,11,7,0.8182,0.8158,0.8197,0.775,0.8852,27,56,5,11,0.8384,0.7105,0.918,0.7714,0.9292,27,51,10,11,0.7879,0.7105,0.8361,0.72,0.8714,31,56,5,7,0.8788,0.8158,0.918,0.8378,0.8999,27,55,6,11,0.8283,0.7105,0.9016,0.7606,0.9129,18,76,6,2,0.9216,0.9,0.9268,0.8182,0.9488,18,74,8,2,0.902,0.9,0.9024,0.7826,0.9244,16,76,6,4,0.902,0.8,0.9268,0.7619,0.9171,16,75,7,4,0.8922,0.8,0.9146,0.7442,0.925,16,72,10,4,0.8627,0.8,0.878,0.6957,0.9146,15,54,5,10,0.8214,0.6,0.9153,0.6667,0.7654,15,46,13,10,0.7262,0.6,0.7797,0.566,0.821,15,45,14,10,0.7143,0.6,0.7627,0.5556,0.7892,15,48,11,10,0.75,0.6,0.8136,0.5882,0.7939,15,48,11,10,0.75,0.6,0.8136,0.5882,0.8095,17,65,1,3,0.9535,0.85,0.9848,0.8947,0.9606,17,64,2,3,0.9419,0.85,0.9697,0.8718,0.9583,17,59,7,3,0.8837,0.85,0.8939,0.7727,0.9341,17,59,7,3,0.8837,0.85,0.8939,0.7727,0.9561,17,64,2,3,0.9419,0.85,0.9697,0.8718,0.9576
238,21,53,17,8,0.7475,0.7241,0.7571,0.6269,0.8266,19,58,12,10,0.7778,0.6552,0.8286,0.6333,0.8182,19,55,15,10,0.7475,0.6552,0.7857,0.6032,0.8064,21,58,12,8,0.798,0.7241,0.8286,0.6774,0.8128,19,58,12,10,0.7778,0.6552,0.8286,0.6333,0.832,22,73,0,7,0.9314,0.7586,1.0,0.8627,0.8947,23,71,2,6,0.9216,0.7931,0.9726,0.8519,0.8866,17,71,2,12,0.8627,0.5862,0.9726,0.7083,0.8503,17,71,2,12,0.8627,0.5862,0.9726,0.7083,0.8857,17,67,6,12,0.8235,0.5862,0.9178,0.6538,0.8545,23,45,3,13,0.8095,0.6389,0.9375,0.7419,0.8247,24,41,7,12,0.7738,0.6667,0.8542,0.7164,0.8767,25,36,12,11,0.7262,0.6944,0.75,0.6849,0.8351,25,42,6,11,0.7976,0.6944,0.875,0.7463,0.8623,25,41,7,11,0.7857,0.6944,0.8542,0.7353,0.8623,23,54,6,3,0.8953,0.8846,0.9,0.8364,0.9109,22,52,8,4,0.8605,0.8462,0.8667,0.7857,0.9064,23,50,10,3,0.8488,0.8846,0.8333,0.7797,0.8955,22,50,10,4,0.8372,0.8462,0.8333,0.7586,0.9231,23,52,8,3,0.8721,0.8846,0.8667,0.807,0.9006
239,24,51,14,10,0.7576,0.7059,0.7846,0.6667,0.7968,19,53,12,15,0.7273,0.5588,0.8154,0.5846,0.8199,21,51,14,13,0.7273,0.6176,0.7846,0.6087,0.7652,24,53,12,10,0.7778,0.7059,0.8154,0.6857,0.7982,21,52,13,13,0.7374,0.6176,0.8,0.6176,0.824,13,69,5,15,0.8039,0.4643,0.9324,0.5652,0.7727,19,70,4,9,0.8725,0.6786,0.9459,0.7451,0.7987,16,65,9,12,0.7941,0.5714,0.8784,0.6038,0.777,12,71,3,16,0.8137,0.4286,0.9595,0.5581,0.7852,16,64,10,12,0.7843,0.5714,0.8649,0.5926,0.7819,23,48,6,7,0.8452,0.7667,0.8889,0.7797,0.8821,21,45,9,9,0.7857,0.7,0.8333,0.7,0.8549,22,43,11,8,0.7738,0.7333,0.7963,0.6984,0.8772,23,46,8,7,0.8214,0.7667,0.8519,0.7541,0.8735,22,47,7,8,0.8214,0.7333,0.8704,0.7458,0.8821,16,65,3,2,0.9419,0.8889,0.9559,0.8649,0.9093,14,65,3,4,0.9186,0.7778,0.9559,0.8,0.8701,16,64,4,2,0.9302,0.8889,0.9412,0.8421,0.9338,14,64,4,4,0.907,0.7778,0.9412,0.7778,0.9461,16,65,3,2,0.9419,0.8889,0.9559,0.8649,0.9052
240,25,55,12,7,0.8081,0.7812,0.8209,0.7246,0.8624,23,57,10,9,0.8081,0.7188,0.8507,0.7077,0.8489,24,54,13,8,0.7879,0.75,0.806,0.6957,0.8312,25,57,10,7,0.8283,0.7812,0.8507,0.7463,0.847,24,57,10,8,0.8182,0.75,0.8507,0.7273,0.8633,23,71,1,7,0.9216,0.7667,0.9861,0.8519,0.887,25,71,1,5,0.9412,0.8333,0.9861,0.8929,0.8884,17,69,3,13,0.8431,0.5667,0.9583,0.68,0.8542,17,71,1,13,0.8627,0.5667,0.9861,0.7083,0.888,17,68,4,13,0.8333,0.5667,0.9444,0.6667,0.8542,28,42,2,12,0.8333,0.7,0.9545,0.8,0.8977,30,38,6,10,0.8095,0.75,0.8636,0.7895,0.8886,31,35,9,9,0.7857,0.775,0.7955,0.775,0.8744,31,39,5,9,0.8333,0.775,0.8864,0.8158,0.8977,31,39,5,9,0.8333,0.775,0.8864,0.8158,0.8949,17,59,9,1,0.8837,0.9444,0.8676,0.7727,0.9216,16,58,10,2,0.8605,0.8889,0.8529,0.7273,0.9306,17,58,10,1,0.8721,0.9444,0.8529,0.7556,0.9199,16,58,10,2,0.8605,0.8889,0.8529,0.7273,0.9297,17,58,10,1,0.8721,0.9444,0.8529,0.7556,0.9044
241,31,41,16,11,0.7273,0.7381,0.7193,0.6966,0.8292,28,46,11,14,0.7475,0.6667,0.807,0.6914,0.8534,30,43,14,12,0.7374,0.7143,0.7544,0.6977,0.7982,31,46,11,11,0.7778,0.7381,0.807,0.7381,0.8191,30,45,12,12,0.7576,0.7143,0.7895,0.7143,0.8634,10,82,4,6,0.902,0.625,0.9535,0.6667,0.7754,10,82,4,6,0.902,0.625,0.9535,0.6667,0.7609,10,81,5,6,0.8922,0.625,0.9419,0.6452,0.7718,10,82,4,6,0.902,0.625,0.9535,0.6667,0.7674,10,79,7,6,0.8725,0.625,0.9186,0.6061,0.7922,25,42,7,10,0.7976,0.7143,0.8571,0.7463,0.8338,24,36,13,11,0.7143,0.6857,0.7347,0.6667,0.814,25,32,17,10,0.6786,0.7143,0.6531,0.6494,0.8117,25,36,13,10,0.7262,0.7143,0.7347,0.6849,0.8367,25,35,14,10,0.7143,0.7143,0.7143,0.6757,0.8163,27,54,3,2,0.9419,0.931,0.9474,0.9153,0.9431,26,53,4,3,0.9186,0.8966,0.9298,0.8814,0.9492,27,52,5,2,0.9186,0.931,0.9123,0.8852,0.9286,26,52,5,3,0.907,0.8966,0.9123,0.8667,0.948,27,53,4,2,0.9302,0.931,0.9298,0.9,0.9401
242,19,61,9,10,0.8081,0.6552,0.8714,0.6667,0.8054,15,66,4,14,0.8182,0.5172,0.9429,0.625,0.8394,18,61,9,11,0.798,0.6207,0.8714,0.6429,0.8044,19,66,4,10,0.8586,0.6552,0.9429,0.7308,0.8074,18,65,5,11,0.8384,0.6207,0.9286,0.6923,0.8655,20,72,3,7,0.902,0.7407,0.96,0.8,0.9402,23,73,2,4,0.9412,0.8519,0.9733,0.8846,0.958,20,72,3,7,0.902,0.7407,0.96,0.8,0.9294,18,73,2,9,0.8922,0.6667,0.9733,0.766,0.9531,20,70,5,7,0.8824,0.7407,0.9333,0.7692,0.9472,21,48,7,8,0.8214,0.7241,0.8727,0.7368,0.8552,20,41,14,9,0.7262,0.6897,0.7455,0.6349,0.8771,21,37,18,8,0.6905,0.7241,0.6727,0.6176,0.8226,22,46,9,7,0.8095,0.7586,0.8364,0.7333,0.8859,21,40,15,8,0.7262,0.7241,0.7273,0.6462,0.8483,32,51,1,2,0.9651,0.9412,0.9808,0.9552,0.9519,30,51,1,4,0.9419,0.8824,0.9808,0.9231,0.9446,32,49,3,2,0.9419,0.9412,0.9423,0.9275,0.9548,30,49,3,4,0.9186,0.8824,0.9423,0.8955,0.9638,32,51,1,2,0.9651,0.9412,0.9808,0.9552,0.9548
243,23,52,16,8,0.7576,0.7419,0.7647,0.6571,0.8269,21,58,10,10,0.798,0.6774,0.8529,0.6774,0.8501,22,53,15,9,0.7576,0.7097,0.7794,0.6471,0.8193,23,58,10,8,0.8182,0.7419,0.8529,0.7188,0.8043,22,55,13,9,0.7778,0.7097,0.8088,0.6667,0.8373,15,74,4,9,0.8725,0.625,0.9487,0.6977,0.7708,18,74,4,6,0.902,0.75,0.9487,0.7826,0.8552,11,69,9,13,0.7843,0.4583,0.8846,0.5,0.7719,11,76,2,13,0.8529,0.4583,0.9744,0.5946,0.8269,11,68,10,13,0.7745,0.4583,0.8718,0.4889,0.7879,22,43,8,11,0.7738,0.6667,0.8431,0.6984,0.7534,22,35,16,11,0.6786,0.6667,0.6863,0.6197,0.7742,24,34,17,9,0.6905,0.7273,0.6667,0.6486,0.754,22,36,15,11,0.6905,0.6667,0.7059,0.6286,0.7629,24,35,16,9,0.7024,0.7273,0.6863,0.6575,0.798,22,61,2,1,0.9651,0.9565,0.9683,0.9362,0.9496,22,59,4,1,0.9419,0.9565,0.9365,0.898,0.9413,22,58,5,1,0.9302,0.9565,0.9206,0.88,0.9579,22,58,5,1,0.9302,0.9565,0.9206,0.88,0.9572,22,59,4,1,0.9419,0.9565,0.9365,0.898,0.9503
244,15,59,19,6,0.7475,0.7143,0.7564,0.5455,0.8187,13,66,12,8,0.798,0.619,0.8462,0.5652,0.8101,15,59,19,6,0.7475,0.7143,0.7564,0.5455,0.7998,15,66,12,6,0.8182,0.7143,0.8462,0.625,0.804,15,62,16,6,0.7778,0.7143,0.7949,0.5769,0.8431,21,71,5,5,0.902,0.8077,0.9342,0.8077,0.8882,22,72,4,4,0.9216,0.8462,0.9474,0.8462,0.8735,20,70,6,6,0.8824,0.7692,0.9211,0.7692,0.875,19,74,2,7,0.9118,0.7308,0.9737,0.8085,0.8811,20,69,7,6,0.8725,0.7692,0.9079,0.7547,0.878,18,51,5,10,0.8214,0.6429,0.9107,0.7059,0.8367,18,47,9,10,0.7738,0.6429,0.8393,0.6545,0.8584,18,43,13,10,0.7262,0.6429,0.7679,0.6102,0.8278,18,50,6,10,0.8095,0.6429,0.8929,0.6923,0.8635,18,47,9,10,0.7738,0.6429,0.8393,0.6545,0.8367,20,62,3,1,0.9535,0.9524,0.9538,0.9091,0.9582,20,62,3,1,0.9535,0.9524,0.9538,0.9091,0.9597,20,61,4,1,0.9419,0.9524,0.9385,0.8889,0.959,20,61,4,1,0.9419,0.9524,0.9385,0.8889,0.9663,20,62,3,1,0.9535,0.9524,0.9538,0.9091,0.9634
245,31,45,14,9,0.7677,0.775,0.7627,0.7294,0.8479,26,48,11,14,0.7475,0.65,0.8136,0.6753,0.8331,30,46,13,10,0.7677,0.75,0.7797,0.7229,0.8233,31,48,11,9,0.798,0.775,0.8136,0.7561,0.8273,30,48,11,10,0.7879,0.75,0.8136,0.7407,0.8517,18,72,6,6,0.8824,0.75,0.9231,0.75,0.9006,18,72,6,6,0.8824,0.75,0.9231,0.75,0.9033,14,70,8,10,0.8235,0.5833,0.8974,0.6087,0.8723,14,74,4,10,0.8627,0.5833,0.9487,0.6667,0.9113,14,70,8,10,0.8235,0.5833,0.8974,0.6087,0.8878,14,53,5,12,0.7976,0.5385,0.9138,0.6222,0.7268,15,47,11,11,0.7381,0.5769,0.8103,0.5769,0.8422,16,43,15,10,0.7024,0.6154,0.7414,0.5614,0.7593,15,50,8,11,0.7738,0.5769,0.8621,0.6122,0.817,16,47,11,10,0.75,0.6154,0.8103,0.6038,0.8123,23,55,2,6,0.907,0.7931,0.9649,0.8519,0.9165,23,52,5,6,0.8721,0.7931,0.9123,0.807,0.8953,23,51,6,6,0.8605,0.7931,0.8947,0.7931,0.8863,23,51,6,6,0.8605,0.7931,0.8947,0.7931,0.9189,23,52,5,6,0.8721,0.7931,0.9123,0.807,0.9183
246,22,56,10,11,0.7879,0.6667,0.8485,0.6769,0.7548,21,61,5,12,0.8283,0.6364,0.9242,0.7119,0.781,21,55,11,12,0.7677,0.6364,0.8333,0.6462,0.7635,22,61,5,11,0.8384,0.6667,0.9242,0.7333,0.7525,21,59,7,12,0.8081,0.6364,0.8939,0.6885,0.7874,20,70,3,9,0.8824,0.6897,0.9589,0.7692,0.8725,23,72,1,6,0.9314,0.7931,0.9863,0.8679,0.9164,20,71,2,9,0.8922,0.6897,0.9726,0.7843,0.8701,19,72,1,10,0.8922,0.6552,0.9863,0.7755,0.8918,20,69,4,9,0.8725,0.6897,0.9452,0.7547,0.8833,16,53,4,11,0.8214,0.5926,0.9298,0.6809,0.7901,18,50,7,9,0.8095,0.6667,0.8772,0.6923,0.8564,19,48,9,8,0.7976,0.7037,0.8421,0.6909,0.7966,19,51,6,8,0.8333,0.7037,0.8947,0.7308,0.8272,19,50,7,8,0.8214,0.7037,0.8772,0.717,0.8473,24,57,2,3,0.9419,0.8889,0.9661,0.9057,0.904,23,56,3,4,0.9186,0.8519,0.9492,0.8679,0.8707,24,54,5,3,0.907,0.8889,0.9153,0.8571,0.9278,23,54,5,4,0.8953,0.8519,0.9153,0.8364,0.9335,24,56,3,3,0.9302,0.8889,0.9492,0.8889,0.904
247,31,46,13,9,0.7778,0.775,0.7797,0.7381,0.8487,28,50,9,12,0.7879,0.7,0.8475,0.7273,0.8653,30,45,14,10,0.7576,0.75,0.7627,0.7143,0.8309,31,50,9,9,0.8182,0.775,0.8475,0.775,0.8443,30,50,9,10,0.8081,0.75,0.8475,0.7595,0.8754,13,72,6,11,0.8333,0.5417,0.9231,0.6047,0.7756,16,73,5,8,0.8725,0.6667,0.9359,0.7111,0.8024,14,74,4,10,0.8627,0.5833,0.9487,0.6667,0.7933,12,74,4,12,0.8431,0.5,0.9487,0.6,0.7933,14,73,5,10,0.8529,0.5833,0.9359,0.6512,0.8162,18,46,5,15,0.7619,0.5455,0.902,0.6429,0.7623,20,34,17,13,0.6429,0.6061,0.6667,0.5714,0.7926,23,34,17,10,0.6786,0.697,0.6667,0.6301,0.7522,21,39,12,12,0.7143,0.6364,0.7647,0.6364,0.7926,23,38,13,10,0.7262,0.697,0.7451,0.6667,0.7938,15,61,4,6,0.8837,0.7143,0.9385,0.75,0.9026,14,60,5,7,0.8605,0.6667,0.9231,0.7,0.9026,15,58,7,6,0.8488,0.7143,0.8923,0.6977,0.8674,14,58,7,7,0.8372,0.6667,0.8923,0.6667,0.9128,15,60,5,6,0.8721,0.7143,0.9231,0.7317,0.9055
248,25,46,16,12,0.7172,0.6757,0.7419,0.641,0.8178,20,48,14,17,0.6869,0.5405,0.7742,0.5634,0.8426,24,47,15,13,0.7172,0.6486,0.7581,0.6316,0.799,25,48,14,12,0.7374,0.6757,0.7742,0.6579,0.7951,24,47,15,13,0.7172,0.6486,0.7581,0.6316,0.84,17,70,8,7,0.8529,0.7083,0.8974,0.6939,0.8061,17,69,9,7,0.8431,0.7083,0.8846,0.68,0.8029,15,69,9,9,0.8235,0.625,0.8846,0.625,0.7975,15,70,8,9,0.8333,0.625,0.8974,0.6383,0.8029,15,68,10,9,0.8137,0.625,0.8718,0.6122,0.8109,28,41,7,8,0.8214,0.7778,0.8542,0.7887,0.8519,24,37,11,12,0.7262,0.6667,0.7708,0.6761,0.8258,24,33,15,12,0.6786,0.6667,0.6875,0.64,0.8009,25,41,7,11,0.7857,0.6944,0.8542,0.7353,0.8524,24,38,10,12,0.7381,0.6667,0.7917,0.6857,0.8455,15,63,5,3,0.907,0.8333,0.9265,0.7895,0.8922,14,63,5,4,0.8953,0.7778,0.9265,0.7568,0.8938,15,63,5,3,0.907,0.8333,0.9265,0.7895,0.8668,14,63,5,4,0.8953,0.7778,0.9265,0.7568,0.906,15,63,5,3,0.907,0.8333,0.9265,0.7895,0.9028
249,32,44,12,11,0.7677,0.7442,0.7857,0.7356,0.8289,31,50,6,12,0.8182,0.7209,0.8929,0.775,0.8497,32,46,10,11,0.7879,0.7442,0.8214,0.7529,0.8081,32,50,6,11,0.8283,0.7442,0.8929,0.7901,0.8264,32,46,10,11,0.7879,0.7442,0.8214,0.7529,0.8463,21,63,8,10,0.8235,0.6774,0.8873,0.7,0.856,26,63,8,5,0.8725,0.8387,0.8873,0.8,0.8769,21,63,8,10,0.8235,0.6774,0.8873,0.7,0.8392,18,65,6,13,0.8137,0.5806,0.9155,0.6545,0.8678,21,60,11,10,0.7941,0.6774,0.8451,0.6667,0.861,19,53,4,8,0.8571,0.7037,0.9298,0.76,0.896,21,49,8,6,0.8333,0.7778,0.8596,0.75,0.9467,22,46,11,5,0.8095,0.8148,0.807,0.7333,0.9006,21,51,6,6,0.8571,0.7778,0.8947,0.7778,0.9487,22,47,10,5,0.8214,0.8148,0.8246,0.7458,0.8876,27,52,4,3,0.9186,0.9,0.9286,0.8852,0.9226,27,51,5,3,0.907,0.9,0.9107,0.871,0.9208,27,49,7,3,0.8837,0.9,0.875,0.8438,0.9286,27,49,7,3,0.8837,0.9,0.875,0.8438,0.9458,27,51,5,3,0.907,0.9,0.9107,0.871,0.9208
250,20,64,11,4,0.8485,0.8333,0.8533,0.7273,0.8939,17,66,9,7,0.8384,0.7083,0.88,0.68,0.9306,17,64,11,7,0.8182,0.7083,0.8533,0.6538,0.8894,20,66,9,4,0.8687,0.8333,0.88,0.7547,0.8789,17,65,10,7,0.8283,0.7083,0.8667,0.6667,0.925,18,71,4,9,0.8725,0.6667,0.9467,0.7347,0.8104,21,70,5,6,0.8922,0.7778,0.9333,0.7925,0.8341,18,66,9,9,0.8235,0.6667,0.88,0.6667,0.8079,16,71,4,11,0.8529,0.5926,0.9467,0.6809,0.8207,18,64,11,9,0.8039,0.6667,0.8533,0.6429,0.8138,23,47,4,10,0.8333,0.697,0.9216,0.7667,0.8455,24,40,11,9,0.7619,0.7273,0.7843,0.7059,0.8313,24,40,11,9,0.7619,0.7273,0.7843,0.7059,0.8586,25,43,8,8,0.8095,0.7576,0.8431,0.7576,0.8408,24,43,8,9,0.7976,0.7273,0.8431,0.7385,0.8425,25,56,4,1,0.9419,0.9615,0.9333,0.9091,0.9449,24,56,4,2,0.9302,0.9231,0.9333,0.8889,0.9295,25,54,6,1,0.9186,0.9615,0.9,0.8772,0.9481,24,54,6,2,0.907,0.9231,0.9,0.8571,0.9494,25,56,4,1,0.9419,0.9615,0.9333,0.9091,0.9404
251,26,47,10,16,0.7374,0.619,0.8246,0.6667,0.774,20,50,7,22,0.7071,0.4762,0.8772,0.5797,0.7962,21,48,9,21,0.697,0.5,0.8421,0.5833,0.7561,26,50,7,16,0.7677,0.619,0.8772,0.6933,0.7485,21,48,9,21,0.697,0.5,0.8421,0.5833,0.8024,16,72,4,10,0.8627,0.6154,0.9474,0.6957,0.7733,16,71,5,10,0.8529,0.6154,0.9342,0.6809,0.8229,14,72,4,12,0.8431,0.5385,0.9474,0.6364,0.793,14,71,5,12,0.8333,0.5385,0.9342,0.6222,0.8259,14,68,8,12,0.8039,0.5385,0.8947,0.5833,0.7996,27,43,6,8,0.8333,0.7714,0.8776,0.7941,0.8671,28,39,10,7,0.7976,0.8,0.7959,0.7671,0.8764,29,33,16,6,0.7381,0.8286,0.6735,0.725,0.8857,28,36,13,7,0.7619,0.8,0.7347,0.7368,0.8741,29,35,14,6,0.7619,0.8286,0.7143,0.7436,0.8595,17,64,2,3,0.9419,0.85,0.9697,0.8718,0.9636,17,64,2,3,0.9419,0.85,0.9697,0.8718,0.9576,17,64,2,3,0.9419,0.85,0.9697,0.8718,0.9447,17,64,2,3,0.9419,0.85,0.9697,0.8718,0.9659,17,64,2,3,0.9419,0.85,0.9697,0.8718,0.9644
252,25,56,12,6,0.8182,0.8065,0.8235,0.7353,0.8164,22,58,10,9,0.8081,0.7097,0.8529,0.6984,0.8311,22,57,11,9,0.798,0.7097,0.8382,0.6875,0.7946,25,58,10,6,0.8384,0.8065,0.8529,0.7576,0.8046,22,57,11,9,0.798,0.7097,0.8382,0.6875,0.8349,20,72,3,7,0.902,0.7407,0.96,0.8,0.803,20,71,4,7,0.8922,0.7407,0.9467,0.7843,0.796,16,70,5,11,0.8431,0.5926,0.9333,0.6667,0.8069,16,72,3,11,0.8627,0.5926,0.96,0.6957,0.7798,16,69,6,11,0.8333,0.5926,0.92,0.6531,0.8158,23,51,1,9,0.881,0.7188,0.9808,0.8214,0.8732,25,44,8,7,0.8214,0.7812,0.8462,0.7692,0.9309,26,43,9,6,0.8214,0.8125,0.8269,0.7761,0.8786,25,47,5,7,0.8571,0.7812,0.9038,0.8065,0.9135,26,45,7,6,0.8452,0.8125,0.8654,0.8,0.8774,16,64,1,5,0.9302,0.7619,0.9846,0.8421,0.9267,16,64,1,5,0.9302,0.7619,0.9846,0.8421,0.8996,16,63,2,5,0.9186,0.7619,0.9692,0.8205,0.9201,16,63,2,5,0.9186,0.7619,0.9692,0.8205,0.9597,16,64,1,5,0.9302,0.7619,0.9846,0.8421,0.9304
253,24,51,14,10,0.7576,0.7059,0.7846,0.6667,0.8045,22,54,11,12,0.7677,0.6471,0.8308,0.6567,0.8262,21,51,14,13,0.7273,0.6176,0.7846,0.6087,0.781,24,54,11,10,0.7879,0.7059,0.8308,0.6957,0.7894,21,52,13,13,0.7374,0.6176,0.8,0.6176,0.8312,20,70,7,5,0.8824,0.8,0.9091,0.7692,0.9023,21,72,5,4,0.9118,0.84,0.9351,0.8235,0.8769,19,74,3,6,0.9118,0.76,0.961,0.8085,0.88,18,73,4,7,0.8922,0.72,0.9481,0.766,0.881,19,72,5,6,0.8922,0.76,0.9351,0.7755,0.8862,20,41,8,15,0.7262,0.5714,0.8367,0.6349,0.7738,20,38,11,15,0.6905,0.5714,0.7755,0.6061,0.7907,24,35,14,11,0.7024,0.6857,0.7143,0.6575,0.7796,22,39,10,13,0.7262,0.6286,0.7959,0.6567,0.8058,24,39,10,11,0.75,0.6857,0.7959,0.6957,0.8175,24,56,4,2,0.9302,0.9231,0.9333,0.8889,0.9231,22,55,5,4,0.8953,0.8462,0.9167,0.8302,0.9218,24,54,6,2,0.907,0.9231,0.9,0.8571,0.909,22,54,6,4,0.8837,0.8462,0.9,0.8148,0.9256,24,55,5,2,0.9186,0.9231,0.9167,0.8727,0.9154
254,26,52,14,7,0.7879,0.7879,0.7879,0.7123,0.854,23,57,9,10,0.8081,0.697,0.8636,0.7077,0.8742,24,51,15,9,0.7576,0.7273,0.7727,0.6667,0.8567,26,57,9,7,0.8384,0.7879,0.8636,0.7647,0.8414,24,57,9,9,0.8182,0.7273,0.8636,0.7273,0.8866,24,67,4,7,0.8922,0.7742,0.9437,0.8136,0.9109,28,70,1,3,0.9608,0.9032,0.9859,0.9333,0.9459,22,70,1,9,0.902,0.7097,0.9859,0.8148,0.9019,22,70,1,9,0.902,0.7097,0.9859,0.8148,0.9328,22,68,3,9,0.8824,0.7097,0.9577,0.7857,0.9259,24,48,6,6,0.8571,0.8,0.8889,0.8,0.8296,23,38,16,7,0.7262,0.7667,0.7037,0.6667,0.871,23,38,16,7,0.7262,0.7667,0.7037,0.6667,0.7994,24,41,13,6,0.7738,0.8,0.7593,0.7164,0.8414,23,40,14,7,0.75,0.7667,0.7407,0.6866,0.8296,16,63,5,2,0.9186,0.8889,0.9265,0.8205,0.9641,15,62,6,3,0.8953,0.8333,0.9118,0.7692,0.96,16,61,7,2,0.8953,0.8889,0.8971,0.7805,0.9453,15,61,7,3,0.8837,0.8333,0.8971,0.75,0.9502,16,62,6,2,0.907,0.8889,0.9118,0.8,0.9608
255,28,51,16,4,0.798,0.875,0.7612,0.7368,0.8862,25,56,11,7,0.8182,0.7812,0.8358,0.7353,0.8871,25,51,16,7,0.7677,0.7812,0.7612,0.6849,0.8629,28,56,11,4,0.8485,0.875,0.8358,0.7887,0.8871,25,53,14,7,0.7879,0.7812,0.791,0.7042,0.9058,20,67,5,10,0.8529,0.6667,0.9306,0.7273,0.8417,25,67,5,5,0.902,0.8333,0.9306,0.8333,0.8787,20,67,5,10,0.8529,0.6667,0.9306,0.7273,0.8255,19,67,5,11,0.8431,0.6333,0.9306,0.7037,0.8574,20,63,9,10,0.8137,0.6667,0.875,0.678,0.8449,26,41,10,7,0.7976,0.7879,0.8039,0.7536,0.8449,26,37,14,7,0.75,0.7879,0.7255,0.7123,0.8544,28,31,20,5,0.7024,0.8485,0.6078,0.6914,0.8467,26,35,16,7,0.7262,0.7879,0.6863,0.6933,0.8455,28,34,17,5,0.7381,0.8485,0.6667,0.7179,0.874,25,53,5,3,0.907,0.8929,0.9138,0.8621,0.928,25,52,6,3,0.8953,0.8929,0.8966,0.8475,0.92,25,51,7,3,0.8837,0.8929,0.8793,0.8333,0.9107,25,51,7,3,0.8837,0.8929,0.8793,0.8333,0.9255,25,52,6,3,0.8953,0.8929,0.8966,0.8475,0.9156
256,30,56,9,4,0.8687,0.8824,0.8615,0.8219,0.8715,27,59,6,7,0.8687,0.7941,0.9077,0.806,0.8937,26,54,11,8,0.8081,0.7647,0.8308,0.7324,0.8534,30,59,6,4,0.899,0.8824,0.9077,0.8571,0.8762,26,57,8,8,0.8384,0.7647,0.8769,0.7647,0.8991,15,73,3,11,0.8627,0.5769,0.9605,0.6818,0.7824,17,69,7,9,0.8431,0.6538,0.9079,0.68,0.8467,15,70,6,11,0.8333,0.5769,0.9211,0.6383,0.7885,14,70,6,12,0.8235,0.5385,0.9211,0.6087,0.8219,15,65,11,11,0.7843,0.5769,0.8553,0.5769,0.8325,21,51,6,6,0.8571,0.7778,0.8947,0.7778,0.8947,22,49,8,5,0.8452,0.8148,0.8596,0.7719,0.9357,22,48,9,5,0.8333,0.8148,0.8421,0.7586,0.9207,23,49,8,4,0.8571,0.8519,0.8596,0.7931,0.935,22,50,7,5,0.8571,0.8148,0.8772,0.7857,0.924,21,54,6,5,0.8721,0.8077,0.9,0.7925,0.8686,20,53,7,6,0.8488,0.7692,0.8833,0.7547,0.8538,21,53,7,5,0.8605,0.8077,0.8833,0.7778,0.8647,20,53,7,6,0.8488,0.7692,0.8833,0.7547,0.8917,21,53,7,5,0.8605,0.8077,0.8833,0.7778,0.8737
257,26,57,7,9,0.8384,0.7429,0.8906,0.7647,0.9263,23,60,4,12,0.8384,0.6571,0.9375,0.7419,0.9263,23,58,6,12,0.8182,0.6571,0.9062,0.7188,0.9268,26,60,4,9,0.8687,0.7429,0.9375,0.8,0.9281,23,59,5,12,0.8283,0.6571,0.9219,0.7302,0.9371,18,70,6,8,0.8627,0.6923,0.9211,0.72,0.8441,21,69,7,5,0.8824,0.8077,0.9079,0.7778,0.8796,20,69,7,6,0.8725,0.7692,0.9079,0.7547,0.8512,18,71,5,8,0.8725,0.6923,0.9342,0.7347,0.8608,20,65,11,6,0.8333,0.7692,0.8553,0.7018,0.8623,13,47,8,16,0.7143,0.4483,0.8545,0.52,0.7436,13,44,11,16,0.6786,0.4483,0.8,0.4906,0.7806,15,39,16,14,0.6429,0.5172,0.7091,0.5,0.7586,16,43,12,13,0.7024,0.5517,0.7818,0.5614,0.7812,15,44,11,14,0.7024,0.5172,0.8,0.5455,0.7718,23,56,4,3,0.9186,0.8846,0.9333,0.8679,0.9192,20,54,6,6,0.8605,0.7692,0.9,0.7692,0.9256,23,54,6,3,0.8953,0.8846,0.9,0.8364,0.8981,20,54,6,6,0.8605,0.7692,0.9,0.7692,0.9256,23,54,6,3,0.8953,0.8846,0.9,0.8364,0.9154
258,15,63,12,9,0.7879,0.625,0.84,0.5882,0.7,14,68,7,10,0.8283,0.5833,0.9067,0.6222,0.7683,13,64,11,11,0.7778,0.5417,0.8533,0.5417,0.6972,15,68,7,9,0.8384,0.625,0.9067,0.6522,0.6761,13,64,11,11,0.7778,0.5417,0.8533,0.5417,0.7333,22,64,8,8,0.8431,0.7333,0.8889,0.7333,0.8694,24,65,7,6,0.8725,0.8,0.9028,0.7869,0.8833,21,61,11,9,0.8039,0.7,0.8472,0.6774,0.8403,20,69,3,10,0.8725,0.6667,0.9583,0.7547,0.8727,21,61,11,9,0.8039,0.7,0.8472,0.6774,0.8648,20,50,6,8,0.8333,0.7143,0.8929,0.7407,0.7915,20,46,10,8,0.7857,0.7143,0.8214,0.6897,0.8501,20,40,16,8,0.7143,0.7143,0.7143,0.625,0.7934,20,45,11,8,0.7738,0.7143,0.8036,0.678,0.8246,20,40,16,8,0.7143,0.7143,0.7143,0.625,0.8278,18,63,3,2,0.9419,0.9,0.9545,0.878,0.9288,18,62,4,2,0.9302,0.9,0.9394,0.8571,0.8917,18,61,5,2,0.9186,0.9,0.9242,0.8372,0.9553,18,61,5,2,0.9186,0.9,0.9242,0.8372,0.9568,18,62,4,2,0.9302,0.9,0.9394,0.8571,0.9197
259,24,50,14,11,0.7475,0.6857,0.7812,0.6575,0.7732,19,56,8,16,0.7576,0.5429,0.875,0.6129,0.7607,23,51,13,12,0.7475,0.6571,0.7969,0.6479,0.7558,24,56,8,11,0.8081,0.6857,0.875,0.7164,0.7701,23,54,10,12,0.7778,0.6571,0.8438,0.6765,0.7987,13,74,5,10,0.8529,0.5652,0.9367,0.6341,0.8619,14,73,6,9,0.8529,0.6087,0.9241,0.6512,0.8453,13,74,5,10,0.8529,0.5652,0.9367,0.6341,0.8277,12,75,4,11,0.8529,0.5217,0.9494,0.6154,0.8404,13,73,6,10,0.8431,0.5652,0.9241,0.619,0.8498,26,42,6,10,0.8095,0.7222,0.875,0.7647,0.8154,27,33,15,9,0.7143,0.75,0.6875,0.6923,0.8275,29,32,16,7,0.7262,0.8056,0.6667,0.716,0.8223,28,34,14,8,0.7381,0.7778,0.7083,0.7179,0.8258,29,34,14,7,0.75,0.8056,0.7083,0.7342,0.8119,28,50,4,4,0.907,0.875,0.9259,0.875,0.9005,27,50,4,5,0.8953,0.8438,0.9259,0.8571,0.8646,28,48,6,4,0.8837,0.875,0.8889,0.8485,0.9184,27,48,6,5,0.8721,0.8438,0.8889,0.8308,0.9259,28,50,4,4,0.907,0.875,0.9259,0.875,0.9034
260,23,53,7,16,0.7677,0.5897,0.8833,0.6667,0.7799,22,55,5,17,0.7778,0.5641,0.9167,0.6667,0.7919,22,52,8,17,0.7475,0.5641,0.8667,0.6377,0.75,23,55,5,16,0.7879,0.5897,0.9167,0.6866,0.7656,22,53,7,17,0.7576,0.5641,0.8833,0.6471,0.7791,9,76,6,11,0.8333,0.45,0.9268,0.5143,0.7634,11,78,4,9,0.8725,0.55,0.9512,0.6286,0.7817,8,76,6,12,0.8235,0.4,0.9268,0.4706,0.7646,8,80,2,12,0.8627,0.4,0.9756,0.5333,0.7921,8,76,6,12,0.8235,0.4,0.9268,0.4706,0.7835,21,40,6,17,0.7262,0.5526,0.8696,0.6462,0.7632,19,39,7,19,0.6905,0.5,0.8478,0.5937,0.8181,20,34,12,18,0.6429,0.5263,0.7391,0.5714,0.8021,21,37,9,17,0.6905,0.5526,0.8043,0.6176,0.8186,20,34,12,18,0.6429,0.5263,0.7391,0.5714,0.7906,16,64,2,4,0.9302,0.8,0.9697,0.8421,0.8644,14,60,6,6,0.8605,0.7,0.9091,0.7,0.8174,16,58,8,4,0.8605,0.8,0.8788,0.7273,0.8742,14,58,8,6,0.8372,0.7,0.8788,0.6667,0.8962,16,60,6,4,0.8837,0.8,0.9091,0.7619,0.8583
261,28,46,18,7,0.7475,0.8,0.7188,0.6914,0.7866,21,49,15,14,0.7071,0.6,0.7656,0.5915,0.792,27,48,16,8,0.7576,0.7714,0.75,0.6923,0.7442,28,49,15,7,0.7778,0.8,0.7656,0.7179,0.7734,27,47,17,8,0.7475,0.7714,0.7344,0.6835,0.8085,18,74,2,8,0.902,0.6923,0.9737,0.7826,0.8274,18,72,4,8,0.8824,0.6923,0.9474,0.75,0.8128,16,73,3,10,0.8725,0.6154,0.9605,0.7111,0.8062,16,72,4,10,0.8627,0.6154,0.9474,0.6957,0.8284,16,70,6,10,0.8431,0.6154,0.9211,0.6667,0.8173,22,43,9,10,0.7738,0.6875,0.8269,0.6984,0.8245,24,42,10,8,0.7857,0.75,0.8077,0.7273,0.8936,26,38,14,6,0.7619,0.8125,0.7308,0.7222,0.8365,25,45,7,7,0.8333,0.7812,0.8654,0.7812,0.8966,26,42,10,6,0.8095,0.8125,0.8077,0.7647,0.8918,22,60,1,3,0.9535,0.88,0.9836,0.9167,0.9003,21,58,3,4,0.9186,0.84,0.9508,0.8571,0.8662,22,58,3,3,0.9302,0.88,0.9508,0.88,0.9325,21,58,3,4,0.9186,0.84,0.9508,0.8571,0.9416,22,58,3,3,0.9302,0.88,0.9508,0.88,0.8957
262,26,45,9,19,0.7172,0.5778,0.8333,0.65,0.8362,24,48,6,21,0.7273,0.5333,0.8889,0.64,0.8379,25,42,12,20,0.6768,0.5556,0.7778,0.6098,0.8399,26,48,6,19,0.7475,0.5778,0.8889,0.6753,0.8331,25,47,7,20,0.7273,0.5556,0.8704,0.6494,0.8523,19,72,3,8,0.8922,0.7037,0.96,0.7755,0.8563,21,70,5,6,0.8922,0.7778,0.9333,0.7925,0.8533,19,70,5,8,0.8725,0.7037,0.9333,0.7451,0.8583,18,71,4,9,0.8725,0.6667,0.9467,0.7347,0.8677,19,68,7,8,0.8529,0.7037,0.9067,0.717,0.8593,28,43,4,9,0.8452,0.7568,0.9149,0.8116,0.8919,27,39,8,10,0.7857,0.7297,0.8298,0.75,0.916,29,39,8,8,0.8095,0.7838,0.8298,0.7838,0.8896,27,40,7,10,0.7976,0.7297,0.8511,0.7606,0.9258,29,39,8,8,0.8095,0.7838,0.8298,0.7838,0.9126,25,51,5,5,0.8837,0.8333,0.9107,0.8333,0.9232,25,51,5,5,0.8837,0.8333,0.9107,0.8333,0.9321,25,50,6,5,0.8721,0.8333,0.8929,0.8197,0.9095,25,50,6,5,0.8721,0.8333,0.8929,0.8197,0.919,25,51,5,5,0.8837,0.8333,0.9107,0.8333,0.9149
263,20,58,12,9,0.7879,0.6897,0.8286,0.6557,0.8547,17,61,9,12,0.7879,0.5862,0.8714,0.6182,0.8365,18,57,13,11,0.7576,0.6207,0.8143,0.6,0.8182,20,61,9,9,0.8182,0.6897,0.8714,0.6897,0.8345,18,60,10,11,0.7879,0.6207,0.8571,0.6316,0.8557,22,69,3,8,0.8922,0.7333,0.9583,0.8,0.8653,22,69,3,8,0.8922,0.7333,0.9583,0.8,0.8556,19,67,5,11,0.8431,0.6333,0.9306,0.7037,0.8185,19,70,2,11,0.8725,0.6333,0.9722,0.7451,0.8519,19,66,6,11,0.8333,0.6333,0.9167,0.6909,0.8412,17,53,4,10,0.8333,0.6296,0.9298,0.7083,0.8571,16,49,8,11,0.7738,0.5926,0.8596,0.6275,0.883,17,45,12,10,0.7381,0.6296,0.7895,0.6071,0.8512,17,51,6,10,0.8095,0.6296,0.8947,0.68,0.8863,17,49,8,10,0.7857,0.6296,0.8596,0.6538,0.8739,19,59,4,4,0.907,0.8261,0.9365,0.8261,0.9096,18,58,5,5,0.8837,0.7826,0.9206,0.7826,0.9034,19,57,6,4,0.8837,0.8261,0.9048,0.7917,0.8979,18,57,6,5,0.8721,0.7826,0.9048,0.766,0.9227,19,58,5,4,0.8953,0.8261,0.9206,0.8085,0.9089
264,29,45,15,10,0.7475,0.7436,0.75,0.6988,0.8244,26,52,8,13,0.7879,0.6667,0.8667,0.7123,0.8094,27,46,14,12,0.7374,0.6923,0.7667,0.675,0.7996,29,52,8,10,0.8182,0.7436,0.8667,0.7632,0.8214,27,49,11,12,0.7677,0.6923,0.8167,0.7013,0.8299,19,72,5,6,0.8922,0.76,0.9351,0.7755,0.8447,20,72,5,5,0.902,0.8,0.9351,0.8,0.8587,15,68,9,10,0.8137,0.6,0.8831,0.6122,0.8395,15,74,3,10,0.8725,0.6,0.961,0.6977,0.8431,15,68,9,10,0.8137,0.6,0.8831,0.6122,0.8587,18,53,3,10,0.8452,0.6429,0.9464,0.7347,0.8495,18,45,11,10,0.75,0.6429,0.8036,0.6316,0.9024,20,46,10,8,0.7857,0.7143,0.8214,0.6897,0.8795,19,48,8,9,0.7976,0.6786,0.8571,0.6909,0.889,20,49,7,8,0.8214,0.7143,0.875,0.7273,0.8827,22,59,2,3,0.9419,0.88,0.9672,0.898,0.9226,21,57,4,4,0.907,0.84,0.9344,0.84,0.8911,22,55,6,3,0.8953,0.88,0.9016,0.8302,0.9252,21,55,6,4,0.8837,0.84,0.9016,0.8077,0.9285,22,57,4,3,0.9186,0.88,0.9344,0.8627,0.9246
265,24,50,14,11,0.7475,0.6857,0.7812,0.6575,0.8214,21,54,10,14,0.7576,0.6,0.8438,0.6364,0.7946,23,51,13,12,0.7475,0.6571,0.7969,0.6479,0.7821,24,54,10,11,0.7879,0.6857,0.8438,0.6957,0.8047,23,52,12,12,0.7576,0.6571,0.8125,0.6571,0.854,19,69,8,6,0.8627,0.76,0.8961,0.7308,0.893,22,66,11,3,0.8627,0.88,0.8571,0.7586,0.8795,20,65,12,5,0.8333,0.8,0.8442,0.7018,0.8758,17,67,10,8,0.8235,0.68,0.8701,0.6538,0.8888,20,61,16,5,0.7941,0.8,0.7922,0.6557,0.8738,26,38,5,15,0.7619,0.6341,0.8837,0.7222,0.8327,23,34,9,18,0.6786,0.561,0.7907,0.6301,0.7992,23,33,10,18,0.6667,0.561,0.7674,0.6216,0.7986,25,36,7,16,0.7262,0.6098,0.8372,0.6849,0.81,23,35,8,18,0.6905,0.561,0.814,0.6389,0.814,22,54,7,3,0.8837,0.88,0.8852,0.8148,0.9016,20,53,8,5,0.8488,0.8,0.8689,0.7547,0.8911,22,52,9,3,0.8605,0.88,0.8525,0.7857,0.8885,20,52,9,5,0.8372,0.8,0.8525,0.7407,0.897,22,53,8,3,0.8721,0.88,0.8689,0.8,0.8925
266,30,51,8,10,0.8182,0.75,0.8644,0.7692,0.8992,27,52,7,13,0.798,0.675,0.8814,0.7297,0.8801,27,51,8,13,0.7879,0.675,0.8644,0.72,0.8729,30,52,7,10,0.8283,0.75,0.8814,0.7792,0.8869,27,51,8,13,0.7879,0.675,0.8644,0.72,0.903,16,75,4,7,0.8922,0.6957,0.9494,0.7442,0.9351,20,73,6,3,0.9118,0.8696,0.9241,0.8163,0.9097,16,71,8,7,0.8529,0.6957,0.8987,0.6809,0.8833,15,74,5,8,0.8725,0.6522,0.9367,0.6977,0.9196,16,69,10,7,0.8333,0.6957,0.8734,0.6531,0.8949,25,38,9,12,0.75,0.6757,0.8085,0.7042,0.8108,23,36,11,14,0.7024,0.6216,0.766,0.6479,0.8597,26,34,13,11,0.7143,0.7027,0.7234,0.6842,0.8459,24,38,9,13,0.7381,0.6486,0.8085,0.6857,0.8677,26,35,12,11,0.7262,0.7027,0.7447,0.6933,0.8505,22,57,2,5,0.9186,0.8148,0.9661,0.8627,0.9284,21,57,2,6,0.907,0.7778,0.9661,0.84,0.9184,22,56,3,5,0.907,0.8148,0.9492,0.8462,0.9052,21,56,3,6,0.8953,0.7778,0.9492,0.8235,0.9385,22,57,2,5,0.9186,0.8148,0.9661,0.8627,0.9297
267,28,51,11,9,0.798,0.7568,0.8226,0.7368,0.8527,27,55,7,10,0.8283,0.7297,0.8871,0.7606,0.8636,26,52,10,11,0.7879,0.7027,0.8387,0.7123,0.8374,28,55,7,9,0.8384,0.7568,0.8871,0.7778,0.8524,26,54,8,11,0.8081,0.7027,0.871,0.7324,0.8675,20,71,6,5,0.8922,0.8,0.9221,0.7843,0.907,20,75,2,5,0.9314,0.8,0.974,0.8511,0.9356,18,72,5,7,0.8824,0.72,0.9351,0.75,0.8987,18,75,2,7,0.9118,0.72,0.974,0.8,0.9101,18,72,5,7,0.8824,0.72,0.9351,0.75,0.9091,19,51,5,9,0.8333,0.6786,0.9107,0.7308,0.8208,18,40,16,10,0.6905,0.6429,0.7143,0.5806,0.8246,19,36,20,9,0.6548,0.6786,0.6429,0.5672,0.8061,18,43,13,10,0.7262,0.6429,0.7679,0.6102,0.8227,19,41,15,9,0.7143,0.6786,0.7321,0.6129,0.8202,19,59,3,5,0.907,0.7917,0.9516,0.8261,0.8918,19,58,4,5,0.8953,0.7917,0.9355,0.8085,0.873,19,57,5,5,0.8837,0.7917,0.9194,0.7917,0.8757,19,57,5,5,0.8837,0.7917,0.9194,0.7917,0.9173,19,58,4,5,0.8953,0.7917,0.9355,0.8085,0.8978
268,21,58,10,10,0.798,0.6774,0.8529,0.6774,0.8197,20,63,5,11,0.8384,0.6452,0.9265,0.7143,0.842,19,60,8,12,0.798,0.6129,0.8824,0.6552,0.8378,21,63,5,10,0.8485,0.6774,0.9265,0.7368,0.8012,19,61,7,12,0.8081,0.6129,0.8971,0.6667,0.8397,22,63,2,15,0.8333,0.5946,0.9692,0.7213,0.8786,31,62,3,6,0.9118,0.8378,0.9538,0.8732,0.921,24,62,3,13,0.8431,0.6486,0.9538,0.75,0.884,18,64,1,19,0.8039,0.4865,0.9846,0.6429,0.9077,24,60,5,13,0.8235,0.6486,0.9231,0.7273,0.9044,18,44,7,15,0.7381,0.5455,0.8627,0.6207,0.7665,20,38,13,13,0.6905,0.6061,0.7451,0.6061,0.7766,22,35,16,11,0.6786,0.6667,0.6863,0.6197,0.7855,22,40,11,11,0.7381,0.6667,0.7843,0.6667,0.8057,22,36,15,11,0.6905,0.6667,0.7059,0.6286,0.7784,29,50,6,1,0.9186,0.9667,0.8929,0.8923,0.925,27,48,8,3,0.8721,0.9,0.8571,0.8308,0.9381,29,47,9,1,0.8837,0.9667,0.8393,0.8529,0.9262,27,47,9,3,0.8605,0.9,0.8393,0.8182,0.9429,29,48,8,1,0.8953,0.9667,0.8571,0.8657,0.9167
269,20,54,17,8,0.7475,0.7143,0.7606,0.6154,0.8129,17,58,13,11,0.7576,0.6071,0.8169,0.5862,0.8013,18,54,17,10,0.7273,0.6429,0.7606,0.5714,0.7671,20,58,13,8,0.7879,0.7143,0.8169,0.6557,0.7953,18,53,18,10,0.7172,0.6429,0.7465,0.5625,0.8159,15,70,7,10,0.8333,0.6,0.9091,0.6383,0.76,17,69,8,8,0.8431,0.68,0.8961,0.68,0.746,17,70,7,8,0.8529,0.68,0.9091,0.6939,0.7725,15,70,7,10,0.8333,0.6,0.9091,0.6383,0.7574,17,68,9,8,0.8333,0.68,0.8831,0.6667,0.7683,21,45,9,9,0.7857,0.7,0.8333,0.7,0.7907,20,38,16,10,0.6905,0.6667,0.7037,0.6061,0.7691,20,31,23,10,0.6071,0.6667,0.5741,0.5479,0.7784,23,43,11,7,0.7857,0.7667,0.7963,0.7188,0.8111,20,38,16,10,0.6905,0.6667,0.7037,0.6061,0.8222,21,57,4,4,0.907,0.84,0.9344,0.84,0.9134,18,57,4,7,0.8721,0.72,0.9344,0.766,0.8754,21,57,4,4,0.907,0.84,0.9344,0.84,0.9187,18,57,4,7,0.8721,0.72,0.9344,0.766,0.9357,21,57,4,4,0.907,0.84,0.9344,0.84,0.9062
270,23,50,9,17,0.7374,0.575,0.8475,0.6389,0.7636,19,52,7,21,0.7172,0.475,0.8814,0.5758,0.8203,20,50,9,20,0.7071,0.5,0.8475,0.5797,0.7818,23,52,7,17,0.7576,0.575,0.8814,0.6571,0.7653,20,52,7,20,0.7273,0.5,0.8814,0.597,0.8318,14,76,3,9,0.8824,0.6087,0.962,0.7,0.76,14,74,5,9,0.8627,0.6087,0.9367,0.6667,0.8024,12,75,4,11,0.8529,0.5217,0.9494,0.6154,0.7551,12,74,5,11,0.8431,0.5217,0.9367,0.6,0.7837,12,70,9,11,0.8039,0.5217,0.8861,0.5455,0.7975,20,44,8,12,0.7619,0.625,0.8462,0.6667,0.8257,21,35,17,11,0.6667,0.6562,0.6731,0.6,0.8281,21,35,17,11,0.6667,0.6562,0.6731,0.6,0.8347,23,39,13,9,0.7381,0.7188,0.75,0.6765,0.8365,21,40,12,11,0.7262,0.6562,0.7692,0.6462,0.8504,21,57,4,4,0.907,0.84,0.9344,0.84,0.9023,19,57,4,6,0.8837,0.76,0.9344,0.7917,0.8708,21,56,5,4,0.8953,0.84,0.918,0.8235,0.901,19,56,5,6,0.8721,0.76,0.918,0.7755,0.9115,21,57,4,4,0.907,0.84,0.9344,0.84,0.8997
271,20,54,10,15,0.7475,0.5714,0.8438,0.6154,0.7723,18,57,7,17,0.7576,0.5143,0.8906,0.6,0.767,20,52,12,15,0.7273,0.5714,0.8125,0.597,0.7585,20,57,7,15,0.7778,0.5714,0.8906,0.6452,0.7556,20,55,9,15,0.7576,0.5714,0.8594,0.625,0.7884,15,72,4,11,0.8529,0.5769,0.9474,0.6667,0.8502,19,75,1,7,0.9216,0.7308,0.9868,0.8261,0.9018,18,74,2,8,0.902,0.6923,0.9737,0.7826,0.875,14,75,1,12,0.8725,0.5385,0.9868,0.6829,0.8917,18,74,2,8,0.902,0.6923,0.9737,0.7826,0.8927,22,50,5,7,0.8571,0.7586,0.9091,0.7857,0.9154,20,43,12,9,0.75,0.6897,0.7818,0.6557,0.8777,20,42,13,9,0.7381,0.6897,0.7636,0.6452,0.8633,24,46,9,5,0.8333,0.8276,0.8364,0.7742,0.9072,20,43,12,9,0.75,0.6897,0.7818,0.6557,0.8796,21,54,5,6,0.8721,0.7778,0.9153,0.7925,0.8525,18,53,6,9,0.8256,0.6667,0.8983,0.7059,0.8154,21,53,6,6,0.8605,0.7778,0.8983,0.7778,0.8644,18,53,6,9,0.8256,0.6667,0.8983,0.7059,0.877,21,53,6,6,0.8605,0.7778,0.8983,0.7778,0.8481
272,25,53,13,8,0.7879,0.7576,0.803,0.7042,0.843,22,59,7,11,0.8182,0.6667,0.8939,0.7097,0.8664,25,55,11,8,0.8081,0.7576,0.8333,0.7246,0.8494,25,59,7,8,0.8485,0.7576,0.8939,0.7692,0.8278,25,58,8,8,0.8384,0.7576,0.8788,0.7576,0.8646,18,70,5,9,0.8627,0.6667,0.9333,0.72,0.724,19,71,4,8,0.8824,0.7037,0.9467,0.76,0.7674,13,71,4,14,0.8235,0.4815,0.9467,0.5909,0.7131,13,74,1,14,0.8529,0.4815,0.9867,0.6341,0.7481,13,69,6,14,0.8039,0.4815,0.92,0.5652,0.7679,14,53,4,13,0.7976,0.5185,0.9298,0.6222,0.7297,14,49,8,13,0.75,0.5185,0.8596,0.5714,0.7524,17,42,15,10,0.7024,0.6296,0.7368,0.5763,0.7576,15,48,9,12,0.75,0.5556,0.8421,0.5882,0.7511,17,42,15,10,0.7024,0.6296,0.7368,0.5763,0.7927,24,55,6,1,0.9186,0.96,0.9016,0.8727,0.9298,22,55,6,3,0.8953,0.88,0.9016,0.8302,0.9246,24,52,9,1,0.8837,0.96,0.8525,0.8276,0.9239,22,52,9,3,0.8605,0.88,0.8525,0.7857,0.9305,24,55,6,1,0.9186,0.96,0.9016,0.8727,0.9003
273,26,50,13,10,0.7677,0.7222,0.7937,0.6933,0.8011,24,53,10,12,0.7778,0.6667,0.8413,0.6857,0.851,23,51,12,13,0.7475,0.6389,0.8095,0.6479,0.81,26,53,10,10,0.798,0.7222,0.8413,0.7222,0.8009,23,50,13,13,0.7374,0.6389,0.7937,0.6389,0.858,18,74,7,3,0.902,0.8571,0.9136,0.7826,0.9001,18,74,7,3,0.902,0.8571,0.9136,0.7826,0.8977,14,72,9,7,0.8431,0.6667,0.8889,0.6364,0.8707,14,75,6,7,0.8725,0.6667,0.9259,0.6829,0.9024,14,70,11,7,0.8235,0.6667,0.8642,0.6087,0.8818,20,56,6,2,0.9048,0.9091,0.9032,0.8333,0.9377,20,49,13,2,0.8214,0.9091,0.7903,0.7273,0.9633,21,43,19,1,0.7619,0.9545,0.6935,0.6774,0.9267,20,49,13,2,0.8214,0.9091,0.7903,0.7273,0.9509,21,45,17,1,0.7857,0.9545,0.7258,0.7,0.9384,23,56,2,5,0.9186,0.8214,0.9655,0.8679,0.9255,23,56,2,5,0.9186,0.8214,0.9655,0.8679,0.9243,23,55,3,5,0.907,0.8214,0.9483,0.8519,0.8984,23,55,3,5,0.907,0.8214,0.9483,0.8519,0.9329,23,56,2,5,0.9186,0.8214,0.9655,0.8679,0.9329
274,26,50,18,5,0.7677,0.8387,0.7353,0.6933,0.8937,25,58,10,6,0.8384,0.8065,0.8529,0.7576,0.8719,24,52,16,7,0.7677,0.7742,0.7647,0.6761,0.851,26,58,10,5,0.8485,0.8387,0.8529,0.7761,0.8852,24,55,13,7,0.798,0.7742,0.8088,0.7059,0.8824,19,71,4,8,0.8824,0.7037,0.9467,0.76,0.9551,25,73,2,2,0.9608,0.9259,0.9733,0.9259,0.9615,22,70,5,5,0.902,0.8148,0.9333,0.8148,0.9412,18,74,1,9,0.902,0.6667,0.9867,0.7826,0.9595,22,69,6,5,0.8922,0.8148,0.92,0.8,0.9353,22,46,2,14,0.8095,0.6111,0.9583,0.7333,0.7569,23,38,10,13,0.7262,0.6389,0.7917,0.6667,0.8166,23,33,15,13,0.6667,0.6389,0.6875,0.6216,0.7714,23,41,7,13,0.7619,0.6389,0.8542,0.697,0.8073,23,40,8,13,0.75,0.6389,0.8333,0.6866,0.7986,17,65,1,3,0.9535,0.85,0.9848,0.8947,0.9182,17,63,3,3,0.9302,0.85,0.9545,0.85,0.8795,17,60,6,3,0.8953,0.85,0.9091,0.7907,0.9318,17,60,6,3,0.8953,0.85,0.9091,0.7907,0.9439,17,63,3,3,0.9302,0.85,0.9545,0.85,0.9106
275,26,53,9,11,0.798,0.7027,0.8548,0.7222,0.8727,25,56,6,12,0.8182,0.6757,0.9032,0.7353,0.8483,26,54,8,11,0.8081,0.7027,0.871,0.7324,0.8357,26,56,6,11,0.8283,0.7027,0.9032,0.7536,0.8431,26,53,9,11,0.798,0.7027,0.8548,0.7222,0.8653,18,69,8,7,0.8529,0.72,0.8961,0.7059,0.8821,20,66,11,5,0.8431,0.8,0.8571,0.7143,0.8655,19,67,10,6,0.8431,0.76,0.8701,0.7037,0.8769,17,70,7,8,0.8529,0.68,0.9091,0.6939,0.8623,19,65,12,6,0.8235,0.76,0.8442,0.6786,0.881,19,49,5,11,0.8095,0.6333,0.9074,0.7037,0.7994,18,38,16,12,0.6667,0.6,0.7037,0.5625,0.7833,18,41,13,12,0.7024,0.6,0.7593,0.5902,0.7741,20,43,11,10,0.75,0.6667,0.7963,0.6557,0.7901,18,42,12,12,0.7143,0.6,0.7778,0.6,0.7735,15,65,1,5,0.9302,0.75,0.9848,0.8333,0.9417,13,64,2,7,0.8953,0.65,0.9697,0.7429,0.9212,15,64,2,5,0.9186,0.75,0.9697,0.8108,0.9015,13,64,2,7,0.8953,0.65,0.9697,0.7429,0.9508,15,64,2,5,0.9186,0.75,0.9697,0.8108,0.9432
276,32,44,16,7,0.7677,0.8205,0.7333,0.7356,0.8812,29,52,8,10,0.8182,0.7436,0.8667,0.7632,0.8949,29,45,15,10,0.7475,0.7436,0.75,0.6988,0.8603,32,52,8,7,0.8485,0.8205,0.8667,0.8101,0.8795,29,48,12,10,0.7778,0.7436,0.8,0.725,0.8889,23,68,4,7,0.8922,0.7667,0.9444,0.807,0.8676,25,68,4,5,0.9118,0.8333,0.9444,0.8475,0.8931,20,70,2,10,0.8824,0.6667,0.9722,0.7692,0.8509,20,69,3,10,0.8725,0.6667,0.9583,0.7547,0.8782,20,67,5,10,0.8529,0.6667,0.9306,0.7273,0.8722,21,46,8,9,0.7976,0.7,0.8519,0.7119,0.8093,20,39,15,10,0.7024,0.6667,0.7222,0.6154,0.8154,21,35,19,9,0.6667,0.7,0.6481,0.6,0.8037,20,41,13,10,0.7262,0.6667,0.7593,0.6349,0.8173,21,40,14,9,0.7262,0.7,0.7407,0.6462,0.8167,20,62,4,0,0.9535,1.0,0.9394,0.9091,0.9629,20,60,6,0,0.9302,1.0,0.9091,0.8696,0.9659,20,57,9,0,0.8953,1.0,0.8636,0.8163,0.9659,20,57,9,0,0.8953,1.0,0.8636,0.8163,0.9591,20,60,6,0,0.9302,1.0,0.9091,0.8696,0.9553
277,25,49,15,10,0.7475,0.7143,0.7656,0.6667,0.8286,22,55,9,13,0.7778,0.6286,0.8594,0.6667,0.8598,24,51,13,11,0.7576,0.6857,0.7969,0.6667,0.8156,25,55,9,10,0.8081,0.7143,0.8594,0.7246,0.8312,24,55,9,11,0.798,0.6857,0.8594,0.7059,0.8625,20,66,4,12,0.8431,0.625,0.9429,0.7143,0.8335,23,67,3,9,0.8824,0.7188,0.9571,0.7931,0.8451,16,65,5,16,0.7941,0.5,0.9286,0.6038,0.8317,14,67,3,18,0.7941,0.4375,0.9571,0.5714,0.8482,16,65,5,16,0.7941,0.5,0.9286,0.6038,0.8326,18,48,10,8,0.7857,0.6923,0.8276,0.6667,0.8256,21,44,14,5,0.7738,0.8077,0.7586,0.6885,0.8853,21,40,18,5,0.7262,0.8077,0.6897,0.6462,0.8521,21,48,10,5,0.8214,0.8077,0.8276,0.7368,0.8966,21,43,15,5,0.7619,0.8077,0.7414,0.6774,0.8727,24,57,1,4,0.9419,0.8571,0.9828,0.9057,0.931,24,57,1,4,0.9419,0.8571,0.9828,0.9057,0.92,24,53,5,4,0.8953,0.8571,0.9138,0.8421,0.9206,24,53,5,4,0.8953,0.8571,0.9138,0.8421,0.9507,24,57,1,4,0.9419,0.8571,0.9828,0.9057,0.9378
278,24,57,13,5,0.8182,0.8276,0.8143,0.7273,0.8532,20,58,12,9,0.7879,0.6897,0.8286,0.6557,0.8621,22,56,14,7,0.7879,0.7586,0.8,0.6769,0.8207,24,58,12,5,0.8283,0.8276,0.8286,0.7385,0.8367,22,57,13,7,0.798,0.7586,0.8143,0.6875,0.8581,19,71,3,9,0.8824,0.6786,0.9595,0.76,0.862,22,70,4,6,0.902,0.7857,0.9459,0.8148,0.8644,20,67,7,8,0.8529,0.7143,0.9054,0.7273,0.8287,17,71,3,11,0.8627,0.6071,0.9595,0.7083,0.8552,20,65,9,8,0.8333,0.7143,0.8784,0.7018,0.8263,19,49,5,11,0.8095,0.6333,0.9074,0.7037,0.834,20,42,12,10,0.7381,0.6667,0.7778,0.6452,0.7765,21,40,14,9,0.7262,0.7,0.7407,0.6462,0.792,22,44,10,8,0.7857,0.7333,0.8148,0.7097,0.7957,21,43,11,9,0.7619,0.7,0.7963,0.6774,0.8093,23,59,4,0,0.9535,1.0,0.9365,0.92,0.9669,21,59,4,2,0.9302,0.913,0.9365,0.875,0.9724,23,59,4,0,0.9535,1.0,0.9365,0.92,0.9689,21,59,4,2,0.9302,0.913,0.9365,0.875,0.971,23,59,4,0,0.9535,1.0,0.9365,0.92,0.96
279,20,56,12,11,0.7677,0.6452,0.8235,0.6349,0.7676,19,59,9,12,0.7879,0.6129,0.8676,0.6441,0.8074,20,57,11,11,0.7778,0.6452,0.8382,0.6452,0.7595,20,59,9,11,0.798,0.6452,0.8676,0.6667,0.7332,20,56,12,11,0.7677,0.6452,0.8235,0.6349,0.8107,10,82,6,4,0.902,0.7143,0.9318,0.6667,0.8839,12,83,5,2,0.9314,0.8571,0.9432,0.7742,0.8977,9,79,9,5,0.8627,0.6429,0.8977,0.5625,0.858,9,85,3,5,0.9216,0.6429,0.9659,0.6923,0.8912,9,78,10,5,0.8529,0.6429,0.8864,0.5455,0.8515,19,51,4,10,0.8333,0.6552,0.9273,0.7308,0.8846,19,47,8,10,0.7857,0.6552,0.8545,0.6786,0.8884,21,44,11,8,0.7738,0.7241,0.8,0.6885,0.9085,21,49,6,8,0.8333,0.7241,0.8909,0.75,0.9028,21,46,9,8,0.7976,0.7241,0.8364,0.7119,0.8928,21,60,4,1,0.9419,0.9545,0.9375,0.8936,0.9446,19,60,4,3,0.9186,0.8636,0.9375,0.8444,0.919,21,60,4,1,0.9419,0.9545,0.9375,0.8936,0.9524,19,60,4,3,0.9186,0.8636,0.9375,0.8444,0.9553,21,60,4,1,0.9419,0.9545,0.9375,0.8936,0.9325
280,28,46,12,13,0.7475,0.6829,0.7931,0.6914,0.823,24,51,7,17,0.7576,0.5854,0.8793,0.6667,0.8394,26,47,11,15,0.7374,0.6341,0.8103,0.6667,0.8179,28,51,7,13,0.798,0.6829,0.8793,0.7368,0.8209,26,48,10,15,0.7475,0.6341,0.8276,0.6753,0.844,23,72,6,1,0.9314,0.9583,0.9231,0.8679,0.9669,23,71,7,1,0.9216,0.9583,0.9103,0.8519,0.9754,20,72,6,4,0.902,0.8333,0.9231,0.8,0.9631,20,72,6,4,0.902,0.8333,0.9231,0.8,0.9733,20,71,7,4,0.8922,0.8333,0.9103,0.7843,0.9738,18,53,5,8,0.8452,0.6923,0.9138,0.7347,0.8614,20,48,10,6,0.8095,0.7692,0.8276,0.7143,0.8972,20,44,14,6,0.7619,0.7692,0.7586,0.6667,0.8601,20,48,10,6,0.8095,0.7692,0.8276,0.7143,0.8866,20,47,11,6,0.7976,0.7692,0.8103,0.7018,0.8521,21,58,3,4,0.9186,0.84,0.9508,0.8571,0.9403,21,57,4,4,0.907,0.84,0.9344,0.84,0.9266,21,56,5,4,0.8953,0.84,0.918,0.8235,0.9134,21,56,5,4,0.8953,0.84,0.918,0.8235,0.9436,21,57,4,4,0.907,0.84,0.9344,0.84,0.9344
281,27,47,12,13,0.7475,0.675,0.7966,0.6835,0.8081,27,49,10,13,0.7677,0.675,0.8305,0.7013,0.8242,25,47,12,15,0.7273,0.625,0.7966,0.6494,0.7983,27,49,10,13,0.7677,0.675,0.8305,0.7013,0.803,25,49,10,15,0.7475,0.625,0.8305,0.6667,0.8398,13,78,2,9,0.8922,0.5909,0.975,0.7027,0.7733,14,77,3,8,0.8922,0.6364,0.9625,0.7179,0.7722,12,75,5,10,0.8529,0.5455,0.9375,0.6154,0.7574,12,77,3,10,0.8725,0.5455,0.9625,0.6486,0.7733,12,74,6,10,0.8431,0.5455,0.925,0.6,0.7545,16,51,6,11,0.7976,0.5926,0.8947,0.6531,0.7934,16,43,14,11,0.7024,0.5926,0.7544,0.5614,0.8161,17,37,20,10,0.6429,0.6296,0.6491,0.5312,0.7719,17,42,15,10,0.7024,0.6296,0.7368,0.5763,0.8174,17,39,18,10,0.6667,0.6296,0.6842,0.5484,0.8103,20,60,2,4,0.9302,0.8333,0.9677,0.8696,0.9469,19,59,3,5,0.907,0.7917,0.9516,0.8261,0.9523,20,59,3,4,0.9186,0.8333,0.9516,0.8511,0.9052,19,59,3,5,0.907,0.7917,0.9516,0.8261,0.9469,20,59,3,4,0.9186,0.8333,0.9516,0.8511,0.9456
282,36,42,12,9,0.7879,0.8,0.7778,0.7742,0.8811,30,46,8,15,0.7677,0.6667,0.8519,0.7229,0.8819,33,43,11,12,0.7677,0.7333,0.7963,0.7416,0.8531,36,46,8,9,0.8283,0.8,0.8519,0.809,0.8646,33,45,9,12,0.7879,0.7333,0.8333,0.7586,0.9144,20,70,3,9,0.8824,0.6897,0.9589,0.7692,0.8682,22,71,2,7,0.9118,0.7586,0.9726,0.8302,0.8758,20,72,1,9,0.902,0.6897,0.9863,0.8,0.8484,19,71,2,10,0.8824,0.6552,0.9726,0.76,0.8777,20,70,3,9,0.8824,0.6897,0.9589,0.7692,0.8474,22,48,7,7,0.8333,0.7586,0.8727,0.7586,0.8696,23,41,14,6,0.7619,0.7931,0.7455,0.697,0.8552,23,39,16,6,0.7381,0.7931,0.7091,0.6765,0.8552,23,46,9,6,0.8214,0.7931,0.8364,0.7541,0.8765,23,46,9,6,0.8214,0.7931,0.8364,0.7541,0.8815,21,56,5,4,0.8953,0.84,0.918,0.8235,0.9246,21,56,5,4,0.8953,0.84,0.918,0.8235,0.8905,21,56,5,4,0.8953,0.84,0.918,0.8235,0.9115,21,56,5,4,0.8953,0.84,0.918,0.8235,0.9174,21,56,5,4,0.8953,0.84,0.918,0.8235,0.8984
283,24,58,10,7,0.8283,0.7742,0.8529,0.7385,0.8501,22,58,10,9,0.8081,0.7097,0.8529,0.6984,0.8582,23,58,10,8,0.8182,0.7419,0.8529,0.7188,0.8273,24,58,10,7,0.8283,0.7742,0.8529,0.7385,0.8463,23,56,12,8,0.798,0.7419,0.8235,0.697,0.8553,17,66,6,13,0.8137,0.5667,0.9167,0.6415,0.806,22,68,4,8,0.8824,0.7333,0.9444,0.7857,0.8241,17,67,5,13,0.8235,0.5667,0.9306,0.6538,0.8,13,70,2,17,0.8137,0.4333,0.9722,0.5778,0.8042,17,66,6,13,0.8137,0.5667,0.9167,0.6415,0.8245,26,38,4,16,0.7619,0.619,0.9048,0.7222,0.8214,29,32,10,13,0.7262,0.6905,0.7619,0.716,0.8441,30,29,13,12,0.7024,0.7143,0.6905,0.7059,0.8005,31,36,6,11,0.7976,0.7381,0.8571,0.7848,0.8679,30,32,10,12,0.7381,0.7143,0.7619,0.7317,0.8345,29,49,5,3,0.907,0.9062,0.9074,0.8788,0.9138,27,47,7,5,0.8605,0.8438,0.8704,0.8182,0.8935,29,47,7,3,0.8837,0.9062,0.8704,0.8529,0.8981,27,47,7,5,0.8605,0.8438,0.8704,0.8182,0.9167,29,47,7,3,0.8837,0.9062,0.8704,0.8529,0.8872
284,28,54,14,3,0.8283,0.9032,0.7941,0.7671,0.9217,23,61,7,8,0.8485,0.7419,0.8971,0.7541,0.9326,27,54,14,4,0.8182,0.871,0.7941,0.75,0.8928,28,61,7,3,0.899,0.9032,0.8971,0.8485,0.9213,27,56,12,4,0.8384,0.871,0.8235,0.7714,0.9459,15,75,3,9,0.8824,0.625,0.9615,0.7143,0.7628,16,75,3,8,0.8922,0.6667,0.9615,0.7442,0.7943,14,75,3,10,0.8725,0.5833,0.9615,0.6829,0.7607,14,76,2,10,0.8824,0.5833,0.9744,0.7,0.766,14,72,6,10,0.8431,0.5833,0.9231,0.6364,0.7724,23,49,4,8,0.8571,0.7419,0.9245,0.7931,0.8862,22,46,7,9,0.8095,0.7097,0.8679,0.7333,0.9172,25,44,9,6,0.8214,0.8065,0.8302,0.7692,0.9051,22,49,4,9,0.8452,0.7097,0.9245,0.7719,0.9136,25,48,5,6,0.869,0.8065,0.9057,0.8197,0.9197,26,56,4,0,0.9535,1.0,0.9333,0.9286,0.959,26,55,5,0,0.9419,1.0,0.9167,0.9123,0.9756,26,53,7,0,0.9186,1.0,0.8833,0.8814,0.9647,26,53,7,0,0.9186,1.0,0.8833,0.8814,0.9712,26,55,5,0,0.9419,1.0,0.9167,0.9123,0.9551
285,28,47,14,10,0.7576,0.7368,0.7705,0.7,0.7951,26,52,9,12,0.7879,0.6842,0.8525,0.7123,0.8356,27,48,13,11,0.7576,0.7105,0.7869,0.6923,0.7804,28,52,9,10,0.8081,0.7368,0.8525,0.7467,0.7865,27,51,10,11,0.7879,0.7105,0.8361,0.72,0.8361,19,72,6,5,0.8922,0.7917,0.9231,0.7755,0.9615,21,72,6,3,0.9118,0.875,0.9231,0.8235,0.9551,17,70,8,7,0.8529,0.7083,0.8974,0.6939,0.9108,17,73,5,7,0.8824,0.7083,0.9359,0.7391,0.9535,17,67,11,7,0.8235,0.7083,0.859,0.6538,0.9284,17,49,7,11,0.7857,0.6071,0.875,0.6538,0.8023,17,45,11,11,0.7381,0.6071,0.8036,0.6071,0.8718,18,43,13,10,0.7262,0.6429,0.7679,0.6102,0.8272,19,47,9,9,0.7857,0.6786,0.8393,0.6786,0.845,18,45,11,10,0.75,0.6429,0.8036,0.6316,0.845,17,62,5,2,0.9186,0.8947,0.9254,0.8293,0.883,15,59,8,4,0.8605,0.7895,0.8806,0.7143,0.8594,17,56,11,2,0.8488,0.8947,0.8358,0.7234,0.8963,15,56,11,4,0.8256,0.7895,0.8358,0.6667,0.9128,17,59,8,2,0.8837,0.8947,0.8806,0.7727,0.8704
286,19,59,10,11,0.7879,0.6333,0.8551,0.6441,0.8261,17,64,5,13,0.8182,0.5667,0.9275,0.6538,0.8242,19,63,6,11,0.8283,0.6333,0.913,0.6909,0.8271,19,64,5,11,0.8384,0.6333,0.9275,0.7037,0.8145,19,63,6,11,0.8283,0.6333,0.913,0.6909,0.8377,23,71,2,6,0.9216,0.7931,0.9726,0.8519,0.9164,25,69,4,4,0.9216,0.8621,0.9452,0.8621,0.9112,17,68,5,12,0.8333,0.5862,0.9315,0.6667,0.8644,16,69,4,13,0.8333,0.5517,0.9452,0.6531,0.8876,17,67,6,12,0.8235,0.5862,0.9178,0.6538,0.8961,22,44,6,12,0.7857,0.6471,0.88,0.7097,0.8529,22,40,10,12,0.7381,0.6471,0.8,0.6667,0.87,24,39,11,10,0.75,0.7059,0.78,0.6957,0.8694,24,45,5,10,0.8214,0.7059,0.9,0.7619,0.8888,24,41,9,10,0.7738,0.7059,0.82,0.7164,0.8824,29,53,0,4,0.9535,0.8788,1.0,0.9355,0.9485,27,52,1,6,0.9186,0.8182,0.9811,0.8852,0.9211,29,51,2,4,0.9302,0.8788,0.9623,0.9062,0.944,27,51,2,6,0.907,0.8182,0.9623,0.871,0.9583,29,52,1,4,0.9419,0.8788,0.9811,0.9206,0.9491
287,23,53,11,12,0.7677,0.6571,0.8281,0.6667,0.8049,19,57,7,16,0.7677,0.5429,0.8906,0.623,0.8277,20,50,14,15,0.7071,0.5714,0.7812,0.5797,0.7835,23,57,7,12,0.8081,0.6571,0.8906,0.7077,0.8038,20,56,8,15,0.7677,0.5714,0.875,0.6349,0.8232,17,76,3,6,0.9118,0.7391,0.962,0.7907,0.8817,18,74,5,5,0.902,0.7826,0.9367,0.7826,0.8536,15,73,6,8,0.8627,0.6522,0.9241,0.6818,0.8349,15,74,5,8,0.8725,0.6522,0.9367,0.6977,0.8498,15,69,10,8,0.8235,0.6522,0.8734,0.625,0.8564,18,48,8,10,0.7857,0.6429,0.8571,0.6667,0.8272,17,42,14,11,0.7024,0.6071,0.75,0.5763,0.838,19,36,20,9,0.6548,0.6786,0.6429,0.5672,0.8189,19,41,15,9,0.7143,0.6786,0.7321,0.6129,0.8482,19,38,18,9,0.6786,0.6786,0.6786,0.5846,0.8291,20,55,6,5,0.8721,0.8,0.9016,0.7843,0.8833,18,54,7,7,0.8372,0.72,0.8852,0.72,0.8636,20,53,8,5,0.8488,0.8,0.8689,0.7547,0.8643,18,53,8,7,0.8256,0.72,0.8689,0.7059,0.8984,20,54,7,5,0.8605,0.8,0.8852,0.7692,0.8702
288,20,57,14,8,0.7778,0.7143,0.8028,0.6452,0.7882,12,62,9,16,0.7475,0.4286,0.8732,0.4898,0.8249,17,57,14,11,0.7475,0.6071,0.8028,0.5763,0.7822,20,62,9,8,0.8283,0.7143,0.8732,0.7018,0.7656,17,60,11,11,0.7778,0.6071,0.8451,0.6071,0.826,13,77,4,8,0.8824,0.619,0.9506,0.6842,0.8007,14,77,4,7,0.8922,0.6667,0.9506,0.7179,0.8119,13,76,5,8,0.8725,0.619,0.9383,0.6667,0.7772,12,77,4,9,0.8725,0.5714,0.9506,0.6486,0.8072,13,73,8,8,0.8431,0.619,0.9012,0.619,0.7784,15,52,10,7,0.7976,0.6818,0.8387,0.6383,0.8438,16,52,10,6,0.8095,0.7273,0.8387,0.6667,0.8666,17,48,14,5,0.7738,0.7727,0.7742,0.6415,0.8365,16,53,9,6,0.8214,0.7273,0.8548,0.6809,0.857,17,52,10,5,0.8214,0.7727,0.8387,0.6939,0.8937,20,58,6,2,0.907,0.9091,0.9062,0.8333,0.9119,20,58,6,2,0.907,0.9091,0.9062,0.8333,0.907,20,58,6,2,0.907,0.9091,0.9062,0.8333,0.9226,20,58,6,2,0.907,0.9091,0.9062,0.8333,0.9354,20,58,6,2,0.907,0.9091,0.9062,0.8333,0.9183
289,26,53,13,7,0.798,0.7879,0.803,0.7222,0.8843,24,55,11,9,0.798,0.7273,0.8333,0.7059,0.8792,23,52,14,10,0.7576,0.697,0.7879,0.6571,0.8512,26,55,11,7,0.8182,0.7879,0.8333,0.7429,0.8584,23,52,14,10,0.7576,0.697,0.7879,0.6571,0.8792,20,74,5,3,0.9216,0.8696,0.9367,0.8333,0.9207,21,75,4,2,0.9412,0.913,0.9494,0.875,0.9549,18,71,8,5,0.8725,0.7826,0.8987,0.7347,0.9147,18,77,2,5,0.9314,0.7826,0.9747,0.8372,0.9477,18,71,8,5,0.8725,0.7826,0.8987,0.7347,0.9334,25,46,5,8,0.8452,0.7576,0.902,0.7937,0.8693,24,43,8,9,0.7976,0.7273,0.8431,0.7385,0.9085,26,40,11,7,0.7857,0.7879,0.7843,0.7429,0.8954,25,46,5,8,0.8452,0.7576,0.902,0.7937,0.9228,26,43,8,7,0.8214,0.7879,0.8431,0.7761,0.8895,21,60,4,1,0.9419,0.9545,0.9375,0.8936,0.9666,20,59,5,2,0.9186,0.9091,0.9219,0.8511,0.9531,21,58,6,1,0.9186,0.9545,0.9062,0.8571,0.9545,20,58,6,2,0.907,0.9091,0.9062,0.8333,0.9553,21,59,5,1,0.9302,0.9545,0.9219,0.875,0.9645
290,25,58,13,3,0.8384,0.8929,0.8169,0.7576,0.9331,25,64,7,3,0.899,0.8929,0.9014,0.8333,0.9442,24,58,13,4,0.8283,0.8571,0.8169,0.7385,0.92,25,64,7,3,0.899,0.8929,0.9014,0.8333,0.9354,24,63,8,4,0.8788,0.8571,0.8873,0.8,0.9351,20,73,3,6,0.9118,0.7692,0.9605,0.8163,0.9038,23,73,3,3,0.9412,0.8846,0.9605,0.8846,0.9291,20,67,9,6,0.8529,0.7692,0.8816,0.7273,0.8816,18,73,3,8,0.8922,0.6923,0.9605,0.766,0.919,20,67,9,6,0.8529,0.7692,0.8816,0.7273,0.8882,19,56,3,6,0.8929,0.76,0.9492,0.8085,0.9003,20,47,12,5,0.7976,0.8,0.7966,0.7018,0.9146,21,45,14,4,0.7857,0.84,0.7627,0.7,0.8895,20,50,9,5,0.8333,0.8,0.8475,0.7407,0.9105,21,48,11,4,0.8214,0.84,0.8136,0.7368,0.8956,26,54,2,4,0.9302,0.8667,0.9643,0.8966,0.9429,26,53,3,4,0.9186,0.8667,0.9464,0.8814,0.9571,26,51,5,4,0.8953,0.8667,0.9107,0.8525,0.9196,26,51,5,4,0.8953,0.8667,0.9107,0.8525,0.9458,26,53,3,4,0.9186,0.8667,0.9464,0.8814,0.9512
291,22,52,15,10,0.7475,0.6875,0.7761,0.6377,0.812,18,59,8,14,0.7778,0.5625,0.8806,0.6207,0.8162,20,55,12,12,0.7576,0.625,0.8209,0.625,0.7962,22,59,8,10,0.8182,0.6875,0.8806,0.7097,0.8148,20,57,10,12,0.7778,0.625,0.8507,0.6452,0.8312,9,74,7,12,0.8137,0.4286,0.9136,0.4865,0.749,12,75,6,9,0.8529,0.5714,0.9259,0.6154,0.826,11,74,7,10,0.8333,0.5238,0.9136,0.5641,0.8201,8,76,5,13,0.8235,0.381,0.9383,0.4706,0.7972,11,73,8,10,0.8235,0.5238,0.9012,0.55,0.8289,15,46,7,16,0.7262,0.4839,0.8679,0.566,0.7219,15,41,12,16,0.6667,0.4839,0.7736,0.5172,0.6993,16,40,13,15,0.6667,0.5161,0.7547,0.5333,0.7249,15,44,9,16,0.7024,0.4839,0.8302,0.5455,0.7212,16,44,9,15,0.7143,0.5161,0.8302,0.5714,0.748,20,60,5,1,0.9302,0.9524,0.9231,0.8696,0.926,20,58,7,1,0.907,0.9524,0.8923,0.8333,0.9253,20,57,8,1,0.8953,0.9524,0.8769,0.8163,0.9392,20,57,8,1,0.8953,0.9524,0.8769,0.8163,0.9465,20,58,7,1,0.907,0.9524,0.8923,0.8333,0.9275
292,33,42,10,14,0.7576,0.7021,0.8077,0.7333,0.8466,31,43,9,16,0.7475,0.6596,0.8269,0.7126,0.8584,33,40,12,14,0.7374,0.7021,0.7692,0.7174,0.8474,33,43,9,14,0.7677,0.7021,0.8269,0.7416,0.8408,33,43,9,14,0.7677,0.7021,0.8269,0.7416,0.8752,21,73,3,5,0.9216,0.8077,0.9605,0.84,0.8801,22,70,6,4,0.902,0.8462,0.9211,0.8148,0.9069,20,70,6,6,0.8824,0.7692,0.9211,0.7692,0.879,20,70,6,6,0.8824,0.7692,0.9211,0.7692,0.8887,20,67,9,6,0.8529,0.7692,0.8816,0.7273,0.8937,22,42,3,17,0.7619,0.5641,0.9333,0.6875,0.8541,22,35,10,17,0.6786,0.5641,0.7778,0.6197,0.8735,24,37,8,15,0.7262,0.6154,0.8222,0.6761,0.8689,24,38,7,15,0.7381,0.6154,0.8444,0.6857,0.8832,24,39,6,15,0.75,0.6154,0.8667,0.6957,0.8718,23,56,5,2,0.9186,0.92,0.918,0.8679,0.9239,21,55,6,4,0.8837,0.84,0.9016,0.8077,0.9167,23,54,7,2,0.8953,0.92,0.8852,0.8364,0.9285,21,54,7,4,0.8721,0.84,0.8852,0.7925,0.9266,23,55,6,2,0.907,0.92,0.9016,0.8519,0.9128
293,29,55,7,8,0.8485,0.7838,0.8871,0.7945,0.8845,25,58,4,12,0.8384,0.6757,0.9355,0.7576,0.8771,26,55,7,11,0.8182,0.7027,0.8871,0.7429,0.8819,29,58,4,8,0.8788,0.7838,0.9355,0.8286,0.8867,26,56,6,11,0.8283,0.7027,0.9032,0.7536,0.9041,16,73,3,10,0.8725,0.6154,0.9605,0.7111,0.8057,18,72,4,8,0.8824,0.6923,0.9474,0.75,0.8315,16,70,6,10,0.8431,0.6154,0.9211,0.6667,0.7966,14,72,4,12,0.8431,0.5385,0.9474,0.6364,0.8158,16,69,7,10,0.8333,0.6154,0.9079,0.6531,0.8011,24,46,5,9,0.8333,0.7273,0.902,0.7742,0.8776,25,40,11,8,0.7738,0.7576,0.7843,0.7246,0.8627,25,37,14,8,0.7381,0.7576,0.7255,0.6944,0.8651,27,43,8,6,0.8333,0.8182,0.8431,0.7941,0.896,25,40,11,8,0.7738,0.7576,0.7843,0.7246,0.8758,25,55,2,4,0.9302,0.8621,0.9649,0.8929,0.9304,23,55,2,6,0.907,0.7931,0.9649,0.8519,0.9165,25,54,3,4,0.9186,0.8621,0.9474,0.8772,0.9304,23,54,3,6,0.8953,0.7931,0.9474,0.8364,0.9443,25,55,2,4,0.9302,0.8621,0.9649,0.8929,0.9353
294,27,50,12,10,0.7778,0.7297,0.8065,0.7105,0.8609,23,53,9,14,0.7677,0.6216,0.8548,0.6667,0.8762,26,52,10,11,0.7879,0.7027,0.8387,0.7123,0.8548,27,53,9,10,0.8081,0.7297,0.8548,0.7397,0.8461,26,52,10,11,0.7879,0.7027,0.8387,0.7123,0.8801,15,73,8,6,0.8627,0.7143,0.9012,0.6818,0.8419,16,77,4,5,0.9118,0.7619,0.9506,0.7805,0.8589,14,75,6,7,0.8725,0.6667,0.9259,0.6829,0.8225,13,78,3,8,0.8922,0.619,0.963,0.7027,0.8295,14,75,6,7,0.8725,0.6667,0.9259,0.6829,0.8372,18,52,3,11,0.8333,0.6207,0.9455,0.72,0.8301,17,43,12,12,0.7143,0.5862,0.7818,0.5862,0.8408,19,41,14,10,0.7143,0.6552,0.7455,0.6129,0.815,19,46,9,10,0.7738,0.6552,0.8364,0.6667,0.8414,19,44,11,10,0.75,0.6552,0.8,0.6441,0.8426,20,58,5,3,0.907,0.8696,0.9206,0.8333,0.9124,18,55,8,5,0.8488,0.7826,0.873,0.7347,0.9151,20,55,8,3,0.8721,0.8696,0.873,0.7843,0.8923,18,55,8,5,0.8488,0.7826,0.873,0.7347,0.913,20,55,8,3,0.8721,0.8696,0.873,0.7843,0.9103
295,29,43,13,14,0.7273,0.6744,0.7679,0.6824,0.8127,26,48,8,17,0.7475,0.6047,0.8571,0.6753,0.8214,28,44,12,15,0.7273,0.6512,0.7857,0.6747,0.8169,29,48,8,14,0.7778,0.6744,0.8571,0.725,0.7965,28,48,8,15,0.7677,0.6512,0.8571,0.7089,0.8484,21,68,7,6,0.8725,0.7778,0.9067,0.7636,0.8938,24,68,7,3,0.902,0.8889,0.9067,0.8276,0.9106,19,70,5,8,0.8725,0.7037,0.9333,0.7451,0.8731,18,69,6,9,0.8529,0.6667,0.92,0.7059,0.8998,19,67,8,8,0.8431,0.7037,0.8933,0.7037,0.8889,20,42,11,11,0.7381,0.6452,0.7925,0.6452,0.7559,21,40,13,10,0.7262,0.6774,0.7547,0.6462,0.8198,21,39,14,10,0.7143,0.6774,0.7358,0.6364,0.7736,22,42,11,9,0.7619,0.7097,0.7925,0.6875,0.7998,21,41,12,10,0.7381,0.6774,0.7736,0.6562,0.815,25,52,6,3,0.8953,0.8929,0.8966,0.8475,0.9046,24,52,6,4,0.8837,0.8571,0.8966,0.8276,0.8879,25,49,9,3,0.8605,0.8929,0.8448,0.8065,0.9027,24,49,9,4,0.8488,0.8571,0.8448,0.7869,0.9126,25,52,6,3,0.8953,0.8929,0.8966,0.8475,0.8966
296,25,58,12,4,0.8384,0.8621,0.8286,0.7576,0.9163,24,63,7,5,0.8788,0.8276,0.9,0.8,0.9222,23,58,12,6,0.8182,0.7931,0.8286,0.7188,0.897,25,63,7,4,0.8889,0.8621,0.9,0.8197,0.9113,23,58,12,6,0.8182,0.7931,0.8286,0.7188,0.9089,18,70,7,7,0.8627,0.72,0.9091,0.72,0.9153,21,71,6,4,0.902,0.84,0.9221,0.8077,0.9247,20,69,8,5,0.8725,0.8,0.8961,0.7547,0.893,18,74,3,7,0.902,0.72,0.961,0.7826,0.9226,20,68,9,5,0.8627,0.8,0.8831,0.7407,0.9055,25,48,3,8,0.869,0.7576,0.9412,0.8197,0.8443,24,44,7,9,0.8095,0.7273,0.8627,0.75,0.8865,24,40,11,9,0.7619,0.7273,0.7843,0.7059,0.8574,24,45,6,9,0.8214,0.7273,0.8824,0.7619,0.8794,24,41,10,9,0.7738,0.7273,0.8039,0.7164,0.8746,22,55,5,4,0.8953,0.8462,0.9167,0.8302,0.9199,22,55,5,4,0.8953,0.8462,0.9167,0.8302,0.9218,22,53,7,4,0.8721,0.8462,0.8833,0.8,0.9192,22,53,7,4,0.8721,0.8462,0.8833,0.8,0.9372,22,55,5,4,0.8953,0.8462,0.9167,0.8302,0.9276
297,23,55,9,12,0.7879,0.6571,0.8594,0.6866,0.8424,21,60,4,14,0.8182,0.6,0.9375,0.7,0.8589,20,55,9,15,0.7576,0.5714,0.8594,0.625,0.7857,23,60,4,12,0.8384,0.6571,0.9375,0.7419,0.825,20,58,6,15,0.7879,0.5714,0.9062,0.6557,0.8254,18,69,3,12,0.8529,0.6,0.9583,0.7059,0.8097,19,67,5,11,0.8431,0.6333,0.9306,0.7037,0.7444,16,66,6,14,0.8039,0.5333,0.9167,0.6154,0.737,15,67,5,15,0.8039,0.5,0.9306,0.6,0.7741,16,63,9,14,0.7745,0.5333,0.875,0.5818,0.7472,30,43,7,4,0.869,0.8824,0.86,0.8451,0.8882,24,41,9,10,0.7738,0.7059,0.82,0.7164,0.8629,24,35,15,10,0.7024,0.7059,0.7,0.6575,0.8412,24,42,8,10,0.7857,0.7059,0.84,0.7273,0.8847,24,38,12,10,0.7381,0.7059,0.76,0.6857,0.8712,20,64,1,1,0.9767,0.9524,0.9846,0.9524,0.9502,20,62,3,1,0.9535,0.9524,0.9538,0.9091,0.9392,20,61,4,1,0.9419,0.9524,0.9385,0.8889,0.959,20,61,4,1,0.9419,0.9524,0.9385,0.8889,0.9663,20,62,3,1,0.9535,0.9524,0.9538,0.9091,0.9509
298,33,49,8,9,0.8283,0.7857,0.8596,0.7952,0.9048,33,51,6,9,0.8485,0.7857,0.8947,0.8148,0.8943,31,48,9,11,0.798,0.7381,0.8421,0.7561,0.8676,33,51,6,9,0.8485,0.7857,0.8947,0.8148,0.9048,31,49,8,11,0.8081,0.7381,0.8596,0.7654,0.9144,25,68,7,2,0.9118,0.9259,0.9067,0.8475,0.9699,25,69,6,2,0.9216,0.9259,0.92,0.8621,0.9506,23,68,7,4,0.8922,0.8519,0.9067,0.807,0.9427,23,70,5,4,0.9118,0.8519,0.9333,0.8364,0.9585,23,67,8,4,0.8824,0.8519,0.8933,0.7931,0.9417,21,49,6,8,0.8333,0.7241,0.8909,0.75,0.8708,20,45,10,9,0.7738,0.6897,0.8182,0.678,0.8765,22,44,11,7,0.7857,0.7586,0.8,0.7097,0.8922,20,46,9,9,0.7857,0.6897,0.8364,0.6897,0.879,22,44,11,7,0.7857,0.7586,0.8,0.7097,0.8884,28,52,2,4,0.9302,0.875,0.963,0.9032,0.9271,28,51,3,4,0.9186,0.875,0.9444,0.8889,0.9317,28,49,5,4,0.8953,0.875,0.9074,0.8615,0.9236,28,49,5,4,0.8953,0.875,0.9074,0.8615,0.9421,28,51,3,4,0.9186,0.875,0.9444,0.8889,0.934
299,25,53,13,8,0.7879,0.7576,0.803,0.7042,0.8108,23,57,9,10,0.8081,0.697,0.8636,0.7077,0.8278,23,54,12,10,0.7778,0.697,0.8182,0.6765,0.803,25,57,9,8,0.8283,0.7576,0.8636,0.7463,0.8049,23,56,10,10,0.798,0.697,0.8485,0.697,0.8416,23,64,3,12,0.8529,0.6571,0.9552,0.7541,0.7889,24,64,3,11,0.8627,0.6857,0.9552,0.7742,0.823,23,62,5,12,0.8333,0.6571,0.9254,0.7302,0.8009,22,64,3,13,0.8431,0.6286,0.9552,0.7333,0.8205,23,61,6,12,0.8235,0.6571,0.9104,0.7188,0.8256,17,54,3,10,0.8452,0.6296,0.9474,0.7234,0.8252,16,47,10,11,0.75,0.5926,0.8246,0.6038,0.8369,19,39,18,8,0.6905,0.7037,0.6842,0.5938,0.8174,17,47,10,10,0.7619,0.6296,0.8246,0.6296,0.8512,19,44,13,8,0.75,0.7037,0.7719,0.6441,0.8272,28,53,2,3,0.9419,0.9032,0.9636,0.918,0.9367,27,53,2,4,0.9302,0.871,0.9636,0.9,0.9202,28,52,3,3,0.9302,0.9032,0.9455,0.9032,0.9431,27,52,3,4,0.9186,0.871,0.9455,0.8852,0.9548,28,53,2,3,0.9419,0.9032,0.9636,0.918,0.9337
300,31,48,11,9,0.798,0.775,0.8136,0.7561,0.8733,30,51,8,10,0.8182,0.75,0.8644,0.7692,0.8758,29,46,13,11,0.7576,0.725,0.7797,0.7073,0.8525,31,51,8,9,0.8283,0.775,0.8644,0.7848,0.8754,29,50,9,11,0.798,0.725,0.8475,0.7436,0.8881,20,63,8,11,0.8137,0.6452,0.8873,0.678,0.7792,22,66,5,9,0.8627,0.7097,0.9296,0.7586,0.8319,19,63,8,12,0.8039,0.6129,0.8873,0.6552,0.7674,19,68,3,12,0.8529,0.6129,0.9577,0.717,0.7937,19,63,8,12,0.8039,0.6129,0.8873,0.6552,0.7883,24,47,2,11,0.8452,0.6857,0.9592,0.7869,0.8822,27,43,6,8,0.8333,0.7714,0.8776,0.7941,0.9364,28,42,7,7,0.8333,0.8,0.8571,0.8,0.8968,27,45,4,8,0.8571,0.7714,0.9184,0.8182,0.9254,28,44,5,7,0.8571,0.8,0.898,0.8235,0.905,23,57,3,3,0.9302,0.8846,0.95,0.8846,0.9404,23,57,3,3,0.9302,0.8846,0.95,0.8846,0.9321,23,55,5,3,0.907,0.8846,0.9167,0.8519,0.9526,23,55,5,3,0.907,0.8846,0.9167,0.8519,0.9615,23,57,3,3,0.9302,0.8846,0.95,0.8846,0.9365
301,25,60,12,2,0.8586,0.9259,0.8333,0.7813,0.9321,24,63,9,3,0.8788,0.8889,0.875,0.8,0.9239,25,59,13,2,0.8485,0.9259,0.8194,0.7692,0.9141,25,63,9,2,0.8889,0.9259,0.875,0.8197,0.9262,25,60,12,2,0.8586,0.9259,0.8333,0.7813,0.947,23,65,8,6,0.8627,0.7931,0.8904,0.7667,0.9041,24,69,4,5,0.9118,0.8276,0.9452,0.8421,0.9367,22,67,6,7,0.8725,0.7586,0.9178,0.7719,0.923,21,70,3,8,0.8922,0.7241,0.9589,0.7925,0.9353,22,67,6,7,0.8725,0.7586,0.9178,0.7719,0.9353,20,49,8,7,0.8214,0.7407,0.8596,0.7273,0.8454,20,47,10,7,0.7976,0.7407,0.8246,0.7018,0.8746,21,43,14,6,0.7619,0.7778,0.7544,0.6774,0.8752,21,50,7,6,0.8452,0.7778,0.8772,0.7636,0.8934,21,45,12,6,0.7857,0.7778,0.7895,0.7,0.8785,23,55,6,2,0.907,0.92,0.9016,0.8519,0.9174,23,54,7,2,0.8953,0.92,0.8852,0.8364,0.918,23,54,7,2,0.8953,0.92,0.8852,0.8364,0.9318,23,54,7,2,0.8953,0.92,0.8852,0.8364,0.939,23,54,7,2,0.8953,0.92,0.8852,0.8364,0.9187
302,22,53,12,12,0.7576,0.6471,0.8154,0.6471,0.7434,21,56,9,13,0.7778,0.6176,0.8615,0.6562,0.7814,21,52,13,13,0.7374,0.6176,0.8,0.6176,0.7317,22,56,9,12,0.7879,0.6471,0.8615,0.6769,0.7376,21,53,12,13,0.7475,0.6176,0.8154,0.6269,0.7919,17,62,12,11,0.7745,0.6071,0.8378,0.5965,0.735,19,64,10,9,0.8137,0.6786,0.8649,0.6667,0.8084,15,61,13,13,0.7451,0.5357,0.8243,0.5357,0.7765,15,70,4,13,0.8333,0.5357,0.9459,0.6383,0.7833,15,60,14,13,0.7353,0.5357,0.8108,0.5263,0.7963,15,60,1,8,0.8929,0.6522,0.9836,0.7692,0.8289,16,50,11,7,0.7857,0.6957,0.8197,0.64,0.8845,16,46,15,7,0.7381,0.6957,0.7541,0.5926,0.8282,16,56,5,7,0.8571,0.6957,0.918,0.7273,0.8596,16,54,7,7,0.8333,0.6957,0.8852,0.6957,0.846,25,56,2,3,0.9419,0.8929,0.9655,0.9091,0.9433,24,54,4,4,0.907,0.8571,0.931,0.8571,0.92,25,53,5,3,0.907,0.8929,0.9138,0.8621,0.9489,24,53,5,4,0.8953,0.8571,0.9138,0.8421,0.952,25,54,4,3,0.9186,0.8929,0.931,0.8772,0.9421
303,23,60,6,10,0.8384,0.697,0.9091,0.7419,0.8448,21,62,4,12,0.8384,0.6364,0.9394,0.7241,0.8567,21,58,8,12,0.798,0.6364,0.8788,0.6774,0.8246,23,62,4,10,0.8586,0.697,0.9394,0.7667,0.8237,21,58,8,12,0.798,0.6364,0.8788,0.6774,0.8724,20,70,7,5,0.8824,0.8,0.9091,0.7692,0.9309,24,69,8,1,0.9118,0.96,0.8961,0.8421,0.9481,20,69,8,5,0.8725,0.8,0.8961,0.7547,0.9075,19,70,7,6,0.8725,0.76,0.9091,0.7451,0.9434,20,68,9,5,0.8627,0.8,0.8831,0.7407,0.9439,14,47,9,14,0.7262,0.5,0.8393,0.549,0.7385,13,43,13,15,0.6667,0.4643,0.7679,0.4815,0.7404,14,34,22,14,0.5714,0.5,0.6071,0.4375,0.7277,15,46,10,13,0.7262,0.5357,0.8214,0.566,0.7666,14,36,20,14,0.5952,0.5,0.6429,0.4516,0.7449,30,49,3,4,0.9186,0.8824,0.9423,0.8955,0.9525,29,48,4,5,0.8953,0.8529,0.9231,0.8657,0.9491,30,47,5,4,0.8953,0.8824,0.9038,0.8696,0.9372,29,47,5,5,0.8837,0.8529,0.9038,0.8529,0.9474,30,48,4,4,0.907,0.8824,0.9231,0.8824,0.9564
304,30,55,7,7,0.8586,0.8108,0.8871,0.8108,0.9629,29,59,3,8,0.8889,0.7838,0.9516,0.8406,0.959,29,56,6,8,0.8586,0.7838,0.9032,0.8056,0.9425,30,59,3,7,0.899,0.8108,0.9516,0.8571,0.9614,29,55,7,8,0.8485,0.7838,0.8871,0.7945,0.9582,16,69,10,7,0.8333,0.6957,0.8734,0.6531,0.8437,18,71,8,5,0.8725,0.7826,0.8987,0.7347,0.8498,15,70,9,8,0.8333,0.6522,0.8861,0.6383,0.8123,15,73,6,8,0.8627,0.6522,0.9241,0.6818,0.8437,15,67,12,8,0.8039,0.6522,0.8481,0.6,0.8382,16,49,5,14,0.7738,0.5333,0.9074,0.6275,0.7852,15,47,7,15,0.7381,0.5,0.8704,0.5769,0.8648,16,44,10,14,0.7143,0.5333,0.8148,0.5714,0.8216,17,48,6,13,0.7738,0.5667,0.8889,0.6415,0.8636,16,44,10,14,0.7143,0.5333,0.8148,0.5714,0.8389,29,53,2,2,0.9535,0.9355,0.9636,0.9355,0.9607,26,51,4,5,0.8953,0.8387,0.9273,0.8525,0.956,29,50,5,2,0.9186,0.9355,0.9091,0.8923,0.9431,26,50,5,5,0.8837,0.8387,0.9091,0.8387,0.946,29,51,4,2,0.9302,0.9355,0.9273,0.9062,0.9607
305,25,54,13,7,0.798,0.7812,0.806,0.7143,0.8993,22,60,7,10,0.8283,0.6875,0.8955,0.7213,0.9132,24,53,14,8,0.7778,0.75,0.791,0.6857,0.8946,25,60,7,7,0.8586,0.7812,0.8955,0.7812,0.8944,24,56,11,8,0.8081,0.75,0.8358,0.7164,0.917,16,78,3,5,0.9216,0.7619,0.963,0.8,0.8325,16,75,6,5,0.8922,0.7619,0.9259,0.7442,0.8454,15,71,10,6,0.8431,0.7143,0.8765,0.6522,0.8107,15,76,5,6,0.8922,0.7143,0.9383,0.7317,0.8295,15,68,13,6,0.8137,0.7143,0.8395,0.6122,0.8201,27,40,7,10,0.7976,0.7297,0.8511,0.7606,0.8235,27,33,14,10,0.7143,0.7297,0.7021,0.6923,0.8608,29,32,15,8,0.7262,0.7838,0.6809,0.716,0.8378,27,35,12,10,0.7381,0.7297,0.7447,0.7105,0.8551,29,35,12,8,0.7619,0.7838,0.7447,0.7436,0.8568,25,55,4,2,0.9302,0.9259,0.9322,0.8929,0.9648,25,54,5,2,0.9186,0.9259,0.9153,0.8772,0.9718,25,54,5,2,0.9186,0.9259,0.9153,0.8772,0.9523,25,54,5,2,0.9186,0.9259,0.9153,0.8772,0.9605,25,54,5,2,0.9186,0.9259,0.9153,0.8772,0.9674
306,29,54,11,5,0.8384,0.8529,0.8308,0.7838,0.8873,27,58,7,7,0.8586,0.7941,0.8923,0.7941,0.8787,28,54,11,6,0.8283,0.8235,0.8308,0.7671,0.8643,29,58,7,5,0.8788,0.8529,0.8923,0.8286,0.8726,28,57,8,6,0.8586,0.8235,0.8769,0.8,0.8923,25,62,5,10,0.8529,0.7143,0.9254,0.7692,0.78,25,65,2,10,0.8824,0.7143,0.9701,0.8065,0.8179,24,63,4,11,0.8529,0.6857,0.9403,0.7619,0.7851,24,65,2,11,0.8725,0.6857,0.9701,0.7869,0.797,24,62,5,11,0.8431,0.6857,0.9254,0.75,0.8043,21,50,4,9,0.8452,0.7,0.9259,0.7636,0.8747,22,43,11,8,0.7738,0.7333,0.7963,0.6984,0.8901,23,40,14,7,0.75,0.7667,0.7407,0.6866,0.8531,24,47,7,6,0.8452,0.8,0.8704,0.7869,0.8951,23,41,13,7,0.7619,0.7667,0.7593,0.697,0.8593,22,56,4,4,0.907,0.8462,0.9333,0.8462,0.9308,21,56,4,5,0.8953,0.8077,0.9333,0.8235,0.9269,22,55,5,4,0.8953,0.8462,0.9167,0.8302,0.9096,21,55,5,5,0.8837,0.8077,0.9167,0.8077,0.9397,22,56,4,4,0.907,0.8462,0.9333,0.8462,0.9179
307,33,46,11,9,0.798,0.7857,0.807,0.7674,0.8237,30,50,7,12,0.8081,0.7143,0.8772,0.7595,0.835,28,45,12,14,0.7374,0.6667,0.7895,0.6829,0.8074,33,50,7,9,0.8384,0.7857,0.8772,0.8049,0.8308,28,50,7,14,0.7879,0.6667,0.8772,0.7273,0.8446,29,65,4,4,0.9216,0.8788,0.942,0.8788,0.9587,30,63,6,3,0.9118,0.9091,0.913,0.8696,0.9412,26,66,3,7,0.902,0.7879,0.9565,0.8387,0.9223,25,63,6,8,0.8627,0.7576,0.913,0.7812,0.9504,26,61,8,7,0.8529,0.7879,0.8841,0.7761,0.9253,24,44,9,7,0.8095,0.7742,0.8302,0.75,0.8284,24,38,15,7,0.7381,0.7742,0.717,0.6857,0.8661,24,39,14,7,0.75,0.7742,0.7358,0.6957,0.8484,24,41,12,7,0.7738,0.7742,0.7736,0.7164,0.8503,24,42,11,7,0.7857,0.7742,0.7925,0.7273,0.857,17,58,7,4,0.8721,0.8095,0.8923,0.7556,0.8168,16,58,7,5,0.8605,0.7619,0.8923,0.7273,0.7905,17,55,10,4,0.8372,0.8095,0.8462,0.7083,0.8601,16,55,10,5,0.8256,0.7619,0.8462,0.6809,0.8718,17,58,7,4,0.8721,0.8095,0.8923,0.7556,0.8337
308,25,51,11,12,0.7677,0.6757,0.8226,0.6849,0.8239,23,53,9,14,0.7677,0.6216,0.8548,0.6667,0.8221,23,49,13,14,0.7273,0.6216,0.7903,0.6301,0.7999,25,53,9,12,0.7879,0.6757,0.8548,0.7042,0.7871,23,51,11,14,0.7475,0.6216,0.8226,0.6479,0.8291,27,65,7,3,0.902,0.9,0.9028,0.8438,0.9611,27,66,6,3,0.9118,0.9,0.9167,0.8571,0.9361,24,65,7,6,0.8725,0.8,0.9028,0.7869,0.9282,24,67,5,6,0.8922,0.8,0.9306,0.8136,0.931,24,64,8,6,0.8627,0.8,0.8889,0.7742,0.9296,23,46,4,11,0.8214,0.6765,0.92,0.7541,0.7629,21,40,10,13,0.7262,0.6176,0.8,0.6462,0.85,22,39,11,12,0.7262,0.6471,0.78,0.6567,0.7671,22,44,6,12,0.7857,0.6471,0.88,0.7097,0.8135,22,41,9,12,0.75,0.6471,0.82,0.6769,0.8153,22,53,5,6,0.8721,0.7857,0.9138,0.8,0.8953,21,52,6,7,0.8488,0.75,0.8966,0.7636,0.8799,22,52,6,6,0.8605,0.7857,0.8966,0.7857,0.8676,21,52,6,7,0.8488,0.75,0.8966,0.7636,0.9002,22,52,6,6,0.8605,0.7857,0.8966,0.7857,0.8916
309,26,43,18,12,0.697,0.6842,0.7049,0.6341,0.7821,22,49,12,16,0.7172,0.5789,0.8033,0.6111,0.8011,24,43,18,14,0.6768,0.6316,0.7049,0.6,0.7739,26,49,12,12,0.7576,0.6842,0.8033,0.6842,0.7895,24,47,14,14,0.7172,0.6316,0.7705,0.6316,0.8154,16,74,5,7,0.8824,0.6957,0.9367,0.7273,0.896,19,77,2,4,0.9412,0.8261,0.9747,0.8636,0.9026,18,73,6,5,0.8922,0.7826,0.9241,0.766,0.8916,16,77,2,7,0.9118,0.6957,0.9747,0.7805,0.9075,18,71,8,5,0.8725,0.7826,0.8987,0.7347,0.8806,21,46,7,10,0.7976,0.6774,0.8679,0.7119,0.843,22,41,12,9,0.75,0.7097,0.7736,0.6769,0.8667,22,37,16,9,0.7024,0.7097,0.6981,0.6377,0.8278,25,45,8,6,0.8333,0.8065,0.8491,0.7812,0.8649,22,42,11,9,0.7619,0.7097,0.7925,0.6875,0.8667,16,62,6,2,0.907,0.8889,0.9118,0.8,0.9077,13,62,6,5,0.8721,0.7222,0.9118,0.7027,0.8938,16,61,7,2,0.8953,0.8889,0.8971,0.7805,0.902,13,61,7,5,0.8605,0.7222,0.8971,0.6842,0.9273,16,62,6,2,0.907,0.8889,0.9118,0.8,0.8987
310,29,54,8,8,0.8384,0.7838,0.871,0.7838,0.8609,25,55,7,12,0.8081,0.6757,0.8871,0.7246,0.84,24,55,7,13,0.798,0.6486,0.8871,0.7059,0.8505,29,55,7,8,0.8485,0.7838,0.8871,0.7945,0.85,24,55,7,13,0.798,0.6486,0.8871,0.7059,0.871,27,64,2,9,0.8922,0.75,0.9697,0.8308,0.9015,29,63,3,7,0.902,0.8056,0.9545,0.8529,0.9095,27,61,5,9,0.8627,0.75,0.9242,0.7941,0.8721,27,63,3,9,0.8824,0.75,0.9545,0.8182,0.8986,27,55,11,9,0.8039,0.75,0.8333,0.7297,0.8763,17,48,5,14,0.7738,0.5484,0.9057,0.6415,0.8375,20,45,8,11,0.7738,0.6452,0.8491,0.678,0.8661,20,42,11,11,0.7381,0.6452,0.7925,0.6452,0.8564,21,45,8,10,0.7857,0.6774,0.8491,0.7,0.871,20,45,8,11,0.7738,0.6452,0.8491,0.678,0.8582,24,53,6,3,0.8953,0.8889,0.8983,0.8421,0.8908,24,52,7,3,0.8837,0.8889,0.8814,0.8276,0.8814,24,51,8,3,0.8721,0.8889,0.8644,0.8136,0.8996,24,51,8,3,0.8721,0.8889,0.8644,0.8136,0.9071,24,52,7,3,0.8837,0.8889,0.8814,0.8276,0.8977
311,27,56,10,6,0.8384,0.8182,0.8485,0.7714,0.8554,24,58,8,9,0.8283,0.7273,0.8788,0.7385,0.8825,26,55,11,7,0.8182,0.7879,0.8333,0.7429,0.8627,27,58,8,6,0.8586,0.8182,0.8788,0.7941,0.8329,26,57,9,7,0.8384,0.7879,0.8636,0.7647,0.8857,21,66,4,11,0.8529,0.6562,0.9429,0.7368,0.7223,21,67,3,11,0.8627,0.6562,0.9571,0.75,0.7661,18,63,7,14,0.7941,0.5625,0.9,0.6316,0.721,18,68,2,14,0.8431,0.5625,0.9714,0.6923,0.7442,18,61,9,14,0.7745,0.5625,0.8714,0.6102,0.7362,19,50,4,11,0.8214,0.6333,0.9259,0.717,0.8846,21,44,10,9,0.7738,0.7,0.8148,0.6885,0.9074,22,42,12,8,0.7619,0.7333,0.7778,0.6875,0.9031,24,48,6,6,0.8571,0.8,0.8889,0.8,0.9253,22,43,11,8,0.7738,0.7333,0.7963,0.6984,0.8877,23,53,7,3,0.8837,0.8846,0.8833,0.8214,0.8795,19,52,8,7,0.8256,0.7308,0.8667,0.717,0.8628,23,52,8,3,0.8721,0.8846,0.8667,0.807,0.8782,19,52,8,7,0.8256,0.7308,0.8667,0.717,0.8904,23,52,8,3,0.8721,0.8846,0.8667,0.807,0.8705
312,21,52,16,10,0.7374,0.6774,0.7647,0.6176,0.8074,20,58,10,11,0.7879,0.6452,0.8529,0.6557,0.8121,21,52,16,10,0.7374,0.6774,0.7647,0.6176,0.7666,21,58,10,10,0.798,0.6774,0.8529,0.6774,0.7844,21,58,10,10,0.798,0.6774,0.8529,0.6774,0.8183,19,73,2,8,0.902,0.7037,0.9733,0.7917,0.8657,20,73,2,7,0.9118,0.7407,0.9733,0.8163,0.8672,14,71,4,13,0.8333,0.5185,0.9467,0.6222,0.8232,14,73,2,13,0.8529,0.5185,0.9733,0.6512,0.8642,14,69,6,13,0.8137,0.5185,0.92,0.5957,0.8291,28,43,2,11,0.8452,0.7179,0.9556,0.8116,0.8872,27,41,4,12,0.8095,0.6923,0.9111,0.7714,0.9225,29,38,7,10,0.7976,0.7436,0.8444,0.7733,0.8838,27,41,4,12,0.8095,0.6923,0.9111,0.7714,0.9117,29,38,7,10,0.7976,0.7436,0.8444,0.7733,0.8934,21,61,4,0,0.9535,1.0,0.9385,0.913,0.9766,21,60,5,0,0.9419,1.0,0.9231,0.8936,0.9678,21,56,9,0,0.8953,1.0,0.8615,0.8235,0.9692,21,56,9,0,0.8953,1.0,0.8615,0.8235,0.9656,21,60,5,0,0.9419,1.0,0.9231,0.8936,0.9619
313,28,50,13,8,0.7879,0.7778,0.7937,0.7273,0.8272,21,54,9,15,0.7576,0.5833,0.8571,0.6364,0.8563,23,52,11,13,0.7576,0.6389,0.8254,0.6571,0.8166,28,54,9,8,0.8283,0.7778,0.8571,0.7671,0.8316,23,53,10,13,0.7677,0.6389,0.8413,0.6667,0.8748,25,66,6,5,0.8922,0.8333,0.9167,0.8197,0.9037,25,61,11,5,0.8431,0.8333,0.8472,0.7576,0.8745,25,66,6,5,0.8922,0.8333,0.9167,0.8197,0.8912,25,61,11,5,0.8431,0.8333,0.8472,0.7576,0.8898,25,60,12,5,0.8333,0.8333,0.8333,0.7463,0.8917,25,47,8,4,0.8571,0.8621,0.8545,0.8065,0.9003,25,42,13,4,0.7976,0.8621,0.7636,0.7463,0.9429,25,39,16,4,0.7619,0.8621,0.7091,0.7143,0.9229,25,45,10,4,0.8333,0.8621,0.8182,0.7813,0.9423,25,44,11,4,0.8214,0.8621,0.8,0.7692,0.9172,19,60,3,4,0.9186,0.8261,0.9524,0.8444,0.893,19,60,3,4,0.9186,0.8261,0.9524,0.8444,0.8613,19,60,3,4,0.9186,0.8261,0.9524,0.8444,0.8992,19,60,3,4,0.9186,0.8261,0.9524,0.8444,0.9186,19,60,3,4,0.9186,0.8261,0.9524,0.8444,0.8944
314,33,46,13,7,0.798,0.825,0.7797,0.7674,0.8661,27,49,10,13,0.7677,0.675,0.8305,0.7013,0.8686,30,47,12,10,0.7778,0.75,0.7966,0.7317,0.8373,33,49,10,7,0.8283,0.825,0.8305,0.7952,0.8453,30,48,11,10,0.7879,0.75,0.8136,0.7407,0.886,21,70,5,6,0.8922,0.7778,0.9333,0.7925,0.9027,22,71,4,5,0.9118,0.8148,0.9467,0.8302,0.8899,19,71,4,8,0.8824,0.7037,0.9467,0.76,0.8933,18,71,4,9,0.8725,0.6667,0.9467,0.7347,0.9091,19,69,6,8,0.8627,0.7037,0.92,0.7308,0.8933,22,44,7,11,0.7857,0.6667,0.8627,0.7097,0.8182,21,43,8,12,0.7619,0.6364,0.8431,0.6774,0.8562,22,38,13,11,0.7143,0.6667,0.7451,0.6471,0.8396,21,43,8,12,0.7619,0.6364,0.8431,0.6774,0.8586,22,44,7,11,0.7857,0.6667,0.8627,0.7097,0.8562,22,60,2,2,0.9535,0.9167,0.9677,0.9167,0.9825,22,60,2,2,0.9535,0.9167,0.9677,0.9167,0.9758,22,60,2,2,0.9535,0.9167,0.9677,0.9167,0.9617,22,60,2,2,0.9535,0.9167,0.9677,0.9167,0.9718,22,60,2,2,0.9535,0.9167,0.9677,0.9167,0.9778
315,26,46,10,17,0.7273,0.6047,0.8214,0.6582,0.8459,24,50,6,19,0.7475,0.5581,0.8929,0.6575,0.8081,24,47,9,19,0.7172,0.5581,0.8393,0.6316,0.7957,26,50,6,17,0.7677,0.6047,0.8929,0.6933,0.8127,24,47,9,19,0.7172,0.5581,0.8393,0.6316,0.838,19,69,3,11,0.8627,0.6333,0.9583,0.7308,0.831,23,66,6,7,0.8725,0.7667,0.9167,0.7797,0.8282,21,67,5,9,0.8627,0.7,0.9306,0.75,0.8306,18,67,5,12,0.8333,0.6,0.9306,0.6792,0.831,21,62,10,9,0.8137,0.7,0.8611,0.6885,0.8356,27,35,7,15,0.7381,0.6429,0.8333,0.7105,0.7727,25,35,7,17,0.7143,0.5952,0.8333,0.6757,0.835,28,31,11,14,0.7024,0.6667,0.7381,0.6914,0.7783,25,38,4,17,0.75,0.5952,0.9048,0.7042,0.822,28,34,8,14,0.7381,0.6667,0.8095,0.7179,0.835,26,54,3,3,0.9302,0.8966,0.9474,0.8966,0.9008,26,51,6,3,0.8953,0.8966,0.8947,0.8525,0.8959,26,50,7,3,0.8837,0.8966,0.8772,0.8387,0.8947,26,50,7,3,0.8837,0.8966,0.8772,0.8387,0.9105,26,51,6,3,0.8953,0.8966,0.8947,0.8525,0.8923
316,28,55,8,8,0.8384,0.7778,0.873,0.7778,0.8602,25,57,6,11,0.8283,0.6944,0.9048,0.7463,0.8646,25,55,8,11,0.8081,0.6944,0.873,0.7246,0.8219,28,57,6,8,0.8586,0.7778,0.9048,0.8,0.8441,25,56,7,11,0.8182,0.6944,0.8889,0.7353,0.8633,20,64,6,12,0.8235,0.625,0.9143,0.6897,0.7821,22,64,6,10,0.8431,0.6875,0.9143,0.7333,0.8205,19,65,5,13,0.8235,0.5938,0.9286,0.6786,0.7835,18,66,4,14,0.8235,0.5625,0.9429,0.6667,0.8009,19,63,7,13,0.8039,0.5938,0.9,0.6552,0.8027,17,35,15,17,0.619,0.5,0.7,0.5152,0.6359,17,31,19,17,0.5714,0.5,0.62,0.4857,0.63,17,27,23,17,0.5238,0.5,0.54,0.4595,0.6294,19,32,18,15,0.6071,0.5588,0.64,0.5352,0.6541,17,32,18,17,0.5833,0.5,0.64,0.4928,0.6365,19,63,3,1,0.9535,0.95,0.9545,0.9048,0.9432,17,62,4,3,0.9186,0.85,0.9394,0.8293,0.9295,19,61,5,1,0.9302,0.95,0.9242,0.8636,0.9568,17,61,5,3,0.907,0.85,0.9242,0.8095,0.9591,19,62,4,1,0.9419,0.95,0.9394,0.8837,0.9394
317,30,52,6,11,0.8283,0.7317,0.8966,0.7792,0.8806,29,54,4,12,0.8384,0.7073,0.931,0.7838,0.8814,29,51,7,12,0.8081,0.7073,0.8793,0.7532,0.878,30,54,4,11,0.8485,0.7317,0.931,0.8,0.8747,29,52,6,12,0.8182,0.7073,0.8966,0.7632,0.9087,20,71,5,6,0.8922,0.7692,0.9342,0.7843,0.8335,21,69,7,5,0.8824,0.8077,0.9079,0.7778,0.8517,19,70,6,7,0.8725,0.7308,0.9211,0.7451,0.8269,19,71,5,7,0.8824,0.7308,0.9342,0.76,0.8502,19,69,7,7,0.8627,0.7308,0.9079,0.7308,0.8421,16,53,6,9,0.8214,0.64,0.8983,0.6809,0.8563,17,48,11,8,0.7738,0.68,0.8136,0.6415,0.8746,19,45,14,6,0.7619,0.76,0.7627,0.6552,0.8827,17,51,8,8,0.8095,0.68,0.8644,0.68,0.8915,19,46,13,6,0.7738,0.76,0.7797,0.6667,0.8895,17,59,5,5,0.8837,0.7727,0.9219,0.7727,0.8892,17,58,6,5,0.8721,0.7727,0.9062,0.7556,0.9006,17,57,7,5,0.8605,0.7727,0.8906,0.7391,0.8665,17,57,7,5,0.8605,0.7727,0.8906,0.7391,0.8977,17,58,6,5,0.8721,0.7727,0.9062,0.7556,0.8963
318,22,55,12,10,0.7778,0.6875,0.8209,0.6667,0.8013,20,58,9,12,0.7879,0.625,0.8657,0.6557,0.8265,21,54,13,11,0.7576,0.6562,0.806,0.6364,0.8008,22,58,9,10,0.8081,0.6875,0.8657,0.6984,0.7934,21,56,11,11,0.7778,0.6562,0.8358,0.6562,0.8391,22,68,6,6,0.8824,0.7857,0.9189,0.7857,0.8716,24,69,5,4,0.9118,0.8571,0.9324,0.8421,0.888,19,66,8,9,0.8333,0.6786,0.8919,0.6909,0.8591,17,71,3,11,0.8627,0.6071,0.9595,0.7083,0.876,19,64,10,9,0.8137,0.6786,0.8649,0.6667,0.8576,22,47,8,7,0.8214,0.7586,0.8545,0.7458,0.8232,21,46,9,8,0.7976,0.7241,0.8364,0.7119,0.8765,21,40,15,8,0.7262,0.7241,0.7273,0.6462,0.8307,22,49,6,7,0.8452,0.7586,0.8909,0.7719,0.8715,21,43,12,8,0.7619,0.7241,0.7818,0.6774,0.8652,24,55,4,3,0.9186,0.8889,0.9322,0.8727,0.919,23,54,5,4,0.8953,0.8519,0.9153,0.8364,0.9203,24,53,6,3,0.8953,0.8889,0.8983,0.8421,0.9071,23,53,6,4,0.8837,0.8519,0.8983,0.8214,0.9322,24,54,5,3,0.907,0.8889,0.9153,0.8571,0.9247
319,24,55,15,5,0.798,0.8276,0.7857,0.7059,0.8616,23,60,10,6,0.8384,0.7931,0.8571,0.7419,0.8956,23,54,16,6,0.7778,0.7931,0.7714,0.6765,0.8591,24,60,10,5,0.8485,0.8276,0.8571,0.7619,0.8291,23,59,11,6,0.8283,0.7931,0.8429,0.7302,0.8882,20,69,5,8,0.8725,0.7143,0.9324,0.7547,0.8147,22,69,5,6,0.8922,0.7857,0.9324,0.8,0.8436,20,69,5,8,0.8725,0.7143,0.9324,0.7547,0.8345,19,69,5,9,0.8627,0.6786,0.9324,0.7308,0.8354,20,67,7,8,0.8529,0.7143,0.9054,0.7273,0.8542,15,52,5,12,0.7976,0.5556,0.9123,0.6383,0.7349,15,45,12,12,0.7143,0.5556,0.7895,0.5556,0.7784,16,43,14,11,0.7024,0.5926,0.7544,0.5614,0.7843,17,49,8,10,0.7857,0.6296,0.8596,0.6538,0.7914,16,47,10,11,0.75,0.5926,0.8246,0.6038,0.7921,15,66,4,1,0.9419,0.9375,0.9429,0.8571,0.95,13,65,5,3,0.907,0.8125,0.9286,0.7647,0.942,15,62,8,1,0.8953,0.9375,0.8857,0.7692,0.9366,13,62,8,3,0.8721,0.8125,0.8857,0.7027,0.9473,15,65,5,1,0.9302,0.9375,0.9286,0.8333,0.9518
320,26,44,19,10,0.7071,0.7222,0.6984,0.642,0.7831,24,50,13,12,0.7475,0.6667,0.7937,0.6575,0.8276,24,43,20,12,0.6768,0.6667,0.6825,0.6,0.7747,26,50,13,10,0.7677,0.7222,0.7937,0.6933,0.7886,24,47,16,12,0.7172,0.6667,0.746,0.6316,0.8192,18,73,3,8,0.8922,0.6923,0.9605,0.766,0.9109,21,76,0,5,0.951,0.8077,1.0,0.8936,0.9312,20,74,2,6,0.9216,0.7692,0.9737,0.8333,0.9013,17,76,0,9,0.9118,0.6538,1.0,0.7907,0.9251,20,73,3,6,0.9118,0.7692,0.9605,0.8163,0.918,26,45,5,8,0.8452,0.7647,0.9,0.8,0.8324,27,34,16,7,0.7262,0.7941,0.68,0.7013,0.8653,27,33,17,7,0.7143,0.7941,0.66,0.6923,0.8341,27,38,12,7,0.7738,0.7941,0.76,0.7397,0.8541,27,36,14,7,0.75,0.7941,0.72,0.72,0.8282,17,62,4,3,0.9186,0.85,0.9394,0.8293,0.9258,17,62,4,3,0.9186,0.85,0.9394,0.8293,0.8795,17,61,5,3,0.907,0.85,0.9242,0.8095,0.9265,17,61,5,3,0.907,0.85,0.9242,0.8095,0.9462,17,62,4,3,0.9186,0.85,0.9394,0.8293,0.9068
321,27,50,11,11,0.7778,0.7105,0.8197,0.7105,0.8779,26,53,8,12,0.798,0.6842,0.8689,0.7222,0.8848,26,50,11,12,0.7677,0.6842,0.8197,0.6933,0.8503,27,53,8,11,0.8081,0.7105,0.8689,0.7397,0.8708,26,50,11,12,0.7677,0.6842,0.8197,0.6933,0.8723,18,69,6,9,0.8529,0.6667,0.92,0.7059,0.8741,23,67,8,4,0.8824,0.8519,0.8933,0.7931,0.8894,16,64,11,11,0.7843,0.5926,0.8533,0.5926,0.8291,14,70,5,13,0.8235,0.5185,0.9333,0.6087,0.8736,16,61,14,11,0.7549,0.5926,0.8133,0.5614,0.8578,24,50,7,3,0.881,0.8889,0.8772,0.8276,0.8642,23,47,10,4,0.8333,0.8519,0.8246,0.7667,0.8558,23,45,12,4,0.8095,0.8519,0.7895,0.7419,0.8694,23,49,8,4,0.8571,0.8519,0.8596,0.7931,0.8642,23,48,9,4,0.8452,0.8519,0.8421,0.7797,0.8778,21,56,6,3,0.8953,0.875,0.9032,0.8235,0.9032,21,56,6,3,0.8953,0.875,0.9032,0.8235,0.9099,21,53,9,3,0.8605,0.875,0.8548,0.7778,0.8999,21,53,9,3,0.8605,0.875,0.8548,0.7778,0.9355,21,56,6,3,0.8953,0.875,0.9032,0.8235,0.8945
322,18,58,15,8,0.7677,0.6923,0.7945,0.6102,0.8541,16,65,8,10,0.8182,0.6154,0.8904,0.64,0.8488,15,59,14,11,0.7475,0.5769,0.8082,0.5455,0.8014,18,65,8,8,0.8384,0.6923,0.8904,0.6923,0.8277,15,62,11,11,0.7778,0.5769,0.8493,0.5769,0.8535,17,74,3,8,0.8922,0.68,0.961,0.7556,0.8769,19,74,3,6,0.9118,0.76,0.961,0.8085,0.8925,15,75,2,10,0.8824,0.6,0.974,0.7143,0.8873,13,75,2,12,0.8627,0.52,0.974,0.65,0.8997,15,74,3,10,0.8725,0.6,0.961,0.6977,0.8977,15,53,5,11,0.8095,0.5769,0.9138,0.6522,0.8415,14,48,10,12,0.7381,0.5385,0.8276,0.56,0.8322,15,43,15,11,0.6905,0.5769,0.7414,0.5357,0.8316,15,51,7,11,0.7857,0.5769,0.8793,0.625,0.8641,15,49,9,11,0.7619,0.5769,0.8448,0.6,0.8422,27,53,2,4,0.9302,0.871,0.9636,0.9,0.9589,26,53,2,5,0.9186,0.8387,0.9636,0.8814,0.9613,27,53,2,4,0.9302,0.871,0.9636,0.9,0.9507,26,53,2,5,0.9186,0.8387,0.9636,0.8814,0.9636,27,53,2,4,0.9302,0.871,0.9636,0.9,0.9683
323,28,49,18,4,0.7778,0.875,0.7313,0.7179,0.9072,26,56,11,6,0.8283,0.8125,0.8358,0.7536,0.9207,27,51,16,5,0.7879,0.8438,0.7612,0.72,0.889,28,56,11,4,0.8485,0.875,0.8358,0.7887,0.8906,27,55,12,5,0.8283,0.8438,0.8209,0.7606,0.9277,18,66,6,12,0.8235,0.6,0.9167,0.6667,0.7519,21,67,5,9,0.8627,0.7,0.9306,0.75,0.7667,14,67,5,16,0.7941,0.4667,0.9306,0.5714,0.7204,13,68,4,17,0.7941,0.4333,0.9444,0.5532,0.7366,14,64,8,16,0.7647,0.4667,0.8889,0.5385,0.7514,24,37,6,17,0.7262,0.5854,0.8605,0.6761,0.7879,24,33,10,17,0.6786,0.5854,0.7674,0.64,0.823,28,29,14,13,0.6786,0.6829,0.6744,0.6747,0.8015,26,35,8,15,0.7262,0.6341,0.814,0.6933,0.8349,28,33,10,13,0.7262,0.6829,0.7674,0.7089,0.8293,21,61,1,3,0.9535,0.875,0.9839,0.913,0.955,19,59,3,5,0.907,0.7917,0.9516,0.8261,0.9496,21,58,4,3,0.9186,0.875,0.9355,0.8571,0.92,19,58,4,5,0.8953,0.7917,0.9355,0.8085,0.9449,21,59,3,3,0.9302,0.875,0.9516,0.875,0.9603
324,24,56,13,6,0.8081,0.8,0.8116,0.7164,0.8879,20,61,8,10,0.8182,0.6667,0.8841,0.6897,0.8908,21,57,12,9,0.7879,0.7,0.8261,0.6667,0.858,24,61,8,6,0.8586,0.8,0.8841,0.7742,0.887,21,59,10,9,0.8081,0.7,0.8551,0.6885,0.8841,18,74,3,7,0.902,0.72,0.961,0.7826,0.881,19,72,5,6,0.8922,0.76,0.9351,0.7755,0.8603,15,72,5,10,0.8529,0.6,0.9351,0.6667,0.8473,15,72,5,10,0.8529,0.6,0.9351,0.6667,0.8706,15,70,7,10,0.8333,0.6,0.9091,0.6383,0.8488,20,44,12,8,0.7619,0.7143,0.7857,0.6667,0.8272,21,42,14,7,0.75,0.75,0.75,0.6667,0.8571,22,37,19,6,0.7024,0.7857,0.6607,0.6377,0.8469,21,47,9,7,0.8095,0.75,0.8393,0.7241,0.8673,22,43,13,6,0.7738,0.7857,0.7679,0.6984,0.8642,30,50,4,2,0.9302,0.9375,0.9259,0.9091,0.9433,30,50,4,2,0.9302,0.9375,0.9259,0.9091,0.9334,30,50,4,2,0.9302,0.9375,0.9259,0.9091,0.9439,30,50,4,2,0.9302,0.9375,0.9259,0.9091,0.9554,30,50,4,2,0.9302,0.9375,0.9259,0.9091,0.9207
325,23,61,5,10,0.8485,0.697,0.9242,0.7541,0.8274,20,63,3,13,0.8384,0.6061,0.9545,0.7143,0.843,21,59,7,12,0.8081,0.6364,0.8939,0.6885,0.8223,23,63,3,10,0.8687,0.697,0.9545,0.7797,0.8214,21,61,5,12,0.8283,0.6364,0.9242,0.7119,0.8232,16,72,5,9,0.8627,0.64,0.9351,0.6957,0.8649,20,73,4,5,0.9118,0.8,0.9481,0.8163,0.8795,17,72,5,8,0.8725,0.68,0.9351,0.7234,0.8353,15,74,3,10,0.8725,0.6,0.961,0.6977,0.8603,17,71,6,8,0.8627,0.68,0.9221,0.7083,0.854,17,51,6,10,0.8095,0.6296,0.8947,0.68,0.8239,19,50,7,8,0.8214,0.7037,0.8772,0.717,0.8609,20,46,11,7,0.7857,0.7407,0.807,0.6897,0.8545,20,49,8,7,0.8214,0.7407,0.8596,0.7273,0.8538,20,46,11,7,0.7857,0.7407,0.807,0.6897,0.8772,30,46,6,4,0.8837,0.8824,0.8846,0.8571,0.8874,29,46,6,5,0.8721,0.8529,0.8846,0.8406,0.8643,30,46,6,4,0.8837,0.8824,0.8846,0.8571,0.9152,29,46,6,5,0.8721,0.8529,0.8846,0.8406,0.9344,30,46,6,4,0.8837,0.8824,0.8846,0.8571,0.8614
326,28,52,9,10,0.8081,0.7368,0.8525,0.7467,0.8581,23,56,5,15,0.798,0.6053,0.918,0.697,0.8305,27,52,9,11,0.798,0.7105,0.8525,0.7297,0.8296,28,56,5,10,0.8485,0.7368,0.918,0.7887,0.8343,27,55,6,11,0.8283,0.7105,0.9016,0.7606,0.8632,22,60,9,11,0.8039,0.6667,0.8696,0.6875,0.8248,26,61,8,7,0.8529,0.7879,0.8841,0.7761,0.8103,24,59,10,9,0.8137,0.7273,0.8551,0.7164,0.8142,21,62,7,12,0.8137,0.6364,0.8986,0.6885,0.8112,24,57,12,9,0.7941,0.7273,0.8261,0.6957,0.8507,20,45,8,11,0.7738,0.6452,0.8491,0.678,0.7572,20,39,14,11,0.7024,0.6452,0.7358,0.6154,0.7912,21,37,16,10,0.6905,0.6774,0.6981,0.6176,0.7444,21,40,13,10,0.7262,0.6774,0.7547,0.6462,0.787,21,38,15,10,0.7024,0.6774,0.717,0.6269,0.7584,18,62,3,3,0.9302,0.8571,0.9538,0.8571,0.9231,17,61,4,4,0.907,0.8095,0.9385,0.8095,0.9165,18,59,6,3,0.8953,0.8571,0.9077,0.8,0.926,17,59,6,4,0.8837,0.8095,0.9077,0.7727,0.9429,18,61,4,3,0.9186,0.8571,0.9385,0.8372,0.9245
327,20,61,7,11,0.8182,0.6452,0.8971,0.6897,0.8634,19,62,6,12,0.8182,0.6129,0.9118,0.6786,0.8487,19,61,7,12,0.8081,0.6129,0.8971,0.6667,0.8482,20,62,6,11,0.8283,0.6452,0.9118,0.7018,0.8401,19,62,6,12,0.8182,0.6129,0.9118,0.6786,0.8786,21,65,5,11,0.8431,0.6562,0.9286,0.7241,0.8683,27,64,6,5,0.8922,0.8438,0.9143,0.8308,0.8879,24,63,7,8,0.8529,0.75,0.9,0.7619,0.8616,21,65,5,11,0.8431,0.6562,0.9286,0.7241,0.8942,24,62,8,8,0.8431,0.75,0.8857,0.75,0.8862,22,41,3,18,0.75,0.55,0.9318,0.6769,0.7693,20,36,8,20,0.6667,0.5,0.8182,0.5882,0.7898,21,33,11,19,0.6429,0.525,0.75,0.5833,0.7665,21,37,7,19,0.6905,0.525,0.8409,0.6176,0.7773,21,35,9,19,0.6667,0.525,0.7955,0.6,0.7937,26,55,2,3,0.9419,0.8966,0.9649,0.9123,0.9704,25,54,3,4,0.9186,0.8621,0.9474,0.8772,0.9673,26,54,3,3,0.9302,0.8966,0.9474,0.8966,0.9456,25,54,3,4,0.9186,0.8621,0.9474,0.8772,0.9625,26,54,3,3,0.9302,0.8966,0.9474,0.8966,0.9716
328,30,49,8,12,0.798,0.7143,0.8596,0.75,0.8375,26,51,6,16,0.7778,0.619,0.8947,0.7027,0.8588,27,47,10,15,0.7475,0.6429,0.8246,0.6835,0.8283,30,51,6,12,0.8182,0.7143,0.8947,0.7692,0.835,27,48,9,15,0.7576,0.6429,0.8421,0.6923,0.8484,18,72,6,6,0.8824,0.75,0.9231,0.75,0.8729,21,69,9,3,0.8824,0.875,0.8846,0.7778,0.8814,15,70,8,9,0.8333,0.625,0.8974,0.6383,0.8803,12,70,8,12,0.8039,0.5,0.8974,0.5455,0.8536,15,68,10,9,0.8137,0.625,0.8718,0.6122,0.8953,16,48,2,18,0.7619,0.4706,0.96,0.6154,0.7282,16,44,6,18,0.7143,0.4706,0.88,0.5714,0.8176,16,41,9,18,0.6786,0.4706,0.82,0.5424,0.7665,18,45,5,16,0.75,0.5294,0.9,0.6316,0.7912,16,45,5,18,0.7262,0.4706,0.9,0.5818,0.7835,17,62,5,2,0.9186,0.8947,0.9254,0.8293,0.9214,15,61,6,4,0.8837,0.7895,0.9104,0.75,0.9309,17,60,7,2,0.8953,0.8947,0.8955,0.7907,0.9104,15,60,7,4,0.8721,0.7895,0.8955,0.7317,0.9277,17,61,6,2,0.907,0.8947,0.9104,0.8095,0.9207
329,20,53,15,11,0.7374,0.6452,0.7794,0.6061,0.7917,17,56,12,14,0.7374,0.5484,0.8235,0.5667,0.7989,18,53,15,13,0.7172,0.5806,0.7794,0.5625,0.7766,20,56,12,11,0.7677,0.6452,0.8235,0.6349,0.7801,18,52,16,13,0.7071,0.5806,0.7647,0.5538,0.8093,22,63,6,11,0.8333,0.6667,0.913,0.7213,0.7927,23,64,5,10,0.8529,0.697,0.9275,0.7541,0.7923,22,62,7,11,0.8235,0.6667,0.8986,0.7097,0.78,22,66,3,11,0.8627,0.6667,0.9565,0.7586,0.7743,22,62,7,11,0.8235,0.6667,0.8986,0.7097,0.8138,25,49,2,8,0.881,0.7576,0.9608,0.8333,0.8818,24,45,6,9,0.8214,0.7273,0.8824,0.7619,0.9067,24,40,11,9,0.7619,0.7273,0.7843,0.7059,0.8734,24,43,8,9,0.7976,0.7273,0.8431,0.7385,0.8907,24,42,9,9,0.7857,0.7273,0.8235,0.7273,0.8984,23,54,5,4,0.8953,0.8519,0.9153,0.8364,0.9046,23,51,8,4,0.8605,0.8519,0.8644,0.7931,0.887,23,51,8,4,0.8605,0.8519,0.8644,0.7931,0.8908,23,51,8,4,0.8605,0.8519,0.8644,0.7931,0.914,23,51,8,4,0.8605,0.8519,0.8644,0.7931,0.8939
330,23,55,11,10,0.7879,0.697,0.8333,0.6866,0.8099,21,59,7,12,0.8081,0.6364,0.8939,0.6885,0.8361,21,54,12,12,0.7576,0.6364,0.8182,0.6364,0.8113,23,59,7,10,0.8283,0.697,0.8939,0.7302,0.8118,21,55,11,12,0.7677,0.6364,0.8333,0.6462,0.8384,25,63,6,8,0.8627,0.7576,0.913,0.7812,0.9166,29,62,7,4,0.8922,0.8788,0.8986,0.8406,0.9047,24,63,6,9,0.8529,0.7273,0.913,0.7619,0.8849,22,63,6,11,0.8333,0.6667,0.913,0.7213,0.9047,24,61,8,9,0.8333,0.7273,0.8841,0.7385,0.8867,22,40,9,13,0.7381,0.6286,0.8163,0.6667,0.7469,23,38,11,12,0.7262,0.6571,0.7755,0.6667,0.7988,23,32,17,12,0.6548,0.6571,0.6531,0.6133,0.7726,23,39,10,12,0.7381,0.6571,0.7959,0.6765,0.7825,23,35,14,12,0.6905,0.6571,0.7143,0.6389,0.8134,21,58,5,2,0.9186,0.913,0.9206,0.8571,0.9193,21,56,7,2,0.8953,0.913,0.8889,0.8235,0.8944,21,56,7,2,0.8953,0.913,0.8889,0.8235,0.9179,21,56,7,2,0.8953,0.913,0.8889,0.8235,0.9248,21,56,7,2,0.8953,0.913,0.8889,0.8235,0.9048
331,27,50,11,11,0.7778,0.7105,0.8197,0.7105,0.8525,21,54,7,17,0.7576,0.5526,0.8852,0.6364,0.8313,26,50,11,12,0.7677,0.6842,0.8197,0.6933,0.8361,27,54,7,11,0.8182,0.7105,0.8852,0.75,0.8343,26,49,12,12,0.7576,0.6842,0.8033,0.6842,0.8546,15,68,11,8,0.8137,0.6522,0.8608,0.6122,0.8316,19,69,10,4,0.8627,0.8261,0.8734,0.7308,0.831,17,64,15,6,0.7941,0.7391,0.8101,0.6182,0.8151,14,74,5,9,0.8627,0.6087,0.9367,0.6667,0.8343,17,63,16,6,0.7843,0.7391,0.7975,0.6071,0.8189,23,46,5,10,0.8214,0.697,0.902,0.7541,0.8562,22,44,7,11,0.7857,0.6667,0.8627,0.7097,0.8633,23,42,9,10,0.7738,0.697,0.8235,0.7077,0.8824,22,46,5,11,0.8095,0.6667,0.902,0.7333,0.8705,23,42,9,10,0.7738,0.697,0.8235,0.7077,0.8936,24,54,6,2,0.907,0.9231,0.9,0.8571,0.9346,24,52,8,2,0.8837,0.9231,0.8667,0.8276,0.9083,24,51,9,2,0.8721,0.9231,0.85,0.8136,0.9301,24,51,9,2,0.8721,0.9231,0.85,0.8136,0.9224,24,52,8,2,0.8837,0.9231,0.8667,0.8276,0.9218
332,32,43,14,10,0.7576,0.7619,0.7544,0.7273,0.8889,29,48,9,13,0.7778,0.6905,0.8421,0.725,0.8906,31,41,16,11,0.7273,0.7381,0.7193,0.6966,0.8818,32,48,9,10,0.8081,0.7619,0.8421,0.7711,0.8937,31,47,10,11,0.7879,0.7381,0.8246,0.747,0.8997,20,73,5,4,0.9118,0.8333,0.9359,0.8163,0.9284,22,72,6,2,0.9216,0.9167,0.9231,0.8462,0.9209,19,71,7,5,0.8824,0.7917,0.9103,0.76,0.8905,19,72,6,5,0.8922,0.7917,0.9231,0.7755,0.9268,19,65,13,5,0.8235,0.7917,0.8333,0.6786,0.9092,23,42,6,13,0.7738,0.6389,0.875,0.7077,0.805,22,32,16,14,0.6429,0.6111,0.6667,0.5946,0.8177,23,31,17,13,0.6429,0.6389,0.6458,0.6053,0.8009,23,37,11,13,0.7143,0.6389,0.7708,0.6571,0.8235,23,35,13,13,0.6905,0.6389,0.7292,0.6389,0.8304,19,57,5,5,0.8837,0.7917,0.9194,0.7917,0.9046,18,55,7,6,0.8488,0.75,0.8871,0.7347,0.9079,19,52,10,5,0.8256,0.7917,0.8387,0.717,0.8542,18,52,10,6,0.814,0.75,0.8387,0.6923,0.8797,19,55,7,5,0.8605,0.7917,0.8871,0.76,0.8999
333,30,54,9,6,0.8485,0.8333,0.8571,0.8,0.9158,29,58,5,7,0.8788,0.8056,0.9206,0.8286,0.9268,27,54,9,9,0.8182,0.75,0.8571,0.75,0.907,30,58,5,6,0.8889,0.8333,0.9206,0.8451,0.9242,27,58,5,9,0.8586,0.75,0.9206,0.7941,0.9286,16,77,2,7,0.9118,0.6957,0.9747,0.7805,0.891,19,77,2,4,0.9412,0.8261,0.9747,0.8636,0.9218,16,76,3,7,0.902,0.6957,0.962,0.7619,0.8817,16,77,2,7,0.9118,0.6957,0.9747,0.7805,0.9081,16,75,4,7,0.8922,0.6957,0.9494,0.7442,0.9086,18,48,9,9,0.7857,0.6667,0.8421,0.6667,0.807,18,45,12,9,0.75,0.6667,0.7895,0.6316,0.8817,19,41,16,8,0.7143,0.7037,0.7193,0.6129,0.8661,18,47,10,9,0.7738,0.6667,0.8246,0.6545,0.8869,19,45,12,8,0.7619,0.7037,0.7895,0.6552,0.8668,22,58,2,4,0.9302,0.8462,0.9667,0.88,0.9154,22,54,6,4,0.8837,0.8462,0.9,0.8148,0.9019,22,51,9,4,0.8488,0.8462,0.85,0.7719,0.9,22,51,9,4,0.8488,0.8462,0.85,0.7719,0.9083,22,54,6,4,0.8837,0.8462,0.9,0.8148,0.9179
334,27,57,8,7,0.8485,0.7941,0.8769,0.7826,0.8964,22,60,5,12,0.8283,0.6471,0.9231,0.7213,0.8955,23,58,7,11,0.8182,0.6765,0.8923,0.7188,0.891,27,60,5,7,0.8788,0.7941,0.9231,0.8182,0.9041,23,58,7,11,0.8182,0.6765,0.8923,0.7188,0.9271,18,75,3,6,0.9118,0.75,0.9615,0.8,0.9044,21,72,6,3,0.9118,0.875,0.9231,0.8235,0.946,18,70,8,6,0.8627,0.75,0.8974,0.72,0.914,17,74,4,7,0.8922,0.7083,0.9487,0.7556,0.9306,18,68,10,6,0.8431,0.75,0.8718,0.6923,0.9354,21,50,5,8,0.8452,0.7241,0.9091,0.7636,0.8683,21,48,7,8,0.8214,0.7241,0.8727,0.7368,0.8853,23,44,11,6,0.7976,0.7931,0.8,0.7302,0.8922,21,48,7,8,0.8214,0.7241,0.8727,0.7368,0.8859,23,48,7,6,0.8452,0.7931,0.8727,0.7797,0.8928,21,62,2,1,0.9651,0.9545,0.9688,0.9333,0.9837,21,61,3,1,0.9535,0.9545,0.9531,0.913,0.9766,21,61,3,1,0.9535,0.9545,0.9531,0.913,0.973,21,61,3,1,0.9535,0.9545,0.9531,0.913,0.978,21,61,3,1,0.9535,0.9545,0.9531,0.913,0.978
335,28,54,12,5,0.8283,0.8485,0.8182,0.7671,0.8678,25,56,10,8,0.8182,0.7576,0.8485,0.7353,0.877,27,55,11,6,0.8283,0.8182,0.8333,0.7606,0.8517,28,56,10,5,0.8485,0.8485,0.8485,0.7887,0.8779,27,55,11,6,0.8283,0.8182,0.8333,0.7606,0.8944,22,66,2,12,0.8627,0.6471,0.9706,0.7586,0.8482,25,67,1,9,0.902,0.7353,0.9853,0.8333,0.9031,21,66,2,13,0.8529,0.6176,0.9706,0.7368,0.8555,20,67,1,14,0.8529,0.5882,0.9853,0.7273,0.872,21,65,3,13,0.8431,0.6176,0.9559,0.7241,0.8837,22,47,4,11,0.8214,0.6667,0.9216,0.7458,0.8425,22,40,11,11,0.7381,0.6667,0.7843,0.6667,0.8419,23,37,14,10,0.7143,0.697,0.7255,0.6571,0.8217,25,40,11,8,0.7738,0.7576,0.7843,0.7246,0.861,23,37,14,10,0.7143,0.697,0.7255,0.6571,0.8461,19,62,2,3,0.9419,0.8636,0.9688,0.8837,0.9261,17,58,6,5,0.8721,0.7727,0.9062,0.7556,0.8828,19,57,7,3,0.8837,0.8636,0.8906,0.7917,0.9276,17,57,7,5,0.8605,0.7727,0.8906,0.7391,0.9403,19,58,6,3,0.8953,0.8636,0.9062,0.8085,0.9261
336,30,50,9,10,0.8081,0.75,0.8475,0.7595,0.8441,28,51,8,12,0.798,0.7,0.8644,0.7368,0.8589,29,48,11,11,0.7778,0.725,0.8136,0.725,0.825,30,51,8,10,0.8182,0.75,0.8644,0.7692,0.8252,29,50,9,11,0.798,0.725,0.8475,0.7436,0.8716,23,66,4,9,0.8725,0.7188,0.9429,0.7797,0.8987,26,66,4,6,0.902,0.8125,0.9429,0.8387,0.9147,21,63,7,11,0.8235,0.6562,0.9,0.7,0.8826,21,66,4,11,0.8529,0.6562,0.9429,0.7368,0.9121,21,61,9,11,0.8039,0.6562,0.8714,0.6774,0.8862,30,46,1,7,0.9048,0.8108,0.9787,0.8824,0.9235,29,41,6,8,0.8333,0.7838,0.8723,0.8056,0.9597,30,42,5,7,0.8571,0.8108,0.8936,0.8333,0.9367,30,42,5,7,0.8571,0.8108,0.8936,0.8333,0.9488,30,42,5,7,0.8571,0.8108,0.8936,0.8333,0.9287,25,54,4,3,0.9186,0.8929,0.931,0.8772,0.9372,23,53,5,5,0.8837,0.8214,0.9138,0.8214,0.9341,25,53,5,3,0.907,0.8929,0.9138,0.8621,0.9317,23,53,5,5,0.8837,0.8214,0.9138,0.8214,0.9483,25,53,5,3,0.907,0.8929,0.9138,0.8621,0.9267
337,30,50,12,7,0.8081,0.8108,0.8065,0.7595,0.8867,28,55,7,9,0.8384,0.7568,0.8871,0.7778,0.8936,28,52,10,9,0.8081,0.7568,0.8387,0.7467,0.8797,30,55,7,7,0.8586,0.8108,0.8871,0.8108,0.8758,28,53,9,9,0.8182,0.7568,0.8548,0.7568,0.8915,25,69,3,5,0.9216,0.8333,0.9583,0.8621,0.8773,26,68,4,4,0.9216,0.8667,0.9444,0.8667,0.9093,25,63,9,5,0.8627,0.8333,0.875,0.7812,0.8856,25,69,3,5,0.9216,0.8333,0.9583,0.8621,0.8963,25,62,10,5,0.8529,0.8333,0.8611,0.7692,0.8949,25,48,5,6,0.869,0.8065,0.9057,0.8197,0.8472,25,46,7,6,0.8452,0.8065,0.8679,0.7937,0.9105,26,41,12,5,0.7976,0.8387,0.7736,0.7536,0.8472,26,44,9,5,0.8333,0.8387,0.8302,0.7879,0.8825,26,44,9,5,0.8333,0.8387,0.8302,0.7879,0.8996,21,57,6,2,0.907,0.913,0.9048,0.84,0.9351,20,56,7,3,0.8837,0.8696,0.8889,0.8,0.9068,21,55,8,2,0.8837,0.913,0.873,0.8077,0.9227,20,55,8,3,0.8721,0.8696,0.873,0.7843,0.9227,21,56,7,2,0.8953,0.913,0.8889,0.8235,0.9158
338,24,54,11,10,0.7879,0.7059,0.8308,0.6957,0.8475,22,59,6,12,0.8182,0.6471,0.9077,0.7097,0.8335,23,54,11,11,0.7778,0.6765,0.8308,0.6765,0.8299,24,59,6,10,0.8384,0.7059,0.9077,0.75,0.8235,23,53,12,11,0.7677,0.6765,0.8154,0.6667,0.8692,21,63,8,10,0.8235,0.6774,0.8873,0.7,0.8492,24,66,5,7,0.8824,0.7742,0.9296,0.8,0.8764,20,66,5,11,0.8431,0.6452,0.9296,0.7143,0.8437,19,69,2,12,0.8627,0.6129,0.9718,0.7308,0.8628,20,63,8,11,0.8137,0.6452,0.8873,0.678,0.8669,26,42,5,11,0.8095,0.7027,0.8936,0.7647,0.8321,27,39,8,10,0.7857,0.7297,0.8298,0.75,0.8861,28,35,12,9,0.75,0.7568,0.7447,0.7273,0.8568,28,43,4,9,0.8452,0.7568,0.9149,0.8116,0.8879,28,37,10,9,0.7738,0.7568,0.7872,0.7467,0.8775,30,52,1,3,0.9535,0.9091,0.9811,0.9375,0.9423,29,51,2,4,0.9302,0.8788,0.9623,0.9062,0.9131,30,50,3,3,0.9302,0.9091,0.9434,0.9091,0.9474,29,50,3,4,0.9186,0.8788,0.9434,0.8923,0.9514,30,51,2,3,0.9419,0.9091,0.9623,0.9231,0.9371
339,33,47,11,8,0.8081,0.8049,0.8103,0.7765,0.8717,28,48,10,13,0.7677,0.6829,0.8276,0.7089,0.8486,29,47,11,12,0.7677,0.7073,0.8103,0.716,0.8301,33,48,10,8,0.8182,0.8049,0.8276,0.7857,0.8507,29,47,11,12,0.7677,0.7073,0.8103,0.716,0.8818,22,57,10,13,0.7745,0.6286,0.8507,0.6567,0.7881,25,57,10,10,0.8039,0.7143,0.8507,0.7143,0.8107,21,56,11,14,0.7549,0.6,0.8358,0.6269,0.7885,20,60,7,15,0.7843,0.5714,0.8955,0.6452,0.803,21,52,15,14,0.7157,0.6,0.7761,0.5915,0.794,29,37,10,8,0.7857,0.7838,0.7872,0.7632,0.8344,32,33,14,5,0.7738,0.8649,0.7021,0.7711,0.858,32,31,16,5,0.75,0.8649,0.6596,0.7529,0.8493,32,36,11,5,0.8095,0.8649,0.766,0.8,0.8574,32,36,11,5,0.8095,0.8649,0.766,0.8,0.8689,22,58,4,2,0.9302,0.9167,0.9355,0.88,0.9429,22,57,5,2,0.9186,0.9167,0.9194,0.8627,0.9267,22,57,5,2,0.9186,0.9167,0.9194,0.8627,0.9409,22,57,5,2,0.9186,0.9167,0.9194,0.8627,0.9503,22,57,5,2,0.9186,0.9167,0.9194,0.8627,0.9362
340,29,46,16,8,0.7576,0.7838,0.7419,0.7073,0.8243,26,55,7,11,0.8182,0.7027,0.8871,0.7429,0.8208,28,49,13,9,0.7778,0.7568,0.7903,0.7179,0.7864,29,55,7,8,0.8485,0.7838,0.8871,0.7945,0.8211,28,49,13,9,0.7778,0.7568,0.7903,0.7179,0.857,21,66,2,13,0.8529,0.6176,0.9706,0.7368,0.8214,22,65,3,12,0.8529,0.6471,0.9559,0.7458,0.8547,18,65,3,16,0.8137,0.5294,0.9559,0.6545,0.8175,18,66,2,16,0.8235,0.5294,0.9706,0.6667,0.8408,18,64,4,16,0.8039,0.5294,0.9412,0.6429,0.8062,26,44,4,10,0.8333,0.7222,0.9167,0.7879,0.8657,28,41,7,8,0.8214,0.7778,0.8542,0.7887,0.9034,28,41,7,8,0.8214,0.7778,0.8542,0.7887,0.8906,29,41,7,7,0.8333,0.8056,0.8542,0.8056,0.8981,28,42,6,8,0.8333,0.7778,0.875,0.8,0.9034,20,60,3,3,0.9302,0.8696,0.9524,0.8696,0.9034,19,58,5,4,0.8953,0.8261,0.9206,0.8085,0.873,20,57,6,3,0.8953,0.8696,0.9048,0.8163,0.922,19,57,6,4,0.8837,0.8261,0.9048,0.7917,0.9179,20,58,5,3,0.907,0.8696,0.9206,0.8333,0.8986
341,26,52,10,11,0.7879,0.7027,0.8387,0.7123,0.8313,24,54,8,13,0.7879,0.6486,0.871,0.6957,0.8622,25,52,10,12,0.7778,0.6757,0.8387,0.6944,0.8269,26,54,8,11,0.8081,0.7027,0.871,0.7324,0.8106,25,52,10,12,0.7778,0.6757,0.8387,0.6944,0.8405,22,70,1,9,0.902,0.7097,0.9859,0.8148,0.8487,23,70,1,8,0.9118,0.7419,0.9859,0.8364,0.8419,21,70,1,10,0.8922,0.6774,0.9859,0.7925,0.8423,20,70,1,11,0.8824,0.6452,0.9859,0.7692,0.8419,21,69,2,10,0.8824,0.6774,0.9718,0.7778,0.8473,18,51,6,9,0.8214,0.6667,0.8947,0.7059,0.8564,20,49,8,7,0.8214,0.7407,0.8596,0.7273,0.8889,20,46,11,7,0.7857,0.7407,0.807,0.6897,0.8843,20,52,5,7,0.8571,0.7407,0.9123,0.7692,0.9019,20,48,9,7,0.8095,0.7407,0.8421,0.7143,0.8908,25,54,4,3,0.9186,0.8929,0.931,0.8772,0.9206,25,50,8,3,0.8721,0.8929,0.8621,0.8197,0.9126,25,50,8,3,0.8721,0.8929,0.8621,0.8197,0.9064,25,50,8,3,0.8721,0.8929,0.8621,0.8197,0.9329,25,50,8,3,0.8721,0.8929,0.8621,0.8197,0.9119
342,27,51,14,7,0.7879,0.7941,0.7846,0.72,0.8321,24,53,12,10,0.7778,0.7059,0.8154,0.6857,0.8475,26,52,13,8,0.7879,0.7647,0.8,0.7123,0.8208,27,53,12,7,0.8081,0.7941,0.8154,0.7397,0.814,26,51,14,8,0.7778,0.7647,0.7846,0.7027,0.8701,23,65,5,9,0.8627,0.7188,0.9286,0.7667,0.8808,27,66,4,5,0.9118,0.8438,0.9429,0.8571,0.9241,22,66,4,10,0.8627,0.6875,0.9429,0.7586,0.8839,19,68,2,13,0.8529,0.5938,0.9714,0.717,0.9134,22,62,8,10,0.8235,0.6875,0.8857,0.7097,0.908,18,51,6,9,0.8214,0.6667,0.8947,0.7059,0.8278,19,42,15,8,0.7262,0.7037,0.7368,0.623,0.8213,20,38,19,7,0.6905,0.7407,0.6667,0.6061,0.8389,20,47,10,7,0.7976,0.7407,0.8246,0.7018,0.8408,20,44,13,7,0.7619,0.7407,0.7719,0.6667,0.8473,23,57,3,3,0.9302,0.8846,0.95,0.8846,0.9372,22,57,3,4,0.9186,0.8462,0.95,0.8627,0.9538,23,57,3,3,0.9302,0.8846,0.95,0.8846,0.9231,22,57,3,4,0.9186,0.8462,0.95,0.8627,0.9538,23,57,3,3,0.9302,0.8846,0.95,0.8846,0.9429
343,40,40,12,7,0.8081,0.8511,0.7692,0.8081,0.858,39,42,10,8,0.8182,0.8298,0.8077,0.8125,0.8633,38,38,14,9,0.7677,0.8085,0.7308,0.7677,0.847,40,42,10,7,0.8283,0.8511,0.8077,0.8247,0.8279,38,41,11,9,0.798,0.8085,0.7885,0.7917,0.8719,32,54,9,7,0.8431,0.8205,0.8571,0.8,0.9292,34,57,6,5,0.8922,0.8718,0.9048,0.8608,0.921,30,56,7,9,0.8431,0.7692,0.8889,0.7895,0.8942,29,58,5,10,0.8529,0.7436,0.9206,0.7945,0.9235,30,56,7,9,0.8431,0.7692,0.8889,0.7895,0.9088,23,44,8,9,0.7976,0.7188,0.8462,0.7302,0.7897,23,37,15,9,0.7143,0.7188,0.7115,0.6571,0.8654,23,39,13,9,0.7381,0.7188,0.75,0.6765,0.8101,23,44,8,9,0.7976,0.7188,0.8462,0.7302,0.851,23,39,13,9,0.7381,0.7188,0.75,0.6765,0.8275,19,57,6,4,0.8837,0.8261,0.9048,0.7917,0.8578,19,55,8,4,0.8605,0.8261,0.873,0.76,0.804,19,53,10,4,0.8372,0.8261,0.8413,0.7308,0.8668,19,53,10,4,0.8372,0.8261,0.8413,0.7308,0.8696,19,55,8,4,0.8605,0.8261,0.873,0.76,0.8468
344,21,51,15,12,0.7273,0.6364,0.7727,0.6087,0.7264,17,53,13,16,0.7071,0.5152,0.803,0.5397,0.7185,17,51,15,16,0.6869,0.5152,0.7727,0.5231,0.6804,21,53,13,12,0.7475,0.6364,0.803,0.6269,0.7202,17,51,15,16,0.6869,0.5152,0.7727,0.5231,0.7612,17,67,11,7,0.8235,0.7083,0.859,0.6538,0.8851,19,68,10,5,0.8529,0.7917,0.8718,0.717,0.8729,15,68,10,9,0.8137,0.625,0.8718,0.6122,0.852,15,71,7,9,0.8431,0.625,0.9103,0.6522,0.8702,15,66,12,9,0.7941,0.625,0.8462,0.5882,0.8654,20,51,4,9,0.8452,0.6897,0.9273,0.7547,0.8947,18,48,7,11,0.7857,0.6207,0.8727,0.6667,0.9047,19,45,10,10,0.7619,0.6552,0.8182,0.6552,0.8821,19,50,5,10,0.8214,0.6552,0.9091,0.717,0.8953,19,49,6,10,0.8095,0.6552,0.8909,0.7037,0.8815,14,64,6,2,0.907,0.875,0.9143,0.7778,0.8696,13,63,7,3,0.8837,0.8125,0.9,0.7222,0.8402,14,62,8,2,0.8837,0.875,0.8857,0.7368,0.9071,13,62,8,3,0.8721,0.8125,0.8857,0.7027,0.9045,14,63,7,2,0.8953,0.875,0.9,0.7568,0.8679
345,28,56,10,5,0.8485,0.8485,0.8485,0.7887,0.8572,26,58,8,7,0.8485,0.7879,0.8788,0.7761,0.8485,23,56,10,10,0.798,0.697,0.8485,0.697,0.8264,28,58,8,5,0.8687,0.8485,0.8788,0.8116,0.8469,23,55,11,10,0.7879,0.697,0.8333,0.6866,0.8558,16,72,3,11,0.8627,0.5926,0.96,0.6957,0.8015,19,70,5,8,0.8725,0.7037,0.9333,0.7451,0.8311,17,70,5,10,0.8529,0.6296,0.9333,0.6939,0.7872,15,71,4,12,0.8431,0.5556,0.9467,0.6522,0.8193,17,65,10,10,0.8039,0.6296,0.8667,0.6296,0.7832,25,42,8,9,0.7976,0.7353,0.84,0.7463,0.8559,26,36,14,8,0.7381,0.7647,0.72,0.7027,0.8276,27,35,15,7,0.7381,0.7941,0.7,0.7105,0.8635,28,40,10,6,0.8095,0.8235,0.8,0.7778,0.8782,27,40,10,7,0.7976,0.7941,0.8,0.7606,0.8612,16,61,6,3,0.8953,0.8421,0.9104,0.7805,0.8421,15,61,6,4,0.8837,0.7895,0.9104,0.75,0.813,16,61,6,3,0.8953,0.8421,0.9104,0.7805,0.8963,15,61,6,4,0.8837,0.7895,0.9104,0.75,0.9049,16,61,6,3,0.8953,0.8421,0.9104,0.7805,0.8468
346,22,50,15,12,0.7273,0.6471,0.7692,0.6197,0.8149,21,55,10,13,0.7677,0.6176,0.8462,0.6462,0.805,22,53,12,12,0.7576,0.6471,0.8154,0.6471,0.8009,22,55,10,12,0.7778,0.6471,0.8462,0.6667,0.7977,22,54,11,12,0.7677,0.6471,0.8308,0.6567,0.8498,20,66,5,11,0.8431,0.6452,0.9296,0.7143,0.8523,24,69,2,7,0.9118,0.7742,0.9718,0.8421,0.8741,21,68,3,10,0.8725,0.6774,0.9577,0.7636,0.8564,18,69,2,13,0.8529,0.5806,0.9718,0.7059,0.8614,21,68,3,10,0.8725,0.6774,0.9577,0.7636,0.8632,28,37,5,14,0.7738,0.6667,0.881,0.7467,0.8192,26,32,10,16,0.6905,0.619,0.7619,0.6667,0.8033,27,29,13,15,0.6667,0.6429,0.6905,0.6585,0.7885,28,35,7,14,0.75,0.6667,0.8333,0.7273,0.8316,27,32,10,15,0.7024,0.6429,0.7619,0.6835,0.8282,20,58,4,4,0.907,0.8333,0.9355,0.8333,0.9046,19,58,4,5,0.8953,0.7917,0.9355,0.8085,0.8985,20,58,4,4,0.907,0.8333,0.9355,0.8333,0.8884,19,58,4,5,0.8953,0.7917,0.9355,0.8085,0.9194,20,58,4,4,0.907,0.8333,0.9355,0.8333,0.9099
347,24,48,18,9,0.7273,0.7273,0.7273,0.64,0.8434,21,55,11,12,0.7677,0.6364,0.8333,0.6462,0.8361,24,50,16,9,0.7475,0.7273,0.7576,0.6575,0.8058,24,55,11,9,0.798,0.7273,0.8333,0.7059,0.8255,24,54,12,9,0.7879,0.7273,0.8182,0.6957,0.8517,16,73,6,7,0.8725,0.6957,0.9241,0.7111,0.8949,19,77,2,4,0.9412,0.8261,0.9747,0.8636,0.9229,14,75,4,9,0.8725,0.6087,0.9494,0.6829,0.8674,13,77,2,10,0.8824,0.5652,0.9747,0.6842,0.9086,14,73,6,9,0.8529,0.6087,0.9241,0.6512,0.8927,19,53,9,3,0.8571,0.8636,0.8548,0.76,0.8996,17,46,16,5,0.75,0.7727,0.7419,0.6182,0.8629,17,44,18,5,0.7262,0.7727,0.7097,0.5965,0.8526,19,53,9,3,0.8571,0.8636,0.8548,0.76,0.9047,17,47,15,5,0.7619,0.7727,0.7581,0.6296,0.8952,22,55,3,6,0.8953,0.7857,0.9483,0.8302,0.9156,18,55,3,10,0.8488,0.6429,0.9483,0.7347,0.8947,22,54,4,6,0.8837,0.7857,0.931,0.8148,0.8916,18,54,4,10,0.8372,0.6429,0.931,0.72,0.9193,22,55,3,6,0.8953,0.7857,0.9483,0.8302,0.9126
348,27,49,12,11,0.7677,0.7105,0.8033,0.7013,0.8106,22,52,9,16,0.7475,0.5789,0.8525,0.6377,0.777,20,51,10,18,0.7172,0.5263,0.8361,0.5882,0.7563,27,52,9,11,0.798,0.7105,0.8525,0.7297,0.7722,20,51,10,18,0.7172,0.5263,0.8361,0.5882,0.8248,20,72,4,6,0.902,0.7692,0.9474,0.8,0.9003,21,69,7,5,0.8824,0.8077,0.9079,0.7778,0.8887,18,71,5,8,0.8725,0.6923,0.9342,0.7347,0.8831,17,70,6,9,0.8529,0.6538,0.9211,0.6939,0.9044,18,67,9,8,0.8333,0.6923,0.8816,0.6792,0.878,27,37,8,12,0.7619,0.6923,0.8222,0.7297,0.8199,27,33,12,12,0.7143,0.6923,0.7333,0.6923,0.8456,27,28,17,12,0.6548,0.6923,0.6222,0.6506,0.8302,28,33,12,11,0.7262,0.7179,0.7333,0.7089,0.8501,27,34,11,12,0.7262,0.6923,0.7556,0.7013,0.8234,22,62,2,0,0.9767,1.0,0.9688,0.9565,0.9886,21,59,5,1,0.9302,0.9545,0.9219,0.875,0.9801,22,59,5,0,0.9419,1.0,0.9219,0.898,0.9794,21,59,5,1,0.9302,0.9545,0.9219,0.875,0.9744,22,59,5,0,0.9419,1.0,0.9219,0.898,0.9872
349,26,61,11,1,0.8788,0.963,0.8472,0.8125,0.929,20,63,9,7,0.8384,0.7407,0.875,0.7143,0.9321,21,60,12,6,0.8182,0.7778,0.8333,0.7,0.9239,26,63,9,1,0.899,0.963,0.875,0.8387,0.9285,21,63,9,6,0.8485,0.7778,0.875,0.7368,0.9414,20,71,1,10,0.8922,0.6667,0.9861,0.7843,0.8426,25,68,4,5,0.9118,0.8333,0.9444,0.8475,0.8801,18,69,3,12,0.8529,0.6,0.9583,0.7059,0.8329,17,68,4,13,0.8333,0.5667,0.9444,0.6667,0.8681,18,65,7,12,0.8137,0.6,0.9028,0.6545,0.8579,17,51,8,8,0.8095,0.68,0.8644,0.68,0.8102,17,48,11,8,0.7738,0.68,0.8136,0.6415,0.8251,17,43,16,8,0.7143,0.68,0.7288,0.5862,0.8203,19,48,11,6,0.7976,0.76,0.8136,0.6909,0.8386,17,50,9,8,0.7976,0.68,0.8475,0.6667,0.8224,14,65,5,2,0.9186,0.875,0.9286,0.8,0.9179,13,64,6,3,0.8953,0.8125,0.9143,0.7429,0.9054,14,63,7,2,0.8953,0.875,0.9,0.7568,0.933,13,63,7,3,0.8837,0.8125,0.9,0.7222,0.9402,14,64,6,2,0.907,0.875,0.9143,0.7778,0.9045
350,19,58,16,6,0.7778,0.76,0.7838,0.6333,0.8308,14,66,8,11,0.8081,0.56,0.8919,0.5957,0.8654,16,61,13,9,0.7778,0.64,0.8243,0.5926,0.8243,19,66,8,6,0.8586,0.76,0.8919,0.7308,0.8389,16,63,11,9,0.798,0.64,0.8514,0.6154,0.8562,13,75,6,8,0.8627,0.619,0.9259,0.65,0.7948,14,74,7,7,0.8627,0.6667,0.9136,0.6667,0.7784,11,75,6,10,0.8431,0.5238,0.9259,0.5789,0.756,11,75,6,10,0.8431,0.5238,0.9259,0.5789,0.7907,11,73,8,10,0.8235,0.5238,0.9012,0.55,0.7425,26,43,7,8,0.8214,0.7647,0.86,0.7761,0.85,26,42,8,8,0.8095,0.7647,0.84,0.7647,0.9065,28,36,14,6,0.7619,0.8235,0.72,0.7368,0.8588,27,42,8,7,0.8214,0.7941,0.84,0.7826,0.8806,28,41,9,6,0.8214,0.8235,0.82,0.7887,0.8788,24,60,1,1,0.9767,0.96,0.9836,0.96,0.9646,22,60,1,3,0.9535,0.88,0.9836,0.9167,0.9548,24,59,2,1,0.9651,0.96,0.9672,0.9412,0.9725,22,59,2,3,0.9419,0.88,0.9672,0.898,0.9816,24,60,1,1,0.9767,0.96,0.9836,0.96,0.9646
351,28,51,13,7,0.798,0.8,0.7969,0.7368,0.8576,24,57,7,11,0.8182,0.6857,0.8906,0.7273,0.8679,26,53,11,9,0.798,0.7429,0.8281,0.7222,0.8455,28,57,7,7,0.8586,0.8,0.8906,0.8,0.8589,26,57,7,9,0.8384,0.7429,0.8906,0.7647,0.8871,13,76,4,9,0.8725,0.5909,0.95,0.6667,0.7443,15,78,2,7,0.9118,0.6818,0.975,0.7692,0.7528,13,75,5,9,0.8627,0.5909,0.9375,0.65,0.7091,12,78,2,10,0.8824,0.5455,0.975,0.6667,0.7398,13,73,7,9,0.8431,0.5909,0.9125,0.619,0.708,19,52,3,10,0.8452,0.6552,0.9455,0.7451,0.8621,20,45,10,9,0.7738,0.6897,0.8182,0.678,0.8583,22,42,13,7,0.7619,0.7586,0.7636,0.6875,0.8445,20,46,9,9,0.7857,0.6897,0.8364,0.6897,0.8564,22,45,10,7,0.7976,0.7586,0.8182,0.7213,0.8727,18,65,3,0,0.9651,1.0,0.9559,0.9231,0.9902,18,64,4,0,0.9535,1.0,0.9412,0.9,0.9902,18,61,7,0,0.9186,1.0,0.8971,0.8372,0.9902,18,61,7,0,0.9186,1.0,0.8971,0.8372,0.9877,18,64,4,0,0.9535,1.0,0.9412,0.9,0.9828
352,26,52,14,7,0.7879,0.7879,0.7879,0.7123,0.8779,22,61,5,11,0.8384,0.6667,0.9242,0.7333,0.8848,26,52,14,7,0.7879,0.7879,0.7879,0.7123,0.8632,26,61,5,7,0.8788,0.7879,0.9242,0.8125,0.8857,26,56,10,7,0.8283,0.7879,0.8485,0.7536,0.9045,12,79,4,7,0.8922,0.6316,0.9518,0.6857,0.7876,13,79,4,6,0.902,0.6842,0.9518,0.7222,0.7717,12,76,7,7,0.8627,0.6316,0.9157,0.6316,0.7749,12,81,2,7,0.9118,0.6316,0.9759,0.7273,0.7901,12,76,7,7,0.8627,0.6316,0.9157,0.6316,0.7952,20,50,7,7,0.8333,0.7407,0.8772,0.7407,0.8726,19,45,12,8,0.7619,0.7037,0.7895,0.6552,0.8804,20,41,16,7,0.7262,0.7407,0.7193,0.6349,0.8642,20,45,12,7,0.7738,0.7407,0.7895,0.678,0.8856,20,42,15,7,0.7381,0.7407,0.7368,0.6452,0.872,27,56,1,2,0.9651,0.931,0.9825,0.9474,0.9728,26,55,2,3,0.9419,0.8966,0.9649,0.9123,0.9819,27,53,4,2,0.9302,0.931,0.9298,0.9,0.9546,26,53,4,3,0.9186,0.8966,0.9298,0.8814,0.9722,27,55,2,2,0.9535,0.931,0.9649,0.931,0.9776
353,32,48,11,8,0.8081,0.8,0.8136,0.7711,0.9038,28,55,4,12,0.8384,0.7,0.9322,0.7778,0.9093,28,49,10,12,0.7778,0.7,0.8305,0.7179,0.878,32,55,4,8,0.8788,0.8,0.9322,0.8421,0.9106,28,54,5,12,0.8283,0.7,0.9153,0.7671,0.9136,19,69,6,8,0.8627,0.7037,0.92,0.7308,0.8844,21,68,7,6,0.8725,0.7778,0.9067,0.7636,0.878,19,68,7,8,0.8529,0.7037,0.9067,0.717,0.8519,18,68,7,9,0.8431,0.6667,0.9067,0.6923,0.8686,19,65,10,8,0.8235,0.7037,0.8667,0.6786,0.8519,19,44,7,14,0.75,0.5758,0.8627,0.6441,0.8039,19,42,9,14,0.7262,0.5758,0.8235,0.623,0.8509,20,40,11,13,0.7143,0.6061,0.7843,0.625,0.833,22,45,6,11,0.7976,0.6667,0.8824,0.7213,0.8592,20,44,7,13,0.7619,0.6061,0.8627,0.6667,0.8645,28,56,1,1,0.9767,0.9655,0.9825,0.9655,0.9589,26,56,1,3,0.9535,0.8966,0.9825,0.9286,0.9522,28,53,4,1,0.9419,0.9655,0.9298,0.918,0.9643,26,53,4,3,0.9186,0.8966,0.9298,0.8814,0.9716,28,56,1,1,0.9767,0.9655,0.9825,0.9655,0.9607
354,29,53,9,8,0.8283,0.7838,0.8548,0.7733,0.9159,22,55,7,15,0.7778,0.5946,0.8871,0.6667,0.8888,28,54,8,9,0.8283,0.7568,0.871,0.7671,0.8714,29,55,7,8,0.8485,0.7838,0.8871,0.7945,0.9141,28,52,10,9,0.8081,0.7568,0.8387,0.7467,0.9172,12,73,5,12,0.8333,0.5,0.9359,0.5854,0.7431,15,71,7,9,0.8431,0.625,0.9103,0.6522,0.7687,14,70,8,10,0.8235,0.5833,0.8974,0.6087,0.7644,11,74,4,13,0.8333,0.4583,0.9487,0.5641,0.7591,14,69,9,10,0.8137,0.5833,0.8846,0.5957,0.7708,26,45,4,9,0.8452,0.7429,0.9184,0.8,0.8612,27,41,8,8,0.8095,0.7714,0.8367,0.7714,0.8513,27,40,9,8,0.7976,0.7714,0.8163,0.7606,0.8665,28,42,7,7,0.8333,0.8,0.8571,0.8,0.8647,27,43,6,8,0.8333,0.7714,0.8776,0.7941,0.8717,22,60,1,3,0.9535,0.88,0.9836,0.9167,0.9502,20,58,3,5,0.907,0.8,0.9508,0.8333,0.9292,22,57,4,3,0.9186,0.88,0.9344,0.8627,0.9449,20,57,4,5,0.8953,0.8,0.9344,0.8163,0.9541,22,58,3,3,0.9302,0.88,0.9508,0.88,0.9521
355,26,55,11,7,0.8182,0.7879,0.8333,0.7429,0.8682,21,61,5,12,0.8283,0.6364,0.9242,0.7119,0.8811,25,57,9,8,0.8283,0.7576,0.8636,0.7463,0.8632,26,61,5,7,0.8788,0.7879,0.9242,0.8125,0.871,25,57,9,8,0.8283,0.7576,0.8636,0.7463,0.8962,11,75,7,9,0.8431,0.55,0.9146,0.5789,0.7829,13,74,8,7,0.8529,0.65,0.9024,0.6341,0.8335,12,73,9,8,0.8333,0.6,0.8902,0.5854,0.8134,10,75,7,10,0.8333,0.5,0.9146,0.5405,0.8177,12,72,10,8,0.8235,0.6,0.878,0.5714,0.8274,20,52,6,6,0.8571,0.7692,0.8966,0.7692,0.8236,21,44,14,5,0.7738,0.8077,0.7586,0.6885,0.8302,21,42,16,5,0.75,0.8077,0.7241,0.6667,0.8216,21,47,11,5,0.8095,0.8077,0.8103,0.7241,0.8249,21,46,12,5,0.7976,0.8077,0.7931,0.7119,0.8355,21,59,1,5,0.9302,0.8077,0.9833,0.875,0.9372,21,59,1,5,0.9302,0.8077,0.9833,0.875,0.9295,21,58,2,5,0.9186,0.8077,0.9667,0.8571,0.9199,21,58,2,5,0.9186,0.8077,0.9667,0.8571,0.9558,21,59,1,5,0.9302,0.8077,0.9833,0.875,0.9442
356,19,56,12,12,0.7576,0.6129,0.8235,0.6129,0.7775,18,61,7,13,0.798,0.5806,0.8971,0.6429,0.7936,16,55,13,15,0.7172,0.5161,0.8088,0.5333,0.7562,19,61,7,12,0.8081,0.6129,0.8971,0.6667,0.7543,16,58,10,15,0.7475,0.5161,0.8529,0.5614,0.7884,22,62,4,14,0.8235,0.6111,0.9394,0.7097,0.7635,23,65,1,13,0.8627,0.6389,0.9848,0.7667,0.7988,20,64,2,16,0.8235,0.5556,0.9697,0.6897,0.7706,20,66,0,16,0.8431,0.5556,1.0,0.7143,0.7934,20,64,2,16,0.8235,0.5556,0.9697,0.6897,0.7908,20,51,6,7,0.8452,0.7407,0.8947,0.7547,0.9168,20,52,5,7,0.8571,0.7407,0.9123,0.7692,0.9578,22,46,11,5,0.8095,0.8148,0.807,0.7333,0.9214,21,52,5,6,0.869,0.7778,0.9123,0.7925,0.963,22,48,9,5,0.8333,0.8148,0.8421,0.7586,0.9441,22,53,5,6,0.8721,0.7857,0.9138,0.8,0.8713,21,53,5,7,0.8605,0.75,0.9138,0.7778,0.8479,22,52,6,6,0.8605,0.7857,0.8966,0.7857,0.8762,21,52,6,7,0.8488,0.75,0.8966,0.7636,0.9187,22,53,5,6,0.8721,0.7857,0.9138,0.8,0.8651
357,22,55,12,10,0.7778,0.6875,0.8209,0.6667,0.7994,20,59,8,12,0.798,0.625,0.8806,0.6667,0.8097,17,55,12,15,0.7273,0.5312,0.8209,0.5574,0.7887,22,59,8,10,0.8182,0.6875,0.8806,0.7097,0.7934,17,55,12,15,0.7273,0.5312,0.8209,0.5574,0.8279,19,69,6,8,0.8627,0.7037,0.92,0.7308,0.8528,21,69,6,6,0.8824,0.7778,0.92,0.7778,0.8514,19,67,8,8,0.8431,0.7037,0.8933,0.7037,0.8301,19,71,4,8,0.8824,0.7037,0.9467,0.76,0.8523,19,66,9,8,0.8333,0.7037,0.88,0.6909,0.8326,26,45,5,8,0.8452,0.7647,0.9,0.8,0.8835,26,41,9,8,0.7976,0.7647,0.82,0.7536,0.9024,28,39,11,6,0.7976,0.8235,0.78,0.7671,0.88,27,43,7,7,0.8333,0.7941,0.86,0.7941,0.8935,28,42,8,6,0.8333,0.8235,0.84,0.8,0.8971,23,55,6,2,0.907,0.92,0.9016,0.8519,0.9082,22,55,6,3,0.8953,0.88,0.9016,0.8302,0.9062,23,55,6,2,0.907,0.92,0.9016,0.8519,0.9141,22,55,6,3,0.8953,0.88,0.9016,0.8302,0.9292,23,55,6,2,0.907,0.92,0.9016,0.8519,0.903
358,18,56,15,10,0.7475,0.6429,0.7887,0.5902,0.8104,16,63,8,12,0.798,0.5714,0.8873,0.6154,0.7902,18,58,13,10,0.7677,0.6429,0.8169,0.6102,0.7671,18,63,8,10,0.8182,0.6429,0.8873,0.6667,0.7767,18,62,9,10,0.8081,0.6429,0.8732,0.6545,0.8275,16,71,7,8,0.8529,0.6667,0.9103,0.6809,0.8606,20,74,4,4,0.9216,0.8333,0.9487,0.8333,0.859,13,71,7,11,0.8235,0.5417,0.9103,0.5909,0.8146,13,74,4,11,0.8529,0.5417,0.9487,0.6341,0.8595,13,71,7,11,0.8235,0.5417,0.9103,0.5909,0.8408,29,43,5,7,0.8571,0.8056,0.8958,0.8286,0.8953,27,41,7,9,0.8095,0.75,0.8542,0.7714,0.9334,27,38,10,9,0.7738,0.75,0.7917,0.7397,0.8929,27,43,5,9,0.8333,0.75,0.8958,0.7941,0.9178,27,39,9,9,0.7857,0.75,0.8125,0.75,0.9062,26,57,2,1,0.9651,0.963,0.9661,0.9455,0.9774,26,56,3,1,0.9535,0.963,0.9492,0.9286,0.9736,26,55,4,1,0.9419,0.963,0.9322,0.9123,0.9743,26,55,4,1,0.9419,0.963,0.9322,0.9123,0.9736,26,56,3,1,0.9535,0.963,0.9492,0.9286,0.9793
359,24,52,13,10,0.7677,0.7059,0.8,0.6761,0.8529,21,56,9,13,0.7778,0.6176,0.8615,0.6562,0.8597,22,51,14,12,0.7374,0.6471,0.7846,0.6286,0.8321,24,56,9,10,0.8081,0.7059,0.8615,0.7164,0.8389,22,55,10,12,0.7778,0.6471,0.8462,0.6667,0.8733,18,72,4,8,0.8824,0.6923,0.9474,0.75,0.8441,20,71,5,6,0.8922,0.7692,0.9342,0.7843,0.873,18,66,10,8,0.8235,0.6923,0.8684,0.6667,0.8335,16,73,3,10,0.8725,0.6154,0.9605,0.7111,0.8553,18,62,14,8,0.7843,0.6923,0.8158,0.6207,0.8436,20,45,7,12,0.7738,0.625,0.8654,0.678,0.7999,19,41,11,13,0.7143,0.5938,0.7885,0.6129,0.8341,20,38,14,12,0.6905,0.625,0.7308,0.6061,0.8107,21,41,11,11,0.7381,0.6562,0.7885,0.6562,0.8281,20,40,12,12,0.7143,0.625,0.7692,0.625,0.8275,22,57,5,2,0.9186,0.9167,0.9194,0.8627,0.9409,20,57,5,4,0.8953,0.8333,0.9194,0.8163,0.9429,22,55,7,2,0.8953,0.9167,0.8871,0.8302,0.9368,20,55,7,4,0.8721,0.8333,0.8871,0.7843,0.9449,22,57,5,2,0.9186,0.9167,0.9194,0.8627,0.9442
360,26,51,8,14,0.7778,0.65,0.8644,0.7027,0.7928,22,57,2,18,0.798,0.55,0.9661,0.6875,0.8449,24,51,8,16,0.7576,0.6,0.8644,0.6667,0.8068,26,57,2,14,0.8384,0.65,0.9661,0.7647,0.7919,24,53,6,16,0.7778,0.6,0.8983,0.6857,0.847,17,80,1,4,0.951,0.8095,0.9877,0.8718,0.8871,17,77,4,4,0.9216,0.8095,0.9506,0.8095,0.9001,15,75,6,6,0.8824,0.7143,0.9259,0.7143,0.8742,15,78,3,6,0.9118,0.7143,0.963,0.7692,0.8954,15,74,7,6,0.8725,0.7143,0.9136,0.6977,0.8871,23,43,4,14,0.7857,0.6216,0.9149,0.7187,0.8154,23,34,13,14,0.6786,0.6216,0.7234,0.6301,0.8154,25,33,14,12,0.6905,0.6757,0.7021,0.6579,0.82,24,34,13,13,0.6905,0.6486,0.7234,0.6486,0.8143,25,35,12,12,0.7143,0.6757,0.7447,0.6757,0.8074,18,64,2,2,0.9535,0.9,0.9697,0.9,0.9765,17,63,3,3,0.9302,0.85,0.9545,0.85,0.9811,18,63,3,2,0.9419,0.9,0.9545,0.878,0.9568,17,63,3,3,0.9302,0.85,0.9545,0.85,0.9705,18,63,3,2,0.9419,0.9,0.9545,0.878,0.9773
361,21,52,13,13,0.7374,0.6176,0.8,0.6176,0.8253,18,58,7,16,0.7677,0.5294,0.8923,0.6102,0.8127,21,51,14,13,0.7273,0.6176,0.7846,0.6087,0.7833,21,58,7,13,0.798,0.6176,0.8923,0.6774,0.7957,21,55,10,13,0.7677,0.6176,0.8462,0.6462,0.8299,18,71,6,7,0.8725,0.72,0.9221,0.7347,0.8623,19,73,4,6,0.902,0.76,0.9481,0.7917,0.8618,16,71,6,9,0.8529,0.64,0.9221,0.6809,0.853,16,74,3,9,0.8824,0.64,0.961,0.7273,0.8686,16,71,6,9,0.8529,0.64,0.9221,0.6809,0.8686,26,44,8,6,0.8333,0.8125,0.8462,0.7879,0.8738,24,38,14,8,0.7381,0.75,0.7308,0.6857,0.8852,26,35,17,6,0.7262,0.8125,0.6731,0.6933,0.8558,25,43,9,7,0.8095,0.7812,0.8269,0.7576,0.893,26,39,13,6,0.7738,0.8125,0.75,0.7324,0.8834,23,57,2,4,0.9302,0.8519,0.9661,0.8846,0.9178,23,54,5,4,0.8953,0.8519,0.9153,0.8364,0.9046,23,53,6,4,0.8837,0.8519,0.8983,0.8214,0.9033,23,53,6,4,0.8837,0.8519,0.8983,0.8214,0.936,23,54,5,4,0.8953,0.8519,0.9153,0.8364,0.9171
362,31,49,8,11,0.8081,0.7381,0.8596,0.7654,0.8693,30,52,5,12,0.8283,0.7143,0.9123,0.7792,0.8676,31,49,8,11,0.8081,0.7381,0.8596,0.7654,0.8555,31,52,5,11,0.8384,0.7381,0.9123,0.7949,0.8473,31,49,8,11,0.8081,0.7381,0.8596,0.7654,0.891,24,65,4,9,0.8725,0.7273,0.942,0.7869,0.8489,25,65,4,8,0.8824,0.7576,0.942,0.8065,0.8906,23,63,6,10,0.8431,0.697,0.913,0.7419,0.8766,22,66,3,11,0.8627,0.6667,0.9565,0.7586,0.8783,23,63,6,10,0.8431,0.697,0.913,0.7419,0.8836,25,43,5,11,0.8095,0.6944,0.8958,0.7576,0.831,24,38,10,12,0.7381,0.6667,0.7917,0.6857,0.853,24,36,12,12,0.7143,0.6667,0.75,0.6667,0.8513,24,41,7,12,0.7738,0.6667,0.8542,0.7164,0.8576,24,38,10,12,0.7381,0.6667,0.7917,0.6857,0.8426,23,56,3,4,0.9186,0.8519,0.9492,0.8679,0.9165,22,55,4,5,0.8953,0.8148,0.9322,0.8302,0.9159,23,55,4,4,0.907,0.8519,0.9322,0.8519,0.897,22,55,4,5,0.8953,0.8148,0.9322,0.8302,0.9266,23,55,4,4,0.907,0.8519,0.9322,0.8519,0.919
363,20,62,8,9,0.8283,0.6897,0.8857,0.7018,0.8286,19,65,5,10,0.8485,0.6552,0.9286,0.717,0.8153,20,62,8,9,0.8283,0.6897,0.8857,0.7018,0.8172,20,65,5,9,0.8586,0.6897,0.9286,0.7407,0.8271,20,63,7,9,0.8384,0.6897,0.9,0.7143,0.8355,17,70,6,9,0.8529,0.6538,0.9211,0.6939,0.8684,21,71,5,5,0.902,0.8077,0.9342,0.8077,0.8654,20,66,10,6,0.8431,0.7692,0.8684,0.7143,0.8512,16,72,4,10,0.8627,0.6154,0.9474,0.6957,0.8623,20,64,12,6,0.8235,0.7692,0.8421,0.6897,0.8406,15,50,5,14,0.7738,0.5172,0.9091,0.6122,0.7411,15,43,12,14,0.6905,0.5172,0.7818,0.5357,0.7436,15,40,15,14,0.6548,0.5172,0.7273,0.5085,0.7417,15,43,12,14,0.6905,0.5172,0.7818,0.5357,0.7367,15,41,14,14,0.6667,0.5172,0.7455,0.5172,0.7542,24,58,2,2,0.9535,0.9231,0.9667,0.9231,0.9538,24,57,3,2,0.9419,0.9231,0.95,0.9057,0.9353,24,56,4,2,0.9302,0.9231,0.9333,0.8889,0.9577,24,56,4,2,0.9302,0.9231,0.9333,0.8889,0.9647,24,57,3,2,0.9419,0.9231,0.95,0.9057,0.9513
364,20,56,16,7,0.7677,0.7407,0.7778,0.6349,0.8143,15,62,10,12,0.7778,0.5556,0.8611,0.5769,0.8302,17,55,17,10,0.7273,0.6296,0.7639,0.5574,0.8045,20,62,10,7,0.8283,0.7407,0.8611,0.7018,0.8197,17,60,12,10,0.7778,0.6296,0.8333,0.6071,0.8318,18,73,5,6,0.8922,0.75,0.9359,0.766,0.8814,19,73,5,5,0.902,0.7917,0.9359,0.7917,0.8723,17,73,5,7,0.8824,0.7083,0.9359,0.7391,0.8606,16,75,3,8,0.8922,0.6667,0.9615,0.7442,0.8793,17,71,7,7,0.8627,0.7083,0.9103,0.7083,0.8542,18,51,5,10,0.8214,0.6429,0.9107,0.7059,0.8119,20,43,13,8,0.75,0.7143,0.7679,0.6557,0.8705,20,43,13,8,0.75,0.7143,0.7679,0.6557,0.7927,20,49,7,8,0.8214,0.7143,0.875,0.7273,0.8431,20,50,6,8,0.8333,0.7143,0.8929,0.7407,0.8482,24,55,4,3,0.9186,0.8889,0.9322,0.8727,0.9391,24,52,7,3,0.8837,0.8889,0.8814,0.8276,0.919,24,49,10,3,0.8488,0.8889,0.8305,0.7869,0.9385,24,49,10,3,0.8488,0.8889,0.8305,0.7869,0.9441,24,52,7,3,0.8837,0.8889,0.8814,0.8276,0.936
365,25,47,18,9,0.7273,0.7353,0.7231,0.6494,0.8181,21,51,14,13,0.7273,0.6176,0.7846,0.6087,0.8009,23,48,17,11,0.7172,0.6765,0.7385,0.6216,0.8081,25,51,14,9,0.7677,0.7353,0.7846,0.6849,0.8109,23,48,17,11,0.7172,0.6765,0.7385,0.6216,0.8267,23,70,1,8,0.9118,0.7419,0.9859,0.8364,0.8464,23,67,4,8,0.8824,0.7419,0.9437,0.7931,0.8632,23,67,4,8,0.8824,0.7419,0.9437,0.7931,0.8433,23,68,3,8,0.8922,0.7419,0.9577,0.807,0.8655,23,65,6,8,0.8627,0.7419,0.9155,0.7667,0.861,22,49,6,7,0.8452,0.7586,0.8909,0.7719,0.8345,23,39,16,6,0.7381,0.7931,0.7091,0.6765,0.869,23,39,16,6,0.7381,0.7931,0.7091,0.6765,0.8376,24,43,12,5,0.7976,0.8276,0.7818,0.7385,0.8652,23,44,11,6,0.7976,0.7931,0.8,0.7302,0.8596,24,52,6,4,0.8837,0.8571,0.8966,0.8276,0.8953,23,51,7,5,0.8605,0.8214,0.8793,0.7931,0.8787,24,51,7,4,0.8721,0.8571,0.8793,0.8136,0.8984,23,51,7,5,0.8605,0.8214,0.8793,0.7931,0.923,24,51,7,4,0.8721,0.8571,0.8793,0.8136,0.8929
366,29,50,12,8,0.798,0.7838,0.8065,0.7436,0.8487,23,54,8,14,0.7778,0.6216,0.871,0.6765,0.8923,25,53,9,12,0.7879,0.6757,0.8548,0.7042,0.8426,29,54,8,8,0.8384,0.7838,0.871,0.7838,0.8483,25,53,9,12,0.7879,0.6757,0.8548,0.7042,0.8827,10,84,3,5,0.9216,0.6667,0.9655,0.7143,0.8245,11,81,6,4,0.902,0.7333,0.931,0.6875,0.892,10,83,4,5,0.9118,0.6667,0.954,0.6897,0.8559,9,82,5,6,0.8922,0.6,0.9425,0.6207,0.8667,10,80,7,5,0.8824,0.6667,0.9195,0.625,0.8759,22,42,7,13,0.7619,0.6286,0.8571,0.6875,0.7784,23,33,16,12,0.6667,0.6571,0.6735,0.6216,0.8012,26,31,18,9,0.6786,0.7429,0.6327,0.6582,0.7691,23,34,15,12,0.6786,0.6571,0.6939,0.6301,0.7907,26,36,13,9,0.7381,0.7429,0.7347,0.7027,0.7942,24,57,0,5,0.9419,0.8276,1.0,0.9057,0.9577,24,57,0,5,0.9419,0.8276,1.0,0.9057,0.9661,24,57,0,5,0.9419,0.8276,1.0,0.9057,0.9341,24,57,0,5,0.9419,0.8276,1.0,0.9057,0.9631,24,57,0,5,0.9419,0.8276,1.0,0.9057,0.9691
367,34,52,9,4,0.8687,0.8947,0.8525,0.8395,0.937,32,58,3,6,0.9091,0.8421,0.9508,0.8767,0.9452,33,52,9,5,0.8586,0.8684,0.8525,0.825,0.9314,34,58,3,4,0.9293,0.8947,0.9508,0.9067,0.9482,33,55,6,5,0.8889,0.8684,0.9016,0.8571,0.9534,17,77,2,6,0.9216,0.7391,0.9747,0.8095,0.8575,18,77,2,5,0.9314,0.7826,0.9747,0.8372,0.8971,16,73,6,7,0.8725,0.6957,0.9241,0.7111,0.8492,16,77,2,7,0.9118,0.6957,0.9747,0.7805,0.8806,16,71,8,7,0.8529,0.6957,0.8987,0.6809,0.858,21,52,4,7,0.869,0.75,0.9286,0.7925,0.8763,21,44,12,7,0.7738,0.75,0.7857,0.6885,0.9082,23,41,15,5,0.7619,0.8214,0.7321,0.697,0.8622,21,47,9,7,0.8095,0.75,0.8393,0.7241,0.9063,23,43,13,5,0.7857,0.8214,0.7679,0.7187,0.8795,24,53,7,2,0.8953,0.9231,0.8833,0.8421,0.909,24,52,8,2,0.8837,0.9231,0.8667,0.8276,0.9333,24,52,8,2,0.8837,0.9231,0.8667,0.8276,0.9096,24,52,8,2,0.8837,0.9231,0.8667,0.8276,0.9244,24,52,8,2,0.8837,0.9231,0.8667,0.8276,0.9077
368,28,52,13,6,0.8081,0.8235,0.8,0.7467,0.9018,26,58,7,8,0.8485,0.7647,0.8923,0.7761,0.8882,28,51,14,6,0.798,0.8235,0.7846,0.7368,0.8783,28,58,7,6,0.8687,0.8235,0.8923,0.8116,0.8824,28,53,12,6,0.8182,0.8235,0.8154,0.7568,0.9127,21,67,7,7,0.8627,0.75,0.9054,0.75,0.8576,23,67,7,5,0.8824,0.8214,0.9054,0.7931,0.8745,21,66,8,7,0.8529,0.75,0.8919,0.7368,0.8711,19,69,5,9,0.8627,0.6786,0.9324,0.7308,0.8711,21,64,10,7,0.8333,0.75,0.8649,0.7119,0.8856,26,43,2,13,0.8214,0.6667,0.9556,0.7761,0.8575,26,43,2,13,0.8214,0.6667,0.9556,0.7761,0.9014,27,38,7,12,0.7738,0.6923,0.8444,0.7397,0.8712,27,44,1,12,0.8452,0.6923,0.9778,0.806,0.8934,27,42,3,12,0.8214,0.6923,0.9333,0.7826,0.8678,25,52,8,1,0.8953,0.9615,0.8667,0.8475,0.8974,24,49,11,2,0.8488,0.9231,0.8167,0.7869,0.8885,25,47,13,1,0.8372,0.9615,0.7833,0.7812,0.909,24,47,13,2,0.8256,0.9231,0.7833,0.7619,0.9122,25,49,11,1,0.8605,0.9615,0.8167,0.8065,0.8737
369,30,48,12,9,0.7879,0.7692,0.8,0.7407,0.8607,23,53,7,16,0.7677,0.5897,0.8833,0.6667,0.8637,27,49,11,12,0.7677,0.6923,0.8167,0.7013,0.8252,30,53,7,9,0.8384,0.7692,0.8833,0.7895,0.8509,27,49,11,12,0.7677,0.6923,0.8167,0.7013,0.8658,18,70,5,9,0.8627,0.6667,0.9333,0.72,0.8109,20,70,5,7,0.8824,0.7407,0.9333,0.7692,0.8316,16,69,6,11,0.8333,0.5926,0.92,0.6531,0.8084,15,73,2,12,0.8627,0.5556,0.9733,0.6818,0.8133,16,67,8,11,0.8137,0.5926,0.8933,0.6275,0.8242,21,45,10,8,0.7857,0.7241,0.8182,0.7,0.8157,20,41,14,9,0.7262,0.6897,0.7455,0.6349,0.8176,20,37,18,9,0.6786,0.6897,0.6727,0.597,0.8138,22,41,14,7,0.75,0.7586,0.7455,0.6769,0.8226,20,42,13,9,0.7381,0.6897,0.7636,0.6452,0.8201,18,61,5,2,0.9186,0.9,0.9242,0.8372,0.9545,16,60,6,4,0.8837,0.8,0.9091,0.7619,0.9417,18,59,7,2,0.8953,0.9,0.8939,0.8,0.9341,16,59,7,4,0.8721,0.8,0.8939,0.7442,0.9538,18,60,6,2,0.907,0.9,0.9091,0.8182,0.9364
370,37,45,13,4,0.8283,0.9024,0.7759,0.8132,0.9167,31,49,9,10,0.8081,0.7561,0.8448,0.7654,0.9184,31,48,10,10,0.798,0.7561,0.8276,0.7561,0.8894,37,49,9,4,0.8687,0.9024,0.8448,0.8506,0.9111,31,49,9,10,0.8081,0.7561,0.8448,0.7654,0.9352,24,59,6,13,0.8137,0.6486,0.9077,0.7164,0.7272,24,59,6,13,0.8137,0.6486,0.9077,0.7164,0.7459,20,59,6,17,0.7745,0.5405,0.9077,0.6349,0.7185,20,59,6,17,0.7745,0.5405,0.9077,0.6349,0.7206,20,57,8,17,0.7549,0.5405,0.8769,0.6154,0.7214,18,49,6,11,0.7976,0.6207,0.8909,0.6792,0.8527,19,44,11,10,0.75,0.6552,0.8,0.6441,0.8439,20,43,12,9,0.75,0.6897,0.7818,0.6557,0.8596,21,47,8,8,0.8095,0.7241,0.8545,0.7241,0.8721,20,47,8,9,0.7976,0.6897,0.8545,0.7018,0.8608,18,65,2,1,0.9651,0.9474,0.9701,0.9231,0.9678,16,63,4,3,0.9186,0.8421,0.9403,0.8205,0.9662,18,63,4,1,0.9419,0.9474,0.9403,0.878,0.9529,16,63,4,3,0.9186,0.8421,0.9403,0.8205,0.9615,18,63,4,1,0.9419,0.9474,0.9403,0.878,0.9678
371,26,56,12,5,0.8283,0.8387,0.8235,0.7536,0.8639,21,58,10,10,0.798,0.6774,0.8529,0.6774,0.8444,21,56,12,10,0.7778,0.6774,0.8235,0.6562,0.8292,26,58,10,5,0.8485,0.8387,0.8529,0.7761,0.857,21,57,11,10,0.7879,0.6774,0.8382,0.6667,0.8639,23,67,2,10,0.8824,0.697,0.971,0.7931,0.8388,25,66,3,8,0.8922,0.7576,0.9565,0.8197,0.8375,22,65,4,11,0.8529,0.6667,0.942,0.7458,0.827,20,67,2,13,0.8529,0.6061,0.971,0.7273,0.8388,22,62,7,11,0.8235,0.6667,0.8986,0.7097,0.8353,24,46,8,6,0.8333,0.8,0.8519,0.7742,0.8716,23,44,10,7,0.7976,0.7667,0.8148,0.7302,0.8593,23,42,12,7,0.7738,0.7667,0.7778,0.7077,0.8827,24,46,8,6,0.8333,0.8,0.8519,0.7742,0.8765,23,47,7,7,0.8333,0.7667,0.8704,0.7667,0.8877,16,65,4,1,0.9419,0.9412,0.942,0.8649,0.948,15,64,5,2,0.9186,0.8824,0.9275,0.8108,0.9156,16,63,6,1,0.9186,0.9412,0.913,0.8205,0.9633,15,63,6,2,0.907,0.8824,0.913,0.7895,0.954,16,64,5,1,0.9302,0.9412,0.9275,0.8421,0.9327
372,24,53,12,10,0.7778,0.7059,0.8154,0.6857,0.8407,20,56,9,14,0.7677,0.5882,0.8615,0.6349,0.8077,21,52,13,13,0.7374,0.6176,0.8,0.6176,0.8167,24,56,9,10,0.8081,0.7059,0.8615,0.7164,0.8217,21,55,10,13,0.7677,0.6176,0.8462,0.6462,0.8566,22,71,4,5,0.9118,0.8148,0.9467,0.8302,0.9146,24,70,5,3,0.9216,0.8889,0.9333,0.8571,0.9156,20,68,7,7,0.8627,0.7407,0.9067,0.7407,0.878,19,70,5,8,0.8725,0.7037,0.9333,0.7451,0.9047,20,64,11,7,0.8235,0.7407,0.8533,0.6897,0.8914,15,47,6,16,0.7381,0.4839,0.8868,0.5769,0.7602,16,44,9,15,0.7143,0.5161,0.8302,0.5714,0.8156,19,40,13,12,0.7024,0.6129,0.7547,0.6032,0.7943,18,47,6,13,0.7738,0.5806,0.8868,0.6545,0.8253,19,44,9,12,0.75,0.6129,0.8302,0.6441,0.8186,22,57,5,2,0.9186,0.9167,0.9194,0.8627,0.9187,20,57,5,4,0.8953,0.8333,0.9194,0.8163,0.9308,22,57,5,2,0.9186,0.9167,0.9194,0.8627,0.9133,20,57,5,4,0.8953,0.8333,0.9194,0.8163,0.9335,22,57,5,2,0.9186,0.9167,0.9194,0.8627,0.9167
373,26,52,10,11,0.7879,0.7027,0.8387,0.7123,0.8269,22,54,8,15,0.7677,0.5946,0.871,0.6567,0.8187,24,51,11,13,0.7576,0.6486,0.8226,0.6667,0.8169,26,54,8,11,0.8081,0.7027,0.871,0.7324,0.8152,24,52,10,13,0.7677,0.6486,0.8387,0.6761,0.8557,24,72,2,4,0.9412,0.8571,0.973,0.8889,0.9271,24,70,4,4,0.9216,0.8571,0.9459,0.8571,0.9247,23,70,4,5,0.9118,0.8214,0.9459,0.8364,0.9208,23,71,3,5,0.9216,0.8214,0.9595,0.8519,0.9329,23,69,5,5,0.902,0.8214,0.9324,0.8214,0.9286,17,51,8,8,0.8095,0.68,0.8644,0.68,0.7953,17,41,18,8,0.6905,0.68,0.6949,0.5667,0.8542,18,42,17,7,0.7143,0.72,0.7119,0.6,0.8468,17,45,14,8,0.7381,0.68,0.7627,0.6071,0.8414,18,46,13,7,0.7619,0.72,0.7797,0.6429,0.8264,20,59,3,4,0.9186,0.8333,0.9516,0.8511,0.8898,20,58,4,4,0.907,0.8333,0.9355,0.8333,0.8656,20,58,4,4,0.907,0.8333,0.9355,0.8333,0.9039,20,58,4,4,0.907,0.8333,0.9355,0.8333,0.9267,20,58,4,4,0.907,0.8333,0.9355,0.8333,0.8871
374,32,52,9,6,0.8485,0.8421,0.8525,0.8101,0.8796,28,57,4,10,0.8586,0.7368,0.9344,0.8,0.8632,32,51,10,6,0.8384,0.8421,0.8361,0.8,0.8555,32,57,4,6,0.899,0.8421,0.9344,0.8649,0.8762,32,50,11,6,0.8283,0.8421,0.8197,0.7901,0.8991,14,72,10,6,0.8431,0.7,0.878,0.6364,0.7909,14,75,7,6,0.8725,0.7,0.9146,0.6829,0.8494,12,75,7,8,0.8529,0.6,0.9146,0.6154,0.8207,12,79,3,8,0.8922,0.6,0.9634,0.6857,0.8439,12,74,8,8,0.8431,0.6,0.9024,0.6,0.828,25,45,3,11,0.8333,0.6944,0.9375,0.7812,0.8872,24,43,5,12,0.7976,0.6667,0.8958,0.7385,0.908,25,43,5,11,0.8095,0.6944,0.8958,0.7576,0.8981,26,45,3,10,0.8452,0.7222,0.9375,0.8,0.901,25,44,4,11,0.8214,0.6944,0.9167,0.7692,0.9109,31,51,4,0,0.9535,1.0,0.9273,0.9394,0.9501,29,49,6,2,0.907,0.9355,0.8909,0.8788,0.9507,31,49,6,0,0.9302,1.0,0.8909,0.9118,0.9484,29,49,6,2,0.907,0.9355,0.8909,0.8788,0.9531,31,49,6,0,0.9302,1.0,0.8909,0.9118,0.9419
375,23,57,11,8,0.8081,0.7419,0.8382,0.7077,0.8548,18,60,8,13,0.7879,0.5806,0.8824,0.6316,0.8695,20,58,10,11,0.7879,0.6452,0.8529,0.6557,0.8378,23,60,8,8,0.8384,0.7419,0.8824,0.7419,0.8487,20,58,10,11,0.7879,0.6452,0.8529,0.6557,0.8676,19,73,6,4,0.902,0.8261,0.9241,0.7917,0.8751,20,71,8,3,0.8922,0.8696,0.8987,0.7843,0.8949,15,72,7,8,0.8529,0.6522,0.9114,0.6667,0.8564,15,72,7,8,0.8529,0.6522,0.9114,0.6667,0.8784,15,66,13,8,0.7941,0.6522,0.8354,0.5882,0.8701,22,45,10,7,0.7976,0.7586,0.8182,0.7213,0.8288,22,43,12,7,0.7738,0.7586,0.7818,0.6984,0.8715,24,38,17,5,0.7381,0.8276,0.6909,0.6857,0.8395,22,44,11,7,0.7857,0.7586,0.8,0.7097,0.8527,24,43,12,5,0.7976,0.8276,0.7818,0.7385,0.8803,18,66,1,1,0.9767,0.9474,0.9851,0.9474,0.9756,18,66,1,1,0.9767,0.9474,0.9851,0.9474,0.9756,18,66,1,1,0.9767,0.9474,0.9851,0.9474,0.9717,18,66,1,1,0.9767,0.9474,0.9851,0.9474,0.9804,18,66,1,1,0.9767,0.9474,0.9851,0.9474,0.9717
376,31,44,11,13,0.7576,0.7045,0.8,0.7209,0.8132,26,50,5,18,0.7677,0.5909,0.9091,0.6933,0.8558,27,46,9,17,0.7374,0.6136,0.8364,0.675,0.8231,31,50,5,13,0.8182,0.7045,0.9091,0.775,0.8233,27,47,8,17,0.7475,0.6136,0.8545,0.6835,0.8649,23,68,4,7,0.8922,0.7667,0.9444,0.807,0.8704,25,67,5,5,0.902,0.8333,0.9306,0.8333,0.8843,21,67,5,9,0.8627,0.7,0.9306,0.75,0.8537,21,68,4,9,0.8725,0.7,0.9444,0.7636,0.8713,21,64,8,9,0.8333,0.7,0.8889,0.7119,0.8736,23,47,6,8,0.8333,0.7419,0.8868,0.7667,0.8637,23,37,16,8,0.7143,0.7419,0.6981,0.6571,0.8679,24,40,13,7,0.7619,0.7742,0.7547,0.7059,0.8661,25,41,12,6,0.7857,0.8065,0.7736,0.7353,0.8685,24,42,11,7,0.7857,0.7742,0.7925,0.7273,0.8509,24,58,0,4,0.9535,0.8571,1.0,0.9231,0.9729,22,58,0,6,0.9302,0.7857,1.0,0.88,0.9557,24,58,0,4,0.9535,0.8571,1.0,0.9231,0.9458,22,58,0,6,0.9302,0.7857,1.0,0.88,0.9711,24,58,0,4,0.9535,0.8571,1.0,0.9231,0.9778
377,29,52,11,7,0.8182,0.8056,0.8254,0.7632,0.9056,24,54,9,12,0.7879,0.6667,0.8571,0.6957,0.9021,29,52,11,7,0.8182,0.8056,0.8254,0.7632,0.899,29,54,9,7,0.8384,0.8056,0.8571,0.7838,0.9189,29,54,9,7,0.8384,0.8056,0.8571,0.7838,0.9215,18,71,2,11,0.8725,0.6207,0.9726,0.7347,0.812,20,70,3,9,0.8824,0.6897,0.9589,0.7692,0.8814,18,70,3,11,0.8627,0.6207,0.9589,0.72,0.8531,17,70,3,12,0.8529,0.5862,0.9589,0.6939,0.8758,18,69,4,11,0.8529,0.6207,0.9452,0.7059,0.8649,22,48,3,11,0.8333,0.6667,0.9412,0.7586,0.8604,25,41,10,8,0.7857,0.7576,0.8039,0.7353,0.8829,28,35,16,5,0.75,0.8485,0.6863,0.7273,0.8431,25,41,10,8,0.7857,0.7576,0.8039,0.7353,0.8663,28,38,13,5,0.7857,0.8485,0.7451,0.7568,0.8812,30,51,1,4,0.9419,0.8824,0.9808,0.9231,0.9508,30,50,2,4,0.9302,0.8824,0.9615,0.9091,0.9446,30,50,2,4,0.9302,0.8824,0.9615,0.9091,0.9412,30,50,2,4,0.9302,0.8824,0.9615,0.9091,0.9587,30,50,2,4,0.9302,0.8824,0.9615,0.9091,0.9508
378,25,58,10,6,0.8384,0.8065,0.8529,0.7576,0.8468,18,59,9,13,0.7778,0.5806,0.8676,0.6207,0.8558,22,56,12,9,0.7879,0.7097,0.8235,0.6769,0.8349,25,59,9,6,0.8485,0.8065,0.8676,0.7692,0.8411,22,59,9,9,0.8182,0.7097,0.8676,0.7097,0.8629,15,76,6,5,0.8922,0.75,0.9268,0.7317,0.8707,17,78,4,3,0.9314,0.85,0.9512,0.8293,0.8634,13,79,3,7,0.902,0.65,0.9634,0.7222,0.8396,12,78,4,8,0.8824,0.6,0.9512,0.6667,0.8707,13,76,6,7,0.8725,0.65,0.9268,0.6667,0.8604,17,49,12,6,0.7857,0.7391,0.8033,0.6538,0.8168,17,47,14,6,0.7619,0.7391,0.7705,0.6296,0.8503,17,45,16,6,0.7381,0.7391,0.7377,0.6071,0.8382,17,52,9,6,0.8214,0.7391,0.8525,0.6939,0.8453,17,48,13,6,0.7738,0.7391,0.7869,0.6415,0.8418,22,60,4,0,0.9535,1.0,0.9375,0.9167,0.9822,22,58,6,0,0.9302,1.0,0.9062,0.88,0.9787,22,58,6,0,0.9302,1.0,0.9062,0.88,0.9872,22,58,6,0,0.9302,1.0,0.9062,0.88,0.9872,22,58,6,0,0.9302,1.0,0.9062,0.88,0.9716
379,30,55,7,7,0.8586,0.8108,0.8871,0.8108,0.8801,24,60,2,13,0.8485,0.6486,0.9677,0.7619,0.9128,27,55,7,10,0.8283,0.7297,0.8871,0.7606,0.8893,30,60,2,7,0.9091,0.8108,0.9677,0.8696,0.8642,27,59,3,10,0.8687,0.7297,0.9516,0.806,0.9329,28,58,6,10,0.8431,0.7368,0.9062,0.7778,0.8429,31,60,4,7,0.8922,0.8158,0.9375,0.8493,0.8561,27,58,6,11,0.8333,0.7105,0.9062,0.7606,0.8261,26,60,4,12,0.8431,0.6842,0.9375,0.7647,0.8507,27,56,8,11,0.8137,0.7105,0.875,0.7397,0.8487,22,46,4,12,0.8095,0.6471,0.92,0.7333,0.8212,23,44,6,11,0.7976,0.6765,0.88,0.7302,0.8718,26,38,12,8,0.7619,0.7647,0.76,0.7222,0.8429,24,42,8,10,0.7857,0.7059,0.84,0.7273,0.86,26,40,10,8,0.7857,0.7647,0.8,0.7429,0.8629,23,55,8,0,0.907,1.0,0.873,0.8519,0.9151,22,55,8,1,0.8953,0.9565,0.873,0.8302,0.9282,23,54,9,0,0.8953,1.0,0.8571,0.8364,0.9248,22,54,9,1,0.8837,0.9565,0.8571,0.8148,0.9289,23,55,8,0,0.907,1.0,0.873,0.8519,0.9006
380,26,56,9,8,0.8283,0.7647,0.8615,0.7536,0.8593,25,60,5,9,0.8586,0.7353,0.9231,0.7812,0.8597,20,56,9,14,0.7677,0.5882,0.8615,0.6349,0.838,26,60,5,8,0.8687,0.7647,0.9231,0.8,0.848,20,58,7,14,0.7879,0.5882,0.8923,0.6557,0.862,21,69,6,6,0.8824,0.7778,0.92,0.7778,0.9047,22,70,5,5,0.902,0.8148,0.9333,0.8148,0.8844,21,69,6,6,0.8824,0.7778,0.92,0.7778,0.879,20,70,5,7,0.8824,0.7407,0.9333,0.7692,0.8973,21,67,8,6,0.8627,0.7778,0.8933,0.75,0.8721,22,50,6,6,0.8571,0.7857,0.8929,0.7857,0.8884,22,49,7,6,0.8452,0.7857,0.875,0.7719,0.9139,22,44,12,6,0.7857,0.7857,0.7857,0.7097,0.8897,25,48,8,3,0.869,0.8929,0.8571,0.8197,0.9158,22,46,10,6,0.8095,0.7857,0.8214,0.7333,0.9158,20,57,4,5,0.8953,0.8,0.9344,0.8163,0.9082,18,57,4,7,0.8721,0.72,0.9344,0.766,0.8833,20,56,5,5,0.8837,0.8,0.918,0.8,0.897,18,56,5,7,0.8605,0.72,0.918,0.75,0.9252,20,57,4,5,0.8953,0.8,0.9344,0.8163,0.8951
381,39,49,10,1,0.8889,0.975,0.8305,0.8764,0.9653,36,53,6,4,0.899,0.9,0.8983,0.878,0.9636,37,48,11,3,0.8586,0.925,0.8136,0.8409,0.9373,39,53,6,1,0.9293,0.975,0.8983,0.9176,0.9674,37,53,6,3,0.9091,0.925,0.8983,0.8916,0.9725,22,68,9,3,0.8824,0.88,0.8831,0.7857,0.933,23,73,4,2,0.9412,0.92,0.9481,0.8846,0.9579,20,74,3,5,0.9216,0.8,0.961,0.8333,0.9408,20,73,4,5,0.9118,0.8,0.9481,0.8163,0.9486,20,72,5,5,0.902,0.8,0.9351,0.8,0.9506,23,47,7,7,0.8333,0.7667,0.8704,0.7667,0.8377,24,42,12,6,0.7857,0.8,0.7778,0.7273,0.9111,26,38,16,4,0.7619,0.8667,0.7037,0.7222,0.8432,24,45,9,6,0.8214,0.8,0.8333,0.7619,0.8747,26,41,13,4,0.7976,0.8667,0.7593,0.7536,0.8932,23,58,4,1,0.9419,0.9583,0.9355,0.902,0.953,22,57,5,2,0.9186,0.9167,0.9194,0.8627,0.9563,23,54,8,1,0.8953,0.9583,0.871,0.8364,0.9442,22,54,8,2,0.8837,0.9167,0.871,0.8148,0.9496,23,57,5,1,0.9302,0.9583,0.9194,0.8846,0.9476
382,24,49,16,10,0.7374,0.7059,0.7538,0.6486,0.8222,22,57,8,12,0.798,0.6471,0.8769,0.6875,0.8276,23,49,16,11,0.7273,0.6765,0.7538,0.6301,0.776,24,57,8,10,0.8182,0.7059,0.8769,0.7273,0.7991,23,55,10,11,0.7879,0.6765,0.8462,0.6866,0.8452,22,64,5,11,0.8431,0.6667,0.9275,0.7333,0.8696,26,64,5,7,0.8824,0.7879,0.9275,0.8125,0.8709,22,63,6,11,0.8333,0.6667,0.913,0.7213,0.8494,21,64,5,12,0.8333,0.6364,0.9275,0.7119,0.8691,22,61,8,11,0.8137,0.6667,0.8841,0.6984,0.8617,19,52,4,9,0.8452,0.6786,0.9286,0.7451,0.882,18,47,9,10,0.7738,0.6429,0.8393,0.6545,0.8348,19,43,13,9,0.7381,0.6786,0.7679,0.6333,0.8406,20,50,6,8,0.8333,0.7143,0.8929,0.7407,0.8673,19,46,10,9,0.7738,0.6786,0.8214,0.6667,0.8667,21,59,5,1,0.9302,0.9545,0.9219,0.875,0.9261,20,59,5,2,0.9186,0.9091,0.9219,0.8511,0.9105,21,57,7,1,0.907,0.9545,0.8906,0.84,0.9361,20,57,7,2,0.8953,0.9091,0.8906,0.8163,0.9347,21,59,5,1,0.9302,0.9545,0.9219,0.875,0.9183
383,26,52,13,8,0.7879,0.7647,0.8,0.7123,0.8231,24,55,10,10,0.798,0.7059,0.8462,0.7059,0.8566,23,50,15,11,0.7374,0.6765,0.7692,0.6389,0.7914,26,55,10,8,0.8182,0.7647,0.8462,0.7429,0.8147,23,52,13,11,0.7576,0.6765,0.8,0.6571,0.8462,20,72,5,5,0.902,0.8,0.9351,0.8,0.9221,22,72,5,3,0.9216,0.88,0.9351,0.8462,0.9278,17,71,6,8,0.8627,0.68,0.9221,0.7083,0.8888,17,73,4,8,0.8824,0.68,0.9481,0.7391,0.9164,17,67,10,8,0.8235,0.68,0.8701,0.6538,0.9034,26,47,8,3,0.869,0.8966,0.8545,0.8254,0.9147,24,43,12,5,0.7976,0.8276,0.7818,0.7385,0.9072,24,37,18,5,0.7262,0.8276,0.6727,0.6761,0.8922,25,41,14,4,0.7857,0.8621,0.7455,0.7353,0.9066,24,40,15,5,0.7619,0.8276,0.7273,0.7059,0.8966,25,56,4,1,0.9419,0.9615,0.9333,0.9091,0.9673,23,56,4,3,0.9186,0.8846,0.9333,0.8679,0.9756,25,56,4,1,0.9419,0.9615,0.9333,0.9091,0.9609,23,56,4,3,0.9186,0.8846,0.9333,0.8679,0.9667,25,56,4,1,0.9419,0.9615,0.9333,0.9091,0.9673
384,25,55,11,8,0.8081,0.7576,0.8333,0.7246,0.8811,22,59,7,11,0.8182,0.6667,0.8939,0.7097,0.8875,23,56,10,10,0.798,0.697,0.8485,0.697,0.8563,25,59,7,8,0.8485,0.7576,0.8939,0.7692,0.8788,23,57,9,10,0.8081,0.697,0.8636,0.7077,0.8866,25,65,2,10,0.8824,0.7143,0.9701,0.8065,0.8435,26,63,4,9,0.8725,0.7429,0.9403,0.8,0.8635,22,58,9,13,0.7843,0.6286,0.8657,0.6667,0.8192,21,64,3,14,0.8333,0.6,0.9552,0.7119,0.8537,22,57,10,13,0.7745,0.6286,0.8507,0.6567,0.8324,27,44,4,9,0.8452,0.75,0.9167,0.806,0.8588,22,41,7,14,0.75,0.6111,0.8542,0.6769,0.8553,23,39,9,13,0.7381,0.6389,0.8125,0.6765,0.853,22,44,4,14,0.7857,0.6111,0.9167,0.7097,0.8819,23,41,7,13,0.7619,0.6389,0.8542,0.697,0.8709,25,57,2,2,0.9535,0.9259,0.9661,0.9259,0.9586,25,56,3,2,0.9419,0.9259,0.9492,0.9091,0.951,25,56,3,2,0.9419,0.9259,0.9492,0.9091,0.9567,25,56,3,2,0.9419,0.9259,0.9492,0.9091,0.9623,25,56,3,2,0.9419,0.9259,0.9492,0.9091,0.9611
385,29,54,9,7,0.8384,0.8056,0.8571,0.7838,0.8933,26,56,7,10,0.8283,0.7222,0.8889,0.7536,0.8655,27,53,10,9,0.8081,0.75,0.8413,0.7397,0.8585,29,56,7,7,0.8586,0.8056,0.8889,0.8056,0.8772,27,56,7,9,0.8384,0.75,0.8889,0.7714,0.9056,23,60,8,11,0.8137,0.6765,0.8824,0.7077,0.7617,23,62,6,11,0.8333,0.6765,0.9118,0.7302,0.8166,16,63,5,18,0.7745,0.4706,0.9265,0.5818,0.7785,16,63,5,18,0.7745,0.4706,0.9265,0.5818,0.8015,16,62,6,18,0.7647,0.4706,0.9118,0.5714,0.808,17,49,7,11,0.7857,0.6071,0.875,0.6538,0.8469,17,41,15,11,0.6905,0.6071,0.7321,0.5667,0.8463,19,40,16,9,0.7024,0.6786,0.7143,0.6032,0.8635,18,49,7,10,0.7976,0.6429,0.875,0.6792,0.8858,19,47,9,9,0.7857,0.6786,0.8393,0.6786,0.8418,20,62,3,1,0.9535,0.9524,0.9538,0.9091,0.9582,20,60,5,1,0.9302,0.9524,0.9231,0.8696,0.9385,20,59,6,1,0.9186,0.9524,0.9077,0.8511,0.9663,20,59,6,1,0.9186,0.9524,0.9077,0.8511,0.9648,20,60,5,1,0.9302,0.9524,0.9231,0.8696,0.9531
386,30,44,17,8,0.7475,0.7895,0.7213,0.7059,0.8063,25,47,14,13,0.7273,0.6579,0.7705,0.6494,0.811,25,45,16,13,0.7071,0.6579,0.7377,0.6329,0.761,30,47,14,8,0.7778,0.7895,0.7705,0.7317,0.7886,25,45,16,13,0.7071,0.6579,0.7377,0.6329,0.8218,18,71,4,9,0.8725,0.6667,0.9467,0.7347,0.8138,19,68,7,8,0.8529,0.7037,0.9067,0.717,0.7975,14,72,3,13,0.8431,0.5185,0.96,0.6364,0.7719,14,68,7,13,0.8039,0.5185,0.9067,0.5833,0.7832,14,66,9,13,0.7843,0.5185,0.88,0.56,0.7674,31,35,8,10,0.7857,0.7561,0.814,0.775,0.844,32,33,10,9,0.7738,0.7805,0.7674,0.7711,0.8798,33,31,12,8,0.7619,0.8049,0.7209,0.7674,0.8656,34,33,10,7,0.7976,0.8293,0.7674,0.8,0.8639,33,35,8,8,0.8095,0.8049,0.814,0.8049,0.8769,24,56,3,3,0.9302,0.8889,0.9492,0.8889,0.9259,21,56,3,6,0.8953,0.7778,0.9492,0.8235,0.9058,24,56,3,3,0.9302,0.8889,0.9492,0.8889,0.9328,21,56,3,6,0.8953,0.7778,0.9492,0.8235,0.9448,24,56,3,3,0.9302,0.8889,0.9492,0.8889,0.9209
387,30,54,7,8,0.8485,0.7895,0.8852,0.8,0.9154,29,54,7,9,0.8384,0.7632,0.8852,0.7838,0.893,28,54,7,10,0.8283,0.7368,0.8852,0.7671,0.8831,30,54,7,8,0.8485,0.7895,0.8852,0.8,0.9003,28,54,7,10,0.8283,0.7368,0.8852,0.7671,0.9029,22,70,2,8,0.902,0.7333,0.9722,0.8148,0.8894,23,70,2,7,0.9118,0.7667,0.9722,0.8364,0.913,22,68,4,8,0.8824,0.7333,0.9444,0.7857,0.8907,21,70,2,9,0.8922,0.7,0.9722,0.7925,0.9088,22,67,5,8,0.8725,0.7333,0.9306,0.7719,0.9014,24,48,3,9,0.8571,0.7273,0.9412,0.8,0.8479,22,44,7,11,0.7857,0.6667,0.8627,0.7097,0.8895,22,42,9,11,0.7619,0.6667,0.8235,0.6875,0.8734,22,47,4,11,0.8214,0.6667,0.9216,0.7458,0.899,22,45,6,11,0.7976,0.6667,0.8824,0.7213,0.8717,19,57,7,3,0.8837,0.8636,0.8906,0.7917,0.9034,19,55,9,3,0.8605,0.8636,0.8594,0.76,0.8842,19,55,9,3,0.8605,0.8636,0.8594,0.76,0.8935,19,55,9,3,0.8605,0.8636,0.8594,0.76,0.9055,19,55,9,3,0.8605,0.8636,0.8594,0.76,0.8842
388,21,62,8,8,0.8384,0.7241,0.8857,0.7241,0.7655,20,63,7,9,0.8384,0.6897,0.9,0.7143,0.7729,20,58,12,9,0.7879,0.6897,0.8286,0.6557,0.7438,21,63,7,8,0.8485,0.7241,0.9,0.7368,0.7537,20,61,9,9,0.8182,0.6897,0.8714,0.6897,0.7892,10,77,5,10,0.8529,0.5,0.939,0.5714,0.7079,10,77,5,10,0.8529,0.5,0.939,0.5714,0.8774,8,76,6,12,0.8235,0.4,0.9268,0.4706,0.7768,8,79,3,12,0.8529,0.4,0.9634,0.5161,0.8415,8,74,8,12,0.8039,0.4,0.9024,0.4444,0.8018,16,56,4,8,0.8571,0.6667,0.9333,0.7273,0.8271,16,49,11,8,0.7738,0.6667,0.8167,0.6275,0.8347,19,47,13,5,0.7857,0.7917,0.7833,0.6786,0.8014,17,51,9,7,0.8095,0.7083,0.85,0.68,0.8285,19,50,10,5,0.8214,0.7917,0.8333,0.717,0.8458,21,51,9,5,0.8372,0.8077,0.85,0.75,0.8103,21,50,10,5,0.8256,0.8077,0.8333,0.7368,0.7904,21,49,11,5,0.814,0.8077,0.8167,0.7241,0.8538,21,49,11,5,0.814,0.8077,0.8167,0.7241,0.8641,21,50,10,5,0.8256,0.8077,0.8333,0.7368,0.8186
389,30,50,13,6,0.8081,0.8333,0.7937,0.7595,0.8708,26,55,8,10,0.8182,0.7222,0.873,0.7429,0.8695,26,50,13,10,0.7677,0.7222,0.7937,0.6933,0.8298,30,55,8,6,0.8586,0.8333,0.873,0.8108,0.8695,26,51,12,10,0.7778,0.7222,0.8095,0.7027,0.8699,20,70,3,9,0.8824,0.6897,0.9589,0.7692,0.8762,23,68,5,6,0.8922,0.7931,0.9315,0.807,0.9084,20,71,2,9,0.8922,0.6897,0.9726,0.7843,0.8744,19,70,3,10,0.8725,0.6552,0.9589,0.7451,0.8928,20,66,7,9,0.8431,0.6897,0.9041,0.7143,0.8918,23,46,8,7,0.8214,0.7667,0.8519,0.7541,0.8247,21,39,15,9,0.7143,0.7,0.7222,0.6364,0.8537,22,37,17,8,0.7024,0.7333,0.6852,0.6377,0.8056,21,41,13,9,0.7381,0.7,0.7593,0.6562,0.8364,22,42,12,8,0.7619,0.7333,0.7778,0.6875,0.8395,17,63,4,2,0.9302,0.8947,0.9403,0.85,0.9474,16,62,5,3,0.907,0.8421,0.9254,0.8,0.9285,17,62,5,2,0.9186,0.8947,0.9254,0.8293,0.9411,16,62,5,3,0.907,0.8421,0.9254,0.8,0.9537,17,62,5,2,0.9186,0.8947,0.9254,0.8293,0.9262
390,32,44,14,9,0.7677,0.7805,0.7586,0.7356,0.7691,29,49,9,12,0.7879,0.7073,0.8448,0.7342,0.8019,28,43,15,13,0.7172,0.6829,0.7414,0.6667,0.7212,32,49,9,9,0.8182,0.7805,0.8448,0.7805,0.7477,28,46,12,13,0.7475,0.6829,0.7931,0.6914,0.7813,24,63,5,10,0.8529,0.7059,0.9265,0.7619,0.8793,26,63,5,8,0.8725,0.7647,0.9265,0.8,0.8828,18,64,4,16,0.8039,0.5294,0.9412,0.6429,0.833,17,64,4,17,0.7941,0.5,0.9412,0.6182,0.8551,18,60,8,16,0.7647,0.5294,0.8824,0.6,0.8313,23,46,5,10,0.8214,0.697,0.902,0.7541,0.8431,25,40,11,8,0.7738,0.7576,0.7843,0.7246,0.8847,26,36,15,7,0.7381,0.7879,0.7059,0.7027,0.8342,27,40,11,6,0.7976,0.8182,0.7843,0.7606,0.8717,26,40,11,7,0.7857,0.7879,0.7843,0.7429,0.8746,25,52,3,6,0.8953,0.8065,0.9455,0.8475,0.8891,23,52,3,8,0.8721,0.7419,0.9455,0.807,0.8522,25,50,5,6,0.8721,0.8065,0.9091,0.8197,0.8962,23,50,5,8,0.8488,0.7419,0.9091,0.7797,0.9238,25,52,3,6,0.8953,0.8065,0.9455,0.8475,0.8827
391,25,54,11,9,0.798,0.7353,0.8308,0.7143,0.8412,21,56,9,13,0.7778,0.6176,0.8615,0.6562,0.8747,19,54,11,15,0.7374,0.5588,0.8308,0.5938,0.8475,25,56,9,9,0.8182,0.7353,0.8615,0.7353,0.836,19,55,10,15,0.7475,0.5588,0.8462,0.6032,0.8742,19,73,2,8,0.902,0.7037,0.9733,0.7917,0.7921,20,69,6,7,0.8725,0.7407,0.92,0.7547,0.8109,19,69,6,8,0.8627,0.7037,0.92,0.7308,0.7936,18,70,5,9,0.8627,0.6667,0.9333,0.72,0.798,19,64,11,8,0.8137,0.7037,0.8533,0.6667,0.803,23,50,6,5,0.869,0.8214,0.8929,0.807,0.9209,23,43,13,5,0.7857,0.8214,0.7679,0.7187,0.9184,23,39,17,5,0.7381,0.8214,0.6964,0.6765,0.8878,24,44,12,4,0.8095,0.8571,0.7857,0.75,0.9177,23,45,11,5,0.8095,0.8214,0.8036,0.7419,0.8999,24,55,6,1,0.9186,0.96,0.9016,0.8727,0.941,23,55,6,2,0.907,0.92,0.9016,0.8519,0.943,24,55,6,1,0.9186,0.96,0.9016,0.8727,0.939,23,55,6,2,0.907,0.92,0.9016,0.8519,0.9495,24,55,6,1,0.9186,0.96,0.9016,0.8727,0.9298
392,26,57,8,8,0.8384,0.7647,0.8769,0.7647,0.8335,22,61,4,12,0.8384,0.6471,0.9385,0.7333,0.8231,24,58,7,10,0.8283,0.7059,0.8923,0.7385,0.8249,26,61,4,8,0.8788,0.7647,0.9385,0.8125,0.8373,24,56,9,10,0.8081,0.7059,0.8615,0.7164,0.8443,17,71,4,10,0.8627,0.6296,0.9467,0.7083,0.8899,21,73,2,6,0.9216,0.7778,0.9733,0.84,0.918,16,70,5,11,0.8431,0.5926,0.9333,0.6667,0.8519,14,74,1,13,0.8627,0.5185,0.9867,0.6667,0.8973,16,69,6,11,0.8333,0.5926,0.92,0.6531,0.878,23,37,9,15,0.7143,0.6053,0.8043,0.6571,0.7265,24,34,12,14,0.6905,0.6316,0.7391,0.6486,0.766,24,29,17,14,0.631,0.6316,0.6304,0.6076,0.7454,26,33,13,12,0.7024,0.6842,0.7174,0.6753,0.7757,24,30,16,14,0.6429,0.6316,0.6522,0.6154,0.7637,25,54,3,4,0.9186,0.8621,0.9474,0.8772,0.8808,23,54,3,6,0.8953,0.7931,0.9474,0.8364,0.8681,25,54,3,4,0.9186,0.8621,0.9474,0.8772,0.902,23,54,3,6,0.8953,0.7931,0.9474,0.8364,0.931,25,54,3,4,0.9186,0.8621,0.9474,0.8772,0.8905
393,25,54,12,8,0.798,0.7576,0.8182,0.7143,0.8439,21,58,8,12,0.798,0.6364,0.8788,0.6774,0.8329,25,53,13,8,0.7879,0.7576,0.803,0.7042,0.8104,25,58,8,8,0.8384,0.7576,0.8788,0.7576,0.8404,25,56,10,8,0.8182,0.7576,0.8485,0.7353,0.8705,24,67,3,8,0.8922,0.75,0.9571,0.8136,0.8893,25,67,3,7,0.902,0.7812,0.9571,0.8333,0.8911,19,64,6,13,0.8137,0.5938,0.9143,0.6667,0.8598,19,68,2,13,0.8529,0.5938,0.9714,0.717,0.8911,19,63,7,13,0.8039,0.5938,0.9,0.6552,0.8576,25,45,2,12,0.8333,0.6757,0.9574,0.7813,0.9137,26,43,4,11,0.8214,0.7027,0.9149,0.7761,0.9362,28,40,7,9,0.8095,0.7568,0.8511,0.7778,0.8971,28,43,4,9,0.8452,0.7568,0.9149,0.8116,0.9206,28,41,6,9,0.8214,0.7568,0.8723,0.7887,0.9293,30,50,4,2,0.9302,0.9375,0.9259,0.9091,0.9375,28,47,7,4,0.8721,0.875,0.8704,0.8358,0.919,30,46,8,2,0.8837,0.9375,0.8519,0.8571,0.9387,28,46,8,4,0.8605,0.875,0.8519,0.8235,0.9439,30,47,7,2,0.8953,0.9375,0.8704,0.8696,0.9271
394,33,47,14,5,0.8081,0.8684,0.7705,0.7765,0.9034,29,55,6,9,0.8485,0.7632,0.9016,0.7945,0.9223,30,49,12,8,0.798,0.7895,0.8033,0.75,0.8956,33,55,6,5,0.8889,0.8684,0.9016,0.8571,0.9003,30,54,7,8,0.8485,0.7895,0.8852,0.8,0.9189,20,65,8,9,0.8333,0.6897,0.8904,0.7018,0.8158,22,68,5,7,0.8824,0.7586,0.9315,0.7857,0.8692,20,68,5,9,0.8627,0.6897,0.9315,0.7407,0.8333,19,68,5,10,0.8529,0.6552,0.9315,0.717,0.8479,20,66,7,9,0.8431,0.6897,0.9041,0.7143,0.8583,19,47,10,8,0.7857,0.7037,0.8246,0.6786,0.7817,18,40,17,9,0.6905,0.6667,0.7018,0.5806,0.82,19,36,21,8,0.6548,0.7037,0.6316,0.5672,0.7947,18,44,13,9,0.7381,0.6667,0.7719,0.6207,0.8187,19,38,19,8,0.6786,0.7037,0.6667,0.5846,0.8148,24,58,3,1,0.9535,0.96,0.9508,0.9231,0.941,24,55,6,1,0.9186,0.96,0.9016,0.8727,0.922,24,53,8,1,0.8953,0.96,0.8689,0.8421,0.9377,24,53,8,1,0.8953,0.96,0.8689,0.8421,0.9338,24,55,6,1,0.9186,0.96,0.9016,0.8727,0.9338
395,22,57,13,7,0.798,0.7586,0.8143,0.6875,0.8719,21,63,7,8,0.8485,0.7241,0.9,0.7368,0.8872,22,58,12,7,0.8081,0.7586,0.8286,0.6984,0.8645,22,63,7,7,0.8586,0.7586,0.9,0.7586,0.8611,22,63,7,7,0.8586,0.7586,0.9,0.7586,0.8921,26,66,1,9,0.902,0.7429,0.9851,0.8387,0.8738,28,66,1,7,0.9216,0.8,0.9851,0.875,0.9066,25,66,1,10,0.8922,0.7143,0.9851,0.8197,0.8874,24,66,1,11,0.8824,0.6857,0.9851,0.8,0.9011,25,66,1,10,0.8922,0.7143,0.9851,0.8197,0.8989,13,46,9,16,0.7024,0.4483,0.8364,0.5098,0.6796,14,44,11,15,0.6905,0.4828,0.8,0.5185,0.7661,15,39,16,14,0.6429,0.5172,0.7091,0.5,0.7317,14,45,10,15,0.7024,0.4828,0.8182,0.5283,0.7542,15,40,15,14,0.6548,0.5172,0.7273,0.5085,0.7436,20,64,1,1,0.9767,0.9524,0.9846,0.9524,0.9817,20,63,2,1,0.9651,0.9524,0.9692,0.9302,0.9766,20,61,4,1,0.9419,0.9524,0.9385,0.8889,0.97,20,61,4,1,0.9419,0.9524,0.9385,0.8889,0.9817,20,63,2,1,0.9651,0.9524,0.9692,0.9302,0.981
396,21,61,10,7,0.8283,0.75,0.8592,0.7119,0.8209,19,68,3,9,0.8788,0.6786,0.9577,0.76,0.837,21,62,9,7,0.8384,0.75,0.8732,0.7241,0.8355,21,68,3,7,0.899,0.75,0.9577,0.8077,0.8229,21,64,7,7,0.8586,0.75,0.9014,0.75,0.8727,16,71,6,9,0.8529,0.64,0.9221,0.6809,0.7771,19,72,5,6,0.8922,0.76,0.9351,0.7755,0.7995,16,71,6,9,0.8529,0.64,0.9221,0.6809,0.7735,15,73,4,10,0.8627,0.6,0.9481,0.6818,0.7896,16,71,6,9,0.8529,0.64,0.9221,0.6809,0.7932,21,41,8,14,0.7381,0.6,0.8367,0.6562,0.7679,21,38,11,14,0.7024,0.6,0.7755,0.6269,0.8385,22,37,12,13,0.7024,0.6286,0.7551,0.6377,0.7983,23,43,6,12,0.7857,0.6571,0.8776,0.7188,0.8204,22,39,10,13,0.7262,0.6286,0.7959,0.6567,0.8169,22,61,3,0,0.9651,1.0,0.9531,0.9362,0.968,20,61,3,2,0.9419,0.9091,0.9531,0.8889,0.9751,22,59,5,0,0.9419,1.0,0.9219,0.898,0.9759,20,59,5,2,0.9186,0.9091,0.9219,0.8511,0.9773,22,61,3,0,0.9651,1.0,0.9531,0.9362,0.9723
397,22,58,7,12,0.8081,0.6471,0.8923,0.6984,0.8683,20,61,4,14,0.8182,0.5882,0.9385,0.6897,0.8801,20,57,8,14,0.7778,0.5882,0.8769,0.6452,0.8579,22,61,4,12,0.8384,0.6471,0.9385,0.7333,0.8538,20,59,6,14,0.798,0.5882,0.9077,0.6667,0.8819,22,67,3,10,0.8725,0.6875,0.9571,0.7719,0.8728,26,65,5,6,0.8922,0.8125,0.9286,0.8254,0.8799,22,63,7,10,0.8333,0.6875,0.9,0.7213,0.8719,19,67,3,13,0.8431,0.5938,0.9571,0.7037,0.8839,22,61,9,10,0.8137,0.6875,0.8714,0.6984,0.8924,17,52,7,8,0.8214,0.68,0.8814,0.6939,0.7478,15,45,14,10,0.7143,0.6,0.7627,0.5556,0.7647,15,38,21,10,0.631,0.6,0.6441,0.4918,0.739,15,46,13,10,0.7262,0.6,0.7797,0.566,0.7553,15,43,16,10,0.6905,0.6,0.7288,0.5357,0.7878,22,57,3,4,0.9186,0.8462,0.95,0.8627,0.9365,22,56,4,4,0.907,0.8462,0.9333,0.8462,0.9167,22,54,6,4,0.8837,0.8462,0.9,0.8148,0.9154,22,54,6,4,0.8837,0.8462,0.9,0.8148,0.9301,22,56,4,4,0.907,0.8462,0.9333,0.8462,0.9231
398,23,49,21,6,0.7273,0.7931,0.7,0.6301,0.802,21,56,14,8,0.7778,0.7241,0.8,0.6562,0.8212,20,50,20,9,0.7071,0.6897,0.7143,0.5797,0.7709,23,56,14,6,0.798,0.7931,0.8,0.697,0.801,20,53,17,9,0.7374,0.6897,0.7571,0.6061,0.834,23,66,5,8,0.8725,0.7419,0.9296,0.7797,0.8701,25,69,2,6,0.9216,0.8065,0.9718,0.8621,0.8582,21,66,5,10,0.8529,0.6774,0.9296,0.7368,0.8396,19,70,1,12,0.8725,0.6129,0.9859,0.7451,0.8601,21,63,8,10,0.8235,0.6774,0.8873,0.7,0.8369,23,43,1,17,0.7857,0.575,0.9773,0.7188,0.8318,26,37,7,14,0.75,0.65,0.8409,0.7123,0.8534,27,32,12,13,0.7024,0.675,0.7273,0.6835,0.8153,29,38,6,11,0.7976,0.725,0.8636,0.7733,0.854,27,36,8,13,0.75,0.675,0.8182,0.72,0.8438,27,54,3,2,0.9419,0.931,0.9474,0.9153,0.9492,24,54,3,5,0.907,0.8276,0.9474,0.8571,0.9395,27,53,4,2,0.9302,0.931,0.9298,0.9,0.9558,24,53,4,5,0.8953,0.8276,0.9298,0.8421,0.9577,27,54,3,2,0.9419,0.931,0.9474,0.9153,0.9528
399,22,58,14,5,0.8081,0.8148,0.8056,0.6984,0.8837,19,66,6,8,0.8586,0.7037,0.9167,0.7308,0.893,20,61,11,7,0.8182,0.7407,0.8472,0.6897,0.8755,22,66,6,5,0.8889,0.8148,0.9167,0.8,0.8637,20,63,9,7,0.8384,0.7407,0.875,0.7143,0.8961,22,64,7,9,0.8431,0.7097,0.9014,0.7333,0.8192,23,67,4,8,0.8824,0.7419,0.9437,0.7931,0.8801,21,66,5,10,0.8529,0.6774,0.9296,0.7368,0.841,20,69,2,11,0.8725,0.6452,0.9718,0.7547,0.8546,21,65,6,10,0.8431,0.6774,0.9155,0.7241,0.8483,20,47,8,9,0.7976,0.6897,0.8545,0.7018,0.8382,21,43,12,8,0.7619,0.7241,0.7818,0.6774,0.8646,24,36,19,5,0.7143,0.8276,0.6545,0.6667,0.8339,22,46,9,7,0.8095,0.7586,0.8364,0.7333,0.8652,24,41,14,5,0.7738,0.8276,0.7455,0.7164,0.869,22,59,1,4,0.9419,0.8462,0.9833,0.898,0.9308,21,58,2,5,0.9186,0.8077,0.9667,0.8571,0.9186,22,55,5,4,0.8953,0.8462,0.9167,0.8302,0.9167,21,55,5,5,0.8837,0.8077,0.9167,0.8077,0.9378,22,58,2,4,0.9302,0.8462,0.9667,0.88,0.9321
400,31,45,13,10,0.7677,0.7561,0.7759,0.7294,0.8368,31,49,9,10,0.8081,0.7561,0.8448,0.7654,0.823,30,46,12,11,0.7677,0.7317,0.7931,0.7229,0.7977,31,49,9,10,0.8081,0.7561,0.8448,0.7654,0.8179,30,47,11,11,0.7778,0.7317,0.8103,0.7317,0.8503,15,73,8,6,0.8627,0.7143,0.9012,0.6818,0.8419,15,74,7,6,0.8725,0.7143,0.9136,0.6977,0.7995,13,72,9,8,0.8333,0.619,0.8889,0.6047,0.7995,13,75,6,8,0.8627,0.619,0.9259,0.65,0.8054,13,69,12,8,0.8039,0.619,0.8519,0.5652,0.7619,22,50,5,7,0.8571,0.7586,0.9091,0.7857,0.847,19,45,10,10,0.7619,0.6552,0.8182,0.6552,0.8746,20,41,14,9,0.7262,0.6897,0.7455,0.6349,0.8508,19,48,7,10,0.7976,0.6552,0.8727,0.6909,0.889,20,42,13,9,0.7381,0.6897,0.7636,0.6452,0.8614,20,58,3,5,0.907,0.8,0.9508,0.8333,0.9266,20,57,4,5,0.8953,0.8,0.9344,0.8163,0.9266,20,57,4,5,0.8953,0.8,0.9344,0.8163,0.8911,20,57,4,5,0.8953,0.8,0.9344,0.8163,0.9272,20,57,4,5,0.8953,0.8,0.9344,0.8163,0.9325
401,17,53,14,15,0.7071,0.5312,0.791,0.5397,0.7383,16,58,9,16,0.7475,0.5,0.8657,0.5614,0.778,17,54,13,15,0.7172,0.5312,0.806,0.5484,0.7491,17,58,9,15,0.7576,0.5312,0.8657,0.5862,0.7374,17,55,12,15,0.7273,0.5312,0.8209,0.5574,0.7948,24,65,7,6,0.8725,0.8,0.9028,0.7869,0.8926,25,68,4,5,0.9118,0.8333,0.9444,0.8475,0.9032,22,66,6,8,0.8627,0.7333,0.9167,0.7586,0.8782,22,69,3,8,0.8922,0.7333,0.9583,0.8,0.8917,22,65,7,8,0.8529,0.7333,0.9028,0.7458,0.8931,23,48,5,8,0.8452,0.7419,0.9057,0.7797,0.8868,22,40,13,9,0.7381,0.7097,0.7547,0.6667,0.9026,24,40,13,7,0.7619,0.7742,0.7547,0.7059,0.888,24,46,7,7,0.8333,0.7742,0.8679,0.7742,0.9105,24,41,12,7,0.7738,0.7742,0.7736,0.7164,0.9026,28,54,2,2,0.9535,0.9333,0.9643,0.9333,0.9488,27,53,3,3,0.9302,0.9,0.9464,0.9,0.9423,28,53,3,2,0.9419,0.9333,0.9464,0.918,0.956,27,53,3,3,0.9302,0.9,0.9464,0.9,0.9619,28,53,3,2,0.9419,0.9333,0.9464,0.918,0.9518
402,30,56,5,8,0.8687,0.7895,0.918,0.8219,0.868,24,58,3,14,0.8283,0.6316,0.9508,0.7385,0.8658,27,54,7,11,0.8182,0.7105,0.8852,0.75,0.868,30,58,3,8,0.8889,0.7895,0.9508,0.8451,0.8425,27,53,8,11,0.8081,0.7105,0.8689,0.7397,0.877,17,72,8,5,0.8725,0.7727,0.9,0.7234,0.8045,17,73,7,5,0.8824,0.7727,0.9125,0.7391,0.8699,15,74,6,7,0.8725,0.6818,0.925,0.6977,0.8267,15,77,3,7,0.902,0.6818,0.9625,0.75,0.8528,15,72,8,7,0.8529,0.6818,0.9,0.6667,0.8472,26,50,5,3,0.9048,0.8966,0.9091,0.8667,0.9411,26,45,10,3,0.8452,0.8966,0.8182,0.8,0.958,27,43,12,2,0.8333,0.931,0.7818,0.7941,0.9455,26,47,8,3,0.869,0.8966,0.8545,0.8254,0.9599,27,47,8,2,0.881,0.931,0.8545,0.8438,0.9592,24,56,6,0,0.9302,1.0,0.9032,0.8889,0.9429,23,55,7,1,0.907,0.9583,0.8871,0.8519,0.9415,24,54,8,0,0.907,1.0,0.871,0.8571,0.9503,23,54,8,1,0.8953,0.9583,0.871,0.8364,0.9476,24,55,7,0,0.9186,1.0,0.8871,0.8727,0.9375
403,23,53,13,10,0.7677,0.697,0.803,0.6667,0.8393,20,55,11,13,0.7576,0.6061,0.8333,0.625,0.8421,22,53,13,11,0.7576,0.6667,0.803,0.6471,0.8223,23,55,11,10,0.7879,0.697,0.8333,0.6866,0.8244,22,53,13,11,0.7576,0.6667,0.803,0.6471,0.8361,17,69,5,11,0.8431,0.6071,0.9324,0.68,0.8007,21,65,9,7,0.8431,0.75,0.8784,0.7241,0.8822,17,62,12,11,0.7745,0.6071,0.8378,0.5965,0.8152,15,66,8,13,0.7941,0.5357,0.8919,0.5882,0.8456,17,62,12,11,0.7745,0.6071,0.8378,0.5965,0.8422,18,40,8,18,0.6905,0.5,0.8333,0.5806,0.7431,19,37,11,17,0.6667,0.5278,0.7708,0.5758,0.794,20,33,15,16,0.631,0.5556,0.6875,0.5634,0.7546,22,37,11,14,0.7024,0.6111,0.7708,0.6377,0.798,20,33,15,16,0.631,0.5556,0.6875,0.5634,0.7969,28,52,5,1,0.9302,0.9655,0.9123,0.9032,0.9589,25,52,5,4,0.8953,0.8621,0.9123,0.8475,0.9292,28,51,6,1,0.9186,0.9655,0.8947,0.8889,0.954,25,51,6,4,0.8837,0.8621,0.8947,0.8333,0.951,28,52,5,1,0.9302,0.9655,0.9123,0.9032,0.9292
404,25,60,6,8,0.8586,0.7576,0.9091,0.7812,0.8641,22,62,4,11,0.8485,0.6667,0.9394,0.7458,0.8623,23,61,5,10,0.8485,0.697,0.9242,0.7541,0.8462,25,62,4,8,0.8788,0.7576,0.9394,0.8065,0.8629,23,61,5,10,0.8485,0.697,0.9242,0.7541,0.8678,17,66,10,9,0.8137,0.6538,0.8684,0.6415,0.8558,19,69,7,7,0.8627,0.7308,0.9079,0.7308,0.8497,15,67,9,11,0.8039,0.5769,0.8816,0.6,0.7996,15,71,5,11,0.8431,0.5769,0.9342,0.6522,0.8543,15,65,11,11,0.7843,0.5769,0.8553,0.5769,0.8254,19,54,7,4,0.869,0.8261,0.8852,0.7755,0.9109,18,47,14,5,0.7738,0.7826,0.7705,0.6545,0.9073,19,47,14,4,0.7857,0.8261,0.7705,0.6786,0.8788,18,50,11,5,0.8095,0.7826,0.8197,0.6923,0.8974,19,50,11,4,0.8214,0.8261,0.8197,0.717,0.8838,23,56,1,6,0.9186,0.7931,0.9825,0.8679,0.8802,23,56,1,6,0.9186,0.7931,0.9825,0.8679,0.8397,23,55,2,6,0.907,0.7931,0.9649,0.8519,0.9226,23,55,2,6,0.907,0.7931,0.9649,0.8519,0.9437,23,56,1,6,0.9186,0.7931,0.9825,0.8679,0.8778
405,28,45,16,10,0.7374,0.7368,0.7377,0.6829,0.8016,24,50,11,14,0.7475,0.6316,0.8197,0.6575,0.8123,25,45,16,13,0.7071,0.6579,0.7377,0.6329,0.777,28,50,11,10,0.7879,0.7368,0.8197,0.7273,0.8279,25,48,13,13,0.7374,0.6579,0.7869,0.6579,0.8115,15,78,2,7,0.9118,0.6818,0.975,0.7692,0.8608,16,73,7,6,0.8725,0.7273,0.9125,0.7111,0.8608,14,71,9,8,0.8333,0.6364,0.8875,0.6222,0.8398,13,74,6,9,0.8529,0.5909,0.925,0.6341,0.8614,14,69,11,8,0.8137,0.6364,0.8625,0.5957,0.8455,20,50,4,10,0.8333,0.6667,0.9259,0.7407,0.8401,19,41,13,11,0.7143,0.6333,0.7593,0.6129,0.8346,19,38,16,11,0.6786,0.6333,0.7037,0.5846,0.8352,20,48,6,10,0.8095,0.6667,0.8889,0.7143,0.8562,19,46,8,11,0.7738,0.6333,0.8519,0.6667,0.8463,14,64,7,1,0.907,0.9333,0.9014,0.7778,0.8995,13,63,8,2,0.8837,0.8667,0.8873,0.7222,0.8657,14,59,12,1,0.8488,0.9333,0.831,0.6829,0.9089,13,59,12,2,0.8372,0.8667,0.831,0.65,0.9277,14,63,8,1,0.8953,0.9333,0.8873,0.7568,0.8704
406,21,45,19,14,0.6667,0.6,0.7031,0.56,0.8022,20,48,16,15,0.6869,0.5714,0.75,0.5634,0.7924,21,45,19,14,0.6667,0.6,0.7031,0.56,0.7696,21,48,16,14,0.697,0.6,0.75,0.5833,0.7672,21,46,18,14,0.6768,0.6,0.7188,0.5676,0.7964,22,64,9,7,0.8431,0.7586,0.8767,0.7333,0.8474,22,69,4,7,0.8922,0.7586,0.9452,0.8,0.8333,20,69,4,9,0.8725,0.6897,0.9452,0.7547,0.8328,20,71,2,9,0.8922,0.6897,0.9726,0.7843,0.8432,20,69,4,9,0.8725,0.6897,0.9452,0.7547,0.846,21,45,7,11,0.7857,0.6562,0.8654,0.7,0.7915,20,39,13,12,0.7024,0.625,0.75,0.6154,0.8456,21,35,17,11,0.6667,0.6562,0.6731,0.6,0.7302,23,42,10,9,0.7738,0.7188,0.8077,0.7077,0.8101,21,37,15,11,0.6905,0.6562,0.7115,0.6176,0.8131,29,51,4,2,0.9302,0.9355,0.9273,0.9062,0.9419,27,51,4,4,0.907,0.871,0.9273,0.871,0.9478,29,50,5,2,0.9186,0.9355,0.9091,0.8923,0.9249,27,50,5,4,0.8953,0.871,0.9091,0.8571,0.9437,29,51,4,2,0.9302,0.9355,0.9273,0.9062,0.9308
407,23,57,12,7,0.8081,0.7667,0.8261,0.7077,0.9101,21,60,9,9,0.8182,0.7,0.8696,0.7,0.9,22,57,12,8,0.798,0.7333,0.8261,0.6875,0.8942,23,60,9,7,0.8384,0.7667,0.8696,0.7419,0.9094,22,58,11,8,0.8081,0.7333,0.8406,0.6984,0.9285,20,70,6,6,0.8824,0.7692,0.9211,0.7692,0.8365,20,72,4,6,0.902,0.7692,0.9474,0.8,0.8041,17,69,7,9,0.8431,0.6538,0.9079,0.68,0.8097,17,72,4,9,0.8725,0.6538,0.9474,0.7234,0.8057,17,69,7,9,0.8431,0.6538,0.9079,0.68,0.8254,20,49,7,8,0.8214,0.7143,0.875,0.7273,0.8776,21,44,12,7,0.7738,0.75,0.7857,0.6885,0.8839,21,43,13,7,0.7619,0.75,0.7679,0.6774,0.8335,24,49,7,4,0.869,0.8571,0.875,0.8136,0.8973,21,45,11,7,0.7857,0.75,0.8036,0.7,0.8661,32,50,3,1,0.9535,0.9697,0.9434,0.9412,0.9491,28,50,3,5,0.907,0.8485,0.9434,0.875,0.9571,32,49,4,1,0.9419,0.9697,0.9245,0.9275,0.9457,28,49,4,5,0.8953,0.8485,0.9245,0.8615,0.9623,32,50,3,1,0.9535,0.9697,0.9434,0.9412,0.9468
408,25,62,7,5,0.8788,0.8333,0.8986,0.8065,0.9005,24,66,3,6,0.9091,0.8,0.9565,0.8421,0.8841,23,63,6,7,0.8687,0.7667,0.913,0.7797,0.8676,25,66,3,5,0.9192,0.8333,0.9565,0.8621,0.8966,23,64,5,7,0.8788,0.7667,0.9275,0.7931,0.8995,23,59,11,9,0.8039,0.7188,0.8429,0.697,0.8978,27,64,6,5,0.8922,0.8438,0.9143,0.8308,0.892,22,64,6,10,0.8431,0.6875,0.9143,0.7333,0.8621,20,66,4,12,0.8431,0.625,0.9429,0.7143,0.8902,22,63,7,10,0.8333,0.6875,0.9,0.7213,0.8853,18,46,9,11,0.7619,0.6207,0.8364,0.6429,0.7611,15,43,12,14,0.6905,0.5172,0.7818,0.5357,0.7693,16,42,13,13,0.6905,0.5517,0.7636,0.5517,0.7749,16,50,5,13,0.7857,0.5517,0.9091,0.64,0.7944,16,43,12,13,0.7024,0.5517,0.7818,0.5614,0.8088,27,53,3,3,0.9302,0.9,0.9464,0.9,0.9196,26,53,3,4,0.9186,0.8667,0.9464,0.8814,0.9071,27,53,3,3,0.9302,0.9,0.9464,0.9,0.9202,26,53,3,4,0.9186,0.8667,0.9464,0.8814,0.9345,27,53,3,3,0.9302,0.9,0.9464,0.9,0.9065
409,25,52,11,11,0.7778,0.6944,0.8254,0.6944,0.8369,19,54,9,17,0.7374,0.5278,0.8571,0.5937,0.8377,23,52,11,13,0.7576,0.6389,0.8254,0.6571,0.8122,25,54,9,11,0.798,0.6944,0.8571,0.7143,0.8142,23,52,11,13,0.7576,0.6389,0.8254,0.6571,0.8474,26,61,6,9,0.8529,0.7429,0.9104,0.7761,0.8614,27,60,7,8,0.8529,0.7714,0.8955,0.7826,0.8631,23,61,6,12,0.8235,0.6571,0.9104,0.7188,0.8384,22,60,7,13,0.8039,0.6286,0.8955,0.6875,0.8482,23,59,8,12,0.8039,0.6571,0.8806,0.697,0.8431,24,47,7,6,0.8452,0.8,0.8704,0.7869,0.8636,23,41,13,7,0.7619,0.7667,0.7593,0.697,0.892,23,36,18,7,0.7024,0.7667,0.6667,0.6479,0.8568,24,41,13,6,0.7738,0.8,0.7593,0.7164,0.8815,23,41,13,7,0.7619,0.7667,0.7593,0.697,0.8593,16,63,4,3,0.9186,0.8421,0.9403,0.8205,0.8869,15,63,4,4,0.907,0.7895,0.9403,0.7895,0.85,16,63,4,3,0.9186,0.8421,0.9403,0.8205,0.912,15,63,4,4,0.907,0.7895,0.9403,0.7895,0.9262,16,63,4,3,0.9186,0.8421,0.9403,0.8205,0.8814
410,33,48,9,9,0.8182,0.7857,0.8421,0.7857,0.7991,25,50,7,17,0.7576,0.5952,0.8772,0.6757,0.8095,26,48,9,16,0.7475,0.619,0.8421,0.6753,0.7815,33,50,7,9,0.8384,0.7857,0.8772,0.8049,0.8041,26,49,8,16,0.7576,0.619,0.8596,0.6842,0.8459,24,66,5,7,0.8824,0.7742,0.9296,0.8,0.8646,25,65,6,6,0.8824,0.8065,0.9155,0.8065,0.8414,21,68,3,10,0.8725,0.6774,0.9577,0.7636,0.8369,20,65,6,11,0.8333,0.6452,0.9155,0.7018,0.8446,21,64,7,10,0.8333,0.6774,0.9014,0.7119,0.8414,12,46,11,15,0.6905,0.4444,0.807,0.48,0.718,11,40,17,16,0.6071,0.4074,0.7018,0.4,0.6693,13,37,20,14,0.5952,0.4815,0.6491,0.4333,0.7076,13,45,12,14,0.6905,0.4815,0.7895,0.5,0.7284,13,40,17,14,0.631,0.4815,0.7018,0.4561,0.7089,26,51,4,5,0.8953,0.8387,0.9273,0.8525,0.946,24,51,4,7,0.8721,0.7742,0.9273,0.8136,0.9466,26,51,4,5,0.8953,0.8387,0.9273,0.8525,0.9296,24,51,4,7,0.8721,0.7742,0.9273,0.8136,0.9425,26,51,4,5,0.8953,0.8387,0.9273,0.8525,0.9372
411,23,56,12,8,0.798,0.7419,0.8235,0.697,0.862,22,59,9,9,0.8182,0.7097,0.8676,0.7097,0.8591,21,55,13,10,0.7677,0.6774,0.8088,0.6462,0.8297,23,59,9,8,0.8283,0.7419,0.8676,0.7302,0.8416,21,57,11,10,0.7879,0.6774,0.8382,0.6667,0.8729,23,66,6,7,0.8725,0.7667,0.9167,0.7797,0.8995,26,68,4,4,0.9216,0.8667,0.9444,0.8667,0.9111,24,69,3,6,0.9118,0.8,0.9583,0.8421,0.8981,22,69,3,8,0.8922,0.7333,0.9583,0.8,0.9111,24,67,5,6,0.8922,0.8,0.9306,0.8136,0.9088,20,47,5,12,0.7976,0.625,0.9038,0.7018,0.8425,21,42,10,11,0.75,0.6562,0.8077,0.6667,0.8846,22,39,13,10,0.7262,0.6875,0.75,0.6567,0.8149,24,43,9,8,0.7976,0.75,0.8269,0.7385,0.8516,22,41,11,10,0.75,0.6875,0.7885,0.6769,0.8636,32,48,5,1,0.9302,0.9697,0.9057,0.9143,0.9525,29,47,6,4,0.8837,0.8788,0.8868,0.8529,0.9468,32,44,9,1,0.8837,0.9697,0.8302,0.8649,0.9423,29,44,9,4,0.8488,0.8788,0.8302,0.8169,0.9457,32,47,6,1,0.9186,0.9697,0.8868,0.9014,0.9503
412,26,54,13,6,0.8081,0.8125,0.806,0.7324,0.9086,24,61,6,8,0.8586,0.75,0.9104,0.7742,0.9221,23,54,13,9,0.7778,0.7188,0.806,0.6765,0.8904,26,61,6,6,0.8788,0.8125,0.9104,0.8125,0.9212,23,56,11,9,0.798,0.7188,0.8358,0.697,0.9095,17,67,9,9,0.8235,0.6538,0.8816,0.6538,0.753,18,64,12,8,0.8039,0.6923,0.8421,0.6429,0.8203,14,63,13,12,0.7549,0.5385,0.8289,0.5283,0.7606,14,68,8,12,0.8039,0.5385,0.8947,0.5833,0.7874,14,62,14,12,0.7451,0.5385,0.8158,0.5185,0.7783,22,41,10,11,0.75,0.6667,0.8039,0.6769,0.7956,20,37,14,13,0.6786,0.6061,0.7255,0.597,0.8295,21,38,13,12,0.7024,0.6364,0.7451,0.6269,0.8152,21,42,9,12,0.75,0.6364,0.8235,0.6667,0.8289,21,42,9,12,0.75,0.6364,0.8235,0.6667,0.8318,18,60,7,1,0.907,0.9474,0.8955,0.8182,0.9254,17,59,8,2,0.8837,0.8947,0.8806,0.7727,0.9104,18,59,8,1,0.8953,0.9474,0.8806,0.8,0.9301,17,59,8,2,0.8837,0.8947,0.8806,0.7727,0.9293,18,59,8,1,0.8953,0.9474,0.8806,0.8,0.9104
413,25,55,8,11,0.8081,0.6944,0.873,0.7246,0.8399,22,58,5,14,0.8081,0.6111,0.9206,0.6984,0.8245,21,53,10,15,0.7475,0.5833,0.8413,0.6269,0.8139,25,58,5,11,0.8384,0.6944,0.9206,0.7576,0.8201,21,56,7,15,0.7778,0.5833,0.8889,0.6562,0.8593,22,66,7,7,0.8627,0.7586,0.9041,0.7586,0.8696,23,68,5,6,0.8922,0.7931,0.9315,0.807,0.9121,23,69,4,6,0.902,0.7931,0.9452,0.8214,0.8956,22,68,5,7,0.8824,0.7586,0.9315,0.7857,0.906,23,67,6,6,0.8824,0.7931,0.9178,0.7931,0.9017,21,47,6,10,0.8095,0.6774,0.8868,0.7241,0.7967,20,43,10,11,0.75,0.6452,0.8113,0.6557,0.8685,20,42,11,11,0.7381,0.6452,0.7925,0.6452,0.8211,20,46,7,11,0.7857,0.6452,0.8679,0.6897,0.8521,20,42,11,11,0.7381,0.6452,0.7925,0.6452,0.8296,21,55,4,6,0.8837,0.7778,0.9322,0.8077,0.8908,21,54,5,6,0.8721,0.7778,0.9153,0.7925,0.8908,21,53,6,6,0.8605,0.7778,0.8983,0.7778,0.8726,21,53,6,6,0.8605,0.7778,0.8983,0.7778,0.9178,21,54,5,6,0.8721,0.7778,0.9153,0.7925,0.8939
414,21,51,21,6,0.7273,0.7778,0.7083,0.6087,0.8369,19,57,15,8,0.7677,0.7037,0.7917,0.623,0.8364,20,51,21,7,0.7172,0.7407,0.7083,0.5882,0.8102,21,57,15,6,0.7879,0.7778,0.7917,0.6667,0.8351,20,54,18,7,0.7475,0.7407,0.75,0.6154,0.8477,22,73,1,6,0.9314,0.7857,0.9865,0.8627,0.8875,23,74,0,5,0.951,0.8214,1.0,0.902,0.8871,21,73,1,7,0.9216,0.75,0.9865,0.84,0.8847,21,74,0,7,0.9314,0.75,1.0,0.8571,0.8847,21,71,3,7,0.902,0.75,0.9595,0.8077,0.9131,18,51,5,10,0.8214,0.6429,0.9107,0.7059,0.861,16,48,8,12,0.7619,0.5714,0.8571,0.6154,0.8909,18,43,13,10,0.7262,0.6429,0.7679,0.6102,0.8367,18,49,7,10,0.7976,0.6429,0.875,0.6792,0.8865,18,45,11,10,0.75,0.6429,0.8036,0.6316,0.8756,20,60,4,2,0.9302,0.9091,0.9375,0.8696,0.9368,18,59,5,4,0.8953,0.8182,0.9219,0.8,0.9325,20,58,6,2,0.907,0.9091,0.9062,0.8333,0.9176,18,58,6,4,0.8837,0.8182,0.9062,0.7826,0.9411,20,59,5,2,0.9186,0.9091,0.9219,0.8511,0.9354
415,21,56,13,9,0.7778,0.7,0.8116,0.6562,0.8329,18,60,9,12,0.7879,0.6,0.8696,0.6316,0.8174,19,57,12,11,0.7677,0.6333,0.8261,0.623,0.7899,21,60,9,9,0.8182,0.7,0.8696,0.7,0.8123,19,59,10,11,0.7879,0.6333,0.8551,0.6441,0.8531,15,75,3,9,0.8824,0.625,0.9615,0.7143,0.7516,16,72,6,8,0.8627,0.6667,0.9231,0.6957,0.7666,15,71,7,9,0.8431,0.625,0.9103,0.6522,0.734,15,73,5,9,0.8627,0.625,0.9359,0.6818,0.7511,15,67,11,9,0.8039,0.625,0.859,0.6,0.7564,25,42,6,11,0.7976,0.6944,0.875,0.7463,0.8385,25,36,12,11,0.7262,0.6944,0.75,0.6849,0.8206,25,34,14,11,0.7024,0.6944,0.7083,0.6667,0.8287,27,37,11,9,0.7619,0.75,0.7708,0.7297,0.8258,25,37,11,11,0.7381,0.6944,0.7708,0.6944,0.8299,18,61,4,3,0.9186,0.8571,0.9385,0.8372,0.9114,16,61,4,5,0.8953,0.7619,0.9385,0.7805,0.8974,18,61,4,3,0.9186,0.8571,0.9385,0.8372,0.907,16,61,4,5,0.8953,0.7619,0.9385,0.7805,0.9341,18,61,4,3,0.9186,0.8571,0.9385,0.8372,0.9055
416,33,45,9,12,0.7879,0.7333,0.8333,0.7586,0.865,31,46,8,14,0.7778,0.6889,0.8519,0.7381,0.8765,28,44,10,17,0.7273,0.6222,0.8148,0.6747,0.8588,33,46,8,12,0.798,0.7333,0.8519,0.7674,0.8537,28,46,8,17,0.7475,0.6222,0.8519,0.6914,0.8778,27,58,3,14,0.8333,0.6585,0.9508,0.7606,0.9116,35,58,3,6,0.9118,0.8537,0.9508,0.8861,0.9068,31,58,3,10,0.8725,0.7561,0.9508,0.8267,0.8984,25,58,3,16,0.8137,0.6098,0.9508,0.7246,0.9084,31,57,4,10,0.8627,0.7561,0.9344,0.8158,0.9012,22,45,5,12,0.7976,0.6471,0.9,0.7213,0.8006,23,41,9,11,0.7619,0.6765,0.82,0.697,0.8088,25,39,11,9,0.7619,0.7353,0.78,0.7143,0.8135,23,43,7,11,0.7857,0.6765,0.86,0.7188,0.8206,25,40,10,9,0.7738,0.7353,0.8,0.7246,0.8453,26,53,5,2,0.9186,0.9286,0.9138,0.8814,0.9347,26,53,5,2,0.9186,0.9286,0.9138,0.8814,0.9132,26,50,8,2,0.8837,0.9286,0.8621,0.8387,0.952,26,50,8,2,0.8837,0.9286,0.8621,0.8387,0.9526,26,53,5,2,0.9186,0.9286,0.9138,0.8814,0.9292
417,19,54,18,8,0.7374,0.7037,0.75,0.5938,0.7896,17,60,12,10,0.7778,0.6296,0.8333,0.6071,0.8071,16,53,19,11,0.697,0.5926,0.7361,0.5161,0.7762,19,60,12,8,0.798,0.7037,0.8333,0.6552,0.7814,16,57,15,11,0.7374,0.5926,0.7917,0.5517,0.8004,25,67,2,8,0.902,0.7576,0.971,0.8333,0.8928,26,68,1,7,0.9216,0.7879,0.9855,0.8667,0.892,23,66,3,10,0.8725,0.697,0.9565,0.7797,0.881,23,68,1,10,0.8922,0.697,0.9855,0.807,0.9029,23,65,4,10,0.8627,0.697,0.942,0.7667,0.8863,20,50,5,9,0.8333,0.6897,0.9091,0.7407,0.8345,19,45,10,10,0.7619,0.6552,0.8182,0.6552,0.8552,19,38,17,10,0.6786,0.6552,0.6909,0.5846,0.8157,20,46,9,9,0.7857,0.6897,0.8364,0.6897,0.874,19,40,15,10,0.7024,0.6552,0.7273,0.6032,0.8194,18,62,3,3,0.9302,0.8571,0.9538,0.8571,0.9385,17,59,6,4,0.8837,0.8095,0.9077,0.7727,0.9231,18,59,6,3,0.8953,0.8571,0.9077,0.8,0.9084,17,59,6,4,0.8837,0.8095,0.9077,0.7727,0.9355,18,59,6,3,0.8953,0.8571,0.9077,0.8,0.9421
418,24,56,9,10,0.8081,0.7059,0.8615,0.7164,0.8439,22,57,8,12,0.798,0.6471,0.8769,0.6875,0.838,23,54,11,11,0.7778,0.6765,0.8308,0.6765,0.8054,24,57,8,10,0.8182,0.7059,0.8769,0.7273,0.8267,23,57,8,11,0.8081,0.6765,0.8769,0.7077,0.8674,16,72,2,12,0.8627,0.5714,0.973,0.6957,0.8094,20,70,4,8,0.8824,0.7143,0.9459,0.7692,0.8475,16,70,4,12,0.8431,0.5714,0.9459,0.6667,0.8277,13,70,4,15,0.8137,0.4643,0.9459,0.5778,0.8296,16,68,6,12,0.8235,0.5714,0.9189,0.64,0.8456,11,53,8,12,0.7619,0.4783,0.8689,0.5238,0.7627,13,46,15,10,0.7024,0.5652,0.7541,0.5098,0.7391,15,47,14,8,0.7381,0.6522,0.7705,0.5769,0.8004,14,49,12,9,0.75,0.6087,0.8033,0.5714,0.7662,15,50,11,8,0.7738,0.6522,0.8197,0.6122,0.8104,22,58,3,3,0.9302,0.88,0.9508,0.88,0.918,21,58,3,4,0.9186,0.84,0.9508,0.8571,0.9003,22,56,5,3,0.907,0.88,0.918,0.8462,0.9338,21,56,5,4,0.8953,0.84,0.918,0.8235,0.9443,22,58,3,3,0.9302,0.88,0.9508,0.88,0.92
419,34,43,13,9,0.7778,0.7907,0.7679,0.7556,0.8713,30,50,6,13,0.8081,0.6977,0.8929,0.7595,0.8692,33,43,13,10,0.7677,0.7674,0.7679,0.7416,0.8468,34,50,6,9,0.8485,0.7907,0.8929,0.8193,0.8679,33,45,11,10,0.7879,0.7674,0.8036,0.7586,0.8742,19,66,4,13,0.8333,0.5938,0.9429,0.6909,0.8348,24,66,4,8,0.8824,0.75,0.9429,0.8,0.8688,21,64,6,11,0.8333,0.6562,0.9143,0.7119,0.8268,18,68,2,14,0.8431,0.5625,0.9714,0.6923,0.8478,21,60,10,11,0.7941,0.6562,0.8571,0.6667,0.8379,23,43,6,12,0.7857,0.6571,0.8776,0.7188,0.8624,23,42,7,12,0.7738,0.6571,0.8571,0.7077,0.8805,23,40,9,12,0.75,0.6571,0.8163,0.6866,0.8822,25,41,8,10,0.7857,0.7143,0.8367,0.7353,0.8875,23,43,6,12,0.7857,0.6571,0.8776,0.7188,0.8991,22,51,10,3,0.8488,0.88,0.8361,0.7719,0.861,20,49,12,5,0.8023,0.8,0.8033,0.7018,0.8551,22,49,12,3,0.8256,0.88,0.8033,0.7458,0.8807,20,49,12,5,0.8023,0.8,0.8033,0.7018,0.8964,22,49,12,3,0.8256,0.88,0.8033,0.7458,0.8538
420,24,47,17,11,0.7172,0.6857,0.7344,0.6316,0.7696,19,50,14,16,0.697,0.5429,0.7812,0.5588,0.7795,18,45,19,17,0.6364,0.5143,0.7031,0.5,0.7411,24,50,14,11,0.7475,0.6857,0.7812,0.6575,0.7627,18,47,17,17,0.6566,0.5143,0.7344,0.5143,0.7866,27,61,3,11,0.8627,0.7105,0.9531,0.7941,0.8363,29,57,7,9,0.8431,0.7632,0.8906,0.7838,0.8269,24,61,3,14,0.8333,0.6316,0.9531,0.7385,0.8113,23,58,6,15,0.7941,0.6053,0.9062,0.6866,0.8273,24,54,10,14,0.7647,0.6316,0.8438,0.6667,0.8224,22,46,4,12,0.8095,0.6471,0.92,0.7333,0.8353,22,40,10,12,0.7381,0.6471,0.8,0.6667,0.8929,23,39,11,11,0.7381,0.6765,0.78,0.6765,0.8629,22,43,7,12,0.7738,0.6471,0.86,0.6984,0.8894,23,41,9,11,0.7619,0.6765,0.82,0.697,0.8688,19,54,7,6,0.8488,0.76,0.8852,0.7451,0.8577,19,51,10,6,0.814,0.76,0.8361,0.7037,0.8433,19,50,11,6,0.8023,0.76,0.8197,0.6909,0.8328,19,50,11,6,0.8023,0.76,0.8197,0.6909,0.8538,19,51,10,6,0.814,0.76,0.8361,0.7037,0.8511
421,29,48,10,12,0.7778,0.7073,0.8276,0.725,0.8444,27,51,7,14,0.7879,0.6585,0.8793,0.72,0.8625,28,47,11,13,0.7576,0.6829,0.8103,0.7,0.8314,29,51,7,12,0.8081,0.7073,0.8793,0.7532,0.8217,28,48,10,13,0.7677,0.6829,0.8276,0.7089,0.8671,18,70,5,9,0.8627,0.6667,0.9333,0.72,0.8874,22,70,5,5,0.902,0.8148,0.9333,0.8148,0.8647,19,66,9,8,0.8333,0.7037,0.88,0.6909,0.8548,16,71,4,11,0.8529,0.5926,0.9467,0.6809,0.8751,19,65,10,8,0.8235,0.7037,0.8667,0.6786,0.8706,21,40,6,17,0.7262,0.5526,0.8696,0.6462,0.7351,22,34,12,16,0.6667,0.5789,0.7391,0.6111,0.7689,23,31,15,15,0.6429,0.6053,0.6739,0.6053,0.734,24,34,12,14,0.6905,0.6316,0.7391,0.6486,0.7614,23,33,13,15,0.6667,0.6053,0.7174,0.6216,0.762,26,51,6,3,0.8953,0.8966,0.8947,0.8525,0.9316,24,49,8,5,0.8488,0.8276,0.8596,0.7869,0.9093,26,48,9,3,0.8605,0.8966,0.8421,0.8125,0.9141,24,48,9,5,0.8372,0.8276,0.8421,0.7742,0.925,26,49,8,3,0.8721,0.8966,0.8596,0.8254,0.9014
422,33,50,10,6,0.8384,0.8462,0.8333,0.8049,0.9056,32,52,8,7,0.8485,0.8205,0.8667,0.8101,0.9026,33,50,10,6,0.8384,0.8462,0.8333,0.8049,0.8774,33,52,8,6,0.8586,0.8462,0.8667,0.825,0.8966,33,52,8,6,0.8586,0.8462,0.8667,0.825,0.9098,21,68,4,9,0.8725,0.7,0.9444,0.7636,0.7745,21,68,4,9,0.8725,0.7,0.9444,0.7636,0.8458,20,63,9,10,0.8137,0.6667,0.875,0.678,0.8056,20,68,4,10,0.8627,0.6667,0.9444,0.7407,0.8093,20,62,10,10,0.8039,0.6667,0.8611,0.6667,0.8083,17,48,8,11,0.7738,0.6071,0.8571,0.6415,0.7991,18,43,13,10,0.7262,0.6429,0.7679,0.6102,0.8406,18,45,11,10,0.75,0.6429,0.8036,0.6316,0.8036,20,47,9,8,0.7976,0.7143,0.8393,0.7018,0.8246,18,49,7,10,0.7976,0.6429,0.875,0.6792,0.8221,22,59,4,1,0.9419,0.9565,0.9365,0.898,0.9593,20,57,6,3,0.8953,0.8696,0.9048,0.8163,0.9634,22,57,6,1,0.9186,0.9565,0.9048,0.8627,0.9441,20,57,6,3,0.8953,0.8696,0.9048,0.8163,0.9579,22,57,6,1,0.9186,0.9565,0.9048,0.8627,0.96
423,29,56,8,6,0.8586,0.8286,0.875,0.8056,0.8768,25,57,7,10,0.8283,0.7143,0.8906,0.7463,0.9161,24,54,10,11,0.7879,0.6857,0.8438,0.6957,0.8625,29,57,7,6,0.8687,0.8286,0.8906,0.8169,0.8634,24,57,7,11,0.8182,0.6857,0.8906,0.7273,0.9036,20,69,4,9,0.8725,0.6897,0.9452,0.7547,0.8162,22,65,8,7,0.8529,0.7586,0.8904,0.7458,0.8607,20,66,7,9,0.8431,0.6897,0.9041,0.7143,0.8333,19,65,8,10,0.8235,0.6552,0.8904,0.6786,0.8295,20,63,10,9,0.8137,0.6897,0.863,0.678,0.8366,16,53,4,11,0.8214,0.5926,0.9298,0.6809,0.8239,17,42,15,10,0.7024,0.6296,0.7368,0.5763,0.8187,19,41,16,8,0.7143,0.7037,0.7193,0.6129,0.7947,20,44,13,7,0.7619,0.7407,0.7719,0.6667,0.8187,19,43,14,8,0.7381,0.7037,0.7544,0.6333,0.8155,18,58,7,3,0.8837,0.8571,0.8923,0.7826,0.8872,15,58,7,6,0.8488,0.7143,0.8923,0.6977,0.8989,18,57,8,3,0.8721,0.8571,0.8769,0.766,0.8842,15,57,8,6,0.8372,0.7143,0.8769,0.6818,0.915,18,58,7,3,0.8837,0.8571,0.8923,0.7826,0.885
424,25,54,8,12,0.798,0.6757,0.871,0.7143,0.7964,23,56,6,14,0.798,0.6216,0.9032,0.697,0.8788,23,51,11,14,0.7475,0.6216,0.8226,0.6479,0.8313,25,56,6,12,0.8182,0.6757,0.9032,0.7353,0.7962,23,56,6,14,0.798,0.6216,0.9032,0.697,0.8605,16,75,3,8,0.8922,0.6667,0.9615,0.7442,0.859,18,76,2,6,0.9216,0.75,0.9744,0.8182,0.9017,15,74,4,9,0.8725,0.625,0.9487,0.6977,0.8552,15,76,2,9,0.8922,0.625,0.9744,0.7317,0.898,15,72,6,9,0.8529,0.625,0.9231,0.6667,0.8745,26,44,8,6,0.8333,0.8125,0.8462,0.7879,0.8816,28,39,13,4,0.7976,0.875,0.75,0.7671,0.9147,28,36,16,4,0.7619,0.875,0.6923,0.7368,0.8816,30,40,12,2,0.8333,0.9375,0.7692,0.8108,0.9032,28,40,12,4,0.8095,0.875,0.7692,0.7778,0.8972,23,58,4,1,0.9419,0.9583,0.9355,0.902,0.9644,21,58,4,3,0.9186,0.875,0.9355,0.8571,0.9684,23,57,5,1,0.9302,0.9583,0.9194,0.8846,0.9637,21,57,5,3,0.907,0.875,0.9194,0.84,0.957,23,58,4,1,0.9419,0.9583,0.9355,0.902,0.961
425,28,54,13,4,0.8283,0.875,0.806,0.7671,0.8424,24,56,11,8,0.8081,0.75,0.8358,0.7164,0.8559,23,52,15,9,0.7576,0.7188,0.7761,0.6571,0.8134,28,56,11,4,0.8485,0.875,0.8358,0.7887,0.8512,23,53,14,9,0.7677,0.7188,0.791,0.6667,0.847,16,77,4,5,0.9118,0.7619,0.9506,0.7805,0.893,18,74,7,3,0.902,0.8571,0.9136,0.7826,0.9594,12,75,6,9,0.8529,0.5714,0.9259,0.6154,0.8807,12,75,6,9,0.8529,0.5714,0.9259,0.6154,0.9394,12,72,9,9,0.8235,0.5714,0.8889,0.5714,0.9112,24,52,3,5,0.9048,0.8276,0.9455,0.8571,0.9204,24,47,8,5,0.8452,0.8276,0.8545,0.7869,0.9561,24,46,9,5,0.8333,0.8276,0.8364,0.7742,0.9335,25,48,7,4,0.869,0.8621,0.8727,0.8197,0.9524,24,48,7,5,0.8571,0.8276,0.8727,0.8,0.9298,16,60,5,5,0.8837,0.7619,0.9231,0.7619,0.8659,15,60,5,6,0.8721,0.7143,0.9231,0.7317,0.8425,16,59,6,5,0.8721,0.7619,0.9077,0.7442,0.8791,15,59,6,6,0.8605,0.7143,0.9077,0.7143,0.9062,16,60,5,5,0.8837,0.7619,0.9231,0.7619,0.8608
426,27,54,13,5,0.8182,0.8438,0.806,0.75,0.91,22,62,5,10,0.8485,0.6875,0.9254,0.7458,0.9002,23,57,10,9,0.8081,0.7188,0.8507,0.7077,0.8923,27,62,5,5,0.899,0.8438,0.9254,0.8438,0.9179,23,60,7,9,0.8384,0.7188,0.8955,0.7419,0.916,22,65,5,10,0.8529,0.6875,0.9286,0.7458,0.8527,25,66,4,7,0.8922,0.7812,0.9429,0.8197,0.8737,20,65,5,12,0.8333,0.625,0.9286,0.7018,0.825,20,67,3,12,0.8529,0.625,0.9571,0.7273,0.8692,20,63,7,12,0.8137,0.625,0.9,0.678,0.8527,22,46,6,10,0.8095,0.6875,0.8846,0.7333,0.869,24,44,8,8,0.8095,0.75,0.8462,0.75,0.8942,25,39,13,7,0.7619,0.7812,0.75,0.7143,0.8726,26,47,5,6,0.869,0.8125,0.9038,0.8254,0.9032,25,43,9,7,0.8095,0.7812,0.8269,0.7576,0.8996,26,56,3,1,0.9535,0.963,0.9492,0.9286,0.9561,24,55,4,3,0.9186,0.8889,0.9322,0.8727,0.9655,26,55,4,1,0.9419,0.963,0.9322,0.9123,0.9422,24,55,4,3,0.9186,0.8889,0.9322,0.8727,0.9535,26,55,4,1,0.9419,0.963,0.9322,0.9123,0.9573
427,24,54,13,8,0.7879,0.75,0.806,0.6957,0.8568,21,58,9,11,0.798,0.6562,0.8657,0.6774,0.8605,23,53,14,9,0.7677,0.7188,0.791,0.6667,0.8554,24,58,9,8,0.8283,0.75,0.8657,0.7385,0.8524,23,57,10,9,0.8081,0.7188,0.8507,0.7077,0.8946,18,76,2,6,0.9216,0.75,0.9744,0.8182,0.9428,22,76,2,2,0.9608,0.9167,0.9744,0.9167,0.9327,21,75,3,3,0.9412,0.875,0.9615,0.875,0.9343,17,76,2,7,0.9118,0.7083,0.9744,0.7907,0.9402,21,71,7,3,0.902,0.875,0.9103,0.8077,0.9263,30,39,4,11,0.8214,0.7317,0.907,0.8,0.8746,30,37,6,11,0.7976,0.7317,0.8605,0.7792,0.8678,32,31,12,9,0.75,0.7805,0.7209,0.7529,0.8729,31,36,7,10,0.7976,0.7561,0.8372,0.7848,0.8911,32,32,11,9,0.7619,0.7805,0.7442,0.7619,0.8803,18,64,3,1,0.9535,0.9474,0.9552,0.9,0.9694,17,63,4,2,0.9302,0.8947,0.9403,0.85,0.9788,18,63,4,1,0.9419,0.9474,0.9403,0.878,0.9631,17,63,4,2,0.9302,0.8947,0.9403,0.85,0.9701,18,63,4,1,0.9419,0.9474,0.9403,0.878,0.9694
428,30,45,16,8,0.7576,0.7895,0.7377,0.7143,0.846,29,50,11,9,0.798,0.7632,0.8197,0.7436,0.8805,27,44,17,11,0.7172,0.7105,0.7213,0.6585,0.8292,30,50,11,8,0.8081,0.7895,0.8197,0.7595,0.8223,27,48,13,11,0.7576,0.7105,0.7869,0.6923,0.8607,21,70,4,7,0.8922,0.75,0.9459,0.7925,0.7901,21,71,3,7,0.902,0.75,0.9595,0.8077,0.8441,18,68,6,10,0.8431,0.6429,0.9189,0.6923,0.7925,18,73,1,10,0.8922,0.6429,0.9865,0.766,0.8238,18,66,8,10,0.8235,0.6429,0.8919,0.6667,0.7963,20,51,5,8,0.8452,0.7143,0.9107,0.7547,0.8686,22,44,12,6,0.7857,0.7857,0.7857,0.7097,0.9184,23,45,11,5,0.8095,0.8214,0.8036,0.7419,0.9062,22,51,5,6,0.869,0.7857,0.9107,0.8,0.9286,23,47,9,5,0.8333,0.8214,0.8393,0.7667,0.8782,25,55,5,1,0.9302,0.9615,0.9167,0.8929,0.9628,25,55,5,1,0.9302,0.9615,0.9167,0.8929,0.9622,25,55,5,1,0.9302,0.9615,0.9167,0.8929,0.9596,25,55,5,1,0.9302,0.9615,0.9167,0.8929,0.9564,25,55,5,1,0.9302,0.9615,0.9167,0.8929,0.9615
429,26,55,14,4,0.8182,0.8667,0.7971,0.7429,0.8899,23,58,11,7,0.8182,0.7667,0.8406,0.7188,0.9043,24,55,14,6,0.798,0.8,0.7971,0.7059,0.87,26,58,11,4,0.8485,0.8667,0.8406,0.7761,0.8785,24,55,14,6,0.798,0.8,0.7971,0.7059,0.9024,19,76,4,3,0.9314,0.8636,0.95,0.8444,0.9472,21,73,7,1,0.9216,0.9545,0.9125,0.84,0.9409,18,75,5,4,0.9118,0.8182,0.9375,0.8,0.9313,17,74,6,5,0.8922,0.7727,0.925,0.7556,0.9403,18,71,9,4,0.8725,0.8182,0.8875,0.7347,0.9443,18,50,11,5,0.8095,0.7826,0.8197,0.6923,0.779,18,43,18,5,0.7262,0.7826,0.7049,0.6102,0.8339,18,37,24,5,0.6548,0.7826,0.6066,0.5538,0.7769,18,45,16,5,0.75,0.7826,0.7377,0.6316,0.804,18,45,16,5,0.75,0.7826,0.7377,0.6316,0.7983,18,62,4,2,0.9302,0.9,0.9394,0.8571,0.9659,18,62,4,2,0.9302,0.9,0.9394,0.8571,0.9652,18,61,5,2,0.9186,0.9,0.9242,0.8372,0.9424,18,61,5,2,0.9186,0.9,0.9242,0.8372,0.9652,18,62,4,2,0.9302,0.9,0.9394,0.8571,0.9561
430,14,63,13,9,0.7778,0.6087,0.8289,0.56,0.7866,12,69,7,11,0.8182,0.5217,0.9079,0.5714,0.7981,11,64,12,12,0.7576,0.4783,0.8421,0.4783,0.774,14,69,7,9,0.8384,0.6087,0.9079,0.6364,0.7726,11,67,9,12,0.7879,0.4783,0.8816,0.5116,0.7912,22,71,4,5,0.9118,0.8148,0.9467,0.8302,0.8968,22,71,4,5,0.9118,0.8148,0.9467,0.8302,0.918,22,69,6,5,0.8922,0.8148,0.92,0.8,0.8963,22,74,1,5,0.9412,0.8148,0.9867,0.88,0.9062,22,68,7,5,0.8824,0.8148,0.9067,0.7857,0.9215,18,48,7,11,0.7857,0.6207,0.8727,0.6667,0.8821,19,48,7,10,0.7976,0.6552,0.8727,0.6909,0.911,21,42,13,8,0.75,0.7241,0.7636,0.6667,0.8809,24,50,5,5,0.881,0.8276,0.9091,0.8276,0.9411,21,45,10,8,0.7857,0.7241,0.8182,0.7,0.9053,28,52,4,2,0.9302,0.9333,0.9286,0.9032,0.9173,23,52,4,7,0.8721,0.7667,0.9286,0.807,0.8893,28,48,8,2,0.8837,0.9333,0.8571,0.8485,0.9131,23,48,8,7,0.8256,0.7667,0.8571,0.7541,0.9232,28,52,4,2,0.9302,0.9333,0.9286,0.9032,0.9119
431,20,56,17,6,0.7677,0.7692,0.7671,0.6349,0.8514,20,65,8,6,0.8586,0.7692,0.8904,0.7407,0.8978,19,58,15,7,0.7778,0.7308,0.7945,0.6333,0.8678,20,65,8,6,0.8586,0.7692,0.8904,0.7407,0.8588,19,60,13,7,0.798,0.7308,0.8219,0.6552,0.893,18,70,6,8,0.8627,0.6923,0.9211,0.72,0.8077,19,69,7,7,0.8627,0.7308,0.9079,0.7308,0.8472,15,65,11,11,0.7843,0.5769,0.8553,0.5769,0.8072,15,71,5,11,0.8431,0.5769,0.9342,0.6522,0.8289,15,64,12,11,0.7745,0.5769,0.8421,0.566,0.8188,25,44,5,10,0.8214,0.7143,0.898,0.7692,0.8694,25,39,10,10,0.7619,0.7143,0.7959,0.7143,0.8974,25,37,12,10,0.7381,0.7143,0.7551,0.6944,0.8752,27,38,11,8,0.7738,0.7714,0.7755,0.7397,0.8869,25,38,11,10,0.75,0.7143,0.7755,0.7042,0.8904,27,53,4,2,0.9302,0.931,0.9298,0.9,0.9226,25,50,7,4,0.8721,0.8621,0.8772,0.8197,0.9159,27,48,9,2,0.8721,0.931,0.8421,0.8308,0.9129,25,48,9,4,0.8488,0.8621,0.8421,0.7937,0.9141,27,50,7,2,0.8953,0.931,0.8772,0.8571,0.9268
432,23,57,11,8,0.8081,0.7419,0.8382,0.7077,0.8264,17,60,8,14,0.7778,0.5484,0.8824,0.6071,0.8245,22,55,13,9,0.7778,0.7097,0.8088,0.6667,0.814,23,60,8,8,0.8384,0.7419,0.8824,0.7419,0.8233,22,59,9,9,0.8182,0.7097,0.8676,0.7097,0.8525,26,67,2,7,0.9118,0.7879,0.971,0.8525,0.8744,26,66,3,7,0.902,0.7879,0.9565,0.8387,0.8709,21,63,6,12,0.8235,0.6364,0.913,0.7,0.8274,21,66,3,12,0.8529,0.6364,0.9565,0.7368,0.8542,21,63,6,12,0.8235,0.6364,0.913,0.7,0.8419,22,53,1,8,0.8929,0.7333,0.9815,0.8302,0.9074,21,48,6,9,0.8214,0.7,0.8889,0.7368,0.9228,23,43,11,7,0.7857,0.7667,0.7963,0.7188,0.8938,21,47,7,9,0.8095,0.7,0.8704,0.7241,0.921,23,45,9,7,0.8095,0.7667,0.8333,0.7419,0.9019,25,54,4,3,0.9186,0.8929,0.931,0.8772,0.9169,25,54,4,3,0.9186,0.8929,0.931,0.8772,0.9058,25,51,7,3,0.8837,0.8929,0.8793,0.8333,0.9366,25,51,7,3,0.8837,0.8929,0.8793,0.8333,0.9366,25,54,4,3,0.9186,0.8929,0.931,0.8772,0.9144
433,36,42,13,8,0.7879,0.8182,0.7636,0.7742,0.845,33,48,7,11,0.8182,0.75,0.8727,0.7857,0.8583,30,41,14,14,0.7172,0.6818,0.7455,0.6818,0.814,36,48,7,8,0.8485,0.8182,0.8727,0.8276,0.8535,30,47,8,14,0.7778,0.6818,0.8545,0.7317,0.8521,27,62,6,7,0.8725,0.7941,0.9118,0.806,0.9131,29,64,4,5,0.9118,0.8529,0.9412,0.8657,0.901,25,65,3,9,0.8824,0.7353,0.9559,0.8065,0.8819,25,64,4,9,0.8725,0.7353,0.9412,0.7937,0.9087,25,62,6,9,0.8529,0.7353,0.9118,0.7692,0.8884,24,43,9,8,0.7976,0.75,0.8269,0.7385,0.8107,23,35,17,9,0.6905,0.7188,0.6731,0.6389,0.8738,23,35,17,9,0.6905,0.7188,0.6731,0.6389,0.8137,23,41,11,9,0.7619,0.7188,0.7885,0.697,0.8648,23,38,14,9,0.7262,0.7188,0.7308,0.6667,0.8576,17,64,3,2,0.9419,0.8947,0.9552,0.8718,0.9301,17,60,7,2,0.8953,0.8947,0.8955,0.7907,0.9097,17,59,8,2,0.8837,0.8947,0.8806,0.7727,0.9348,17,59,8,2,0.8837,0.8947,0.8806,0.7727,0.9293,17,60,7,2,0.8953,0.8947,0.8955,0.7907,0.9254
434,26,45,17,11,0.7172,0.7027,0.7258,0.65,0.7389,20,49,13,17,0.697,0.5405,0.7903,0.5714,0.7437,23,45,17,14,0.6869,0.6216,0.7258,0.5974,0.7127,26,49,13,11,0.7576,0.7027,0.7903,0.6842,0.7363,23,46,16,14,0.697,0.6216,0.7419,0.6053,0.7563,18,71,3,10,0.8725,0.6429,0.9595,0.7347,0.8272,20,71,3,8,0.8922,0.7143,0.9595,0.7843,0.8731,16,70,4,12,0.8431,0.5714,0.9459,0.6667,0.8475,15,73,1,13,0.8627,0.5357,0.9865,0.6818,0.8557,16,69,5,12,0.8333,0.5714,0.9324,0.6531,0.8514,9,57,8,10,0.7857,0.4737,0.8769,0.5,0.7725,10,49,16,9,0.7024,0.5263,0.7538,0.4444,0.7692,10,48,17,9,0.6905,0.5263,0.7385,0.4348,0.7798,11,53,12,8,0.7619,0.5789,0.8154,0.5238,0.7984,10,49,16,9,0.7024,0.5263,0.7538,0.4444,0.766,21,59,3,3,0.9302,0.875,0.9516,0.875,0.9281,20,58,4,4,0.907,0.8333,0.9355,0.8333,0.914,21,58,4,3,0.9186,0.875,0.9355,0.8571,0.9281,20,58,4,4,0.907,0.8333,0.9355,0.8333,0.9469,21,58,4,3,0.9186,0.875,0.9355,0.8571,0.9315
435,34,52,7,6,0.8687,0.85,0.8814,0.8395,0.9267,30,56,3,10,0.8687,0.75,0.9492,0.8219,0.9297,30,52,7,10,0.8283,0.75,0.8814,0.7792,0.9153,34,56,3,6,0.9091,0.85,0.9492,0.8831,0.9246,30,56,3,10,0.8687,0.75,0.9492,0.8219,0.95,14,81,5,2,0.9314,0.875,0.9419,0.8,0.9208,14,81,5,2,0.9314,0.875,0.9419,0.8,0.9513,13,82,4,3,0.9314,0.8125,0.9535,0.7879,0.9317,13,81,5,3,0.9216,0.8125,0.9419,0.7647,0.9404,13,76,10,3,0.8725,0.8125,0.8837,0.6667,0.923,19,48,8,9,0.7976,0.6786,0.8571,0.6909,0.8361,20,44,12,8,0.7619,0.7143,0.7857,0.6667,0.8578,21,41,15,7,0.7381,0.75,0.7321,0.6562,0.8444,20,47,9,8,0.7976,0.7143,0.8393,0.7018,0.854,21,47,9,7,0.8095,0.75,0.8393,0.7241,0.8495,15,61,8,2,0.8837,0.8824,0.8841,0.75,0.9147,15,60,9,2,0.8721,0.8824,0.8696,0.7317,0.9071,15,57,12,2,0.8372,0.8824,0.8261,0.6818,0.8968,15,57,12,2,0.8372,0.8824,0.8261,0.6818,0.9207,15,60,9,2,0.8721,0.8824,0.8696,0.7317,0.9011
436,24,55,9,11,0.798,0.6857,0.8594,0.7059,0.8022,23,57,7,12,0.8081,0.6571,0.8906,0.7077,0.8147,22,54,10,13,0.7677,0.6286,0.8438,0.6567,0.7915,24,57,7,11,0.8182,0.6857,0.8906,0.7273,0.7906,22,57,7,13,0.798,0.6286,0.8906,0.6875,0.8424,26,67,1,8,0.9118,0.7647,0.9853,0.8525,0.9191,28,62,6,6,0.8824,0.8235,0.9118,0.8235,0.8979,22,63,5,12,0.8333,0.6471,0.9265,0.7213,0.8676,21,62,6,13,0.8137,0.6176,0.9118,0.6885,0.891,22,57,11,12,0.7745,0.6471,0.8382,0.6567,0.8828,13,55,7,9,0.8095,0.5909,0.8871,0.619,0.7991,14,51,11,8,0.7738,0.6364,0.8226,0.5957,0.8497,15,48,14,7,0.75,0.6818,0.7742,0.5882,0.827,14,52,10,8,0.7857,0.6364,0.8387,0.6087,0.8358,15,52,10,7,0.7976,0.6818,0.8387,0.6383,0.8622,22,55,3,6,0.8953,0.7857,0.9483,0.8302,0.8596,22,53,5,6,0.8721,0.7857,0.9138,0.8,0.8356,22,52,6,6,0.8605,0.7857,0.8966,0.7857,0.8732,22,52,6,6,0.8605,0.7857,0.8966,0.7857,0.8935,22,53,5,6,0.8721,0.7857,0.9138,0.8,0.8651
437,33,44,12,10,0.7778,0.7674,0.7857,0.75,0.8065,30,48,8,13,0.7879,0.6977,0.8571,0.7407,0.8198,27,43,13,16,0.7071,0.6279,0.7679,0.6506,0.7836,33,48,8,10,0.8182,0.7674,0.8571,0.7857,0.8048,27,46,10,16,0.7374,0.6279,0.8214,0.675,0.8144,25,61,7,9,0.8431,0.7353,0.8971,0.7576,0.8815,28,65,3,6,0.9118,0.8235,0.9559,0.8615,0.888,22,63,5,12,0.8333,0.6471,0.9265,0.7213,0.8465,22,65,3,12,0.8529,0.6471,0.9559,0.7458,0.8793,22,61,7,12,0.8137,0.6471,0.8971,0.6984,0.8689,17,49,7,11,0.7857,0.6071,0.875,0.6538,0.8233,15,46,10,13,0.7262,0.5357,0.8214,0.566,0.8693,15,44,12,13,0.7024,0.5357,0.7857,0.5455,0.8348,19,47,9,9,0.7857,0.6786,0.8393,0.6786,0.8597,15,44,12,13,0.7024,0.5357,0.7857,0.5455,0.8489,25,56,2,3,0.9419,0.8929,0.9655,0.9091,0.9243,21,55,3,7,0.8837,0.75,0.9483,0.8077,0.899,25,54,4,3,0.9186,0.8929,0.931,0.8772,0.9403,21,54,4,7,0.8721,0.75,0.931,0.7925,0.9458,25,55,3,3,0.9302,0.8929,0.9483,0.8929,0.9243
438,24,53,12,10,0.7778,0.7059,0.8154,0.6857,0.8439,18,57,8,16,0.7576,0.5294,0.8769,0.6,0.8186,18,56,9,16,0.7475,0.5294,0.8615,0.5902,0.814,24,57,8,10,0.8182,0.7059,0.8769,0.7273,0.8301,18,56,9,16,0.7475,0.5294,0.8615,0.5902,0.8484,23,65,7,7,0.8627,0.7667,0.9028,0.7667,0.9019,25,59,13,5,0.8235,0.8333,0.8194,0.7353,0.9116,24,63,9,6,0.8529,0.8,0.875,0.7619,0.9065,23,60,12,7,0.8137,0.7667,0.8333,0.7077,0.9171,24,58,14,6,0.8039,0.8,0.8056,0.7059,0.912,18,52,8,6,0.8333,0.75,0.8667,0.72,0.8632,17,47,13,7,0.7619,0.7083,0.7833,0.6296,0.8604,18,40,20,6,0.6905,0.75,0.6667,0.5806,0.841,18,45,15,6,0.75,0.75,0.75,0.6316,0.8493,18,47,13,6,0.7738,0.75,0.7833,0.6545,0.8708,13,66,3,4,0.9186,0.7647,0.9565,0.7879,0.8815,12,66,3,5,0.907,0.7059,0.9565,0.75,0.861,13,66,3,4,0.9186,0.7647,0.9565,0.7879,0.8866,12,66,3,5,0.907,0.7059,0.9565,0.75,0.9258,13,66,3,4,0.9186,0.7647,0.9565,0.7879,0.8849
439,25,56,6,12,0.8182,0.6757,0.9032,0.7353,0.8758,23,59,3,14,0.8283,0.6216,0.9516,0.7302,0.8819,22,54,8,15,0.7677,0.5946,0.871,0.6567,0.8466,25,59,3,12,0.8485,0.6757,0.9516,0.7692,0.8653,22,56,6,15,0.7879,0.5946,0.9032,0.6769,0.8945,20,71,10,1,0.8922,0.9524,0.8765,0.7843,0.9683,20,72,9,1,0.902,0.9524,0.8889,0.8,0.9518,20,69,12,1,0.8725,0.9524,0.8519,0.7547,0.9477,20,74,7,1,0.9216,0.9524,0.9136,0.8333,0.9618,20,69,12,1,0.8725,0.9524,0.8519,0.7547,0.9541,13,50,9,12,0.75,0.52,0.8475,0.5532,0.7207,13,47,12,12,0.7143,0.52,0.7966,0.52,0.8169,14,43,16,11,0.6786,0.56,0.7288,0.5091,0.7593,15,49,10,10,0.7619,0.6,0.8305,0.6,0.7986,14,44,15,11,0.6905,0.56,0.7458,0.5185,0.7749,22,58,3,3,0.9302,0.88,0.9508,0.88,0.9436,20,57,4,5,0.8953,0.8,0.9344,0.8163,0.9508,22,56,5,3,0.907,0.88,0.918,0.8462,0.9403,20,56,5,5,0.8837,0.8,0.918,0.8,0.9521,22,57,4,3,0.9186,0.88,0.9344,0.8627,0.958
440,35,49,11,4,0.8485,0.8974,0.8167,0.8235,0.9295,30,53,7,9,0.8384,0.7692,0.8833,0.7895,0.9252,33,46,14,6,0.798,0.8462,0.7667,0.7674,0.9081,35,53,7,4,0.8889,0.8974,0.8833,0.8642,0.9182,33,51,9,6,0.8485,0.8462,0.85,0.8148,0.9389,13,78,4,7,0.8922,0.65,0.9512,0.7027,0.8677,16,76,6,4,0.902,0.8,0.9268,0.7619,0.9329,13,79,3,7,0.902,0.65,0.9634,0.7222,0.889,12,77,5,8,0.8725,0.6,0.939,0.6486,0.9134,13,74,8,7,0.8529,0.65,0.9024,0.6341,0.9171,28,42,5,9,0.8333,0.7568,0.8936,0.8,0.8792,28,37,10,9,0.7738,0.7568,0.7872,0.7467,0.8948,30,35,12,7,0.7738,0.8108,0.7447,0.7595,0.8723,28,39,8,9,0.7976,0.7568,0.8298,0.7671,0.8798,30,39,8,7,0.8214,0.8108,0.8298,0.8,0.8867,19,57,7,3,0.8837,0.8636,0.8906,0.7917,0.8814,19,55,9,3,0.8605,0.8636,0.8594,0.76,0.8857,19,54,10,3,0.8488,0.8636,0.8438,0.7451,0.8864,19,54,10,3,0.8488,0.8636,0.8438,0.7451,0.9084,19,55,9,3,0.8605,0.8636,0.8594,0.76,0.8977
441,25,52,16,6,0.7778,0.8065,0.7647,0.6944,0.8354,21,59,9,10,0.8081,0.6774,0.8676,0.6885,0.8041,23,53,15,8,0.7677,0.7419,0.7794,0.6667,0.8121,25,59,9,6,0.8485,0.8065,0.8676,0.7692,0.8278,23,57,11,8,0.8081,0.7419,0.8382,0.7077,0.8567,21,68,4,9,0.8725,0.7,0.9444,0.7636,0.887,23,69,3,7,0.902,0.7667,0.9583,0.8214,0.8597,21,68,4,9,0.8725,0.7,0.9444,0.7636,0.8417,20,69,3,10,0.8725,0.6667,0.9583,0.7547,0.8625,21,67,5,9,0.8627,0.7,0.9306,0.75,0.8546,24,44,5,11,0.8095,0.6857,0.898,0.75,0.8431,25,35,14,10,0.7143,0.7143,0.7143,0.6757,0.8595,27,34,15,8,0.7262,0.7714,0.6939,0.7013,0.8012,26,40,9,9,0.7857,0.7429,0.8163,0.7429,0.8472,27,38,11,8,0.7738,0.7714,0.7755,0.7397,0.8449,24,56,2,4,0.9302,0.8571,0.9655,0.8889,0.9095,23,55,3,5,0.907,0.8214,0.9483,0.8519,0.8959,24,53,5,4,0.8953,0.8571,0.9138,0.8421,0.9033,23,53,5,5,0.8837,0.8214,0.9138,0.8214,0.9323,24,55,3,4,0.9186,0.8571,0.9483,0.8727,0.915
442,25,54,11,9,0.798,0.7353,0.8308,0.7143,0.8294,21,55,10,13,0.7677,0.6176,0.8462,0.6462,0.8154,24,54,11,10,0.7879,0.7059,0.8308,0.6957,0.7905,25,55,10,9,0.8081,0.7353,0.8462,0.7246,0.8213,24,52,13,10,0.7677,0.7059,0.8,0.6761,0.8407,12,73,10,7,0.8333,0.6316,0.8795,0.5854,0.785,13,76,7,6,0.8725,0.6842,0.9157,0.6667,0.8104,11,72,11,8,0.8137,0.5789,0.8675,0.5366,0.7616,11,79,4,8,0.8824,0.5789,0.9518,0.6471,0.7907,11,68,15,8,0.7745,0.5789,0.8193,0.4889,0.78,23,46,7,8,0.8214,0.7419,0.8679,0.7541,0.8527,23,39,14,8,0.7381,0.7419,0.7358,0.6765,0.8631,23,34,19,8,0.6786,0.7419,0.6415,0.6301,0.8296,24,38,15,7,0.7381,0.7742,0.717,0.6857,0.8551,23,36,17,8,0.7024,0.7419,0.6792,0.6479,0.829,25,55,3,3,0.9302,0.8929,0.9483,0.8929,0.9304,24,55,3,4,0.9186,0.8571,0.9483,0.8727,0.9095,25,55,3,3,0.9302,0.8929,0.9483,0.8929,0.9384,24,55,3,4,0.9186,0.8571,0.9483,0.8727,0.9495,25,55,3,3,0.9302,0.8929,0.9483,0.8929,0.9329
443,20,58,11,10,0.7879,0.6667,0.8406,0.6557,0.8357,20,63,6,10,0.8384,0.6667,0.913,0.7143,0.8391,20,60,9,10,0.8081,0.6667,0.8696,0.678,0.83,20,63,6,10,0.8384,0.6667,0.913,0.7143,0.83,20,62,7,10,0.8283,0.6667,0.8986,0.7018,0.8618,23,67,4,8,0.8824,0.7419,0.9437,0.7931,0.9346,27,69,2,4,0.9412,0.871,0.9718,0.9,0.9487,21,68,3,10,0.8725,0.6774,0.9577,0.7636,0.9246,19,69,2,12,0.8627,0.6129,0.9718,0.7308,0.9409,21,68,3,10,0.8725,0.6774,0.9577,0.7636,0.9278,25,44,7,8,0.8214,0.7576,0.8627,0.7692,0.7974,25,43,8,8,0.8095,0.7576,0.8431,0.7576,0.8556,26,39,12,7,0.7738,0.7879,0.7647,0.7324,0.8176,25,44,7,8,0.8214,0.7576,0.8627,0.7692,0.8431,26,41,10,7,0.7976,0.7879,0.8039,0.7536,0.8616,18,61,5,2,0.9186,0.9,0.9242,0.8372,0.9038,18,60,6,2,0.907,0.9,0.9091,0.8182,0.9,18,59,7,2,0.8953,0.9,0.8939,0.8,0.9106,18,59,7,2,0.8953,0.9,0.8939,0.8,0.9371,18,60,6,2,0.907,0.9,0.9091,0.8182,0.8977
444,24,52,16,7,0.7677,0.7742,0.7647,0.6761,0.8458,20,58,10,11,0.7879,0.6452,0.8529,0.6557,0.852,23,52,16,8,0.7576,0.7419,0.7647,0.6571,0.8406,24,58,10,7,0.8283,0.7742,0.8529,0.7385,0.8487,23,56,12,8,0.798,0.7419,0.8235,0.697,0.8714,26,67,3,6,0.9118,0.8125,0.9571,0.8525,0.9004,27,66,4,5,0.9118,0.8438,0.9429,0.8571,0.9362,27,63,7,5,0.8824,0.8438,0.9,0.8182,0.9125,26,67,3,6,0.9118,0.8125,0.9571,0.8525,0.9241,27,60,10,5,0.8529,0.8438,0.8571,0.7826,0.9196,21,48,6,9,0.8214,0.7,0.8889,0.7368,0.7944,21,41,13,9,0.7381,0.7,0.7593,0.6562,0.8519,21,40,14,9,0.7262,0.7,0.7407,0.6462,0.8185,21,45,9,9,0.7857,0.7,0.8333,0.7,0.8278,21,42,12,9,0.75,0.7,0.7778,0.6667,0.8389,24,56,4,2,0.9302,0.9231,0.9333,0.8889,0.9173,24,54,6,2,0.907,0.9231,0.9,0.8571,0.8962,24,53,7,2,0.8953,0.9231,0.8833,0.8421,0.9154,24,53,7,2,0.8953,0.9231,0.8833,0.8421,0.9269,24,54,6,2,0.907,0.9231,0.9,0.8571,0.9173
445,28,53,7,11,0.8182,0.7179,0.8833,0.7568,0.8654,25,55,5,14,0.8081,0.641,0.9167,0.7246,0.8966,27,54,6,12,0.8182,0.6923,0.9,0.75,0.8709,28,55,5,11,0.8384,0.7179,0.9167,0.7778,0.8566,27,53,7,12,0.8081,0.6923,0.8833,0.7397,0.8897,19,76,2,5,0.9314,0.7917,0.9744,0.8444,0.9038,20,75,3,4,0.9314,0.8333,0.9615,0.8511,0.9845,18,74,4,6,0.902,0.75,0.9487,0.7826,0.9274,18,76,2,6,0.9216,0.75,0.9744,0.8182,0.9712,18,72,6,6,0.8824,0.75,0.9231,0.75,0.9412,31,40,5,8,0.8452,0.7949,0.8889,0.8267,0.8405,31,38,7,8,0.8214,0.7949,0.8444,0.8052,0.8849,31,30,15,8,0.7262,0.7949,0.6667,0.7294,0.8439,31,34,11,8,0.7738,0.7949,0.7556,0.7654,0.8695,31,33,12,8,0.7619,0.7949,0.7333,0.7561,0.8678,27,55,2,2,0.9535,0.931,0.9649,0.931,0.9468,27,53,4,2,0.9302,0.931,0.9298,0.9,0.9322,27,53,4,2,0.9302,0.931,0.9298,0.9,0.9401,27,53,4,2,0.9302,0.931,0.9298,0.9,0.9528,27,53,4,2,0.9302,0.931,0.9298,0.9,0.9449
446,26,53,9,11,0.798,0.7027,0.8548,0.7222,0.8235,22,54,8,15,0.7677,0.5946,0.871,0.6567,0.864,24,52,10,13,0.7677,0.6486,0.8387,0.6761,0.8173,26,54,8,11,0.8081,0.7027,0.871,0.7324,0.8276,24,53,9,13,0.7778,0.6486,0.8548,0.6857,0.8431,15,69,6,12,0.8235,0.5556,0.92,0.625,0.7565,17,69,6,10,0.8431,0.6296,0.92,0.68,0.7748,16,71,4,11,0.8529,0.5926,0.9467,0.6809,0.7526,14,70,5,13,0.8235,0.5185,0.9333,0.6087,0.7758,16,67,8,11,0.8137,0.5926,0.8933,0.6275,0.7704,16,51,6,11,0.7976,0.5926,0.8947,0.6531,0.7745,14,44,13,13,0.6905,0.5185,0.7719,0.5185,0.8051,15,42,15,12,0.6786,0.5556,0.7368,0.5263,0.7635,14,47,10,13,0.7262,0.5185,0.8246,0.549,0.7914,15,46,11,12,0.7262,0.5556,0.807,0.566,0.8096,20,61,4,1,0.9419,0.9524,0.9385,0.8889,0.9245,20,60,5,1,0.9302,0.9524,0.9231,0.8696,0.9209,20,60,5,1,0.9302,0.9524,0.9231,0.8696,0.9443,20,60,5,1,0.9302,0.9524,0.9231,0.8696,0.9473,20,60,5,1,0.9302,0.9524,0.9231,0.8696,0.9231
447,26,55,8,10,0.8182,0.7222,0.873,0.7429,0.8893,20,58,5,16,0.7879,0.5556,0.9206,0.6557,0.8902,23,54,9,13,0.7778,0.6389,0.8571,0.6765,0.899,26,58,5,10,0.8485,0.7222,0.9206,0.7761,0.8887,23,57,6,13,0.8081,0.6389,0.9048,0.7077,0.9233,20,68,5,9,0.8627,0.6897,0.9315,0.7407,0.8677,24,70,3,5,0.9216,0.8276,0.9589,0.8571,0.8687,23,68,5,6,0.8922,0.7931,0.9315,0.807,0.8602,20,70,3,9,0.8824,0.6897,0.9589,0.7692,0.8758,23,65,8,6,0.8627,0.7931,0.8904,0.7667,0.8682,12,49,9,14,0.7262,0.4615,0.8448,0.5106,0.7036,13,45,13,13,0.6905,0.5,0.7759,0.5,0.7566,15,43,15,11,0.6905,0.5769,0.7414,0.5357,0.7228,15,49,9,11,0.7619,0.5769,0.8448,0.6,0.7414,15,45,13,11,0.7143,0.5769,0.7759,0.5556,0.752,22,58,3,3,0.9302,0.88,0.9508,0.88,0.9521,20,56,5,5,0.8837,0.8,0.918,0.8,0.9351,22,56,5,3,0.907,0.88,0.918,0.8462,0.937,20,56,5,5,0.8837,0.8,0.918,0.8,0.9574,22,56,5,3,0.907,0.88,0.918,0.8462,0.9554
448,20,53,10,16,0.7374,0.5556,0.8413,0.6061,0.7646,17,55,8,19,0.7273,0.4722,0.873,0.5574,0.7579,18,54,9,18,0.7273,0.5,0.8571,0.5714,0.7328,20,55,8,16,0.7576,0.5556,0.873,0.625,0.7346,18,52,11,18,0.7071,0.5,0.8254,0.5538,0.7932,13,77,7,5,0.8824,0.7222,0.9167,0.6842,0.9067,16,76,8,2,0.902,0.8889,0.9048,0.7619,0.9107,11,76,8,7,0.8529,0.6111,0.9048,0.5946,0.8631,10,79,5,8,0.8725,0.5556,0.9405,0.6061,0.9101,11,73,11,7,0.8235,0.6111,0.869,0.55,0.8737,25,48,3,8,0.869,0.7576,0.9412,0.8197,0.9144,24,45,6,9,0.8214,0.7273,0.8824,0.7619,0.8936,25,42,9,8,0.7976,0.7576,0.8235,0.7463,0.9121,24,48,3,9,0.8571,0.7273,0.9412,0.8,0.9037,25,48,3,8,0.869,0.7576,0.9412,0.8197,0.9085,18,61,4,3,0.9186,0.8571,0.9385,0.8372,0.893,18,61,4,3,0.9186,0.8571,0.9385,0.8372,0.8916,18,61,4,3,0.9186,0.8571,0.9385,0.8372,0.8945,18,61,4,3,0.9186,0.8571,0.9385,0.8372,0.9179,18,61,4,3,0.9186,0.8571,0.9385,0.8372,0.893
449,22,51,15,11,0.7374,0.6667,0.7727,0.6286,0.8053,21,56,10,12,0.7778,0.6364,0.8485,0.6562,0.7938,21,49,17,12,0.7071,0.6364,0.7424,0.5915,0.7622,22,56,10,11,0.7879,0.6667,0.8485,0.6769,0.786,21,52,14,12,0.7374,0.6364,0.7879,0.6176,0.8012,21,63,7,11,0.8235,0.6562,0.9,0.7,0.8464,25,63,7,7,0.8627,0.7812,0.9,0.7812,0.8357,21,63,7,11,0.8235,0.6562,0.9,0.7,0.8179,19,64,6,13,0.8137,0.5938,0.9143,0.6667,0.8406,21,58,12,11,0.7745,0.6562,0.8286,0.6462,0.8138,29,38,4,13,0.7976,0.6905,0.9048,0.7733,0.8373,29,36,6,13,0.7738,0.6905,0.8571,0.7532,0.8787,31,32,10,11,0.75,0.7381,0.7619,0.747,0.8367,31,38,4,11,0.8214,0.7381,0.9048,0.8052,0.8895,31,34,8,11,0.7738,0.7381,0.8095,0.7654,0.881,19,59,5,3,0.907,0.8636,0.9219,0.8261,0.9219,18,59,5,4,0.8953,0.8182,0.9219,0.8,0.9176,19,59,5,3,0.907,0.8636,0.9219,0.8261,0.9354,18,59,5,4,0.8953,0.8182,0.9219,0.8,0.9389,19,59,5,3,0.907,0.8636,0.9219,0.8261,0.929
450,29,55,8,7,0.8485,0.8056,0.873,0.7945,0.8924,26,58,5,10,0.8485,0.7222,0.9206,0.7761,0.8955,25,55,8,11,0.8081,0.6944,0.873,0.7246,0.8602,29,58,5,7,0.8788,0.8056,0.9206,0.8286,0.8847,25,55,8,11,0.8081,0.6944,0.873,0.7246,0.9056,15,69,9,9,0.8235,0.625,0.8846,0.625,0.7404,16,67,11,8,0.8137,0.6667,0.859,0.6275,0.7393,11,66,12,13,0.7549,0.4583,0.8462,0.4681,0.7046,11,69,9,13,0.7843,0.4583,0.8846,0.5,0.7356,11,65,13,13,0.7451,0.4583,0.8333,0.4583,0.7073,22,45,6,11,0.7976,0.6667,0.8824,0.7213,0.8503,21,40,11,12,0.7262,0.6364,0.7843,0.6462,0.8705,22,37,14,11,0.7024,0.6667,0.7255,0.6377,0.8604,22,42,9,11,0.7619,0.6667,0.8235,0.6875,0.8788,22,42,9,11,0.7619,0.6667,0.8235,0.6875,0.8556,21,59,3,3,0.9302,0.875,0.9516,0.875,0.955,19,58,4,5,0.8953,0.7917,0.9355,0.8085,0.9496,21,57,5,3,0.907,0.875,0.9194,0.84,0.9274,19,57,5,5,0.8837,0.7917,0.9194,0.7917,0.9429,21,58,4,3,0.9186,0.875,0.9355,0.8571,0.9462
451,21,54,9,15,0.7576,0.5833,0.8571,0.6364,0.7584,19,57,6,17,0.7677,0.5278,0.9048,0.623,0.7795,18,55,8,18,0.7374,0.5,0.873,0.5806,0.7681,21,57,6,15,0.7879,0.5833,0.9048,0.6667,0.7447,18,57,6,18,0.7576,0.5,0.9048,0.6,0.7892,22,68,3,9,0.8824,0.7097,0.9577,0.7857,0.92,24,69,2,7,0.9118,0.7742,0.9718,0.8421,0.9182,22,67,4,9,0.8725,0.7097,0.9437,0.7719,0.8932,21,69,2,10,0.8824,0.6774,0.9718,0.7778,0.92,22,65,6,9,0.8529,0.7097,0.9155,0.7458,0.8923,28,43,3,10,0.8452,0.7368,0.9348,0.8116,0.8827,27,39,7,11,0.7857,0.7105,0.8478,0.75,0.8947,29,37,9,9,0.7857,0.7632,0.8043,0.7632,0.885,27,41,5,11,0.8095,0.7105,0.8913,0.7714,0.8976,29,38,8,9,0.7976,0.7632,0.8261,0.7733,0.8844,25,54,3,4,0.9186,0.8621,0.9474,0.8772,0.9165,25,52,5,4,0.8953,0.8621,0.9123,0.8475,0.8905,25,51,6,4,0.8837,0.8621,0.8947,0.8333,0.9183,25,51,6,4,0.8837,0.8621,0.8947,0.8333,0.9395,25,52,5,4,0.8953,0.8621,0.9123,0.8475,0.9129
452,25,50,8,16,0.7576,0.6098,0.8621,0.6757,0.8389,24,54,4,17,0.7879,0.5854,0.931,0.6957,0.8646,25,49,9,16,0.7475,0.6098,0.8448,0.6667,0.8457,25,54,4,16,0.798,0.6098,0.931,0.7143,0.8402,25,51,7,16,0.7677,0.6098,0.8793,0.6849,0.8789,26,65,6,5,0.8922,0.8387,0.9155,0.8254,0.8787,26,61,10,5,0.8529,0.8387,0.8592,0.7761,0.8551,23,57,14,8,0.7843,0.7419,0.8028,0.6765,0.8342,23,62,9,8,0.8333,0.7419,0.8732,0.7302,0.856,23,56,15,8,0.7745,0.7419,0.7887,0.6667,0.8255,23,43,2,16,0.7857,0.5897,0.9556,0.7188,0.8769,24,39,6,15,0.75,0.6154,0.8667,0.6957,0.9066,26,37,8,13,0.75,0.6667,0.8222,0.7123,0.8969,26,40,5,13,0.7857,0.6667,0.8889,0.7429,0.9026,26,37,8,13,0.75,0.6667,0.8222,0.7123,0.9031,25,54,6,1,0.9186,0.9615,0.9,0.8772,0.9276,23,52,8,3,0.8721,0.8846,0.8667,0.807,0.9019,25,51,9,1,0.8837,0.9615,0.85,0.8333,0.9372,23,51,9,3,0.8605,0.8846,0.85,0.7931,0.934,25,52,8,1,0.8953,0.9615,0.8667,0.8475,0.9154
453,21,57,9,12,0.7879,0.6364,0.8636,0.6667,0.814,19,61,5,14,0.8081,0.5758,0.9242,0.6667,0.8361,20,57,9,13,0.7778,0.6061,0.8636,0.6452,0.8076,21,61,5,12,0.8283,0.6364,0.9242,0.7119,0.7899,20,58,8,13,0.7879,0.6061,0.8788,0.6557,0.8352,21,69,6,6,0.8824,0.7778,0.92,0.7778,0.8835,23,71,4,4,0.9216,0.8519,0.9467,0.8519,0.9284,19,71,4,8,0.8824,0.7037,0.9467,0.76,0.8815,19,72,3,8,0.8922,0.7037,0.96,0.7755,0.9121,19,69,6,8,0.8627,0.7037,0.92,0.7308,0.8953,17,52,4,11,0.8214,0.6071,0.9286,0.6939,0.8355,18,51,5,10,0.8214,0.6429,0.9107,0.7059,0.8839,19,44,12,9,0.75,0.6786,0.7857,0.6441,0.8367,19,52,4,9,0.8452,0.6786,0.9286,0.7451,0.8756,19,48,8,9,0.7976,0.6786,0.8571,0.6909,0.8673,26,55,4,1,0.9419,0.963,0.9322,0.9123,0.9492,25,54,5,2,0.9186,0.9259,0.9153,0.8772,0.9429,26,53,6,1,0.9186,0.963,0.8983,0.8814,0.9391,25,53,6,2,0.907,0.9259,0.8983,0.8621,0.951,26,54,5,1,0.9302,0.963,0.9153,0.8966,0.9316
454,29,53,11,6,0.8283,0.8286,0.8281,0.7733,0.8844,23,55,9,12,0.7879,0.6571,0.8594,0.6866,0.8804,28,53,11,7,0.8182,0.8,0.8281,0.7568,0.8772,29,55,9,6,0.8485,0.8286,0.8594,0.7945,0.8565,28,55,9,7,0.8384,0.8,0.8594,0.7778,0.8964,29,64,4,5,0.9118,0.8529,0.9412,0.8657,0.8802,29,64,4,5,0.9118,0.8529,0.9412,0.8657,0.9031,25,61,7,9,0.8431,0.7353,0.8971,0.7576,0.8689,25,64,4,9,0.8725,0.7353,0.9412,0.7937,0.8819,25,59,9,9,0.8235,0.7353,0.8676,0.7353,0.8715,21,44,7,12,0.7738,0.6364,0.8627,0.6885,0.7368,23,38,13,10,0.7262,0.697,0.7451,0.6667,0.8396,24,37,14,9,0.7262,0.7273,0.7255,0.6761,0.7374,23,41,10,10,0.7619,0.697,0.8039,0.697,0.8027,24,42,9,9,0.7857,0.7273,0.8235,0.7273,0.7891,24,54,5,3,0.907,0.8889,0.9153,0.8571,0.9422,24,54,5,3,0.907,0.8889,0.9153,0.8571,0.9416,24,53,6,3,0.8953,0.8889,0.8983,0.8421,0.9253,24,53,6,3,0.8953,0.8889,0.8983,0.8421,0.9404,24,54,5,3,0.907,0.8889,0.9153,0.8571,0.9404
455,33,41,14,11,0.7475,0.75,0.7455,0.7253,0.8012,29,44,11,15,0.7374,0.6591,0.8,0.6905,0.8347,28,38,17,16,0.6667,0.6364,0.6909,0.6292,0.7744,33,44,11,11,0.7778,0.75,0.8,0.75,0.8118,28,43,12,16,0.7172,0.6364,0.7818,0.6667,0.8368,18,70,3,11,0.8627,0.6207,0.9589,0.72,0.8229,21,67,6,8,0.8627,0.7241,0.9178,0.75,0.8375,18,68,5,11,0.8431,0.6207,0.9315,0.6923,0.8148,17,68,5,12,0.8333,0.5862,0.9315,0.6667,0.8342,18,63,10,11,0.7941,0.6207,0.863,0.6316,0.8162,21,50,5,8,0.8452,0.7241,0.9091,0.7636,0.8545,21,46,9,8,0.7976,0.7241,0.8364,0.7119,0.8871,21,44,11,8,0.7738,0.7241,0.8,0.6885,0.8727,21,47,8,8,0.8095,0.7241,0.8545,0.7241,0.8828,21,48,7,8,0.8214,0.7241,0.8727,0.7368,0.8972,15,63,6,2,0.907,0.8824,0.913,0.7895,0.896,15,62,7,2,0.8953,0.8824,0.8986,0.7692,0.8764,15,61,8,2,0.8837,0.8824,0.8841,0.75,0.919,15,61,8,2,0.8837,0.8824,0.8841,0.75,0.9199,15,62,7,2,0.8953,0.8824,0.8986,0.7692,0.8883
456,36,44,10,9,0.8081,0.8,0.8148,0.7912,0.8749,31,46,8,14,0.7778,0.6889,0.8519,0.7381,0.865,33,43,11,12,0.7677,0.7333,0.7963,0.7416,0.8403,36,46,8,9,0.8283,0.8,0.8519,0.809,0.8479,33,42,12,12,0.7576,0.7333,0.7778,0.7333,0.8716,23,56,9,14,0.7745,0.6216,0.8615,0.6667,0.7825,26,54,11,11,0.7843,0.7027,0.8308,0.7027,0.7967,25,56,9,12,0.7941,0.6757,0.8615,0.7042,0.7975,22,56,9,15,0.7647,0.5946,0.8615,0.6471,0.8021,25,54,11,12,0.7745,0.6757,0.8308,0.6849,0.7938,25,34,6,19,0.7024,0.5682,0.85,0.6667,0.7818,26,32,8,18,0.6905,0.5909,0.8,0.6667,0.7949,26,30,10,18,0.6667,0.5909,0.75,0.65,0.7835,30,34,6,14,0.7619,0.6818,0.85,0.75,0.8176,26,33,7,18,0.7024,0.5909,0.825,0.6753,0.8227,27,50,6,3,0.8953,0.9,0.8929,0.8571,0.9202,23,48,8,7,0.8256,0.7667,0.8571,0.7541,0.9065,27,48,8,3,0.8721,0.9,0.8571,0.8308,0.903,23,48,8,7,0.8256,0.7667,0.8571,0.7541,0.9054,27,48,8,3,0.8721,0.9,0.8571,0.8308,0.9107
457,29,49,11,10,0.7879,0.7436,0.8167,0.7342,0.8765,26,53,7,13,0.798,0.6667,0.8833,0.7222,0.865,29,48,12,10,0.7778,0.7436,0.8,0.725,0.8714,29,53,7,10,0.8283,0.7436,0.8833,0.7733,0.8585,29,50,10,10,0.798,0.7436,0.8333,0.7436,0.8953,23,64,6,9,0.8529,0.7188,0.9143,0.7541,0.9201,30,65,5,2,0.9314,0.9375,0.9286,0.8955,0.954,22,64,6,10,0.8431,0.6875,0.9143,0.7333,0.8911,20,67,3,12,0.8529,0.625,0.9571,0.7273,0.9366,22,61,9,10,0.8137,0.6875,0.8714,0.6984,0.9134,25,50,2,7,0.8929,0.7812,0.9615,0.8475,0.866,26,39,13,6,0.7738,0.8125,0.75,0.7324,0.9008,26,41,11,6,0.7976,0.8125,0.7885,0.7536,0.8678,26,46,6,6,0.8571,0.8125,0.8846,0.8125,0.8906,26,45,7,6,0.8452,0.8125,0.8654,0.8,0.8942,16,63,4,3,0.9186,0.8421,0.9403,0.8205,0.9356,16,63,4,3,0.9186,0.8421,0.9403,0.8205,0.9293,16,63,4,3,0.9186,0.8421,0.9403,0.8205,0.9277,16,63,4,3,0.9186,0.8421,0.9403,0.8205,0.9379,16,63,4,3,0.9186,0.8421,0.9403,0.8205,0.9403
458,23,52,17,7,0.7576,0.7667,0.7536,0.6571,0.857,21,56,13,9,0.7778,0.7,0.8116,0.6562,0.8744,21,54,15,9,0.7576,0.7,0.7826,0.6364,0.8391,23,56,13,7,0.798,0.7667,0.8116,0.697,0.8502,21,55,14,9,0.7677,0.7,0.7971,0.6462,0.8551,23,61,5,13,0.8235,0.6389,0.9242,0.7187,0.8422,28,63,3,8,0.8922,0.7778,0.9545,0.8358,0.9015,22,63,3,14,0.8333,0.6111,0.9545,0.7213,0.8653,19,63,3,17,0.8039,0.5278,0.9545,0.6552,0.875,22,63,3,14,0.8333,0.6111,0.9545,0.7213,0.8763,22,40,5,17,0.7381,0.5641,0.8889,0.6667,0.7544,25,35,10,14,0.7143,0.641,0.7778,0.6757,0.8194,25,34,11,14,0.7024,0.641,0.7556,0.6667,0.7704,26,37,8,13,0.75,0.6667,0.8222,0.7123,0.7972,25,34,11,14,0.7024,0.641,0.7556,0.6667,0.8256,19,64,2,1,0.9651,0.95,0.9697,0.9268,0.95,18,61,5,2,0.9186,0.9,0.9242,0.8372,0.9341,19,60,6,1,0.9186,0.95,0.9091,0.8444,0.9462,18,60,6,2,0.907,0.9,0.9091,0.8182,0.95,19,61,5,1,0.9302,0.95,0.9242,0.8636,0.9417
459,26,54,12,7,0.8081,0.7879,0.8182,0.7324,0.8393,24,58,8,9,0.8283,0.7273,0.8788,0.7385,0.8494,23,53,13,10,0.7677,0.697,0.803,0.6667,0.8168,26,58,8,7,0.8485,0.7879,0.8788,0.7761,0.8271,23,54,12,10,0.7778,0.697,0.8182,0.6765,0.8526,15,76,3,8,0.8922,0.6522,0.962,0.7317,0.7738,15,75,4,8,0.8824,0.6522,0.9494,0.7143,0.8228,14,73,6,9,0.8529,0.6087,0.9241,0.6512,0.7914,14,78,1,9,0.902,0.6087,0.9873,0.7368,0.8052,14,70,9,9,0.8235,0.6087,0.8861,0.6087,0.8046,21,48,3,12,0.8214,0.6364,0.9412,0.7368,0.8544,21,46,5,12,0.7976,0.6364,0.902,0.7119,0.9085,22,44,7,11,0.7857,0.6667,0.8627,0.7097,0.893,22,48,3,11,0.8333,0.6667,0.9412,0.7586,0.902,22,47,4,11,0.8214,0.6667,0.9216,0.7458,0.8954,21,63,1,1,0.9767,0.9545,0.9844,0.9545,0.9759,20,60,4,2,0.9302,0.9091,0.9375,0.8696,0.9616,21,57,7,1,0.907,0.9545,0.8906,0.84,0.9609,20,57,7,2,0.8953,0.9091,0.8906,0.8163,0.9645,21,60,4,1,0.9419,0.9545,0.9375,0.8936,0.9815
460,29,54,13,3,0.8384,0.9062,0.806,0.7838,0.9272,25,60,7,7,0.8586,0.7812,0.8955,0.7812,0.9174,26,53,14,6,0.798,0.8125,0.791,0.7222,0.8909,29,60,7,3,0.899,0.9062,0.8955,0.8529,0.9151,26,57,10,6,0.8384,0.8125,0.8507,0.7647,0.9254,17,70,4,11,0.8529,0.6071,0.9459,0.6939,0.7466,18,68,6,10,0.8431,0.6429,0.9189,0.6923,0.7872,17,67,7,11,0.8235,0.6071,0.9054,0.6538,0.7543,16,69,5,12,0.8333,0.5714,0.9324,0.6531,0.8026,17,63,11,11,0.7843,0.6071,0.8514,0.6071,0.7708,17,53,5,9,0.8333,0.6538,0.9138,0.7083,0.8103,18,50,8,8,0.8095,0.6923,0.8621,0.6923,0.8674,19,47,11,7,0.7857,0.7308,0.8103,0.6786,0.8256,18,50,8,8,0.8095,0.6923,0.8621,0.6923,0.8462,19,52,6,7,0.8452,0.7308,0.8966,0.7451,0.8554,20,57,6,3,0.8953,0.8696,0.9048,0.8163,0.8951,20,57,6,3,0.8953,0.8696,0.9048,0.8163,0.8772,20,54,9,3,0.8605,0.8696,0.8571,0.7692,0.9096,20,54,9,3,0.8605,0.8696,0.8571,0.7692,0.9262,20,57,6,3,0.8953,0.8696,0.9048,0.8163,0.8861
461,32,49,6,12,0.8182,0.7273,0.8909,0.7805,0.8574,29,52,3,15,0.8182,0.6591,0.9455,0.7632,0.8479,31,49,6,13,0.8081,0.7045,0.8909,0.7654,0.8285,32,52,3,12,0.8485,0.7273,0.9455,0.8101,0.8517,31,52,3,13,0.8384,0.7045,0.9455,0.7949,0.8566,12,71,9,10,0.8137,0.5455,0.8875,0.5581,0.8381,15,74,6,7,0.8725,0.6818,0.925,0.6977,0.8273,15,72,8,7,0.8529,0.6818,0.9,0.6667,0.8063,12,76,4,10,0.8627,0.5455,0.95,0.6316,0.8239,15,71,9,7,0.8431,0.6818,0.8875,0.6522,0.8045,27,43,7,7,0.8333,0.7941,0.86,0.7941,0.8494,27,40,10,7,0.7976,0.7941,0.8,0.7606,0.8429,27,36,14,7,0.75,0.7941,0.72,0.72,0.8394,27,41,9,7,0.8095,0.7941,0.82,0.7714,0.8447,27,36,14,7,0.75,0.7941,0.72,0.72,0.8653,26,52,3,5,0.907,0.8387,0.9455,0.8667,0.8833,26,51,4,5,0.8953,0.8387,0.9273,0.8525,0.8557,26,50,5,5,0.8837,0.8387,0.9091,0.8387,0.8921,26,50,5,5,0.8837,0.8387,0.9091,0.8387,0.905,26,51,4,5,0.8953,0.8387,0.9273,0.8525,0.8815
462,26,48,13,12,0.7475,0.6842,0.7869,0.6753,0.789,24,53,8,14,0.7778,0.6316,0.8689,0.6857,0.7856,26,50,11,12,0.7677,0.6842,0.8197,0.6933,0.7588,26,53,8,12,0.798,0.6842,0.8689,0.7222,0.7774,26,50,11,12,0.7677,0.6842,0.8197,0.6933,0.8287,15,68,8,11,0.8137,0.5769,0.8947,0.6122,0.7809,17,68,8,9,0.8333,0.6538,0.8947,0.6667,0.8239,13,65,11,13,0.7647,0.5,0.8553,0.52,0.7535,13,69,7,13,0.8039,0.5,0.9079,0.5652,0.8128,13,65,11,13,0.7647,0.5,0.8553,0.52,0.7799,18,54,2,10,0.8571,0.6429,0.9643,0.75,0.8546,17,43,13,11,0.7143,0.6071,0.7679,0.5862,0.8565,17,41,15,11,0.6905,0.6071,0.7321,0.5667,0.8323,18,47,9,10,0.7738,0.6429,0.8393,0.6545,0.8654,17,45,11,11,0.7381,0.6071,0.8036,0.6071,0.8361,21,54,4,7,0.8721,0.75,0.931,0.7925,0.8608,20,52,6,8,0.8372,0.7143,0.8966,0.7407,0.8393,21,52,6,7,0.8488,0.75,0.8966,0.7636,0.8682,20,52,6,8,0.8372,0.7143,0.8966,0.7407,0.8953,21,52,6,7,0.8488,0.75,0.8966,0.7636,0.8534
463,19,50,22,8,0.697,0.7037,0.6944,0.5588,0.7608,17,56,16,10,0.7374,0.6296,0.7778,0.5667,0.7814,18,52,20,9,0.7071,0.6667,0.7222,0.5538,0.7551,19,56,16,8,0.7576,0.7037,0.7778,0.6129,0.7582,18,54,18,9,0.7273,0.6667,0.75,0.5714,0.8035,19,72,5,6,0.8922,0.76,0.9351,0.7755,0.9112,22,73,4,3,0.9314,0.88,0.9481,0.8627,0.9397,16,74,3,9,0.8824,0.64,0.961,0.7273,0.9122,14,74,3,11,0.8627,0.56,0.961,0.6667,0.919,16,71,6,9,0.8529,0.64,0.9221,0.6809,0.9283,23,47,6,8,0.8333,0.7419,0.8868,0.7667,0.8332,23,42,11,8,0.7738,0.7419,0.7925,0.7077,0.8564,23,39,14,8,0.7381,0.7419,0.7358,0.6765,0.829,25,45,8,6,0.8333,0.8065,0.8491,0.7812,0.832,23,43,10,8,0.7857,0.7419,0.8113,0.7188,0.8594,16,63,3,4,0.9186,0.8,0.9545,0.8205,0.8826,14,63,3,6,0.8953,0.7,0.9545,0.7568,0.8727,16,59,7,4,0.8721,0.8,0.8939,0.7442,0.8689,14,59,7,6,0.8488,0.7,0.8939,0.6829,0.9098,16,63,3,4,0.9186,0.8,0.9545,0.8205,0.897
464,22,50,11,16,0.7273,0.5789,0.8197,0.6197,0.8016,21,58,3,17,0.798,0.5526,0.9508,0.6774,0.7994,21,49,12,17,0.7071,0.5526,0.8033,0.5915,0.7524,22,58,3,16,0.8081,0.5789,0.9508,0.6984,0.7688,21,54,7,17,0.7576,0.5526,0.8852,0.6364,0.8106,20,61,4,17,0.7941,0.5405,0.9385,0.6557,0.7443,23,61,4,14,0.8235,0.6216,0.9385,0.7187,0.8,16,60,5,21,0.7451,0.4324,0.9231,0.5517,0.7235,16,61,4,21,0.7549,0.4324,0.9385,0.5614,0.7609,16,58,7,21,0.7255,0.4324,0.8923,0.5333,0.7252,28,39,5,12,0.7976,0.7,0.8864,0.7671,0.8676,26,40,4,14,0.7857,0.65,0.9091,0.7429,0.8807,28,33,11,12,0.7262,0.7,0.75,0.7089,0.842,29,39,5,11,0.8095,0.725,0.8864,0.7838,0.904,28,36,8,12,0.7619,0.7,0.8182,0.7368,0.8864,24,56,5,1,0.9302,0.96,0.918,0.8889,0.9311,21,55,6,4,0.8837,0.84,0.9016,0.8077,0.9161,24,55,6,1,0.9186,0.96,0.9016,0.8727,0.941,21,55,6,4,0.8837,0.84,0.9016,0.8077,0.9462,24,55,6,1,0.9186,0.96,0.9016,0.8727,0.9128
465,20,58,10,11,0.7879,0.6452,0.8529,0.6557,0.777,20,61,7,11,0.8182,0.6452,0.8971,0.6897,0.8174,20,59,9,11,0.798,0.6452,0.8676,0.6667,0.7789,20,61,7,11,0.8182,0.6452,0.8971,0.6897,0.7676,20,60,8,11,0.8081,0.6452,0.8824,0.678,0.8188,14,69,4,15,0.8137,0.4828,0.9452,0.5957,0.76,17,69,4,12,0.8431,0.5862,0.9452,0.68,0.7676,15,64,9,14,0.7745,0.5172,0.8767,0.566,0.7539,14,70,3,15,0.8235,0.4828,0.9589,0.6087,0.794,15,63,10,14,0.7647,0.5172,0.863,0.5556,0.7515,18,46,8,12,0.7619,0.6,0.8519,0.6429,0.7593,20,42,12,10,0.7381,0.6667,0.7778,0.6452,0.8068,21,36,18,9,0.6786,0.7,0.6667,0.6087,0.7963,21,43,11,9,0.7619,0.7,0.7963,0.6774,0.8136,21,39,15,9,0.7143,0.7,0.7222,0.6364,0.7994,21,59,3,3,0.9302,0.875,0.9516,0.875,0.9046,20,57,5,4,0.8953,0.8333,0.9194,0.8163,0.869,21,57,5,3,0.907,0.875,0.9194,0.84,0.9194,20,57,5,4,0.8953,0.8333,0.9194,0.8163,0.9315,21,57,5,3,0.907,0.875,0.9194,0.84,0.9005
466,28,48,14,9,0.7677,0.7568,0.7742,0.7089,0.8252,27,55,7,10,0.8283,0.7297,0.8871,0.7606,0.8326,26,46,16,11,0.7273,0.7027,0.7419,0.6582,0.8034,28,55,7,9,0.8384,0.7568,0.8871,0.7778,0.8189,26,49,13,11,0.7576,0.7027,0.7903,0.6842,0.8278,17,70,5,10,0.8529,0.6296,0.9333,0.6939,0.8622,21,69,6,6,0.8824,0.7778,0.92,0.7778,0.8425,16,68,7,11,0.8235,0.5926,0.9067,0.64,0.8222,14,70,5,13,0.8235,0.5185,0.9333,0.6087,0.8375,16,66,9,11,0.8039,0.5926,0.88,0.6154,0.8272,27,42,4,11,0.8214,0.7105,0.913,0.7826,0.8404,27,38,8,11,0.7738,0.7105,0.8261,0.7397,0.8444,27,35,11,11,0.7381,0.7105,0.7609,0.7105,0.8392,27,38,8,11,0.7738,0.7105,0.8261,0.7397,0.8547,27,37,9,11,0.7619,0.7105,0.8043,0.7297,0.849,22,54,7,3,0.8837,0.88,0.8852,0.8148,0.8813,22,53,8,3,0.8721,0.88,0.8689,0.8,0.8872,22,51,10,3,0.8488,0.88,0.8361,0.7719,0.8852,22,51,10,3,0.8488,0.88,0.8361,0.7719,0.9056,22,53,8,3,0.8721,0.88,0.8689,0.8,0.8774
467,22,51,16,10,0.7374,0.6875,0.7612,0.6286,0.7785,22,59,8,10,0.8182,0.6875,0.8806,0.7097,0.8195,22,53,14,10,0.7576,0.6875,0.791,0.6471,0.7719,22,59,8,10,0.8182,0.6875,0.8806,0.7097,0.7868,22,56,11,10,0.7879,0.6875,0.8358,0.6769,0.7985,20,64,9,9,0.8235,0.6897,0.8767,0.6897,0.8677,24,66,7,5,0.8824,0.8276,0.9041,0.8,0.898,21,66,7,8,0.8529,0.7241,0.9041,0.7368,0.8791,18,68,5,11,0.8431,0.6207,0.9315,0.6923,0.8932,21,65,8,8,0.8431,0.7241,0.8904,0.7241,0.8918,21,44,8,11,0.7738,0.6562,0.8462,0.6885,0.7578,21,36,16,11,0.6786,0.6562,0.6923,0.6087,0.8083,23,34,18,9,0.6786,0.7188,0.6538,0.6301,0.7879,22,39,13,10,0.7262,0.6875,0.75,0.6567,0.8023,23,36,16,9,0.7024,0.7188,0.6923,0.6479,0.7921,22,54,5,5,0.8837,0.8148,0.9153,0.8148,0.8945,21,54,5,6,0.8721,0.7778,0.9153,0.7925,0.8864,22,53,6,5,0.8721,0.8148,0.8983,0.8,0.8908,21,53,6,6,0.8605,0.7778,0.8983,0.7778,0.9284,22,54,5,5,0.8837,0.8148,0.9153,0.8148,0.8707
468,28,47,16,8,0.7576,0.7778,0.746,0.7,0.8567,26,57,6,10,0.8384,0.7222,0.9048,0.7647,0.8585,26,49,14,10,0.7576,0.7222,0.7778,0.6842,0.832,28,57,6,8,0.8586,0.7778,0.9048,0.8,0.8543,26,52,11,10,0.7879,0.7222,0.8254,0.7123,0.8761,15,71,7,9,0.8431,0.625,0.9103,0.6522,0.8045,16,74,4,8,0.8824,0.6667,0.9487,0.7273,0.8317,16,72,6,8,0.8627,0.6667,0.9231,0.6957,0.812,15,74,4,9,0.8725,0.625,0.9487,0.6977,0.8194,16,71,7,8,0.8529,0.6667,0.9103,0.6809,0.8253,24,46,7,7,0.8333,0.7742,0.8679,0.7742,0.8436,23,39,14,8,0.7381,0.7419,0.7358,0.6765,0.8484,23,37,16,8,0.7143,0.7419,0.6981,0.6571,0.8107,24,42,11,7,0.7857,0.7742,0.7925,0.7273,0.8387,23,40,13,8,0.75,0.7419,0.7547,0.6866,0.8436,22,56,6,2,0.907,0.9167,0.9032,0.8462,0.9099,21,56,6,3,0.8953,0.875,0.9032,0.8235,0.914,22,56,6,2,0.907,0.9167,0.9032,0.8462,0.9167,21,56,6,3,0.8953,0.875,0.9032,0.8235,0.9294,22,56,6,2,0.907,0.9167,0.9032,0.8462,0.9086
469,22,53,12,12,0.7576,0.6471,0.8154,0.6471,0.7765,19,55,10,15,0.7475,0.5588,0.8462,0.6032,0.8398,21,52,13,13,0.7374,0.6176,0.8,0.6176,0.7778,22,55,10,12,0.7778,0.6471,0.8462,0.6667,0.7638,21,54,11,13,0.7576,0.6176,0.8308,0.6364,0.824,22,66,6,8,0.8627,0.7333,0.9167,0.7586,0.8843,25,63,9,5,0.8627,0.8333,0.875,0.7812,0.8579,20,62,10,10,0.8039,0.6667,0.8611,0.6667,0.8426,20,64,8,10,0.8235,0.6667,0.8889,0.6897,0.8718,20,62,10,10,0.8039,0.6667,0.8611,0.6667,0.8528,15,52,4,13,0.7976,0.5357,0.9286,0.6383,0.852,14,48,8,14,0.7381,0.5,0.8571,0.56,0.8724,17,44,12,11,0.7262,0.6071,0.7857,0.5965,0.8629,15,50,6,13,0.7738,0.5357,0.8929,0.6122,0.8846,17,45,11,11,0.7381,0.6071,0.8036,0.6071,0.8776,27,51,6,2,0.907,0.931,0.8947,0.871,0.931,26,50,7,3,0.8837,0.8966,0.8772,0.8387,0.928,27,47,10,2,0.8605,0.931,0.8246,0.8182,0.9316,26,47,10,3,0.8488,0.8966,0.8246,0.8,0.9419,27,50,7,2,0.8953,0.931,0.8772,0.8571,0.905
470,27,49,10,13,0.7677,0.675,0.8305,0.7013,0.8267,22,51,8,18,0.7374,0.55,0.8644,0.6286,0.8208,23,47,12,17,0.7071,0.575,0.7966,0.6133,0.8081,27,51,8,13,0.7879,0.675,0.8644,0.72,0.815,23,51,8,17,0.7475,0.575,0.8644,0.6479,0.8186,23,70,1,8,0.9118,0.7419,0.9859,0.8364,0.8255,24,68,3,7,0.902,0.7742,0.9577,0.8276,0.8369,21,67,4,10,0.8627,0.6774,0.9437,0.75,0.8242,21,68,3,10,0.8725,0.6774,0.9577,0.7636,0.8269,21,64,7,10,0.8333,0.6774,0.9014,0.7119,0.8551,22,46,6,10,0.8095,0.6875,0.8846,0.7333,0.869,21,39,13,11,0.7143,0.6562,0.75,0.6364,0.8407,23,34,18,9,0.6786,0.7188,0.6538,0.6301,0.8257,24,37,15,8,0.7262,0.75,0.7115,0.6761,0.848,23,37,15,9,0.7143,0.7188,0.7115,0.6571,0.8311,24,55,5,2,0.9186,0.9231,0.9167,0.8727,0.9288,21,54,6,5,0.8721,0.8077,0.9,0.7925,0.9346,24,53,7,2,0.8953,0.9231,0.8833,0.8421,0.9115,21,53,7,5,0.8605,0.8077,0.8833,0.7778,0.9288,24,54,6,2,0.907,0.9231,0.9,0.8571,0.9269
471,27,52,13,7,0.798,0.7941,0.8,0.7297,0.8566,24,55,10,10,0.798,0.7059,0.8462,0.7059,0.8597,25,52,13,9,0.7778,0.7353,0.8,0.6944,0.8235,27,55,10,7,0.8283,0.7941,0.8462,0.7606,0.8262,25,54,11,9,0.798,0.7353,0.8308,0.7143,0.8633,24,65,3,10,0.8725,0.7059,0.9559,0.7869,0.8568,28,65,3,6,0.9118,0.8235,0.9559,0.8615,0.9187,23,64,4,11,0.8529,0.6765,0.9412,0.7541,0.8642,21,66,2,13,0.8529,0.6176,0.9706,0.7368,0.8884,23,62,6,11,0.8333,0.6765,0.9118,0.7302,0.8763,23,47,4,10,0.8333,0.697,0.9216,0.7667,0.7849,22,40,11,11,0.7381,0.6667,0.7843,0.6667,0.8295,23,36,15,10,0.7024,0.697,0.7059,0.6479,0.7813,23,43,8,10,0.7857,0.697,0.8431,0.7188,0.8194,23,41,10,10,0.7619,0.697,0.8039,0.697,0.817,22,58,5,1,0.9302,0.9565,0.9206,0.88,0.9607,21,57,6,2,0.907,0.913,0.9048,0.84,0.9545,22,55,8,1,0.8953,0.9565,0.873,0.8302,0.9393,21,55,8,2,0.8837,0.913,0.873,0.8077,0.9517,22,57,6,1,0.9186,0.9565,0.9048,0.8627,0.9469
472,21,53,16,9,0.7475,0.7,0.7681,0.6269,0.7739,17,54,15,13,0.7172,0.5667,0.7826,0.5484,0.744,19,52,17,11,0.7172,0.6333,0.7536,0.5758,0.7401,21,54,15,9,0.7576,0.7,0.7826,0.6364,0.7638,19,53,16,11,0.7273,0.6333,0.7681,0.5846,0.7894,26,62,4,10,0.8627,0.7222,0.9394,0.7879,0.8363,27,60,6,9,0.8529,0.75,0.9091,0.7826,0.8775,25,60,6,11,0.8333,0.6944,0.9091,0.7463,0.8455,24,61,5,12,0.8333,0.6667,0.9242,0.7385,0.867,25,58,8,11,0.8137,0.6944,0.8788,0.7246,0.8586,16,47,5,16,0.75,0.5,0.9038,0.6038,0.7518,18,43,9,14,0.7262,0.5625,0.8269,0.6102,0.8125,20,39,13,12,0.7024,0.625,0.75,0.6154,0.756,18,46,6,14,0.7619,0.5625,0.8846,0.6429,0.7819,20,42,10,12,0.7381,0.625,0.8077,0.6452,0.7993,17,63,5,1,0.9302,0.9444,0.9265,0.85,0.9167,17,63,5,1,0.9302,0.9444,0.9265,0.85,0.9126,17,62,6,1,0.9186,0.9444,0.9118,0.8293,0.9387,17,62,6,1,0.9186,0.9444,0.9118,0.8293,0.9436,17,63,5,1,0.9302,0.9444,0.9265,0.85,0.9134
473,27,50,12,10,0.7778,0.7297,0.8065,0.7105,0.82,23,54,8,14,0.7778,0.6216,0.871,0.6765,0.8409,25,49,13,12,0.7475,0.6757,0.7903,0.6667,0.8099,27,54,8,10,0.8182,0.7297,0.871,0.75,0.8191,25,51,11,12,0.7677,0.6757,0.8226,0.6849,0.8483,25,66,6,5,0.8922,0.8333,0.9167,0.8197,0.9574,27,67,5,3,0.9216,0.9,0.9306,0.871,0.9532,26,65,7,4,0.8922,0.8667,0.9028,0.8254,0.9435,25,68,4,5,0.9118,0.8333,0.9444,0.8475,0.9597,26,64,8,4,0.8824,0.8667,0.8889,0.8125,0.9454,22,50,6,6,0.8571,0.7857,0.8929,0.7857,0.8476,22,43,13,6,0.7738,0.7857,0.7679,0.6984,0.8935,23,41,15,5,0.7619,0.8214,0.7321,0.697,0.8418,23,48,8,5,0.8452,0.8214,0.8571,0.7797,0.868,23,44,12,5,0.7976,0.8214,0.7857,0.7302,0.898,29,49,3,5,0.907,0.8529,0.9423,0.8788,0.9197,28,48,4,6,0.8837,0.8235,0.9231,0.8485,0.8954,29,47,5,5,0.8837,0.8529,0.9038,0.8529,0.9163,28,47,5,6,0.8721,0.8235,0.9038,0.8358,0.9344,29,48,4,5,0.8953,0.8529,0.9231,0.8657,0.9186
474,31,52,8,8,0.8384,0.7949,0.8667,0.7949,0.9068,28,55,5,11,0.8384,0.7179,0.9167,0.7778,0.9179,28,54,6,11,0.8283,0.7179,0.9,0.7671,0.9056,31,55,5,8,0.8687,0.7949,0.9167,0.8267,0.8923,28,54,6,11,0.8283,0.7179,0.9,0.7671,0.9231,17,67,3,15,0.8235,0.5312,0.9571,0.6538,0.7357,21,66,4,11,0.8529,0.6562,0.9429,0.7368,0.8089,19,64,6,13,0.8137,0.5938,0.9143,0.6667,0.7629,17,67,3,15,0.8235,0.5312,0.9571,0.6538,0.7817,19,62,8,13,0.7941,0.5938,0.8857,0.6441,0.7768,14,51,8,11,0.7738,0.56,0.8644,0.5957,0.7268,16,49,10,9,0.7738,0.64,0.8305,0.6275,0.7993,17,42,17,8,0.7024,0.68,0.7119,0.5763,0.7593,16,48,11,9,0.7619,0.64,0.8136,0.6154,0.781,17,44,15,8,0.7262,0.68,0.7458,0.5965,0.7851,17,61,2,6,0.907,0.7391,0.9683,0.8095,0.9199,17,60,3,6,0.8953,0.7391,0.9524,0.7907,0.9234,17,60,3,6,0.8953,0.7391,0.9524,0.7907,0.8668,17,60,3,6,0.8953,0.7391,0.9524,0.7907,0.9317,17,60,3,6,0.8953,0.7391,0.9524,0.7907,0.9275
475,21,53,17,8,0.7475,0.7241,0.7571,0.6269,0.8177,20,58,12,9,0.7879,0.6897,0.8286,0.6557,0.8552,20,54,16,9,0.7475,0.6897,0.7714,0.6154,0.8251,21,58,12,8,0.798,0.7241,0.8286,0.6774,0.8099,20,57,13,9,0.7778,0.6897,0.8143,0.6452,0.8433,14,77,7,4,0.8922,0.7778,0.9167,0.7179,0.8776,15,79,5,3,0.9216,0.8333,0.9405,0.7895,0.9028,14,80,4,4,0.9216,0.7778,0.9524,0.7778,0.8743,14,79,5,4,0.9118,0.7778,0.9405,0.7568,0.8882,14,78,6,4,0.902,0.7778,0.9286,0.7368,0.8968,19,49,6,10,0.8095,0.6552,0.8909,0.7037,0.8796,18,39,16,11,0.6786,0.6207,0.7091,0.5714,0.8671,19,38,17,10,0.6786,0.6552,0.6909,0.5846,0.8389,21,40,15,8,0.7262,0.7241,0.7273,0.6462,0.8752,19,41,14,10,0.7143,0.6552,0.7455,0.6129,0.8364,26,54,4,2,0.9302,0.9286,0.931,0.8966,0.9353,23,53,5,5,0.8837,0.8214,0.9138,0.8214,0.9458,26,50,8,2,0.8837,0.9286,0.8621,0.8387,0.923,23,50,8,5,0.8488,0.8214,0.8621,0.7797,0.939,26,53,5,2,0.9186,0.9286,0.9138,0.8814,0.9452
476,33,52,6,8,0.8586,0.8049,0.8966,0.825,0.9285,28,55,3,13,0.8384,0.6829,0.9483,0.7778,0.918,28,51,7,13,0.798,0.6829,0.8793,0.7368,0.8995,33,55,3,8,0.8889,0.8049,0.9483,0.8571,0.9319,28,53,5,13,0.8182,0.6829,0.9138,0.7568,0.9281,16,69,6,11,0.8333,0.5926,0.92,0.6531,0.8104,19,68,7,8,0.8529,0.7037,0.9067,0.717,0.8435,16,68,7,11,0.8235,0.5926,0.9067,0.64,0.7867,15,69,6,12,0.8235,0.5556,0.92,0.625,0.8252,16,66,9,11,0.8039,0.5926,0.88,0.6154,0.8291,18,50,6,10,0.8095,0.6429,0.8929,0.6923,0.8106,17,44,12,11,0.7262,0.6071,0.7857,0.5965,0.8438,19,42,14,9,0.7262,0.6786,0.75,0.623,0.8297,17,49,7,11,0.7857,0.6071,0.875,0.6538,0.8495,19,46,10,9,0.7738,0.6786,0.8214,0.6667,0.8431,19,58,4,5,0.8953,0.7917,0.9355,0.8085,0.9019,19,55,7,5,0.8605,0.7917,0.8871,0.76,0.8616,19,55,7,5,0.8605,0.7917,0.8871,0.76,0.8938,19,55,7,5,0.8605,0.7917,0.8871,0.76,0.9147,19,55,7,5,0.8605,0.7917,0.8871,0.76,0.8925
477,24,45,17,13,0.697,0.6486,0.7258,0.6154,0.7223,19,51,11,18,0.7071,0.5135,0.8226,0.5672,0.7441,23,44,18,14,0.6768,0.6216,0.7097,0.5897,0.714,24,51,11,13,0.7576,0.6486,0.8226,0.6667,0.7186,23,47,15,14,0.7071,0.6216,0.7581,0.6133,0.7341,24,68,4,6,0.902,0.8,0.9444,0.8276,0.9435,27,65,7,3,0.902,0.9,0.9028,0.8438,0.9162,23,63,9,7,0.8431,0.7667,0.875,0.7419,0.9046,20,67,5,10,0.8529,0.6667,0.9306,0.7273,0.9157,23,63,9,7,0.8431,0.7667,0.875,0.7419,0.9125,17,52,3,12,0.8214,0.5862,0.9455,0.6939,0.7981,17,44,11,12,0.7262,0.5862,0.8,0.5965,0.7912,17,44,11,12,0.7262,0.5862,0.8,0.5965,0.8144,17,44,11,12,0.7262,0.5862,0.8,0.5965,0.7774,17,45,10,12,0.7381,0.5862,0.8182,0.6071,0.8226,17,61,7,1,0.907,0.9444,0.8971,0.8095,0.9134,17,59,9,1,0.8837,0.9444,0.8676,0.7727,0.9069,17,58,10,1,0.8721,0.9444,0.8529,0.7556,0.9346,17,58,10,1,0.8721,0.9444,0.8529,0.7556,0.9444,17,59,9,1,0.8837,0.9444,0.8676,0.7727,0.9183
478,26,49,17,7,0.7576,0.7879,0.7424,0.6842,0.848,21,53,13,12,0.7475,0.6364,0.803,0.6269,0.8545,22,47,19,11,0.697,0.6667,0.7121,0.5946,0.8237,26,53,13,7,0.798,0.7879,0.803,0.7222,0.8375,22,52,14,11,0.7475,0.6667,0.7879,0.6377,0.8646,25,64,6,7,0.8725,0.7812,0.9143,0.7937,0.9174,26,61,9,6,0.8529,0.8125,0.8714,0.7761,0.8964,25,64,6,7,0.8725,0.7812,0.9143,0.7937,0.8915,25,62,8,7,0.8529,0.7812,0.8857,0.7692,0.9089,25,58,12,7,0.8137,0.7812,0.8286,0.7246,0.892,26,43,5,10,0.8214,0.7222,0.8958,0.7761,0.8675,26,39,9,10,0.7738,0.7222,0.8125,0.7324,0.897,29,37,11,7,0.7857,0.8056,0.7708,0.7632,0.8854,26,39,9,10,0.7738,0.7222,0.8125,0.7324,0.8941,29,41,7,7,0.8333,0.8056,0.8542,0.8056,0.9028,20,57,5,4,0.8953,0.8333,0.9194,0.8163,0.8965,20,56,6,4,0.8837,0.8333,0.9032,0.8,0.8703,20,54,8,4,0.8605,0.8333,0.871,0.7692,0.8891,20,54,8,4,0.8605,0.8333,0.871,0.7692,0.9093,20,56,6,4,0.8837,0.8333,0.9032,0.8,0.8965
479,39,38,12,10,0.7778,0.7959,0.76,0.78,0.8151,32,42,8,17,0.7475,0.6531,0.84,0.7191,0.8355,37,39,11,12,0.7677,0.7551,0.78,0.7629,0.8037,39,42,8,10,0.8182,0.7959,0.84,0.8125,0.7967,37,40,10,12,0.7778,0.7551,0.8,0.7708,0.8453,14,74,6,8,0.8627,0.6364,0.925,0.6667,0.8318,16,74,6,6,0.8824,0.7273,0.925,0.7273,0.8682,12,75,5,10,0.8529,0.5455,0.9375,0.6154,0.8227,11,76,4,11,0.8529,0.5,0.95,0.5946,0.8398,12,72,8,10,0.8235,0.5455,0.9,0.5714,0.8381,20,42,11,11,0.7381,0.6452,0.7925,0.6452,0.7371,21,38,15,10,0.7024,0.6774,0.717,0.6269,0.7882,21,34,19,10,0.6548,0.6774,0.6415,0.5915,0.7371,24,36,17,7,0.7143,0.7742,0.6792,0.6667,0.7596,21,36,17,10,0.6786,0.6774,0.6792,0.6087,0.7791,26,53,3,4,0.9186,0.8667,0.9464,0.8814,0.9232,23,51,5,7,0.8605,0.7667,0.9107,0.7931,0.8792,26,50,6,4,0.8837,0.8667,0.8929,0.8387,0.9095,23,50,6,7,0.8488,0.7667,0.8929,0.7797,0.9185,26,51,5,4,0.8953,0.8667,0.9107,0.8525,0.9161
480,26,54,11,8,0.8081,0.7647,0.8308,0.7324,0.7946,25,57,8,9,0.8283,0.7353,0.8769,0.7463,0.8145,23,53,12,11,0.7677,0.6765,0.8154,0.6667,0.791,26,57,8,8,0.8384,0.7647,0.8769,0.7647,0.7873,23,54,11,11,0.7778,0.6765,0.8308,0.6765,0.8317,25,60,4,13,0.8333,0.6579,0.9375,0.7463,0.8581,29,61,3,9,0.8824,0.7632,0.9531,0.8286,0.9108,23,60,4,15,0.8137,0.6053,0.9375,0.7077,0.854,22,62,2,16,0.8235,0.5789,0.9688,0.7097,0.8869,23,57,7,15,0.7843,0.6053,0.8906,0.6765,0.875,16,60,2,6,0.9048,0.7273,0.9677,0.8,0.8783,16,50,12,6,0.7857,0.7273,0.8065,0.64,0.8827,18,47,15,4,0.7738,0.8182,0.7581,0.6545,0.8966,16,51,11,6,0.7976,0.7273,0.8226,0.6531,0.8974,18,50,12,4,0.8095,0.8182,0.8065,0.6923,0.8871,17,58,5,6,0.8721,0.7391,0.9206,0.7556,0.8682,17,57,6,6,0.8605,0.7391,0.9048,0.7391,0.8371,17,56,7,6,0.8488,0.7391,0.8889,0.7234,0.8875,17,56,7,6,0.8488,0.7391,0.8889,0.7234,0.9075,17,57,6,6,0.8605,0.7391,0.9048,0.7391,0.8585
481,32,47,13,7,0.798,0.8205,0.7833,0.7619,0.8833,29,53,7,10,0.8283,0.7436,0.8833,0.7733,0.894,29,45,15,10,0.7475,0.7436,0.75,0.6988,0.8615,32,53,7,7,0.8586,0.8205,0.8833,0.8205,0.8729,29,52,8,10,0.8182,0.7436,0.8667,0.7632,0.8859,11,79,7,5,0.8824,0.6875,0.9186,0.6471,0.7762,12,78,8,4,0.8824,0.75,0.907,0.6667,0.806,10,79,7,6,0.8725,0.625,0.9186,0.6061,0.79,10,79,7,6,0.8725,0.625,0.9186,0.6061,0.8031,10,77,9,6,0.8529,0.625,0.8953,0.5714,0.8263,18,53,9,4,0.8452,0.8182,0.8548,0.7347,0.8658,17,47,15,5,0.7619,0.7727,0.7581,0.6296,0.8988,17,45,17,5,0.7381,0.7727,0.7258,0.6071,0.8673,17,50,12,5,0.7976,0.7727,0.8065,0.6667,0.8856,17,49,13,5,0.7857,0.7727,0.7903,0.6538,0.8688,23,54,5,4,0.8953,0.8519,0.9153,0.8364,0.8958,23,53,6,4,0.8837,0.8519,0.8983,0.8214,0.9165,23,49,10,4,0.8372,0.8519,0.8305,0.7667,0.8989,23,49,10,4,0.8372,0.8519,0.8305,0.7667,0.9322,23,53,6,4,0.8837,0.8519,0.8983,0.8214,0.9102
482,25,61,7,6,0.8687,0.8065,0.8971,0.7937,0.8971,24,66,2,7,0.9091,0.7742,0.9706,0.8421,0.9122,24,62,6,7,0.8687,0.7742,0.9118,0.7869,0.9046,25,66,2,6,0.9192,0.8065,0.9706,0.8621,0.8852,24,63,5,7,0.8788,0.7742,0.9265,0.8,0.9184,19,67,10,6,0.8431,0.76,0.8701,0.7037,0.841,19,70,7,6,0.8725,0.76,0.9091,0.7451,0.8255,18,66,11,7,0.8235,0.72,0.8571,0.6667,0.8021,18,71,6,7,0.8725,0.72,0.9221,0.7347,0.8286,18,64,13,7,0.8039,0.72,0.8312,0.6429,0.8145,25,39,9,11,0.7619,0.6944,0.8125,0.7143,0.7934,26,36,12,10,0.7381,0.7222,0.75,0.7027,0.8617,26,33,15,10,0.7024,0.7222,0.6875,0.6753,0.805,29,37,11,7,0.7857,0.8056,0.7708,0.7632,0.8501,26,33,15,10,0.7024,0.7222,0.6875,0.6753,0.8391,34,45,3,4,0.9186,0.8947,0.9375,0.9067,0.92,31,43,5,7,0.8605,0.8158,0.8958,0.8378,0.8849,34,41,7,4,0.8721,0.8947,0.8542,0.8608,0.8986,31,41,7,7,0.8372,0.8158,0.8542,0.8158,0.9084,34,43,5,4,0.8953,0.8947,0.8958,0.8831,0.9101
483,30,51,10,8,0.8182,0.7895,0.8361,0.7692,0.8697,27,53,8,11,0.8081,0.7105,0.8689,0.7397,0.8848,28,52,9,10,0.8081,0.7368,0.8525,0.7467,0.8503,30,53,8,8,0.8384,0.7895,0.8689,0.7895,0.8673,28,52,9,10,0.8081,0.7368,0.8525,0.7467,0.8788,24,67,4,7,0.8922,0.7742,0.9437,0.8136,0.8914,26,68,3,5,0.9216,0.8387,0.9577,0.8667,0.9005,22,66,5,9,0.8627,0.7097,0.9296,0.7586,0.8673,21,69,2,10,0.8824,0.6774,0.9718,0.7778,0.9005,22,64,7,9,0.8431,0.7097,0.9014,0.7333,0.8755,18,45,11,10,0.75,0.6429,0.8036,0.6316,0.7602,21,40,16,7,0.7262,0.75,0.7143,0.6462,0.8138,21,37,19,7,0.6905,0.75,0.6607,0.6176,0.787,21,42,14,7,0.75,0.75,0.75,0.6667,0.8208,21,39,17,7,0.7143,0.75,0.6964,0.6364,0.8138,29,54,1,2,0.9651,0.9355,0.9818,0.9508,0.9912,29,53,2,2,0.9535,0.9355,0.9636,0.9355,0.9894,29,53,2,2,0.9535,0.9355,0.9636,0.9355,0.9718,29,53,2,2,0.9535,0.9355,0.9636,0.9355,0.9765,29,53,2,2,0.9535,0.9355,0.9636,0.9355,0.9877
484,24,55,8,12,0.798,0.6667,0.873,0.7059,0.8307,22,57,6,14,0.798,0.6111,0.9048,0.6875,0.8541,22,55,8,14,0.7778,0.6111,0.873,0.6667,0.8108,24,57,6,12,0.8182,0.6667,0.9048,0.7273,0.8128,22,54,9,14,0.7677,0.6111,0.8571,0.6567,0.8633,17,75,4,6,0.902,0.7391,0.9494,0.7727,0.9064,19,70,9,4,0.8725,0.8261,0.8861,0.7451,0.9125,19,71,8,4,0.8824,0.8261,0.8987,0.76,0.9075,17,71,8,6,0.8627,0.7391,0.8987,0.7083,0.9147,19,68,11,4,0.8529,0.8261,0.8608,0.717,0.9086,16,50,3,15,0.7857,0.5161,0.9434,0.64,0.7998,16,43,10,15,0.7024,0.5161,0.8113,0.5614,0.79,18,40,13,13,0.6905,0.5806,0.7547,0.5806,0.7906,18,43,10,13,0.7262,0.5806,0.8113,0.6102,0.7998,18,45,8,13,0.75,0.5806,0.8491,0.6316,0.8071,21,58,4,3,0.9186,0.875,0.9355,0.8571,0.9301,19,58,4,5,0.8953,0.7917,0.9355,0.8085,0.9167,21,58,4,3,0.9186,0.875,0.9355,0.8571,0.9362,19,58,4,5,0.8953,0.7917,0.9355,0.8085,0.9469,21,58,4,3,0.9186,0.875,0.9355,0.8571,0.9247
485,27,48,17,7,0.7576,0.7941,0.7385,0.6923,0.8425,23,52,13,11,0.7576,0.6765,0.8,0.6571,0.8624,25,49,16,9,0.7475,0.7353,0.7538,0.6667,0.8014,27,52,13,7,0.798,0.7941,0.8,0.7297,0.8174,25,50,15,9,0.7576,0.7353,0.7692,0.6757,0.8529,20,65,5,12,0.8333,0.625,0.9286,0.7018,0.8129,23,66,4,9,0.8725,0.7188,0.9429,0.7797,0.8134,19,66,4,13,0.8333,0.5938,0.9429,0.6909,0.8063,16,66,4,16,0.8039,0.5,0.9429,0.6154,0.8022,19,64,6,13,0.8137,0.5938,0.9143,0.6667,0.8013,26,37,8,13,0.75,0.6667,0.8222,0.7123,0.804,24,34,11,15,0.6905,0.6154,0.7556,0.6486,0.8051,26,30,15,13,0.6667,0.6667,0.6667,0.65,0.7977,26,38,7,13,0.7619,0.6667,0.8444,0.7222,0.8359,26,35,10,13,0.7262,0.6667,0.7778,0.6933,0.8336,17,61,8,0,0.907,1.0,0.8841,0.8095,0.9488,15,60,9,2,0.8721,0.8824,0.8696,0.7317,0.9378,17,60,9,0,0.8953,1.0,0.8696,0.7907,0.9412,15,60,9,2,0.8721,0.8824,0.8696,0.7317,0.9361,17,60,9,0,0.8953,1.0,0.8696,0.7907,0.9216
486,35,48,11,5,0.8384,0.875,0.8136,0.814,0.8924,29,52,7,11,0.8182,0.725,0.8814,0.7632,0.8771,31,44,15,9,0.7576,0.775,0.7458,0.7209,0.8589,35,52,7,5,0.8788,0.875,0.8814,0.8537,0.8898,31,52,7,9,0.8384,0.775,0.8814,0.7949,0.8975,12,77,1,12,0.8725,0.5,0.9872,0.6486,0.7756,15,72,6,9,0.8529,0.625,0.9231,0.6667,0.844,12,74,4,12,0.8431,0.5,0.9487,0.6,0.7778,11,72,6,13,0.8137,0.4583,0.9231,0.5366,0.8216,12,70,8,12,0.8039,0.5,0.8974,0.5455,0.8339,18,44,8,14,0.7381,0.5625,0.8462,0.6207,0.7428,18,38,14,14,0.6667,0.5625,0.7308,0.5625,0.7987,20,33,19,12,0.631,0.625,0.6346,0.5634,0.7614,19,35,17,13,0.6429,0.5938,0.6731,0.5588,0.7867,20,38,14,12,0.6905,0.625,0.7308,0.6061,0.774,16,58,6,6,0.8605,0.7273,0.9062,0.7273,0.8473,15,56,8,7,0.8256,0.6818,0.875,0.6667,0.8217,16,53,11,6,0.8023,0.7273,0.8281,0.6531,0.8494,15,53,11,7,0.7907,0.6818,0.8281,0.625,0.88,16,56,8,6,0.8372,0.7273,0.875,0.6957,0.8693
487,27,42,14,16,0.697,0.6279,0.75,0.6429,0.787,25,44,12,18,0.697,0.5814,0.7857,0.625,0.7961,25,42,14,18,0.6768,0.5814,0.75,0.6098,0.7695,27,44,12,16,0.7172,0.6279,0.7857,0.6585,0.7938,25,43,13,18,0.6869,0.5814,0.7679,0.6173,0.8181,23,67,6,6,0.8824,0.7931,0.9178,0.7931,0.9126,24,69,4,5,0.9118,0.8276,0.9452,0.8421,0.8805,22,66,7,7,0.8627,0.7586,0.9041,0.7586,0.872,22,70,3,7,0.902,0.7586,0.9589,0.8148,0.8895,22,63,10,7,0.8333,0.7586,0.863,0.7213,0.8729,24,45,5,10,0.8214,0.7059,0.9,0.7619,0.8871,21,43,7,13,0.7619,0.6176,0.86,0.6774,0.9253,25,42,8,9,0.7976,0.7353,0.84,0.7463,0.9188,22,46,4,12,0.8095,0.6471,0.92,0.7333,0.9471,25,45,5,9,0.8333,0.7353,0.9,0.7812,0.9229,20,59,3,4,0.9186,0.8333,0.9516,0.8511,0.9032,19,57,5,5,0.8837,0.7917,0.9194,0.7917,0.8649,20,55,7,4,0.8721,0.8333,0.8871,0.7843,0.8871,19,55,7,5,0.8605,0.7917,0.8871,0.76,0.9066,20,57,5,4,0.8953,0.8333,0.9194,0.8163,0.8905
488,32,46,13,8,0.7879,0.8,0.7797,0.7529,0.8941,29,51,8,11,0.8081,0.725,0.8644,0.7532,0.9047,31,47,12,9,0.7879,0.775,0.7966,0.747,0.8797,32,51,8,8,0.8384,0.8,0.8644,0.8,0.8805,31,51,8,9,0.8283,0.775,0.8644,0.7848,0.9042,21,71,4,6,0.902,0.7778,0.9467,0.8077,0.9141,23,72,3,4,0.9314,0.8519,0.96,0.8679,0.9096,20,72,3,7,0.902,0.7407,0.96,0.8,0.8953,19,72,3,8,0.8922,0.7037,0.96,0.7755,0.9057,20,71,4,7,0.8922,0.7407,0.9467,0.7843,0.8973,24,48,3,9,0.8571,0.7273,0.9412,0.8,0.8812,23,47,4,10,0.8333,0.697,0.9216,0.7667,0.9138,24,44,7,9,0.8095,0.7273,0.8627,0.75,0.8865,25,47,4,8,0.8571,0.7576,0.9216,0.8065,0.9138,24,46,5,9,0.8333,0.7273,0.902,0.7742,0.9168,21,60,4,1,0.9419,0.9545,0.9375,0.8936,0.9474,19,59,5,3,0.907,0.8636,0.9219,0.8261,0.9446,21,56,8,1,0.8953,0.9545,0.875,0.8235,0.9318,19,56,8,3,0.8721,0.8636,0.875,0.7755,0.9389,21,59,5,1,0.9302,0.9545,0.9219,0.875,0.9418
489,30,54,8,7,0.8485,0.8108,0.871,0.8,0.8622,27,57,5,10,0.8485,0.7297,0.9194,0.7826,0.8418,29,55,7,8,0.8485,0.7838,0.8871,0.7945,0.8322,30,57,5,7,0.8788,0.8108,0.9194,0.8333,0.8548,29,56,6,8,0.8586,0.7838,0.9032,0.8056,0.8622,20,67,5,10,0.8529,0.6667,0.9306,0.7273,0.7944,20,65,7,10,0.8333,0.6667,0.9028,0.7018,0.8287,19,65,7,11,0.8235,0.6333,0.9028,0.6786,0.7926,19,66,6,11,0.8333,0.6333,0.9167,0.6909,0.8171,19,62,10,11,0.7941,0.6333,0.8611,0.6441,0.7986,17,48,7,12,0.7738,0.5862,0.8727,0.6415,0.7956,18,46,9,11,0.7619,0.6207,0.8364,0.6429,0.8564,20,42,13,9,0.7381,0.6897,0.7636,0.6452,0.8107,18,45,10,11,0.75,0.6207,0.8182,0.6316,0.8401,20,44,11,9,0.7619,0.6897,0.8,0.6667,0.8489,16,64,2,4,0.9302,0.8,0.9697,0.8421,0.8424,16,61,5,4,0.8953,0.8,0.9242,0.7805,0.8114,16,61,5,4,0.8953,0.8,0.9242,0.7805,0.8705,16,61,5,4,0.8953,0.8,0.9242,0.7805,0.8962,16,61,5,4,0.8953,0.8,0.9242,0.7805,0.8447
490,26,54,11,8,0.8081,0.7647,0.8308,0.7324,0.8357,20,56,9,14,0.7677,0.5882,0.8615,0.6349,0.8367,22,56,9,12,0.7879,0.6471,0.8615,0.6769,0.8335,26,56,9,8,0.8283,0.7647,0.8615,0.7536,0.8251,22,56,9,12,0.7879,0.6471,0.8615,0.6769,0.8593,16,76,1,9,0.902,0.64,0.987,0.7619,0.881,19,73,4,6,0.902,0.76,0.9481,0.7917,0.92,16,71,6,9,0.8529,0.64,0.9221,0.6809,0.8873,13,74,3,12,0.8529,0.52,0.961,0.6341,0.8992,16,67,10,9,0.8137,0.64,0.8701,0.6275,0.8831,22,41,5,16,0.75,0.5789,0.8913,0.6769,0.7797,23,37,9,15,0.7143,0.6053,0.8043,0.6571,0.8106,25,36,10,13,0.7262,0.6579,0.7826,0.6849,0.8209,23,36,10,15,0.7024,0.6053,0.7826,0.6479,0.8249,25,38,8,13,0.75,0.6579,0.8261,0.7042,0.8278,22,55,5,4,0.8953,0.8462,0.9167,0.8302,0.8923,22,54,6,4,0.8837,0.8462,0.9,0.8148,0.8756,22,54,6,4,0.8837,0.8462,0.9,0.8148,0.8853,22,54,6,4,0.8837,0.8462,0.9,0.8148,0.9064,22,54,6,4,0.8837,0.8462,0.9,0.8148,0.8942
491,28,47,12,12,0.7576,0.7,0.7966,0.7,0.7627,25,49,10,15,0.7475,0.625,0.8305,0.6667,0.7864,26,46,13,14,0.7273,0.65,0.7797,0.6582,0.7538,28,49,10,12,0.7778,0.7,0.8305,0.7179,0.7458,26,46,13,14,0.7273,0.65,0.7797,0.6582,0.7894,15,76,4,7,0.8922,0.6818,0.95,0.7317,0.8477,17,74,6,5,0.8922,0.7727,0.925,0.7556,0.8716,13,73,7,9,0.8431,0.5909,0.9125,0.619,0.8352,12,75,5,10,0.8529,0.5455,0.9375,0.6154,0.8625,13,67,13,9,0.7843,0.5909,0.8375,0.5417,0.8409,28,40,3,13,0.8095,0.6829,0.9302,0.7778,0.869,26,36,7,15,0.7381,0.6341,0.8372,0.7027,0.861,29,34,9,12,0.75,0.7073,0.7907,0.7342,0.861,28,37,6,13,0.7738,0.6829,0.8605,0.7467,0.8712,29,38,5,12,0.7976,0.7073,0.8837,0.7733,0.8656,14,64,7,1,0.907,0.9333,0.9014,0.7778,0.9202,12,61,10,3,0.8488,0.8,0.8592,0.6486,0.9268,14,61,10,1,0.8721,0.9333,0.8592,0.7179,0.9052,12,61,10,3,0.8488,0.8,0.8592,0.6486,0.907,14,61,10,1,0.8721,0.9333,0.8592,0.7179,0.9117
492,20,62,12,5,0.8283,0.8,0.8378,0.7018,0.8876,16,68,6,9,0.8485,0.64,0.9189,0.6809,0.8703,17,65,9,8,0.8283,0.68,0.8784,0.6667,0.8411,20,68,6,5,0.8889,0.8,0.9189,0.7843,0.8808,17,66,8,8,0.8384,0.68,0.8919,0.68,0.8849,21,66,2,13,0.8529,0.6176,0.9706,0.7368,0.8512,24,64,4,10,0.8627,0.7059,0.9412,0.7742,0.856,22,64,4,12,0.8431,0.6471,0.9412,0.7333,0.8348,20,65,3,14,0.8333,0.5882,0.9559,0.7018,0.8417,22,61,7,12,0.8137,0.6471,0.8971,0.6984,0.8395,22,44,5,13,0.7857,0.6286,0.898,0.7097,0.7948,23,41,8,12,0.7619,0.6571,0.8367,0.697,0.8187,26,38,11,9,0.7619,0.7429,0.7755,0.7222,0.772,23,40,9,12,0.75,0.6571,0.8163,0.6866,0.8099,26,41,8,9,0.7976,0.7429,0.8367,0.7536,0.835,23,55,4,4,0.907,0.8519,0.9322,0.8519,0.8883,23,55,4,4,0.907,0.8519,0.9322,0.8519,0.882,23,55,4,4,0.907,0.8519,0.9322,0.8519,0.8927,23,55,4,4,0.907,0.8519,0.9322,0.8519,0.9171,23,55,4,4,0.907,0.8519,0.9322,0.8519,0.8964
493,27,46,13,13,0.7374,0.675,0.7797,0.675,0.7864,25,47,12,15,0.7273,0.625,0.7966,0.6494,0.7928,24,44,15,16,0.6869,0.6,0.7458,0.6076,0.7479,27,47,12,13,0.7475,0.675,0.7966,0.6835,0.7576,24,44,15,16,0.6869,0.6,0.7458,0.6076,0.8047,14,64,7,17,0.7647,0.4516,0.9014,0.5385,0.756,18,64,7,13,0.8039,0.5806,0.9014,0.6429,0.7783,12,65,6,19,0.7549,0.3871,0.9155,0.4898,0.7397,11,68,3,20,0.7745,0.3548,0.9577,0.4889,0.7665,12,63,8,19,0.7353,0.3871,0.8873,0.4706,0.7619,24,48,5,7,0.8571,0.7742,0.9057,0.8,0.9093,22,42,11,9,0.7619,0.7097,0.7925,0.6875,0.8698,23,39,14,8,0.7381,0.7419,0.7358,0.6765,0.8898,23,45,8,8,0.8095,0.7419,0.8491,0.7419,0.8868,23,45,8,8,0.8095,0.7419,0.8491,0.7419,0.8941,18,59,5,4,0.8953,0.8182,0.9219,0.8,0.87,17,59,5,5,0.8837,0.7727,0.9219,0.7727,0.843,18,57,7,4,0.8721,0.8182,0.8906,0.766,0.8857,17,57,7,5,0.8605,0.7727,0.8906,0.7391,0.9006,18,59,5,4,0.8953,0.8182,0.9219,0.8,0.87
494,17,61,12,9,0.7879,0.6538,0.8356,0.6182,0.7824,15,67,6,11,0.8283,0.5769,0.9178,0.6383,0.8045,16,62,11,10,0.7879,0.6154,0.8493,0.6038,0.774,17,67,6,9,0.8485,0.6538,0.9178,0.6939,0.7655,16,65,8,10,0.8182,0.6154,0.8904,0.64,0.8214,19,67,6,10,0.8431,0.6552,0.9178,0.7037,0.7671,20,71,2,9,0.8922,0.6897,0.9726,0.7843,0.8281,19,68,5,10,0.8529,0.6552,0.9315,0.717,0.7964,18,71,2,11,0.8725,0.6207,0.9726,0.7347,0.8011,19,68,5,10,0.8529,0.6552,0.9315,0.717,0.8285,20,48,7,9,0.8095,0.6897,0.8727,0.7143,0.8182,21,46,9,8,0.7976,0.7241,0.8364,0.7119,0.8878,22,40,15,7,0.7381,0.7586,0.7273,0.6667,0.847,21,49,6,8,0.8333,0.7241,0.8909,0.75,0.8846,22,41,14,7,0.75,0.7586,0.7455,0.6769,0.8752,26,52,6,2,0.907,0.9286,0.8966,0.8667,0.9039,26,52,6,2,0.907,0.9286,0.8966,0.8667,0.8984,26,52,6,2,0.907,0.9286,0.8966,0.8667,0.9083,26,52,6,2,0.907,0.9286,0.8966,0.8667,0.9218,26,52,6,2,0.907,0.9286,0.8966,0.8667,0.9039
495,24,54,10,11,0.7879,0.6857,0.8438,0.6957,0.8049,20,56,8,15,0.7677,0.5714,0.875,0.6349,0.8531,22,53,11,13,0.7576,0.6286,0.8281,0.6471,0.8062,24,56,8,11,0.8081,0.6857,0.875,0.7164,0.7864,22,55,9,13,0.7778,0.6286,0.8594,0.6667,0.8344,22,67,4,9,0.8725,0.7097,0.9437,0.7719,0.9091,26,66,5,5,0.902,0.8387,0.9296,0.8387,0.8814,23,63,8,8,0.8431,0.7419,0.8873,0.7419,0.8728,20,66,5,11,0.8431,0.6452,0.9296,0.7143,0.8823,23,59,12,8,0.8039,0.7419,0.831,0.697,0.8769,23,42,10,9,0.7738,0.7188,0.8077,0.7077,0.8005,21,42,10,11,0.75,0.6562,0.8077,0.6667,0.7927,22,32,20,10,0.6429,0.6875,0.6154,0.5946,0.7885,22,40,12,10,0.7381,0.6875,0.7692,0.6667,0.8101,22,35,17,10,0.6786,0.6875,0.6731,0.6197,0.7999,18,61,4,3,0.9186,0.8571,0.9385,0.8372,0.9004,17,60,5,4,0.8953,0.8095,0.9231,0.7907,0.8718,18,59,6,3,0.8953,0.8571,0.9077,0.8,0.893,17,59,6,4,0.8837,0.8095,0.9077,0.7727,0.9158,18,60,5,3,0.907,0.8571,0.9231,0.8182,0.8982
496,29,53,9,8,0.8283,0.7838,0.8548,0.7733,0.8788,25,57,5,12,0.8283,0.6757,0.9194,0.7463,0.8967,27,53,9,10,0.8081,0.7297,0.8548,0.7397,0.8893,29,57,5,8,0.8687,0.7838,0.9194,0.8169,0.8838,27,57,5,10,0.8485,0.7297,0.9194,0.7826,0.9115,16,79,4,3,0.9314,0.8421,0.9518,0.8205,0.8827,16,79,4,3,0.9314,0.8421,0.9518,0.8205,0.9112,14,77,6,5,0.8922,0.7368,0.9277,0.7179,0.8859,14,80,3,5,0.9216,0.7368,0.9639,0.7778,0.9004,14,77,6,5,0.8922,0.7368,0.9277,0.7179,0.8985,17,47,6,14,0.7619,0.5484,0.8868,0.6296,0.7894,18,41,12,13,0.7024,0.5806,0.7736,0.5902,0.86,20,39,14,11,0.7024,0.6452,0.7358,0.6154,0.8198,20,43,10,11,0.75,0.6452,0.8113,0.6557,0.8558,20,40,13,11,0.7143,0.6452,0.7547,0.625,0.8138,24,53,6,3,0.8953,0.8889,0.8983,0.8421,0.9153,22,51,8,5,0.8488,0.8148,0.8644,0.7719,0.9303,24,48,11,3,0.8372,0.8889,0.8136,0.7742,0.9008,22,48,11,5,0.814,0.8148,0.8136,0.7333,0.9127,24,51,8,3,0.8721,0.8889,0.8644,0.8136,0.909
497,31,42,19,7,0.7374,0.8158,0.6885,0.7045,0.8525,30,50,11,8,0.8081,0.7895,0.8197,0.7595,0.8758,29,42,19,9,0.7172,0.7632,0.6885,0.6744,0.8214,31,50,11,7,0.8182,0.8158,0.8197,0.775,0.8585,29,48,13,9,0.7778,0.7632,0.7869,0.725,0.8779,17,66,7,12,0.8137,0.5862,0.9041,0.6415,0.7482,19,68,5,10,0.8529,0.6552,0.9315,0.717,0.7709,15,67,6,14,0.8039,0.5172,0.9178,0.6,0.7308,15,69,4,14,0.8235,0.5172,0.9452,0.625,0.7525,15,67,6,14,0.8039,0.5172,0.9178,0.6,0.7421,17,53,4,10,0.8333,0.6296,0.9298,0.7083,0.8564,18,45,12,9,0.75,0.6667,0.7895,0.6316,0.896,18,44,13,9,0.7381,0.6667,0.7719,0.6207,0.8428,19,50,7,8,0.8214,0.7037,0.8772,0.717,0.8837,18,46,11,9,0.7619,0.6667,0.807,0.6429,0.8616,21,55,6,4,0.8837,0.84,0.9016,0.8077,0.9207,20,53,8,5,0.8488,0.8,0.8689,0.7547,0.9003,21,50,11,4,0.8256,0.84,0.8197,0.7368,0.8925,20,50,11,5,0.814,0.8,0.8197,0.7143,0.901,21,53,8,4,0.8605,0.84,0.8689,0.7778,0.8957
498,24,56,12,7,0.8081,0.7742,0.8235,0.7164,0.8752,23,61,7,8,0.8485,0.7419,0.8971,0.7541,0.889,20,55,13,11,0.7576,0.6452,0.8088,0.625,0.8643,24,61,7,7,0.8586,0.7742,0.8971,0.7742,0.8786,20,59,9,11,0.798,0.6452,0.8676,0.6667,0.8843,24,65,3,10,0.8725,0.7059,0.9559,0.7869,0.8689,29,66,2,5,0.9314,0.8529,0.9706,0.8923,0.9057,24,64,4,10,0.8627,0.7059,0.9412,0.7742,0.8694,22,67,1,12,0.8725,0.6471,0.9853,0.7719,0.8914,24,63,5,10,0.8529,0.7059,0.9265,0.7619,0.8776,17,54,6,7,0.8452,0.7083,0.9,0.7234,0.8257,18,49,11,6,0.7976,0.75,0.8167,0.6792,0.8382,18,47,13,6,0.7738,0.75,0.7833,0.6545,0.8431,18,49,11,6,0.7976,0.75,0.8167,0.6792,0.8576,18,47,13,6,0.7738,0.75,0.7833,0.6545,0.8486,21,54,7,4,0.8721,0.84,0.8852,0.7925,0.9134,21,54,7,4,0.8721,0.84,0.8852,0.7925,0.918,21,53,8,4,0.8605,0.84,0.8689,0.7778,0.9095,21,53,8,4,0.8605,0.84,0.8689,0.7778,0.9298,21,54,7,4,0.8721,0.84,0.8852,0.7925,0.9016
499,27,50,17,5,0.7778,0.8438,0.7463,0.7105,0.8797,27,54,13,5,0.8182,0.8438,0.806,0.75,0.8885,25,50,17,7,0.7576,0.7812,0.7463,0.6757,0.8633,27,54,13,5,0.8182,0.8438,0.806,0.75,0.865,25,50,17,7,0.7576,0.7812,0.7463,0.6757,0.896,25,63,5,9,0.8627,0.7353,0.9265,0.7812,0.7989,25,63,5,9,0.8627,0.7353,0.9265,0.7812,0.8365,23,62,6,11,0.8333,0.6765,0.9118,0.7302,0.8127,23,66,2,11,0.8725,0.6765,0.9706,0.7797,0.8231,23,61,7,11,0.8235,0.6765,0.8971,0.7188,0.8183,25,48,6,5,0.869,0.8333,0.8889,0.8197,0.9043,26,44,10,4,0.8333,0.8667,0.8148,0.7879,0.9284,27,39,15,3,0.7857,0.9,0.7222,0.75,0.9185,27,46,8,3,0.869,0.9,0.8519,0.8308,0.9401,27,41,13,3,0.8095,0.9,0.7593,0.7714,0.9247,25,56,4,1,0.9419,0.9615,0.9333,0.9091,0.9635,24,56,4,2,0.9302,0.9231,0.9333,0.8889,0.9545,25,56,4,1,0.9419,0.9615,0.9333,0.9091,0.9686,24,56,4,2,0.9302,0.9231,0.9333,0.8889,0.9654,25,56,4,1,0.9419,0.9615,0.9333,0.9091,0.9615
500,27,53,11,8,0.8081,0.7714,0.8281,0.7397,0.8366,25,56,8,10,0.8182,0.7143,0.875,0.7353,0.8594,26,51,13,9,0.7778,0.7429,0.7969,0.7027,0.8263,27,56,8,8,0.8384,0.7714,0.875,0.7714,0.8426,26,52,12,9,0.7879,0.7429,0.8125,0.7123,0.8621,20,68,6,8,0.8627,0.7143,0.9189,0.7407,0.9155,23,70,4,5,0.9118,0.8214,0.9459,0.8364,0.9252,19,67,7,9,0.8431,0.6786,0.9054,0.7037,0.8861,18,73,1,10,0.8922,0.6429,0.9865,0.766,0.916,19,66,8,9,0.8333,0.6786,0.8919,0.6909,0.902,18,50,9,7,0.8095,0.72,0.8475,0.6923,0.8047,16,45,14,9,0.7262,0.64,0.7627,0.5818,0.8176,18,43,16,7,0.7262,0.72,0.7288,0.6102,0.8081,17,47,12,8,0.7619,0.68,0.7966,0.6296,0.8075,18,45,14,7,0.75,0.72,0.7627,0.6316,0.8468,27,55,2,2,0.9535,0.931,0.9649,0.931,0.9437,26,54,3,3,0.9302,0.8966,0.9474,0.8966,0.9135,27,52,5,2,0.9186,0.931,0.9123,0.8852,0.9552,26,52,5,3,0.907,0.8966,0.9123,0.8667,0.9564,27,54,3,2,0.9419,0.931,0.9474,0.9153,0.9383
501,39,44,9,7,0.8384,0.8478,0.8302,0.8298,0.9085,38,46,7,8,0.8485,0.8261,0.8679,0.8352,0.9221,38,43,10,8,0.8182,0.8261,0.8113,0.8085,0.8942,39,46,7,7,0.8586,0.8478,0.8679,0.8478,0.9089,38,43,10,8,0.8182,0.8261,0.8113,0.8085,0.9225,18,69,9,6,0.8529,0.75,0.8846,0.7059,0.8611,20,72,6,4,0.902,0.8333,0.9231,0.8,0.8974,17,72,6,7,0.8725,0.7083,0.9231,0.7234,0.8574,17,74,4,7,0.8922,0.7083,0.9487,0.7556,0.8761,17,70,8,7,0.8529,0.7083,0.8974,0.6939,0.875,23,51,3,7,0.881,0.7667,0.9444,0.8214,0.9037,22,43,11,8,0.7738,0.7333,0.7963,0.6984,0.9111,23,45,9,7,0.8095,0.7667,0.8333,0.7419,0.9086,24,50,4,6,0.881,0.8,0.9259,0.8276,0.9241,23,48,6,7,0.8452,0.7667,0.8889,0.7797,0.9173,18,60,8,0,0.907,1.0,0.8824,0.8182,0.9093,16,58,10,2,0.8605,0.8889,0.8529,0.7273,0.8905,18,58,10,0,0.8837,1.0,0.8529,0.7826,0.9085,16,58,10,2,0.8605,0.8889,0.8529,0.7273,0.9085,18,58,10,0,0.8837,1.0,0.8529,0.7826,0.8938
502,26,44,14,15,0.7071,0.6341,0.7586,0.642,0.7414,23,49,9,18,0.7273,0.561,0.8448,0.6301,0.7729,25,45,13,16,0.7071,0.6098,0.7759,0.6329,0.7208,26,49,9,15,0.7576,0.6341,0.8448,0.6842,0.7397,25,45,13,16,0.7071,0.6098,0.7759,0.6329,0.7948,15,63,13,11,0.7647,0.5769,0.8289,0.5556,0.8411,18,66,10,8,0.8235,0.6923,0.8684,0.6667,0.8401,13,63,13,13,0.7451,0.5,0.8289,0.5,0.8001,12,70,6,14,0.8039,0.4615,0.9211,0.5455,0.8416,13,62,14,13,0.7353,0.5,0.8158,0.4906,0.8183,23,51,5,5,0.881,0.8214,0.9107,0.8214,0.8903,21,44,12,7,0.7738,0.75,0.7857,0.6885,0.8852,22,43,13,6,0.7738,0.7857,0.7679,0.6984,0.8731,21,48,8,7,0.8214,0.75,0.8571,0.7368,0.8852,22,46,10,6,0.8095,0.7857,0.8214,0.7333,0.8948,16,61,3,6,0.8953,0.7273,0.9531,0.7805,0.8388,16,61,3,6,0.8953,0.7273,0.9531,0.7805,0.7692,16,61,3,6,0.8953,0.7273,0.9531,0.7805,0.8814,16,61,3,6,0.8953,0.7273,0.9531,0.7805,0.897,16,61,3,6,0.8953,0.7273,0.9531,0.7805,0.8203
503,20,54,14,11,0.7475,0.6452,0.7941,0.6154,0.8055,15,58,10,16,0.7374,0.4839,0.8529,0.5357,0.787,19,55,13,12,0.7475,0.6129,0.8088,0.6032,0.7661,20,58,10,11,0.7879,0.6452,0.8529,0.6557,0.7801,19,57,11,12,0.7677,0.6129,0.8382,0.623,0.8387,15,79,2,6,0.9216,0.7143,0.9753,0.7895,0.8454,16,79,2,5,0.9314,0.7619,0.9753,0.8205,0.903,13,79,2,8,0.902,0.619,0.9753,0.7222,0.863,12,79,2,9,0.8922,0.5714,0.9753,0.6857,0.8754,13,78,3,8,0.8922,0.619,0.963,0.7027,0.8754,23,45,2,14,0.8095,0.6216,0.9574,0.7419,0.8574,23,39,8,14,0.7381,0.6216,0.8298,0.6765,0.8683,23,37,10,14,0.7143,0.6216,0.7872,0.6571,0.8482,26,41,6,11,0.7976,0.7027,0.8723,0.7536,0.8712,23,39,8,14,0.7381,0.6216,0.8298,0.6765,0.8551,19,62,3,2,0.9419,0.9048,0.9538,0.8837,0.9414,16,61,4,5,0.8953,0.7619,0.9385,0.7805,0.9487,19,61,4,2,0.9302,0.9048,0.9385,0.8636,0.9238,16,61,4,5,0.8953,0.7619,0.9385,0.7805,0.9399,19,61,4,2,0.9302,0.9048,0.9385,0.8636,0.9502
504,23,58,8,10,0.8182,0.697,0.8788,0.7188,0.831,20,60,6,13,0.8081,0.6061,0.9091,0.678,0.8264,21,59,7,12,0.8081,0.6364,0.8939,0.6885,0.8177,23,60,6,10,0.8384,0.697,0.9091,0.7419,0.8104,21,59,7,12,0.8081,0.6364,0.8939,0.6885,0.86,22,68,3,9,0.8824,0.7097,0.9577,0.7857,0.8796,25,65,6,6,0.8824,0.8065,0.9155,0.8065,0.9119,20,64,7,11,0.8235,0.6452,0.9014,0.6897,0.8437,19,66,5,12,0.8333,0.6129,0.9296,0.6909,0.8982,20,61,10,11,0.7941,0.6452,0.8592,0.6557,0.8678,20,47,5,12,0.7976,0.625,0.9038,0.7018,0.7969,21,40,12,11,0.7262,0.6562,0.7692,0.6462,0.8564,22,37,15,10,0.7024,0.6875,0.7115,0.6377,0.8071,22,41,11,10,0.75,0.6875,0.7885,0.6769,0.8462,22,41,11,10,0.75,0.6875,0.7885,0.6769,0.8395,24,53,4,5,0.8953,0.8276,0.9298,0.8421,0.8996,23,52,5,6,0.8721,0.7931,0.9123,0.807,0.8808,24,52,5,5,0.8837,0.8276,0.9123,0.8276,0.882,23,52,5,6,0.8721,0.7931,0.9123,0.807,0.9087,24,52,5,5,0.8837,0.8276,0.9123,0.8276,0.8935
505,18,61,12,8,0.798,0.6923,0.8356,0.6429,0.853,18,63,10,8,0.8182,0.6923,0.863,0.6667,0.8857,17,62,11,9,0.798,0.6538,0.8493,0.6296,0.844,18,63,10,8,0.8182,0.6923,0.863,0.6667,0.8446,17,61,12,9,0.7879,0.6538,0.8356,0.6182,0.8667,8,77,6,11,0.8333,0.4211,0.9277,0.4848,0.7394,9,78,5,10,0.8529,0.4737,0.9398,0.5455,0.8472,8,78,5,11,0.8431,0.4211,0.9398,0.5,0.7533,8,80,3,11,0.8627,0.4211,0.9639,0.5333,0.8275,8,77,6,11,0.8333,0.4211,0.9277,0.4848,0.8022,19,45,8,12,0.7619,0.6129,0.8491,0.6552,0.7912,20,42,11,11,0.7381,0.6452,0.7925,0.6452,0.8253,23,31,22,8,0.6429,0.7419,0.5849,0.6053,0.7645,21,42,11,10,0.75,0.6774,0.7925,0.6667,0.8308,23,36,17,8,0.7024,0.7419,0.6792,0.6479,0.8125,23,56,2,5,0.9186,0.8214,0.9655,0.8679,0.9009,22,56,2,6,0.907,0.7857,0.9655,0.8462,0.8775,23,56,2,5,0.9186,0.8214,0.9655,0.8679,0.8799,22,56,2,6,0.907,0.7857,0.9655,0.8462,0.928,23,56,2,5,0.9186,0.8214,0.9655,0.8679,0.9076
506,16,56,13,14,0.7273,0.5333,0.8116,0.5424,0.7116,12,61,8,18,0.7374,0.4,0.8841,0.48,0.715,15,55,14,15,0.7071,0.5,0.7971,0.5085,0.7024,16,61,8,14,0.7778,0.5333,0.8841,0.5926,0.7109,15,57,12,15,0.7273,0.5,0.8261,0.5263,0.7556,18,68,7,9,0.8431,0.6667,0.9067,0.6923,0.88,22,70,5,5,0.902,0.8148,0.9333,0.8148,0.8479,20,67,8,7,0.8529,0.7407,0.8933,0.7273,0.8548,17,72,3,10,0.8725,0.6296,0.96,0.7234,0.8765,20,66,9,7,0.8431,0.7407,0.88,0.7143,0.8553,26,43,6,9,0.8214,0.7429,0.8776,0.7761,0.8671,25,39,10,10,0.7619,0.7143,0.7959,0.7143,0.8146,26,34,15,9,0.7143,0.7429,0.6939,0.6842,0.8286,26,41,8,9,0.7976,0.7429,0.8367,0.7536,0.8332,26,37,12,9,0.75,0.7429,0.7551,0.7123,0.8391,25,56,4,1,0.9419,0.9615,0.9333,0.9091,0.9365,24,56,4,2,0.9302,0.9231,0.9333,0.8889,0.9288,25,54,6,1,0.9186,0.9615,0.9,0.8772,0.9519,24,54,6,2,0.907,0.9231,0.9,0.8571,0.9519,25,56,4,1,0.9419,0.9615,0.9333,0.9091,0.9385
507,15,61,13,10,0.7677,0.6,0.8243,0.566,0.8227,14,65,9,11,0.798,0.56,0.8784,0.5833,0.8384,14,61,13,11,0.7576,0.56,0.8243,0.5385,0.8114,15,65,9,10,0.8081,0.6,0.8784,0.6122,0.8038,14,63,11,11,0.7778,0.56,0.8514,0.56,0.8508,27,64,4,7,0.8922,0.7941,0.9412,0.8308,0.901,29,64,4,5,0.9118,0.8529,0.9412,0.8657,0.9165,25,64,4,9,0.8725,0.7353,0.9412,0.7937,0.9044,24,65,3,10,0.8725,0.7059,0.9559,0.7869,0.9096,25,63,5,9,0.8627,0.7353,0.9265,0.7812,0.9178,25,45,7,7,0.8333,0.7812,0.8654,0.7812,0.8023,23,39,13,9,0.7381,0.7188,0.75,0.6765,0.8341,24,34,18,8,0.6905,0.75,0.6538,0.6486,0.7885,23,39,13,9,0.7381,0.7188,0.75,0.6765,0.8113,24,36,16,8,0.7143,0.75,0.6923,0.6667,0.8119,22,61,1,2,0.9651,0.9167,0.9839,0.9362,0.959,22,60,2,2,0.9535,0.9167,0.9677,0.9167,0.9536,22,59,3,2,0.9419,0.9167,0.9516,0.898,0.9516,22,59,3,2,0.9419,0.9167,0.9516,0.898,0.9691,22,60,2,2,0.9535,0.9167,0.9677,0.9167,0.963
508,25,50,17,7,0.7576,0.7812,0.7463,0.6757,0.8302,22,54,13,10,0.7677,0.6875,0.806,0.6567,0.8414,22,51,16,10,0.7374,0.6875,0.7612,0.6286,0.8214,25,54,13,7,0.798,0.7812,0.806,0.7143,0.8165,22,52,15,10,0.7475,0.6875,0.7761,0.6377,0.8507,19,73,4,6,0.902,0.76,0.9481,0.7917,0.9314,23,72,5,2,0.9314,0.92,0.9351,0.8679,0.9486,21,74,3,4,0.9314,0.84,0.961,0.8571,0.9527,18,72,5,7,0.8824,0.72,0.9351,0.75,0.9486,21,72,5,4,0.9118,0.84,0.9351,0.8235,0.9569,19,41,10,14,0.7143,0.5758,0.8039,0.6129,0.7641,20,36,15,13,0.6667,0.6061,0.7059,0.5882,0.7778,22,33,18,11,0.6548,0.6667,0.6471,0.6027,0.7796,24,38,13,9,0.7381,0.7273,0.7451,0.6857,0.7843,22,36,15,11,0.6905,0.6667,0.7059,0.6286,0.7819,25,55,4,2,0.9302,0.9259,0.9322,0.8929,0.9379,20,53,6,7,0.8488,0.7407,0.8983,0.7547,0.9284,25,53,6,2,0.907,0.9259,0.8983,0.8621,0.9178,20,53,6,7,0.8488,0.7407,0.8983,0.7547,0.9322,25,53,6,2,0.907,0.9259,0.8983,0.8621,0.9328
509,25,56,6,12,0.8182,0.6757,0.9032,0.7353,0.8705,21,56,6,16,0.7778,0.5676,0.9032,0.6562,0.8666,22,56,6,15,0.7879,0.5946,0.9032,0.6769,0.854,25,56,6,12,0.8182,0.6757,0.9032,0.7353,0.8509,22,56,6,15,0.7879,0.5946,0.9032,0.6769,0.898,14,81,3,4,0.9314,0.7778,0.9643,0.8,0.9107,16,76,8,2,0.902,0.8889,0.9048,0.7619,0.8823,14,78,6,4,0.902,0.7778,0.9286,0.7368,0.8862,13,76,8,5,0.8725,0.7222,0.9048,0.6667,0.8909,14,73,11,4,0.8529,0.7778,0.869,0.6512,0.9061,17,48,5,14,0.7738,0.5484,0.9057,0.6415,0.8052,16,42,11,15,0.6905,0.5161,0.7925,0.5517,0.815,17,40,13,14,0.6786,0.5484,0.7547,0.5574,0.8022,18,44,9,13,0.7381,0.5806,0.8302,0.6207,0.801,17,46,7,14,0.75,0.5484,0.8679,0.6182,0.8022,18,64,1,3,0.9535,0.8571,0.9846,0.9,0.9634,17,64,1,4,0.9419,0.8095,0.9846,0.8718,0.9714,18,64,1,3,0.9535,0.8571,0.9846,0.9,0.9319,17,64,1,4,0.9419,0.8095,0.9846,0.8718,0.9619,18,64,1,3,0.9535,0.8571,0.9846,0.9,0.9678
510,22,54,13,10,0.7677,0.6875,0.806,0.6567,0.806,21,59,8,11,0.8081,0.6562,0.8806,0.6885,0.8111,20,54,13,12,0.7475,0.625,0.806,0.6154,0.7719,22,59,8,10,0.8182,0.6875,0.8806,0.7097,0.7773,20,58,9,12,0.7879,0.625,0.8657,0.6557,0.8451,19,72,3,8,0.8922,0.7037,0.96,0.7755,0.8765,23,73,2,4,0.9412,0.8519,0.9733,0.8846,0.8815,20,70,5,7,0.8824,0.7407,0.9333,0.7692,0.8711,16,73,2,11,0.8725,0.5926,0.9733,0.7111,0.879,20,68,7,7,0.8627,0.7407,0.9067,0.7407,0.8795,26,36,10,12,0.7381,0.6842,0.7826,0.7027,0.8015,25,35,11,13,0.7143,0.6579,0.7609,0.6757,0.8055,28,34,12,10,0.7381,0.7368,0.7391,0.7179,0.8164,27,39,7,11,0.7857,0.7105,0.8478,0.75,0.8129,28,35,11,10,0.75,0.7368,0.7609,0.7273,0.8518,27,53,3,3,0.9302,0.9,0.9464,0.9,0.9417,25,53,3,5,0.907,0.8333,0.9464,0.8621,0.9393,27,52,4,3,0.9186,0.9,0.9286,0.8852,0.9333,25,52,4,5,0.8953,0.8333,0.9286,0.8475,0.9464,27,53,3,3,0.9302,0.9,0.9464,0.9,0.9405
511,21,59,7,12,0.8081,0.6364,0.8939,0.6885,0.8039,21,62,4,12,0.8384,0.6364,0.9394,0.7241,0.8039,21,58,8,12,0.798,0.6364,0.8788,0.6774,0.798,21,62,4,12,0.8384,0.6364,0.9394,0.7241,0.7984,21,59,7,12,0.8081,0.6364,0.8939,0.6885,0.8095,23,63,6,10,0.8431,0.697,0.913,0.7419,0.8634,25,63,6,8,0.8627,0.7576,0.913,0.7812,0.9082,19,62,7,14,0.7941,0.5758,0.8986,0.6441,0.8621,18,65,4,15,0.8137,0.5455,0.942,0.6545,0.8977,19,61,8,14,0.7843,0.5758,0.8841,0.6333,0.8731,18,54,6,6,0.8571,0.75,0.9,0.75,0.8229,17,53,7,7,0.8333,0.7083,0.8833,0.7083,0.866,17,48,12,7,0.7738,0.7083,0.8,0.6415,0.825,18,53,7,6,0.8452,0.75,0.8833,0.7347,0.859,17,52,8,7,0.8214,0.7083,0.8667,0.6939,0.8764,22,55,5,4,0.8953,0.8462,0.9167,0.8302,0.8487,21,55,5,5,0.8837,0.8077,0.9167,0.8077,0.8288,22,54,6,4,0.8837,0.8462,0.9,0.8148,0.8923,21,54,6,5,0.8721,0.8077,0.9,0.7925,0.9128,22,55,5,4,0.8953,0.8462,0.9167,0.8302,0.8583
512,22,57,10,10,0.798,0.6875,0.8507,0.6875,0.8633,19,62,5,13,0.8182,0.5938,0.9254,0.6786,0.8834,18,56,11,14,0.7475,0.5625,0.8358,0.5902,0.8489,22,62,5,10,0.8485,0.6875,0.9254,0.7458,0.8899,18,58,9,14,0.7677,0.5625,0.8657,0.6102,0.8806,16,69,7,10,0.8333,0.6154,0.9079,0.6531,0.8057,18,66,10,8,0.8235,0.6923,0.8684,0.6667,0.792,16,64,12,10,0.7843,0.6154,0.8421,0.5926,0.7606,14,69,7,12,0.8137,0.5385,0.9079,0.5957,0.789,16,61,15,10,0.7549,0.6154,0.8026,0.5614,0.7702,12,51,6,15,0.75,0.4444,0.8947,0.5333,0.7667,14,47,10,13,0.7262,0.5185,0.8246,0.549,0.7875,16,45,12,11,0.7262,0.5926,0.7895,0.5818,0.8005,14,49,8,13,0.75,0.5185,0.8596,0.5714,0.8038,16,48,9,11,0.7619,0.5926,0.8421,0.6154,0.835,23,49,8,6,0.8372,0.7931,0.8596,0.7667,0.8463,23,47,10,6,0.814,0.7931,0.8246,0.7419,0.8034,23,46,11,6,0.8023,0.7931,0.807,0.7302,0.8675,23,46,11,6,0.8023,0.7931,0.807,0.7302,0.8875,23,47,10,6,0.814,0.7931,0.8246,0.7419,0.8445
513,16,58,12,13,0.7475,0.5517,0.8286,0.5614,0.7399,15,64,6,14,0.798,0.5172,0.9143,0.6,0.7488,15,61,9,14,0.7677,0.5172,0.8714,0.566,0.7148,16,64,6,13,0.8081,0.5517,0.9143,0.6275,0.7131,15,58,12,14,0.7374,0.5172,0.8286,0.5357,0.7581,11,75,6,10,0.8431,0.5238,0.9259,0.5789,0.6855,11,75,6,10,0.8431,0.5238,0.9259,0.5789,0.7049,10,73,8,11,0.8137,0.4762,0.9012,0.5128,0.6796,10,79,2,11,0.8725,0.4762,0.9753,0.6061,0.6884,10,72,9,11,0.8039,0.4762,0.8889,0.5,0.6896,30,43,1,10,0.869,0.75,0.9773,0.8451,0.9097,31,36,8,9,0.7976,0.775,0.8182,0.7848,0.9091,33,32,12,7,0.7738,0.825,0.7273,0.7765,0.8773,33,34,10,7,0.7976,0.825,0.7727,0.7952,0.9051,33,34,10,7,0.7976,0.825,0.7727,0.7952,0.8665,24,59,1,2,0.9651,0.9231,0.9833,0.9412,0.9712,22,58,2,4,0.9302,0.8462,0.9667,0.88,0.9551,24,58,2,2,0.9535,0.9231,0.9667,0.9231,0.9641,22,58,2,4,0.9302,0.8462,0.9667,0.88,0.9769,24,58,2,2,0.9535,0.9231,0.9667,0.9231,0.9679
514,31,50,7,11,0.8182,0.7381,0.8772,0.775,0.8592,25,53,4,17,0.7879,0.5952,0.9298,0.7042,0.9039,30,49,8,12,0.798,0.7143,0.8596,0.75,0.8697,31,53,4,11,0.8485,0.7381,0.9298,0.8052,0.8605,30,52,5,12,0.8283,0.7143,0.9123,0.7792,0.9127,19,68,4,11,0.8529,0.6333,0.9444,0.717,0.8375,23,66,6,7,0.8725,0.7667,0.9167,0.7797,0.8931,18,63,9,12,0.7941,0.6,0.875,0.6316,0.8412,18,67,5,12,0.8333,0.6,0.9306,0.6792,0.8824,18,60,12,12,0.7647,0.6,0.8333,0.6,0.8657,21,46,7,10,0.7976,0.6774,0.8679,0.7119,0.8247,20,42,11,11,0.7381,0.6452,0.7925,0.6452,0.8795,22,39,14,9,0.7262,0.7097,0.7358,0.6567,0.8503,20,43,10,11,0.75,0.6452,0.8113,0.6557,0.8685,22,41,12,9,0.75,0.7097,0.7736,0.6769,0.8746,23,55,5,3,0.907,0.8846,0.9167,0.8519,0.8859,23,51,9,3,0.8605,0.8846,0.85,0.7931,0.8635,23,51,9,3,0.8605,0.8846,0.85,0.7931,0.8795,23,51,9,3,0.8605,0.8846,0.85,0.7931,0.8827,23,51,9,3,0.8605,0.8846,0.85,0.7931,0.884
515,32,53,10,4,0.8586,0.8889,0.8413,0.8205,0.9096,28,58,5,8,0.8687,0.7778,0.9206,0.8116,0.9202,28,53,10,8,0.8182,0.7778,0.8413,0.7568,0.8937,32,58,5,4,0.9091,0.8889,0.9206,0.8767,0.9142,28,54,9,8,0.8283,0.7778,0.8571,0.7671,0.9281,17,76,3,6,0.9118,0.7391,0.962,0.7907,0.7837,17,76,3,6,0.9118,0.7391,0.962,0.7907,0.8184,14,73,6,9,0.8529,0.6087,0.9241,0.6512,0.7903,14,78,1,9,0.902,0.6087,0.9873,0.7368,0.7931,14,73,6,9,0.8529,0.6087,0.9241,0.6512,0.8129,20,53,3,8,0.869,0.7143,0.9464,0.7843,0.8673,21,48,8,7,0.8214,0.75,0.8571,0.7368,0.9222,22,49,7,6,0.8452,0.7857,0.875,0.7719,0.8909,22,49,7,6,0.8452,0.7857,0.875,0.7719,0.9133,22,49,7,6,0.8452,0.7857,0.875,0.7719,0.905,19,57,5,5,0.8837,0.7917,0.9194,0.7917,0.918,18,54,8,6,0.8372,0.75,0.871,0.72,0.9133,19,54,8,5,0.8488,0.7917,0.871,0.7451,0.9032,18,54,8,6,0.8372,0.75,0.871,0.72,0.9173,19,54,8,5,0.8488,0.7917,0.871,0.7451,0.922
516,24,55,13,7,0.798,0.7742,0.8088,0.7059,0.8359,21,62,6,10,0.8384,0.6774,0.9118,0.7241,0.8392,23,57,11,8,0.8081,0.7419,0.8382,0.7077,0.8344,24,62,6,7,0.8687,0.7742,0.9118,0.7869,0.8349,23,58,10,8,0.8182,0.7419,0.8529,0.7188,0.842,17,64,10,11,0.7941,0.6071,0.8649,0.6182,0.8875,23,69,5,5,0.902,0.8214,0.9324,0.8214,0.9097,18,68,6,10,0.8431,0.6429,0.9189,0.6923,0.8499,15,72,2,13,0.8529,0.5357,0.973,0.6667,0.8962,18,66,8,10,0.8235,0.6429,0.8919,0.6667,0.8866,15,50,6,13,0.7738,0.5357,0.8929,0.6122,0.7564,15,46,10,13,0.7262,0.5357,0.8214,0.566,0.7889,16,38,18,12,0.6429,0.5714,0.6786,0.5161,0.7672,18,47,9,10,0.7738,0.6429,0.8393,0.6545,0.7997,16,39,17,12,0.6548,0.5714,0.6964,0.5246,0.7902,32,46,1,7,0.907,0.8205,0.9787,0.8889,0.8996,29,44,3,10,0.8488,0.7436,0.9362,0.8169,0.8652,32,41,6,7,0.8488,0.8205,0.8723,0.8312,0.8893,29,41,6,10,0.814,0.7436,0.8723,0.7838,0.9193,32,44,3,7,0.8837,0.8205,0.9362,0.8649,0.9007
517,34,45,12,8,0.798,0.8095,0.7895,0.7727,0.8333,31,48,9,11,0.798,0.7381,0.8421,0.7561,0.8237,33,45,12,9,0.7879,0.7857,0.7895,0.7586,0.8091,34,48,9,8,0.8283,0.8095,0.8421,0.8,0.8114,33,47,10,9,0.8081,0.7857,0.8246,0.7765,0.8471,23,68,3,8,0.8922,0.7419,0.9577,0.807,0.9332,27,70,1,4,0.951,0.871,0.9859,0.9153,0.9423,22,67,4,9,0.8725,0.7097,0.9437,0.7719,0.9196,20,70,1,11,0.8824,0.6452,0.9859,0.7692,0.9341,22,66,5,9,0.8627,0.7097,0.9296,0.7586,0.9219,16,46,10,12,0.7381,0.5714,0.8214,0.5926,0.7411,17,42,14,11,0.7024,0.6071,0.75,0.5763,0.764,18,38,18,10,0.6667,0.6429,0.6786,0.5625,0.7545,18,41,15,10,0.7024,0.6429,0.7321,0.5902,0.7761,18,40,16,10,0.6905,0.6429,0.7143,0.5806,0.7806,21,55,5,5,0.8837,0.8077,0.9167,0.8077,0.8929,20,54,6,6,0.8605,0.7692,0.9,0.7692,0.8679,21,52,8,5,0.8488,0.8077,0.8667,0.7636,0.8872,20,52,8,6,0.8372,0.7692,0.8667,0.7407,0.9192,21,54,6,5,0.8721,0.8077,0.9,0.7925,0.8821
518,23,54,11,11,0.7778,0.6765,0.8308,0.6765,0.7828,18,57,8,16,0.7576,0.5294,0.8769,0.6,0.8326,20,53,12,14,0.7374,0.5882,0.8154,0.6061,0.7968,23,57,8,11,0.8081,0.6765,0.8769,0.7077,0.7824,20,57,8,14,0.7778,0.5882,0.8769,0.6452,0.843,14,72,6,10,0.8431,0.5833,0.9231,0.6364,0.8082,18,71,7,6,0.8725,0.75,0.9103,0.7347,0.859,14,70,8,10,0.8235,0.5833,0.8974,0.6087,0.8066,13,71,7,11,0.8235,0.5417,0.9103,0.5909,0.8392,14,66,12,10,0.7843,0.5833,0.8462,0.56,0.8253,22,43,9,10,0.7738,0.6875,0.8269,0.6984,0.8359,22,35,17,10,0.6786,0.6875,0.6731,0.6197,0.8221,23,34,18,9,0.6786,0.7188,0.6538,0.6301,0.8251,25,36,16,7,0.7262,0.7812,0.6923,0.6849,0.8161,23,38,14,9,0.7262,0.7188,0.7308,0.6667,0.8101,15,64,5,2,0.9186,0.8824,0.9275,0.8108,0.9241,12,63,6,5,0.8721,0.7059,0.913,0.6857,0.9028,15,60,9,2,0.8721,0.8824,0.8696,0.7317,0.8986,12,60,9,5,0.8372,0.7059,0.8696,0.6316,0.9113,15,63,6,2,0.907,0.8824,0.913,0.7895,0.9241
519,26,58,12,3,0.8485,0.8966,0.8286,0.7761,0.9079,24,64,6,5,0.8889,0.8276,0.9143,0.8136,0.9133,24,59,11,5,0.8384,0.8276,0.8429,0.75,0.8709,26,64,6,3,0.9091,0.8966,0.9143,0.8525,0.9027,24,62,8,5,0.8687,0.8276,0.8857,0.7869,0.9059,25,64,6,7,0.8725,0.7812,0.9143,0.7937,0.8371,25,65,5,7,0.8824,0.7812,0.9286,0.8065,0.8732,24,67,3,8,0.8922,0.75,0.9571,0.8136,0.85,24,67,3,8,0.8922,0.75,0.9571,0.8136,0.8603,24,65,5,8,0.8725,0.75,0.9286,0.7869,0.8589,17,53,5,9,0.8333,0.6538,0.9138,0.7083,0.7759,17,47,11,9,0.7619,0.6538,0.8103,0.6296,0.8727,17,46,12,9,0.75,0.6538,0.7931,0.6182,0.7527,19,50,8,7,0.8214,0.7308,0.8621,0.717,0.8057,17,49,9,9,0.7857,0.6538,0.8448,0.6538,0.8249,19,61,3,3,0.9302,0.8636,0.9531,0.8636,0.9396,17,60,4,5,0.8953,0.7727,0.9375,0.7907,0.9205,19,58,6,3,0.8953,0.8636,0.9062,0.8085,0.924,17,58,6,5,0.8721,0.7727,0.9062,0.7556,0.946,19,60,4,3,0.9186,0.8636,0.9375,0.8444,0.9325
520,26,50,17,6,0.7677,0.8125,0.7463,0.6933,0.8475,23,56,11,9,0.798,0.7188,0.8358,0.697,0.8307,20,51,16,12,0.7172,0.625,0.7612,0.5882,0.7994,26,56,11,6,0.8283,0.8125,0.8358,0.7536,0.8368,20,53,14,12,0.7374,0.625,0.791,0.6061,0.8442,17,73,6,6,0.8824,0.7391,0.9241,0.7391,0.8371,17,74,5,6,0.8922,0.7391,0.9367,0.7556,0.8222,15,74,5,8,0.8725,0.6522,0.9367,0.6977,0.809,15,75,4,8,0.8824,0.6522,0.9494,0.7143,0.8217,15,72,7,8,0.8529,0.6522,0.9114,0.6667,0.8145,22,48,6,8,0.8333,0.7333,0.8889,0.7586,0.9191,23,46,8,7,0.8214,0.7667,0.8519,0.7541,0.9185,24,45,9,6,0.8214,0.8,0.8333,0.7619,0.9296,23,50,4,7,0.869,0.7667,0.9259,0.807,0.9383,24,50,4,6,0.881,0.8,0.9259,0.8276,0.9204,24,54,4,4,0.907,0.8571,0.931,0.8571,0.9119,24,53,5,4,0.8953,0.8571,0.9138,0.8421,0.9095,24,50,8,4,0.8605,0.8571,0.8621,0.8,0.9083,24,50,8,4,0.8605,0.8571,0.8621,0.8,0.9193,24,53,5,4,0.8953,0.8571,0.9138,0.8421,0.9144
521,29,48,11,11,0.7778,0.725,0.8136,0.725,0.8195,24,52,7,16,0.7677,0.6,0.8814,0.6761,0.8475,27,47,12,13,0.7475,0.675,0.7966,0.6835,0.8195,29,52,7,11,0.8182,0.725,0.8814,0.7632,0.8203,27,51,8,13,0.7879,0.675,0.8644,0.72,0.8347,17,73,2,10,0.8824,0.6296,0.9733,0.7391,0.8632,21,71,4,6,0.902,0.7778,0.9467,0.8077,0.8835,19,71,4,8,0.8824,0.7037,0.9467,0.76,0.8509,16,71,4,11,0.8529,0.5926,0.9467,0.6809,0.8884,19,70,5,8,0.8725,0.7037,0.9333,0.7451,0.8598,17,47,8,12,0.7619,0.5862,0.8545,0.6296,0.7655,17,43,12,12,0.7143,0.5862,0.7818,0.5862,0.7981,19,40,15,10,0.7024,0.6552,0.7273,0.6032,0.7975,17,43,12,12,0.7143,0.5862,0.7818,0.5862,0.8188,19,41,14,10,0.7143,0.6552,0.7455,0.6129,0.8119,19,55,8,4,0.8605,0.8261,0.873,0.76,0.8834,19,55,8,4,0.8605,0.8261,0.873,0.76,0.8806,19,55,8,4,0.8605,0.8261,0.873,0.76,0.8958,19,55,8,4,0.8605,0.8261,0.873,0.76,0.9255,19,55,8,4,0.8605,0.8261,0.873,0.76,0.8716
522,33,50,11,5,0.8384,0.8684,0.8197,0.8049,0.8921,31,56,5,7,0.8788,0.8158,0.918,0.8378,0.89,30,49,12,8,0.798,0.7895,0.8033,0.75,0.8637,33,56,5,5,0.899,0.8684,0.918,0.8684,0.8921,30,50,11,8,0.8081,0.7895,0.8197,0.7595,0.8943,20,71,6,5,0.8922,0.8,0.9221,0.7843,0.9392,22,71,6,3,0.9118,0.88,0.9221,0.8302,0.9569,22,72,5,3,0.9216,0.88,0.9351,0.8462,0.9392,20,73,4,5,0.9118,0.8,0.9481,0.8163,0.9512,22,67,10,3,0.8725,0.88,0.8701,0.7719,0.9361,31,34,5,14,0.7738,0.6889,0.8718,0.7654,0.8154,32,32,7,13,0.7619,0.7111,0.8205,0.7619,0.8672,34,30,9,11,0.7619,0.7556,0.7692,0.7727,0.8433,32,33,6,13,0.7738,0.7111,0.8462,0.7711,0.8473,34,32,7,11,0.7857,0.7556,0.8205,0.7907,0.8667,18,63,2,3,0.9419,0.8571,0.9692,0.878,0.9333,18,59,6,3,0.8953,0.8571,0.9077,0.8,0.9172,18,58,7,3,0.8837,0.8571,0.8923,0.7826,0.9201,18,58,7,3,0.8837,0.8571,0.8923,0.7826,0.9355,18,59,6,3,0.8953,0.8571,0.9077,0.8,0.9385
523,30,48,12,9,0.7879,0.7692,0.8,0.7407,0.7919,22,53,7,17,0.7576,0.5641,0.8833,0.6471,0.8419,23,47,13,16,0.7071,0.5897,0.7833,0.6133,0.7769,30,53,7,9,0.8384,0.7692,0.8833,0.7895,0.7882,23,52,8,16,0.7576,0.5897,0.8667,0.6571,0.8466,22,71,3,6,0.9118,0.7857,0.9595,0.8302,0.9054,24,67,7,4,0.8922,0.8571,0.9054,0.8136,0.9006,21,70,4,7,0.8922,0.75,0.9459,0.7925,0.8856,20,67,7,8,0.8529,0.7143,0.9054,0.7273,0.8996,21,65,9,7,0.8431,0.75,0.8784,0.7241,0.8948,14,56,7,7,0.8333,0.6667,0.8889,0.6667,0.774,15,45,18,6,0.7143,0.7143,0.7143,0.5556,0.8284,15,43,20,6,0.6905,0.7143,0.6825,0.5357,0.7627,16,49,14,5,0.7738,0.7619,0.7778,0.6275,0.7891,15,52,11,6,0.7976,0.7143,0.8254,0.6383,0.8277,18,59,5,4,0.8953,0.8182,0.9219,0.8,0.8729,17,59,5,5,0.8837,0.7727,0.9219,0.7727,0.8501,18,58,6,4,0.8837,0.8182,0.9062,0.7826,0.8764,17,58,6,5,0.8721,0.7727,0.9062,0.7556,0.892,18,59,5,4,0.8953,0.8182,0.9219,0.8,0.8786
524,24,53,11,11,0.7778,0.6857,0.8281,0.6857,0.8781,21,60,4,14,0.8182,0.6,0.9375,0.7,0.8987,24,53,11,11,0.7778,0.6857,0.8281,0.6857,0.8683,24,60,4,11,0.8485,0.6857,0.9375,0.7619,0.8743,24,60,4,11,0.8485,0.6857,0.9375,0.7619,0.8888,11,81,2,8,0.902,0.5789,0.9759,0.6875,0.7724,13,80,3,6,0.9118,0.6842,0.9639,0.7429,0.8022,12,78,5,7,0.8824,0.6316,0.9398,0.6667,0.7945,10,80,3,9,0.8824,0.5263,0.9639,0.625,0.7819,12,78,5,7,0.8824,0.6316,0.9398,0.6667,0.8072,14,48,6,16,0.7381,0.4667,0.8889,0.56,0.7654,14,40,14,16,0.6429,0.4667,0.7407,0.4828,0.771,16,37,17,14,0.631,0.5333,0.6852,0.5079,0.7512,17,41,13,13,0.6905,0.5667,0.7593,0.5667,0.7864,16,39,15,14,0.6548,0.5333,0.7222,0.5246,0.7716,29,47,5,5,0.8837,0.8529,0.9038,0.8529,0.8982,26,44,8,8,0.814,0.7647,0.8462,0.7647,0.9044,29,41,11,5,0.814,0.8529,0.7885,0.7838,0.8716,26,41,11,8,0.7791,0.7647,0.7885,0.7324,0.8818,29,44,8,5,0.8488,0.8529,0.8462,0.8169,0.8982
525,30,56,8,5,0.8687,0.8571,0.875,0.8219,0.9254,29,60,4,6,0.899,0.8286,0.9375,0.8529,0.9299,30,56,8,5,0.8687,0.8571,0.875,0.8219,0.917,30,60,4,5,0.9091,0.8571,0.9375,0.8696,0.9279,30,58,6,5,0.8889,0.8571,0.9062,0.8451,0.9295,19,65,9,9,0.8235,0.6786,0.8784,0.6786,0.8793,24,67,7,4,0.8922,0.8571,0.9054,0.8136,0.9155,18,66,8,10,0.8235,0.6429,0.8919,0.6667,0.8441,16,69,5,12,0.8333,0.5714,0.9324,0.6531,0.8943,18,65,9,10,0.8137,0.6429,0.8784,0.6545,0.8673,15,52,6,11,0.7976,0.5769,0.8966,0.6383,0.7613,17,45,13,9,0.7381,0.6538,0.7759,0.6071,0.7885,17,41,17,9,0.6905,0.6538,0.7069,0.5667,0.7719,17,47,11,9,0.7619,0.6538,0.8103,0.6296,0.8097,17,42,16,9,0.7024,0.6538,0.7241,0.5763,0.8196,16,62,4,4,0.907,0.8,0.9394,0.8,0.9152,16,61,5,4,0.8953,0.8,0.9242,0.7805,0.9068,16,61,5,4,0.8953,0.8,0.9242,0.7805,0.8924,16,61,5,4,0.8953,0.8,0.9242,0.7805,0.9212,16,61,5,4,0.8953,0.8,0.9242,0.7805,0.9121
526,31,50,8,10,0.8182,0.7561,0.8621,0.775,0.8457,29,51,7,12,0.8081,0.7073,0.8793,0.7532,0.8692,29,50,8,12,0.798,0.7073,0.8621,0.7436,0.831,31,51,7,10,0.8283,0.7561,0.8793,0.7848,0.8318,29,50,8,12,0.798,0.7073,0.8621,0.7436,0.8684,14,72,2,14,0.8431,0.5,0.973,0.6364,0.8234,18,71,3,10,0.8725,0.6429,0.9595,0.7347,0.8441,16,72,2,12,0.8627,0.5714,0.973,0.6957,0.8214,13,72,2,15,0.8333,0.4643,0.973,0.6047,0.8485,16,70,4,12,0.8431,0.5714,0.9459,0.6667,0.8581,19,45,7,13,0.7619,0.5938,0.8654,0.6552,0.771,19,36,16,13,0.6548,0.5938,0.6923,0.5672,0.7692,20,33,19,12,0.631,0.625,0.6346,0.5634,0.7782,20,38,14,12,0.6905,0.625,0.7308,0.6061,0.7855,20,38,14,12,0.6905,0.625,0.7308,0.6061,0.7776,24,55,2,5,0.9186,0.8276,0.9649,0.8727,0.9165,23,54,3,6,0.8953,0.7931,0.9474,0.8364,0.8784,24,54,3,5,0.907,0.8276,0.9474,0.8571,0.9183,23,54,3,6,0.8953,0.7931,0.9474,0.8364,0.9413,24,54,3,5,0.907,0.8276,0.9474,0.8571,0.922
527,16,55,15,13,0.7172,0.5517,0.7857,0.5333,0.7394,13,58,12,16,0.7172,0.4483,0.8286,0.4815,0.7296,16,53,17,13,0.697,0.5517,0.7571,0.5161,0.6936,16,58,12,13,0.7475,0.5517,0.8286,0.5614,0.7392,16,57,13,13,0.7374,0.5517,0.8143,0.5517,0.769,14,73,2,13,0.8529,0.5185,0.9733,0.6512,0.8138,17,72,3,10,0.8725,0.6296,0.96,0.7234,0.8138,13,70,5,14,0.8137,0.4815,0.9333,0.5778,0.7822,12,73,2,15,0.8333,0.4444,0.9733,0.5854,0.8005,13,69,6,14,0.8039,0.4815,0.92,0.5652,0.8133,26,45,4,9,0.8452,0.7429,0.9184,0.8,0.8571,22,43,6,13,0.7738,0.6286,0.8776,0.6984,0.8816,22,42,7,13,0.7619,0.6286,0.8571,0.6875,0.8589,23,45,4,12,0.8095,0.6571,0.9184,0.7419,0.8845,22,43,6,13,0.7738,0.6286,0.8776,0.6984,0.8688,17,62,4,3,0.9186,0.85,0.9394,0.8293,0.8591,16,62,4,4,0.907,0.8,0.9394,0.8,0.8303,17,62,4,3,0.9186,0.85,0.9394,0.8293,0.9098,16,62,4,4,0.907,0.8,0.9394,0.8,0.922,17,62,4,3,0.9186,0.85,0.9394,0.8293,0.8583
528,29,58,8,4,0.8788,0.8788,0.8788,0.8286,0.9192,27,60,6,6,0.8788,0.8182,0.9091,0.8182,0.9316,29,60,6,4,0.899,0.8788,0.9091,0.8529,0.9031,29,60,6,4,0.899,0.8788,0.9091,0.8529,0.9141,29,59,7,4,0.8889,0.8788,0.8939,0.8406,0.9454,20,66,6,10,0.8431,0.6667,0.9167,0.7143,0.7986,21,70,2,9,0.8922,0.7,0.9722,0.7925,0.9134,18,68,4,12,0.8431,0.6,0.9444,0.6923,0.8282,18,71,1,12,0.8725,0.6,0.9861,0.7347,0.8731,18,65,7,12,0.8137,0.6,0.9028,0.6545,0.8556,30,45,5,4,0.8929,0.8824,0.9,0.8696,0.9076,31,37,13,3,0.8095,0.9118,0.74,0.7949,0.9429,31,35,15,3,0.7857,0.9118,0.7,0.775,0.8776,32,41,9,2,0.869,0.9412,0.82,0.8533,0.9388,31,36,14,3,0.7976,0.9118,0.72,0.7848,0.9076,24,55,1,6,0.9186,0.8,0.9821,0.8727,0.9446,23,54,2,7,0.8953,0.7667,0.9643,0.8364,0.9387,24,54,2,6,0.907,0.8,0.9643,0.8571,0.9113,23,54,2,7,0.8953,0.7667,0.9643,0.8364,0.9506,24,54,2,6,0.907,0.8,0.9643,0.8571,0.9542
529,22,56,10,11,0.7879,0.6667,0.8485,0.6769,0.8416,20,58,8,13,0.7879,0.6061,0.8788,0.6557,0.8682,22,55,11,11,0.7778,0.6667,0.8333,0.6667,0.8306,22,58,8,11,0.8081,0.6667,0.8788,0.6984,0.8301,22,58,8,11,0.8081,0.6667,0.8788,0.6984,0.8719,21,71,3,7,0.902,0.75,0.9595,0.8077,0.8847,23,69,5,5,0.902,0.8214,0.9324,0.8214,0.8842,18,67,7,10,0.8333,0.6429,0.9054,0.6792,0.861,17,69,5,11,0.8431,0.6071,0.9324,0.68,0.8726,18,65,9,10,0.8137,0.6429,0.8784,0.6545,0.8586,23,42,6,13,0.7738,0.6389,0.875,0.7077,0.7807,24,39,9,12,0.75,0.6667,0.8125,0.6957,0.8328,25,37,11,11,0.7381,0.6944,0.7708,0.6944,0.7969,24,41,7,12,0.7738,0.6667,0.8542,0.7164,0.8218,25,38,10,11,0.75,0.6944,0.7917,0.7042,0.8328,17,60,7,2,0.8953,0.8947,0.8955,0.7907,0.9269,17,59,8,2,0.8837,0.8947,0.8806,0.7727,0.9262,17,59,8,2,0.8837,0.8947,0.8806,0.7727,0.9089,17,59,8,2,0.8837,0.8947,0.8806,0.7727,0.9183,17,59,8,2,0.8837,0.8947,0.8806,0.7727,0.9246
530,25,51,13,10,0.7677,0.7143,0.7969,0.6849,0.8571,23,55,9,12,0.7879,0.6571,0.8594,0.6866,0.8688,24,51,13,11,0.7576,0.6857,0.7969,0.6667,0.8504,25,55,9,10,0.8081,0.7143,0.8594,0.7246,0.8612,24,53,11,11,0.7778,0.6857,0.8281,0.6857,0.8929,21,72,4,5,0.9118,0.8077,0.9474,0.8235,0.8861,22,72,4,4,0.9216,0.8462,0.9474,0.8462,0.9266,18,71,5,8,0.8725,0.6923,0.9342,0.7347,0.9023,18,73,3,8,0.8922,0.6923,0.9605,0.766,0.9124,18,71,5,8,0.8725,0.6923,0.9342,0.7347,0.9251,18,43,7,16,0.7262,0.5294,0.86,0.6102,0.7247,19,38,12,15,0.6786,0.5588,0.76,0.5846,0.81,21,37,13,13,0.6905,0.6176,0.74,0.6176,0.7412,19,42,8,15,0.7262,0.5588,0.84,0.623,0.7894,21,38,12,13,0.7024,0.6176,0.76,0.6269,0.7665,18,62,4,2,0.9302,0.9,0.9394,0.8571,0.9045,18,59,7,2,0.8953,0.9,0.8939,0.8,0.9091,18,57,9,2,0.8721,0.9,0.8636,0.766,0.9053,18,57,9,2,0.8721,0.9,0.8636,0.766,0.9341,18,59,7,2,0.8953,0.9,0.8939,0.8,0.9182
531,24,54,13,8,0.7879,0.75,0.806,0.6957,0.834,22,56,11,10,0.7879,0.6875,0.8358,0.6769,0.8442,22,52,15,10,0.7475,0.6875,0.7761,0.6377,0.8055,24,56,11,8,0.8081,0.75,0.8358,0.7164,0.813,22,54,13,10,0.7677,0.6875,0.806,0.6567,0.8535,19,67,5,11,0.8431,0.6333,0.9306,0.7037,0.8056,21,67,5,9,0.8627,0.7,0.9306,0.75,0.8069,17,66,6,13,0.8137,0.5667,0.9167,0.6415,0.7991,15,69,3,15,0.8235,0.5,0.9583,0.625,0.7986,17,65,7,13,0.8039,0.5667,0.9028,0.6296,0.8116,21,48,5,10,0.8214,0.6774,0.9057,0.7368,0.8618,22,44,9,9,0.7857,0.7097,0.8302,0.7097,0.8588,23,40,13,8,0.75,0.7419,0.7547,0.6866,0.8746,24,46,7,7,0.8333,0.7742,0.8679,0.7742,0.8685,23,45,8,8,0.8095,0.7419,0.8491,0.7419,0.8837,24,58,3,1,0.9535,0.96,0.9508,0.9231,0.9548,22,57,4,3,0.9186,0.88,0.9344,0.8627,0.941,24,57,4,1,0.9419,0.96,0.9344,0.9057,0.9692,22,57,4,3,0.9186,0.88,0.9344,0.8627,0.9633,24,57,4,1,0.9419,0.96,0.9344,0.9057,0.9574
532,29,49,14,7,0.7879,0.8056,0.7778,0.7342,0.8836,26,54,9,10,0.8081,0.7222,0.8571,0.7324,0.8704,28,51,12,8,0.798,0.7778,0.8095,0.7368,0.8602,29,54,9,7,0.8384,0.8056,0.8571,0.7838,0.8737,28,51,12,8,0.798,0.7778,0.8095,0.7368,0.8955,17,73,5,7,0.8824,0.7083,0.9359,0.7391,0.8873,20,76,2,4,0.9412,0.8333,0.9744,0.8696,0.9231,19,71,7,5,0.8824,0.7917,0.9103,0.76,0.883,17,77,1,7,0.9216,0.7083,0.9872,0.8095,0.9103,19,70,8,5,0.8725,0.7917,0.8974,0.7451,0.8953,21,46,8,9,0.7976,0.7,0.8519,0.7119,0.7796,23,40,14,7,0.75,0.7667,0.7407,0.6866,0.8191,23,37,17,7,0.7143,0.7667,0.6852,0.6571,0.7846,23,46,8,7,0.8214,0.7667,0.8519,0.7541,0.8179,23,42,12,7,0.7738,0.7667,0.7778,0.7077,0.7938,20,58,4,4,0.907,0.8333,0.9355,0.8333,0.9288,20,58,4,4,0.907,0.8333,0.9355,0.8333,0.9026,20,58,4,4,0.907,0.8333,0.9355,0.8333,0.9099,20,58,4,4,0.907,0.8333,0.9355,0.8333,0.9483,20,58,4,4,0.907,0.8333,0.9355,0.8333,0.9214
533,21,55,14,9,0.7677,0.7,0.7971,0.6462,0.8184,18,56,13,12,0.7475,0.6,0.8116,0.5902,0.815,20,53,16,10,0.7374,0.6667,0.7681,0.6061,0.815,21,56,13,9,0.7778,0.7,0.8116,0.6562,0.7959,20,55,14,10,0.7576,0.6667,0.7971,0.625,0.8536,23,71,5,3,0.9216,0.8846,0.9342,0.8519,0.9271,24,71,5,2,0.9314,0.9231,0.9342,0.8727,0.9231,20,72,4,6,0.902,0.7692,0.9474,0.8,0.9049,20,72,4,6,0.902,0.7692,0.9474,0.8,0.9291,20,67,9,6,0.8529,0.7692,0.8816,0.7273,0.9069,22,47,5,10,0.8214,0.6875,0.9038,0.7458,0.8269,22,43,9,10,0.7738,0.6875,0.8269,0.6984,0.8624,23,35,17,9,0.6905,0.7188,0.6731,0.6389,0.8149,24,48,4,8,0.8571,0.75,0.9231,0.8,0.8708,23,43,9,9,0.7857,0.7188,0.8269,0.7188,0.8588,19,60,4,3,0.9186,0.8636,0.9375,0.8444,0.924,17,60,4,5,0.8953,0.7727,0.9375,0.7907,0.9183,19,59,5,3,0.907,0.8636,0.9219,0.8261,0.9183,17,59,5,5,0.8837,0.7727,0.9219,0.7727,0.9425,19,60,4,3,0.9186,0.8636,0.9375,0.8444,0.9361
534,18,60,12,9,0.7879,0.6667,0.8333,0.6316,0.8524,14,64,8,13,0.7879,0.5185,0.8889,0.5714,0.8729,15,59,13,12,0.7475,0.5556,0.8194,0.5455,0.8338,18,64,8,9,0.8283,0.6667,0.8889,0.6792,0.8426,15,62,10,12,0.7778,0.5556,0.8611,0.5769,0.876,18,76,2,6,0.9216,0.75,0.9744,0.8182,0.8697,20,73,5,4,0.9118,0.8333,0.9359,0.8163,0.8622,20,72,6,4,0.902,0.8333,0.9231,0.8,0.8649,18,73,5,6,0.8922,0.75,0.9359,0.766,0.8777,20,68,10,4,0.8627,0.8333,0.8718,0.7407,0.8814,17,51,7,9,0.8095,0.6538,0.8793,0.68,0.8614,16,48,10,10,0.7619,0.6154,0.8276,0.6154,0.8395,19,46,12,7,0.7738,0.7308,0.7931,0.6667,0.8727,17,50,8,9,0.7976,0.6538,0.8621,0.6667,0.8614,19,51,7,7,0.8333,0.7308,0.8793,0.7308,0.8866,26,58,1,1,0.9767,0.963,0.9831,0.963,0.9912,25,58,1,2,0.9651,0.9259,0.9831,0.9434,0.995,26,58,1,1,0.9767,0.963,0.9831,0.963,0.9887,25,58,1,2,0.9651,0.9259,0.9831,0.9434,0.9906,26,58,1,1,0.9767,0.963,0.9831,0.963,0.9925
535,32,49,13,5,0.8182,0.8649,0.7903,0.7805,0.8766,25,52,10,12,0.7778,0.6757,0.8387,0.6944,0.8854,29,49,13,8,0.7879,0.7838,0.7903,0.7342,0.8701,32,52,10,5,0.8485,0.8649,0.8387,0.8101,0.8775,29,51,11,8,0.8081,0.7838,0.8226,0.7532,0.9054,14,81,2,5,0.9314,0.7368,0.9759,0.8,0.8611,15,79,4,4,0.9216,0.7895,0.9518,0.7895,0.9283,12,76,7,7,0.8627,0.6316,0.9157,0.6316,0.8713,11,80,3,8,0.8922,0.5789,0.9639,0.6667,0.8985,12,73,10,7,0.8333,0.6316,0.8795,0.5854,0.8846,19,51,2,12,0.8333,0.6129,0.9623,0.7308,0.8551,21,47,6,10,0.8095,0.6774,0.8868,0.7241,0.8984,23,45,8,8,0.8095,0.7419,0.8491,0.7419,0.8588,21,46,7,10,0.7976,0.6774,0.8679,0.7119,0.8898,23,47,6,8,0.8333,0.7419,0.8868,0.7667,0.8564,19,59,6,2,0.907,0.9048,0.9077,0.8261,0.9275,19,57,8,2,0.8837,0.9048,0.8769,0.7917,0.9238,19,57,8,2,0.8837,0.9048,0.8769,0.7917,0.9092,19,57,8,2,0.8837,0.9048,0.8769,0.7917,0.9158,19,57,8,2,0.8837,0.9048,0.8769,0.7917,0.9231
536,29,48,13,9,0.7778,0.7632,0.7869,0.725,0.8326,27,52,9,11,0.798,0.7105,0.8525,0.7297,0.855,27,48,13,11,0.7576,0.7105,0.7869,0.6923,0.8128,29,52,9,9,0.8182,0.7632,0.8525,0.7632,0.8248,27,51,10,11,0.7879,0.7105,0.8361,0.72,0.8525,20,68,7,7,0.8627,0.7407,0.9067,0.7407,0.8899,22,67,8,5,0.8725,0.8148,0.8933,0.7719,0.8948,19,66,9,8,0.8333,0.7037,0.88,0.6909,0.8677,17,67,8,10,0.8235,0.6296,0.8933,0.6538,0.8835,19,64,11,8,0.8137,0.7037,0.8533,0.6667,0.8765,24,44,6,10,0.8095,0.7059,0.88,0.75,0.8412,23,38,12,11,0.7262,0.6765,0.76,0.6667,0.8335,25,33,17,9,0.6905,0.7353,0.66,0.6579,0.8224,25,38,12,9,0.75,0.7353,0.76,0.7042,0.8529,25,37,13,9,0.7381,0.7353,0.74,0.6944,0.8141,17,60,4,5,0.8953,0.7727,0.9375,0.7907,0.8999,15,59,5,7,0.8605,0.6818,0.9219,0.7143,0.87,17,59,5,5,0.8837,0.7727,0.9219,0.7727,0.8942,15,59,5,7,0.8605,0.6818,0.9219,0.7143,0.9261,17,59,5,5,0.8837,0.7727,0.9219,0.7727,0.8963
537,26,54,11,8,0.8081,0.7647,0.8308,0.7324,0.8769,24,61,4,10,0.8586,0.7059,0.9385,0.7742,0.8778,24,55,10,10,0.798,0.7059,0.8462,0.7059,0.8602,26,61,4,8,0.8788,0.7647,0.9385,0.8125,0.8846,24,60,5,10,0.8485,0.7059,0.9231,0.7619,0.8905,23,69,2,8,0.902,0.7419,0.9718,0.8214,0.8333,23,69,2,8,0.902,0.7419,0.9718,0.8214,0.8137,23,67,4,8,0.8824,0.7419,0.9437,0.7931,0.8155,23,69,2,8,0.902,0.7419,0.9718,0.8214,0.8269,23,66,5,8,0.8725,0.7419,0.9296,0.7797,0.8169,16,48,7,13,0.7619,0.5517,0.8727,0.6154,0.785,16,41,14,13,0.6786,0.5517,0.7455,0.5424,0.7918,16,38,17,13,0.6429,0.5517,0.6909,0.5161,0.7517,19,44,11,10,0.75,0.6552,0.8,0.6441,0.81,16,40,15,13,0.6667,0.5517,0.7273,0.5333,0.773,24,57,1,4,0.9419,0.8571,0.9828,0.9057,0.9507,21,57,1,7,0.907,0.75,0.9828,0.84,0.9477,24,55,3,4,0.9186,0.8571,0.9483,0.8727,0.9384,21,55,3,7,0.8837,0.75,0.9483,0.8077,0.9575,24,57,1,4,0.9419,0.8571,0.9828,0.9057,0.9557
538,28,43,17,11,0.7172,0.7179,0.7167,0.6667,0.8449,27,49,11,12,0.7677,0.6923,0.8167,0.7013,0.8308,26,44,16,13,0.7071,0.6667,0.7333,0.642,0.8303,28,49,11,11,0.7778,0.7179,0.8167,0.7179,0.8449,26,48,12,13,0.7475,0.6667,0.8,0.6753,0.8594,25,63,5,9,0.8627,0.7353,0.9265,0.7812,0.9191,31,62,6,3,0.9118,0.9118,0.9118,0.8732,0.9057,29,63,5,5,0.902,0.8529,0.9265,0.8529,0.9208,23,63,5,11,0.8431,0.6765,0.9265,0.7419,0.9044,29,60,8,5,0.8725,0.8529,0.8824,0.8169,0.917,21,38,8,17,0.7024,0.5526,0.8261,0.6269,0.7037,19,38,8,19,0.6786,0.5,0.8261,0.5846,0.7511,19,30,16,19,0.5833,0.5,0.6522,0.5205,0.726,22,40,6,16,0.7381,0.5789,0.8696,0.6667,0.7534,19,35,11,19,0.6429,0.5,0.7609,0.5588,0.75,20,61,2,3,0.9419,0.8696,0.9683,0.8889,0.922,16,58,5,7,0.8605,0.6957,0.9206,0.7273,0.893,20,55,8,3,0.8721,0.8696,0.873,0.7843,0.8709,16,55,8,7,0.8256,0.6957,0.873,0.6809,0.8951,20,58,5,3,0.907,0.8696,0.9206,0.8333,0.9193
539,33,50,7,9,0.8384,0.7857,0.8772,0.8049,0.8931,29,52,5,13,0.8182,0.6905,0.9123,0.7632,0.8872,27,48,9,15,0.7576,0.6429,0.8421,0.6923,0.8684,33,52,5,9,0.8586,0.7857,0.9123,0.825,0.8935,27,51,6,15,0.7879,0.6429,0.8947,0.72,0.9094,16,75,5,6,0.8922,0.7273,0.9375,0.7442,0.9085,19,74,6,3,0.9118,0.8636,0.925,0.8085,0.9313,18,71,9,4,0.8725,0.8182,0.8875,0.7347,0.9108,15,75,5,7,0.8824,0.6818,0.9375,0.7143,0.9227,18,66,14,4,0.8235,0.8182,0.825,0.6667,0.9131,22,44,5,13,0.7857,0.6286,0.898,0.7097,0.7434,22,33,16,13,0.6548,0.6286,0.6735,0.6027,0.7469,23,33,16,12,0.6667,0.6571,0.6735,0.6216,0.7475,23,37,12,12,0.7143,0.6571,0.7551,0.6571,0.7353,23,38,11,12,0.7262,0.6571,0.7755,0.6667,0.7784,18,61,3,4,0.9186,0.8182,0.9531,0.8372,0.9283,18,61,3,4,0.9186,0.8182,0.9531,0.8372,0.919,18,58,6,4,0.8837,0.8182,0.9062,0.7826,0.9311,18,58,6,4,0.8837,0.8182,0.9062,0.7826,0.951,18,61,3,4,0.9186,0.8182,0.9531,0.8372,0.929
540,28,50,13,8,0.7879,0.7778,0.7937,0.7273,0.8232,25,54,9,11,0.798,0.6944,0.8571,0.7143,0.8567,26,49,14,10,0.7576,0.7222,0.7778,0.6842,0.8122,28,54,9,8,0.8283,0.7778,0.8571,0.7671,0.8216,26,51,12,10,0.7778,0.7222,0.8095,0.7027,0.8624,23,66,5,8,0.8725,0.7419,0.9296,0.7797,0.8855,26,70,1,5,0.9412,0.8387,0.9859,0.8966,0.9041,21,69,2,10,0.8824,0.6774,0.9718,0.7778,0.8764,19,71,0,12,0.8824,0.6129,1.0,0.76,0.8873,21,69,2,10,0.8824,0.6774,0.9718,0.7778,0.8882,25,44,5,10,0.8214,0.7143,0.898,0.7692,0.856,26,37,12,9,0.75,0.7429,0.7551,0.7123,0.856,26,37,12,9,0.75,0.7429,0.7551,0.7123,0.8577,29,43,6,6,0.8571,0.8286,0.8776,0.8286,0.8857,26,39,10,9,0.7738,0.7429,0.7959,0.7324,0.8653,21,59,2,4,0.9302,0.84,0.9672,0.875,0.9443,18,58,3,7,0.8837,0.72,0.9508,0.7826,0.9161,21,58,3,4,0.9186,0.84,0.9508,0.8571,0.9344,18,58,3,7,0.8837,0.72,0.9508,0.7826,0.9495,21,58,3,4,0.9186,0.84,0.9508,0.8571,0.9456
541,22,52,12,13,0.7475,0.6286,0.8125,0.6377,0.8496,20,57,7,15,0.7778,0.5714,0.8906,0.6452,0.8442,22,51,13,13,0.7374,0.6286,0.7969,0.6286,0.8299,22,57,7,13,0.798,0.6286,0.8906,0.6875,0.8268,22,54,10,13,0.7677,0.6286,0.8438,0.6567,0.8504,19,68,3,12,0.8529,0.6129,0.9577,0.717,0.7701,20,68,3,11,0.8627,0.6452,0.9577,0.7407,0.8028,20,64,7,11,0.8235,0.6452,0.9014,0.6897,0.7551,19,69,2,12,0.8627,0.6129,0.9718,0.7308,0.7905,20,64,7,11,0.8235,0.6452,0.9014,0.6897,0.7651,22,46,3,13,0.8095,0.6286,0.9388,0.7333,0.8443,23,43,6,12,0.7857,0.6571,0.8776,0.7188,0.8548,24,39,10,11,0.75,0.6857,0.7959,0.6957,0.842,23,42,7,12,0.7738,0.6571,0.8571,0.7077,0.8682,24,41,8,11,0.7738,0.6857,0.8367,0.7164,0.8513,20,59,5,2,0.9186,0.9091,0.9219,0.8511,0.9467,20,59,5,2,0.9186,0.9091,0.9219,0.8511,0.9517,20,58,6,2,0.907,0.9091,0.9062,0.8333,0.9411,20,58,6,2,0.907,0.9091,0.9062,0.8333,0.9538,20,59,5,2,0.9186,0.9091,0.9219,0.8511,0.9432
542,31,52,10,6,0.8384,0.8378,0.8387,0.7949,0.9093,31,58,4,6,0.899,0.8378,0.9355,0.8611,0.9019,29,55,7,8,0.8485,0.7838,0.8871,0.7945,0.9037,31,58,4,6,0.899,0.8378,0.9355,0.8611,0.9185,29,56,6,8,0.8586,0.7838,0.9032,0.8056,0.9194,24,68,5,5,0.902,0.8276,0.9315,0.8276,0.906,26,69,4,3,0.9314,0.8966,0.9452,0.8814,0.9339,22,70,3,7,0.902,0.7586,0.9589,0.8148,0.9088,20,70,3,9,0.8824,0.6897,0.9589,0.7692,0.9202,22,68,5,7,0.8824,0.7586,0.9315,0.7857,0.9211,27,44,4,9,0.8452,0.75,0.9167,0.806,0.8443,26,42,6,10,0.8095,0.7222,0.875,0.7647,0.8698,27,39,9,9,0.7857,0.75,0.8125,0.75,0.8553,26,43,5,10,0.8214,0.7222,0.8958,0.7761,0.8634,27,40,8,9,0.7976,0.75,0.8333,0.7606,0.8767,26,54,4,2,0.9302,0.9286,0.931,0.8966,0.9249,26,54,4,2,0.9302,0.9286,0.931,0.8966,0.9144,26,53,5,2,0.9186,0.9286,0.9138,0.8814,0.9261,26,53,5,2,0.9186,0.9286,0.9138,0.8814,0.9403,26,54,4,2,0.9302,0.9286,0.931,0.8966,0.9101
543,25,47,12,15,0.7273,0.625,0.7966,0.6494,0.8,19,50,9,21,0.697,0.475,0.8475,0.5588,0.8038,21,48,11,19,0.697,0.525,0.8136,0.5833,0.7814,25,50,9,15,0.7576,0.625,0.8475,0.6757,0.8017,21,49,10,19,0.7071,0.525,0.8305,0.5915,0.8246,20,74,3,5,0.9216,0.8,0.961,0.8333,0.9662,23,72,5,2,0.9314,0.92,0.9351,0.8679,0.9532,21,71,6,4,0.902,0.84,0.9221,0.8077,0.9517,18,72,5,7,0.8824,0.72,0.9351,0.75,0.9491,21,70,7,4,0.8922,0.84,0.9091,0.7925,0.9491,14,49,5,16,0.75,0.4667,0.9074,0.5714,0.7333,13,42,12,17,0.6548,0.4333,0.7778,0.4727,0.7469,14,39,15,16,0.631,0.4667,0.7222,0.4746,0.7488,14,45,9,16,0.7024,0.4667,0.8333,0.5283,0.7691,14,43,11,16,0.6786,0.4667,0.7963,0.5091,0.7722,21,61,1,3,0.9535,0.875,0.9839,0.913,0.955,20,60,2,4,0.9302,0.8333,0.9677,0.8696,0.9328,21,59,3,3,0.9302,0.875,0.9516,0.875,0.9462,20,59,3,4,0.9186,0.8333,0.9516,0.8511,0.9664,21,60,2,3,0.9419,0.875,0.9677,0.8936,0.9509
544,22,58,11,8,0.8081,0.7333,0.8406,0.6984,0.8623,19,59,10,11,0.7879,0.6333,0.8551,0.6441,0.8918,21,57,12,9,0.7879,0.7,0.8261,0.6667,0.8502,22,59,10,8,0.8182,0.7333,0.8551,0.7097,0.8565,21,58,11,9,0.798,0.7,0.8406,0.6774,0.9039,20,71,4,7,0.8922,0.7407,0.9467,0.7843,0.8484,21,73,2,6,0.9216,0.7778,0.9733,0.84,0.8879,19,70,5,8,0.8725,0.7037,0.9333,0.7451,0.8514,18,73,2,9,0.8922,0.6667,0.9733,0.766,0.8637,19,70,5,8,0.8725,0.7037,0.9333,0.7451,0.8746,18,47,8,11,0.7738,0.6207,0.8545,0.6545,0.7912,16,40,15,13,0.6667,0.5517,0.7273,0.5333,0.8031,16,39,16,13,0.6548,0.5517,0.7091,0.5246,0.7824,19,45,10,10,0.7619,0.6552,0.8182,0.6552,0.8094,16,42,13,13,0.6905,0.5517,0.7636,0.5517,0.8069,20,61,5,0,0.9419,1.0,0.9242,0.8889,0.9576,17,60,6,3,0.8953,0.85,0.9091,0.7907,0.95,20,60,6,0,0.9302,1.0,0.9091,0.8696,0.9576,17,60,6,3,0.8953,0.85,0.9091,0.7907,0.9523,20,60,6,0,0.9302,1.0,0.9091,0.8696,0.9492
545,19,53,14,13,0.7273,0.5938,0.791,0.5846,0.7341,16,57,10,16,0.7374,0.5,0.8507,0.5517,0.7295,19,54,13,13,0.7374,0.5938,0.806,0.5938,0.708,19,57,10,13,0.7677,0.5938,0.8507,0.623,0.7206,19,55,12,13,0.7475,0.5938,0.8209,0.6032,0.7794,16,76,4,6,0.902,0.7273,0.95,0.7619,0.8517,16,76,4,6,0.902,0.7273,0.95,0.7619,0.8915,14,73,7,8,0.8529,0.6364,0.9125,0.6512,0.8517,14,77,3,8,0.8922,0.6364,0.9625,0.7179,0.8903,14,73,7,8,0.8529,0.6364,0.9125,0.6512,0.8761,23,47,5,9,0.8333,0.7188,0.9038,0.7667,0.8948,24,43,9,8,0.7976,0.75,0.8269,0.7385,0.9123,26,37,15,6,0.75,0.8125,0.7115,0.7123,0.8912,25,44,8,7,0.8214,0.7812,0.8462,0.7692,0.9237,26,39,13,6,0.7738,0.8125,0.75,0.7324,0.9008,20,57,4,5,0.8953,0.8,0.9344,0.8163,0.8715,19,57,4,6,0.8837,0.76,0.9344,0.7917,0.8531,20,56,5,5,0.8837,0.8,0.918,0.8,0.8682,19,56,5,6,0.8721,0.76,0.918,0.7755,0.901,20,57,4,5,0.8953,0.8,0.9344,0.8163,0.863
546,27,45,15,12,0.7273,0.6923,0.75,0.6667,0.7906,25,51,9,14,0.7677,0.641,0.85,0.6849,0.7927,24,47,13,15,0.7172,0.6154,0.7833,0.6316,0.7517,27,51,9,12,0.7879,0.6923,0.85,0.72,0.7765,24,49,11,15,0.7374,0.6154,0.8167,0.6486,0.8026,17,69,6,10,0.8431,0.6296,0.92,0.68,0.8242,19,69,6,8,0.8627,0.7037,0.92,0.7308,0.841,16,70,5,11,0.8431,0.5926,0.9333,0.6667,0.7807,16,70,5,11,0.8431,0.5926,0.9333,0.6667,0.843,16,68,7,11,0.8235,0.5926,0.9067,0.64,0.8104,22,46,6,10,0.8095,0.6875,0.8846,0.7333,0.8359,21,39,13,11,0.7143,0.6562,0.75,0.6364,0.8371,22,34,18,10,0.6667,0.6875,0.6538,0.6111,0.8185,23,40,12,9,0.75,0.7188,0.7692,0.6866,0.8558,22,38,14,10,0.7143,0.6875,0.7308,0.6471,0.8287,21,60,2,3,0.9419,0.875,0.9677,0.8936,0.9079,19,58,4,5,0.8953,0.7917,0.9355,0.8085,0.8595,21,55,7,3,0.8837,0.875,0.8871,0.8077,0.9247,19,55,7,5,0.8605,0.7917,0.8871,0.76,0.9294,21,58,4,3,0.9186,0.875,0.9355,0.8571,0.8938
547,32,48,10,9,0.8081,0.7805,0.8276,0.7711,0.8701,27,53,5,14,0.8081,0.6585,0.9138,0.7397,0.8865,32,47,11,9,0.798,0.7805,0.8103,0.7619,0.8608,32,53,5,9,0.8586,0.7805,0.9138,0.8205,0.8696,32,53,5,9,0.8586,0.7805,0.9138,0.8205,0.8932,12,74,6,10,0.8431,0.5455,0.925,0.6,0.7574,15,74,6,7,0.8725,0.6818,0.925,0.6977,0.8301,13,71,9,9,0.8235,0.5909,0.8875,0.5909,0.7812,11,75,5,11,0.8431,0.5,0.9375,0.5789,0.7989,13,69,11,9,0.8039,0.5909,0.8625,0.5652,0.7909,27,41,8,8,0.8095,0.7714,0.8367,0.7714,0.8245,28,35,14,7,0.75,0.8,0.7143,0.7273,0.8105,28,34,15,7,0.7381,0.8,0.6939,0.7179,0.8303,29,38,11,6,0.7976,0.8286,0.7755,0.7733,0.8315,28,37,12,7,0.7738,0.8,0.7551,0.7467,0.8239,21,58,4,3,0.9186,0.875,0.9355,0.8571,0.9113,20,58,4,4,0.907,0.8333,0.9355,0.8333,0.912,21,56,6,3,0.8953,0.875,0.9032,0.8235,0.912,20,56,6,4,0.8837,0.8333,0.9032,0.8,0.9388,21,58,4,3,0.9186,0.875,0.9355,0.8571,0.9147
548,23,61,9,6,0.8485,0.7931,0.8714,0.7541,0.9079,21,65,5,8,0.8687,0.7241,0.9286,0.7636,0.8872,22,62,8,7,0.8485,0.7586,0.8857,0.7458,0.8961,23,65,5,6,0.8889,0.7931,0.9286,0.807,0.8993,22,62,8,7,0.8485,0.7586,0.8857,0.7458,0.9227,11,79,5,7,0.8824,0.6111,0.9405,0.6471,0.7956,12,80,4,6,0.902,0.6667,0.9524,0.7059,0.7804,9,79,5,9,0.8627,0.5,0.9405,0.5625,0.7434,9,80,4,9,0.8725,0.5,0.9524,0.5806,0.791,9,77,7,9,0.8431,0.5,0.9167,0.5294,0.7381,23,42,8,11,0.7738,0.6765,0.84,0.7077,0.7824,24,39,11,10,0.75,0.7059,0.78,0.6957,0.8688,25,37,13,9,0.7381,0.7353,0.74,0.6944,0.8047,26,43,7,8,0.8214,0.7647,0.86,0.7761,0.8624,25,39,11,9,0.7619,0.7353,0.78,0.7143,0.8571,26,56,1,3,0.9535,0.8966,0.9825,0.9286,0.9504,24,54,3,5,0.907,0.8276,0.9474,0.8571,0.9365,26,53,4,3,0.9186,0.8966,0.9298,0.8814,0.9377,24,53,4,5,0.8953,0.8276,0.9298,0.8421,0.9528,26,54,3,3,0.9302,0.8966,0.9474,0.8966,0.9492
549,28,44,13,14,0.7273,0.6667,0.7719,0.6747,0.7665,25,48,9,17,0.7374,0.5952,0.8421,0.6579,0.7732,26,43,14,16,0.697,0.619,0.7544,0.6341,0.718,28,48,9,14,0.7677,0.6667,0.8421,0.7089,0.7621,26,46,11,16,0.7273,0.619,0.807,0.6582,0.7799,17,71,5,9,0.8627,0.6538,0.9342,0.7083,0.8811,19,67,9,7,0.8431,0.7308,0.8816,0.7037,0.8396,15,69,7,11,0.8235,0.5769,0.9079,0.625,0.8234,15,69,7,11,0.8235,0.5769,0.9079,0.625,0.8431,15,67,9,11,0.8039,0.5769,0.8816,0.6,0.8209,15,51,6,12,0.7857,0.5556,0.8947,0.625,0.8122,10,47,10,17,0.6786,0.3704,0.8246,0.4255,0.8077,11,42,15,16,0.631,0.4074,0.7368,0.4151,0.7726,12,48,9,15,0.7143,0.4444,0.8421,0.5,0.8083,11,46,11,16,0.6786,0.4074,0.807,0.449,0.8051,19,62,2,3,0.9419,0.8636,0.9688,0.8837,0.8984,17,60,4,5,0.8953,0.7727,0.9375,0.7907,0.8693,19,58,6,3,0.8953,0.8636,0.9062,0.8085,0.9119,17,58,6,5,0.8721,0.7727,0.9062,0.7556,0.919,19,60,4,3,0.9186,0.8636,0.9375,0.8444,0.907
550,23,59,10,7,0.8283,0.7667,0.8551,0.7302,0.8251,19,62,7,11,0.8182,0.6333,0.8986,0.6786,0.8401,21,59,10,9,0.8081,0.7,0.8551,0.6885,0.8203,23,62,7,7,0.8586,0.7667,0.8986,0.7667,0.8242,21,61,8,9,0.8283,0.7,0.8841,0.7119,0.856,22,71,5,4,0.9118,0.8462,0.9342,0.8302,0.9322,22,71,5,4,0.9118,0.8462,0.9342,0.8302,0.9155,20,69,7,6,0.8725,0.7692,0.9079,0.7547,0.8922,20,72,4,6,0.902,0.7692,0.9474,0.8,0.9236,20,67,9,6,0.8529,0.7692,0.8816,0.7273,0.8973,16,54,7,7,0.8333,0.6957,0.8852,0.6957,0.8111,17,48,13,6,0.7738,0.7391,0.7869,0.6415,0.8767,17,45,16,6,0.7381,0.7391,0.7377,0.6071,0.8239,17,51,10,6,0.8095,0.7391,0.8361,0.68,0.8539,17,49,12,6,0.7857,0.7391,0.8033,0.6538,0.8453,18,61,4,3,0.9186,0.8571,0.9385,0.8372,0.896,18,61,4,3,0.9186,0.8571,0.9385,0.8372,0.8747,18,61,4,3,0.9186,0.8571,0.9385,0.8372,0.907,18,61,4,3,0.9186,0.8571,0.9385,0.8372,0.9231,18,61,4,3,0.9186,0.8571,0.9385,0.8372,0.8835
551,26,52,13,8,0.7879,0.7647,0.8,0.7123,0.8308,23,56,9,11,0.798,0.6765,0.8615,0.697,0.8371,24,53,12,10,0.7778,0.7059,0.8154,0.6857,0.8235,26,56,9,8,0.8283,0.7647,0.8615,0.7536,0.8176,24,51,14,10,0.7576,0.7059,0.7846,0.6667,0.8335,28,63,4,7,0.8922,0.8,0.9403,0.8358,0.8665,29,62,5,6,0.8922,0.8286,0.9254,0.8406,0.861,23,62,5,12,0.8333,0.6571,0.9254,0.7302,0.8388,23,64,3,12,0.8529,0.6571,0.9552,0.7541,0.8546,23,60,7,12,0.8137,0.6571,0.8955,0.7077,0.8542,31,36,5,12,0.7976,0.7209,0.878,0.7848,0.8537,31,36,5,12,0.7976,0.7209,0.878,0.7848,0.9297,32,32,9,11,0.7619,0.7442,0.7805,0.7619,0.8951,33,36,5,10,0.8214,0.7674,0.878,0.8148,0.9195,32,33,8,11,0.7738,0.7442,0.8049,0.7711,0.8996,31,50,3,2,0.9419,0.9394,0.9434,0.9254,0.9394,29,47,6,4,0.8837,0.8788,0.8868,0.8529,0.9228,31,47,6,2,0.907,0.9394,0.8868,0.8857,0.9337,29,47,6,4,0.8837,0.8788,0.8868,0.8529,0.9383,31,47,6,2,0.907,0.9394,0.8868,0.8857,0.9262
552,28,54,12,5,0.8283,0.8485,0.8182,0.7671,0.9174,26,57,9,7,0.8384,0.7879,0.8636,0.7647,0.9054,27,54,12,6,0.8182,0.8182,0.8182,0.75,0.8967,28,57,9,5,0.8586,0.8485,0.8636,0.8,0.8983,27,55,11,6,0.8283,0.8182,0.8333,0.7606,0.9343,18,70,7,7,0.8627,0.72,0.9091,0.72,0.8649,20,72,5,5,0.902,0.8,0.9351,0.8,0.8914,16,70,7,9,0.8431,0.64,0.9091,0.6667,0.8571,15,73,4,10,0.8627,0.6,0.9481,0.6818,0.8795,16,68,9,9,0.8235,0.64,0.8831,0.64,0.8722,22,39,12,11,0.7262,0.6667,0.7647,0.6567,0.7701,23,37,14,10,0.7143,0.697,0.7255,0.6571,0.7974,24,31,20,9,0.6548,0.7273,0.6078,0.6234,0.7742,25,41,10,8,0.7857,0.7576,0.8039,0.7353,0.8128,24,36,15,9,0.7143,0.7273,0.7059,0.6667,0.8051,23,59,3,1,0.9535,0.9583,0.9516,0.92,0.9798,21,59,3,3,0.9302,0.875,0.9516,0.875,0.9718,23,58,4,1,0.9419,0.9583,0.9355,0.902,0.9624,21,58,4,3,0.9186,0.875,0.9355,0.8571,0.9691,23,59,3,1,0.9535,0.9583,0.9516,0.92,0.9711
553,28,44,15,12,0.7273,0.7,0.7458,0.6747,0.7784,27,46,13,13,0.7374,0.675,0.7797,0.675,0.7763,28,44,15,12,0.7273,0.7,0.7458,0.6747,0.7386,28,46,13,12,0.7475,0.7,0.7797,0.6914,0.7589,28,46,13,12,0.7475,0.7,0.7797,0.6914,0.7898,24,67,1,10,0.8922,0.7059,0.9853,0.8136,0.9005,25,67,1,9,0.902,0.7353,0.9853,0.8333,0.9031,21,67,1,13,0.8627,0.6176,0.9853,0.75,0.894,21,67,1,13,0.8627,0.6176,0.9853,0.75,0.9048,21,67,1,13,0.8627,0.6176,0.9853,0.75,0.891,26,46,3,9,0.8571,0.7429,0.9388,0.8125,0.8991,25,43,6,10,0.8095,0.7143,0.8776,0.7576,0.9143,26,41,8,9,0.7976,0.7429,0.8367,0.7536,0.9155,26,44,5,9,0.8333,0.7429,0.898,0.7879,0.923,26,42,7,9,0.8095,0.7429,0.8571,0.7647,0.9207,19,56,6,5,0.8721,0.7917,0.9032,0.7755,0.8555,18,54,8,6,0.8372,0.75,0.871,0.72,0.8253,19,54,8,5,0.8488,0.7917,0.871,0.7451,0.8656,18,54,8,6,0.8372,0.75,0.871,0.72,0.8851,19,54,8,5,0.8488,0.7917,0.871,0.7451,0.8508
554,31,45,12,11,0.7677,0.7381,0.7895,0.7294,0.8225,26,49,8,16,0.7576,0.619,0.8596,0.6842,0.8041,29,45,12,13,0.7475,0.6905,0.7895,0.6988,0.802,31,49,8,11,0.8081,0.7381,0.8596,0.7654,0.7987,29,49,8,13,0.7879,0.6905,0.8596,0.7342,0.8425,21,66,7,8,0.8529,0.7241,0.9041,0.7368,0.7936,21,67,6,8,0.8627,0.7241,0.9178,0.75,0.7818,19,66,7,10,0.8333,0.6552,0.9041,0.6909,0.7742,19,67,6,10,0.8431,0.6552,0.9178,0.7037,0.7822,19,64,9,10,0.8137,0.6552,0.8767,0.6667,0.7912,20,47,6,11,0.7976,0.6452,0.8868,0.7018,0.8411,20,48,5,11,0.8095,0.6452,0.9057,0.7143,0.8807,21,42,11,10,0.75,0.6774,0.7925,0.6667,0.8582,20,49,4,11,0.8214,0.6452,0.9245,0.7273,0.8892,21,44,9,10,0.7738,0.6774,0.8302,0.6885,0.8624,20,57,5,4,0.8953,0.8333,0.9194,0.8163,0.8716,20,56,6,4,0.8837,0.8333,0.9032,0.8,0.8427,20,52,10,4,0.8372,0.8333,0.8387,0.7407,0.8696,20,52,10,4,0.8372,0.8333,0.8387,0.7407,0.8891,20,56,6,4,0.8837,0.8333,0.9032,0.8,0.8676
555,29,57,6,7,0.8687,0.8056,0.9048,0.8169,0.8589,22,58,5,14,0.8081,0.6111,0.9206,0.6984,0.8854,23,56,7,13,0.798,0.6389,0.8889,0.697,0.8298,29,58,5,7,0.8788,0.8056,0.9206,0.8286,0.8364,23,57,6,13,0.8081,0.6389,0.9048,0.7077,0.8765,15,70,4,13,0.8333,0.5357,0.9459,0.6383,0.7519,18,68,6,10,0.8431,0.6429,0.9189,0.6923,0.7495,13,71,3,15,0.8235,0.4643,0.9595,0.5909,0.6959,12,69,5,16,0.7941,0.4286,0.9324,0.5333,0.7457,13,66,8,15,0.7745,0.4643,0.8919,0.5306,0.6969,23,45,9,7,0.8095,0.7667,0.8333,0.7419,0.8593,22,39,15,8,0.7262,0.7333,0.7222,0.6567,0.858,25,35,19,5,0.7143,0.8333,0.6481,0.6757,0.8241,23,39,15,7,0.7381,0.7667,0.7222,0.6765,0.8617,25,39,15,5,0.7619,0.8333,0.7222,0.7143,0.8488,15,62,5,4,0.8953,0.7895,0.9254,0.7692,0.9081,14,62,5,5,0.8837,0.7368,0.9254,0.7368,0.8955,15,62,5,4,0.8953,0.7895,0.9254,0.7692,0.8877,14,62,5,5,0.8837,0.7368,0.9254,0.7368,0.9246,15,62,5,4,0.8953,0.7895,0.9254,0.7692,0.9018
556,25,57,9,8,0.8283,0.7576,0.8636,0.7463,0.8751,19,59,7,14,0.7879,0.5758,0.8939,0.6441,0.8903,21,57,9,12,0.7879,0.6364,0.8636,0.6667,0.8577,25,59,7,8,0.8485,0.7576,0.8939,0.7692,0.8623,21,58,8,12,0.798,0.6364,0.8788,0.6774,0.8889,25,67,3,7,0.902,0.7812,0.9571,0.8333,0.9054,28,64,6,4,0.902,0.875,0.9143,0.8485,0.9295,23,67,3,9,0.8824,0.7188,0.9571,0.7931,0.8973,22,65,5,10,0.8529,0.6875,0.9286,0.7458,0.9183,23,62,8,9,0.8333,0.7188,0.8857,0.7302,0.9254,17,48,12,7,0.7738,0.7083,0.8,0.6415,0.7951,16,49,11,8,0.7738,0.6667,0.8167,0.6275,0.8222,17,44,16,7,0.7262,0.7083,0.7333,0.5965,0.8285,16,51,9,8,0.7976,0.6667,0.85,0.6531,0.8222,17,49,11,7,0.7857,0.7083,0.8167,0.6538,0.8451,25,55,3,3,0.9302,0.8929,0.9483,0.8929,0.9409,25,54,4,3,0.9186,0.8929,0.931,0.8772,0.9187,25,52,6,3,0.8953,0.8929,0.8966,0.8475,0.9304,25,52,6,3,0.8953,0.8929,0.8966,0.8475,0.9433,25,54,4,3,0.9186,0.8929,0.931,0.8772,0.9347
557,22,57,12,8,0.798,0.7333,0.8261,0.6875,0.8662,17,59,10,13,0.7677,0.5667,0.8551,0.5965,0.8676,20,54,15,10,0.7475,0.6667,0.7826,0.6154,0.8604,22,59,10,8,0.8182,0.7333,0.8551,0.7097,0.8647,20,58,11,10,0.7879,0.6667,0.8406,0.6557,0.886,20,70,3,9,0.8824,0.6897,0.9589,0.7692,0.7652,21,67,6,8,0.8627,0.7241,0.9178,0.75,0.7563,16,68,5,13,0.8235,0.5517,0.9315,0.64,0.7308,16,67,6,13,0.8137,0.5517,0.9178,0.6275,0.7492,16,66,7,13,0.8039,0.5517,0.9041,0.6154,0.753,21,43,5,15,0.7619,0.5833,0.8958,0.6774,0.7546,20,38,10,16,0.6905,0.5556,0.7917,0.6061,0.827,22,31,17,14,0.631,0.6111,0.6458,0.5867,0.7193,22,35,13,14,0.6786,0.6111,0.7292,0.6197,0.805,22,33,15,14,0.6548,0.6111,0.6875,0.6027,0.7859,23,54,5,4,0.8953,0.8519,0.9153,0.8364,0.9165,21,53,6,6,0.8605,0.7778,0.8983,0.7778,0.9284,23,53,6,4,0.8837,0.8519,0.8983,0.8214,0.9021,21,53,6,6,0.8605,0.7778,0.8983,0.7778,0.924,23,53,6,4,0.8837,0.8519,0.8983,0.8214,0.924
558,36,51,6,6,0.8788,0.8571,0.8947,0.8571,0.8972,31,55,2,11,0.8687,0.7381,0.9649,0.8267,0.9302,33,52,5,9,0.8586,0.7857,0.9123,0.825,0.8926,36,55,2,6,0.9192,0.8571,0.9649,0.9,0.8956,33,53,4,9,0.8687,0.7857,0.9298,0.8354,0.9269,24,59,10,9,0.8137,0.7273,0.8551,0.7164,0.827,25,58,11,8,0.8137,0.7576,0.8406,0.7246,0.8362,24,55,14,9,0.7745,0.7273,0.7971,0.6761,0.8256,24,60,9,9,0.8235,0.7273,0.8696,0.7273,0.834,24,53,16,9,0.7549,0.7273,0.7681,0.6575,0.8327,17,51,11,5,0.8095,0.7727,0.8226,0.68,0.8372,17,47,15,5,0.7619,0.7727,0.7581,0.6296,0.8658,17,44,18,5,0.7262,0.7727,0.7097,0.5965,0.8607,19,48,14,3,0.7976,0.8636,0.7742,0.6909,0.8739,17,48,14,5,0.7738,0.7727,0.7742,0.6415,0.8688,20,59,6,1,0.9186,0.9524,0.9077,0.8511,0.9194,18,59,6,3,0.8953,0.8571,0.9077,0.8,0.9048,20,59,6,1,0.9186,0.9524,0.9077,0.8511,0.9355,18,59,6,3,0.8953,0.8571,0.9077,0.8,0.9421,20,59,6,1,0.9186,0.9524,0.9077,0.8511,0.9084
559,31,50,8,10,0.8182,0.7561,0.8621,0.775,0.8738,27,53,5,14,0.8081,0.6585,0.9138,0.7397,0.8675,27,48,10,14,0.7576,0.6585,0.8276,0.6923,0.8448,31,53,5,10,0.8485,0.7561,0.9138,0.8052,0.865,27,49,9,14,0.7677,0.6585,0.8448,0.7013,0.8823,20,65,9,8,0.8333,0.7143,0.8784,0.7018,0.7794,20,60,14,8,0.7843,0.7143,0.8108,0.6452,0.7495,17,62,12,11,0.7745,0.6071,0.8378,0.5965,0.735,17,63,11,11,0.7843,0.6071,0.8514,0.6071,0.7457,17,59,15,11,0.7451,0.6071,0.7973,0.5667,0.7558,25,43,6,10,0.8095,0.7143,0.8776,0.7576,0.8583,24,40,9,11,0.7619,0.6857,0.8163,0.7059,0.8805,26,38,11,9,0.7619,0.7429,0.7755,0.7222,0.8671,24,42,7,11,0.7857,0.6857,0.8571,0.7273,0.8717,26,42,7,9,0.8095,0.7429,0.8571,0.7647,0.8723,23,57,5,1,0.9302,0.9583,0.9194,0.8846,0.9583,23,56,6,1,0.9186,0.9583,0.9032,0.8679,0.9597,23,55,7,1,0.907,0.9583,0.8871,0.8519,0.9657,23,55,7,1,0.907,0.9583,0.8871,0.8519,0.957,23,56,6,1,0.9186,0.9583,0.9032,0.8679,0.955
560,32,50,9,8,0.8283,0.8,0.8475,0.7901,0.9072,31,57,2,9,0.8889,0.775,0.9661,0.8493,0.9047,32,52,7,8,0.8485,0.8,0.8814,0.8101,0.9089,32,57,2,8,0.899,0.8,0.9661,0.8649,0.9159,32,51,8,8,0.8384,0.8,0.8644,0.8,0.9229,20,69,6,7,0.8725,0.7407,0.92,0.7547,0.8632,22,70,5,5,0.902,0.8148,0.9333,0.8148,0.881,18,67,8,9,0.8333,0.6667,0.8933,0.6792,0.8217,18,73,2,9,0.8922,0.6667,0.9733,0.766,0.8612,18,65,10,9,0.8137,0.6667,0.8667,0.6545,0.8346,19,48,3,14,0.7976,0.5758,0.9412,0.6909,0.8342,21,41,10,12,0.7381,0.6364,0.8039,0.6562,0.8663,23,41,10,10,0.7619,0.697,0.8039,0.697,0.8443,24,43,8,9,0.7976,0.7273,0.8431,0.7385,0.8746,23,41,10,10,0.7619,0.697,0.8039,0.697,0.877,20,54,5,7,0.8605,0.7407,0.9153,0.7692,0.8751,17,52,7,10,0.8023,0.6296,0.8814,0.6667,0.8613,20,51,8,7,0.8256,0.7407,0.8644,0.7273,0.8462,17,51,8,10,0.7907,0.6296,0.8644,0.6538,0.8776,20,52,7,7,0.8372,0.7407,0.8814,0.7407,0.8763
561,32,48,13,6,0.8081,0.8421,0.7869,0.7711,0.9008,25,52,9,13,0.7778,0.6579,0.8525,0.6944,0.8852,31,48,13,7,0.798,0.8158,0.7869,0.7561,0.8835,32,52,9,6,0.8485,0.8421,0.8525,0.8101,0.8719,31,50,11,7,0.8182,0.8158,0.8197,0.775,0.9249,19,71,5,7,0.8824,0.7308,0.9342,0.76,0.8467,21,70,6,5,0.8922,0.8077,0.9211,0.7925,0.8608,20,71,5,6,0.8922,0.7692,0.9342,0.7843,0.8623,19,71,5,7,0.8824,0.7308,0.9342,0.76,0.8613,20,70,6,6,0.8824,0.7692,0.9211,0.7692,0.8841,20,51,3,10,0.8452,0.6667,0.9444,0.7547,0.8259,22,43,11,8,0.7738,0.7333,0.7963,0.6984,0.8809,22,43,11,8,0.7738,0.7333,0.7963,0.6984,0.834,23,45,9,7,0.8095,0.7667,0.8333,0.7419,0.8747,22,45,9,8,0.7976,0.7333,0.8333,0.7213,0.8241,25,50,6,5,0.8721,0.8333,0.8929,0.8197,0.9149,24,50,6,6,0.8605,0.8,0.8929,0.8,0.928,25,50,6,5,0.8721,0.8333,0.8929,0.8197,0.8917,24,50,6,6,0.8605,0.8,0.8929,0.8,0.9167,25,50,6,5,0.8721,0.8333,0.8929,0.8197,0.9208
562,24,55,12,8,0.798,0.75,0.8209,0.7059,0.8237,21,61,6,11,0.8283,0.6562,0.9104,0.7119,0.8512,23,56,11,9,0.798,0.7188,0.8358,0.697,0.8181,24,61,6,8,0.8586,0.75,0.9104,0.7742,0.8176,23,60,7,9,0.8384,0.7188,0.8955,0.7419,0.868,21,70,2,9,0.8922,0.7,0.9722,0.7925,0.8509,23,69,3,7,0.902,0.7667,0.9583,0.8214,0.8611,19,68,4,11,0.8529,0.6333,0.9444,0.717,0.8329,18,69,3,12,0.8529,0.6,0.9583,0.7059,0.8486,19,66,6,11,0.8333,0.6333,0.9167,0.6909,0.838,26,43,4,11,0.8214,0.7027,0.9149,0.7761,0.8614,28,38,9,9,0.7857,0.7568,0.8085,0.7568,0.8815,29,36,11,8,0.7738,0.7838,0.766,0.7532,0.8608,29,40,7,8,0.8214,0.7838,0.8511,0.7945,0.8528,29,39,8,8,0.8095,0.7838,0.8298,0.7838,0.8545,23,60,2,1,0.9651,0.9583,0.9677,0.9388,0.9724,21,59,3,3,0.9302,0.875,0.9516,0.875,0.9758,23,58,4,1,0.9419,0.9583,0.9355,0.902,0.959,21,58,4,3,0.9186,0.875,0.9355,0.8571,0.9677,23,59,3,1,0.9535,0.9583,0.9516,0.92,0.9718
563,27,50,11,11,0.7778,0.7105,0.8197,0.7105,0.8236,21,53,8,17,0.7475,0.5526,0.8689,0.6269,0.8421,20,49,12,18,0.697,0.5263,0.8033,0.5714,0.8067,27,53,8,11,0.8081,0.7105,0.8689,0.7397,0.824,20,52,9,18,0.7273,0.5263,0.8525,0.597,0.8361,24,68,1,9,0.902,0.7273,0.9855,0.8276,0.8542,25,61,8,8,0.8431,0.7576,0.8841,0.7576,0.8841,24,64,5,9,0.8627,0.7273,0.9275,0.7742,0.8625,23,62,7,10,0.8333,0.697,0.8986,0.7302,0.8691,24,59,10,9,0.8137,0.7273,0.8551,0.7164,0.8766,20,41,10,13,0.7262,0.6061,0.8039,0.6349,0.776,20,34,17,13,0.6429,0.6061,0.6667,0.5714,0.7807,20,31,20,13,0.6071,0.6061,0.6078,0.5479,0.7724,22,36,15,11,0.6905,0.6667,0.7059,0.6286,0.7903,20,38,13,13,0.6905,0.6061,0.7451,0.6061,0.7796,25,56,2,3,0.9419,0.8929,0.9655,0.9091,0.9464,24,54,4,4,0.907,0.8571,0.931,0.8571,0.936,25,50,8,3,0.8721,0.8929,0.8621,0.8197,0.9366,24,50,8,4,0.8605,0.8571,0.8621,0.8,0.952,25,54,4,3,0.9186,0.8929,0.931,0.8772,0.9514
564,20,49,19,11,0.697,0.6452,0.7206,0.5714,0.8003,16,56,12,15,0.7273,0.5161,0.8235,0.5424,0.7823,19,49,19,12,0.6869,0.6129,0.7206,0.5507,0.7557,20,56,12,11,0.7677,0.6452,0.8235,0.6349,0.764,19,54,14,12,0.7374,0.6129,0.7941,0.5938,0.7808,24,68,4,6,0.902,0.8,0.9444,0.8276,0.913,26,68,4,4,0.9216,0.8667,0.9444,0.8667,0.9037,21,67,5,9,0.8627,0.7,0.9306,0.75,0.9,20,69,3,10,0.8725,0.6667,0.9583,0.7547,0.9074,21,66,6,9,0.8529,0.7,0.9167,0.7368,0.9051,25,49,8,2,0.881,0.9259,0.8596,0.8333,0.9103,23,45,12,4,0.8095,0.8519,0.7895,0.7419,0.909,23,36,21,4,0.7024,0.8519,0.6316,0.6479,0.9019,23,48,9,4,0.8452,0.8519,0.8421,0.7797,0.9201,23,43,14,4,0.7857,0.8519,0.7544,0.7187,0.9188,16,63,3,4,0.9186,0.8,0.9545,0.8205,0.922,16,63,3,4,0.9186,0.8,0.9545,0.8205,0.9121,16,59,7,4,0.8721,0.8,0.8939,0.7442,0.8909,16,59,7,4,0.8721,0.8,0.8939,0.7442,0.9409,16,63,3,4,0.9186,0.8,0.9545,0.8205,0.9144
565,26,53,9,11,0.798,0.7027,0.8548,0.7222,0.8348,19,54,8,18,0.7374,0.5135,0.871,0.5938,0.84,22,54,8,15,0.7677,0.5946,0.871,0.6567,0.823,26,54,8,11,0.8081,0.7027,0.871,0.7324,0.8357,22,52,10,15,0.7475,0.5946,0.8387,0.6377,0.8514,17,71,9,5,0.8627,0.7727,0.8875,0.7083,0.8727,18,68,12,4,0.8431,0.8182,0.85,0.6923,0.8676,17,68,12,5,0.8333,0.7727,0.85,0.6667,0.8523,17,70,10,5,0.8529,0.7727,0.875,0.6939,0.8761,17,66,14,5,0.8137,0.7727,0.825,0.6415,0.8705,23,46,7,8,0.8214,0.7419,0.8679,0.7541,0.818,22,41,12,9,0.75,0.7097,0.7736,0.6769,0.8862,22,41,12,9,0.75,0.7097,0.7736,0.6769,0.8448,23,45,8,8,0.8095,0.7419,0.8491,0.7419,0.8478,22,44,9,9,0.7857,0.7097,0.8302,0.7097,0.8935,16,65,3,2,0.9419,0.8889,0.9559,0.8649,0.9093,15,62,6,3,0.8953,0.8333,0.9118,0.7692,0.8815,16,62,6,2,0.907,0.8889,0.9118,0.8,0.9142,15,62,6,3,0.8953,0.8333,0.9118,0.7692,0.9248,16,62,6,2,0.907,0.8889,0.9118,0.8,0.906
566,26,53,12,8,0.798,0.7647,0.8154,0.7222,0.8267,24,55,10,10,0.798,0.7059,0.8462,0.7059,0.8579,25,54,11,9,0.798,0.7353,0.8308,0.7143,0.8167,26,55,10,8,0.8182,0.7647,0.8462,0.7429,0.8109,25,53,12,9,0.7879,0.7353,0.8154,0.7042,0.8615,21,68,8,5,0.8725,0.8077,0.8947,0.7636,0.915,22,69,7,4,0.8922,0.8462,0.9079,0.8,0.8765,19,69,7,7,0.8627,0.7308,0.9079,0.7308,0.875,18,71,5,8,0.8725,0.6923,0.9342,0.7347,0.8856,19,67,9,7,0.8431,0.7308,0.8816,0.7037,0.8841,28,43,6,7,0.8452,0.8,0.8776,0.8116,0.8496,27,36,13,8,0.75,0.7714,0.7347,0.72,0.8636,28,32,17,7,0.7143,0.8,0.6531,0.7,0.8268,28,38,11,7,0.7857,0.8,0.7755,0.7568,0.8484,28,36,13,7,0.7619,0.8,0.7347,0.7368,0.835,22,57,3,4,0.9186,0.8462,0.95,0.8627,0.9506,21,56,4,5,0.8953,0.8077,0.9333,0.8235,0.9417,22,56,4,4,0.907,0.8462,0.9333,0.8462,0.9295,21,56,4,5,0.8953,0.8077,0.9333,0.8235,0.9571,22,56,4,4,0.907,0.8462,0.9333,0.8462,0.9378
567,26,50,13,10,0.7677,0.7222,0.7937,0.6933,0.847,22,55,8,14,0.7778,0.6111,0.873,0.6667,0.8757,25,51,12,11,0.7677,0.6944,0.8095,0.6849,0.8492,26,55,8,10,0.8182,0.7222,0.873,0.7429,0.8536,25,55,8,11,0.8081,0.6944,0.873,0.7246,0.8968,19,71,6,6,0.8824,0.76,0.9221,0.76,0.8332,20,72,5,5,0.902,0.8,0.9351,0.8,0.8551,15,71,6,10,0.8431,0.6,0.9221,0.6522,0.8291,14,72,5,11,0.8431,0.56,0.9351,0.6364,0.8249,15,70,7,10,0.8333,0.6,0.9091,0.6383,0.8535,20,43,7,14,0.75,0.5882,0.86,0.6557,0.7371,20,36,14,14,0.6667,0.5882,0.72,0.5882,0.7965,20,36,14,14,0.6667,0.5882,0.72,0.5882,0.7453,22,41,9,12,0.75,0.6471,0.82,0.6769,0.79,20,39,11,14,0.7024,0.5882,0.78,0.6154,0.7747,24,58,3,1,0.9535,0.96,0.9508,0.9231,0.9574,22,57,4,3,0.9186,0.88,0.9344,0.8627,0.958,24,55,6,1,0.9186,0.96,0.9016,0.8727,0.9495,22,55,6,3,0.8953,0.88,0.9016,0.8302,0.9528,24,57,4,1,0.9419,0.96,0.9344,0.9057,0.9541
568,23,57,10,9,0.8081,0.7188,0.8507,0.7077,0.8312,21,57,10,11,0.7879,0.6562,0.8507,0.6667,0.8148,22,56,11,10,0.7879,0.6875,0.8358,0.6769,0.7985,23,57,10,9,0.8081,0.7188,0.8507,0.7077,0.8158,22,57,10,10,0.798,0.6875,0.8507,0.6875,0.8396,20,72,4,6,0.902,0.7692,0.9474,0.8,0.8957,21,72,4,5,0.9118,0.8077,0.9474,0.8235,0.8851,18,71,5,8,0.8725,0.6923,0.9342,0.7347,0.8694,18,72,4,8,0.8824,0.6923,0.9474,0.75,0.8917,18,71,5,8,0.8725,0.6923,0.9342,0.7347,0.8866,19,52,5,8,0.8452,0.7037,0.9123,0.7451,0.8447,18,49,8,9,0.7976,0.6667,0.8596,0.6792,0.8876,18,44,13,9,0.7381,0.6667,0.7719,0.6207,0.8609,18,51,6,9,0.8214,0.6667,0.8947,0.7059,0.8928,18,47,10,9,0.7738,0.6667,0.8246,0.6545,0.8642,12,63,6,5,0.8721,0.7059,0.913,0.6857,0.8508,12,62,7,5,0.8605,0.7059,0.8986,0.6667,0.8312,12,62,7,5,0.8605,0.7059,0.8986,0.6667,0.8551,12,62,7,5,0.8605,0.7059,0.8986,0.6667,0.9028,12,62,7,5,0.8605,0.7059,0.8986,0.6667,0.8559
569,22,57,12,8,0.798,0.7333,0.8261,0.6875,0.8512,16,62,7,14,0.7879,0.5333,0.8986,0.6038,0.8329,20,56,13,10,0.7677,0.6667,0.8116,0.6349,0.8174,22,62,7,8,0.8485,0.7333,0.8986,0.7458,0.8599,20,60,9,10,0.8081,0.6667,0.8696,0.678,0.8676,16,74,4,8,0.8824,0.6667,0.9487,0.7273,0.8558,18,73,5,6,0.8922,0.75,0.9359,0.766,0.8707,15,67,11,9,0.8039,0.625,0.859,0.6,0.8456,13,73,5,11,0.8431,0.5417,0.9359,0.619,0.8649,15,65,13,9,0.7843,0.625,0.8333,0.5769,0.851,19,45,11,9,0.7619,0.6786,0.8036,0.6552,0.8125,17,47,9,11,0.7619,0.6071,0.8393,0.6296,0.808,18,40,16,10,0.6905,0.6429,0.7143,0.5806,0.8189,17,47,9,11,0.7619,0.6071,0.8393,0.6296,0.8278,18,44,12,10,0.7381,0.6429,0.7857,0.6207,0.8342,25,51,6,4,0.8837,0.8621,0.8947,0.8333,0.8772,25,50,7,4,0.8721,0.8621,0.8772,0.8197,0.8724,25,47,10,4,0.8372,0.8621,0.8246,0.7813,0.8935,25,47,10,4,0.8372,0.8621,0.8246,0.7813,0.9099,25,50,7,4,0.8721,0.8621,0.8772,0.8197,0.8832
570,29,54,9,7,0.8384,0.8056,0.8571,0.7838,0.8959,25,57,6,11,0.8283,0.6944,0.9048,0.7463,0.8761,27,52,11,9,0.798,0.75,0.8254,0.7297,0.8646,29,57,6,7,0.8687,0.8056,0.9048,0.8169,0.8873,27,55,8,9,0.8283,0.75,0.873,0.7606,0.9043,18,72,5,7,0.8824,0.72,0.9351,0.75,0.9148,21,71,6,4,0.902,0.84,0.9221,0.8077,0.9242,20,69,8,5,0.8725,0.8,0.8961,0.7547,0.9112,18,73,4,7,0.8922,0.72,0.9481,0.766,0.921,20,67,10,5,0.8529,0.8,0.8701,0.7273,0.9231,18,41,11,14,0.7024,0.5625,0.7885,0.5902,0.7236,16,43,9,16,0.7024,0.5,0.8269,0.5614,0.7686,18,37,15,14,0.6548,0.5625,0.7115,0.5538,0.7362,16,44,8,16,0.7143,0.5,0.8462,0.5714,0.7861,18,41,11,14,0.7024,0.5625,0.7885,0.5902,0.7638,20,56,8,2,0.8837,0.9091,0.875,0.8,0.8608,20,56,8,2,0.8837,0.9091,0.875,0.8,0.8487,20,55,9,2,0.8721,0.9091,0.8594,0.7843,0.8807,20,55,9,2,0.8721,0.9091,0.8594,0.7843,0.8842,20,56,8,2,0.8837,0.9091,0.875,0.8,0.8438
571,25,56,8,10,0.8182,0.7143,0.875,0.7353,0.854,23,58,6,12,0.8182,0.6571,0.9062,0.7188,0.8679,24,56,8,11,0.8081,0.6857,0.875,0.7164,0.8665,25,58,6,10,0.8384,0.7143,0.9062,0.7576,0.8469,24,53,11,11,0.7778,0.6857,0.8281,0.6857,0.871,25,64,8,5,0.8725,0.8333,0.8889,0.7937,0.8852,25,67,5,5,0.902,0.8333,0.9306,0.8333,0.9296,23,65,7,7,0.8627,0.7667,0.9028,0.7667,0.8954,23,70,2,7,0.9118,0.7667,0.9722,0.8364,0.9074,23,63,9,7,0.8431,0.7667,0.875,0.7419,0.9079,20,45,6,13,0.7738,0.6061,0.8824,0.678,0.7724,21,39,12,12,0.7143,0.6364,0.7647,0.6364,0.8366,22,35,16,11,0.6786,0.6667,0.6863,0.6197,0.7926,23,41,10,10,0.7619,0.697,0.8039,0.697,0.8223,22,38,13,11,0.7143,0.6667,0.7451,0.6471,0.8318,32,50,2,2,0.9535,0.9412,0.9615,0.9412,0.9621,30,49,3,4,0.9186,0.8824,0.9423,0.8955,0.9514,32,49,3,2,0.9419,0.9412,0.9423,0.9275,0.9463,30,49,3,4,0.9186,0.8824,0.9423,0.8955,0.9587,32,49,3,2,0.9419,0.9412,0.9423,0.9275,0.9548
572,32,48,11,8,0.8081,0.8,0.8136,0.7711,0.8801,29,52,7,11,0.8182,0.725,0.8814,0.7632,0.8932,32,51,8,8,0.8384,0.8,0.8644,0.8,0.8767,32,52,7,8,0.8485,0.8,0.8814,0.8101,0.8742,32,51,8,8,0.8384,0.8,0.8644,0.8,0.8958,23,68,4,7,0.8922,0.7667,0.9444,0.807,0.8907,26,69,3,4,0.9314,0.8667,0.9583,0.8814,0.8856,22,65,7,8,0.8529,0.7333,0.9028,0.7458,0.8606,21,69,3,9,0.8824,0.7,0.9583,0.7778,0.8787,22,64,8,8,0.8431,0.7333,0.8889,0.7333,0.8699,26,48,2,8,0.881,0.7647,0.96,0.8387,0.8535,26,41,9,8,0.7976,0.7647,0.82,0.7536,0.8982,27,41,9,7,0.8095,0.7941,0.82,0.7714,0.8547,26,44,6,8,0.8333,0.7647,0.88,0.7879,0.8671,27,42,8,7,0.8214,0.7941,0.84,0.7826,0.8676,17,65,3,1,0.9535,0.9444,0.9559,0.8947,0.969,17,64,4,1,0.9419,0.9444,0.9412,0.8718,0.9657,17,64,4,1,0.9419,0.9444,0.9412,0.8718,0.9526,17,64,4,1,0.9419,0.9444,0.9412,0.8718,0.9632,17,64,4,1,0.9419,0.9444,0.9412,0.8718,0.9583
573,27,51,14,7,0.7879,0.7941,0.7846,0.72,0.8665,25,56,9,9,0.8182,0.7353,0.8615,0.7353,0.8778,25,52,13,9,0.7778,0.7353,0.8,0.6944,0.8516,27,56,9,7,0.8384,0.7941,0.8615,0.7714,0.8543,25,54,11,9,0.798,0.7353,0.8308,0.7143,0.8855,25,65,6,6,0.8824,0.8065,0.9155,0.8065,0.8978,26,67,4,5,0.9118,0.8387,0.9437,0.8525,0.9455,24,66,5,7,0.8824,0.7742,0.9296,0.8,0.9209,23,69,2,8,0.902,0.7419,0.9718,0.8214,0.9355,24,65,6,7,0.8725,0.7742,0.9155,0.7869,0.9328,18,47,8,11,0.7738,0.6207,0.8545,0.6545,0.7354,20,43,12,9,0.75,0.6897,0.7818,0.6557,0.81,21,39,16,8,0.7143,0.7241,0.7091,0.6364,0.7448,22,47,8,7,0.8214,0.7586,0.8545,0.7458,0.7843,21,42,13,8,0.75,0.7241,0.7636,0.6667,0.7824,25,58,2,1,0.9651,0.9615,0.9667,0.9434,0.9506,23,57,3,3,0.9302,0.8846,0.95,0.8846,0.9545,25,55,5,1,0.9302,0.9615,0.9167,0.8929,0.9442,23,55,5,3,0.907,0.8846,0.9167,0.8519,0.9583,25,57,3,1,0.9535,0.9615,0.95,0.9259,0.9558
574,32,47,13,7,0.798,0.8205,0.7833,0.7619,0.8957,30,52,8,9,0.8283,0.7692,0.8667,0.7792,0.9013,30,48,12,9,0.7879,0.7692,0.8,0.7407,0.8885,32,52,8,7,0.8485,0.8205,0.8667,0.8101,0.8835,30,51,9,9,0.8182,0.7692,0.85,0.7692,0.9107,28,64,4,6,0.902,0.8235,0.9412,0.8485,0.9667,32,67,1,2,0.9706,0.9412,0.9853,0.9552,0.9918,27,67,1,7,0.9216,0.7941,0.9853,0.871,0.9511,24,67,1,10,0.8922,0.7059,0.9853,0.8136,0.9706,27,65,3,7,0.902,0.7941,0.9559,0.8438,0.9689,21,47,6,10,0.8095,0.6774,0.8868,0.7241,0.7949,21,40,13,10,0.7262,0.6774,0.7547,0.6462,0.8046,21,40,13,10,0.7262,0.6774,0.7547,0.6462,0.8205,21,42,11,10,0.75,0.6774,0.7925,0.6667,0.8125,21,43,10,10,0.7619,0.6774,0.8113,0.6774,0.7864,17,60,6,3,0.8953,0.85,0.9091,0.7907,0.9121,17,60,6,3,0.8953,0.85,0.9091,0.7907,0.9068,17,58,8,3,0.8721,0.85,0.8788,0.7556,0.9045,17,58,8,3,0.8721,0.85,0.8788,0.7556,0.9341,17,60,6,3,0.8953,0.85,0.9091,0.7907,0.9045
575,29,53,7,10,0.8283,0.7436,0.8833,0.7733,0.8457,27,56,4,12,0.8384,0.6923,0.9333,0.7714,0.8564,29,53,7,10,0.8283,0.7436,0.8833,0.7733,0.8333,29,56,4,10,0.8586,0.7436,0.9333,0.8056,0.8312,29,53,7,10,0.8283,0.7436,0.8833,0.7733,0.8504,14,66,10,12,0.7843,0.5385,0.8684,0.56,0.754,18,73,3,8,0.8922,0.6923,0.9605,0.766,0.8482,17,71,5,9,0.8627,0.6538,0.9342,0.7083,0.7773,14,74,2,12,0.8627,0.5385,0.9737,0.6667,0.8031,17,71,5,9,0.8627,0.6538,0.9342,0.7083,0.8087,14,51,6,13,0.7738,0.5185,0.8947,0.5957,0.8389,14,49,8,13,0.75,0.5185,0.8596,0.5714,0.8018,15,46,11,12,0.7262,0.5556,0.807,0.566,0.8376,19,53,4,8,0.8571,0.7037,0.9298,0.76,0.8596,15,46,11,12,0.7262,0.5556,0.807,0.566,0.8519,25,55,3,3,0.9302,0.8929,0.9483,0.8929,0.9126,21,54,4,7,0.8721,0.75,0.931,0.7925,0.8867,25,54,4,3,0.9186,0.8929,0.931,0.8772,0.9249,21,54,4,7,0.8721,0.75,0.931,0.7925,0.9323,25,54,4,3,0.9186,0.8929,0.931,0.8772,0.9126
576,32,48,13,6,0.8081,0.8421,0.7869,0.7711,0.8378,31,53,8,7,0.8485,0.8158,0.8689,0.8052,0.8365,32,49,12,6,0.8182,0.8421,0.8033,0.7805,0.8011,32,53,8,6,0.8586,0.8421,0.8689,0.8205,0.8469,32,51,10,6,0.8384,0.8421,0.8361,0.8,0.8581,12,73,9,8,0.8333,0.6,0.8902,0.5854,0.8378,13,75,7,7,0.8627,0.65,0.9146,0.65,0.8262,10,71,11,10,0.7941,0.5,0.8659,0.4878,0.7811,9,77,5,11,0.8431,0.45,0.939,0.5294,0.8134,10,67,15,10,0.7549,0.5,0.8171,0.4444,0.7945,27,49,3,5,0.9048,0.8438,0.9423,0.871,0.9417,26,47,5,6,0.869,0.8125,0.9038,0.8254,0.9411,28,44,8,4,0.8571,0.875,0.8462,0.8235,0.9393,26,48,4,6,0.881,0.8125,0.9231,0.8387,0.9513,28,46,6,4,0.881,0.875,0.8846,0.8485,0.9549,14,59,6,7,0.8488,0.6667,0.9077,0.6829,0.7399,13,57,8,8,0.814,0.619,0.8769,0.619,0.6813,14,56,9,7,0.814,0.6667,0.8615,0.6364,0.7853,13,56,9,8,0.8023,0.619,0.8615,0.6047,0.8051,14,57,8,7,0.8256,0.6667,0.8769,0.6512,0.7443
577,24,56,7,12,0.8081,0.6667,0.8889,0.7164,0.8144,23,58,5,13,0.8182,0.6389,0.9206,0.7187,0.8316,22,56,7,14,0.7879,0.6111,0.8889,0.6769,0.8073,24,58,5,12,0.8283,0.6667,0.9206,0.7385,0.8069,22,57,6,14,0.798,0.6111,0.9048,0.6875,0.8302,15,71,3,13,0.8431,0.5357,0.9595,0.6522,0.7481,18,70,4,10,0.8627,0.6429,0.9459,0.72,0.7722,16,67,7,12,0.8137,0.5714,0.9054,0.6275,0.7119,14,71,3,14,0.8333,0.5,0.9595,0.6222,0.7481,16,66,8,12,0.8039,0.5714,0.8919,0.6154,0.7408,18,54,2,10,0.8571,0.6429,0.9643,0.75,0.8527,18,46,10,10,0.7619,0.6429,0.8214,0.6429,0.8163,19,44,12,9,0.75,0.6786,0.7857,0.6441,0.8348,19,46,10,9,0.7738,0.6786,0.8214,0.6667,0.8323,19,44,12,9,0.75,0.6786,0.7857,0.6441,0.8304,22,56,3,5,0.907,0.8148,0.9492,0.8462,0.919,21,55,4,6,0.8837,0.7778,0.9322,0.8077,0.914,22,54,5,5,0.8837,0.8148,0.9153,0.8148,0.8958,21,54,5,6,0.8721,0.7778,0.9153,0.7925,0.9259,22,55,4,5,0.8953,0.8148,0.9322,0.8302,0.9178
578,28,49,14,8,0.7778,0.7778,0.7778,0.7179,0.8761,25,58,5,11,0.8384,0.6944,0.9206,0.7576,0.907,26,54,9,10,0.8081,0.7222,0.8571,0.7324,0.888,28,58,5,8,0.8687,0.7778,0.9206,0.8116,0.8865,26,57,6,10,0.8384,0.7222,0.9048,0.7647,0.9131,20,69,6,7,0.8725,0.7407,0.92,0.7547,0.9032,24,68,7,3,0.902,0.8889,0.9067,0.8276,0.9022,19,66,9,8,0.8333,0.7037,0.88,0.6909,0.8632,17,69,6,10,0.8431,0.6296,0.92,0.68,0.9017,19,63,12,8,0.8039,0.7037,0.84,0.6552,0.8736,30,49,0,5,0.9405,0.8571,1.0,0.9231,0.9405,29,43,6,6,0.8571,0.8286,0.8776,0.8286,0.9434,29,41,8,6,0.8333,0.8286,0.8367,0.8056,0.9143,29,42,7,6,0.8452,0.8286,0.8571,0.8169,0.9318,29,42,7,6,0.8452,0.8286,0.8571,0.8169,0.9294,20,58,5,3,0.907,0.8696,0.9206,0.8333,0.9027,20,58,5,3,0.907,0.8696,0.9206,0.8333,0.891,20,56,7,3,0.8837,0.8696,0.8889,0.8,0.8992,20,56,7,3,0.8837,0.8696,0.8889,0.8,0.9186,20,58,5,3,0.907,0.8696,0.9206,0.8333,0.891
579,28,52,12,7,0.8081,0.8,0.8125,0.7467,0.8812,24,58,6,11,0.8283,0.6857,0.9062,0.7385,0.8804,26,52,12,9,0.7879,0.7429,0.8125,0.7123,0.8571,28,58,6,7,0.8687,0.8,0.9062,0.8116,0.8866,26,53,11,9,0.798,0.7429,0.8281,0.7222,0.8888,20,70,6,6,0.8824,0.7692,0.9211,0.7692,0.8618,21,70,6,5,0.8922,0.8077,0.9211,0.7925,0.836,20,70,6,6,0.8824,0.7692,0.9211,0.7692,0.8259,20,71,5,6,0.8922,0.7692,0.9342,0.7843,0.8462,20,67,9,6,0.8529,0.7692,0.8816,0.7273,0.8274,33,40,5,6,0.869,0.8462,0.8889,0.8571,0.9282,32,38,7,7,0.8333,0.8205,0.8444,0.8205,0.9561,33,34,11,6,0.7976,0.8462,0.7556,0.7952,0.9328,32,40,5,7,0.8571,0.8205,0.8889,0.8421,0.9613,33,38,7,6,0.8452,0.8462,0.8444,0.8354,0.9533,26,59,0,1,0.9884,0.963,1.0,0.9811,0.9969,26,58,1,1,0.9767,0.963,0.9831,0.963,0.9956,26,57,2,1,0.9651,0.963,0.9661,0.9455,0.9868,26,57,2,1,0.9651,0.963,0.9661,0.9455,0.99,26,58,1,1,0.9767,0.963,0.9831,0.963,0.9981
580,31,54,8,6,0.8586,0.8378,0.871,0.8158,0.8605,27,55,7,10,0.8283,0.7297,0.8871,0.7606,0.8614,27,53,9,10,0.8081,0.7297,0.8548,0.7397,0.8304,31,55,7,6,0.8687,0.8378,0.8871,0.8267,0.8644,27,53,9,10,0.8081,0.7297,0.8548,0.7397,0.8745,22,65,5,10,0.8529,0.6875,0.9286,0.7458,0.896,26,67,3,6,0.9118,0.8125,0.9571,0.8525,0.8875,21,64,6,11,0.8333,0.6562,0.9143,0.7119,0.8433,20,69,1,12,0.8725,0.625,0.9857,0.7547,0.8812,21,60,10,11,0.7941,0.6562,0.8571,0.6667,0.8576,22,45,8,9,0.7976,0.7097,0.8491,0.7213,0.7918,21,44,9,10,0.7738,0.6774,0.8302,0.6885,0.8558,22,39,14,9,0.7262,0.7097,0.7358,0.6567,0.8125,23,44,9,8,0.7976,0.7419,0.8302,0.7302,0.8661,22,41,12,9,0.75,0.7097,0.7736,0.6769,0.857,24,52,6,4,0.8837,0.8571,0.8966,0.8276,0.8719,22,51,7,6,0.8488,0.7857,0.8793,0.7719,0.8374,24,51,7,4,0.8721,0.8571,0.8793,0.8136,0.8873,22,51,7,6,0.8488,0.7857,0.8793,0.7719,0.9132,24,51,7,4,0.8721,0.8571,0.8793,0.8136,0.8528
581,23,57,12,7,0.8081,0.7667,0.8261,0.7077,0.8077,18,59,10,12,0.7778,0.6,0.8551,0.6207,0.8469,19,57,12,11,0.7677,0.6333,0.8261,0.623,0.8024,23,59,10,7,0.8283,0.7667,0.8551,0.7302,0.8005,19,59,10,11,0.7879,0.6333,0.8551,0.6441,0.8449,15,72,6,9,0.8529,0.625,0.9231,0.6667,0.8285,17,72,6,7,0.8725,0.7083,0.9231,0.7234,0.8659,12,74,4,12,0.8431,0.5,0.9487,0.6,0.8275,11,72,6,13,0.8137,0.4583,0.9231,0.5366,0.8424,12,69,9,12,0.7941,0.5,0.8846,0.5333,0.8419,21,40,16,7,0.7262,0.75,0.7143,0.6462,0.8284,22,38,18,6,0.7143,0.7857,0.6786,0.6471,0.8393,24,33,23,4,0.6786,0.8571,0.5893,0.64,0.8406,23,41,15,5,0.7619,0.8214,0.7321,0.697,0.8495,24,39,17,4,0.75,0.8571,0.6964,0.6957,0.8546,18,58,6,4,0.8837,0.8182,0.9062,0.7826,0.9027,18,57,7,4,0.8721,0.8182,0.8906,0.766,0.8899,18,57,7,4,0.8721,0.8182,0.8906,0.766,0.8885,18,57,7,4,0.8721,0.8182,0.8906,0.766,0.9219,18,57,7,4,0.8721,0.8182,0.8906,0.766,0.8899
582,34,47,6,12,0.8182,0.7391,0.8868,0.7907,0.8216,29,48,5,17,0.7778,0.6304,0.9057,0.725,0.8704,30,45,8,16,0.7576,0.6522,0.8491,0.7143,0.8064,34,48,5,12,0.8283,0.7391,0.9057,0.8,0.8037,30,45,8,16,0.7576,0.6522,0.8491,0.7143,0.8495,17,70,8,7,0.8529,0.7083,0.8974,0.6939,0.8002,18,71,7,6,0.8725,0.75,0.9103,0.7347,0.836,15,72,6,9,0.8529,0.625,0.9231,0.6667,0.7815,15,73,5,9,0.8627,0.625,0.9359,0.6818,0.8061,15,68,10,9,0.8137,0.625,0.8718,0.6122,0.8002,18,43,11,12,0.7262,0.6,0.7963,0.6102,0.7599,17,38,16,13,0.6548,0.5667,0.7037,0.5397,0.7914,17,36,18,13,0.631,0.5667,0.6667,0.5231,0.7765,18,40,14,12,0.6905,0.6,0.7407,0.5806,0.8049,17,39,15,13,0.6667,0.5667,0.7222,0.5484,0.7611,21,63,2,0,0.9767,1.0,0.9692,0.9545,0.9766,19,63,2,2,0.9535,0.9048,0.9692,0.9048,0.981,21,63,2,0,0.9767,1.0,0.9692,0.9545,0.9941,19,63,2,2,0.9535,0.9048,0.9692,0.9048,0.9839,21,63,2,0,0.9767,1.0,0.9692,0.9545,0.9824
583,29,47,13,10,0.7677,0.7436,0.7833,0.716,0.8132,25,52,8,14,0.7778,0.641,0.8667,0.6944,0.8201,27,46,14,12,0.7374,0.6923,0.7667,0.675,0.7996,29,52,8,10,0.8182,0.7436,0.8667,0.7632,0.8171,27,48,12,12,0.7576,0.6923,0.8,0.6923,0.8278,18,72,4,8,0.8824,0.6923,0.9474,0.75,0.7895,18,70,6,8,0.8627,0.6923,0.9211,0.72,0.8026,18,67,9,8,0.8333,0.6923,0.8816,0.6792,0.7945,18,71,5,8,0.8725,0.6923,0.9342,0.7347,0.8001,18,65,11,8,0.8137,0.6923,0.8553,0.6545,0.8082,31,46,4,3,0.9167,0.9118,0.92,0.8986,0.9406,31,41,9,3,0.8571,0.9118,0.82,0.8378,0.9535,31,37,13,3,0.8095,0.9118,0.74,0.7949,0.9318,31,42,8,3,0.869,0.9118,0.84,0.8493,0.9471,31,43,7,3,0.881,0.9118,0.86,0.8611,0.94,25,52,5,4,0.8953,0.8621,0.9123,0.8475,0.8941,25,52,5,4,0.8953,0.8621,0.9123,0.8475,0.9026,25,51,6,4,0.8837,0.8621,0.8947,0.8333,0.8911,25,51,6,4,0.8837,0.8621,0.8947,0.8333,0.9171,25,52,5,4,0.8953,0.8621,0.9123,0.8475,0.8911
584,24,54,9,12,0.7879,0.6667,0.8571,0.6957,0.8483,23,57,6,13,0.8081,0.6389,0.9048,0.7077,0.8779,23,53,10,13,0.7677,0.6389,0.8413,0.6667,0.836,24,57,6,12,0.8182,0.6667,0.9048,0.7273,0.8455,23,55,8,13,0.7879,0.6389,0.873,0.6866,0.8668,16,73,7,6,0.8725,0.7273,0.9125,0.7111,0.8733,18,73,7,4,0.8922,0.8182,0.9125,0.766,0.8705,16,73,7,6,0.8725,0.7273,0.9125,0.7111,0.8574,14,75,5,8,0.8725,0.6364,0.9375,0.6829,0.8665,16,72,8,6,0.8627,0.7273,0.9,0.6957,0.8818,13,57,2,12,0.8333,0.52,0.9661,0.65,0.7912,12,51,8,13,0.75,0.48,0.8644,0.5333,0.8075,13,46,13,12,0.7024,0.52,0.7797,0.5098,0.7837,13,51,8,12,0.7619,0.52,0.8644,0.5652,0.8108,13,47,12,12,0.7143,0.52,0.7966,0.52,0.7925,19,60,5,2,0.9186,0.9048,0.9231,0.8444,0.9172,18,59,6,3,0.8953,0.8571,0.9077,0.8,0.9187,19,58,7,2,0.8953,0.9048,0.8923,0.8085,0.9158,18,58,7,3,0.8837,0.8571,0.8923,0.7826,0.9282,19,59,6,2,0.907,0.9048,0.9077,0.8261,0.9245
585,22,58,11,8,0.8081,0.7333,0.8406,0.6984,0.8652,21,60,9,9,0.8182,0.7,0.8696,0.7,0.8894,21,58,11,9,0.798,0.7,0.8406,0.6774,0.8647,22,60,9,8,0.8283,0.7333,0.8696,0.7213,0.8853,21,59,10,9,0.8081,0.7,0.8551,0.6885,0.8961,26,62,3,11,0.8627,0.7027,0.9538,0.7879,0.8665,30,62,3,7,0.902,0.8108,0.9538,0.8571,0.9256,26,60,5,11,0.8431,0.7027,0.9231,0.7647,0.8753,24,63,2,13,0.8529,0.6486,0.9692,0.7619,0.9143,26,59,6,11,0.8333,0.7027,0.9077,0.7536,0.8931,15,55,7,7,0.8333,0.6818,0.8871,0.6818,0.8226,16,48,14,6,0.7619,0.7273,0.7742,0.6154,0.8145,18,43,19,4,0.7262,0.8182,0.6935,0.6102,0.813,16,49,13,6,0.7738,0.7273,0.7903,0.6275,0.8387,18,44,18,4,0.7381,0.8182,0.7097,0.6207,0.8519,30,51,3,2,0.9419,0.9375,0.9444,0.9231,0.9549,30,51,3,2,0.9419,0.9375,0.9444,0.9231,0.9427,30,51,3,2,0.9419,0.9375,0.9444,0.9231,0.9618,30,51,3,2,0.9419,0.9375,0.9444,0.9231,0.9699,30,51,3,2,0.9419,0.9375,0.9444,0.9231,0.9444
586,24,54,12,9,0.7879,0.7273,0.8182,0.6957,0.77,21,57,9,12,0.7879,0.6364,0.8636,0.6667,0.8251,22,55,11,11,0.7778,0.6667,0.8333,0.6667,0.7828,24,57,9,9,0.8182,0.7273,0.8636,0.7273,0.7801,22,56,10,11,0.7879,0.6667,0.8485,0.6769,0.8255,15,69,6,12,0.8235,0.5556,0.92,0.625,0.7595,16,71,4,11,0.8529,0.5926,0.9467,0.6809,0.841,14,67,8,13,0.7941,0.5185,0.8933,0.5714,0.7605,14,71,4,13,0.8333,0.5185,0.9467,0.6222,0.8123,14,67,8,13,0.7941,0.5185,0.8933,0.5714,0.8173,17,53,7,7,0.8333,0.7083,0.8833,0.7083,0.8451,15,47,13,9,0.7381,0.625,0.7833,0.5769,0.8583,17,41,19,7,0.6905,0.7083,0.6833,0.5667,0.8201,16,50,10,8,0.7857,0.6667,0.8333,0.64,0.8708,17,43,17,7,0.7143,0.7083,0.7167,0.5862,0.825,19,56,6,5,0.8721,0.7917,0.9032,0.7755,0.8481,18,55,7,6,0.8488,0.75,0.8871,0.7347,0.8273,19,55,7,5,0.8605,0.7917,0.8871,0.76,0.8683,18,55,7,6,0.8488,0.75,0.8871,0.7347,0.8878,19,55,7,5,0.8605,0.7917,0.8871,0.76,0.8367
587,23,59,10,7,0.8283,0.7667,0.8551,0.7302,0.8536,21,61,8,9,0.8283,0.7,0.8841,0.7119,0.8512,20,59,10,10,0.798,0.6667,0.8551,0.6667,0.8203,23,61,8,7,0.8485,0.7667,0.8841,0.7541,0.8215,20,58,11,10,0.7879,0.6667,0.8406,0.6557,0.8599,21,67,6,8,0.8627,0.7241,0.9178,0.75,0.8824,24,66,7,5,0.8824,0.8276,0.9041,0.8,0.8824,21,65,8,8,0.8431,0.7241,0.8904,0.7241,0.8668,19,69,4,10,0.8627,0.6552,0.9452,0.7308,0.8781,21,64,9,8,0.8333,0.7241,0.8767,0.7119,0.8758,19,50,3,12,0.8214,0.6129,0.9434,0.717,0.7931,20,45,8,11,0.7738,0.6452,0.8491,0.678,0.8351,20,42,11,11,0.7381,0.6452,0.7925,0.6452,0.7937,23,46,7,8,0.8214,0.7419,0.8679,0.7541,0.8332,20,46,7,11,0.7857,0.6452,0.8679,0.6897,0.8393,25,52,5,4,0.8953,0.8621,0.9123,0.8475,0.9068,22,52,5,7,0.8605,0.7586,0.9123,0.7857,0.9062,25,52,5,4,0.8953,0.8621,0.9123,0.8475,0.9026,22,52,5,7,0.8605,0.7586,0.9123,0.7857,0.9286,25,52,5,4,0.8953,0.8621,0.9123,0.8475,0.9141
588,30,53,6,10,0.8384,0.75,0.8983,0.7895,0.9008,24,54,5,16,0.7879,0.6,0.9153,0.6957,0.8958,28,52,7,12,0.8081,0.7,0.8814,0.7467,0.9017,30,54,5,10,0.8485,0.75,0.9153,0.8,0.9047,28,54,5,12,0.8283,0.7,0.9153,0.7671,0.9347,19,70,5,8,0.8725,0.7037,0.9333,0.7451,0.839,20,70,5,7,0.8824,0.7407,0.9333,0.7692,0.8948,19,70,5,8,0.8725,0.7037,0.9333,0.7451,0.8617,18,70,5,9,0.8627,0.6667,0.9333,0.72,0.883,19,68,7,8,0.8529,0.7037,0.9067,0.717,0.8835,22,47,5,10,0.8214,0.6875,0.9038,0.7458,0.8131,21,42,10,11,0.75,0.6562,0.8077,0.6667,0.8233,23,37,15,9,0.7143,0.7188,0.7115,0.6571,0.8059,21,41,11,11,0.7381,0.6562,0.7885,0.6562,0.8197,23,43,9,9,0.7857,0.7188,0.8269,0.7188,0.8347,22,56,3,5,0.907,0.8148,0.9492,0.8462,0.9046,22,56,3,5,0.907,0.8148,0.9492,0.8462,0.8895,22,55,4,5,0.8953,0.8148,0.9322,0.8302,0.9083,22,55,4,5,0.8953,0.8148,0.9322,0.8302,0.9372,22,56,3,5,0.907,0.8148,0.9492,0.8462,0.9102
589,27,56,9,7,0.8384,0.7941,0.8615,0.7714,0.8697,22,58,7,12,0.8081,0.6471,0.8923,0.6984,0.8611,25,55,10,9,0.8081,0.7353,0.8462,0.7246,0.8588,27,58,7,7,0.8586,0.7941,0.8923,0.7941,0.8638,25,58,7,9,0.8384,0.7353,0.8923,0.7576,0.8824,22,73,2,5,0.9314,0.8148,0.9733,0.8627,0.9723,24,70,5,3,0.9216,0.8889,0.9333,0.8571,0.9551,24,71,4,3,0.9314,0.8889,0.9467,0.8727,0.956,22,70,5,5,0.902,0.8148,0.9333,0.8148,0.961,24,68,7,3,0.902,0.8889,0.9067,0.8276,0.9526,21,45,12,6,0.7857,0.7778,0.7895,0.7,0.807,22,41,16,5,0.75,0.8148,0.7193,0.6769,0.807,22,41,16,5,0.75,0.8148,0.7193,0.6769,0.8233,22,42,15,5,0.7619,0.8148,0.7368,0.6875,0.8298,22,43,14,5,0.7738,0.8148,0.7544,0.6984,0.8421,18,57,5,6,0.8721,0.75,0.9194,0.766,0.9052,18,56,6,6,0.8605,0.75,0.9032,0.75,0.8945,18,54,8,6,0.8372,0.75,0.871,0.72,0.8817,18,54,8,6,0.8372,0.75,0.871,0.72,0.918,18,56,6,6,0.8605,0.75,0.9032,0.75,0.9099
590,26,55,9,9,0.8182,0.7429,0.8594,0.7429,0.854,22,59,5,13,0.8182,0.6286,0.9219,0.7097,0.8795,22,56,8,13,0.7879,0.6286,0.875,0.6769,0.8763,26,59,5,9,0.8586,0.7429,0.9219,0.7879,0.8578,22,56,8,13,0.7879,0.6286,0.875,0.6769,0.8866,26,66,5,5,0.902,0.8387,0.9296,0.8387,0.9187,27,66,5,4,0.9118,0.871,0.9296,0.8571,0.9146,25,65,6,6,0.8824,0.8065,0.9155,0.8065,0.9014,25,66,5,6,0.8922,0.8065,0.9296,0.8197,0.9187,25,63,8,6,0.8627,0.8065,0.8873,0.7812,0.9055,23,49,7,5,0.8571,0.8214,0.875,0.7931,0.8724,22,47,9,6,0.8214,0.7857,0.8393,0.7458,0.9196,22,42,14,6,0.7619,0.7857,0.75,0.6875,0.8827,22,50,6,6,0.8571,0.7857,0.8929,0.7857,0.9114,22,47,9,6,0.8214,0.7857,0.8393,0.7458,0.8967,28,52,4,2,0.9302,0.9333,0.9286,0.9032,0.9286,28,51,5,2,0.9186,0.9333,0.9107,0.8889,0.9167,28,51,5,2,0.9186,0.9333,0.9107,0.8889,0.9238,28,51,5,2,0.9186,0.9333,0.9107,0.8889,0.9369,28,51,5,2,0.9186,0.9333,0.9107,0.8889,0.9256
591,22,59,12,6,0.8182,0.7857,0.831,0.7097,0.8843,20,61,10,8,0.8182,0.7143,0.8592,0.6897,0.8994,19,58,13,9,0.7778,0.6786,0.8169,0.6333,0.8617,22,61,10,6,0.8384,0.7857,0.8592,0.7333,0.8667,19,60,11,9,0.798,0.6786,0.8451,0.6552,0.911,22,73,3,4,0.9314,0.8462,0.9605,0.8627,0.8968,23,71,5,3,0.9216,0.8846,0.9342,0.8519,0.8973,21,73,3,5,0.9216,0.8077,0.9605,0.84,0.8917,20,72,4,6,0.902,0.7692,0.9474,0.8,0.8907,21,68,8,5,0.8725,0.8077,0.8947,0.7636,0.9023,15,56,7,6,0.8452,0.7143,0.8889,0.6977,0.8178,15,46,17,6,0.7262,0.7143,0.7302,0.566,0.8352,15,46,17,6,0.7262,0.7143,0.7302,0.566,0.8269,15,50,13,6,0.7738,0.7143,0.7937,0.6122,0.8262,15,51,12,6,0.7857,0.7143,0.8095,0.625,0.8549,17,64,4,1,0.9419,0.9444,0.9412,0.8718,0.9641,17,63,5,1,0.9302,0.9444,0.9265,0.85,0.9673,17,62,6,1,0.9186,0.9444,0.9118,0.8293,0.96,17,62,6,1,0.9186,0.9444,0.9118,0.8293,0.9739,17,63,5,1,0.9302,0.9444,0.9265,0.85,0.9673
592,27,54,7,11,0.8182,0.7105,0.8852,0.75,0.8723,23,58,3,15,0.8182,0.6053,0.9508,0.7188,0.877,25,53,8,13,0.7879,0.6579,0.8689,0.7042,0.8568,27,58,3,11,0.8586,0.7105,0.9508,0.7941,0.8518,25,56,5,13,0.8182,0.6579,0.918,0.7353,0.8693,19,66,6,11,0.8333,0.6333,0.9167,0.6909,0.8292,23,65,7,7,0.8627,0.7667,0.9028,0.7667,0.9042,21,64,8,9,0.8333,0.7,0.8889,0.7119,0.8491,19,66,6,11,0.8333,0.6333,0.9167,0.6909,0.8917,21,62,10,9,0.8137,0.7,0.8611,0.6885,0.8685,23,44,5,12,0.7976,0.6571,0.898,0.7302,0.8099,25,41,8,10,0.7857,0.7143,0.8367,0.7353,0.8636,27,38,11,8,0.7738,0.7714,0.7755,0.7397,0.8117,25,41,8,10,0.7857,0.7143,0.8367,0.7353,0.8548,27,41,8,8,0.8095,0.7714,0.8367,0.7714,0.8717,25,53,3,5,0.907,0.8333,0.9464,0.8621,0.9363,25,53,3,5,0.907,0.8333,0.9464,0.8621,0.9262,25,53,3,5,0.907,0.8333,0.9464,0.8621,0.9345,25,53,3,5,0.907,0.8333,0.9464,0.8621,0.9494,25,53,3,5,0.907,0.8333,0.9464,0.8621,0.9399
593,30,49,9,11,0.798,0.7317,0.8448,0.75,0.8595,26,51,7,15,0.7778,0.6341,0.8793,0.7027,0.8431,27,49,9,14,0.7677,0.6585,0.8448,0.7013,0.8465,30,51,7,11,0.8182,0.7317,0.8793,0.7692,0.8537,27,51,7,14,0.7879,0.6585,0.8793,0.72,0.8802,19,71,3,9,0.8824,0.6786,0.9595,0.76,0.8731,22,68,6,6,0.8824,0.7857,0.9189,0.7857,0.876,17,70,4,11,0.8529,0.6071,0.9459,0.6939,0.8494,16,68,6,12,0.8235,0.5714,0.9189,0.64,0.8885,17,65,9,11,0.8039,0.6071,0.8784,0.6296,0.8697,16,51,6,11,0.7976,0.5926,0.8947,0.6531,0.8051,16,43,14,11,0.7024,0.5926,0.7544,0.5614,0.8168,18,42,15,9,0.7143,0.6667,0.7368,0.6,0.809,17,50,7,10,0.7976,0.6296,0.8772,0.6667,0.822,18,50,7,9,0.8095,0.6667,0.8772,0.6923,0.8402,20,58,2,6,0.907,0.7692,0.9667,0.8333,0.8821,19,57,3,7,0.8837,0.7308,0.95,0.7917,0.8551,20,56,4,6,0.8837,0.7692,0.9333,0.8,0.8763,19,56,4,7,0.8721,0.7308,0.9333,0.7755,0.9051,20,57,3,6,0.8953,0.7692,0.95,0.8163,0.8782
594,23,54,15,7,0.7778,0.7667,0.7826,0.6765,0.8522,22,57,12,8,0.798,0.7333,0.8261,0.6875,0.8623,23,51,18,7,0.7475,0.7667,0.7391,0.6479,0.8638,23,57,12,7,0.8081,0.7667,0.8261,0.7077,0.8575,23,56,13,7,0.798,0.7667,0.8116,0.697,0.8807,27,67,2,6,0.9216,0.8182,0.971,0.871,0.9012,29,67,2,4,0.9412,0.8788,0.971,0.9062,0.9056,25,65,4,8,0.8824,0.7576,0.942,0.8065,0.8814,25,67,2,8,0.902,0.7576,0.971,0.8333,0.9007,25,61,8,8,0.8431,0.7576,0.8841,0.7576,0.8933,19,49,7,9,0.8095,0.6786,0.875,0.7037,0.787,18,42,14,10,0.7143,0.6429,0.75,0.6,0.8527,18,39,17,10,0.6786,0.6429,0.6964,0.5714,0.7997,20,45,11,8,0.7738,0.7143,0.8036,0.678,0.8182,18,41,15,10,0.7024,0.6429,0.7321,0.5902,0.8361,20,59,4,3,0.9186,0.8696,0.9365,0.8511,0.9082,18,57,6,5,0.8721,0.7826,0.9048,0.766,0.9075,20,57,6,3,0.8953,0.8696,0.9048,0.8163,0.8903,18,57,6,5,0.8721,0.7826,0.9048,0.766,0.9165,20,57,6,3,0.8953,0.8696,0.9048,0.8163,0.9117
595,27,48,14,10,0.7576,0.7297,0.7742,0.6923,0.8065,24,54,8,13,0.7879,0.6486,0.871,0.6957,0.8487,24,50,12,13,0.7475,0.6486,0.8065,0.6575,0.7982,27,54,8,10,0.8182,0.7297,0.871,0.75,0.7947,24,52,10,13,0.7677,0.6486,0.8387,0.6761,0.8274,20,70,3,9,0.8824,0.6897,0.9589,0.7692,0.8545,22,68,5,7,0.8824,0.7586,0.9315,0.7857,0.8654,18,71,2,11,0.8725,0.6207,0.9726,0.7347,0.8356,18,68,5,11,0.8431,0.6207,0.9315,0.6923,0.8555,18,66,7,11,0.8235,0.6207,0.9041,0.6667,0.8436,19,43,11,11,0.7381,0.6333,0.7963,0.6333,0.8117,21,38,16,9,0.7024,0.7,0.7037,0.6269,0.8309,24,35,19,6,0.7024,0.8,0.6481,0.6575,0.8346,22,42,12,8,0.7619,0.7333,0.7778,0.6875,0.8586,24,41,13,6,0.7738,0.8,0.7593,0.7164,0.8531,27,52,3,4,0.9186,0.871,0.9455,0.8852,0.9378,26,52,3,5,0.907,0.8387,0.9455,0.8667,0.9144,27,52,3,4,0.9186,0.871,0.9455,0.8852,0.9455,26,52,3,5,0.907,0.8387,0.9455,0.8667,0.9625,27,52,3,4,0.9186,0.871,0.9455,0.8852,0.939
596,23,47,18,11,0.7071,0.6765,0.7231,0.6133,0.7638,19,51,14,15,0.7071,0.5588,0.7846,0.5672,0.8023,22,48,17,12,0.7071,0.6471,0.7385,0.6027,0.7394,23,51,14,11,0.7475,0.6765,0.7846,0.6479,0.7455,22,51,14,12,0.7374,0.6471,0.7846,0.6286,0.8163,17,70,8,7,0.8529,0.7083,0.8974,0.6939,0.8889,19,74,4,5,0.9118,0.7917,0.9487,0.8085,0.8526,16,73,5,8,0.8725,0.6667,0.9359,0.7111,0.8542,15,74,4,9,0.8725,0.625,0.9487,0.6977,0.8638,16,72,6,8,0.8627,0.6667,0.9231,0.6957,0.8579,26,44,5,9,0.8333,0.7429,0.898,0.7879,0.8379,25,32,17,10,0.6786,0.7143,0.6531,0.6494,0.8466,25,28,21,10,0.631,0.7143,0.5714,0.6173,0.7918,27,38,11,8,0.7738,0.7714,0.7755,0.7397,0.8566,25,33,16,10,0.6905,0.7143,0.6735,0.6579,0.8303,21,60,2,3,0.9419,0.875,0.9677,0.8936,0.9328,19,60,2,5,0.9186,0.7917,0.9677,0.8444,0.9133,21,57,5,3,0.907,0.875,0.9194,0.84,0.922,19,57,5,5,0.8837,0.7917,0.9194,0.7917,0.9362,21,60,2,3,0.9419,0.875,0.9677,0.8936,0.9348
597,25,53,17,4,0.7879,0.8621,0.7571,0.7042,0.833,20,59,11,9,0.798,0.6897,0.8429,0.6667,0.8369,23,55,15,6,0.7879,0.7931,0.7857,0.6866,0.8232,25,59,11,4,0.8485,0.8621,0.8429,0.7692,0.8281,23,57,13,6,0.8081,0.7931,0.8143,0.7077,0.8596,21,67,8,6,0.8627,0.7778,0.8933,0.75,0.8514,22,72,3,5,0.9216,0.8148,0.96,0.8462,0.8909,16,69,6,11,0.8333,0.5926,0.92,0.6531,0.8222,16,73,2,11,0.8725,0.5926,0.9733,0.7111,0.8672,16,68,7,11,0.8235,0.5926,0.9067,0.64,0.8528,16,53,8,7,0.8214,0.6957,0.8689,0.6809,0.7541,16,50,11,7,0.7857,0.6957,0.8197,0.64,0.8225,16,47,14,7,0.75,0.6957,0.7705,0.6038,0.7484,17,51,10,6,0.8095,0.7391,0.8361,0.68,0.7976,16,48,13,7,0.7619,0.6957,0.7869,0.6154,0.7812,18,60,6,2,0.907,0.9,0.9091,0.8182,0.9197,17,60,6,3,0.8953,0.85,0.9091,0.7907,0.9098,18,59,7,2,0.8953,0.9,0.8939,0.8,0.925,17,59,7,3,0.8837,0.85,0.8939,0.7727,0.9432,18,60,6,2,0.907,0.9,0.9091,0.8182,0.9136
598,30,48,14,7,0.7879,0.8108,0.7742,0.7407,0.8322,28,51,11,9,0.798,0.7568,0.8226,0.7368,0.8322,26,47,15,11,0.7374,0.7027,0.7581,0.6667,0.799,30,51,11,7,0.8182,0.8108,0.8226,0.7692,0.8075,26,49,13,11,0.7576,0.7027,0.7903,0.6842,0.833,16,72,4,10,0.8627,0.6154,0.9474,0.6957,0.8649,19,72,4,7,0.8922,0.7308,0.9474,0.7755,0.8553,17,73,3,9,0.8824,0.6538,0.9605,0.7391,0.8376,15,72,4,11,0.8529,0.5769,0.9474,0.6667,0.8618,17,72,4,9,0.8725,0.6538,0.9474,0.7234,0.8386,18,54,4,8,0.8571,0.6923,0.931,0.75,0.8893,18,52,6,8,0.8333,0.6923,0.8966,0.72,0.9045,19,47,11,7,0.7857,0.7308,0.8103,0.6786,0.9045,18,51,7,8,0.8214,0.6923,0.8793,0.7059,0.9171,19,50,8,7,0.8214,0.7308,0.8621,0.717,0.9125,16,59,7,4,0.8721,0.8,0.8939,0.7442,0.8705,16,58,8,4,0.8605,0.8,0.8788,0.7273,0.8492,16,58,8,4,0.8605,0.8,0.8788,0.7273,0.8841,16,58,8,4,0.8605,0.8,0.8788,0.7273,0.8924,16,58,8,4,0.8605,0.8,0.8788,0.7273,0.8568
599,26,53,13,7,0.798,0.7879,0.803,0.7222,0.843,23,58,8,10,0.8182,0.697,0.8788,0.7188,0.8476,24,54,12,9,0.7879,0.7273,0.8182,0.6957,0.8108,26,58,8,7,0.8485,0.7879,0.8788,0.7761,0.8379,24,56,10,9,0.8081,0.7273,0.8485,0.7164,0.8664,18,72,2,10,0.8824,0.6429,0.973,0.75,0.8369,20,70,4,8,0.8824,0.7143,0.9459,0.7692,0.8721,17,71,3,11,0.8627,0.6071,0.9595,0.7083,0.8499,15,70,4,13,0.8333,0.5357,0.9459,0.6383,0.8591,17,68,6,11,0.8333,0.6071,0.9189,0.6667,0.8562,30,43,5,6,0.869,0.8333,0.8958,0.8451,0.9005,31,39,9,5,0.8333,0.8611,0.8125,0.8158,0.8895,32,38,10,4,0.8333,0.8889,0.7917,0.8205,0.8999,31,41,7,5,0.8571,0.8611,0.8542,0.8378,0.9034,32,42,6,4,0.881,0.8889,0.875,0.8649,0.9126,17,59,6,4,0.8837,0.8095,0.9077,0.7727,0.8711,17,59,6,4,0.8837,0.8095,0.9077,0.7727,0.8711,17,59,6,4,0.8837,0.8095,0.9077,0.7727,0.8799,17,59,6,4,0.8837,0.8095,0.9077,0.7727,0.926,17,59,6,4,0.8837,0.8095,0.9077,0.7727,0.8769
600,25,52,16,6,0.7778,0.8065,0.7647,0.6944,0.8325,24,58,10,7,0.8283,0.7742,0.8529,0.7385,0.8472,22,52,16,9,0.7475,0.7097,0.7647,0.6377,0.8136,25,58,10,6,0.8384,0.8065,0.8529,0.7576,0.8454,22,54,14,9,0.7677,0.7097,0.7941,0.6567,0.8382,19,72,2,9,0.8922,0.6786,0.973,0.7755,0.8325,20,72,2,8,0.902,0.7143,0.973,0.8,0.8499,16,72,2,12,0.8627,0.5714,0.973,0.6957,0.8258,15,73,1,13,0.8627,0.5357,0.9865,0.6818,0.8407,16,69,5,12,0.8333,0.5714,0.9324,0.6531,0.834,29,40,7,8,0.8214,0.7838,0.8511,0.7945,0.8614,29,37,10,8,0.7857,0.7838,0.7872,0.7632,0.8712,32,35,12,5,0.7976,0.8649,0.7447,0.7901,0.8746,30,36,11,7,0.7857,0.8108,0.766,0.7692,0.8821,32,35,12,5,0.7976,0.8649,0.7447,0.7901,0.8907,20,57,6,3,0.8953,0.8696,0.9048,0.8163,0.9082,19,57,6,4,0.8837,0.8261,0.9048,0.7917,0.8944,20,55,8,3,0.8721,0.8696,0.873,0.7843,0.9199,19,55,8,4,0.8605,0.8261,0.873,0.76,0.9379,20,57,6,3,0.8953,0.8696,0.9048,0.8163,0.8813
601,32,48,8,11,0.8081,0.7442,0.8571,0.7711,0.8733,27,52,4,16,0.798,0.6279,0.9286,0.7297,0.8654,30,47,9,13,0.7778,0.6977,0.8393,0.7317,0.848,32,52,4,11,0.8485,0.7442,0.9286,0.8101,0.8561,30,52,4,13,0.8283,0.6977,0.9286,0.7792,0.8825,17,80,3,2,0.951,0.8947,0.9639,0.8718,0.9448,17,81,2,2,0.9608,0.8947,0.9759,0.8947,0.9474,17,80,3,2,0.951,0.8947,0.9639,0.8718,0.936,17,81,2,2,0.9608,0.8947,0.9759,0.8947,0.9448,17,77,6,2,0.9216,0.8947,0.9277,0.8095,0.9474,23,48,6,7,0.8452,0.7667,0.8889,0.7797,0.8907,23,45,9,7,0.8095,0.7667,0.8333,0.7419,0.9099,24,43,11,6,0.7976,0.8,0.7963,0.7385,0.9086,24,46,8,6,0.8333,0.8,0.8519,0.7742,0.9179,24,46,8,6,0.8333,0.8,0.8519,0.7742,0.884,14,65,4,3,0.9186,0.8235,0.942,0.8,0.9122,13,64,5,4,0.8953,0.7647,0.9275,0.7429,0.8917,14,63,6,3,0.8953,0.8235,0.913,0.7568,0.8934,13,63,6,4,0.8837,0.7647,0.913,0.7222,0.9079,14,64,5,3,0.907,0.8235,0.9275,0.7778,0.9003
602,23,61,10,5,0.8485,0.8214,0.8592,0.7541,0.8989,23,62,9,5,0.8586,0.8214,0.8732,0.7667,0.8898,22,58,13,6,0.8081,0.7857,0.8169,0.6984,0.8753,23,62,9,5,0.8586,0.8214,0.8732,0.7667,0.8727,22,62,9,6,0.8485,0.7857,0.8732,0.7458,0.9125,32,59,4,7,0.8922,0.8205,0.9365,0.8533,0.8946,33,63,0,6,0.9412,0.8462,1.0,0.9167,0.8987,29,61,2,10,0.8824,0.7436,0.9683,0.8286,0.8775,28,63,0,11,0.8922,0.7179,1.0,0.8358,0.8926,29,60,3,10,0.8725,0.7436,0.9524,0.8169,0.884,19,45,9,11,0.7619,0.6333,0.8333,0.6552,0.7623,21,42,12,9,0.75,0.7,0.7778,0.6667,0.8438,22,38,16,8,0.7143,0.7333,0.7037,0.6471,0.7784,22,46,8,8,0.8095,0.7333,0.8519,0.7333,0.8432,22,41,13,8,0.75,0.7333,0.7593,0.6769,0.8327,26,49,6,5,0.8721,0.8387,0.8909,0.8254,0.8956,25,49,6,6,0.8605,0.8065,0.8909,0.8065,0.8944,26,49,6,5,0.8721,0.8387,0.8909,0.8254,0.8845,25,49,6,6,0.8605,0.8065,0.8909,0.8065,0.9056,26,49,6,5,0.8721,0.8387,0.8909,0.8254,0.8921
603,30,46,12,11,0.7677,0.7317,0.7931,0.7229,0.865,27,50,8,14,0.7778,0.6585,0.8621,0.7105,0.8823,29,47,11,12,0.7677,0.7073,0.8103,0.716,0.8448,30,50,8,11,0.8081,0.7317,0.8621,0.7595,0.8652,29,50,8,12,0.798,0.7073,0.8621,0.7436,0.897,15,67,9,11,0.8039,0.5769,0.8816,0.6,0.7647,18,65,11,8,0.8137,0.6923,0.8553,0.6545,0.7535,14,66,10,12,0.7843,0.5385,0.8684,0.56,0.7348,13,65,11,13,0.7647,0.5,0.8553,0.52,0.7667,14,64,12,12,0.7647,0.5385,0.8421,0.5385,0.7404,28,38,6,12,0.7857,0.7,0.8636,0.7568,0.8352,25,32,12,15,0.6786,0.625,0.7273,0.6494,0.8017,25,30,14,15,0.6548,0.625,0.6818,0.6329,0.7824,27,32,12,13,0.7024,0.675,0.7273,0.6835,0.8068,25,32,12,15,0.6786,0.625,0.7273,0.6494,0.8057,14,67,4,1,0.9419,0.9333,0.9437,0.8485,0.9587,12,64,7,3,0.8837,0.8,0.9014,0.7059,0.939,14,64,7,1,0.907,0.9333,0.9014,0.7778,0.9493,12,64,7,3,0.8837,0.8,0.9014,0.7059,0.9465,14,64,7,1,0.907,0.9333,0.9014,0.7778,0.954
604,19,56,18,6,0.7576,0.76,0.7568,0.6129,0.8432,18,60,14,7,0.7879,0.72,0.8108,0.6316,0.8676,18,57,17,7,0.7576,0.72,0.7703,0.6,0.7978,19,60,14,6,0.798,0.76,0.8108,0.6552,0.8265,18,59,15,7,0.7778,0.72,0.7973,0.6207,0.8584,24,62,6,10,0.8431,0.7059,0.9118,0.75,0.8088,25,62,6,9,0.8529,0.7353,0.9118,0.7692,0.8153,23,61,7,11,0.8235,0.6765,0.8971,0.7188,0.795,23,62,6,11,0.8333,0.6765,0.9118,0.7302,0.8097,23,60,8,11,0.8137,0.6765,0.8824,0.7077,0.8274,18,47,5,14,0.7738,0.5625,0.9038,0.6545,0.7512,16,39,13,16,0.6548,0.5,0.75,0.5246,0.8383,19,38,14,13,0.6786,0.5938,0.7308,0.5846,0.7644,16,43,9,16,0.7024,0.5,0.8269,0.5614,0.8173,19,41,11,13,0.7143,0.5938,0.7885,0.6129,0.7819,27,56,2,1,0.9651,0.9643,0.9655,0.9474,0.9889,27,54,4,1,0.9419,0.9643,0.931,0.9153,0.9871,27,54,4,1,0.9419,0.9643,0.931,0.9153,0.9729,27,54,4,1,0.9419,0.9643,0.931,0.9153,0.9723,27,54,4,1,0.9419,0.9643,0.931,0.9153,0.9852
605,30,46,13,10,0.7677,0.75,0.7797,0.7229,0.8432,25,52,7,15,0.7778,0.625,0.8814,0.6944,0.8703,27,49,10,13,0.7677,0.675,0.8305,0.7013,0.8424,30,52,7,10,0.8283,0.75,0.8814,0.7792,0.8464,27,49,10,13,0.7677,0.675,0.8305,0.7013,0.872,28,63,3,8,0.8922,0.7778,0.9545,0.8358,0.8859,32,61,5,4,0.9118,0.8889,0.9242,0.8767,0.9104,24,60,6,12,0.8235,0.6667,0.9091,0.7273,0.8746,23,62,4,13,0.8333,0.6389,0.9394,0.7302,0.9024,24,58,8,12,0.8039,0.6667,0.8788,0.7059,0.8779,15,58,4,7,0.869,0.6818,0.9355,0.7317,0.7639,15,56,6,7,0.8452,0.6818,0.9032,0.6977,0.8409,15,51,11,7,0.7857,0.6818,0.8226,0.625,0.772,15,54,8,7,0.8214,0.6818,0.871,0.6667,0.827,15,52,10,7,0.7976,0.6818,0.8387,0.6383,0.8387,17,62,4,3,0.9186,0.85,0.9394,0.8293,0.9356,17,62,4,3,0.9186,0.85,0.9394,0.8293,0.9265,17,61,5,3,0.907,0.85,0.9242,0.8095,0.9265,17,61,5,3,0.907,0.85,0.9242,0.8095,0.9439,17,62,4,3,0.9186,0.85,0.9394,0.8293,0.9242
606,30,44,13,12,0.7475,0.7143,0.7719,0.7059,0.8012,21,48,9,21,0.697,0.5,0.8421,0.5833,0.8363,27,44,13,15,0.7172,0.6429,0.7719,0.6585,0.8037,30,48,9,12,0.7879,0.7143,0.8421,0.7407,0.8083,27,44,13,15,0.7172,0.6429,0.7719,0.6585,0.8521,23,70,5,4,0.9118,0.8519,0.9333,0.8364,0.9481,25,70,5,2,0.9314,0.9259,0.9333,0.8772,0.9526,20,70,5,7,0.8824,0.7407,0.9333,0.7692,0.9314,19,71,4,8,0.8824,0.7037,0.9467,0.76,0.9407,20,67,8,7,0.8529,0.7407,0.8933,0.7273,0.9398,21,48,8,7,0.8214,0.75,0.8571,0.7368,0.8782,19,43,13,9,0.7381,0.6786,0.7679,0.6333,0.8705,19,43,13,9,0.7381,0.6786,0.7679,0.6333,0.8744,21,46,10,7,0.7976,0.75,0.8214,0.7119,0.8935,19,46,10,9,0.7738,0.6786,0.8214,0.6667,0.8884,24,58,3,1,0.9535,0.96,0.9508,0.9231,0.9613,22,56,5,3,0.907,0.88,0.918,0.8462,0.9311,24,55,6,1,0.9186,0.96,0.9016,0.8727,0.9633,22,55,6,3,0.8953,0.88,0.9016,0.8302,0.96,24,56,5,1,0.9302,0.96,0.918,0.8889,0.9449
607,29,46,17,7,0.7576,0.8056,0.7302,0.7073,0.8602,26,51,12,10,0.7778,0.7222,0.8095,0.7027,0.877,28,50,13,8,0.7879,0.7778,0.7937,0.7273,0.8492,29,51,12,7,0.8081,0.8056,0.8095,0.7532,0.8446,28,51,12,8,0.798,0.7778,0.8095,0.7368,0.8664,15,72,8,7,0.8529,0.6818,0.9,0.6667,0.8227,17,73,7,5,0.8824,0.7727,0.9125,0.7391,0.8199,14,73,7,8,0.8529,0.6364,0.9125,0.6512,0.7898,13,73,7,9,0.8431,0.5909,0.9125,0.619,0.8216,14,70,10,8,0.8235,0.6364,0.875,0.6087,0.8159,19,49,7,9,0.8095,0.6786,0.875,0.7037,0.8042,20,36,20,8,0.6667,0.7143,0.6429,0.5882,0.824,20,32,24,8,0.619,0.7143,0.5714,0.5556,0.7768,21,39,17,7,0.7143,0.75,0.6964,0.6364,0.8106,20,37,19,8,0.6786,0.7143,0.6607,0.597,0.8004,26,48,6,6,0.8605,0.8125,0.8889,0.8125,0.9109,25,48,6,7,0.8488,0.7812,0.8889,0.7937,0.9282,26,47,7,6,0.8488,0.8125,0.8704,0.8,0.864,25,47,7,7,0.8372,0.7812,0.8704,0.7812,0.9028,26,48,6,6,0.8605,0.8125,0.8889,0.8125,0.8941
608,26,56,14,3,0.8283,0.8966,0.8,0.7536,0.9099,25,59,11,4,0.8485,0.8621,0.8429,0.7692,0.9123,24,55,15,5,0.798,0.8276,0.7857,0.7059,0.8931,26,59,11,3,0.8586,0.8966,0.8429,0.7879,0.8963,24,55,15,5,0.798,0.8276,0.7857,0.7059,0.9138,23,62,3,14,0.8333,0.6216,0.9538,0.7302,0.7809,26,63,2,11,0.8725,0.7027,0.9692,0.8,0.8241,17,61,4,20,0.7647,0.4595,0.9385,0.5862,0.7917,17,64,1,20,0.7941,0.4595,0.9846,0.6182,0.8046,17,61,4,20,0.7647,0.4595,0.9385,0.5862,0.8166,32,40,5,7,0.8571,0.8205,0.8889,0.8421,0.8832,34,34,11,5,0.8095,0.8718,0.7556,0.8095,0.9185,35,28,17,4,0.75,0.8974,0.6222,0.7692,0.8598,34,37,8,5,0.8452,0.8718,0.8222,0.8395,0.914,35,33,12,4,0.8095,0.8974,0.7333,0.814,0.886,21,59,3,3,0.9302,0.875,0.9516,0.875,0.9536,21,59,3,3,0.9302,0.875,0.9516,0.875,0.9442,21,59,3,3,0.9302,0.875,0.9516,0.875,0.9294,21,59,3,3,0.9302,0.875,0.9516,0.875,0.9577,21,59,3,3,0.9302,0.875,0.9516,0.875,0.9496
609,28,52,12,7,0.8081,0.8,0.8125,0.7467,0.8433,24,55,9,11,0.798,0.6857,0.8594,0.7059,0.8241,24,53,11,11,0.7778,0.6857,0.8281,0.6857,0.7996,28,55,9,7,0.8384,0.8,0.8594,0.7778,0.8308,24,53,11,11,0.7778,0.6857,0.8281,0.6857,0.8491,20,69,5,8,0.8725,0.7143,0.9324,0.7547,0.8412,21,69,5,7,0.8824,0.75,0.9324,0.7778,0.8847,18,69,5,10,0.8529,0.6429,0.9324,0.7059,0.846,18,71,3,10,0.8725,0.6429,0.9595,0.7347,0.8702,18,67,7,10,0.8333,0.6429,0.9054,0.6792,0.875,21,50,6,7,0.8452,0.75,0.8929,0.7636,0.882,21,47,9,7,0.8095,0.75,0.8393,0.7241,0.9177,21,44,12,7,0.7738,0.75,0.7857,0.6885,0.9031,22,48,8,6,0.8333,0.7857,0.8571,0.7586,0.9114,21,48,8,7,0.8214,0.75,0.8571,0.7368,0.8807,21,59,4,2,0.9302,0.913,0.9365,0.875,0.9303,20,59,4,3,0.9186,0.8696,0.9365,0.8511,0.9082,21,59,4,2,0.9302,0.913,0.9365,0.875,0.9365,20,59,4,3,0.9186,0.8696,0.9365,0.8511,0.9476,21,59,4,2,0.9302,0.913,0.9365,0.875,0.9158
610,26,54,7,12,0.8081,0.6842,0.8852,0.7324,0.7977,25,57,4,13,0.8283,0.6579,0.9344,0.7463,0.8011,25,55,6,13,0.8081,0.6579,0.9016,0.7246,0.7744,26,57,4,12,0.8384,0.6842,0.9344,0.7647,0.7804,25,56,5,13,0.8182,0.6579,0.918,0.7353,0.8231,15,67,10,10,0.8039,0.6,0.8701,0.6,0.8177,17,70,7,8,0.8529,0.68,0.9091,0.6939,0.8187,11,70,7,14,0.7941,0.44,0.9091,0.5116,0.7553,11,72,5,14,0.8137,0.44,0.9351,0.5366,0.8156,11,69,8,14,0.7843,0.44,0.8961,0.5,0.7849,18,48,9,9,0.7857,0.6667,0.8421,0.6667,0.8512,19,45,12,8,0.7619,0.7037,0.7895,0.6552,0.8811,20,39,18,7,0.7024,0.7407,0.6842,0.6154,0.8473,20,47,10,7,0.7976,0.7407,0.8246,0.7018,0.8941,20,44,13,7,0.7619,0.7407,0.7719,0.6667,0.8642,20,56,2,8,0.8837,0.7143,0.9655,0.8,0.8337,20,56,2,8,0.8837,0.7143,0.9655,0.8,0.7925,20,54,4,8,0.8605,0.7143,0.931,0.7692,0.8639,20,54,4,8,0.8605,0.7143,0.931,0.7692,0.9039,20,56,2,8,0.8837,0.7143,0.9655,0.8,0.8417
611,25,53,12,9,0.7879,0.7353,0.8154,0.7042,0.8376,23,56,9,11,0.798,0.6765,0.8615,0.697,0.8299,23,53,12,11,0.7677,0.6765,0.8154,0.6667,0.7819,25,56,9,9,0.8182,0.7353,0.8615,0.7353,0.81,23,51,14,11,0.7475,0.6765,0.7846,0.6479,0.8475,20,63,8,11,0.8137,0.6452,0.8873,0.678,0.8469,23,64,7,8,0.8529,0.7419,0.9014,0.7541,0.8478,15,64,7,16,0.7745,0.4839,0.9014,0.566,0.8137,14,67,4,17,0.7941,0.4516,0.9437,0.5714,0.8446,15,63,8,16,0.7647,0.4839,0.8873,0.5556,0.8246,20,52,1,11,0.8571,0.6452,0.9811,0.7692,0.8527,21,44,9,10,0.7738,0.6774,0.8302,0.6885,0.8484,22,40,13,9,0.7381,0.7097,0.7547,0.6667,0.8375,21,44,9,10,0.7738,0.6774,0.8302,0.6885,0.8576,22,41,12,9,0.75,0.7097,0.7736,0.6769,0.8497,22,58,3,3,0.9302,0.88,0.9508,0.88,0.9266,21,58,3,4,0.9186,0.84,0.9508,0.8571,0.9246,22,58,3,3,0.9302,0.88,0.9508,0.88,0.9279,21,58,3,4,0.9186,0.84,0.9508,0.8571,0.9462,22,58,3,3,0.9302,0.88,0.9508,0.88,0.9233
612,31,48,12,8,0.798,0.7949,0.8,0.7561,0.8184,31,51,9,8,0.8283,0.7949,0.85,0.7848,0.8355,26,43,17,13,0.697,0.6667,0.7167,0.6341,0.785,31,51,9,8,0.8283,0.7949,0.85,0.7848,0.8182,26,48,12,13,0.7475,0.6667,0.8,0.6753,0.8124,20,68,4,10,0.8627,0.6667,0.9444,0.7407,0.8796,23,68,4,7,0.8922,0.7667,0.9444,0.807,0.8898,19,68,4,11,0.8529,0.6333,0.9444,0.717,0.8653,16,69,3,14,0.8333,0.5333,0.9583,0.6531,0.8796,19,68,4,11,0.8529,0.6333,0.9444,0.717,0.8773,20,51,5,8,0.8452,0.7143,0.9107,0.7547,0.8508,19,45,11,9,0.7619,0.6786,0.8036,0.6552,0.8202,19,45,11,9,0.7619,0.6786,0.8036,0.6552,0.8335,20,49,7,8,0.8214,0.7143,0.875,0.7273,0.8329,19,48,8,9,0.7976,0.6786,0.8571,0.6909,0.8342,16,57,11,2,0.8488,0.8889,0.8382,0.7111,0.8873,15,55,13,3,0.814,0.8333,0.8088,0.6522,0.8799,16,55,13,2,0.8256,0.8889,0.8088,0.6809,0.893,15,55,13,3,0.814,0.8333,0.8088,0.6522,0.8971,16,55,13,2,0.8256,0.8889,0.8088,0.6809,0.8652
613,20,62,6,11,0.8283,0.6452,0.9118,0.7018,0.8117,16,65,3,15,0.8182,0.5161,0.9559,0.64,0.8235,18,62,6,13,0.8081,0.5806,0.9118,0.6545,0.7842,20,65,3,11,0.8586,0.6452,0.9559,0.7407,0.7756,18,64,4,13,0.8283,0.5806,0.9412,0.6792,0.8454,21,67,4,10,0.8627,0.6774,0.9437,0.75,0.8564,23,66,5,8,0.8725,0.7419,0.9296,0.7797,0.8383,20,64,7,11,0.8235,0.6452,0.9014,0.6897,0.8037,20,67,4,11,0.8529,0.6452,0.9437,0.7273,0.8437,20,62,9,11,0.8039,0.6452,0.8732,0.6667,0.8237,24,46,3,11,0.8333,0.6857,0.9388,0.7742,0.8286,22,43,6,13,0.7738,0.6286,0.8776,0.6984,0.8385,25,34,15,10,0.7024,0.7143,0.6939,0.6667,0.8257,23,40,9,12,0.75,0.6571,0.8163,0.6866,0.8519,25,34,15,10,0.7024,0.7143,0.6939,0.6667,0.8233,30,49,3,4,0.9186,0.8824,0.9423,0.8955,0.9033,29,49,3,5,0.907,0.8529,0.9423,0.8788,0.8863,30,48,4,4,0.907,0.8824,0.9231,0.8824,0.9157,29,48,4,5,0.8953,0.8529,0.9231,0.8657,0.9372,30,49,3,4,0.9186,0.8824,0.9423,0.8955,0.8982
614,28,51,7,13,0.798,0.6829,0.8793,0.7368,0.8507,26,54,4,15,0.8081,0.6341,0.931,0.7324,0.8364,23,51,7,18,0.7475,0.561,0.8793,0.6479,0.8267,28,54,4,13,0.8283,0.6829,0.931,0.7671,0.8234,23,52,6,18,0.7576,0.561,0.8966,0.6571,0.8638,23,66,7,6,0.8725,0.7931,0.9041,0.7797,0.906,25,69,4,4,0.9216,0.8621,0.9452,0.8621,0.9117,20,68,5,9,0.8627,0.6897,0.9315,0.7407,0.9051,18,71,2,11,0.8725,0.6207,0.9726,0.7347,0.9074,20,68,5,9,0.8627,0.6897,0.9315,0.7407,0.8951,13,56,4,11,0.8214,0.5417,0.9333,0.6341,0.8215,14,53,7,10,0.7976,0.5833,0.8833,0.6222,0.8583,16,47,13,8,0.75,0.6667,0.7833,0.6038,0.8729,14,54,6,10,0.8095,0.5833,0.9,0.6364,0.8792,16,52,8,8,0.8095,0.6667,0.8667,0.6667,0.8507,24,51,5,6,0.8721,0.8,0.9107,0.8136,0.8875,24,50,6,6,0.8605,0.8,0.8929,0.8,0.8625,24,49,7,6,0.8488,0.8,0.875,0.7869,0.8744,24,49,7,6,0.8488,0.8,0.875,0.7869,0.9071,24,50,6,6,0.8605,0.8,0.8929,0.8,0.8726
615,29,48,14,8,0.7778,0.7838,0.7742,0.725,0.7956,25,53,9,12,0.7879,0.6757,0.8548,0.7042,0.8239,26,48,14,11,0.7475,0.7027,0.7742,0.6753,0.7816,29,53,9,8,0.8283,0.7838,0.8548,0.7733,0.7969,26,50,12,11,0.7677,0.7027,0.8065,0.6933,0.8156,16,76,3,7,0.902,0.6957,0.962,0.7619,0.863,16,73,6,7,0.8725,0.6957,0.9241,0.7111,0.8575,14,74,5,9,0.8627,0.6087,0.9367,0.6667,0.8442,14,75,4,9,0.8725,0.6087,0.9494,0.6829,0.8773,14,72,7,9,0.8431,0.6087,0.9114,0.6364,0.8542,23,45,6,10,0.8095,0.697,0.8824,0.7419,0.8313,22,42,9,11,0.7619,0.6667,0.8235,0.6875,0.8342,23,38,13,10,0.7262,0.697,0.7451,0.6667,0.8247,23,43,8,10,0.7857,0.697,0.8431,0.7188,0.8562,23,40,11,10,0.75,0.697,0.7843,0.6866,0.8366,20,62,2,2,0.9535,0.9091,0.9688,0.9091,0.9418,19,61,3,3,0.9302,0.8636,0.9531,0.8636,0.9311,20,60,4,2,0.9302,0.9091,0.9375,0.8696,0.9332,19,60,4,3,0.9186,0.8636,0.9375,0.8444,0.9496,20,61,3,2,0.9419,0.9091,0.9531,0.8889,0.9382
616,27,42,18,12,0.697,0.6923,0.7,0.6429,0.8423,25,50,10,14,0.7576,0.641,0.8333,0.6757,0.8393,27,43,17,12,0.7071,0.6923,0.7167,0.6506,0.8,27,50,10,12,0.7778,0.6923,0.8333,0.7105,0.8254,27,48,12,12,0.7576,0.6923,0.8,0.6923,0.847,28,61,3,10,0.8725,0.7368,0.9531,0.8116,0.8861,31,61,3,7,0.902,0.8158,0.9531,0.8611,0.8877,27,60,4,11,0.8529,0.7105,0.9375,0.7826,0.8857,24,62,2,14,0.8431,0.6316,0.9688,0.75,0.8771,27,57,7,11,0.8235,0.7105,0.8906,0.75,0.8865,29,41,3,11,0.8333,0.725,0.9318,0.8056,0.8528,28,32,12,12,0.7143,0.7,0.7273,0.7,0.8409,29,34,10,11,0.75,0.725,0.7727,0.7342,0.8364,29,38,6,11,0.7976,0.725,0.8636,0.7733,0.8494,29,36,8,11,0.7738,0.725,0.8182,0.7532,0.8636,24,57,3,2,0.9419,0.9231,0.95,0.9057,0.9365,23,56,4,3,0.9186,0.8846,0.9333,0.8679,0.9359,24,53,7,2,0.8953,0.9231,0.8833,0.8421,0.9141,23,53,7,3,0.8837,0.8846,0.8833,0.8214,0.9269,24,56,4,2,0.9302,0.9231,0.9333,0.8889,0.9359
617,27,50,11,11,0.7778,0.7105,0.8197,0.7105,0.8236,26,56,5,12,0.8283,0.6842,0.918,0.7536,0.8529,24,51,10,14,0.7576,0.6316,0.8361,0.6667,0.8188,27,56,5,11,0.8384,0.7105,0.918,0.7714,0.8287,24,54,7,14,0.7879,0.6316,0.8852,0.6957,0.8434,23,69,3,7,0.902,0.7667,0.9583,0.8214,0.8306,23,71,1,7,0.9216,0.7667,0.9861,0.8519,0.8671,21,69,3,9,0.8824,0.7,0.9583,0.7778,0.8417,21,71,1,9,0.902,0.7,0.9861,0.8077,0.8495,21,69,3,9,0.8824,0.7,0.9583,0.7778,0.8412,19,52,5,8,0.8452,0.7037,0.9123,0.7451,0.8733,19,46,11,8,0.7738,0.7037,0.807,0.6667,0.8863,21,42,15,6,0.75,0.7778,0.7368,0.6667,0.872,20,47,10,7,0.7976,0.7407,0.8246,0.7018,0.9006,21,46,11,6,0.7976,0.7778,0.807,0.7119,0.8798,16,63,4,3,0.9186,0.8421,0.9403,0.8205,0.9372,15,62,5,4,0.8953,0.7895,0.9254,0.7692,0.9317,16,60,7,3,0.8837,0.8421,0.8955,0.7619,0.9002,15,60,7,4,0.8721,0.7895,0.8955,0.7317,0.9332,16,62,5,3,0.907,0.8421,0.9254,0.8,0.9293
618,26,42,18,13,0.6869,0.6667,0.7,0.6265,0.7722,24,52,8,15,0.7677,0.6154,0.8667,0.6761,0.8034,26,41,19,13,0.6768,0.6667,0.6833,0.619,0.7701,26,52,8,13,0.7879,0.6667,0.8667,0.7123,0.7654,26,50,10,13,0.7677,0.6667,0.8333,0.6933,0.8098,13,75,0,14,0.8627,0.4815,1.0,0.65,0.7565,16,75,0,11,0.8922,0.5926,1.0,0.7442,0.7995,14,74,1,13,0.8627,0.5185,0.9867,0.6667,0.7541,12,75,0,15,0.8529,0.4444,1.0,0.6154,0.7788,14,71,4,13,0.8333,0.5185,0.9467,0.6222,0.7817,29,42,4,9,0.8452,0.7632,0.913,0.8169,0.8793,28,39,7,10,0.7976,0.7368,0.8478,0.7671,0.8867,28,35,11,10,0.75,0.7368,0.7609,0.7273,0.8816,29,38,8,9,0.7976,0.7632,0.8261,0.7733,0.8947,28,36,10,10,0.7619,0.7368,0.7826,0.7368,0.8999,19,54,8,5,0.8488,0.7917,0.871,0.7451,0.838,19,53,9,5,0.8372,0.7917,0.8548,0.7308,0.7977,19,50,12,5,0.8023,0.7917,0.8065,0.6909,0.8555,19,50,12,5,0.8023,0.7917,0.8065,0.6909,0.8629,19,53,9,5,0.8372,0.7917,0.8548,0.7308,0.8185
619,18,56,12,13,0.7475,0.5806,0.8235,0.5902,0.7647,16,60,8,15,0.7677,0.5161,0.8824,0.5818,0.7927,16,55,13,15,0.7172,0.5161,0.8088,0.5333,0.7486,18,60,8,13,0.7879,0.5806,0.8824,0.6316,0.7367,16,58,10,15,0.7475,0.5161,0.8529,0.5614,0.8041,24,66,3,9,0.8824,0.7273,0.9565,0.8,0.8766,27,66,3,6,0.9118,0.8182,0.9565,0.8571,0.8981,21,66,3,12,0.8529,0.6364,0.9565,0.7368,0.8709,21,66,3,12,0.8529,0.6364,0.9565,0.7368,0.8827,21,64,5,12,0.8333,0.6364,0.9275,0.7119,0.892,23,48,6,7,0.8452,0.7667,0.8889,0.7797,0.8494,20,42,12,10,0.7381,0.6667,0.7778,0.6452,0.837,20,39,15,10,0.7024,0.6667,0.7222,0.6154,0.8315,20,43,11,10,0.75,0.6667,0.7963,0.6557,0.8463,20,42,12,10,0.7381,0.6667,0.7778,0.6452,0.8222,23,58,5,0,0.9419,1.0,0.9206,0.902,0.9607,22,57,6,1,0.9186,0.9565,0.9048,0.8627,0.9648,23,57,6,0,0.9302,1.0,0.9048,0.8846,0.9586,22,57,6,1,0.9186,0.9565,0.9048,0.8627,0.9531,23,57,6,0,0.9302,1.0,0.9048,0.8846,0.9586
620,14,63,11,11,0.7778,0.56,0.8514,0.56,0.7897,13,66,8,12,0.798,0.52,0.8919,0.5652,0.7584,13,63,11,12,0.7677,0.52,0.8514,0.5306,0.7681,14,66,8,11,0.8081,0.56,0.8919,0.5957,0.7665,13,63,11,12,0.7677,0.52,0.8514,0.5306,0.8249,16,75,3,8,0.8922,0.6667,0.9615,0.7442,0.8691,19,76,2,5,0.9314,0.7917,0.9744,0.8444,0.8622,17,76,2,7,0.9118,0.7083,0.9744,0.7907,0.8558,15,77,1,9,0.902,0.625,0.9872,0.75,0.8622,17,76,2,7,0.9118,0.7083,0.9744,0.7907,0.8595,21,43,7,13,0.7619,0.6176,0.86,0.6774,0.8571,20,42,8,14,0.7381,0.5882,0.84,0.6452,0.8371,22,40,10,12,0.7381,0.6471,0.8,0.6667,0.8488,23,44,6,11,0.7976,0.6765,0.88,0.7302,0.8594,22,42,8,12,0.7619,0.6471,0.84,0.6875,0.8488,26,55,2,3,0.9419,0.8966,0.9649,0.9123,0.9679,24,54,3,5,0.907,0.8276,0.9474,0.8571,0.9534,26,54,3,3,0.9302,0.8966,0.9474,0.8966,0.9528,24,54,3,5,0.907,0.8276,0.9474,0.8571,0.9655,26,54,3,3,0.9302,0.8966,0.9474,0.8966,0.9722
621,19,55,15,10,0.7475,0.6552,0.7857,0.6032,0.8079,17,61,9,12,0.7879,0.5862,0.8714,0.6182,0.7892,16,54,16,13,0.7071,0.5517,0.7714,0.5246,0.7857,19,61,9,10,0.8081,0.6552,0.8714,0.6667,0.8,16,58,12,13,0.7475,0.5517,0.8286,0.5614,0.8236,22,66,7,7,0.8627,0.7586,0.9041,0.7586,0.8687,24,68,5,5,0.902,0.8276,0.9315,0.8276,0.8479,21,66,7,8,0.8529,0.7241,0.9041,0.7368,0.847,20,69,4,9,0.8725,0.6897,0.9452,0.7547,0.8725,21,65,8,8,0.8431,0.7241,0.8904,0.7241,0.855,21,47,7,9,0.8095,0.7,0.8704,0.7241,0.8019,20,49,5,10,0.8214,0.6667,0.9074,0.7273,0.8883,20,39,15,10,0.7024,0.6667,0.7222,0.6154,0.8043,22,46,8,8,0.8095,0.7333,0.8519,0.7333,0.8648,20,41,13,10,0.7262,0.6667,0.7593,0.6349,0.8481,11,69,4,2,0.9302,0.8462,0.9452,0.7857,0.9252,8,67,6,5,0.8721,0.6154,0.9178,0.5926,0.9073,11,65,8,2,0.8837,0.8462,0.8904,0.6875,0.883,8,65,8,5,0.8488,0.6154,0.8904,0.5517,0.9125,11,67,6,2,0.907,0.8462,0.9178,0.7333,0.922
622,22,56,11,10,0.7879,0.6875,0.8358,0.6769,0.7938,20,58,9,12,0.7879,0.625,0.8657,0.6557,0.8596,21,55,12,11,0.7677,0.6562,0.8209,0.6462,0.7999,22,58,9,10,0.8081,0.6875,0.8657,0.6984,0.7736,21,57,10,11,0.7879,0.6562,0.8507,0.6667,0.8405,10,77,3,12,0.8529,0.4545,0.9625,0.5714,0.721,14,77,3,8,0.8922,0.6364,0.9625,0.7179,0.7733,10,75,5,12,0.8333,0.4545,0.9375,0.5405,0.7347,8,78,2,14,0.8431,0.3636,0.975,0.5,0.7574,10,74,6,12,0.8235,0.4545,0.925,0.5263,0.7619,19,51,3,11,0.8333,0.6333,0.9444,0.7308,0.842,20,40,14,10,0.7143,0.6667,0.7407,0.625,0.8012,21,39,15,9,0.7143,0.7,0.7222,0.6364,0.8426,20,43,11,10,0.75,0.6667,0.7963,0.6557,0.813,21,42,12,9,0.75,0.7,0.7778,0.6667,0.8142,17,60,6,3,0.8953,0.85,0.9091,0.7907,0.8902,17,60,6,3,0.8953,0.85,0.9091,0.7907,0.8788,17,59,7,3,0.8837,0.85,0.8939,0.7727,0.9061,17,59,7,3,0.8837,0.85,0.8939,0.7727,0.928,17,60,6,3,0.8953,0.85,0.9091,0.7907,0.8758
623,26,45,13,15,0.7172,0.6341,0.7759,0.65,0.7662,20,48,10,21,0.6869,0.4878,0.8276,0.5634,0.7998,22,44,14,19,0.6667,0.5366,0.7586,0.5714,0.7447,26,48,10,15,0.7475,0.6341,0.8276,0.6753,0.7784,22,46,12,19,0.6869,0.5366,0.7931,0.5867,0.791,14,70,9,9,0.8235,0.6087,0.8861,0.6087,0.8101,18,66,13,5,0.8235,0.7826,0.8354,0.6667,0.8547,13,64,15,10,0.7549,0.5652,0.8101,0.5098,0.8008,12,67,12,11,0.7745,0.5217,0.8481,0.5106,0.8327,13,60,19,10,0.7157,0.5652,0.7595,0.4727,0.8052,14,51,10,9,0.7738,0.6087,0.8361,0.5957,0.8432,14,45,16,9,0.7024,0.6087,0.7377,0.5283,0.8574,15,44,17,8,0.7024,0.6522,0.7213,0.5455,0.8553,14,49,12,9,0.75,0.6087,0.8033,0.5714,0.8475,15,50,11,8,0.7738,0.6522,0.8197,0.6122,0.8681,21,62,2,1,0.9651,0.9545,0.9688,0.9333,0.9794,21,62,2,1,0.9651,0.9545,0.9688,0.9333,0.9865,21,61,3,1,0.9535,0.9545,0.9531,0.913,0.9773,21,61,3,1,0.9535,0.9545,0.9531,0.913,0.9766,21,62,2,1,0.9651,0.9545,0.9688,0.9333,0.9808
624,30,38,18,13,0.6869,0.6977,0.6786,0.6593,0.7529,23,43,13,20,0.6667,0.5349,0.7679,0.5823,0.7753,28,38,18,15,0.6667,0.6512,0.6786,0.6292,0.745,30,43,13,13,0.7374,0.6977,0.7679,0.6977,0.7562,28,42,14,15,0.7071,0.6512,0.75,0.6588,0.7919,19,73,3,7,0.902,0.7308,0.9605,0.7917,0.831,20,71,5,6,0.8922,0.7692,0.9342,0.7843,0.8618,14,71,5,12,0.8333,0.5385,0.9342,0.6222,0.8031,14,71,5,12,0.8333,0.5385,0.9342,0.6222,0.8451,14,68,8,12,0.8039,0.5385,0.8947,0.5833,0.8087,19,47,5,13,0.7857,0.5938,0.9038,0.6786,0.7722,20,42,10,12,0.7381,0.625,0.8077,0.6452,0.7812,21,38,14,11,0.7024,0.6562,0.7308,0.6269,0.7638,22,42,10,10,0.7619,0.6875,0.8077,0.6875,0.7909,21,39,13,11,0.7143,0.6562,0.75,0.6364,0.8047,18,64,2,2,0.9535,0.9,0.9697,0.9,0.9288,17,63,3,3,0.9302,0.85,0.9545,0.85,0.8902,18,61,5,2,0.9186,0.9,0.9242,0.8372,0.9379,17,61,5,3,0.907,0.85,0.9242,0.8095,0.9424,18,63,3,2,0.9419,0.9,0.9545,0.878,0.9212
625,26,54,12,7,0.8081,0.7879,0.8182,0.7324,0.8508,24,59,7,9,0.8384,0.7273,0.8939,0.75,0.86,25,55,11,8,0.8081,0.7576,0.8333,0.7246,0.8205,26,59,7,7,0.8586,0.7879,0.8939,0.7879,0.8444,25,58,8,8,0.8384,0.7576,0.8788,0.7576,0.8577,22,73,1,6,0.9314,0.7857,0.9865,0.8627,0.9537,25,73,1,3,0.9608,0.8929,0.9865,0.9259,0.9445,23,72,2,5,0.9314,0.8214,0.973,0.8679,0.9305,20,73,1,8,0.9118,0.7143,0.9865,0.8163,0.9426,23,70,4,5,0.9118,0.8214,0.9459,0.8364,0.9242,23,41,4,16,0.7619,0.5897,0.9111,0.697,0.7897,21,30,15,18,0.6071,0.5385,0.6667,0.56,0.7772,21,30,15,18,0.6071,0.5385,0.6667,0.56,0.747,24,35,10,15,0.7024,0.6154,0.7778,0.6575,0.7755,21,33,12,18,0.6429,0.5385,0.7333,0.5833,0.7658,22,59,2,3,0.9419,0.88,0.9672,0.898,0.9331,19,58,3,6,0.8953,0.76,0.9508,0.8085,0.9266,22,57,4,3,0.9186,0.88,0.9344,0.8627,0.9187,19,57,4,6,0.8837,0.76,0.9344,0.7917,0.941,22,58,3,3,0.9302,0.88,0.9508,0.88,0.9416
626,23,44,16,16,0.6768,0.5897,0.7333,0.5897,0.7368,19,50,10,20,0.697,0.4872,0.8333,0.5588,0.7124,22,43,17,17,0.6566,0.5641,0.7167,0.5641,0.7248,23,50,10,16,0.7374,0.5897,0.8333,0.6389,0.7359,22,50,10,17,0.7273,0.5641,0.8333,0.6197,0.7859,16,76,5,5,0.902,0.7619,0.9383,0.7619,0.9518,18,75,6,3,0.9118,0.8571,0.9259,0.8,0.9336,16,75,6,5,0.8922,0.7619,0.9259,0.7442,0.9153,15,75,6,6,0.8824,0.7143,0.9259,0.7143,0.9365,16,74,7,5,0.8824,0.7619,0.9136,0.7273,0.9306,18,51,6,9,0.8214,0.6667,0.8947,0.7059,0.82,18,47,10,9,0.7738,0.6667,0.8246,0.6545,0.8454,18,43,14,9,0.7262,0.6667,0.7544,0.6102,0.8265,18,49,8,9,0.7976,0.6667,0.8596,0.6792,0.8337,18,48,9,9,0.7857,0.6667,0.8421,0.6667,0.8447,15,62,5,4,0.8953,0.7895,0.9254,0.7692,0.872,14,61,6,5,0.8721,0.7368,0.9104,0.7179,0.8602,15,60,7,4,0.8721,0.7895,0.8955,0.7317,0.8625,14,60,7,5,0.8605,0.7368,0.8955,0.7,0.8979,15,61,6,4,0.8837,0.7895,0.9104,0.75,0.8814
627,26,48,15,10,0.7475,0.7222,0.7619,0.6753,0.8298,23,54,9,13,0.7778,0.6389,0.8571,0.6765,0.8395,25,49,14,11,0.7475,0.6944,0.7778,0.6667,0.8086,26,54,9,10,0.8081,0.7222,0.8571,0.7324,0.838,25,54,9,11,0.798,0.6944,0.8571,0.7143,0.8695,13,82,2,5,0.9314,0.7222,0.9762,0.7879,0.8862,13,80,4,5,0.9118,0.7222,0.9524,0.7429,0.9114,12,79,5,6,0.8922,0.6667,0.9405,0.6857,0.875,12,80,4,6,0.902,0.6667,0.9524,0.7059,0.9067,12,77,7,6,0.8725,0.6667,0.9167,0.6486,0.8743,23,42,3,16,0.7738,0.5897,0.9333,0.7077,0.8234,26,34,11,13,0.7143,0.6667,0.7556,0.6842,0.841,26,34,11,13,0.7143,0.6667,0.7556,0.6842,0.8182,26,37,8,13,0.75,0.6667,0.8222,0.7123,0.833,26,38,7,13,0.7619,0.6667,0.8444,0.7222,0.8194,18,59,4,5,0.8953,0.7826,0.9365,0.8,0.8765,18,57,6,5,0.8721,0.7826,0.9048,0.766,0.8461,18,54,9,5,0.8372,0.7826,0.8571,0.72,0.8689,18,54,9,5,0.8372,0.7826,0.8571,0.72,0.8999,18,57,6,5,0.8721,0.7826,0.9048,0.766,0.882
628,29,45,11,14,0.7475,0.6744,0.8036,0.6988,0.8218,26,50,6,17,0.7677,0.6047,0.8929,0.6933,0.8364,27,46,10,16,0.7374,0.6279,0.8214,0.675,0.8194,29,50,6,14,0.798,0.6744,0.8929,0.7436,0.8223,27,50,6,16,0.7778,0.6279,0.8929,0.7105,0.8567,19,73,2,8,0.902,0.7037,0.9733,0.7917,0.8405,20,69,6,7,0.8725,0.7407,0.92,0.7547,0.842,18,66,9,9,0.8235,0.6667,0.88,0.6667,0.8336,17,69,6,10,0.8431,0.6296,0.92,0.68,0.8286,18,64,11,9,0.8039,0.6667,0.8533,0.6429,0.8454,17,48,6,13,0.7738,0.5667,0.8889,0.6415,0.7957,16,45,9,14,0.7262,0.5333,0.8333,0.5818,0.8426,19,43,11,11,0.7381,0.6333,0.7963,0.6333,0.8148,16,48,6,14,0.7619,0.5333,0.8889,0.6154,0.8438,19,46,8,11,0.7738,0.6333,0.8519,0.6667,0.8531,14,62,3,7,0.8837,0.6667,0.9538,0.7368,0.8249,14,60,5,7,0.8605,0.6667,0.9231,0.7,0.7839,14,57,8,7,0.8256,0.6667,0.8769,0.6512,0.8066,14,57,8,7,0.8256,0.6667,0.8769,0.6512,0.8476,14,60,5,7,0.8605,0.6667,0.9231,0.7,0.8234
629,27,54,7,11,0.8182,0.7105,0.8852,0.75,0.9085,25,57,4,13,0.8283,0.6579,0.9344,0.7463,0.887,24,55,6,14,0.798,0.6316,0.9016,0.7059,0.8585,27,57,4,11,0.8485,0.7105,0.9344,0.7826,0.8788,24,57,4,14,0.8182,0.6316,0.9344,0.7273,0.9021,15,76,2,9,0.8922,0.625,0.9744,0.7317,0.844,16,73,5,8,0.8725,0.6667,0.9359,0.7111,0.7954,14,74,4,10,0.8627,0.5833,0.9487,0.6667,0.7949,14,73,5,10,0.8529,0.5833,0.9359,0.6512,0.7938,14,72,6,10,0.8431,0.5833,0.9231,0.6364,0.8007,23,38,10,13,0.7262,0.6389,0.7917,0.6667,0.7824,22,35,13,14,0.6786,0.6111,0.7292,0.6197,0.8241,23,32,16,13,0.6548,0.6389,0.6667,0.6133,0.7778,23,38,10,13,0.7262,0.6389,0.7917,0.6667,0.8356,23,35,13,13,0.6905,0.6389,0.7292,0.6389,0.8125,27,53,6,0,0.9302,1.0,0.8983,0.9,0.9573,26,52,7,1,0.907,0.963,0.8814,0.8667,0.9567,27,51,8,0,0.907,1.0,0.8644,0.871,0.9598,26,51,8,1,0.8953,0.963,0.8644,0.8525,0.9561,27,52,7,0,0.9186,1.0,0.8814,0.8852,0.9391
630,20,58,12,9,0.7879,0.6897,0.8286,0.6557,0.8177,19,60,10,10,0.798,0.6552,0.8571,0.6552,0.865,18,59,11,11,0.7778,0.6207,0.8429,0.6207,0.802,20,60,10,9,0.8081,0.6897,0.8571,0.678,0.8054,18,60,10,11,0.7879,0.6207,0.8571,0.6316,0.836,17,66,7,12,0.8137,0.5862,0.9041,0.6415,0.7137,18,67,6,11,0.8333,0.6207,0.9178,0.6792,0.7359,16,66,7,13,0.8039,0.5517,0.9041,0.6154,0.727,16,67,6,13,0.8137,0.5517,0.9178,0.6275,0.7194,16,66,7,13,0.8039,0.5517,0.9041,0.6154,0.7492,22,49,5,8,0.8452,0.7333,0.9074,0.7719,0.85,20,42,12,10,0.7381,0.6667,0.7778,0.6452,0.8562,21,40,14,9,0.7262,0.7,0.7407,0.6462,0.837,21,44,10,9,0.7738,0.7,0.8148,0.6885,0.8648,21,41,13,9,0.7381,0.7,0.7593,0.6562,0.8352,23,58,3,2,0.9419,0.92,0.9508,0.902,0.9423,22,57,4,3,0.9186,0.88,0.9344,0.8627,0.9561,23,56,5,2,0.9186,0.92,0.918,0.8679,0.9266,22,56,5,3,0.907,0.88,0.918,0.8462,0.9469,23,57,4,2,0.9302,0.92,0.9344,0.8846,0.9449
631,27,49,16,7,0.7677,0.7941,0.7538,0.7013,0.7814,23,51,14,11,0.7475,0.6765,0.7846,0.6479,0.7955,19,47,18,15,0.6667,0.5588,0.7231,0.5352,0.7525,27,51,14,7,0.7879,0.7941,0.7846,0.72,0.7724,19,49,16,15,0.6869,0.5588,0.7538,0.5507,0.8072,24,62,4,12,0.8431,0.6667,0.9394,0.75,0.8169,27,60,6,9,0.8529,0.75,0.9091,0.7826,0.8274,20,59,7,16,0.7745,0.5556,0.8939,0.6349,0.79,18,61,5,18,0.7745,0.5,0.9242,0.6102,0.8224,20,54,12,16,0.7255,0.5556,0.8182,0.5882,0.806,23,46,7,8,0.8214,0.7419,0.8679,0.7541,0.8515,22,37,16,9,0.7024,0.7097,0.6981,0.6377,0.8351,24,36,17,7,0.7143,0.7742,0.6792,0.6667,0.8344,22,41,12,9,0.75,0.7097,0.7736,0.6769,0.8466,24,42,11,7,0.7857,0.7742,0.7925,0.7273,0.8466,24,56,4,2,0.9302,0.9231,0.9333,0.8889,0.9199,24,56,4,2,0.9302,0.9231,0.9333,0.8889,0.9077,24,56,4,2,0.9302,0.9231,0.9333,0.8889,0.9513,24,56,4,2,0.9302,0.9231,0.9333,0.8889,0.9462,24,56,4,2,0.9302,0.9231,0.9333,0.8889,0.9083
632,29,48,17,5,0.7778,0.8529,0.7385,0.725,0.8176,27,51,14,7,0.7879,0.7941,0.7846,0.72,0.8611,28,47,18,6,0.7576,0.8235,0.7231,0.7,0.7968,29,51,14,5,0.8081,0.8529,0.7846,0.7532,0.8052,28,50,15,6,0.7879,0.8235,0.7692,0.7273,0.862,20,68,9,5,0.8627,0.8,0.8831,0.7407,0.8743,20,71,6,5,0.8922,0.8,0.9221,0.7843,0.8821,16,71,6,9,0.8529,0.64,0.9221,0.6809,0.8499,16,72,5,9,0.8627,0.64,0.9351,0.6957,0.8686,16,68,9,9,0.8235,0.64,0.8831,0.64,0.8597,15,48,10,11,0.75,0.5769,0.8276,0.5882,0.752,17,42,16,9,0.7024,0.6538,0.7241,0.5763,0.7958,20,39,19,6,0.7024,0.7692,0.6724,0.6154,0.7997,17,44,14,9,0.7262,0.6538,0.7586,0.5965,0.8176,20,43,15,6,0.75,0.7692,0.7414,0.6557,0.807,22,57,7,0,0.9186,1.0,0.8906,0.8627,0.9673,22,55,9,0,0.8953,1.0,0.8594,0.8302,0.9688,22,54,10,0,0.8837,1.0,0.8438,0.8148,0.9716,22,54,10,0,0.8837,1.0,0.8438,0.8148,0.9723,22,55,9,0,0.8953,1.0,0.8594,0.8302,0.9545
633,25,52,12,10,0.7778,0.7143,0.8125,0.6944,0.8187,18,54,10,17,0.7273,0.5143,0.8438,0.5714,0.8121,22,49,15,13,0.7172,0.6286,0.7656,0.6111,0.7759,25,54,10,10,0.798,0.7143,0.8438,0.7143,0.804,22,52,12,13,0.7475,0.6286,0.8125,0.6377,0.8335,17,69,5,11,0.8431,0.6071,0.9324,0.68,0.8229,19,67,7,9,0.8431,0.6786,0.9054,0.7037,0.8403,16,66,8,12,0.8039,0.5714,0.8919,0.6154,0.7992,15,68,6,13,0.8137,0.5357,0.9189,0.6122,0.8398,16,62,12,12,0.7647,0.5714,0.8378,0.5714,0.8238,17,47,9,11,0.7619,0.6071,0.8393,0.6296,0.7768,16,40,16,12,0.6667,0.5714,0.7143,0.5333,0.7908,16,39,17,12,0.6548,0.5714,0.6964,0.5246,0.771,17,47,9,11,0.7619,0.6071,0.8393,0.6296,0.8042,16,45,11,12,0.7262,0.5714,0.8036,0.5818,0.8061,16,63,3,4,0.9186,0.8,0.9545,0.8205,0.8674,15,63,3,5,0.907,0.75,0.9545,0.7895,0.8326,16,63,3,4,0.9186,0.8,0.9545,0.8205,0.8977,15,63,3,5,0.907,0.75,0.9545,0.7895,0.9091,16,63,3,4,0.9186,0.8,0.9545,0.8205,0.8712
634,36,45,11,7,0.8182,0.8372,0.8036,0.8,0.8837,35,49,7,8,0.8485,0.814,0.875,0.8235,0.8833,36,46,10,7,0.8283,0.8372,0.8214,0.809,0.8542,36,49,7,7,0.8586,0.8372,0.875,0.8372,0.8825,36,46,10,7,0.8283,0.8372,0.8214,0.809,0.8875,18,71,5,8,0.8725,0.6923,0.9342,0.7347,0.8527,20,72,4,6,0.902,0.7692,0.9474,0.8,0.8993,20,71,5,6,0.8922,0.7692,0.9342,0.7843,0.876,18,72,4,8,0.8824,0.6923,0.9474,0.75,0.8912,20,70,6,6,0.8824,0.7692,0.9211,0.7692,0.8811,32,38,4,10,0.8333,0.7619,0.9048,0.8205,0.89,30,34,8,12,0.7619,0.7143,0.8095,0.75,0.8776,31,29,13,11,0.7143,0.7381,0.6905,0.7209,0.8662,30,34,8,12,0.7619,0.7143,0.8095,0.75,0.9019,31,33,9,11,0.7619,0.7381,0.7857,0.7561,0.8793,16,63,4,3,0.9186,0.8421,0.9403,0.8205,0.9097,16,61,6,3,0.8953,0.8421,0.9104,0.7805,0.912,16,61,6,3,0.8953,0.8421,0.9104,0.7805,0.8861,16,61,6,3,0.8953,0.8421,0.9104,0.7805,0.9104,16,61,6,3,0.8953,0.8421,0.9104,0.7805,0.9167
635,33,45,10,11,0.7879,0.75,0.8182,0.7586,0.8893,28,49,6,16,0.7778,0.6364,0.8909,0.7179,0.8876,27,47,8,17,0.7475,0.6136,0.8545,0.6835,0.8409,33,49,6,11,0.8283,0.75,0.8909,0.7952,0.8909,27,48,7,17,0.7576,0.6136,0.8727,0.6923,0.9074,19,73,2,8,0.902,0.7037,0.9733,0.7917,0.8844,21,70,5,6,0.8922,0.7778,0.9333,0.7925,0.8919,19,71,4,8,0.8824,0.7037,0.9467,0.76,0.883,18,70,5,9,0.8627,0.6667,0.9333,0.72,0.8948,19,68,7,8,0.8529,0.7037,0.9067,0.717,0.8894,20,52,6,6,0.8571,0.7692,0.8966,0.7692,0.8554,20,44,14,6,0.7619,0.7692,0.7586,0.6667,0.8946,20,42,16,6,0.7381,0.7692,0.7241,0.6452,0.866,21,47,11,5,0.8095,0.8077,0.8103,0.7241,0.8912,20,45,13,6,0.7738,0.7692,0.7759,0.678,0.8813,21,59,1,5,0.9302,0.8077,0.9833,0.875,0.9346,20,57,3,6,0.8953,0.7692,0.95,0.8163,0.909,21,57,3,5,0.907,0.8077,0.95,0.84,0.9244,20,57,3,6,0.8953,0.7692,0.95,0.8163,0.9455,21,57,3,5,0.907,0.8077,0.95,0.84,0.9346
636,30,45,17,7,0.7576,0.8108,0.7258,0.7143,0.8335,26,50,12,11,0.7677,0.7027,0.8065,0.6933,0.8431,29,45,17,8,0.7475,0.7838,0.7258,0.6988,0.8073,30,50,12,7,0.8081,0.8108,0.8065,0.7595,0.8322,29,47,15,8,0.7677,0.7838,0.7581,0.716,0.8723,16,75,7,4,0.8922,0.8,0.9146,0.7442,0.9445,18,78,4,2,0.9412,0.9,0.9512,0.8571,0.9433,14,76,6,6,0.8824,0.7,0.9268,0.7,0.8896,14,79,3,6,0.9118,0.7,0.9634,0.7568,0.9415,14,74,8,6,0.8627,0.7,0.9024,0.6667,0.9146,21,52,5,6,0.869,0.7778,0.9123,0.7925,0.896,22,44,13,5,0.7857,0.8148,0.7719,0.7097,0.8967,22,43,14,5,0.7738,0.8148,0.7544,0.6984,0.8928,23,48,9,4,0.8452,0.8519,0.8421,0.7797,0.8993,22,46,11,5,0.8095,0.8148,0.807,0.7333,0.8843,17,65,1,3,0.9535,0.85,0.9848,0.8947,0.9583,16,64,2,4,0.9302,0.8,0.9697,0.8421,0.95,17,63,3,3,0.9302,0.85,0.9545,0.85,0.9333,16,63,3,4,0.9186,0.8,0.9545,0.8205,0.9583,17,64,2,3,0.9419,0.85,0.9697,0.8718,0.9644
637,25,55,7,12,0.8081,0.6757,0.8871,0.7246,0.8082,23,57,5,14,0.8081,0.6216,0.9194,0.7077,0.8195,24,54,8,13,0.7879,0.6486,0.871,0.6957,0.7995,25,57,5,12,0.8283,0.6757,0.9194,0.7463,0.7864,24,56,6,13,0.8081,0.6486,0.9032,0.7164,0.8291,15,78,5,4,0.9118,0.7895,0.9398,0.7692,0.884,16,80,3,3,0.9412,0.8421,0.9639,0.8421,0.884,15,78,5,4,0.9118,0.7895,0.9398,0.7692,0.8656,15,81,2,4,0.9412,0.7895,0.9759,0.8333,0.8865,15,77,6,4,0.902,0.7895,0.9277,0.75,0.8656,21,45,5,13,0.7857,0.6176,0.9,0.7,0.8182,22,39,11,12,0.7262,0.6471,0.78,0.6567,0.8588,24,34,16,10,0.6905,0.7059,0.68,0.6486,0.8512,24,40,10,10,0.7619,0.7059,0.8,0.7059,0.8659,24,36,14,10,0.7143,0.7059,0.72,0.6667,0.8406,23,58,2,3,0.9419,0.8846,0.9667,0.902,0.9692,22,55,5,4,0.8953,0.8462,0.9167,0.8302,0.966,23,55,5,3,0.907,0.8846,0.9167,0.8519,0.9385,22,55,5,4,0.8953,0.8462,0.9167,0.8302,0.9577,23,55,5,3,0.907,0.8846,0.9167,0.8519,0.9647
638,20,58,9,12,0.7879,0.625,0.8657,0.6557,0.8573,20,62,5,12,0.8283,0.625,0.9254,0.7018,0.8601,20,56,11,12,0.7677,0.625,0.8358,0.6349,0.8116,20,62,5,12,0.8283,0.625,0.9254,0.7018,0.8095,20,61,6,12,0.8182,0.625,0.9104,0.6897,0.8601,23,70,5,4,0.9118,0.8519,0.9333,0.8364,0.9338,24,73,2,3,0.951,0.8889,0.9733,0.9057,0.9427,19,72,3,8,0.8922,0.7037,0.96,0.7755,0.9062,19,73,2,8,0.902,0.7037,0.9733,0.7917,0.9249,19,72,3,8,0.8922,0.7037,0.96,0.7755,0.9328,22,45,8,9,0.7976,0.7097,0.8491,0.7213,0.8466,20,43,10,11,0.75,0.6452,0.8113,0.6557,0.8576,21,39,14,10,0.7143,0.6774,0.7358,0.6364,0.8442,20,46,7,11,0.7857,0.6452,0.8679,0.6897,0.8631,21,41,12,10,0.7381,0.6774,0.7736,0.6562,0.8521,24,56,6,0,0.9302,1.0,0.9032,0.8889,0.9469,23,55,7,1,0.907,0.9583,0.8871,0.8519,0.961,24,55,7,0,0.9186,1.0,0.8871,0.8727,0.959,23,55,7,1,0.907,0.9583,0.8871,0.8519,0.9617,24,55,7,0,0.9186,1.0,0.8871,0.8727,0.9516
639,22,51,13,13,0.7374,0.6286,0.7969,0.6286,0.7348,21,57,7,14,0.7879,0.6,0.8906,0.6667,0.7857,21,50,14,14,0.7172,0.6,0.7812,0.6,0.7246,22,57,7,13,0.798,0.6286,0.8906,0.6875,0.7402,21,55,9,14,0.7677,0.6,0.8594,0.6462,0.7781,16,72,8,6,0.8627,0.7273,0.9,0.6957,0.8699,17,75,5,5,0.902,0.7727,0.9375,0.7727,0.9261,12,75,5,10,0.8529,0.5455,0.9375,0.6154,0.8767,12,76,4,10,0.8627,0.5455,0.95,0.6316,0.9028,12,75,5,10,0.8529,0.5455,0.9375,0.6154,0.9097,21,48,7,8,0.8214,0.7241,0.8727,0.7368,0.8295,20,41,14,9,0.7262,0.6897,0.7455,0.6349,0.8476,20,37,18,9,0.6786,0.6897,0.6727,0.597,0.8088,21,42,13,8,0.75,0.7241,0.7636,0.6667,0.8464,20,38,17,9,0.6905,0.6897,0.6909,0.6061,0.8188,19,59,5,3,0.907,0.8636,0.9219,0.8261,0.8906,18,59,5,4,0.8953,0.8182,0.9219,0.8,0.8764,19,57,7,3,0.8837,0.8636,0.8906,0.7917,0.924,18,57,7,4,0.8721,0.8182,0.8906,0.766,0.9304,19,59,5,3,0.907,0.8636,0.9219,0.8261,0.8942
640,25,55,11,8,0.8081,0.7576,0.8333,0.7246,0.8916,23,59,7,10,0.8283,0.697,0.8939,0.7302,0.8696,24,55,11,9,0.798,0.7273,0.8333,0.7059,0.8659,25,59,7,8,0.8485,0.7576,0.8939,0.7692,0.8802,24,54,12,9,0.7879,0.7273,0.8182,0.6957,0.8967,17,75,7,3,0.902,0.85,0.9146,0.7727,0.8884,17,73,9,3,0.8824,0.85,0.8902,0.7391,0.8652,15,70,12,5,0.8333,0.75,0.8537,0.6383,0.8512,15,75,7,5,0.8824,0.75,0.9146,0.7143,0.8628,15,68,14,5,0.8137,0.75,0.8293,0.6122,0.8555,21,49,4,10,0.8333,0.6774,0.9245,0.75,0.8764,22,44,9,9,0.7857,0.7097,0.8302,0.7097,0.9215,25,42,11,6,0.7976,0.8065,0.7925,0.7463,0.8685,22,45,8,9,0.7976,0.7097,0.8491,0.7213,0.9044,25,42,11,6,0.7976,0.8065,0.7925,0.7463,0.8965,29,51,3,3,0.9302,0.9062,0.9444,0.9062,0.9589,29,50,4,3,0.9186,0.9062,0.9259,0.8923,0.9572,29,49,5,3,0.907,0.9062,0.9074,0.8788,0.9352,29,49,5,3,0.907,0.9062,0.9074,0.8788,0.9514,29,50,4,3,0.9186,0.9062,0.9259,0.8923,0.952
641,16,61,9,13,0.7778,0.5517,0.8714,0.5926,0.7527,14,63,7,15,0.7778,0.4828,0.9,0.56,0.7557,15,58,12,14,0.7374,0.5172,0.8286,0.5357,0.7369,16,63,7,13,0.798,0.5517,0.9,0.6154,0.7335,15,62,8,14,0.7778,0.5172,0.8857,0.5769,0.7966,13,75,8,6,0.8627,0.6842,0.9036,0.65,0.9049,14,80,3,5,0.9216,0.7368,0.9639,0.7778,0.8573,11,76,7,8,0.8529,0.5789,0.9157,0.5946,0.8402,10,81,2,9,0.8922,0.5263,0.9759,0.6452,0.8706,11,75,8,8,0.8431,0.5789,0.9036,0.5789,0.844,18,50,4,12,0.8095,0.6,0.9259,0.6923,0.7895,15,42,12,15,0.6786,0.5,0.7778,0.5263,0.7833,15,40,14,15,0.6548,0.5,0.7407,0.5085,0.7617,16,47,7,14,0.75,0.5333,0.8704,0.6038,0.7988,15,44,10,15,0.7024,0.5,0.8148,0.5455,0.7846,23,55,6,2,0.907,0.92,0.9016,0.8519,0.8905,23,55,6,2,0.907,0.92,0.9016,0.8519,0.8931,23,54,7,2,0.8953,0.92,0.8852,0.8364,0.9357,23,54,7,2,0.8953,0.92,0.8852,0.8364,0.9305,23,55,6,2,0.907,0.92,0.9016,0.8519,0.9003
642,29,47,14,9,0.7677,0.7632,0.7705,0.716,0.8632,25,53,8,13,0.7879,0.6579,0.8689,0.7042,0.8581,27,47,14,11,0.7475,0.7105,0.7705,0.6835,0.8408,29,53,8,9,0.8283,0.7632,0.8689,0.7733,0.8637,27,52,9,11,0.798,0.7105,0.8525,0.7297,0.8835,19,74,2,7,0.9118,0.7308,0.9737,0.8085,0.9286,23,72,4,3,0.9314,0.8846,0.9474,0.8679,0.9231,22,71,5,4,0.9118,0.8462,0.9342,0.8302,0.9261,19,72,4,7,0.8922,0.7308,0.9474,0.7755,0.9266,22,69,7,4,0.8922,0.8462,0.9079,0.8,0.9291,21,49,2,12,0.8333,0.6364,0.9608,0.75,0.7653,22,40,11,11,0.7381,0.6667,0.7843,0.6667,0.8158,23,36,15,10,0.7024,0.697,0.7059,0.6479,0.7873,22,45,6,11,0.7976,0.6667,0.8824,0.7213,0.8164,23,42,9,10,0.7738,0.697,0.8235,0.7077,0.8075,22,59,3,2,0.9419,0.9167,0.9516,0.898,0.9315,21,58,4,3,0.9186,0.875,0.9355,0.8571,0.922,22,58,4,2,0.9302,0.9167,0.9355,0.88,0.9429,21,58,4,3,0.9186,0.875,0.9355,0.8571,0.9543,22,58,4,2,0.9302,0.9167,0.9355,0.88,0.9301
643,20,55,13,11,0.7576,0.6452,0.8088,0.625,0.7818,15,58,10,16,0.7374,0.4839,0.8529,0.5357,0.8202,17,55,13,14,0.7273,0.5484,0.8088,0.5574,0.7894,20,58,10,11,0.7879,0.6452,0.8529,0.6557,0.7837,17,55,13,14,0.7273,0.5484,0.8088,0.5574,0.8088,17,72,4,9,0.8725,0.6538,0.9474,0.7234,0.8072,20,69,7,6,0.8725,0.7692,0.9079,0.7547,0.8421,17,66,10,9,0.8137,0.6538,0.8684,0.6415,0.8143,15,71,5,11,0.8431,0.5769,0.9342,0.6522,0.8325,17,64,12,9,0.7941,0.6538,0.8421,0.6182,0.8269,23,48,2,11,0.8452,0.6765,0.96,0.7797,0.8841,24,42,8,10,0.7857,0.7059,0.84,0.7273,0.8971,26,39,11,8,0.7738,0.7647,0.78,0.7324,0.8965,24,43,7,10,0.7976,0.7059,0.86,0.7385,0.9071,26,43,7,8,0.8214,0.7647,0.86,0.7761,0.8994,22,56,7,1,0.907,0.9565,0.8889,0.8462,0.9165,22,56,7,1,0.907,0.9565,0.8889,0.8462,0.9344,22,56,7,1,0.907,0.9565,0.8889,0.8462,0.9227,22,56,7,1,0.907,0.9565,0.8889,0.8462,0.9379,22,56,7,1,0.907,0.9565,0.8889,0.8462,0.9172
644,27,55,8,9,0.8283,0.75,0.873,0.7606,0.8245,25,57,6,11,0.8283,0.6944,0.9048,0.7463,0.8757,25,53,10,11,0.7879,0.6944,0.8413,0.7042,0.8311,27,57,6,9,0.8485,0.75,0.9048,0.7826,0.8245,25,57,6,11,0.8283,0.6944,0.9048,0.7463,0.877,21,69,4,8,0.8824,0.7241,0.9452,0.7778,0.8748,23,69,4,6,0.902,0.7931,0.9452,0.8214,0.8961,18,68,5,11,0.8431,0.6207,0.9315,0.6923,0.8521,18,69,4,11,0.8529,0.6207,0.9452,0.7059,0.8928,18,67,6,11,0.8333,0.6207,0.9178,0.6792,0.8696,23,48,2,11,0.8452,0.6765,0.96,0.7797,0.9065,24,44,6,10,0.8095,0.7059,0.88,0.75,0.9418,25,42,8,9,0.7976,0.7353,0.84,0.7463,0.9371,25,44,6,9,0.8214,0.7353,0.88,0.7692,0.9341,25,43,7,9,0.8095,0.7353,0.86,0.7576,0.9194,22,59,3,2,0.9419,0.9167,0.9516,0.898,0.9315,21,57,5,3,0.907,0.875,0.9194,0.84,0.9005,22,55,7,2,0.8953,0.9167,0.8871,0.8302,0.9543,21,55,7,3,0.8837,0.875,0.8871,0.8077,0.9503,22,57,5,2,0.9186,0.9167,0.9194,0.8627,0.9194
645,29,52,7,11,0.8182,0.725,0.8814,0.7632,0.8835,27,57,2,13,0.8485,0.675,0.9661,0.7826,0.8831,26,51,8,14,0.7778,0.65,0.8644,0.7027,0.8602,29,57,2,11,0.8687,0.725,0.9661,0.8169,0.8752,26,54,5,14,0.8081,0.65,0.9153,0.7324,0.9042,24,69,3,6,0.9118,0.8,0.9583,0.8421,0.9028,25,70,2,5,0.9314,0.8333,0.9722,0.8772,0.9185,21,70,2,9,0.8922,0.7,0.9722,0.7925,0.8843,21,70,2,9,0.8922,0.7,0.9722,0.7925,0.9037,21,66,6,9,0.8529,0.7,0.9167,0.7368,0.8903,29,45,3,7,0.881,0.8056,0.9375,0.8529,0.9144,28,40,8,8,0.8095,0.7778,0.8333,0.7778,0.8953,29,34,14,7,0.75,0.8056,0.7083,0.7342,0.8848,30,39,9,6,0.8214,0.8333,0.8125,0.8,0.9155,29,37,11,7,0.7857,0.8056,0.7708,0.7632,0.8958,22,55,5,4,0.8953,0.8462,0.9167,0.8302,0.9058,21,55,5,5,0.8837,0.8077,0.9167,0.8077,0.8962,22,55,5,4,0.8953,0.8462,0.9167,0.8302,0.8994,21,55,5,5,0.8837,0.8077,0.9167,0.8077,0.9276,22,55,5,4,0.8953,0.8462,0.9167,0.8302,0.8981
646,17,63,10,9,0.8081,0.6538,0.863,0.6415,0.7987,17,67,6,9,0.8485,0.6538,0.9178,0.6939,0.7893,17,64,9,9,0.8182,0.6538,0.8767,0.6538,0.7787,17,67,6,9,0.8485,0.6538,0.9178,0.6939,0.7966,17,64,9,9,0.8182,0.6538,0.8767,0.6538,0.8166,17,65,10,10,0.8039,0.6296,0.8667,0.6296,0.8336,20,67,8,7,0.8529,0.7407,0.8933,0.7273,0.8677,17,64,11,10,0.7941,0.6296,0.8533,0.6182,0.803,15,68,7,12,0.8137,0.5556,0.9067,0.6122,0.8444,17,62,13,10,0.7745,0.6296,0.8267,0.5965,0.8217,18,54,5,7,0.8571,0.72,0.9153,0.75,0.8922,19,53,6,6,0.8571,0.76,0.8983,0.76,0.9092,20,51,8,5,0.8452,0.8,0.8644,0.7547,0.8868,21,55,4,4,0.9048,0.84,0.9322,0.84,0.9044,20,53,6,5,0.869,0.8,0.8983,0.7843,0.92,22,56,2,6,0.907,0.7857,0.9655,0.8462,0.8775,20,56,2,8,0.8837,0.7143,0.9655,0.8,0.8461,22,55,3,6,0.8953,0.7857,0.9483,0.8302,0.8879,20,55,3,8,0.8721,0.7143,0.9483,0.7843,0.928,22,56,2,6,0.907,0.7857,0.9655,0.8462,0.883
647,23,63,6,7,0.8687,0.7667,0.913,0.7797,0.9155,18,66,3,12,0.8485,0.6,0.9565,0.7059,0.886,22,62,7,8,0.8485,0.7333,0.8986,0.7458,0.8792,23,66,3,7,0.899,0.7667,0.9565,0.8214,0.8957,22,63,6,8,0.8586,0.7333,0.913,0.7586,0.9087,15,72,7,8,0.8529,0.6522,0.9114,0.6667,0.8057,15,74,5,8,0.8725,0.6522,0.9367,0.6977,0.8134,14,73,6,9,0.8529,0.6087,0.9241,0.6512,0.8013,14,76,3,9,0.8824,0.6087,0.962,0.7,0.8272,14,72,7,9,0.8431,0.6087,0.9114,0.6364,0.8239,25,47,6,6,0.8571,0.8065,0.8868,0.8065,0.9063,22,46,7,9,0.8095,0.7097,0.8679,0.7333,0.9105,23,42,11,8,0.7738,0.7419,0.7925,0.7077,0.8996,23,48,5,8,0.8452,0.7419,0.9057,0.7797,0.9288,23,44,9,8,0.7976,0.7419,0.8302,0.7302,0.916,25,54,6,1,0.9186,0.9615,0.9,0.8772,0.9455,23,54,6,3,0.8953,0.8846,0.9,0.8364,0.9385,25,53,7,1,0.907,0.9615,0.8833,0.8621,0.9423,23,53,7,3,0.8837,0.8846,0.8833,0.8214,0.9455,25,54,6,1,0.9186,0.9615,0.9,0.8772,0.9276
648,26,48,13,12,0.7475,0.6842,0.7869,0.6753,0.8097,21,54,7,17,0.7576,0.5526,0.8852,0.6364,0.8102,22,48,13,16,0.7071,0.5789,0.7869,0.6027,0.7748,26,54,7,12,0.8081,0.6842,0.8852,0.7324,0.8201,22,50,11,16,0.7273,0.5789,0.8197,0.6197,0.8374,17,70,6,9,0.8529,0.6538,0.9211,0.6939,0.8052,18,68,8,8,0.8431,0.6923,0.8947,0.6923,0.7864,13,69,7,13,0.8039,0.5,0.9079,0.5652,0.7591,13,69,7,13,0.8039,0.5,0.9079,0.5652,0.7849,13,64,12,13,0.7549,0.5,0.8421,0.5098,0.7733,26,38,10,10,0.7619,0.7222,0.7917,0.7222,0.8374,25,36,12,11,0.7262,0.6944,0.75,0.6849,0.8617,26,32,16,10,0.6905,0.7222,0.6667,0.6667,0.8235,26,38,10,10,0.7619,0.7222,0.7917,0.7222,0.86,26,36,12,10,0.7381,0.7222,0.75,0.7027,0.8652,25,54,3,4,0.9186,0.8621,0.9474,0.8772,0.8941,24,52,5,5,0.8837,0.8276,0.9123,0.8276,0.8778,25,52,5,4,0.8953,0.8621,0.9123,0.8475,0.9014,24,52,5,5,0.8837,0.8276,0.9123,0.8276,0.9141,25,52,5,4,0.8953,0.8621,0.9123,0.8475,0.8941
649,28,51,9,11,0.798,0.7179,0.85,0.7368,0.8197,24,55,5,15,0.798,0.6154,0.9167,0.7059,0.8175,23,50,10,16,0.7374,0.5897,0.8333,0.6389,0.7987,28,55,5,11,0.8384,0.7179,0.9167,0.7778,0.8256,23,54,6,16,0.7778,0.5897,0.9,0.6765,0.8308,22,64,3,13,0.8431,0.6286,0.9552,0.7333,0.7932,23,61,6,12,0.8235,0.6571,0.9104,0.7188,0.7812,21,63,4,14,0.8235,0.6,0.9403,0.7,0.7693,21,61,6,14,0.8039,0.6,0.9104,0.6774,0.7846,21,57,10,14,0.7647,0.6,0.8507,0.6364,0.7731,22,48,7,7,0.8333,0.7586,0.8727,0.7586,0.874,24,44,11,5,0.8095,0.8276,0.8,0.75,0.9078,25,43,12,4,0.8095,0.8621,0.7818,0.7576,0.8784,25,45,10,4,0.8333,0.8621,0.8182,0.7813,0.8834,25,45,10,4,0.8333,0.8621,0.8182,0.7813,0.9103,23,55,5,3,0.907,0.8846,0.9167,0.8519,0.891,22,55,5,4,0.8953,0.8462,0.9167,0.8302,0.8679,23,53,7,3,0.8837,0.8846,0.8833,0.8214,0.9064,22,53,7,4,0.8721,0.8462,0.8833,0.8,0.9032,23,55,5,3,0.907,0.8846,0.9167,0.8519,0.8679
650,26,45,15,13,0.7172,0.6667,0.75,0.65,0.7782,26,52,8,13,0.7879,0.6667,0.8667,0.7123,0.8021,24,47,13,15,0.7172,0.6154,0.7833,0.6316,0.7778,26,52,8,13,0.7879,0.6667,0.8667,0.7123,0.7607,24,49,11,15,0.7374,0.6154,0.8167,0.6486,0.7923,22,68,6,6,0.8824,0.7857,0.9189,0.7857,0.9122,24,71,3,4,0.9314,0.8571,0.9595,0.8727,0.9344,22,69,5,6,0.8922,0.7857,0.9324,0.8,0.9097,21,72,2,7,0.9118,0.75,0.973,0.8235,0.93,22,67,7,6,0.8725,0.7857,0.9054,0.7719,0.9097,24,52,2,6,0.9048,0.8,0.963,0.8571,0.8907,22,49,5,8,0.8452,0.7333,0.9074,0.7719,0.892,22,44,10,8,0.7857,0.7333,0.8148,0.7097,0.8833,22,49,5,8,0.8452,0.7333,0.9074,0.7719,0.9006,22,46,8,8,0.8095,0.7333,0.8519,0.7333,0.9111,19,60,2,5,0.9186,0.7917,0.9677,0.8444,0.9099,19,59,3,5,0.907,0.7917,0.9516,0.8261,0.8911,19,58,4,5,0.8953,0.7917,0.9355,0.8085,0.9059,19,58,4,5,0.8953,0.7917,0.9355,0.8085,0.9328,19,59,3,5,0.907,0.7917,0.9516,0.8261,0.9026
651,27,55,10,7,0.8283,0.7941,0.8462,0.7606,0.9027,26,60,5,8,0.8687,0.7647,0.9231,0.8,0.8941,26,56,9,8,0.8283,0.7647,0.8615,0.7536,0.8674,27,60,5,7,0.8788,0.7941,0.9231,0.8182,0.8855,26,57,8,8,0.8384,0.7647,0.8769,0.7647,0.8937,18,70,6,8,0.8627,0.6923,0.9211,0.72,0.8831,23,70,6,3,0.9118,0.8846,0.9211,0.8364,0.8871,19,68,8,7,0.8529,0.7308,0.8947,0.717,0.8568,17,73,3,9,0.8824,0.6538,0.9605,0.7391,0.8821,19,68,8,7,0.8529,0.7308,0.8947,0.717,0.8704,18,53,8,5,0.8452,0.7826,0.8689,0.7347,0.8603,17,50,11,6,0.7976,0.7391,0.8197,0.6667,0.8838,17,47,14,6,0.7619,0.7391,0.7705,0.6296,0.8653,18,53,8,5,0.8452,0.7826,0.8689,0.7347,0.8895,17,49,12,6,0.7857,0.7391,0.8033,0.6538,0.8774,23,56,5,2,0.9186,0.92,0.918,0.8679,0.9239,22,56,5,3,0.907,0.88,0.918,0.8462,0.9416,23,55,6,2,0.907,0.92,0.9016,0.8519,0.9193,22,55,6,3,0.8953,0.88,0.9016,0.8302,0.9436,23,56,5,2,0.9186,0.92,0.918,0.8679,0.9298
652,28,54,11,6,0.8283,0.8235,0.8308,0.7671,0.9054,27,56,9,7,0.8384,0.7941,0.8615,0.7714,0.9032,27,54,11,7,0.8182,0.7941,0.8308,0.75,0.8769,28,56,9,6,0.8485,0.8235,0.8615,0.7887,0.8842,27,52,13,7,0.798,0.7941,0.8,0.7297,0.9095,27,57,6,12,0.8235,0.6923,0.9048,0.75,0.7643,28,58,5,11,0.8431,0.7179,0.9206,0.7778,0.7912,26,56,7,13,0.8039,0.6667,0.8889,0.7222,0.7582,25,59,4,14,0.8235,0.641,0.9365,0.7353,0.7741,26,52,11,13,0.7647,0.6667,0.8254,0.6842,0.7782,26,48,2,8,0.881,0.7647,0.96,0.8387,0.8871,26,40,10,8,0.7857,0.7647,0.8,0.7429,0.9118,26,42,8,8,0.8095,0.7647,0.84,0.7647,0.8859,26,44,6,8,0.8333,0.7647,0.88,0.7879,0.9118,26,43,7,8,0.8214,0.7647,0.86,0.7761,0.8865,26,54,3,3,0.9302,0.8966,0.9474,0.8966,0.954,26,51,6,3,0.8953,0.8966,0.8947,0.8525,0.951,26,51,6,3,0.8953,0.8966,0.8947,0.8525,0.9335,26,51,6,3,0.8953,0.8966,0.8947,0.8525,0.9383,26,51,6,3,0.8953,0.8966,0.8947,0.8525,0.9558
653,30,53,10,6,0.8384,0.8333,0.8413,0.7895,0.892,28,57,6,8,0.8586,0.7778,0.9048,0.8,0.8876,28,52,11,8,0.8081,0.7778,0.8254,0.7467,0.866,30,57,6,6,0.8788,0.8333,0.9048,0.8333,0.8924,28,54,9,8,0.8283,0.7778,0.8571,0.7671,0.9061,21,72,2,7,0.9118,0.75,0.973,0.8235,0.8943,22,72,2,6,0.9216,0.7857,0.973,0.8462,0.9073,21,70,4,7,0.8922,0.75,0.9459,0.7925,0.8842,21,74,0,7,0.9314,0.75,1.0,0.8571,0.9059,21,69,5,7,0.8824,0.75,0.9324,0.7778,0.9015,21,57,3,3,0.9286,0.875,0.95,0.875,0.9028,20,47,13,4,0.7976,0.8333,0.7833,0.7018,0.916,20,46,14,4,0.7857,0.8333,0.7667,0.6897,0.8868,20,52,8,4,0.8571,0.8333,0.8667,0.7692,0.9139,20,50,10,4,0.8333,0.8333,0.8333,0.7407,0.9028,23,55,3,5,0.907,0.8214,0.9483,0.8519,0.9095,23,55,3,5,0.907,0.8214,0.9483,0.8519,0.8879,23,54,4,5,0.8953,0.8214,0.931,0.8364,0.9163,23,54,4,5,0.8953,0.8214,0.931,0.8364,0.9341,23,55,3,5,0.907,0.8214,0.9483,0.8519,0.915
654,25,60,10,4,0.8586,0.8621,0.8571,0.7813,0.8547,21,61,9,8,0.8283,0.7241,0.8714,0.7119,0.8665,23,59,11,6,0.8283,0.7931,0.8429,0.7302,0.8507,25,61,9,4,0.8687,0.8621,0.8714,0.7937,0.8606,23,59,11,6,0.8283,0.7931,0.8429,0.7302,0.8882,27,65,4,6,0.902,0.8182,0.942,0.8438,0.8915,28,66,3,5,0.9216,0.8485,0.9565,0.875,0.9341,25,63,6,8,0.8627,0.7576,0.913,0.7812,0.8841,25,68,1,8,0.9118,0.7576,0.9855,0.8475,0.9122,25,62,7,8,0.8529,0.7576,0.8986,0.7692,0.9078,26,45,4,9,0.8452,0.7429,0.9184,0.8,0.902,26,41,8,9,0.7976,0.7429,0.8367,0.7536,0.9032,28,39,10,7,0.7976,0.8,0.7959,0.7671,0.9114,29,42,7,6,0.8452,0.8286,0.8571,0.8169,0.9248,28,42,7,7,0.8333,0.8,0.8571,0.8,0.9096,26,57,2,1,0.9651,0.963,0.9661,0.9455,0.9611,23,55,4,4,0.907,0.8519,0.9322,0.8519,0.9341,26,54,5,1,0.9302,0.963,0.9153,0.8966,0.9586,23,54,5,4,0.8953,0.8519,0.9153,0.8364,0.9542,26,55,4,1,0.9419,0.963,0.9322,0.9123,0.9535
655,25,58,10,6,0.8384,0.8065,0.8529,0.7576,0.8786,21,63,5,10,0.8485,0.6774,0.9265,0.7368,0.8653,23,58,10,8,0.8182,0.7419,0.8529,0.7188,0.8639,25,63,5,6,0.8889,0.8065,0.9265,0.8197,0.8667,23,62,6,8,0.8586,0.7419,0.9118,0.7667,0.8819,19,70,3,10,0.8725,0.6552,0.9589,0.7451,0.8611,23,72,1,6,0.9314,0.7931,0.9863,0.8679,0.9188,22,70,3,7,0.902,0.7586,0.9589,0.8148,0.8786,19,72,1,10,0.8922,0.6552,0.9863,0.7755,0.9074,22,69,4,7,0.8922,0.7586,0.9452,0.8,0.8843,23,47,8,6,0.8333,0.7931,0.8545,0.7667,0.8357,24,44,11,5,0.8095,0.8276,0.8,0.75,0.8602,25,42,13,4,0.7976,0.8621,0.7636,0.7463,0.8357,24,48,7,5,0.8571,0.8276,0.8727,0.8,0.8571,25,43,12,4,0.8095,0.8621,0.7818,0.7576,0.874,21,57,6,2,0.907,0.913,0.9048,0.84,0.9317,21,57,6,2,0.907,0.913,0.9048,0.84,0.9179,21,56,7,2,0.8953,0.913,0.8889,0.8235,0.9379,21,56,7,2,0.8953,0.913,0.8889,0.8235,0.9496,21,57,6,2,0.907,0.913,0.9048,0.84,0.9117
656,26,55,12,6,0.8182,0.8125,0.8209,0.7429,0.8811,23,59,8,9,0.8283,0.7188,0.8806,0.7302,0.8806,23,56,11,9,0.798,0.7188,0.8358,0.697,0.8722,26,59,8,6,0.8586,0.8125,0.8806,0.7879,0.8727,23,57,10,9,0.8081,0.7188,0.8507,0.7077,0.8801,31,58,4,9,0.8725,0.775,0.9355,0.8267,0.8794,34,58,4,6,0.902,0.85,0.9355,0.8718,0.8742,29,58,4,11,0.8529,0.725,0.9355,0.7945,0.8633,26,59,3,14,0.8333,0.65,0.9516,0.7536,0.8605,29,56,6,11,0.8333,0.725,0.9032,0.7733,0.8871,15,46,8,15,0.7262,0.5,0.8519,0.566,0.7654,18,40,14,12,0.6905,0.6,0.7407,0.5806,0.7772,19,36,18,11,0.6548,0.6333,0.6667,0.5672,0.7753,18,46,8,12,0.7619,0.6,0.8519,0.6429,0.7975,19,44,10,11,0.75,0.6333,0.8148,0.6441,0.7691,26,53,3,4,0.9186,0.8667,0.9464,0.8814,0.9119,26,53,3,4,0.9186,0.8667,0.9464,0.8814,0.9083,26,52,4,4,0.907,0.8667,0.9286,0.8667,0.9018,26,52,4,4,0.907,0.8667,0.9286,0.8667,0.9357,26,53,3,4,0.9186,0.8667,0.9464,0.8814,0.9161
657,27,47,16,9,0.7475,0.75,0.746,0.6835,0.7967,25,54,9,11,0.798,0.6944,0.8571,0.7143,0.8047,27,49,14,9,0.7677,0.75,0.7778,0.7013,0.787,27,54,9,9,0.8182,0.75,0.8571,0.75,0.7967,27,51,12,9,0.7879,0.75,0.8095,0.72,0.8457,16,71,8,7,0.8529,0.6957,0.8987,0.6809,0.8277,16,76,3,7,0.902,0.6957,0.962,0.7619,0.8635,14,71,8,9,0.8333,0.6087,0.8987,0.6222,0.825,14,77,2,9,0.8922,0.6087,0.9747,0.7179,0.8387,14,69,10,9,0.8137,0.6087,0.8734,0.5957,0.8283,15,53,2,14,0.8095,0.5172,0.9636,0.6522,0.8721,14,49,6,15,0.75,0.4828,0.8909,0.5714,0.8464,15,49,6,14,0.7619,0.5172,0.8909,0.6,0.8639,19,52,3,10,0.8452,0.6552,0.9455,0.7451,0.8633,15,50,5,14,0.7738,0.5172,0.9091,0.6122,0.8765,26,53,4,3,0.9186,0.8966,0.9298,0.8814,0.879,22,52,5,7,0.8605,0.7586,0.9123,0.7857,0.8717,26,52,5,3,0.907,0.8966,0.9123,0.8667,0.899,22,52,5,7,0.8605,0.7586,0.9123,0.7857,0.9056,26,52,5,3,0.907,0.8966,0.9123,0.8667,0.8832
658,24,53,12,10,0.7778,0.7059,0.8154,0.6857,0.7905,21,55,10,13,0.7677,0.6176,0.8462,0.6462,0.7538,23,52,13,11,0.7576,0.6765,0.8,0.6571,0.752,24,55,10,10,0.798,0.7059,0.8462,0.7059,0.7885,23,55,10,11,0.7879,0.6765,0.8462,0.6866,0.7986,17,69,4,12,0.8431,0.5862,0.9452,0.68,0.8866,21,68,5,8,0.8725,0.7241,0.9315,0.7636,0.8687,20,68,5,9,0.8627,0.6897,0.9315,0.7407,0.8734,16,68,5,13,0.8235,0.5517,0.9315,0.64,0.8833,20,66,7,9,0.8431,0.6897,0.9041,0.7143,0.8654,23,46,7,8,0.8214,0.7419,0.8679,0.7541,0.8387,21,40,13,10,0.7262,0.6774,0.7547,0.6462,0.8247,23,36,17,8,0.7024,0.7419,0.6792,0.6479,0.8278,21,42,11,10,0.75,0.6774,0.7925,0.6667,0.8497,23,40,13,8,0.75,0.7419,0.7547,0.6866,0.8351,20,56,4,6,0.8837,0.7692,0.9333,0.8,0.8635,19,54,6,7,0.8488,0.7308,0.9,0.7451,0.8077,20,54,6,6,0.8605,0.7692,0.9,0.7692,0.8776,19,54,6,7,0.8488,0.7308,0.9,0.7451,0.9083,20,54,6,6,0.8605,0.7692,0.9,0.7692,0.8654
659,23,57,11,8,0.8081,0.7419,0.8382,0.7077,0.8743,21,64,4,10,0.8586,0.6774,0.9412,0.75,0.8861,20,60,8,11,0.8081,0.6452,0.8824,0.678,0.852,23,64,4,8,0.8788,0.7419,0.9412,0.7931,0.861,20,60,8,11,0.8081,0.6452,0.8824,0.678,0.8909,21,68,5,8,0.8725,0.7241,0.9315,0.7636,0.8139,22,67,6,7,0.8725,0.7586,0.9178,0.7719,0.8304,22,68,5,7,0.8824,0.7586,0.9315,0.7857,0.8167,21,69,4,8,0.8824,0.7241,0.9452,0.7778,0.8276,22,64,9,7,0.8431,0.7586,0.8767,0.7333,0.8295,17,46,8,13,0.75,0.5667,0.8519,0.6182,0.6951,17,40,14,13,0.6786,0.5667,0.7407,0.5574,0.7895,18,37,17,12,0.6548,0.6,0.6852,0.5538,0.7204,18,41,13,12,0.7024,0.6,0.7593,0.5902,0.7481,18,41,13,12,0.7024,0.6,0.7593,0.5902,0.7253,22,56,2,6,0.907,0.7857,0.9655,0.8462,0.8904,21,55,3,7,0.8837,0.75,0.9483,0.8077,0.8885,22,54,4,6,0.8837,0.7857,0.931,0.8148,0.8799,21,54,4,7,0.8721,0.75,0.931,0.7925,0.9304,22,55,3,6,0.8953,0.7857,0.9483,0.8302,0.9052
660,22,55,10,12,0.7778,0.6471,0.8462,0.6667,0.7769,18,57,8,16,0.7576,0.5294,0.8769,0.6,0.791,22,54,11,12,0.7677,0.6471,0.8308,0.6567,0.7638,22,57,8,12,0.798,0.6471,0.8769,0.6875,0.7674,22,56,9,12,0.7879,0.6471,0.8615,0.6769,0.8113,18,70,6,8,0.8627,0.6923,0.9211,0.72,0.8796,20,71,5,6,0.8922,0.7692,0.9342,0.7843,0.9099,17,70,6,9,0.8529,0.6538,0.9211,0.6939,0.8664,16,72,4,10,0.8627,0.6154,0.9474,0.6957,0.8937,17,70,6,9,0.8529,0.6538,0.9211,0.6939,0.8902,15,50,4,15,0.7738,0.5,0.9259,0.6122,0.7364,15,44,10,15,0.7024,0.5,0.8148,0.5455,0.8,15,41,13,15,0.6667,0.5,0.7593,0.5172,0.737,18,45,9,12,0.75,0.6,0.8333,0.6316,0.7759,15,44,10,15,0.7024,0.5,0.8148,0.5455,0.7654,17,65,1,3,0.9535,0.85,0.9848,0.8947,0.9288,14,65,1,6,0.9186,0.7,0.9848,0.8,0.9189,17,64,2,3,0.9419,0.85,0.9697,0.8718,0.9106,14,64,2,6,0.907,0.7,0.9697,0.7778,0.9485,17,65,1,3,0.9535,0.85,0.9848,0.8947,0.9356
661,22,57,13,7,0.798,0.7586,0.8143,0.6875,0.8202,19,59,11,10,0.7879,0.6552,0.8429,0.6441,0.8453,20,56,14,9,0.7677,0.6897,0.8,0.6349,0.8025,22,59,11,7,0.8182,0.7586,0.8429,0.7097,0.8172,20,58,12,9,0.7879,0.6897,0.8286,0.6557,0.8611,25,70,2,5,0.9314,0.8333,0.9722,0.8772,0.9426,26,70,2,4,0.9412,0.8667,0.9722,0.8966,0.9519,22,71,1,8,0.9118,0.7333,0.9861,0.8302,0.9324,22,71,1,8,0.9118,0.7333,0.9861,0.8302,0.9458,22,70,2,8,0.902,0.7333,0.9722,0.8148,0.944,18,55,5,6,0.869,0.75,0.9167,0.766,0.8903,18,50,10,6,0.8095,0.75,0.8333,0.6923,0.8917,19,48,12,5,0.7976,0.7917,0.8,0.6909,0.8993,18,52,8,6,0.8333,0.75,0.8667,0.72,0.9035,19,50,10,5,0.8214,0.7917,0.8333,0.717,0.8854,18,61,6,1,0.9186,0.9474,0.9104,0.8372,0.9112,18,61,6,1,0.9186,0.9474,0.9104,0.8372,0.8971,18,61,6,1,0.9186,0.9474,0.9104,0.8372,0.9372,18,61,6,1,0.9186,0.9474,0.9104,0.8372,0.9372,18,61,6,1,0.9186,0.9474,0.9104,0.8372,0.912
662,20,61,10,8,0.8182,0.7143,0.8592,0.6897,0.7741,19,66,5,9,0.8586,0.6786,0.9296,0.7308,0.755,19,60,11,9,0.798,0.6786,0.8451,0.6552,0.7535,20,66,5,8,0.8687,0.7143,0.9296,0.7547,0.7734,19,63,8,9,0.8283,0.6786,0.8873,0.6909,0.8169,16,77,2,7,0.9118,0.6957,0.9747,0.7805,0.8839,17,77,2,6,0.9216,0.7391,0.9747,0.8095,0.94,12,74,5,11,0.8431,0.5217,0.9367,0.6,0.869,12,77,2,11,0.8725,0.5217,0.9747,0.6486,0.9224,12,74,5,11,0.8431,0.5217,0.9367,0.6,0.8965,17,53,11,3,0.8333,0.85,0.8281,0.7083,0.8914,17,52,12,3,0.8214,0.85,0.8125,0.6939,0.9164,18,43,21,2,0.7262,0.9,0.6719,0.6102,0.9062,18,54,10,2,0.8571,0.9,0.8438,0.75,0.9352,18,46,18,2,0.7619,0.9,0.7188,0.6429,0.9141,19,57,6,4,0.8837,0.8261,0.9048,0.7917,0.8357,18,57,6,5,0.8721,0.7826,0.9048,0.766,0.8006,19,57,6,4,0.8837,0.8261,0.9048,0.7917,0.8765,18,57,6,5,0.8721,0.7826,0.9048,0.766,0.9055,19,57,6,4,0.8837,0.8261,0.9048,0.7917,0.8268
663,24,47,15,13,0.7172,0.6486,0.7581,0.6316,0.7663,21,52,10,16,0.7374,0.5676,0.8387,0.6176,0.7855,23,47,15,14,0.7071,0.6216,0.7581,0.6133,0.7576,24,52,10,13,0.7677,0.6486,0.8387,0.6761,0.7367,23,51,11,14,0.7475,0.6216,0.8226,0.6479,0.7929,18,74,5,5,0.902,0.7826,0.9367,0.7826,0.8998,18,77,2,5,0.9314,0.7826,0.9747,0.8372,0.8987,16,75,4,7,0.8922,0.6957,0.9494,0.7442,0.8635,16,78,1,7,0.9216,0.6957,0.9873,0.8,0.8971,16,73,6,7,0.8725,0.6957,0.9241,0.7111,0.8789,22,47,6,9,0.8214,0.7097,0.8868,0.7458,0.8643,22,42,11,9,0.7619,0.7097,0.7925,0.6875,0.8752,23,40,13,8,0.75,0.7419,0.7547,0.6866,0.8661,23,47,6,8,0.8333,0.7419,0.8868,0.7667,0.8935,23,44,9,8,0.7976,0.7419,0.8302,0.7302,0.8904,17,57,7,5,0.8605,0.7727,0.8906,0.7391,0.8438,16,56,8,6,0.8372,0.7273,0.875,0.6957,0.8011,17,53,11,5,0.814,0.7727,0.8281,0.68,0.8402,16,53,11,6,0.8023,0.7273,0.8281,0.6531,0.8516,17,56,8,5,0.8488,0.7727,0.875,0.7234,0.831
664,27,50,16,6,0.7778,0.8182,0.7576,0.7105,0.8489,23,54,12,10,0.7778,0.697,0.8182,0.6765,0.8448,24,51,15,9,0.7576,0.7273,0.7727,0.6667,0.8356,27,54,12,6,0.8182,0.8182,0.8182,0.75,0.8329,24,51,15,9,0.7576,0.7273,0.7727,0.6667,0.86,19,71,6,6,0.8824,0.76,0.9221,0.76,0.8795,22,71,6,3,0.9118,0.88,0.9221,0.8302,0.8826,19,73,4,6,0.902,0.76,0.9481,0.7917,0.8857,16,73,4,9,0.8725,0.64,0.9481,0.7111,0.8795,19,71,6,6,0.8824,0.76,0.9221,0.76,0.8935,17,53,4,10,0.8333,0.6296,0.9298,0.7083,0.8129,17,49,8,10,0.7857,0.6296,0.8596,0.6538,0.8421,18,41,16,9,0.7024,0.6667,0.7193,0.5902,0.8239,17,48,9,10,0.7738,0.6296,0.8421,0.6415,0.8421,18,46,11,9,0.7619,0.6667,0.807,0.6429,0.8363,20,58,5,3,0.907,0.8696,0.9206,0.8333,0.9262,20,56,7,3,0.8837,0.8696,0.8889,0.8,0.9137,20,55,8,3,0.8721,0.8696,0.873,0.7843,0.9096,20,55,8,3,0.8721,0.8696,0.873,0.7843,0.9303,20,56,7,3,0.8837,0.8696,0.8889,0.8,0.9158
665,25,60,10,4,0.8586,0.8621,0.8571,0.7813,0.9355,22,64,6,7,0.8687,0.7586,0.9143,0.7719,0.9473,20,60,10,9,0.8081,0.6897,0.8571,0.678,0.9197,25,64,6,4,0.899,0.8621,0.9143,0.8333,0.9493,20,64,6,9,0.8485,0.6897,0.9143,0.7273,0.9493,16,72,8,6,0.8627,0.7273,0.9,0.6957,0.879,18,74,6,4,0.902,0.8182,0.925,0.7826,0.8938,17,71,9,5,0.8627,0.7727,0.8875,0.7083,0.8812,15,75,5,7,0.8824,0.6818,0.9375,0.7143,0.8795,17,68,12,5,0.8333,0.7727,0.85,0.6667,0.8773,20,42,9,13,0.7381,0.6061,0.8235,0.6452,0.7374,21,36,15,12,0.6786,0.6364,0.7059,0.6087,0.7605,22,36,15,11,0.6905,0.6667,0.7059,0.6286,0.7641,22,41,10,11,0.75,0.6667,0.8039,0.6769,0.7659,22,40,11,11,0.7381,0.6667,0.7843,0.6667,0.7665,26,57,2,1,0.9651,0.963,0.9661,0.9455,0.9736,25,57,2,2,0.9535,0.9259,0.9661,0.9259,0.9824,26,57,2,1,0.9651,0.963,0.9661,0.9455,0.9705,25,57,2,2,0.9535,0.9259,0.9661,0.9259,0.9761,26,57,2,1,0.9651,0.963,0.9661,0.9455,0.9761
666,36,51,7,5,0.8788,0.878,0.8793,0.8571,0.931,34,53,5,7,0.8788,0.8293,0.9138,0.85,0.9458,34,52,6,7,0.8687,0.8293,0.8966,0.8395,0.9344,36,53,5,5,0.899,0.878,0.9138,0.878,0.9188,34,52,6,7,0.8687,0.8293,0.8966,0.8395,0.9432,19,71,4,8,0.8824,0.7037,0.9467,0.76,0.8222,21,72,3,6,0.9118,0.7778,0.96,0.8235,0.884,21,68,7,6,0.8725,0.7778,0.9067,0.7636,0.8548,19,73,2,8,0.902,0.7037,0.9733,0.7917,0.84,21,64,11,6,0.8333,0.7778,0.8533,0.7119,0.881,20,49,8,7,0.8214,0.7407,0.8596,0.7273,0.8311,19,42,15,8,0.7262,0.7037,0.7368,0.623,0.8635,20,41,16,7,0.7262,0.7407,0.7193,0.6349,0.8434,20,46,11,7,0.7857,0.7407,0.807,0.6897,0.87,20,43,14,7,0.75,0.7407,0.7544,0.6557,0.8545,15,64,3,4,0.9186,0.7895,0.9552,0.8108,0.9034,15,61,6,4,0.8837,0.7895,0.9104,0.75,0.8837,15,61,6,4,0.8837,0.7895,0.9104,0.75,0.8767,15,61,6,4,0.8837,0.7895,0.9104,0.75,0.9104,15,61,6,4,0.8837,0.7895,0.9104,0.75,0.8995
667,31,45,11,12,0.7677,0.7209,0.8036,0.7294,0.8293,31,50,6,12,0.8182,0.7209,0.8929,0.775,0.8463,30,43,13,13,0.7374,0.6977,0.7679,0.6977,0.8102,31,50,6,12,0.8182,0.7209,0.8929,0.775,0.8266,30,46,10,13,0.7677,0.6977,0.8214,0.7229,0.8605,15,74,4,9,0.8725,0.625,0.9487,0.6977,0.8243,18,75,3,6,0.9118,0.75,0.9615,0.8,0.8285,13,73,5,11,0.8431,0.5417,0.9359,0.619,0.7879,13,76,2,11,0.8725,0.5417,0.9744,0.6667,0.8371,13,71,7,11,0.8235,0.5417,0.9103,0.5909,0.805,18,43,12,11,0.7262,0.6207,0.7818,0.6102,0.7605,19,39,16,10,0.6905,0.6552,0.7091,0.5937,0.7893,19,34,21,10,0.631,0.6552,0.6182,0.5507,0.7643,20,42,13,9,0.7381,0.6897,0.7636,0.6452,0.8038,19,40,15,10,0.7024,0.6552,0.7273,0.6032,0.7781,16,64,5,1,0.9302,0.9412,0.9275,0.8421,0.9582,15,64,5,2,0.9186,0.8824,0.9275,0.8108,0.9548,16,63,6,1,0.9186,0.9412,0.913,0.8205,0.9514,15,63,6,2,0.907,0.8824,0.913,0.7895,0.9693,16,64,5,1,0.9302,0.9412,0.9275,0.8421,0.9429
668,31,43,12,13,0.7475,0.7045,0.7818,0.7126,0.8219,28,51,4,16,0.798,0.6364,0.9273,0.7368,0.8343,29,46,9,15,0.7576,0.6591,0.8364,0.7073,0.8017,31,51,4,13,0.8283,0.7045,0.9273,0.7848,0.8223,29,50,5,15,0.798,0.6591,0.9091,0.7436,0.8554,13,71,6,12,0.8235,0.52,0.9221,0.5909,0.7356,14,72,5,11,0.8431,0.56,0.9351,0.6364,0.7756,11,70,7,14,0.7941,0.44,0.9091,0.5116,0.7278,11,72,5,14,0.8137,0.44,0.9351,0.5366,0.7481,11,67,10,14,0.7647,0.44,0.8701,0.4783,0.7392,18,48,4,14,0.7857,0.5625,0.9231,0.6667,0.8131,20,44,8,12,0.7619,0.625,0.8462,0.6667,0.8702,20,41,11,12,0.7262,0.625,0.7885,0.6349,0.8305,21,46,6,11,0.7976,0.6562,0.8846,0.7119,0.8636,20,43,9,12,0.75,0.625,0.8269,0.6557,0.8546,28,49,4,5,0.8953,0.8485,0.9245,0.8615,0.8856,26,47,6,7,0.8488,0.7879,0.8868,0.8,0.8439,28,44,9,5,0.8372,0.8485,0.8302,0.8,0.8851,26,44,9,7,0.814,0.7879,0.8302,0.7647,0.8982,28,47,6,5,0.8721,0.8485,0.8868,0.8358,0.8748
669,27,53,9,10,0.8081,0.7297,0.8548,0.7397,0.8322,27,56,6,10,0.8384,0.7297,0.9032,0.7714,0.8431,26,52,10,11,0.7879,0.7027,0.8387,0.7123,0.8256,27,56,6,10,0.8384,0.7297,0.9032,0.7714,0.8289,26,56,6,11,0.8283,0.7027,0.9032,0.7536,0.8631,20,66,6,10,0.8431,0.6667,0.9167,0.7143,0.8306,23,67,5,7,0.8824,0.7667,0.9306,0.7931,0.8537,20,64,8,10,0.8235,0.6667,0.8889,0.6897,0.8139,18,67,5,12,0.8333,0.6,0.9306,0.6792,0.838,20,62,10,10,0.8039,0.6667,0.8611,0.6667,0.8139,16,47,7,14,0.75,0.5333,0.8704,0.6038,0.7981,15,43,11,15,0.6905,0.5,0.7963,0.5357,0.7895,17,38,16,13,0.6548,0.5667,0.7037,0.5397,0.7815,18,44,10,12,0.7381,0.6,0.8148,0.6207,0.808,17,40,14,13,0.6786,0.5667,0.7407,0.5574,0.8167,21,62,0,3,0.9651,0.875,1.0,0.9333,0.957,19,62,0,5,0.9419,0.7917,1.0,0.8837,0.9456,21,62,0,3,0.9651,0.875,1.0,0.9333,0.9536,19,62,0,5,0.9419,0.7917,1.0,0.8837,0.9724,21,62,0,3,0.9651,0.875,1.0,0.9333,0.9597
670,18,63,14,4,0.8182,0.8182,0.8182,0.6667,0.8855,17,69,8,5,0.8687,0.7727,0.8961,0.7234,0.8808,18,65,12,4,0.8384,0.8182,0.8442,0.6923,0.8377,18,69,8,4,0.8788,0.8182,0.8961,0.75,0.8816,18,65,12,4,0.8384,0.8182,0.8442,0.6923,0.8932,12,77,5,8,0.8725,0.6,0.939,0.6486,0.7805,14,79,3,6,0.9118,0.7,0.9634,0.7568,0.8268,13,76,6,7,0.8725,0.65,0.9268,0.6667,0.822,11,81,1,9,0.902,0.55,0.9878,0.6875,0.8274,13,76,6,7,0.8725,0.65,0.9268,0.6667,0.8421,25,46,8,5,0.8452,0.8333,0.8519,0.7937,0.8735,24,45,9,6,0.8214,0.8,0.8333,0.7619,0.8932,24,42,12,6,0.7857,0.8,0.7778,0.7273,0.8778,26,47,7,4,0.869,0.8667,0.8704,0.8254,0.8907,24,45,9,6,0.8214,0.8,0.8333,0.7619,0.8994,28,54,3,1,0.9535,0.9655,0.9474,0.9333,0.9595,26,54,3,3,0.9302,0.8966,0.9474,0.8966,0.9419,28,53,4,1,0.9419,0.9655,0.9298,0.918,0.9649,26,53,4,3,0.9186,0.8966,0.9298,0.8814,0.9673,28,54,3,1,0.9535,0.9655,0.9474,0.9333,0.9449
671,29,50,11,9,0.798,0.7632,0.8197,0.7436,0.8749,24,54,7,14,0.7879,0.6316,0.8852,0.6957,0.8615,27,50,11,11,0.7778,0.7105,0.8197,0.7105,0.8486,29,54,7,9,0.8384,0.7632,0.8852,0.7838,0.8663,27,52,9,11,0.798,0.7105,0.8525,0.7297,0.8921,17,76,2,7,0.9118,0.7083,0.9744,0.7907,0.898,19,74,4,5,0.9118,0.7917,0.9487,0.8085,0.9247,15,73,5,9,0.8627,0.625,0.9359,0.6818,0.8851,15,75,3,9,0.8824,0.625,0.9615,0.7143,0.9119,15,70,8,9,0.8333,0.625,0.8974,0.6383,0.9124,20,49,5,10,0.8214,0.6667,0.9074,0.7273,0.8673,19,44,10,11,0.75,0.6333,0.8148,0.6441,0.8846,22,40,14,8,0.7381,0.7333,0.7407,0.6667,0.8605,21,43,11,9,0.7619,0.7,0.7963,0.6774,0.8778,22,42,12,8,0.7619,0.7333,0.7778,0.6875,0.8796,22,55,4,5,0.8953,0.8148,0.9322,0.8302,0.9372,20,55,4,7,0.8721,0.7407,0.9322,0.7843,0.9353,22,54,5,5,0.8837,0.8148,0.9153,0.8148,0.9052,20,54,5,7,0.8605,0.7407,0.9153,0.7692,0.9328,22,55,4,5,0.8953,0.8148,0.9322,0.8302,0.9303
672,20,46,16,17,0.6667,0.5405,0.7419,0.5479,0.7341,15,50,12,22,0.6566,0.4054,0.8065,0.4688,0.748,16,46,16,21,0.6263,0.4324,0.7419,0.4638,0.7223,20,50,12,17,0.7071,0.5405,0.8065,0.5797,0.7169,16,48,14,21,0.6465,0.4324,0.7742,0.4776,0.7406,14,75,5,8,0.8725,0.6364,0.9375,0.6829,0.8136,15,72,8,7,0.8529,0.6818,0.9,0.6667,0.7858,15,74,6,7,0.8725,0.6818,0.925,0.6977,0.7994,14,73,7,8,0.8529,0.6364,0.9125,0.6512,0.8097,15,70,10,7,0.8333,0.6818,0.875,0.6383,0.7994,19,49,6,10,0.8095,0.6552,0.8909,0.7037,0.8433,16,45,10,13,0.7262,0.5517,0.8182,0.5818,0.8476,17,40,15,12,0.6786,0.5862,0.7273,0.5574,0.8332,17,47,8,12,0.7619,0.5862,0.8545,0.6296,0.8696,17,45,10,12,0.7381,0.5862,0.8182,0.6071,0.8596,20,59,2,5,0.9186,0.8,0.9672,0.8511,0.8984,18,59,2,7,0.8953,0.72,0.9672,0.8,0.8643,20,59,2,5,0.9186,0.8,0.9672,0.8511,0.9016,18,59,2,7,0.8953,0.72,0.9672,0.8,0.922,20,59,2,5,0.9186,0.8,0.9672,0.8511,0.8918
673,27,55,11,6,0.8283,0.8182,0.8333,0.7606,0.9008,26,59,7,7,0.8586,0.7879,0.8939,0.7879,0.9178,23,57,9,10,0.8081,0.697,0.8636,0.7077,0.8825,27,59,7,6,0.8687,0.8182,0.8939,0.806,0.8926,23,56,10,10,0.798,0.697,0.8485,0.697,0.9132,23,64,8,7,0.8529,0.7667,0.8889,0.7541,0.888,25,68,4,5,0.9118,0.8333,0.9444,0.8475,0.8759,20,64,8,10,0.8235,0.6667,0.8889,0.6897,0.8477,20,70,2,10,0.8824,0.6667,0.9722,0.7692,0.8778,20,63,9,10,0.8137,0.6667,0.875,0.678,0.8537,24,45,9,6,0.8214,0.8,0.8333,0.7619,0.8259,25,38,16,5,0.75,0.8333,0.7037,0.7042,0.8617,25,31,23,5,0.6667,0.8333,0.5741,0.641,0.8259,25,39,15,5,0.7619,0.8333,0.7222,0.7143,0.8778,25,36,18,5,0.7262,0.8333,0.6667,0.6849,0.8377,22,55,4,5,0.8953,0.8148,0.9322,0.8302,0.9416,22,55,4,5,0.8953,0.8148,0.9322,0.8302,0.9479,22,55,4,5,0.8953,0.8148,0.9322,0.8302,0.9052,22,55,4,5,0.8953,0.8148,0.9322,0.8302,0.9473,22,55,4,5,0.8953,0.8148,0.9322,0.8302,0.9416
674,27,49,15,8,0.7677,0.7714,0.7656,0.7013,0.8821,25,55,9,10,0.8081,0.7143,0.8594,0.7246,0.8929,25,51,13,10,0.7677,0.7143,0.7969,0.6849,0.8652,27,55,9,8,0.8283,0.7714,0.8594,0.7606,0.8728,25,53,11,10,0.7879,0.7143,0.8281,0.7042,0.8871,16,78,2,6,0.9216,0.7273,0.975,0.8,0.8864,18,76,4,4,0.9216,0.8182,0.95,0.8182,0.8818,15,75,5,7,0.8824,0.6818,0.9375,0.7143,0.8506,14,77,3,8,0.8922,0.6364,0.9625,0.7179,0.8733,15,72,8,7,0.8529,0.6818,0.9,0.6667,0.8625,23,45,5,11,0.8095,0.6765,0.9,0.7419,0.8482,26,45,5,8,0.8452,0.7647,0.9,0.8,0.9018,27,39,11,7,0.7857,0.7941,0.78,0.75,0.8641,26,44,6,8,0.8333,0.7647,0.88,0.7879,0.9076,27,42,8,7,0.8214,0.7941,0.84,0.7826,0.8829,21,59,4,2,0.9302,0.913,0.9365,0.875,0.9213,21,59,4,2,0.9302,0.913,0.9365,0.875,0.9199,21,59,4,2,0.9302,0.913,0.9365,0.875,0.9296,21,59,4,2,0.9302,0.913,0.9365,0.875,0.9476,21,59,4,2,0.9302,0.913,0.9365,0.875,0.9303
675,24,51,15,9,0.7576,0.7273,0.7727,0.6667,0.8017,20,55,11,13,0.7576,0.6061,0.8333,0.625,0.8292,21,50,16,12,0.7172,0.6364,0.7576,0.6,0.798,24,55,11,9,0.798,0.7273,0.8333,0.7059,0.7961,21,53,13,12,0.7475,0.6364,0.803,0.6269,0.8375,14,75,3,10,0.8725,0.5833,0.9615,0.6829,0.8526,18,74,4,6,0.902,0.75,0.9487,0.7826,0.8408,12,74,4,12,0.8431,0.5,0.9487,0.6,0.8419,11,74,4,13,0.8333,0.4583,0.9487,0.5641,0.8499,12,72,6,12,0.8235,0.5,0.9231,0.5714,0.8275,22,47,6,9,0.8214,0.7097,0.8868,0.7458,0.902,23,43,10,8,0.7857,0.7419,0.8113,0.7188,0.8935,23,39,14,8,0.7381,0.7419,0.7358,0.6765,0.8777,27,44,9,4,0.8452,0.871,0.8302,0.806,0.9233,23,42,11,8,0.7738,0.7419,0.7925,0.7077,0.8783,25,51,8,2,0.8837,0.9259,0.8644,0.8333,0.8983,22,50,9,5,0.8372,0.8148,0.8475,0.7586,0.9096,25,49,10,2,0.8605,0.9259,0.8305,0.8065,0.8901,22,49,10,5,0.8256,0.8148,0.8305,0.7458,0.909,25,50,9,2,0.8721,0.9259,0.8475,0.8197,0.8908
676,21,61,12,5,0.8283,0.8077,0.8356,0.7119,0.8741,15,66,7,11,0.8182,0.5769,0.9041,0.625,0.8635,19,60,13,7,0.798,0.7308,0.8219,0.6552,0.8541,21,66,7,5,0.8788,0.8077,0.9041,0.7778,0.8498,19,66,7,7,0.8586,0.7308,0.9041,0.7308,0.9046,15,77,3,7,0.902,0.6818,0.9625,0.75,0.7722,16,77,3,6,0.9118,0.7273,0.9625,0.7805,0.825,13,78,2,9,0.8922,0.5909,0.975,0.7027,0.7869,12,77,3,10,0.8725,0.5455,0.9625,0.6486,0.7807,13,75,5,9,0.8627,0.5909,0.9375,0.65,0.8097,20,49,5,10,0.8214,0.6667,0.9074,0.7273,0.8543,21,42,12,9,0.75,0.7,0.7778,0.6667,0.8827,24,39,15,6,0.75,0.8,0.7222,0.6957,0.8488,23,44,10,7,0.7976,0.7667,0.8148,0.7302,0.8747,24,41,13,6,0.7738,0.8,0.7593,0.7164,0.8765,21,58,5,2,0.9186,0.913,0.9206,0.8571,0.9365,18,58,5,5,0.8837,0.7826,0.9206,0.7826,0.9496,21,57,6,2,0.907,0.913,0.9048,0.84,0.9317,18,57,6,5,0.8721,0.7826,0.9048,0.766,0.942,21,58,5,2,0.9186,0.913,0.9206,0.8571,0.9337
677,20,53,15,11,0.7374,0.6452,0.7794,0.6061,0.7955,18,59,9,13,0.7778,0.5806,0.8676,0.6207,0.8292,19,54,14,12,0.7374,0.6129,0.7941,0.5938,0.7652,20,59,9,11,0.798,0.6452,0.8676,0.6667,0.7823,19,55,13,12,0.7475,0.6129,0.8088,0.6032,0.8112,15,70,6,11,0.8333,0.5769,0.9211,0.6383,0.7713,18,70,6,8,0.8627,0.6923,0.9211,0.72,0.8355,16,69,7,10,0.8333,0.6154,0.9079,0.6531,0.8031,15,72,4,11,0.8529,0.5769,0.9474,0.6667,0.8052,16,68,8,10,0.8235,0.6154,0.8947,0.64,0.8143,25,45,3,11,0.8333,0.6944,0.9375,0.7812,0.8814,23,36,12,13,0.7024,0.6389,0.75,0.6479,0.8617,25,36,12,11,0.7262,0.6944,0.75,0.6849,0.8507,25,39,9,11,0.7619,0.6944,0.8125,0.7143,0.8738,25,38,10,11,0.75,0.6944,0.7917,0.7042,0.8472,18,62,4,2,0.9302,0.9,0.9394,0.8571,0.9439,17,61,5,3,0.907,0.85,0.9242,0.8095,0.9432,18,59,7,2,0.8953,0.9,0.8939,0.8,0.9303,17,59,7,3,0.8837,0.85,0.8939,0.7727,0.9447,18,61,5,2,0.9186,0.9,0.9242,0.8372,0.9477
678,29,49,9,12,0.7879,0.7073,0.8448,0.7342,0.815,23,54,4,18,0.7778,0.561,0.931,0.6765,0.8082,27,50,8,14,0.7778,0.6585,0.8621,0.7105,0.8158,29,54,4,12,0.8384,0.7073,0.931,0.7838,0.8192,27,52,6,14,0.798,0.6585,0.8966,0.7297,0.8415,14,76,1,11,0.8824,0.56,0.987,0.7,0.7522,14,74,3,11,0.8627,0.56,0.961,0.6667,0.7262,14,72,5,11,0.8431,0.56,0.9351,0.6364,0.721,14,75,2,11,0.8725,0.56,0.974,0.6829,0.7236,14,70,7,11,0.8235,0.56,0.9091,0.6087,0.734,22,45,6,11,0.7976,0.6667,0.8824,0.7213,0.8259,23,45,6,10,0.8095,0.697,0.8824,0.7419,0.9008,23,41,10,10,0.7619,0.697,0.8039,0.697,0.8526,24,46,5,9,0.8333,0.7273,0.902,0.7742,0.8889,23,44,7,10,0.7976,0.697,0.8627,0.7302,0.8853,32,49,2,3,0.9419,0.9143,0.9608,0.9275,0.9232,30,48,3,5,0.907,0.8571,0.9412,0.8824,0.9104,32,48,3,3,0.9302,0.9143,0.9412,0.9143,0.9305,30,48,3,5,0.907,0.8571,0.9412,0.8824,0.9468,32,48,3,3,0.9302,0.9143,0.9412,0.9143,0.9266
679,29,54,6,10,0.8384,0.7436,0.9,0.7838,0.944,25,56,4,14,0.8182,0.641,0.9333,0.7353,0.9107,28,53,7,11,0.8182,0.7179,0.8833,0.7568,0.9261,29,56,4,10,0.8586,0.7436,0.9333,0.8056,0.9218,28,53,7,11,0.8182,0.7179,0.8833,0.7568,0.9474,15,72,11,4,0.8529,0.7895,0.8675,0.6667,0.8611,16,75,8,3,0.8922,0.8421,0.9036,0.7442,0.8922,15,72,11,4,0.8529,0.7895,0.8675,0.6667,0.8725,15,78,5,4,0.9118,0.7895,0.9398,0.7692,0.8878,15,71,12,4,0.8431,0.7895,0.8554,0.6522,0.8954,21,49,8,6,0.8333,0.7778,0.8596,0.75,0.8291,21,44,13,6,0.7738,0.7778,0.7719,0.6885,0.8616,21,38,19,6,0.7024,0.7778,0.6667,0.6269,0.8291,22,45,12,5,0.7976,0.8148,0.7895,0.7213,0.8421,21,45,12,6,0.7857,0.7778,0.7895,0.7,0.8655,22,56,4,4,0.907,0.8462,0.9333,0.8462,0.9244,22,55,5,4,0.8953,0.8462,0.9167,0.8302,0.9026,22,55,5,4,0.8953,0.8462,0.9167,0.8302,0.9218,22,55,5,4,0.8953,0.8462,0.9167,0.8302,0.9205,22,55,5,4,0.8953,0.8462,0.9167,0.8302,0.9199
680,29,48,12,10,0.7778,0.7436,0.8,0.725,0.8197,21,52,8,18,0.7374,0.5385,0.8667,0.6176,0.8513,27,48,12,12,0.7576,0.6923,0.8,0.6923,0.8128,29,52,8,10,0.8182,0.7436,0.8667,0.7632,0.8521,27,50,10,12,0.7778,0.6923,0.8333,0.7105,0.8825,15,72,8,7,0.8529,0.6818,0.9,0.6667,0.7847,16,70,10,6,0.8431,0.7273,0.875,0.6667,0.7693,14,71,9,8,0.8333,0.6364,0.8875,0.6222,0.7528,14,70,10,8,0.8235,0.6364,0.875,0.6087,0.8006,14,69,11,8,0.8137,0.6364,0.8625,0.5957,0.7818,20,52,5,7,0.8571,0.7407,0.9123,0.7692,0.8395,17,44,13,10,0.7262,0.6296,0.7719,0.5965,0.8363,18,38,19,9,0.6667,0.6667,0.6667,0.5625,0.8012,17,45,12,10,0.7381,0.6296,0.7895,0.6071,0.8402,18,43,14,9,0.7262,0.6667,0.7544,0.6102,0.8447,15,60,7,4,0.8721,0.7895,0.8955,0.7317,0.8759,14,59,8,5,0.8488,0.7368,0.8806,0.6829,0.8507,15,59,8,4,0.8605,0.7895,0.8806,0.7143,0.8641,14,59,8,5,0.8488,0.7368,0.8806,0.6829,0.8987,15,59,8,4,0.8605,0.7895,0.8806,0.7143,0.8712
681,33,46,9,11,0.798,0.75,0.8364,0.7674,0.9107,29,51,4,15,0.8081,0.6591,0.9273,0.7532,0.9157,32,47,8,12,0.798,0.7273,0.8545,0.7619,0.9017,33,51,4,11,0.8485,0.75,0.9273,0.8148,0.8992,32,49,6,12,0.8182,0.7273,0.8909,0.7805,0.9269,21,69,7,5,0.8824,0.8077,0.9079,0.7778,0.9357,23,69,7,3,0.902,0.8846,0.9079,0.8214,0.9302,22,68,8,4,0.8824,0.8462,0.8947,0.7857,0.9332,21,69,7,5,0.8824,0.8077,0.9079,0.7778,0.9337,22,66,10,4,0.8627,0.8462,0.8684,0.7586,0.9322,22,44,9,9,0.7857,0.7097,0.8302,0.7097,0.7949,22,41,12,9,0.75,0.7097,0.7736,0.6769,0.8418,22,39,14,9,0.7262,0.7097,0.7358,0.6567,0.8077,26,43,10,5,0.8214,0.8387,0.8113,0.7761,0.8338,22,41,12,9,0.75,0.7097,0.7736,0.6769,0.8278,18,62,2,4,0.9302,0.8182,0.9688,0.8571,0.902,16,61,3,6,0.8953,0.7273,0.9531,0.7805,0.8913,18,59,5,4,0.8953,0.8182,0.9219,0.8,0.8835,16,59,5,6,0.8721,0.7273,0.9219,0.7442,0.9311,18,61,3,4,0.9186,0.8182,0.9531,0.8372,0.9084
682,32,55,8,4,0.8788,0.8889,0.873,0.8421,0.9198,28,57,6,8,0.8586,0.7778,0.9048,0.8,0.8915,31,54,9,5,0.8586,0.8611,0.8571,0.8158,0.9008,32,57,6,4,0.899,0.8889,0.9048,0.8649,0.9109,31,56,7,5,0.8788,0.8611,0.8889,0.8378,0.9303,26,64,6,6,0.8824,0.8125,0.9143,0.8125,0.9018,28,65,5,4,0.9118,0.875,0.9286,0.8615,0.921,24,63,7,8,0.8529,0.75,0.9,0.7619,0.8897,23,65,5,9,0.8627,0.7188,0.9286,0.7667,0.9045,24,61,9,8,0.8333,0.75,0.8714,0.7385,0.9085,20,51,3,10,0.8452,0.6667,0.9444,0.7547,0.784,19,48,6,11,0.7976,0.6333,0.8889,0.6909,0.8821,19,44,10,11,0.75,0.6333,0.8148,0.6441,0.8259,19,48,6,11,0.7976,0.6333,0.8889,0.6909,0.8519,19,47,7,11,0.7857,0.6333,0.8704,0.6786,0.8414,25,53,2,6,0.907,0.8065,0.9636,0.8621,0.9173,23,53,2,8,0.8837,0.7419,0.9636,0.8214,0.9114,25,51,4,6,0.8837,0.8065,0.9273,0.8333,0.9073,23,51,4,8,0.8605,0.7419,0.9273,0.7931,0.9402,25,53,2,6,0.907,0.8065,0.9636,0.8621,0.9226
683,28,47,14,10,0.7576,0.7368,0.7705,0.7,0.7761,23,52,9,15,0.7576,0.6053,0.8525,0.6571,0.8028,22,46,15,16,0.6869,0.5789,0.7541,0.5867,0.7468,28,52,9,10,0.8081,0.7368,0.8525,0.7467,0.7888,22,51,10,16,0.7374,0.5789,0.8361,0.6286,0.8063,25,64,4,9,0.8725,0.7353,0.9412,0.7937,0.9204,28,64,4,6,0.902,0.8235,0.9412,0.8485,0.9213,21,63,5,13,0.8235,0.6176,0.9265,0.7,0.8828,20,64,4,14,0.8235,0.5882,0.9412,0.6897,0.9122,21,61,7,13,0.8039,0.6176,0.8971,0.6774,0.8992,22,47,9,6,0.8214,0.7857,0.8393,0.7458,0.8221,22,42,14,6,0.7619,0.7857,0.75,0.6875,0.8527,22,36,20,6,0.6905,0.7857,0.6429,0.6286,0.8259,23,42,14,5,0.7738,0.8214,0.75,0.7077,0.8501,22,42,14,6,0.7619,0.7857,0.75,0.6875,0.8476,21,59,3,3,0.9302,0.875,0.9516,0.875,0.9261,20,58,4,4,0.907,0.8333,0.9355,0.8333,0.8871,21,57,5,3,0.907,0.875,0.9194,0.84,0.9315,20,57,5,4,0.8953,0.8333,0.9194,0.8163,0.9422,21,58,4,3,0.9186,0.875,0.9355,0.8571,0.9194
684,24,53,12,10,0.7778,0.7059,0.8154,0.6857,0.8063,20,60,5,14,0.8081,0.5882,0.9231,0.678,0.848,22,54,11,12,0.7677,0.6471,0.8308,0.6567,0.8032,24,60,5,10,0.8485,0.7059,0.9231,0.7619,0.7925,22,56,9,12,0.7879,0.6471,0.8615,0.6769,0.8172,13,78,5,6,0.8922,0.6842,0.9398,0.7027,0.811,13,78,5,6,0.8922,0.6842,0.9398,0.7027,0.8833,11,79,4,8,0.8824,0.5789,0.9518,0.6471,0.8199,11,79,4,8,0.8824,0.5789,0.9518,0.6471,0.8573,11,74,9,8,0.8333,0.5789,0.8916,0.5641,0.8408,20,48,8,8,0.8095,0.7143,0.8571,0.7143,0.7781,20,41,15,8,0.7262,0.7143,0.7321,0.6349,0.8138,20,38,18,8,0.6905,0.7143,0.6786,0.6061,0.7934,21,47,9,7,0.8095,0.75,0.8393,0.7241,0.8195,20,42,14,8,0.7381,0.7143,0.75,0.6452,0.8119,25,57,1,3,0.9535,0.8929,0.9828,0.9259,0.9286,24,56,2,4,0.9302,0.8571,0.9655,0.8889,0.9021,25,54,4,3,0.9186,0.8929,0.931,0.8772,0.9323,24,54,4,4,0.907,0.8571,0.931,0.8571,0.9458,25,56,2,3,0.9419,0.8929,0.9655,0.9091,0.9261
685,25,54,13,7,0.798,0.7812,0.806,0.7143,0.8465,24,57,10,8,0.8182,0.75,0.8507,0.7273,0.8923,23,55,12,9,0.7879,0.7188,0.8209,0.6866,0.8358,25,57,10,7,0.8283,0.7812,0.8507,0.7463,0.8302,23,55,12,9,0.7879,0.7188,0.8209,0.6866,0.8703,22,66,8,6,0.8627,0.7857,0.8919,0.7586,0.9242,26,71,3,2,0.951,0.9286,0.9595,0.9123,0.9382,20,68,6,8,0.8627,0.7143,0.9189,0.7407,0.9025,18,73,1,10,0.8922,0.6429,0.9865,0.766,0.9228,20,68,6,8,0.8627,0.7143,0.9189,0.7407,0.9122,21,47,7,9,0.8095,0.7,0.8704,0.7241,0.8481,22,42,12,8,0.7619,0.7333,0.7778,0.6875,0.8463,22,39,15,8,0.7262,0.7333,0.7222,0.6567,0.8278,24,44,10,6,0.8095,0.8,0.8148,0.75,0.8475,22,41,13,8,0.75,0.7333,0.7593,0.6769,0.8377,21,57,5,3,0.907,0.875,0.9194,0.84,0.9046,19,56,6,5,0.8721,0.7917,0.9032,0.7755,0.8642,21,56,6,3,0.8953,0.875,0.9032,0.8235,0.8992,19,56,6,5,0.8721,0.7917,0.9032,0.7755,0.9194,21,56,6,3,0.8953,0.875,0.9032,0.8235,0.877
686,29,49,10,11,0.7879,0.725,0.8305,0.7342,0.8225,24,54,5,16,0.7879,0.6,0.9153,0.6957,0.8246,27,51,8,13,0.7879,0.675,0.8644,0.72,0.8161,29,54,5,11,0.8384,0.725,0.9153,0.7838,0.8193,27,52,7,13,0.798,0.675,0.8814,0.7297,0.8483,19,62,10,11,0.7941,0.6333,0.8611,0.6441,0.8301,23,68,4,7,0.8922,0.7667,0.9444,0.807,0.8741,20,67,5,10,0.8529,0.6667,0.9306,0.7273,0.8185,17,69,3,13,0.8431,0.5667,0.9583,0.68,0.8528,20,66,6,10,0.8431,0.6667,0.9167,0.7143,0.8384,26,42,6,10,0.8095,0.7222,0.875,0.7647,0.8021,25,37,11,11,0.7381,0.6944,0.7708,0.6944,0.8212,25,35,13,11,0.7143,0.6944,0.7292,0.6757,0.8096,25,40,8,11,0.7738,0.6944,0.8333,0.7246,0.8264,25,37,11,11,0.7381,0.6944,0.7708,0.6944,0.82,20,53,7,6,0.8488,0.7692,0.8833,0.7547,0.8449,20,53,7,6,0.8488,0.7692,0.8833,0.7547,0.85,20,53,7,6,0.8488,0.7692,0.8833,0.7547,0.8365,20,53,7,6,0.8488,0.7692,0.8833,0.7547,0.8859,20,53,7,6,0.8488,0.7692,0.8833,0.7547,0.8532
687,21,54,13,11,0.7576,0.6562,0.806,0.6364,0.8237,20,58,9,12,0.7879,0.625,0.8657,0.6557,0.827,18,52,15,14,0.7071,0.5625,0.7761,0.5538,0.7929,21,58,9,11,0.798,0.6562,0.8657,0.6774,0.813,18,54,13,14,0.7273,0.5625,0.806,0.5714,0.8377,19,71,4,8,0.8824,0.7037,0.9467,0.76,0.8943,22,72,3,5,0.9216,0.8148,0.96,0.8462,0.883,20,71,4,7,0.8922,0.7407,0.9467,0.7843,0.876,18,73,2,9,0.8922,0.6667,0.9733,0.766,0.8859,20,71,4,7,0.8922,0.7407,0.9467,0.7843,0.8914,26,45,7,6,0.8452,0.8125,0.8654,0.8,0.8239,23,41,11,9,0.7619,0.7188,0.7885,0.697,0.8438,24,36,16,8,0.7143,0.75,0.6923,0.6667,0.7734,23,45,7,9,0.8095,0.7188,0.8654,0.7419,0.851,24,38,14,8,0.7381,0.75,0.7308,0.6857,0.8317,23,55,5,3,0.907,0.8846,0.9167,0.8519,0.9404,23,55,5,3,0.907,0.8846,0.9167,0.8519,0.95,23,55,5,3,0.907,0.8846,0.9167,0.8519,0.9212,23,55,5,3,0.907,0.8846,0.9167,0.8519,0.9404,23,55,5,3,0.907,0.8846,0.9167,0.8519,0.9378
688,24,56,10,9,0.8081,0.7273,0.8485,0.7164,0.8485,18,58,8,15,0.7677,0.5455,0.8788,0.6102,0.8453,23,55,11,10,0.7879,0.697,0.8333,0.6866,0.8375,24,58,8,9,0.8283,0.7273,0.8788,0.7385,0.8377,23,58,8,10,0.8182,0.697,0.8788,0.7188,0.8448,18,72,2,10,0.8824,0.6429,0.973,0.75,0.8369,20,71,3,8,0.8922,0.7143,0.9595,0.7843,0.8219,16,70,4,12,0.8431,0.5714,0.9459,0.6667,0.806,15,71,3,13,0.8431,0.5357,0.9595,0.6522,0.8248,16,70,4,12,0.8431,0.5714,0.9459,0.6667,0.8205,23,47,2,12,0.8333,0.6571,0.9592,0.7667,0.807,23,44,5,12,0.7976,0.6571,0.898,0.7302,0.8863,24,39,10,11,0.75,0.6857,0.7959,0.6957,0.8076,23,43,6,12,0.7857,0.6571,0.8776,0.7188,0.8426,24,42,7,11,0.7857,0.6857,0.8571,0.7273,0.842,15,61,8,2,0.8837,0.8824,0.8841,0.75,0.8806,15,61,8,2,0.8837,0.8824,0.8841,0.75,0.8764,15,60,9,2,0.8721,0.8824,0.8696,0.7317,0.8747,15,60,9,2,0.8721,0.8824,0.8696,0.7317,0.9054,15,61,8,2,0.8837,0.8824,0.8841,0.75,0.8721
689,24,55,14,6,0.798,0.8,0.7971,0.7059,0.8551,23,57,12,7,0.8081,0.7667,0.8261,0.7077,0.901,24,55,14,6,0.798,0.8,0.7971,0.7059,0.8633,24,57,12,6,0.8182,0.8,0.8261,0.7273,0.8667,24,56,13,6,0.8081,0.8,0.8116,0.7164,0.9053,13,78,3,8,0.8922,0.619,0.963,0.7027,0.8054,16,77,4,5,0.9118,0.7619,0.9506,0.7805,0.843,12,76,5,9,0.8627,0.5714,0.9383,0.6316,0.7707,12,78,3,9,0.8824,0.5714,0.963,0.6667,0.8419,12,73,8,9,0.8333,0.5714,0.9012,0.5854,0.7889,16,58,2,8,0.881,0.6667,0.9667,0.7619,0.8507,17,49,11,7,0.7857,0.7083,0.8167,0.6538,0.8993,17,48,12,7,0.7738,0.7083,0.8,0.6415,0.8521,17,49,11,7,0.7857,0.7083,0.8167,0.6538,0.8785,17,48,12,7,0.7738,0.7083,0.8,0.6415,0.8688,22,58,3,3,0.9302,0.88,0.9508,0.88,0.9469,22,57,4,3,0.9186,0.88,0.9344,0.8627,0.9292,22,57,4,3,0.9186,0.88,0.9344,0.8627,0.9528,22,57,4,3,0.9186,0.88,0.9344,0.8627,0.9587,22,57,4,3,0.9186,0.88,0.9344,0.8627,0.937
690,28,49,14,8,0.7778,0.7778,0.7778,0.7179,0.8294,25,52,11,11,0.7778,0.6944,0.8254,0.6944,0.8042,25,51,12,11,0.7677,0.6944,0.8095,0.6849,0.7959,28,52,11,8,0.8081,0.7778,0.8254,0.7467,0.8168,25,49,14,11,0.7475,0.6944,0.7778,0.6667,0.8536,25,64,5,8,0.8725,0.7576,0.9275,0.7937,0.8669,26,64,5,7,0.8824,0.7879,0.9275,0.8125,0.8977,23,62,7,10,0.8333,0.697,0.8986,0.7302,0.859,23,66,3,10,0.8725,0.697,0.9565,0.7797,0.8893,23,60,9,10,0.8137,0.697,0.8696,0.7077,0.8665,23,48,3,10,0.8452,0.697,0.9412,0.7797,0.9037,23,44,7,10,0.7976,0.697,0.8627,0.7302,0.9364,24,44,7,9,0.8095,0.7273,0.8627,0.75,0.9275,24,45,6,9,0.8214,0.7273,0.8824,0.7619,0.9245,24,46,5,9,0.8333,0.7273,0.902,0.7742,0.9382,26,53,3,4,0.9186,0.8667,0.9464,0.8814,0.8982,25,49,7,5,0.8605,0.8333,0.875,0.8065,0.881,26,48,8,4,0.8605,0.8667,0.8571,0.8125,0.8917,25,48,8,5,0.8488,0.8333,0.8571,0.7937,0.9036,26,49,7,4,0.8721,0.8667,0.875,0.8254,0.8917
691,17,54,16,12,0.7172,0.5862,0.7714,0.5484,0.7463,13,61,9,16,0.7475,0.4483,0.8714,0.5098,0.7478,15,55,15,14,0.7071,0.5172,0.7857,0.5085,0.7079,17,61,9,12,0.7879,0.5862,0.8714,0.6182,0.7374,15,55,15,14,0.7071,0.5172,0.7857,0.5085,0.769,13,74,7,8,0.8529,0.619,0.9136,0.6341,0.8025,14,70,11,7,0.8235,0.6667,0.8642,0.6087,0.8489,13,70,11,8,0.8137,0.619,0.8642,0.5778,0.8389,12,74,7,9,0.8431,0.5714,0.9136,0.6,0.8542,13,68,13,8,0.7941,0.619,0.8395,0.5532,0.8442,15,51,5,13,0.7857,0.5357,0.9107,0.625,0.8138,16,42,14,12,0.6905,0.5714,0.75,0.5517,0.8029,18,39,17,10,0.6786,0.6429,0.6964,0.5714,0.8112,18,44,12,10,0.7381,0.6429,0.7857,0.6207,0.8208,18,44,12,10,0.7381,0.6429,0.7857,0.6207,0.808,19,60,2,5,0.9186,0.7917,0.9677,0.8444,0.877,18,59,3,6,0.8953,0.75,0.9516,0.8,0.8461,19,58,4,5,0.8953,0.7917,0.9355,0.8085,0.9059,18,58,4,6,0.8837,0.75,0.9355,0.7826,0.9254,19,59,3,5,0.907,0.7917,0.9516,0.8261,0.8817
692,19,57,14,9,0.7677,0.6786,0.8028,0.623,0.7349,18,62,9,10,0.8081,0.6429,0.8732,0.6545,0.7636,18,55,16,10,0.7374,0.6429,0.7746,0.5806,0.7032,19,62,9,9,0.8182,0.6786,0.8732,0.6786,0.7455,18,57,14,10,0.7576,0.6429,0.8028,0.6,0.7555,13,67,8,14,0.7843,0.4815,0.8933,0.5417,0.7605,16,69,6,11,0.8333,0.5926,0.92,0.6531,0.7793,14,68,7,13,0.8039,0.5185,0.9067,0.5833,0.717,13,71,4,14,0.8235,0.4815,0.9467,0.5909,0.7793,14,65,10,13,0.7745,0.5185,0.8667,0.549,0.7407,17,52,6,9,0.8214,0.6538,0.8966,0.6939,0.9052,18,49,9,8,0.7976,0.6923,0.8448,0.6792,0.9078,19,45,13,7,0.7619,0.7308,0.7759,0.6552,0.8912,18,52,6,8,0.8333,0.6923,0.8966,0.72,0.9231,19,48,10,7,0.7976,0.7308,0.8276,0.6909,0.8985,20,56,5,5,0.8837,0.8,0.918,0.8,0.8715,19,54,7,6,0.8488,0.76,0.8852,0.7451,0.8433,20,53,8,5,0.8488,0.8,0.8689,0.7547,0.8721,19,53,8,6,0.8372,0.76,0.8689,0.7308,0.8892,20,54,7,5,0.8605,0.8,0.8852,0.7692,0.8689
693,32,46,8,13,0.7879,0.7111,0.8519,0.7529,0.8539,26,52,2,19,0.7879,0.5778,0.963,0.7123,0.8514,30,48,6,15,0.7879,0.6667,0.8889,0.7407,0.8634,32,52,2,13,0.8485,0.7111,0.963,0.8101,0.8646,30,52,2,15,0.8283,0.6667,0.963,0.7792,0.8905,17,71,6,8,0.8627,0.68,0.9221,0.7083,0.7808,17,67,10,8,0.8235,0.68,0.8701,0.6538,0.7844,16,69,8,9,0.8333,0.64,0.8961,0.6531,0.7678,16,67,10,9,0.8137,0.64,0.8701,0.6275,0.774,16,66,11,9,0.8039,0.64,0.8571,0.6154,0.761,13,53,9,9,0.7857,0.5909,0.8548,0.5909,0.7698,14,48,14,8,0.7381,0.6364,0.7742,0.56,0.846,14,45,17,8,0.7024,0.6364,0.7258,0.5283,0.7705,15,50,12,7,0.7738,0.6818,0.8065,0.6122,0.8152,14,48,14,8,0.7381,0.6364,0.7742,0.56,0.8248,22,59,2,3,0.9419,0.88,0.9672,0.898,0.9482,21,59,2,4,0.9302,0.84,0.9672,0.875,0.9318,22,57,4,3,0.9186,0.88,0.9344,0.8627,0.9443,21,57,4,4,0.907,0.84,0.9344,0.84,0.9548,22,59,2,3,0.9419,0.88,0.9672,0.898,0.9436
694,25,50,16,8,0.7576,0.7576,0.7576,0.6757,0.8595,23,56,10,10,0.798,0.697,0.8485,0.697,0.8586,24,51,15,9,0.7576,0.7273,0.7727,0.6667,0.8421,25,56,10,8,0.8182,0.7576,0.8485,0.7353,0.8466,24,52,14,9,0.7677,0.7273,0.7879,0.6761,0.865,17,69,8,8,0.8431,0.68,0.8961,0.68,0.8182,18,70,7,7,0.8627,0.72,0.9091,0.72,0.8462,16,64,13,9,0.7843,0.64,0.8312,0.5926,0.8166,16,73,4,9,0.8725,0.64,0.9481,0.7111,0.8281,16,64,13,9,0.7843,0.64,0.8312,0.5926,0.8166,20,51,3,10,0.8452,0.6667,0.9444,0.7547,0.8432,20,44,10,10,0.7619,0.6667,0.8148,0.6667,0.8975,22,45,9,8,0.7976,0.7333,0.8333,0.7213,0.8457,22,47,7,8,0.8214,0.7333,0.8704,0.7458,0.8691,22,46,8,8,0.8095,0.7333,0.8519,0.7333,0.8753,33,46,1,6,0.9186,0.8462,0.9787,0.9041,0.9231,32,45,2,7,0.8953,0.8205,0.9574,0.8767,0.9089,33,44,3,6,0.8953,0.8462,0.9362,0.88,0.9193,32,44,3,7,0.8837,0.8205,0.9362,0.8649,0.9433,33,45,2,6,0.907,0.8462,0.9574,0.8919,0.9274
695,25,57,12,5,0.8283,0.8333,0.8261,0.7463,0.8947,23,62,7,7,0.8586,0.7667,0.8986,0.7667,0.8908,24,57,12,6,0.8182,0.8,0.8261,0.7273,0.8662,25,62,7,5,0.8788,0.8333,0.8986,0.8065,0.8964,24,59,10,6,0.8384,0.8,0.8551,0.75,0.9116,19,70,8,5,0.8725,0.7917,0.8974,0.7451,0.8969,20,70,8,4,0.8824,0.8333,0.8974,0.7692,0.899,17,68,10,7,0.8333,0.7083,0.8718,0.6667,0.8702,17,70,8,7,0.8529,0.7083,0.8974,0.6939,0.8942,17,65,13,7,0.8039,0.7083,0.8333,0.6296,0.8894,18,51,6,9,0.8214,0.6667,0.8947,0.7059,0.7823,19,42,15,8,0.7262,0.7037,0.7368,0.623,0.8155,19,38,19,8,0.6786,0.7037,0.6667,0.5846,0.7661,20,42,15,7,0.7381,0.7407,0.7368,0.6452,0.7914,19,42,15,8,0.7262,0.7037,0.7368,0.623,0.8174,25,55,3,3,0.9302,0.8929,0.9483,0.8929,0.9624,23,53,5,5,0.8837,0.8214,0.9138,0.8214,0.9569,25,51,7,3,0.8837,0.8929,0.8793,0.8333,0.9243,23,51,7,5,0.8605,0.8214,0.8793,0.7931,0.9433,25,53,5,3,0.907,0.8929,0.9138,0.8621,0.9581
696,26,52,12,9,0.7879,0.7429,0.8125,0.7123,0.8357,24,55,9,11,0.798,0.6857,0.8594,0.7059,0.8621,25,52,12,10,0.7778,0.7143,0.8125,0.6944,0.8277,26,55,9,9,0.8182,0.7429,0.8594,0.7429,0.8237,25,52,12,10,0.7778,0.7143,0.8125,0.6944,0.8777,19,63,10,10,0.8039,0.6552,0.863,0.6552,0.838,23,63,10,6,0.8431,0.7931,0.863,0.7419,0.8663,21,63,10,8,0.8235,0.7241,0.863,0.7,0.8555,18,65,8,11,0.8137,0.6207,0.8904,0.6545,0.8625,21,61,12,8,0.8039,0.7241,0.8356,0.6774,0.8403,23,44,6,11,0.7976,0.6765,0.88,0.7302,0.8047,24,39,11,10,0.75,0.7059,0.78,0.6957,0.8553,24,35,15,10,0.7024,0.7059,0.7,0.6575,0.8371,25,39,11,9,0.7619,0.7353,0.78,0.7143,0.8418,24,35,15,10,0.7024,0.7059,0.7,0.6575,0.8182,19,63,2,2,0.9535,0.9048,0.9692,0.9048,0.948,18,62,3,3,0.9302,0.8571,0.9538,0.8571,0.9516,19,61,4,2,0.9302,0.9048,0.9385,0.8636,0.9319,18,61,4,3,0.9186,0.8571,0.9385,0.8372,0.9546,19,62,3,2,0.9419,0.9048,0.9538,0.8837,0.9524
697,30,52,10,7,0.8283,0.8108,0.8387,0.7792,0.8505,27,55,7,10,0.8283,0.7297,0.8871,0.7606,0.8871,26,52,10,11,0.7879,0.7027,0.8387,0.7123,0.8596,30,55,7,7,0.8586,0.8108,0.8871,0.8108,0.8474,26,54,8,11,0.8081,0.7027,0.871,0.7324,0.891,25,71,2,4,0.9412,0.8621,0.9726,0.8929,0.9513,27,73,0,2,0.9804,0.931,1.0,0.9643,0.9787,24,72,1,5,0.9412,0.8276,0.9863,0.8889,0.9542,24,73,0,5,0.951,0.8276,1.0,0.9057,0.9712,24,72,1,5,0.9412,0.8276,0.9863,0.8889,0.9721,22,45,6,11,0.7976,0.6667,0.8824,0.7213,0.8164,22,43,8,11,0.7738,0.6667,0.8431,0.6984,0.9008,26,40,11,7,0.7857,0.7879,0.7843,0.7429,0.852,22,44,7,11,0.7857,0.6667,0.8627,0.7097,0.8871,26,41,10,7,0.7976,0.7879,0.8039,0.7536,0.8622,20,64,1,1,0.9767,0.9524,0.9846,0.9524,0.9941,20,64,1,1,0.9767,0.9524,0.9846,0.9524,0.9963,20,63,2,1,0.9651,0.9524,0.9692,0.9302,0.9846,20,63,2,1,0.9651,0.9524,0.9692,0.9302,0.9934,20,64,1,1,0.9767,0.9524,0.9846,0.9524,0.9934
698,25,55,9,10,0.8081,0.7143,0.8594,0.7246,0.8455,22,60,4,13,0.8283,0.6286,0.9375,0.7213,0.8451,25,54,10,10,0.798,0.7143,0.8438,0.7143,0.8174,25,60,4,10,0.8586,0.7143,0.9375,0.7813,0.8234,25,56,8,10,0.8182,0.7143,0.875,0.7353,0.8625,12,75,9,6,0.8529,0.6667,0.8929,0.6154,0.8201,13,80,4,5,0.9118,0.7222,0.9524,0.7429,0.8512,8,80,4,10,0.8627,0.4444,0.9524,0.5333,0.7864,8,81,3,10,0.8725,0.4444,0.9643,0.5517,0.836,8,78,6,10,0.8431,0.4444,0.9286,0.5,0.8161,21,53,5,5,0.881,0.8077,0.9138,0.8077,0.9078,21,48,10,5,0.8214,0.8077,0.8276,0.7368,0.9344,22,43,15,4,0.7738,0.8462,0.7414,0.6984,0.8999,22,51,7,4,0.869,0.8462,0.8793,0.8,0.935,22,49,9,4,0.8452,0.8462,0.8448,0.7719,0.9178,27,55,1,3,0.9535,0.9,0.9821,0.931,0.9393,26,54,2,4,0.9302,0.8667,0.9643,0.8966,0.9333,27,53,3,3,0.9302,0.9,0.9464,0.9,0.9393,26,53,3,4,0.9186,0.8667,0.9464,0.8814,0.9554,27,54,2,3,0.9419,0.9,0.9643,0.9153,0.9411
699,29,52,12,6,0.8182,0.8286,0.8125,0.7632,0.871,24,52,12,11,0.7677,0.6857,0.8125,0.6761,0.8554,25,51,13,10,0.7677,0.7143,0.7969,0.6849,0.8455,29,52,12,6,0.8182,0.8286,0.8125,0.7632,0.8433,25,51,13,10,0.7677,0.7143,0.7969,0.6849,0.8768,19,73,2,8,0.902,0.7037,0.9733,0.7917,0.8306,21,69,6,6,0.8824,0.7778,0.92,0.7778,0.841,18,70,5,9,0.8627,0.6667,0.9333,0.72,0.8178,17,70,5,10,0.8529,0.6296,0.9333,0.6939,0.8494,18,66,9,9,0.8235,0.6667,0.88,0.6667,0.8128,21,43,8,12,0.7619,0.6364,0.8431,0.6774,0.8604,24,41,10,9,0.7738,0.7273,0.8039,0.7164,0.8859,24,39,12,9,0.75,0.7273,0.7647,0.6957,0.8627,24,45,6,9,0.8214,0.7273,0.8824,0.7619,0.8948,24,42,9,9,0.7857,0.7273,0.8235,0.7273,0.8758,19,57,4,6,0.8837,0.76,0.9344,0.7917,0.9023,19,55,6,6,0.8605,0.76,0.9016,0.76,0.9049,19,55,6,6,0.8605,0.76,0.9016,0.76,0.8728,19,55,6,6,0.8605,0.76,0.9016,0.76,0.9069,19,55,6,6,0.8605,0.76,0.9016,0.76,0.9141
700,24,54,9,12,0.7879,0.6667,0.8571,0.6957,0.8501,22,58,5,14,0.8081,0.6111,0.9206,0.6984,0.8554,24,54,9,12,0.7879,0.6667,0.8571,0.6957,0.836,24,58,5,12,0.8283,0.6667,0.9206,0.7385,0.8267,24,55,8,12,0.798,0.6667,0.873,0.7059,0.8761,12,72,5,13,0.8235,0.48,0.9351,0.5714,0.7683,16,73,4,9,0.8725,0.64,0.9481,0.7111,0.7678,9,72,5,16,0.7941,0.36,0.9351,0.4615,0.7413,9,75,2,16,0.8235,0.36,0.974,0.5,0.7688,9,72,5,16,0.7941,0.36,0.9351,0.4615,0.7668,18,50,10,6,0.8095,0.75,0.8333,0.6923,0.8271,17,50,10,7,0.7976,0.7083,0.8333,0.6667,0.8931,18,42,18,6,0.7143,0.75,0.7,0.6,0.8479,17,54,6,7,0.8452,0.7083,0.9,0.7234,0.8847,18,46,14,6,0.7619,0.75,0.7667,0.6429,0.8563,21,58,4,3,0.9186,0.875,0.9355,0.8571,0.9375,21,58,4,3,0.9186,0.875,0.9355,0.8571,0.9429,21,57,5,3,0.907,0.875,0.9194,0.84,0.918,21,57,5,3,0.907,0.875,0.9194,0.84,0.9509,21,58,4,3,0.9186,0.875,0.9355,0.8571,0.9442
701,18,53,21,7,0.7172,0.72,0.7162,0.5625,0.8146,17,61,13,8,0.7879,0.68,0.8243,0.6182,0.8092,17,54,20,8,0.7172,0.68,0.7297,0.5484,0.7643,18,61,13,7,0.798,0.72,0.8243,0.6429,0.7922,17,56,18,8,0.7374,0.68,0.7568,0.5667,0.8195,17,66,8,11,0.8137,0.6071,0.8919,0.6415,0.7828,17,67,7,11,0.8235,0.6071,0.9054,0.6538,0.7442,14,67,7,14,0.7941,0.5,0.9054,0.5714,0.7437,14,68,6,14,0.8039,0.5,0.9189,0.5833,0.764,14,64,10,14,0.7647,0.5,0.8649,0.5385,0.7403,28,45,2,9,0.869,0.7568,0.9574,0.8358,0.9247,29,40,7,8,0.8214,0.7838,0.8511,0.7945,0.9114,32,33,14,5,0.7738,0.8649,0.7021,0.7711,0.9103,29,40,7,8,0.8214,0.7838,0.8511,0.7945,0.9201,32,34,13,5,0.7857,0.8649,0.7234,0.7805,0.9068,31,49,1,5,0.9302,0.8611,0.98,0.9118,0.9128,31,49,1,5,0.9302,0.8611,0.98,0.9118,0.8922,31,47,3,5,0.907,0.8611,0.94,0.8857,0.9222,31,47,3,5,0.907,0.8611,0.94,0.8857,0.9411,31,49,1,5,0.9302,0.8611,0.98,0.9118,0.9139
702,30,46,8,15,0.7677,0.6667,0.8519,0.7229,0.8128,27,49,5,18,0.7677,0.6,0.9074,0.7013,0.8543,28,46,8,17,0.7475,0.6222,0.8519,0.6914,0.837,30,49,5,15,0.798,0.6667,0.9074,0.75,0.8286,28,47,7,17,0.7576,0.6222,0.8704,0.7,0.8613,18,66,5,13,0.8235,0.5806,0.9296,0.6667,0.8314,23,68,3,8,0.8922,0.7419,0.9577,0.807,0.8192,19,66,5,12,0.8333,0.6129,0.9296,0.6909,0.7951,16,68,3,15,0.8235,0.5161,0.9577,0.64,0.8205,19,64,7,12,0.8137,0.6129,0.9014,0.6667,0.8237,18,49,5,12,0.7976,0.6,0.9074,0.6792,0.7667,18,38,16,12,0.6667,0.6,0.7037,0.5625,0.8,18,39,15,12,0.6786,0.6,0.7222,0.5714,0.7358,18,43,11,12,0.7262,0.6,0.7963,0.6102,0.7759,18,42,12,12,0.7143,0.6,0.7778,0.6,0.7827,26,52,3,5,0.907,0.8387,0.9455,0.8667,0.9273,26,51,4,5,0.8953,0.8387,0.9273,0.8525,0.9073,26,51,4,5,0.8953,0.8387,0.9273,0.8525,0.915,26,51,4,5,0.8953,0.8387,0.9273,0.8525,0.9367,26,51,4,5,0.8953,0.8387,0.9273,0.8525,0.922
703,26,50,15,8,0.7677,0.7647,0.7692,0.6933,0.8217,24,53,12,10,0.7778,0.7059,0.8154,0.6857,0.8593,26,49,16,8,0.7576,0.7647,0.7538,0.6842,0.8262,26,53,12,8,0.798,0.7647,0.8154,0.7222,0.8509,26,51,14,8,0.7778,0.7647,0.7846,0.7027,0.8765,22,68,5,7,0.8824,0.7586,0.9315,0.7857,0.8451,24,70,3,5,0.9216,0.8276,0.9589,0.8571,0.855,19,69,4,10,0.8627,0.6552,0.9452,0.7308,0.8238,19,70,3,10,0.8725,0.6552,0.9589,0.7451,0.8451,19,69,4,10,0.8627,0.6552,0.9452,0.7308,0.8432,25,52,3,4,0.9167,0.8621,0.9455,0.8772,0.9179,24,43,12,5,0.7976,0.8276,0.7818,0.7385,0.9292,24,39,16,5,0.75,0.8276,0.7091,0.6957,0.8972,24,42,13,5,0.7857,0.8276,0.7636,0.7273,0.9172,24,40,15,5,0.7619,0.8276,0.7273,0.7059,0.8884,17,58,5,6,0.8721,0.7391,0.9206,0.7556,0.9041,17,56,7,6,0.8488,0.7391,0.8889,0.7234,0.9151,17,55,8,6,0.8372,0.7391,0.873,0.7083,0.8647,17,55,8,6,0.8372,0.7391,0.873,0.7083,0.9193,17,56,7,6,0.8488,0.7391,0.8889,0.7234,0.8951
704,24,53,16,6,0.7778,0.8,0.7681,0.6857,0.886,21,58,11,9,0.798,0.7,0.8406,0.6774,0.8894,23,55,14,7,0.7879,0.7667,0.7971,0.6866,0.8686,24,58,11,6,0.8283,0.8,0.8406,0.7385,0.871,23,55,14,7,0.7879,0.7667,0.7971,0.6866,0.9029,24,66,6,6,0.8824,0.8,0.9167,0.8,0.8713,25,66,6,5,0.8922,0.8333,0.9167,0.8197,0.8741,20,62,10,10,0.8039,0.6667,0.8611,0.6667,0.8389,20,68,4,10,0.8627,0.6667,0.9444,0.7407,0.8667,20,62,10,10,0.8039,0.6667,0.8611,0.6667,0.8546,28,44,5,7,0.8571,0.8,0.898,0.8235,0.8589,27,44,5,8,0.8452,0.7714,0.898,0.806,0.8857,27,39,10,8,0.7857,0.7714,0.7959,0.75,0.8618,28,43,6,7,0.8452,0.8,0.8776,0.8116,0.8787,27,41,8,8,0.8095,0.7714,0.8367,0.7714,0.8787,20,59,6,1,0.9186,0.9524,0.9077,0.8511,0.9509,19,59,6,2,0.907,0.9048,0.9077,0.8261,0.9385,20,59,6,1,0.9186,0.9524,0.9077,0.8511,0.9399,19,59,6,2,0.907,0.9048,0.9077,0.8261,0.9429,20,59,6,1,0.9186,0.9524,0.9077,0.8511,0.9421
705,26,52,13,8,0.7879,0.7647,0.8,0.7123,0.8566,21,56,9,13,0.7778,0.6176,0.8615,0.6562,0.848,26,52,13,8,0.7879,0.7647,0.8,0.7123,0.8471,26,56,9,8,0.8283,0.7647,0.8615,0.7536,0.8518,26,54,11,8,0.8081,0.7647,0.8308,0.7324,0.8855,21,64,3,14,0.8333,0.6,0.9552,0.7119,0.803,25,66,1,10,0.8922,0.7143,0.9851,0.8197,0.8542,22,63,4,13,0.8333,0.6286,0.9403,0.7213,0.8098,19,67,0,16,0.8431,0.5429,1.0,0.7037,0.835,22,63,4,13,0.8333,0.6286,0.9403,0.7213,0.8162,30,46,2,6,0.9048,0.8333,0.9583,0.8824,0.8929,30,39,9,6,0.8214,0.8333,0.8125,0.8,0.8964,30,36,12,6,0.7857,0.8333,0.75,0.7692,0.8565,30,41,7,6,0.8452,0.8333,0.8542,0.8219,0.8802,30,39,9,6,0.8214,0.8333,0.8125,0.8,0.8918,19,62,2,3,0.9419,0.8636,0.9688,0.8837,0.9375,19,62,2,3,0.9419,0.8636,0.9688,0.8837,0.9261,19,62,2,3,0.9419,0.8636,0.9688,0.8837,0.9318,19,62,2,3,0.9419,0.8636,0.9688,0.8837,0.9545,19,62,2,3,0.9419,0.8636,0.9688,0.8837,0.9375
706,25,47,15,12,0.7273,0.6757,0.7581,0.6494,0.7903,21,51,11,16,0.7273,0.5676,0.8226,0.6087,0.8112,21,47,15,16,0.6869,0.5676,0.7581,0.5753,0.7524,25,51,11,12,0.7677,0.6757,0.8226,0.6849,0.7642,21,49,13,16,0.7071,0.5676,0.7903,0.5915,0.8082,23,71,1,7,0.9216,0.7667,0.9861,0.8519,0.8616,23,68,4,7,0.8922,0.7667,0.9444,0.807,0.8481,17,68,4,13,0.8333,0.5667,0.9444,0.6667,0.8412,17,68,4,13,0.8333,0.5667,0.9444,0.6667,0.8435,17,65,7,13,0.8039,0.5667,0.9028,0.6296,0.8273,24,38,6,16,0.7381,0.6,0.8636,0.6857,0.796,24,29,15,16,0.631,0.6,0.6591,0.6076,0.7926,26,31,13,14,0.6786,0.65,0.7045,0.6582,0.7994,26,36,8,14,0.7381,0.65,0.8182,0.7027,0.8125,26,37,7,14,0.75,0.65,0.8409,0.7123,0.7994,18,64,3,1,0.9535,0.9474,0.9552,0.9,0.9804,16,62,5,3,0.907,0.8421,0.9254,0.8,0.9725,18,60,7,1,0.907,0.9474,0.8955,0.8182,0.9607,16,60,7,3,0.8837,0.8421,0.8955,0.7619,0.9647,18,62,5,1,0.9302,0.9474,0.9254,0.8571,0.9749
707,18,53,16,12,0.7172,0.6,0.7681,0.5625,0.7691,18,57,12,12,0.7576,0.6,0.8261,0.6,0.8,18,51,18,12,0.697,0.6,0.7391,0.5455,0.7633,18,57,12,12,0.7576,0.6,0.8261,0.6,0.7671,18,56,13,12,0.7475,0.6,0.8116,0.5902,0.815,22,67,4,9,0.8725,0.7097,0.9437,0.7719,0.8528,25,65,6,6,0.8824,0.8065,0.9155,0.8065,0.8573,20,64,7,11,0.8235,0.6452,0.9014,0.6897,0.8496,20,65,6,11,0.8333,0.6452,0.9155,0.7018,0.8564,20,62,9,11,0.8039,0.6452,0.8732,0.6667,0.8646,22,37,4,21,0.7024,0.5116,0.9024,0.6377,0.7442,24,30,11,19,0.6429,0.5581,0.7317,0.6154,0.8037,26,29,12,17,0.6548,0.6047,0.7073,0.642,0.7306,25,32,9,18,0.6786,0.5814,0.7805,0.6494,0.772,26,30,11,17,0.6667,0.6047,0.7317,0.65,0.7788,22,60,4,0,0.9535,1.0,0.9375,0.9167,0.9659,22,58,6,0,0.9302,1.0,0.9062,0.88,0.968,22,56,8,0,0.907,1.0,0.875,0.8462,0.9872,22,56,8,0,0.907,1.0,0.875,0.8462,0.9787,22,58,6,0,0.9302,1.0,0.9062,0.88,0.9688
708,23,54,11,11,0.7778,0.6765,0.8308,0.6765,0.8009,21,57,8,13,0.7879,0.6176,0.8769,0.6667,0.809,23,52,13,11,0.7576,0.6765,0.8,0.6571,0.8199,23,57,8,11,0.8081,0.6765,0.8769,0.7077,0.7966,23,56,9,11,0.798,0.6765,0.8615,0.697,0.8403,14,78,3,7,0.902,0.6667,0.963,0.7368,0.8871,16,79,2,5,0.9314,0.7619,0.9753,0.8205,0.8965,15,76,5,6,0.8922,0.7143,0.9383,0.7317,0.876,14,79,2,7,0.9118,0.6667,0.9753,0.7568,0.8977,15,75,6,6,0.8824,0.7143,0.9259,0.7143,0.8848,21,44,7,12,0.7738,0.6364,0.8627,0.6885,0.7564,22,36,15,11,0.6905,0.6667,0.7059,0.6286,0.8033,23,34,17,10,0.6786,0.697,0.6667,0.6301,0.7427,23,38,13,10,0.7262,0.697,0.7451,0.6667,0.8033,23,36,15,10,0.7024,0.697,0.7059,0.6479,0.7742,22,56,4,4,0.907,0.8462,0.9333,0.8462,0.9032,20,52,8,6,0.8372,0.7692,0.8667,0.7407,0.8763,22,49,11,4,0.8256,0.8462,0.8167,0.7458,0.8987,20,49,11,6,0.8023,0.7692,0.8167,0.7018,0.9122,22,52,8,4,0.8605,0.8462,0.8667,0.7857,0.909
709,28,52,12,7,0.8081,0.8,0.8125,0.7467,0.8866,27,57,7,8,0.8485,0.7714,0.8906,0.7826,0.8902,28,51,13,7,0.798,0.8,0.7969,0.7368,0.8674,28,57,7,7,0.8586,0.8,0.8906,0.8,0.8821,28,53,11,7,0.8182,0.8,0.8281,0.7568,0.9062,17,74,5,6,0.8922,0.7391,0.9367,0.7556,0.8321,17,75,4,6,0.902,0.7391,0.9494,0.7727,0.9147,16,75,4,7,0.8922,0.6957,0.9494,0.7442,0.8586,16,76,3,7,0.902,0.6957,0.962,0.7619,0.8861,16,69,10,7,0.8333,0.6957,0.8734,0.6531,0.8723,28,45,5,6,0.869,0.8235,0.9,0.8358,0.8865,27,42,8,7,0.8214,0.7941,0.84,0.7826,0.9276,27,41,9,7,0.8095,0.7941,0.82,0.7714,0.8847,28,46,4,6,0.881,0.8235,0.92,0.8485,0.9082,27,45,5,7,0.8571,0.7941,0.9,0.8182,0.9135,23,57,3,3,0.9302,0.8846,0.95,0.8846,0.9321,22,57,3,4,0.9186,0.8462,0.95,0.8627,0.9365,23,57,3,3,0.9302,0.8846,0.95,0.8846,0.9244,22,57,3,4,0.9186,0.8462,0.95,0.8627,0.9442,23,57,3,3,0.9302,0.8846,0.95,0.8846,0.934
710,23,62,10,4,0.8586,0.8519,0.8611,0.7667,0.9084,20,62,10,7,0.8283,0.7407,0.8611,0.7018,0.8925,21,60,12,6,0.8182,0.7778,0.8333,0.7,0.8771,23,62,10,4,0.8586,0.8519,0.8611,0.7667,0.9082,21,62,10,6,0.8384,0.7778,0.8611,0.7241,0.9342,20,65,8,9,0.8333,0.6897,0.8904,0.7018,0.8304,23,66,7,6,0.8725,0.7931,0.9041,0.7797,0.8961,19,65,8,10,0.8235,0.6552,0.8904,0.6786,0.8616,19,66,7,10,0.8333,0.6552,0.9041,0.6909,0.8706,19,62,11,10,0.7941,0.6552,0.8493,0.6441,0.8951,17,52,7,8,0.8214,0.68,0.8814,0.6939,0.7885,17,49,10,8,0.7857,0.68,0.8305,0.6538,0.8827,17,49,10,8,0.7857,0.68,0.8305,0.6538,0.8061,19,51,8,6,0.8333,0.76,0.8644,0.7308,0.842,17,50,9,8,0.7976,0.68,0.8475,0.6667,0.8298,20,59,6,1,0.9186,0.9524,0.9077,0.8511,0.9443,19,59,6,2,0.907,0.9048,0.9077,0.8261,0.9487,20,59,6,1,0.9186,0.9524,0.9077,0.8511,0.9524,19,59,6,2,0.907,0.9048,0.9077,0.8261,0.9546,20,59,6,1,0.9186,0.9524,0.9077,0.8511,0.9421
711,18,59,15,7,0.7778,0.72,0.7973,0.6207,0.8049,16,63,11,9,0.798,0.64,0.8514,0.6154,0.8238,15,58,16,10,0.7374,0.6,0.7838,0.5357,0.8022,18,63,11,7,0.8182,0.72,0.8514,0.6667,0.8151,15,60,14,10,0.7576,0.6,0.8108,0.5556,0.8286,14,73,8,7,0.8529,0.6667,0.9012,0.6512,0.7513,14,74,7,7,0.8627,0.6667,0.9136,0.6667,0.8471,10,72,9,11,0.8039,0.4762,0.8889,0.5,0.7866,10,76,5,11,0.8431,0.4762,0.9383,0.5556,0.8078,10,70,11,11,0.7843,0.4762,0.8642,0.4762,0.8183,19,50,4,11,0.8214,0.6333,0.9259,0.717,0.8414,18,45,9,12,0.75,0.6,0.8333,0.6316,0.9006,21,43,11,9,0.7619,0.7,0.7963,0.6774,0.8451,20,50,4,10,0.8333,0.6667,0.9259,0.7407,0.8932,21,47,7,9,0.8095,0.7,0.8704,0.7241,0.8969,18,62,3,3,0.9302,0.8571,0.9538,0.8571,0.9114,15,62,3,6,0.8953,0.7143,0.9538,0.7692,0.8916,18,62,3,3,0.9302,0.8571,0.9538,0.8571,0.9238,15,62,3,6,0.8953,0.7143,0.9538,0.7692,0.948,18,62,3,3,0.9302,0.8571,0.9538,0.8571,0.9209
712,18,60,17,4,0.7879,0.8182,0.7792,0.6316,0.8506,17,64,13,5,0.8182,0.7727,0.8312,0.6538,0.8719,16,56,21,6,0.7273,0.7273,0.7273,0.5424,0.8347,18,64,13,4,0.8283,0.8182,0.8312,0.6792,0.8518,16,60,17,6,0.7677,0.7273,0.7792,0.5818,0.8754,26,64,5,7,0.8824,0.7879,0.9275,0.8125,0.8823,28,65,4,5,0.9118,0.8485,0.942,0.8615,0.8674,24,64,5,9,0.8627,0.7273,0.9275,0.7742,0.8735,23,67,2,10,0.8824,0.697,0.971,0.7931,0.8652,24,64,5,9,0.8627,0.7273,0.9275,0.7742,0.8981,17,48,6,13,0.7738,0.5667,0.8889,0.6415,0.737,16,45,9,14,0.7262,0.5333,0.8333,0.5818,0.8142,16,41,13,14,0.6786,0.5333,0.7593,0.5424,0.7617,16,46,8,14,0.7381,0.5333,0.8519,0.5926,0.7796,16,45,9,14,0.7262,0.5333,0.8333,0.5818,0.8043,23,55,5,3,0.907,0.8846,0.9167,0.8519,0.9365,23,54,6,3,0.8953,0.8846,0.9,0.8364,0.9378,23,53,7,3,0.8837,0.8846,0.8833,0.8214,0.9269,23,53,7,3,0.8837,0.8846,0.8833,0.8214,0.95,23,54,6,3,0.8953,0.8846,0.9,0.8364,0.9385
713,21,62,10,6,0.8384,0.7778,0.8611,0.7241,0.8668,19,66,6,8,0.8586,0.7037,0.9167,0.7308,0.8992,18,64,8,9,0.8283,0.6667,0.8889,0.6792,0.8647,21,66,6,6,0.8788,0.7778,0.9167,0.7778,0.8642,18,65,7,9,0.8384,0.6667,0.9028,0.6923,0.909,12,73,6,11,0.8333,0.5217,0.9241,0.5854,0.7507,15,74,5,8,0.8725,0.6522,0.9367,0.6977,0.7408,10,70,9,13,0.7843,0.4348,0.8861,0.4762,0.6979,9,74,5,14,0.8137,0.3913,0.9367,0.4865,0.7342,10,66,13,13,0.7451,0.4348,0.8354,0.4348,0.6968,24,47,5,8,0.8452,0.75,0.9038,0.7869,0.9032,27,41,11,5,0.8095,0.8438,0.7885,0.7714,0.9153,28,38,14,4,0.7857,0.875,0.7308,0.7568,0.8948,28,41,11,4,0.8214,0.875,0.7885,0.7887,0.9171,28,42,10,4,0.8333,0.875,0.8077,0.8,0.9087,21,65,0,0,1.0,1.0,1.0,1.0,1.0,20,63,2,1,0.9651,0.9524,0.9692,0.9302,0.9934,21,62,3,0,0.9651,1.0,0.9538,0.9333,0.9934,20,62,3,1,0.9535,0.9524,0.9538,0.9091,0.9905,21,63,2,0,0.9767,1.0,0.9692,0.9545,1.0
714,28,53,13,5,0.8182,0.8485,0.803,0.7568,0.9086,24,60,6,9,0.8485,0.7273,0.9091,0.7619,0.9118,25,53,13,8,0.7879,0.7576,0.803,0.7042,0.8994,28,60,6,5,0.8889,0.8485,0.9091,0.8358,0.9247,25,59,7,8,0.8485,0.7576,0.8939,0.7692,0.9353,10,83,5,4,0.9118,0.7143,0.9432,0.6897,0.892,12,85,3,2,0.951,0.8571,0.9659,0.8276,0.8994,9,85,3,5,0.9216,0.6429,0.9659,0.6923,0.8766,8,85,3,6,0.9118,0.5714,0.9659,0.64,0.8856,9,82,6,5,0.8922,0.6429,0.9318,0.6207,0.8791,16,55,4,9,0.8452,0.64,0.9322,0.7111,0.8766,18,51,8,7,0.8214,0.72,0.8644,0.7059,0.8997,19,49,10,6,0.8095,0.76,0.8305,0.7037,0.8766,20,52,7,5,0.8571,0.8,0.8814,0.7692,0.8908,19,50,9,6,0.8214,0.76,0.8475,0.717,0.8942,23,54,3,6,0.8953,0.7931,0.9474,0.8364,0.9087,22,54,3,7,0.8837,0.7586,0.9474,0.8148,0.9171,23,52,5,6,0.8721,0.7931,0.9123,0.807,0.8941,22,52,5,7,0.8605,0.7586,0.9123,0.7857,0.9268,23,54,3,6,0.8953,0.7931,0.9474,0.8364,0.9201
715,26,60,5,8,0.8687,0.7647,0.9231,0.8,0.8661,25,62,3,9,0.8788,0.7353,0.9538,0.8065,0.8914,23,59,6,11,0.8283,0.6765,0.9077,0.7302,0.8742,26,62,3,8,0.8889,0.7647,0.9538,0.8254,0.8719,23,58,7,11,0.8182,0.6765,0.8923,0.7188,0.886,24,58,12,8,0.8039,0.75,0.8286,0.7059,0.8455,26,60,10,6,0.8431,0.8125,0.8571,0.7647,0.85,24,58,12,8,0.8039,0.75,0.8286,0.7059,0.8254,23,63,7,9,0.8431,0.7188,0.9,0.7419,0.8375,24,57,13,8,0.7941,0.75,0.8143,0.6957,0.8397,18,48,5,13,0.7857,0.5806,0.9057,0.6667,0.7699,18,46,7,13,0.7619,0.5806,0.8679,0.6429,0.8381,20,43,10,11,0.75,0.6452,0.8113,0.6557,0.8052,18,46,7,13,0.7619,0.5806,0.8679,0.6429,0.8259,20,44,9,11,0.7619,0.6452,0.8302,0.6667,0.815,22,60,2,2,0.9535,0.9167,0.9677,0.9167,0.9711,21,59,3,3,0.9302,0.875,0.9516,0.875,0.9651,22,58,4,2,0.9302,0.9167,0.9355,0.88,0.9603,21,58,4,3,0.9186,0.875,0.9355,0.8571,0.9711,22,59,3,2,0.9419,0.9167,0.9516,0.898,0.9778
716,26,58,7,8,0.8485,0.7647,0.8923,0.7761,0.8919,25,62,3,9,0.8788,0.7353,0.9538,0.8065,0.924,25,57,8,9,0.8283,0.7353,0.8769,0.7463,0.8919,26,62,3,8,0.8889,0.7647,0.9538,0.8254,0.8692,25,61,4,9,0.8687,0.7353,0.9385,0.7937,0.9136,12,80,6,4,0.902,0.75,0.9302,0.7059,0.8583,13,84,2,3,0.951,0.8125,0.9767,0.8387,0.9469,11,82,4,5,0.9118,0.6875,0.9535,0.7097,0.891,10,85,1,6,0.9314,0.625,0.9884,0.7407,0.9092,11,79,7,5,0.8824,0.6875,0.9186,0.6471,0.9106,20,45,9,10,0.7738,0.6667,0.8333,0.678,0.7858,18,37,17,12,0.6548,0.6,0.6852,0.5538,0.7858,21,32,22,9,0.631,0.7,0.5926,0.5753,0.7605,18,41,13,12,0.7024,0.6,0.7593,0.5902,0.8117,21,37,17,9,0.6905,0.7,0.6852,0.6176,0.7827,18,60,5,3,0.907,0.8571,0.9231,0.8182,0.9165,18,59,6,3,0.8953,0.8571,0.9077,0.8,0.9399,18,59,6,3,0.8953,0.8571,0.9077,0.8,0.9004,18,59,6,3,0.8953,0.8571,0.9077,0.8,0.9187,18,59,6,3,0.8953,0.8571,0.9077,0.8,0.926
717,28,56,10,5,0.8485,0.8485,0.8485,0.7887,0.9265,22,60,6,11,0.8283,0.6667,0.9091,0.7213,0.9206,27,56,10,6,0.8384,0.8182,0.8485,0.7714,0.9036,28,60,6,5,0.8889,0.8485,0.9091,0.8358,0.9077,27,59,7,6,0.8687,0.8182,0.8939,0.806,0.9298,17,71,2,12,0.8627,0.5862,0.9726,0.7083,0.8455,21,70,3,8,0.8922,0.7241,0.9589,0.7925,0.8658,16,69,4,13,0.8333,0.5517,0.9452,0.6531,0.8276,15,70,3,14,0.8333,0.5172,0.9589,0.6383,0.8668,16,67,6,13,0.8137,0.5517,0.9178,0.6275,0.8484,25,42,6,11,0.7976,0.6944,0.875,0.7463,0.8883,30,36,12,6,0.7857,0.8333,0.75,0.7692,0.9109,32,32,16,4,0.7619,0.8889,0.6667,0.7619,0.8854,31,38,10,5,0.8214,0.8611,0.7917,0.8052,0.9242,32,35,13,4,0.7976,0.8889,0.7292,0.7901,0.8953,26,52,5,3,0.907,0.8966,0.9123,0.8667,0.9347,26,51,6,3,0.8953,0.8966,0.8947,0.8525,0.9262,26,51,6,3,0.8953,0.8966,0.8947,0.8525,0.9165,26,51,6,3,0.8953,0.8966,0.8947,0.8525,0.9395,26,51,6,3,0.8953,0.8966,0.8947,0.8525,0.9238
718,30,51,12,6,0.8182,0.8333,0.8095,0.7692,0.8395,27,52,11,9,0.798,0.75,0.8254,0.7297,0.8483,28,50,13,8,0.7879,0.7778,0.7937,0.7273,0.817,30,52,11,6,0.8283,0.8333,0.8254,0.7792,0.8298,28,52,11,8,0.8081,0.7778,0.8254,0.7467,0.8483,20,67,5,10,0.8529,0.6667,0.9306,0.7273,0.8833,24,68,4,6,0.902,0.8,0.9444,0.8276,0.8898,17,67,5,13,0.8235,0.5667,0.9306,0.6538,0.8606,15,68,4,15,0.8137,0.5,0.9444,0.6122,0.8718,17,65,7,13,0.8039,0.5667,0.9028,0.6296,0.8593,22,42,6,14,0.7619,0.6111,0.875,0.6875,0.7581,22,37,11,14,0.7024,0.6111,0.7708,0.6377,0.8044,23,36,12,13,0.7024,0.6389,0.75,0.6479,0.7975,23,40,8,13,0.75,0.6389,0.8333,0.6866,0.8189,23,37,11,13,0.7143,0.6389,0.7708,0.6571,0.8183,25,57,2,2,0.9535,0.9259,0.9661,0.9259,0.9429,23,54,5,4,0.8953,0.8519,0.9153,0.8364,0.9008,25,54,5,2,0.9186,0.9259,0.9153,0.8772,0.9448,23,54,5,4,0.8953,0.8519,0.9153,0.8364,0.936,25,54,5,2,0.9186,0.9259,0.9153,0.8772,0.9335
719,32,47,13,7,0.798,0.8205,0.7833,0.7619,0.865,31,50,10,8,0.8182,0.7949,0.8333,0.775,0.9115,30,48,12,9,0.7879,0.7692,0.8,0.7407,0.8551,32,50,10,7,0.8283,0.8205,0.8333,0.7901,0.8735,30,47,13,9,0.7778,0.7692,0.7833,0.7317,0.8983,17,64,11,10,0.7941,0.6296,0.8533,0.6182,0.8277,20,67,8,7,0.8529,0.7407,0.8933,0.7273,0.8943,18,66,9,9,0.8235,0.6667,0.88,0.6667,0.8538,17,70,5,10,0.8529,0.6296,0.9333,0.6939,0.8681,18,65,10,9,0.8137,0.6667,0.8667,0.6545,0.8681,21,48,4,11,0.8214,0.6562,0.9231,0.7368,0.8654,23,44,8,9,0.7976,0.7188,0.8462,0.7302,0.9062,24,42,10,8,0.7857,0.75,0.8077,0.7273,0.8756,25,43,9,7,0.8095,0.7812,0.8269,0.7576,0.8942,24,43,9,8,0.7976,0.75,0.8269,0.7385,0.8786,15,67,1,3,0.9535,0.8333,0.9853,0.8824,0.9608,14,66,2,4,0.9302,0.7778,0.9706,0.8235,0.96,15,65,3,3,0.9302,0.8333,0.9559,0.8333,0.9371,14,65,3,4,0.9186,0.7778,0.9559,0.8,0.9681,15,66,2,3,0.9419,0.8333,0.9706,0.8571,0.9665
720,29,50,11,9,0.798,0.7632,0.8197,0.7436,0.8689,25,54,7,13,0.798,0.6579,0.8852,0.7143,0.877,27,50,11,11,0.7778,0.7105,0.8197,0.7105,0.8598,29,54,7,9,0.8384,0.7632,0.8852,0.7838,0.8652,27,52,9,11,0.798,0.7105,0.8525,0.7297,0.8848,19,63,8,12,0.8039,0.6129,0.8873,0.6552,0.741,20,64,7,11,0.8235,0.6452,0.9014,0.6897,0.8442,16,65,6,15,0.7941,0.5161,0.9155,0.6038,0.7765,16,66,5,15,0.8039,0.5161,0.9296,0.6154,0.7783,16,63,8,15,0.7745,0.5161,0.8873,0.5818,0.8192,20,42,4,18,0.7381,0.5263,0.913,0.6452,0.7866,18,39,7,20,0.6786,0.4737,0.8478,0.5714,0.7775,19,34,12,19,0.631,0.5,0.7391,0.5507,0.7923,19,38,8,19,0.6786,0.5,0.8261,0.5846,0.7803,19,35,11,19,0.6429,0.5,0.7609,0.5588,0.7889,18,65,1,2,0.9651,0.9,0.9848,0.9231,0.9856,17,62,4,3,0.9186,0.85,0.9394,0.8293,0.9773,18,60,6,2,0.907,0.9,0.9091,0.8182,0.9598,17,60,6,3,0.8953,0.85,0.9091,0.7907,0.9689,18,62,4,2,0.9302,0.9,0.9394,0.8571,0.9826
721,17,54,13,15,0.7172,0.5312,0.806,0.5484,0.7136,13,59,8,19,0.7273,0.4062,0.8806,0.4906,0.6716,17,55,12,15,0.7273,0.5312,0.8209,0.5574,0.6576,17,59,8,15,0.7677,0.5312,0.8806,0.5965,0.7085,17,55,12,15,0.7273,0.5312,0.8209,0.5574,0.7318,18,65,3,16,0.8137,0.5294,0.9559,0.6545,0.7669,21,63,5,13,0.8235,0.6176,0.9265,0.7,0.7452,18,62,6,16,0.7843,0.5294,0.9118,0.6207,0.7288,15,65,3,19,0.7843,0.4412,0.9559,0.5769,0.7535,18,62,6,16,0.7843,0.5294,0.9118,0.6207,0.7474,17,49,9,9,0.7857,0.6538,0.8448,0.6538,0.8296,17,49,9,9,0.7857,0.6538,0.8448,0.6538,0.8607,19,42,16,7,0.7262,0.7308,0.7241,0.623,0.8249,20,47,11,6,0.7976,0.7692,0.8103,0.7018,0.8687,19,45,13,7,0.7619,0.7308,0.7759,0.6552,0.8488,25,53,3,5,0.907,0.8333,0.9464,0.8621,0.8554,22,52,4,8,0.8605,0.7333,0.9286,0.7857,0.8411,25,51,5,5,0.8837,0.8333,0.9107,0.8333,0.8833,22,51,5,8,0.8488,0.7333,0.9107,0.7719,0.9119,25,52,4,5,0.8953,0.8333,0.9286,0.8475,0.8673
722,30,51,10,8,0.8182,0.7895,0.8361,0.7692,0.8745,24,56,5,14,0.8081,0.6316,0.918,0.7164,0.8857,26,51,10,12,0.7778,0.6842,0.8361,0.7027,0.8658,30,56,5,8,0.8687,0.7895,0.918,0.8219,0.884,26,55,6,12,0.8182,0.6842,0.9016,0.7429,0.8822,14,79,3,6,0.9118,0.7,0.9634,0.7568,0.8994,15,77,5,5,0.902,0.75,0.939,0.75,0.8902,13,78,4,7,0.8922,0.65,0.9512,0.7027,0.8537,13,77,5,7,0.8824,0.65,0.939,0.6842,0.8915,13,73,9,7,0.8431,0.65,0.8902,0.619,0.8598,27,44,10,3,0.8452,0.9,0.8148,0.806,0.9006,26,36,18,4,0.7381,0.8667,0.6667,0.7027,0.8846,26,37,17,4,0.75,0.8667,0.6852,0.7123,0.8975,26,43,11,4,0.8214,0.8667,0.7963,0.7761,0.8895,26,44,10,4,0.8333,0.8667,0.8148,0.7879,0.9031,15,66,1,4,0.9419,0.7895,0.9851,0.8571,0.9269,14,66,1,5,0.9302,0.7368,0.9851,0.8235,0.923,15,65,2,4,0.9302,0.7895,0.9701,0.8333,0.912,14,65,2,5,0.9186,0.7368,0.9701,0.8,0.956,15,66,1,4,0.9419,0.7895,0.9851,0.8571,0.9427
723,19,58,9,13,0.7778,0.5938,0.8657,0.6333,0.8046,16,64,3,16,0.8081,0.5,0.9552,0.6275,0.8368,17,56,11,15,0.7374,0.5312,0.8358,0.5667,0.7966,19,64,3,13,0.8384,0.5938,0.9552,0.7037,0.8015,17,62,5,15,0.798,0.5312,0.9254,0.6296,0.8503,19,75,2,6,0.9216,0.76,0.974,0.8261,0.9642,22,74,3,3,0.9412,0.88,0.961,0.88,0.9465,18,71,6,7,0.8725,0.72,0.9221,0.7347,0.921,16,74,3,9,0.8824,0.64,0.961,0.7273,0.9481,18,68,9,7,0.8431,0.72,0.8831,0.6923,0.9283,20,40,6,18,0.7143,0.5263,0.8696,0.625,0.7449,21,34,12,17,0.6548,0.5526,0.7391,0.5915,0.7769,22,31,15,16,0.631,0.5789,0.6739,0.5867,0.7471,23,35,11,15,0.6905,0.6053,0.7609,0.6389,0.7626,22,34,12,16,0.6667,0.5789,0.7391,0.6111,0.7843,29,51,3,3,0.9302,0.9062,0.9444,0.9062,0.9213,27,50,4,5,0.8953,0.8438,0.9259,0.8571,0.8935,29,48,6,3,0.8953,0.9062,0.8889,0.8657,0.9334,27,48,6,5,0.8721,0.8438,0.8889,0.8308,0.9468,29,50,4,3,0.9186,0.9062,0.9259,0.8923,0.9178
724,27,45,13,14,0.7273,0.6585,0.7759,0.6667,0.7931,21,51,7,20,0.7273,0.5122,0.8793,0.6087,0.8263,24,46,12,17,0.7071,0.5854,0.7931,0.6234,0.796,27,51,7,14,0.7879,0.6585,0.8793,0.72,0.8095,24,50,8,17,0.7475,0.5854,0.8621,0.6575,0.8377,16,71,5,10,0.8529,0.6154,0.9342,0.6809,0.8067,18,66,10,8,0.8235,0.6923,0.8684,0.6667,0.7844,16,67,9,10,0.8137,0.6154,0.8816,0.6275,0.7723,15,66,10,11,0.7941,0.5769,0.8684,0.5882,0.789,16,64,12,10,0.7843,0.6154,0.8421,0.5926,0.7783,17,57,2,8,0.881,0.68,0.9661,0.7727,0.8888,18,48,11,7,0.7857,0.72,0.8136,0.6667,0.8902,18,45,14,7,0.75,0.72,0.7627,0.6316,0.8881,20,51,8,5,0.8452,0.8,0.8644,0.7547,0.9017,18,52,7,7,0.8333,0.72,0.8814,0.72,0.899,23,55,3,5,0.907,0.8214,0.9483,0.8519,0.9083,22,55,3,6,0.8953,0.7857,0.9483,0.8302,0.8713,23,53,5,5,0.8837,0.8214,0.9138,0.8214,0.8996,22,53,5,6,0.8721,0.7857,0.9138,0.8,0.9138,23,55,3,5,0.907,0.8214,0.9483,0.8519,0.8996
725,28,46,15,10,0.7475,0.7368,0.7541,0.6914,0.824,26,49,12,12,0.7576,0.6842,0.8033,0.6842,0.8469,26,43,18,12,0.697,0.6842,0.7049,0.6341,0.7787,28,49,12,10,0.7778,0.7368,0.8033,0.7179,0.8108,26,47,14,12,0.7374,0.6842,0.7705,0.6667,0.8507,17,78,1,6,0.9314,0.7391,0.9873,0.8293,0.8811,19,76,3,4,0.9314,0.8261,0.962,0.8444,0.8872,18,77,2,5,0.9314,0.7826,0.9747,0.8372,0.8685,17,76,3,6,0.9118,0.7391,0.962,0.7907,0.8839,18,76,3,5,0.9216,0.7826,0.962,0.8182,0.8789,18,46,8,12,0.7619,0.6,0.8519,0.6429,0.8056,18,42,12,12,0.7143,0.6,0.7778,0.6,0.8327,19,41,13,11,0.7143,0.6333,0.7593,0.6129,0.8068,20,44,10,10,0.7619,0.6667,0.8148,0.6667,0.8278,19,44,10,11,0.75,0.6333,0.8148,0.6441,0.8265,24,52,8,2,0.8837,0.9231,0.8667,0.8276,0.9135,21,50,10,5,0.8256,0.8077,0.8333,0.7368,0.9128,24,48,12,2,0.8372,0.9231,0.8,0.7742,0.8994,21,48,12,5,0.8023,0.8077,0.8,0.7119,0.9083,24,50,10,2,0.8605,0.9231,0.8333,0.8,0.9096
726,32,52,9,6,0.8485,0.8421,0.8525,0.8101,0.8852,27,56,5,11,0.8384,0.7105,0.918,0.7714,0.9098,29,49,12,9,0.7879,0.7632,0.8033,0.7342,0.8753,32,56,5,6,0.8889,0.8421,0.918,0.8533,0.8682,29,55,6,9,0.8485,0.7632,0.9016,0.7945,0.9064,16,74,3,9,0.8824,0.64,0.961,0.7273,0.7512,16,71,6,9,0.8529,0.64,0.9221,0.6809,0.8255,14,72,5,11,0.8431,0.56,0.9351,0.6364,0.7766,14,71,6,11,0.8333,0.56,0.9221,0.6222,0.7906,14,70,7,11,0.8235,0.56,0.9091,0.6087,0.7912,20,46,9,9,0.7857,0.6897,0.8364,0.6897,0.8194,18,37,18,11,0.6548,0.6207,0.6727,0.5538,0.8069,21,35,20,8,0.6667,0.7241,0.6364,0.6,0.7956,19,43,12,10,0.7381,0.6552,0.7818,0.6333,0.8251,21,40,15,8,0.7262,0.7241,0.7273,0.6462,0.8251,21,52,10,3,0.8488,0.875,0.8387,0.7636,0.879,21,50,12,3,0.8256,0.875,0.8065,0.7368,0.9106,21,49,13,3,0.814,0.875,0.7903,0.7241,0.8622,21,49,13,3,0.814,0.875,0.7903,0.7241,0.8898,21,50,12,3,0.8256,0.875,0.8065,0.7368,0.875
727,29,49,13,8,0.7879,0.7838,0.7903,0.7342,0.8779,23,51,11,14,0.7475,0.6216,0.8226,0.6479,0.8932,27,49,13,10,0.7677,0.7297,0.7903,0.7013,0.8548,29,51,11,8,0.8081,0.7838,0.8226,0.7532,0.8758,27,50,12,10,0.7778,0.7297,0.8065,0.7105,0.8954,16,74,4,8,0.8824,0.6667,0.9487,0.7273,0.8237,18,74,4,6,0.902,0.75,0.9487,0.7826,0.8365,16,74,4,8,0.8824,0.6667,0.9487,0.7273,0.8269,15,74,4,9,0.8725,0.625,0.9487,0.6977,0.8248,16,72,6,8,0.8627,0.6667,0.9231,0.6957,0.8488,21,49,5,9,0.8333,0.7,0.9074,0.75,0.8685,22,46,8,8,0.8095,0.7333,0.8519,0.7333,0.8667,22,45,9,8,0.7976,0.7333,0.8333,0.7213,0.8895,23,49,5,7,0.8571,0.7667,0.9074,0.7931,0.8833,22,48,6,8,0.8333,0.7333,0.8889,0.7586,0.9025,30,48,5,3,0.907,0.9091,0.9057,0.8824,0.9354,29,47,6,4,0.8837,0.8788,0.8868,0.8529,0.9445,30,46,7,3,0.8837,0.9091,0.8679,0.8571,0.9262,29,46,7,4,0.8721,0.8788,0.8679,0.8406,0.9411,30,47,6,3,0.8953,0.9091,0.8868,0.8696,0.9245
728,34,50,9,6,0.8485,0.85,0.8475,0.8193,0.8699,30,51,8,10,0.8182,0.75,0.8644,0.7692,0.8801,29,50,9,11,0.798,0.725,0.8475,0.7436,0.8492,34,51,8,6,0.8586,0.85,0.8644,0.8293,0.8706,29,50,9,11,0.798,0.725,0.8475,0.7436,0.8775,22,62,7,11,0.8235,0.6667,0.8986,0.7097,0.8379,26,62,7,7,0.8627,0.7879,0.8986,0.7879,0.892,25,63,6,8,0.8627,0.7576,0.913,0.7812,0.8753,22,63,6,11,0.8333,0.6667,0.913,0.7213,0.8753,25,60,9,8,0.8333,0.7576,0.8696,0.7463,0.888,26,46,3,9,0.8571,0.7429,0.9388,0.8125,0.8612,27,41,8,8,0.8095,0.7714,0.8367,0.7714,0.8816,27,37,12,8,0.7619,0.7714,0.7551,0.7297,0.8741,27,44,5,8,0.8452,0.7714,0.898,0.806,0.8787,27,44,5,8,0.8452,0.7714,0.898,0.806,0.881,27,55,3,1,0.9535,0.9643,0.9483,0.931,0.9538,26,55,3,2,0.9419,0.9286,0.9483,0.9123,0.9323,27,55,3,1,0.9535,0.9643,0.9483,0.931,0.96,26,55,3,2,0.9419,0.9286,0.9483,0.9123,0.9618,27,55,3,1,0.9535,0.9643,0.9483,0.931,0.9403
729,31,53,7,8,0.8485,0.7949,0.8833,0.8052,0.8782,26,54,6,13,0.8081,0.6667,0.9,0.7324,0.8692,31,53,7,8,0.8485,0.7949,0.8833,0.8052,0.8645,31,54,6,8,0.8586,0.7949,0.9,0.8158,0.8761,31,54,6,8,0.8586,0.7949,0.9,0.8158,0.9017,14,80,2,6,0.9216,0.7,0.9756,0.7778,0.8951,16,79,3,4,0.9314,0.8,0.9634,0.8205,0.8787,14,76,6,6,0.8824,0.7,0.9268,0.7,0.8683,13,79,3,7,0.902,0.65,0.9634,0.7222,0.8829,14,75,7,6,0.8725,0.7,0.9146,0.6829,0.8616,22,41,7,14,0.75,0.6111,0.8542,0.6769,0.7789,21,41,7,15,0.7381,0.5833,0.8542,0.6562,0.8397,22,38,10,14,0.7143,0.6111,0.7917,0.6471,0.8021,22,42,6,14,0.7619,0.6111,0.875,0.6875,0.8241,22,40,8,14,0.7381,0.6111,0.8333,0.6667,0.827,16,63,5,2,0.9186,0.8889,0.9265,0.8205,0.8717,16,60,8,2,0.8837,0.8889,0.8824,0.7619,0.8627,16,59,9,2,0.8721,0.8889,0.8676,0.7442,0.884,16,59,9,2,0.8721,0.8889,0.8676,0.7442,0.8913,16,60,8,2,0.8837,0.8889,0.8824,0.7619,0.8742
730,31,49,14,5,0.8081,0.8611,0.7778,0.7654,0.8827,24,56,7,12,0.8081,0.6667,0.8889,0.7164,0.8902,29,48,15,7,0.7778,0.8056,0.7619,0.725,0.862,31,56,7,5,0.8788,0.8611,0.8889,0.8378,0.8953,29,52,11,7,0.8182,0.8056,0.8254,0.7632,0.9039,14,75,5,8,0.8725,0.6364,0.9375,0.6829,0.8426,17,73,7,5,0.8824,0.7727,0.9125,0.7391,0.8881,13,74,6,9,0.8529,0.5909,0.925,0.6341,0.8324,12,75,5,10,0.8529,0.5455,0.9375,0.6154,0.8784,13,71,9,9,0.8235,0.5909,0.8875,0.5909,0.8614,29,41,3,11,0.8333,0.725,0.9318,0.8056,0.8369,29,35,9,11,0.7619,0.725,0.7955,0.7436,0.8966,30,32,12,10,0.7381,0.75,0.7273,0.7317,0.8341,29,35,9,11,0.7619,0.725,0.7955,0.7436,0.8869,30,33,11,10,0.75,0.75,0.75,0.7407,0.8722,21,56,6,3,0.8953,0.875,0.9032,0.8235,0.9355,20,54,8,4,0.8605,0.8333,0.871,0.7692,0.9382,21,53,9,3,0.8605,0.875,0.8548,0.7778,0.9052,20,53,9,4,0.8488,0.8333,0.8548,0.7547,0.9153,21,54,8,3,0.8721,0.875,0.871,0.7925,0.9281
731,23,48,18,10,0.7172,0.697,0.7273,0.6216,0.8242,21,54,12,12,0.7576,0.6364,0.8182,0.6364,0.8205,22,47,19,11,0.697,0.6667,0.7121,0.5946,0.8136,23,54,12,10,0.7778,0.697,0.8182,0.6765,0.7978,22,51,15,11,0.7374,0.6667,0.7727,0.6286,0.8402,18,77,2,5,0.9314,0.7826,0.9747,0.8372,0.8877,19,78,1,4,0.951,0.8261,0.9873,0.8837,0.9675,14,76,3,9,0.8824,0.6087,0.962,0.7,0.9108,14,78,1,9,0.902,0.6087,0.9873,0.7368,0.9428,14,75,4,9,0.8725,0.6087,0.9494,0.6829,0.9345,29,37,5,13,0.7857,0.6905,0.881,0.7632,0.8379,30,33,9,12,0.75,0.7143,0.7857,0.7407,0.835,31,31,11,11,0.7381,0.7381,0.7381,0.7381,0.8203,31,35,7,11,0.7857,0.7381,0.8333,0.775,0.8486,31,32,10,11,0.75,0.7381,0.7619,0.747,0.8481,25,54,2,5,0.9186,0.8333,0.9643,0.8772,0.9339,24,52,4,6,0.8837,0.8,0.9286,0.8276,0.9214,25,51,5,5,0.8837,0.8333,0.9107,0.8333,0.9054,24,51,5,6,0.8721,0.8,0.9107,0.8136,0.9304,25,52,4,5,0.8953,0.8333,0.9286,0.8475,0.9417
732,25,50,14,10,0.7576,0.7143,0.7812,0.6757,0.8107,25,54,10,10,0.798,0.7143,0.8438,0.7143,0.8469,24,48,16,11,0.7273,0.6857,0.75,0.64,0.7924,25,54,10,10,0.798,0.7143,0.8438,0.7143,0.8129,24,52,12,11,0.7677,0.6857,0.8125,0.6761,0.8344,15,75,6,6,0.8824,0.7143,0.9259,0.7143,0.9212,18,76,5,3,0.9216,0.8571,0.9383,0.8182,0.9177,18,72,9,3,0.8824,0.8571,0.8889,0.75,0.9077,15,77,4,6,0.902,0.7143,0.9506,0.75,0.913,18,71,10,3,0.8725,0.8571,0.8765,0.7347,0.8983,18,52,6,8,0.8333,0.6923,0.8966,0.72,0.8422,18,41,17,8,0.7024,0.6923,0.7069,0.5902,0.8707,19,43,15,7,0.7381,0.7308,0.7414,0.6333,0.8369,18,48,10,8,0.7857,0.6923,0.8276,0.6667,0.8541,19,48,10,7,0.7976,0.7308,0.8276,0.6909,0.8408,19,57,8,2,0.8837,0.9048,0.8769,0.7917,0.9143,19,55,10,2,0.8605,0.9048,0.8462,0.76,0.8894,19,54,11,2,0.8488,0.9048,0.8308,0.7451,0.9297,19,54,11,2,0.8488,0.9048,0.8308,0.7451,0.9231,19,55,10,2,0.8605,0.9048,0.8462,0.76,0.8967
733,20,54,10,15,0.7475,0.5714,0.8438,0.6154,0.7643,12,57,7,23,0.697,0.3429,0.8906,0.4444,0.7576,18,55,9,17,0.7374,0.5143,0.8594,0.5806,0.7567,20,57,7,15,0.7778,0.5714,0.8906,0.6452,0.7402,18,55,9,17,0.7374,0.5143,0.8594,0.5806,0.7871,18,71,7,6,0.8725,0.75,0.9103,0.7347,0.8697,19,70,8,5,0.8725,0.7917,0.8974,0.7451,0.8729,18,70,8,6,0.8627,0.75,0.8974,0.72,0.8579,18,72,6,6,0.8824,0.75,0.9231,0.75,0.8803,18,68,10,6,0.8431,0.75,0.8718,0.6923,0.8761,20,52,4,8,0.8571,0.7143,0.9286,0.7692,0.8565,18,44,12,10,0.7381,0.6429,0.7857,0.6207,0.8501,19,41,15,9,0.7143,0.6786,0.7321,0.6129,0.8112,19,47,9,9,0.7857,0.6786,0.8393,0.6786,0.8635,19,45,11,9,0.7619,0.6786,0.8036,0.6552,0.8457,17,55,7,7,0.8372,0.7083,0.8871,0.7083,0.7977,16,55,7,8,0.8256,0.6667,0.8871,0.6809,0.7634,17,54,8,7,0.8256,0.7083,0.871,0.6939,0.83,16,54,8,8,0.814,0.6667,0.871,0.6667,0.8676,17,55,7,7,0.8372,0.7083,0.8871,0.7083,0.8051
734,28,47,9,15,0.7576,0.6512,0.8393,0.7,0.8459,24,49,7,19,0.7374,0.5581,0.875,0.6486,0.8272,28,46,10,15,0.7475,0.6512,0.8214,0.6914,0.8127,28,49,7,15,0.7778,0.6512,0.875,0.7179,0.826,28,48,8,15,0.7677,0.6512,0.8571,0.7089,0.8646,14,79,3,6,0.9118,0.7,0.9634,0.7568,0.8659,14,77,5,6,0.8922,0.7,0.939,0.7179,0.836,14,75,7,6,0.8725,0.7,0.9146,0.6829,0.8366,14,78,4,6,0.902,0.7,0.9512,0.7368,0.8354,14,74,8,6,0.8627,0.7,0.9024,0.6667,0.8537,20,39,8,17,0.7024,0.5405,0.8298,0.6154,0.7481,20,35,12,17,0.6548,0.5405,0.7447,0.5797,0.7941,23,31,16,14,0.6429,0.6216,0.6596,0.6053,0.7867,22,35,12,15,0.6786,0.5946,0.7447,0.6197,0.8074,23,36,11,14,0.7024,0.6216,0.766,0.6479,0.7821,22,60,2,2,0.9535,0.9167,0.9677,0.9167,0.9368,21,57,5,3,0.907,0.875,0.9194,0.84,0.918,22,57,5,2,0.9186,0.9167,0.9194,0.8627,0.9315,21,57,5,3,0.907,0.875,0.9194,0.84,0.9442,22,57,5,2,0.9186,0.9167,0.9194,0.8627,0.9362
735,24,61,5,9,0.8586,0.7273,0.9242,0.7742,0.8889,21,62,4,12,0.8384,0.6364,0.9394,0.7241,0.8944,23,59,7,10,0.8283,0.697,0.8939,0.7302,0.8728,24,62,4,9,0.8687,0.7273,0.9394,0.7869,0.8618,23,60,6,10,0.8384,0.697,0.9091,0.7419,0.8811,11,80,7,4,0.8922,0.7333,0.9195,0.6667,0.9172,13,79,8,2,0.902,0.8667,0.908,0.7222,0.954,11,74,13,4,0.8333,0.7333,0.8506,0.5641,0.8943,10,81,6,5,0.8922,0.6667,0.931,0.6452,0.9402,11,73,14,4,0.8235,0.7333,0.8391,0.55,0.9096,19,49,4,12,0.8095,0.6129,0.9245,0.7037,0.8022,20,43,10,11,0.75,0.6452,0.8113,0.6557,0.885,21,42,11,10,0.75,0.6774,0.7925,0.6667,0.8363,22,50,3,9,0.8571,0.7097,0.9434,0.7857,0.8886,21,46,7,10,0.7976,0.6774,0.8679,0.7119,0.8868,21,59,3,3,0.9302,0.875,0.9516,0.875,0.9335,19,57,5,5,0.8837,0.7917,0.9194,0.7917,0.916,21,57,5,3,0.907,0.875,0.9194,0.84,0.9368,19,57,5,5,0.8837,0.7917,0.9194,0.7917,0.9402,21,57,5,3,0.907,0.875,0.9194,0.84,0.9382
736,23,60,10,6,0.8384,0.7931,0.8571,0.7419,0.899,19,64,6,10,0.8384,0.6552,0.9143,0.7037,0.8793,21,60,10,8,0.8182,0.7241,0.8571,0.7,0.8709,23,64,6,6,0.8788,0.7931,0.9143,0.7931,0.8837,21,62,8,8,0.8384,0.7241,0.8857,0.7241,0.9025,16,73,4,9,0.8725,0.64,0.9481,0.7111,0.8447,19,74,3,6,0.9118,0.76,0.961,0.8085,0.9065,17,71,6,8,0.8627,0.68,0.9221,0.7083,0.8535,16,76,1,9,0.902,0.64,0.987,0.7619,0.881,17,68,9,8,0.8333,0.68,0.8831,0.6667,0.8706,19,47,6,12,0.7857,0.6129,0.8868,0.6786,0.8296,21,40,13,10,0.7262,0.6774,0.7547,0.6462,0.8375,21,39,14,10,0.7143,0.6774,0.7358,0.6364,0.8484,23,44,9,8,0.7976,0.7419,0.8302,0.7302,0.8503,21,43,10,10,0.7619,0.6774,0.8113,0.6774,0.8533,19,63,3,1,0.9535,0.95,0.9545,0.9048,0.9545,16,61,5,4,0.8953,0.8,0.9242,0.7805,0.9447,19,58,8,1,0.8953,0.95,0.8788,0.8085,0.9447,16,58,8,4,0.8605,0.8,0.8788,0.7273,0.9485,19,61,5,1,0.9302,0.95,0.9242,0.8636,0.9538
737,30,47,13,9,0.7778,0.7692,0.7833,0.7317,0.8295,28,52,8,11,0.8081,0.7179,0.8667,0.7467,0.8692,28,46,14,11,0.7475,0.7179,0.7667,0.6914,0.8047,30,52,8,9,0.8283,0.7692,0.8667,0.7792,0.8423,28,50,10,11,0.7879,0.7179,0.8333,0.7273,0.8483,19,66,7,10,0.8333,0.6552,0.9041,0.6909,0.8351,21,69,4,8,0.8824,0.7241,0.9452,0.7778,0.9221,20,69,4,9,0.8725,0.6897,0.9452,0.7547,0.8786,18,69,4,11,0.8529,0.6207,0.9452,0.7059,0.897,20,69,4,9,0.8725,0.6897,0.9452,0.7547,0.8951,16,48,9,11,0.7619,0.5926,0.8421,0.6154,0.7355,16,40,17,11,0.6667,0.5926,0.7018,0.5333,0.7433,16,39,18,11,0.6548,0.5926,0.6842,0.5246,0.7446,16,42,15,11,0.6905,0.5926,0.7368,0.5517,0.7498,16,41,16,11,0.6786,0.5926,0.7193,0.5424,0.744,16,64,3,3,0.9302,0.8421,0.9552,0.8421,0.9112,16,62,5,3,0.907,0.8421,0.9254,0.8,0.8822,16,62,5,3,0.907,0.8421,0.9254,0.8,0.9128,16,62,5,3,0.907,0.8421,0.9254,0.8,0.9395,16,62,5,3,0.907,0.8421,0.9254,0.8,0.9026
738,28,57,9,5,0.8586,0.8485,0.8636,0.8,0.8976,25,59,7,8,0.8485,0.7576,0.8939,0.7692,0.8838,27,56,10,6,0.8384,0.8182,0.8485,0.7714,0.8834,28,59,7,5,0.8788,0.8485,0.8939,0.8235,0.9027,27,59,7,6,0.8687,0.8182,0.8939,0.806,0.9247,19,69,3,11,0.8627,0.6333,0.9583,0.7308,0.8417,23,69,3,7,0.902,0.7667,0.9583,0.8214,0.8769,21,70,2,9,0.8922,0.7,0.9722,0.7925,0.8588,18,69,3,12,0.8529,0.6,0.9583,0.7059,0.8722,21,69,3,9,0.8824,0.7,0.9583,0.7778,0.8713,12,52,3,17,0.7619,0.4138,0.9455,0.5455,0.6715,12,48,7,17,0.7143,0.4138,0.8727,0.5,0.7254,13,37,18,16,0.5952,0.4483,0.6727,0.4333,0.6633,14,47,8,15,0.7262,0.4828,0.8545,0.549,0.716,13,39,16,16,0.619,0.4483,0.7091,0.4483,0.7241,19,59,5,3,0.907,0.8636,0.9219,0.8261,0.9119,17,58,6,5,0.8721,0.7727,0.9062,0.7556,0.9027,19,57,7,3,0.8837,0.8636,0.8906,0.7917,0.9126,17,57,7,5,0.8605,0.7727,0.8906,0.7391,0.9339,19,58,6,3,0.8953,0.8636,0.9062,0.8085,0.9119
739,27,53,10,9,0.8081,0.75,0.8413,0.7397,0.8382,24,56,7,12,0.8081,0.6667,0.8889,0.7164,0.851,22,53,10,14,0.7576,0.6111,0.8413,0.6471,0.8373,27,56,7,9,0.8384,0.75,0.8889,0.7714,0.8353,22,53,10,14,0.7576,0.6111,0.8413,0.6471,0.8408,24,65,9,4,0.8725,0.8571,0.8784,0.7869,0.9141,24,66,8,4,0.8824,0.8571,0.8919,0.8,0.9151,22,64,10,6,0.8431,0.7857,0.8649,0.7333,0.8851,22,69,5,6,0.8922,0.7857,0.9324,0.8,0.9073,22,62,12,6,0.8235,0.7857,0.8378,0.7097,0.8933,23,40,7,14,0.75,0.6216,0.8511,0.6866,0.7918,24,35,12,13,0.7024,0.6486,0.7447,0.6575,0.8258,25,36,11,12,0.7262,0.6757,0.766,0.6849,0.816,25,41,6,12,0.7857,0.6757,0.8723,0.7353,0.8459,25,37,10,12,0.7381,0.6757,0.7872,0.6944,0.8436,27,54,3,2,0.9419,0.931,0.9474,0.9153,0.9437,26,51,6,3,0.8953,0.8966,0.8947,0.8525,0.9208,27,49,8,2,0.8837,0.931,0.8596,0.8438,0.9268,26,49,8,3,0.8721,0.8966,0.8596,0.8254,0.9365,27,51,6,2,0.907,0.931,0.8947,0.871,0.9322
740,28,49,11,11,0.7778,0.7179,0.8167,0.7179,0.8355,28,52,8,11,0.8081,0.7179,0.8667,0.7467,0.8594,28,50,10,11,0.7879,0.7179,0.8333,0.7273,0.8303,28,52,8,11,0.8081,0.7179,0.8667,0.7467,0.8303,28,52,8,11,0.8081,0.7179,0.8667,0.7467,0.8568,17,70,3,12,0.8529,0.5862,0.9589,0.6939,0.8385,20,71,2,9,0.8922,0.6897,0.9726,0.7843,0.8682,17,70,3,12,0.8529,0.5862,0.9589,0.6939,0.8295,15,71,2,14,0.8431,0.5172,0.9726,0.6522,0.847,17,69,4,12,0.8431,0.5862,0.9452,0.68,0.8333,25,47,2,10,0.8571,0.7143,0.9592,0.8065,0.8904,30,37,12,5,0.7976,0.8571,0.7551,0.7792,0.9213,30,36,13,5,0.7857,0.8571,0.7347,0.7692,0.8525,31,42,7,4,0.869,0.8857,0.8571,0.8493,0.9061,30,40,9,5,0.8333,0.8571,0.8163,0.8108,0.8752,21,55,3,7,0.8837,0.75,0.9483,0.8077,0.8935,20,53,5,8,0.8488,0.7143,0.9138,0.7547,0.8762,21,53,5,7,0.8605,0.75,0.9138,0.7778,0.8651,20,53,5,8,0.8488,0.7143,0.9138,0.7547,0.9095,21,53,5,7,0.8605,0.75,0.9138,0.7778,0.8978
741,29,54,10,6,0.8384,0.8286,0.8438,0.7838,0.8987,28,56,8,7,0.8485,0.8,0.875,0.7887,0.9179,29,54,10,6,0.8384,0.8286,0.8438,0.7838,0.9036,29,56,8,6,0.8586,0.8286,0.875,0.8056,0.885,29,54,10,6,0.8384,0.8286,0.8438,0.7838,0.9254,25,63,5,9,0.8627,0.7353,0.9265,0.7812,0.8054,25,64,4,9,0.8725,0.7353,0.9412,0.7937,0.8542,21,61,7,13,0.8039,0.6176,0.8971,0.6774,0.817,21,65,3,13,0.8431,0.6176,0.9559,0.7241,0.8166,21,61,7,13,0.8039,0.6176,0.8971,0.6774,0.8179,22,43,11,8,0.7738,0.7333,0.7963,0.6984,0.7969,21,37,17,9,0.6905,0.7,0.6852,0.6176,0.8099,22,34,20,8,0.6667,0.7333,0.6296,0.6111,0.7772,22,41,13,8,0.75,0.7333,0.7593,0.6769,0.8272,22,36,18,8,0.6905,0.7333,0.6667,0.6286,0.8093,27,50,8,1,0.8953,0.9643,0.8621,0.8571,0.9132,27,49,9,1,0.8837,0.9643,0.8448,0.8437,0.9212,27,48,10,1,0.8721,0.9643,0.8276,0.8308,0.8984,27,48,10,1,0.8721,0.9643,0.8276,0.8308,0.9156,27,49,9,1,0.8837,0.9643,0.8448,0.8437,0.899
742,25,54,11,9,0.798,0.7353,0.8308,0.7143,0.8262,22,58,7,12,0.8081,0.6471,0.8923,0.6984,0.8385,23,55,10,11,0.7879,0.6765,0.8462,0.6866,0.7964,25,58,7,9,0.8384,0.7353,0.8923,0.7576,0.7975,23,56,9,11,0.798,0.6765,0.8615,0.697,0.8615,18,71,5,8,0.8725,0.6923,0.9342,0.7347,0.8173,18,73,3,8,0.8922,0.6923,0.9605,0.766,0.8426,17,71,5,9,0.8627,0.6538,0.9342,0.7083,0.8168,17,74,2,9,0.8922,0.6538,0.9737,0.7556,0.8391,17,70,6,9,0.8529,0.6538,0.9211,0.6939,0.8234,18,48,9,9,0.7857,0.6667,0.8421,0.6667,0.8694,20,43,14,7,0.75,0.7407,0.7544,0.6557,0.8889,20,41,16,7,0.7262,0.7407,0.7193,0.6349,0.8707,23,45,12,4,0.8095,0.8519,0.7895,0.7419,0.8889,20,44,13,7,0.7619,0.7407,0.7719,0.6667,0.8668,23,53,4,6,0.8837,0.7931,0.9298,0.8214,0.8736,21,52,5,8,0.8488,0.7241,0.9123,0.7636,0.8463,23,49,8,6,0.8372,0.7931,0.8596,0.7667,0.8705,21,49,8,8,0.814,0.7241,0.8596,0.7241,0.8923,23,52,5,6,0.8721,0.7931,0.9123,0.807,0.8748
743,19,59,11,10,0.7879,0.6552,0.8429,0.6441,0.7783,17,62,8,12,0.798,0.5862,0.8857,0.6296,0.8365,17,58,12,12,0.7576,0.5862,0.8286,0.5862,0.7783,19,62,8,10,0.8182,0.6552,0.8857,0.6786,0.7456,17,62,8,12,0.798,0.5862,0.8857,0.6296,0.7985,15,73,8,6,0.8627,0.7143,0.9012,0.6818,0.826,17,72,9,4,0.8725,0.8095,0.8889,0.7234,0.8219,14,69,12,7,0.8137,0.6667,0.8519,0.5957,0.8154,13,72,9,8,0.8333,0.619,0.8889,0.6047,0.8095,14,67,14,7,0.7941,0.6667,0.8272,0.5714,0.8207,18,50,8,8,0.8095,0.6923,0.8621,0.6923,0.8196,18,46,12,8,0.7619,0.6923,0.7931,0.6429,0.8382,20,41,17,6,0.7262,0.7692,0.7069,0.6349,0.8243,19,49,9,7,0.8095,0.7308,0.8448,0.7037,0.8475,20,45,13,6,0.7738,0.7692,0.7759,0.678,0.8389,23,58,5,0,0.9419,1.0,0.9206,0.902,0.9641,20,57,6,3,0.8953,0.8696,0.9048,0.8163,0.9579,23,57,6,0,0.9302,1.0,0.9048,0.8846,0.9634,20,57,6,3,0.8953,0.8696,0.9048,0.8163,0.9531,23,57,6,0,0.9302,1.0,0.9048,0.8846,0.9531
744,28,56,7,8,0.8485,0.7778,0.8889,0.7887,0.8474,26,59,4,10,0.8586,0.7222,0.9365,0.7879,0.8889,24,55,8,12,0.798,0.6667,0.873,0.7059,0.8364,28,59,4,8,0.8788,0.7778,0.9365,0.8235,0.8452,24,56,7,12,0.8081,0.6667,0.8889,0.7164,0.869,14,79,6,3,0.9118,0.8235,0.9294,0.7568,0.8775,14,79,6,3,0.9118,0.8235,0.9294,0.7568,0.8734,14,75,10,3,0.8725,0.8235,0.8824,0.6829,0.8394,14,81,4,3,0.9314,0.8235,0.9529,0.8,0.8713,14,73,12,3,0.8529,0.8235,0.8588,0.6512,0.8401,21,46,7,10,0.7976,0.6774,0.8679,0.7119,0.815,20,39,14,11,0.7024,0.6452,0.7358,0.6154,0.8363,20,34,19,11,0.6429,0.6452,0.6415,0.5714,0.7864,22,43,10,9,0.7738,0.7097,0.8113,0.6984,0.8533,20,38,15,11,0.6905,0.6452,0.717,0.6061,0.8125,22,56,5,3,0.907,0.88,0.918,0.8462,0.9148,20,56,5,5,0.8837,0.8,0.918,0.8,0.9115,22,55,6,3,0.8953,0.88,0.9016,0.8302,0.9167,20,55,6,5,0.8721,0.8,0.9016,0.7843,0.9344,22,56,5,3,0.907,0.88,0.918,0.8462,0.9082
745,20,52,15,12,0.7273,0.625,0.7761,0.597,0.7743,19,56,11,13,0.7576,0.5938,0.8358,0.6129,0.8032,18,54,13,14,0.7273,0.5625,0.806,0.5714,0.7561,20,56,11,12,0.7677,0.625,0.8358,0.6349,0.7358,18,56,11,14,0.7475,0.5625,0.8358,0.5902,0.8055,19,69,2,12,0.8627,0.6129,0.9718,0.7308,0.7719,19,70,1,12,0.8725,0.6129,0.9859,0.7451,0.8264,17,66,5,14,0.8137,0.5484,0.9296,0.6415,0.7787,17,70,1,14,0.8529,0.5484,0.9859,0.6939,0.801,17,65,6,14,0.8039,0.5484,0.9155,0.6296,0.7856,25,42,5,12,0.7976,0.6757,0.8936,0.7463,0.8574,25,37,10,12,0.7381,0.6757,0.7872,0.6944,0.866,27,35,12,10,0.7381,0.7297,0.7447,0.7105,0.8447,25,38,9,12,0.75,0.6757,0.8085,0.7042,0.8746,27,37,10,10,0.7619,0.7297,0.7872,0.7297,0.8585,18,63,2,3,0.9419,0.8571,0.9692,0.878,0.9048,18,60,5,3,0.907,0.8571,0.9231,0.8182,0.874,18,59,6,3,0.8953,0.8571,0.9077,0.8,0.9084,18,59,6,3,0.8953,0.8571,0.9077,0.8,0.9158,18,60,5,3,0.907,0.8571,0.9231,0.8182,0.9055
746,21,48,18,12,0.697,0.6364,0.7273,0.5833,0.7544,20,53,13,13,0.7374,0.6061,0.803,0.6061,0.7906,21,48,18,12,0.697,0.6364,0.7273,0.5833,0.7502,21,53,13,12,0.7475,0.6364,0.803,0.6269,0.7672,21,50,16,12,0.7172,0.6364,0.7576,0.6,0.7998,16,72,6,8,0.8627,0.6667,0.9231,0.6957,0.8702,17,71,7,7,0.8627,0.7083,0.9103,0.7083,0.883,13,69,9,11,0.8039,0.5417,0.8846,0.5652,0.8478,13,72,6,11,0.8333,0.5417,0.9231,0.6047,0.8803,13,69,9,11,0.8039,0.5417,0.8846,0.5652,0.8643,21,50,4,9,0.8452,0.7,0.9259,0.7636,0.8617,19,42,12,11,0.7262,0.6333,0.7778,0.623,0.8488,21,39,15,9,0.7143,0.7,0.7222,0.6364,0.8346,19,45,9,11,0.7619,0.6333,0.8333,0.6552,0.8611,21,46,8,9,0.7976,0.7,0.8519,0.7119,0.8494,14,63,5,4,0.8953,0.7778,0.9265,0.7568,0.9126,14,62,6,4,0.8837,0.7778,0.9118,0.7368,0.8873,14,61,7,4,0.8721,0.7778,0.8971,0.7179,0.9036,14,61,7,4,0.8721,0.7778,0.8971,0.7179,0.9109,14,62,6,4,0.8837,0.7778,0.9118,0.7368,0.9093
747,26,50,15,8,0.7677,0.7647,0.7692,0.6933,0.8543,20,55,10,14,0.7576,0.5882,0.8462,0.625,0.8457,19,51,14,15,0.7071,0.5588,0.7846,0.5672,0.8226,26,55,10,8,0.8182,0.7647,0.8462,0.7429,0.8421,19,55,10,15,0.7475,0.5588,0.8462,0.6032,0.8597,22,69,5,6,0.8922,0.7857,0.9324,0.8,0.8948,23,70,4,5,0.9118,0.8214,0.9459,0.8364,0.8629,22,71,3,6,0.9118,0.7857,0.9595,0.8302,0.8793,21,70,4,7,0.8922,0.75,0.9459,0.7925,0.8764,22,68,6,6,0.8824,0.7857,0.9189,0.7857,0.8784,16,54,5,9,0.8333,0.64,0.9153,0.6957,0.8685,19,47,12,6,0.7857,0.76,0.7966,0.6786,0.9031,22,48,11,3,0.8333,0.88,0.8136,0.7586,0.8719,19,52,7,6,0.8452,0.76,0.8814,0.7451,0.9037,22,52,7,3,0.881,0.88,0.8814,0.8148,0.9159,21,56,6,3,0.8953,0.875,0.9032,0.8235,0.8817,21,56,6,3,0.8953,0.875,0.9032,0.8235,0.8508,21,55,7,3,0.8837,0.875,0.8871,0.8077,0.916,21,55,7,3,0.8837,0.875,0.8871,0.8077,0.9274,21,56,6,3,0.8953,0.875,0.9032,0.8235,0.8891
748,34,44,10,11,0.7879,0.7556,0.8148,0.764,0.8683,31,47,7,14,0.7879,0.6889,0.8704,0.747,0.8502,34,44,10,11,0.7879,0.7556,0.8148,0.764,0.8465,34,47,7,11,0.8182,0.7556,0.8704,0.7907,0.8414,34,46,8,11,0.8081,0.7556,0.8519,0.7816,0.8794,26,61,5,10,0.8529,0.7222,0.9242,0.7761,0.8582,27,60,6,9,0.8529,0.75,0.9091,0.7826,0.8443,23,58,8,13,0.7941,0.6389,0.8788,0.6866,0.8186,23,61,5,13,0.8235,0.6389,0.9242,0.7187,0.8468,23,54,12,13,0.7549,0.6389,0.8182,0.6479,0.8241,23,51,1,9,0.881,0.7188,0.9808,0.8214,0.8702,24,48,4,8,0.8571,0.75,0.9231,0.8,0.9303,25,46,6,7,0.8452,0.7812,0.8846,0.7937,0.8798,25,50,2,7,0.8929,0.7812,0.9615,0.8475,0.9135,25,48,4,7,0.869,0.7812,0.9231,0.8197,0.9345,20,58,3,5,0.907,0.8,0.9508,0.8333,0.9023,20,56,5,5,0.8837,0.8,0.918,0.8,0.9003,20,55,6,5,0.8721,0.8,0.9016,0.7843,0.8767,20,55,6,5,0.8721,0.8,0.9016,0.7843,0.9036,20,56,5,5,0.8837,0.8,0.918,0.8,0.9075
749,24,56,12,7,0.8081,0.7742,0.8235,0.7164,0.8786,20,60,8,11,0.8081,0.6452,0.8824,0.678,0.8662,23,58,10,8,0.8182,0.7419,0.8529,0.7188,0.8714,24,60,8,7,0.8485,0.7742,0.8824,0.7619,0.8676,23,58,10,8,0.8182,0.7419,0.8529,0.7188,0.889,22,70,5,5,0.902,0.8148,0.9333,0.8148,0.9254,25,70,5,2,0.9314,0.9259,0.9333,0.8772,0.9299,23,65,10,4,0.8627,0.8519,0.8667,0.7667,0.9096,22,72,3,5,0.9216,0.8148,0.96,0.8462,0.9314,23,65,10,4,0.8627,0.8519,0.8667,0.7667,0.921,21,53,5,5,0.881,0.8077,0.9138,0.8077,0.8906,20,46,12,6,0.7857,0.7692,0.7931,0.6897,0.884,21,45,13,5,0.7857,0.8077,0.7759,0.7,0.8833,20,48,10,6,0.8095,0.7692,0.8276,0.7143,0.8793,21,46,12,5,0.7976,0.8077,0.7931,0.7119,0.8806,22,60,2,2,0.9535,0.9167,0.9677,0.9167,0.9718,21,59,3,3,0.9302,0.875,0.9516,0.875,0.9677,22,58,4,2,0.9302,0.9167,0.9355,0.88,0.9516,21,58,4,3,0.9186,0.875,0.9355,0.8571,0.961,22,59,3,2,0.9419,0.9167,0.9516,0.898,0.9704
750,25,52,12,10,0.7778,0.7143,0.8125,0.6944,0.8326,25,53,11,10,0.7879,0.7143,0.8281,0.7042,0.8567,25,52,12,10,0.7778,0.7143,0.8125,0.6944,0.8009,25,53,11,10,0.7879,0.7143,0.8281,0.7042,0.8252,25,51,13,10,0.7677,0.7143,0.7969,0.6849,0.842,18,68,7,9,0.8431,0.6667,0.9067,0.6923,0.8222,19,71,4,8,0.8824,0.7037,0.9467,0.76,0.8731,17,70,5,10,0.8529,0.6296,0.9333,0.6939,0.8489,16,72,3,11,0.8627,0.5926,0.96,0.6957,0.8607,17,70,5,10,0.8529,0.6296,0.9333,0.6939,0.8612,21,45,5,13,0.7857,0.6176,0.9,0.7,0.82,20,41,9,14,0.7262,0.5882,0.82,0.6349,0.8629,20,36,14,14,0.6667,0.5882,0.72,0.5882,0.8094,21,41,9,13,0.7381,0.6176,0.82,0.6562,0.8529,20,36,14,14,0.6667,0.5882,0.72,0.5882,0.8241,32,47,2,5,0.9186,0.8649,0.9592,0.9014,0.9156,31,46,3,6,0.8953,0.8378,0.9388,0.8732,0.9013,32,46,3,5,0.907,0.8649,0.9388,0.8889,0.9151,31,46,3,6,0.8953,0.8378,0.9388,0.8732,0.9344,32,46,3,5,0.907,0.8649,0.9388,0.8889,0.9167
751,17,59,10,13,0.7677,0.5667,0.8551,0.5965,0.7643,16,66,3,14,0.8283,0.5333,0.9565,0.6531,0.8237,17,58,11,13,0.7576,0.5667,0.8406,0.5862,0.7681,17,66,3,13,0.8384,0.5667,0.9565,0.68,0.7512,17,65,4,13,0.8283,0.5667,0.942,0.6667,0.7981,20,70,4,8,0.8824,0.7143,0.9459,0.7692,0.8668,22,71,3,6,0.9118,0.7857,0.9595,0.8302,0.9049,21,71,3,7,0.902,0.75,0.9595,0.8077,0.8832,19,71,3,9,0.8824,0.6786,0.9595,0.76,0.9001,21,70,4,7,0.8922,0.75,0.9459,0.7925,0.8958,21,50,5,8,0.8452,0.7241,0.9091,0.7636,0.8671,20,45,10,9,0.7738,0.6897,0.8182,0.678,0.8702,20,43,12,9,0.75,0.6897,0.7818,0.6557,0.847,21,48,7,8,0.8214,0.7241,0.8727,0.7368,0.8715,20,45,10,9,0.7738,0.6897,0.8182,0.678,0.8476,20,64,1,1,0.9767,0.9524,0.9846,0.9524,0.9736,19,63,2,2,0.9535,0.9048,0.9692,0.9048,0.967,20,62,3,1,0.9535,0.9524,0.9538,0.9091,0.9685,19,62,3,2,0.9419,0.9048,0.9538,0.8837,0.9722,20,63,2,1,0.9651,0.9524,0.9692,0.9302,0.9766
752,24,51,14,10,0.7576,0.7059,0.7846,0.6667,0.8448,20,54,11,14,0.7475,0.5882,0.8308,0.6154,0.8462,22,52,13,12,0.7475,0.6471,0.8,0.6377,0.8172,24,54,11,10,0.7879,0.7059,0.8308,0.6957,0.8523,22,54,11,12,0.7677,0.6471,0.8308,0.6567,0.8706,22,66,6,8,0.8627,0.7333,0.9167,0.7586,0.8597,24,69,3,6,0.9118,0.8,0.9583,0.8421,0.8593,18,62,10,12,0.7843,0.6,0.8611,0.6207,0.7903,17,69,3,13,0.8431,0.5667,0.9583,0.68,0.8343,18,60,12,12,0.7647,0.6,0.8333,0.6,0.8255,18,52,5,9,0.8333,0.6667,0.9123,0.72,0.8772,19,47,10,8,0.7857,0.7037,0.8246,0.6786,0.9097,19,46,11,8,0.7738,0.7037,0.807,0.6667,0.8876,20,49,8,7,0.8214,0.7407,0.8596,0.7273,0.911,19,47,10,8,0.7857,0.7037,0.8246,0.6786,0.8986,25,53,6,2,0.907,0.9259,0.8983,0.8621,0.9134,24,52,7,3,0.8837,0.8889,0.8814,0.8276,0.887,25,52,7,2,0.8953,0.9259,0.8814,0.8475,0.9234,24,52,7,3,0.8837,0.8889,0.8814,0.8276,0.9184,25,52,7,2,0.8953,0.9259,0.8814,0.8475,0.9046
753,25,54,14,6,0.798,0.8065,0.7941,0.7143,0.8838,23,59,9,8,0.8283,0.7419,0.8676,0.7302,0.8786,23,55,13,8,0.7879,0.7419,0.8088,0.6866,0.8634,25,59,9,6,0.8485,0.8065,0.8676,0.7692,0.8705,23,57,11,8,0.8081,0.7419,0.8382,0.7077,0.8899,19,67,8,8,0.8431,0.7037,0.8933,0.7037,0.8109,20,67,8,7,0.8529,0.7407,0.8933,0.7273,0.8094,14,67,8,13,0.7941,0.5185,0.8933,0.5714,0.7857,14,69,6,13,0.8137,0.5185,0.92,0.5957,0.8079,14,65,10,13,0.7745,0.5185,0.8667,0.549,0.8079,17,49,11,7,0.7857,0.7083,0.8167,0.6538,0.8354,18,47,13,6,0.7738,0.75,0.7833,0.6545,0.8743,19,42,18,5,0.7262,0.7917,0.7,0.623,0.8618,18,48,12,6,0.7857,0.75,0.8,0.6667,0.8715,19,49,11,5,0.8095,0.7917,0.8167,0.7037,0.8431,17,62,4,3,0.9186,0.85,0.9394,0.8293,0.9235,17,61,5,3,0.907,0.85,0.9242,0.8095,0.9303,17,60,6,3,0.8953,0.85,0.9091,0.7907,0.9023,17,60,6,3,0.8953,0.85,0.9091,0.7907,0.9341,17,61,5,3,0.907,0.85,0.9242,0.8095,0.9303
754,30,44,18,7,0.7475,0.8108,0.7097,0.7059,0.8248,27,50,12,10,0.7778,0.7297,0.8065,0.7105,0.8191,28,46,16,9,0.7475,0.7568,0.7419,0.6914,0.7956,30,50,12,7,0.8081,0.8108,0.8065,0.7595,0.8084,28,48,14,9,0.7677,0.7568,0.7742,0.7089,0.8339,26,65,5,6,0.8922,0.8125,0.9286,0.8254,0.8808,26,66,4,6,0.902,0.8125,0.9429,0.8387,0.9138,21,67,3,11,0.8627,0.6562,0.9571,0.75,0.8848,21,66,4,11,0.8529,0.6562,0.9429,0.7368,0.8946,21,65,5,11,0.8431,0.6562,0.9286,0.7241,0.8969,24,44,5,11,0.8095,0.6857,0.898,0.75,0.7942,24,34,15,11,0.6905,0.6857,0.6939,0.6486,0.8601,26,31,18,9,0.6786,0.7429,0.6327,0.6582,0.7551,25,39,10,10,0.7619,0.7143,0.7959,0.7143,0.8519,26,35,14,9,0.7262,0.7429,0.7143,0.6933,0.8093,19,57,3,7,0.8837,0.7308,0.95,0.7917,0.8987,18,57,3,8,0.8721,0.6923,0.95,0.766,0.8769,19,56,4,7,0.8721,0.7308,0.9333,0.7755,0.8532,18,56,4,8,0.8605,0.6923,0.9333,0.75,0.9212,19,57,3,7,0.8837,0.7308,0.95,0.7917,0.8827
755,24,53,14,8,0.7778,0.75,0.791,0.6857,0.8246,22,56,11,10,0.7879,0.6875,0.8358,0.6769,0.8153,20,55,12,12,0.7576,0.625,0.8209,0.625,0.7803,24,56,11,8,0.8081,0.75,0.8358,0.7164,0.805,20,55,12,12,0.7576,0.625,0.8209,0.625,0.8228,20,69,6,7,0.8725,0.7407,0.92,0.7547,0.88,21,68,7,6,0.8725,0.7778,0.9067,0.7636,0.8543,14,68,7,13,0.8039,0.5185,0.9067,0.5833,0.8242,14,68,7,13,0.8039,0.5185,0.9067,0.5833,0.8598,14,67,8,13,0.7941,0.5185,0.8933,0.5714,0.8474,24,42,9,9,0.7857,0.7273,0.8235,0.7273,0.8235,25,43,8,8,0.8095,0.7576,0.8431,0.7576,0.8788,25,37,14,8,0.7381,0.7576,0.7255,0.6944,0.8598,25,42,9,8,0.7976,0.7576,0.8235,0.7463,0.877,25,38,13,8,0.75,0.7576,0.7451,0.7042,0.8657,23,57,3,3,0.9302,0.8846,0.95,0.8846,0.9385,23,54,6,3,0.8953,0.8846,0.9,0.8364,0.941,23,54,6,3,0.8953,0.8846,0.9,0.8364,0.9109,23,54,6,3,0.8953,0.8846,0.9,0.8364,0.9378,23,54,6,3,0.8953,0.8846,0.9,0.8364,0.9378
756,25,60,12,2,0.8586,0.9259,0.8333,0.7813,0.9105,24,62,10,3,0.8687,0.8889,0.8611,0.7869,0.8992,25,60,12,2,0.8586,0.9259,0.8333,0.7813,0.8858,25,62,10,2,0.8788,0.9259,0.8611,0.8065,0.9079,25,61,11,2,0.8687,0.9259,0.8472,0.7937,0.9177,22,70,3,7,0.902,0.7586,0.9589,0.8148,0.8866,24,71,2,5,0.9314,0.8276,0.9726,0.8727,0.8909,17,69,4,12,0.8431,0.5862,0.9452,0.68,0.8503,17,72,1,12,0.8725,0.5862,0.9863,0.7234,0.8918,17,66,7,12,0.8137,0.5862,0.9041,0.6415,0.8621,18,52,2,12,0.8333,0.6,0.963,0.72,0.8556,18,48,6,12,0.7857,0.6,0.8889,0.6667,0.9265,19,46,8,11,0.7738,0.6333,0.8519,0.6667,0.8907,20,47,7,10,0.7976,0.6667,0.8704,0.7018,0.9074,19,48,6,11,0.7976,0.6333,0.8889,0.6909,0.8981,22,59,2,3,0.9419,0.88,0.9672,0.898,0.9266,21,58,3,4,0.9186,0.84,0.9508,0.8571,0.9161,22,57,4,3,0.9186,0.88,0.9344,0.8627,0.9279,21,57,4,4,0.907,0.84,0.9344,0.84,0.9443,22,58,3,3,0.9302,0.88,0.9508,0.88,0.9364
757,24,53,10,12,0.7778,0.6667,0.8413,0.6857,0.8095,21,60,3,15,0.8182,0.5833,0.9524,0.7,0.8501,20,54,9,16,0.7475,0.5556,0.8571,0.6154,0.8113,24,60,3,12,0.8485,0.6667,0.9524,0.7619,0.8113,20,57,6,16,0.7778,0.5556,0.9048,0.6452,0.8545,18,70,4,10,0.8627,0.6429,0.9459,0.72,0.82,22,70,4,6,0.902,0.7857,0.9459,0.8148,0.8287,19,70,4,9,0.8725,0.6786,0.9459,0.7451,0.8147,17,70,4,11,0.8529,0.6071,0.9459,0.6939,0.8074,19,67,7,9,0.8431,0.6786,0.9054,0.7037,0.8504,16,46,8,14,0.7381,0.5333,0.8519,0.5926,0.7179,15,37,17,15,0.619,0.5,0.6852,0.4839,0.737,17,33,21,13,0.5952,0.5667,0.6111,0.5,0.7302,17,39,15,13,0.6667,0.5667,0.7222,0.5484,0.7574,17,37,17,13,0.6429,0.5667,0.6852,0.5312,0.7309,28,51,3,4,0.9186,0.875,0.9444,0.8889,0.9288,25,51,3,7,0.8837,0.7812,0.9444,0.8333,0.9149,28,50,4,4,0.907,0.875,0.9259,0.875,0.9167,25,50,4,7,0.8721,0.7812,0.9259,0.8197,0.9416,28,51,3,4,0.9186,0.875,0.9444,0.8889,0.9213
758,30,43,17,9,0.7374,0.7692,0.7167,0.6977,0.8171,25,48,12,14,0.7374,0.641,0.8,0.6579,0.8538,29,43,17,10,0.7273,0.7436,0.7167,0.6824,0.8098,30,48,12,9,0.7879,0.7692,0.8,0.7407,0.8043,29,47,13,10,0.7677,0.7436,0.7833,0.716,0.8551,21,72,4,5,0.9118,0.8077,0.9474,0.8235,0.9297,24,73,3,2,0.951,0.9231,0.9605,0.9057,0.9276,19,72,4,7,0.8922,0.7308,0.9474,0.7755,0.9094,18,74,2,8,0.902,0.6923,0.9737,0.7826,0.9261,19,71,5,7,0.8824,0.7308,0.9342,0.76,0.9342,19,41,11,13,0.7143,0.5938,0.7885,0.6129,0.771,18,38,14,14,0.6667,0.5625,0.7308,0.5625,0.8011,19,35,17,13,0.6429,0.5938,0.6731,0.5588,0.753,21,43,9,11,0.7619,0.6562,0.8269,0.6774,0.8149,19,38,14,13,0.6786,0.5938,0.7308,0.5846,0.777,28,51,5,2,0.9186,0.9333,0.9107,0.8889,0.8964,26,50,6,4,0.8837,0.8667,0.8929,0.8387,0.9077,28,48,8,2,0.8837,0.9333,0.8571,0.8485,0.9018,26,48,8,4,0.8605,0.8667,0.8571,0.8125,0.9119,28,50,6,2,0.907,0.9333,0.8929,0.875,0.9018
759,25,48,10,16,0.7374,0.6098,0.8276,0.6579,0.7981,19,54,4,22,0.7374,0.4634,0.931,0.5938,0.7544,23,49,9,18,0.7273,0.561,0.8448,0.6301,0.7675,25,54,4,16,0.798,0.6098,0.931,0.7143,0.7679,23,52,6,18,0.7576,0.561,0.8966,0.6571,0.8217,13,74,6,9,0.8529,0.5909,0.925,0.6341,0.8278,14,74,6,8,0.8627,0.6364,0.925,0.6667,0.8705,12,73,7,10,0.8333,0.5455,0.9125,0.5854,0.8415,12,74,6,10,0.8431,0.5455,0.925,0.6,0.8591,12,70,10,10,0.8039,0.5455,0.875,0.5455,0.8614,23,48,6,7,0.8452,0.7667,0.8889,0.7797,0.887,24,41,13,6,0.7738,0.8,0.7593,0.7164,0.8988,25,37,17,5,0.7381,0.8333,0.6852,0.6944,0.8833,25,45,9,5,0.8333,0.8333,0.8333,0.7812,0.8981,25,44,10,5,0.8214,0.8333,0.8148,0.7692,0.9043,19,61,1,5,0.9302,0.7917,0.9839,0.8636,0.9167,17,60,2,7,0.8953,0.7083,0.9677,0.7907,0.9005,19,58,4,5,0.8953,0.7917,0.9355,0.8085,0.879,17,58,4,7,0.8721,0.7083,0.9355,0.7556,0.9241,19,60,2,5,0.9186,0.7917,0.9677,0.8444,0.9234
760,27,54,9,9,0.8182,0.75,0.8571,0.75,0.8902,26,57,6,10,0.8384,0.7222,0.9048,0.7647,0.9026,25,56,7,11,0.8182,0.6944,0.8889,0.7353,0.8541,27,57,6,9,0.8485,0.75,0.9048,0.7826,0.877,25,55,8,11,0.8081,0.6944,0.873,0.7246,0.8805,30,61,5,6,0.8922,0.8333,0.9242,0.8451,0.8897,30,62,4,6,0.902,0.8333,0.9394,0.8571,0.9015,27,60,6,9,0.8529,0.75,0.9091,0.7826,0.8792,27,63,3,9,0.8824,0.75,0.9545,0.8182,0.8927,27,59,7,9,0.8431,0.75,0.8939,0.7714,0.8843,23,40,8,13,0.75,0.6389,0.8333,0.6866,0.7749,21,33,15,15,0.6429,0.5833,0.6875,0.5833,0.7778,21,31,17,15,0.619,0.5833,0.6458,0.5676,0.7766,23,37,11,13,0.7143,0.6389,0.7708,0.6571,0.8102,21,35,13,15,0.6667,0.5833,0.7292,0.6,0.7975,24,59,1,2,0.9651,0.9231,0.9833,0.9412,0.975,22,59,1,4,0.9419,0.8462,0.9833,0.898,0.9769,24,59,1,2,0.9651,0.9231,0.9833,0.9412,0.9596,22,59,1,4,0.9419,0.8462,0.9833,0.898,0.9776,24,59,1,2,0.9651,0.9231,0.9833,0.9412,0.9724
761,24,46,15,14,0.7071,0.6316,0.7541,0.6234,0.7701,22,52,9,16,0.7475,0.5789,0.8525,0.6377,0.8257,24,46,15,14,0.7071,0.6316,0.7541,0.6234,0.7791,24,52,9,14,0.7677,0.6316,0.8525,0.6761,0.7744,24,50,11,14,0.7475,0.6316,0.8197,0.6575,0.8089,22,67,4,9,0.8725,0.7097,0.9437,0.7719,0.8946,25,66,5,6,0.8922,0.8065,0.9296,0.8197,0.895,22,65,6,9,0.8529,0.7097,0.9155,0.7458,0.8841,20,66,5,11,0.8431,0.6452,0.9296,0.7143,0.8941,22,64,7,9,0.8431,0.7097,0.9014,0.7333,0.8932,17,54,3,10,0.8452,0.6296,0.9474,0.7234,0.8155,18,45,12,9,0.75,0.6667,0.7895,0.6316,0.8155,18,46,11,9,0.7619,0.6667,0.807,0.6429,0.8363,18,49,8,9,0.7976,0.6667,0.8596,0.6792,0.82,18,48,9,9,0.7857,0.6667,0.8421,0.6667,0.833,24,51,6,5,0.8721,0.8276,0.8947,0.8136,0.8893,24,49,8,5,0.8488,0.8276,0.8596,0.7869,0.8627,24,47,10,5,0.8256,0.8276,0.8246,0.7619,0.8959,24,47,10,5,0.8256,0.8276,0.8246,0.7619,0.9074,24,49,8,5,0.8488,0.8276,0.8596,0.7869,0.8814
762,29,48,13,9,0.7778,0.7632,0.7869,0.725,0.8167,25,50,11,13,0.7576,0.6579,0.8197,0.6757,0.8054,25,48,13,13,0.7374,0.6579,0.7869,0.6579,0.7808,29,50,11,9,0.798,0.7632,0.8197,0.7436,0.7977,25,46,15,13,0.7172,0.6579,0.7541,0.641,0.808,20,63,8,11,0.8137,0.6452,0.8873,0.678,0.8619,25,62,9,6,0.8529,0.8065,0.8732,0.7692,0.8569,23,61,10,8,0.8235,0.7419,0.8592,0.7188,0.8455,19,66,5,12,0.8333,0.6129,0.9296,0.6909,0.8637,23,60,11,8,0.8137,0.7419,0.8451,0.7077,0.8669,20,47,6,11,0.7976,0.6452,0.8868,0.7018,0.8284,23,40,13,8,0.75,0.7419,0.7547,0.6866,0.8582,23,38,15,8,0.7262,0.7419,0.717,0.6667,0.8472,24,46,7,7,0.8333,0.7742,0.8679,0.7742,0.8691,23,46,7,8,0.8214,0.7419,0.8679,0.7541,0.86,19,61,3,3,0.9302,0.8636,0.9531,0.8636,0.907,18,61,3,4,0.9186,0.8182,0.9531,0.8372,0.8707,19,60,4,3,0.9186,0.8636,0.9375,0.8444,0.9148,18,60,4,4,0.907,0.8182,0.9375,0.8182,0.9389,19,61,3,3,0.9302,0.8636,0.9531,0.8636,0.8935
763,30,49,13,7,0.798,0.8108,0.7903,0.75,0.884,29,54,8,8,0.8384,0.7838,0.871,0.7838,0.8814,29,49,13,8,0.7879,0.7838,0.7903,0.7342,0.8636,30,54,8,7,0.8485,0.8108,0.871,0.8,0.8723,29,49,13,8,0.7879,0.7838,0.7903,0.7342,0.8771,17,68,7,10,0.8333,0.6296,0.9067,0.6667,0.8064,20,70,5,7,0.8824,0.7407,0.9333,0.7692,0.8064,17,66,9,10,0.8137,0.6296,0.88,0.6415,0.7694,16,73,2,11,0.8725,0.5926,0.9733,0.7111,0.8079,17,62,13,10,0.7745,0.6296,0.8267,0.5965,0.7659,24,45,7,8,0.8214,0.75,0.8654,0.7619,0.7981,23,41,11,9,0.7619,0.7188,0.7885,0.697,0.8173,23,33,19,9,0.6667,0.7188,0.6346,0.6216,0.7861,24,41,11,8,0.7738,0.75,0.7885,0.7164,0.8113,23,36,16,9,0.7024,0.7188,0.6923,0.6479,0.8335,27,53,1,5,0.9302,0.8438,0.9815,0.9,0.9253,27,52,2,5,0.9186,0.8438,0.963,0.8852,0.9057,27,48,6,5,0.8721,0.8438,0.8889,0.8308,0.9074,27,48,6,5,0.8721,0.8438,0.8889,0.8308,0.9369,27,52,2,5,0.9186,0.8438,0.963,0.8852,0.9225
764,22,60,10,7,0.8283,0.7586,0.8571,0.7213,0.8921,22,64,6,7,0.8687,0.7586,0.9143,0.7719,0.9094,22,61,9,7,0.8384,0.7586,0.8714,0.7333,0.8828,22,64,6,7,0.8687,0.7586,0.9143,0.7719,0.8958,22,62,8,7,0.8485,0.7586,0.8857,0.7458,0.9133,19,67,6,10,0.8431,0.6552,0.9178,0.7037,0.8418,23,66,7,6,0.8725,0.7931,0.9041,0.7797,0.8503,21,62,11,8,0.8137,0.7241,0.8493,0.6885,0.8144,18,67,6,11,0.8333,0.6207,0.9178,0.6792,0.8389,21,62,11,8,0.8137,0.7241,0.8493,0.6885,0.8356,16,49,8,11,0.7738,0.5926,0.8596,0.6275,0.7745,16,43,14,11,0.7024,0.5926,0.7544,0.5614,0.7992,17,40,17,10,0.6786,0.6296,0.7018,0.5574,0.8031,16,44,13,11,0.7143,0.5926,0.7719,0.5714,0.7999,17,41,16,10,0.6905,0.6296,0.7193,0.5667,0.8031,26,57,2,1,0.9651,0.963,0.9661,0.9455,0.9548,25,55,4,2,0.9302,0.9259,0.9322,0.8929,0.9397,26,55,4,1,0.9419,0.963,0.9322,0.9123,0.9598,25,55,4,2,0.9302,0.9259,0.9322,0.8929,0.9535,26,55,4,1,0.9419,0.963,0.9322,0.9123,0.9523
765,29,51,12,7,0.8081,0.8056,0.8095,0.7532,0.888,25,53,10,11,0.7879,0.6944,0.8413,0.7042,0.8761,28,49,14,8,0.7778,0.7778,0.7778,0.7179,0.8704,29,53,10,7,0.8283,0.8056,0.8413,0.7733,0.8774,28,52,11,8,0.8081,0.7778,0.8254,0.7467,0.8898,15,77,4,6,0.902,0.7143,0.9506,0.75,0.8877,17,80,1,4,0.951,0.8095,0.9877,0.8718,0.873,14,80,1,7,0.9216,0.6667,0.9877,0.7778,0.8536,12,80,1,9,0.902,0.5714,0.9877,0.7059,0.8783,14,77,4,7,0.8922,0.6667,0.9506,0.7179,0.8718,20,49,4,11,0.8214,0.6452,0.9245,0.7273,0.846,22,42,11,9,0.7619,0.7097,0.7925,0.6875,0.8819,23,39,14,8,0.7381,0.7419,0.7358,0.6765,0.8399,23,45,8,8,0.8095,0.7419,0.8491,0.7419,0.8807,23,43,10,8,0.7857,0.7419,0.8113,0.7188,0.874,26,53,5,2,0.9186,0.9286,0.9138,0.8814,0.947,25,53,5,3,0.907,0.8929,0.9138,0.8621,0.9507,26,52,6,2,0.907,0.9286,0.8966,0.8667,0.9415,25,52,6,3,0.8953,0.8929,0.8966,0.8475,0.9495,26,53,5,2,0.9186,0.9286,0.9138,0.8814,0.9397
766,24,57,8,10,0.8182,0.7059,0.8769,0.7273,0.8471,22,61,4,12,0.8384,0.6471,0.9385,0.7333,0.8968,21,58,7,13,0.798,0.6176,0.8923,0.6774,0.8534,24,61,4,10,0.8586,0.7059,0.9385,0.7742,0.8511,21,58,7,13,0.798,0.6176,0.8923,0.6774,0.8941,23,64,8,7,0.8529,0.7667,0.8889,0.7541,0.8708,26,63,9,4,0.8725,0.8667,0.875,0.8,0.8657,20,61,11,10,0.7941,0.6667,0.8472,0.6557,0.8245,20,65,7,10,0.8333,0.6667,0.9028,0.7018,0.869,20,57,15,10,0.7549,0.6667,0.7917,0.6154,0.8343,18,49,7,10,0.7976,0.6429,0.875,0.6792,0.8348,19,42,14,9,0.7262,0.6786,0.75,0.623,0.8839,21,42,14,7,0.75,0.75,0.75,0.6667,0.8348,19,48,8,9,0.7976,0.6786,0.8571,0.6909,0.8776,21,44,12,7,0.7738,0.75,0.7857,0.6885,0.8858,28,51,4,3,0.9186,0.9032,0.9273,0.8889,0.939,28,50,5,3,0.907,0.9032,0.9091,0.875,0.9308,28,50,5,3,0.907,0.9032,0.9091,0.875,0.9372,28,50,5,3,0.907,0.9032,0.9091,0.875,0.9367,28,50,5,3,0.907,0.9032,0.9091,0.875,0.9308
767,23,47,18,11,0.7071,0.6765,0.7231,0.6133,0.7887,20,51,14,14,0.7172,0.5882,0.7846,0.5882,0.7946,22,46,19,12,0.6869,0.6471,0.7077,0.5867,0.7824,23,51,14,11,0.7475,0.6765,0.7846,0.6479,0.776,22,49,16,12,0.7172,0.6471,0.7538,0.6111,0.8063,23,68,7,4,0.8922,0.8519,0.9067,0.807,0.9472,24,69,6,3,0.9118,0.8889,0.92,0.8421,0.9314,22,68,7,5,0.8824,0.8148,0.9067,0.7857,0.923,21,71,4,6,0.902,0.7778,0.9467,0.8077,0.9393,22,66,9,5,0.8627,0.8148,0.88,0.7586,0.9249,31,40,4,9,0.8452,0.775,0.9091,0.8267,0.8653,29,37,7,11,0.7857,0.725,0.8409,0.7632,0.8716,29,35,9,11,0.7619,0.725,0.7955,0.7436,0.8699,32,37,7,8,0.8214,0.8,0.8409,0.8101,0.8739,29,35,9,11,0.7619,0.725,0.7955,0.7436,0.8807,25,55,5,1,0.9302,0.9615,0.9167,0.8929,0.934,23,55,5,3,0.907,0.8846,0.9167,0.8519,0.9154,25,52,8,1,0.8953,0.9615,0.8667,0.8475,0.9372,23,52,8,3,0.8721,0.8846,0.8667,0.807,0.9314,25,55,5,1,0.9302,0.9615,0.9167,0.8929,0.9231
768,23,47,16,13,0.7071,0.6389,0.746,0.6133,0.7787,22,53,10,14,0.7576,0.6111,0.8413,0.6471,0.7959,23,46,17,13,0.697,0.6389,0.7302,0.6053,0.7654,23,53,10,13,0.7677,0.6389,0.8413,0.6667,0.7767,23,52,11,13,0.7576,0.6389,0.8254,0.6571,0.8108,17,78,2,5,0.9314,0.7727,0.975,0.8293,0.8898,18,76,4,4,0.9216,0.8182,0.95,0.8182,0.9091,16,72,8,6,0.8627,0.7273,0.9,0.6957,0.8659,15,76,4,7,0.8922,0.6818,0.95,0.7317,0.8875,16,71,9,6,0.8529,0.7273,0.8875,0.6809,0.8761,18,55,4,7,0.869,0.72,0.9322,0.766,0.8834,18,47,12,7,0.7738,0.72,0.7966,0.6545,0.8739,19,42,17,6,0.7262,0.76,0.7119,0.623,0.8685,19,51,8,6,0.8333,0.76,0.8644,0.7308,0.9024,19,47,12,6,0.7857,0.76,0.7966,0.6786,0.8698,23,54,5,4,0.8953,0.8519,0.9153,0.8364,0.9021,21,52,7,6,0.8488,0.7778,0.8814,0.7636,0.8883,23,50,9,4,0.8488,0.8519,0.8475,0.7797,0.9027,21,50,9,6,0.8256,0.7778,0.8475,0.7368,0.9052,23,52,7,4,0.8721,0.8519,0.8814,0.807,0.9033
769,21,57,11,10,0.7879,0.6774,0.8382,0.6667,0.8174,21,59,9,10,0.8081,0.6774,0.8676,0.6885,0.8472,19,57,11,12,0.7677,0.6129,0.8382,0.623,0.814,21,59,9,10,0.8081,0.6774,0.8676,0.6885,0.7963,19,58,10,12,0.7778,0.6129,0.8529,0.6333,0.8359,18,75,5,4,0.9118,0.8182,0.9375,0.8,0.8801,19,76,4,3,0.9314,0.8636,0.95,0.8444,0.9108,16,75,5,6,0.8922,0.7273,0.9375,0.7442,0.8864,16,77,3,6,0.9118,0.7273,0.9625,0.7805,0.9011,16,74,6,6,0.8824,0.7273,0.925,0.7273,0.9011,24,50,4,6,0.881,0.8,0.9259,0.8276,0.8864,24,44,10,6,0.8095,0.8,0.8148,0.75,0.9191,26,42,12,4,0.8095,0.8667,0.7778,0.7647,0.9037,24,45,9,6,0.8214,0.8,0.8333,0.7619,0.8981,26,45,9,4,0.8452,0.8667,0.8333,0.8,0.9012,13,68,3,2,0.9419,0.8667,0.9577,0.8387,0.9568,13,68,3,2,0.9419,0.8667,0.9577,0.8387,0.9418,13,67,4,2,0.9302,0.8667,0.9437,0.8125,0.9221,13,67,4,2,0.9302,0.8667,0.9437,0.8125,0.9484,13,68,3,2,0.9419,0.8667,0.9577,0.8387,0.954
770,25,56,10,8,0.8182,0.7576,0.8485,0.7353,0.8053,21,60,6,12,0.8182,0.6364,0.9091,0.7,0.8581,21,55,11,12,0.7677,0.6364,0.8333,0.6462,0.8044,25,60,6,8,0.8586,0.7576,0.9091,0.7812,0.8067,21,60,6,12,0.8182,0.6364,0.9091,0.7,0.8577,16,75,5,6,0.8922,0.7273,0.9375,0.7442,0.8591,16,75,5,6,0.8922,0.7273,0.9375,0.7442,0.9068,16,75,5,6,0.8922,0.7273,0.9375,0.7442,0.8727,16,75,5,6,0.8922,0.7273,0.9375,0.7442,0.9011,16,70,10,6,0.8431,0.7273,0.875,0.6667,0.8943,17,47,8,12,0.7619,0.5862,0.8545,0.6296,0.8207,18,46,9,11,0.7619,0.6207,0.8364,0.6429,0.8395,19,41,14,10,0.7143,0.6552,0.7455,0.6129,0.837,19,44,11,10,0.75,0.6552,0.8,0.6441,0.8539,19,43,12,10,0.7381,0.6552,0.7818,0.6333,0.852,24,51,7,4,0.8721,0.8571,0.8793,0.8136,0.8787,23,47,11,5,0.814,0.8214,0.8103,0.7419,0.8565,24,45,13,4,0.8023,0.8571,0.7759,0.7385,0.8824,23,45,13,5,0.7907,0.8214,0.7759,0.7187,0.8935,24,47,11,4,0.8256,0.8571,0.8103,0.7619,0.8756
771,28,56,13,2,0.8485,0.9333,0.8116,0.7887,0.9454,24,61,8,6,0.8586,0.8,0.8841,0.7742,0.9237,27,56,13,3,0.8384,0.9,0.8116,0.7714,0.9227,28,61,8,2,0.899,0.9333,0.8841,0.8485,0.9307,27,60,9,3,0.8788,0.9,0.8696,0.8182,0.9454,16,70,5,11,0.8431,0.5926,0.9333,0.6667,0.8459,21,71,4,6,0.902,0.7778,0.9467,0.8077,0.8978,19,71,4,8,0.8824,0.7037,0.9467,0.76,0.8711,15,71,4,12,0.8431,0.5556,0.9467,0.6522,0.879,19,68,7,8,0.8529,0.7037,0.9067,0.717,0.8711,24,38,7,15,0.7381,0.6154,0.8444,0.6857,0.7726,24,35,10,15,0.7024,0.6154,0.7778,0.6575,0.7915,25,33,12,14,0.6905,0.641,0.7333,0.6579,0.7897,24,38,7,15,0.7381,0.6154,0.8444,0.6857,0.7943,25,36,9,14,0.7262,0.641,0.8,0.6849,0.808,21,57,7,1,0.907,0.9545,0.8906,0.84,0.9368,21,54,10,1,0.8721,0.9545,0.8438,0.7925,0.929,21,53,11,1,0.8605,0.9545,0.8281,0.7778,0.9389,21,53,11,1,0.8605,0.9545,0.8281,0.7778,0.9226,21,54,10,1,0.8721,0.9545,0.8438,0.7925,0.9297
772,23,57,8,11,0.8081,0.6765,0.8769,0.7077,0.8032,20,61,4,14,0.8182,0.5882,0.9385,0.6897,0.8113,21,55,10,13,0.7677,0.6176,0.8462,0.6462,0.7882,23,61,4,11,0.8485,0.6765,0.9385,0.7541,0.8005,21,57,8,13,0.7879,0.6176,0.8769,0.6667,0.8176,17,65,9,11,0.8039,0.6071,0.8784,0.6296,0.7992,18,68,6,10,0.8431,0.6429,0.9189,0.6923,0.8349,17,66,8,11,0.8137,0.6071,0.8919,0.6415,0.8103,16,70,4,12,0.8431,0.5714,0.9459,0.6667,0.8248,17,64,10,11,0.7941,0.6071,0.8649,0.6182,0.8171,25,45,6,8,0.8333,0.7576,0.8824,0.7812,0.858,24,41,10,9,0.7738,0.7273,0.8039,0.7164,0.8853,24,40,11,9,0.7619,0.7273,0.7843,0.7059,0.8509,26,43,8,7,0.8214,0.7879,0.8431,0.7761,0.8687,24,42,9,9,0.7857,0.7273,0.8235,0.7273,0.88,26,55,2,3,0.9419,0.8966,0.9649,0.9123,0.9135,24,55,2,5,0.9186,0.8276,0.9649,0.8727,0.8778,26,53,4,3,0.9186,0.8966,0.9298,0.8814,0.9365,24,53,4,5,0.8953,0.8276,0.9298,0.8421,0.9425,26,55,2,3,0.9419,0.8966,0.9649,0.9123,0.9026
773,26,52,13,8,0.7879,0.7647,0.8,0.7123,0.8652,21,57,8,13,0.7879,0.6176,0.8769,0.6667,0.8584,25,51,14,9,0.7677,0.7353,0.7846,0.6849,0.8448,26,57,8,8,0.8384,0.7647,0.8769,0.7647,0.8559,25,56,9,9,0.8182,0.7353,0.8615,0.7353,0.8846,14,74,3,11,0.8627,0.56,0.961,0.6667,0.7595,16,72,5,9,0.8627,0.64,0.9351,0.6957,0.7984,13,69,8,12,0.8039,0.52,0.8961,0.5652,0.7631,12,73,4,13,0.8333,0.48,0.9481,0.5854,0.7569,13,67,10,12,0.7843,0.52,0.8701,0.5417,0.7662,17,42,8,17,0.7024,0.5,0.84,0.5763,0.7841,21,39,11,13,0.7143,0.6176,0.78,0.6364,0.8053,23,39,11,11,0.7381,0.6765,0.78,0.6765,0.8218,25,41,9,9,0.7857,0.7353,0.82,0.7353,0.8194,23,41,9,11,0.7619,0.6765,0.82,0.697,0.8135,20,60,2,4,0.9302,0.8333,0.9677,0.8696,0.9133,16,60,2,8,0.8837,0.6667,0.9677,0.7619,0.8864,20,58,4,4,0.907,0.8333,0.9355,0.8333,0.8958,16,58,4,8,0.8605,0.6667,0.9355,0.7273,0.9207,20,60,2,4,0.9302,0.8333,0.9677,0.8696,0.9133
774,28,48,13,10,0.7677,0.7368,0.7869,0.7089,0.8356,25,52,9,13,0.7778,0.6579,0.8525,0.6944,0.8469,27,48,13,11,0.7576,0.7105,0.7869,0.6923,0.8102,28,52,9,10,0.8081,0.7368,0.8525,0.7467,0.8369,27,50,11,11,0.7778,0.7105,0.8197,0.7105,0.8568,16,63,10,13,0.7745,0.5517,0.863,0.5818,0.7846,20,63,10,9,0.8137,0.6897,0.863,0.678,0.787,19,64,9,10,0.8137,0.6552,0.8767,0.6667,0.8144,15,63,10,14,0.7647,0.5172,0.863,0.5556,0.7945,19,62,11,10,0.7941,0.6552,0.8493,0.6441,0.8238,14,54,5,11,0.8095,0.56,0.9153,0.6364,0.8529,15,46,13,10,0.7262,0.6,0.7797,0.566,0.8237,16,45,14,9,0.7262,0.64,0.7627,0.5818,0.8386,18,50,9,7,0.8095,0.72,0.8475,0.6923,0.8502,16,47,12,9,0.75,0.64,0.7966,0.6038,0.8556,27,56,2,1,0.9651,0.9643,0.9655,0.9474,0.9661,25,56,2,3,0.9419,0.8929,0.9655,0.9091,0.968,27,55,3,1,0.9535,0.9643,0.9483,0.931,0.9667,25,55,3,3,0.9302,0.8929,0.9483,0.8929,0.9717,27,56,2,1,0.9651,0.9643,0.9655,0.9474,0.9686
775,27,47,11,14,0.7475,0.6585,0.8103,0.6835,0.8053,25,50,8,16,0.7576,0.6098,0.8621,0.6757,0.8082,22,44,14,19,0.6667,0.5366,0.7586,0.5714,0.7822,27,50,8,14,0.7778,0.6585,0.8621,0.7105,0.8133,22,50,8,19,0.7273,0.5366,0.8621,0.6197,0.8213,20,69,3,10,0.8725,0.6667,0.9583,0.7547,0.8523,24,67,5,6,0.8922,0.8,0.9306,0.8136,0.9005,17,67,5,13,0.8235,0.5667,0.9306,0.6538,0.8255,17,67,5,13,0.8235,0.5667,0.9306,0.6538,0.869,17,65,7,13,0.8039,0.5667,0.9028,0.6296,0.8648,24,41,6,13,0.7738,0.6486,0.8723,0.7164,0.8079,24,37,10,13,0.7262,0.6486,0.7872,0.6761,0.8551,25,33,14,12,0.6905,0.6757,0.7021,0.6579,0.812,24,39,8,13,0.75,0.6486,0.8298,0.6957,0.8534,25,36,11,12,0.7262,0.6757,0.766,0.6849,0.8183,15,63,4,4,0.907,0.7895,0.9403,0.7895,0.8845,14,62,5,5,0.8837,0.7368,0.9254,0.7368,0.8822,15,60,7,4,0.8721,0.7895,0.8955,0.7317,0.8782,14,60,7,5,0.8605,0.7368,0.8955,0.7,0.9104,15,62,5,4,0.8953,0.7895,0.9254,0.7692,0.8885
776,29,52,9,9,0.8182,0.7632,0.8525,0.7632,0.8848,24,56,5,14,0.8081,0.6316,0.918,0.7164,0.9064,25,52,9,13,0.7778,0.6579,0.8525,0.6944,0.8848,29,56,5,9,0.8586,0.7632,0.918,0.8056,0.8727,25,55,6,13,0.8081,0.6579,0.9016,0.7246,0.9072,20,67,6,9,0.8529,0.6897,0.9178,0.7273,0.8096,22,68,5,7,0.8824,0.7586,0.9315,0.7857,0.8271,20,68,5,9,0.8627,0.6897,0.9315,0.7407,0.8077,19,68,5,10,0.8529,0.6552,0.9315,0.717,0.8167,20,65,8,9,0.8333,0.6897,0.8904,0.7018,0.8186,21,39,10,14,0.7143,0.6,0.7959,0.6364,0.7708,23,35,14,12,0.6905,0.6571,0.7143,0.6389,0.7813,25,31,18,10,0.6667,0.7143,0.6327,0.641,0.7796,23,38,11,12,0.7262,0.6571,0.7755,0.6667,0.8023,25,36,13,10,0.7262,0.7143,0.7347,0.6849,0.7983,25,57,4,0,0.9535,1.0,0.9344,0.9259,0.9679,25,56,5,0,0.9419,1.0,0.918,0.9091,0.9725,25,56,5,0,0.9419,1.0,0.918,0.9091,0.9705,25,56,5,0,0.9419,1.0,0.918,0.9091,0.9626,25,56,5,0,0.9419,1.0,0.918,0.9091,0.9685
777,34,41,18,6,0.7576,0.85,0.6949,0.7391,0.8369,29,46,13,11,0.7576,0.725,0.7797,0.7073,0.839,32,43,16,8,0.7576,0.8,0.7288,0.7273,0.8381,34,46,13,6,0.8081,0.85,0.7797,0.7816,0.8697,32,44,15,8,0.7677,0.8,0.7458,0.7356,0.8657,23,73,1,5,0.9412,0.8214,0.9865,0.8846,0.9218,25,73,1,3,0.9608,0.8929,0.9865,0.9259,0.9252,23,67,7,5,0.8824,0.8214,0.9054,0.7931,0.9165,21,73,1,7,0.9216,0.75,0.9865,0.84,0.9136,23,66,8,5,0.8725,0.8214,0.8919,0.7797,0.9088,23,50,1,10,0.869,0.697,0.9804,0.807,0.8717,23,45,6,10,0.8095,0.697,0.8824,0.7419,0.8942,23,40,11,10,0.75,0.697,0.7843,0.6866,0.858,23,46,5,10,0.8214,0.697,0.902,0.7541,0.8925,23,43,8,10,0.7857,0.697,0.8431,0.7188,0.8758,22,60,3,1,0.9535,0.9565,0.9524,0.9167,0.9545,22,58,5,1,0.9302,0.9565,0.9206,0.88,0.9627,22,58,5,1,0.9302,0.9565,0.9206,0.88,0.9434,22,58,5,1,0.9302,0.9565,0.9206,0.88,0.9551,22,58,5,1,0.9302,0.9565,0.9206,0.88,0.9524
778,19,60,9,11,0.798,0.6333,0.8696,0.6552,0.8415,16,62,7,14,0.7879,0.5333,0.8986,0.6038,0.8435,15,59,10,15,0.7475,0.5,0.8551,0.5455,0.8092,19,62,7,11,0.8182,0.6333,0.8986,0.6786,0.8164,15,61,8,15,0.7677,0.5,0.8841,0.566,0.8435,22,70,4,6,0.902,0.7857,0.9459,0.8148,0.8668,22,68,6,6,0.8824,0.7857,0.9189,0.7857,0.8972,21,65,9,7,0.8431,0.75,0.8784,0.7241,0.874,21,69,5,7,0.8824,0.75,0.9324,0.7778,0.9054,21,65,9,7,0.8431,0.75,0.8784,0.7241,0.8798,18,51,8,7,0.8214,0.72,0.8644,0.7059,0.7817,19,48,11,6,0.7976,0.76,0.8136,0.6909,0.8617,20,44,15,5,0.7619,0.8,0.7458,0.6667,0.7837,19,49,10,6,0.8095,0.76,0.8305,0.7037,0.8386,20,49,10,5,0.8214,0.8,0.8305,0.7273,0.838,14,64,6,2,0.907,0.875,0.9143,0.7778,0.9348,14,64,6,2,0.907,0.875,0.9143,0.7778,0.9411,14,63,7,2,0.8953,0.875,0.9,0.7568,0.9187,14,63,7,2,0.8953,0.875,0.9,0.7568,0.9429,14,64,6,2,0.907,0.875,0.9143,0.7778,0.9393
779,18,64,12,5,0.8283,0.7826,0.8421,0.6792,0.8398,16,64,12,7,0.8081,0.6957,0.8421,0.6275,0.8581,18,63,13,5,0.8182,0.7826,0.8289,0.6667,0.8438,18,64,12,5,0.8283,0.7826,0.8421,0.6792,0.8358,18,64,12,5,0.8283,0.7826,0.8421,0.6792,0.877,24,65,6,7,0.8725,0.7742,0.9155,0.7869,0.8514,24,65,6,7,0.8725,0.7742,0.9155,0.7869,0.8564,20,66,5,11,0.8431,0.6452,0.9296,0.7143,0.8323,20,65,6,11,0.8333,0.6452,0.9155,0.7018,0.8646,20,64,7,11,0.8235,0.6452,0.9014,0.6897,0.846,25,41,4,14,0.7857,0.641,0.9111,0.7353,0.7567,27,34,11,12,0.7262,0.6923,0.7556,0.7013,0.8319,27,27,18,12,0.6429,0.6923,0.6,0.6429,0.7117,28,34,11,11,0.7381,0.7179,0.7556,0.7179,0.7966,27,29,16,12,0.6667,0.6923,0.6444,0.6585,0.7823,18,64,3,1,0.9535,0.9474,0.9552,0.9,0.9419,17,63,4,2,0.9302,0.8947,0.9403,0.85,0.9269,18,63,4,1,0.9419,0.9474,0.9403,0.878,0.9537,17,63,4,2,0.9302,0.8947,0.9403,0.85,0.9584,18,63,4,1,0.9419,0.9474,0.9403,0.878,0.9419
780,28,55,11,5,0.8384,0.8485,0.8333,0.7778,0.9086,26,58,8,7,0.8485,0.7879,0.8788,0.7761,0.8962,27,56,10,6,0.8384,0.8182,0.8485,0.7714,0.8724,28,58,8,5,0.8687,0.8485,0.8788,0.8116,0.89,27,56,10,6,0.8384,0.8182,0.8485,0.7714,0.9141,23,69,4,6,0.902,0.7931,0.9452,0.8214,0.8824,24,71,2,5,0.9314,0.8276,0.9726,0.8727,0.8994,23,69,4,6,0.902,0.7931,0.9452,0.8214,0.8843,22,72,1,7,0.9216,0.7586,0.9863,0.8462,0.8914,23,68,5,6,0.8922,0.7931,0.9315,0.807,0.8744,24,46,7,7,0.8333,0.7742,0.8679,0.7742,0.8679,24,40,13,7,0.7619,0.7742,0.7547,0.7059,0.902,26,38,15,5,0.7619,0.8387,0.717,0.7222,0.8661,25,47,6,6,0.8571,0.8065,0.8868,0.8065,0.9032,26,41,12,5,0.7976,0.8387,0.7736,0.7536,0.9008,27,53,1,5,0.9302,0.8438,0.9815,0.9,0.9421,27,53,1,5,0.9302,0.8438,0.9815,0.9,0.9329,27,52,2,5,0.9186,0.8438,0.963,0.8852,0.9259,27,52,2,5,0.9186,0.8438,0.963,0.8852,0.9583,27,53,1,5,0.9302,0.8438,0.9815,0.9,0.9398
781,22,57,14,6,0.798,0.7857,0.8028,0.6875,0.8375,21,60,11,7,0.8182,0.75,0.8451,0.7,0.8219,21,59,12,7,0.8081,0.75,0.831,0.6885,0.8164,22,60,11,6,0.8283,0.7857,0.8451,0.7213,0.8353,21,59,12,7,0.8081,0.75,0.831,0.6885,0.8556,12,75,5,10,0.8529,0.5455,0.9375,0.6154,0.7682,12,77,3,10,0.8725,0.5455,0.9625,0.6486,0.8284,11,72,8,11,0.8137,0.5,0.9,0.5366,0.7705,11,78,2,11,0.8725,0.5,0.975,0.6286,0.8102,11,72,8,11,0.8137,0.5,0.9,0.5366,0.7955,30,39,4,11,0.8214,0.7317,0.907,0.8,0.8344,30,33,10,11,0.75,0.7317,0.7674,0.7407,0.8746,32,31,12,9,0.75,0.7805,0.7209,0.7529,0.8287,31,35,8,10,0.7857,0.7561,0.814,0.775,0.8667,32,34,9,9,0.7857,0.7805,0.7907,0.7805,0.8644,32,48,1,5,0.9302,0.8649,0.9796,0.9143,0.9515,30,46,3,7,0.8837,0.8108,0.9388,0.8571,0.9277,32,46,3,5,0.907,0.8649,0.9388,0.8889,0.9415,30,46,3,7,0.8837,0.8108,0.9388,0.8571,0.9553,32,46,3,5,0.907,0.8649,0.9388,0.8889,0.9493
782,32,44,13,10,0.7677,0.7619,0.7719,0.7356,0.8538,27,49,8,15,0.7677,0.6429,0.8596,0.7013,0.8488,28,44,13,14,0.7273,0.6667,0.7719,0.6747,0.8166,32,49,8,10,0.8182,0.7619,0.8596,0.7805,0.8306,28,46,11,14,0.7475,0.6667,0.807,0.6914,0.8634,24,67,3,8,0.8922,0.75,0.9571,0.8136,0.9027,27,64,6,5,0.8922,0.8438,0.9143,0.8308,0.9031,25,65,5,7,0.8824,0.7812,0.9286,0.8065,0.8942,22,65,5,10,0.8529,0.6875,0.9286,0.7458,0.9076,25,63,7,7,0.8627,0.7812,0.9,0.7812,0.8902,20,47,6,11,0.7976,0.6452,0.8868,0.7018,0.7748,21,42,11,10,0.75,0.6774,0.7925,0.6667,0.8369,22,39,14,9,0.7262,0.7097,0.7358,0.6567,0.815,21,44,9,10,0.7738,0.6774,0.8302,0.6885,0.8308,22,41,12,9,0.75,0.7097,0.7736,0.6769,0.8466,18,56,5,7,0.8605,0.72,0.918,0.75,0.8682,18,55,6,7,0.8488,0.72,0.9016,0.7347,0.8557,18,55,6,7,0.8488,0.72,0.9016,0.7347,0.8557,18,55,6,7,0.8488,0.72,0.9016,0.7347,0.9056,18,55,6,7,0.8488,0.72,0.9016,0.7347,0.8682
783,25,55,10,9,0.8081,0.7353,0.8462,0.7246,0.8502,21,60,5,13,0.8182,0.6176,0.9231,0.7,0.8475,22,57,8,12,0.798,0.6471,0.8769,0.6875,0.8475,25,60,5,9,0.8586,0.7353,0.9231,0.7812,0.8543,22,58,7,12,0.8081,0.6471,0.8923,0.6984,0.8679,28,61,3,10,0.8725,0.7368,0.9531,0.8116,0.9087,32,61,3,6,0.9118,0.8421,0.9531,0.8767,0.9535,26,61,3,12,0.8529,0.6842,0.9531,0.7761,0.9211,25,61,3,13,0.8431,0.6579,0.9531,0.7576,0.942,26,60,4,12,0.8431,0.6842,0.9375,0.7647,0.9371,20,48,5,11,0.8095,0.6452,0.9057,0.7143,0.8192,20,47,6,11,0.7976,0.6452,0.8868,0.7018,0.8509,21,44,9,10,0.7738,0.6774,0.8302,0.6885,0.8436,21,49,4,10,0.8333,0.6774,0.9245,0.75,0.8558,21,46,7,10,0.7976,0.6774,0.8679,0.7119,0.8624,18,64,2,2,0.9535,0.9,0.9697,0.9,0.922,17,62,4,3,0.9186,0.85,0.9394,0.8293,0.9167,18,62,4,2,0.9302,0.9,0.9394,0.8571,0.9258,17,62,4,3,0.9186,0.85,0.9394,0.8293,0.95,18,62,4,2,0.9302,0.9,0.9394,0.8571,0.9242
784,28,43,18,10,0.7172,0.7368,0.7049,0.6667,0.8201,26,51,10,12,0.7778,0.6842,0.8361,0.7027,0.8348,26,45,16,12,0.7172,0.6842,0.7377,0.65,0.7899,28,51,10,10,0.798,0.7368,0.8361,0.7368,0.8313,26,47,14,12,0.7374,0.6842,0.7705,0.6667,0.8443,23,66,5,8,0.8725,0.7419,0.9296,0.7797,0.8178,24,67,4,7,0.8922,0.7742,0.9437,0.8136,0.8405,21,65,6,10,0.8431,0.6774,0.9155,0.7241,0.8137,21,69,2,10,0.8824,0.6774,0.9718,0.7778,0.8233,21,65,6,10,0.8431,0.6774,0.9155,0.7241,0.8346,22,45,6,11,0.7976,0.6667,0.8824,0.7213,0.8699,23,40,11,10,0.75,0.697,0.7843,0.6866,0.8889,24,38,13,9,0.7381,0.7273,0.7451,0.6857,0.8865,25,45,6,8,0.8333,0.7576,0.8824,0.7812,0.9228,24,42,9,9,0.7857,0.7273,0.8235,0.7273,0.8865,25,56,4,1,0.9419,0.9615,0.9333,0.9091,0.9596,24,55,5,2,0.9186,0.9231,0.9167,0.8727,0.9385,25,54,6,1,0.9186,0.9615,0.9,0.8772,0.9571,24,54,6,2,0.907,0.9231,0.9,0.8571,0.9635,25,55,5,1,0.9302,0.9615,0.9167,0.8929,0.9436
785,31,50,10,8,0.8182,0.7949,0.8333,0.775,0.8752,28,51,9,11,0.798,0.7179,0.85,0.7368,0.8675,31,49,11,8,0.8081,0.7949,0.8167,0.7654,0.8453,31,51,9,8,0.8283,0.7949,0.85,0.7848,0.8654,31,49,11,8,0.8081,0.7949,0.8167,0.7654,0.8692,17,71,6,8,0.8627,0.68,0.9221,0.7083,0.8358,18,72,5,7,0.8824,0.72,0.9351,0.75,0.8327,16,70,7,9,0.8431,0.64,0.9091,0.6667,0.8114,15,74,3,10,0.8725,0.6,0.961,0.6977,0.8265,16,70,7,9,0.8431,0.64,0.9091,0.6667,0.8182,23,44,6,11,0.7976,0.6765,0.88,0.7302,0.8259,22,37,13,12,0.7024,0.6471,0.74,0.6377,0.8176,27,31,19,7,0.6905,0.7941,0.62,0.675,0.7894,23,37,13,11,0.7143,0.6765,0.74,0.6571,0.8371,27,33,17,7,0.7143,0.7941,0.66,0.6923,0.8282,24,54,4,4,0.907,0.8571,0.931,0.8571,0.9107,23,51,7,5,0.8605,0.8214,0.8793,0.7931,0.8725,24,50,8,4,0.8605,0.8571,0.8621,0.8,0.9107,23,50,8,5,0.8488,0.8214,0.8621,0.7797,0.92,24,51,7,4,0.8721,0.8571,0.8793,0.8136,0.8842
786,26,47,16,10,0.7374,0.7222,0.746,0.6667,0.8197,23,53,10,13,0.7677,0.6389,0.8413,0.6667,0.8404,23,49,14,13,0.7273,0.6389,0.7778,0.6301,0.795,26,53,10,10,0.798,0.7222,0.8413,0.7222,0.8078,23,50,13,13,0.7374,0.6389,0.7937,0.6389,0.8479,18,68,8,8,0.8431,0.6923,0.8947,0.6923,0.8203,18,72,4,8,0.8824,0.6923,0.9474,0.75,0.8451,18,71,5,8,0.8725,0.6923,0.9342,0.7347,0.8254,18,73,3,8,0.8922,0.6923,0.9605,0.766,0.833,18,69,7,8,0.8529,0.6923,0.9079,0.7059,0.8376,14,48,10,12,0.7381,0.5385,0.8276,0.56,0.7235,14,42,16,12,0.6667,0.5385,0.7241,0.5,0.7301,15,36,22,11,0.6071,0.5769,0.6207,0.4762,0.7188,15,47,11,11,0.7381,0.5769,0.8103,0.5769,0.7533,15,44,14,11,0.7024,0.5769,0.7586,0.5455,0.7653,26,57,1,2,0.9651,0.9286,0.9828,0.9455,0.968,25,56,2,3,0.9419,0.8929,0.9655,0.9091,0.9532,26,55,3,2,0.9419,0.9286,0.9483,0.9123,0.9612,25,55,3,3,0.9302,0.8929,0.9483,0.8929,0.9717,26,56,2,2,0.9535,0.9286,0.9655,0.9286,0.9686
787,25,52,13,9,0.7778,0.7353,0.8,0.6944,0.8339,19,56,9,15,0.7576,0.5588,0.8615,0.6129,0.848,18,52,13,16,0.7071,0.5294,0.8,0.5538,0.781,25,56,9,9,0.8182,0.7353,0.8615,0.7353,0.8113,18,52,13,16,0.7071,0.5294,0.8,0.5538,0.8317,23,61,11,7,0.8235,0.7667,0.8472,0.7188,0.9102,27,60,12,3,0.8529,0.9,0.8333,0.7826,0.8764,22,62,10,8,0.8235,0.7333,0.8611,0.7097,0.8778,19,63,9,11,0.8039,0.6333,0.875,0.6552,0.8815,22,56,16,8,0.7647,0.7333,0.7778,0.6471,0.8796,17,52,7,8,0.8214,0.68,0.8814,0.6939,0.819,14,49,10,11,0.75,0.56,0.8305,0.5714,0.8624,14,45,14,11,0.7024,0.56,0.7627,0.5283,0.7858,17,51,8,8,0.8095,0.68,0.8644,0.68,0.84,14,50,9,11,0.7619,0.56,0.8475,0.5833,0.8563,18,62,3,3,0.9302,0.8571,0.9538,0.8571,0.9165,15,61,4,6,0.8837,0.7143,0.9385,0.75,0.8879,18,60,5,3,0.907,0.8571,0.9231,0.8182,0.9077,15,60,5,6,0.8721,0.7143,0.9231,0.7317,0.9223,18,61,4,3,0.9186,0.8571,0.9385,0.8372,0.9172
788,25,46,17,11,0.7172,0.6944,0.7302,0.641,0.769,20,51,12,16,0.7172,0.5556,0.8095,0.5882,0.7773,22,46,17,14,0.6869,0.6111,0.7302,0.5867,0.739,25,51,12,11,0.7677,0.6944,0.8095,0.6849,0.7641,22,51,12,14,0.7374,0.6111,0.8095,0.6286,0.7932,21,66,5,10,0.8529,0.6774,0.9296,0.7368,0.8433,25,65,6,6,0.8824,0.8065,0.9155,0.8065,0.8605,15,65,6,16,0.7843,0.4839,0.9155,0.5769,0.8051,15,66,5,16,0.7941,0.4839,0.9296,0.5882,0.8446,15,63,8,16,0.7647,0.4839,0.8873,0.5556,0.8423,19,51,5,9,0.8333,0.6786,0.9107,0.7308,0.8233,19,47,9,9,0.7857,0.6786,0.8393,0.6786,0.8648,20,43,13,8,0.75,0.7143,0.7679,0.6557,0.8342,19,47,9,9,0.7857,0.6786,0.8393,0.6786,0.8469,20,46,10,8,0.7857,0.7143,0.8214,0.6897,0.8552,21,56,4,5,0.8953,0.8077,0.9333,0.8235,0.8712,20,56,4,6,0.8837,0.7692,0.9333,0.8,0.8526,21,55,5,5,0.8837,0.8077,0.9167,0.8077,0.8744,20,55,5,6,0.8721,0.7692,0.9167,0.7843,0.9045,21,56,4,5,0.8953,0.8077,0.9333,0.8235,0.8795
789,30,55,7,7,0.8586,0.8108,0.8871,0.8108,0.9032,26,57,5,11,0.8384,0.7027,0.9194,0.7647,0.8827,27,54,8,10,0.8182,0.7297,0.871,0.75,0.8762,30,57,5,7,0.8788,0.8108,0.9194,0.8333,0.9006,27,57,5,10,0.8485,0.7297,0.9194,0.7826,0.9237,18,73,5,6,0.8922,0.75,0.9359,0.766,0.8857,19,70,8,5,0.8725,0.7917,0.8974,0.7451,0.9257,18,70,8,6,0.8627,0.75,0.8974,0.72,0.8862,17,70,8,7,0.8529,0.7083,0.8974,0.6939,0.9129,18,68,10,6,0.8431,0.75,0.8718,0.6923,0.9108,27,44,6,7,0.8452,0.7941,0.88,0.806,0.9071,28,41,9,6,0.8214,0.8235,0.82,0.7887,0.9094,29,36,14,5,0.7738,0.8529,0.72,0.7532,0.9135,31,39,11,3,0.8333,0.9118,0.78,0.8158,0.9294,29,38,12,5,0.7976,0.8529,0.76,0.7733,0.9194,18,61,5,2,0.9186,0.9,0.9242,0.8372,0.9265,17,61,5,3,0.907,0.85,0.9242,0.8095,0.8955,18,60,6,2,0.907,0.9,0.9091,0.8182,0.9348,17,60,6,3,0.8953,0.85,0.9091,0.7907,0.9258,18,61,5,2,0.9186,0.9,0.9242,0.8372,0.9038
790,25,57,10,7,0.8283,0.7812,0.8507,0.7463,0.8498,24,60,7,8,0.8485,0.75,0.8955,0.7619,0.8554,23,55,12,9,0.7879,0.7188,0.8209,0.6866,0.841,25,60,7,7,0.8586,0.7812,0.8955,0.7812,0.8344,23,58,9,9,0.8182,0.7188,0.8657,0.7188,0.8638,21,70,2,9,0.8922,0.7,0.9722,0.7925,0.8167,23,70,2,7,0.9118,0.7667,0.9722,0.8364,0.8194,19,67,5,11,0.8431,0.6333,0.9306,0.7037,0.7995,18,72,0,12,0.8824,0.6,1.0,0.75,0.8269,19,66,6,11,0.8333,0.6333,0.9167,0.6909,0.7949,18,47,9,10,0.7738,0.6429,0.8393,0.6545,0.8291,18,45,11,10,0.75,0.6429,0.8036,0.6316,0.8591,20,42,14,8,0.7381,0.7143,0.75,0.6452,0.8489,19,48,8,9,0.7976,0.6786,0.8571,0.6909,0.8699,20,46,10,8,0.7857,0.7143,0.8214,0.6897,0.8699,31,46,8,1,0.8953,0.9688,0.8519,0.8732,0.9057,28,46,8,4,0.8605,0.875,0.8519,0.8235,0.9155,31,45,9,1,0.8837,0.9688,0.8333,0.8611,0.9196,28,45,9,4,0.8488,0.875,0.8333,0.8116,0.9294,31,46,8,1,0.8953,0.9688,0.8519,0.8732,0.8929
791,26,48,10,15,0.7475,0.6341,0.8276,0.6753,0.8305,21,53,5,20,0.7475,0.5122,0.9138,0.6269,0.8427,26,49,9,15,0.7576,0.6341,0.8448,0.6842,0.8154,26,53,5,15,0.798,0.6341,0.9138,0.7222,0.8318,26,52,6,15,0.7879,0.6341,0.8966,0.7123,0.8511,17,70,9,6,0.8529,0.7391,0.8861,0.6939,0.9081,19,72,7,4,0.8922,0.8261,0.9114,0.7755,0.8773,17,73,6,6,0.8824,0.7391,0.9241,0.7391,0.8855,15,72,7,8,0.8529,0.6522,0.9114,0.6667,0.8861,17,72,7,6,0.8725,0.7391,0.9114,0.7234,0.8993,22,47,4,11,0.8214,0.6667,0.9216,0.7458,0.8027,20,39,12,13,0.7024,0.6061,0.7647,0.6154,0.8111,20,37,14,13,0.6786,0.6061,0.7255,0.597,0.7938,20,45,6,13,0.7738,0.6061,0.8824,0.678,0.8051,20,41,10,13,0.7262,0.6061,0.8039,0.6349,0.8259,13,67,4,2,0.9302,0.8667,0.9437,0.8125,0.8995,13,66,5,2,0.9186,0.8667,0.9296,0.7879,0.8789,13,65,6,2,0.907,0.8667,0.9155,0.7647,0.9108,13,65,6,2,0.907,0.8667,0.9155,0.7647,0.923,13,66,5,2,0.9186,0.8667,0.9296,0.7879,0.8845
792,32,41,19,7,0.7374,0.8205,0.6833,0.7111,0.8359,30,45,15,9,0.7576,0.7692,0.75,0.7143,0.8346,31,41,19,8,0.7273,0.7949,0.6833,0.6966,0.8115,32,45,15,7,0.7778,0.8205,0.75,0.7442,0.8316,31,43,17,8,0.7475,0.7949,0.7167,0.7126,0.859,21,70,4,7,0.8922,0.75,0.9459,0.7925,0.8547,22,68,6,6,0.8824,0.7857,0.9189,0.7857,0.8639,17,67,7,11,0.8235,0.6071,0.9054,0.6538,0.8581,17,69,5,11,0.8431,0.6071,0.9324,0.68,0.8644,17,65,9,11,0.8039,0.6071,0.8784,0.6296,0.8596,23,49,8,4,0.8571,0.8519,0.8596,0.7931,0.8921,23,43,14,4,0.7857,0.8519,0.7544,0.7187,0.8941,23,43,14,4,0.7857,0.8519,0.7544,0.7187,0.8863,24,45,12,3,0.8214,0.8889,0.7895,0.7619,0.8902,23,46,11,4,0.8214,0.8519,0.807,0.7541,0.8863,16,59,3,8,0.8721,0.6667,0.9516,0.7442,0.8468,16,57,5,8,0.8488,0.6667,0.9194,0.7111,0.7977,16,56,6,8,0.8372,0.6667,0.9032,0.6957,0.8481,16,56,6,8,0.8372,0.6667,0.9032,0.6957,0.8878,16,57,5,8,0.8488,0.6667,0.9194,0.7111,0.8508
793,28,44,16,11,0.7273,0.7179,0.7333,0.6747,0.7667,25,46,14,14,0.7172,0.641,0.7667,0.641,0.7581,26,44,16,13,0.7071,0.6667,0.7333,0.642,0.7291,28,46,14,11,0.7475,0.7179,0.7667,0.6914,0.7833,26,46,14,13,0.7273,0.6667,0.7667,0.6582,0.7855,22,71,2,7,0.9118,0.7586,0.9726,0.8302,0.8909,22,71,2,7,0.9118,0.7586,0.9726,0.8302,0.8961,21,69,4,8,0.8824,0.7241,0.9452,0.7778,0.8748,21,71,2,8,0.902,0.7241,0.9726,0.8077,0.8928,21,68,5,8,0.8725,0.7241,0.9315,0.7636,0.8838,30,41,2,11,0.8452,0.7317,0.9535,0.8219,0.8746,30,38,5,11,0.8095,0.7317,0.8837,0.7895,0.9217,30,35,8,11,0.7738,0.7317,0.814,0.7595,0.8786,31,38,5,10,0.8214,0.7561,0.8837,0.8052,0.9172,30,35,8,11,0.7738,0.7317,0.814,0.7595,0.886,23,57,5,1,0.9302,0.9583,0.9194,0.8846,0.9422,21,57,5,3,0.907,0.875,0.9194,0.84,0.9375,23,55,7,1,0.907,0.9583,0.8871,0.8519,0.9328,21,55,7,3,0.8837,0.875,0.8871,0.8077,0.9435,23,57,5,1,0.9302,0.9583,0.9194,0.8846,0.9241
794,25,54,11,9,0.798,0.7353,0.8308,0.7143,0.8412,24,56,9,10,0.8081,0.7059,0.8615,0.7164,0.8661,23,54,11,11,0.7778,0.6765,0.8308,0.6765,0.8412,25,56,9,9,0.8182,0.7353,0.8615,0.7353,0.8344,23,55,10,11,0.7879,0.6765,0.8462,0.6866,0.8738,25,68,4,5,0.9118,0.8333,0.9444,0.8475,0.8861,26,70,2,4,0.9412,0.8667,0.9722,0.8966,0.8889,21,67,5,9,0.8627,0.7,0.9306,0.75,0.8574,20,70,2,10,0.8824,0.6667,0.9722,0.7692,0.8704,21,67,5,9,0.8627,0.7,0.9306,0.75,0.8764,15,47,5,17,0.7381,0.4688,0.9038,0.5769,0.768,15,48,4,17,0.75,0.4688,0.9231,0.5882,0.8588,18,45,7,14,0.75,0.5625,0.8654,0.6316,0.8257,17,48,4,15,0.7738,0.5312,0.9231,0.6415,0.8389,18,46,6,14,0.7619,0.5625,0.8846,0.6429,0.86,24,56,5,1,0.9302,0.96,0.918,0.8889,0.9416,22,55,6,3,0.8953,0.88,0.9016,0.8302,0.9515,24,53,8,1,0.8953,0.96,0.8689,0.8421,0.937,22,53,8,3,0.8721,0.88,0.8689,0.8,0.9482,24,55,6,1,0.9186,0.96,0.9016,0.8727,0.9305
795,25,51,14,9,0.7677,0.7353,0.7846,0.6849,0.8249,23,56,9,11,0.798,0.6765,0.8615,0.697,0.886,24,52,13,10,0.7677,0.7059,0.8,0.6761,0.8231,25,56,9,9,0.8182,0.7353,0.8615,0.7353,0.8276,24,54,11,10,0.7879,0.7059,0.8308,0.6957,0.8688,18,74,6,4,0.902,0.8182,0.925,0.7826,0.9011,20,72,8,2,0.902,0.9091,0.9,0.8,0.8977,17,70,10,5,0.8529,0.7727,0.875,0.6939,0.8795,16,74,6,6,0.8824,0.7273,0.925,0.7273,0.8869,17,67,13,5,0.8235,0.7727,0.8375,0.6538,0.9045,24,47,4,9,0.8452,0.7273,0.9216,0.7869,0.8734,25,37,14,8,0.7381,0.7576,0.7255,0.6944,0.8503,25,37,14,8,0.7381,0.7576,0.7255,0.6944,0.8532,26,40,11,7,0.7857,0.7879,0.7843,0.7429,0.8663,25,40,11,8,0.7738,0.7576,0.7843,0.7246,0.8479,20,57,3,6,0.8953,0.7692,0.95,0.8163,0.9199,19,57,3,7,0.8837,0.7308,0.95,0.7917,0.8974,20,56,4,6,0.8837,0.7692,0.9333,0.8,0.9032,19,56,4,7,0.8721,0.7308,0.9333,0.7755,0.9231,20,57,3,6,0.8953,0.7692,0.95,0.8163,0.9103
796,22,50,13,14,0.7273,0.6111,0.7937,0.6197,0.7703,21,52,11,15,0.7374,0.5833,0.8254,0.6176,0.8161,21,51,12,15,0.7273,0.5833,0.8095,0.6087,0.7579,22,52,11,14,0.7475,0.6111,0.8254,0.6377,0.7604,21,51,12,15,0.7273,0.5833,0.8095,0.6087,0.7954,13,71,3,15,0.8235,0.4643,0.9595,0.5909,0.7379,16,72,2,12,0.8627,0.5714,0.973,0.6957,0.7814,12,70,4,16,0.8039,0.4286,0.9459,0.5455,0.737,10,72,2,18,0.8039,0.3571,0.973,0.5,0.7529,12,67,7,16,0.7745,0.4286,0.9054,0.5106,0.75,23,53,4,4,0.9048,0.8519,0.9298,0.8519,0.9227,24,43,14,3,0.7976,0.8889,0.7544,0.7385,0.9467,24,38,19,3,0.7381,0.8889,0.6667,0.6857,0.9012,24,48,9,3,0.8571,0.8889,0.8421,0.8,0.9422,24,42,15,3,0.7857,0.8889,0.7368,0.7273,0.9012,30,49,3,4,0.9186,0.8824,0.9423,0.8955,0.9383,30,49,3,4,0.9186,0.8824,0.9423,0.8955,0.9225,30,49,3,4,0.9186,0.8824,0.9423,0.8955,0.927,30,49,3,4,0.9186,0.8824,0.9423,0.8955,0.9531,30,49,3,4,0.9186,0.8824,0.9423,0.8955,0.9287
797,28,56,10,5,0.8485,0.8485,0.8485,0.7887,0.8976,26,61,5,7,0.8788,0.7879,0.9242,0.8125,0.932,27,57,9,6,0.8485,0.8182,0.8636,0.7826,0.8907,28,61,5,5,0.899,0.8485,0.9242,0.8485,0.8923,27,55,11,6,0.8283,0.8182,0.8333,0.7606,0.9224,17,72,7,6,0.8725,0.7391,0.9114,0.7234,0.8332,19,72,7,4,0.8922,0.8261,0.9114,0.7755,0.8927,13,69,10,10,0.8039,0.5652,0.8734,0.5652,0.8178,13,75,4,10,0.8627,0.5652,0.9494,0.65,0.874,13,68,11,10,0.7941,0.5652,0.8608,0.5532,0.8564,25,40,7,12,0.7738,0.6757,0.8511,0.7246,0.8315,23,37,10,14,0.7143,0.6216,0.7872,0.6571,0.8292,24,33,14,13,0.6786,0.6486,0.7021,0.64,0.8263,25,39,8,12,0.7619,0.6757,0.8298,0.7143,0.8539,24,36,11,13,0.7143,0.6486,0.766,0.6667,0.8229,26,54,5,1,0.9302,0.963,0.9153,0.8966,0.9247,26,52,7,1,0.907,0.963,0.8814,0.8667,0.9404,26,50,9,1,0.8837,0.963,0.8475,0.8387,0.924,26,50,9,1,0.8837,0.963,0.8475,0.8387,0.9278,26,52,7,1,0.907,0.963,0.8814,0.8667,0.9253
798,25,51,12,11,0.7677,0.6944,0.8095,0.6849,0.8426,22,58,5,14,0.8081,0.6111,0.9206,0.6984,0.8399,24,49,14,12,0.7374,0.6667,0.7778,0.6486,0.8501,25,58,5,11,0.8384,0.6944,0.9206,0.7576,0.8452,24,56,7,12,0.8081,0.6667,0.8889,0.7164,0.8589,17,76,3,6,0.9118,0.7391,0.962,0.7907,0.8751,19,76,3,4,0.9314,0.8261,0.962,0.8444,0.8586,18,72,7,5,0.8824,0.7826,0.9114,0.75,0.8564,16,76,3,7,0.902,0.6957,0.962,0.7619,0.8619,18,70,9,5,0.8627,0.7826,0.8861,0.72,0.8591,22,45,7,10,0.7976,0.6875,0.8654,0.7213,0.7963,21,42,10,11,0.75,0.6562,0.8077,0.6667,0.8419,22,40,12,10,0.7381,0.6875,0.7692,0.6667,0.8059,24,43,9,8,0.7976,0.75,0.8269,0.7385,0.8311,22,42,10,10,0.7619,0.6875,0.8077,0.6875,0.8431,21,59,5,1,0.9302,0.9545,0.9219,0.875,0.9467,19,59,5,3,0.907,0.8636,0.9219,0.8261,0.9496,21,58,6,1,0.9186,0.9545,0.9062,0.8571,0.9553,19,58,6,3,0.8953,0.8636,0.9062,0.8085,0.9581,21,59,5,1,0.9302,0.9545,0.9219,0.875,0.9411
799,29,52,13,5,0.8182,0.8529,0.8,0.7632,0.8778,22,55,10,12,0.7778,0.6471,0.8462,0.6667,0.8828,28,50,15,6,0.7879,0.8235,0.7692,0.7273,0.8548,29,55,10,5,0.8485,0.8529,0.8462,0.7945,0.8633,28,53,12,6,0.8182,0.8235,0.8154,0.7568,0.9086,16,76,2,8,0.902,0.6667,0.9744,0.7619,0.8296,19,77,1,5,0.9412,0.7917,0.9872,0.8636,0.8355,14,78,0,10,0.902,0.5833,1.0,0.7368,0.812,13,77,1,11,0.8824,0.5417,0.9872,0.6842,0.828,14,76,2,10,0.8824,0.5833,0.9744,0.7,0.8408,20,53,5,6,0.869,0.7692,0.9138,0.7843,0.8906,19,43,15,7,0.7381,0.7308,0.7414,0.6333,0.8634,20,41,17,6,0.7262,0.7692,0.7069,0.6349,0.8548,20,46,12,6,0.7857,0.7692,0.7931,0.6897,0.8773,20,44,14,6,0.7619,0.7692,0.7586,0.6667,0.878,29,49,4,4,0.907,0.8788,0.9245,0.8788,0.9302,25,49,4,8,0.8605,0.7576,0.9245,0.8065,0.9302,29,48,5,4,0.8953,0.8788,0.9057,0.8657,0.9302,25,48,5,8,0.8488,0.7576,0.9057,0.7937,0.9394,29,49,4,4,0.907,0.8788,0.9245,0.8788,0.9274
800,20,57,9,13,0.7778,0.6061,0.8636,0.6452,0.8214,20,61,5,13,0.8182,0.6061,0.9242,0.6897,0.8572,19,56,10,14,0.7576,0.5758,0.8485,0.6129,0.8136,20,61,5,13,0.8182,0.6061,0.9242,0.6897,0.8017,19,59,7,14,0.7879,0.5758,0.8939,0.6441,0.8219,22,66,6,8,0.8627,0.7333,0.9167,0.7586,0.8532,23,66,6,7,0.8725,0.7667,0.9167,0.7797,0.8509,19,64,8,11,0.8137,0.6333,0.8889,0.6667,0.8245,18,69,3,12,0.8529,0.6,0.9583,0.7059,0.856,19,63,9,11,0.8039,0.6333,0.875,0.6552,0.8319,19,46,9,10,0.7738,0.6552,0.8364,0.6667,0.7956,17,47,8,12,0.7619,0.5862,0.8545,0.6296,0.8539,18,40,15,11,0.6905,0.6207,0.7273,0.5806,0.8132,17,46,9,12,0.75,0.5862,0.8364,0.6182,0.852,18,43,12,11,0.7262,0.6207,0.7818,0.6102,0.8439,23,58,3,2,0.9419,0.92,0.9508,0.902,0.9436,23,57,4,2,0.9302,0.92,0.9344,0.8846,0.9403,23,55,6,2,0.907,0.92,0.9016,0.8519,0.9449,23,55,6,2,0.907,0.92,0.9016,0.8519,0.9646,23,57,4,2,0.9302,0.92,0.9344,0.8846,0.9384
801,29,50,10,10,0.798,0.7436,0.8333,0.7436,0.8368,24,52,8,15,0.7677,0.6154,0.8667,0.6761,0.8534,25,51,9,14,0.7677,0.641,0.85,0.6849,0.8256,29,52,8,10,0.8182,0.7436,0.8667,0.7632,0.8295,25,52,8,14,0.7778,0.641,0.8667,0.6944,0.8795,14,74,2,12,0.8627,0.5385,0.9737,0.6667,0.7637,15,71,5,11,0.8431,0.5769,0.9342,0.6522,0.836,14,70,6,12,0.8235,0.5385,0.9211,0.6087,0.7778,14,71,5,12,0.8333,0.5385,0.9342,0.6222,0.8209,14,67,9,12,0.7941,0.5385,0.8816,0.5714,0.8016,15,49,8,12,0.7619,0.5556,0.8596,0.6,0.7823,16,39,18,11,0.6548,0.5926,0.6842,0.5246,0.796,17,36,21,10,0.631,0.6296,0.6316,0.5231,0.7355,16,43,14,11,0.7024,0.5926,0.7544,0.5614,0.7934,17,41,16,10,0.6905,0.6296,0.7193,0.5667,0.7713,15,62,4,5,0.8953,0.75,0.9394,0.7692,0.8439,15,58,8,5,0.8488,0.75,0.8788,0.6977,0.8,15,56,10,5,0.8256,0.75,0.8485,0.6667,0.8583,15,56,10,5,0.8256,0.75,0.8485,0.6667,0.8788,15,58,8,5,0.8488,0.75,0.8788,0.6977,0.8455
802,26,43,19,11,0.697,0.7027,0.6935,0.6341,0.833,21,49,13,16,0.7071,0.5676,0.7903,0.5915,0.8383,24,44,18,13,0.6869,0.6486,0.7097,0.6076,0.8317,26,49,13,11,0.7576,0.7027,0.7903,0.6842,0.8352,24,47,15,13,0.7172,0.6486,0.7581,0.6316,0.8561,14,76,4,8,0.8824,0.6364,0.95,0.7,0.8295,15,74,6,7,0.8725,0.6818,0.925,0.6977,0.8278,14,74,6,8,0.8627,0.6364,0.925,0.6667,0.8051,14,74,6,8,0.8627,0.6364,0.925,0.6667,0.8369,14,71,9,8,0.8333,0.6364,0.8875,0.6222,0.8233,27,41,7,9,0.8095,0.75,0.8542,0.7714,0.8866,27,39,9,9,0.7857,0.75,0.8125,0.75,0.8935,28,36,12,8,0.7619,0.7778,0.75,0.7368,0.8704,27,39,9,9,0.7857,0.75,0.8125,0.75,0.8935,28,38,10,8,0.7857,0.7778,0.7917,0.7568,0.8883,27,49,6,4,0.8837,0.871,0.8909,0.8438,0.9073,27,49,6,4,0.8837,0.871,0.8909,0.8438,0.9185,27,48,7,4,0.8721,0.871,0.8727,0.8308,0.895,27,48,7,4,0.8721,0.871,0.8727,0.8308,0.9085,27,49,6,4,0.8837,0.871,0.8909,0.8438,0.9079
803,29,38,17,15,0.6768,0.6591,0.6909,0.6444,0.7897,23,47,8,21,0.7071,0.5227,0.8545,0.6133,0.7781,24,39,16,20,0.6364,0.5455,0.7091,0.5714,0.7533,29,47,8,15,0.7677,0.6591,0.8545,0.716,0.8002,24,44,11,20,0.6869,0.5455,0.8,0.6076,0.8054,19,72,6,5,0.8922,0.7917,0.9231,0.7755,0.8697,19,67,11,5,0.8431,0.7917,0.859,0.7037,0.8408,18,70,8,6,0.8627,0.75,0.8974,0.72,0.8515,18,69,9,6,0.8529,0.75,0.8846,0.7059,0.8611,18,65,13,6,0.8137,0.75,0.8333,0.6545,0.8408,18,49,10,7,0.7976,0.72,0.8305,0.6792,0.7736,17,42,17,8,0.7024,0.68,0.7119,0.5763,0.8061,17,36,23,8,0.631,0.68,0.6102,0.5231,0.7803,17,42,17,8,0.7024,0.68,0.7119,0.5763,0.8088,17,43,16,8,0.7143,0.68,0.7288,0.5862,0.7878,12,67,1,6,0.9186,0.6667,0.9853,0.7742,0.8007,12,66,2,6,0.907,0.6667,0.9706,0.75,0.7647,12,61,7,6,0.8488,0.6667,0.8971,0.6486,0.8137,12,61,7,6,0.8488,0.6667,0.8971,0.6486,0.8791,12,66,2,6,0.907,0.6667,0.9706,0.75,0.8292
804,24,49,19,7,0.7374,0.7742,0.7206,0.6486,0.8093,22,53,15,9,0.7576,0.7097,0.7794,0.6471,0.7903,23,48,20,8,0.7172,0.7419,0.7059,0.6216,0.7633,24,53,15,7,0.7778,0.7742,0.7794,0.6857,0.7984,23,50,18,8,0.7374,0.7419,0.7353,0.6389,0.8031,24,63,4,11,0.8529,0.6857,0.9403,0.7619,0.864,26,63,4,9,0.8725,0.7429,0.9403,0.8,0.8776,22,63,4,13,0.8333,0.6286,0.9403,0.7213,0.8337,21,65,2,14,0.8431,0.6,0.9701,0.7241,0.8674,22,62,5,13,0.8235,0.6286,0.9254,0.7097,0.8443,19,51,3,11,0.8333,0.6333,0.9444,0.7308,0.8235,19,46,8,11,0.7738,0.6333,0.8519,0.6667,0.8679,21,43,11,9,0.7619,0.7,0.7963,0.6774,0.8574,19,47,7,11,0.7857,0.6333,0.8704,0.6786,0.8691,21,46,8,9,0.7976,0.7,0.8519,0.7119,0.8562,21,59,3,3,0.9302,0.875,0.9516,0.875,0.9388,21,59,3,3,0.9302,0.875,0.9516,0.875,0.9328,21,58,4,3,0.9186,0.875,0.9355,0.8571,0.9415,21,58,4,3,0.9186,0.875,0.9355,0.8571,0.9624,21,59,3,3,0.9302,0.875,0.9516,0.875,0.9368
805,24,52,14,9,0.7677,0.7273,0.7879,0.6761,0.8173,24,57,9,9,0.8182,0.7273,0.8636,0.7273,0.8457,23,53,13,10,0.7677,0.697,0.803,0.6667,0.8076,24,57,9,9,0.8182,0.7273,0.8636,0.7273,0.8189,23,55,11,10,0.7879,0.697,0.8333,0.6866,0.8471,15,76,6,5,0.8922,0.75,0.9268,0.7317,0.8348,15,80,2,5,0.9314,0.75,0.9756,0.8108,0.9061,15,77,5,5,0.902,0.75,0.939,0.75,0.8701,15,81,1,5,0.9412,0.75,0.9878,0.8333,0.8854,15,77,5,5,0.902,0.75,0.939,0.75,0.8982,21,44,9,10,0.7738,0.6774,0.8302,0.6885,0.7778,19,38,15,12,0.6786,0.6129,0.717,0.5846,0.7803,21,37,16,10,0.6905,0.6774,0.6981,0.6176,0.7748,20,43,10,11,0.75,0.6452,0.8113,0.6557,0.8022,21,38,15,10,0.7024,0.6774,0.717,0.6269,0.8065,22,63,0,1,0.9884,0.9565,1.0,0.9778,0.971,21,63,0,2,0.9767,0.913,1.0,0.9545,0.9579,22,62,1,1,0.9767,0.9565,0.9841,0.9565,0.9793,21,62,1,2,0.9651,0.913,0.9841,0.9333,0.9827,22,63,0,1,0.9884,0.9565,1.0,0.9778,0.9683
806,29,54,10,6,0.8384,0.8286,0.8438,0.7838,0.879,25,55,9,10,0.8081,0.7143,0.8594,0.7246,0.8741,28,53,11,7,0.8182,0.8,0.8281,0.7568,0.8509,29,55,9,6,0.8485,0.8286,0.8594,0.7945,0.8879,28,54,10,7,0.8283,0.8,0.8438,0.7671,0.8955,18,67,8,9,0.8333,0.6667,0.8933,0.6792,0.8469,21,71,4,6,0.902,0.7778,0.9467,0.8077,0.8528,19,67,8,8,0.8431,0.7037,0.8933,0.7037,0.84,17,71,4,10,0.8627,0.6296,0.9467,0.7083,0.8454,19,65,10,8,0.8235,0.7037,0.8667,0.6786,0.8474,20,47,5,12,0.7976,0.625,0.9038,0.7018,0.8275,21,39,13,11,0.7143,0.6562,0.75,0.6364,0.8798,25,35,17,7,0.7143,0.7812,0.6731,0.6757,0.8281,22,41,11,10,0.75,0.6875,0.7885,0.6769,0.8672,25,42,10,7,0.7976,0.7812,0.8077,0.7463,0.8582,27,54,3,2,0.9419,0.931,0.9474,0.9153,0.977,26,51,6,3,0.8953,0.8966,0.8947,0.8525,0.9758,27,51,6,2,0.907,0.931,0.8947,0.871,0.9577,26,51,6,3,0.8953,0.8966,0.8947,0.8525,0.9716,27,51,6,2,0.907,0.931,0.8947,0.871,0.9607
807,28,53,11,7,0.8182,0.8,0.8281,0.7568,0.8339,21,56,8,14,0.7778,0.6,0.875,0.6562,0.8616,23,52,12,12,0.7576,0.6571,0.8125,0.6571,0.8281,28,56,8,7,0.8485,0.8,0.875,0.7887,0.8438,23,54,10,12,0.7778,0.6571,0.8438,0.6765,0.8723,19,69,3,11,0.8627,0.6333,0.9583,0.7308,0.8106,23,67,5,7,0.8824,0.7667,0.9306,0.7931,0.8486,18,65,7,12,0.8137,0.6,0.9028,0.6545,0.7829,18,68,4,12,0.8431,0.6,0.9444,0.6923,0.8315,18,60,12,12,0.7647,0.6,0.8333,0.6,0.8181,25,47,6,6,0.8571,0.8065,0.8868,0.8065,0.9038,23,41,12,8,0.7619,0.7419,0.7736,0.697,0.8868,25,40,13,6,0.7738,0.8065,0.7547,0.7246,0.8789,24,43,10,7,0.7976,0.7742,0.8113,0.7385,0.8941,25,43,10,6,0.8095,0.8065,0.8113,0.7576,0.8856,23,53,5,5,0.8837,0.8214,0.9138,0.8214,0.8947,22,52,6,6,0.8605,0.7857,0.8966,0.7857,0.8627,23,50,8,5,0.8488,0.8214,0.8621,0.7797,0.8947,22,50,8,6,0.8372,0.7857,0.8621,0.7586,0.9101,23,52,6,5,0.8721,0.8214,0.8966,0.807,0.8787
808,21,61,9,8,0.8283,0.7241,0.8714,0.7119,0.8828,19,64,6,10,0.8384,0.6552,0.9143,0.7037,0.8892,19,63,7,10,0.8283,0.6552,0.9,0.6909,0.8557,21,64,6,8,0.8586,0.7241,0.9143,0.75,0.8709,19,64,6,10,0.8384,0.6552,0.9143,0.7037,0.8719,18,76,3,5,0.9216,0.7826,0.962,0.8182,0.9152,19,77,2,4,0.9412,0.8261,0.9747,0.8636,0.8993,18,78,1,5,0.9412,0.7826,0.9873,0.8571,0.8932,17,77,2,6,0.9216,0.7391,0.9747,0.8095,0.8894,18,75,4,5,0.9118,0.7826,0.9494,0.8,0.8949,23,45,10,6,0.8095,0.7931,0.8182,0.7419,0.8288,23,43,12,6,0.7857,0.7931,0.7818,0.7188,0.8671,23,36,19,6,0.7024,0.7931,0.6545,0.6479,0.827,23,44,11,6,0.7976,0.7931,0.8,0.7302,0.8809,23,39,16,6,0.7381,0.7931,0.7091,0.6765,0.8483,26,53,3,4,0.9186,0.8667,0.9464,0.8814,0.9625,26,52,4,4,0.907,0.8667,0.9286,0.8667,0.9625,26,52,4,4,0.907,0.8667,0.9286,0.8667,0.9298,26,52,4,4,0.907,0.8667,0.9286,0.8667,0.9643,26,52,4,4,0.907,0.8667,0.9286,0.8667,0.9565
809,25,55,8,11,0.8081,0.6944,0.873,0.7246,0.8717,22,59,4,14,0.8182,0.6111,0.9365,0.7097,0.8805,25,55,8,11,0.8081,0.6944,0.873,0.7246,0.862,25,59,4,11,0.8485,0.6944,0.9365,0.7692,0.8483,25,57,6,11,0.8283,0.6944,0.9048,0.7463,0.8832,16,77,4,5,0.9118,0.7619,0.9506,0.7805,0.8718,17,78,3,4,0.9314,0.8095,0.963,0.8293,0.9253,14,77,4,7,0.8922,0.6667,0.9506,0.7179,0.876,14,79,2,7,0.9118,0.6667,0.9753,0.7568,0.8983,14,74,7,7,0.8627,0.6667,0.9136,0.6667,0.8912,18,50,4,12,0.8095,0.6,0.9259,0.6923,0.8599,19,46,8,11,0.7738,0.6333,0.8519,0.6667,0.8475,19,43,11,11,0.7381,0.6333,0.7963,0.6333,0.8772,21,47,7,9,0.8095,0.7,0.8704,0.7241,0.879,19,47,7,11,0.7857,0.6333,0.8704,0.6786,0.866,24,57,5,0,0.9419,1.0,0.9194,0.9057,0.9711,22,56,6,2,0.907,0.9167,0.9032,0.8462,0.9637,24,56,6,0,0.9302,1.0,0.9032,0.8889,0.9718,22,56,6,2,0.907,0.9167,0.9032,0.8462,0.9684,24,56,6,0,0.9302,1.0,0.9032,0.8889,0.959
810,24,52,13,10,0.7677,0.7059,0.8,0.6761,0.7869,22,53,12,12,0.7576,0.6471,0.8154,0.6471,0.7828,20,51,14,14,0.7172,0.5882,0.7846,0.5882,0.762,24,53,12,10,0.7778,0.7059,0.8154,0.6857,0.7638,20,52,13,14,0.7273,0.5882,0.8,0.597,0.7955,23,68,4,7,0.8922,0.7667,0.9444,0.807,0.9157,26,66,6,4,0.902,0.8667,0.9167,0.8387,0.9412,23,66,6,7,0.8725,0.7667,0.9167,0.7797,0.9171,22,68,4,8,0.8824,0.7333,0.9444,0.7857,0.9347,23,65,7,7,0.8627,0.7667,0.9028,0.7667,0.9218,27,48,2,7,0.8929,0.7941,0.96,0.8571,0.8982,27,38,12,7,0.7738,0.7941,0.76,0.7397,0.8412,27,40,10,7,0.7976,0.7941,0.8,0.7606,0.8871,27,43,7,7,0.8333,0.7941,0.86,0.7941,0.8794,27,43,7,7,0.8333,0.7941,0.86,0.7941,0.8847,15,58,9,4,0.8488,0.7895,0.8657,0.6977,0.8405,15,56,11,4,0.8256,0.7895,0.8358,0.6667,0.8099,15,55,12,4,0.814,0.7895,0.8209,0.6522,0.8515,15,55,12,4,0.814,0.7895,0.8209,0.6522,0.8594,15,56,11,4,0.8256,0.7895,0.8358,0.6667,0.8405
811,24,48,12,15,0.7273,0.6154,0.8,0.64,0.7756,24,51,9,15,0.7576,0.6154,0.85,0.6667,0.7726,22,48,12,17,0.7071,0.5641,0.8,0.6027,0.7675,24,51,9,15,0.7576,0.6154,0.85,0.6667,0.7543,22,48,12,17,0.7071,0.5641,0.8,0.6027,0.7979,24,62,5,11,0.8431,0.6857,0.9254,0.75,0.9173,28,63,4,7,0.8922,0.8,0.9403,0.8358,0.8994,27,57,10,8,0.8235,0.7714,0.8507,0.75,0.8793,23,64,3,12,0.8529,0.6571,0.9552,0.7541,0.9023,27,56,11,8,0.8137,0.7714,0.8358,0.7397,0.8968,22,49,5,8,0.8452,0.7333,0.9074,0.7719,0.8562,19,45,9,11,0.7619,0.6333,0.8333,0.6552,0.866,20,42,12,10,0.7381,0.6667,0.7778,0.6452,0.8444,20,48,6,10,0.8095,0.6667,0.8889,0.7143,0.8759,20,47,7,10,0.7976,0.6667,0.8704,0.7018,0.8543,24,53,5,4,0.8953,0.8571,0.9138,0.8421,0.8787,23,53,5,5,0.8837,0.8214,0.9138,0.8214,0.8411,24,51,7,4,0.8721,0.8571,0.8793,0.8136,0.8873,23,51,7,5,0.8605,0.8214,0.8793,0.7931,0.9015,24,53,5,4,0.8953,0.8571,0.9138,0.8421,0.8695
812,30,49,13,7,0.798,0.8108,0.7903,0.75,0.8662,29,52,10,8,0.8182,0.7838,0.8387,0.7632,0.8553,30,46,16,7,0.7677,0.8108,0.7419,0.7229,0.8413,30,52,10,7,0.8283,0.8108,0.8387,0.7792,0.8548,30,51,11,7,0.8182,0.8108,0.8226,0.7692,0.8714,17,73,6,6,0.8824,0.7391,0.9241,0.7391,0.8409,18,74,5,5,0.902,0.7826,0.9367,0.7826,0.8184,13,72,7,10,0.8333,0.5652,0.9114,0.6047,0.7997,13,76,3,10,0.8725,0.5652,0.962,0.6667,0.8261,13,69,10,10,0.8039,0.5652,0.8734,0.5652,0.8096,16,49,7,12,0.7738,0.5714,0.875,0.6275,0.7672,16,41,15,12,0.6786,0.5714,0.7321,0.5424,0.8304,19,43,13,9,0.7381,0.6786,0.7679,0.6333,0.7736,16,46,10,12,0.7381,0.5714,0.8214,0.5926,0.7966,19,43,13,9,0.7381,0.6786,0.7679,0.6333,0.8093,21,55,7,3,0.8837,0.875,0.8871,0.8077,0.8495,21,53,9,3,0.8605,0.875,0.8548,0.7778,0.8454,21,52,10,3,0.8488,0.875,0.8387,0.7636,0.875,21,52,10,3,0.8488,0.875,0.8387,0.7636,0.8831,21,53,9,3,0.8605,0.875,0.8548,0.7778,0.8595
813,25,49,12,13,0.7475,0.6579,0.8033,0.6667,0.7959,24,51,10,14,0.7576,0.6316,0.8361,0.6667,0.7895,24,46,15,14,0.7071,0.6316,0.7541,0.6234,0.7765,25,51,10,13,0.7677,0.6579,0.8361,0.6849,0.786,24,49,12,14,0.7374,0.6316,0.8033,0.6486,0.8136,21,70,6,5,0.8922,0.8077,0.9211,0.7925,0.8947,21,70,6,5,0.8922,0.8077,0.9211,0.7925,0.9408,18,66,10,8,0.8235,0.6923,0.8684,0.6667,0.9038,18,71,5,8,0.8725,0.6923,0.9342,0.7347,0.9312,18,66,10,8,0.8235,0.6923,0.8684,0.6667,0.9155,20,47,4,13,0.7976,0.6061,0.9216,0.7018,0.839,19,42,9,14,0.7262,0.5758,0.8235,0.623,0.8342,20,40,11,13,0.7143,0.6061,0.7843,0.625,0.8419,21,43,8,12,0.7619,0.6364,0.8431,0.6774,0.8449,20,41,10,13,0.7262,0.6061,0.8039,0.6349,0.8556,21,55,7,3,0.8837,0.875,0.8871,0.8077,0.9059,20,55,7,4,0.8721,0.8333,0.8871,0.7843,0.8925,21,55,7,3,0.8837,0.875,0.8871,0.8077,0.9133,20,55,7,4,0.8721,0.8333,0.8871,0.7843,0.9234,21,55,7,3,0.8837,0.875,0.8871,0.8077,0.8804
814,24,49,12,14,0.7374,0.6316,0.8033,0.6486,0.8162,23,54,7,15,0.7778,0.6053,0.8852,0.6765,0.8421,23,47,14,15,0.7071,0.6053,0.7705,0.6133,0.7959,24,54,7,14,0.7879,0.6316,0.8852,0.6957,0.8057,23,51,10,15,0.7475,0.6053,0.8361,0.6479,0.8369,15,78,4,5,0.9118,0.75,0.9512,0.7692,0.9165,18,75,7,2,0.9118,0.9,0.9146,0.8,0.8963,16,75,7,4,0.8922,0.8,0.9146,0.7442,0.8951,14,77,5,6,0.8922,0.7,0.939,0.7179,0.9049,16,75,7,4,0.8922,0.8,0.9146,0.7442,0.9,24,45,7,8,0.8214,0.75,0.8654,0.7619,0.8239,23,39,13,9,0.7381,0.7188,0.75,0.6765,0.8335,25,40,12,7,0.7738,0.7812,0.7692,0.7246,0.8293,23,42,10,9,0.7738,0.7188,0.8077,0.7077,0.8407,25,41,11,7,0.7857,0.7812,0.7885,0.7353,0.8305,30,49,5,2,0.9186,0.9375,0.9074,0.8955,0.9462,29,48,6,3,0.8953,0.9062,0.8889,0.8657,0.9392,30,46,8,2,0.8837,0.9375,0.8519,0.8571,0.9485,29,46,8,3,0.8721,0.9062,0.8519,0.8406,0.9479,30,48,6,2,0.907,0.9375,0.8889,0.8824,0.9427
815,22,53,17,7,0.7576,0.7586,0.7571,0.6471,0.8527,20,62,8,9,0.8283,0.6897,0.8857,0.7018,0.8458,21,55,15,8,0.7677,0.7241,0.7857,0.6462,0.8202,22,62,8,7,0.8485,0.7586,0.8857,0.7458,0.8433,21,58,12,8,0.798,0.7241,0.8286,0.6774,0.8749,21,69,8,4,0.8824,0.84,0.8961,0.7778,0.9086,22,70,7,3,0.902,0.88,0.9091,0.8148,0.9247,20,68,9,5,0.8627,0.8,0.8831,0.7407,0.9086,19,73,4,6,0.902,0.76,0.9481,0.7917,0.92,20,68,9,5,0.8627,0.8,0.8831,0.7407,0.9247,19,51,6,8,0.8333,0.7037,0.8947,0.7308,0.8804,20,45,12,7,0.7738,0.7407,0.7895,0.678,0.8739,20,42,15,7,0.7381,0.7407,0.7368,0.6452,0.8577,22,47,10,5,0.8214,0.8148,0.8246,0.7458,0.8882,20,45,12,7,0.7738,0.7407,0.7895,0.678,0.8596,19,63,1,3,0.9535,0.8636,0.9844,0.9048,0.9702,17,63,1,5,0.9302,0.7727,0.9844,0.85,0.9723,19,62,2,3,0.9419,0.8636,0.9688,0.8837,0.9489,17,62,2,5,0.9186,0.7727,0.9688,0.8293,0.973,19,63,1,3,0.9535,0.8636,0.9844,0.9048,0.978
816,29,51,14,5,0.8081,0.8529,0.7846,0.7532,0.8661,27,55,10,7,0.8283,0.7941,0.8462,0.7606,0.8765,28,51,14,6,0.798,0.8235,0.7846,0.7368,0.8394,29,55,10,5,0.8485,0.8529,0.8462,0.7945,0.8509,28,55,10,6,0.8384,0.8235,0.8462,0.7778,0.8828,12,80,3,7,0.902,0.6316,0.9639,0.7059,0.851,14,80,3,5,0.9216,0.7368,0.9639,0.7778,0.8465,11,78,5,8,0.8725,0.5789,0.9398,0.6286,0.8231,10,80,3,9,0.8824,0.5263,0.9639,0.625,0.8446,11,75,8,8,0.8431,0.5789,0.9036,0.5789,0.8237,18,44,8,14,0.7381,0.5625,0.8462,0.6207,0.8089,21,44,8,11,0.7738,0.6562,0.8462,0.6885,0.8221,22,38,14,10,0.7143,0.6875,0.7308,0.6471,0.8293,23,42,10,9,0.7738,0.7188,0.8077,0.7077,0.8486,22,40,12,10,0.7381,0.6875,0.7692,0.6667,0.8438,30,49,4,3,0.9186,0.9091,0.9245,0.8955,0.9022,29,47,6,4,0.8837,0.8788,0.8868,0.8529,0.9034,30,45,8,3,0.8721,0.9091,0.8491,0.8451,0.8931,29,45,8,4,0.8605,0.8788,0.8491,0.8286,0.9039,30,47,6,3,0.8953,0.9091,0.8868,0.8696,0.9039
817,28,58,9,4,0.8687,0.875,0.8657,0.8116,0.9179,23,61,6,9,0.8485,0.7188,0.9104,0.7541,0.903,27,58,9,5,0.8586,0.8438,0.8657,0.7941,0.8927,28,61,6,4,0.899,0.875,0.9104,0.8485,0.8986,27,59,8,5,0.8687,0.8438,0.8806,0.806,0.9137,10,75,4,13,0.8333,0.4348,0.9494,0.5405,0.7529,14,76,3,9,0.8824,0.6087,0.962,0.7,0.8035,11,74,5,12,0.8333,0.4783,0.9367,0.5641,0.7782,7,77,2,16,0.8235,0.3043,0.9747,0.4375,0.7771,11,73,6,12,0.8235,0.4783,0.9241,0.55,0.7655,18,47,8,11,0.7738,0.6207,0.8545,0.6545,0.7856,18,43,12,11,0.7262,0.6207,0.7818,0.6102,0.773,20,37,18,9,0.6786,0.6897,0.6727,0.597,0.7762,20,45,10,9,0.7738,0.6897,0.8182,0.678,0.785,20,43,12,9,0.75,0.6897,0.7818,0.6557,0.8157,18,59,7,2,0.8953,0.9,0.8939,0.8,0.9288,16,59,7,4,0.8721,0.8,0.8939,0.7442,0.9136,18,58,8,2,0.8837,0.9,0.8788,0.7826,0.9258,16,58,8,4,0.8605,0.8,0.8788,0.7273,0.9364,18,59,7,2,0.8953,0.9,0.8939,0.8,0.9197
818,34,43,11,11,0.7778,0.7556,0.7963,0.7556,0.884,29,46,8,16,0.7576,0.6444,0.8519,0.7073,0.9132,29,44,10,16,0.7374,0.6444,0.8148,0.6905,0.8815,34,46,8,11,0.8081,0.7556,0.8519,0.7816,0.8724,29,46,8,16,0.7576,0.6444,0.8519,0.7073,0.8947,22,72,4,4,0.9216,0.8462,0.9474,0.8462,0.9388,24,69,7,2,0.9118,0.9231,0.9079,0.8421,0.9135,23,70,6,3,0.9118,0.8846,0.9211,0.8364,0.918,21,69,7,5,0.8824,0.8077,0.9079,0.7778,0.9231,23,67,9,3,0.8824,0.8846,0.8816,0.7931,0.919,19,47,5,13,0.7857,0.5938,0.9038,0.6786,0.7957,17,43,9,15,0.7143,0.5312,0.8269,0.5862,0.7945,19,38,14,13,0.6786,0.5938,0.7308,0.5846,0.7873,17,45,7,15,0.7381,0.5312,0.8654,0.6071,0.8227,19,42,10,13,0.7262,0.5938,0.8077,0.623,0.8005,25,51,7,3,0.8837,0.8929,0.8793,0.8333,0.9175,24,50,8,4,0.8605,0.8571,0.8621,0.8,0.9206,25,50,8,3,0.8721,0.8929,0.8621,0.8197,0.9076,24,50,8,4,0.8605,0.8571,0.8621,0.8,0.915,25,50,8,3,0.8721,0.8929,0.8621,0.8197,0.9083
819,24,55,14,6,0.798,0.8,0.7971,0.7059,0.885,22,56,13,8,0.7879,0.7333,0.8116,0.6769,0.8609,23,54,15,7,0.7778,0.7667,0.7826,0.6765,0.8522,24,56,13,6,0.8081,0.8,0.8116,0.7164,0.8539,23,55,14,7,0.7879,0.7667,0.7971,0.6866,0.8942,26,65,2,9,0.8922,0.7429,0.9701,0.8254,0.8763,28,66,1,7,0.9216,0.8,0.9851,0.875,0.8618,25,64,3,10,0.8725,0.7143,0.9552,0.7937,0.8678,23,66,1,12,0.8725,0.6571,0.9851,0.7797,0.8699,25,62,5,10,0.8529,0.7143,0.9254,0.7692,0.8674,24,44,4,12,0.8095,0.6667,0.9167,0.75,0.86,25,42,6,11,0.7976,0.6944,0.875,0.7463,0.9115,27,39,9,9,0.7857,0.75,0.8125,0.75,0.8889,25,44,4,11,0.8214,0.6944,0.9167,0.7692,0.9126,27,42,6,9,0.8214,0.75,0.875,0.7826,0.9045,20,60,4,2,0.9302,0.9091,0.9375,0.8696,0.9489,20,60,4,2,0.9302,0.9091,0.9375,0.8696,0.9411,20,60,4,2,0.9302,0.9091,0.9375,0.8696,0.9276,20,60,4,2,0.9302,0.9091,0.9375,0.8696,0.9474,20,60,4,2,0.9302,0.9091,0.9375,0.8696,0.9396
820,27,49,13,10,0.7677,0.7297,0.7903,0.7013,0.8509,24,56,6,13,0.8081,0.6486,0.9032,0.7164,0.8588,23,50,12,14,0.7374,0.6216,0.8065,0.6389,0.8256,27,56,6,10,0.8384,0.7297,0.9032,0.7714,0.8474,23,54,8,14,0.7778,0.6216,0.871,0.6765,0.8666,27,62,7,6,0.8725,0.8182,0.8986,0.806,0.8735,28,61,8,5,0.8725,0.8485,0.8841,0.8116,0.9161,27,62,7,6,0.8725,0.8182,0.8986,0.806,0.8959,27,63,6,6,0.8824,0.8182,0.913,0.8182,0.9069,27,59,10,6,0.8431,0.8182,0.8551,0.7714,0.9012,15,50,9,10,0.7738,0.6,0.8475,0.6122,0.7647,15,47,12,10,0.7381,0.6,0.7966,0.5769,0.8325,15,45,14,10,0.7143,0.6,0.7627,0.5556,0.7878,17,49,10,8,0.7857,0.68,0.8305,0.6538,0.8156,15,50,9,10,0.7738,0.6,0.8475,0.6122,0.8102,23,55,5,3,0.907,0.8846,0.9167,0.8519,0.9147,22,53,7,4,0.8721,0.8462,0.8833,0.8,0.9199,23,52,8,3,0.8721,0.8846,0.8667,0.807,0.9058,22,52,8,4,0.8605,0.8462,0.8667,0.7857,0.9218,23,53,7,3,0.8837,0.8846,0.8833,0.8214,0.9224
821,29,56,7,7,0.8586,0.8056,0.8889,0.8056,0.8422,24,59,4,12,0.8384,0.6667,0.9365,0.75,0.8267,25,57,6,11,0.8283,0.6944,0.9048,0.7463,0.8214,29,59,4,7,0.8889,0.8056,0.9365,0.8406,0.8428,25,58,5,11,0.8384,0.6944,0.9206,0.7576,0.8567,17,77,2,6,0.9216,0.7391,0.9747,0.8095,0.858,17,74,5,6,0.8922,0.7391,0.9367,0.7556,0.8773,16,74,5,7,0.8824,0.6957,0.9367,0.7273,0.8525,16,75,4,7,0.8922,0.6957,0.9494,0.7442,0.8668,16,71,8,7,0.8529,0.6957,0.8987,0.6809,0.8619,26,45,6,7,0.8452,0.7879,0.8824,0.8,0.8485,24,38,13,9,0.7381,0.7273,0.7451,0.6857,0.8467,24,35,16,9,0.7024,0.7273,0.6863,0.6575,0.8384,24,40,11,9,0.7619,0.7273,0.7843,0.7059,0.8627,24,37,14,9,0.7262,0.7273,0.7255,0.6761,0.8455,19,59,5,3,0.907,0.8636,0.9219,0.8261,0.8871,18,58,6,4,0.8837,0.8182,0.9062,0.7826,0.8679,19,55,9,3,0.8605,0.8636,0.8594,0.76,0.8814,18,55,9,4,0.8488,0.8182,0.8594,0.7347,0.8991,19,58,6,3,0.8953,0.8636,0.9062,0.8085,0.875
822,25,48,17,9,0.7374,0.7353,0.7385,0.6579,0.8389,25,56,9,9,0.8182,0.7353,0.8615,0.7353,0.8805,23,50,15,11,0.7374,0.6765,0.7692,0.6389,0.8036,25,56,9,9,0.8182,0.7353,0.8615,0.7353,0.8416,23,55,10,11,0.7879,0.6765,0.8462,0.6866,0.8688,19,70,4,9,0.8725,0.6786,0.9459,0.7451,0.9416,25,72,2,3,0.951,0.8929,0.973,0.9091,0.9638,22,69,5,6,0.8922,0.7857,0.9324,0.8,0.9305,19,72,2,9,0.8922,0.6786,0.973,0.7755,0.959,22,68,6,6,0.8824,0.7857,0.9189,0.7857,0.93,22,48,7,7,0.8333,0.7586,0.8727,0.7586,0.8533,22,44,11,7,0.7857,0.7586,0.8,0.7097,0.8577,23,39,16,6,0.7381,0.7931,0.7091,0.6765,0.8345,23,43,12,6,0.7857,0.7931,0.7818,0.7188,0.8633,23,42,13,6,0.7738,0.7931,0.7636,0.7077,0.8583,23,57,3,3,0.9302,0.8846,0.95,0.8846,0.9109,23,57,3,3,0.9302,0.8846,0.95,0.8846,0.8782,23,56,4,3,0.9186,0.8846,0.9333,0.8679,0.95,23,56,4,3,0.9186,0.8846,0.9333,0.8679,0.95,23,57,3,3,0.9302,0.8846,0.95,0.8846,0.8891
823,19,51,20,9,0.7071,0.6786,0.7183,0.5672,0.7832,16,60,11,12,0.7677,0.5714,0.8451,0.5818,0.7812,17,52,19,11,0.697,0.6071,0.7324,0.5312,0.7379,19,60,11,9,0.798,0.6786,0.8451,0.6552,0.7872,17,56,15,11,0.7374,0.6071,0.7887,0.5667,0.7993,19,76,1,6,0.9314,0.76,0.987,0.8444,0.8681,19,72,5,6,0.8922,0.76,0.9351,0.7755,0.8587,16,71,6,9,0.8529,0.64,0.9221,0.6809,0.8364,16,73,4,9,0.8725,0.64,0.9481,0.7111,0.8535,16,70,7,9,0.8431,0.64,0.9091,0.6667,0.8436,26,45,2,11,0.8452,0.7027,0.9574,0.8,0.8637,26,37,10,11,0.75,0.7027,0.7872,0.7123,0.8764,27,35,12,10,0.7381,0.7297,0.7447,0.7105,0.8516,27,37,10,10,0.7619,0.7297,0.7872,0.7297,0.8649,27,38,9,10,0.7738,0.7297,0.8085,0.7397,0.8735,21,56,6,3,0.8953,0.875,0.9032,0.8235,0.918,20,56,6,4,0.8837,0.8333,0.9032,0.8,0.9274,21,52,10,3,0.8488,0.875,0.8387,0.7636,0.9059,20,52,10,4,0.8372,0.8333,0.8387,0.7407,0.9348,21,56,6,3,0.8953,0.875,0.9032,0.8235,0.9173
824,25,49,14,11,0.7475,0.6944,0.7778,0.6667,0.8051,22,54,9,14,0.7677,0.6111,0.8571,0.6567,0.7919,23,47,16,13,0.7071,0.6389,0.746,0.6133,0.7628,25,54,9,11,0.798,0.6944,0.8571,0.7143,0.7793,23,51,12,13,0.7475,0.6389,0.8095,0.6479,0.8188,18,72,5,7,0.8824,0.72,0.9351,0.75,0.8327,19,71,6,6,0.8824,0.76,0.9221,0.76,0.8088,17,71,6,8,0.8627,0.68,0.9221,0.7083,0.8036,17,73,4,8,0.8824,0.68,0.9481,0.7391,0.826,17,66,11,8,0.8137,0.68,0.8571,0.6415,0.8,18,55,4,7,0.869,0.72,0.9322,0.766,0.8542,17,46,13,8,0.75,0.68,0.7797,0.6182,0.8549,19,44,15,6,0.75,0.76,0.7458,0.6441,0.8325,17,46,13,8,0.75,0.68,0.7797,0.6182,0.8475,19,47,12,6,0.7857,0.76,0.7966,0.6786,0.8658,19,57,7,3,0.8837,0.8636,0.8906,0.7917,0.9318,18,56,8,4,0.8605,0.8182,0.875,0.75,0.9205,19,56,8,3,0.8721,0.8636,0.875,0.7755,0.9098,18,56,8,4,0.8605,0.8182,0.875,0.75,0.9169,19,56,8,3,0.8721,0.8636,0.875,0.7755,0.9197
825,32,48,13,6,0.8081,0.8421,0.7869,0.7711,0.8477,27,52,9,11,0.798,0.7105,0.8525,0.7297,0.8559,31,49,12,7,0.8081,0.8158,0.8033,0.7654,0.8382,32,52,9,6,0.8485,0.8421,0.8525,0.8101,0.8617,31,52,9,7,0.8384,0.8158,0.8525,0.7949,0.884,13,78,2,9,0.8922,0.5909,0.975,0.7027,0.8557,17,75,5,5,0.902,0.7727,0.9375,0.7727,0.8693,11,76,4,11,0.8529,0.5,0.95,0.5946,0.8028,10,75,5,12,0.8333,0.4545,0.9375,0.5405,0.854,11,72,8,11,0.8137,0.5,0.9,0.5366,0.8381,26,38,9,11,0.7619,0.7027,0.8085,0.7222,0.8212,28,35,12,9,0.75,0.7568,0.7447,0.7273,0.8476,28,31,16,9,0.7024,0.7568,0.6596,0.6914,0.8114,29,37,10,8,0.7857,0.7838,0.7872,0.7632,0.8677,28,34,13,9,0.7381,0.7568,0.7234,0.7179,0.8413,23,50,7,6,0.8488,0.7931,0.8772,0.7797,0.8609,22,49,8,7,0.8256,0.7586,0.8596,0.7458,0.8373,23,49,8,6,0.8372,0.7931,0.8596,0.7667,0.8627,22,49,8,7,0.8256,0.7586,0.8596,0.7458,0.8953,23,49,8,6,0.8372,0.7931,0.8596,0.7667,0.8554
826,23,52,12,12,0.7576,0.6571,0.8125,0.6571,0.7875,17,55,9,18,0.7273,0.4857,0.8594,0.5574,0.7513,18,51,13,17,0.697,0.5143,0.7969,0.5455,0.7455,23,55,9,12,0.7879,0.6571,0.8594,0.6866,0.7638,18,53,11,17,0.7172,0.5143,0.8281,0.5625,0.8045,22,65,6,9,0.8529,0.7097,0.9155,0.7458,0.8714,23,68,3,8,0.8922,0.7419,0.9577,0.807,0.8682,23,69,2,8,0.902,0.7419,0.9718,0.8214,0.8741,22,69,2,9,0.8922,0.7097,0.9718,0.8,0.8828,23,68,3,8,0.8922,0.7419,0.9577,0.807,0.8796,22,45,7,10,0.7976,0.6875,0.8654,0.7213,0.8209,21,42,10,11,0.75,0.6562,0.8077,0.6667,0.8323,23,39,13,9,0.7381,0.7188,0.75,0.6765,0.8221,21,44,8,11,0.7738,0.6562,0.8462,0.6885,0.8444,23,42,10,9,0.7738,0.7188,0.8077,0.7077,0.8504,14,60,6,6,0.8605,0.7,0.9091,0.7,0.8705,14,60,6,6,0.8605,0.7,0.9091,0.7,0.8591,14,57,9,6,0.8256,0.7,0.8636,0.6512,0.853,14,57,9,6,0.8256,0.7,0.8636,0.6512,0.8932,14,60,6,6,0.8605,0.7,0.9091,0.7,0.8788
827,34,39,15,11,0.7374,0.7556,0.7222,0.7234,0.8267,30,44,10,15,0.7475,0.6667,0.8148,0.7059,0.8514,30,38,16,15,0.6869,0.6667,0.7037,0.6593,0.7835,34,44,10,11,0.7879,0.7556,0.8148,0.764,0.7969,30,42,12,15,0.7273,0.6667,0.7778,0.6897,0.8321,24,62,9,7,0.8431,0.7742,0.8732,0.75,0.8769,27,61,10,4,0.8627,0.871,0.8592,0.7941,0.8592,24,64,7,7,0.8627,0.7742,0.9014,0.7742,0.861,23,63,8,8,0.8431,0.7419,0.8873,0.7419,0.8646,24,59,12,7,0.8137,0.7742,0.831,0.7164,0.8546,20,49,4,11,0.8214,0.6452,0.9245,0.7273,0.8077,20,42,11,11,0.7381,0.6452,0.7925,0.6452,0.8393,20,38,15,11,0.6905,0.6452,0.717,0.6061,0.7991,22,47,6,9,0.8214,0.7097,0.8868,0.7458,0.8691,20,41,12,11,0.7262,0.6452,0.7736,0.6349,0.8125,16,61,9,0,0.8953,1.0,0.8714,0.7805,0.9143,15,58,12,1,0.8488,0.9375,0.8286,0.6977,0.9295,16,57,13,0,0.8488,1.0,0.8143,0.7111,0.9116,15,57,13,1,0.8372,0.9375,0.8143,0.6818,0.9241,16,58,12,0,0.8605,1.0,0.8286,0.7273,0.9116
828,30,49,12,8,0.798,0.7895,0.8033,0.75,0.8352,29,52,9,9,0.8182,0.7632,0.8525,0.7632,0.8654,28,47,14,10,0.7576,0.7368,0.7705,0.7,0.8283,30,52,9,8,0.8283,0.7895,0.8525,0.7792,0.8348,28,50,11,10,0.7879,0.7368,0.8197,0.7273,0.8732,28,64,3,7,0.902,0.8,0.9552,0.8485,0.9096,31,64,3,4,0.9314,0.8857,0.9552,0.8986,0.9092,27,64,3,8,0.8922,0.7714,0.9552,0.8308,0.8904,26,64,3,9,0.8824,0.7429,0.9552,0.8125,0.9087,27,63,4,8,0.8824,0.7714,0.9403,0.8182,0.9006,16,49,7,12,0.7738,0.5714,0.875,0.6275,0.7781,18,45,11,10,0.75,0.6429,0.8036,0.6316,0.8112,19,40,16,9,0.7024,0.6786,0.7143,0.6032,0.787,18,48,8,10,0.7857,0.6429,0.8571,0.6667,0.8036,19,44,12,9,0.75,0.6786,0.7857,0.6441,0.8291,19,59,7,1,0.907,0.95,0.8939,0.8261,0.9371,18,57,9,2,0.8721,0.9,0.8636,0.766,0.9265,19,57,9,1,0.8837,0.95,0.8636,0.7917,0.9258,18,57,9,2,0.8721,0.9,0.8636,0.766,0.9227,19,57,9,1,0.8837,0.95,0.8636,0.7917,0.9341
829,31,45,15,8,0.7677,0.7949,0.75,0.7294,0.8538,28,48,12,11,0.7677,0.7179,0.8,0.7089,0.862,29,46,14,10,0.7576,0.7436,0.7667,0.7073,0.8368,31,48,12,8,0.798,0.7949,0.8,0.7561,0.8372,29,47,13,10,0.7677,0.7436,0.7833,0.716,0.8795,24,65,6,7,0.8725,0.7742,0.9155,0.7869,0.8746,26,63,8,5,0.8725,0.8387,0.8873,0.8,0.8714,21,64,7,10,0.8333,0.6774,0.9014,0.7119,0.8728,20,64,7,11,0.8235,0.6452,0.9014,0.6897,0.866,21,62,9,10,0.8137,0.6774,0.8732,0.6885,0.8732,19,50,5,10,0.8214,0.6552,0.9091,0.717,0.8564,19,43,12,10,0.7381,0.6552,0.7818,0.6333,0.8777,21,41,14,8,0.7381,0.7241,0.7455,0.6562,0.8646,21,44,11,8,0.7738,0.7241,0.8,0.6885,0.8784,21,44,11,8,0.7738,0.7241,0.8,0.6885,0.8821,13,65,1,7,0.907,0.65,0.9848,0.7647,0.8644,11,63,3,9,0.8605,0.55,0.9545,0.6471,0.8288,13,62,4,7,0.8721,0.65,0.9394,0.7027,0.8545,11,62,4,9,0.8488,0.55,0.9394,0.6286,0.9121,13,63,3,7,0.8837,0.65,0.9545,0.7222,0.8833
830,20,52,16,11,0.7273,0.6452,0.7647,0.597,0.7438,18,57,11,13,0.7576,0.5806,0.8382,0.6,0.7647,17,53,15,14,0.7071,0.5484,0.7794,0.5397,0.7472,20,57,11,11,0.7778,0.6452,0.8382,0.6452,0.7526,17,56,12,14,0.7374,0.5484,0.8235,0.5667,0.7861,20,72,3,7,0.902,0.7407,0.96,0.8,0.8558,21,70,5,6,0.8922,0.7778,0.9333,0.7925,0.8543,16,70,5,11,0.8431,0.5926,0.9333,0.6667,0.8163,15,71,4,12,0.8431,0.5556,0.9467,0.6522,0.8523,16,66,9,11,0.8039,0.5926,0.88,0.6154,0.837,19,49,2,14,0.8095,0.5758,0.9608,0.7037,0.8598,18,42,9,15,0.7143,0.5455,0.8235,0.6,0.858,20,41,10,13,0.7262,0.6061,0.8039,0.6349,0.8758,20,46,5,13,0.7857,0.6061,0.902,0.6897,0.8901,20,46,5,13,0.7857,0.6061,0.902,0.6897,0.8645,16,62,6,2,0.907,0.8889,0.9118,0.8,0.9232,14,60,8,4,0.8605,0.7778,0.8824,0.7,0.9134,16,60,8,2,0.8837,0.8889,0.8824,0.7619,0.906,14,60,8,4,0.8605,0.7778,0.8824,0.7,0.9216,16,60,8,2,0.8837,0.8889,0.8824,0.7619,0.9208
831,28,57,9,5,0.8586,0.8485,0.8636,0.8,0.8866,25,60,6,8,0.8586,0.7576,0.9091,0.7812,0.9031,25,58,8,8,0.8384,0.7576,0.8788,0.7576,0.8733,28,60,6,5,0.8889,0.8485,0.9091,0.8358,0.8772,25,57,9,8,0.8283,0.7576,0.8636,0.7463,0.9004,15,75,5,7,0.8824,0.6818,0.9375,0.7143,0.8392,17,73,7,5,0.8824,0.7727,0.9125,0.7391,0.8358,15,68,12,7,0.8137,0.6818,0.85,0.6122,0.8023,14,74,6,8,0.8627,0.6364,0.925,0.6667,0.8375,15,66,14,7,0.7941,0.6818,0.825,0.5882,0.8176,18,53,4,9,0.8452,0.6667,0.9298,0.7347,0.8382,16,47,10,11,0.75,0.5926,0.8246,0.6038,0.8317,17,47,10,10,0.7619,0.6296,0.8246,0.6296,0.848,16,48,9,11,0.7619,0.5926,0.8421,0.6154,0.8421,17,48,9,10,0.7738,0.6296,0.8421,0.6415,0.8415,24,55,4,3,0.9186,0.8889,0.9322,0.8727,0.9234,24,54,5,3,0.907,0.8889,0.9153,0.8571,0.8989,24,54,5,3,0.907,0.8889,0.9153,0.8571,0.9278,24,54,5,3,0.907,0.8889,0.9153,0.8571,0.941,24,54,5,3,0.907,0.8889,0.9153,0.8571,0.904
832,30,54,5,10,0.8485,0.75,0.9153,0.8,0.8458,27,55,4,13,0.8283,0.675,0.9322,0.7606,0.8627,28,51,8,12,0.798,0.7,0.8644,0.7368,0.8263,30,55,4,10,0.8586,0.75,0.9322,0.8108,0.8481,28,53,6,12,0.8182,0.7,0.8983,0.7568,0.8483,19,72,4,7,0.8922,0.7308,0.9474,0.7755,0.8861,21,71,5,5,0.902,0.8077,0.9342,0.8077,0.8942,19,68,8,7,0.8529,0.7308,0.8947,0.717,0.8699,17,73,3,9,0.8824,0.6538,0.9605,0.7391,0.8907,19,67,9,7,0.8431,0.7308,0.8816,0.7037,0.875,22,45,9,8,0.7976,0.7333,0.8333,0.7213,0.792,23,39,15,7,0.7381,0.7667,0.7222,0.6765,0.8531,25,38,16,5,0.75,0.8333,0.7037,0.7042,0.8099,23,41,13,7,0.7619,0.7667,0.7593,0.697,0.8259,25,40,14,5,0.7738,0.8333,0.7407,0.7246,0.8358,28,50,6,2,0.907,0.9333,0.8929,0.875,0.9143,28,50,6,2,0.907,0.9333,0.8929,0.875,0.9315,28,49,7,2,0.8953,0.9333,0.875,0.8615,0.9351,28,49,7,2,0.8953,0.9333,0.875,0.8615,0.9446,28,50,6,2,0.907,0.9333,0.8929,0.875,0.9196
833,25,54,12,8,0.798,0.7576,0.8182,0.7143,0.8508,23,58,8,10,0.8182,0.697,0.8788,0.7188,0.8434,25,54,12,8,0.798,0.7576,0.8182,0.7143,0.8471,25,58,8,8,0.8384,0.7576,0.8788,0.7576,0.8457,25,55,11,8,0.8081,0.7576,0.8333,0.7246,0.8494,10,77,8,7,0.8529,0.5882,0.9059,0.5714,0.7785,11,79,6,6,0.8824,0.6471,0.9294,0.6471,0.8187,10,79,6,7,0.8725,0.5882,0.9294,0.6061,0.7626,10,81,4,7,0.8922,0.5882,0.9529,0.6452,0.8014,10,77,8,7,0.8529,0.5882,0.9059,0.5714,0.7965,28,44,1,11,0.8571,0.7179,0.9778,0.8235,0.8895,26,41,4,13,0.7976,0.6667,0.9111,0.7536,0.9293,28,38,7,11,0.7857,0.7179,0.8444,0.7568,0.9031,29,39,6,10,0.8095,0.7436,0.8667,0.7838,0.9299,28,38,7,11,0.7857,0.7179,0.8444,0.7568,0.9054,24,55,3,4,0.9186,0.8571,0.9483,0.8727,0.9083,23,55,3,5,0.907,0.8214,0.9483,0.8519,0.8768,24,55,3,4,0.9186,0.8571,0.9483,0.8727,0.9273,23,55,3,5,0.907,0.8214,0.9483,0.8519,0.9403,24,55,3,4,0.9186,0.8571,0.9483,0.8727,0.9052
834,24,55,12,8,0.798,0.75,0.8209,0.7059,0.8736,22,58,9,10,0.8081,0.6875,0.8657,0.6984,0.8685,23,54,13,9,0.7778,0.7188,0.806,0.6765,0.8391,24,58,9,8,0.8283,0.75,0.8657,0.7385,0.8521,23,57,10,9,0.8081,0.7188,0.8507,0.7077,0.8694,28,58,5,11,0.8431,0.7179,0.9206,0.7778,0.8852,32,60,3,7,0.902,0.8205,0.9524,0.8649,0.9039,26,58,5,13,0.8235,0.6667,0.9206,0.7429,0.8498,26,61,2,13,0.8529,0.6667,0.9683,0.7761,0.8779,26,58,5,13,0.8235,0.6667,0.9206,0.7429,0.8799,25,47,6,6,0.8571,0.8065,0.8868,0.8065,0.8186,25,43,10,6,0.8095,0.8065,0.8113,0.7576,0.8442,25,41,12,6,0.7857,0.8065,0.7736,0.7353,0.8217,25,41,12,6,0.7857,0.8065,0.7736,0.7353,0.818,25,41,12,6,0.7857,0.8065,0.7736,0.7353,0.846,18,58,8,2,0.8837,0.9,0.8788,0.7826,0.8841,16,58,8,4,0.8605,0.8,0.8788,0.7273,0.8644,18,57,9,2,0.8721,0.9,0.8636,0.766,0.8864,16,57,9,4,0.8488,0.8,0.8636,0.7111,0.8871,18,58,8,2,0.8837,0.9,0.8788,0.7826,0.8742
835,21,55,16,7,0.7677,0.75,0.7746,0.6462,0.7842,20,62,9,8,0.8283,0.7143,0.8732,0.7018,0.8234,19,56,15,9,0.7576,0.6786,0.7887,0.6129,0.7767,21,62,9,7,0.8384,0.75,0.8732,0.7241,0.7716,19,59,12,9,0.7879,0.6786,0.831,0.6441,0.836,15,79,3,5,0.9216,0.75,0.9634,0.7895,0.9061,17,80,2,3,0.951,0.85,0.9756,0.8718,0.9177,13,78,4,7,0.8922,0.65,0.9512,0.7027,0.8878,11,81,1,9,0.902,0.55,0.9878,0.6875,0.903,13,78,4,7,0.8922,0.65,0.9512,0.7027,0.8902,16,49,11,8,0.7738,0.6667,0.8167,0.6275,0.7903,15,43,17,9,0.6905,0.625,0.7167,0.5357,0.7868,17,40,20,7,0.6786,0.7083,0.6667,0.5574,0.7826,15,45,15,9,0.7143,0.625,0.75,0.5556,0.7937,17,44,16,7,0.7262,0.7083,0.7333,0.5965,0.8,24,55,4,3,0.9186,0.8889,0.9322,0.8727,0.946,24,53,6,3,0.8953,0.8889,0.8983,0.8421,0.9485,24,52,7,3,0.8837,0.8889,0.8814,0.8276,0.9278,24,52,7,3,0.8837,0.8889,0.8814,0.8276,0.9422,24,53,6,3,0.8953,0.8889,0.8983,0.8421,0.941
836,29,53,10,7,0.8283,0.8056,0.8413,0.7733,0.8302,25,55,8,11,0.8081,0.6944,0.873,0.7246,0.8492,23,53,10,13,0.7677,0.6389,0.8413,0.6667,0.8426,29,55,8,7,0.8485,0.8056,0.873,0.7945,0.8228,23,54,9,13,0.7778,0.6389,0.8571,0.6765,0.8554,25,61,6,10,0.8431,0.7143,0.9104,0.7576,0.91,30,61,6,5,0.8922,0.8571,0.9104,0.8451,0.9249,25,65,2,10,0.8824,0.7143,0.9701,0.8065,0.9015,22,62,5,13,0.8235,0.6286,0.9254,0.7097,0.9194,25,61,6,10,0.8431,0.7143,0.9104,0.7576,0.9258,16,48,5,15,0.7619,0.5161,0.9057,0.6154,0.7529,16,42,11,15,0.6905,0.5161,0.7925,0.5517,0.7918,18,41,12,13,0.7024,0.5806,0.7736,0.5902,0.7681,17,44,9,14,0.7262,0.5484,0.8302,0.5965,0.7882,18,42,11,13,0.7143,0.5806,0.7925,0.6,0.7876,21,53,8,4,0.8605,0.84,0.8689,0.7778,0.8433,20,52,9,5,0.8372,0.8,0.8525,0.7407,0.8485,21,51,10,4,0.8372,0.84,0.8361,0.75,0.859,20,51,10,5,0.8256,0.8,0.8361,0.7273,0.8866,21,52,9,4,0.8488,0.84,0.8525,0.7636,0.8433
837,22,51,16,10,0.7374,0.6875,0.7612,0.6286,0.8041,19,58,9,13,0.7778,0.5938,0.8657,0.6333,0.8018,20,51,16,12,0.7172,0.625,0.7612,0.5882,0.764,22,58,9,10,0.8081,0.6875,0.8657,0.6984,0.7889,20,56,11,12,0.7677,0.625,0.8358,0.6349,0.8363,19,70,4,9,0.8725,0.6786,0.9459,0.7451,0.8147,20,70,4,8,0.8824,0.7143,0.9459,0.7692,0.819,18,72,2,10,0.8824,0.6429,0.973,0.75,0.8127,17,70,4,11,0.8529,0.6071,0.9459,0.6939,0.8055,18,70,4,10,0.8627,0.6429,0.9459,0.72,0.8272,20,41,7,16,0.7262,0.5556,0.8542,0.6349,0.7378,20,40,8,16,0.7143,0.5556,0.8333,0.625,0.7905,23,38,10,13,0.7262,0.6389,0.7917,0.6667,0.7604,20,42,6,16,0.7381,0.5556,0.875,0.6452,0.7946,23,39,9,13,0.7381,0.6389,0.8125,0.6765,0.7899,16,65,4,1,0.9419,0.9412,0.942,0.8649,0.9506,16,65,4,1,0.9419,0.9412,0.942,0.8649,0.9523,16,63,6,1,0.9186,0.9412,0.913,0.8205,0.9497,16,63,6,1,0.9186,0.9412,0.913,0.8205,0.9531,16,65,4,1,0.9419,0.9412,0.942,0.8649,0.9429
838,22,55,14,8,0.7778,0.7333,0.7971,0.6667,0.7812,20,57,12,10,0.7778,0.6667,0.8261,0.6452,0.7957,21,55,14,9,0.7677,0.7,0.7971,0.6462,0.758,22,57,12,8,0.798,0.7333,0.8261,0.6875,0.7792,21,55,14,9,0.7677,0.7,0.7971,0.6462,0.8106,18,69,6,9,0.8529,0.6667,0.92,0.7059,0.8222,20,70,5,7,0.8824,0.7407,0.9333,0.7692,0.8602,19,70,5,8,0.8725,0.7037,0.9333,0.7451,0.8449,17,72,3,10,0.8725,0.6296,0.96,0.7234,0.8602,19,68,7,8,0.8529,0.7037,0.9067,0.717,0.8435,18,57,4,5,0.8929,0.7826,0.9344,0.8,0.913,17,50,11,6,0.7976,0.7391,0.8197,0.6667,0.8724,17,50,11,6,0.7976,0.7391,0.8197,0.6667,0.8974,17,54,7,6,0.8452,0.7391,0.8852,0.7234,0.886,17,55,6,6,0.8571,0.7391,0.9016,0.7391,0.8567,19,57,7,3,0.8837,0.8636,0.8906,0.7917,0.8878,19,57,7,3,0.8837,0.8636,0.8906,0.7917,0.8771,19,55,9,3,0.8605,0.8636,0.8594,0.76,0.9112,19,55,9,3,0.8605,0.8636,0.8594,0.76,0.9318,19,57,7,3,0.8837,0.8636,0.8906,0.7917,0.8622
839,32,45,12,10,0.7778,0.7619,0.7895,0.7442,0.8066,29,52,5,13,0.8182,0.6905,0.9123,0.7632,0.8346,30,45,12,12,0.7576,0.7143,0.7895,0.7143,0.8037,32,52,5,10,0.8485,0.7619,0.9123,0.8101,0.8137,30,51,6,12,0.8182,0.7143,0.8947,0.7692,0.8584,15,72,5,10,0.8529,0.6,0.9351,0.6667,0.7647,17,72,5,8,0.8725,0.68,0.9351,0.7234,0.7969,14,70,7,11,0.8235,0.56,0.9091,0.6087,0.7823,13,72,5,12,0.8333,0.52,0.9351,0.6047,0.7787,14,70,7,11,0.8235,0.56,0.9091,0.6087,0.8021,14,46,11,13,0.7143,0.5185,0.807,0.5385,0.6842,15,41,16,12,0.6667,0.5556,0.7193,0.5172,0.6706,16,37,20,11,0.631,0.5926,0.6491,0.5079,0.6946,15,40,17,12,0.6548,0.5556,0.7018,0.5085,0.6693,16,38,19,11,0.6429,0.5926,0.6667,0.5161,0.7303,21,54,7,4,0.8721,0.84,0.8852,0.7925,0.8734,21,53,8,4,0.8605,0.84,0.8689,0.7778,0.882,21,52,9,4,0.8488,0.84,0.8525,0.7636,0.8734,21,52,9,4,0.8488,0.84,0.8525,0.7636,0.901,21,53,8,4,0.8605,0.84,0.8689,0.7778,0.8872
840,26,52,16,5,0.7879,0.8387,0.7647,0.7123,0.9046,25,56,12,6,0.8182,0.8065,0.8235,0.7353,0.9203,25,51,17,6,0.7677,0.8065,0.75,0.6849,0.8871,26,56,12,5,0.8283,0.8387,0.8235,0.7536,0.9004,25,55,13,6,0.8081,0.8065,0.8088,0.7246,0.9175,17,70,3,12,0.8529,0.5862,0.9589,0.6939,0.8375,23,68,5,6,0.8922,0.7931,0.9315,0.807,0.8394,19,66,7,10,0.8333,0.6552,0.9041,0.6909,0.8181,14,69,4,15,0.8137,0.4828,0.9452,0.5957,0.8323,19,65,8,10,0.8235,0.6552,0.8904,0.6786,0.8356,25,38,2,19,0.75,0.5682,0.95,0.7042,0.8216,25,32,8,19,0.6786,0.5682,0.8,0.6494,0.8761,26,34,6,18,0.7143,0.5909,0.85,0.6842,0.8477,29,35,5,15,0.7619,0.6591,0.875,0.7436,0.8688,26,36,4,18,0.7381,0.5909,0.9,0.7027,0.8312,23,56,5,2,0.9186,0.92,0.918,0.8679,0.9436,22,55,6,3,0.8953,0.88,0.9016,0.8302,0.9489,23,54,7,2,0.8953,0.92,0.8852,0.8364,0.9292,22,54,7,3,0.8837,0.88,0.8852,0.8148,0.9475,23,55,6,2,0.907,0.92,0.9016,0.8519,0.9377
841,27,55,9,8,0.8283,0.7714,0.8594,0.7606,0.8549,25,58,6,10,0.8384,0.7143,0.9062,0.7576,0.8478,23,56,8,12,0.798,0.6571,0.875,0.697,0.8348,27,58,6,8,0.8586,0.7714,0.9062,0.7941,0.8342,23,56,8,12,0.798,0.6571,0.875,0.697,0.8688,28,66,4,4,0.9216,0.875,0.9429,0.875,0.9304,29,65,5,3,0.9216,0.9062,0.9286,0.8788,0.9411,23,64,6,9,0.8529,0.7188,0.9143,0.7541,0.9183,23,67,3,9,0.8824,0.7188,0.9571,0.7931,0.9232,23,62,8,9,0.8333,0.7188,0.8857,0.7302,0.9246,22,47,4,11,0.8214,0.6667,0.9216,0.7458,0.817,22,43,8,11,0.7738,0.6667,0.8431,0.6984,0.8503,23,43,8,10,0.7857,0.697,0.8431,0.7188,0.8437,24,44,7,9,0.8095,0.7273,0.8627,0.75,0.8366,23,44,7,10,0.7976,0.697,0.8627,0.7302,0.8592,22,56,6,2,0.907,0.9167,0.9032,0.8462,0.9261,19,54,8,5,0.8488,0.7917,0.871,0.7451,0.9362,22,51,11,2,0.8488,0.9167,0.8226,0.7719,0.9026,19,51,11,5,0.814,0.7917,0.8226,0.7037,0.9254,22,54,8,2,0.8837,0.9167,0.871,0.8148,0.92
842,31,47,16,5,0.7879,0.8611,0.746,0.747,0.8929,28,52,11,8,0.8081,0.7778,0.8254,0.7467,0.925,30,47,16,6,0.7778,0.8333,0.746,0.7317,0.8686,31,52,11,5,0.8384,0.8611,0.8254,0.7949,0.884,30,51,12,6,0.8182,0.8333,0.8095,0.7692,0.922,22,67,5,8,0.8725,0.7333,0.9306,0.7719,0.9375,29,67,5,1,0.9412,0.9667,0.9306,0.9062,0.9542,24,67,5,6,0.8922,0.8,0.9306,0.8136,0.931,20,69,3,10,0.8725,0.6667,0.9583,0.7547,0.9384,24,65,7,6,0.8725,0.8,0.9028,0.7869,0.9481,24,42,8,10,0.7857,0.7059,0.84,0.7273,0.7941,24,39,11,10,0.75,0.7059,0.78,0.6957,0.8047,24,32,18,10,0.6667,0.7059,0.64,0.6316,0.7888,27,44,6,7,0.8452,0.7941,0.88,0.806,0.8347,24,37,13,10,0.7262,0.7059,0.74,0.6761,0.8394,18,59,6,3,0.8953,0.8571,0.9077,0.8,0.8901,13,58,7,8,0.8256,0.619,0.8923,0.6341,0.8689,18,58,7,3,0.8837,0.8571,0.8923,0.7826,0.8747,13,58,7,8,0.8256,0.619,0.8923,0.6341,0.8923,18,58,7,3,0.8837,0.8571,0.8923,0.7826,0.8923
843,23,57,9,10,0.8081,0.697,0.8636,0.7077,0.8944,21,59,7,12,0.8081,0.6364,0.8939,0.6885,0.8466,22,57,9,11,0.798,0.6667,0.8636,0.6875,0.8788,23,59,7,10,0.8283,0.697,0.8939,0.7302,0.8733,22,57,9,11,0.798,0.6667,0.8636,0.6875,0.9146,18,68,11,5,0.8431,0.7826,0.8608,0.6923,0.8987,20,73,6,3,0.9118,0.8696,0.9241,0.8163,0.8767,19,72,7,4,0.8922,0.8261,0.9114,0.7755,0.8817,17,75,4,6,0.902,0.7391,0.9494,0.7727,0.8949,19,70,9,4,0.8725,0.8261,0.8861,0.7451,0.8646,23,43,9,9,0.7857,0.7188,0.8269,0.7188,0.8474,23,44,8,9,0.7976,0.7188,0.8462,0.7302,0.8888,25,38,14,7,0.75,0.7812,0.7308,0.7042,0.8498,23,45,7,9,0.8095,0.7188,0.8654,0.7419,0.9111,25,39,13,7,0.7619,0.7812,0.75,0.7143,0.8666,22,54,6,4,0.8837,0.8462,0.9,0.8148,0.891,22,52,8,4,0.8605,0.8462,0.8667,0.7857,0.8628,22,52,8,4,0.8605,0.8462,0.8667,0.7857,0.8833,22,52,8,4,0.8605,0.8462,0.8667,0.7857,0.9077,22,52,8,4,0.8605,0.8462,0.8667,0.7857,0.8731
844,23,54,13,9,0.7778,0.7188,0.806,0.6765,0.8312,22,56,11,10,0.7879,0.6875,0.8358,0.6769,0.8596,23,52,15,9,0.7576,0.7188,0.7761,0.6571,0.8092,23,56,11,9,0.798,0.7188,0.8358,0.697,0.8314,23,56,11,9,0.798,0.7188,0.8358,0.697,0.861,17,64,5,16,0.7941,0.5152,0.9275,0.6182,0.7071,18,67,2,15,0.8333,0.5455,0.971,0.6792,0.8076,15,66,3,18,0.7941,0.4545,0.9565,0.5882,0.7409,15,67,2,18,0.8039,0.4545,0.971,0.6,0.7646,15,65,4,18,0.7843,0.4545,0.942,0.5769,0.769,22,43,5,14,0.7738,0.6111,0.8958,0.6984,0.8171,22,38,10,14,0.7143,0.6111,0.7917,0.6471,0.8449,23,34,14,13,0.6786,0.6389,0.7083,0.6301,0.816,25,40,8,11,0.7738,0.6944,0.8333,0.7246,0.8466,23,37,11,13,0.7143,0.6389,0.7708,0.6571,0.8351,20,57,8,1,0.8953,0.9524,0.8769,0.8163,0.9026,17,56,9,4,0.8488,0.8095,0.8615,0.7234,0.8821,20,55,10,1,0.8721,0.9524,0.8462,0.7843,0.9136,17,55,10,4,0.8372,0.8095,0.8462,0.7083,0.904,20,56,9,1,0.8837,0.9524,0.8615,0.8,0.8842
845,30,47,12,10,0.7778,0.75,0.7966,0.7317,0.8436,26,52,7,14,0.7879,0.65,0.8814,0.7123,0.8292,29,49,10,11,0.7879,0.725,0.8305,0.7342,0.8106,30,52,7,10,0.8283,0.75,0.8814,0.7792,0.8269,29,50,9,11,0.798,0.725,0.8475,0.7436,0.8572,17,72,7,6,0.8725,0.7391,0.9114,0.7234,0.9064,19,73,6,4,0.902,0.8261,0.9241,0.7917,0.907,16,69,10,7,0.8333,0.6957,0.8734,0.6531,0.8624,15,74,5,8,0.8725,0.6522,0.9367,0.6977,0.8877,16,68,11,7,0.8235,0.6957,0.8608,0.64,0.8734,22,43,8,11,0.7738,0.6667,0.8431,0.6984,0.8544,25,41,10,8,0.7857,0.7576,0.8039,0.7353,0.8687,25,37,14,8,0.7381,0.7576,0.7255,0.6944,0.8622,26,40,11,7,0.7857,0.7879,0.7843,0.7429,0.8592,25,42,9,8,0.7976,0.7576,0.8235,0.7463,0.8835,19,64,0,3,0.9651,0.8636,1.0,0.9268,0.9226,18,63,1,4,0.9419,0.8182,0.9844,0.878,0.8913,19,62,2,3,0.9419,0.8636,0.9688,0.8837,0.9318,18,62,2,4,0.9302,0.8182,0.9688,0.8571,0.9361,19,63,1,3,0.9535,0.8636,0.9844,0.9048,0.9297
846,24,52,14,9,0.7677,0.7273,0.7879,0.6761,0.8379,19,57,9,14,0.7677,0.5758,0.8636,0.623,0.8196,20,52,14,13,0.7273,0.6061,0.7879,0.597,0.809,24,57,9,9,0.8182,0.7273,0.8636,0.7273,0.8391,20,55,11,13,0.7576,0.6061,0.8333,0.625,0.8466,13,74,5,10,0.8529,0.5652,0.9367,0.6341,0.7655,15,69,10,8,0.8235,0.6522,0.8734,0.625,0.8085,12,71,8,11,0.8137,0.5217,0.8987,0.5581,0.7744,11,70,9,12,0.7941,0.4783,0.8861,0.5116,0.7964,12,67,12,11,0.7745,0.5217,0.8481,0.5106,0.7749,25,43,3,13,0.8095,0.6579,0.9348,0.7576,0.8021,26,36,10,12,0.7381,0.6842,0.7826,0.7027,0.8524,27,30,16,11,0.6786,0.7105,0.6522,0.6667,0.7838,28,37,9,10,0.7738,0.7368,0.8043,0.7467,0.8375,27,34,12,11,0.7262,0.7105,0.7391,0.7013,0.8318,24,54,5,3,0.907,0.8889,0.9153,0.8571,0.9309,23,54,5,4,0.8953,0.8519,0.9153,0.8364,0.9196,24,51,8,3,0.8721,0.8889,0.8644,0.8136,0.9146,23,51,8,4,0.8605,0.8519,0.8644,0.7931,0.9303,24,54,5,3,0.907,0.8889,0.9153,0.8571,0.9184
847,24,55,14,6,0.798,0.8,0.7971,0.7059,0.8734,20,59,10,10,0.798,0.6667,0.8551,0.6667,0.8778,20,56,13,10,0.7677,0.6667,0.8116,0.6349,0.8643,24,59,10,6,0.8384,0.8,0.8551,0.75,0.8691,20,58,11,10,0.7879,0.6667,0.8406,0.6557,0.8855,26,63,7,6,0.8725,0.8125,0.9,0.8,0.8996,28,65,5,4,0.9118,0.875,0.9286,0.8615,0.954,24,63,7,8,0.8529,0.75,0.9,0.7619,0.9156,23,67,3,9,0.8824,0.7188,0.9571,0.7931,0.9214,24,62,8,8,0.8431,0.75,0.8857,0.75,0.9335,17,48,5,14,0.7738,0.5484,0.9057,0.6415,0.7645,18,44,9,13,0.7381,0.5806,0.8302,0.6207,0.8241,21,36,17,10,0.6786,0.6774,0.6792,0.6087,0.7943,19,43,10,12,0.7381,0.6129,0.8113,0.6333,0.8326,21,40,13,10,0.7262,0.6774,0.7547,0.6462,0.7851,23,58,1,4,0.9419,0.8519,0.9831,0.902,0.9749,22,56,3,5,0.907,0.8148,0.9492,0.8462,0.9648,23,54,5,4,0.8953,0.8519,0.9153,0.8364,0.9328,22,54,5,5,0.8837,0.8148,0.9153,0.8148,0.9655,23,56,3,4,0.9186,0.8519,0.9492,0.8679,0.9642
848,19,64,9,7,0.8384,0.7308,0.8767,0.7037,0.862,17,66,7,9,0.8384,0.6538,0.9041,0.68,0.8899,18,64,9,8,0.8283,0.6923,0.8767,0.6792,0.8688,19,66,7,7,0.8586,0.7308,0.9041,0.7308,0.8504,18,65,8,8,0.8384,0.6923,0.8904,0.6923,0.892,24,71,1,6,0.9314,0.8,0.9861,0.8727,0.9273,27,71,1,3,0.9608,0.9,0.9861,0.931,0.9463,23,69,3,7,0.902,0.7667,0.9583,0.8214,0.9301,21,71,1,9,0.902,0.7,0.9861,0.8077,0.9412,23,69,3,7,0.902,0.7667,0.9583,0.8214,0.9366,13,56,7,8,0.8214,0.619,0.8889,0.6341,0.7921,13,48,15,8,0.7262,0.619,0.7619,0.5306,0.8231,14,38,25,7,0.619,0.6667,0.6032,0.4667,0.7453,16,47,16,5,0.75,0.7619,0.746,0.6038,0.8209,14,45,18,7,0.7024,0.6667,0.7143,0.5283,0.8073,20,61,2,3,0.9419,0.8696,0.9683,0.8889,0.9531,17,60,3,6,0.8953,0.7391,0.9524,0.7907,0.9531,20,59,4,3,0.9186,0.8696,0.9365,0.8511,0.922,17,59,4,6,0.8837,0.7391,0.9365,0.7727,0.9572,20,60,3,3,0.9302,0.8696,0.9524,0.8696,0.9545
849,26,52,14,7,0.7879,0.7879,0.7879,0.7123,0.8733,21,57,9,12,0.7879,0.6364,0.8636,0.6667,0.8586,22,53,13,11,0.7576,0.6667,0.803,0.6471,0.8384,26,57,9,7,0.8384,0.7879,0.8636,0.7647,0.8554,22,56,10,11,0.7879,0.6667,0.8485,0.6769,0.8554,14,80,2,6,0.9216,0.7,0.9756,0.7778,0.8299,15,78,4,5,0.9118,0.75,0.9512,0.7692,0.9122,14,77,5,6,0.8922,0.7,0.939,0.7179,0.8604,14,79,3,6,0.9118,0.7,0.9634,0.7568,0.8963,14,74,8,6,0.8627,0.7,0.9024,0.6667,0.8902,24,50,3,7,0.881,0.7742,0.9434,0.8276,0.9288,21,46,7,10,0.7976,0.6774,0.8679,0.7119,0.8911,21,42,11,10,0.75,0.6774,0.7925,0.6667,0.8929,25,49,4,6,0.881,0.8065,0.9245,0.8333,0.9221,21,44,9,10,0.7738,0.6774,0.8302,0.6885,0.8953,24,55,4,3,0.9186,0.8889,0.9322,0.8727,0.8958,19,55,4,8,0.8605,0.7037,0.9322,0.76,0.8701,24,53,6,3,0.8953,0.8889,0.8983,0.8421,0.9065,19,53,6,8,0.8372,0.7037,0.8983,0.7308,0.9178,24,55,4,3,0.9186,0.8889,0.9322,0.8727,0.8832
850,22,47,17,13,0.697,0.6286,0.7344,0.5946,0.7259,19,55,9,16,0.7475,0.5429,0.8594,0.6032,0.7085,19,48,16,16,0.6768,0.5429,0.75,0.5429,0.6719,22,55,9,13,0.7778,0.6286,0.8594,0.6667,0.7143,19,53,11,16,0.7273,0.5429,0.8281,0.5846,0.7281,21,67,4,10,0.8627,0.6774,0.9437,0.75,0.8473,22,67,4,9,0.8725,0.7097,0.9437,0.7719,0.836,20,66,5,11,0.8431,0.6452,0.9296,0.7143,0.8214,19,68,3,12,0.8529,0.6129,0.9577,0.717,0.8401,20,64,7,11,0.8235,0.6452,0.9014,0.6897,0.8078,25,42,7,10,0.7976,0.7143,0.8571,0.7463,0.8373,23,40,9,12,0.75,0.6571,0.8163,0.6866,0.8391,24,34,15,11,0.6905,0.6857,0.6939,0.6486,0.8379,25,42,7,10,0.7976,0.7143,0.8571,0.7463,0.8577,24,38,11,11,0.7381,0.6857,0.7755,0.6857,0.8554,22,57,2,5,0.9186,0.8148,0.9661,0.8627,0.8964,20,57,2,7,0.8953,0.7407,0.9661,0.8163,0.8418,22,55,4,5,0.8953,0.8148,0.9322,0.8302,0.8989,20,55,4,7,0.8721,0.7407,0.9322,0.7843,0.9228,22,57,2,5,0.9186,0.8148,0.9661,0.8627,0.8814
851,27,48,15,9,0.7576,0.75,0.7619,0.6923,0.8091,25,52,11,11,0.7778,0.6944,0.8254,0.6944,0.8157,24,50,13,12,0.7475,0.6667,0.7937,0.6575,0.7892,27,52,11,9,0.798,0.75,0.8254,0.7297,0.8075,24,51,12,12,0.7576,0.6667,0.8095,0.6667,0.8369,26,63,4,9,0.8725,0.7429,0.9403,0.8,0.8904,28,64,3,7,0.902,0.8,0.9552,0.8485,0.8823,27,65,2,8,0.902,0.7714,0.9701,0.8438,0.8904,25,64,3,10,0.8725,0.7143,0.9552,0.7937,0.8913,27,64,3,8,0.8922,0.7714,0.9552,0.8308,0.8959,19,50,2,13,0.8214,0.5938,0.9615,0.717,0.8431,19,42,10,13,0.7262,0.5938,0.8077,0.623,0.8696,21,41,11,11,0.7381,0.6562,0.7885,0.6562,0.848,20,46,6,12,0.7857,0.625,0.8846,0.6897,0.8726,21,44,8,11,0.7738,0.6562,0.8462,0.6885,0.8558,21,59,2,4,0.9302,0.84,0.9672,0.875,0.8846,20,55,6,5,0.8721,0.8,0.9016,0.7843,0.8511,21,52,9,4,0.8488,0.84,0.8525,0.7636,0.882,20,52,9,5,0.8372,0.8,0.8525,0.7407,0.901,21,55,6,4,0.8837,0.84,0.9016,0.8077,0.8807
852,22,47,21,9,0.697,0.7097,0.6912,0.5946,0.7832,21,53,15,10,0.7475,0.6774,0.7794,0.6269,0.7989,21,50,18,10,0.7172,0.6774,0.7353,0.6,0.769,22,53,15,9,0.7576,0.7097,0.7794,0.6471,0.7721,21,52,16,10,0.7374,0.6774,0.7647,0.6176,0.8145,16,73,7,6,0.8725,0.7273,0.9125,0.7111,0.8625,16,75,5,6,0.8922,0.7273,0.9375,0.7442,0.8784,11,74,6,11,0.8333,0.5,0.925,0.5641,0.8494,11,75,5,11,0.8431,0.5,0.9375,0.5789,0.8614,11,74,6,11,0.8333,0.5,0.925,0.5641,0.8744,27,43,5,9,0.8333,0.75,0.8958,0.7941,0.8565,28,42,6,8,0.8333,0.7778,0.875,0.8,0.8727,28,37,11,8,0.7738,0.7778,0.7708,0.7467,0.8669,29,41,7,7,0.8333,0.8056,0.8542,0.8056,0.8709,28,42,6,8,0.8333,0.7778,0.875,0.8,0.8825,19,59,4,4,0.907,0.8261,0.9365,0.8261,0.8965,18,59,4,5,0.8953,0.7826,0.9365,0.8,0.8785,19,58,5,4,0.8953,0.8261,0.9206,0.8085,0.8806,18,58,5,5,0.8837,0.7826,0.9206,0.7826,0.9117,19,59,4,4,0.907,0.8261,0.9365,0.8261,0.8972
853,31,52,9,7,0.8384,0.8158,0.8525,0.7949,0.8667,28,55,6,10,0.8384,0.7368,0.9016,0.7778,0.8563,26,53,8,12,0.798,0.6842,0.8689,0.7222,0.8516,31,55,6,7,0.8687,0.8158,0.9016,0.8267,0.8749,26,54,7,12,0.8081,0.6842,0.8852,0.7324,0.8878,21,69,4,8,0.8824,0.7241,0.9452,0.7778,0.8725,24,66,7,5,0.8824,0.8276,0.9041,0.8,0.8937,22,65,8,7,0.8529,0.7586,0.8904,0.7458,0.8696,19,67,6,10,0.8431,0.6552,0.9178,0.7037,0.8805,22,60,13,7,0.8039,0.7586,0.8219,0.6875,0.8692,22,45,6,11,0.7976,0.6667,0.8824,0.7213,0.8182,24,41,10,9,0.7738,0.7273,0.8039,0.7164,0.8687,25,40,11,8,0.7738,0.7576,0.7843,0.7246,0.8241,24,44,7,9,0.8095,0.7273,0.8627,0.75,0.8414,25,46,5,8,0.8452,0.7576,0.902,0.7937,0.8734,27,53,4,2,0.9302,0.931,0.9298,0.9,0.9274,27,53,4,2,0.9302,0.931,0.9298,0.9,0.9177,27,52,5,2,0.9186,0.931,0.9123,0.8852,0.9546,27,52,5,2,0.9186,0.931,0.9123,0.8852,0.9425,27,53,4,2,0.9302,0.931,0.9298,0.9,0.9238
854,26,53,13,7,0.798,0.7879,0.803,0.7222,0.8563,24,58,8,9,0.8283,0.7273,0.8788,0.7385,0.8526,24,49,17,9,0.7374,0.7273,0.7424,0.6486,0.8246,26,58,8,7,0.8485,0.7879,0.8788,0.7761,0.8441,24,57,9,9,0.8182,0.7273,0.8636,0.7273,0.8632,16,74,3,9,0.8824,0.64,0.961,0.7273,0.7917,16,70,7,9,0.8431,0.64,0.9091,0.6667,0.7912,14,70,7,11,0.8235,0.56,0.9091,0.6087,0.7642,14,70,7,11,0.8235,0.56,0.9091,0.6087,0.7917,14,67,10,11,0.7941,0.56,0.8701,0.5714,0.7631,28,37,8,11,0.7738,0.7179,0.8222,0.7467,0.7755,29,32,13,10,0.7262,0.7436,0.7111,0.716,0.8068,29,28,17,10,0.6786,0.7436,0.6222,0.6824,0.7664,30,33,12,9,0.75,0.7692,0.7333,0.7407,0.7812,29,36,9,10,0.7738,0.7436,0.8,0.7532,0.8023,18,63,4,1,0.9419,0.9474,0.9403,0.878,0.9505,17,62,5,2,0.9186,0.8947,0.9254,0.8293,0.9576,18,60,7,1,0.907,0.9474,0.8955,0.8182,0.9372,17,60,7,2,0.8953,0.8947,0.8955,0.7907,0.9489,18,62,5,1,0.9302,0.9474,0.9254,0.8571,0.9489
855,25,58,12,4,0.8384,0.8621,0.8286,0.7576,0.9187,21,63,7,8,0.8485,0.7241,0.9,0.7368,0.8956,20,60,10,9,0.8081,0.6897,0.8571,0.678,0.8857,25,63,7,4,0.8889,0.8621,0.9,0.8197,0.9103,20,61,9,9,0.8182,0.6897,0.8714,0.6897,0.9236,25,66,2,9,0.8922,0.7353,0.9706,0.8197,0.8607,28,66,2,6,0.9216,0.8235,0.9706,0.875,0.8919,24,66,2,10,0.8824,0.7059,0.9706,0.8,0.862,22,66,2,12,0.8627,0.6471,0.9706,0.7586,0.8767,24,64,4,10,0.8627,0.7059,0.9412,0.7742,0.8707,26,41,8,9,0.7976,0.7429,0.8367,0.7536,0.8402,26,34,15,9,0.7143,0.7429,0.6939,0.6842,0.8647,27,34,15,8,0.7262,0.7714,0.6939,0.7013,0.8391,30,38,11,5,0.8095,0.8571,0.7755,0.7895,0.8694,27,37,12,8,0.7619,0.7714,0.7551,0.7297,0.8589,21,62,1,2,0.9651,0.913,0.9841,0.9333,0.9517,20,62,1,3,0.9535,0.8696,0.9841,0.9091,0.9462,21,61,2,2,0.9535,0.913,0.9683,0.913,0.9476,20,61,2,3,0.9419,0.8696,0.9683,0.8889,0.9655,21,62,1,2,0.9651,0.913,0.9841,0.9333,0.9517
856,37,40,14,8,0.7778,0.8222,0.7407,0.7708,0.8683,31,46,8,14,0.7778,0.6889,0.8519,0.7381,0.8914,33,39,15,12,0.7273,0.7333,0.7222,0.7097,0.8395,37,46,8,8,0.8384,0.8222,0.8519,0.8222,0.873,33,42,12,12,0.7576,0.7333,0.7778,0.7333,0.8889,20,75,4,3,0.9314,0.8696,0.9494,0.8511,0.962,21,75,4,2,0.9412,0.913,0.9494,0.875,0.9587,19,77,2,4,0.9412,0.8261,0.9747,0.8636,0.9373,19,76,3,4,0.9314,0.8261,0.962,0.8444,0.9565,19,72,7,4,0.8922,0.8261,0.9114,0.7755,0.945,14,54,12,4,0.8095,0.7778,0.8182,0.6364,0.8485,15,50,16,3,0.7738,0.8333,0.7576,0.6122,0.8283,15,46,20,3,0.7262,0.8333,0.697,0.566,0.8569,15,49,17,3,0.7619,0.8333,0.7424,0.6,0.8409,15,48,18,3,0.75,0.8333,0.7273,0.5882,0.8695,29,49,5,3,0.907,0.9062,0.9074,0.8788,0.9248,26,49,5,6,0.8721,0.8125,0.9074,0.8254,0.9277,29,47,7,3,0.8837,0.9062,0.8704,0.8529,0.9149,26,47,7,6,0.8488,0.8125,0.8704,0.8,0.9363,29,49,5,3,0.907,0.9062,0.9074,0.8788,0.9161
857,28,48,11,12,0.7677,0.7,0.8136,0.7089,0.8153,25,54,5,15,0.798,0.625,0.9153,0.7143,0.8742,27,49,10,13,0.7677,0.675,0.8305,0.7013,0.8182,28,54,5,12,0.8283,0.7,0.9153,0.7671,0.8131,27,53,6,13,0.8081,0.675,0.8983,0.7397,0.847,16,74,3,9,0.8824,0.64,0.961,0.7273,0.8192,19,71,6,6,0.8824,0.76,0.9221,0.76,0.8904,18,70,7,7,0.8627,0.72,0.9091,0.72,0.8551,16,72,5,9,0.8627,0.64,0.9351,0.6957,0.8623,18,67,10,7,0.8333,0.72,0.8701,0.6792,0.8634,15,45,11,13,0.7143,0.5357,0.8036,0.5556,0.7347,18,43,13,10,0.7262,0.6429,0.7679,0.6102,0.8265,20,39,17,8,0.7024,0.7143,0.6964,0.6154,0.7832,19,46,10,9,0.7738,0.6786,0.8214,0.6667,0.808,20,43,13,8,0.75,0.7143,0.7679,0.6557,0.8291,21,60,1,4,0.9419,0.84,0.9836,0.8936,0.9108,20,59,2,5,0.9186,0.8,0.9672,0.8511,0.8846,21,58,3,4,0.9186,0.84,0.9508,0.8571,0.9134,20,58,3,5,0.907,0.8,0.9508,0.8333,0.9344,21,59,2,4,0.9302,0.84,0.9672,0.875,0.9161
858,27,51,13,8,0.7879,0.7714,0.7969,0.72,0.8183,25,53,11,10,0.7879,0.7143,0.8281,0.7042,0.8219,25,52,12,10,0.7778,0.7143,0.8125,0.6944,0.7982,27,53,11,8,0.8081,0.7714,0.8281,0.7397,0.8018,25,50,14,10,0.7576,0.7143,0.7812,0.6757,0.829,17,68,5,12,0.8333,0.5862,0.9315,0.6667,0.8531,21,68,5,8,0.8725,0.7241,0.9315,0.7636,0.8668,16,69,4,13,0.8333,0.5517,0.9452,0.6531,0.8521,15,69,4,14,0.8235,0.5172,0.9452,0.625,0.8602,16,67,6,13,0.8137,0.5517,0.9178,0.6275,0.8715,18,46,9,11,0.7619,0.6207,0.8364,0.6429,0.726,19,39,16,10,0.6905,0.6552,0.7091,0.5937,0.79,19,31,24,10,0.5952,0.6552,0.5636,0.5278,0.7241,20,40,15,9,0.7143,0.6897,0.7273,0.625,0.7643,19,36,19,10,0.6548,0.6552,0.6545,0.5672,0.7636,24,58,2,2,0.9535,0.9231,0.9667,0.9231,0.9635,23,58,2,3,0.9419,0.8846,0.9667,0.902,0.9519,24,57,3,2,0.9419,0.9231,0.95,0.9057,0.9647,23,57,3,3,0.9302,0.8846,0.95,0.8846,0.975,24,58,2,2,0.9535,0.9231,0.9667,0.9231,0.9654
859,29,55,9,6,0.8485,0.8286,0.8594,0.7945,0.9192,26,58,6,9,0.8485,0.7429,0.9062,0.7761,0.9393,27,53,11,8,0.8081,0.7714,0.8281,0.7397,0.9036,29,58,6,6,0.8788,0.8286,0.9062,0.8286,0.9143,27,57,7,8,0.8485,0.7714,0.8906,0.7826,0.9321,26,64,6,6,0.8824,0.8125,0.9143,0.8125,0.8763,27,61,9,5,0.8627,0.8438,0.8714,0.7941,0.8741,24,64,6,8,0.8627,0.75,0.9143,0.7742,0.8683,23,62,8,9,0.8333,0.7188,0.8857,0.7302,0.871,24,60,10,8,0.8235,0.75,0.8571,0.7273,0.8754,13,56,7,8,0.8214,0.619,0.8889,0.6341,0.802,14,51,12,7,0.7738,0.6667,0.8095,0.5957,0.7997,14,49,14,7,0.75,0.6667,0.7778,0.5714,0.8307,14,54,9,7,0.8095,0.6667,0.8571,0.6364,0.8042,14,51,12,7,0.7738,0.6667,0.8095,0.5957,0.8488,24,54,5,3,0.907,0.8889,0.9153,0.8571,0.8964,24,54,5,3,0.907,0.8889,0.9153,0.8571,0.9008,24,51,8,3,0.8721,0.8889,0.8644,0.8136,0.9021,24,51,8,3,0.8721,0.8889,0.8644,0.8136,0.9209,24,54,5,3,0.907,0.8889,0.9153,0.8571,0.8983
860,29,41,18,11,0.7071,0.725,0.6949,0.6667,0.7911,24,49,10,16,0.7374,0.6,0.8305,0.6486,0.8258,25,42,17,15,0.6768,0.625,0.7119,0.6098,0.7864,29,49,10,11,0.7879,0.725,0.8305,0.7342,0.8104,25,47,12,15,0.7273,0.625,0.7966,0.6494,0.8246,25,63,7,7,0.8627,0.7812,0.9,0.7812,0.9098,29,60,10,3,0.8725,0.9062,0.8571,0.8169,0.9058,23,58,12,9,0.7941,0.7188,0.8286,0.6866,0.8741,21,60,10,11,0.7941,0.6562,0.8571,0.6667,0.9036,23,57,13,9,0.7843,0.7188,0.8143,0.6765,0.8821,22,43,6,13,0.7738,0.6286,0.8776,0.6984,0.7493,21,36,13,14,0.6786,0.6,0.7347,0.6087,0.8216,21,36,13,14,0.6786,0.6,0.7347,0.6087,0.7743,21,37,12,14,0.6905,0.6,0.7551,0.6176,0.7983,21,37,12,14,0.6905,0.6,0.7551,0.6176,0.8076,25,59,2,0,0.9767,1.0,0.9672,0.9615,0.977,25,58,3,0,0.9651,1.0,0.9508,0.9434,0.9849,25,55,6,0,0.9302,1.0,0.9016,0.8929,0.9836,25,55,6,0,0.9302,1.0,0.9016,0.8929,0.9836,25,58,3,0,0.9651,1.0,0.9508,0.9434,0.981
861,28,46,14,11,0.7475,0.7179,0.7667,0.6914,0.791,25,50,10,14,0.7576,0.641,0.8333,0.6757,0.8115,24,47,13,15,0.7172,0.6154,0.7833,0.6316,0.7726,28,50,10,11,0.7879,0.7179,0.8333,0.7273,0.7962,24,49,11,15,0.7374,0.6154,0.8167,0.6486,0.8175,17,74,5,6,0.8922,0.7391,0.9367,0.7556,0.9367,20,74,5,3,0.9216,0.8696,0.9367,0.8333,0.9202,17,75,4,6,0.902,0.7391,0.9494,0.7727,0.9136,15,74,5,8,0.8725,0.6522,0.9367,0.6977,0.9185,17,74,5,6,0.8922,0.7391,0.9367,0.7556,0.918,20,52,4,8,0.8571,0.7143,0.9286,0.7692,0.8431,22,44,12,6,0.7857,0.7857,0.7857,0.7097,0.9005,22,40,16,6,0.7381,0.7857,0.7143,0.6667,0.8335,23,44,12,5,0.7976,0.8214,0.7857,0.7302,0.8827,22,43,13,6,0.7738,0.7857,0.7679,0.6984,0.8469,22,57,2,5,0.9186,0.8148,0.9661,0.8627,0.8795,21,57,2,6,0.907,0.7778,0.9661,0.84,0.8588,22,57,2,5,0.9186,0.8148,0.9661,0.8627,0.892,21,57,2,6,0.907,0.7778,0.9661,0.84,0.9127,22,57,2,5,0.9186,0.8148,0.9661,0.8627,0.8864
862,24,54,12,9,0.7879,0.7273,0.8182,0.6957,0.8457,23,61,5,10,0.8485,0.697,0.9242,0.7541,0.8476,21,57,9,12,0.7879,0.6364,0.8636,0.6667,0.8352,24,61,5,9,0.8586,0.7273,0.9242,0.7742,0.8361,21,59,7,12,0.8081,0.6364,0.8939,0.6885,0.8558,13,78,3,8,0.8922,0.619,0.963,0.7027,0.8001,14,75,6,7,0.8725,0.6667,0.9259,0.6829,0.8325,11,74,7,10,0.8333,0.5238,0.9136,0.5641,0.779,11,76,5,10,0.8529,0.5238,0.9383,0.5946,0.8148,11,71,10,10,0.8039,0.5238,0.8765,0.5238,0.8001,17,51,6,10,0.8095,0.6296,0.8947,0.68,0.8239,17,45,12,10,0.7381,0.6296,0.7895,0.6071,0.7869,19,43,14,8,0.7381,0.7037,0.7544,0.6333,0.8343,17,49,8,10,0.7857,0.6296,0.8596,0.6538,0.8239,19,47,10,8,0.7857,0.7037,0.8246,0.6786,0.8499,20,60,1,5,0.9302,0.8,0.9836,0.8696,0.9364,20,60,1,5,0.9302,0.8,0.9836,0.8696,0.9423,20,59,2,5,0.9186,0.8,0.9672,0.8511,0.9154,20,59,2,5,0.9186,0.8,0.9672,0.8511,0.9541,20,60,1,5,0.9302,0.8,0.9836,0.8696,0.9521
863,22,57,8,12,0.798,0.6471,0.8769,0.6875,0.7955,21,60,5,13,0.8182,0.6176,0.9231,0.7,0.7774,20,58,7,14,0.7879,0.5882,0.8923,0.6557,0.7765,22,60,5,12,0.8283,0.6471,0.9231,0.7213,0.7882,20,57,8,14,0.7778,0.5882,0.8769,0.6452,0.8271,23,68,3,8,0.8922,0.7419,0.9577,0.807,0.8978,27,69,2,4,0.9412,0.871,0.9718,0.9,0.9182,22,69,2,9,0.8922,0.7097,0.9718,0.8,0.8919,19,70,1,12,0.8725,0.6129,0.9859,0.7451,0.906,22,67,4,9,0.8725,0.7097,0.9437,0.7719,0.9078,18,50,3,13,0.8095,0.5806,0.9434,0.6923,0.7906,17,39,14,14,0.6667,0.5484,0.7358,0.5484,0.8058,18,37,16,13,0.6548,0.5806,0.6981,0.5538,0.787,17,44,9,14,0.7262,0.5484,0.8302,0.5965,0.8156,18,42,11,13,0.7143,0.5806,0.7925,0.6,0.7949,18,59,3,6,0.8953,0.75,0.9516,0.8,0.8313,18,56,6,6,0.8605,0.75,0.9032,0.75,0.7937,18,55,7,6,0.8488,0.75,0.8871,0.7347,0.8609,18,55,7,6,0.8488,0.75,0.8871,0.7347,0.8831,18,56,6,6,0.8605,0.75,0.9032,0.75,0.8528
864,32,46,13,8,0.7879,0.8,0.7797,0.7529,0.8695,30,48,11,10,0.7879,0.75,0.8136,0.7407,0.8852,32,44,15,8,0.7677,0.8,0.7458,0.7356,0.8797,32,48,11,8,0.8081,0.8,0.8136,0.7711,0.8877,32,48,11,8,0.8081,0.8,0.8136,0.7711,0.9127,21,68,6,7,0.8725,0.75,0.9189,0.7636,0.931,22,69,5,6,0.8922,0.7857,0.9324,0.8,0.9184,20,67,7,8,0.8529,0.7143,0.9054,0.7273,0.8871,19,70,4,9,0.8725,0.6786,0.9459,0.7451,0.9208,20,66,8,8,0.8431,0.7143,0.8919,0.7143,0.9049,14,54,9,7,0.8095,0.6667,0.8571,0.6364,0.7423,14,42,21,7,0.6667,0.6667,0.6667,0.5,0.8171,15,44,19,6,0.7024,0.7143,0.6984,0.5455,0.7445,14,48,15,7,0.7381,0.6667,0.7619,0.56,0.7997,15,47,16,6,0.7381,0.7143,0.746,0.5769,0.8042,23,58,1,4,0.9419,0.8519,0.9831,0.902,0.9743,23,57,2,4,0.9302,0.8519,0.9661,0.8846,0.9718,23,57,2,4,0.9302,0.8519,0.9661,0.8846,0.951,23,57,2,4,0.9302,0.8519,0.9661,0.8846,0.9774,23,57,2,4,0.9302,0.8519,0.9661,0.8846,0.973
865,31,52,9,7,0.8384,0.8158,0.8525,0.7949,0.8727,24,52,9,14,0.7677,0.6316,0.8525,0.6761,0.8477,25,52,9,13,0.7778,0.6579,0.8525,0.6944,0.8753,31,52,9,7,0.8384,0.8158,0.8525,0.7949,0.873,25,51,10,13,0.7677,0.6579,0.8361,0.6849,0.8865,19,70,6,7,0.8725,0.7308,0.9211,0.7451,0.874,22,72,4,4,0.9216,0.8462,0.9474,0.8462,0.9565,20,72,4,6,0.902,0.7692,0.9474,0.8,0.9109,19,73,3,7,0.902,0.7308,0.9605,0.7917,0.9291,20,71,5,6,0.8922,0.7692,0.9342,0.7843,0.9453,23,46,8,7,0.8214,0.7667,0.8519,0.7541,0.8241,22,44,10,8,0.7857,0.7333,0.8148,0.7097,0.8321,23,37,17,7,0.7143,0.7667,0.6852,0.6571,0.8315,22,45,9,8,0.7976,0.7333,0.8333,0.7213,0.8327,23,41,13,7,0.7619,0.7667,0.7593,0.697,0.8494,20,55,7,4,0.8721,0.8333,0.8871,0.7843,0.8784,20,54,8,4,0.8605,0.8333,0.871,0.7692,0.8414,20,54,8,4,0.8605,0.8333,0.871,0.7692,0.8669,20,54,8,4,0.8605,0.8333,0.871,0.7692,0.8905,20,54,8,4,0.8605,0.8333,0.871,0.7692,0.8676
866,24,55,13,7,0.798,0.7742,0.8088,0.7059,0.8771,22,61,7,9,0.8384,0.7097,0.8971,0.7333,0.899,24,57,11,7,0.8182,0.7742,0.8382,0.7273,0.871,24,61,7,7,0.8586,0.7742,0.8971,0.7742,0.8553,24,57,11,7,0.8182,0.7742,0.8382,0.7273,0.9056,27,60,5,10,0.8529,0.7297,0.9231,0.7826,0.8844,31,58,7,6,0.8725,0.8378,0.8923,0.8267,0.8753,26,61,4,11,0.8529,0.7027,0.9385,0.7761,0.8715,24,60,5,13,0.8235,0.6486,0.9231,0.7273,0.8911,26,58,7,11,0.8235,0.7027,0.8923,0.7429,0.884,18,50,6,10,0.8095,0.6429,0.8929,0.6923,0.8029,18,45,11,10,0.75,0.6429,0.8036,0.6316,0.8418,18,41,15,10,0.7024,0.6429,0.7321,0.5902,0.7927,19,47,9,9,0.7857,0.6786,0.8393,0.6786,0.8221,18,45,11,10,0.75,0.6429,0.8036,0.6316,0.808,26,55,4,1,0.9419,0.963,0.9322,0.9123,0.9554,26,54,5,1,0.9302,0.963,0.9153,0.8966,0.9711,26,53,6,1,0.9186,0.963,0.8983,0.8814,0.9466,26,53,6,1,0.9186,0.963,0.8983,0.8814,0.968,26,54,5,1,0.9302,0.963,0.9153,0.8966,0.9448
867,30,52,7,10,0.8283,0.75,0.8814,0.7792,0.8513,27,56,3,13,0.8384,0.675,0.9492,0.7714,0.8432,27,52,7,13,0.798,0.675,0.8814,0.7297,0.8131,30,56,3,10,0.8687,0.75,0.9492,0.8219,0.8415,27,53,6,13,0.8081,0.675,0.8983,0.7397,0.8746,20,71,5,6,0.8922,0.7692,0.9342,0.7843,0.8097,20,71,5,6,0.8922,0.7692,0.9342,0.7843,0.8456,18,70,6,8,0.8627,0.6923,0.9211,0.72,0.8168,18,71,5,8,0.8725,0.6923,0.9342,0.7347,0.8214,18,67,9,8,0.8333,0.6923,0.8816,0.6792,0.8198,19,46,6,13,0.7738,0.5938,0.8846,0.6667,0.7758,20,40,12,12,0.7143,0.625,0.7692,0.625,0.8323,21,36,16,11,0.6786,0.6562,0.6923,0.6087,0.7764,21,44,8,11,0.7738,0.6562,0.8462,0.6885,0.8221,21,41,11,11,0.7381,0.6562,0.7885,0.6562,0.8245,22,55,4,5,0.8953,0.8148,0.9322,0.8302,0.8807,21,54,5,6,0.8721,0.7778,0.9153,0.7925,0.8406,22,54,5,5,0.8837,0.8148,0.9153,0.8148,0.8914,21,54,5,6,0.8721,0.7778,0.9153,0.7925,0.9083,22,54,5,5,0.8837,0.8148,0.9153,0.8148,0.8713
868,25,50,12,12,0.7576,0.6757,0.8065,0.6757,0.8601,21,53,9,16,0.7475,0.5676,0.8548,0.6269,0.8304,24,50,12,13,0.7475,0.6486,0.8065,0.6575,0.8409,25,53,9,12,0.7879,0.6757,0.8548,0.7042,0.8391,24,50,12,13,0.7475,0.6486,0.8065,0.6575,0.8566,22,64,4,12,0.8431,0.6471,0.9412,0.7333,0.8106,23,65,3,11,0.8627,0.6765,0.9559,0.7667,0.8997,21,64,4,13,0.8333,0.6176,0.9412,0.7119,0.846,21,67,1,13,0.8627,0.6176,0.9853,0.75,0.8789,21,63,5,13,0.8235,0.6176,0.9265,0.7,0.8625,20,45,7,12,0.7738,0.625,0.8654,0.678,0.863,21,43,9,11,0.7619,0.6562,0.8269,0.6774,0.869,22,38,14,10,0.7143,0.6875,0.7308,0.6471,0.8552,23,44,8,9,0.7976,0.7188,0.8462,0.7302,0.8804,22,40,12,10,0.7381,0.6875,0.7692,0.6667,0.8624,18,57,5,6,0.8721,0.75,0.9194,0.766,0.8522,16,57,5,8,0.8488,0.6667,0.9194,0.7111,0.8401,18,56,6,6,0.8605,0.75,0.9032,0.75,0.8387,16,56,6,8,0.8372,0.6667,0.9032,0.6957,0.875,18,57,5,6,0.8721,0.75,0.9194,0.766,0.8562
869,28,54,6,11,0.8283,0.7179,0.9,0.7671,0.8551,26,57,3,13,0.8384,0.6667,0.95,0.7647,0.8521,27,53,7,12,0.8081,0.6923,0.8833,0.7397,0.8483,28,57,3,11,0.8586,0.7179,0.95,0.8,0.8701,27,55,5,12,0.8283,0.6923,0.9167,0.7606,0.8906,16,71,8,7,0.8529,0.6957,0.8987,0.6809,0.8211,16,69,10,7,0.8333,0.6957,0.8734,0.6531,0.8019,16,70,9,7,0.8431,0.6957,0.8861,0.6667,0.7953,16,70,9,7,0.8431,0.6957,0.8861,0.6667,0.8239,16,68,11,7,0.8235,0.6957,0.8608,0.64,0.7997,21,46,10,7,0.7976,0.75,0.8214,0.7119,0.8297,20,43,13,8,0.75,0.7143,0.7679,0.6557,0.7889,20,40,16,8,0.7143,0.7143,0.7143,0.625,0.8221,20,46,10,8,0.7857,0.7143,0.8214,0.6897,0.8182,20,42,14,8,0.7381,0.7143,0.75,0.6452,0.8253,27,53,4,2,0.9302,0.931,0.9298,0.9,0.9407,26,53,4,3,0.9186,0.8966,0.9298,0.8814,0.9316,27,53,4,2,0.9302,0.931,0.9298,0.9,0.9431,26,53,4,3,0.9186,0.8966,0.9298,0.8814,0.9419,27,53,4,2,0.9302,0.931,0.9298,0.9,0.9304
870,31,48,10,10,0.798,0.7561,0.8276,0.7561,0.8516,28,50,8,13,0.7879,0.6829,0.8621,0.7273,0.857,27,45,13,14,0.7273,0.6585,0.7759,0.6667,0.8343,31,50,8,10,0.8182,0.7561,0.8621,0.775,0.8404,27,50,8,14,0.7778,0.6585,0.8621,0.7105,0.86,24,67,5,6,0.8922,0.8,0.9306,0.8136,0.8958,26,69,3,4,0.9314,0.8667,0.9583,0.8814,0.9134,25,68,4,5,0.9118,0.8333,0.9444,0.8475,0.9042,24,69,3,6,0.9118,0.8,0.9583,0.8421,0.9144,25,67,5,5,0.902,0.8333,0.9306,0.8333,0.9167,19,50,11,4,0.8214,0.8261,0.8197,0.717,0.8617,20,44,17,3,0.7619,0.8696,0.7213,0.6667,0.8924,20,42,19,3,0.7381,0.8696,0.6885,0.6452,0.886,20,48,13,3,0.8095,0.8696,0.7869,0.7143,0.8895,20,50,11,3,0.8333,0.8696,0.8197,0.7407,0.8753,21,58,6,1,0.9186,0.9545,0.9062,0.8571,0.9212,21,57,7,1,0.907,0.9545,0.8906,0.84,0.9077,21,57,7,1,0.907,0.9545,0.8906,0.84,0.9418,21,57,7,1,0.907,0.9545,0.8906,0.84,0.9389,21,57,7,1,0.907,0.9545,0.8906,0.84,0.9105
871,21,64,9,5,0.8586,0.8077,0.8767,0.75,0.8272,17,69,4,9,0.8687,0.6538,0.9452,0.7234,0.8746,18,68,5,8,0.8687,0.6923,0.9315,0.7347,0.8214,21,69,4,5,0.9091,0.8077,0.9452,0.8235,0.8148,18,67,6,8,0.8586,0.6923,0.9178,0.72,0.863,15,73,6,8,0.8627,0.6522,0.9241,0.6818,0.798,17,70,9,6,0.8529,0.7391,0.8861,0.6939,0.8052,15,73,6,8,0.8627,0.6522,0.9241,0.6818,0.803,13,72,7,10,0.8333,0.5652,0.9114,0.6047,0.8112,15,68,11,8,0.8137,0.6522,0.8608,0.6122,0.809,17,50,7,10,0.7976,0.6296,0.8772,0.6667,0.7869,16,43,14,11,0.7024,0.5926,0.7544,0.5614,0.8239,18,42,15,9,0.7143,0.6667,0.7368,0.6,0.7973,17,43,14,10,0.7143,0.6296,0.7544,0.5862,0.8122,18,44,13,9,0.7381,0.6667,0.7719,0.6207,0.8005,27,54,2,3,0.9419,0.9,0.9643,0.9153,0.947,26,54,2,4,0.9302,0.8667,0.9643,0.8966,0.947,27,53,3,3,0.9302,0.9,0.9464,0.9,0.9399,26,53,3,4,0.9186,0.8667,0.9464,0.8814,0.9673,27,54,2,3,0.9419,0.9,0.9643,0.9153,0.95
872,28,54,8,9,0.8283,0.7568,0.871,0.7671,0.8527,26,57,5,11,0.8384,0.7027,0.9194,0.7647,0.8771,26,53,9,11,0.798,0.7027,0.8548,0.7222,0.84,28,57,5,9,0.8586,0.7568,0.9194,0.8,0.8457,26,53,9,11,0.798,0.7027,0.8548,0.7222,0.891,19,74,3,6,0.9118,0.76,0.961,0.8085,0.9226,22,72,5,3,0.9216,0.88,0.9351,0.8462,0.9449,18,72,5,7,0.8824,0.72,0.9351,0.75,0.9195,17,73,4,8,0.8824,0.68,0.9481,0.7391,0.9309,18,70,7,7,0.8627,0.72,0.9091,0.72,0.9423,19,45,6,14,0.7619,0.5758,0.8824,0.6552,0.7392,21,38,13,12,0.7024,0.6364,0.7451,0.6269,0.8027,21,34,17,12,0.6548,0.6364,0.6667,0.5915,0.7392,23,41,10,10,0.7619,0.697,0.8039,0.697,0.7944,21,37,14,12,0.6905,0.6364,0.7255,0.6176,0.7724,22,54,4,6,0.8837,0.7857,0.931,0.8148,0.8984,20,52,6,8,0.8372,0.7143,0.8966,0.7407,0.8849,22,52,6,6,0.8605,0.7857,0.8966,0.7857,0.8799,20,52,6,8,0.8372,0.7143,0.8966,0.7407,0.9126,22,52,6,6,0.8605,0.7857,0.8966,0.7857,0.9009
873,27,54,12,6,0.8182,0.8182,0.8182,0.75,0.8857,27,54,12,6,0.8182,0.8182,0.8182,0.75,0.8926,26,53,13,7,0.798,0.7879,0.803,0.7222,0.8783,27,54,12,6,0.8182,0.8182,0.8182,0.75,0.8889,26,52,14,7,0.7879,0.7879,0.7879,0.7123,0.9004,20,69,7,6,0.8725,0.7692,0.9079,0.7547,0.8897,21,71,5,5,0.902,0.8077,0.9342,0.8077,0.8993,15,70,6,11,0.8333,0.5769,0.9211,0.6383,0.8725,15,72,4,11,0.8529,0.5769,0.9474,0.6667,0.8851,15,70,6,11,0.8333,0.5769,0.9211,0.6383,0.8856,26,48,0,10,0.881,0.7222,1.0,0.8387,0.9282,26,41,7,10,0.7976,0.7222,0.8542,0.7536,0.9265,26,41,7,10,0.7976,0.7222,0.8542,0.7536,0.9282,28,42,6,8,0.8333,0.7778,0.875,0.8,0.9277,26,42,6,10,0.8095,0.7222,0.875,0.7647,0.9288,26,57,2,1,0.9651,0.963,0.9661,0.9455,0.9623,25,57,2,2,0.9535,0.9259,0.9661,0.9259,0.9692,26,56,3,1,0.9535,0.963,0.9492,0.9286,0.9699,25,56,3,2,0.9419,0.9259,0.9492,0.9091,0.9755,26,57,2,1,0.9651,0.963,0.9661,0.9455,0.968
874,25,53,11,10,0.7879,0.7143,0.8281,0.7042,0.8473,25,61,3,10,0.8687,0.7143,0.9531,0.7937,0.8857,24,52,12,11,0.7677,0.6857,0.8125,0.6761,0.8545,25,61,3,10,0.8687,0.7143,0.9531,0.7937,0.8402,24,57,7,11,0.8182,0.6857,0.8906,0.7273,0.8866,17,71,9,5,0.8627,0.7727,0.8875,0.7083,0.8852,19,74,6,3,0.9118,0.8636,0.925,0.8085,0.9375,16,70,10,6,0.8431,0.7273,0.875,0.6667,0.8824,14,76,4,8,0.8824,0.6364,0.95,0.7,0.9114,16,70,10,6,0.8431,0.7273,0.875,0.6667,0.9045,22,40,8,14,0.7381,0.6111,0.8333,0.6667,0.7465,21,35,13,15,0.6667,0.5833,0.7292,0.6,0.8096,22,34,14,14,0.6667,0.6111,0.7083,0.6111,0.7367,21,40,8,15,0.7262,0.5833,0.8333,0.6462,0.7801,22,36,12,14,0.6905,0.6111,0.75,0.6286,0.7795,25,56,3,2,0.9419,0.9259,0.9492,0.9091,0.9435,24,54,5,3,0.907,0.8889,0.9153,0.8571,0.941,25,51,8,2,0.8837,0.9259,0.8644,0.8333,0.9291,24,51,8,3,0.8721,0.8889,0.8644,0.8136,0.9385,25,54,5,2,0.9186,0.9259,0.9153,0.8772,0.9485
875,23,55,14,7,0.7879,0.7667,0.7971,0.6866,0.8647,22,59,10,8,0.8182,0.7333,0.8551,0.7097,0.8623,23,57,12,7,0.8081,0.7667,0.8261,0.7077,0.8285,23,59,10,7,0.8283,0.7667,0.8551,0.7302,0.8512,23,58,11,7,0.8182,0.7667,0.8406,0.7188,0.8681,20,65,8,9,0.8333,0.6897,0.8904,0.7018,0.8635,23,69,4,6,0.902,0.7931,0.9452,0.8214,0.8871,21,67,6,8,0.8627,0.7241,0.9178,0.75,0.8663,19,72,1,10,0.8922,0.6552,0.9863,0.7755,0.8786,21,67,6,8,0.8627,0.7241,0.9178,0.75,0.864,22,47,4,11,0.8214,0.6667,0.9216,0.7458,0.8788,23,43,8,10,0.7857,0.697,0.8431,0.7188,0.8758,25,39,12,8,0.7619,0.7576,0.7647,0.7143,0.8788,26,47,4,7,0.869,0.7879,0.9216,0.8254,0.899,25,44,7,8,0.8214,0.7576,0.8627,0.7692,0.9091,21,60,3,2,0.9419,0.913,0.9524,0.8936,0.9289,21,59,4,2,0.9302,0.913,0.9365,0.875,0.911,21,58,5,2,0.9186,0.913,0.9206,0.8571,0.9303,21,58,5,2,0.9186,0.913,0.9206,0.8571,0.9386,21,59,4,2,0.9302,0.913,0.9365,0.875,0.9275
876,27,51,11,10,0.7879,0.7297,0.8226,0.72,0.8753,26,54,8,11,0.8081,0.7027,0.871,0.7324,0.8749,27,51,11,10,0.7879,0.7297,0.8226,0.72,0.8614,27,54,8,10,0.8182,0.7297,0.871,0.75,0.8784,27,52,10,10,0.798,0.7297,0.8387,0.7297,0.8845,15,74,6,7,0.8725,0.6818,0.925,0.6977,0.8398,17,74,6,5,0.8922,0.7727,0.925,0.7556,0.858,15,68,12,7,0.8137,0.6818,0.85,0.6122,0.8148,15,74,6,7,0.8725,0.6818,0.925,0.6977,0.8466,15,67,13,7,0.8039,0.6818,0.8375,0.6,0.8313,12,54,11,7,0.7857,0.6316,0.8308,0.5714,0.766,13,49,16,6,0.7381,0.6842,0.7538,0.5417,0.8372,14,43,22,5,0.6786,0.7368,0.6615,0.5091,0.7798,14,50,15,5,0.7619,0.7368,0.7692,0.5833,0.8162,14,49,16,5,0.75,0.7368,0.7538,0.5714,0.8251,24,55,3,4,0.9186,0.8571,0.9483,0.8727,0.9286,20,53,5,8,0.8488,0.7143,0.9138,0.7547,0.9089,24,52,6,4,0.8837,0.8571,0.8966,0.8276,0.9089,20,52,6,8,0.8372,0.7143,0.8966,0.7407,0.9323,24,53,5,4,0.8953,0.8571,0.9138,0.8421,0.92
877,23,60,10,6,0.8384,0.7931,0.8571,0.7419,0.8882,20,64,6,9,0.8485,0.6897,0.9143,0.7273,0.9212,19,61,9,10,0.8081,0.6552,0.8714,0.6667,0.8744,23,64,6,6,0.8788,0.7931,0.9143,0.7931,0.866,19,61,9,10,0.8081,0.6552,0.8714,0.6667,0.8901,14,79,4,5,0.9118,0.7368,0.9518,0.7568,0.8618,15,77,6,4,0.902,0.7895,0.9277,0.75,0.8599,15,76,7,4,0.8922,0.7895,0.9157,0.7317,0.8484,14,78,5,5,0.902,0.7368,0.9398,0.7368,0.8675,15,73,10,4,0.8627,0.7895,0.8795,0.6818,0.8535,26,47,3,8,0.869,0.7647,0.94,0.8254,0.8876,26,41,9,8,0.7976,0.7647,0.82,0.7536,0.92,26,38,12,8,0.7619,0.7647,0.76,0.7222,0.8888,28,44,6,6,0.8571,0.8235,0.88,0.8235,0.9206,26,40,10,8,0.7857,0.7647,0.8,0.7429,0.9076,20,59,5,2,0.9186,0.9091,0.9219,0.8511,0.9446,19,58,6,3,0.8953,0.8636,0.9062,0.8085,0.9382,20,57,7,2,0.8953,0.9091,0.8906,0.8163,0.9297,19,57,7,3,0.8837,0.8636,0.8906,0.7917,0.9446,20,58,6,2,0.907,0.9091,0.9062,0.8333,0.9268
878,28,50,12,9,0.7879,0.7568,0.8065,0.7273,0.8997,26,56,6,11,0.8283,0.7027,0.9032,0.7536,0.8993,26,50,12,11,0.7677,0.7027,0.8065,0.6933,0.884,28,56,6,9,0.8485,0.7568,0.9032,0.7887,0.8779,26,55,7,11,0.8182,0.7027,0.8871,0.7429,0.8888,17,74,5,6,0.8922,0.7391,0.9367,0.7556,0.8954,20,75,4,3,0.9314,0.8696,0.9494,0.8511,0.8987,15,74,5,8,0.8725,0.6522,0.9367,0.6977,0.8553,15,76,3,8,0.8922,0.6522,0.962,0.7317,0.8888,15,73,6,8,0.8627,0.6522,0.9241,0.6818,0.8778,21,42,6,15,0.75,0.5833,0.875,0.6667,0.8142,22,37,11,14,0.7024,0.6111,0.7708,0.6377,0.8154,24,35,13,12,0.7024,0.6667,0.7292,0.6575,0.8171,24,38,10,12,0.7381,0.6667,0.7917,0.6857,0.8171,24,39,9,12,0.75,0.6667,0.8125,0.6957,0.8385,24,55,5,2,0.9186,0.9231,0.9167,0.8727,0.9288,21,54,6,5,0.8721,0.8077,0.9,0.7925,0.9327,24,53,7,2,0.8953,0.9231,0.8833,0.8421,0.9115,21,53,7,5,0.8605,0.8077,0.8833,0.7778,0.9256,24,54,6,2,0.907,0.9231,0.9,0.8571,0.9263
879,34,53,8,4,0.8788,0.8947,0.8689,0.85,0.9107,33,56,5,5,0.899,0.8684,0.918,0.8684,0.9461,31,54,7,7,0.8586,0.8158,0.8852,0.8158,0.909,34,56,5,4,0.9091,0.8947,0.918,0.8831,0.8973,31,56,5,7,0.8788,0.8158,0.918,0.8378,0.9318,18,75,4,5,0.9118,0.7826,0.9494,0.8,0.9196,20,78,1,3,0.9608,0.8696,0.9873,0.9091,0.9103,17,78,1,6,0.9314,0.7391,0.9873,0.8293,0.8976,16,78,1,7,0.9216,0.6957,0.9873,0.8,0.907,17,76,3,6,0.9118,0.7391,0.962,0.7907,0.896,21,47,10,6,0.8095,0.7778,0.8246,0.7241,0.8609,21,45,12,6,0.7857,0.7778,0.7895,0.7,0.9006,23,40,17,4,0.75,0.8519,0.7018,0.6866,0.9012,22,47,10,5,0.8214,0.8148,0.8246,0.7458,0.9181,23,46,11,4,0.8214,0.8519,0.807,0.7541,0.9006,23,59,3,1,0.9535,0.9583,0.9516,0.92,0.9711,23,58,4,1,0.9419,0.9583,0.9355,0.902,0.9684,23,57,5,1,0.9302,0.9583,0.9194,0.8846,0.9704,23,57,5,1,0.9302,0.9583,0.9194,0.8846,0.9698,23,58,4,1,0.9419,0.9583,0.9355,0.902,0.9731
880,26,52,13,8,0.7879,0.7647,0.8,0.7123,0.8774,20,57,8,14,0.7778,0.5882,0.8769,0.6452,0.8959,22,51,14,12,0.7374,0.6471,0.7846,0.6286,0.843,26,57,8,8,0.8384,0.7647,0.8769,0.7647,0.8704,22,55,10,12,0.7778,0.6471,0.8462,0.6667,0.8995,24,64,6,8,0.8627,0.75,0.9143,0.7742,0.8821,26,62,8,6,0.8627,0.8125,0.8857,0.7879,0.8982,23,62,8,9,0.8333,0.7188,0.8857,0.7302,0.8804,22,62,8,10,0.8235,0.6875,0.8857,0.7097,0.8754,23,57,13,9,0.7843,0.7188,0.8143,0.6765,0.8826,18,55,4,7,0.869,0.72,0.9322,0.766,0.8129,18,49,10,7,0.7976,0.72,0.8305,0.6792,0.8685,18,45,14,7,0.75,0.72,0.7627,0.6316,0.8258,18,51,8,7,0.8214,0.72,0.8644,0.7059,0.8542,18,49,10,7,0.7976,0.72,0.8305,0.6792,0.8631,18,63,4,1,0.9419,0.9474,0.9403,0.878,0.9419,17,62,5,2,0.9186,0.8947,0.9254,0.8293,0.9372,18,61,6,1,0.9186,0.9474,0.9104,0.8372,0.9301,17,61,6,2,0.907,0.8947,0.9104,0.8095,0.9497,18,62,5,1,0.9302,0.9474,0.9254,0.8571,0.9379
881,24,58,12,5,0.8283,0.8276,0.8286,0.7385,0.9305,22,64,6,7,0.8687,0.7586,0.9143,0.7719,0.9222,23,59,11,6,0.8283,0.7931,0.8429,0.7302,0.9227,24,64,6,5,0.8889,0.8276,0.9143,0.8136,0.9089,23,63,7,6,0.8687,0.7931,0.9,0.7797,0.9355,25,68,1,8,0.9118,0.7576,0.9855,0.8475,0.8586,27,66,3,6,0.9118,0.8182,0.9565,0.8571,0.9012,24,63,6,9,0.8529,0.7273,0.913,0.7619,0.8682,24,66,3,9,0.8824,0.7273,0.9565,0.8,0.8858,24,61,8,9,0.8333,0.7273,0.8841,0.7385,0.8898,20,53,3,8,0.869,0.7143,0.9464,0.7843,0.8737,20,43,13,8,0.75,0.7143,0.7679,0.6557,0.8763,21,43,13,7,0.7619,0.75,0.7679,0.6774,0.8482,22,47,9,6,0.8214,0.7857,0.8393,0.7458,0.896,21,46,10,7,0.7976,0.75,0.8214,0.7119,0.8667,23,57,3,3,0.9302,0.8846,0.95,0.8846,0.9622,22,56,4,4,0.907,0.8462,0.9333,0.8462,0.9667,23,53,7,3,0.8837,0.8846,0.8833,0.8214,0.9538,22,53,7,4,0.8721,0.8462,0.8833,0.8,0.9538,23,56,4,3,0.9186,0.8846,0.9333,0.8679,0.9609
882,27,46,15,11,0.7374,0.7105,0.7541,0.675,0.8223,25,53,8,13,0.7879,0.6579,0.8689,0.7042,0.865,25,45,16,13,0.7071,0.6579,0.7377,0.6329,0.8097,27,53,8,11,0.8081,0.7105,0.8689,0.7397,0.846,25,52,9,13,0.7778,0.6579,0.8525,0.6944,0.8619,24,67,4,7,0.8922,0.7742,0.9437,0.8136,0.8496,25,68,3,6,0.9118,0.8065,0.9577,0.8475,0.8823,23,66,5,8,0.8725,0.7419,0.9296,0.7797,0.8632,22,69,2,9,0.8922,0.7097,0.9718,0.8,0.8605,23,66,5,8,0.8725,0.7419,0.9296,0.7797,0.8832,25,42,8,9,0.7976,0.7353,0.84,0.7463,0.8218,25,41,9,9,0.7857,0.7353,0.82,0.7353,0.8247,27,39,11,7,0.7857,0.7941,0.78,0.75,0.8141,25,45,5,9,0.8333,0.7353,0.9,0.7812,0.8406,27,41,9,7,0.8095,0.7941,0.82,0.7714,0.8559,20,60,3,3,0.9302,0.8696,0.9524,0.8696,0.9379,19,60,3,4,0.9186,0.8261,0.9524,0.8444,0.9358,20,58,5,3,0.907,0.8696,0.9206,0.8333,0.9234,19,58,5,4,0.8953,0.8261,0.9206,0.8085,0.9469,20,60,3,3,0.9302,0.8696,0.9524,0.8696,0.942
883,24,59,8,8,0.8384,0.75,0.8806,0.75,0.8843,21,62,5,11,0.8384,0.6562,0.9254,0.7241,0.8666,22,60,7,10,0.8283,0.6875,0.8955,0.7213,0.8503,24,62,5,8,0.8687,0.75,0.9254,0.7869,0.879,22,60,7,10,0.8283,0.6875,0.8955,0.7213,0.8806,16,72,5,9,0.8627,0.64,0.9351,0.6957,0.8426,19,71,6,6,0.8824,0.76,0.9221,0.76,0.8338,18,67,10,7,0.8333,0.72,0.8701,0.6792,0.8281,16,72,5,9,0.8627,0.64,0.9351,0.6957,0.8306,18,67,10,7,0.8333,0.72,0.8701,0.6792,0.8322,16,59,3,6,0.8929,0.7273,0.9516,0.7805,0.8871,17,51,11,5,0.8095,0.7727,0.8226,0.68,0.937,17,47,15,5,0.7619,0.7727,0.7581,0.6296,0.9113,17,56,6,5,0.869,0.7727,0.9032,0.7556,0.9362,17,54,8,5,0.8452,0.7727,0.871,0.7234,0.893,22,59,2,3,0.9419,0.88,0.9672,0.898,0.937,22,59,2,3,0.9419,0.88,0.9672,0.898,0.9043,22,59,2,3,0.9419,0.88,0.9672,0.898,0.9593,22,59,2,3,0.9419,0.88,0.9672,0.898,0.9685,22,59,2,3,0.9419,0.88,0.9672,0.898,0.9298
884,21,52,14,12,0.7374,0.6364,0.7879,0.6176,0.7456,17,52,14,16,0.697,0.5152,0.7879,0.5312,0.7893,20,51,15,13,0.7172,0.6061,0.7727,0.5882,0.7323,21,52,14,12,0.7374,0.6364,0.7879,0.6176,0.7452,20,51,15,13,0.7172,0.6061,0.7727,0.5882,0.781,19,67,5,11,0.8431,0.6333,0.9306,0.7037,0.7926,21,68,4,9,0.8725,0.7,0.9444,0.7636,0.8185,17,67,5,13,0.8235,0.5667,0.9306,0.6538,0.7898,16,70,2,14,0.8431,0.5333,0.9722,0.6667,0.8227,17,66,6,13,0.8137,0.5667,0.9167,0.6415,0.8083,23,43,10,8,0.7857,0.7419,0.8113,0.7188,0.8052,23,36,17,8,0.7024,0.7419,0.6792,0.6479,0.7973,23,34,19,8,0.6786,0.7419,0.6415,0.6301,0.829,23,42,11,8,0.7738,0.7419,0.7925,0.7077,0.8418,23,44,9,8,0.7976,0.7419,0.8302,0.7302,0.801,28,52,3,3,0.9302,0.9032,0.9455,0.9032,0.9273,28,52,3,3,0.9302,0.9032,0.9455,0.9032,0.9038,28,52,3,3,0.9302,0.9032,0.9455,0.9032,0.9331,28,52,3,3,0.9302,0.9032,0.9455,0.9032,0.9437,28,52,3,3,0.9302,0.9032,0.9455,0.9032,0.9267
885,26,56,11,6,0.8283,0.8125,0.8358,0.7536,0.8498,23,57,10,9,0.8081,0.7188,0.8507,0.7077,0.8713,23,56,11,9,0.798,0.7188,0.8358,0.697,0.8363,26,57,10,6,0.8384,0.8125,0.8507,0.7647,0.8475,23,55,12,9,0.7879,0.7188,0.8209,0.6866,0.8797,21,69,5,7,0.8824,0.75,0.9324,0.7778,0.861,22,68,6,6,0.8824,0.7857,0.9189,0.7857,0.8803,19,67,7,9,0.8431,0.6786,0.9054,0.7037,0.8658,19,68,6,9,0.8529,0.6786,0.9189,0.717,0.8842,19,66,8,9,0.8333,0.6786,0.8919,0.6909,0.8842,24,41,7,12,0.7738,0.6667,0.8542,0.7164,0.8484,28,41,7,8,0.8214,0.7778,0.8542,0.7887,0.8825,29,37,11,7,0.7857,0.8056,0.7708,0.7632,0.8675,29,40,8,7,0.8214,0.8056,0.8333,0.7945,0.8843,29,39,9,7,0.8095,0.8056,0.8125,0.7838,0.8808,21,57,6,2,0.907,0.913,0.9048,0.84,0.9241,21,57,6,2,0.907,0.913,0.9048,0.84,0.9248,21,57,6,2,0.907,0.913,0.9048,0.84,0.9124,21,57,6,2,0.907,0.913,0.9048,0.84,0.9344,21,57,6,2,0.907,0.913,0.9048,0.84,0.9048
886,32,53,10,4,0.8586,0.8889,0.8413,0.8205,0.9383,30,56,7,6,0.8687,0.8333,0.8889,0.8219,0.9175,30,51,12,6,0.8182,0.8333,0.8095,0.7692,0.9109,32,56,7,4,0.8889,0.8889,0.8889,0.8533,0.9306,30,52,11,6,0.8283,0.8333,0.8254,0.7792,0.9409,11,73,7,11,0.8235,0.5,0.9125,0.55,0.717,13,74,6,9,0.8529,0.5909,0.925,0.6341,0.7437,12,74,6,10,0.8431,0.5455,0.925,0.6,0.725,10,76,4,12,0.8431,0.4545,0.95,0.5556,0.7131,12,71,9,10,0.8137,0.5455,0.8875,0.5581,0.7125,21,44,10,9,0.7738,0.7,0.8148,0.6885,0.8617,21,42,12,9,0.75,0.7,0.7778,0.6667,0.866,21,38,16,9,0.7024,0.7,0.7037,0.6269,0.8438,25,43,11,5,0.8095,0.8333,0.7963,0.7576,0.8741,21,42,12,9,0.75,0.7,0.7778,0.6667,0.858,24,54,3,5,0.907,0.8276,0.9474,0.8571,0.8772,19,53,4,10,0.8372,0.6552,0.9298,0.7308,0.8427,24,53,4,5,0.8953,0.8276,0.9298,0.8421,0.9014,19,53,4,10,0.8372,0.6552,0.9298,0.7308,0.9232,24,53,4,5,0.8953,0.8276,0.9298,0.8421,0.8911
887,19,56,9,15,0.7576,0.5588,0.8615,0.6129,0.7186,17,59,6,17,0.7677,0.5,0.9077,0.5965,0.729,17,55,10,17,0.7273,0.5,0.8462,0.5574,0.6873,19,59,6,15,0.7879,0.5588,0.9077,0.6441,0.6912,17,56,9,17,0.7374,0.5,0.8615,0.5667,0.7403,12,79,5,6,0.8922,0.6667,0.9405,0.6857,0.8611,13,79,5,5,0.902,0.7222,0.9405,0.7222,0.8717,9,77,7,9,0.8431,0.5,0.9167,0.5294,0.7976,8,81,3,10,0.8725,0.4444,0.9643,0.5517,0.8406,9,74,10,9,0.8137,0.5,0.881,0.4865,0.8261,20,50,1,13,0.8333,0.6061,0.9804,0.7407,0.8253,20,41,10,13,0.7262,0.6061,0.8039,0.6349,0.8515,23,38,13,10,0.7262,0.697,0.7451,0.6667,0.8295,21,43,8,12,0.7619,0.6364,0.8431,0.6774,0.8449,23,40,11,10,0.75,0.697,0.7843,0.6866,0.8348,22,59,2,3,0.9419,0.88,0.9672,0.898,0.9423,22,57,4,3,0.9186,0.88,0.9344,0.8627,0.9423,22,55,6,3,0.8953,0.88,0.9016,0.8302,0.937,22,55,6,3,0.8953,0.88,0.9016,0.8302,0.9534,22,57,4,3,0.9186,0.88,0.9344,0.8627,0.9456
888,22,61,10,6,0.8384,0.7857,0.8592,0.7333,0.8481,19,65,6,9,0.8485,0.6786,0.9155,0.717,0.8229,21,61,10,7,0.8283,0.75,0.8592,0.7119,0.8421,22,65,6,6,0.8788,0.7857,0.9155,0.7857,0.8305,21,63,8,7,0.8485,0.75,0.8873,0.7368,0.8793,14,77,3,8,0.8922,0.6364,0.9625,0.7179,0.796,15,76,4,7,0.8922,0.6818,0.95,0.7317,0.7909,13,74,6,9,0.8529,0.5909,0.925,0.6341,0.7705,13,76,4,9,0.8725,0.5909,0.95,0.6667,0.8074,13,72,8,9,0.8333,0.5909,0.9,0.6047,0.7739,22,53,5,4,0.8929,0.8462,0.9138,0.8302,0.8985,20,45,13,6,0.7738,0.7692,0.7759,0.678,0.8992,21,42,16,5,0.75,0.8077,0.7241,0.6667,0.872,20,50,8,6,0.8333,0.7692,0.8621,0.7407,0.9125,21,46,12,5,0.7976,0.8077,0.7931,0.7119,0.8952,26,52,6,2,0.907,0.9286,0.8966,0.8667,0.9243,25,52,6,3,0.8953,0.8929,0.8966,0.8475,0.9187,26,51,7,2,0.8953,0.9286,0.8793,0.8525,0.9126,25,51,7,3,0.8837,0.8929,0.8793,0.8333,0.9273,26,52,6,2,0.907,0.9286,0.8966,0.8667,0.9236
889,21,52,14,12,0.7374,0.6364,0.7879,0.6176,0.7828,21,56,10,12,0.7778,0.6364,0.8485,0.6562,0.8131,19,52,14,14,0.7172,0.5758,0.7879,0.5758,0.7746,21,56,10,12,0.7778,0.6364,0.8485,0.6562,0.7709,19,55,11,14,0.7475,0.5758,0.8333,0.6032,0.8085,25,65,7,5,0.8824,0.8333,0.9028,0.8065,0.8935,27,66,6,3,0.9118,0.9,0.9167,0.8571,0.9102,23,64,8,7,0.8529,0.7667,0.8889,0.7541,0.8806,22,68,4,8,0.8824,0.7333,0.9444,0.7857,0.9046,23,63,9,7,0.8431,0.7667,0.875,0.7419,0.9083,23,47,4,10,0.8333,0.697,0.9216,0.7667,0.8657,22,41,10,11,0.75,0.6667,0.8039,0.6769,0.8853,24,41,10,9,0.7738,0.7273,0.8039,0.7164,0.8497,23,43,8,10,0.7857,0.697,0.8431,0.7188,0.874,24,43,8,9,0.7976,0.7273,0.8431,0.7385,0.8752,23,54,6,3,0.8953,0.8846,0.9,0.8364,0.9314,23,54,6,3,0.8953,0.8846,0.9,0.8364,0.9096,23,53,7,3,0.8837,0.8846,0.8833,0.8214,0.9199,23,53,7,3,0.8837,0.8846,0.8833,0.8214,0.9212,23,54,6,3,0.8953,0.8846,0.9,0.8364,0.9135
890,22,45,18,14,0.6768,0.6111,0.7143,0.5789,0.761,19,48,15,17,0.6768,0.5278,0.7619,0.5429,0.7769,20,43,20,16,0.6364,0.5556,0.6825,0.5263,0.7381,22,48,15,14,0.7071,0.6111,0.7619,0.6027,0.7584,20,46,17,16,0.6667,0.5556,0.7302,0.5479,0.78,17,71,3,11,0.8627,0.6071,0.9595,0.7083,0.8113,19,74,0,9,0.9118,0.6786,1.0,0.8085,0.8369,13,73,1,15,0.8431,0.4643,0.9865,0.619,0.8181,13,74,0,15,0.8529,0.4643,1.0,0.6341,0.8272,13,72,2,15,0.8333,0.4643,0.973,0.6047,0.8282,18,48,8,10,0.7857,0.6429,0.8571,0.6667,0.7978,15,42,14,13,0.6786,0.5357,0.75,0.5263,0.8017,16,37,19,12,0.631,0.5714,0.6607,0.5079,0.7404,18,46,10,10,0.7619,0.6429,0.8214,0.6429,0.8144,16,42,14,12,0.6905,0.5714,0.75,0.5517,0.7902,19,57,5,5,0.8837,0.7917,0.9194,0.7917,0.8817,16,57,5,8,0.8488,0.6667,0.9194,0.7111,0.8649,19,56,6,5,0.8721,0.7917,0.9032,0.7755,0.8784,16,56,6,8,0.8372,0.6667,0.9032,0.6957,0.9093,19,57,5,5,0.8837,0.7917,0.9194,0.7917,0.871
891,25,50,15,9,0.7576,0.7353,0.7692,0.6757,0.8412,23,55,10,11,0.7879,0.6765,0.8462,0.6866,0.8213,21,53,12,13,0.7475,0.6176,0.8154,0.6269,0.7991,25,55,10,9,0.8081,0.7353,0.8462,0.7246,0.8303,21,55,10,13,0.7677,0.6176,0.8462,0.6462,0.8434,21,66,3,12,0.8529,0.6364,0.9565,0.7368,0.8002,25,65,4,8,0.8824,0.7576,0.942,0.8065,0.7989,19,66,3,14,0.8333,0.5758,0.9565,0.6909,0.7624,18,66,3,15,0.8235,0.5455,0.9565,0.6667,0.7989,19,63,6,14,0.8039,0.5758,0.913,0.6552,0.7844,17,53,4,10,0.8333,0.6296,0.9298,0.7083,0.8207,17,45,12,10,0.7381,0.6296,0.7895,0.6071,0.8272,19,42,15,8,0.7262,0.7037,0.7368,0.623,0.8402,17,50,7,10,0.7976,0.6296,0.8772,0.6667,0.8428,19,47,10,8,0.7857,0.7037,0.8246,0.6786,0.8324,17,61,5,3,0.907,0.85,0.9242,0.8095,0.9205,16,60,6,4,0.8837,0.8,0.9091,0.7619,0.8962,17,60,6,3,0.8953,0.85,0.9091,0.7907,0.9114,16,60,6,4,0.8837,0.8,0.9091,0.7619,0.9212,17,60,6,3,0.8953,0.85,0.9091,0.7907,0.9091
892,23,57,13,6,0.8081,0.7931,0.8143,0.7077,0.8714,21,59,11,8,0.8081,0.7241,0.8429,0.6885,0.8911,21,56,14,8,0.7778,0.7241,0.8,0.6562,0.864,23,59,11,6,0.8283,0.7931,0.8429,0.7302,0.8567,21,59,11,8,0.8081,0.7241,0.8429,0.6885,0.9138,18,69,4,11,0.8529,0.6207,0.9452,0.7059,0.8257,22,71,2,7,0.9118,0.7586,0.9726,0.8302,0.8517,20,70,3,9,0.8824,0.6897,0.9589,0.7692,0.8394,18,71,2,11,0.8725,0.6207,0.9726,0.7347,0.8375,20,68,5,9,0.8627,0.6897,0.9315,0.7407,0.8715,22,40,9,13,0.7381,0.6286,0.8163,0.6667,0.7015,21,34,15,14,0.6548,0.6,0.6939,0.5915,0.7522,21,33,16,14,0.6429,0.6,0.6735,0.5833,0.7067,22,36,13,13,0.6905,0.6286,0.7347,0.6286,0.7341,21,34,15,14,0.6548,0.6,0.6939,0.5915,0.7341,28,55,1,2,0.9651,0.9333,0.9821,0.9492,0.9649,27,55,1,3,0.9535,0.9,0.9821,0.931,0.9702,28,54,2,2,0.9535,0.9333,0.9643,0.9333,0.9589,27,54,2,3,0.9419,0.9,0.9643,0.9153,0.9768,28,55,1,2,0.9651,0.9333,0.9821,0.9492,0.9685
893,25,49,8,17,0.7475,0.5952,0.8596,0.6667,0.8183,20,50,7,22,0.7071,0.4762,0.8772,0.5797,0.8179,24,49,8,18,0.7374,0.5714,0.8596,0.6486,0.8162,25,50,7,17,0.7576,0.5952,0.8772,0.6757,0.8066,24,50,7,18,0.7475,0.5714,0.8772,0.6575,0.8292,25,69,7,1,0.9216,0.9615,0.9079,0.8621,0.9954,26,72,4,0,0.9608,1.0,0.9474,0.9286,0.9848,25,70,6,1,0.9314,0.9615,0.9211,0.8772,0.9843,24,72,4,2,0.9412,0.9231,0.9474,0.8889,0.9899,25,69,7,1,0.9216,0.9615,0.9079,0.8621,0.9873,23,47,5,9,0.8333,0.7188,0.9038,0.7667,0.8762,22,42,10,10,0.7619,0.6875,0.8077,0.6875,0.8906,23,42,10,9,0.7738,0.7188,0.8077,0.7077,0.881,24,44,8,8,0.8095,0.75,0.8462,0.75,0.9026,23,43,9,9,0.7857,0.7188,0.8269,0.7188,0.8852,16,63,4,3,0.9186,0.8421,0.9403,0.8205,0.9112,14,63,4,5,0.8953,0.7368,0.9403,0.7568,0.9073,16,63,4,3,0.9186,0.8421,0.9403,0.8205,0.9144,14,63,4,5,0.8953,0.7368,0.9403,0.7568,0.934,16,63,4,3,0.9186,0.8421,0.9403,0.8205,0.9152
894,36,42,9,12,0.7879,0.75,0.8235,0.7742,0.8574,31,46,5,17,0.7778,0.6458,0.902,0.7381,0.8297,32,41,10,16,0.7374,0.6667,0.8039,0.7111,0.8386,36,46,5,12,0.8283,0.75,0.902,0.809,0.8542,32,45,6,16,0.7778,0.6667,0.8824,0.7442,0.866,17,74,4,7,0.8922,0.7083,0.9487,0.7556,0.8755,18,72,6,6,0.8824,0.75,0.9231,0.75,0.8226,16,68,10,8,0.8235,0.6667,0.8718,0.64,0.8264,15,72,6,9,0.8529,0.625,0.9231,0.6667,0.8339,16,67,11,8,0.8137,0.6667,0.859,0.6275,0.8317,20,41,8,15,0.7262,0.5714,0.8367,0.6349,0.7761,21,34,15,14,0.6548,0.6,0.6939,0.5915,0.7948,24,33,16,11,0.6786,0.6857,0.6735,0.64,0.7738,23,36,13,12,0.7024,0.6571,0.7347,0.6479,0.7918,24,37,12,11,0.7262,0.6857,0.7551,0.6761,0.7808,19,63,0,4,0.9535,0.8261,1.0,0.9048,0.9393,17,62,1,6,0.9186,0.7391,0.9841,0.8293,0.9282,19,62,1,4,0.9419,0.8261,0.9841,0.8837,0.9268,17,62,1,6,0.9186,0.7391,0.9841,0.8293,0.9565,19,62,1,4,0.9419,0.8261,0.9841,0.8837,0.9434
895,29,42,13,15,0.7172,0.6591,0.7636,0.6744,0.7702,22,46,9,22,0.6869,0.5,0.8364,0.5867,0.7579,26,43,12,18,0.697,0.5909,0.7818,0.6341,0.745,29,46,9,15,0.7576,0.6591,0.8364,0.7073,0.7626,26,44,11,18,0.7071,0.5909,0.8,0.642,0.8136,17,73,2,10,0.8824,0.6296,0.9733,0.7391,0.8336,19,71,4,8,0.8824,0.7037,0.9467,0.76,0.8677,16,75,0,11,0.8922,0.5926,1.0,0.7442,0.8435,16,71,4,11,0.8529,0.5926,0.9467,0.6809,0.8573,16,70,5,11,0.8431,0.5926,0.9333,0.6667,0.843,19,44,8,13,0.75,0.5938,0.8462,0.6441,0.7921,22,40,12,10,0.7381,0.6875,0.7692,0.6667,0.8365,24,36,16,8,0.7143,0.75,0.6923,0.6667,0.7939,24,40,12,8,0.7619,0.75,0.7692,0.7059,0.8305,24,40,12,8,0.7619,0.75,0.7692,0.7059,0.8371,23,57,3,3,0.9302,0.8846,0.95,0.8846,0.9385,23,57,3,3,0.9302,0.8846,0.95,0.8846,0.9353,23,55,5,3,0.907,0.8846,0.9167,0.8519,0.9513,23,55,5,3,0.907,0.8846,0.9167,0.8519,0.9673,23,57,3,3,0.9302,0.8846,0.95,0.8846,0.9436
896,27,55,11,6,0.8283,0.8182,0.8333,0.7606,0.8448,22,62,4,11,0.8485,0.6667,0.9394,0.7458,0.8742,22,54,12,11,0.7677,0.6667,0.8182,0.6567,0.8209,27,62,4,6,0.899,0.8182,0.9394,0.8438,0.8414,22,58,8,11,0.8081,0.6667,0.8788,0.6984,0.8549,22,70,3,7,0.902,0.7586,0.9589,0.8148,0.9131,25,65,8,4,0.8824,0.8621,0.8904,0.8065,0.8999,22,69,4,7,0.8922,0.7586,0.9452,0.8,0.8923,20,66,7,9,0.8431,0.6897,0.9041,0.7143,0.8999,22,65,8,7,0.8529,0.7586,0.8904,0.7458,0.8885,26,49,2,7,0.8929,0.7879,0.9608,0.8525,0.902,25,43,8,8,0.8095,0.7576,0.8431,0.7576,0.9168,26,41,10,7,0.7976,0.7879,0.8039,0.7536,0.88,25,45,6,8,0.8333,0.7576,0.8824,0.7812,0.9156,26,45,6,7,0.8452,0.7879,0.8824,0.8,0.9085,31,49,2,4,0.9302,0.8857,0.9608,0.9118,0.9462,29,49,2,6,0.907,0.8286,0.9608,0.8788,0.9361,31,47,4,4,0.907,0.8857,0.9216,0.8857,0.9294,29,47,4,6,0.8837,0.8286,0.9216,0.8529,0.9479,31,49,2,4,0.9302,0.8857,0.9608,0.9118,0.9429
897,19,50,15,15,0.697,0.5588,0.7692,0.5588,0.7416,17,53,12,17,0.7071,0.5,0.8154,0.5397,0.7281,18,51,14,16,0.697,0.5294,0.7846,0.5455,0.7027,19,53,12,15,0.7273,0.5588,0.8154,0.5846,0.7109,18,51,14,16,0.697,0.5294,0.7846,0.5455,0.762,24,60,5,13,0.8235,0.6486,0.9231,0.7273,0.7414,24,61,4,13,0.8333,0.6486,0.9385,0.7385,0.827,22,58,7,15,0.7843,0.5946,0.8923,0.6667,0.7792,22,63,2,15,0.8333,0.5946,0.9692,0.7213,0.7992,22,57,8,15,0.7745,0.5946,0.8769,0.6567,0.8125,20,40,11,13,0.7143,0.6061,0.7843,0.625,0.7748,21,40,11,12,0.7262,0.6364,0.7843,0.6462,0.8419,22,35,16,11,0.6786,0.6667,0.6863,0.6197,0.8075,22,40,11,11,0.7381,0.6667,0.7843,0.6667,0.8455,22,37,14,11,0.7024,0.6667,0.7255,0.6377,0.8283,26,54,3,3,0.9302,0.8966,0.9474,0.8966,0.9328,25,54,3,4,0.9186,0.8621,0.9474,0.8772,0.9195,26,54,3,3,0.9302,0.8966,0.9474,0.8966,0.9244,25,54,3,4,0.9186,0.8621,0.9474,0.8772,0.9419,26,54,3,3,0.9302,0.8966,0.9474,0.8966,0.9316
898,29,52,12,6,0.8182,0.8286,0.8125,0.7632,0.8866,25,56,8,10,0.8182,0.7143,0.875,0.7353,0.9036,25,53,11,10,0.7879,0.7143,0.8281,0.7042,0.8701,29,56,8,6,0.8586,0.8286,0.875,0.8056,0.9013,25,54,10,10,0.798,0.7143,0.8438,0.7143,0.904,23,67,3,9,0.8824,0.7188,0.9571,0.7931,0.8451,23,66,4,9,0.8725,0.7188,0.9429,0.7797,0.8487,19,66,4,13,0.8333,0.5938,0.9429,0.6909,0.8214,19,66,4,13,0.8333,0.5938,0.9429,0.6909,0.8629,19,63,7,13,0.8039,0.5938,0.9,0.6552,0.8201,22,40,6,16,0.7381,0.5789,0.8696,0.6667,0.7975,25,36,10,13,0.7262,0.6579,0.7826,0.6849,0.8335,25,33,13,13,0.6905,0.6579,0.7174,0.6579,0.7941,26,38,8,12,0.7619,0.6842,0.8261,0.7222,0.8255,25,36,10,13,0.7262,0.6579,0.7826,0.6849,0.8232,19,62,3,2,0.9419,0.9048,0.9538,0.8837,0.937,18,61,4,3,0.9186,0.8571,0.9385,0.8372,0.9238,19,61,4,2,0.9302,0.9048,0.9385,0.8636,0.9392,18,61,4,3,0.9186,0.8571,0.9385,0.8372,0.9487,19,61,4,2,0.9302,0.9048,0.9385,0.8636,0.9348
899,27,50,14,8,0.7778,0.7714,0.7812,0.7105,0.8482,24,52,12,11,0.7677,0.6857,0.8125,0.6761,0.8277,26,51,13,9,0.7778,0.7429,0.7969,0.7027,0.8304,27,52,12,8,0.798,0.7714,0.8125,0.7297,0.8493,26,51,13,9,0.7778,0.7429,0.7969,0.7027,0.8728,18,71,3,10,0.8725,0.6429,0.9595,0.7347,0.8103,19,69,5,9,0.8627,0.6786,0.9324,0.7308,0.8161,18,68,6,10,0.8431,0.6429,0.9189,0.6923,0.7901,18,69,5,10,0.8529,0.6429,0.9324,0.7059,0.8118,18,65,9,10,0.8137,0.6429,0.8784,0.6545,0.7688,17,51,1,15,0.8095,0.5312,0.9808,0.68,0.8534,17,44,8,15,0.7262,0.5312,0.8462,0.5965,0.8468,19,41,11,13,0.7143,0.5938,0.7885,0.6129,0.8149,20,46,6,12,0.7857,0.625,0.8846,0.6897,0.8666,19,42,10,13,0.7262,0.5938,0.8077,0.623,0.845,20,57,6,3,0.8953,0.8696,0.9048,0.8163,0.9241,20,56,7,3,0.8837,0.8696,0.8889,0.8,0.911,20,56,7,3,0.8837,0.8696,0.8889,0.8,0.9089,20,56,7,3,0.8837,0.8696,0.8889,0.8,0.9213,20,56,7,3,0.8837,0.8696,0.8889,0.8,0.9103
900,20,62,6,11,0.8283,0.6452,0.9118,0.7018,0.8572,18,66,2,13,0.8485,0.5806,0.9706,0.7059,0.8496,20,63,5,11,0.8384,0.6452,0.9265,0.7143,0.87,20,66,2,11,0.8687,0.6452,0.9706,0.7547,0.8501,20,66,2,11,0.8687,0.6452,0.9706,0.7547,0.898,13,72,6,11,0.8333,0.5417,0.9231,0.6047,0.7981,18,72,6,6,0.8824,0.75,0.9231,0.75,0.7949,14,70,8,10,0.8235,0.5833,0.8974,0.6087,0.7783,12,73,5,12,0.8333,0.5,0.9359,0.5854,0.7906,14,70,8,10,0.8235,0.5833,0.8974,0.6087,0.7938,23,45,7,9,0.8095,0.7188,0.8654,0.7419,0.8431,23,38,14,9,0.7262,0.7188,0.7308,0.6667,0.8804,25,38,14,7,0.75,0.7812,0.7308,0.7042,0.8383,23,44,8,9,0.7976,0.7188,0.8462,0.7302,0.8666,25,41,11,7,0.7857,0.7812,0.7885,0.7353,0.863,27,51,2,6,0.907,0.8182,0.9623,0.871,0.9057,24,49,4,9,0.8488,0.7273,0.9245,0.7869,0.8879,27,47,6,6,0.8605,0.8182,0.8868,0.8182,0.8868,24,47,6,9,0.8256,0.7273,0.8868,0.7619,0.9119,27,49,4,6,0.8837,0.8182,0.9245,0.8438,0.9074
901,19,57,13,10,0.7677,0.6552,0.8143,0.623,0.8172,18,62,8,11,0.8081,0.6207,0.8857,0.6545,0.8345,18,58,12,11,0.7677,0.6207,0.8286,0.6102,0.8,19,62,8,10,0.8182,0.6552,0.8857,0.6786,0.8071,18,61,9,11,0.798,0.6207,0.8714,0.6429,0.8581,15,76,4,7,0.8922,0.6818,0.95,0.7317,0.7767,15,74,6,7,0.8725,0.6818,0.925,0.6977,0.8278,12,71,9,10,0.8137,0.5455,0.8875,0.5581,0.7915,12,75,5,10,0.8529,0.5455,0.9375,0.6154,0.7966,12,70,10,10,0.8039,0.5455,0.875,0.5455,0.8153,12,45,11,16,0.6786,0.4286,0.8036,0.4706,0.7092,14,42,14,14,0.6667,0.5,0.75,0.5,0.7392,15,37,19,13,0.619,0.5357,0.6607,0.4839,0.7162,15,45,11,13,0.7143,0.5357,0.8036,0.5556,0.75,15,41,15,13,0.6667,0.5357,0.7321,0.5172,0.736,25,52,6,3,0.8953,0.8929,0.8966,0.8475,0.9236,24,50,8,4,0.8605,0.8571,0.8621,0.8,0.9132,25,49,9,3,0.8605,0.8929,0.8448,0.8065,0.9113,24,49,9,4,0.8488,0.8571,0.8448,0.7869,0.9206,25,50,8,3,0.8721,0.8929,0.8621,0.8197,0.9138
902,28,49,15,7,0.7778,0.8,0.7656,0.7179,0.8786,27,55,9,8,0.8283,0.7714,0.8594,0.7606,0.892,22,48,16,13,0.7071,0.6286,0.75,0.6027,0.8464,28,55,9,7,0.8384,0.8,0.8594,0.7778,0.8817,22,51,13,13,0.7374,0.6286,0.7969,0.6286,0.8705,20,64,9,9,0.8235,0.6897,0.8767,0.6897,0.8191,22,68,5,7,0.8824,0.7586,0.9315,0.7857,0.8281,19,66,7,10,0.8333,0.6552,0.9041,0.6909,0.8205,18,69,4,11,0.8529,0.6207,0.9452,0.7059,0.8356,19,66,7,10,0.8333,0.6552,0.9041,0.6909,0.8351,21,49,5,9,0.8333,0.7,0.9074,0.75,0.7988,22,41,13,8,0.75,0.7333,0.7593,0.6769,0.8741,23,39,15,7,0.7381,0.7667,0.7222,0.6765,0.7846,22,40,14,8,0.7381,0.7333,0.7407,0.6667,0.8284,23,41,13,7,0.7619,0.7667,0.7593,0.697,0.8148,22,53,10,1,0.8721,0.9565,0.8413,0.8,0.922,22,53,10,1,0.8721,0.9565,0.8413,0.8,0.9427,22,53,10,1,0.8721,0.9565,0.8413,0.8,0.9358,22,53,10,1,0.8721,0.9565,0.8413,0.8,0.9482,22,53,10,1,0.8721,0.9565,0.8413,0.8,0.9075
903,26,53,14,6,0.798,0.8125,0.791,0.7222,0.8032,19,59,8,13,0.7879,0.5938,0.8806,0.6441,0.8465,23,50,17,9,0.7374,0.7188,0.7463,0.6389,0.785,26,59,8,6,0.8586,0.8125,0.8806,0.7879,0.8039,23,57,10,9,0.8081,0.7188,0.8507,0.7077,0.834,23,67,3,9,0.8824,0.7188,0.9571,0.7931,0.8304,24,65,5,8,0.8725,0.75,0.9286,0.7869,0.8598,22,67,3,10,0.8725,0.6875,0.9571,0.7719,0.8571,21,65,5,11,0.8431,0.6562,0.9286,0.7241,0.8603,22,65,5,10,0.8529,0.6875,0.9286,0.7458,0.8589,21,49,3,11,0.8333,0.6562,0.9423,0.75,0.8882,22,46,6,10,0.8095,0.6875,0.8846,0.7333,0.884,23,44,8,9,0.7976,0.7188,0.8462,0.7302,0.8738,24,48,4,8,0.8571,0.75,0.9231,0.8,0.8966,23,45,7,9,0.8095,0.7188,0.8654,0.7419,0.9056,21,58,6,1,0.9186,0.9545,0.9062,0.8571,0.9396,20,58,6,2,0.907,0.9091,0.9062,0.8333,0.9254,21,58,6,1,0.9186,0.9545,0.9062,0.8571,0.9553,20,58,6,2,0.907,0.9091,0.9062,0.8333,0.9482,21,58,6,1,0.9186,0.9545,0.9062,0.8571,0.9254
904,40,44,10,5,0.8485,0.8889,0.8148,0.8421,0.8774,36,45,9,9,0.8182,0.8,0.8333,0.8,0.8683,40,40,14,5,0.8081,0.8889,0.7407,0.8081,0.8498,40,45,9,5,0.8586,0.8889,0.8333,0.8511,0.8802,40,42,12,5,0.8283,0.8889,0.7778,0.8247,0.8856,21,66,9,6,0.8529,0.7778,0.88,0.7368,0.8459,21,68,7,6,0.8725,0.7778,0.9067,0.7636,0.8553,18,69,6,9,0.8529,0.6667,0.92,0.7059,0.8321,18,69,6,9,0.8529,0.6667,0.92,0.7059,0.8415,18,66,9,9,0.8235,0.6667,0.88,0.6667,0.84,20,48,7,9,0.8095,0.6897,0.8727,0.7143,0.8502,18,46,9,11,0.7619,0.6207,0.8364,0.6429,0.8658,18,40,15,11,0.6905,0.6207,0.7273,0.5806,0.8552,20,46,9,9,0.7857,0.6897,0.8364,0.6897,0.8721,18,44,11,11,0.7381,0.6207,0.8,0.6207,0.8771,20,59,6,1,0.9186,0.9524,0.9077,0.8511,0.9245,18,57,8,3,0.8721,0.8571,0.8769,0.766,0.9348,20,57,8,1,0.8953,0.9524,0.8769,0.8163,0.9209,18,57,8,3,0.8721,0.8571,0.8769,0.766,0.9245,20,57,8,1,0.8953,0.9524,0.8769,0.8163,0.9289
905,20,57,12,10,0.7778,0.6667,0.8261,0.6452,0.8638,17,63,6,13,0.8081,0.5667,0.913,0.6415,0.858,16,55,14,14,0.7172,0.5333,0.7971,0.5333,0.8188,20,63,6,10,0.8384,0.6667,0.913,0.7143,0.8572,16,60,9,14,0.7677,0.5333,0.8696,0.5818,0.8536,17,73,3,9,0.8824,0.6538,0.9605,0.7391,0.8801,20,73,3,6,0.9118,0.7692,0.9605,0.8163,0.8694,15,73,3,11,0.8627,0.5769,0.9605,0.6818,0.8517,14,74,2,12,0.8627,0.5385,0.9737,0.6667,0.8639,15,70,6,11,0.8333,0.5769,0.9211,0.6383,0.8588,18,49,4,13,0.7976,0.5806,0.9245,0.6792,0.8028,20,44,9,11,0.7619,0.6452,0.8302,0.6667,0.8588,21,44,9,10,0.7738,0.6774,0.8302,0.6885,0.8186,21,47,6,10,0.8095,0.6774,0.8868,0.7241,0.857,21,46,7,10,0.7976,0.6774,0.8679,0.7119,0.8259,13,64,3,6,0.8953,0.6842,0.9552,0.7429,0.8822,11,64,3,8,0.8721,0.5789,0.9552,0.6667,0.8562,13,62,5,6,0.8721,0.6842,0.9254,0.7027,0.8539,11,62,5,8,0.8488,0.5789,0.9254,0.6286,0.9042,13,64,3,6,0.8953,0.6842,0.9552,0.7429,0.8798
906,36,43,12,8,0.798,0.8182,0.7818,0.7826,0.8826,32,49,6,12,0.8182,0.7273,0.8909,0.7805,0.869,36,44,11,8,0.8081,0.8182,0.8,0.7912,0.8661,36,49,6,8,0.8586,0.8182,0.8909,0.8372,0.8727,36,47,8,8,0.8384,0.8182,0.8545,0.8182,0.8893,15,79,3,5,0.9216,0.75,0.9634,0.7895,0.8451,16,79,3,4,0.9314,0.8,0.9634,0.8205,0.8726,15,81,1,5,0.9412,0.75,0.9878,0.8333,0.8604,14,79,3,6,0.9118,0.7,0.9634,0.7568,0.8543,15,78,4,5,0.9118,0.75,0.9512,0.7692,0.8799,19,45,6,14,0.7619,0.5758,0.8824,0.6552,0.7504,20,35,16,13,0.6548,0.6061,0.6863,0.5797,0.754,23,33,18,10,0.6667,0.697,0.6471,0.6216,0.7427,21,38,13,12,0.7024,0.6364,0.7451,0.6269,0.7766,23,39,12,10,0.7381,0.697,0.7647,0.6765,0.7778,23,57,4,2,0.9302,0.92,0.9344,0.8846,0.9252,22,56,5,3,0.907,0.88,0.918,0.8462,0.882,23,54,7,2,0.8953,0.92,0.8852,0.8364,0.9403,22,54,7,3,0.8837,0.88,0.8852,0.8148,0.941,23,56,5,2,0.9186,0.92,0.918,0.8679,0.9082
907,30,44,16,9,0.7475,0.7692,0.7333,0.7059,0.7624,24,47,13,15,0.7172,0.6154,0.7833,0.6316,0.7944,23,45,15,16,0.6869,0.5897,0.75,0.5974,0.7274,30,47,13,9,0.7778,0.7692,0.7833,0.7317,0.7534,23,46,14,16,0.697,0.5897,0.7667,0.6053,0.7902,22,66,4,10,0.8627,0.6875,0.9429,0.7586,0.8754,25,66,4,7,0.8922,0.7812,0.9429,0.8197,0.8933,19,64,6,13,0.8137,0.5938,0.9143,0.6667,0.8594,17,67,3,15,0.8235,0.5312,0.9571,0.6538,0.8875,19,63,7,13,0.8039,0.5938,0.9,0.6552,0.8571,23,39,8,14,0.7381,0.6216,0.8298,0.6765,0.7924,22,39,8,15,0.7262,0.5946,0.8298,0.6567,0.8436,25,34,13,12,0.7024,0.6757,0.7234,0.6667,0.8177,22,38,9,15,0.7143,0.5946,0.8085,0.6471,0.8396,25,35,12,12,0.7143,0.6757,0.7447,0.6757,0.8344,26,53,5,2,0.9186,0.9286,0.9138,0.8814,0.9415,26,51,7,2,0.8953,0.9286,0.8793,0.8525,0.955,26,51,7,2,0.8953,0.9286,0.8793,0.8525,0.9267,26,51,7,2,0.8953,0.9286,0.8793,0.8525,0.9397,26,51,7,2,0.8953,0.9286,0.8793,0.8525,0.9286
908,26,56,8,9,0.8283,0.7429,0.875,0.7536,0.8741,25,60,4,10,0.8586,0.7143,0.9375,0.7813,0.8674,25,58,6,10,0.8384,0.7143,0.9062,0.7576,0.8571,26,60,4,9,0.8687,0.7429,0.9375,0.8,0.877,25,58,6,10,0.8384,0.7143,0.9062,0.7576,0.8813,19,73,6,4,0.902,0.8261,0.9241,0.7917,0.9196,19,70,9,4,0.8725,0.8261,0.8861,0.7451,0.9048,16,71,8,7,0.8529,0.6957,0.8987,0.6809,0.8828,16,72,7,7,0.8627,0.6957,0.9114,0.6957,0.8976,16,66,13,7,0.8039,0.6957,0.8354,0.6154,0.8932,29,40,9,6,0.8214,0.8286,0.8163,0.7945,0.8099,28,37,12,7,0.7738,0.8,0.7551,0.7467,0.8624,28,33,16,7,0.7262,0.8,0.6735,0.7089,0.8239,28,38,11,7,0.7857,0.8,0.7755,0.7568,0.8507,28,34,15,7,0.7381,0.8,0.6939,0.7179,0.8332,21,58,2,5,0.9186,0.8077,0.9667,0.8571,0.9109,21,58,2,5,0.9186,0.8077,0.9667,0.8571,0.8763,21,58,2,5,0.9186,0.8077,0.9667,0.8571,0.9186,21,58,2,5,0.9186,0.8077,0.9667,0.8571,0.9397,21,58,2,5,0.9186,0.8077,0.9667,0.8571,0.9115
909,31,50,12,6,0.8182,0.8378,0.8065,0.775,0.8897,28,56,6,9,0.8485,0.7568,0.9032,0.7887,0.8971,28,53,9,9,0.8182,0.7568,0.8548,0.7568,0.8788,31,56,6,6,0.8788,0.8378,0.9032,0.8378,0.8836,28,54,8,9,0.8283,0.7568,0.871,0.7671,0.9002,31,62,3,6,0.9118,0.8378,0.9538,0.8732,0.9372,31,64,1,6,0.9314,0.8378,0.9846,0.8986,0.9356,30,61,4,7,0.8922,0.8108,0.9385,0.8451,0.9139,30,65,0,7,0.9314,0.8108,1.0,0.8955,0.9347,30,61,4,7,0.8922,0.8108,0.9385,0.8451,0.9148,19,52,7,6,0.8452,0.76,0.8814,0.7451,0.8258,18,47,12,7,0.7738,0.72,0.7966,0.6545,0.8847,19,43,16,6,0.7381,0.76,0.7288,0.6333,0.8251,18,47,12,7,0.7738,0.72,0.7966,0.6545,0.8597,19,44,15,6,0.75,0.76,0.7458,0.6441,0.8671,30,48,2,6,0.907,0.8333,0.96,0.8824,0.91,30,47,3,6,0.8953,0.8333,0.94,0.8696,0.905,30,46,4,6,0.8837,0.8333,0.92,0.8571,0.895,30,46,4,6,0.8837,0.8333,0.92,0.8571,0.945,30,47,3,6,0.8953,0.8333,0.94,0.8696,0.9194
910,22,60,8,9,0.8283,0.7097,0.8824,0.7213,0.8515,18,63,5,13,0.8182,0.5806,0.9265,0.6667,0.842,21,61,7,10,0.8283,0.6774,0.8971,0.7119,0.8359,22,63,5,9,0.8586,0.7097,0.9265,0.7586,0.8454,21,63,5,10,0.8485,0.6774,0.9265,0.7368,0.8719,15,79,3,5,0.9216,0.75,0.9634,0.7895,0.8427,15,80,2,5,0.9314,0.75,0.9756,0.8108,0.864,12,77,5,8,0.8725,0.6,0.939,0.6486,0.8128,12,81,1,8,0.9118,0.6,0.9878,0.7273,0.8579,12,74,8,8,0.8431,0.6,0.9024,0.6,0.8293,19,50,6,9,0.8214,0.6786,0.8929,0.717,0.8431,19,49,7,9,0.8095,0.6786,0.875,0.7037,0.905,19,45,11,9,0.7619,0.6786,0.8036,0.6552,0.8788,19,49,7,9,0.8095,0.6786,0.875,0.7037,0.898,19,46,10,9,0.7738,0.6786,0.8214,0.6667,0.8827,16,62,3,5,0.907,0.7619,0.9538,0.8,0.8777,16,60,5,5,0.8837,0.7619,0.9231,0.7619,0.8491,16,57,8,5,0.8488,0.7619,0.8769,0.7111,0.8842,16,57,8,5,0.8488,0.7619,0.8769,0.7111,0.907,16,60,5,5,0.8837,0.7619,0.9231,0.7619,0.8755
911,31,50,10,8,0.8182,0.7949,0.8333,0.775,0.8474,26,55,5,13,0.8182,0.6667,0.9167,0.7429,0.8479,26,49,11,13,0.7576,0.6667,0.8167,0.6842,0.8316,31,55,5,8,0.8687,0.7949,0.9167,0.8267,0.8496,26,52,8,13,0.7879,0.6667,0.8667,0.7123,0.8675,20,67,5,10,0.8529,0.6667,0.9306,0.7273,0.8389,20,67,5,10,0.8529,0.6667,0.9306,0.7273,0.8977,20,65,7,10,0.8333,0.6667,0.9028,0.7018,0.8583,20,67,5,10,0.8529,0.6667,0.9306,0.7273,0.8917,20,63,9,10,0.8137,0.6667,0.875,0.678,0.8843,25,45,4,10,0.8333,0.7143,0.9184,0.7813,0.8362,25,42,7,10,0.7976,0.7143,0.8571,0.7463,0.8501,26,39,10,9,0.7738,0.7429,0.7959,0.7324,0.8391,25,43,6,10,0.8095,0.7143,0.8776,0.7576,0.8554,26,43,6,9,0.8214,0.7429,0.8776,0.7761,0.8671,25,52,6,3,0.8953,0.8929,0.8966,0.8475,0.8892,25,50,8,3,0.8721,0.8929,0.8621,0.8197,0.8959,25,50,8,3,0.8721,0.8929,0.8621,0.8197,0.9015,25,50,8,3,0.8721,0.8929,0.8621,0.8197,0.9095,25,50,8,3,0.8721,0.8929,0.8621,0.8197,0.8929
912,21,59,14,5,0.8081,0.8077,0.8082,0.6885,0.8851,19,63,10,7,0.8283,0.7308,0.863,0.6909,0.8841,19,57,16,7,0.7677,0.7308,0.7808,0.623,0.8609,21,63,10,5,0.8485,0.8077,0.863,0.7368,0.8844,19,59,14,7,0.7879,0.7308,0.8082,0.6441,0.8925,21,66,5,10,0.8529,0.6774,0.9296,0.7368,0.7928,22,64,7,9,0.8431,0.7097,0.9014,0.7333,0.8278,17,62,9,14,0.7745,0.5484,0.8732,0.5965,0.7901,17,66,5,14,0.8137,0.5484,0.9296,0.6415,0.8155,17,61,10,14,0.7647,0.5484,0.8592,0.5862,0.8028,28,40,7,9,0.8095,0.7568,0.8511,0.7778,0.8562,28,35,12,9,0.75,0.7568,0.7447,0.7273,0.8413,30,32,15,7,0.7381,0.8108,0.6809,0.7317,0.8574,28,39,8,9,0.7976,0.7568,0.8298,0.7671,0.8493,30,37,10,7,0.7976,0.8108,0.7872,0.7792,0.8781,18,59,4,5,0.8953,0.7826,0.9365,0.8,0.9061,18,59,4,5,0.8953,0.7826,0.9365,0.8,0.9041,18,57,6,5,0.8721,0.7826,0.9048,0.766,0.8923,18,57,6,5,0.8721,0.7826,0.9048,0.766,0.9248,18,59,4,5,0.8953,0.7826,0.9365,0.8,0.8965
913,29,48,13,9,0.7778,0.7632,0.7869,0.725,0.8477,25,50,11,13,0.7576,0.6579,0.8197,0.6757,0.8469,27,47,14,11,0.7475,0.7105,0.7705,0.6835,0.8223,29,50,11,9,0.798,0.7632,0.8197,0.7436,0.8466,27,48,13,11,0.7576,0.7105,0.7869,0.6923,0.8758,16,70,5,11,0.8431,0.5926,0.9333,0.6667,0.8109,22,69,6,5,0.8922,0.8148,0.92,0.8,0.8736,18,65,10,9,0.8137,0.6667,0.8667,0.6545,0.8291,14,71,4,13,0.8333,0.5185,0.9467,0.6222,0.8563,18,61,14,9,0.7745,0.6667,0.8133,0.6102,0.8385,25,43,6,10,0.8095,0.7143,0.8776,0.7576,0.8344,24,37,12,11,0.7262,0.6857,0.7551,0.6761,0.8391,26,33,16,9,0.7024,0.7429,0.6735,0.6753,0.8397,26,40,9,9,0.7857,0.7429,0.8163,0.7429,0.8589,26,38,11,9,0.7619,0.7429,0.7755,0.7222,0.8589,27,54,3,2,0.9419,0.931,0.9474,0.9153,0.9589,26,53,4,3,0.9186,0.8966,0.9298,0.8814,0.9468,27,53,4,2,0.9302,0.931,0.9298,0.9,0.9661,26,53,4,3,0.9186,0.8966,0.9298,0.8814,0.9698,27,53,4,2,0.9302,0.931,0.9298,0.9,0.9637
914,22,56,11,10,0.7879,0.6875,0.8358,0.6769,0.8088,18,62,5,14,0.8081,0.5625,0.9254,0.6545,0.8162,20,55,12,12,0.7576,0.625,0.8209,0.625,0.792,22,62,5,10,0.8485,0.6875,0.9254,0.7458,0.799,20,58,9,12,0.7879,0.625,0.8657,0.6557,0.8335,21,70,3,8,0.8922,0.7241,0.9589,0.7925,0.9239,24,69,4,5,0.9118,0.8276,0.9452,0.8421,0.9282,20,71,2,9,0.8922,0.6897,0.9726,0.7843,0.9221,18,69,4,11,0.8529,0.6207,0.9452,0.7059,0.94,20,68,5,9,0.8627,0.6897,0.9315,0.7407,0.9221,21,46,5,12,0.7976,0.6364,0.902,0.7119,0.8146,22,37,14,11,0.7024,0.6667,0.7255,0.6377,0.861,23,36,15,10,0.7024,0.697,0.7059,0.6479,0.8259,23,39,12,10,0.7381,0.697,0.7647,0.6765,0.8532,23,39,12,10,0.7381,0.697,0.7647,0.6765,0.8408,23,56,3,4,0.9186,0.8519,0.9492,0.8679,0.9385,21,55,4,6,0.8837,0.7778,0.9322,0.8077,0.9397,23,54,5,4,0.8953,0.8519,0.9153,0.8364,0.9228,21,54,5,6,0.8721,0.7778,0.9153,0.7925,0.9404,23,55,4,4,0.907,0.8519,0.9322,0.8519,0.9466
915,27,48,15,9,0.7576,0.75,0.7619,0.6923,0.866,25,57,6,11,0.8283,0.6944,0.9048,0.7463,0.8898,23,48,15,13,0.7172,0.6389,0.7619,0.6216,0.8391,27,57,6,9,0.8485,0.75,0.9048,0.7826,0.8686,23,50,13,13,0.7374,0.6389,0.7937,0.6389,0.8858,17,73,7,5,0.8824,0.7727,0.9125,0.7391,0.9131,20,71,9,2,0.8922,0.9091,0.8875,0.7843,0.9028,18,72,8,4,0.8824,0.8182,0.9,0.75,0.9006,16,73,7,6,0.8725,0.7273,0.9125,0.7111,0.8989,18,69,11,4,0.8529,0.8182,0.8625,0.7059,0.908,20,48,7,9,0.8095,0.6897,0.8727,0.7143,0.8614,20,47,8,9,0.7976,0.6897,0.8545,0.7018,0.889,21,46,9,8,0.7976,0.7241,0.8364,0.7119,0.874,21,50,5,8,0.8452,0.7241,0.9091,0.7636,0.8928,21,48,7,8,0.8214,0.7241,0.8727,0.7368,0.9078,18,58,8,2,0.8837,0.9,0.8788,0.7826,0.9015,18,57,9,2,0.8721,0.9,0.8636,0.766,0.9311,18,57,9,2,0.8721,0.9,0.8636,0.766,0.8962,18,57,9,2,0.8721,0.9,0.8636,0.766,0.9152,18,57,9,2,0.8721,0.9,0.8636,0.766,0.9
916,26,56,13,4,0.8283,0.8667,0.8116,0.7536,0.9266,21,64,5,9,0.8586,0.7,0.9275,0.75,0.9333,24,55,14,6,0.798,0.8,0.7971,0.7059,0.9068,26,64,5,4,0.9091,0.8667,0.9275,0.8525,0.9292,24,61,8,6,0.8586,0.8,0.8841,0.7742,0.9324,16,75,6,5,0.8922,0.7619,0.9259,0.7442,0.8642,17,73,8,4,0.8824,0.8095,0.9012,0.7391,0.8842,16,72,9,5,0.8627,0.7619,0.8889,0.6957,0.8724,15,75,6,6,0.8824,0.7143,0.9259,0.7143,0.8736,16,71,10,5,0.8529,0.7619,0.8765,0.6809,0.8789,20,46,7,11,0.7857,0.6452,0.8679,0.6897,0.8551,21,41,12,10,0.7381,0.6774,0.7736,0.6562,0.8752,24,38,15,7,0.7381,0.7742,0.717,0.6857,0.874,23,44,9,8,0.7976,0.7419,0.8302,0.7302,0.899,24,44,9,7,0.8095,0.7742,0.8302,0.75,0.8935,24,57,3,2,0.9419,0.9231,0.95,0.9057,0.9288,21,55,5,5,0.8837,0.8077,0.9167,0.8077,0.9154,24,54,6,2,0.907,0.9231,0.9,0.8571,0.925,21,54,6,5,0.8721,0.8077,0.9,0.7925,0.9372,24,55,5,2,0.9186,0.9231,0.9167,0.8727,0.9301
917,22,54,14,9,0.7677,0.7097,0.7941,0.6567,0.8406,19,60,8,12,0.798,0.6129,0.8824,0.6552,0.842,21,56,12,10,0.7778,0.6774,0.8235,0.6562,0.8269,22,60,8,9,0.8283,0.7097,0.8824,0.7213,0.8463,21,57,11,10,0.7879,0.6774,0.8382,0.6667,0.8639,15,77,4,6,0.902,0.7143,0.9506,0.75,0.9148,18,75,6,3,0.9118,0.8571,0.9259,0.8,0.8971,13,75,6,8,0.8627,0.619,0.9259,0.65,0.8636,11,76,5,10,0.8529,0.5238,0.9383,0.5946,0.8942,13,73,8,8,0.8431,0.619,0.9012,0.619,0.8801,22,46,2,14,0.8095,0.6111,0.9583,0.7333,0.8536,22,40,8,14,0.7381,0.6111,0.8333,0.6667,0.8704,25,35,13,11,0.7143,0.6944,0.7292,0.6757,0.8409,24,40,8,12,0.7619,0.6667,0.8333,0.7059,0.8628,25,38,10,11,0.75,0.6944,0.7917,0.7042,0.8611,23,55,6,2,0.907,0.92,0.9016,0.8519,0.9207,21,54,7,4,0.8721,0.84,0.8852,0.7925,0.9167,23,54,7,2,0.8953,0.92,0.8852,0.8364,0.9246,21,54,7,4,0.8721,0.84,0.8852,0.7925,0.941,23,54,7,2,0.8953,0.92,0.8852,0.8364,0.901
918,22,56,14,7,0.7879,0.7586,0.8,0.6769,0.8325,20,60,10,9,0.8081,0.6897,0.8571,0.678,0.8857,20,57,13,9,0.7778,0.6897,0.8143,0.6452,0.8172,22,60,10,7,0.8283,0.7586,0.8571,0.7213,0.8217,20,59,11,9,0.798,0.6897,0.8429,0.6667,0.866,13,79,3,7,0.902,0.65,0.9634,0.7222,0.8073,14,78,4,6,0.902,0.7,0.9512,0.7368,0.8768,12,78,4,8,0.8824,0.6,0.9512,0.6667,0.8378,12,78,4,8,0.8824,0.6,0.9512,0.6667,0.8451,12,75,7,8,0.8529,0.6,0.9146,0.6154,0.8494,22,47,4,11,0.8214,0.6667,0.9216,0.7458,0.8752,20,47,4,13,0.7976,0.6061,0.9216,0.7018,0.9055,20,45,6,13,0.7738,0.6061,0.8824,0.678,0.9067,22,49,2,11,0.8452,0.6667,0.9608,0.7719,0.9156,20,47,4,13,0.7976,0.6061,0.9216,0.7018,0.9323,18,62,4,2,0.9302,0.9,0.9394,0.8571,0.9106,17,58,8,3,0.8721,0.85,0.8788,0.7556,0.8879,18,58,8,2,0.8837,0.9,0.8788,0.7826,0.9197,17,58,8,3,0.8721,0.85,0.8788,0.7556,0.9189,18,58,8,2,0.8837,0.9,0.8788,0.7826,0.9098
919,24,54,8,13,0.7879,0.6486,0.871,0.6957,0.8405,21,57,5,16,0.7879,0.5676,0.9194,0.6667,0.8688,23,54,8,14,0.7778,0.6216,0.871,0.6765,0.8326,24,57,5,13,0.8182,0.6486,0.9194,0.7273,0.8609,23,56,6,14,0.798,0.6216,0.9032,0.697,0.8775,20,70,2,10,0.8824,0.6667,0.9722,0.7692,0.8102,22,67,5,8,0.8725,0.7333,0.9306,0.7719,0.8782,19,65,7,11,0.8235,0.6333,0.9028,0.6786,0.8389,18,67,5,12,0.8333,0.6,0.9306,0.6792,0.8662,19,64,8,11,0.8137,0.6333,0.8889,0.6667,0.8546,18,46,3,17,0.7619,0.5143,0.9388,0.6429,0.7831,19,35,14,16,0.6429,0.5429,0.7143,0.5588,0.7854,22,35,14,13,0.6786,0.6286,0.7143,0.6197,0.765,21,39,10,14,0.7143,0.6,0.7959,0.6364,0.7948,22,38,11,13,0.7143,0.6286,0.7755,0.6471,0.8087,26,54,4,2,0.9302,0.9286,0.931,0.8966,0.9261,24,53,5,4,0.8953,0.8571,0.9138,0.8421,0.9144,26,53,5,2,0.9186,0.9286,0.9138,0.8814,0.936,24,53,5,4,0.8953,0.8571,0.9138,0.8421,0.9415,26,53,5,2,0.9186,0.9286,0.9138,0.8814,0.9163
920,26,58,6,9,0.8485,0.7429,0.9062,0.7761,0.9036,23,60,4,12,0.8384,0.6571,0.9375,0.7419,0.9107,23,58,6,12,0.8182,0.6571,0.9062,0.7188,0.8991,26,60,4,9,0.8687,0.7429,0.9375,0.8,0.904,23,58,6,12,0.8182,0.6571,0.9062,0.7188,0.9147,15,77,4,6,0.902,0.7143,0.9506,0.75,0.9306,18,76,5,3,0.9216,0.8571,0.9383,0.8182,0.9118,16,75,6,5,0.8922,0.7619,0.9259,0.7442,0.893,14,76,5,7,0.8824,0.6667,0.9383,0.7,0.9153,16,71,10,5,0.8529,0.7619,0.8765,0.6809,0.8959,13,52,8,11,0.7738,0.5417,0.8667,0.5778,0.7014,13,47,13,11,0.7143,0.5417,0.7833,0.52,0.7333,13,46,14,11,0.7024,0.5417,0.7667,0.5098,0.7326,13,48,12,11,0.7262,0.5417,0.8,0.5306,0.7326,13,49,11,11,0.7381,0.5417,0.8167,0.5417,0.7771,16,60,7,3,0.8837,0.8421,0.8955,0.7619,0.9104,15,58,9,4,0.8488,0.7895,0.8657,0.6977,0.9301,16,57,10,3,0.8488,0.8421,0.8507,0.7111,0.8947,15,57,10,4,0.8372,0.7895,0.8507,0.6818,0.923,16,58,9,3,0.8605,0.8421,0.8657,0.7273,0.9128
921,35,49,11,4,0.8485,0.8974,0.8167,0.8235,0.9205,33,53,7,6,0.8687,0.8462,0.8833,0.8354,0.9517,33,48,12,6,0.8182,0.8462,0.8,0.7857,0.9179,35,53,7,4,0.8889,0.8974,0.8833,0.8642,0.9288,33,52,8,6,0.8586,0.8462,0.8667,0.825,0.9397,23,64,6,9,0.8529,0.7188,0.9143,0.7541,0.8893,27,65,5,5,0.902,0.8438,0.9286,0.8438,0.9103,23,66,4,9,0.8725,0.7188,0.9429,0.7797,0.8763,21,66,4,11,0.8529,0.6562,0.9429,0.7368,0.8902,23,64,6,9,0.8529,0.7188,0.9143,0.7541,0.896,22,47,3,12,0.8214,0.6471,0.94,0.7458,0.8212,23,40,10,11,0.75,0.6765,0.8,0.6866,0.8612,25,38,12,9,0.75,0.7353,0.76,0.7042,0.8212,24,44,6,10,0.8095,0.7059,0.88,0.75,0.8588,25,42,8,9,0.7976,0.7353,0.84,0.7463,0.8582,27,53,3,3,0.9302,0.9,0.9464,0.9,0.922,27,52,4,3,0.9186,0.9,0.9286,0.8852,0.9214,27,51,5,3,0.907,0.9,0.9107,0.871,0.9238,27,51,5,3,0.907,0.9,0.9107,0.871,0.9345,27,52,4,3,0.9186,0.9,0.9286,0.8852,0.9244
922,26,55,11,7,0.8182,0.7879,0.8333,0.7429,0.8737,24,59,7,9,0.8384,0.7273,0.8939,0.75,0.8953,25,56,10,8,0.8182,0.7576,0.8485,0.7353,0.8535,26,59,7,7,0.8586,0.7879,0.8939,0.7879,0.8659,25,59,7,8,0.8485,0.7576,0.8939,0.7692,0.8884,16,67,5,14,0.8137,0.5333,0.9306,0.6275,0.7898,21,68,4,9,0.8725,0.7,0.9444,0.7636,0.8449,19,66,6,11,0.8333,0.6333,0.9167,0.6909,0.8102,15,68,4,15,0.8137,0.5,0.9444,0.6122,0.806,19,64,8,11,0.8137,0.6333,0.8889,0.6667,0.8222,20,47,9,8,0.7976,0.7143,0.8393,0.7018,0.8463,17,43,13,11,0.7143,0.6071,0.7679,0.5862,0.8342,17,38,18,11,0.6548,0.6071,0.6786,0.5397,0.7927,17,46,10,11,0.75,0.6071,0.8214,0.6182,0.8501,17,44,12,11,0.7262,0.6071,0.7857,0.5965,0.8151,23,53,6,4,0.8837,0.8519,0.8983,0.8214,0.8745,22,53,6,5,0.8721,0.8148,0.8983,0.8,0.865,23,52,7,4,0.8721,0.8519,0.8814,0.807,0.882,22,52,7,5,0.8605,0.8148,0.8814,0.7857,0.9021,23,53,6,4,0.8837,0.8519,0.8983,0.8214,0.8745
923,25,51,11,12,0.7677,0.6757,0.8226,0.6849,0.796,20,55,7,17,0.7576,0.5405,0.8871,0.625,0.7903,21,50,12,16,0.7172,0.5676,0.8065,0.6,0.7663,25,55,7,12,0.8081,0.6757,0.8871,0.7246,0.779,21,52,10,16,0.7374,0.5676,0.8387,0.6176,0.8012,19,72,7,4,0.8922,0.8261,0.9114,0.7755,0.9213,19,74,5,4,0.9118,0.8261,0.9367,0.8085,0.9263,18,73,6,5,0.8922,0.7826,0.9241,0.766,0.9136,18,76,3,5,0.9216,0.7826,0.962,0.8182,0.9207,18,71,8,5,0.8725,0.7826,0.8987,0.7347,0.9152,22,54,4,4,0.9048,0.8462,0.931,0.8462,0.9158,19,49,9,7,0.8095,0.7308,0.8448,0.7037,0.8786,19,48,10,7,0.7976,0.7308,0.8276,0.6909,0.8919,20,51,7,6,0.8452,0.7692,0.8793,0.7547,0.8952,19,51,7,7,0.8333,0.7308,0.8793,0.7308,0.8999,22,51,9,4,0.8488,0.8462,0.85,0.7719,0.8692,22,51,9,4,0.8488,0.8462,0.85,0.7719,0.8827,22,50,10,4,0.8372,0.8462,0.8333,0.7586,0.8558,22,50,10,4,0.8372,0.8462,0.8333,0.7586,0.8833,22,51,9,4,0.8488,0.8462,0.85,0.7719,0.8673
924,24,56,9,10,0.8081,0.7059,0.8615,0.7164,0.8878,24,59,6,10,0.8384,0.7059,0.9077,0.75,0.891,24,56,9,10,0.8081,0.7059,0.8615,0.7164,0.8701,24,59,6,10,0.8384,0.7059,0.9077,0.75,0.8828,24,59,6,10,0.8384,0.7059,0.9077,0.75,0.8946,21,67,4,10,0.8627,0.6774,0.9437,0.75,0.8292,23,66,5,8,0.8725,0.7419,0.9296,0.7797,0.8192,20,67,4,11,0.8529,0.6452,0.9437,0.7273,0.8042,19,66,5,12,0.8333,0.6129,0.9296,0.6909,0.811,20,65,6,11,0.8333,0.6452,0.9155,0.7018,0.8105,18,46,9,11,0.7619,0.6207,0.8364,0.6429,0.7674,18,44,11,11,0.7381,0.6207,0.8,0.6207,0.7762,19,41,14,10,0.7143,0.6552,0.7455,0.6129,0.8,19,45,10,10,0.7619,0.6552,0.8182,0.6552,0.7868,19,44,11,10,0.75,0.6552,0.8,0.6441,0.81,19,58,5,4,0.8953,0.8261,0.9206,0.8085,0.9144,18,57,6,5,0.8721,0.7826,0.9048,0.766,0.8979,19,57,6,4,0.8837,0.8261,0.9048,0.7917,0.9193,18,57,6,5,0.8721,0.7826,0.9048,0.766,0.9268,19,57,6,4,0.8837,0.8261,0.9048,0.7917,0.911
925,31,50,9,9,0.8182,0.775,0.8475,0.775,0.8669,26,50,9,14,0.7677,0.65,0.8475,0.6933,0.8725,27,47,12,13,0.7475,0.675,0.7966,0.6835,0.8428,31,50,9,9,0.8182,0.775,0.8475,0.775,0.8659,27,49,10,13,0.7677,0.675,0.8305,0.7013,0.8805,19,68,2,13,0.8529,0.5938,0.9714,0.717,0.8348,24,67,3,8,0.8922,0.75,0.9571,0.8136,0.8621,22,64,6,10,0.8431,0.6875,0.9143,0.7333,0.8286,19,67,3,13,0.8431,0.5938,0.9571,0.7037,0.8536,22,61,9,10,0.8137,0.6875,0.8714,0.6984,0.8589,27,40,7,10,0.7976,0.7297,0.8511,0.7606,0.8177,29,36,11,8,0.7738,0.7838,0.766,0.7532,0.8453,29,33,14,8,0.7381,0.7838,0.7021,0.725,0.8166,30,37,10,7,0.7976,0.8108,0.7872,0.7792,0.8505,29,34,13,8,0.75,0.7838,0.7234,0.7342,0.8499,30,51,3,2,0.9419,0.9375,0.9444,0.9231,0.9549,28,51,3,4,0.9186,0.875,0.9444,0.8889,0.9398,30,49,5,2,0.9186,0.9375,0.9074,0.8955,0.9549,28,49,5,4,0.8953,0.875,0.9074,0.8615,0.9641,30,51,3,2,0.9419,0.9375,0.9444,0.9231,0.9375
926,17,58,12,12,0.7576,0.5862,0.8286,0.5862,0.7079,17,63,7,12,0.8081,0.5862,0.9,0.6415,0.7842,15,57,13,14,0.7273,0.5172,0.8143,0.5263,0.7172,17,63,7,12,0.8081,0.5862,0.9,0.6415,0.6961,15,59,11,14,0.7475,0.5172,0.8429,0.5455,0.733,16,73,9,4,0.8725,0.8,0.8902,0.7111,0.9189,18,74,8,2,0.902,0.9,0.9024,0.7826,0.9098,15,72,10,5,0.8529,0.75,0.878,0.6667,0.8945,13,77,5,7,0.8824,0.65,0.939,0.6842,0.8963,15,70,12,5,0.8333,0.75,0.8537,0.6383,0.9152,13,60,3,8,0.869,0.619,0.9524,0.7027,0.7989,14,51,12,7,0.7738,0.6667,0.8095,0.5957,0.8919,14,52,11,7,0.7857,0.6667,0.8254,0.6087,0.8405,14,55,8,7,0.8214,0.6667,0.873,0.6512,0.8541,14,55,8,7,0.8214,0.6667,0.873,0.6512,0.8435,25,56,2,3,0.9419,0.8929,0.9655,0.9091,0.9403,25,55,3,3,0.9302,0.8929,0.9483,0.8929,0.9052,25,54,4,3,0.9186,0.8929,0.931,0.8772,0.9526,25,54,4,3,0.9186,0.8929,0.931,0.8772,0.9514,25,55,3,3,0.9302,0.8929,0.9483,0.8929,0.9335
927,33,49,10,7,0.8283,0.825,0.8305,0.7952,0.8814,30,53,6,10,0.8384,0.75,0.8983,0.7895,0.8881,32,49,10,8,0.8182,0.8,0.8305,0.7805,0.8614,33,53,6,7,0.8687,0.825,0.8983,0.8354,0.8733,32,50,9,8,0.8283,0.8,0.8475,0.7901,0.8852,23,66,5,8,0.8725,0.7419,0.9296,0.7797,0.8869,25,67,4,6,0.902,0.8065,0.9437,0.8333,0.9146,23,67,4,8,0.8824,0.7419,0.9437,0.7931,0.8819,21,69,2,10,0.8824,0.6774,0.9718,0.7778,0.8991,23,65,6,8,0.8627,0.7419,0.9155,0.7667,0.891,24,48,4,8,0.8571,0.75,0.9231,0.8,0.845,23,43,9,9,0.7857,0.7188,0.8269,0.7188,0.8552,24,38,14,8,0.7381,0.75,0.7308,0.6857,0.8498,23,44,8,9,0.7976,0.7188,0.8462,0.7302,0.8624,24,41,11,8,0.7738,0.75,0.7885,0.7164,0.8666,20,60,5,1,0.9302,0.9524,0.9231,0.8696,0.9714,20,58,7,1,0.907,0.9524,0.8923,0.8333,0.9685,20,58,7,1,0.907,0.9524,0.8923,0.8333,0.967,20,58,7,1,0.907,0.9524,0.8923,0.8333,0.9597,20,58,7,1,0.907,0.9524,0.8923,0.8333,0.9553
928,28,53,11,7,0.8182,0.8,0.8281,0.7568,0.8402,25,55,9,10,0.8081,0.7143,0.8594,0.7246,0.8813,27,50,14,8,0.7778,0.7714,0.7812,0.7105,0.8295,28,55,9,7,0.8384,0.8,0.8594,0.7778,0.8424,27,53,11,8,0.8081,0.7714,0.8281,0.7397,0.8924,24,68,5,5,0.902,0.8276,0.9315,0.8276,0.9131,26,68,5,3,0.9216,0.8966,0.9315,0.8667,0.9372,23,69,4,6,0.902,0.7931,0.9452,0.8214,0.9202,22,68,5,7,0.8824,0.7586,0.9315,0.7857,0.9329,23,68,5,6,0.8922,0.7931,0.9315,0.807,0.9301,17,47,6,14,0.7619,0.5484,0.8868,0.6296,0.7206,18,42,11,13,0.7143,0.5806,0.7925,0.6,0.7578,18,40,13,13,0.6905,0.5806,0.7547,0.5806,0.7219,19,44,9,12,0.75,0.6129,0.8302,0.6441,0.7219,18,41,12,13,0.7024,0.5806,0.7736,0.5902,0.7693,22,61,2,1,0.9651,0.9565,0.9683,0.9362,0.9717,21,61,2,2,0.9535,0.913,0.9683,0.913,0.9662,22,60,3,1,0.9535,0.9565,0.9524,0.9167,0.9648,21,60,3,2,0.9419,0.913,0.9524,0.8936,0.9717,22,61,2,1,0.9651,0.9565,0.9683,0.9362,0.9662
929,22,54,14,9,0.7677,0.7097,0.7941,0.6567,0.8705,22,59,9,9,0.8182,0.7097,0.8676,0.7097,0.8923,21,56,12,10,0.7778,0.6774,0.8235,0.6562,0.8691,22,59,9,9,0.8182,0.7097,0.8676,0.7097,0.8795,21,59,9,10,0.8081,0.6774,0.8676,0.6885,0.8824,25,63,5,9,0.8627,0.7353,0.9265,0.7812,0.9005,29,65,3,5,0.9216,0.8529,0.9559,0.8788,0.9035,24,64,4,10,0.8627,0.7059,0.9412,0.7742,0.8789,22,65,3,12,0.8529,0.6471,0.9559,0.7458,0.8979,24,63,5,10,0.8529,0.7059,0.9265,0.7619,0.8837,17,55,3,9,0.8571,0.6538,0.9483,0.7391,0.8859,17,50,8,9,0.7976,0.6538,0.8621,0.6667,0.8647,18,47,11,8,0.7738,0.6923,0.8103,0.6545,0.8893,18,50,8,8,0.8095,0.6923,0.8621,0.6923,0.8846,18,48,10,8,0.7857,0.6923,0.8276,0.6667,0.882,21,59,3,3,0.9302,0.875,0.9516,0.875,0.9328,20,57,5,4,0.8953,0.8333,0.9194,0.8163,0.9173,21,56,6,3,0.8953,0.875,0.9032,0.8235,0.9261,20,56,6,4,0.8837,0.8333,0.9032,0.8,0.9462,21,57,5,3,0.907,0.875,0.9194,0.84,0.9214
930,25,53,11,10,0.7879,0.7143,0.8281,0.7042,0.8339,23,57,7,12,0.8081,0.6571,0.8906,0.7077,0.8571,25,53,11,10,0.7879,0.7143,0.8281,0.7042,0.8312,25,57,7,10,0.8283,0.7143,0.8906,0.7463,0.8411,25,56,8,10,0.8182,0.7143,0.875,0.7353,0.8812,21,68,3,10,0.8725,0.6774,0.9577,0.7636,0.851,24,66,5,7,0.8824,0.7742,0.9296,0.8,0.8623,23,65,6,8,0.8627,0.7419,0.9155,0.7667,0.8555,20,66,5,11,0.8431,0.6452,0.9296,0.7143,0.8569,23,65,6,8,0.8627,0.7419,0.9155,0.7667,0.846,23,49,7,5,0.8571,0.8214,0.875,0.7931,0.8769,24,45,11,4,0.8214,0.8571,0.8036,0.7619,0.9005,24,47,9,4,0.8452,0.8571,0.8393,0.7869,0.9139,24,49,7,4,0.869,0.8571,0.875,0.8136,0.9184,24,47,9,4,0.8452,0.8571,0.8393,0.7869,0.9247,20,52,11,3,0.8372,0.8696,0.8254,0.7407,0.8454,20,51,12,3,0.8256,0.8696,0.8095,0.7273,0.8447,20,51,12,3,0.8256,0.8696,0.8095,0.7273,0.8675,20,51,12,3,0.8256,0.8696,0.8095,0.7273,0.8813,20,51,12,3,0.8256,0.8696,0.8095,0.7273,0.8392
931,26,55,7,11,0.8182,0.7027,0.8871,0.7429,0.7995,23,55,7,14,0.7879,0.6216,0.8871,0.6866,0.8313,24,53,9,13,0.7778,0.6486,0.8548,0.6857,0.7956,26,55,7,11,0.8182,0.7027,0.8871,0.7429,0.7877,24,54,8,13,0.7879,0.6486,0.871,0.6957,0.8409,18,70,3,11,0.8627,0.6207,0.9589,0.72,0.8385,21,70,3,8,0.8922,0.7241,0.9589,0.7925,0.8658,18,70,3,11,0.8627,0.6207,0.9589,0.72,0.829,17,71,2,12,0.8627,0.5862,0.9726,0.7083,0.8526,18,69,4,11,0.8529,0.6207,0.9452,0.7059,0.8389,17,45,7,15,0.7381,0.5312,0.8654,0.6071,0.7326,17,41,11,15,0.6905,0.5312,0.7885,0.5667,0.7236,18,38,14,14,0.6667,0.5625,0.7308,0.5625,0.7572,17,46,6,15,0.75,0.5312,0.8846,0.6182,0.7338,18,40,12,14,0.6905,0.5625,0.7692,0.5806,0.7915,18,62,1,5,0.9302,0.7826,0.9841,0.8571,0.8979,18,61,2,5,0.9186,0.7826,0.9683,0.8372,0.8668,18,58,5,5,0.8837,0.7826,0.9206,0.7826,0.8972,18,58,5,5,0.8837,0.7826,0.9206,0.7826,0.9268,18,61,2,5,0.9186,0.7826,0.9683,0.8372,0.9048
932,20,59,14,6,0.798,0.7692,0.8082,0.6667,0.843,18,64,9,8,0.8283,0.6923,0.8767,0.6792,0.8172,20,57,16,6,0.7778,0.7692,0.7808,0.6452,0.8203,20,64,9,6,0.8485,0.7692,0.8767,0.7273,0.8383,20,63,10,6,0.8384,0.7692,0.863,0.7143,0.862,19,62,6,15,0.7941,0.5588,0.9118,0.6441,0.7574,20,65,3,14,0.8333,0.5882,0.9559,0.7018,0.8084,18,62,6,16,0.7843,0.5294,0.9118,0.6207,0.7803,17,66,2,17,0.8137,0.5,0.9706,0.6415,0.7885,18,61,7,16,0.7745,0.5294,0.8971,0.6102,0.7976,16,53,4,11,0.8214,0.5926,0.9298,0.6809,0.8096,14,41,16,13,0.6548,0.5185,0.7193,0.4912,0.7771,15,39,18,12,0.6429,0.5556,0.6842,0.5,0.7615,15,46,11,12,0.7262,0.5556,0.807,0.566,0.8057,15,44,13,12,0.7024,0.5556,0.7719,0.5455,0.7908,22,56,4,4,0.907,0.8462,0.9333,0.8462,0.8981,21,53,7,5,0.8605,0.8077,0.8833,0.7778,0.884,22,53,7,4,0.8721,0.8462,0.8833,0.8,0.8962,21,53,7,5,0.8605,0.8077,0.8833,0.7778,0.9141,22,53,7,4,0.8721,0.8462,0.8833,0.8,0.9019
933,25,47,16,11,0.7273,0.6944,0.746,0.6494,0.8091,23,50,13,13,0.7374,0.6389,0.7937,0.6389,0.8153,23,46,17,13,0.697,0.6389,0.7302,0.6053,0.7914,25,50,13,11,0.7576,0.6944,0.7937,0.6757,0.8131,23,50,13,13,0.7374,0.6389,0.7937,0.6389,0.8382,22,63,4,13,0.8333,0.6286,0.9403,0.7213,0.9058,30,64,3,5,0.9216,0.8571,0.9552,0.8824,0.916,27,64,3,8,0.8922,0.7714,0.9552,0.8308,0.9164,21,64,3,14,0.8333,0.6,0.9552,0.7119,0.9156,27,64,3,8,0.8922,0.7714,0.9552,0.8308,0.9224,24,43,5,12,0.7976,0.6667,0.8958,0.7385,0.8247,21,38,10,15,0.7024,0.5833,0.7917,0.6269,0.8293,23,33,15,13,0.6667,0.6389,0.6875,0.6216,0.8021,24,41,7,12,0.7738,0.6667,0.8542,0.7164,0.8478,23,39,9,13,0.7381,0.6389,0.8125,0.6765,0.8339,27,54,3,2,0.9419,0.931,0.9474,0.9153,0.9365,25,53,4,4,0.907,0.8621,0.9298,0.8621,0.9401,27,53,4,2,0.9302,0.931,0.9298,0.9,0.9335,25,53,4,4,0.907,0.8621,0.9298,0.8621,0.9449,27,53,4,2,0.9302,0.931,0.9298,0.9,0.9407
934,30,51,5,13,0.8182,0.6977,0.9107,0.7692,0.8692,27,51,5,16,0.7879,0.6279,0.9107,0.72,0.8642,28,51,5,15,0.798,0.6512,0.9107,0.7368,0.8459,30,51,5,13,0.8182,0.6977,0.9107,0.7692,0.8291,28,49,7,15,0.7778,0.6512,0.875,0.7179,0.8721,18,70,5,9,0.8627,0.6667,0.9333,0.72,0.8469,19,71,4,8,0.8824,0.7037,0.9467,0.76,0.8104,18,68,7,9,0.8431,0.6667,0.9067,0.6923,0.8079,17,73,2,10,0.8824,0.6296,0.9733,0.7391,0.8153,18,66,9,9,0.8235,0.6667,0.88,0.6667,0.8138,25,42,10,7,0.7976,0.7812,0.8077,0.7463,0.8263,26,39,13,6,0.7738,0.8125,0.75,0.7324,0.8876,26,35,17,6,0.7262,0.8125,0.6731,0.6933,0.8377,28,39,13,4,0.7976,0.875,0.75,0.7671,0.866,26,36,16,6,0.7381,0.8125,0.6923,0.7027,0.8582,22,58,4,2,0.9302,0.9167,0.9355,0.88,0.9294,20,55,7,4,0.8721,0.8333,0.8871,0.7843,0.8992,22,54,8,2,0.8837,0.9167,0.871,0.8148,0.9167,20,54,8,4,0.8605,0.8333,0.871,0.7692,0.9348,22,55,7,2,0.8953,0.9167,0.8871,0.8302,0.9106
935,31,48,9,11,0.798,0.7381,0.8421,0.7561,0.8463,27,52,5,15,0.798,0.6429,0.9123,0.7297,0.8596,29,48,9,13,0.7778,0.6905,0.8421,0.725,0.8241,31,52,5,11,0.8384,0.7381,0.9123,0.7949,0.8388,29,49,8,13,0.7879,0.6905,0.8596,0.7342,0.8567,17,77,3,5,0.9216,0.7727,0.9625,0.8095,0.8665,17,76,4,5,0.9118,0.7727,0.95,0.7907,0.8352,16,75,5,6,0.8922,0.7273,0.9375,0.7442,0.8426,16,78,2,6,0.9216,0.7273,0.975,0.8,0.8432,16,73,7,6,0.8725,0.7273,0.9125,0.7111,0.8381,21,46,5,12,0.7976,0.6364,0.902,0.7119,0.8324,18,40,11,15,0.6905,0.5455,0.7843,0.5806,0.8342,20,37,14,13,0.6786,0.6061,0.7255,0.597,0.8021,19,41,10,14,0.7143,0.5758,0.8039,0.6129,0.8271,20,42,9,13,0.7381,0.6061,0.8235,0.6452,0.8402,23,57,3,3,0.9302,0.8846,0.95,0.8846,0.9532,22,57,3,4,0.9186,0.8462,0.95,0.8627,0.9686,23,54,6,3,0.8953,0.8846,0.9,0.8364,0.9282,22,54,6,4,0.8837,0.8462,0.9,0.8148,0.9577,23,57,3,3,0.9302,0.8846,0.95,0.8846,0.9494
936,29,52,12,6,0.8182,0.8286,0.8125,0.7632,0.8969,26,56,8,9,0.8283,0.7429,0.875,0.7536,0.9286,26,51,13,9,0.7778,0.7429,0.7969,0.7027,0.8902,29,56,8,6,0.8586,0.8286,0.875,0.8056,0.9098,26,54,10,9,0.8081,0.7429,0.8438,0.7324,0.9156,20,68,5,9,0.8627,0.6897,0.9315,0.7407,0.7718,20,67,6,9,0.8529,0.6897,0.9178,0.7273,0.8082,17,67,6,12,0.8235,0.5862,0.9178,0.6538,0.7865,17,67,6,12,0.8235,0.5862,0.9178,0.6538,0.7879,17,66,7,12,0.8137,0.5862,0.9041,0.6415,0.812,18,47,10,9,0.7738,0.6667,0.8246,0.6545,0.8018,18,44,13,9,0.7381,0.6667,0.7719,0.6207,0.8057,19,36,21,8,0.6548,0.7037,0.6316,0.5672,0.8096,18,45,12,9,0.75,0.6667,0.7895,0.6316,0.8161,19,40,17,8,0.7024,0.7037,0.7018,0.6032,0.8278,20,58,4,4,0.907,0.8333,0.9355,0.8333,0.8716,19,55,7,5,0.8605,0.7917,0.8871,0.76,0.834,20,54,8,4,0.8605,0.8333,0.871,0.7692,0.8649,19,54,8,5,0.8488,0.7917,0.871,0.7451,0.873,20,55,7,4,0.8721,0.8333,0.8871,0.7843,0.8636
937,26,44,14,15,0.7071,0.6341,0.7586,0.642,0.7868,24,48,10,17,0.7273,0.5854,0.8276,0.64,0.8045,25,43,15,16,0.6869,0.6098,0.7414,0.6173,0.7557,26,48,10,15,0.7475,0.6341,0.8276,0.6753,0.7832,25,46,12,16,0.7172,0.6098,0.7931,0.641,0.8112,12,73,7,10,0.8333,0.5455,0.9125,0.5854,0.7733,14,70,10,8,0.8235,0.6364,0.875,0.6087,0.7778,10,72,8,12,0.8039,0.4545,0.9,0.5,0.7585,9,72,8,13,0.7941,0.4091,0.9,0.4615,0.7585,10,67,13,12,0.7549,0.4545,0.8375,0.4444,0.7807,18,50,6,10,0.8095,0.6429,0.8929,0.6923,0.773,18,40,16,10,0.6905,0.6429,0.7143,0.5806,0.8087,19,40,16,9,0.7024,0.6786,0.7143,0.6032,0.771,18,45,11,10,0.75,0.6429,0.8036,0.6316,0.7908,19,46,10,9,0.7738,0.6786,0.8214,0.6667,0.7889,22,60,2,2,0.9535,0.9167,0.9677,0.9167,0.9395,22,60,2,2,0.9535,0.9167,0.9677,0.9167,0.9274,22,57,5,2,0.9186,0.9167,0.9194,0.8627,0.9429,22,57,5,2,0.9186,0.9167,0.9194,0.8627,0.9624,22,60,2,2,0.9535,0.9167,0.9677,0.9167,0.9368
938,19,58,15,7,0.7778,0.7308,0.7945,0.6333,0.8151,15,64,9,11,0.798,0.5769,0.8767,0.6,0.8388,16,59,14,10,0.7576,0.6154,0.8082,0.5714,0.7903,19,64,9,7,0.8384,0.7308,0.8767,0.7037,0.8045,16,61,12,10,0.7778,0.6154,0.8356,0.5926,0.8393,20,67,6,9,0.8529,0.6897,0.9178,0.7273,0.8521,22,68,5,7,0.8824,0.7586,0.9315,0.7857,0.8611,19,66,7,10,0.8333,0.6552,0.9041,0.6909,0.8252,18,69,4,11,0.8529,0.6207,0.9452,0.7059,0.8474,19,63,10,10,0.8039,0.6552,0.863,0.6552,0.8536,19,45,7,13,0.7619,0.5938,0.8654,0.6552,0.8101,21,39,13,11,0.7143,0.6562,0.75,0.6364,0.8161,23,38,14,9,0.7262,0.7188,0.7308,0.6667,0.8347,22,43,9,10,0.7738,0.6875,0.8269,0.6984,0.8263,23,41,11,9,0.7619,0.7188,0.7885,0.697,0.8311,25,55,2,4,0.9302,0.8621,0.9649,0.8929,0.9062,24,53,4,5,0.8953,0.8276,0.9298,0.8421,0.8881,25,53,4,4,0.907,0.8621,0.9298,0.8621,0.9189,24,53,4,5,0.8953,0.8276,0.9298,0.8421,0.9365,25,53,4,4,0.907,0.8621,0.9298,0.8621,0.9189
939,26,47,15,11,0.7374,0.7027,0.7581,0.6667,0.7847,23,51,11,14,0.7475,0.6216,0.8226,0.6479,0.7729,23,48,14,14,0.7172,0.6216,0.7742,0.6216,0.7415,26,51,11,11,0.7778,0.7027,0.8226,0.7027,0.7738,23,49,13,14,0.7273,0.6216,0.7903,0.6301,0.8012,20,68,4,10,0.8627,0.6667,0.9444,0.7407,0.7907,21,65,7,9,0.8431,0.7,0.9028,0.7241,0.8449,17,64,8,13,0.7941,0.5667,0.8889,0.6182,0.8204,16,66,6,14,0.8039,0.5333,0.9167,0.6154,0.8315,17,62,10,13,0.7745,0.5667,0.8611,0.5965,0.8389,16,50,6,12,0.7857,0.5714,0.8929,0.64,0.7749,15,45,11,13,0.7143,0.5357,0.8036,0.5556,0.7793,16,42,14,12,0.6905,0.5714,0.75,0.5517,0.7564,17,47,9,11,0.7619,0.6071,0.8393,0.6296,0.7755,16,45,11,12,0.7262,0.5714,0.8036,0.5818,0.8004,22,57,6,1,0.9186,0.9565,0.9048,0.8627,0.94,21,56,7,2,0.8953,0.913,0.8889,0.8235,0.942,22,56,7,1,0.907,0.9565,0.8889,0.8462,0.9358,21,56,7,2,0.8953,0.913,0.8889,0.8235,0.9503,22,56,7,1,0.907,0.9565,0.8889,0.8462,0.9241
940,23,53,9,14,0.7677,0.6216,0.8548,0.6667,0.7786,22,54,8,15,0.7677,0.5946,0.871,0.6567,0.8169,23,52,10,14,0.7576,0.6216,0.8387,0.6571,0.8047,23,54,8,14,0.7778,0.6216,0.871,0.6765,0.7585,23,52,10,14,0.7576,0.6216,0.8387,0.6571,0.8452,15,75,4,8,0.8824,0.6522,0.9494,0.7143,0.8597,18,75,4,5,0.9118,0.7826,0.9494,0.8,0.8553,16,74,5,7,0.8824,0.6957,0.9367,0.7273,0.8564,14,77,2,9,0.8922,0.6087,0.9747,0.7179,0.8641,16,73,6,7,0.8725,0.6957,0.9241,0.7111,0.863,14,54,9,7,0.8095,0.6667,0.8571,0.6364,0.8246,14,52,11,7,0.7857,0.6667,0.8254,0.6087,0.8466,15,45,18,6,0.7143,0.7143,0.7143,0.5556,0.8526,14,49,14,7,0.75,0.6667,0.7778,0.5714,0.8488,15,48,15,6,0.75,0.7143,0.7619,0.5882,0.8246,23,56,4,3,0.9186,0.8846,0.9333,0.8679,0.9192,22,54,6,4,0.8837,0.8462,0.9,0.8148,0.9038,23,54,6,3,0.8953,0.8846,0.9,0.8364,0.9128,22,54,6,4,0.8837,0.8462,0.9,0.8148,0.9372,23,54,6,3,0.8953,0.8846,0.9,0.8364,0.9205
941,25,56,9,9,0.8182,0.7353,0.8615,0.7353,0.89,19,62,3,15,0.8182,0.5588,0.9538,0.6786,0.8959,20,57,8,14,0.7778,0.5882,0.8769,0.6452,0.8579,25,62,3,9,0.8788,0.7353,0.9538,0.8065,0.8842,20,59,6,14,0.798,0.5882,0.9077,0.6667,0.8819,16,70,6,10,0.8431,0.6154,0.9211,0.6667,0.831,19,69,7,7,0.8627,0.7308,0.9079,0.7308,0.9049,17,71,5,9,0.8627,0.6538,0.9342,0.7083,0.8623,15,71,5,11,0.8431,0.5769,0.9342,0.6522,0.8871,17,69,7,9,0.8431,0.6538,0.9079,0.68,0.8826,22,44,9,9,0.7857,0.7097,0.8302,0.7097,0.8326,23,36,17,8,0.7024,0.7419,0.6792,0.6479,0.8484,26,35,18,5,0.7262,0.8387,0.6604,0.6933,0.8472,24,40,13,7,0.7619,0.7742,0.7547,0.7059,0.8545,26,38,15,5,0.7619,0.8387,0.717,0.7222,0.8515,18,57,7,4,0.8721,0.8182,0.8906,0.766,0.9034,18,57,7,4,0.8721,0.8182,0.8906,0.766,0.8928,18,57,7,4,0.8721,0.8182,0.8906,0.766,0.8963,18,57,7,4,0.8721,0.8182,0.8906,0.766,0.9247,18,57,7,4,0.8721,0.8182,0.8906,0.766,0.8935
942,29,50,11,9,0.798,0.7632,0.8197,0.7436,0.8525,26,52,9,12,0.7879,0.6842,0.8525,0.7123,0.8568,25,47,14,13,0.7273,0.6579,0.7705,0.6494,0.83,29,52,9,9,0.8182,0.7632,0.8525,0.7632,0.8481,25,48,13,13,0.7374,0.6579,0.7869,0.6579,0.8632,19,68,9,6,0.8529,0.76,0.8831,0.717,0.8255,20,69,8,5,0.8725,0.8,0.8961,0.7547,0.8784,18,71,6,7,0.8725,0.72,0.9221,0.7347,0.8462,17,72,5,8,0.8725,0.68,0.9351,0.7234,0.8535,18,67,10,7,0.8333,0.72,0.8701,0.6792,0.8691,14,54,10,6,0.8095,0.7,0.8438,0.6364,0.8039,15,51,13,5,0.7857,0.75,0.7969,0.625,0.8578,15,47,17,5,0.7381,0.75,0.7344,0.5769,0.8148,16,53,11,4,0.8214,0.8,0.8281,0.6809,0.8383,15,51,13,5,0.7857,0.75,0.7969,0.625,0.8383,23,57,5,1,0.9302,0.9583,0.9194,0.8846,0.9469,21,56,6,3,0.8953,0.875,0.9032,0.8235,0.9456,23,53,9,1,0.8837,0.9583,0.8548,0.8214,0.9355,21,53,9,3,0.8605,0.875,0.8548,0.7778,0.9536,23,56,6,1,0.9186,0.9583,0.9032,0.8679,0.9355
943,26,56,12,5,0.8283,0.8387,0.8235,0.7536,0.8596,23,60,8,8,0.8384,0.7419,0.8824,0.7419,0.8852,25,56,12,6,0.8182,0.8065,0.8235,0.7353,0.8577,26,60,8,5,0.8687,0.8387,0.8824,0.8,0.8454,25,59,9,6,0.8485,0.8065,0.8676,0.7692,0.8928,18,74,7,3,0.902,0.8571,0.9136,0.7826,0.8895,18,74,7,3,0.902,0.8571,0.9136,0.7826,0.9342,15,71,10,6,0.8431,0.7143,0.8765,0.6522,0.9118,15,75,6,6,0.8824,0.7143,0.9259,0.7143,0.9112,15,70,11,6,0.8333,0.7143,0.8642,0.6383,0.9253,18,52,7,7,0.8333,0.72,0.8814,0.72,0.8651,18,47,12,7,0.7738,0.72,0.7966,0.6545,0.8603,18,40,19,7,0.6905,0.72,0.678,0.5806,0.8353,20,46,13,5,0.7857,0.8,0.7797,0.6897,0.8766,18,42,17,7,0.7143,0.72,0.7119,0.6,0.8481,21,57,5,3,0.907,0.875,0.9194,0.84,0.9012,20,57,5,4,0.8953,0.8333,0.9194,0.8163,0.8797,21,57,5,3,0.907,0.875,0.9194,0.84,0.914,20,57,5,4,0.8953,0.8333,0.9194,0.8163,0.9362,21,57,5,3,0.907,0.875,0.9194,0.84,0.8918
944,24,60,7,8,0.8485,0.75,0.8955,0.7619,0.8479,22,62,5,10,0.8485,0.6875,0.9254,0.7458,0.8577,22,59,8,10,0.8182,0.6875,0.8806,0.7097,0.8214,24,62,5,8,0.8687,0.75,0.9254,0.7869,0.8463,22,60,7,10,0.8283,0.6875,0.8955,0.7213,0.8559,22,67,6,7,0.8725,0.7586,0.9178,0.7719,0.8196,22,68,5,7,0.8824,0.7586,0.9315,0.7857,0.8625,20,68,5,9,0.8627,0.6897,0.9315,0.7407,0.8262,20,68,5,9,0.8627,0.6897,0.9315,0.7407,0.8418,20,66,7,9,0.8431,0.6897,0.9041,0.7143,0.8333,22,45,6,11,0.7976,0.6667,0.8824,0.7213,0.8622,22,39,12,11,0.7262,0.6667,0.7647,0.6567,0.8556,22,34,17,11,0.6667,0.6667,0.6667,0.6111,0.8324,26,41,10,7,0.7976,0.7879,0.8039,0.7536,0.8746,22,37,14,11,0.7024,0.6667,0.7255,0.6377,0.8604,24,59,0,3,0.9651,0.8889,1.0,0.9412,0.9648,19,59,0,8,0.907,0.7037,1.0,0.8261,0.9504,24,56,3,3,0.9302,0.8889,0.9492,0.8889,0.946,19,56,3,8,0.8721,0.7037,0.9492,0.7755,0.9686,24,59,0,3,0.9651,0.8889,1.0,0.9412,0.968
945,18,56,15,10,0.7475,0.6429,0.7887,0.5902,0.8013,17,64,7,11,0.8182,0.6071,0.9014,0.6538,0.84,18,60,11,10,0.7879,0.6429,0.8451,0.6316,0.8063,18,64,7,10,0.8283,0.6429,0.9014,0.6792,0.8031,18,62,9,10,0.8081,0.6429,0.8732,0.6545,0.8345,22,68,4,8,0.8824,0.7333,0.9444,0.7857,0.9005,24,69,3,6,0.9118,0.8,0.9583,0.8421,0.9134,21,68,4,9,0.8725,0.7,0.9444,0.7636,0.8792,20,71,1,10,0.8922,0.6667,0.9861,0.7843,0.9074,21,66,6,9,0.8529,0.7,0.9167,0.7368,0.8903,26,45,6,7,0.8452,0.7879,0.8824,0.8,0.8455,25,38,13,8,0.75,0.7576,0.7451,0.7042,0.8853,27,35,16,6,0.7381,0.8182,0.6863,0.7105,0.836,25,40,11,8,0.7738,0.7576,0.7843,0.7246,0.8627,27,38,13,6,0.7738,0.8182,0.7451,0.7397,0.8627,27,47,5,7,0.8605,0.7941,0.9038,0.8182,0.8705,27,47,5,7,0.8605,0.7941,0.9038,0.8182,0.8626,27,47,5,7,0.8605,0.7941,0.9038,0.8182,0.8654,27,47,5,7,0.8605,0.7941,0.9038,0.8182,0.8982,27,47,5,7,0.8605,0.7941,0.9038,0.8182,0.8637
946,21,57,11,10,0.7879,0.6774,0.8382,0.6667,0.8264,19,61,7,12,0.8081,0.6129,0.8971,0.6667,0.8477,20,57,11,11,0.7778,0.6452,0.8382,0.6452,0.8098,21,61,7,10,0.8283,0.6774,0.8971,0.7119,0.8174,20,59,9,11,0.798,0.6452,0.8676,0.6667,0.8582,19,69,5,9,0.8627,0.6786,0.9324,0.7308,0.7693,20,68,6,8,0.8627,0.7143,0.9189,0.7407,0.8016,17,68,6,11,0.8333,0.6071,0.9189,0.6667,0.7736,17,69,5,11,0.8431,0.6071,0.9324,0.68,0.7896,17,64,10,11,0.7941,0.6071,0.8649,0.6182,0.8026,29,36,8,11,0.7738,0.725,0.8182,0.7532,0.8398,28,29,15,12,0.6786,0.7,0.6591,0.6747,0.8318,28,29,15,12,0.6786,0.7,0.6591,0.6747,0.8165,30,38,6,10,0.8095,0.75,0.8636,0.7895,0.8455,28,36,8,12,0.7619,0.7,0.8182,0.7368,0.8381,18,62,4,2,0.9302,0.9,0.9394,0.8571,0.9606,17,60,6,3,0.8953,0.85,0.9091,0.7907,0.9515,18,60,6,2,0.907,0.9,0.9091,0.8182,0.9409,17,60,6,3,0.8953,0.85,0.9091,0.7907,0.9417,18,60,6,2,0.907,0.9,0.9091,0.8182,0.9515
947,23,52,14,10,0.7576,0.697,0.7879,0.6571,0.8274,22,55,11,11,0.7778,0.6667,0.8333,0.6667,0.8251,22,51,15,11,0.7374,0.6667,0.7727,0.6286,0.7948,23,55,11,10,0.7879,0.697,0.8333,0.6866,0.8051,22,53,13,11,0.7576,0.6667,0.803,0.6471,0.8384,17,71,5,9,0.8627,0.6538,0.9342,0.7083,0.8138,18,71,5,8,0.8725,0.6923,0.9342,0.7347,0.8082,11,72,4,15,0.8137,0.4231,0.9474,0.5366,0.788,11,71,5,15,0.8039,0.4231,0.9342,0.5238,0.8077,11,70,6,15,0.7941,0.4231,0.9211,0.5116,0.8203,22,40,7,15,0.7381,0.5946,0.8511,0.6667,0.8108,26,38,9,11,0.7619,0.7027,0.8085,0.7222,0.8695,27,33,14,10,0.7143,0.7297,0.7021,0.6923,0.8401,29,38,9,8,0.7976,0.7838,0.8085,0.7733,0.8608,27,39,8,10,0.7857,0.7297,0.8298,0.75,0.8752,18,62,2,4,0.9302,0.8182,0.9688,0.8571,0.8999,16,61,3,6,0.8953,0.7273,0.9531,0.7805,0.8906,18,58,6,4,0.8837,0.8182,0.9062,0.7826,0.8871,16,58,6,6,0.8605,0.7273,0.9062,0.7273,0.9219,18,61,3,4,0.9186,0.8182,0.9531,0.8372,0.9119
948,23,49,17,10,0.7273,0.697,0.7424,0.6301,0.8026,22,56,10,11,0.7879,0.6667,0.8485,0.6769,0.7805,21,50,16,12,0.7172,0.6364,0.7576,0.6,0.7635,23,56,10,10,0.798,0.697,0.8485,0.697,0.7998,21,52,14,12,0.7374,0.6364,0.7879,0.6176,0.8297,22,64,7,9,0.8431,0.7097,0.9014,0.7333,0.7887,22,66,5,9,0.8627,0.7097,0.9296,0.7586,0.8155,19,66,5,12,0.8333,0.6129,0.9296,0.6909,0.7928,19,66,5,12,0.8333,0.6129,0.9296,0.6909,0.8124,19,64,7,12,0.8137,0.6129,0.9014,0.6667,0.8024,21,54,4,5,0.8929,0.8077,0.931,0.8235,0.8786,20,47,11,6,0.7976,0.7692,0.8103,0.7018,0.9171,21,43,15,5,0.7619,0.8077,0.7414,0.6774,0.8674,20,47,11,6,0.7976,0.7692,0.8103,0.7018,0.9025,21,43,15,5,0.7619,0.8077,0.7414,0.6774,0.8495,25,54,3,4,0.9186,0.8621,0.9474,0.8772,0.9365,23,53,4,6,0.8837,0.7931,0.9298,0.8214,0.9135,25,52,5,4,0.8953,0.8621,0.9123,0.8475,0.9214,23,52,5,6,0.8721,0.7931,0.9123,0.807,0.9456,25,53,4,4,0.907,0.8621,0.9298,0.8621,0.9141
949,29,50,10,10,0.798,0.7436,0.8333,0.7436,0.8735,24,55,5,15,0.798,0.6154,0.9167,0.7059,0.8641,24,51,9,15,0.7576,0.6154,0.85,0.6667,0.865,29,55,5,10,0.8485,0.7436,0.9167,0.7945,0.8667,24,51,9,15,0.7576,0.6154,0.85,0.6667,0.8833,26,66,3,7,0.902,0.7879,0.9565,0.8387,0.8797,26,63,6,7,0.8725,0.7879,0.913,0.8,0.9025,23,64,5,10,0.8529,0.697,0.9275,0.7541,0.877,23,65,4,10,0.8627,0.697,0.942,0.7667,0.8871,23,59,10,10,0.8039,0.697,0.8551,0.697,0.8573,26,46,1,11,0.8571,0.7027,0.9787,0.8125,0.8953,27,42,5,10,0.8214,0.7297,0.8936,0.7826,0.8499,28,37,10,9,0.7738,0.7568,0.7872,0.7467,0.866,29,40,7,8,0.8214,0.7838,0.8511,0.7945,0.8666,28,37,10,9,0.7738,0.7568,0.7872,0.7467,0.87,20,62,3,1,0.9535,0.9524,0.9538,0.9091,0.9597,19,62,3,2,0.9419,0.9048,0.9538,0.8837,0.9744,20,61,4,1,0.9419,0.9524,0.9385,0.8889,0.9546,19,61,4,2,0.9302,0.9048,0.9385,0.8636,0.97,20,62,3,1,0.9535,0.9524,0.9538,0.9091,0.9663
950,30,47,12,10,0.7778,0.75,0.7966,0.7317,0.8021,28,53,6,12,0.8182,0.7,0.8983,0.7568,0.853,29,47,12,11,0.7677,0.725,0.7966,0.716,0.7856,30,53,6,10,0.8384,0.75,0.8983,0.7895,0.779,29,49,10,11,0.7879,0.725,0.8305,0.7342,0.8271,21,70,4,7,0.8922,0.75,0.9459,0.7925,0.8639,22,69,5,6,0.8922,0.7857,0.9324,0.8,0.9069,18,68,6,10,0.8431,0.6429,0.9189,0.6923,0.862,18,71,3,10,0.8725,0.6429,0.9595,0.7347,0.875,18,66,8,10,0.8235,0.6429,0.8919,0.6667,0.8818,19,54,4,7,0.869,0.7308,0.931,0.7755,0.8488,19,49,9,7,0.8095,0.7308,0.8448,0.7037,0.9005,19,43,15,7,0.7381,0.7308,0.7414,0.6333,0.8694,20,50,8,6,0.8333,0.7692,0.8621,0.7407,0.8906,19,46,12,7,0.7738,0.7308,0.7931,0.6667,0.8859,22,56,5,3,0.907,0.88,0.918,0.8462,0.9266,21,56,5,4,0.8953,0.84,0.918,0.8235,0.9115,22,56,5,3,0.907,0.88,0.918,0.8462,0.9338,21,56,5,4,0.8953,0.84,0.918,0.8235,0.9456,22,56,5,3,0.907,0.88,0.918,0.8462,0.9148
951,19,61,11,8,0.8081,0.7037,0.8472,0.6667,0.8148,19,63,9,8,0.8283,0.7037,0.875,0.6909,0.8174,18,60,12,9,0.7879,0.6667,0.8333,0.6316,0.7845,19,63,9,8,0.8283,0.7037,0.875,0.6909,0.7968,18,60,12,9,0.7879,0.6667,0.8333,0.6316,0.8246,24,60,7,11,0.8235,0.6857,0.8955,0.7273,0.8128,27,61,6,8,0.8627,0.7714,0.9104,0.7941,0.8333,24,61,6,11,0.8333,0.6857,0.9104,0.7385,0.823,21,63,4,14,0.8235,0.6,0.9403,0.7,0.8316,24,61,6,11,0.8333,0.6857,0.9104,0.7385,0.8345,23,45,5,11,0.8095,0.6765,0.9,0.7419,0.8435,23,40,10,11,0.75,0.6765,0.8,0.6866,0.8747,23,38,12,11,0.7262,0.6765,0.76,0.6667,0.85,24,42,8,10,0.7857,0.7059,0.84,0.7273,0.8724,23,40,10,11,0.75,0.6765,0.8,0.6866,0.8559,19,59,3,5,0.907,0.7917,0.9516,0.8261,0.879,17,57,5,7,0.8605,0.7083,0.9194,0.7391,0.8508,19,57,5,5,0.8837,0.7917,0.9194,0.7917,0.8777,17,57,5,7,0.8605,0.7083,0.9194,0.7391,0.8905,19,57,5,5,0.8837,0.7917,0.9194,0.7917,0.8864
952,27,47,12,13,0.7475,0.675,0.7966,0.6835,0.8055,26,49,10,14,0.7576,0.65,0.8305,0.6842,0.8178,26,47,12,14,0.7374,0.65,0.7966,0.6667,0.814,27,49,10,13,0.7677,0.675,0.8305,0.7013,0.7981,26,47,12,14,0.7374,0.65,0.7966,0.6667,0.8479,19,70,6,7,0.8725,0.7308,0.9211,0.7451,0.8851,22,69,7,4,0.8922,0.8462,0.9079,0.8,0.8785,18,69,7,8,0.8529,0.6923,0.9079,0.7059,0.8618,17,71,5,9,0.8627,0.6538,0.9342,0.7083,0.8765,18,69,7,8,0.8529,0.6923,0.9079,0.7059,0.8796,21,44,9,10,0.7738,0.6774,0.8302,0.6885,0.8326,19,42,11,12,0.7262,0.6129,0.7925,0.623,0.8436,19,37,16,12,0.6667,0.6129,0.6981,0.5758,0.8509,20,43,10,11,0.75,0.6452,0.8113,0.6557,0.8673,19,40,13,12,0.7024,0.6129,0.7547,0.6032,0.8448,26,55,4,1,0.9419,0.963,0.9322,0.9123,0.9548,25,53,6,2,0.907,0.9259,0.8983,0.8621,0.9385,26,53,6,1,0.9186,0.963,0.8983,0.8814,0.9473,25,53,6,2,0.907,0.9259,0.8983,0.8621,0.9504,26,53,6,1,0.9186,0.963,0.8983,0.8814,0.9466
953,31,51,10,7,0.8283,0.8158,0.8361,0.7848,0.8546,28,54,7,10,0.8283,0.7368,0.8852,0.7671,0.8607,30,52,9,8,0.8283,0.7895,0.8525,0.7792,0.8352,31,54,7,7,0.8586,0.8158,0.8852,0.8158,0.8469,30,53,8,8,0.8384,0.7895,0.8689,0.7895,0.8706,26,68,4,4,0.9216,0.8667,0.9444,0.8667,0.9338,26,67,5,4,0.9118,0.8667,0.9306,0.8525,0.9343,23,66,6,7,0.8725,0.7667,0.9167,0.7797,0.9083,23,68,4,7,0.8922,0.7667,0.9444,0.807,0.9324,23,64,8,7,0.8529,0.7667,0.8889,0.7541,0.9194,20,48,5,11,0.8095,0.6452,0.9057,0.7143,0.7724,20,43,10,11,0.75,0.6452,0.8113,0.6557,0.8545,21,41,12,10,0.7381,0.6774,0.7736,0.6562,0.8046,21,44,9,10,0.7738,0.6774,0.8302,0.6885,0.8399,21,44,9,10,0.7738,0.6774,0.8302,0.6885,0.8405,23,56,3,4,0.9186,0.8519,0.9492,0.8679,0.8952,23,55,4,4,0.907,0.8519,0.9322,0.8519,0.8745,23,53,6,4,0.8837,0.8519,0.8983,0.8214,0.9033,23,53,6,4,0.8837,0.8519,0.8983,0.8214,0.9316,23,55,4,4,0.907,0.8519,0.9322,0.8519,0.8958
954,22,53,14,10,0.7576,0.6875,0.791,0.6471,0.785,19,59,8,13,0.7879,0.5938,0.8806,0.6441,0.812,20,52,15,12,0.7273,0.625,0.7761,0.597,0.7719,22,59,8,10,0.8182,0.6875,0.8806,0.7097,0.7792,20,55,12,12,0.7576,0.625,0.8209,0.625,0.8153,24,68,2,8,0.902,0.75,0.9714,0.8276,0.8973,26,67,3,6,0.9118,0.8125,0.9571,0.8525,0.9116,22,64,6,10,0.8431,0.6875,0.9143,0.7333,0.8674,21,67,3,11,0.8627,0.6562,0.9571,0.75,0.8996,22,59,11,10,0.7941,0.6875,0.8429,0.6769,0.8679,24,47,6,7,0.8452,0.7742,0.8868,0.7869,0.9081,23,42,11,8,0.7738,0.7419,0.7925,0.7077,0.9038,24,39,14,7,0.75,0.7742,0.7358,0.6957,0.8898,24,46,7,7,0.8333,0.7742,0.8679,0.7742,0.927,24,42,11,7,0.7857,0.7742,0.7925,0.7273,0.8941,18,60,4,4,0.907,0.8182,0.9375,0.8182,0.8906,17,59,5,5,0.8837,0.7727,0.9219,0.7727,0.8643,18,55,9,4,0.8488,0.8182,0.8594,0.7347,0.88,17,55,9,5,0.8372,0.7727,0.8594,0.7083,0.8963,18,59,5,4,0.8953,0.8182,0.9219,0.8,0.8942
955,26,49,17,7,0.7576,0.7879,0.7424,0.6842,0.8168,24,57,9,9,0.8182,0.7273,0.8636,0.7273,0.8618,22,49,17,11,0.7172,0.6667,0.7424,0.6111,0.8072,26,57,9,7,0.8384,0.7879,0.8636,0.7647,0.8391,22,55,11,11,0.7778,0.6667,0.8333,0.6667,0.8466,21,64,6,11,0.8333,0.6562,0.9143,0.7119,0.7978,22,67,3,10,0.8725,0.6875,0.9571,0.7719,0.8571,19,65,5,13,0.8235,0.5938,0.9286,0.6786,0.8058,19,69,1,13,0.8627,0.5938,0.9857,0.7308,0.8371,19,65,5,13,0.8235,0.5938,0.9286,0.6786,0.8384,18,46,7,13,0.7619,0.5806,0.8679,0.6429,0.8016,21,41,12,10,0.7381,0.6774,0.7736,0.6562,0.8259,22,39,14,9,0.7262,0.7097,0.7358,0.6567,0.7985,23,43,10,8,0.7857,0.7419,0.8113,0.7188,0.8271,22,41,12,9,0.75,0.7097,0.7736,0.6769,0.8235,20,60,3,3,0.9302,0.8696,0.9524,0.8696,0.8979,19,58,5,4,0.8953,0.8261,0.9206,0.8085,0.8709,20,54,9,3,0.8605,0.8696,0.8571,0.7692,0.913,19,54,9,4,0.8488,0.8261,0.8571,0.7451,0.9241,20,58,5,3,0.907,0.8696,0.9206,0.8333,0.9006
956,22,50,15,12,0.7273,0.6471,0.7692,0.6197,0.7896,21,56,9,13,0.7778,0.6176,0.8615,0.6562,0.7914,20,50,15,14,0.7071,0.5882,0.7692,0.5797,0.7548,22,56,9,12,0.7879,0.6471,0.8615,0.6769,0.7842,20,55,10,14,0.7576,0.5882,0.8462,0.625,0.8127,19,77,3,3,0.9412,0.8636,0.9625,0.8636,0.9318,20,75,5,2,0.9314,0.9091,0.9375,0.8511,0.9051,16,75,5,6,0.8922,0.7273,0.9375,0.7442,0.8932,15,75,5,7,0.8824,0.6818,0.9375,0.7143,0.9068,16,71,9,6,0.8529,0.7273,0.8875,0.6809,0.9028,18,48,8,10,0.7857,0.6429,0.8571,0.6667,0.794,19,43,13,9,0.7381,0.6786,0.7679,0.6333,0.8323,19,42,14,9,0.7262,0.6786,0.75,0.623,0.8131,20,46,10,8,0.7857,0.7143,0.8214,0.6897,0.8412,19,43,13,9,0.7381,0.6786,0.7679,0.6333,0.8144,23,58,3,2,0.9419,0.92,0.9508,0.902,0.9692,21,58,3,4,0.9186,0.84,0.9508,0.8571,0.9711,23,55,6,2,0.907,0.92,0.9016,0.8519,0.9515,21,55,6,4,0.8837,0.84,0.9016,0.8077,0.9652,23,58,3,2,0.9419,0.92,0.9508,0.902,0.9698
957,32,48,13,6,0.8081,0.8421,0.7869,0.7711,0.8736,26,54,7,12,0.8081,0.6842,0.8852,0.7324,0.8546,28,48,13,10,0.7677,0.7368,0.7869,0.7089,0.8632,32,54,7,6,0.8687,0.8421,0.8852,0.8312,0.8652,28,51,10,10,0.798,0.7368,0.8361,0.7368,0.8844,11,71,9,11,0.8039,0.5,0.8875,0.5238,0.7085,13,72,8,9,0.8333,0.5909,0.9,0.6047,0.8028,8,74,6,14,0.8039,0.3636,0.925,0.4444,0.7364,7,73,7,15,0.7843,0.3182,0.9125,0.3889,0.7687,8,71,9,14,0.7745,0.3636,0.8875,0.4103,0.7642,19,45,8,12,0.7619,0.6129,0.8491,0.6552,0.7876,19,42,11,12,0.7262,0.6129,0.7925,0.623,0.8326,19,39,14,12,0.6905,0.6129,0.7358,0.5938,0.7912,21,43,10,10,0.7619,0.6774,0.8113,0.6774,0.8162,19,42,11,12,0.7262,0.6129,0.7925,0.623,0.8284,18,65,2,1,0.9651,0.9474,0.9701,0.9231,0.9654,17,63,4,2,0.9302,0.8947,0.9403,0.85,0.9482,18,62,5,1,0.9302,0.9474,0.9254,0.8571,0.9466,17,62,5,2,0.9186,0.8947,0.9254,0.8293,0.956,18,63,4,1,0.9419,0.9474,0.9403,0.878,0.9599
958,27,51,10,11,0.7879,0.7105,0.8361,0.72,0.8835,26,54,7,12,0.8081,0.6842,0.8852,0.7324,0.8883,25,52,9,13,0.7778,0.6579,0.8525,0.6944,0.8792,27,54,7,11,0.8182,0.7105,0.8852,0.75,0.8637,25,53,8,13,0.7879,0.6579,0.8689,0.7042,0.8999,20,67,7,8,0.8529,0.7143,0.9054,0.7273,0.8403,23,68,6,5,0.8922,0.8214,0.9189,0.807,0.8789,19,67,7,9,0.8431,0.6786,0.9054,0.7037,0.8456,18,70,4,10,0.8627,0.6429,0.9459,0.72,0.8547,19,66,8,9,0.8333,0.6786,0.8919,0.6909,0.8571,21,42,6,15,0.75,0.5833,0.875,0.6667,0.8287,23,35,13,13,0.6905,0.6389,0.7292,0.6389,0.8299,27,32,16,9,0.7024,0.75,0.6667,0.6835,0.8264,24,36,12,12,0.7143,0.6667,0.75,0.6667,0.853,27,36,12,9,0.75,0.75,0.75,0.72,0.8194,20,55,6,5,0.8721,0.8,0.9016,0.7843,0.8531,18,51,10,7,0.8023,0.72,0.8361,0.6792,0.7928,20,51,10,5,0.8256,0.8,0.8361,0.7273,0.8538,18,51,10,7,0.8023,0.72,0.8361,0.6792,0.8748,20,51,10,5,0.8256,0.8,0.8361,0.7273,0.8236
959,29,51,9,10,0.8081,0.7436,0.85,0.7532,0.8483,27,54,6,12,0.8182,0.6923,0.9,0.75,0.8585,28,52,8,11,0.8081,0.7179,0.8667,0.7467,0.8406,29,54,6,10,0.8384,0.7436,0.9,0.7838,0.8372,28,52,8,11,0.8081,0.7179,0.8667,0.7467,0.8662,20,73,1,8,0.9118,0.7143,0.9865,0.8163,0.8649,21,71,3,7,0.902,0.75,0.9595,0.8077,0.9175,20,68,6,8,0.8627,0.7143,0.9189,0.7407,0.89,19,72,2,9,0.8922,0.6786,0.973,0.7755,0.8982,20,66,8,8,0.8431,0.7143,0.8919,0.7143,0.8977,23,43,7,11,0.7857,0.6765,0.86,0.7188,0.85,24,41,9,10,0.7738,0.7059,0.82,0.7164,0.8765,24,41,9,10,0.7738,0.7059,0.82,0.7164,0.8882,25,43,7,9,0.8095,0.7353,0.86,0.7576,0.8935,24,42,8,10,0.7857,0.7059,0.84,0.7273,0.8671,26,56,3,1,0.9535,0.963,0.9492,0.9286,0.9579,24,56,3,3,0.9302,0.8889,0.9492,0.8889,0.9548,26,56,3,1,0.9535,0.963,0.9492,0.9286,0.9579,24,56,3,3,0.9302,0.8889,0.9492,0.8889,0.9667,26,56,3,1,0.9535,0.963,0.9492,0.9286,0.9548
960,28,47,11,13,0.7576,0.6829,0.8103,0.7,0.8318,24,50,8,17,0.7475,0.5854,0.8621,0.6575,0.8486,27,46,12,14,0.7374,0.6585,0.7931,0.675,0.8112,28,50,8,13,0.7879,0.6829,0.8621,0.7273,0.8398,27,48,10,14,0.7576,0.6585,0.8276,0.6923,0.8574,10,74,5,13,0.8235,0.4348,0.9367,0.5263,0.7777,13,74,5,10,0.8529,0.5652,0.9367,0.6341,0.798,10,74,5,13,0.8235,0.4348,0.9367,0.5263,0.7865,10,75,4,13,0.8333,0.4348,0.9494,0.5405,0.8074,10,74,5,13,0.8235,0.4348,0.9367,0.5263,0.8008,24,47,3,10,0.8452,0.7059,0.94,0.7869,0.87,25,39,11,9,0.7619,0.7353,0.78,0.7143,0.8788,25,37,13,9,0.7381,0.7353,0.74,0.6944,0.8406,27,41,9,7,0.8095,0.7941,0.82,0.7714,0.8694,25,40,10,9,0.7738,0.7353,0.8,0.7246,0.8765,25,56,1,4,0.9419,0.8621,0.9825,0.9091,0.9698,24,56,1,5,0.9302,0.8276,0.9825,0.8889,0.9595,25,55,2,4,0.9302,0.8621,0.9649,0.8929,0.9492,24,55,2,5,0.9186,0.8276,0.9649,0.8727,0.9728,25,56,1,4,0.9419,0.8621,0.9825,0.9091,0.9679
961,24,55,10,10,0.798,0.7059,0.8462,0.7059,0.8679,19,57,8,15,0.7677,0.5588,0.8769,0.623,0.824,23,55,10,11,0.7879,0.6765,0.8462,0.6866,0.8294,24,57,8,10,0.8182,0.7059,0.8769,0.7273,0.8464,23,54,11,11,0.7778,0.6765,0.8308,0.6765,0.8715,19,72,1,10,0.8922,0.6552,0.9863,0.7755,0.7969,20,68,5,9,0.8627,0.6897,0.9315,0.7407,0.7832,18,67,6,11,0.8333,0.6207,0.9178,0.6792,0.7785,18,69,4,11,0.8529,0.6207,0.9452,0.7059,0.7794,18,63,10,11,0.7941,0.6207,0.863,0.6316,0.7945,21,43,8,12,0.7619,0.6364,0.8431,0.6774,0.8259,23,41,10,10,0.7619,0.697,0.8039,0.697,0.8723,25,34,17,8,0.7024,0.7576,0.6667,0.6667,0.8414,24,42,9,9,0.7857,0.7273,0.8235,0.7273,0.9002,25,37,14,8,0.7381,0.7576,0.7255,0.6944,0.852,20,58,4,4,0.907,0.8333,0.9355,0.8333,0.9422,19,57,5,5,0.8837,0.7917,0.9194,0.7917,0.9476,20,56,6,4,0.8837,0.8333,0.9032,0.8,0.9059,19,56,6,5,0.8721,0.7917,0.9032,0.7755,0.9362,20,57,5,4,0.8953,0.8333,0.9194,0.8163,0.9449
962,30,48,9,12,0.7879,0.7143,0.8421,0.7407,0.835,27,50,7,15,0.7778,0.6429,0.8772,0.7105,0.8622,25,47,10,17,0.7273,0.5952,0.8246,0.6494,0.8304,30,50,7,12,0.8081,0.7143,0.8772,0.7595,0.8402,25,50,7,17,0.7576,0.5952,0.8772,0.6757,0.8659,21,73,1,7,0.9216,0.75,0.9865,0.84,0.8933,24,69,5,4,0.9118,0.8571,0.9324,0.8421,0.9291,21,68,6,7,0.8725,0.75,0.9189,0.7636,0.8837,20,70,4,8,0.8824,0.7143,0.9459,0.7692,0.918,21,64,10,7,0.8333,0.75,0.8649,0.7119,0.8929,19,49,5,11,0.8095,0.6333,0.9074,0.7037,0.8142,20,47,7,10,0.7976,0.6667,0.8704,0.7018,0.8352,22,42,12,8,0.7619,0.7333,0.7778,0.6875,0.8321,20,47,7,10,0.7976,0.6667,0.8704,0.7018,0.834,22,43,11,8,0.7738,0.7333,0.7963,0.6984,0.834,21,62,1,2,0.9651,0.913,0.9841,0.9333,0.9558,20,61,2,3,0.9419,0.8696,0.9683,0.8889,0.9503,21,61,2,2,0.9535,0.913,0.9683,0.913,0.9662,20,61,2,3,0.9419,0.8696,0.9683,0.8889,0.9772,21,61,2,2,0.9535,0.913,0.9683,0.913,0.96
963,23,58,11,7,0.8182,0.7667,0.8406,0.7188,0.8338,22,62,7,8,0.8485,0.7333,0.8986,0.7458,0.8415,20,57,12,10,0.7778,0.6667,0.8261,0.6452,0.8184,23,62,7,7,0.8586,0.7667,0.8986,0.7667,0.8287,20,60,9,10,0.8081,0.6667,0.8696,0.678,0.8464,20,73,3,6,0.9118,0.7692,0.9605,0.8163,0.8871,21,73,3,5,0.9216,0.8077,0.9605,0.84,0.8603,16,74,2,10,0.8824,0.6154,0.9737,0.7273,0.8623,16,73,3,10,0.8725,0.6154,0.9605,0.7111,0.8618,16,72,4,10,0.8627,0.6154,0.9474,0.6957,0.8512,18,44,4,18,0.7381,0.5,0.9167,0.6207,0.7581,18,38,10,18,0.6667,0.5,0.7917,0.5625,0.7593,22,36,12,14,0.6905,0.6111,0.75,0.6286,0.7471,18,37,11,18,0.6548,0.5,0.7708,0.5538,0.7552,22,39,9,14,0.7262,0.6111,0.8125,0.6567,0.7627,21,58,5,2,0.9186,0.913,0.9206,0.8571,0.9393,21,55,8,2,0.8837,0.913,0.873,0.8077,0.9317,21,55,8,2,0.8837,0.913,0.873,0.8077,0.9262,21,55,8,2,0.8837,0.913,0.873,0.8077,0.9393,21,55,8,2,0.8837,0.913,0.873,0.8077,0.9427
964,29,57,6,7,0.8687,0.8056,0.9048,0.8169,0.8937,27,57,6,9,0.8485,0.75,0.9048,0.7826,0.9034,26,56,7,10,0.8283,0.7222,0.8889,0.7536,0.9021,29,57,6,7,0.8687,0.8056,0.9048,0.8169,0.8748,26,56,7,10,0.8283,0.7222,0.8889,0.7536,0.9105,26,63,7,6,0.8725,0.8125,0.9,0.8,0.917,28,66,4,4,0.9216,0.875,0.9429,0.875,0.9254,27,64,6,5,0.8922,0.8438,0.9143,0.8308,0.9089,25,68,2,7,0.9118,0.7812,0.9714,0.8475,0.9268,27,64,6,5,0.8922,0.8438,0.9143,0.8308,0.9098,22,47,8,7,0.8214,0.7586,0.8545,0.7458,0.8038,23,37,18,6,0.7143,0.7931,0.6727,0.6571,0.8445,23,32,23,6,0.6548,0.7931,0.5818,0.6133,0.8188,23,38,17,6,0.7262,0.7931,0.6909,0.6667,0.8245,23,36,19,6,0.7024,0.7931,0.6545,0.6479,0.8201,22,58,2,4,0.9302,0.8462,0.9667,0.88,0.9397,22,57,3,4,0.9186,0.8462,0.95,0.8627,0.9462,22,56,4,4,0.907,0.8462,0.9333,0.8462,0.9109,22,56,4,4,0.907,0.8462,0.9333,0.8462,0.9455,22,57,3,4,0.9186,0.8462,0.95,0.8627,0.9455
965,23,48,17,11,0.7172,0.6765,0.7385,0.6216,0.7896,21,55,10,13,0.7677,0.6176,0.8462,0.6462,0.8344,21,51,14,13,0.7273,0.6176,0.7846,0.6087,0.7747,23,55,10,11,0.7879,0.6765,0.8462,0.6866,0.7771,21,53,12,13,0.7475,0.6176,0.8154,0.6269,0.833,22,68,2,10,0.8824,0.6875,0.9714,0.7857,0.8554,25,66,4,7,0.8922,0.7812,0.9429,0.8197,0.8554,21,66,4,11,0.8529,0.6562,0.9429,0.7368,0.8442,18,66,4,14,0.8235,0.5625,0.9429,0.6667,0.8241,21,64,6,11,0.8333,0.6562,0.9143,0.7119,0.8424,21,45,6,12,0.7857,0.6364,0.8824,0.7,0.8295,23,41,10,10,0.7619,0.697,0.8039,0.697,0.8812,24,40,11,9,0.7619,0.7273,0.7843,0.7059,0.8461,25,43,8,8,0.8095,0.7576,0.8431,0.7576,0.8627,24,43,8,9,0.7976,0.7273,0.8431,0.7385,0.8717,24,49,4,9,0.8488,0.7273,0.9245,0.7869,0.8491,24,48,5,9,0.8372,0.7273,0.9057,0.7742,0.833,24,45,8,9,0.8023,0.7273,0.8491,0.7385,0.8256,24,45,8,9,0.8023,0.7273,0.8491,0.7385,0.8776,24,48,5,9,0.8372,0.7273,0.9057,0.7742,0.8531
966,30,50,9,10,0.8081,0.75,0.8475,0.7595,0.836,26,54,5,14,0.8081,0.65,0.9153,0.7324,0.8356,28,50,9,12,0.7879,0.7,0.8475,0.7273,0.8258,30,54,5,10,0.8485,0.75,0.9153,0.8,0.8381,28,52,7,12,0.8081,0.7,0.8814,0.7467,0.8585,17,74,6,5,0.8922,0.7727,0.925,0.7556,0.8739,18,78,2,4,0.9412,0.8182,0.975,0.8571,0.9608,15,75,5,7,0.8824,0.6818,0.9375,0.7143,0.9142,14,80,0,8,0.9216,0.6364,1.0,0.7778,0.9216,15,74,6,7,0.8725,0.6818,0.925,0.6977,0.9369,11,50,7,16,0.7262,0.4074,0.8772,0.4889,0.768,11,43,14,16,0.6429,0.4074,0.7544,0.4231,0.7934,14,42,15,13,0.6667,0.5185,0.7368,0.5,0.7758,13,47,10,14,0.7143,0.4815,0.8246,0.52,0.8103,14,45,12,13,0.7024,0.5185,0.7895,0.5283,0.7973,22,56,5,3,0.907,0.88,0.918,0.8462,0.8977,19,53,8,6,0.8372,0.76,0.8689,0.7308,0.901,22,52,9,3,0.8605,0.88,0.8525,0.7857,0.8931,19,52,9,6,0.8256,0.76,0.8525,0.717,0.8997,22,53,8,3,0.8721,0.88,0.8689,0.8,0.903
967,31,50,12,6,0.8182,0.8378,0.8065,0.775,0.8753,30,55,7,7,0.8586,0.8108,0.8871,0.8108,0.8941,30,52,10,7,0.8283,0.8108,0.8387,0.7792,0.8605,31,55,7,6,0.8687,0.8378,0.8871,0.8267,0.8784,30,55,7,7,0.8586,0.8108,0.8871,0.8108,0.9058,11,74,8,9,0.8333,0.55,0.9024,0.5641,0.8378,13,74,8,7,0.8529,0.65,0.9024,0.6341,0.8567,11,74,8,9,0.8333,0.55,0.9024,0.5641,0.803,10,74,8,10,0.8235,0.5,0.9024,0.5263,0.8366,11,67,15,9,0.7647,0.55,0.8171,0.4783,0.8122,24,42,5,13,0.7857,0.6486,0.8936,0.7273,0.8114,25,34,13,12,0.7024,0.6757,0.7234,0.6667,0.789,25,31,16,12,0.6667,0.6757,0.6596,0.641,0.8051,27,35,12,10,0.7381,0.7297,0.7447,0.7105,0.8114,25,34,13,12,0.7024,0.6757,0.7234,0.6667,0.8177,21,58,5,2,0.9186,0.913,0.9206,0.8571,0.8854,19,56,7,4,0.8721,0.8261,0.8889,0.7755,0.8613,21,54,9,2,0.8721,0.913,0.8571,0.7925,0.9117,19,54,9,4,0.8488,0.8261,0.8571,0.7451,0.9124,21,56,7,2,0.8953,0.913,0.8889,0.8235,0.8834
968,26,53,12,8,0.798,0.7647,0.8154,0.7222,0.8299,21,59,6,13,0.8081,0.6176,0.9077,0.6885,0.829,23,51,14,11,0.7475,0.6765,0.7846,0.6479,0.8186,26,59,6,8,0.8586,0.7647,0.9077,0.7879,0.8317,23,53,12,11,0.7677,0.6765,0.8154,0.6667,0.8462,13,70,6,13,0.8137,0.5,0.9211,0.5778,0.7206,14,72,4,12,0.8431,0.5385,0.9474,0.6364,0.8168,12,72,4,14,0.8235,0.4615,0.9474,0.5714,0.753,12,74,2,14,0.8431,0.4615,0.9737,0.6,0.7758,12,70,6,14,0.8039,0.4615,0.9211,0.5455,0.7824,27,38,10,9,0.7738,0.75,0.7917,0.7397,0.7726,27,32,16,9,0.7024,0.75,0.6667,0.6835,0.8067,27,27,21,9,0.6429,0.75,0.5625,0.6429,0.7824,27,33,15,9,0.7143,0.75,0.6875,0.6923,0.8027,27,30,18,9,0.6786,0.75,0.625,0.6667,0.8108,17,64,2,3,0.9419,0.85,0.9697,0.8718,0.9348,16,62,4,4,0.907,0.8,0.9394,0.8,0.9152,17,62,4,3,0.9186,0.85,0.9394,0.8293,0.9205,16,62,4,4,0.907,0.8,0.9394,0.8,0.947,17,62,4,3,0.9186,0.85,0.9394,0.8293,0.9333
969,25,48,17,9,0.7374,0.7353,0.7385,0.6579,0.7973,21,55,10,13,0.7677,0.6176,0.8462,0.6462,0.8158,21,51,14,13,0.7273,0.6176,0.7846,0.6087,0.7846,25,55,10,9,0.8081,0.7353,0.8462,0.7246,0.7973,21,53,12,13,0.7475,0.6176,0.8154,0.6269,0.8131,19,67,6,10,0.8431,0.6552,0.9178,0.7037,0.8304,23,66,7,6,0.8725,0.7931,0.9041,0.7797,0.8649,16,64,9,13,0.7843,0.5517,0.8767,0.5926,0.8262,14,68,5,15,0.8039,0.4828,0.9315,0.5833,0.8474,16,62,11,13,0.7647,0.5517,0.8493,0.5714,0.8271,17,43,14,10,0.7143,0.6296,0.7544,0.5862,0.7628,16,39,18,11,0.6548,0.5926,0.6842,0.5246,0.7693,20,37,20,7,0.6786,0.7407,0.6491,0.597,0.794,16,44,13,11,0.7143,0.5926,0.7719,0.5714,0.7817,20,40,17,7,0.7143,0.7407,0.7018,0.625,0.794,18,59,5,4,0.8953,0.8182,0.9219,0.8,0.9183,18,58,6,4,0.8837,0.8182,0.9062,0.7826,0.9148,18,58,6,4,0.8837,0.8182,0.9062,0.7826,0.8814,18,58,6,4,0.8837,0.8182,0.9062,0.7826,0.924,18,58,6,4,0.8837,0.8182,0.9062,0.7826,0.9041
970,29,47,13,10,0.7677,0.7436,0.7833,0.716,0.8932,27,53,7,12,0.8081,0.6923,0.8833,0.7397,0.9,29,47,13,10,0.7677,0.7436,0.7833,0.716,0.8825,29,53,7,10,0.8283,0.7436,0.8833,0.7733,0.894,29,51,9,10,0.8081,0.7436,0.85,0.7532,0.9085,16,70,4,12,0.8431,0.5714,0.9459,0.6667,0.8726,23,71,3,5,0.9216,0.8214,0.9595,0.8519,0.9242,19,70,4,9,0.8725,0.6786,0.9459,0.7451,0.8924,15,71,3,13,0.8431,0.5357,0.9595,0.6522,0.9213,19,70,4,9,0.8725,0.6786,0.9459,0.7451,0.9165,25,44,5,10,0.8214,0.7143,0.898,0.7692,0.8956,24,37,12,11,0.7262,0.6857,0.7551,0.6761,0.8577,24,35,14,11,0.7024,0.6857,0.7143,0.6575,0.8764,27,41,8,8,0.8095,0.7714,0.8367,0.7714,0.8892,24,43,6,11,0.7976,0.6857,0.8776,0.7385,0.888,20,62,3,1,0.9535,0.9524,0.9538,0.9091,0.9458,20,61,4,1,0.9419,0.9524,0.9385,0.8889,0.9355,20,58,7,1,0.907,0.9524,0.8923,0.8333,0.9575,20,58,7,1,0.907,0.9524,0.8923,0.8333,0.9553,20,61,4,1,0.9419,0.9524,0.9385,0.8889,0.9399
971,32,45,19,3,0.7778,0.9143,0.7031,0.7442,0.8634,29,52,12,6,0.8182,0.8286,0.8125,0.7632,0.8866,25,47,17,10,0.7273,0.7143,0.7344,0.6494,0.8397,32,52,12,3,0.8485,0.9143,0.8125,0.8101,0.8725,25,51,13,10,0.7677,0.7143,0.7969,0.6849,0.8692,18,74,6,4,0.902,0.8182,0.925,0.7826,0.9648,21,75,5,1,0.9412,0.9545,0.9375,0.875,0.946,17,75,5,5,0.902,0.7727,0.9375,0.7727,0.9432,15,76,4,7,0.8922,0.6818,0.95,0.7317,0.954,17,72,8,5,0.8725,0.7727,0.9,0.7234,0.9494,23,53,1,7,0.9048,0.7667,0.9815,0.8519,0.9235,25,50,4,5,0.8929,0.8333,0.9259,0.8475,0.9438,26,41,13,4,0.7976,0.8667,0.7593,0.7536,0.8944,25,52,2,5,0.9167,0.8333,0.963,0.8772,0.9438,26,46,8,4,0.8571,0.8667,0.8519,0.8125,0.9296,23,58,3,2,0.9419,0.92,0.9508,0.902,0.941,20,58,3,5,0.907,0.8,0.9508,0.8333,0.9193,23,57,4,2,0.9302,0.92,0.9344,0.8846,0.9469,20,57,4,5,0.8953,0.8,0.9344,0.8163,0.9561,23,58,3,2,0.9419,0.92,0.9508,0.902,0.9298
972,26,50,15,8,0.7677,0.7647,0.7692,0.6933,0.8353,21,57,8,13,0.7879,0.6176,0.8769,0.6667,0.8335,24,53,12,10,0.7778,0.7059,0.8154,0.6857,0.7977,26,57,8,8,0.8384,0.7647,0.8769,0.7647,0.8351,24,55,10,10,0.798,0.7059,0.8462,0.7059,0.8593,22,66,3,11,0.8627,0.6667,0.9565,0.7586,0.8182,24,63,6,9,0.8529,0.7273,0.913,0.7619,0.8327,22,62,7,11,0.8235,0.6667,0.8986,0.7097,0.805,20,63,6,13,0.8137,0.6061,0.913,0.678,0.8151,22,58,11,11,0.7843,0.6667,0.8406,0.6667,0.8015,24,44,3,13,0.8095,0.6486,0.9362,0.75,0.9109,24,40,7,13,0.7619,0.6486,0.8511,0.7059,0.8902,26,37,10,11,0.75,0.7027,0.7872,0.7123,0.8919,28,42,5,9,0.8333,0.7568,0.8936,0.8,0.9229,26,42,5,11,0.8095,0.7027,0.8936,0.7647,0.9166,35,44,5,2,0.9186,0.9459,0.898,0.9091,0.9051,32,43,6,5,0.8721,0.8649,0.8776,0.8533,0.904,35,42,7,2,0.8953,0.9459,0.8571,0.8861,0.9162,32,42,7,5,0.8605,0.8649,0.8571,0.8421,0.9117,35,43,6,2,0.907,0.9459,0.8776,0.8974,0.8974
973,28,54,8,9,0.8283,0.7568,0.871,0.7671,0.8749,25,58,4,12,0.8384,0.6757,0.9355,0.7576,0.8514,27,53,9,10,0.8081,0.7297,0.8548,0.7397,0.8466,28,58,4,9,0.8687,0.7568,0.9355,0.8116,0.8575,27,58,4,10,0.8586,0.7297,0.9355,0.7941,0.8723,22,69,2,9,0.8922,0.7097,0.9718,0.8,0.8537,24,70,1,7,0.9216,0.7742,0.9859,0.8571,0.9028,20,68,3,11,0.8627,0.6452,0.9577,0.7407,0.8519,20,70,1,11,0.8824,0.6452,0.9859,0.7692,0.8751,20,68,3,11,0.8627,0.6452,0.9577,0.7407,0.8596,21,49,4,10,0.8333,0.6774,0.9245,0.75,0.8284,20,43,10,11,0.75,0.6452,0.8113,0.6557,0.8016,21,33,20,10,0.6429,0.6774,0.6226,0.5833,0.7864,22,42,11,9,0.7619,0.7097,0.7925,0.6875,0.8235,21,37,16,10,0.6905,0.6774,0.6981,0.6176,0.7912,32,44,7,3,0.8837,0.9143,0.8627,0.8649,0.9042,30,44,7,5,0.8605,0.8571,0.8627,0.8333,0.9176,32,43,8,3,0.8721,0.9143,0.8431,0.8533,0.8896,30,43,8,5,0.8488,0.8571,0.8431,0.8219,0.9109,32,44,7,3,0.8837,0.9143,0.8627,0.8649,0.8908
974,26,53,12,8,0.798,0.7647,0.8154,0.7222,0.89,24,58,7,10,0.8283,0.7059,0.8923,0.7385,0.8814,25,53,12,9,0.7879,0.7353,0.8154,0.7042,0.8493,26,58,7,8,0.8485,0.7647,0.8923,0.7761,0.8674,25,54,11,9,0.798,0.7353,0.8308,0.7143,0.8964,14,77,2,9,0.8922,0.6087,0.9747,0.7179,0.8299,16,76,3,7,0.902,0.6957,0.962,0.7619,0.8453,12,75,4,11,0.8529,0.5217,0.9494,0.6154,0.7969,12,77,2,11,0.8725,0.5217,0.9747,0.6486,0.8299,12,73,6,11,0.8333,0.5217,0.9241,0.5854,0.8118,16,48,9,11,0.7619,0.5926,0.8421,0.6154,0.7726,16,44,13,11,0.7143,0.5926,0.7719,0.5714,0.8226,18,43,14,9,0.7262,0.6667,0.7544,0.6102,0.7908,16,49,8,11,0.7738,0.5926,0.8596,0.6275,0.8129,18,46,11,9,0.7619,0.6667,0.807,0.6429,0.7973,17,59,7,3,0.8837,0.85,0.8939,0.7727,0.8962,16,59,7,4,0.8721,0.8,0.8939,0.7442,0.8924,17,58,8,3,0.8721,0.85,0.8788,0.7556,0.8894,16,58,8,4,0.8605,0.8,0.8788,0.7273,0.9348,17,59,7,3,0.8837,0.85,0.8939,0.7727,0.8811
975,27,59,10,3,0.8687,0.9,0.8551,0.806,0.9459,26,65,4,4,0.9192,0.8667,0.942,0.8667,0.9623,27,60,9,3,0.8788,0.9,0.8696,0.8182,0.9386,27,65,4,3,0.9293,0.9,0.942,0.8852,0.9411,27,62,7,3,0.899,0.9,0.8986,0.8438,0.9618,17,72,6,7,0.8725,0.7083,0.9231,0.7234,0.7815,18,74,4,6,0.902,0.75,0.9487,0.7826,0.8574,16,73,5,8,0.8725,0.6667,0.9359,0.7111,0.8317,15,76,2,9,0.8922,0.625,0.9744,0.7317,0.8189,16,73,5,8,0.8725,0.6667,0.9359,0.7111,0.8574,23,47,10,4,0.8333,0.8519,0.8246,0.7667,0.8499,20,44,13,7,0.7619,0.7407,0.7719,0.6667,0.8863,21,41,16,6,0.7381,0.7778,0.7193,0.6562,0.8376,20,50,7,7,0.8333,0.7407,0.8772,0.7407,0.883,21,46,11,6,0.7976,0.7778,0.807,0.7119,0.8921,20,63,3,0,0.9651,1.0,0.9545,0.9302,0.9841,20,63,3,0,0.9651,1.0,0.9545,0.9302,0.9795,20,62,4,0,0.9535,1.0,0.9394,0.9091,0.9871,20,62,4,0,0.9535,1.0,0.9394,0.9091,0.9735,20,63,3,0,0.9651,1.0,0.9545,0.9302,0.9773
976,28,52,11,8,0.8081,0.7778,0.8254,0.7467,0.8351,24,56,7,12,0.8081,0.6667,0.8889,0.7164,0.8607,23,51,12,13,0.7475,0.6389,0.8095,0.6479,0.8276,28,56,7,8,0.8485,0.7778,0.8889,0.7887,0.8505,23,56,7,13,0.798,0.6389,0.8889,0.697,0.8761,13,71,7,11,0.8235,0.5417,0.9103,0.5909,0.7196,15,74,4,9,0.8725,0.625,0.9487,0.6977,0.7505,13,74,4,11,0.8529,0.5417,0.9487,0.6341,0.7228,12,75,3,12,0.8529,0.5,0.9615,0.6154,0.7329,13,71,7,11,0.8235,0.5417,0.9103,0.5909,0.7521,18,43,7,16,0.7262,0.5294,0.86,0.6102,0.7859,19,41,9,15,0.7143,0.5588,0.82,0.6129,0.8582,22,37,13,12,0.7024,0.6471,0.74,0.6377,0.8094,19,44,6,15,0.75,0.5588,0.88,0.6441,0.8465,22,39,11,12,0.7262,0.6471,0.78,0.6567,0.8206,14,65,4,3,0.9186,0.8235,0.942,0.8,0.9224,14,63,6,3,0.8953,0.8235,0.913,0.7568,0.913,14,63,6,3,0.8953,0.8235,0.913,0.7568,0.8986,14,63,6,3,0.8953,0.8235,0.913,0.7568,0.9327,14,63,6,3,0.8953,0.8235,0.913,0.7568,0.9301
977,24,52,17,6,0.7677,0.8,0.7536,0.6761,0.8836,20,56,13,10,0.7677,0.6667,0.8116,0.6349,0.872,20,54,15,10,0.7475,0.6667,0.7826,0.6154,0.8469,24,56,13,6,0.8081,0.8,0.8116,0.7164,0.8589,20,55,14,10,0.7576,0.6667,0.7971,0.625,0.8671,22,67,8,5,0.8725,0.8148,0.8933,0.7719,0.8973,23,68,7,4,0.8922,0.8519,0.9067,0.807,0.9274,20,67,8,7,0.8529,0.7407,0.8933,0.7273,0.9027,20,69,6,7,0.8725,0.7407,0.92,0.7547,0.9185,20,65,10,7,0.8333,0.7407,0.8667,0.7018,0.921,17,47,8,12,0.7619,0.5862,0.8545,0.6296,0.7781,17,42,13,12,0.7024,0.5862,0.7636,0.5763,0.8,17,37,18,12,0.6429,0.5862,0.6727,0.5312,0.7505,20,43,12,9,0.75,0.6897,0.7818,0.6557,0.7881,17,41,14,12,0.6905,0.5862,0.7455,0.5667,0.8063,17,62,6,1,0.9186,0.9444,0.9118,0.8293,0.9485,16,61,7,2,0.8953,0.8889,0.8971,0.7805,0.9657,17,61,7,1,0.907,0.9444,0.8971,0.8095,0.9395,16,61,7,2,0.8953,0.8889,0.8971,0.7805,0.9542,17,61,7,1,0.907,0.9444,0.8971,0.8095,0.9379
978,31,49,11,8,0.8081,0.7949,0.8167,0.7654,0.8769,26,51,9,13,0.7778,0.6667,0.85,0.7027,0.8645,28,48,12,11,0.7677,0.7179,0.8,0.7089,0.856,31,51,9,8,0.8283,0.7949,0.85,0.7848,0.8774,28,49,11,11,0.7778,0.7179,0.8167,0.7179,0.903,18,71,6,7,0.8725,0.72,0.9221,0.7347,0.8353,18,69,8,7,0.8529,0.72,0.8961,0.7059,0.8571,17,70,7,8,0.8529,0.68,0.9091,0.6939,0.8442,17,70,7,8,0.8529,0.68,0.9091,0.6939,0.8519,17,66,11,8,0.8137,0.68,0.8571,0.6415,0.8556,17,47,12,8,0.7619,0.68,0.7966,0.6296,0.7525,18,44,15,7,0.7381,0.72,0.7458,0.6207,0.8034,18,41,18,7,0.7024,0.72,0.6949,0.5902,0.7607,19,47,12,6,0.7857,0.76,0.7966,0.6786,0.7959,18,45,14,7,0.75,0.72,0.7627,0.6316,0.8224,22,57,5,2,0.9186,0.9167,0.9194,0.8627,0.9254,20,55,7,4,0.8721,0.8333,0.8871,0.7843,0.92,22,53,9,2,0.8721,0.9167,0.8548,0.8,0.9093,20,53,9,4,0.8488,0.8333,0.8548,0.7547,0.9187,22,55,7,2,0.8953,0.9167,0.8871,0.8302,0.9247
979,21,55,18,5,0.7677,0.8077,0.7534,0.6462,0.8346,17,65,8,9,0.8283,0.6538,0.8904,0.6667,0.8656,17,58,15,9,0.7576,0.6538,0.7945,0.5862,0.8156,21,65,8,5,0.8687,0.8077,0.8904,0.7636,0.8422,17,63,10,9,0.8081,0.6538,0.863,0.6415,0.8635,20,75,4,3,0.9314,0.8696,0.9494,0.8511,0.9543,21,74,5,2,0.9314,0.913,0.9367,0.8571,0.9274,16,74,5,7,0.8824,0.6957,0.9367,0.7273,0.907,16,74,5,7,0.8824,0.6957,0.9367,0.7273,0.9285,16,71,8,7,0.8529,0.6957,0.8987,0.6809,0.9048,20,49,4,11,0.8214,0.6452,0.9245,0.7273,0.8904,20,44,9,11,0.7619,0.6452,0.8302,0.6667,0.8904,22,42,11,9,0.7619,0.7097,0.7925,0.6875,0.8771,21,44,9,10,0.7738,0.6774,0.8302,0.6885,0.8965,22,44,9,9,0.7857,0.7097,0.8302,0.7097,0.8728,18,63,2,3,0.9419,0.8571,0.9692,0.878,0.9495,17,63,2,4,0.9302,0.8095,0.9692,0.85,0.9473,18,61,4,3,0.9186,0.8571,0.9385,0.8372,0.9363,17,61,4,4,0.907,0.8095,0.9385,0.8095,0.9619,18,63,2,3,0.9419,0.8571,0.9692,0.878,0.9502
980,23,57,12,7,0.8081,0.7667,0.8261,0.7077,0.8744,21,60,9,9,0.8182,0.7,0.8696,0.7,0.8918,21,57,12,9,0.7879,0.7,0.8261,0.6667,0.8609,23,60,9,7,0.8384,0.7667,0.8696,0.7419,0.8725,21,60,9,9,0.8182,0.7,0.8696,0.7,0.8899,16,74,6,6,0.8824,0.7273,0.925,0.7273,0.9045,19,76,4,3,0.9314,0.8636,0.95,0.8444,0.9023,14,75,5,8,0.8725,0.6364,0.9375,0.6829,0.8756,13,76,4,9,0.8725,0.5909,0.95,0.6667,0.8943,14,73,7,8,0.8529,0.6364,0.9125,0.6512,0.8784,16,52,6,10,0.8095,0.6154,0.8966,0.6667,0.8329,17,48,10,9,0.7738,0.6538,0.8276,0.6415,0.7911,18,44,14,8,0.7381,0.6923,0.7586,0.6207,0.8236,17,51,7,9,0.8095,0.6538,0.8793,0.68,0.8243,18,46,12,8,0.7619,0.6923,0.7931,0.6429,0.8462,15,57,8,6,0.8372,0.7143,0.8769,0.6818,0.8344,14,57,8,7,0.8256,0.6667,0.8769,0.6512,0.8366,15,55,10,6,0.814,0.7143,0.8462,0.6522,0.8176,14,55,10,7,0.8023,0.6667,0.8462,0.6222,0.863,15,57,8,6,0.8372,0.7143,0.8769,0.6818,0.8315
981,29,41,16,13,0.7071,0.6905,0.7193,0.6667,0.7531,26,47,10,16,0.7374,0.619,0.8246,0.6667,0.7903,25,38,19,17,0.6364,0.5952,0.6667,0.5814,0.7419,29,47,10,13,0.7677,0.6905,0.8246,0.716,0.7874,25,45,12,17,0.7071,0.5952,0.7895,0.6329,0.812,15,75,6,6,0.8824,0.7143,0.9259,0.7143,0.8236,17,73,8,4,0.8824,0.8095,0.9012,0.7391,0.8295,12,71,10,9,0.8137,0.5714,0.8765,0.5581,0.8031,11,73,8,10,0.8235,0.5238,0.9012,0.55,0.8089,12,69,12,9,0.7941,0.5714,0.8519,0.5333,0.8013,21,41,8,14,0.7381,0.6,0.8367,0.6562,0.7831,23,35,14,12,0.6905,0.6571,0.7143,0.6389,0.7918,23,35,14,12,0.6905,0.6571,0.7143,0.6389,0.807,25,39,10,10,0.7619,0.7143,0.7959,0.7143,0.8239,23,37,12,12,0.7143,0.6571,0.7551,0.6571,0.7866,21,61,2,2,0.9535,0.913,0.9683,0.913,0.9703,21,60,3,2,0.9419,0.913,0.9524,0.8936,0.9641,21,58,5,2,0.9186,0.913,0.9206,0.8571,0.9593,21,58,5,2,0.9186,0.913,0.9206,0.8571,0.9648,21,60,3,2,0.9419,0.913,0.9524,0.8936,0.9731
982,29,51,13,6,0.8081,0.8286,0.7969,0.7532,0.8987,26,57,7,9,0.8384,0.7429,0.8906,0.7647,0.8978,29,51,13,6,0.8081,0.8286,0.7969,0.7532,0.8906,29,57,7,6,0.8687,0.8286,0.8906,0.8169,0.9058,29,55,9,6,0.8485,0.8286,0.8594,0.7945,0.9223,15,69,4,14,0.8235,0.5172,0.9452,0.625,0.7752,19,68,5,10,0.8529,0.6552,0.9315,0.717,0.8248,18,68,5,11,0.8431,0.6207,0.9315,0.6923,0.8011,14,68,5,15,0.8039,0.4828,0.9315,0.5833,0.803,18,68,5,11,0.8431,0.6207,0.9315,0.6923,0.7978,22,46,6,10,0.8095,0.6875,0.8846,0.7333,0.8245,21,42,10,11,0.75,0.6562,0.8077,0.6667,0.8516,23,37,15,9,0.7143,0.7188,0.7115,0.6571,0.8311,22,47,5,10,0.8214,0.6875,0.9038,0.7458,0.863,23,42,10,9,0.7738,0.7188,0.8077,0.7077,0.8792,26,50,7,3,0.8837,0.8966,0.8772,0.8387,0.8754,23,48,9,6,0.8256,0.7931,0.8421,0.7541,0.8814,26,48,9,3,0.8605,0.8966,0.8421,0.8125,0.8457,23,48,9,6,0.8256,0.7931,0.8421,0.7541,0.8687,26,48,9,3,0.8605,0.8966,0.8421,0.8125,0.873
983,28,53,11,7,0.8182,0.8,0.8281,0.7568,0.8982,28,59,5,7,0.8788,0.8,0.9219,0.8235,0.921,26,54,10,9,0.8081,0.7429,0.8438,0.7324,0.8982,28,59,5,7,0.8788,0.8,0.9219,0.8235,0.9011,26,56,8,9,0.8283,0.7429,0.875,0.7536,0.9183,19,68,7,8,0.8529,0.7037,0.9067,0.717,0.7723,19,71,4,8,0.8824,0.7037,0.9467,0.76,0.7689,18,70,5,9,0.8627,0.6667,0.9333,0.72,0.7654,18,72,3,9,0.8824,0.6667,0.96,0.75,0.7644,18,68,7,9,0.8431,0.6667,0.9067,0.6923,0.7837,26,40,8,10,0.7857,0.7222,0.8333,0.7429,0.831,27,33,15,9,0.7143,0.75,0.6875,0.6923,0.8432,28,33,15,8,0.7262,0.7778,0.6875,0.7089,0.8565,28,36,12,8,0.7619,0.7778,0.75,0.7368,0.8391,28,38,10,8,0.7857,0.7778,0.7917,0.7568,0.849,25,55,3,3,0.9302,0.8929,0.9483,0.8929,0.9156,24,54,4,4,0.907,0.8571,0.931,0.8571,0.8959,25,52,6,3,0.8953,0.8929,0.8966,0.8475,0.9206,24,52,6,4,0.8837,0.8571,0.8966,0.8276,0.9372,25,54,4,3,0.9186,0.8929,0.931,0.8772,0.9064
984,16,57,18,8,0.7374,0.6667,0.76,0.5517,0.8172,16,64,11,8,0.8081,0.6667,0.8533,0.6275,0.8144,16,58,17,8,0.7475,0.6667,0.7733,0.5614,0.8094,16,64,11,8,0.8081,0.6667,0.8533,0.6275,0.8125,16,60,15,8,0.7677,0.6667,0.8,0.5818,0.8261,21,65,6,10,0.8431,0.6774,0.9155,0.7241,0.8473,24,66,5,7,0.8824,0.7742,0.9296,0.8,0.8646,20,64,7,11,0.8235,0.6452,0.9014,0.6897,0.8428,18,69,2,13,0.8529,0.5806,0.9718,0.7059,0.8546,20,62,9,11,0.8039,0.6452,0.8732,0.6667,0.8537,17,53,4,10,0.8333,0.6296,0.9298,0.7083,0.8012,17,44,13,10,0.7262,0.6296,0.7719,0.5965,0.8343,19,42,15,8,0.7262,0.7037,0.7368,0.623,0.8402,18,47,10,9,0.7738,0.6667,0.8246,0.6545,0.8512,19,46,11,8,0.7738,0.7037,0.807,0.6667,0.82,23,58,3,2,0.9419,0.92,0.9508,0.902,0.918,22,58,3,3,0.9302,0.88,0.9508,0.88,0.9082,23,57,4,2,0.9302,0.92,0.9344,0.8846,0.9449,22,57,4,3,0.9186,0.88,0.9344,0.8627,0.9541,23,58,3,2,0.9419,0.92,0.9508,0.902,0.9246
985,27,52,9,11,0.798,0.7105,0.8525,0.7297,0.7632,23,55,6,15,0.7879,0.6053,0.9016,0.6866,0.8007,23,51,10,15,0.7475,0.6053,0.8361,0.6479,0.7632,27,55,6,11,0.8283,0.7105,0.9016,0.7606,0.7692,23,53,8,15,0.7677,0.6053,0.8689,0.6667,0.8067,23,63,9,7,0.8431,0.7667,0.875,0.7419,0.9222,27,63,9,3,0.8824,0.9,0.875,0.8182,0.9259,22,62,10,8,0.8235,0.7333,0.8611,0.7097,0.9079,20,64,8,10,0.8235,0.6667,0.8889,0.6897,0.9213,22,61,11,8,0.8137,0.7333,0.8472,0.6984,0.9222,22,47,8,7,0.8214,0.7586,0.8545,0.7458,0.8107,21,45,10,8,0.7857,0.7241,0.8182,0.7,0.894,21,43,12,8,0.7619,0.7241,0.7818,0.6774,0.8295,21,48,7,8,0.8214,0.7241,0.8727,0.7368,0.8746,21,43,12,8,0.7619,0.7241,0.7818,0.6774,0.8533,17,64,1,4,0.9419,0.8095,0.9846,0.8718,0.9333,17,64,1,4,0.9419,0.8095,0.9846,0.8718,0.9245,17,61,4,4,0.907,0.8095,0.9385,0.8095,0.9245,17,61,4,4,0.907,0.8095,0.9385,0.8095,0.9582,17,64,1,4,0.9419,0.8095,0.9846,0.8718,0.9451
986,30,57,6,6,0.8788,0.8333,0.9048,0.8333,0.8884,27,59,4,9,0.8687,0.75,0.9365,0.806,0.9361,30,56,7,6,0.8687,0.8333,0.8889,0.8219,0.8907,30,59,4,6,0.899,0.8333,0.9365,0.8571,0.881,30,57,6,6,0.8788,0.8333,0.9048,0.8333,0.9211,15,76,2,9,0.8922,0.625,0.9744,0.7317,0.8264,17,74,4,7,0.8922,0.7083,0.9487,0.7556,0.89,15,76,2,9,0.8922,0.625,0.9744,0.7317,0.8451,14,74,4,10,0.8627,0.5833,0.9487,0.6667,0.8616,15,73,5,9,0.8627,0.625,0.9359,0.6818,0.867,20,46,5,13,0.7857,0.6061,0.902,0.6897,0.7582,20,37,14,13,0.6786,0.6061,0.7255,0.597,0.7962,20,34,17,13,0.6429,0.6061,0.6667,0.5714,0.757,22,36,15,11,0.6905,0.6667,0.7059,0.6286,0.7968,20,36,15,13,0.6667,0.6061,0.7059,0.5882,0.779,27,51,4,4,0.907,0.871,0.9273,0.871,0.9261,26,48,7,5,0.8605,0.8387,0.8727,0.8125,0.9056,27,47,8,4,0.8605,0.871,0.8545,0.8182,0.8991,26,47,8,5,0.8488,0.8387,0.8545,0.8,0.9185,27,48,7,4,0.8721,0.871,0.8727,0.8308,0.9097
987,35,45,10,9,0.8081,0.7955,0.8182,0.7865,0.8694,32,50,5,12,0.8283,0.7273,0.9091,0.7901,0.8624,33,46,9,11,0.798,0.75,0.8364,0.7674,0.857,35,50,5,9,0.8586,0.7955,0.9091,0.8333,0.855,33,47,8,11,0.8081,0.75,0.8545,0.7765,0.8888,17,70,5,10,0.8529,0.6296,0.9333,0.6939,0.7575,18,72,3,9,0.8824,0.6667,0.96,0.75,0.8662,16,70,5,11,0.8431,0.5926,0.9333,0.6667,0.8178,16,74,1,11,0.8824,0.5926,0.9867,0.7273,0.8459,16,69,6,11,0.8333,0.5926,0.92,0.6531,0.8474,27,46,3,8,0.869,0.7714,0.9388,0.8308,0.9359,26,42,7,9,0.8095,0.7429,0.8571,0.7647,0.9271,26,39,10,9,0.7738,0.7429,0.7959,0.7324,0.9184,27,43,6,8,0.8333,0.7714,0.8776,0.7941,0.9341,26,42,7,9,0.8095,0.7429,0.8571,0.7647,0.9289,17,60,5,4,0.8953,0.8095,0.9231,0.7907,0.8366,15,59,6,6,0.8605,0.7143,0.9077,0.7143,0.8015,17,59,6,4,0.8837,0.8095,0.9077,0.7727,0.863,15,59,6,6,0.8605,0.7143,0.9077,0.7143,0.8813,17,59,6,4,0.8837,0.8095,0.9077,0.7727,0.8396
988,22,49,11,17,0.7172,0.5641,0.8167,0.6111,0.7526,20,53,7,19,0.7374,0.5128,0.8833,0.6061,0.788,20,50,10,19,0.7071,0.5128,0.8333,0.5797,0.7393,22,53,7,17,0.7576,0.5641,0.8833,0.6471,0.7295,20,52,8,19,0.7273,0.5128,0.8667,0.597,0.7923,29,64,4,5,0.9118,0.8529,0.9412,0.8657,0.9299,30,67,1,4,0.951,0.8824,0.9853,0.9231,0.9433,24,66,2,10,0.8824,0.7059,0.9706,0.8,0.9087,24,67,1,10,0.8922,0.7059,0.9853,0.8136,0.9351,24,66,2,10,0.8824,0.7059,0.9706,0.8,0.9291,27,38,8,11,0.7738,0.7105,0.8261,0.7397,0.8524,26,39,7,12,0.7738,0.6842,0.8478,0.7324,0.9102,29,34,12,9,0.75,0.7632,0.7391,0.7342,0.8942,26,42,4,12,0.8095,0.6842,0.913,0.7647,0.9256,29,35,11,9,0.7619,0.7632,0.7609,0.7436,0.9079,26,53,5,2,0.9186,0.9286,0.9138,0.8814,0.9064,26,50,8,2,0.8837,0.9286,0.8621,0.8387,0.8824,26,50,8,2,0.8837,0.9286,0.8621,0.8387,0.9218,26,50,8,2,0.8837,0.9286,0.8621,0.8387,0.9175,26,50,8,2,0.8837,0.9286,0.8621,0.8387,0.8966
989,25,48,13,13,0.7374,0.6579,0.7869,0.6579,0.7856,23,53,8,15,0.7677,0.6053,0.8689,0.6667,0.8024,22,48,13,16,0.7071,0.5789,0.7869,0.6027,0.7757,25,53,8,13,0.7879,0.6579,0.8689,0.7042,0.7955,22,52,9,16,0.7475,0.5789,0.8525,0.6377,0.8205,21,76,2,3,0.951,0.875,0.9744,0.8936,0.9722,21,70,8,3,0.8922,0.875,0.8974,0.7925,0.9567,18,69,9,6,0.8529,0.75,0.8846,0.7059,0.9167,18,70,8,6,0.8627,0.75,0.8974,0.72,0.953,18,66,12,6,0.8235,0.75,0.8462,0.6667,0.922,22,39,9,14,0.7262,0.6111,0.8125,0.6567,0.8171,19,38,10,17,0.6786,0.5278,0.7917,0.5846,0.8113,21,32,16,15,0.631,0.5833,0.6667,0.5753,0.8038,21,40,8,15,0.7262,0.5833,0.8333,0.6462,0.838,21,38,10,15,0.7024,0.5833,0.7917,0.6269,0.809,24,56,3,3,0.9302,0.8889,0.9492,0.8889,0.9153,23,55,4,4,0.907,0.8519,0.9322,0.8519,0.9014,24,53,6,3,0.8953,0.8889,0.8983,0.8421,0.9127,23,53,6,4,0.8837,0.8519,0.8983,0.8214,0.9291,24,55,4,3,0.9186,0.8889,0.9322,0.8727,0.9102
990,22,52,12,13,0.7475,0.6286,0.8125,0.6377,0.8138,22,59,5,13,0.8182,0.6286,0.9219,0.7097,0.8576,21,54,10,14,0.7576,0.6,0.8438,0.6364,0.8268,22,59,5,13,0.8182,0.6286,0.9219,0.7097,0.8232,21,57,7,14,0.7879,0.6,0.8906,0.6667,0.8567,17,76,4,5,0.9118,0.7727,0.95,0.7907,0.9347,18,75,5,4,0.9118,0.8182,0.9375,0.8,0.9119,16,73,7,6,0.8725,0.7273,0.9125,0.7111,0.8892,16,75,5,6,0.8922,0.7273,0.9375,0.7442,0.9278,16,72,8,6,0.8627,0.7273,0.9,0.6957,0.8949,21,49,4,10,0.8333,0.6774,0.9245,0.75,0.86,20,40,13,11,0.7143,0.6452,0.7547,0.625,0.8509,21,41,12,10,0.7381,0.6774,0.7736,0.6562,0.8618,21,46,7,10,0.7976,0.6774,0.8679,0.7119,0.8667,21,46,7,10,0.7976,0.6774,0.8679,0.7119,0.8758,23,57,2,4,0.9302,0.8519,0.9661,0.8846,0.9102,22,55,4,5,0.8953,0.8148,0.9322,0.8302,0.8801,23,55,4,4,0.907,0.8519,0.9322,0.8519,0.9184,22,55,4,5,0.8953,0.8148,0.9322,0.8302,0.9341,23,55,4,4,0.907,0.8519,0.9322,0.8519,0.9127
991,23,53,9,14,0.7677,0.6216,0.8548,0.6667,0.7803,20,56,6,17,0.7677,0.5405,0.9032,0.6349,0.7493,20,53,9,17,0.7374,0.5405,0.8548,0.6061,0.731,23,56,6,14,0.798,0.6216,0.9032,0.697,0.7592,20,54,8,17,0.7475,0.5405,0.871,0.6154,0.8017,15,73,6,8,0.8627,0.6522,0.9241,0.6818,0.8316,17,75,4,6,0.902,0.7391,0.9494,0.7727,0.8173,14,75,4,9,0.8725,0.6087,0.9494,0.6829,0.8079,13,76,3,10,0.8725,0.5652,0.962,0.6667,0.8277,14,73,6,9,0.8529,0.6087,0.9241,0.6512,0.8255,26,47,5,6,0.869,0.8125,0.9038,0.8254,0.9032,24,41,11,8,0.7738,0.75,0.7885,0.7164,0.9087,25,36,16,7,0.7262,0.7812,0.6923,0.6849,0.8906,26,40,12,6,0.7857,0.8125,0.7692,0.7429,0.9141,25,38,14,7,0.75,0.7812,0.7308,0.7042,0.8996,21,60,5,0,0.9419,1.0,0.9231,0.8936,0.9575,19,57,8,2,0.8837,0.9048,0.8769,0.7917,0.9421,21,57,8,0,0.907,1.0,0.8769,0.84,0.9421,19,57,8,2,0.8837,0.9048,0.8769,0.7917,0.9407,21,57,8,0,0.907,1.0,0.8769,0.84,0.9487
992,24,47,18,10,0.7172,0.7059,0.7231,0.6316,0.8041,23,51,14,11,0.7475,0.6765,0.7846,0.6479,0.8439,22,47,18,12,0.697,0.6471,0.7231,0.5946,0.7995,24,51,14,10,0.7576,0.7059,0.7846,0.6667,0.8086,22,48,17,12,0.7071,0.6471,0.7385,0.6027,0.8339,16,72,4,10,0.8627,0.6154,0.9474,0.6957,0.8376,19,71,5,7,0.8824,0.7308,0.9342,0.76,0.8608,16,69,7,10,0.8333,0.6154,0.9079,0.6531,0.8269,15,72,4,11,0.8529,0.5769,0.9474,0.6667,0.8497,16,68,8,10,0.8235,0.6154,0.8947,0.64,0.8558,18,45,6,15,0.75,0.5455,0.8824,0.6316,0.7582,18,39,12,15,0.6786,0.5455,0.7647,0.5714,0.7564,20,39,12,13,0.7024,0.6061,0.7647,0.6154,0.754,19,44,7,14,0.75,0.5758,0.8627,0.6441,0.779,20,42,9,13,0.7381,0.6061,0.8235,0.6452,0.8081,21,58,2,5,0.9186,0.8077,0.9667,0.8571,0.9167,19,56,4,7,0.8721,0.7308,0.9333,0.7755,0.8853,21,54,6,5,0.8721,0.8077,0.9,0.7925,0.9019,19,54,6,7,0.8488,0.7308,0.9,0.7451,0.9218,21,56,4,5,0.8953,0.8077,0.9333,0.8235,0.9096
993,32,46,12,9,0.7879,0.7805,0.7931,0.7529,0.8499,26,49,9,15,0.7576,0.6341,0.8448,0.6842,0.8608,30,47,11,11,0.7778,0.7317,0.8103,0.7317,0.8162,32,49,9,9,0.8182,0.7805,0.8448,0.7805,0.8366,30,49,9,11,0.798,0.7317,0.8448,0.75,0.8869,19,74,4,5,0.9118,0.7917,0.9487,0.8085,0.9215,21,72,6,3,0.9118,0.875,0.9231,0.8235,0.9167,15,73,5,9,0.8627,0.625,0.9359,0.6818,0.8905,15,73,5,9,0.8627,0.625,0.9359,0.6818,0.9129,15,69,9,9,0.8235,0.625,0.8846,0.625,0.8932,15,47,8,14,0.7381,0.5172,0.8545,0.5769,0.7116,16,40,15,13,0.6667,0.5517,0.7273,0.5333,0.7743,18,42,13,11,0.7143,0.6207,0.7636,0.6,0.7185,16,46,9,13,0.7381,0.5517,0.8364,0.5926,0.7455,18,45,10,11,0.75,0.6207,0.8182,0.6316,0.7806,23,54,7,2,0.8953,0.92,0.8852,0.8364,0.9266,23,52,9,2,0.8721,0.92,0.8525,0.807,0.9207,23,52,9,2,0.8721,0.92,0.8525,0.807,0.918,23,52,9,2,0.8721,0.92,0.8525,0.807,0.922,23,52,9,2,0.8721,0.92,0.8525,0.807,0.9167
994,22,54,12,11,0.7677,0.6667,0.8182,0.6567,0.7975,19,56,10,14,0.7576,0.5758,0.8485,0.6129,0.7879,20,53,13,13,0.7374,0.6061,0.803,0.6061,0.7686,22,56,10,11,0.7879,0.6667,0.8485,0.6769,0.7876,20,55,11,13,0.7576,0.6061,0.8333,0.625,0.8228,16,71,3,12,0.8529,0.5714,0.9595,0.6809,0.7968,19,72,2,9,0.8922,0.6786,0.973,0.7755,0.8094,18,72,2,10,0.8824,0.6429,0.973,0.75,0.7901,15,73,1,13,0.8627,0.5357,0.9865,0.6818,0.8234,18,70,4,10,0.8627,0.6429,0.9459,0.72,0.8161,28,48,2,6,0.9048,0.8235,0.96,0.875,0.9094,27,41,9,7,0.8095,0.7941,0.82,0.7714,0.9182,28,43,7,6,0.8452,0.8235,0.86,0.8116,0.9124,28,46,4,6,0.881,0.8235,0.92,0.8485,0.9235,28,46,4,6,0.881,0.8235,0.92,0.8485,0.9312,21,57,5,3,0.907,0.875,0.9194,0.84,0.9126,21,57,5,3,0.907,0.875,0.9194,0.84,0.9073,21,56,6,3,0.8953,0.875,0.9032,0.8235,0.9066,21,56,6,3,0.8953,0.875,0.9032,0.8235,0.9153,21,57,5,3,0.907,0.875,0.9194,0.84,0.9019
995,34,53,8,4,0.8788,0.8947,0.8689,0.85,0.9202,30,55,6,8,0.8586,0.7895,0.9016,0.8108,0.9336,30,54,7,8,0.8485,0.7895,0.8852,0.8,0.8991,34,55,6,4,0.899,0.8947,0.9016,0.8718,0.9176,30,54,7,8,0.8485,0.7895,0.8852,0.8,0.9392,19,68,6,9,0.8529,0.6786,0.9189,0.717,0.8538,22,67,7,6,0.8725,0.7857,0.9054,0.7719,0.8489,18,70,4,10,0.8627,0.6429,0.9459,0.72,0.8263,16,67,7,12,0.8137,0.5714,0.9054,0.6275,0.8316,18,65,9,10,0.8137,0.6429,0.8784,0.6545,0.8253,27,47,4,6,0.881,0.8182,0.9216,0.8438,0.9103,27,45,6,6,0.8571,0.8182,0.8824,0.8182,0.9471,27,43,8,6,0.8333,0.8182,0.8431,0.7941,0.9239,28,47,4,5,0.8929,0.8485,0.9216,0.8615,0.9453,27,45,6,6,0.8571,0.8182,0.8824,0.8182,0.9394,22,53,6,5,0.8721,0.8148,0.8983,0.8,0.8876,21,51,8,6,0.8372,0.7778,0.8644,0.75,0.8581,22,50,9,5,0.8372,0.8148,0.8475,0.7586,0.8858,21,50,9,6,0.8256,0.7778,0.8475,0.7368,0.9058,22,51,8,5,0.8488,0.8148,0.8644,0.7719,0.8876
996,20,46,20,13,0.6667,0.6061,0.697,0.5479,0.7787,19,57,9,14,0.7677,0.5758,0.8636,0.623,0.7686,18,48,18,15,0.6667,0.5455,0.7273,0.5217,0.747,20,57,9,13,0.7778,0.6061,0.8636,0.6452,0.7433,18,50,16,15,0.6869,0.5455,0.7576,0.5373,0.8017,14,76,6,6,0.8824,0.7,0.9268,0.7,0.8488,17,75,7,3,0.902,0.85,0.9146,0.7727,0.8963,15,73,9,5,0.8627,0.75,0.8902,0.6818,0.8598,14,76,6,6,0.8824,0.7,0.9268,0.7,0.8829,15,71,11,5,0.8431,0.75,0.8659,0.6522,0.8805,14,47,6,17,0.7262,0.4516,0.8868,0.549,0.7322,15,44,9,16,0.7024,0.4839,0.8302,0.5455,0.7462,16,40,13,15,0.6667,0.5161,0.7547,0.5333,0.7523,16,44,9,15,0.7143,0.5161,0.8302,0.5714,0.7578,16,42,11,15,0.6905,0.5161,0.7925,0.5517,0.762,25,55,5,1,0.9302,0.9615,0.9167,0.8929,0.9417,23,54,6,3,0.8953,0.8846,0.9,0.8364,0.9321,25,52,8,1,0.8953,0.9615,0.8667,0.8475,0.9468,23,52,8,3,0.8721,0.8846,0.8667,0.807,0.9429,25,54,6,1,0.9186,0.9615,0.9,0.8772,0.9301
997,27,49,16,7,0.7677,0.7941,0.7538,0.7013,0.8457,25,55,10,9,0.8081,0.7353,0.8462,0.7246,0.8611,25,51,14,9,0.7677,0.7353,0.7846,0.6849,0.8299,27,55,10,7,0.8283,0.7941,0.8462,0.7606,0.8434,25,51,14,9,0.7677,0.7353,0.7846,0.6849,0.8633,20,70,7,5,0.8824,0.8,0.9091,0.7692,0.9117,21,71,6,4,0.902,0.84,0.9221,0.8077,0.9481,18,69,8,7,0.8529,0.72,0.8961,0.7059,0.9221,17,75,2,8,0.902,0.68,0.974,0.7727,0.9392,18,67,10,7,0.8333,0.72,0.8701,0.6792,0.9294,16,45,5,18,0.7262,0.4706,0.9,0.5818,0.8088,16,43,7,18,0.7024,0.4706,0.86,0.5614,0.8153,17,40,10,17,0.6786,0.5,0.8,0.5574,0.8165,19,44,6,15,0.75,0.5588,0.88,0.6441,0.8247,17,40,10,17,0.6786,0.5,0.8,0.5574,0.8147,20,62,2,2,0.9535,0.9091,0.9688,0.9091,0.9382,19,62,2,3,0.9419,0.8636,0.9688,0.8837,0.9233,20,61,3,2,0.9419,0.9091,0.9531,0.8889,0.9418,19,61,3,3,0.9302,0.8636,0.9531,0.8636,0.9538,20,62,2,2,0.9535,0.9091,0.9688,0.9091,0.9354
998,18,55,9,17,0.7374,0.5143,0.8594,0.5806,0.7906,16,61,3,19,0.7778,0.4571,0.9531,0.5926,0.8063,18,55,9,17,0.7374,0.5143,0.8594,0.5806,0.7946,18,61,3,17,0.798,0.5143,0.9531,0.6429,0.7817,18,60,4,17,0.7879,0.5143,0.9375,0.6316,0.8246,16,68,8,10,0.8235,0.6154,0.8947,0.64,0.8694,22,70,6,4,0.902,0.8462,0.9211,0.8148,0.8816,19,71,5,7,0.8824,0.7308,0.9342,0.76,0.8482,16,71,5,10,0.8529,0.6154,0.9342,0.6809,0.8715,19,67,9,7,0.8431,0.7308,0.8816,0.7037,0.8851,23,48,6,7,0.8452,0.7667,0.8889,0.7797,0.8704,20,41,13,10,0.7262,0.6667,0.7593,0.6349,0.8432,20,40,14,10,0.7143,0.6667,0.7407,0.625,0.8556,20,46,8,10,0.7857,0.6667,0.8519,0.6897,0.8765,20,45,9,10,0.7738,0.6667,0.8333,0.678,0.8531,17,63,4,2,0.9302,0.8947,0.9403,0.85,0.9034,15,58,9,4,0.8488,0.7895,0.8657,0.6977,0.8657,17,58,9,2,0.8721,0.8947,0.8657,0.7556,0.89,15,58,9,4,0.8488,0.7895,0.8657,0.6977,0.9049,17,58,9,2,0.8721,0.8947,0.8657,0.7556,0.9042
999,24,58,7,10,0.8283,0.7059,0.8923,0.7385,0.8688,22,60,5,12,0.8283,0.6471,0.9231,0.7213,0.8421,24,58,7,10,0.8283,0.7059,0.8923,0.7385,0.8412,24,60,5,10,0.8485,0.7059,0.9231,0.7619,0.8661,24,57,8,10,0.8182,0.7059,0.8769,0.7273,0.886,17,71,5,9,0.8627,0.6538,0.9342,0.7083,0.8315,20,70,6,6,0.8824,0.7692,0.9211,0.7692,0.8411,16,69,7,10,0.8333,0.6154,0.9079,0.6531,0.8112,14,72,4,12,0.8431,0.5385,0.9474,0.6364,0.8193,16,69,7,10,0.8333,0.6154,0.9079,0.6531,0.8011,25,45,4,10,0.8333,0.7143,0.9184,0.7813,0.8694,26,43,6,9,0.8214,0.7429,0.8776,0.7761,0.8933,29,36,13,6,0.7738,0.8286,0.7347,0.7532,0.8496,27,41,8,8,0.8095,0.7714,0.8367,0.7714,0.8863,29,39,10,6,0.8095,0.8286,0.7959,0.7838,0.8904,21,57,4,4,0.907,0.84,0.9344,0.84,0.9075,20,57,4,5,0.8953,0.8,0.9344,0.8163,0.897,21,54,7,4,0.8721,0.84,0.8852,0.7925,0.8964,20,54,7,5,0.8605,0.8,0.8852,0.7692,0.9279,21,57,4,4,0.907,0.84,0.9344,0.84,0.9016
1000,24,46,17,12,0.7071,0.6667,0.7302,0.6234,0.7914,23,53,10,13,0.7677,0.6389,0.8413,0.6667,0.7954,21,47,16,15,0.6869,0.5833,0.746,0.5753,0.7571,24,53,10,12,0.7778,0.6667,0.8413,0.6857,0.7976,21,46,17,15,0.6768,0.5833,0.7302,0.5676,0.8047,16,71,7,8,0.8529,0.6667,0.9103,0.6809,0.8745,19,72,6,5,0.8922,0.7917,0.9231,0.7755,0.89,15,73,5,9,0.8627,0.625,0.9359,0.6818,0.851,14,74,4,10,0.8627,0.5833,0.9487,0.6667,0.8809,15,72,6,9,0.8529,0.625,0.9231,0.6667,0.8681,25,48,4,7,0.869,0.7812,0.9231,0.8197,0.8594,27,39,13,5,0.7857,0.8438,0.75,0.75,0.8726,27,35,17,5,0.7381,0.8438,0.6731,0.7105,0.8353,27,40,12,5,0.7976,0.8438,0.7692,0.7606,0.8588,27,38,14,5,0.7738,0.8438,0.7308,0.7397,0.8431,26,51,5,4,0.8953,0.8667,0.9107,0.8525,0.9054,26,49,7,4,0.8721,0.8667,0.875,0.8254,0.9131,26,48,8,4,0.8605,0.8667,0.8571,0.8125,0.8869,26,48,8,4,0.8605,0.8667,0.8571,0.8125,0.9048,26,49,7,4,0.8721,0.8667,0.875,0.8254,0.9089
