Round,Model,Accuracy,AUC,F1 Score,Sensitivity,Specificity
1,MLP,0.9821,0.9961,0.9796,1.0,0.9688
2,MLP,0.9643,0.9706,0.9545,0.9545,0.9706
3,MLP,0.9821,0.9561,0.9714,0.9444,1.0
4,MLP,0.8929,0.7386,0.7273,0.6667,0.9545
5,MLP,0.9464,0.9532,0.9143,0.9412,0.9487
6,MLP,0.9464,0.9644,0.9231,0.9474,0.9459
7,MLP,0.9643,0.9566,0.9643,0.931,1.0
8,MLP,0.9464,0.9957,0.9268,1.0,0.9189
9,MLP,0.9464,0.9284,0.9362,0.9167,0.9688
10,MLP,0.9643,0.9908,0.9583,1.0,0.9394
11,MLP,0.9107,0.9605,0.8889,0.9524,0.8857
12,MLP,0.9821,0.9673,0.973,0.9474,1.0
13,MLP,0.9643,0.9578,0.9412,0.9412,0.9744
14,MLP,0.9464,0.9633,0.9302,0.9524,0.9429
15,MLP,0.9107,0.9427,0.8649,0.9412,0.8974
16,MLP,0.9643,0.9517,0.9412,0.9412,0.9744
17,MLP,0.9643,0.9633,0.9524,0.9524,0.9714
18,MLP,0.9821,0.9985,0.9714,1.0,0.9744
19,MLP,0.9107,0.9306,0.878,0.9,0.9167
20,MLP,0.9464,0.9275,0.9333,0.913,0.9697
21,MLP,0.9107,0.9516,0.878,0.9474,0.8919
22,MLP,0.8929,0.8848,0.8421,0.8421,0.9189
23,MLP,0.9286,0.9174,0.9333,0.9032,0.96
24,MLP,0.9643,0.9561,0.9583,0.92,1.0
25,MLP,0.9464,0.9599,0.9333,0.9545,0.9412
26,MLP,0.9821,0.9972,0.9744,1.0,0.973
27,MLP,0.9107,0.9486,0.898,0.9565,0.8788
28,MLP,0.9286,0.9088,0.9,0.8571,0.9714
29,MLP,0.9107,0.9061,0.8718,0.8947,0.9189
30,MLP,0.9821,0.9703,0.9796,0.96,1.0
31,MLP,0.9464,0.9587,0.9412,0.96,0.9355
32,MLP,0.9286,0.9299,0.8462,0.9167,0.9318
33,MLP,1.0,1.0,1.0,1.0,1.0
34,MLP,0.9464,0.9407,0.9333,0.913,0.9697
35,MLP,0.9464,0.9231,0.9091,0.8824,0.9744
36,MLP,0.9464,0.9659,0.9231,0.9474,0.9459
37,MLP,0.9107,0.888,0.8889,0.8696,0.9394
38,MLP,0.9464,0.9628,0.9434,0.9615,0.9333
39,MLP,0.9286,0.9602,0.9,0.9474,0.9189
40,MLP,0.9107,0.9674,0.902,0.9583,0.875
41,MLP,0.9107,0.8612,0.8718,0.8095,0.9714
42,MLP,0.9286,0.9111,0.9,0.9,0.9444
43,MLP,0.9464,0.9359,0.9091,0.9375,0.95
44,MLP,0.9286,0.9833,0.9091,1.0,0.8889
45,MLP,0.9821,1.0,0.9697,1.0,0.975
46,MLP,0.9643,0.9837,0.9545,1.0,0.9429
47,MLP,0.9107,0.9224,0.8837,0.9048,0.9143
48,MLP,0.9286,0.9094,0.8889,0.8889,0.9474
49,MLP,0.9464,0.9886,0.9091,1.0,0.9268
50,MLP,0.8929,0.8857,0.8571,0.8571,0.9143
51,MLP,0.9464,0.9714,0.9388,0.9583,0.9375
52,MLP,0.9821,0.9985,0.973,1.0,0.9737
53,MLP,0.9821,0.9918,0.9767,1.0,0.9714
54,MLP,0.9821,0.9639,0.9767,0.9545,1.0
55,MLP,0.9464,0.9845,0.9434,1.0,0.9032
56,MLP,1.0,1.0,1.0,1.0,1.0
57,MLP,0.9464,0.9734,0.9143,1.0,0.925
58,MLP,0.9643,0.9605,0.9524,0.9524,0.9714
59,MLP,0.9464,0.957,0.9388,0.9583,0.9375
60,MLP,0.9464,0.9449,0.9492,0.9333,0.9615
61,MLP,0.9286,0.9401,0.9167,0.9167,0.9375
62,MLP,0.9821,0.9986,0.9767,1.0,0.9714
63,MLP,0.9821,0.9591,0.9714,0.9444,1.0
64,MLP,0.9643,0.9597,0.95,0.95,0.9722
65,MLP,0.8929,0.8762,0.8696,0.8696,0.9091
66,MLP,1.0,1.0,1.0,1.0,1.0
67,MLP,0.9286,0.9388,0.9091,0.9524,0.9143
68,MLP,0.9286,0.9947,0.9167,1.0,0.8824
69,MLP,0.9286,0.9238,0.9048,0.9048,0.9429
70,MLP,0.9107,0.9474,0.878,0.9474,0.8919
71,MLP,0.9286,0.8801,0.8824,0.8333,0.9737
72,MLP,0.9643,0.9674,0.9583,0.9583,0.9688
73,MLP,0.9643,1.0,0.9375,1.0,0.9512
74,MLP,0.9643,1.0,0.9375,1.0,0.9512
75,MLP,0.8929,0.9219,0.88,0.9167,0.875
76,MLP,1.0,1.0,1.0,1.0,1.0
77,MLP,0.9643,0.9657,0.9565,0.9565,0.9697
78,MLP,0.9286,0.9599,0.913,0.9545,0.9118
79,MLP,0.9643,0.987,0.96,1.0,0.9375
80,MLP,0.9286,0.9483,0.9091,0.9524,0.9143
81,MLP,0.9464,0.9667,0.9268,0.95,0.9444
82,MLP,0.9286,0.9701,0.92,0.9583,0.9062
83,MLP,0.9286,0.9565,0.9167,0.9565,0.9091
84,MLP,0.9464,0.9528,0.9268,0.95,0.9444
85,MLP,0.9643,0.9329,0.9583,0.92,1.0
86,MLP,0.9107,0.9459,0.8718,0.9444,0.8947
87,MLP,0.9643,0.9125,0.9375,0.8824,1.0
88,MLP,0.8929,0.8974,0.8333,0.8824,0.8974
89,MLP,0.9643,0.9638,0.9412,0.9412,0.9744
90,MLP,0.9464,0.8857,0.9231,0.8571,1.0
91,MLP,0.9821,0.9972,0.9756,1.0,0.9722
92,MLP,0.9643,0.9563,0.9375,0.9375,0.975
93,MLP,0.9643,0.9947,0.9565,1.0,0.9412
94,MLP,0.9643,0.9578,0.9565,0.9565,0.9697
95,MLP,0.9286,0.9305,0.9091,0.9091,0.9412
96,MLP,0.9286,0.9406,0.8824,0.9375,0.925
97,MLP,1.0,1.0,1.0,1.0,1.0
98,MLP,0.9464,0.9547,0.9189,0.9444,0.9474
99,MLP,0.9107,0.9104,0.8837,0.8636,0.9412
100,MLP,0.9107,0.9542,0.8837,0.95,0.8889
101,MLP,0.9643,0.9958,0.9524,1.0,0.9444
102,MLP,0.9821,0.9727,0.9787,0.9583,1.0
103,MLP,0.9821,0.9961,0.9796,1.0,0.9688
104,MLP,0.8929,0.8906,0.8235,0.875,0.9
105,MLP,0.9286,0.9245,0.9167,0.9167,0.9375
106,MLP,0.9464,0.9104,0.9189,0.8947,0.973
107,MLP,1.0,1.0,1.0,1.0,1.0
108,MLP,0.9643,0.9639,0.96,0.96,0.9677
109,MLP,0.9107,0.7955,0.7826,0.75,0.9545
110,MLP,0.9643,0.9915,0.95,1.0,0.9459
111,MLP,0.9643,0.9972,0.95,1.0,0.9459
112,MLP,0.9464,0.9559,0.9231,0.9474,0.9459
113,MLP,0.9821,0.9987,0.9804,1.0,0.9677
114,MLP,0.9821,0.9745,0.9818,0.9643,1.0
115,MLP,0.9643,0.9688,0.9583,0.9583,0.9688
116,MLP,0.9286,0.9444,0.9048,0.95,0.9167
117,MLP,0.9821,0.9605,0.9756,0.9524,1.0
118,MLP,0.8929,0.9083,0.8571,0.9,0.8889
119,MLP,0.9821,1.0,0.973,1.0,0.9737
120,MLP,0.9643,0.9576,0.9444,0.9444,0.9737
121,MLP,0.9643,0.9612,0.9545,0.9545,0.9706
122,MLP,0.9821,0.9728,0.9756,0.9524,1.0
123,MLP,0.9107,0.9024,0.8837,0.8636,0.9412
124,MLP,0.9464,0.9284,0.9143,0.8889,0.9737
125,MLP,0.9107,0.9561,0.9057,0.96,0.871
126,MLP,0.9286,0.951,0.9091,0.9524,0.9143
127,MLP,0.9643,0.9427,0.9565,0.9167,1.0
128,MLP,0.9464,0.9572,0.9333,0.9545,0.9412
129,MLP,0.9643,0.9181,0.9412,0.8889,1.0
130,MLP,0.9464,0.9587,0.9231,0.9474,0.9459
131,MLP,0.9286,0.925,0.9,0.9,0.9444
132,MLP,0.9286,0.9368,0.913,0.913,0.9394
133,MLP,0.9643,0.991,0.9444,1.0,0.9487
134,MLP,0.9286,0.942,0.9167,0.9565,0.9091
135,MLP,0.9643,0.9831,0.96,1.0,0.9375
136,MLP,0.9643,0.9327,0.9412,0.8889,1.0
137,MLP,0.9643,0.9578,0.9412,0.9412,0.9744
138,MLP,0.9643,0.9969,0.9412,1.0,0.95
139,MLP,0.9107,0.9611,0.8889,1.0,0.8611
140,MLP,0.8929,0.898,0.8571,0.8571,0.9143
141,MLP,0.9643,0.9578,0.9412,0.9412,0.9744
142,MLP,0.9464,0.8807,0.8696,0.8333,0.9773
143,MLP,0.9464,0.9466,0.9362,0.9167,0.9688
144,MLP,0.9286,0.9344,0.8824,0.9375,0.925
145,MLP,0.9464,0.9927,0.9231,1.0,0.9211
146,MLP,0.9464,0.9469,0.9091,0.9375,0.95
147,MLP,0.875,0.8962,0.8293,0.8947,0.8649
148,MLP,0.9286,0.9005,0.8824,0.8824,0.9487
149,MLP,0.8929,0.8713,0.8333,0.8333,0.9211
150,MLP,0.875,0.8937,0.8,0.875,0.875
151,MLP,0.8929,0.9091,0.8696,0.9091,0.8824
152,MLP,0.9643,0.9934,0.9583,1.0,0.9394
153,MLP,0.9286,0.9484,0.8824,0.9375,0.925
154,MLP,0.8929,0.913,0.8636,0.8261,0.9394
155,MLP,1.0,1.0,1.0,1.0,1.0
156,MLP,0.9821,0.9593,0.9697,0.9412,1.0
157,MLP,0.9286,0.9829,0.9048,1.0,0.8919
158,MLP,0.9286,0.9545,0.9,0.9474,0.9189
159,MLP,0.9821,0.994,0.9714,1.0,0.9744
160,MLP,0.9464,0.9597,0.9268,0.95,0.9444
161,MLP,0.9464,0.9605,0.9302,0.9524,0.9429
162,MLP,0.9821,0.9966,0.9655,1.0,0.9762
163,MLP,1.0,1.0,1.0,1.0,1.0
164,MLP,0.9643,0.9864,0.9545,1.0,0.9429
165,MLP,0.875,0.8748,0.8372,0.8571,0.8857
166,MLP,0.9643,0.9593,0.9412,0.9412,0.9744
167,MLP,0.9286,0.8909,0.8462,0.8462,0.9535
168,MLP,0.9643,0.9447,0.9545,0.913,1.0
169,MLP,0.9107,0.9444,0.8837,0.95,0.8889
170,MLP,0.9107,0.8358,0.8148,0.7333,0.9756
171,MLP,0.9107,0.9486,0.8837,0.95,0.8889
172,MLP,0.9464,0.9831,0.9412,1.0,0.9062
173,MLP,0.9643,0.9561,0.9444,0.9444,0.9737
174,MLP,0.9464,0.9374,0.9268,0.9048,0.9714
175,MLP,0.9286,0.9889,0.9091,1.0,0.8889
176,MLP,0.9643,0.9661,0.9583,0.9583,0.9688
177,MLP,0.8929,0.9415,0.8235,0.9333,0.878
178,MLP,0.9643,0.9203,0.9444,0.8947,1.0
179,MLP,0.9821,0.9605,0.9778,0.9565,1.0
180,MLP,0.9643,0.9578,0.9375,0.9375,0.975
181,MLP,0.9643,0.9653,0.95,0.95,0.9722
182,MLP,0.9286,0.9583,0.92,0.9583,0.9062
183,MLP,0.9643,0.9618,0.9565,0.9565,0.9697
184,MLP,1.0,1.0,1.0,1.0,1.0
185,MLP,0.9464,0.9488,0.9189,0.9444,0.9474
186,MLP,0.9643,0.992,0.9565,1.0,0.9412
187,MLP,0.9286,0.9583,0.9048,0.95,0.9167
188,MLP,0.9643,0.9573,0.9474,0.9474,0.973
189,MLP,0.9643,0.9578,0.9524,0.9524,0.9714
190,MLP,0.9286,0.9432,0.92,0.92,0.9355
191,MLP,0.9821,0.9987,0.9811,1.0,0.9667
192,MLP,0.9464,0.9872,0.9268,1.0,0.9189
193,MLP,0.9643,0.9513,0.96,0.9231,1.0
194,MLP,0.9643,0.9622,0.9583,0.9583,0.9688
195,MLP,0.9464,0.9565,0.9362,0.9565,0.9394
196,MLP,0.9464,0.9476,0.9474,0.931,0.963
197,MLP,0.9643,0.9881,0.9333,1.0,0.9524
198,MLP,0.8929,0.9278,0.8696,0.9091,0.8824
199,MLP,0.9464,0.994,0.9189,1.0,0.9231
200,MLP,0.9643,0.9935,0.9375,1.0,0.9512
201,MLP,0.9464,0.9572,0.9333,0.9545,0.9412
202,MLP,0.9286,0.8606,0.8889,0.8421,0.973
203,MLP,0.9107,0.9531,0.878,0.9474,0.8919
204,MLP,0.9821,0.9932,0.9767,1.0,0.9714
205,MLP,0.9464,0.9918,0.9333,1.0,0.9143
206,MLP,0.9107,0.9625,0.8837,0.95,0.8889
207,MLP,0.9464,0.9341,0.9333,0.913,0.9697
208,MLP,0.9286,0.9181,0.8889,0.8889,0.9474
209,MLP,0.9821,0.9951,0.9677,1.0,0.9756
210,MLP,0.875,0.8347,0.8205,0.8,0.9167
211,MLP,0.8929,0.8587,0.7857,0.8462,0.907
212,MLP,0.9286,0.9668,0.9333,0.9655,0.8889
213,MLP,0.9286,0.9459,0.9,0.9474,0.9189
214,MLP,0.9643,0.9915,0.9333,1.0,0.9524
215,MLP,0.9286,0.9184,0.9048,0.9048,0.9429
216,MLP,0.9286,0.9211,0.9048,0.9048,0.9429
217,MLP,0.9107,0.9547,0.8571,0.9375,0.9
218,MLP,0.9643,0.9918,0.9545,1.0,0.9429
219,MLP,0.9286,0.9051,0.9091,0.8696,0.9697
220,MLP,1.0,1.0,1.0,1.0,1.0
221,MLP,0.9464,0.8673,0.88,0.7857,1.0
222,MLP,0.9821,0.9591,0.9714,0.9444,1.0
223,MLP,0.9643,0.9889,0.9524,1.0,0.9444
224,MLP,0.9821,0.9648,0.9787,0.9583,1.0
225,MLP,0.8929,0.8904,0.8636,0.8636,0.9118
226,MLP,0.9464,0.9854,0.9231,1.0,0.9211
227,MLP,0.9464,0.944,0.9362,0.9167,0.9688
228,MLP,0.9464,0.9633,0.9302,0.9524,0.9429
229,MLP,0.9464,0.9333,0.9231,0.9,0.9722
230,MLP,0.9643,0.9327,0.9412,0.8889,1.0
231,MLP,0.9107,0.9412,0.8649,0.9412,0.8974
232,MLP,0.9643,0.9667,0.9615,0.9615,0.9667
233,MLP,0.9464,0.9626,0.9333,0.9545,0.9412
234,MLP,0.9821,0.9955,0.9714,1.0,0.9744
235,MLP,0.9464,0.9531,0.9231,0.9474,0.9459
236,MLP,0.8929,0.8917,0.8636,0.8636,0.9118
237,MLP,0.9464,0.9957,0.9268,1.0,0.9189
238,MLP,0.9464,0.9987,0.9362,1.0,0.9118
239,MLP,0.8929,0.9004,0.85,0.8947,0.8919
240,MLP,0.9286,0.9474,0.8947,0.9444,0.9211
241,MLP,0.9464,0.8917,0.9189,0.85,1.0
242,MLP,0.9643,0.9917,0.9524,1.0,0.9444
243,MLP,0.9643,0.9969,0.9412,1.0,0.95
244,MLP,0.9643,0.9405,0.9286,0.9286,0.9762
245,MLP,0.9643,0.9895,0.9583,1.0,0.9394
246,MLP,0.9821,0.9927,0.973,1.0,0.9737
247,MLP,0.9464,0.9813,0.9032,1.0,0.9286
248,MLP,0.9286,0.9516,0.8824,0.9375,0.925
249,MLP,0.9286,0.9292,0.9,0.9,0.9444
250,MLP,0.8929,0.9308,0.8889,0.9231,0.8667
251,MLP,0.9643,0.96,0.96,0.96,0.9677
252,MLP,0.9643,0.9484,0.9375,0.9375,0.975
253,MLP,0.9286,0.9208,0.9,0.9,0.9444
254,MLP,0.8929,0.8946,0.8,0.8571,0.9048
255,MLP,1.0,1.0,1.0,1.0,1.0
256,MLP,0.9643,0.9596,0.9583,0.9583,0.9688
257,MLP,0.9107,0.9924,0.8276,1.0,0.8864
258,MLP,0.9464,0.9917,0.9302,1.0,0.9167
259,MLP,0.9464,0.9347,0.9231,0.9,0.9722
260,MLP,0.9286,0.9175,0.8947,0.8947,0.9459
261,MLP,0.9821,0.9949,0.9836,1.0,0.9615
262,MLP,0.9286,0.9849,0.8947,1.0,0.8974
263,MLP,0.9821,0.9974,0.9804,1.0,0.9677
264,MLP,0.8929,0.8876,0.8421,0.8421,0.9189
265,MLP,0.9107,0.9049,0.8936,0.875,0.9375
266,MLP,0.9464,0.9484,0.9091,0.9375,0.95
267,MLP,0.9643,0.9547,0.9444,0.9444,0.9737
268,MLP,0.9286,0.9356,0.8462,0.9167,0.9318
269,MLP,0.9464,0.9289,0.9333,0.913,0.9697
270,MLP,0.9464,0.9854,0.9091,1.0,0.9268
271,MLP,0.9464,0.9515,0.9474,0.931,0.963
272,MLP,0.9464,0.9125,0.9032,0.875,0.975
273,MLP,0.9464,0.9306,0.9268,0.9048,0.9714
274,MLP,0.9464,0.9661,0.9388,0.9583,0.9375
275,MLP,0.9107,0.9524,0.8889,0.9524,0.8857
276,MLP,0.9464,0.9472,0.9143,0.9412,0.9487
277,MLP,0.9821,0.9719,0.9818,0.9643,1.0
278,MLP,0.9821,0.9974,0.9836,1.0,0.9615
279,MLP,0.9107,0.9547,0.8718,0.9444,0.8947
280,MLP,0.9464,0.9542,0.9268,0.95,0.9444
281,MLP,0.8929,0.9258,0.88,0.9167,0.875
282,MLP,0.9643,0.9742,0.96,0.96,0.9677
283,MLP,0.9286,0.9736,0.92,1.0,0.8788
284,MLP,0.9286,0.9346,0.9231,0.9231,0.9333
285,MLP,0.9821,0.9972,0.9744,1.0,0.973
286,MLP,0.9464,0.9497,0.9302,0.9524,0.9429
287,MLP,0.9107,0.9102,0.8837,0.9048,0.9143
288,MLP,0.9821,0.9956,0.973,1.0,0.9737
289,MLP,0.9821,0.9681,0.9744,0.95,1.0
290,MLP,0.9464,0.9917,0.9302,1.0,0.9167
291,MLP,0.9643,0.9875,0.9286,1.0,0.9535
292,MLP,0.9464,0.9563,0.9143,0.9412,0.9487
293,MLP,0.9643,0.9837,0.9545,1.0,0.9429
294,MLP,0.8929,0.8977,0.8421,0.8889,0.8947
295,MLP,0.9107,0.9545,0.878,0.9474,0.8919
296,MLP,0.9464,0.9445,0.9388,0.92,0.9677
297,MLP,0.9821,0.9653,0.9744,0.95,1.0
298,MLP,0.9286,0.9891,0.913,1.0,0.8857
299,MLP,0.9107,0.9561,0.9057,0.96,0.871
300,MLP,0.9464,0.9922,0.9143,1.0,0.925
301,MLP,0.8929,0.9064,0.8696,0.9091,0.8824
302,MLP,0.9643,0.9826,0.9565,1.0,0.9412
303,MLP,0.9286,0.9278,0.9,0.9,0.9444
304,MLP,0.9821,0.994,0.9714,1.0,0.9744
305,MLP,0.9107,0.9559,0.8936,0.9545,0.8824
306,MLP,0.9821,0.9639,0.9744,0.95,1.0
307,MLP,0.9643,0.9592,0.9524,0.9524,0.9714
308,MLP,0.9821,0.9985,0.973,1.0,0.9737
309,MLP,0.9464,0.9302,0.9333,0.913,0.9697
310,MLP,0.9464,0.9472,0.9143,0.9412,0.9487
311,MLP,0.8929,0.9265,0.8696,0.9524,0.8571
312,MLP,0.9464,0.9911,0.8966,1.0,0.9302
313,MLP,1.0,1.0,1.0,1.0,1.0
314,MLP,0.9821,0.9706,0.9767,0.9545,1.0
315,MLP,0.9821,0.9528,0.9655,0.9333,1.0
316,MLP,0.9286,0.9565,0.9091,0.9524,0.9143
317,MLP,0.9464,0.9463,0.9032,0.9333,0.9512
318,MLP,0.9464,0.9188,0.9032,0.875,0.975
319,MLP,0.9643,1.0,0.9565,1.0,0.9412
320,MLP,1.0,1.0,1.0,1.0,1.0
321,MLP,0.9464,0.9329,0.9388,0.92,0.9677
322,MLP,1.0,1.0,1.0,1.0,1.0
323,MLP,0.9643,0.95,0.9375,0.9375,0.975
324,MLP,0.9643,0.9631,0.9565,0.9565,0.9697
325,MLP,0.9643,0.9898,0.9333,1.0,0.9524
326,MLP,0.9821,0.9987,0.9778,1.0,0.9706
327,MLP,0.875,0.8962,0.8205,0.8889,0.8684
328,MLP,0.9464,0.9542,0.9268,0.95,0.9444
329,MLP,0.9464,0.9556,0.9268,0.95,0.9444
330,MLP,0.9643,0.9854,0.9474,1.0,0.9474
331,MLP,0.8929,0.9269,0.8421,0.8889,0.8947
332,MLP,0.9107,0.9839,0.8387,1.0,0.8837
333,MLP,0.9286,0.9639,0.913,0.9545,0.9118
334,MLP,0.9643,0.9505,0.9565,0.9167,1.0
335,MLP,0.9821,0.9608,0.9697,0.9412,1.0
336,MLP,0.9643,0.9489,0.9643,0.931,1.0
337,MLP,0.9286,0.8861,0.8947,0.85,0.9722
338,MLP,0.9464,0.9528,0.9032,0.9333,0.9512
339,MLP,0.9821,0.9959,0.9767,1.0,0.9714
340,MLP,0.9286,1.0,0.8667,1.0,0.907
341,MLP,0.9286,0.9065,0.8824,0.8824,0.9487
342,MLP,0.9286,0.977,0.931,1.0,0.8621
343,MLP,0.9286,0.9273,0.8333,0.9091,0.9333
344,MLP,0.8929,0.917,0.8696,0.8696,0.9091
345,MLP,0.875,0.8094,0.7586,0.6875,0.95
346,MLP,0.9643,0.9518,0.9444,0.9444,0.9737
347,MLP,0.9286,0.8922,0.875,0.875,0.95
348,MLP,0.9464,0.9859,0.9143,1.0,0.925
349,MLP,0.9286,0.9497,0.9091,0.9524,0.9143
350,MLP,0.9107,0.8952,0.878,0.8571,0.9429
351,MLP,0.9286,0.9639,0.9048,0.95,0.9167
352,MLP,0.9286,0.9516,0.9,0.9474,0.9189
353,MLP,0.9286,0.8927,0.8462,0.8462,0.9535
354,MLP,0.9643,0.9906,0.9412,1.0,0.95
355,MLP,0.875,0.9344,0.8108,0.9375,0.85
356,MLP,0.9107,0.898,0.878,0.8571,0.9429
357,MLP,0.9464,0.9668,0.9455,0.963,0.931
358,MLP,0.9643,0.9972,0.9524,1.0,0.9444
359,MLP,0.9464,0.8969,0.9032,0.875,0.975
360,MLP,0.9286,0.9622,0.92,0.9583,0.9062
361,MLP,1.0,1.0,1.0,1.0,1.0
362,MLP,0.9286,0.9463,0.875,0.9333,0.9268
363,MLP,0.9821,0.9985,0.9714,1.0,0.9744
364,MLP,1.0,1.0,1.0,1.0,1.0
365,MLP,0.9286,0.9825,0.9,1.0,0.8947
366,MLP,0.9464,0.9576,0.9189,0.9444,0.9474
367,MLP,0.9464,0.9891,0.9333,1.0,0.9143
368,MLP,0.9821,0.996,0.9778,1.0,0.9706
369,MLP,0.9643,0.9232,0.9444,0.8947,1.0
370,MLP,0.9643,0.9612,0.9545,0.9545,0.9706
371,MLP,0.9107,0.9427,0.898,0.9167,0.9062
372,MLP,0.9643,0.9371,0.9286,0.9286,0.9762
373,MLP,0.9286,0.8876,0.8947,0.8947,0.9459
374,MLP,0.875,0.9532,0.8571,0.9545,0.8235
375,MLP,0.875,0.8977,0.8205,0.8889,0.8684
376,MLP,0.9464,0.9372,0.9302,0.9091,0.9706
377,MLP,0.9286,0.9935,0.8824,1.0,0.9024
378,MLP,0.9464,0.9605,0.9189,0.9444,0.9474
379,MLP,0.9643,0.9937,0.9412,1.0,0.95
380,MLP,0.9464,0.9374,0.9434,0.9259,0.9655
381,MLP,0.9107,0.9302,0.8936,0.913,0.9091
382,MLP,0.9643,0.9592,0.9524,0.9524,0.9714
383,MLP,0.9643,0.9972,0.95,1.0,0.9459
384,MLP,0.9643,0.9956,0.9474,1.0,0.9474
385,MLP,0.9643,0.9644,0.9565,0.9565,0.9697
386,MLP,0.9464,0.988,0.9362,1.0,0.9118
387,MLP,0.9643,0.9973,0.9565,1.0,0.9412
388,MLP,0.9464,0.9394,0.9333,0.913,0.9697
389,MLP,0.9643,0.9932,0.9545,1.0,0.9429
390,MLP,1.0,1.0,1.0,1.0,1.0
391,MLP,0.9107,0.875,0.8387,0.8125,0.95
392,MLP,0.9464,0.9878,0.9333,1.0,0.9143
393,MLP,0.9821,0.9946,0.9767,1.0,0.9714
394,MLP,0.9643,0.9972,0.95,1.0,0.9459
395,MLP,0.9464,0.9898,0.9474,1.0,0.8966
396,MLP,0.9464,0.9362,0.9362,0.9167,0.9688
397,MLP,0.9107,0.8874,0.8571,0.8333,0.9474
398,MLP,0.9286,0.8814,0.9091,0.8696,0.9697
399,MLP,0.9464,0.9921,0.9388,1.0,0.9091
400,MLP,0.9464,0.9635,0.9388,0.9583,0.9375
401,MLP,0.9464,0.9626,0.9412,0.96,0.9355
402,MLP,0.9286,0.9366,0.875,0.9333,0.9268
403,MLP,0.9643,0.9515,0.9643,0.931,1.0
404,MLP,1.0,1.0,1.0,1.0,1.0
405,MLP,0.8929,0.8639,0.85,0.85,0.9167
406,MLP,0.8929,0.8594,0.8125,0.8125,0.925
407,MLP,0.9464,0.9932,0.9032,1.0,0.9286
408,MLP,0.9107,0.932,0.8837,0.9048,0.9143
409,MLP,0.9286,0.9531,0.9,0.9474,0.9189
410,MLP,0.9286,0.9028,0.8947,0.85,0.9722
411,MLP,0.9107,0.9905,0.8936,1.0,0.8571
412,MLP,0.9643,0.9742,0.9677,0.9677,0.96
413,MLP,0.9643,0.9969,0.9412,1.0,0.95
414,MLP,0.9643,0.9625,0.95,0.95,0.9722
415,MLP,0.9286,0.9139,0.9,0.9,0.9444
416,MLP,0.9643,0.9987,0.963,1.0,0.9333
417,MLP,0.875,0.9386,0.8293,0.9444,0.8421
418,MLP,0.9464,0.9668,0.9474,0.9643,0.9286
419,MLP,1.0,1.0,1.0,1.0,1.0
420,MLP,0.9821,0.9984,0.9697,1.0,0.975
421,MLP,0.9643,0.9942,0.9474,1.0,0.9474
422,MLP,0.9643,0.9518,0.9444,0.9444,0.9737
423,MLP,0.9643,0.9946,0.9545,1.0,0.9429
424,MLP,0.9286,0.9359,0.8824,0.9375,0.925
425,MLP,0.9464,0.9347,0.9268,0.9048,0.9714
426,MLP,0.9643,0.9967,0.9375,1.0,0.9512
427,MLP,1.0,1.0,1.0,1.0,1.0
428,MLP,0.9286,0.9381,0.92,0.92,0.9355
429,MLP,0.9464,0.9868,0.9231,1.0,0.9211
430,MLP,0.9464,0.9958,0.9302,1.0,0.9167
431,MLP,0.9821,0.9972,0.9744,1.0,0.973
432,MLP,0.9821,0.9716,0.9796,0.96,1.0
433,MLP,0.9286,0.8816,0.8824,0.8333,0.9737
434,MLP,0.9643,0.9412,0.9524,0.9091,1.0
435,MLP,1.0,1.0,1.0,1.0,1.0
436,MLP,0.9643,0.9375,0.9565,0.9167,1.0
437,MLP,0.9107,0.9183,0.8936,0.913,0.9091
438,MLP,0.8929,0.8444,0.8421,0.8,0.9444
439,MLP,0.9286,0.943,0.8947,0.9444,0.9211
440,MLP,0.9643,0.9548,0.9412,0.9412,0.9744
441,MLP,0.8929,0.8304,0.8235,0.7778,0.9474
442,MLP,0.9464,0.9587,0.9231,0.9474,0.9459
443,MLP,0.9643,0.9921,0.9583,1.0,0.9394
444,MLP,0.875,0.872,0.8205,0.8421,0.8919
445,MLP,0.9107,0.9417,0.8837,0.95,0.8889
446,MLP,0.9107,0.9599,0.8936,0.9545,0.8824
447,MLP,0.9643,0.9587,0.9474,0.9474,0.973
448,MLP,0.8929,0.8893,0.8696,0.8696,0.9091
449,MLP,0.9464,0.9612,0.9333,0.9545,0.9412
450,MLP,0.9643,0.9871,0.9615,1.0,0.9355
451,MLP,0.9286,0.9111,0.9,0.9,0.9444
452,MLP,0.9643,0.9578,0.9524,0.9524,0.9714
453,MLP,0.9643,0.9405,0.9286,0.9286,0.9762
454,MLP,0.9286,0.9488,0.9,0.9474,0.9189
455,MLP,0.9643,0.9955,0.9444,1.0,0.9487
456,MLP,0.9286,0.9561,0.8947,0.9444,0.9211
457,MLP,0.9643,0.9942,0.9474,1.0,0.9474
458,MLP,0.9464,0.9864,0.9189,1.0,0.9231
459,MLP,0.9643,0.9578,0.9412,0.9412,0.9744
460,MLP,0.9464,0.9459,0.9189,0.9444,0.9474
461,MLP,0.9643,0.9936,0.9643,1.0,0.931
462,MLP,0.9464,0.984,0.9362,1.0,0.9118
463,MLP,0.9286,0.9315,0.913,0.913,0.9394
464,MLP,0.9464,0.9644,0.9362,0.9565,0.9394
465,MLP,0.9107,0.9269,0.918,0.9333,0.8846
466,MLP,0.9821,0.9971,0.973,1.0,0.9737
467,MLP,0.9821,1.0,0.9565,1.0,0.9778
468,MLP,0.9286,0.9805,0.8824,1.0,0.9024
469,MLP,0.9643,0.9459,0.9444,0.8947,1.0
470,MLP,0.9821,0.9986,0.9767,1.0,0.9714
471,MLP,0.875,0.9382,0.8205,0.9412,0.8462
472,MLP,0.9464,0.9503,0.9189,0.9444,0.9474
473,MLP,1.0,1.0,1.0,1.0,1.0
474,MLP,0.9107,0.9531,0.878,0.9474,0.8919
475,MLP,0.9464,0.9592,0.9362,0.9565,0.9394
476,MLP,0.9286,0.9484,0.8824,0.9375,0.925
477,MLP,0.9286,0.9563,0.8889,0.9412,0.9231
478,MLP,0.9286,0.9854,0.9,1.0,0.8947
479,MLP,0.9107,0.902,0.878,0.8571,0.9429
480,MLP,0.9107,0.9466,0.898,0.9167,0.9062
481,MLP,0.9107,0.9479,0.8936,0.9545,0.8824
482,MLP,0.9464,0.9737,0.9231,1.0,0.9211
483,MLP,0.9821,0.9512,0.9655,0.9333,1.0
484,MLP,0.9821,0.9639,0.9744,0.95,1.0
485,MLP,0.9643,0.9935,0.9615,1.0,0.9355
486,MLP,0.9107,0.9091,0.8837,0.8636,0.9412
487,MLP,1.0,1.0,1.0,1.0,1.0
488,MLP,0.9107,0.9058,0.898,0.88,0.9355
489,MLP,0.9107,0.9474,0.8718,0.9444,0.8947
490,MLP,0.9821,0.9943,0.9744,1.0,0.973
491,MLP,0.9643,0.9896,0.96,1.0,0.9375
492,MLP,0.9821,0.994,0.9714,1.0,0.9744
493,MLP,0.9464,0.9035,0.9091,0.8824,0.9744
494,MLP,0.9821,0.9984,0.9677,1.0,0.9756
495,MLP,0.9107,0.9486,0.8837,0.95,0.8889
496,MLP,0.9821,0.9942,0.973,1.0,0.9737
497,MLP,0.9464,0.991,0.9189,1.0,0.9231
498,MLP,0.9464,0.9569,0.9268,0.95,0.9444
499,MLP,0.9286,0.9222,0.9,0.9,0.9444
500,MLP,0.9107,0.9211,0.8889,0.9091,0.9118
501,MLP,0.9464,0.9613,0.9412,0.96,0.9355
502,MLP,0.9821,0.997,0.9714,1.0,0.9744
503,MLP,0.8929,0.8878,0.8,0.8571,0.9048
504,MLP,0.8571,0.9297,0.7895,0.9375,0.825
505,MLP,0.9464,0.9958,0.9302,1.0,0.9167
506,MLP,0.9643,0.9631,0.9565,0.9565,0.9697
507,MLP,0.9464,0.9951,0.9091,1.0,0.9268
508,MLP,0.9464,0.9563,0.9143,0.9412,0.9487
509,MLP,1.0,1.0,1.0,1.0,1.0
510,MLP,0.9643,0.9972,0.95,1.0,0.9459
511,MLP,0.875,0.8793,0.8108,0.8824,0.8718
512,MLP,0.9286,0.9879,0.8947,1.0,0.8974
513,MLP,0.9107,0.8321,0.8571,0.7895,0.973
514,MLP,0.9464,0.9898,0.9032,1.0,0.9286
515,MLP,0.9286,0.8929,0.8571,0.8571,0.9524
516,MLP,0.9464,0.9524,0.8966,0.9286,0.9524
517,MLP,0.9464,0.9592,0.9362,0.9565,0.9394
518,MLP,0.9821,0.9573,0.973,0.9474,1.0
519,MLP,0.9643,0.9516,0.9375,0.9375,0.975
520,MLP,0.9821,0.9559,0.973,0.9474,1.0
521,MLP,0.9286,0.9719,0.8889,1.0,0.9
522,MLP,0.9643,0.9927,0.9474,1.0,0.9474
523,MLP,0.9286,0.8819,0.8889,0.8421,0.973
524,MLP,0.9464,0.8816,0.9091,0.8333,1.0
525,MLP,0.9464,0.9232,0.8696,0.9091,0.9556
526,MLP,0.9107,0.9406,0.8571,0.9375,0.9
527,MLP,0.9286,0.9859,0.9286,1.0,0.8667
528,MLP,0.9821,1.0,0.9796,1.0,0.9688
529,MLP,0.8571,0.875,0.8095,0.85,0.8611
530,MLP,0.9464,0.9118,0.9189,0.8947,0.973
531,MLP,0.9643,0.9758,0.9643,0.9643,0.9643
532,MLP,0.9643,0.9935,0.9375,1.0,0.9512
533,MLP,0.9821,0.9957,0.9744,1.0,0.973
534,MLP,0.9107,0.9344,0.8571,0.9375,0.9
535,MLP,0.9464,0.9943,0.9268,1.0,0.9189
536,MLP,0.9464,1.0,0.9333,1.0,0.9143
537,MLP,0.9821,0.9932,0.9767,1.0,0.9714
538,MLP,0.9821,0.9744,0.9831,0.9667,1.0
539,MLP,0.9821,0.9644,0.973,0.9474,1.0
540,MLP,1.0,1.0,1.0,1.0,1.0
541,MLP,0.9643,0.9611,0.95,0.95,0.9722
542,MLP,0.9464,0.9946,0.8966,1.0,0.9302
543,MLP,0.9286,0.9829,0.9048,1.0,0.8919
544,MLP,1.0,1.0,1.0,1.0,1.0
545,MLP,1.0,1.0,1.0,1.0,1.0
546,MLP,0.9464,0.905,0.9143,0.8889,0.9737
547,MLP,0.9464,0.9687,0.9231,0.9474,0.9459
548,MLP,0.8929,0.8592,0.8421,0.8421,0.9189
549,MLP,0.9464,0.957,0.9388,0.9583,0.9375
550,MLP,0.9643,0.9387,0.9615,0.9259,1.0
551,MLP,0.9643,0.9951,0.9375,1.0,0.9512
552,MLP,0.9286,0.948,0.875,0.9333,0.9268
553,MLP,0.9821,0.9984,0.9697,1.0,0.975
554,MLP,0.9286,0.9486,0.9167,0.9565,0.9091
555,MLP,0.9464,0.9569,0.9268,0.95,0.9444
556,MLP,0.9107,0.9238,0.8889,0.9091,0.9118
557,MLP,0.9464,0.926,0.9189,0.8947,0.973
558,MLP,0.9286,0.9033,0.8947,0.8947,0.9459
559,MLP,0.9643,0.9643,0.9643,0.9643,0.9643
560,MLP,1.0,1.0,1.0,1.0,1.0
561,MLP,0.9464,0.9252,0.9268,0.9048,0.9714
562,MLP,0.9464,0.932,0.9268,0.9048,0.9714
563,MLP,0.9821,0.9653,0.9744,0.95,1.0
564,MLP,0.9643,0.9955,0.9444,1.0,0.9487
565,MLP,0.875,0.9123,0.8205,0.8889,0.8684
566,MLP,0.9464,0.949,0.8966,0.9286,0.9524
567,MLP,0.9286,0.9548,0.8889,0.9412,0.9231
568,MLP,0.9286,0.9825,0.9,1.0,0.8947
569,MLP,0.9464,0.905,0.9143,0.8889,0.9737
570,MLP,0.9107,0.9488,0.8718,0.9444,0.8947
571,MLP,0.9643,0.9966,0.9333,1.0,0.9524
572,MLP,0.9464,0.9583,0.9268,0.95,0.9444
573,MLP,0.9821,0.9946,0.9767,1.0,0.9714
574,MLP,0.9464,0.9583,0.9268,0.95,0.9444
575,MLP,1.0,1.0,1.0,1.0,1.0
576,MLP,0.9286,0.9661,0.92,0.9583,0.9062
577,MLP,0.9821,0.9925,0.9714,1.0,0.9744
578,MLP,0.9643,0.9576,0.9444,0.9444,0.9737
579,MLP,0.9286,0.987,0.9231,1.0,0.875
580,MLP,0.875,0.7932,0.8108,0.7143,0.9714
581,MLP,0.9821,0.9673,0.973,0.9474,1.0
582,MLP,0.9464,0.95,0.9268,0.95,0.9444
583,MLP,0.9286,0.9883,0.9,1.0,0.8947
584,MLP,0.9286,0.9548,0.9231,0.96,0.9032
585,MLP,0.9643,0.9935,0.96,1.0,0.9375
586,MLP,0.9821,0.9602,0.973,0.9474,1.0
587,MLP,0.9464,0.9797,0.9143,1.0,0.925
588,MLP,0.9107,0.9813,0.8485,1.0,0.881
589,MLP,0.9286,0.9599,0.913,0.9545,0.9118
590,MLP,0.9643,0.9605,0.9444,0.9444,0.9737
591,MLP,0.9464,0.9823,0.9333,1.0,0.9143
592,MLP,0.9821,0.9985,0.973,1.0,0.9737
593,MLP,0.9643,0.9898,0.9333,1.0,0.9524
594,MLP,0.9286,0.9183,0.913,0.913,0.9394
595,MLP,0.9286,0.9095,0.8824,0.8824,0.9487
596,MLP,0.9821,0.9985,0.973,1.0,0.9737
597,MLP,0.9643,0.9943,0.95,1.0,0.9459
598,MLP,0.9464,0.9583,0.9268,0.95,0.9444
599,MLP,0.9643,0.9512,0.9333,0.9333,0.9756
600,MLP,0.9464,0.9291,0.9302,0.9091,0.9706
601,MLP,0.9643,0.9946,0.9545,1.0,0.9429
602,MLP,0.8929,0.9323,0.88,0.9167,0.875
603,MLP,0.9643,0.9893,0.9565,1.0,0.9412
604,MLP,0.9643,0.9583,0.95,0.95,0.9722
605,MLP,0.9643,0.9922,0.96,1.0,0.9375
606,MLP,0.9286,0.8974,0.8824,0.8824,0.9487
607,MLP,0.9286,0.9472,0.8889,0.9412,0.9231
608,MLP,0.9464,0.9505,0.9333,0.9545,0.9412
609,MLP,0.9821,0.9961,0.9796,1.0,0.9688
610,MLP,0.9286,0.9547,0.8824,0.9375,0.925
611,MLP,0.9464,0.9972,0.9302,1.0,0.9167
612,MLP,0.9821,0.9677,0.9796,0.96,1.0
613,MLP,0.9464,0.9503,0.9189,0.9444,0.9474
614,MLP,0.8571,0.8756,0.8462,0.8462,0.8667
615,MLP,0.9286,0.9412,0.8889,0.9412,0.9231
616,MLP,0.9286,0.9264,0.9,0.9,0.9444
617,MLP,0.9464,0.9225,0.9302,0.9091,0.9706
618,MLP,0.9464,0.9531,0.9231,0.9474,0.9459
619,MLP,0.9643,0.9893,0.9565,1.0,0.9412
620,MLP,0.9821,0.9971,0.973,1.0,0.9737
621,MLP,0.9821,0.9984,0.9697,1.0,0.975
622,MLP,0.9821,0.9578,0.9697,0.9412,1.0
623,MLP,0.8929,0.8946,0.8,0.8571,0.9048
624,MLP,0.9286,0.9152,0.8889,0.8889,0.9474
625,MLP,0.9107,0.9679,0.8936,0.9545,0.8824
626,MLP,0.9643,0.9875,0.9524,1.0,0.9444
627,MLP,0.9464,0.9449,0.9412,0.9231,0.9667
628,MLP,0.9464,0.9781,0.9434,1.0,0.9032
629,MLP,0.9464,0.9583,0.9268,0.95,0.9444
630,MLP,0.9821,0.9742,0.9796,0.96,1.0
631,MLP,0.9643,0.9155,0.9375,0.8824,1.0
632,MLP,0.9464,0.9264,0.9231,0.9,0.9722
633,MLP,0.9464,0.9131,0.9302,0.9091,0.9706
634,MLP,0.9643,0.9935,0.9375,1.0,0.9512
635,MLP,0.9286,0.8875,0.875,0.875,0.95
636,MLP,0.9464,0.9729,0.9412,0.96,0.9355
637,MLP,0.9464,1.0,0.9143,1.0,0.925
638,MLP,1.0,1.0,1.0,1.0,1.0
639,MLP,0.9107,0.9028,0.8718,0.85,0.9444
640,MLP,1.0,1.0,1.0,1.0,1.0
641,MLP,0.9286,0.9358,0.9091,0.9091,0.9412
642,MLP,0.9107,0.9392,0.8276,0.9231,0.907
643,MLP,0.9643,0.9639,0.9545,0.9545,0.9706
644,MLP,0.9821,0.9575,0.963,0.9286,1.0
645,MLP,1.0,1.0,1.0,1.0,1.0
646,MLP,0.9107,0.9018,0.8718,0.8947,0.9189
647,MLP,0.9643,0.9895,0.9583,1.0,0.9394
648,MLP,0.9286,0.9542,0.9048,0.95,0.9167
649,MLP,0.9286,0.9198,0.9091,0.9091,0.9412
650,MLP,0.9464,0.9345,0.9302,0.9091,0.9706
651,MLP,0.9464,0.9821,0.8966,1.0,0.9302
652,MLP,0.9464,0.9459,0.9189,0.9444,0.9474
653,MLP,0.9643,0.963,0.9474,0.9474,0.973
654,MLP,0.9464,0.9781,0.9231,1.0,0.9211
655,MLP,0.9286,0.9095,0.8824,0.8824,0.9487
656,MLP,0.9286,0.9578,0.9091,0.9524,0.9143
657,MLP,0.9821,0.9974,0.9787,1.0,0.9697
658,MLP,1.0,1.0,1.0,1.0,1.0
659,MLP,1.0,1.0,1.0,1.0,1.0
660,MLP,0.9286,0.9528,0.9048,0.95,0.9167
661,MLP,1.0,1.0,1.0,1.0,1.0
662,MLP,0.9464,0.985,0.9333,1.0,0.9143
663,MLP,0.9286,0.9796,0.913,1.0,0.8857
664,MLP,1.0,1.0,1.0,1.0,1.0
665,MLP,0.9464,0.951,0.9302,0.9524,0.9429
666,MLP,0.9643,0.9973,0.9565,1.0,0.9412
667,MLP,0.9464,0.994,0.9189,1.0,0.9231
668,MLP,0.9464,0.9906,0.9143,1.0,0.925
669,MLP,0.9464,0.9246,0.9189,0.8947,0.973
670,MLP,0.9464,0.9315,0.9333,0.913,0.9697
671,MLP,0.9464,0.9826,0.9362,1.0,0.9118
672,MLP,0.9464,0.9531,0.9091,0.9375,0.95
673,MLP,0.9464,0.9532,0.9189,0.9444,0.9474
674,MLP,0.9643,0.9955,0.9444,1.0,0.9487
675,MLP,0.9643,0.9833,0.9524,1.0,0.9444
676,MLP,0.9107,0.8944,0.8837,0.8636,0.9412
677,MLP,0.9643,0.992,0.9565,1.0,0.9412
678,MLP,0.9821,0.9524,0.963,0.9286,1.0
679,MLP,0.9464,0.8793,0.8889,0.8571,0.9762
680,MLP,0.9821,0.9578,0.9677,0.9375,1.0
681,MLP,0.9464,0.9895,0.9388,1.0,0.9091
682,MLP,0.9286,0.9463,0.8571,0.9231,0.9302
683,MLP,0.9821,0.9917,0.9756,1.0,0.9722
684,MLP,0.9821,0.9973,0.9778,1.0,0.9706
685,MLP,0.9286,0.9971,0.9,1.0,0.8947
686,MLP,0.9464,0.9385,0.9302,0.9091,0.9706
687,MLP,0.9464,0.9932,0.9333,1.0,0.9143
688,MLP,0.9107,0.9148,0.898,0.88,0.9355
689,MLP,0.9821,0.9742,0.9796,0.96,1.0
690,MLP,0.9643,0.9679,0.9615,0.9615,0.9667
691,MLP,1.0,1.0,1.0,1.0,1.0
692,MLP,1.0,1.0,1.0,1.0,1.0
693,MLP,0.9286,0.9264,0.9,0.9,0.9444
694,MLP,0.875,0.9347,0.8511,0.9524,0.8286
695,MLP,0.9286,0.9031,0.8571,0.8571,0.9524
696,MLP,0.9107,0.974,0.9057,1.0,0.8438
697,MLP,0.9464,0.9528,0.9032,0.9333,0.9512
698,MLP,0.9643,0.9612,0.9545,0.9545,0.9706
699,MLP,0.9821,0.9969,0.9697,1.0,0.975
700,MLP,0.9643,0.974,0.9583,0.9583,0.9688
701,MLP,0.9107,0.9186,0.8571,0.8824,0.9231
702,MLP,0.9464,0.9893,0.8966,1.0,0.9302
703,MLP,0.8571,0.8929,0.7895,0.8824,0.8462
704,MLP,0.9286,0.9782,0.913,1.0,0.8857
705,MLP,0.9643,0.9688,0.9583,0.9583,0.9688
706,MLP,1.0,1.0,1.0,1.0,1.0
707,MLP,0.8571,0.9459,0.8095,0.9444,0.8158
708,MLP,0.8929,0.9619,0.8696,0.9524,0.8571
709,MLP,0.9107,0.974,0.902,0.9583,0.875
710,MLP,0.9286,0.988,0.9167,1.0,0.8824
711,MLP,0.9464,0.9333,0.9231,0.9,0.9722
712,MLP,0.9286,0.9375,0.8824,0.9375,0.925
713,MLP,0.9821,0.9987,0.9796,1.0,0.9688
714,MLP,0.9464,0.9769,0.9455,1.0,0.9
715,MLP,0.9643,0.9371,0.9286,0.9286,0.9762
716,MLP,0.8929,0.8203,0.8636,0.7917,0.9688
717,MLP,0.9643,0.9427,0.9565,0.9167,1.0
718,MLP,0.9464,0.9587,0.9231,0.9474,0.9459
719,MLP,0.9643,0.9944,0.9524,1.0,0.9444
720,MLP,0.9286,0.9484,0.8824,0.9375,0.925
721,MLP,1.0,1.0,1.0,1.0,1.0
722,MLP,0.8929,0.9218,0.8889,0.9231,0.8667
723,MLP,0.9286,0.9065,0.8824,0.8824,0.9487
724,MLP,0.9286,0.9246,0.8824,0.8824,0.9487
725,MLP,1.0,1.0,1.0,1.0,1.0
726,MLP,0.9643,0.9572,0.9545,0.9545,0.9706
727,MLP,0.9286,0.9095,0.8824,0.8824,0.9487
728,MLP,0.9464,0.9612,0.9333,0.9545,0.9412
729,MLP,0.8571,0.8833,0.8095,0.85,0.8611
730,MLP,0.9821,0.9677,0.9796,0.96,1.0
731,MLP,0.9464,0.9559,0.9231,0.9474,0.9459
732,MLP,0.9107,0.9474,0.8718,0.9444,0.8947
733,MLP,0.9286,0.9737,0.9,1.0,0.8947
734,MLP,0.9643,0.9646,0.9524,0.9524,0.9714
735,MLP,0.9464,0.8939,0.9231,0.8571,1.0
736,MLP,0.8929,0.9295,0.8889,0.9231,0.8667
737,MLP,0.9821,0.9745,0.9818,0.9643,1.0
738,MLP,0.9286,0.9427,0.8889,0.9412,0.9231
739,MLP,0.9643,0.9872,0.963,1.0,0.9333
740,MLP,0.9107,0.8857,0.878,0.8571,0.9429
741,MLP,0.9464,0.9897,0.9455,1.0,0.9
742,MLP,0.9464,0.9275,0.9189,0.8947,0.973
743,MLP,0.9643,0.9639,0.95,0.95,0.9722
744,MLP,0.9286,0.9469,0.9091,0.9524,0.9143
745,MLP,0.9643,0.9973,0.9565,1.0,0.9412
746,MLP,0.9821,0.9517,0.9697,0.9412,1.0
747,MLP,0.9464,0.9927,0.9231,1.0,0.9211
748,MLP,0.9643,1.0,0.95,1.0,0.9459
749,MLP,0.9643,0.9984,0.9412,1.0,0.95
750,MLP,0.9464,0.9782,0.9333,1.0,0.9143
751,MLP,0.9643,0.9943,0.95,1.0,0.9459
752,MLP,0.8929,0.8891,0.8235,0.875,0.9
753,MLP,0.9286,0.9502,0.8889,0.9412,0.9231
754,MLP,0.9464,0.9592,0.9302,0.9524,0.9429
755,MLP,0.9464,0.9826,0.9362,1.0,0.9118
756,MLP,0.9643,0.9583,0.95,0.95,0.9722
757,MLP,0.9286,0.9578,0.8824,0.9375,0.925
758,MLP,0.875,0.8872,0.8772,0.8333,0.9231
759,MLP,0.9464,0.9414,0.9362,0.9167,0.9688
760,MLP,0.9286,0.9563,0.8889,0.9412,0.9231
761,MLP,0.9107,0.987,0.8571,1.0,0.878
762,MLP,0.8929,0.9332,0.8696,0.9091,0.8824
763,MLP,0.9107,0.9398,0.8485,0.9333,0.9024
764,MLP,0.9286,0.9392,0.8571,0.9231,0.9302
765,MLP,0.9464,0.9883,0.9412,1.0,0.9062
766,MLP,0.9643,0.9551,0.9524,0.9524,0.9714
767,MLP,0.9286,0.9289,0.8947,0.8947,0.9459
768,MLP,0.9286,0.9542,0.9048,0.95,0.9167
769,MLP,0.9464,0.9181,0.9231,0.9,0.9722
770,MLP,0.9464,0.9716,0.9412,0.96,0.9355
771,MLP,0.9286,0.8793,0.875,0.8235,0.9744
772,MLP,0.9643,0.9912,0.9474,1.0,0.9474
773,MLP,0.9286,0.9289,0.913,0.913,0.9394
774,MLP,0.9464,0.9524,0.9302,0.9524,0.9429
775,MLP,0.9643,0.963,0.9474,0.9474,0.973
776,MLP,0.9286,0.9583,0.9048,0.95,0.9167
777,MLP,0.9286,0.8854,0.875,0.8235,0.9744
778,MLP,0.9286,0.9278,0.9091,0.9091,0.9412
779,MLP,0.9643,0.9428,0.9231,0.9231,0.9767
780,MLP,0.9286,0.8872,0.9167,0.8462,1.0
781,MLP,0.9464,0.9167,0.9143,0.8889,0.9737
782,MLP,0.9643,0.9684,0.9565,0.9565,0.9697
783,MLP,0.9643,0.9368,0.9545,0.913,1.0
784,MLP,0.9643,0.9928,0.9286,1.0,0.9535
785,MLP,0.9286,0.8667,0.8889,0.8,1.0
786,MLP,0.9464,0.9955,0.9189,1.0,0.9231
787,MLP,0.9643,0.9893,0.9565,1.0,0.9412
788,MLP,0.9821,0.9969,0.9697,1.0,0.975
789,MLP,0.9821,0.996,0.9778,1.0,0.9706
790,MLP,0.9821,0.9953,0.9697,1.0,0.975
791,MLP,0.9286,0.9397,0.8889,0.9412,0.9231
792,MLP,0.9821,0.9948,0.9796,1.0,0.9688
793,MLP,0.9464,0.9562,0.9091,0.9375,0.95
794,MLP,0.9286,0.9502,0.8889,0.9412,0.9231
795,MLP,0.9643,0.9591,0.9444,0.9444,0.9737
796,MLP,0.9286,0.9457,0.8889,0.9412,0.9231
797,MLP,0.9821,1.0,0.9744,1.0,0.973
798,MLP,0.9821,0.9701,0.9787,0.9583,1.0
799,MLP,0.9643,0.9666,0.9545,0.9545,0.9706
800,MLP,0.9821,0.9718,0.9804,0.9615,1.0
801,MLP,0.9643,0.9905,0.9545,1.0,0.9429
802,MLP,0.9643,0.9592,0.9565,0.9565,0.9697
803,MLP,0.9464,0.9561,0.9189,0.9444,0.9474
804,MLP,0.9464,0.9642,0.9455,0.963,0.931
805,MLP,0.9821,0.9782,0.9804,0.9615,1.0
806,MLP,0.9643,0.9338,0.9231,0.9231,0.9767
807,MLP,0.9464,0.9605,0.9362,0.9565,0.9394
808,MLP,0.9643,0.9917,0.9524,1.0,0.9444
809,MLP,0.9107,0.9834,0.8718,1.0,0.8718
810,MLP,0.9107,0.9915,0.8485,1.0,0.881
811,MLP,0.9464,0.9073,0.8966,0.8667,0.9756
812,MLP,0.9107,0.9891,0.8,1.0,0.8913
813,MLP,0.9821,0.997,0.9714,1.0,0.9744
814,MLP,0.9643,0.9502,0.9412,0.9412,0.9744
815,MLP,0.9464,0.9431,0.9032,0.9333,0.9512
816,MLP,0.9643,0.9593,0.9333,0.9333,0.9756
817,MLP,0.9643,0.9599,0.9545,0.9545,0.9706
818,MLP,0.9821,0.9674,0.9787,0.9583,1.0
819,MLP,1.0,1.0,1.0,1.0,1.0
820,MLP,0.8929,0.9286,0.8125,0.9286,0.881
821,MLP,0.9643,0.9932,0.9333,1.0,0.9524
822,MLP,0.9821,0.9531,0.9677,0.9375,1.0
823,MLP,0.9643,0.9453,0.9375,0.9375,0.975
824,MLP,0.9107,0.9479,0.902,0.9583,0.875
825,MLP,0.9286,0.9375,0.9167,0.9167,0.9375
826,MLP,0.9821,0.9947,0.9778,1.0,0.9706
827,MLP,0.9821,0.9986,0.9767,1.0,0.9714
828,MLP,0.9643,0.9886,0.95,1.0,0.9459
829,MLP,0.9107,0.9004,0.8649,0.8421,0.9459
830,MLP,0.9643,0.9273,0.9091,0.9091,0.9778
831,MLP,0.9643,0.9496,0.9333,0.9333,0.9756
832,MLP,0.9286,0.9659,0.9,0.9474,0.9189
833,MLP,0.875,0.8871,0.8372,0.8571,0.8857
834,MLP,1.0,1.0,1.0,1.0,1.0
835,MLP,0.9643,0.9591,0.9444,0.9444,0.9737
836,MLP,0.9286,0.9948,0.9231,1.0,0.875
837,MLP,0.9286,0.9474,0.8947,0.9444,0.9211
838,MLP,0.9286,0.9275,0.913,0.913,0.9394
839,MLP,0.8929,0.9351,0.8421,0.9412,0.8718
840,MLP,0.9643,0.9693,0.9545,0.9545,0.9706
841,MLP,0.9107,0.95,0.8837,0.95,0.8889
842,MLP,0.9643,0.9626,0.9545,0.9545,0.9706
843,MLP,0.9464,0.9906,0.9362,1.0,0.9118
844,MLP,0.9286,0.8976,0.8947,0.8947,0.9459
845,MLP,0.9464,0.9558,0.8966,0.9286,0.9524
846,MLP,0.9464,0.9611,0.9268,0.95,0.9444
847,MLP,0.9643,0.9262,0.9545,0.913,1.0
848,MLP,0.9643,0.9639,0.95,0.95,0.9722
849,MLP,0.9821,0.996,0.9778,1.0,0.9706
850,MLP,0.9643,0.9866,0.9565,1.0,0.9412
851,MLP,0.9643,0.9681,0.95,0.95,0.9722
852,MLP,0.9821,0.9974,0.9811,1.0,0.9667
853,MLP,0.9107,0.9012,0.8889,0.8696,0.9394
854,MLP,0.9286,0.9218,0.8947,0.8947,0.9459
855,MLP,0.9643,0.9693,0.963,0.963,0.9655
856,MLP,0.9821,0.9673,0.9756,0.9524,1.0
857,MLP,0.9643,0.9969,0.9412,1.0,0.95
858,MLP,0.9464,0.9611,0.9268,0.95,0.9444
859,MLP,0.9464,0.9613,0.9412,0.96,0.9355
860,MLP,0.9643,0.9964,0.9286,1.0,0.9535
861,MLP,0.9643,0.9547,0.9444,0.9444,0.9737
862,MLP,0.9286,0.9386,0.8947,0.9444,0.9211
863,MLP,0.9821,0.9986,0.9744,1.0,0.973
864,MLP,0.9643,0.9578,0.9412,0.9412,0.9744
865,MLP,0.9464,0.898,0.9231,0.8571,1.0
866,MLP,0.9107,0.9285,0.9091,0.9259,0.8966
867,MLP,0.9821,0.9959,0.9767,1.0,0.9714
868,MLP,0.9821,0.9946,0.9767,1.0,0.9714
869,MLP,0.9821,0.9969,0.9697,1.0,0.975
870,MLP,1.0,1.0,1.0,1.0,1.0
871,MLP,0.9464,0.9547,0.9189,0.9444,0.9474
872,MLP,0.9464,0.9548,0.9143,0.9412,0.9487
873,MLP,0.9107,0.9371,0.8718,0.9444,0.8947
874,MLP,0.9464,0.9548,0.9143,0.9412,0.9487
875,MLP,0.9643,0.9918,0.9545,1.0,0.9429
876,MLP,0.9464,0.9626,0.9412,0.96,0.9355
877,MLP,0.9821,0.9986,0.9744,1.0,0.973
878,MLP,0.8929,0.831,0.8696,0.8,0.9677
879,MLP,0.8929,0.9465,0.875,0.9545,0.8529
880,MLP,0.9464,1.0,0.9268,1.0,0.9189
881,MLP,0.9286,0.9833,0.9091,1.0,0.8889
882,MLP,0.8929,0.9129,0.8636,0.9048,0.8857
883,MLP,0.9821,0.996,0.9787,1.0,0.9697
884,MLP,0.9286,0.9398,0.9091,0.9091,0.9412
885,MLP,0.875,0.8797,0.8444,0.8636,0.8824
886,MLP,0.9821,0.9949,0.9811,1.0,0.9667
887,MLP,0.8571,0.8834,0.8095,0.8947,0.8378
888,MLP,0.9821,0.9973,0.9767,1.0,0.9714
889,MLP,0.9821,0.9768,0.9796,0.96,1.0
890,MLP,0.9464,0.9898,0.9032,1.0,0.9286
891,MLP,0.9643,0.9973,0.9565,1.0,0.9412
892,MLP,0.9464,0.9958,0.9302,1.0,0.9167
893,MLP,0.9464,0.9394,0.9333,0.913,0.9697
894,MLP,0.9286,0.9652,0.913,0.9545,0.9118
895,MLP,0.9821,0.9986,0.9767,1.0,0.9714
896,MLP,0.8929,0.9018,0.85,0.8947,0.8919
897,MLP,0.9821,0.9986,0.9767,1.0,0.9714
898,MLP,0.9107,0.9251,0.8889,0.9091,0.9118
899,MLP,0.9464,0.9462,0.9412,0.9231,0.9667
900,MLP,0.9464,0.9654,0.9434,0.9615,0.9333
901,MLP,0.9286,0.9597,0.9048,0.95,0.9167
902,MLP,0.9464,0.9547,0.9189,0.9444,0.9474
903,MLP,0.9464,1.0,0.88,1.0,0.9333
904,MLP,0.9464,0.9875,0.9302,1.0,0.9167
905,MLP,0.9643,0.9587,0.9474,0.9474,0.973
906,MLP,0.9821,0.9958,0.9756,1.0,0.9722
907,MLP,0.9643,0.983,0.9333,1.0,0.9524
908,MLP,0.9286,0.9542,0.9048,0.95,0.9167
909,MLP,0.9643,0.9657,0.9565,0.9565,0.9697
910,MLP,0.9643,0.9564,0.9655,0.9333,1.0
911,MLP,0.9643,0.9605,0.9565,0.9565,0.9697
912,MLP,0.9107,0.9517,0.8649,0.9412,0.8974
913,MLP,0.9286,0.9503,0.8947,0.9444,0.9211
914,MLP,0.9464,0.992,0.9362,1.0,0.9118
915,MLP,0.9107,0.8626,0.8571,0.8333,0.9474
916,MLP,0.9821,0.9987,0.9778,1.0,0.9706
917,MLP,0.9643,0.988,0.9565,1.0,0.9412
918,MLP,0.9643,0.9639,0.9545,0.9545,0.9706
919,MLP,0.8929,0.987,0.8333,1.0,0.8537
920,MLP,0.9286,0.9208,0.9,0.9,0.9444
921,MLP,0.9643,0.9631,0.9565,0.9565,0.9697
922,MLP,0.9821,0.9972,0.9744,1.0,0.973
923,MLP,0.9821,0.991,0.9804,1.0,0.9677
924,MLP,0.9821,0.9922,0.9796,1.0,0.9688
925,MLP,0.8929,0.8298,0.7,0.7778,0.9149
926,MLP,1.0,1.0,1.0,1.0,1.0
927,MLP,0.9464,0.9958,0.9302,1.0,0.9167
928,MLP,0.9643,0.9616,0.9474,0.9474,0.973
929,MLP,0.9464,0.9532,0.9143,0.9412,0.9487
930,MLP,0.9107,0.8367,0.8649,0.7619,1.0
931,MLP,0.9643,0.9922,0.96,1.0,0.9375
932,MLP,0.9107,0.9829,0.8837,1.0,0.8649
933,MLP,0.9643,0.9866,0.9565,1.0,0.9412
934,MLP,0.9464,0.9927,0.9231,1.0,0.9211
935,MLP,1.0,1.0,1.0,1.0,1.0
936,MLP,0.9643,0.9971,0.9474,1.0,0.9474
937,MLP,0.9286,0.9573,0.9,0.9474,0.9189
938,MLP,0.9464,0.966,0.9302,0.9524,0.9429
939,MLP,0.9464,0.9565,0.9362,0.9565,0.9394
940,MLP,0.9821,0.9583,0.9744,0.95,1.0
941,MLP,0.9286,0.9403,0.9048,0.95,0.9167
942,MLP,0.9464,0.9895,0.9388,1.0,0.9091
943,MLP,0.9464,0.9545,0.9231,0.9474,0.9459
944,MLP,0.9464,0.9565,0.9302,0.9524,0.9429
945,MLP,0.9821,0.9961,0.9804,1.0,0.9677
946,MLP,0.9643,0.9306,0.9375,0.8824,1.0
947,MLP,0.9821,0.9677,0.9796,0.96,1.0
948,MLP,0.9821,0.9985,0.9714,1.0,0.9744
949,MLP,0.8929,0.9444,0.8636,0.95,0.8611
950,MLP,0.9821,0.9933,0.9778,1.0,0.9706
951,MLP,0.9286,0.9756,0.9259,0.9615,0.9
952,MLP,0.9464,0.9679,0.9333,0.9545,0.9412
953,MLP,0.875,0.9431,0.8444,0.95,0.8333
954,MLP,0.9107,0.9573,0.878,0.9474,0.8919
955,MLP,0.9821,0.9973,0.9767,1.0,0.9714
956,MLP,0.9643,0.9531,0.9474,0.9474,0.973
957,MLP,0.9643,0.9932,0.9545,1.0,0.9429
958,MLP,0.9286,0.9371,0.8667,0.9286,0.9286
959,MLP,0.9464,0.9631,0.9362,0.9565,0.9394
960,MLP,0.9464,0.9336,0.9362,0.9167,0.9688
961,MLP,0.9464,0.9623,0.9143,0.9412,0.9487
962,MLP,0.9286,0.9528,0.9048,0.95,0.9167
963,MLP,0.9821,0.9974,0.9796,1.0,0.9688
964,MLP,1.0,1.0,1.0,1.0,1.0
965,MLP,0.9286,0.9864,0.913,1.0,0.8857
966,MLP,0.9821,0.9985,0.973,1.0,0.9737
967,MLP,0.9464,0.9915,0.9268,1.0,0.9189
968,MLP,0.9107,0.9153,0.878,0.9,0.9167
969,MLP,0.9107,0.8827,0.8276,0.8571,0.9286
970,MLP,0.9107,0.9078,0.8889,0.9091,0.9118
971,MLP,0.9464,0.9953,0.9143,1.0,0.925
972,MLP,0.9107,0.8906,0.8485,0.875,0.925
973,MLP,0.9464,0.9616,0.9231,0.9474,0.9459
974,MLP,0.9464,0.9915,0.9268,1.0,0.9189
975,MLP,0.9821,0.9955,0.9714,1.0,0.9744
976,MLP,0.9464,0.996,0.9388,1.0,0.9091
977,MLP,0.8929,0.9278,0.8571,0.9,0.8889
978,MLP,0.9643,0.9911,0.9286,1.0,0.9535
979,MLP,0.9643,0.9317,0.9444,0.8947,1.0
980,MLP,0.9643,0.9745,0.9643,0.9643,0.9643
981,MLP,0.9107,0.9318,0.8936,0.9545,0.8824
982,MLP,0.9821,0.9987,0.9796,1.0,0.9688
983,MLP,0.9107,0.9492,0.902,0.9583,0.875
984,MLP,0.8929,0.8567,0.8235,0.7778,0.9474
985,MLP,0.9464,0.9189,0.9189,0.8947,0.973
986,MLP,0.8929,0.8453,0.8125,0.8125,0.925
987,MLP,0.9643,1.0,0.9412,1.0,0.95
988,MLP,0.9286,0.9879,0.8947,1.0,0.8974
989,MLP,0.8929,0.8778,0.85,0.85,0.9167
990,MLP,0.9643,0.9844,0.95,1.0,0.9459
991,MLP,0.9286,0.9578,0.9091,0.9524,0.9143
992,MLP,0.8929,0.8791,0.85,0.8947,0.8919
993,MLP,0.9643,0.9358,0.9524,0.9091,1.0
994,MLP,0.9107,0.8791,0.8649,0.8421,0.9459
995,MLP,0.9643,0.9238,0.95,0.9048,1.0
996,MLP,1.0,1.0,1.0,1.0,1.0
997,MLP,0.9286,0.9171,0.875,0.9333,0.9268
998,MLP,0.9821,0.9972,0.9744,1.0,0.973
999,MLP,0.9286,0.9896,0.9231,1.0,0.875
1000,MLP,0.9464,0.9503,0.9189,0.9444,0.9474
1,MobileNet,0.9821,0.987,0.9796,1.0,0.9688
2,MobileNet,0.9643,0.9666,0.9545,0.9545,0.9706
3,MobileNet,0.9821,0.9576,0.9714,0.9444,1.0
4,MobileNet,0.8929,0.7311,0.7273,0.6667,0.9545
5,MobileNet,0.9464,0.9502,0.9143,0.9412,0.9487
6,MobileNet,0.9464,0.9659,0.9231,0.9474,0.9459
7,MobileNet,0.9643,0.9489,0.9643,0.931,1.0
8,MobileNet,0.9464,0.9815,0.9268,1.0,0.9189
9,MobileNet,0.9464,0.9271,0.9362,0.9167,0.9688
10,MobileNet,0.9643,0.9895,0.9583,1.0,0.9394
11,MobileNet,0.9107,0.9293,0.8889,0.9524,0.8857
12,MobileNet,0.9821,0.9659,0.973,0.9474,1.0
13,MobileNet,0.9643,0.9548,0.9412,0.9412,0.9744
14,MobileNet,0.9464,0.9673,0.9302,0.9524,0.9429
15,MobileNet,0.9107,0.9306,0.8649,0.9412,0.8974
16,MobileNet,0.9643,0.9472,0.9412,0.9412,0.9744
17,MobileNet,0.9643,0.9619,0.9524,0.9524,0.9714
18,MobileNet,0.9821,0.997,0.9714,1.0,0.9744
19,MobileNet,0.9107,0.9125,0.878,0.9,0.9167
20,MobileNet,0.9464,0.9196,0.9333,0.913,0.9697
21,MobileNet,0.9107,0.9488,0.878,0.9474,0.8919
22,MobileNet,0.8929,0.872,0.8421,0.8421,0.9189
23,MobileNet,0.9286,0.9213,0.9333,0.9032,0.96
24,MobileNet,0.9643,0.9432,0.9583,0.92,1.0
25,MobileNet,0.9464,0.9505,0.9333,0.9545,0.9412
26,MobileNet,0.9821,0.9929,0.9744,1.0,0.973
27,MobileNet,0.9107,0.9407,0.898,0.9565,0.8788
28,MobileNet,0.9286,0.8898,0.9,0.8571,0.9714
29,MobileNet,0.9107,0.8976,0.8718,0.8947,0.9189
30,MobileNet,0.9821,0.9716,0.9796,0.96,1.0
31,MobileNet,0.9464,0.9484,0.9412,0.96,0.9355
32,MobileNet,0.9286,0.9167,0.8462,0.9167,0.9318
33,MobileNet,1.0,1.0,1.0,1.0,1.0
34,MobileNet,0.9464,0.942,0.9333,0.913,0.9697
35,MobileNet,0.9464,0.9276,0.9091,0.8824,0.9744
36,MobileNet,0.9464,0.9474,0.9231,0.9474,0.9459
37,MobileNet,0.9107,0.8709,0.8889,0.8696,0.9394
38,MobileNet,0.9464,0.9744,0.9434,0.9615,0.9333
39,MobileNet,0.9286,0.9659,0.9,0.9474,0.9189
40,MobileNet,0.9107,0.9492,0.902,0.9583,0.875
41,MobileNet,0.9107,0.8395,0.8718,0.8095,0.9714
42,MobileNet,0.9286,0.9125,0.9,0.9,0.9444
43,MobileNet,0.9464,0.9328,0.9091,0.9375,0.95
44,MobileNet,0.9286,0.9903,0.9091,1.0,0.8889
45,MobileNet,0.9821,0.9984,0.9697,1.0,0.975
46,MobileNet,0.9643,0.9701,0.9545,1.0,0.9429
47,MobileNet,0.9107,0.9061,0.8837,0.9048,0.9143
48,MobileNet,0.9286,0.9006,0.8889,0.8889,0.9474
49,MobileNet,0.9464,0.9919,0.9091,1.0,0.9268
50,MobileNet,0.8929,0.8694,0.8571,0.8571,0.9143
51,MobileNet,0.9464,0.9531,0.9388,0.9583,0.9375
52,MobileNet,0.9821,0.9985,0.973,1.0,0.9737
53,MobileNet,0.9821,0.9878,0.9767,1.0,0.9714
54,MobileNet,0.9821,0.9599,0.9767,0.9545,1.0
55,MobileNet,0.9464,0.9652,0.9434,1.0,0.9032
56,MobileNet,1.0,1.0,1.0,1.0,1.0
57,MobileNet,0.9464,0.9656,0.9143,1.0,0.925
58,MobileNet,0.9643,0.9551,0.9524,0.9524,0.9714
59,MobileNet,0.9464,0.9622,0.9388,0.9583,0.9375
60,MobileNet,0.9464,0.9423,0.9492,0.9333,0.9615
61,MobileNet,0.9286,0.9362,0.9167,0.9167,0.9375
62,MobileNet,0.9821,0.9918,0.9767,1.0,0.9714
63,MobileNet,0.9821,0.9605,0.9714,0.9444,1.0
64,MobileNet,0.9643,0.9611,0.95,0.95,0.9722
65,MobileNet,0.8929,0.859,0.8696,0.8696,0.9091
66,MobileNet,1.0,1.0,1.0,1.0,1.0
67,MobileNet,0.9286,0.9211,0.9091,0.9524,0.9143
68,MobileNet,0.9286,0.9813,0.9167,1.0,0.8824
69,MobileNet,0.9286,0.9265,0.9048,0.9048,0.9429
70,MobileNet,0.9107,0.9132,0.878,0.9474,0.8919
71,MobileNet,0.9286,0.8567,0.8824,0.8333,0.9737
72,MobileNet,0.9643,0.9661,0.9583,0.9583,0.9688
73,MobileNet,0.9643,0.9951,0.9375,1.0,0.9512
74,MobileNet,0.9643,0.9935,0.9375,1.0,0.9512
75,MobileNet,0.8929,0.9297,0.88,0.9167,0.875
76,MobileNet,1.0,1.0,1.0,1.0,1.0
77,MobileNet,0.9643,0.9486,0.9565,0.9565,0.9697
78,MobileNet,0.9286,0.9652,0.913,0.9545,0.9118
79,MobileNet,0.9643,0.9714,0.96,1.0,0.9375
80,MobileNet,0.9286,0.9429,0.9091,0.9524,0.9143
81,MobileNet,0.9464,0.9542,0.9268,0.95,0.9444
82,MobileNet,0.9286,0.9609,0.92,0.9583,0.9062
83,MobileNet,0.9286,0.9513,0.9167,0.9565,0.9091
84,MobileNet,0.9464,0.9333,0.9268,0.95,0.9444
85,MobileNet,0.9643,0.9381,0.9583,0.92,1.0
86,MobileNet,0.9107,0.9386,0.8718,0.9444,0.8947
87,MobileNet,0.9643,0.9125,0.9375,0.8824,1.0
88,MobileNet,0.8929,0.8914,0.8333,0.8824,0.8974
89,MobileNet,0.9643,0.9517,0.9412,0.9412,0.9744
90,MobileNet,0.9464,0.8857,0.9231,0.8571,1.0
91,MobileNet,0.9821,0.9944,0.9756,1.0,0.9722
92,MobileNet,0.9643,0.95,0.9375,0.9375,0.975
93,MobileNet,0.9643,0.9759,0.9565,1.0,0.9412
94,MobileNet,0.9643,0.9552,0.9565,0.9565,0.9697
95,MobileNet,0.9286,0.9198,0.9091,0.9091,0.9412
96,MobileNet,0.9286,0.9219,0.8824,0.9375,0.925
97,MobileNet,1.0,1.0,1.0,1.0,1.0
98,MobileNet,0.9464,0.9415,0.9189,0.9444,0.9474
99,MobileNet,0.9107,0.8797,0.8837,0.8636,0.9412
100,MobileNet,0.9107,0.9347,0.8837,0.95,0.8889
101,MobileNet,0.9643,0.9875,0.9524,1.0,0.9444
102,MobileNet,0.9821,0.974,0.9787,0.9583,1.0
103,MobileNet,0.9821,0.987,0.9796,1.0,0.9688
104,MobileNet,0.8929,0.8875,0.8235,0.875,0.9
105,MobileNet,0.9286,0.9141,0.9167,0.9167,0.9375
106,MobileNet,0.9464,0.9147,0.9189,0.8947,0.973
107,MobileNet,1.0,1.0,1.0,1.0,1.0
108,MobileNet,0.9643,0.9535,0.96,0.96,0.9677
109,MobileNet,0.9107,0.7973,0.7826,0.75,0.9545
110,MobileNet,0.9643,0.9858,0.95,1.0,0.9459
111,MobileNet,0.9643,0.9972,0.95,1.0,0.9459
112,MobileNet,0.9464,0.9374,0.9231,0.9474,0.9459
113,MobileNet,0.9821,0.9987,0.9804,1.0,0.9677
114,MobileNet,0.9821,0.9745,0.9818,0.9643,1.0
115,MobileNet,0.9643,0.9635,0.9583,0.9583,0.9688
116,MobileNet,0.9286,0.9486,0.9048,0.95,0.9167
117,MobileNet,0.9821,0.966,0.9756,0.9524,1.0
118,MobileNet,0.8929,0.9097,0.8571,0.9,0.8889
119,MobileNet,0.9821,0.9985,0.973,1.0,0.9737
120,MobileNet,0.9643,0.9591,0.9444,0.9444,0.9737
121,MobileNet,0.9643,0.9572,0.9545,0.9545,0.9706
122,MobileNet,0.9821,0.9687,0.9756,0.9524,1.0
123,MobileNet,0.9107,0.8917,0.8837,0.8636,0.9412
124,MobileNet,0.9464,0.9181,0.9143,0.8889,0.9737
125,MobileNet,0.9107,0.9329,0.9057,0.96,0.871
126,MobileNet,0.9286,0.9388,0.9091,0.9524,0.9143
127,MobileNet,0.9643,0.9479,0.9565,0.9167,1.0
128,MobileNet,0.9464,0.9492,0.9333,0.9545,0.9412
129,MobileNet,0.9643,0.9064,0.9412,0.8889,1.0
130,MobileNet,0.9464,0.9516,0.9231,0.9474,0.9459
131,MobileNet,0.9286,0.9306,0.9,0.9,0.9444
132,MobileNet,0.9286,0.9236,0.913,0.913,0.9394
133,MobileNet,0.9643,0.9879,0.9444,1.0,0.9487
134,MobileNet,0.9286,0.9433,0.9167,0.9565,0.9091
135,MobileNet,0.9643,0.9844,0.96,1.0,0.9375
136,MobileNet,0.9643,0.9152,0.9412,0.8889,1.0
137,MobileNet,0.9643,0.9472,0.9412,0.9412,0.9744
138,MobileNet,0.9643,0.9969,0.9412,1.0,0.95
139,MobileNet,0.9107,0.9486,0.8889,1.0,0.8611
140,MobileNet,0.8929,0.8776,0.8571,0.8571,0.9143
141,MobileNet,0.9643,0.9472,0.9412,0.9412,0.9744
142,MobileNet,0.9464,0.8674,0.8696,0.8333,0.9773
143,MobileNet,0.9464,0.9453,0.9362,0.9167,0.9688
144,MobileNet,0.9286,0.9266,0.8824,0.9375,0.925
145,MobileNet,0.9464,0.981,0.9231,1.0,0.9211
146,MobileNet,0.9464,0.9375,0.9091,0.9375,0.95
147,MobileNet,0.875,0.8919,0.8293,0.8947,0.8649
148,MobileNet,0.9286,0.8884,0.8824,0.8824,0.9487
149,MobileNet,0.8929,0.8538,0.8333,0.8333,0.9211
150,MobileNet,0.875,0.8875,0.8,0.875,0.875
151,MobileNet,0.8929,0.893,0.8696,0.9091,0.8824
152,MobileNet,0.9643,0.9868,0.9583,1.0,0.9394
153,MobileNet,0.9286,0.9437,0.8824,0.9375,0.925
154,MobileNet,0.8929,0.8498,0.8636,0.8261,0.9394
155,MobileNet,1.0,1.0,1.0,1.0,1.0
156,MobileNet,0.9821,0.9623,0.9697,0.9412,1.0
157,MobileNet,0.9286,0.9488,0.9048,1.0,0.8919
158,MobileNet,0.9286,0.9374,0.9,0.9474,0.9189
159,MobileNet,0.9821,0.9879,0.9714,1.0,0.9744
160,MobileNet,0.9464,0.9556,0.9268,0.95,0.9444
161,MobileNet,0.9464,0.9619,0.9302,0.9524,0.9429
162,MobileNet,0.9821,0.9881,0.9655,1.0,0.9762
163,MobileNet,1.0,1.0,1.0,1.0,1.0
164,MobileNet,0.9643,0.9864,0.9545,1.0,0.9429
165,MobileNet,0.875,0.8517,0.8372,0.8571,0.8857
166,MobileNet,0.9643,0.9593,0.9412,0.9412,0.9744
167,MobileNet,0.9286,0.8748,0.8462,0.8462,0.9535
168,MobileNet,0.9643,0.9447,0.9545,0.913,1.0
169,MobileNet,0.9107,0.9431,0.8837,0.95,0.8889
170,MobileNet,0.9107,0.8081,0.8148,0.7333,0.9756
171,MobileNet,0.9107,0.9306,0.8837,0.95,0.8889
172,MobileNet,0.9464,0.9688,0.9412,1.0,0.9062
173,MobileNet,0.9643,0.9503,0.9444,0.9444,0.9737
174,MobileNet,0.9464,0.9429,0.9268,0.9048,0.9714
175,MobileNet,0.9286,0.975,0.9091,1.0,0.8889
176,MobileNet,0.9643,0.9596,0.9583,0.9583,0.9688
177,MobileNet,0.8929,0.9285,0.8235,0.9333,0.878
178,MobileNet,0.9643,0.9232,0.9444,0.8947,1.0
179,MobileNet,0.9821,0.9684,0.9778,0.9565,1.0
180,MobileNet,0.9643,0.9609,0.9375,0.9375,0.975
181,MobileNet,0.9643,0.9639,0.95,0.95,0.9722
182,MobileNet,0.9286,0.9401,0.92,0.9583,0.9062
183,MobileNet,0.9643,0.9618,0.9565,0.9565,0.9697
184,MobileNet,1.0,1.0,1.0,1.0,1.0
185,MobileNet,0.9464,0.9474,0.9189,0.9444,0.9474
186,MobileNet,0.9643,0.9947,0.9565,1.0,0.9412
187,MobileNet,0.9286,0.9528,0.9048,0.95,0.9167
188,MobileNet,0.9643,0.9516,0.9474,0.9474,0.973
189,MobileNet,0.9643,0.9592,0.9524,0.9524,0.9714
190,MobileNet,0.9286,0.9071,0.92,0.92,0.9355
191,MobileNet,0.9821,0.9974,0.9811,1.0,0.9667
192,MobileNet,0.9464,0.9787,0.9268,1.0,0.9189
193,MobileNet,0.9643,0.9436,0.96,0.9231,1.0
194,MobileNet,0.9643,0.9557,0.9583,0.9583,0.9688
195,MobileNet,0.9464,0.9513,0.9362,0.9565,0.9394
196,MobileNet,0.9464,0.931,0.9474,0.931,0.963
197,MobileNet,0.9643,0.9813,0.9333,1.0,0.9524
198,MobileNet,0.8929,0.9291,0.8696,0.9091,0.8824
199,MobileNet,0.9464,0.9804,0.9189,1.0,0.9231
200,MobileNet,0.9643,0.9902,0.9375,1.0,0.9512
201,MobileNet,0.9464,0.9479,0.9333,0.9545,0.9412
202,MobileNet,0.9286,0.8634,0.8889,0.8421,0.973
203,MobileNet,0.9107,0.9275,0.878,0.9474,0.8919
204,MobileNet,0.9821,0.9918,0.9767,1.0,0.9714
205,MobileNet,0.9464,0.9891,0.9333,1.0,0.9143
206,MobileNet,0.9107,0.9347,0.8837,0.95,0.8889
207,MobileNet,0.9464,0.9302,0.9333,0.913,0.9697
208,MobileNet,0.9286,0.9181,0.8889,0.8889,0.9474
209,MobileNet,0.9821,0.9886,0.9677,1.0,0.9756
210,MobileNet,0.875,0.8375,0.8205,0.8,0.9167
211,MobileNet,0.8929,0.8784,0.7857,0.8462,0.907
212,MobileNet,0.9286,0.9706,0.9333,0.9655,0.8889
213,MobileNet,0.9286,0.9417,0.9,0.9474,0.9189
214,MobileNet,0.9643,0.9898,0.9333,1.0,0.9524
215,MobileNet,0.9286,0.9156,0.9048,0.9048,0.9429
216,MobileNet,0.9286,0.9211,0.9048,0.9048,0.9429
217,MobileNet,0.9107,0.9344,0.8571,0.9375,0.9
218,MobileNet,0.9643,0.985,0.9545,1.0,0.9429
219,MobileNet,0.9286,0.892,0.9091,0.8696,0.9697
220,MobileNet,1.0,1.0,1.0,1.0,1.0
221,MobileNet,0.9464,0.8316,0.88,0.7857,1.0
222,MobileNet,0.9821,0.9591,0.9714,0.9444,1.0
223,MobileNet,0.9643,0.9819,0.9524,1.0,0.9444
224,MobileNet,0.9821,0.9635,0.9787,0.9583,1.0
225,MobileNet,0.8929,0.8783,0.8636,0.8636,0.9118
226,MobileNet,0.9464,0.9868,0.9231,1.0,0.9211
227,MobileNet,0.9464,0.9375,0.9362,0.9167,0.9688
228,MobileNet,0.9464,0.9429,0.9302,0.9524,0.9429
229,MobileNet,0.9464,0.925,0.9231,0.9,0.9722
230,MobileNet,0.9643,0.9327,0.9412,0.8889,1.0
231,MobileNet,0.9107,0.9397,0.8649,0.9412,0.8974
232,MobileNet,0.9643,0.9705,0.9615,0.9615,0.9667
233,MobileNet,0.9464,0.9412,0.9333,0.9545,0.9412
234,MobileNet,0.9821,0.9879,0.9714,1.0,0.9744
235,MobileNet,0.9464,0.9516,0.9231,0.9474,0.9459
236,MobileNet,0.8929,0.8837,0.8636,0.8636,0.9118
237,MobileNet,0.9464,0.9787,0.9268,1.0,0.9189
238,MobileNet,0.9464,0.9893,0.9362,1.0,0.9118
239,MobileNet,0.8929,0.8834,0.85,0.8947,0.8919
240,MobileNet,0.9286,0.9518,0.8947,0.9444,0.9211
241,MobileNet,0.9464,0.9042,0.9189,0.85,1.0
242,MobileNet,0.9643,0.9875,0.9524,1.0,0.9444
243,MobileNet,0.9643,0.9953,0.9412,1.0,0.95
244,MobileNet,0.9643,0.9337,0.9286,0.9286,0.9762
245,MobileNet,0.9643,0.9829,0.9583,1.0,0.9394
246,MobileNet,0.9821,0.9854,0.973,1.0,0.9737
247,MobileNet,0.9464,0.9813,0.9032,1.0,0.9286
248,MobileNet,0.9286,0.9375,0.8824,0.9375,0.925
249,MobileNet,0.9286,0.9069,0.9,0.9,0.9444
250,MobileNet,0.8929,0.9231,0.8889,0.9231,0.8667
251,MobileNet,0.9643,0.9535,0.96,0.96,0.9677
252,MobileNet,0.9643,0.9516,0.9375,0.9375,0.975
253,MobileNet,0.9286,0.9125,0.9,0.9,0.9444
254,MobileNet,0.8929,0.8912,0.8,0.8571,0.9048
255,MobileNet,1.0,1.0,1.0,1.0,1.0
256,MobileNet,0.9643,0.9557,0.9583,0.9583,0.9688
257,MobileNet,0.9107,0.9678,0.8276,1.0,0.8864
258,MobileNet,0.9464,0.975,0.9302,1.0,0.9167
259,MobileNet,0.9464,0.9264,0.9231,0.9,0.9722
260,MobileNet,0.9286,0.909,0.8947,0.8947,0.9459
261,MobileNet,0.9821,0.9974,0.9836,1.0,0.9615
262,MobileNet,0.9286,0.9819,0.8947,1.0,0.8974
263,MobileNet,0.9821,0.9884,0.9804,1.0,0.9677
264,MobileNet,0.8929,0.8734,0.8421,0.8421,0.9189
265,MobileNet,0.9107,0.8984,0.8936,0.875,0.9375
266,MobileNet,0.9464,0.9344,0.9091,0.9375,0.95
267,MobileNet,0.9643,0.9488,0.9444,0.9444,0.9737
268,MobileNet,0.9286,0.9242,0.8462,0.9167,0.9318
269,MobileNet,0.9464,0.9236,0.9333,0.913,0.9697
270,MobileNet,0.9464,0.9772,0.9091,1.0,0.9268
271,MobileNet,0.9464,0.9361,0.9474,0.931,0.963
272,MobileNet,0.9464,0.8984,0.9032,0.875,0.975
273,MobileNet,0.9464,0.917,0.9268,0.9048,0.9714
274,MobileNet,0.9464,0.9583,0.9388,0.9583,0.9375
275,MobileNet,0.9107,0.9374,0.8889,0.9524,0.8857
276,MobileNet,0.9464,0.9382,0.9143,0.9412,0.9487
277,MobileNet,0.9821,0.9758,0.9818,0.9643,1.0
278,MobileNet,0.9821,1.0,0.9836,1.0,0.9615
279,MobileNet,0.9107,0.9401,0.8718,0.9444,0.8947
280,MobileNet,0.9464,0.9347,0.9268,0.95,0.9444
281,MobileNet,0.8929,0.9128,0.88,0.9167,0.875
282,MobileNet,0.9643,0.96,0.96,0.96,0.9677
283,MobileNet,0.9286,0.9842,0.92,1.0,0.8788
284,MobileNet,0.9286,0.9282,0.9231,0.9231,0.9333
285,MobileNet,0.9821,0.9886,0.9744,1.0,0.973
286,MobileNet,0.9464,0.9361,0.9302,0.9524,0.9429
287,MobileNet,0.9107,0.9116,0.8837,0.9048,0.9143
288,MobileNet,0.9821,1.0,0.973,1.0,0.9737
289,MobileNet,0.9821,0.9597,0.9744,0.95,1.0
290,MobileNet,0.9464,0.9917,0.9302,1.0,0.9167
291,MobileNet,0.9643,0.9875,0.9286,1.0,0.9535
292,MobileNet,0.9464,0.9442,0.9143,0.9412,0.9487
293,MobileNet,0.9643,0.9769,0.9545,1.0,0.9429
294,MobileNet,0.8929,0.886,0.8421,0.8889,0.8947
295,MobileNet,0.9107,0.9431,0.878,0.9474,0.8919
296,MobileNet,0.9464,0.9458,0.9388,0.92,0.9677
297,MobileNet,0.9821,0.9597,0.9744,0.95,1.0
298,MobileNet,0.9286,0.9728,0.913,1.0,0.8857
299,MobileNet,0.9107,0.9458,0.9057,0.96,0.871
300,MobileNet,0.9464,0.9859,0.9143,1.0,0.925
301,MobileNet,0.8929,0.877,0.8696,0.9091,0.8824
302,MobileNet,0.9643,0.9799,0.9565,1.0,0.9412
303,MobileNet,0.9286,0.9056,0.9,0.9,0.9444
304,MobileNet,0.9821,0.9894,0.9714,1.0,0.9744
305,MobileNet,0.9107,0.9372,0.8936,0.9545,0.8824
306,MobileNet,0.9821,0.9667,0.9744,0.95,1.0
307,MobileNet,0.9643,0.9497,0.9524,0.9524,0.9714
308,MobileNet,0.9821,1.0,0.973,1.0,0.9737
309,MobileNet,0.9464,0.9183,0.9333,0.913,0.9697
310,MobileNet,0.9464,0.9397,0.9143,0.9412,0.9487
311,MobileNet,0.8929,0.9279,0.8696,0.9524,0.8571
312,MobileNet,0.9464,0.9875,0.8966,1.0,0.9302
313,MobileNet,1.0,1.0,1.0,1.0,1.0
314,MobileNet,0.9821,0.9693,0.9767,0.9545,1.0
315,MobileNet,0.9821,0.9528,0.9655,0.9333,1.0
316,MobileNet,0.9286,0.951,0.9091,0.9524,0.9143
317,MobileNet,0.9464,0.9431,0.9032,0.9333,0.9512
318,MobileNet,0.9464,0.9109,0.9032,0.875,0.975
319,MobileNet,0.9643,0.9973,0.9565,1.0,0.9412
320,MobileNet,1.0,1.0,1.0,1.0,1.0
321,MobileNet,0.9464,0.9252,0.9388,0.92,0.9677
322,MobileNet,1.0,1.0,1.0,1.0,1.0
323,MobileNet,0.9643,0.9437,0.9375,0.9375,0.975
324,MobileNet,0.9643,0.9618,0.9565,0.9565,0.9697
325,MobileNet,0.9643,0.9813,0.9333,1.0,0.9524
326,MobileNet,0.9821,0.9987,0.9778,1.0,0.9706
327,MobileNet,0.875,0.8933,0.8205,0.8889,0.8684
328,MobileNet,0.9464,0.9514,0.9268,0.95,0.9444
329,MobileNet,0.9464,0.9431,0.9268,0.95,0.9444
330,MobileNet,0.9643,0.9883,0.9474,1.0,0.9474
331,MobileNet,0.8929,0.8947,0.8421,0.8889,0.8947
332,MobileNet,0.9107,0.9714,0.8387,1.0,0.8837
333,MobileNet,0.9286,0.9545,0.913,0.9545,0.9118
334,MobileNet,0.9643,0.9349,0.9565,0.9167,1.0
335,MobileNet,0.9821,0.9608,0.9697,0.9412,1.0
336,MobileNet,0.9643,0.9489,0.9643,0.931,1.0
337,MobileNet,0.9286,0.8736,0.8947,0.85,0.9722
338,MobileNet,0.9464,0.9545,0.9032,0.9333,0.9512
339,MobileNet,0.9821,0.9986,0.9767,1.0,0.9714
340,MobileNet,0.9286,0.9875,0.8667,1.0,0.907
341,MobileNet,0.9286,0.9125,0.8824,0.8824,0.9487
342,MobileNet,0.9286,0.9413,0.931,1.0,0.8621
343,MobileNet,0.9286,0.9111,0.8333,0.9091,0.9333
344,MobileNet,0.8929,0.9012,0.8696,0.8696,0.9091
345,MobileNet,0.875,0.8094,0.7586,0.6875,0.95
346,MobileNet,0.9643,0.9444,0.9444,0.9444,0.9737
347,MobileNet,0.9286,0.8984,0.875,0.875,0.95
348,MobileNet,0.9464,0.9844,0.9143,1.0,0.925
349,MobileNet,0.9286,0.9442,0.9091,0.9524,0.9143
350,MobileNet,0.9107,0.8721,0.878,0.8571,0.9429
351,MobileNet,0.9286,0.9403,0.9048,0.95,0.9167
352,MobileNet,0.9286,0.9275,0.9,0.9474,0.9189
353,MobileNet,0.9286,0.8605,0.8462,0.8462,0.9535
354,MobileNet,0.9643,0.9938,0.9412,1.0,0.95
355,MobileNet,0.875,0.9078,0.8108,0.9375,0.85
356,MobileNet,0.9107,0.8816,0.878,0.8571,0.9429
357,MobileNet,0.9464,0.9489,0.9455,0.963,0.931
358,MobileNet,0.9643,0.9833,0.9524,1.0,0.9444
359,MobileNet,0.9464,0.8969,0.9032,0.875,0.975
360,MobileNet,0.9286,0.9609,0.92,0.9583,0.9062
361,MobileNet,1.0,1.0,1.0,1.0,1.0
362,MobileNet,0.9286,0.9333,0.875,0.9333,0.9268
363,MobileNet,0.9821,1.0,0.9714,1.0,0.9744
364,MobileNet,1.0,1.0,1.0,1.0,1.0
365,MobileNet,0.9286,0.9649,0.9,1.0,0.8947
366,MobileNet,0.9464,0.9459,0.9189,0.9444,0.9474
367,MobileNet,0.9464,0.9796,0.9333,1.0,0.9143
368,MobileNet,0.9821,0.9893,0.9778,1.0,0.9706
369,MobileNet,0.9643,0.9203,0.9444,0.8947,1.0
370,MobileNet,0.9643,0.9599,0.9545,0.9545,0.9706
371,MobileNet,0.9107,0.918,0.898,0.9167,0.9062
372,MobileNet,0.9643,0.9337,0.9286,0.9286,0.9762
373,MobileNet,0.9286,0.8862,0.8947,0.8947,0.9459
374,MobileNet,0.875,0.9131,0.8571,0.9545,0.8235
375,MobileNet,0.875,0.864,0.8205,0.8889,0.8684
376,MobileNet,0.9464,0.9332,0.9302,0.9091,0.9706
377,MobileNet,0.9286,0.9756,0.8824,1.0,0.9024
378,MobileNet,0.9464,0.9459,0.9189,0.9444,0.9474
379,MobileNet,0.9643,1.0,0.9412,1.0,0.95
380,MobileNet,0.9464,0.931,0.9434,0.9259,0.9655
381,MobileNet,0.9107,0.8999,0.8936,0.913,0.9091
382,MobileNet,0.9643,0.9537,0.9524,0.9524,0.9714
383,MobileNet,0.9643,1.0,0.95,1.0,0.9459
384,MobileNet,0.9643,0.9883,0.9474,1.0,0.9474
385,MobileNet,0.9643,0.9539,0.9565,0.9565,0.9697
386,MobileNet,0.9464,0.9693,0.9362,1.0,0.9118
387,MobileNet,0.9643,0.9893,0.9565,1.0,0.9412
388,MobileNet,0.9464,0.9341,0.9333,0.913,0.9697
389,MobileNet,0.9643,0.9878,0.9545,1.0,0.9429
390,MobileNet,1.0,1.0,1.0,1.0,1.0
391,MobileNet,0.9107,0.8625,0.8387,0.8125,0.95
392,MobileNet,0.9464,0.9796,0.9333,1.0,0.9143
393,MobileNet,0.9821,0.985,0.9767,1.0,0.9714
394,MobileNet,0.9643,0.9943,0.95,1.0,0.9459
395,MobileNet,0.9464,0.9783,0.9474,1.0,0.8966
396,MobileNet,0.9464,0.9206,0.9362,0.9167,0.9688
397,MobileNet,0.9107,0.8787,0.8571,0.8333,0.9474
398,MobileNet,0.9286,0.8788,0.9091,0.8696,0.9697
399,MobileNet,0.9464,0.9842,0.9388,1.0,0.9091
400,MobileNet,0.9464,0.9557,0.9388,0.9583,0.9375
401,MobileNet,0.9464,0.9445,0.9412,0.96,0.9355
402,MobileNet,0.9286,0.9366,0.875,0.9333,0.9268
403,MobileNet,0.9643,0.9566,0.9643,0.931,1.0
404,MobileNet,1.0,1.0,1.0,1.0,1.0
405,MobileNet,0.8929,0.8667,0.85,0.85,0.9167
406,MobileNet,0.8929,0.8453,0.8125,0.8125,0.925
407,MobileNet,0.9464,0.9915,0.9032,1.0,0.9286
408,MobileNet,0.9107,0.9129,0.8837,0.9048,0.9143
409,MobileNet,0.9286,0.9488,0.9,0.9474,0.9189
410,MobileNet,0.9286,0.8806,0.8947,0.85,0.9722
411,MobileNet,0.9107,0.9673,0.8936,1.0,0.8571
412,MobileNet,0.9643,0.9561,0.9677,0.9677,0.96
413,MobileNet,0.9643,0.9922,0.9412,1.0,0.95
414,MobileNet,0.9643,0.9556,0.95,0.95,0.9722
415,MobileNet,0.9286,0.8972,0.9,0.9,0.9444
416,MobileNet,0.9643,0.9897,0.963,1.0,0.9333
417,MobileNet,0.875,0.9459,0.8293,0.9444,0.8421
418,MobileNet,0.9464,0.9617,0.9474,0.9643,0.9286
419,MobileNet,1.0,1.0,1.0,1.0,1.0
420,MobileNet,0.9821,0.9969,0.9697,1.0,0.975
421,MobileNet,0.9643,0.9942,0.9474,1.0,0.9474
422,MobileNet,0.9643,0.9576,0.9444,0.9444,0.9737
423,MobileNet,0.9643,0.9878,0.9545,1.0,0.9429
424,MobileNet,0.9286,0.9359,0.8824,0.9375,0.925
425,MobileNet,0.9464,0.9265,0.9268,0.9048,0.9714
426,MobileNet,0.9643,0.9967,0.9375,1.0,0.9512
427,MobileNet,1.0,1.0,1.0,1.0,1.0
428,MobileNet,0.9286,0.9484,0.92,0.92,0.9355
429,MobileNet,0.9464,0.9927,0.9231,1.0,0.9211
430,MobileNet,0.9464,0.9875,0.9302,1.0,0.9167
431,MobileNet,0.9821,0.9886,0.9744,1.0,0.973
432,MobileNet,0.9821,0.9716,0.9796,0.96,1.0
433,MobileNet,0.9286,0.867,0.8824,0.8333,0.9737
434,MobileNet,0.9643,0.9385,0.9524,0.9091,1.0
435,MobileNet,1.0,1.0,1.0,1.0,1.0
436,MobileNet,0.9643,0.9245,0.9565,0.9167,1.0
437,MobileNet,0.9107,0.9209,0.8936,0.913,0.9091
438,MobileNet,0.8929,0.8306,0.8421,0.8,0.9444
439,MobileNet,0.9286,0.9474,0.8947,0.9444,0.9211
440,MobileNet,0.9643,0.9502,0.9412,0.9412,0.9744
441,MobileNet,0.8929,0.8246,0.8235,0.7778,0.9474
442,MobileNet,0.9464,0.9545,0.9231,0.9474,0.9459
443,MobileNet,0.9643,0.9895,0.9583,1.0,0.9394
444,MobileNet,0.875,0.845,0.8205,0.8421,0.8919
445,MobileNet,0.9107,0.9194,0.8837,0.95,0.8889
446,MobileNet,0.9107,0.9519,0.8936,0.9545,0.8824
447,MobileNet,0.9643,0.9587,0.9474,0.9474,0.973
448,MobileNet,0.8929,0.8775,0.8696,0.8696,0.9091
449,MobileNet,0.9464,0.9599,0.9333,0.9545,0.9412
450,MobileNet,0.9643,0.9871,0.9615,1.0,0.9355
451,MobileNet,0.9286,0.8861,0.9,0.9,0.9444
452,MobileNet,0.9643,0.9551,0.9524,0.9524,0.9714
453,MobileNet,0.9643,0.9405,0.9286,0.9286,0.9762
454,MobileNet,0.9286,0.9502,0.9,0.9474,0.9189
455,MobileNet,0.9643,0.9894,0.9444,1.0,0.9487
456,MobileNet,0.9286,0.9342,0.8947,0.9444,0.9211
457,MobileNet,0.9643,1.0,0.9474,1.0,0.9474
458,MobileNet,0.9464,0.9804,0.9189,1.0,0.9231
459,MobileNet,0.9643,0.9487,0.9412,0.9412,0.9744
460,MobileNet,0.9464,0.9313,0.9189,0.9444,0.9474
461,MobileNet,0.9643,0.986,0.9643,1.0,0.931
462,MobileNet,0.9464,0.9799,0.9362,1.0,0.9118
463,MobileNet,0.9286,0.9368,0.913,0.913,0.9394
464,MobileNet,0.9464,0.9618,0.9362,0.9565,0.9394
465,MobileNet,0.9107,0.9333,0.918,0.9333,0.8846
466,MobileNet,0.9821,0.9927,0.973,1.0,0.9737
467,MobileNet,0.9821,0.998,0.9565,1.0,0.9778
468,MobileNet,0.9286,0.987,0.8824,1.0,0.9024
469,MobileNet,0.9643,0.926,0.9444,0.8947,1.0
470,MobileNet,0.9821,1.0,0.9767,1.0,0.9714
471,MobileNet,0.875,0.9351,0.8205,0.9412,0.8462
472,MobileNet,0.9464,0.9401,0.9189,0.9444,0.9474
473,MobileNet,1.0,1.0,1.0,1.0,1.0
474,MobileNet,0.9107,0.9488,0.878,0.9474,0.8919
475,MobileNet,0.9464,0.9618,0.9362,0.9565,0.9394
476,MobileNet,0.9286,0.9469,0.8824,0.9375,0.925
477,MobileNet,0.9286,0.9351,0.8889,0.9412,0.9231
478,MobileNet,0.9286,0.9664,0.9,1.0,0.8947
479,MobileNet,0.9107,0.8966,0.878,0.8571,0.9429
480,MobileNet,0.9107,0.9232,0.898,0.9167,0.9062
481,MobileNet,0.9107,0.9291,0.8936,0.9545,0.8824
482,MobileNet,0.9464,0.9605,0.9231,1.0,0.9211
483,MobileNet,0.9821,0.948,0.9655,0.9333,1.0
484,MobileNet,0.9821,0.9583,0.9744,0.95,1.0
485,MobileNet,0.9643,0.9845,0.9615,1.0,0.9355
486,MobileNet,0.9107,0.8864,0.8837,0.8636,0.9412
487,MobileNet,1.0,1.0,1.0,1.0,1.0
488,MobileNet,0.9107,0.8735,0.898,0.88,0.9355
489,MobileNet,0.9107,0.9444,0.8718,0.9444,0.8947
490,MobileNet,0.9821,0.9957,0.9744,1.0,0.973
491,MobileNet,0.9643,0.9714,0.96,1.0,0.9375
492,MobileNet,0.9821,0.991,0.9714,1.0,0.9744
493,MobileNet,0.9464,0.9065,0.9091,0.8824,0.9744
494,MobileNet,0.9821,0.9919,0.9677,1.0,0.9756
495,MobileNet,0.9107,0.9181,0.8837,0.95,0.8889
496,MobileNet,0.9821,0.9898,0.973,1.0,0.9737
497,MobileNet,0.9464,0.9864,0.9189,1.0,0.9231
498,MobileNet,0.9464,0.9542,0.9268,0.95,0.9444
499,MobileNet,0.9286,0.9153,0.9,0.9,0.9444
500,MobileNet,0.9107,0.9305,0.8889,0.9091,0.9118
501,MobileNet,0.9464,0.9548,0.9412,0.96,0.9355
502,MobileNet,0.9821,0.9985,0.9714,1.0,0.9744
503,MobileNet,0.8929,0.869,0.8,0.8571,0.9048
504,MobileNet,0.8571,0.9328,0.7895,0.9375,0.825
505,MobileNet,0.9464,0.9792,0.9302,1.0,0.9167
506,MobileNet,0.9643,0.9631,0.9565,0.9565,0.9697
507,MobileNet,0.9464,0.9886,0.9091,1.0,0.9268
508,MobileNet,0.9464,0.9412,0.9143,0.9412,0.9487
509,MobileNet,1.0,1.0,1.0,1.0,1.0
510,MobileNet,0.9643,0.9972,0.95,1.0,0.9459
511,MobileNet,0.875,0.8552,0.8108,0.8824,0.8718
512,MobileNet,0.9286,0.9638,0.8947,1.0,0.8974
513,MobileNet,0.9107,0.8122,0.8571,0.7895,0.973
514,MobileNet,0.9464,0.9694,0.9032,1.0,0.9286
515,MobileNet,0.9286,0.8639,0.8571,0.8571,0.9524
516,MobileNet,0.9464,0.9405,0.8966,0.9286,0.9524
517,MobileNet,0.9464,0.9486,0.9362,0.9565,0.9394
518,MobileNet,0.9821,0.9602,0.973,0.9474,1.0
519,MobileNet,0.9643,0.9422,0.9375,0.9375,0.975
520,MobileNet,0.9821,0.9587,0.973,0.9474,1.0
521,MobileNet,0.9286,0.9688,0.8889,1.0,0.9
522,MobileNet,0.9643,0.9912,0.9474,1.0,0.9474
523,MobileNet,0.9286,0.8976,0.8889,0.8421,0.973
524,MobileNet,0.9464,0.8596,0.9091,0.8333,1.0
525,MobileNet,0.9464,0.9273,0.8696,0.9091,0.9556
526,MobileNet,0.9107,0.9469,0.8571,0.9375,0.9
527,MobileNet,0.9286,0.9769,0.9286,1.0,0.8667
528,MobileNet,0.9821,0.9909,0.9796,1.0,0.9688
529,MobileNet,0.8571,0.8583,0.8095,0.85,0.8611
530,MobileNet,0.9464,0.9175,0.9189,0.8947,0.973
531,MobileNet,0.9643,0.9732,0.9643,0.9643,0.9643
532,MobileNet,0.9643,0.9837,0.9375,1.0,0.9512
533,MobileNet,0.9821,0.9957,0.9744,1.0,0.973
534,MobileNet,0.9107,0.9344,0.8571,0.9375,0.9
535,MobileNet,0.9464,0.9858,0.9268,1.0,0.9189
536,MobileNet,0.9464,0.9823,0.9333,1.0,0.9143
537,MobileNet,0.9821,0.9891,0.9767,1.0,0.9714
538,MobileNet,0.9821,0.9731,0.9831,0.9667,1.0
539,MobileNet,0.9821,0.9616,0.973,0.9474,1.0
540,MobileNet,1.0,1.0,1.0,1.0,1.0
541,MobileNet,0.9643,0.9569,0.95,0.95,0.9722
542,MobileNet,0.9464,1.0,0.8966,1.0,0.9302
543,MobileNet,0.9286,0.9659,0.9048,1.0,0.8919
544,MobileNet,1.0,1.0,1.0,1.0,1.0
545,MobileNet,1.0,1.0,1.0,1.0,1.0
546,MobileNet,0.9464,0.9064,0.9143,0.8889,0.9737
547,MobileNet,0.9464,0.9687,0.9231,0.9474,0.9459
548,MobileNet,0.8929,0.8421,0.8421,0.8421,0.9189
549,MobileNet,0.9464,0.9557,0.9388,0.9583,0.9375
550,MobileNet,0.9643,0.9438,0.9615,0.9259,1.0
551,MobileNet,0.9643,0.9935,0.9375,1.0,0.9512
552,MobileNet,0.9286,0.9496,0.875,0.9333,0.9268
553,MobileNet,0.9821,0.9891,0.9697,1.0,0.975
554,MobileNet,0.9286,0.9592,0.9167,0.9565,0.9091
555,MobileNet,0.9464,0.95,0.9268,0.95,0.9444
556,MobileNet,0.9107,0.9211,0.8889,0.9091,0.9118
557,MobileNet,0.9464,0.909,0.9189,0.8947,0.973
558,MobileNet,0.9286,0.8976,0.8947,0.8947,0.9459
559,MobileNet,0.9643,0.9592,0.9643,0.9643,0.9643
560,MobileNet,1.0,1.0,1.0,1.0,1.0
561,MobileNet,0.9464,0.917,0.9268,0.9048,0.9714
562,MobileNet,0.9464,0.9224,0.9268,0.9048,0.9714
563,MobileNet,0.9821,0.9569,0.9744,0.95,1.0
564,MobileNet,0.9643,0.9849,0.9444,1.0,0.9487
565,MobileNet,0.875,0.8918,0.8205,0.8889,0.8684
566,MobileNet,0.9464,0.9422,0.8966,0.9286,0.9524
567,MobileNet,0.9286,0.9457,0.8889,0.9412,0.9231
568,MobileNet,0.9286,0.9825,0.9,1.0,0.8947
569,MobileNet,0.9464,0.9167,0.9143,0.8889,0.9737
570,MobileNet,0.9107,0.9371,0.8718,0.9444,0.8947
571,MobileNet,0.9643,0.9796,0.9333,1.0,0.9524
572,MobileNet,0.9464,0.9444,0.9268,0.95,0.9444
573,MobileNet,0.9821,0.985,0.9767,1.0,0.9714
574,MobileNet,0.9464,0.9403,0.9268,0.95,0.9444
575,MobileNet,1.0,1.0,1.0,1.0,1.0
576,MobileNet,0.9286,0.9297,0.92,0.9583,0.9062
577,MobileNet,0.9821,0.9819,0.9714,1.0,0.9744
578,MobileNet,0.9643,0.9459,0.9444,0.9444,0.9737
579,MobileNet,0.9286,0.9792,0.9231,1.0,0.875
580,MobileNet,0.875,0.7878,0.8108,0.7143,0.9714
581,MobileNet,0.9821,0.9573,0.973,0.9474,1.0
582,MobileNet,0.9464,0.9472,0.9268,0.95,0.9444
583,MobileNet,0.9286,0.9868,0.9,1.0,0.8947
584,MobileNet,0.9286,0.9497,0.9231,0.96,0.9032
585,MobileNet,0.9643,0.9844,0.96,1.0,0.9375
586,MobileNet,0.9821,0.9559,0.973,0.9474,1.0
587,MobileNet,0.9464,0.9656,0.9143,1.0,0.925
588,MobileNet,0.9107,0.9762,0.8485,1.0,0.881
589,MobileNet,0.9286,0.9505,0.913,0.9545,0.9118
590,MobileNet,0.9643,0.9459,0.9444,0.9444,0.9737
591,MobileNet,0.9464,0.9741,0.9333,1.0,0.9143
592,MobileNet,0.9821,0.9985,0.973,1.0,0.9737
593,MobileNet,0.9643,0.983,0.9333,1.0,0.9524
594,MobileNet,0.9286,0.9051,0.913,0.913,0.9394
595,MobileNet,0.9286,0.9186,0.8824,0.8824,0.9487
596,MobileNet,0.9821,1.0,0.973,1.0,0.9737
597,MobileNet,0.9643,0.9716,0.95,1.0,0.9459
598,MobileNet,0.9464,0.9347,0.9268,0.95,0.9444
599,MobileNet,0.9643,0.9431,0.9333,0.9333,0.9756
600,MobileNet,0.9464,0.9291,0.9302,0.9091,0.9706
601,MobileNet,0.9643,0.9973,0.9545,1.0,0.9429
602,MobileNet,0.8929,0.9245,0.88,0.9167,0.875
603,MobileNet,0.9643,0.9733,0.9565,1.0,0.9412
604,MobileNet,0.9643,0.9611,0.95,0.95,0.9722
605,MobileNet,0.9643,0.9818,0.96,1.0,0.9375
606,MobileNet,0.9286,0.8974,0.8824,0.8824,0.9487
607,MobileNet,0.9286,0.9336,0.8889,0.9412,0.9231
608,MobileNet,0.9464,0.9505,0.9333,0.9545,0.9412
609,MobileNet,0.9821,0.9961,0.9796,1.0,0.9688
610,MobileNet,0.9286,0.9313,0.8824,0.9375,0.925
611,MobileNet,0.9464,0.9806,0.9302,1.0,0.9167
612,MobileNet,0.9821,0.969,0.9796,0.96,1.0
613,MobileNet,0.9464,0.9415,0.9189,0.9444,0.9474
614,MobileNet,0.8571,0.8641,0.8462,0.8462,0.8667
615,MobileNet,0.9286,0.9412,0.8889,0.9412,0.9231
616,MobileNet,0.9286,0.9167,0.9,0.9,0.9444
617,MobileNet,0.9464,0.9238,0.9302,0.9091,0.9706
618,MobileNet,0.9464,0.9459,0.9231,0.9474,0.9459
619,MobileNet,0.9643,0.9626,0.9565,1.0,0.9412
620,MobileNet,0.9821,0.9942,0.973,1.0,0.9737
621,MobileNet,0.9821,0.9984,0.9697,1.0,0.975
622,MobileNet,0.9821,0.9608,0.9697,0.9412,1.0
623,MobileNet,0.8929,0.9014,0.8,0.8571,0.9048
624,MobileNet,0.9286,0.9094,0.8889,0.8889,0.9474
625,MobileNet,0.9107,0.9398,0.8936,0.9545,0.8824
626,MobileNet,0.9643,0.9819,0.9524,1.0,0.9444
627,MobileNet,0.9464,0.9436,0.9412,0.9231,0.9667
628,MobileNet,0.9464,0.9742,0.9434,1.0,0.9032
629,MobileNet,0.9464,0.9542,0.9268,0.95,0.9444
630,MobileNet,0.9821,0.9742,0.9796,0.96,1.0
631,MobileNet,0.9643,0.9035,0.9375,0.8824,1.0
632,MobileNet,0.9464,0.9125,0.9231,0.9,0.9722
633,MobileNet,0.9464,0.9198,0.9302,0.9091,0.9706
634,MobileNet,0.9643,0.987,0.9375,1.0,0.9512
635,MobileNet,0.9286,0.8844,0.875,0.875,0.95
636,MobileNet,0.9464,0.9613,0.9412,0.96,0.9355
637,MobileNet,0.9464,0.9891,0.9143,1.0,0.925
638,MobileNet,1.0,1.0,1.0,1.0,1.0
639,MobileNet,0.9107,0.8861,0.8718,0.85,0.9444
640,MobileNet,1.0,1.0,1.0,1.0,1.0
641,MobileNet,0.9286,0.9251,0.9091,0.9091,0.9412
642,MobileNet,0.9107,0.9195,0.8276,0.9231,0.907
643,MobileNet,0.9643,0.9666,0.9545,0.9545,0.9706
644,MobileNet,0.9821,0.9456,0.963,0.9286,1.0
645,MobileNet,1.0,1.0,1.0,1.0,1.0
646,MobileNet,0.9107,0.8976,0.8718,0.8947,0.9189
647,MobileNet,0.9643,0.9842,0.9583,1.0,0.9394
648,MobileNet,0.9286,0.9514,0.9048,0.95,0.9167
649,MobileNet,0.9286,0.9064,0.9091,0.9091,0.9412
650,MobileNet,0.9464,0.9358,0.9302,0.9091,0.9706
651,MobileNet,0.9464,0.9839,0.8966,1.0,0.9302
652,MobileNet,0.9464,0.9342,0.9189,0.9444,0.9474
653,MobileNet,0.9643,0.9474,0.9474,0.9474,0.973
654,MobileNet,0.9464,0.9766,0.9231,1.0,0.9211
655,MobileNet,0.9286,0.9125,0.8824,0.8824,0.9487
656,MobileNet,0.9286,0.9429,0.9091,0.9524,0.9143
657,MobileNet,0.9821,0.9987,0.9787,1.0,0.9697
658,MobileNet,1.0,1.0,1.0,1.0,1.0
659,MobileNet,1.0,1.0,1.0,1.0,1.0
660,MobileNet,0.9286,0.9361,0.9048,0.95,0.9167
661,MobileNet,1.0,1.0,1.0,1.0,1.0
662,MobileNet,0.9464,0.9782,0.9333,1.0,0.9143
663,MobileNet,0.9286,0.9755,0.913,1.0,0.8857
664,MobileNet,1.0,1.0,1.0,1.0,1.0
665,MobileNet,0.9464,0.9442,0.9302,0.9524,0.9429
666,MobileNet,0.9643,0.9933,0.9565,1.0,0.9412
667,MobileNet,0.9464,0.9879,0.9189,1.0,0.9231
668,MobileNet,0.9464,0.9891,0.9143,1.0,0.925
669,MobileNet,0.9464,0.9218,0.9189,0.8947,0.973
670,MobileNet,0.9464,0.9209,0.9333,0.913,0.9697
671,MobileNet,0.9464,0.9639,0.9362,1.0,0.9118
672,MobileNet,0.9464,0.9453,0.9091,0.9375,0.95
673,MobileNet,0.9464,0.9488,0.9189,0.9444,0.9474
674,MobileNet,0.9643,0.9879,0.9444,1.0,0.9487
675,MobileNet,0.9643,0.9819,0.9524,1.0,0.9444
676,MobileNet,0.9107,0.8864,0.8837,0.8636,0.9412
677,MobileNet,0.9643,0.988,0.9565,1.0,0.9412
678,MobileNet,0.9821,0.9507,0.963,0.9286,1.0
679,MobileNet,0.9464,0.8997,0.8889,0.8571,0.9762
680,MobileNet,0.9821,0.9516,0.9677,0.9375,1.0
681,MobileNet,0.9464,0.975,0.9388,1.0,0.9091
682,MobileNet,0.9286,0.9267,0.8571,0.9231,0.9302
683,MobileNet,0.9821,0.9861,0.9756,1.0,0.9722
684,MobileNet,0.9821,0.9947,0.9778,1.0,0.9706
685,MobileNet,0.9286,0.9868,0.9,1.0,0.8947
686,MobileNet,0.9464,0.9358,0.9302,0.9091,0.9706
687,MobileNet,0.9464,0.9837,0.9333,1.0,0.9143
688,MobileNet,0.9107,0.8813,0.898,0.88,0.9355
689,MobileNet,0.9821,0.969,0.9796,0.96,1.0
690,MobileNet,0.9643,0.9679,0.9615,0.9615,0.9667
691,MobileNet,1.0,1.0,1.0,1.0,1.0
692,MobileNet,1.0,1.0,1.0,1.0,1.0
693,MobileNet,0.9286,0.9083,0.9,0.9,0.9444
694,MobileNet,0.875,0.9116,0.8511,0.9524,0.8286
695,MobileNet,0.9286,0.8895,0.8571,0.8571,0.9524
696,MobileNet,0.9107,0.987,0.9057,1.0,0.8438
697,MobileNet,0.9464,0.9366,0.9032,0.9333,0.9512
698,MobileNet,0.9643,0.9626,0.9545,0.9545,0.9706
699,MobileNet,0.9821,0.9906,0.9697,1.0,0.975
700,MobileNet,0.9643,0.9688,0.9583,0.9583,0.9688
701,MobileNet,0.9107,0.8929,0.8571,0.8824,0.9231
702,MobileNet,0.9464,0.9785,0.8966,1.0,0.9302
703,MobileNet,0.8571,0.8944,0.7895,0.8824,0.8462
704,MobileNet,0.9286,0.9728,0.913,1.0,0.8857
705,MobileNet,0.9643,0.9609,0.9583,0.9583,0.9688
706,MobileNet,1.0,1.0,1.0,1.0,1.0
707,MobileNet,0.8571,0.9123,0.8095,0.9444,0.8158
708,MobileNet,0.8929,0.9238,0.8696,0.9524,0.8571
709,MobileNet,0.9107,0.9453,0.902,0.9583,0.875
710,MobileNet,0.9286,0.9759,0.9167,1.0,0.8824
711,MobileNet,0.9464,0.9319,0.9231,0.9,0.9722
712,MobileNet,0.9286,0.9062,0.8824,0.9375,0.925
713,MobileNet,0.9821,0.9974,0.9796,1.0,0.9688
714,MobileNet,0.9464,0.9769,0.9455,1.0,0.9
715,MobileNet,0.9643,0.9303,0.9286,0.9286,0.9762
716,MobileNet,0.8929,0.8203,0.8636,0.7917,0.9688
717,MobileNet,0.9643,0.9323,0.9565,0.9167,1.0
718,MobileNet,0.9464,0.9502,0.9231,0.9474,0.9459
719,MobileNet,0.9643,0.9833,0.9524,1.0,0.9444
720,MobileNet,0.9286,0.9297,0.8824,0.9375,0.925
721,MobileNet,1.0,1.0,1.0,1.0,1.0
722,MobileNet,0.8929,0.9141,0.8889,0.9231,0.8667
723,MobileNet,0.9286,0.8899,0.8824,0.8824,0.9487
724,MobileNet,0.9286,0.9155,0.8824,0.8824,0.9487
725,MobileNet,1.0,1.0,1.0,1.0,1.0
726,MobileNet,0.9643,0.9519,0.9545,0.9545,0.9706
727,MobileNet,0.9286,0.8944,0.8824,0.8824,0.9487
728,MobileNet,0.9464,0.9505,0.9333,0.9545,0.9412
729,MobileNet,0.8571,0.8389,0.8095,0.85,0.8611
730,MobileNet,0.9821,0.969,0.9796,0.96,1.0
731,MobileNet,0.9464,0.9573,0.9231,0.9474,0.9459
732,MobileNet,0.9107,0.9488,0.8718,0.9444,0.8947
733,MobileNet,0.9286,0.9708,0.9,1.0,0.8947
734,MobileNet,0.9643,0.9551,0.9524,0.9524,0.9714
735,MobileNet,0.9464,0.8939,0.9231,0.8571,1.0
736,MobileNet,0.8929,0.9115,0.8889,0.9231,0.8667
737,MobileNet,0.9821,0.9732,0.9818,0.9643,1.0
738,MobileNet,0.9286,0.9306,0.8889,0.9412,0.9231
739,MobileNet,0.9643,0.9897,0.963,1.0,0.9333
740,MobileNet,0.9107,0.8762,0.878,0.8571,0.9429
741,MobileNet,0.9464,0.9897,0.9455,1.0,0.9
742,MobileNet,0.9464,0.9132,0.9189,0.8947,0.973
743,MobileNet,0.9643,0.9514,0.95,0.95,0.9722
744,MobileNet,0.9286,0.9388,0.9091,0.9524,0.9143
745,MobileNet,0.9643,0.9947,0.9565,1.0,0.9412
746,MobileNet,0.9821,0.9668,0.9697,0.9412,1.0
747,MobileNet,0.9464,0.9795,0.9231,1.0,0.9211
748,MobileNet,0.9643,0.9915,0.95,1.0,0.9459
749,MobileNet,0.9643,0.9875,0.9412,1.0,0.95
750,MobileNet,0.9464,0.9673,0.9333,1.0,0.9143
751,MobileNet,0.9643,0.9801,0.95,1.0,0.9459
752,MobileNet,0.8929,0.8688,0.8235,0.875,0.9
753,MobileNet,0.9286,0.9382,0.8889,0.9412,0.9231
754,MobileNet,0.9464,0.9429,0.9302,0.9524,0.9429
755,MobileNet,0.9464,0.9693,0.9362,1.0,0.9118
756,MobileNet,0.9643,0.9514,0.95,0.95,0.9722
757,MobileNet,0.9286,0.9359,0.8824,0.9375,0.925
758,MobileNet,0.875,0.8603,0.8772,0.8333,0.9231
759,MobileNet,0.9464,0.9349,0.9362,0.9167,0.9688
760,MobileNet,0.9286,0.9382,0.8889,0.9412,0.9231
761,MobileNet,0.9107,0.9724,0.8571,1.0,0.878
762,MobileNet,0.8929,0.9118,0.8696,0.9091,0.8824
763,MobileNet,0.9107,0.9285,0.8485,0.9333,0.9024
764,MobileNet,0.9286,0.9267,0.8571,0.9231,0.9302
765,MobileNet,0.9464,0.9922,0.9412,1.0,0.9062
766,MobileNet,0.9643,0.9619,0.9524,0.9524,0.9714
767,MobileNet,0.9286,0.9118,0.8947,0.8947,0.9459
768,MobileNet,0.9286,0.9528,0.9048,0.95,0.9167
769,MobileNet,0.9464,0.9125,0.9231,0.9,0.9722
770,MobileNet,0.9464,0.9574,0.9412,0.96,0.9355
771,MobileNet,0.9286,0.8627,0.875,0.8235,0.9744
772,MobileNet,0.9643,0.9912,0.9474,1.0,0.9474
773,MobileNet,0.9286,0.917,0.913,0.913,0.9394
774,MobileNet,0.9464,0.9551,0.9302,0.9524,0.9429
775,MobileNet,0.9643,0.9587,0.9474,0.9474,0.973
776,MobileNet,0.9286,0.9264,0.9048,0.95,0.9167
777,MobileNet,0.9286,0.8763,0.875,0.8235,0.9744
778,MobileNet,0.9286,0.9064,0.9091,0.9091,0.9412
779,MobileNet,0.9643,0.9284,0.9231,0.9231,0.9767
780,MobileNet,0.9286,0.8872,0.9167,0.8462,1.0
781,MobileNet,0.9464,0.9094,0.9143,0.8889,0.9737
782,MobileNet,0.9643,0.9631,0.9565,0.9565,0.9697
783,MobileNet,0.9643,0.9262,0.9545,0.913,1.0
784,MobileNet,0.9643,0.9821,0.9286,1.0,0.9535
785,MobileNet,0.9286,0.8556,0.8889,0.8,1.0
786,MobileNet,0.9464,0.9955,0.9189,1.0,0.9231
787,MobileNet,0.9643,0.9759,0.9565,1.0,0.9412
788,MobileNet,0.9821,0.9891,0.9697,1.0,0.975
789,MobileNet,0.9821,0.996,0.9778,1.0,0.9706
790,MobileNet,0.9821,0.9953,0.9697,1.0,0.975
791,MobileNet,0.9286,0.9231,0.8889,0.9412,0.9231
792,MobileNet,0.9821,0.9909,0.9796,1.0,0.9688
793,MobileNet,0.9464,0.95,0.9091,0.9375,0.95
794,MobileNet,0.9286,0.9442,0.8889,0.9412,0.9231
795,MobileNet,0.9643,0.9518,0.9444,0.9444,0.9737
796,MobileNet,0.9286,0.908,0.8889,0.9412,0.9231
797,MobileNet,0.9821,1.0,0.9744,1.0,0.973
798,MobileNet,0.9821,0.9714,0.9787,0.9583,1.0
799,MobileNet,0.9643,0.9639,0.9545,0.9545,0.9706
800,MobileNet,0.9821,0.9756,0.9804,0.9615,1.0
801,MobileNet,0.9643,0.9837,0.9545,1.0,0.9429
802,MobileNet,0.9643,0.9592,0.9565,0.9565,0.9697
803,MobileNet,0.9464,0.9518,0.9189,0.9444,0.9474
804,MobileNet,0.9464,0.9579,0.9455,0.963,0.931
805,MobileNet,0.9821,0.9731,0.9804,0.9615,1.0
806,MobileNet,0.9643,0.9302,0.9231,0.9231,0.9767
807,MobileNet,0.9464,0.9526,0.9362,0.9565,0.9394
808,MobileNet,0.9643,0.9861,0.9524,1.0,0.9444
809,MobileNet,0.9107,0.9548,0.8718,1.0,0.8718
810,MobileNet,0.9107,0.9915,0.8485,1.0,0.881
811,MobileNet,0.9464,0.8846,0.8966,0.8667,0.9756
812,MobileNet,0.9107,0.9717,0.8,1.0,0.8913
813,MobileNet,0.9821,0.9879,0.9714,1.0,0.9744
814,MobileNet,0.9643,0.9442,0.9412,0.9412,0.9744
815,MobileNet,0.9464,0.935,0.9032,0.9333,0.9512
816,MobileNet,0.9643,0.9496,0.9333,0.9333,0.9756
817,MobileNet,0.9643,0.9612,0.9545,0.9545,0.9706
818,MobileNet,0.9821,0.9674,0.9787,0.9583,1.0
819,MobileNet,1.0,1.0,1.0,1.0,1.0
820,MobileNet,0.8929,0.9014,0.8125,0.9286,0.881
821,MobileNet,0.9643,0.9864,0.9333,1.0,0.9524
822,MobileNet,0.9821,0.9563,0.9677,0.9375,1.0
823,MobileNet,0.9643,0.9391,0.9375,0.9375,0.975
824,MobileNet,0.9107,0.9492,0.902,0.9583,0.875
825,MobileNet,0.9286,0.9206,0.9167,0.9167,0.9375
826,MobileNet,0.9821,0.9853,0.9778,1.0,0.9706
827,MobileNet,0.9821,0.9986,0.9767,1.0,0.9714
828,MobileNet,0.9643,0.9744,0.95,1.0,0.9459
829,MobileNet,0.9107,0.8876,0.8649,0.8421,0.9459
830,MobileNet,0.9643,0.9293,0.9091,0.9091,0.9778
831,MobileNet,0.9643,0.9512,0.9333,0.9333,0.9756
832,MobileNet,0.9286,0.9545,0.9,0.9474,0.9189
833,MobileNet,0.875,0.8776,0.8372,0.8571,0.8857
834,MobileNet,1.0,1.0,1.0,1.0,1.0
835,MobileNet,0.9643,0.9547,0.9444,0.9444,0.9737
836,MobileNet,0.9286,0.9896,0.9231,1.0,0.875
837,MobileNet,0.9286,0.9371,0.8947,0.9444,0.9211
838,MobileNet,0.9286,0.9341,0.913,0.913,0.9394
839,MobileNet,0.8929,0.9186,0.8421,0.9412,0.8718
840,MobileNet,0.9643,0.9545,0.9545,0.9545,0.9706
841,MobileNet,0.9107,0.9306,0.8837,0.95,0.8889
842,MobileNet,0.9643,0.9679,0.9545,0.9545,0.9706
843,MobileNet,0.9464,0.9746,0.9362,1.0,0.9118
844,MobileNet,0.9286,0.8947,0.8947,0.8947,0.9459
845,MobileNet,0.9464,0.9388,0.8966,0.9286,0.9524
846,MobileNet,0.9464,0.9556,0.9268,0.95,0.9444
847,MobileNet,0.9643,0.9368,0.9545,0.913,1.0
848,MobileNet,0.9643,0.9556,0.95,0.95,0.9722
849,MobileNet,0.9821,0.9933,0.9778,1.0,0.9706
850,MobileNet,0.9643,0.9759,0.9565,1.0,0.9412
851,MobileNet,0.9643,0.9556,0.95,0.95,0.9722
852,MobileNet,0.9821,0.9949,0.9811,1.0,0.9667
853,MobileNet,0.9107,0.8775,0.8889,0.8696,0.9394
854,MobileNet,0.9286,0.899,0.8947,0.8947,0.9459
855,MobileNet,0.9643,0.954,0.963,0.963,0.9655
856,MobileNet,0.9821,0.9633,0.9756,0.9524,1.0
857,MobileNet,0.9643,0.9875,0.9412,1.0,0.95
858,MobileNet,0.9464,0.9542,0.9268,0.95,0.9444
859,MobileNet,0.9464,0.9587,0.9412,0.96,0.9355
860,MobileNet,0.9643,0.9893,0.9286,1.0,0.9535
861,MobileNet,0.9643,0.9518,0.9444,0.9444,0.9737
862,MobileNet,0.9286,0.9415,0.8947,0.9444,0.9211
863,MobileNet,0.9821,1.0,0.9744,1.0,0.973
864,MobileNet,0.9643,0.9532,0.9412,0.9412,0.9744
865,MobileNet,0.9464,0.8939,0.9231,0.8571,1.0
866,MobileNet,0.9107,0.9285,0.9091,0.9259,0.8966
867,MobileNet,0.9821,0.9878,0.9767,1.0,0.9714
868,MobileNet,0.9821,0.9959,0.9767,1.0,0.9714
869,MobileNet,0.9821,0.9938,0.9697,1.0,0.975
870,MobileNet,1.0,1.0,1.0,1.0,1.0
871,MobileNet,0.9464,0.9474,0.9189,0.9444,0.9474
872,MobileNet,0.9464,0.9412,0.9143,0.9412,0.9487
873,MobileNet,0.9107,0.9415,0.8718,0.9444,0.8947
874,MobileNet,0.9464,0.9548,0.9143,0.9412,0.9487
875,MobileNet,0.9643,0.9864,0.9545,1.0,0.9429
876,MobileNet,0.9464,0.9484,0.9412,0.96,0.9355
877,MobileNet,0.9821,0.9943,0.9744,1.0,0.973
878,MobileNet,0.8929,0.8387,0.8696,0.8,0.9677
879,MobileNet,0.8929,0.9358,0.875,0.9545,0.8529
880,MobileNet,0.9464,0.9829,0.9268,1.0,0.9189
881,MobileNet,0.9286,0.9556,0.9091,1.0,0.8889
882,MobileNet,0.8929,0.902,0.8636,0.9048,0.8857
883,MobileNet,0.9821,0.9908,0.9787,1.0,0.9697
884,MobileNet,0.9286,0.9345,0.9091,0.9091,0.9412
885,MobileNet,0.875,0.8703,0.8444,0.8636,0.8824
886,MobileNet,0.9821,0.9923,0.9811,1.0,0.9667
887,MobileNet,0.8571,0.8677,0.8095,0.8947,0.8378
888,MobileNet,0.9821,0.9959,0.9767,1.0,0.9714
889,MobileNet,0.9821,0.9742,0.9796,0.96,1.0
890,MobileNet,0.9464,0.9932,0.9032,1.0,0.9286
891,MobileNet,0.9643,0.9973,0.9565,1.0,0.9412
892,MobileNet,0.9464,0.9875,0.9302,1.0,0.9167
893,MobileNet,0.9464,0.9275,0.9333,0.913,0.9697
894,MobileNet,0.9286,0.9439,0.913,0.9545,0.9118
895,MobileNet,0.9821,0.9891,0.9767,1.0,0.9714
896,MobileNet,0.8929,0.8933,0.85,0.8947,0.8919
897,MobileNet,0.9821,0.9905,0.9767,1.0,0.9714
898,MobileNet,0.9107,0.9198,0.8889,0.9091,0.9118
899,MobileNet,0.9464,0.9308,0.9412,0.9231,0.9667
900,MobileNet,0.9464,0.9538,0.9434,0.9615,0.9333
901,MobileNet,0.9286,0.9472,0.9048,0.95,0.9167
902,MobileNet,0.9464,0.9532,0.9189,0.9444,0.9474
903,MobileNet,0.9464,0.9818,0.88,1.0,0.9333
904,MobileNet,0.9464,0.9875,0.9302,1.0,0.9167
905,MobileNet,0.9643,0.9474,0.9474,0.9474,0.973
906,MobileNet,0.9821,0.9917,0.9756,1.0,0.9722
907,MobileNet,0.9643,0.9796,0.9333,1.0,0.9524
908,MobileNet,0.9286,0.9361,0.9048,0.95,0.9167
909,MobileNet,0.9643,0.9578,0.9565,0.9565,0.9697
910,MobileNet,0.9643,0.9487,0.9655,0.9333,1.0
911,MobileNet,0.9643,0.9578,0.9565,0.9565,0.9697
912,MobileNet,0.9107,0.9412,0.8649,0.9412,0.8974
913,MobileNet,0.9286,0.9664,0.8947,0.9444,0.9211
914,MobileNet,0.9464,0.996,0.9362,1.0,0.9118
915,MobileNet,0.9107,0.848,0.8571,0.8333,0.9474
916,MobileNet,0.9821,0.988,0.9778,1.0,0.9706
917,MobileNet,0.9643,0.9813,0.9565,1.0,0.9412
918,MobileNet,0.9643,0.9612,0.9545,0.9545,0.9706
919,MobileNet,0.8929,0.9642,0.8333,1.0,0.8537
920,MobileNet,0.9286,0.9194,0.9,0.9,0.9444
921,MobileNet,0.9643,0.9565,0.9565,0.9565,0.9697
922,MobileNet,0.9821,0.9915,0.9744,1.0,0.973
923,MobileNet,0.9821,0.9884,0.9804,1.0,0.9677
924,MobileNet,0.9821,0.9961,0.9796,1.0,0.9688
925,MobileNet,0.8929,0.7943,0.7,0.7778,0.9149
926,MobileNet,1.0,1.0,1.0,1.0,1.0
927,MobileNet,0.9464,0.9917,0.9302,1.0,0.9167
928,MobileNet,0.9643,0.9559,0.9474,0.9474,0.973
929,MobileNet,0.9464,0.9382,0.9143,0.9412,0.9487
930,MobileNet,0.9107,0.8163,0.8649,0.7619,1.0
931,MobileNet,0.9643,0.9857,0.96,1.0,0.9375
932,MobileNet,0.9107,0.9886,0.8837,1.0,0.8649
933,MobileNet,0.9643,0.9973,0.9565,1.0,0.9412
934,MobileNet,0.9464,0.9766,0.9231,1.0,0.9211
935,MobileNet,1.0,1.0,1.0,1.0,1.0
936,MobileNet,0.9643,1.0,0.9474,1.0,0.9474
937,MobileNet,0.9286,0.9374,0.9,0.9474,0.9189
938,MobileNet,0.9464,0.9646,0.9302,0.9524,0.9429
939,MobileNet,0.9464,0.9513,0.9362,0.9565,0.9394
940,MobileNet,0.9821,0.9625,0.9744,0.95,1.0
941,MobileNet,0.9286,0.9403,0.9048,0.95,0.9167
942,MobileNet,0.9464,0.9816,0.9388,1.0,0.9091
943,MobileNet,0.9464,0.9331,0.9231,0.9474,0.9459
944,MobileNet,0.9464,0.9537,0.9302,0.9524,0.9429
945,MobileNet,0.9821,0.9935,0.9804,1.0,0.9677
946,MobileNet,0.9643,0.9246,0.9375,0.8824,1.0
947,MobileNet,0.9821,0.9677,0.9796,0.96,1.0
948,MobileNet,0.9821,0.9894,0.9714,1.0,0.9744
949,MobileNet,0.8929,0.9236,0.8636,0.95,0.8611
950,MobileNet,0.9821,0.9893,0.9778,1.0,0.9706
951,MobileNet,0.9286,0.9487,0.9259,0.9615,0.9
952,MobileNet,0.9464,0.9439,0.9333,0.9545,0.9412
953,MobileNet,0.875,0.9208,0.8444,0.95,0.8333
954,MobileNet,0.9107,0.9445,0.878,0.9474,0.8919
955,MobileNet,0.9821,0.9986,0.9767,1.0,0.9714
956,MobileNet,0.9643,0.9474,0.9474,0.9474,0.973
957,MobileNet,0.9643,0.9905,0.9545,1.0,0.9429
958,MobileNet,0.9286,0.9286,0.8667,0.9286,0.9286
959,MobileNet,0.9464,0.9368,0.9362,0.9565,0.9394
960,MobileNet,0.9464,0.9388,0.9362,0.9167,0.9688
961,MobileNet,0.9464,0.9442,0.9143,0.9412,0.9487
962,MobileNet,0.9286,0.9278,0.9048,0.95,0.9167
963,MobileNet,0.9821,0.9909,0.9796,1.0,0.9688
964,MobileNet,1.0,1.0,1.0,1.0,1.0
965,MobileNet,0.9286,0.9565,0.913,1.0,0.8857
966,MobileNet,0.9821,0.9956,0.973,1.0,0.9737
967,MobileNet,0.9464,0.9829,0.9268,1.0,0.9189
968,MobileNet,0.9107,0.9111,0.878,0.9,0.9167
969,MobileNet,0.9107,0.881,0.8276,0.8571,0.9286
970,MobileNet,0.9107,0.8957,0.8889,0.9091,0.9118
971,MobileNet,0.9464,0.975,0.9143,1.0,0.925
972,MobileNet,0.9107,0.8844,0.8485,0.875,0.925
973,MobileNet,0.9464,0.9602,0.9231,0.9474,0.9459
974,MobileNet,0.9464,0.9829,0.9268,1.0,0.9189
975,MobileNet,0.9821,1.0,0.9714,1.0,0.9744
976,MobileNet,0.9464,1.0,0.9388,1.0,0.9091
977,MobileNet,0.8929,0.8972,0.8571,0.9,0.8889
978,MobileNet,0.9643,0.9928,0.9286,1.0,0.9535
979,MobileNet,0.9643,0.9147,0.9444,0.8947,1.0
980,MobileNet,0.9643,0.9719,0.9643,0.9643,0.9643
981,MobileNet,0.9107,0.9345,0.8936,0.9545,0.8824
982,MobileNet,0.9821,0.9974,0.9796,1.0,0.9688
983,MobileNet,0.9107,0.944,0.902,0.9583,0.875
984,MobileNet,0.8929,0.8129,0.8235,0.7778,0.9474
985,MobileNet,0.9464,0.9289,0.9189,0.8947,0.973
986,MobileNet,0.8929,0.8422,0.8125,0.8125,0.925
987,MobileNet,0.9643,0.9922,0.9412,1.0,0.95
988,MobileNet,0.9286,0.9789,0.8947,1.0,0.8974
989,MobileNet,0.8929,0.8653,0.85,0.85,0.9167
990,MobileNet,0.9643,0.9858,0.95,1.0,0.9459
991,MobileNet,0.9286,0.9537,0.9091,0.9524,0.9143
992,MobileNet,0.8929,0.8578,0.85,0.8947,0.8919
993,MobileNet,0.9643,0.9278,0.9524,0.9091,1.0
994,MobileNet,0.9107,0.8834,0.8649,0.8421,0.9459
995,MobileNet,0.9643,0.932,0.95,0.9048,1.0
996,MobileNet,1.0,1.0,1.0,1.0,1.0
997,MobileNet,0.9286,0.9415,0.875,0.9333,0.9268
998,MobileNet,0.9821,0.9972,0.9744,1.0,0.973
999,MobileNet,0.9286,0.9896,0.9231,1.0,0.875
1000,MobileNet,0.9464,0.9459,0.9189,0.9444,0.9474
1,PointNet,0.9286,0.9948,0.913,0.875,0.9688
2,PointNet,0.875,0.9693,0.8108,0.6818,1.0
3,PointNet,0.9286,0.9664,0.875,0.7778,1.0
4,PointNet,0.875,0.7765,0.6667,0.5833,0.9545
5,PointNet,0.8929,0.9563,0.7857,0.6471,1.0
6,PointNet,0.9464,0.9687,0.9143,0.8421,1.0
7,PointNet,0.875,0.9591,0.8627,0.7586,1.0
8,PointNet,0.9821,1.0,0.9744,1.0,0.973
9,PointNet,0.8929,0.9401,0.8571,0.75,1.0
10,PointNet,0.9464,0.9974,0.9333,0.913,0.9697
11,PointNet,0.875,0.9592,0.8293,0.8095,0.9143
12,PointNet,0.9286,0.9673,0.8824,0.7895,1.0
13,PointNet,0.9107,0.9532,0.8387,0.7647,0.9744
14,PointNet,0.9464,0.9755,0.9231,0.8571,1.0
15,PointNet,0.8929,0.9608,0.8,0.7059,0.9744
16,PointNet,0.9286,0.9548,0.875,0.8235,0.9744
17,PointNet,0.9464,0.9646,0.9231,0.8571,1.0
18,PointNet,0.9286,1.0,0.8667,0.7647,1.0
19,PointNet,0.8571,0.9181,0.7647,0.65,0.9722
20,PointNet,0.9107,0.942,0.8837,0.8261,0.9697
21,PointNet,0.9107,0.9659,0.8649,0.8421,0.9459
22,PointNet,0.875,0.8848,0.8108,0.7895,0.9189
23,PointNet,0.875,0.9303,0.8727,0.7742,1.0
24,PointNet,0.9643,0.951,0.9583,0.92,1.0
25,PointNet,0.9107,0.9679,0.878,0.8182,0.9706
26,PointNet,0.9464,0.9943,0.9189,0.8947,0.973
27,PointNet,0.8929,0.9605,0.8696,0.8696,0.9091
28,PointNet,0.8393,0.9116,0.7429,0.619,0.9714
29,PointNet,0.8571,0.9075,0.75,0.6316,0.973
30,PointNet,0.8571,0.9806,0.8095,0.68,1.0
31,PointNet,0.9107,0.9677,0.8936,0.84,0.9677
32,PointNet,0.9286,0.9337,0.8333,0.8333,0.9545
33,PointNet,0.9643,1.0,0.9412,0.8889,1.0
34,PointNet,0.9107,0.942,0.878,0.7826,1.0
35,PointNet,0.9464,0.9336,0.9032,0.8235,1.0
36,PointNet,0.9286,0.9573,0.8947,0.8947,0.9459
37,PointNet,0.9107,0.8906,0.8837,0.8261,0.9697
38,PointNet,0.8929,0.9769,0.8696,0.7692,1.0
39,PointNet,0.9286,0.9673,0.8824,0.7895,1.0
40,PointNet,0.9107,0.9635,0.8889,0.8333,0.9688
41,PointNet,0.875,0.8531,0.8108,0.7143,0.9714
42,PointNet,0.9107,0.925,0.8649,0.8,0.9722
43,PointNet,0.875,0.9406,0.7586,0.6875,0.95
44,PointNet,0.9643,0.9986,0.95,0.95,0.9722
45,PointNet,0.9286,1.0,0.8571,0.75,1.0
46,PointNet,0.8393,0.981,0.7568,0.6667,0.9429
47,PointNet,0.8929,0.9238,0.85,0.8095,0.9429
48,PointNet,0.9286,0.9269,0.8889,0.8889,0.9474
49,PointNet,0.9464,0.9951,0.8966,0.8667,0.9756
50,PointNet,0.875,0.9088,0.8108,0.7143,0.9714
51,PointNet,0.9286,0.9701,0.913,0.875,0.9688
52,PointNet,0.9286,1.0,0.875,0.7778,1.0
53,PointNet,0.875,0.9918,0.8108,0.7143,0.9714
54,PointNet,0.9107,0.9679,0.8718,0.7727,1.0
55,PointNet,0.875,0.9806,0.8571,0.84,0.9032
56,PointNet,0.9464,1.0,0.9302,0.8696,1.0
57,PointNet,0.8929,0.9875,0.8,0.75,0.95
58,PointNet,0.8929,0.9619,0.8421,0.7619,0.9714
59,PointNet,0.9107,0.9727,0.8837,0.7917,1.0
60,PointNet,0.8571,0.959,0.8462,0.7333,1.0
61,PointNet,0.9464,0.9466,0.9362,0.9167,0.9688
62,PointNet,0.9286,0.9932,0.9,0.8571,0.9714
63,PointNet,0.9107,0.9693,0.8387,0.7222,1.0
64,PointNet,0.9464,0.9653,0.9189,0.85,1.0
65,PointNet,0.8571,0.8775,0.8095,0.7391,0.9394
66,PointNet,0.9643,1.0,0.9545,0.913,1.0
67,PointNet,0.8036,0.9293,0.7027,0.619,0.9143
68,PointNet,0.9107,0.992,0.8837,0.8636,0.9412
69,PointNet,0.9107,0.9429,0.8649,0.7619,1.0
70,PointNet,0.875,0.9531,0.8,0.7368,0.9459
71,PointNet,0.8929,0.8684,0.8,0.6667,1.0
72,PointNet,0.9464,0.9688,0.9333,0.875,1.0
73,PointNet,0.9821,0.9984,0.9677,1.0,0.9756
74,PointNet,0.9821,1.0,0.9655,0.9333,1.0
75,PointNet,0.8929,0.9401,0.8571,0.75,1.0
76,PointNet,0.9643,1.0,0.9524,0.9091,1.0
77,PointNet,0.9107,0.9644,0.8837,0.8261,0.9697
78,PointNet,0.8929,0.9679,0.8421,0.7273,1.0
79,PointNet,0.8929,0.9844,0.8696,0.8333,0.9375
80,PointNet,0.8571,0.9442,0.8,0.7619,0.9143
81,PointNet,0.9286,0.9625,0.8947,0.85,0.9722
82,PointNet,0.8929,0.9701,0.8636,0.7917,0.9688
83,PointNet,0.9107,0.9671,0.8837,0.8261,0.9697
84,PointNet,0.8571,0.9472,0.7778,0.7,0.9444
85,PointNet,0.8929,0.951,0.8636,0.76,1.0
86,PointNet,0.9107,0.9561,0.8571,0.8333,0.9474
87,PointNet,0.9107,0.9276,0.8276,0.7059,1.0
88,PointNet,0.875,0.9125,0.7742,0.7059,0.9487
89,PointNet,0.9643,0.9623,0.9375,0.8824,1.0
90,PointNet,0.8929,0.9184,0.8333,0.7143,1.0
91,PointNet,1.0,1.0,1.0,1.0,1.0
92,PointNet,0.8393,0.9625,0.6087,0.4375,1.0
93,PointNet,0.875,0.9866,0.8293,0.7727,0.9412
94,PointNet,0.8929,0.971,0.8571,0.7826,0.9697
95,PointNet,0.8929,0.9452,0.85,0.7727,0.9706
96,PointNet,0.8929,0.9469,0.8,0.75,0.95
97,PointNet,0.9286,1.0,0.875,0.7778,1.0
98,PointNet,0.9464,0.9635,0.9143,0.8889,0.9737
99,PointNet,0.8036,0.8971,0.7027,0.5909,0.9412
100,PointNet,0.8571,0.9444,0.7895,0.75,0.9167
101,PointNet,0.9286,0.9944,0.8947,0.85,0.9722
102,PointNet,0.8571,0.974,0.8,0.6667,1.0
103,PointNet,0.9286,0.9948,0.913,0.875,0.9688
104,PointNet,0.875,0.9,0.7586,0.6875,0.95
105,PointNet,0.8571,0.9401,0.8182,0.75,0.9375
106,PointNet,0.9464,0.9147,0.9143,0.8421,1.0
107,PointNet,0.9464,1.0,0.8696,0.7692,1.0
108,PointNet,0.9107,0.9703,0.8936,0.84,0.9677
109,PointNet,0.9107,0.8352,0.7368,0.5833,1.0
110,PointNet,0.9643,0.9957,0.9474,0.9474,0.973
111,PointNet,0.9643,1.0,0.9444,0.8947,1.0
112,PointNet,0.8393,0.9516,0.7273,0.6316,0.9459
113,PointNet,0.9286,1.0,0.913,0.84,1.0
114,PointNet,0.8571,0.9745,0.8333,0.7143,1.0
115,PointNet,0.9107,0.9701,0.8889,0.8333,0.9688
116,PointNet,0.9286,0.9653,0.8889,0.8,1.0
117,PointNet,0.9464,0.9741,0.9231,0.8571,1.0
118,PointNet,0.875,0.9194,0.8,0.7,0.9722
119,PointNet,0.9643,1.0,0.9412,0.8889,1.0
120,PointNet,0.9464,0.9635,0.9091,0.8333,1.0
121,PointNet,0.9107,0.9626,0.8718,0.7727,1.0
122,PointNet,0.875,0.9714,0.8,0.6667,1.0
123,PointNet,0.8214,0.9158,0.7222,0.5909,0.9706
124,PointNet,0.9107,0.9123,0.8387,0.7222,1.0
125,PointNet,0.875,0.9548,0.8571,0.84,0.9032
126,PointNet,0.8929,0.9578,0.8571,0.8571,0.9143
127,PointNet,0.8929,0.9531,0.8571,0.75,1.0
128,PointNet,0.875,0.9679,0.8205,0.7273,0.9706
129,PointNet,0.875,0.9211,0.7586,0.6111,1.0
130,PointNet,0.9286,0.9716,0.8824,0.7895,1.0
131,PointNet,0.9107,0.9403,0.8649,0.8,0.9722
132,PointNet,0.9107,0.9368,0.878,0.7826,1.0
133,PointNet,0.9107,0.994,0.8387,0.7647,0.9744
134,PointNet,0.8929,0.9684,0.8636,0.8261,0.9394
135,PointNet,0.9107,0.9935,0.8889,0.8333,0.9688
136,PointNet,0.9286,0.924,0.875,0.7778,1.0
137,PointNet,0.9286,0.9638,0.8667,0.7647,1.0
138,PointNet,0.9464,1.0,0.8966,0.8125,1.0
139,PointNet,0.9107,0.9833,0.878,0.9,0.9167
140,PointNet,0.8929,0.8925,0.85,0.8095,0.9429
141,PointNet,0.9643,0.9608,0.9412,0.9412,0.9744
142,PointNet,0.9107,0.892,0.7619,0.6667,0.9773
143,PointNet,0.9107,0.9505,0.8837,0.7917,1.0
144,PointNet,0.9107,0.9516,0.8387,0.8125,0.95
145,PointNet,0.9464,0.9912,0.9189,0.9444,0.9474
146,PointNet,0.9286,0.9562,0.8667,0.8125,0.975
147,PointNet,0.8929,0.9147,0.8421,0.8421,0.9189
148,PointNet,0.8571,0.9336,0.7333,0.6471,0.9487
149,PointNet,0.8571,0.8772,0.75,0.6667,0.9474
150,PointNet,0.8929,0.9094,0.8125,0.8125,0.925
151,PointNet,0.9286,0.9251,0.9091,0.9091,0.9412
152,PointNet,0.9107,0.9934,0.8837,0.8261,0.9697
153,PointNet,0.9107,0.95,0.8276,0.75,0.975
154,PointNet,0.8929,0.8524,0.85,0.7391,1.0
155,PointNet,0.9107,1.0,0.8571,0.75,1.0
156,PointNet,0.9643,0.9653,0.9375,0.8824,1.0
157,PointNet,0.8929,0.9886,0.85,0.8947,0.8919
158,PointNet,0.875,0.9516,0.8,0.7368,0.9459
159,PointNet,0.9286,0.994,0.875,0.8235,0.9744
160,PointNet,0.9286,0.975,0.8889,0.8,1.0
161,PointNet,0.9286,0.9796,0.8947,0.8095,1.0
162,PointNet,0.8929,0.9915,0.75,0.6429,0.9762
163,PointNet,0.9286,1.0,0.8947,0.8095,1.0
164,PointNet,0.9107,0.9891,0.878,0.8571,0.9429
165,PointNet,0.8036,0.8803,0.6667,0.5238,0.9714
166,PointNet,0.9643,0.9698,0.9375,0.8824,1.0
167,PointNet,0.9286,0.9177,0.8333,0.7692,0.9767
168,PointNet,0.9286,0.9578,0.9048,0.8261,1.0
169,PointNet,0.9464,0.9667,0.9231,0.9,0.9722
170,PointNet,0.875,0.813,0.72,0.6,0.9756
171,PointNet,0.9107,0.9583,0.8837,0.95,0.8889
172,PointNet,0.8571,0.9896,0.8095,0.7083,0.9688
173,PointNet,0.9286,0.9649,0.8824,0.8333,0.9737
174,PointNet,0.9107,0.9401,0.8649,0.7619,1.0
175,PointNet,0.9464,0.9944,0.9231,0.9,0.9722
176,PointNet,0.9107,0.9701,0.8889,0.8333,0.9688
177,PointNet,0.9286,0.9512,0.8571,0.8,0.9756
178,PointNet,0.8929,0.9317,0.8125,0.6842,1.0
179,PointNet,0.9107,0.9723,0.878,0.7826,1.0
180,PointNet,0.9464,0.9656,0.8966,0.8125,1.0
181,PointNet,0.9107,0.9681,0.8649,0.8,0.9722
182,PointNet,0.875,0.9622,0.8444,0.7917,0.9375
183,PointNet,0.9107,0.975,0.8837,0.8261,0.9697
184,PointNet,0.9286,1.0,0.9091,0.8333,1.0
185,PointNet,0.9286,0.9591,0.8824,0.8333,0.9737
186,PointNet,0.8929,1.0,0.8421,0.7273,1.0
187,PointNet,0.9286,0.9611,0.8947,0.85,0.9722
188,PointNet,0.9643,0.9758,0.9444,0.8947,1.0
189,PointNet,0.9464,0.9673,0.9231,0.8571,1.0
190,PointNet,0.875,0.9381,0.8511,0.8,0.9355
191,PointNet,0.9643,0.9974,0.9615,0.9615,0.9667
192,PointNet,0.875,0.9787,0.8108,0.7895,0.9189
193,PointNet,0.8571,0.9564,0.8182,0.6923,1.0
194,PointNet,0.8571,0.9688,0.8095,0.7083,0.9688
195,PointNet,0.9107,0.9605,0.8837,0.8261,0.9697
196,PointNet,0.8571,0.9502,0.8462,0.7586,0.963
197,PointNet,0.875,0.9881,0.6957,0.5714,0.9762
198,PointNet,0.9107,0.9358,0.878,0.8182,0.9706
199,PointNet,0.9286,0.994,0.875,0.8235,0.9744
200,PointNet,0.9107,0.9935,0.8148,0.7333,0.9756
201,PointNet,0.875,0.9639,0.8205,0.7273,0.9706
202,PointNet,0.8571,0.8905,0.75,0.6316,0.973
203,PointNet,0.8571,0.9374,0.7895,0.7895,0.8919
204,PointNet,0.9643,1.0,0.95,0.9048,1.0
205,PointNet,0.9643,0.9918,0.9545,1.0,0.9429
206,PointNet,0.9107,0.9667,0.878,0.9,0.9167
207,PointNet,0.9107,0.9433,0.8837,0.8261,0.9697
208,PointNet,0.9286,0.9327,0.8889,0.8889,0.9474
209,PointNet,0.8929,0.9902,0.7692,0.6667,0.9756
210,PointNet,0.8393,0.875,0.7429,0.65,0.9444
211,PointNet,0.9107,0.8873,0.7826,0.6923,0.9767
212,PointNet,0.9107,0.9821,0.9057,0.8276,1.0
213,PointNet,0.8929,0.9573,0.8333,0.7895,0.9459
214,PointNet,0.9464,0.9966,0.8889,0.8571,0.9762
215,PointNet,0.9286,0.9361,0.9,0.8571,0.9714
216,PointNet,0.9107,0.9333,0.8718,0.8095,0.9714
217,PointNet,0.9464,0.9594,0.9091,0.9375,0.95
218,PointNet,0.9286,0.9932,0.9,0.8571,0.9714
219,PointNet,0.9286,0.9249,0.9048,0.8261,1.0
220,PointNet,0.9464,1.0,0.9143,0.8421,1.0
221,PointNet,0.9107,0.8929,0.7826,0.6429,1.0
222,PointNet,0.9286,0.9649,0.875,0.7778,1.0
223,PointNet,0.9107,0.9931,0.8649,0.8,0.9722
224,PointNet,0.875,0.9688,0.8293,0.7083,1.0
225,PointNet,0.8929,0.9184,0.85,0.7727,0.9706
226,PointNet,0.9286,0.9942,0.8824,0.8333,0.9737
227,PointNet,0.9107,0.9479,0.8889,0.8333,0.9688
228,PointNet,0.9107,0.9633,0.878,0.8571,0.9429
229,PointNet,0.9286,0.9236,0.8947,0.85,0.9722
230,PointNet,0.9464,0.9415,0.9091,0.8333,1.0
231,PointNet,0.9286,0.9517,0.8824,0.8824,0.9487
232,PointNet,0.8929,0.9859,0.8696,0.7692,1.0
233,PointNet,0.9107,0.9679,0.878,0.8182,0.9706
234,PointNet,0.9286,0.9955,0.875,0.8235,0.9744
235,PointNet,0.9107,0.9659,0.8571,0.7895,0.973
236,PointNet,0.9107,0.9051,0.878,0.8182,0.9706
237,PointNet,0.9107,0.9872,0.8718,0.8947,0.9189
238,PointNet,0.9643,0.9973,0.9545,0.9545,0.9706
239,PointNet,0.875,0.9218,0.8108,0.7895,0.9189
240,PointNet,0.9286,0.9547,0.8889,0.8889,0.9474
241,PointNet,0.8393,0.9125,0.7097,0.55,1.0
242,PointNet,0.9464,0.9972,0.9231,0.9,0.9722
243,PointNet,0.9643,0.9984,0.9375,0.9375,0.975
244,PointNet,0.9107,0.949,0.8,0.7143,0.9762
245,PointNet,0.8571,0.9868,0.8,0.6957,0.9697
246,PointNet,0.9107,0.9942,0.8485,0.7778,0.9737
247,PointNet,0.8929,0.9915,0.75,0.6429,0.9762
248,PointNet,0.9464,0.9547,0.9091,0.9375,0.95
249,PointNet,0.9286,0.9167,0.8947,0.85,0.9722
250,PointNet,0.9464,0.941,0.9388,0.8846,1.0
251,PointNet,0.8571,0.9626,0.8182,0.72,0.9677
252,PointNet,0.9286,0.9547,0.8667,0.8125,0.975
253,PointNet,0.875,0.9264,0.8,0.7,0.9722
254,PointNet,0.9286,0.881,0.8571,0.8571,0.9524
255,PointNet,0.8929,1.0,0.8421,0.7273,1.0
256,PointNet,0.8929,0.9701,0.8636,0.7917,0.9688
257,PointNet,0.8929,0.9811,0.7273,0.6667,0.9545
258,PointNet,0.9107,0.9875,0.878,0.9,0.9167
259,PointNet,0.875,0.9319,0.8,0.7,0.9722
260,PointNet,0.9286,0.936,0.8889,0.8421,0.973
261,PointNet,0.9464,1.0,0.9474,0.9,1.0
262,PointNet,0.9107,0.9849,0.8485,0.8235,0.9487
263,PointNet,0.9464,0.9948,0.9388,0.92,0.9677
264,PointNet,0.9107,0.8791,0.8571,0.7895,0.973
265,PointNet,0.8929,0.918,0.8636,0.7917,0.9688
266,PointNet,0.9464,0.95,0.9091,0.9375,0.95
267,PointNet,0.9286,0.9605,0.8824,0.8333,0.9737
268,PointNet,0.9643,0.9489,0.9167,0.9167,0.9773
269,PointNet,0.875,0.9407,0.8293,0.7391,0.9697
270,PointNet,0.9464,0.9935,0.9032,0.9333,0.9512
271,PointNet,0.8214,0.9413,0.8,0.6897,0.963
272,PointNet,0.9107,0.9156,0.8276,0.75,0.975
273,PointNet,0.9107,0.932,0.8718,0.8095,0.9714
274,PointNet,0.875,0.9674,0.8372,0.75,0.9688
275,PointNet,0.875,0.9565,0.8293,0.8095,0.9143
276,PointNet,0.875,0.9532,0.7586,0.6471,0.9744
277,PointNet,0.9107,0.9758,0.902,0.8214,1.0
278,PointNet,0.9107,1.0,0.9091,0.8333,1.0
279,PointNet,0.8929,0.9532,0.8235,0.7778,0.9474
280,PointNet,0.8929,0.9528,0.8421,0.8,0.9444
281,PointNet,0.875,0.9388,0.8372,0.75,0.9688
282,PointNet,0.9286,0.969,0.9167,0.88,0.9677
283,PointNet,0.9286,1.0,0.9048,0.8261,1.0
284,PointNet,0.9107,0.9513,0.898,0.8462,0.9667
285,PointNet,0.9464,0.9957,0.9189,0.8947,0.973
286,PointNet,0.875,0.951,0.8205,0.7619,0.9429
287,PointNet,0.875,0.9265,0.8205,0.7619,0.9429
288,PointNet,0.9286,1.0,0.875,0.7778,1.0
289,PointNet,0.9464,0.9625,0.9189,0.85,1.0
290,PointNet,0.9643,0.9944,0.9524,1.0,0.9444
291,PointNet,0.9464,0.9946,0.88,0.8462,0.9767
292,PointNet,0.9107,0.9578,0.8485,0.8235,0.9487
293,PointNet,0.8036,0.9864,0.6667,0.5238,0.9714
294,PointNet,0.8214,0.8918,0.6667,0.5556,0.9474
295,PointNet,0.9286,0.9644,0.8947,0.8947,0.9459
296,PointNet,0.8393,0.9484,0.7805,0.64,1.0
297,PointNet,0.875,0.9694,0.7879,0.65,1.0
298,PointNet,0.9464,0.9918,0.9302,0.9524,0.9429
299,PointNet,0.875,0.9587,0.8511,0.8,0.9355
300,PointNet,0.9286,0.9937,0.8667,0.8125,0.975
301,PointNet,0.8036,0.9198,0.7027,0.5909,0.9412
302,PointNet,0.9107,0.9933,0.878,0.8182,0.9706
303,PointNet,0.875,0.9389,0.8108,0.75,0.9444
304,PointNet,0.9464,0.994,0.9091,0.8824,0.9744
305,PointNet,0.8393,0.9465,0.7692,0.6818,0.9412
306,PointNet,0.9107,0.975,0.8571,0.75,1.0
307,PointNet,0.9107,0.9646,0.8718,0.8095,0.9714
308,PointNet,0.9643,1.0,0.9412,0.8889,1.0
309,PointNet,0.9107,0.9499,0.8837,0.8261,0.9697
310,PointNet,0.9464,0.9578,0.9091,0.8824,0.9744
311,PointNet,0.8571,0.9741,0.7647,0.619,1.0
312,PointNet,0.9464,0.9928,0.88,0.8462,0.9767
313,PointNet,0.9643,1.0,0.95,0.9048,1.0
314,PointNet,0.9107,0.9773,0.8718,0.7727,1.0
315,PointNet,0.9643,0.9642,0.9286,0.8667,1.0
316,PointNet,0.9107,0.9646,0.8718,0.8095,0.9714
317,PointNet,0.9286,0.9626,0.8462,0.7333,1.0
318,PointNet,0.9286,0.9219,0.8667,0.8125,0.975
319,PointNet,0.9107,1.0,0.8718,0.7727,1.0
320,PointNet,1.0,1.0,1.0,1.0,1.0
321,PointNet,0.8929,0.9471,0.8696,0.8,0.9677
322,PointNet,0.9643,1.0,0.9412,0.8889,1.0
323,PointNet,0.8929,0.9594,0.7857,0.6875,0.975
324,PointNet,0.9821,0.9723,0.9778,0.9565,1.0
325,PointNet,0.9107,0.9932,0.8,0.7143,0.9762
326,PointNet,0.8929,1.0,0.8421,0.7273,1.0
327,PointNet,0.8929,0.9181,0.8235,0.7778,0.9474
328,PointNet,0.9464,0.9583,0.9268,0.95,0.9444
329,PointNet,0.8571,0.9542,0.7647,0.65,0.9722
330,PointNet,0.9464,1.0,0.9091,0.8333,1.0
331,PointNet,0.875,0.924,0.8,0.7778,0.9211
332,PointNet,0.9107,0.9928,0.8276,0.9231,0.907
333,PointNet,0.8929,0.9559,0.85,0.7727,0.9706
334,PointNet,0.9464,0.9505,0.9333,0.875,1.0
335,PointNet,0.9643,0.9623,0.9375,0.8824,1.0
336,PointNet,0.8929,0.9489,0.8846,0.7931,1.0
337,PointNet,0.875,0.8861,0.8,0.7,0.9722
338,PointNet,0.9286,0.9626,0.8462,0.7333,1.0
339,PointNet,0.9643,1.0,0.95,0.9048,1.0
340,PointNet,0.9286,0.9839,0.8571,0.9231,0.9302
341,PointNet,0.9107,0.9517,0.8276,0.7059,1.0
342,PointNet,0.875,0.977,0.8679,0.8519,0.8966
343,PointNet,0.875,0.9111,0.6667,0.6364,0.9333
344,PointNet,0.9107,0.913,0.878,0.7826,1.0
345,PointNet,0.875,0.7891,0.72,0.5625,1.0
346,PointNet,0.875,0.9532,0.7742,0.6667,0.9737
347,PointNet,0.8929,0.9047,0.7857,0.6875,0.975
348,PointNet,0.9286,0.9937,0.875,0.875,0.95
349,PointNet,0.9107,0.9619,0.878,0.8571,0.9429
350,PointNet,0.8214,0.9143,0.6875,0.5238,1.0
351,PointNet,0.9643,0.9694,0.95,0.95,0.9722
352,PointNet,0.9107,0.9573,0.8718,0.8947,0.9189
353,PointNet,0.8929,0.8891,0.7,0.5385,1.0
354,PointNet,0.9821,1.0,0.9677,0.9375,1.0
355,PointNet,0.9107,0.9469,0.8485,0.875,0.925
356,PointNet,0.8571,0.9075,0.7778,0.6667,0.9714
357,PointNet,0.8929,0.9745,0.8846,0.8519,0.931
358,PointNet,0.9464,0.9917,0.9268,0.95,0.9444
359,PointNet,0.9286,0.9156,0.8571,0.75,1.0
360,PointNet,0.8929,0.9714,0.8571,0.75,1.0
361,PointNet,0.9286,1.0,0.9,0.8182,1.0
362,PointNet,0.9286,0.9561,0.8571,0.8,0.9756
363,PointNet,1.0,1.0,1.0,1.0,1.0
364,PointNet,0.9643,1.0,0.96,0.9231,1.0
365,PointNet,0.875,0.9825,0.7879,0.7222,0.9474
366,PointNet,0.9107,0.9591,0.8571,0.8333,0.9474
367,PointNet,0.8929,0.9891,0.85,0.8095,0.9429
368,PointNet,0.875,0.9893,0.8205,0.7273,0.9706
369,PointNet,0.875,0.9346,0.7742,0.6316,1.0
370,PointNet,0.9286,0.9706,0.9,0.8182,1.0
371,PointNet,0.9107,0.9453,0.8889,0.8333,0.9688
372,PointNet,0.9286,0.9456,0.8333,0.7143,1.0
373,PointNet,0.8571,0.9317,0.75,0.6316,0.973
374,PointNet,0.875,0.9532,0.8444,0.8636,0.8824
375,PointNet,0.8393,0.9035,0.7429,0.7222,0.8947
376,PointNet,0.9107,0.9358,0.8718,0.7727,1.0
377,PointNet,0.9107,0.9854,0.8387,0.8667,0.9268
378,PointNet,0.9286,0.9561,0.8824,0.8333,0.9737
379,PointNet,0.9643,1.0,0.9333,0.875,1.0
380,PointNet,0.8393,0.9591,0.8085,0.7037,0.9655
381,PointNet,0.8393,0.9236,0.7805,0.6957,0.9394
382,PointNet,0.9107,0.9605,0.8718,0.8095,0.9714
383,PointNet,0.9643,1.0,0.9444,0.8947,1.0
384,PointNet,0.9643,0.9971,0.9444,0.9444,0.9737
385,PointNet,0.9286,0.9671,0.9091,0.8696,0.9697
386,PointNet,0.8929,0.9893,0.8571,0.8182,0.9412
387,PointNet,0.9286,0.9893,0.9091,0.9091,0.9412
388,PointNet,0.9107,0.9447,0.878,0.7826,1.0
389,PointNet,0.9107,0.9946,0.8718,0.8095,0.9714
390,PointNet,0.9464,1.0,0.88,0.7857,1.0
391,PointNet,0.8929,0.8797,0.8,0.75,0.95
392,PointNet,0.875,0.981,0.8205,0.7619,0.9429
393,PointNet,0.9107,0.9946,0.8718,0.8095,0.9714
394,PointNet,0.9643,1.0,0.9444,0.8947,1.0
395,PointNet,0.9107,0.9898,0.9057,0.8889,0.931
396,PointNet,0.8393,0.9362,0.7805,0.6667,0.9688
397,PointNet,0.875,0.9035,0.7742,0.6667,0.9737
398,PointNet,0.8571,0.8827,0.8,0.6957,0.9697
399,PointNet,0.8929,0.9802,0.8696,0.8696,0.9091
400,PointNet,0.8214,0.9779,0.7368,0.5833,1.0
401,PointNet,0.8571,0.9652,0.8182,0.72,0.9677
402,PointNet,0.8929,0.9561,0.75,0.6,1.0
403,PointNet,0.9643,0.9464,0.9643,0.931,1.0
404,PointNet,0.9464,1.0,0.9302,0.8696,1.0
405,PointNet,0.8571,0.9083,0.7778,0.7,0.9444
406,PointNet,0.8929,0.8891,0.7857,0.6875,0.975
407,PointNet,0.9286,0.9932,0.8462,0.7857,0.9762
408,PointNet,0.9107,0.9347,0.8718,0.8095,0.9714
409,PointNet,0.9464,0.9602,0.9189,0.8947,0.973
410,PointNet,0.8393,0.9125,0.7273,0.6,0.9722
411,PointNet,0.9107,0.9918,0.878,0.8571,0.9429
412,PointNet,0.9286,0.9794,0.9333,0.9032,0.96
413,PointNet,0.9464,0.9969,0.9032,0.875,0.975
414,PointNet,0.9107,0.9667,0.8649,0.8,0.9722
415,PointNet,0.8929,0.925,0.8333,0.75,0.9722
416,PointNet,0.9107,0.9936,0.898,0.8462,0.9667
417,PointNet,0.9107,0.9561,0.8649,0.8889,0.9211
418,PointNet,0.875,0.9707,0.8627,0.7857,0.9643
419,PointNet,0.9464,1.0,0.9333,0.875,1.0
420,PointNet,0.9643,1.0,0.9333,0.875,1.0
421,PointNet,0.9464,1.0,0.9091,0.8333,1.0
422,PointNet,0.9643,0.9664,0.9412,0.8889,1.0
423,PointNet,0.8929,0.9918,0.8421,0.7619,0.9714
424,PointNet,0.9107,0.9484,0.8276,0.75,0.975
425,PointNet,0.9464,0.9347,0.9231,0.8571,1.0
426,PointNet,0.9643,0.9967,0.9333,0.9333,0.9756
427,PointNet,0.9464,1.0,0.9091,0.8333,1.0
428,PointNet,0.9107,0.951,0.8889,0.8,1.0
429,PointNet,0.9643,0.9942,0.9444,0.9444,0.9737
430,PointNet,0.9286,0.9889,0.9,0.9,0.9444
431,PointNet,0.9464,0.9957,0.9189,0.8947,0.973
432,PointNet,0.9464,0.9742,0.9362,0.88,1.0
433,PointNet,0.9107,0.8991,0.8387,0.7222,1.0
434,PointNet,0.8393,0.9492,0.7429,0.5909,1.0
435,PointNet,0.9286,1.0,0.8947,0.8095,1.0
436,PointNet,0.8929,0.9453,0.8571,0.75,1.0
437,PointNet,0.875,0.9433,0.8293,0.7391,0.9697
438,PointNet,0.875,0.85,0.7879,0.65,1.0
439,PointNet,0.9286,0.962,0.875,0.7778,1.0
440,PointNet,0.9286,0.9638,0.875,0.8235,0.9744
441,PointNet,0.8036,0.845,0.5926,0.4444,0.9737
442,PointNet,0.8929,0.9559,0.8235,0.7368,0.973
443,PointNet,0.9464,1.0,0.9302,0.8696,1.0
444,PointNet,0.8214,0.8592,0.7059,0.6316,0.9189
445,PointNet,0.9286,0.9542,0.9,0.9,0.9444
446,PointNet,0.9286,0.9666,0.9048,0.8636,0.9706
447,PointNet,0.9107,0.9644,0.8485,0.7368,1.0
448,PointNet,0.8214,0.8933,0.7619,0.6957,0.9091
449,PointNet,0.9464,0.9706,0.9302,0.9091,0.9706
450,PointNet,0.8571,1.0,0.8095,0.68,1.0
451,PointNet,0.8214,0.9278,0.7059,0.6,0.9444
452,PointNet,0.9286,0.9605,0.9,0.8571,0.9714
453,PointNet,0.9464,0.9507,0.88,0.7857,1.0
454,PointNet,0.8929,0.9573,0.8421,0.8421,0.9189
455,PointNet,0.9107,0.994,0.8387,0.7647,0.9744
456,PointNet,0.8929,0.9474,0.8235,0.7778,0.9474
457,PointNet,0.9643,1.0,0.9412,0.8889,1.0
458,PointNet,0.9107,0.991,0.8485,0.8235,0.9487
459,PointNet,0.9286,0.9563,0.8667,0.7647,1.0
460,PointNet,0.875,0.943,0.7879,0.7222,0.9474
461,PointNet,0.9107,0.9923,0.902,0.8519,0.9655
462,PointNet,0.8571,0.9813,0.8,0.7273,0.9412
463,PointNet,0.9107,0.9578,0.878,0.7826,1.0
464,PointNet,0.9286,0.9763,0.9048,0.8261,1.0
465,PointNet,0.8214,0.9551,0.8077,0.7,0.9615
466,PointNet,0.9464,0.9971,0.9143,0.8889,0.9737
467,PointNet,0.9821,1.0,0.9524,0.9091,1.0
468,PointNet,0.9643,1.0,0.9286,0.8667,1.0
469,PointNet,0.9643,0.9346,0.9444,0.8947,1.0
470,PointNet,0.9107,1.0,0.8649,0.7619,1.0
471,PointNet,0.9286,0.9608,0.8667,0.7647,1.0
472,PointNet,0.9107,0.9503,0.8571,0.8333,0.9474
473,PointNet,0.9107,1.0,0.8649,0.7619,1.0
474,PointNet,0.9107,0.9644,0.8571,0.7895,0.973
475,PointNet,0.9107,0.9671,0.8837,0.8261,0.9697
476,PointNet,0.9464,0.95,0.9032,0.875,0.975
477,PointNet,0.8393,0.9397,0.6897,0.5882,0.9487
478,PointNet,0.8929,0.9868,0.8333,0.8333,0.9211
479,PointNet,0.8929,0.9184,0.8333,0.7143,1.0
480,PointNet,0.8393,0.9271,0.7907,0.7083,0.9375
481,PointNet,0.875,0.9626,0.8293,0.7727,0.9412
482,PointNet,0.8571,0.9737,0.7647,0.7222,0.9211
483,PointNet,0.9464,0.9577,0.8889,0.8,1.0
484,PointNet,0.9286,0.9653,0.8889,0.8,1.0
485,PointNet,0.8929,0.9923,0.8696,0.8,0.9677
486,PointNet,0.8214,0.9225,0.7222,0.5909,0.9706
487,PointNet,0.9643,1.0,0.9474,0.9,1.0
488,PointNet,0.875,0.9252,0.8511,0.8,0.9355
489,PointNet,0.9107,0.9503,0.8718,0.9444,0.8947
490,PointNet,0.9464,1.0,0.9143,0.8421,1.0
491,PointNet,0.8929,0.987,0.8696,0.8333,0.9375
492,PointNet,0.9464,0.9955,0.9091,0.8824,0.9744
493,PointNet,0.9464,0.9246,0.9032,0.8235,1.0
494,PointNet,0.9286,0.9935,0.8571,0.8,0.9756
495,PointNet,0.8571,0.9417,0.7895,0.75,0.9167
496,PointNet,0.9286,0.9942,0.8824,0.8333,0.9737
497,PointNet,0.9464,1.0,0.9032,0.8235,1.0
498,PointNet,0.9464,0.9667,0.9189,0.85,1.0
499,PointNet,0.875,0.9194,0.8,0.7,0.9722
500,PointNet,0.9107,0.9412,0.8718,0.7727,1.0
501,PointNet,0.9107,0.9548,0.898,0.88,0.9355
502,PointNet,0.9643,1.0,0.9375,0.8824,1.0
503,PointNet,0.9464,0.8963,0.8889,0.8571,0.9762
504,PointNet,0.8929,0.9422,0.8125,0.8125,0.925
505,PointNet,0.9464,0.9944,0.9268,0.95,0.9444
506,PointNet,0.8571,0.9578,0.8,0.6957,0.9697
507,PointNet,0.9107,0.9902,0.8276,0.8,0.9512
508,PointNet,0.9464,0.9698,0.9091,0.8824,0.9744
509,PointNet,0.9643,1.0,0.95,0.9048,1.0
510,PointNet,0.9643,1.0,0.9444,0.8947,1.0
511,PointNet,0.8571,0.9005,0.7647,0.7647,0.8974
512,PointNet,0.8929,0.9879,0.8333,0.8824,0.8974
513,PointNet,0.9107,0.862,0.8571,0.7895,0.973
514,PointNet,0.9107,0.9796,0.8276,0.8571,0.9286
515,PointNet,0.8571,0.8878,0.6364,0.5,0.9762
516,PointNet,0.9464,0.9592,0.88,0.7857,1.0
517,PointNet,0.875,0.9565,0.8293,0.7391,0.9697
518,PointNet,0.9464,0.963,0.9143,0.8421,1.0
519,PointNet,0.9107,0.9469,0.8276,0.75,0.975
520,PointNet,0.9464,0.9545,0.9143,0.8421,1.0
521,PointNet,0.8571,0.9719,0.7333,0.6875,0.925
522,PointNet,0.9464,0.9971,0.9143,0.8889,0.9737
523,PointNet,0.8929,0.899,0.8235,0.7368,0.973
524,PointNet,0.9107,0.8772,0.8387,0.7222,1.0
525,PointNet,0.9464,0.9394,0.8571,0.8182,0.9778
526,PointNet,0.9286,0.9594,0.8667,0.8125,0.975
527,PointNet,0.8929,0.9808,0.8846,0.8846,0.9
528,PointNet,0.9643,0.9948,0.9583,0.9583,0.9688
529,PointNet,0.8214,0.8764,0.7368,0.7,0.8889
530,PointNet,0.9286,0.9346,0.8824,0.7895,1.0
531,PointNet,0.9286,0.9796,0.9231,0.8571,1.0
532,PointNet,0.9286,0.9902,0.8667,0.8667,0.9512
533,PointNet,0.8929,1.0,0.8125,0.6842,1.0
534,PointNet,0.9286,0.9594,0.8667,0.8125,0.975
535,PointNet,0.9286,0.9943,0.8889,0.8421,0.973
536,PointNet,0.9821,0.9986,0.9767,1.0,0.9714
537,PointNet,0.9286,0.9959,0.9,0.8571,0.9714
538,PointNet,0.9643,0.9756,0.9655,0.9333,1.0
539,PointNet,0.9464,0.9716,0.9143,0.8421,1.0
540,PointNet,0.9286,1.0,0.9,0.8182,1.0
541,PointNet,0.9107,0.9708,0.8571,0.75,1.0
542,PointNet,1.0,1.0,1.0,1.0,1.0
543,PointNet,0.8929,0.9886,0.8333,0.7895,0.9459
544,PointNet,0.9643,1.0,0.9286,0.8667,1.0
545,PointNet,0.9821,1.0,0.9756,0.9524,1.0
546,PointNet,0.8929,0.9167,0.8125,0.7222,0.9737
547,PointNet,0.9286,0.9758,0.8824,0.7895,1.0
548,PointNet,0.8214,0.8805,0.7059,0.6316,0.9189
549,PointNet,0.875,0.9688,0.8372,0.75,0.9688
550,PointNet,0.9107,0.9438,0.898,0.8148,1.0
551,PointNet,0.9643,0.9951,0.9333,0.9333,0.9756
552,PointNet,0.9821,0.9626,0.9655,0.9333,1.0
553,PointNet,0.9643,0.9953,0.9375,0.9375,0.975
554,PointNet,0.9643,0.9657,0.9545,0.913,1.0
555,PointNet,0.8929,0.9611,0.8421,0.8,0.9444
556,PointNet,0.8929,0.9412,0.85,0.7727,0.9706
557,PointNet,0.8929,0.936,0.8235,0.7368,0.973
558,PointNet,0.875,0.9203,0.8,0.7368,0.9459
559,PointNet,0.8571,0.9656,0.84,0.75,0.9643
560,PointNet,0.9464,1.0,0.8889,0.8,1.0
561,PointNet,0.8571,0.9333,0.7778,0.6667,0.9714
562,PointNet,0.8929,0.9361,0.8421,0.7619,0.9714
563,PointNet,0.9464,0.9583,0.9189,0.85,1.0
564,PointNet,0.9286,0.994,0.875,0.8235,0.9744
565,PointNet,0.875,0.9225,0.8,0.7778,0.9211
566,PointNet,0.9107,0.9541,0.7826,0.6429,1.0
567,PointNet,0.8929,0.9548,0.8125,0.7647,0.9487
568,PointNet,0.9464,0.9971,0.9189,0.9444,0.9474
569,PointNet,0.9464,0.9211,0.9091,0.8333,1.0
570,PointNet,0.9107,0.9532,0.8571,0.8333,0.9474
571,PointNet,0.9643,0.9983,0.9286,0.9286,0.9762
572,PointNet,0.9464,0.9736,0.9231,0.9,0.9722
573,PointNet,0.9464,0.9959,0.9268,0.9048,0.9714
574,PointNet,0.8929,0.95,0.8421,0.8,0.9444
575,PointNet,0.9464,1.0,0.9032,0.8235,1.0
576,PointNet,0.8393,0.9531,0.7907,0.7083,0.9375
577,PointNet,0.8929,0.9925,0.8,0.7059,0.9744
578,PointNet,0.9107,0.9591,0.8485,0.7778,0.9737
579,PointNet,0.9107,0.9948,0.8889,0.8333,0.9688
580,PointNet,0.8393,0.8286,0.7273,0.5714,1.0
581,PointNet,0.875,0.9673,0.7742,0.6316,1.0
582,PointNet,0.875,0.9583,0.8,0.7,0.9722
583,PointNet,0.9464,0.9898,0.9143,0.8889,0.9737
584,PointNet,0.8929,0.9535,0.875,0.84,0.9355
585,PointNet,0.9107,0.9922,0.8889,0.8333,0.9688
586,PointNet,0.9643,0.9644,0.9444,0.8947,1.0
587,PointNet,0.875,0.9844,0.7586,0.6875,0.95
588,PointNet,0.9286,0.9949,0.8462,0.7857,0.9762
589,PointNet,0.875,0.9639,0.8205,0.7273,0.9706
590,PointNet,0.9107,0.9518,0.8485,0.7778,0.9737
591,PointNet,0.9107,0.9837,0.878,0.8571,0.9429
592,PointNet,0.9464,1.0,0.9091,0.8333,1.0
593,PointNet,0.9286,0.9949,0.8462,0.7857,0.9762
594,PointNet,0.875,0.9341,0.8372,0.7826,0.9394
595,PointNet,0.9107,0.9276,0.8276,0.7059,1.0
596,PointNet,0.9643,1.0,0.9412,0.8889,1.0
597,PointNet,0.8929,0.9801,0.8333,0.7895,0.9459
598,PointNet,0.875,0.95,0.8108,0.75,0.9444
599,PointNet,0.9286,0.9642,0.8571,0.8,0.9756
600,PointNet,0.875,0.9398,0.8205,0.7273,0.9706
601,PointNet,0.9464,1.0,0.9231,0.8571,1.0
602,PointNet,0.8929,0.9427,0.8696,0.8333,0.9375
603,PointNet,0.875,0.9866,0.8293,0.7727,0.9412
604,PointNet,0.9464,0.9722,0.9189,0.85,1.0
605,PointNet,0.8929,0.9922,0.8636,0.7917,0.9688
606,PointNet,0.8929,0.9035,0.8125,0.7647,0.9487
607,PointNet,0.8929,0.9472,0.8125,0.7647,0.9487
608,PointNet,0.8214,0.9586,0.7222,0.5909,0.9706
609,PointNet,0.875,1.0,0.8293,0.7083,1.0
610,PointNet,0.9286,0.9547,0.8667,0.8125,0.975
611,PointNet,0.9464,0.9944,0.9268,0.95,0.9444
612,PointNet,0.9643,0.9768,0.9583,0.92,1.0
613,PointNet,0.9107,0.9518,0.8485,0.7778,0.9737
614,PointNet,0.8571,0.9192,0.8261,0.7308,0.9667
615,PointNet,0.9286,0.9548,0.875,0.8235,0.9744
616,PointNet,0.8571,0.9347,0.7647,0.65,0.9722
617,PointNet,0.8571,0.9291,0.7895,0.6818,0.9706
618,PointNet,0.9107,0.9587,0.8649,0.8421,0.9459
619,PointNet,0.8571,0.9786,0.8,0.7273,0.9412
620,PointNet,0.9643,0.9971,0.9444,0.9444,0.9737
621,PointNet,0.9464,1.0,0.8966,0.8125,1.0
622,PointNet,0.9821,0.9683,0.9697,0.9412,1.0
623,PointNet,0.9286,0.9082,0.8462,0.7857,0.9762
624,PointNet,0.875,0.9211,0.7879,0.7222,0.9474
625,PointNet,0.9286,0.9599,0.913,0.9545,0.9118
626,PointNet,0.8929,0.9917,0.8333,0.75,0.9722
627,PointNet,0.9286,0.9462,0.9167,0.8462,1.0
628,PointNet,0.8393,0.9884,0.7907,0.68,0.9677
629,PointNet,0.9107,0.9611,0.8649,0.8,0.9722
630,PointNet,0.9286,0.9716,0.913,0.84,1.0
631,PointNet,0.9643,0.9246,0.9375,0.8824,1.0
632,PointNet,0.9286,0.9347,0.8947,0.85,0.9722
633,PointNet,0.8929,0.9372,0.85,0.7727,0.9706
634,PointNet,0.9107,0.9935,0.8148,0.7333,0.9756
635,PointNet,0.875,0.9094,0.7586,0.6875,0.95
636,PointNet,0.8929,0.9742,0.8696,0.8,0.9677
637,PointNet,0.9821,0.9984,0.9697,1.0,0.975
638,PointNet,0.9286,1.0,0.913,0.84,1.0
639,PointNet,0.8929,0.9333,0.8235,0.7,1.0
640,PointNet,0.9821,1.0,0.973,0.9474,1.0
641,PointNet,0.9107,0.9412,0.8837,0.8636,0.9412
642,PointNet,0.9464,0.9463,0.88,0.8462,0.9767
643,PointNet,0.9286,0.9666,0.9,0.8182,1.0
644,PointNet,0.9464,0.9558,0.88,0.7857,1.0
645,PointNet,0.9643,1.0,0.9286,0.8667,1.0
646,PointNet,0.875,0.9118,0.8,0.7368,0.9459
647,PointNet,0.9107,0.9868,0.8889,0.8696,0.9394
648,PointNet,0.9107,0.9639,0.8649,0.8,0.9722
649,PointNet,0.8036,0.9278,0.7027,0.5909,0.9412
650,PointNet,0.8571,0.9492,0.7778,0.6364,1.0
651,PointNet,0.9107,0.9928,0.7826,0.6923,0.9767
652,PointNet,0.8929,0.9561,0.8235,0.7778,0.9474
653,PointNet,0.9286,0.9659,0.8889,0.8421,0.973
654,PointNet,0.9107,0.9912,0.8485,0.7778,0.9737
655,PointNet,0.9464,0.9427,0.9032,0.8235,1.0
656,PointNet,0.9107,0.9646,0.878,0.8571,0.9429
657,PointNet,0.9643,1.0,0.9545,0.913,1.0
658,PointNet,0.9464,1.0,0.9231,0.8571,1.0
659,PointNet,0.9821,1.0,0.9744,0.95,1.0
660,PointNet,0.8571,0.9389,0.7895,0.75,0.9167
661,PointNet,0.9107,1.0,0.8485,0.7368,1.0
662,PointNet,0.9107,0.9864,0.878,0.8571,0.9429
663,PointNet,0.8929,0.9918,0.8421,0.7619,0.9714
664,PointNet,0.875,1.0,0.8571,0.75,1.0
665,PointNet,0.8393,0.9578,0.7429,0.619,0.9714
666,PointNet,0.9821,0.9933,0.9778,1.0,0.9706
667,PointNet,0.9286,0.994,0.875,0.8235,0.9744
668,PointNet,0.9464,0.9937,0.9032,0.875,0.975
669,PointNet,0.9643,0.9459,0.9444,0.8947,1.0
670,PointNet,0.875,0.9394,0.8205,0.6957,1.0
671,PointNet,0.875,0.9813,0.8293,0.7727,0.9412
672,PointNet,0.9464,0.9594,0.9032,0.875,0.975
673,PointNet,0.9107,0.9547,0.8485,0.7778,0.9737
674,PointNet,0.9643,0.9985,0.9412,0.9412,0.9744
675,PointNet,0.8571,0.9889,0.7647,0.65,0.9722
676,PointNet,0.9107,0.9024,0.878,0.8182,0.9706
677,PointNet,0.9464,0.996,0.9302,0.9091,0.9706
678,PointNet,0.9643,0.9541,0.9231,0.8571,1.0
679,PointNet,0.9464,0.915,0.88,0.7857,1.0
680,PointNet,0.9464,0.9563,0.8966,0.8125,1.0
681,PointNet,0.9107,0.9934,0.8837,0.8261,0.9697
682,PointNet,0.8929,0.9445,0.7692,0.7692,0.9302
683,PointNet,0.875,0.9903,0.8,0.7,0.9722
684,PointNet,0.9286,0.9933,0.9048,0.8636,0.9706
685,PointNet,0.9286,0.9942,0.8824,0.8333,0.9737
686,PointNet,0.875,0.9465,0.8108,0.6818,1.0
687,PointNet,0.9286,0.981,0.9048,0.9048,0.9429
688,PointNet,0.875,0.92,0.8444,0.76,0.9677
689,PointNet,0.8929,0.9781,0.8636,0.76,1.0
690,PointNet,0.8393,0.9769,0.7907,0.6538,1.0
691,PointNet,0.9107,1.0,0.902,0.8214,1.0
692,PointNet,0.9286,1.0,0.8824,0.7895,1.0
693,PointNet,0.8393,0.9444,0.7273,0.6,0.9722
694,PointNet,0.8214,0.9401,0.75,0.7143,0.8857
695,PointNet,0.9107,0.9099,0.8,0.7143,0.9762
696,PointNet,0.9107,1.0,0.8837,0.7917,1.0
697,PointNet,0.9464,0.9545,0.8966,0.8667,0.9756
698,PointNet,0.9286,0.9679,0.9048,0.8636,0.9706
699,PointNet,0.9286,0.9953,0.8667,0.8125,0.975
700,PointNet,0.9286,0.9701,0.9091,0.8333,1.0
701,PointNet,0.8393,0.9095,0.6897,0.5882,0.9487
702,PointNet,0.9464,0.9964,0.8889,0.9231,0.9535
703,PointNet,0.8929,0.908,0.8235,0.8235,0.9231
704,PointNet,0.8929,0.9796,0.8571,0.8571,0.9143
705,PointNet,0.9286,0.9701,0.913,0.875,0.9688
706,PointNet,0.9464,1.0,0.9189,0.85,1.0
707,PointNet,0.8929,0.9518,0.8333,0.8333,0.9211
708,PointNet,0.8929,0.9619,0.8571,0.8571,0.9143
709,PointNet,0.9107,0.9661,0.8936,0.875,0.9375
710,PointNet,0.8929,0.9933,0.85,0.7727,0.9706
711,PointNet,0.875,0.9347,0.8,0.7,0.9722
712,PointNet,0.8929,0.95,0.8125,0.8125,0.925
713,PointNet,0.9821,1.0,0.9787,0.9583,1.0
714,PointNet,0.8929,0.9795,0.88,0.8462,0.9333
715,PointNet,0.8929,0.9473,0.75,0.6429,0.9762
716,PointNet,0.8571,0.8568,0.8,0.6667,1.0
717,PointNet,0.875,0.9427,0.8293,0.7083,1.0
718,PointNet,0.9107,0.9673,0.8571,0.7895,0.973
719,PointNet,0.9286,0.9944,0.9,0.9,0.9444
720,PointNet,0.9464,0.9578,0.9091,0.9375,0.95
721,PointNet,0.9821,1.0,0.973,0.9474,1.0
722,PointNet,0.9107,0.9385,0.898,0.8462,0.9667
723,PointNet,0.875,0.9035,0.7586,0.6471,0.9744
724,PointNet,0.9107,0.9246,0.8485,0.8235,0.9487
725,PointNet,0.9643,1.0,0.9375,0.8824,1.0
726,PointNet,0.9286,0.9652,0.9048,0.8636,0.9706
727,PointNet,0.9107,0.9336,0.8485,0.8235,0.9487
728,PointNet,0.9107,0.9719,0.878,0.8182,0.9706
729,PointNet,0.875,0.8958,0.8205,0.8,0.9167
730,PointNet,0.9286,0.9781,0.913,0.84,1.0
731,PointNet,0.8929,0.9587,0.8235,0.7368,0.973
732,PointNet,0.9107,0.9547,0.8571,0.8333,0.9474
733,PointNet,0.8571,0.9825,0.75,0.6667,0.9474
734,PointNet,0.8929,0.9646,0.8421,0.7619,0.9714
735,PointNet,0.9107,0.9061,0.8649,0.7619,1.0
736,PointNet,0.8393,0.9333,0.8163,0.7692,0.9
737,PointNet,0.8929,0.9796,0.88,0.7857,1.0
738,PointNet,0.9286,0.9517,0.8824,0.8824,0.9487
739,PointNet,0.8571,1.0,0.8182,0.6923,1.0
740,PointNet,0.8393,0.9116,0.7568,0.6667,0.9429
741,PointNet,0.9464,0.9923,0.9434,0.9615,0.9333
742,PointNet,0.9107,0.926,0.8485,0.7368,1.0
743,PointNet,0.9107,0.9611,0.8649,0.8,0.9722
744,PointNet,0.8929,0.9673,0.8421,0.7619,0.9714
745,PointNet,0.9464,1.0,0.9268,0.8636,1.0
746,PointNet,0.9643,0.9653,0.9375,0.8824,1.0
747,PointNet,0.9107,0.9912,0.8571,0.8333,0.9474
748,PointNet,0.9643,0.9957,0.9474,0.9474,0.973
749,PointNet,0.9643,0.9969,0.9375,0.9375,0.975
750,PointNet,0.9107,0.9932,0.8718,0.8095,0.9714
751,PointNet,0.9286,0.9915,0.8947,0.8947,0.9459
752,PointNet,0.875,0.8984,0.7742,0.75,0.925
753,PointNet,0.9464,0.9593,0.9032,0.8235,1.0
754,PointNet,0.8571,0.9578,0.7895,0.7143,0.9429
755,PointNet,0.9286,0.9947,0.9091,0.9091,0.9412
756,PointNet,0.9107,0.9569,0.8649,0.8,0.9722
757,PointNet,0.9286,0.9469,0.875,0.875,0.95
758,PointNet,0.7857,0.8795,0.7692,0.6667,0.9231
759,PointNet,0.8571,0.9427,0.8,0.6667,1.0
760,PointNet,0.9286,0.9593,0.8824,0.8824,0.9487
761,PointNet,0.9286,0.9951,0.875,0.9333,0.9268
762,PointNet,0.875,0.9278,0.8372,0.8182,0.9118
763,PointNet,0.9107,0.9561,0.8276,0.8,0.9512
764,PointNet,0.9821,0.9517,0.96,0.9231,1.0
765,PointNet,0.9464,1.0,0.9333,0.875,1.0
766,PointNet,0.9107,0.9646,0.8649,0.7619,1.0
767,PointNet,0.8929,0.9331,0.8235,0.7368,0.973
768,PointNet,0.9464,0.9639,0.9231,0.9,0.9722
769,PointNet,0.9107,0.9194,0.8649,0.8,0.9722
770,PointNet,0.9107,0.9768,0.8889,0.8,1.0
771,PointNet,0.875,0.8808,0.7586,0.6471,0.9744
772,PointNet,0.9286,1.0,0.875,0.7778,1.0
773,PointNet,0.875,0.9328,0.8293,0.7391,0.9697
774,PointNet,0.9464,0.9633,0.9268,0.9048,0.9714
775,PointNet,0.9107,0.9659,0.8485,0.7368,1.0
776,PointNet,0.8929,0.9583,0.85,0.85,0.9167
777,PointNet,0.9464,0.8914,0.9032,0.8235,1.0
778,PointNet,0.8929,0.9412,0.8571,0.8182,0.9412
779,PointNet,0.9286,0.9535,0.8182,0.6923,1.0
780,PointNet,0.8036,0.9077,0.7317,0.5769,1.0
781,PointNet,0.9286,0.924,0.8824,0.8333,0.9737
782,PointNet,0.9286,0.975,0.9048,0.8261,1.0
783,PointNet,0.9286,0.9447,0.9048,0.8261,1.0
784,PointNet,0.9286,0.9893,0.8462,0.8462,0.9535
785,PointNet,0.9107,0.85,0.8571,0.75,1.0
786,PointNet,0.9821,1.0,0.9697,0.9412,1.0
787,PointNet,0.8929,0.9866,0.8571,0.8182,0.9412
788,PointNet,0.9286,0.9938,0.8667,0.8125,0.975
789,PointNet,0.9821,1.0,0.9767,0.9545,1.0
790,PointNet,0.9286,1.0,0.8571,0.75,1.0
791,PointNet,0.8571,0.9442,0.75,0.7059,0.9231
792,PointNet,0.9107,0.9935,0.8889,0.8333,0.9688
793,PointNet,0.9464,0.9609,0.8966,0.8125,1.0
794,PointNet,0.9107,0.9683,0.8276,0.7059,1.0
795,PointNet,0.9643,0.9591,0.9412,0.8889,1.0
796,PointNet,0.875,0.9351,0.7879,0.7647,0.9231
797,PointNet,1.0,1.0,1.0,1.0,1.0
798,PointNet,0.9643,0.9779,0.9565,0.9167,1.0
799,PointNet,0.9286,0.9679,0.9,0.8182,1.0
800,PointNet,0.875,0.9769,0.8444,0.7308,1.0
801,PointNet,0.9286,0.9946,0.9,0.8571,0.9714
802,PointNet,0.9286,0.9723,0.9091,0.8696,0.9697
803,PointNet,0.9286,0.9708,0.8824,0.8333,0.9737
804,PointNet,0.8571,0.9693,0.8333,0.7407,0.9655
805,PointNet,0.9286,0.9782,0.9167,0.8462,1.0
806,PointNet,0.9286,0.941,0.8333,0.7692,0.9767
807,PointNet,0.9286,0.9684,0.9091,0.8696,0.9697
808,PointNet,0.9107,0.9903,0.8649,0.8,0.9722
809,PointNet,0.9107,0.991,0.8571,0.8824,0.9231
810,PointNet,0.9643,1.0,0.9231,0.8571,1.0
811,PointNet,0.875,0.9285,0.72,0.6,0.9756
812,PointNet,0.9464,0.9957,0.8421,0.8,0.9783
813,PointNet,0.9464,0.9955,0.9091,0.8824,0.9744
814,PointNet,0.8929,0.9532,0.8,0.7059,0.9744
815,PointNet,0.9286,0.9528,0.8571,0.8,0.9756
816,PointNet,0.9107,0.9642,0.8,0.6667,1.0
817,PointNet,0.875,0.9733,0.8108,0.6818,1.0
818,PointNet,0.9464,0.974,0.9333,0.875,1.0
819,PointNet,0.9821,1.0,0.9677,0.9375,1.0
820,PointNet,0.9107,0.9439,0.8148,0.7857,0.9524
821,PointNet,0.9643,0.9949,0.9286,0.9286,0.9762
822,PointNet,0.9821,0.9609,0.9677,0.9375,1.0
823,PointNet,0.8929,0.9578,0.7857,0.6875,0.975
824,PointNet,0.8929,0.9583,0.8636,0.7917,0.9688
825,PointNet,0.8929,0.9414,0.8636,0.7917,0.9688
826,PointNet,0.875,0.992,0.8205,0.7273,0.9706
827,PointNet,0.9107,1.0,0.8649,0.7619,1.0
828,PointNet,0.875,0.9829,0.8,0.7368,0.9459
829,PointNet,0.8571,0.9018,0.7333,0.5789,1.0
830,PointNet,0.9107,0.9394,0.7368,0.6364,0.9778
831,PointNet,0.9286,0.9593,0.8462,0.7333,1.0
832,PointNet,0.9464,0.9659,0.9231,0.9474,0.9459
833,PointNet,0.8393,0.8966,0.7568,0.6667,0.9429
834,PointNet,0.9464,1.0,0.9143,0.8421,1.0
835,PointNet,0.9643,0.9722,0.9412,0.8889,1.0
836,PointNet,0.9286,1.0,0.9091,0.8333,1.0
837,PointNet,0.9107,0.9518,0.8571,0.8333,0.9474
838,PointNet,0.9107,0.9368,0.8837,0.8261,0.9697
839,PointNet,0.875,0.9291,0.7879,0.7647,0.9231
840,PointNet,0.9107,0.9679,0.878,0.8182,0.9706
841,PointNet,0.9107,0.9653,0.8649,0.8,0.9722
842,PointNet,0.9464,0.9733,0.9268,0.8636,1.0
843,PointNet,0.875,0.9866,0.8293,0.7727,0.9412
844,PointNet,0.8571,0.9289,0.7647,0.6842,0.9459
845,PointNet,0.9643,0.949,0.9231,0.8571,1.0
846,PointNet,0.8929,0.9639,0.8333,0.75,0.9722
847,PointNet,0.875,0.9552,0.8205,0.6957,1.0
848,PointNet,0.9286,0.9722,0.8947,0.85,0.9722
849,PointNet,0.8929,1.0,0.8421,0.7273,1.0
850,PointNet,0.875,0.984,0.8293,0.7727,0.9412
851,PointNet,0.9107,0.9625,0.8649,0.8,0.9722
852,PointNet,0.9286,0.9936,0.92,0.8846,0.9667
853,PointNet,0.8393,0.8986,0.7805,0.6957,0.9394
854,PointNet,0.9286,0.9189,0.8889,0.8421,0.973
855,PointNet,0.8929,0.9642,0.88,0.8148,0.9655
856,PointNet,0.9107,0.9769,0.8649,0.7619,1.0
857,PointNet,0.9643,1.0,0.9333,0.875,1.0
858,PointNet,0.9464,0.9681,0.9231,0.9,0.9722
859,PointNet,0.9286,0.9677,0.9167,0.88,0.9677
860,PointNet,0.9107,0.9928,0.7826,0.6923,0.9767
861,PointNet,0.9643,0.9649,0.9444,0.9444,0.9737
862,PointNet,0.8929,0.9561,0.8125,0.7222,0.9737
863,PointNet,0.9821,1.0,0.973,0.9474,1.0
864,PointNet,0.9286,0.9638,0.8667,0.7647,1.0
865,PointNet,0.9286,0.9143,0.8947,0.8095,1.0
866,PointNet,0.8571,0.94,0.8333,0.7407,0.9655
867,PointNet,0.9107,0.9905,0.8718,0.8095,0.9714
868,PointNet,0.8214,1.0,0.6875,0.5238,1.0
869,PointNet,0.9464,0.9937,0.9032,0.875,0.975
870,PointNet,0.9107,1.0,0.8485,0.7368,1.0
871,PointNet,0.9286,0.962,0.8824,0.8333,0.9737
872,PointNet,0.9107,0.9548,0.8485,0.8235,0.9487
873,PointNet,0.9107,0.9591,0.8485,0.7778,0.9737
874,PointNet,0.9464,0.9638,0.9091,0.8824,0.9744
875,PointNet,0.9107,0.9891,0.878,0.8571,0.9429
876,PointNet,0.8571,0.96,0.8261,0.76,0.9355
877,PointNet,0.9643,1.0,0.9444,0.8947,1.0
878,PointNet,0.9107,0.8839,0.8889,0.8,1.0
879,PointNet,0.9464,0.9679,0.9333,0.9545,0.9412
880,PointNet,0.9821,1.0,0.973,0.9474,1.0
881,PointNet,0.8929,0.9833,0.8571,0.9,0.8889
882,PointNet,0.8571,0.9293,0.7895,0.7143,0.9429
883,PointNet,0.9107,0.9895,0.8837,0.8261,0.9697
884,PointNet,0.9107,0.9492,0.878,0.8182,0.9706
885,PointNet,0.875,0.9144,0.8205,0.7273,0.9706
886,PointNet,0.8929,0.991,0.875,0.8077,0.9667
887,PointNet,0.8571,0.9061,0.7778,0.7368,0.9189
888,PointNet,0.9107,1.0,0.8649,0.7619,1.0
889,PointNet,0.875,0.9768,0.8372,0.72,1.0
890,PointNet,0.9643,0.9983,0.9286,0.9286,0.9762
891,PointNet,0.9286,1.0,0.9,0.8182,1.0
892,PointNet,0.9464,0.9917,0.9302,1.0,0.9167
893,PointNet,0.8571,0.9315,0.8,0.6957,0.9697
894,PointNet,0.9107,0.9679,0.8837,0.8636,0.9412
895,PointNet,0.9286,0.9959,0.9,0.8571,0.9714
896,PointNet,0.8571,0.899,0.7778,0.7368,0.9189
897,PointNet,0.9643,0.9973,0.9524,0.9524,0.9714
898,PointNet,0.9107,0.9385,0.8837,0.8636,0.9412
899,PointNet,0.9464,0.9449,0.9412,0.9231,0.9667
900,PointNet,0.8929,0.9667,0.88,0.8462,0.9333
901,PointNet,0.9107,0.9542,0.8718,0.85,0.9444
902,PointNet,0.875,0.9561,0.7742,0.6667,0.9737
903,PointNet,0.9286,0.9879,0.8182,0.8182,0.9556
904,PointNet,0.9107,1.0,0.8571,0.75,1.0
905,PointNet,0.9286,0.963,0.8889,0.8421,0.973
906,PointNet,0.9286,0.9931,0.8947,0.85,0.9722
907,PointNet,0.9107,0.9898,0.8148,0.7857,0.9524
908,PointNet,0.8929,0.9625,0.8421,0.8,0.9444
909,PointNet,0.9107,0.9671,0.8837,0.8261,0.9697
910,PointNet,0.8929,0.9692,0.8889,0.8,1.0
911,PointNet,0.9107,0.9684,0.8837,0.8261,0.9697
912,PointNet,0.9107,0.9412,0.8387,0.7647,0.9744
913,PointNet,0.9643,0.9737,0.9412,0.8889,1.0
914,PointNet,0.9464,1.0,0.9268,0.8636,1.0
915,PointNet,0.8036,0.8523,0.6207,0.5,0.9474
916,PointNet,0.875,0.9893,0.8205,0.7273,0.9706
917,PointNet,0.9464,0.9973,0.9302,0.9091,0.9706
918,PointNet,0.9464,0.9626,0.9268,0.8636,1.0
919,PointNet,0.9286,0.9902,0.8667,0.8667,0.9512
920,PointNet,0.9107,0.9361,0.8649,0.8,0.9722
921,PointNet,0.875,0.9697,0.8205,0.6957,1.0
922,PointNet,0.9286,0.9957,0.8889,0.8421,0.973
923,PointNet,0.8929,1.0,0.8636,0.76,1.0
924,PointNet,0.9107,1.0,0.8837,0.7917,1.0
925,PointNet,0.9286,0.8558,0.75,0.6667,0.9787
926,PointNet,0.9107,1.0,0.8649,0.7619,1.0
927,PointNet,0.9286,0.9875,0.9048,0.95,0.9167
928,PointNet,0.8929,0.9602,0.8125,0.6842,1.0
929,PointNet,0.9107,0.9548,0.8485,0.8235,0.9487
930,PointNet,0.8929,0.8707,0.8333,0.7143,1.0
931,PointNet,0.9107,0.9935,0.8889,0.8333,0.9688
932,PointNet,0.8929,0.9915,0.8235,0.7368,0.973
933,PointNet,0.9107,1.0,0.8718,0.7727,1.0
934,PointNet,0.875,0.9854,0.7879,0.7222,0.9474
935,PointNet,0.9286,1.0,0.9231,0.8571,1.0
936,PointNet,0.9643,1.0,0.9412,0.8889,1.0
937,PointNet,0.9286,0.9659,0.8889,0.8421,0.973
938,PointNet,0.9286,0.9701,0.9,0.8571,0.9714
939,PointNet,0.8571,0.9644,0.8,0.6957,0.9697
940,PointNet,0.9464,0.9708,0.9189,0.85,1.0
941,PointNet,0.9107,0.9597,0.8649,0.8,0.9722
942,PointNet,0.9107,0.9934,0.8837,0.8261,0.9697
943,PointNet,0.875,0.9516,0.8,0.7368,0.9459
944,PointNet,0.9821,0.9687,0.9756,0.9524,1.0
945,PointNet,0.9464,1.0,0.9362,0.88,1.0
946,PointNet,0.9286,0.9336,0.8667,0.7647,1.0
947,PointNet,0.9286,0.9729,0.913,0.84,1.0
948,PointNet,0.9464,0.997,0.9091,0.8824,0.9744
949,PointNet,0.9107,0.95,0.8718,0.85,0.9444
950,PointNet,0.8929,0.992,0.85,0.7727,0.9706
951,PointNet,0.8929,0.9641,0.88,0.8462,0.9333
952,PointNet,0.9107,0.9612,0.878,0.8182,0.9706
953,PointNet,0.875,0.9556,0.8293,0.85,0.8889
954,PointNet,0.9464,0.9701,0.9189,0.8947,0.973
955,PointNet,0.9643,1.0,0.95,0.9048,1.0
956,PointNet,0.875,0.9587,0.7879,0.6842,0.973
957,PointNet,0.9464,0.9932,0.9268,0.9048,0.9714
958,PointNet,0.9107,0.9473,0.8148,0.7857,0.9524
959,PointNet,0.9107,0.971,0.8889,0.8696,0.9394
960,PointNet,0.8929,0.9349,0.8636,0.7917,0.9688
961,PointNet,0.9107,0.9548,0.8485,0.8235,0.9487
962,PointNet,0.8929,0.9583,0.85,0.85,0.9167
963,PointNet,0.9286,0.9961,0.913,0.875,0.9688
964,PointNet,0.9286,1.0,0.875,0.7778,1.0
965,PointNet,0.8571,0.9714,0.8,0.7619,0.9143
966,PointNet,0.9464,0.9942,0.9143,0.8889,0.9737
967,PointNet,0.9107,0.9929,0.8571,0.7895,0.973
968,PointNet,0.8571,0.9278,0.7895,0.75,0.9167
969,PointNet,0.9464,0.9065,0.8889,0.8571,0.9762
970,PointNet,0.8393,0.9412,0.7692,0.6818,0.9412
971,PointNet,0.9286,0.9875,0.875,0.875,0.95
972,PointNet,0.9464,0.925,0.9032,0.875,0.975
973,PointNet,0.9643,0.9758,0.9444,0.8947,1.0
974,PointNet,0.9821,1.0,0.973,0.9474,1.0
975,PointNet,1.0,1.0,1.0,1.0,1.0
976,PointNet,0.9821,1.0,0.9778,0.9565,1.0
977,PointNet,0.875,0.9194,0.8108,0.75,0.9444
978,PointNet,0.9643,0.9982,0.9231,0.9231,0.9767
979,PointNet,0.8929,0.926,0.8125,0.6842,1.0
980,PointNet,0.9464,0.9783,0.9434,0.8929,1.0
981,PointNet,0.875,0.9465,0.8372,0.8182,0.9118
982,PointNet,0.9286,1.0,0.9091,0.8333,1.0
983,PointNet,0.8929,0.9609,0.8636,0.7917,0.9688
984,PointNet,0.875,0.8684,0.7742,0.6667,0.9737
985,PointNet,0.8929,0.9289,0.8125,0.6842,1.0
986,PointNet,0.8929,0.8594,0.7857,0.6875,0.975
987,PointNet,0.9643,0.9969,0.9375,0.9375,0.975
988,PointNet,0.9107,0.9819,0.8485,0.8235,0.9487
989,PointNet,0.8929,0.8833,0.8333,0.75,0.9722
990,PointNet,0.9107,0.9943,0.8571,0.7895,0.973
991,PointNet,0.9107,0.9673,0.8718,0.8095,0.9714
992,PointNet,0.7857,0.9104,0.625,0.5263,0.9189
993,PointNet,0.9107,0.9465,0.8718,0.7727,1.0
994,PointNet,0.8393,0.8933,0.7097,0.5789,0.973
995,PointNet,0.9107,0.9293,0.8649,0.7619,1.0
996,PointNet,0.9643,1.0,0.9375,0.8824,1.0
997,PointNet,0.9464,0.9626,0.8889,0.8,1.0
998,PointNet,0.9643,1.0,0.9444,0.8947,1.0
999,PointNet,0.9464,1.0,0.9333,0.875,1.0
1000,PointNet,0.9286,0.9561,0.8824,0.8333,0.9737
1,ResNet+AE,0.9643,0.9896,0.96,1.0,0.9375
2,ResNet+AE,0.9286,0.9639,0.913,0.9545,0.9118
3,ResNet+AE,0.9821,0.9547,0.9714,0.9444,1.0
4,ResNet+AE,0.875,0.7311,0.6957,0.6667,0.9318
5,ResNet+AE,0.9286,0.9548,0.8889,0.9412,0.9231
6,ResNet+AE,0.9464,0.9616,0.9231,0.9474,0.9459
7,ResNet+AE,0.9643,0.9515,0.9643,0.931,1.0
8,ResNet+AE,0.9464,0.9915,0.9268,1.0,0.9189
9,ResNet+AE,0.9464,0.931,0.9362,0.9167,0.9688
10,ResNet+AE,0.9643,0.9908,0.9583,1.0,0.9394
11,ResNet+AE,0.875,0.951,0.8511,0.9524,0.8286
12,ResNet+AE,0.9464,0.9673,0.9231,0.9474,0.9459
13,ResNet+AE,0.9643,0.9548,0.9412,0.9412,0.9744
14,ResNet+AE,0.9286,0.966,0.9091,0.9524,0.9143
15,ResNet+AE,0.8571,0.9367,0.8,0.9412,0.8205
16,ResNet+AE,0.9643,0.9487,0.9412,0.9412,0.9744
17,ResNet+AE,0.9464,0.9619,0.9302,0.9524,0.9429
18,ResNet+AE,0.9643,0.9985,0.9444,1.0,0.9487
19,ResNet+AE,0.8929,0.9167,0.8571,0.9,0.8889
20,ResNet+AE,0.9286,0.9196,0.913,0.913,0.9394
21,ResNet+AE,0.8929,0.9431,0.8571,0.9474,0.8649
22,ResNet+AE,0.875,0.872,0.8205,0.8421,0.8919
23,ResNet+AE,0.8571,0.9213,0.875,0.9032,0.8
24,ResNet+AE,0.9464,0.9535,0.9388,0.92,0.9677
25,ResNet+AE,0.9286,0.9505,0.913,0.9545,0.9118
26,ResNet+AE,0.9821,0.9972,0.9744,1.0,0.973
27,ResNet+AE,0.875,0.942,0.8627,0.9565,0.8182
28,ResNet+AE,0.9286,0.9143,0.9,0.8571,0.9714
29,ResNet+AE,0.8929,0.9033,0.85,0.8947,0.8919
30,ResNet+AE,0.9643,0.9703,0.96,0.96,0.9677
31,ResNet+AE,0.9464,0.9523,0.9412,0.96,0.9355
32,ResNet+AE,0.9107,0.9205,0.8148,0.9167,0.9091
33,ResNet+AE,1.0,1.0,1.0,1.0,1.0
34,ResNet+AE,0.9464,0.9354,0.9333,0.913,0.9697
35,ResNet+AE,0.9286,0.914,0.8824,0.8824,0.9487
36,ResNet+AE,0.9286,0.9488,0.9,0.9474,0.9189
37,ResNet+AE,0.9107,0.8788,0.8889,0.8696,0.9394
38,ResNet+AE,0.9464,0.9654,0.9434,0.9615,0.9333
39,ResNet+AE,0.9286,0.9545,0.9,0.9474,0.9189
40,ResNet+AE,0.9107,0.9635,0.902,0.9583,0.875
41,ResNet+AE,0.9107,0.8422,0.8718,0.8095,0.9714
42,ResNet+AE,0.9107,0.9167,0.878,0.9,0.9167
43,ResNet+AE,0.9107,0.9313,0.8571,0.9375,0.9
44,ResNet+AE,0.8929,0.9833,0.8696,1.0,0.8333
45,ResNet+AE,0.9643,1.0,0.9412,1.0,0.95
46,ResNet+AE,0.9643,0.9728,0.9545,1.0,0.9429
47,ResNet+AE,0.8393,0.9197,0.8085,0.9048,0.8
48,ResNet+AE,0.875,0.9123,0.8205,0.8889,0.8684
49,ResNet+AE,0.9464,0.9886,0.9091,1.0,0.9268
50,ResNet+AE,0.875,0.8789,0.8372,0.8571,0.8857
51,ResNet+AE,0.9464,0.9609,0.9388,0.9583,0.9375
52,ResNet+AE,0.9286,0.9985,0.9,1.0,0.8947
53,ResNet+AE,0.9643,0.9878,0.9545,1.0,0.9429
54,ResNet+AE,0.9643,0.9586,0.9545,0.9545,0.9706
55,ResNet+AE,0.9464,0.9768,0.9434,1.0,0.9032
56,ResNet+AE,1.0,1.0,1.0,1.0,1.0
57,ResNet+AE,0.9464,0.9703,0.9143,1.0,0.925
58,ResNet+AE,0.9286,0.9578,0.9091,0.9524,0.9143
59,ResNet+AE,0.9464,0.957,0.9388,0.9583,0.9375
60,ResNet+AE,0.9286,0.9372,0.9333,0.9333,0.9231
61,ResNet+AE,0.9286,0.9336,0.9167,0.9167,0.9375
62,ResNet+AE,0.9821,0.9946,0.9767,1.0,0.9714
63,ResNet+AE,0.9464,0.9561,0.9189,0.9444,0.9474
64,ResNet+AE,0.9464,0.9597,0.9268,0.95,0.9444
65,ResNet+AE,0.8929,0.8748,0.8696,0.8696,0.9091
66,ResNet+AE,1.0,1.0,1.0,1.0,1.0
67,ResNet+AE,0.9286,0.9293,0.9091,0.9524,0.9143
68,ResNet+AE,0.9286,0.9866,0.9167,1.0,0.8824
69,ResNet+AE,0.9286,0.9211,0.9048,0.9048,0.9429
70,ResNet+AE,0.8929,0.9346,0.8571,0.9474,0.8649
71,ResNet+AE,0.9286,0.8494,0.8824,0.8333,0.9737
72,ResNet+AE,0.9643,0.9648,0.9583,0.9583,0.9688
73,ResNet+AE,0.9464,0.9984,0.9091,1.0,0.9268
74,ResNet+AE,0.9107,1.0,0.8571,1.0,0.878
75,ResNet+AE,0.8571,0.9219,0.8462,0.9167,0.8125
76,ResNet+AE,0.9821,1.0,0.9778,1.0,0.9706
77,ResNet+AE,0.9464,0.9618,0.9362,0.9565,0.9394
78,ResNet+AE,0.9107,0.9666,0.8936,0.9545,0.8824
79,ResNet+AE,0.9643,0.9766,0.96,1.0,0.9375
80,ResNet+AE,0.875,0.9401,0.8511,0.9524,0.8286
81,ResNet+AE,0.9286,0.9569,0.9048,0.95,0.9167
82,ResNet+AE,0.9107,0.9622,0.902,0.9583,0.875
83,ResNet+AE,0.9107,0.9552,0.898,0.9565,0.8788
84,ResNet+AE,0.9464,0.9444,0.9268,0.95,0.9444
85,ResNet+AE,0.9643,0.9406,0.9583,0.92,1.0
86,ResNet+AE,0.875,0.9444,0.8293,0.9444,0.8421
87,ResNet+AE,0.9464,0.9125,0.9091,0.8824,0.9744
88,ResNet+AE,0.8571,0.8944,0.7895,0.8824,0.8462
89,ResNet+AE,0.9643,0.9548,0.9412,0.9412,0.9744
90,ResNet+AE,0.9286,0.8816,0.9,0.8571,0.9714
91,ResNet+AE,0.9643,0.9972,0.9524,1.0,0.9444
92,ResNet+AE,0.9464,0.9484,0.9091,0.9375,0.95
93,ResNet+AE,0.9643,0.984,0.9565,1.0,0.9412
94,ResNet+AE,0.8929,0.9578,0.88,0.9565,0.8485
95,ResNet+AE,0.8929,0.9251,0.8696,0.9091,0.8824
96,ResNet+AE,0.9286,0.9281,0.8824,0.9375,0.925
97,ResNet+AE,0.9464,1.0,0.9231,1.0,0.9211
98,ResNet+AE,0.9286,0.9474,0.8947,0.9444,0.9211
99,ResNet+AE,0.9107,0.8971,0.8837,0.8636,0.9412
100,ResNet+AE,0.8929,0.9375,0.8636,0.95,0.8611
101,ResNet+AE,0.9643,0.9917,0.9524,1.0,0.9444
102,ResNet+AE,0.9643,0.974,0.9583,0.9583,0.9688
103,ResNet+AE,0.9821,0.9909,0.9796,1.0,0.9688
104,ResNet+AE,0.8929,0.8813,0.8235,0.875,0.9
105,ResNet+AE,0.875,0.9115,0.8627,0.9167,0.8438
106,ResNet+AE,0.9464,0.9075,0.9189,0.8947,0.973
107,ResNet+AE,0.9821,1.0,0.963,1.0,0.9767
108,ResNet+AE,0.9643,0.9587,0.96,0.96,0.9677
109,ResNet+AE,0.9107,0.7955,0.7826,0.75,0.9545
110,ResNet+AE,0.9286,0.99,0.9048,1.0,0.8919
111,ResNet+AE,0.9464,0.9972,0.9268,1.0,0.9189
112,ResNet+AE,0.9464,0.9417,0.9231,0.9474,0.9459
113,ResNet+AE,0.9821,0.9987,0.9804,1.0,0.9677
114,ResNet+AE,0.9643,0.9732,0.9643,0.9643,0.9643
115,ResNet+AE,0.9286,0.9583,0.92,0.9583,0.9062
116,ResNet+AE,0.875,0.9458,0.8444,0.95,0.8333
117,ResNet+AE,0.9286,0.9687,0.9091,0.9524,0.9143
118,ResNet+AE,0.875,0.9139,0.8372,0.9,0.8611
119,ResNet+AE,0.9821,1.0,0.973,1.0,0.9737
120,ResNet+AE,0.9464,0.9635,0.9189,0.9444,0.9474
121,ResNet+AE,0.9464,0.9586,0.9333,0.9545,0.9412
122,ResNet+AE,0.9643,0.9701,0.9524,0.9524,0.9714
123,ResNet+AE,0.8929,0.8957,0.8636,0.8636,0.9118
124,ResNet+AE,0.9464,0.9254,0.9143,0.8889,0.9737
125,ResNet+AE,0.875,0.9445,0.8727,0.96,0.8065
126,ResNet+AE,0.9286,0.9497,0.9091,0.9524,0.9143
127,ResNet+AE,0.9643,0.9401,0.9565,0.9167,1.0
128,ResNet+AE,0.9107,0.9532,0.8936,0.9545,0.8824
129,ResNet+AE,0.9643,0.9006,0.9412,0.8889,1.0
130,ResNet+AE,0.9107,0.9559,0.878,0.9474,0.8919
131,ResNet+AE,0.8929,0.9361,0.8571,0.9,0.8889
132,ResNet+AE,0.9286,0.9315,0.913,0.913,0.9394
133,ResNet+AE,0.9464,0.9879,0.9189,1.0,0.9231
134,ResNet+AE,0.875,0.9381,0.8627,0.9565,0.8182
135,ResNet+AE,0.9643,0.9818,0.96,1.0,0.9375
136,ResNet+AE,0.9643,0.9181,0.9412,0.8889,1.0
137,ResNet+AE,0.9464,0.9472,0.9143,0.9412,0.9487
138,ResNet+AE,0.9464,0.9969,0.9143,1.0,0.925
139,ResNet+AE,0.9107,0.9569,0.8889,1.0,0.8611
140,ResNet+AE,0.8929,0.8776,0.8571,0.8571,0.9143
141,ResNet+AE,0.9464,0.9457,0.9143,0.9412,0.9487
142,ResNet+AE,0.9286,0.8826,0.8333,0.8333,0.9545
143,ResNet+AE,0.9286,0.944,0.9167,0.9167,0.9375
144,ResNet+AE,0.8929,0.9297,0.8333,0.9375,0.875
145,ResNet+AE,0.9286,0.9898,0.9,1.0,0.8947
146,ResNet+AE,0.9286,0.9391,0.8824,0.9375,0.925
147,ResNet+AE,0.8393,0.8919,0.7907,0.8947,0.8108
148,ResNet+AE,0.9107,0.8944,0.8571,0.8824,0.9231
149,ResNet+AE,0.875,0.864,0.8108,0.8333,0.8947
150,ResNet+AE,0.875,0.8906,0.8,0.875,0.875
151,ResNet+AE,0.8571,0.8984,0.8333,0.9091,0.8235
152,ResNet+AE,0.9643,0.9895,0.9583,1.0,0.9394
153,ResNet+AE,0.9286,0.9437,0.8824,0.9375,0.925
154,ResNet+AE,0.8929,0.892,0.8636,0.8261,0.9394
155,ResNet+AE,0.9643,1.0,0.9524,1.0,0.9444
156,ResNet+AE,0.9821,0.9623,0.9697,0.9412,1.0
157,ResNet+AE,0.9286,0.9659,0.9048,1.0,0.8919
158,ResNet+AE,0.9286,0.9417,0.9,0.9474,0.9189
159,ResNet+AE,0.9464,0.991,0.9189,1.0,0.9231
160,ResNet+AE,0.9286,0.95,0.9048,0.95,0.9167
161,ResNet+AE,0.9107,0.9537,0.8889,0.9524,0.8857
162,ResNet+AE,0.9821,0.9881,0.9655,1.0,0.9762
163,ResNet+AE,1.0,1.0,1.0,1.0,1.0
164,ResNet+AE,0.9643,0.9864,0.9545,1.0,0.9429
165,ResNet+AE,0.875,0.8544,0.8372,0.8571,0.8857
166,ResNet+AE,0.9286,0.9593,0.8889,0.9412,0.9231
167,ResNet+AE,0.8929,0.8748,0.7857,0.8462,0.907
168,ResNet+AE,0.9464,0.9315,0.9333,0.913,0.9697
169,ResNet+AE,0.8929,0.9417,0.8636,0.95,0.8611
170,ResNet+AE,0.9107,0.7951,0.8148,0.7333,0.9756
171,ResNet+AE,0.9107,0.9458,0.8837,0.95,0.8889
172,ResNet+AE,0.9107,0.9753,0.9057,1.0,0.8438
173,ResNet+AE,0.9643,0.9503,0.9444,0.9444,0.9737
174,ResNet+AE,0.9286,0.9401,0.9048,0.9048,0.9429
175,ResNet+AE,0.9286,0.9861,0.9091,1.0,0.8889
176,ResNet+AE,0.9643,0.9622,0.9583,0.9583,0.9688
177,ResNet+AE,0.8571,0.9415,0.7778,0.9333,0.8293
178,ResNet+AE,0.9107,0.9289,0.8718,0.8947,0.9189
179,ResNet+AE,0.9643,0.9657,0.9565,0.9565,0.9697
180,ResNet+AE,0.9643,0.9547,0.9375,0.9375,0.975
181,ResNet+AE,0.9464,0.9653,0.9268,0.95,0.9444
182,ResNet+AE,0.8929,0.9505,0.8846,0.9583,0.8438
183,ResNet+AE,0.9643,0.9618,0.9565,0.9565,0.9697
184,ResNet+AE,0.9643,1.0,0.96,1.0,0.9375
185,ResNet+AE,0.9286,0.9444,0.8947,0.9444,0.9211
186,ResNet+AE,0.9643,0.992,0.9565,1.0,0.9412
187,ResNet+AE,0.9107,0.95,0.8837,0.95,0.8889
188,ResNet+AE,0.8571,0.9573,0.8182,0.9474,0.8108
189,ResNet+AE,0.9107,0.9605,0.8889,0.9524,0.8857
190,ResNet+AE,0.9286,0.9252,0.92,0.92,0.9355
191,ResNet+AE,0.9821,0.9987,0.9811,1.0,0.9667
192,ResNet+AE,0.9464,0.9787,0.9268,1.0,0.9189
193,ResNet+AE,0.9464,0.9513,0.9412,0.9231,0.9667
194,ResNet+AE,0.9286,0.9596,0.92,0.9583,0.9062
195,ResNet+AE,0.9464,0.9486,0.9362,0.9565,0.9394
196,ResNet+AE,0.9286,0.9425,0.931,0.931,0.9259
197,ResNet+AE,0.9643,0.9847,0.9333,1.0,0.9524
198,ResNet+AE,0.8929,0.9278,0.8696,0.9091,0.8824
199,ResNet+AE,0.9286,0.9894,0.8947,1.0,0.8974
200,ResNet+AE,0.9643,0.9919,0.9375,1.0,0.9512
201,ResNet+AE,0.9286,0.9505,0.913,0.9545,0.9118
202,ResNet+AE,0.875,0.872,0.8205,0.8421,0.8919
203,ResNet+AE,0.8571,0.9346,0.8182,0.9474,0.8108
204,ResNet+AE,0.9643,0.9932,0.9545,1.0,0.9429
205,ResNet+AE,0.9286,0.9918,0.913,1.0,0.8857
206,ResNet+AE,0.8929,0.95,0.8636,0.95,0.8611
207,ResNet+AE,0.9464,0.9341,0.9333,0.913,0.9697
208,ResNet+AE,0.8929,0.9181,0.8421,0.8889,0.8947
209,ResNet+AE,0.9643,0.9902,0.9375,1.0,0.9512
210,ResNet+AE,0.8214,0.8403,0.7619,0.8,0.8333
211,ResNet+AE,0.8571,0.873,0.7333,0.8462,0.8605
212,ResNet+AE,0.9107,0.9617,0.918,0.9655,0.8519
213,ResNet+AE,0.9286,0.9459,0.9,0.9474,0.9189
214,ResNet+AE,0.9286,0.9915,0.875,1.0,0.9048
215,ResNet+AE,0.8929,0.9156,0.8636,0.9048,0.8857
216,ResNet+AE,0.9286,0.9197,0.9048,0.9048,0.9429
217,ResNet+AE,0.8393,0.9484,0.7692,0.9375,0.8
218,ResNet+AE,0.9464,0.9891,0.9333,1.0,0.9143
219,ResNet+AE,0.9107,0.8893,0.8889,0.8696,0.9394
220,ResNet+AE,0.9821,1.0,0.9744,1.0,0.973
221,ResNet+AE,0.9286,0.8418,0.8462,0.7857,0.9762
222,ResNet+AE,0.9821,0.9605,0.9714,0.9444,1.0
223,ResNet+AE,0.9643,0.9861,0.9524,1.0,0.9444
224,ResNet+AE,0.9821,0.9648,0.9787,0.9583,1.0
225,ResNet+AE,0.875,0.8904,0.8444,0.8636,0.8824
226,ResNet+AE,0.9286,0.9839,0.9,1.0,0.8947
227,ResNet+AE,0.9286,0.9362,0.9167,0.9167,0.9375
228,ResNet+AE,0.9286,0.9537,0.9091,0.9524,0.9143
229,ResNet+AE,0.9286,0.9236,0.9,0.9,0.9444
230,ResNet+AE,0.9643,0.9386,0.9412,0.8889,1.0
231,ResNet+AE,0.8929,0.9457,0.8421,0.9412,0.8718
232,ResNet+AE,0.9643,0.9667,0.9615,0.9615,0.9667
233,ResNet+AE,0.9107,0.9559,0.8936,0.9545,0.8824
234,ResNet+AE,0.9643,0.994,0.9444,1.0,0.9487
235,ResNet+AE,0.9286,0.9545,0.9,0.9474,0.9189
236,ResNet+AE,0.8929,0.8797,0.8636,0.8636,0.9118
237,ResNet+AE,0.9107,0.9872,0.8837,1.0,0.8649
238,ResNet+AE,0.9464,0.996,0.9362,1.0,0.9118
239,ResNet+AE,0.8571,0.8933,0.8095,0.8947,0.8378
240,ResNet+AE,0.9286,0.9532,0.8947,0.9444,0.9211
241,ResNet+AE,0.9286,0.9083,0.8947,0.85,0.9722
242,ResNet+AE,0.9643,0.9875,0.9524,1.0,0.9444
243,ResNet+AE,0.9643,0.9969,0.9412,1.0,0.95
244,ResNet+AE,0.9286,0.9354,0.8667,0.9286,0.9286
245,ResNet+AE,0.9643,0.9868,0.9583,1.0,0.9394
246,ResNet+AE,0.9643,0.9912,0.9474,1.0,0.9474
247,ResNet+AE,0.9107,0.9796,0.8485,1.0,0.881
248,ResNet+AE,0.9107,0.9422,0.8571,0.9375,0.9
249,ResNet+AE,0.9286,0.9139,0.9,0.9,0.9444
250,ResNet+AE,0.8929,0.9308,0.8889,0.9231,0.8667
251,ResNet+AE,0.9464,0.9535,0.9412,0.96,0.9355
252,ResNet+AE,0.9643,0.95,0.9375,0.9375,0.975
253,ResNet+AE,0.8929,0.9181,0.8571,0.9,0.8889
254,ResNet+AE,0.8929,0.8912,0.8,0.8571,0.9048
255,ResNet+AE,1.0,1.0,1.0,1.0,1.0
256,ResNet+AE,0.9464,0.9596,0.9388,0.9583,0.9375
257,ResNet+AE,0.875,0.9811,0.7742,1.0,0.8409
258,ResNet+AE,0.9286,0.9917,0.9091,1.0,0.8889
259,ResNet+AE,0.8571,0.9278,0.8182,0.9,0.8333
260,ResNet+AE,0.9286,0.9118,0.8947,0.8947,0.9459
261,ResNet+AE,0.9643,0.9949,0.9677,1.0,0.9231
262,ResNet+AE,0.9107,0.9819,0.8718,1.0,0.8718
263,ResNet+AE,0.9821,0.9923,0.9804,1.0,0.9677
264,ResNet+AE,0.8929,0.8848,0.8421,0.8421,0.9189
265,ResNet+AE,0.875,0.8997,0.8571,0.875,0.875
266,ResNet+AE,0.9464,0.9484,0.9091,0.9375,0.95
267,ResNet+AE,0.9107,0.9518,0.8718,0.9444,0.8947
268,ResNet+AE,0.9107,0.9394,0.8148,0.9167,0.9091
269,ResNet+AE,0.9107,0.9275,0.8936,0.913,0.9091
270,ResNet+AE,0.9107,0.9821,0.8571,1.0,0.878
271,ResNet+AE,0.9464,0.9438,0.9474,0.931,0.963
272,ResNet+AE,0.9286,0.8984,0.875,0.875,0.95
273,ResNet+AE,0.9286,0.9265,0.9048,0.9048,0.9429
274,ResNet+AE,0.9286,0.9596,0.92,0.9583,0.9062
275,ResNet+AE,0.9107,0.9374,0.8889,0.9524,0.8857
276,ResNet+AE,0.9464,0.9412,0.9143,0.9412,0.9487
277,ResNet+AE,0.9643,0.9745,0.9643,0.9643,0.9643
278,ResNet+AE,0.9821,0.9974,0.9836,1.0,0.9615
279,ResNet+AE,0.9107,0.9459,0.8718,0.9444,0.8947
280,ResNet+AE,0.9286,0.9389,0.9048,0.95,0.9167
281,ResNet+AE,0.875,0.9245,0.8627,0.9167,0.8438
282,ResNet+AE,0.9464,0.9677,0.9412,0.96,0.9355
283,ResNet+AE,0.9286,0.9736,0.92,1.0,0.8788
284,ResNet+AE,0.9107,0.9308,0.9057,0.9231,0.9
285,ResNet+AE,0.9821,0.9957,0.9744,1.0,0.973
286,ResNet+AE,0.9286,0.9401,0.9091,0.9524,0.9143
287,ResNet+AE,0.875,0.9075,0.8444,0.9048,0.8571
288,ResNet+AE,0.9464,0.9956,0.9231,1.0,0.9211
289,ResNet+AE,0.9821,0.9653,0.9744,0.95,1.0
290,ResNet+AE,0.9464,0.9917,0.9302,1.0,0.9167
291,ResNet+AE,0.9643,0.9875,0.9286,1.0,0.9535
292,ResNet+AE,0.9286,0.9517,0.8889,0.9412,0.9231
293,ResNet+AE,0.9464,0.9769,0.9333,1.0,0.9143
294,ResNet+AE,0.8929,0.8889,0.8421,0.8889,0.8947
295,ResNet+AE,0.9107,0.9516,0.878,0.9474,0.8919
296,ResNet+AE,0.9286,0.9497,0.92,0.92,0.9355
297,ResNet+AE,0.9821,0.9611,0.9744,0.95,1.0
298,ResNet+AE,0.875,0.9837,0.8571,1.0,0.8
299,ResNet+AE,0.9107,0.9497,0.9057,0.96,0.871
300,ResNet+AE,0.9286,0.9891,0.8889,1.0,0.9
301,ResNet+AE,0.8571,0.885,0.8333,0.9091,0.8235
302,ResNet+AE,0.9286,0.9799,0.9167,1.0,0.8824
303,ResNet+AE,0.9107,0.9083,0.878,0.9,0.9167
304,ResNet+AE,0.9821,0.9925,0.9714,1.0,0.9744
305,ResNet+AE,0.8929,0.9439,0.875,0.9545,0.8529
306,ResNet+AE,0.9821,0.9653,0.9744,0.95,1.0
307,ResNet+AE,0.9464,0.9551,0.9302,0.9524,0.9429
308,ResNet+AE,0.9464,0.9985,0.9231,1.0,0.9211
309,ResNet+AE,0.9464,0.9249,0.9333,0.913,0.9697
310,ResNet+AE,0.9107,0.9442,0.8649,0.9412,0.8974
311,ResNet+AE,0.8929,0.9224,0.8696,0.9524,0.8571
312,ResNet+AE,0.8929,0.9893,0.8125,1.0,0.8605
313,ResNet+AE,1.0,1.0,1.0,1.0,1.0
314,ResNet+AE,0.9643,0.9706,0.9545,0.9545,0.9706
315,ResNet+AE,0.9464,0.9528,0.9032,0.9333,0.9512
316,ResNet+AE,0.9286,0.9578,0.9091,0.9524,0.9143
317,ResNet+AE,0.9107,0.9463,0.8485,0.9333,0.9024
318,ResNet+AE,0.9464,0.9156,0.9032,0.875,0.975
319,ResNet+AE,0.9464,1.0,0.9362,1.0,0.9118
320,ResNet+AE,0.9821,1.0,0.9767,1.0,0.9714
321,ResNet+AE,0.9286,0.9265,0.92,0.92,0.9355
322,ResNet+AE,0.9821,1.0,0.973,1.0,0.9737
323,ResNet+AE,0.9107,0.9437,0.8571,0.9375,0.9
324,ResNet+AE,0.9286,0.9592,0.9167,0.9565,0.9091
325,ResNet+AE,0.9286,0.9864,0.875,1.0,0.9048
326,ResNet+AE,0.9643,0.9987,0.9565,1.0,0.9412
327,ResNet+AE,0.8571,0.8816,0.8,0.8889,0.8421
328,ResNet+AE,0.9464,0.9583,0.9268,0.95,0.9444
329,ResNet+AE,0.9286,0.95,0.9048,0.95,0.9167
330,ResNet+AE,0.9464,0.9854,0.9231,1.0,0.9211
331,ResNet+AE,0.8393,0.9064,0.7805,0.8889,0.8158
332,ResNet+AE,0.875,0.9839,0.7879,1.0,0.8372
333,ResNet+AE,0.9286,0.9586,0.913,0.9545,0.9118
334,ResNet+AE,0.9107,0.9401,0.898,0.9167,0.9062
335,ResNet+AE,0.9821,0.9638,0.9697,0.9412,1.0
336,ResNet+AE,0.9464,0.9566,0.9474,0.931,0.963
337,ResNet+AE,0.8929,0.8833,0.85,0.85,0.9167
338,ResNet+AE,0.9286,0.9528,0.875,0.9333,0.9268
339,ResNet+AE,0.9821,0.9959,0.9767,1.0,0.9714
340,ResNet+AE,0.9107,0.9893,0.8387,1.0,0.8837
341,ResNet+AE,0.875,0.9035,0.8108,0.8824,0.8718
342,ResNet+AE,0.9107,0.954,0.9153,1.0,0.8276
343,ResNet+AE,0.9286,0.9111,0.8333,0.9091,0.9333
344,ResNet+AE,0.8929,0.9051,0.8696,0.8696,0.9091
345,ResNet+AE,0.875,0.7781,0.7586,0.6875,0.95
346,ResNet+AE,0.9643,0.9488,0.9444,0.9444,0.9737
347,ResNet+AE,0.9107,0.8953,0.8485,0.875,0.925
348,ResNet+AE,0.9464,0.9859,0.9143,1.0,0.925
349,ResNet+AE,0.9107,0.9497,0.8889,0.9524,0.8857
350,ResNet+AE,0.875,0.8789,0.8372,0.8571,0.8857
351,ResNet+AE,0.9107,0.9542,0.8837,0.95,0.8889
352,ResNet+AE,0.9107,0.9417,0.878,0.9474,0.8919
353,ResNet+AE,0.9107,0.8784,0.8148,0.8462,0.9302
354,ResNet+AE,0.9643,0.9906,0.9412,1.0,0.95
355,ResNet+AE,0.8393,0.9219,0.7692,0.9375,0.8
356,ResNet+AE,0.9107,0.8871,0.878,0.8571,0.9429
357,ResNet+AE,0.9464,0.9617,0.9455,0.963,0.931
358,ResNet+AE,0.9643,0.9944,0.9524,1.0,0.9444
359,ResNet+AE,0.9107,0.8938,0.8485,0.875,0.925
360,ResNet+AE,0.9107,0.9609,0.902,0.9583,0.875
361,ResNet+AE,0.9821,1.0,0.9778,1.0,0.9706
362,ResNet+AE,0.9107,0.935,0.8485,0.9333,0.9024
363,ResNet+AE,0.9643,0.9985,0.9444,1.0,0.9487
364,ResNet+AE,0.9643,1.0,0.963,1.0,0.9333
365,ResNet+AE,0.8929,0.9795,0.8571,1.0,0.8421
366,ResNet+AE,0.9107,0.9488,0.8718,0.9444,0.8947
367,ResNet+AE,0.9286,0.9837,0.913,1.0,0.8857
368,ResNet+AE,0.9643,0.9893,0.9565,1.0,0.9412
369,ResNet+AE,0.9464,0.9175,0.9189,0.8947,0.973
370,ResNet+AE,0.9286,0.9586,0.913,0.9545,0.9118
371,ResNet+AE,0.9107,0.9336,0.898,0.9167,0.9062
372,ResNet+AE,0.9286,0.9371,0.8667,0.9286,0.9286
373,ResNet+AE,0.8929,0.8819,0.85,0.8947,0.8919
374,ResNet+AE,0.8393,0.9439,0.8235,0.9545,0.7647
375,ResNet+AE,0.875,0.8889,0.8205,0.8889,0.8684
376,ResNet+AE,0.9464,0.9318,0.9302,0.9091,0.9706
377,ResNet+AE,0.9107,0.9837,0.8571,1.0,0.878
378,ResNet+AE,0.9286,0.9518,0.8947,0.9444,0.9211
379,ResNet+AE,0.9286,0.9938,0.8889,1.0,0.9
380,ResNet+AE,0.9286,0.9349,0.9259,0.9259,0.931
381,ResNet+AE,0.9107,0.9038,0.8936,0.913,0.9091
382,ResNet+AE,0.9464,0.9551,0.9302,0.9524,0.9429
383,ResNet+AE,0.9464,0.9972,0.9268,1.0,0.9189
384,ResNet+AE,0.9286,0.9927,0.9,1.0,0.8947
385,ResNet+AE,0.9464,0.9605,0.9362,0.9565,0.9394
386,ResNet+AE,0.9107,0.9746,0.898,1.0,0.8529
387,ResNet+AE,0.9643,0.992,0.9565,1.0,0.9412
388,ResNet+AE,0.9464,0.9394,0.9333,0.913,0.9697
389,ResNet+AE,0.9464,0.9918,0.9333,1.0,0.9143
390,ResNet+AE,1.0,1.0,1.0,1.0,1.0
391,ResNet+AE,0.9107,0.8578,0.8387,0.8125,0.95
392,ResNet+AE,0.9464,0.985,0.9333,1.0,0.9143
393,ResNet+AE,0.9464,0.9891,0.9333,1.0,0.9143
394,ResNet+AE,0.9464,0.9972,0.9268,1.0,0.9189
395,ResNet+AE,0.9464,0.9821,0.9474,1.0,0.8966
396,ResNet+AE,0.9107,0.9362,0.898,0.9167,0.9062
397,ResNet+AE,0.875,0.8743,0.8108,0.8333,0.8947
398,ResNet+AE,0.9286,0.8801,0.9091,0.8696,0.9697
399,ResNet+AE,0.9464,0.9842,0.9388,1.0,0.9091
400,ResNet+AE,0.9464,0.9583,0.9388,0.9583,0.9375
401,ResNet+AE,0.9107,0.951,0.9057,0.96,0.871
402,ResNet+AE,0.9107,0.9447,0.8485,0.9333,0.9024
403,ResNet+AE,0.9643,0.9591,0.9643,0.931,1.0
404,ResNet+AE,0.9821,1.0,0.9787,1.0,0.9697
405,ResNet+AE,0.8571,0.8611,0.8095,0.85,0.8611
406,ResNet+AE,0.8571,0.8391,0.7647,0.8125,0.875
407,ResNet+AE,0.9464,0.9915,0.9032,1.0,0.9286
408,ResNet+AE,0.9107,0.9279,0.8837,0.9048,0.9143
409,ResNet+AE,0.9286,0.9516,0.9,0.9474,0.9189
410,ResNet+AE,0.8929,0.8903,0.85,0.85,0.9167
411,ResNet+AE,0.8929,0.985,0.875,1.0,0.8286
412,ResNet+AE,0.9643,0.9626,0.9677,0.9677,0.96
413,ResNet+AE,0.9464,0.9938,0.9143,1.0,0.925
414,ResNet+AE,0.9464,0.9556,0.9268,0.95,0.9444
415,ResNet+AE,0.9107,0.8986,0.878,0.9,0.9167
416,ResNet+AE,0.9464,0.9936,0.9455,1.0,0.9
417,ResNet+AE,0.875,0.9357,0.8293,0.9444,0.8421
418,ResNet+AE,0.9107,0.9605,0.9153,0.9643,0.8571
419,ResNet+AE,1.0,1.0,1.0,1.0,1.0
420,ResNet+AE,0.9821,0.9984,0.9697,1.0,0.975
421,ResNet+AE,0.9643,0.9942,0.9474,1.0,0.9474
422,ResNet+AE,0.9464,0.9547,0.9189,0.9444,0.9474
423,ResNet+AE,0.9643,0.9918,0.9545,1.0,0.9429
424,ResNet+AE,0.9286,0.9313,0.8824,0.9375,0.925
425,ResNet+AE,0.9464,0.932,0.9268,0.9048,0.9714
426,ResNet+AE,0.9286,0.9951,0.8824,1.0,0.9024
427,ResNet+AE,0.9821,1.0,0.973,1.0,0.9737
428,ResNet+AE,0.9107,0.9432,0.902,0.92,0.9032
429,ResNet+AE,0.9286,0.9868,0.9,1.0,0.8947
430,ResNet+AE,0.9464,0.9931,0.9302,1.0,0.9167
431,ResNet+AE,0.9643,0.9915,0.95,1.0,0.9459
432,ResNet+AE,0.9821,0.9755,0.9796,0.96,1.0
433,ResNet+AE,0.8929,0.864,0.8333,0.8333,0.9211
434,ResNet+AE,0.9643,0.9412,0.9524,0.9091,1.0
435,ResNet+AE,0.9464,1.0,0.9333,1.0,0.9143
436,ResNet+AE,0.9643,0.9271,0.9565,0.9167,1.0
437,ResNet+AE,0.9107,0.9275,0.8936,0.913,0.9091
438,ResNet+AE,0.875,0.8333,0.8205,0.8,0.9167
439,ResNet+AE,0.8929,0.9532,0.85,0.9444,0.8684
440,ResNet+AE,0.9464,0.9532,0.9143,0.9412,0.9487
441,ResNet+AE,0.875,0.8246,0.8,0.7778,0.9211
442,ResNet+AE,0.9286,0.9516,0.9,0.9474,0.9189
443,ResNet+AE,0.9643,0.9921,0.9583,1.0,0.9394
444,ResNet+AE,0.875,0.8592,0.8205,0.8421,0.8919
445,ResNet+AE,0.9107,0.9306,0.8837,0.95,0.8889
446,ResNet+AE,0.875,0.9519,0.8571,0.9545,0.8235
447,ResNet+AE,0.9464,0.9573,0.9231,0.9474,0.9459
448,ResNet+AE,0.8929,0.8854,0.8696,0.8696,0.9091
449,ResNet+AE,0.9286,0.9599,0.913,0.9545,0.9118
450,ResNet+AE,0.9643,0.9871,0.9615,1.0,0.9355
451,ResNet+AE,0.8929,0.8861,0.8571,0.9,0.8889
452,ResNet+AE,0.9643,0.9605,0.9524,0.9524,0.9714
453,ResNet+AE,0.9464,0.9456,0.8966,0.9286,0.9524
454,ResNet+AE,0.8929,0.9516,0.8571,0.9474,0.8649
455,ResNet+AE,0.9643,0.994,0.9444,1.0,0.9487
456,ResNet+AE,0.9107,0.9444,0.8718,0.9444,0.8947
457,ResNet+AE,0.9464,0.9942,0.9231,1.0,0.9211
458,ResNet+AE,0.8929,0.9864,0.85,1.0,0.8462
459,ResNet+AE,0.9643,0.9563,0.9412,0.9412,0.9744
460,ResNet+AE,0.9464,0.9386,0.9189,0.9444,0.9474
461,ResNet+AE,0.9464,0.9923,0.9474,1.0,0.8966
462,ResNet+AE,0.8929,0.9786,0.88,1.0,0.8235
463,ResNet+AE,0.9107,0.9341,0.8936,0.913,0.9091
464,ResNet+AE,0.8929,0.9565,0.88,0.9565,0.8485
465,ResNet+AE,0.875,0.9295,0.8889,0.9333,0.8077
466,ResNet+AE,0.9643,0.9942,0.9474,1.0,0.9474
467,ResNet+AE,0.9821,1.0,0.9565,1.0,0.9778
468,ResNet+AE,0.8929,0.9805,0.8333,1.0,0.8537
469,ResNet+AE,0.9464,0.9232,0.9189,0.8947,0.973
470,ResNet+AE,0.9821,0.9986,0.9767,1.0,0.9714
471,ResNet+AE,0.8393,0.9367,0.7805,0.9412,0.7949
472,ResNet+AE,0.9107,0.9474,0.8718,0.9444,0.8947
473,ResNet+AE,0.9643,1.0,0.9545,1.0,0.9429
474,ResNet+AE,0.8929,0.9516,0.8571,0.9474,0.8649
475,ResNet+AE,0.9464,0.9552,0.9362,0.9565,0.9394
476,ResNet+AE,0.9286,0.9453,0.8824,0.9375,0.925
477,ResNet+AE,0.9286,0.9382,0.8889,0.9412,0.9231
478,ResNet+AE,0.9286,0.9722,0.9,1.0,0.8947
479,ResNet+AE,0.8929,0.8857,0.8571,0.8571,0.9143
480,ResNet+AE,0.9107,0.9284,0.898,0.9167,0.9062
481,ResNet+AE,0.875,0.9425,0.8571,0.9545,0.8235
482,ResNet+AE,0.9286,0.9693,0.9,1.0,0.8947
483,ResNet+AE,0.9821,0.9463,0.9655,0.9333,1.0
484,ResNet+AE,0.9821,0.9611,0.9744,0.95,1.0
485,ResNet+AE,0.9643,0.9897,0.9615,1.0,0.9355
486,ResNet+AE,0.8571,0.8957,0.8261,0.8636,0.8529
487,ResNet+AE,0.9821,1.0,0.9756,1.0,0.9722
488,ResNet+AE,0.8929,0.889,0.88,0.88,0.9032
489,ResNet+AE,0.9107,0.9488,0.8718,0.9444,0.8947
490,ResNet+AE,0.9643,0.9943,0.95,1.0,0.9459
491,ResNet+AE,0.9643,0.974,0.96,1.0,0.9375
492,ResNet+AE,0.9643,0.9925,0.9444,1.0,0.9487
493,ResNet+AE,0.9107,0.9035,0.8571,0.8824,0.9231
494,ResNet+AE,0.9821,0.9951,0.9677,1.0,0.9756
495,ResNet+AE,0.9107,0.9292,0.8837,0.95,0.8889
496,ResNet+AE,0.9643,0.9927,0.9474,1.0,0.9474
497,ResNet+AE,0.9464,0.991,0.9189,1.0,0.9231
498,ResNet+AE,0.9286,0.9556,0.9048,0.95,0.9167
499,ResNet+AE,0.9286,0.9167,0.9,0.9,0.9444
500,ResNet+AE,0.9107,0.9291,0.8889,0.9091,0.9118
501,ResNet+AE,0.9464,0.96,0.9412,0.96,0.9355
502,ResNet+AE,0.9643,0.997,0.9444,1.0,0.9487
503,ResNet+AE,0.8571,0.8793,0.75,0.8571,0.8571
504,ResNet+AE,0.8214,0.9266,0.75,0.9375,0.775
505,ResNet+AE,0.9286,0.9903,0.9091,1.0,0.8889
506,ResNet+AE,0.9643,0.9657,0.9565,0.9565,0.9697
507,ResNet+AE,0.9286,0.9886,0.8824,1.0,0.9024
508,ResNet+AE,0.9464,0.9427,0.9143,0.9412,0.9487
509,ResNet+AE,1.0,1.0,1.0,1.0,1.0
510,ResNet+AE,0.9107,0.9972,0.8837,1.0,0.8649
511,ResNet+AE,0.8571,0.8793,0.7895,0.8824,0.8462
512,ResNet+AE,0.8929,0.9879,0.85,1.0,0.8462
513,ResNet+AE,0.8571,0.8265,0.7895,0.7895,0.8919
514,ResNet+AE,0.9464,0.9796,0.9032,1.0,0.9286
515,ResNet+AE,0.9286,0.8793,0.8571,0.8571,0.9524
516,ResNet+AE,0.9107,0.9422,0.8387,0.9286,0.9048
517,ResNet+AE,0.9286,0.9578,0.9167,0.9565,0.9091
518,ResNet+AE,0.9464,0.9587,0.9231,0.9474,0.9459
519,ResNet+AE,0.9643,0.9422,0.9375,0.9375,0.975
520,ResNet+AE,0.9821,0.9587,0.973,0.9474,1.0
521,ResNet+AE,0.8929,0.9672,0.8421,1.0,0.85
522,ResNet+AE,0.9464,0.9927,0.9231,1.0,0.9211
523,ResNet+AE,0.9286,0.8905,0.8889,0.8421,0.973
524,ResNet+AE,0.9286,0.8596,0.8824,0.8333,0.9737
525,ResNet+AE,0.9107,0.9313,0.8,0.9091,0.9111
526,ResNet+AE,0.8929,0.9328,0.8333,0.9375,0.875
527,ResNet+AE,0.9286,0.9821,0.9286,1.0,0.8667
528,ResNet+AE,0.9821,0.9935,0.9796,1.0,0.9688
529,ResNet+AE,0.8571,0.8639,0.8095,0.85,0.8611
530,ResNet+AE,0.9286,0.909,0.8947,0.8947,0.9459
531,ResNet+AE,0.9464,0.9758,0.9474,0.9643,0.9286
532,ResNet+AE,0.9643,0.9902,0.9375,1.0,0.9512
533,ResNet+AE,0.9643,0.9957,0.95,1.0,0.9459
534,ResNet+AE,0.875,0.9234,0.8108,0.9375,0.85
535,ResNet+AE,0.9107,0.9915,0.8837,1.0,0.8649
536,ResNet+AE,0.9286,0.9959,0.913,1.0,0.8857
537,ResNet+AE,0.9107,0.9932,0.8936,1.0,0.8571
538,ResNet+AE,0.9821,0.9731,0.9831,0.9667,1.0
539,ResNet+AE,0.9643,0.9616,0.9474,0.9474,0.973
540,ResNet+AE,0.9464,1.0,0.9362,1.0,0.9118
541,ResNet+AE,0.9464,0.9583,0.9268,0.95,0.9444
542,ResNet+AE,0.9464,0.9946,0.8966,1.0,0.9302
543,ResNet+AE,0.9107,0.9772,0.8837,1.0,0.8649
544,ResNet+AE,0.9821,1.0,0.9677,1.0,0.9756
545,ResNet+AE,1.0,1.0,1.0,1.0,1.0
546,ResNet+AE,0.9286,0.9035,0.8889,0.8889,0.9474
547,ResNet+AE,0.9107,0.9644,0.878,0.9474,0.8919
548,ResNet+AE,0.8393,0.8464,0.7805,0.8421,0.8378
549,ResNet+AE,0.9464,0.9531,0.9388,0.9583,0.9375
550,ResNet+AE,0.9643,0.9438,0.9615,0.9259,1.0
551,ResNet+AE,0.9286,0.9951,0.8824,1.0,0.9024
552,ResNet+AE,0.9107,0.9463,0.8485,0.9333,0.9024
553,ResNet+AE,0.9643,0.9938,0.9412,1.0,0.95
554,ResNet+AE,0.9286,0.9486,0.9167,0.9565,0.9091
555,ResNet+AE,0.9464,0.9486,0.9268,0.95,0.9444
556,ResNet+AE,0.8393,0.9184,0.8163,0.9091,0.7941
557,ResNet+AE,0.9464,0.9175,0.9189,0.8947,0.973
558,ResNet+AE,0.9107,0.8976,0.8718,0.8947,0.9189
559,ResNet+AE,0.9464,0.9592,0.9474,0.9643,0.9286
560,ResNet+AE,0.9821,1.0,0.9677,1.0,0.9756
561,ResNet+AE,0.9464,0.9184,0.9268,0.9048,0.9714
562,ResNet+AE,0.9464,0.9238,0.9268,0.9048,0.9714
563,ResNet+AE,0.9821,0.9583,0.9744,0.95,1.0
564,ResNet+AE,0.9464,0.991,0.9189,1.0,0.9231
565,ResNet+AE,0.875,0.9108,0.8205,0.8889,0.8684
566,ResNet+AE,0.9286,0.9439,0.8667,0.9286,0.9286
567,ResNet+AE,0.9286,0.9427,0.8889,0.9412,0.9231
568,ResNet+AE,0.8929,0.9825,0.8571,1.0,0.8421
569,ResNet+AE,0.9107,0.9108,0.8649,0.8889,0.9211
570,ResNet+AE,0.875,0.9474,0.8293,0.9444,0.8421
571,ResNet+AE,0.9643,0.9898,0.9333,1.0,0.9524
572,ResNet+AE,0.9286,0.9528,0.9048,0.95,0.9167
573,ResNet+AE,0.9821,0.9932,0.9767,1.0,0.9714
574,ResNet+AE,0.9464,0.95,0.9268,0.95,0.9444
575,ResNet+AE,0.9643,1.0,0.9444,1.0,0.9487
576,ResNet+AE,0.8929,0.9414,0.8846,0.9583,0.8438
577,ResNet+AE,0.9643,0.9864,0.9444,1.0,0.9487
578,ResNet+AE,0.9464,0.9488,0.9189,0.9444,0.9474
579,ResNet+AE,0.9286,0.9818,0.9231,1.0,0.875
580,ResNet+AE,0.8393,0.7687,0.7692,0.7143,0.9143
581,ResNet+AE,0.9821,0.9602,0.973,0.9474,1.0
582,ResNet+AE,0.9464,0.9458,0.9268,0.95,0.9444
583,ResNet+AE,0.8929,0.9883,0.8571,1.0,0.8421
584,ResNet+AE,0.9286,0.9548,0.9231,0.96,0.9032
585,ResNet+AE,0.9643,0.9909,0.96,1.0,0.9375
586,ResNet+AE,0.9464,0.9587,0.9231,0.9474,0.9459
587,ResNet+AE,0.9464,0.9703,0.9143,1.0,0.925
588,ResNet+AE,0.9107,0.9779,0.8485,1.0,0.881
589,ResNet+AE,0.9286,0.9519,0.913,0.9545,0.9118
590,ResNet+AE,0.9464,0.9547,0.9189,0.9444,0.9474
591,ResNet+AE,0.9286,0.9823,0.913,1.0,0.8857
592,ResNet+AE,0.9643,0.9985,0.9474,1.0,0.9474
593,ResNet+AE,0.9464,0.9881,0.9032,1.0,0.9286
594,ResNet+AE,0.875,0.9078,0.8571,0.913,0.8485
595,ResNet+AE,0.9286,0.9216,0.8824,0.8824,0.9487
596,ResNet+AE,0.9821,0.9985,0.973,1.0,0.9737
597,ResNet+AE,0.9464,0.9801,0.9268,1.0,0.9189
598,ResNet+AE,0.9286,0.9472,0.9048,0.95,0.9167
599,ResNet+AE,0.9286,0.948,0.875,0.9333,0.9268
600,ResNet+AE,0.9286,0.9278,0.9091,0.9091,0.9412
601,ResNet+AE,0.9643,0.9946,0.9545,1.0,0.9429
602,ResNet+AE,0.875,0.9349,0.8627,0.9167,0.8438
603,ResNet+AE,0.9286,0.9866,0.9167,1.0,0.8824
604,ResNet+AE,0.9464,0.9569,0.9268,0.95,0.9444
605,ResNet+AE,0.9643,0.987,0.96,1.0,0.9375
606,ResNet+AE,0.9286,0.8974,0.8824,0.8824,0.9487
607,ResNet+AE,0.9107,0.9397,0.8649,0.9412,0.8974
608,ResNet+AE,0.9107,0.9492,0.8936,0.9545,0.8824
609,ResNet+AE,0.9643,0.9961,0.96,1.0,0.9375
610,ResNet+AE,0.9286,0.9438,0.8824,0.9375,0.925
611,ResNet+AE,0.9464,0.9917,0.9302,1.0,0.9167
612,ResNet+AE,0.9464,0.9677,0.9412,0.96,0.9355
613,ResNet+AE,0.9286,0.9459,0.8947,0.9444,0.9211
614,ResNet+AE,0.8393,0.8564,0.8302,0.8462,0.8333
615,ResNet+AE,0.9286,0.9397,0.8889,0.9412,0.9231
616,ResNet+AE,0.8929,0.9125,0.8571,0.9,0.8889
617,ResNet+AE,0.9286,0.9305,0.9091,0.9091,0.9412
618,ResNet+AE,0.9286,0.9474,0.9,0.9474,0.9189
619,ResNet+AE,0.9286,0.9733,0.9167,1.0,0.8824
620,ResNet+AE,0.9643,0.9971,0.9474,1.0,0.9474
621,ResNet+AE,0.9464,0.9984,0.9143,1.0,0.925
622,ResNet+AE,0.9286,0.9608,0.8889,0.9412,0.9231
623,ResNet+AE,0.8929,0.9048,0.8,0.8571,0.9048
624,ResNet+AE,0.9286,0.9152,0.8889,0.8889,0.9474
625,ResNet+AE,0.8929,0.9519,0.875,0.9545,0.8529
626,ResNet+AE,0.9643,0.9833,0.9524,1.0,0.9444
627,ResNet+AE,0.9286,0.9346,0.9231,0.9231,0.9333
628,ResNet+AE,0.9464,0.9768,0.9434,1.0,0.9032
629,ResNet+AE,0.9464,0.9597,0.9268,0.95,0.9444
630,ResNet+AE,0.9821,0.9742,0.9796,0.96,1.0
631,ResNet+AE,0.9464,0.9095,0.9091,0.8824,0.9744
632,ResNet+AE,0.9286,0.9111,0.9,0.9,0.9444
633,ResNet+AE,0.9107,0.9171,0.8889,0.9091,0.9118
634,ResNet+AE,0.9643,0.9902,0.9375,1.0,0.9512
635,ResNet+AE,0.8929,0.8844,0.8235,0.875,0.9
636,ResNet+AE,0.9286,0.9639,0.9231,0.96,0.9032
637,ResNet+AE,0.9464,0.9984,0.9143,1.0,0.925
638,ResNet+AE,0.9643,1.0,0.9615,1.0,0.9355
639,ResNet+AE,0.8929,0.8903,0.85,0.85,0.9167
640,ResNet+AE,0.9821,1.0,0.9744,1.0,0.973
641,ResNet+AE,0.8929,0.9198,0.8696,0.9091,0.8824
642,ResNet+AE,0.875,0.9374,0.7742,0.9231,0.8605
643,ResNet+AE,0.9643,0.9666,0.9545,0.9545,0.9706
644,ResNet+AE,0.9821,0.9507,0.963,0.9286,1.0
645,ResNet+AE,1.0,1.0,1.0,1.0,1.0
646,ResNet+AE,0.8929,0.899,0.85,0.8947,0.8919
647,ResNet+AE,0.9643,0.9895,0.9583,1.0,0.9394
648,ResNet+AE,0.9286,0.9528,0.9048,0.95,0.9167
649,ResNet+AE,0.8929,0.9118,0.8696,0.9091,0.8824
650,ResNet+AE,0.9286,0.9345,0.9091,0.9091,0.9412
651,ResNet+AE,0.9286,0.9785,0.8667,1.0,0.907
652,ResNet+AE,0.9107,0.9459,0.8718,0.9444,0.8947
653,ResNet+AE,0.9643,0.9531,0.9474,0.9474,0.973
654,ResNet+AE,0.9286,0.9766,0.9,1.0,0.8947
655,ResNet+AE,0.8929,0.9035,0.8333,0.8824,0.8974
656,ResNet+AE,0.9107,0.9456,0.8889,0.9524,0.8857
657,ResNet+AE,0.9643,0.9974,0.9583,1.0,0.9394
658,ResNet+AE,0.9464,1.0,0.9333,1.0,0.9143
659,ResNet+AE,0.9643,1.0,0.9524,1.0,0.9444
660,ResNet+AE,0.9286,0.95,0.9048,0.95,0.9167
661,ResNet+AE,1.0,1.0,1.0,1.0,1.0
662,ResNet+AE,0.9286,0.9796,0.913,1.0,0.8857
663,ResNet+AE,0.9286,0.9782,0.913,1.0,0.8857
664,ResNet+AE,1.0,1.0,1.0,1.0,1.0
665,ResNet+AE,0.9464,0.9456,0.9302,0.9524,0.9429
666,ResNet+AE,0.9643,0.996,0.9565,1.0,0.9412
667,ResNet+AE,0.9286,0.9894,0.8947,1.0,0.8974
668,ResNet+AE,0.8929,0.9891,0.8421,1.0,0.85
669,ResNet+AE,0.9107,0.936,0.8718,0.8947,0.9189
670,ResNet+AE,0.9464,0.9209,0.9333,0.913,0.9697
671,ResNet+AE,0.9464,0.9746,0.9362,1.0,0.9118
672,ResNet+AE,0.9464,0.9516,0.9091,0.9375,0.95
673,ResNet+AE,0.9464,0.9518,0.9189,0.9444,0.9474
674,ResNet+AE,0.9464,0.9925,0.9189,1.0,0.9231
675,ResNet+AE,0.9643,0.9819,0.9524,1.0,0.9444
676,ResNet+AE,0.9107,0.9011,0.8837,0.8636,0.9412
677,ResNet+AE,0.9464,0.992,0.9362,1.0,0.9118
678,ResNet+AE,0.9643,0.9507,0.9286,0.9286,0.9762
679,ResNet+AE,0.9286,0.8997,0.8571,0.8571,0.9524
680,ResNet+AE,0.9821,0.9516,0.9677,0.9375,1.0
681,ResNet+AE,0.9107,0.9842,0.902,1.0,0.8485
682,ResNet+AE,0.9286,0.9249,0.8571,0.9231,0.9302
683,ResNet+AE,0.9464,0.9903,0.9302,1.0,0.9167
684,ResNet+AE,0.9821,0.996,0.9778,1.0,0.9706
685,ResNet+AE,0.8929,0.9942,0.8571,1.0,0.8421
686,ResNet+AE,0.9107,0.9358,0.8889,0.9091,0.9118
687,ResNet+AE,0.9286,0.985,0.913,1.0,0.8857
688,ResNet+AE,0.8929,0.8826,0.88,0.88,0.9032
689,ResNet+AE,0.9821,0.9768,0.9796,0.96,1.0
690,ResNet+AE,0.9643,0.9654,0.9615,0.9615,0.9667
691,ResNet+AE,1.0,1.0,1.0,1.0,1.0
692,ResNet+AE,1.0,1.0,1.0,1.0,1.0
693,ResNet+AE,0.9107,0.9167,0.878,0.9,0.9167
694,ResNet+AE,0.8571,0.9265,0.8333,0.9524,0.8
695,ResNet+AE,0.8929,0.8946,0.8,0.8571,0.9048
696,ResNet+AE,0.8929,0.974,0.8889,1.0,0.8125
697,ResNet+AE,0.9286,0.9463,0.875,0.9333,0.9268
698,ResNet+AE,0.9286,0.9652,0.913,0.9545,0.9118
699,ResNet+AE,0.9286,0.9938,0.8889,1.0,0.9
700,ResNet+AE,0.9643,0.9701,0.9583,0.9583,0.9688
701,ResNet+AE,0.9107,0.8974,0.8571,0.8824,0.9231
702,ResNet+AE,0.9107,0.9857,0.8387,1.0,0.8837
703,ResNet+AE,0.8393,0.8869,0.7692,0.8824,0.8205
704,ResNet+AE,0.8929,0.9741,0.875,1.0,0.8286
705,ResNet+AE,0.9464,0.9635,0.9388,0.9583,0.9375
706,ResNet+AE,1.0,1.0,1.0,1.0,1.0
707,ResNet+AE,0.8214,0.9357,0.7727,0.9444,0.7632
708,ResNet+AE,0.8929,0.9361,0.8696,0.9524,0.8571
709,ResNet+AE,0.9107,0.9583,0.902,0.9583,0.875
710,ResNet+AE,0.9107,0.9853,0.898,1.0,0.8529
711,ResNet+AE,0.9286,0.9264,0.9,0.9,0.9444
712,ResNet+AE,0.9107,0.925,0.8571,0.9375,0.9
713,ResNet+AE,0.9643,0.9987,0.96,1.0,0.9375
714,ResNet+AE,0.9464,0.9769,0.9455,1.0,0.9
715,ResNet+AE,0.9286,0.932,0.8667,0.9286,0.9286
716,ResNet+AE,0.8929,0.8268,0.8636,0.7917,0.9688
717,ResNet+AE,0.9464,0.9271,0.9362,0.9167,0.9688
718,ResNet+AE,0.8929,0.9488,0.8571,0.9474,0.8649
719,ResNet+AE,0.9464,0.9917,0.9302,1.0,0.9167
720,ResNet+AE,0.8929,0.9422,0.8333,0.9375,0.875
721,ResNet+AE,0.9643,1.0,0.95,1.0,0.9459
722,ResNet+AE,0.875,0.9179,0.8727,0.9231,0.8333
723,ResNet+AE,0.9286,0.8914,0.8824,0.8824,0.9487
724,ResNet+AE,0.9286,0.9125,0.8824,0.8824,0.9487
725,ResNet+AE,0.9643,1.0,0.9444,1.0,0.9487
726,ResNet+AE,0.9107,0.9586,0.8936,0.9545,0.8824
727,ResNet+AE,0.9107,0.9005,0.8571,0.8824,0.9231
728,ResNet+AE,0.9107,0.9505,0.8936,0.9545,0.8824
729,ResNet+AE,0.8393,0.8625,0.7907,0.85,0.8333
730,ResNet+AE,0.9821,0.9665,0.9796,0.96,1.0
731,ResNet+AE,0.9286,0.9587,0.9,0.9474,0.9189
732,ResNet+AE,0.9107,0.9415,0.8718,0.9444,0.8947
733,ResNet+AE,0.9107,0.9708,0.878,1.0,0.8684
734,ResNet+AE,0.9643,0.9565,0.9524,0.9524,0.9714
735,ResNet+AE,0.9107,0.8939,0.878,0.8571,0.9429
736,ResNet+AE,0.8929,0.9179,0.8889,0.9231,0.8667
737,ResNet+AE,0.9821,0.9719,0.9818,0.9643,1.0
738,ResNet+AE,0.9107,0.9367,0.8649,0.9412,0.8974
739,ResNet+AE,0.9286,0.9872,0.9286,1.0,0.8667
740,ResNet+AE,0.875,0.8667,0.8372,0.8571,0.8857
741,ResNet+AE,0.9464,0.9897,0.9455,1.0,0.9
742,ResNet+AE,0.9286,0.9246,0.8947,0.8947,0.9459
743,ResNet+AE,0.9464,0.9528,0.9268,0.95,0.9444
744,ResNet+AE,0.875,0.9483,0.8511,0.9524,0.8286
745,ResNet+AE,0.9464,0.9973,0.9362,1.0,0.9118
746,ResNet+AE,0.9464,0.9623,0.9143,0.9412,0.9487
747,ResNet+AE,0.9286,0.9868,0.9,1.0,0.8947
748,ResNet+AE,0.9643,0.9986,0.95,1.0,0.9459
749,ResNet+AE,0.9464,0.9938,0.9143,1.0,0.925
750,ResNet+AE,0.9464,0.9741,0.9333,1.0,0.9143
751,ResNet+AE,0.9464,0.9915,0.9268,1.0,0.9189
752,ResNet+AE,0.8571,0.8719,0.7778,0.875,0.85
753,ResNet+AE,0.9286,0.9427,0.8889,0.9412,0.9231
754,ResNet+AE,0.8929,0.9497,0.8696,0.9524,0.8571
755,ResNet+AE,0.9286,0.9799,0.9167,1.0,0.8824
756,ResNet+AE,0.9464,0.9528,0.9268,0.95,0.9444
757,ResNet+AE,0.9286,0.9437,0.8824,0.9375,0.925
758,ResNet+AE,0.8393,0.8731,0.8475,0.8333,0.8462
759,ResNet+AE,0.9464,0.9336,0.9362,0.9167,0.9688
760,ResNet+AE,0.9107,0.9487,0.8649,0.9412,0.8974
761,ResNet+AE,0.9107,0.9821,0.8571,1.0,0.878
762,ResNet+AE,0.8929,0.9171,0.8696,0.9091,0.8824
763,ResNet+AE,0.9107,0.9268,0.8485,0.9333,0.9024
764,ResNet+AE,0.9286,0.932,0.8571,0.9231,0.9302
765,ResNet+AE,0.9464,0.9883,0.9412,1.0,0.9062
766,ResNet+AE,0.9464,0.9578,0.9302,0.9524,0.9429
767,ResNet+AE,0.9107,0.9118,0.8718,0.8947,0.9189
768,ResNet+AE,0.9286,0.9542,0.9048,0.95,0.9167
769,ResNet+AE,0.9286,0.9236,0.9,0.9,0.9444
770,ResNet+AE,0.9464,0.9652,0.9412,0.96,0.9355
771,ResNet+AE,0.9286,0.8673,0.875,0.8235,0.9744
772,ResNet+AE,0.9643,0.9912,0.9474,1.0,0.9474
773,ResNet+AE,0.9286,0.9157,0.913,0.913,0.9394
774,ResNet+AE,0.9286,0.9551,0.9091,0.9524,0.9143
775,ResNet+AE,0.9286,0.9616,0.9,0.9474,0.9189
776,ResNet+AE,0.9107,0.9361,0.8837,0.95,0.8889
777,ResNet+AE,0.9107,0.8718,0.8485,0.8235,0.9487
778,ResNet+AE,0.9107,0.9064,0.8889,0.9091,0.9118
779,ResNet+AE,0.9286,0.9284,0.8571,0.9231,0.9302
780,ResNet+AE,0.8929,0.8923,0.88,0.8462,0.9333
781,ResNet+AE,0.9286,0.905,0.8889,0.8889,0.9474
782,ResNet+AE,0.9286,0.9697,0.9167,0.9565,0.9091
783,ResNet+AE,0.9464,0.9315,0.9333,0.913,0.9697
784,ResNet+AE,0.9643,0.9893,0.9286,1.0,0.9535
785,ResNet+AE,0.9286,0.85,0.8889,0.8,1.0
786,ResNet+AE,0.9464,0.9955,0.9189,1.0,0.9231
787,ResNet+AE,0.9643,0.9786,0.9565,1.0,0.9412
788,ResNet+AE,0.9821,0.9938,0.9697,1.0,0.975
789,ResNet+AE,0.9643,0.996,0.9565,1.0,0.9412
790,ResNet+AE,0.9464,0.9953,0.9143,1.0,0.925
791,ResNet+AE,0.9107,0.9306,0.8649,0.9412,0.8974
792,ResNet+AE,0.9643,0.9935,0.96,1.0,0.9375
793,ResNet+AE,0.9286,0.9516,0.8824,0.9375,0.925
794,ResNet+AE,0.9107,0.9532,0.8649,0.9412,0.8974
795,ResNet+AE,0.9643,0.9576,0.9444,0.9444,0.9737
796,ResNet+AE,0.9286,0.9291,0.8889,0.9412,0.9231
797,ResNet+AE,0.9286,1.0,0.9048,1.0,0.8919
798,ResNet+AE,0.9643,0.9714,0.9583,0.9583,0.9688
799,ResNet+AE,0.9464,0.9612,0.9333,0.9545,0.9412
800,ResNet+AE,0.9643,0.9756,0.9615,0.9615,0.9667
801,ResNet+AE,0.9286,0.9878,0.913,1.0,0.8857
802,ResNet+AE,0.8929,0.9605,0.88,0.9565,0.8485
803,ResNet+AE,0.9107,0.9561,0.8718,0.9444,0.8947
804,ResNet+AE,0.9286,0.9617,0.9286,0.963,0.8966
805,ResNet+AE,0.9464,0.9769,0.9434,0.9615,0.9333
806,ResNet+AE,0.9286,0.9302,0.8571,0.9231,0.9302
807,ResNet+AE,0.9286,0.9578,0.9167,0.9565,0.9091
808,ResNet+AE,0.9643,0.9889,0.9524,1.0,0.9444
809,ResNet+AE,0.875,0.9698,0.8293,1.0,0.8205
810,ResNet+AE,0.8929,0.9915,0.8235,1.0,0.8571
811,ResNet+AE,0.9464,0.8894,0.8966,0.8667,0.9756
812,ResNet+AE,0.875,0.9848,0.7407,1.0,0.8478
813,ResNet+AE,0.9464,0.9925,0.9189,1.0,0.9231
814,ResNet+AE,0.9643,0.9502,0.9412,0.9412,0.9744
815,ResNet+AE,0.9107,0.9398,0.8485,0.9333,0.9024
816,ResNet+AE,0.9286,0.9528,0.875,0.9333,0.9268
817,ResNet+AE,0.9643,0.9599,0.9545,0.9545,0.9706
818,ResNet+AE,0.9643,0.9674,0.9583,0.9583,0.9688
819,ResNet+AE,0.9643,1.0,0.9412,1.0,0.95
820,ResNet+AE,0.875,0.9184,0.7879,0.9286,0.8571
821,ResNet+AE,0.9107,0.9898,0.8485,1.0,0.881
822,ResNet+AE,0.9821,0.9547,0.9677,0.9375,1.0
823,ResNet+AE,0.9286,0.9406,0.8824,0.9375,0.925
824,ResNet+AE,0.8929,0.9492,0.8846,0.9583,0.8438
825,ResNet+AE,0.9286,0.9271,0.9167,0.9167,0.9375
826,ResNet+AE,0.9643,0.9893,0.9565,1.0,0.9412
827,ResNet+AE,0.9643,0.9986,0.9545,1.0,0.9429
828,ResNet+AE,0.9643,0.9829,0.95,1.0,0.9459
829,ResNet+AE,0.875,0.9004,0.8205,0.8421,0.8919
830,ResNet+AE,0.9464,0.9232,0.8696,0.9091,0.9556
831,ResNet+AE,0.9464,0.9447,0.9032,0.9333,0.9512
832,ResNet+AE,0.9286,0.9573,0.9,0.9474,0.9189
833,ResNet+AE,0.875,0.8762,0.8372,0.8571,0.8857
834,ResNet+AE,0.9643,1.0,0.95,1.0,0.9459
835,ResNet+AE,0.9286,0.9547,0.8947,0.9444,0.9211
836,ResNet+AE,0.9107,0.9948,0.9057,1.0,0.8438
837,ResNet+AE,0.9107,0.9488,0.8718,0.9444,0.8947
838,ResNet+AE,0.9286,0.9209,0.913,0.913,0.9394
839,ResNet+AE,0.8929,0.9321,0.8421,0.9412,0.8718
840,ResNet+AE,0.9643,0.9559,0.9545,0.9545,0.9706
841,ResNet+AE,0.8214,0.9431,0.7917,0.95,0.75
842,ResNet+AE,0.9643,0.9652,0.9545,0.9545,0.9706
843,ResNet+AE,0.9464,0.9853,0.9362,1.0,0.9118
844,ResNet+AE,0.875,0.8947,0.8293,0.8947,0.8649
845,ResNet+AE,0.9464,0.9473,0.8966,0.9286,0.9524
846,ResNet+AE,0.8929,0.9597,0.8636,0.95,0.8611
847,ResNet+AE,0.9643,0.9341,0.9545,0.913,1.0
848,ResNet+AE,0.8929,0.9611,0.8636,0.95,0.8611
849,ResNet+AE,0.9464,0.996,0.9362,1.0,0.9118
850,ResNet+AE,0.9464,0.984,0.9362,1.0,0.9118
851,ResNet+AE,0.9464,0.9611,0.9268,0.95,0.9444
852,ResNet+AE,0.9821,0.9962,0.9811,1.0,0.9667
853,ResNet+AE,0.9107,0.8946,0.8889,0.8696,0.9394
854,ResNet+AE,0.8929,0.9161,0.85,0.8947,0.8919
855,ResNet+AE,0.9464,0.9668,0.9455,0.963,0.931
856,ResNet+AE,0.9464,0.9646,0.9302,0.9524,0.9429
857,ResNet+AE,0.9107,0.9969,0.8649,1.0,0.875
858,ResNet+AE,0.9286,0.9611,0.9048,0.95,0.9167
859,ResNet+AE,0.9107,0.9613,0.9057,0.96,0.871
860,ResNet+AE,0.9464,0.9928,0.8966,1.0,0.9302
861,ResNet+AE,0.9464,0.9547,0.9189,0.9444,0.9474
862,ResNet+AE,0.9107,0.9298,0.8718,0.9444,0.8947
863,ResNet+AE,0.9643,0.9986,0.95,1.0,0.9459
864,ResNet+AE,0.9643,0.9593,0.9412,0.9412,0.9744
865,ResNet+AE,0.9286,0.902,0.9,0.8571,0.9714
866,ResNet+AE,0.875,0.9221,0.8772,0.9259,0.8276
867,ResNet+AE,0.9464,0.9891,0.9333,1.0,0.9143
868,ResNet+AE,0.9821,0.9946,0.9767,1.0,0.9714
869,ResNet+AE,0.9286,0.9969,0.8889,1.0,0.9
870,ResNet+AE,1.0,1.0,1.0,1.0,1.0
871,ResNet+AE,0.9464,0.9488,0.9189,0.9444,0.9474
872,ResNet+AE,0.9464,0.9427,0.9143,0.9412,0.9487
873,ResNet+AE,0.9107,0.9401,0.8718,0.9444,0.8947
874,ResNet+AE,0.9286,0.9548,0.8889,0.9412,0.9231
875,ResNet+AE,0.9464,0.9891,0.9333,1.0,0.9143
876,ResNet+AE,0.9107,0.9497,0.9057,0.96,0.871
877,ResNet+AE,0.9643,0.9986,0.95,1.0,0.9459
878,ResNet+AE,0.8571,0.8374,0.8333,0.8,0.9032
879,ResNet+AE,0.875,0.9439,0.8571,0.9545,0.8235
880,ResNet+AE,0.9286,1.0,0.9048,1.0,0.8919
881,ResNet+AE,0.9107,0.9722,0.8889,1.0,0.8611
882,ResNet+AE,0.8929,0.902,0.8636,0.9048,0.8857
883,ResNet+AE,0.9643,0.9921,0.9583,1.0,0.9394
884,ResNet+AE,0.9107,0.9398,0.8889,0.9091,0.9118
885,ResNet+AE,0.8571,0.857,0.8261,0.8636,0.8529
886,ResNet+AE,0.9821,0.9936,0.9811,1.0,0.9667
887,ResNet+AE,0.8571,0.8734,0.8095,0.8947,0.8378
888,ResNet+AE,0.9643,0.9973,0.9545,1.0,0.9429
889,ResNet+AE,0.9821,0.9716,0.9796,0.96,1.0
890,ResNet+AE,0.9464,0.9898,0.9032,1.0,0.9286
891,ResNet+AE,0.9464,0.9973,0.9362,1.0,0.9118
892,ResNet+AE,0.8929,0.9958,0.8696,1.0,0.8333
893,ResNet+AE,0.9464,0.9368,0.9333,0.913,0.9697
894,ResNet+AE,0.9107,0.9519,0.8936,0.9545,0.8824
895,ResNet+AE,0.9821,0.9959,0.9767,1.0,0.9714
896,ResNet+AE,0.8929,0.8905,0.85,0.8947,0.8919
897,ResNet+AE,0.9643,0.9959,0.9545,1.0,0.9429
898,ResNet+AE,0.9107,0.9305,0.8889,0.9091,0.9118
899,ResNet+AE,0.9464,0.9333,0.9412,0.9231,0.9667
900,ResNet+AE,0.9286,0.9628,0.9259,0.9615,0.9
901,ResNet+AE,0.9286,0.95,0.9048,0.95,0.9167
902,ResNet+AE,0.9464,0.9518,0.9189,0.9444,0.9474
903,ResNet+AE,0.9464,0.9879,0.88,1.0,0.9333
904,ResNet+AE,0.9464,0.9875,0.9302,1.0,0.9167
905,ResNet+AE,0.9464,0.9502,0.9231,0.9474,0.9459
906,ResNet+AE,0.9643,0.9958,0.9524,1.0,0.9444
907,ResNet+AE,0.9464,0.983,0.9032,1.0,0.9286
908,ResNet+AE,0.9107,0.9417,0.8837,0.95,0.8889
909,ResNet+AE,0.9464,0.9605,0.9362,0.9565,0.9394
910,ResNet+AE,0.9643,0.9513,0.9655,0.9333,1.0
911,ResNet+AE,0.9107,0.9618,0.898,0.9565,0.8788
912,ResNet+AE,0.9107,0.9442,0.8649,0.9412,0.8974
913,ResNet+AE,0.9286,0.9518,0.8947,0.9444,0.9211
914,ResNet+AE,0.9286,0.992,0.9167,1.0,0.8824
915,ResNet+AE,0.9107,0.8465,0.8571,0.8333,0.9474
916,ResNet+AE,0.9821,0.992,0.9778,1.0,0.9706
917,ResNet+AE,0.9643,0.9853,0.9565,1.0,0.9412
918,ResNet+AE,0.9643,0.9559,0.9545,0.9545,0.9706
919,ResNet+AE,0.8929,0.9805,0.8333,1.0,0.8537
920,ResNet+AE,0.9107,0.9153,0.878,0.9,0.9167
921,ResNet+AE,0.9464,0.9578,0.9362,0.9565,0.9394
922,ResNet+AE,0.9643,0.9957,0.95,1.0,0.9459
923,ResNet+AE,0.9821,0.991,0.9804,1.0,0.9677
924,ResNet+AE,0.9821,0.9922,0.9796,1.0,0.9688
925,ResNet+AE,0.8929,0.7991,0.7,0.7778,0.9149
926,ResNet+AE,1.0,1.0,1.0,1.0,1.0
927,ResNet+AE,0.9107,0.9958,0.8889,1.0,0.8611
928,ResNet+AE,0.9464,0.9559,0.9231,0.9474,0.9459
929,ResNet+AE,0.9464,0.9367,0.9143,0.9412,0.9487
930,ResNet+AE,0.875,0.8027,0.8205,0.7619,0.9429
931,ResNet+AE,0.9286,0.9896,0.9231,1.0,0.875
932,ResNet+AE,0.9107,0.9787,0.8837,1.0,0.8649
933,ResNet+AE,0.9286,0.9866,0.9167,1.0,0.8824
934,ResNet+AE,0.9107,0.981,0.878,1.0,0.8684
935,ResNet+AE,0.9821,1.0,0.9825,1.0,0.9643
936,ResNet+AE,0.9464,0.9971,0.9231,1.0,0.9211
937,ResNet+AE,0.8571,0.9488,0.8182,0.9474,0.8108
938,ResNet+AE,0.9464,0.9687,0.9302,0.9524,0.9429
939,ResNet+AE,0.9286,0.9565,0.9167,0.9565,0.9091
940,ResNet+AE,0.9464,0.9583,0.9268,0.95,0.9444
941,ResNet+AE,0.9286,0.9347,0.9048,0.95,0.9167
942,ResNet+AE,0.9464,0.9881,0.9388,1.0,0.9091
943,ResNet+AE,0.9286,0.9374,0.9,0.9474,0.9189
944,ResNet+AE,0.8929,0.9578,0.8696,0.9524,0.8571
945,ResNet+AE,0.9464,0.9961,0.9434,1.0,0.9032
946,ResNet+AE,0.9643,0.9276,0.9375,0.8824,1.0
947,ResNet+AE,0.9464,0.9677,0.9412,0.96,0.9355
948,ResNet+AE,0.9821,0.9955,0.9714,1.0,0.9744
949,ResNet+AE,0.875,0.9403,0.8444,0.95,0.8333
950,ResNet+AE,0.9821,0.992,0.9778,1.0,0.9706
951,ResNet+AE,0.9107,0.9615,0.9091,0.9615,0.8667
952,ResNet+AE,0.9286,0.9559,0.913,0.9545,0.9118
953,ResNet+AE,0.8393,0.9292,0.8085,0.95,0.7778
954,ResNet+AE,0.8929,0.9488,0.8571,0.9474,0.8649
955,ResNet+AE,0.9643,0.9973,0.9545,1.0,0.9429
956,ResNet+AE,0.9464,0.9474,0.9231,0.9474,0.9459
957,ResNet+AE,0.9464,0.9932,0.9333,1.0,0.9143
958,ResNet+AE,0.9107,0.9371,0.8387,0.9286,0.9048
959,ResNet+AE,0.9107,0.9513,0.898,0.9565,0.8788
960,ResNet+AE,0.9464,0.9388,0.9362,0.9167,0.9688
961,ResNet+AE,0.9464,0.9532,0.9143,0.9412,0.9487
962,ResNet+AE,0.8929,0.9333,0.8636,0.95,0.8611
963,ResNet+AE,0.9643,0.9961,0.96,1.0,0.9375
964,ResNet+AE,1.0,1.0,1.0,1.0,1.0
965,ResNet+AE,0.9286,0.966,0.913,1.0,0.8857
966,ResNet+AE,0.9643,0.9971,0.9474,1.0,0.9474
967,ResNet+AE,0.8929,0.9858,0.8636,1.0,0.8378
968,ResNet+AE,0.8929,0.9139,0.8571,0.9,0.8889
969,ResNet+AE,0.8929,0.8759,0.8,0.8571,0.9048
970,ResNet+AE,0.875,0.8971,0.8511,0.9091,0.8529
971,ResNet+AE,0.9286,0.9891,0.8889,1.0,0.9
972,ResNet+AE,0.9107,0.8844,0.8485,0.875,0.925
973,ResNet+AE,0.9286,0.9587,0.9,0.9474,0.9189
974,ResNet+AE,0.8929,0.9915,0.8636,1.0,0.8378
975,ResNet+AE,0.9821,0.9955,0.9714,1.0,0.9744
976,ResNet+AE,0.9464,0.996,0.9388,1.0,0.9091
977,ResNet+AE,0.875,0.9056,0.8372,0.9,0.8611
978,ResNet+AE,0.9286,0.9911,0.8667,1.0,0.907
979,ResNet+AE,0.9643,0.909,0.9444,0.8947,1.0
980,ResNet+AE,0.9643,0.9745,0.9643,0.9643,0.9643
981,ResNet+AE,0.9107,0.9332,0.8936,0.9545,0.8824
982,ResNet+AE,0.9643,0.9987,0.96,1.0,0.9375
983,ResNet+AE,0.8929,0.9479,0.8846,0.9583,0.8438
984,ResNet+AE,0.8929,0.8085,0.8235,0.7778,0.9474
985,ResNet+AE,0.9286,0.9246,0.8947,0.8947,0.9459
986,ResNet+AE,0.8929,0.8453,0.8125,0.8125,0.925
987,ResNet+AE,0.9464,0.9969,0.9143,1.0,0.925
988,ResNet+AE,0.9107,0.9759,0.8718,1.0,0.8718
989,ResNet+AE,0.875,0.8778,0.8293,0.85,0.8889
990,ResNet+AE,0.9464,0.9844,0.9268,1.0,0.9189
991,ResNet+AE,0.9286,0.951,0.9091,0.9524,0.9143
992,ResNet+AE,0.8393,0.8649,0.7907,0.8947,0.8108
993,ResNet+AE,0.9643,0.9305,0.9524,0.9091,1.0
994,ResNet+AE,0.8929,0.8805,0.8421,0.8421,0.9189
995,ResNet+AE,0.9464,0.9293,0.9268,0.9048,0.9714
996,ResNet+AE,1.0,1.0,1.0,1.0,1.0
997,ResNet+AE,0.9107,0.9171,0.8485,0.9333,0.9024
998,ResNet+AE,0.9464,0.9972,0.9268,1.0,0.9189
999,ResNet+AE,0.9286,0.9896,0.9231,1.0,0.875
1000,ResNet+AE,0.9107,0.9474,0.8718,0.9444,0.8947
1,ResNet,0.9821,0.9896,0.9796,1.0,0.9688
2,ResNet,0.9643,0.9626,0.9545,0.9545,0.9706
3,ResNet,0.9821,0.9547,0.9714,0.9444,1.0
4,ResNet,0.8929,0.7311,0.7273,0.6667,0.9545
5,ResNet,0.9464,0.9532,0.9143,0.9412,0.9487
6,ResNet,0.9464,0.9616,0.9231,0.9474,0.9459
7,ResNet,0.9643,0.9515,0.9643,0.931,1.0
8,ResNet,0.9464,0.9886,0.9268,1.0,0.9189
9,ResNet,0.9464,0.931,0.9362,0.9167,0.9688
10,ResNet,0.9643,0.9881,0.9583,1.0,0.9394
11,ResNet,0.9107,0.9456,0.8889,0.9524,0.8857
12,ResNet,0.9821,0.9644,0.973,0.9474,1.0
13,ResNet,0.9643,0.9548,0.9412,0.9412,0.9744
14,ResNet,0.9464,0.9633,0.9302,0.9524,0.9429
15,ResNet,0.9107,0.9321,0.8649,0.9412,0.8974
16,ResNet,0.9643,0.9457,0.9412,0.9412,0.9744
17,ResNet,0.9643,0.9619,0.9524,0.9524,0.9714
18,ResNet,0.9821,0.9985,0.9714,1.0,0.9744
19,ResNet,0.9107,0.9097,0.878,0.9,0.9167
20,ResNet,0.9464,0.9183,0.9333,0.913,0.9697
21,ResNet,0.9107,0.9431,0.878,0.9474,0.8919
22,ResNet,0.8929,0.872,0.8421,0.8421,0.9189
23,ResNet,0.9286,0.9135,0.9333,0.9032,0.96
24,ResNet,0.9643,0.9432,0.9583,0.92,1.0
25,ResNet,0.9464,0.9505,0.9333,0.9545,0.9412
26,ResNet,0.9821,0.9957,0.9744,1.0,0.973
27,ResNet,0.9107,0.942,0.898,0.9565,0.8788
28,ResNet,0.9286,0.898,0.9,0.8571,0.9714
29,ResNet,0.9107,0.899,0.8718,0.8947,0.9189
30,ResNet,0.9821,0.9703,0.9796,0.96,1.0
31,ResNet,0.9464,0.9497,0.9412,0.96,0.9355
32,ResNet,0.9286,0.9148,0.8462,0.9167,0.9318
33,ResNet,1.0,1.0,1.0,1.0,1.0
34,ResNet,0.9464,0.9354,0.9333,0.913,0.9697
35,ResNet,0.9464,0.908,0.9091,0.8824,0.9744
36,ResNet,0.9464,0.9459,0.9231,0.9474,0.9459
37,ResNet,0.9107,0.8696,0.8889,0.8696,0.9394
38,ResNet,0.9464,0.9641,0.9434,0.9615,0.9333
39,ResNet,0.9286,0.9531,0.9,0.9474,0.9189
40,ResNet,0.9107,0.9596,0.902,0.9583,0.875
41,ResNet,0.9107,0.8408,0.8718,0.8095,0.9714
42,ResNet,0.9286,0.9125,0.9,0.9,0.9444
43,ResNet,0.9464,0.9312,0.9091,0.9375,0.95
44,ResNet,0.9286,0.9833,0.9091,1.0,0.8889
45,ResNet,0.9821,1.0,0.9697,1.0,0.975
46,ResNet,0.9643,0.9728,0.9545,1.0,0.9429
47,ResNet,0.9107,0.9116,0.8837,0.9048,0.9143
48,ResNet,0.9286,0.9064,0.8889,0.8889,0.9474
49,ResNet,0.9464,0.9886,0.9091,1.0,0.9268
50,ResNet,0.8929,0.8707,0.8571,0.8571,0.9143
51,ResNet,0.9464,0.9583,0.9388,0.9583,0.9375
52,ResNet,0.9821,0.9985,0.973,1.0,0.9737
53,ResNet,0.9821,0.9878,0.9767,1.0,0.9714
54,ResNet,0.9821,0.9586,0.9767,0.9545,1.0
55,ResNet,0.9464,0.969,0.9434,1.0,0.9032
56,ResNet,1.0,1.0,1.0,1.0,1.0
57,ResNet,0.9464,0.9672,0.9143,1.0,0.925
58,ResNet,0.9643,0.9565,0.9524,0.9524,0.9714
59,ResNet,0.9464,0.957,0.9388,0.9583,0.9375
60,ResNet,0.9464,0.9372,0.9492,0.9333,0.9615
61,ResNet,0.9286,0.9271,0.9167,0.9167,0.9375
62,ResNet,0.9821,0.9932,0.9767,1.0,0.9714
63,ResNet,0.9821,0.9561,0.9714,0.9444,1.0
64,ResNet,0.9643,0.9569,0.95,0.95,0.9722
65,ResNet,0.8929,0.8577,0.8696,0.8696,0.9091
66,ResNet,1.0,1.0,1.0,1.0,1.0
67,ResNet,0.9286,0.917,0.9091,0.9524,0.9143
68,ResNet,0.9286,0.984,0.9167,1.0,0.8824
69,ResNet,0.9286,0.9184,0.9048,0.9048,0.9429
70,ResNet,0.9107,0.9289,0.878,0.9474,0.8919
71,ResNet,0.9286,0.845,0.8824,0.8333,0.9737
72,ResNet,0.9643,0.9648,0.9583,0.9583,0.9688
73,ResNet,0.9643,0.9984,0.9375,1.0,0.9512
74,ResNet,0.9643,1.0,0.9375,1.0,0.9512
75,ResNet,0.8929,0.9193,0.88,0.9167,0.875
76,ResNet,1.0,1.0,1.0,1.0,1.0
77,ResNet,0.9643,0.9539,0.9565,0.9565,0.9697
78,ResNet,0.9286,0.9626,0.913,0.9545,0.9118
79,ResNet,0.9643,0.974,0.96,1.0,0.9375
80,ResNet,0.9286,0.9388,0.9091,0.9524,0.9143
81,ResNet,0.9464,0.9542,0.9268,0.95,0.9444
82,ResNet,0.9286,0.9609,0.92,0.9583,0.9062
83,ResNet,0.9286,0.9552,0.9167,0.9565,0.9091
84,ResNet,0.9464,0.9333,0.9268,0.95,0.9444
85,ResNet,0.9643,0.9406,0.9583,0.92,1.0
86,ResNet,0.9107,0.9386,0.8718,0.9444,0.8947
87,ResNet,0.9643,0.9095,0.9375,0.8824,1.0
88,ResNet,0.8929,0.8914,0.8333,0.8824,0.8974
89,ResNet,0.9643,0.9532,0.9412,0.9412,0.9744
90,ResNet,0.9464,0.8816,0.9231,0.8571,1.0
91,ResNet,0.9821,0.9972,0.9756,1.0,0.9722
92,ResNet,0.9643,0.9469,0.9375,0.9375,0.975
93,ResNet,0.9643,0.9786,0.9565,1.0,0.9412
94,ResNet,0.9643,0.9565,0.9565,0.9565,0.9697
95,ResNet,0.9286,0.9184,0.9091,0.9091,0.9412
96,ResNet,0.9286,0.9219,0.8824,0.9375,0.925
97,ResNet,1.0,1.0,1.0,1.0,1.0
98,ResNet,0.9464,0.9401,0.9189,0.9444,0.9474
99,ResNet,0.9107,0.8877,0.8837,0.8636,0.9412
100,ResNet,0.9107,0.9375,0.8837,0.95,0.8889
101,ResNet,0.9643,0.9889,0.9524,1.0,0.9444
102,ResNet,0.9821,0.974,0.9787,0.9583,1.0
103,ResNet,0.9821,0.9883,0.9796,1.0,0.9688
104,ResNet,0.8929,0.8813,0.8235,0.875,0.9
105,ResNet,0.9286,0.9115,0.9167,0.9167,0.9375
106,ResNet,0.9464,0.9075,0.9189,0.8947,0.973
107,ResNet,1.0,1.0,1.0,1.0,1.0
108,ResNet,0.9643,0.9548,0.96,0.96,0.9677
109,ResNet,0.9107,0.7898,0.7826,0.75,0.9545
110,ResNet,0.9643,0.9872,0.95,1.0,0.9459
111,ResNet,0.9643,0.9972,0.95,1.0,0.9459
112,ResNet,0.9464,0.9403,0.9231,0.9474,0.9459
113,ResNet,0.9821,0.9987,0.9804,1.0,0.9677
114,ResNet,0.9821,0.9732,0.9818,0.9643,1.0
115,ResNet,0.9643,0.9557,0.9583,0.9583,0.9688
116,ResNet,0.9286,0.9458,0.9048,0.95,0.9167
117,ResNet,0.9821,0.9687,0.9756,0.9524,1.0
118,ResNet,0.8929,0.9139,0.8571,0.9,0.8889
119,ResNet,0.9821,1.0,0.973,1.0,0.9737
120,ResNet,0.9643,0.9605,0.9444,0.9444,0.9737
121,ResNet,0.9643,0.9586,0.9545,0.9545,0.9706
122,ResNet,0.9821,0.9687,0.9756,0.9524,1.0
123,ResNet,0.9107,0.8904,0.8837,0.8636,0.9412
124,ResNet,0.9464,0.9196,0.9143,0.8889,0.9737
125,ResNet,0.9107,0.9394,0.9057,0.96,0.871
126,ResNet,0.9286,0.9442,0.9091,0.9524,0.9143
127,ResNet,0.9643,0.9401,0.9565,0.9167,1.0
128,ResNet,0.9464,0.9492,0.9333,0.9545,0.9412
129,ResNet,0.9643,0.8947,0.9412,0.8889,1.0
130,ResNet,0.9464,0.9559,0.9231,0.9474,0.9459
131,ResNet,0.9286,0.9306,0.9,0.9,0.9444
132,ResNet,0.9286,0.9209,0.913,0.913,0.9394
133,ResNet,0.9643,0.9879,0.9444,1.0,0.9487
134,ResNet,0.9286,0.9381,0.9167,0.9565,0.9091
135,ResNet,0.9643,0.9805,0.96,1.0,0.9375
136,ResNet,0.9643,0.9123,0.9412,0.8889,1.0
137,ResNet,0.9643,0.9457,0.9412,0.9412,0.9744
138,ResNet,0.9643,0.9969,0.9412,1.0,0.95
139,ResNet,0.9107,0.9486,0.8889,1.0,0.8611
140,ResNet,0.8929,0.8748,0.8571,0.8571,0.9143
141,ResNet,0.9643,0.9397,0.9412,0.9412,0.9744
142,ResNet,0.9464,0.8598,0.8696,0.8333,0.9773
143,ResNet,0.9464,0.9414,0.9362,0.9167,0.9688
144,ResNet,0.9286,0.9266,0.8824,0.9375,0.925
145,ResNet,0.9464,0.9868,0.9231,1.0,0.9211
146,ResNet,0.9464,0.9359,0.9091,0.9375,0.95
147,ResNet,0.875,0.8834,0.8293,0.8947,0.8649
148,ResNet,0.9286,0.8914,0.8824,0.8824,0.9487
149,ResNet,0.8929,0.8567,0.8333,0.8333,0.9211
150,ResNet,0.875,0.8828,0.8,0.875,0.875
151,ResNet,0.8929,0.8984,0.8696,0.9091,0.8824
152,ResNet,0.9643,0.9881,0.9583,1.0,0.9394
153,ResNet,0.9286,0.9391,0.8824,0.9375,0.925
154,ResNet,0.8929,0.8656,0.8636,0.8261,0.9394
155,ResNet,1.0,1.0,1.0,1.0,1.0
156,ResNet,0.9821,0.9608,0.9697,0.9412,1.0
157,ResNet,0.9286,0.9602,0.9048,1.0,0.8919
158,ResNet,0.9286,0.9317,0.9,0.9474,0.9189
159,ResNet,0.9821,0.9894,0.9714,1.0,0.9744
160,ResNet,0.9464,0.95,0.9268,0.95,0.9444
161,ResNet,0.9464,0.9537,0.9302,0.9524,0.9429
162,ResNet,0.9821,0.9881,0.9655,1.0,0.9762
163,ResNet,1.0,1.0,1.0,1.0,1.0
164,ResNet,0.9643,0.9864,0.9545,1.0,0.9429
165,ResNet,0.875,0.8517,0.8372,0.8571,0.8857
166,ResNet,0.9643,0.9578,0.9412,0.9412,0.9744
167,ResNet,0.9286,0.8712,0.8462,0.8462,0.9535
168,ResNet,0.9643,0.9315,0.9545,0.913,1.0
169,ResNet,0.9107,0.9389,0.8837,0.95,0.8889
170,ResNet,0.9107,0.7821,0.8148,0.7333,0.9756
171,ResNet,0.9107,0.9347,0.8837,0.95,0.8889
172,ResNet,0.9464,0.974,0.9412,1.0,0.9062
173,ResNet,0.9643,0.9459,0.9444,0.9444,0.9737
174,ResNet,0.9464,0.9401,0.9268,0.9048,0.9714
175,ResNet,0.9286,0.9861,0.9091,1.0,0.8889
176,ResNet,0.9643,0.9596,0.9583,0.9583,0.9688
177,ResNet,0.8929,0.9366,0.8235,0.9333,0.878
178,ResNet,0.9643,0.9232,0.9444,0.8947,1.0
179,ResNet,0.9821,0.9657,0.9778,0.9565,1.0
180,ResNet,0.9643,0.9531,0.9375,0.9375,0.975
181,ResNet,0.9643,0.9625,0.95,0.95,0.9722
182,ResNet,0.9286,0.944,0.92,0.9583,0.9062
183,ResNet,0.9643,0.9605,0.9565,0.9565,0.9697
184,ResNet,1.0,1.0,1.0,1.0,1.0
185,ResNet,0.9464,0.943,0.9189,0.9444,0.9474
186,ResNet,0.9643,0.992,0.9565,1.0,0.9412
187,ResNet,0.9286,0.9458,0.9048,0.95,0.9167
188,ResNet,0.9643,0.9559,0.9474,0.9474,0.973
189,ResNet,0.9643,0.9605,0.9524,0.9524,0.9714
190,ResNet,0.9286,0.92,0.92,0.92,0.9355
191,ResNet,0.9821,0.9987,0.9811,1.0,0.9667
192,ResNet,0.9464,0.9787,0.9268,1.0,0.9189
193,ResNet,0.9643,0.9487,0.96,0.9231,1.0
194,ResNet,0.9643,0.9544,0.9583,0.9583,0.9688
195,ResNet,0.9464,0.942,0.9362,0.9565,0.9394
196,ResNet,0.9464,0.9361,0.9474,0.931,0.963
197,ResNet,0.9643,0.9813,0.9333,1.0,0.9524
198,ResNet,0.8929,0.9251,0.8696,0.9091,0.8824
199,ResNet,0.9464,0.9894,0.9189,1.0,0.9231
200,ResNet,0.9643,0.9902,0.9375,1.0,0.9512
201,ResNet,0.9464,0.9479,0.9333,0.9545,0.9412
202,ResNet,0.9286,0.8677,0.8889,0.8421,0.973
203,ResNet,0.9107,0.9275,0.878,0.9474,0.8919
204,ResNet,0.9821,0.9932,0.9767,1.0,0.9714
205,ResNet,0.9464,0.9891,0.9333,1.0,0.9143
206,ResNet,0.9107,0.9403,0.8837,0.95,0.8889
207,ResNet,0.9464,0.9315,0.9333,0.913,0.9697
208,ResNet,0.9286,0.9123,0.8889,0.8889,0.9474
209,ResNet,0.9821,0.9902,0.9677,1.0,0.9756
210,ResNet,0.875,0.8375,0.8205,0.8,0.9167
211,ResNet,0.8929,0.873,0.7857,0.8462,0.907
212,ResNet,0.9286,0.9617,0.9333,0.9655,0.8889
213,ResNet,0.9286,0.9431,0.9,0.9474,0.9189
214,ResNet,0.9643,0.9881,0.9333,1.0,0.9524
215,ResNet,0.9286,0.9143,0.9048,0.9048,0.9429
216,ResNet,0.9286,0.9143,0.9048,0.9048,0.9429
217,ResNet,0.9107,0.9422,0.8571,0.9375,0.9
218,ResNet,0.9643,0.9864,0.9545,1.0,0.9429
219,ResNet,0.9286,0.8893,0.9091,0.8696,0.9697
220,ResNet,1.0,1.0,1.0,1.0,1.0
221,ResNet,0.9464,0.8367,0.88,0.7857,1.0
222,ResNet,0.9821,0.9591,0.9714,0.9444,1.0
223,ResNet,0.9643,0.9847,0.9524,1.0,0.9444
224,ResNet,0.9821,0.9635,0.9787,0.9583,1.0
225,ResNet,0.8929,0.885,0.8636,0.8636,0.9118
226,ResNet,0.9464,0.9825,0.9231,1.0,0.9211
227,ResNet,0.9464,0.931,0.9362,0.9167,0.9688
228,ResNet,0.9464,0.9483,0.9302,0.9524,0.9429
229,ResNet,0.9464,0.9236,0.9231,0.9,0.9722
230,ResNet,0.9643,0.9386,0.9412,0.8889,1.0
231,ResNet,0.9107,0.9367,0.8649,0.9412,0.8974
232,ResNet,0.9643,0.9667,0.9615,0.9615,0.9667
233,ResNet,0.9464,0.9519,0.9333,0.9545,0.9412
234,ResNet,0.9821,0.9879,0.9714,1.0,0.9744
235,ResNet,0.9464,0.9502,0.9231,0.9474,0.9459
236,ResNet,0.8929,0.877,0.8636,0.8636,0.9118
237,ResNet,0.9464,0.9872,0.9268,1.0,0.9189
238,ResNet,0.9464,0.9947,0.9362,1.0,0.9118
239,ResNet,0.8929,0.8862,0.85,0.8947,0.8919
240,ResNet,0.9286,0.9503,0.8947,0.9444,0.9211
241,ResNet,0.9464,0.9083,0.9189,0.85,1.0
242,ResNet,0.9643,0.9875,0.9524,1.0,0.9444
243,ResNet,0.9643,0.9953,0.9412,1.0,0.95
244,ResNet,0.9643,0.9337,0.9286,0.9286,0.9762
245,ResNet,0.9643,0.9829,0.9583,1.0,0.9394
246,ResNet,0.9821,0.9883,0.973,1.0,0.9737
247,ResNet,0.9464,0.9796,0.9032,1.0,0.9286
248,ResNet,0.9286,0.9375,0.8824,0.9375,0.925
249,ResNet,0.9286,0.9083,0.9,0.9,0.9444
250,ResNet,0.8929,0.9308,0.8889,0.9231,0.8667
251,ResNet,0.9643,0.9535,0.96,0.96,0.9677
252,ResNet,0.9643,0.9469,0.9375,0.9375,0.975
253,ResNet,0.9286,0.9097,0.9,0.9,0.9444
254,ResNet,0.8929,0.8878,0.8,0.8571,0.9048
255,ResNet,1.0,1.0,1.0,1.0,1.0
256,ResNet,0.9643,0.9557,0.9583,0.9583,0.9688
257,ResNet,0.9107,0.9811,0.8276,1.0,0.8864
258,ResNet,0.9464,0.9792,0.9302,1.0,0.9167
259,ResNet,0.9464,0.9208,0.9231,0.9,0.9722
260,ResNet,0.9286,0.9075,0.8947,0.8947,0.9459
261,ResNet,0.9821,0.9949,0.9836,1.0,0.9615
262,ResNet,0.9286,0.9819,0.8947,1.0,0.8974
263,ResNet,0.9821,0.9897,0.9804,1.0,0.9677
264,ResNet,0.8929,0.8677,0.8421,0.8421,0.9189
265,ResNet,0.9107,0.8984,0.8936,0.875,0.9375
266,ResNet,0.9464,0.9406,0.9091,0.9375,0.95
267,ResNet,0.9643,0.9488,0.9444,0.9444,0.9737
268,ResNet,0.9286,0.9375,0.8462,0.9167,0.9318
269,ResNet,0.9464,0.9262,0.9333,0.913,0.9697
270,ResNet,0.9464,0.9789,0.9091,1.0,0.9268
271,ResNet,0.9464,0.9361,0.9474,0.931,0.963
272,ResNet,0.9464,0.8953,0.9032,0.875,0.975
273,ResNet,0.9464,0.9224,0.9268,0.9048,0.9714
274,ResNet,0.9464,0.9557,0.9388,0.9583,0.9375
275,ResNet,0.9107,0.9333,0.8889,0.9524,0.8857
276,ResNet,0.9464,0.9397,0.9143,0.9412,0.9487
277,ResNet,0.9821,0.9732,0.9818,0.9643,1.0
278,ResNet,0.9821,0.9974,0.9836,1.0,0.9615
279,ResNet,0.9107,0.9401,0.8718,0.9444,0.8947
280,ResNet,0.9464,0.9347,0.9268,0.95,0.9444
281,ResNet,0.8929,0.9193,0.88,0.9167,0.875
282,ResNet,0.9643,0.9613,0.96,0.96,0.9677
283,ResNet,0.9286,0.9736,0.92,1.0,0.8788
284,ResNet,0.9286,0.9295,0.9231,0.9231,0.9333
285,ResNet,0.9821,0.99,0.9744,1.0,0.973
286,ResNet,0.9464,0.9401,0.9302,0.9524,0.9429
287,ResNet,0.9107,0.902,0.8837,0.9048,0.9143
288,ResNet,0.9821,0.9956,0.973,1.0,0.9737
289,ResNet,0.9821,0.9611,0.9744,0.95,1.0
290,ResNet,0.9464,0.9917,0.9302,1.0,0.9167
291,ResNet,0.9643,0.9857,0.9286,1.0,0.9535
292,ResNet,0.9464,0.9487,0.9143,0.9412,0.9487
293,ResNet,0.9643,0.9769,0.9545,1.0,0.9429
294,ResNet,0.8929,0.883,0.8421,0.8889,0.8947
295,ResNet,0.9107,0.9431,0.878,0.9474,0.8919
296,ResNet,0.9464,0.9445,0.9388,0.92,0.9677
297,ResNet,0.9821,0.9583,0.9744,0.95,1.0
298,ResNet,0.9286,0.9837,0.913,1.0,0.8857
299,ResNet,0.9107,0.9471,0.9057,0.96,0.871
300,ResNet,0.9464,0.9891,0.9143,1.0,0.925
301,ResNet,0.8929,0.877,0.8696,0.9091,0.8824
302,ResNet,0.9643,0.9786,0.9565,1.0,0.9412
303,ResNet,0.9286,0.9083,0.9,0.9,0.9444
304,ResNet,0.9821,0.991,0.9714,1.0,0.9744
305,ResNet,0.9107,0.9425,0.8936,0.9545,0.8824
306,ResNet,0.9821,0.9639,0.9744,0.95,1.0
307,ResNet,0.9643,0.9524,0.9524,0.9524,0.9714
308,ResNet,0.9821,0.9985,0.973,1.0,0.9737
309,ResNet,0.9464,0.9209,0.9333,0.913,0.9697
310,ResNet,0.9464,0.9427,0.9143,0.9412,0.9487
311,ResNet,0.8929,0.9197,0.8696,0.9524,0.8571
312,ResNet,0.9464,0.9893,0.8966,1.0,0.9302
313,ResNet,1.0,1.0,1.0,1.0,1.0
314,ResNet,0.9821,0.9679,0.9767,0.9545,1.0
315,ResNet,0.9821,0.9512,0.9655,0.9333,1.0
316,ResNet,0.9286,0.9551,0.9091,0.9524,0.9143
317,ResNet,0.9464,0.9431,0.9032,0.9333,0.9512
318,ResNet,0.9464,0.9109,0.9032,0.875,0.975
319,ResNet,0.9643,1.0,0.9565,1.0,0.9412
320,ResNet,1.0,1.0,1.0,1.0,1.0
321,ResNet,0.9464,0.9239,0.9388,0.92,0.9677
322,ResNet,1.0,1.0,1.0,1.0,1.0
323,ResNet,0.9643,0.9406,0.9375,0.9375,0.975
324,ResNet,0.9643,0.9592,0.9565,0.9565,0.9697
325,ResNet,0.9643,0.9847,0.9333,1.0,0.9524
326,ResNet,0.9821,0.9987,0.9778,1.0,0.9706
327,ResNet,0.875,0.8816,0.8205,0.8889,0.8684
328,ResNet,0.9464,0.9528,0.9268,0.95,0.9444
329,ResNet,0.9464,0.9458,0.9268,0.95,0.9444
330,ResNet,0.9643,0.9854,0.9474,1.0,0.9474
331,ResNet,0.8929,0.8962,0.8421,0.8889,0.8947
332,ResNet,0.9107,0.9696,0.8387,1.0,0.8837
333,ResNet,0.9286,0.9572,0.913,0.9545,0.9118
334,ResNet,0.9643,0.9375,0.9565,0.9167,1.0
335,ResNet,0.9821,0.9593,0.9697,0.9412,1.0
336,ResNet,0.9643,0.9489,0.9643,0.931,1.0
337,ResNet,0.9286,0.8694,0.8947,0.85,0.9722
338,ResNet,0.9464,0.9528,0.9032,0.9333,0.9512
339,ResNet,0.9821,0.9959,0.9767,1.0,0.9714
340,ResNet,0.9286,0.9893,0.8667,1.0,0.907
341,ResNet,0.9286,0.9035,0.8824,0.8824,0.9487
342,ResNet,0.9286,0.9502,0.931,1.0,0.8621
343,ResNet,0.9286,0.9091,0.8333,0.9091,0.9333
344,ResNet,0.8929,0.9012,0.8696,0.8696,0.9091
345,ResNet,0.875,0.7781,0.7586,0.6875,0.95
346,ResNet,0.9643,0.9459,0.9444,0.9444,0.9737
347,ResNet,0.9286,0.8953,0.875,0.875,0.95
348,ResNet,0.9464,0.9828,0.9143,1.0,0.925
349,ResNet,0.9286,0.9469,0.9091,0.9524,0.9143
350,ResNet,0.9107,0.8748,0.878,0.8571,0.9429
351,ResNet,0.9286,0.9528,0.9048,0.95,0.9167
352,ResNet,0.9286,0.9374,0.9,0.9474,0.9189
353,ResNet,0.9286,0.8712,0.8462,0.8462,0.9535
354,ResNet,0.9643,0.9906,0.9412,1.0,0.95
355,ResNet,0.875,0.9141,0.8108,0.9375,0.85
356,ResNet,0.9107,0.8816,0.878,0.8571,0.9429
357,ResNet,0.9464,0.9553,0.9455,0.963,0.931
358,ResNet,0.9643,0.9889,0.9524,1.0,0.9444
359,ResNet,0.9464,0.8906,0.9032,0.875,0.975
360,ResNet,0.9286,0.9583,0.92,0.9583,0.9062
361,ResNet,1.0,1.0,1.0,1.0,1.0
362,ResNet,0.9286,0.9333,0.875,0.9333,0.9268
363,ResNet,0.9821,0.9985,0.9714,1.0,0.9744
364,ResNet,1.0,1.0,1.0,1.0,1.0
365,ResNet,0.9286,0.9708,0.9,1.0,0.8947
366,ResNet,0.9464,0.9444,0.9189,0.9444,0.9474
367,ResNet,0.9464,0.981,0.9333,1.0,0.9143
368,ResNet,0.9821,0.9893,0.9778,1.0,0.9706
369,ResNet,0.9643,0.9175,0.9444,0.8947,1.0
370,ResNet,0.9643,0.9559,0.9545,0.9545,0.9706
371,ResNet,0.9107,0.9323,0.898,0.9167,0.9062
372,ResNet,0.9643,0.9337,0.9286,0.9286,0.9762
373,ResNet,0.9286,0.8791,0.8947,0.8947,0.9459
374,ResNet,0.875,0.9251,0.8571,0.9545,0.8235
375,ResNet,0.875,0.8801,0.8205,0.8889,0.8684
376,ResNet,0.9464,0.9318,0.9302,0.9091,0.9706
377,ResNet,0.9286,0.974,0.8824,1.0,0.9024
378,ResNet,0.9464,0.9518,0.9189,0.9444,0.9474
379,ResNet,0.9643,0.9938,0.9412,1.0,0.95
380,ResNet,0.9464,0.931,0.9434,0.9259,0.9655
381,ResNet,0.9107,0.8959,0.8936,0.913,0.9091
382,ResNet,0.9643,0.9524,0.9524,0.9524,0.9714
383,ResNet,0.9643,0.9972,0.95,1.0,0.9459
384,ResNet,0.9643,0.9927,0.9474,1.0,0.9474
385,ResNet,0.9643,0.9578,0.9565,0.9565,0.9697
386,ResNet,0.9464,0.9746,0.9362,1.0,0.9118
387,ResNet,0.9643,0.992,0.9565,1.0,0.9412
388,ResNet,0.9464,0.9368,0.9333,0.913,0.9697
389,ResNet,0.9643,0.9891,0.9545,1.0,0.9429
390,ResNet,1.0,1.0,1.0,1.0,1.0
391,ResNet,0.9107,0.8578,0.8387,0.8125,0.95
392,ResNet,0.9464,0.9823,0.9333,1.0,0.9143
393,ResNet,0.9821,0.9878,0.9767,1.0,0.9714
394,ResNet,0.9643,0.9972,0.95,1.0,0.9459
395,ResNet,0.9464,0.9821,0.9474,1.0,0.8966
396,ResNet,0.9464,0.9323,0.9362,0.9167,0.9688
397,ResNet,0.9107,0.8684,0.8571,0.8333,0.9474
398,ResNet,0.9286,0.8748,0.9091,0.8696,0.9697
399,ResNet,0.9464,0.9842,0.9388,1.0,0.9091
400,ResNet,0.9464,0.9583,0.9388,0.9583,0.9375
401,ResNet,0.9464,0.9484,0.9412,0.96,0.9355
402,ResNet,0.9286,0.9398,0.875,0.9333,0.9268
403,ResNet,0.9643,0.9566,0.9643,0.931,1.0
404,ResNet,1.0,1.0,1.0,1.0,1.0
405,ResNet,0.8929,0.8583,0.85,0.85,0.9167
406,ResNet,0.8929,0.8313,0.8125,0.8125,0.925
407,ResNet,0.9464,0.9915,0.9032,1.0,0.9286
408,ResNet,0.9107,0.9197,0.8837,0.9048,0.9143
409,ResNet,0.9286,0.9488,0.9,0.9474,0.9189
410,ResNet,0.9286,0.8861,0.8947,0.85,0.9722
411,ResNet,0.9107,0.9741,0.8936,1.0,0.8571
412,ResNet,0.9643,0.9574,0.9677,0.9677,0.96
413,ResNet,0.9643,0.9938,0.9412,1.0,0.95
414,ResNet,0.9643,0.9542,0.95,0.95,0.9722
415,ResNet,0.9286,0.8944,0.9,0.9,0.9444
416,ResNet,0.9643,0.9936,0.963,1.0,0.9333
417,ResNet,0.875,0.9342,0.8293,0.9444,0.8421
418,ResNet,0.9464,0.9605,0.9474,0.9643,0.9286
419,ResNet,1.0,1.0,1.0,1.0,1.0
420,ResNet,0.9821,0.9984,0.9697,1.0,0.975
421,ResNet,0.9643,0.9942,0.9474,1.0,0.9474
422,ResNet,0.9643,0.9547,0.9444,0.9444,0.9737
423,ResNet,0.9643,0.9905,0.9545,1.0,0.9429
424,ResNet,0.9286,0.9281,0.8824,0.9375,0.925
425,ResNet,0.9464,0.9265,0.9268,0.9048,0.9714
426,ResNet,0.9643,0.9951,0.9375,1.0,0.9512
427,ResNet,1.0,1.0,1.0,1.0,1.0
428,ResNet,0.9286,0.9432,0.92,0.92,0.9355
429,ResNet,0.9464,0.9868,0.9231,1.0,0.9211
430,ResNet,0.9464,0.9931,0.9302,1.0,0.9167
431,ResNet,0.9821,0.9886,0.9744,1.0,0.973
432,ResNet,0.9821,0.9716,0.9796,0.96,1.0
433,ResNet,0.9286,0.864,0.8824,0.8333,0.9737
434,ResNet,0.9643,0.9385,0.9524,0.9091,1.0
435,ResNet,1.0,1.0,1.0,1.0,1.0
436,ResNet,0.9643,0.9245,0.9565,0.9167,1.0
437,ResNet,0.9107,0.9196,0.8936,0.913,0.9091
438,ResNet,0.8929,0.8278,0.8421,0.8,0.9444
439,ResNet,0.9286,0.9503,0.8947,0.9444,0.9211
440,ResNet,0.9643,0.9517,0.9412,0.9412,0.9744
441,ResNet,0.8929,0.8187,0.8235,0.7778,0.9474
442,ResNet,0.9464,0.9516,0.9231,0.9474,0.9459
443,ResNet,0.9643,0.9921,0.9583,1.0,0.9394
444,ResNet,0.875,0.8421,0.8205,0.8421,0.8919
445,ResNet,0.9107,0.9278,0.8837,0.95,0.8889
446,ResNet,0.9107,0.9492,0.8936,0.9545,0.8824
447,ResNet,0.9643,0.9573,0.9474,0.9474,0.973
448,ResNet,0.8929,0.8735,0.8696,0.8696,0.9091
449,ResNet,0.9464,0.9586,0.9333,0.9545,0.9412
450,ResNet,0.9643,0.9871,0.9615,1.0,0.9355
451,ResNet,0.9286,0.8806,0.9,0.9,0.9444
452,ResNet,0.9643,0.9565,0.9524,0.9524,0.9714
453,ResNet,0.9643,0.9405,0.9286,0.9286,0.9762
454,ResNet,0.9286,0.9516,0.9,0.9474,0.9189
455,ResNet,0.9643,0.991,0.9444,1.0,0.9487
456,ResNet,0.9286,0.9386,0.8947,0.9444,0.9211
457,ResNet,0.9643,0.9942,0.9474,1.0,0.9474
458,ResNet,0.9464,0.9804,0.9189,1.0,0.9231
459,ResNet,0.9643,0.9502,0.9412,0.9412,0.9744
460,ResNet,0.9464,0.9386,0.9189,0.9444,0.9474
461,ResNet,0.9643,0.9911,0.9643,1.0,0.931
462,ResNet,0.9464,0.9786,0.9362,1.0,0.9118
463,ResNet,0.9286,0.9341,0.913,0.913,0.9394
464,ResNet,0.9464,0.9552,0.9362,0.9565,0.9394
465,ResNet,0.9107,0.9244,0.918,0.9333,0.8846
466,ResNet,0.9821,0.9942,0.973,1.0,0.9737
467,ResNet,0.9821,1.0,0.9565,1.0,0.9778
468,ResNet,0.9286,0.9805,0.8824,1.0,0.9024
469,ResNet,0.9643,0.9203,0.9444,0.8947,1.0
470,ResNet,0.9821,0.9986,0.9767,1.0,0.9714
471,ResNet,0.875,0.9351,0.8205,0.9412,0.8462
472,ResNet,0.9464,0.943,0.9189,0.9444,0.9474
473,ResNet,1.0,1.0,1.0,1.0,1.0
474,ResNet,0.9107,0.9488,0.878,0.9474,0.8919
475,ResNet,0.9464,0.9539,0.9362,0.9565,0.9394
476,ResNet,0.9286,0.9406,0.8824,0.9375,0.925
477,ResNet,0.9286,0.9367,0.8889,0.9412,0.9231
478,ResNet,0.9286,0.9722,0.9,1.0,0.8947
479,ResNet,0.9107,0.8857,0.878,0.8571,0.9429
480,ResNet,0.9107,0.9284,0.898,0.9167,0.9062
481,ResNet,0.9107,0.9318,0.8936,0.9545,0.8824
482,ResNet,0.9464,0.9693,0.9231,1.0,0.9211
483,ResNet,0.9821,0.9447,0.9655,0.9333,1.0
484,ResNet,0.9821,0.9597,0.9744,0.95,1.0
485,ResNet,0.9643,0.9871,0.9615,1.0,0.9355
486,ResNet,0.9107,0.8904,0.8837,0.8636,0.9412
487,ResNet,1.0,1.0,1.0,1.0,1.0
488,ResNet,0.9107,0.8839,0.898,0.88,0.9355
489,ResNet,0.9107,0.943,0.8718,0.9444,0.8947
490,ResNet,0.9821,0.9943,0.9744,1.0,0.973
491,ResNet,0.9643,0.974,0.96,1.0,0.9375
492,ResNet,0.9821,0.991,0.9714,1.0,0.9744
493,ResNet,0.9464,0.9005,0.9091,0.8824,0.9744
494,ResNet,0.9821,0.9919,0.9677,1.0,0.9756
495,ResNet,0.9107,0.9278,0.8837,0.95,0.8889
496,ResNet,0.9821,0.9912,0.973,1.0,0.9737
497,ResNet,0.9464,0.991,0.9189,1.0,0.9231
498,ResNet,0.9464,0.9542,0.9268,0.95,0.9444
499,ResNet,0.9286,0.9097,0.9,0.9,0.9444
500,ResNet,0.9107,0.9291,0.8889,0.9091,0.9118
501,ResNet,0.9464,0.9587,0.9412,0.96,0.9355
502,ResNet,0.9821,0.997,0.9714,1.0,0.9744
503,ResNet,0.8929,0.8759,0.8,0.8571,0.9048
504,ResNet,0.8571,0.9266,0.7895,0.9375,0.825
505,ResNet,0.9464,0.9875,0.9302,1.0,0.9167
506,ResNet,0.9643,0.9644,0.9565,0.9565,0.9697
507,ResNet,0.9464,0.9886,0.9091,1.0,0.9268
508,ResNet,0.9464,0.9397,0.9143,0.9412,0.9487
509,ResNet,1.0,1.0,1.0,1.0,1.0
510,ResNet,0.9643,0.9972,0.95,1.0,0.9459
511,ResNet,0.875,0.8643,0.8108,0.8824,0.8718
512,ResNet,0.9286,0.9698,0.8947,1.0,0.8974
513,ResNet,0.9107,0.8236,0.8571,0.7895,0.973
514,ResNet,0.9464,0.9745,0.9032,1.0,0.9286
515,ResNet,0.9286,0.8656,0.8571,0.8571,0.9524
516,ResNet,0.9464,0.9371,0.8966,0.9286,0.9524
517,ResNet,0.9464,0.9526,0.9362,0.9565,0.9394
518,ResNet,0.9821,0.9587,0.973,0.9474,1.0
519,ResNet,0.9643,0.9391,0.9375,0.9375,0.975
520,ResNet,0.9821,0.9573,0.973,0.9474,1.0
521,ResNet,0.9286,0.9672,0.8889,1.0,0.9
522,ResNet,0.9643,0.9927,0.9474,1.0,0.9474
523,ResNet,0.9286,0.8848,0.8889,0.8421,0.973
524,ResNet,0.9464,0.8509,0.9091,0.8333,1.0
525,ResNet,0.9464,0.9253,0.8696,0.9091,0.9556
526,ResNet,0.9107,0.9312,0.8571,0.9375,0.9
527,ResNet,0.9286,0.9782,0.9286,1.0,0.8667
528,ResNet,0.9821,0.9935,0.9796,1.0,0.9688
529,ResNet,0.8571,0.8639,0.8095,0.85,0.8611
530,ResNet,0.9464,0.909,0.9189,0.8947,0.973
531,ResNet,0.9643,0.9758,0.9643,0.9643,0.9643
532,ResNet,0.9643,0.9902,0.9375,1.0,0.9512
533,ResNet,0.9821,0.9957,0.9744,1.0,0.973
534,ResNet,0.9107,0.9234,0.8571,0.9375,0.9
535,ResNet,0.9464,0.9886,0.9268,1.0,0.9189
536,ResNet,0.9464,0.9946,0.9333,1.0,0.9143
537,ResNet,0.9821,0.9932,0.9767,1.0,0.9714
538,ResNet,0.9821,0.9731,0.9831,0.9667,1.0
539,ResNet,0.9821,0.9587,0.973,0.9474,1.0
540,ResNet,1.0,1.0,1.0,1.0,1.0
541,ResNet,0.9643,0.9583,0.95,0.95,0.9722
542,ResNet,0.9464,0.9946,0.8966,1.0,0.9302
543,ResNet,0.9286,0.9772,0.9048,1.0,0.8919
544,ResNet,1.0,1.0,1.0,1.0,1.0
545,ResNet,1.0,1.0,1.0,1.0,1.0
546,ResNet,0.9464,0.9006,0.9143,0.8889,0.9737
547,ResNet,0.9464,0.963,0.9231,0.9474,0.9459
548,ResNet,0.8929,0.8378,0.8421,0.8421,0.9189
549,ResNet,0.9464,0.9492,0.9388,0.9583,0.9375
550,ResNet,0.9643,0.9438,0.9615,0.9259,1.0
551,ResNet,0.9643,0.9935,0.9375,1.0,0.9512
552,ResNet,0.9286,0.9447,0.875,0.9333,0.9268
553,ResNet,0.9821,0.9922,0.9697,1.0,0.975
554,ResNet,0.9286,0.946,0.9167,0.9565,0.9091
555,ResNet,0.9464,0.9486,0.9268,0.95,0.9444
556,ResNet,0.9107,0.9131,0.8889,0.9091,0.9118
557,ResNet,0.9464,0.9104,0.9189,0.8947,0.973
558,ResNet,0.9286,0.8919,0.8947,0.8947,0.9459
559,ResNet,0.9643,0.9592,0.9643,0.9643,0.9643
560,ResNet,1.0,1.0,1.0,1.0,1.0
561,ResNet,0.9464,0.9184,0.9268,0.9048,0.9714
562,ResNet,0.9464,0.9211,0.9268,0.9048,0.9714
563,ResNet,0.9821,0.9556,0.9744,0.95,1.0
564,ResNet,0.9643,0.9894,0.9444,1.0,0.9487
565,ResNet,0.875,0.8977,0.8205,0.8889,0.8684
566,ResNet,0.9464,0.9388,0.8966,0.9286,0.9524
567,ResNet,0.9286,0.9412,0.8889,0.9412,0.9231
568,ResNet,0.9286,0.9795,0.9,1.0,0.8947
569,ResNet,0.9464,0.9108,0.9143,0.8889,0.9737
570,ResNet,0.9107,0.943,0.8718,0.9444,0.8947
571,ResNet,0.9643,0.9881,0.9333,1.0,0.9524
572,ResNet,0.9464,0.95,0.9268,0.95,0.9444
573,ResNet,0.9821,0.9891,0.9767,1.0,0.9714
574,ResNet,0.9464,0.9444,0.9268,0.95,0.9444
575,ResNet,1.0,1.0,1.0,1.0,1.0
576,ResNet,0.9286,0.9388,0.92,0.9583,0.9062
577,ResNet,0.9821,0.9834,0.9714,1.0,0.9744
578,ResNet,0.9643,0.9444,0.9444,0.9444,0.9737
579,ResNet,0.9286,0.9818,0.9231,1.0,0.875
580,ResNet,0.875,0.7687,0.8108,0.7143,0.9714
581,ResNet,0.9821,0.9587,0.973,0.9474,1.0
582,ResNet,0.9464,0.9444,0.9268,0.95,0.9444
583,ResNet,0.9286,0.9868,0.9,1.0,0.8947
584,ResNet,0.9286,0.9548,0.9231,0.96,0.9032
585,ResNet,0.9643,0.987,0.96,1.0,0.9375
586,ResNet,0.9821,0.9559,0.973,0.9474,1.0
587,ResNet,0.9464,0.9703,0.9143,1.0,0.925
588,ResNet,0.9107,0.9762,0.8485,1.0,0.881
589,ResNet,0.9286,0.9492,0.913,0.9545,0.9118
590,ResNet,0.9643,0.9503,0.9444,0.9444,0.9737
591,ResNet,0.9464,0.9769,0.9333,1.0,0.9143
592,ResNet,0.9821,0.9985,0.973,1.0,0.9737
593,ResNet,0.9643,0.9881,0.9333,1.0,0.9524
594,ResNet,0.9286,0.9025,0.913,0.913,0.9394
595,ResNet,0.9286,0.9216,0.8824,0.8824,0.9487
596,ResNet,0.9821,0.9985,0.973,1.0,0.9737
597,ResNet,0.9643,0.9716,0.95,1.0,0.9459
598,ResNet,0.9464,0.9389,0.9268,0.95,0.9444
599,ResNet,0.9643,0.9463,0.9333,0.9333,0.9756
600,ResNet,0.9464,0.9238,0.9302,0.9091,0.9706
601,ResNet,0.9643,0.9946,0.9545,1.0,0.9429
602,ResNet,0.8929,0.9297,0.88,0.9167,0.875
603,ResNet,0.9643,0.9786,0.9565,1.0,0.9412
604,ResNet,0.9643,0.9569,0.95,0.95,0.9722
605,ResNet,0.9643,0.9857,0.96,1.0,0.9375
606,ResNet,0.9286,0.8974,0.8824,0.8824,0.9487
607,ResNet,0.9286,0.9367,0.8889,0.9412,0.9231
608,ResNet,0.9464,0.9492,0.9333,0.9545,0.9412
609,ResNet,0.9821,0.9961,0.9796,1.0,0.9688
610,ResNet,0.9286,0.9359,0.8824,0.9375,0.925
611,ResNet,0.9464,0.9889,0.9302,1.0,0.9167
612,ResNet,0.9821,0.9677,0.9796,0.96,1.0
613,ResNet,0.9464,0.9415,0.9189,0.9444,0.9474
614,ResNet,0.8571,0.8538,0.8462,0.8462,0.8667
615,ResNet,0.9286,0.9382,0.8889,0.9412,0.9231
616,ResNet,0.9286,0.9125,0.9,0.9,0.9444
617,ResNet,0.9464,0.9278,0.9302,0.9091,0.9706
618,ResNet,0.9464,0.9474,0.9231,0.9474,0.9459
619,ResNet,0.9643,0.9652,0.9565,1.0,0.9412
620,ResNet,0.9821,0.9942,0.973,1.0,0.9737
621,ResNet,0.9821,0.9984,0.9697,1.0,0.975
622,ResNet,0.9821,0.9578,0.9697,0.9412,1.0
623,ResNet,0.8929,0.9031,0.8,0.8571,0.9048
624,ResNet,0.9286,0.9123,0.8889,0.8889,0.9474
625,ResNet,0.9107,0.9465,0.8936,0.9545,0.8824
626,ResNet,0.9643,0.9819,0.9524,1.0,0.9444
627,ResNet,0.9464,0.9321,0.9412,0.9231,0.9667
628,ResNet,0.9464,0.9755,0.9434,1.0,0.9032
629,ResNet,0.9464,0.9569,0.9268,0.95,0.9444
630,ResNet,0.9821,0.9716,0.9796,0.96,1.0
631,ResNet,0.9643,0.9065,0.9375,0.8824,1.0
632,ResNet,0.9464,0.9069,0.9231,0.9,0.9722
633,ResNet,0.9464,0.9171,0.9302,0.9091,0.9706
634,ResNet,0.9643,0.9886,0.9375,1.0,0.9512
635,ResNet,0.9286,0.875,0.875,0.875,0.95
636,ResNet,0.9464,0.9613,0.9412,0.96,0.9355
637,ResNet,0.9464,0.9922,0.9143,1.0,0.925
638,ResNet,1.0,1.0,1.0,1.0,1.0
639,ResNet,0.9107,0.8819,0.8718,0.85,0.9444
640,ResNet,1.0,1.0,1.0,1.0,1.0
641,ResNet,0.9286,0.9144,0.9091,0.9091,0.9412
642,ResNet,0.9107,0.9374,0.8276,0.9231,0.907
643,ResNet,0.9643,0.9652,0.9545,0.9545,0.9706
644,ResNet,0.9821,0.9456,0.963,0.9286,1.0
645,ResNet,1.0,1.0,1.0,1.0,1.0
646,ResNet,0.9107,0.8933,0.8718,0.8947,0.9189
647,ResNet,0.9643,0.9868,0.9583,1.0,0.9394
648,ResNet,0.9286,0.95,0.9048,0.95,0.9167
649,ResNet,0.9286,0.9064,0.9091,0.9091,0.9412
650,ResNet,0.9464,0.9291,0.9302,0.9091,0.9706
651,ResNet,0.9464,0.9767,0.8966,1.0,0.9302
652,ResNet,0.9464,0.9415,0.9189,0.9444,0.9474
653,ResNet,0.9643,0.9488,0.9474,0.9474,0.973
654,ResNet,0.9464,0.9722,0.9231,1.0,0.9211
655,ResNet,0.9286,0.9035,0.8824,0.8824,0.9487
656,ResNet,0.9286,0.9401,0.9091,0.9524,0.9143
657,ResNet,0.9821,0.9974,0.9787,1.0,0.9697
658,ResNet,1.0,1.0,1.0,1.0,1.0
659,ResNet,1.0,1.0,1.0,1.0,1.0
660,ResNet,0.9286,0.9444,0.9048,0.95,0.9167
661,ResNet,1.0,1.0,1.0,1.0,1.0
662,ResNet,0.9464,0.9796,0.9333,1.0,0.9143
663,ResNet,0.9286,0.9769,0.913,1.0,0.8857
664,ResNet,1.0,1.0,1.0,1.0,1.0
665,ResNet,0.9464,0.9429,0.9302,0.9524,0.9429
666,ResNet,0.9643,0.9947,0.9565,1.0,0.9412
667,ResNet,0.9464,0.9894,0.9189,1.0,0.9231
668,ResNet,0.9464,0.9875,0.9143,1.0,0.925
669,ResNet,0.9464,0.9303,0.9189,0.8947,0.973
670,ResNet,0.9464,0.9183,0.9333,0.913,0.9697
671,ResNet,0.9464,0.9693,0.9362,1.0,0.9118
672,ResNet,0.9464,0.9484,0.9091,0.9375,0.95
673,ResNet,0.9464,0.9474,0.9189,0.9444,0.9474
674,ResNet,0.9643,0.991,0.9444,1.0,0.9487
675,ResNet,0.9643,0.9819,0.9524,1.0,0.9444
676,ResNet,0.9107,0.893,0.8837,0.8636,0.9412
677,ResNet,0.9643,0.9893,0.9565,1.0,0.9412
678,ResNet,0.9821,0.9507,0.963,0.9286,1.0
679,ResNet,0.9464,0.8997,0.8889,0.8571,0.9762
680,ResNet,0.9821,0.9453,0.9677,0.9375,1.0
681,ResNet,0.9464,0.9816,0.9388,1.0,0.9091
682,ResNet,0.9286,0.9195,0.8571,0.9231,0.9302
683,ResNet,0.9821,0.9889,0.9756,1.0,0.9722
684,ResNet,0.9821,0.9947,0.9778,1.0,0.9706
685,ResNet,0.9286,0.9942,0.9,1.0,0.8947
686,ResNet,0.9464,0.9332,0.9302,0.9091,0.9706
687,ResNet,0.9464,0.985,0.9333,1.0,0.9143
688,ResNet,0.9107,0.8774,0.898,0.88,0.9355
689,ResNet,0.9821,0.9755,0.9796,0.96,1.0
690,ResNet,0.9643,0.9641,0.9615,0.9615,0.9667
691,ResNet,1.0,1.0,1.0,1.0,1.0
692,ResNet,1.0,1.0,1.0,1.0,1.0
693,ResNet,0.9286,0.9111,0.9,0.9,0.9444
694,ResNet,0.875,0.9184,0.8511,0.9524,0.8286
695,ResNet,0.9286,0.8929,0.8571,0.8571,0.9524
696,ResNet,0.9107,0.974,0.9057,1.0,0.8438
697,ResNet,0.9464,0.9415,0.9032,0.9333,0.9512
698,ResNet,0.9643,0.9639,0.9545,0.9545,0.9706
699,ResNet,0.9821,0.9922,0.9697,1.0,0.975
700,ResNet,0.9643,0.9688,0.9583,0.9583,0.9688
701,ResNet,0.9107,0.8944,0.8571,0.8824,0.9231
702,ResNet,0.9464,0.9821,0.8966,1.0,0.9302
703,ResNet,0.8571,0.8839,0.7895,0.8824,0.8462
704,ResNet,0.9286,0.9741,0.913,1.0,0.8857
705,ResNet,0.9643,0.9609,0.9583,0.9583,0.9688
706,ResNet,1.0,1.0,1.0,1.0,1.0
707,ResNet,0.8571,0.9254,0.8095,0.9444,0.8158
708,ResNet,0.8929,0.9293,0.8696,0.9524,0.8571
709,ResNet,0.9107,0.9557,0.902,0.9583,0.875
710,ResNet,0.9286,0.9813,0.9167,1.0,0.8824
711,ResNet,0.9464,0.9236,0.9231,0.9,0.9722
712,ResNet,0.9286,0.9078,0.8824,0.9375,0.925
713,ResNet,0.9821,0.9987,0.9796,1.0,0.9688
714,ResNet,0.9464,0.9744,0.9455,1.0,0.9
715,ResNet,0.9643,0.9303,0.9286,0.9286,0.9762
716,ResNet,0.8929,0.8268,0.8636,0.7917,0.9688
717,ResNet,0.9643,0.9271,0.9565,0.9167,1.0
718,ResNet,0.9464,0.9459,0.9231,0.9474,0.9459
719,ResNet,0.9643,0.9833,0.9524,1.0,0.9444
720,ResNet,0.9286,0.9328,0.8824,0.9375,0.925
721,ResNet,1.0,1.0,1.0,1.0,1.0
722,ResNet,0.8929,0.9179,0.8889,0.9231,0.8667
723,ResNet,0.9286,0.8839,0.8824,0.8824,0.9487
724,ResNet,0.9286,0.9065,0.8824,0.8824,0.9487
725,ResNet,1.0,1.0,1.0,1.0,1.0
726,ResNet,0.9643,0.9572,0.9545,0.9545,0.9706
727,ResNet,0.9286,0.8914,0.8824,0.8824,0.9487
728,ResNet,0.9464,0.9492,0.9333,0.9545,0.9412
729,ResNet,0.8571,0.8375,0.8095,0.85,0.8611
730,ResNet,0.9821,0.9665,0.9796,0.96,1.0
731,ResNet,0.9464,0.9573,0.9231,0.9474,0.9459
732,ResNet,0.9107,0.9415,0.8718,0.9444,0.8947
733,ResNet,0.9286,0.9708,0.9,1.0,0.8947
734,ResNet,0.9643,0.9551,0.9524,0.9524,0.9714
735,ResNet,0.9464,0.8857,0.9231,0.8571,1.0
736,ResNet,0.8929,0.9115,0.8889,0.9231,0.8667
737,ResNet,0.9821,0.9707,0.9818,0.9643,1.0
738,ResNet,0.9286,0.9351,0.8889,0.9412,0.9231
739,ResNet,0.9643,0.9872,0.963,1.0,0.9333
740,ResNet,0.9107,0.8639,0.878,0.8571,0.9429
741,ResNet,0.9464,0.9897,0.9455,1.0,0.9
742,ResNet,0.9464,0.9104,0.9189,0.8947,0.973
743,ResNet,0.9643,0.9528,0.95,0.95,0.9722
744,ResNet,0.9286,0.9429,0.9091,0.9524,0.9143
745,ResNet,0.9643,0.9973,0.9565,1.0,0.9412
746,ResNet,0.9821,0.9623,0.9697,0.9412,1.0
747,ResNet,0.9464,0.9839,0.9231,1.0,0.9211
748,ResNet,0.9643,0.9972,0.95,1.0,0.9459
749,ResNet,0.9643,0.9922,0.9412,1.0,0.95
750,ResNet,0.9464,0.9728,0.9333,1.0,0.9143
751,ResNet,0.9643,0.9858,0.95,1.0,0.9459
752,ResNet,0.8929,0.8688,0.8235,0.875,0.9
753,ResNet,0.9286,0.9412,0.8889,0.9412,0.9231
754,ResNet,0.9464,0.9415,0.9302,0.9524,0.9429
755,ResNet,0.9464,0.9693,0.9362,1.0,0.9118
756,ResNet,0.9643,0.95,0.95,0.95,0.9722
757,ResNet,0.9286,0.9391,0.8824,0.9375,0.925
758,ResNet,0.875,0.8603,0.8772,0.8333,0.9231
759,ResNet,0.9464,0.9336,0.9362,0.9167,0.9688
760,ResNet,0.9286,0.9382,0.8889,0.9412,0.9231
761,ResNet,0.9107,0.9821,0.8571,1.0,0.878
762,ResNet,0.8929,0.9171,0.8696,0.9091,0.8824
763,ResNet,0.9107,0.9252,0.8485,0.9333,0.9024
764,ResNet,0.9286,0.9302,0.8571,0.9231,0.9302
765,ResNet,0.9464,0.9883,0.9412,1.0,0.9062
766,ResNet,0.9643,0.9551,0.9524,0.9524,0.9714
767,ResNet,0.9286,0.909,0.8947,0.8947,0.9459
768,ResNet,0.9286,0.9514,0.9048,0.95,0.9167
769,ResNet,0.9464,0.9153,0.9231,0.9,0.9722
770,ResNet,0.9464,0.9639,0.9412,0.96,0.9355
771,ResNet,0.9286,0.8537,0.875,0.8235,0.9744
772,ResNet,0.9643,0.9912,0.9474,1.0,0.9474
773,ResNet,0.9286,0.9117,0.913,0.913,0.9394
774,ResNet,0.9464,0.951,0.9302,0.9524,0.9429
775,ResNet,0.9643,0.9573,0.9474,0.9474,0.973
776,ResNet,0.9286,0.9264,0.9048,0.95,0.9167
777,ResNet,0.9286,0.8582,0.875,0.8235,0.9744
778,ResNet,0.9286,0.9037,0.9091,0.9091,0.9412
779,ResNet,0.9643,0.9267,0.9231,0.9231,0.9767
780,ResNet,0.9286,0.8872,0.9167,0.8462,1.0
781,ResNet,0.9464,0.905,0.9143,0.8889,0.9737
782,ResNet,0.9643,0.9657,0.9565,0.9565,0.9697
783,ResNet,0.9643,0.9315,0.9545,0.913,1.0
784,ResNet,0.9643,0.9857,0.9286,1.0,0.9535
785,ResNet,0.9286,0.8444,0.8889,0.8,1.0
786,ResNet,0.9464,0.9955,0.9189,1.0,0.9231
787,ResNet,0.9643,0.9759,0.9565,1.0,0.9412
788,ResNet,0.9821,0.9906,0.9697,1.0,0.975
789,ResNet,0.9821,0.996,0.9778,1.0,0.9706
790,ResNet,0.9821,0.9953,0.9697,1.0,0.975
791,ResNet,0.9286,0.9216,0.8889,0.9412,0.9231
792,ResNet,0.9821,0.9935,0.9796,1.0,0.9688
793,ResNet,0.9464,0.9516,0.9091,0.9375,0.95
794,ResNet,0.9286,0.9532,0.8889,0.9412,0.9231
795,ResNet,0.9643,0.9561,0.9444,0.9444,0.9737
796,ResNet,0.9286,0.914,0.8889,0.9412,0.9231
797,ResNet,0.9821,1.0,0.9744,1.0,0.973
798,ResNet,0.9821,0.9701,0.9787,0.9583,1.0
799,ResNet,0.9643,0.9586,0.9545,0.9545,0.9706
800,ResNet,0.9821,0.9731,0.9804,0.9615,1.0
801,ResNet,0.9643,0.9837,0.9545,1.0,0.9429
802,ResNet,0.9643,0.9592,0.9565,0.9565,0.9697
803,ResNet,0.9464,0.9532,0.9189,0.9444,0.9474
804,ResNet,0.9464,0.9591,0.9455,0.963,0.931
805,ResNet,0.9821,0.9731,0.9804,0.9615,1.0
806,ResNet,0.9643,0.9284,0.9231,0.9231,0.9767
807,ResNet,0.9464,0.9565,0.9362,0.9565,0.9394
808,ResNet,0.9643,0.9889,0.9524,1.0,0.9444
809,ResNet,0.9107,0.9608,0.8718,1.0,0.8718
810,ResNet,0.9107,0.9915,0.8485,1.0,0.881
811,ResNet,0.9464,0.8862,0.8966,0.8667,0.9756
812,ResNet,0.9107,0.9804,0.8,1.0,0.8913
813,ResNet,0.9821,0.9879,0.9714,1.0,0.9744
814,ResNet,0.9643,0.9457,0.9412,0.9412,0.9744
815,ResNet,0.9464,0.9382,0.9032,0.9333,0.9512
816,ResNet,0.9643,0.948,0.9333,0.9333,0.9756
817,ResNet,0.9643,0.9599,0.9545,0.9545,0.9706
818,ResNet,0.9821,0.9674,0.9787,0.9583,1.0
819,ResNet,1.0,1.0,1.0,1.0,1.0
820,ResNet,0.8929,0.915,0.8125,0.9286,0.881
821,ResNet,0.9643,0.9898,0.9333,1.0,0.9524
822,ResNet,0.9821,0.95,0.9677,0.9375,1.0
823,ResNet,0.9643,0.9344,0.9375,0.9375,0.975
824,ResNet,0.9107,0.9466,0.902,0.9583,0.875
825,ResNet,0.9286,0.9271,0.9167,0.9167,0.9375
826,ResNet,0.9821,0.9893,0.9778,1.0,0.9706
827,ResNet,0.9821,0.9986,0.9767,1.0,0.9714
828,ResNet,0.9643,0.9772,0.95,1.0,0.9459
829,ResNet,0.9107,0.8919,0.8649,0.8421,0.9459
830,ResNet,0.9643,0.9212,0.9091,0.9091,0.9778
831,ResNet,0.9643,0.9415,0.9333,0.9333,0.9756
832,ResNet,0.9286,0.9559,0.9,0.9474,0.9189
833,ResNet,0.875,0.868,0.8372,0.8571,0.8857
834,ResNet,1.0,1.0,1.0,1.0,1.0
835,ResNet,0.9643,0.9547,0.9444,0.9444,0.9737
836,ResNet,0.9286,0.9948,0.9231,1.0,0.875
837,ResNet,0.9286,0.9357,0.8947,0.9444,0.9211
838,ResNet,0.9286,0.9183,0.913,0.913,0.9394
839,ResNet,0.8929,0.9261,0.8421,0.9412,0.8718
840,ResNet,0.9643,0.9545,0.9545,0.9545,0.9706
841,ResNet,0.9107,0.9403,0.8837,0.95,0.8889
842,ResNet,0.9643,0.9652,0.9545,0.9545,0.9706
843,ResNet,0.9464,0.9799,0.9362,1.0,0.9118
844,ResNet,0.9286,0.8919,0.8947,0.8947,0.9459
845,ResNet,0.9464,0.9422,0.8966,0.9286,0.9524
846,ResNet,0.9464,0.9556,0.9268,0.95,0.9444
847,ResNet,0.9643,0.9341,0.9545,0.913,1.0
848,ResNet,0.9643,0.9556,0.95,0.95,0.9722
849,ResNet,0.9821,0.996,0.9778,1.0,0.9706
850,ResNet,0.9643,0.9813,0.9565,1.0,0.9412
851,ResNet,0.9643,0.9569,0.95,0.95,0.9722
852,ResNet,0.9821,0.9949,0.9811,1.0,0.9667
853,ResNet,0.9107,0.8841,0.8889,0.8696,0.9394
854,ResNet,0.9286,0.9075,0.8947,0.8947,0.9459
855,ResNet,0.9643,0.9579,0.963,0.963,0.9655
856,ResNet,0.9821,0.9633,0.9756,0.9524,1.0
857,ResNet,0.9643,0.9969,0.9412,1.0,0.95
858,ResNet,0.9464,0.9569,0.9268,0.95,0.9444
859,ResNet,0.9464,0.96,0.9412,0.96,0.9355
860,ResNet,0.9643,0.9928,0.9286,1.0,0.9535
861,ResNet,0.9643,0.9488,0.9444,0.9444,0.9737
862,ResNet,0.9286,0.9269,0.8947,0.9444,0.9211
863,ResNet,0.9821,0.9986,0.9744,1.0,0.973
864,ResNet,0.9643,0.9578,0.9412,0.9412,0.9744
865,ResNet,0.9464,0.902,0.9231,0.8571,1.0
866,ResNet,0.9107,0.9221,0.9091,0.9259,0.8966
867,ResNet,0.9821,0.9891,0.9767,1.0,0.9714
868,ResNet,0.9821,0.9946,0.9767,1.0,0.9714
869,ResNet,0.9821,0.9953,0.9697,1.0,0.975
870,ResNet,1.0,1.0,1.0,1.0,1.0
871,ResNet,0.9464,0.9459,0.9189,0.9444,0.9474
872,ResNet,0.9464,0.9412,0.9143,0.9412,0.9487
873,ResNet,0.9107,0.9386,0.8718,0.9444,0.8947
874,ResNet,0.9464,0.9517,0.9143,0.9412,0.9487
875,ResNet,0.9643,0.9891,0.9545,1.0,0.9429
876,ResNet,0.9464,0.9497,0.9412,0.96,0.9355
877,ResNet,0.9821,0.9986,0.9744,1.0,0.973
878,ResNet,0.8929,0.8374,0.8696,0.8,0.9677
879,ResNet,0.8929,0.9318,0.875,0.9545,0.8529
880,ResNet,0.9464,1.0,0.9268,1.0,0.9189
881,ResNet,0.9286,0.9611,0.9091,1.0,0.8889
882,ResNet,0.8929,0.902,0.8636,0.9048,0.8857
883,ResNet,0.9821,0.9908,0.9787,1.0,0.9697
884,ResNet,0.9286,0.9358,0.9091,0.9091,0.9412
885,ResNet,0.875,0.8476,0.8444,0.8636,0.8824
886,ResNet,0.9821,0.9923,0.9811,1.0,0.9667
887,ResNet,0.8571,0.8706,0.8095,0.8947,0.8378
888,ResNet,0.9821,0.9973,0.9767,1.0,0.9714
889,ResNet,0.9821,0.969,0.9796,0.96,1.0
890,ResNet,0.9464,0.9898,0.9032,1.0,0.9286
891,ResNet,0.9643,0.9973,0.9565,1.0,0.9412
892,ResNet,0.9464,0.9917,0.9302,1.0,0.9167
893,ResNet,0.9464,0.9315,0.9333,0.913,0.9697
894,ResNet,0.9286,0.9505,0.913,0.9545,0.9118
895,ResNet,0.9821,0.9905,0.9767,1.0,0.9714
896,ResNet,0.8929,0.8876,0.85,0.8947,0.8919
897,ResNet,0.9821,0.9918,0.9767,1.0,0.9714
898,ResNet,0.9107,0.9251,0.8889,0.9091,0.9118
899,ResNet,0.9464,0.9321,0.9412,0.9231,0.9667
900,ResNet,0.9464,0.9603,0.9434,0.9615,0.9333
901,ResNet,0.9286,0.9486,0.9048,0.95,0.9167
902,ResNet,0.9464,0.9518,0.9189,0.9444,0.9474
903,ResNet,0.9464,0.9838,0.88,1.0,0.9333
904,ResNet,0.9464,0.9875,0.9302,1.0,0.9167
905,ResNet,0.9643,0.9488,0.9474,0.9474,0.973
906,ResNet,0.9821,0.9931,0.9756,1.0,0.9722
907,ResNet,0.9643,0.9796,0.9333,1.0,0.9524
908,ResNet,0.9286,0.9347,0.9048,0.95,0.9167
909,ResNet,0.9643,0.9552,0.9565,0.9565,0.9697
910,ResNet,0.9643,0.9513,0.9655,0.9333,1.0
911,ResNet,0.9643,0.9565,0.9565,0.9565,0.9697
912,ResNet,0.9107,0.9427,0.8649,0.9412,0.8974
913,ResNet,0.9286,0.9518,0.8947,0.9444,0.9211
914,ResNet,0.9464,0.992,0.9362,1.0,0.9118
915,ResNet,0.9107,0.8377,0.8571,0.8333,0.9474
916,ResNet,0.9821,0.992,0.9778,1.0,0.9706
917,ResNet,0.9643,0.9826,0.9565,1.0,0.9412
918,ResNet,0.9643,0.9545,0.9545,0.9545,0.9706
919,ResNet,0.8929,0.9805,0.8333,1.0,0.8537
920,ResNet,0.9286,0.9153,0.9,0.9,0.9444
921,ResNet,0.9643,0.9565,0.9565,0.9565,0.9697
922,ResNet,0.9821,0.9929,0.9744,1.0,0.973
923,ResNet,0.9821,0.991,0.9804,1.0,0.9677
924,ResNet,0.9821,0.9922,0.9796,1.0,0.9688
925,ResNet,0.8929,0.792,0.7,0.7778,0.9149
926,ResNet,1.0,1.0,1.0,1.0,1.0
927,ResNet,0.9464,0.9917,0.9302,1.0,0.9167
928,ResNet,0.9643,0.9516,0.9474,0.9474,0.973
929,ResNet,0.9464,0.9367,0.9143,0.9412,0.9487
930,ResNet,0.9107,0.7891,0.8649,0.7619,1.0
931,ResNet,0.9643,0.987,0.96,1.0,0.9375
932,ResNet,0.9107,0.9787,0.8837,1.0,0.8649
933,ResNet,0.9643,0.9866,0.9565,1.0,0.9412
934,ResNet,0.9464,0.9781,0.9231,1.0,0.9211
935,ResNet,1.0,1.0,1.0,1.0,1.0
936,ResNet,0.9643,0.9971,0.9474,1.0,0.9474
937,ResNet,0.9286,0.9445,0.9,0.9474,0.9189
938,ResNet,0.9464,0.966,0.9302,0.9524,0.9429
939,ResNet,0.9464,0.9539,0.9362,0.9565,0.9394
940,ResNet,0.9821,0.9583,0.9744,0.95,1.0
941,ResNet,0.9286,0.9347,0.9048,0.95,0.9167
942,ResNet,0.9464,0.9868,0.9388,1.0,0.9091
943,ResNet,0.9464,0.936,0.9231,0.9474,0.9459
944,ResNet,0.9464,0.9578,0.9302,0.9524,0.9429
945,ResNet,0.9821,0.9961,0.9804,1.0,0.9677
946,ResNet,0.9643,0.9246,0.9375,0.8824,1.0
947,ResNet,0.9821,0.9677,0.9796,0.96,1.0
948,ResNet,0.9821,0.9955,0.9714,1.0,0.9744
949,ResNet,0.8929,0.9347,0.8636,0.95,0.8611
950,ResNet,0.9821,0.9906,0.9778,1.0,0.9706
951,ResNet,0.9286,0.959,0.9259,0.9615,0.9
952,ResNet,0.9464,0.9492,0.9333,0.9545,0.9412
953,ResNet,0.875,0.9181,0.8444,0.95,0.8333
954,ResNet,0.9107,0.9459,0.878,0.9474,0.8919
955,ResNet,0.9821,0.9973,0.9767,1.0,0.9714
956,ResNet,0.9643,0.9459,0.9474,0.9474,0.973
957,ResNet,0.9643,0.9918,0.9545,1.0,0.9429
958,ResNet,0.9286,0.9354,0.8667,0.9286,0.9286
959,ResNet,0.9464,0.9433,0.9362,0.9565,0.9394
960,ResNet,0.9464,0.9388,0.9362,0.9167,0.9688
961,ResNet,0.9464,0.9427,0.9143,0.9412,0.9487
962,ResNet,0.9286,0.9278,0.9048,0.95,0.9167
963,ResNet,0.9821,0.9948,0.9796,1.0,0.9688
964,ResNet,1.0,1.0,1.0,1.0,1.0
965,ResNet,0.9286,0.966,0.913,1.0,0.8857
966,ResNet,0.9821,0.9956,0.973,1.0,0.9737
967,ResNet,0.9464,0.9858,0.9268,1.0,0.9189
968,ResNet,0.9107,0.9083,0.878,0.9,0.9167
969,ResNet,0.9107,0.8707,0.8276,0.8571,0.9286
970,ResNet,0.9107,0.889,0.8889,0.9091,0.9118
971,ResNet,0.9464,0.9859,0.9143,1.0,0.925
972,ResNet,0.9107,0.8781,0.8485,0.875,0.925
973,ResNet,0.9464,0.9587,0.9231,0.9474,0.9459
974,ResNet,0.9464,0.9915,0.9268,1.0,0.9189
975,ResNet,0.9821,0.9955,0.9714,1.0,0.9744
976,ResNet,0.9464,0.996,0.9388,1.0,0.9091
977,ResNet,0.8929,0.8972,0.8571,0.9,0.8889
978,ResNet,0.9643,0.9893,0.9286,1.0,0.9535
979,ResNet,0.9643,0.909,0.9444,0.8947,1.0
980,ResNet,0.9643,0.9707,0.9643,0.9643,0.9643
981,ResNet,0.9107,0.9318,0.8936,0.9545,0.8824
982,ResNet,0.9821,0.9987,0.9796,1.0,0.9688
983,ResNet,0.9107,0.9453,0.902,0.9583,0.875
984,ResNet,0.8929,0.8026,0.8235,0.7778,0.9474
985,ResNet,0.9464,0.9189,0.9189,0.8947,0.973
986,ResNet,0.8929,0.8406,0.8125,0.8125,0.925
987,ResNet,0.9643,0.9953,0.9412,1.0,0.95
988,ResNet,0.9286,0.9759,0.8947,1.0,0.8974
989,ResNet,0.8929,0.8597,0.85,0.85,0.9167
990,ResNet,0.9643,0.9844,0.95,1.0,0.9459
991,ResNet,0.9286,0.9497,0.9091,0.9524,0.9143
992,ResNet,0.8929,0.8578,0.85,0.8947,0.8919
993,ResNet,0.9643,0.9278,0.9524,0.9091,1.0
994,ResNet,0.9107,0.8762,0.8649,0.8421,0.9459
995,ResNet,0.9643,0.9265,0.95,0.9048,1.0
996,ResNet,1.0,1.0,1.0,1.0,1.0
997,ResNet,0.9286,0.9171,0.875,0.9333,0.9268
998,ResNet,0.9821,0.9972,0.9744,1.0,0.973
999,ResNet,0.9286,0.9896,0.9231,1.0,0.875
1000,ResNet,0.9464,0.9444,0.9189,0.9444,0.9474
1,SqueezeNet,0.9821,0.9896,0.9796,1.0,0.9688
2,SqueezeNet,0.9643,0.9719,0.9545,0.9545,0.9706
3,SqueezeNet,0.9821,0.9532,0.9714,0.9444,1.0
4,SqueezeNet,0.8929,0.7386,0.7273,0.6667,0.9545
5,SqueezeNet,0.9464,0.9532,0.9143,0.9412,0.9487
6,SqueezeNet,0.9464,0.9616,0.9231,0.9474,0.9459
7,SqueezeNet,0.9643,0.9515,0.9643,0.931,1.0
8,SqueezeNet,0.9464,0.9915,0.9268,1.0,0.9189
9,SqueezeNet,0.9464,0.9284,0.9362,0.9167,0.9688
10,SqueezeNet,0.9643,0.9908,0.9583,1.0,0.9394
11,SqueezeNet,0.9107,0.951,0.8889,0.9524,0.8857
12,SqueezeNet,0.9821,0.9673,0.973,0.9474,1.0
13,SqueezeNet,0.9643,0.9548,0.9412,0.9412,0.9744
14,SqueezeNet,0.9464,0.9633,0.9302,0.9524,0.9429
15,SqueezeNet,0.9107,0.9397,0.8649,0.9412,0.8974
16,SqueezeNet,0.9643,0.9487,0.9412,0.9412,0.9744
17,SqueezeNet,0.9643,0.9633,0.9524,0.9524,0.9714
18,SqueezeNet,0.9821,0.9985,0.9714,1.0,0.9744
19,SqueezeNet,0.9107,0.925,0.878,0.9,0.9167
20,SqueezeNet,0.9464,0.9354,0.9333,0.913,0.9697
21,SqueezeNet,0.9107,0.9502,0.878,0.9474,0.8919
22,SqueezeNet,0.8929,0.8634,0.8421,0.8421,0.9189
23,SqueezeNet,0.9286,0.9174,0.9333,0.9032,0.96
24,SqueezeNet,0.9643,0.9535,0.9583,0.92,1.0
25,SqueezeNet,0.9464,0.9545,0.9333,0.9545,0.9412
26,SqueezeNet,0.9821,0.9972,0.9744,1.0,0.973
27,SqueezeNet,0.9107,0.9447,0.898,0.9565,0.8788
28,SqueezeNet,0.9286,0.902,0.9,0.8571,0.9714
29,SqueezeNet,0.9107,0.9061,0.8718,0.8947,0.9189
30,SqueezeNet,0.9821,0.969,0.9796,0.96,1.0
31,SqueezeNet,0.9464,0.9574,0.9412,0.96,0.9355
32,SqueezeNet,0.9286,0.9299,0.8462,0.9167,0.9318
33,SqueezeNet,1.0,1.0,1.0,1.0,1.0
34,SqueezeNet,0.9464,0.9354,0.9333,0.913,0.9697
35,SqueezeNet,0.9464,0.9201,0.9091,0.8824,0.9744
36,SqueezeNet,0.9464,0.9545,0.9231,0.9474,0.9459
37,SqueezeNet,0.9107,0.8867,0.8889,0.8696,0.9394
38,SqueezeNet,0.9464,0.9628,0.9434,0.9615,0.9333
39,SqueezeNet,0.9286,0.9602,0.9,0.9474,0.9189
40,SqueezeNet,0.9107,0.9622,0.902,0.9583,0.875
41,SqueezeNet,0.9107,0.8531,0.8718,0.8095,0.9714
42,SqueezeNet,0.9286,0.9083,0.9,0.9,0.9444
43,SqueezeNet,0.9464,0.9344,0.9091,0.9375,0.95
44,SqueezeNet,0.9286,0.9833,0.9091,1.0,0.8889
45,SqueezeNet,0.9821,1.0,0.9697,1.0,0.975
46,SqueezeNet,0.9643,0.9728,0.9545,1.0,0.9429
47,SqueezeNet,0.9107,0.917,0.8837,0.9048,0.9143
48,SqueezeNet,0.9286,0.9123,0.8889,0.8889,0.9474
49,SqueezeNet,0.9464,0.9886,0.9091,1.0,0.9268
50,SqueezeNet,0.8929,0.8789,0.8571,0.8571,0.9143
51,SqueezeNet,0.9464,0.9648,0.9388,0.9583,0.9375
52,SqueezeNet,0.9821,0.9985,0.973,1.0,0.9737
53,SqueezeNet,0.9821,0.9878,0.9767,1.0,0.9714
54,SqueezeNet,0.9821,0.9626,0.9767,0.9545,1.0
55,SqueezeNet,0.9464,0.9768,0.9434,1.0,0.9032
56,SqueezeNet,1.0,1.0,1.0,1.0,1.0
57,SqueezeNet,0.9464,0.9703,0.9143,1.0,0.925
58,SqueezeNet,0.9643,0.9592,0.9524,0.9524,0.9714
59,SqueezeNet,0.9464,0.957,0.9388,0.9583,0.9375
60,SqueezeNet,0.9464,0.9449,0.9492,0.9333,0.9615
61,SqueezeNet,0.9286,0.9414,0.9167,0.9167,0.9375
62,SqueezeNet,0.9821,0.9946,0.9767,1.0,0.9714
63,SqueezeNet,0.9821,0.9605,0.9714,0.9444,1.0
64,SqueezeNet,0.9643,0.9611,0.95,0.95,0.9722
65,SqueezeNet,0.8929,0.8748,0.8696,0.8696,0.9091
66,SqueezeNet,1.0,1.0,1.0,1.0,1.0
67,SqueezeNet,0.9286,0.9306,0.9091,0.9524,0.9143
68,SqueezeNet,0.9286,0.9866,0.9167,1.0,0.8824
69,SqueezeNet,0.9286,0.9265,0.9048,0.9048,0.9429
70,SqueezeNet,0.9107,0.9346,0.878,0.9474,0.8919
71,SqueezeNet,0.9286,0.8713,0.8824,0.8333,0.9737
72,SqueezeNet,0.9643,0.9661,0.9583,0.9583,0.9688
73,SqueezeNet,0.9643,0.9984,0.9375,1.0,0.9512
74,SqueezeNet,0.9643,1.0,0.9375,1.0,0.9512
75,SqueezeNet,0.8929,0.9245,0.88,0.9167,0.875
76,SqueezeNet,1.0,1.0,1.0,1.0,1.0
77,SqueezeNet,0.9643,0.9592,0.9565,0.9565,0.9697
78,SqueezeNet,0.9286,0.9599,0.913,0.9545,0.9118
79,SqueezeNet,0.9643,0.9766,0.96,1.0,0.9375
80,SqueezeNet,0.9286,0.9429,0.9091,0.9524,0.9143
81,SqueezeNet,0.9464,0.9611,0.9268,0.95,0.9444
82,SqueezeNet,0.9286,0.9635,0.92,0.9583,0.9062
83,SqueezeNet,0.9286,0.9526,0.9167,0.9565,0.9091
84,SqueezeNet,0.9464,0.9486,0.9268,0.95,0.9444
85,SqueezeNet,0.9643,0.9329,0.9583,0.92,1.0
86,SqueezeNet,0.9107,0.9459,0.8718,0.9444,0.8947
87,SqueezeNet,0.9643,0.9095,0.9375,0.8824,1.0
88,SqueezeNet,0.8929,0.8974,0.8333,0.8824,0.8974
89,SqueezeNet,0.9643,0.9623,0.9412,0.9412,0.9744
90,SqueezeNet,0.9464,0.8816,0.9231,0.8571,1.0
91,SqueezeNet,0.9821,0.9972,0.9756,1.0,0.9722
92,SqueezeNet,0.9643,0.9594,0.9375,0.9375,0.975
93,SqueezeNet,0.9643,0.984,0.9565,1.0,0.9412
94,SqueezeNet,0.9643,0.9539,0.9565,0.9565,0.9697
95,SqueezeNet,0.9286,0.9305,0.9091,0.9091,0.9412
96,SqueezeNet,0.9286,0.9328,0.8824,0.9375,0.925
97,SqueezeNet,1.0,1.0,1.0,1.0,1.0
98,SqueezeNet,0.9464,0.9503,0.9189,0.9444,0.9474
99,SqueezeNet,0.9107,0.8971,0.8837,0.8636,0.9412
100,SqueezeNet,0.9107,0.9417,0.8837,0.95,0.8889
101,SqueezeNet,0.9643,0.9917,0.9524,1.0,0.9444
102,SqueezeNet,0.9821,0.9714,0.9787,0.9583,1.0
103,SqueezeNet,0.9821,0.9909,0.9796,1.0,0.9688
104,SqueezeNet,0.8929,0.8844,0.8235,0.875,0.9
105,SqueezeNet,0.9286,0.9115,0.9167,0.9167,0.9375
106,SqueezeNet,0.9464,0.9104,0.9189,0.8947,0.973
107,SqueezeNet,1.0,1.0,1.0,1.0,1.0
108,SqueezeNet,0.9643,0.9574,0.96,0.96,0.9677
109,SqueezeNet,0.9107,0.8011,0.7826,0.75,0.9545
110,SqueezeNet,0.9643,0.99,0.95,1.0,0.9459
111,SqueezeNet,0.9643,0.9972,0.95,1.0,0.9459
112,SqueezeNet,0.9464,0.9445,0.9231,0.9474,0.9459
113,SqueezeNet,0.9821,0.9987,0.9804,1.0,0.9677
114,SqueezeNet,0.9821,0.9758,0.9818,0.9643,1.0
115,SqueezeNet,0.9643,0.9701,0.9583,0.9583,0.9688
116,SqueezeNet,0.9286,0.9444,0.9048,0.95,0.9167
117,SqueezeNet,0.9821,0.9592,0.9756,0.9524,1.0
118,SqueezeNet,0.8929,0.9083,0.8571,0.9,0.8889
119,SqueezeNet,0.9821,1.0,0.973,1.0,0.9737
120,SqueezeNet,0.9643,0.9576,0.9444,0.9444,0.9737
121,SqueezeNet,0.9643,0.9639,0.9545,0.9545,0.9706
122,SqueezeNet,0.9821,0.9714,0.9756,0.9524,1.0
123,SqueezeNet,0.9107,0.8997,0.8837,0.8636,0.9412
124,SqueezeNet,0.9464,0.9313,0.9143,0.8889,0.9737
125,SqueezeNet,0.9107,0.9458,0.9057,0.96,0.871
126,SqueezeNet,0.9286,0.9483,0.9091,0.9524,0.9143
127,SqueezeNet,0.9643,0.9453,0.9565,0.9167,1.0
128,SqueezeNet,0.9464,0.9532,0.9333,0.9545,0.9412
129,SqueezeNet,0.9643,0.9152,0.9412,0.8889,1.0
130,SqueezeNet,0.9464,0.9573,0.9231,0.9474,0.9459
131,SqueezeNet,0.9286,0.9194,0.9,0.9,0.9444
132,SqueezeNet,0.9286,0.9394,0.913,0.913,0.9394
133,SqueezeNet,0.9643,0.9879,0.9444,1.0,0.9487
134,SqueezeNet,0.9286,0.9381,0.9167,0.9565,0.9091
135,SqueezeNet,0.9643,0.9818,0.96,1.0,0.9375
136,SqueezeNet,0.9643,0.9269,0.9412,0.8889,1.0
137,SqueezeNet,0.9643,0.9593,0.9412,0.9412,0.9744
138,SqueezeNet,0.9643,0.9969,0.9412,1.0,0.95
139,SqueezeNet,0.9107,0.9569,0.8889,1.0,0.8611
140,SqueezeNet,0.8929,0.8857,0.8571,0.8571,0.9143
141,SqueezeNet,0.9643,0.9563,0.9412,0.9412,0.9744
142,SqueezeNet,0.9464,0.8788,0.8696,0.8333,0.9773
143,SqueezeNet,0.9464,0.9492,0.9362,0.9167,0.9688
144,SqueezeNet,0.9286,0.9297,0.8824,0.9375,0.925
145,SqueezeNet,0.9464,0.9898,0.9231,1.0,0.9211
146,SqueezeNet,0.9464,0.9422,0.9091,0.9375,0.95
147,SqueezeNet,0.875,0.889,0.8293,0.8947,0.8649
148,SqueezeNet,0.9286,0.9035,0.8824,0.8824,0.9487
149,SqueezeNet,0.8929,0.8728,0.8333,0.8333,0.9211
150,SqueezeNet,0.875,0.9031,0.8,0.875,0.875
151,SqueezeNet,0.8929,0.9064,0.8696,0.9091,0.8824
152,SqueezeNet,0.9643,0.9895,0.9583,1.0,0.9394
153,SqueezeNet,0.9286,0.9438,0.8824,0.9375,0.925
154,SqueezeNet,0.8929,0.9183,0.8636,0.8261,0.9394
155,SqueezeNet,1.0,1.0,1.0,1.0,1.0
156,SqueezeNet,0.9821,0.9578,0.9697,0.9412,1.0
157,SqueezeNet,0.9286,0.9659,0.9048,1.0,0.8919
158,SqueezeNet,0.9286,0.9474,0.9,0.9474,0.9189
159,SqueezeNet,0.9821,0.991,0.9714,1.0,0.9744
160,SqueezeNet,0.9464,0.9597,0.9268,0.95,0.9444
161,SqueezeNet,0.9464,0.9592,0.9302,0.9524,0.9429
162,SqueezeNet,0.9821,0.9881,0.9655,1.0,0.9762
163,SqueezeNet,1.0,1.0,1.0,1.0,1.0
164,SqueezeNet,0.9643,0.9864,0.9545,1.0,0.9429
165,SqueezeNet,0.875,0.8707,0.8372,0.8571,0.8857
166,SqueezeNet,0.9643,0.9563,0.9412,0.9412,0.9744
167,SqueezeNet,0.9286,0.8819,0.8462,0.8462,0.9535
168,SqueezeNet,0.9643,0.9499,0.9545,0.913,1.0
169,SqueezeNet,0.9107,0.9444,0.8837,0.95,0.8889
170,SqueezeNet,0.9107,0.8211,0.8148,0.7333,0.9756
171,SqueezeNet,0.9107,0.95,0.8837,0.95,0.8889
172,SqueezeNet,0.9464,0.9753,0.9412,1.0,0.9062
173,SqueezeNet,0.9643,0.9561,0.9444,0.9444,0.9737
174,SqueezeNet,0.9464,0.9347,0.9268,0.9048,0.9714
175,SqueezeNet,0.9286,0.9861,0.9091,1.0,0.8889
176,SqueezeNet,0.9643,0.9674,0.9583,0.9583,0.9688
177,SqueezeNet,0.8929,0.9382,0.8235,0.9333,0.878
178,SqueezeNet,0.9643,0.9232,0.9444,0.8947,1.0
179,SqueezeNet,0.9821,0.9605,0.9778,0.9565,1.0
180,SqueezeNet,0.9643,0.9609,0.9375,0.9375,0.975
181,SqueezeNet,0.9643,0.9611,0.95,0.95,0.9722
182,SqueezeNet,0.9286,0.9531,0.92,0.9583,0.9062
183,SqueezeNet,0.9643,0.9605,0.9565,0.9565,0.9697
184,SqueezeNet,1.0,1.0,1.0,1.0,1.0
185,SqueezeNet,0.9464,0.9474,0.9189,0.9444,0.9474
186,SqueezeNet,0.9643,0.992,0.9565,1.0,0.9412
187,SqueezeNet,0.9286,0.9542,0.9048,0.95,0.9167
188,SqueezeNet,0.9643,0.9587,0.9474,0.9474,0.973
189,SqueezeNet,0.9643,0.9592,0.9524,0.9524,0.9714
190,SqueezeNet,0.9286,0.9355,0.92,0.92,0.9355
191,SqueezeNet,0.9821,0.9987,0.9811,1.0,0.9667
192,SqueezeNet,0.9464,0.9787,0.9268,1.0,0.9189
193,SqueezeNet,0.9643,0.9513,0.96,0.9231,1.0
194,SqueezeNet,0.9643,0.9609,0.9583,0.9583,0.9688
195,SqueezeNet,0.9464,0.9552,0.9362,0.9565,0.9394
196,SqueezeNet,0.9464,0.94,0.9474,0.931,0.963
197,SqueezeNet,0.9643,0.9847,0.9333,1.0,0.9524
198,SqueezeNet,0.8929,0.9251,0.8696,0.9091,0.8824
199,SqueezeNet,0.9464,0.9894,0.9189,1.0,0.9231
200,SqueezeNet,0.9643,0.9919,0.9375,1.0,0.9512
201,SqueezeNet,0.9464,0.9505,0.9333,0.9545,0.9412
202,SqueezeNet,0.9286,0.8677,0.8889,0.8421,0.973
203,SqueezeNet,0.9107,0.9303,0.878,0.9474,0.8919
204,SqueezeNet,0.9821,0.9932,0.9767,1.0,0.9714
205,SqueezeNet,0.9464,0.9918,0.9333,1.0,0.9143
206,SqueezeNet,0.9107,0.9528,0.8837,0.95,0.8889
207,SqueezeNet,0.9464,0.9368,0.9333,0.913,0.9697
208,SqueezeNet,0.9286,0.924,0.8889,0.8889,0.9474
209,SqueezeNet,0.9821,0.9902,0.9677,1.0,0.9756
210,SqueezeNet,0.875,0.8347,0.8205,0.8,0.9167
211,SqueezeNet,0.8929,0.8587,0.7857,0.8462,0.907
212,SqueezeNet,0.9286,0.9642,0.9333,0.9655,0.8889
213,SqueezeNet,0.9286,0.9445,0.9,0.9474,0.9189
214,SqueezeNet,0.9643,0.9915,0.9333,1.0,0.9524
215,SqueezeNet,0.9286,0.9184,0.9048,0.9048,0.9429
216,SqueezeNet,0.9286,0.9197,0.9048,0.9048,0.9429
217,SqueezeNet,0.9107,0.9531,0.8571,0.9375,0.9
218,SqueezeNet,0.9643,0.9891,0.9545,1.0,0.9429
219,SqueezeNet,0.9286,0.9091,0.9091,0.8696,0.9697
220,SqueezeNet,1.0,1.0,1.0,1.0,1.0
221,SqueezeNet,0.9464,0.8622,0.88,0.7857,1.0
222,SqueezeNet,0.9821,0.9591,0.9714,0.9444,1.0
223,SqueezeNet,0.9643,0.9861,0.9524,1.0,0.9444
224,SqueezeNet,0.9821,0.9635,0.9787,0.9583,1.0
225,SqueezeNet,0.8929,0.8824,0.8636,0.8636,0.9118
226,SqueezeNet,0.9464,0.9839,0.9231,1.0,0.9211
227,SqueezeNet,0.9464,0.944,0.9362,0.9167,0.9688
228,SqueezeNet,0.9464,0.9524,0.9302,0.9524,0.9429
229,SqueezeNet,0.9464,0.9292,0.9231,0.9,0.9722
230,SqueezeNet,0.9643,0.9357,0.9412,0.8889,1.0
231,SqueezeNet,0.9107,0.9442,0.8649,0.9412,0.8974
232,SqueezeNet,0.9643,0.9654,0.9615,0.9615,0.9667
233,SqueezeNet,0.9464,0.9559,0.9333,0.9545,0.9412
234,SqueezeNet,0.9821,0.994,0.9714,1.0,0.9744
235,SqueezeNet,0.9464,0.9559,0.9231,0.9474,0.9459
236,SqueezeNet,0.8929,0.8957,0.8636,0.8636,0.9118
237,SqueezeNet,0.9464,0.9872,0.9268,1.0,0.9189
238,SqueezeNet,0.9464,0.996,0.9362,1.0,0.9118
239,SqueezeNet,0.8929,0.8848,0.85,0.8947,0.8919
240,SqueezeNet,0.9286,0.9474,0.8947,0.9444,0.9211
241,SqueezeNet,0.9464,0.8958,0.9189,0.85,1.0
242,SqueezeNet,0.9643,0.9875,0.9524,1.0,0.9444
243,SqueezeNet,0.9643,0.9969,0.9412,1.0,0.95
244,SqueezeNet,0.9643,0.9405,0.9286,0.9286,0.9762
245,SqueezeNet,0.9643,0.9868,0.9583,1.0,0.9394
246,SqueezeNet,0.9821,0.9912,0.973,1.0,0.9737
247,SqueezeNet,0.9464,0.9796,0.9032,1.0,0.9286
248,SqueezeNet,0.9286,0.9469,0.8824,0.9375,0.925
249,SqueezeNet,0.9286,0.9333,0.9,0.9,0.9444
250,SqueezeNet,0.8929,0.9385,0.8889,0.9231,0.8667
251,SqueezeNet,0.9643,0.9587,0.96,0.96,0.9677
252,SqueezeNet,0.9643,0.9516,0.9375,0.9375,0.975
253,SqueezeNet,0.9286,0.9181,0.9,0.9,0.9444
254,SqueezeNet,0.8929,0.8946,0.8,0.8571,0.9048
255,SqueezeNet,1.0,1.0,1.0,1.0,1.0
256,SqueezeNet,0.9643,0.957,0.9583,0.9583,0.9688
257,SqueezeNet,0.9107,0.9811,0.8276,1.0,0.8864
258,SqueezeNet,0.9464,0.9917,0.9302,1.0,0.9167
259,SqueezeNet,0.9464,0.9306,0.9231,0.9,0.9722
260,SqueezeNet,0.9286,0.9147,0.8947,0.8947,0.9459
261,SqueezeNet,0.9821,0.9949,0.9836,1.0,0.9615
262,SqueezeNet,0.9286,0.9819,0.8947,1.0,0.8974
263,SqueezeNet,0.9821,0.9923,0.9804,1.0,0.9677
264,SqueezeNet,0.8929,0.8848,0.8421,0.8421,0.9189
265,SqueezeNet,0.9107,0.8997,0.8936,0.875,0.9375
266,SqueezeNet,0.9464,0.9484,0.9091,0.9375,0.95
267,SqueezeNet,0.9643,0.9488,0.9444,0.9444,0.9737
268,SqueezeNet,0.9286,0.9337,0.8462,0.9167,0.9318
269,SqueezeNet,0.9464,0.9275,0.9333,0.913,0.9697
270,SqueezeNet,0.9464,0.9821,0.9091,1.0,0.9268
271,SqueezeNet,0.9464,0.9464,0.9474,0.931,0.963
272,SqueezeNet,0.9464,0.9172,0.9032,0.875,0.975
273,SqueezeNet,0.9464,0.9265,0.9268,0.9048,0.9714
274,SqueezeNet,0.9464,0.9622,0.9388,0.9583,0.9375
275,SqueezeNet,0.9107,0.9415,0.8889,0.9524,0.8857
276,SqueezeNet,0.9464,0.9442,0.9143,0.9412,0.9487
277,SqueezeNet,0.9821,0.9719,0.9818,0.9643,1.0
278,SqueezeNet,0.9821,0.9974,0.9836,1.0,0.9615
279,SqueezeNet,0.9107,0.9518,0.8718,0.9444,0.8947
280,SqueezeNet,0.9464,0.9417,0.9268,0.95,0.9444
281,SqueezeNet,0.8929,0.9193,0.88,0.9167,0.875
282,SqueezeNet,0.9643,0.9652,0.96,0.96,0.9677
283,SqueezeNet,0.9286,0.9736,0.92,1.0,0.8788
284,SqueezeNet,0.9286,0.9282,0.9231,0.9231,0.9333
285,SqueezeNet,0.9821,0.9957,0.9744,1.0,0.973
286,SqueezeNet,0.9464,0.9374,0.9302,0.9524,0.9429
287,SqueezeNet,0.9107,0.902,0.8837,0.9048,0.9143
288,SqueezeNet,0.9821,0.9956,0.973,1.0,0.9737
289,SqueezeNet,0.9821,0.9681,0.9744,0.95,1.0
290,SqueezeNet,0.9464,0.9917,0.9302,1.0,0.9167
291,SqueezeNet,0.9643,0.9875,0.9286,1.0,0.9535
292,SqueezeNet,0.9464,0.9563,0.9143,0.9412,0.9487
293,SqueezeNet,0.9643,0.9769,0.9545,1.0,0.9429
294,SqueezeNet,0.8929,0.8889,0.8421,0.8889,0.8947
295,SqueezeNet,0.9107,0.9516,0.878,0.9474,0.8919
296,SqueezeNet,0.9464,0.9445,0.9388,0.92,0.9677
297,SqueezeNet,0.9821,0.9639,0.9744,0.95,1.0
298,SqueezeNet,0.9286,0.9837,0.913,1.0,0.8857
299,SqueezeNet,0.9107,0.9535,0.9057,0.96,0.871
300,SqueezeNet,0.9464,0.9891,0.9143,1.0,0.925
301,SqueezeNet,0.8929,0.893,0.8696,0.9091,0.8824
302,SqueezeNet,0.9643,0.9799,0.9565,1.0,0.9412
303,SqueezeNet,0.9286,0.9167,0.9,0.9,0.9444
304,SqueezeNet,0.9821,0.9925,0.9714,1.0,0.9744
305,SqueezeNet,0.9107,0.9479,0.8936,0.9545,0.8824
306,SqueezeNet,0.9821,0.9639,0.9744,0.95,1.0
307,SqueezeNet,0.9643,0.9565,0.9524,0.9524,0.9714
308,SqueezeNet,0.9821,0.9985,0.973,1.0,0.9737
309,SqueezeNet,0.9464,0.9381,0.9333,0.913,0.9697
310,SqueezeNet,0.9464,0.9457,0.9143,0.9412,0.9487
311,SqueezeNet,0.8929,0.9252,0.8696,0.9524,0.8571
312,SqueezeNet,0.9464,0.9893,0.8966,1.0,0.9302
313,SqueezeNet,1.0,1.0,1.0,1.0,1.0
314,SqueezeNet,0.9821,0.9733,0.9767,0.9545,1.0
315,SqueezeNet,0.9821,0.9528,0.9655,0.9333,1.0
316,SqueezeNet,0.9286,0.9524,0.9091,0.9524,0.9143
317,SqueezeNet,0.9464,0.9463,0.9032,0.9333,0.9512
318,SqueezeNet,0.9464,0.9125,0.9032,0.875,0.975
319,SqueezeNet,0.9643,1.0,0.9565,1.0,0.9412
320,SqueezeNet,1.0,1.0,1.0,1.0,1.0
321,SqueezeNet,0.9464,0.9213,0.9388,0.92,0.9677
322,SqueezeNet,1.0,1.0,1.0,1.0,1.0
323,SqueezeNet,0.9643,0.9469,0.9375,0.9375,0.975
324,SqueezeNet,0.9643,0.9605,0.9565,0.9565,0.9697
325,SqueezeNet,0.9643,0.9864,0.9333,1.0,0.9524
326,SqueezeNet,0.9821,0.9987,0.9778,1.0,0.9706
327,SqueezeNet,0.875,0.8962,0.8205,0.8889,0.8684
328,SqueezeNet,0.9464,0.9542,0.9268,0.95,0.9444
329,SqueezeNet,0.9464,0.9472,0.9268,0.95,0.9444
330,SqueezeNet,0.9643,0.9854,0.9474,1.0,0.9474
331,SqueezeNet,0.8929,0.9269,0.8421,0.8889,0.8947
332,SqueezeNet,0.9107,0.9839,0.8387,1.0,0.8837
333,SqueezeNet,0.9286,0.9586,0.913,0.9545,0.9118
334,SqueezeNet,0.9643,0.9505,0.9565,0.9167,1.0
335,SqueezeNet,0.9821,0.9593,0.9697,0.9412,1.0
336,SqueezeNet,0.9643,0.9489,0.9643,0.931,1.0
337,SqueezeNet,0.9286,0.8833,0.8947,0.85,0.9722
338,SqueezeNet,0.9464,0.9496,0.9032,0.9333,0.9512
339,SqueezeNet,0.9821,0.9959,0.9767,1.0,0.9714
340,SqueezeNet,0.9286,0.9893,0.8667,1.0,0.907
341,SqueezeNet,0.9286,0.9095,0.8824,0.8824,0.9487
342,SqueezeNet,0.9286,0.954,0.931,1.0,0.8621
343,SqueezeNet,0.9286,0.9152,0.8333,0.9091,0.9333
344,SqueezeNet,0.8929,0.913,0.8696,0.8696,0.9091
345,SqueezeNet,0.875,0.8094,0.7586,0.6875,0.95
346,SqueezeNet,0.9643,0.9474,0.9444,0.9444,0.9737
347,SqueezeNet,0.9286,0.8922,0.875,0.875,0.95
348,SqueezeNet,0.9464,0.9859,0.9143,1.0,0.925
349,SqueezeNet,0.9286,0.951,0.9091,0.9524,0.9143
350,SqueezeNet,0.9107,0.883,0.878,0.8571,0.9429
351,SqueezeNet,0.9286,0.9597,0.9048,0.95,0.9167
352,SqueezeNet,0.9286,0.9488,0.9,0.9474,0.9189
353,SqueezeNet,0.9286,0.8927,0.8462,0.8462,0.9535
354,SqueezeNet,0.9643,0.9906,0.9412,1.0,0.95
355,SqueezeNet,0.875,0.9234,0.8108,0.9375,0.85
356,SqueezeNet,0.9107,0.8912,0.878,0.8571,0.9429
357,SqueezeNet,0.9464,0.9655,0.9455,0.963,0.931
358,SqueezeNet,0.9643,0.9944,0.9524,1.0,0.9444
359,SqueezeNet,0.9464,0.9,0.9032,0.875,0.975
360,SqueezeNet,0.9286,0.9609,0.92,0.9583,0.9062
361,SqueezeNet,1.0,1.0,1.0,1.0,1.0
362,SqueezeNet,0.9286,0.9398,0.875,0.9333,0.9268
363,SqueezeNet,0.9821,0.9985,0.9714,1.0,0.9744
364,SqueezeNet,1.0,1.0,1.0,1.0,1.0
365,SqueezeNet,0.9286,0.9795,0.9,1.0,0.8947
366,SqueezeNet,0.9464,0.9532,0.9189,0.9444,0.9474
367,SqueezeNet,0.9464,0.9837,0.9333,1.0,0.9143
368,SqueezeNet,0.9821,0.9893,0.9778,1.0,0.9706
369,SqueezeNet,0.9643,0.926,0.9444,0.8947,1.0
370,SqueezeNet,0.9643,0.9626,0.9545,0.9545,0.9706
371,SqueezeNet,0.9107,0.9414,0.898,0.9167,0.9062
372,SqueezeNet,0.9643,0.9388,0.9286,0.9286,0.9762
373,SqueezeNet,0.9286,0.8876,0.8947,0.8947,0.9459
374,SqueezeNet,0.875,0.9425,0.8571,0.9545,0.8235
375,SqueezeNet,0.875,0.8977,0.8205,0.8889,0.8684
376,SqueezeNet,0.9464,0.9345,0.9302,0.9091,0.9706
377,SqueezeNet,0.9286,0.9837,0.8824,1.0,0.9024
378,SqueezeNet,0.9464,0.9503,0.9189,0.9444,0.9474
379,SqueezeNet,0.9643,0.9938,0.9412,1.0,0.95
380,SqueezeNet,0.9464,0.9374,0.9434,0.9259,0.9655
381,SqueezeNet,0.9107,0.917,0.8936,0.913,0.9091
382,SqueezeNet,0.9643,0.9578,0.9524,0.9524,0.9714
383,SqueezeNet,0.9643,0.9972,0.95,1.0,0.9459
384,SqueezeNet,0.9643,0.9927,0.9474,1.0,0.9474
385,SqueezeNet,0.9643,0.9618,0.9565,0.9565,0.9697
386,SqueezeNet,0.9464,0.9746,0.9362,1.0,0.9118
387,SqueezeNet,0.9643,0.992,0.9565,1.0,0.9412
388,SqueezeNet,0.9464,0.9394,0.9333,0.913,0.9697
389,SqueezeNet,0.9643,0.9918,0.9545,1.0,0.9429
390,SqueezeNet,1.0,1.0,1.0,1.0,1.0
391,SqueezeNet,0.9107,0.8672,0.8387,0.8125,0.95
392,SqueezeNet,0.9464,0.985,0.9333,1.0,0.9143
393,SqueezeNet,0.9821,0.9891,0.9767,1.0,0.9714
394,SqueezeNet,0.9643,0.9972,0.95,1.0,0.9459
395,SqueezeNet,0.9464,0.9821,0.9474,1.0,0.8966
396,SqueezeNet,0.9464,0.9336,0.9362,0.9167,0.9688
397,SqueezeNet,0.9107,0.8918,0.8571,0.8333,0.9474
398,SqueezeNet,0.9286,0.8762,0.9091,0.8696,0.9697
399,SqueezeNet,0.9464,0.9842,0.9388,1.0,0.9091
400,SqueezeNet,0.9464,0.9635,0.9388,0.9583,0.9375
401,SqueezeNet,0.9464,0.9548,0.9412,0.96,0.9355
402,SqueezeNet,0.9286,0.9366,0.875,0.9333,0.9268
403,SqueezeNet,0.9643,0.9515,0.9643,0.931,1.0
404,SqueezeNet,1.0,1.0,1.0,1.0,1.0
405,SqueezeNet,0.8929,0.8653,0.85,0.85,0.9167
406,SqueezeNet,0.8929,0.8531,0.8125,0.8125,0.925
407,SqueezeNet,0.9464,0.9915,0.9032,1.0,0.9286
408,SqueezeNet,0.9107,0.9224,0.8837,0.9048,0.9143
409,SqueezeNet,0.9286,0.9488,0.9,0.9474,0.9189
410,SqueezeNet,0.9286,0.8861,0.8947,0.85,0.9722
411,SqueezeNet,0.9107,0.985,0.8936,1.0,0.8571
412,SqueezeNet,0.9643,0.9652,0.9677,0.9677,0.96
413,SqueezeNet,0.9643,0.9938,0.9412,1.0,0.95
414,SqueezeNet,0.9643,0.9583,0.95,0.95,0.9722
415,SqueezeNet,0.9286,0.9069,0.9,0.9,0.9444
416,SqueezeNet,0.9643,0.9936,0.963,1.0,0.9333
417,SqueezeNet,0.875,0.9342,0.8293,0.9444,0.8421
418,SqueezeNet,0.9464,0.963,0.9474,0.9643,0.9286
419,SqueezeNet,1.0,1.0,1.0,1.0,1.0
420,SqueezeNet,0.9821,0.9984,0.9697,1.0,0.975
421,SqueezeNet,0.9643,0.9942,0.9474,1.0,0.9474
422,SqueezeNet,0.9643,0.9518,0.9444,0.9444,0.9737
423,SqueezeNet,0.9643,0.9918,0.9545,1.0,0.9429
424,SqueezeNet,0.9286,0.9359,0.8824,0.9375,0.925
425,SqueezeNet,0.9464,0.932,0.9268,0.9048,0.9714
426,SqueezeNet,0.9643,0.9951,0.9375,1.0,0.9512
427,SqueezeNet,1.0,1.0,1.0,1.0,1.0
428,SqueezeNet,0.9286,0.9355,0.92,0.92,0.9355
429,SqueezeNet,0.9464,0.9868,0.9231,1.0,0.9211
430,SqueezeNet,0.9464,0.9931,0.9302,1.0,0.9167
431,SqueezeNet,0.9821,0.9915,0.9744,1.0,0.973
432,SqueezeNet,0.9821,0.9716,0.9796,0.96,1.0
433,SqueezeNet,0.9286,0.8772,0.8824,0.8333,0.9737
434,SqueezeNet,0.9643,0.9385,0.9524,0.9091,1.0
435,SqueezeNet,1.0,1.0,1.0,1.0,1.0
436,SqueezeNet,0.9643,0.9401,0.9565,0.9167,1.0
437,SqueezeNet,0.9107,0.917,0.8936,0.913,0.9091
438,SqueezeNet,0.8929,0.85,0.8421,0.8,0.9444
439,SqueezeNet,0.9286,0.9459,0.8947,0.9444,0.9211
440,SqueezeNet,0.9643,0.9517,0.9412,0.9412,0.9744
441,SqueezeNet,0.8929,0.8246,0.8235,0.7778,0.9474
442,SqueezeNet,0.9464,0.9531,0.9231,0.9474,0.9459
443,SqueezeNet,0.9643,0.9921,0.9583,1.0,0.9394
444,SqueezeNet,0.875,0.8549,0.8205,0.8421,0.8919
445,SqueezeNet,0.9107,0.9347,0.8837,0.95,0.8889
446,SqueezeNet,0.9107,0.9572,0.8936,0.9545,0.8824
447,SqueezeNet,0.9643,0.9587,0.9474,0.9474,0.973
448,SqueezeNet,0.8929,0.8854,0.8696,0.8696,0.9091
449,SqueezeNet,0.9464,0.9586,0.9333,0.9545,0.9412
450,SqueezeNet,0.9643,0.9871,0.9615,1.0,0.9355
451,SqueezeNet,0.9286,0.9083,0.9,0.9,0.9444
452,SqueezeNet,0.9643,0.9578,0.9524,0.9524,0.9714
453,SqueezeNet,0.9643,0.9439,0.9286,0.9286,0.9762
454,SqueezeNet,0.9286,0.9459,0.9,0.9474,0.9189
455,SqueezeNet,0.9643,0.994,0.9444,1.0,0.9487
456,SqueezeNet,0.9286,0.9444,0.8947,0.9444,0.9211
457,SqueezeNet,0.9643,0.9942,0.9474,1.0,0.9474
458,SqueezeNet,0.9464,0.9864,0.9189,1.0,0.9231
459,SqueezeNet,0.9643,0.9578,0.9412,0.9412,0.9744
460,SqueezeNet,0.9464,0.9415,0.9189,0.9444,0.9474
461,SqueezeNet,0.9643,0.9923,0.9643,1.0,0.931
462,SqueezeNet,0.9464,0.9786,0.9362,1.0,0.9118
463,SqueezeNet,0.9286,0.9394,0.913,0.913,0.9394
464,SqueezeNet,0.9464,0.9592,0.9362,0.9565,0.9394
465,SqueezeNet,0.9107,0.9269,0.918,0.9333,0.8846
466,SqueezeNet,0.9821,0.9942,0.973,1.0,0.9737
467,SqueezeNet,0.9821,1.0,0.9565,1.0,0.9778
468,SqueezeNet,0.9286,0.9805,0.8824,1.0,0.9024
469,SqueezeNet,0.9643,0.9374,0.9444,0.8947,1.0
470,SqueezeNet,0.9821,0.9986,0.9767,1.0,0.9714
471,SqueezeNet,0.875,0.9397,0.8205,0.9412,0.8462
472,SqueezeNet,0.9464,0.9459,0.9189,0.9444,0.9474
473,SqueezeNet,1.0,1.0,1.0,1.0,1.0
474,SqueezeNet,0.9107,0.9488,0.878,0.9474,0.8919
475,SqueezeNet,0.9464,0.9592,0.9362,0.9565,0.9394
476,SqueezeNet,0.9286,0.95,0.8824,0.9375,0.925
477,SqueezeNet,0.9286,0.9367,0.8889,0.9412,0.9231
478,SqueezeNet,0.9286,0.9722,0.9,1.0,0.8947
479,SqueezeNet,0.9107,0.8898,0.878,0.8571,0.9429
480,SqueezeNet,0.9107,0.9362,0.898,0.9167,0.9062
481,SqueezeNet,0.9107,0.9425,0.8936,0.9545,0.8824
482,SqueezeNet,0.9464,0.9693,0.9231,1.0,0.9211
483,SqueezeNet,0.9821,0.9528,0.9655,0.9333,1.0
484,SqueezeNet,0.9821,0.9625,0.9744,0.95,1.0
485,SqueezeNet,0.9643,0.9897,0.9615,1.0,0.9355
486,SqueezeNet,0.9107,0.8997,0.8837,0.8636,0.9412
487,SqueezeNet,1.0,1.0,1.0,1.0,1.0
488,SqueezeNet,0.9107,0.9006,0.898,0.88,0.9355
489,SqueezeNet,0.9107,0.9474,0.8718,0.9444,0.8947
490,SqueezeNet,0.9821,0.9943,0.9744,1.0,0.973
491,SqueezeNet,0.9643,0.974,0.96,1.0,0.9375
492,SqueezeNet,0.9821,0.9925,0.9714,1.0,0.9744
493,SqueezeNet,0.9464,0.9035,0.9091,0.8824,0.9744
494,SqueezeNet,0.9821,0.9951,0.9677,1.0,0.9756
495,SqueezeNet,0.9107,0.9319,0.8837,0.95,0.8889
496,SqueezeNet,0.9821,0.9927,0.973,1.0,0.9737
497,SqueezeNet,0.9464,0.991,0.9189,1.0,0.9231
498,SqueezeNet,0.9464,0.9556,0.9268,0.95,0.9444
499,SqueezeNet,0.9286,0.9167,0.9,0.9,0.9444
500,SqueezeNet,0.9107,0.9211,0.8889,0.9091,0.9118
501,SqueezeNet,0.9464,0.9574,0.9412,0.96,0.9355
502,SqueezeNet,0.9821,0.997,0.9714,1.0,0.9744
503,SqueezeNet,0.8929,0.8929,0.8,0.8571,0.9048
504,SqueezeNet,0.8571,0.9266,0.7895,0.9375,0.825
505,SqueezeNet,0.9464,0.9903,0.9302,1.0,0.9167
506,SqueezeNet,0.9643,0.9578,0.9565,0.9565,0.9697
507,SqueezeNet,0.9464,0.9886,0.9091,1.0,0.9268
508,SqueezeNet,0.9464,0.9502,0.9143,0.9412,0.9487
509,SqueezeNet,1.0,1.0,1.0,1.0,1.0
510,SqueezeNet,0.9643,0.9972,0.95,1.0,0.9459
511,SqueezeNet,0.875,0.8793,0.8108,0.8824,0.8718
512,SqueezeNet,0.9286,0.9879,0.8947,1.0,0.8974
513,SqueezeNet,0.9107,0.8321,0.8571,0.7895,0.973
514,SqueezeNet,0.9464,0.9796,0.9032,1.0,0.9286
515,SqueezeNet,0.9286,0.8929,0.8571,0.8571,0.9524
516,SqueezeNet,0.9464,0.9541,0.8966,0.9286,0.9524
517,SqueezeNet,0.9464,0.9565,0.9362,0.9565,0.9394
518,SqueezeNet,0.9821,0.9573,0.973,0.9474,1.0
519,SqueezeNet,0.9643,0.9469,0.9375,0.9375,0.975
520,SqueezeNet,0.9821,0.9573,0.973,0.9474,1.0
521,SqueezeNet,0.9286,0.9672,0.8889,1.0,0.9
522,SqueezeNet,0.9643,0.9927,0.9474,1.0,0.9474
523,SqueezeNet,0.9286,0.8862,0.8889,0.8421,0.973
524,SqueezeNet,0.9464,0.8816,0.9091,0.8333,1.0
525,SqueezeNet,0.9464,0.9273,0.8696,0.9091,0.9556
526,SqueezeNet,0.9107,0.9359,0.8571,0.9375,0.9
527,SqueezeNet,0.9286,0.9821,0.9286,1.0,0.8667
528,SqueezeNet,0.9821,0.9935,0.9796,1.0,0.9688
529,SqueezeNet,0.8571,0.8681,0.8095,0.85,0.8611
530,SqueezeNet,0.9464,0.9147,0.9189,0.8947,0.973
531,SqueezeNet,0.9643,0.9758,0.9643,0.9643,0.9643
532,SqueezeNet,0.9643,0.9902,0.9375,1.0,0.9512
533,SqueezeNet,0.9821,0.9957,0.9744,1.0,0.973
534,SqueezeNet,0.9107,0.9344,0.8571,0.9375,0.9
535,SqueezeNet,0.9464,0.9915,0.9268,1.0,0.9189
536,SqueezeNet,0.9464,0.9959,0.9333,1.0,0.9143
537,SqueezeNet,0.9821,0.9932,0.9767,1.0,0.9714
538,SqueezeNet,0.9821,0.9731,0.9831,0.9667,1.0
539,SqueezeNet,0.9821,0.9659,0.973,0.9474,1.0
540,SqueezeNet,1.0,1.0,1.0,1.0,1.0
541,SqueezeNet,0.9643,0.9611,0.95,0.95,0.9722
542,SqueezeNet,0.9464,0.9946,0.8966,1.0,0.9302
543,SqueezeNet,0.9286,0.9772,0.9048,1.0,0.8919
544,SqueezeNet,1.0,1.0,1.0,1.0,1.0
545,SqueezeNet,1.0,1.0,1.0,1.0,1.0
546,SqueezeNet,0.9464,0.9035,0.9143,0.8889,0.9737
547,SqueezeNet,0.9464,0.9644,0.9231,0.9474,0.9459
548,SqueezeNet,0.8929,0.8549,0.8421,0.8421,0.9189
549,SqueezeNet,0.9464,0.9518,0.9388,0.9583,0.9375
550,SqueezeNet,0.9643,0.9438,0.9615,0.9259,1.0
551,SqueezeNet,0.9643,0.9951,0.9375,1.0,0.9512
552,SqueezeNet,0.9286,0.9545,0.875,0.9333,0.9268
553,SqueezeNet,0.9821,0.9938,0.9697,1.0,0.975
554,SqueezeNet,0.9286,0.9473,0.9167,0.9565,0.9091
555,SqueezeNet,0.9464,0.9486,0.9268,0.95,0.9444
556,SqueezeNet,0.9107,0.9291,0.8889,0.9091,0.9118
557,SqueezeNet,0.9464,0.926,0.9189,0.8947,0.973
558,SqueezeNet,0.9286,0.9147,0.8947,0.8947,0.9459
559,SqueezeNet,0.9643,0.9592,0.9643,0.9643,0.9643
560,SqueezeNet,1.0,1.0,1.0,1.0,1.0
561,SqueezeNet,0.9464,0.9238,0.9268,0.9048,0.9714
562,SqueezeNet,0.9464,0.9293,0.9268,0.9048,0.9714
563,SqueezeNet,0.9821,0.9653,0.9744,0.95,1.0
564,SqueezeNet,0.9643,0.991,0.9444,1.0,0.9487
565,SqueezeNet,0.875,0.9079,0.8205,0.8889,0.8684
566,SqueezeNet,0.9464,0.9473,0.8966,0.9286,0.9524
567,SqueezeNet,0.9286,0.9487,0.8889,0.9412,0.9231
568,SqueezeNet,0.9286,0.9825,0.9,1.0,0.8947
569,SqueezeNet,0.9464,0.905,0.9143,0.8889,0.9737
570,SqueezeNet,0.9107,0.9459,0.8718,0.9444,0.8947
571,SqueezeNet,0.9643,0.9898,0.9333,1.0,0.9524
572,SqueezeNet,0.9464,0.9528,0.9268,0.95,0.9444
573,SqueezeNet,0.9821,0.9932,0.9767,1.0,0.9714
574,SqueezeNet,0.9464,0.9542,0.9268,0.95,0.9444
575,SqueezeNet,1.0,1.0,1.0,1.0,1.0
576,SqueezeNet,0.9286,0.944,0.92,0.9583,0.9062
577,SqueezeNet,0.9821,0.9864,0.9714,1.0,0.9744
578,SqueezeNet,0.9643,0.9503,0.9444,0.9444,0.9737
579,SqueezeNet,0.9286,0.9818,0.9231,1.0,0.875
580,SqueezeNet,0.875,0.785,0.8108,0.7143,0.9714
581,SqueezeNet,0.9821,0.9644,0.973,0.9474,1.0
582,SqueezeNet,0.9464,0.9458,0.9268,0.95,0.9444
583,SqueezeNet,0.9286,0.9883,0.9,1.0,0.8947
584,SqueezeNet,0.9286,0.9548,0.9231,0.96,0.9032
585,SqueezeNet,0.9643,0.9909,0.96,1.0,0.9375
586,SqueezeNet,0.9821,0.9587,0.973,0.9474,1.0
587,SqueezeNet,0.9464,0.9703,0.9143,1.0,0.925
588,SqueezeNet,0.9107,0.9779,0.8485,1.0,0.881
589,SqueezeNet,0.9286,0.9559,0.913,0.9545,0.9118
590,SqueezeNet,0.9643,0.9547,0.9444,0.9444,0.9737
591,SqueezeNet,0.9464,0.9823,0.9333,1.0,0.9143
592,SqueezeNet,0.9821,0.9985,0.973,1.0,0.9737
593,SqueezeNet,0.9643,0.9881,0.9333,1.0,0.9524
594,SqueezeNet,0.9286,0.9157,0.913,0.913,0.9394
595,SqueezeNet,0.9286,0.9155,0.8824,0.8824,0.9487
596,SqueezeNet,0.9821,0.9985,0.973,1.0,0.9737
597,SqueezeNet,0.9643,0.9801,0.95,1.0,0.9459
598,SqueezeNet,0.9464,0.9486,0.9268,0.95,0.9444
599,SqueezeNet,0.9643,0.9463,0.9333,0.9333,0.9756
600,SqueezeNet,0.9464,0.9332,0.9302,0.9091,0.9706
601,SqueezeNet,0.9643,0.9946,0.9545,1.0,0.9429
602,SqueezeNet,0.8929,0.9323,0.88,0.9167,0.875
603,SqueezeNet,0.9643,0.9866,0.9565,1.0,0.9412
604,SqueezeNet,0.9643,0.9611,0.95,0.95,0.9722
605,SqueezeNet,0.9643,0.987,0.96,1.0,0.9375
606,SqueezeNet,0.9286,0.8974,0.8824,0.8824,0.9487
607,SqueezeNet,0.9286,0.9412,0.8889,0.9412,0.9231
608,SqueezeNet,0.9464,0.9452,0.9333,0.9545,0.9412
609,SqueezeNet,0.9821,0.9961,0.9796,1.0,0.9688
610,SqueezeNet,0.9286,0.9484,0.8824,0.9375,0.925
611,SqueezeNet,0.9464,0.9917,0.9302,1.0,0.9167
612,SqueezeNet,0.9821,0.9677,0.9796,0.96,1.0
613,SqueezeNet,0.9464,0.9459,0.9189,0.9444,0.9474
614,SqueezeNet,0.8571,0.8769,0.8462,0.8462,0.8667
615,SqueezeNet,0.9286,0.9397,0.8889,0.9412,0.9231
616,SqueezeNet,0.9286,0.9236,0.9,0.9,0.9444
617,SqueezeNet,0.9464,0.9198,0.9302,0.9091,0.9706
618,SqueezeNet,0.9464,0.9474,0.9231,0.9474,0.9459
619,SqueezeNet,0.9643,0.9733,0.9565,1.0,0.9412
620,SqueezeNet,0.9821,0.9971,0.973,1.0,0.9737
621,SqueezeNet,0.9821,0.9984,0.9697,1.0,0.975
622,SqueezeNet,0.9821,0.9563,0.9697,0.9412,1.0
623,SqueezeNet,0.8929,0.8946,0.8,0.8571,0.9048
624,SqueezeNet,0.9286,0.9181,0.8889,0.8889,0.9474
625,SqueezeNet,0.9107,0.9586,0.8936,0.9545,0.8824
626,SqueezeNet,0.9643,0.9833,0.9524,1.0,0.9444
627,SqueezeNet,0.9464,0.9449,0.9412,0.9231,0.9667
628,SqueezeNet,0.9464,0.9768,0.9434,1.0,0.9032
629,SqueezeNet,0.9464,0.9528,0.9268,0.95,0.9444
630,SqueezeNet,0.9821,0.9742,0.9796,0.96,1.0
631,SqueezeNet,0.9643,0.9186,0.9375,0.8824,1.0
632,SqueezeNet,0.9464,0.9167,0.9231,0.9,0.9722
633,SqueezeNet,0.9464,0.9091,0.9302,0.9091,0.9706
634,SqueezeNet,0.9643,0.9902,0.9375,1.0,0.9512
635,SqueezeNet,0.9286,0.8937,0.875,0.875,0.95
636,SqueezeNet,0.9464,0.9677,0.9412,0.96,0.9355
637,SqueezeNet,0.9464,0.9984,0.9143,1.0,0.925
638,SqueezeNet,1.0,1.0,1.0,1.0,1.0
639,SqueezeNet,0.9107,0.8861,0.8718,0.85,0.9444
640,SqueezeNet,1.0,1.0,1.0,1.0,1.0
641,SqueezeNet,0.9286,0.9332,0.9091,0.9091,0.9412
642,SqueezeNet,0.9107,0.9338,0.8276,0.9231,0.907
643,SqueezeNet,0.9643,0.9666,0.9545,0.9545,0.9706
644,SqueezeNet,0.9821,0.9558,0.963,0.9286,1.0
645,SqueezeNet,1.0,1.0,1.0,1.0,1.0
646,SqueezeNet,0.9107,0.8962,0.8718,0.8947,0.9189
647,SqueezeNet,0.9643,0.9895,0.9583,1.0,0.9394
648,SqueezeNet,0.9286,0.9528,0.9048,0.95,0.9167
649,SqueezeNet,0.9286,0.9064,0.9091,0.9091,0.9412
650,SqueezeNet,0.9464,0.9398,0.9302,0.9091,0.9706
651,SqueezeNet,0.9464,0.9785,0.8966,1.0,0.9302
652,SqueezeNet,0.9464,0.943,0.9189,0.9444,0.9474
653,SqueezeNet,0.9643,0.9587,0.9474,0.9474,0.973
654,SqueezeNet,0.9464,0.9766,0.9231,1.0,0.9211
655,SqueezeNet,0.9286,0.9155,0.8824,0.8824,0.9487
656,SqueezeNet,0.9286,0.9469,0.9091,0.9524,0.9143
657,SqueezeNet,0.9821,0.9974,0.9787,1.0,0.9697
658,SqueezeNet,1.0,1.0,1.0,1.0,1.0
659,SqueezeNet,1.0,1.0,1.0,1.0,1.0
660,SqueezeNet,0.9286,0.9431,0.9048,0.95,0.9167
661,SqueezeNet,1.0,1.0,1.0,1.0,1.0
662,SqueezeNet,0.9464,0.9796,0.9333,1.0,0.9143
663,SqueezeNet,0.9286,0.9782,0.913,1.0,0.8857
664,SqueezeNet,1.0,1.0,1.0,1.0,1.0
665,SqueezeNet,0.9464,0.9483,0.9302,0.9524,0.9429
666,SqueezeNet,0.9643,0.996,0.9565,1.0,0.9412
667,SqueezeNet,0.9464,0.9894,0.9189,1.0,0.9231
668,SqueezeNet,0.9464,0.9891,0.9143,1.0,0.925
669,SqueezeNet,0.9464,0.9246,0.9189,0.8947,0.973
670,SqueezeNet,0.9464,0.9262,0.9333,0.913,0.9697
671,SqueezeNet,0.9464,0.9746,0.9362,1.0,0.9118
672,SqueezeNet,0.9464,0.9531,0.9091,0.9375,0.95
673,SqueezeNet,0.9464,0.9488,0.9189,0.9444,0.9474
674,SqueezeNet,0.9643,0.9925,0.9444,1.0,0.9487
675,SqueezeNet,0.9643,0.9819,0.9524,1.0,0.9444
676,SqueezeNet,0.9107,0.885,0.8837,0.8636,0.9412
677,SqueezeNet,0.9643,0.992,0.9565,1.0,0.9412
678,SqueezeNet,0.9821,0.9524,0.963,0.9286,1.0
679,SqueezeNet,0.9464,0.8827,0.8889,0.8571,0.9762
680,SqueezeNet,0.9821,0.9609,0.9677,0.9375,1.0
681,SqueezeNet,0.9464,0.9842,0.9388,1.0,0.9091
682,SqueezeNet,0.9286,0.932,0.8571,0.9231,0.9302
683,SqueezeNet,0.9821,0.9903,0.9756,1.0,0.9722
684,SqueezeNet,0.9821,0.996,0.9778,1.0,0.9706
685,SqueezeNet,0.9286,0.9942,0.9,1.0,0.8947
686,SqueezeNet,0.9464,0.9385,0.9302,0.9091,0.9706
687,SqueezeNet,0.9464,0.985,0.9333,1.0,0.9143
688,SqueezeNet,0.9107,0.9135,0.898,0.88,0.9355
689,SqueezeNet,0.9821,0.9742,0.9796,0.96,1.0
690,SqueezeNet,0.9643,0.9692,0.9615,0.9615,0.9667
691,SqueezeNet,1.0,1.0,1.0,1.0,1.0
692,SqueezeNet,1.0,1.0,1.0,1.0,1.0
693,SqueezeNet,0.9286,0.9278,0.9,0.9,0.9444
694,SqueezeNet,0.875,0.9224,0.8511,0.9524,0.8286
695,SqueezeNet,0.9286,0.9048,0.8571,0.8571,0.9524
696,SqueezeNet,0.9107,0.974,0.9057,1.0,0.8438
697,SqueezeNet,0.9464,0.9463,0.9032,0.9333,0.9512
698,SqueezeNet,0.9643,0.9612,0.9545,0.9545,0.9706
699,SqueezeNet,0.9821,0.9938,0.9697,1.0,0.975
700,SqueezeNet,0.9643,0.974,0.9583,0.9583,0.9688
701,SqueezeNet,0.9107,0.8974,0.8571,0.8824,0.9231
702,SqueezeNet,0.9464,0.9857,0.8966,1.0,0.9302
703,SqueezeNet,0.8571,0.8899,0.7895,0.8824,0.8462
704,SqueezeNet,0.9286,0.9741,0.913,1.0,0.8857
705,SqueezeNet,0.9643,0.9622,0.9583,0.9583,0.9688
706,SqueezeNet,1.0,1.0,1.0,1.0,1.0
707,SqueezeNet,0.8571,0.9327,0.8095,0.9444,0.8158
708,SqueezeNet,0.8929,0.9429,0.8696,0.9524,0.8571
709,SqueezeNet,0.9107,0.9609,0.902,0.9583,0.875
710,SqueezeNet,0.9286,0.9853,0.9167,1.0,0.8824
711,SqueezeNet,0.9464,0.9264,0.9231,0.9,0.9722
712,SqueezeNet,0.9286,0.9266,0.8824,0.9375,0.925
713,SqueezeNet,0.9821,0.9987,0.9796,1.0,0.9688
714,SqueezeNet,0.9464,0.9769,0.9455,1.0,0.9
715,SqueezeNet,0.9643,0.9422,0.9286,0.9286,0.9762
716,SqueezeNet,0.8929,0.8333,0.8636,0.7917,0.9688
717,SqueezeNet,0.9643,0.9453,0.9565,0.9167,1.0
718,SqueezeNet,0.9464,0.9559,0.9231,0.9474,0.9459
719,SqueezeNet,0.9643,0.9917,0.9524,1.0,0.9444
720,SqueezeNet,0.9286,0.9453,0.8824,0.9375,0.925
721,SqueezeNet,1.0,1.0,1.0,1.0,1.0
722,SqueezeNet,0.8929,0.9205,0.8889,0.9231,0.8667
723,SqueezeNet,0.9286,0.9095,0.8824,0.8824,0.9487
724,SqueezeNet,0.9286,0.9186,0.8824,0.8824,0.9487
725,SqueezeNet,1.0,1.0,1.0,1.0,1.0
726,SqueezeNet,0.9643,0.9559,0.9545,0.9545,0.9706
727,SqueezeNet,0.9286,0.8944,0.8824,0.8824,0.9487
728,SqueezeNet,0.9464,0.9545,0.9333,0.9545,0.9412
729,SqueezeNet,0.8571,0.875,0.8095,0.85,0.8611
730,SqueezeNet,0.9821,0.969,0.9796,0.96,1.0
731,SqueezeNet,0.9464,0.9587,0.9231,0.9474,0.9459
732,SqueezeNet,0.9107,0.9459,0.8718,0.9444,0.8947
733,SqueezeNet,0.9286,0.9708,0.9,1.0,0.8947
734,SqueezeNet,0.9643,0.9605,0.9524,0.9524,0.9714
735,SqueezeNet,0.9464,0.8939,0.9231,0.8571,1.0
736,SqueezeNet,0.8929,0.9179,0.8889,0.9231,0.8667
737,SqueezeNet,0.9821,0.9707,0.9818,0.9643,1.0
738,SqueezeNet,0.9286,0.9367,0.8889,0.9412,0.9231
739,SqueezeNet,0.9643,0.9872,0.963,1.0,0.9333
740,SqueezeNet,0.9107,0.8707,0.878,0.8571,0.9429
741,SqueezeNet,0.9464,0.9897,0.9455,1.0,0.9
742,SqueezeNet,0.9464,0.9275,0.9189,0.8947,0.973
743,SqueezeNet,0.9643,0.9597,0.95,0.95,0.9722
744,SqueezeNet,0.9286,0.9442,0.9091,0.9524,0.9143
745,SqueezeNet,0.9643,0.9973,0.9565,1.0,0.9412
746,SqueezeNet,0.9821,0.9532,0.9697,0.9412,1.0
747,SqueezeNet,0.9464,0.9868,0.9231,1.0,0.9211
748,SqueezeNet,0.9643,0.9986,0.95,1.0,0.9459
749,SqueezeNet,0.9643,0.9938,0.9412,1.0,0.95
750,SqueezeNet,0.9464,0.9741,0.9333,1.0,0.9143
751,SqueezeNet,0.9643,0.9915,0.95,1.0,0.9459
752,SqueezeNet,0.8929,0.8781,0.8235,0.875,0.9
753,SqueezeNet,0.9286,0.9487,0.8889,0.9412,0.9231
754,SqueezeNet,0.9464,0.9524,0.9302,0.9524,0.9429
755,SqueezeNet,0.9464,0.9799,0.9362,1.0,0.9118
756,SqueezeNet,0.9643,0.9569,0.95,0.95,0.9722
757,SqueezeNet,0.9286,0.9469,0.8824,0.9375,0.925
758,SqueezeNet,0.875,0.8859,0.8772,0.8333,0.9231
759,SqueezeNet,0.9464,0.9388,0.9362,0.9167,0.9688
760,SqueezeNet,0.9286,0.9502,0.8889,0.9412,0.9231
761,SqueezeNet,0.9107,0.9821,0.8571,1.0,0.878
762,SqueezeNet,0.8929,0.9278,0.8696,0.9091,0.8824
763,SqueezeNet,0.9107,0.9333,0.8485,0.9333,0.9024
764,SqueezeNet,0.9286,0.9356,0.8571,0.9231,0.9302
765,SqueezeNet,0.9464,0.9883,0.9412,1.0,0.9062
766,SqueezeNet,0.9643,0.9551,0.9524,0.9524,0.9714
767,SqueezeNet,0.9286,0.9203,0.8947,0.8947,0.9459
768,SqueezeNet,0.9286,0.9542,0.9048,0.95,0.9167
769,SqueezeNet,0.9464,0.9153,0.9231,0.9,0.9722
770,SqueezeNet,0.9464,0.969,0.9412,0.96,0.9355
771,SqueezeNet,0.9286,0.8808,0.875,0.8235,0.9744
772,SqueezeNet,0.9643,0.9912,0.9474,1.0,0.9474
773,SqueezeNet,0.9286,0.9262,0.913,0.913,0.9394
774,SqueezeNet,0.9464,0.9524,0.9302,0.9524,0.9429
775,SqueezeNet,0.9643,0.9644,0.9474,0.9474,0.973
776,SqueezeNet,0.9286,0.9375,0.9048,0.95,0.9167
777,SqueezeNet,0.9286,0.8763,0.875,0.8235,0.9744
778,SqueezeNet,0.9286,0.9037,0.9091,0.9091,0.9412
779,SqueezeNet,0.9643,0.941,0.9231,0.9231,0.9767
780,SqueezeNet,0.9286,0.8923,0.9167,0.8462,1.0
781,SqueezeNet,0.9464,0.9137,0.9143,0.8889,0.9737
782,SqueezeNet,0.9643,0.971,0.9565,0.9565,0.9697
783,SqueezeNet,0.9643,0.942,0.9545,0.913,1.0
784,SqueezeNet,0.9643,0.9893,0.9286,1.0,0.9535
785,SqueezeNet,0.9286,0.8611,0.8889,0.8,1.0
786,SqueezeNet,0.9464,0.9955,0.9189,1.0,0.9231
787,SqueezeNet,0.9643,0.9786,0.9565,1.0,0.9412
788,SqueezeNet,0.9821,0.9937,0.9697,1.0,0.975
789,SqueezeNet,0.9821,0.996,0.9778,1.0,0.9706
790,SqueezeNet,0.9821,0.9953,0.9697,1.0,0.975
791,SqueezeNet,0.9286,0.9351,0.8889,0.9412,0.9231
792,SqueezeNet,0.9821,0.9935,0.9796,1.0,0.9688
793,SqueezeNet,0.9464,0.9531,0.9091,0.9375,0.95
794,SqueezeNet,0.9286,0.9502,0.8889,0.9412,0.9231
795,SqueezeNet,0.9643,0.9576,0.9444,0.9444,0.9737
796,SqueezeNet,0.9286,0.9306,0.8889,0.9412,0.9231
797,SqueezeNet,0.9821,1.0,0.9744,1.0,0.973
798,SqueezeNet,0.9821,0.9714,0.9787,0.9583,1.0
799,SqueezeNet,0.9643,0.9639,0.9545,0.9545,0.9706
800,SqueezeNet,0.9821,0.9731,0.9804,0.9615,1.0
801,SqueezeNet,0.9643,0.9878,0.9545,1.0,0.9429
802,SqueezeNet,0.9643,0.9605,0.9565,0.9565,0.9697
803,SqueezeNet,0.9464,0.9547,0.9189,0.9444,0.9474
804,SqueezeNet,0.9464,0.9604,0.9455,0.963,0.931
805,SqueezeNet,0.9821,0.9756,0.9804,0.9615,1.0
806,SqueezeNet,0.9643,0.9338,0.9231,0.9231,0.9767
807,SqueezeNet,0.9464,0.9592,0.9362,0.9565,0.9394
808,SqueezeNet,0.9643,0.9889,0.9524,1.0,0.9444
809,SqueezeNet,0.9107,0.9698,0.8718,1.0,0.8718
810,SqueezeNet,0.9107,0.9915,0.8485,1.0,0.881
811,SqueezeNet,0.9464,0.8959,0.8966,0.8667,0.9756
812,SqueezeNet,0.9107,0.9848,0.8,1.0,0.8913
813,SqueezeNet,0.9821,0.9925,0.9714,1.0,0.9744
814,SqueezeNet,0.9643,0.9532,0.9412,0.9412,0.9744
815,SqueezeNet,0.9464,0.9431,0.9032,0.9333,0.9512
816,SqueezeNet,0.9643,0.9593,0.9333,0.9333,0.9756
817,SqueezeNet,0.9643,0.9586,0.9545,0.9545,0.9706
818,SqueezeNet,0.9821,0.9674,0.9787,0.9583,1.0
819,SqueezeNet,1.0,1.0,1.0,1.0,1.0
820,SqueezeNet,0.8929,0.9201,0.8125,0.9286,0.881
821,SqueezeNet,0.9643,0.9898,0.9333,1.0,0.9524
822,SqueezeNet,0.9821,0.9531,0.9677,0.9375,1.0
823,SqueezeNet,0.9643,0.9453,0.9375,0.9375,0.975
824,SqueezeNet,0.9107,0.9466,0.902,0.9583,0.875
825,SqueezeNet,0.9286,0.9401,0.9167,0.9167,0.9375
826,SqueezeNet,0.9821,0.9893,0.9778,1.0,0.9706
827,SqueezeNet,0.9821,0.9986,0.9767,1.0,0.9714
828,SqueezeNet,0.9643,0.9829,0.95,1.0,0.9459
829,SqueezeNet,0.9107,0.9047,0.8649,0.8421,0.9459
830,SqueezeNet,0.9643,0.9293,0.9091,0.9091,0.9778
831,SqueezeNet,0.9643,0.9496,0.9333,0.9333,0.9756
832,SqueezeNet,0.9286,0.963,0.9,0.9474,0.9189
833,SqueezeNet,0.875,0.8925,0.8372,0.8571,0.8857
834,SqueezeNet,1.0,1.0,1.0,1.0,1.0
835,SqueezeNet,0.9643,0.9576,0.9444,0.9444,0.9737
836,SqueezeNet,0.9286,0.9948,0.9231,1.0,0.875
837,SqueezeNet,0.9286,0.9488,0.8947,0.9444,0.9211
838,SqueezeNet,0.9286,0.9262,0.913,0.913,0.9394
839,SqueezeNet,0.8929,0.9306,0.8421,0.9412,0.8718
840,SqueezeNet,0.9643,0.9612,0.9545,0.9545,0.9706
841,SqueezeNet,0.9107,0.9431,0.8837,0.95,0.8889
842,SqueezeNet,0.9643,0.9599,0.9545,0.9545,0.9706
843,SqueezeNet,0.9464,0.9853,0.9362,1.0,0.9118
844,SqueezeNet,0.9286,0.8919,0.8947,0.8947,0.9459
845,SqueezeNet,0.9464,0.9575,0.8966,0.9286,0.9524
846,SqueezeNet,0.9464,0.9569,0.9268,0.95,0.9444
847,SqueezeNet,0.9643,0.9262,0.9545,0.913,1.0
848,SqueezeNet,0.9643,0.9625,0.95,0.95,0.9722
849,SqueezeNet,0.9821,0.996,0.9778,1.0,0.9706
850,SqueezeNet,0.9643,0.984,0.9565,1.0,0.9412
851,SqueezeNet,0.9643,0.9625,0.95,0.95,0.9722
852,SqueezeNet,0.9821,0.9962,0.9811,1.0,0.9667
853,SqueezeNet,0.9107,0.8827,0.8889,0.8696,0.9394
854,SqueezeNet,0.9286,0.9161,0.8947,0.8947,0.9459
855,SqueezeNet,0.9643,0.9668,0.963,0.963,0.9655
856,SqueezeNet,0.9821,0.9687,0.9756,0.9524,1.0
857,SqueezeNet,0.9643,0.9969,0.9412,1.0,0.95
858,SqueezeNet,0.9464,0.9597,0.9268,0.95,0.9444
859,SqueezeNet,0.9464,0.9574,0.9412,0.96,0.9355
860,SqueezeNet,0.9643,0.9928,0.9286,1.0,0.9535
861,SqueezeNet,0.9643,0.9561,0.9444,0.9444,0.9737
862,SqueezeNet,0.9286,0.9371,0.8947,0.9444,0.9211
863,SqueezeNet,0.9821,0.9986,0.9744,1.0,0.973
864,SqueezeNet,0.9643,0.9593,0.9412,0.9412,0.9744
865,SqueezeNet,0.9464,0.902,0.9231,0.8571,1.0
866,SqueezeNet,0.9107,0.9298,0.9091,0.9259,0.8966
867,SqueezeNet,0.9821,0.9891,0.9767,1.0,0.9714
868,SqueezeNet,0.9821,0.9946,0.9767,1.0,0.9714
869,SqueezeNet,0.9821,0.9969,0.9697,1.0,0.975
870,SqueezeNet,1.0,1.0,1.0,1.0,1.0
871,SqueezeNet,0.9464,0.9459,0.9189,0.9444,0.9474
872,SqueezeNet,0.9464,0.9502,0.9143,0.9412,0.9487
873,SqueezeNet,0.9107,0.9357,0.8718,0.9444,0.8947
874,SqueezeNet,0.9464,0.9563,0.9143,0.9412,0.9487
875,SqueezeNet,0.9643,0.9891,0.9545,1.0,0.9429
876,SqueezeNet,0.9464,0.9561,0.9412,0.96,0.9355
877,SqueezeNet,0.9821,0.9986,0.9744,1.0,0.973
878,SqueezeNet,0.8929,0.8245,0.8696,0.8,0.9677
879,SqueezeNet,0.8929,0.9425,0.875,0.9545,0.8529
880,SqueezeNet,0.9464,1.0,0.9268,1.0,0.9189
881,SqueezeNet,0.9286,0.9722,0.9091,1.0,0.8889
882,SqueezeNet,0.8929,0.9102,0.8636,0.9048,0.8857
883,SqueezeNet,0.9821,0.9921,0.9787,1.0,0.9697
884,SqueezeNet,0.9286,0.9398,0.9091,0.9091,0.9412
885,SqueezeNet,0.875,0.881,0.8444,0.8636,0.8824
886,SqueezeNet,0.9821,0.9936,0.9811,1.0,0.9667
887,SqueezeNet,0.8571,0.8819,0.8095,0.8947,0.8378
888,SqueezeNet,0.9821,0.9973,0.9767,1.0,0.9714
889,SqueezeNet,0.9821,0.9716,0.9796,0.96,1.0
890,SqueezeNet,0.9464,0.9898,0.9032,1.0,0.9286
891,SqueezeNet,0.9643,0.9973,0.9565,1.0,0.9412
892,SqueezeNet,0.9464,0.9958,0.9302,1.0,0.9167
893,SqueezeNet,0.9464,0.9394,0.9333,0.913,0.9697
894,SqueezeNet,0.9286,0.9545,0.913,0.9545,0.9118
895,SqueezeNet,0.9821,0.9959,0.9767,1.0,0.9714
896,SqueezeNet,0.8929,0.8876,0.85,0.8947,0.8919
897,SqueezeNet,0.9821,0.9959,0.9767,1.0,0.9714
898,SqueezeNet,0.9107,0.9198,0.8889,0.9091,0.9118
899,SqueezeNet,0.9464,0.9487,0.9412,0.9231,0.9667
900,SqueezeNet,0.9464,0.9603,0.9434,0.9615,0.9333
901,SqueezeNet,0.9286,0.9556,0.9048,0.95,0.9167
902,SqueezeNet,0.9464,0.9518,0.9189,0.9444,0.9474
903,SqueezeNet,0.9464,0.9879,0.88,1.0,0.9333
904,SqueezeNet,0.9464,0.9875,0.9302,1.0,0.9167
905,SqueezeNet,0.9643,0.9502,0.9474,0.9474,0.973
906,SqueezeNet,0.9821,0.9958,0.9756,1.0,0.9722
907,SqueezeNet,0.9643,0.983,0.9333,1.0,0.9524
908,SqueezeNet,0.9286,0.9472,0.9048,0.95,0.9167
909,SqueezeNet,0.9643,0.9631,0.9565,0.9565,0.9697
910,SqueezeNet,0.9643,0.9564,0.9655,0.9333,1.0
911,SqueezeNet,0.9643,0.9578,0.9565,0.9565,0.9697
912,SqueezeNet,0.9107,0.9472,0.8649,0.9412,0.8974
913,SqueezeNet,0.9286,0.9503,0.8947,0.9444,0.9211
914,SqueezeNet,0.9464,0.992,0.9362,1.0,0.9118
915,SqueezeNet,0.9107,0.8509,0.8571,0.8333,0.9474
916,SqueezeNet,0.9821,0.992,0.9778,1.0,0.9706
917,SqueezeNet,0.9643,0.9853,0.9565,1.0,0.9412
918,SqueezeNet,0.9643,0.9612,0.9545,0.9545,0.9706
919,SqueezeNet,0.8929,0.9805,0.8333,1.0,0.8537
920,SqueezeNet,0.9286,0.9208,0.9,0.9,0.9444
921,SqueezeNet,0.9643,0.9644,0.9565,0.9565,0.9697
922,SqueezeNet,0.9821,0.9957,0.9744,1.0,0.973
923,SqueezeNet,0.9821,0.991,0.9804,1.0,0.9677
924,SqueezeNet,0.9821,0.9922,0.9796,1.0,0.9688
925,SqueezeNet,0.8929,0.8322,0.7,0.7778,0.9149
926,SqueezeNet,1.0,1.0,1.0,1.0,1.0
927,SqueezeNet,0.9464,0.9958,0.9302,1.0,0.9167
928,SqueezeNet,0.9643,0.9602,0.9474,0.9474,0.973
929,SqueezeNet,0.9464,0.9457,0.9143,0.9412,0.9487
930,SqueezeNet,0.9107,0.8435,0.8649,0.7619,1.0
931,SqueezeNet,0.9643,0.9896,0.96,1.0,0.9375
932,SqueezeNet,0.9107,0.9787,0.8837,1.0,0.8649
933,SqueezeNet,0.9643,0.9866,0.9565,1.0,0.9412
934,SqueezeNet,0.9464,0.981,0.9231,1.0,0.9211
935,SqueezeNet,1.0,1.0,1.0,1.0,1.0
936,SqueezeNet,0.9643,0.9971,0.9474,1.0,0.9474
937,SqueezeNet,0.9286,0.9488,0.9,0.9474,0.9189
938,SqueezeNet,0.9464,0.9633,0.9302,0.9524,0.9429
939,SqueezeNet,0.9464,0.9565,0.9362,0.9565,0.9394
940,SqueezeNet,0.9821,0.9597,0.9744,0.95,1.0
941,SqueezeNet,0.9286,0.9361,0.9048,0.95,0.9167
942,SqueezeNet,0.9464,0.9881,0.9388,1.0,0.9091
943,SqueezeNet,0.9464,0.9403,0.9231,0.9474,0.9459
944,SqueezeNet,0.9464,0.9592,0.9302,0.9524,0.9429
945,SqueezeNet,0.9821,0.9961,0.9804,1.0,0.9677
946,SqueezeNet,0.9643,0.9276,0.9375,0.8824,1.0
947,SqueezeNet,0.9821,0.9677,0.9796,0.96,1.0
948,SqueezeNet,0.9821,0.9955,0.9714,1.0,0.9744
949,SqueezeNet,0.8929,0.9389,0.8636,0.95,0.8611
950,SqueezeNet,0.9821,0.992,0.9778,1.0,0.9706
951,SqueezeNet,0.9286,0.9615,0.9259,0.9615,0.9
952,SqueezeNet,0.9464,0.9572,0.9333,0.9545,0.9412
953,SqueezeNet,0.875,0.9292,0.8444,0.95,0.8333
954,SqueezeNet,0.9107,0.9559,0.878,0.9474,0.8919
955,SqueezeNet,0.9821,0.9973,0.9767,1.0,0.9714
956,SqueezeNet,0.9643,0.9488,0.9474,0.9474,0.973
957,SqueezeNet,0.9643,0.9932,0.9545,1.0,0.9429
958,SqueezeNet,0.9286,0.932,0.8667,0.9286,0.9286
959,SqueezeNet,0.9464,0.9513,0.9362,0.9565,0.9394
960,SqueezeNet,0.9464,0.931,0.9362,0.9167,0.9688
961,SqueezeNet,0.9464,0.9532,0.9143,0.9412,0.9487
962,SqueezeNet,0.9286,0.9375,0.9048,0.95,0.9167
963,SqueezeNet,0.9821,0.9961,0.9796,1.0,0.9688
964,SqueezeNet,1.0,1.0,1.0,1.0,1.0
965,SqueezeNet,0.9286,0.966,0.913,1.0,0.8857
966,SqueezeNet,0.9821,0.9971,0.973,1.0,0.9737
967,SqueezeNet,0.9464,0.9858,0.9268,1.0,0.9189
968,SqueezeNet,0.9107,0.9083,0.878,0.9,0.9167
969,SqueezeNet,0.9107,0.8861,0.8276,0.8571,0.9286
970,SqueezeNet,0.9107,0.9024,0.8889,0.9091,0.9118
971,SqueezeNet,0.9464,0.9891,0.9143,1.0,0.925
972,SqueezeNet,0.9107,0.8906,0.8485,0.875,0.925
973,SqueezeNet,0.9464,0.9573,0.9231,0.9474,0.9459
974,SqueezeNet,0.9464,0.9915,0.9268,1.0,0.9189
975,SqueezeNet,0.9821,0.9955,0.9714,1.0,0.9744
976,SqueezeNet,0.9464,0.996,0.9388,1.0,0.9091
977,SqueezeNet,0.8929,0.9222,0.8571,0.9,0.8889
978,SqueezeNet,0.9643,0.9911,0.9286,1.0,0.9535
979,SqueezeNet,0.9643,0.9289,0.9444,0.8947,1.0
980,SqueezeNet,0.9643,0.9732,0.9643,0.9643,0.9643
981,SqueezeNet,0.9107,0.9332,0.8936,0.9545,0.8824
982,SqueezeNet,0.9821,0.9987,0.9796,1.0,0.9688
983,SqueezeNet,0.9107,0.9479,0.902,0.9583,0.875
984,SqueezeNet,0.8929,0.8319,0.8235,0.7778,0.9474
985,SqueezeNet,0.9464,0.9218,0.9189,0.8947,0.973
986,SqueezeNet,0.8929,0.8406,0.8125,0.8125,0.925
987,SqueezeNet,0.9643,0.9969,0.9412,1.0,0.95
988,SqueezeNet,0.9286,0.9759,0.8947,1.0,0.8974
989,SqueezeNet,0.8929,0.8778,0.85,0.85,0.9167
990,SqueezeNet,0.9643,0.9844,0.95,1.0,0.9459
991,SqueezeNet,0.9286,0.9551,0.9091,0.9524,0.9143
992,SqueezeNet,0.8929,0.8706,0.85,0.8947,0.8919
993,SqueezeNet,0.9643,0.9358,0.9524,0.9091,1.0
994,SqueezeNet,0.9107,0.872,0.8649,0.8421,0.9459
995,SqueezeNet,0.9643,0.9265,0.95,0.9048,1.0
996,SqueezeNet,1.0,1.0,1.0,1.0,1.0
997,SqueezeNet,0.9286,0.9187,0.875,0.9333,0.9268
998,SqueezeNet,0.9821,0.9972,0.9744,1.0,0.973
999,SqueezeNet,0.9286,0.9896,0.9231,1.0,0.875
1000,SqueezeNet,0.9464,0.9474,0.9189,0.9444,0.9474
1,SVM,0.9821,0.9792,0.9796,1.0,0.9688
2,SVM,0.9643,0.9599,0.9545,0.9545,0.9706
3,SVM,0.9821,0.9518,0.9714,0.9444,1.0
4,SVM,0.8929,0.6818,0.7273,0.6667,0.9545
5,SVM,0.9464,0.9487,0.9143,0.9412,0.9487
6,SVM,0.9464,0.9531,0.9231,0.9474,0.9459
7,SVM,0.9643,0.9464,0.9643,0.931,1.0
8,SVM,0.9464,0.9815,0.9268,1.0,0.9189
9,SVM,0.9464,0.9271,0.9362,0.9167,0.9688
10,SVM,0.9643,0.9829,0.9583,1.0,0.9394
11,SVM,0.9107,0.9129,0.8889,0.9524,0.8857
12,SVM,0.9821,0.963,0.973,0.9474,1.0
13,SVM,0.9643,0.9472,0.9412,0.9412,0.9744
14,SVM,0.9464,0.9592,0.9302,0.9524,0.9429
15,SVM,0.9107,0.9261,0.8649,0.9412,0.8974
16,SVM,0.9643,0.9336,0.9412,0.9412,0.9744
17,SVM,0.9643,0.9619,0.9524,0.9524,0.9714
18,SVM,0.9821,0.997,0.9714,1.0,0.9744
19,SVM,0.9107,0.8903,0.878,0.9,0.9167
20,SVM,0.9464,0.9117,0.9333,0.913,0.9697
21,SVM,0.9107,0.9303,0.878,0.9474,0.8919
22,SVM,0.8929,0.8378,0.8421,0.8421,0.9189
23,SVM,0.9286,0.9135,0.9333,0.9032,0.96
24,SVM,0.9643,0.9303,0.9583,0.92,1.0
25,SVM,0.9464,0.9439,0.9333,0.9545,0.9412
26,SVM,0.9821,0.9872,0.9744,1.0,0.973
27,SVM,0.9107,0.9249,0.898,0.9565,0.8788
28,SVM,0.9286,0.8857,0.9,0.8571,0.9714
29,SVM,0.9107,0.8862,0.8718,0.8947,0.9189
30,SVM,0.9821,0.9677,0.9796,0.96,1.0
31,SVM,0.9464,0.9458,0.9412,0.96,0.9355
32,SVM,0.9286,0.9072,0.8462,0.9167,0.9318
33,SVM,1.0,1.0,1.0,1.0,1.0
34,SVM,0.9464,0.9262,0.9333,0.913,0.9697
35,SVM,0.9464,0.9035,0.9091,0.8824,0.9744
36,SVM,0.9464,0.9331,0.9231,0.9474,0.9459
37,SVM,0.9107,0.8656,0.8889,0.8696,0.9394
38,SVM,0.9464,0.9603,0.9434,0.9615,0.9333
39,SVM,0.9286,0.936,0.9,0.9474,0.9189
40,SVM,0.9107,0.9518,0.902,0.9583,0.875
41,SVM,0.9107,0.8299,0.8718,0.8095,0.9714
42,SVM,0.9286,0.9,0.9,0.9,0.9444
43,SVM,0.9464,0.9203,0.9091,0.9375,0.95
44,SVM,0.9286,0.9819,0.9091,1.0,0.8889
45,SVM,0.9821,1.0,0.9697,1.0,0.975
46,SVM,0.9643,0.9619,0.9545,1.0,0.9429
47,SVM,0.9107,0.8966,0.8837,0.9048,0.9143
48,SVM,0.9286,0.8918,0.8889,0.8889,0.9474
49,SVM,0.9464,0.9772,0.9091,1.0,0.9268
50,SVM,0.8929,0.8626,0.8571,0.8571,0.9143
51,SVM,0.9464,0.9505,0.9388,0.9583,0.9375
52,SVM,0.9821,0.9942,0.973,1.0,0.9737
53,SVM,0.9821,0.985,0.9767,1.0,0.9714
54,SVM,0.9821,0.9559,0.9767,0.9545,1.0
55,SVM,0.9464,0.9497,0.9434,1.0,0.9032
56,SVM,1.0,1.0,1.0,1.0,1.0
57,SVM,0.9464,0.9562,0.9143,1.0,0.925
58,SVM,0.9643,0.9456,0.9524,0.9524,0.9714
59,SVM,0.9464,0.9518,0.9388,0.9583,0.9375
60,SVM,0.9464,0.9372,0.9492,0.9333,0.9615
61,SVM,0.9286,0.918,0.9167,0.9167,0.9375
62,SVM,0.9821,0.9837,0.9767,1.0,0.9714
63,SVM,0.9821,0.9532,0.9714,0.9444,1.0
64,SVM,0.9643,0.9556,0.95,0.95,0.9722
65,SVM,0.8929,0.8498,0.8696,0.8696,0.9091
66,SVM,1.0,1.0,1.0,1.0,1.0
67,SVM,0.9286,0.9034,0.9091,0.9524,0.9143
68,SVM,0.9286,0.9599,0.9167,1.0,0.8824
69,SVM,0.9286,0.902,0.9048,0.9048,0.9429
70,SVM,0.9107,0.9161,0.878,0.9474,0.8919
71,SVM,0.9286,0.8392,0.8824,0.8333,0.9737
72,SVM,0.9643,0.9622,0.9583,0.9583,0.9688
73,SVM,0.9643,0.9902,0.9375,1.0,0.9512
74,SVM,0.9643,1.0,0.9375,1.0,0.9512
75,SVM,0.8929,0.9141,0.88,0.9167,0.875
76,SVM,1.0,1.0,1.0,1.0,1.0
77,SVM,0.9643,0.9473,0.9565,0.9565,0.9697
78,SVM,0.9286,0.9559,0.913,0.9545,0.9118
79,SVM,0.9643,0.9635,0.96,1.0,0.9375
80,SVM,0.9286,0.9211,0.9091,0.9524,0.9143
81,SVM,0.9464,0.9431,0.9268,0.95,0.9444
82,SVM,0.9286,0.9479,0.92,0.9583,0.9062
83,SVM,0.9286,0.9394,0.9167,0.9565,0.9091
84,SVM,0.9464,0.9139,0.9268,0.95,0.9444
85,SVM,0.9643,0.9355,0.9583,0.92,1.0
86,SVM,0.9107,0.9225,0.8718,0.9444,0.8947
87,SVM,0.9643,0.9005,0.9375,0.8824,1.0
88,SVM,0.8929,0.8733,0.8333,0.8824,0.8974
89,SVM,0.9643,0.9487,0.9412,0.9412,0.9744
90,SVM,0.9464,0.8776,0.9231,0.8571,1.0
91,SVM,0.9821,0.9944,0.9756,1.0,0.9722
92,SVM,0.9643,0.9406,0.9375,0.9375,0.975
93,SVM,0.9643,0.9733,0.9565,1.0,0.9412
94,SVM,0.9643,0.9513,0.9565,0.9565,0.9697
95,SVM,0.9286,0.8917,0.9091,0.9091,0.9412
96,SVM,0.9286,0.9141,0.8824,0.9375,0.925
97,SVM,1.0,1.0,1.0,1.0,1.0
98,SVM,0.9464,0.9298,0.9189,0.9444,0.9474
99,SVM,0.9107,0.8757,0.8837,0.8636,0.9412
100,SVM,0.9107,0.9069,0.8837,0.95,0.8889
101,SVM,0.9643,0.9819,0.9524,1.0,0.9444
102,SVM,0.9821,0.9688,0.9787,0.9583,1.0
103,SVM,0.9821,0.9805,0.9796,1.0,0.9688
104,SVM,0.8929,0.8625,0.8235,0.875,0.9
105,SVM,0.9286,0.8984,0.9167,0.9167,0.9375
106,SVM,0.9464,0.9018,0.9189,0.8947,0.973
107,SVM,1.0,1.0,1.0,1.0,1.0
108,SVM,0.9643,0.9432,0.96,0.96,0.9677
109,SVM,0.9107,0.7898,0.7826,0.75,0.9545
110,SVM,0.9643,0.9801,0.95,1.0,0.9459
111,SVM,0.9643,0.9943,0.95,1.0,0.9459
112,SVM,0.9464,0.9232,0.9231,0.9474,0.9459
113,SVM,0.9821,0.9974,0.9804,1.0,0.9677
114,SVM,0.9821,0.9707,0.9818,0.9643,1.0
115,SVM,0.9643,0.9479,0.9583,0.9583,0.9688
116,SVM,0.9286,0.9389,0.9048,0.95,0.9167
117,SVM,0.9821,0.9687,0.9756,0.9524,1.0
118,SVM,0.8929,0.8972,0.8571,0.9,0.8889
119,SVM,0.9821,0.9971,0.973,1.0,0.9737
120,SVM,0.9643,0.9561,0.9444,0.9444,0.9737
121,SVM,0.9643,0.9545,0.9545,0.9545,0.9706
122,SVM,0.9821,0.9646,0.9756,0.9524,1.0
123,SVM,0.9107,0.8783,0.8837,0.8636,0.9412
124,SVM,0.9464,0.9152,0.9143,0.8889,0.9737
125,SVM,0.9107,0.92,0.9057,0.96,0.871
126,SVM,0.9286,0.917,0.9091,0.9524,0.9143
127,SVM,0.9643,0.9271,0.9565,0.9167,1.0
128,SVM,0.9464,0.9439,0.9333,0.9545,0.9412
129,SVM,0.9643,0.8947,0.9412,0.8889,1.0
130,SVM,0.9464,0.9502,0.9231,0.9474,0.9459
131,SVM,0.9286,0.9097,0.9,0.9,0.9444
132,SVM,0.9286,0.9183,0.913,0.913,0.9394
133,SVM,0.9643,0.9804,0.9444,1.0,0.9487
134,SVM,0.9286,0.9262,0.9167,0.9565,0.9091
135,SVM,0.9643,0.9688,0.96,1.0,0.9375
136,SVM,0.9643,0.9064,0.9412,0.8889,1.0
137,SVM,0.9643,0.9397,0.9412,0.9412,0.9744
138,SVM,0.9643,0.9969,0.9412,1.0,0.95
139,SVM,0.9107,0.9139,0.8889,1.0,0.8611
140,SVM,0.8929,0.8449,0.8571,0.8571,0.9143
141,SVM,0.9643,0.9367,0.9412,0.9412,0.9744
142,SVM,0.9464,0.8542,0.8696,0.8333,0.9773
143,SVM,0.9464,0.9323,0.9362,0.9167,0.9688
144,SVM,0.9286,0.9109,0.8824,0.9375,0.925
145,SVM,0.9464,0.9664,0.9231,1.0,0.9211
146,SVM,0.9464,0.9234,0.9091,0.9375,0.95
147,SVM,0.875,0.8677,0.8293,0.8947,0.8649
148,SVM,0.9286,0.8793,0.8824,0.8824,0.9487
149,SVM,0.8929,0.8363,0.8333,0.8333,0.9211
150,SVM,0.875,0.8562,0.8,0.875,0.875
151,SVM,0.8929,0.877,0.8696,0.9091,0.8824
152,SVM,0.9643,0.9802,0.9583,1.0,0.9394
153,SVM,0.9286,0.9219,0.8824,0.9375,0.925
154,SVM,0.8929,0.8603,0.8636,0.8261,0.9394
155,SVM,1.0,1.0,1.0,1.0,1.0
156,SVM,0.9821,0.9532,0.9697,0.9412,1.0
157,SVM,0.9286,0.9431,0.9048,1.0,0.8919
158,SVM,0.9286,0.9246,0.9,0.9474,0.9189
159,SVM,0.9821,0.9864,0.9714,1.0,0.9744
160,SVM,0.9464,0.9431,0.9268,0.95,0.9444
161,SVM,0.9464,0.9483,0.9302,0.9524,0.9429
162,SVM,0.9821,0.9847,0.9655,1.0,0.9762
163,SVM,1.0,1.0,1.0,1.0,1.0
164,SVM,0.9643,0.981,0.9545,1.0,0.9429
165,SVM,0.875,0.8422,0.8372,0.8571,0.8857
166,SVM,0.9643,0.9487,0.9412,0.9412,0.9744
167,SVM,0.9286,0.8515,0.8462,0.8462,0.9535
168,SVM,0.9643,0.9262,0.9545,0.913,1.0
169,SVM,0.9107,0.9319,0.8837,0.95,0.8889
170,SVM,0.9107,0.7724,0.8148,0.7333,0.9756
171,SVM,0.9107,0.9111,0.8837,0.95,0.8889
172,SVM,0.9464,0.9622,0.9412,1.0,0.9062
173,SVM,0.9643,0.9386,0.9444,0.9444,0.9737
174,SVM,0.9464,0.9252,0.9268,0.9048,0.9714
175,SVM,0.9286,0.9653,0.9091,1.0,0.8889
176,SVM,0.9643,0.9505,0.9583,0.9583,0.9688
177,SVM,0.8929,0.9138,0.8235,0.9333,0.878
178,SVM,0.9643,0.9118,0.9444,0.8947,1.0
179,SVM,0.9821,0.9644,0.9778,0.9565,1.0
180,SVM,0.9643,0.9469,0.9375,0.9375,0.975
181,SVM,0.9643,0.9569,0.95,0.95,0.9722
182,SVM,0.9286,0.9258,0.92,0.9583,0.9062
183,SVM,0.9643,0.9526,0.9565,0.9565,0.9697
184,SVM,1.0,1.0,1.0,1.0,1.0
185,SVM,0.9464,0.9298,0.9189,0.9444,0.9474
186,SVM,0.9643,0.992,0.9565,1.0,0.9412
187,SVM,0.9286,0.9375,0.9048,0.95,0.9167
188,SVM,0.9643,0.9531,0.9474,0.9474,0.973
189,SVM,0.9643,0.9524,0.9524,0.9524,0.9714
190,SVM,0.9286,0.8916,0.92,0.92,0.9355
191,SVM,0.9821,0.9936,0.9811,1.0,0.9667
192,SVM,0.9464,0.9573,0.9268,1.0,0.9189
193,SVM,0.9643,0.9385,0.96,0.9231,1.0
194,SVM,0.9643,0.9453,0.9583,0.9583,0.9688
195,SVM,0.9464,0.9381,0.9362,0.9565,0.9394
196,SVM,0.9464,0.9298,0.9474,0.931,0.963
197,SVM,0.9643,0.9796,0.9333,1.0,0.9524
198,SVM,0.8929,0.9144,0.8696,0.9091,0.8824
199,SVM,0.9464,0.9774,0.9189,1.0,0.9231
200,SVM,0.9643,0.9805,0.9375,1.0,0.9512
201,SVM,0.9464,0.9412,0.9333,0.9545,0.9412
202,SVM,0.9286,0.8549,0.8889,0.8421,0.973
203,SVM,0.9107,0.8933,0.878,0.9474,0.8919
204,SVM,0.9821,0.9918,0.9767,1.0,0.9714
205,SVM,0.9464,0.9578,0.9333,1.0,0.9143
206,SVM,0.9107,0.9083,0.8837,0.95,0.8889
207,SVM,0.9464,0.917,0.9333,0.913,0.9697
208,SVM,0.9286,0.8977,0.8889,0.8889,0.9474
209,SVM,0.9821,0.9837,0.9677,1.0,0.9756
210,SVM,0.875,0.8125,0.8205,0.8,0.9167
211,SVM,0.8929,0.8569,0.7857,0.8462,0.907
212,SVM,0.9286,0.9579,0.9333,0.9655,0.8889
213,SVM,0.9286,0.9246,0.9,0.9474,0.9189
214,SVM,0.9643,0.9847,0.9333,1.0,0.9524
215,SVM,0.9286,0.9007,0.9048,0.9048,0.9429
216,SVM,0.9286,0.9034,0.9048,0.9048,0.9429
217,SVM,0.9107,0.9281,0.8571,0.9375,0.9
218,SVM,0.9643,0.981,0.9545,1.0,0.9429
219,SVM,0.9286,0.8841,0.9091,0.8696,0.9697
220,SVM,1.0,1.0,1.0,1.0,1.0
221,SVM,0.9464,0.8163,0.88,0.7857,1.0
222,SVM,0.9821,0.9561,0.9714,0.9444,1.0
223,SVM,0.9643,0.9722,0.9524,1.0,0.9444
224,SVM,0.9821,0.9635,0.9787,0.9583,1.0
225,SVM,0.8929,0.869,0.8636,0.8636,0.9118
226,SVM,0.9464,0.9795,0.9231,1.0,0.9211
227,SVM,0.9464,0.9206,0.9362,0.9167,0.9688
228,SVM,0.9464,0.9361,0.9302,0.9524,0.9429
229,SVM,0.9464,0.9125,0.9231,0.9,0.9722
230,SVM,0.9643,0.9269,0.9412,0.8889,1.0
231,SVM,0.9107,0.9276,0.8649,0.9412,0.8974
232,SVM,0.9643,0.9667,0.9615,0.9615,0.9667
233,SVM,0.9464,0.9452,0.9333,0.9545,0.9412
234,SVM,0.9821,0.9819,0.9714,1.0,0.9744
235,SVM,0.9464,0.9374,0.9231,0.9474,0.9459
236,SVM,0.8929,0.8676,0.8636,0.8636,0.9118
237,SVM,0.9464,0.9701,0.9268,1.0,0.9189
238,SVM,0.9464,0.9786,0.9362,1.0,0.9118
239,SVM,0.8929,0.8649,0.85,0.8947,0.8919
240,SVM,0.9286,0.9371,0.8947,0.9444,0.9211
241,SVM,0.9464,0.9,0.9189,0.85,1.0
242,SVM,0.9643,0.9792,0.9524,1.0,0.9444
243,SVM,0.9643,0.9922,0.9412,1.0,0.95
244,SVM,0.9643,0.9286,0.9286,0.9286,0.9762
245,SVM,0.9643,0.9763,0.9583,1.0,0.9394
246,SVM,0.9821,0.9839,0.973,1.0,0.9737
247,SVM,0.9464,0.9694,0.9032,1.0,0.9286
248,SVM,0.9286,0.9219,0.8824,0.9375,0.925
249,SVM,0.9286,0.8986,0.9,0.9,0.9444
250,SVM,0.8929,0.9205,0.8889,0.9231,0.8667
251,SVM,0.9643,0.9471,0.96,0.96,0.9677
252,SVM,0.9643,0.9406,0.9375,0.9375,0.975
253,SVM,0.9286,0.8903,0.9,0.9,0.9444
254,SVM,0.8929,0.8639,0.8,0.8571,0.9048
255,SVM,1.0,1.0,1.0,1.0,1.0
256,SVM,0.9643,0.9479,0.9583,0.9583,0.9688
257,SVM,0.9107,0.9602,0.8276,1.0,0.8864
258,SVM,0.9464,0.9583,0.9302,1.0,0.9167
259,SVM,0.9464,0.9069,0.9231,0.9,0.9722
260,SVM,0.9286,0.8976,0.8947,0.8947,0.9459
261,SVM,0.9821,0.9936,0.9836,1.0,0.9615
262,SVM,0.9286,0.9729,0.8947,1.0,0.8974
263,SVM,0.9821,0.9845,0.9804,1.0,0.9677
264,SVM,0.8929,0.8506,0.8421,0.8421,0.9189
265,SVM,0.9107,0.875,0.8936,0.875,0.9375
266,SVM,0.9464,0.9187,0.9091,0.9375,0.95
267,SVM,0.9643,0.9401,0.9444,0.9444,0.9737
268,SVM,0.9286,0.9129,0.8462,0.9167,0.9318
269,SVM,0.9464,0.9183,0.9333,0.913,0.9697
270,SVM,0.9464,0.9626,0.9091,1.0,0.9268
271,SVM,0.9464,0.9195,0.9474,0.931,0.963
272,SVM,0.9464,0.8844,0.9032,0.875,0.975
273,SVM,0.9464,0.9116,0.9268,0.9048,0.9714
274,SVM,0.9464,0.9427,0.9388,0.9583,0.9375
275,SVM,0.9107,0.9129,0.8889,0.9524,0.8857
276,SVM,0.9464,0.9306,0.9143,0.9412,0.9487
277,SVM,0.9821,0.9707,0.9818,0.9643,1.0
278,SVM,0.9821,0.9949,0.9836,1.0,0.9615
279,SVM,0.9107,0.9313,0.8718,0.9444,0.8947
280,SVM,0.9464,0.9181,0.9268,0.95,0.9444
281,SVM,0.8929,0.9049,0.88,0.9167,0.875
282,SVM,0.9643,0.9548,0.96,0.96,0.9677
283,SVM,0.9286,0.9736,0.92,1.0,0.8788
284,SVM,0.9286,0.9244,0.9231,0.9231,0.9333
285,SVM,0.9821,0.9858,0.9744,1.0,0.973
286,SVM,0.9464,0.9252,0.9302,0.9524,0.9429
287,SVM,0.9107,0.8884,0.8837,0.9048,0.9143
288,SVM,0.9821,0.9927,0.973,1.0,0.9737
289,SVM,0.9821,0.9597,0.9744,0.95,1.0
290,SVM,0.9464,0.9736,0.9302,1.0,0.9167
291,SVM,0.9643,0.9785,0.9286,1.0,0.9535
292,SVM,0.9464,0.9306,0.9143,0.9412,0.9487
293,SVM,0.9643,0.9701,0.9545,1.0,0.9429
294,SVM,0.8929,0.8743,0.8421,0.8889,0.8947
295,SVM,0.9107,0.9346,0.878,0.9474,0.8919
296,SVM,0.9464,0.929,0.9388,0.92,0.9677
297,SVM,0.9821,0.9556,0.9744,0.95,1.0
298,SVM,0.9286,0.9673,0.913,1.0,0.8857
299,SVM,0.9107,0.9277,0.9057,0.96,0.871
300,SVM,0.9464,0.9797,0.9143,1.0,0.925
301,SVM,0.8929,0.861,0.8696,0.9091,0.8824
302,SVM,0.9643,0.9759,0.9565,1.0,0.9412
303,SVM,0.9286,0.8861,0.9,0.9,0.9444
304,SVM,0.9821,0.9834,0.9714,1.0,0.9744
305,SVM,0.9107,0.9265,0.8936,0.9545,0.8824
306,SVM,0.9821,0.9597,0.9744,0.95,1.0
307,SVM,0.9643,0.9401,0.9524,0.9524,0.9714
308,SVM,0.9821,0.9956,0.973,1.0,0.9737
309,SVM,0.9464,0.9078,0.9333,0.913,0.9697
310,SVM,0.9464,0.9367,0.9143,0.9412,0.9487
311,SVM,0.8929,0.9184,0.8696,0.9524,0.8571
312,SVM,0.9464,0.9767,0.8966,1.0,0.9302
313,SVM,1.0,1.0,1.0,1.0,1.0
314,SVM,0.9821,0.9626,0.9767,0.9545,1.0
315,SVM,0.9821,0.9512,0.9655,0.9333,1.0
316,SVM,0.9286,0.9497,0.9091,0.9524,0.9143
317,SVM,0.9464,0.935,0.9032,0.9333,0.9512
318,SVM,0.9464,0.8937,0.9032,0.875,0.975
319,SVM,0.9643,1.0,0.9565,1.0,0.9412
320,SVM,1.0,1.0,1.0,1.0,1.0
321,SVM,0.9464,0.9071,0.9388,0.92,0.9677
322,SVM,1.0,1.0,1.0,1.0,1.0
323,SVM,0.9643,0.9359,0.9375,0.9375,0.975
324,SVM,0.9643,0.9565,0.9565,0.9565,0.9697
325,SVM,0.9643,0.9847,0.9333,1.0,0.9524
326,SVM,0.9821,0.996,0.9778,1.0,0.9706
327,SVM,0.875,0.8699,0.8205,0.8889,0.8684
328,SVM,0.9464,0.9333,0.9268,0.95,0.9444
329,SVM,0.9464,0.9403,0.9268,0.95,0.9444
330,SVM,0.9643,0.9825,0.9474,1.0,0.9474
331,SVM,0.8929,0.867,0.8421,0.8889,0.8947
332,SVM,0.9107,0.9696,0.8387,1.0,0.8837
333,SVM,0.9286,0.9372,0.913,0.9545,0.9118
334,SVM,0.9643,0.9349,0.9565,0.9167,1.0
335,SVM,0.9821,0.9563,0.9697,0.9412,1.0
336,SVM,0.9643,0.9464,0.9643,0.931,1.0
337,SVM,0.9286,0.8667,0.8947,0.85,0.9722
338,SVM,0.9464,0.9366,0.9032,0.9333,0.9512
339,SVM,0.9821,0.9918,0.9767,1.0,0.9714
340,SVM,0.9286,0.9732,0.8667,1.0,0.907
341,SVM,0.9286,0.8974,0.8824,0.8824,0.9487
342,SVM,0.9286,0.9259,0.931,1.0,0.8621
343,SVM,0.9286,0.8869,0.8333,0.9091,0.9333
344,SVM,0.8929,0.8854,0.8696,0.8696,0.9091
345,SVM,0.875,0.7469,0.7586,0.6875,0.95
346,SVM,0.9643,0.9386,0.9444,0.9444,0.9737
347,SVM,0.9286,0.8844,0.875,0.875,0.95
348,SVM,0.9464,0.9672,0.9143,1.0,0.925
349,SVM,0.9286,0.9374,0.9091,0.9524,0.9143
350,SVM,0.9107,0.8639,0.878,0.8571,0.9429
351,SVM,0.9286,0.9472,0.9048,0.95,0.9167
352,SVM,0.9286,0.9203,0.9,0.9474,0.9189
353,SVM,0.9286,0.8676,0.8462,0.8462,0.9535
354,SVM,0.9643,0.9906,0.9412,1.0,0.95
355,SVM,0.875,0.8953,0.8108,0.9375,0.85
356,SVM,0.9107,0.8558,0.878,0.8571,0.9429
357,SVM,0.9464,0.9323,0.9455,0.963,0.931
358,SVM,0.9643,0.9694,0.9524,1.0,0.9444
359,SVM,0.9464,0.8859,0.9032,0.875,0.975
360,SVM,0.9286,0.9414,0.92,0.9583,0.9062
361,SVM,1.0,1.0,1.0,1.0,1.0
362,SVM,0.9286,0.9203,0.875,0.9333,0.9268
363,SVM,0.9821,0.997,0.9714,1.0,0.9744
364,SVM,1.0,1.0,1.0,1.0,1.0
365,SVM,0.9286,0.962,0.9,1.0,0.8947
366,SVM,0.9464,0.9298,0.9189,0.9444,0.9474
367,SVM,0.9464,0.9728,0.9333,1.0,0.9143
368,SVM,0.9821,0.9826,0.9778,1.0,0.9706
369,SVM,0.9643,0.9118,0.9444,0.8947,1.0
370,SVM,0.9643,0.9519,0.9545,0.9545,0.9706
371,SVM,0.9107,0.9102,0.898,0.9167,0.9062
372,SVM,0.9643,0.9303,0.9286,0.9286,0.9762
373,SVM,0.9286,0.8691,0.8947,0.8947,0.9459
374,SVM,0.875,0.8743,0.8571,0.9545,0.8235
375,SVM,0.875,0.8538,0.8205,0.8889,0.8684
376,SVM,0.9464,0.9238,0.9302,0.9091,0.9706
377,SVM,0.9286,0.9528,0.8824,1.0,0.9024
378,SVM,0.9464,0.9444,0.9189,0.9444,0.9474
379,SVM,0.9643,0.9938,0.9412,1.0,0.95
380,SVM,0.9464,0.9221,0.9434,0.9259,0.9655
381,SVM,0.9107,0.8814,0.8936,0.913,0.9091
382,SVM,0.9643,0.9415,0.9524,0.9524,0.9714
383,SVM,0.9643,0.9972,0.95,1.0,0.9459
384,SVM,0.9643,0.9854,0.9474,1.0,0.9474
385,SVM,0.9643,0.9513,0.9565,0.9565,0.9697
386,SVM,0.9464,0.9612,0.9362,1.0,0.9118
387,SVM,0.9643,0.9733,0.9565,1.0,0.9412
388,SVM,0.9464,0.9223,0.9333,0.913,0.9697
389,SVM,0.9643,0.9755,0.9545,1.0,0.9429
390,SVM,1.0,1.0,1.0,1.0,1.0
391,SVM,0.9107,0.8234,0.8387,0.8125,0.95
392,SVM,0.9464,0.9701,0.9333,1.0,0.9143
393,SVM,0.9821,0.9823,0.9767,1.0,0.9714
394,SVM,0.9643,0.9943,0.95,1.0,0.9459
395,SVM,0.9464,0.9591,0.9474,1.0,0.8966
396,SVM,0.9464,0.9206,0.9362,0.9167,0.9688
397,SVM,0.9107,0.8509,0.8571,0.8333,0.9474
398,SVM,0.9286,0.8735,0.9091,0.8696,0.9697
399,SVM,0.9464,0.9644,0.9388,1.0,0.9091
400,SVM,0.9464,0.9518,0.9388,0.9583,0.9375
401,SVM,0.9464,0.9445,0.9412,0.96,0.9355
402,SVM,0.9286,0.935,0.875,0.9333,0.9268
403,SVM,0.9643,0.9566,0.9643,0.931,1.0
404,SVM,1.0,1.0,1.0,1.0,1.0
405,SVM,0.8929,0.8389,0.85,0.85,0.9167
406,SVM,0.8929,0.8109,0.8125,0.8125,0.925
407,SVM,0.9464,0.9881,0.9032,1.0,0.9286
408,SVM,0.9107,0.9088,0.8837,0.9048,0.9143
409,SVM,0.9286,0.9374,0.9,0.9474,0.9189
410,SVM,0.9286,0.8639,0.8947,0.85,0.9722
411,SVM,0.9107,0.9483,0.8936,1.0,0.8571
412,SVM,0.9643,0.9484,0.9677,0.9677,0.96
413,SVM,0.9643,0.9906,0.9412,1.0,0.95
414,SVM,0.9643,0.9389,0.95,0.95,0.9722
415,SVM,0.9286,0.8806,0.9,0.9,0.9444
416,SVM,0.9643,0.9885,0.963,1.0,0.9333
417,SVM,0.875,0.9167,0.8293,0.9444,0.8421
418,SVM,0.9464,0.9528,0.9474,0.9643,0.9286
419,SVM,1.0,1.0,1.0,1.0,1.0
420,SVM,0.9821,0.9969,0.9697,1.0,0.975
421,SVM,0.9643,0.9942,0.9474,1.0,0.9474
422,SVM,0.9643,0.9474,0.9444,0.9444,0.9737
423,SVM,0.9643,0.9837,0.9545,1.0,0.9429
424,SVM,0.9286,0.9234,0.8824,0.9375,0.925
425,SVM,0.9464,0.9224,0.9268,0.9048,0.9714
426,SVM,0.9643,0.9886,0.9375,1.0,0.9512
427,SVM,1.0,1.0,1.0,1.0,1.0
428,SVM,0.9286,0.9329,0.92,0.92,0.9355
429,SVM,0.9464,0.9795,0.9231,1.0,0.9211
430,SVM,0.9464,0.9736,0.9302,1.0,0.9167
431,SVM,0.9821,0.9844,0.9744,1.0,0.973
432,SVM,0.9821,0.969,0.9796,0.96,1.0
433,SVM,0.9286,0.8465,0.8824,0.8333,0.9737
434,SVM,0.9643,0.9305,0.9524,0.9091,1.0
435,SVM,1.0,1.0,1.0,1.0,1.0
436,SVM,0.9643,0.9245,0.9565,0.9167,1.0
437,SVM,0.9107,0.9078,0.8936,0.913,0.9091
438,SVM,0.8929,0.8222,0.8421,0.8,0.9444
439,SVM,0.9286,0.9503,0.8947,0.9444,0.9211
440,SVM,0.9643,0.9412,0.9412,0.9412,0.9744
441,SVM,0.8929,0.7909,0.8235,0.7778,0.9474
442,SVM,0.9464,0.9459,0.9231,0.9474,0.9459
443,SVM,0.9643,0.9868,0.9583,1.0,0.9394
444,SVM,0.875,0.8122,0.8205,0.8421,0.8919
445,SVM,0.9107,0.9153,0.8837,0.95,0.8889
446,SVM,0.9107,0.9332,0.8936,0.9545,0.8824
447,SVM,0.9643,0.9474,0.9474,0.9474,0.973
448,SVM,0.8929,0.8498,0.8696,0.8696,0.9091
449,SVM,0.9464,0.9479,0.9333,0.9545,0.9412
450,SVM,0.9643,0.9845,0.9615,1.0,0.9355
451,SVM,0.9286,0.8722,0.9,0.9,0.9444
452,SVM,0.9643,0.951,0.9524,0.9524,0.9714
453,SVM,0.9643,0.9354,0.9286,0.9286,0.9762
454,SVM,0.9286,0.9303,0.9,0.9474,0.9189
455,SVM,0.9643,0.9864,0.9444,1.0,0.9487
456,SVM,0.9286,0.9284,0.8947,0.9444,0.9211
457,SVM,0.9643,0.9912,0.9474,1.0,0.9474
458,SVM,0.9464,0.9623,0.9189,1.0,0.9231
459,SVM,0.9643,0.9487,0.9412,0.9412,0.9744
460,SVM,0.9464,0.9152,0.9189,0.9444,0.9474
461,SVM,0.9643,0.9745,0.9643,1.0,0.931
462,SVM,0.9464,0.9706,0.9362,1.0,0.9118
463,SVM,0.9286,0.9236,0.913,0.913,0.9394
464,SVM,0.9464,0.9526,0.9362,0.9565,0.9394
465,SVM,0.9107,0.9179,0.918,0.9333,0.8846
466,SVM,0.9821,0.9883,0.973,1.0,0.9737
467,SVM,0.9821,1.0,0.9565,1.0,0.9778
468,SVM,0.9286,0.974,0.8824,1.0,0.9024
469,SVM,0.9643,0.9033,0.9444,0.8947,1.0
470,SVM,0.9821,0.9959,0.9767,1.0,0.9714
471,SVM,0.875,0.917,0.8205,0.9412,0.8462
472,SVM,0.9464,0.9357,0.9189,0.9444,0.9474
473,SVM,1.0,1.0,1.0,1.0,1.0
474,SVM,0.9107,0.9303,0.878,0.9474,0.8919
475,SVM,0.9464,0.9499,0.9362,0.9565,0.9394
476,SVM,0.9286,0.9297,0.8824,0.9375,0.925
477,SVM,0.9286,0.9201,0.8889,0.9412,0.9231
478,SVM,0.9286,0.9532,0.9,1.0,0.8947
479,SVM,0.9107,0.8735,0.878,0.8571,0.9429
480,SVM,0.9107,0.9206,0.898,0.9167,0.9062
481,SVM,0.9107,0.9131,0.8936,0.9545,0.8824
482,SVM,0.9464,0.943,0.9231,1.0,0.9211
483,SVM,0.9821,0.9431,0.9655,0.9333,1.0
484,SVM,0.9821,0.9583,0.9744,0.95,1.0
485,SVM,0.9643,0.9819,0.9615,1.0,0.9355
486,SVM,0.9107,0.8757,0.8837,0.8636,0.9412
487,SVM,1.0,1.0,1.0,1.0,1.0
488,SVM,0.9107,0.8684,0.898,0.88,0.9355
489,SVM,0.9107,0.9123,0.8718,0.9444,0.8947
490,SVM,0.9821,0.9943,0.9744,1.0,0.973
491,SVM,0.9643,0.9583,0.96,1.0,0.9375
492,SVM,0.9821,0.9879,0.9714,1.0,0.9744
493,SVM,0.9464,0.8974,0.9091,0.8824,0.9744
494,SVM,0.9821,0.987,0.9677,1.0,0.9756
495,SVM,0.9107,0.9,0.8837,0.95,0.8889
496,SVM,0.9821,0.9868,0.973,1.0,0.9737
497,SVM,0.9464,0.9864,0.9189,1.0,0.9231
498,SVM,0.9464,0.9486,0.9268,0.95,0.9444
499,SVM,0.9286,0.9,0.9,0.9,0.9444
500,SVM,0.9107,0.9144,0.8889,0.9091,0.9118
501,SVM,0.9464,0.9484,0.9412,0.96,0.9355
502,SVM,0.9821,0.9955,0.9714,1.0,0.9744
503,SVM,0.8929,0.8707,0.8,0.8571,0.9048
504,SVM,0.8571,0.8875,0.7895,0.9375,0.825
505,SVM,0.9464,0.9667,0.9302,1.0,0.9167
506,SVM,0.9643,0.9499,0.9565,0.9565,0.9697
507,SVM,0.9464,0.9837,0.9091,1.0,0.9268
508,SVM,0.9464,0.9321,0.9143,0.9412,0.9487
509,SVM,1.0,1.0,1.0,1.0,1.0
510,SVM,0.9643,0.9915,0.95,1.0,0.9459
511,SVM,0.875,0.8431,0.8108,0.8824,0.8718
512,SVM,0.9286,0.9578,0.8947,1.0,0.8974
513,SVM,0.9107,0.8009,0.8571,0.7895,0.973
514,SVM,0.9464,0.9541,0.9032,1.0,0.9286
515,SVM,0.9286,0.8571,0.8571,0.8571,0.9524
516,SVM,0.9464,0.9354,0.8966,0.9286,0.9524
517,SVM,0.9464,0.9447,0.9362,0.9565,0.9394
518,SVM,0.9821,0.9545,0.973,0.9474,1.0
519,SVM,0.9643,0.9391,0.9375,0.9375,0.975
520,SVM,0.9821,0.9573,0.973,0.9474,1.0
521,SVM,0.9286,0.9578,0.8889,1.0,0.9
522,SVM,0.9643,0.9839,0.9474,1.0,0.9474
523,SVM,0.9286,0.872,0.8889,0.8421,0.973
524,SVM,0.9464,0.8421,0.9091,0.8333,1.0
525,SVM,0.9464,0.9152,0.8696,0.9091,0.9556
526,SVM,0.9107,0.9234,0.8571,0.9375,0.9
527,SVM,0.9286,0.9654,0.9286,1.0,0.8667
528,SVM,0.9821,0.9818,0.9796,1.0,0.9688
529,SVM,0.8571,0.8347,0.8095,0.85,0.8611
530,SVM,0.9464,0.9004,0.9189,0.8947,0.973
531,SVM,0.9643,0.9668,0.9643,0.9643,0.9643
532,SVM,0.9643,0.9707,0.9375,1.0,0.9512
533,SVM,0.9821,0.9943,0.9744,1.0,0.973
534,SVM,0.9107,0.9062,0.8571,0.9375,0.9
535,SVM,0.9464,0.9829,0.9268,1.0,0.9189
536,SVM,0.9464,0.9878,0.9333,1.0,0.9143
537,SVM,0.9821,0.9878,0.9767,1.0,0.9714
538,SVM,0.9821,0.9718,0.9831,0.9667,1.0
539,SVM,0.9821,0.9559,0.973,0.9474,1.0
540,SVM,1.0,1.0,1.0,1.0,1.0
541,SVM,0.9643,0.9542,0.95,0.95,0.9722
542,SVM,0.9464,0.9946,0.8966,1.0,0.9302
543,SVM,0.9286,0.9659,0.9048,1.0,0.8919
544,SVM,1.0,1.0,1.0,1.0,1.0
545,SVM,1.0,1.0,1.0,1.0,1.0
546,SVM,0.9464,0.8918,0.9143,0.8889,0.9737
547,SVM,0.9464,0.9531,0.9231,0.9474,0.9459
548,SVM,0.8929,0.8208,0.8421,0.8421,0.9189
549,SVM,0.9464,0.9401,0.9388,0.9583,0.9375
550,SVM,0.9643,0.9438,0.9615,0.9259,1.0
551,SVM,0.9643,0.9789,0.9375,1.0,0.9512
552,SVM,0.9286,0.9366,0.875,0.9333,0.9268
553,SVM,0.9821,0.9859,0.9697,1.0,0.975
554,SVM,0.9286,0.946,0.9167,0.9565,0.9091
555,SVM,0.9464,0.9333,0.9268,0.95,0.9444
556,SVM,0.9107,0.9051,0.8889,0.9091,0.9118
557,SVM,0.9464,0.899,0.9189,0.8947,0.973
558,SVM,0.9286,0.8834,0.8947,0.8947,0.9459
559,SVM,0.9643,0.9541,0.9643,0.9643,0.9643
560,SVM,1.0,1.0,1.0,1.0,1.0
561,SVM,0.9464,0.9048,0.9268,0.9048,0.9714
562,SVM,0.9464,0.9088,0.9268,0.9048,0.9714
563,SVM,0.9821,0.9542,0.9744,0.95,1.0
564,SVM,0.9643,0.9864,0.9444,1.0,0.9487
565,SVM,0.875,0.8816,0.8205,0.8889,0.8684
566,SVM,0.9464,0.9337,0.8966,0.9286,0.9524
567,SVM,0.9286,0.9261,0.8889,0.9412,0.9231
568,SVM,0.9286,0.9649,0.9,1.0,0.8947
569,SVM,0.9464,0.9064,0.9143,0.8889,0.9737
570,SVM,0.9107,0.905,0.8718,0.9444,0.8947
571,SVM,0.9643,0.983,0.9333,1.0,0.9524
572,SVM,0.9464,0.9347,0.9268,0.95,0.9444
573,SVM,0.9821,0.981,0.9767,1.0,0.9714
574,SVM,0.9464,0.9333,0.9268,0.95,0.9444
575,SVM,1.0,1.0,1.0,1.0,1.0
576,SVM,0.9286,0.9232,0.92,0.9583,0.9062
577,SVM,0.9821,0.9804,0.9714,1.0,0.9744
578,SVM,0.9643,0.9386,0.9444,0.9444,0.9737
579,SVM,0.9286,0.9792,0.9231,1.0,0.875
580,SVM,0.875,0.7497,0.8108,0.7143,0.9714
581,SVM,0.9821,0.9531,0.973,0.9474,1.0
582,SVM,0.9464,0.9333,0.9268,0.95,0.9444
583,SVM,0.9286,0.9722,0.9,1.0,0.8947
584,SVM,0.9286,0.9316,0.9231,0.96,0.9032
585,SVM,0.9643,0.9792,0.96,1.0,0.9375
586,SVM,0.9821,0.9531,0.973,0.9474,1.0
587,SVM,0.9464,0.9594,0.9143,1.0,0.925
588,SVM,0.9107,0.9677,0.8485,1.0,0.881
589,SVM,0.9286,0.9398,0.913,0.9545,0.9118
590,SVM,0.9643,0.9415,0.9444,0.9444,0.9737
591,SVM,0.9464,0.9497,0.9333,1.0,0.9143
592,SVM,0.9821,0.9971,0.973,1.0,0.9737
593,SVM,0.9643,0.9813,0.9333,1.0,0.9524
594,SVM,0.9286,0.8814,0.913,0.913,0.9394
595,SVM,0.9286,0.9155,0.8824,0.8824,0.9487
596,SVM,0.9821,0.9942,0.973,1.0,0.9737
597,SVM,0.9643,0.9602,0.95,1.0,0.9459
598,SVM,0.9464,0.9167,0.9268,0.95,0.9444
599,SVM,0.9643,0.9301,0.9333,0.9333,0.9756
600,SVM,0.9464,0.9158,0.9302,0.9091,0.9706
601,SVM,0.9643,0.9891,0.9545,1.0,0.9429
602,SVM,0.8929,0.9141,0.88,0.9167,0.875
603,SVM,0.9643,0.9652,0.9565,1.0,0.9412
604,SVM,0.9643,0.9542,0.95,0.95,0.9722
605,SVM,0.9643,0.9674,0.96,1.0,0.9375
606,SVM,0.9286,0.8793,0.8824,0.8824,0.9487
607,SVM,0.9286,0.9246,0.8889,0.9412,0.9231
608,SVM,0.9464,0.9372,0.9333,0.9545,0.9412
609,SVM,0.9821,0.9961,0.9796,1.0,0.9688
610,SVM,0.9286,0.925,0.8824,0.9375,0.925
611,SVM,0.9464,0.9708,0.9302,1.0,0.9167
612,SVM,0.9821,0.9665,0.9796,0.96,1.0
613,SVM,0.9464,0.9327,0.9189,0.9444,0.9474
614,SVM,0.8571,0.8244,0.8462,0.8462,0.8667
615,SVM,0.9286,0.9291,0.8889,0.9412,0.9231
616,SVM,0.9286,0.8972,0.9,0.9,0.9444
617,SVM,0.9464,0.9158,0.9302,0.9091,0.9706
618,SVM,0.9464,0.936,0.9231,0.9474,0.9459
619,SVM,0.9643,0.9572,0.9565,1.0,0.9412
620,SVM,0.9821,0.9912,0.973,1.0,0.9737
621,SVM,0.9821,0.9969,0.9697,1.0,0.975
622,SVM,0.9821,0.9548,0.9697,0.9412,1.0
623,SVM,0.8929,0.8878,0.8,0.8571,0.9048
624,SVM,0.9286,0.9035,0.8889,0.8889,0.9474
625,SVM,0.9107,0.9171,0.8936,0.9545,0.8824
626,SVM,0.9643,0.9736,0.9524,1.0,0.9444
627,SVM,0.9464,0.9321,0.9412,0.9231,0.9667
628,SVM,0.9464,0.9716,0.9434,1.0,0.9032
629,SVM,0.9464,0.95,0.9268,0.95,0.9444
630,SVM,0.9821,0.9665,0.9796,0.96,1.0
631,SVM,0.9643,0.9005,0.9375,0.8824,1.0
632,SVM,0.9464,0.8958,0.9231,0.9,0.9722
633,SVM,0.9464,0.9064,0.9302,0.9091,0.9706
634,SVM,0.9643,0.9821,0.9375,1.0,0.9512
635,SVM,0.9286,0.8625,0.875,0.875,0.95
636,SVM,0.9464,0.9471,0.9412,0.96,0.9355
637,SVM,0.9464,0.9797,0.9143,1.0,0.925
638,SVM,1.0,1.0,1.0,1.0,1.0
639,SVM,0.9107,0.8653,0.8718,0.85,0.9444
640,SVM,1.0,1.0,1.0,1.0,1.0
641,SVM,0.9286,0.8984,0.9091,0.9091,0.9412
642,SVM,0.9107,0.9249,0.8276,0.9231,0.907
643,SVM,0.9643,0.9626,0.9545,0.9545,0.9706
644,SVM,0.9821,0.9439,0.963,0.9286,1.0
645,SVM,1.0,1.0,1.0,1.0,1.0
646,SVM,0.9107,0.8905,0.8718,0.8947,0.9189
647,SVM,0.9643,0.971,0.9583,1.0,0.9394
648,SVM,0.9286,0.9361,0.9048,0.95,0.9167
649,SVM,0.9286,0.8984,0.9091,0.9091,0.9412
650,SVM,0.9464,0.9278,0.9302,0.9091,0.9706
651,SVM,0.9464,0.9714,0.8966,1.0,0.9302
652,SVM,0.9464,0.9298,0.9189,0.9444,0.9474
653,SVM,0.9643,0.936,0.9474,0.9474,0.973
654,SVM,0.9464,0.9547,0.9231,1.0,0.9211
655,SVM,0.9286,0.8854,0.8824,0.8824,0.9487
656,SVM,0.9286,0.9224,0.9091,0.9524,0.9143
657,SVM,0.9821,0.996,0.9787,1.0,0.9697
658,SVM,1.0,1.0,1.0,1.0,1.0
659,SVM,1.0,1.0,1.0,1.0,1.0
660,SVM,0.9286,0.9125,0.9048,0.95,0.9167
661,SVM,1.0,1.0,1.0,1.0,1.0
662,SVM,0.9464,0.966,0.9333,1.0,0.9143
663,SVM,0.9286,0.9728,0.913,1.0,0.8857
664,SVM,1.0,1.0,1.0,1.0,1.0
665,SVM,0.9464,0.932,0.9302,0.9524,0.9429
666,SVM,0.9643,0.9826,0.9565,1.0,0.9412
667,SVM,0.9464,0.9834,0.9189,1.0,0.9231
668,SVM,0.9464,0.9781,0.9143,1.0,0.925
669,SVM,0.9464,0.9218,0.9189,0.8947,0.973
670,SVM,0.9464,0.913,0.9333,0.913,0.9697
671,SVM,0.9464,0.9586,0.9362,1.0,0.9118
672,SVM,0.9464,0.9391,0.9091,0.9375,0.95
673,SVM,0.9464,0.9401,0.9189,0.9444,0.9474
674,SVM,0.9643,0.9789,0.9444,1.0,0.9487
675,SVM,0.9643,0.975,0.9524,1.0,0.9444
676,SVM,0.9107,0.8676,0.8837,0.8636,0.9412
677,SVM,0.9643,0.9799,0.9565,1.0,0.9412
678,SVM,0.9821,0.9456,0.963,0.9286,1.0
679,SVM,0.9464,0.8878,0.8889,0.8571,0.9762
680,SVM,0.9821,0.9437,0.9677,0.9375,1.0
681,SVM,0.9464,0.975,0.9388,1.0,0.9091
682,SVM,0.9286,0.907,0.8571,0.9231,0.9302
683,SVM,0.9821,0.9806,0.9756,1.0,0.9722
684,SVM,0.9821,0.988,0.9778,1.0,0.9706
685,SVM,0.9286,0.9839,0.9,1.0,0.8947
686,SVM,0.9464,0.9251,0.9302,0.9091,0.9706
687,SVM,0.9464,0.9687,0.9333,1.0,0.9143
688,SVM,0.9107,0.871,0.898,0.88,0.9355
689,SVM,0.9821,0.9729,0.9796,0.96,1.0
690,SVM,0.9643,0.959,0.9615,0.9615,0.9667
691,SVM,1.0,1.0,1.0,1.0,1.0
692,SVM,1.0,1.0,1.0,1.0,1.0
693,SVM,0.9286,0.8819,0.9,0.9,0.9444
694,SVM,0.875,0.8952,0.8511,0.9524,0.8286
695,SVM,0.9286,0.8673,0.8571,0.8571,0.9524
696,SVM,0.9107,0.9674,0.9057,1.0,0.8438
697,SVM,0.9464,0.9333,0.9032,0.9333,0.9512
698,SVM,0.9643,0.9532,0.9545,0.9545,0.9706
699,SVM,0.9821,0.9875,0.9697,1.0,0.975
700,SVM,0.9643,0.9622,0.9583,0.9583,0.9688
701,SVM,0.9107,0.8778,0.8571,0.8824,0.9231
702,SVM,0.9464,0.975,0.8966,1.0,0.9302
703,SVM,0.8571,0.8658,0.7895,0.8824,0.8462
704,SVM,0.9286,0.9429,0.913,1.0,0.8857
705,SVM,0.9643,0.9544,0.9583,0.9583,0.9688
706,SVM,1.0,1.0,1.0,1.0,1.0
707,SVM,0.8571,0.8991,0.8095,0.9444,0.8158
708,SVM,0.8929,0.917,0.8696,0.9524,0.8571
709,SVM,0.9107,0.9349,0.902,0.9583,0.875
710,SVM,0.9286,0.9572,0.9167,1.0,0.8824
711,SVM,0.9464,0.9042,0.9231,0.9,0.9722
712,SVM,0.9286,0.8906,0.8824,0.9375,0.925
713,SVM,0.9821,0.9974,0.9796,1.0,0.9688
714,SVM,0.9464,0.9538,0.9455,1.0,0.9
715,SVM,0.9643,0.9218,0.9286,0.9286,0.9762
716,SVM,0.8929,0.8138,0.8636,0.7917,0.9688
717,SVM,0.9643,0.9245,0.9565,0.9167,1.0
718,SVM,0.9464,0.9403,0.9231,0.9474,0.9459
719,SVM,0.9643,0.9778,0.9524,1.0,0.9444
720,SVM,0.9286,0.9109,0.8824,0.9375,0.925
721,SVM,1.0,1.0,1.0,1.0,1.0
722,SVM,0.8929,0.9026,0.8889,0.9231,0.8667
723,SVM,0.9286,0.8778,0.8824,0.8824,0.9487
724,SVM,0.9286,0.8884,0.8824,0.8824,0.9487
725,SVM,1.0,1.0,1.0,1.0,1.0
726,SVM,0.9643,0.9465,0.9545,0.9545,0.9706
727,SVM,0.9286,0.8824,0.8824,0.8824,0.9487
728,SVM,0.9464,0.9385,0.9333,0.9545,0.9412
729,SVM,0.8571,0.8125,0.8095,0.85,0.8611
730,SVM,0.9821,0.9652,0.9796,0.96,1.0
731,SVM,0.9464,0.9445,0.9231,0.9474,0.9459
732,SVM,0.9107,0.9386,0.8718,0.9444,0.8947
733,SVM,0.9286,0.9591,0.9,1.0,0.8947
734,SVM,0.9643,0.9442,0.9524,0.9524,0.9714
735,SVM,0.9464,0.8816,0.9231,0.8571,1.0
736,SVM,0.8929,0.8897,0.8889,0.9231,0.8667
737,SVM,0.9821,0.9694,0.9818,0.9643,1.0
738,SVM,0.9286,0.9291,0.8889,0.9412,0.9231
739,SVM,0.9643,0.9872,0.963,1.0,0.9333
740,SVM,0.9107,0.8585,0.878,0.8571,0.9429
741,SVM,0.9464,0.9667,0.9455,1.0,0.9
742,SVM,0.9464,0.9047,0.9189,0.8947,0.973
743,SVM,0.9643,0.9403,0.95,0.95,0.9722
744,SVM,0.9286,0.9347,0.9091,0.9524,0.9143
745,SVM,0.9643,0.9947,0.9565,1.0,0.9412
746,SVM,0.9821,0.9608,0.9697,0.9412,1.0
747,SVM,0.9464,0.9722,0.9231,1.0,0.9211
748,SVM,0.9643,0.9858,0.95,1.0,0.9459
749,SVM,0.9643,0.9875,0.9412,1.0,0.95
750,SVM,0.9464,0.9673,0.9333,1.0,0.9143
751,SVM,0.9643,0.9716,0.95,1.0,0.9459
752,SVM,0.8929,0.8547,0.8235,0.875,0.9
753,SVM,0.9286,0.9382,0.8889,0.9412,0.9231
754,SVM,0.9464,0.9293,0.9302,0.9524,0.9429
755,SVM,0.9464,0.9666,0.9362,1.0,0.9118
756,SVM,0.9643,0.9444,0.95,0.95,0.9722
757,SVM,0.9286,0.9234,0.8824,0.9375,0.925
758,SVM,0.875,0.8269,0.8772,0.8333,0.9231
759,SVM,0.9464,0.9297,0.9362,0.9167,0.9688
760,SVM,0.9286,0.9216,0.8889,0.9412,0.9231
761,SVM,0.9107,0.9724,0.8571,1.0,0.878
762,SVM,0.8929,0.9011,0.8696,0.9091,0.8824
763,SVM,0.9107,0.9122,0.8485,0.9333,0.9024
764,SVM,0.9286,0.9213,0.8571,0.9231,0.9302
765,SVM,0.9464,0.9727,0.9412,1.0,0.9062
766,SVM,0.9643,0.9524,0.9524,0.9524,0.9714
767,SVM,0.9286,0.8905,0.8947,0.8947,0.9459
768,SVM,0.9286,0.9389,0.9048,0.95,0.9167
769,SVM,0.9464,0.9056,0.9231,0.9,0.9722
770,SVM,0.9464,0.9548,0.9412,0.96,0.9355
771,SVM,0.9286,0.8311,0.875,0.8235,0.9744
772,SVM,0.9643,0.9825,0.9474,1.0,0.9474
773,SVM,0.9286,0.8933,0.913,0.913,0.9394
774,SVM,0.9464,0.9306,0.9302,0.9524,0.9429
775,SVM,0.9643,0.9516,0.9474,0.9474,0.973
776,SVM,0.9286,0.9139,0.9048,0.95,0.9167
777,SVM,0.9286,0.8537,0.875,0.8235,0.9744
778,SVM,0.9286,0.8904,0.9091,0.9091,0.9412
779,SVM,0.9643,0.9249,0.9231,0.9231,0.9767
780,SVM,0.9286,0.8769,0.9167,0.8462,1.0
781,SVM,0.9464,0.8933,0.9143,0.8889,0.9737
782,SVM,0.9643,0.9644,0.9565,0.9565,0.9697
783,SVM,0.9643,0.9262,0.9545,0.913,1.0
784,SVM,0.9643,0.9642,0.9286,1.0,0.9535
785,SVM,0.9286,0.8444,0.8889,0.8,1.0
786,SVM,0.9464,0.9864,0.9189,1.0,0.9231
787,SVM,0.9643,0.9733,0.9565,1.0,0.9412
788,SVM,0.9821,0.9859,0.9697,1.0,0.975
789,SVM,0.9821,0.996,0.9778,1.0,0.9706
790,SVM,0.9821,0.9953,0.9697,1.0,0.975
791,SVM,0.9286,0.9125,0.8889,0.9412,0.9231
792,SVM,0.9821,0.9844,0.9796,1.0,0.9688
793,SVM,0.9464,0.9422,0.9091,0.9375,0.95
794,SVM,0.9286,0.9442,0.8889,0.9412,0.9231
795,SVM,0.9643,0.9488,0.9444,0.9444,0.9737
796,SVM,0.9286,0.8974,0.8889,0.9412,0.9231
797,SVM,0.9821,0.9957,0.9744,1.0,0.973
798,SVM,0.9821,0.9661,0.9787,0.9583,1.0
799,SVM,0.9643,0.9559,0.9545,0.9545,0.9706
800,SVM,0.9821,0.9731,0.9804,0.9615,1.0
801,SVM,0.9643,0.9823,0.9545,1.0,0.9429
802,SVM,0.9643,0.9486,0.9565,0.9565,0.9697
803,SVM,0.9464,0.9386,0.9189,0.9444,0.9474
804,SVM,0.9464,0.9489,0.9455,0.963,0.931
805,SVM,0.9821,0.9705,0.9804,0.9615,1.0
806,SVM,0.9643,0.9195,0.9231,0.9231,0.9767
807,SVM,0.9464,0.9486,0.9362,0.9565,0.9394
808,SVM,0.9643,0.9806,0.9524,1.0,0.9444
809,SVM,0.9107,0.9487,0.8718,1.0,0.8718
810,SVM,0.9107,0.9915,0.8485,1.0,0.881
811,SVM,0.9464,0.8797,0.8966,0.8667,0.9756
812,SVM,0.9107,0.9783,0.8,1.0,0.8913
813,SVM,0.9821,0.9864,0.9714,1.0,0.9744
814,SVM,0.9643,0.9442,0.9412,0.9412,0.9744
815,SVM,0.9464,0.9236,0.9032,0.9333,0.9512
816,SVM,0.9643,0.9382,0.9333,0.9333,0.9756
817,SVM,0.9643,0.9559,0.9545,0.9545,0.9706
818,SVM,0.9821,0.9635,0.9787,0.9583,1.0
819,SVM,1.0,1.0,1.0,1.0,1.0
820,SVM,0.8929,0.8946,0.8125,0.9286,0.881
821,SVM,0.9643,0.9847,0.9333,1.0,0.9524
822,SVM,0.9821,0.9437,0.9677,0.9375,1.0
823,SVM,0.9643,0.9328,0.9375,0.9375,0.975
824,SVM,0.9107,0.9206,0.902,0.9583,0.875
825,SVM,0.9286,0.9141,0.9167,0.9167,0.9375
826,SVM,0.9821,0.9826,0.9778,1.0,0.9706
827,SVM,0.9821,0.9959,0.9767,1.0,0.9714
828,SVM,0.9643,0.963,0.95,1.0,0.9459
829,SVM,0.9107,0.8748,0.8649,0.8421,0.9459
830,SVM,0.9643,0.9091,0.9091,0.9091,0.9778
831,SVM,0.9643,0.9366,0.9333,0.9333,0.9756
832,SVM,0.9286,0.9474,0.9,0.9474,0.9189
833,SVM,0.875,0.849,0.8372,0.8571,0.8857
834,SVM,1.0,1.0,1.0,1.0,1.0
835,SVM,0.9643,0.9518,0.9444,0.9444,0.9737
836,SVM,0.9286,0.9896,0.9231,1.0,0.875
837,SVM,0.9286,0.9196,0.8947,0.9444,0.9211
838,SVM,0.9286,0.9025,0.913,0.913,0.9394
839,SVM,0.8929,0.9065,0.8421,0.9412,0.8718
840,SVM,0.9643,0.9412,0.9545,0.9545,0.9706
841,SVM,0.9107,0.9347,0.8837,0.95,0.8889
842,SVM,0.9643,0.9586,0.9545,0.9545,0.9706
843,SVM,0.9464,0.9679,0.9362,1.0,0.9118
844,SVM,0.9286,0.8805,0.8947,0.8947,0.9459
845,SVM,0.9464,0.9354,0.8966,0.9286,0.9524
846,SVM,0.9464,0.9389,0.9268,0.95,0.9444
847,SVM,0.9643,0.9341,0.9545,0.913,1.0
848,SVM,0.9643,0.9514,0.95,0.95,0.9722
849,SVM,0.9821,0.9947,0.9778,1.0,0.9706
850,SVM,0.9643,0.9679,0.9565,1.0,0.9412
851,SVM,0.9643,0.9486,0.95,0.95,0.9722
852,SVM,0.9821,0.9872,0.9811,1.0,0.9667
853,SVM,0.9107,0.8498,0.8889,0.8696,0.9394
854,SVM,0.9286,0.8947,0.8947,0.8947,0.9459
855,SVM,0.9643,0.9451,0.963,0.963,0.9655
856,SVM,0.9821,0.9605,0.9756,0.9524,1.0
857,SVM,0.9643,0.9969,0.9412,1.0,0.95
858,SVM,0.9464,0.9431,0.9268,0.95,0.9444
859,SVM,0.9464,0.9523,0.9412,0.96,0.9355
860,SVM,0.9643,0.9893,0.9286,1.0,0.9535
861,SVM,0.9643,0.9459,0.9444,0.9444,0.9737
862,SVM,0.9286,0.9181,0.8947,0.9444,0.9211
863,SVM,0.9821,0.9957,0.9744,1.0,0.973
864,SVM,0.9643,0.9517,0.9412,0.9412,0.9744
865,SVM,0.9464,0.8898,0.9231,0.8571,1.0
866,SVM,0.9107,0.9068,0.9091,0.9259,0.8966
867,SVM,0.9821,0.981,0.9767,1.0,0.9714
868,SVM,0.9821,0.9946,0.9767,1.0,0.9714
869,SVM,0.9821,0.9875,0.9697,1.0,0.975
870,SVM,1.0,1.0,1.0,1.0,1.0
871,SVM,0.9464,0.9386,0.9189,0.9444,0.9474
872,SVM,0.9464,0.917,0.9143,0.9412,0.9487
873,SVM,0.9107,0.9225,0.8718,0.9444,0.8947
874,SVM,0.9464,0.9336,0.9143,0.9412,0.9487
875,SVM,0.9643,0.9755,0.9545,1.0,0.9429
876,SVM,0.9464,0.9277,0.9412,0.96,0.9355
877,SVM,0.9821,0.9986,0.9744,1.0,0.973
878,SVM,0.8929,0.8361,0.8696,0.8,0.9677
879,SVM,0.8929,0.9198,0.875,0.9545,0.8529
880,SVM,0.9464,1.0,0.9268,1.0,0.9189
881,SVM,0.9286,0.9389,0.9091,1.0,0.8889
882,SVM,0.8929,0.8939,0.8636,0.9048,0.8857
883,SVM,0.9821,0.9855,0.9787,1.0,0.9697
884,SVM,0.9286,0.9211,0.9091,0.9091,0.9412
885,SVM,0.875,0.8329,0.8444,0.8636,0.8824
886,SVM,0.9821,0.9859,0.9811,1.0,0.9667
887,SVM,0.8571,0.8336,0.8095,0.8947,0.8378
888,SVM,0.9821,0.9959,0.9767,1.0,0.9714
889,SVM,0.9821,0.9665,0.9796,0.96,1.0
890,SVM,0.9464,0.9847,0.9032,1.0,0.9286
891,SVM,0.9643,0.9893,0.9565,1.0,0.9412
892,SVM,0.9464,0.9542,0.9302,1.0,0.9167
893,SVM,0.9464,0.9144,0.9333,0.913,0.9697
894,SVM,0.9286,0.9318,0.913,0.9545,0.9118
895,SVM,0.9821,0.9837,0.9767,1.0,0.9714
896,SVM,0.8929,0.8691,0.85,0.8947,0.8919
897,SVM,0.9821,0.9878,0.9767,1.0,0.9714
898,SVM,0.9107,0.9051,0.8889,0.9091,0.9118
899,SVM,0.9464,0.9231,0.9412,0.9231,0.9667
900,SVM,0.9464,0.9474,0.9434,0.9615,0.9333
901,SVM,0.9286,0.9347,0.9048,0.95,0.9167
902,SVM,0.9464,0.9459,0.9189,0.9444,0.9474
903,SVM,0.9464,0.9737,0.88,1.0,0.9333
904,SVM,0.9464,0.9875,0.9302,1.0,0.9167
905,SVM,0.9643,0.9388,0.9474,0.9474,0.973
906,SVM,0.9821,0.9861,0.9756,1.0,0.9722
907,SVM,0.9643,0.9762,0.9333,1.0,0.9524
908,SVM,0.9286,0.9167,0.9048,0.95,0.9167
909,SVM,0.9643,0.946,0.9565,0.9565,0.9697
910,SVM,0.9643,0.9462,0.9655,0.9333,1.0
911,SVM,0.9643,0.9526,0.9565,0.9565,0.9697
912,SVM,0.9107,0.9291,0.8649,0.9412,0.8974
913,SVM,0.9286,0.943,0.8947,0.9444,0.9211
914,SVM,0.9464,0.992,0.9362,1.0,0.9118
915,SVM,0.9107,0.8114,0.8571,0.8333,0.9474
916,SVM,0.9821,0.9826,0.9778,1.0,0.9706
917,SVM,0.9643,0.9773,0.9565,1.0,0.9412
918,SVM,0.9643,0.9545,0.9545,0.9545,0.9706
919,SVM,0.8929,0.974,0.8333,1.0,0.8537
920,SVM,0.9286,0.9097,0.9,0.9,0.9444
921,SVM,0.9643,0.9565,0.9565,0.9565,0.9697
922,SVM,0.9821,0.99,0.9744,1.0,0.973
923,SVM,0.9821,0.991,0.9804,1.0,0.9677
924,SVM,0.9821,0.9922,0.9796,1.0,0.9688
925,SVM,0.8929,0.7683,0.7,0.7778,0.9149
926,SVM,1.0,1.0,1.0,1.0,1.0
927,SVM,0.9464,0.9583,0.9302,1.0,0.9167
928,SVM,0.9643,0.9488,0.9474,0.9474,0.973
929,SVM,0.9464,0.9216,0.9143,0.9412,0.9487
930,SVM,0.9107,0.7891,0.8649,0.7619,1.0
931,SVM,0.9643,0.9792,0.96,1.0,0.9375
932,SVM,0.9107,0.9758,0.8837,1.0,0.8649
933,SVM,0.9643,0.984,0.9565,1.0,0.9412
934,SVM,0.9464,0.9781,0.9231,1.0,0.9211
935,SVM,1.0,1.0,1.0,1.0,1.0
936,SVM,0.9643,0.9942,0.9474,1.0,0.9474
937,SVM,0.9286,0.9403,0.9,0.9474,0.9189
938,SVM,0.9464,0.951,0.9302,0.9524,0.9429
939,SVM,0.9464,0.942,0.9362,0.9565,0.9394
940,SVM,0.9821,0.9569,0.9744,0.95,1.0
941,SVM,0.9286,0.9306,0.9048,0.95,0.9167
942,SVM,0.9464,0.9789,0.9388,1.0,0.9091
943,SVM,0.9464,0.9303,0.9231,0.9474,0.9459
944,SVM,0.9464,0.9524,0.9302,0.9524,0.9429
945,SVM,0.9821,0.9935,0.9804,1.0,0.9677
946,SVM,0.9643,0.9095,0.9375,0.8824,1.0
947,SVM,0.9821,0.9677,0.9796,0.96,1.0
948,SVM,0.9821,0.9879,0.9714,1.0,0.9744
949,SVM,0.8929,0.9167,0.8636,0.95,0.8611
950,SVM,0.9821,0.9853,0.9778,1.0,0.9706
951,SVM,0.9286,0.9308,0.9259,0.9615,0.9
952,SVM,0.9464,0.9358,0.9333,0.9545,0.9412
953,SVM,0.875,0.875,0.8444,0.95,0.8333
954,SVM,0.9107,0.9289,0.878,0.9474,0.8919
955,SVM,0.9821,0.9973,0.9767,1.0,0.9714
956,SVM,0.9643,0.9388,0.9474,0.9474,0.973
957,SVM,0.9643,0.9823,0.9545,1.0,0.9429
958,SVM,0.9286,0.9184,0.8667,0.9286,0.9286
959,SVM,0.9464,0.9289,0.9362,0.9565,0.9394
960,SVM,0.9464,0.9193,0.9362,0.9167,0.9688
961,SVM,0.9464,0.9231,0.9143,0.9412,0.9487
962,SVM,0.9286,0.9139,0.9048,0.95,0.9167
963,SVM,0.9821,0.9831,0.9796,1.0,0.9688
964,SVM,1.0,1.0,1.0,1.0,1.0
965,SVM,0.9286,0.9497,0.913,1.0,0.8857
966,SVM,0.9821,0.9898,0.973,1.0,0.9737
967,SVM,0.9464,0.9787,0.9268,1.0,0.9189
968,SVM,0.9107,0.8764,0.878,0.9,0.9167
969,SVM,0.9107,0.8622,0.8276,0.8571,0.9286
970,SVM,0.9107,0.8757,0.8889,0.9091,0.9118
971,SVM,0.9464,0.9594,0.9143,1.0,0.925
972,SVM,0.9107,0.8688,0.8485,0.875,0.925
973,SVM,0.9464,0.9417,0.9231,0.9474,0.9459
974,SVM,0.9464,0.9872,0.9268,1.0,0.9189
975,SVM,0.9821,0.994,0.9714,1.0,0.9744
976,SVM,0.9464,0.9881,0.9388,1.0,0.9091
977,SVM,0.8929,0.8722,0.8571,0.9,0.8889
978,SVM,0.9643,0.9857,0.9286,1.0,0.9535
979,SVM,0.9643,0.9033,0.9444,0.8947,1.0
980,SVM,0.9643,0.9668,0.9643,0.9643,0.9643
981,SVM,0.9107,0.9078,0.8936,0.9545,0.8824
982,SVM,0.9821,0.9974,0.9796,1.0,0.9688
983,SVM,0.9107,0.9362,0.902,0.9583,0.875
984,SVM,0.8929,0.7865,0.8235,0.7778,0.9474
985,SVM,0.9464,0.9118,0.9189,0.8947,0.973
986,SVM,0.8929,0.8156,0.8125,0.8125,0.925
987,SVM,0.9643,0.9859,0.9412,1.0,0.95
988,SVM,0.9286,0.9638,0.8947,1.0,0.8974
989,SVM,0.8929,0.8486,0.85,0.85,0.9167
990,SVM,0.9643,0.9772,0.95,1.0,0.9459
991,SVM,0.9286,0.9388,0.9091,0.9524,0.9143
992,SVM,0.8929,0.845,0.85,0.8947,0.8919
993,SVM,0.9643,0.9198,0.9524,0.9091,1.0
994,SVM,0.9107,0.8549,0.8649,0.8421,0.9459
995,SVM,0.9643,0.9238,0.95,0.9048,1.0
996,SVM,1.0,1.0,1.0,1.0,1.0
997,SVM,0.9286,0.9171,0.875,0.9333,0.9268
998,SVM,0.9821,0.9972,0.9744,1.0,0.973
999,SVM,0.9286,0.9896,0.9231,1.0,0.875
1000,SVM,0.9464,0.9357,0.9189,0.9444,0.9474
