Round,Model,Accuracy,AUC,F1 Score,Sensitivity,Specificity
1,MLP,0.8182,0.6667,0.0,0.0,1.0
2,MLP,0.8182,0.4444,0.0,0.0,1.0
3,MLP,0.5455,0.5,0.0,0.0,1.0
4,MLP,0.6364,0.4286,0.0,0.0,1.0
5,MLP,0.7273,0.75,0.0,0.0,1.0
6,MLP,1.0,0.5,0.0,0.0,1.0
7,MLP,0.9091,0.7,0.0,0.0,1.0
8,MLP,0.8182,0.5556,0.0,0.0,1.0
9,MLP,0.7273,0.5,0.0,0.0,1.0
10,MLP,0.7273,0.625,0.0,0.0,1.0
11,MLP,0.8182,0.5556,0.0,0.0,1.0
12,MLP,0.9091,0.6,0.0,0.0,1.0
13,MLP,0.9091,0.6,0.0,0.0,1.0
14,MLP,0.6364,0.7143,0.0,0.0,1.0
15,MLP,0.6364,0.2857,0.0,0.0,1.0
16,MLP,0.8182,0.6667,0.0,0.0,1.0
17,MLP,0.9091,0.3,0.0,0.0,1.0
18,MLP,0.9091,0.3,0.0,0.0,1.0
19,MLP,0.6364,0.7143,0.0,0.0,1.0
20,MLP,0.6364,0.8571,0.0,0.0,1.0
21,MLP,0.8182,0.5556,0.0,0.0,1.0
22,MLP,0.7273,0.5,0.0,0.0,1.0
23,MLP,0.9091,0.5,0.0,0.0,1.0
24,MLP,0.7273,0.375,0.0,0.0,1.0
25,MLP,0.4545,0.6,0.0,0.0,1.0
26,MLP,0.8182,0.7778,0.0,0.0,1.0
27,MLP,0.8182,0.3333,0.0,0.0,1.0
28,MLP,0.7273,0.375,0.0,0.0,1.0
29,MLP,0.8182,0.5556,0.0,0.0,1.0
30,MLP,0.7273,0.75,0.0,0.0,1.0
31,MLP,0.8182,0.3333,0.0,0.0,1.0
32,MLP,0.5455,0.6667,0.0,0.0,1.0
33,MLP,0.6364,0.5714,0.0,0.0,1.0
34,MLP,0.7273,0.375,0.0,0.0,1.0
35,MLP,0.8182,0.5556,0.0,0.0,1.0
36,MLP,0.6364,0.5714,0.0,0.0,1.0
37,MLP,0.7273,0.625,0.0,0.0,1.0
38,MLP,0.6364,0.2857,0.0,0.0,1.0
39,MLP,0.8182,0.4444,0.0,0.0,1.0
40,MLP,0.7273,0.5,0.0,0.0,1.0
41,MLP,0.7273,0.25,0.0,0.0,1.0
42,MLP,0.4545,0.2,0.0,0.0,1.0
43,MLP,0.6364,0.8571,0.0,0.0,1.0
44,MLP,0.7273,0.25,0.0,0.0,1.0
45,MLP,0.8182,0.6667,0.0,0.0,1.0
46,MLP,0.5455,0.8333,0.0,0.0,1.0
47,MLP,0.9091,0.8,0.0,0.0,1.0
48,MLP,0.7273,0.375,0.0,0.0,1.0
49,MLP,0.6364,0.7143,0.0,0.0,1.0
50,MLP,0.6364,0.5714,0.0,0.0,1.0
51,MLP,0.7273,0.75,0.0,0.0,1.0
52,MLP,0.8182,0.4444,0.0,0.0,1.0
53,MLP,1.0,0.5,0.0,0.0,1.0
54,MLP,0.9091,0.4,0.0,0.0,1.0
55,MLP,0.5455,0.6667,0.0,0.0,1.0
56,MLP,0.4545,0.8,0.0,0.0,1.0
57,MLP,0.5455,0.8333,0.0,0.0,1.0
58,MLP,0.9091,0.6,0.0,0.0,1.0
59,MLP,0.8182,0.5556,0.0,0.0,1.0
60,MLP,0.6364,0.5714,0.0,0.0,1.0
61,MLP,0.9091,0.4,0.0,0.0,1.0
62,MLP,0.7273,0.375,0.0,0.0,1.0
63,MLP,0.7273,0.625,0.0,0.0,1.0
64,MLP,0.7273,0.5,0.0,0.0,1.0
65,MLP,0.6364,0.5714,0.0,0.0,1.0
66,MLP,0.6364,0.4286,0.0,0.0,1.0
67,MLP,0.7273,0.625,0.0,0.0,1.0
68,MLP,0.6364,0.0,0.0,0.0,1.0
69,MLP,0.5455,1.0,0.0,0.0,1.0
70,MLP,0.7273,0.5,0.0,0.0,1.0
71,MLP,1.0,0.5,0.0,0.0,1.0
72,MLP,0.9091,0.3,0.0,0.0,1.0
73,MLP,0.7273,0.625,0.0,0.0,1.0
74,MLP,0.6364,0.5714,0.0,0.0,1.0
75,MLP,0.6364,0.5714,0.0,0.0,1.0
76,MLP,0.6364,0.5714,0.0,0.0,1.0
77,MLP,0.9091,0.5,0.0,0.0,1.0
78,MLP,0.6364,0.8571,0.0,0.0,1.0
79,MLP,0.6364,0.4286,0.0,0.0,1.0
80,MLP,0.5455,0.6667,0.0,0.0,1.0
81,MLP,0.8182,0.4444,0.0,0.0,1.0
82,MLP,0.6364,0.4286,0.0,0.0,1.0
83,MLP,0.6364,0.5714,0.0,0.0,1.0
84,MLP,0.9091,0.3,0.0,0.0,1.0
85,MLP,0.9091,0.5,0.0,0.0,1.0
86,MLP,0.5455,0.6667,0.0,0.0,1.0
87,MLP,0.7273,0.375,0.0,0.0,1.0
88,MLP,0.7273,0.5,0.0,0.0,1.0
89,MLP,0.7273,0.625,0.0,0.0,1.0
90,MLP,0.7273,0.25,0.0,0.0,1.0
91,MLP,0.7273,0.125,0.0,0.0,1.0
92,MLP,0.7273,0.5,0.0,0.0,1.0
93,MLP,0.6364,0.8571,0.0,0.0,1.0
94,MLP,0.6364,0.2857,0.0,0.0,1.0
95,MLP,0.7273,0.375,0.0,0.0,1.0
96,MLP,0.5455,0.3333,0.0,0.0,1.0
97,MLP,0.5455,0.6667,0.0,0.0,1.0
98,MLP,0.8182,0.3333,0.0,0.0,1.0
99,MLP,1.0,0.5,0.0,0.0,1.0
100,MLP,0.8182,0.6667,0.0,0.0,1.0
101,MLP,0.7273,0.75,0.0,0.0,1.0
102,MLP,0.5455,0.5,0.0,0.0,1.0
103,MLP,0.6364,0.4286,0.0,0.0,1.0
104,MLP,0.7273,0.375,0.0,0.0,1.0
105,MLP,0.7273,0.875,0.0,0.0,1.0
106,MLP,0.7273,0.375,0.0,0.0,1.0
107,MLP,0.8182,0.4444,0.0,0.0,1.0
108,MLP,0.6364,0.5714,0.0,0.0,1.0
109,MLP,0.8182,0.6667,0.0,0.0,1.0
110,MLP,0.5455,0.5,0.0,0.0,1.0
111,MLP,0.8182,0.5556,0.0,0.0,1.0
112,MLP,0.6364,0.4286,0.0,0.0,1.0
113,MLP,0.7273,0.5,0.0,0.0,1.0
114,MLP,0.6364,0.4286,0.0,0.0,1.0
115,MLP,0.6364,0.4286,0.0,0.0,1.0
116,MLP,0.6364,0.5714,0.0,0.0,1.0
117,MLP,0.7273,0.375,0.0,0.0,1.0
118,MLP,0.6364,0.5714,0.0,0.0,1.0
119,MLP,0.6364,0.4286,0.0,0.0,1.0
120,MLP,0.9091,0.3,0.0,0.0,1.0
121,MLP,0.8182,0.4444,0.0,0.0,1.0
122,MLP,0.9091,0.6,0.0,0.0,1.0
123,MLP,0.6364,0.0,0.0,0.0,1.0
124,MLP,0.7273,0.375,0.0,0.0,1.0
125,MLP,0.7273,0.625,0.0,0.0,1.0
126,MLP,0.8182,0.4444,0.0,0.0,1.0
127,MLP,0.6364,0.5714,0.0,0.0,1.0
128,MLP,0.6364,0.7143,0.0,0.0,1.0
129,MLP,0.6364,0.7143,0.0,0.0,1.0
130,MLP,0.6364,0.4286,0.0,0.0,1.0
131,MLP,0.9091,0.7,0.0,0.0,1.0
132,MLP,0.5455,0.6667,0.0,0.0,1.0
133,MLP,0.7273,0.375,0.0,0.0,1.0
134,MLP,0.7273,0.125,0.0,0.0,1.0
135,MLP,0.7273,0.25,0.0,0.0,1.0
136,MLP,0.7273,0.625,0.0,0.0,1.0
137,MLP,0.8182,0.6667,0.0,0.0,1.0
138,MLP,0.9091,0.7,0.0,0.0,1.0
139,MLP,0.6364,0.4286,0.0,0.0,1.0
140,MLP,0.9091,0.6,0.0,0.0,1.0
141,MLP,0.9091,0.8,0.0,0.0,1.0
142,MLP,0.7273,0.375,0.0,0.0,1.0
143,MLP,0.7273,0.375,0.0,0.0,1.0
144,MLP,0.6364,1.0,0.0,0.0,1.0
145,MLP,0.7273,0.75,0.0,0.0,1.0
146,MLP,0.7273,1.0,0.0,0.0,1.0
147,MLP,0.6364,1.0,0.0,0.0,1.0
148,MLP,0.9091,0.3,0.0,0.0,1.0
149,MLP,0.8182,0.2222,0.0,0.0,1.0
150,MLP,0.9091,0.4,0.0,0.0,1.0
151,MLP,0.7273,0.625,0.0,0.0,1.0
152,MLP,0.5455,0.5,0.0,0.0,1.0
153,MLP,0.5455,0.1667,0.0,0.0,1.0
154,MLP,0.7273,0.375,0.0,0.0,1.0
155,MLP,0.7273,0.625,0.0,0.0,1.0
156,MLP,0.8182,0.6667,0.0,0.0,1.0
157,MLP,0.8182,0.4444,0.0,0.0,1.0
158,MLP,0.6364,0.4286,0.0,0.0,1.0
159,MLP,0.7273,0.625,0.0,0.0,1.0
160,MLP,0.9091,0.6,0.0,0.0,1.0
161,MLP,0.7273,0.625,0.0,0.0,1.0
162,MLP,0.8182,0.3333,0.0,0.0,1.0
163,MLP,0.9091,0.2,0.0,0.0,1.0
164,MLP,0.8182,0.6667,0.0,0.0,1.0
165,MLP,0.9091,0.4,0.0,0.0,1.0
166,MLP,0.3636,0.75,0.0,0.0,1.0
167,MLP,0.8182,0.5556,0.0,0.0,1.0
168,MLP,0.6364,0.7143,0.0,0.0,1.0
169,MLP,0.9091,0.4,0.0,0.0,1.0
170,MLP,0.5455,0.6667,0.0,0.0,1.0
171,MLP,0.6364,0.4286,0.0,0.0,1.0
172,MLP,0.9091,0.6,0.0,0.0,1.0
173,MLP,0.6364,0.4286,0.0,0.0,1.0
174,MLP,0.7273,0.25,0.0,0.0,1.0
175,MLP,0.9091,0.6,0.0,0.0,1.0
176,MLP,0.8182,0.3333,0.0,0.0,1.0
177,MLP,0.5455,0.3333,0.0,0.0,1.0
178,MLP,0.7273,0.625,0.0,0.0,1.0
179,MLP,0.6364,0.5714,0.0,0.0,1.0
180,MLP,0.8182,0.3333,0.0,0.0,1.0
181,MLP,0.6364,0.5714,0.0,0.0,1.0
182,MLP,0.3636,0.75,0.0,0.0,1.0
183,MLP,0.9091,0.5,0.0,0.0,1.0
184,MLP,0.8182,0.6667,0.0,0.0,1.0
185,MLP,0.7273,0.375,0.0,0.0,1.0
186,MLP,0.7273,0.5,0.0,0.0,1.0
187,MLP,0.5455,0.3333,0.0,0.0,1.0
188,MLP,0.9091,0.6,0.0,0.0,1.0
189,MLP,0.8182,0.5556,0.0,0.0,1.0
190,MLP,0.6364,0.2857,0.0,0.0,1.0
191,MLP,0.7273,0.5,0.0,0.0,1.0
192,MLP,0.8182,0.7778,0.0,0.0,1.0
193,MLP,0.8182,0.8889,0.0,0.0,1.0
194,MLP,0.7273,0.375,0.0,0.0,1.0
195,MLP,0.6364,0.4286,0.0,0.0,1.0
196,MLP,0.8182,0.1111,0.0,0.0,1.0
197,MLP,0.9091,0.7,0.0,0.0,1.0
198,MLP,0.7273,0.375,0.0,0.0,1.0
199,MLP,0.7273,0.75,0.0,0.0,1.0
200,MLP,0.8182,0.4444,0.0,0.0,1.0
201,MLP,0.7273,0.375,0.0,0.0,1.0
202,MLP,0.9091,0.4,0.0,0.0,1.0
203,MLP,0.8182,0.6667,0.0,0.0,1.0
204,MLP,0.5455,0.5,0.0,0.0,1.0
205,MLP,0.7273,0.375,0.0,0.0,1.0
206,MLP,0.8182,0.6667,0.0,0.0,1.0
207,MLP,0.6364,0.5714,0.0,0.0,1.0
208,MLP,0.6364,0.5714,0.0,0.0,1.0
209,MLP,0.6364,0.5714,0.0,0.0,1.0
210,MLP,0.5455,0.5,0.0,0.0,1.0
211,MLP,0.5455,0.5,0.0,0.0,1.0
212,MLP,0.7273,0.75,0.0,0.0,1.0
213,MLP,0.3636,0.75,0.0,0.0,1.0
214,MLP,0.6364,0.7143,0.0,0.0,1.0
215,MLP,0.7273,0.375,0.0,0.0,1.0
216,MLP,0.6364,0.5714,0.0,0.0,1.0
217,MLP,0.7273,0.625,0.0,0.0,1.0
218,MLP,0.8182,0.7778,0.0,0.0,1.0
219,MLP,0.4545,0.2,0.0,0.0,1.0
220,MLP,0.5455,0.6667,0.0,0.0,1.0
221,MLP,0.4545,0.2,0.0,0.0,1.0
222,MLP,0.8182,0.5556,0.0,0.0,1.0
223,MLP,0.3636,0.5,0.0,0.0,1.0
224,MLP,0.7273,0.625,0.0,0.0,1.0
225,MLP,0.8182,0.3333,0.0,0.0,1.0
226,MLP,0.7273,0.5,0.0,0.0,1.0
227,MLP,0.7273,0.125,0.0,0.0,1.0
228,MLP,0.8182,0.4444,0.0,0.0,1.0
229,MLP,0.9091,0.5,0.0,0.0,1.0
230,MLP,0.6364,0.5714,0.0,0.0,1.0
231,MLP,0.6364,0.5714,0.0,0.0,1.0
232,MLP,0.8182,0.6667,0.0,0.0,1.0
233,MLP,0.7273,0.625,0.0,0.0,1.0
234,MLP,0.7273,0.625,0.0,0.0,1.0
235,MLP,0.9091,0.2,0.0,0.0,1.0
236,MLP,0.6364,0.7143,0.0,0.0,1.0
237,MLP,0.9091,0.5,0.0,0.0,1.0
238,MLP,0.8182,0.3333,0.0,0.0,1.0
239,MLP,0.5455,0.3333,0.0,0.0,1.0
240,MLP,0.9091,0.5,0.0,0.0,1.0
241,MLP,0.5455,0.3333,0.0,0.0,1.0
242,MLP,0.9091,0.5,0.0,0.0,1.0
243,MLP,0.8182,0.4444,0.0,0.0,1.0
244,MLP,0.6364,0.5714,0.0,0.0,1.0
245,MLP,0.5455,0.3333,0.0,0.0,1.0
246,MLP,0.7273,0.75,0.0,0.0,1.0
247,MLP,0.8182,0.6667,0.0,0.0,1.0
248,MLP,0.7273,0.625,0.0,0.0,1.0
249,MLP,0.9091,0.2,0.0,0.0,1.0
250,MLP,0.8182,0.5556,0.0,0.0,1.0
251,MLP,0.7273,0.375,0.0,0.0,1.0
252,MLP,0.7273,0.5,0.0,0.0,1.0
253,MLP,0.6364,0.5714,0.0,0.0,1.0
254,MLP,0.9091,0.4,0.0,0.0,1.0
255,MLP,0.7273,0.375,0.0,0.0,1.0
256,MLP,0.7273,0.5,0.0,0.0,1.0
257,MLP,0.6364,0.4286,0.0,0.0,1.0
258,MLP,0.8182,0.3333,0.0,0.0,1.0
259,MLP,0.7273,0.5,0.0,0.0,1.0
260,MLP,0.7273,0.625,0.0,0.0,1.0
261,MLP,0.8182,0.6667,0.0,0.0,1.0
262,MLP,0.9091,0.2,0.0,0.0,1.0
263,MLP,0.7273,0.375,0.0,0.0,1.0
264,MLP,0.7273,0.5,0.0,0.0,1.0
265,MLP,0.7273,0.25,0.0,0.0,1.0
266,MLP,0.6364,0.2857,0.0,0.0,1.0
267,MLP,0.8182,0.3333,0.0,0.0,1.0
268,MLP,0.8182,0.6667,0.0,0.0,1.0
269,MLP,0.8182,0.7778,0.0,0.0,1.0
270,MLP,0.8182,0.4444,0.0,0.0,1.0
271,MLP,0.8182,0.3333,0.0,0.0,1.0
272,MLP,0.6364,0.4286,0.0,0.0,1.0
273,MLP,0.5455,0.8333,0.0,0.0,1.0
274,MLP,0.9091,0.3,0.0,0.0,1.0
275,MLP,0.8182,0.6667,0.0,0.0,1.0
276,MLP,0.8182,0.8889,0.0,0.0,1.0
277,MLP,0.8182,0.2222,0.0,0.0,1.0
278,MLP,0.7273,0.5,0.0,0.0,1.0
279,MLP,0.8182,0.1111,0.0,0.0,1.0
280,MLP,0.8182,0.5556,0.0,0.0,1.0
281,MLP,0.8182,0.6667,0.0,0.0,1.0
282,MLP,0.3636,0.75,0.0,0.0,1.0
283,MLP,0.8182,0.4444,0.0,0.0,1.0
284,MLP,0.4545,0.6,0.0,0.0,1.0
285,MLP,0.7273,0.25,0.0,0.0,1.0
286,MLP,0.7273,0.75,0.0,0.0,1.0
287,MLP,0.6364,0.1429,0.0,0.0,1.0
288,MLP,0.7273,0.5,0.0,0.0,1.0
289,MLP,0.5455,0.8333,0.0,0.0,1.0
290,MLP,0.7273,0.75,0.0,0.0,1.0
291,MLP,0.8182,0.3333,0.0,0.0,1.0
292,MLP,0.8182,0.2222,0.0,0.0,1.0
293,MLP,0.6364,0.5714,0.0,0.0,1.0
294,MLP,0.5455,0.6667,0.0,0.0,1.0
295,MLP,0.6364,0.2857,0.0,0.0,1.0
296,MLP,0.7273,0.625,0.0,0.0,1.0
297,MLP,0.7273,0.625,0.0,0.0,1.0
298,MLP,0.3636,0.75,0.0,0.0,1.0
299,MLP,0.4545,0.6,0.0,0.0,1.0
300,MLP,0.8182,0.3333,0.0,0.0,1.0
301,MLP,0.7273,0.5,0.0,0.0,1.0
302,MLP,0.5455,0.1667,0.0,0.0,1.0
303,MLP,0.8182,0.4444,0.0,0.0,1.0
304,MLP,0.8182,0.5556,0.0,0.0,1.0
305,MLP,0.7273,0.375,0.0,0.0,1.0
306,MLP,0.8182,0.3333,0.0,0.0,1.0
307,MLP,0.6364,0.2857,0.0,0.0,1.0
308,MLP,0.6364,0.7143,0.0,0.0,1.0
309,MLP,0.9091,0.2,0.0,0.0,1.0
310,MLP,0.7273,0.5,0.0,0.0,1.0
311,MLP,0.4545,0.6,0.0,0.0,1.0
312,MLP,0.7273,0.375,0.0,0.0,1.0
313,MLP,0.6364,0.7143,0.0,0.0,1.0
314,MLP,0.7273,0.5,0.0,0.0,1.0
315,MLP,0.5455,0.5,0.0,0.0,1.0
316,MLP,0.8182,0.7778,0.0,0.0,1.0
317,MLP,0.9091,0.7,0.0,0.0,1.0
318,MLP,0.9091,0.6,0.0,0.0,1.0
319,MLP,0.6364,0.5714,0.0,0.0,1.0
320,MLP,0.6364,0.4286,0.0,0.0,1.0
321,MLP,0.5455,0.8333,0.0,0.0,1.0
322,MLP,0.7273,0.5,0.0,0.0,1.0
323,MLP,0.8182,0.7778,0.0,0.0,1.0
324,MLP,0.8182,0.8889,0.0,0.0,1.0
325,MLP,1.0,0.5,0.0,0.0,1.0
326,MLP,0.8182,0.3333,0.0,0.0,1.0
327,MLP,0.8182,0.5556,0.0,0.0,1.0
328,MLP,0.7273,0.25,0.0,0.0,1.0
329,MLP,0.7273,0.75,0.0,0.0,1.0
330,MLP,0.6364,0.7143,0.0,0.0,1.0
331,MLP,0.9091,0.5,0.0,0.0,1.0
332,MLP,0.9091,0.5,0.0,0.0,1.0
333,MLP,0.8182,0.6667,0.0,0.0,1.0
334,MLP,0.7273,0.375,0.0,0.0,1.0
335,MLP,0.7273,0.375,0.0,0.0,1.0
336,MLP,0.6364,0.5714,0.0,0.0,1.0
337,MLP,0.5455,0.1667,0.0,0.0,1.0
338,MLP,1.0,0.5,0.0,0.0,1.0
339,MLP,0.8182,0.3333,0.0,0.0,1.0
340,MLP,0.5455,0.6667,0.0,0.0,1.0
341,MLP,0.5455,0.3333,0.0,0.0,1.0
342,MLP,0.8182,0.4444,0.0,0.0,1.0
343,MLP,0.4545,0.2,0.0,0.0,1.0
344,MLP,0.7273,0.625,0.0,0.0,1.0
345,MLP,0.7273,0.5,0.0,0.0,1.0
346,MLP,0.9091,0.6,0.0,0.0,1.0
347,MLP,0.5455,0.3333,0.0,0.0,1.0
348,MLP,0.7273,0.5,0.0,0.0,1.0
349,MLP,0.6364,0.2857,0.0,0.0,1.0
350,MLP,0.6364,0.2857,0.0,0.0,1.0
351,MLP,0.8182,0.5556,0.0,0.0,1.0
352,MLP,0.9091,0.5,0.0,0.0,1.0
353,MLP,0.7273,0.5,0.0,0.0,1.0
354,MLP,0.6364,0.2857,0.0,0.0,1.0
355,MLP,0.5455,0.6667,0.0,0.0,1.0
356,MLP,0.6364,0.2857,0.0,0.0,1.0
357,MLP,0.7273,0.625,0.0,0.0,1.0
358,MLP,0.6364,0.4286,0.0,0.0,1.0
359,MLP,0.9091,0.4,0.0,0.0,1.0
360,MLP,0.7273,0.625,0.0,0.0,1.0
361,MLP,0.6364,0.2857,0.0,0.0,1.0
362,MLP,0.8182,0.5556,0.0,0.0,1.0
363,MLP,0.9091,0.4,0.0,0.0,1.0
364,MLP,0.8182,0.4444,0.0,0.0,1.0
365,MLP,0.7273,0.5,0.0,0.0,1.0
366,MLP,0.8182,0.2222,0.0,0.0,1.0
367,MLP,0.8182,0.3333,0.0,0.0,1.0
368,MLP,0.8182,0.6667,0.0,0.0,1.0
369,MLP,0.5455,0.5,0.0,0.0,1.0
370,MLP,0.8182,0.6667,0.0,0.0,1.0
371,MLP,0.7273,0.75,0.0,0.0,1.0
372,MLP,0.9091,0.7,0.0,0.0,1.0
373,MLP,0.5455,0.3333,0.0,0.0,1.0
374,MLP,0.7273,0.875,0.0,0.0,1.0
375,MLP,0.5455,0.5,0.0,0.0,1.0
376,MLP,0.9091,0.5,0.0,0.0,1.0
377,MLP,0.6364,0.5714,0.0,0.0,1.0
378,MLP,0.7273,0.5,0.0,0.0,1.0
379,MLP,0.6364,0.2857,0.0,0.0,1.0
380,MLP,0.6364,0.4286,0.0,0.0,1.0
381,MLP,0.8182,0.5556,0.0,0.0,1.0
382,MLP,0.8182,0.5556,0.0,0.0,1.0
383,MLP,0.5455,0.5,0.0,0.0,1.0
384,MLP,0.8182,0.3333,0.0,0.0,1.0
385,MLP,0.5455,0.3333,0.0,0.0,1.0
386,MLP,0.7273,0.375,0.0,0.0,1.0
387,MLP,0.7273,0.875,0.0,0.0,1.0
388,MLP,0.8182,0.4444,0.0,0.0,1.0
389,MLP,0.8182,0.4444,0.0,0.0,1.0
390,MLP,0.8182,0.5556,0.0,0.0,1.0
391,MLP,0.7273,0.375,0.0,0.0,1.0
392,MLP,0.7273,0.375,0.0,0.0,1.0
393,MLP,0.7273,0.5,0.0,0.0,1.0
394,MLP,0.7273,0.625,0.0,0.0,1.0
395,MLP,0.6364,0.5714,0.0,0.0,1.0
396,MLP,0.7273,0.75,0.0,0.0,1.0
397,MLP,0.7273,0.75,0.0,0.0,1.0
398,MLP,0.8182,0.5556,0.0,0.0,1.0
399,MLP,0.5455,0.3333,0.0,0.0,1.0
400,MLP,0.8182,0.3333,0.0,0.0,1.0
401,MLP,0.4545,0.8,0.0,0.0,1.0
402,MLP,0.6364,1.0,0.0,0.0,1.0
403,MLP,0.7273,0.625,0.0,0.0,1.0
404,MLP,0.9091,0.3,0.0,0.0,1.0
405,MLP,0.5455,0.5,0.0,0.0,1.0
406,MLP,0.8182,0.5556,0.0,0.0,1.0
407,MLP,0.4545,0.2,0.0,0.0,1.0
408,MLP,0.8182,0.4444,0.0,0.0,1.0
409,MLP,0.6364,0.7143,0.0,0.0,1.0
410,MLP,0.7273,0.5,0.0,0.0,1.0
411,MLP,0.7273,0.5,0.0,0.0,1.0
412,MLP,0.4545,0.6,0.0,0.0,1.0
413,MLP,0.7273,0.375,0.0,0.0,1.0
414,MLP,0.5455,0.1667,0.0,0.0,1.0
415,MLP,1.0,0.5,0.0,0.0,1.0
416,MLP,0.7273,0.375,0.0,0.0,1.0
417,MLP,0.8182,0.5556,0.0,0.0,1.0
418,MLP,1.0,0.5,0.0,0.0,1.0
419,MLP,0.4545,0.6,0.0,0.0,1.0
420,MLP,0.8182,0.4444,0.0,0.0,1.0
421,MLP,0.7273,0.625,0.0,0.0,1.0
422,MLP,0.6364,0.4286,0.0,0.0,1.0
423,MLP,0.7273,0.375,0.0,0.0,1.0
424,MLP,0.6364,0.1429,0.0,0.0,1.0
425,MLP,0.5455,0.5,0.0,0.0,1.0
426,MLP,0.7273,0.875,0.0,0.0,1.0
427,MLP,0.7273,0.25,0.0,0.0,1.0
428,MLP,0.7273,0.625,0.0,0.0,1.0
429,MLP,0.9091,0.6,0.0,0.0,1.0
430,MLP,0.6364,0.4286,0.0,0.0,1.0
431,MLP,0.7273,0.5,0.0,0.0,1.0
432,MLP,1.0,0.5,0.0,0.0,1.0
433,MLP,0.8182,0.3333,0.0,0.0,1.0
434,MLP,0.8182,0.3333,0.0,0.0,1.0
435,MLP,0.6364,0.5714,0.0,0.0,1.0
436,MLP,0.8182,0.5556,0.0,0.0,1.0
437,MLP,0.6364,0.2857,0.0,0.0,1.0
438,MLP,0.5455,0.3333,0.0,0.0,1.0
439,MLP,0.8182,0.3333,0.0,0.0,1.0
440,MLP,0.6364,0.7143,0.0,0.0,1.0
441,MLP,0.3636,0.5,0.0,0.0,1.0
442,MLP,0.7273,0.625,0.0,0.0,1.0
443,MLP,0.4545,0.4,0.0,0.0,1.0
444,MLP,0.6364,0.5714,0.0,0.0,1.0
445,MLP,0.5455,0.6667,0.0,0.0,1.0
446,MLP,0.8182,0.2222,0.0,0.0,1.0
447,MLP,0.8182,0.3333,0.0,0.0,1.0
448,MLP,0.6364,0.5714,0.0,0.0,1.0
449,MLP,0.9091,0.5,0.0,0.0,1.0
450,MLP,0.6364,0.2857,0.0,0.0,1.0
451,MLP,0.8182,0.4444,0.0,0.0,1.0
452,MLP,0.9091,0.5,0.0,0.0,1.0
453,MLP,0.9091,0.2,0.0,0.0,1.0
454,MLP,0.6364,0.2857,0.0,0.0,1.0
455,MLP,0.9091,0.5,0.0,0.0,1.0
456,MLP,0.7273,0.375,0.0,0.0,1.0
457,MLP,0.8182,0.4444,0.0,0.0,1.0
458,MLP,0.6364,0.5714,0.0,0.0,1.0
459,MLP,0.7273,0.5,0.0,0.0,1.0
460,MLP,0.6364,0.5714,0.0,0.0,1.0
461,MLP,0.8182,0.5556,0.0,0.0,1.0
462,MLP,0.5455,0.5,0.0,0.0,1.0
463,MLP,0.7273,0.625,0.0,0.0,1.0
464,MLP,0.6364,0.5714,0.0,0.0,1.0
465,MLP,0.6364,0.5714,0.0,0.0,1.0
466,MLP,0.7273,0.375,0.0,0.0,1.0
467,MLP,0.9091,0.4,0.0,0.0,1.0
468,MLP,0.8182,0.3333,0.0,0.0,1.0
469,MLP,0.7273,0.5,0.0,0.0,1.0
470,MLP,0.7273,0.625,0.0,0.0,1.0
471,MLP,0.8182,0.2222,0.0,0.0,1.0
472,MLP,0.8182,0.5556,0.0,0.0,1.0
473,MLP,0.7273,0.125,0.0,0.0,1.0
474,MLP,0.9091,0.8,0.0,0.0,1.0
475,MLP,0.9091,0.8,0.0,0.0,1.0
476,MLP,0.7273,0.25,0.0,0.0,1.0
477,MLP,0.4545,0.4,0.0,0.0,1.0
478,MLP,0.7273,0.25,0.0,0.0,1.0
479,MLP,0.6364,0.4286,0.0,0.0,1.0
480,MLP,0.8182,0.6667,0.0,0.0,1.0
481,MLP,0.7273,0.75,0.0,0.0,1.0
482,MLP,0.5455,0.5,0.0,0.0,1.0
483,MLP,0.9091,0.5,0.0,0.0,1.0
484,MLP,0.8182,0.3333,0.0,0.0,1.0
485,MLP,0.8182,0.3333,0.0,0.0,1.0
486,MLP,0.7273,0.125,0.0,0.0,1.0
487,MLP,0.8182,0.1111,0.0,0.0,1.0
488,MLP,0.7273,0.5,0.0,0.0,1.0
489,MLP,0.9091,0.5,0.0,0.0,1.0
490,MLP,0.6364,0.2857,0.0,0.0,1.0
491,MLP,0.7273,0.625,0.0,0.0,1.0
492,MLP,0.7273,0.625,0.0,0.0,1.0
493,MLP,0.7273,0.25,0.0,0.0,1.0
494,MLP,0.6364,0.7143,0.0,0.0,1.0
495,MLP,0.5455,0.6667,0.0,0.0,1.0
496,MLP,0.6364,0.2857,0.0,0.0,1.0
497,MLP,0.5455,0.1667,0.0,0.0,1.0
498,MLP,0.6364,0.5714,0.0,0.0,1.0
499,MLP,0.8182,0.3333,0.0,0.0,1.0
500,MLP,0.8182,0.4444,0.0,0.0,1.0
501,MLP,0.8182,0.6667,0.0,0.0,1.0
502,MLP,0.8182,0.4444,0.0,0.0,1.0
503,MLP,0.7273,0.25,0.0,0.0,1.0
504,MLP,0.6364,0.2857,0.0,0.0,1.0
505,MLP,0.6364,0.5714,0.0,0.0,1.0
506,MLP,1.0,0.5,0.0,0.0,1.0
507,MLP,0.7273,0.625,0.0,0.0,1.0
508,MLP,0.9091,0.7,0.0,0.0,1.0
509,MLP,0.9091,0.7,0.0,0.0,1.0
510,MLP,0.8182,0.3333,0.0,0.0,1.0
511,MLP,0.9091,0.6,0.0,0.0,1.0
512,MLP,0.4545,1.0,0.0,0.0,1.0
513,MLP,1.0,0.5,0.0,0.0,1.0
514,MLP,0.8182,0.6667,0.0,0.0,1.0
515,MLP,0.9091,0.4,0.0,0.0,1.0
516,MLP,0.9091,0.4,0.0,0.0,1.0
517,MLP,0.8182,0.5556,0.0,0.0,1.0
518,MLP,0.9091,0.7,0.0,0.0,1.0
519,MLP,0.6364,0.1429,0.0,0.0,1.0
520,MLP,0.8182,0.6667,0.0,0.0,1.0
521,MLP,0.7273,0.5,0.0,0.0,1.0
522,MLP,0.4545,1.0,0.0,0.0,1.0
523,MLP,0.7273,0.5,0.0,0.0,1.0
524,MLP,0.7273,0.25,0.0,0.0,1.0
525,MLP,0.8182,0.4444,0.0,0.0,1.0
526,MLP,0.7273,0.625,0.0,0.0,1.0
527,MLP,0.8182,0.4444,0.0,0.0,1.0
528,MLP,0.7273,0.25,0.0,0.0,1.0
529,MLP,0.7273,0.5,0.0,0.0,1.0
530,MLP,0.7273,0.25,0.0,0.0,1.0
531,MLP,0.8182,0.6667,0.0,0.0,1.0
532,MLP,0.8182,0.5556,0.0,0.0,1.0
533,MLP,0.6364,0.4286,0.0,0.0,1.0
534,MLP,0.4545,0.4,0.0,0.0,1.0
535,MLP,0.9091,0.4,0.0,0.0,1.0
536,MLP,0.9091,0.3,0.0,0.0,1.0
537,MLP,0.5455,0.5,0.0,0.0,1.0
538,MLP,0.7273,0.75,0.0,0.0,1.0
539,MLP,0.9091,0.6,0.0,0.0,1.0
540,MLP,0.8182,0.5556,0.0,0.0,1.0
541,MLP,0.8182,0.4444,0.0,0.0,1.0
542,MLP,0.5455,0.5,0.0,0.0,1.0
543,MLP,0.8182,0.5556,0.0,0.0,1.0
544,MLP,0.4545,0.6,0.0,0.0,1.0
545,MLP,0.8182,0.3333,0.0,0.0,1.0
546,MLP,0.7273,0.125,0.0,0.0,1.0
547,MLP,0.9091,0.7,0.0,0.0,1.0
548,MLP,0.9091,0.8,0.0,0.0,1.0
549,MLP,0.9091,0.6,0.0,0.0,1.0
550,MLP,0.8182,0.4444,0.0,0.0,1.0
551,MLP,0.9091,0.7,0.0,0.0,1.0
552,MLP,0.8182,0.5556,0.0,0.0,1.0
553,MLP,0.6364,0.4286,0.0,0.0,1.0
554,MLP,0.7273,0.5,0.0,0.0,1.0
555,MLP,0.8182,0.4444,0.0,0.0,1.0
556,MLP,0.8182,0.4444,0.0,0.0,1.0
557,MLP,0.5455,0.5,0.0,0.0,1.0
558,MLP,0.5455,0.6667,0.0,0.0,1.0
559,MLP,0.8182,0.4444,0.0,0.0,1.0
560,MLP,0.7273,0.875,0.0,0.0,1.0
561,MLP,0.6364,0.2857,0.0,0.0,1.0
562,MLP,0.6364,0.4286,0.0,0.0,1.0
563,MLP,0.7273,0.375,0.0,0.0,1.0
564,MLP,0.8182,0.3333,0.0,0.0,1.0
565,MLP,1.0,0.5,0.0,0.0,1.0
566,MLP,0.9091,0.4,0.0,0.0,1.0
567,MLP,0.7273,0.375,0.0,0.0,1.0
568,MLP,0.7273,0.625,0.0,0.0,1.0
569,MLP,0.9091,0.5,0.0,0.0,1.0
570,MLP,0.6364,0.5714,0.0,0.0,1.0
571,MLP,0.6364,0.4286,0.0,0.0,1.0
572,MLP,1.0,0.5,0.0,0.0,1.0
573,MLP,0.6364,0.5714,0.0,0.0,1.0
574,MLP,0.5455,0.0,0.0,0.0,1.0
575,MLP,0.8182,0.7778,0.0,0.0,1.0
576,MLP,0.8182,0.4444,0.0,0.0,1.0
577,MLP,0.8182,0.6667,0.0,0.0,1.0
578,MLP,0.7273,0.375,0.0,0.0,1.0
579,MLP,0.8182,0.5556,0.0,0.0,1.0
580,MLP,0.6364,0.1429,0.0,0.0,1.0
581,MLP,0.7273,0.5,0.0,0.0,1.0
582,MLP,0.7273,0.5,0.0,0.0,1.0
583,MLP,0.8182,0.8889,0.0,0.0,1.0
584,MLP,0.6364,0.4286,0.0,0.0,1.0
585,MLP,0.8182,0.7778,0.0,0.0,1.0
586,MLP,0.7273,0.75,0.0,0.0,1.0
587,MLP,0.7273,0.5,0.0,0.0,1.0
588,MLP,0.7273,0.5,0.0,0.0,1.0
589,MLP,0.7273,0.625,0.0,0.0,1.0
590,MLP,1.0,0.5,0.0,0.0,1.0
591,MLP,0.7273,0.5,0.0,0.0,1.0
592,MLP,0.6364,0.2857,0.0,0.0,1.0
593,MLP,0.7273,0.375,0.0,0.0,1.0
594,MLP,0.7273,0.5,0.0,0.0,1.0
595,MLP,0.5455,0.6667,0.0,0.0,1.0
596,MLP,0.6364,0.2857,0.0,0.0,1.0
597,MLP,0.5455,0.6667,0.0,0.0,1.0
598,MLP,0.9091,0.3,0.0,0.0,1.0
599,MLP,0.6364,0.7143,0.0,0.0,1.0
600,MLP,0.6364,0.2857,0.0,0.0,1.0
601,MLP,0.5455,0.3333,0.0,0.0,1.0
602,MLP,0.5455,0.3333,0.0,0.0,1.0
603,MLP,0.6364,0.4286,0.0,0.0,1.0
604,MLP,0.9091,0.7,0.0,0.0,1.0
605,MLP,0.8182,0.5556,0.0,0.0,1.0
606,MLP,0.6364,0.2857,0.0,0.0,1.0
607,MLP,0.7273,0.375,0.0,0.0,1.0
608,MLP,0.6364,0.2857,0.0,0.0,1.0
609,MLP,0.6364,0.4286,0.0,0.0,1.0
610,MLP,0.9091,0.4,0.0,0.0,1.0
611,MLP,0.7273,0.25,0.0,0.0,1.0
612,MLP,0.8182,0.6667,0.0,0.0,1.0
613,MLP,0.9091,0.5,0.0,0.0,1.0
614,MLP,0.7273,0.625,0.0,0.0,1.0
615,MLP,0.6364,0.4286,0.0,0.0,1.0
616,MLP,0.9091,0.1,0.0,0.0,1.0
617,MLP,0.9091,0.4,0.0,0.0,1.0
618,MLP,0.9091,0.4,0.0,0.0,1.0
619,MLP,0.5455,0.6667,0.0,0.0,1.0
620,MLP,0.7273,0.375,0.0,0.0,1.0
621,MLP,0.8182,0.4444,0.0,0.0,1.0
622,MLP,0.8182,0.4444,0.0,0.0,1.0
623,MLP,0.7273,0.625,0.0,0.0,1.0
624,MLP,0.6364,0.2857,0.0,0.0,1.0
625,MLP,0.6364,0.4286,0.0,0.0,1.0
626,MLP,0.8182,0.4444,0.0,0.0,1.0
627,MLP,0.6364,0.4286,0.0,0.0,1.0
628,MLP,0.8182,0.3333,0.0,0.0,1.0
629,MLP,0.9091,0.7,0.0,0.0,1.0
630,MLP,0.6364,0.4286,0.0,0.0,1.0
631,MLP,0.8182,0.5556,0.0,0.0,1.0
632,MLP,0.8182,0.5556,0.0,0.0,1.0
633,MLP,0.8182,0.4444,0.0,0.0,1.0
634,MLP,0.6364,0.4286,0.0,0.0,1.0
635,MLP,0.4545,0.6,0.0,0.0,1.0
636,MLP,0.6364,0.1429,0.0,0.0,1.0
637,MLP,0.5455,0.3333,0.0,0.0,1.0
638,MLP,0.9091,0.6,0.0,0.0,1.0
639,MLP,0.7273,0.5,0.0,0.0,1.0
640,MLP,0.7273,0.5,0.0,0.0,1.0
641,MLP,0.9091,0.6,0.0,0.0,1.0
642,MLP,0.8182,0.6667,0.0,0.0,1.0
643,MLP,1.0,0.5,0.0,0.0,1.0
644,MLP,0.5455,0.5,0.0,0.0,1.0
645,MLP,1.0,0.5,0.0,0.0,1.0
646,MLP,0.7273,0.625,0.0,0.0,1.0
647,MLP,0.7273,0.125,0.0,0.0,1.0
648,MLP,0.7273,0.375,0.0,0.0,1.0
649,MLP,0.9091,0.3,0.0,0.0,1.0
650,MLP,0.9091,0.3,0.0,0.0,1.0
651,MLP,0.7273,0.75,0.0,0.0,1.0
652,MLP,0.8182,0.6667,0.0,0.0,1.0
653,MLP,0.6364,0.5714,0.0,0.0,1.0
654,MLP,0.6364,0.2857,0.0,0.0,1.0
655,MLP,0.8182,0.6667,0.0,0.0,1.0
656,MLP,0.6364,0.5714,0.0,0.0,1.0
657,MLP,0.6364,0.8571,0.0,0.0,1.0
658,MLP,0.7273,0.625,0.0,0.0,1.0
659,MLP,0.6364,0.7143,0.0,0.0,1.0
660,MLP,0.6364,0.2857,0.0,0.0,1.0
661,MLP,0.8182,0.6667,0.0,0.0,1.0
662,MLP,0.6364,0.4286,0.0,0.0,1.0
663,MLP,0.7273,0.625,0.0,0.0,1.0
664,MLP,0.9091,0.7,0.0,0.0,1.0
665,MLP,0.9091,0.5,0.0,0.0,1.0
666,MLP,0.4545,0.4,0.0,0.0,1.0
667,MLP,0.7273,0.375,0.0,0.0,1.0
668,MLP,0.4545,0.6,0.0,0.0,1.0
669,MLP,0.7273,0.5,0.0,0.0,1.0
670,MLP,0.8182,0.6667,0.0,0.0,1.0
671,MLP,0.6364,0.5714,0.0,0.0,1.0
672,MLP,0.6364,0.4286,0.0,0.0,1.0
673,MLP,0.6364,0.2857,0.0,0.0,1.0
674,MLP,0.7273,0.625,0.0,0.0,1.0
675,MLP,0.9091,0.5,0.0,0.0,1.0
676,MLP,0.5455,0.6667,0.0,0.0,1.0
677,MLP,0.8182,0.4444,0.0,0.0,1.0
678,MLP,0.7273,0.5,0.0,0.0,1.0
679,MLP,0.7273,0.625,0.0,0.0,1.0
680,MLP,0.7273,0.5,0.0,0.0,1.0
681,MLP,0.9091,0.3,0.0,0.0,1.0
682,MLP,0.7273,0.625,0.0,0.0,1.0
683,MLP,0.9091,0.3,0.0,0.0,1.0
684,MLP,0.8182,0.4444,0.0,0.0,1.0
685,MLP,0.7273,0.625,0.0,0.0,1.0
686,MLP,0.9091,0.5,0.0,0.0,1.0
687,MLP,0.4545,0.4,0.0,0.0,1.0
688,MLP,0.7273,0.75,0.0,0.0,1.0
689,MLP,1.0,0.5,0.0,0.0,1.0
690,MLP,0.5455,0.6667,0.0,0.0,1.0
691,MLP,0.6364,0.5714,0.0,0.0,1.0
692,MLP,0.5455,0.3333,0.0,0.0,1.0
693,MLP,0.7273,0.625,0.0,0.0,1.0
694,MLP,0.8182,0.4444,0.0,0.0,1.0
695,MLP,0.9091,0.7,0.0,0.0,1.0
696,MLP,0.7273,0.625,0.0,0.0,1.0
697,MLP,0.7273,0.375,0.0,0.0,1.0
698,MLP,0.7273,0.625,0.0,0.0,1.0
699,MLP,0.6364,0.7143,0.0,0.0,1.0
700,MLP,0.4545,0.8,0.0,0.0,1.0
701,MLP,0.9091,0.4,0.0,0.0,1.0
702,MLP,0.7273,0.75,0.0,0.0,1.0
703,MLP,0.9091,0.4,0.0,0.0,1.0
704,MLP,0.9091,0.4,0.0,0.0,1.0
705,MLP,0.8182,0.3333,0.0,0.0,1.0
706,MLP,0.6364,0.5714,0.0,0.0,1.0
707,MLP,0.6364,0.4286,0.0,0.0,1.0
708,MLP,0.7273,0.125,0.0,0.0,1.0
709,MLP,0.5455,0.3333,0.0,0.0,1.0
710,MLP,0.8182,0.5556,0.0,0.0,1.0
711,MLP,0.9091,0.3,0.0,0.0,1.0
712,MLP,0.8182,0.2222,0.0,0.0,1.0
713,MLP,0.7273,0.75,0.0,0.0,1.0
714,MLP,0.8182,0.6667,0.0,0.0,1.0
715,MLP,0.5455,0.1667,0.0,0.0,1.0
716,MLP,0.6364,0.1429,0.0,0.0,1.0
717,MLP,0.5455,0.1667,0.0,0.0,1.0
718,MLP,0.7273,0.5,0.0,0.0,1.0
719,MLP,0.6364,0.7143,0.0,0.0,1.0
720,MLP,0.6364,0.2857,0.0,0.0,1.0
721,MLP,0.9091,0.4,0.0,0.0,1.0
722,MLP,0.9091,0.4,0.0,0.0,1.0
723,MLP,0.6364,0.2857,0.0,0.0,1.0
724,MLP,1.0,0.5,0.0,0.0,1.0
725,MLP,0.8182,0.7778,0.0,0.0,1.0
726,MLP,0.7273,0.5,0.0,0.0,1.0
727,MLP,0.9091,0.5,0.0,0.0,1.0
728,MLP,0.7273,0.75,0.0,0.0,1.0
729,MLP,1.0,0.5,0.0,0.0,1.0
730,MLP,0.9091,0.6,0.0,0.0,1.0
731,MLP,0.7273,0.5,0.0,0.0,1.0
732,MLP,0.8182,0.3333,0.0,0.0,1.0
733,MLP,0.7273,0.625,0.0,0.0,1.0
734,MLP,0.5455,0.0,0.0,0.0,1.0
735,MLP,0.5455,0.5,0.0,0.0,1.0
736,MLP,0.8182,0.4444,0.0,0.0,1.0
737,MLP,0.5455,0.5,0.0,0.0,1.0
738,MLP,0.7273,0.75,0.0,0.0,1.0
739,MLP,0.6364,0.5714,0.0,0.0,1.0
740,MLP,0.6364,0.7143,0.0,0.0,1.0
741,MLP,0.7273,0.5,0.0,0.0,1.0
742,MLP,0.8182,0.3333,0.0,0.0,1.0
743,MLP,0.8182,0.5556,0.0,0.0,1.0
744,MLP,1.0,0.5,0.0,0.0,1.0
745,MLP,0.6364,0.2857,0.0,0.0,1.0
746,MLP,0.6364,0.1429,0.0,0.0,1.0
747,MLP,0.9091,0.6,0.0,0.0,1.0
748,MLP,0.6364,0.1429,0.0,0.0,1.0
749,MLP,0.6364,0.2857,0.0,0.0,1.0
750,MLP,0.7273,0.75,0.0,0.0,1.0
751,MLP,1.0,0.5,0.0,0.0,1.0
752,MLP,0.4545,0.4,0.0,0.0,1.0
753,MLP,0.6364,0.7143,0.0,0.0,1.0
754,MLP,0.7273,0.375,0.0,0.0,1.0
755,MLP,0.6364,0.7143,0.0,0.0,1.0
756,MLP,0.9091,0.4,0.0,0.0,1.0
757,MLP,0.6364,0.1429,0.0,0.0,1.0
758,MLP,0.8182,0.4444,0.0,0.0,1.0
759,MLP,0.8182,0.4444,0.0,0.0,1.0
760,MLP,0.8182,0.4444,0.0,0.0,1.0
761,MLP,0.7273,0.75,0.0,0.0,1.0
762,MLP,0.7273,0.625,0.0,0.0,1.0
763,MLP,0.6364,0.1429,0.0,0.0,1.0
764,MLP,0.7273,0.5,0.0,0.0,1.0
765,MLP,0.9091,0.4,0.0,0.0,1.0
766,MLP,0.8182,0.3333,0.0,0.0,1.0
767,MLP,0.8182,0.5556,0.0,0.0,1.0
768,MLP,0.7273,0.5,0.0,0.0,1.0
769,MLP,0.7273,0.75,0.0,0.0,1.0
770,MLP,0.6364,0.5714,0.0,0.0,1.0
771,MLP,0.6364,0.2857,0.0,0.0,1.0
772,MLP,0.9091,0.6,0.0,0.0,1.0
773,MLP,0.7273,0.375,0.0,0.0,1.0
774,MLP,0.7273,0.25,0.0,0.0,1.0
775,MLP,1.0,0.5,0.0,0.0,1.0
776,MLP,0.7273,0.875,0.0,0.0,1.0
777,MLP,0.3636,0.5,0.0,0.0,1.0
778,MLP,0.7273,0.25,0.0,0.0,1.0
779,MLP,0.9091,0.4,0.0,0.0,1.0
780,MLP,0.9091,0.2,0.0,0.0,1.0
781,MLP,0.7273,0.375,0.0,0.0,1.0
782,MLP,0.6364,0.2857,0.0,0.0,1.0
783,MLP,0.8182,0.3333,0.0,0.0,1.0
784,MLP,0.8182,0.3333,0.0,0.0,1.0
785,MLP,0.7273,0.5,0.0,0.0,1.0
786,MLP,0.5455,0.1667,0.0,0.0,1.0
787,MLP,0.8182,0.7778,0.0,0.0,1.0
788,MLP,0.5455,0.5,0.0,0.0,1.0
789,MLP,0.8182,0.5556,0.0,0.0,1.0
790,MLP,0.9091,0.4,0.0,0.0,1.0
791,MLP,0.7273,0.625,0.0,0.0,1.0
792,MLP,1.0,0.5,0.0,0.0,1.0
793,MLP,0.9091,0.3,0.0,0.0,1.0
794,MLP,0.8182,0.2222,0.0,0.0,1.0
795,MLP,0.4545,0.2,0.0,0.0,1.0
796,MLP,0.5455,0.5,0.0,0.0,1.0
797,MLP,0.6364,0.2857,0.0,0.0,1.0
798,MLP,1.0,0.5,0.0,0.0,1.0
799,MLP,0.7273,0.625,0.0,0.0,1.0
800,MLP,0.7273,0.625,0.0,0.0,1.0
801,MLP,0.8182,0.5556,0.0,0.0,1.0
802,MLP,0.4545,0.8,0.0,0.0,1.0
803,MLP,0.9091,0.2,0.0,0.0,1.0
804,MLP,0.5455,0.3333,0.0,0.0,1.0
805,MLP,0.6364,0.4286,0.0,0.0,1.0
806,MLP,0.6364,0.5714,0.0,0.0,1.0
807,MLP,0.8182,0.4444,0.0,0.0,1.0
808,MLP,0.8182,0.4444,0.0,0.0,1.0
809,MLP,0.9091,0.5,0.0,0.0,1.0
810,MLP,0.5455,0.5,0.0,0.0,1.0
811,MLP,0.7273,0.625,0.0,0.0,1.0
812,MLP,0.8182,0.5556,0.0,0.0,1.0
813,MLP,0.8182,0.2222,0.0,0.0,1.0
814,MLP,0.8182,0.6667,0.0,0.0,1.0
815,MLP,0.7273,0.125,0.0,0.0,1.0
816,MLP,0.8182,0.5556,0.0,0.0,1.0
817,MLP,0.6364,0.7143,0.0,0.0,1.0
818,MLP,0.8182,0.6667,0.0,0.0,1.0
819,MLP,0.9091,0.6,0.0,0.0,1.0
820,MLP,0.4545,0.4,0.0,0.0,1.0
821,MLP,0.8182,0.5556,0.0,0.0,1.0
822,MLP,0.6364,0.5714,0.0,0.0,1.0
823,MLP,0.6364,0.2857,0.0,0.0,1.0
824,MLP,0.7273,0.5,0.0,0.0,1.0
825,MLP,0.8182,0.6667,0.0,0.0,1.0
826,MLP,0.9091,0.7,0.0,0.0,1.0
827,MLP,0.8182,0.4444,0.0,0.0,1.0
828,MLP,0.6364,0.2857,0.0,0.0,1.0
829,MLP,0.7273,0.25,0.0,0.0,1.0
830,MLP,0.9091,0.6,0.0,0.0,1.0
831,MLP,0.7273,0.25,0.0,0.0,1.0
832,MLP,0.8182,0.3333,0.0,0.0,1.0
833,MLP,0.6364,0.5714,0.0,0.0,1.0
834,MLP,0.7273,0.375,0.0,0.0,1.0
835,MLP,0.8182,0.5556,0.0,0.0,1.0
836,MLP,0.8182,0.3333,0.0,0.0,1.0
837,MLP,0.4545,0.0,0.0,0.0,1.0
838,MLP,0.6364,0.4286,0.0,0.0,1.0
839,MLP,0.7273,0.625,0.0,0.0,1.0
840,MLP,0.9091,0.7,0.0,0.0,1.0
841,MLP,0.7273,0.375,0.0,0.0,1.0
842,MLP,0.9091,0.5,0.0,0.0,1.0
843,MLP,0.4545,0.6,0.0,0.0,1.0
844,MLP,0.8182,0.5556,0.0,0.0,1.0
845,MLP,0.8182,0.5556,0.0,0.0,1.0
846,MLP,0.7273,0.75,0.0,0.0,1.0
847,MLP,0.6364,0.8571,0.0,0.0,1.0
848,MLP,0.8182,0.6667,0.0,0.0,1.0
849,MLP,0.9091,0.6,0.0,0.0,1.0
850,MLP,0.6364,0.2857,0.0,0.0,1.0
851,MLP,0.7273,0.375,0.0,0.0,1.0
852,MLP,0.8182,0.4444,0.0,0.0,1.0
853,MLP,0.5455,0.3333,0.0,0.0,1.0
854,MLP,0.6364,0.8571,0.0,0.0,1.0
855,MLP,0.6364,0.7143,0.0,0.0,1.0
856,MLP,0.7273,0.125,0.0,0.0,1.0
857,MLP,0.7273,0.5,0.0,0.0,1.0
858,MLP,0.6364,0.7143,0.0,0.0,1.0
859,MLP,0.8182,0.5556,0.0,0.0,1.0
860,MLP,0.5455,0.5,0.0,0.0,1.0
861,MLP,0.9091,0.4,0.0,0.0,1.0
862,MLP,0.9091,0.2,0.0,0.0,1.0
863,MLP,0.5455,0.8333,0.0,0.0,1.0
864,MLP,0.7273,0.125,0.0,0.0,1.0
865,MLP,0.5455,0.6667,0.0,0.0,1.0
866,MLP,0.8182,0.7778,0.0,0.0,1.0
867,MLP,0.8182,0.6667,0.0,0.0,1.0
868,MLP,0.3636,0.5,0.0,0.0,1.0
869,MLP,0.7273,0.5,0.0,0.0,1.0
870,MLP,0.7273,0.625,0.0,0.0,1.0
871,MLP,0.7273,0.625,0.0,0.0,1.0
872,MLP,0.9091,0.3,0.0,0.0,1.0
873,MLP,0.8182,0.5556,0.0,0.0,1.0
874,MLP,0.5455,0.3333,0.0,0.0,1.0
875,MLP,0.6364,0.4286,0.0,0.0,1.0
876,MLP,0.5455,0.6667,0.0,0.0,1.0
877,MLP,0.8182,1.0,0.0,0.0,1.0
878,MLP,0.7273,0.375,0.0,0.0,1.0
879,MLP,0.8182,0.2222,0.0,0.0,1.0
880,MLP,0.7273,0.5,0.0,0.0,1.0
881,MLP,0.8182,0.5556,0.0,0.0,1.0
882,MLP,0.6364,0.5714,0.0,0.0,1.0
883,MLP,0.9091,0.5,0.0,0.0,1.0
884,MLP,0.8182,0.2222,0.0,0.0,1.0
885,MLP,0.7273,0.625,0.0,0.0,1.0
886,MLP,0.6364,0.5714,0.0,0.0,1.0
887,MLP,0.7273,0.625,0.0,0.0,1.0
888,MLP,0.7273,0.75,0.0,0.0,1.0
889,MLP,0.8182,0.5556,0.0,0.0,1.0
890,MLP,0.9091,0.6,0.0,0.0,1.0
891,MLP,0.7273,0.25,0.0,0.0,1.0
892,MLP,0.6364,0.4286,0.0,0.0,1.0
893,MLP,0.8182,0.5556,0.0,0.0,1.0
894,MLP,0.8182,0.7778,0.0,0.0,1.0
895,MLP,0.6364,0.4286,0.0,0.0,1.0
896,MLP,0.7273,0.5,0.0,0.0,1.0
897,MLP,0.7273,0.5,0.0,0.0,1.0
898,MLP,0.8182,0.5556,0.0,0.0,1.0
899,MLP,0.4545,0.4,0.0,0.0,1.0
900,MLP,0.9091,0.4,0.0,0.0,1.0
901,MLP,0.5455,0.5,0.0,0.0,1.0
902,MLP,0.5455,0.5,0.0,0.0,1.0
903,MLP,0.6364,0.2857,0.0,0.0,1.0
904,MLP,0.6364,0.8571,0.0,0.0,1.0
905,MLP,0.8182,0.5556,0.0,0.0,1.0
906,MLP,0.7273,0.625,0.0,0.0,1.0
907,MLP,0.6364,0.4286,0.0,0.0,1.0
908,MLP,0.9091,0.7,0.0,0.0,1.0
909,MLP,0.6364,0.2857,0.0,0.0,1.0
910,MLP,0.9091,0.3,0.0,0.0,1.0
911,MLP,0.6364,0.7143,0.0,0.0,1.0
912,MLP,0.8182,0.3333,0.0,0.0,1.0
913,MLP,0.9091,0.4,0.0,0.0,1.0
914,MLP,0.5455,0.5,0.0,0.0,1.0
915,MLP,0.8182,0.4444,0.0,0.0,1.0
916,MLP,0.9091,0.6,0.0,0.0,1.0
917,MLP,0.8182,0.7778,0.0,0.0,1.0
918,MLP,0.6364,0.2857,0.0,0.0,1.0
919,MLP,0.7273,0.75,0.0,0.0,1.0
920,MLP,0.6364,0.5714,0.0,0.0,1.0
921,MLP,0.6364,0.5714,0.0,0.0,1.0
922,MLP,0.7273,0.5,0.0,0.0,1.0
923,MLP,0.5455,0.6667,0.0,0.0,1.0
924,MLP,0.8182,0.3333,0.0,0.0,1.0
925,MLP,0.6364,0.7143,0.0,0.0,1.0
926,MLP,0.8182,0.4444,0.0,0.0,1.0
927,MLP,0.8182,0.4444,0.0,0.0,1.0
928,MLP,0.7273,0.375,0.0,0.0,1.0
929,MLP,0.7273,0.375,0.0,0.0,1.0
930,MLP,0.7273,0.625,0.0,0.0,1.0
931,MLP,0.7273,0.375,0.0,0.0,1.0
932,MLP,0.6364,0.4286,0.0,0.0,1.0
933,MLP,0.7273,0.5,0.0,0.0,1.0
934,MLP,0.5455,0.3333,0.0,0.0,1.0
935,MLP,0.7273,0.75,0.0,0.0,1.0
936,MLP,0.6364,0.8571,0.0,0.0,1.0
937,MLP,0.5455,0.5,0.0,0.0,1.0
938,MLP,0.4545,0.2,0.0,0.0,1.0
939,MLP,0.7273,0.75,0.0,0.0,1.0
940,MLP,0.5455,0.5,0.0,0.0,1.0
941,MLP,0.6364,0.4286,0.0,0.0,1.0
942,MLP,0.7273,0.5,0.0,0.0,1.0
943,MLP,0.9091,0.6,0.0,0.0,1.0
944,MLP,0.7273,0.125,0.0,0.0,1.0
945,MLP,0.8182,0.4444,0.0,0.0,1.0
946,MLP,0.7273,0.625,0.0,0.0,1.0
947,MLP,0.7273,0.625,0.0,0.0,1.0
948,MLP,0.7273,0.625,0.0,0.0,1.0
949,MLP,0.6364,0.5714,0.0,0.0,1.0
950,MLP,0.8182,0.6667,0.0,0.0,1.0
951,MLP,0.6364,0.4286,0.0,0.0,1.0
952,MLP,0.7273,0.5,0.0,0.0,1.0
953,MLP,0.6364,0.4286,0.0,0.0,1.0
954,MLP,0.7273,0.625,0.0,0.0,1.0
955,MLP,0.6364,0.1429,0.0,0.0,1.0
956,MLP,0.6364,0.5714,0.0,0.0,1.0
957,MLP,0.8182,0.3333,0.0,0.0,1.0
958,MLP,0.5455,0.6667,0.0,0.0,1.0
959,MLP,0.6364,0.5714,0.0,0.0,1.0
960,MLP,0.9091,0.8,0.0,0.0,1.0
961,MLP,0.7273,0.625,0.0,0.0,1.0
962,MLP,0.6364,0.5714,0.0,0.0,1.0
963,MLP,0.7273,0.625,0.0,0.0,1.0
964,MLP,0.6364,0.2857,0.0,0.0,1.0
965,MLP,0.5455,0.3333,0.0,0.0,1.0
966,MLP,0.5455,0.1667,0.0,0.0,1.0
967,MLP,0.7273,0.5,0.0,0.0,1.0
968,MLP,0.6364,0.2857,0.0,0.0,1.0
969,MLP,0.6364,0.2857,0.0,0.0,1.0
970,MLP,0.6364,0.1429,0.0,0.0,1.0
971,MLP,0.6364,0.5714,0.0,0.0,1.0
972,MLP,0.8182,0.5556,0.0,0.0,1.0
973,MLP,0.8182,0.6667,0.0,0.0,1.0
974,MLP,0.6364,0.1429,0.0,0.0,1.0
975,MLP,0.7273,0.625,0.0,0.0,1.0
976,MLP,0.8182,0.3333,0.0,0.0,1.0
977,MLP,0.6364,0.5714,0.0,0.0,1.0
978,MLP,0.5455,0.3333,0.0,0.0,1.0
979,MLP,0.7273,0.5,0.0,0.0,1.0
980,MLP,0.6364,0.2857,0.0,0.0,1.0
981,MLP,0.7273,0.625,0.0,0.0,1.0
982,MLP,0.8182,0.4444,0.0,0.0,1.0
983,MLP,0.7273,0.625,0.0,0.0,1.0
984,MLP,0.7273,0.625,0.0,0.0,1.0
985,MLP,0.4545,0.4,0.0,0.0,1.0
986,MLP,0.5455,0.6667,0.0,0.0,1.0
987,MLP,0.9091,0.6,0.0,0.0,1.0
988,MLP,0.7273,0.875,0.0,0.0,1.0
989,MLP,0.7273,0.5,0.0,0.0,1.0
990,MLP,0.6364,0.5714,0.0,0.0,1.0
991,MLP,0.9091,0.6,0.0,0.0,1.0
992,MLP,0.6364,0.2857,0.0,0.0,1.0
993,MLP,0.6364,0.5714,0.0,0.0,1.0
994,MLP,0.7273,0.5,0.0,0.0,1.0
995,MLP,0.4545,0.2,0.0,0.0,1.0
996,MLP,0.4545,0.2,0.0,0.0,1.0
997,MLP,0.7273,0.375,0.0,0.0,1.0
998,MLP,0.9091,0.4,0.0,0.0,1.0
999,MLP,0.4545,0.4,0.0,0.0,1.0
1000,MLP,0.9091,0.3,0.0,0.0,1.0
1,MobileNet,0.8182,0.1111,0.0,0.0,1.0
2,MobileNet,0.3636,0.4444,0.0,0.0,0.4444
3,MobileNet,0.4545,0.4,0.0,0.0,0.8333
4,MobileNet,0.4545,0.2857,0.0,0.0,0.7143
5,MobileNet,0.6364,0.5833,0.0,0.0,0.875
6,MobileNet,0.5455,0.5,0.0,0.0,0.5455
7,MobileNet,0.8182,0.7,0.0,0.0,0.9
8,MobileNet,0.7273,0.6111,0.0,0.0,0.8889
9,MobileNet,0.3636,0.25,0.0,0.0,0.5
10,MobileNet,0.7273,0.7083,0.0,0.0,1.0
11,MobileNet,0.5455,0.4444,0.0,0.0,0.6667
12,MobileNet,0.9091,0.3,0.0,0.0,1.0
13,MobileNet,0.6364,0.6,0.0,0.0,0.7
14,MobileNet,0.6364,0.5,0.0,0.0,1.0
15,MobileNet,0.1818,0.2143,0.0,0.0,0.2857
16,MobileNet,0.5455,0.6667,0.0,0.0,0.6667
17,MobileNet,0.4545,0.5,0.0,0.0,0.5
18,MobileNet,0.4545,0.4,0.0,0.0,0.5
19,MobileNet,0.5455,0.6071,0.0,0.0,0.8571
20,MobileNet,0.5455,0.6429,0.0,0.0,0.8571
21,MobileNet,0.6364,0.3333,0.0,0.0,0.7778
22,MobileNet,0.4545,0.25,0.0,0.0,0.625
23,MobileNet,0.7273,0.5,0.0,0.0,0.8
24,MobileNet,0.5455,0.375,0.0,0.0,0.75
25,MobileNet,0.3636,0.7,0.0,0.0,0.8
26,MobileNet,0.7273,0.6111,0.0,0.0,0.8889
27,MobileNet,0.5455,0.5556,0.0,0.0,0.6667
28,MobileNet,0.6364,0.4167,0.0,0.0,0.875
29,MobileNet,0.6364,0.3333,0.0,0.0,0.7778
30,MobileNet,0.6364,0.5833,0.0,0.0,0.875
31,MobileNet,0.8182,0.2778,0.0,0.0,1.0
32,MobileNet,0.3636,0.1333,0.0,0.0,0.6667
33,MobileNet,0.6364,0.5714,0.0,0.0,1.0
34,MobileNet,0.3636,0.4583,0.0,0.0,0.5
35,MobileNet,0.4545,0.4444,0.0,0.0,0.5556
36,MobileNet,0.3636,0.4643,0.0,0.0,0.5714
37,MobileNet,0.5455,0.4583,0.0,0.0,0.75
38,MobileNet,0.3636,0.2143,0.0,0.0,0.5714
39,MobileNet,0.5455,0.1111,0.0,0.0,0.6667
40,MobileNet,0.5455,0.5417,0.0,0.0,0.75
41,MobileNet,0.5455,0.2083,0.0,0.0,0.75
42,MobileNet,0.2727,0.2667,0.0,0.0,0.6
43,MobileNet,0.6364,0.7143,0.0,0.0,1.0
44,MobileNet,0.3636,0.0833,0.0,0.0,0.5
45,MobileNet,0.6364,0.6667,0.0,0.0,0.7778
46,MobileNet,0.4545,0.6667,0.0,0.0,0.8333
47,MobileNet,0.9091,0.9,0.0,0.0,1.0
48,MobileNet,0.4545,0.2917,0.0,0.0,0.625
49,MobileNet,0.5455,0.8214,0.0,0.0,0.8571
50,MobileNet,0.5455,0.1429,0.0,0.0,0.8571
51,MobileNet,0.6364,0.3333,0.0,0.0,0.875
52,MobileNet,0.4545,0.3333,0.0,0.0,0.5556
53,MobileNet,0.7273,0.5,0.0,0.0,0.7273
54,MobileNet,0.6364,0.4,0.0,0.0,0.7
55,MobileNet,0.4545,0.5,0.0,0.0,0.8333
56,MobileNet,0.3636,0.5333,0.0,0.0,0.8
57,MobileNet,0.5455,0.8,0.0,0.0,1.0
58,MobileNet,0.7273,0.6,0.0,0.0,0.8
59,MobileNet,0.6364,0.3889,0.0,0.0,0.7778
60,MobileNet,0.5455,0.5,0.0,0.0,0.8571
61,MobileNet,0.5455,0.0,0.0,0.0,0.6
62,MobileNet,0.4545,0.3333,0.0,0.0,0.625
63,MobileNet,0.6364,0.0,0.0,0.0,0.875
64,MobileNet,0.3636,0.3333,0.0,0.0,0.5
65,MobileNet,0.6364,0.3571,0.0,0.0,1.0
66,MobileNet,0.5455,0.3571,0.0,0.0,0.8571
67,MobileNet,0.5455,0.625,0.0,0.0,0.75
68,MobileNet,0.4545,0.1071,0.0,0.0,0.7143
69,MobileNet,0.5455,0.8333,0.0,0.0,1.0
70,MobileNet,0.4545,0.4583,0.0,0.0,0.625
71,MobileNet,0.9091,0.5,0.0,0.0,0.9091
72,MobileNet,0.5455,0.0,0.0,0.0,0.6
73,MobileNet,0.5455,0.4583,0.0,0.0,0.75
74,MobileNet,0.6364,0.4286,0.0,0.0,1.0
75,MobileNet,0.3636,0.4643,0.0,0.0,0.5714
76,MobileNet,0.4545,0.5714,0.0,0.0,0.7143
77,MobileNet,0.7273,0.5,0.0,0.0,0.8
78,MobileNet,0.5455,0.7857,0.0,0.0,0.8571
79,MobileNet,0.4545,0.2857,0.0,0.0,0.7143
80,MobileNet,0.3636,0.6667,0.0,0.0,0.6667
81,MobileNet,0.6364,0.3333,0.0,0.0,0.7778
82,MobileNet,0.4545,0.3214,0.0,0.0,0.7143
83,MobileNet,0.5455,0.4643,0.0,0.0,0.8571
84,MobileNet,0.7273,0.0,0.0,0.0,0.8
85,MobileNet,0.7273,0.7,0.0,0.0,0.8
86,MobileNet,0.5455,0.5667,0.0,0.0,1.0
87,MobileNet,0.4545,0.4583,0.0,0.0,0.625
88,MobileNet,0.4545,0.5417,0.0,0.0,0.625
89,MobileNet,0.6364,0.4167,0.0,0.0,0.875
90,MobileNet,0.5455,0.5,0.0,0.0,0.75
91,MobileNet,0.3636,0.375,0.0,0.0,0.5
92,MobileNet,0.4545,0.5,0.0,0.0,0.625
93,MobileNet,0.5455,0.6429,0.0,0.0,0.8571
94,MobileNet,0.2727,0.2143,0.0,0.0,0.4286
95,MobileNet,0.5455,0.2083,0.0,0.0,0.75
96,MobileNet,0.3636,0.2667,0.0,0.0,0.6667
97,MobileNet,0.3636,0.4,0.0,0.0,0.6667
98,MobileNet,0.5455,0.1667,0.0,0.0,0.6667
99,MobileNet,0.9091,0.5,0.0,0.0,0.9091
100,MobileNet,0.5455,0.6667,0.0,0.0,0.6667
101,MobileNet,0.6364,0.75,0.0,0.0,0.875
102,MobileNet,0.5455,0.4333,0.0,0.0,1.0
103,MobileNet,0.6364,0.2143,0.0,0.0,1.0
104,MobileNet,0.3636,0.375,0.0,0.0,0.5
105,MobileNet,0.6364,0.5417,0.0,0.0,0.875
106,MobileNet,0.2727,0.25,0.0,0.0,0.375
107,MobileNet,0.4545,0.4444,0.0,0.0,0.5556
108,MobileNet,0.3636,0.4286,0.0,0.0,0.5714
109,MobileNet,0.5455,0.3889,0.0,0.0,0.6667
110,MobileNet,0.2727,0.3667,0.0,0.0,0.5
111,MobileNet,0.4545,0.5556,0.0,0.0,0.5556
112,MobileNet,0.4545,0.5357,0.0,0.0,0.7143
113,MobileNet,0.6364,0.375,0.0,0.0,0.875
114,MobileNet,0.5455,0.2857,0.0,0.0,0.8571
115,MobileNet,0.5455,0.1786,0.0,0.0,0.8571
116,MobileNet,0.3636,0.4286,0.0,0.0,0.5714
117,MobileNet,0.3636,0.1667,0.0,0.0,0.5
118,MobileNet,0.5455,0.4643,0.0,0.0,0.8571
119,MobileNet,0.3636,0.2857,0.0,0.0,0.5714
120,MobileNet,0.6364,0.1,0.0,0.0,0.7
121,MobileNet,0.6364,0.2222,0.0,0.0,0.7778
122,MobileNet,0.6364,0.6,0.0,0.0,0.7
123,MobileNet,0.3636,0.0357,0.0,0.0,0.5714
124,MobileNet,0.3636,0.125,0.0,0.0,0.5
125,MobileNet,0.6364,0.5,0.0,0.0,0.875
126,MobileNet,0.5455,0.5,0.0,0.0,0.6667
127,MobileNet,0.6364,0.4286,0.0,0.0,1.0
128,MobileNet,0.5455,0.5714,0.0,0.0,0.8571
129,MobileNet,0.6364,0.5357,0.0,0.0,1.0
130,MobileNet,0.5455,0.2857,0.0,0.0,0.8571
131,MobileNet,0.9091,0.9,0.0,0.0,1.0
132,MobileNet,0.4545,0.6,0.0,0.0,0.8333
133,MobileNet,0.3636,0.25,0.0,0.0,0.5
134,MobileNet,0.4545,0.3333,0.0,0.0,0.625
135,MobileNet,0.6364,0.375,0.0,0.0,0.875
136,MobileNet,0.6364,0.25,0.0,0.0,0.875
137,MobileNet,0.7273,0.7222,0.0,0.0,0.8889
138,MobileNet,0.8182,0.9,0.0,0.0,0.9
139,MobileNet,0.6364,0.2857,0.0,0.0,1.0
140,MobileNet,0.6364,0.6,0.0,0.0,0.7
141,MobileNet,0.8182,0.8,0.0,0.0,0.9
142,MobileNet,0.5455,0.75,0.0,0.0,0.75
143,MobileNet,0.5455,0.125,0.0,0.0,0.75
144,MobileNet,0.6364,0.4643,0.0,0.0,1.0
145,MobileNet,0.5455,0.75,0.0,0.0,0.75
146,MobileNet,0.7273,0.7083,0.0,0.0,1.0
147,MobileNet,0.6364,0.8214,0.0,0.0,1.0
148,MobileNet,0.3636,0.0,0.0,0.0,0.4
149,MobileNet,0.5455,0.2778,0.0,0.0,0.6667
150,MobileNet,0.7273,0.0,0.0,0.0,0.8
151,MobileNet,0.5455,0.4583,0.0,0.0,0.75
152,MobileNet,0.2727,0.3667,0.0,0.0,0.5
153,MobileNet,0.1818,0.1333,0.0,0.0,0.3333
154,MobileNet,0.4545,0.375,0.0,0.0,0.625
155,MobileNet,0.4545,0.2917,0.0,0.0,0.625
156,MobileNet,0.8182,0.3889,0.0,0.0,1.0
157,MobileNet,0.6364,0.5556,0.0,0.0,0.7778
158,MobileNet,0.4545,0.3571,0.0,0.0,0.7143
159,MobileNet,0.4545,0.125,0.0,0.0,0.625
160,MobileNet,0.8182,0.6,0.0,0.0,0.9
161,MobileNet,0.6364,0.7083,0.0,0.0,0.875
162,MobileNet,0.5455,0.2222,0.0,0.0,0.6667
163,MobileNet,0.4545,0.4,0.0,0.0,0.5
164,MobileNet,0.5455,0.5,0.0,0.0,0.6667
165,MobileNet,0.6364,0.4,0.0,0.0,0.7
166,MobileNet,0.2727,0.3214,0.0,0.0,0.75
167,MobileNet,0.6364,0.3889,0.0,0.0,0.7778
168,MobileNet,0.6364,0.5714,0.0,0.0,1.0
169,MobileNet,0.7273,0.5,0.0,0.0,0.8
170,MobileNet,0.5455,0.4,0.0,0.0,1.0
171,MobileNet,0.2727,0.2143,0.0,0.0,0.4286
172,MobileNet,0.7273,0.2,0.0,0.0,0.8
173,MobileNet,0.3636,0.3214,0.0,0.0,0.5714
174,MobileNet,0.3636,0.4167,0.0,0.0,0.5
175,MobileNet,0.6364,0.6,0.0,0.0,0.7
176,MobileNet,0.5455,0.2222,0.0,0.0,0.6667
177,MobileNet,0.4545,0.4667,0.0,0.0,0.8333
178,MobileNet,0.7273,0.4583,0.0,0.0,1.0
179,MobileNet,0.6364,0.6429,0.0,0.0,1.0
180,MobileNet,0.5455,0.1667,0.0,0.0,0.6667
181,MobileNet,0.5455,0.6429,0.0,0.0,0.8571
182,MobileNet,0.3636,0.7143,0.0,0.0,1.0
183,MobileNet,0.6364,0.5,0.0,0.0,0.7
184,MobileNet,0.8182,0.5,0.0,0.0,1.0
185,MobileNet,0.6364,0.375,0.0,0.0,0.875
186,MobileNet,0.6364,0.4167,0.0,0.0,0.875
187,MobileNet,0.2727,0.1333,0.0,0.0,0.5
188,MobileNet,0.8182,0.7,0.0,0.0,0.9
189,MobileNet,0.5455,0.5556,0.0,0.0,0.6667
190,MobileNet,0.5455,0.3214,0.0,0.0,0.8571
191,MobileNet,0.4545,0.25,0.0,0.0,0.625
192,MobileNet,0.6364,0.7778,0.0,0.0,0.7778
193,MobileNet,0.7273,0.8889,0.0,0.0,0.8889
194,MobileNet,0.5455,0.375,0.0,0.0,0.75
195,MobileNet,0.4545,0.3929,0.0,0.0,0.7143
196,MobileNet,0.4545,0.1111,0.0,0.0,0.5556
197,MobileNet,0.8182,0.8,0.0,0.0,0.9
198,MobileNet,0.3636,0.375,0.0,0.0,0.5
199,MobileNet,0.6364,0.5833,0.0,0.0,0.875
200,MobileNet,0.7273,0.5,0.0,0.0,0.8889
201,MobileNet,0.4545,0.3333,0.0,0.0,0.625
202,MobileNet,0.5455,0.2,0.0,0.0,0.6
203,MobileNet,0.5455,0.6667,0.0,0.0,0.6667
204,MobileNet,0.4545,0.5,0.0,0.0,0.8333
205,MobileNet,0.4545,0.4583,0.0,0.0,0.625
206,MobileNet,0.8182,0.7222,0.0,0.0,1.0
207,MobileNet,0.4545,0.5,0.0,0.0,0.7143
208,MobileNet,0.4545,0.5,0.0,0.0,0.7143
209,MobileNet,0.5455,0.4286,0.0,0.0,0.8571
210,MobileNet,0.4545,0.4333,0.0,0.0,0.8333
211,MobileNet,0.4545,0.3667,0.0,0.0,0.8333
212,MobileNet,0.7273,0.625,0.0,0.0,1.0
213,MobileNet,0.2727,0.6786,0.0,0.0,0.75
214,MobileNet,0.5455,0.6786,0.0,0.0,0.8571
215,MobileNet,0.4545,0.125,0.0,0.0,0.625
216,MobileNet,0.4545,0.3571,0.0,0.0,0.7143
217,MobileNet,0.6364,0.5,0.0,0.0,0.875
218,MobileNet,0.7273,0.7778,0.0,0.0,0.8889
219,MobileNet,0.3636,0.3333,0.0,0.0,0.8
220,MobileNet,0.4545,0.6,0.0,0.0,0.8333
221,MobileNet,0.1818,0.2667,0.0,0.0,0.4
222,MobileNet,0.6364,0.6111,0.0,0.0,0.7778
223,MobileNet,0.2727,0.3214,0.0,0.0,0.75
224,MobileNet,0.6364,0.4583,0.0,0.0,0.875
225,MobileNet,0.4545,0.1111,0.0,0.0,0.5556
226,MobileNet,0.5455,0.25,0.0,0.0,0.75
227,MobileNet,0.6364,0.0833,0.0,0.0,0.875
228,MobileNet,0.5455,0.1111,0.0,0.0,0.6667
229,MobileNet,0.6364,0.0,0.0,0.0,0.7
230,MobileNet,0.4545,0.7143,0.0,0.0,0.7143
231,MobileNet,0.4545,0.4286,0.0,0.0,0.7143
232,MobileNet,0.6364,0.6667,0.0,0.0,0.7778
233,MobileNet,0.6364,0.4583,0.0,0.0,0.875
234,MobileNet,0.6364,0.4583,0.0,0.0,0.875
235,MobileNet,0.7273,0.2,0.0,0.0,0.8
236,MobileNet,0.5455,0.5714,0.0,0.0,0.8571
237,MobileNet,0.9091,0.5,0.0,0.0,1.0
238,MobileNet,0.4545,0.2778,0.0,0.0,0.5556
239,MobileNet,0.4545,0.6667,0.0,0.0,0.8333
240,MobileNet,0.5455,0.2,0.0,0.0,0.6
241,MobileNet,0.4545,0.2667,0.0,0.0,0.8333
242,MobileNet,0.6364,0.5,0.0,0.0,0.7
243,MobileNet,0.5455,0.5,0.0,0.0,0.6667
244,MobileNet,0.4545,0.1429,0.0,0.0,0.7143
245,MobileNet,0.1818,0.1333,0.0,0.0,0.3333
246,MobileNet,0.5455,0.75,0.0,0.0,0.75
247,MobileNet,0.6364,0.5,0.0,0.0,0.7778
248,MobileNet,0.6364,0.4583,0.0,0.0,0.875
249,MobileNet,0.5455,0.6,0.0,0.0,0.6
250,MobileNet,0.6364,0.4444,0.0,0.0,0.7778
251,MobileNet,0.3636,0.375,0.0,0.0,0.5
252,MobileNet,0.5455,0.25,0.0,0.0,0.75
253,MobileNet,0.4545,0.6071,0.0,0.0,0.7143
254,MobileNet,0.8182,0.1,0.0,0.0,0.9
255,MobileNet,0.5455,0.4167,0.0,0.0,0.75
256,MobileNet,0.6364,0.3333,0.0,0.0,0.875
257,MobileNet,0.5455,0.3929,0.0,0.0,0.8571
258,MobileNet,0.5455,0.4444,0.0,0.0,0.6667
259,MobileNet,0.6364,0.375,0.0,0.0,0.875
260,MobileNet,0.5455,0.625,0.0,0.0,0.75
261,MobileNet,0.7273,0.3333,0.0,0.0,0.8889
262,MobileNet,0.1818,0.2,0.0,0.0,0.2
263,MobileNet,0.5455,0.4167,0.0,0.0,0.75
264,MobileNet,0.5455,0.4167,0.0,0.0,0.75
265,MobileNet,0.2727,0.25,0.0,0.0,0.375
266,MobileNet,0.5455,0.7143,0.0,0.0,0.8571
267,MobileNet,0.3636,0.2778,0.0,0.0,0.4444
268,MobileNet,0.6364,0.0,0.0,0.0,0.7778
269,MobileNet,0.7273,0.8333,0.0,0.0,0.8889
270,MobileNet,0.7273,0.5556,0.0,0.0,0.8889
271,MobileNet,0.5455,0.4444,0.0,0.0,0.6667
272,MobileNet,0.5455,0.5357,0.0,0.0,0.8571
273,MobileNet,0.5455,0.6333,0.0,0.0,1.0
274,MobileNet,0.7273,0.4,0.0,0.0,0.8
275,MobileNet,0.7273,0.6667,0.0,0.0,0.8889
276,MobileNet,0.8182,0.5556,0.0,0.0,1.0
277,MobileNet,0.3636,0.3333,0.0,0.0,0.4444
278,MobileNet,0.5455,0.1667,0.0,0.0,0.75
279,MobileNet,0.6364,0.1111,0.0,0.0,0.7778
280,MobileNet,0.5455,0.6667,0.0,0.0,0.6667
281,MobileNet,0.8182,0.7778,0.0,0.0,1.0
282,MobileNet,0.2727,0.6429,0.0,0.0,0.75
283,MobileNet,0.6364,0.2222,0.0,0.0,0.7778
284,MobileNet,0.3636,0.5667,0.0,0.0,0.8
285,MobileNet,0.4545,0.25,0.0,0.0,0.625
286,MobileNet,0.6364,0.75,0.0,0.0,0.875
287,MobileNet,0.5455,0.4286,0.0,0.0,0.8571
288,MobileNet,0.7273,0.4167,0.0,0.0,1.0
289,MobileNet,0.5455,0.7,0.0,0.0,1.0
290,MobileNet,0.7273,0.6667,0.0,0.0,1.0
291,MobileNet,0.5455,0.2222,0.0,0.0,0.6667
292,MobileNet,0.4545,0.2222,0.0,0.0,0.5556
293,MobileNet,0.4545,0.5714,0.0,0.0,0.7143
294,MobileNet,0.5455,0.4667,0.0,0.0,1.0
295,MobileNet,0.4545,0.3571,0.0,0.0,0.7143
296,MobileNet,0.7273,0.7083,0.0,0.0,1.0
297,MobileNet,0.4545,0.625,0.0,0.0,0.625
298,MobileNet,0.3636,0.5357,0.0,0.0,1.0
299,MobileNet,0.3636,0.4667,0.0,0.0,0.8
300,MobileNet,0.3636,0.3333,0.0,0.0,0.4444
301,MobileNet,0.6364,0.5833,0.0,0.0,0.875
302,MobileNet,0.2727,0.2,0.0,0.0,0.5
303,MobileNet,0.6364,0.4444,0.0,0.0,0.7778
304,MobileNet,0.7273,0.6667,0.0,0.0,0.8889
305,MobileNet,0.4545,0.25,0.0,0.0,0.625
306,MobileNet,0.7273,0.2778,0.0,0.0,0.8889
307,MobileNet,0.2727,0.1786,0.0,0.0,0.4286
308,MobileNet,0.5455,0.4286,0.0,0.0,0.8571
309,MobileNet,0.6364,0.4,0.0,0.0,0.7
310,MobileNet,0.5455,0.4583,0.0,0.0,0.75
311,MobileNet,0.3636,0.4,0.0,0.0,0.8
312,MobileNet,0.3636,0.2083,0.0,0.0,0.5
313,MobileNet,0.5455,0.2143,0.0,0.0,0.8571
314,MobileNet,0.4545,0.25,0.0,0.0,0.625
315,MobileNet,0.3636,0.2,0.0,0.0,0.6667
316,MobileNet,0.7273,0.7778,0.0,0.0,0.8889
317,MobileNet,0.8182,0.8,0.0,0.0,0.9
318,MobileNet,0.8182,0.6,0.0,0.0,0.9
319,MobileNet,0.5455,0.3571,0.0,0.0,0.8571
320,MobileNet,0.3636,0.3214,0.0,0.0,0.5714
321,MobileNet,0.4545,0.6667,0.0,0.0,0.8333
322,MobileNet,0.4545,0.3333,0.0,0.0,0.625
323,MobileNet,0.6364,0.3889,0.0,0.0,0.7778
324,MobileNet,0.8182,1.0,0.0,0.0,1.0
325,MobileNet,0.8182,0.5,0.0,0.0,0.8182
326,MobileNet,0.6364,0.3889,0.0,0.0,0.7778
327,MobileNet,0.5455,0.3889,0.0,0.0,0.6667
328,MobileNet,0.5455,0.2917,0.0,0.0,0.75
329,MobileNet,0.6364,0.4167,0.0,0.0,0.875
330,MobileNet,0.4545,0.6071,0.0,0.0,0.7143
331,MobileNet,0.7273,0.5,0.0,0.0,0.8
332,MobileNet,0.7273,0.5,0.0,0.0,0.8
333,MobileNet,0.8182,0.0,0.0,0.0,1.0
334,MobileNet,0.3636,0.0,0.0,0.0,0.5
335,MobileNet,0.4545,0.4167,0.0,0.0,0.625
336,MobileNet,0.3636,0.4286,0.0,0.0,0.5714
337,MobileNet,0.2727,0.1667,0.0,0.0,0.5
338,MobileNet,0.9091,0.5,0.0,0.0,0.9091
339,MobileNet,0.6364,0.3333,0.0,0.0,0.7778
340,MobileNet,0.4545,0.2667,0.0,0.0,0.8333
341,MobileNet,0.2727,0.1333,0.0,0.0,0.5
342,MobileNet,0.5455,0.2222,0.0,0.0,0.6667
343,MobileNet,0.0909,0.1333,0.0,0.0,0.2
344,MobileNet,0.5455,0.375,0.0,0.0,0.75
345,MobileNet,0.5455,0.375,0.0,0.0,0.75
346,MobileNet,0.6364,0.6,0.0,0.0,0.7
347,MobileNet,0.2727,0.2333,0.0,0.0,0.5
348,MobileNet,0.3636,0.3333,0.0,0.0,0.5
349,MobileNet,0.3636,0.2857,0.0,0.0,0.5714
350,MobileNet,0.3636,0.2857,0.0,0.0,0.5714
351,MobileNet,0.6364,0.5,0.0,0.0,0.7778
352,MobileNet,0.7273,0.5,0.0,0.0,0.8
353,MobileNet,0.5455,0.6667,0.0,0.0,0.75
354,MobileNet,0.4545,0.5,0.0,0.0,0.7143
355,MobileNet,0.3636,0.4,0.0,0.0,0.6667
356,MobileNet,0.2727,0.2143,0.0,0.0,0.4286
357,MobileNet,0.6364,0.7083,0.0,0.0,0.875
358,MobileNet,0.5455,0.5,0.0,0.0,0.8571
359,MobileNet,0.6364,0.0,0.0,0.0,0.7
360,MobileNet,0.5455,0.375,0.0,0.0,0.75
361,MobileNet,0.1818,0.2143,0.0,0.0,0.2857
362,MobileNet,0.5455,0.6667,0.0,0.0,0.6667
363,MobileNet,0.8182,0.1,0.0,0.0,0.9
364,MobileNet,0.5455,0.4444,0.0,0.0,0.6667
365,MobileNet,0.4545,0.5833,0.0,0.0,0.625
366,MobileNet,0.7273,0.1667,0.0,0.0,0.8889
367,MobileNet,0.4545,0.3333,0.0,0.0,0.5556
368,MobileNet,0.7273,0.2222,0.0,0.0,0.8889
369,MobileNet,0.3636,0.4333,0.0,0.0,0.6667
370,MobileNet,0.6364,0.6667,0.0,0.0,0.7778
371,MobileNet,0.6364,0.75,0.0,0.0,0.875
372,MobileNet,0.7273,0.3,0.0,0.0,0.8
373,MobileNet,0.4545,0.2667,0.0,0.0,0.8333
374,MobileNet,0.7273,0.4583,0.0,0.0,1.0
375,MobileNet,0.4545,0.7,0.0,0.0,0.8333
376,MobileNet,0.5455,0.5,0.0,0.0,0.6
377,MobileNet,0.5455,0.0,0.0,0.0,0.8571
378,MobileNet,0.6364,0.625,0.0,0.0,0.875
379,MobileNet,0.3636,0.2143,0.0,0.0,0.5714
380,MobileNet,0.5455,0.3929,0.0,0.0,0.8571
381,MobileNet,0.8182,0.3889,0.0,0.0,1.0
382,MobileNet,0.6364,0.1111,0.0,0.0,0.7778
383,MobileNet,0.3636,0.4333,0.0,0.0,0.6667
384,MobileNet,0.6364,0.4444,0.0,0.0,0.7778
385,MobileNet,0.5455,0.5,0.0,0.0,1.0
386,MobileNet,0.4545,0.375,0.0,0.0,0.625
387,MobileNet,0.7273,0.375,0.0,0.0,1.0
388,MobileNet,0.7273,0.5,0.0,0.0,0.8889
389,MobileNet,0.5455,0.3333,0.0,0.0,0.6667
390,MobileNet,0.5455,0.5556,0.0,0.0,0.6667
391,MobileNet,0.3636,0.375,0.0,0.0,0.5
392,MobileNet,0.3636,0.2083,0.0,0.0,0.5
393,MobileNet,0.6364,0.5833,0.0,0.0,0.875
394,MobileNet,0.5455,0.2917,0.0,0.0,0.75
395,MobileNet,0.4545,0.3571,0.0,0.0,0.7143
396,MobileNet,0.6364,0.4167,0.0,0.0,0.875
397,MobileNet,0.5455,0.75,0.0,0.0,0.75
398,MobileNet,0.7273,0.5556,0.0,0.0,0.8889
399,MobileNet,0.3636,0.2667,0.0,0.0,0.6667
400,MobileNet,0.5455,0.2222,0.0,0.0,0.6667
401,MobileNet,0.3636,0.7,0.0,0.0,0.8
402,MobileNet,0.6364,1.0,0.0,0.0,1.0
403,MobileNet,0.6364,0.7083,0.0,0.0,0.875
404,MobileNet,0.4545,0.3,0.0,0.0,0.5
405,MobileNet,0.3636,0.4,0.0,0.0,0.6667
406,MobileNet,0.7273,0.3889,0.0,0.0,0.8889
407,MobileNet,0.2727,0.1667,0.0,0.0,0.6
408,MobileNet,0.7273,0.2778,0.0,0.0,0.8889
409,MobileNet,0.5455,0.4286,0.0,0.0,0.8571
410,MobileNet,0.4545,0.5417,0.0,0.0,0.625
411,MobileNet,0.5455,0.3333,0.0,0.0,0.75
412,MobileNet,0.3636,0.3333,0.0,0.0,0.8
413,MobileNet,0.5455,0.375,0.0,0.0,0.75
414,MobileNet,0.3636,0.1333,0.0,0.0,0.6667
415,MobileNet,0.6364,0.5,0.0,0.0,0.6364
416,MobileNet,0.5455,0.1667,0.0,0.0,0.75
417,MobileNet,0.4545,0.5556,0.0,0.0,0.5556
418,MobileNet,0.7273,0.5,0.0,0.0,0.7273
419,MobileNet,0.2727,0.4,0.0,0.0,0.6
420,MobileNet,0.4545,0.2222,0.0,0.0,0.5556
421,MobileNet,0.4545,0.2083,0.0,0.0,0.625
422,MobileNet,0.3636,0.3929,0.0,0.0,0.5714
423,MobileNet,0.3636,0.2083,0.0,0.0,0.5
424,MobileNet,0.0909,0.0714,0.0,0.0,0.1429
425,MobileNet,0.3636,0.6,0.0,0.0,0.6667
426,MobileNet,0.7273,0.9583,0.0,0.0,1.0
427,MobileNet,0.7273,0.375,0.0,0.0,1.0
428,MobileNet,0.4545,0.2917,0.0,0.0,0.625
429,MobileNet,0.7273,0.7,0.0,0.0,0.8
430,MobileNet,0.4545,0.3571,0.0,0.0,0.7143
431,MobileNet,0.3636,0.375,0.0,0.0,0.5
432,MobileNet,0.6364,0.5,0.0,0.0,0.6364
433,MobileNet,0.7273,0.1111,0.0,0.0,0.8889
434,MobileNet,0.4545,0.3889,0.0,0.0,0.5556
435,MobileNet,0.5455,0.4643,0.0,0.0,0.8571
436,MobileNet,0.5455,0.5556,0.0,0.0,0.6667
437,MobileNet,0.4545,0.2857,0.0,0.0,0.7143
438,MobileNet,0.3636,0.4667,0.0,0.0,0.6667
439,MobileNet,0.7273,0.2222,0.0,0.0,0.8889
440,MobileNet,0.4545,0.6071,0.0,0.0,0.7143
441,MobileNet,0.3636,0.5357,0.0,0.0,1.0
442,MobileNet,0.5455,0.5833,0.0,0.0,0.75
443,MobileNet,0.2727,0.4333,0.0,0.0,0.6
444,MobileNet,0.3636,0.3571,0.0,0.0,0.5714
445,MobileNet,0.3636,0.5667,0.0,0.0,0.6667
446,MobileNet,0.3636,0.1111,0.0,0.0,0.4444
447,MobileNet,0.4545,0.3333,0.0,0.0,0.5556
448,MobileNet,0.4545,0.5357,0.0,0.0,0.7143
449,MobileNet,0.6364,0.5,0.0,0.0,0.7
450,MobileNet,0.5455,0.3571,0.0,0.0,0.8571
451,MobileNet,0.5455,0.5556,0.0,0.0,0.6667
452,MobileNet,0.7273,0.5,0.0,0.0,0.8
453,MobileNet,0.5455,0.2,0.0,0.0,0.6
454,MobileNet,0.3636,0.2143,0.0,0.0,0.5714
455,MobileNet,0.9091,0.7,0.0,0.0,1.0
456,MobileNet,0.4545,0.25,0.0,0.0,0.625
457,MobileNet,0.4545,0.4444,0.0,0.0,0.5556
458,MobileNet,0.4545,0.5714,0.0,0.0,0.7143
459,MobileNet,0.6364,0.5,0.0,0.0,0.875
460,MobileNet,0.5455,0.5357,0.0,0.0,0.8571
461,MobileNet,0.5455,0.5556,0.0,0.0,0.6667
462,MobileNet,0.3636,0.3333,0.0,0.0,0.6667
463,MobileNet,0.4545,0.4583,0.0,0.0,0.625
464,MobileNet,0.5455,0.4286,0.0,0.0,0.8571
465,MobileNet,0.4545,0.5357,0.0,0.0,0.7143
466,MobileNet,0.5455,0.125,0.0,0.0,0.75
467,MobileNet,0.7273,0.6,0.0,0.0,0.8
468,MobileNet,0.3636,0.3333,0.0,0.0,0.4444
469,MobileNet,0.3636,0.4167,0.0,0.0,0.5
470,MobileNet,0.6364,0.6667,0.0,0.0,0.875
471,MobileNet,0.2727,0.2222,0.0,0.0,0.3333
472,MobileNet,0.4545,0.2222,0.0,0.0,0.5556
473,MobileNet,0.3636,0.2083,0.0,0.0,0.5
474,MobileNet,0.9091,0.2,0.0,0.0,1.0
475,MobileNet,0.9091,0.3,0.0,0.0,1.0
476,MobileNet,0.2727,0.2917,0.0,0.0,0.375
477,MobileNet,0.3636,0.5333,0.0,0.0,0.8
478,MobileNet,0.4545,0.3333,0.0,0.0,0.625
479,MobileNet,0.3636,0.4286,0.0,0.0,0.5714
480,MobileNet,0.7273,0.7778,0.0,0.0,0.8889
481,MobileNet,0.6364,0.7917,0.0,0.0,0.875
482,MobileNet,0.3636,0.3667,0.0,0.0,0.6667
483,MobileNet,0.7273,0.1,0.0,0.0,0.8
484,MobileNet,0.6364,0.5556,0.0,0.0,0.7778
485,MobileNet,0.5455,0.2222,0.0,0.0,0.6667
486,MobileNet,0.5455,0.2917,0.0,0.0,0.75
487,MobileNet,0.3636,0.3333,0.0,0.0,0.4444
488,MobileNet,0.4545,0.5417,0.0,0.0,0.625
489,MobileNet,0.6364,0.5,0.0,0.0,0.7
490,MobileNet,0.3636,0.3571,0.0,0.0,0.5714
491,MobileNet,0.5455,0.625,0.0,0.0,0.75
492,MobileNet,0.4545,0.4167,0.0,0.0,0.625
493,MobileNet,0.4545,0.2083,0.0,0.0,0.625
494,MobileNet,0.6364,0.6429,0.0,0.0,1.0
495,MobileNet,0.4545,0.6,0.0,0.0,0.8333
496,MobileNet,0.5455,0.2143,0.0,0.0,0.8571
497,MobileNet,0.2727,0.1333,0.0,0.0,0.5
498,MobileNet,0.3636,0.4286,0.0,0.0,0.5714
499,MobileNet,0.5455,0.1111,0.0,0.0,0.6667
500,MobileNet,0.5455,0.5556,0.0,0.0,0.6667
501,MobileNet,0.6364,0.2222,0.0,0.0,0.7778
502,MobileNet,0.6364,0.6111,0.0,0.0,0.7778
503,MobileNet,0.3636,0.2083,0.0,0.0,0.5
504,MobileNet,0.5455,0.2857,0.0,0.0,0.8571
505,MobileNet,0.3636,0.3571,0.0,0.0,0.5714
506,MobileNet,0.6364,0.5,0.0,0.0,0.6364
507,MobileNet,0.5455,0.6667,0.0,0.0,0.75
508,MobileNet,0.8182,0.7,0.0,0.0,0.9
509,MobileNet,0.8182,0.3,0.0,0.0,0.9
510,MobileNet,0.3636,0.3333,0.0,0.0,0.4444
511,MobileNet,0.7273,0.7,0.0,0.0,0.8
512,MobileNet,0.4545,0.8667,0.0,0.0,1.0
513,MobileNet,0.7273,0.5,0.0,0.0,0.7273
514,MobileNet,0.7273,0.7222,0.0,0.0,0.8889
515,MobileNet,0.8182,0.2,0.0,0.0,0.9
516,MobileNet,0.5455,0.0,0.0,0.0,0.6
517,MobileNet,0.7273,0.5556,0.0,0.0,0.8889
518,MobileNet,0.6364,0.7,0.0,0.0,0.7
519,MobileNet,0.3636,0.2143,0.0,0.0,0.5714
520,MobileNet,0.6364,0.6667,0.0,0.0,0.7778
521,MobileNet,0.4545,0.375,0.0,0.0,0.625
522,MobileNet,0.4545,0.8333,0.0,0.0,1.0
523,MobileNet,0.5455,0.4167,0.0,0.0,0.75
524,MobileNet,0.5455,0.25,0.0,0.0,0.75
525,MobileNet,0.5455,0.4444,0.0,0.0,0.6667
526,MobileNet,0.5455,0.2917,0.0,0.0,0.75
527,MobileNet,0.6364,0.1111,0.0,0.0,0.7778
528,MobileNet,0.4545,0.1667,0.0,0.0,0.625
529,MobileNet,0.3636,0.3333,0.0,0.0,0.5
530,MobileNet,0.5455,0.3333,0.0,0.0,0.75
531,MobileNet,0.7273,0.3333,0.0,0.0,0.8889
532,MobileNet,0.6364,0.6667,0.0,0.0,0.7778
533,MobileNet,0.5455,0.5714,0.0,0.0,0.8571
534,MobileNet,0.3636,0.2333,0.0,0.0,0.8
535,MobileNet,0.6364,0.0,0.0,0.0,0.7
536,MobileNet,0.6364,0.3,0.0,0.0,0.7
537,MobileNet,0.4545,0.5333,0.0,0.0,0.8333
538,MobileNet,0.6364,0.5,0.0,0.0,0.875
539,MobileNet,0.7273,0.7,0.0,0.0,0.8
540,MobileNet,0.6364,0.5556,0.0,0.0,0.7778
541,MobileNet,0.6364,0.4444,0.0,0.0,0.7778
542,MobileNet,0.3636,0.3667,0.0,0.0,0.6667
543,MobileNet,0.5455,0.5556,0.0,0.0,0.6667
544,MobileNet,0.3636,0.5667,0.0,0.0,0.8
545,MobileNet,0.4545,0.3333,0.0,0.0,0.5556
546,MobileNet,0.5455,0.625,0.0,0.0,0.75
547,MobileNet,0.8182,0.3,0.0,0.0,0.9
548,MobileNet,0.9091,0.8,0.0,0.0,1.0
549,MobileNet,0.6364,0.1,0.0,0.0,0.7
550,MobileNet,0.4545,0.5,0.0,0.0,0.5556
551,MobileNet,0.8182,0.7,0.0,0.0,0.9
552,MobileNet,0.6364,0.6111,0.0,0.0,0.7778
553,MobileNet,0.4545,0.3929,0.0,0.0,0.7143
554,MobileNet,0.5455,0.375,0.0,0.0,0.75
555,MobileNet,0.7273,0.4444,0.0,0.0,0.8889
556,MobileNet,0.6364,0.4444,0.0,0.0,0.7778
557,MobileNet,0.5455,0.5667,0.0,0.0,1.0
558,MobileNet,0.4545,0.3,0.0,0.0,0.8333
559,MobileNet,0.5455,0.2222,0.0,0.0,0.6667
560,MobileNet,0.7273,0.875,0.0,0.0,1.0
561,MobileNet,0.2727,0.2143,0.0,0.0,0.4286
562,MobileNet,0.4545,0.3571,0.0,0.0,0.7143
563,MobileNet,0.3636,0.25,0.0,0.0,0.5
564,MobileNet,0.5455,0.2778,0.0,0.0,0.6667
565,MobileNet,0.7273,0.5,0.0,0.0,0.7273
566,MobileNet,0.9091,0.4,0.0,0.0,1.0
567,MobileNet,0.5455,0.25,0.0,0.0,0.75
568,MobileNet,0.7273,0.7917,0.0,0.0,1.0
569,MobileNet,0.5455,0.1,0.0,0.0,0.6
570,MobileNet,0.5455,0.5714,0.0,0.0,0.8571
571,MobileNet,0.5455,0.5,0.0,0.0,0.8571
572,MobileNet,0.6364,0.5,0.0,0.0,0.6364
573,MobileNet,0.3636,0.5714,0.0,0.0,0.5714
574,MobileNet,0.1818,0.0,0.0,0.0,0.3333
575,MobileNet,0.7273,0.8333,0.0,0.0,0.8889
576,MobileNet,0.7273,0.0,0.0,0.0,0.8889
577,MobileNet,0.7273,0.1111,0.0,0.0,0.8889
578,MobileNet,0.4545,0.2917,0.0,0.0,0.625
579,MobileNet,0.6364,0.2778,0.0,0.0,0.7778
580,MobileNet,0.3636,0.2143,0.0,0.0,0.5714
581,MobileNet,0.3636,0.125,0.0,0.0,0.5
582,MobileNet,0.5455,0.5,0.0,0.0,0.75
583,MobileNet,0.8182,0.1111,0.0,0.0,1.0
584,MobileNet,0.4545,0.4286,0.0,0.0,0.7143
585,MobileNet,0.7273,0.4444,0.0,0.0,0.8889
586,MobileNet,0.6364,0.4583,0.0,0.0,0.875
587,MobileNet,0.6364,0.5833,0.0,0.0,0.875
588,MobileNet,0.3636,0.375,0.0,0.0,0.5
589,MobileNet,0.6364,0.5417,0.0,0.0,0.875
590,MobileNet,0.7273,0.5,0.0,0.0,0.7273
591,MobileNet,0.5455,0.25,0.0,0.0,0.75
592,MobileNet,0.5455,0.6071,0.0,0.0,0.8571
593,MobileNet,0.5455,0.25,0.0,0.0,0.75
594,MobileNet,0.5455,0.0,0.0,0.0,0.75
595,MobileNet,0.4545,0.2667,0.0,0.0,0.8333
596,MobileNet,0.4545,0.0714,0.0,0.0,0.7143
597,MobileNet,0.4545,0.3,0.0,0.0,0.8333
598,MobileNet,0.5455,0.1,0.0,0.0,0.6
599,MobileNet,0.5455,0.5,0.0,0.0,0.8571
600,MobileNet,0.3636,0.1429,0.0,0.0,0.5714
601,MobileNet,0.4545,0.2333,0.0,0.0,0.8333
602,MobileNet,0.2727,0.1667,0.0,0.0,0.5
603,MobileNet,0.6364,0.1071,0.0,0.0,1.0
604,MobileNet,0.8182,0.3,0.0,0.0,0.9
605,MobileNet,0.6364,0.6667,0.0,0.0,0.7778
606,MobileNet,0.5455,0.25,0.0,0.0,0.8571
607,MobileNet,0.4545,0.4167,0.0,0.0,0.625
608,MobileNet,0.3636,0.3571,0.0,0.0,0.5714
609,MobileNet,0.2727,0.3214,0.0,0.0,0.4286
610,MobileNet,0.7273,0.1,0.0,0.0,0.8
611,MobileNet,0.5455,0.0,0.0,0.0,0.75
612,MobileNet,0.6364,0.7222,0.0,0.0,0.7778
613,MobileNet,0.6364,0.5,0.0,0.0,0.7
614,MobileNet,0.7273,0.4583,0.0,0.0,1.0
615,MobileNet,0.4545,0.2143,0.0,0.0,0.7143
616,MobileNet,0.6364,0.4,0.0,0.0,0.7
617,MobileNet,0.6364,0.6,0.0,0.0,0.7
618,MobileNet,0.7273,0.6,0.0,0.0,0.8
619,MobileNet,0.4545,0.6,0.0,0.0,0.8333
620,MobileNet,0.4545,0.4583,0.0,0.0,0.625
621,MobileNet,0.6364,0.2778,0.0,0.0,0.7778
622,MobileNet,0.6364,0.2778,0.0,0.0,0.7778
623,MobileNet,0.6364,0.625,0.0,0.0,0.875
624,MobileNet,0.4545,0.2143,0.0,0.0,0.7143
625,MobileNet,0.5455,0.4286,0.0,0.0,0.8571
626,MobileNet,0.5455,0.4444,0.0,0.0,0.6667
627,MobileNet,0.5455,0.25,0.0,0.0,0.8571
628,MobileNet,0.5455,0.2778,0.0,0.0,0.6667
629,MobileNet,0.7273,0.7,0.0,0.0,0.8
630,MobileNet,0.3636,0.3214,0.0,0.0,0.5714
631,MobileNet,0.5455,0.4444,0.0,0.0,0.6667
632,MobileNet,0.6364,0.3333,0.0,0.0,0.7778
633,MobileNet,0.6364,0.3333,0.0,0.0,0.7778
634,MobileNet,0.4545,0.5714,0.0,0.0,0.7143
635,MobileNet,0.2727,0.5,0.0,0.0,0.6
636,MobileNet,0.4545,0.1429,0.0,0.0,0.7143
637,MobileNet,0.3636,0.3,0.0,0.0,0.6667
638,MobileNet,0.6364,0.6,0.0,0.0,0.7
639,MobileNet,0.6364,0.5833,0.0,0.0,0.875
640,MobileNet,0.6364,0.375,0.0,0.0,0.875
641,MobileNet,0.7273,0.2,0.0,0.0,0.8
642,MobileNet,0.7273,0.7778,0.0,0.0,0.8889
643,MobileNet,0.9091,0.5,0.0,0.0,0.9091
644,MobileNet,0.4545,0.4333,0.0,0.0,0.8333
645,MobileNet,0.6364,0.5,0.0,0.0,0.6364
646,MobileNet,0.6364,0.4583,0.0,0.0,0.875
647,MobileNet,0.5455,0.2917,0.0,0.0,0.75
648,MobileNet,0.5455,0.125,0.0,0.0,0.75
649,MobileNet,0.7273,0.7,0.0,0.0,0.8
650,MobileNet,0.6364,0.3,0.0,0.0,0.7
651,MobileNet,0.6364,0.4167,0.0,0.0,0.875
652,MobileNet,0.6364,0.6111,0.0,0.0,0.7778
653,MobileNet,0.4545,0.4643,0.0,0.0,0.7143
654,MobileNet,0.6364,0.2143,0.0,0.0,1.0
655,MobileNet,0.7273,0.6667,0.0,0.0,0.8889
656,MobileNet,0.5455,0.5714,0.0,0.0,0.8571
657,MobileNet,0.5455,0.8571,0.0,0.0,0.8571
658,MobileNet,0.7273,0.4583,0.0,0.0,1.0
659,MobileNet,0.4545,0.5714,0.0,0.0,0.7143
660,MobileNet,0.2727,0.2857,0.0,0.0,0.4286
661,MobileNet,0.6364,0.3333,0.0,0.0,0.7778
662,MobileNet,0.5455,0.4286,0.0,0.0,0.8571
663,MobileNet,0.6364,0.5,0.0,0.0,0.875
664,MobileNet,0.6364,0.2,0.0,0.0,0.7
665,MobileNet,0.7273,0.7,0.0,0.0,0.8
666,MobileNet,0.3636,0.4667,0.0,0.0,0.8
667,MobileNet,0.4545,0.375,0.0,0.0,0.625
668,MobileNet,0.2727,0.4667,0.0,0.0,0.6
669,MobileNet,0.6364,0.5,0.0,0.0,0.875
670,MobileNet,0.6364,0.0,0.0,0.0,0.7778
671,MobileNet,0.4545,0.3571,0.0,0.0,0.7143
672,MobileNet,0.3636,0.1071,0.0,0.0,0.5714
673,MobileNet,0.2727,0.2857,0.0,0.0,0.4286
674,MobileNet,0.5455,0.2917,0.0,0.0,0.75
675,MobileNet,0.7273,0.7,0.0,0.0,0.8
676,MobileNet,0.4545,0.7333,0.0,0.0,0.8333
677,MobileNet,0.4545,0.5556,0.0,0.0,0.5556
678,MobileNet,0.6364,0.6667,0.0,0.0,0.875
679,MobileNet,0.5455,0.375,0.0,0.0,0.75
680,MobileNet,0.6364,0.5,0.0,0.0,0.875
681,MobileNet,0.5455,0.4,0.0,0.0,0.6
682,MobileNet,0.5455,0.4167,0.0,0.0,0.75
683,MobileNet,0.6364,0.5,0.0,0.0,0.7
684,MobileNet,0.7273,0.3889,0.0,0.0,0.8889
685,MobileNet,0.5455,0.4583,0.0,0.0,0.75
686,MobileNet,0.7273,0.6,0.0,0.0,0.8
687,MobileNet,0.1818,0.3333,0.0,0.0,0.4
688,MobileNet,0.7273,0.75,0.0,0.0,1.0
689,MobileNet,0.8182,0.5,0.0,0.0,0.8182
690,MobileNet,0.4545,0.7333,0.0,0.0,0.8333
691,MobileNet,0.4545,0.4643,0.0,0.0,0.7143
692,MobileNet,0.5455,0.4667,0.0,0.0,1.0
693,MobileNet,0.5455,0.4583,0.0,0.0,0.75
694,MobileNet,0.4545,0.0,0.0,0.0,0.5556
695,MobileNet,0.8182,0.1,0.0,0.0,0.9
696,MobileNet,0.6364,0.625,0.0,0.0,0.875
697,MobileNet,0.6364,0.3333,0.0,0.0,0.875
698,MobileNet,0.6364,0.2917,0.0,0.0,0.875
699,MobileNet,0.5455,0.6071,0.0,0.0,0.8571
700,MobileNet,0.3636,0.6,0.0,0.0,0.8
701,MobileNet,0.9091,0.8,0.0,0.0,1.0
702,MobileNet,0.5455,0.5833,0.0,0.0,0.75
703,MobileNet,0.4545,0.5,0.0,0.0,0.5
704,MobileNet,0.5455,0.6,0.0,0.0,0.6
705,MobileNet,0.6364,0.4444,0.0,0.0,0.7778
706,MobileNet,0.5455,0.6071,0.0,0.0,0.8571
707,MobileNet,0.5455,0.4286,0.0,0.0,0.8571
708,MobileNet,0.3636,0.0833,0.0,0.0,0.5
709,MobileNet,0.5455,0.3,0.0,0.0,1.0
710,MobileNet,0.6364,0.3333,0.0,0.0,0.7778
711,MobileNet,0.5455,0.3,0.0,0.0,0.6
712,MobileNet,0.2727,0.2222,0.0,0.0,0.3333
713,MobileNet,0.6364,0.5,0.0,0.0,0.875
714,MobileNet,0.7273,0.4444,0.0,0.0,0.8889
715,MobileNet,0.1818,0.0667,0.0,0.0,0.3333
716,MobileNet,0.4545,0.2143,0.0,0.0,0.7143
717,MobileNet,0.4545,0.1333,0.0,0.0,0.8333
718,MobileNet,0.5455,0.375,0.0,0.0,0.75
719,MobileNet,0.5455,0.1786,0.0,0.0,0.8571
720,MobileNet,0.3636,0.25,0.0,0.0,0.5714
721,MobileNet,0.5455,0.6,0.0,0.0,0.6
722,MobileNet,0.6364,0.4,0.0,0.0,0.7
723,MobileNet,0.4545,0.5,0.0,0.0,0.7143
724,MobileNet,0.5455,0.5,0.0,0.0,0.5455
725,MobileNet,0.7273,0.1111,0.0,0.0,0.8889
726,MobileNet,0.7273,0.4583,0.0,0.0,1.0
727,MobileNet,0.6364,0.5,0.0,0.0,0.7
728,MobileNet,0.7273,0.375,0.0,0.0,1.0
729,MobileNet,0.7273,0.5,0.0,0.0,0.7273
730,MobileNet,0.6364,0.6,0.0,0.0,0.7
731,MobileNet,0.7273,0.5833,0.0,0.0,1.0
732,MobileNet,0.6364,0.2222,0.0,0.0,0.7778
733,MobileNet,0.7273,0.0,0.0,0.0,1.0
734,MobileNet,0.2727,0.0,0.0,0.0,0.5
735,MobileNet,0.3636,0.3,0.0,0.0,0.6667
736,MobileNet,0.4545,0.2778,0.0,0.0,0.5556
737,MobileNet,0.3636,0.4,0.0,0.0,0.6667
738,MobileNet,0.5455,0.6667,0.0,0.0,0.75
739,MobileNet,0.4545,0.4643,0.0,0.0,0.7143
740,MobileNet,0.5455,0.5,0.0,0.0,0.8571
741,MobileNet,0.6364,0.25,0.0,0.0,0.875
742,MobileNet,0.5455,0.4444,0.0,0.0,0.6667
743,MobileNet,0.6364,0.7778,0.0,0.0,0.7778
744,MobileNet,0.8182,0.5,0.0,0.0,0.8182
745,MobileNet,0.4545,0.3929,0.0,0.0,0.7143
746,MobileNet,0.5455,0.25,0.0,0.0,0.8571
747,MobileNet,0.7273,0.2,0.0,0.0,0.8
748,MobileNet,0.4545,0.3214,0.0,0.0,0.7143
749,MobileNet,0.2727,0.2857,0.0,0.0,0.4286
750,MobileNet,0.6364,0.7917,0.0,0.0,0.875
751,MobileNet,0.6364,0.5,0.0,0.0,0.6364
752,MobileNet,0.2727,0.2,0.0,0.0,0.6
753,MobileNet,0.6364,0.7857,0.0,0.0,1.0
754,MobileNet,0.4545,0.2917,0.0,0.0,0.625
755,MobileNet,0.5455,0.5714,0.0,0.0,0.8571
756,MobileNet,0.6364,0.1,0.0,0.0,0.7
757,MobileNet,0.5455,0.2143,0.0,0.0,0.8571
758,MobileNet,0.5455,0.2778,0.0,0.0,0.6667
759,MobileNet,0.7273,0.3333,0.0,0.0,0.8889
760,MobileNet,0.7273,0.2222,0.0,0.0,0.8889
761,MobileNet,0.7273,0.75,0.0,0.0,1.0
762,MobileNet,0.6364,0.6667,0.0,0.0,0.875
763,MobileNet,0.1818,0.1071,0.0,0.0,0.2857
764,MobileNet,0.5455,0.25,0.0,0.0,0.75
765,MobileNet,0.7273,0.4,0.0,0.0,0.8
766,MobileNet,0.4545,0.3889,0.0,0.0,0.5556
767,MobileNet,0.5455,0.3333,0.0,0.0,0.6667
768,MobileNet,0.4545,0.5,0.0,0.0,0.625
769,MobileNet,0.6364,0.2917,0.0,0.0,0.875
770,MobileNet,0.4545,0.5,0.0,0.0,0.7143
771,MobileNet,0.4545,0.4286,0.0,0.0,0.7143
772,MobileNet,0.6364,0.6,0.0,0.0,0.7
773,MobileNet,0.6364,0.3333,0.0,0.0,0.875
774,MobileNet,0.2727,0.1667,0.0,0.0,0.375
775,MobileNet,0.6364,0.5,0.0,0.0,0.6364
776,MobileNet,0.6364,0.875,0.0,0.0,0.875
777,MobileNet,0.2727,0.5357,0.0,0.0,0.75
778,MobileNet,0.7273,0.25,0.0,0.0,1.0
779,MobileNet,0.4545,0.5,0.0,0.0,0.5
780,MobileNet,0.7273,0.8,0.0,0.0,0.8
781,MobileNet,0.3636,0.3333,0.0,0.0,0.5
782,MobileNet,0.5455,0.3571,0.0,0.0,0.8571
783,MobileNet,0.7273,0.1667,0.0,0.0,0.8889
784,MobileNet,0.3636,0.3333,0.0,0.0,0.4444
785,MobileNet,0.5455,0.5833,0.0,0.0,0.75
786,MobileNet,0.3636,0.1667,0.0,0.0,0.6667
787,MobileNet,0.6364,0.7778,0.0,0.0,0.7778
788,MobileNet,0.3636,0.2,0.0,0.0,0.6667
789,MobileNet,0.6364,0.1111,0.0,0.0,0.7778
790,MobileNet,0.5455,0.4,0.0,0.0,0.6
791,MobileNet,0.6364,0.6667,0.0,0.0,0.875
792,MobileNet,0.8182,0.5,0.0,0.0,0.8182
793,MobileNet,0.5455,0.3,0.0,0.0,0.6
794,MobileNet,0.4545,0.2778,0.0,0.0,0.5556
795,MobileNet,0.1818,0.1333,0.0,0.0,0.4
796,MobileNet,0.3636,0.2,0.0,0.0,0.6667
797,MobileNet,0.2727,0.2857,0.0,0.0,0.4286
798,MobileNet,0.8182,0.5,0.0,0.0,0.8182
799,MobileNet,0.4545,0.625,0.0,0.0,0.625
800,MobileNet,0.6364,0.375,0.0,0.0,0.875
801,MobileNet,0.6364,0.1111,0.0,0.0,0.7778
802,MobileNet,0.3636,0.6667,0.0,0.0,0.8
803,MobileNet,0.4545,0.0,0.0,0.0,0.5
804,MobileNet,0.1818,0.1333,0.0,0.0,0.3333
805,MobileNet,0.4545,0.5,0.0,0.0,0.7143
806,MobileNet,0.6364,0.3571,0.0,0.0,1.0
807,MobileNet,0.4545,0.5556,0.0,0.0,0.5556
808,MobileNet,0.5455,0.3333,0.0,0.0,0.6667
809,MobileNet,0.7273,0.5,0.0,0.0,0.8
810,MobileNet,0.3636,0.3333,0.0,0.0,0.6667
811,MobileNet,0.5455,0.5417,0.0,0.0,0.75
812,MobileNet,0.7273,0.3333,0.0,0.0,0.8889
813,MobileNet,0.4545,0.1667,0.0,0.0,0.5556
814,MobileNet,0.6364,0.5,0.0,0.0,0.7778
815,MobileNet,0.6364,0.25,0.0,0.0,0.875
816,MobileNet,0.8182,0.5556,0.0,0.0,1.0
817,MobileNet,0.6364,0.5,0.0,0.0,1.0
818,MobileNet,0.6364,0.7222,0.0,0.0,0.7778
819,MobileNet,0.7273,0.4,0.0,0.0,0.8
820,MobileNet,0.2727,0.3333,0.0,0.0,0.6
821,MobileNet,0.6364,0.5,0.0,0.0,0.7778
822,MobileNet,0.3636,0.3571,0.0,0.0,0.5714
823,MobileNet,0.4545,0.2857,0.0,0.0,0.7143
824,MobileNet,0.4545,0.4583,0.0,0.0,0.625
825,MobileNet,0.8182,0.7778,0.0,0.0,1.0
826,MobileNet,0.8182,0.7,0.0,0.0,0.9
827,MobileNet,0.6364,0.6111,0.0,0.0,0.7778
828,MobileNet,0.3636,0.4286,0.0,0.0,0.5714
829,MobileNet,0.6364,0.1667,0.0,0.0,0.875
830,MobileNet,0.8182,0.6,0.0,0.0,0.9
831,MobileNet,0.4545,0.4167,0.0,0.0,0.625
832,MobileNet,0.4545,0.1111,0.0,0.0,0.5556
833,MobileNet,0.4545,0.2857,0.0,0.0,0.7143
834,MobileNet,0.4545,0.125,0.0,0.0,0.625
835,MobileNet,0.6364,0.2778,0.0,0.0,0.7778
836,MobileNet,0.5455,0.6667,0.0,0.0,0.6667
837,MobileNet,0.1818,0.0,0.0,0.0,0.4
838,MobileNet,0.4545,0.5,0.0,0.0,0.7143
839,MobileNet,0.5455,0.2917,0.0,0.0,0.75
840,MobileNet,0.8182,0.1,0.0,0.0,0.9
841,MobileNet,0.5455,0.4583,0.0,0.0,0.75
842,MobileNet,0.7273,0.5,0.0,0.0,0.8
843,MobileNet,0.2727,0.4667,0.0,0.0,0.6
844,MobileNet,0.7273,0.7222,0.0,0.0,0.8889
845,MobileNet,0.7273,0.3333,0.0,0.0,0.8889
846,MobileNet,0.6364,0.5417,0.0,0.0,0.875
847,MobileNet,0.6364,0.6429,0.0,0.0,1.0
848,MobileNet,0.8182,0.6667,0.0,0.0,1.0
849,MobileNet,0.7273,0.8,0.0,0.0,0.8
850,MobileNet,0.5455,0.3571,0.0,0.0,0.8571
851,MobileNet,0.3636,0.25,0.0,0.0,0.5
852,MobileNet,0.6364,0.5,0.0,0.0,0.7778
853,MobileNet,0.2727,0.3333,0.0,0.0,0.5
854,MobileNet,0.5455,0.8571,0.0,0.0,0.8571
855,MobileNet,0.5455,0.5714,0.0,0.0,0.8571
856,MobileNet,0.4545,0.125,0.0,0.0,0.625
857,MobileNet,0.5455,0.4167,0.0,0.0,0.75
858,MobileNet,0.4545,0.2857,0.0,0.0,0.7143
859,MobileNet,0.7273,0.6667,0.0,0.0,0.8889
860,MobileNet,0.3636,0.6,0.0,0.0,0.6667
861,MobileNet,0.5455,0.1,0.0,0.0,0.6
862,MobileNet,0.6364,0.2,0.0,0.0,0.7
863,MobileNet,0.4545,0.7,0.0,0.0,0.8333
864,MobileNet,0.4545,0.125,0.0,0.0,0.625
865,MobileNet,0.4545,0.6,0.0,0.0,0.8333
866,MobileNet,0.7273,0.3889,0.0,0.0,0.8889
867,MobileNet,0.6364,0.6667,0.0,0.0,0.7778
868,MobileNet,0.3636,0.4286,0.0,0.0,1.0
869,MobileNet,0.4545,0.375,0.0,0.0,0.625
870,MobileNet,0.6364,0.4583,0.0,0.0,0.875
871,MobileNet,0.6364,0.4583,0.0,0.0,0.875
872,MobileNet,0.5455,0.0,0.0,0.0,0.6
873,MobileNet,0.6364,0.6111,0.0,0.0,0.7778
874,MobileNet,0.2727,0.3333,0.0,0.0,0.5
875,MobileNet,0.4545,0.2857,0.0,0.0,0.7143
876,MobileNet,0.3636,0.4667,0.0,0.0,0.6667
877,MobileNet,0.8182,1.0,0.0,0.0,1.0
878,MobileNet,0.5455,0.2917,0.0,0.0,0.75
879,MobileNet,0.7273,0.6667,0.0,0.0,0.8889
880,MobileNet,0.5455,0.5,0.0,0.0,0.75
881,MobileNet,0.6364,0.2778,0.0,0.0,0.7778
882,MobileNet,0.4545,0.4643,0.0,0.0,0.7143
883,MobileNet,0.7273,0.8,0.0,0.0,0.8
884,MobileNet,0.7273,0.3333,0.0,0.0,0.8889
885,MobileNet,0.5455,0.5,0.0,0.0,0.75
886,MobileNet,0.6364,0.4286,0.0,0.0,1.0
887,MobileNet,0.5455,0.625,0.0,0.0,0.75
888,MobileNet,0.5455,0.5,0.0,0.0,0.75
889,MobileNet,0.5455,0.1111,0.0,0.0,0.6667
890,MobileNet,0.8182,0.6,0.0,0.0,0.9
891,MobileNet,0.3636,0.125,0.0,0.0,0.5
892,MobileNet,0.4545,0.3571,0.0,0.0,0.7143
893,MobileNet,0.7273,0.3889,0.0,0.0,0.8889
894,MobileNet,0.7273,0.7778,0.0,0.0,0.8889
895,MobileNet,0.5455,0.5357,0.0,0.0,0.8571
896,MobileNet,0.6364,0.6667,0.0,0.0,0.875
897,MobileNet,0.5455,0.2083,0.0,0.0,0.75
898,MobileNet,0.5455,0.6667,0.0,0.0,0.6667
899,MobileNet,0.2727,0.2333,0.0,0.0,0.6
900,MobileNet,0.7273,0.2,0.0,0.0,0.8
901,MobileNet,0.3636,0.4667,0.0,0.0,0.6667
902,MobileNet,0.2727,0.3,0.0,0.0,0.5
903,MobileNet,0.2727,0.1429,0.0,0.0,0.4286
904,MobileNet,0.6364,0.5,0.0,0.0,1.0
905,MobileNet,0.6364,0.3889,0.0,0.0,0.7778
906,MobileNet,0.6364,0.625,0.0,0.0,0.875
907,MobileNet,0.2727,0.2143,0.0,0.0,0.4286
908,MobileNet,0.7273,0.4,0.0,0.0,0.8
909,MobileNet,0.5455,0.4643,0.0,0.0,0.8571
910,MobileNet,0.6364,0.3,0.0,0.0,0.7
911,MobileNet,0.6364,0.7143,0.0,0.0,1.0
912,MobileNet,0.6364,0.5556,0.0,0.0,0.7778
913,MobileNet,0.8182,0.4,0.0,0.0,0.9
914,MobileNet,0.3636,0.5,0.0,0.0,0.6667
915,MobileNet,0.5455,0.4444,0.0,0.0,0.6667
916,MobileNet,0.7273,0.6,0.0,0.0,0.8
917,MobileNet,0.8182,0.4444,0.0,0.0,1.0
918,MobileNet,0.4545,0.3571,0.0,0.0,0.7143
919,MobileNet,0.5455,0.3333,0.0,0.0,0.75
920,MobileNet,0.5455,0.5,0.0,0.0,0.8571
921,MobileNet,0.5455,0.5357,0.0,0.0,0.8571
922,MobileNet,0.5455,0.5417,0.0,0.0,0.75
923,MobileNet,0.4545,0.7,0.0,0.0,0.8333
924,MobileNet,0.5455,0.3333,0.0,0.0,0.6667
925,MobileNet,0.6364,0.3929,0.0,0.0,1.0
926,MobileNet,0.4545,0.5,0.0,0.0,0.5556
927,MobileNet,0.3636,0.4444,0.0,0.0,0.4444
928,MobileNet,0.4545,0.375,0.0,0.0,0.625
929,MobileNet,0.3636,0.4167,0.0,0.0,0.5
930,MobileNet,0.7273,0.5833,0.0,0.0,1.0
931,MobileNet,0.3636,0.2083,0.0,0.0,0.5
932,MobileNet,0.5455,0.1071,0.0,0.0,0.8571
933,MobileNet,0.4545,0.4167,0.0,0.0,0.625
934,MobileNet,0.4545,0.2333,0.0,0.0,0.8333
935,MobileNet,0.7273,0.6667,0.0,0.0,1.0
936,MobileNet,0.5455,0.8571,0.0,0.0,0.8571
937,MobileNet,0.4545,0.2667,0.0,0.0,0.8333
938,MobileNet,0.1818,0.1,0.0,0.0,0.4
939,MobileNet,0.6364,0.625,0.0,0.0,0.875
940,MobileNet,0.3636,0.3667,0.0,0.0,0.6667
941,MobileNet,0.5455,0.4286,0.0,0.0,0.8571
942,MobileNet,0.6364,0.5833,0.0,0.0,0.875
943,MobileNet,0.7273,0.2,0.0,0.0,0.8
944,MobileNet,0.6364,0.3333,0.0,0.0,0.875
945,MobileNet,0.6364,0.2222,0.0,0.0,0.7778
946,MobileNet,0.6364,0.375,0.0,0.0,0.875
947,MobileNet,0.6364,0.625,0.0,0.0,0.875
948,MobileNet,0.6364,0.5,0.0,0.0,0.875
949,MobileNet,0.5455,0.3214,0.0,0.0,0.8571
950,MobileNet,0.7273,0.7778,0.0,0.0,0.8889
951,MobileNet,0.4545,0.3571,0.0,0.0,0.7143
952,MobileNet,0.6364,0.625,0.0,0.0,0.875
953,MobileNet,0.3636,0.4286,0.0,0.0,0.5714
954,MobileNet,0.6364,0.375,0.0,0.0,0.875
955,MobileNet,0.3636,0.25,0.0,0.0,0.5714
956,MobileNet,0.4545,0.5,0.0,0.0,0.7143
957,MobileNet,0.4545,0.3333,0.0,0.0,0.5556
958,MobileNet,0.4545,0.8,0.0,0.0,0.8333
959,MobileNet,0.4545,0.1429,0.0,0.0,0.7143
960,MobileNet,0.9091,0.4,0.0,0.0,1.0
961,MobileNet,0.4545,0.4583,0.0,0.0,0.625
962,MobileNet,0.4545,0.5,0.0,0.0,0.7143
963,MobileNet,0.5455,0.625,0.0,0.0,0.75
964,MobileNet,0.2727,0.2857,0.0,0.0,0.4286
965,MobileNet,0.3636,0.4,0.0,0.0,0.6667
966,MobileNet,0.3636,0.1333,0.0,0.0,0.6667
967,MobileNet,0.3636,0.4167,0.0,0.0,0.5
968,MobileNet,0.2727,0.3214,0.0,0.0,0.4286
969,MobileNet,0.4545,0.4643,0.0,0.0,0.7143
970,MobileNet,0.4545,0.0714,0.0,0.0,0.7143
971,MobileNet,0.4545,0.4286,0.0,0.0,0.7143
972,MobileNet,0.5455,0.4444,0.0,0.0,0.6667
973,MobileNet,0.8182,0.6667,0.0,0.0,1.0
974,MobileNet,0.4545,0.1786,0.0,0.0,0.7143
975,MobileNet,0.5455,0.2917,0.0,0.0,0.75
976,MobileNet,0.4545,0.4444,0.0,0.0,0.5556
977,MobileNet,0.6364,0.5357,0.0,0.0,1.0
978,MobileNet,0.1818,0.2,0.0,0.0,0.3333
979,MobileNet,0.7273,0.375,0.0,0.0,1.0
980,MobileNet,0.5455,0.25,0.0,0.0,0.8571
981,MobileNet,0.5455,0.7083,0.0,0.0,0.75
982,MobileNet,0.6364,0.5,0.0,0.0,0.7778
983,MobileNet,0.6364,0.7083,0.0,0.0,0.875
984,MobileNet,0.7273,0.375,0.0,0.0,1.0
985,MobileNet,0.1818,0.2,0.0,0.0,0.4
986,MobileNet,0.4545,0.5,0.0,0.0,0.8333
987,MobileNet,0.7273,0.7,0.0,0.0,0.8
988,MobileNet,0.7273,0.6667,0.0,0.0,1.0
989,MobileNet,0.5455,0.3333,0.0,0.0,0.75
990,MobileNet,0.5455,0.5357,0.0,0.0,0.8571
991,MobileNet,0.8182,0.8,0.0,0.0,0.9
992,MobileNet,0.4545,0.2857,0.0,0.0,0.7143
993,MobileNet,0.4545,0.4286,0.0,0.0,0.7143
994,MobileNet,0.6364,0.2917,0.0,0.0,0.875
995,MobileNet,0.3636,0.0667,0.0,0.0,0.8
996,MobileNet,0.1818,0.1,0.0,0.0,0.4
997,MobileNet,0.6364,0.2083,0.0,0.0,0.875
998,MobileNet,0.6364,0.1,0.0,0.0,0.7
999,MobileNet,0.2727,0.4,0.0,0.0,0.6
1000,MobileNet,0.5455,0.3,0.0,0.0,0.6
1,PointNet,0.8182,0.4444,0.0,0.0,1.0
2,PointNet,0.3636,0.0,0.0,0.0,0.4444
3,PointNet,0.4545,0.2667,0.0,0.0,0.8333
4,PointNet,0.4545,0.1429,0.0,0.0,0.7143
5,PointNet,0.6364,0.5417,0.0,0.0,0.875
6,PointNet,0.5455,0.5,0.0,0.0,0.5455
7,PointNet,0.8182,0.1,0.0,0.0,0.9
8,PointNet,0.7273,0.3333,0.0,0.0,0.8889
9,PointNet,0.3636,0.3333,0.0,0.0,0.5
10,PointNet,0.7273,0.75,0.0,0.0,1.0
11,PointNet,0.5455,0.1667,0.0,0.0,0.6667
12,PointNet,0.9091,0.2,0.0,0.0,1.0
13,PointNet,0.6364,0.2,0.0,0.0,0.7
14,PointNet,0.6364,0.5,0.0,0.0,1.0
15,PointNet,0.1818,0.1429,0.0,0.0,0.2857
16,PointNet,0.5455,0.1111,0.0,0.0,0.6667
17,PointNet,0.4545,0.5,0.0,0.0,0.5
18,PointNet,0.4545,0.4,0.0,0.0,0.5
19,PointNet,0.5455,0.6429,0.0,0.0,0.8571
20,PointNet,0.5455,0.5,0.0,0.0,0.8571
21,PointNet,0.6364,0.1111,0.0,0.0,0.7778
22,PointNet,0.4545,0.25,0.0,0.0,0.625
23,PointNet,0.7273,0.0,0.0,0.0,0.8
24,PointNet,0.5455,0.125,0.0,0.0,0.75
25,PointNet,0.3636,0.4,0.0,0.0,0.8
26,PointNet,0.7273,0.6667,0.0,0.0,0.8889
27,PointNet,0.5455,0.5556,0.0,0.0,0.6667
28,PointNet,0.6364,0.5417,0.0,0.0,0.875
29,PointNet,0.6364,0.3889,0.0,0.0,0.7778
30,PointNet,0.6364,0.5,0.0,0.0,0.875
31,PointNet,0.8182,0.1111,0.0,0.0,1.0
32,PointNet,0.3636,0.2667,0.0,0.0,0.6667
33,PointNet,0.6364,0.25,0.0,0.0,1.0
34,PointNet,0.3636,0.3333,0.0,0.0,0.5
35,PointNet,0.4545,0.2778,0.0,0.0,0.5556
36,PointNet,0.3636,0.3929,0.0,0.0,0.5714
37,PointNet,0.5455,0.4167,0.0,0.0,0.75
38,PointNet,0.3636,0.3571,0.0,0.0,0.5714
39,PointNet,0.5455,0.3333,0.0,0.0,0.6667
40,PointNet,0.5455,0.2083,0.0,0.0,0.75
41,PointNet,0.5455,0.25,0.0,0.0,0.75
42,PointNet,0.2727,0.3333,0.0,0.0,0.6
43,PointNet,0.6364,0.5357,0.0,0.0,1.0
44,PointNet,0.3636,0.0,0.0,0.0,0.5
45,PointNet,0.6364,0.1111,0.0,0.0,0.7778
46,PointNet,0.4545,0.4333,0.0,0.0,0.8333
47,PointNet,0.9091,0.9,0.0,0.0,1.0
48,PointNet,0.4545,0.2917,0.0,0.0,0.625
49,PointNet,0.5455,0.6786,0.0,0.0,0.8571
50,PointNet,0.5455,0.4643,0.0,0.0,0.8571
51,PointNet,0.6364,0.25,0.0,0.0,0.875
52,PointNet,0.4545,0.3333,0.0,0.0,0.5556
53,PointNet,0.7273,0.5,0.0,0.0,0.7273
54,PointNet,0.6364,0.1,0.0,0.0,0.7
55,PointNet,0.4545,0.3,0.0,0.0,0.8333
56,PointNet,0.3636,0.3333,0.0,0.0,0.8
57,PointNet,0.5455,0.8333,0.0,0.0,1.0
58,PointNet,0.7273,0.1,0.0,0.0,0.8
59,PointNet,0.6364,0.5556,0.0,0.0,0.7778
60,PointNet,0.5455,0.1786,0.0,0.0,0.8571
61,PointNet,0.5455,0.2,0.0,0.0,0.6
62,PointNet,0.4545,0.125,0.0,0.0,0.625
63,PointNet,0.6364,0.25,0.0,0.0,0.875
64,PointNet,0.3636,0.4167,0.0,0.0,0.5
65,PointNet,0.6364,0.2143,0.0,0.0,1.0
66,PointNet,0.5455,0.2857,0.0,0.0,0.8571
67,PointNet,0.5455,0.375,0.0,0.0,0.75
68,PointNet,0.4545,0.1071,0.0,0.0,0.7143
69,PointNet,0.5455,0.8667,0.0,0.0,1.0
70,PointNet,0.4545,0.5,0.0,0.0,0.625
71,PointNet,0.9091,0.5,0.0,0.0,0.9091
72,PointNet,0.5455,0.2,0.0,0.0,0.6
73,PointNet,0.5455,0.2083,0.0,0.0,0.75
74,PointNet,0.6364,0.2857,0.0,0.0,1.0
75,PointNet,0.3636,0.25,0.0,0.0,0.5714
76,PointNet,0.4545,0.6071,0.0,0.0,0.7143
77,PointNet,0.7273,0.0,0.0,0.0,0.8
78,PointNet,0.5455,0.4286,0.0,0.0,0.8571
79,PointNet,0.4545,0.1429,0.0,0.0,0.7143
80,PointNet,0.3636,0.5333,0.0,0.0,0.6667
81,PointNet,0.6364,0.4444,0.0,0.0,0.7778
82,PointNet,0.4545,0.25,0.0,0.0,0.7143
83,PointNet,0.5455,0.3214,0.0,0.0,0.8571
84,PointNet,0.7273,0.1,0.0,0.0,0.8
85,PointNet,0.7273,0.7,0.0,0.0,0.8
86,PointNet,0.5455,0.4,0.0,0.0,1.0
87,PointNet,0.4545,0.375,0.0,0.0,0.625
88,PointNet,0.4545,0.2083,0.0,0.0,0.625
89,PointNet,0.6364,0.1667,0.0,0.0,0.875
90,PointNet,0.5455,0.4167,0.0,0.0,0.75
91,PointNet,0.3636,0.375,0.0,0.0,0.5
92,PointNet,0.4545,0.1667,0.0,0.0,0.625
93,PointNet,0.5455,0.2143,0.0,0.0,0.8571
94,PointNet,0.2727,0.25,0.0,0.0,0.4286
95,PointNet,0.5455,0.4583,0.0,0.0,0.75
96,PointNet,0.3636,0.2333,0.0,0.0,0.6667
97,PointNet,0.3636,0.4667,0.0,0.0,0.6667
98,PointNet,0.5455,0.1111,0.0,0.0,0.6667
99,PointNet,0.9091,0.5,0.0,0.0,0.9091
100,PointNet,0.5455,0.5,0.0,0.0,0.6667
101,PointNet,0.6364,0.3333,0.0,0.0,0.875
102,PointNet,0.5455,0.3667,0.0,0.0,1.0
103,PointNet,0.6364,0.4286,0.0,0.0,1.0
104,PointNet,0.3636,0.25,0.0,0.0,0.5
105,PointNet,0.6364,0.2083,0.0,0.0,0.875
106,PointNet,0.2727,0.2083,0.0,0.0,0.375
107,PointNet,0.4545,0.1111,0.0,0.0,0.5556
108,PointNet,0.3636,0.3929,0.0,0.0,0.5714
109,PointNet,0.5455,0.4444,0.0,0.0,0.6667
110,PointNet,0.2727,0.2667,0.0,0.0,0.5
111,PointNet,0.4545,0.0,0.0,0.0,0.5556
112,PointNet,0.4545,0.3571,0.0,0.0,0.7143
113,PointNet,0.6364,0.1667,0.0,0.0,0.875
114,PointNet,0.5455,0.2143,0.0,0.0,0.8571
115,PointNet,0.5455,0.5,0.0,0.0,0.8571
116,PointNet,0.3636,0.0,0.0,0.0,0.5714
117,PointNet,0.3636,0.3333,0.0,0.0,0.5
118,PointNet,0.5455,0.4286,0.0,0.0,0.8571
119,PointNet,0.3636,0.4286,0.0,0.0,0.5714
120,PointNet,0.6364,0.2,0.0,0.0,0.7
121,PointNet,0.6364,0.1667,0.0,0.0,0.7778
122,PointNet,0.6364,0.6,0.0,0.0,0.7
123,PointNet,0.3636,0.0357,0.0,0.0,0.5714
124,PointNet,0.3636,0.0833,0.0,0.0,0.5
125,PointNet,0.6364,0.3333,0.0,0.0,0.875
126,PointNet,0.5455,0.3333,0.0,0.0,0.6667
127,PointNet,0.6364,0.3929,0.0,0.0,1.0
128,PointNet,0.5455,0.5357,0.0,0.0,0.8571
129,PointNet,0.6364,0.3214,0.0,0.0,1.0
130,PointNet,0.5455,0.3929,0.0,0.0,0.8571
131,PointNet,0.9091,0.9,0.0,0.0,1.0
132,PointNet,0.4545,0.2,0.0,0.0,0.8333
133,PointNet,0.3636,0.1667,0.0,0.0,0.5
134,PointNet,0.4545,0.375,0.0,0.0,0.625
135,PointNet,0.6364,0.2917,0.0,0.0,0.875
136,PointNet,0.6364,0.3333,0.0,0.0,0.875
137,PointNet,0.7273,0.4444,0.0,0.0,0.8889
138,PointNet,0.8182,0.9,0.0,0.0,0.9
139,PointNet,0.6364,0.2143,0.0,0.0,1.0
140,PointNet,0.6364,0.1,0.0,0.0,0.7
141,PointNet,0.8182,0.8,0.0,0.0,0.9
142,PointNet,0.5455,0.75,0.0,0.0,0.75
143,PointNet,0.5455,0.2083,0.0,0.0,0.75
144,PointNet,0.6364,0.5714,0.0,0.0,1.0
145,PointNet,0.5455,0.5417,0.0,0.0,0.75
146,PointNet,0.7273,0.75,0.0,0.0,1.0
147,PointNet,0.6364,0.8571,0.0,0.0,1.0
148,PointNet,0.3636,0.2,0.0,0.0,0.4
149,PointNet,0.5455,0.2222,0.0,0.0,0.6667
150,PointNet,0.7273,0.2,0.0,0.0,0.8
151,PointNet,0.5455,0.4167,0.0,0.0,0.75
152,PointNet,0.2727,0.3667,0.0,0.0,0.5
153,PointNet,0.1818,0.0333,0.0,0.0,0.3333
154,PointNet,0.4545,0.1667,0.0,0.0,0.625
155,PointNet,0.4545,0.375,0.0,0.0,0.625
156,PointNet,0.8182,0.1667,0.0,0.0,1.0
157,PointNet,0.6364,0.5556,0.0,0.0,0.7778
158,PointNet,0.4545,0.1786,0.0,0.0,0.7143
159,PointNet,0.4545,0.375,0.0,0.0,0.625
160,PointNet,0.8182,0.1,0.0,0.0,0.9
161,PointNet,0.6364,0.5417,0.0,0.0,0.875
162,PointNet,0.5455,0.0556,0.0,0.0,0.6667
163,PointNet,0.4545,0.4,0.0,0.0,0.5
164,PointNet,0.5455,0.5,0.0,0.0,0.6667
165,PointNet,0.6364,0.0,0.0,0.0,0.7
166,PointNet,0.2727,0.5714,0.0,0.0,0.75
167,PointNet,0.6364,0.1667,0.0,0.0,0.7778
168,PointNet,0.6364,0.6429,0.0,0.0,1.0
169,PointNet,0.7273,0.5,0.0,0.0,0.8
170,PointNet,0.5455,0.4,0.0,0.0,1.0
171,PointNet,0.2727,0.2143,0.0,0.0,0.4286
172,PointNet,0.7273,0.4,0.0,0.0,0.8
173,PointNet,0.3636,0.3571,0.0,0.0,0.5714
174,PointNet,0.3636,0.3333,0.0,0.0,0.5
175,PointNet,0.6364,0.0,0.0,0.0,0.7
176,PointNet,0.5455,0.1111,0.0,0.0,0.6667
177,PointNet,0.4545,0.2667,0.0,0.0,0.8333
178,PointNet,0.7273,0.5833,0.0,0.0,1.0
179,PointNet,0.6364,0.5714,0.0,0.0,1.0
180,PointNet,0.5455,0.1667,0.0,0.0,0.6667
181,PointNet,0.5455,0.3571,0.0,0.0,0.8571
182,PointNet,0.3636,0.7143,0.0,0.0,1.0
183,PointNet,0.6364,0.1,0.0,0.0,0.7
184,PointNet,0.8182,0.4444,0.0,0.0,1.0
185,PointNet,0.6364,0.3333,0.0,0.0,0.875
186,PointNet,0.6364,0.0833,0.0,0.0,0.875
187,PointNet,0.2727,0.0,0.0,0.0,0.5
188,PointNet,0.8182,0.7,0.0,0.0,0.9
189,PointNet,0.5455,0.1111,0.0,0.0,0.6667
190,PointNet,0.5455,0.25,0.0,0.0,0.8571
191,PointNet,0.4545,0.4167,0.0,0.0,0.625
192,PointNet,0.6364,0.5,0.0,0.0,0.7778
193,PointNet,0.7273,0.8889,0.0,0.0,0.8889
194,PointNet,0.5455,0.2083,0.0,0.0,0.75
195,PointNet,0.4545,0.25,0.0,0.0,0.7143
196,PointNet,0.4545,0.1667,0.0,0.0,0.5556
197,PointNet,0.8182,0.8,0.0,0.0,0.9
198,PointNet,0.3636,0.2083,0.0,0.0,0.5
199,PointNet,0.6364,0.8333,0.0,0.0,0.875
200,PointNet,0.7273,0.4444,0.0,0.0,0.8889
201,PointNet,0.4545,0.2917,0.0,0.0,0.625
202,PointNet,0.5455,0.2,0.0,0.0,0.6
203,PointNet,0.5455,0.1111,0.0,0.0,0.6667
204,PointNet,0.4545,0.5,0.0,0.0,0.8333
205,PointNet,0.4545,0.3333,0.0,0.0,0.625
206,PointNet,0.8182,0.4444,0.0,0.0,1.0
207,PointNet,0.4545,0.4286,0.0,0.0,0.7143
208,PointNet,0.4545,0.5714,0.0,0.0,0.7143
209,PointNet,0.5455,0.5,0.0,0.0,0.8571
210,PointNet,0.4545,0.2333,0.0,0.0,0.8333
211,PointNet,0.4545,0.3667,0.0,0.0,0.8333
212,PointNet,0.7273,0.5,0.0,0.0,1.0
213,PointNet,0.2727,0.2857,0.0,0.0,0.75
214,PointNet,0.5455,0.6071,0.0,0.0,0.8571
215,PointNet,0.4545,0.0833,0.0,0.0,0.625
216,PointNet,0.4545,0.3571,0.0,0.0,0.7143
217,PointNet,0.6364,0.5833,0.0,0.0,0.875
218,PointNet,0.7273,0.2222,0.0,0.0,0.8889
219,PointNet,0.3636,0.2667,0.0,0.0,0.8
220,PointNet,0.4545,0.3667,0.0,0.0,0.8333
221,PointNet,0.1818,0.2667,0.0,0.0,0.4
222,PointNet,0.6364,0.4444,0.0,0.0,0.7778
223,PointNet,0.2727,0.0,0.0,0.0,0.75
224,PointNet,0.6364,0.2083,0.0,0.0,0.875
225,PointNet,0.4545,0.1111,0.0,0.0,0.5556
226,PointNet,0.5455,0.25,0.0,0.0,0.75
227,PointNet,0.6364,0.0,0.0,0.0,0.875
228,PointNet,0.5455,0.1111,0.0,0.0,0.6667
229,PointNet,0.6364,0.3,0.0,0.0,0.7
230,PointNet,0.4545,0.7143,0.0,0.0,0.7143
231,PointNet,0.4545,0.5357,0.0,0.0,0.7143
232,PointNet,0.6364,0.1111,0.0,0.0,0.7778
233,PointNet,0.6364,0.5417,0.0,0.0,0.875
234,PointNet,0.6364,0.25,0.0,0.0,0.875
235,PointNet,0.7273,0.0,0.0,0.0,0.8
236,PointNet,0.5455,0.5,0.0,0.0,0.8571
237,PointNet,0.9091,0.1,0.0,0.0,1.0
238,PointNet,0.4545,0.3333,0.0,0.0,0.5556
239,PointNet,0.4545,0.7333,0.0,0.0,0.8333
240,PointNet,0.5455,0.3,0.0,0.0,0.6
241,PointNet,0.4545,0.3333,0.0,0.0,0.8333
242,PointNet,0.6364,0.3,0.0,0.0,0.7
243,PointNet,0.5455,0.2778,0.0,0.0,0.6667
244,PointNet,0.4545,0.5714,0.0,0.0,0.7143
245,PointNet,0.1818,0.3333,0.0,0.0,0.3333
246,PointNet,0.5455,0.4167,0.0,0.0,0.75
247,PointNet,0.6364,0.6111,0.0,0.0,0.7778
248,PointNet,0.6364,0.2917,0.0,0.0,0.875
249,PointNet,0.5455,0.6,0.0,0.0,0.6
250,PointNet,0.6364,0.1111,0.0,0.0,0.7778
251,PointNet,0.3636,0.4167,0.0,0.0,0.5
252,PointNet,0.5455,0.5,0.0,0.0,0.75
253,PointNet,0.4545,0.3929,0.0,0.0,0.7143
254,PointNet,0.8182,0.3,0.0,0.0,0.9
255,PointNet,0.5455,0.2917,0.0,0.0,0.75
256,PointNet,0.6364,0.125,0.0,0.0,0.875
257,PointNet,0.5455,0.1429,0.0,0.0,0.8571
258,PointNet,0.5455,0.2778,0.0,0.0,0.6667
259,PointNet,0.6364,0.375,0.0,0.0,0.875
260,PointNet,0.5455,0.625,0.0,0.0,0.75
261,PointNet,0.7273,0.6111,0.0,0.0,0.8889
262,PointNet,0.1818,0.2,0.0,0.0,0.2
263,PointNet,0.5455,0.5,0.0,0.0,0.75
264,PointNet,0.5455,0.1667,0.0,0.0,0.75
265,PointNet,0.2727,0.0833,0.0,0.0,0.375
266,PointNet,0.5455,0.6429,0.0,0.0,0.8571
267,PointNet,0.3636,0.2222,0.0,0.0,0.4444
268,PointNet,0.6364,0.5556,0.0,0.0,0.7778
269,PointNet,0.7273,0.5556,0.0,0.0,0.8889
270,PointNet,0.7273,0.5556,0.0,0.0,0.8889
271,PointNet,0.5455,0.3333,0.0,0.0,0.6667
272,PointNet,0.5455,0.4286,0.0,0.0,0.8571
273,PointNet,0.5455,0.6333,0.0,0.0,1.0
274,PointNet,0.7273,0.4,0.0,0.0,0.8
275,PointNet,0.7273,0.6667,0.0,0.0,0.8889
276,PointNet,0.8182,0.5,0.0,0.0,1.0
277,PointNet,0.3636,0.3333,0.0,0.0,0.4444
278,PointNet,0.5455,0.3333,0.0,0.0,0.75
279,PointNet,0.6364,0.0,0.0,0.0,0.7778
280,PointNet,0.5455,0.6667,0.0,0.0,0.6667
281,PointNet,0.8182,0.7778,0.0,0.0,1.0
282,PointNet,0.2727,0.3214,0.0,0.0,0.75
283,PointNet,0.6364,0.1667,0.0,0.0,0.7778
284,PointNet,0.3636,0.5667,0.0,0.0,0.8
285,PointNet,0.4545,0.0,0.0,0.0,0.625
286,PointNet,0.6364,0.375,0.0,0.0,0.875
287,PointNet,0.5455,0.3571,0.0,0.0,0.8571
288,PointNet,0.7273,0.3333,0.0,0.0,1.0
289,PointNet,0.5455,0.2,0.0,0.0,1.0
290,PointNet,0.7273,0.375,0.0,0.0,1.0
291,PointNet,0.5455,0.2222,0.0,0.0,0.6667
292,PointNet,0.4545,0.2222,0.0,0.0,0.5556
293,PointNet,0.4545,0.2857,0.0,0.0,0.7143
294,PointNet,0.5455,0.4,0.0,0.0,1.0
295,PointNet,0.4545,0.3571,0.0,0.0,0.7143
296,PointNet,0.7273,0.5417,0.0,0.0,1.0
297,PointNet,0.4545,0.4583,0.0,0.0,0.625
298,PointNet,0.3636,0.0,0.0,0.0,1.0
299,PointNet,0.3636,0.1,0.0,0.0,0.8
300,PointNet,0.3636,0.1667,0.0,0.0,0.4444
301,PointNet,0.6364,0.4167,0.0,0.0,0.875
302,PointNet,0.2727,0.1667,0.0,0.0,0.5
303,PointNet,0.6364,0.4444,0.0,0.0,0.7778
304,PointNet,0.7273,0.3889,0.0,0.0,0.8889
305,PointNet,0.4545,0.2083,0.0,0.0,0.625
306,PointNet,0.7273,0.0,0.0,0.0,0.8889
307,PointNet,0.2727,0.25,0.0,0.0,0.4286
308,PointNet,0.5455,0.2857,0.0,0.0,0.8571
309,PointNet,0.6364,0.4,0.0,0.0,0.7
310,PointNet,0.5455,0.5,0.0,0.0,0.75
311,PointNet,0.3636,0.4667,0.0,0.0,0.8
312,PointNet,0.3636,0.125,0.0,0.0,0.5
313,PointNet,0.5455,0.5357,0.0,0.0,0.8571
314,PointNet,0.4545,0.125,0.0,0.0,0.625
315,PointNet,0.3636,0.4,0.0,0.0,0.6667
316,PointNet,0.7273,0.7778,0.0,0.0,0.8889
317,PointNet,0.8182,0.8,0.0,0.0,0.9
318,PointNet,0.8182,0.1,0.0,0.0,0.9
319,PointNet,0.5455,0.5714,0.0,0.0,0.8571
320,PointNet,0.3636,0.1429,0.0,0.0,0.5714
321,PointNet,0.4545,0.6333,0.0,0.0,0.8333
322,PointNet,0.4545,0.2083,0.0,0.0,0.625
323,PointNet,0.6364,0.6667,0.0,0.0,0.7778
324,PointNet,0.8182,1.0,0.0,0.0,1.0
325,PointNet,0.8182,0.5,0.0,0.0,0.8182
326,PointNet,0.6364,0.2778,0.0,0.0,0.7778
327,PointNet,0.5455,0.5556,0.0,0.0,0.6667
328,PointNet,0.5455,0.2917,0.0,0.0,0.75
329,PointNet,0.6364,0.5833,0.0,0.0,0.875
330,PointNet,0.4545,0.2857,0.0,0.0,0.7143
331,PointNet,0.7273,0.1,0.0,0.0,0.8
332,PointNet,0.7273,0.1,0.0,0.0,0.8
333,PointNet,0.8182,0.4444,0.0,0.0,1.0
334,PointNet,0.3636,0.125,0.0,0.0,0.5
335,PointNet,0.4545,0.1667,0.0,0.0,0.625
336,PointNet,0.3636,0.4286,0.0,0.0,0.5714
337,PointNet,0.2727,0.1333,0.0,0.0,0.5
338,PointNet,0.9091,0.5,0.0,0.0,0.9091
339,PointNet,0.6364,0.3889,0.0,0.0,0.7778
340,PointNet,0.4545,0.5333,0.0,0.0,0.8333
341,PointNet,0.2727,0.2,0.0,0.0,0.5
342,PointNet,0.5455,0.2778,0.0,0.0,0.6667
343,PointNet,0.0909,0.2,0.0,0.0,0.2
344,PointNet,0.5455,0.1667,0.0,0.0,0.75
345,PointNet,0.5455,0.2917,0.0,0.0,0.75
346,PointNet,0.6364,0.1,0.0,0.0,0.7
347,PointNet,0.2727,0.1,0.0,0.0,0.5
348,PointNet,0.3636,0.375,0.0,0.0,0.5
349,PointNet,0.3636,0.1429,0.0,0.0,0.5714
350,PointNet,0.3636,0.1429,0.0,0.0,0.5714
351,PointNet,0.6364,0.5,0.0,0.0,0.7778
352,PointNet,0.7273,0.2,0.0,0.0,0.8
353,PointNet,0.5455,0.5,0.0,0.0,0.75
354,PointNet,0.4545,0.4286,0.0,0.0,0.7143
355,PointNet,0.3636,0.5333,0.0,0.0,0.6667
356,PointNet,0.2727,0.2143,0.0,0.0,0.4286
357,PointNet,0.6364,0.2917,0.0,0.0,0.875
358,PointNet,0.5455,0.4286,0.0,0.0,0.8571
359,PointNet,0.6364,0.3,0.0,0.0,0.7
360,PointNet,0.5455,0.1667,0.0,0.0,0.75
361,PointNet,0.1818,0.2857,0.0,0.0,0.2857
362,PointNet,0.5455,0.6667,0.0,0.0,0.6667
363,PointNet,0.8182,0.1,0.0,0.0,0.9
364,PointNet,0.5455,0.4444,0.0,0.0,0.6667
365,PointNet,0.4545,0.5,0.0,0.0,0.625
366,PointNet,0.7273,0.1111,0.0,0.0,0.8889
367,PointNet,0.4545,0.1667,0.0,0.0,0.5556
368,PointNet,0.7273,0.1111,0.0,0.0,0.8889
369,PointNet,0.3636,0.2667,0.0,0.0,0.6667
370,PointNet,0.6364,0.1111,0.0,0.0,0.7778
371,PointNet,0.6364,0.5833,0.0,0.0,0.875
372,PointNet,0.7273,0.2,0.0,0.0,0.8
373,PointNet,0.4545,0.4667,0.0,0.0,0.8333
374,PointNet,0.7273,0.4167,0.0,0.0,1.0
375,PointNet,0.4545,0.5667,0.0,0.0,0.8333
376,PointNet,0.5455,0.5,0.0,0.0,0.6
377,PointNet,0.5455,0.4286,0.0,0.0,0.8571
378,PointNet,0.6364,0.625,0.0,0.0,0.875
379,PointNet,0.3636,0.2857,0.0,0.0,0.5714
380,PointNet,0.5455,0.2857,0.0,0.0,0.8571
381,PointNet,0.8182,0.2222,0.0,0.0,1.0
382,PointNet,0.6364,0.3333,0.0,0.0,0.7778
383,PointNet,0.3636,0.0667,0.0,0.0,0.6667
384,PointNet,0.6364,0.3889,0.0,0.0,0.7778
385,PointNet,0.5455,0.5667,0.0,0.0,1.0
386,PointNet,0.4545,0.0,0.0,0.0,0.625
387,PointNet,0.7273,0.5833,0.0,0.0,1.0
388,PointNet,0.7273,0.4444,0.0,0.0,0.8889
389,PointNet,0.5455,0.4444,0.0,0.0,0.6667
390,PointNet,0.5455,0.2222,0.0,0.0,0.6667
391,PointNet,0.3636,0.125,0.0,0.0,0.5
392,PointNet,0.3636,0.2083,0.0,0.0,0.5
393,PointNet,0.6364,0.5,0.0,0.0,0.875
394,PointNet,0.5455,0.4583,0.0,0.0,0.75
395,PointNet,0.4545,0.1071,0.0,0.0,0.7143
396,PointNet,0.6364,0.4167,0.0,0.0,0.875
397,PointNet,0.5455,0.5417,0.0,0.0,0.75
398,PointNet,0.7273,0.0,0.0,0.0,0.8889
399,PointNet,0.3636,0.3,0.0,0.0,0.6667
400,PointNet,0.5455,0.3889,0.0,0.0,0.6667
401,PointNet,0.3636,0.6667,0.0,0.0,0.8
402,PointNet,0.6364,0.7143,0.0,0.0,1.0
403,PointNet,0.6364,0.4583,0.0,0.0,0.875
404,PointNet,0.4545,0.0,0.0,0.0,0.5
405,PointNet,0.3636,0.4,0.0,0.0,0.6667
406,PointNet,0.7273,0.1667,0.0,0.0,0.8889
407,PointNet,0.2727,0.2667,0.0,0.0,0.6
408,PointNet,0.7273,0.2222,0.0,0.0,0.8889
409,PointNet,0.5455,0.5714,0.0,0.0,0.8571
410,PointNet,0.4545,0.2917,0.0,0.0,0.625
411,PointNet,0.5455,0.2083,0.0,0.0,0.75
412,PointNet,0.3636,0.4,0.0,0.0,0.8
413,PointNet,0.5455,0.3333,0.0,0.0,0.75
414,PointNet,0.3636,0.2,0.0,0.0,0.6667
415,PointNet,0.6364,0.5,0.0,0.0,0.6364
416,PointNet,0.5455,0.4167,0.0,0.0,0.75
417,PointNet,0.4545,0.1111,0.0,0.0,0.5556
418,PointNet,0.7273,0.5,0.0,0.0,0.7273
419,PointNet,0.2727,0.3667,0.0,0.0,0.6
420,PointNet,0.4545,0.2222,0.0,0.0,0.5556
421,PointNet,0.4545,0.5417,0.0,0.0,0.625
422,PointNet,0.3636,0.25,0.0,0.0,0.5714
423,PointNet,0.3636,0.25,0.0,0.0,0.5
424,PointNet,0.0909,0.1429,0.0,0.0,0.1429
425,PointNet,0.3636,0.6,0.0,0.0,0.6667
426,PointNet,0.7273,0.7083,0.0,0.0,1.0
427,PointNet,0.7273,0.2083,0.0,0.0,1.0
428,PointNet,0.4545,0.2917,0.0,0.0,0.625
429,PointNet,0.7273,0.7,0.0,0.0,0.8
430,PointNet,0.4545,0.25,0.0,0.0,0.7143
431,PointNet,0.3636,0.2083,0.0,0.0,0.5
432,PointNet,0.6364,0.5,0.0,0.0,0.6364
433,PointNet,0.7273,0.0,0.0,0.0,0.8889
434,PointNet,0.4545,0.2778,0.0,0.0,0.5556
435,PointNet,0.5455,0.3571,0.0,0.0,0.8571
436,PointNet,0.5455,0.5556,0.0,0.0,0.6667
437,PointNet,0.4545,0.3571,0.0,0.0,0.7143
438,PointNet,0.3636,0.4,0.0,0.0,0.6667
439,PointNet,0.7273,0.1111,0.0,0.0,0.8889
440,PointNet,0.4545,0.2857,0.0,0.0,0.7143
441,PointNet,0.3636,0.3571,0.0,0.0,1.0
442,PointNet,0.5455,0.0,0.0,0.0,0.75
443,PointNet,0.2727,0.3,0.0,0.0,0.6
444,PointNet,0.3636,0.5,0.0,0.0,0.5714
445,PointNet,0.3636,0.4,0.0,0.0,0.6667
446,PointNet,0.3636,0.1667,0.0,0.0,0.4444
447,PointNet,0.4545,0.0,0.0,0.0,0.5556
448,PointNet,0.4545,0.3571,0.0,0.0,0.7143
449,PointNet,0.6364,0.2,0.0,0.0,0.7
450,PointNet,0.5455,0.4286,0.0,0.0,0.8571
451,PointNet,0.5455,0.3889,0.0,0.0,0.6667
452,PointNet,0.7273,0.2,0.0,0.0,0.8
453,PointNet,0.5455,0.0,0.0,0.0,0.6
454,PointNet,0.3636,0.25,0.0,0.0,0.5714
455,PointNet,0.9091,0.7,0.0,0.0,1.0
456,PointNet,0.4545,0.375,0.0,0.0,0.625
457,PointNet,0.4545,0.0,0.0,0.0,0.5556
458,PointNet,0.4545,0.3571,0.0,0.0,0.7143
459,PointNet,0.6364,0.375,0.0,0.0,0.875
460,PointNet,0.5455,0.25,0.0,0.0,0.8571
461,PointNet,0.5455,0.3333,0.0,0.0,0.6667
462,PointNet,0.3636,0.2333,0.0,0.0,0.6667
463,PointNet,0.4545,0.375,0.0,0.0,0.625
464,PointNet,0.5455,0.5,0.0,0.0,0.8571
465,PointNet,0.4545,0.2143,0.0,0.0,0.7143
466,PointNet,0.5455,0.25,0.0,0.0,0.75
467,PointNet,0.7273,0.6,0.0,0.0,0.8
468,PointNet,0.3636,0.3333,0.0,0.0,0.4444
469,PointNet,0.3636,0.25,0.0,0.0,0.5
470,PointNet,0.6364,0.3333,0.0,0.0,0.875
471,PointNet,0.2727,0.2222,0.0,0.0,0.3333
472,PointNet,0.4545,0.3333,0.0,0.0,0.5556
473,PointNet,0.3636,0.125,0.0,0.0,0.5
474,PointNet,0.9091,0.3,0.0,0.0,1.0
475,PointNet,0.9091,0.4,0.0,0.0,1.0
476,PointNet,0.2727,0.125,0.0,0.0,0.375
477,PointNet,0.3636,0.4,0.0,0.0,0.8
478,PointNet,0.4545,0.3333,0.0,0.0,0.625
479,PointNet,0.3636,0.3929,0.0,0.0,0.5714
480,PointNet,0.7273,0.6111,0.0,0.0,0.8889
481,PointNet,0.6364,0.375,0.0,0.0,0.875
482,PointNet,0.3636,0.3667,0.0,0.0,0.6667
483,PointNet,0.7273,0.4,0.0,0.0,0.8
484,PointNet,0.6364,0.3889,0.0,0.0,0.7778
485,PointNet,0.5455,0.2778,0.0,0.0,0.6667
486,PointNet,0.5455,0.2083,0.0,0.0,0.75
487,PointNet,0.3636,0.3333,0.0,0.0,0.4444
488,PointNet,0.4545,0.2917,0.0,0.0,0.625
489,PointNet,0.6364,0.1,0.0,0.0,0.7
490,PointNet,0.3636,0.2143,0.0,0.0,0.5714
491,PointNet,0.5455,0.125,0.0,0.0,0.75
492,PointNet,0.4545,0.2917,0.0,0.0,0.625
493,PointNet,0.4545,0.2083,0.0,0.0,0.625
494,PointNet,0.6364,0.4286,0.0,0.0,1.0
495,PointNet,0.4545,0.2667,0.0,0.0,0.8333
496,PointNet,0.5455,0.2143,0.0,0.0,0.8571
497,PointNet,0.2727,0.1333,0.0,0.0,0.5
498,PointNet,0.3636,0.1786,0.0,0.0,0.5714
499,PointNet,0.5455,0.2222,0.0,0.0,0.6667
500,PointNet,0.5455,0.5556,0.0,0.0,0.6667
501,PointNet,0.6364,0.3333,0.0,0.0,0.7778
502,PointNet,0.6364,0.4444,0.0,0.0,0.7778
503,PointNet,0.3636,0.125,0.0,0.0,0.5
504,PointNet,0.5455,0.25,0.0,0.0,0.8571
505,PointNet,0.3636,0.4286,0.0,0.0,0.5714
506,PointNet,0.6364,0.5,0.0,0.0,0.6364
507,PointNet,0.5455,0.5,0.0,0.0,0.75
508,PointNet,0.8182,0.2,0.0,0.0,0.9
509,PointNet,0.8182,0.2,0.0,0.0,0.9
510,PointNet,0.3636,0.3333,0.0,0.0,0.4444
511,PointNet,0.7273,0.7,0.0,0.0,0.8
512,PointNet,0.4545,0.2667,0.0,0.0,1.0
513,PointNet,0.7273,0.5,0.0,0.0,0.7273
514,PointNet,0.7273,0.4444,0.0,0.0,0.8889
515,PointNet,0.8182,0.2,0.0,0.0,0.9
516,PointNet,0.5455,0.3,0.0,0.0,0.6
517,PointNet,0.7273,0.5,0.0,0.0,0.8889
518,PointNet,0.6364,0.7,0.0,0.0,0.7
519,PointNet,0.3636,0.1429,0.0,0.0,0.5714
520,PointNet,0.6364,0.4444,0.0,0.0,0.7778
521,PointNet,0.4545,0.125,0.0,0.0,0.625
522,PointNet,0.4545,0.4333,0.0,0.0,1.0
523,PointNet,0.5455,0.25,0.0,0.0,0.75
524,PointNet,0.5455,0.2917,0.0,0.0,0.75
525,PointNet,0.5455,0.2222,0.0,0.0,0.6667
526,PointNet,0.5455,0.1667,0.0,0.0,0.75
527,PointNet,0.6364,0.3333,0.0,0.0,0.7778
528,PointNet,0.4545,0.125,0.0,0.0,0.625
529,PointNet,0.3636,0.3333,0.0,0.0,0.5
530,PointNet,0.5455,0.375,0.0,0.0,0.75
531,PointNet,0.7273,0.3889,0.0,0.0,0.8889
532,PointNet,0.6364,0.5556,0.0,0.0,0.7778
533,PointNet,0.5455,0.4286,0.0,0.0,0.8571
534,PointNet,0.3636,0.3667,0.0,0.0,0.8
535,PointNet,0.6364,0.3,0.0,0.0,0.7
536,PointNet,0.6364,0.0,0.0,0.0,0.7
537,PointNet,0.4545,0.5,0.0,0.0,0.8333
538,PointNet,0.6364,0.25,0.0,0.0,0.875
539,PointNet,0.7273,0.7,0.0,0.0,0.8
540,PointNet,0.6364,0.0,0.0,0.0,0.7778
541,PointNet,0.6364,0.4444,0.0,0.0,0.7778
542,PointNet,0.3636,0.4667,0.0,0.0,0.6667
543,PointNet,0.5455,0.2222,0.0,0.0,0.6667
544,PointNet,0.3636,0.3,0.0,0.0,0.8
545,PointNet,0.4545,0.1667,0.0,0.0,0.5556
546,PointNet,0.5455,0.625,0.0,0.0,0.75
547,PointNet,0.8182,0.2,0.0,0.0,0.9
548,PointNet,0.9091,0.2,0.0,0.0,1.0
549,PointNet,0.6364,0.4,0.0,0.0,0.7
550,PointNet,0.4545,0.3333,0.0,0.0,0.5556
551,PointNet,0.8182,0.7,0.0,0.0,0.9
552,PointNet,0.6364,0.3333,0.0,0.0,0.7778
553,PointNet,0.4545,0.25,0.0,0.0,0.7143
554,PointNet,0.5455,0.5,0.0,0.0,0.75
555,PointNet,0.7273,0.2222,0.0,0.0,0.8889
556,PointNet,0.6364,0.2222,0.0,0.0,0.7778
557,PointNet,0.5455,0.4333,0.0,0.0,1.0
558,PointNet,0.4545,0.4333,0.0,0.0,0.8333
559,PointNet,0.5455,0.1667,0.0,0.0,0.6667
560,PointNet,0.7273,0.125,0.0,0.0,1.0
561,PointNet,0.2727,0.0,0.0,0.0,0.4286
562,PointNet,0.4545,0.4286,0.0,0.0,0.7143
563,PointNet,0.3636,0.3333,0.0,0.0,0.5
564,PointNet,0.5455,0.0556,0.0,0.0,0.6667
565,PointNet,0.7273,0.5,0.0,0.0,0.7273
566,PointNet,0.9091,0.2,0.0,0.0,1.0
567,PointNet,0.5455,0.2083,0.0,0.0,0.75
568,PointNet,0.7273,0.6667,0.0,0.0,1.0
569,PointNet,0.5455,0.3,0.0,0.0,0.6
570,PointNet,0.5455,0.4286,0.0,0.0,0.8571
571,PointNet,0.5455,0.4286,0.0,0.0,0.8571
572,PointNet,0.6364,0.5,0.0,0.0,0.6364
573,PointNet,0.3636,0.25,0.0,0.0,0.5714
574,PointNet,0.1818,0.0,0.0,0.0,0.3333
575,PointNet,0.7273,0.6111,0.0,0.0,0.8889
576,PointNet,0.7273,0.3333,0.0,0.0,0.8889
577,PointNet,0.7273,0.4444,0.0,0.0,0.8889
578,PointNet,0.4545,0.2083,0.0,0.0,0.625
579,PointNet,0.6364,0.3889,0.0,0.0,0.7778
580,PointNet,0.3636,0.1429,0.0,0.0,0.5714
581,PointNet,0.3636,0.375,0.0,0.0,0.5
582,PointNet,0.5455,0.25,0.0,0.0,0.75
583,PointNet,0.8182,0.5556,0.0,0.0,1.0
584,PointNet,0.4545,0.3571,0.0,0.0,0.7143
585,PointNet,0.7273,0.5556,0.0,0.0,0.8889
586,PointNet,0.6364,0.4583,0.0,0.0,0.875
587,PointNet,0.6364,0.3333,0.0,0.0,0.875
588,PointNet,0.3636,0.2917,0.0,0.0,0.5
589,PointNet,0.6364,0.0833,0.0,0.0,0.875
590,PointNet,0.7273,0.5,0.0,0.0,0.7273
591,PointNet,0.5455,0.1667,0.0,0.0,0.75
592,PointNet,0.5455,0.5714,0.0,0.0,0.8571
593,PointNet,0.5455,0.2917,0.0,0.0,0.75
594,PointNet,0.5455,0.375,0.0,0.0,0.75
595,PointNet,0.4545,0.4667,0.0,0.0,0.8333
596,PointNet,0.4545,0.1429,0.0,0.0,0.7143
597,PointNet,0.4545,0.4333,0.0,0.0,0.8333
598,PointNet,0.5455,0.2,0.0,0.0,0.6
599,PointNet,0.5455,0.6429,0.0,0.0,0.8571
600,PointNet,0.3636,0.0,0.0,0.0,0.5714
601,PointNet,0.4545,0.1667,0.0,0.0,0.8333
602,PointNet,0.2727,0.3,0.0,0.0,0.5
603,PointNet,0.6364,0.2857,0.0,0.0,1.0
604,PointNet,0.8182,0.3,0.0,0.0,0.9
605,PointNet,0.6364,0.6667,0.0,0.0,0.7778
606,PointNet,0.5455,0.25,0.0,0.0,0.8571
607,PointNet,0.4545,0.1667,0.0,0.0,0.625
608,PointNet,0.3636,0.3571,0.0,0.0,0.5714
609,PointNet,0.2727,0.2143,0.0,0.0,0.4286
610,PointNet,0.7273,0.0,0.0,0.0,0.8
611,PointNet,0.5455,0.125,0.0,0.0,0.75
612,PointNet,0.6364,0.4444,0.0,0.0,0.7778
613,PointNet,0.6364,0.5,0.0,0.0,0.7
614,PointNet,0.7273,0.2917,0.0,0.0,1.0
615,PointNet,0.4545,0.1429,0.0,0.0,0.7143
616,PointNet,0.6364,0.4,0.0,0.0,0.7
617,PointNet,0.6364,0.6,0.0,0.0,0.7
618,PointNet,0.7273,0.6,0.0,0.0,0.8
619,PointNet,0.4545,0.2,0.0,0.0,0.8333
620,PointNet,0.4545,0.4583,0.0,0.0,0.625
621,PointNet,0.6364,0.2222,0.0,0.0,0.7778
622,PointNet,0.6364,0.3333,0.0,0.0,0.7778
623,PointNet,0.6364,0.125,0.0,0.0,0.875
624,PointNet,0.4545,0.2143,0.0,0.0,0.7143
625,PointNet,0.5455,0.3214,0.0,0.0,0.8571
626,PointNet,0.5455,0.2778,0.0,0.0,0.6667
627,PointNet,0.5455,0.25,0.0,0.0,0.8571
628,PointNet,0.5455,0.3889,0.0,0.0,0.6667
629,PointNet,0.7273,0.7,0.0,0.0,0.8
630,PointNet,0.3636,0.2857,0.0,0.0,0.5714
631,PointNet,0.5455,0.1111,0.0,0.0,0.6667
632,PointNet,0.6364,0.1111,0.0,0.0,0.7778
633,PointNet,0.6364,0.4444,0.0,0.0,0.7778
634,PointNet,0.4545,0.3571,0.0,0.0,0.7143
635,PointNet,0.2727,0.3667,0.0,0.0,0.6
636,PointNet,0.4545,0.0,0.0,0.0,0.7143
637,PointNet,0.3636,0.2667,0.0,0.0,0.6667
638,PointNet,0.6364,0.2,0.0,0.0,0.7
639,PointNet,0.6364,0.3333,0.0,0.0,0.875
640,PointNet,0.6364,0.25,0.0,0.0,0.875
641,PointNet,0.7273,0.4,0.0,0.0,0.8
642,PointNet,0.7273,0.5,0.0,0.0,0.8889
643,PointNet,0.9091,0.5,0.0,0.0,0.9091
644,PointNet,0.4545,0.0333,0.0,0.0,0.8333
645,PointNet,0.6364,0.5,0.0,0.0,0.6364
646,PointNet,0.6364,0.2083,0.0,0.0,0.875
647,PointNet,0.5455,0.25,0.0,0.0,0.75
648,PointNet,0.5455,0.125,0.0,0.0,0.75
649,PointNet,0.7273,0.7,0.0,0.0,0.8
650,PointNet,0.6364,0.0,0.0,0.0,0.7
651,PointNet,0.6364,0.25,0.0,0.0,0.875
652,PointNet,0.6364,0.4444,0.0,0.0,0.7778
653,PointNet,0.4545,0.4286,0.0,0.0,0.7143
654,PointNet,0.6364,0.1786,0.0,0.0,1.0
655,PointNet,0.7273,0.1111,0.0,0.0,0.8889
656,PointNet,0.5455,0.6429,0.0,0.0,0.8571
657,PointNet,0.5455,0.3214,0.0,0.0,0.8571
658,PointNet,0.7273,0.2083,0.0,0.0,1.0
659,PointNet,0.4545,0.5,0.0,0.0,0.7143
660,PointNet,0.2727,0.2857,0.0,0.0,0.4286
661,PointNet,0.6364,0.2222,0.0,0.0,0.7778
662,PointNet,0.5455,0.3214,0.0,0.0,0.8571
663,PointNet,0.6364,0.3333,0.0,0.0,0.875
664,PointNet,0.6364,0.3,0.0,0.0,0.7
665,PointNet,0.7273,0.7,0.0,0.0,0.8
666,PointNet,0.3636,0.4,0.0,0.0,0.8
667,PointNet,0.4545,0.0,0.0,0.0,0.625
668,PointNet,0.2727,0.2667,0.0,0.0,0.6
669,PointNet,0.6364,0.0,0.0,0.0,0.875
670,PointNet,0.6364,0.5556,0.0,0.0,0.7778
671,PointNet,0.4545,0.3571,0.0,0.0,0.7143
672,PointNet,0.3636,0.3214,0.0,0.0,0.5714
673,PointNet,0.2727,0.25,0.0,0.0,0.4286
674,PointNet,0.5455,0.3333,0.0,0.0,0.75
675,PointNet,0.7273,0.7,0.0,0.0,0.8
676,PointNet,0.4545,0.3333,0.0,0.0,0.8333
677,PointNet,0.4545,0.5556,0.0,0.0,0.5556
678,PointNet,0.6364,0.5417,0.0,0.0,0.875
679,PointNet,0.5455,0.25,0.0,0.0,0.75
680,PointNet,0.6364,0.4583,0.0,0.0,0.875
681,PointNet,0.5455,0.4,0.0,0.0,0.6
682,PointNet,0.5455,0.3333,0.0,0.0,0.75
683,PointNet,0.6364,0.5,0.0,0.0,0.7
684,PointNet,0.7273,0.5,0.0,0.0,0.8889
685,PointNet,0.5455,0.4583,0.0,0.0,0.75
686,PointNet,0.7273,0.6,0.0,0.0,0.8
687,PointNet,0.1818,0.1333,0.0,0.0,0.4
688,PointNet,0.7273,0.4167,0.0,0.0,1.0
689,PointNet,0.8182,0.5,0.0,0.0,0.8182
690,PointNet,0.4545,0.4333,0.0,0.0,0.8333
691,PointNet,0.4545,0.1786,0.0,0.0,0.7143
692,PointNet,0.5455,0.2667,0.0,0.0,1.0
693,PointNet,0.5455,0.25,0.0,0.0,0.75
694,PointNet,0.4545,0.3333,0.0,0.0,0.5556
695,PointNet,0.8182,0.4,0.0,0.0,0.9
696,PointNet,0.6364,0.625,0.0,0.0,0.875
697,PointNet,0.6364,0.4167,0.0,0.0,0.875
698,PointNet,0.6364,0.3333,0.0,0.0,0.875
699,PointNet,0.5455,0.25,0.0,0.0,0.8571
700,PointNet,0.3636,0.4667,0.0,0.0,0.8
701,PointNet,0.9091,0.8,0.0,0.0,1.0
702,PointNet,0.5455,0.125,0.0,0.0,0.75
703,PointNet,0.4545,0.5,0.0,0.0,0.5
704,PointNet,0.5455,0.6,0.0,0.0,0.6
705,PointNet,0.6364,0.3889,0.0,0.0,0.7778
706,PointNet,0.5455,0.5,0.0,0.0,0.8571
707,PointNet,0.5455,0.1786,0.0,0.0,0.8571
708,PointNet,0.3636,0.0,0.0,0.0,0.5
709,PointNet,0.5455,0.2333,0.0,0.0,1.0
710,PointNet,0.6364,0.5,0.0,0.0,0.7778
711,PointNet,0.5455,0.1,0.0,0.0,0.6
712,PointNet,0.2727,0.1111,0.0,0.0,0.3333
713,PointNet,0.6364,0.0833,0.0,0.0,0.875
714,PointNet,0.7273,0.2222,0.0,0.0,0.8889
715,PointNet,0.1818,0.1,0.0,0.0,0.3333
716,PointNet,0.4545,0.1071,0.0,0.0,0.7143
717,PointNet,0.4545,0.2,0.0,0.0,0.8333
718,PointNet,0.5455,0.1667,0.0,0.0,0.75
719,PointNet,0.5455,0.6071,0.0,0.0,0.8571
720,PointNet,0.3636,0.0,0.0,0.0,0.5714
721,PointNet,0.5455,0.6,0.0,0.0,0.6
722,PointNet,0.6364,0.1,0.0,0.0,0.7
723,PointNet,0.4545,0.4286,0.0,0.0,0.7143
724,PointNet,0.5455,0.5,0.0,0.0,0.5455
725,PointNet,0.7273,0.3333,0.0,0.0,0.8889
726,PointNet,0.7273,0.5,0.0,0.0,1.0
727,PointNet,0.6364,0.2,0.0,0.0,0.7
728,PointNet,0.7273,0.5417,0.0,0.0,1.0
729,PointNet,0.7273,0.5,0.0,0.0,0.7273
730,PointNet,0.6364,0.6,0.0,0.0,0.7
731,PointNet,0.7273,0.375,0.0,0.0,1.0
732,PointNet,0.6364,0.1111,0.0,0.0,0.7778
733,PointNet,0.7273,0.25,0.0,0.0,1.0
734,PointNet,0.2727,0.0,0.0,0.0,0.5
735,PointNet,0.3636,0.1333,0.0,0.0,0.6667
736,PointNet,0.4545,0.1667,0.0,0.0,0.5556
737,PointNet,0.3636,0.2,0.0,0.0,0.6667
738,PointNet,0.5455,0.2917,0.0,0.0,0.75
739,PointNet,0.4545,0.5,0.0,0.0,0.7143
740,PointNet,0.5455,0.1786,0.0,0.0,0.8571
741,PointNet,0.6364,0.4167,0.0,0.0,0.875
742,PointNet,0.5455,0.3333,0.0,0.0,0.6667
743,PointNet,0.6364,0.7778,0.0,0.0,0.7778
744,PointNet,0.8182,0.5,0.0,0.0,0.8182
745,PointNet,0.4545,0.2857,0.0,0.0,0.7143
746,PointNet,0.5455,0.1429,0.0,0.0,0.8571
747,PointNet,0.7273,0.2,0.0,0.0,0.8
748,PointNet,0.4545,0.3214,0.0,0.0,0.7143
749,PointNet,0.2727,0.2857,0.0,0.0,0.4286
750,PointNet,0.6364,0.4583,0.0,0.0,0.875
751,PointNet,0.6364,0.5,0.0,0.0,0.6364
752,PointNet,0.2727,0.2333,0.0,0.0,0.6
753,PointNet,0.6364,0.6071,0.0,0.0,1.0
754,PointNet,0.4545,0.2083,0.0,0.0,0.625
755,PointNet,0.5455,0.6429,0.0,0.0,0.8571
756,PointNet,0.6364,0.1,0.0,0.0,0.7
757,PointNet,0.5455,0.2143,0.0,0.0,0.8571
758,PointNet,0.5455,0.1667,0.0,0.0,0.6667
759,PointNet,0.7273,0.5556,0.0,0.0,0.8889
760,PointNet,0.7273,0.2778,0.0,0.0,0.8889
761,PointNet,0.7273,0.3333,0.0,0.0,1.0
762,PointNet,0.6364,0.4167,0.0,0.0,0.875
763,PointNet,0.1818,0.0357,0.0,0.0,0.2857
764,PointNet,0.5455,0.5,0.0,0.0,0.75
765,PointNet,0.7273,0.0,0.0,0.0,0.8
766,PointNet,0.4545,0.2778,0.0,0.0,0.5556
767,PointNet,0.5455,0.3889,0.0,0.0,0.6667
768,PointNet,0.4545,0.375,0.0,0.0,0.625
769,PointNet,0.6364,0.625,0.0,0.0,0.875
770,PointNet,0.4545,0.5,0.0,0.0,0.7143
771,PointNet,0.4545,0.2857,0.0,0.0,0.7143
772,PointNet,0.6364,0.6,0.0,0.0,0.7
773,PointNet,0.6364,0.25,0.0,0.0,0.875
774,PointNet,0.2727,0.0833,0.0,0.0,0.375
775,PointNet,0.6364,0.5,0.0,0.0,0.6364
776,PointNet,0.6364,0.0,0.0,0.0,0.875
777,PointNet,0.2727,0.2143,0.0,0.0,0.75
778,PointNet,0.7273,0.3333,0.0,0.0,1.0
779,PointNet,0.4545,0.5,0.0,0.0,0.5
780,PointNet,0.7273,0.8,0.0,0.0,0.8
781,PointNet,0.3636,0.1667,0.0,0.0,0.5
782,PointNet,0.5455,0.2143,0.0,0.0,0.8571
783,PointNet,0.7273,0.1667,0.0,0.0,0.8889
784,PointNet,0.3636,0.3333,0.0,0.0,0.4444
785,PointNet,0.5455,0.25,0.0,0.0,0.75
786,PointNet,0.3636,0.1333,0.0,0.0,0.6667
787,PointNet,0.6364,0.5556,0.0,0.0,0.7778
788,PointNet,0.3636,0.5,0.0,0.0,0.6667
789,PointNet,0.6364,0.3333,0.0,0.0,0.7778
790,PointNet,0.5455,0.1,0.0,0.0,0.6
791,PointNet,0.6364,0.7083,0.0,0.0,0.875
792,PointNet,0.8182,0.5,0.0,0.0,0.8182
793,PointNet,0.5455,0.0,0.0,0.0,0.6
794,PointNet,0.4545,0.3333,0.0,0.0,0.5556
795,PointNet,0.1818,0.0667,0.0,0.0,0.4
796,PointNet,0.3636,0.1667,0.0,0.0,0.6667
797,PointNet,0.2727,0.0714,0.0,0.0,0.4286
798,PointNet,0.8182,0.5,0.0,0.0,0.8182
799,PointNet,0.4545,0.625,0.0,0.0,0.625
800,PointNet,0.6364,0.5417,0.0,0.0,0.875
801,PointNet,0.6364,0.1111,0.0,0.0,0.7778
802,PointNet,0.3636,0.3667,0.0,0.0,0.8
803,PointNet,0.4545,0.1,0.0,0.0,0.5
804,PointNet,0.1818,0.1667,0.0,0.0,0.3333
805,PointNet,0.4545,0.1786,0.0,0.0,0.7143
806,PointNet,0.6364,0.2143,0.0,0.0,1.0
807,PointNet,0.4545,0.5556,0.0,0.0,0.5556
808,PointNet,0.5455,0.3333,0.0,0.0,0.6667
809,PointNet,0.7273,0.1,0.0,0.0,0.8
810,PointNet,0.3636,0.3333,0.0,0.0,0.6667
811,PointNet,0.5455,0.2917,0.0,0.0,0.75
812,PointNet,0.7273,0.1111,0.0,0.0,0.8889
813,PointNet,0.4545,0.2222,0.0,0.0,0.5556
814,PointNet,0.6364,0.5,0.0,0.0,0.7778
815,PointNet,0.6364,0.2917,0.0,0.0,0.875
816,PointNet,0.8182,0.1111,0.0,0.0,1.0
817,PointNet,0.6364,0.2143,0.0,0.0,1.0
818,PointNet,0.6364,0.4444,0.0,0.0,0.7778
819,PointNet,0.7273,0.1,0.0,0.0,0.8
820,PointNet,0.2727,0.3333,0.0,0.0,0.6
821,PointNet,0.6364,0.0556,0.0,0.0,0.7778
822,PointNet,0.3636,0.3571,0.0,0.0,0.5714
823,PointNet,0.4545,0.2143,0.0,0.0,0.7143
824,PointNet,0.4545,0.2917,0.0,0.0,0.625
825,PointNet,0.8182,0.7778,0.0,0.0,1.0
826,PointNet,0.8182,0.7,0.0,0.0,0.9
827,PointNet,0.6364,0.4444,0.0,0.0,0.7778
828,PointNet,0.3636,0.2857,0.0,0.0,0.5714
829,PointNet,0.6364,0.125,0.0,0.0,0.875
830,PointNet,0.8182,0.1,0.0,0.0,0.9
831,PointNet,0.4545,0.5,0.0,0.0,0.625
832,PointNet,0.4545,0.1111,0.0,0.0,0.5556
833,PointNet,0.4545,0.5,0.0,0.0,0.7143
834,PointNet,0.4545,0.2917,0.0,0.0,0.625
835,PointNet,0.6364,0.2222,0.0,0.0,0.7778
836,PointNet,0.5455,0.6667,0.0,0.0,0.6667
837,PointNet,0.1818,0.0,0.0,0.0,0.4
838,PointNet,0.4545,0.2857,0.0,0.0,0.7143
839,PointNet,0.5455,0.2917,0.0,0.0,0.75
840,PointNet,0.8182,0.4,0.0,0.0,0.9
841,PointNet,0.5455,0.2917,0.0,0.0,0.75
842,PointNet,0.7273,0.2,0.0,0.0,0.8
843,PointNet,0.2727,0.4,0.0,0.0,0.6
844,PointNet,0.7273,0.5556,0.0,0.0,0.8889
845,PointNet,0.7273,0.3889,0.0,0.0,0.8889
846,PointNet,0.6364,0.4583,0.0,0.0,0.875
847,PointNet,0.6364,0.6429,0.0,0.0,1.0
848,PointNet,0.8182,0.0,0.0,0.0,1.0
849,PointNet,0.7273,0.8,0.0,0.0,0.8
850,PointNet,0.5455,0.25,0.0,0.0,0.8571
851,PointNet,0.3636,0.0,0.0,0.0,0.5
852,PointNet,0.6364,0.2778,0.0,0.0,0.7778
853,PointNet,0.2727,0.3333,0.0,0.0,0.5
854,PointNet,0.5455,0.6786,0.0,0.0,0.8571
855,PointNet,0.5455,0.6071,0.0,0.0,0.8571
856,PointNet,0.4545,0.0,0.0,0.0,0.625
857,PointNet,0.5455,0.1667,0.0,0.0,0.75
858,PointNet,0.4545,0.2857,0.0,0.0,0.7143
859,PointNet,0.7273,0.3889,0.0,0.0,0.8889
860,PointNet,0.3636,0.4,0.0,0.0,0.6667
861,PointNet,0.5455,0.2,0.0,0.0,0.6
862,PointNet,0.6364,0.0,0.0,0.0,0.7
863,PointNet,0.4545,0.6333,0.0,0.0,0.8333
864,PointNet,0.4545,0.125,0.0,0.0,0.625
865,PointNet,0.4545,0.3,0.0,0.0,0.8333
866,PointNet,0.7273,0.6667,0.0,0.0,0.8889
867,PointNet,0.6364,0.3333,0.0,0.0,0.7778
868,PointNet,0.3636,0.1429,0.0,0.0,1.0
869,PointNet,0.4545,0.3333,0.0,0.0,0.625
870,PointNet,0.6364,0.4167,0.0,0.0,0.875
871,PointNet,0.6364,0.5,0.0,0.0,0.875
872,PointNet,0.5455,0.3,0.0,0.0,0.6
873,PointNet,0.6364,0.4444,0.0,0.0,0.7778
874,PointNet,0.2727,0.0667,0.0,0.0,0.5
875,PointNet,0.4545,0.2143,0.0,0.0,0.7143
876,PointNet,0.3636,0.3667,0.0,0.0,0.6667
877,PointNet,0.8182,0.6667,0.0,0.0,1.0
878,PointNet,0.5455,0.375,0.0,0.0,0.75
879,PointNet,0.7273,0.6667,0.0,0.0,0.8889
880,PointNet,0.5455,0.125,0.0,0.0,0.75
881,PointNet,0.6364,0.2222,0.0,0.0,0.7778
882,PointNet,0.4545,0.1786,0.0,0.0,0.7143
883,PointNet,0.7273,0.8,0.0,0.0,0.8
884,PointNet,0.7273,0.2222,0.0,0.0,0.8889
885,PointNet,0.5455,0.4167,0.0,0.0,0.75
886,PointNet,0.6364,0.5714,0.0,0.0,1.0
887,PointNet,0.5455,0.25,0.0,0.0,0.75
888,PointNet,0.5455,0.3333,0.0,0.0,0.75
889,PointNet,0.5455,0.4444,0.0,0.0,0.6667
890,PointNet,0.8182,0.2,0.0,0.0,0.9
891,PointNet,0.3636,0.2917,0.0,0.0,0.5
892,PointNet,0.4545,0.4286,0.0,0.0,0.7143
893,PointNet,0.7273,0.5,0.0,0.0,0.8889
894,PointNet,0.7273,0.0,0.0,0.0,0.8889
895,PointNet,0.5455,0.3214,0.0,0.0,0.8571
896,PointNet,0.6364,0.5417,0.0,0.0,0.875
897,PointNet,0.5455,0.4583,0.0,0.0,0.75
898,PointNet,0.5455,0.6667,0.0,0.0,0.6667
899,PointNet,0.2727,0.2667,0.0,0.0,0.6
900,PointNet,0.7273,0.1,0.0,0.0,0.8
901,PointNet,0.3636,0.4333,0.0,0.0,0.6667
902,PointNet,0.2727,0.2667,0.0,0.0,0.5
903,PointNet,0.2727,0.2857,0.0,0.0,0.4286
904,PointNet,0.6364,0.7857,0.0,0.0,1.0
905,PointNet,0.6364,0.2222,0.0,0.0,0.7778
906,PointNet,0.6364,0.375,0.0,0.0,0.875
907,PointNet,0.2727,0.2143,0.0,0.0,0.4286
908,PointNet,0.7273,0.3,0.0,0.0,0.8
909,PointNet,0.5455,0.3571,0.0,0.0,0.8571
910,PointNet,0.6364,0.0,0.0,0.0,0.7
911,PointNet,0.6364,0.3571,0.0,0.0,1.0
912,PointNet,0.6364,0.5556,0.0,0.0,0.7778
913,PointNet,0.8182,0.0,0.0,0.0,0.9
914,PointNet,0.3636,0.5,0.0,0.0,0.6667
915,PointNet,0.5455,0.2222,0.0,0.0,0.6667
916,PointNet,0.7273,0.6,0.0,0.0,0.8
917,PointNet,0.8182,0.3333,0.0,0.0,1.0
918,PointNet,0.4545,0.3214,0.0,0.0,0.7143
919,PointNet,0.5455,0.4583,0.0,0.0,0.75
920,PointNet,0.5455,0.4643,0.0,0.0,0.8571
921,PointNet,0.5455,0.1786,0.0,0.0,0.8571
922,PointNet,0.5455,0.2083,0.0,0.0,0.75
923,PointNet,0.4545,0.5667,0.0,0.0,0.8333
924,PointNet,0.5455,0.1111,0.0,0.0,0.6667
925,PointNet,0.6364,0.4643,0.0,0.0,1.0
926,PointNet,0.4545,0.3333,0.0,0.0,0.5556
927,PointNet,0.3636,0.2222,0.0,0.0,0.4444
928,PointNet,0.4545,0.2083,0.0,0.0,0.625
929,PointNet,0.3636,0.1667,0.0,0.0,0.5
930,PointNet,0.7273,0.3333,0.0,0.0,1.0
931,PointNet,0.3636,0.0833,0.0,0.0,0.5
932,PointNet,0.5455,0.3571,0.0,0.0,0.8571
933,PointNet,0.4545,0.3333,0.0,0.0,0.625
934,PointNet,0.4545,0.1,0.0,0.0,0.8333
935,PointNet,0.7273,0.3333,0.0,0.0,1.0
936,PointNet,0.5455,0.4286,0.0,0.0,0.8571
937,PointNet,0.4545,0.1333,0.0,0.0,0.8333
938,PointNet,0.1818,0.1,0.0,0.0,0.4
939,PointNet,0.6364,0.7917,0.0,0.0,0.875
940,PointNet,0.3636,0.4333,0.0,0.0,0.6667
941,PointNet,0.5455,0.5,0.0,0.0,0.8571
942,PointNet,0.6364,0.5833,0.0,0.0,0.875
943,PointNet,0.7273,0.3,0.0,0.0,0.8
944,PointNet,0.6364,0.3333,0.0,0.0,0.875
945,PointNet,0.6364,0.2222,0.0,0.0,0.7778
946,PointNet,0.6364,0.0833,0.0,0.0,0.875
947,PointNet,0.6364,0.25,0.0,0.0,0.875
948,PointNet,0.6364,0.5417,0.0,0.0,0.875
949,PointNet,0.5455,0.4286,0.0,0.0,0.8571
950,PointNet,0.7273,0.6111,0.0,0.0,0.8889
951,PointNet,0.4545,0.3571,0.0,0.0,0.7143
952,PointNet,0.6364,0.625,0.0,0.0,0.875
953,PointNet,0.3636,0.1429,0.0,0.0,0.5714
954,PointNet,0.6364,0.25,0.0,0.0,0.875
955,PointNet,0.3636,0.25,0.0,0.0,0.5714
956,PointNet,0.4545,0.1786,0.0,0.0,0.7143
957,PointNet,0.4545,0.2222,0.0,0.0,0.5556
958,PointNet,0.4545,0.6667,0.0,0.0,0.8333
959,PointNet,0.4545,0.25,0.0,0.0,0.7143
960,PointNet,0.9091,0.2,0.0,0.0,1.0
961,PointNet,0.4545,0.375,0.0,0.0,0.625
962,PointNet,0.4545,0.2143,0.0,0.0,0.7143
963,PointNet,0.5455,0.5,0.0,0.0,0.75
964,PointNet,0.2727,0.1429,0.0,0.0,0.4286
965,PointNet,0.3636,0.2,0.0,0.0,0.6667
966,PointNet,0.3636,0.2333,0.0,0.0,0.6667
967,PointNet,0.3636,0.2083,0.0,0.0,0.5
968,PointNet,0.2727,0.2143,0.0,0.0,0.4286
969,PointNet,0.4545,0.4643,0.0,0.0,0.7143
970,PointNet,0.4545,0.1786,0.0,0.0,0.7143
971,PointNet,0.4545,0.3214,0.0,0.0,0.7143
972,PointNet,0.5455,0.4444,0.0,0.0,0.6667
973,PointNet,0.8182,0.3333,0.0,0.0,1.0
974,PointNet,0.4545,0.1429,0.0,0.0,0.7143
975,PointNet,0.5455,0.2917,0.0,0.0,0.75
976,PointNet,0.4545,0.2778,0.0,0.0,0.5556
977,PointNet,0.6364,0.5,0.0,0.0,1.0
978,PointNet,0.1818,0.0,0.0,0.0,0.3333
979,PointNet,0.7273,0.4583,0.0,0.0,1.0
980,PointNet,0.5455,0.3214,0.0,0.0,0.8571
981,PointNet,0.5455,0.5,0.0,0.0,0.75
982,PointNet,0.6364,0.3889,0.0,0.0,0.7778
983,PointNet,0.6364,0.5,0.0,0.0,0.875
984,PointNet,0.7273,0.125,0.0,0.0,1.0
985,PointNet,0.1818,0.3333,0.0,0.0,0.4
986,PointNet,0.4545,0.3,0.0,0.0,0.8333
987,PointNet,0.7273,0.7,0.0,0.0,0.8
988,PointNet,0.7273,0.4167,0.0,0.0,1.0
989,PointNet,0.5455,0.3333,0.0,0.0,0.75
990,PointNet,0.5455,0.6786,0.0,0.0,0.8571
991,PointNet,0.8182,0.8,0.0,0.0,0.9
992,PointNet,0.4545,0.2857,0.0,0.0,0.7143
993,PointNet,0.4545,0.4286,0.0,0.0,0.7143
994,PointNet,0.6364,0.2083,0.0,0.0,0.875
995,PointNet,0.3636,0.1333,0.0,0.0,0.8
996,PointNet,0.1818,0.0667,0.0,0.0,0.4
997,PointNet,0.6364,0.125,0.0,0.0,0.875
998,PointNet,0.6364,0.3,0.0,0.0,0.7
999,PointNet,0.2727,0.1333,0.0,0.0,0.6
1000,PointNet,0.5455,0.0,0.0,0.0,0.6
1,ResNet+AE,0.8182,0.6667,0.0,0.0,1.0
2,ResNet+AE,0.3636,0.4444,0.0,0.0,0.4444
3,ResNet+AE,0.4545,0.5,0.0,0.0,0.8333
4,ResNet+AE,0.4545,0.4286,0.0,0.0,0.7143
5,ResNet+AE,0.6364,0.7917,0.0,0.0,0.875
6,ResNet+AE,0.5455,0.5,0.0,0.0,0.5455
7,ResNet+AE,0.8182,0.8,0.0,0.0,0.9
8,ResNet+AE,0.7273,0.6111,0.0,0.0,0.8889
9,ResNet+AE,0.3636,0.5,0.0,0.0,0.5
10,ResNet+AE,0.7273,0.625,0.0,0.0,1.0
11,ResNet+AE,0.5455,0.5556,0.0,0.0,0.6667
12,ResNet+AE,0.9091,0.6,0.0,0.0,1.0
13,ResNet+AE,0.6364,0.7,0.0,0.0,0.7
14,ResNet+AE,0.6364,0.7143,0.0,0.0,1.0
15,ResNet+AE,0.1818,0.2857,0.0,0.0,0.2857
16,ResNet+AE,0.5455,0.6667,0.0,0.0,0.6667
17,ResNet+AE,0.4545,0.3,0.0,0.0,0.5
18,ResNet+AE,0.4545,0.3,0.0,0.0,0.5
19,ResNet+AE,0.5455,0.7143,0.0,0.0,0.8571
20,ResNet+AE,0.5455,0.8571,0.0,0.0,0.8571
21,ResNet+AE,0.6364,0.6111,0.0,0.0,0.7778
22,ResNet+AE,0.4545,0.5,0.0,0.0,0.625
23,ResNet+AE,0.7273,0.7,0.0,0.0,0.8
24,ResNet+AE,0.5455,0.625,0.0,0.0,0.75
25,ResNet+AE,0.3636,0.6333,0.0,0.0,0.8
26,ResNet+AE,0.7273,0.7778,0.0,0.0,0.8889
27,ResNet+AE,0.5455,0.3333,0.0,0.0,0.6667
28,ResNet+AE,0.6364,0.375,0.0,0.0,0.875
29,ResNet+AE,0.6364,0.5556,0.0,0.0,0.7778
30,ResNet+AE,0.6364,0.75,0.0,0.0,0.875
31,ResNet+AE,0.8182,0.5556,0.0,0.0,1.0
32,ResNet+AE,0.3636,0.6667,0.0,0.0,0.6667
33,ResNet+AE,0.6364,0.5714,0.0,0.0,1.0
34,ResNet+AE,0.3636,0.4167,0.0,0.0,0.5
35,ResNet+AE,0.4545,0.5556,0.0,0.0,0.5556
36,ResNet+AE,0.3636,0.5714,0.0,0.0,0.5714
37,ResNet+AE,0.5455,0.625,0.0,0.0,0.75
38,ResNet+AE,0.3636,0.2857,0.0,0.0,0.5714
39,ResNet+AE,0.5455,0.4444,0.0,0.0,0.6667
40,ResNet+AE,0.5455,0.5833,0.0,0.0,0.75
41,ResNet+AE,0.5455,0.2917,0.0,0.0,0.75
42,ResNet+AE,0.2727,0.3333,0.0,0.0,0.6
43,ResNet+AE,0.6364,0.8571,0.0,0.0,1.0
44,ResNet+AE,0.3636,0.2917,0.0,0.0,0.5
45,ResNet+AE,0.6364,0.7778,0.0,0.0,0.7778
46,ResNet+AE,0.4545,0.8333,0.0,0.0,0.8333
47,ResNet+AE,0.9091,0.8,0.0,0.0,1.0
48,ResNet+AE,0.4545,0.4167,0.0,0.0,0.625
49,ResNet+AE,0.5455,0.75,0.0,0.0,0.8571
50,ResNet+AE,0.5455,0.5714,0.0,0.0,0.8571
51,ResNet+AE,0.6364,0.7917,0.0,0.0,0.875
52,ResNet+AE,0.4545,0.4444,0.0,0.0,0.5556
53,ResNet+AE,0.7273,0.5,0.0,0.0,0.7273
54,ResNet+AE,0.6364,0.4,0.0,0.0,0.7
55,ResNet+AE,0.4545,0.7333,0.0,0.0,0.8333
56,ResNet+AE,0.3636,0.8,0.0,0.0,0.8
57,ResNet+AE,0.5455,0.8667,0.0,0.0,1.0
58,ResNet+AE,0.7273,0.7,0.0,0.0,0.8
59,ResNet+AE,0.6364,0.5556,0.0,0.0,0.7778
60,ResNet+AE,0.5455,0.6786,0.0,0.0,0.8571
61,ResNet+AE,0.5455,0.4,0.0,0.0,0.6
62,ResNet+AE,0.4545,0.375,0.0,0.0,0.625
63,ResNet+AE,0.6364,0.625,0.0,0.0,0.875
64,ResNet+AE,0.3636,0.5,0.0,0.0,0.5
65,ResNet+AE,0.6364,0.7143,0.0,0.0,1.0
66,ResNet+AE,0.5455,0.5,0.0,0.0,0.8571
67,ResNet+AE,0.5455,0.625,0.0,0.0,0.75
68,ResNet+AE,0.4545,0.1071,0.0,0.0,0.7143
69,ResNet+AE,0.5455,1.0,0.0,0.0,1.0
70,ResNet+AE,0.4545,0.5,0.0,0.0,0.625
71,ResNet+AE,0.9091,0.5,0.0,0.0,0.9091
72,ResNet+AE,0.5455,0.3,0.0,0.0,0.6
73,ResNet+AE,0.5455,0.7083,0.0,0.0,0.75
74,ResNet+AE,0.6364,0.7857,0.0,0.0,1.0
75,ResNet+AE,0.3636,0.5714,0.0,0.0,0.5714
76,ResNet+AE,0.4545,0.5714,0.0,0.0,0.7143
77,ResNet+AE,0.7273,0.6,0.0,0.0,0.8
78,ResNet+AE,0.5455,0.8571,0.0,0.0,0.8571
79,ResNet+AE,0.4545,0.5714,0.0,0.0,0.7143
80,ResNet+AE,0.3636,0.6667,0.0,0.0,0.6667
81,ResNet+AE,0.6364,0.4444,0.0,0.0,0.7778
82,ResNet+AE,0.4545,0.4286,0.0,0.0,0.7143
83,ResNet+AE,0.5455,0.6071,0.0,0.0,0.8571
84,ResNet+AE,0.7273,0.3,0.0,0.0,0.8
85,ResNet+AE,0.7273,0.5,0.0,0.0,0.8
86,ResNet+AE,0.5455,0.6667,0.0,0.0,1.0
87,ResNet+AE,0.4545,0.4167,0.0,0.0,0.625
88,ResNet+AE,0.4545,0.5833,0.0,0.0,0.625
89,ResNet+AE,0.6364,0.7083,0.0,0.0,0.875
90,ResNet+AE,0.5455,0.375,0.0,0.0,0.75
91,ResNet+AE,0.3636,0.25,0.0,0.0,0.5
92,ResNet+AE,0.4545,0.5,0.0,0.0,0.625
93,ResNet+AE,0.5455,0.8571,0.0,0.0,0.8571
94,ResNet+AE,0.2727,0.2857,0.0,0.0,0.4286
95,ResNet+AE,0.5455,0.375,0.0,0.0,0.75
96,ResNet+AE,0.3636,0.3333,0.0,0.0,0.6667
97,ResNet+AE,0.3636,0.6667,0.0,0.0,0.6667
98,ResNet+AE,0.5455,0.4444,0.0,0.0,0.6667
99,ResNet+AE,0.9091,0.5,0.0,0.0,0.9091
100,ResNet+AE,0.5455,0.6667,0.0,0.0,0.6667
101,ResNet+AE,0.6364,0.75,0.0,0.0,0.875
102,ResNet+AE,0.5455,0.6333,0.0,0.0,1.0
103,ResNet+AE,0.6364,0.6429,0.0,0.0,1.0
104,ResNet+AE,0.3636,0.375,0.0,0.0,0.5
105,ResNet+AE,0.6364,0.875,0.0,0.0,0.875
106,ResNet+AE,0.2727,0.375,0.0,0.0,0.375
107,ResNet+AE,0.4545,0.5556,0.0,0.0,0.5556
108,ResNet+AE,0.3636,0.5714,0.0,0.0,0.5714
109,ResNet+AE,0.5455,0.6667,0.0,0.0,0.6667
110,ResNet+AE,0.2727,0.5,0.0,0.0,0.5
111,ResNet+AE,0.4545,0.5556,0.0,0.0,0.5556
112,ResNet+AE,0.4545,0.5,0.0,0.0,0.7143
113,ResNet+AE,0.6364,0.6667,0.0,0.0,0.875
114,ResNet+AE,0.5455,0.5714,0.0,0.0,0.8571
115,ResNet+AE,0.5455,0.4286,0.0,0.0,0.8571
116,ResNet+AE,0.3636,0.5714,0.0,0.0,0.5714
117,ResNet+AE,0.3636,0.375,0.0,0.0,0.5
118,ResNet+AE,0.5455,0.6429,0.0,0.0,0.8571
119,ResNet+AE,0.3636,0.4286,0.0,0.0,0.5714
120,ResNet+AE,0.6364,0.3,0.0,0.0,0.7
121,ResNet+AE,0.6364,0.5556,0.0,0.0,0.7778
122,ResNet+AE,0.6364,0.6,0.0,0.0,0.7
123,ResNet+AE,0.3636,0.0357,0.0,0.0,0.5714
124,ResNet+AE,0.3636,0.375,0.0,0.0,0.5
125,ResNet+AE,0.6364,0.625,0.0,0.0,0.875
126,ResNet+AE,0.5455,0.5,0.0,0.0,0.6667
127,ResNet+AE,0.6364,0.6429,0.0,0.0,1.0
128,ResNet+AE,0.5455,0.7143,0.0,0.0,0.8571
129,ResNet+AE,0.6364,0.8214,0.0,0.0,1.0
130,ResNet+AE,0.5455,0.5,0.0,0.0,0.8571
131,ResNet+AE,0.9091,0.7,0.0,0.0,1.0
132,ResNet+AE,0.4545,0.6667,0.0,0.0,0.8333
133,ResNet+AE,0.3636,0.4583,0.0,0.0,0.5
134,ResNet+AE,0.4545,0.125,0.0,0.0,0.625
135,ResNet+AE,0.6364,0.4167,0.0,0.0,0.875
136,ResNet+AE,0.6364,0.625,0.0,0.0,0.875
137,ResNet+AE,0.7273,0.7222,0.0,0.0,0.8889
138,ResNet+AE,0.8182,0.7,0.0,0.0,0.9
139,ResNet+AE,0.6364,0.5,0.0,0.0,1.0
140,ResNet+AE,0.6364,0.6,0.0,0.0,0.7
141,ResNet+AE,0.8182,0.8,0.0,0.0,0.9
142,ResNet+AE,0.5455,0.375,0.0,0.0,0.75
143,ResNet+AE,0.5455,0.5,0.0,0.0,0.75
144,ResNet+AE,0.6364,1.0,0.0,0.0,1.0
145,ResNet+AE,0.5455,0.75,0.0,0.0,0.75
146,ResNet+AE,0.7273,1.0,0.0,0.0,1.0
147,ResNet+AE,0.6364,1.0,0.0,0.0,1.0
148,ResNet+AE,0.3636,0.3,0.0,0.0,0.4
149,ResNet+AE,0.5455,0.2778,0.0,0.0,0.6667
150,ResNet+AE,0.7273,0.4,0.0,0.0,0.8
151,ResNet+AE,0.5455,0.6667,0.0,0.0,0.75
152,ResNet+AE,0.2727,0.5,0.0,0.0,0.5
153,ResNet+AE,0.1818,0.1667,0.0,0.0,0.3333
154,ResNet+AE,0.4545,0.4167,0.0,0.0,0.625
155,ResNet+AE,0.4545,0.625,0.0,0.0,0.625
156,ResNet+AE,0.8182,0.7778,0.0,0.0,1.0
157,ResNet+AE,0.6364,0.4444,0.0,0.0,0.7778
158,ResNet+AE,0.4545,0.5,0.0,0.0,0.7143
159,ResNet+AE,0.4545,0.625,0.0,0.0,0.625
160,ResNet+AE,0.8182,0.7,0.0,0.0,0.9
161,ResNet+AE,0.6364,0.6667,0.0,0.0,0.875
162,ResNet+AE,0.5455,0.4444,0.0,0.0,0.6667
163,ResNet+AE,0.4545,0.2,0.0,0.0,0.5
164,ResNet+AE,0.5455,0.6667,0.0,0.0,0.6667
165,ResNet+AE,0.6364,0.6,0.0,0.0,0.7
166,ResNet+AE,0.2727,0.75,0.0,0.0,0.75
167,ResNet+AE,0.6364,0.5556,0.0,0.0,0.7778
168,ResNet+AE,0.6364,0.7143,0.0,0.0,1.0
169,ResNet+AE,0.7273,0.4,0.0,0.0,0.8
170,ResNet+AE,0.5455,0.7667,0.0,0.0,1.0
171,ResNet+AE,0.2727,0.4286,0.0,0.0,0.4286
172,ResNet+AE,0.7273,0.6,0.0,0.0,0.8
173,ResNet+AE,0.3636,0.4286,0.0,0.0,0.5714
174,ResNet+AE,0.3636,0.3333,0.0,0.0,0.5
175,ResNet+AE,0.6364,0.6,0.0,0.0,0.7
176,ResNet+AE,0.5455,0.3333,0.0,0.0,0.6667
177,ResNet+AE,0.4545,0.4667,0.0,0.0,0.8333
178,ResNet+AE,0.7273,0.6667,0.0,0.0,1.0
179,ResNet+AE,0.6364,0.6786,0.0,0.0,1.0
180,ResNet+AE,0.5455,0.3889,0.0,0.0,0.6667
181,ResNet+AE,0.5455,0.6429,0.0,0.0,0.8571
182,ResNet+AE,0.3636,0.8214,0.0,0.0,1.0
183,ResNet+AE,0.6364,0.6,0.0,0.0,0.7
184,ResNet+AE,0.8182,0.6667,0.0,0.0,1.0
185,ResNet+AE,0.6364,0.5,0.0,0.0,0.875
186,ResNet+AE,0.6364,0.5417,0.0,0.0,0.875
187,ResNet+AE,0.2727,0.3333,0.0,0.0,0.5
188,ResNet+AE,0.8182,0.6,0.0,0.0,0.9
189,ResNet+AE,0.5455,0.6667,0.0,0.0,0.6667
190,ResNet+AE,0.5455,0.4286,0.0,0.0,0.8571
191,ResNet+AE,0.4545,0.5,0.0,0.0,0.625
192,ResNet+AE,0.6364,0.7778,0.0,0.0,0.7778
193,ResNet+AE,0.7273,0.8889,0.0,0.0,0.8889
194,ResNet+AE,0.5455,0.375,0.0,0.0,0.75
195,ResNet+AE,0.4545,0.5714,0.0,0.0,0.7143
196,ResNet+AE,0.4545,0.1111,0.0,0.0,0.5556
197,ResNet+AE,0.8182,0.7,0.0,0.0,0.9
198,ResNet+AE,0.3636,0.375,0.0,0.0,0.5
199,ResNet+AE,0.6364,0.75,0.0,0.0,0.875
200,ResNet+AE,0.7273,0.4444,0.0,0.0,0.8889
201,ResNet+AE,0.4545,0.4583,0.0,0.0,0.625
202,ResNet+AE,0.5455,0.4,0.0,0.0,0.6
203,ResNet+AE,0.5455,0.6667,0.0,0.0,0.6667
204,ResNet+AE,0.4545,0.5,0.0,0.0,0.8333
205,ResNet+AE,0.4545,0.4167,0.0,0.0,0.625
206,ResNet+AE,0.8182,0.7222,0.0,0.0,1.0
207,ResNet+AE,0.4545,0.6429,0.0,0.0,0.7143
208,ResNet+AE,0.4545,0.6071,0.0,0.0,0.7143
209,ResNet+AE,0.5455,0.5714,0.0,0.0,0.8571
210,ResNet+AE,0.4545,0.5333,0.0,0.0,0.8333
211,ResNet+AE,0.4545,0.5667,0.0,0.0,0.8333
212,ResNet+AE,0.7273,0.7917,0.0,0.0,1.0
213,ResNet+AE,0.2727,0.75,0.0,0.0,0.75
214,ResNet+AE,0.5455,0.75,0.0,0.0,0.8571
215,ResNet+AE,0.4545,0.4167,0.0,0.0,0.625
216,ResNet+AE,0.4545,0.5714,0.0,0.0,0.7143
217,ResNet+AE,0.6364,0.625,0.0,0.0,0.875
218,ResNet+AE,0.7273,0.8889,0.0,0.0,0.8889
219,ResNet+AE,0.3636,0.4,0.0,0.0,0.8
220,ResNet+AE,0.4545,0.6667,0.0,0.0,0.8333
221,ResNet+AE,0.1818,0.3333,0.0,0.0,0.4
222,ResNet+AE,0.6364,0.6111,0.0,0.0,0.7778
223,ResNet+AE,0.2727,0.5714,0.0,0.0,0.75
224,ResNet+AE,0.6364,0.7917,0.0,0.0,0.875
225,ResNet+AE,0.4545,0.3333,0.0,0.0,0.5556
226,ResNet+AE,0.5455,0.5,0.0,0.0,0.75
227,ResNet+AE,0.6364,0.2917,0.0,0.0,0.875
228,ResNet+AE,0.5455,0.4444,0.0,0.0,0.6667
229,ResNet+AE,0.6364,0.5,0.0,0.0,0.7
230,ResNet+AE,0.4545,0.5714,0.0,0.0,0.7143
231,ResNet+AE,0.4545,0.5714,0.0,0.0,0.7143
232,ResNet+AE,0.6364,0.6667,0.0,0.0,0.7778
233,ResNet+AE,0.6364,0.625,0.0,0.0,0.875
234,ResNet+AE,0.6364,0.625,0.0,0.0,0.875
235,ResNet+AE,0.7273,0.5,0.0,0.0,0.8
236,ResNet+AE,0.5455,0.7143,0.0,0.0,0.8571
237,ResNet+AE,0.9091,0.8,0.0,0.0,1.0
238,ResNet+AE,0.4545,0.3333,0.0,0.0,0.5556
239,ResNet+AE,0.4545,0.3333,0.0,0.0,0.8333
240,ResNet+AE,0.5455,0.5,0.0,0.0,0.6
241,ResNet+AE,0.4545,0.3333,0.0,0.0,0.8333
242,ResNet+AE,0.6364,0.6,0.0,0.0,0.7
243,ResNet+AE,0.5455,0.5,0.0,0.0,0.6667
244,ResNet+AE,0.4545,0.5714,0.0,0.0,0.7143
245,ResNet+AE,0.1818,0.3333,0.0,0.0,0.3333
246,ResNet+AE,0.5455,0.75,0.0,0.0,0.75
247,ResNet+AE,0.6364,0.6667,0.0,0.0,0.7778
248,ResNet+AE,0.6364,0.7917,0.0,0.0,0.875
249,ResNet+AE,0.5455,0.2,0.0,0.0,0.6
250,ResNet+AE,0.6364,0.6111,0.0,0.0,0.7778
251,ResNet+AE,0.3636,0.375,0.0,0.0,0.5
252,ResNet+AE,0.5455,0.5,0.0,0.0,0.75
253,ResNet+AE,0.4545,0.6786,0.0,0.0,0.7143
254,ResNet+AE,0.8182,0.4,0.0,0.0,0.9
255,ResNet+AE,0.5455,0.4583,0.0,0.0,0.75
256,ResNet+AE,0.6364,0.5833,0.0,0.0,0.875
257,ResNet+AE,0.5455,0.5,0.0,0.0,0.8571
258,ResNet+AE,0.5455,0.4444,0.0,0.0,0.6667
259,ResNet+AE,0.6364,0.5833,0.0,0.0,0.875
260,ResNet+AE,0.5455,0.625,0.0,0.0,0.75
261,ResNet+AE,0.7273,0.6667,0.0,0.0,0.8889
262,ResNet+AE,0.1818,0.2,0.0,0.0,0.2
263,ResNet+AE,0.5455,0.375,0.0,0.0,0.75
264,ResNet+AE,0.5455,0.5833,0.0,0.0,0.75
265,ResNet+AE,0.2727,0.25,0.0,0.0,0.375
266,ResNet+AE,0.5455,0.4286,0.0,0.0,0.8571
267,ResNet+AE,0.3636,0.3333,0.0,0.0,0.4444
268,ResNet+AE,0.6364,0.6667,0.0,0.0,0.7778
269,ResNet+AE,0.7273,0.8333,0.0,0.0,0.8889
270,ResNet+AE,0.7273,0.4444,0.0,0.0,0.8889
271,ResNet+AE,0.5455,0.4444,0.0,0.0,0.6667
272,ResNet+AE,0.5455,0.4643,0.0,0.0,0.8571
273,ResNet+AE,0.5455,0.8333,0.0,0.0,1.0
274,ResNet+AE,0.7273,0.3,0.0,0.0,0.8
275,ResNet+AE,0.7273,0.6667,0.0,0.0,0.8889
276,ResNet+AE,0.8182,0.8889,0.0,0.0,1.0
277,ResNet+AE,0.3636,0.2222,0.0,0.0,0.4444
278,ResNet+AE,0.5455,0.5417,0.0,0.0,0.75
279,ResNet+AE,0.6364,0.3889,0.0,0.0,0.7778
280,ResNet+AE,0.5455,0.5556,0.0,0.0,0.6667
281,ResNet+AE,0.8182,0.6667,0.0,0.0,1.0
282,ResNet+AE,0.2727,0.75,0.0,0.0,0.75
283,ResNet+AE,0.6364,0.5,0.0,0.0,0.7778
284,ResNet+AE,0.3636,0.6333,0.0,0.0,0.8
285,ResNet+AE,0.4545,0.5,0.0,0.0,0.625
286,ResNet+AE,0.6364,0.7917,0.0,0.0,0.875
287,ResNet+AE,0.5455,0.4286,0.0,0.0,0.8571
288,ResNet+AE,0.7273,0.5,0.0,0.0,1.0
289,ResNet+AE,0.5455,0.9667,0.0,0.0,1.0
290,ResNet+AE,0.7273,0.7917,0.0,0.0,1.0
291,ResNet+AE,0.5455,0.3889,0.0,0.0,0.6667
292,ResNet+AE,0.4545,0.2222,0.0,0.0,0.5556
293,ResNet+AE,0.4545,0.6429,0.0,0.0,0.7143
294,ResNet+AE,0.5455,0.6667,0.0,0.0,1.0
295,ResNet+AE,0.4545,0.3571,0.0,0.0,0.7143
296,ResNet+AE,0.7273,0.6667,0.0,0.0,1.0
297,ResNet+AE,0.4545,0.625,0.0,0.0,0.625
298,ResNet+AE,0.3636,0.75,0.0,0.0,1.0
299,ResNet+AE,0.3636,0.6,0.0,0.0,0.8
300,ResNet+AE,0.3636,0.3333,0.0,0.0,0.4444
301,ResNet+AE,0.6364,0.6667,0.0,0.0,0.875
302,ResNet+AE,0.2727,0.2333,0.0,0.0,0.5
303,ResNet+AE,0.6364,0.4444,0.0,0.0,0.7778
304,ResNet+AE,0.7273,0.6667,0.0,0.0,0.8889
305,ResNet+AE,0.4545,0.4583,0.0,0.0,0.625
306,ResNet+AE,0.7273,0.4444,0.0,0.0,0.8889
307,ResNet+AE,0.2727,0.3214,0.0,0.0,0.4286
308,ResNet+AE,0.5455,0.7143,0.0,0.0,0.8571
309,ResNet+AE,0.6364,0.2,0.0,0.0,0.7
310,ResNet+AE,0.5455,0.5,0.0,0.0,0.75
311,ResNet+AE,0.3636,0.6,0.0,0.0,0.8
312,ResNet+AE,0.3636,0.4167,0.0,0.0,0.5
313,ResNet+AE,0.5455,0.7143,0.0,0.0,0.8571
314,ResNet+AE,0.4545,0.5417,0.0,0.0,0.625
315,ResNet+AE,0.3636,0.5,0.0,0.0,0.6667
316,ResNet+AE,0.7273,0.7778,0.0,0.0,0.8889
317,ResNet+AE,0.8182,0.7,0.0,0.0,0.9
318,ResNet+AE,0.8182,0.7,0.0,0.0,0.9
319,ResNet+AE,0.5455,0.5714,0.0,0.0,0.8571
320,ResNet+AE,0.3636,0.4643,0.0,0.0,0.5714
321,ResNet+AE,0.4545,0.8333,0.0,0.0,0.8333
322,ResNet+AE,0.4545,0.5417,0.0,0.0,0.625
323,ResNet+AE,0.6364,0.7778,0.0,0.0,0.7778
324,ResNet+AE,0.8182,0.8889,0.0,0.0,1.0
325,ResNet+AE,0.8182,0.5,0.0,0.0,0.8182
326,ResNet+AE,0.6364,0.3889,0.0,0.0,0.7778
327,ResNet+AE,0.5455,0.5556,0.0,0.0,0.6667
328,ResNet+AE,0.5455,0.375,0.0,0.0,0.75
329,ResNet+AE,0.6364,0.75,0.0,0.0,0.875
330,ResNet+AE,0.4545,0.7143,0.0,0.0,0.7143
331,ResNet+AE,0.7273,0.6,0.0,0.0,0.8
332,ResNet+AE,0.7273,0.7,0.0,0.0,0.8
333,ResNet+AE,0.8182,0.6667,0.0,0.0,1.0
334,ResNet+AE,0.3636,0.375,0.0,0.0,0.5
335,ResNet+AE,0.4545,0.4583,0.0,0.0,0.625
336,ResNet+AE,0.3636,0.5714,0.0,0.0,0.5714
337,ResNet+AE,0.2727,0.1667,0.0,0.0,0.5
338,ResNet+AE,0.9091,0.5,0.0,0.0,0.9091
339,ResNet+AE,0.6364,0.3333,0.0,0.0,0.7778
340,ResNet+AE,0.4545,0.6667,0.0,0.0,0.8333
341,ResNet+AE,0.2727,0.3333,0.0,0.0,0.5
342,ResNet+AE,0.5455,0.5,0.0,0.0,0.6667
343,ResNet+AE,0.0909,0.2,0.0,0.0,0.2
344,ResNet+AE,0.5455,0.625,0.0,0.0,0.75
345,ResNet+AE,0.5455,0.5,0.0,0.0,0.75
346,ResNet+AE,0.6364,0.7,0.0,0.0,0.7
347,ResNet+AE,0.2727,0.3333,0.0,0.0,0.5
348,ResNet+AE,0.3636,0.5,0.0,0.0,0.5
349,ResNet+AE,0.3636,0.3571,0.0,0.0,0.5714
350,ResNet+AE,0.3636,0.2857,0.0,0.0,0.5714
351,ResNet+AE,0.6364,0.5556,0.0,0.0,0.7778
352,ResNet+AE,0.7273,0.6,0.0,0.0,0.8
353,ResNet+AE,0.5455,0.5833,0.0,0.0,0.75
354,ResNet+AE,0.4545,0.3571,0.0,0.0,0.7143
355,ResNet+AE,0.3636,0.6667,0.0,0.0,0.6667
356,ResNet+AE,0.2727,0.2857,0.0,0.0,0.4286
357,ResNet+AE,0.6364,0.7917,0.0,0.0,0.875
358,ResNet+AE,0.5455,0.5,0.0,0.0,0.8571
359,ResNet+AE,0.6364,0.4,0.0,0.0,0.7
360,ResNet+AE,0.5455,0.6667,0.0,0.0,0.75
361,ResNet+AE,0.1818,0.2857,0.0,0.0,0.2857
362,ResNet+AE,0.5455,0.5556,0.0,0.0,0.6667
363,ResNet+AE,0.8182,0.4,0.0,0.0,0.9
364,ResNet+AE,0.5455,0.4444,0.0,0.0,0.6667
365,ResNet+AE,0.4545,0.5417,0.0,0.0,0.625
366,ResNet+AE,0.7273,0.4444,0.0,0.0,0.8889
367,ResNet+AE,0.4545,0.3333,0.0,0.0,0.5556
368,ResNet+AE,0.7273,0.6667,0.0,0.0,0.8889
369,ResNet+AE,0.3636,0.5,0.0,0.0,0.6667
370,ResNet+AE,0.6364,0.7778,0.0,0.0,0.7778
371,ResNet+AE,0.6364,0.75,0.0,0.0,0.875
372,ResNet+AE,0.7273,0.7,0.0,0.0,0.8
373,ResNet+AE,0.4545,0.3333,0.0,0.0,0.8333
374,ResNet+AE,0.7273,0.875,0.0,0.0,1.0
375,ResNet+AE,0.4545,0.6333,0.0,0.0,0.8333
376,ResNet+AE,0.5455,0.5,0.0,0.0,0.6
377,ResNet+AE,0.5455,0.5714,0.0,0.0,0.8571
378,ResNet+AE,0.6364,0.5,0.0,0.0,0.875
379,ResNet+AE,0.3636,0.2857,0.0,0.0,0.5714
380,ResNet+AE,0.5455,0.4286,0.0,0.0,0.8571
381,ResNet+AE,0.8182,0.7778,0.0,0.0,1.0
382,ResNet+AE,0.6364,0.5556,0.0,0.0,0.7778
383,ResNet+AE,0.3636,0.6333,0.0,0.0,0.6667
384,ResNet+AE,0.6364,0.4444,0.0,0.0,0.7778
385,ResNet+AE,0.5455,0.3333,0.0,0.0,1.0
386,ResNet+AE,0.4545,0.5,0.0,0.0,0.625
387,ResNet+AE,0.7273,0.875,0.0,0.0,1.0
388,ResNet+AE,0.7273,0.5,0.0,0.0,0.8889
389,ResNet+AE,0.5455,0.4444,0.0,0.0,0.6667
390,ResNet+AE,0.5455,0.5556,0.0,0.0,0.6667
391,ResNet+AE,0.3636,0.5,0.0,0.0,0.5
392,ResNet+AE,0.3636,0.375,0.0,0.0,0.5
393,ResNet+AE,0.6364,0.5417,0.0,0.0,0.875
394,ResNet+AE,0.5455,0.625,0.0,0.0,0.75
395,ResNet+AE,0.4545,0.5714,0.0,0.0,0.7143
396,ResNet+AE,0.6364,0.75,0.0,0.0,0.875
397,ResNet+AE,0.5455,0.75,0.0,0.0,0.75
398,ResNet+AE,0.7273,0.6667,0.0,0.0,0.8889
399,ResNet+AE,0.3636,0.3667,0.0,0.0,0.6667
400,ResNet+AE,0.5455,0.3333,0.0,0.0,0.6667
401,ResNet+AE,0.3636,0.8,0.0,0.0,0.8
402,ResNet+AE,0.6364,1.0,0.0,0.0,1.0
403,ResNet+AE,0.6364,0.7917,0.0,0.0,0.875
404,ResNet+AE,0.4545,0.4,0.0,0.0,0.5
405,ResNet+AE,0.3636,0.5667,0.0,0.0,0.6667
406,ResNet+AE,0.7273,0.6667,0.0,0.0,0.8889
407,ResNet+AE,0.2727,0.2333,0.0,0.0,0.6
408,ResNet+AE,0.7273,0.4444,0.0,0.0,0.8889
409,ResNet+AE,0.5455,0.7143,0.0,0.0,0.8571
410,ResNet+AE,0.4545,0.5833,0.0,0.0,0.625
411,ResNet+AE,0.5455,0.6667,0.0,0.0,0.75
412,ResNet+AE,0.3636,0.6667,0.0,0.0,0.8
413,ResNet+AE,0.5455,0.5,0.0,0.0,0.75
414,ResNet+AE,0.3636,0.2333,0.0,0.0,0.6667
415,ResNet+AE,0.6364,0.5,0.0,0.0,0.6364
416,ResNet+AE,0.5455,0.375,0.0,0.0,0.75
417,ResNet+AE,0.4545,0.5556,0.0,0.0,0.5556
418,ResNet+AE,0.7273,0.5,0.0,0.0,0.7273
419,ResNet+AE,0.2727,0.6,0.0,0.0,0.6
420,ResNet+AE,0.4545,0.4444,0.0,0.0,0.5556
421,ResNet+AE,0.4545,0.625,0.0,0.0,0.625
422,ResNet+AE,0.3636,0.4286,0.0,0.0,0.5714
423,ResNet+AE,0.3636,0.4167,0.0,0.0,0.5
424,ResNet+AE,0.0909,0.1429,0.0,0.0,0.1429
425,ResNet+AE,0.3636,0.5667,0.0,0.0,0.6667
426,ResNet+AE,0.7273,0.9167,0.0,0.0,1.0
427,ResNet+AE,0.7273,0.5,0.0,0.0,1.0
428,ResNet+AE,0.4545,0.625,0.0,0.0,0.625
429,ResNet+AE,0.7273,0.6,0.0,0.0,0.8
430,ResNet+AE,0.4545,0.5,0.0,0.0,0.7143
431,ResNet+AE,0.3636,0.5,0.0,0.0,0.5
432,ResNet+AE,0.6364,0.5,0.0,0.0,0.6364
433,ResNet+AE,0.7273,0.3333,0.0,0.0,0.8889
434,ResNet+AE,0.4545,0.3889,0.0,0.0,0.5556
435,ResNet+AE,0.5455,0.5714,0.0,0.0,0.8571
436,ResNet+AE,0.5455,0.5556,0.0,0.0,0.6667
437,ResNet+AE,0.4545,0.2857,0.0,0.0,0.7143
438,ResNet+AE,0.3636,0.3667,0.0,0.0,0.6667
439,ResNet+AE,0.7273,0.3889,0.0,0.0,0.8889
440,ResNet+AE,0.4545,0.7143,0.0,0.0,0.7143
441,ResNet+AE,0.3636,0.6071,0.0,0.0,1.0
442,ResNet+AE,0.5455,0.625,0.0,0.0,0.75
443,ResNet+AE,0.2727,0.4667,0.0,0.0,0.6
444,ResNet+AE,0.3636,0.5714,0.0,0.0,0.5714
445,ResNet+AE,0.3636,0.6667,0.0,0.0,0.6667
446,ResNet+AE,0.3636,0.2778,0.0,0.0,0.4444
447,ResNet+AE,0.4545,0.4444,0.0,0.0,0.5556
448,ResNet+AE,0.4545,0.6071,0.0,0.0,0.7143
449,ResNet+AE,0.6364,0.6,0.0,0.0,0.7
450,ResNet+AE,0.5455,0.2857,0.0,0.0,0.8571
451,ResNet+AE,0.5455,0.5556,0.0,0.0,0.6667
452,ResNet+AE,0.7273,0.7,0.0,0.0,0.8
453,ResNet+AE,0.5455,0.2,0.0,0.0,0.6
454,ResNet+AE,0.3636,0.2857,0.0,0.0,0.5714
455,ResNet+AE,0.9091,0.5,0.0,0.0,1.0
456,ResNet+AE,0.4545,0.375,0.0,0.0,0.625
457,ResNet+AE,0.4545,0.4444,0.0,0.0,0.5556
458,ResNet+AE,0.4545,0.5714,0.0,0.0,0.7143
459,ResNet+AE,0.6364,0.5,0.0,0.0,0.875
460,ResNet+AE,0.5455,0.7143,0.0,0.0,0.8571
461,ResNet+AE,0.5455,0.5556,0.0,0.0,0.6667
462,ResNet+AE,0.3636,0.5333,0.0,0.0,0.6667
463,ResNet+AE,0.4545,0.625,0.0,0.0,0.625
464,ResNet+AE,0.5455,0.5714,0.0,0.0,0.8571
465,ResNet+AE,0.4545,0.6429,0.0,0.0,0.7143
466,ResNet+AE,0.5455,0.5,0.0,0.0,0.75
467,ResNet+AE,0.7273,0.4,0.0,0.0,0.8
468,ResNet+AE,0.3636,0.3333,0.0,0.0,0.4444
469,ResNet+AE,0.3636,0.5,0.0,0.0,0.5
470,ResNet+AE,0.6364,0.7083,0.0,0.0,0.875
471,ResNet+AE,0.2727,0.2222,0.0,0.0,0.3333
472,ResNet+AE,0.4545,0.5556,0.0,0.0,0.5556
473,ResNet+AE,0.3636,0.2917,0.0,0.0,0.5
474,ResNet+AE,0.9091,0.8,0.0,0.0,1.0
475,ResNet+AE,0.9091,0.8,0.0,0.0,1.0
476,ResNet+AE,0.2727,0.3333,0.0,0.0,0.375
477,ResNet+AE,0.3636,0.5333,0.0,0.0,0.8
478,ResNet+AE,0.4545,0.4167,0.0,0.0,0.625
479,ResNet+AE,0.3636,0.4643,0.0,0.0,0.5714
480,ResNet+AE,0.7273,0.7778,0.0,0.0,0.8889
481,ResNet+AE,0.6364,0.8333,0.0,0.0,0.875
482,ResNet+AE,0.3636,0.5,0.0,0.0,0.6667
483,ResNet+AE,0.7273,0.5,0.0,0.0,0.8
484,ResNet+AE,0.6364,0.5556,0.0,0.0,0.7778
485,ResNet+AE,0.5455,0.3333,0.0,0.0,0.6667
486,ResNet+AE,0.5455,0.4583,0.0,0.0,0.75
487,ResNet+AE,0.3636,0.1111,0.0,0.0,0.4444
488,ResNet+AE,0.4545,0.5833,0.0,0.0,0.625
489,ResNet+AE,0.6364,0.7,0.0,0.0,0.7
490,ResNet+AE,0.3636,0.3571,0.0,0.0,0.5714
491,ResNet+AE,0.5455,0.625,0.0,0.0,0.75
492,ResNet+AE,0.4545,0.625,0.0,0.0,0.625
493,ResNet+AE,0.4545,0.25,0.0,0.0,0.625
494,ResNet+AE,0.6364,0.75,0.0,0.0,1.0
495,ResNet+AE,0.4545,0.6667,0.0,0.0,0.8333
496,ResNet+AE,0.5455,0.2857,0.0,0.0,0.8571
497,ResNet+AE,0.2727,0.1667,0.0,0.0,0.5
498,ResNet+AE,0.3636,0.5714,0.0,0.0,0.5714
499,ResNet+AE,0.5455,0.3333,0.0,0.0,0.6667
500,ResNet+AE,0.5455,0.4444,0.0,0.0,0.6667
501,ResNet+AE,0.6364,0.6667,0.0,0.0,0.7778
502,ResNet+AE,0.6364,0.6111,0.0,0.0,0.7778
503,ResNet+AE,0.3636,0.25,0.0,0.0,0.5
504,ResNet+AE,0.5455,0.4286,0.0,0.0,0.8571
505,ResNet+AE,0.3636,0.5714,0.0,0.0,0.5714
506,ResNet+AE,0.6364,0.5,0.0,0.0,0.6364
507,ResNet+AE,0.5455,0.625,0.0,0.0,0.75
508,ResNet+AE,0.8182,0.7,0.0,0.0,0.9
509,ResNet+AE,0.8182,0.7,0.0,0.0,0.9
510,ResNet+AE,0.3636,0.3333,0.0,0.0,0.4444
511,ResNet+AE,0.7273,0.6,0.0,0.0,0.8
512,ResNet+AE,0.4545,1.0,0.0,0.0,1.0
513,ResNet+AE,0.7273,0.5,0.0,0.0,0.7273
514,ResNet+AE,0.7273,0.7222,0.0,0.0,0.8889
515,ResNet+AE,0.8182,0.4,0.0,0.0,0.9
516,ResNet+AE,0.5455,0.4,0.0,0.0,0.6
517,ResNet+AE,0.7273,0.5556,0.0,0.0,0.8889
518,ResNet+AE,0.6364,0.7,0.0,0.0,0.7
519,ResNet+AE,0.3636,0.2143,0.0,0.0,0.5714
520,ResNet+AE,0.6364,0.6667,0.0,0.0,0.7778
521,ResNet+AE,0.4545,0.5833,0.0,0.0,0.625
522,ResNet+AE,0.4545,1.0,0.0,0.0,1.0
523,ResNet+AE,0.5455,0.5833,0.0,0.0,0.75
524,ResNet+AE,0.5455,0.3333,0.0,0.0,0.75
525,ResNet+AE,0.5455,0.5556,0.0,0.0,0.6667
526,ResNet+AE,0.5455,0.625,0.0,0.0,0.75
527,ResNet+AE,0.6364,0.4444,0.0,0.0,0.7778
528,ResNet+AE,0.4545,0.3333,0.0,0.0,0.625
529,ResNet+AE,0.3636,0.5,0.0,0.0,0.5
530,ResNet+AE,0.5455,0.25,0.0,0.0,0.75
531,ResNet+AE,0.7273,0.6667,0.0,0.0,0.8889
532,ResNet+AE,0.6364,0.6667,0.0,0.0,0.7778
533,ResNet+AE,0.5455,0.5714,0.0,0.0,0.8571
534,ResNet+AE,0.3636,0.4667,0.0,0.0,0.8
535,ResNet+AE,0.6364,0.4,0.0,0.0,0.7
536,ResNet+AE,0.6364,0.4,0.0,0.0,0.7
537,ResNet+AE,0.4545,0.5333,0.0,0.0,0.8333
538,ResNet+AE,0.6364,0.8333,0.0,0.0,0.875
539,ResNet+AE,0.7273,0.6,0.0,0.0,0.8
540,ResNet+AE,0.6364,0.7778,0.0,0.0,0.7778
541,ResNet+AE,0.6364,0.4444,0.0,0.0,0.7778
542,ResNet+AE,0.3636,0.5,0.0,0.0,0.6667
543,ResNet+AE,0.5455,0.5556,0.0,0.0,0.6667
544,ResNet+AE,0.3636,0.7,0.0,0.0,0.8
545,ResNet+AE,0.4545,0.3333,0.0,0.0,0.5556
546,ResNet+AE,0.5455,0.125,0.0,0.0,0.75
547,ResNet+AE,0.8182,0.7,0.0,0.0,0.9
548,ResNet+AE,0.9091,0.9,0.0,0.0,1.0
549,ResNet+AE,0.6364,0.6,0.0,0.0,0.7
550,ResNet+AE,0.4545,0.5,0.0,0.0,0.5556
551,ResNet+AE,0.8182,0.7,0.0,0.0,0.9
552,ResNet+AE,0.6364,0.6111,0.0,0.0,0.7778
553,ResNet+AE,0.4545,0.4643,0.0,0.0,0.7143
554,ResNet+AE,0.5455,0.5417,0.0,0.0,0.75
555,ResNet+AE,0.7273,0.7778,0.0,0.0,0.8889
556,ResNet+AE,0.6364,0.4444,0.0,0.0,0.7778
557,ResNet+AE,0.5455,0.6333,0.0,0.0,1.0
558,ResNet+AE,0.4545,0.6667,0.0,0.0,0.8333
559,ResNet+AE,0.5455,0.5556,0.0,0.0,0.6667
560,ResNet+AE,0.7273,1.0,0.0,0.0,1.0
561,ResNet+AE,0.2727,0.3929,0.0,0.0,0.4286
562,ResNet+AE,0.4545,0.4286,0.0,0.0,0.7143
563,ResNet+AE,0.3636,0.375,0.0,0.0,0.5
564,ResNet+AE,0.5455,0.4444,0.0,0.0,0.6667
565,ResNet+AE,0.7273,0.5,0.0,0.0,0.7273
566,ResNet+AE,0.9091,0.9,0.0,0.0,1.0
567,ResNet+AE,0.5455,0.5417,0.0,0.0,0.75
568,ResNet+AE,0.7273,0.7083,0.0,0.0,1.0
569,ResNet+AE,0.5455,0.5,0.0,0.0,0.6
570,ResNet+AE,0.5455,0.5714,0.0,0.0,0.8571
571,ResNet+AE,0.5455,0.5,0.0,0.0,0.8571
572,ResNet+AE,0.6364,0.5,0.0,0.0,0.6364
573,ResNet+AE,0.3636,0.5714,0.0,0.0,0.5714
574,ResNet+AE,0.1818,0.1,0.0,0.0,0.3333
575,ResNet+AE,0.7273,0.8333,0.0,0.0,0.8889
576,ResNet+AE,0.7273,0.4444,0.0,0.0,0.8889
577,ResNet+AE,0.7273,0.6667,0.0,0.0,0.8889
578,ResNet+AE,0.4545,0.375,0.0,0.0,0.625
579,ResNet+AE,0.6364,0.6111,0.0,0.0,0.7778
580,ResNet+AE,0.3636,0.3571,0.0,0.0,0.5714
581,ResNet+AE,0.3636,0.5,0.0,0.0,0.5
582,ResNet+AE,0.5455,0.75,0.0,0.0,0.75
583,ResNet+AE,0.8182,0.8889,0.0,0.0,1.0
584,ResNet+AE,0.4545,0.4286,0.0,0.0,0.7143
585,ResNet+AE,0.7273,0.7778,0.0,0.0,0.8889
586,ResNet+AE,0.6364,0.75,0.0,0.0,0.875
587,ResNet+AE,0.6364,0.6667,0.0,0.0,0.875
588,ResNet+AE,0.3636,0.5,0.0,0.0,0.5
589,ResNet+AE,0.6364,0.7917,0.0,0.0,0.875
590,ResNet+AE,0.7273,0.5,0.0,0.0,0.7273
591,ResNet+AE,0.5455,0.5833,0.0,0.0,0.75
592,ResNet+AE,0.5455,0.3929,0.0,0.0,0.8571
593,ResNet+AE,0.5455,0.625,0.0,0.0,0.75
594,ResNet+AE,0.5455,0.5,0.0,0.0,0.75
595,ResNet+AE,0.4545,0.6667,0.0,0.0,0.8333
596,ResNet+AE,0.4545,0.3929,0.0,0.0,0.7143
597,ResNet+AE,0.4545,0.6667,0.0,0.0,0.8333
598,ResNet+AE,0.5455,0.3,0.0,0.0,0.6
599,ResNet+AE,0.5455,0.7143,0.0,0.0,0.8571
600,ResNet+AE,0.3636,0.4286,0.0,0.0,0.5714
601,ResNet+AE,0.4545,0.4333,0.0,0.0,0.8333
602,ResNet+AE,0.2727,0.3667,0.0,0.0,0.5
603,ResNet+AE,0.6364,0.4643,0.0,0.0,1.0
604,ResNet+AE,0.8182,0.7,0.0,0.0,0.9
605,ResNet+AE,0.6364,0.5556,0.0,0.0,0.7778
606,ResNet+AE,0.5455,0.3929,0.0,0.0,0.8571
607,ResNet+AE,0.4545,0.4583,0.0,0.0,0.625
608,ResNet+AE,0.3636,0.2857,0.0,0.0,0.5714
609,ResNet+AE,0.2727,0.4286,0.0,0.0,0.4286
610,ResNet+AE,0.7273,0.4,0.0,0.0,0.8
611,ResNet+AE,0.5455,0.25,0.0,0.0,0.75
612,ResNet+AE,0.6364,0.7222,0.0,0.0,0.7778
613,ResNet+AE,0.6364,0.5,0.0,0.0,0.7
614,ResNet+AE,0.7273,0.7083,0.0,0.0,1.0
615,ResNet+AE,0.4545,0.4286,0.0,0.0,0.7143
616,ResNet+AE,0.6364,0.1,0.0,0.0,0.7
617,ResNet+AE,0.6364,0.4,0.0,0.0,0.7
618,ResNet+AE,0.7273,0.4,0.0,0.0,0.8
619,ResNet+AE,0.4545,0.6667,0.0,0.0,0.8333
620,ResNet+AE,0.4545,0.375,0.0,0.0,0.625
621,ResNet+AE,0.6364,0.6111,0.0,0.0,0.7778
622,ResNet+AE,0.6364,0.4444,0.0,0.0,0.7778
623,ResNet+AE,0.6364,0.875,0.0,0.0,0.875
624,ResNet+AE,0.4545,0.2857,0.0,0.0,0.7143
625,ResNet+AE,0.5455,0.4643,0.0,0.0,0.8571
626,ResNet+AE,0.5455,0.4444,0.0,0.0,0.6667
627,ResNet+AE,0.5455,0.4286,0.0,0.0,0.8571
628,ResNet+AE,0.5455,0.3333,0.0,0.0,0.6667
629,ResNet+AE,0.7273,0.7,0.0,0.0,0.8
630,ResNet+AE,0.3636,0.4643,0.0,0.0,0.5714
631,ResNet+AE,0.5455,0.5556,0.0,0.0,0.6667
632,ResNet+AE,0.6364,0.6111,0.0,0.0,0.7778
633,ResNet+AE,0.6364,0.4444,0.0,0.0,0.7778
634,ResNet+AE,0.4545,0.5714,0.0,0.0,0.7143
635,ResNet+AE,0.2727,0.6,0.0,0.0,0.6
636,ResNet+AE,0.4545,0.4286,0.0,0.0,0.7143
637,ResNet+AE,0.3636,0.4,0.0,0.0,0.6667
638,ResNet+AE,0.6364,0.7,0.0,0.0,0.7
639,ResNet+AE,0.6364,0.6667,0.0,0.0,0.875
640,ResNet+AE,0.6364,0.5833,0.0,0.0,0.875
641,ResNet+AE,0.7273,0.6,0.0,0.0,0.8
642,ResNet+AE,0.7273,0.7778,0.0,0.0,0.8889
643,ResNet+AE,0.9091,0.5,0.0,0.0,0.9091
644,ResNet+AE,0.4545,0.7667,0.0,0.0,0.8333
645,ResNet+AE,0.6364,0.5,0.0,0.0,0.6364
646,ResNet+AE,0.6364,0.625,0.0,0.0,0.875
647,ResNet+AE,0.5455,0.2083,0.0,0.0,0.75
648,ResNet+AE,0.5455,0.4583,0.0,0.0,0.75
649,ResNet+AE,0.7273,0.3,0.0,0.0,0.8
650,ResNet+AE,0.6364,0.4,0.0,0.0,0.7
651,ResNet+AE,0.6364,0.7917,0.0,0.0,0.875
652,ResNet+AE,0.6364,0.6667,0.0,0.0,0.7778
653,ResNet+AE,0.4545,0.6429,0.0,0.0,0.7143
654,ResNet+AE,0.6364,0.2857,0.0,0.0,1.0
655,ResNet+AE,0.7273,0.6667,0.0,0.0,0.8889
656,ResNet+AE,0.5455,0.6429,0.0,0.0,0.8571
657,ResNet+AE,0.5455,0.8571,0.0,0.0,0.8571
658,ResNet+AE,0.7273,0.7917,0.0,0.0,1.0
659,ResNet+AE,0.4545,0.7143,0.0,0.0,0.7143
660,ResNet+AE,0.2727,0.2857,0.0,0.0,0.4286
661,ResNet+AE,0.6364,0.7222,0.0,0.0,0.7778
662,ResNet+AE,0.5455,0.5714,0.0,0.0,0.8571
663,ResNet+AE,0.6364,0.6667,0.0,0.0,0.875
664,ResNet+AE,0.6364,0.7,0.0,0.0,0.7
665,ResNet+AE,0.7273,0.5,0.0,0.0,0.8
666,ResNet+AE,0.3636,0.4667,0.0,0.0,0.8
667,ResNet+AE,0.4545,0.5,0.0,0.0,0.625
668,ResNet+AE,0.2727,0.6,0.0,0.0,0.6
669,ResNet+AE,0.6364,0.5,0.0,0.0,0.875
670,ResNet+AE,0.6364,0.6667,0.0,0.0,0.7778
671,ResNet+AE,0.4545,0.6429,0.0,0.0,0.7143
672,ResNet+AE,0.3636,0.4286,0.0,0.0,0.5714
673,ResNet+AE,0.2727,0.3214,0.0,0.0,0.4286
674,ResNet+AE,0.5455,0.6667,0.0,0.0,0.75
675,ResNet+AE,0.7273,0.5,0.0,0.0,0.8
676,ResNet+AE,0.4545,0.7667,0.0,0.0,0.8333
677,ResNet+AE,0.4545,0.4444,0.0,0.0,0.5556
678,ResNet+AE,0.6364,0.5833,0.0,0.0,0.875
679,ResNet+AE,0.5455,0.6667,0.0,0.0,0.75
680,ResNet+AE,0.6364,0.5,0.0,0.0,0.875
681,ResNet+AE,0.5455,0.3,0.0,0.0,0.6
682,ResNet+AE,0.5455,0.625,0.0,0.0,0.75
683,ResNet+AE,0.6364,0.3,0.0,0.0,0.7
684,ResNet+AE,0.7273,0.4444,0.0,0.0,0.8889
685,ResNet+AE,0.5455,0.625,0.0,0.0,0.75
686,ResNet+AE,0.7273,0.5,0.0,0.0,0.8
687,ResNet+AE,0.1818,0.4,0.0,0.0,0.4
688,ResNet+AE,0.7273,0.75,0.0,0.0,1.0
689,ResNet+AE,0.8182,0.5,0.0,0.0,0.8182
690,ResNet+AE,0.4545,0.7667,0.0,0.0,0.8333
691,ResNet+AE,0.4545,0.6786,0.0,0.0,0.7143
692,ResNet+AE,0.5455,0.5333,0.0,0.0,1.0
693,ResNet+AE,0.5455,0.7083,0.0,0.0,0.75
694,ResNet+AE,0.4545,0.4444,0.0,0.0,0.5556
695,ResNet+AE,0.8182,0.7,0.0,0.0,0.9
696,ResNet+AE,0.6364,0.625,0.0,0.0,0.875
697,ResNet+AE,0.6364,0.375,0.0,0.0,0.875
698,ResNet+AE,0.6364,0.7083,0.0,0.0,0.875
699,ResNet+AE,0.5455,0.7143,0.0,0.0,0.8571
700,ResNet+AE,0.3636,0.8,0.0,0.0,0.8
701,ResNet+AE,0.9091,0.4,0.0,0.0,1.0
702,ResNet+AE,0.5455,0.75,0.0,0.0,0.75
703,ResNet+AE,0.4545,0.4,0.0,0.0,0.5
704,ResNet+AE,0.5455,0.4,0.0,0.0,0.6
705,ResNet+AE,0.6364,0.3333,0.0,0.0,0.7778
706,ResNet+AE,0.5455,0.6429,0.0,0.0,0.8571
707,ResNet+AE,0.5455,0.5714,0.0,0.0,0.8571
708,ResNet+AE,0.3636,0.125,0.0,0.0,0.5
709,ResNet+AE,0.5455,0.4,0.0,0.0,1.0
710,ResNet+AE,0.6364,0.5556,0.0,0.0,0.7778
711,ResNet+AE,0.5455,0.3,0.0,0.0,0.6
712,ResNet+AE,0.2727,0.2222,0.0,0.0,0.3333
713,ResNet+AE,0.6364,0.7917,0.0,0.0,0.875
714,ResNet+AE,0.7273,0.7222,0.0,0.0,0.8889
715,ResNet+AE,0.1818,0.2333,0.0,0.0,0.3333
716,ResNet+AE,0.4545,0.2143,0.0,0.0,0.7143
717,ResNet+AE,0.4545,0.2333,0.0,0.0,0.8333
718,ResNet+AE,0.5455,0.6667,0.0,0.0,0.75
719,ResNet+AE,0.5455,0.7143,0.0,0.0,0.8571
720,ResNet+AE,0.3636,0.5,0.0,0.0,0.5714
721,ResNet+AE,0.5455,0.4,0.0,0.0,0.6
722,ResNet+AE,0.6364,0.5,0.0,0.0,0.7
723,ResNet+AE,0.4545,0.3571,0.0,0.0,0.7143
724,ResNet+AE,0.5455,0.5,0.0,0.0,0.5455
725,ResNet+AE,0.7273,0.7778,0.0,0.0,0.8889
726,ResNet+AE,0.7273,0.625,0.0,0.0,1.0
727,ResNet+AE,0.6364,0.7,0.0,0.0,0.7
728,ResNet+AE,0.7273,0.75,0.0,0.0,1.0
729,ResNet+AE,0.7273,0.5,0.0,0.0,0.7273
730,ResNet+AE,0.6364,0.6,0.0,0.0,0.7
731,ResNet+AE,0.7273,0.6667,0.0,0.0,1.0
732,ResNet+AE,0.6364,0.4444,0.0,0.0,0.7778
733,ResNet+AE,0.7273,0.625,0.0,0.0,1.0
734,ResNet+AE,0.2727,0.1,0.0,0.0,0.5
735,ResNet+AE,0.3636,0.6,0.0,0.0,0.6667
736,ResNet+AE,0.4545,0.5,0.0,0.0,0.5556
737,ResNet+AE,0.3636,0.5,0.0,0.0,0.6667
738,ResNet+AE,0.5455,0.75,0.0,0.0,0.75
739,ResNet+AE,0.4545,0.5714,0.0,0.0,0.7143
740,ResNet+AE,0.5455,0.7143,0.0,0.0,0.8571
741,ResNet+AE,0.6364,0.5,0.0,0.0,0.875
742,ResNet+AE,0.5455,0.4444,0.0,0.0,0.6667
743,ResNet+AE,0.6364,0.5556,0.0,0.0,0.7778
744,ResNet+AE,0.8182,0.5,0.0,0.0,0.8182
745,ResNet+AE,0.4545,0.3571,0.0,0.0,0.7143
746,ResNet+AE,0.5455,0.3571,0.0,0.0,0.8571
747,ResNet+AE,0.7273,0.6,0.0,0.0,0.8
748,ResNet+AE,0.4545,0.25,0.0,0.0,0.7143
749,ResNet+AE,0.2727,0.2857,0.0,0.0,0.4286
750,ResNet+AE,0.6364,0.8333,0.0,0.0,0.875
751,ResNet+AE,0.6364,0.5,0.0,0.0,0.6364
752,ResNet+AE,0.2727,0.4,0.0,0.0,0.6
753,ResNet+AE,0.6364,0.7857,0.0,0.0,1.0
754,ResNet+AE,0.4545,0.4167,0.0,0.0,0.625
755,ResNet+AE,0.5455,0.7143,0.0,0.0,0.8571
756,ResNet+AE,0.6364,0.4,0.0,0.0,0.7
757,ResNet+AE,0.5455,0.1429,0.0,0.0,0.8571
758,ResNet+AE,0.5455,0.5556,0.0,0.0,0.6667
759,ResNet+AE,0.7273,0.4444,0.0,0.0,0.8889
760,ResNet+AE,0.7273,0.6667,0.0,0.0,0.8889
761,ResNet+AE,0.7273,0.8333,0.0,0.0,1.0
762,ResNet+AE,0.6364,0.7083,0.0,0.0,0.875
763,ResNet+AE,0.1818,0.1429,0.0,0.0,0.2857
764,ResNet+AE,0.5455,0.5,0.0,0.0,0.75
765,ResNet+AE,0.7273,0.6,0.0,0.0,0.8
766,ResNet+AE,0.4545,0.3889,0.0,0.0,0.5556
767,ResNet+AE,0.5455,0.6111,0.0,0.0,0.6667
768,ResNet+AE,0.4545,0.625,0.0,0.0,0.625
769,ResNet+AE,0.6364,0.75,0.0,0.0,0.875
770,ResNet+AE,0.4545,0.5714,0.0,0.0,0.7143
771,ResNet+AE,0.4545,0.4286,0.0,0.0,0.7143
772,ResNet+AE,0.6364,0.6,0.0,0.0,0.7
773,ResNet+AE,0.6364,0.4167,0.0,0.0,0.875
774,ResNet+AE,0.2727,0.25,0.0,0.0,0.375
775,ResNet+AE,0.6364,0.5,0.0,0.0,0.6364
776,ResNet+AE,0.6364,0.875,0.0,0.0,0.875
777,ResNet+AE,0.2727,0.6429,0.0,0.0,0.75
778,ResNet+AE,0.7273,0.25,0.0,0.0,1.0
779,ResNet+AE,0.4545,0.4,0.0,0.0,0.5
780,ResNet+AE,0.7273,0.2,0.0,0.0,0.8
781,ResNet+AE,0.3636,0.375,0.0,0.0,0.5
782,ResNet+AE,0.5455,0.3571,0.0,0.0,0.8571
783,ResNet+AE,0.7273,0.3889,0.0,0.0,0.8889
784,ResNet+AE,0.3636,0.3333,0.0,0.0,0.4444
785,ResNet+AE,0.5455,0.6667,0.0,0.0,0.75
786,ResNet+AE,0.3636,0.2,0.0,0.0,0.6667
787,ResNet+AE,0.6364,0.7778,0.0,0.0,0.7778
788,ResNet+AE,0.3636,0.5,0.0,0.0,0.6667
789,ResNet+AE,0.6364,0.5556,0.0,0.0,0.7778
790,ResNet+AE,0.5455,0.6,0.0,0.0,0.6
791,ResNet+AE,0.6364,0.625,0.0,0.0,0.875
792,ResNet+AE,0.8182,0.5,0.0,0.0,0.8182
793,ResNet+AE,0.5455,0.5,0.0,0.0,0.6
794,ResNet+AE,0.4545,0.2222,0.0,0.0,0.5556
795,ResNet+AE,0.1818,0.2,0.0,0.0,0.4
796,ResNet+AE,0.3636,0.5667,0.0,0.0,0.6667
797,ResNet+AE,0.2727,0.2857,0.0,0.0,0.4286
798,ResNet+AE,0.8182,0.5,0.0,0.0,0.8182
799,ResNet+AE,0.4545,0.625,0.0,0.0,0.625
800,ResNet+AE,0.6364,0.625,0.0,0.0,0.875
801,ResNet+AE,0.6364,0.5556,0.0,0.0,0.7778
802,ResNet+AE,0.3636,0.8,0.0,0.0,0.8
803,ResNet+AE,0.4545,0.2,0.0,0.0,0.5
804,ResNet+AE,0.1818,0.3333,0.0,0.0,0.3333
805,ResNet+AE,0.4545,0.5,0.0,0.0,0.7143
806,ResNet+AE,0.6364,0.6429,0.0,0.0,1.0
807,ResNet+AE,0.4545,0.4444,0.0,0.0,0.5556
808,ResNet+AE,0.5455,0.4444,0.0,0.0,0.6667
809,ResNet+AE,0.7273,0.7,0.0,0.0,0.8
810,ResNet+AE,0.3636,0.5667,0.0,0.0,0.6667
811,ResNet+AE,0.5455,0.625,0.0,0.0,0.75
812,ResNet+AE,0.7273,0.6111,0.0,0.0,0.8889
813,ResNet+AE,0.4545,0.2222,0.0,0.0,0.5556
814,ResNet+AE,0.6364,0.6667,0.0,0.0,0.7778
815,ResNet+AE,0.6364,0.125,0.0,0.0,0.875
816,ResNet+AE,0.8182,0.7778,0.0,0.0,1.0
817,ResNet+AE,0.6364,0.7143,0.0,0.0,1.0
818,ResNet+AE,0.6364,0.7222,0.0,0.0,0.7778
819,ResNet+AE,0.7273,0.6,0.0,0.0,0.8
820,ResNet+AE,0.2727,0.4667,0.0,0.0,0.6
821,ResNet+AE,0.6364,0.6111,0.0,0.0,0.7778
822,ResNet+AE,0.3636,0.5714,0.0,0.0,0.5714
823,ResNet+AE,0.4545,0.4286,0.0,0.0,0.7143
824,ResNet+AE,0.4545,0.5417,0.0,0.0,0.625
825,ResNet+AE,0.8182,0.6667,0.0,0.0,1.0
826,ResNet+AE,0.8182,0.7,0.0,0.0,0.9
827,ResNet+AE,0.6364,0.6111,0.0,0.0,0.7778
828,ResNet+AE,0.3636,0.4286,0.0,0.0,0.5714
829,ResNet+AE,0.6364,0.5,0.0,0.0,0.875
830,ResNet+AE,0.8182,0.8,0.0,0.0,0.9
831,ResNet+AE,0.4545,0.25,0.0,0.0,0.625
832,ResNet+AE,0.4545,0.3333,0.0,0.0,0.5556
833,ResNet+AE,0.4545,0.5714,0.0,0.0,0.7143
834,ResNet+AE,0.4545,0.375,0.0,0.0,0.625
835,ResNet+AE,0.6364,0.6111,0.0,0.0,0.7778
836,ResNet+AE,0.5455,0.3333,0.0,0.0,0.6667
837,ResNet+AE,0.1818,0.0,0.0,0.0,0.4
838,ResNet+AE,0.4545,0.5,0.0,0.0,0.7143
839,ResNet+AE,0.5455,0.625,0.0,0.0,0.75
840,ResNet+AE,0.8182,0.7,0.0,0.0,0.9
841,ResNet+AE,0.5455,0.5417,0.0,0.0,0.75
842,ResNet+AE,0.7273,0.6,0.0,0.0,0.8
843,ResNet+AE,0.2727,0.6,0.0,0.0,0.6
844,ResNet+AE,0.7273,0.7222,0.0,0.0,0.8889
845,ResNet+AE,0.7273,0.5556,0.0,0.0,0.8889
846,ResNet+AE,0.6364,0.75,0.0,0.0,0.875
847,ResNet+AE,0.6364,0.8571,0.0,0.0,1.0
848,ResNet+AE,0.8182,0.6667,0.0,0.0,1.0
849,ResNet+AE,0.7273,0.6,0.0,0.0,0.8
850,ResNet+AE,0.5455,0.5,0.0,0.0,0.8571
851,ResNet+AE,0.3636,0.375,0.0,0.0,0.5
852,ResNet+AE,0.6364,0.5,0.0,0.0,0.7778
853,ResNet+AE,0.2727,0.3333,0.0,0.0,0.5
854,ResNet+AE,0.5455,0.8571,0.0,0.0,0.8571
855,ResNet+AE,0.5455,0.7143,0.0,0.0,0.8571
856,ResNet+AE,0.4545,0.25,0.0,0.0,0.625
857,ResNet+AE,0.5455,0.5,0.0,0.0,0.75
858,ResNet+AE,0.4545,0.7143,0.0,0.0,0.7143
859,ResNet+AE,0.7273,0.6667,0.0,0.0,0.8889
860,ResNet+AE,0.3636,0.5667,0.0,0.0,0.6667
861,ResNet+AE,0.5455,0.4,0.0,0.0,0.6
862,ResNet+AE,0.6364,0.4,0.0,0.0,0.7
863,ResNet+AE,0.4545,0.8333,0.0,0.0,0.8333
864,ResNet+AE,0.4545,0.1667,0.0,0.0,0.625
865,ResNet+AE,0.4545,0.6667,0.0,0.0,0.8333
866,ResNet+AE,0.7273,0.7778,0.0,0.0,0.8889
867,ResNet+AE,0.6364,0.7778,0.0,0.0,0.7778
868,ResNet+AE,0.3636,0.5,0.0,0.0,1.0
869,ResNet+AE,0.4545,0.5,0.0,0.0,0.625
870,ResNet+AE,0.6364,0.6667,0.0,0.0,0.875
871,ResNet+AE,0.6364,0.625,0.0,0.0,0.875
872,ResNet+AE,0.5455,0.3,0.0,0.0,0.6
873,ResNet+AE,0.6364,0.6111,0.0,0.0,0.7778
874,ResNet+AE,0.2727,0.3333,0.0,0.0,0.5
875,ResNet+AE,0.4545,0.4286,0.0,0.0,0.7143
876,ResNet+AE,0.3636,0.6667,0.0,0.0,0.6667
877,ResNet+AE,0.8182,1.0,0.0,0.0,1.0
878,ResNet+AE,0.5455,0.4167,0.0,0.0,0.75
879,ResNet+AE,0.7273,0.2222,0.0,0.0,0.8889
880,ResNet+AE,0.5455,0.75,0.0,0.0,0.75
881,ResNet+AE,0.6364,0.5556,0.0,0.0,0.7778
882,ResNet+AE,0.4545,0.6786,0.0,0.0,0.7143
883,ResNet+AE,0.7273,0.5,0.0,0.0,0.8
884,ResNet+AE,0.7273,0.3333,0.0,0.0,0.8889
885,ResNet+AE,0.5455,0.625,0.0,0.0,0.75
886,ResNet+AE,0.6364,0.5714,0.0,0.0,1.0
887,ResNet+AE,0.5455,0.75,0.0,0.0,0.75
888,ResNet+AE,0.5455,0.75,0.0,0.0,0.75
889,ResNet+AE,0.5455,0.5556,0.0,0.0,0.6667
890,ResNet+AE,0.8182,0.7,0.0,0.0,0.9
891,ResNet+AE,0.3636,0.25,0.0,0.0,0.5
892,ResNet+AE,0.4545,0.4286,0.0,0.0,0.7143
893,ResNet+AE,0.7273,0.5556,0.0,0.0,0.8889
894,ResNet+AE,0.7273,0.7778,0.0,0.0,0.8889
895,ResNet+AE,0.5455,0.75,0.0,0.0,0.8571
896,ResNet+AE,0.6364,0.5833,0.0,0.0,0.875
897,ResNet+AE,0.5455,0.5,0.0,0.0,0.75
898,ResNet+AE,0.5455,0.5556,0.0,0.0,0.6667
899,ResNet+AE,0.2727,0.4667,0.0,0.0,0.6
900,ResNet+AE,0.7273,0.4,0.0,0.0,0.8
901,ResNet+AE,0.3636,0.5667,0.0,0.0,0.6667
902,ResNet+AE,0.2727,0.5,0.0,0.0,0.5
903,ResNet+AE,0.2727,0.2857,0.0,0.0,0.4286
904,ResNet+AE,0.6364,0.8571,0.0,0.0,1.0
905,ResNet+AE,0.6364,0.5556,0.0,0.0,0.7778
906,ResNet+AE,0.6364,0.625,0.0,0.0,0.875
907,ResNet+AE,0.2727,0.4286,0.0,0.0,0.4286
908,ResNet+AE,0.7273,0.7,0.0,0.0,0.8
909,ResNet+AE,0.5455,0.3929,0.0,0.0,0.8571
910,ResNet+AE,0.6364,0.5,0.0,0.0,0.7
911,ResNet+AE,0.6364,0.8571,0.0,0.0,1.0
912,ResNet+AE,0.6364,0.3333,0.0,0.0,0.7778
913,ResNet+AE,0.8182,0.7,0.0,0.0,0.9
914,ResNet+AE,0.3636,0.5333,0.0,0.0,0.6667
915,ResNet+AE,0.5455,0.4444,0.0,0.0,0.6667
916,ResNet+AE,0.7273,0.6,0.0,0.0,0.8
917,ResNet+AE,0.8182,0.8333,0.0,0.0,1.0
918,ResNet+AE,0.4545,0.3571,0.0,0.0,0.7143
919,ResNet+AE,0.5455,0.75,0.0,0.0,0.75
920,ResNet+AE,0.5455,0.7143,0.0,0.0,0.8571
921,ResNet+AE,0.5455,0.6071,0.0,0.0,0.8571
922,ResNet+AE,0.5455,0.5833,0.0,0.0,0.75
923,ResNet+AE,0.4545,0.7,0.0,0.0,0.8333
924,ResNet+AE,0.5455,0.6667,0.0,0.0,0.6667
925,ResNet+AE,0.6364,0.75,0.0,0.0,1.0
926,ResNet+AE,0.4545,0.5,0.0,0.0,0.5556
927,ResNet+AE,0.3636,0.4444,0.0,0.0,0.4444
928,ResNet+AE,0.4545,0.375,0.0,0.0,0.625
929,ResNet+AE,0.3636,0.4583,0.0,0.0,0.5
930,ResNet+AE,0.7273,0.7083,0.0,0.0,1.0
931,ResNet+AE,0.3636,0.4167,0.0,0.0,0.5
932,ResNet+AE,0.5455,0.5357,0.0,0.0,0.8571
933,ResNet+AE,0.4545,0.5417,0.0,0.0,0.625
934,ResNet+AE,0.4545,0.3333,0.0,0.0,0.8333
935,ResNet+AE,0.7273,0.75,0.0,0.0,1.0
936,ResNet+AE,0.5455,0.8571,0.0,0.0,0.8571
937,ResNet+AE,0.4545,0.5,0.0,0.0,0.8333
938,ResNet+AE,0.1818,0.2,0.0,0.0,0.4
939,ResNet+AE,0.6364,0.75,0.0,0.0,0.875
940,ResNet+AE,0.3636,0.5,0.0,0.0,0.6667
941,ResNet+AE,0.5455,0.4286,0.0,0.0,0.8571
942,ResNet+AE,0.6364,0.5,0.0,0.0,0.875
943,ResNet+AE,0.7273,0.6,0.0,0.0,0.8
944,ResNet+AE,0.6364,0.125,0.0,0.0,0.875
945,ResNet+AE,0.6364,0.4444,0.0,0.0,0.7778
946,ResNet+AE,0.6364,0.6667,0.0,0.0,0.875
947,ResNet+AE,0.6364,0.75,0.0,0.0,0.875
948,ResNet+AE,0.6364,0.625,0.0,0.0,0.875
949,ResNet+AE,0.5455,0.6071,0.0,0.0,0.8571
950,ResNet+AE,0.7273,0.7778,0.0,0.0,0.8889
951,ResNet+AE,0.4545,0.5,0.0,0.0,0.7143
952,ResNet+AE,0.6364,0.5,0.0,0.0,0.875
953,ResNet+AE,0.3636,0.5,0.0,0.0,0.5714
954,ResNet+AE,0.6364,0.625,0.0,0.0,0.875
955,ResNet+AE,0.3636,0.2143,0.0,0.0,0.5714
956,ResNet+AE,0.4545,0.5714,0.0,0.0,0.7143
957,ResNet+AE,0.4545,0.5556,0.0,0.0,0.5556
958,ResNet+AE,0.4545,0.7,0.0,0.0,0.8333
959,ResNet+AE,0.4545,0.5714,0.0,0.0,0.7143
960,ResNet+AE,0.9091,0.8,0.0,0.0,1.0
961,ResNet+AE,0.4545,0.625,0.0,0.0,0.625
962,ResNet+AE,0.4545,0.5714,0.0,0.0,0.7143
963,ResNet+AE,0.5455,0.625,0.0,0.0,0.75
964,ResNet+AE,0.2727,0.2857,0.0,0.0,0.4286
965,ResNet+AE,0.3636,0.3667,0.0,0.0,0.6667
966,ResNet+AE,0.3636,0.1667,0.0,0.0,0.6667
967,ResNet+AE,0.3636,0.5,0.0,0.0,0.5
968,ResNet+AE,0.2727,0.3214,0.0,0.0,0.4286
969,ResNet+AE,0.4545,0.2857,0.0,0.0,0.7143
970,ResNet+AE,0.4545,0.1429,0.0,0.0,0.7143
971,ResNet+AE,0.4545,0.5714,0.0,0.0,0.7143
972,ResNet+AE,0.5455,0.5556,0.0,0.0,0.6667
973,ResNet+AE,0.8182,0.7778,0.0,0.0,1.0
974,ResNet+AE,0.4545,0.1786,0.0,0.0,0.7143
975,ResNet+AE,0.5455,0.625,0.0,0.0,0.75
976,ResNet+AE,0.4545,0.4444,0.0,0.0,0.5556
977,ResNet+AE,0.6364,0.7857,0.0,0.0,1.0
978,ResNet+AE,0.1818,0.3333,0.0,0.0,0.3333
979,ResNet+AE,0.7273,0.5,0.0,0.0,1.0
980,ResNet+AE,0.5455,0.3571,0.0,0.0,0.8571
981,ResNet+AE,0.5455,0.6667,0.0,0.0,0.75
982,ResNet+AE,0.6364,0.5,0.0,0.0,0.7778
983,ResNet+AE,0.6364,0.6667,0.0,0.0,0.875
984,ResNet+AE,0.7273,0.7083,0.0,0.0,1.0
985,ResNet+AE,0.1818,0.4,0.0,0.0,0.4
986,ResNet+AE,0.4545,0.7333,0.0,0.0,0.8333
987,ResNet+AE,0.7273,0.6,0.0,0.0,0.8
988,ResNet+AE,0.7273,0.9167,0.0,0.0,1.0
989,ResNet+AE,0.5455,0.5,0.0,0.0,0.75
990,ResNet+AE,0.5455,0.5714,0.0,0.0,0.8571
991,ResNet+AE,0.8182,0.6,0.0,0.0,0.9
992,ResNet+AE,0.4545,0.2857,0.0,0.0,0.7143
993,ResNet+AE,0.4545,0.5714,0.0,0.0,0.7143
994,ResNet+AE,0.6364,0.5,0.0,0.0,0.875
995,ResNet+AE,0.3636,0.4,0.0,0.0,0.8
996,ResNet+AE,0.1818,0.2,0.0,0.0,0.4
997,ResNet+AE,0.6364,0.4167,0.0,0.0,0.875
998,ResNet+AE,0.6364,0.4,0.0,0.0,0.7
999,ResNet+AE,0.2727,0.4,0.0,0.0,0.6
1000,ResNet+AE,0.5455,0.5,0.0,0.0,0.6
1,ResNet,0.8182,0.1111,0.0,0.0,1.0
2,ResNet,0.3636,0.4444,0.0,0.0,0.4444
3,ResNet,0.4545,0.3333,0.0,0.0,0.8333
4,ResNet,0.4545,0.2143,0.0,0.0,0.7143
5,ResNet,0.6364,0.5,0.0,0.0,0.875
6,ResNet,0.5455,0.5,0.0,0.0,0.5455
7,ResNet,0.8182,0.6,0.0,0.0,0.9
8,ResNet,0.7273,0.6111,0.0,0.0,0.8889
9,ResNet,0.3636,0.25,0.0,0.0,0.5
10,ResNet,0.7273,0.75,0.0,0.0,1.0
11,ResNet,0.5455,0.2222,0.0,0.0,0.6667
12,ResNet,0.9091,0.1,0.0,0.0,1.0
13,ResNet,0.6364,0.4,0.0,0.0,0.7
14,ResNet,0.6364,0.4286,0.0,0.0,1.0
15,ResNet,0.1818,0.1429,0.0,0.0,0.2857
16,ResNet,0.5455,0.5556,0.0,0.0,0.6667
17,ResNet,0.4545,0.5,0.0,0.0,0.5
18,ResNet,0.4545,0.4,0.0,0.0,0.5
19,ResNet,0.5455,0.5357,0.0,0.0,0.8571
20,ResNet,0.5455,0.5714,0.0,0.0,0.8571
21,ResNet,0.6364,0.3889,0.0,0.0,0.7778
22,ResNet,0.4545,0.1667,0.0,0.0,0.625
23,ResNet,0.7273,0.5,0.0,0.0,0.8
24,ResNet,0.5455,0.25,0.0,0.0,0.75
25,ResNet,0.3636,0.5,0.0,0.0,0.8
26,ResNet,0.7273,0.4444,0.0,0.0,0.8889
27,ResNet,0.5455,0.5556,0.0,0.0,0.6667
28,ResNet,0.6364,0.4167,0.0,0.0,0.875
29,ResNet,0.6364,0.3889,0.0,0.0,0.7778
30,ResNet,0.6364,0.6667,0.0,0.0,0.875
31,ResNet,0.8182,0.1111,0.0,0.0,1.0
32,ResNet,0.3636,0.4,0.0,0.0,0.6667
33,ResNet,0.6364,0.4643,0.0,0.0,1.0
34,ResNet,0.3636,0.4583,0.0,0.0,0.5
35,ResNet,0.4545,0.3889,0.0,0.0,0.5556
36,ResNet,0.3636,0.4286,0.0,0.0,0.5714
37,ResNet,0.5455,0.375,0.0,0.0,0.75
38,ResNet,0.3636,0.2143,0.0,0.0,0.5714
39,ResNet,0.5455,0.0,0.0,0.0,0.6667
40,ResNet,0.5455,0.5417,0.0,0.0,0.75
41,ResNet,0.5455,0.1667,0.0,0.0,0.75
42,ResNet,0.2727,0.2,0.0,0.0,0.6
43,ResNet,0.6364,0.6786,0.0,0.0,1.0
44,ResNet,0.3636,0.25,0.0,0.0,0.5
45,ResNet,0.6364,0.5556,0.0,0.0,0.7778
46,ResNet,0.4545,0.7333,0.0,0.0,0.8333
47,ResNet,0.9091,0.9,0.0,0.0,1.0
48,ResNet,0.4545,0.2917,0.0,0.0,0.625
49,ResNet,0.5455,0.7857,0.0,0.0,0.8571
50,ResNet,0.5455,0.1071,0.0,0.0,0.8571
51,ResNet,0.6364,0.4167,0.0,0.0,0.875
52,ResNet,0.4545,0.2222,0.0,0.0,0.5556
53,ResNet,0.7273,0.5,0.0,0.0,0.7273
54,ResNet,0.6364,0.3,0.0,0.0,0.7
55,ResNet,0.4545,0.5,0.0,0.0,0.8333
56,ResNet,0.3636,0.2,0.0,0.0,0.8
57,ResNet,0.5455,0.6667,0.0,0.0,1.0
58,ResNet,0.7273,0.5,0.0,0.0,0.8
59,ResNet,0.6364,0.3333,0.0,0.0,0.7778
60,ResNet,0.5455,0.3214,0.0,0.0,0.8571
61,ResNet,0.5455,0.2,0.0,0.0,0.6
62,ResNet,0.4545,0.2917,0.0,0.0,0.625
63,ResNet,0.6364,0.375,0.0,0.0,0.875
64,ResNet,0.3636,0.4167,0.0,0.0,0.5
65,ResNet,0.6364,0.2857,0.0,0.0,1.0
66,ResNet,0.5455,0.3214,0.0,0.0,0.8571
67,ResNet,0.5455,0.4583,0.0,0.0,0.75
68,ResNet,0.4545,0.1071,0.0,0.0,0.7143
69,ResNet,0.5455,0.7,0.0,0.0,1.0
70,ResNet,0.4545,0.4583,0.0,0.0,0.625
71,ResNet,0.9091,0.5,0.0,0.0,0.9091
72,ResNet,0.5455,0.1,0.0,0.0,0.6
73,ResNet,0.5455,0.375,0.0,0.0,0.75
74,ResNet,0.6364,0.2857,0.0,0.0,1.0
75,ResNet,0.3636,0.1429,0.0,0.0,0.5714
76,ResNet,0.4545,0.5714,0.0,0.0,0.7143
77,ResNet,0.7273,0.5,0.0,0.0,0.8
78,ResNet,0.5455,0.7143,0.0,0.0,0.8571
79,ResNet,0.4545,0.2143,0.0,0.0,0.7143
80,ResNet,0.3636,0.5333,0.0,0.0,0.6667
81,ResNet,0.6364,0.2778,0.0,0.0,0.7778
82,ResNet,0.4545,0.3929,0.0,0.0,0.7143
83,ResNet,0.5455,0.3214,0.0,0.0,0.8571
84,ResNet,0.7273,0.2,0.0,0.0,0.8
85,ResNet,0.7273,0.7,0.0,0.0,0.8
86,ResNet,0.5455,0.5,0.0,0.0,1.0
87,ResNet,0.4545,0.4167,0.0,0.0,0.625
88,ResNet,0.4545,0.5417,0.0,0.0,0.625
89,ResNet,0.6364,0.4583,0.0,0.0,0.875
90,ResNet,0.5455,0.5,0.0,0.0,0.75
91,ResNet,0.3636,0.3333,0.0,0.0,0.5
92,ResNet,0.4545,0.5,0.0,0.0,0.625
93,ResNet,0.5455,0.6429,0.0,0.0,0.8571
94,ResNet,0.2727,0.25,0.0,0.0,0.4286
95,ResNet,0.5455,0.2083,0.0,0.0,0.75
96,ResNet,0.3636,0.2333,0.0,0.0,0.6667
97,ResNet,0.3636,0.3333,0.0,0.0,0.6667
98,ResNet,0.5455,0.2222,0.0,0.0,0.6667
99,ResNet,0.9091,0.5,0.0,0.0,0.9091
100,ResNet,0.5455,0.5,0.0,0.0,0.6667
101,ResNet,0.6364,0.6667,0.0,0.0,0.875
102,ResNet,0.5455,0.3,0.0,0.0,1.0
103,ResNet,0.6364,0.0,0.0,0.0,1.0
104,ResNet,0.3636,0.375,0.0,0.0,0.5
105,ResNet,0.6364,0.4167,0.0,0.0,0.875
106,ResNet,0.2727,0.1667,0.0,0.0,0.375
107,ResNet,0.4545,0.3333,0.0,0.0,0.5556
108,ResNet,0.3636,0.4643,0.0,0.0,0.5714
109,ResNet,0.5455,0.1667,0.0,0.0,0.6667
110,ResNet,0.2727,0.3667,0.0,0.0,0.5
111,ResNet,0.4545,0.5556,0.0,0.0,0.5556
112,ResNet,0.4545,0.5,0.0,0.0,0.7143
113,ResNet,0.6364,0.2917,0.0,0.0,0.875
114,ResNet,0.5455,0.1429,0.0,0.0,0.8571
115,ResNet,0.5455,0.1786,0.0,0.0,0.8571
116,ResNet,0.3636,0.4286,0.0,0.0,0.5714
117,ResNet,0.3636,0.25,0.0,0.0,0.5
118,ResNet,0.5455,0.3571,0.0,0.0,0.8571
119,ResNet,0.3636,0.3571,0.0,0.0,0.5714
120,ResNet,0.6364,0.0,0.0,0.0,0.7
121,ResNet,0.6364,0.2778,0.0,0.0,0.7778
122,ResNet,0.6364,0.6,0.0,0.0,0.7
123,ResNet,0.3636,0.0357,0.0,0.0,0.5714
124,ResNet,0.3636,0.2917,0.0,0.0,0.5
125,ResNet,0.6364,0.4167,0.0,0.0,0.875
126,ResNet,0.5455,0.4444,0.0,0.0,0.6667
127,ResNet,0.6364,0.3929,0.0,0.0,1.0
128,ResNet,0.5455,0.5,0.0,0.0,0.8571
129,ResNet,0.6364,0.3929,0.0,0.0,1.0
130,ResNet,0.5455,0.2857,0.0,0.0,0.8571
131,ResNet,0.9091,0.9,0.0,0.0,1.0
132,ResNet,0.4545,0.4,0.0,0.0,0.8333
133,ResNet,0.3636,0.2083,0.0,0.0,0.5
134,ResNet,0.4545,0.3333,0.0,0.0,0.625
135,ResNet,0.6364,0.3333,0.0,0.0,0.875
136,ResNet,0.6364,0.5833,0.0,0.0,0.875
137,ResNet,0.7273,0.6667,0.0,0.0,0.8889
138,ResNet,0.8182,0.9,0.0,0.0,0.9
139,ResNet,0.6364,0.1429,0.0,0.0,1.0
140,ResNet,0.6364,0.5,0.0,0.0,0.7
141,ResNet,0.8182,0.8,0.0,0.0,0.9
142,ResNet,0.5455,0.75,0.0,0.0,0.75
143,ResNet,0.5455,0.1667,0.0,0.0,0.75
144,ResNet,0.6364,0.4643,0.0,0.0,1.0
145,ResNet,0.5455,0.7083,0.0,0.0,0.75
146,ResNet,0.7273,0.5417,0.0,0.0,1.0
147,ResNet,0.6364,0.8214,0.0,0.0,1.0
148,ResNet,0.3636,0.1,0.0,0.0,0.4
149,ResNet,0.5455,0.2222,0.0,0.0,0.6667
150,ResNet,0.7273,0.2,0.0,0.0,0.8
151,ResNet,0.5455,0.5,0.0,0.0,0.75
152,ResNet,0.2727,0.3667,0.0,0.0,0.5
153,ResNet,0.1818,0.1667,0.0,0.0,0.3333
154,ResNet,0.4545,0.3333,0.0,0.0,0.625
155,ResNet,0.4545,0.375,0.0,0.0,0.625
156,ResNet,0.8182,0.4444,0.0,0.0,1.0
157,ResNet,0.6364,0.5556,0.0,0.0,0.7778
158,ResNet,0.4545,0.4286,0.0,0.0,0.7143
159,ResNet,0.4545,0.125,0.0,0.0,0.625
160,ResNet,0.8182,0.5,0.0,0.0,0.9
161,ResNet,0.6364,0.6667,0.0,0.0,0.875
162,ResNet,0.5455,0.2222,0.0,0.0,0.6667
163,ResNet,0.4545,0.4,0.0,0.0,0.5
164,ResNet,0.5455,0.3333,0.0,0.0,0.6667
165,ResNet,0.6364,0.4,0.0,0.0,0.7
166,ResNet,0.2727,0.3929,0.0,0.0,0.75
167,ResNet,0.6364,0.2778,0.0,0.0,0.7778
168,ResNet,0.6364,0.5714,0.0,0.0,1.0
169,ResNet,0.7273,0.5,0.0,0.0,0.8
170,ResNet,0.5455,0.2667,0.0,0.0,1.0
171,ResNet,0.2727,0.2143,0.0,0.0,0.4286
172,ResNet,0.7273,0.0,0.0,0.0,0.8
173,ResNet,0.3636,0.1786,0.0,0.0,0.5714
174,ResNet,0.3636,0.4167,0.0,0.0,0.5
175,ResNet,0.6364,0.6,0.0,0.0,0.7
176,ResNet,0.5455,0.1667,0.0,0.0,0.6667
177,ResNet,0.4545,0.4,0.0,0.0,0.8333
178,ResNet,0.7273,0.3333,0.0,0.0,1.0
179,ResNet,0.6364,0.7143,0.0,0.0,1.0
180,ResNet,0.5455,0.1667,0.0,0.0,0.6667
181,ResNet,0.5455,0.6429,0.0,0.0,0.8571
182,ResNet,0.3636,0.5,0.0,0.0,1.0
183,ResNet,0.6364,0.4,0.0,0.0,0.7
184,ResNet,0.8182,0.5556,0.0,0.0,1.0
185,ResNet,0.6364,0.4167,0.0,0.0,0.875
186,ResNet,0.6364,0.1667,0.0,0.0,0.875
187,ResNet,0.2727,0.3333,0.0,0.0,0.5
188,ResNet,0.8182,0.7,0.0,0.0,0.9
189,ResNet,0.5455,0.4444,0.0,0.0,0.6667
190,ResNet,0.5455,0.2143,0.0,0.0,0.8571
191,ResNet,0.4545,0.1667,0.0,0.0,0.625
192,ResNet,0.6364,0.6667,0.0,0.0,0.7778
193,ResNet,0.7273,0.8889,0.0,0.0,0.8889
194,ResNet,0.5455,0.2917,0.0,0.0,0.75
195,ResNet,0.4545,0.4286,0.0,0.0,0.7143
196,ResNet,0.4545,0.1111,0.0,0.0,0.5556
197,ResNet,0.8182,0.8,0.0,0.0,0.9
198,ResNet,0.3636,0.2917,0.0,0.0,0.5
199,ResNet,0.6364,0.5833,0.0,0.0,0.875
200,ResNet,0.7273,0.4444,0.0,0.0,0.8889
201,ResNet,0.4545,0.375,0.0,0.0,0.625
202,ResNet,0.5455,0.0,0.0,0.0,0.6
203,ResNet,0.5455,0.5556,0.0,0.0,0.6667
204,ResNet,0.4545,0.1,0.0,0.0,0.8333
205,ResNet,0.4545,0.4583,0.0,0.0,0.625
206,ResNet,0.8182,0.6667,0.0,0.0,1.0
207,ResNet,0.4545,0.3214,0.0,0.0,0.7143
208,ResNet,0.4545,0.4286,0.0,0.0,0.7143
209,ResNet,0.5455,0.4286,0.0,0.0,0.8571
210,ResNet,0.4545,0.2333,0.0,0.0,0.8333
211,ResNet,0.4545,0.2667,0.0,0.0,0.8333
212,ResNet,0.7273,0.5,0.0,0.0,1.0
213,ResNet,0.2727,0.5357,0.0,0.0,0.75
214,ResNet,0.5455,0.5357,0.0,0.0,0.8571
215,ResNet,0.4545,0.2917,0.0,0.0,0.625
216,ResNet,0.4545,0.4286,0.0,0.0,0.7143
217,ResNet,0.6364,0.625,0.0,0.0,0.875
218,ResNet,0.7273,0.5556,0.0,0.0,0.8889
219,ResNet,0.3636,0.4,0.0,0.0,0.8
220,ResNet,0.4545,0.3667,0.0,0.0,0.8333
221,ResNet,0.1818,0.1333,0.0,0.0,0.4
222,ResNet,0.6364,0.5,0.0,0.0,0.7778
223,ResNet,0.2727,0.3214,0.0,0.0,0.75
224,ResNet,0.6364,0.375,0.0,0.0,0.875
225,ResNet,0.4545,0.1111,0.0,0.0,0.5556
226,ResNet,0.5455,0.0,0.0,0.0,0.75
227,ResNet,0.6364,0.125,0.0,0.0,0.875
228,ResNet,0.5455,0.2222,0.0,0.0,0.6667
229,ResNet,0.6364,0.2,0.0,0.0,0.7
230,ResNet,0.4545,0.7143,0.0,0.0,0.7143
231,ResNet,0.4545,0.4643,0.0,0.0,0.7143
232,ResNet,0.6364,0.5556,0.0,0.0,0.7778
233,ResNet,0.6364,0.2917,0.0,0.0,0.875
234,ResNet,0.6364,0.125,0.0,0.0,0.875
235,ResNet,0.7273,0.2,0.0,0.0,0.8
236,ResNet,0.5455,0.5357,0.0,0.0,0.8571
237,ResNet,0.9091,0.4,0.0,0.0,1.0
238,ResNet,0.4545,0.2222,0.0,0.0,0.5556
239,ResNet,0.4545,0.6667,0.0,0.0,0.8333
240,ResNet,0.5455,0.0,0.0,0.0,0.6
241,ResNet,0.4545,0.1333,0.0,0.0,0.8333
242,ResNet,0.6364,0.2,0.0,0.0,0.7
243,ResNet,0.5455,0.5,0.0,0.0,0.6667
244,ResNet,0.4545,0.1429,0.0,0.0,0.7143
245,ResNet,0.1818,0.1333,0.0,0.0,0.3333
246,ResNet,0.5455,0.5833,0.0,0.0,0.75
247,ResNet,0.6364,0.3889,0.0,0.0,0.7778
248,ResNet,0.6364,0.2917,0.0,0.0,0.875
249,ResNet,0.5455,0.6,0.0,0.0,0.6
250,ResNet,0.6364,0.2778,0.0,0.0,0.7778
251,ResNet,0.3636,0.3333,0.0,0.0,0.5
252,ResNet,0.5455,0.3333,0.0,0.0,0.75
253,ResNet,0.4545,0.3929,0.0,0.0,0.7143
254,ResNet,0.8182,0.0,0.0,0.0,0.9
255,ResNet,0.5455,0.2917,0.0,0.0,0.75
256,ResNet,0.6364,0.375,0.0,0.0,0.875
257,ResNet,0.5455,0.4286,0.0,0.0,0.8571
258,ResNet,0.5455,0.4444,0.0,0.0,0.6667
259,ResNet,0.6364,0.0833,0.0,0.0,0.875
260,ResNet,0.5455,0.625,0.0,0.0,0.75
261,ResNet,0.7273,0.3889,0.0,0.0,0.8889
262,ResNet,0.1818,0.2,0.0,0.0,0.2
263,ResNet,0.5455,0.4583,0.0,0.0,0.75
264,ResNet,0.5455,0.25,0.0,0.0,0.75
265,ResNet,0.2727,0.25,0.0,0.0,0.375
266,ResNet,0.5455,0.7143,0.0,0.0,0.8571
267,ResNet,0.3636,0.3333,0.0,0.0,0.4444
268,ResNet,0.6364,0.1111,0.0,0.0,0.7778
269,ResNet,0.7273,0.7222,0.0,0.0,0.8889
270,ResNet,0.7273,0.4444,0.0,0.0,0.8889
271,ResNet,0.5455,0.3889,0.0,0.0,0.6667
272,ResNet,0.5455,0.5357,0.0,0.0,0.8571
273,ResNet,0.5455,0.5667,0.0,0.0,1.0
274,ResNet,0.7273,0.4,0.0,0.0,0.8
275,ResNet,0.7273,0.6667,0.0,0.0,0.8889
276,ResNet,0.8182,0.2778,0.0,0.0,1.0
277,ResNet,0.3636,0.3333,0.0,0.0,0.4444
278,ResNet,0.5455,0.1667,0.0,0.0,0.75
279,ResNet,0.6364,0.0556,0.0,0.0,0.7778
280,ResNet,0.5455,0.6667,0.0,0.0,0.6667
281,ResNet,0.8182,0.7778,0.0,0.0,1.0
282,ResNet,0.2727,0.5357,0.0,0.0,0.75
283,ResNet,0.6364,0.2778,0.0,0.0,0.7778
284,ResNet,0.3636,0.4667,0.0,0.0,0.8
285,ResNet,0.4545,0.25,0.0,0.0,0.625
286,ResNet,0.6364,0.5,0.0,0.0,0.875
287,ResNet,0.5455,0.4286,0.0,0.0,0.8571
288,ResNet,0.7273,0.3333,0.0,0.0,1.0
289,ResNet,0.5455,0.6,0.0,0.0,1.0
290,ResNet,0.7273,0.5833,0.0,0.0,1.0
291,ResNet,0.5455,0.0556,0.0,0.0,0.6667
292,ResNet,0.4545,0.1667,0.0,0.0,0.5556
293,ResNet,0.4545,0.3929,0.0,0.0,0.7143
294,ResNet,0.5455,0.2,0.0,0.0,1.0
295,ResNet,0.4545,0.2143,0.0,0.0,0.7143
296,ResNet,0.7273,0.6667,0.0,0.0,1.0
297,ResNet,0.4545,0.5833,0.0,0.0,0.625
298,ResNet,0.3636,0.6429,0.0,0.0,1.0
299,ResNet,0.3636,0.3333,0.0,0.0,0.8
300,ResNet,0.3636,0.3333,0.0,0.0,0.4444
301,ResNet,0.6364,0.4167,0.0,0.0,0.875
302,ResNet,0.2727,0.2,0.0,0.0,0.5
303,ResNet,0.6364,0.4444,0.0,0.0,0.7778
304,ResNet,0.7273,0.6667,0.0,0.0,0.8889
305,ResNet,0.4545,0.1667,0.0,0.0,0.625
306,ResNet,0.7273,0.2222,0.0,0.0,0.8889
307,ResNet,0.2727,0.1786,0.0,0.0,0.4286
308,ResNet,0.5455,0.3571,0.0,0.0,0.8571
309,ResNet,0.6364,0.4,0.0,0.0,0.7
310,ResNet,0.5455,0.4583,0.0,0.0,0.75
311,ResNet,0.3636,0.3333,0.0,0.0,0.8
312,ResNet,0.3636,0.1667,0.0,0.0,0.5
313,ResNet,0.5455,0.4286,0.0,0.0,0.8571
314,ResNet,0.4545,0.2917,0.0,0.0,0.625
315,ResNet,0.3636,0.3,0.0,0.0,0.6667
316,ResNet,0.7273,0.7778,0.0,0.0,0.8889
317,ResNet,0.8182,0.8,0.0,0.0,0.9
318,ResNet,0.8182,0.5,0.0,0.0,0.9
319,ResNet,0.5455,0.4286,0.0,0.0,0.8571
320,ResNet,0.3636,0.0714,0.0,0.0,0.5714
321,ResNet,0.4545,0.7,0.0,0.0,0.8333
322,ResNet,0.4545,0.125,0.0,0.0,0.625
323,ResNet,0.6364,0.5,0.0,0.0,0.7778
324,ResNet,0.8182,1.0,0.0,0.0,1.0
325,ResNet,0.8182,0.5,0.0,0.0,0.8182
326,ResNet,0.6364,0.3333,0.0,0.0,0.7778
327,ResNet,0.5455,0.3333,0.0,0.0,0.6667
328,ResNet,0.5455,0.2917,0.0,0.0,0.75
329,ResNet,0.6364,0.25,0.0,0.0,0.875
330,ResNet,0.4545,0.5357,0.0,0.0,0.7143
331,ResNet,0.7273,0.4,0.0,0.0,0.8
332,ResNet,0.7273,0.4,0.0,0.0,0.8
333,ResNet,0.8182,0.2222,0.0,0.0,1.0
334,ResNet,0.3636,0.25,0.0,0.0,0.5
335,ResNet,0.4545,0.4167,0.0,0.0,0.625
336,ResNet,0.3636,0.4286,0.0,0.0,0.5714
337,ResNet,0.2727,0.1333,0.0,0.0,0.5
338,ResNet,0.9091,0.5,0.0,0.0,0.9091
339,ResNet,0.6364,0.2778,0.0,0.0,0.7778
340,ResNet,0.4545,0.1333,0.0,0.0,0.8333
341,ResNet,0.2727,0.2,0.0,0.0,0.5
342,ResNet,0.5455,0.1667,0.0,0.0,0.6667
343,ResNet,0.0909,0.0667,0.0,0.0,0.2
344,ResNet,0.5455,0.2917,0.0,0.0,0.75
345,ResNet,0.5455,0.3333,0.0,0.0,0.75
346,ResNet,0.6364,0.5,0.0,0.0,0.7
347,ResNet,0.2727,0.1333,0.0,0.0,0.5
348,ResNet,0.3636,0.2917,0.0,0.0,0.5
349,ResNet,0.3636,0.2857,0.0,0.0,0.5714
350,ResNet,0.3636,0.2143,0.0,0.0,0.5714
351,ResNet,0.6364,0.4444,0.0,0.0,0.7778
352,ResNet,0.7273,0.3,0.0,0.0,0.8
353,ResNet,0.5455,0.6667,0.0,0.0,0.75
354,ResNet,0.4545,0.5,0.0,0.0,0.7143
355,ResNet,0.3636,0.4,0.0,0.0,0.6667
356,ResNet,0.2727,0.2143,0.0,0.0,0.4286
357,ResNet,0.6364,0.7083,0.0,0.0,0.875
358,ResNet,0.5455,0.4643,0.0,0.0,0.8571
359,ResNet,0.6364,0.1,0.0,0.0,0.7
360,ResNet,0.5455,0.2917,0.0,0.0,0.75
361,ResNet,0.1818,0.2143,0.0,0.0,0.2857
362,ResNet,0.5455,0.6667,0.0,0.0,0.6667
363,ResNet,0.8182,0.2,0.0,0.0,0.9
364,ResNet,0.5455,0.4444,0.0,0.0,0.6667
365,ResNet,0.4545,0.5,0.0,0.0,0.625
366,ResNet,0.7273,0.0556,0.0,0.0,0.8889
367,ResNet,0.4545,0.3333,0.0,0.0,0.5556
368,ResNet,0.7273,0.3333,0.0,0.0,0.8889
369,ResNet,0.3636,0.4,0.0,0.0,0.6667
370,ResNet,0.6364,0.5556,0.0,0.0,0.7778
371,ResNet,0.6364,0.6667,0.0,0.0,0.875
372,ResNet,0.7273,0.2,0.0,0.0,0.8
373,ResNet,0.4545,0.2667,0.0,0.0,0.8333
374,ResNet,0.7273,0.2917,0.0,0.0,1.0
375,ResNet,0.4545,0.6333,0.0,0.0,0.8333
376,ResNet,0.5455,0.5,0.0,0.0,0.6
377,ResNet,0.5455,0.1429,0.0,0.0,0.8571
378,ResNet,0.6364,0.625,0.0,0.0,0.875
379,ResNet,0.3636,0.2857,0.0,0.0,0.5714
380,ResNet,0.5455,0.2857,0.0,0.0,0.8571
381,ResNet,0.8182,0.2222,0.0,0.0,1.0
382,ResNet,0.6364,0.1111,0.0,0.0,0.7778
383,ResNet,0.3636,0.4,0.0,0.0,0.6667
384,ResNet,0.6364,0.3333,0.0,0.0,0.7778
385,ResNet,0.5455,0.5667,0.0,0.0,1.0
386,ResNet,0.4545,0.375,0.0,0.0,0.625
387,ResNet,0.7273,0.2083,0.0,0.0,1.0
388,ResNet,0.7273,0.3333,0.0,0.0,0.8889
389,ResNet,0.5455,0.2778,0.0,0.0,0.6667
390,ResNet,0.5455,0.3333,0.0,0.0,0.6667
391,ResNet,0.3636,0.25,0.0,0.0,0.5
392,ResNet,0.3636,0.0833,0.0,0.0,0.5
393,ResNet,0.6364,0.5,0.0,0.0,0.875
394,ResNet,0.5455,0.2917,0.0,0.0,0.75
395,ResNet,0.4545,0.25,0.0,0.0,0.7143
396,ResNet,0.6364,0.4167,0.0,0.0,0.875
397,ResNet,0.5455,0.7083,0.0,0.0,0.75
398,ResNet,0.7273,0.5556,0.0,0.0,0.8889
399,ResNet,0.3636,0.3,0.0,0.0,0.6667
400,ResNet,0.5455,0.2222,0.0,0.0,0.6667
401,ResNet,0.3636,0.3667,0.0,0.0,0.8
402,ResNet,0.6364,0.7857,0.0,0.0,1.0
403,ResNet,0.6364,0.5417,0.0,0.0,0.875
404,ResNet,0.4545,0.3,0.0,0.0,0.5
405,ResNet,0.3636,0.2,0.0,0.0,0.6667
406,ResNet,0.7273,0.2778,0.0,0.0,0.8889
407,ResNet,0.2727,0.1333,0.0,0.0,0.6
408,ResNet,0.7273,0.1667,0.0,0.0,0.8889
409,ResNet,0.5455,0.6429,0.0,0.0,0.8571
410,ResNet,0.4545,0.4583,0.0,0.0,0.625
411,ResNet,0.5455,0.2917,0.0,0.0,0.75
412,ResNet,0.3636,0.3667,0.0,0.0,0.8
413,ResNet,0.5455,0.4167,0.0,0.0,0.75
414,ResNet,0.3636,0.1333,0.0,0.0,0.6667
415,ResNet,0.6364,0.5,0.0,0.0,0.6364
416,ResNet,0.5455,0.1667,0.0,0.0,0.75
417,ResNet,0.4545,0.4444,0.0,0.0,0.5556
418,ResNet,0.7273,0.5,0.0,0.0,0.7273
419,ResNet,0.2727,0.5333,0.0,0.0,0.6
420,ResNet,0.4545,0.0,0.0,0.0,0.5556
421,ResNet,0.4545,0.2917,0.0,0.0,0.625
422,ResNet,0.3636,0.3214,0.0,0.0,0.5714
423,ResNet,0.3636,0.0417,0.0,0.0,0.5
424,ResNet,0.0909,0.0714,0.0,0.0,0.1429
425,ResNet,0.3636,0.4,0.0,0.0,0.6667
426,ResNet,0.7273,0.9167,0.0,0.0,1.0
427,ResNet,0.7273,0.375,0.0,0.0,1.0
428,ResNet,0.4545,0.25,0.0,0.0,0.625
429,ResNet,0.7273,0.7,0.0,0.0,0.8
430,ResNet,0.4545,0.3571,0.0,0.0,0.7143
431,ResNet,0.3636,0.4167,0.0,0.0,0.5
432,ResNet,0.6364,0.5,0.0,0.0,0.6364
433,ResNet,0.7273,0.2222,0.0,0.0,0.8889
434,ResNet,0.4545,0.3333,0.0,0.0,0.5556
435,ResNet,0.5455,0.4643,0.0,0.0,0.8571
436,ResNet,0.5455,0.5556,0.0,0.0,0.6667
437,ResNet,0.4545,0.3571,0.0,0.0,0.7143
438,ResNet,0.3636,0.4667,0.0,0.0,0.6667
439,ResNet,0.7273,0.1667,0.0,0.0,0.8889
440,ResNet,0.4545,0.3571,0.0,0.0,0.7143
441,ResNet,0.3636,0.5714,0.0,0.0,1.0
442,ResNet,0.5455,0.4583,0.0,0.0,0.75
443,ResNet,0.2727,0.5,0.0,0.0,0.6
444,ResNet,0.3636,0.2857,0.0,0.0,0.5714
445,ResNet,0.3636,0.5,0.0,0.0,0.6667
446,ResNet,0.3636,0.0556,0.0,0.0,0.4444
447,ResNet,0.4545,0.3333,0.0,0.0,0.5556
448,ResNet,0.4545,0.6071,0.0,0.0,0.7143
449,ResNet,0.6364,0.3,0.0,0.0,0.7
450,ResNet,0.5455,0.4286,0.0,0.0,0.8571
451,ResNet,0.5455,0.5,0.0,0.0,0.6667
452,ResNet,0.7273,0.3,0.0,0.0,0.8
453,ResNet,0.5455,0.0,0.0,0.0,0.6
454,ResNet,0.3636,0.25,0.0,0.0,0.5714
455,ResNet,0.9091,0.7,0.0,0.0,1.0
456,ResNet,0.4545,0.125,0.0,0.0,0.625
457,ResNet,0.4545,0.4444,0.0,0.0,0.5556
458,ResNet,0.4545,0.3571,0.0,0.0,0.7143
459,ResNet,0.6364,0.4583,0.0,0.0,0.875
460,ResNet,0.5455,0.5714,0.0,0.0,0.8571
461,ResNet,0.5455,0.5,0.0,0.0,0.6667
462,ResNet,0.3636,0.3333,0.0,0.0,0.6667
463,ResNet,0.4545,0.2083,0.0,0.0,0.625
464,ResNet,0.5455,0.4286,0.0,0.0,0.8571
465,ResNet,0.4545,0.5,0.0,0.0,0.7143
466,ResNet,0.5455,0.125,0.0,0.0,0.75
467,ResNet,0.7273,0.6,0.0,0.0,0.8
468,ResNet,0.3636,0.3333,0.0,0.0,0.4444
469,ResNet,0.3636,0.3333,0.0,0.0,0.5
470,ResNet,0.6364,0.5833,0.0,0.0,0.875
471,ResNet,0.2727,0.2222,0.0,0.0,0.3333
472,ResNet,0.4545,0.0,0.0,0.0,0.5556
473,ResNet,0.3636,0.2083,0.0,0.0,0.5
474,ResNet,0.9091,0.3,0.0,0.0,1.0
475,ResNet,0.9091,0.1,0.0,0.0,1.0
476,ResNet,0.2727,0.2917,0.0,0.0,0.375
477,ResNet,0.3636,0.6,0.0,0.0,0.8
478,ResNet,0.4545,0.1667,0.0,0.0,0.625
479,ResNet,0.3636,0.3571,0.0,0.0,0.5714
480,ResNet,0.7273,0.6111,0.0,0.0,0.8889
481,ResNet,0.6364,0.7083,0.0,0.0,0.875
482,ResNet,0.3636,0.2667,0.0,0.0,0.6667
483,ResNet,0.7273,0.0,0.0,0.0,0.8
484,ResNet,0.6364,0.5556,0.0,0.0,0.7778
485,ResNet,0.5455,0.1667,0.0,0.0,0.6667
486,ResNet,0.5455,0.2917,0.0,0.0,0.75
487,ResNet,0.3636,0.3333,0.0,0.0,0.4444
488,ResNet,0.4545,0.4583,0.0,0.0,0.625
489,ResNet,0.6364,0.4,0.0,0.0,0.7
490,ResNet,0.3636,0.3571,0.0,0.0,0.5714
491,ResNet,0.5455,0.5,0.0,0.0,0.75
492,ResNet,0.4545,0.3333,0.0,0.0,0.625
493,ResNet,0.4545,0.125,0.0,0.0,0.625
494,ResNet,0.6364,0.75,0.0,0.0,1.0
495,ResNet,0.4545,0.6,0.0,0.0,0.8333
496,ResNet,0.5455,0.1429,0.0,0.0,0.8571
497,ResNet,0.2727,0.2333,0.0,0.0,0.5
498,ResNet,0.3636,0.5357,0.0,0.0,0.5714
499,ResNet,0.5455,0.0,0.0,0.0,0.6667
500,ResNet,0.5455,0.5556,0.0,0.0,0.6667
501,ResNet,0.6364,0.1111,0.0,0.0,0.7778
502,ResNet,0.6364,0.5556,0.0,0.0,0.7778
503,ResNet,0.3636,0.2083,0.0,0.0,0.5
504,ResNet,0.5455,0.25,0.0,0.0,0.8571
505,ResNet,0.3636,0.2143,0.0,0.0,0.5714
506,ResNet,0.6364,0.5,0.0,0.0,0.6364
507,ResNet,0.5455,0.5417,0.0,0.0,0.75
508,ResNet,0.8182,0.5,0.0,0.0,0.9
509,ResNet,0.8182,0.2,0.0,0.0,0.9
510,ResNet,0.3636,0.3333,0.0,0.0,0.4444
511,ResNet,0.7273,0.7,0.0,0.0,0.8
512,ResNet,0.4545,0.8667,0.0,0.0,1.0
513,ResNet,0.7273,0.5,0.0,0.0,0.7273
514,ResNet,0.7273,0.6667,0.0,0.0,0.8889
515,ResNet,0.8182,0.0,0.0,0.0,0.9
516,ResNet,0.5455,0.1,0.0,0.0,0.6
517,ResNet,0.7273,0.3889,0.0,0.0,0.8889
518,ResNet,0.6364,0.7,0.0,0.0,0.7
519,ResNet,0.3636,0.2143,0.0,0.0,0.5714
520,ResNet,0.6364,0.3889,0.0,0.0,0.7778
521,ResNet,0.4545,0.3333,0.0,0.0,0.625
522,ResNet,0.4545,0.7333,0.0,0.0,1.0
523,ResNet,0.5455,0.1667,0.0,0.0,0.75
524,ResNet,0.5455,0.2083,0.0,0.0,0.75
525,ResNet,0.5455,0.2222,0.0,0.0,0.6667
526,ResNet,0.5455,0.375,0.0,0.0,0.75
527,ResNet,0.6364,0.0,0.0,0.0,0.7778
528,ResNet,0.4545,0.125,0.0,0.0,0.625
529,ResNet,0.3636,0.1667,0.0,0.0,0.5
530,ResNet,0.5455,0.375,0.0,0.0,0.75
531,ResNet,0.7273,0.6111,0.0,0.0,0.8889
532,ResNet,0.6364,0.5,0.0,0.0,0.7778
533,ResNet,0.5455,0.5,0.0,0.0,0.8571
534,ResNet,0.3636,0.1667,0.0,0.0,0.8
535,ResNet,0.6364,0.1,0.0,0.0,0.7
536,ResNet,0.6364,0.3,0.0,0.0,0.7
537,ResNet,0.4545,0.4667,0.0,0.0,0.8333
538,ResNet,0.6364,0.5,0.0,0.0,0.875
539,ResNet,0.7273,0.7,0.0,0.0,0.8
540,ResNet,0.6364,0.5556,0.0,0.0,0.7778
541,ResNet,0.6364,0.5,0.0,0.0,0.7778
542,ResNet,0.3636,0.2667,0.0,0.0,0.6667
543,ResNet,0.5455,0.3333,0.0,0.0,0.6667
544,ResNet,0.3636,0.3333,0.0,0.0,0.8
545,ResNet,0.4545,0.3333,0.0,0.0,0.5556
546,ResNet,0.5455,0.625,0.0,0.0,0.75
547,ResNet,0.8182,0.2,0.0,0.0,0.9
548,ResNet,0.9091,0.6,0.0,0.0,1.0
549,ResNet,0.6364,0.1,0.0,0.0,0.7
550,ResNet,0.4545,0.4444,0.0,0.0,0.5556
551,ResNet,0.8182,0.7,0.0,0.0,0.9
552,ResNet,0.6364,0.6111,0.0,0.0,0.7778
553,ResNet,0.4545,0.2143,0.0,0.0,0.7143
554,ResNet,0.5455,0.25,0.0,0.0,0.75
555,ResNet,0.7273,0.2222,0.0,0.0,0.8889
556,ResNet,0.6364,0.4444,0.0,0.0,0.7778
557,ResNet,0.5455,0.5,0.0,0.0,1.0
558,ResNet,0.4545,0.3,0.0,0.0,0.8333
559,ResNet,0.5455,0.2778,0.0,0.0,0.6667
560,ResNet,0.7273,0.75,0.0,0.0,1.0
561,ResNet,0.2727,0.2857,0.0,0.0,0.4286
562,ResNet,0.4545,0.2857,0.0,0.0,0.7143
563,ResNet,0.3636,0.1667,0.0,0.0,0.5
564,ResNet,0.5455,0.1667,0.0,0.0,0.6667
565,ResNet,0.7273,0.5,0.0,0.0,0.7273
566,ResNet,0.9091,0.2,0.0,0.0,1.0
567,ResNet,0.5455,0.1667,0.0,0.0,0.75
568,ResNet,0.7273,0.7083,0.0,0.0,1.0
569,ResNet,0.5455,0.1,0.0,0.0,0.6
570,ResNet,0.5455,0.5714,0.0,0.0,0.8571
571,ResNet,0.5455,0.4643,0.0,0.0,0.8571
572,ResNet,0.6364,0.5,0.0,0.0,0.6364
573,ResNet,0.3636,0.4643,0.0,0.0,0.5714
574,ResNet,0.1818,0.0,0.0,0.0,0.3333
575,ResNet,0.7273,0.6667,0.0,0.0,0.8889
576,ResNet,0.7273,0.1111,0.0,0.0,0.8889
577,ResNet,0.7273,0.1111,0.0,0.0,0.8889
578,ResNet,0.4545,0.125,0.0,0.0,0.625
579,ResNet,0.6364,0.1667,0.0,0.0,0.7778
580,ResNet,0.3636,0.25,0.0,0.0,0.5714
581,ResNet,0.3636,0.0,0.0,0.0,0.5
582,ResNet,0.5455,0.25,0.0,0.0,0.75
583,ResNet,0.8182,0.2222,0.0,0.0,1.0
584,ResNet,0.4545,0.3929,0.0,0.0,0.7143
585,ResNet,0.7273,0.5556,0.0,0.0,0.8889
586,ResNet,0.6364,0.4583,0.0,0.0,0.875
587,ResNet,0.6364,0.5,0.0,0.0,0.875
588,ResNet,0.3636,0.3333,0.0,0.0,0.5
589,ResNet,0.6364,0.4167,0.0,0.0,0.875
590,ResNet,0.7273,0.5,0.0,0.0,0.7273
591,ResNet,0.5455,0.25,0.0,0.0,0.75
592,ResNet,0.5455,0.5714,0.0,0.0,0.8571
593,ResNet,0.5455,0.0833,0.0,0.0,0.75
594,ResNet,0.5455,0.125,0.0,0.0,0.75
595,ResNet,0.4545,0.3333,0.0,0.0,0.8333
596,ResNet,0.4545,0.1429,0.0,0.0,0.7143
597,ResNet,0.4545,0.3,0.0,0.0,0.8333
598,ResNet,0.5455,0.0,0.0,0.0,0.6
599,ResNet,0.5455,0.5,0.0,0.0,0.8571
600,ResNet,0.3636,0.2857,0.0,0.0,0.5714
601,ResNet,0.4545,0.4333,0.0,0.0,0.8333
602,ResNet,0.2727,0.1667,0.0,0.0,0.5
603,ResNet,0.6364,0.1429,0.0,0.0,1.0
604,ResNet,0.8182,0.1,0.0,0.0,0.9
605,ResNet,0.6364,0.6667,0.0,0.0,0.7778
606,ResNet,0.5455,0.3214,0.0,0.0,0.8571
607,ResNet,0.4545,0.4167,0.0,0.0,0.625
608,ResNet,0.3636,0.2857,0.0,0.0,0.5714
609,ResNet,0.2727,0.3214,0.0,0.0,0.4286
610,ResNet,0.7273,0.3,0.0,0.0,0.8
611,ResNet,0.5455,0.125,0.0,0.0,0.75
612,ResNet,0.6364,0.6667,0.0,0.0,0.7778
613,ResNet,0.6364,0.5,0.0,0.0,0.7
614,ResNet,0.7273,0.2917,0.0,0.0,1.0
615,ResNet,0.4545,0.2857,0.0,0.0,0.7143
616,ResNet,0.6364,0.4,0.0,0.0,0.7
617,ResNet,0.6364,0.6,0.0,0.0,0.7
618,ResNet,0.7273,0.6,0.0,0.0,0.8
619,ResNet,0.4545,0.4,0.0,0.0,0.8333
620,ResNet,0.4545,0.4583,0.0,0.0,0.625
621,ResNet,0.6364,0.1667,0.0,0.0,0.7778
622,ResNet,0.6364,0.2778,0.0,0.0,0.7778
623,ResNet,0.6364,0.5,0.0,0.0,0.875
624,ResNet,0.4545,0.3571,0.0,0.0,0.7143
625,ResNet,0.5455,0.4286,0.0,0.0,0.8571
626,ResNet,0.5455,0.3889,0.0,0.0,0.6667
627,ResNet,0.5455,0.25,0.0,0.0,0.8571
628,ResNet,0.5455,0.3333,0.0,0.0,0.6667
629,ResNet,0.7273,0.7,0.0,0.0,0.8
630,ResNet,0.3636,0.25,0.0,0.0,0.5714
631,ResNet,0.5455,0.2778,0.0,0.0,0.6667
632,ResNet,0.6364,0.3889,0.0,0.0,0.7778
633,ResNet,0.6364,0.4444,0.0,0.0,0.7778
634,ResNet,0.4545,0.5714,0.0,0.0,0.7143
635,ResNet,0.2727,0.5333,0.0,0.0,0.6
636,ResNet,0.4545,0.1429,0.0,0.0,0.7143
637,ResNet,0.3636,0.1667,0.0,0.0,0.6667
638,ResNet,0.6364,0.4,0.0,0.0,0.7
639,ResNet,0.6364,0.5,0.0,0.0,0.875
640,ResNet,0.6364,0.2083,0.0,0.0,0.875
641,ResNet,0.7273,0.0,0.0,0.0,0.8
642,ResNet,0.7273,0.7222,0.0,0.0,0.8889
643,ResNet,0.9091,0.5,0.0,0.0,0.9091
644,ResNet,0.4545,0.4333,0.0,0.0,0.8333
645,ResNet,0.6364,0.5,0.0,0.0,0.6364
646,ResNet,0.6364,0.375,0.0,0.0,0.875
647,ResNet,0.5455,0.2917,0.0,0.0,0.75
648,ResNet,0.5455,0.25,0.0,0.0,0.75
649,ResNet,0.7273,0.7,0.0,0.0,0.8
650,ResNet,0.6364,0.3,0.0,0.0,0.7
651,ResNet,0.6364,0.3333,0.0,0.0,0.875
652,ResNet,0.6364,0.4444,0.0,0.0,0.7778
653,ResNet,0.4545,0.3571,0.0,0.0,0.7143
654,ResNet,0.6364,0.1071,0.0,0.0,1.0
655,ResNet,0.7273,0.5556,0.0,0.0,0.8889
656,ResNet,0.5455,0.5,0.0,0.0,0.8571
657,ResNet,0.5455,0.75,0.0,0.0,0.8571
658,ResNet,0.7273,0.375,0.0,0.0,1.0
659,ResNet,0.4545,0.5357,0.0,0.0,0.7143
660,ResNet,0.2727,0.2143,0.0,0.0,0.4286
661,ResNet,0.6364,0.4444,0.0,0.0,0.7778
662,ResNet,0.5455,0.3214,0.0,0.0,0.8571
663,ResNet,0.6364,0.5417,0.0,0.0,0.875
664,ResNet,0.6364,0.2,0.0,0.0,0.7
665,ResNet,0.7273,0.7,0.0,0.0,0.8
666,ResNet,0.3636,0.3667,0.0,0.0,0.8
667,ResNet,0.4545,0.375,0.0,0.0,0.625
668,ResNet,0.2727,0.1667,0.0,0.0,0.6
669,ResNet,0.6364,0.5,0.0,0.0,0.875
670,ResNet,0.6364,0.1111,0.0,0.0,0.7778
671,ResNet,0.4545,0.1429,0.0,0.0,0.7143
672,ResNet,0.3636,0.2143,0.0,0.0,0.5714
673,ResNet,0.2727,0.3214,0.0,0.0,0.4286
674,ResNet,0.5455,0.2083,0.0,0.0,0.75
675,ResNet,0.7273,0.7,0.0,0.0,0.8
676,ResNet,0.4545,0.7333,0.0,0.0,0.8333
677,ResNet,0.4545,0.5556,0.0,0.0,0.5556
678,ResNet,0.6364,0.625,0.0,0.0,0.875
679,ResNet,0.5455,0.2083,0.0,0.0,0.75
680,ResNet,0.6364,0.4583,0.0,0.0,0.875
681,ResNet,0.5455,0.4,0.0,0.0,0.6
682,ResNet,0.5455,0.5,0.0,0.0,0.75
683,ResNet,0.6364,0.5,0.0,0.0,0.7
684,ResNet,0.7273,0.3333,0.0,0.0,0.8889
685,ResNet,0.5455,0.3333,0.0,0.0,0.75
686,ResNet,0.7273,0.6,0.0,0.0,0.8
687,ResNet,0.1818,0.3333,0.0,0.0,0.4
688,ResNet,0.7273,0.5833,0.0,0.0,1.0
689,ResNet,0.8182,0.5,0.0,0.0,0.8182
690,ResNet,0.4545,0.6333,0.0,0.0,0.8333
691,ResNet,0.4545,0.3571,0.0,0.0,0.7143
692,ResNet,0.5455,0.4667,0.0,0.0,1.0
693,ResNet,0.5455,0.3333,0.0,0.0,0.75
694,ResNet,0.4545,0.1111,0.0,0.0,0.5556
695,ResNet,0.8182,0.2,0.0,0.0,0.9
696,ResNet,0.6364,0.625,0.0,0.0,0.875
697,ResNet,0.6364,0.25,0.0,0.0,0.875
698,ResNet,0.6364,0.2083,0.0,0.0,0.875
699,ResNet,0.5455,0.5714,0.0,0.0,0.8571
700,ResNet,0.3636,0.5333,0.0,0.0,0.8
701,ResNet,0.9091,0.8,0.0,0.0,1.0
702,ResNet,0.5455,0.5417,0.0,0.0,0.75
703,ResNet,0.4545,0.5,0.0,0.0,0.5
704,ResNet,0.5455,0.6,0.0,0.0,0.6
705,ResNet,0.6364,0.3333,0.0,0.0,0.7778
706,ResNet,0.5455,0.6071,0.0,0.0,0.8571
707,ResNet,0.5455,0.4643,0.0,0.0,0.8571
708,ResNet,0.3636,0.125,0.0,0.0,0.5
709,ResNet,0.5455,0.2,0.0,0.0,1.0
710,ResNet,0.6364,0.4444,0.0,0.0,0.7778
711,ResNet,0.5455,0.2,0.0,0.0,0.6
712,ResNet,0.2727,0.1111,0.0,0.0,0.3333
713,ResNet,0.6364,0.4167,0.0,0.0,0.875
714,ResNet,0.7273,0.3333,0.0,0.0,0.8889
715,ResNet,0.1818,0.0667,0.0,0.0,0.3333
716,ResNet,0.4545,0.1429,0.0,0.0,0.7143
717,ResNet,0.4545,0.1333,0.0,0.0,0.8333
718,ResNet,0.5455,0.2917,0.0,0.0,0.75
719,ResNet,0.5455,0.2857,0.0,0.0,0.8571
720,ResNet,0.3636,0.25,0.0,0.0,0.5714
721,ResNet,0.5455,0.6,0.0,0.0,0.6
722,ResNet,0.6364,0.3,0.0,0.0,0.7
723,ResNet,0.4545,0.5,0.0,0.0,0.7143
724,ResNet,0.5455,0.5,0.0,0.0,0.5455
725,ResNet,0.7273,0.3333,0.0,0.0,0.8889
726,ResNet,0.7273,0.4167,0.0,0.0,1.0
727,ResNet,0.6364,0.3,0.0,0.0,0.7
728,ResNet,0.7273,0.4583,0.0,0.0,1.0
729,ResNet,0.7273,0.5,0.0,0.0,0.7273
730,ResNet,0.6364,0.6,0.0,0.0,0.7
731,ResNet,0.7273,0.5417,0.0,0.0,1.0
732,ResNet,0.6364,0.1667,0.0,0.0,0.7778
733,ResNet,0.7273,0.375,0.0,0.0,1.0
734,ResNet,0.2727,0.0,0.0,0.0,0.5
735,ResNet,0.3636,0.3667,0.0,0.0,0.6667
736,ResNet,0.4545,0.2222,0.0,0.0,0.5556
737,ResNet,0.3636,0.3,0.0,0.0,0.6667
738,ResNet,0.5455,0.5417,0.0,0.0,0.75
739,ResNet,0.4545,0.4643,0.0,0.0,0.7143
740,ResNet,0.5455,0.5714,0.0,0.0,0.8571
741,ResNet,0.6364,0.4167,0.0,0.0,0.875
742,ResNet,0.5455,0.3889,0.0,0.0,0.6667
743,ResNet,0.6364,0.7778,0.0,0.0,0.7778
744,ResNet,0.8182,0.5,0.0,0.0,0.8182
745,ResNet,0.4545,0.3929,0.0,0.0,0.7143
746,ResNet,0.5455,0.2143,0.0,0.0,0.8571
747,ResNet,0.7273,0.2,0.0,0.0,0.8
748,ResNet,0.4545,0.3214,0.0,0.0,0.7143
749,ResNet,0.2727,0.2143,0.0,0.0,0.4286
750,ResNet,0.6364,0.625,0.0,0.0,0.875
751,ResNet,0.6364,0.5,0.0,0.0,0.6364
752,ResNet,0.2727,0.2333,0.0,0.0,0.6
753,ResNet,0.6364,0.6429,0.0,0.0,1.0
754,ResNet,0.4545,0.375,0.0,0.0,0.625
755,ResNet,0.5455,0.5714,0.0,0.0,0.8571
756,ResNet,0.6364,0.2,0.0,0.0,0.7
757,ResNet,0.5455,0.2857,0.0,0.0,0.8571
758,ResNet,0.5455,0.2222,0.0,0.0,0.6667
759,ResNet,0.7273,0.3333,0.0,0.0,0.8889
760,ResNet,0.7273,0.1667,0.0,0.0,0.8889
761,ResNet,0.7273,0.6667,0.0,0.0,1.0
762,ResNet,0.6364,0.5,0.0,0.0,0.875
763,ResNet,0.1818,0.1429,0.0,0.0,0.2857
764,ResNet,0.5455,0.3333,0.0,0.0,0.75
765,ResNet,0.7273,0.4,0.0,0.0,0.8
766,ResNet,0.4545,0.3333,0.0,0.0,0.5556
767,ResNet,0.5455,0.1111,0.0,0.0,0.6667
768,ResNet,0.4545,0.125,0.0,0.0,0.625
769,ResNet,0.6364,0.4583,0.0,0.0,0.875
770,ResNet,0.4545,0.4286,0.0,0.0,0.7143
771,ResNet,0.4545,0.4286,0.0,0.0,0.7143
772,ResNet,0.6364,0.6,0.0,0.0,0.7
773,ResNet,0.6364,0.2917,0.0,0.0,0.875
774,ResNet,0.2727,0.25,0.0,0.0,0.375
775,ResNet,0.6364,0.5,0.0,0.0,0.6364
776,ResNet,0.6364,0.875,0.0,0.0,0.875
777,ResNet,0.2727,0.5357,0.0,0.0,0.75
778,ResNet,0.7273,0.25,0.0,0.0,1.0
779,ResNet,0.4545,0.5,0.0,0.0,0.5
780,ResNet,0.7273,0.8,0.0,0.0,0.8
781,ResNet,0.3636,0.25,0.0,0.0,0.5
782,ResNet,0.5455,0.3571,0.0,0.0,0.8571
783,ResNet,0.7273,0.1667,0.0,0.0,0.8889
784,ResNet,0.3636,0.3333,0.0,0.0,0.4444
785,ResNet,0.5455,0.5833,0.0,0.0,0.75
786,ResNet,0.3636,0.2333,0.0,0.0,0.6667
787,ResNet,0.6364,0.6111,0.0,0.0,0.7778
788,ResNet,0.3636,0.2,0.0,0.0,0.6667
789,ResNet,0.6364,0.1111,0.0,0.0,0.7778
790,ResNet,0.5455,0.3,0.0,0.0,0.6
791,ResNet,0.6364,0.5833,0.0,0.0,0.875
792,ResNet,0.8182,0.5,0.0,0.0,0.8182
793,ResNet,0.5455,0.3,0.0,0.0,0.6
794,ResNet,0.4545,0.3333,0.0,0.0,0.5556
795,ResNet,0.1818,0.1333,0.0,0.0,0.4
796,ResNet,0.3636,0.3333,0.0,0.0,0.6667
797,ResNet,0.2727,0.1429,0.0,0.0,0.4286
798,ResNet,0.8182,0.5,0.0,0.0,0.8182
799,ResNet,0.4545,0.625,0.0,0.0,0.625
800,ResNet,0.6364,0.375,0.0,0.0,0.875
801,ResNet,0.6364,0.3333,0.0,0.0,0.7778
802,ResNet,0.3636,0.4333,0.0,0.0,0.8
803,ResNet,0.4545,0.1,0.0,0.0,0.5
804,ResNet,0.1818,0.1667,0.0,0.0,0.3333
805,ResNet,0.4545,0.2857,0.0,0.0,0.7143
806,ResNet,0.6364,0.2857,0.0,0.0,1.0
807,ResNet,0.4545,0.5556,0.0,0.0,0.5556
808,ResNet,0.5455,0.3889,0.0,0.0,0.6667
809,ResNet,0.7273,0.4,0.0,0.0,0.8
810,ResNet,0.3636,0.3333,0.0,0.0,0.6667
811,ResNet,0.5455,0.4167,0.0,0.0,0.75
812,ResNet,0.7273,0.3889,0.0,0.0,0.8889
813,ResNet,0.4545,0.2222,0.0,0.0,0.5556
814,ResNet,0.6364,0.3333,0.0,0.0,0.7778
815,ResNet,0.6364,0.25,0.0,0.0,0.875
816,ResNet,0.8182,0.4444,0.0,0.0,1.0
817,ResNet,0.6364,0.3571,0.0,0.0,1.0
818,ResNet,0.6364,0.6667,0.0,0.0,0.7778
819,ResNet,0.7273,0.1,0.0,0.0,0.8
820,ResNet,0.2727,0.3333,0.0,0.0,0.6
821,ResNet,0.6364,0.2778,0.0,0.0,0.7778
822,ResNet,0.3636,0.2857,0.0,0.0,0.5714
823,ResNet,0.4545,0.2857,0.0,0.0,0.7143
824,ResNet,0.4545,0.375,0.0,0.0,0.625
825,ResNet,0.8182,0.7778,0.0,0.0,1.0
826,ResNet,0.8182,0.7,0.0,0.0,0.9
827,ResNet,0.6364,0.5556,0.0,0.0,0.7778
828,ResNet,0.3636,0.4286,0.0,0.0,0.5714
829,ResNet,0.6364,0.125,0.0,0.0,0.875
830,ResNet,0.8182,0.5,0.0,0.0,0.9
831,ResNet,0.4545,0.4167,0.0,0.0,0.625
832,ResNet,0.4545,0.1111,0.0,0.0,0.5556
833,ResNet,0.4545,0.2143,0.0,0.0,0.7143
834,ResNet,0.4545,0.2083,0.0,0.0,0.625
835,ResNet,0.6364,0.3333,0.0,0.0,0.7778
836,ResNet,0.5455,0.6667,0.0,0.0,0.6667
837,ResNet,0.1818,0.0,0.0,0.0,0.4
838,ResNet,0.4545,0.5,0.0,0.0,0.7143
839,ResNet,0.5455,0.4583,0.0,0.0,0.75
840,ResNet,0.8182,0.2,0.0,0.0,0.9
841,ResNet,0.5455,0.375,0.0,0.0,0.75
842,ResNet,0.7273,0.3,0.0,0.0,0.8
843,ResNet,0.2727,0.4333,0.0,0.0,0.6
844,ResNet,0.7273,0.6111,0.0,0.0,0.8889
845,ResNet,0.7273,0.3889,0.0,0.0,0.8889
846,ResNet,0.6364,0.5,0.0,0.0,0.875
847,ResNet,0.6364,0.6429,0.0,0.0,1.0
848,ResNet,0.8182,0.6667,0.0,0.0,1.0
849,ResNet,0.7273,0.8,0.0,0.0,0.8
850,ResNet,0.5455,0.25,0.0,0.0,0.8571
851,ResNet,0.3636,0.375,0.0,0.0,0.5
852,ResNet,0.6364,0.5,0.0,0.0,0.7778
853,ResNet,0.2727,0.2,0.0,0.0,0.5
854,ResNet,0.5455,0.8214,0.0,0.0,0.8571
855,ResNet,0.5455,0.4286,0.0,0.0,0.8571
856,ResNet,0.4545,0.0417,0.0,0.0,0.625
857,ResNet,0.5455,0.4167,0.0,0.0,0.75
858,ResNet,0.4545,0.5,0.0,0.0,0.7143
859,ResNet,0.7273,0.6667,0.0,0.0,0.8889
860,ResNet,0.3636,0.6,0.0,0.0,0.6667
861,ResNet,0.5455,0.1,0.0,0.0,0.6
862,ResNet,0.6364,0.2,0.0,0.0,0.7
863,ResNet,0.4545,0.5,0.0,0.0,0.8333
864,ResNet,0.4545,0.125,0.0,0.0,0.625
865,ResNet,0.4545,0.5667,0.0,0.0,0.8333
866,ResNet,0.7273,0.5,0.0,0.0,0.8889
867,ResNet,0.6364,0.3333,0.0,0.0,0.7778
868,ResNet,0.3636,0.3571,0.0,0.0,1.0
869,ResNet,0.4545,0.2917,0.0,0.0,0.625
870,ResNet,0.6364,0.5,0.0,0.0,0.875
871,ResNet,0.6364,0.5,0.0,0.0,0.875
872,ResNet,0.5455,0.0,0.0,0.0,0.6
873,ResNet,0.6364,0.5,0.0,0.0,0.7778
874,ResNet,0.2727,0.2,0.0,0.0,0.5
875,ResNet,0.4545,0.25,0.0,0.0,0.7143
876,ResNet,0.3636,0.5,0.0,0.0,0.6667
877,ResNet,0.8182,0.8333,0.0,0.0,1.0
878,ResNet,0.5455,0.2083,0.0,0.0,0.75
879,ResNet,0.7273,0.6667,0.0,0.0,0.8889
880,ResNet,0.5455,0.375,0.0,0.0,0.75
881,ResNet,0.6364,0.3333,0.0,0.0,0.7778
882,ResNet,0.4545,0.3571,0.0,0.0,0.7143
883,ResNet,0.7273,0.8,0.0,0.0,0.8
884,ResNet,0.7273,0.3333,0.0,0.0,0.8889
885,ResNet,0.5455,0.25,0.0,0.0,0.75
886,ResNet,0.6364,0.3571,0.0,0.0,1.0
887,ResNet,0.5455,0.375,0.0,0.0,0.75
888,ResNet,0.5455,0.4167,0.0,0.0,0.75
889,ResNet,0.5455,0.0,0.0,0.0,0.6667
890,ResNet,0.8182,0.4,0.0,0.0,0.9
891,ResNet,0.3636,0.125,0.0,0.0,0.5
892,ResNet,0.4545,0.5,0.0,0.0,0.7143
893,ResNet,0.7273,0.5556,0.0,0.0,0.8889
894,ResNet,0.7273,0.7778,0.0,0.0,0.8889
895,ResNet,0.5455,0.4286,0.0,0.0,0.8571
896,ResNet,0.6364,0.625,0.0,0.0,0.875
897,ResNet,0.5455,0.2917,0.0,0.0,0.75
898,ResNet,0.5455,0.6667,0.0,0.0,0.6667
899,ResNet,0.2727,0.2667,0.0,0.0,0.6
900,ResNet,0.7273,0.1,0.0,0.0,0.8
901,ResNet,0.3636,0.4,0.0,0.0,0.6667
902,ResNet,0.2727,0.1333,0.0,0.0,0.5
903,ResNet,0.2727,0.1429,0.0,0.0,0.4286
904,ResNet,0.6364,0.6429,0.0,0.0,1.0
905,ResNet,0.6364,0.2222,0.0,0.0,0.7778
906,ResNet,0.6364,0.2917,0.0,0.0,0.875
907,ResNet,0.2727,0.3214,0.0,0.0,0.4286
908,ResNet,0.7273,0.0,0.0,0.0,0.8
909,ResNet,0.5455,0.4643,0.0,0.0,0.8571
910,ResNet,0.6364,0.3,0.0,0.0,0.7
911,ResNet,0.6364,0.5714,0.0,0.0,1.0
912,ResNet,0.6364,0.5556,0.0,0.0,0.7778
913,ResNet,0.8182,0.4,0.0,0.0,0.9
914,ResNet,0.3636,0.5,0.0,0.0,0.6667
915,ResNet,0.5455,0.2222,0.0,0.0,0.6667
916,ResNet,0.7273,0.6,0.0,0.0,0.8
917,ResNet,0.8182,0.3889,0.0,0.0,1.0
918,ResNet,0.4545,0.3929,0.0,0.0,0.7143
919,ResNet,0.5455,0.2083,0.0,0.0,0.75
920,ResNet,0.5455,0.3929,0.0,0.0,0.8571
921,ResNet,0.5455,0.3929,0.0,0.0,0.8571
922,ResNet,0.5455,0.5417,0.0,0.0,0.75
923,ResNet,0.4545,0.6333,0.0,0.0,0.8333
924,ResNet,0.5455,0.2222,0.0,0.0,0.6667
925,ResNet,0.6364,0.5,0.0,0.0,1.0
926,ResNet,0.4545,0.4444,0.0,0.0,0.5556
927,ResNet,0.3636,0.2222,0.0,0.0,0.4444
928,ResNet,0.4545,0.2917,0.0,0.0,0.625
929,ResNet,0.3636,0.4167,0.0,0.0,0.5
930,ResNet,0.7273,0.5833,0.0,0.0,1.0
931,ResNet,0.3636,0.2083,0.0,0.0,0.5
932,ResNet,0.5455,0.0714,0.0,0.0,0.8571
933,ResNet,0.4545,0.375,0.0,0.0,0.625
934,ResNet,0.4545,0.1333,0.0,0.0,0.8333
935,ResNet,0.7273,0.5,0.0,0.0,1.0
936,ResNet,0.5455,0.8571,0.0,0.0,0.8571
937,ResNet,0.4545,0.4,0.0,0.0,0.8333
938,ResNet,0.1818,0.2,0.0,0.0,0.4
939,ResNet,0.6364,0.5833,0.0,0.0,0.875
940,ResNet,0.3636,0.3,0.0,0.0,0.6667
941,ResNet,0.5455,0.4643,0.0,0.0,0.8571
942,ResNet,0.6364,0.5,0.0,0.0,0.875
943,ResNet,0.7273,0.1,0.0,0.0,0.8
944,ResNet,0.6364,0.375,0.0,0.0,0.875
945,ResNet,0.6364,0.0,0.0,0.0,0.7778
946,ResNet,0.6364,0.375,0.0,0.0,0.875
947,ResNet,0.6364,0.375,0.0,0.0,0.875
948,ResNet,0.6364,0.4167,0.0,0.0,0.875
949,ResNet,0.5455,0.3571,0.0,0.0,0.8571
950,ResNet,0.7273,0.6111,0.0,0.0,0.8889
951,ResNet,0.4545,0.25,0.0,0.0,0.7143
952,ResNet,0.6364,0.625,0.0,0.0,0.875
953,ResNet,0.3636,0.3929,0.0,0.0,0.5714
954,ResNet,0.6364,0.2083,0.0,0.0,0.875
955,ResNet,0.3636,0.25,0.0,0.0,0.5714
956,ResNet,0.4545,0.2857,0.0,0.0,0.7143
957,ResNet,0.4545,0.1111,0.0,0.0,0.5556
958,ResNet,0.4545,0.8,0.0,0.0,0.8333
959,ResNet,0.4545,0.3214,0.0,0.0,0.7143
960,ResNet,0.9091,0.2,0.0,0.0,1.0
961,ResNet,0.4545,0.4167,0.0,0.0,0.625
962,ResNet,0.4545,0.2857,0.0,0.0,0.7143
963,ResNet,0.5455,0.5417,0.0,0.0,0.75
964,ResNet,0.2727,0.1429,0.0,0.0,0.4286
965,ResNet,0.3636,0.2667,0.0,0.0,0.6667
966,ResNet,0.3636,0.1333,0.0,0.0,0.6667
967,ResNet,0.3636,0.375,0.0,0.0,0.5
968,ResNet,0.2727,0.3214,0.0,0.0,0.4286
969,ResNet,0.4545,0.4286,0.0,0.0,0.7143
970,ResNet,0.4545,0.0714,0.0,0.0,0.7143
971,ResNet,0.4545,0.25,0.0,0.0,0.7143
972,ResNet,0.5455,0.3889,0.0,0.0,0.6667
973,ResNet,0.8182,0.3333,0.0,0.0,1.0
974,ResNet,0.4545,0.2143,0.0,0.0,0.7143
975,ResNet,0.5455,0.4583,0.0,0.0,0.75
976,ResNet,0.4545,0.4444,0.0,0.0,0.5556
977,ResNet,0.6364,0.4286,0.0,0.0,1.0
978,ResNet,0.1818,0.2,0.0,0.0,0.3333
979,ResNet,0.7273,0.3333,0.0,0.0,1.0
980,ResNet,0.5455,0.1071,0.0,0.0,0.8571
981,ResNet,0.5455,0.7083,0.0,0.0,0.75
982,ResNet,0.6364,0.3889,0.0,0.0,0.7778
983,ResNet,0.6364,0.7083,0.0,0.0,0.875
984,ResNet,0.7273,0.3333,0.0,0.0,1.0
985,ResNet,0.1818,0.1333,0.0,0.0,0.4
986,ResNet,0.4545,0.5,0.0,0.0,0.8333
987,ResNet,0.7273,0.7,0.0,0.0,0.8
988,ResNet,0.7273,0.7917,0.0,0.0,1.0
989,ResNet,0.5455,0.4167,0.0,0.0,0.75
990,ResNet,0.5455,0.5357,0.0,0.0,0.8571
991,ResNet,0.8182,0.8,0.0,0.0,0.9
992,ResNet,0.4545,0.2143,0.0,0.0,0.7143
993,ResNet,0.4545,0.5,0.0,0.0,0.7143
994,ResNet,0.6364,0.4583,0.0,0.0,0.875
995,ResNet,0.3636,0.0667,0.0,0.0,0.8
996,ResNet,0.1818,0.2,0.0,0.0,0.4
997,ResNet,0.6364,0.1667,0.0,0.0,0.875
998,ResNet,0.6364,0.0,0.0,0.0,0.7
999,ResNet,0.2727,0.2667,0.0,0.0,0.6
1000,ResNet,0.5455,0.3,0.0,0.0,0.6
1,SqueezeNet,0.6364,0.6667,0.0,0.0,0.7778
2,SqueezeNet,0.3636,0.4444,0.0,0.0,0.4444
3,SqueezeNet,0.3636,0.5,0.2222,0.2,0.5
4,SqueezeNet,0.2727,0.4286,0.0,0.0,0.4286
5,SqueezeNet,0.7273,0.8333,0.4,0.3333,0.875
6,SqueezeNet,0.4545,0.5,0.0,0.0,0.4545
7,SqueezeNet,0.7273,0.8,0.0,0.0,0.8
8,SqueezeNet,0.6364,0.6667,0.3333,0.5,0.6667
9,SqueezeNet,0.4545,0.5,0.25,0.3333,0.5
10,SqueezeNet,0.9091,0.875,0.8,0.6667,1.0
11,SqueezeNet,0.4545,0.5556,0.0,0.0,0.5556
12,SqueezeNet,0.5455,0.6,0.0,0.0,0.6
13,SqueezeNet,0.6364,0.7,0.0,0.0,0.7
14,SqueezeNet,0.6364,0.7143,0.5,0.5,0.7143
15,SqueezeNet,0.2727,0.2857,0.2,0.25,0.2857
16,SqueezeNet,0.5455,0.6667,0.0,0.0,0.6667
17,SqueezeNet,0.5455,0.5,0.2857,1.0,0.5
18,SqueezeNet,0.4545,0.4,0.25,1.0,0.4
19,SqueezeNet,0.7273,0.7143,0.6667,0.75,0.7143
20,SqueezeNet,0.6364,0.8571,0.3333,0.25,0.8571
21,SqueezeNet,0.5455,0.6111,0.0,0.0,0.6667
22,SqueezeNet,0.3636,0.5,0.0,0.0,0.5
23,SqueezeNet,0.6364,0.7,0.0,0.0,0.7
24,SqueezeNet,0.4545,0.625,0.0,0.0,0.625
25,SqueezeNet,0.6364,0.7333,0.6,0.5,0.8
26,SqueezeNet,0.8182,0.8333,0.5,0.5,0.8889
27,SqueezeNet,0.6364,0.5556,0.5,1.0,0.5556
28,SqueezeNet,0.6364,0.5417,0.5,0.6667,0.625
29,SqueezeNet,0.5455,0.5556,0.2857,0.5,0.5556
30,SqueezeNet,0.7273,0.75,0.5714,0.6667,0.75
31,SqueezeNet,0.6364,0.5556,0.0,0.0,0.7778
32,SqueezeNet,0.3636,0.6667,0.0,0.0,0.6667
33,SqueezeNet,0.4545,0.5714,0.25,0.25,0.5714
34,SqueezeNet,0.5455,0.5,0.4444,0.6667,0.5
35,SqueezeNet,0.5455,0.5556,0.2857,0.5,0.5556
36,SqueezeNet,0.5455,0.5714,0.4444,0.5,0.5714
37,SqueezeNet,0.5455,0.625,0.2857,0.3333,0.625
38,SqueezeNet,0.4545,0.3571,0.4,0.5,0.4286
39,SqueezeNet,0.3636,0.4444,0.0,0.0,0.4444
40,SqueezeNet,0.5455,0.625,0.2857,0.3333,0.625
41,SqueezeNet,0.3636,0.3333,0.2222,0.3333,0.375
42,SqueezeNet,0.4545,0.4667,0.4,0.3333,0.6
43,SqueezeNet,0.7273,0.8571,0.5714,0.5,0.8571
44,SqueezeNet,0.2727,0.2917,0.0,0.0,0.375
45,SqueezeNet,0.6364,0.7778,0.0,0.0,0.7778
46,SqueezeNet,0.6364,0.8333,0.5,0.4,0.8333
47,SqueezeNet,0.9091,0.9,0.6667,1.0,0.9
48,SqueezeNet,0.4545,0.4583,0.25,0.3333,0.5
49,SqueezeNet,0.8182,0.8571,0.75,0.75,0.8571
50,SqueezeNet,0.3636,0.5714,0.0,0.0,0.5714
51,SqueezeNet,0.6364,0.7917,0.0,0.0,0.875
52,SqueezeNet,0.4545,0.4444,0.25,0.5,0.4444
53,SqueezeNet,0.4545,0.5,0.0,0.0,0.4545
54,SqueezeNet,0.3636,0.4,0.0,0.0,0.4
55,SqueezeNet,0.5455,0.7667,0.2857,0.2,0.8333
56,SqueezeNet,0.3636,0.8,0.0,0.0,0.8
57,SqueezeNet,0.8182,0.9667,0.75,0.6,1.0
58,SqueezeNet,0.6364,0.7,0.0,0.0,0.7
59,SqueezeNet,0.6364,0.6111,0.3333,0.5,0.6667
60,SqueezeNet,0.4545,0.6786,0.0,0.0,0.7143
61,SqueezeNet,0.4545,0.4,0.0,0.0,0.5
62,SqueezeNet,0.3636,0.375,0.2222,0.3333,0.375
63,SqueezeNet,0.4545,0.625,0.0,0.0,0.625
64,SqueezeNet,0.5455,0.5,0.4444,0.6667,0.5
65,SqueezeNet,0.5455,0.7143,0.0,0.0,0.8571
66,SqueezeNet,0.4545,0.5357,0.25,0.25,0.5714
67,SqueezeNet,0.5455,0.625,0.2857,0.3333,0.625
68,SqueezeNet,0.3636,0.2143,0.2222,0.25,0.4286
69,SqueezeNet,0.8182,1.0,0.75,0.6,1.0
70,SqueezeNet,0.6364,0.5833,0.5,0.6667,0.625
71,SqueezeNet,0.5455,0.5,0.0,0.0,0.5455
72,SqueezeNet,0.4545,0.3,0.0,0.0,0.5
73,SqueezeNet,0.5455,0.7083,0.0,0.0,0.75
74,SqueezeNet,0.5455,0.7857,0.0,0.0,0.8571
75,SqueezeNet,0.4545,0.5714,0.25,0.25,0.5714
76,SqueezeNet,0.7273,0.6786,0.6667,0.75,0.7143
77,SqueezeNet,0.5455,0.6,0.0,0.0,0.6
78,SqueezeNet,0.7273,0.8571,0.5714,0.5,0.8571
79,SqueezeNet,0.4545,0.5714,0.0,0.0,0.7143
80,SqueezeNet,0.6364,0.6667,0.6,0.6,0.6667
81,SqueezeNet,0.5455,0.5,0.2857,0.5,0.5556
82,SqueezeNet,0.4545,0.4286,0.4,0.5,0.4286
83,SqueezeNet,0.5455,0.6429,0.2857,0.25,0.7143
84,SqueezeNet,0.7273,0.3,0.0,0.0,0.8
85,SqueezeNet,0.7273,0.7,0.4,1.0,0.7
86,SqueezeNet,0.5455,0.6667,0.4444,0.4,0.6667
87,SqueezeNet,0.5455,0.5,0.4444,0.6667,0.5
88,SqueezeNet,0.5455,0.625,0.2857,0.3333,0.625
89,SqueezeNet,0.5455,0.7083,0.0,0.0,0.75
90,SqueezeNet,0.6364,0.625,0.5,0.6667,0.625
91,SqueezeNet,0.5455,0.5,0.4444,0.6667,0.5
92,SqueezeNet,0.4545,0.5,0.25,0.3333,0.5
93,SqueezeNet,0.6364,0.8571,0.3333,0.25,0.8571
94,SqueezeNet,0.4545,0.2857,0.5,0.75,0.2857
95,SqueezeNet,0.5455,0.4583,0.2857,0.3333,0.625
96,SqueezeNet,0.3636,0.3333,0.3636,0.4,0.3333
97,SqueezeNet,0.4545,0.6667,0.25,0.2,0.6667
98,SqueezeNet,0.4545,0.4444,0.0,0.0,0.5556
99,SqueezeNet,0.7273,0.5,0.0,0.0,0.7273
100,SqueezeNet,0.6364,0.6667,0.3333,0.5,0.6667
101,SqueezeNet,0.6364,0.75,0.3333,0.3333,0.75
102,SqueezeNet,0.5455,0.7,0.2857,0.2,0.8333
103,SqueezeNet,0.5455,0.6429,0.0,0.0,0.8571
104,SqueezeNet,0.4545,0.375,0.4,0.6667,0.375
105,SqueezeNet,0.6364,0.875,0.0,0.0,0.875
106,SqueezeNet,0.2727,0.375,0.0,0.0,0.375
107,SqueezeNet,0.4545,0.5556,0.0,0.0,0.5556
108,SqueezeNet,0.5455,0.5714,0.4444,0.5,0.5714
109,SqueezeNet,0.5455,0.6667,0.0,0.0,0.6667
110,SqueezeNet,0.4545,0.5,0.4,0.4,0.5
111,SqueezeNet,0.4545,0.5556,0.0,0.0,0.5556
112,SqueezeNet,0.6364,0.6429,0.5,0.5,0.7143
113,SqueezeNet,0.5455,0.6667,0.0,0.0,0.75
114,SqueezeNet,0.4545,0.5714,0.0,0.0,0.7143
115,SqueezeNet,0.5455,0.5,0.2857,0.25,0.7143
116,SqueezeNet,0.3636,0.5714,0.0,0.0,0.5714
117,SqueezeNet,0.4545,0.4167,0.25,0.3333,0.5
118,SqueezeNet,0.5455,0.6786,0.2857,0.25,0.7143
119,SqueezeNet,0.5455,0.5,0.4444,0.5,0.5714
120,SqueezeNet,0.4545,0.3,0.0,0.0,0.5
121,SqueezeNet,0.5455,0.5556,0.0,0.0,0.6667
122,SqueezeNet,0.6364,0.6,0.3333,1.0,0.6
123,SqueezeNet,0.1818,0.0714,0.1818,0.25,0.1429
124,SqueezeNet,0.2727,0.375,0.0,0.0,0.375
125,SqueezeNet,0.5455,0.625,0.2857,0.3333,0.625
126,SqueezeNet,0.5455,0.5556,0.2857,0.5,0.5556
127,SqueezeNet,0.6364,0.7143,0.3333,0.25,0.8571
128,SqueezeNet,0.6364,0.7143,0.5,0.5,0.7143
129,SqueezeNet,0.5455,0.8214,0.0,0.0,0.8571
130,SqueezeNet,0.5455,0.5714,0.2857,0.25,0.7143
131,SqueezeNet,0.9091,0.9,0.6667,1.0,0.9
132,SqueezeNet,0.4545,0.6667,0.25,0.2,0.6667
133,SqueezeNet,0.3636,0.4583,0.0,0.0,0.5
134,SqueezeNet,0.5455,0.375,0.4444,0.6667,0.5
135,SqueezeNet,0.6364,0.5833,0.3333,0.3333,0.75
136,SqueezeNet,0.6364,0.6667,0.3333,0.3333,0.75
137,SqueezeNet,0.7273,0.7778,0.4,0.5,0.7778
138,SqueezeNet,0.9091,0.9,0.6667,1.0,0.9
139,SqueezeNet,0.3636,0.5,0.0,0.0,0.5714
140,SqueezeNet,0.5455,0.6,0.0,0.0,0.6
141,SqueezeNet,0.8182,0.8,0.5,1.0,0.8
142,SqueezeNet,0.8182,0.75,0.75,1.0,0.75
143,SqueezeNet,0.5455,0.5,0.0,0.0,0.75
144,SqueezeNet,0.7273,1.0,0.4,0.25,1.0
145,SqueezeNet,0.7273,0.75,0.5714,0.6667,0.75
146,SqueezeNet,0.8182,1.0,0.5,0.3333,1.0
147,SqueezeNet,0.9091,1.0,0.8571,0.75,1.0
148,SqueezeNet,0.3636,0.3,0.0,0.0,0.4
149,SqueezeNet,0.3636,0.3333,0.2222,0.5,0.3333
150,SqueezeNet,0.4545,0.4,0.0,0.0,0.5
151,SqueezeNet,0.6364,0.7083,0.3333,0.3333,0.75
152,SqueezeNet,0.5455,0.5,0.5455,0.6,0.5
153,SqueezeNet,0.1818,0.1667,0.1818,0.2,0.1667
154,SqueezeNet,0.4545,0.4583,0.25,0.3333,0.5
155,SqueezeNet,0.5455,0.625,0.2857,0.3333,0.625
156,SqueezeNet,0.7273,0.7778,0.0,0.0,0.8889
157,SqueezeNet,0.6364,0.5556,0.5,1.0,0.5556
158,SqueezeNet,0.5455,0.5714,0.2857,0.25,0.7143
159,SqueezeNet,0.4545,0.625,0.0,0.0,0.625
160,SqueezeNet,0.6364,0.7,0.0,0.0,0.7
161,SqueezeNet,0.7273,0.75,0.5714,0.6667,0.75
162,SqueezeNet,0.4545,0.4444,0.0,0.0,0.5556
163,SqueezeNet,0.4545,0.4,0.25,1.0,0.4
164,SqueezeNet,0.6364,0.6667,0.3333,0.5,0.6667
165,SqueezeNet,0.5455,0.6,0.0,0.0,0.6
166,SqueezeNet,0.4545,0.75,0.4,0.2857,0.75
167,SqueezeNet,0.4545,0.5556,0.0,0.0,0.5556
168,SqueezeNet,0.7273,0.7143,0.6667,0.75,0.7143
169,SqueezeNet,0.5455,0.5,0.2857,1.0,0.5
170,SqueezeNet,0.4545,0.7667,0.0,0.0,0.8333
171,SqueezeNet,0.2727,0.4286,0.0,0.0,0.4286
172,SqueezeNet,0.7273,0.6,0.0,0.0,0.8
173,SqueezeNet,0.3636,0.4286,0.2222,0.25,0.4286
174,SqueezeNet,0.5455,0.5,0.4444,0.6667,0.5
175,SqueezeNet,0.5455,0.6,0.0,0.0,0.6
176,SqueezeNet,0.2727,0.3333,0.0,0.0,0.3333
177,SqueezeNet,0.5455,0.6,0.4444,0.4,0.6667
178,SqueezeNet,0.6364,0.7083,0.3333,0.3333,0.75
179,SqueezeNet,0.8182,0.8929,0.6667,0.5,1.0
180,SqueezeNet,0.3636,0.3889,0.0,0.0,0.4444
181,SqueezeNet,0.6364,0.7143,0.5,0.5,0.7143
182,SqueezeNet,0.6364,0.9286,0.6,0.4286,1.0
183,SqueezeNet,0.5455,0.6,0.0,0.0,0.6
184,SqueezeNet,0.7273,0.7222,0.4,0.5,0.7778
185,SqueezeNet,0.6364,0.625,0.3333,0.3333,0.75
186,SqueezeNet,0.4545,0.5417,0.0,0.0,0.625
187,SqueezeNet,0.1818,0.3333,0.0,0.0,0.3333
188,SqueezeNet,0.7273,0.7,0.4,1.0,0.7
189,SqueezeNet,0.5455,0.6667,0.0,0.0,0.6667
190,SqueezeNet,0.4545,0.5,0.25,0.25,0.5714
191,SqueezeNet,0.4545,0.5,0.25,0.3333,0.5
192,SqueezeNet,0.7273,0.7778,0.4,0.5,0.7778
193,SqueezeNet,0.9091,0.8889,0.8,1.0,0.8889
194,SqueezeNet,0.3636,0.375,0.2222,0.3333,0.375
195,SqueezeNet,0.5455,0.6429,0.2857,0.25,0.7143
196,SqueezeNet,0.2727,0.1667,0.2,0.5,0.2222
197,SqueezeNet,0.8182,0.8,0.5,1.0,0.8
198,SqueezeNet,0.3636,0.375,0.2222,0.3333,0.375
199,SqueezeNet,0.8182,0.8333,0.6667,0.6667,0.875
200,SqueezeNet,0.7273,0.6111,0.4,0.5,0.7778
201,SqueezeNet,0.5455,0.5417,0.2857,0.3333,0.625
202,SqueezeNet,0.4545,0.4,0.0,0.0,0.5
203,SqueezeNet,0.5455,0.6667,0.0,0.0,0.6667
204,SqueezeNet,0.3636,0.5,0.2222,0.2,0.5
205,SqueezeNet,0.5455,0.5,0.4444,0.6667,0.5
206,SqueezeNet,0.7273,0.7778,0.4,0.5,0.7778
207,SqueezeNet,0.5455,0.6786,0.2857,0.25,0.7143
208,SqueezeNet,0.6364,0.6786,0.5,0.5,0.7143
209,SqueezeNet,0.6364,0.6429,0.5,0.5,0.7143
210,SqueezeNet,0.4545,0.5667,0.25,0.2,0.6667
211,SqueezeNet,0.5455,0.6333,0.2857,0.2,0.8333
212,SqueezeNet,0.7273,0.8333,0.4,0.3333,0.875
213,SqueezeNet,0.4545,0.75,0.4,0.2857,0.75
214,SqueezeNet,0.7273,0.8214,0.5714,0.5,0.8571
215,SqueezeNet,0.3636,0.4167,0.0,0.0,0.5
216,SqueezeNet,0.5455,0.5714,0.4444,0.5,0.5714
217,SqueezeNet,0.7273,0.7083,0.5714,0.6667,0.75
218,SqueezeNet,0.7273,0.8889,0.0,0.0,0.8889
219,SqueezeNet,0.5455,0.6,0.4444,0.3333,0.8
220,SqueezeNet,0.5455,0.6667,0.4444,0.4,0.6667
221,SqueezeNet,0.3636,0.4,0.3636,0.3333,0.4
222,SqueezeNet,0.6364,0.6667,0.3333,0.5,0.6667
223,SqueezeNet,0.2727,0.5714,0.0,0.0,0.75
224,SqueezeNet,0.6364,0.7917,0.0,0.0,0.875
225,SqueezeNet,0.3636,0.3333,0.0,0.0,0.4444
226,SqueezeNet,0.5455,0.5,0.0,0.0,0.75
227,SqueezeNet,0.2727,0.2917,0.0,0.0,0.375
228,SqueezeNet,0.4545,0.4444,0.0,0.0,0.5556
229,SqueezeNet,0.5455,0.5,0.0,0.0,0.6
230,SqueezeNet,0.8182,0.7143,0.8,1.0,0.7143
231,SqueezeNet,0.6364,0.5714,0.6,0.75,0.5714
232,SqueezeNet,0.5455,0.6667,0.0,0.0,0.6667
233,SqueezeNet,0.7273,0.7083,0.4,0.3333,0.875
234,SqueezeNet,0.4545,0.625,0.0,0.0,0.625
235,SqueezeNet,0.4545,0.5,0.0,0.0,0.5
236,SqueezeNet,0.6364,0.7143,0.5,0.5,0.7143
237,SqueezeNet,0.7273,0.8,0.0,0.0,0.8
238,SqueezeNet,0.4545,0.3889,0.25,0.5,0.4444
239,SqueezeNet,0.8182,0.7333,0.8,0.8,0.8333
240,SqueezeNet,0.5455,0.5,0.0,0.0,0.6
241,SqueezeNet,0.3636,0.3333,0.3636,0.4,0.3333
242,SqueezeNet,0.5455,0.6,0.0,0.0,0.6
243,SqueezeNet,0.5455,0.5556,0.2857,0.5,0.5556
244,SqueezeNet,0.4545,0.5714,0.25,0.25,0.5714
245,SqueezeNet,0.3636,0.3333,0.3636,0.4,0.3333
246,SqueezeNet,0.6364,0.75,0.3333,0.3333,0.75
247,SqueezeNet,0.7273,0.7222,0.4,0.5,0.7778
248,SqueezeNet,0.6364,0.7917,0.0,0.0,0.875
249,SqueezeNet,0.6364,0.6,0.3333,1.0,0.6
250,SqueezeNet,0.5455,0.6111,0.0,0.0,0.6667
251,SqueezeNet,0.5455,0.4583,0.4444,0.6667,0.5
252,SqueezeNet,0.6364,0.5833,0.3333,0.3333,0.75
253,SqueezeNet,0.5455,0.7143,0.2857,0.25,0.7143
254,SqueezeNet,0.5455,0.4,0.0,0.0,0.6
255,SqueezeNet,0.5455,0.5417,0.2857,0.3333,0.625
256,SqueezeNet,0.4545,0.5833,0.0,0.0,0.625
257,SqueezeNet,0.4545,0.5357,0.25,0.25,0.5714
258,SqueezeNet,0.5455,0.5556,0.2857,0.5,0.5556
259,SqueezeNet,0.4545,0.5833,0.0,0.0,0.625
260,SqueezeNet,0.7273,0.625,0.6667,1.0,0.625
261,SqueezeNet,0.6364,0.6667,0.3333,0.5,0.6667
262,SqueezeNet,0.2727,0.2,0.2,1.0,0.2
263,SqueezeNet,0.6364,0.5417,0.5,0.6667,0.625
264,SqueezeNet,0.4545,0.5833,0.0,0.0,0.625
265,SqueezeNet,0.2727,0.25,0.2,0.3333,0.25
266,SqueezeNet,0.8182,0.8571,0.75,0.75,0.8571
267,SqueezeNet,0.4545,0.3889,0.25,0.5,0.4444
268,SqueezeNet,0.5455,0.6667,0.0,0.0,0.6667
269,SqueezeNet,0.8182,0.8889,0.5,0.5,0.8889
270,SqueezeNet,0.8182,0.6667,0.5,0.5,0.8889
271,SqueezeNet,0.5455,0.5556,0.2857,0.5,0.5556
272,SqueezeNet,0.6364,0.5714,0.6,0.75,0.5714
273,SqueezeNet,0.7273,0.8333,0.6667,0.6,0.8333
274,SqueezeNet,0.4545,0.4,0.25,1.0,0.4
275,SqueezeNet,0.7273,0.6667,0.5714,1.0,0.6667
276,SqueezeNet,0.7273,0.8889,0.0,0.0,0.8889
277,SqueezeNet,0.4545,0.3333,0.4,1.0,0.3333
278,SqueezeNet,0.4545,0.5417,0.0,0.0,0.625
279,SqueezeNet,0.5455,0.3889,0.0,0.0,0.6667
280,SqueezeNet,0.7273,0.6667,0.5714,1.0,0.6667
281,SqueezeNet,0.8182,0.7778,0.6667,1.0,0.7778
282,SqueezeNet,0.5455,0.75,0.5455,0.4286,0.75
283,SqueezeNet,0.4545,0.5,0.0,0.0,0.5556
284,SqueezeNet,0.6364,0.7333,0.6,0.5,0.8
285,SqueezeNet,0.3636,0.5,0.0,0.0,0.5
286,SqueezeNet,0.7273,0.8333,0.4,0.3333,0.875
287,SqueezeNet,0.6364,0.7143,0.5,0.5,0.7143
288,SqueezeNet,0.6364,0.5833,0.3333,0.3333,0.75
289,SqueezeNet,0.5455,0.9667,0.0,0.0,1.0
290,SqueezeNet,0.7273,0.8333,0.4,0.3333,0.875
291,SqueezeNet,0.3636,0.3889,0.0,0.0,0.4444
292,SqueezeNet,0.3636,0.2778,0.2222,0.5,0.3333
293,SqueezeNet,0.5455,0.6786,0.2857,0.25,0.7143
294,SqueezeNet,0.3636,0.6667,0.0,0.0,0.6667
295,SqueezeNet,0.4545,0.4286,0.4,0.5,0.4286
296,SqueezeNet,0.7273,0.75,0.5714,0.6667,0.75
297,SqueezeNet,0.6364,0.625,0.5,0.6667,0.625
298,SqueezeNet,0.2727,0.75,0.0,0.0,0.75
299,SqueezeNet,0.3636,0.6,0.2222,0.1667,0.6
300,SqueezeNet,0.3636,0.3333,0.2222,0.5,0.3333
301,SqueezeNet,0.6364,0.75,0.3333,0.3333,0.75
302,SqueezeNet,0.3636,0.3,0.3636,0.4,0.3333
303,SqueezeNet,0.5455,0.4444,0.4444,1.0,0.4444
304,SqueezeNet,0.7273,0.7778,0.4,0.5,0.7778
305,SqueezeNet,0.3636,0.4583,0.0,0.0,0.5
306,SqueezeNet,0.4545,0.4444,0.0,0.0,0.5556
307,SqueezeNet,0.3636,0.3571,0.2222,0.25,0.4286
308,SqueezeNet,0.4545,0.7143,0.0,0.0,0.7143
309,SqueezeNet,0.4545,0.4,0.25,1.0,0.4
310,SqueezeNet,0.6364,0.5833,0.5,0.6667,0.625
311,SqueezeNet,0.4545,0.6,0.4,0.3333,0.6
312,SqueezeNet,0.3636,0.4167,0.0,0.0,0.5
313,SqueezeNet,0.6364,0.75,0.3333,0.25,0.8571
314,SqueezeNet,0.4545,0.5417,0.0,0.0,0.625
315,SqueezeNet,0.4545,0.5,0.4,0.4,0.5
316,SqueezeNet,0.8182,0.7778,0.6667,1.0,0.7778
317,SqueezeNet,0.8182,0.8,0.5,1.0,0.8
318,SqueezeNet,0.6364,0.7,0.0,0.0,0.7
319,SqueezeNet,0.6364,0.6429,0.5,0.5,0.7143
320,SqueezeNet,0.3636,0.4643,0.0,0.0,0.5714
321,SqueezeNet,0.7273,0.8333,0.6667,0.6,0.8333
322,SqueezeNet,0.4545,0.5417,0.0,0.0,0.625
323,SqueezeNet,0.7273,0.7778,0.4,0.5,0.7778
324,SqueezeNet,1.0,1.0,1.0,1.0,1.0
325,SqueezeNet,0.7273,0.5,0.0,0.0,0.7273
326,SqueezeNet,0.4545,0.4444,0.25,0.5,0.4444
327,SqueezeNet,0.6364,0.6111,0.3333,0.5,0.6667
328,SqueezeNet,0.5455,0.5,0.2857,0.3333,0.625
329,SqueezeNet,0.6364,0.75,0.3333,0.3333,0.75
330,SqueezeNet,0.5455,0.7143,0.2857,0.25,0.7143
331,SqueezeNet,0.5455,0.6,0.0,0.0,0.6
332,SqueezeNet,0.6364,0.7,0.0,0.0,0.7
333,SqueezeNet,0.6364,0.6667,0.0,0.0,0.7778
334,SqueezeNet,0.3636,0.375,0.0,0.0,0.5
335,SqueezeNet,0.4545,0.5,0.25,0.3333,0.5
336,SqueezeNet,0.5455,0.5714,0.4444,0.5,0.5714
337,SqueezeNet,0.4545,0.1667,0.5714,0.8,0.1667
338,SqueezeNet,0.8182,0.5,0.0,0.0,0.8182
339,SqueezeNet,0.5455,0.4444,0.2857,0.5,0.5556
340,SqueezeNet,0.3636,0.6667,0.0,0.0,0.6667
341,SqueezeNet,0.2727,0.3333,0.2,0.2,0.3333
342,SqueezeNet,0.4545,0.5,0.0,0.0,0.5556
343,SqueezeNet,0.2727,0.2,0.3333,0.3333,0.2
344,SqueezeNet,0.4545,0.625,0.0,0.0,0.625
345,SqueezeNet,0.4545,0.5,0.25,0.3333,0.5
346,SqueezeNet,0.6364,0.7,0.0,0.0,0.7
347,SqueezeNet,0.1818,0.3333,0.0,0.0,0.3333
348,SqueezeNet,0.4545,0.5,0.25,0.3333,0.5
349,SqueezeNet,0.4545,0.4286,0.25,0.25,0.5714
350,SqueezeNet,0.3636,0.2857,0.3636,0.5,0.2857
351,SqueezeNet,0.7273,0.6667,0.4,0.5,0.7778
352,SqueezeNet,0.5455,0.6,0.0,0.0,0.6
353,SqueezeNet,0.7273,0.75,0.5714,0.6667,0.75
354,SqueezeNet,0.6364,0.5714,0.6,0.75,0.5714
355,SqueezeNet,0.5455,0.6667,0.4444,0.4,0.6667
356,SqueezeNet,0.3636,0.2857,0.3636,0.5,0.2857
357,SqueezeNet,0.7273,0.875,0.4,0.3333,0.875
358,SqueezeNet,0.6364,0.6429,0.5,0.5,0.7143
359,SqueezeNet,0.6364,0.4,0.0,0.0,0.7
360,SqueezeNet,0.5455,0.6667,0.0,0.0,0.75
361,SqueezeNet,0.4545,0.2857,0.5,0.75,0.2857
362,SqueezeNet,0.7273,0.6667,0.5714,1.0,0.6667
363,SqueezeNet,0.6364,0.4,0.0,0.0,0.7
364,SqueezeNet,0.5455,0.4444,0.4444,1.0,0.4444
365,SqueezeNet,0.6364,0.625,0.5,0.6667,0.625
366,SqueezeNet,0.5455,0.4444,0.0,0.0,0.6667
367,SqueezeNet,0.3636,0.3333,0.2222,0.5,0.3333
368,SqueezeNet,0.6364,0.6667,0.0,0.0,0.7778
369,SqueezeNet,0.4545,0.5,0.4,0.4,0.5
370,SqueezeNet,0.6364,0.7778,0.0,0.0,0.7778
371,SqueezeNet,0.7273,0.75,0.5714,0.6667,0.75
372,SqueezeNet,0.7273,0.7,0.0,0.0,0.8
373,SqueezeNet,0.5455,0.4667,0.4444,0.4,0.6667
374,SqueezeNet,0.6364,0.875,0.0,0.0,0.875
375,SqueezeNet,0.7273,0.8333,0.6667,0.6,0.8333
376,SqueezeNet,0.5455,0.5,0.2857,1.0,0.5
377,SqueezeNet,0.3636,0.5714,0.0,0.0,0.5714
378,SqueezeNet,0.7273,0.625,0.6667,1.0,0.625
379,SqueezeNet,0.4545,0.3571,0.4,0.5,0.4286
380,SqueezeNet,0.4545,0.4286,0.4,0.5,0.4286
381,SqueezeNet,0.8182,0.7778,0.0,0.0,1.0
382,SqueezeNet,0.6364,0.5556,0.0,0.0,0.7778
383,SqueezeNet,0.3636,0.6333,0.0,0.0,0.6667
384,SqueezeNet,0.5455,0.5556,0.2857,0.5,0.5556
385,SqueezeNet,0.7273,0.6333,0.6667,0.6,0.8333
386,SqueezeNet,0.3636,0.5,0.0,0.0,0.5
387,SqueezeNet,0.6364,0.875,0.0,0.0,0.875
388,SqueezeNet,0.5455,0.5556,0.2857,0.5,0.5556
389,SqueezeNet,0.5455,0.5,0.2857,0.5,0.5556
390,SqueezeNet,0.4545,0.5556,0.0,0.0,0.5556
391,SqueezeNet,0.3636,0.5,0.0,0.0,0.5
392,SqueezeNet,0.2727,0.375,0.0,0.0,0.375
393,SqueezeNet,0.6364,0.625,0.5,0.6667,0.625
394,SqueezeNet,0.5455,0.625,0.2857,0.3333,0.625
395,SqueezeNet,0.3636,0.5714,0.0,0.0,0.5714
396,SqueezeNet,0.6364,0.75,0.3333,0.3333,0.75
397,SqueezeNet,0.7273,0.75,0.5714,0.6667,0.75
398,SqueezeNet,0.5455,0.6667,0.0,0.0,0.6667
399,SqueezeNet,0.4545,0.4333,0.4,0.4,0.5
400,SqueezeNet,0.4545,0.3889,0.25,0.5,0.4444
401,SqueezeNet,0.5455,0.8,0.4444,0.3333,0.8
402,SqueezeNet,0.8182,1.0,0.6667,0.5,1.0
403,SqueezeNet,0.7273,0.875,0.4,0.3333,0.875
404,SqueezeNet,0.3636,0.4,0.0,0.0,0.4
405,SqueezeNet,0.4545,0.6,0.25,0.2,0.6667
406,SqueezeNet,0.6364,0.6667,0.0,0.0,0.7778
407,SqueezeNet,0.3636,0.3,0.3636,0.3333,0.4
408,SqueezeNet,0.3636,0.4444,0.0,0.0,0.4444
409,SqueezeNet,0.7273,0.7857,0.5714,0.5,0.8571
410,SqueezeNet,0.5455,0.625,0.2857,0.3333,0.625
411,SqueezeNet,0.5455,0.6667,0.0,0.0,0.75
412,SqueezeNet,0.4545,0.7,0.25,0.1667,0.8
413,SqueezeNet,0.6364,0.625,0.3333,0.3333,0.75
414,SqueezeNet,0.3636,0.3,0.2222,0.2,0.5
415,SqueezeNet,0.5455,0.5,0.0,0.0,0.5455
416,SqueezeNet,0.4545,0.4167,0.25,0.3333,0.5
417,SqueezeNet,0.4545,0.5556,0.0,0.0,0.5556
418,SqueezeNet,0.4545,0.5,0.0,0.0,0.4545
419,SqueezeNet,0.5455,0.6,0.5455,0.5,0.6
420,SqueezeNet,0.4545,0.4444,0.0,0.0,0.5556
421,SqueezeNet,0.5455,0.625,0.2857,0.3333,0.625
422,SqueezeNet,0.4545,0.4286,0.4,0.5,0.4286
423,SqueezeNet,0.3636,0.4167,0.0,0.0,0.5
424,SqueezeNet,0.2727,0.1429,0.3333,0.5,0.1429
425,SqueezeNet,0.6364,0.6667,0.6,0.6,0.6667
426,SqueezeNet,0.9091,1.0,0.8,0.6667,1.0
427,SqueezeNet,0.5455,0.625,0.2857,0.3333,0.625
428,SqueezeNet,0.4545,0.625,0.0,0.0,0.625
429,SqueezeNet,0.7273,0.7,0.4,1.0,0.7
430,SqueezeNet,0.4545,0.5357,0.25,0.25,0.5714
431,SqueezeNet,0.4545,0.5,0.25,0.3333,0.5
432,SqueezeNet,0.5455,0.5,0.0,0.0,0.5455
433,SqueezeNet,0.4545,0.3333,0.0,0.0,0.5556
434,SqueezeNet,0.4545,0.4444,0.25,0.5,0.4444
435,SqueezeNet,0.5455,0.5714,0.4444,0.5,0.5714
436,SqueezeNet,0.6364,0.5556,0.5,1.0,0.5556
437,SqueezeNet,0.5455,0.4286,0.4444,0.5,0.5714
438,SqueezeNet,0.6364,0.5,0.6667,0.8,0.5
439,SqueezeNet,0.3636,0.3889,0.0,0.0,0.4444
440,SqueezeNet,0.4545,0.7143,0.0,0.0,0.7143
441,SqueezeNet,0.5455,0.7143,0.5455,0.4286,0.75
442,SqueezeNet,0.4545,0.625,0.0,0.0,0.625
443,SqueezeNet,0.5455,0.5667,0.5455,0.5,0.6
444,SqueezeNet,0.5455,0.5714,0.4444,0.5,0.5714
445,SqueezeNet,0.5455,0.6667,0.4444,0.4,0.6667
446,SqueezeNet,0.2727,0.2778,0.0,0.0,0.3333
447,SqueezeNet,0.3636,0.4444,0.0,0.0,0.4444
448,SqueezeNet,0.6364,0.6786,0.5,0.5,0.7143
449,SqueezeNet,0.5455,0.6,0.0,0.0,0.6
450,SqueezeNet,0.6364,0.5,0.5,0.5,0.7143
451,SqueezeNet,0.6364,0.6667,0.3333,0.5,0.6667
452,SqueezeNet,0.6364,0.7,0.0,0.0,0.7
453,SqueezeNet,0.4545,0.2,0.0,0.0,0.5
454,SqueezeNet,0.4545,0.2857,0.5,0.75,0.2857
455,SqueezeNet,0.7273,0.7,0.4,1.0,0.7
456,SqueezeNet,0.3636,0.375,0.2222,0.3333,0.375
457,SqueezeNet,0.3636,0.4444,0.0,0.0,0.4444
458,SqueezeNet,0.4545,0.5714,0.25,0.25,0.5714
459,SqueezeNet,0.5455,0.5,0.4444,0.6667,0.5
460,SqueezeNet,0.6364,0.7857,0.3333,0.25,0.8571
461,SqueezeNet,0.5455,0.5556,0.2857,0.5,0.5556
462,SqueezeNet,0.4545,0.5667,0.25,0.2,0.6667
463,SqueezeNet,0.4545,0.625,0.0,0.0,0.625
464,SqueezeNet,0.6364,0.6429,0.5,0.5,0.7143
465,SqueezeNet,0.5455,0.6786,0.2857,0.25,0.7143
466,SqueezeNet,0.5455,0.5,0.0,0.0,0.75
467,SqueezeNet,0.6364,0.6,0.3333,1.0,0.6
468,SqueezeNet,0.4545,0.3333,0.4,1.0,0.3333
469,SqueezeNet,0.4545,0.5,0.25,0.3333,0.5
470,SqueezeNet,0.6364,0.75,0.3333,0.3333,0.75
471,SqueezeNet,0.3636,0.2222,0.3636,1.0,0.2222
472,SqueezeNet,0.4545,0.5556,0.0,0.0,0.5556
473,SqueezeNet,0.3636,0.375,0.2222,0.3333,0.375
474,SqueezeNet,0.9091,0.8,0.0,0.0,1.0
475,SqueezeNet,0.9091,0.8,0.0,0.0,1.0
476,SqueezeNet,0.3636,0.375,0.2222,0.3333,0.375
477,SqueezeNet,0.6364,0.7333,0.6,0.5,0.8
478,SqueezeNet,0.4545,0.5,0.25,0.3333,0.5
479,SqueezeNet,0.5455,0.5357,0.4444,0.5,0.5714
480,SqueezeNet,0.8182,0.8889,0.5,0.5,0.8889
481,SqueezeNet,0.7273,0.875,0.4,0.3333,0.875
482,SqueezeNet,0.4545,0.5,0.4,0.4,0.5
483,SqueezeNet,0.4545,0.5,0.0,0.0,0.5
484,SqueezeNet,0.7273,0.7778,0.4,0.5,0.7778
485,SqueezeNet,0.3636,0.3333,0.2222,0.5,0.3333
486,SqueezeNet,0.5455,0.625,0.2857,0.3333,0.625
487,SqueezeNet,0.4545,0.3333,0.4,1.0,0.3333
488,SqueezeNet,0.5455,0.625,0.2857,0.3333,0.625
489,SqueezeNet,0.6364,0.7,0.0,0.0,0.7
490,SqueezeNet,0.4545,0.4286,0.4,0.5,0.4286
491,SqueezeNet,0.4545,0.625,0.0,0.0,0.625
492,SqueezeNet,0.4545,0.625,0.0,0.0,0.625
493,SqueezeNet,0.3636,0.2917,0.2222,0.3333,0.375
494,SqueezeNet,0.7273,0.8214,0.5714,0.5,0.8571
495,SqueezeNet,0.5455,0.6667,0.4444,0.4,0.6667
496,SqueezeNet,0.3636,0.2857,0.3636,0.5,0.2857
497,SqueezeNet,0.3636,0.2333,0.3636,0.4,0.3333
498,SqueezeNet,0.4545,0.5714,0.25,0.25,0.5714
499,SqueezeNet,0.3636,0.3333,0.0,0.0,0.4444
500,SqueezeNet,0.6364,0.5556,0.5,1.0,0.5556
501,SqueezeNet,0.5455,0.6667,0.0,0.0,0.6667
502,SqueezeNet,0.7273,0.7778,0.4,0.5,0.7778
503,SqueezeNet,0.3636,0.2917,0.2222,0.3333,0.375
504,SqueezeNet,0.4545,0.5,0.25,0.25,0.5714
505,SqueezeNet,0.4545,0.5714,0.25,0.25,0.5714
506,SqueezeNet,0.6364,0.5,0.0,0.0,0.6364
507,SqueezeNet,0.7273,0.7083,0.5714,0.6667,0.75
508,SqueezeNet,0.6364,0.7,0.0,0.0,0.7
509,SqueezeNet,0.8182,0.7,0.0,0.0,0.9
510,SqueezeNet,0.4545,0.3333,0.4,1.0,0.3333
511,SqueezeNet,0.7273,0.7,0.4,1.0,0.7
512,SqueezeNet,0.5455,1.0,0.2857,0.1667,1.0
513,SqueezeNet,0.7273,0.5,0.0,0.0,0.7273
514,SqueezeNet,0.7273,0.7778,0.4,0.5,0.7778
515,SqueezeNet,0.5455,0.4,0.0,0.0,0.6
516,SqueezeNet,0.3636,0.4,0.0,0.0,0.4
517,SqueezeNet,0.7273,0.6667,0.4,0.5,0.7778
518,SqueezeNet,0.7273,0.7,0.4,1.0,0.7
519,SqueezeNet,0.3636,0.2857,0.3636,0.5,0.2857
520,SqueezeNet,0.7273,0.7222,0.4,0.5,0.7778
521,SqueezeNet,0.4545,0.5833,0.0,0.0,0.625
522,SqueezeNet,0.5455,1.0,0.2857,0.1667,1.0
523,SqueezeNet,0.4545,0.5833,0.0,0.0,0.625
524,SqueezeNet,0.4545,0.4167,0.25,0.3333,0.5
525,SqueezeNet,0.4545,0.5556,0.0,0.0,0.5556
526,SqueezeNet,0.4545,0.625,0.0,0.0,0.625
527,SqueezeNet,0.4545,0.4444,0.0,0.0,0.5556
528,SqueezeNet,0.2727,0.3333,0.0,0.0,0.375
529,SqueezeNet,0.4545,0.5,0.25,0.3333,0.5
530,SqueezeNet,0.5455,0.4167,0.4444,0.6667,0.5
531,SqueezeNet,0.6364,0.6667,0.3333,0.5,0.6667
532,SqueezeNet,0.7273,0.7778,0.4,0.5,0.7778
533,SqueezeNet,0.6364,0.7143,0.5,0.5,0.7143
534,SqueezeNet,0.3636,0.5,0.2222,0.1667,0.6
535,SqueezeNet,0.6364,0.4,0.0,0.0,0.7
536,SqueezeNet,0.3636,0.4,0.0,0.0,0.4
537,SqueezeNet,0.6364,0.6333,0.6,0.6,0.6667
538,SqueezeNet,0.6364,0.8333,0.0,0.0,0.875
539,SqueezeNet,0.7273,0.7,0.4,1.0,0.7
540,SqueezeNet,0.6364,0.7778,0.0,0.0,0.7778
541,SqueezeNet,0.7273,0.6111,0.4,0.5,0.7778
542,SqueezeNet,0.5455,0.5667,0.4444,0.4,0.6667
543,SqueezeNet,0.4545,0.5556,0.0,0.0,0.5556
544,SqueezeNet,0.4545,0.7333,0.25,0.1667,0.8
545,SqueezeNet,0.3636,0.3333,0.2222,0.5,0.3333
546,SqueezeNet,0.7273,0.625,0.6667,1.0,0.625
547,SqueezeNet,0.7273,0.7,0.0,0.0,0.8
548,SqueezeNet,0.8182,0.9,0.0,0.0,0.9
549,SqueezeNet,0.5455,0.6,0.0,0.0,0.6
550,SqueezeNet,0.5455,0.5556,0.2857,0.5,0.5556
551,SqueezeNet,0.7273,0.7,0.4,1.0,0.7
552,SqueezeNet,0.6364,0.6667,0.3333,0.5,0.6667
553,SqueezeNet,0.4545,0.5,0.25,0.25,0.5714
554,SqueezeNet,0.5455,0.5833,0.2857,0.3333,0.625
555,SqueezeNet,0.6364,0.7778,0.0,0.0,0.7778
556,SqueezeNet,0.4545,0.4444,0.25,0.5,0.4444
557,SqueezeNet,0.6364,0.7667,0.5,0.4,0.8333
558,SqueezeNet,0.5455,0.7,0.2857,0.2,0.8333
559,SqueezeNet,0.5455,0.5556,0.0,0.0,0.6667
560,SqueezeNet,0.7273,1.0,0.0,0.0,1.0
561,SqueezeNet,0.2727,0.3929,0.0,0.0,0.4286
562,SqueezeNet,0.5455,0.5,0.4444,0.5,0.5714
563,SqueezeNet,0.3636,0.375,0.2222,0.3333,0.375
564,SqueezeNet,0.4545,0.4444,0.0,0.0,0.5556
565,SqueezeNet,0.7273,0.5,0.0,0.0,0.7273
566,SqueezeNet,0.8182,0.9,0.0,0.0,0.9
567,SqueezeNet,0.4545,0.5417,0.0,0.0,0.625
568,SqueezeNet,0.8182,0.875,0.6667,0.6667,0.875
569,SqueezeNet,0.4545,0.5,0.0,0.0,0.5
570,SqueezeNet,0.6364,0.5714,0.6,0.75,0.5714
571,SqueezeNet,0.6364,0.6429,0.5,0.5,0.7143
572,SqueezeNet,0.4545,0.5,0.0,0.0,0.4545
573,SqueezeNet,0.4545,0.5714,0.25,0.25,0.5714
574,SqueezeNet,0.0909,0.1,0.0,0.0,0.1667
575,SqueezeNet,0.8182,0.8889,0.5,0.5,0.8889
576,SqueezeNet,0.3636,0.4444,0.0,0.0,0.4444
577,SqueezeNet,0.5455,0.6667,0.0,0.0,0.6667
578,SqueezeNet,0.3636,0.375,0.2222,0.3333,0.375
579,SqueezeNet,0.5455,0.6111,0.0,0.0,0.6667
580,SqueezeNet,0.4545,0.4643,0.25,0.25,0.5714
581,SqueezeNet,0.3636,0.5,0.0,0.0,0.5
582,SqueezeNet,0.5455,0.75,0.0,0.0,0.75
583,SqueezeNet,0.8182,0.8889,0.0,0.0,1.0
584,SqueezeNet,0.5455,0.4286,0.5455,0.75,0.4286
585,SqueezeNet,0.7273,0.7778,0.4,0.5,0.7778
586,SqueezeNet,0.7273,0.7917,0.4,0.3333,0.875
587,SqueezeNet,0.6364,0.75,0.3333,0.3333,0.75
588,SqueezeNet,0.4545,0.5,0.25,0.3333,0.5
589,SqueezeNet,0.6364,0.7917,0.0,0.0,0.875
590,SqueezeNet,0.7273,0.5,0.0,0.0,0.7273
591,SqueezeNet,0.5455,0.5833,0.0,0.0,0.75
592,SqueezeNet,0.7273,0.7143,0.6667,0.75,0.7143
593,SqueezeNet,0.5455,0.625,0.0,0.0,0.75
594,SqueezeNet,0.4545,0.5,0.0,0.0,0.625
595,SqueezeNet,0.4545,0.6667,0.25,0.2,0.6667
596,SqueezeNet,0.4545,0.3929,0.0,0.0,0.7143
597,SqueezeNet,0.5455,0.7,0.2857,0.2,0.8333
598,SqueezeNet,0.4545,0.3,0.0,0.0,0.5
599,SqueezeNet,0.7273,0.7857,0.5714,0.5,0.8571
600,SqueezeNet,0.3636,0.4286,0.0,0.0,0.5714
601,SqueezeNet,0.5455,0.5333,0.2857,0.2,0.8333
602,SqueezeNet,0.3636,0.4,0.2222,0.2,0.5
603,SqueezeNet,0.3636,0.4643,0.0,0.0,0.5714
604,SqueezeNet,0.7273,0.7,0.0,0.0,0.8
605,SqueezeNet,0.7273,0.6667,0.5714,1.0,0.6667
606,SqueezeNet,0.5455,0.5,0.2857,0.25,0.7143
607,SqueezeNet,0.4545,0.5,0.25,0.3333,0.5
608,SqueezeNet,0.5455,0.4286,0.4444,0.5,0.5714
609,SqueezeNet,0.3636,0.4286,0.2222,0.25,0.4286
610,SqueezeNet,0.4545,0.4,0.0,0.0,0.5
611,SqueezeNet,0.2727,0.25,0.0,0.0,0.375
612,SqueezeNet,0.7273,0.7778,0.4,0.5,0.7778
613,SqueezeNet,0.5455,0.5,0.2857,1.0,0.5
614,SqueezeNet,0.5455,0.7083,0.0,0.0,0.75
615,SqueezeNet,0.2727,0.4286,0.0,0.0,0.4286
616,SqueezeNet,0.4545,0.4,0.25,1.0,0.4
617,SqueezeNet,0.6364,0.6,0.3333,1.0,0.6
618,SqueezeNet,0.6364,0.6,0.3333,1.0,0.6
619,SqueezeNet,0.4545,0.6667,0.25,0.2,0.6667
620,SqueezeNet,0.6364,0.5417,0.5,0.6667,0.625
621,SqueezeNet,0.6364,0.6111,0.0,0.0,0.7778
622,SqueezeNet,0.4545,0.4444,0.25,0.5,0.4444
623,SqueezeNet,0.6364,0.875,0.0,0.0,0.875
624,SqueezeNet,0.4545,0.3571,0.4,0.5,0.4286
625,SqueezeNet,0.5455,0.5357,0.4444,0.5,0.5714
626,SqueezeNet,0.4545,0.4444,0.25,0.5,0.4444
627,SqueezeNet,0.4545,0.4643,0.25,0.25,0.5714
628,SqueezeNet,0.5455,0.4444,0.2857,0.5,0.5556
629,SqueezeNet,0.7273,0.7,0.4,1.0,0.7
630,SqueezeNet,0.4545,0.5,0.25,0.25,0.5714
631,SqueezeNet,0.4545,0.5556,0.0,0.0,0.5556
632,SqueezeNet,0.5455,0.6111,0.0,0.0,0.6667
633,SqueezeNet,0.6364,0.5556,0.3333,0.5,0.6667
634,SqueezeNet,0.6364,0.7143,0.5,0.5,0.7143
635,SqueezeNet,0.5455,0.6,0.5455,0.5,0.6
636,SqueezeNet,0.2727,0.4286,0.0,0.0,0.4286
637,SqueezeNet,0.4545,0.4667,0.25,0.2,0.6667
638,SqueezeNet,0.6364,0.7,0.0,0.0,0.7
639,SqueezeNet,0.6364,0.75,0.3333,0.3333,0.75
640,SqueezeNet,0.4545,0.5833,0.0,0.0,0.625
641,SqueezeNet,0.6364,0.6,0.0,0.0,0.7
642,SqueezeNet,0.8182,0.8889,0.5,0.5,0.8889
643,SqueezeNet,0.7273,0.5,0.0,0.0,0.7273
644,SqueezeNet,0.4545,0.7667,0.0,0.0,0.8333
645,SqueezeNet,0.6364,0.5,0.0,0.0,0.6364
646,SqueezeNet,0.4545,0.625,0.0,0.0,0.625
647,SqueezeNet,0.4545,0.375,0.4,0.6667,0.375
648,SqueezeNet,0.4545,0.4583,0.0,0.0,0.625
649,SqueezeNet,0.7273,0.7,0.4,1.0,0.7
650,SqueezeNet,0.3636,0.4,0.0,0.0,0.4
651,SqueezeNet,0.6364,0.7917,0.0,0.0,0.875
652,SqueezeNet,0.7273,0.7222,0.4,0.5,0.7778
653,SqueezeNet,0.5455,0.6786,0.2857,0.25,0.7143
654,SqueezeNet,0.2727,0.2857,0.2,0.25,0.2857
655,SqueezeNet,0.5455,0.6667,0.0,0.0,0.6667
656,SqueezeNet,0.7273,0.7857,0.5714,0.5,0.8571
657,SqueezeNet,0.6364,0.8571,0.3333,0.25,0.8571
658,SqueezeNet,0.6364,0.7917,0.0,0.0,0.875
659,SqueezeNet,0.6364,0.7143,0.5,0.5,0.7143
660,SqueezeNet,0.4545,0.3571,0.4,0.5,0.4286
661,SqueezeNet,0.6364,0.7222,0.0,0.0,0.7778
662,SqueezeNet,0.5455,0.6429,0.2857,0.25,0.7143
663,SqueezeNet,0.6364,0.7083,0.3333,0.3333,0.75
664,SqueezeNet,0.6364,0.7,0.0,0.0,0.7
665,SqueezeNet,0.7273,0.7,0.4,1.0,0.7
666,SqueezeNet,0.5455,0.5667,0.5455,0.5,0.6
667,SqueezeNet,0.3636,0.5,0.0,0.0,0.5
668,SqueezeNet,0.3636,0.6,0.2222,0.1667,0.6
669,SqueezeNet,0.3636,0.5,0.0,0.0,0.5
670,SqueezeNet,0.6364,0.6667,0.0,0.0,0.7778
671,SqueezeNet,0.4545,0.6429,0.0,0.0,0.7143
672,SqueezeNet,0.3636,0.4286,0.2222,0.25,0.4286
673,SqueezeNet,0.4545,0.3929,0.4,0.5,0.4286
674,SqueezeNet,0.5455,0.6667,0.0,0.0,0.75
675,SqueezeNet,0.7273,0.7,0.4,1.0,0.7
676,SqueezeNet,0.6364,0.8333,0.5,0.4,0.8333
677,SqueezeNet,0.6364,0.5556,0.5,1.0,0.5556
678,SqueezeNet,0.7273,0.75,0.5714,0.6667,0.75
679,SqueezeNet,0.5455,0.6667,0.0,0.0,0.75
680,SqueezeNet,0.6364,0.5833,0.5,0.6667,0.625
681,SqueezeNet,0.4545,0.4,0.25,1.0,0.4
682,SqueezeNet,0.5455,0.625,0.2857,0.3333,0.625
683,SqueezeNet,0.5455,0.5,0.2857,1.0,0.5
684,SqueezeNet,0.6364,0.5556,0.3333,0.5,0.6667
685,SqueezeNet,0.5455,0.625,0.2857,0.3333,0.625
686,SqueezeNet,0.6364,0.6,0.3333,1.0,0.6
687,SqueezeNet,0.3636,0.4,0.3636,0.3333,0.4
688,SqueezeNet,0.6364,0.75,0.3333,0.3333,0.75
689,SqueezeNet,0.7273,0.5,0.0,0.0,0.7273
690,SqueezeNet,0.6364,0.8333,0.5,0.4,0.8333
691,SqueezeNet,0.4545,0.6786,0.0,0.0,0.7143
692,SqueezeNet,0.5455,0.6667,0.4444,0.4,0.6667
693,SqueezeNet,0.5455,0.7083,0.0,0.0,0.75
694,SqueezeNet,0.4545,0.4444,0.0,0.0,0.5556
695,SqueezeNet,0.6364,0.7,0.0,0.0,0.7
696,SqueezeNet,0.7273,0.625,0.6667,1.0,0.625
697,SqueezeNet,0.6364,0.5,0.3333,0.3333,0.75
698,SqueezeNet,0.6364,0.7083,0.0,0.0,0.875
699,SqueezeNet,0.5455,0.7143,0.2857,0.25,0.7143
700,SqueezeNet,0.5455,0.8,0.4444,0.3333,0.8
701,SqueezeNet,0.8182,0.8,0.5,1.0,0.8
702,SqueezeNet,0.5455,0.75,0.0,0.0,0.75
703,SqueezeNet,0.5455,0.5,0.2857,1.0,0.5
704,SqueezeNet,0.6364,0.6,0.3333,1.0,0.6
705,SqueezeNet,0.6364,0.5,0.3333,0.5,0.6667
706,SqueezeNet,0.7273,0.7857,0.5714,0.5,0.8571
707,SqueezeNet,0.5455,0.6429,0.2857,0.25,0.7143
708,SqueezeNet,0.0909,0.125,0.0,0.0,0.125
709,SqueezeNet,0.4545,0.4667,0.25,0.2,0.6667
710,SqueezeNet,0.6364,0.6111,0.3333,0.5,0.6667
711,SqueezeNet,0.2727,0.3,0.0,0.0,0.3
712,SqueezeNet,0.2727,0.2222,0.2,0.5,0.2222
713,SqueezeNet,0.6364,0.7917,0.0,0.0,0.875
714,SqueezeNet,0.6364,0.7222,0.0,0.0,0.7778
715,SqueezeNet,0.1818,0.2333,0.0,0.0,0.3333
716,SqueezeNet,0.3636,0.2857,0.2222,0.25,0.4286
717,SqueezeNet,0.3636,0.3,0.2222,0.2,0.5
718,SqueezeNet,0.5455,0.6667,0.0,0.0,0.75
719,SqueezeNet,0.5455,0.7143,0.2857,0.25,0.7143
720,SqueezeNet,0.3636,0.5,0.0,0.0,0.5714
721,SqueezeNet,0.6364,0.6,0.3333,1.0,0.6
722,SqueezeNet,0.4545,0.5,0.0,0.0,0.5
723,SqueezeNet,0.6364,0.5714,0.6,0.75,0.5714
724,SqueezeNet,0.5455,0.5,0.0,0.0,0.5455
725,SqueezeNet,0.7273,0.7778,0.0,0.0,0.8889
726,SqueezeNet,0.7273,0.75,0.4,0.3333,0.875
727,SqueezeNet,0.6364,0.7,0.0,0.0,0.7
728,SqueezeNet,0.7273,0.7917,0.4,0.3333,0.875
729,SqueezeNet,0.6364,0.5,0.0,0.0,0.6364
730,SqueezeNet,0.6364,0.6,0.3333,1.0,0.6
731,SqueezeNet,0.8182,0.8333,0.5,0.3333,1.0
732,SqueezeNet,0.4545,0.4444,0.0,0.0,0.5556
733,SqueezeNet,0.5455,0.625,0.0,0.0,0.75
734,SqueezeNet,0.0909,0.1,0.0,0.0,0.1667
735,SqueezeNet,0.3636,0.6,0.0,0.0,0.6667
736,SqueezeNet,0.4545,0.5,0.0,0.0,0.5556
737,SqueezeNet,0.4545,0.5,0.4,0.4,0.5
738,SqueezeNet,0.6364,0.75,0.3333,0.3333,0.75
739,SqueezeNet,0.6364,0.5714,0.6,0.75,0.5714
740,SqueezeNet,0.5455,0.7143,0.2857,0.25,0.7143
741,SqueezeNet,0.6364,0.5833,0.3333,0.3333,0.75
742,SqueezeNet,0.5455,0.5556,0.2857,0.5,0.5556
743,SqueezeNet,0.8182,0.7778,0.6667,1.0,0.7778
744,SqueezeNet,0.4545,0.5,0.0,0.0,0.4545
745,SqueezeNet,0.5455,0.5,0.4444,0.5,0.5714
746,SqueezeNet,0.4545,0.4643,0.25,0.25,0.5714
747,SqueezeNet,0.6364,0.6,0.0,0.0,0.7
748,SqueezeNet,0.5455,0.4643,0.4444,0.5,0.5714
749,SqueezeNet,0.4545,0.3571,0.4,0.5,0.4286
750,SqueezeNet,0.7273,0.875,0.4,0.3333,0.875
751,SqueezeNet,0.5455,0.5,0.0,0.0,0.5455
752,SqueezeNet,0.2727,0.4,0.2,0.1667,0.4
753,SqueezeNet,0.8182,0.9286,0.6667,0.5,1.0
754,SqueezeNet,0.4545,0.4583,0.25,0.3333,0.5
755,SqueezeNet,0.7273,0.7143,0.6667,0.75,0.7143
756,SqueezeNet,0.5455,0.4,0.0,0.0,0.6
757,SqueezeNet,0.4545,0.2857,0.4,0.5,0.4286
758,SqueezeNet,0.5455,0.5556,0.0,0.0,0.6667
759,SqueezeNet,0.6364,0.5556,0.3333,0.5,0.6667
760,SqueezeNet,0.7273,0.6667,0.0,0.0,0.8889
761,SqueezeNet,0.8182,0.9167,0.5,0.3333,1.0
762,SqueezeNet,0.6364,0.75,0.3333,0.3333,0.75
763,SqueezeNet,0.1818,0.1429,0.1818,0.25,0.1429
764,SqueezeNet,0.6364,0.5833,0.3333,0.3333,0.75
765,SqueezeNet,0.5455,0.6,0.0,0.0,0.6
766,SqueezeNet,0.4545,0.4444,0.25,0.5,0.4444
767,SqueezeNet,0.5455,0.6111,0.0,0.0,0.6667
768,SqueezeNet,0.4545,0.625,0.0,0.0,0.625
769,SqueezeNet,0.7273,0.7917,0.4,0.3333,0.875
770,SqueezeNet,0.6364,0.5714,0.6,0.75,0.5714
771,SqueezeNet,0.5455,0.5714,0.4444,0.5,0.5714
772,SqueezeNet,0.6364,0.6,0.3333,1.0,0.6
773,SqueezeNet,0.4545,0.4583,0.25,0.3333,0.5
774,SqueezeNet,0.2727,0.25,0.2,0.3333,0.25
775,SqueezeNet,0.4545,0.5,0.0,0.0,0.4545
776,SqueezeNet,0.6364,0.875,0.0,0.0,0.875
777,SqueezeNet,0.4545,0.7143,0.4,0.2857,0.75
778,SqueezeNet,0.4545,0.3333,0.4,0.6667,0.375
779,SqueezeNet,0.5455,0.5,0.2857,1.0,0.5
780,SqueezeNet,0.8182,0.8,0.5,1.0,0.8
781,SqueezeNet,0.4545,0.4167,0.25,0.3333,0.5
782,SqueezeNet,0.4545,0.4286,0.4,0.5,0.4286
783,SqueezeNet,0.3636,0.3889,0.0,0.0,0.4444
784,SqueezeNet,0.4545,0.3333,0.4,1.0,0.3333
785,SqueezeNet,0.6364,0.75,0.3333,0.3333,0.75
786,SqueezeNet,0.3636,0.2667,0.3636,0.4,0.3333
787,SqueezeNet,0.7273,0.7778,0.4,0.5,0.7778
788,SqueezeNet,0.4545,0.5,0.4,0.4,0.5
789,SqueezeNet,0.4545,0.5556,0.0,0.0,0.5556
790,SqueezeNet,0.5455,0.6,0.0,0.0,0.6
791,SqueezeNet,0.8182,0.7917,0.6667,0.6667,0.875
792,SqueezeNet,0.5455,0.5,0.0,0.0,0.5455
793,SqueezeNet,0.4545,0.5,0.0,0.0,0.5
794,SqueezeNet,0.5455,0.3889,0.2857,0.5,0.5556
795,SqueezeNet,0.0909,0.2,0.0,0.0,0.2
796,SqueezeNet,0.3636,0.5667,0.0,0.0,0.6667
797,SqueezeNet,0.2727,0.2857,0.2,0.25,0.2857
798,SqueezeNet,0.8182,0.5,0.0,0.0,0.8182
799,SqueezeNet,0.7273,0.625,0.6667,1.0,0.625
800,SqueezeNet,0.7273,0.7083,0.4,0.3333,0.875
801,SqueezeNet,0.6364,0.5556,0.0,0.0,0.7778
802,SqueezeNet,0.4545,0.8,0.25,0.1667,0.8
803,SqueezeNet,0.4545,0.2,0.0,0.0,0.5
804,SqueezeNet,0.1818,0.3333,0.0,0.0,0.3333
805,SqueezeNet,0.5455,0.5714,0.2857,0.25,0.7143
806,SqueezeNet,0.4545,0.6429,0.0,0.0,0.7143
807,SqueezeNet,0.6364,0.5556,0.5,1.0,0.5556
808,SqueezeNet,0.5455,0.5,0.2857,0.5,0.5556
809,SqueezeNet,0.6364,0.7,0.0,0.0,0.7
810,SqueezeNet,0.4545,0.6,0.25,0.2,0.6667
811,SqueezeNet,0.5455,0.625,0.2857,0.3333,0.625
812,SqueezeNet,0.5455,0.6111,0.0,0.0,0.6667
813,SqueezeNet,0.3636,0.2778,0.2222,0.5,0.3333
814,SqueezeNet,0.6364,0.6667,0.3333,0.5,0.6667
815,SqueezeNet,0.4545,0.2917,0.4,0.6667,0.375
816,SqueezeNet,0.6364,0.7778,0.0,0.0,0.7778
817,SqueezeNet,0.4545,0.7143,0.0,0.0,0.7143
818,SqueezeNet,0.7273,0.7778,0.4,0.5,0.7778
819,SqueezeNet,0.5455,0.6,0.0,0.0,0.6
820,SqueezeNet,0.4545,0.5333,0.4,0.3333,0.6
821,SqueezeNet,0.5455,0.6111,0.0,0.0,0.6667
822,SqueezeNet,0.4545,0.5714,0.25,0.25,0.5714
823,SqueezeNet,0.4545,0.5,0.25,0.25,0.5714
824,SqueezeNet,0.5455,0.5833,0.2857,0.3333,0.625
825,SqueezeNet,0.8182,0.7778,0.6667,1.0,0.7778
826,SqueezeNet,0.7273,0.7,0.4,1.0,0.7
827,SqueezeNet,0.7273,0.7778,0.4,0.5,0.7778
828,SqueezeNet,0.5455,0.5714,0.4444,0.5,0.5714
829,SqueezeNet,0.4545,0.5,0.0,0.0,0.625
830,SqueezeNet,0.7273,0.8,0.0,0.0,0.8
831,SqueezeNet,0.6364,0.5,0.5,0.6667,0.625
832,SqueezeNet,0.3636,0.3333,0.0,0.0,0.4444
833,SqueezeNet,0.4545,0.5714,0.25,0.25,0.5714
834,SqueezeNet,0.3636,0.375,0.2222,0.3333,0.375
835,SqueezeNet,0.5455,0.6111,0.0,0.0,0.6667
836,SqueezeNet,0.7273,0.6667,0.5714,1.0,0.6667
837,SqueezeNet,0.2727,0.0,0.4286,0.5,0.0
838,SqueezeNet,0.5455,0.5714,0.4444,0.5,0.5714
839,SqueezeNet,0.5455,0.625,0.2857,0.3333,0.625
840,SqueezeNet,0.8182,0.7,0.0,0.0,0.9
841,SqueezeNet,0.5455,0.625,0.2857,0.3333,0.625
842,SqueezeNet,0.5455,0.6,0.0,0.0,0.6
843,SqueezeNet,0.5455,0.6,0.5455,0.5,0.6
844,SqueezeNet,0.8182,0.8889,0.5,0.5,0.8889
845,SqueezeNet,0.5455,0.5556,0.2857,0.5,0.5556
846,SqueezeNet,0.6364,0.75,0.3333,0.3333,0.75
847,SqueezeNet,0.8182,0.9286,0.6667,0.5,1.0
848,SqueezeNet,0.5455,0.6667,0.0,0.0,0.6667
849,SqueezeNet,0.8182,0.8,0.5,1.0,0.8
850,SqueezeNet,0.4545,0.5714,0.25,0.25,0.5714
851,SqueezeNet,0.2727,0.375,0.0,0.0,0.375
852,SqueezeNet,0.5455,0.5556,0.2857,0.5,0.5556
853,SqueezeNet,0.4545,0.3333,0.5,0.6,0.3333
854,SqueezeNet,0.8182,0.8571,0.75,0.75,0.8571
855,SqueezeNet,0.6364,0.7143,0.5,0.5,0.7143
856,SqueezeNet,0.3636,0.25,0.0,0.0,0.5
857,SqueezeNet,0.4545,0.5,0.25,0.3333,0.5
858,SqueezeNet,0.5455,0.7143,0.2857,0.25,0.7143
859,SqueezeNet,0.7273,0.7778,0.4,0.5,0.7778
860,SqueezeNet,0.6364,0.6667,0.6,0.6,0.6667
861,SqueezeNet,0.5455,0.4,0.0,0.0,0.6
862,SqueezeNet,0.3636,0.4,0.0,0.0,0.4
863,SqueezeNet,0.7273,0.8333,0.6667,0.6,0.8333
864,SqueezeNet,0.2727,0.2083,0.2,0.3333,0.25
865,SqueezeNet,0.5455,0.6667,0.4444,0.4,0.6667
866,SqueezeNet,0.7273,0.7778,0.4,0.5,0.7778
867,SqueezeNet,0.6364,0.7778,0.0,0.0,0.7778
868,SqueezeNet,0.2727,0.5,0.2,0.1429,0.5
869,SqueezeNet,0.4545,0.5,0.25,0.3333,0.5
870,SqueezeNet,0.6364,0.7083,0.3333,0.3333,0.75
871,SqueezeNet,0.6364,0.625,0.5,0.6667,0.625
872,SqueezeNet,0.3636,0.3,0.0,0.0,0.4
873,SqueezeNet,0.6364,0.6667,0.3333,0.5,0.6667
874,SqueezeNet,0.2727,0.3333,0.2,0.2,0.3333
875,SqueezeNet,0.3636,0.4286,0.2222,0.25,0.4286
876,SqueezeNet,0.5455,0.6667,0.4444,0.4,0.6667
877,SqueezeNet,0.9091,1.0,0.6667,0.5,1.0
878,SqueezeNet,0.4545,0.4583,0.25,0.3333,0.5
879,SqueezeNet,0.7273,0.6667,0.5714,1.0,0.6667
880,SqueezeNet,0.5455,0.75,0.0,0.0,0.75
881,SqueezeNet,0.4545,0.5556,0.0,0.0,0.5556
882,SqueezeNet,0.4545,0.6786,0.0,0.0,0.7143
883,SqueezeNet,0.8182,0.8,0.5,1.0,0.8
884,SqueezeNet,0.4545,0.4444,0.25,0.5,0.4444
885,SqueezeNet,0.6364,0.6667,0.3333,0.3333,0.75
886,SqueezeNet,0.6364,0.6429,0.5,0.5,0.7143
887,SqueezeNet,0.5455,0.75,0.0,0.0,0.75
888,SqueezeNet,0.5455,0.75,0.0,0.0,0.75
889,SqueezeNet,0.4545,0.5556,0.0,0.0,0.5556
890,SqueezeNet,0.6364,0.7,0.0,0.0,0.7
891,SqueezeNet,0.3636,0.2917,0.2222,0.3333,0.375
892,SqueezeNet,0.6364,0.5714,0.5,0.5,0.7143
893,SqueezeNet,0.7273,0.6667,0.4,0.5,0.7778
894,SqueezeNet,0.6364,0.7778,0.0,0.0,0.7778
895,SqueezeNet,0.6364,0.8571,0.3333,0.25,0.8571
896,SqueezeNet,0.7273,0.75,0.5714,0.6667,0.75
897,SqueezeNet,0.5455,0.5417,0.2857,0.3333,0.625
898,SqueezeNet,0.7273,0.6667,0.5714,1.0,0.6667
899,SqueezeNet,0.3636,0.5,0.2222,0.1667,0.6
900,SqueezeNet,0.6364,0.4,0.0,0.0,0.7
901,SqueezeNet,0.5455,0.6333,0.4444,0.4,0.6667
902,SqueezeNet,0.2727,0.5,0.0,0.0,0.5
903,SqueezeNet,0.3636,0.2857,0.3636,0.5,0.2857
904,SqueezeNet,0.8182,0.9286,0.6667,0.5,1.0
905,SqueezeNet,0.4545,0.5556,0.0,0.0,0.5556
906,SqueezeNet,0.7273,0.7083,0.4,0.3333,0.875
907,SqueezeNet,0.3636,0.4286,0.2222,0.25,0.4286
908,SqueezeNet,0.6364,0.7,0.0,0.0,0.7
909,SqueezeNet,0.6364,0.6071,0.5,0.5,0.7143
910,SqueezeNet,0.4545,0.5,0.0,0.0,0.5
911,SqueezeNet,0.7273,0.9286,0.4,0.25,1.0
912,SqueezeNet,0.6364,0.5556,0.5,1.0,0.5556
913,SqueezeNet,0.6364,0.7,0.0,0.0,0.7
914,SqueezeNet,0.6364,0.6333,0.6,0.6,0.6667
915,SqueezeNet,0.3636,0.4444,0.0,0.0,0.4444
916,SqueezeNet,0.6364,0.6,0.3333,1.0,0.6
917,SqueezeNet,0.7273,0.8333,0.0,0.0,0.8889
918,SqueezeNet,0.5455,0.5,0.4444,0.5,0.5714
919,SqueezeNet,0.5455,0.75,0.0,0.0,0.75
920,SqueezeNet,0.6364,0.7857,0.3333,0.25,0.8571
921,SqueezeNet,0.5455,0.6429,0.2857,0.25,0.7143
922,SqueezeNet,0.5455,0.625,0.2857,0.3333,0.625
923,SqueezeNet,0.7273,0.8,0.6667,0.6,0.8333
924,SqueezeNet,0.5455,0.6667,0.0,0.0,0.6667
925,SqueezeNet,0.6364,0.7857,0.3333,0.25,0.8571
926,SqueezeNet,0.5455,0.5556,0.2857,0.5,0.5556
927,SqueezeNet,0.3636,0.4444,0.0,0.0,0.4444
928,SqueezeNet,0.3636,0.375,0.2222,0.3333,0.375
929,SqueezeNet,0.4545,0.5,0.25,0.3333,0.5
930,SqueezeNet,0.7273,0.7917,0.4,0.3333,0.875
931,SqueezeNet,0.3636,0.4167,0.0,0.0,0.5
932,SqueezeNet,0.5455,0.5357,0.0,0.0,0.8571
933,SqueezeNet,0.5455,0.5833,0.2857,0.3333,0.625
934,SqueezeNet,0.1818,0.3333,0.0,0.0,0.3333
935,SqueezeNet,0.6364,0.75,0.3333,0.3333,0.75
936,SqueezeNet,0.7273,0.8571,0.5714,0.5,0.8571
937,SqueezeNet,0.4545,0.5333,0.25,0.2,0.6667
938,SqueezeNet,0.3636,0.2,0.4615,0.5,0.2
939,SqueezeNet,0.8182,0.8333,0.6667,0.6667,0.875
940,SqueezeNet,0.5455,0.5,0.5455,0.6,0.5
941,SqueezeNet,0.6364,0.5357,0.6,0.75,0.5714
942,SqueezeNet,0.7273,0.6667,0.5714,0.6667,0.75
943,SqueezeNet,0.7273,0.6,0.0,0.0,0.8
944,SqueezeNet,0.5455,0.375,0.4444,0.6667,0.5
945,SqueezeNet,0.5455,0.4444,0.0,0.0,0.6667
946,SqueezeNet,0.5455,0.6667,0.0,0.0,0.75
947,SqueezeNet,0.5455,0.75,0.0,0.0,0.75
948,SqueezeNet,0.6364,0.625,0.5,0.6667,0.625
949,SqueezeNet,0.5455,0.6429,0.2857,0.25,0.7143
950,SqueezeNet,0.8182,0.8889,0.5,0.5,0.8889
951,SqueezeNet,0.5455,0.5714,0.2857,0.25,0.7143
952,SqueezeNet,0.7273,0.625,0.6667,1.0,0.625
953,SqueezeNet,0.4545,0.5357,0.25,0.25,0.5714
954,SqueezeNet,0.4545,0.625,0.0,0.0,0.625
955,SqueezeNet,0.4545,0.3571,0.4,0.5,0.4286
956,SqueezeNet,0.5455,0.6071,0.2857,0.25,0.7143
957,SqueezeNet,0.4545,0.5556,0.0,0.0,0.5556
958,SqueezeNet,0.8182,0.8333,0.8,0.8,0.8333
959,SqueezeNet,0.3636,0.5714,0.0,0.0,0.5714
960,SqueezeNet,0.9091,0.8,0.0,0.0,1.0
961,SqueezeNet,0.5455,0.625,0.2857,0.3333,0.625
962,SqueezeNet,0.4545,0.5714,0.25,0.25,0.5714
963,SqueezeNet,0.6364,0.625,0.5,0.6667,0.625
964,SqueezeNet,0.1818,0.2857,0.0,0.0,0.2857
965,SqueezeNet,0.4545,0.4333,0.4,0.4,0.5
966,SqueezeNet,0.3636,0.2333,0.3636,0.4,0.3333
967,SqueezeNet,0.4545,0.5,0.25,0.3333,0.5
968,SqueezeNet,0.4545,0.3929,0.4,0.5,0.4286
969,SqueezeNet,0.6364,0.5,0.6,0.75,0.5714
970,SqueezeNet,0.2727,0.1786,0.2,0.25,0.2857
971,SqueezeNet,0.4545,0.5714,0.25,0.25,0.5714
972,SqueezeNet,0.6364,0.6111,0.3333,0.5,0.6667
973,SqueezeNet,0.6364,0.7778,0.0,0.0,0.7778
974,SqueezeNet,0.3636,0.25,0.3636,0.5,0.2857
975,SqueezeNet,0.5455,0.625,0.2857,0.3333,0.625
976,SqueezeNet,0.5455,0.5556,0.2857,0.5,0.5556
977,SqueezeNet,0.7273,0.8929,0.4,0.25,1.0
978,SqueezeNet,0.1818,0.3333,0.0,0.0,0.3333
979,SqueezeNet,0.5455,0.5,0.4444,0.6667,0.5
980,SqueezeNet,0.3636,0.3929,0.2222,0.25,0.4286
981,SqueezeNet,0.7273,0.75,0.5714,0.6667,0.75
982,SqueezeNet,0.5455,0.5556,0.2857,0.5,0.5556
983,SqueezeNet,0.7273,0.75,0.5714,0.6667,0.75
984,SqueezeNet,0.6364,0.7083,0.0,0.0,0.875
985,SqueezeNet,0.2727,0.4,0.2,0.1667,0.4
986,SqueezeNet,0.5455,0.7667,0.2857,0.2,0.8333
987,SqueezeNet,0.7273,0.7,0.4,1.0,0.7
988,SqueezeNet,0.8182,0.9583,0.5,0.3333,1.0
989,SqueezeNet,0.6364,0.5833,0.3333,0.3333,0.75
990,SqueezeNet,0.7273,0.6786,0.6667,0.75,0.7143
991,SqueezeNet,0.8182,0.8,0.5,1.0,0.8
992,SqueezeNet,0.4545,0.3571,0.4,0.5,0.4286
993,SqueezeNet,0.6364,0.6429,0.5,0.5,0.7143
994,SqueezeNet,0.5455,0.5417,0.2857,0.3333,0.625
995,SqueezeNet,0.3636,0.4,0.0,0.0,0.8
996,SqueezeNet,0.2727,0.2,0.3333,0.3333,0.2
997,SqueezeNet,0.3636,0.4167,0.0,0.0,0.5
998,SqueezeNet,0.4545,0.4,0.0,0.0,0.5
999,SqueezeNet,0.3636,0.4,0.3636,0.3333,0.4
1000,SqueezeNet,0.4545,0.5,0.0,0.0,0.5
1,SVM,0.8182,0.5556,0.0,0.0,1.0
2,SVM,0.5455,0.4444,0.0,0.0,0.6667
3,SVM,0.5455,0.5,0.0,0.0,1.0
4,SVM,0.5455,0.3571,0.0,0.0,0.8571
5,SVM,0.6364,0.75,0.0,0.0,0.875
6,SVM,0.9091,0.5,0.0,0.0,0.9091
7,SVM,0.8182,0.7,0.0,0.0,0.9
8,SVM,0.7273,0.6111,0.0,0.0,0.8889
9,SVM,0.5455,0.4167,0.0,0.0,0.75
10,SVM,0.7273,0.8333,0.0,0.0,1.0
11,SVM,0.7273,0.3889,0.0,0.0,0.8889
12,SVM,0.9091,0.3,0.0,0.0,1.0
13,SVM,0.8182,0.6,0.0,0.0,0.9
14,SVM,0.6364,0.5714,0.0,0.0,1.0
15,SVM,0.3636,0.2143,0.0,0.0,0.5714
16,SVM,0.7273,0.6667,0.0,0.0,0.8889
17,SVM,0.6364,0.5,0.0,0.0,0.7
18,SVM,0.6364,0.4,0.0,0.0,0.7
19,SVM,0.6364,0.6429,0.0,0.0,1.0
20,SVM,0.6364,0.8571,0.0,0.0,1.0
21,SVM,0.7273,0.5,0.0,0.0,0.8889
22,SVM,0.6364,0.4167,0.0,0.0,0.875
23,SVM,0.8182,0.5,0.0,0.0,0.9
24,SVM,0.6364,0.375,0.0,0.0,0.875
25,SVM,0.3636,0.5,0.0,0.0,0.8
26,SVM,0.8182,0.6667,0.0,0.0,1.0
27,SVM,0.6364,0.5556,0.0,0.0,0.7778
28,SVM,0.7273,0.5417,0.0,0.0,1.0
29,SVM,0.8182,0.5,0.0,0.0,1.0
30,SVM,0.6364,0.6667,0.0,0.0,0.875
31,SVM,0.8182,0.2222,0.0,0.0,1.0
32,SVM,0.3636,0.6667,0.0,0.0,0.6667
33,SVM,0.6364,0.5714,0.0,0.0,1.0
34,SVM,0.4545,0.4583,0.0,0.0,0.625
35,SVM,0.7273,0.3889,0.0,0.0,0.8889
36,SVM,0.5455,0.5357,0.0,0.0,0.8571
37,SVM,0.5455,0.5833,0.0,0.0,0.75
38,SVM,0.5455,0.3571,0.0,0.0,0.8571
39,SVM,0.8182,0.3333,0.0,0.0,1.0
40,SVM,0.6364,0.5417,0.0,0.0,0.875
41,SVM,0.7273,0.2917,0.0,0.0,1.0
42,SVM,0.3636,0.3333,0.0,0.0,0.8
43,SVM,0.6364,0.7857,0.0,0.0,1.0
44,SVM,0.6364,0.25,0.0,0.0,0.875
45,SVM,0.7273,0.6667,0.0,0.0,0.8889
46,SVM,0.5455,0.8333,0.0,0.0,1.0
47,SVM,0.9091,0.9,0.0,0.0,1.0
48,SVM,0.5455,0.4167,0.0,0.0,0.75
49,SVM,0.6364,0.8214,0.0,0.0,1.0
50,SVM,0.6364,0.5714,0.0,0.0,1.0
51,SVM,0.7273,0.6667,0.0,0.0,1.0
52,SVM,0.6364,0.3333,0.0,0.0,0.7778
53,SVM,0.9091,0.5,0.0,0.0,0.9091
54,SVM,0.6364,0.4,0.0,0.0,0.7
55,SVM,0.5455,0.6333,0.0,0.0,1.0
56,SVM,0.3636,0.5333,0.0,0.0,0.8
57,SVM,0.5455,0.9,0.0,0.0,1.0
58,SVM,0.8182,0.6,0.0,0.0,0.9
59,SVM,0.8182,0.5556,0.0,0.0,1.0
60,SVM,0.5455,0.5,0.0,0.0,0.8571
61,SVM,0.7273,0.4,0.0,0.0,0.8
62,SVM,0.6364,0.2917,0.0,0.0,0.875
63,SVM,0.6364,0.625,0.0,0.0,0.875
64,SVM,0.6364,0.5,0.0,0.0,0.875
65,SVM,0.6364,0.5,0.0,0.0,1.0
66,SVM,0.6364,0.4643,0.0,0.0,1.0
67,SVM,0.5455,0.625,0.0,0.0,0.75
68,SVM,0.5455,0.1071,0.0,0.0,0.8571
69,SVM,0.5455,0.9667,0.0,0.0,1.0
70,SVM,0.6364,0.5417,0.0,0.0,0.875
71,SVM,0.9091,0.5,0.0,0.0,0.9091
72,SVM,0.9091,0.3,0.0,0.0,1.0
73,SVM,0.7273,0.5833,0.0,0.0,1.0
74,SVM,0.6364,0.5714,0.0,0.0,1.0
75,SVM,0.4545,0.25,0.0,0.0,0.7143
76,SVM,0.5455,0.6429,0.0,0.0,0.8571
77,SVM,0.8182,0.5,0.0,0.0,0.9
78,SVM,0.6364,0.7143,0.0,0.0,1.0
79,SVM,0.6364,0.3571,0.0,0.0,1.0
80,SVM,0.4545,0.6667,0.0,0.0,0.8333
81,SVM,0.7273,0.4444,0.0,0.0,0.8889
82,SVM,0.6364,0.4286,0.0,0.0,1.0
83,SVM,0.5455,0.4643,0.0,0.0,0.8571
84,SVM,0.9091,0.3,0.0,0.0,1.0
85,SVM,0.9091,0.7,0.0,0.0,1.0
86,SVM,0.5455,0.6333,0.0,0.0,1.0
87,SVM,0.6364,0.4583,0.0,0.0,0.875
88,SVM,0.7273,0.5417,0.0,0.0,1.0
89,SVM,0.7273,0.625,0.0,0.0,1.0
90,SVM,0.5455,0.5,0.0,0.0,0.75
91,SVM,0.5455,0.375,0.0,0.0,0.75
92,SVM,0.6364,0.5,0.0,0.0,0.875
93,SVM,0.5455,0.6429,0.0,0.0,0.8571
94,SVM,0.5455,0.2857,0.0,0.0,0.8571
95,SVM,0.6364,0.4583,0.0,0.0,0.875
96,SVM,0.3636,0.3333,0.0,0.0,0.6667
97,SVM,0.4545,0.6667,0.0,0.0,0.8333
98,SVM,0.6364,0.3333,0.0,0.0,0.7778
99,SVM,1.0,0.5,0.0,0.0,1.0
100,SVM,0.8182,0.6667,0.0,0.0,1.0
101,SVM,0.7273,0.75,0.0,0.0,1.0
102,SVM,0.5455,0.5,0.0,0.0,1.0
103,SVM,0.6364,0.4286,0.0,0.0,1.0
104,SVM,0.4545,0.375,0.0,0.0,0.625
105,SVM,0.6364,0.625,0.0,0.0,0.875
106,SVM,0.5455,0.375,0.0,0.0,0.75
107,SVM,0.6364,0.4444,0.0,0.0,0.7778
108,SVM,0.4545,0.5714,0.0,0.0,0.7143
109,SVM,0.6364,0.6111,0.0,0.0,0.7778
110,SVM,0.3636,0.4333,0.0,0.0,0.6667
111,SVM,0.6364,0.5556,0.0,0.0,0.7778
112,SVM,0.4545,0.5,0.0,0.0,0.7143
113,SVM,0.7273,0.4583,0.0,0.0,1.0
114,SVM,0.5455,0.3571,0.0,0.0,0.8571
115,SVM,0.6364,0.5,0.0,0.0,1.0
116,SVM,0.4545,0.4286,0.0,0.0,0.7143
117,SVM,0.3636,0.4167,0.0,0.0,0.5
118,SVM,0.6364,0.6071,0.0,0.0,1.0
119,SVM,0.4545,0.5,0.0,0.0,0.7143
120,SVM,0.8182,0.2,0.0,0.0,0.9
121,SVM,0.6364,0.4444,0.0,0.0,0.7778
122,SVM,0.7273,0.6,0.0,0.0,0.8
123,SVM,0.4545,0.0357,0.0,0.0,0.7143
124,SVM,0.3636,0.375,0.0,0.0,0.5
125,SVM,0.6364,0.5417,0.0,0.0,0.875
126,SVM,0.6364,0.5,0.0,0.0,0.7778
127,SVM,0.6364,0.5714,0.0,0.0,1.0
128,SVM,0.6364,0.6786,0.0,0.0,1.0
129,SVM,0.6364,0.7143,0.0,0.0,1.0
130,SVM,0.6364,0.5,0.0,0.0,1.0
131,SVM,0.9091,0.9,0.0,0.0,1.0
132,SVM,0.5455,0.4667,0.0,0.0,1.0
133,SVM,0.5455,0.375,0.0,0.0,0.75
134,SVM,0.5455,0.375,0.0,0.0,0.75
135,SVM,0.6364,0.375,0.0,0.0,0.875
136,SVM,0.7273,0.6667,0.0,0.0,1.0
137,SVM,0.8182,0.7222,0.0,0.0,1.0
138,SVM,0.8182,0.9,0.0,0.0,0.9
139,SVM,0.6364,0.3571,0.0,0.0,1.0
140,SVM,0.8182,0.6,0.0,0.0,0.9
141,SVM,0.9091,0.8,0.0,0.0,1.0
142,SVM,0.6364,0.75,0.0,0.0,0.875
143,SVM,0.7273,0.375,0.0,0.0,1.0
144,SVM,0.6364,0.7857,0.0,0.0,1.0
145,SVM,0.7273,0.75,0.0,0.0,1.0
146,SVM,0.7273,0.9583,0.0,0.0,1.0
147,SVM,0.6364,0.9286,0.0,0.0,1.0
148,SVM,0.7273,0.3,0.0,0.0,0.8
149,SVM,0.6364,0.2778,0.0,0.0,0.7778
150,SVM,0.7273,0.4,0.0,0.0,0.8
151,SVM,0.5455,0.6667,0.0,0.0,0.75
152,SVM,0.5455,0.4333,0.0,0.0,1.0
153,SVM,0.4545,0.1667,0.0,0.0,0.8333
154,SVM,0.4545,0.3333,0.0,0.0,0.625
155,SVM,0.6364,0.5417,0.0,0.0,0.875
156,SVM,0.8182,0.6111,0.0,0.0,1.0
157,SVM,0.6364,0.5556,0.0,0.0,0.7778
158,SVM,0.5455,0.4286,0.0,0.0,0.8571
159,SVM,0.6364,0.5,0.0,0.0,0.875
160,SVM,0.9091,0.6,0.0,0.0,1.0
161,SVM,0.6364,0.7083,0.0,0.0,0.875
162,SVM,0.6364,0.2778,0.0,0.0,0.7778
163,SVM,0.8182,0.4,0.0,0.0,0.9
164,SVM,0.6364,0.5,0.0,0.0,0.7778
165,SVM,0.8182,0.4,0.0,0.0,0.9
166,SVM,0.2727,0.75,0.0,0.0,0.75
167,SVM,0.7273,0.4444,0.0,0.0,0.8889
168,SVM,0.6364,0.6786,0.0,0.0,1.0
169,SVM,0.7273,0.5,0.0,0.0,0.8
170,SVM,0.5455,0.6667,0.0,0.0,1.0
171,SVM,0.3636,0.4286,0.0,0.0,0.5714
172,SVM,0.9091,0.4,0.0,0.0,1.0
173,SVM,0.3636,0.4286,0.0,0.0,0.5714
174,SVM,0.5455,0.4167,0.0,0.0,0.75
175,SVM,0.9091,0.6,0.0,0.0,1.0
176,SVM,0.8182,0.2778,0.0,0.0,1.0
177,SVM,0.5455,0.4,0.0,0.0,1.0
178,SVM,0.7273,0.6667,0.0,0.0,1.0
179,SVM,0.6364,0.7857,0.0,0.0,1.0
180,SVM,0.7273,0.3333,0.0,0.0,0.8889
181,SVM,0.5455,0.6429,0.0,0.0,0.8571
182,SVM,0.3636,0.7857,0.0,0.0,1.0
183,SVM,0.7273,0.5,0.0,0.0,0.8
184,SVM,0.8182,0.6111,0.0,0.0,1.0
185,SVM,0.6364,0.5,0.0,0.0,0.875
186,SVM,0.7273,0.25,0.0,0.0,1.0
187,SVM,0.3636,0.3333,0.0,0.0,0.6667
188,SVM,0.8182,0.7,0.0,0.0,0.9
189,SVM,0.6364,0.5556,0.0,0.0,0.7778
190,SVM,0.5455,0.3214,0.0,0.0,0.8571
191,SVM,0.6364,0.4167,0.0,0.0,0.875
192,SVM,0.7273,0.7778,0.0,0.0,0.8889
193,SVM,0.7273,0.8889,0.0,0.0,0.8889
194,SVM,0.6364,0.375,0.0,0.0,0.875
195,SVM,0.6364,0.5,0.0,0.0,1.0
196,SVM,0.7273,0.1667,0.0,0.0,0.8889
197,SVM,0.9091,0.8,0.0,0.0,1.0
198,SVM,0.3636,0.375,0.0,0.0,0.5
199,SVM,0.7273,0.8333,0.0,0.0,1.0
200,SVM,0.8182,0.5,0.0,0.0,1.0
201,SVM,0.5455,0.4583,0.0,0.0,0.75
202,SVM,0.8182,0.2,0.0,0.0,0.9
203,SVM,0.6364,0.6667,0.0,0.0,0.7778
204,SVM,0.5455,0.5,0.0,0.0,1.0
205,SVM,0.4545,0.4583,0.0,0.0,0.625
206,SVM,0.8182,0.7222,0.0,0.0,1.0
207,SVM,0.6364,0.5714,0.0,0.0,1.0
208,SVM,0.4545,0.6429,0.0,0.0,0.7143
209,SVM,0.6364,0.5714,0.0,0.0,1.0
210,SVM,0.5455,0.3333,0.0,0.0,1.0
211,SVM,0.4545,0.4667,0.0,0.0,0.8333
212,SVM,0.7273,0.7083,0.0,0.0,1.0
213,SVM,0.2727,0.6071,0.0,0.0,0.75
214,SVM,0.6364,0.7143,0.0,0.0,1.0
215,SVM,0.6364,0.375,0.0,0.0,0.875
216,SVM,0.4545,0.5,0.0,0.0,0.7143
217,SVM,0.6364,0.7083,0.0,0.0,0.875
218,SVM,0.8182,0.7778,0.0,0.0,1.0
219,SVM,0.4545,0.4,0.0,0.0,1.0
220,SVM,0.4545,0.4667,0.0,0.0,0.8333
221,SVM,0.3636,0.2667,0.0,0.0,0.8
222,SVM,0.6364,0.6111,0.0,0.0,0.7778
223,SVM,0.2727,0.3214,0.0,0.0,0.75
224,SVM,0.7273,0.5833,0.0,0.0,1.0
225,SVM,0.8182,0.2222,0.0,0.0,1.0
226,SVM,0.7273,0.25,0.0,0.0,1.0
227,SVM,0.7273,0.125,0.0,0.0,1.0
228,SVM,0.7273,0.3333,0.0,0.0,0.8889
229,SVM,0.7273,0.5,0.0,0.0,0.8
230,SVM,0.5455,0.7143,0.0,0.0,0.8571
231,SVM,0.5455,0.5714,0.0,0.0,0.8571
232,SVM,0.6364,0.6667,0.0,0.0,0.7778
233,SVM,0.7273,0.5417,0.0,0.0,1.0
234,SVM,0.7273,0.375,0.0,0.0,1.0
235,SVM,0.8182,0.2,0.0,0.0,0.9
236,SVM,0.5455,0.6786,0.0,0.0,0.8571
237,SVM,0.9091,0.5,0.0,0.0,1.0
238,SVM,0.5455,0.3333,0.0,0.0,0.6667
239,SVM,0.5455,0.7333,0.0,0.0,1.0
240,SVM,0.7273,0.3,0.0,0.0,0.8
241,SVM,0.4545,0.3333,0.0,0.0,0.8333
242,SVM,0.8182,0.5,0.0,0.0,0.9
243,SVM,0.6364,0.5,0.0,0.0,0.7778
244,SVM,0.4545,0.5714,0.0,0.0,0.7143
245,SVM,0.2727,0.3333,0.0,0.0,0.5
246,SVM,0.5455,0.75,0.0,0.0,0.75
247,SVM,0.8182,0.6111,0.0,0.0,1.0
248,SVM,0.7273,0.5833,0.0,0.0,1.0
249,SVM,0.8182,0.6,0.0,0.0,0.9
250,SVM,0.6364,0.3889,0.0,0.0,0.7778
251,SVM,0.5455,0.4167,0.0,0.0,0.75
252,SVM,0.6364,0.5833,0.0,0.0,0.875
253,SVM,0.5455,0.6071,0.0,0.0,0.8571
254,SVM,0.8182,0.3,0.0,0.0,0.9
255,SVM,0.5455,0.375,0.0,0.0,0.75
256,SVM,0.6364,0.5,0.0,0.0,0.875
257,SVM,0.5455,0.4286,0.0,0.0,0.8571
258,SVM,0.5455,0.4444,0.0,0.0,0.6667
259,SVM,0.6364,0.4583,0.0,0.0,0.875
260,SVM,0.6364,0.625,0.0,0.0,0.875
261,SVM,0.8182,0.6667,0.0,0.0,1.0
262,SVM,0.5455,0.2,0.0,0.0,0.6
263,SVM,0.6364,0.5417,0.0,0.0,0.875
264,SVM,0.7273,0.4167,0.0,0.0,1.0
265,SVM,0.4545,0.25,0.0,0.0,0.625
266,SVM,0.5455,0.7143,0.0,0.0,0.8571
267,SVM,0.6364,0.3333,0.0,0.0,0.7778
268,SVM,0.7273,0.6667,0.0,0.0,0.8889
269,SVM,0.7273,0.8333,0.0,0.0,0.8889
270,SVM,0.8182,0.5556,0.0,0.0,1.0
271,SVM,0.5455,0.4444,0.0,0.0,0.6667
272,SVM,0.6364,0.5357,0.0,0.0,1.0
273,SVM,0.5455,0.7,0.0,0.0,1.0
274,SVM,0.9091,0.4,0.0,0.0,1.0
275,SVM,0.7273,0.6667,0.0,0.0,0.8889
276,SVM,0.8182,0.7778,0.0,0.0,1.0
277,SVM,0.7273,0.3333,0.0,0.0,0.8889
278,SVM,0.7273,0.5,0.0,0.0,1.0
279,SVM,0.7273,0.0556,0.0,0.0,0.8889
280,SVM,0.6364,0.6667,0.0,0.0,0.7778
281,SVM,0.8182,0.7778,0.0,0.0,1.0
282,SVM,0.2727,0.5357,0.0,0.0,0.75
283,SVM,0.7273,0.4444,0.0,0.0,0.8889
284,SVM,0.4545,0.6333,0.0,0.0,1.0
285,SVM,0.5455,0.25,0.0,0.0,0.75
286,SVM,0.7273,0.5833,0.0,0.0,1.0
287,SVM,0.5455,0.4286,0.0,0.0,0.8571
288,SVM,0.7273,0.4167,0.0,0.0,1.0
289,SVM,0.5455,0.8,0.0,0.0,1.0
290,SVM,0.7273,0.6667,0.0,0.0,1.0
291,SVM,0.8182,0.2778,0.0,0.0,1.0
292,SVM,0.5455,0.2222,0.0,0.0,0.6667
293,SVM,0.5455,0.5,0.0,0.0,0.8571
294,SVM,0.5455,0.6,0.0,0.0,1.0
295,SVM,0.4545,0.3571,0.0,0.0,0.7143
296,SVM,0.7273,0.7083,0.0,0.0,1.0
297,SVM,0.7273,0.625,0.0,0.0,1.0
298,SVM,0.3636,0.6429,0.0,0.0,1.0
299,SVM,0.4545,0.3333,0.0,0.0,1.0
300,SVM,0.7273,0.3333,0.0,0.0,0.8889
301,SVM,0.7273,0.5833,0.0,0.0,1.0
302,SVM,0.3636,0.2333,0.0,0.0,0.6667
303,SVM,0.6364,0.4444,0.0,0.0,0.7778
304,SVM,0.8182,0.6667,0.0,0.0,1.0
305,SVM,0.6364,0.375,0.0,0.0,0.875
306,SVM,0.8182,0.2222,0.0,0.0,1.0
307,SVM,0.4545,0.3214,0.0,0.0,0.7143
308,SVM,0.6364,0.6429,0.0,0.0,1.0
309,SVM,0.8182,0.4,0.0,0.0,0.9
310,SVM,0.6364,0.5417,0.0,0.0,0.875
311,SVM,0.4545,0.6,0.0,0.0,1.0
312,SVM,0.4545,0.2917,0.0,0.0,0.625
313,SVM,0.5455,0.75,0.0,0.0,0.8571
314,SVM,0.5455,0.4167,0.0,0.0,0.75
315,SVM,0.4545,0.5,0.0,0.0,0.8333
316,SVM,0.8182,0.7778,0.0,0.0,1.0
317,SVM,0.8182,0.8,0.0,0.0,0.9
318,SVM,0.9091,0.6,0.0,0.0,1.0
319,SVM,0.5455,0.6429,0.0,0.0,0.8571
320,SVM,0.5455,0.2143,0.0,0.0,0.8571
321,SVM,0.5455,0.8333,0.0,0.0,1.0
322,SVM,0.7273,0.3333,0.0,0.0,1.0
323,SVM,0.8182,0.7778,0.0,0.0,1.0
324,SVM,0.8182,1.0,0.0,0.0,1.0
325,SVM,1.0,0.5,0.0,0.0,1.0
326,SVM,0.6364,0.3889,0.0,0.0,0.7778
327,SVM,0.6364,0.5556,0.0,0.0,0.7778
328,SVM,0.7273,0.375,0.0,0.0,1.0
329,SVM,0.7273,0.5833,0.0,0.0,1.0
330,SVM,0.5455,0.6429,0.0,0.0,0.8571
331,SVM,0.7273,0.5,0.0,0.0,0.8
332,SVM,0.8182,0.5,0.0,0.0,0.9
333,SVM,0.8182,0.6667,0.0,0.0,1.0
334,SVM,0.6364,0.375,0.0,0.0,0.875
335,SVM,0.6364,0.4167,0.0,0.0,0.875
336,SVM,0.6364,0.5714,0.0,0.0,1.0
337,SVM,0.4545,0.1333,0.0,0.0,0.8333
338,SVM,1.0,0.5,0.0,0.0,1.0
339,SVM,0.7273,0.3889,0.0,0.0,0.8889
340,SVM,0.4545,0.6667,0.0,0.0,0.8333
341,SVM,0.3636,0.3333,0.0,0.0,0.6667
342,SVM,0.6364,0.4444,0.0,0.0,0.7778
343,SVM,0.1818,0.2,0.0,0.0,0.4
344,SVM,0.7273,0.4583,0.0,0.0,1.0
345,SVM,0.7273,0.4583,0.0,0.0,1.0
346,SVM,0.6364,0.6,0.0,0.0,0.7
347,SVM,0.5455,0.2333,0.0,0.0,1.0
348,SVM,0.5455,0.5,0.0,0.0,0.75
349,SVM,0.5455,0.2857,0.0,0.0,0.8571
350,SVM,0.4545,0.2143,0.0,0.0,0.7143
351,SVM,0.6364,0.5556,0.0,0.0,0.7778
352,SVM,0.9091,0.5,0.0,0.0,1.0
353,SVM,0.5455,0.6667,0.0,0.0,0.75
354,SVM,0.4545,0.5,0.0,0.0,0.7143
355,SVM,0.4545,0.6667,0.0,0.0,0.8333
356,SVM,0.4545,0.2857,0.0,0.0,0.7143
357,SVM,0.7273,0.7083,0.0,0.0,1.0
358,SVM,0.5455,0.5357,0.0,0.0,0.8571
359,SVM,0.7273,0.4,0.0,0.0,0.8
360,SVM,0.6364,0.4583,0.0,0.0,0.875
361,SVM,0.4545,0.2857,0.0,0.0,0.7143
362,SVM,0.6364,0.6667,0.0,0.0,0.7778
363,SVM,0.8182,0.3,0.0,0.0,0.9
364,SVM,0.7273,0.4444,0.0,0.0,0.8889
365,SVM,0.7273,0.5833,0.0,0.0,1.0
366,SVM,0.7273,0.1667,0.0,0.0,0.8889
367,SVM,0.6364,0.3333,0.0,0.0,0.7778
368,SVM,0.8182,0.4444,0.0,0.0,1.0
369,SVM,0.4545,0.4667,0.0,0.0,0.8333
370,SVM,0.7273,0.6667,0.0,0.0,0.8889
371,SVM,0.7273,0.75,0.0,0.0,1.0
372,SVM,0.8182,0.4,0.0,0.0,0.9
373,SVM,0.4545,0.4667,0.0,0.0,0.8333
374,SVM,0.7273,0.7083,0.0,0.0,1.0
375,SVM,0.4545,0.7,0.0,0.0,0.8333
376,SVM,0.6364,0.5,0.0,0.0,0.7
377,SVM,0.5455,0.5714,0.0,0.0,0.8571
378,SVM,0.7273,0.625,0.0,0.0,1.0
379,SVM,0.5455,0.3571,0.0,0.0,0.8571
380,SVM,0.5455,0.3571,0.0,0.0,0.8571
381,SVM,0.8182,0.4444,0.0,0.0,1.0
382,SVM,0.6364,0.4444,0.0,0.0,0.7778
383,SVM,0.4545,0.4667,0.0,0.0,0.8333
384,SVM,0.7273,0.4444,0.0,0.0,0.8889
385,SVM,0.5455,0.6333,0.0,0.0,1.0
386,SVM,0.6364,0.375,0.0,0.0,0.875
387,SVM,0.7273,0.7917,0.0,0.0,1.0
388,SVM,0.7273,0.5,0.0,0.0,0.8889
389,SVM,0.6364,0.4444,0.0,0.0,0.7778
390,SVM,0.6364,0.5556,0.0,0.0,0.7778
391,SVM,0.5455,0.375,0.0,0.0,0.75
392,SVM,0.7273,0.2917,0.0,0.0,1.0
393,SVM,0.7273,0.5833,0.0,0.0,1.0
394,SVM,0.6364,0.5417,0.0,0.0,0.875
395,SVM,0.5455,0.3571,0.0,0.0,0.8571
396,SVM,0.6364,0.5833,0.0,0.0,0.875
397,SVM,0.6364,0.75,0.0,0.0,0.875
398,SVM,0.8182,0.5556,0.0,0.0,1.0
399,SVM,0.3636,0.4,0.0,0.0,0.6667
400,SVM,0.6364,0.3889,0.0,0.0,0.7778
401,SVM,0.3636,0.7667,0.0,0.0,0.8
402,SVM,0.6364,1.0,0.0,0.0,1.0
403,SVM,0.6364,0.7083,0.0,0.0,0.875
404,SVM,0.6364,0.3,0.0,0.0,0.7
405,SVM,0.4545,0.4667,0.0,0.0,0.8333
406,SVM,0.8182,0.4444,0.0,0.0,1.0
407,SVM,0.3636,0.2667,0.0,0.0,0.8
408,SVM,0.8182,0.3889,0.0,0.0,1.0
409,SVM,0.6364,0.7857,0.0,0.0,1.0
410,SVM,0.5455,0.5417,0.0,0.0,0.75
411,SVM,0.5455,0.5,0.0,0.0,0.75
412,SVM,0.4545,0.6333,0.0,0.0,1.0
413,SVM,0.6364,0.5,0.0,0.0,0.875
414,SVM,0.4545,0.2333,0.0,0.0,0.8333
415,SVM,1.0,0.5,0.0,0.0,1.0
416,SVM,0.6364,0.4167,0.0,0.0,0.875
417,SVM,0.5455,0.5556,0.0,0.0,0.6667
418,SVM,0.8182,0.5,0.0,0.0,0.8182
419,SVM,0.4545,0.6,0.0,0.0,1.0
420,SVM,0.7273,0.2222,0.0,0.0,0.8889
421,SVM,0.7273,0.625,0.0,0.0,1.0
422,SVM,0.5455,0.3571,0.0,0.0,0.8571
423,SVM,0.4545,0.2917,0.0,0.0,0.625
424,SVM,0.3636,0.1429,0.0,0.0,0.5714
425,SVM,0.4545,0.6,0.0,0.0,0.8333
426,SVM,0.7273,0.9583,0.0,0.0,1.0
427,SVM,0.7273,0.375,0.0,0.0,1.0
428,SVM,0.7273,0.5417,0.0,0.0,1.0
429,SVM,0.9091,0.7,0.0,0.0,1.0
430,SVM,0.4545,0.4643,0.0,0.0,0.7143
431,SVM,0.4545,0.4583,0.0,0.0,0.625
432,SVM,0.8182,0.5,0.0,0.0,0.8182
433,SVM,0.8182,0.2222,0.0,0.0,1.0
434,SVM,0.6364,0.3889,0.0,0.0,0.7778
435,SVM,0.5455,0.5357,0.0,0.0,0.8571
436,SVM,0.7273,0.5556,0.0,0.0,0.8889
437,SVM,0.5455,0.4286,0.0,0.0,0.8571
438,SVM,0.4545,0.4667,0.0,0.0,0.8333
439,SVM,0.8182,0.2778,0.0,0.0,1.0
440,SVM,0.6364,0.6429,0.0,0.0,1.0
441,SVM,0.3636,0.6071,0.0,0.0,1.0
442,SVM,0.6364,0.4583,0.0,0.0,0.875
443,SVM,0.3636,0.5,0.0,0.0,0.8
444,SVM,0.4545,0.5,0.0,0.0,0.7143
445,SVM,0.3636,0.6333,0.0,0.0,0.6667
446,SVM,0.7273,0.2222,0.0,0.0,0.8889
447,SVM,0.5455,0.3333,0.0,0.0,0.6667
448,SVM,0.6364,0.6071,0.0,0.0,1.0
449,SVM,0.7273,0.5,0.0,0.0,0.8
450,SVM,0.6364,0.5,0.0,0.0,1.0
451,SVM,0.7273,0.5556,0.0,0.0,0.8889
452,SVM,0.8182,0.5,0.0,0.0,0.9
453,SVM,0.9091,0.0,0.0,0.0,1.0
454,SVM,0.5455,0.2857,0.0,0.0,0.8571
455,SVM,0.9091,0.7,0.0,0.0,1.0
456,SVM,0.6364,0.375,0.0,0.0,0.875
457,SVM,0.6364,0.4444,0.0,0.0,0.7778
458,SVM,0.5455,0.5714,0.0,0.0,0.8571
459,SVM,0.7273,0.5,0.0,0.0,1.0
460,SVM,0.5455,0.6071,0.0,0.0,0.8571
461,SVM,0.7273,0.5556,0.0,0.0,0.8889
462,SVM,0.5455,0.4333,0.0,0.0,1.0
463,SVM,0.6364,0.5833,0.0,0.0,0.875
464,SVM,0.6364,0.5714,0.0,0.0,1.0
465,SVM,0.6364,0.5357,0.0,0.0,1.0
466,SVM,0.6364,0.375,0.0,0.0,0.875
467,SVM,0.9091,0.6,0.0,0.0,1.0
468,SVM,0.7273,0.3333,0.0,0.0,0.8889
469,SVM,0.4545,0.4167,0.0,0.0,0.625
470,SVM,0.6364,0.6667,0.0,0.0,0.875
471,SVM,0.6364,0.2222,0.0,0.0,0.7778
472,SVM,0.5455,0.3333,0.0,0.0,0.6667
473,SVM,0.4545,0.2083,0.0,0.0,0.625
474,SVM,0.9091,0.6,0.0,0.0,1.0
475,SVM,0.9091,0.5,0.0,0.0,1.0
476,SVM,0.5455,0.2917,0.0,0.0,0.75
477,SVM,0.4545,0.6,0.0,0.0,1.0
478,SVM,0.7273,0.3333,0.0,0.0,1.0
479,SVM,0.4545,0.4643,0.0,0.0,0.7143
480,SVM,0.8182,0.7778,0.0,0.0,1.0
481,SVM,0.6364,0.7917,0.0,0.0,0.875
482,SVM,0.4545,0.4333,0.0,0.0,0.8333
483,SVM,0.8182,0.4,0.0,0.0,0.9
484,SVM,0.7273,0.5556,0.0,0.0,0.8889
485,SVM,0.7273,0.2778,0.0,0.0,0.8889
486,SVM,0.7273,0.2917,0.0,0.0,1.0
487,SVM,0.5455,0.3333,0.0,0.0,0.6667
488,SVM,0.6364,0.5417,0.0,0.0,0.875
489,SVM,0.9091,0.5,0.0,0.0,1.0
490,SVM,0.5455,0.3571,0.0,0.0,0.8571
491,SVM,0.6364,0.625,0.0,0.0,0.875
492,SVM,0.7273,0.625,0.0,0.0,1.0
493,SVM,0.5455,0.2083,0.0,0.0,0.75
494,SVM,0.6364,0.75,0.0,0.0,1.0
495,SVM,0.5455,0.6,0.0,0.0,1.0
496,SVM,0.5455,0.2143,0.0,0.0,0.8571
497,SVM,0.4545,0.2333,0.0,0.0,0.8333
498,SVM,0.4545,0.5714,0.0,0.0,0.7143
499,SVM,0.5455,0.2222,0.0,0.0,0.6667
500,SVM,0.6364,0.5556,0.0,0.0,0.7778
501,SVM,0.8182,0.4444,0.0,0.0,1.0
502,SVM,0.7273,0.6111,0.0,0.0,0.8889
503,SVM,0.4545,0.2083,0.0,0.0,0.625
504,SVM,0.6364,0.3571,0.0,0.0,1.0
505,SVM,0.4545,0.5,0.0,0.0,0.7143
506,SVM,0.8182,0.5,0.0,0.0,0.8182
507,SVM,0.7273,0.5417,0.0,0.0,1.0
508,SVM,0.8182,0.7,0.0,0.0,0.9
509,SVM,0.9091,0.4,0.0,0.0,1.0
510,SVM,0.4545,0.3333,0.0,0.0,0.5556
511,SVM,0.7273,0.7,0.0,0.0,0.8
512,SVM,0.4545,0.9667,0.0,0.0,1.0
513,SVM,1.0,0.5,0.0,0.0,1.0
514,SVM,0.8182,0.7222,0.0,0.0,1.0
515,SVM,0.8182,0.2,0.0,0.0,0.9
516,SVM,0.8182,0.4,0.0,0.0,0.9
517,SVM,0.7273,0.5,0.0,0.0,0.8889
518,SVM,0.7273,0.7,0.0,0.0,0.8
519,SVM,0.5455,0.2143,0.0,0.0,0.8571
520,SVM,0.8182,0.4444,0.0,0.0,1.0
521,SVM,0.4545,0.4583,0.0,0.0,0.625
522,SVM,0.4545,1.0,0.0,0.0,1.0
523,SVM,0.6364,0.4167,0.0,0.0,0.875
524,SVM,0.5455,0.3333,0.0,0.0,0.75
525,SVM,0.7273,0.4444,0.0,0.0,0.8889
526,SVM,0.5455,0.5417,0.0,0.0,0.75
527,SVM,0.6364,0.3333,0.0,0.0,0.7778
528,SVM,0.6364,0.25,0.0,0.0,0.875
529,SVM,0.5455,0.3333,0.0,0.0,0.75
530,SVM,0.6364,0.4167,0.0,0.0,0.875
531,SVM,0.7273,0.6667,0.0,0.0,0.8889
532,SVM,0.8182,0.6667,0.0,0.0,1.0
533,SVM,0.6364,0.5714,0.0,0.0,1.0
534,SVM,0.3636,0.4333,0.0,0.0,0.8
535,SVM,0.8182,0.4,0.0,0.0,0.9
536,SVM,0.7273,0.3,0.0,0.0,0.8
537,SVM,0.5455,0.5667,0.0,0.0,1.0
538,SVM,0.7273,0.75,0.0,0.0,1.0
539,SVM,0.8182,0.7,0.0,0.0,0.9
540,SVM,0.7273,0.5556,0.0,0.0,0.8889
541,SVM,0.8182,0.5556,0.0,0.0,1.0
542,SVM,0.5455,0.4667,0.0,0.0,1.0
543,SVM,0.6364,0.5556,0.0,0.0,0.7778
544,SVM,0.4545,0.5,0.0,0.0,1.0
545,SVM,0.6364,0.3333,0.0,0.0,0.7778
546,SVM,0.6364,0.625,0.0,0.0,0.875
547,SVM,0.9091,0.4,0.0,0.0,1.0
548,SVM,0.9091,0.8,0.0,0.0,1.0
549,SVM,0.9091,0.5,0.0,0.0,1.0
550,SVM,0.7273,0.5,0.0,0.0,0.8889
551,SVM,0.8182,0.7,0.0,0.0,0.9
552,SVM,0.7273,0.6111,0.0,0.0,0.8889
553,SVM,0.6364,0.3214,0.0,0.0,1.0
554,SVM,0.6364,0.5417,0.0,0.0,0.875
555,SVM,0.7273,0.4444,0.0,0.0,0.8889
556,SVM,0.6364,0.4444,0.0,0.0,0.7778
557,SVM,0.5455,0.6,0.0,0.0,1.0
558,SVM,0.5455,0.5667,0.0,0.0,1.0
559,SVM,0.7273,0.4444,0.0,0.0,0.8889
560,SVM,0.7273,0.875,0.0,0.0,1.0
561,SVM,0.4545,0.2857,0.0,0.0,0.7143
562,SVM,0.6364,0.4286,0.0,0.0,1.0
563,SVM,0.5455,0.375,0.0,0.0,0.75
564,SVM,0.5455,0.2222,0.0,0.0,0.6667
565,SVM,1.0,0.5,0.0,0.0,1.0
566,SVM,0.9091,0.4,0.0,0.0,1.0
567,SVM,0.5455,0.375,0.0,0.0,0.75
568,SVM,0.7273,0.7917,0.0,0.0,1.0
569,SVM,0.7273,0.4,0.0,0.0,0.8
570,SVM,0.6364,0.5714,0.0,0.0,1.0
571,SVM,0.5455,0.5357,0.0,0.0,0.8571
572,SVM,0.8182,0.5,0.0,0.0,0.8182
573,SVM,0.4545,0.5714,0.0,0.0,0.7143
574,SVM,0.1818,0.0,0.0,0.0,0.3333
575,SVM,0.7273,0.8333,0.0,0.0,0.8889
576,SVM,0.7273,0.4444,0.0,0.0,0.8889
577,SVM,0.8182,0.5556,0.0,0.0,1.0
578,SVM,0.6364,0.2083,0.0,0.0,0.875
579,SVM,0.8182,0.5556,0.0,0.0,1.0
580,SVM,0.4545,0.25,0.0,0.0,0.7143
581,SVM,0.4545,0.375,0.0,0.0,0.625
582,SVM,0.7273,0.5,0.0,0.0,1.0
583,SVM,0.8182,0.7778,0.0,0.0,1.0
584,SVM,0.5455,0.4286,0.0,0.0,0.8571
585,SVM,0.8182,0.7222,0.0,0.0,1.0
586,SVM,0.7273,0.625,0.0,0.0,1.0
587,SVM,0.7273,0.5833,0.0,0.0,1.0
588,SVM,0.4545,0.4583,0.0,0.0,0.625
589,SVM,0.7273,0.5,0.0,0.0,1.0
590,SVM,0.8182,0.5,0.0,0.0,0.8182
591,SVM,0.6364,0.4167,0.0,0.0,0.875
592,SVM,0.6364,0.6071,0.0,0.0,1.0
593,SVM,0.5455,0.375,0.0,0.0,0.75
594,SVM,0.6364,0.5,0.0,0.0,0.875
595,SVM,0.5455,0.6667,0.0,0.0,1.0
596,SVM,0.5455,0.2857,0.0,0.0,0.8571
597,SVM,0.5455,0.5667,0.0,0.0,1.0
598,SVM,0.8182,0.2,0.0,0.0,0.9
599,SVM,0.6364,0.7143,0.0,0.0,1.0
600,SVM,0.4545,0.2857,0.0,0.0,0.7143
601,SVM,0.4545,0.4333,0.0,0.0,0.8333
602,SVM,0.3636,0.3667,0.0,0.0,0.6667
603,SVM,0.6364,0.4286,0.0,0.0,1.0
604,SVM,0.9091,0.4,0.0,0.0,1.0
605,SVM,0.8182,0.6667,0.0,0.0,1.0
606,SVM,0.5455,0.3929,0.0,0.0,0.8571
607,SVM,0.5455,0.4167,0.0,0.0,0.75
608,SVM,0.5455,0.3571,0.0,0.0,0.8571
609,SVM,0.5455,0.4286,0.0,0.0,0.8571
610,SVM,0.7273,0.3,0.0,0.0,0.8
611,SVM,0.7273,0.25,0.0,0.0,1.0
612,SVM,0.6364,0.7222,0.0,0.0,0.7778
613,SVM,0.9091,0.5,0.0,0.0,1.0
614,SVM,0.7273,0.5833,0.0,0.0,1.0
615,SVM,0.5455,0.4286,0.0,0.0,0.8571
616,SVM,0.7273,0.4,0.0,0.0,0.8
617,SVM,0.8182,0.6,0.0,0.0,0.9
618,SVM,0.8182,0.6,0.0,0.0,0.9
619,SVM,0.4545,0.4667,0.0,0.0,0.8333
620,SVM,0.6364,0.5,0.0,0.0,0.875
621,SVM,0.8182,0.3889,0.0,0.0,1.0
622,SVM,0.6364,0.3889,0.0,0.0,0.7778
623,SVM,0.6364,0.625,0.0,0.0,0.875
624,SVM,0.5455,0.3571,0.0,0.0,0.8571
625,SVM,0.5455,0.4643,0.0,0.0,0.8571
626,SVM,0.6364,0.4444,0.0,0.0,0.7778
627,SVM,0.6364,0.3571,0.0,0.0,1.0
628,SVM,0.6364,0.4444,0.0,0.0,0.7778
629,SVM,0.8182,0.7,0.0,0.0,0.9
630,SVM,0.5455,0.3929,0.0,0.0,0.8571
631,SVM,0.7273,0.3889,0.0,0.0,0.8889
632,SVM,0.7273,0.5,0.0,0.0,0.8889
633,SVM,0.7273,0.5556,0.0,0.0,0.8889
634,SVM,0.5455,0.5714,0.0,0.0,0.8571
635,SVM,0.3636,0.6,0.0,0.0,0.8
636,SVM,0.5455,0.1429,0.0,0.0,0.8571
637,SVM,0.4545,0.3,0.0,0.0,0.8333
638,SVM,0.6364,0.6,0.0,0.0,0.7
639,SVM,0.6364,0.5833,0.0,0.0,0.875
640,SVM,0.6364,0.4583,0.0,0.0,0.875
641,SVM,0.7273,0.4,0.0,0.0,0.8
642,SVM,0.8182,0.7778,0.0,0.0,1.0
643,SVM,0.9091,0.5,0.0,0.0,0.9091
644,SVM,0.4545,0.4667,0.0,0.0,0.8333
645,SVM,0.7273,0.5,0.0,0.0,0.7273
646,SVM,0.7273,0.5833,0.0,0.0,1.0
647,SVM,0.6364,0.2917,0.0,0.0,0.875
648,SVM,0.6364,0.375,0.0,0.0,0.875
649,SVM,0.8182,0.7,0.0,0.0,0.9
650,SVM,0.7273,0.3,0.0,0.0,0.8
651,SVM,0.6364,0.5833,0.0,0.0,0.875
652,SVM,0.8182,0.5,0.0,0.0,1.0
653,SVM,0.5455,0.6071,0.0,0.0,0.8571
654,SVM,0.6364,0.2143,0.0,0.0,1.0
655,SVM,0.8182,0.6667,0.0,0.0,1.0
656,SVM,0.5455,0.7143,0.0,0.0,0.8571
657,SVM,0.6364,0.8571,0.0,0.0,1.0
658,SVM,0.7273,0.5833,0.0,0.0,1.0
659,SVM,0.5455,0.6786,0.0,0.0,0.8571
660,SVM,0.5455,0.2857,0.0,0.0,0.8571
661,SVM,0.8182,0.6667,0.0,0.0,1.0
662,SVM,0.5455,0.4643,0.0,0.0,0.8571
663,SVM,0.7273,0.625,0.0,0.0,1.0
664,SVM,0.7273,0.5,0.0,0.0,0.8
665,SVM,0.8182,0.7,0.0,0.0,0.9
666,SVM,0.4545,0.4667,0.0,0.0,1.0
667,SVM,0.5455,0.375,0.0,0.0,0.75
668,SVM,0.4545,0.3333,0.0,0.0,1.0
669,SVM,0.7273,0.5,0.0,0.0,1.0
670,SVM,0.6364,0.6667,0.0,0.0,0.7778
671,SVM,0.5455,0.5,0.0,0.0,0.8571
672,SVM,0.3636,0.4286,0.0,0.0,0.5714
673,SVM,0.5455,0.3571,0.0,0.0,0.8571
674,SVM,0.7273,0.5417,0.0,0.0,1.0
675,SVM,0.8182,0.7,0.0,0.0,0.9
676,SVM,0.4545,0.7333,0.0,0.0,0.8333
677,SVM,0.8182,0.5556,0.0,0.0,1.0
678,SVM,0.6364,0.6667,0.0,0.0,0.875
679,SVM,0.6364,0.4583,0.0,0.0,0.875
680,SVM,0.7273,0.5,0.0,0.0,1.0
681,SVM,0.7273,0.4,0.0,0.0,0.8
682,SVM,0.5455,0.625,0.0,0.0,0.75
683,SVM,0.7273,0.5,0.0,0.0,0.8
684,SVM,0.8182,0.5,0.0,0.0,1.0
685,SVM,0.5455,0.5833,0.0,0.0,0.75
686,SVM,0.7273,0.6,0.0,0.0,0.8
687,SVM,0.4545,0.3333,0.0,0.0,1.0
688,SVM,0.7273,0.75,0.0,0.0,1.0
689,SVM,0.9091,0.5,0.0,0.0,0.9091
690,SVM,0.5455,0.7333,0.0,0.0,1.0
691,SVM,0.5455,0.5357,0.0,0.0,0.8571
692,SVM,0.5455,0.4667,0.0,0.0,1.0
693,SVM,0.6364,0.5833,0.0,0.0,0.875
694,SVM,0.6364,0.4444,0.0,0.0,0.7778
695,SVM,0.9091,0.6,0.0,0.0,1.0
696,SVM,0.7273,0.625,0.0,0.0,1.0
697,SVM,0.6364,0.4167,0.0,0.0,0.875
698,SVM,0.6364,0.5417,0.0,0.0,0.875
699,SVM,0.6364,0.6429,0.0,0.0,1.0
700,SVM,0.3636,0.7333,0.0,0.0,0.8
701,SVM,0.9091,0.8,0.0,0.0,1.0
702,SVM,0.7273,0.6667,0.0,0.0,1.0
703,SVM,0.7273,0.5,0.0,0.0,0.8
704,SVM,0.7273,0.6,0.0,0.0,0.8
705,SVM,0.7273,0.3889,0.0,0.0,0.8889
706,SVM,0.6364,0.6786,0.0,0.0,1.0
707,SVM,0.5455,0.4643,0.0,0.0,0.8571
708,SVM,0.6364,0.125,0.0,0.0,0.875
709,SVM,0.5455,0.3,0.0,0.0,1.0
710,SVM,0.6364,0.6111,0.0,0.0,0.7778
711,SVM,0.9091,0.3,0.0,0.0,1.0
712,SVM,0.5455,0.1111,0.0,0.0,0.6667
713,SVM,0.6364,0.5,0.0,0.0,0.875
714,SVM,0.7273,0.5556,0.0,0.0,0.8889
715,SVM,0.4545,0.1667,0.0,0.0,0.8333
716,SVM,0.5455,0.1429,0.0,0.0,0.8571
717,SVM,0.5455,0.2333,0.0,0.0,1.0
718,SVM,0.6364,0.4583,0.0,0.0,0.875
719,SVM,0.6364,0.7143,0.0,0.0,1.0
720,SVM,0.6364,0.25,0.0,0.0,1.0
721,SVM,0.7273,0.6,0.0,0.0,0.8
722,SVM,0.8182,0.4,0.0,0.0,0.9
723,SVM,0.6364,0.5,0.0,0.0,1.0
724,SVM,0.7273,0.5,0.0,0.0,0.7273
725,SVM,0.7273,0.6667,0.0,0.0,0.8889
726,SVM,0.7273,0.625,0.0,0.0,1.0
727,SVM,0.8182,0.5,0.0,0.0,0.9
728,SVM,0.7273,0.7083,0.0,0.0,1.0
729,SVM,1.0,0.5,0.0,0.0,1.0
730,SVM,0.7273,0.6,0.0,0.0,0.8
731,SVM,0.7273,0.5833,0.0,0.0,1.0
732,SVM,0.7273,0.2778,0.0,0.0,0.8889
733,SVM,0.7273,0.625,0.0,0.0,1.0
734,SVM,0.2727,0.0,0.0,0.0,0.5
735,SVM,0.4545,0.5,0.0,0.0,0.8333
736,SVM,0.4545,0.3889,0.0,0.0,0.5556
737,SVM,0.4545,0.3,0.0,0.0,0.8333
738,SVM,0.6364,0.5833,0.0,0.0,0.875
739,SVM,0.6364,0.5357,0.0,0.0,1.0
740,SVM,0.5455,0.5714,0.0,0.0,0.8571
741,SVM,0.7273,0.5833,0.0,0.0,1.0
742,SVM,0.6364,0.4444,0.0,0.0,0.7778
743,SVM,0.7273,0.7778,0.0,0.0,0.8889
744,SVM,0.9091,0.5,0.0,0.0,0.9091
745,SVM,0.5455,0.3929,0.0,0.0,0.8571
746,SVM,0.6364,0.2143,0.0,0.0,1.0
747,SVM,0.8182,0.4,0.0,0.0,0.9
748,SVM,0.5455,0.3571,0.0,0.0,0.8571
749,SVM,0.3636,0.2857,0.0,0.0,0.5714
750,SVM,0.6364,0.7917,0.0,0.0,0.875
751,SVM,0.8182,0.5,0.0,0.0,0.8182
752,SVM,0.4545,0.4,0.0,0.0,1.0
753,SVM,0.6364,0.75,0.0,0.0,1.0
754,SVM,0.6364,0.4167,0.0,0.0,0.875
755,SVM,0.6364,0.6786,0.0,0.0,1.0
756,SVM,0.8182,0.3,0.0,0.0,0.9
757,SVM,0.5455,0.2857,0.0,0.0,0.8571
758,SVM,0.6364,0.3889,0.0,0.0,0.7778
759,SVM,0.8182,0.5556,0.0,0.0,1.0
760,SVM,0.8182,0.4444,0.0,0.0,1.0
761,SVM,0.7273,0.6667,0.0,0.0,1.0
762,SVM,0.7273,0.6667,0.0,0.0,1.0
763,SVM,0.2727,0.1429,0.0,0.0,0.4286
764,SVM,0.6364,0.5833,0.0,0.0,0.875
765,SVM,0.7273,0.4,0.0,0.0,0.8
766,SVM,0.6364,0.3889,0.0,0.0,0.7778
767,SVM,0.5455,0.5,0.0,0.0,0.6667
768,SVM,0.5455,0.5,0.0,0.0,0.75
769,SVM,0.7273,0.7917,0.0,0.0,1.0
770,SVM,0.5455,0.5,0.0,0.0,0.8571
771,SVM,0.5455,0.4286,0.0,0.0,0.8571
772,SVM,0.9091,0.6,0.0,0.0,1.0
773,SVM,0.7273,0.375,0.0,0.0,1.0
774,SVM,0.2727,0.25,0.0,0.0,0.375
775,SVM,0.9091,0.5,0.0,0.0,0.9091
776,SVM,0.6364,0.875,0.0,0.0,0.875
777,SVM,0.2727,0.5357,0.0,0.0,0.75
778,SVM,0.7273,0.3333,0.0,0.0,1.0
779,SVM,0.8182,0.5,0.0,0.0,0.9
780,SVM,0.9091,0.8,0.0,0.0,1.0
781,SVM,0.4545,0.25,0.0,0.0,0.625
782,SVM,0.5455,0.3571,0.0,0.0,0.8571
783,SVM,0.8182,0.3333,0.0,0.0,1.0
784,SVM,0.5455,0.3333,0.0,0.0,0.6667
785,SVM,0.6364,0.5833,0.0,0.0,0.875
786,SVM,0.4545,0.2333,0.0,0.0,0.8333
787,SVM,0.8182,0.7778,0.0,0.0,1.0
788,SVM,0.4545,0.5,0.0,0.0,0.8333
789,SVM,0.7273,0.4444,0.0,0.0,0.8889
790,SVM,0.8182,0.4,0.0,0.0,0.9
791,SVM,0.7273,0.7083,0.0,0.0,1.0
792,SVM,0.8182,0.5,0.0,0.0,0.8182
793,SVM,0.7273,0.3,0.0,0.0,0.8
794,SVM,0.6364,0.3889,0.0,0.0,0.7778
795,SVM,0.1818,0.2,0.0,0.0,0.4
796,SVM,0.4545,0.5,0.0,0.0,0.8333
797,SVM,0.4545,0.1429,0.0,0.0,0.7143
798,SVM,1.0,0.5,0.0,0.0,1.0
799,SVM,0.6364,0.625,0.0,0.0,0.875
800,SVM,0.7273,0.625,0.0,0.0,1.0
801,SVM,0.6364,0.4444,0.0,0.0,0.7778
802,SVM,0.4545,0.6667,0.0,0.0,1.0
803,SVM,0.6364,0.2,0.0,0.0,0.7
804,SVM,0.3636,0.3333,0.0,0.0,0.6667
805,SVM,0.4545,0.2857,0.0,0.0,0.7143
806,SVM,0.6364,0.5,0.0,0.0,1.0
807,SVM,0.5455,0.5556,0.0,0.0,0.6667
808,SVM,0.7273,0.4444,0.0,0.0,0.8889
809,SVM,0.8182,0.5,0.0,0.0,0.9
810,SVM,0.3636,0.5333,0.0,0.0,0.6667
811,SVM,0.7273,0.5,0.0,0.0,1.0
812,SVM,0.8182,0.5,0.0,0.0,1.0
813,SVM,0.5455,0.2778,0.0,0.0,0.6667
814,SVM,0.8182,0.5,0.0,0.0,1.0
815,SVM,0.6364,0.2917,0.0,0.0,0.875
816,SVM,0.8182,0.5556,0.0,0.0,1.0
817,SVM,0.6364,0.5714,0.0,0.0,1.0
818,SVM,0.7273,0.7222,0.0,0.0,0.8889
819,SVM,0.8182,0.2,0.0,0.0,0.9
820,SVM,0.2727,0.4667,0.0,0.0,0.6
821,SVM,0.7273,0.3333,0.0,0.0,0.8889
822,SVM,0.5455,0.5,0.0,0.0,0.8571
823,SVM,0.5455,0.3571,0.0,0.0,0.8571
824,SVM,0.5455,0.4583,0.0,0.0,0.75
825,SVM,0.8182,0.7778,0.0,0.0,1.0
826,SVM,0.8182,0.7,0.0,0.0,0.9
827,SVM,0.7273,0.6111,0.0,0.0,0.8889
828,SVM,0.4545,0.4286,0.0,0.0,0.7143
829,SVM,0.6364,0.25,0.0,0.0,0.875
830,SVM,0.8182,0.6,0.0,0.0,0.9
831,SVM,0.5455,0.5,0.0,0.0,0.75
832,SVM,0.7273,0.2222,0.0,0.0,0.8889
833,SVM,0.4545,0.5714,0.0,0.0,0.7143
834,SVM,0.5455,0.375,0.0,0.0,0.75
835,SVM,0.6364,0.5556,0.0,0.0,0.7778
836,SVM,0.7273,0.6667,0.0,0.0,0.8889
837,SVM,0.2727,0.0,0.0,0.0,0.6
838,SVM,0.4545,0.5,0.0,0.0,0.7143
839,SVM,0.6364,0.5417,0.0,0.0,0.875
840,SVM,0.9091,0.6,0.0,0.0,1.0
841,SVM,0.7273,0.4583,0.0,0.0,1.0
842,SVM,0.8182,0.5,0.0,0.0,0.9
843,SVM,0.2727,0.5333,0.0,0.0,0.6
844,SVM,0.7273,0.7222,0.0,0.0,0.8889
845,SVM,0.8182,0.5,0.0,0.0,1.0
846,SVM,0.7273,0.7083,0.0,0.0,1.0
847,SVM,0.6364,0.7857,0.0,0.0,1.0
848,SVM,0.8182,0.6667,0.0,0.0,1.0
849,SVM,0.7273,0.8,0.0,0.0,0.8
850,SVM,0.5455,0.3571,0.0,0.0,0.8571
851,SVM,0.7273,0.375,0.0,0.0,1.0
852,SVM,0.7273,0.5,0.0,0.0,0.8889
853,SVM,0.2727,0.3333,0.0,0.0,0.5
854,SVM,0.5455,0.8571,0.0,0.0,0.8571
855,SVM,0.6364,0.6786,0.0,0.0,1.0
856,SVM,0.6364,0.0417,0.0,0.0,0.875
857,SVM,0.7273,0.4167,0.0,0.0,1.0
858,SVM,0.5455,0.6071,0.0,0.0,0.8571
859,SVM,0.7273,0.6667,0.0,0.0,0.8889
860,SVM,0.5455,0.6,0.0,0.0,1.0
861,SVM,0.6364,0.3,0.0,0.0,0.7
862,SVM,0.8182,0.2,0.0,0.0,0.9
863,SVM,0.5455,0.6333,0.0,0.0,1.0
864,SVM,0.5455,0.1667,0.0,0.0,0.75
865,SVM,0.5455,0.6,0.0,0.0,1.0
866,SVM,0.7273,0.7778,0.0,0.0,0.8889
867,SVM,0.6364,0.6667,0.0,0.0,0.7778
868,SVM,0.3636,0.4286,0.0,0.0,1.0
869,SVM,0.7273,0.4583,0.0,0.0,1.0
870,SVM,0.7273,0.6667,0.0,0.0,1.0
871,SVM,0.6364,0.5833,0.0,0.0,0.875
872,SVM,0.5455,0.3,0.0,0.0,0.6
873,SVM,0.6364,0.6111,0.0,0.0,0.7778
874,SVM,0.3636,0.2,0.0,0.0,0.6667
875,SVM,0.5455,0.3571,0.0,0.0,0.8571
876,SVM,0.5455,0.6,0.0,0.0,1.0
877,SVM,0.8182,1.0,0.0,0.0,1.0
878,SVM,0.5455,0.4167,0.0,0.0,0.75
879,SVM,0.7273,0.6667,0.0,0.0,0.8889
880,SVM,0.6364,0.5,0.0,0.0,0.875
881,SVM,0.6364,0.5556,0.0,0.0,0.7778
882,SVM,0.5455,0.5357,0.0,0.0,0.8571
883,SVM,0.8182,0.8,0.0,0.0,0.9
884,SVM,0.7273,0.3333,0.0,0.0,0.8889
885,SVM,0.7273,0.4167,0.0,0.0,1.0
886,SVM,0.6364,0.5714,0.0,0.0,1.0
887,SVM,0.7273,0.625,0.0,0.0,1.0
888,SVM,0.5455,0.75,0.0,0.0,0.75
889,SVM,0.8182,0.4444,0.0,0.0,1.0
890,SVM,0.9091,0.6,0.0,0.0,1.0
891,SVM,0.6364,0.2917,0.0,0.0,0.875
892,SVM,0.5455,0.5714,0.0,0.0,0.8571
893,SVM,0.8182,0.6667,0.0,0.0,1.0
894,SVM,0.7273,0.7778,0.0,0.0,0.8889
895,SVM,0.6364,0.5357,0.0,0.0,1.0
896,SVM,0.6364,0.6667,0.0,0.0,0.875
897,SVM,0.6364,0.5417,0.0,0.0,0.875
898,SVM,0.7273,0.6667,0.0,0.0,0.8889
899,SVM,0.3636,0.4333,0.0,0.0,0.8
900,SVM,0.8182,0.2,0.0,0.0,0.9
901,SVM,0.4545,0.5667,0.0,0.0,0.8333
902,SVM,0.5455,0.4,0.0,0.0,1.0
903,SVM,0.5455,0.2857,0.0,0.0,0.8571
904,SVM,0.6364,0.9286,0.0,0.0,1.0
905,SVM,0.8182,0.4444,0.0,0.0,1.0
906,SVM,0.7273,0.375,0.0,0.0,1.0
907,SVM,0.4545,0.4286,0.0,0.0,0.7143
908,SVM,0.7273,0.3,0.0,0.0,0.8
909,SVM,0.6364,0.4643,0.0,0.0,1.0
910,SVM,0.7273,0.3,0.0,0.0,0.8
911,SVM,0.6364,0.6786,0.0,0.0,1.0
912,SVM,0.7273,0.5556,0.0,0.0,0.8889
913,SVM,0.9091,0.4,0.0,0.0,1.0
914,SVM,0.4545,0.6,0.0,0.0,0.8333
915,SVM,0.8182,0.4444,0.0,0.0,1.0
916,SVM,0.8182,0.6,0.0,0.0,0.9
917,SVM,0.8182,0.7222,0.0,0.0,1.0
918,SVM,0.4545,0.4286,0.0,0.0,0.7143
919,SVM,0.5455,0.6667,0.0,0.0,0.75
920,SVM,0.5455,0.6429,0.0,0.0,0.8571
921,SVM,0.5455,0.3929,0.0,0.0,0.8571
922,SVM,0.7273,0.5417,0.0,0.0,1.0
923,SVM,0.5455,0.7,0.0,0.0,1.0
924,SVM,0.6364,0.3333,0.0,0.0,0.7778
925,SVM,0.6364,0.75,0.0,0.0,1.0
926,SVM,0.6364,0.5,0.0,0.0,0.7778
927,SVM,0.6364,0.4444,0.0,0.0,0.7778
928,SVM,0.5455,0.375,0.0,0.0,0.75
929,SVM,0.6364,0.4167,0.0,0.0,0.875
930,SVM,0.7273,0.625,0.0,0.0,1.0
931,SVM,0.5455,0.2917,0.0,0.0,0.75
932,SVM,0.5455,0.4286,0.0,0.0,0.8571
933,SVM,0.5455,0.5,0.0,0.0,0.75
934,SVM,0.4545,0.2333,0.0,0.0,0.8333
935,SVM,0.7273,0.5833,0.0,0.0,1.0
936,SVM,0.6364,0.8571,0.0,0.0,1.0
937,SVM,0.4545,0.4,0.0,0.0,0.8333
938,SVM,0.3636,0.2,0.0,0.0,0.8
939,SVM,0.6364,0.7917,0.0,0.0,0.875
940,SVM,0.4545,0.4333,0.0,0.0,0.8333
941,SVM,0.5455,0.5357,0.0,0.0,0.8571
942,SVM,0.7273,0.5833,0.0,0.0,1.0
943,SVM,0.9091,0.4,0.0,0.0,1.0
944,SVM,0.6364,0.375,0.0,0.0,0.875
945,SVM,0.7273,0.2222,0.0,0.0,0.8889
946,SVM,0.6364,0.4583,0.0,0.0,0.875
947,SVM,0.7273,0.625,0.0,0.0,1.0
948,SVM,0.7273,0.5417,0.0,0.0,1.0
949,SVM,0.6364,0.6071,0.0,0.0,1.0
950,SVM,0.8182,0.7778,0.0,0.0,1.0
951,SVM,0.5455,0.4286,0.0,0.0,0.8571
952,SVM,0.7273,0.625,0.0,0.0,1.0
953,SVM,0.4545,0.3929,0.0,0.0,0.7143
954,SVM,0.7273,0.4583,0.0,0.0,1.0
955,SVM,0.6364,0.2857,0.0,0.0,1.0
956,SVM,0.4545,0.2857,0.0,0.0,0.7143
957,SVM,0.6364,0.3333,0.0,0.0,0.7778
958,SVM,0.5455,0.8,0.0,0.0,1.0
959,SVM,0.6364,0.5714,0.0,0.0,1.0
960,SVM,0.9091,0.4,0.0,0.0,1.0
961,SVM,0.4545,0.5833,0.0,0.0,0.625
962,SVM,0.5455,0.3571,0.0,0.0,0.8571
963,SVM,0.5455,0.625,0.0,0.0,0.75
964,SVM,0.3636,0.2857,0.0,0.0,0.5714
965,SVM,0.5455,0.2667,0.0,0.0,1.0
966,SVM,0.4545,0.2333,0.0,0.0,0.8333
967,SVM,0.6364,0.4167,0.0,0.0,0.875
968,SVM,0.4545,0.3214,0.0,0.0,0.7143
969,SVM,0.6364,0.4643,0.0,0.0,1.0
970,SVM,0.5455,0.1786,0.0,0.0,0.8571
971,SVM,0.6364,0.4286,0.0,0.0,1.0
972,SVM,0.6364,0.5,0.0,0.0,0.7778
973,SVM,0.8182,0.6667,0.0,0.0,1.0
974,SVM,0.5455,0.2143,0.0,0.0,0.8571
975,SVM,0.6364,0.5417,0.0,0.0,0.875
976,SVM,0.5455,0.4444,0.0,0.0,0.6667
977,SVM,0.6364,0.6786,0.0,0.0,1.0
978,SVM,0.2727,0.2,0.0,0.0,0.5
979,SVM,0.7273,0.4583,0.0,0.0,1.0
980,SVM,0.5455,0.3214,0.0,0.0,0.8571
981,SVM,0.5455,0.7083,0.0,0.0,0.75
982,SVM,0.6364,0.5,0.0,0.0,0.7778
983,SVM,0.7273,0.7083,0.0,0.0,1.0
984,SVM,0.7273,0.4583,0.0,0.0,1.0
985,SVM,0.2727,0.4,0.0,0.0,0.6
986,SVM,0.5455,0.6333,0.0,0.0,1.0
987,SVM,0.9091,0.7,0.0,0.0,1.0
988,SVM,0.7273,0.875,0.0,0.0,1.0
989,SVM,0.6364,0.5,0.0,0.0,0.875
990,SVM,0.5455,0.6786,0.0,0.0,0.8571
991,SVM,0.8182,0.8,0.0,0.0,0.9
992,SVM,0.5455,0.2857,0.0,0.0,0.8571
993,SVM,0.4545,0.5714,0.0,0.0,0.7143
994,SVM,0.7273,0.4583,0.0,0.0,1.0
995,SVM,0.3636,0.2,0.0,0.0,0.8
996,SVM,0.3636,0.2,0.0,0.0,0.8
997,SVM,0.6364,0.2917,0.0,0.0,0.875
998,SVM,0.8182,0.3,0.0,0.0,0.9
999,SVM,0.3636,0.2667,0.0,0.0,0.8
1000,SVM,0.8182,0.3,0.0,0.0,0.9
