Dataset,Side,Model,round,TP,TN,FP,FN,Accuracy,Sensitivity,Specificity,F1,AUC
Dataset_2,Left,SVM,1,27,21,21,5,0.6486,0.8438,0.5,0.675,0.6179
Dataset_2,Left,SVM,2,15,34,20,5,0.6622,0.75,0.6296,0.5455,0.7343
Dataset_2,Left,SVM,3,20,27,19,8,0.6351,0.7143,0.587,0.597,0.745
Dataset_2,Left,SVM,4,19,38,14,3,0.7703,0.8636,0.7308,0.6909,0.8453
Dataset_2,Left,SVM,5,22,33,13,6,0.7432,0.7857,0.7174,0.6984,0.7679
Dataset_2,Left,SVM,6,22,35,13,4,0.7703,0.8462,0.7292,0.7213,0.7564
Dataset_2,Left,SVM,7,18,38,11,7,0.7568,0.72,0.7755,0.6667,0.802
Dataset_2,Left,SVM,8,21,34,16,3,0.7432,0.875,0.68,0.6885,0.7746
Dataset_2,Left,SVM,9,27,29,12,6,0.7568,0.8182,0.7073,0.75,0.7849
Dataset_2,Left,SVM,10,19,37,14,4,0.7568,0.8261,0.7255,0.6786,0.8359
Dataset_2,Left,SVM,11,15,27,22,10,0.5676,0.6,0.551,0.4839,0.662
Dataset_2,Left,SVM,12,21,33,13,7,0.7297,0.75,0.7174,0.6774,0.7403
Dataset_2,Left,SVM,13,20,32,20,2,0.7027,0.9091,0.6154,0.6452,0.799
Dataset_2,Left,SVM,14,27,31,9,7,0.7838,0.7941,0.775,0.7714,0.8393
Dataset_2,Left,SVM,15,15,37,19,3,0.7027,0.8333,0.6607,0.5769,0.8036
Dataset_2,Left,SVM,16,24,34,12,4,0.7838,0.8571,0.7391,0.75,0.8521
Dataset_2,Left,SVM,17,21,37,14,2,0.7838,0.913,0.7255,0.7241,0.8491
Dataset_2,Left,SVM,18,26,33,11,4,0.7973,0.8667,0.75,0.7761,0.8326
Dataset_2,Left,SVM,19,16,37,13,8,0.7162,0.6667,0.74,0.6038,0.7521
Dataset_2,Left,SVM,20,16,31,20,7,0.6351,0.6957,0.6078,0.5424,0.6326
Dataset_2,Left,SVM,21,18,34,19,3,0.7027,0.8571,0.6415,0.6207,0.7866
Dataset_2,Left,SVM,22,18,32,20,4,0.6757,0.8182,0.6154,0.6,0.7469
Dataset_2,Left,SVM,23,19,31,16,8,0.6757,0.7037,0.6596,0.6129,0.7333
Dataset_2,Left,SVM,24,14,35,16,9,0.6622,0.6087,0.6863,0.5283,0.7647
Dataset_2,Left,SVM,25,19,30,21,4,0.6622,0.8261,0.5882,0.6032,0.7144
Dataset_2,Left,SVM,26,18,33,19,4,0.6892,0.8182,0.6346,0.6102,0.7736
Dataset_2,Left,SVM,27,16,37,15,6,0.7162,0.7273,0.7115,0.6038,0.8505
Dataset_2,Left,SVM,28,19,37,10,8,0.7568,0.7037,0.7872,0.6786,0.8132
Dataset_2,Left,SVM,29,20,34,15,5,0.7297,0.8,0.6939,0.6667,0.7596
Dataset_2,Left,SVM,30,12,36,22,4,0.6486,0.75,0.6207,0.48,0.6934
Dataset_2,Left,SVM,31,20,33,16,5,0.7162,0.8,0.6735,0.6557,0.7559
Dataset_2,Left,SVM,32,19,30,15,10,0.6622,0.6552,0.6667,0.6032,0.7019
Dataset_2,Left,SVM,33,22,31,11,10,0.7162,0.6875,0.7381,0.6769,0.76
Dataset_2,Left,SVM,34,12,38,19,5,0.6757,0.7059,0.6667,0.5,0.7534
Dataset_2,Left,SVM,35,20,38,13,3,0.7838,0.8696,0.7451,0.7143,0.8274
Dataset_2,Left,SVM,36,20,34,13,7,0.7297,0.7407,0.7234,0.6667,0.7837
Dataset_2,Left,SVM,37,21,38,12,3,0.7973,0.875,0.76,0.7368,0.8783
Dataset_2,Left,SVM,38,24,31,17,2,0.7432,0.9231,0.6458,0.7164,0.8333
Dataset_2,Left,SVM,39,21,34,15,4,0.7432,0.84,0.6939,0.6885,0.7608
Dataset_2,Left,SVM,40,19,35,12,8,0.7297,0.7037,0.7447,0.6552,0.8266
Dataset_2,Left,SVM,41,22,35,12,5,0.7703,0.8148,0.7447,0.7213,0.8779
Dataset_2,Left,SVM,42,17,34,19,4,0.6892,0.8095,0.6415,0.5965,0.7323
Dataset_2,Left,SVM,43,19,32,21,2,0.6892,0.9048,0.6038,0.623,0.8059
Dataset_2,Left,SVM,44,24,33,12,5,0.7703,0.8276,0.7333,0.7385,0.7743
Dataset_2,Left,SVM,45,18,37,13,6,0.7432,0.75,0.74,0.6545,0.8096
Dataset_2,Left,SVM,46,26,25,20,3,0.6892,0.8966,0.5556,0.6933,0.7962
Dataset_2,Left,SVM,47,24,29,14,7,0.7162,0.7742,0.6744,0.6957,0.7611
Dataset_2,Left,SVM,48,30,29,11,4,0.7973,0.8824,0.725,0.8,0.8118
Dataset_2,Left,SVM,49,21,31,18,4,0.7027,0.84,0.6327,0.6562,0.7873
Dataset_2,Left,SVM,50,26,31,14,3,0.7703,0.8966,0.6889,0.7536,0.7854
Dataset_2,Left,SVM,51,19,36,16,3,0.7432,0.8636,0.6923,0.6667,0.8601
Dataset_2,Left,SVM,52,23,33,12,6,0.7568,0.7931,0.7333,0.7188,0.7939
Dataset_2,Left,SVM,53,24,29,14,7,0.7162,0.7742,0.6744,0.6957,0.7059
Dataset_2,Left,SVM,54,20,35,15,4,0.7432,0.8333,0.7,0.678,0.8433
Dataset_2,Left,SVM,55,21,35,11,7,0.7568,0.75,0.7609,0.7,0.7648
Dataset_2,Left,SVM,56,19,38,9,8,0.7703,0.7037,0.8085,0.6909,0.7975
Dataset_2,Left,SVM,57,28,27,17,2,0.7432,0.9333,0.6136,0.7467,0.7159
Dataset_2,Left,SVM,58,23,29,18,4,0.7027,0.8519,0.617,0.6765,0.7329
Dataset_2,Left,SVM,59,24,32,12,6,0.7568,0.8,0.7273,0.7273,0.8121
Dataset_2,Left,SVM,60,28,22,15,9,0.6757,0.7568,0.5946,0.7,0.7564
Dataset_2,Left,SVM,61,16,38,15,5,0.7297,0.7619,0.717,0.6154,0.7749
Dataset_2,Left,SVM,62,20,27,23,4,0.6351,0.8333,0.54,0.597,0.66
Dataset_2,Left,SVM,63,16,36,15,7,0.7027,0.6957,0.7059,0.5926,0.7353
Dataset_2,Left,SVM,64,14,35,15,10,0.6622,0.5833,0.7,0.5283,0.7063
Dataset_2,Left,SVM,65,17,34,18,5,0.6892,0.7727,0.6538,0.5965,0.8129
Dataset_2,Left,SVM,66,21,37,10,6,0.7838,0.7778,0.7872,0.7241,0.8558
Dataset_2,Left,SVM,67,22,42,7,3,0.8649,0.88,0.8571,0.8148,0.9241
Dataset_2,Left,SVM,68,12,35,17,10,0.6351,0.5455,0.6731,0.4706,0.6058
Dataset_2,Left,SVM,69,20,33,18,3,0.7162,0.8696,0.6471,0.6557,0.7455
Dataset_2,Left,SVM,70,25,27,18,4,0.7027,0.8621,0.6,0.6944,0.7636
Dataset_2,Left,SVM,71,12,36,20,6,0.6486,0.6667,0.6429,0.48,0.7073
Dataset_2,Left,SVM,72,18,32,19,5,0.6757,0.7826,0.6275,0.6,0.7268
Dataset_2,Left,SVM,73,28,30,12,4,0.7838,0.875,0.7143,0.7778,0.8196
Dataset_2,Left,SVM,74,18,26,20,10,0.5946,0.6429,0.5652,0.5455,0.6149
Dataset_2,Left,SVM,75,28,26,12,8,0.7297,0.7778,0.6842,0.7368,0.8067
Dataset_2,Left,SVM,76,20,26,19,9,0.6216,0.6897,0.5778,0.5882,0.7146
Dataset_2,Left,SVM,77,21,28,18,7,0.6622,0.75,0.6087,0.6269,0.7073
Dataset_2,Left,SVM,78,20,36,12,6,0.7568,0.7692,0.75,0.6897,0.8061
Dataset_2,Left,SVM,79,12,36,19,7,0.6486,0.6316,0.6545,0.48,0.7067
Dataset_2,Left,SVM,80,22,35,14,3,0.7703,0.88,0.7143,0.7213,0.7743
Dataset_2,Left,SVM,81,17,32,18,7,0.6622,0.7083,0.64,0.5763,0.7117
Dataset_2,Left,SVM,82,24,32,15,3,0.7568,0.8889,0.6809,0.7273,0.7892
Dataset_2,Left,SVM,83,28,24,18,4,0.7027,0.875,0.5714,0.7179,0.7567
Dataset_2,Left,SVM,84,25,32,9,8,0.7703,0.7576,0.7805,0.7463,0.8367
Dataset_2,Left,SVM,85,20,33,18,3,0.7162,0.8696,0.6471,0.6557,0.7609
Dataset_2,Left,SVM,86,20,28,15,11,0.6486,0.6452,0.6512,0.6061,0.7074
Dataset_2,Left,SVM,87,18,31,15,10,0.6622,0.6429,0.6739,0.5902,0.7411
Dataset_2,Left,SVM,88,23,28,17,6,0.6892,0.7931,0.6222,0.6667,0.7149
Dataset_2,Left,SVM,89,20,31,14,9,0.6892,0.6897,0.6889,0.6349,0.7709
Dataset_2,Left,SVM,90,23,28,16,7,0.6892,0.7667,0.6364,0.6667,0.7223
Dataset_2,Left,SVM,91,23,32,17,2,0.7432,0.92,0.6531,0.7077,0.7167
Dataset_2,Left,SVM,92,22,28,17,7,0.6757,0.7586,0.6222,0.6471,0.7034
Dataset_2,Left,SVM,93,14,36,17,7,0.6757,0.6667,0.6792,0.5385,0.6968
Dataset_2,Left,SVM,94,18,32,18,6,0.6757,0.75,0.64,0.6,0.7238
Dataset_2,Left,SVM,95,19,33,18,4,0.7027,0.8261,0.6471,0.6333,0.7195
Dataset_2,Left,SVM,96,20,37,11,6,0.7703,0.7692,0.7708,0.7018,0.8466
Dataset_2,Left,SVM,97,18,32,18,6,0.6757,0.75,0.64,0.6,0.6758
Dataset_2,Left,SVM,98,15,40,16,3,0.7432,0.8333,0.7143,0.6122,0.8046
Dataset_2,Left,SVM,99,22,33,17,2,0.7432,0.9167,0.66,0.6984,0.8075
Dataset_2,Left,SVM,100,22,34,14,4,0.7568,0.8462,0.7083,0.7097,0.8534
Dataset_2,Left,SVM,101,16,35,17,6,0.6892,0.7273,0.6731,0.5818,0.7609
Dataset_2,Left,SVM,102,21,28,17,8,0.6622,0.7241,0.6222,0.6269,0.7816
Dataset_2,Left,SVM,103,17,35,12,10,0.7027,0.6296,0.7447,0.6071,0.8251
Dataset_2,Left,SVM,104,22,22,21,9,0.5946,0.7097,0.5116,0.5946,0.6043
Dataset_2,Left,SVM,105,17,35,18,4,0.7027,0.8095,0.6604,0.6071,0.8324
Dataset_2,Left,SVM,106,22,25,21,6,0.6351,0.7857,0.5435,0.6197,0.6762
Dataset_2,Left,SVM,107,17,32,19,6,0.6622,0.7391,0.6275,0.5763,0.7204
Dataset_2,Left,SVM,108,21,33,13,7,0.7297,0.75,0.7174,0.6774,0.8319
Dataset_2,Left,SVM,109,19,36,14,5,0.7432,0.7917,0.72,0.6667,0.7867
Dataset_2,Left,SVM,110,26,25,18,5,0.6892,0.8387,0.5814,0.6933,0.7044
Dataset_2,Left,SVM,111,24,28,17,5,0.7027,0.8276,0.6222,0.6857,0.6893
Dataset_2,Left,SVM,112,21,22,22,9,0.5811,0.7,0.5,0.5753,0.6167
Dataset_2,Left,SVM,113,21,26,20,7,0.6351,0.75,0.5652,0.6087,0.7675
Dataset_2,Left,SVM,114,20,27,19,8,0.6351,0.7143,0.587,0.597,0.6821
Dataset_2,Left,SVM,115,28,28,13,5,0.7568,0.8485,0.6829,0.7568,0.7724
Dataset_2,Left,SVM,116,19,35,16,4,0.7297,0.8261,0.6863,0.6552,0.7707
Dataset_2,Left,SVM,117,26,28,16,4,0.7297,0.8667,0.6364,0.7222,0.8045
Dataset_2,Left,SVM,118,25,28,15,6,0.7162,0.8065,0.6512,0.7042,0.7746
Dataset_2,Left,SVM,119,18,31,18,7,0.6622,0.72,0.6327,0.5902,0.7527
Dataset_2,Left,SVM,120,23,31,13,7,0.7297,0.7667,0.7045,0.697,0.7439
Dataset_2,Left,SVM,121,20,30,18,6,0.6757,0.7692,0.625,0.625,0.8037
Dataset_2,Left,SVM,122,20,30,14,10,0.6757,0.6667,0.6818,0.625,0.7413
Dataset_2,Left,SVM,123,19,31,19,5,0.6757,0.7917,0.62,0.6129,0.7717
Dataset_2,Left,SVM,124,16,33,19,6,0.6622,0.7273,0.6346,0.5614,0.7614
Dataset_2,Left,SVM,125,20,34,15,5,0.7297,0.8,0.6939,0.6667,0.8392
Dataset_2,Left,SVM,126,16,32,18,8,0.6486,0.6667,0.64,0.5517,0.6954
Dataset_2,Left,SVM,127,25,27,11,11,0.7027,0.6944,0.7105,0.6944,0.7829
Dataset_2,Left,SVM,128,30,24,15,5,0.7297,0.8571,0.6154,0.75,0.7747
Dataset_2,Left,SVM,129,22,28,16,8,0.6757,0.7333,0.6364,0.6471,0.7417
Dataset_2,Left,SVM,130,17,34,17,6,0.6892,0.7391,0.6667,0.5965,0.6918
Dataset_2,Left,SVM,131,22,26,16,10,0.6486,0.6875,0.619,0.6286,0.7028
Dataset_2,Left,SVM,132,17,35,19,3,0.7027,0.85,0.6481,0.6071,0.7532
Dataset_2,Left,SVM,133,24,31,17,2,0.7432,0.9231,0.6458,0.7164,0.7977
Dataset_2,Left,SVM,134,21,32,15,6,0.7162,0.7778,0.6809,0.6667,0.7364
Dataset_2,Left,SVM,135,23,23,25,3,0.6216,0.8846,0.4792,0.6216,0.6546
Dataset_2,Left,SVM,136,15,37,17,5,0.7027,0.75,0.6852,0.5769,0.7634
Dataset_2,Left,SVM,137,21,27,19,7,0.6486,0.75,0.587,0.6176,0.6906
Dataset_2,Left,SVM,138,12,38,17,7,0.6757,0.6316,0.6909,0.5,0.7191
Dataset_2,Left,SVM,139,18,33,17,6,0.6892,0.75,0.66,0.6102,0.7467
Dataset_2,Left,SVM,140,19,38,13,4,0.7703,0.8261,0.7451,0.6909,0.8056
Dataset_2,Left,SVM,141,25,30,12,7,0.7432,0.7812,0.7143,0.7246,0.7515
Dataset_2,Left,SVM,142,13,32,19,10,0.6081,0.5652,0.6275,0.4727,0.6522
Dataset_2,Left,SVM,143,23,28,18,5,0.6892,0.8214,0.6087,0.6667,0.7675
Dataset_2,Left,SVM,144,19,32,18,5,0.6892,0.7917,0.64,0.623,0.78
Dataset_2,Left,SVM,145,15,38,17,4,0.7162,0.7895,0.6909,0.5882,0.7967
Dataset_2,Left,SVM,146,15,41,10,8,0.7568,0.6522,0.8039,0.625,0.8235
Dataset_2,Left,SVM,147,24,30,13,7,0.7297,0.7742,0.6977,0.7059,0.7764
Dataset_2,Left,SVM,148,20,37,14,3,0.7703,0.8696,0.7255,0.7018,0.8568
Dataset_2,Left,SVM,149,23,30,18,3,0.7162,0.8846,0.625,0.6866,0.734
Dataset_2,Left,SVM,150,20,28,20,6,0.6486,0.7692,0.5833,0.6061,0.6731
Dataset_2,Left,SVM,151,13,37,16,8,0.6757,0.619,0.6981,0.52,0.7111
Dataset_2,Left,SVM,152,12,33,21,8,0.6081,0.6,0.6111,0.4528,0.6681
Dataset_2,Left,SVM,153,24,24,19,7,0.6486,0.7742,0.5581,0.6486,0.6504
Dataset_2,Left,SVM,154,26,33,10,5,0.7973,0.8387,0.7674,0.7761,0.8147
Dataset_2,Left,SVM,155,19,36,14,5,0.7432,0.7917,0.72,0.6667,0.7979
Dataset_2,Left,SVM,156,19,33,17,5,0.7027,0.7917,0.66,0.6333,0.8033
Dataset_2,Left,SVM,157,20,39,11,4,0.7973,0.8333,0.78,0.7273,0.8317
Dataset_2,Left,SVM,158,21,33,15,5,0.7297,0.8077,0.6875,0.6774,0.8145
Dataset_2,Left,SVM,159,16,33,11,14,0.6622,0.5333,0.75,0.5614,0.7489
Dataset_2,Left,SVM,160,20,29,15,10,0.6622,0.6667,0.6591,0.6154,0.7212
Dataset_2,Left,SVM,161,16,34,20,4,0.6757,0.8,0.6296,0.5714,0.7426
Dataset_2,Left,SVM,162,22,34,13,5,0.7568,0.8148,0.7234,0.7097,0.8128
Dataset_2,Left,SVM,163,13,38,22,1,0.6892,0.9286,0.6333,0.5306,0.8214
Dataset_2,Left,SVM,164,20,37,14,3,0.7703,0.8696,0.7255,0.7018,0.8316
Dataset_2,Left,SVM,165,28,29,13,4,0.7703,0.875,0.6905,0.7671,0.782
Dataset_2,Left,SVM,166,17,32,18,7,0.6622,0.7083,0.64,0.5763,0.6983
Dataset_2,Left,SVM,167,17,31,17,9,0.6486,0.6538,0.6458,0.5667,0.6899
Dataset_2,Left,SVM,168,23,33,11,7,0.7568,0.7667,0.75,0.7188,0.8042
Dataset_2,Left,SVM,169,20,31,15,8,0.6892,0.7143,0.6739,0.6349,0.7492
Dataset_2,Left,SVM,170,14,33,20,7,0.6351,0.6667,0.6226,0.5091,0.6509
Dataset_2,Left,SVM,171,17,34,16,7,0.6892,0.7083,0.68,0.5965,0.7533
Dataset_2,Left,SVM,172,21,27,18,8,0.6486,0.7241,0.6,0.6176,0.6414
Dataset_2,Left,SVM,173,15,33,19,7,0.6486,0.6818,0.6346,0.5357,0.6753
Dataset_2,Left,SVM,174,26,27,20,1,0.7162,0.963,0.5745,0.7123,0.7218
Dataset_2,Left,SVM,175,19,31,21,3,0.6757,0.8636,0.5962,0.6129,0.7522
Dataset_2,Left,SVM,176,22,36,10,6,0.7838,0.7857,0.7826,0.7333,0.8393
Dataset_2,Left,SVM,177,16,37,12,9,0.7162,0.64,0.7551,0.6038,0.751
Dataset_2,Left,SVM,178,18,34,18,4,0.7027,0.8182,0.6538,0.6207,0.7325
Dataset_2,Left,SVM,179,22,23,24,5,0.6081,0.8148,0.4894,0.6027,0.7218
Dataset_2,Left,SVM,180,14,33,18,9,0.6351,0.6087,0.6471,0.5091,0.6726
Dataset_2,Left,SVM,181,17,32,18,7,0.6622,0.7083,0.64,0.5763,0.6908
Dataset_2,Left,SVM,182,17,39,12,6,0.7568,0.7391,0.7647,0.6538,0.7319
Dataset_2,Left,SVM,183,19,31,19,5,0.6757,0.7917,0.62,0.6129,0.6667
Dataset_2,Left,SVM,184,25,26,16,7,0.6892,0.7812,0.619,0.6849,0.7481
Dataset_2,Left,SVM,185,14,40,14,6,0.7297,0.7,0.7407,0.5833,0.7889
Dataset_2,Left,SVM,186,16,35,17,6,0.6892,0.7273,0.6731,0.5818,0.7155
Dataset_2,Left,SVM,187,19,40,12,3,0.7973,0.8636,0.7692,0.717,0.8265
Dataset_2,Left,SVM,188,24,27,13,10,0.6892,0.7059,0.675,0.6761,0.7125
Dataset_2,Left,SVM,189,14,35,21,4,0.6622,0.7778,0.625,0.5283,0.747
Dataset_2,Left,SVM,190,23,30,17,4,0.7162,0.8519,0.6383,0.6866,0.7486
Dataset_2,Left,SVM,191,21,32,14,7,0.7162,0.75,0.6957,0.6667,0.7799
Dataset_2,Left,SVM,192,29,25,16,4,0.7297,0.8788,0.6098,0.7436,0.8075
Dataset_2,Left,SVM,193,20,27,22,5,0.6351,0.8,0.551,0.597,0.6457
Dataset_2,Left,SVM,194,20,31,17,6,0.6892,0.7692,0.6458,0.6349,0.7825
Dataset_2,Left,SVM,195,20,29,17,8,0.6622,0.7143,0.6304,0.6154,0.7349
Dataset_2,Left,SVM,196,26,26,15,7,0.7027,0.7879,0.6341,0.7027,0.7384
Dataset_2,Left,SVM,197,27,32,13,2,0.7973,0.931,0.7111,0.7826,0.8525
Dataset_2,Left,SVM,198,18,36,18,2,0.7297,0.9,0.6667,0.6429,0.769
Dataset_2,Left,SVM,199,17,32,17,8,0.6622,0.68,0.6531,0.5763,0.7135
Dataset_2,Left,SVM,200,21,29,13,11,0.6757,0.6562,0.6905,0.6364,0.6949
Dataset_2,Left,SVM,201,20,32,16,6,0.7027,0.7692,0.6667,0.6452,0.756
Dataset_2,Left,SVM,202,23,20,25,6,0.5811,0.7931,0.4444,0.5974,0.6054
Dataset_2,Left,SVM,203,19,23,21,11,0.5676,0.6333,0.5227,0.5429,0.5697
Dataset_2,Left,SVM,204,20,29,19,6,0.6622,0.7692,0.6042,0.6154,0.6815
Dataset_2,Left,SVM,205,16,33,19,6,0.6622,0.7273,0.6346,0.5614,0.6853
Dataset_2,Left,SVM,206,23,24,19,8,0.6351,0.7419,0.5581,0.6301,0.7386
Dataset_2,Left,SVM,207,23,25,18,8,0.6486,0.7419,0.5814,0.6389,0.7314
Dataset_2,Left,SVM,208,15,32,20,7,0.6351,0.6818,0.6154,0.5263,0.7566
Dataset_2,Left,SVM,209,24,32,15,3,0.7568,0.8889,0.6809,0.7273,0.7699
Dataset_2,Left,SVM,210,20,26,19,9,0.6216,0.6897,0.5778,0.5882,0.6471
Dataset_2,Left,SVM,211,16,30,20,8,0.6216,0.6667,0.6,0.5333,0.6492
Dataset_2,Left,SVM,212,16,35,14,9,0.6892,0.64,0.7143,0.5818,0.7331
Dataset_2,Left,SVM,213,19,37,10,8,0.7568,0.7037,0.7872,0.6786,0.7943
Dataset_2,Left,SVM,214,20,28,20,6,0.6486,0.7692,0.5833,0.6061,0.738
Dataset_2,Left,SVM,215,21,32,17,4,0.7162,0.84,0.6531,0.6667,0.7735
Dataset_2,Left,SVM,216,16,32,17,9,0.6486,0.64,0.6531,0.5517,0.7171
Dataset_2,Left,SVM,217,15,38,15,6,0.7162,0.7143,0.717,0.5882,0.7129
Dataset_2,Left,SVM,218,24,31,14,5,0.7432,0.8276,0.6889,0.7164,0.7977
Dataset_2,Left,SVM,219,19,30,17,8,0.6622,0.7037,0.6383,0.6032,0.7029
Dataset_2,Left,SVM,220,18,32,19,5,0.6757,0.7826,0.6275,0.6,0.7383
Dataset_2,Left,SVM,221,23,30,16,5,0.7162,0.8214,0.6522,0.6866,0.712
Dataset_2,Left,SVM,222,14,35,22,3,0.6622,0.8235,0.614,0.5283,0.7807
Dataset_2,Left,SVM,223,27,32,13,2,0.7973,0.931,0.7111,0.7826,0.8157
Dataset_2,Left,SVM,224,18,33,16,7,0.6892,0.72,0.6735,0.6102,0.8049
Dataset_2,Left,SVM,225,25,27,17,5,0.7027,0.8333,0.6136,0.6944,0.7568
Dataset_2,Left,SVM,226,23,34,10,7,0.7703,0.7667,0.7727,0.7302,0.8402
Dataset_2,Left,SVM,227,22,31,14,7,0.7162,0.7586,0.6889,0.6769,0.7793
Dataset_2,Left,SVM,228,16,33,19,6,0.6622,0.7273,0.6346,0.5614,0.736
Dataset_2,Left,SVM,229,20,30,18,6,0.6757,0.7692,0.625,0.625,0.6959
Dataset_2,Left,SVM,230,21,31,18,4,0.7027,0.84,0.6327,0.6562,0.7592
Dataset_2,Left,SVM,231,25,32,8,9,0.7703,0.7353,0.8,0.7463,0.8338
Dataset_2,Left,SVM,232,22,26,18,8,0.6486,0.7333,0.5909,0.6286,0.6867
Dataset_2,Left,SVM,233,25,30,14,5,0.7432,0.8333,0.6818,0.7246,0.8008
Dataset_2,Left,SVM,234,16,38,12,8,0.7297,0.6667,0.76,0.6154,0.7808
Dataset_2,Left,SVM,235,26,32,11,5,0.7838,0.8387,0.7442,0.7647,0.7959
Dataset_2,Left,SVM,236,24,30,17,3,0.7297,0.8889,0.6383,0.7059,0.7912
Dataset_2,Left,SVM,237,15,33,18,8,0.6486,0.6522,0.6471,0.5357,0.7613
Dataset_2,Left,SVM,238,22,36,11,5,0.7838,0.8148,0.766,0.7333,0.8424
Dataset_2,Left,SVM,239,18,35,14,7,0.7162,0.72,0.7143,0.6316,0.7457
Dataset_2,Left,SVM,240,23,32,14,5,0.7432,0.8214,0.6957,0.7077,0.7341
Dataset_2,Left,SVM,241,21,32,16,5,0.7162,0.8077,0.6667,0.6667,0.7913
Dataset_2,Left,SVM,242,18,38,16,2,0.7568,0.9,0.7037,0.6667,0.7449
Dataset_2,Left,SVM,243,27,25,14,8,0.7027,0.7714,0.641,0.7105,0.7297
Dataset_2,Left,SVM,244,23,27,16,8,0.6757,0.7419,0.6279,0.6571,0.677
Dataset_2,Left,SVM,245,20,33,18,3,0.7162,0.8696,0.6471,0.6557,0.8431
Dataset_2,Left,SVM,246,26,23,19,6,0.6622,0.8125,0.5476,0.6753,0.7251
Dataset_2,Left,SVM,247,19,32,18,5,0.6892,0.7917,0.64,0.623,0.7933
Dataset_2,Left,SVM,248,18,36,14,6,0.7297,0.75,0.72,0.6429,0.7404
Dataset_2,Left,SVM,249,26,25,19,4,0.6892,0.8667,0.5682,0.6933,0.7121
Dataset_2,Left,SVM,250,17,39,14,4,0.7568,0.8095,0.7358,0.6538,0.7996
Dataset_2,Left,SVM,251,21,35,15,3,0.7568,0.875,0.7,0.7,0.8875
Dataset_2,Left,SVM,252,20,27,20,7,0.6351,0.7407,0.5745,0.597,0.738
Dataset_2,Left,SVM,253,20,33,18,3,0.7162,0.8696,0.6471,0.6557,0.7621
Dataset_2,Left,SVM,254,24,33,12,5,0.7703,0.8276,0.7333,0.7385,0.8245
Dataset_2,Left,SVM,255,15,28,21,10,0.5811,0.6,0.5714,0.4918,0.6253
Dataset_2,Left,SVM,256,22,32,16,4,0.7297,0.8462,0.6667,0.6875,0.7676
Dataset_2,Left,SVM,257,25,27,10,12,0.7027,0.6757,0.7297,0.6944,0.7579
Dataset_2,Left,SVM,258,19,28,20,7,0.6351,0.7308,0.5833,0.5846,0.6995
Dataset_2,Left,SVM,259,26,25,19,4,0.6892,0.8667,0.5682,0.6933,0.6917
Dataset_2,Left,SVM,260,17,36,17,4,0.7162,0.8095,0.6792,0.6182,0.7835
Dataset_2,Left,SVM,261,20,34,15,5,0.7297,0.8,0.6939,0.6667,0.8298
Dataset_2,Left,SVM,262,21,29,15,9,0.6757,0.7,0.6591,0.6364,0.7659
Dataset_2,Left,SVM,263,15,36,15,8,0.6892,0.6522,0.7059,0.566,0.7178
Dataset_2,Left,SVM,264,22,27,17,8,0.6622,0.7333,0.6136,0.6377,0.7045
Dataset_2,Left,SVM,265,22,31,16,5,0.7162,0.8148,0.6596,0.6769,0.7415
Dataset_2,Left,SVM,266,20,30,18,6,0.6757,0.7692,0.625,0.625,0.7584
Dataset_2,Left,SVM,267,19,29,18,8,0.6486,0.7037,0.617,0.5938,0.6915
Dataset_2,Left,SVM,268,24,35,12,3,0.7973,0.8889,0.7447,0.7619,0.8637
Dataset_2,Left,SVM,269,21,37,9,7,0.7838,0.75,0.8043,0.7241,0.8362
Dataset_2,Left,SVM,270,16,29,20,9,0.6081,0.64,0.5918,0.5246,0.6653
Dataset_2,Left,SVM,271,14,33,18,9,0.6351,0.6087,0.6471,0.5091,0.6675
Dataset_2,Left,SVM,272,21,24,22,7,0.6081,0.75,0.5217,0.5915,0.6603
Dataset_2,Left,SVM,273,21,27,18,8,0.6486,0.7241,0.6,0.6176,0.6713
Dataset_2,Left,SVM,274,23,35,13,3,0.7838,0.8846,0.7292,0.7419,0.8409
Dataset_2,Left,SVM,275,19,32,16,7,0.6892,0.7308,0.6667,0.623,0.6847
Dataset_2,Left,SVM,276,19,28,20,7,0.6351,0.7308,0.5833,0.5846,0.6751
Dataset_2,Left,SVM,277,18,37,15,4,0.7432,0.8182,0.7115,0.6545,0.8024
Dataset_2,Left,SVM,278,19,35,14,6,0.7297,0.76,0.7143,0.6552,0.7563
Dataset_2,Left,SVM,279,18,34,16,6,0.7027,0.75,0.68,0.6207,0.7617
Dataset_2,Left,SVM,280,20,38,12,4,0.7838,0.8333,0.76,0.7143,0.8638
Dataset_2,Left,SVM,281,16,31,18,9,0.6351,0.64,0.6327,0.5424,0.7171
Dataset_2,Left,SVM,282,16,32,20,6,0.6486,0.7273,0.6154,0.5517,0.6595
Dataset_2,Left,SVM,283,26,37,8,3,0.8514,0.8966,0.8222,0.8254,0.8889
Dataset_2,Left,SVM,284,22,32,14,6,0.7297,0.7857,0.6957,0.6875,0.7597
Dataset_2,Left,SVM,285,21,33,14,6,0.7297,0.7778,0.7021,0.6774,0.8432
Dataset_2,Left,SVM,286,18,34,14,8,0.7027,0.6923,0.7083,0.6207,0.7436
Dataset_2,Left,SVM,287,19,35,13,7,0.7297,0.7308,0.7292,0.6552,0.8041
Dataset_2,Left,SVM,288,14,36,13,11,0.6757,0.56,0.7347,0.5385,0.711
Dataset_2,Left,SVM,289,12,38,20,4,0.6757,0.75,0.6552,0.5,0.771
Dataset_2,Left,SVM,290,17,35,16,6,0.7027,0.7391,0.6863,0.6071,0.7182
Dataset_2,Left,SVM,291,28,29,13,4,0.7703,0.875,0.6905,0.7671,0.8341
Dataset_2,Left,SVM,292,19,33,13,9,0.7027,0.6786,0.7174,0.6333,0.797
Dataset_2,Left,SVM,293,17,36,16,5,0.7162,0.7727,0.6923,0.6182,0.7212
Dataset_2,Left,SVM,294,28,24,15,7,0.7027,0.8,0.6154,0.7179,0.7348
Dataset_2,Left,SVM,295,21,33,14,6,0.7297,0.7778,0.7021,0.6774,0.8164
Dataset_2,Left,SVM,296,18,39,12,5,0.7703,0.7826,0.7647,0.6792,0.8303
Dataset_2,Left,SVM,297,21,32,14,7,0.7162,0.75,0.6957,0.6667,0.738
Dataset_2,Left,SVM,298,13,34,21,6,0.6351,0.6842,0.6182,0.4906,0.7024
Dataset_2,Left,SVM,299,17,35,17,5,0.7027,0.7727,0.6731,0.6071,0.75
Dataset_2,Left,SVM,300,20,37,12,5,0.7703,0.8,0.7551,0.7018,0.7939
Dataset_2,Left,SVM,301,18,36,19,1,0.7297,0.9474,0.6545,0.6429,0.7947
Dataset_2,Left,SVM,302,20,24,26,4,0.5946,0.8333,0.48,0.5714,0.685
Dataset_2,Left,SVM,303,17,37,17,3,0.7297,0.85,0.6852,0.6296,0.8528
Dataset_2,Left,SVM,304,23,27,14,10,0.6757,0.697,0.6585,0.6571,0.7247
Dataset_2,Left,SVM,305,22,33,13,6,0.7432,0.7857,0.7174,0.6984,0.8168
Dataset_2,Left,SVM,306,19,33,17,5,0.7027,0.7917,0.66,0.6333,0.745
Dataset_2,Left,SVM,307,19,34,16,5,0.7162,0.7917,0.68,0.6441,0.7329
Dataset_2,Left,SVM,308,19,35,18,2,0.7297,0.9048,0.6604,0.6552,0.8778
Dataset_2,Left,SVM,309,13,38,15,8,0.6892,0.619,0.717,0.5306,0.7574
Dataset_2,Left,SVM,310,19,35,13,7,0.7297,0.7308,0.7292,0.6552,0.8377
Dataset_2,Left,SVM,311,17,33,19,5,0.6757,0.7727,0.6346,0.5862,0.7255
Dataset_2,Left,SVM,312,18,36,15,5,0.7297,0.7826,0.7059,0.6429,0.7643
Dataset_2,Left,SVM,313,19,33,14,8,0.7027,0.7037,0.7021,0.6333,0.7557
Dataset_2,Left,SVM,314,20,35,17,2,0.7432,0.9091,0.6731,0.678,0.8505
Dataset_2,Left,SVM,315,22,28,16,8,0.6757,0.7333,0.6364,0.6471,0.7871
Dataset_2,Left,SVM,316,21,35,15,3,0.7568,0.875,0.7,0.7,0.8233
Dataset_2,Left,SVM,317,13,35,21,5,0.6486,0.7222,0.625,0.5,0.7093
Dataset_2,Left,SVM,318,21,26,23,4,0.6351,0.84,0.5306,0.6087,0.7224
Dataset_2,Left,SVM,319,20,21,28,5,0.5541,0.8,0.4286,0.5479,0.5947
Dataset_2,Left,SVM,320,13,37,16,8,0.6757,0.619,0.6981,0.52,0.7219
Dataset_2,Left,SVM,321,22,29,15,8,0.6892,0.7333,0.6591,0.6567,0.7174
Dataset_2,Left,SVM,322,20,31,16,7,0.6892,0.7407,0.6596,0.6349,0.7179
Dataset_2,Left,SVM,323,18,30,20,6,0.6486,0.75,0.6,0.5806,0.6767
Dataset_2,Left,SVM,324,21,34,13,6,0.7432,0.7778,0.7234,0.6885,0.7825
Dataset_2,Left,SVM,325,24,31,13,6,0.7432,0.8,0.7045,0.7164,0.7966
Dataset_2,Left,SVM,326,27,24,20,3,0.6892,0.9,0.5455,0.7013,0.7216
Dataset_2,Left,SVM,327,22,23,21,8,0.6081,0.7333,0.5227,0.6027,0.6284
Dataset_2,Left,SVM,328,20,37,9,8,0.7703,0.7143,0.8043,0.7018,0.8331
Dataset_2,Left,SVM,329,18,37,15,4,0.7432,0.8182,0.7115,0.6545,0.833
Dataset_2,Left,SVM,330,17,33,15,9,0.6757,0.6538,0.6875,0.5862,0.7716
Dataset_2,Left,SVM,331,22,28,15,9,0.6757,0.7097,0.6512,0.6471,0.7431
Dataset_2,Left,SVM,332,17,27,19,11,0.5946,0.6071,0.587,0.5312,0.6506
Dataset_2,Left,SVM,333,20,31,17,6,0.6892,0.7692,0.6458,0.6349,0.7957
Dataset_2,Left,SVM,334,19,37,14,4,0.7568,0.8261,0.7255,0.6786,0.8666
Dataset_2,Left,SVM,335,16,35,18,5,0.6892,0.7619,0.6604,0.5818,0.7911
Dataset_2,Left,SVM,336,23,32,17,2,0.7432,0.92,0.6531,0.7077,0.8735
Dataset_2,Left,SVM,337,23,27,18,6,0.6757,0.7931,0.6,0.6571,0.7391
Dataset_2,Left,SVM,338,14,35,19,6,0.6622,0.7,0.6481,0.5283,0.6787
Dataset_2,Left,SVM,339,22,32,16,4,0.7297,0.8462,0.6667,0.6875,0.7584
Dataset_2,Left,SVM,340,18,35,17,4,0.7162,0.8182,0.6731,0.6316,0.7867
Dataset_2,Left,SVM,341,18,26,27,3,0.5946,0.8571,0.4906,0.5455,0.7354
Dataset_2,Left,SVM,342,14,31,20,9,0.6081,0.6087,0.6078,0.4912,0.7242
Dataset_2,Left,SVM,343,13,37,19,5,0.6757,0.7222,0.6607,0.52,0.6964
Dataset_2,Left,SVM,344,18,33,15,8,0.6892,0.6923,0.6875,0.6102,0.7604
Dataset_2,Left,SVM,345,25,35,12,2,0.8108,0.9259,0.7447,0.7813,0.87
Dataset_2,Left,SVM,346,21,31,14,8,0.7027,0.7241,0.6889,0.6562,0.764
Dataset_2,Left,SVM,347,17,35,18,4,0.7027,0.8095,0.6604,0.6071,0.7381
Dataset_2,Left,SVM,348,13,32,23,6,0.6081,0.6842,0.5818,0.4727,0.6852
Dataset_2,Left,SVM,349,26,31,12,5,0.7703,0.8387,0.7209,0.7536,0.8083
Dataset_2,Left,SVM,350,29,31,11,3,0.8108,0.9062,0.7381,0.8056,0.8151
Dataset_2,Left,SVM,351,20,27,20,7,0.6351,0.7407,0.5745,0.597,0.7191
Dataset_2,Left,SVM,352,23,28,17,6,0.6892,0.7931,0.6222,0.6667,0.7088
Dataset_2,Left,SVM,353,15,38,15,6,0.7162,0.7143,0.717,0.5882,0.7358
Dataset_2,Left,SVM,354,21,38,12,3,0.7973,0.875,0.76,0.7368,0.8571
Dataset_2,Left,SVM,355,23,29,15,7,0.7027,0.7667,0.6591,0.6765,0.758
Dataset_2,Left,SVM,356,23,37,11,3,0.8108,0.8846,0.7708,0.7667,0.8249
Dataset_2,Left,SVM,357,22,28,16,8,0.6757,0.7333,0.6364,0.6471,0.7106
Dataset_2,Left,SVM,358,28,25,18,3,0.7162,0.9032,0.5814,0.7273,0.7614
Dataset_2,Left,SVM,359,18,31,16,9,0.6622,0.6667,0.6596,0.5902,0.7664
Dataset_2,Left,SVM,360,22,29,18,5,0.6892,0.8148,0.617,0.6567,0.7289
Dataset_2,Left,SVM,361,21,31,21,1,0.7027,0.9545,0.5962,0.6562,0.7212
Dataset_2,Left,SVM,362,14,28,27,5,0.5676,0.7368,0.5091,0.4667,0.701
Dataset_2,Left,SVM,363,29,25,15,5,0.7297,0.8529,0.625,0.7436,0.7809
Dataset_2,Left,SVM,364,21,38,12,3,0.7973,0.875,0.76,0.7368,0.7925
Dataset_2,Left,SVM,365,21,31,15,7,0.7027,0.75,0.6739,0.6562,0.7811
Dataset_2,Left,SVM,366,17,38,14,5,0.7432,0.7727,0.7308,0.6415,0.8488
Dataset_2,Left,SVM,367,19,34,16,5,0.7162,0.7917,0.68,0.6441,0.7308
Dataset_2,Left,SVM,368,28,29,15,2,0.7703,0.9333,0.6591,0.7671,0.7667
Dataset_2,Left,SVM,369,21,31,17,5,0.7027,0.8077,0.6458,0.6563,0.7332
Dataset_2,Left,SVM,370,20,38,14,2,0.7838,0.9091,0.7308,0.7143,0.8444
Dataset_2,Left,SVM,371,19,31,18,6,0.6757,0.76,0.6327,0.6129,0.7204
Dataset_2,Left,SVM,372,21,30,16,7,0.6892,0.75,0.6522,0.6462,0.7974
Dataset_2,Left,SVM,373,21,30,16,7,0.6892,0.75,0.6522,0.6462,0.7337
Dataset_2,Left,SVM,374,23,26,21,4,0.6622,0.8519,0.5532,0.6479,0.721
Dataset_2,Left,SVM,375,23,26,14,11,0.6622,0.6765,0.65,0.6479,0.7081
Dataset_2,Left,SVM,376,17,32,20,5,0.6622,0.7727,0.6154,0.5763,0.7168
Dataset_2,Left,SVM,377,20,33,12,9,0.7162,0.6897,0.7333,0.6557,0.8092
Dataset_2,Left,SVM,378,22,29,14,9,0.6892,0.7097,0.6744,0.6567,0.7071
Dataset_2,Left,SVM,379,27,26,17,4,0.7162,0.871,0.6047,0.72,0.7123
Dataset_2,Left,SVM,380,12,43,12,7,0.7432,0.6316,0.7818,0.5581,0.7713
Dataset_2,Left,SVM,381,18,40,12,4,0.7838,0.8182,0.7692,0.6923,0.8077
Dataset_2,Left,SVM,382,18,29,23,4,0.6351,0.8182,0.5577,0.5714,0.7124
Dataset_2,Left,SVM,383,18,33,16,7,0.6892,0.72,0.6735,0.6102,0.7616
Dataset_2,Left,SVM,384,15,35,19,5,0.6757,0.75,0.6481,0.5556,0.688
Dataset_2,Left,SVM,385,16,39,16,3,0.7432,0.8421,0.7091,0.6275,0.7545
Dataset_2,Left,SVM,386,19,32,15,8,0.6892,0.7037,0.6809,0.623,0.7821
Dataset_2,Left,SVM,387,22,26,21,5,0.6486,0.8148,0.5532,0.6286,0.6982
Dataset_2,Left,SVM,388,25,34,10,5,0.7973,0.8333,0.7727,0.7692,0.8231
Dataset_2,Left,SVM,389,15,30,21,8,0.6081,0.6522,0.5882,0.5085,0.6594
Dataset_2,Left,SVM,390,14,41,17,2,0.7432,0.875,0.7069,0.5957,0.8292
Dataset_2,Left,SVM,391,24,38,9,3,0.8378,0.8889,0.8085,0.8,0.8522
Dataset_2,Left,SVM,392,21,32,16,5,0.7162,0.8077,0.6667,0.6667,0.7536
Dataset_2,Left,SVM,393,24,28,17,5,0.7027,0.8276,0.6222,0.6857,0.7621
Dataset_2,Left,SVM,394,14,36,15,9,0.6757,0.6087,0.7059,0.5385,0.6769
Dataset_2,Left,SVM,395,21,24,26,3,0.6081,0.875,0.48,0.5915,0.7121
Dataset_2,Left,SVM,396,19,35,16,4,0.7297,0.8261,0.6863,0.6552,0.8022
Dataset_2,Left,SVM,397,12,36,20,6,0.6486,0.6667,0.6429,0.48,0.7009
Dataset_2,Left,SVM,398,22,37,9,6,0.7973,0.7857,0.8043,0.7458,0.8156
Dataset_2,Left,SVM,399,20,31,17,6,0.6892,0.7692,0.6458,0.6349,0.7748
Dataset_2,Left,SVM,400,12,37,15,10,0.6622,0.5455,0.7115,0.4898,0.7395
Dataset_2,Left,SVM,401,23,31,16,4,0.7297,0.8519,0.6596,0.697,0.7872
Dataset_2,Left,SVM,402,23,33,13,5,0.7568,0.8214,0.7174,0.7187,0.7931
Dataset_2,Left,SVM,403,23,32,10,9,0.7432,0.7188,0.7619,0.7077,0.7775
Dataset_2,Left,SVM,404,28,29,13,4,0.7703,0.875,0.6905,0.7671,0.7578
Dataset_2,Left,SVM,405,14,35,16,9,0.6622,0.6087,0.6863,0.5283,0.7698
Dataset_2,Left,SVM,406,19,33,17,5,0.7027,0.7917,0.66,0.6333,0.755
Dataset_2,Left,SVM,407,21,35,13,5,0.7568,0.8077,0.7292,0.7,0.7825
Dataset_2,Left,SVM,408,21,35,13,5,0.7568,0.8077,0.7292,0.7,0.8273
Dataset_2,Left,SVM,409,20,36,12,6,0.7568,0.7692,0.75,0.6897,0.758
Dataset_2,Left,SVM,410,18,32,15,9,0.6757,0.6667,0.6809,0.6,0.7356
Dataset_2,Left,SVM,411,21,32,16,5,0.7162,0.8077,0.6667,0.6667,0.746
Dataset_2,Left,SVM,412,20,31,18,5,0.6892,0.8,0.6327,0.6349,0.7302
Dataset_2,Left,SVM,413,18,36,11,9,0.7297,0.6667,0.766,0.6429,0.7628
Dataset_2,Left,SVM,414,17,29,15,13,0.6216,0.5667,0.6591,0.5484,0.65
Dataset_2,Left,SVM,415,17,33,19,5,0.6757,0.7727,0.6346,0.5862,0.7806
Dataset_2,Left,SVM,416,16,39,17,2,0.7432,0.8889,0.6964,0.6275,0.8001
Dataset_2,Left,SVM,417,14,34,21,5,0.6486,0.7368,0.6182,0.5185,0.7278
Dataset_2,Left,SVM,418,24,29,11,10,0.7162,0.7059,0.725,0.6957,0.7699
Dataset_2,Left,SVM,419,18,37,14,5,0.7432,0.7826,0.7255,0.6545,0.7937
Dataset_2,Left,SVM,420,23,31,13,7,0.7297,0.7667,0.7045,0.697,0.8549
Dataset_2,Left,SVM,421,23,32,13,6,0.7432,0.7931,0.7111,0.7077,0.7567
Dataset_2,Left,SVM,422,23,36,11,4,0.7973,0.8519,0.766,0.7541,0.8712
Dataset_2,Left,SVM,423,16,38,12,8,0.7297,0.6667,0.76,0.6154,0.7579
Dataset_2,Left,SVM,424,23,37,8,6,0.8108,0.7931,0.8222,0.7667,0.882
Dataset_2,Left,SVM,425,21,33,13,7,0.7297,0.75,0.7174,0.6774,0.7729
Dataset_2,Left,SVM,426,16,35,18,5,0.6892,0.7619,0.6604,0.5818,0.7808
Dataset_2,Left,SVM,427,15,34,20,5,0.6622,0.75,0.6296,0.5455,0.6963
Dataset_2,Left,SVM,428,15,38,15,6,0.7162,0.7143,0.717,0.5882,0.7314
Dataset_2,Left,SVM,429,23,31,12,8,0.7297,0.7419,0.7209,0.697,0.7614
Dataset_2,Left,SVM,430,15,31,22,6,0.6216,0.7143,0.5849,0.5172,0.6343
Dataset_2,Left,SVM,431,20,31,14,9,0.6892,0.6897,0.6889,0.6349,0.7395
Dataset_2,Left,SVM,432,21,26,23,4,0.6351,0.84,0.5306,0.6087,0.6886
Dataset_2,Left,SVM,433,20,30,15,9,0.6757,0.6897,0.6667,0.625,0.7318
Dataset_2,Left,SVM,434,16,31,21,6,0.6351,0.7273,0.5962,0.5424,0.7133
Dataset_2,Left,SVM,435,16,30,21,7,0.6216,0.6957,0.5882,0.5333,0.7182
Dataset_2,Left,SVM,436,13,38,13,10,0.6892,0.5652,0.7451,0.5306,0.7332
Dataset_2,Left,SVM,437,18,33,17,6,0.6892,0.75,0.66,0.6102,0.7871
Dataset_2,Left,SVM,438,21,28,16,9,0.6622,0.7,0.6364,0.6269,0.7409
Dataset_2,Left,SVM,439,25,31,17,1,0.7568,0.9615,0.6458,0.7353,0.8317
Dataset_2,Left,SVM,440,17,30,20,7,0.6351,0.7083,0.6,0.5574,0.7292
Dataset_2,Left,SVM,441,17,34,14,9,0.6892,0.6538,0.7083,0.5965,0.7007
Dataset_2,Left,SVM,442,22,31,15,6,0.7162,0.7857,0.6739,0.6769,0.8082
Dataset_2,Left,SVM,443,22,32,17,3,0.7297,0.88,0.6531,0.6875,0.8192
Dataset_2,Left,SVM,444,25,22,19,8,0.6351,0.7576,0.5366,0.6494,0.6711
Dataset_2,Left,SVM,445,12,41,15,6,0.7162,0.6667,0.7321,0.5333,0.7609
Dataset_2,Left,SVM,446,25,29,10,10,0.7297,0.7143,0.7436,0.7143,0.8147
Dataset_2,Left,SVM,447,23,24,20,7,0.6351,0.7667,0.5455,0.6301,0.7053
Dataset_2,Left,SVM,448,27,28,16,3,0.7432,0.9,0.6364,0.7397,0.8451
Dataset_2,Left,SVM,449,18,32,15,9,0.6757,0.6667,0.6809,0.6,0.74
Dataset_2,Left,SVM,450,25,28,16,5,0.7162,0.8333,0.6364,0.7042,0.7428
Dataset_2,Left,SVM,451,20,28,18,8,0.6486,0.7143,0.6087,0.6061,0.7077
Dataset_2,Left,SVM,452,17,30,17,10,0.6351,0.6296,0.6383,0.5574,0.7096
Dataset_2,Left,SVM,453,26,28,16,4,0.7297,0.8667,0.6364,0.7222,0.797
Dataset_2,Left,SVM,454,24,28,19,3,0.7027,0.8889,0.5957,0.6857,0.7817
Dataset_2,Left,SVM,455,18,35,15,6,0.7162,0.75,0.7,0.6316,0.7992
Dataset_2,Left,SVM,456,17,33,19,5,0.6757,0.7727,0.6346,0.5862,0.7653
Dataset_2,Left,SVM,457,22,31,12,9,0.7162,0.7097,0.7209,0.6769,0.7959
Dataset_2,Left,SVM,458,18,28,19,9,0.6216,0.6667,0.5957,0.5625,0.6875
Dataset_2,Left,SVM,459,23,30,13,8,0.7162,0.7419,0.6977,0.6866,0.7554
Dataset_2,Left,SVM,460,17,33,16,8,0.6757,0.68,0.6735,0.5862,0.6759
Dataset_2,Left,SVM,461,28,30,14,2,0.7838,0.9333,0.6818,0.7778,0.8394
Dataset_2,Left,SVM,462,18,33,16,7,0.6892,0.72,0.6735,0.6102,0.7478
Dataset_2,Left,SVM,463,17,38,15,4,0.7432,0.8095,0.717,0.6415,0.8239
Dataset_2,Left,SVM,464,32,26,15,1,0.7838,0.9697,0.6341,0.8,0.7967
Dataset_2,Left,SVM,465,22,28,18,6,0.6757,0.7857,0.6087,0.6471,0.7655
Dataset_2,Left,SVM,466,19,40,10,5,0.7973,0.7917,0.8,0.717,0.8279
Dataset_2,Left,SVM,467,20,38,13,3,0.7838,0.8696,0.7451,0.7143,0.8291
Dataset_2,Left,SVM,468,19,32,16,7,0.6892,0.7308,0.6667,0.623,0.7188
Dataset_2,Left,SVM,469,24,27,16,7,0.6892,0.7742,0.6279,0.6761,0.7922
Dataset_2,Left,SVM,470,24,31,10,9,0.7432,0.7273,0.7561,0.7164,0.8004
Dataset_2,Left,SVM,471,22,30,11,11,0.7027,0.6667,0.7317,0.6667,0.7605
Dataset_2,Left,SVM,472,26,29,15,4,0.7432,0.8667,0.6591,0.7324,0.8277
Dataset_2,Left,SVM,473,16,36,16,6,0.7027,0.7273,0.6923,0.5926,0.743
Dataset_2,Left,SVM,474,23,28,16,7,0.6892,0.7667,0.6364,0.6667,0.7621
Dataset_2,Left,SVM,475,19,32,19,4,0.6892,0.8261,0.6275,0.623,0.705
Dataset_2,Left,SVM,476,20,29,19,6,0.6622,0.7692,0.6042,0.6154,0.7696
Dataset_2,Left,SVM,477,18,28,12,16,0.6216,0.5294,0.7,0.5625,0.7162
Dataset_2,Left,SVM,478,19,35,13,7,0.7297,0.7308,0.7292,0.6552,0.7388
Dataset_2,Left,SVM,479,25,28,17,4,0.7162,0.8621,0.6222,0.7042,0.7406
Dataset_2,Left,SVM,480,21,31,15,7,0.7027,0.75,0.6739,0.6562,0.7826
Dataset_2,Left,SVM,481,23,32,17,2,0.7432,0.92,0.6531,0.7077,0.8057
Dataset_2,Left,SVM,482,21,35,11,7,0.7568,0.75,0.7609,0.7,0.776
Dataset_2,Left,SVM,483,20,34,15,5,0.7297,0.8,0.6939,0.6667,0.8367
Dataset_2,Left,SVM,484,18,33,16,7,0.6892,0.72,0.6735,0.6102,0.7396
Dataset_2,Left,SVM,485,22,34,12,6,0.7568,0.7857,0.7391,0.7097,0.7733
Dataset_2,Left,SVM,486,15,38,18,3,0.7162,0.8333,0.6786,0.5882,0.8001
Dataset_2,Left,SVM,487,19,25,23,7,0.5946,0.7308,0.5208,0.5588,0.6755
Dataset_2,Left,SVM,488,20,32,14,8,0.7027,0.7143,0.6957,0.6452,0.7702
Dataset_2,Left,SVM,489,24,28,15,7,0.7027,0.7742,0.6512,0.6857,0.7082
Dataset_2,Left,SVM,490,23,31,14,6,0.7297,0.7931,0.6889,0.697,0.8391
Dataset_2,Left,SVM,491,22,28,17,7,0.6757,0.7586,0.6222,0.6471,0.7169
Dataset_2,Left,SVM,492,22,39,9,4,0.8243,0.8462,0.8125,0.7719,0.8834
Dataset_2,Left,SVM,493,19,30,18,7,0.6622,0.7308,0.625,0.6032,0.7071
Dataset_2,Left,SVM,494,22,35,14,3,0.7703,0.88,0.7143,0.7213,0.8127
Dataset_2,Left,SVM,495,16,32,20,6,0.6486,0.7273,0.6154,0.5517,0.7618
Dataset_2,Left,SVM,496,22,29,19,4,0.6892,0.8462,0.6042,0.6567,0.7524
Dataset_2,Left,SVM,497,18,34,18,4,0.7027,0.8182,0.6538,0.6207,0.7631
Dataset_2,Left,SVM,498,27,25,18,4,0.7027,0.871,0.5814,0.7105,0.7386
Dataset_2,Left,SVM,499,14,38,14,8,0.7027,0.6364,0.7308,0.56,0.743
Dataset_2,Left,SVM,500,25,30,13,6,0.7432,0.8065,0.6977,0.7246,0.8357
Dataset_2,Left,SVM,501,19,34,18,3,0.7162,0.8636,0.6538,0.6441,0.7268
Dataset_2,Left,SVM,502,22,27,17,8,0.6622,0.7333,0.6136,0.6377,0.6947
Dataset_2,Left,SVM,503,14,39,17,4,0.7162,0.7778,0.6964,0.5714,0.7649
Dataset_2,Left,SVM,504,19,33,17,5,0.7027,0.7917,0.66,0.6333,0.8075
Dataset_2,Left,SVM,505,19,34,11,10,0.7162,0.6552,0.7556,0.6441,0.787
Dataset_2,Left,SVM,506,22,30,14,8,0.7027,0.7333,0.6818,0.6667,0.7564
Dataset_2,Left,SVM,507,20,26,20,8,0.6216,0.7143,0.5652,0.5882,0.6871
Dataset_2,Left,SVM,508,15,31,22,6,0.6216,0.7143,0.5849,0.5172,0.6846
Dataset_2,Left,SVM,509,14,30,15,15,0.5946,0.4828,0.6667,0.4828,0.7314
Dataset_2,Left,SVM,510,21,31,19,3,0.7027,0.875,0.62,0.6563,0.7137
Dataset_2,Left,SVM,511,23,29,16,6,0.7027,0.7931,0.6444,0.6765,0.7195
Dataset_2,Left,SVM,512,17,36,11,10,0.7162,0.6296,0.766,0.6182,0.7711
Dataset_2,Left,SVM,513,25,37,10,2,0.8378,0.9259,0.7872,0.8065,0.9023
Dataset_2,Left,SVM,514,24,26,18,6,0.6757,0.8,0.5909,0.6667,0.7636
Dataset_2,Left,SVM,515,22,29,21,2,0.6892,0.9167,0.58,0.6567,0.7825
Dataset_2,Left,SVM,516,19,31,17,7,0.6757,0.7308,0.6458,0.6129,0.7576
Dataset_2,Left,SVM,517,21,33,16,4,0.7297,0.84,0.6735,0.6774,0.7592
Dataset_2,Left,SVM,518,22,30,14,8,0.7027,0.7333,0.6818,0.6667,0.7034
Dataset_2,Left,SVM,519,14,36,18,6,0.6757,0.7,0.6667,0.5385,0.6852
Dataset_2,Left,SVM,520,17,37,17,3,0.7297,0.85,0.6852,0.6296,0.7574
Dataset_2,Left,SVM,521,25,32,13,4,0.7703,0.8621,0.7111,0.7463,0.8253
Dataset_2,Left,SVM,522,15,36,14,9,0.6892,0.625,0.72,0.566,0.7729
Dataset_2,Left,SVM,523,17,35,18,4,0.7027,0.8095,0.6604,0.6071,0.7907
Dataset_2,Left,SVM,524,24,25,21,4,0.6622,0.8571,0.5435,0.6575,0.6995
Dataset_2,Left,SVM,525,20,29,19,6,0.6622,0.7692,0.6042,0.6154,0.7196
Dataset_2,Left,SVM,526,17,37,17,3,0.7297,0.85,0.6852,0.6296,0.7889
Dataset_2,Left,SVM,527,19,30,18,7,0.6622,0.7308,0.625,0.6032,0.6947
Dataset_2,Left,SVM,528,17,40,9,8,0.7703,0.68,0.8163,0.6667,0.7902
Dataset_2,Left,SVM,529,22,31,15,6,0.7162,0.7857,0.6739,0.6769,0.7892
Dataset_2,Left,SVM,530,23,29,14,8,0.7027,0.7419,0.6744,0.6765,0.7749
Dataset_2,Left,SVM,531,14,29,24,7,0.5811,0.6667,0.5472,0.4746,0.6622
Dataset_2,Left,SVM,532,23,32,15,4,0.7432,0.8519,0.6809,0.7077,0.7754
Dataset_2,Left,SVM,533,16,34,20,4,0.6757,0.8,0.6296,0.5714,0.788
Dataset_2,Left,SVM,534,16,36,17,5,0.7027,0.7619,0.6792,0.5926,0.7341
Dataset_2,Left,SVM,535,25,30,12,7,0.7432,0.7812,0.7143,0.7246,0.7857
Dataset_2,Left,SVM,536,17,37,15,5,0.7297,0.7727,0.7115,0.6296,0.8173
Dataset_2,Left,SVM,537,21,34,14,5,0.7432,0.8077,0.7083,0.6885,0.744
Dataset_2,Left,SVM,538,10,38,22,4,0.6486,0.7143,0.6333,0.4348,0.7262
Dataset_2,Left,SVM,539,15,29,22,8,0.5946,0.6522,0.5686,0.5,0.6117
Dataset_2,Left,SVM,540,13,35,21,5,0.6486,0.7222,0.625,0.5,0.7485
Dataset_2,Left,SVM,541,20,30,19,5,0.6757,0.8,0.6122,0.625,0.6584
Dataset_2,Left,SVM,542,19,35,15,5,0.7297,0.7917,0.7,0.6552,0.7879
Dataset_2,Left,SVM,543,25,30,13,6,0.7432,0.8065,0.6977,0.7246,0.7723
Dataset_2,Left,SVM,544,24,22,16,12,0.6216,0.6667,0.5789,0.6316,0.6751
Dataset_2,Left,SVM,545,13,37,16,8,0.6757,0.619,0.6981,0.52,0.6801
Dataset_2,Left,SVM,546,19,27,26,2,0.6216,0.9048,0.5094,0.5758,0.7134
Dataset_2,Left,SVM,547,20,33,13,8,0.7162,0.7143,0.7174,0.6557,0.7512
Dataset_2,Left,SVM,548,27,28,18,1,0.7432,0.9643,0.6087,0.7397,0.8245
Dataset_2,Left,SVM,549,21,23,23,7,0.5946,0.75,0.5,0.5833,0.6332
Dataset_2,Left,SVM,550,17,29,17,11,0.6216,0.6071,0.6304,0.5484,0.691
Dataset_2,Left,SVM,551,24,28,14,8,0.7027,0.75,0.6667,0.6857,0.776
Dataset_2,Left,SVM,552,23,24,19,8,0.6351,0.7419,0.5581,0.6301,0.6459
Dataset_2,Left,SVM,553,21,25,23,5,0.6216,0.8077,0.5208,0.6,0.7047
Dataset_2,Left,SVM,554,11,39,17,7,0.6757,0.6111,0.6964,0.4783,0.6756
Dataset_2,Left,SVM,555,23,36,14,1,0.7973,0.9583,0.72,0.7541,0.8621
Dataset_2,Left,SVM,556,24,37,9,4,0.8243,0.8571,0.8043,0.7869,0.8874
Dataset_2,Left,SVM,557,17,36,16,5,0.7162,0.7727,0.6923,0.6182,0.7404
Dataset_2,Left,SVM,558,27,27,15,5,0.7297,0.8438,0.6429,0.7297,0.8021
Dataset_2,Left,SVM,559,18,35,19,2,0.7162,0.9,0.6481,0.6316,0.7704
Dataset_2,Left,SVM,560,20,24,20,10,0.5946,0.6667,0.5455,0.5714,0.6977
Dataset_2,Left,SVM,561,26,29,15,4,0.7432,0.8667,0.6591,0.7324,0.8133
Dataset_2,Left,SVM,562,17,31,23,3,0.6486,0.85,0.5741,0.5667,0.7171
Dataset_2,Left,SVM,563,20,35,15,4,0.7432,0.8333,0.7,0.678,0.7754
Dataset_2,Left,SVM,564,19,31,18,6,0.6757,0.76,0.6327,0.6129,0.7135
Dataset_2,Left,SVM,565,14,30,19,11,0.5946,0.56,0.6122,0.4828,0.6147
Dataset_2,Left,SVM,566,24,28,16,6,0.7027,0.8,0.6364,0.6857,0.822
Dataset_2,Left,SVM,567,19,31,19,5,0.6757,0.7917,0.62,0.6129,0.7546
Dataset_2,Left,SVM,568,17,35,15,7,0.7027,0.7083,0.7,0.6071,0.7367
Dataset_2,Left,SVM,569,29,26,17,2,0.7432,0.9355,0.6047,0.7532,0.7813
Dataset_2,Left,SVM,570,17,35,18,4,0.7027,0.8095,0.6604,0.6071,0.7457
Dataset_2,Left,SVM,571,26,25,18,5,0.6892,0.8387,0.5814,0.6933,0.7498
Dataset_2,Left,SVM,572,22,30,11,11,0.7027,0.6667,0.7317,0.6667,0.7262
Dataset_2,Left,SVM,573,23,28,17,6,0.6892,0.7931,0.6222,0.6667,0.7805
Dataset_2,Left,SVM,574,22,32,17,3,0.7297,0.88,0.6531,0.6875,0.7759
Dataset_2,Left,SVM,575,22,29,19,4,0.6892,0.8462,0.6042,0.6567,0.7416
Dataset_2,Left,SVM,576,20,34,14,6,0.7297,0.7692,0.7083,0.6667,0.758
Dataset_2,Left,SVM,577,19,30,18,7,0.6622,0.7308,0.625,0.6032,0.7276
Dataset_2,Left,SVM,578,20,30,14,10,0.6757,0.6667,0.6818,0.625,0.7019
Dataset_2,Left,SVM,579,21,33,15,5,0.7297,0.8077,0.6875,0.6774,0.7985
Dataset_2,Left,SVM,580,20,34,12,8,0.7297,0.7143,0.7391,0.6667,0.8164
Dataset_2,Left,SVM,581,24,33,15,2,0.7703,0.9231,0.6875,0.7385,0.8109
Dataset_2,Left,SVM,582,16,37,14,7,0.7162,0.6957,0.7255,0.6038,0.7783
Dataset_2,Left,SVM,583,24,27,19,4,0.6892,0.8571,0.587,0.6761,0.7593
Dataset_2,Left,SVM,584,18,33,19,4,0.6892,0.8182,0.6346,0.6102,0.7635
Dataset_2,Left,SVM,585,21,35,10,8,0.7568,0.7241,0.7778,0.7,0.7893
Dataset_2,Left,SVM,586,21,32,15,6,0.7162,0.7778,0.6809,0.6667,0.7805
Dataset_2,Left,SVM,587,22,38,12,2,0.8108,0.9167,0.76,0.7586,0.8687
Dataset_2,Left,SVM,588,21,31,17,5,0.7027,0.8077,0.6458,0.6563,0.7332
Dataset_2,Left,SVM,589,17,36,17,4,0.7162,0.8095,0.6792,0.6182,0.788
Dataset_2,Left,SVM,590,19,34,17,4,0.7162,0.8261,0.6667,0.6441,0.7707
Dataset_2,Left,SVM,591,15,37,15,7,0.7027,0.6818,0.7115,0.5769,0.7456
Dataset_2,Left,SVM,592,22,31,14,7,0.7162,0.7586,0.6889,0.6769,0.7682
Dataset_2,Left,SVM,593,13,31,24,6,0.5946,0.6842,0.5636,0.4643,0.7024
Dataset_2,Left,SVM,594,17,31,15,11,0.6486,0.6071,0.6739,0.5667,0.7438
Dataset_2,Left,SVM,595,18,35,15,6,0.7162,0.75,0.7,0.6316,0.7821
Dataset_2,Left,SVM,596,16,41,13,4,0.7703,0.8,0.7593,0.6531,0.8329
Dataset_2,Left,SVM,597,25,27,17,5,0.7027,0.8333,0.6136,0.6944,0.7648
Dataset_2,Left,SVM,598,21,34,14,5,0.7432,0.8077,0.7083,0.6885,0.7684
Dataset_2,Left,SVM,599,21,39,12,2,0.8108,0.913,0.7647,0.75,0.7711
Dataset_2,Left,SVM,600,15,41,11,7,0.7568,0.6818,0.7885,0.625,0.8038
Dataset_2,Left,SVM,601,17,37,15,5,0.7297,0.7727,0.7115,0.6296,0.778
Dataset_2,Left,SVM,602,17,37,17,3,0.7297,0.85,0.6852,0.6296,0.8222
Dataset_2,Left,SVM,603,18,30,20,6,0.6486,0.75,0.6,0.5806,0.7
Dataset_2,Left,SVM,604,22,32,13,7,0.7297,0.7586,0.7111,0.6875,0.7816
Dataset_2,Left,SVM,605,24,31,14,5,0.7432,0.8276,0.6889,0.7164,0.8448
Dataset_2,Left,SVM,606,24,30,14,6,0.7297,0.8,0.6818,0.7059,0.8019
Dataset_2,Left,SVM,607,25,32,12,5,0.7703,0.8333,0.7273,0.7463,0.7973
Dataset_2,Left,SVM,608,23,39,7,5,0.8378,0.8214,0.8478,0.7931,0.88
Dataset_2,Left,SVM,609,17,33,17,7,0.6757,0.7083,0.66,0.5862,0.6733
Dataset_2,Left,SVM,610,21,34,18,1,0.7432,0.9545,0.6538,0.6885,0.7963
Dataset_2,Left,SVM,611,20,37,15,2,0.7703,0.9091,0.7115,0.7018,0.8287
Dataset_2,Left,SVM,612,18,35,15,6,0.7162,0.75,0.7,0.6316,0.7771
Dataset_2,Left,SVM,613,22,30,22,0,0.7027,1.0,0.5769,0.6667,0.7985
Dataset_2,Left,SVM,614,21,37,16,0,0.7838,1.0,0.6981,0.7241,0.8491
Dataset_2,Left,SVM,615,21,26,19,8,0.6351,0.7241,0.5778,0.6087,0.6617
Dataset_2,Left,SVM,616,18,33,16,7,0.6892,0.72,0.6735,0.6102,0.7343
Dataset_2,Left,SVM,617,19,35,18,2,0.7297,0.9048,0.6604,0.6552,0.7884
Dataset_2,Left,SVM,618,18,31,20,5,0.6622,0.7826,0.6078,0.5902,0.7067
Dataset_2,Left,SVM,619,23,32,15,4,0.7432,0.8519,0.6809,0.7077,0.8148
Dataset_2,Left,SVM,620,20,34,16,4,0.7297,0.8333,0.68,0.6667,0.8375
Dataset_2,Left,SVM,621,23,29,19,3,0.7027,0.8846,0.6042,0.6765,0.7596
Dataset_2,Left,SVM,622,20,29,15,10,0.6622,0.6667,0.6591,0.6154,0.636
Dataset_2,Left,SVM,623,22,27,12,13,0.6622,0.6286,0.6923,0.6377,0.7366
Dataset_2,Left,SVM,624,16,37,12,9,0.7162,0.64,0.7551,0.6038,0.8282
Dataset_2,Left,SVM,625,14,36,16,8,0.6757,0.6364,0.6923,0.5385,0.7185
Dataset_2,Left,SVM,626,15,25,27,7,0.5405,0.6818,0.4808,0.4688,0.6622
Dataset_2,Left,SVM,627,19,34,14,7,0.7162,0.7308,0.7083,0.6441,0.7035
Dataset_2,Left,SVM,628,16,23,30,5,0.527,0.7619,0.434,0.4776,0.6316
Dataset_2,Left,SVM,629,28,33,10,3,0.8243,0.9032,0.7674,0.8116,0.8695
Dataset_2,Left,SVM,630,27,22,17,8,0.6622,0.7714,0.5641,0.6835,0.6989
Dataset_2,Left,SVM,631,22,33,12,7,0.7432,0.7586,0.7333,0.6984,0.7877
Dataset_2,Left,SVM,632,19,32,17,6,0.6892,0.76,0.6531,0.623,0.7404
Dataset_2,Left,SVM,633,21,28,17,8,0.6622,0.7241,0.6222,0.6269,0.7199
Dataset_2,Left,SVM,634,16,36,15,7,0.7027,0.6957,0.7059,0.5926,0.8086
Dataset_2,Left,SVM,635,19,36,16,3,0.7432,0.8636,0.6923,0.6667,0.8042
Dataset_2,Left,SVM,636,10,30,25,9,0.5405,0.5263,0.5455,0.3704,0.6359
Dataset_2,Left,SVM,637,18,30,19,7,0.6486,0.72,0.6122,0.5806,0.7282
Dataset_2,Left,SVM,638,23,28,18,5,0.6892,0.8214,0.6087,0.6667,0.7539
Dataset_2,Left,SVM,639,23,28,16,7,0.6892,0.7667,0.6364,0.6667,0.7678
Dataset_2,Left,SVM,640,20,34,12,8,0.7297,0.7143,0.7391,0.6667,0.7527
Dataset_2,Left,SVM,641,17,33,16,8,0.6757,0.68,0.6735,0.5862,0.7371
Dataset_2,Left,SVM,642,22,29,17,6,0.6892,0.7857,0.6304,0.6567,0.7865
Dataset_2,Left,SVM,643,23,31,16,4,0.7297,0.8519,0.6596,0.697,0.8097
Dataset_2,Left,SVM,644,26,31,12,5,0.7703,0.8387,0.7209,0.7536,0.8312
Dataset_2,Left,SVM,645,15,37,14,8,0.7027,0.6522,0.7255,0.5769,0.7408
Dataset_2,Left,SVM,646,28,29,12,5,0.7703,0.8485,0.7073,0.7671,0.7668
Dataset_2,Left,SVM,647,26,25,16,7,0.6892,0.7879,0.6098,0.6933,0.7014
Dataset_2,Left,SVM,648,17,29,19,9,0.6216,0.6538,0.6042,0.5484,0.6334
Dataset_2,Left,SVM,649,20,31,18,5,0.6892,0.8,0.6327,0.6349,0.7257
Dataset_2,Left,SVM,650,21,29,15,9,0.6757,0.7,0.6591,0.6364,0.7295
Dataset_2,Left,SVM,651,21,29,18,6,0.6757,0.7778,0.617,0.6364,0.7569
Dataset_2,Left,SVM,652,22,34,15,3,0.7568,0.88,0.6939,0.7097,0.8163
Dataset_2,Left,SVM,653,19,30,21,4,0.6622,0.8261,0.5882,0.6032,0.6961
Dataset_2,Left,SVM,654,18,36,15,5,0.7297,0.7826,0.7059,0.6429,0.7182
Dataset_2,Left,SVM,655,16,35,20,3,0.6892,0.8421,0.6364,0.5818,0.6818
Dataset_2,Left,SVM,656,23,31,13,7,0.7297,0.7667,0.7045,0.697,0.7515
Dataset_2,Left,SVM,657,14,46,8,6,0.8108,0.7,0.8519,0.6667,0.8782
Dataset_2,Left,SVM,658,19,34,14,7,0.7162,0.7308,0.7083,0.6441,0.7388
Dataset_2,Left,SVM,659,23,34,11,6,0.7703,0.7931,0.7556,0.7302,0.823
Dataset_2,Left,SVM,660,24,30,16,4,0.7297,0.8571,0.6522,0.7059,0.8082
Dataset_2,Left,SVM,661,12,36,19,7,0.6486,0.6316,0.6545,0.48,0.6727
Dataset_2,Left,SVM,662,20,33,14,7,0.7162,0.7407,0.7021,0.6557,0.7053
Dataset_2,Left,SVM,663,17,35,17,5,0.7027,0.7727,0.6731,0.6071,0.757
Dataset_2,Left,SVM,664,21,34,15,4,0.7432,0.84,0.6939,0.6885,0.7633
Dataset_2,Left,SVM,665,17,42,10,5,0.7973,0.7727,0.8077,0.6939,0.8427
Dataset_2,Left,SVM,666,19,28,20,7,0.6351,0.7308,0.5833,0.5846,0.7296
Dataset_2,Left,SVM,667,21,27,24,2,0.6486,0.913,0.5294,0.6176,0.676
Dataset_2,Left,SVM,668,15,36,15,8,0.6892,0.6522,0.7059,0.566,0.7698
Dataset_2,Left,SVM,669,21,27,22,4,0.6486,0.84,0.551,0.6176,0.7249
Dataset_2,Left,SVM,670,20,29,19,6,0.6622,0.7692,0.6042,0.6154,0.72
Dataset_2,Left,SVM,671,18,35,13,8,0.7162,0.6923,0.7292,0.6316,0.7404
Dataset_2,Left,SVM,672,20,33,13,8,0.7162,0.7143,0.7174,0.6557,0.7776
Dataset_2,Left,SVM,673,20,32,15,7,0.7027,0.7407,0.6809,0.6452,0.7403
Dataset_2,Left,SVM,674,20,37,12,5,0.7703,0.8,0.7551,0.7018,0.8498
Dataset_2,Left,SVM,675,26,30,16,2,0.7568,0.9286,0.6522,0.7429,0.8222
Dataset_2,Left,SVM,676,22,38,9,5,0.8108,0.8148,0.8085,0.7586,0.8511
Dataset_2,Left,SVM,677,20,32,15,7,0.7027,0.7407,0.6809,0.6452,0.7691
Dataset_2,Left,SVM,678,14,36,19,5,0.6757,0.7368,0.6545,0.5385,0.7962
Dataset_2,Left,SVM,679,26,29,14,5,0.7432,0.8387,0.6744,0.7324,0.7959
Dataset_2,Left,SVM,680,22,34,14,4,0.7568,0.8462,0.7083,0.7097,0.8021
Dataset_2,Left,SVM,681,25,24,21,4,0.6622,0.8621,0.5333,0.6667,0.7153
Dataset_2,Left,SVM,682,18,35,16,5,0.7162,0.7826,0.6863,0.6316,0.7553
Dataset_2,Left,SVM,683,19,37,13,5,0.7568,0.7917,0.74,0.6786,0.815
Dataset_2,Left,SVM,684,26,29,11,8,0.7432,0.7647,0.725,0.7324,0.807
Dataset_2,Left,SVM,685,18,38,14,4,0.7568,0.8182,0.7308,0.6667,0.7832
Dataset_2,Left,SVM,686,22,30,20,2,0.7027,0.9167,0.6,0.6667,0.7142
Dataset_2,Left,SVM,687,18,44,5,7,0.8378,0.72,0.898,0.75,0.8514
Dataset_2,Left,SVM,688,29,28,13,4,0.7703,0.8788,0.6829,0.7733,0.8226
Dataset_2,Left,SVM,689,21,25,14,14,0.6216,0.6,0.641,0.6,0.6916
Dataset_2,Left,SVM,690,14,34,18,8,0.6486,0.6364,0.6538,0.5185,0.7421
Dataset_2,Left,SVM,691,22,30,16,6,0.7027,0.7857,0.6522,0.6667,0.7783
Dataset_2,Left,SVM,692,17,33,15,9,0.6757,0.6538,0.6875,0.5862,0.746
Dataset_2,Left,SVM,693,20,28,22,4,0.6486,0.8333,0.56,0.6061,0.7275
Dataset_2,Left,SVM,694,27,23,18,6,0.6757,0.8182,0.561,0.6923,0.7247
Dataset_2,Left,SVM,695,20,32,13,9,0.7027,0.6897,0.7111,0.6452,0.7973
Dataset_2,Left,SVM,696,21,33,14,6,0.7297,0.7778,0.7021,0.6774,0.814
Dataset_2,Left,SVM,697,22,28,20,4,0.6757,0.8462,0.5833,0.6471,0.7544
Dataset_2,Left,SVM,698,22,29,17,6,0.6892,0.7857,0.6304,0.6567,0.7558
Dataset_2,Left,SVM,699,19,36,16,3,0.7432,0.8636,0.6923,0.6667,0.7893
Dataset_2,Left,SVM,700,18,30,24,2,0.6486,0.9,0.5556,0.5806,0.7435
Dataset_2,Left,SVM,701,22,31,13,8,0.7162,0.7333,0.7045,0.6769,0.7534
Dataset_2,Left,SVM,702,17,30,20,7,0.6351,0.7083,0.6,0.5574,0.7242
Dataset_2,Left,SVM,703,15,36,14,9,0.6892,0.625,0.72,0.566,0.7087
Dataset_2,Left,SVM,704,23,32,15,4,0.7432,0.8519,0.6809,0.7077,0.8101
Dataset_2,Left,SVM,705,16,38,15,5,0.7297,0.7619,0.717,0.6154,0.7354
Dataset_2,Left,SVM,706,25,29,16,4,0.7297,0.8621,0.6444,0.7143,0.8667
Dataset_2,Left,SVM,707,21,26,20,7,0.6351,0.75,0.5652,0.6087,0.7438
Dataset_2,Left,SVM,708,21,32,16,5,0.7162,0.8077,0.6667,0.6667,0.7893
Dataset_2,Left,SVM,709,17,33,15,9,0.6757,0.6538,0.6875,0.5862,0.7696
Dataset_2,Left,SVM,710,21,38,10,5,0.7973,0.8077,0.7917,0.7368,0.8622
Dataset_2,Left,SVM,711,19,34,12,9,0.7162,0.6786,0.7391,0.6441,0.7849
Dataset_2,Left,SVM,712,23,32,14,5,0.7432,0.8214,0.6957,0.7077,0.7919
Dataset_2,Left,SVM,713,19,31,17,7,0.6757,0.7308,0.6458,0.6129,0.7648
Dataset_2,Left,SVM,714,14,40,11,9,0.7297,0.6087,0.7843,0.5833,0.743
Dataset_2,Left,SVM,715,22,38,10,4,0.8108,0.8462,0.7917,0.7586,0.8598
Dataset_2,Left,SVM,716,23,32,15,4,0.7432,0.8519,0.6809,0.7077,0.8148
Dataset_2,Left,SVM,717,25,34,10,5,0.7973,0.8333,0.7727,0.7692,0.7924
Dataset_2,Left,SVM,718,16,37,16,5,0.7162,0.7619,0.6981,0.6038,0.748
Dataset_2,Left,SVM,719,18,31,20,5,0.6622,0.7826,0.6078,0.5902,0.743
Dataset_2,Left,SVM,720,15,32,20,7,0.6351,0.6818,0.6154,0.5263,0.7426
Dataset_2,Left,SVM,721,18,32,18,6,0.6757,0.75,0.64,0.6,0.7125
Dataset_2,Left,SVM,722,18,37,15,4,0.7432,0.8182,0.7115,0.6545,0.7955
Dataset_2,Left,SVM,723,18,35,18,3,0.7162,0.8571,0.6604,0.6316,0.7704
Dataset_2,Left,SVM,724,16,30,20,8,0.6216,0.6667,0.6,0.5333,0.7442
Dataset_2,Left,SVM,725,18,39,13,4,0.7703,0.8182,0.75,0.6792,0.8029
Dataset_2,Left,SVM,726,20,33,17,4,0.7162,0.8333,0.66,0.6557,0.7488
Dataset_2,Left,SVM,727,21,34,14,5,0.7432,0.8077,0.7083,0.6885,0.8109
Dataset_2,Left,SVM,728,22,34,14,4,0.7568,0.8462,0.7083,0.7097,0.7704
Dataset_2,Left,SVM,729,21,28,18,7,0.6622,0.75,0.6087,0.6269,0.7791
Dataset_2,Left,SVM,730,22,36,9,7,0.7838,0.7586,0.8,0.7333,0.8303
Dataset_2,Left,SVM,731,26,29,16,3,0.7432,0.8966,0.6444,0.7324,0.8142
Dataset_2,Left,SVM,732,17,37,16,4,0.7297,0.8095,0.6981,0.6296,0.7808
Dataset_2,Left,SVM,733,30,27,12,5,0.7703,0.8571,0.6923,0.7792,0.8081
Dataset_2,Left,SVM,734,22,31,18,3,0.7162,0.88,0.6327,0.6769,0.8106
Dataset_2,Left,SVM,735,21,38,10,5,0.7973,0.8077,0.7917,0.7368,0.8297
Dataset_2,Left,SVM,736,16,36,18,4,0.7027,0.8,0.6667,0.5926,0.8222
Dataset_2,Left,SVM,737,15,36,15,8,0.6892,0.6522,0.7059,0.566,0.7118
Dataset_2,Left,SVM,738,21,26,20,7,0.6351,0.75,0.5652,0.6087,0.6906
Dataset_2,Left,SVM,739,16,34,19,5,0.6757,0.7619,0.6415,0.5714,0.7619
Dataset_2,Left,SVM,740,18,34,15,7,0.7027,0.72,0.6939,0.6207,0.7816
Dataset_2,Left,SVM,741,20,37,14,3,0.7703,0.8696,0.7255,0.7018,0.7835
Dataset_2,Left,SVM,742,21,36,17,0,0.7703,1.0,0.6792,0.7119,0.8104
Dataset_2,Left,SVM,743,23,31,16,4,0.7297,0.8519,0.6596,0.697,0.7943
Dataset_2,Left,SVM,744,21,35,16,2,0.7568,0.913,0.6863,0.7,0.8295
Dataset_2,Left,SVM,745,25,28,16,5,0.7162,0.8333,0.6364,0.7042,0.772
Dataset_2,Left,SVM,746,16,34,14,10,0.6757,0.6154,0.7083,0.5714,0.7392
Dataset_2,Left,SVM,747,18,34,19,3,0.7027,0.8571,0.6415,0.6207,0.7615
Dataset_2,Left,SVM,748,15,31,21,7,0.6216,0.6818,0.5962,0.5172,0.7054
Dataset_2,Left,SVM,749,22,29,14,9,0.6892,0.7097,0.6744,0.6567,0.7134
Dataset_2,Left,SVM,750,15,33,20,6,0.6486,0.7143,0.6226,0.5357,0.7889
Dataset_2,Left,SVM,751,16,30,23,5,0.6216,0.7619,0.566,0.5333,0.7026
Dataset_2,Left,SVM,752,18,36,14,6,0.7297,0.75,0.72,0.6429,0.7733
Dataset_2,Left,SVM,753,18,29,20,7,0.6351,0.72,0.5918,0.5714,0.658
Dataset_2,Left,SVM,754,20,28,17,9,0.6486,0.6897,0.6222,0.6061,0.646
Dataset_2,Left,SVM,755,19,35,9,11,0.7297,0.6333,0.7955,0.6552,0.7682
Dataset_2,Left,SVM,756,19,30,19,6,0.6622,0.76,0.6122,0.6032,0.7106
Dataset_2,Left,SVM,757,20,31,17,6,0.6892,0.7692,0.6458,0.6349,0.7893
Dataset_2,Left,SVM,758,28,28,14,4,0.7568,0.875,0.6667,0.7568,0.7541
Dataset_2,Left,SVM,759,20,31,17,6,0.6892,0.7692,0.6458,0.6349,0.738
Dataset_2,Left,SVM,760,17,35,15,7,0.7027,0.7083,0.7,0.6071,0.755
Dataset_2,Left,SVM,761,16,33,18,7,0.6622,0.6957,0.6471,0.5614,0.7579
Dataset_2,Left,SVM,762,20,35,12,7,0.7432,0.7407,0.7447,0.678,0.7801
Dataset_2,Left,SVM,763,22,33,12,7,0.7432,0.7586,0.7333,0.6984,0.8092
Dataset_2,Left,SVM,764,21,25,22,6,0.6216,0.7778,0.5319,0.6,0.6832
Dataset_2,Left,SVM,765,21,31,10,12,0.7027,0.6364,0.7561,0.6562,0.7746
Dataset_2,Left,SVM,766,23,28,16,7,0.6892,0.7667,0.6364,0.6667,0.7723
Dataset_2,Left,SVM,767,10,36,18,10,0.6216,0.5,0.6667,0.4167,0.669
Dataset_2,Left,SVM,768,18,34,14,8,0.7027,0.6923,0.7083,0.6207,0.7636
Dataset_2,Left,SVM,769,17,31,21,5,0.6486,0.7727,0.5962,0.5667,0.7338
Dataset_2,Left,SVM,770,16,34,17,7,0.6757,0.6957,0.6667,0.5714,0.717
Dataset_2,Left,SVM,771,13,41,13,7,0.7297,0.65,0.7593,0.5652,0.7565
Dataset_2,Left,SVM,772,18,33,18,5,0.6892,0.7826,0.6471,0.6102,0.7711
Dataset_2,Left,SVM,773,21,36,13,4,0.7703,0.84,0.7347,0.7119,0.8465
Dataset_2,Left,SVM,774,15,32,21,6,0.6351,0.7143,0.6038,0.5263,0.7188
Dataset_2,Left,SVM,775,14,33,19,8,0.6351,0.6364,0.6346,0.5091,0.7115
Dataset_2,Left,SVM,776,20,36,14,4,0.7568,0.8333,0.72,0.6897,0.7933
Dataset_2,Left,SVM,777,17,35,10,12,0.7027,0.5862,0.7778,0.6071,0.7682
Dataset_2,Left,SVM,778,27,25,16,6,0.7027,0.8182,0.6098,0.7105,0.7938
Dataset_2,Left,SVM,779,20,34,13,7,0.7297,0.7407,0.7234,0.6667,0.7455
Dataset_2,Left,SVM,780,21,32,16,5,0.7162,0.8077,0.6667,0.6667,0.8045
Dataset_2,Left,SVM,781,16,38,14,6,0.7297,0.7273,0.7308,0.6154,0.7369
Dataset_2,Left,SVM,782,16,35,19,4,0.6892,0.8,0.6481,0.5818,0.7917
Dataset_2,Left,SVM,783,19,31,18,6,0.6757,0.76,0.6327,0.6129,0.7527
Dataset_2,Left,SVM,784,16,31,23,4,0.6351,0.8,0.5741,0.5424,0.7139
Dataset_2,Left,SVM,785,25,33,9,7,0.7838,0.7812,0.7857,0.7576,0.8147
Dataset_2,Left,SVM,786,20,35,13,6,0.7432,0.7692,0.7292,0.678,0.8041
Dataset_2,Left,SVM,787,15,32,18,9,0.6351,0.625,0.64,0.5263,0.6833
Dataset_2,Left,SVM,788,27,26,19,2,0.7162,0.931,0.5778,0.72,0.7759
Dataset_2,Left,SVM,789,17,38,14,5,0.7432,0.7727,0.7308,0.6415,0.7579
Dataset_2,Left,SVM,790,26,29,14,5,0.7432,0.8387,0.6744,0.7324,0.7727
Dataset_2,Left,SVM,791,17,27,18,12,0.5946,0.5862,0.6,0.5312,0.6421
Dataset_2,Left,SVM,792,12,36,19,7,0.6486,0.6316,0.6545,0.48,0.6359
Dataset_2,Left,SVM,793,21,34,16,3,0.7432,0.875,0.68,0.6885,0.8042
Dataset_2,Left,SVM,794,26,24,9,15,0.6757,0.6341,0.7273,0.6842,0.7299
Dataset_2,Left,SVM,795,21,29,16,8,0.6757,0.7241,0.6444,0.6364,0.8008
Dataset_2,Left,SVM,796,27,31,10,6,0.7838,0.8182,0.7561,0.7714,0.7905
Dataset_2,Left,SVM,797,21,28,19,6,0.6622,0.7778,0.5957,0.6269,0.6809
Dataset_2,Left,SVM,798,25,34,11,4,0.7973,0.8621,0.7556,0.7692,0.8605
Dataset_2,Left,SVM,799,26,27,17,4,0.7162,0.8667,0.6136,0.7123,0.7466
Dataset_2,Left,SVM,800,26,33,11,4,0.7973,0.8667,0.75,0.7761,0.8462
Dataset_2,Left,SVM,801,13,35,16,10,0.6486,0.5652,0.6863,0.5,0.6922
Dataset_2,Left,SVM,802,14,32,20,8,0.6216,0.6364,0.6154,0.5,0.6809
Dataset_2,Left,SVM,803,14,35,20,5,0.6622,0.7368,0.6364,0.5283,0.7392
Dataset_2,Left,SVM,804,20,27,22,5,0.6351,0.8,0.551,0.597,0.7457
Dataset_2,Left,SVM,805,23,28,10,13,0.6892,0.6389,0.7368,0.6667,0.7803
Dataset_2,Left,SVM,806,34,27,8,5,0.8243,0.8718,0.7714,0.8395,0.8777
Dataset_2,Left,SVM,807,15,41,14,4,0.7568,0.7895,0.7455,0.625,0.8057
Dataset_2,Left,SVM,808,22,37,10,5,0.7973,0.8148,0.7872,0.7458,0.8227
Dataset_2,Left,SVM,809,23,23,21,7,0.6216,0.7667,0.5227,0.6216,0.6674
Dataset_2,Left,SVM,810,17,36,14,7,0.7162,0.7083,0.72,0.6182,0.7308
Dataset_2,Left,SVM,811,24,25,18,7,0.6622,0.7742,0.5814,0.6575,0.6819
Dataset_2,Left,SVM,812,20,29,15,10,0.6622,0.6667,0.6591,0.6154,0.7318
Dataset_2,Left,SVM,813,21,27,17,9,0.6486,0.7,0.6136,0.6176,0.7106
Dataset_2,Left,SVM,814,31,24,17,2,0.7432,0.9394,0.5854,0.7654,0.7517
Dataset_2,Left,SVM,815,10,37,19,8,0.6351,0.5556,0.6607,0.4255,0.62
Dataset_2,Left,SVM,816,22,40,9,3,0.8378,0.88,0.8163,0.7857,0.8408
Dataset_2,Left,SVM,817,20,31,14,9,0.6892,0.6897,0.6889,0.6349,0.7188
Dataset_2,Left,SVM,818,20,29,18,7,0.6622,0.7407,0.617,0.6154,0.6895
Dataset_2,Left,SVM,819,22,31,13,8,0.7162,0.7333,0.7045,0.6769,0.7591
Dataset_2,Left,SVM,820,27,26,19,2,0.7162,0.931,0.5778,0.72,0.7724
Dataset_2,Left,SVM,821,14,37,20,3,0.6892,0.8235,0.6491,0.549,0.7214
Dataset_2,Left,SVM,822,20,32,16,6,0.7027,0.7692,0.6667,0.6452,0.7163
Dataset_2,Left,SVM,823,19,27,23,5,0.6216,0.7917,0.54,0.5758,0.6771
Dataset_2,Left,SVM,824,22,30,13,9,0.7027,0.7097,0.6977,0.6667,0.7554
Dataset_2,Left,SVM,825,15,34,22,3,0.6622,0.8333,0.6071,0.5455,0.7599
Dataset_2,Left,SVM,826,19,36,16,3,0.7432,0.8636,0.6923,0.6667,0.8134
Dataset_2,Left,SVM,827,15,36,21,2,0.6892,0.8824,0.6316,0.566,0.7152
Dataset_2,Left,SVM,828,12,31,24,7,0.5811,0.6316,0.5636,0.4364,0.6708
Dataset_2,Left,SVM,829,16,35,15,8,0.6892,0.6667,0.7,0.5818,0.7187
Dataset_2,Left,SVM,830,20,33,13,8,0.7162,0.7143,0.7174,0.6557,0.7461
Dataset_2,Left,SVM,831,22,30,15,7,0.7027,0.7586,0.6667,0.6667,0.7268
Dataset_2,Left,SVM,832,25,38,6,5,0.8514,0.8333,0.8636,0.8197,0.8856
Dataset_2,Left,SVM,833,22,36,12,4,0.7838,0.8462,0.75,0.7333,0.9022
Dataset_2,Left,SVM,834,26,27,13,8,0.7162,0.7647,0.675,0.7123,0.6915
Dataset_2,Left,SVM,835,18,37,13,6,0.7432,0.75,0.74,0.6545,0.7642
Dataset_2,Left,SVM,836,20,33,17,4,0.7162,0.8333,0.66,0.6557,0.8013
Dataset_2,Left,SVM,837,24,27,18,5,0.6892,0.8276,0.6,0.6761,0.7341
Dataset_2,Left,SVM,838,20,26,25,3,0.6216,0.8696,0.5098,0.5882,0.6151
Dataset_2,Left,SVM,839,24,29,16,5,0.7162,0.8276,0.6444,0.6957,0.7575
Dataset_2,Left,SVM,840,18,35,17,4,0.7162,0.8182,0.6731,0.6316,0.8173
Dataset_2,Left,SVM,841,22,32,17,3,0.7297,0.88,0.6531,0.6875,0.7633
Dataset_2,Left,SVM,842,16,35,17,6,0.6892,0.7273,0.6731,0.5818,0.7644
Dataset_2,Left,SVM,843,23,32,15,4,0.7432,0.8519,0.6809,0.7077,0.7498
Dataset_2,Left,SVM,844,15,38,16,5,0.7162,0.75,0.7037,0.5882,0.7685
Dataset_2,Left,SVM,845,14,34,17,9,0.6486,0.6087,0.6667,0.5185,0.6658
Dataset_2,Left,SVM,846,21,32,15,6,0.7162,0.7778,0.6809,0.6667,0.7573
Dataset_2,Left,SVM,847,22,30,17,5,0.7027,0.8148,0.6383,0.6667,0.777
Dataset_2,Left,SVM,848,17,32,18,7,0.6622,0.7083,0.64,0.5763,0.6946
Dataset_2,Left,SVM,849,15,33,20,6,0.6486,0.7143,0.6226,0.5357,0.7044
Dataset_2,Left,SVM,850,14,39,19,2,0.7162,0.875,0.6724,0.5714,0.8157
Dataset_2,Left,SVM,851,17,31,18,8,0.6486,0.68,0.6327,0.5667,0.7253
Dataset_2,Left,SVM,852,13,40,13,8,0.7162,0.619,0.7547,0.5532,0.7727
Dataset_2,Left,SVM,853,24,30,14,6,0.7297,0.8,0.6818,0.7059,0.8061
Dataset_2,Left,SVM,854,22,35,15,2,0.7703,0.9167,0.7,0.7213,0.7975
Dataset_2,Left,SVM,855,13,37,17,7,0.6757,0.65,0.6852,0.52,0.7074
Dataset_2,Left,SVM,856,22,31,16,5,0.7162,0.8148,0.6596,0.6769,0.7636
Dataset_2,Left,SVM,857,20,31,18,5,0.6892,0.8,0.6327,0.6349,0.7792
Dataset_2,Left,SVM,858,15,36,16,7,0.6892,0.6818,0.6923,0.566,0.7325
Dataset_2,Left,SVM,859,17,28,22,7,0.6081,0.7083,0.56,0.5397,0.6308
Dataset_2,Left,SVM,860,22,34,11,7,0.7568,0.7586,0.7556,0.7097,0.8314
Dataset_2,Left,SVM,861,18,41,8,7,0.7973,0.72,0.8367,0.7059,0.8776
Dataset_2,Left,SVM,862,21,27,23,3,0.6486,0.875,0.54,0.6176,0.7433
Dataset_2,Left,SVM,863,9,42,17,6,0.6892,0.6,0.7119,0.439,0.7785
Dataset_2,Left,SVM,864,19,33,19,3,0.7027,0.8636,0.6346,0.6333,0.7972
Dataset_2,Left,SVM,865,24,28,16,6,0.7027,0.8,0.6364,0.6857,0.7068
Dataset_2,Left,SVM,866,22,31,19,2,0.7162,0.9167,0.62,0.6769,0.8042
Dataset_2,Left,SVM,867,21,29,15,9,0.6757,0.7,0.6591,0.6364,0.7326
Dataset_2,Left,SVM,868,12,37,17,8,0.6622,0.6,0.6852,0.4898,0.6407
Dataset_2,Left,SVM,869,15,41,15,3,0.7568,0.8333,0.7321,0.625,0.7713
Dataset_2,Left,SVM,870,24,33,13,4,0.7703,0.8571,0.7174,0.7385,0.7756
Dataset_2,Left,SVM,871,24,32,12,6,0.7568,0.8,0.7273,0.7273,0.7856
Dataset_2,Left,SVM,872,17,33,16,8,0.6757,0.68,0.6735,0.5862,0.7118
Dataset_2,Left,SVM,873,20,29,18,7,0.6622,0.7407,0.617,0.6154,0.6726
Dataset_2,Left,SVM,874,24,28,14,8,0.7027,0.75,0.6667,0.6857,0.8214
Dataset_2,Left,SVM,875,18,34,16,6,0.7027,0.75,0.68,0.6207,0.7546
Dataset_2,Left,SVM,876,26,31,12,5,0.7703,0.8387,0.7209,0.7536,0.802
Dataset_2,Left,SVM,877,15,33,22,4,0.6486,0.7895,0.6,0.5357,0.7215
Dataset_2,Left,SVM,878,17,36,16,5,0.7162,0.7727,0.6923,0.6182,0.7762
Dataset_2,Left,SVM,879,23,26,21,4,0.6622,0.8519,0.5532,0.6479,0.7025
Dataset_2,Left,SVM,880,14,36,19,5,0.6757,0.7368,0.6545,0.5385,0.6813
Dataset_2,Left,SVM,881,24,29,18,3,0.7162,0.8889,0.617,0.6957,0.721
Dataset_2,Left,SVM,882,26,34,12,2,0.8108,0.9286,0.7391,0.7879,0.8276
Dataset_2,Left,SVM,883,16,33,18,7,0.6622,0.6957,0.6471,0.5614,0.7357
Dataset_2,Left,SVM,884,23,34,13,4,0.7703,0.8519,0.7234,0.7302,0.7833
Dataset_2,Left,SVM,885,22,36,13,3,0.7838,0.88,0.7347,0.7333,0.8204
Dataset_2,Left,SVM,886,21,30,17,6,0.6892,0.7778,0.6383,0.6462,0.6942
Dataset_2,Left,SVM,887,23,28,21,2,0.6892,0.92,0.5714,0.6667,0.8008
Dataset_2,Left,SVM,888,18,30,19,7,0.6486,0.72,0.6122,0.5806,0.7514
Dataset_2,Left,SVM,889,25,29,14,6,0.7297,0.8065,0.6744,0.7143,0.7513
Dataset_2,Left,SVM,890,15,35,15,9,0.6757,0.625,0.7,0.5556,0.745
Dataset_2,Left,SVM,891,19,32,20,3,0.6892,0.8636,0.6154,0.623,0.8514
Dataset_2,Left,SVM,892,22,26,18,8,0.6486,0.7333,0.5909,0.6286,0.6803
Dataset_2,Left,SVM,893,19,29,20,6,0.6486,0.76,0.5918,0.5938,0.7457
Dataset_2,Left,SVM,894,19,34,16,5,0.7162,0.7917,0.68,0.6441,0.8237
Dataset_2,Left,SVM,895,22,32,16,4,0.7297,0.8462,0.6667,0.6875,0.772
Dataset_2,Left,SVM,896,19,32,18,5,0.6892,0.7917,0.64,0.623,0.7433
Dataset_2,Left,SVM,897,18,37,13,6,0.7432,0.75,0.74,0.6545,0.8196
Dataset_2,Left,SVM,898,22,25,16,11,0.6351,0.6667,0.6098,0.6197,0.6859
Dataset_2,Left,SVM,899,25,28,18,3,0.7162,0.8929,0.6087,0.7042,0.7869
Dataset_2,Left,SVM,900,21,27,19,7,0.6486,0.75,0.587,0.6176,0.6716
Dataset_2,Left,SVM,901,19,35,15,5,0.7297,0.7917,0.7,0.6552,0.775
Dataset_2,Left,SVM,902,23,27,18,6,0.6757,0.7931,0.6,0.6571,0.7257
Dataset_2,Left,SVM,903,15,28,21,10,0.5811,0.6,0.5714,0.4918,0.6902
Dataset_2,Left,SVM,904,12,39,14,9,0.6892,0.5714,0.7358,0.5106,0.7116
Dataset_2,Left,SVM,905,18,34,20,2,0.7027,0.9,0.6296,0.6207,0.8083
Dataset_2,Left,SVM,906,23,36,11,4,0.7973,0.8519,0.766,0.7541,0.8195
Dataset_2,Left,SVM,907,18,36,13,7,0.7297,0.72,0.7347,0.6429,0.8102
Dataset_2,Left,SVM,908,24,29,17,4,0.7162,0.8571,0.6304,0.6957,0.7791
Dataset_2,Left,SVM,909,21,29,19,5,0.6757,0.8077,0.6042,0.6364,0.7396
Dataset_2,Left,SVM,910,17,35,17,5,0.7027,0.7727,0.6731,0.6071,0.7513
Dataset_2,Left,SVM,911,21,35,13,5,0.7568,0.8077,0.7292,0.7,0.7949
Dataset_2,Left,SVM,912,19,28,17,10,0.6351,0.6552,0.6222,0.5846,0.713
Dataset_2,Left,SVM,913,16,40,15,3,0.7568,0.8421,0.7273,0.64,0.7971
Dataset_2,Left,SVM,914,16,37,15,6,0.7162,0.7273,0.7115,0.6038,0.785
Dataset_2,Left,SVM,915,23,25,19,7,0.6486,0.7667,0.5682,0.6389,0.6807
Dataset_2,Left,SVM,916,20,38,14,2,0.7838,0.9091,0.7308,0.7143,0.837
Dataset_2,Left,SVM,917,20,29,17,8,0.6622,0.7143,0.6304,0.6154,0.7434
Dataset_2,Left,SVM,918,22,25,16,11,0.6351,0.6667,0.6098,0.6197,0.7003
Dataset_2,Left,SVM,919,17,35,10,12,0.7027,0.5862,0.7778,0.6071,0.7421
Dataset_2,Left,SVM,920,30,22,17,5,0.7027,0.8571,0.5641,0.7317,0.6883
Dataset_2,Left,SVM,921,24,30,12,8,0.7297,0.75,0.7143,0.7059,0.8155
Dataset_2,Left,SVM,922,17,38,16,3,0.7432,0.85,0.7037,0.6415,0.7843
Dataset_2,Left,SVM,923,19,38,11,6,0.7703,0.76,0.7755,0.6909,0.822
Dataset_2,Left,SVM,924,25,27,15,7,0.7027,0.7812,0.6429,0.6944,0.7812
Dataset_2,Left,SVM,925,17,36,17,4,0.7162,0.8095,0.6792,0.6182,0.7682
Dataset_2,Left,SVM,926,17,29,24,4,0.6216,0.8095,0.5472,0.5484,0.7372
Dataset_2,Left,SVM,927,17,32,16,9,0.6622,0.6538,0.6667,0.5763,0.7228
Dataset_2,Left,SVM,928,22,25,19,8,0.6351,0.7333,0.5682,0.6197,0.6765
Dataset_2,Left,SVM,929,21,33,16,4,0.7297,0.84,0.6735,0.6774,0.8106
Dataset_2,Left,SVM,930,15,29,22,8,0.5946,0.6522,0.5686,0.5,0.6232
Dataset_2,Left,SVM,931,20,33,17,4,0.7162,0.8333,0.66,0.6557,0.7575
Dataset_2,Left,SVM,932,25,24,18,7,0.6622,0.7812,0.5714,0.6667,0.7586
Dataset_2,Left,SVM,933,24,30,18,2,0.7297,0.9231,0.625,0.7059,0.7728
Dataset_2,Left,SVM,934,21,28,14,11,0.6622,0.6562,0.6667,0.6269,0.6782
Dataset_2,Left,SVM,935,14,30,17,13,0.5946,0.5185,0.6383,0.4828,0.6769
Dataset_2,Left,SVM,936,21,30,17,6,0.6892,0.7778,0.6383,0.6462,0.6946
Dataset_2,Left,SVM,937,21,32,17,4,0.7162,0.84,0.6531,0.6667,0.7947
Dataset_2,Left,SVM,938,18,36,18,2,0.7297,0.9,0.6667,0.6429,0.8435
Dataset_2,Left,SVM,939,19,38,14,3,0.7703,0.8636,0.7308,0.6909,0.7937
Dataset_2,Left,SVM,940,15,34,16,9,0.6622,0.625,0.68,0.5455,0.7033
Dataset_2,Left,SVM,941,20,28,20,6,0.6486,0.7692,0.5833,0.6061,0.6506
Dataset_2,Left,SVM,942,25,33,11,5,0.7838,0.8333,0.75,0.7576,0.8189
Dataset_2,Left,SVM,943,14,39,14,7,0.7162,0.6667,0.7358,0.5714,0.7161
Dataset_2,Left,SVM,944,17,37,12,8,0.7297,0.68,0.7551,0.6296,0.7535
Dataset_2,Left,SVM,945,20,32,14,8,0.7027,0.7143,0.6957,0.6452,0.7861
Dataset_2,Left,SVM,946,12,36,21,5,0.6486,0.7059,0.6316,0.48,0.7626
Dataset_2,Left,SVM,947,15,36,18,5,0.6892,0.75,0.6667,0.566,0.7722
Dataset_2,Left,SVM,948,24,31,17,2,0.7432,0.9231,0.6458,0.7164,0.742
Dataset_2,Left,SVM,949,18,33,19,4,0.6892,0.8182,0.6346,0.6102,0.7373
Dataset_2,Left,SVM,950,15,30,23,6,0.6081,0.7143,0.566,0.5085,0.6918
Dataset_2,Left,SVM,951,12,36,20,6,0.6486,0.6667,0.6429,0.48,0.744
Dataset_2,Left,SVM,952,23,26,17,8,0.6622,0.7419,0.6047,0.6479,0.7562
Dataset_2,Left,SVM,953,13,39,17,5,0.7027,0.7222,0.6964,0.5417,0.7941
Dataset_2,Left,SVM,954,17,32,20,5,0.6622,0.7727,0.6154,0.5763,0.6294
Dataset_2,Left,SVM,955,21,36,15,2,0.7703,0.913,0.7059,0.7119,0.8939
Dataset_2,Left,SVM,956,19,34,16,5,0.7162,0.7917,0.68,0.6441,0.7808
Dataset_2,Left,SVM,957,15,34,15,10,0.6622,0.6,0.6939,0.5455,0.6763
Dataset_2,Left,SVM,958,24,33,12,5,0.7703,0.8276,0.7333,0.7385,0.8169
Dataset_2,Left,SVM,959,20,28,21,5,0.6486,0.8,0.5714,0.6061,0.7073
Dataset_2,Left,SVM,960,16,35,16,7,0.6892,0.6957,0.6863,0.5818,0.8325
Dataset_2,Left,SVM,961,12,37,20,5,0.6622,0.7059,0.6491,0.4898,0.7554
Dataset_2,Left,SVM,962,24,31,16,3,0.7432,0.8889,0.6596,0.7164,0.8132
Dataset_2,Left,SVM,963,16,39,13,6,0.7432,0.7273,0.75,0.6275,0.7889
Dataset_2,Left,SVM,964,20,33,17,4,0.7162,0.8333,0.66,0.6557,0.8458
Dataset_2,Left,SVM,965,18,29,19,8,0.6351,0.6923,0.6042,0.5714,0.6995
Dataset_2,Left,SVM,966,26,27,17,4,0.7162,0.8667,0.6136,0.7123,0.7504
Dataset_2,Left,SVM,967,22,30,17,5,0.7027,0.8148,0.6383,0.6667,0.7691
Dataset_2,Left,SVM,968,21,32,14,7,0.7162,0.75,0.6957,0.6667,0.7694
Dataset_2,Left,SVM,969,13,38,17,6,0.6892,0.6842,0.6909,0.5306,0.6861
Dataset_2,Left,SVM,970,16,38,15,5,0.7297,0.7619,0.717,0.6154,0.7812
Dataset_2,Left,SVM,971,24,32,16,2,0.7568,0.9231,0.6667,0.7273,0.8305
Dataset_2,Left,SVM,972,25,33,14,2,0.7838,0.9259,0.7021,0.7576,0.827
Dataset_2,Left,SVM,973,26,33,10,5,0.7973,0.8387,0.7674,0.7761,0.7956
Dataset_2,Left,SVM,974,17,33,19,5,0.6757,0.7727,0.6346,0.5862,0.7247
Dataset_2,Left,SVM,975,16,37,15,6,0.7162,0.7273,0.7115,0.6038,0.7395
Dataset_2,Left,SVM,976,17,30,17,10,0.6351,0.6296,0.6383,0.5574,0.7045
Dataset_2,Left,SVM,977,17,34,12,11,0.6892,0.6071,0.7391,0.5965,0.743
Dataset_2,Left,SVM,978,25,28,12,9,0.7162,0.7353,0.7,0.7042,0.7456
Dataset_2,Left,SVM,979,24,30,13,7,0.7297,0.7742,0.6977,0.7059,0.7704
Dataset_2,Left,SVM,980,19,36,12,7,0.7432,0.7308,0.75,0.6667,0.7656
Dataset_2,Left,SVM,981,14,34,23,3,0.6486,0.8235,0.5965,0.5185,0.676
Dataset_2,Left,SVM,982,24,25,15,10,0.6622,0.7059,0.625,0.6575,0.6794
Dataset_2,Left,SVM,983,18,39,12,5,0.7703,0.7826,0.7647,0.6792,0.8154
Dataset_2,Left,SVM,984,22,35,14,3,0.7703,0.88,0.7143,0.7213,0.8645
Dataset_2,Left,SVM,985,19,37,16,2,0.7568,0.9048,0.6981,0.6786,0.814
Dataset_2,Left,SVM,986,21,28,23,2,0.6622,0.913,0.549,0.6269,0.7549
Dataset_2,Left,SVM,987,21,28,13,12,0.6622,0.6364,0.6829,0.6269,0.7099
Dataset_2,Left,SVM,988,17,35,17,5,0.7027,0.7727,0.6731,0.6071,0.7303
Dataset_2,Left,SVM,989,16,36,18,4,0.7027,0.8,0.6667,0.5926,0.7417
Dataset_2,Left,SVM,990,20,23,26,5,0.5811,0.8,0.4694,0.5634,0.6408
Dataset_2,Left,SVM,991,21,36,10,7,0.7703,0.75,0.7826,0.7119,0.8502
Dataset_2,Left,SVM,992,22,25,21,6,0.6351,0.7857,0.5435,0.6197,0.7038
Dataset_2,Left,SVM,993,24,32,12,6,0.7568,0.8,0.7273,0.7273,0.7822
Dataset_2,Left,SVM,994,16,33,20,5,0.6622,0.7619,0.6226,0.5614,0.7102
Dataset_2,Left,SVM,995,23,27,15,9,0.6757,0.7188,0.6429,0.6571,0.7243
Dataset_2,Left,SVM,996,16,36,15,7,0.7027,0.6957,0.7059,0.5926,0.7818
Dataset_2,Left,SVM,997,18,26,25,5,0.5946,0.7826,0.5098,0.5455,0.7029
Dataset_2,Left,SVM,998,25,32,16,1,0.7703,0.9615,0.6667,0.7463,0.8518
Dataset_2,Left,SVM,999,18,28,22,6,0.6216,0.75,0.56,0.5625,0.6908
Dataset_2,Left,SVM,1000,23,31,15,5,0.7297,0.8214,0.6739,0.697,0.729
Dataset_2,Left,MLP,1,17,26,18,13,0.5811,0.5667,0.5909,0.5231,0.6879
Dataset_2,Left,MLP,2,23,30,14,7,0.7162,0.7667,0.6818,0.6866,0.8326
Dataset_2,Left,MLP,3,20,34,13,7,0.7297,0.7407,0.7234,0.6667,0.8337
Dataset_2,Left,MLP,4,16,35,17,6,0.6892,0.7273,0.6731,0.5818,0.7911
Dataset_2,Left,MLP,5,20,30,18,6,0.6757,0.7692,0.625,0.625,0.7837
Dataset_2,Left,MLP,6,23,32,12,7,0.7432,0.7667,0.7273,0.7077,0.7773
Dataset_2,Left,MLP,7,18,37,11,8,0.7432,0.6923,0.7708,0.6545,0.8301
Dataset_2,Left,MLP,8,15,31,12,16,0.6216,0.4839,0.7209,0.5172,0.7164
Dataset_2,Left,MLP,9,16,32,15,11,0.6486,0.5926,0.6809,0.5517,0.7935
Dataset_2,Left,MLP,10,14,27,21,12,0.5541,0.5385,0.5625,0.459,0.6258
Dataset_2,Left,MLP,11,18,29,17,10,0.6351,0.6429,0.6304,0.5714,0.7267
Dataset_2,Left,MLP,12,17,35,16,6,0.7027,0.7391,0.6863,0.6071,0.7707
Dataset_2,Left,MLP,13,12,40,18,4,0.7027,0.75,0.6897,0.5217,0.82
Dataset_2,Left,MLP,14,15,28,19,12,0.5811,0.5556,0.5957,0.4918,0.6454
Dataset_2,Left,MLP,15,11,36,17,10,0.6351,0.5238,0.6792,0.449,0.6846
Dataset_2,Left,MLP,16,15,32,13,14,0.6351,0.5172,0.7111,0.5263,0.6958
Dataset_2,Left,MLP,17,13,35,11,15,0.6486,0.4643,0.7609,0.5,0.7228
Dataset_2,Left,MLP,18,20,35,10,9,0.7432,0.6897,0.7778,0.678,0.8375
Dataset_2,Left,MLP,19,18,31,18,7,0.6622,0.72,0.6327,0.5902,0.7224
Dataset_2,Left,MLP,20,16,39,11,8,0.7432,0.6667,0.78,0.6275,0.8383
Dataset_2,Left,MLP,21,17,31,16,10,0.6486,0.6296,0.6596,0.5667,0.7636
Dataset_2,Left,MLP,22,15,29,18,12,0.5946,0.5556,0.617,0.5,0.684
Dataset_2,Left,MLP,23,9,41,12,12,0.6757,0.4286,0.7736,0.4286,0.7358
Dataset_2,Left,MLP,24,15,33,14,12,0.6486,0.5556,0.7021,0.5357,0.7589
Dataset_2,Left,MLP,25,17,27,16,14,0.5946,0.5484,0.6279,0.5312,0.6902
Dataset_2,Left,MLP,26,20,34,13,7,0.7297,0.7407,0.7234,0.6667,0.8188
Dataset_2,Left,MLP,27,10,32,18,14,0.5676,0.4167,0.64,0.3846,0.6283
Dataset_2,Left,MLP,28,13,36,15,10,0.6622,0.5652,0.7059,0.5098,0.8005
Dataset_2,Left,MLP,29,10,35,20,9,0.6081,0.5263,0.6364,0.4082,0.7435
Dataset_2,Left,MLP,30,15,34,16,9,0.6622,0.625,0.68,0.5455,0.7858
Dataset_2,Left,MLP,31,20,30,17,7,0.6757,0.7407,0.6383,0.625,0.7628
Dataset_2,Left,MLP,32,17,33,14,10,0.6757,0.6296,0.7021,0.5862,0.7809
Dataset_2,Left,MLP,33,22,32,12,8,0.7297,0.7333,0.7273,0.6875,0.8242
Dataset_2,Left,MLP,34,9,41,12,12,0.6757,0.4286,0.7736,0.4286,0.7493
Dataset_2,Left,MLP,35,15,27,17,15,0.5676,0.5,0.6136,0.4839,0.6955
Dataset_2,Left,MLP,36,13,33,17,11,0.6216,0.5417,0.66,0.4815,0.6617
Dataset_2,Left,MLP,37,11,33,23,7,0.5946,0.6111,0.5893,0.4231,0.6875
Dataset_2,Left,MLP,38,13,37,16,8,0.6757,0.619,0.6981,0.52,0.7412
Dataset_2,Left,MLP,39,8,37,16,13,0.6081,0.381,0.6981,0.3556,0.6199
Dataset_2,Left,MLP,40,18,32,15,9,0.6757,0.6667,0.6809,0.6,0.7762
Dataset_2,Left,MLP,41,14,25,20,15,0.527,0.4828,0.5556,0.4444,0.6038
Dataset_2,Left,MLP,42,15,33,13,13,0.6486,0.5357,0.7174,0.5357,0.7422
Dataset_2,Left,MLP,43,12,40,14,8,0.7027,0.6,0.7407,0.5217,0.7694
Dataset_2,Left,MLP,44,12,31,20,11,0.5811,0.5217,0.6078,0.4364,0.7604
Dataset_2,Left,MLP,45,21,22,17,14,0.5811,0.6,0.5641,0.5753,0.6491
Dataset_2,Left,MLP,46,15,31,20,8,0.6216,0.6522,0.6078,0.5172,0.7434
Dataset_2,Left,MLP,47,14,39,16,5,0.7162,0.7368,0.7091,0.5714,0.8354
Dataset_2,Left,MLP,48,15,31,16,12,0.6216,0.5556,0.6596,0.5172,0.669
Dataset_2,Left,MLP,49,15,37,11,11,0.7027,0.5769,0.7708,0.5769,0.8526
Dataset_2,Left,MLP,50,19,29,16,10,0.6486,0.6552,0.6444,0.5937,0.7295
Dataset_2,Left,MLP,51,19,36,12,7,0.7432,0.7308,0.75,0.6667,0.7941
Dataset_2,Left,MLP,52,14,39,13,8,0.7162,0.6364,0.75,0.5714,0.8199
Dataset_2,Left,MLP,53,11,33,19,11,0.5946,0.5,0.6346,0.4231,0.6993
Dataset_2,Left,MLP,54,15,35,15,9,0.6757,0.625,0.7,0.5556,0.7342
Dataset_2,Left,MLP,55,15,33,20,6,0.6486,0.7143,0.6226,0.5357,0.7305
Dataset_2,Left,MLP,56,21,29,15,9,0.6757,0.7,0.6591,0.6364,0.7848
Dataset_2,Left,MLP,57,11,41,17,5,0.7027,0.6875,0.7069,0.5,0.7478
Dataset_2,Left,MLP,58,19,36,15,4,0.7432,0.8261,0.7059,0.6667,0.8261
Dataset_2,Left,MLP,59,18,32,14,10,0.6757,0.6429,0.6957,0.6,0.7516
Dataset_2,Left,MLP,60,13,26,28,7,0.527,0.65,0.4815,0.4262,0.6759
Dataset_2,Left,MLP,61,21,37,6,10,0.7838,0.6774,0.8605,0.7241,0.8567
Dataset_2,Left,MLP,62,18,39,11,6,0.7703,0.75,0.78,0.6792,0.8067
Dataset_2,Left,MLP,63,13,31,21,9,0.5946,0.5909,0.5962,0.4643,0.7203
Dataset_2,Left,MLP,64,16,30,14,14,0.6216,0.5333,0.6818,0.5333,0.7561
Dataset_2,Left,MLP,65,15,28,22,9,0.5811,0.625,0.56,0.4918,0.73
Dataset_2,Left,MLP,66,10,35,18,11,0.6081,0.4762,0.6604,0.4082,0.7161
Dataset_2,Left,MLP,67,17,31,16,10,0.6486,0.6296,0.6596,0.5667,0.7967
Dataset_2,Left,MLP,68,23,28,10,13,0.6892,0.6389,0.7368,0.6667,0.8326
Dataset_2,Left,MLP,69,17,33,16,8,0.6757,0.68,0.6735,0.5862,0.7233
Dataset_2,Left,MLP,70,11,38,19,6,0.6622,0.6471,0.6667,0.4681,0.807
Dataset_2,Left,MLP,71,19,36,6,13,0.7432,0.5938,0.8571,0.6667,0.7909
Dataset_2,Left,MLP,72,14,33,15,12,0.6351,0.5385,0.6875,0.5091,0.7788
Dataset_2,Left,MLP,73,24,28,10,12,0.7027,0.6667,0.7368,0.6857,0.7719
Dataset_2,Left,MLP,74,10,37,18,9,0.6351,0.5263,0.6727,0.4255,0.6526
Dataset_2,Left,MLP,75,12,37,13,12,0.6622,0.5,0.74,0.4898,0.705
Dataset_2,Left,MLP,76,13,37,15,9,0.6757,0.5909,0.7115,0.52,0.7395
Dataset_2,Left,MLP,77,15,29,18,12,0.5946,0.5556,0.617,0.5,0.658
Dataset_2,Left,MLP,78,12,34,14,14,0.6216,0.4615,0.7083,0.4615,0.6474
Dataset_2,Left,MLP,79,12,35,16,11,0.6351,0.5217,0.6863,0.4706,0.7408
Dataset_2,Left,MLP,80,14,33,15,12,0.6351,0.5385,0.6875,0.5091,0.7596
Dataset_2,Left,MLP,81,16,30,22,6,0.6216,0.7273,0.5769,0.5333,0.75
Dataset_2,Left,MLP,82,15,37,13,9,0.7027,0.625,0.74,0.5769,0.8083
Dataset_2,Left,MLP,83,14,33,16,11,0.6351,0.56,0.6735,0.5091,0.7486
Dataset_2,Left,MLP,84,19,33,13,9,0.7027,0.6786,0.7174,0.6333,0.8377
Dataset_2,Left,MLP,85,15,37,15,7,0.7027,0.6818,0.7115,0.5769,0.7544
Dataset_2,Left,MLP,86,19,23,20,12,0.5676,0.6129,0.5349,0.5429,0.6834
Dataset_2,Left,MLP,87,19,28,20,7,0.6351,0.7308,0.5833,0.5846,0.7388
Dataset_2,Left,MLP,88,13,37,18,6,0.6757,0.6842,0.6727,0.52,0.7388
Dataset_2,Left,MLP,89,18,25,21,10,0.5811,0.6429,0.5435,0.5373,0.684
Dataset_2,Left,MLP,90,21,22,14,17,0.5811,0.5526,0.6111,0.5753,0.6308
Dataset_2,Left,MLP,91,12,36,20,6,0.6486,0.6667,0.6429,0.48,0.7837
Dataset_2,Left,MLP,92,12,24,30,8,0.4865,0.6,0.4444,0.3871,0.6519
Dataset_2,Left,MLP,93,14,33,16,11,0.6351,0.56,0.6735,0.5091,0.7649
Dataset_2,Left,MLP,94,8,38,16,12,0.6216,0.4,0.7037,0.3636,0.7019
Dataset_2,Left,MLP,95,14,36,19,5,0.6757,0.7368,0.6545,0.5385,0.7541
Dataset_2,Left,MLP,96,27,22,7,18,0.6622,0.6,0.7586,0.6835,0.813
Dataset_2,Left,MLP,97,21,30,17,6,0.6892,0.7778,0.6383,0.6462,0.7604
Dataset_2,Left,MLP,98,20,27,14,13,0.6351,0.6061,0.6585,0.597,0.7103
Dataset_2,Left,MLP,99,11,35,20,8,0.6216,0.5789,0.6364,0.44,0.6871
Dataset_2,Left,MLP,100,21,28,15,10,0.6622,0.6774,0.6512,0.6269,0.7374
Dataset_2,Left,MLP,101,11,39,17,7,0.6757,0.6111,0.6964,0.4783,0.7044
Dataset_2,Left,MLP,102,19,31,17,7,0.6757,0.7308,0.6458,0.6129,0.7893
Dataset_2,Left,MLP,103,14,37,13,10,0.6892,0.5833,0.74,0.549,0.7725
Dataset_2,Left,MLP,104,14,33,15,12,0.6351,0.5385,0.6875,0.5091,0.7436
Dataset_2,Left,MLP,105,15,34,18,7,0.6622,0.6818,0.6538,0.5455,0.7998
Dataset_2,Left,MLP,106,12,41,13,8,0.7162,0.6,0.7593,0.5333,0.7713
Dataset_2,Left,MLP,107,17,28,15,14,0.6081,0.5484,0.6512,0.5397,0.7187
Dataset_2,Left,MLP,108,10,35,15,14,0.6081,0.4167,0.7,0.4082,0.6758
Dataset_2,Left,MLP,109,16,30,16,12,0.6216,0.5714,0.6522,0.5333,0.729
Dataset_2,Left,MLP,110,16,31,18,9,0.6351,0.64,0.6327,0.5424,0.698
Dataset_2,Left,MLP,111,13,39,16,6,0.7027,0.6842,0.7091,0.5417,0.7407
Dataset_2,Left,MLP,112,16,26,20,12,0.5676,0.5714,0.5652,0.5,0.6506
Dataset_2,Left,MLP,113,22,31,9,12,0.7162,0.6471,0.775,0.6769,0.8228
Dataset_2,Left,MLP,114,18,29,17,10,0.6351,0.6429,0.6304,0.5714,0.7391
Dataset_2,Left,MLP,115,11,39,15,9,0.6757,0.55,0.7222,0.4783,0.7769
Dataset_2,Left,MLP,116,18,29,22,5,0.6351,0.7826,0.5686,0.5714,0.7886
Dataset_2,Left,MLP,117,15,34,18,7,0.6622,0.6818,0.6538,0.5455,0.8068
Dataset_2,Left,MLP,118,18,34,13,9,0.7027,0.6667,0.7234,0.6207,0.7928
Dataset_2,Left,MLP,119,11,42,11,10,0.7162,0.5238,0.7925,0.5116,0.7565
Dataset_2,Left,MLP,120,16,31,20,7,0.6351,0.6957,0.6078,0.5424,0.8048
Dataset_2,Left,MLP,121,15,35,17,7,0.6757,0.6818,0.6731,0.5556,0.7928
Dataset_2,Left,MLP,122,18,37,11,8,0.7432,0.6923,0.7708,0.6545,0.7981
Dataset_2,Left,MLP,123,13,30,18,13,0.5811,0.5,0.625,0.4561,0.7252
Dataset_2,Left,MLP,124,16,32,18,8,0.6486,0.6667,0.64,0.5517,0.7633
Dataset_2,Left,MLP,125,18,28,17,11,0.6216,0.6207,0.6222,0.5625,0.7456
Dataset_2,Left,MLP,126,16,32,18,8,0.6486,0.6667,0.64,0.5517,0.6858
Dataset_2,Left,MLP,127,13,36,11,14,0.6622,0.4815,0.766,0.5098,0.7486
Dataset_2,Left,MLP,128,13,27,20,14,0.5405,0.4815,0.5745,0.4333,0.7037
Dataset_2,Left,MLP,129,22,29,12,11,0.6892,0.6667,0.7073,0.6567,0.7849
Dataset_2,Left,MLP,130,10,32,22,10,0.5676,0.5,0.5926,0.3846,0.6667
Dataset_2,Left,MLP,131,17,30,16,11,0.6351,0.6071,0.6522,0.5574,0.764
Dataset_2,Left,MLP,132,19,27,15,13,0.6216,0.5938,0.6429,0.5758,0.7001
Dataset_2,Left,MLP,133,12,38,15,9,0.6757,0.5714,0.717,0.5,0.788
Dataset_2,Left,MLP,134,21,34,11,8,0.7432,0.7241,0.7556,0.6885,0.8751
Dataset_2,Left,MLP,135,19,33,13,9,0.7027,0.6786,0.7174,0.6333,0.8191
Dataset_2,Left,MLP,136,14,35,17,8,0.6622,0.6364,0.6731,0.5283,0.8339
Dataset_2,Left,MLP,137,13,37,18,6,0.6757,0.6842,0.6727,0.52,0.7608
Dataset_2,Left,MLP,138,16,27,16,15,0.5811,0.5161,0.6279,0.5079,0.7194
Dataset_2,Left,MLP,139,17,35,15,7,0.7027,0.7083,0.7,0.6071,0.77
Dataset_2,Left,MLP,140,25,28,14,7,0.7162,0.7812,0.6667,0.7042,0.8467
Dataset_2,Left,MLP,141,19,30,18,7,0.6622,0.7308,0.625,0.6032,0.7933
Dataset_2,Left,MLP,142,16,30,19,9,0.6216,0.64,0.6122,0.5333,0.7461
Dataset_2,Left,MLP,143,16,37,13,8,0.7162,0.6667,0.74,0.6038,0.8408
Dataset_2,Left,MLP,144,19,38,11,6,0.7703,0.76,0.7755,0.6909,0.8735
Dataset_2,Left,MLP,145,19,31,13,11,0.6757,0.6333,0.7045,0.6129,0.7485
Dataset_2,Left,MLP,146,17,28,18,11,0.6081,0.6071,0.6087,0.5397,0.6949
Dataset_2,Left,MLP,147,20,27,17,10,0.6351,0.6667,0.6136,0.597,0.7591
Dataset_2,Left,MLP,148,16,33,12,13,0.6622,0.5517,0.7333,0.5614,0.7303
Dataset_2,Left,MLP,149,11,33,17,13,0.5946,0.4583,0.66,0.4231,0.7
Dataset_2,Left,MLP,150,19,30,14,11,0.6622,0.6333,0.6818,0.6032,0.7492
Dataset_2,Left,MLP,151,13,36,16,9,0.6622,0.5909,0.6923,0.5098,0.7736
Dataset_2,Left,MLP,152,14,32,18,10,0.6216,0.5833,0.64,0.5,0.715
Dataset_2,Left,MLP,153,14,33,23,4,0.6351,0.7778,0.5893,0.5091,0.8333
Dataset_2,Left,MLP,154,19,27,16,12,0.6216,0.6129,0.6279,0.5758,0.7419
Dataset_2,Left,MLP,155,15,36,17,6,0.6892,0.7143,0.6792,0.566,0.7682
Dataset_2,Left,MLP,156,19,34,12,9,0.7162,0.6786,0.7391,0.6441,0.8036
Dataset_2,Left,MLP,157,17,31,16,10,0.6486,0.6296,0.6596,0.5667,0.7833
Dataset_2,Left,MLP,158,19,28,19,8,0.6351,0.7037,0.5957,0.5846,0.7392
Dataset_2,Left,MLP,159,20,30,17,7,0.6757,0.7407,0.6383,0.625,0.7652
Dataset_2,Left,MLP,160,17,31,14,12,0.6486,0.5862,0.6889,0.5667,0.7594
Dataset_2,Left,MLP,161,15,37,15,7,0.7027,0.6818,0.7115,0.5769,0.7666
Dataset_2,Left,MLP,162,21,30,16,7,0.6892,0.75,0.6522,0.6462,0.7772
Dataset_2,Left,MLP,163,18,33,15,8,0.6892,0.6923,0.6875,0.6102,0.8413
Dataset_2,Left,MLP,164,13,39,13,9,0.7027,0.5909,0.75,0.5417,0.7727
Dataset_2,Left,MLP,165,21,32,15,6,0.7162,0.7778,0.6809,0.6667,0.7794
Dataset_2,Left,MLP,166,18,33,17,6,0.6892,0.75,0.66,0.6102,0.7608
Dataset_2,Left,MLP,167,15,28,20,11,0.5811,0.5769,0.5833,0.4918,0.6603
Dataset_2,Left,MLP,168,15,33,15,11,0.6486,0.5769,0.6875,0.5357,0.7284
Dataset_2,Left,MLP,169,16,34,13,11,0.6757,0.5926,0.7234,0.5714,0.7439
Dataset_2,Left,MLP,170,11,35,13,15,0.6216,0.4231,0.7292,0.44,0.6747
Dataset_2,Left,MLP,171,13,34,14,13,0.6351,0.5,0.7083,0.4906,0.6474
Dataset_2,Left,MLP,172,15,33,16,10,0.6486,0.6,0.6735,0.5357,0.7731
Dataset_2,Left,MLP,173,18,26,19,11,0.5946,0.6207,0.5778,0.5455,0.7448
Dataset_2,Left,MLP,174,17,28,14,15,0.6081,0.5312,0.6667,0.5397,0.7463
Dataset_2,Left,MLP,175,18,30,19,7,0.6486,0.72,0.6122,0.5806,0.7739
Dataset_2,Left,MLP,176,16,36,14,8,0.7027,0.6667,0.72,0.5926,0.8008
Dataset_2,Left,MLP,177,9,38,18,9,0.6351,0.5,0.6786,0.4,0.623
Dataset_2,Left,MLP,178,14,36,18,6,0.6757,0.7,0.6667,0.5385,0.7917
Dataset_2,Left,MLP,179,9,36,21,8,0.6081,0.5294,0.6316,0.383,0.7162
Dataset_2,Left,MLP,180,17,34,14,9,0.6892,0.6538,0.7083,0.5965,0.8229
Dataset_2,Left,MLP,181,22,32,10,10,0.7297,0.6875,0.7619,0.6875,0.8713
Dataset_2,Left,MLP,182,22,31,10,11,0.7162,0.6667,0.7561,0.6769,0.8211
Dataset_2,Left,MLP,183,19,30,16,9,0.6622,0.6786,0.6522,0.6032,0.8121
Dataset_2,Left,MLP,184,13,31,17,13,0.5946,0.5,0.6458,0.4643,0.7316
Dataset_2,Left,MLP,185,18,30,15,11,0.6486,0.6207,0.6667,0.5806,0.7425
Dataset_2,Left,MLP,186,17,37,7,13,0.7297,0.5667,0.8409,0.6296,0.7674
Dataset_2,Left,MLP,187,10,32,17,15,0.5676,0.4,0.6531,0.3846,0.6808
Dataset_2,Left,MLP,188,13,31,17,13,0.5946,0.5,0.6458,0.4643,0.6843
Dataset_2,Left,MLP,189,13,38,14,9,0.6892,0.5909,0.7308,0.5306,0.7185
Dataset_2,Left,MLP,190,22,33,12,7,0.7432,0.7586,0.7333,0.6984,0.8559
Dataset_2,Left,MLP,191,23,34,13,4,0.7703,0.8519,0.7234,0.7302,0.8258
Dataset_2,Left,MLP,192,17,32,18,7,0.6622,0.7083,0.64,0.5763,0.8317
Dataset_2,Left,MLP,193,12,35,21,6,0.6351,0.6667,0.625,0.4706,0.7639
Dataset_2,Left,MLP,194,15,29,21,9,0.5946,0.625,0.58,0.5,0.6933
Dataset_2,Left,MLP,195,12,38,14,10,0.6757,0.5455,0.7308,0.5,0.7483
Dataset_2,Left,MLP,196,19,31,16,8,0.6757,0.7037,0.6596,0.6129,0.7447
Dataset_2,Left,MLP,197,19,29,15,11,0.6486,0.6333,0.6591,0.5938,0.7174
Dataset_2,Left,MLP,198,18,34,19,3,0.7027,0.8571,0.6415,0.6207,0.8769
Dataset_2,Left,MLP,199,20,32,14,8,0.7027,0.7143,0.6957,0.6452,0.8424
Dataset_2,Left,MLP,200,10,36,16,12,0.6216,0.4545,0.6923,0.4167,0.7386
Dataset_2,Left,MLP,201,19,31,16,8,0.6757,0.7037,0.6596,0.6129,0.7943
Dataset_2,Left,MLP,202,16,40,10,8,0.7568,0.6667,0.8,0.64,0.81
Dataset_2,Left,MLP,203,24,24,18,8,0.6486,0.75,0.5714,0.6486,0.7485
Dataset_2,Left,MLP,204,12,30,24,8,0.5676,0.6,0.5556,0.4286,0.7167
Dataset_2,Left,MLP,205,18,32,12,12,0.6757,0.6,0.7273,0.6,0.7432
Dataset_2,Left,MLP,206,15,31,23,5,0.6216,0.75,0.5741,0.5172,0.8148
Dataset_2,Left,MLP,207,12,36,17,9,0.6486,0.5714,0.6792,0.48,0.8032
Dataset_2,Left,MLP,208,22,30,11,11,0.7027,0.6667,0.7317,0.6667,0.7923
Dataset_2,Left,MLP,209,12,36,10,16,0.6486,0.4286,0.7826,0.48,0.7935
Dataset_2,Left,MLP,210,15,27,21,11,0.5676,0.5769,0.5625,0.4839,0.6298
Dataset_2,Left,MLP,211,14,32,18,10,0.6216,0.5833,0.64,0.5,0.7025
Dataset_2,Left,MLP,212,14,37,13,10,0.6892,0.5833,0.74,0.549,0.81
Dataset_2,Left,MLP,213,21,24,20,9,0.6081,0.7,0.5455,0.5915,0.7159
Dataset_2,Left,MLP,214,18,25,23,8,0.5811,0.6923,0.5208,0.5373,0.6995
Dataset_2,Left,MLP,215,16,35,14,9,0.6892,0.64,0.7143,0.5818,0.738
Dataset_2,Left,MLP,216,14,32,19,9,0.6216,0.6087,0.6275,0.5,0.7289
Dataset_2,Left,MLP,217,14,35,13,12,0.6622,0.5385,0.7292,0.5283,0.7372
Dataset_2,Left,MLP,218,20,29,13,12,0.6622,0.625,0.6905,0.6154,0.7344
Dataset_2,Left,MLP,219,15,42,10,7,0.7703,0.6818,0.8077,0.6383,0.736
Dataset_2,Left,MLP,220,18,37,10,9,0.7432,0.6667,0.7872,0.6545,0.8274
Dataset_2,Left,MLP,221,12,35,12,15,0.6351,0.4444,0.7447,0.4706,0.6761
Dataset_2,Left,MLP,222,24,33,8,9,0.7703,0.7273,0.8049,0.7385,0.8618
Dataset_2,Left,MLP,223,14,36,16,8,0.6757,0.6364,0.6923,0.5385,0.7797
Dataset_2,Left,MLP,224,15,28,14,17,0.5811,0.4688,0.6667,0.4918,0.7262
Dataset_2,Left,MLP,225,21,25,18,10,0.6216,0.6774,0.5814,0.6,0.7164
Dataset_2,Left,MLP,226,15,30,15,14,0.6081,0.5172,0.6667,0.5085,0.7126
Dataset_2,Left,MLP,227,20,34,10,10,0.7297,0.6667,0.7727,0.6667,0.7992
Dataset_2,Left,MLP,228,10,37,11,16,0.6351,0.3846,0.7708,0.4255,0.722
Dataset_2,Left,MLP,229,18,29,13,14,0.6351,0.5625,0.6905,0.5714,0.7448
Dataset_2,Left,MLP,230,16,35,11,12,0.6892,0.5714,0.7609,0.5818,0.8005
Dataset_2,Left,MLP,231,15,38,10,11,0.7162,0.5769,0.7917,0.5882,0.7885
Dataset_2,Left,MLP,232,25,24,16,9,0.6622,0.7353,0.6,0.6667,0.6691
Dataset_2,Left,MLP,233,19,32,13,10,0.6892,0.6552,0.7111,0.623,0.7931
Dataset_2,Left,MLP,234,12,39,13,10,0.6892,0.5455,0.75,0.5106,0.7587
Dataset_2,Left,MLP,235,17,36,13,8,0.7162,0.68,0.7347,0.6182,0.8253
Dataset_2,Left,MLP,236,11,39,15,9,0.6757,0.55,0.7222,0.4783,0.7296
Dataset_2,Left,MLP,237,18,33,14,9,0.6892,0.6667,0.7021,0.6102,0.7841
Dataset_2,Left,MLP,238,20,22,18,14,0.5676,0.5882,0.55,0.5556,0.7184
Dataset_2,Left,MLP,239,16,28,15,15,0.5946,0.5161,0.6512,0.5161,0.6512
Dataset_2,Left,MLP,240,19,29,21,5,0.6486,0.7917,0.58,0.5937,0.8292
Dataset_2,Left,MLP,241,8,37,23,6,0.6081,0.5714,0.6167,0.3556,0.7429
Dataset_2,Left,MLP,242,14,25,26,9,0.527,0.6087,0.4902,0.4444,0.6846
Dataset_2,Left,MLP,243,18,30,16,10,0.6486,0.6429,0.6522,0.5806,0.7352
Dataset_2,Left,MLP,244,17,29,21,7,0.6216,0.7083,0.58,0.5484,0.7225
Dataset_2,Left,MLP,245,22,34,12,6,0.7568,0.7857,0.7391,0.7097,0.8137
Dataset_2,Left,MLP,246,20,33,13,8,0.7162,0.7143,0.7174,0.6557,0.809
Dataset_2,Left,MLP,247,18,28,23,5,0.6216,0.7826,0.549,0.5625,0.7366
Dataset_2,Left,MLP,248,12,30,24,8,0.5676,0.6,0.5556,0.4286,0.725
Dataset_2,Left,MLP,249,15,29,17,13,0.5946,0.5357,0.6304,0.5,0.7368
Dataset_2,Left,MLP,250,11,33,21,9,0.5946,0.55,0.6111,0.4231,0.6593
Dataset_2,Left,MLP,251,11,34,21,8,0.6081,0.5789,0.6182,0.4314,0.712
Dataset_2,Left,MLP,252,11,35,21,7,0.6216,0.6111,0.625,0.44,0.6935
Dataset_2,Left,MLP,253,15,34,17,8,0.6622,0.6522,0.6667,0.5455,0.7877
Dataset_2,Left,MLP,254,13,32,16,13,0.6081,0.5,0.6667,0.4727,0.7059
Dataset_2,Left,MLP,255,15,29,23,7,0.5946,0.6818,0.5577,0.5,0.7028
Dataset_2,Left,MLP,256,20,31,18,5,0.6892,0.8,0.6327,0.6349,0.7992
Dataset_2,Left,MLP,257,11,41,17,5,0.7027,0.6875,0.7069,0.5,0.7425
Dataset_2,Left,MLP,258,15,35,14,10,0.6757,0.6,0.7143,0.5556,0.7747
Dataset_2,Left,MLP,259,9,33,18,14,0.5676,0.3913,0.6471,0.36,0.6496
Dataset_2,Left,MLP,260,18,29,18,9,0.6351,0.6667,0.617,0.5714,0.7581
Dataset_2,Left,MLP,261,15,38,11,10,0.7162,0.6,0.7755,0.5882,0.7469
Dataset_2,Left,MLP,262,13,33,11,17,0.6216,0.4333,0.75,0.4815,0.7553
Dataset_2,Left,MLP,263,21,34,10,9,0.7432,0.7,0.7727,0.6885,0.8015
Dataset_2,Left,MLP,264,16,30,18,10,0.6216,0.6154,0.625,0.5333,0.7115
Dataset_2,Left,MLP,265,16,38,12,8,0.7297,0.6667,0.76,0.6154,0.7917
Dataset_2,Left,MLP,266,13,32,18,11,0.6081,0.5417,0.64,0.4727,0.7342
Dataset_2,Left,MLP,267,24,29,12,9,0.7162,0.7273,0.7073,0.6957,0.8071
Dataset_2,Left,MLP,268,14,35,18,7,0.6622,0.6667,0.6604,0.5283,0.743
Dataset_2,Left,MLP,269,21,29,13,11,0.6757,0.6562,0.6905,0.6364,0.779
Dataset_2,Left,MLP,270,18,31,19,6,0.6622,0.75,0.62,0.5902,0.7917
Dataset_2,Left,MLP,271,13,28,20,13,0.5541,0.5,0.5833,0.4407,0.6386
Dataset_2,Left,MLP,272,17,31,16,10,0.6486,0.6296,0.6596,0.5667,0.7313
Dataset_2,Left,MLP,273,13,31,19,11,0.5946,0.5417,0.62,0.4643,0.6592
Dataset_2,Left,MLP,274,13,34,13,14,0.6351,0.4815,0.7234,0.4906,0.7494
Dataset_2,Left,MLP,275,11,33,22,8,0.5946,0.5789,0.6,0.4231,0.689
Dataset_2,Left,MLP,276,19,29,13,13,0.6486,0.5938,0.6905,0.5938,0.7619
Dataset_2,Left,MLP,277,13,28,21,12,0.5541,0.52,0.5714,0.4407,0.6857
Dataset_2,Left,MLP,278,7,37,21,9,0.5946,0.4375,0.6379,0.3182,0.6369
Dataset_2,Left,MLP,279,13,29,20,12,0.5676,0.52,0.5918,0.4483,0.7176
Dataset_2,Left,MLP,280,17,34,12,11,0.6892,0.6071,0.7391,0.5965,0.757
Dataset_2,Left,MLP,281,12,38,14,10,0.6757,0.5455,0.7308,0.5,0.7701
Dataset_2,Left,MLP,282,17,25,21,11,0.5676,0.6071,0.5435,0.5152,0.6863
Dataset_2,Left,MLP,283,16,32,16,10,0.6486,0.6154,0.6667,0.5517,0.7188
Dataset_2,Left,MLP,284,15,31,18,10,0.6216,0.6,0.6327,0.5172,0.7755
Dataset_2,Left,MLP,285,17,24,19,14,0.5541,0.5484,0.5581,0.5075,0.6384
Dataset_2,Left,MLP,286,15,34,12,13,0.6622,0.5357,0.7391,0.5455,0.7337
Dataset_2,Left,MLP,287,14,36,12,12,0.6757,0.5385,0.75,0.5385,0.7444
Dataset_2,Left,MLP,288,19,33,18,4,0.7027,0.8261,0.6471,0.6333,0.8278
Dataset_2,Left,MLP,289,16,32,18,8,0.6486,0.6667,0.64,0.5517,0.7358
Dataset_2,Left,MLP,290,13,41,15,5,0.7297,0.7222,0.7321,0.5652,0.7966
Dataset_2,Left,MLP,291,18,29,15,12,0.6351,0.6,0.6591,0.5714,0.725
Dataset_2,Left,MLP,292,13,34,12,15,0.6351,0.4643,0.7391,0.4906,0.6988
Dataset_2,Left,MLP,293,18,22,20,14,0.5405,0.5625,0.5238,0.5143,0.6324
Dataset_2,Left,MLP,294,16,27,22,9,0.5811,0.64,0.551,0.5079,0.6808
Dataset_2,Left,MLP,295,18,35,13,8,0.7162,0.6923,0.7292,0.6316,0.8405
Dataset_2,Left,MLP,296,16,29,17,12,0.6081,0.5714,0.6304,0.5246,0.7174
Dataset_2,Left,MLP,297,10,30,22,12,0.5405,0.4545,0.5769,0.3704,0.6748
Dataset_2,Left,MLP,298,22,28,13,11,0.6757,0.6667,0.6829,0.6471,0.7768
Dataset_2,Left,MLP,299,16,30,14,14,0.6216,0.5333,0.6818,0.5333,0.6485
Dataset_2,Left,MLP,300,19,23,19,13,0.5676,0.5938,0.5476,0.5429,0.6615
Dataset_2,Left,MLP,301,20,29,15,10,0.6622,0.6667,0.6591,0.6154,0.7803
Dataset_2,Left,MLP,302,10,37,18,9,0.6351,0.5263,0.6727,0.4255,0.7608
Dataset_2,Left,MLP,303,20,27,20,7,0.6351,0.7407,0.5745,0.597,0.7597
Dataset_2,Left,MLP,304,12,37,14,11,0.6622,0.5217,0.7255,0.4898,0.6897
Dataset_2,Left,MLP,305,16,32,18,8,0.6486,0.6667,0.64,0.5517,0.6942
Dataset_2,Left,MLP,306,15,30,18,11,0.6081,0.5769,0.625,0.5085,0.7636
Dataset_2,Left,MLP,307,10,34,21,9,0.5946,0.5263,0.6182,0.4,0.6536
Dataset_2,Left,MLP,308,11,43,13,7,0.7297,0.6111,0.7679,0.5238,0.7917
Dataset_2,Left,MLP,309,20,27,17,10,0.6351,0.6667,0.6136,0.597,0.7508
Dataset_2,Left,MLP,310,18,36,8,12,0.7297,0.6,0.8182,0.6429,0.7697
Dataset_2,Left,MLP,311,10,38,17,9,0.6486,0.5263,0.6909,0.4348,0.7847
Dataset_2,Left,MLP,312,16,33,17,8,0.6622,0.6667,0.66,0.5614,0.7975
Dataset_2,Left,MLP,313,18,25,19,12,0.5811,0.6,0.5682,0.5373,0.75
Dataset_2,Left,MLP,314,17,32,18,7,0.6622,0.7083,0.64,0.5763,0.7717
Dataset_2,Left,MLP,315,16,36,14,8,0.7027,0.6667,0.72,0.5926,0.8433
Dataset_2,Left,MLP,316,20,30,12,12,0.6757,0.625,0.7143,0.625,0.8103
Dataset_2,Left,MLP,317,21,31,10,12,0.7027,0.6364,0.7561,0.6562,0.7509
Dataset_2,Left,MLP,318,7,38,18,11,0.6081,0.3889,0.6786,0.3256,0.6161
Dataset_2,Left,MLP,319,19,27,14,14,0.6216,0.5758,0.6585,0.5758,0.7354
Dataset_2,Left,MLP,320,14,39,12,9,0.7162,0.6087,0.7647,0.5714,0.7945
Dataset_2,Left,MLP,321,15,36,15,8,0.6892,0.6522,0.7059,0.566,0.7783
Dataset_2,Left,MLP,322,17,35,11,11,0.7027,0.6071,0.7609,0.6071,0.8214
Dataset_2,Left,MLP,323,17,32,13,12,0.6622,0.5862,0.7111,0.5763,0.7617
Dataset_2,Left,MLP,324,18,32,18,6,0.6757,0.75,0.64,0.6,0.7758
Dataset_2,Left,MLP,325,16,32,18,8,0.6486,0.6667,0.64,0.5517,0.7267
Dataset_2,Left,MLP,326,13,32,19,10,0.6081,0.5652,0.6275,0.4727,0.6795
Dataset_2,Left,MLP,327,17,32,13,12,0.6622,0.5862,0.7111,0.5763,0.8031
Dataset_2,Left,MLP,328,17,40,8,9,0.7703,0.6538,0.8333,0.6667,0.8293
Dataset_2,Left,MLP,329,15,33,12,14,0.6486,0.5172,0.7333,0.5357,0.7724
Dataset_2,Left,MLP,330,13,34,21,6,0.6351,0.6842,0.6182,0.4906,0.6928
Dataset_2,Left,MLP,331,18,30,16,10,0.6486,0.6429,0.6522,0.5806,0.764
Dataset_2,Left,MLP,332,16,33,15,10,0.6622,0.6154,0.6875,0.5614,0.7532
Dataset_2,Left,MLP,333,15,27,22,10,0.5676,0.6,0.551,0.4839,0.7233
Dataset_2,Left,MLP,334,15,30,15,14,0.6081,0.5172,0.6667,0.5085,0.7126
Dataset_2,Left,MLP,335,18,28,15,13,0.6216,0.5806,0.6512,0.5625,0.6962
Dataset_2,Left,MLP,336,18,26,16,14,0.5946,0.5625,0.619,0.5455,0.7121
Dataset_2,Left,MLP,337,19,30,15,10,0.6622,0.6552,0.6667,0.6032,0.7586
Dataset_2,Left,MLP,338,15,26,20,13,0.5541,0.5357,0.5652,0.4762,0.6599
Dataset_2,Left,MLP,339,14,37,12,11,0.6892,0.56,0.7551,0.549,0.7739
Dataset_2,Left,MLP,340,18,37,13,6,0.7432,0.75,0.74,0.6545,0.8383
Dataset_2,Left,MLP,341,22,26,13,13,0.6486,0.6286,0.6667,0.6286,0.7656
Dataset_2,Left,MLP,342,16,32,19,7,0.6486,0.6957,0.6275,0.5517,0.7298
Dataset_2,Left,MLP,343,15,33,15,11,0.6486,0.5769,0.6875,0.5357,0.7388
Dataset_2,Left,MLP,344,21,29,9,15,0.6757,0.5833,0.7632,0.6364,0.7566
Dataset_2,Left,MLP,345,14,31,16,13,0.6081,0.5185,0.6596,0.4912,0.6974
Dataset_2,Left,MLP,346,10,38,13,13,0.6486,0.4348,0.7451,0.4348,0.7042
Dataset_2,Left,MLP,347,20,28,17,9,0.6486,0.6897,0.6222,0.6061,0.7693
Dataset_2,Left,MLP,348,18,33,10,13,0.6892,0.5806,0.7674,0.6102,0.7997
Dataset_2,Left,MLP,349,20,27,17,10,0.6351,0.6667,0.6136,0.597,0.6947
Dataset_2,Left,MLP,350,18,22,19,15,0.5405,0.5455,0.5366,0.5143,0.6482
Dataset_2,Left,MLP,351,10,41,18,5,0.6892,0.6667,0.6949,0.4651,0.7977
Dataset_2,Left,MLP,352,11,31,23,9,0.5676,0.55,0.5741,0.4074,0.6333
Dataset_2,Left,MLP,353,13,29,22,10,0.5676,0.5652,0.5686,0.4483,0.7042
Dataset_2,Left,MLP,354,8,33,16,17,0.5541,0.32,0.6735,0.3265,0.6302
Dataset_2,Left,MLP,355,16,35,18,5,0.6892,0.7619,0.6604,0.5818,0.8176
Dataset_2,Left,MLP,356,12,36,14,12,0.6486,0.5,0.72,0.48,0.7308
Dataset_2,Left,MLP,357,17,36,15,6,0.7162,0.7391,0.7059,0.6182,0.8286
Dataset_2,Left,MLP,358,23,34,13,4,0.7703,0.8519,0.7234,0.7302,0.9039
Dataset_2,Left,MLP,359,13,32,18,11,0.6081,0.5417,0.64,0.4727,0.7642
Dataset_2,Left,MLP,360,17,27,18,12,0.5946,0.5862,0.6,0.5312,0.7349
Dataset_2,Left,MLP,361,18,32,13,11,0.6757,0.6207,0.7111,0.6,0.7149
Dataset_2,Left,MLP,362,19,23,14,18,0.5676,0.5135,0.6216,0.5429,0.6771
Dataset_2,Left,MLP,363,13,34,17,10,0.6351,0.5652,0.6667,0.4906,0.7289
Dataset_2,Left,MLP,364,13,35,14,12,0.6486,0.52,0.7143,0.5,0.7567
Dataset_2,Left,MLP,365,18,32,15,9,0.6757,0.6667,0.6809,0.6,0.8258
Dataset_2,Left,MLP,366,16,24,23,11,0.5405,0.5926,0.5106,0.4848,0.6816
Dataset_2,Left,MLP,367,13,33,15,13,0.6216,0.5,0.6875,0.4815,0.7051
Dataset_2,Left,MLP,368,17,28,21,8,0.6081,0.68,0.5714,0.5397,0.7216
Dataset_2,Left,MLP,369,12,39,14,9,0.6892,0.5714,0.7358,0.5106,0.8068
Dataset_2,Left,MLP,370,17,34,17,6,0.6892,0.7391,0.6667,0.5965,0.838
Dataset_2,Left,MLP,371,16,30,19,9,0.6216,0.64,0.6122,0.5333,0.6914
Dataset_2,Left,MLP,372,13,33,16,12,0.6216,0.52,0.6735,0.4815,0.7339
Dataset_2,Left,MLP,373,18,39,10,7,0.7703,0.72,0.7959,0.6792,0.8604
Dataset_2,Left,MLP,374,15,33,15,11,0.6486,0.5769,0.6875,0.5357,0.7476
Dataset_2,Left,MLP,375,17,30,19,8,0.6351,0.68,0.6122,0.5574,0.7371
Dataset_2,Left,MLP,376,14,36,16,8,0.6757,0.6364,0.6923,0.5385,0.7815
Dataset_2,Left,MLP,377,17,36,14,7,0.7162,0.7083,0.72,0.6182,0.8542
Dataset_2,Left,MLP,378,11,36,17,10,0.6351,0.5238,0.6792,0.449,0.7125
Dataset_2,Left,MLP,379,17,31,15,11,0.6486,0.6071,0.6739,0.5667,0.7593
Dataset_2,Left,MLP,380,17,32,13,12,0.6622,0.5862,0.7111,0.5763,0.7655
Dataset_2,Left,MLP,381,17,40,13,4,0.7703,0.8095,0.7547,0.6667,0.9093
Dataset_2,Left,MLP,382,12,34,16,12,0.6216,0.5,0.68,0.4615,0.7175
Dataset_2,Left,MLP,383,17,32,18,7,0.6622,0.7083,0.64,0.5763,0.8258
Dataset_2,Left,MLP,384,15,37,13,9,0.7027,0.625,0.74,0.5769,0.8317
Dataset_2,Left,MLP,385,14,35,11,14,0.6622,0.5,0.7609,0.5283,0.757
Dataset_2,Left,MLP,386,9,31,19,15,0.5405,0.375,0.62,0.3462,0.6492
Dataset_2,Left,MLP,387,17,26,21,10,0.5811,0.6296,0.5532,0.5231,0.669
Dataset_2,Left,MLP,388,12,34,17,11,0.6216,0.5217,0.6667,0.4615,0.7349
Dataset_2,Left,MLP,389,18,32,15,9,0.6757,0.6667,0.6809,0.6,0.7841
Dataset_2,Left,MLP,390,14,33,17,10,0.6351,0.5833,0.66,0.5091,0.6992
Dataset_2,Left,MLP,391,16,32,14,12,0.6486,0.5714,0.6957,0.5517,0.7679
Dataset_2,Left,MLP,392,19,36,8,11,0.7432,0.6333,0.8182,0.6667,0.7909
Dataset_2,Left,MLP,393,22,29,17,6,0.6892,0.7857,0.6304,0.6567,0.8129
Dataset_2,Left,MLP,394,20,29,11,14,0.6622,0.5882,0.725,0.6154,0.7824
Dataset_2,Left,MLP,395,20,31,18,5,0.6892,0.8,0.6327,0.6349,0.7331
Dataset_2,Left,MLP,396,23,29,14,8,0.7027,0.7419,0.6744,0.6765,0.7899
Dataset_2,Left,MLP,397,14,32,20,8,0.6216,0.6364,0.6154,0.5,0.7806
Dataset_2,Left,MLP,398,23,29,16,6,0.7027,0.7931,0.6444,0.6765,0.7793
Dataset_2,Left,MLP,399,17,33,16,8,0.6757,0.68,0.6735,0.5862,0.7886
Dataset_2,Left,MLP,400,20,25,17,12,0.6081,0.625,0.5952,0.5797,0.6987
Dataset_2,Left,MLP,401,15,32,17,10,0.6351,0.6,0.6531,0.5263,0.7698
Dataset_2,Left,MLP,402,15,34,15,10,0.6622,0.6,0.6939,0.5455,0.738
Dataset_2,Left,MLP,403,14,35,17,8,0.6622,0.6364,0.6731,0.5283,0.7378
Dataset_2,Left,MLP,404,16,34,16,8,0.6757,0.6667,0.68,0.5714,0.8158
Dataset_2,Left,MLP,405,21,31,14,8,0.7027,0.7241,0.6889,0.6562,0.7785
Dataset_2,Left,MLP,406,16,36,13,9,0.7027,0.64,0.7347,0.5926,0.7763
Dataset_2,Left,MLP,407,19,34,13,8,0.7162,0.7037,0.7234,0.6441,0.7904
Dataset_2,Left,MLP,408,20,31,18,5,0.6892,0.8,0.6327,0.6349,0.8057
Dataset_2,Left,MLP,409,17,29,13,15,0.6216,0.5312,0.6905,0.5484,0.6637
Dataset_2,Left,MLP,410,16,32,19,7,0.6486,0.6957,0.6275,0.5517,0.7937
Dataset_2,Left,MLP,411,17,33,13,11,0.6757,0.6071,0.7174,0.5862,0.7865
Dataset_2,Left,MLP,412,18,25,18,13,0.5811,0.5806,0.5814,0.5373,0.6752
Dataset_2,Left,MLP,413,18,26,17,13,0.5946,0.5806,0.6047,0.5455,0.6977
Dataset_2,Left,MLP,414,16,27,19,12,0.5811,0.5714,0.587,0.5079,0.6398
Dataset_2,Left,MLP,415,16,31,16,11,0.6351,0.5926,0.6596,0.5424,0.7707
Dataset_2,Left,MLP,416,11,31,22,10,0.5676,0.5238,0.5849,0.4074,0.7269
Dataset_2,Left,MLP,417,18,30,20,6,0.6486,0.75,0.6,0.5806,0.7258
Dataset_2,Left,MLP,418,21,41,10,2,0.8378,0.913,0.8039,0.7778,0.9275
Dataset_2,Left,MLP,419,23,29,15,7,0.7027,0.7667,0.6591,0.6765,0.8583
Dataset_2,Left,MLP,420,16,31,15,12,0.6351,0.5714,0.6739,0.5424,0.736
Dataset_2,Left,MLP,421,14,23,23,14,0.5,0.5,0.5,0.4308,0.6312
Dataset_2,Left,MLP,422,7,42,14,11,0.6622,0.3889,0.75,0.359,0.7421
Dataset_2,Left,MLP,423,16,36,14,8,0.7027,0.6667,0.72,0.5926,0.7675
Dataset_2,Left,MLP,424,19,33,13,9,0.7027,0.6786,0.7174,0.6333,0.7842
Dataset_2,Left,MLP,425,18,35,16,5,0.7162,0.7826,0.6863,0.6316,0.8133
Dataset_2,Left,MLP,426,15,36,15,8,0.6892,0.6522,0.7059,0.566,0.8755
Dataset_2,Left,MLP,427,11,23,23,17,0.4595,0.3929,0.5,0.3548,0.5287
Dataset_2,Left,MLP,428,17,31,20,6,0.6486,0.7391,0.6078,0.5667,0.7766
Dataset_2,Left,MLP,429,18,30,15,11,0.6486,0.6207,0.6667,0.5806,0.7326
Dataset_2,Left,MLP,430,19,33,14,8,0.7027,0.7037,0.7021,0.6333,0.792
Dataset_2,Left,MLP,431,13,27,17,17,0.5405,0.4333,0.6136,0.4333,0.6735
Dataset_2,Left,MLP,432,21,33,10,10,0.7297,0.6774,0.7674,0.6774,0.8297
Dataset_2,Left,MLP,433,18,30,16,10,0.6486,0.6429,0.6522,0.5806,0.7593
Dataset_2,Left,MLP,434,17,33,12,12,0.6757,0.5862,0.7333,0.5862,0.7303
Dataset_2,Left,MLP,435,15,33,15,11,0.6486,0.5769,0.6875,0.5357,0.7091
Dataset_2,Left,MLP,436,9,41,18,6,0.6757,0.6,0.6949,0.4286,0.7435
Dataset_2,Left,MLP,437,21,34,9,10,0.7432,0.6774,0.7907,0.6885,0.8477
Dataset_2,Left,MLP,438,13,31,18,12,0.5946,0.52,0.6327,0.4643,0.6971
Dataset_2,Left,MLP,439,20,23,15,16,0.5811,0.5556,0.6053,0.5634,0.6645
Dataset_2,Left,MLP,440,12,34,19,9,0.6216,0.5714,0.6415,0.4615,0.7161
Dataset_2,Left,MLP,441,14,35,16,9,0.6622,0.6087,0.6863,0.5283,0.7835
Dataset_2,Left,MLP,442,17,30,12,15,0.6351,0.5312,0.7143,0.5574,0.753
Dataset_2,Left,MLP,443,15,41,14,4,0.7568,0.7895,0.7455,0.625,0.8718
Dataset_2,Left,MLP,444,12,33,14,15,0.6081,0.4444,0.7021,0.4528,0.6974
Dataset_2,Left,MLP,445,14,31,17,12,0.6081,0.5385,0.6458,0.4912,0.6691
Dataset_2,Left,MLP,446,19,33,14,8,0.7027,0.7037,0.7021,0.6333,0.8369
Dataset_2,Left,MLP,447,17,31,14,12,0.6486,0.5862,0.6889,0.5667,0.8
Dataset_2,Left,MLP,448,12,39,12,11,0.6892,0.5217,0.7647,0.5106,0.7315
Dataset_2,Left,MLP,449,21,26,16,11,0.6351,0.6562,0.619,0.6087,0.779
Dataset_2,Left,MLP,450,21,26,17,10,0.6351,0.6774,0.6047,0.6087,0.7982
Dataset_2,Left,MLP,451,12,24,24,14,0.4865,0.4615,0.5,0.3871,0.5705
Dataset_2,Left,MLP,452,21,24,17,12,0.6081,0.6364,0.5854,0.5915,0.731
Dataset_2,Left,MLP,453,24,32,10,8,0.7568,0.75,0.7619,0.7273,0.8817
Dataset_2,Left,MLP,454,14,28,21,11,0.5676,0.56,0.5714,0.4667,0.6196
Dataset_2,Left,MLP,455,16,33,19,6,0.6622,0.7273,0.6346,0.5614,0.7972
Dataset_2,Left,MLP,456,10,36,17,11,0.6216,0.4762,0.6792,0.4167,0.7062
Dataset_2,Left,MLP,457,14,23,21,16,0.5,0.4667,0.5227,0.4308,0.6439
Dataset_2,Left,MLP,458,20,35,12,7,0.7432,0.7407,0.7447,0.678,0.8298
Dataset_2,Left,MLP,459,13,29,21,11,0.5676,0.5417,0.58,0.4483,0.685
Dataset_2,Left,MLP,460,17,36,11,10,0.7162,0.6296,0.766,0.6182,0.7935
Dataset_2,Left,MLP,461,14,37,12,11,0.6892,0.56,0.7551,0.549,0.7339
Dataset_2,Left,MLP,462,20,32,14,8,0.7027,0.7143,0.6957,0.6452,0.847
Dataset_2,Left,MLP,463,19,32,15,8,0.6892,0.7037,0.6809,0.623,0.7967
Dataset_2,Left,MLP,464,7,40,15,12,0.6351,0.3684,0.7273,0.3415,0.6574
Dataset_2,Left,MLP,465,21,29,14,10,0.6757,0.6774,0.6744,0.6364,0.7787
Dataset_2,Left,MLP,466,13,35,16,10,0.6486,0.5652,0.6863,0.5,0.728
Dataset_2,Left,MLP,467,12,31,16,15,0.5811,0.4444,0.6596,0.4364,0.6572
Dataset_2,Left,MLP,468,11,37,18,8,0.6486,0.5789,0.6727,0.4583,0.7254
Dataset_2,Left,MLP,469,17,33,17,7,0.6757,0.7083,0.66,0.5862,0.8342
Dataset_2,Left,MLP,470,18,31,14,11,0.6622,0.6207,0.6889,0.5902,0.7824
Dataset_2,Left,MLP,471,18,22,26,8,0.5405,0.6923,0.4583,0.5143,0.6779
Dataset_2,Left,MLP,472,17,30,18,9,0.6351,0.6538,0.625,0.5574,0.7949
Dataset_2,Left,MLP,473,16,30,13,15,0.6216,0.5161,0.6977,0.5333,0.7539
Dataset_2,Left,MLP,474,16,34,16,8,0.6757,0.6667,0.68,0.5714,0.755
Dataset_2,Left,MLP,475,15,35,13,11,0.6757,0.5769,0.7292,0.5556,0.7171
Dataset_2,Left,MLP,476,15,42,12,5,0.7703,0.75,0.7778,0.6383,0.8241
Dataset_2,Left,MLP,477,16,32,17,9,0.6486,0.64,0.6531,0.5517,0.7347
Dataset_2,Left,MLP,478,18,32,17,7,0.6757,0.72,0.6531,0.6,0.8286
Dataset_2,Left,MLP,479,10,32,22,10,0.5676,0.5,0.5926,0.3846,0.7083
Dataset_2,Left,MLP,480,18,32,11,13,0.6757,0.5806,0.7442,0.6,0.7667
Dataset_2,Left,MLP,481,15,34,15,10,0.6622,0.6,0.6939,0.5455,0.7649
Dataset_2,Left,MLP,482,18,33,13,10,0.6892,0.6429,0.7174,0.6102,0.7919
Dataset_2,Left,MLP,483,20,31,14,9,0.6892,0.6897,0.6889,0.6349,0.7716
Dataset_2,Left,MLP,484,19,24,21,10,0.5811,0.6552,0.5333,0.5507,0.6904
Dataset_2,Left,MLP,485,17,33,15,9,0.6757,0.6538,0.6875,0.5862,0.8165
Dataset_2,Left,MLP,486,12,35,16,11,0.6351,0.5217,0.6863,0.4706,0.7025
Dataset_2,Left,MLP,487,18,26,21,9,0.5946,0.6667,0.5532,0.5455,0.7187
Dataset_2,Left,MLP,488,24,34,8,8,0.7838,0.75,0.8095,0.75,0.8534
Dataset_2,Left,MLP,489,17,35,15,7,0.7027,0.7083,0.7,0.6071,0.8333
Dataset_2,Left,MLP,490,15,29,21,9,0.5946,0.625,0.58,0.5,0.7392
Dataset_2,Left,MLP,491,9,39,18,8,0.6486,0.5294,0.6842,0.4091,0.6553
Dataset_2,Left,MLP,492,19,33,14,8,0.7027,0.7037,0.7021,0.6333,0.8471
Dataset_2,Left,MLP,493,14,30,22,8,0.5946,0.6364,0.5769,0.4828,0.7308
Dataset_2,Left,MLP,494,14,38,14,8,0.7027,0.6364,0.7308,0.56,0.8042
Dataset_2,Left,MLP,495,19,33,14,8,0.7027,0.7037,0.7021,0.6333,0.7786
Dataset_2,Left,MLP,496,17,36,10,11,0.7162,0.6071,0.7826,0.6182,0.8408
Dataset_2,Left,MLP,497,11,32,19,12,0.5811,0.4783,0.6275,0.4151,0.6454
Dataset_2,Left,MLP,498,13,37,15,9,0.6757,0.5909,0.7115,0.52,0.7885
Dataset_2,Left,MLP,499,23,29,12,10,0.7027,0.697,0.7073,0.6765,0.779
Dataset_2,Left,MLP,500,11,31,21,11,0.5676,0.5,0.5962,0.4074,0.6792
Dataset_2,Left,MLP,501,19,32,17,6,0.6892,0.76,0.6531,0.623,0.769
Dataset_2,Left,MLP,502,11,34,14,15,0.6081,0.4231,0.7083,0.4314,0.7212
Dataset_2,Left,MLP,503,16,35,14,9,0.6892,0.64,0.7143,0.5818,0.8392
Dataset_2,Left,MLP,504,16,38,16,4,0.7297,0.8,0.7037,0.6154,0.8426
Dataset_2,Left,MLP,505,20,29,18,7,0.6622,0.7407,0.617,0.6154,0.8046
Dataset_2,Left,MLP,506,16,36,18,4,0.7027,0.8,0.6667,0.5926,0.8435
Dataset_2,Left,MLP,507,12,32,18,12,0.5946,0.5,0.64,0.4444,0.7175
Dataset_2,Left,MLP,508,17,30,13,14,0.6351,0.5484,0.6977,0.5574,0.7397
Dataset_2,Left,MLP,509,13,28,22,11,0.5541,0.5417,0.56,0.4407,0.6542
Dataset_2,Left,MLP,510,11,35,22,6,0.6216,0.6471,0.614,0.44,0.7564
Dataset_2,Left,MLP,511,10,35,18,11,0.6081,0.4762,0.6604,0.4082,0.6451
Dataset_2,Left,MLP,512,12,34,15,13,0.6216,0.48,0.6939,0.4615,0.7273
Dataset_2,Left,MLP,513,14,28,17,15,0.5676,0.4828,0.6222,0.4667,0.6299
Dataset_2,Left,MLP,514,15,38,9,12,0.7162,0.5556,0.8085,0.5882,0.8235
Dataset_2,Left,MLP,515,21,29,6,18,0.6757,0.5385,0.8286,0.6364,0.844
Dataset_2,Left,MLP,516,22,37,12,3,0.7973,0.88,0.7551,0.7458,0.8841
Dataset_2,Left,MLP,517,15,32,16,11,0.6351,0.5769,0.6667,0.5263,0.7163
Dataset_2,Left,MLP,518,18,30,16,10,0.6486,0.6429,0.6522,0.5806,0.7461
Dataset_2,Left,MLP,519,14,32,21,7,0.6216,0.6667,0.6038,0.5,0.7484
Dataset_2,Left,MLP,520,19,36,13,6,0.7432,0.76,0.7347,0.6667,0.8433
Dataset_2,Left,MLP,521,16,32,18,8,0.6486,0.6667,0.64,0.5517,0.775
Dataset_2,Left,MLP,522,11,38,20,5,0.6622,0.6875,0.6552,0.4681,0.7834
Dataset_2,Left,MLP,523,20,24,20,10,0.5946,0.6667,0.5455,0.5714,0.6803
Dataset_2,Left,MLP,524,23,32,13,6,0.7432,0.7931,0.7111,0.7077,0.8996
Dataset_2,Left,MLP,525,23,25,20,6,0.6486,0.7931,0.5556,0.6389,0.7831
Dataset_2,Left,MLP,526,19,27,20,8,0.6216,0.7037,0.5745,0.5758,0.7407
Dataset_2,Left,MLP,527,16,25,17,16,0.5541,0.5,0.5952,0.4923,0.6667
Dataset_2,Left,MLP,528,16,38,13,7,0.7297,0.6957,0.7451,0.6154,0.7775
Dataset_2,Left,MLP,529,21,26,15,12,0.6351,0.6364,0.6341,0.6087,0.7531
Dataset_2,Left,MLP,530,15,39,13,7,0.7297,0.6818,0.75,0.6,0.8191
Dataset_2,Left,MLP,531,16,33,12,13,0.6622,0.5517,0.7333,0.5614,0.7739
Dataset_2,Left,MLP,532,12,32,16,14,0.5946,0.4615,0.6667,0.4444,0.7324
Dataset_2,Left,MLP,533,22,27,16,9,0.6622,0.7097,0.6279,0.6377,0.7772
Dataset_2,Left,MLP,534,15,40,14,5,0.7432,0.75,0.7407,0.6122,0.837
Dataset_2,Left,MLP,535,16,28,20,10,0.5946,0.6154,0.5833,0.5161,0.6458
Dataset_2,Left,MLP,536,15,32,24,3,0.6351,0.8333,0.5714,0.5263,0.7867
Dataset_2,Left,MLP,537,12,44,11,7,0.7568,0.6316,0.8,0.5714,0.7722
Dataset_2,Left,MLP,538,22,27,13,12,0.6622,0.6471,0.675,0.6377,0.7596
Dataset_2,Left,MLP,539,14,26,20,14,0.5405,0.5,0.5652,0.4516,0.6793
Dataset_2,Left,MLP,540,15,37,10,12,0.7027,0.5556,0.7872,0.5769,0.8054
Dataset_2,Left,MLP,541,16,31,18,9,0.6351,0.64,0.6327,0.5424,0.7755
Dataset_2,Left,MLP,542,23,24,20,7,0.6351,0.7667,0.5455,0.6301,0.8038
Dataset_2,Left,MLP,543,18,32,16,8,0.6757,0.6923,0.6667,0.6,0.7861
Dataset_2,Left,MLP,544,12,35,15,12,0.6351,0.5,0.7,0.4706,0.7458
Dataset_2,Left,MLP,545,17,29,18,10,0.6216,0.6296,0.617,0.5484,0.7589
Dataset_2,Left,MLP,546,19,29,13,13,0.6486,0.5938,0.6905,0.5938,0.7121
Dataset_2,Left,MLP,547,15,34,14,11,0.6622,0.5769,0.7083,0.5455,0.7228
Dataset_2,Left,MLP,548,18,34,15,7,0.7027,0.72,0.6939,0.6207,0.8073
Dataset_2,Left,MLP,549,16,40,9,9,0.7568,0.64,0.8163,0.64,0.9045
Dataset_2,Left,MLP,550,11,31,18,14,0.5676,0.44,0.6327,0.4074,0.7429
Dataset_2,Left,MLP,551,17,27,17,13,0.5946,0.5667,0.6136,0.5312,0.7439
Dataset_2,Left,MLP,552,18,33,13,10,0.6892,0.6429,0.7174,0.6102,0.7702
Dataset_2,Left,MLP,553,14,32,16,12,0.6216,0.5385,0.6667,0.5,0.7059
Dataset_2,Left,MLP,554,18,31,14,11,0.6622,0.6207,0.6889,0.5902,0.7502
Dataset_2,Left,MLP,555,9,36,17,12,0.6081,0.4286,0.6792,0.383,0.6298
Dataset_2,Left,MLP,556,15,32,18,9,0.6351,0.625,0.64,0.5263,0.695
Dataset_2,Left,MLP,557,23,25,20,6,0.6486,0.7931,0.5556,0.6389,0.7739
Dataset_2,Left,MLP,558,18,32,15,9,0.6757,0.6667,0.6809,0.6,0.773
Dataset_2,Left,MLP,559,18,27,21,8,0.6081,0.6923,0.5625,0.5538,0.7348
Dataset_2,Left,MLP,560,15,32,12,15,0.6351,0.5,0.7273,0.5263,0.7053
Dataset_2,Left,MLP,561,22,28,15,9,0.6757,0.7097,0.6512,0.6471,0.7487
Dataset_2,Left,MLP,562,14,37,20,3,0.6892,0.8235,0.6491,0.549,0.8215
Dataset_2,Left,MLP,563,15,28,22,9,0.5811,0.625,0.56,0.4918,0.6675
Dataset_2,Left,MLP,564,14,31,20,9,0.6081,0.6087,0.6078,0.4912,0.7425
Dataset_2,Left,MLP,565,13,26,21,14,0.527,0.4815,0.5532,0.4262,0.6281
Dataset_2,Left,MLP,566,13,35,14,12,0.6486,0.52,0.7143,0.5,0.6947
Dataset_2,Left,MLP,567,15,30,18,11,0.6081,0.5769,0.625,0.5085,0.7179
Dataset_2,Left,MLP,568,13,35,17,9,0.6486,0.5909,0.6731,0.5,0.7299
Dataset_2,Left,MLP,569,16,31,20,7,0.6351,0.6957,0.6078,0.5424,0.7349
Dataset_2,Left,MLP,570,16,33,19,6,0.6622,0.7273,0.6346,0.5614,0.7605
Dataset_2,Left,MLP,571,23,26,14,11,0.6622,0.6765,0.65,0.6479,0.7963
Dataset_2,Left,MLP,572,16,35,12,11,0.6892,0.5926,0.7447,0.5818,0.8117
Dataset_2,Left,MLP,573,8,34,22,10,0.5676,0.4444,0.6071,0.3333,0.6409
Dataset_2,Left,MLP,574,16,38,11,9,0.7297,0.64,0.7755,0.6154,0.8473
Dataset_2,Left,MLP,575,19,34,14,7,0.7162,0.7308,0.7083,0.6441,0.8205
Dataset_2,Left,MLP,576,20,33,15,6,0.7162,0.7692,0.6875,0.6557,0.8702
Dataset_2,Left,MLP,577,17,32,19,6,0.6622,0.7391,0.6275,0.5763,0.8346
Dataset_2,Left,MLP,578,13,30,19,12,0.5811,0.52,0.6122,0.4561,0.738
Dataset_2,Left,MLP,579,17,37,10,10,0.7297,0.6296,0.7872,0.6296,0.8534
Dataset_2,Left,MLP,580,12,34,16,12,0.6216,0.5,0.68,0.4615,0.7033
Dataset_2,Left,MLP,581,9,36,19,10,0.6081,0.4737,0.6545,0.383,0.7474
Dataset_2,Left,MLP,582,16,36,10,12,0.7027,0.5714,0.7826,0.5926,0.7384
Dataset_2,Left,MLP,583,20,35,8,11,0.7432,0.6452,0.814,0.678,0.8357
Dataset_2,Left,MLP,584,27,28,11,8,0.7432,0.7714,0.7179,0.7397,0.8667
Dataset_2,Left,MLP,585,14,37,18,5,0.6892,0.7368,0.6727,0.549,0.8335
Dataset_2,Left,MLP,586,15,35,12,12,0.6757,0.5556,0.7447,0.5556,0.7061
Dataset_2,Left,MLP,587,25,31,10,8,0.7568,0.7576,0.7561,0.7353,0.8271
Dataset_2,Left,MLP,588,17,28,23,6,0.6081,0.7391,0.549,0.5397,0.8065
Dataset_2,Left,MLP,589,19,32,15,8,0.6892,0.7037,0.6809,0.623,0.8235
Dataset_2,Left,MLP,590,18,28,12,16,0.6216,0.5294,0.7,0.5625,0.7522
Dataset_2,Left,MLP,591,19,24,16,15,0.5811,0.5588,0.6,0.5507,0.7221
Dataset_2,Left,MLP,592,11,40,10,13,0.6892,0.4583,0.8,0.4889,0.7575
Dataset_2,Left,MLP,593,18,34,16,6,0.7027,0.75,0.68,0.6207,0.8517
Dataset_2,Left,MLP,594,16,27,16,15,0.5811,0.5161,0.6279,0.5079,0.6287
Dataset_2,Left,MLP,595,21,28,12,13,0.6622,0.6176,0.7,0.6269,0.7228
Dataset_2,Left,MLP,596,21,32,15,6,0.7162,0.7778,0.6809,0.6667,0.8243
Dataset_2,Left,MLP,597,10,41,16,7,0.6892,0.5882,0.7193,0.4651,0.7265
Dataset_2,Left,MLP,598,13,35,16,10,0.6486,0.5652,0.6863,0.5,0.7783
Dataset_2,Left,MLP,599,20,31,14,9,0.6892,0.6897,0.6889,0.6349,0.7908
Dataset_2,Left,MLP,600,13,33,15,13,0.6216,0.5,0.6875,0.4815,0.7268
Dataset_2,Left,MLP,601,20,29,13,12,0.6622,0.625,0.6905,0.6154,0.744
Dataset_2,Left,MLP,602,21,34,11,8,0.7432,0.7241,0.7556,0.6885,0.8391
Dataset_2,Left,MLP,603,13,26,21,14,0.527,0.4815,0.5532,0.4262,0.6044
Dataset_2,Left,MLP,604,18,35,12,9,0.7162,0.6667,0.7447,0.6316,0.8148
Dataset_2,Left,MLP,605,17,28,17,12,0.6081,0.5862,0.6222,0.5397,0.7034
Dataset_2,Left,MLP,606,13,32,20,9,0.6081,0.5909,0.6154,0.4727,0.7386
Dataset_2,Left,MLP,607,11,38,15,10,0.6622,0.5238,0.717,0.4681,0.7826
Dataset_2,Left,MLP,608,10,34,26,4,0.5946,0.7143,0.5667,0.4,0.7631
Dataset_2,Left,MLP,609,16,33,20,5,0.6622,0.7619,0.6226,0.5614,0.7278
Dataset_2,Left,MLP,610,15,32,17,10,0.6351,0.6,0.6531,0.5263,0.7094
Dataset_2,Left,MLP,611,21,27,16,10,0.6486,0.6774,0.6279,0.6176,0.7262
Dataset_2,Left,MLP,612,20,26,16,12,0.6216,0.625,0.619,0.5882,0.7321
Dataset_2,Left,MLP,613,21,30,14,9,0.6892,0.7,0.6818,0.6462,0.8303
Dataset_2,Left,MLP,614,13,25,25,11,0.5135,0.5417,0.5,0.4194,0.64
Dataset_2,Left,MLP,615,14,25,24,11,0.527,0.56,0.5102,0.4444,0.7004
Dataset_2,Left,MLP,616,14,33,18,9,0.6351,0.6087,0.6471,0.5091,0.7801
Dataset_2,Left,MLP,617,17,29,19,9,0.6216,0.6538,0.6042,0.5484,0.7532
Dataset_2,Left,MLP,618,16,34,16,8,0.6757,0.6667,0.68,0.5714,0.7692
Dataset_2,Left,MLP,619,14,32,18,10,0.6216,0.5833,0.64,0.5,0.6775
Dataset_2,Left,MLP,620,15,26,21,12,0.5541,0.5556,0.5532,0.4762,0.6619
Dataset_2,Left,MLP,621,20,33,13,8,0.7162,0.7143,0.7174,0.6557,0.8175
Dataset_2,Left,MLP,622,17,34,13,10,0.6892,0.6296,0.7234,0.5965,0.8022
Dataset_2,Left,MLP,623,15,34,14,11,0.6622,0.5769,0.7083,0.5455,0.7957
Dataset_2,Left,MLP,624,12,32,19,11,0.5946,0.5217,0.6275,0.4444,0.6309
Dataset_2,Left,MLP,625,14,36,15,9,0.6757,0.6087,0.7059,0.5385,0.7417
Dataset_2,Left,MLP,626,11,37,12,14,0.6486,0.44,0.7551,0.4583,0.7412
Dataset_2,Left,MLP,627,16,35,16,7,0.6892,0.6957,0.6863,0.5818,0.8568
Dataset_2,Left,MLP,628,21,25,16,12,0.6216,0.6364,0.6098,0.6,0.6837
Dataset_2,Left,MLP,629,17,37,15,5,0.7297,0.7727,0.7115,0.6296,0.8453
Dataset_2,Left,MLP,630,16,31,16,11,0.6351,0.5926,0.6596,0.5424,0.7636
Dataset_2,Left,MLP,631,18,30,16,10,0.6486,0.6429,0.6522,0.5806,0.778
Dataset_2,Left,MLP,632,13,34,16,11,0.6351,0.5417,0.68,0.4906,0.7308
Dataset_2,Left,MLP,633,22,32,14,6,0.7297,0.7857,0.6957,0.6875,0.8144
Dataset_2,Left,MLP,634,11,36,14,13,0.6351,0.4583,0.72,0.449,0.7475
Dataset_2,Left,MLP,635,15,30,15,14,0.6081,0.5172,0.6667,0.5085,0.7203
Dataset_2,Left,MLP,636,18,29,17,10,0.6351,0.6429,0.6304,0.5714,0.7717
Dataset_2,Left,MLP,637,15,35,18,6,0.6757,0.7143,0.6604,0.5556,0.8059
Dataset_2,Left,MLP,638,23,27,15,9,0.6757,0.7188,0.6429,0.6571,0.7991
Dataset_2,Left,MLP,639,13,38,10,13,0.6892,0.5,0.7917,0.5306,0.8005
Dataset_2,Left,MLP,640,17,36,12,9,0.7162,0.6538,0.75,0.6182,0.7853
Dataset_2,Left,MLP,641,18,35,11,10,0.7162,0.6429,0.7609,0.6316,0.7694
Dataset_2,Left,MLP,642,19,34,14,7,0.7162,0.7308,0.7083,0.6441,0.7973
Dataset_2,Left,MLP,643,9,40,20,5,0.6622,0.6429,0.6667,0.4186,0.75
Dataset_2,Left,MLP,644,17,29,21,7,0.6216,0.7083,0.58,0.5484,0.7267
Dataset_2,Left,MLP,645,14,35,14,11,0.6622,0.56,0.7143,0.5283,0.6849
Dataset_2,Left,MLP,646,14,30,18,12,0.5946,0.5385,0.625,0.4828,0.7292
Dataset_2,Left,MLP,647,19,25,22,8,0.5946,0.7037,0.5319,0.5588,0.721
Dataset_2,Left,MLP,648,20,31,11,12,0.6892,0.625,0.7381,0.6349,0.7775
Dataset_2,Left,MLP,649,20,29,20,5,0.6622,0.8,0.5918,0.6154,0.7167
Dataset_2,Left,MLP,650,11,35,17,11,0.6216,0.5,0.6731,0.44,0.7579
Dataset_2,Left,MLP,651,14,29,16,15,0.5811,0.4828,0.6444,0.4746,0.659
Dataset_2,Left,MLP,652,14,41,10,9,0.7432,0.6087,0.8039,0.5957,0.8431
Dataset_2,Left,MLP,653,18,28,14,14,0.6216,0.5625,0.6667,0.5625,0.7188
Dataset_2,Left,MLP,654,10,37,14,13,0.6351,0.4348,0.7255,0.4255,0.7306
Dataset_2,Left,MLP,655,18,30,18,8,0.6486,0.6923,0.625,0.5806,0.7019
Dataset_2,Left,MLP,656,16,36,14,8,0.7027,0.6667,0.72,0.5926,0.7775
Dataset_2,Left,MLP,657,14,30,27,3,0.5946,0.8235,0.5263,0.4828,0.7864
Dataset_2,Left,MLP,658,19,26,22,7,0.6081,0.7308,0.5417,0.5672,0.7564
Dataset_2,Left,MLP,659,12,30,19,13,0.5676,0.48,0.6122,0.4286,0.6245
Dataset_2,Left,MLP,660,15,35,20,4,0.6757,0.7895,0.6364,0.5556,0.7818
Dataset_2,Left,MLP,661,12,37,14,11,0.6622,0.5217,0.7255,0.4898,0.6667
Dataset_2,Left,MLP,662,16,35,14,9,0.6892,0.64,0.7143,0.5818,0.7747
Dataset_2,Left,MLP,663,10,31,19,14,0.5541,0.4167,0.62,0.3774,0.6758
Dataset_2,Left,MLP,664,21,34,13,6,0.7432,0.7778,0.7234,0.6885,0.8589
Dataset_2,Left,MLP,665,14,31,17,12,0.6081,0.5385,0.6458,0.4912,0.6843
Dataset_2,Left,MLP,666,15,32,16,11,0.6351,0.5769,0.6667,0.5263,0.7476
Dataset_2,Left,MLP,667,12,31,23,8,0.5811,0.6,0.5741,0.4364,0.75
Dataset_2,Left,MLP,668,17,37,12,8,0.7297,0.68,0.7551,0.6296,0.7927
Dataset_2,Left,MLP,669,18,31,16,9,0.6622,0.6667,0.6596,0.5902,0.7392
Dataset_2,Left,MLP,670,17,38,17,2,0.7432,0.8947,0.6909,0.6415,0.8718
Dataset_2,Left,MLP,671,12,33,24,5,0.6081,0.7059,0.5789,0.4528,0.7389
Dataset_2,Left,MLP,672,21,31,10,12,0.7027,0.6364,0.7561,0.6562,0.7724
Dataset_2,Left,MLP,673,17,31,14,12,0.6486,0.5862,0.6889,0.5667,0.7379
Dataset_2,Left,MLP,674,20,38,8,8,0.7838,0.7143,0.8261,0.7143,0.8183
Dataset_2,Left,MLP,675,24,24,15,11,0.6486,0.6857,0.6154,0.6486,0.7656
Dataset_2,Left,MLP,676,17,31,15,11,0.6486,0.6071,0.6739,0.5667,0.7601
Dataset_2,Left,MLP,677,21,27,14,12,0.6486,0.6364,0.6585,0.6176,0.7783
Dataset_2,Left,MLP,678,14,37,17,6,0.6892,0.7,0.6852,0.549,0.8269
Dataset_2,Left,MLP,679,16,29,18,11,0.6081,0.5926,0.617,0.5246,0.7187
Dataset_2,Left,MLP,680,16,33,15,10,0.6622,0.6154,0.6875,0.5614,0.722
Dataset_2,Left,MLP,681,13,30,25,6,0.5811,0.6842,0.5455,0.4561,0.69
Dataset_2,Left,MLP,682,15,29,18,12,0.5946,0.5556,0.617,0.5,0.7116
Dataset_2,Left,MLP,683,17,37,10,10,0.7297,0.6296,0.7872,0.6296,0.8345
Dataset_2,Left,MLP,684,12,38,16,8,0.6757,0.6,0.7037,0.5,0.8065
Dataset_2,Left,MLP,685,15,30,20,9,0.6081,0.625,0.6,0.5085,0.7283
Dataset_2,Left,MLP,686,11,31,18,14,0.5676,0.44,0.6327,0.4074,0.6996
Dataset_2,Left,MLP,687,19,30,19,6,0.6622,0.76,0.6122,0.6032,0.7037
Dataset_2,Left,MLP,688,21,31,12,10,0.7027,0.6774,0.7209,0.6562,0.8185
Dataset_2,Left,MLP,689,19,30,17,8,0.6622,0.7037,0.6383,0.6032,0.7746
Dataset_2,Left,MLP,690,10,37,15,12,0.6351,0.4545,0.7115,0.4255,0.771
Dataset_2,Left,MLP,691,18,34,15,7,0.7027,0.72,0.6939,0.6207,0.8294
Dataset_2,Left,MLP,692,11,32,22,9,0.5811,0.55,0.5926,0.4151,0.6648
Dataset_2,Left,MLP,693,14,32,20,8,0.6216,0.6364,0.6154,0.5,0.7395
Dataset_2,Left,MLP,694,14,33,13,14,0.6351,0.5,0.7174,0.5091,0.729
Dataset_2,Left,MLP,695,18,29,17,10,0.6351,0.6429,0.6304,0.5714,0.7857
Dataset_2,Left,MLP,696,15,35,13,11,0.6757,0.5769,0.7292,0.5556,0.7812
Dataset_2,Left,MLP,697,20,32,14,8,0.7027,0.7143,0.6957,0.6452,0.8036
Dataset_2,Left,MLP,698,12,30,18,14,0.5676,0.4615,0.625,0.4286,0.742
Dataset_2,Left,MLP,699,17,30,17,10,0.6351,0.6296,0.6383,0.5574,0.7707
Dataset_2,Left,MLP,700,17,32,17,8,0.6622,0.68,0.6531,0.5763,0.7796
Dataset_2,Left,MLP,701,10,42,14,8,0.7027,0.5556,0.75,0.4762,0.7798
Dataset_2,Left,MLP,702,19,31,16,8,0.6757,0.7037,0.6596,0.6129,0.8125
Dataset_2,Left,MLP,703,13,32,17,12,0.6081,0.52,0.6531,0.4727,0.7135
Dataset_2,Left,MLP,704,16,33,19,6,0.6622,0.7273,0.6346,0.5614,0.7902
Dataset_2,Left,MLP,705,17,26,16,15,0.5811,0.5312,0.619,0.5231,0.7314
Dataset_2,Left,MLP,706,21,28,14,11,0.6622,0.6562,0.6667,0.6269,0.8036
Dataset_2,Left,MLP,707,12,35,16,11,0.6351,0.5217,0.6863,0.4706,0.7076
Dataset_2,Left,MLP,708,15,29,19,11,0.5946,0.5769,0.6042,0.5,0.6442
Dataset_2,Left,MLP,709,12,32,17,13,0.5946,0.48,0.6531,0.4444,0.7535
Dataset_2,Left,MLP,710,16,29,17,12,0.6081,0.5714,0.6304,0.5246,0.7143
Dataset_2,Left,MLP,711,20,28,16,10,0.6486,0.6667,0.6364,0.6061,0.7129
Dataset_2,Left,MLP,712,14,36,12,12,0.6757,0.5385,0.75,0.5385,0.7804
Dataset_2,Left,MLP,713,16,35,14,9,0.6892,0.64,0.7143,0.5818,0.7788
Dataset_2,Left,MLP,714,14,30,13,17,0.5946,0.4516,0.6977,0.4828,0.7322
Dataset_2,Left,MLP,715,16,24,15,19,0.5405,0.4571,0.6154,0.4848,0.6623
Dataset_2,Left,MLP,716,19,32,17,6,0.6892,0.76,0.6531,0.623,0.7755
Dataset_2,Left,MLP,717,9,31,18,16,0.5405,0.36,0.6327,0.3462,0.6212
Dataset_2,Left,MLP,718,19,32,16,7,0.6892,0.7308,0.6667,0.623,0.8141
Dataset_2,Left,MLP,719,12,33,17,12,0.6081,0.5,0.66,0.4528,0.7108
Dataset_2,Left,MLP,720,16,40,11,7,0.7568,0.6957,0.7843,0.64,0.8201
Dataset_2,Left,MLP,721,22,27,18,7,0.6622,0.7586,0.6,0.6377,0.7502
Dataset_2,Left,MLP,722,15,30,18,11,0.6081,0.5769,0.625,0.5085,0.7821
Dataset_2,Left,MLP,723,23,28,11,12,0.6892,0.6571,0.7179,0.6667,0.8293
Dataset_2,Left,MLP,724,13,29,17,15,0.5676,0.4643,0.6304,0.4483,0.6739
Dataset_2,Left,MLP,725,15,27,25,7,0.5676,0.6818,0.5192,0.4839,0.7019
Dataset_2,Left,MLP,726,27,28,12,7,0.7432,0.7941,0.7,0.7397,0.8301
Dataset_2,Left,MLP,727,15,38,14,7,0.7162,0.6818,0.7308,0.5882,0.7535
Dataset_2,Left,MLP,728,13,36,14,11,0.6622,0.5417,0.72,0.5098,0.7808
Dataset_2,Left,MLP,729,23,27,14,10,0.6757,0.697,0.6585,0.6571,0.7583
Dataset_2,Left,MLP,730,12,30,23,9,0.5676,0.5714,0.566,0.4286,0.6235
Dataset_2,Left,MLP,731,13,36,14,11,0.6622,0.5417,0.72,0.5098,0.795
Dataset_2,Left,MLP,732,19,25,19,11,0.5946,0.6333,0.5682,0.5588,0.7023
Dataset_2,Left,MLP,733,16,32,15,11,0.6486,0.5926,0.6809,0.5517,0.7951
Dataset_2,Left,MLP,734,19,35,11,9,0.7297,0.6786,0.7609,0.6552,0.8043
Dataset_2,Left,MLP,735,15,36,12,11,0.6892,0.5769,0.75,0.566,0.7837
Dataset_2,Left,MLP,736,18,29,16,11,0.6351,0.6207,0.6444,0.5714,0.7165
Dataset_2,Left,MLP,737,14,32,17,11,0.6216,0.56,0.6531,0.5,0.6661
Dataset_2,Left,MLP,738,17,33,10,14,0.6757,0.5484,0.7674,0.5862,0.8237
Dataset_2,Left,MLP,739,14,30,15,15,0.5946,0.4828,0.6667,0.4828,0.6874
Dataset_2,Left,MLP,740,16,31,18,9,0.6351,0.64,0.6327,0.5424,0.7747
Dataset_2,Left,MLP,741,22,29,13,10,0.6892,0.6875,0.6905,0.6567,0.7671
Dataset_2,Left,MLP,742,19,30,17,8,0.6622,0.7037,0.6383,0.6032,0.7967
Dataset_2,Left,MLP,743,19,31,14,10,0.6757,0.6552,0.6889,0.6129,0.7762
Dataset_2,Left,MLP,744,14,31,19,10,0.6081,0.5833,0.62,0.4912,0.705
Dataset_2,Left,MLP,745,19,33,15,7,0.7027,0.7308,0.6875,0.6333,0.863
Dataset_2,Left,MLP,746,15,28,17,14,0.5811,0.5172,0.6222,0.4918,0.6092
Dataset_2,Left,MLP,747,21,28,19,6,0.6622,0.7778,0.5957,0.6269,0.7841
Dataset_2,Left,MLP,748,16,33,12,13,0.6622,0.5517,0.7333,0.5614,0.7693
Dataset_2,Left,MLP,749,14,37,16,7,0.6892,0.6667,0.6981,0.549,0.8365
Dataset_2,Left,MLP,750,8,34,15,17,0.5676,0.32,0.6939,0.3333,0.5984
Dataset_2,Left,MLP,751,20,24,19,11,0.5946,0.6452,0.5581,0.5714,0.7097
Dataset_2,Left,MLP,752,18,27,20,9,0.6081,0.6667,0.5745,0.5538,0.7179
Dataset_2,Left,MLP,753,13,32,13,16,0.6081,0.4483,0.7111,0.4727,0.7609
Dataset_2,Left,MLP,754,16,40,15,3,0.7568,0.8421,0.7273,0.64,0.89
Dataset_2,Left,MLP,755,18,23,17,16,0.5541,0.5294,0.575,0.5217,0.6824
Dataset_2,Left,MLP,756,15,35,12,12,0.6757,0.5556,0.7447,0.5556,0.7754
Dataset_2,Left,MLP,757,18,30,13,13,0.6486,0.5806,0.6977,0.5806,0.7697
Dataset_2,Left,MLP,758,12,32,19,11,0.5946,0.5217,0.6275,0.4444,0.7357
Dataset_2,Left,MLP,759,14,39,14,7,0.7162,0.6667,0.7358,0.5714,0.7323
Dataset_2,Left,MLP,760,15,36,14,9,0.6892,0.625,0.72,0.566,0.765
Dataset_2,Left,MLP,761,14,36,16,8,0.6757,0.6364,0.6923,0.5385,0.7465
Dataset_2,Left,MLP,762,14,31,19,10,0.6081,0.5833,0.62,0.4912,0.71
Dataset_2,Left,MLP,763,15,32,11,16,0.6351,0.4839,0.7442,0.5263,0.6737
Dataset_2,Left,MLP,764,15,37,13,9,0.7027,0.625,0.74,0.5769,0.8358
Dataset_2,Left,MLP,765,20,31,15,8,0.6892,0.7143,0.6739,0.6349,0.7523
Dataset_2,Left,MLP,766,18,38,11,7,0.7568,0.72,0.7755,0.6667,0.8294
Dataset_2,Left,MLP,767,14,28,22,10,0.5676,0.5833,0.56,0.4667,0.7033
Dataset_2,Left,MLP,768,15,36,14,9,0.6892,0.625,0.72,0.566,0.8133
Dataset_2,Left,MLP,769,19,35,11,9,0.7297,0.6786,0.7609,0.6552,0.7787
Dataset_2,Left,MLP,770,13,34,17,10,0.6351,0.5652,0.6667,0.4906,0.7477
Dataset_2,Left,MLP,771,14,35,14,11,0.6622,0.56,0.7143,0.5283,0.7673
Dataset_2,Left,MLP,772,20,28,17,9,0.6486,0.6897,0.6222,0.6061,0.7632
Dataset_2,Left,MLP,773,11,36,16,11,0.6351,0.5,0.6923,0.449,0.7124
Dataset_2,Left,MLP,774,11,36,15,12,0.6351,0.4783,0.7059,0.449,0.769
Dataset_2,Left,MLP,775,11,34,15,14,0.6081,0.44,0.6939,0.4314,0.7135
Dataset_2,Left,MLP,776,18,36,10,10,0.7297,0.6429,0.7826,0.6429,0.8137
Dataset_2,Left,MLP,777,20,26,18,10,0.6216,0.6667,0.5909,0.5882,0.7
Dataset_2,Left,MLP,778,18,26,16,14,0.5946,0.5625,0.619,0.5455,0.6689
Dataset_2,Left,MLP,779,20,23,21,10,0.5811,0.6667,0.5227,0.5634,0.7189
Dataset_2,Left,MLP,780,15,33,16,10,0.6486,0.6,0.6735,0.5357,0.7257
Dataset_2,Left,MLP,781,17,30,17,10,0.6351,0.6296,0.6383,0.5574,0.751
Dataset_2,Left,MLP,782,12,37,11,14,0.6622,0.4615,0.7708,0.4898,0.7356
Dataset_2,Left,MLP,783,23,27,21,3,0.6757,0.8846,0.5625,0.6571,0.855
Dataset_2,Left,MLP,784,11,39,15,9,0.6757,0.55,0.7222,0.4783,0.7648
Dataset_2,Left,MLP,785,16,29,17,12,0.6081,0.5714,0.6304,0.5246,0.6988
Dataset_2,Left,MLP,786,18,39,10,7,0.7703,0.72,0.7959,0.6792,0.8286
Dataset_2,Left,MLP,787,14,29,23,8,0.5811,0.6364,0.5577,0.4746,0.7264
Dataset_2,Left,MLP,788,14,39,15,6,0.7162,0.7,0.7222,0.5714,0.7843
Dataset_2,Left,MLP,789,19,27,17,11,0.6216,0.6333,0.6136,0.5758,0.7288
Dataset_2,Left,MLP,790,19,33,16,6,0.7027,0.76,0.6735,0.6333,0.7731
Dataset_2,Left,MLP,791,18,33,13,10,0.6892,0.6429,0.7174,0.6102,0.8486
Dataset_2,Left,MLP,792,19,30,11,14,0.6622,0.5758,0.7317,0.6032,0.7605
Dataset_2,Left,MLP,793,16,26,25,7,0.5676,0.6957,0.5098,0.5,0.7272
Dataset_2,Left,MLP,794,18,25,17,14,0.5811,0.5625,0.5952,0.5373,0.6525
Dataset_2,Left,MLP,795,12,36,16,10,0.6486,0.5455,0.6923,0.48,0.7386
Dataset_2,Left,MLP,796,26,27,14,7,0.7162,0.7879,0.6585,0.7123,0.7879
Dataset_2,Left,MLP,797,22,26,13,13,0.6486,0.6286,0.6667,0.6286,0.7333
Dataset_2,Left,MLP,798,20,26,17,11,0.6216,0.6452,0.6047,0.5882,0.7097
Dataset_2,Left,MLP,799,13,35,14,12,0.6486,0.52,0.7143,0.5,0.711
Dataset_2,Left,MLP,800,10,31,26,7,0.5541,0.5882,0.5439,0.3774,0.7079
Dataset_2,Left,MLP,801,18,33,13,10,0.6892,0.6429,0.7174,0.6102,0.8106
Dataset_2,Left,MLP,802,16,28,17,13,0.5946,0.5517,0.6222,0.5161,0.7364
Dataset_2,Left,MLP,803,14,35,16,9,0.6622,0.6087,0.6863,0.5283,0.74
Dataset_2,Left,MLP,804,14,37,12,11,0.6892,0.56,0.7551,0.549,0.8424
Dataset_2,Left,MLP,805,17,30,15,12,0.6351,0.5862,0.6667,0.5574,0.7525
Dataset_2,Left,MLP,806,14,27,17,16,0.5541,0.4667,0.6136,0.459,0.6773
Dataset_2,Left,MLP,807,17,24,21,12,0.5541,0.5862,0.5333,0.5075,0.705
Dataset_2,Left,MLP,808,21,29,13,11,0.6757,0.6562,0.6905,0.6364,0.7269
Dataset_2,Left,MLP,809,17,31,19,7,0.6486,0.7083,0.62,0.5667,0.6983
Dataset_2,Left,MLP,810,12,35,14,13,0.6351,0.48,0.7143,0.4706,0.6824
Dataset_2,Left,MLP,811,22,27,13,12,0.6622,0.6471,0.675,0.6377,0.7949
Dataset_2,Left,MLP,812,16,26,21,11,0.5676,0.5926,0.5532,0.5,0.6509
Dataset_2,Left,MLP,813,15,37,16,6,0.7027,0.7143,0.6981,0.5769,0.7862
Dataset_2,Left,MLP,814,16,31,19,8,0.6351,0.6667,0.62,0.5424,0.7692
Dataset_2,Left,MLP,815,16,29,21,8,0.6081,0.6667,0.58,0.5246,0.7233
Dataset_2,Left,MLP,816,15,35,16,8,0.6757,0.6522,0.6863,0.5556,0.7511
Dataset_2,Left,MLP,817,23,27,18,6,0.6757,0.7931,0.6,0.6571,0.7533
Dataset_2,Left,MLP,818,13,34,14,13,0.6351,0.5,0.7083,0.4906,0.7043
Dataset_2,Left,MLP,819,17,33,17,7,0.6757,0.7083,0.66,0.5862,0.8033
Dataset_2,Left,MLP,820,17,30,10,17,0.6351,0.5,0.75,0.5574,0.7206
Dataset_2,Left,MLP,821,16,34,12,12,0.6757,0.5714,0.7391,0.5714,0.7888
Dataset_2,Left,MLP,822,23,28,15,8,0.6892,0.7419,0.6512,0.6667,0.7487
Dataset_2,Left,MLP,823,11,32,21,10,0.5811,0.5238,0.6038,0.4151,0.6999
Dataset_2,Left,MLP,824,15,41,10,8,0.7568,0.6522,0.8039,0.625,0.798
Dataset_2,Left,MLP,825,18,39,13,4,0.7703,0.8182,0.75,0.6792,0.8811
Dataset_2,Left,MLP,826,17,28,13,16,0.6081,0.5152,0.6829,0.5397,0.7095
Dataset_2,Left,MLP,827,13,37,17,7,0.6757,0.65,0.6852,0.52,0.7815
Dataset_2,Left,MLP,828,20,25,16,13,0.6081,0.6061,0.6098,0.5797,0.7539
Dataset_2,Left,MLP,829,15,38,11,10,0.7162,0.6,0.7755,0.5882,0.8073
Dataset_2,Left,MLP,830,11,39,19,5,0.6757,0.6875,0.6724,0.4783,0.7435
Dataset_2,Left,MLP,831,19,31,12,12,0.6757,0.6129,0.7209,0.6129,0.6887
Dataset_2,Left,MLP,832,13,34,19,8,0.6351,0.619,0.6415,0.4906,0.7763
Dataset_2,Left,MLP,833,17,28,18,11,0.6081,0.6071,0.6087,0.5397,0.7011
Dataset_2,Left,MLP,834,21,31,12,10,0.7027,0.6774,0.7209,0.6562,0.8275
Dataset_2,Left,MLP,835,13,29,22,10,0.5676,0.5652,0.5686,0.4483,0.7093
Dataset_2,Left,MLP,836,17,24,25,8,0.5541,0.68,0.4898,0.5075,0.7176
Dataset_2,Left,MLP,837,16,31,17,10,0.6351,0.6154,0.6458,0.5424,0.7043
Dataset_2,Left,MLP,838,18,27,17,12,0.6081,0.6,0.6136,0.5538,0.6811
Dataset_2,Left,MLP,839,16,33,13,12,0.6622,0.5714,0.7174,0.5614,0.7741
Dataset_2,Left,MLP,840,17,30,15,12,0.6351,0.5862,0.6667,0.5574,0.7295
Dataset_2,Left,MLP,841,21,29,15,9,0.6757,0.7,0.6591,0.6364,0.7818
Dataset_2,Left,MLP,842,15,36,11,12,0.6892,0.5556,0.766,0.566,0.7943
Dataset_2,Left,MLP,843,20,33,15,6,0.7162,0.7692,0.6875,0.6557,0.8309
Dataset_2,Left,MLP,844,12,39,13,10,0.6892,0.5455,0.75,0.5106,0.7448
Dataset_2,Left,MLP,845,13,40,11,10,0.7162,0.5652,0.7843,0.5532,0.74
Dataset_2,Left,MLP,846,17,25,17,15,0.5676,0.5312,0.5952,0.5152,0.7225
Dataset_2,Left,MLP,847,17,28,16,13,0.6081,0.5667,0.6364,0.5397,0.7053
Dataset_2,Left,MLP,848,15,25,23,11,0.5405,0.5769,0.5208,0.4688,0.6795
Dataset_2,Left,MLP,849,15,29,17,13,0.5946,0.5357,0.6304,0.5,0.6708
Dataset_2,Left,MLP,850,10,37,15,12,0.6351,0.4545,0.7115,0.4255,0.6713
Dataset_2,Left,MLP,851,16,32,18,8,0.6486,0.6667,0.64,0.5517,0.7158
Dataset_2,Left,MLP,852,14,34,13,13,0.6486,0.5185,0.7234,0.5185,0.766
Dataset_2,Left,MLP,853,10,41,17,6,0.6892,0.625,0.7069,0.4651,0.75
Dataset_2,Left,MLP,854,16,28,14,16,0.5946,0.5,0.6667,0.5161,0.7121
Dataset_2,Left,MLP,855,21,27,13,13,0.6486,0.6176,0.675,0.6176,0.6993
Dataset_2,Left,MLP,856,17,32,16,9,0.6622,0.6538,0.6667,0.5763,0.7925
Dataset_2,Left,MLP,857,19,29,13,13,0.6486,0.5938,0.6905,0.5938,0.7321
Dataset_2,Left,MLP,858,15,34,16,9,0.6622,0.625,0.68,0.5455,0.8008
Dataset_2,Left,MLP,859,15,33,13,13,0.6486,0.5357,0.7174,0.5357,0.7834
Dataset_2,Left,MLP,860,14,37,12,11,0.6892,0.56,0.7551,0.549,0.7804
Dataset_2,Left,MLP,861,14,37,16,7,0.6892,0.6667,0.6981,0.549,0.805
Dataset_2,Left,MLP,862,22,31,10,11,0.7162,0.6667,0.7561,0.6769,0.7857
Dataset_2,Left,MLP,863,14,34,18,8,0.6486,0.6364,0.6538,0.5185,0.8094
Dataset_2,Left,MLP,864,17,35,15,7,0.7027,0.7083,0.7,0.6071,0.795
Dataset_2,Left,MLP,865,20,32,14,8,0.7027,0.7143,0.6957,0.6452,0.7772
Dataset_2,Left,MLP,866,12,28,19,15,0.5405,0.4444,0.5957,0.4138,0.6414
Dataset_2,Left,MLP,867,15,28,20,11,0.5811,0.5769,0.5833,0.4918,0.7204
Dataset_2,Left,MLP,868,15,35,16,8,0.6757,0.6522,0.6863,0.5556,0.7886
Dataset_2,Left,MLP,869,18,33,13,10,0.6892,0.6429,0.7174,0.6102,0.7943
Dataset_2,Left,MLP,870,21,27,11,15,0.6486,0.5833,0.7105,0.6176,0.6966
Dataset_2,Left,MLP,871,25,23,16,10,0.6486,0.7143,0.5897,0.6579,0.7516
Dataset_2,Left,MLP,872,18,20,20,16,0.5135,0.5294,0.5,0.5,0.6507
Dataset_2,Left,MLP,873,14,32,17,11,0.6216,0.56,0.6531,0.5,0.7029
Dataset_2,Left,MLP,874,19,34,12,9,0.7162,0.6786,0.7391,0.6441,0.8059
Dataset_2,Left,MLP,875,20,26,16,12,0.6216,0.625,0.619,0.5882,0.683
Dataset_2,Left,MLP,876,16,36,14,8,0.7027,0.6667,0.72,0.5926,0.7625
Dataset_2,Left,MLP,877,14,36,14,10,0.6757,0.5833,0.72,0.5385,0.74
Dataset_2,Left,MLP,878,20,30,18,6,0.6757,0.7692,0.625,0.625,0.8053
Dataset_2,Left,MLP,879,17,28,22,7,0.6081,0.7083,0.56,0.5397,0.7192
Dataset_2,Left,MLP,880,16,30,21,7,0.6216,0.6957,0.5882,0.5333,0.7255
Dataset_2,Left,MLP,881,18,33,10,13,0.6892,0.5806,0.7674,0.6102,0.8252
Dataset_2,Left,MLP,882,14,34,17,9,0.6486,0.6087,0.6667,0.5185,0.7059
Dataset_2,Left,MLP,883,22,24,17,11,0.6216,0.6667,0.5854,0.6111,0.7546
Dataset_2,Left,MLP,884,13,39,9,13,0.7027,0.5,0.8125,0.5417,0.7171
Dataset_2,Left,MLP,885,18,32,13,11,0.6757,0.6207,0.7111,0.6,0.7157
Dataset_2,Left,MLP,886,10,42,9,13,0.7027,0.4348,0.8235,0.4762,0.8022
Dataset_2,Left,MLP,887,18,40,10,6,0.7838,0.75,0.8,0.6923,0.875
Dataset_2,Left,MLP,888,20,21,24,9,0.5541,0.6897,0.4667,0.5479,0.7188
Dataset_2,Left,MLP,889,17,33,12,12,0.6757,0.5862,0.7333,0.5862,0.7433
Dataset_2,Left,MLP,890,11,37,19,7,0.6486,0.6111,0.6607,0.4583,0.749
Dataset_2,Left,MLP,891,17,36,15,6,0.7162,0.7391,0.7059,0.6182,0.769
Dataset_2,Left,MLP,892,14,31,16,13,0.6081,0.5185,0.6596,0.4912,0.6958
Dataset_2,Left,MLP,893,15,32,17,10,0.6351,0.6,0.6531,0.5263,0.689
Dataset_2,Left,MLP,894,16,31,16,11,0.6351,0.5926,0.6596,0.5424,0.7266
Dataset_2,Left,MLP,895,16,35,12,11,0.6892,0.5926,0.7447,0.5818,0.7132
Dataset_2,Left,MLP,896,16,31,17,10,0.6351,0.6154,0.6458,0.5424,0.7316
Dataset_2,Left,MLP,897,10,35,20,9,0.6081,0.5263,0.6364,0.4082,0.6938
Dataset_2,Left,MLP,898,12,30,21,11,0.5676,0.5217,0.5882,0.4286,0.6556
Dataset_2,Left,MLP,899,19,26,21,8,0.6081,0.7037,0.5532,0.5672,0.7163
Dataset_2,Left,MLP,900,16,36,10,12,0.7027,0.5714,0.7826,0.5926,0.7655
Dataset_2,Left,MLP,901,19,34,10,11,0.7162,0.6333,0.7727,0.6441,0.7508
Dataset_2,Left,MLP,902,17,30,19,8,0.6351,0.68,0.6122,0.5574,0.7445
Dataset_2,Left,MLP,903,4,37,22,11,0.5541,0.2667,0.6271,0.1951,0.574
Dataset_2,Left,MLP,904,14,32,20,8,0.6216,0.6364,0.6154,0.5,0.7517
Dataset_2,Left,MLP,905,17,29,18,10,0.6216,0.6296,0.617,0.5484,0.7723
Dataset_2,Left,MLP,906,12,40,14,8,0.7027,0.6,0.7407,0.5217,0.762
Dataset_2,Left,MLP,907,15,31,19,9,0.6216,0.625,0.62,0.5172,0.6625
Dataset_2,Left,MLP,908,11,35,14,14,0.6216,0.44,0.7143,0.44,0.7053
Dataset_2,Left,MLP,909,14,39,12,9,0.7162,0.6087,0.7647,0.5714,0.786
Dataset_2,Left,MLP,910,17,37,13,7,0.7297,0.7083,0.74,0.6296,0.815
Dataset_2,Left,MLP,911,16,38,14,6,0.7297,0.7273,0.7308,0.6154,0.8566
Dataset_2,Left,MLP,912,10,38,17,9,0.6486,0.5263,0.6909,0.4348,0.7828
Dataset_2,Left,MLP,913,19,34,13,8,0.7162,0.7037,0.7234,0.6441,0.7983
Dataset_2,Left,MLP,914,16,32,13,13,0.6486,0.5517,0.7111,0.5517,0.718
Dataset_2,Left,MLP,915,12,26,19,17,0.5135,0.4138,0.5778,0.4,0.6046
Dataset_2,Left,MLP,916,19,26,17,12,0.6081,0.6129,0.6047,0.5672,0.6767
Dataset_2,Left,MLP,917,14,33,19,8,0.6351,0.6364,0.6346,0.5091,0.7526
Dataset_2,Left,MLP,918,20,28,17,9,0.6486,0.6897,0.6222,0.6061,0.7318
Dataset_2,Left,MLP,919,12,37,16,9,0.6622,0.5714,0.6981,0.4898,0.7475
Dataset_2,Left,MLP,920,14,35,20,5,0.6622,0.7368,0.6364,0.5283,0.7799
Dataset_2,Left,MLP,921,18,33,14,9,0.6892,0.6667,0.7021,0.6102,0.777
Dataset_2,Left,MLP,922,15,33,18,8,0.6486,0.6522,0.6471,0.5357,0.7221
Dataset_2,Left,MLP,923,25,28,10,11,0.7162,0.6944,0.7368,0.7042,0.8151
Dataset_2,Left,MLP,924,19,32,16,7,0.6892,0.7308,0.6667,0.623,0.7917
Dataset_2,Left,MLP,925,11,41,12,10,0.7027,0.5238,0.7736,0.5,0.761
Dataset_2,Left,MLP,926,15,28,20,11,0.5811,0.5769,0.5833,0.4918,0.7252
Dataset_2,Left,MLP,927,13,36,15,10,0.6622,0.5652,0.7059,0.5098,0.786
Dataset_2,Left,MLP,928,26,27,11,10,0.7162,0.7222,0.7105,0.7123,0.8363
Dataset_2,Left,MLP,929,13,31,20,10,0.5946,0.5652,0.6078,0.4643,0.7562
Dataset_2,Left,MLP,930,12,36,17,9,0.6486,0.5714,0.6792,0.48,0.735
Dataset_2,Left,MLP,931,18,33,16,7,0.6892,0.72,0.6735,0.6102,0.8343
Dataset_2,Left,MLP,932,20,30,13,11,0.6757,0.6452,0.6977,0.625,0.7854
Dataset_2,Left,MLP,933,16,35,17,6,0.6892,0.7273,0.6731,0.5818,0.7893
Dataset_2,Left,MLP,934,12,40,10,12,0.7027,0.5,0.8,0.5217,0.725
Dataset_2,Left,MLP,935,16,36,13,9,0.7027,0.64,0.7347,0.5926,0.809
Dataset_2,Left,MLP,936,15,34,14,11,0.6622,0.5769,0.7083,0.5455,0.7812
Dataset_2,Left,MLP,937,22,35,10,7,0.7703,0.7586,0.7778,0.7213,0.8766
Dataset_2,Left,MLP,938,30,21,17,6,0.6892,0.8333,0.5526,0.7229,0.6974
Dataset_2,Left,MLP,939,21,24,22,7,0.6081,0.75,0.5217,0.5915,0.7609
Dataset_2,Left,MLP,940,21,34,8,11,0.7432,0.6562,0.8095,0.6885,0.7872
Dataset_2,Left,MLP,941,18,27,15,14,0.6081,0.5625,0.6429,0.5538,0.724
Dataset_2,Left,MLP,942,17,32,13,12,0.6622,0.5862,0.7111,0.5763,0.777
Dataset_2,Left,MLP,943,13,36,14,11,0.6622,0.5417,0.72,0.5098,0.7517
Dataset_2,Left,MLP,944,10,34,14,16,0.5946,0.3846,0.7083,0.4,0.6859
Dataset_2,Left,MLP,945,20,34,14,6,0.7297,0.7692,0.7083,0.6667,0.8197
Dataset_2,Left,MLP,946,14,29,22,9,0.5811,0.6087,0.5686,0.4746,0.7144
Dataset_2,Left,MLP,947,15,27,24,8,0.5676,0.6522,0.5294,0.4839,0.7212
Dataset_2,Left,MLP,948,21,28,12,13,0.6622,0.6176,0.7,0.6269,0.814
Dataset_2,Left,MLP,949,16,35,13,10,0.6892,0.6154,0.7292,0.5818,0.7452
Dataset_2,Left,MLP,950,22,27,20,5,0.6622,0.8148,0.5745,0.6377,0.777
Dataset_2,Left,MLP,951,13,35,17,9,0.6486,0.5909,0.6731,0.5,0.7404
Dataset_2,Left,MLP,952,19,33,17,5,0.7027,0.7917,0.66,0.6333,0.815
Dataset_2,Left,MLP,953,12,36,14,12,0.6486,0.5,0.72,0.48,0.7767
Dataset_2,Left,MLP,954,15,26,21,12,0.5541,0.5556,0.5532,0.4762,0.7486
Dataset_2,Left,MLP,955,23,32,11,8,0.7432,0.7419,0.7442,0.7077,0.8507
Dataset_2,Left,MLP,956,24,27,13,10,0.6892,0.7059,0.675,0.6761,0.8243
Dataset_2,Left,MLP,957,14,27,19,14,0.5541,0.5,0.587,0.459,0.6685
Dataset_2,Left,MLP,958,21,38,11,4,0.7973,0.84,0.7755,0.7368,0.8996
Dataset_2,Left,MLP,959,17,29,22,6,0.6216,0.7391,0.5686,0.5484,0.8073
Dataset_2,Left,MLP,960,12,29,17,16,0.5541,0.4286,0.6304,0.4211,0.6592
Dataset_2,Left,MLP,961,10,33,23,8,0.5811,0.5556,0.5893,0.3922,0.6627
Dataset_2,Left,MLP,962,12,34,16,12,0.6216,0.5,0.68,0.4615,0.7017
Dataset_2,Left,MLP,963,8,35,21,10,0.5811,0.4444,0.625,0.3404,0.7004
Dataset_2,Left,MLP,964,23,23,18,10,0.6216,0.697,0.561,0.6216,0.7295
Dataset_2,Left,MLP,965,15,26,24,9,0.5541,0.625,0.52,0.4762,0.7108
Dataset_2,Left,MLP,966,14,35,21,4,0.6622,0.7778,0.625,0.5283,0.7669
Dataset_2,Left,MLP,967,17,34,12,11,0.6892,0.6071,0.7391,0.5965,0.7702
Dataset_2,Left,MLP,968,15,32,16,11,0.6351,0.5769,0.6667,0.5263,0.7444
Dataset_2,Left,MLP,969,17,40,11,6,0.7703,0.7391,0.7843,0.6667,0.8789
Dataset_2,Left,MLP,970,16,38,11,9,0.7297,0.64,0.7755,0.6154,0.7829
Dataset_2,Left,MLP,971,18,38,7,11,0.7568,0.6207,0.8444,0.6667,0.8038
Dataset_2,Left,MLP,972,13,34,15,12,0.6351,0.52,0.6939,0.4906,0.7045
Dataset_2,Left,MLP,973,14,35,15,10,0.6622,0.5833,0.7,0.5283,0.7192
Dataset_2,Left,MLP,974,14,37,11,12,0.6892,0.5385,0.7708,0.549,0.7628
Dataset_2,Left,MLP,975,22,27,13,12,0.6622,0.6471,0.675,0.6377,0.7801
Dataset_2,Left,MLP,976,18,38,10,8,0.7568,0.6923,0.7917,0.6667,0.8534
Dataset_2,Left,MLP,977,15,39,14,6,0.7297,0.7143,0.7358,0.6,0.8293
Dataset_2,Left,MLP,978,14,27,17,16,0.5541,0.4667,0.6136,0.459,0.6348
Dataset_2,Left,MLP,979,19,33,12,10,0.7027,0.6552,0.7333,0.6333,0.751
Dataset_2,Left,MLP,980,22,29,12,11,0.6892,0.6667,0.7073,0.6567,0.8115
Dataset_2,Left,MLP,981,13,25,21,15,0.5135,0.4643,0.5435,0.4194,0.6491
Dataset_2,Left,MLP,982,22,32,11,9,0.7297,0.7097,0.7442,0.6875,0.8612
Dataset_2,Left,MLP,983,13,32,17,12,0.6081,0.52,0.6531,0.4727,0.6914
Dataset_2,Left,MLP,984,14,30,19,11,0.5946,0.56,0.6122,0.4828,0.6465
Dataset_2,Left,MLP,985,14,32,17,11,0.6216,0.56,0.6531,0.5,0.6784
Dataset_2,Left,MLP,986,20,34,14,6,0.7297,0.7692,0.7083,0.6667,0.8277
Dataset_2,Left,MLP,987,21,28,12,13,0.6622,0.6176,0.7,0.6269,0.7846
Dataset_2,Left,MLP,988,14,35,19,6,0.6622,0.7,0.6481,0.5283,0.7981
Dataset_2,Left,MLP,989,19,25,16,14,0.5946,0.5758,0.6098,0.5588,0.6962
Dataset_2,Left,MLP,990,17,33,13,11,0.6757,0.6071,0.7174,0.5862,0.7748
Dataset_2,Left,MLP,991,17,31,15,11,0.6486,0.6071,0.6739,0.5667,0.7484
Dataset_2,Left,MLP,992,15,32,19,8,0.6351,0.6522,0.6275,0.5263,0.7246
Dataset_2,Left,MLP,993,19,27,13,15,0.6216,0.5588,0.675,0.5758,0.7272
Dataset_2,Left,MLP,994,13,32,17,12,0.6081,0.52,0.6531,0.4727,0.7576
Dataset_2,Left,MLP,995,10,35,18,11,0.6081,0.4762,0.6604,0.4082,0.7071
Dataset_2,Left,MLP,996,15,36,16,7,0.6892,0.6818,0.6923,0.566,0.7841
Dataset_2,Left,MLP,997,11,33,22,8,0.5946,0.5789,0.6,0.4231,0.6555
Dataset_2,Left,MLP,998,16,34,12,12,0.6757,0.5714,0.7391,0.5714,0.8339
Dataset_2,Left,MLP,999,19,28,16,11,0.6351,0.6333,0.6364,0.5846,0.7598
Dataset_2,Left,MLP,1000,13,36,18,7,0.6622,0.65,0.6667,0.5098,0.6731
Dataset_2,Left,ResNet (Standard),1,23,28,14,9,0.6892,0.7188,0.6667,0.6667,0.7463
Dataset_2,Left,ResNet (Standard),2,18,35,16,5,0.7162,0.7826,0.6863,0.6316,0.7954
Dataset_2,Left,ResNet (Standard),3,20,29,17,8,0.6622,0.7143,0.6304,0.6154,0.7096
Dataset_2,Left,ResNet (Standard),4,16,35,15,8,0.6892,0.6667,0.7,0.5818,0.7217
Dataset_2,Left,ResNet (Standard),5,24,33,12,5,0.7703,0.8276,0.7333,0.7385,0.8192
Dataset_2,Left,ResNet (Standard),6,10,33,18,13,0.5811,0.4348,0.6471,0.3922,0.6411
Dataset_2,Left,ResNet (Standard),7,19,34,11,10,0.7162,0.6552,0.7556,0.6441,0.8498
Dataset_2,Left,ResNet (Standard),8,13,33,21,7,0.6216,0.65,0.6111,0.4815,0.6148
Dataset_2,Left,ResNet (Standard),9,19,30,19,6,0.6622,0.76,0.6122,0.6032,0.7535
Dataset_2,Left,ResNet (Standard),10,17,39,7,11,0.7568,0.6071,0.8478,0.6538,0.7671
Dataset_2,Left,ResNet (Standard),11,20,30,12,12,0.6757,0.625,0.7143,0.625,0.718
Dataset_2,Left,ResNet (Standard),12,14,36,19,5,0.6757,0.7368,0.6545,0.5385,0.7445
Dataset_2,Left,ResNet (Standard),13,21,36,10,7,0.7703,0.75,0.7826,0.7119,0.837
Dataset_2,Left,ResNet (Standard),14,13,42,14,5,0.7432,0.7222,0.75,0.5778,0.7917
Dataset_2,Left,ResNet (Standard),15,22,29,18,5,0.6892,0.8148,0.617,0.6567,0.7604
Dataset_2,Left,ResNet (Standard),16,26,27,15,6,0.7162,0.8125,0.6429,0.7123,0.753
Dataset_2,Left,ResNet (Standard),17,15,34,19,6,0.6622,0.7143,0.6415,0.5455,0.6514
Dataset_2,Left,ResNet (Standard),18,16,36,12,10,0.7027,0.6154,0.75,0.5926,0.7532
Dataset_2,Left,ResNet (Standard),19,14,36,16,8,0.6757,0.6364,0.6923,0.5385,0.7115
Dataset_2,Left,ResNet (Standard),20,18,39,8,9,0.7703,0.6667,0.8298,0.6792,0.8471
Dataset_2,Left,ResNet (Standard),21,16,36,15,7,0.7027,0.6957,0.7059,0.5926,0.6837
Dataset_2,Left,ResNet (Standard),22,18,33,16,7,0.6892,0.72,0.6735,0.6102,0.7878
Dataset_2,Left,ResNet (Standard),23,24,32,12,6,0.7568,0.8,0.7273,0.7273,0.7955
Dataset_2,Left,ResNet (Standard),24,13,41,11,9,0.7297,0.5909,0.7885,0.5652,0.7395
Dataset_2,Left,ResNet (Standard),25,13,39,15,7,0.7027,0.65,0.7222,0.5417,0.7157
Dataset_2,Left,ResNet (Standard),26,16,38,10,10,0.7297,0.6154,0.7917,0.6154,0.7636
Dataset_2,Left,ResNet (Standard),27,16,40,10,8,0.7568,0.6667,0.8,0.64,0.7467
Dataset_2,Left,ResNet (Standard),28,25,20,18,11,0.6081,0.6944,0.5263,0.6329,0.6477
Dataset_2,Left,ResNet (Standard),29,15,38,14,7,0.7162,0.6818,0.7308,0.5882,0.8059
Dataset_2,Left,ResNet (Standard),30,16,38,14,6,0.7297,0.7273,0.7308,0.6154,0.8252
Dataset_2,Left,ResNet (Standard),31,18,31,19,6,0.6622,0.75,0.62,0.5902,0.7575
Dataset_2,Left,ResNet (Standard),32,14,38,14,8,0.7027,0.6364,0.7308,0.56,0.7281
Dataset_2,Left,ResNet (Standard),33,19,34,11,10,0.7162,0.6552,0.7556,0.6441,0.7648
Dataset_2,Left,ResNet (Standard),34,17,40,10,7,0.7703,0.7083,0.8,0.6667,0.7908
Dataset_2,Left,ResNet (Standard),35,21,29,18,6,0.6757,0.7778,0.617,0.6364,0.7683
Dataset_2,Left,ResNet (Standard),36,19,32,14,9,0.6892,0.6786,0.6957,0.623,0.7438
Dataset_2,Left,ResNet (Standard),37,19,33,19,3,0.7027,0.8636,0.6346,0.6333,0.7771
Dataset_2,Left,ResNet (Standard),38,20,32,17,5,0.7027,0.8,0.6531,0.6452,0.8171
Dataset_2,Left,ResNet (Standard),39,19,33,12,10,0.7027,0.6552,0.7333,0.6333,0.7693
Dataset_2,Left,ResNet (Standard),40,16,32,11,15,0.6486,0.5161,0.7442,0.5517,0.6962
Dataset_2,Left,ResNet (Standard),41,14,36,17,7,0.6757,0.6667,0.6792,0.5385,0.7493
Dataset_2,Left,ResNet (Standard),42,17,32,15,10,0.6622,0.6296,0.6809,0.5763,0.6761
Dataset_2,Left,ResNet (Standard),43,19,33,11,11,0.7027,0.6333,0.75,0.6333,0.8038
Dataset_2,Left,ResNet (Standard),44,18,34,16,6,0.7027,0.75,0.68,0.6207,0.7858
Dataset_2,Left,ResNet (Standard),45,22,31,15,6,0.7162,0.7857,0.6739,0.6769,0.7927
Dataset_2,Left,ResNet (Standard),46,18,27,21,8,0.6081,0.6923,0.5625,0.5538,0.6466
Dataset_2,Left,ResNet (Standard),47,17,32,18,7,0.6622,0.7083,0.64,0.5763,0.7275
Dataset_2,Left,ResNet (Standard),48,20,36,13,5,0.7568,0.8,0.7347,0.6897,0.7559
Dataset_2,Left,ResNet (Standard),49,18,35,11,10,0.7162,0.6429,0.7609,0.6316,0.7803
Dataset_2,Left,ResNet (Standard),50,20,34,12,8,0.7297,0.7143,0.7391,0.6667,0.8028
Dataset_2,Left,ResNet (Standard),51,16,35,16,7,0.6892,0.6957,0.6863,0.5818,0.7315
Dataset_2,Left,ResNet (Standard),52,16,38,14,6,0.7297,0.7273,0.7308,0.6154,0.8191
Dataset_2,Left,ResNet (Standard),53,23,32,10,9,0.7432,0.7188,0.7619,0.7077,0.8088
Dataset_2,Left,ResNet (Standard),54,11,35,11,17,0.6216,0.3929,0.7609,0.44,0.6537
Dataset_2,Left,ResNet (Standard),55,19,34,15,6,0.7162,0.76,0.6939,0.6441,0.7902
Dataset_2,Left,ResNet (Standard),56,26,30,10,8,0.7568,0.7647,0.75,0.7429,0.7632
Dataset_2,Left,ResNet (Standard),57,20,27,15,12,0.6351,0.625,0.6429,0.597,0.6875
Dataset_2,Left,ResNet (Standard),58,17,34,14,9,0.6892,0.6538,0.7083,0.5965,0.7252
Dataset_2,Left,ResNet (Standard),59,18,32,13,11,0.6757,0.6207,0.7111,0.6,0.7126
Dataset_2,Left,ResNet (Standard),60,17,30,20,7,0.6351,0.7083,0.6,0.5574,0.7
Dataset_2,Left,ResNet (Standard),61,20,31,13,10,0.6892,0.6667,0.7045,0.6349,0.7121
Dataset_2,Left,ResNet (Standard),62,19,38,13,4,0.7703,0.8261,0.7451,0.6909,0.8389
Dataset_2,Left,ResNet (Standard),63,16,39,11,8,0.7432,0.6667,0.78,0.6275,0.735
Dataset_2,Left,ResNet (Standard),64,18,36,14,6,0.7297,0.75,0.72,0.6429,0.7883
Dataset_2,Left,ResNet (Standard),65,21,30,14,9,0.6892,0.7,0.6818,0.6462,0.7364
Dataset_2,Left,ResNet (Standard),66,12,36,16,10,0.6486,0.5455,0.6923,0.48,0.7037
Dataset_2,Left,ResNet (Standard),67,12,38,14,10,0.6757,0.5455,0.7308,0.5,0.7308
Dataset_2,Left,ResNet (Standard),68,20,32,18,4,0.7027,0.8333,0.64,0.6452,0.7858
Dataset_2,Left,ResNet (Standard),69,15,35,16,8,0.6757,0.6522,0.6863,0.5556,0.728
Dataset_2,Left,ResNet (Standard),70,21,30,14,9,0.6892,0.7,0.6818,0.6462,0.7811
Dataset_2,Left,ResNet (Standard),71,23,31,9,11,0.7297,0.6765,0.775,0.697,0.7529
Dataset_2,Left,ResNet (Standard),72,16,39,12,7,0.7432,0.6957,0.7647,0.6275,0.7323
Dataset_2,Left,ResNet (Standard),73,24,26,15,9,0.6757,0.7273,0.6341,0.6667,0.7051
Dataset_2,Left,ResNet (Standard),74,16,39,12,7,0.7432,0.6957,0.7647,0.6275,0.8107
Dataset_2,Left,ResNet (Standard),75,12,35,13,14,0.6351,0.4615,0.7292,0.4706,0.6226
Dataset_2,Left,ResNet (Standard),76,21,26,20,7,0.6351,0.75,0.5652,0.6087,0.7624
Dataset_2,Left,ResNet (Standard),77,22,29,20,3,0.6892,0.88,0.5918,0.6567,0.7584
Dataset_2,Left,ResNet (Standard),78,24,34,8,8,0.7838,0.75,0.8095,0.75,0.7954
Dataset_2,Left,ResNet (Standard),79,23,36,8,7,0.7973,0.7667,0.8182,0.7541,0.8432
Dataset_2,Left,ResNet (Standard),80,14,33,18,9,0.6351,0.6087,0.6471,0.5091,0.6479
Dataset_2,Left,ResNet (Standard),81,15,40,9,10,0.7432,0.6,0.8163,0.6122,0.7045
Dataset_2,Left,ResNet (Standard),82,13,42,12,7,0.7432,0.65,0.7778,0.5778,0.6843
Dataset_2,Left,ResNet (Standard),83,16,34,12,12,0.6757,0.5714,0.7391,0.5714,0.7003
Dataset_2,Left,ResNet (Standard),84,20,29,14,11,0.6622,0.6452,0.6744,0.6154,0.6954
Dataset_2,Left,ResNet (Standard),85,20,32,11,11,0.7027,0.6452,0.7442,0.6452,0.7479
Dataset_2,Left,ResNet (Standard),86,17,31,22,4,0.6486,0.8095,0.5849,0.5667,0.7934
Dataset_2,Left,ResNet (Standard),87,19,34,14,7,0.7162,0.7308,0.7083,0.6441,0.7508
Dataset_2,Left,ResNet (Standard),88,21,28,15,10,0.6622,0.6774,0.6512,0.6269,0.7082
Dataset_2,Left,ResNet (Standard),89,14,31,16,13,0.6081,0.5185,0.6596,0.4912,0.6769
Dataset_2,Left,ResNet (Standard),90,16,37,11,10,0.7162,0.6154,0.7708,0.6038,0.7308
Dataset_2,Left,ResNet (Standard),91,17,31,15,11,0.6486,0.6071,0.6739,0.5667,0.6685
Dataset_2,Left,ResNet (Standard),92,18,38,9,9,0.7568,0.6667,0.8085,0.6667,0.8416
Dataset_2,Left,ResNet (Standard),93,16,38,13,7,0.7297,0.6957,0.7451,0.6154,0.8065
Dataset_2,Left,ResNet (Standard),94,13,39,17,5,0.7027,0.7222,0.6964,0.5417,0.8135
Dataset_2,Left,ResNet (Standard),95,17,33,15,9,0.6757,0.6538,0.6875,0.5862,0.742
Dataset_2,Left,ResNet (Standard),96,15,41,13,5,0.7568,0.75,0.7593,0.625,0.8139
Dataset_2,Left,ResNet (Standard),97,21,34,13,6,0.7432,0.7778,0.7234,0.6885,0.8266
Dataset_2,Left,ResNet (Standard),98,16,33,16,9,0.6622,0.64,0.6735,0.5614,0.7347
Dataset_2,Left,ResNet (Standard),99,22,25,18,9,0.6351,0.7097,0.5814,0.6197,0.7517
Dataset_2,Left,ResNet (Standard),100,19,38,12,5,0.7703,0.7917,0.76,0.6909,0.7933
Dataset_2,Left,ResNet (Standard),101,24,34,7,9,0.7838,0.7273,0.8293,0.75,0.7731
Dataset_2,Left,ResNet (Standard),102,17,35,14,8,0.7027,0.68,0.7143,0.6071,0.7543
Dataset_2,Left,ResNet (Standard),103,24,37,8,5,0.8243,0.8276,0.8222,0.7869,0.8575
Dataset_2,Left,ResNet (Standard),104,14,42,12,6,0.7568,0.7,0.7778,0.6087,0.7731
Dataset_2,Left,ResNet (Standard),105,15,44,10,5,0.7973,0.75,0.8148,0.6667,0.85
Dataset_2,Left,ResNet (Standard),106,22,29,14,9,0.6892,0.7097,0.6744,0.6567,0.7382
Dataset_2,Left,ResNet (Standard),107,24,27,17,6,0.6892,0.8,0.6136,0.6761,0.7598
Dataset_2,Left,ResNet (Standard),108,19,34,12,9,0.7162,0.6786,0.7391,0.6441,0.7329
Dataset_2,Left,ResNet (Standard),109,19,32,14,9,0.6892,0.6786,0.6957,0.623,0.7585
Dataset_2,Left,ResNet (Standard),110,17,37,12,8,0.7297,0.68,0.7551,0.6296,0.7118
Dataset_2,Left,ResNet (Standard),111,19,33,17,5,0.7027,0.7917,0.66,0.6333,0.7642
Dataset_2,Left,ResNet (Standard),112,16,40,10,8,0.7568,0.6667,0.8,0.64,0.8283
Dataset_2,Left,ResNet (Standard),113,16,42,9,7,0.7838,0.6957,0.8235,0.6667,0.7383
Dataset_2,Left,ResNet (Standard),114,28,28,13,5,0.7568,0.8485,0.6829,0.7568,0.7857
Dataset_2,Left,ResNet (Standard),115,19,30,16,9,0.6622,0.6786,0.6522,0.6032,0.7189
Dataset_2,Left,ResNet (Standard),116,16,32,16,10,0.6486,0.6154,0.6667,0.5517,0.6819
Dataset_2,Left,ResNet (Standard),117,18,40,12,4,0.7838,0.8182,0.7692,0.6923,0.8094
Dataset_2,Left,ResNet (Standard),118,15,33,22,4,0.6486,0.7895,0.6,0.5357,0.7713
Dataset_2,Left,ResNet (Standard),119,22,26,18,8,0.6486,0.7333,0.5909,0.6286,0.7371
Dataset_2,Left,ResNet (Standard),120,21,31,15,7,0.7027,0.75,0.6739,0.6562,0.7508
Dataset_2,Left,ResNet (Standard),121,16,40,16,2,0.7568,0.8889,0.7143,0.64,0.8204
Dataset_2,Left,ResNet (Standard),122,19,37,11,7,0.7568,0.7308,0.7708,0.6786,0.774
Dataset_2,Left,ResNet (Standard),123,14,35,15,10,0.6622,0.5833,0.7,0.5283,0.7333
Dataset_2,Left,ResNet (Standard),124,16,29,21,8,0.6081,0.6667,0.58,0.5246,0.7333
Dataset_2,Left,ResNet (Standard),125,15,35,18,6,0.6757,0.7143,0.6604,0.5556,0.7511
Dataset_2,Left,ResNet (Standard),126,20,32,16,6,0.7027,0.7692,0.6667,0.6452,0.7003
Dataset_2,Left,ResNet (Standard),127,24,35,10,5,0.7973,0.8276,0.7778,0.7619,0.8475
Dataset_2,Left,ResNet (Standard),128,18,33,19,4,0.6892,0.8182,0.6346,0.6102,0.8164
Dataset_2,Left,ResNet (Standard),129,22,38,9,5,0.8108,0.8148,0.8085,0.7586,0.8574
Dataset_2,Left,ResNet (Standard),130,17,33,16,8,0.6757,0.68,0.6735,0.5862,0.8114
Dataset_2,Left,ResNet (Standard),131,17,27,17,13,0.5946,0.5667,0.6136,0.5312,0.6152
Dataset_2,Left,ResNet (Standard),132,24,27,21,2,0.6892,0.9231,0.5625,0.6761,0.8253
Dataset_2,Left,ResNet (Standard),133,23,31,12,8,0.7297,0.7419,0.7209,0.697,0.7982
Dataset_2,Left,ResNet (Standard),134,13,38,12,11,0.6892,0.5417,0.76,0.5306,0.7075
Dataset_2,Left,ResNet (Standard),135,18,38,12,6,0.7568,0.75,0.76,0.6667,0.8083
Dataset_2,Left,ResNet (Standard),136,17,40,10,7,0.7703,0.7083,0.8,0.6667,0.7842
Dataset_2,Left,ResNet (Standard),137,21,32,10,11,0.7162,0.6562,0.7619,0.6667,0.7515
Dataset_2,Left,ResNet (Standard),138,15,34,16,9,0.6622,0.625,0.68,0.5455,0.7375
Dataset_2,Left,ResNet (Standard),139,16,30,19,9,0.6216,0.64,0.6122,0.5333,0.6359
Dataset_2,Left,ResNet (Standard),140,22,33,12,7,0.7432,0.7586,0.7333,0.6984,0.8199
Dataset_2,Left,ResNet (Standard),141,15,35,15,9,0.6757,0.625,0.7,0.5556,0.71
Dataset_2,Left,ResNet (Standard),142,21,28,19,6,0.6622,0.7778,0.5957,0.6269,0.7841
Dataset_2,Left,ResNet (Standard),143,18,34,15,7,0.7027,0.72,0.6939,0.6207,0.7437
Dataset_2,Left,ResNet (Standard),144,18,29,15,12,0.6351,0.6,0.6591,0.5714,0.7015
Dataset_2,Left,ResNet (Standard),145,19,31,15,9,0.6757,0.6786,0.6739,0.6129,0.6638
Dataset_2,Left,ResNet (Standard),146,14,39,16,5,0.7162,0.7368,0.7091,0.5714,0.7914
Dataset_2,Left,ResNet (Standard),147,15,41,11,7,0.7568,0.6818,0.7885,0.625,0.7753
Dataset_2,Left,ResNet (Standard),148,19,36,14,5,0.7432,0.7917,0.72,0.6667,0.8592
Dataset_2,Left,ResNet (Standard),149,19,33,14,8,0.7027,0.7037,0.7021,0.6333,0.7636
Dataset_2,Left,ResNet (Standard),150,11,45,13,5,0.7568,0.6875,0.7759,0.55,0.7629
Dataset_2,Left,ResNet (Standard),151,18,40,9,7,0.7838,0.72,0.8163,0.6923,0.809
Dataset_2,Left,ResNet (Standard),152,16,34,15,9,0.6757,0.64,0.6939,0.5714,0.6669
Dataset_2,Left,ResNet (Standard),153,21,35,11,7,0.7568,0.75,0.7609,0.7,0.7585
Dataset_2,Left,ResNet (Standard),154,21,31,16,6,0.7027,0.7778,0.6596,0.6562,0.8266
Dataset_2,Left,ResNet (Standard),155,16,32,13,13,0.6486,0.5517,0.7111,0.5517,0.7264
Dataset_2,Left,ResNet (Standard),156,17,36,14,7,0.7162,0.7083,0.72,0.6182,0.7467
Dataset_2,Left,ResNet (Standard),157,18,41,11,4,0.7973,0.8182,0.7885,0.7059,0.8645
Dataset_2,Left,ResNet (Standard),158,21,35,13,5,0.7568,0.8077,0.7292,0.7,0.867
Dataset_2,Left,ResNet (Standard),159,17,39,11,7,0.7568,0.7083,0.78,0.6538,0.8383
Dataset_2,Left,ResNet (Standard),160,14,34,17,9,0.6486,0.6087,0.6667,0.5185,0.6939
Dataset_2,Left,ResNet (Standard),161,16,31,16,11,0.6351,0.5926,0.6596,0.5424,0.6864
Dataset_2,Left,ResNet (Standard),162,19,41,11,3,0.8108,0.8636,0.7885,0.7308,0.8523
Dataset_2,Left,ResNet (Standard),163,15,32,18,9,0.6351,0.625,0.64,0.5263,0.7108
Dataset_2,Left,ResNet (Standard),164,12,43,14,5,0.7432,0.7059,0.7544,0.5581,0.7513
Dataset_2,Left,ResNet (Standard),165,16,32,24,2,0.6486,0.8889,0.5714,0.5517,0.7331
Dataset_2,Left,ResNet (Standard),166,15,41,12,6,0.7568,0.7143,0.7736,0.625,0.7835
Dataset_2,Left,ResNet (Standard),167,18,33,16,7,0.6892,0.72,0.6735,0.6102,0.769
Dataset_2,Left,ResNet (Standard),168,27,31,8,8,0.7838,0.7714,0.7949,0.7714,0.8183
Dataset_2,Left,ResNet (Standard),169,19,34,15,6,0.7162,0.76,0.6939,0.6441,0.7665
Dataset_2,Left,ResNet (Standard),170,23,29,14,8,0.7027,0.7419,0.6744,0.6765,0.7794
Dataset_2,Left,ResNet (Standard),171,18,34,15,7,0.7027,0.72,0.6939,0.6207,0.7543
Dataset_2,Left,ResNet (Standard),172,13,44,10,7,0.7703,0.65,0.8148,0.6047,0.7593
Dataset_2,Left,ResNet (Standard),173,14,38,12,10,0.7027,0.5833,0.76,0.56,0.7508
Dataset_2,Left,ResNet (Standard),174,13,40,18,3,0.7162,0.8125,0.6897,0.5532,0.8384
Dataset_2,Left,ResNet (Standard),175,18,37,15,4,0.7432,0.8182,0.7115,0.6545,0.7885
Dataset_2,Left,ResNet (Standard),176,19,33,12,10,0.7027,0.6552,0.7333,0.6333,0.7525
Dataset_2,Left,ResNet (Standard),177,19,29,17,9,0.6486,0.6786,0.6304,0.5937,0.7694
Dataset_2,Left,ResNet (Standard),178,24,34,14,2,0.7838,0.9231,0.7083,0.75,0.8646
Dataset_2,Left,ResNet (Standard),179,20,35,9,10,0.7432,0.6667,0.7955,0.678,0.8182
Dataset_2,Left,ResNet (Standard),180,17,32,21,4,0.6622,0.8095,0.6038,0.5763,0.8014
Dataset_2,Left,ResNet (Standard),181,24,28,18,4,0.7027,0.8571,0.6087,0.6857,0.7896
Dataset_2,Left,ResNet (Standard),182,18,33,15,8,0.6892,0.6923,0.6875,0.6102,0.7131
Dataset_2,Left,ResNet (Standard),183,16,35,17,6,0.6892,0.7273,0.6731,0.5818,0.7561
Dataset_2,Left,ResNet (Standard),184,26,29,15,4,0.7432,0.8667,0.6591,0.7324,0.8159
Dataset_2,Left,ResNet (Standard),185,21,30,15,8,0.6892,0.7241,0.6667,0.6462,0.8023
Dataset_2,Left,ResNet (Standard),186,14,36,16,8,0.6757,0.6364,0.6923,0.5385,0.7902
Dataset_2,Left,ResNet (Standard),187,20,35,13,6,0.7432,0.7692,0.7292,0.678,0.8173
Dataset_2,Left,ResNet (Standard),188,19,38,8,9,0.7703,0.6786,0.8261,0.6909,0.8595
Dataset_2,Left,ResNet (Standard),189,18,38,10,8,0.7568,0.6923,0.7917,0.6667,0.8045
Dataset_2,Left,ResNet (Standard),190,15,36,14,9,0.6892,0.625,0.72,0.566,0.7475
Dataset_2,Left,ResNet (Standard),191,18,29,17,10,0.6351,0.6429,0.6304,0.5714,0.663
Dataset_2,Left,ResNet (Standard),192,12,37,19,6,0.6622,0.6667,0.6607,0.4898,0.7391
Dataset_2,Left,ResNet (Standard),193,22,33,14,5,0.7432,0.8148,0.7021,0.6984,0.8361
Dataset_2,Left,ResNet (Standard),194,18,29,21,6,0.6351,0.75,0.58,0.5714,0.6775
Dataset_2,Left,ResNet (Standard),195,17,36,13,8,0.7162,0.68,0.7347,0.6182,0.6743
Dataset_2,Left,ResNet (Standard),196,14,32,20,8,0.6216,0.6364,0.6154,0.5,0.6888
Dataset_2,Left,ResNet (Standard),197,20,35,10,9,0.7432,0.6897,0.7778,0.678,0.7602
Dataset_2,Left,ResNet (Standard),198,16,39,13,6,0.7432,0.7273,0.75,0.6275,0.7517
Dataset_2,Left,ResNet (Standard),199,17,32,16,9,0.6622,0.6538,0.6667,0.5763,0.7476
Dataset_2,Left,ResNet (Standard),200,22,31,13,8,0.7162,0.7333,0.7045,0.6769,0.7674
Dataset_2,Left,ResNet (Standard),201,21,28,20,5,0.6622,0.8077,0.5833,0.6269,0.6923
Dataset_2,Left,ResNet (Standard),202,13,40,14,7,0.7162,0.65,0.7407,0.5532,0.775
Dataset_2,Left,ResNet (Standard),203,16,37,11,10,0.7162,0.6154,0.7708,0.6038,0.7636
Dataset_2,Left,ResNet (Standard),204,19,32,15,8,0.6892,0.7037,0.6809,0.623,0.7203
Dataset_2,Left,ResNet (Standard),205,16,34,18,6,0.6757,0.7273,0.6538,0.5714,0.7719
Dataset_2,Left,ResNet (Standard),206,21,29,17,7,0.6757,0.75,0.6304,0.6364,0.6887
Dataset_2,Left,ResNet (Standard),207,16,36,16,6,0.7027,0.7273,0.6923,0.5926,0.7264
Dataset_2,Left,ResNet (Standard),208,16,39,15,4,0.7432,0.8,0.7222,0.6275,0.8065
Dataset_2,Left,ResNet (Standard),209,21,36,9,8,0.7703,0.7241,0.8,0.7119,0.813
Dataset_2,Left,ResNet (Standard),210,18,30,14,12,0.6486,0.6,0.6818,0.5806,0.8106
Dataset_2,Left,ResNet (Standard),211,20,30,14,10,0.6757,0.6667,0.6818,0.625,0.7386
Dataset_2,Left,ResNet (Standard),212,17,35,16,6,0.7027,0.7391,0.6863,0.6071,0.7843
Dataset_2,Left,ResNet (Standard),213,14,45,10,5,0.7973,0.7368,0.8182,0.6512,0.7981
Dataset_2,Left,ResNet (Standard),214,15,26,15,18,0.5541,0.4545,0.6341,0.4762,0.6341
Dataset_2,Left,ResNet (Standard),215,21,35,8,10,0.7568,0.6774,0.814,0.7,0.8012
Dataset_2,Left,ResNet (Standard),216,20,39,8,7,0.7973,0.7407,0.8298,0.7273,0.8826
Dataset_2,Left,ResNet (Standard),217,22,32,9,11,0.7297,0.6667,0.7805,0.6875,0.6814
Dataset_2,Left,ResNet (Standard),218,18,35,16,5,0.7162,0.7826,0.6863,0.6316,0.7877
Dataset_2,Left,ResNet (Standard),219,26,30,10,8,0.7568,0.7647,0.75,0.7429,0.8493
Dataset_2,Left,ResNet (Standard),220,19,36,12,7,0.7432,0.7308,0.75,0.6667,0.7893
Dataset_2,Left,ResNet (Standard),221,22,30,16,6,0.7027,0.7857,0.6522,0.6667,0.7422
Dataset_2,Left,ResNet (Standard),222,17,28,8,21,0.6081,0.4474,0.7778,0.5397,0.6747
Dataset_2,Left,ResNet (Standard),223,19,39,7,9,0.7838,0.6786,0.8478,0.7037,0.8377
Dataset_2,Left,ResNet (Standard),224,15,39,9,11,0.7297,0.5769,0.8125,0.6,0.75
Dataset_2,Left,ResNet (Standard),225,15,39,13,7,0.7297,0.6818,0.75,0.6,0.8287
Dataset_2,Left,ResNet (Standard),226,16,28,21,9,0.5946,0.64,0.5714,0.5161,0.6596
Dataset_2,Left,ResNet (Standard),227,22,36,12,4,0.7838,0.8462,0.75,0.7333,0.7756
Dataset_2,Left,ResNet (Standard),228,20,32,10,12,0.7027,0.625,0.7619,0.6452,0.7321
Dataset_2,Left,ResNet (Standard),229,21,28,17,8,0.6622,0.7241,0.6222,0.6269,0.7364
Dataset_2,Left,ResNet (Standard),230,18,29,21,6,0.6351,0.75,0.58,0.5714,0.755
Dataset_2,Left,ResNet (Standard),231,17,33,13,11,0.6757,0.6071,0.7174,0.5862,0.7314
Dataset_2,Left,ResNet (Standard),232,16,33,11,14,0.6622,0.5333,0.75,0.5614,0.6606
Dataset_2,Left,ResNet (Standard),233,21,37,9,7,0.7838,0.75,0.8043,0.7241,0.8036
Dataset_2,Left,ResNet (Standard),234,15,36,15,8,0.6892,0.6522,0.7059,0.566,0.6914
Dataset_2,Left,ResNet (Standard),235,21,31,16,6,0.7027,0.7778,0.6596,0.6562,0.8014
Dataset_2,Left,ResNet (Standard),236,14,32,10,18,0.6216,0.4375,0.7619,0.5,0.7433
Dataset_2,Left,ResNet (Standard),237,13,38,12,11,0.6892,0.5417,0.76,0.5306,0.7792
Dataset_2,Left,ResNet (Standard),238,20,34,13,7,0.7297,0.7407,0.7234,0.6667,0.7983
Dataset_2,Left,ResNet (Standard),239,17,38,10,9,0.7432,0.6538,0.7917,0.6415,0.7244
Dataset_2,Left,ResNet (Standard),240,17,43,12,2,0.8108,0.8947,0.7818,0.7083,0.8804
Dataset_2,Left,ResNet (Standard),241,11,38,20,5,0.6622,0.6875,0.6552,0.4681,0.708
Dataset_2,Left,ResNet (Standard),242,15,39,13,7,0.7297,0.6818,0.75,0.6,0.7517
Dataset_2,Left,ResNet (Standard),243,15,41,12,6,0.7568,0.7143,0.7736,0.625,0.8419
Dataset_2,Left,ResNet (Standard),244,16,38,10,10,0.7297,0.6154,0.7917,0.6154,0.7604
Dataset_2,Left,ResNet (Standard),245,17,33,16,8,0.6757,0.68,0.6735,0.5862,0.7657
Dataset_2,Left,ResNet (Standard),246,21,33,9,11,0.7297,0.6562,0.7857,0.6774,0.8266
Dataset_2,Left,ResNet (Standard),247,18,38,8,10,0.7568,0.6429,0.8261,0.6667,0.7508
Dataset_2,Left,ResNet (Standard),248,14,33,16,11,0.6351,0.56,0.6735,0.5091,0.7608
Dataset_2,Left,ResNet (Standard),249,18,32,16,8,0.6757,0.6923,0.6667,0.6,0.7821
Dataset_2,Left,ResNet (Standard),250,16,27,19,12,0.5811,0.5714,0.587,0.5079,0.6475
Dataset_2,Left,ResNet (Standard),251,13,33,17,11,0.6216,0.5417,0.66,0.4815,0.65
Dataset_2,Left,ResNet (Standard),252,18,27,23,6,0.6081,0.75,0.54,0.5538,0.7067
Dataset_2,Left,ResNet (Standard),253,26,25,14,9,0.6892,0.7429,0.641,0.6933,0.7656
Dataset_2,Left,ResNet (Standard),254,14,35,19,6,0.6622,0.7,0.6481,0.5283,0.7759
Dataset_2,Left,ResNet (Standard),255,16,28,18,12,0.5946,0.5714,0.6087,0.5161,0.684
Dataset_2,Left,ResNet (Standard),256,12,32,23,7,0.5946,0.6316,0.5818,0.4444,0.645
Dataset_2,Left,ResNet (Standard),257,15,38,12,9,0.7162,0.625,0.76,0.5882,0.7717
Dataset_2,Left,ResNet (Standard),258,12,41,12,9,0.7162,0.5714,0.7736,0.5333,0.7565
Dataset_2,Left,ResNet (Standard),259,17,39,15,3,0.7568,0.85,0.7222,0.6538,0.812
Dataset_2,Left,ResNet (Standard),260,15,34,18,7,0.6622,0.6818,0.6538,0.5455,0.7456
Dataset_2,Left,ResNet (Standard),261,18,36,11,9,0.7297,0.6667,0.766,0.6429,0.74
Dataset_2,Left,ResNet (Standard),262,17,40,11,6,0.7703,0.7391,0.7843,0.6667,0.8627
Dataset_2,Left,ResNet (Standard),263,18,31,15,10,0.6622,0.6429,0.6739,0.5902,0.6677
Dataset_2,Left,ResNet (Standard),264,20,35,12,7,0.7432,0.7407,0.7447,0.678,0.8479
Dataset_2,Left,ResNet (Standard),265,17,33,17,7,0.6757,0.7083,0.66,0.5862,0.6792
Dataset_2,Left,ResNet (Standard),266,21,27,14,12,0.6486,0.6364,0.6585,0.6176,0.6851
Dataset_2,Left,ResNet (Standard),267,16,31,17,10,0.6351,0.6154,0.6458,0.5424,0.7067
Dataset_2,Left,ResNet (Standard),268,19,34,15,6,0.7162,0.76,0.6939,0.6441,0.7347
Dataset_2,Left,ResNet (Standard),269,19,34,13,8,0.7162,0.7037,0.7234,0.6441,0.7628
Dataset_2,Left,ResNet (Standard),270,19,38,10,7,0.7703,0.7308,0.7917,0.6909,0.7917
Dataset_2,Left,ResNet (Standard),271,18,35,11,10,0.7162,0.6429,0.7609,0.6316,0.7174
Dataset_2,Left,ResNet (Standard),272,25,29,12,8,0.7297,0.7576,0.7073,0.7143,0.8004
Dataset_2,Left,ResNet (Standard),273,19,29,14,12,0.6486,0.6129,0.6744,0.5938,0.7179
Dataset_2,Left,ResNet (Standard),274,16,41,10,7,0.7703,0.6957,0.8039,0.6531,0.8039
Dataset_2,Left,ResNet (Standard),275,16,23,22,13,0.527,0.5517,0.5111,0.4776,0.6276
Dataset_2,Left,ResNet (Standard),276,15,28,19,12,0.5811,0.5556,0.5957,0.4918,0.6533
Dataset_2,Left,ResNet (Standard),277,23,32,14,5,0.7432,0.8214,0.6957,0.7077,0.8742
Dataset_2,Left,ResNet (Standard),278,23,30,14,7,0.7162,0.7667,0.6818,0.6866,0.7614
Dataset_2,Left,ResNet (Standard),279,19,40,8,7,0.7973,0.7308,0.8333,0.717,0.8381
Dataset_2,Left,ResNet (Standard),280,15,44,10,5,0.7973,0.75,0.8148,0.6667,0.875
Dataset_2,Left,ResNet (Standard),281,19,39,10,6,0.7838,0.76,0.7959,0.7037,0.84
Dataset_2,Left,ResNet (Standard),282,23,28,13,10,0.6892,0.697,0.6829,0.6667,0.7258
Dataset_2,Left,ResNet (Standard),283,24,33,12,5,0.7703,0.8276,0.7333,0.7385,0.7755
Dataset_2,Left,ResNet (Standard),284,21,29,12,12,0.6757,0.6364,0.7073,0.6364,0.714
Dataset_2,Left,ResNet (Standard),285,18,35,18,3,0.7162,0.8571,0.6604,0.6316,0.8158
Dataset_2,Left,ResNet (Standard),286,22,30,17,5,0.7027,0.8148,0.6383,0.6667,0.7329
Dataset_2,Left,ResNet (Standard),287,21,31,15,7,0.7027,0.75,0.6739,0.6562,0.75
Dataset_2,Left,ResNet (Standard),288,17,34,17,6,0.6892,0.7391,0.6667,0.5965,0.7315
Dataset_2,Left,ResNet (Standard),289,21,33,13,7,0.7297,0.75,0.7174,0.6774,0.7811
Dataset_2,Left,ResNet (Standard),290,14,42,9,9,0.7568,0.6087,0.8235,0.6087,0.8022
Dataset_2,Left,ResNet (Standard),291,13,32,12,17,0.6081,0.4333,0.7273,0.4727,0.6652
Dataset_2,Left,ResNet (Standard),292,15,31,20,8,0.6216,0.6522,0.6078,0.5172,0.688
Dataset_2,Left,ResNet (Standard),293,10,43,11,10,0.7162,0.5,0.7963,0.4878,0.6898
Dataset_2,Left,ResNet (Standard),294,19,36,11,8,0.7432,0.7037,0.766,0.6667,0.74
Dataset_2,Left,ResNet (Standard),295,16,37,15,6,0.7162,0.7273,0.7115,0.6038,0.8444
Dataset_2,Left,ResNet (Standard),296,20,31,21,2,0.6892,0.9091,0.5962,0.6349,0.7587
Dataset_2,Left,ResNet (Standard),297,16,38,13,7,0.7297,0.6957,0.7451,0.6154,0.7545
Dataset_2,Left,ResNet (Standard),298,11,29,26,8,0.5405,0.5789,0.5273,0.3929,0.5455
Dataset_2,Left,ResNet (Standard),299,16,39,9,10,0.7432,0.6154,0.8125,0.6275,0.7107
Dataset_2,Left,ResNet (Standard),300,16,29,21,8,0.6081,0.6667,0.58,0.5246,0.6933
Dataset_2,Left,ResNet (Standard),301,17,40,13,4,0.7703,0.8095,0.7547,0.6667,0.8176
Dataset_2,Left,ResNet (Standard),302,17,28,20,9,0.6081,0.6538,0.5833,0.5397,0.6835
Dataset_2,Left,ResNet (Standard),303,14,41,12,7,0.7432,0.6667,0.7736,0.5957,0.7853
Dataset_2,Left,ResNet (Standard),304,28,29,12,5,0.7703,0.8485,0.7073,0.7671,0.8012
Dataset_2,Left,ResNet (Standard),305,20,30,10,14,0.6757,0.5882,0.75,0.625,0.7235
Dataset_2,Left,ResNet (Standard),306,18,32,18,6,0.6757,0.75,0.64,0.6,0.7425
Dataset_2,Left,ResNet (Standard),307,16,35,16,7,0.6892,0.6957,0.6863,0.5818,0.8065
Dataset_2,Left,ResNet (Standard),308,24,31,13,6,0.7432,0.8,0.7045,0.7164,0.8159
Dataset_2,Left,ResNet (Standard),309,26,28,14,6,0.7297,0.8125,0.6667,0.7222,0.8103
Dataset_2,Left,ResNet (Standard),310,18,32,16,8,0.6757,0.6923,0.6667,0.6,0.6811
Dataset_2,Left,ResNet (Standard),311,21,27,15,11,0.6486,0.6562,0.6429,0.6176,0.7158
Dataset_2,Left,ResNet (Standard),312,19,30,10,15,0.6622,0.5588,0.75,0.6032,0.7978
Dataset_2,Left,ResNet (Standard),313,16,34,14,10,0.6757,0.6154,0.7083,0.5714,0.6979
Dataset_2,Left,ResNet (Standard),314,19,43,5,7,0.8378,0.7308,0.8958,0.76,0.9271
Dataset_2,Left,ResNet (Standard),315,15,27,22,10,0.5676,0.6,0.551,0.4839,0.6131
Dataset_2,Left,ResNet (Standard),316,19,37,12,6,0.7568,0.76,0.7551,0.6786,0.8629
Dataset_2,Left,ResNet (Standard),317,17,37,14,6,0.7297,0.7391,0.7255,0.6296,0.7724
Dataset_2,Left,ResNet (Standard),318,20,30,16,8,0.6757,0.7143,0.6522,0.625,0.7632
Dataset_2,Left,ResNet (Standard),319,11,39,17,7,0.6757,0.6111,0.6964,0.4783,0.7282
Dataset_2,Left,ResNet (Standard),320,18,37,10,9,0.7432,0.6667,0.7872,0.6545,0.8148
Dataset_2,Left,ResNet (Standard),321,20,33,14,7,0.7162,0.7407,0.7021,0.6557,0.7857
Dataset_2,Left,ResNet (Standard),322,15,34,14,11,0.6622,0.5769,0.7083,0.5455,0.6987
Dataset_2,Left,ResNet (Standard),323,16,32,18,8,0.6486,0.6667,0.64,0.5517,0.7108
Dataset_2,Left,ResNet (Standard),324,19,35,13,7,0.7297,0.7308,0.7292,0.6552,0.7708
Dataset_2,Left,ResNet (Standard),325,13,39,16,6,0.7027,0.6842,0.7091,0.5417,0.7799
Dataset_2,Left,ResNet (Standard),326,18,34,18,4,0.7027,0.8182,0.6538,0.6207,0.7264
Dataset_2,Left,ResNet (Standard),327,14,36,16,8,0.6757,0.6364,0.6923,0.5385,0.6591
Dataset_2,Left,ResNet (Standard),328,19,33,17,5,0.7027,0.7917,0.66,0.6333,0.7442
Dataset_2,Left,ResNet (Standard),329,18,34,15,7,0.7027,0.72,0.6939,0.6207,0.76
Dataset_2,Left,ResNet (Standard),330,19,36,9,10,0.7432,0.6552,0.8,0.6667,0.7617
Dataset_2,Left,ResNet (Standard),331,17,35,13,9,0.7027,0.6538,0.7292,0.6071,0.7796
Dataset_2,Left,ResNet (Standard),332,22,30,17,5,0.7027,0.8148,0.6383,0.6667,0.7628
Dataset_2,Left,ResNet (Standard),333,16,24,20,14,0.5405,0.5333,0.5455,0.4848,0.5894
Dataset_2,Left,ResNet (Standard),334,22,34,9,9,0.7568,0.7097,0.7907,0.7097,0.7187
Dataset_2,Left,ResNet (Standard),335,13,36,15,10,0.6622,0.5652,0.7059,0.5098,0.7511
Dataset_2,Left,ResNet (Standard),336,12,38,15,9,0.6757,0.5714,0.717,0.5,0.7269
Dataset_2,Left,ResNet (Standard),337,16,28,24,6,0.5946,0.7273,0.5385,0.5161,0.729
Dataset_2,Left,ResNet (Standard),338,19,38,10,7,0.7703,0.7308,0.7917,0.6909,0.8093
Dataset_2,Left,ResNet (Standard),339,18,36,12,8,0.7297,0.6923,0.75,0.6429,0.7772
Dataset_2,Left,ResNet (Standard),340,16,34,14,10,0.6757,0.6154,0.7083,0.5714,0.7396
Dataset_2,Left,ResNet (Standard),341,16,41,11,6,0.7703,0.7273,0.7885,0.6531,0.8103
Dataset_2,Left,ResNet (Standard),342,19,29,20,6,0.6486,0.76,0.5918,0.5938,0.711
Dataset_2,Left,ResNet (Standard),343,16,32,16,10,0.6486,0.6154,0.6667,0.5517,0.7228
Dataset_2,Left,ResNet (Standard),344,24,30,14,6,0.7297,0.8,0.6818,0.7059,0.8432
Dataset_2,Left,ResNet (Standard),345,16,41,10,7,0.7703,0.6957,0.8039,0.6531,0.8116
Dataset_2,Left,ResNet (Standard),346,21,34,13,6,0.7432,0.7778,0.7234,0.6885,0.7644
Dataset_2,Left,ResNet (Standard),347,13,39,13,9,0.7027,0.5909,0.75,0.5417,0.7072
Dataset_2,Left,ResNet (Standard),348,14,33,15,12,0.6351,0.5385,0.6875,0.5091,0.6811
Dataset_2,Left,ResNet (Standard),349,15,35,14,10,0.6757,0.6,0.7143,0.5556,0.6433
Dataset_2,Left,ResNet (Standard),350,25,33,10,6,0.7838,0.8065,0.7674,0.7576,0.8342
Dataset_2,Left,ResNet (Standard),351,18,35,14,7,0.7162,0.72,0.7143,0.6316,0.7976
Dataset_2,Left,ResNet (Standard),352,19,32,14,9,0.6892,0.6786,0.6957,0.623,0.7376
Dataset_2,Left,ResNet (Standard),353,13,39,14,8,0.7027,0.619,0.7358,0.5417,0.6873
Dataset_2,Left,ResNet (Standard),354,20,31,14,9,0.6892,0.6897,0.6889,0.6349,0.6897
Dataset_2,Left,ResNet (Standard),355,12,39,11,12,0.6892,0.5,0.78,0.5106,0.6658
Dataset_2,Left,ResNet (Standard),356,19,36,13,6,0.7432,0.76,0.7347,0.6667,0.8163
Dataset_2,Left,ResNet (Standard),357,18,40,10,6,0.7838,0.75,0.8,0.6923,0.8467
Dataset_2,Left,ResNet (Standard),358,9,39,13,13,0.6486,0.4091,0.75,0.4091,0.6486
Dataset_2,Left,ResNet (Standard),359,19,34,15,6,0.7162,0.76,0.6939,0.6441,0.8024
Dataset_2,Left,ResNet (Standard),360,19,34,15,6,0.7162,0.76,0.6939,0.6441,0.791
Dataset_2,Left,ResNet (Standard),361,16,32,13,13,0.6486,0.5517,0.7111,0.5517,0.7027
Dataset_2,Left,ResNet (Standard),362,14,37,16,7,0.6892,0.6667,0.6981,0.549,0.7448
Dataset_2,Left,ResNet (Standard),363,17,37,11,9,0.7297,0.6538,0.7708,0.6296,0.7821
Dataset_2,Left,ResNet (Standard),364,18,37,16,3,0.7432,0.8571,0.6981,0.6545,0.8482
Dataset_2,Left,ResNet (Standard),365,18,37,12,7,0.7432,0.72,0.7551,0.6545,0.791
Dataset_2,Left,ResNet (Standard),366,19,29,14,12,0.6486,0.6129,0.6744,0.5938,0.6707
Dataset_2,Left,ResNet (Standard),367,18,37,13,6,0.7432,0.75,0.74,0.6545,0.7967
Dataset_2,Left,ResNet (Standard),368,18,37,9,10,0.7432,0.6429,0.8043,0.6545,0.7508
Dataset_2,Left,ResNet (Standard),369,17,37,15,5,0.7297,0.7727,0.7115,0.6296,0.8191
Dataset_2,Left,ResNet (Standard),370,24,37,10,3,0.8243,0.8889,0.7872,0.7869,0.8834
Dataset_2,Left,ResNet (Standard),371,22,34,10,8,0.7568,0.7333,0.7727,0.7097,0.8455
Dataset_2,Left,ResNet (Standard),372,14,28,22,10,0.5676,0.5833,0.56,0.4667,0.6225
Dataset_2,Left,ResNet (Standard),373,11,41,16,6,0.7027,0.6471,0.7193,0.5,0.7358
Dataset_2,Left,ResNet (Standard),374,20,36,13,5,0.7568,0.8,0.7347,0.6897,0.8171
Dataset_2,Left,ResNet (Standard),375,18,33,19,4,0.6892,0.8182,0.6346,0.6102,0.792
Dataset_2,Left,ResNet (Standard),376,16,40,9,9,0.7568,0.64,0.8163,0.64,0.8261
Dataset_2,Left,ResNet (Standard),377,16,39,13,6,0.7432,0.7273,0.75,0.6275,0.7526
Dataset_2,Left,ResNet (Standard),378,19,35,14,6,0.7297,0.76,0.7143,0.6552,0.7812
Dataset_2,Left,ResNet (Standard),379,21,34,11,8,0.7432,0.7241,0.7556,0.6885,0.7977
Dataset_2,Left,ResNet (Standard),380,12,45,9,8,0.7703,0.6,0.8333,0.5854,0.7824
Dataset_2,Left,ResNet (Standard),381,11,43,13,7,0.7297,0.6111,0.7679,0.5238,0.7619
Dataset_2,Left,ResNet (Standard),382,21,27,15,11,0.6486,0.6562,0.6429,0.6176,0.683
Dataset_2,Left,ResNet (Standard),383,22,32,9,11,0.7297,0.6667,0.7805,0.6875,0.7849
Dataset_2,Left,ResNet (Standard),384,21,26,15,12,0.6351,0.6364,0.6341,0.6087,0.7014
Dataset_2,Left,ResNet (Standard),385,19,35,13,7,0.7297,0.7308,0.7292,0.6552,0.8133
Dataset_2,Left,ResNet (Standard),386,17,35,12,10,0.7027,0.6296,0.7447,0.6071,0.7778
Dataset_2,Left,ResNet (Standard),387,12,29,24,9,0.5541,0.5714,0.5472,0.4211,0.6927
Dataset_2,Left,ResNet (Standard),388,24,33,13,4,0.7703,0.8571,0.7174,0.7385,0.7717
Dataset_2,Left,ResNet (Standard),389,19,39,12,4,0.7838,0.8261,0.7647,0.7037,0.8227
Dataset_2,Left,ResNet (Standard),390,19,38,8,9,0.7703,0.6786,0.8261,0.6909,0.7616
Dataset_2,Left,ResNet (Standard),391,23,33,14,4,0.7568,0.8519,0.7021,0.7187,0.8125
Dataset_2,Left,ResNet (Standard),392,15,34,16,9,0.6622,0.625,0.68,0.5455,0.7633
Dataset_2,Left,ResNet (Standard),393,24,26,16,8,0.6757,0.75,0.619,0.6667,0.7619
Dataset_2,Left,ResNet (Standard),394,19,36,11,8,0.7432,0.7037,0.766,0.6667,0.7794
Dataset_2,Left,ResNet (Standard),395,13,36,14,11,0.6622,0.5417,0.72,0.5098,0.6517
Dataset_2,Left,ResNet (Standard),396,19,33,10,12,0.7027,0.6129,0.7674,0.6333,0.7907
Dataset_2,Left,ResNet (Standard),397,21,28,15,10,0.6622,0.6774,0.6512,0.6269,0.6729
Dataset_2,Left,ResNet (Standard),398,25,28,13,8,0.7162,0.7576,0.6829,0.7042,0.8071
Dataset_2,Left,ResNet (Standard),399,20,32,17,5,0.7027,0.8,0.6531,0.6452,0.7624
Dataset_2,Left,ResNet (Standard),400,15,39,19,1,0.7297,0.9375,0.6724,0.6,0.8125
Dataset_2,Left,ResNet (Standard),401,17,36,14,7,0.7162,0.7083,0.72,0.6182,0.7483
Dataset_2,Left,ResNet (Standard),402,18,34,12,10,0.7027,0.6429,0.7391,0.6207,0.7197
Dataset_2,Left,ResNet (Standard),403,20,38,10,6,0.7838,0.7692,0.7917,0.7143,0.8165
Dataset_2,Left,ResNet (Standard),404,11,33,18,12,0.5946,0.4783,0.6471,0.4231,0.6556
Dataset_2,Left,ResNet (Standard),405,18,39,9,8,0.7703,0.6923,0.8125,0.6792,0.7764
Dataset_2,Left,ResNet (Standard),406,21,39,9,5,0.8108,0.8077,0.8125,0.75,0.8534
Dataset_2,Left,ResNet (Standard),407,19,32,15,8,0.6892,0.7037,0.6809,0.623,0.7226
Dataset_2,Left,ResNet (Standard),408,20,32,13,9,0.7027,0.6897,0.7111,0.6452,0.7632
Dataset_2,Left,ResNet (Standard),409,24,35,12,3,0.7973,0.8889,0.7447,0.7619,0.8117
Dataset_2,Left,ResNet (Standard),410,19,29,18,8,0.6486,0.7037,0.617,0.5938,0.7281
Dataset_2,Left,ResNet (Standard),411,15,29,16,14,0.5946,0.5172,0.6444,0.5,0.6521
Dataset_2,Left,ResNet (Standard),412,16,38,17,3,0.7297,0.8421,0.6909,0.6154,0.8354
Dataset_2,Left,ResNet (Standard),413,20,32,16,6,0.7027,0.7692,0.6667,0.6452,0.7572
Dataset_2,Left,ResNet (Standard),414,21,31,12,10,0.7027,0.6774,0.7209,0.6562,0.7352
Dataset_2,Left,ResNet (Standard),415,18,41,7,8,0.7973,0.6923,0.8542,0.7059,0.7885
Dataset_2,Left,ResNet (Standard),416,17,32,15,10,0.6622,0.6296,0.6809,0.5763,0.6667
Dataset_2,Left,ResNet (Standard),417,17,37,14,6,0.7297,0.7391,0.7255,0.6296,0.7724
Dataset_2,Left,ResNet (Standard),418,16,34,16,8,0.6757,0.6667,0.68,0.5714,0.71
Dataset_2,Left,ResNet (Standard),419,17,30,17,10,0.6351,0.6296,0.6383,0.5574,0.7021
Dataset_2,Left,ResNet (Standard),420,21,38,10,5,0.7973,0.8077,0.7917,0.7368,0.8261
Dataset_2,Left,ResNet (Standard),421,23,36,9,6,0.7973,0.7931,0.8,0.7541,0.8345
Dataset_2,Left,ResNet (Standard),422,21,38,9,6,0.7973,0.7778,0.8085,0.7368,0.8172
Dataset_2,Left,ResNet (Standard),423,21,37,12,4,0.7838,0.84,0.7551,0.7241,0.8449
Dataset_2,Left,ResNet (Standard),424,16,37,12,9,0.7162,0.64,0.7551,0.6038,0.7747
Dataset_2,Left,ResNet (Standard),425,13,36,14,11,0.6622,0.5417,0.72,0.5098,0.65
Dataset_2,Left,ResNet (Standard),426,16,39,14,5,0.7432,0.7619,0.7358,0.6275,0.7862
Dataset_2,Left,ResNet (Standard),427,23,34,10,7,0.7703,0.7667,0.7727,0.7302,0.822
Dataset_2,Left,ResNet (Standard),428,17,37,14,6,0.7297,0.7391,0.7255,0.6296,0.8005
Dataset_2,Left,ResNet (Standard),429,19,31,15,9,0.6757,0.6786,0.6739,0.6129,0.6918
Dataset_2,Left,ResNet (Standard),430,19,38,11,6,0.7703,0.76,0.7755,0.6909,0.7927
Dataset_2,Left,ResNet (Standard),431,18,29,19,8,0.6351,0.6923,0.6042,0.5714,0.7588
Dataset_2,Left,ResNet (Standard),432,12,31,22,9,0.5811,0.5714,0.5849,0.4364,0.6289
Dataset_2,Left,ResNet (Standard),433,15,39,11,9,0.7297,0.625,0.78,0.6,0.7725
Dataset_2,Left,ResNet (Standard),434,20,29,15,10,0.6622,0.6667,0.6591,0.6154,0.7288
Dataset_2,Left,ResNet (Standard),435,24,36,9,5,0.8108,0.8276,0.8,0.7742,0.8897
Dataset_2,Left,ResNet (Standard),436,13,35,17,9,0.6486,0.5909,0.6731,0.5,0.7037
Dataset_2,Left,ResNet (Standard),437,20,30,17,7,0.6757,0.7407,0.6383,0.625,0.7171
Dataset_2,Left,ResNet (Standard),438,16,42,11,5,0.7838,0.7619,0.7925,0.6667,0.8518
Dataset_2,Left,ResNet (Standard),439,12,31,22,9,0.5811,0.5714,0.5849,0.4364,0.6226
Dataset_2,Left,ResNet (Standard),440,23,33,14,4,0.7568,0.8519,0.7021,0.7187,0.8558
Dataset_2,Left,ResNet (Standard),441,18,31,14,11,0.6622,0.6207,0.6889,0.5902,0.7372
Dataset_2,Left,ResNet (Standard),442,14,38,15,7,0.7027,0.6667,0.717,0.56,0.7484
Dataset_2,Left,ResNet (Standard),443,15,31,20,8,0.6216,0.6522,0.6078,0.5172,0.7221
Dataset_2,Left,ResNet (Standard),444,16,41,15,2,0.7703,0.8889,0.7321,0.6531,0.8839
Dataset_2,Left,ResNet (Standard),445,15,35,16,8,0.6757,0.6522,0.6863,0.5556,0.7485
Dataset_2,Left,ResNet (Standard),446,19,32,18,5,0.6892,0.7917,0.64,0.623,0.7917
Dataset_2,Left,ResNet (Standard),447,21,34,12,7,0.7432,0.75,0.7391,0.6885,0.7671
Dataset_2,Left,ResNet (Standard),448,21,33,13,7,0.7297,0.75,0.7174,0.6774,0.7539
Dataset_2,Left,ResNet (Standard),449,21,29,17,7,0.6757,0.75,0.6304,0.6364,0.6902
Dataset_2,Left,ResNet (Standard),450,23,30,15,6,0.7162,0.7931,0.6667,0.6866,0.7908
Dataset_2,Left,ResNet (Standard),451,12,40,14,8,0.7027,0.6,0.7407,0.5217,0.7083
Dataset_2,Left,ResNet (Standard),452,14,40,13,7,0.7297,0.6667,0.7547,0.5833,0.7862
Dataset_2,Left,ResNet (Standard),453,11,39,15,9,0.6757,0.55,0.7222,0.4783,0.7454
Dataset_2,Left,ResNet (Standard),454,14,29,21,10,0.5811,0.5833,0.58,0.4746,0.6375
Dataset_2,Left,ResNet (Standard),455,11,40,12,11,0.6892,0.5,0.7692,0.4889,0.7177
Dataset_2,Left,ResNet (Standard),456,20,21,22,11,0.5541,0.6452,0.4884,0.5479,0.6347
Dataset_2,Left,ResNet (Standard),457,15,29,17,13,0.5946,0.5357,0.6304,0.5,0.6887
Dataset_2,Left,ResNet (Standard),458,15,34,19,6,0.6622,0.7143,0.6415,0.5455,0.7089
Dataset_2,Left,ResNet (Standard),459,16,31,20,7,0.6351,0.6957,0.6078,0.5424,0.6701
Dataset_2,Left,ResNet (Standard),460,18,38,14,4,0.7568,0.8182,0.7308,0.6667,0.8523
Dataset_2,Left,ResNet (Standard),461,25,35,8,6,0.8108,0.8065,0.814,0.7812,0.8642
Dataset_2,Left,ResNet (Standard),462,15,35,14,10,0.6757,0.6,0.7143,0.5556,0.6931
Dataset_2,Left,ResNet (Standard),463,17,30,16,11,0.6351,0.6071,0.6522,0.5574,0.6949
Dataset_2,Left,ResNet (Standard),464,21,42,7,4,0.8514,0.84,0.8571,0.7925,0.9151
Dataset_2,Left,ResNet (Standard),465,10,40,15,9,0.6757,0.5263,0.7273,0.4545,0.7493
Dataset_2,Left,ResNet (Standard),466,23,30,15,6,0.7162,0.7931,0.6667,0.6866,0.7862
Dataset_2,Left,ResNet (Standard),467,18,35,12,9,0.7162,0.6667,0.7447,0.6316,0.721
Dataset_2,Left,ResNet (Standard),468,24,31,9,10,0.7432,0.7059,0.775,0.7164,0.7801
Dataset_2,Left,ResNet (Standard),469,13,39,13,9,0.7027,0.5909,0.75,0.5417,0.6862
Dataset_2,Left,ResNet (Standard),470,15,41,11,7,0.7568,0.6818,0.7885,0.625,0.8033
Dataset_2,Left,ResNet (Standard),471,12,35,22,5,0.6351,0.7059,0.614,0.4706,0.6718
Dataset_2,Left,ResNet (Standard),472,25,27,11,11,0.7027,0.6944,0.7105,0.6944,0.7887
Dataset_2,Left,ResNet (Standard),473,23,33,8,10,0.7568,0.697,0.8049,0.7188,0.7967
Dataset_2,Left,ResNet (Standard),474,25,30,14,5,0.7432,0.8333,0.6818,0.7246,0.8348
Dataset_2,Left,ResNet (Standard),475,18,33,13,10,0.6892,0.6429,0.7174,0.6102,0.6988
Dataset_2,Left,ResNet (Standard),476,20,33,13,8,0.7162,0.7143,0.7174,0.6557,0.8098
Dataset_2,Left,ResNet (Standard),477,18,33,15,8,0.6892,0.6923,0.6875,0.6102,0.6811
Dataset_2,Left,ResNet (Standard),478,19,37,11,7,0.7568,0.7308,0.7708,0.6786,0.7628
Dataset_2,Left,ResNet (Standard),479,15,38,15,6,0.7162,0.7143,0.717,0.5882,0.7583
Dataset_2,Left,ResNet (Standard),480,25,25,14,10,0.6757,0.7143,0.641,0.6757,0.715
Dataset_2,Left,ResNet (Standard),481,20,32,17,5,0.7027,0.8,0.6531,0.6452,0.7437
Dataset_2,Left,ResNet (Standard),482,19,32,17,6,0.6892,0.76,0.6531,0.623,0.7208
Dataset_2,Left,ResNet (Standard),483,25,32,14,3,0.7703,0.8929,0.6957,0.7463,0.8502
Dataset_2,Left,ResNet (Standard),484,20,33,13,8,0.7162,0.7143,0.7174,0.6557,0.7865
Dataset_2,Left,ResNet (Standard),485,16,38,13,7,0.7297,0.6957,0.7451,0.6154,0.7886
Dataset_2,Left,ResNet (Standard),486,12,32,19,11,0.5946,0.5217,0.6275,0.4444,0.6752
Dataset_2,Left,ResNet (Standard),487,15,38,16,5,0.7162,0.75,0.7037,0.5882,0.7296
Dataset_2,Left,ResNet (Standard),488,9,31,18,16,0.5405,0.36,0.6327,0.3462,0.5878
Dataset_2,Left,ResNet (Standard),489,12,44,8,10,0.7568,0.5455,0.8462,0.5714,0.7622
Dataset_2,Left,ResNet (Standard),490,18,36,12,8,0.7297,0.6923,0.75,0.6429,0.762
Dataset_2,Left,ResNet (Standard),491,20,30,10,14,0.6757,0.5882,0.75,0.625,0.6831
Dataset_2,Left,ResNet (Standard),492,24,30,12,8,0.7297,0.75,0.7143,0.7059,0.8177
Dataset_2,Left,ResNet (Standard),493,17,32,18,7,0.6622,0.7083,0.64,0.5763,0.7542
Dataset_2,Left,ResNet (Standard),494,13,34,25,2,0.6351,0.8667,0.5763,0.4906,0.7797
Dataset_2,Left,ResNet (Standard),495,16,42,11,5,0.7838,0.7619,0.7925,0.6667,0.7808
Dataset_2,Left,ResNet (Standard),496,15,42,12,5,0.7703,0.75,0.7778,0.6383,0.7778
Dataset_2,Left,ResNet (Standard),497,22,37,8,7,0.7973,0.7586,0.8222,0.7458,0.8391
Dataset_2,Left,ResNet (Standard),498,18,37,13,6,0.7432,0.75,0.74,0.6545,0.8158
Dataset_2,Left,ResNet (Standard),499,17,37,16,4,0.7297,0.8095,0.6981,0.6296,0.8077
Dataset_2,Left,ResNet (Standard),500,22,29,16,7,0.6892,0.7586,0.6444,0.6567,0.7448
Dataset_2,Left,ResNet (Standard),501,18,33,12,11,0.6892,0.6207,0.7333,0.6102,0.79
Dataset_2,Left,ResNet (Standard),502,21,31,10,12,0.7027,0.6364,0.7561,0.6562,0.8145
Dataset_2,Left,ResNet (Standard),503,17,43,9,5,0.8108,0.7727,0.8269,0.7083,0.8252
Dataset_2,Left,ResNet (Standard),504,17,30,15,12,0.6351,0.5862,0.6667,0.5574,0.6797
Dataset_2,Left,ResNet (Standard),505,15,39,15,5,0.7297,0.75,0.7222,0.6,0.7954
Dataset_2,Left,ResNet (Standard),506,18,39,11,6,0.7703,0.75,0.78,0.6792,0.8333
Dataset_2,Left,ResNet (Standard),507,24,32,14,4,0.7568,0.8571,0.6957,0.7273,0.8043
Dataset_2,Left,ResNet (Standard),508,18,30,15,11,0.6486,0.6207,0.6667,0.5806,0.7126
Dataset_2,Left,ResNet (Standard),509,14,40,13,7,0.7297,0.6667,0.7547,0.5833,0.788
Dataset_2,Left,ResNet (Standard),510,8,45,14,7,0.7162,0.5333,0.7627,0.4324,0.6316
Dataset_2,Left,ResNet (Standard),511,20,28,16,10,0.6486,0.6667,0.6364,0.6061,0.7561
Dataset_2,Left,ResNet (Standard),512,17,36,14,7,0.7162,0.7083,0.72,0.6182,0.7733
Dataset_2,Left,ResNet (Standard),513,19,34,14,7,0.7162,0.7308,0.7083,0.6441,0.7812
Dataset_2,Left,ResNet (Standard),514,16,32,19,7,0.6486,0.6957,0.6275,0.5517,0.7613
Dataset_2,Left,ResNet (Standard),515,16,43,8,7,0.7973,0.6957,0.8431,0.6809,0.8303
Dataset_2,Left,ResNet (Standard),516,20,32,16,6,0.7027,0.7692,0.6667,0.6452,0.7877
Dataset_2,Left,ResNet (Standard),517,12,46,10,6,0.7838,0.6667,0.8214,0.6,0.7044
Dataset_2,Left,ResNet (Standard),518,21,29,15,9,0.6757,0.7,0.6591,0.6364,0.728
Dataset_2,Left,ResNet (Standard),519,12,47,9,6,0.7973,0.6667,0.8393,0.6154,0.8254
Dataset_2,Left,ResNet (Standard),520,18,31,16,9,0.6622,0.6667,0.6596,0.5902,0.7762
Dataset_2,Left,ResNet (Standard),521,20,41,5,8,0.8243,0.7143,0.8913,0.7547,0.8393
Dataset_2,Left,ResNet (Standard),522,20,33,14,7,0.7162,0.7407,0.7021,0.6557,0.792
Dataset_2,Left,ResNet (Standard),523,21,30,15,8,0.6892,0.7241,0.6667,0.6462,0.728
Dataset_2,Left,ResNet (Standard),524,21,32,15,6,0.7162,0.7778,0.6809,0.6667,0.7368
Dataset_2,Left,ResNet (Standard),525,16,33,17,8,0.6622,0.6667,0.66,0.5614,0.7
Dataset_2,Left,ResNet (Standard),526,17,39,12,6,0.7568,0.7391,0.7647,0.6538,0.8065
Dataset_2,Left,ResNet (Standard),527,19,34,15,6,0.7162,0.76,0.6939,0.6441,0.791
Dataset_2,Left,ResNet (Standard),528,22,32,13,7,0.7297,0.7586,0.7111,0.6875,0.8138
Dataset_2,Left,ResNet (Standard),529,27,25,14,8,0.7027,0.7714,0.641,0.7105,0.844
Dataset_2,Left,ResNet (Standard),530,19,35,9,11,0.7297,0.6333,0.7955,0.6552,0.7879
Dataset_2,Left,ResNet (Standard),531,20,31,17,6,0.6892,0.7692,0.6458,0.6349,0.7276
Dataset_2,Left,ResNet (Standard),532,18,38,13,5,0.7568,0.7826,0.7451,0.6667,0.7945
Dataset_2,Left,ResNet (Standard),533,21,32,13,8,0.7162,0.7241,0.7111,0.6667,0.7686
Dataset_2,Left,ResNet (Standard),534,18,39,14,3,0.7703,0.8571,0.7358,0.6792,0.8464
Dataset_2,Left,ResNet (Standard),535,20,31,15,8,0.6892,0.7143,0.6739,0.6349,0.7112
Dataset_2,Left,ResNet (Standard),536,19,37,10,8,0.7568,0.7037,0.7872,0.6786,0.7825
Dataset_2,Left,ResNet (Standard),537,12,40,12,10,0.7027,0.5455,0.7692,0.5217,0.7526
Dataset_2,Left,ResNet (Standard),538,22,24,16,12,0.6216,0.6471,0.6,0.6111,0.7316
Dataset_2,Left,ResNet (Standard),539,18,37,9,10,0.7432,0.6429,0.8043,0.6545,0.8129
Dataset_2,Left,ResNet (Standard),540,20,31,12,11,0.6892,0.6452,0.7209,0.6349,0.7352
Dataset_2,Left,ResNet (Standard),541,12,39,9,14,0.6892,0.4615,0.8125,0.5106,0.6819
Dataset_2,Left,ResNet (Standard),542,12,42,9,11,0.7297,0.5217,0.8235,0.5455,0.7673
Dataset_2,Left,ResNet (Standard),543,17,29,21,7,0.6216,0.7083,0.58,0.5484,0.6983
Dataset_2,Left,ResNet (Standard),544,19,27,19,9,0.6216,0.6786,0.587,0.5758,0.7228
Dataset_2,Left,ResNet (Standard),545,14,40,12,8,0.7297,0.6364,0.7692,0.5833,0.7666
Dataset_2,Left,ResNet (Standard),546,21,32,17,4,0.7162,0.84,0.6531,0.6667,0.8073
Dataset_2,Left,ResNet (Standard),547,12,40,16,6,0.7027,0.6667,0.7143,0.5217,0.7817
Dataset_2,Left,ResNet (Standard),548,22,28,19,5,0.6757,0.8148,0.5957,0.6471,0.7833
Dataset_2,Left,ResNet (Standard),549,21,40,8,5,0.8243,0.8077,0.8333,0.7636,0.887
Dataset_2,Left,ResNet (Standard),550,17,33,12,12,0.6757,0.5862,0.7333,0.5862,0.751
Dataset_2,Left,ResNet (Standard),551,22,33,10,9,0.7432,0.7097,0.7674,0.6984,0.7764
Dataset_2,Left,ResNet (Standard),552,22,31,12,9,0.7162,0.7097,0.7209,0.6769,0.7344
Dataset_2,Left,ResNet (Standard),553,25,30,12,7,0.7432,0.7812,0.7143,0.7246,0.8281
Dataset_2,Left,ResNet (Standard),554,14,33,15,12,0.6351,0.5385,0.6875,0.5091,0.6939
Dataset_2,Left,ResNet (Standard),555,16,26,18,14,0.5676,0.5333,0.5909,0.5,0.6689
Dataset_2,Left,ResNet (Standard),556,19,38,10,7,0.7703,0.7308,0.7917,0.6909,0.7869
Dataset_2,Left,ResNet (Standard),557,12,33,20,9,0.6081,0.5714,0.6226,0.4528,0.5759
Dataset_2,Left,ResNet (Standard),558,19,38,9,8,0.7703,0.7037,0.8085,0.6909,0.8172
Dataset_2,Left,ResNet (Standard),559,10,35,14,15,0.6081,0.4,0.7143,0.4082,0.6155
Dataset_2,Left,ResNet (Standard),560,14,36,16,8,0.6757,0.6364,0.6923,0.5385,0.7745
Dataset_2,Left,ResNet (Standard),561,20,33,15,6,0.7162,0.7692,0.6875,0.6557,0.7973
Dataset_2,Left,ResNet (Standard),562,17,32,15,10,0.6622,0.6296,0.6809,0.5763,0.7447
Dataset_2,Left,ResNet (Standard),563,10,33,18,13,0.5811,0.4348,0.6471,0.3922,0.5789
Dataset_2,Left,ResNet (Standard),564,17,31,17,9,0.6486,0.6538,0.6458,0.5667,0.7316
Dataset_2,Left,ResNet (Standard),565,22,33,10,9,0.7432,0.7097,0.7674,0.6984,0.7697
Dataset_2,Left,ResNet (Standard),566,23,33,13,5,0.7568,0.8214,0.7174,0.7187,0.8719
Dataset_2,Left,ResNet (Standard),567,17,32,14,11,0.6622,0.6071,0.6957,0.5763,0.7026
Dataset_2,Left,ResNet (Standard),568,17,33,18,6,0.6757,0.7391,0.6471,0.5862,0.7809
Dataset_2,Left,ResNet (Standard),569,20,34,11,9,0.7297,0.6897,0.7556,0.6667,0.7563
Dataset_2,Left,ResNet (Standard),570,20,38,12,4,0.7838,0.8333,0.76,0.7143,0.8475
Dataset_2,Left,ResNet (Standard),571,19,32,15,8,0.6892,0.7037,0.6809,0.623,0.7195
Dataset_2,Left,ResNet (Standard),572,15,39,16,4,0.7297,0.7895,0.7091,0.6,0.8096
Dataset_2,Left,ResNet (Standard),573,24,24,12,14,0.6486,0.6316,0.6667,0.6486,0.6915
Dataset_2,Left,ResNet (Standard),574,16,32,24,2,0.6486,0.8889,0.5714,0.5517,0.7609
Dataset_2,Left,ResNet (Standard),575,18,38,12,6,0.7568,0.75,0.76,0.6667,0.835
Dataset_2,Left,ResNet (Standard),576,18,26,22,8,0.5946,0.6923,0.5417,0.5455,0.7011
Dataset_2,Left,ResNet (Standard),577,14,28,17,15,0.5676,0.4828,0.6222,0.4667,0.6253
Dataset_2,Left,ResNet (Standard),578,25,29,17,3,0.7297,0.8929,0.6304,0.7143,0.7927
Dataset_2,Left,ResNet (Standard),579,18,32,16,8,0.6757,0.6923,0.6667,0.6,0.7212
Dataset_2,Left,ResNet (Standard),580,20,34,14,6,0.7297,0.7692,0.7083,0.6667,0.8189
Dataset_2,Left,ResNet (Standard),581,24,24,15,11,0.6486,0.6857,0.6154,0.6486,0.6608
Dataset_2,Left,ResNet (Standard),582,16,35,17,6,0.6892,0.7273,0.6731,0.5818,0.7701
Dataset_2,Left,ResNet (Standard),583,19,37,14,4,0.7568,0.8261,0.7255,0.6786,0.7903
Dataset_2,Left,ResNet (Standard),584,19,31,15,9,0.6757,0.6786,0.6739,0.6129,0.802
Dataset_2,Left,ResNet (Standard),585,23,25,16,10,0.6486,0.697,0.6098,0.6389,0.7391
Dataset_2,Left,ResNet (Standard),586,19,34,8,13,0.7162,0.5938,0.8095,0.6441,0.7426
Dataset_2,Left,ResNet (Standard),587,21,32,9,12,0.7162,0.6364,0.7805,0.6667,0.7361
Dataset_2,Left,ResNet (Standard),588,20,25,18,11,0.6081,0.6452,0.5814,0.5797,0.7277
Dataset_2,Left,ResNet (Standard),589,19,33,15,7,0.7027,0.7308,0.6875,0.6333,0.7452
Dataset_2,Left,ResNet (Standard),590,20,28,15,11,0.6486,0.6452,0.6512,0.6061,0.7119
Dataset_2,Left,ResNet (Standard),591,21,29,19,5,0.6757,0.8077,0.6042,0.6364,0.8245
Dataset_2,Left,ResNet (Standard),592,13,33,18,10,0.6216,0.5652,0.6471,0.4815,0.6172
Dataset_2,Left,ResNet (Standard),593,20,34,11,9,0.7297,0.6897,0.7556,0.6667,0.7824
Dataset_2,Left,ResNet (Standard),594,17,33,16,8,0.6757,0.68,0.6735,0.5862,0.7673
Dataset_2,Left,ResNet (Standard),595,23,31,15,5,0.7297,0.8214,0.6739,0.697,0.8393
Dataset_2,Left,ResNet (Standard),596,21,39,9,5,0.8108,0.8077,0.8125,0.75,0.8101
Dataset_2,Left,ResNet (Standard),597,21,33,14,6,0.7297,0.7778,0.7021,0.6774,0.8251
Dataset_2,Left,ResNet (Standard),598,20,33,15,6,0.7162,0.7692,0.6875,0.6557,0.8061
Dataset_2,Left,ResNet (Standard),599,15,40,11,8,0.7432,0.6522,0.7843,0.6122,0.7656
Dataset_2,Left,ResNet (Standard),600,16,38,16,4,0.7297,0.8,0.7037,0.6154,0.7537
Dataset_2,Left,ResNet (Standard),601,18,34,19,3,0.7027,0.8571,0.6415,0.6207,0.7547
Dataset_2,Left,ResNet (Standard),602,23,31,14,6,0.7297,0.7931,0.6889,0.697,0.7954
Dataset_2,Left,ResNet (Standard),603,14,37,12,11,0.6892,0.56,0.7551,0.549,0.7331
Dataset_2,Left,ResNet (Standard),604,21,32,15,6,0.7162,0.7778,0.6809,0.6667,0.7021
Dataset_2,Left,ResNet (Standard),605,22,33,15,4,0.7432,0.8462,0.6875,0.6984,0.8446
Dataset_2,Left,ResNet (Standard),606,20,32,15,7,0.7027,0.7407,0.6809,0.6452,0.7667
Dataset_2,Left,ResNet (Standard),607,12,35,17,10,0.6351,0.5455,0.6731,0.4706,0.729
Dataset_2,Left,ResNet (Standard),608,18,38,13,5,0.7568,0.7826,0.7451,0.6667,0.821
Dataset_2,Left,ResNet (Standard),609,21,27,20,6,0.6486,0.7778,0.5745,0.6176,0.7273
Dataset_2,Left,ResNet (Standard),610,18,33,19,4,0.6892,0.8182,0.6346,0.6102,0.8435
Dataset_2,Left,ResNet (Standard),611,15,31,12,16,0.6216,0.4839,0.7209,0.5172,0.6324
Dataset_2,Left,ResNet (Standard),612,13,39,14,8,0.7027,0.619,0.7358,0.5417,0.6828
Dataset_2,Left,ResNet (Standard),613,12,42,12,8,0.7297,0.6,0.7778,0.5455,0.7583
Dataset_2,Left,ResNet (Standard),614,25,27,15,7,0.7027,0.7812,0.6429,0.6944,0.7634
Dataset_2,Left,ResNet (Standard),615,20,32,17,5,0.7027,0.8,0.6531,0.6452,0.8335
Dataset_2,Left,ResNet (Standard),616,13,36,21,4,0.6622,0.7647,0.6316,0.5098,0.7792
Dataset_2,Left,ResNet (Standard),617,16,39,9,10,0.7432,0.6154,0.8125,0.6275,0.7388
Dataset_2,Left,ResNet (Standard),618,17,40,12,5,0.7703,0.7727,0.7692,0.6667,0.8173
Dataset_2,Left,ResNet (Standard),619,15,44,9,6,0.7973,0.7143,0.8302,0.6667,0.7934
Dataset_2,Left,ResNet (Standard),620,20,34,11,9,0.7297,0.6897,0.7556,0.6667,0.7609
Dataset_2,Left,ResNet (Standard),621,21,30,16,7,0.6892,0.75,0.6522,0.6462,0.743
Dataset_2,Left,ResNet (Standard),622,21,31,16,6,0.7027,0.7778,0.6596,0.6562,0.8511
Dataset_2,Left,ResNet (Standard),623,23,32,8,11,0.7432,0.6765,0.8,0.7077,0.8088
Dataset_2,Left,ResNet (Standard),624,22,32,13,7,0.7297,0.7586,0.7111,0.6875,0.8207
Dataset_2,Left,ResNet (Standard),625,19,34,15,6,0.7162,0.76,0.6939,0.6441,0.7722
Dataset_2,Left,ResNet (Standard),626,10,33,20,11,0.5811,0.4762,0.6226,0.3922,0.5813
Dataset_2,Left,ResNet (Standard),627,16,35,16,7,0.6892,0.6957,0.6863,0.5818,0.7562
Dataset_2,Left,ResNet (Standard),628,12,38,17,7,0.6757,0.6316,0.6909,0.5,0.6842
Dataset_2,Left,ResNet (Standard),629,18,35,18,3,0.7162,0.8571,0.6604,0.6316,0.8598
Dataset_2,Left,ResNet (Standard),630,16,32,15,11,0.6486,0.5926,0.6809,0.5517,0.6438
Dataset_2,Left,ResNet (Standard),631,13,32,18,11,0.6081,0.5417,0.64,0.4727,0.6225
Dataset_2,Left,ResNet (Standard),632,22,34,13,5,0.7568,0.8148,0.7234,0.7097,0.7801
Dataset_2,Left,ResNet (Standard),633,23,34,9,8,0.7703,0.7419,0.7907,0.7302,0.8185
Dataset_2,Left,ResNet (Standard),634,15,40,12,7,0.7432,0.6818,0.7692,0.6122,0.7885
Dataset_2,Left,ResNet (Standard),635,18,33,13,10,0.6892,0.6429,0.7174,0.6102,0.7298
Dataset_2,Left,ResNet (Standard),636,19,34,15,6,0.7162,0.76,0.6939,0.6441,0.7665
Dataset_2,Left,ResNet (Standard),637,18,40,9,7,0.7838,0.72,0.8163,0.6923,0.8294
Dataset_2,Left,ResNet (Standard),638,14,40,9,11,0.7297,0.56,0.8163,0.5833,0.7592
Dataset_2,Left,ResNet (Standard),639,17,40,10,7,0.7703,0.7083,0.8,0.6667,0.8317
Dataset_2,Left,ResNet (Standard),640,12,39,20,3,0.6892,0.8,0.661,0.5106,0.704
Dataset_2,Left,ResNet (Standard),641,19,42,8,5,0.8243,0.7917,0.84,0.7451,0.8208
Dataset_2,Left,ResNet (Standard),642,19,34,10,11,0.7162,0.6333,0.7727,0.6441,0.7455
Dataset_2,Left,ResNet (Standard),643,20,32,12,10,0.7027,0.6667,0.7273,0.6452,0.7848
Dataset_2,Left,ResNet (Standard),644,17,31,20,6,0.6486,0.7391,0.6078,0.5667,0.7545
Dataset_2,Left,ResNet (Standard),645,22,30,13,9,0.7027,0.7097,0.6977,0.6667,0.7127
Dataset_2,Left,ResNet (Standard),646,16,35,10,13,0.6892,0.5517,0.7778,0.5818,0.7195
Dataset_2,Left,ResNet (Standard),647,19,39,9,7,0.7838,0.7308,0.8125,0.7037,0.8037
Dataset_2,Left,ResNet (Standard),648,15,42,13,4,0.7703,0.7895,0.7636,0.6383,0.8842
Dataset_2,Left,ResNet (Standard),649,15,40,15,4,0.7432,0.7895,0.7273,0.6122,0.823
Dataset_2,Left,ResNet (Standard),650,15,29,19,11,0.5946,0.5769,0.6042,0.5,0.6154
Dataset_2,Left,ResNet (Standard),651,9,43,16,6,0.7027,0.6,0.7288,0.45,0.7322
Dataset_2,Left,ResNet (Standard),652,24,30,15,5,0.7297,0.8276,0.6667,0.7059,0.7693
Dataset_2,Left,ResNet (Standard),653,18,35,10,11,0.7162,0.6207,0.7778,0.6316,0.6881
Dataset_2,Left,ResNet (Standard),654,14,37,14,9,0.6892,0.6087,0.7255,0.549,0.7494
Dataset_2,Left,ResNet (Standard),655,20,33,16,5,0.7162,0.8,0.6735,0.6557,0.8098
Dataset_2,Left,ResNet (Standard),656,15,35,16,8,0.6757,0.6522,0.6863,0.5556,0.7229
Dataset_2,Left,ResNet (Standard),657,19,34,13,8,0.7162,0.7037,0.7234,0.6441,0.7951
Dataset_2,Left,ResNet (Standard),658,13,39,15,7,0.7027,0.65,0.7222,0.5417,0.7593
Dataset_2,Left,ResNet (Standard),659,15,31,20,8,0.6216,0.6522,0.6078,0.5172,0.6718
Dataset_2,Left,ResNet (Standard),660,13,35,15,11,0.6486,0.5417,0.7,0.5,0.7258
Dataset_2,Left,ResNet (Standard),661,10,40,17,7,0.6757,0.5882,0.7018,0.4545,0.7472
Dataset_2,Left,ResNet (Standard),662,20,35,14,5,0.7432,0.8,0.7143,0.678,0.8694
Dataset_2,Left,ResNet (Standard),663,21,30,12,11,0.6892,0.6562,0.7143,0.6462,0.7746
Dataset_2,Left,ResNet (Standard),664,12,33,18,11,0.6081,0.5217,0.6471,0.4528,0.6223
Dataset_2,Left,ResNet (Standard),665,23,31,16,4,0.7297,0.8519,0.6596,0.697,0.7817
Dataset_2,Left,ResNet (Standard),666,20,31,18,5,0.6892,0.8,0.6327,0.6349,0.7804
Dataset_2,Left,ResNet (Standard),667,21,36,11,6,0.7703,0.7778,0.766,0.7119,0.8251
Dataset_2,Left,ResNet (Standard),668,26,26,14,8,0.7027,0.7647,0.65,0.7027,0.7596
Dataset_2,Left,ResNet (Standard),669,24,25,15,10,0.6622,0.7059,0.625,0.6575,0.7074
Dataset_2,Left,ResNet (Standard),670,20,31,14,9,0.6892,0.6897,0.6889,0.6349,0.7762
Dataset_2,Left,ResNet (Standard),671,16,39,15,4,0.7432,0.8,0.7222,0.6275,0.8148
Dataset_2,Left,ResNet (Standard),672,21,29,13,11,0.6757,0.6562,0.6905,0.6364,0.6994
Dataset_2,Left,ResNet (Standard),673,17,32,15,10,0.6622,0.6296,0.6809,0.5763,0.6864
Dataset_2,Left,ResNet (Standard),674,21,36,15,2,0.7703,0.913,0.7059,0.7119,0.798
Dataset_2,Left,ResNet (Standard),675,18,32,15,9,0.6757,0.6667,0.6809,0.6,0.7463
Dataset_2,Left,ResNet (Standard),676,27,27,12,8,0.7297,0.7714,0.6923,0.7297,0.8007
Dataset_2,Left,ResNet (Standard),677,15,37,15,7,0.7027,0.6818,0.7115,0.5769,0.7858
Dataset_2,Left,ResNet (Standard),678,19,37,13,5,0.7568,0.7917,0.74,0.6786,0.845
Dataset_2,Left,ResNet (Standard),679,16,35,13,10,0.6892,0.6154,0.7292,0.5818,0.742
Dataset_2,Left,ResNet (Standard),680,16,32,15,11,0.6486,0.5926,0.6809,0.5517,0.699
Dataset_2,Left,ResNet (Standard),681,18,31,17,8,0.6622,0.6923,0.6458,0.5902,0.73
Dataset_2,Left,ResNet (Standard),682,19,34,13,8,0.7162,0.7037,0.7234,0.6441,0.7683
Dataset_2,Left,ResNet (Standard),683,19,39,9,7,0.7838,0.7308,0.8125,0.7037,0.8109
Dataset_2,Left,ResNet (Standard),684,12,36,18,8,0.6486,0.6,0.6667,0.48,0.6907
Dataset_2,Left,ResNet (Standard),685,18,35,14,7,0.7162,0.72,0.7143,0.6316,0.7706
Dataset_2,Left,ResNet (Standard),686,16,41,6,11,0.7703,0.5926,0.8723,0.6531,0.7841
Dataset_2,Left,ResNet (Standard),687,27,30,8,9,0.7703,0.75,0.7895,0.7606,0.8662
Dataset_2,Left,ResNet (Standard),688,13,32,20,9,0.6081,0.5909,0.6154,0.4727,0.7107
Dataset_2,Left,ResNet (Standard),689,16,35,15,8,0.6892,0.6667,0.7,0.5818,0.745
Dataset_2,Left,ResNet (Standard),690,22,33,12,7,0.7432,0.7586,0.7333,0.6984,0.764
Dataset_2,Left,ResNet (Standard),691,17,35,16,6,0.7027,0.7391,0.6863,0.6071,0.7792
Dataset_2,Left,ResNet (Standard),692,14,29,17,14,0.5811,0.5,0.6304,0.4746,0.6312
Dataset_2,Left,ResNet (Standard),693,18,36,15,5,0.7297,0.7826,0.7059,0.6429,0.8312
Dataset_2,Left,ResNet (Standard),694,15,30,19,10,0.6081,0.6,0.6122,0.5085,0.6735
Dataset_2,Left,ResNet (Standard),695,22,33,12,7,0.7432,0.7586,0.7333,0.6984,0.7816
Dataset_2,Left,ResNet (Standard),696,21,36,11,6,0.7703,0.7778,0.766,0.7119,0.8731
Dataset_2,Left,ResNet (Standard),697,19,35,11,9,0.7297,0.6786,0.7609,0.6552,0.7702
Dataset_2,Left,ResNet (Standard),698,17,34,13,10,0.6892,0.6296,0.7234,0.5965,0.7076
Dataset_2,Left,ResNet (Standard),699,19,32,16,7,0.6892,0.7308,0.6667,0.623,0.7596
Dataset_2,Left,ResNet (Standard),700,17,29,13,15,0.6216,0.5312,0.6905,0.5484,0.6481
Dataset_2,Left,ResNet (Standard),701,18,29,16,11,0.6351,0.6207,0.6444,0.5714,0.7349
Dataset_2,Left,ResNet (Standard),702,21,28,20,5,0.6622,0.8077,0.5833,0.6269,0.7348
Dataset_2,Left,ResNet (Standard),703,20,33,12,9,0.7162,0.6897,0.7333,0.6557,0.7556
Dataset_2,Left,ResNet (Standard),704,22,33,12,7,0.7432,0.7586,0.7333,0.6984,0.8314
Dataset_2,Left,ResNet (Standard),705,18,29,13,14,0.6351,0.5625,0.6905,0.5714,0.7024
Dataset_2,Left,ResNet (Standard),706,24,36,12,2,0.8108,0.9231,0.75,0.7742,0.8373
Dataset_2,Left,ResNet (Standard),707,20,35,15,4,0.7432,0.8333,0.7,0.678,0.8592
Dataset_2,Left,ResNet (Standard),708,17,30,21,6,0.6351,0.7391,0.5882,0.5574,0.7818
Dataset_2,Left,ResNet (Standard),709,21,34,11,8,0.7432,0.7241,0.7556,0.6885,0.8375
Dataset_2,Left,ResNet (Standard),710,23,29,15,7,0.7027,0.7667,0.6591,0.6765,0.8121
Dataset_2,Left,ResNet (Standard),711,24,31,11,8,0.7432,0.75,0.7381,0.7164,0.7604
Dataset_2,Left,ResNet (Standard),712,25,36,10,3,0.8243,0.8929,0.7826,0.7937,0.8905
Dataset_2,Left,ResNet (Standard),713,22,30,15,7,0.7027,0.7586,0.6667,0.6667,0.7234
Dataset_2,Left,ResNet (Standard),714,22,34,15,3,0.7568,0.88,0.6939,0.7097,0.8473
Dataset_2,Left,ResNet (Standard),715,19,33,8,14,0.7027,0.5758,0.8049,0.6333,0.7369
Dataset_2,Left,ResNet (Standard),716,22,37,7,8,0.7973,0.7333,0.8409,0.7458,0.7962
Dataset_2,Left,ResNet (Standard),717,27,32,11,4,0.7973,0.871,0.7442,0.7826,0.847
Dataset_2,Left,ResNet (Standard),718,16,35,11,12,0.6892,0.5714,0.7609,0.5818,0.722
Dataset_2,Left,ResNet (Standard),719,23,27,19,5,0.6757,0.8214,0.587,0.6571,0.7772
Dataset_2,Left,ResNet (Standard),720,17,32,19,6,0.6622,0.7391,0.6275,0.5763,0.7545
Dataset_2,Left,ResNet (Standard),721,20,31,11,12,0.6892,0.625,0.7381,0.6349,0.7106
Dataset_2,Left,ResNet (Standard),722,17,33,17,7,0.6757,0.7083,0.66,0.5862,0.7467
Dataset_2,Left,ResNet (Standard),723,21,35,6,12,0.7568,0.6364,0.8537,0.7,0.8234
Dataset_2,Left,ResNet (Standard),724,20,35,8,11,0.7432,0.6452,0.814,0.678,0.7809
Dataset_2,Left,ResNet (Standard),725,12,39,11,12,0.6892,0.5,0.78,0.5106,0.7008
Dataset_2,Left,ResNet (Standard),726,17,33,14,10,0.6757,0.6296,0.7021,0.5862,0.6714
Dataset_2,Left,ResNet (Standard),727,19,34,14,7,0.7162,0.7308,0.7083,0.6441,0.7348
Dataset_2,Left,ResNet (Standard),728,11,38,18,7,0.6622,0.6111,0.6786,0.4681,0.6786
Dataset_2,Left,ResNet (Standard),729,22,27,12,13,0.6622,0.6286,0.6923,0.6377,0.693
Dataset_2,Left,ResNet (Standard),730,16,34,16,8,0.6757,0.6667,0.68,0.5714,0.7267
Dataset_2,Left,ResNet (Standard),731,19,28,20,7,0.6351,0.7308,0.5833,0.5846,0.6579
Dataset_2,Left,ResNet (Standard),732,18,35,12,9,0.7162,0.6667,0.7447,0.6316,0.7809
Dataset_2,Left,ResNet (Standard),733,21,37,8,8,0.7838,0.7241,0.8222,0.7241,0.8138
Dataset_2,Left,ResNet (Standard),734,16,37,16,5,0.7162,0.7619,0.6981,0.6038,0.7763
Dataset_2,Left,ResNet (Standard),735,19,34,14,7,0.7162,0.7308,0.7083,0.6441,0.7804
Dataset_2,Left,ResNet (Standard),736,15,34,13,12,0.6622,0.5556,0.7234,0.5455,0.6864
Dataset_2,Left,ResNet (Standard),737,17,29,17,11,0.6216,0.6071,0.6304,0.5484,0.6429
Dataset_2,Left,ResNet (Standard),738,15,34,18,7,0.6622,0.6818,0.6538,0.5455,0.7098
Dataset_2,Left,ResNet (Standard),739,21,30,17,6,0.6892,0.7778,0.6383,0.6462,0.7849
Dataset_2,Left,ResNet (Standard),740,20,28,17,9,0.6486,0.6897,0.6222,0.6061,0.7088
Dataset_2,Left,ResNet (Standard),741,16,39,11,8,0.7432,0.6667,0.78,0.6275,0.7425
Dataset_2,Left,ResNet (Standard),742,18,32,12,12,0.6757,0.6,0.7273,0.6,0.6894
Dataset_2,Left,ResNet (Standard),743,14,36,11,13,0.6757,0.5185,0.766,0.5385,0.7407
Dataset_2,Left,ResNet (Standard),744,18,27,18,11,0.6081,0.6207,0.6,0.5538,0.6506
Dataset_2,Left,ResNet (Standard),745,13,34,20,7,0.6351,0.65,0.6296,0.4906,0.6954
Dataset_2,Left,ResNet (Standard),746,14,37,15,8,0.6892,0.6364,0.7115,0.549,0.7281
Dataset_2,Left,ResNet (Standard),747,21,27,14,12,0.6486,0.6364,0.6585,0.6176,0.7339
Dataset_2,Left,ResNet (Standard),748,14,36,19,5,0.6757,0.7368,0.6545,0.5385,0.7311
Dataset_2,Left,ResNet (Standard),749,21,36,13,4,0.7703,0.84,0.7347,0.7119,0.8335
Dataset_2,Left,ResNet (Standard),750,20,36,14,4,0.7568,0.8333,0.72,0.6897,0.86
Dataset_2,Left,ResNet (Standard),751,15,28,20,11,0.5811,0.5769,0.5833,0.4918,0.6218
Dataset_2,Left,ResNet (Standard),752,11,36,20,7,0.6351,0.6111,0.6429,0.449,0.6667
Dataset_2,Left,ResNet (Standard),753,20,34,15,5,0.7297,0.8,0.6939,0.6667,0.8024
Dataset_2,Left,ResNet (Standard),754,15,41,12,6,0.7568,0.7143,0.7736,0.625,0.7565
Dataset_2,Left,ResNet (Standard),755,11,47,11,5,0.7838,0.6875,0.8103,0.5789,0.8341
Dataset_2,Left,ResNet (Standard),756,17,32,15,10,0.6622,0.6296,0.6809,0.5763,0.7344
Dataset_2,Left,ResNet (Standard),757,19,30,16,9,0.6622,0.6786,0.6522,0.6032,0.7345
Dataset_2,Left,ResNet (Standard),758,21,35,13,5,0.7568,0.8077,0.7292,0.7,0.8486
Dataset_2,Left,ResNet (Standard),759,11,34,14,15,0.6081,0.4231,0.7083,0.4314,0.6955
Dataset_2,Left,ResNet (Standard),760,19,38,12,5,0.7703,0.7917,0.76,0.6909,0.8458
Dataset_2,Left,ResNet (Standard),761,21,30,18,5,0.6892,0.8077,0.625,0.6462,0.7276
Dataset_2,Left,ResNet (Standard),762,24,32,12,6,0.7568,0.8,0.7273,0.7273,0.8258
Dataset_2,Left,ResNet (Standard),763,13,34,17,10,0.6351,0.5652,0.6667,0.4906,0.7263
Dataset_2,Left,ResNet (Standard),764,26,37,6,5,0.8514,0.8387,0.8605,0.8254,0.8507
Dataset_2,Left,ResNet (Standard),765,23,23,17,11,0.6216,0.6765,0.575,0.6216,0.7059
Dataset_2,Left,ResNet (Standard),766,14,34,19,7,0.6486,0.6667,0.6415,0.5185,0.7035
Dataset_2,Left,ResNet (Standard),767,17,31,20,6,0.6486,0.7391,0.6078,0.5667,0.572
Dataset_2,Left,ResNet (Standard),768,23,36,5,10,0.7973,0.697,0.878,0.7541,0.8027
Dataset_2,Left,ResNet (Standard),769,17,36,11,10,0.7162,0.6296,0.766,0.6182,0.7384
Dataset_2,Left,ResNet (Standard),770,14,33,20,7,0.6351,0.6667,0.6226,0.5091,0.6011
Dataset_2,Left,ResNet (Standard),771,20,27,17,10,0.6351,0.6667,0.6136,0.597,0.6568
Dataset_2,Left,ResNet (Standard),772,17,34,16,7,0.6892,0.7083,0.68,0.5965,0.7892
Dataset_2,Left,ResNet (Standard),773,24,35,8,7,0.7973,0.7742,0.814,0.7619,0.8732
Dataset_2,Left,ResNet (Standard),774,15,30,21,8,0.6081,0.6522,0.5882,0.5085,0.7477
Dataset_2,Left,ResNet (Standard),775,19,29,15,11,0.6486,0.6333,0.6591,0.5938,0.7121
Dataset_2,Left,ResNet (Standard),776,14,28,14,18,0.5676,0.4375,0.6667,0.4667,0.5885
Dataset_2,Left,ResNet (Standard),777,15,31,20,8,0.6216,0.6522,0.6078,0.5172,0.7101
Dataset_2,Left,ResNet (Standard),778,19,31,11,13,0.6757,0.5938,0.7381,0.6129,0.689
Dataset_2,Left,ResNet (Standard),779,19,34,13,8,0.7162,0.7037,0.7234,0.6441,0.7888
Dataset_2,Left,ResNet (Standard),780,18,36,14,6,0.7297,0.75,0.72,0.6429,0.715
Dataset_2,Left,ResNet (Standard),781,17,37,15,5,0.7297,0.7727,0.7115,0.6296,0.7649
Dataset_2,Left,ResNet (Standard),782,24,29,13,8,0.7162,0.75,0.6905,0.6957,0.8259
Dataset_2,Left,ResNet (Standard),783,16,31,13,14,0.6351,0.5333,0.7045,0.5424,0.7629
Dataset_2,Left,ResNet (Standard),784,27,29,13,5,0.7568,0.8438,0.6905,0.75,0.8274
Dataset_2,Left,ResNet (Standard),785,21,32,14,7,0.7162,0.75,0.6957,0.6667,0.7919
Dataset_2,Left,ResNet (Standard),786,17,37,15,5,0.7297,0.7727,0.7115,0.6296,0.8234
Dataset_2,Left,ResNet (Standard),787,9,38,14,13,0.6351,0.4091,0.7308,0.4,0.6643
Dataset_2,Left,ResNet (Standard),788,18,39,11,6,0.7703,0.75,0.78,0.6792,0.8292
Dataset_2,Left,ResNet (Standard),789,28,21,17,8,0.6622,0.7778,0.5526,0.6914,0.674
Dataset_2,Left,ResNet (Standard),790,11,44,14,5,0.7432,0.6875,0.7586,0.5366,0.8136
Dataset_2,Left,ResNet (Standard),791,20,36,16,2,0.7568,0.9091,0.6923,0.6897,0.8164
Dataset_2,Left,ResNet (Standard),792,13,37,14,10,0.6757,0.5652,0.7255,0.52,0.711
Dataset_2,Left,ResNet (Standard),793,14,35,16,9,0.6622,0.6087,0.6863,0.5283,0.7792
Dataset_2,Left,ResNet (Standard),794,17,35,11,11,0.7027,0.6071,0.7609,0.6071,0.729
Dataset_2,Left,ResNet (Standard),795,17,37,12,8,0.7297,0.68,0.7551,0.6296,0.809
Dataset_2,Left,ResNet (Standard),796,18,37,12,7,0.7432,0.72,0.7551,0.6545,0.8057
Dataset_2,Left,ResNet (Standard),797,23,33,15,3,0.7568,0.8846,0.6875,0.7188,0.8237
Dataset_2,Left,ResNet (Standard),798,17,34,11,12,0.6892,0.5862,0.7556,0.5965,0.764
Dataset_2,Left,ResNet (Standard),799,16,39,15,4,0.7432,0.8,0.7222,0.6275,0.8352
Dataset_2,Left,ResNet (Standard),800,26,24,15,9,0.6757,0.7429,0.6154,0.6842,0.7194
Dataset_2,Left,ResNet (Standard),801,16,39,11,8,0.7432,0.6667,0.78,0.6275,0.7933
Dataset_2,Left,ResNet (Standard),802,21,34,14,5,0.7432,0.8077,0.7083,0.6885,0.8061
Dataset_2,Left,ResNet (Standard),803,24,30,16,4,0.7297,0.8571,0.6522,0.7059,0.7741
Dataset_2,Left,ResNet (Standard),804,18,35,14,7,0.7162,0.72,0.7143,0.6316,0.7347
Dataset_2,Left,ResNet (Standard),805,12,46,10,6,0.7838,0.6667,0.8214,0.6,0.7649
Dataset_2,Left,ResNet (Standard),806,19,35,11,9,0.7297,0.6786,0.7609,0.6552,0.788
Dataset_2,Left,ResNet (Standard),807,17,34,17,6,0.6892,0.7391,0.6667,0.5965,0.7681
Dataset_2,Left,ResNet (Standard),808,24,25,15,10,0.6622,0.7059,0.625,0.6575,0.7375
Dataset_2,Left,ResNet (Standard),809,16,33,17,8,0.6622,0.6667,0.66,0.5614,0.7808
Dataset_2,Left,ResNet (Standard),810,23,34,11,6,0.7703,0.7931,0.7556,0.7302,0.787
Dataset_2,Left,ResNet (Standard),811,15,32,18,9,0.6351,0.625,0.64,0.5263,0.71
Dataset_2,Left,ResNet (Standard),812,22,32,13,7,0.7297,0.7586,0.7111,0.6875,0.7609
Dataset_2,Left,ResNet (Standard),813,17,35,18,4,0.7027,0.8095,0.6604,0.6071,0.8212
Dataset_2,Left,ResNet (Standard),814,23,37,8,6,0.8108,0.7931,0.8222,0.7667,0.8345
Dataset_2,Left,ResNet (Standard),815,15,31,13,15,0.6216,0.5,0.7045,0.5172,0.7318
Dataset_2,Left,ResNet (Standard),816,15,37,15,7,0.7027,0.6818,0.7115,0.5769,0.7631
Dataset_2,Left,ResNet (Standard),817,12,51,8,3,0.8514,0.8,0.8644,0.6857,0.8362
Dataset_2,Left,ResNet (Standard),818,22,35,10,7,0.7703,0.7586,0.7778,0.7213,0.8805
Dataset_2,Left,ResNet (Standard),819,16,40,10,8,0.7568,0.6667,0.8,0.64,0.8208
Dataset_2,Left,ResNet (Standard),820,20,43,10,1,0.8514,0.9524,0.8113,0.7843,0.9173
Dataset_2,Left,ResNet (Standard),821,25,34,9,6,0.7973,0.8065,0.7907,0.7692,0.8335
Dataset_2,Left,ResNet (Standard),822,14,38,17,5,0.7027,0.7368,0.6909,0.56,0.755
Dataset_2,Left,ResNet (Standard),823,17,45,5,7,0.8378,0.7083,0.9,0.7391,0.8758
Dataset_2,Left,ResNet (Standard),824,11,39,16,8,0.6757,0.5789,0.7091,0.4783,0.7608
Dataset_2,Left,ResNet (Standard),825,15,37,16,6,0.7027,0.7143,0.6981,0.5769,0.7871
Dataset_2,Left,ResNet (Standard),826,20,33,14,7,0.7162,0.7407,0.7021,0.6557,0.7935
Dataset_2,Left,ResNet (Standard),827,20,42,7,5,0.8378,0.8,0.8571,0.7692,0.8294
Dataset_2,Left,ResNet (Standard),828,23,33,15,3,0.7568,0.8846,0.6875,0.7188,0.8349
Dataset_2,Left,ResNet (Standard),829,19,39,8,8,0.7838,0.7037,0.8298,0.7037,0.7943
Dataset_2,Left,ResNet (Standard),830,16,37,13,8,0.7162,0.6667,0.74,0.6038,0.7375
Dataset_2,Left,ResNet (Standard),831,23,28,14,9,0.6892,0.7188,0.6667,0.6667,0.7321
Dataset_2,Left,ResNet (Standard),832,16,35,13,10,0.6892,0.6154,0.7292,0.5818,0.6883
Dataset_2,Left,ResNet (Standard),833,20,33,16,5,0.7162,0.8,0.6735,0.6557,0.7576
Dataset_2,Left,ResNet (Standard),834,19,40,8,7,0.7973,0.7308,0.8333,0.717,0.8213
Dataset_2,Left,ResNet (Standard),835,23,28,13,10,0.6892,0.697,0.6829,0.6667,0.7332
Dataset_2,Left,ResNet (Standard),836,19,36,10,9,0.7432,0.6786,0.7826,0.6667,0.764
Dataset_2,Left,ResNet (Standard),837,17,32,18,7,0.6622,0.7083,0.64,0.5763,0.6783
Dataset_2,Left,ResNet (Standard),838,17,33,15,9,0.6757,0.6538,0.6875,0.5862,0.746
Dataset_2,Left,ResNet (Standard),839,25,25,13,11,0.6757,0.6944,0.6579,0.6757,0.7617
Dataset_2,Left,ResNet (Standard),840,14,34,17,9,0.6486,0.6087,0.6667,0.5185,0.6513
Dataset_2,Left,ResNet (Standard),841,17,36,11,10,0.7162,0.6296,0.766,0.6182,0.7392
Dataset_2,Left,ResNet (Standard),842,16,38,15,5,0.7297,0.7619,0.717,0.6154,0.8014
Dataset_2,Left,ResNet (Standard),843,15,37,11,11,0.7027,0.5769,0.7708,0.5769,0.6971
Dataset_2,Left,ResNet (Standard),844,26,26,20,2,0.7027,0.9286,0.5652,0.7027,0.8261
Dataset_2,Left,ResNet (Standard),845,16,36,17,5,0.7027,0.7619,0.6792,0.5926,0.8113
Dataset_2,Left,ResNet (Standard),846,19,30,18,7,0.6622,0.7308,0.625,0.6032,0.7011
Dataset_2,Left,ResNet (Standard),847,18,31,11,14,0.6622,0.5625,0.7381,0.5902,0.6987
Dataset_2,Left,ResNet (Standard),848,16,35,12,11,0.6892,0.5926,0.7447,0.5818,0.7439
Dataset_2,Left,ResNet (Standard),849,22,34,12,6,0.7568,0.7857,0.7391,0.7097,0.8408
Dataset_2,Left,ResNet (Standard),850,17,32,17,8,0.6622,0.68,0.6531,0.5763,0.671
Dataset_2,Left,ResNet (Standard),851,20,36,16,2,0.7568,0.9091,0.6923,0.6897,0.8724
Dataset_2,Left,ResNet (Standard),852,17,39,13,5,0.7568,0.7727,0.75,0.6538,0.868
Dataset_2,Left,ResNet (Standard),853,12,34,14,14,0.6216,0.4615,0.7083,0.4615,0.6274
Dataset_2,Left,ResNet (Standard),854,22,33,12,7,0.7432,0.7586,0.7333,0.6984,0.7747
Dataset_2,Left,ResNet (Standard),855,20,37,6,11,0.7703,0.6452,0.8605,0.7018,0.7194
Dataset_2,Left,ResNet (Standard),856,20,35,11,8,0.7432,0.7143,0.7609,0.678,0.7686
Dataset_2,Left,ResNet (Standard),857,18,36,9,11,0.7297,0.6207,0.8,0.6429,0.8077
Dataset_2,Left,ResNet (Standard),858,19,34,14,7,0.7162,0.7308,0.7083,0.6441,0.8061
Dataset_2,Left,ResNet (Standard),859,18,26,18,12,0.5946,0.6,0.5909,0.5455,0.703
Dataset_2,Left,ResNet (Standard),860,18,27,21,8,0.6081,0.6923,0.5625,0.5538,0.7348
Dataset_2,Left,ResNet (Standard),861,16,33,14,11,0.6622,0.5926,0.7021,0.5614,0.71
Dataset_2,Left,ResNet (Standard),862,17,40,10,7,0.7703,0.7083,0.8,0.6667,0.7808
Dataset_2,Left,ResNet (Standard),863,17,41,5,11,0.7838,0.6071,0.8913,0.68,0.7818
Dataset_2,Left,ResNet (Standard),864,21,31,14,8,0.7027,0.7241,0.6889,0.6562,0.787
Dataset_2,Left,ResNet (Standard),865,28,32,8,6,0.8108,0.8235,0.8,0.8,0.8743
Dataset_2,Left,ResNet (Standard),866,24,35,10,5,0.7973,0.8276,0.7778,0.7619,0.8552
Dataset_2,Left,ResNet (Standard),867,14,30,18,12,0.5946,0.5385,0.625,0.4828,0.6034
Dataset_2,Left,ResNet (Standard),868,22,29,14,9,0.6892,0.7097,0.6744,0.6567,0.7772
Dataset_2,Left,ResNet (Standard),869,24,29,12,9,0.7162,0.7273,0.7073,0.6957,0.714
Dataset_2,Left,ResNet (Standard),870,19,33,16,6,0.7027,0.76,0.6735,0.6333,0.7412
Dataset_2,Left,ResNet (Standard),871,18,31,17,8,0.6622,0.6923,0.6458,0.5902,0.7244
Dataset_2,Left,ResNet (Standard),872,19,38,15,2,0.7703,0.9048,0.717,0.6909,0.8535
Dataset_2,Left,ResNet (Standard),873,22,32,9,11,0.7297,0.6667,0.7805,0.6875,0.813
Dataset_2,Left,ResNet (Standard),874,21,35,14,4,0.7568,0.84,0.7143,0.7,0.8106
Dataset_2,Left,ResNet (Standard),875,22,27,15,10,0.6622,0.6875,0.6429,0.6377,0.753
Dataset_2,Left,ResNet (Standard),876,21,32,15,6,0.7162,0.7778,0.6809,0.6667,0.7715
Dataset_2,Left,ResNet (Standard),877,19,29,17,9,0.6486,0.6786,0.6304,0.5937,0.7283
Dataset_2,Left,ResNet (Standard),878,18,36,14,6,0.7297,0.75,0.72,0.6429,0.8558
Dataset_2,Left,ResNet (Standard),879,17,37,16,4,0.7297,0.8095,0.6981,0.6296,0.7718
Dataset_2,Left,ResNet (Standard),880,24,27,12,11,0.6892,0.6857,0.6923,0.6761,0.7319
Dataset_2,Left,ResNet (Standard),881,20,39,7,8,0.7973,0.7143,0.8478,0.7273,0.8222
Dataset_2,Left,ResNet (Standard),882,19,33,13,9,0.7027,0.6786,0.7174,0.6333,0.7461
Dataset_2,Left,ResNet (Standard),883,17,22,24,11,0.527,0.6071,0.4783,0.4928,0.6079
Dataset_2,Left,ResNet (Standard),884,23,28,11,12,0.6892,0.6571,0.7179,0.6667,0.6703
Dataset_2,Left,ResNet (Standard),885,22,26,18,8,0.6486,0.7333,0.5909,0.6286,0.7455
Dataset_2,Left,ResNet (Standard),886,18,37,10,9,0.7432,0.6667,0.7872,0.6545,0.8243
Dataset_2,Left,ResNet (Standard),887,19,36,13,6,0.7432,0.76,0.7347,0.6667,0.809
Dataset_2,Left,ResNet (Standard),888,19,35,9,11,0.7297,0.6333,0.7955,0.6552,0.7841
Dataset_2,Left,ResNet (Standard),889,23,27,14,10,0.6757,0.697,0.6585,0.6571,0.7428
Dataset_2,Left,ResNet (Standard),890,18,38,11,7,0.7568,0.72,0.7755,0.6667,0.7616
Dataset_2,Left,ResNet (Standard),891,29,32,8,5,0.8243,0.8529,0.8,0.8169,0.8691
Dataset_2,Left,ResNet (Standard),892,17,41,12,4,0.7838,0.8095,0.7736,0.68,0.8625
Dataset_2,Left,ResNet (Standard),893,17,32,17,8,0.6622,0.68,0.6531,0.5763,0.7208
Dataset_2,Left,ResNet (Standard),894,17,34,13,10,0.6892,0.6296,0.7234,0.5965,0.7069
Dataset_2,Left,ResNet (Standard),895,19,34,13,8,0.7162,0.7037,0.7234,0.6441,0.7518
Dataset_2,Left,ResNet (Standard),896,20,39,9,6,0.7973,0.7692,0.8125,0.7273,0.8694
Dataset_2,Left,ResNet (Standard),897,16,40,9,9,0.7568,0.64,0.8163,0.64,0.8073
Dataset_2,Left,ResNet (Standard),898,18,30,13,13,0.6486,0.5806,0.6977,0.5806,0.6819
Dataset_2,Left,ResNet (Standard),899,13,31,17,13,0.5946,0.5,0.6458,0.4643,0.629
Dataset_2,Left,ResNet (Standard),900,18,40,14,2,0.7838,0.9,0.7407,0.6923,0.8537
Dataset_2,Left,ResNet (Standard),901,11,40,16,7,0.6892,0.6111,0.7143,0.4889,0.6677
Dataset_2,Left,ResNet (Standard),902,15,27,20,12,0.5676,0.5556,0.5745,0.4839,0.6793
Dataset_2,Left,ResNet (Standard),903,16,37,15,6,0.7162,0.7273,0.7115,0.6038,0.778
Dataset_2,Left,ResNet (Standard),904,13,31,19,11,0.5946,0.5417,0.62,0.4643,0.6225
Dataset_2,Left,ResNet (Standard),905,13,38,16,7,0.6892,0.65,0.7037,0.5306,0.7194
Dataset_2,Left,ResNet (Standard),906,15,39,11,9,0.7297,0.625,0.78,0.6,0.8033
Dataset_2,Left,ResNet (Standard),907,13,37,16,8,0.6757,0.619,0.6981,0.52,0.7332
Dataset_2,Left,ResNet (Standard),908,20,27,15,12,0.6351,0.625,0.6429,0.597,0.7299
Dataset_2,Left,ResNet (Standard),909,17,35,17,5,0.7027,0.7727,0.6731,0.6071,0.7194
Dataset_2,Left,ResNet (Standard),910,15,36,12,11,0.6892,0.5769,0.75,0.566,0.6715
Dataset_2,Left,ResNet (Standard),911,20,30,17,7,0.6757,0.7407,0.6383,0.625,0.773
Dataset_2,Left,ResNet (Standard),912,20,28,14,12,0.6486,0.625,0.6667,0.6061,0.6644
Dataset_2,Left,ResNet (Standard),913,17,39,10,8,0.7568,0.68,0.7959,0.6538,0.7755
Dataset_2,Left,ResNet (Standard),914,18,29,15,12,0.6351,0.6,0.6591,0.5714,0.6644
Dataset_2,Left,ResNet (Standard),915,13,34,17,10,0.6351,0.5652,0.6667,0.4906,0.6991
Dataset_2,Left,ResNet (Standard),916,21,29,14,10,0.6757,0.6774,0.6744,0.6364,0.7209
Dataset_2,Left,ResNet (Standard),917,24,30,9,11,0.7297,0.6857,0.7692,0.7059,0.7524
Dataset_2,Left,ResNet (Standard),918,22,33,12,7,0.7432,0.7586,0.7333,0.6984,0.8107
Dataset_2,Left,ResNet (Standard),919,19,29,19,7,0.6486,0.7308,0.6042,0.5937,0.7893
Dataset_2,Left,ResNet (Standard),920,21,29,16,8,0.6757,0.7241,0.6444,0.6364,0.8123
Dataset_2,Left,ResNet (Standard),921,26,21,13,14,0.6351,0.65,0.6176,0.6582,0.7176
Dataset_2,Left,ResNet (Standard),922,18,32,13,11,0.6757,0.6207,0.7111,0.6,0.7226
Dataset_2,Left,ResNet (Standard),923,25,29,15,5,0.7297,0.8333,0.6591,0.7143,0.8402
Dataset_2,Left,ResNet (Standard),924,14,35,15,10,0.6622,0.5833,0.7,0.5283,0.7392
Dataset_2,Left,ResNet (Standard),925,19,38,10,7,0.7703,0.7308,0.7917,0.6909,0.8277
Dataset_2,Left,ResNet (Standard),926,17,40,12,5,0.7703,0.7727,0.7692,0.6667,0.785
Dataset_2,Left,ResNet (Standard),927,13,41,13,7,0.7297,0.65,0.7593,0.5652,0.7093
Dataset_2,Left,ResNet (Standard),928,17,39,12,6,0.7568,0.7391,0.7647,0.6538,0.7903
Dataset_2,Left,ResNet (Standard),929,19,32,15,8,0.6892,0.7037,0.6809,0.623,0.7801
Dataset_2,Left,ResNet (Standard),930,18,34,17,5,0.7027,0.7826,0.6667,0.6207,0.7417
Dataset_2,Left,ResNet (Standard),931,16,37,11,10,0.7162,0.6154,0.7708,0.6038,0.7724
Dataset_2,Left,ResNet (Standard),932,19,32,14,9,0.6892,0.6786,0.6957,0.623,0.6413
Dataset_2,Left,ResNet (Standard),933,18,32,13,11,0.6757,0.6207,0.7111,0.6,0.6728
Dataset_2,Left,ResNet (Standard),934,15,41,14,4,0.7568,0.7895,0.7455,0.625,0.7837
Dataset_2,Left,ResNet (Standard),935,18,33,17,6,0.6892,0.75,0.66,0.6102,0.75
Dataset_2,Left,ResNet (Standard),936,15,38,11,10,0.7162,0.6,0.7755,0.5882,0.7478
Dataset_2,Left,ResNet (Standard),937,14,39,15,6,0.7162,0.7,0.7222,0.5714,0.762
Dataset_2,Left,ResNet (Standard),938,29,27,12,6,0.7568,0.8286,0.6923,0.7632,0.7985
Dataset_2,Left,ResNet (Standard),939,17,34,12,11,0.6892,0.6071,0.7391,0.5965,0.7337
Dataset_2,Left,ResNet (Standard),940,16,37,13,8,0.7162,0.6667,0.74,0.6038,0.7492
Dataset_2,Left,ResNet (Standard),941,11,41,15,7,0.7027,0.6111,0.7321,0.5,0.6974
Dataset_2,Left,ResNet (Standard),942,21,37,13,3,0.7838,0.875,0.74,0.7241,0.8792
Dataset_2,Left,ResNet (Standard),943,17,39,12,6,0.7568,0.7391,0.7647,0.6538,0.8031
Dataset_2,Left,ResNet (Standard),944,20,36,11,7,0.7568,0.7407,0.766,0.6897,0.8779
Dataset_2,Left,ResNet (Standard),945,13,36,19,6,0.6622,0.6842,0.6545,0.5098,0.711
Dataset_2,Left,ResNet (Standard),946,19,34,15,6,0.7162,0.76,0.6939,0.6441,0.7976
Dataset_2,Left,ResNet (Standard),947,11,31,16,16,0.5676,0.4074,0.6596,0.4074,0.6391
Dataset_2,Left,ResNet (Standard),948,15,39,15,5,0.7297,0.75,0.7222,0.6,0.7657
Dataset_2,Left,ResNet (Standard),949,16,40,13,5,0.7568,0.7619,0.7547,0.64,0.8095
Dataset_2,Left,ResNet (Standard),950,17,30,18,9,0.6351,0.6538,0.625,0.5574,0.7292
Dataset_2,Left,ResNet (Standard),951,15,35,14,10,0.6757,0.6,0.7143,0.5556,0.7151
Dataset_2,Left,ResNet (Standard),952,19,28,21,6,0.6351,0.76,0.5714,0.5846,0.7322
Dataset_2,Left,ResNet (Standard),953,15,35,20,4,0.6757,0.7895,0.6364,0.5556,0.7014
Dataset_2,Left,ResNet (Standard),954,15,35,20,4,0.6757,0.7895,0.6364,0.5556,0.7426
Dataset_2,Left,ResNet (Standard),955,21,39,10,4,0.8108,0.84,0.7959,0.75,0.8343
Dataset_2,Left,ResNet (Standard),956,20,36,13,5,0.7568,0.8,0.7347,0.6897,0.8612
Dataset_2,Left,ResNet (Standard),957,18,32,19,5,0.6757,0.7826,0.6275,0.6,0.7323
Dataset_2,Left,ResNet (Standard),958,16,35,15,8,0.6892,0.6667,0.7,0.5818,0.7508
Dataset_2,Left,ResNet (Standard),959,16,29,18,11,0.6081,0.5926,0.617,0.5246,0.6217
Dataset_2,Left,ResNet (Standard),960,14,36,11,13,0.6757,0.5185,0.766,0.5385,0.6777
Dataset_2,Left,ResNet (Standard),961,22,32,17,3,0.7297,0.88,0.6531,0.6875,0.8278
Dataset_2,Left,ResNet (Standard),962,23,31,13,7,0.7297,0.7667,0.7045,0.697,0.8091
Dataset_2,Left,ResNet (Standard),963,19,31,16,8,0.6757,0.7037,0.6596,0.6129,0.7557
Dataset_2,Left,ResNet (Standard),964,22,29,15,8,0.6892,0.7333,0.6591,0.6567,0.75
Dataset_2,Left,ResNet (Standard),965,16,34,14,10,0.6757,0.6154,0.7083,0.5714,0.7188
Dataset_2,Left,ResNet (Standard),966,14,34,18,8,0.6486,0.6364,0.6538,0.5185,0.6932
Dataset_2,Left,ResNet (Standard),967,20,30,13,11,0.6757,0.6452,0.6977,0.625,0.7442
Dataset_2,Left,ResNet (Standard),968,19,35,14,6,0.7297,0.76,0.7143,0.6552,0.7347
Dataset_2,Left,ResNet (Standard),969,20,39,9,6,0.7973,0.7692,0.8125,0.7273,0.7989
Dataset_2,Left,ResNet (Standard),970,26,29,8,11,0.7432,0.7027,0.7838,0.7324,0.7831
Dataset_2,Left,ResNet (Standard),971,16,40,12,6,0.7568,0.7273,0.7692,0.64,0.8269
Dataset_2,Left,ResNet (Standard),972,16,40,12,6,0.7568,0.7273,0.7692,0.64,0.792
Dataset_2,Left,ResNet (Standard),973,15,41,8,10,0.7568,0.6,0.8367,0.625,0.7918
Dataset_2,Left,ResNet (Standard),974,15,40,14,5,0.7432,0.75,0.7407,0.6122,0.7861
Dataset_2,Left,ResNet (Standard),975,21,29,16,8,0.6757,0.7241,0.6444,0.6364,0.6605
Dataset_2,Left,ResNet (Standard),976,12,34,15,13,0.6216,0.48,0.6939,0.4615,0.7078
Dataset_2,Left,ResNet (Standard),977,13,34,18,9,0.6351,0.5909,0.6538,0.4906,0.7133
Dataset_2,Left,ResNet (Standard),978,13,40,15,6,0.7162,0.6842,0.7273,0.5532,0.8096
Dataset_2,Left,ResNet (Standard),979,21,36,13,4,0.7703,0.84,0.7347,0.7119,0.84
Dataset_2,Left,ResNet (Standard),980,17,33,17,7,0.6757,0.7083,0.66,0.5862,0.785
Dataset_2,Left,ResNet (Standard),981,22,34,11,7,0.7568,0.7586,0.7556,0.7097,0.8467
Dataset_2,Left,ResNet (Standard),982,16,29,21,8,0.6081,0.6667,0.58,0.5246,0.7075
Dataset_2,Left,ResNet (Standard),983,18,32,16,8,0.6757,0.6923,0.6667,0.6,0.6538
Dataset_2,Left,ResNet (Standard),984,21,32,15,6,0.7162,0.7778,0.6809,0.6667,0.7652
Dataset_2,Left,ResNet (Standard),985,18,29,16,11,0.6351,0.6207,0.6444,0.5714,0.7249
Dataset_2,Left,ResNet (Standard),986,16,34,18,6,0.6757,0.7273,0.6538,0.5714,0.7841
Dataset_2,Left,ResNet (Standard),987,20,31,13,10,0.6892,0.6667,0.7045,0.6349,0.7538
Dataset_2,Left,ResNet (Standard),988,19,35,15,5,0.7297,0.7917,0.7,0.6552,0.8
Dataset_2,Left,ResNet (Standard),989,22,34,9,9,0.7568,0.7097,0.7907,0.7097,0.8357
Dataset_2,Left,ResNet (Standard),990,18,31,18,7,0.6622,0.72,0.6327,0.5902,0.7102
Dataset_2,Left,ResNet (Standard),991,18,37,14,5,0.7432,0.7826,0.7255,0.6545,0.8056
Dataset_2,Left,ResNet (Standard),992,19,30,15,10,0.6622,0.6552,0.6667,0.6032,0.6981
Dataset_2,Left,ResNet (Standard),993,11,30,19,14,0.5541,0.44,0.6122,0.4,0.6155
Dataset_2,Left,ResNet (Standard),994,19,32,15,8,0.6892,0.7037,0.6809,0.623,0.7116
Dataset_2,Left,ResNet (Standard),995,16,32,16,10,0.6486,0.6154,0.6667,0.5517,0.6514
Dataset_2,Left,ResNet (Standard),996,17,41,12,4,0.7838,0.8095,0.7736,0.68,0.8652
Dataset_2,Left,ResNet (Standard),997,11,36,17,10,0.6351,0.5238,0.6792,0.449,0.6846
Dataset_2,Left,ResNet (Standard),998,19,28,15,12,0.6351,0.6129,0.6512,0.5846,0.7217
Dataset_2,Left,ResNet (Standard),999,22,31,15,6,0.7162,0.7857,0.6739,0.6769,0.7484
Dataset_2,Left,ResNet (Standard),1000,19,35,16,4,0.7297,0.8261,0.6863,0.6552,0.8338
Dataset_2,Left,ResNet (AutoEncoder),1,16,39,12,7,0.7432,0.6957,0.7647,0.6275,0.7903
Dataset_2,Left,ResNet (AutoEncoder),2,21,28,17,8,0.6622,0.7241,0.6222,0.6269,0.7693
Dataset_2,Left,ResNet (AutoEncoder),3,20,29,19,6,0.6622,0.7692,0.6042,0.6154,0.7885
Dataset_2,Left,ResNet (AutoEncoder),4,22,32,14,6,0.7297,0.7857,0.6957,0.6875,0.8012
Dataset_2,Left,ResNet (AutoEncoder),5,14,37,10,13,0.6892,0.5185,0.7872,0.549,0.7242
Dataset_2,Left,ResNet (AutoEncoder),6,23,31,11,9,0.7297,0.7188,0.7381,0.697,0.7976
Dataset_2,Left,ResNet (AutoEncoder),7,18,38,12,6,0.7568,0.75,0.76,0.6667,0.8733
Dataset_2,Left,ResNet (AutoEncoder),8,26,23,17,8,0.6622,0.7647,0.575,0.6753,0.7926
Dataset_2,Left,ResNet (AutoEncoder),9,25,31,9,9,0.7568,0.7353,0.775,0.7353,0.8338
Dataset_2,Left,ResNet (AutoEncoder),10,17,40,11,6,0.7703,0.7391,0.7843,0.6667,0.8082
Dataset_2,Left,ResNet (AutoEncoder),11,20,36,16,2,0.7568,0.9091,0.6923,0.6897,0.9283
Dataset_2,Left,ResNet (AutoEncoder),12,18,33,16,7,0.6892,0.72,0.6735,0.6102,0.778
Dataset_2,Left,ResNet (AutoEncoder),13,11,40,14,9,0.6892,0.55,0.7407,0.4889,0.7037
Dataset_2,Left,ResNet (AutoEncoder),14,20,31,16,7,0.6892,0.7407,0.6596,0.6349,0.7833
Dataset_2,Left,ResNet (AutoEncoder),15,12,41,16,5,0.7162,0.7059,0.7193,0.5333,0.8462
Dataset_2,Left,ResNet (AutoEncoder),16,19,31,17,7,0.6757,0.7308,0.6458,0.6129,0.7572
Dataset_2,Left,ResNet (AutoEncoder),17,18,27,19,10,0.6081,0.6429,0.587,0.5538,0.712
Dataset_2,Left,ResNet (AutoEncoder),18,17,34,16,7,0.6892,0.7083,0.68,0.5965,0.7383
Dataset_2,Left,ResNet (AutoEncoder),19,22,37,10,5,0.7973,0.8148,0.7872,0.7458,0.7943
Dataset_2,Left,ResNet (AutoEncoder),20,13,38,16,7,0.6892,0.65,0.7037,0.5306,0.7306
Dataset_2,Left,ResNet (AutoEncoder),21,11,34,21,8,0.6081,0.5789,0.6182,0.4314,0.6555
Dataset_2,Left,ResNet (AutoEncoder),22,14,32,13,15,0.6216,0.4828,0.7111,0.5,0.6996
Dataset_2,Left,ResNet (AutoEncoder),23,16,35,15,8,0.6892,0.6667,0.7,0.5818,0.7458
Dataset_2,Left,ResNet (AutoEncoder),24,13,41,12,8,0.7297,0.619,0.7736,0.5652,0.7188
Dataset_2,Left,ResNet (AutoEncoder),25,16,38,13,7,0.7297,0.6957,0.7451,0.6154,0.7229
Dataset_2,Left,ResNet (AutoEncoder),26,15,39,13,7,0.7297,0.6818,0.75,0.6,0.7649
Dataset_2,Left,ResNet (AutoEncoder),27,20,27,19,8,0.6351,0.7143,0.587,0.597,0.7585
Dataset_2,Left,ResNet (AutoEncoder),28,22,31,14,7,0.7162,0.7586,0.6889,0.6769,0.8215
Dataset_2,Left,ResNet (AutoEncoder),29,17,33,17,7,0.6757,0.7083,0.66,0.5862,0.7792
Dataset_2,Left,ResNet (AutoEncoder),30,20,34,15,5,0.7297,0.8,0.6939,0.6667,0.871
Dataset_2,Left,ResNet (AutoEncoder),31,15,28,21,10,0.5811,0.6,0.5714,0.4918,0.671
Dataset_2,Left,ResNet (AutoEncoder),32,22,35,12,5,0.7703,0.8148,0.7447,0.7213,0.844
Dataset_2,Left,ResNet (AutoEncoder),33,20,25,19,10,0.6081,0.6667,0.5682,0.5797,0.6629
Dataset_2,Left,ResNet (AutoEncoder),34,14,28,17,15,0.5676,0.4828,0.6222,0.4667,0.682
Dataset_2,Left,ResNet (AutoEncoder),35,15,34,14,11,0.6622,0.5769,0.7083,0.5455,0.6755
Dataset_2,Left,ResNet (AutoEncoder),36,17,31,20,6,0.6486,0.7391,0.6078,0.5667,0.7374
Dataset_2,Left,ResNet (AutoEncoder),37,25,25,18,6,0.6757,0.8065,0.5814,0.6757,0.8245
Dataset_2,Left,ResNet (AutoEncoder),38,21,28,16,9,0.6622,0.7,0.6364,0.6269,0.7295
Dataset_2,Left,ResNet (AutoEncoder),39,19,26,22,7,0.6081,0.7308,0.5417,0.5672,0.7556
Dataset_2,Left,ResNet (AutoEncoder),40,16,29,20,9,0.6081,0.64,0.5918,0.5246,0.6792
Dataset_2,Left,ResNet (AutoEncoder),41,12,37,15,10,0.6622,0.5455,0.7115,0.4898,0.7815
Dataset_2,Left,ResNet (AutoEncoder),42,21,33,14,6,0.7297,0.7778,0.7021,0.6774,0.8188
Dataset_2,Left,ResNet (AutoEncoder),43,16,31,15,12,0.6351,0.5714,0.6739,0.5424,0.6801
Dataset_2,Left,ResNet (AutoEncoder),44,17,36,14,7,0.7162,0.7083,0.72,0.6182,0.8158
Dataset_2,Left,ResNet (AutoEncoder),45,30,26,14,4,0.7568,0.8824,0.65,0.7692,0.8316
Dataset_2,Left,ResNet (AutoEncoder),46,13,36,15,10,0.6622,0.5652,0.7059,0.5098,0.7187
Dataset_2,Left,ResNet (AutoEncoder),47,17,35,11,11,0.7027,0.6071,0.7609,0.6071,0.8276
Dataset_2,Left,ResNet (AutoEncoder),48,16,30,20,8,0.6216,0.6667,0.6,0.5333,0.77
Dataset_2,Left,ResNet (AutoEncoder),49,10,45,14,5,0.7432,0.6667,0.7627,0.5128,0.7808
Dataset_2,Left,ResNet (AutoEncoder),50,15,34,16,9,0.6622,0.625,0.68,0.5455,0.6642
Dataset_2,Left,ResNet (AutoEncoder),51,15,34,13,12,0.6622,0.5556,0.7234,0.5455,0.6895
Dataset_2,Left,ResNet (AutoEncoder),52,16,31,18,9,0.6351,0.64,0.6327,0.5424,0.671
Dataset_2,Left,ResNet (AutoEncoder),53,23,35,11,5,0.7838,0.8214,0.7609,0.7419,0.8626
Dataset_2,Left,ResNet (AutoEncoder),54,24,29,14,7,0.7162,0.7742,0.6744,0.6957,0.8132
Dataset_2,Left,ResNet (AutoEncoder),55,18,38,12,6,0.7568,0.75,0.76,0.6667,0.7942
Dataset_2,Left,ResNet (AutoEncoder),56,17,32,17,8,0.6622,0.68,0.6531,0.5763,0.7722
Dataset_2,Left,ResNet (AutoEncoder),57,20,35,8,11,0.7432,0.6452,0.814,0.678,0.811
Dataset_2,Left,ResNet (AutoEncoder),58,18,32,15,9,0.6757,0.6667,0.6809,0.6,0.7691
Dataset_2,Left,ResNet (AutoEncoder),59,18,29,20,7,0.6351,0.72,0.5918,0.5714,0.7184
Dataset_2,Left,ResNet (AutoEncoder),60,18,32,20,4,0.6757,0.8182,0.6154,0.6,0.7823
Dataset_2,Left,ResNet (AutoEncoder),61,19,34,12,9,0.7162,0.6786,0.7391,0.6441,0.8183
Dataset_2,Left,ResNet (AutoEncoder),62,16,34,15,9,0.6757,0.64,0.6939,0.5714,0.7371
Dataset_2,Left,ResNet (AutoEncoder),63,15,24,26,9,0.527,0.625,0.48,0.4615,0.6508
Dataset_2,Left,ResNet (AutoEncoder),64,18,33,15,8,0.6892,0.6923,0.6875,0.6102,0.7837
Dataset_2,Left,ResNet (AutoEncoder),65,22,27,13,12,0.6622,0.6471,0.675,0.6377,0.7404
Dataset_2,Left,ResNet (AutoEncoder),66,15,35,14,10,0.6757,0.6,0.7143,0.5556,0.7216
Dataset_2,Left,ResNet (AutoEncoder),67,15,38,12,9,0.7162,0.625,0.76,0.5882,0.7467
Dataset_2,Left,ResNet (AutoEncoder),68,21,36,12,5,0.7703,0.8077,0.75,0.7119,0.8486
Dataset_2,Left,ResNet (AutoEncoder),69,22,28,16,8,0.6757,0.7333,0.6364,0.6471,0.7864
Dataset_2,Left,ResNet (AutoEncoder),70,21,26,17,10,0.6351,0.6774,0.6047,0.6087,0.7337
Dataset_2,Left,ResNet (AutoEncoder),71,22,33,13,6,0.7432,0.7857,0.7174,0.6984,0.8175
Dataset_2,Left,ResNet (AutoEncoder),72,17,32,19,6,0.6622,0.7391,0.6275,0.5763,0.7016
Dataset_2,Left,ResNet (AutoEncoder),73,24,31,14,5,0.7432,0.8276,0.6889,0.7164,0.8751
Dataset_2,Left,ResNet (AutoEncoder),74,12,36,19,7,0.6486,0.6316,0.6545,0.48,0.7541
Dataset_2,Left,ResNet (AutoEncoder),75,19,33,17,5,0.7027,0.7917,0.66,0.6333,0.7583
Dataset_2,Left,ResNet (AutoEncoder),76,22,34,12,6,0.7568,0.7857,0.7391,0.7097,0.8199
Dataset_2,Left,ResNet (AutoEncoder),77,16,31,19,8,0.6351,0.6667,0.62,0.5424,0.6858
Dataset_2,Left,ResNet (AutoEncoder),78,18,29,19,8,0.6351,0.6923,0.6042,0.5714,0.7139
Dataset_2,Left,ResNet (AutoEncoder),79,18,31,18,7,0.6622,0.72,0.6327,0.5902,0.8114
Dataset_2,Left,ResNet (AutoEncoder),80,14,35,14,11,0.6622,0.56,0.7143,0.5283,0.6514
Dataset_2,Left,ResNet (AutoEncoder),81,18,38,12,6,0.7568,0.75,0.76,0.6667,0.815
Dataset_2,Left,ResNet (AutoEncoder),82,12,42,11,9,0.7297,0.5714,0.7925,0.5455,0.6765
Dataset_2,Left,ResNet (AutoEncoder),83,16,30,17,11,0.6216,0.5926,0.6383,0.5333,0.7549
Dataset_2,Left,ResNet (AutoEncoder),84,22,38,10,4,0.8108,0.8462,0.7917,0.7586,0.8742
Dataset_2,Left,ResNet (AutoEncoder),85,16,33,18,7,0.6622,0.6957,0.6471,0.5614,0.7664
Dataset_2,Left,ResNet (AutoEncoder),86,16,37,14,7,0.7162,0.6957,0.7255,0.6038,0.7954
Dataset_2,Left,ResNet (AutoEncoder),87,18,32,20,4,0.6757,0.8182,0.6154,0.6,0.8156
Dataset_2,Left,ResNet (AutoEncoder),88,15,31,21,7,0.6216,0.6818,0.5962,0.5172,0.7526
Dataset_2,Left,ResNet (AutoEncoder),89,21,29,12,12,0.6757,0.6364,0.7073,0.6364,0.7421
Dataset_2,Left,ResNet (AutoEncoder),90,25,29,13,7,0.7297,0.7812,0.6905,0.7143,0.7396
Dataset_2,Left,ResNet (AutoEncoder),91,25,20,15,14,0.6081,0.641,0.5714,0.6329,0.7436
Dataset_2,Left,ResNet (AutoEncoder),92,16,35,16,7,0.6892,0.6957,0.6863,0.5818,0.7579
Dataset_2,Left,ResNet (AutoEncoder),93,22,35,10,7,0.7703,0.7586,0.7778,0.7213,0.872
Dataset_2,Left,ResNet (AutoEncoder),94,18,35,14,7,0.7162,0.72,0.7143,0.6316,0.791
Dataset_2,Left,ResNet (AutoEncoder),95,17,35,16,6,0.7027,0.7391,0.6863,0.6071,0.792
Dataset_2,Left,ResNet (AutoEncoder),96,14,39,14,7,0.7162,0.6667,0.7358,0.5714,0.7754
Dataset_2,Left,ResNet (AutoEncoder),97,12,41,10,11,0.7162,0.5217,0.8039,0.5333,0.688
Dataset_2,Left,ResNet (AutoEncoder),98,19,41,9,5,0.8108,0.7917,0.82,0.7308,0.8333
Dataset_2,Left,ResNet (AutoEncoder),99,21,27,16,10,0.6486,0.6774,0.6279,0.6176,0.7659
Dataset_2,Left,ResNet (AutoEncoder),100,25,33,11,5,0.7838,0.8333,0.75,0.7576,0.8614
Dataset_2,Left,ResNet (AutoEncoder),101,19,33,17,5,0.7027,0.7917,0.66,0.6333,0.83
Dataset_2,Left,ResNet (AutoEncoder),102,19,37,13,5,0.7568,0.7917,0.74,0.6786,0.8908
Dataset_2,Left,ResNet (AutoEncoder),103,20,33,15,6,0.7162,0.7692,0.6875,0.6557,0.7949
Dataset_2,Left,ResNet (AutoEncoder),104,16,41,12,5,0.7703,0.7619,0.7736,0.6531,0.8428
Dataset_2,Left,ResNet (AutoEncoder),105,19,29,15,11,0.6486,0.6333,0.6591,0.5938,0.722
Dataset_2,Left,ResNet (AutoEncoder),106,18,36,12,8,0.7297,0.6923,0.75,0.6429,0.7973
Dataset_2,Left,ResNet (AutoEncoder),107,12,38,12,12,0.6757,0.5,0.76,0.5,0.72
Dataset_2,Left,ResNet (AutoEncoder),108,21,35,13,5,0.7568,0.8077,0.7292,0.7,0.8365
Dataset_2,Left,ResNet (AutoEncoder),109,20,29,19,6,0.6622,0.7692,0.6042,0.6154,0.7708
Dataset_2,Left,ResNet (AutoEncoder),110,14,29,25,6,0.5811,0.7,0.537,0.4746,0.6778
Dataset_2,Left,ResNet (AutoEncoder),111,19,34,14,7,0.7162,0.7308,0.7083,0.6441,0.8942
Dataset_2,Left,ResNet (AutoEncoder),112,16,35,13,10,0.6892,0.6154,0.7292,0.5818,0.7404
Dataset_2,Left,ResNet (AutoEncoder),113,23,30,13,8,0.7162,0.7419,0.6977,0.6866,0.82
Dataset_2,Left,ResNet (AutoEncoder),114,18,36,15,5,0.7297,0.7826,0.7059,0.6429,0.7494
Dataset_2,Left,ResNet (AutoEncoder),115,19,34,16,5,0.7162,0.7917,0.68,0.6441,0.8117
Dataset_2,Left,ResNet (AutoEncoder),116,14,34,19,7,0.6486,0.6667,0.6415,0.5185,0.6891
Dataset_2,Left,ResNet (AutoEncoder),117,14,37,17,6,0.6892,0.7,0.6852,0.549,0.7333
Dataset_2,Left,ResNet (AutoEncoder),118,20,32,17,5,0.7027,0.8,0.6531,0.6452,0.7976
Dataset_2,Left,ResNet (AutoEncoder),119,12,40,15,7,0.7027,0.6316,0.7273,0.5217,0.8057
Dataset_2,Left,ResNet (AutoEncoder),120,17,41,12,4,0.7838,0.8095,0.7736,0.68,0.8994
Dataset_2,Left,ResNet (AutoEncoder),121,22,31,17,4,0.7162,0.8462,0.6458,0.6769,0.8253
Dataset_2,Left,ResNet (AutoEncoder),122,21,25,18,10,0.6216,0.6774,0.5814,0.6,0.7067
Dataset_2,Left,ResNet (AutoEncoder),123,23,31,14,6,0.7297,0.7931,0.6889,0.697,0.7954
Dataset_2,Left,ResNet (AutoEncoder),124,20,35,14,5,0.7432,0.8,0.7143,0.678,0.8465
Dataset_2,Left,ResNet (AutoEncoder),125,19,30,13,12,0.6622,0.6129,0.6977,0.6032,0.7577
Dataset_2,Left,ResNet (AutoEncoder),126,14,30,23,7,0.5946,0.6667,0.566,0.4828,0.7332
Dataset_2,Left,ResNet (AutoEncoder),127,15,36,18,5,0.6892,0.75,0.6667,0.566,0.8
Dataset_2,Left,ResNet (AutoEncoder),128,12,34,18,10,0.6216,0.5455,0.6538,0.4615,0.6748
Dataset_2,Left,ResNet (AutoEncoder),129,19,39,10,6,0.7838,0.76,0.7959,0.7037,0.8392
Dataset_2,Left,ResNet (AutoEncoder),130,22,31,13,8,0.7162,0.7333,0.7045,0.6769,0.7788
Dataset_2,Left,ResNet (AutoEncoder),131,21,31,9,13,0.7027,0.6176,0.775,0.6562,0.7176
Dataset_2,Left,ResNet (AutoEncoder),132,17,32,14,11,0.6622,0.6071,0.6957,0.5763,0.691
Dataset_2,Left,ResNet (AutoEncoder),133,19,33,14,8,0.7027,0.7037,0.7021,0.6333,0.7628
Dataset_2,Left,ResNet (AutoEncoder),134,21,31,14,8,0.7027,0.7241,0.6889,0.6562,0.7954
Dataset_2,Left,ResNet (AutoEncoder),135,20,33,16,5,0.7162,0.8,0.6735,0.6557,0.8269
Dataset_2,Left,ResNet (AutoEncoder),136,17,36,13,8,0.7162,0.68,0.7347,0.6182,0.8335
Dataset_2,Left,ResNet (AutoEncoder),137,21,25,15,13,0.6216,0.6176,0.625,0.6,0.7206
Dataset_2,Left,ResNet (AutoEncoder),138,14,32,21,7,0.6216,0.6667,0.6038,0.5,0.7862
Dataset_2,Left,ResNet (AutoEncoder),139,20,35,12,7,0.7432,0.7407,0.7447,0.678,0.7817
Dataset_2,Left,ResNet (AutoEncoder),140,23,31,14,6,0.7297,0.7931,0.6889,0.697,0.8284
Dataset_2,Left,ResNet (AutoEncoder),141,19,32,17,6,0.6892,0.76,0.6531,0.623,0.729
Dataset_2,Left,ResNet (AutoEncoder),142,15,32,14,13,0.6351,0.5357,0.6957,0.5263,0.7112
Dataset_2,Left,ResNet (AutoEncoder),143,16,35,16,7,0.6892,0.6957,0.6863,0.5818,0.7553
Dataset_2,Left,ResNet (AutoEncoder),144,17,36,17,4,0.7162,0.8095,0.6792,0.6182,0.7898
Dataset_2,Left,ResNet (AutoEncoder),145,17,31,15,11,0.6486,0.6071,0.6739,0.5667,0.6801
Dataset_2,Left,ResNet (AutoEncoder),146,16,42,13,3,0.7838,0.8421,0.7636,0.6667,0.8871
Dataset_2,Left,ResNet (AutoEncoder),147,22,32,11,9,0.7297,0.7097,0.7442,0.6875,0.7547
Dataset_2,Left,ResNet (AutoEncoder),148,20,33,9,12,0.7162,0.625,0.7857,0.6557,0.7679
Dataset_2,Left,ResNet (AutoEncoder),149,16,35,14,9,0.6892,0.64,0.7143,0.5818,0.7771
Dataset_2,Left,ResNet (AutoEncoder),150,9,32,22,11,0.5541,0.45,0.5926,0.3529,0.6185
Dataset_2,Left,ResNet (AutoEncoder),151,16,28,21,9,0.5946,0.64,0.5714,0.5161,0.6669
Dataset_2,Left,ResNet (AutoEncoder),152,19,37,14,4,0.7568,0.8261,0.7255,0.6786,0.8099
Dataset_2,Left,ResNet (AutoEncoder),153,16,38,13,7,0.7297,0.6957,0.7451,0.6154,0.8261
Dataset_2,Left,ResNet (AutoEncoder),154,25,25,17,7,0.6757,0.7812,0.5952,0.6757,0.7507
Dataset_2,Left,ResNet (AutoEncoder),155,20,34,14,6,0.7297,0.7692,0.7083,0.6667,0.8021
Dataset_2,Left,ResNet (AutoEncoder),156,21,25,17,11,0.6216,0.6562,0.5952,0.6,0.7299
Dataset_2,Left,ResNet (AutoEncoder),157,16,33,14,11,0.6622,0.5926,0.7021,0.5614,0.736
Dataset_2,Left,ResNet (AutoEncoder),158,14,39,15,6,0.7162,0.7,0.7222,0.5714,0.7852
Dataset_2,Left,ResNet (AutoEncoder),159,14,38,12,10,0.7027,0.5833,0.76,0.56,0.7442
Dataset_2,Left,ResNet (AutoEncoder),160,16,28,19,11,0.5946,0.5926,0.5957,0.5161,0.7037
Dataset_2,Left,ResNet (AutoEncoder),161,18,39,11,6,0.7703,0.75,0.78,0.6792,0.8233
Dataset_2,Left,ResNet (AutoEncoder),162,13,38,12,11,0.6892,0.5417,0.76,0.5306,0.6833
Dataset_2,Left,ResNet (AutoEncoder),163,13,41,14,6,0.7297,0.6842,0.7455,0.5652,0.8325
Dataset_2,Left,ResNet (AutoEncoder),164,16,31,15,12,0.6351,0.5714,0.6739,0.5424,0.6157
Dataset_2,Left,ResNet (AutoEncoder),165,19,36,9,10,0.7432,0.6552,0.8,0.6667,0.7885
Dataset_2,Left,ResNet (AutoEncoder),166,16,36,13,9,0.7027,0.64,0.7347,0.5926,0.7143
Dataset_2,Left,ResNet (AutoEncoder),167,14,43,15,2,0.7703,0.875,0.7414,0.6222,0.8825
Dataset_2,Left,ResNet (AutoEncoder),168,17,35,13,9,0.7027,0.6538,0.7292,0.6071,0.7764
Dataset_2,Left,ResNet (AutoEncoder),169,15,40,13,6,0.7432,0.7143,0.7547,0.6122,0.8023
Dataset_2,Left,ResNet (AutoEncoder),170,22,31,16,5,0.7162,0.8148,0.6596,0.6769,0.8779
Dataset_2,Left,ResNet (AutoEncoder),171,19,35,12,8,0.7297,0.7037,0.7447,0.6552,0.8432
Dataset_2,Left,ResNet (AutoEncoder),172,17,33,15,9,0.6757,0.6538,0.6875,0.5862,0.73
Dataset_2,Left,ResNet (AutoEncoder),173,19,32,16,7,0.6892,0.7308,0.6667,0.623,0.7885
Dataset_2,Left,ResNet (AutoEncoder),174,19,31,19,5,0.6757,0.7917,0.62,0.6129,0.7967
Dataset_2,Left,ResNet (AutoEncoder),175,18,33,12,11,0.6892,0.6207,0.7333,0.6102,0.7425
Dataset_2,Left,ResNet (AutoEncoder),176,22,29,13,10,0.6892,0.6875,0.6905,0.6567,0.7388
Dataset_2,Left,ResNet (AutoEncoder),177,20,37,11,6,0.7703,0.7692,0.7708,0.7018,0.871
Dataset_2,Left,ResNet (AutoEncoder),178,18,36,15,5,0.7297,0.7826,0.7059,0.6429,0.8329
Dataset_2,Left,ResNet (AutoEncoder),179,21,33,13,7,0.7297,0.75,0.7174,0.6774,0.7997
Dataset_2,Left,ResNet (AutoEncoder),180,14,37,12,11,0.6892,0.56,0.7551,0.549,0.671
Dataset_2,Left,ResNet (AutoEncoder),181,15,27,20,12,0.5676,0.5556,0.5745,0.4839,0.5957
Dataset_2,Left,ResNet (AutoEncoder),182,16,29,21,8,0.6081,0.6667,0.58,0.5246,0.6817
Dataset_2,Left,ResNet (AutoEncoder),183,20,30,17,7,0.6757,0.7407,0.6383,0.625,0.8156
Dataset_2,Left,ResNet (AutoEncoder),184,24,33,11,6,0.7703,0.8,0.75,0.7385,0.8341
Dataset_2,Left,ResNet (AutoEncoder),185,21,26,14,13,0.6351,0.6176,0.65,0.6087,0.7257
Dataset_2,Left,ResNet (AutoEncoder),186,12,41,14,7,0.7162,0.6316,0.7455,0.5333,0.755
Dataset_2,Left,ResNet (AutoEncoder),187,14,31,17,12,0.6081,0.5385,0.6458,0.4912,0.625
Dataset_2,Left,ResNet (AutoEncoder),188,26,25,13,10,0.6892,0.7222,0.6579,0.6933,0.7639
Dataset_2,Left,ResNet (AutoEncoder),189,15,35,14,10,0.6757,0.6,0.7143,0.5556,0.7665
Dataset_2,Left,ResNet (AutoEncoder),190,20,30,19,5,0.6757,0.8,0.6122,0.625,0.831
Dataset_2,Left,ResNet (AutoEncoder),191,21,27,19,7,0.6486,0.75,0.587,0.6176,0.7811
Dataset_2,Left,ResNet (AutoEncoder),192,21,28,17,8,0.6622,0.7241,0.6222,0.6269,0.7525
Dataset_2,Left,ResNet (AutoEncoder),193,12,42,13,7,0.7297,0.6316,0.7636,0.5455,0.7388
Dataset_2,Left,ResNet (AutoEncoder),194,12,35,17,10,0.6351,0.5455,0.6731,0.4706,0.7019
Dataset_2,Left,ResNet (AutoEncoder),195,25,32,10,7,0.7703,0.7812,0.7619,0.7463,0.8653
Dataset_2,Left,ResNet (AutoEncoder),196,19,34,12,9,0.7162,0.6786,0.7391,0.6441,0.7407
Dataset_2,Left,ResNet (AutoEncoder),197,24,28,16,6,0.7027,0.8,0.6364,0.6857,0.8258
Dataset_2,Left,ResNet (AutoEncoder),198,17,35,11,11,0.7027,0.6071,0.7609,0.6071,0.7585
Dataset_2,Left,ResNet (AutoEncoder),199,18,36,11,9,0.7297,0.6667,0.766,0.6429,0.6935
Dataset_2,Left,ResNet (AutoEncoder),200,19,35,16,4,0.7297,0.8261,0.6863,0.6552,0.8372
Dataset_2,Left,ResNet (AutoEncoder),201,10,33,20,11,0.5811,0.4762,0.6226,0.3922,0.6056
Dataset_2,Left,ResNet (AutoEncoder),202,17,31,15,11,0.6486,0.6071,0.6739,0.5667,0.705
Dataset_2,Left,ResNet (AutoEncoder),203,22,32,14,6,0.7297,0.7857,0.6957,0.6875,0.8486
Dataset_2,Left,ResNet (AutoEncoder),204,14,28,24,8,0.5676,0.6364,0.5385,0.4667,0.7177
Dataset_2,Left,ResNet (AutoEncoder),205,19,29,20,6,0.6486,0.76,0.5918,0.5938,0.7469
Dataset_2,Left,ResNet (AutoEncoder),206,17,25,24,8,0.5676,0.68,0.5102,0.5152,0.6759
Dataset_2,Left,ResNet (AutoEncoder),207,10,38,15,11,0.6486,0.4762,0.717,0.4348,0.6658
Dataset_2,Left,ResNet (AutoEncoder),208,19,32,13,10,0.6892,0.6552,0.7111,0.623,0.6498
Dataset_2,Left,ResNet (AutoEncoder),209,24,28,14,8,0.7027,0.75,0.6667,0.6857,0.7902
Dataset_2,Left,ResNet (AutoEncoder),210,14,27,22,11,0.5541,0.56,0.551,0.459,0.5804
Dataset_2,Left,ResNet (AutoEncoder),211,18,32,17,7,0.6757,0.72,0.6531,0.6,0.7682
Dataset_2,Left,ResNet (AutoEncoder),212,21,27,16,10,0.6486,0.6774,0.6279,0.6176,0.7344
Dataset_2,Left,ResNet (AutoEncoder),213,17,36,16,5,0.7162,0.7727,0.6923,0.6182,0.7955
Dataset_2,Left,ResNet (AutoEncoder),214,20,30,20,4,0.6757,0.8333,0.6,0.625,0.7775
Dataset_2,Left,ResNet (AutoEncoder),215,18,28,18,10,0.6216,0.6429,0.6087,0.5625,0.7042
Dataset_2,Left,ResNet (AutoEncoder),216,11,39,17,7,0.6757,0.6111,0.6964,0.4783,0.6925
Dataset_2,Left,ResNet (AutoEncoder),217,17,32,21,4,0.6622,0.8095,0.6038,0.5763,0.7978
Dataset_2,Left,ResNet (AutoEncoder),218,16,39,12,7,0.7432,0.6957,0.7647,0.6275,0.7877
Dataset_2,Left,ResNet (AutoEncoder),219,19,32,17,6,0.6892,0.76,0.6531,0.623,0.7886
Dataset_2,Left,ResNet (AutoEncoder),220,21,27,17,9,0.6486,0.7,0.6136,0.6176,0.6636
Dataset_2,Left,ResNet (AutoEncoder),221,10,40,13,11,0.6757,0.4762,0.7547,0.4545,0.6532
Dataset_2,Left,ResNet (AutoEncoder),222,15,35,10,14,0.6757,0.5172,0.7778,0.5556,0.6851
Dataset_2,Left,ResNet (AutoEncoder),223,18,36,11,9,0.7297,0.6667,0.766,0.6429,0.7991
Dataset_2,Left,ResNet (AutoEncoder),224,20,30,15,9,0.6757,0.6897,0.6667,0.625,0.7693
Dataset_2,Left,ResNet (AutoEncoder),225,19,32,19,4,0.6892,0.8261,0.6275,0.623,0.8423
Dataset_2,Left,ResNet (AutoEncoder),226,14,34,14,12,0.6486,0.5385,0.7083,0.5185,0.7051
Dataset_2,Left,ResNet (AutoEncoder),227,20,36,10,8,0.7568,0.7143,0.7826,0.6897,0.8486
Dataset_2,Left,ResNet (AutoEncoder),228,21,38,13,2,0.7973,0.913,0.7451,0.7368,0.9071
Dataset_2,Left,ResNet (AutoEncoder),229,19,27,16,12,0.6216,0.6129,0.6279,0.5758,0.6789
Dataset_2,Left,ResNet (AutoEncoder),230,15,37,16,6,0.7027,0.7143,0.6981,0.5769,0.8356
Dataset_2,Left,ResNet (AutoEncoder),231,13,37,15,9,0.6757,0.5909,0.7115,0.52,0.6801
Dataset_2,Left,ResNet (AutoEncoder),232,15,39,16,4,0.7297,0.7895,0.7091,0.6,0.8641
Dataset_2,Left,ResNet (AutoEncoder),233,16,31,21,6,0.6351,0.7273,0.5962,0.5424,0.7981
Dataset_2,Left,ResNet (AutoEncoder),234,15,37,15,7,0.7027,0.6818,0.7115,0.5769,0.7797
Dataset_2,Left,ResNet (AutoEncoder),235,16,36,12,10,0.7027,0.6154,0.75,0.5926,0.7692
Dataset_2,Left,ResNet (AutoEncoder),236,25,32,13,4,0.7703,0.8621,0.7111,0.7463,0.8812
Dataset_2,Left,ResNet (AutoEncoder),237,16,33,18,7,0.6622,0.6957,0.6471,0.5614,0.7477
Dataset_2,Left,ResNet (AutoEncoder),238,21,34,12,7,0.7432,0.75,0.7391,0.6885,0.7966
Dataset_2,Left,ResNet (AutoEncoder),239,22,28,14,10,0.6757,0.6875,0.6667,0.6471,0.7396
Dataset_2,Left,ResNet (AutoEncoder),240,16,31,15,12,0.6351,0.5714,0.6739,0.5424,0.6949
Dataset_2,Left,ResNet (AutoEncoder),241,20,32,19,3,0.7027,0.8696,0.6275,0.6452,0.8355
Dataset_2,Left,ResNet (AutoEncoder),242,24,21,20,9,0.6081,0.7273,0.5122,0.6234,0.7517
Dataset_2,Left,ResNet (AutoEncoder),243,16,33,16,9,0.6622,0.64,0.6735,0.5614,0.7176
Dataset_2,Left,ResNet (AutoEncoder),244,26,21,15,12,0.6351,0.6842,0.5833,0.6582,0.7412
Dataset_2,Left,ResNet (AutoEncoder),245,21,31,16,6,0.7027,0.7778,0.6596,0.6562,0.7715
Dataset_2,Left,ResNet (AutoEncoder),246,17,29,21,7,0.6216,0.7083,0.58,0.5484,0.7267
Dataset_2,Left,ResNet (AutoEncoder),247,17,34,14,9,0.6892,0.6538,0.7083,0.5965,0.7412
Dataset_2,Left,ResNet (AutoEncoder),248,17,37,16,4,0.7297,0.8095,0.6981,0.6296,0.841
Dataset_2,Left,ResNet (AutoEncoder),249,18,35,15,6,0.7162,0.75,0.7,0.6316,0.8117
Dataset_2,Left,ResNet (AutoEncoder),250,21,28,20,5,0.6622,0.8077,0.5833,0.6269,0.7981
Dataset_2,Left,ResNet (AutoEncoder),251,21,33,12,8,0.7297,0.7241,0.7333,0.6774,0.813
Dataset_2,Left,ResNet (AutoEncoder),252,22,29,13,10,0.6892,0.6875,0.6905,0.6567,0.7812
Dataset_2,Left,ResNet (AutoEncoder),253,13,38,14,9,0.6892,0.5909,0.7308,0.5306,0.7456
Dataset_2,Left,ResNet (AutoEncoder),254,14,34,16,10,0.6486,0.5833,0.68,0.5185,0.6575
Dataset_2,Left,ResNet (AutoEncoder),255,14,36,12,12,0.6757,0.5385,0.75,0.5385,0.6506
Dataset_2,Left,ResNet (AutoEncoder),256,19,41,10,4,0.8108,0.8261,0.8039,0.7308,0.8849
Dataset_2,Left,ResNet (AutoEncoder),257,21,30,17,6,0.6892,0.7778,0.6383,0.6462,0.8329
Dataset_2,Left,ResNet (AutoEncoder),258,16,33,14,11,0.6622,0.5926,0.7021,0.5614,0.658
Dataset_2,Left,ResNet (AutoEncoder),259,24,32,10,8,0.7568,0.75,0.7619,0.7273,0.808
Dataset_2,Left,ResNet (AutoEncoder),260,19,35,12,8,0.7297,0.7037,0.7447,0.6552,0.747
Dataset_2,Left,ResNet (AutoEncoder),261,16,34,20,4,0.6757,0.8,0.6296,0.5714,0.813
Dataset_2,Left,ResNet (AutoEncoder),262,14,39,10,11,0.7162,0.56,0.7959,0.5714,0.7624
Dataset_2,Left,ResNet (AutoEncoder),263,20,30,17,7,0.6757,0.7407,0.6383,0.625,0.7612
Dataset_2,Left,ResNet (AutoEncoder),264,8,38,22,6,0.6216,0.5714,0.6333,0.3636,0.7
Dataset_2,Left,ResNet (AutoEncoder),265,20,33,14,7,0.7162,0.7407,0.7021,0.6557,0.7699
Dataset_2,Left,ResNet (AutoEncoder),266,22,27,13,12,0.6622,0.6471,0.675,0.6377,0.775
Dataset_2,Left,ResNet (AutoEncoder),267,18,35,16,5,0.7162,0.7826,0.6863,0.6316,0.8031
Dataset_2,Left,ResNet (AutoEncoder),268,22,32,8,12,0.7297,0.6471,0.8,0.6875,0.8015
Dataset_2,Left,ResNet (AutoEncoder),269,21,25,22,6,0.6216,0.7778,0.5319,0.6,0.8077
Dataset_2,Left,ResNet (AutoEncoder),270,17,35,15,7,0.7027,0.7083,0.7,0.6071,0.8017
Dataset_2,Left,ResNet (AutoEncoder),271,20,30,15,9,0.6757,0.6897,0.6667,0.625,0.7824
Dataset_2,Left,ResNet (AutoEncoder),272,20,35,8,11,0.7432,0.6452,0.814,0.678,0.811
Dataset_2,Left,ResNet (AutoEncoder),273,23,26,15,10,0.6622,0.697,0.6341,0.6479,0.779
Dataset_2,Left,ResNet (AutoEncoder),274,15,31,18,10,0.6216,0.6,0.6327,0.5172,0.6833
Dataset_2,Left,ResNet (AutoEncoder),275,22,34,11,7,0.7568,0.7586,0.7556,0.7097,0.8023
Dataset_2,Left,ResNet (AutoEncoder),276,16,28,21,9,0.5946,0.64,0.5714,0.5161,0.6596
Dataset_2,Left,ResNet (AutoEncoder),277,14,33,19,8,0.6351,0.6364,0.6346,0.5091,0.75
Dataset_2,Left,ResNet (AutoEncoder),278,13,46,10,5,0.7973,0.7222,0.8214,0.6341,0.8244
Dataset_2,Left,ResNet (AutoEncoder),279,17,36,13,8,0.7162,0.68,0.7347,0.6182,0.7616
Dataset_2,Left,ResNet (AutoEncoder),280,27,28,17,2,0.7432,0.931,0.6222,0.7397,0.8314
Dataset_2,Left,ResNet (AutoEncoder),281,18,33,12,11,0.6892,0.6207,0.7333,0.6102,0.728
Dataset_2,Left,ResNet (AutoEncoder),282,13,43,12,6,0.7568,0.6842,0.7818,0.5909,0.7904
Dataset_2,Left,ResNet (AutoEncoder),283,12,35,17,10,0.6351,0.5455,0.6731,0.4706,0.6687
Dataset_2,Left,ResNet (AutoEncoder),284,15,33,18,8,0.6486,0.6522,0.6471,0.5357,0.7903
Dataset_2,Left,ResNet (AutoEncoder),285,22,31,13,8,0.7162,0.7333,0.7045,0.6769,0.8197
Dataset_2,Left,ResNet (AutoEncoder),286,14,35,13,12,0.6622,0.5385,0.7292,0.5283,0.6907
Dataset_2,Left,ResNet (AutoEncoder),287,16,27,23,8,0.5811,0.6667,0.54,0.5079,0.6983
Dataset_2,Left,ResNet (AutoEncoder),288,23,27,18,6,0.6757,0.7931,0.6,0.6571,0.7931
Dataset_2,Left,ResNet (AutoEncoder),289,20,37,13,4,0.7703,0.8333,0.74,0.7018,0.8908
Dataset_2,Left,ResNet (AutoEncoder),290,24,25,18,7,0.6622,0.7742,0.5814,0.6575,0.7629
Dataset_2,Left,ResNet (AutoEncoder),291,22,29,15,8,0.6892,0.7333,0.6591,0.6567,0.7924
Dataset_2,Left,ResNet (AutoEncoder),292,21,34,14,5,0.7432,0.8077,0.7083,0.6885,0.8942
Dataset_2,Left,ResNet (AutoEncoder),293,15,39,16,4,0.7297,0.7895,0.7091,0.6,0.8144
Dataset_2,Left,ResNet (AutoEncoder),294,19,29,12,14,0.6486,0.5758,0.7073,0.5938,0.7058
Dataset_2,Left,ResNet (AutoEncoder),295,20,28,20,6,0.6486,0.7692,0.5833,0.6061,0.7508
Dataset_2,Left,ResNet (AutoEncoder),296,16,32,18,8,0.6486,0.6667,0.64,0.5517,0.6942
Dataset_2,Left,ResNet (AutoEncoder),297,24,26,15,9,0.6757,0.7273,0.6341,0.6667,0.7214
Dataset_2,Left,ResNet (AutoEncoder),298,20,41,9,4,0.8243,0.8333,0.82,0.7547,0.9075
Dataset_2,Left,ResNet (AutoEncoder),299,21,31,16,6,0.7027,0.7778,0.6596,0.6562,0.7407
Dataset_2,Left,ResNet (AutoEncoder),300,14,36,14,10,0.6757,0.5833,0.72,0.5385,0.6967
Dataset_2,Left,ResNet (AutoEncoder),301,13,40,13,8,0.7162,0.619,0.7547,0.5532,0.6658
Dataset_2,Left,ResNet (AutoEncoder),302,16,30,20,8,0.6216,0.6667,0.6,0.5333,0.7283
Dataset_2,Left,ResNet (AutoEncoder),303,14,40,14,6,0.7297,0.7,0.7407,0.5833,0.813
Dataset_2,Left,ResNet (AutoEncoder),304,28,28,12,6,0.7568,0.8235,0.7,0.7568,0.8449
Dataset_2,Left,ResNet (AutoEncoder),305,14,39,15,6,0.7162,0.7,0.7222,0.5714,0.787
Dataset_2,Left,ResNet (AutoEncoder),306,20,34,9,11,0.7297,0.6452,0.7907,0.6667,0.7007
Dataset_2,Left,ResNet (AutoEncoder),307,20,26,19,9,0.6216,0.6897,0.5778,0.5882,0.6621
Dataset_2,Left,ResNet (AutoEncoder),308,23,34,11,6,0.7703,0.7931,0.7556,0.7302,0.872
Dataset_2,Left,ResNet (AutoEncoder),309,23,29,16,6,0.7027,0.7931,0.6444,0.6765,0.7609
Dataset_2,Left,ResNet (AutoEncoder),310,19,41,9,5,0.8108,0.7917,0.82,0.7308,0.8258
Dataset_2,Left,ResNet (AutoEncoder),311,23,28,13,10,0.6892,0.697,0.6829,0.6667,0.7554
Dataset_2,Left,ResNet (AutoEncoder),312,21,31,13,9,0.7027,0.7,0.7045,0.6562,0.728
Dataset_2,Left,ResNet (AutoEncoder),313,24,25,19,6,0.6622,0.8,0.5682,0.6575,0.7682
Dataset_2,Left,ResNet (AutoEncoder),314,13,37,18,6,0.6757,0.6842,0.6727,0.52,0.7914
Dataset_2,Left,ResNet (AutoEncoder),315,14,33,17,10,0.6351,0.5833,0.66,0.5091,0.7258
Dataset_2,Left,ResNet (AutoEncoder),316,17,28,17,12,0.6081,0.5862,0.6222,0.5397,0.7218
Dataset_2,Left,ResNet (AutoEncoder),317,21,32,12,9,0.7162,0.7,0.7273,0.6667,0.8295
Dataset_2,Left,ResNet (AutoEncoder),318,18,36,12,8,0.7297,0.6923,0.75,0.6429,0.7604
Dataset_2,Left,ResNet (AutoEncoder),319,21,28,21,4,0.6622,0.84,0.5714,0.6269,0.7894
Dataset_2,Left,ResNet (AutoEncoder),320,21,30,19,4,0.6892,0.84,0.6122,0.6462,0.8506
Dataset_2,Left,ResNet (AutoEncoder),321,23,32,15,4,0.7432,0.8519,0.6809,0.7077,0.892
Dataset_2,Left,ResNet (AutoEncoder),322,21,32,12,9,0.7162,0.7,0.7273,0.6667,0.7803
Dataset_2,Left,ResNet (AutoEncoder),323,22,30,12,10,0.7027,0.6875,0.7143,0.6667,0.7396
Dataset_2,Left,ResNet (AutoEncoder),324,15,39,13,7,0.7297,0.6818,0.75,0.6,0.8234
Dataset_2,Left,ResNet (AutoEncoder),325,12,41,12,9,0.7162,0.5714,0.7736,0.5333,0.805
Dataset_2,Left,ResNet (AutoEncoder),326,15,40,9,10,0.7432,0.6,0.8163,0.6122,0.7804
Dataset_2,Left,ResNet (AutoEncoder),327,20,34,11,9,0.7297,0.6897,0.7556,0.6667,0.7609
Dataset_2,Left,ResNet (AutoEncoder),328,24,30,12,8,0.7297,0.75,0.7143,0.7059,0.785
Dataset_2,Left,ResNet (AutoEncoder),329,14,38,16,6,0.7027,0.7,0.7037,0.56,0.7713
Dataset_2,Left,ResNet (AutoEncoder),330,17,35,17,5,0.7027,0.7727,0.6731,0.6071,0.7981
Dataset_2,Left,ResNet (AutoEncoder),331,15,32,15,12,0.6351,0.5556,0.6809,0.5263,0.6604
Dataset_2,Left,ResNet (AutoEncoder),332,18,35,16,5,0.7162,0.7826,0.6863,0.6316,0.8406
Dataset_2,Left,ResNet (AutoEncoder),333,15,38,13,8,0.7162,0.6522,0.7451,0.5882,0.7749
Dataset_2,Left,ResNet (AutoEncoder),334,14,34,20,6,0.6486,0.7,0.6296,0.5185,0.8157
Dataset_2,Left,ResNet (AutoEncoder),335,16,37,7,14,0.7162,0.5333,0.8409,0.6038,0.7076
Dataset_2,Left,ResNet (AutoEncoder),336,19,36,12,7,0.7432,0.7308,0.75,0.6667,0.8053
Dataset_2,Left,ResNet (AutoEncoder),337,18,29,19,8,0.6351,0.6923,0.6042,0.5714,0.738
Dataset_2,Left,ResNet (AutoEncoder),338,21,33,14,6,0.7297,0.7778,0.7021,0.6774,0.8306
Dataset_2,Left,ResNet (AutoEncoder),339,16,28,23,7,0.5946,0.6957,0.549,0.5161,0.7195
Dataset_2,Left,ResNet (AutoEncoder),340,17,36,10,11,0.7162,0.6071,0.7826,0.6182,0.7065
Dataset_2,Left,ResNet (AutoEncoder),341,17,34,17,6,0.6892,0.7391,0.6667,0.5965,0.7656
Dataset_2,Left,ResNet (AutoEncoder),342,15,34,12,13,0.6622,0.5357,0.7391,0.5455,0.6949
Dataset_2,Left,ResNet (AutoEncoder),343,17,30,17,10,0.6351,0.6296,0.6383,0.5574,0.7612
Dataset_2,Left,ResNet (AutoEncoder),344,26,29,10,9,0.7432,0.7429,0.7436,0.7324,0.8513
Dataset_2,Left,ResNet (AutoEncoder),345,17,37,13,7,0.7297,0.7083,0.74,0.6296,0.815
Dataset_2,Left,ResNet (AutoEncoder),346,20,32,13,9,0.7027,0.6897,0.7111,0.6452,0.7579
Dataset_2,Left,ResNet (AutoEncoder),347,15,28,19,12,0.5811,0.5556,0.5957,0.4918,0.5839
Dataset_2,Left,ResNet (AutoEncoder),348,13,36,15,10,0.6622,0.5652,0.7059,0.5098,0.7101
Dataset_2,Left,ResNet (AutoEncoder),349,15,33,17,9,0.6486,0.625,0.66,0.5357,0.6758
Dataset_2,Left,ResNet (AutoEncoder),350,18,35,16,5,0.7162,0.7826,0.6863,0.6316,0.8014
Dataset_2,Left,ResNet (AutoEncoder),351,20,31,11,12,0.6892,0.625,0.7381,0.6349,0.7098
Dataset_2,Left,ResNet (AutoEncoder),352,16,38,12,8,0.7297,0.6667,0.76,0.6154,0.7358
Dataset_2,Left,ResNet (AutoEncoder),353,12,38,17,7,0.6757,0.6316,0.6909,0.5,0.7206
Dataset_2,Left,ResNet (AutoEncoder),354,16,35,14,9,0.6892,0.64,0.7143,0.5818,0.7861
Dataset_2,Left,ResNet (AutoEncoder),355,22,32,14,6,0.7297,0.7857,0.6957,0.6875,0.8012
Dataset_2,Left,ResNet (AutoEncoder),356,25,33,13,3,0.7838,0.8929,0.7174,0.7576,0.837
Dataset_2,Left,ResNet (AutoEncoder),357,19,30,22,3,0.6622,0.8636,0.5769,0.6032,0.8671
Dataset_2,Left,ResNet (AutoEncoder),358,22,29,16,7,0.6892,0.7586,0.6444,0.6567,0.8352
Dataset_2,Left,ResNet (AutoEncoder),359,15,32,22,5,0.6351,0.75,0.5926,0.5263,0.7889
Dataset_2,Left,ResNet (AutoEncoder),360,13,37,16,8,0.6757,0.619,0.6981,0.52,0.6936
Dataset_2,Left,ResNet (AutoEncoder),361,23,26,18,7,0.6622,0.7667,0.5909,0.6479,0.7932
Dataset_2,Left,ResNet (AutoEncoder),362,19,33,15,7,0.7027,0.7308,0.6875,0.6333,0.8213
Dataset_2,Left,ResNet (AutoEncoder),363,21,30,14,9,0.6892,0.7,0.6818,0.6462,0.7553
Dataset_2,Left,ResNet (AutoEncoder),364,18,28,19,9,0.6216,0.6667,0.5957,0.5625,0.7447
Dataset_2,Left,ResNet (AutoEncoder),365,18,37,12,7,0.7432,0.72,0.7551,0.6545,0.8327
Dataset_2,Left,ResNet (AutoEncoder),366,22,38,8,6,0.8108,0.7857,0.8261,0.7586,0.875
Dataset_2,Left,ResNet (AutoEncoder),367,13,39,17,5,0.7027,0.7222,0.6964,0.5417,0.8006
Dataset_2,Left,ResNet (AutoEncoder),368,16,36,18,4,0.7027,0.8,0.6667,0.5926,0.8194
Dataset_2,Left,ResNet (AutoEncoder),369,21,32,13,8,0.7162,0.7241,0.7111,0.6667,0.7939
Dataset_2,Left,ResNet (AutoEncoder),370,18,33,15,8,0.6892,0.6923,0.6875,0.6102,0.8005
Dataset_2,Left,ResNet (AutoEncoder),371,20,29,17,8,0.6622,0.7143,0.6304,0.6154,0.7539
Dataset_2,Left,ResNet (AutoEncoder),372,17,35,13,9,0.7027,0.6538,0.7292,0.6071,0.7468
Dataset_2,Left,ResNet (AutoEncoder),373,24,23,18,9,0.6351,0.7273,0.561,0.64,0.7376
Dataset_2,Left,ResNet (AutoEncoder),374,17,33,15,9,0.6757,0.6538,0.6875,0.5862,0.7364
Dataset_2,Left,ResNet (AutoEncoder),375,15,30,19,10,0.6081,0.6,0.6122,0.5085,0.671
Dataset_2,Left,ResNet (AutoEncoder),376,23,31,13,7,0.7297,0.7667,0.7045,0.697,0.8212
Dataset_2,Left,ResNet (AutoEncoder),377,22,28,17,7,0.6757,0.7586,0.6222,0.6471,0.764
Dataset_2,Left,ResNet (AutoEncoder),378,14,39,14,7,0.7162,0.6667,0.7358,0.5714,0.7907
Dataset_2,Left,ResNet (AutoEncoder),379,18,36,15,5,0.7297,0.7826,0.7059,0.6429,0.769
Dataset_2,Left,ResNet (AutoEncoder),380,27,24,16,7,0.6892,0.7941,0.6,0.7013,0.7162
Dataset_2,Left,ResNet (AutoEncoder),381,24,30,9,11,0.7297,0.6857,0.7692,0.7059,0.7905
Dataset_2,Left,ResNet (AutoEncoder),382,14,34,15,11,0.6486,0.56,0.6939,0.5185,0.6555
Dataset_2,Left,ResNet (AutoEncoder),383,19,35,17,3,0.7297,0.8636,0.6731,0.6552,0.8663
Dataset_2,Left,ResNet (AutoEncoder),384,15,42,13,4,0.7703,0.7895,0.7636,0.6383,0.8077
Dataset_2,Left,ResNet (AutoEncoder),385,16,33,20,5,0.6622,0.7619,0.6226,0.5614,0.7817
Dataset_2,Left,ResNet (AutoEncoder),386,23,29,16,6,0.7027,0.7931,0.6444,0.6765,0.7801
Dataset_2,Left,ResNet (AutoEncoder),387,12,32,22,8,0.5946,0.6,0.5926,0.4444,0.7093
Dataset_2,Left,ResNet (AutoEncoder),388,18,39,11,6,0.7703,0.75,0.78,0.6792,0.8567
Dataset_2,Left,ResNet (AutoEncoder),389,20,32,13,9,0.7027,0.6897,0.7111,0.6452,0.7663
Dataset_2,Left,ResNet (AutoEncoder),390,18,31,16,9,0.6622,0.6667,0.6596,0.5902,0.7415
Dataset_2,Left,ResNet (AutoEncoder),391,18,36,14,6,0.7297,0.75,0.72,0.6429,0.855
Dataset_2,Left,ResNet (AutoEncoder),392,13,38,13,10,0.6892,0.5652,0.7451,0.5306,0.6769
Dataset_2,Left,ResNet (AutoEncoder),393,22,26,14,12,0.6486,0.6471,0.65,0.6286,0.7125
Dataset_2,Left,ResNet (AutoEncoder),394,26,27,14,7,0.7162,0.7879,0.6585,0.7123,0.7997
Dataset_2,Left,ResNet (AutoEncoder),395,25,32,8,9,0.7703,0.7353,0.8,0.7463,0.8074
Dataset_2,Left,ResNet (AutoEncoder),396,24,28,14,8,0.7027,0.75,0.6667,0.6857,0.8207
Dataset_2,Left,ResNet (AutoEncoder),397,17,42,11,4,0.7973,0.8095,0.7925,0.6939,0.8688
Dataset_2,Left,ResNet (AutoEncoder),398,15,38,14,7,0.7162,0.6818,0.7308,0.5882,0.785
Dataset_2,Left,ResNet (AutoEncoder),399,15,32,21,6,0.6351,0.7143,0.6038,0.5263,0.7502
Dataset_2,Left,ResNet (AutoEncoder),400,11,35,21,7,0.6216,0.6111,0.625,0.44,0.6994
Dataset_2,Left,ResNet (AutoEncoder),401,17,26,18,13,0.5811,0.5667,0.5909,0.5231,0.6144
Dataset_2,Left,ResNet (AutoEncoder),402,19,38,15,2,0.7703,0.9048,0.717,0.6909,0.9093
Dataset_2,Left,ResNet (AutoEncoder),403,18,33,12,11,0.6892,0.6207,0.7333,0.6102,0.7632
Dataset_2,Left,ResNet (AutoEncoder),404,18,26,12,18,0.5946,0.5,0.6842,0.5455,0.6477
Dataset_2,Left,ResNet (AutoEncoder),405,15,42,9,8,0.7703,0.6522,0.8235,0.6383,0.7298
Dataset_2,Left,ResNet (AutoEncoder),406,19,29,16,10,0.6486,0.6552,0.6444,0.5937,0.6966
Dataset_2,Left,ResNet (AutoEncoder),407,23,35,8,8,0.7838,0.7419,0.814,0.7419,0.832
Dataset_2,Left,ResNet (AutoEncoder),408,24,33,11,6,0.7703,0.8,0.75,0.7385,0.8023
Dataset_2,Left,ResNet (AutoEncoder),409,20,34,14,6,0.7297,0.7692,0.7083,0.6667,0.8478
Dataset_2,Left,ResNet (AutoEncoder),410,12,32,22,8,0.5946,0.6,0.5926,0.4444,0.7843
Dataset_2,Left,ResNet (AutoEncoder),411,17,27,20,10,0.5946,0.6296,0.5745,0.5312,0.6336
Dataset_2,Left,ResNet (AutoEncoder),412,16,31,21,6,0.6351,0.7273,0.5962,0.5424,0.7483
Dataset_2,Left,ResNet (AutoEncoder),413,17,38,15,4,0.7432,0.8095,0.717,0.6415,0.8455
Dataset_2,Left,ResNet (AutoEncoder),414,22,27,15,10,0.6622,0.6875,0.6429,0.6377,0.7946
Dataset_2,Left,ResNet (AutoEncoder),415,17,31,14,12,0.6486,0.5862,0.6889,0.5667,0.6935
Dataset_2,Left,ResNet (AutoEncoder),416,19,28,21,6,0.6351,0.76,0.5714,0.5846,0.7951
Dataset_2,Left,ResNet (AutoEncoder),417,14,38,15,7,0.7027,0.6667,0.717,0.56,0.7574
Dataset_2,Left,ResNet (AutoEncoder),418,22,31,12,9,0.7162,0.7097,0.7209,0.6769,0.7239
Dataset_2,Left,ResNet (AutoEncoder),419,22,29,12,11,0.6892,0.6667,0.7073,0.6567,0.7413
Dataset_2,Left,ResNet (AutoEncoder),420,17,34,15,8,0.6892,0.68,0.6939,0.5965,0.7763
Dataset_2,Left,ResNet (AutoEncoder),421,23,35,11,5,0.7838,0.8214,0.7609,0.7419,0.8983
Dataset_2,Left,ResNet (AutoEncoder),422,21,29,13,11,0.6757,0.6562,0.6905,0.6364,0.6771
Dataset_2,Left,ResNet (AutoEncoder),423,21,29,17,7,0.6757,0.75,0.6304,0.6364,0.8261
Dataset_2,Left,ResNet (AutoEncoder),424,15,33,18,8,0.6486,0.6522,0.6471,0.5357,0.7008
Dataset_2,Left,ResNet (AutoEncoder),425,17,32,15,10,0.6622,0.6296,0.6809,0.5763,0.6887
Dataset_2,Left,ResNet (AutoEncoder),426,19,34,13,8,0.7162,0.7037,0.7234,0.6441,0.766
Dataset_2,Left,ResNet (AutoEncoder),427,19,38,8,9,0.7703,0.6786,0.8261,0.6909,0.722
Dataset_2,Left,ResNet (AutoEncoder),428,18,34,8,14,0.7027,0.5625,0.8095,0.6207,0.7254
Dataset_2,Left,ResNet (AutoEncoder),429,23,31,12,8,0.7297,0.7419,0.7209,0.697,0.7802
Dataset_2,Left,ResNet (AutoEncoder),430,14,34,16,10,0.6486,0.5833,0.68,0.5185,0.6767
Dataset_2,Left,ResNet (AutoEncoder),431,24,32,12,6,0.7568,0.8,0.7273,0.7273,0.8121
Dataset_2,Left,ResNet (AutoEncoder),432,21,27,12,14,0.6486,0.6,0.6923,0.6176,0.7136
Dataset_2,Left,ResNet (AutoEncoder),433,16,29,21,8,0.6081,0.6667,0.58,0.5246,0.6725
Dataset_2,Left,ResNet (AutoEncoder),434,14,28,21,11,0.5676,0.56,0.5714,0.4667,0.7159
Dataset_2,Left,ResNet (AutoEncoder),435,22,30,14,8,0.7027,0.7333,0.6818,0.6667,0.7598
Dataset_2,Left,ResNet (AutoEncoder),436,24,30,15,5,0.7297,0.8276,0.6667,0.7059,0.8659
Dataset_2,Left,ResNet (AutoEncoder),437,20,38,11,5,0.7838,0.8,0.7755,0.7143,0.8555
Dataset_2,Left,ResNet (AutoEncoder),438,29,28,8,9,0.7703,0.7632,0.7778,0.7733,0.8136
Dataset_2,Left,ResNet (AutoEncoder),439,19,35,10,10,0.7297,0.6552,0.7778,0.6552,0.7349
Dataset_2,Left,ResNet (AutoEncoder),440,15,33,17,9,0.6486,0.625,0.66,0.5357,0.6183
Dataset_2,Left,ResNet (AutoEncoder),441,16,37,13,8,0.7162,0.6667,0.74,0.6038,0.79
Dataset_2,Left,ResNet (AutoEncoder),442,17,27,22,8,0.5946,0.68,0.551,0.5312,0.6506
Dataset_2,Left,ResNet (AutoEncoder),443,21,31,14,8,0.7027,0.7241,0.6889,0.6562,0.81
Dataset_2,Left,ResNet (AutoEncoder),444,16,35,15,8,0.6892,0.6667,0.7,0.5818,0.7542
Dataset_2,Left,ResNet (AutoEncoder),445,19,35,15,5,0.7297,0.7917,0.7,0.6552,0.8417
Dataset_2,Left,ResNet (AutoEncoder),446,18,26,17,13,0.5946,0.5806,0.6047,0.5455,0.6654
Dataset_2,Left,ResNet (AutoEncoder),447,17,36,11,10,0.7162,0.6296,0.766,0.6182,0.6966
Dataset_2,Left,ResNet (AutoEncoder),448,15,42,11,6,0.7703,0.7143,0.7925,0.6383,0.8311
Dataset_2,Left,ResNet (AutoEncoder),449,20,31,14,9,0.6892,0.6897,0.6889,0.6349,0.7716
Dataset_2,Left,ResNet (AutoEncoder),450,20,31,15,8,0.6892,0.7143,0.6739,0.6349,0.778
Dataset_2,Left,ResNet (AutoEncoder),451,19,36,14,5,0.7432,0.7917,0.72,0.6667,0.84
Dataset_2,Left,ResNet (AutoEncoder),452,22,31,15,6,0.7162,0.7857,0.6739,0.6769,0.8276
Dataset_2,Left,ResNet (AutoEncoder),453,17,39,10,8,0.7568,0.68,0.7959,0.6538,0.7739
Dataset_2,Left,ResNet (AutoEncoder),454,22,31,13,8,0.7162,0.7333,0.7045,0.6769,0.7591
Dataset_2,Left,ResNet (AutoEncoder),455,21,30,20,3,0.6892,0.875,0.6,0.6462,0.83
Dataset_2,Left,ResNet (AutoEncoder),456,20,32,15,7,0.7027,0.7407,0.6809,0.6452,0.8188
Dataset_2,Left,ResNet (AutoEncoder),457,16,39,12,7,0.7432,0.6957,0.7647,0.6275,0.7835
Dataset_2,Left,ResNet (AutoEncoder),458,22,30,16,6,0.7027,0.7857,0.6522,0.6667,0.802
Dataset_2,Left,ResNet (AutoEncoder),459,26,26,17,5,0.7027,0.8387,0.6047,0.7027,0.8185
Dataset_2,Left,ResNet (AutoEncoder),460,16,34,15,9,0.6757,0.64,0.6939,0.5714,0.6971
Dataset_2,Left,ResNet (AutoEncoder),461,18,32,14,10,0.6757,0.6429,0.6957,0.6,0.7663
Dataset_2,Left,ResNet (AutoEncoder),462,17,34,15,8,0.6892,0.68,0.6939,0.5965,0.769
Dataset_2,Left,ResNet (AutoEncoder),463,22,27,18,7,0.6622,0.7586,0.6,0.6377,0.7962
Dataset_2,Left,ResNet (AutoEncoder),464,20,31,18,5,0.6892,0.8,0.6327,0.6349,0.7918
Dataset_2,Left,ResNet (AutoEncoder),465,14,39,12,9,0.7162,0.6087,0.7647,0.5714,0.8244
Dataset_2,Left,ResNet (AutoEncoder),466,11,35,16,12,0.6216,0.4783,0.6863,0.44,0.6539
Dataset_2,Left,ResNet (AutoEncoder),467,15,30,21,8,0.6081,0.6522,0.5882,0.5085,0.6812
Dataset_2,Left,ResNet (AutoEncoder),468,19,31,18,6,0.6757,0.76,0.6327,0.6129,0.7543
Dataset_2,Left,ResNet (AutoEncoder),469,21,27,15,11,0.6486,0.6562,0.6429,0.6176,0.6808
Dataset_2,Left,ResNet (AutoEncoder),470,13,32,15,14,0.6081,0.4815,0.6809,0.4727,0.647
Dataset_2,Left,ResNet (AutoEncoder),471,12,37,15,10,0.6622,0.5455,0.7115,0.4898,0.6407
Dataset_2,Left,ResNet (AutoEncoder),472,24,35,11,4,0.7973,0.8571,0.7609,0.7619,0.8905
Dataset_2,Left,ResNet (AutoEncoder),473,21,37,10,6,0.7838,0.7778,0.7872,0.7241,0.7904
Dataset_2,Left,ResNet (AutoEncoder),474,19,29,17,9,0.6486,0.6786,0.6304,0.5937,0.7244
Dataset_2,Left,ResNet (AutoEncoder),475,20,34,12,8,0.7297,0.7143,0.7391,0.6667,0.7686
Dataset_2,Left,ResNet (AutoEncoder),476,22,31,11,10,0.7162,0.6875,0.7381,0.6769,0.7522
Dataset_2,Left,ResNet (AutoEncoder),477,17,38,14,5,0.7432,0.7727,0.7308,0.6415,0.8409
Dataset_2,Left,ResNet (AutoEncoder),478,23,29,15,7,0.7027,0.7667,0.6591,0.6765,0.7848
Dataset_2,Left,ResNet (AutoEncoder),479,20,29,13,12,0.6622,0.625,0.6905,0.6154,0.7001
Dataset_2,Left,ResNet (AutoEncoder),480,28,27,12,7,0.7432,0.8,0.6923,0.7467,0.8242
Dataset_2,Left,ResNet (AutoEncoder),481,21,24,20,9,0.6081,0.7,0.5455,0.5915,0.7318
Dataset_2,Left,ResNet (AutoEncoder),482,14,36,16,8,0.6757,0.6364,0.6923,0.5385,0.75
Dataset_2,Left,ResNet (AutoEncoder),483,17,36,14,7,0.7162,0.7083,0.72,0.6182,0.7758
Dataset_2,Left,ResNet (AutoEncoder),484,18,32,14,10,0.6757,0.6429,0.6957,0.6,0.7609
Dataset_2,Left,ResNet (AutoEncoder),485,20,25,20,9,0.6081,0.6897,0.5556,0.5797,0.7594
Dataset_2,Left,ResNet (AutoEncoder),486,23,29,14,8,0.7027,0.7419,0.6744,0.6765,0.7944
Dataset_2,Left,ResNet (AutoEncoder),487,16,33,16,9,0.6622,0.64,0.6735,0.5614,0.6971
Dataset_2,Left,ResNet (AutoEncoder),488,17,37,11,9,0.7297,0.6538,0.7708,0.6296,0.6995
Dataset_2,Left,ResNet (AutoEncoder),489,20,34,14,6,0.7297,0.7692,0.7083,0.6667,0.8253
Dataset_2,Left,ResNet (AutoEncoder),490,20,27,16,11,0.6351,0.6452,0.6279,0.597,0.7569
Dataset_2,Left,ResNet (AutoEncoder),491,18,37,12,7,0.7432,0.72,0.7551,0.6545,0.7853
Dataset_2,Left,ResNet (AutoEncoder),492,14,38,15,7,0.7027,0.6667,0.717,0.56,0.8104
Dataset_2,Left,ResNet (AutoEncoder),493,17,35,13,9,0.7027,0.6538,0.7292,0.6071,0.8029
Dataset_2,Left,ResNet (AutoEncoder),494,11,35,20,8,0.6216,0.5789,0.6364,0.44,0.6689
Dataset_2,Left,ResNet (AutoEncoder),495,25,26,12,11,0.6892,0.6944,0.6842,0.6849,0.7946
Dataset_2,Left,ResNet (AutoEncoder),496,13,36,16,9,0.6622,0.5909,0.6923,0.5098,0.7054
Dataset_2,Left,ResNet (AutoEncoder),497,22,28,13,11,0.6757,0.6667,0.6829,0.6471,0.6844
Dataset_2,Left,ResNet (AutoEncoder),498,21,34,13,6,0.7432,0.7778,0.7234,0.6885,0.8747
Dataset_2,Left,ResNet (AutoEncoder),499,25,28,15,6,0.7162,0.8065,0.6512,0.7042,0.7794
Dataset_2,Left,ResNet (AutoEncoder),500,19,39,9,7,0.7838,0.7308,0.8125,0.7037,0.8093
Dataset_2,Left,ResNet (AutoEncoder),501,11,33,19,11,0.5946,0.5,0.6346,0.4231,0.618
Dataset_2,Left,ResNet (AutoEncoder),502,11,38,19,6,0.6622,0.6471,0.6667,0.4681,0.7503
Dataset_2,Left,ResNet (AutoEncoder),503,22,34,11,7,0.7568,0.7586,0.7556,0.7097,0.8414
Dataset_2,Left,ResNet (AutoEncoder),504,19,36,11,8,0.7432,0.7037,0.766,0.6667,0.7746
Dataset_2,Left,ResNet (AutoEncoder),505,23,32,13,6,0.7432,0.7931,0.7111,0.7077,0.8467
Dataset_2,Left,ResNet (AutoEncoder),506,20,30,13,11,0.6757,0.6452,0.6977,0.625,0.7322
Dataset_2,Left,ResNet (AutoEncoder),507,23,32,15,4,0.7432,0.8519,0.6809,0.7077,0.8329
Dataset_2,Left,ResNet (AutoEncoder),508,19,32,18,5,0.6892,0.7917,0.64,0.623,0.8317
Dataset_2,Left,ResNet (AutoEncoder),509,15,38,17,4,0.7162,0.7895,0.6909,0.5882,0.7751
Dataset_2,Left,ResNet (AutoEncoder),510,25,31,10,8,0.7568,0.7576,0.7561,0.7353,0.7568
Dataset_2,Left,ResNet (AutoEncoder),511,22,31,15,6,0.7162,0.7857,0.6739,0.6769,0.8183
Dataset_2,Left,ResNet (AutoEncoder),512,20,36,13,5,0.7568,0.8,0.7347,0.6897,0.7804
Dataset_2,Left,ResNet (AutoEncoder),513,18,37,14,5,0.7432,0.7826,0.7255,0.6545,0.7997
Dataset_2,Left,ResNet (AutoEncoder),514,17,32,13,12,0.6622,0.5862,0.7111,0.5763,0.7234
Dataset_2,Left,ResNet (AutoEncoder),515,18,37,14,5,0.7432,0.7826,0.7255,0.6545,0.8568
Dataset_2,Left,ResNet (AutoEncoder),516,14,32,18,10,0.6216,0.5833,0.64,0.5,0.725
Dataset_2,Left,ResNet (AutoEncoder),517,10,33,22,9,0.5811,0.5263,0.6,0.3922,0.5818
Dataset_2,Left,ResNet (AutoEncoder),518,13,32,17,12,0.6081,0.52,0.6531,0.4727,0.6073
Dataset_2,Left,ResNet (AutoEncoder),519,22,30,12,10,0.7027,0.6875,0.7143,0.6667,0.7969
Dataset_2,Left,ResNet (AutoEncoder),520,16,35,18,5,0.6892,0.7619,0.6604,0.5818,0.7664
Dataset_2,Left,ResNet (AutoEncoder),521,20,32,13,9,0.7027,0.6897,0.7111,0.6452,0.6973
Dataset_2,Left,ResNet (AutoEncoder),522,18,33,17,6,0.6892,0.75,0.66,0.6102,0.78
Dataset_2,Left,ResNet (AutoEncoder),523,23,32,11,8,0.7432,0.7419,0.7442,0.7077,0.8155
Dataset_2,Left,ResNet (AutoEncoder),524,17,33,14,10,0.6757,0.6296,0.7021,0.5862,0.6478
Dataset_2,Left,ResNet (AutoEncoder),525,16,29,19,10,0.6081,0.6154,0.6042,0.5246,0.6731
Dataset_2,Left,ResNet (AutoEncoder),526,15,25,19,15,0.5405,0.5,0.5682,0.4688,0.6189
Dataset_2,Left,ResNet (AutoEncoder),527,20,43,4,7,0.8514,0.7407,0.9149,0.7843,0.8085
Dataset_2,Left,ResNet (AutoEncoder),528,16,29,16,13,0.6081,0.5517,0.6444,0.5246,0.6506
Dataset_2,Left,ResNet (AutoEncoder),529,14,31,15,14,0.6081,0.5,0.6739,0.4912,0.7314
Dataset_2,Left,ResNet (AutoEncoder),530,20,30,17,7,0.6757,0.7407,0.6383,0.625,0.7502
Dataset_2,Left,ResNet (AutoEncoder),531,19,33,15,7,0.7027,0.7308,0.6875,0.6333,0.8021
Dataset_2,Left,ResNet (AutoEncoder),532,24,29,10,11,0.7162,0.6857,0.7436,0.6957,0.7956
Dataset_2,Left,ResNet (AutoEncoder),533,18,32,16,8,0.6757,0.6923,0.6667,0.6,0.7396
Dataset_2,Left,ResNet (AutoEncoder),534,17,33,18,6,0.6757,0.7391,0.6471,0.5862,0.7468
Dataset_2,Left,ResNet (AutoEncoder),535,20,30,12,12,0.6757,0.625,0.7143,0.625,0.718
Dataset_2,Left,ResNet (AutoEncoder),536,22,31,14,7,0.7162,0.7586,0.6889,0.6769,0.7126
Dataset_2,Left,ResNet (AutoEncoder),537,21,31,15,7,0.7027,0.75,0.6739,0.6562,0.8043
Dataset_2,Left,ResNet (AutoEncoder),538,23,26,15,10,0.6622,0.697,0.6341,0.6479,0.7657
Dataset_2,Left,ResNet (AutoEncoder),539,19,39,10,6,0.7838,0.76,0.7959,0.7037,0.7918
Dataset_2,Left,ResNet (AutoEncoder),540,14,35,18,7,0.6622,0.6667,0.6604,0.5283,0.7341
Dataset_2,Left,ResNet (AutoEncoder),541,17,33,15,9,0.6757,0.6538,0.6875,0.5862,0.8413
Dataset_2,Left,ResNet (AutoEncoder),542,13,35,12,14,0.6486,0.4815,0.7447,0.5,0.736
Dataset_2,Left,ResNet (AutoEncoder),543,20,25,14,15,0.6081,0.5714,0.641,0.5797,0.6908
Dataset_2,Left,ResNet (AutoEncoder),544,21,27,20,6,0.6486,0.7778,0.5745,0.6176,0.8188
Dataset_2,Left,ResNet (AutoEncoder),545,23,28,16,7,0.6892,0.7667,0.6364,0.6667,0.828
Dataset_2,Left,ResNet (AutoEncoder),546,18,36,16,4,0.7297,0.8182,0.6923,0.6429,0.8444
Dataset_2,Left,ResNet (AutoEncoder),547,17,29,20,8,0.6216,0.68,0.5918,0.5484,0.7445
Dataset_2,Left,ResNet (AutoEncoder),548,18,29,16,11,0.6351,0.6207,0.6444,0.5714,0.695
Dataset_2,Left,ResNet (AutoEncoder),549,16,34,15,9,0.6757,0.64,0.6939,0.5714,0.7551
Dataset_2,Left,ResNet (AutoEncoder),550,18,28,16,12,0.6216,0.6,0.6364,0.5625,0.7114
Dataset_2,Left,ResNet (AutoEncoder),551,22,35,13,4,0.7703,0.8462,0.7292,0.7213,0.875
Dataset_2,Left,ResNet (AutoEncoder),552,21,27,18,8,0.6486,0.7241,0.6,0.6176,0.7379
Dataset_2,Left,ResNet (AutoEncoder),553,17,32,18,7,0.6622,0.7083,0.64,0.5763,0.7483
Dataset_2,Left,ResNet (AutoEncoder),554,17,31,17,9,0.6486,0.6538,0.6458,0.5667,0.722
Dataset_2,Left,ResNet (AutoEncoder),555,23,32,14,5,0.7432,0.8214,0.6957,0.7077,0.7997
Dataset_2,Left,ResNet (AutoEncoder),556,22,32,14,6,0.7297,0.7857,0.6957,0.6875,0.8129
Dataset_2,Left,ResNet (AutoEncoder),557,19,32,13,10,0.6892,0.6552,0.7111,0.623,0.7487
Dataset_2,Left,ResNet (AutoEncoder),558,15,35,13,11,0.6757,0.5769,0.7292,0.5556,0.754
Dataset_2,Left,ResNet (AutoEncoder),559,22,33,12,7,0.7432,0.7586,0.7333,0.6984,0.8077
Dataset_2,Left,ResNet (AutoEncoder),560,23,31,11,9,0.7297,0.7188,0.7381,0.697,0.7612
Dataset_2,Left,ResNet (AutoEncoder),561,14,33,15,12,0.6351,0.5385,0.6875,0.5091,0.6579
Dataset_2,Left,ResNet (AutoEncoder),562,18,32,12,12,0.6757,0.6,0.7273,0.6,0.7174
Dataset_2,Left,ResNet (AutoEncoder),563,16,37,15,6,0.7162,0.7273,0.7115,0.6038,0.7649
Dataset_2,Left,ResNet (AutoEncoder),564,12,37,15,10,0.6622,0.5455,0.7115,0.4898,0.6897
Dataset_2,Left,ResNet (AutoEncoder),565,17,30,19,8,0.6351,0.68,0.6122,0.5574,0.7469
Dataset_2,Left,ResNet (AutoEncoder),566,14,34,13,13,0.6486,0.5185,0.7234,0.5185,0.658
Dataset_2,Left,ResNet (AutoEncoder),567,13,28,16,17,0.5541,0.4333,0.6364,0.4407,0.6076
Dataset_2,Left,ResNet (AutoEncoder),568,16,34,14,10,0.6757,0.6154,0.7083,0.5714,0.73
Dataset_2,Left,ResNet (AutoEncoder),569,22,30,15,7,0.7027,0.7586,0.6667,0.6667,0.8046
Dataset_2,Left,ResNet (AutoEncoder),570,19,32,11,12,0.6892,0.6129,0.7442,0.623,0.7194
Dataset_2,Left,ResNet (AutoEncoder),571,22,29,15,8,0.6892,0.7333,0.6591,0.6567,0.7811
Dataset_2,Left,ResNet (AutoEncoder),572,22,31,13,8,0.7162,0.7333,0.7045,0.6769,0.7879
Dataset_2,Left,ResNet (AutoEncoder),573,15,34,15,10,0.6622,0.6,0.6939,0.5455,0.7363
Dataset_2,Left,ResNet (AutoEncoder),574,16,31,14,13,0.6351,0.5517,0.6889,0.5424,0.7234
Dataset_2,Left,ResNet (AutoEncoder),575,15,33,19,7,0.6486,0.6818,0.6346,0.5357,0.7456
Dataset_2,Left,ResNet (AutoEncoder),576,17,41,11,5,0.7838,0.7727,0.7885,0.68,0.8759
Dataset_2,Left,ResNet (AutoEncoder),577,16,35,16,7,0.6892,0.6957,0.6863,0.5818,0.717
Dataset_2,Left,ResNet (AutoEncoder),578,20,28,17,9,0.6486,0.6897,0.6222,0.6061,0.695
Dataset_2,Left,ResNet (AutoEncoder),579,16,31,22,5,0.6351,0.7619,0.5849,0.5424,0.8293
Dataset_2,Left,ResNet (AutoEncoder),580,21,35,11,7,0.7568,0.75,0.7609,0.7,0.8051
Dataset_2,Left,ResNet (AutoEncoder),581,21,25,19,9,0.6216,0.7,0.5682,0.6,0.7364
Dataset_2,Left,ResNet (AutoEncoder),582,18,39,9,8,0.7703,0.6923,0.8125,0.6792,0.7853
Dataset_2,Left,ResNet (AutoEncoder),583,18,27,17,12,0.6081,0.6,0.6136,0.5538,0.7091
Dataset_2,Left,ResNet (AutoEncoder),584,18,36,16,4,0.7297,0.8182,0.6923,0.6429,0.8138
Dataset_2,Left,ResNet (AutoEncoder),585,20,35,10,9,0.7432,0.6897,0.7778,0.678,0.7372
Dataset_2,Left,ResNet (AutoEncoder),586,20,28,14,12,0.6486,0.625,0.6667,0.6061,0.7716
Dataset_2,Left,ResNet (AutoEncoder),587,17,31,16,10,0.6486,0.6296,0.6596,0.5667,0.6966
Dataset_2,Left,ResNet (AutoEncoder),588,12,37,16,9,0.6622,0.5714,0.6981,0.4898,0.6999
Dataset_2,Left,ResNet (AutoEncoder),589,17,40,11,6,0.7703,0.7391,0.7843,0.6667,0.8159
Dataset_2,Left,ResNet (AutoEncoder),590,22,25,19,8,0.6351,0.7333,0.5682,0.6197,0.7538
Dataset_2,Left,ResNet (AutoEncoder),591,18,39,9,8,0.7703,0.6923,0.8125,0.6792,0.7989
Dataset_2,Left,ResNet (AutoEncoder),592,14,40,17,3,0.7297,0.8235,0.7018,0.5833,0.8576
Dataset_2,Left,ResNet (AutoEncoder),593,20,35,15,4,0.7432,0.8333,0.7,0.678,0.8042
Dataset_2,Left,ResNet (AutoEncoder),594,20,29,13,12,0.6622,0.625,0.6905,0.6154,0.6592
Dataset_2,Left,ResNet (AutoEncoder),595,23,31,14,6,0.7297,0.7931,0.6889,0.697,0.7992
Dataset_2,Left,ResNet (AutoEncoder),596,10,44,13,7,0.7297,0.5882,0.7719,0.5,0.7234
Dataset_2,Left,ResNet (AutoEncoder),597,19,38,11,6,0.7703,0.76,0.7755,0.6909,0.8441
Dataset_2,Left,ResNet (AutoEncoder),598,16,32,12,14,0.6486,0.5333,0.7273,0.5517,0.6826
Dataset_2,Left,ResNet (AutoEncoder),599,24,31,16,3,0.7432,0.8889,0.6596,0.7164,0.8818
Dataset_2,Left,ResNet (AutoEncoder),600,13,31,22,8,0.5946,0.619,0.5849,0.4643,0.7394
Dataset_2,Left,ResNet (AutoEncoder),601,15,35,19,5,0.6757,0.75,0.6481,0.5556,0.8083
Dataset_2,Left,ResNet (AutoEncoder),602,15,31,15,13,0.6216,0.5357,0.6739,0.5172,0.7042
Dataset_2,Left,ResNet (AutoEncoder),603,18,35,14,7,0.7162,0.72,0.7143,0.6316,0.7633
Dataset_2,Left,ResNet (AutoEncoder),604,19,33,19,3,0.7027,0.8636,0.6346,0.6333,0.8829
Dataset_2,Left,ResNet (AutoEncoder),605,21,34,14,5,0.7432,0.8077,0.7083,0.6885,0.8598
Dataset_2,Left,ResNet (AutoEncoder),606,15,35,19,5,0.6757,0.75,0.6481,0.5556,0.7852
Dataset_2,Left,ResNet (AutoEncoder),607,16,29,19,10,0.6081,0.6154,0.6042,0.5246,0.7348
Dataset_2,Left,ResNet (AutoEncoder),608,13,35,19,7,0.6486,0.65,0.6481,0.5,0.7
Dataset_2,Left,ResNet (AutoEncoder),609,14,32,17,11,0.6216,0.56,0.6531,0.5,0.7339
Dataset_2,Left,ResNet (AutoEncoder),610,19,30,19,6,0.6622,0.76,0.6122,0.6032,0.8171
Dataset_2,Left,ResNet (AutoEncoder),611,22,27,18,7,0.6622,0.7586,0.6,0.6377,0.7724
Dataset_2,Left,ResNet (AutoEncoder),612,15,32,19,8,0.6351,0.6522,0.6275,0.5263,0.7758
Dataset_2,Left,ResNet (AutoEncoder),613,24,29,15,6,0.7162,0.8,0.6591,0.6957,0.7788
Dataset_2,Left,ResNet (AutoEncoder),614,16,35,19,4,0.6892,0.8,0.6481,0.5818,0.8083
Dataset_2,Left,ResNet (AutoEncoder),615,15,34,15,10,0.6622,0.6,0.6939,0.5455,0.7698
Dataset_2,Left,ResNet (AutoEncoder),616,18,33,19,4,0.6892,0.8182,0.6346,0.6102,0.8051
Dataset_2,Left,ResNet (AutoEncoder),617,22,29,17,6,0.6892,0.7857,0.6304,0.6567,0.8121
Dataset_2,Left,ResNet (AutoEncoder),618,21,30,20,3,0.6892,0.875,0.6,0.6462,0.8983
Dataset_2,Left,ResNet (AutoEncoder),619,16,36,14,8,0.7027,0.6667,0.72,0.5926,0.7358
Dataset_2,Left,ResNet (AutoEncoder),620,22,29,16,7,0.6892,0.7586,0.6444,0.6567,0.8659
Dataset_2,Left,ResNet (AutoEncoder),621,21,33,13,7,0.7297,0.75,0.7174,0.6774,0.7671
Dataset_2,Left,ResNet (AutoEncoder),622,22,34,11,7,0.7568,0.7586,0.7556,0.7097,0.8483
Dataset_2,Left,ResNet (AutoEncoder),623,17,34,18,5,0.6892,0.7727,0.6538,0.5965,0.8164
Dataset_2,Left,ResNet (AutoEncoder),624,19,34,17,4,0.7162,0.8261,0.6667,0.6441,0.896
Dataset_2,Left,ResNet (AutoEncoder),625,15,38,13,8,0.7162,0.6522,0.7451,0.5882,0.7647
Dataset_2,Left,ResNet (AutoEncoder),626,18,33,15,8,0.6892,0.6923,0.6875,0.6102,0.7676
Dataset_2,Left,ResNet (AutoEncoder),627,18,37,11,8,0.7432,0.6923,0.7708,0.6545,0.7804
Dataset_2,Left,ResNet (AutoEncoder),628,21,29,15,9,0.6757,0.7,0.6591,0.6364,0.772
Dataset_2,Left,ResNet (AutoEncoder),629,23,29,18,4,0.7027,0.8519,0.617,0.6765,0.8377
Dataset_2,Left,ResNet (AutoEncoder),630,13,41,10,10,0.7297,0.5652,0.8039,0.5652,0.7656
Dataset_2,Left,ResNet (AutoEncoder),631,21,30,15,8,0.6892,0.7241,0.6667,0.6462,0.7418
Dataset_2,Left,ResNet (AutoEncoder),632,17,31,13,13,0.6486,0.5667,0.7045,0.5667,0.6803
Dataset_2,Left,ResNet (AutoEncoder),633,21,34,11,8,0.7432,0.7241,0.7556,0.6885,0.813
Dataset_2,Left,ResNet (AutoEncoder),634,12,38,14,10,0.6757,0.5455,0.7308,0.5,0.715
Dataset_2,Left,ResNet (AutoEncoder),635,13,38,13,10,0.6892,0.5652,0.7451,0.5306,0.6769
Dataset_2,Left,ResNet (AutoEncoder),636,13,35,14,12,0.6486,0.52,0.7143,0.5,0.7004
Dataset_2,Left,ResNet (AutoEncoder),637,30,21,15,8,0.6892,0.7895,0.5833,0.7229,0.7727
Dataset_2,Left,ResNet (AutoEncoder),638,20,29,16,9,0.6622,0.6897,0.6444,0.6154,0.7487
Dataset_2,Left,ResNet (AutoEncoder),639,10,42,14,8,0.7027,0.5556,0.75,0.4762,0.7292
Dataset_2,Left,ResNet (AutoEncoder),640,16,39,8,11,0.7432,0.5926,0.8298,0.6275,0.8085
Dataset_2,Left,ResNet (AutoEncoder),641,21,28,18,7,0.6622,0.75,0.6087,0.6269,0.8144
Dataset_2,Left,ResNet (AutoEncoder),642,22,38,10,4,0.8108,0.8462,0.7917,0.7586,0.9006
Dataset_2,Left,ResNet (AutoEncoder),643,20,33,11,10,0.7162,0.6667,0.75,0.6557,0.7788
Dataset_2,Left,ResNet (AutoEncoder),644,13,40,11,10,0.7162,0.5652,0.7843,0.5532,0.7315
Dataset_2,Left,ResNet (AutoEncoder),645,11,43,15,5,0.7297,0.6875,0.7414,0.5238,0.7974
Dataset_2,Left,ResNet (AutoEncoder),646,16,39,12,7,0.7432,0.6957,0.7647,0.6275,0.7707
Dataset_2,Left,ResNet (AutoEncoder),647,17,39,12,6,0.7568,0.7391,0.7647,0.6538,0.7553
Dataset_2,Left,ResNet (AutoEncoder),648,13,34,17,10,0.6351,0.5652,0.6667,0.4906,0.676
Dataset_2,Left,ResNet (AutoEncoder),649,26,31,11,6,0.7703,0.8125,0.7381,0.7536,0.8006
Dataset_2,Left,ResNet (AutoEncoder),650,21,22,19,12,0.5811,0.6364,0.5366,0.5753,0.7199
Dataset_2,Left,ResNet (AutoEncoder),651,15,29,21,9,0.5946,0.625,0.58,0.5,0.6842
Dataset_2,Left,ResNet (AutoEncoder),652,13,42,12,7,0.7432,0.65,0.7778,0.5778,0.7546
Dataset_2,Left,ResNet (AutoEncoder),653,23,27,16,8,0.6757,0.7419,0.6279,0.6571,0.7704
Dataset_2,Left,ResNet (AutoEncoder),654,19,30,13,12,0.6622,0.6129,0.6977,0.6032,0.6939
Dataset_2,Left,ResNet (AutoEncoder),655,19,24,20,11,0.5811,0.6333,0.5455,0.5507,0.6735
Dataset_2,Left,ResNet (AutoEncoder),656,14,34,19,7,0.6486,0.6667,0.6415,0.5185,0.7107
Dataset_2,Left,ResNet (AutoEncoder),657,20,34,14,6,0.7297,0.7692,0.7083,0.6667,0.7989
Dataset_2,Left,ResNet (AutoEncoder),658,19,35,16,4,0.7297,0.8261,0.6863,0.6552,0.8585
Dataset_2,Left,ResNet (AutoEncoder),659,17,29,19,9,0.6216,0.6538,0.6042,0.5484,0.6859
Dataset_2,Left,ResNet (AutoEncoder),660,13,32,19,10,0.6081,0.5652,0.6275,0.4727,0.7093
Dataset_2,Left,ResNet (AutoEncoder),661,14,38,14,8,0.7027,0.6364,0.7308,0.56,0.7238
Dataset_2,Left,ResNet (AutoEncoder),662,17,34,20,3,0.6892,0.85,0.6296,0.5965,0.7889
Dataset_2,Left,ResNet (AutoEncoder),663,20,30,17,7,0.6757,0.7407,0.6383,0.625,0.7935
Dataset_2,Left,ResNet (AutoEncoder),664,21,33,17,3,0.7297,0.875,0.66,0.6774,0.8592
Dataset_2,Left,ResNet (AutoEncoder),665,16,31,18,9,0.6351,0.64,0.6327,0.5424,0.7094
Dataset_2,Left,ResNet (AutoEncoder),666,16,31,19,8,0.6351,0.6667,0.62,0.5424,0.715
Dataset_2,Left,ResNet (AutoEncoder),667,15,38,17,4,0.7162,0.7895,0.6909,0.5882,0.8153
Dataset_2,Left,ResNet (AutoEncoder),668,19,30,18,7,0.6622,0.7308,0.625,0.6032,0.8037
Dataset_2,Left,ResNet (AutoEncoder),669,11,35,19,9,0.6216,0.55,0.6481,0.44,0.737
Dataset_2,Left,ResNet (AutoEncoder),670,23,36,11,4,0.7973,0.8519,0.766,0.7541,0.9023
Dataset_2,Left,ResNet (AutoEncoder),671,14,33,20,7,0.6351,0.6667,0.6226,0.5091,0.7385
Dataset_2,Left,ResNet (AutoEncoder),672,19,34,11,10,0.7162,0.6552,0.7556,0.6441,0.7586
Dataset_2,Left,ResNet (AutoEncoder),673,20,30,19,5,0.6757,0.8,0.6122,0.625,0.7592
Dataset_2,Left,ResNet (AutoEncoder),674,18,37,12,7,0.7432,0.72,0.7551,0.6545,0.8278
Dataset_2,Left,ResNet (AutoEncoder),675,11,33,17,13,0.5946,0.4583,0.66,0.4231,0.6008
Dataset_2,Left,ResNet (AutoEncoder),676,14,37,10,13,0.6892,0.5185,0.7872,0.549,0.7329
Dataset_2,Left,ResNet (AutoEncoder),677,17,27,14,16,0.5946,0.5152,0.6585,0.5312,0.6652
Dataset_2,Left,ResNet (AutoEncoder),678,19,33,15,7,0.7027,0.7308,0.6875,0.6333,0.7107
Dataset_2,Left,ResNet (AutoEncoder),679,19,38,12,5,0.7703,0.7917,0.76,0.6909,0.8067
Dataset_2,Left,ResNet (AutoEncoder),680,12,36,18,8,0.6486,0.6,0.6667,0.48,0.7435
Dataset_2,Left,ResNet (AutoEncoder),681,19,33,16,6,0.7027,0.76,0.6735,0.6333,0.7763
Dataset_2,Left,ResNet (AutoEncoder),682,14,36,16,8,0.6757,0.6364,0.6923,0.5385,0.7325
Dataset_2,Left,ResNet (AutoEncoder),683,22,32,8,12,0.7297,0.6471,0.8,0.6875,0.7382
Dataset_2,Left,ResNet (AutoEncoder),684,19,32,13,10,0.6892,0.6552,0.7111,0.623,0.7862
Dataset_2,Left,ResNet (AutoEncoder),685,20,27,16,11,0.6351,0.6452,0.6279,0.597,0.7037
Dataset_2,Left,ResNet (AutoEncoder),686,18,33,17,6,0.6892,0.75,0.66,0.6102,0.7483
Dataset_2,Left,ResNet (AutoEncoder),687,16,37,14,7,0.7162,0.6957,0.7255,0.6038,0.7724
Dataset_2,Left,ResNet (AutoEncoder),688,21,32,14,7,0.7162,0.75,0.6957,0.6667,0.7834
Dataset_2,Left,ResNet (AutoEncoder),689,20,33,17,4,0.7162,0.8333,0.66,0.6557,0.8358
Dataset_2,Left,ResNet (AutoEncoder),690,12,29,22,11,0.5541,0.5217,0.5686,0.4211,0.6002
Dataset_2,Left,ResNet (AutoEncoder),691,16,35,14,9,0.6892,0.64,0.7143,0.5818,0.7412
Dataset_2,Left,ResNet (AutoEncoder),692,17,34,16,7,0.6892,0.7083,0.68,0.5965,0.765
Dataset_2,Left,ResNet (AutoEncoder),693,16,33,20,5,0.6622,0.7619,0.6226,0.5614,0.7736
Dataset_2,Left,ResNet (AutoEncoder),694,16,27,18,13,0.5811,0.5517,0.6,0.5079,0.6506
Dataset_2,Left,ResNet (AutoEncoder),695,10,37,20,7,0.6351,0.5882,0.6491,0.4255,0.6718
Dataset_2,Left,ResNet (AutoEncoder),696,18,34,15,7,0.7027,0.72,0.6939,0.6207,0.8424
Dataset_2,Left,ResNet (AutoEncoder),697,18,41,7,8,0.7973,0.6923,0.8542,0.7059,0.8293
Dataset_2,Left,ResNet (AutoEncoder),698,20,30,16,8,0.6757,0.7143,0.6522,0.625,0.7826
Dataset_2,Left,ResNet (AutoEncoder),699,11,31,23,9,0.5676,0.55,0.5741,0.4074,0.6935
Dataset_2,Left,ResNet (AutoEncoder),700,13,34,19,8,0.6351,0.619,0.6415,0.4906,0.7745
Dataset_2,Left,ResNet (AutoEncoder),701,25,27,11,11,0.7027,0.6944,0.7105,0.6944,0.7361
Dataset_2,Left,ResNet (AutoEncoder),702,14,33,17,10,0.6351,0.5833,0.66,0.5091,0.7208
Dataset_2,Left,ResNet (AutoEncoder),703,19,35,14,6,0.7297,0.76,0.7143,0.6552,0.8106
Dataset_2,Left,ResNet (AutoEncoder),704,13,39,16,6,0.7027,0.6842,0.7091,0.5417,0.7435
Dataset_2,Left,ResNet (AutoEncoder),705,22,28,15,9,0.6757,0.7097,0.6512,0.6471,0.7569
Dataset_2,Left,ResNet (AutoEncoder),706,14,33,13,14,0.6351,0.5,0.7174,0.5091,0.6693
Dataset_2,Left,ResNet (AutoEncoder),707,17,33,17,7,0.6757,0.7083,0.66,0.5862,0.7317
Dataset_2,Left,ResNet (AutoEncoder),708,13,33,19,9,0.6216,0.5909,0.6346,0.4815,0.646
Dataset_2,Left,ResNet (AutoEncoder),709,19,30,17,8,0.6622,0.7037,0.6383,0.6032,0.7699
Dataset_2,Left,ResNet (AutoEncoder),710,16,33,12,13,0.6622,0.5517,0.7333,0.5614,0.7004
Dataset_2,Left,ResNet (AutoEncoder),711,18,36,12,8,0.7297,0.6923,0.75,0.6429,0.7748
Dataset_2,Left,ResNet (AutoEncoder),712,19,29,12,14,0.6486,0.5758,0.7073,0.5938,0.7384
Dataset_2,Left,ResNet (AutoEncoder),713,12,42,15,5,0.7297,0.7059,0.7368,0.5455,0.8215
Dataset_2,Left,ResNet (AutoEncoder),714,11,39,13,11,0.6757,0.5,0.75,0.4783,0.7255
Dataset_2,Left,ResNet (AutoEncoder),715,17,29,19,9,0.6216,0.6538,0.6042,0.5484,0.6659
Dataset_2,Left,ResNet (AutoEncoder),716,18,39,13,4,0.7703,0.8182,0.75,0.6792,0.8663
Dataset_2,Left,ResNet (AutoEncoder),717,19,40,11,4,0.7973,0.8261,0.7843,0.717,0.8602
Dataset_2,Left,ResNet (AutoEncoder),718,23,31,12,8,0.7297,0.7419,0.7209,0.697,0.7562
Dataset_2,Left,ResNet (AutoEncoder),719,15,34,17,8,0.6622,0.6522,0.6667,0.5455,0.7178
Dataset_2,Left,ResNet (AutoEncoder),720,14,39,14,7,0.7162,0.6667,0.7358,0.5714,0.796
Dataset_2,Left,ResNet (AutoEncoder),721,19,38,12,5,0.7703,0.7917,0.76,0.6909,0.8583
Dataset_2,Left,ResNet (AutoEncoder),722,16,31,16,11,0.6351,0.5926,0.6596,0.5424,0.658
Dataset_2,Left,ResNet (AutoEncoder),723,17,34,16,7,0.6892,0.7083,0.68,0.5965,0.745
Dataset_2,Left,ResNet (AutoEncoder),724,21,29,19,5,0.6757,0.8077,0.6042,0.6364,0.7772
Dataset_2,Left,ResNet (AutoEncoder),725,24,32,13,5,0.7568,0.8276,0.7111,0.7273,0.8268
Dataset_2,Left,ResNet (AutoEncoder),726,20,24,20,10,0.5946,0.6667,0.5455,0.5714,0.7167
Dataset_2,Left,ResNet (AutoEncoder),727,14,36,17,7,0.6757,0.6667,0.6792,0.5385,0.7529
Dataset_2,Left,ResNet (AutoEncoder),728,19,33,14,8,0.7027,0.7037,0.7021,0.6333,0.7801
Dataset_2,Left,ResNet (AutoEncoder),729,16,32,14,12,0.6486,0.5714,0.6957,0.5517,0.6879
Dataset_2,Left,ResNet (AutoEncoder),730,22,24,20,8,0.6216,0.7333,0.5455,0.6111,0.6848
Dataset_2,Left,ResNet (AutoEncoder),731,16,33,18,7,0.6622,0.6957,0.6471,0.5614,0.7238
Dataset_2,Left,ResNet (AutoEncoder),732,17,37,14,6,0.7297,0.7391,0.7255,0.6296,0.8346
Dataset_2,Left,ResNet (AutoEncoder),733,23,31,12,8,0.7297,0.7419,0.7209,0.697,0.8155
Dataset_2,Left,ResNet (AutoEncoder),734,23,32,15,4,0.7432,0.8519,0.6809,0.7077,0.8424
Dataset_2,Left,ResNet (AutoEncoder),735,19,31,14,10,0.6757,0.6552,0.6889,0.6129,0.8069
Dataset_2,Left,ResNet (AutoEncoder),736,13,32,19,10,0.6081,0.5652,0.6275,0.4727,0.6846
Dataset_2,Left,ResNet (AutoEncoder),737,21,30,16,7,0.6892,0.75,0.6522,0.6462,0.8307
Dataset_2,Left,ResNet (AutoEncoder),738,15,30,15,14,0.6081,0.5172,0.6667,0.5085,0.6628
Dataset_2,Left,ResNet (AutoEncoder),739,14,28,26,6,0.5676,0.7,0.5185,0.4667,0.7194
Dataset_2,Left,ResNet (AutoEncoder),740,16,35,15,8,0.6892,0.6667,0.7,0.5818,0.7775
Dataset_2,Left,ResNet (AutoEncoder),741,15,34,15,10,0.6622,0.6,0.6939,0.5455,0.7461
Dataset_2,Left,ResNet (AutoEncoder),742,15,36,13,10,0.6892,0.6,0.7347,0.566,0.7682
Dataset_2,Left,ResNet (AutoEncoder),743,17,30,19,8,0.6351,0.68,0.6122,0.5574,0.7829
Dataset_2,Left,ResNet (AutoEncoder),744,15,27,22,10,0.5676,0.6,0.551,0.4839,0.689
Dataset_2,Left,ResNet (AutoEncoder),745,18,35,16,5,0.7162,0.7826,0.6863,0.6316,0.7911
Dataset_2,Left,ResNet (AutoEncoder),746,18,39,12,5,0.7703,0.7826,0.7647,0.6792,0.8687
Dataset_2,Left,ResNet (AutoEncoder),747,14,34,16,10,0.6486,0.5833,0.68,0.5185,0.7
Dataset_2,Left,ResNet (AutoEncoder),748,14,52,6,2,0.8919,0.875,0.8966,0.7778,0.8879
Dataset_2,Left,ResNet (AutoEncoder),749,20,33,15,6,0.7162,0.7692,0.6875,0.6557,0.8253
Dataset_2,Left,ResNet (AutoEncoder),750,23,30,15,6,0.7162,0.7931,0.6667,0.6866,0.813
Dataset_2,Left,ResNet (AutoEncoder),751,16,28,24,6,0.5946,0.7273,0.5385,0.5161,0.7788
Dataset_2,Left,ResNet (AutoEncoder),752,14,39,9,12,0.7162,0.5385,0.8125,0.5714,0.6947
Dataset_2,Left,ResNet (AutoEncoder),753,20,32,15,7,0.7027,0.7407,0.6809,0.6452,0.8101
Dataset_2,Left,ResNet (AutoEncoder),754,21,25,17,11,0.6216,0.6562,0.5952,0.6,0.7039
Dataset_2,Left,ResNet (AutoEncoder),755,22,28,16,8,0.6757,0.7333,0.6364,0.6471,0.7697
Dataset_2,Left,ResNet (AutoEncoder),756,13,35,19,7,0.6486,0.65,0.6481,0.5,0.7667
Dataset_2,Left,ResNet (AutoEncoder),757,24,29,13,8,0.7162,0.75,0.6905,0.6957,0.7835
Dataset_2,Left,ResNet (AutoEncoder),758,20,36,11,7,0.7568,0.7407,0.766,0.6897,0.8526
Dataset_2,Left,ResNet (AutoEncoder),759,23,31,14,6,0.7297,0.7931,0.6889,0.697,0.8169
Dataset_2,Left,ResNet (AutoEncoder),760,22,33,15,4,0.7432,0.8462,0.6875,0.6984,0.8718
Dataset_2,Left,ResNet (AutoEncoder),761,15,32,22,5,0.6351,0.75,0.5926,0.5263,0.7657
Dataset_2,Left,ResNet (AutoEncoder),762,16,38,16,4,0.7297,0.8,0.7037,0.6154,0.813
Dataset_2,Left,ResNet (AutoEncoder),763,18,33,12,11,0.6892,0.6207,0.7333,0.6102,0.7709
Dataset_2,Left,ResNet (AutoEncoder),764,13,29,26,6,0.5676,0.6842,0.5273,0.4483,0.7589
Dataset_2,Left,ResNet (AutoEncoder),765,16,36,14,8,0.7027,0.6667,0.72,0.5926,0.76
Dataset_2,Left,ResNet (AutoEncoder),766,18,29,14,13,0.6351,0.5806,0.6744,0.5714,0.7487
Dataset_2,Left,ResNet (AutoEncoder),767,16,31,13,14,0.6351,0.5333,0.7045,0.5424,0.7068
Dataset_2,Left,ResNet (AutoEncoder),768,13,40,12,9,0.7162,0.5909,0.7692,0.5532,0.7316
Dataset_2,Left,ResNet (AutoEncoder),769,21,33,19,1,0.7297,0.9545,0.6346,0.6774,0.8864
Dataset_2,Left,ResNet (AutoEncoder),770,13,35,16,10,0.6486,0.5652,0.6863,0.5,0.7545
Dataset_2,Left,ResNet (AutoEncoder),771,15,35,15,9,0.6757,0.625,0.7,0.5556,0.7117
Dataset_2,Left,ResNet (AutoEncoder),772,27,26,11,10,0.7162,0.7297,0.7027,0.72,0.7553
Dataset_2,Left,ResNet (AutoEncoder),773,17,37,10,10,0.7297,0.6296,0.7872,0.6296,0.7778
Dataset_2,Left,ResNet (AutoEncoder),774,20,37,7,10,0.7703,0.6667,0.8409,0.7018,0.828
Dataset_2,Left,ResNet (AutoEncoder),775,18,30,21,5,0.6486,0.7826,0.5882,0.5806,0.7673
Dataset_2,Left,ResNet (AutoEncoder),776,14,37,19,4,0.6892,0.7778,0.6607,0.549,0.8274
Dataset_2,Left,ResNet (AutoEncoder),777,19,30,16,9,0.6622,0.6786,0.6522,0.6032,0.7073
Dataset_2,Left,ResNet (AutoEncoder),778,23,31,9,11,0.7297,0.6765,0.775,0.697,0.7485
Dataset_2,Left,ResNet (AutoEncoder),779,15,37,13,9,0.7027,0.625,0.74,0.5769,0.8017
Dataset_2,Left,ResNet (AutoEncoder),780,19,36,12,7,0.7432,0.7308,0.75,0.6667,0.7989
Dataset_2,Left,ResNet (AutoEncoder),781,19,36,12,7,0.7432,0.7308,0.75,0.6667,0.7885
Dataset_2,Left,ResNet (AutoEncoder),782,19,31,17,7,0.6757,0.7308,0.6458,0.6129,0.7756
Dataset_2,Left,ResNet (AutoEncoder),783,17,36,16,5,0.7162,0.7727,0.6923,0.6182,0.8182
Dataset_2,Left,ResNet (AutoEncoder),784,8,40,16,10,0.6486,0.4444,0.7143,0.381,0.6458
Dataset_2,Left,ResNet (AutoEncoder),785,16,37,12,9,0.7162,0.64,0.7551,0.6038,0.8139
Dataset_2,Left,ResNet (AutoEncoder),786,17,44,9,4,0.8243,0.8095,0.8302,0.7234,0.8356
Dataset_2,Left,ResNet (AutoEncoder),787,23,37,12,2,0.8108,0.92,0.7551,0.7667,0.9241
Dataset_2,Left,ResNet (AutoEncoder),788,19,30,19,6,0.6622,0.76,0.6122,0.6032,0.7355
Dataset_2,Left,ResNet (AutoEncoder),789,18,34,16,6,0.7027,0.75,0.68,0.6207,0.785
Dataset_2,Left,ResNet (AutoEncoder),790,14,38,15,7,0.7027,0.6667,0.717,0.56,0.7826
Dataset_2,Left,ResNet (AutoEncoder),791,12,34,18,10,0.6216,0.5455,0.6538,0.4615,0.7264
Dataset_2,Left,ResNet (AutoEncoder),792,17,29,19,9,0.6216,0.6538,0.6042,0.5484,0.6891
Dataset_2,Left,ResNet (AutoEncoder),793,25,29,17,3,0.7297,0.8929,0.6304,0.7143,0.8315
Dataset_2,Left,ResNet (AutoEncoder),794,16,31,16,11,0.6351,0.5926,0.6596,0.5424,0.6848
Dataset_2,Left,ResNet (AutoEncoder),795,18,34,19,3,0.7027,0.8571,0.6415,0.6207,0.7907
Dataset_2,Left,ResNet (AutoEncoder),796,25,32,13,4,0.7703,0.8621,0.7111,0.7463,0.8391
Dataset_2,Left,ResNet (AutoEncoder),797,16,37,12,9,0.7162,0.64,0.7551,0.6038,0.7437
Dataset_2,Left,ResNet (AutoEncoder),798,20,34,16,4,0.7297,0.8333,0.68,0.6667,0.8308
Dataset_2,Left,ResNet (AutoEncoder),799,21,24,20,9,0.6081,0.7,0.5455,0.5915,0.6985
Dataset_2,Left,ResNet (AutoEncoder),800,18,38,13,5,0.7568,0.7826,0.7451,0.6667,0.7954
Dataset_2,Left,ResNet (AutoEncoder),801,17,33,15,9,0.6757,0.6538,0.6875,0.5862,0.7484
Dataset_2,Left,ResNet (AutoEncoder),802,18,26,17,13,0.5946,0.5806,0.6047,0.5455,0.6849
Dataset_2,Left,ResNet (AutoEncoder),803,17,32,16,9,0.6622,0.6538,0.6667,0.5763,0.7075
Dataset_2,Left,ResNet (AutoEncoder),804,16,32,16,10,0.6486,0.6154,0.6667,0.5517,0.7019
Dataset_2,Left,ResNet (AutoEncoder),805,14,34,18,8,0.6486,0.6364,0.6538,0.5185,0.66
Dataset_2,Left,ResNet (AutoEncoder),806,14,33,12,15,0.6351,0.4828,0.7333,0.5091,0.6536
Dataset_2,Left,ResNet (AutoEncoder),807,21,31,13,9,0.7027,0.7,0.7045,0.6562,0.7598
Dataset_2,Left,ResNet (AutoEncoder),808,19,39,11,5,0.7838,0.7917,0.78,0.7037,0.8208
Dataset_2,Left,ResNet (AutoEncoder),809,13,43,9,9,0.7568,0.5909,0.8269,0.5909,0.778
Dataset_2,Left,ResNet (AutoEncoder),810,25,31,13,5,0.7568,0.8333,0.7045,0.7353,0.8492
Dataset_2,Left,ResNet (AutoEncoder),811,14,36,17,7,0.6757,0.6667,0.6792,0.5385,0.7403
Dataset_2,Left,ResNet (AutoEncoder),812,18,34,13,9,0.7027,0.6667,0.7234,0.6207,0.7502
Dataset_2,Left,ResNet (AutoEncoder),813,14,32,17,11,0.6216,0.56,0.6531,0.5,0.6424
Dataset_2,Left,ResNet (AutoEncoder),814,21,32,14,7,0.7162,0.75,0.6957,0.6667,0.8106
Dataset_2,Left,ResNet (AutoEncoder),815,15,31,22,6,0.6216,0.7143,0.5849,0.5172,0.6801
Dataset_2,Left,ResNet (AutoEncoder),816,20,31,17,6,0.6892,0.7692,0.6458,0.6349,0.7829
Dataset_2,Left,ResNet (AutoEncoder),817,17,32,14,11,0.6622,0.6071,0.6957,0.5763,0.7663
Dataset_2,Left,ResNet (AutoEncoder),818,15,39,14,6,0.7297,0.7143,0.7358,0.6,0.7996
Dataset_2,Left,ResNet (AutoEncoder),819,16,35,14,9,0.6892,0.64,0.7143,0.5818,0.7918
Dataset_2,Left,ResNet (AutoEncoder),820,15,34,14,11,0.6622,0.5769,0.7083,0.5455,0.7179
Dataset_2,Left,ResNet (AutoEncoder),821,22,39,9,4,0.8243,0.8462,0.8125,0.7719,0.9038
Dataset_2,Left,ResNet (AutoEncoder),822,19,32,17,6,0.6892,0.76,0.6531,0.623,0.8237
Dataset_2,Left,ResNet (AutoEncoder),823,16,31,21,6,0.6351,0.7273,0.5962,0.5424,0.7517
Dataset_2,Left,ResNet (AutoEncoder),824,24,31,12,7,0.7432,0.7742,0.7209,0.7164,0.8515
Dataset_2,Left,ResNet (AutoEncoder),825,21,31,15,7,0.7027,0.75,0.6739,0.6562,0.7787
Dataset_2,Left,ResNet (AutoEncoder),826,17,36,14,7,0.7162,0.7083,0.72,0.6182,0.8233
Dataset_2,Left,ResNet (AutoEncoder),827,16,30,20,8,0.6216,0.6667,0.6,0.5333,0.7767
Dataset_2,Left,ResNet (AutoEncoder),828,16,32,17,9,0.6486,0.64,0.6531,0.5517,0.7363
Dataset_2,Left,ResNet (AutoEncoder),829,14,40,13,7,0.7297,0.6667,0.7547,0.5833,0.7853
Dataset_2,Left,ResNet (AutoEncoder),830,23,26,20,5,0.6622,0.8214,0.5652,0.6479,0.8059
Dataset_2,Left,ResNet (AutoEncoder),831,15,38,14,7,0.7162,0.6818,0.7308,0.5882,0.7762
Dataset_2,Left,ResNet (AutoEncoder),832,14,37,16,7,0.6892,0.6667,0.6981,0.549,0.7951
Dataset_2,Left,ResNet (AutoEncoder),833,16,30,18,10,0.6216,0.6154,0.625,0.5333,0.7091
Dataset_2,Left,ResNet (AutoEncoder),834,19,30,13,12,0.6622,0.6129,0.6977,0.6032,0.7314
Dataset_2,Left,ResNet (AutoEncoder),835,14,31,14,15,0.6081,0.4828,0.6889,0.4912,0.6613
Dataset_2,Left,ResNet (AutoEncoder),836,20,34,12,8,0.7297,0.7143,0.7391,0.6667,0.802
Dataset_2,Left,ResNet (AutoEncoder),837,12,37,17,8,0.6622,0.6,0.6852,0.4898,0.7519
Dataset_2,Left,ResNet (AutoEncoder),838,19,34,15,6,0.7162,0.76,0.6939,0.6441,0.8033
Dataset_2,Left,ResNet (AutoEncoder),839,20,38,11,5,0.7838,0.8,0.7755,0.7143,0.8751
Dataset_2,Left,ResNet (AutoEncoder),840,19,25,18,12,0.5946,0.6129,0.5814,0.5588,0.6797
Dataset_2,Left,ResNet (AutoEncoder),841,21,33,12,8,0.7297,0.7241,0.7333,0.6774,0.81
Dataset_2,Left,ResNet (AutoEncoder),842,16,36,13,9,0.7027,0.64,0.7347,0.5926,0.7363
Dataset_2,Left,ResNet (AutoEncoder),843,21,29,12,12,0.6757,0.6364,0.7073,0.6364,0.7738
Dataset_2,Left,ResNet (AutoEncoder),844,23,35,13,3,0.7838,0.8846,0.7292,0.7419,0.9391
Dataset_2,Left,ResNet (AutoEncoder),845,12,26,22,14,0.5135,0.4615,0.5417,0.4,0.5649
Dataset_2,Left,ResNet (AutoEncoder),846,19,27,17,11,0.6216,0.6333,0.6136,0.5758,0.6553
Dataset_2,Left,ResNet (AutoEncoder),847,12,37,16,9,0.6622,0.5714,0.6981,0.4898,0.7341
Dataset_2,Left,ResNet (AutoEncoder),848,19,29,17,9,0.6486,0.6786,0.6304,0.5937,0.7811
Dataset_2,Left,ResNet (AutoEncoder),849,19,28,19,8,0.6351,0.7037,0.5957,0.5846,0.7683
Dataset_2,Left,ResNet (AutoEncoder),850,20,29,17,8,0.6622,0.7143,0.6304,0.6154,0.7073
Dataset_2,Left,ResNet (AutoEncoder),851,13,37,13,11,0.6757,0.5417,0.74,0.52,0.705
Dataset_2,Left,ResNet (AutoEncoder),852,16,39,14,5,0.7432,0.7619,0.7358,0.6275,0.8688
Dataset_2,Left,ResNet (AutoEncoder),853,11,26,22,15,0.5,0.4231,0.5417,0.3729,0.5729
Dataset_2,Left,ResNet (AutoEncoder),854,15,38,13,8,0.7162,0.6522,0.7451,0.5882,0.8056
Dataset_2,Left,ResNet (AutoEncoder),855,26,31,10,7,0.7703,0.7879,0.7561,0.7536,0.8256
Dataset_2,Left,ResNet (AutoEncoder),856,14,39,14,7,0.7162,0.6667,0.7358,0.5714,0.8365
Dataset_2,Left,ResNet (AutoEncoder),857,17,37,13,7,0.7297,0.7083,0.74,0.6296,0.7517
Dataset_2,Left,ResNet (AutoEncoder),858,21,31,13,9,0.7027,0.7,0.7045,0.6562,0.7659
Dataset_2,Left,ResNet (AutoEncoder),859,15,30,23,6,0.6081,0.7143,0.566,0.5085,0.7107
Dataset_2,Left,ResNet (AutoEncoder),860,13,44,12,5,0.7703,0.7222,0.7857,0.6047,0.7629
Dataset_2,Left,ResNet (AutoEncoder),861,26,34,11,3,0.8108,0.8966,0.7556,0.7879,0.8789
Dataset_2,Left,ResNet (AutoEncoder),862,15,37,17,5,0.7027,0.75,0.6852,0.5769,0.712
Dataset_2,Left,ResNet (AutoEncoder),863,15,31,18,10,0.6216,0.6,0.6327,0.5172,0.6939
Dataset_2,Left,ResNet (AutoEncoder),864,14,36,15,9,0.6757,0.6087,0.7059,0.5385,0.7289
Dataset_2,Left,ResNet (AutoEncoder),865,18,38,13,5,0.7568,0.7826,0.7451,0.6667,0.8508
Dataset_2,Left,ResNet (AutoEncoder),866,14,35,15,10,0.6622,0.5833,0.7,0.5283,0.6733
Dataset_2,Left,ResNet (AutoEncoder),867,11,31,22,10,0.5676,0.5238,0.5849,0.4074,0.6361
Dataset_2,Left,ResNet (AutoEncoder),868,22,31,15,6,0.7162,0.7857,0.6739,0.6769,0.8075
Dataset_2,Left,ResNet (AutoEncoder),869,19,33,14,8,0.7027,0.7037,0.7021,0.6333,0.6864
Dataset_2,Left,ResNet (AutoEncoder),870,17,34,12,11,0.6892,0.6071,0.7391,0.5965,0.7593
Dataset_2,Left,ResNet (AutoEncoder),871,21,29,14,10,0.6757,0.6774,0.6744,0.6364,0.8095
Dataset_2,Left,ResNet (AutoEncoder),872,20,29,20,5,0.6622,0.8,0.5918,0.6154,0.7837
Dataset_2,Left,ResNet (AutoEncoder),873,18,35,15,6,0.7162,0.75,0.7,0.6316,0.8308
Dataset_2,Left,ResNet (AutoEncoder),874,22,27,15,10,0.6622,0.6875,0.6429,0.6377,0.782
Dataset_2,Left,ResNet (AutoEncoder),875,16,38,15,5,0.7297,0.7619,0.717,0.6154,0.8113
Dataset_2,Left,ResNet (AutoEncoder),876,21,38,9,6,0.7973,0.7778,0.8085,0.7368,0.8298
Dataset_2,Left,ResNet (AutoEncoder),877,28,29,11,6,0.7703,0.8235,0.725,0.7671,0.7949
Dataset_2,Left,ResNet (AutoEncoder),878,20,35,14,5,0.7432,0.8,0.7143,0.678,0.8629
Dataset_2,Left,ResNet (AutoEncoder),879,17,36,15,6,0.7162,0.7391,0.7059,0.6182,0.7835
Dataset_2,Left,ResNet (AutoEncoder),880,16,32,18,8,0.6486,0.6667,0.64,0.5517,0.785
Dataset_2,Left,ResNet (AutoEncoder),881,20,31,18,5,0.6892,0.8,0.6327,0.6349,0.7682
Dataset_2,Left,ResNet (AutoEncoder),882,19,31,17,7,0.6757,0.7308,0.6458,0.6129,0.77
Dataset_2,Left,ResNet (AutoEncoder),883,24,30,16,4,0.7297,0.8571,0.6522,0.7059,0.8517
Dataset_2,Left,ResNet (AutoEncoder),884,19,28,15,12,0.6351,0.6129,0.6512,0.5846,0.7247
Dataset_2,Left,ResNet (AutoEncoder),885,17,26,21,10,0.5811,0.6296,0.5532,0.5231,0.6651
Dataset_2,Left,ResNet (AutoEncoder),886,24,26,14,10,0.6757,0.7059,0.65,0.6667,0.7985
Dataset_2,Left,ResNet (AutoEncoder),887,17,32,22,3,0.6622,0.85,0.5926,0.5763,0.7843
Dataset_2,Left,ResNet (AutoEncoder),888,14,25,27,8,0.527,0.6364,0.4808,0.4444,0.7133
Dataset_2,Left,ResNet (AutoEncoder),889,16,37,13,8,0.7162,0.6667,0.74,0.6038,0.795
Dataset_2,Left,ResNet (AutoEncoder),890,19,29,17,9,0.6486,0.6786,0.6304,0.5937,0.7554
Dataset_2,Left,ResNet (AutoEncoder),891,18,30,15,11,0.6486,0.6207,0.6667,0.5806,0.7448
Dataset_2,Left,ResNet (AutoEncoder),892,20,32,19,3,0.7027,0.8696,0.6275,0.6452,0.8312
Dataset_2,Left,ResNet (AutoEncoder),893,19,31,16,8,0.6757,0.7037,0.6596,0.6129,0.7502
Dataset_2,Left,ResNet (AutoEncoder),894,12,36,15,11,0.6486,0.5217,0.7059,0.48,0.7084
Dataset_2,Left,ResNet (AutoEncoder),895,20,28,17,9,0.6486,0.6897,0.6222,0.6061,0.7119
Dataset_2,Left,ResNet (AutoEncoder),896,25,22,8,19,0.6351,0.5682,0.7333,0.6494,0.7144
Dataset_2,Left,ResNet (AutoEncoder),897,16,34,13,11,0.6757,0.5926,0.7234,0.5714,0.7171
Dataset_2,Left,ResNet (AutoEncoder),898,15,35,19,5,0.6757,0.75,0.6481,0.5556,0.7954
Dataset_2,Left,ResNet (AutoEncoder),899,16,41,14,3,0.7703,0.8421,0.7455,0.6531,0.934
Dataset_2,Left,ResNet (AutoEncoder),900,18,35,13,8,0.7162,0.6923,0.7292,0.6316,0.7804
Dataset_2,Left,ResNet (AutoEncoder),901,24,28,16,6,0.7027,0.8,0.6364,0.6857,0.7758
Dataset_2,Left,ResNet (AutoEncoder),902,25,24,17,8,0.6622,0.7576,0.5854,0.6667,0.7435
Dataset_2,Left,ResNet (AutoEncoder),903,21,27,20,6,0.6486,0.7778,0.5745,0.6176,0.7447
Dataset_2,Left,ResNet (AutoEncoder),904,22,26,15,11,0.6486,0.6667,0.6341,0.6286,0.7731
Dataset_2,Left,ResNet (AutoEncoder),905,18,27,16,13,0.6081,0.5806,0.6279,0.5538,0.7404
Dataset_2,Left,ResNet (AutoEncoder),906,22,34,12,6,0.7568,0.7857,0.7391,0.7097,0.8556
Dataset_2,Left,ResNet (AutoEncoder),907,12,40,15,7,0.7027,0.6316,0.7273,0.5217,0.6813
Dataset_2,Left,ResNet (AutoEncoder),908,13,40,12,9,0.7162,0.5909,0.7692,0.5532,0.7255
Dataset_2,Left,ResNet (AutoEncoder),909,13,34,18,9,0.6351,0.5909,0.6538,0.4906,0.7273
Dataset_2,Left,ResNet (AutoEncoder),910,19,31,13,11,0.6757,0.6333,0.7045,0.6129,0.7485
Dataset_2,Left,ResNet (AutoEncoder),911,18,31,18,7,0.6622,0.72,0.6327,0.5902,0.7486
Dataset_2,Left,ResNet (AutoEncoder),912,15,34,16,9,0.6622,0.625,0.68,0.5455,0.7
Dataset_2,Left,ResNet (AutoEncoder),913,20,33,13,8,0.7162,0.7143,0.7174,0.6557,0.7974
Dataset_2,Left,ResNet (AutoEncoder),914,12,36,20,6,0.6486,0.6667,0.6429,0.48,0.7054
Dataset_2,Left,ResNet (AutoEncoder),915,21,32,13,8,0.7162,0.7241,0.7111,0.6667,0.7617
Dataset_2,Left,ResNet (AutoEncoder),916,13,32,18,11,0.6081,0.5417,0.64,0.4727,0.6617
Dataset_2,Left,ResNet (AutoEncoder),917,19,27,17,11,0.6216,0.6333,0.6136,0.5758,0.6742
Dataset_2,Left,ResNet (AutoEncoder),918,16,35,13,10,0.6892,0.6154,0.7292,0.5818,0.738
Dataset_2,Left,ResNet (AutoEncoder),919,23,28,17,6,0.6892,0.7931,0.6222,0.6667,0.7862
Dataset_2,Left,ResNet (AutoEncoder),920,15,34,19,6,0.6622,0.7143,0.6415,0.5455,0.8203
Dataset_2,Left,ResNet (AutoEncoder),921,20,40,7,7,0.8108,0.7407,0.8511,0.7407,0.8022
Dataset_2,Left,ResNet (AutoEncoder),922,20,23,19,12,0.5811,0.625,0.5476,0.5634,0.6659
Dataset_2,Left,ResNet (AutoEncoder),923,17,37,13,7,0.7297,0.7083,0.74,0.6296,0.7625
Dataset_2,Left,ResNet (AutoEncoder),924,19,32,13,10,0.6892,0.6552,0.7111,0.623,0.7034
Dataset_2,Left,ResNet (AutoEncoder),925,19,33,14,8,0.7027,0.7037,0.7021,0.6333,0.7132
Dataset_2,Left,ResNet (AutoEncoder),926,12,38,15,9,0.6757,0.5714,0.717,0.5,0.7475
Dataset_2,Left,ResNet (AutoEncoder),927,25,24,19,6,0.6622,0.8065,0.5581,0.6667,0.8192
Dataset_2,Left,ResNet (AutoEncoder),928,21,35,14,4,0.7568,0.84,0.7143,0.7,0.8588
Dataset_2,Left,ResNet (AutoEncoder),929,19,33,11,11,0.7027,0.6333,0.75,0.6333,0.7841
Dataset_2,Left,ResNet (AutoEncoder),930,22,25,19,8,0.6351,0.7333,0.5682,0.6197,0.7106
Dataset_2,Left,ResNet (AutoEncoder),931,11,36,13,14,0.6351,0.44,0.7347,0.449,0.6449
Dataset_2,Left,ResNet (AutoEncoder),932,20,32,17,5,0.7027,0.8,0.6531,0.6452,0.7976
Dataset_2,Left,ResNet (AutoEncoder),933,19,34,13,8,0.7162,0.7037,0.7234,0.6441,0.814
Dataset_2,Left,ResNet (AutoEncoder),934,22,26,14,12,0.6486,0.6471,0.65,0.6286,0.6838
Dataset_2,Left,ResNet (AutoEncoder),935,20,31,14,9,0.6892,0.6897,0.6889,0.6349,0.7203
Dataset_2,Left,ResNet (AutoEncoder),936,19,34,13,8,0.7162,0.7037,0.7234,0.6441,0.8345
Dataset_2,Left,ResNet (AutoEncoder),937,14,46,9,5,0.8108,0.7368,0.8364,0.6667,0.8201
Dataset_2,Left,ResNet (AutoEncoder),938,19,39,14,2,0.7838,0.9048,0.7358,0.7037,0.8859
Dataset_2,Left,ResNet (AutoEncoder),939,15,30,23,6,0.6081,0.7143,0.566,0.5085,0.7089
Dataset_2,Left,ResNet (AutoEncoder),940,14,34,14,12,0.6486,0.5385,0.7083,0.5185,0.6915
Dataset_2,Left,ResNet (AutoEncoder),941,19,37,14,4,0.7568,0.8261,0.7255,0.6786,0.8517
Dataset_2,Left,ResNet (AutoEncoder),942,17,33,16,8,0.6757,0.68,0.6735,0.5862,0.7167
Dataset_2,Left,ResNet (AutoEncoder),943,19,35,13,7,0.7297,0.7308,0.7292,0.6552,0.7564
Dataset_2,Left,ResNet (AutoEncoder),944,25,31,13,5,0.7568,0.8333,0.7045,0.7353,0.8727
Dataset_2,Left,ResNet (AutoEncoder),945,21,30,19,4,0.6892,0.84,0.6122,0.6462,0.8416
Dataset_2,Left,ResNet (AutoEncoder),946,18,34,14,8,0.7027,0.6923,0.7083,0.6207,0.7476
Dataset_2,Left,ResNet (AutoEncoder),947,20,35,8,11,0.7432,0.6452,0.814,0.678,0.7592
Dataset_2,Left,ResNet (AutoEncoder),948,18,30,15,11,0.6486,0.6207,0.6667,0.5806,0.7295
Dataset_2,Left,ResNet (AutoEncoder),949,15,35,16,8,0.6757,0.6522,0.6863,0.5556,0.7536
Dataset_2,Left,ResNet (AutoEncoder),950,19,26,13,16,0.6081,0.5429,0.6667,0.5672,0.644
Dataset_2,Left,ResNet (AutoEncoder),951,18,33,14,9,0.6892,0.6667,0.7021,0.6102,0.721
Dataset_2,Left,ResNet (AutoEncoder),952,15,34,18,7,0.6622,0.6818,0.6538,0.5455,0.7491
Dataset_2,Left,ResNet (AutoEncoder),953,19,27,20,8,0.6216,0.7037,0.5745,0.5758,0.7478
Dataset_2,Left,ResNet (AutoEncoder),954,17,32,17,8,0.6622,0.68,0.6531,0.5763,0.7698
Dataset_2,Left,ResNet (AutoEncoder),955,17,38,13,6,0.7432,0.7391,0.7451,0.6415,0.798
Dataset_2,Left,ResNet (AutoEncoder),956,23,29,13,9,0.7027,0.7188,0.6905,0.6765,0.8028
Dataset_2,Left,ResNet (AutoEncoder),957,14,35,12,13,0.6622,0.5185,0.7447,0.5283,0.6832
Dataset_2,Left,ResNet (AutoEncoder),958,17,31,19,7,0.6486,0.7083,0.62,0.5667,0.7242
Dataset_2,Left,ResNet (AutoEncoder),959,15,39,13,7,0.7297,0.6818,0.75,0.6,0.8444
Dataset_2,Left,ResNet (AutoEncoder),960,20,28,19,7,0.6486,0.7407,0.5957,0.6061,0.8046
Dataset_2,Left,ResNet (AutoEncoder),961,14,25,24,11,0.527,0.56,0.5102,0.4444,0.5935
Dataset_2,Left,ResNet (AutoEncoder),962,16,34,15,9,0.6757,0.64,0.6939,0.5714,0.7486
Dataset_2,Left,ResNet (AutoEncoder),963,16,29,22,7,0.6081,0.6957,0.5686,0.5246,0.6812
Dataset_2,Left,ResNet (AutoEncoder),964,23,36,9,6,0.7973,0.7931,0.8,0.7541,0.836
Dataset_2,Left,ResNet (AutoEncoder),965,24,31,8,11,0.7432,0.6857,0.7949,0.7164,0.7714
Dataset_2,Left,ResNet (AutoEncoder),966,14,40,11,9,0.7297,0.6087,0.7843,0.5833,0.7877
Dataset_2,Left,ResNet (AutoEncoder),967,22,29,15,8,0.6892,0.7333,0.6591,0.6567,0.7924
Dataset_2,Left,ResNet (AutoEncoder),968,17,33,16,8,0.6757,0.68,0.6735,0.5862,0.7592
Dataset_2,Left,ResNet (AutoEncoder),969,20,33,14,7,0.7162,0.7407,0.7021,0.6557,0.8125
Dataset_2,Left,ResNet (AutoEncoder),970,18,32,19,5,0.6757,0.7826,0.6275,0.6,0.7835
Dataset_2,Left,ResNet (AutoEncoder),971,13,36,18,7,0.6622,0.65,0.6667,0.5098,0.7102
Dataset_2,Left,ResNet (AutoEncoder),972,17,31,17,9,0.6486,0.6538,0.6458,0.5667,0.7051
Dataset_2,Left,ResNet (AutoEncoder),973,20,28,17,9,0.6486,0.6897,0.6222,0.6061,0.692
Dataset_2,Left,ResNet (AutoEncoder),974,22,26,15,11,0.6486,0.6667,0.6341,0.6286,0.7191
Dataset_2,Left,ResNet (AutoEncoder),975,26,31,11,6,0.7703,0.8125,0.7381,0.7536,0.8445
Dataset_2,Left,ResNet (AutoEncoder),976,18,40,10,6,0.7838,0.75,0.8,0.6923,0.8342
Dataset_2,Left,ResNet (AutoEncoder),977,27,31,10,6,0.7838,0.8182,0.7561,0.7714,0.8847
Dataset_2,Left,ResNet (AutoEncoder),978,21,29,18,6,0.6757,0.7778,0.617,0.6364,0.803
Dataset_2,Left,ResNet (AutoEncoder),979,16,38,11,9,0.7297,0.64,0.7755,0.6154,0.7796
Dataset_2,Left,ResNet (AutoEncoder),980,19,32,17,6,0.6892,0.76,0.6531,0.623,0.8498
Dataset_2,Left,ResNet (AutoEncoder),981,18,35,14,7,0.7162,0.72,0.7143,0.6316,0.7616
Dataset_2,Left,ResNet (AutoEncoder),982,20,33,7,14,0.7162,0.5882,0.825,0.6557,0.7978
Dataset_2,Left,ResNet (AutoEncoder),983,23,31,9,11,0.7297,0.6765,0.775,0.697,0.8184
Dataset_2,Left,ResNet (AutoEncoder),984,23,31,9,11,0.7297,0.6765,0.775,0.697,0.7868
Dataset_2,Left,ResNet (AutoEncoder),985,9,40,20,5,0.6622,0.6429,0.6667,0.4186,0.7786
Dataset_2,Left,ResNet (AutoEncoder),986,21,27,15,11,0.6486,0.6562,0.6429,0.6176,0.7991
Dataset_2,Left,ResNet (AutoEncoder),987,15,30,22,7,0.6081,0.6818,0.5769,0.5085,0.7194
Dataset_2,Left,ResNet (AutoEncoder),988,14,35,18,7,0.6622,0.6667,0.6604,0.5283,0.752
Dataset_2,Left,ResNet (AutoEncoder),989,20,29,19,6,0.6622,0.7692,0.6042,0.6154,0.7716
Dataset_2,Left,ResNet (AutoEncoder),990,22,28,16,8,0.6757,0.7333,0.6364,0.6471,0.7735
Dataset_2,Left,ResNet (AutoEncoder),991,20,33,13,8,0.7162,0.7143,0.7174,0.6557,0.7888
Dataset_2,Left,ResNet (AutoEncoder),992,19,30,17,8,0.6622,0.7037,0.6383,0.6032,0.7147
Dataset_2,Left,ResNet (AutoEncoder),993,23,26,20,5,0.6622,0.8214,0.5652,0.6479,0.8175
Dataset_2,Left,ResNet (AutoEncoder),994,11,38,15,10,0.6622,0.5238,0.717,0.4681,0.699
Dataset_2,Left,ResNet (AutoEncoder),995,28,25,16,5,0.7162,0.8485,0.6098,0.7273,0.7931
Dataset_2,Left,ResNet (AutoEncoder),996,18,33,19,4,0.6892,0.8182,0.6346,0.6102,0.8628
Dataset_2,Left,ResNet (AutoEncoder),997,19,35,13,7,0.7297,0.7308,0.7292,0.6552,0.8109
Dataset_2,Left,ResNet (AutoEncoder),998,24,33,9,8,0.7703,0.75,0.7857,0.7385,0.8244
Dataset_2,Left,ResNet (AutoEncoder),999,23,29,16,6,0.7027,0.7931,0.6444,0.6765,0.7571
Dataset_2,Left,ResNet (AutoEncoder),1000,19,32,17,6,0.6892,0.76,0.6531,0.623,0.7984
Dataset_2,Left,MobileNet,1,25,32,11,6,0.7703,0.8065,0.7442,0.7463,0.8335
Dataset_2,Left,MobileNet,2,13,37,15,9,0.6757,0.5909,0.7115,0.52,0.6958
Dataset_2,Left,MobileNet,3,20,29,14,11,0.6622,0.6452,0.6744,0.6154,0.7157
Dataset_2,Left,MobileNet,4,15,34,15,10,0.6622,0.6,0.6939,0.5455,0.7167
Dataset_2,Left,MobileNet,5,14,37,14,9,0.6892,0.6087,0.7255,0.549,0.8465
Dataset_2,Left,MobileNet,6,11,36,18,9,0.6351,0.55,0.6667,0.449,0.712
Dataset_2,Left,MobileNet,7,16,27,17,14,0.5811,0.5333,0.6136,0.5079,0.775
Dataset_2,Left,MobileNet,8,17,28,17,12,0.6081,0.5862,0.6222,0.5397,0.6467
Dataset_2,Left,MobileNet,9,21,33,12,8,0.7297,0.7241,0.7333,0.6774,0.7716
Dataset_2,Left,MobileNet,10,21,34,14,5,0.7432,0.8077,0.7083,0.6885,0.8598
Dataset_2,Left,MobileNet,11,17,34,13,10,0.6892,0.6296,0.7234,0.5965,0.7037
Dataset_2,Left,MobileNet,12,19,32,16,7,0.6892,0.7308,0.6667,0.623,0.8173
Dataset_2,Left,MobileNet,13,13,32,19,10,0.6081,0.5652,0.6275,0.4727,0.7596
Dataset_2,Left,MobileNet,14,18,34,16,6,0.7027,0.75,0.68,0.6207,0.795
Dataset_2,Left,MobileNet,15,13,40,12,9,0.7162,0.5909,0.7692,0.5532,0.7727
Dataset_2,Left,MobileNet,16,27,28,13,6,0.7432,0.8182,0.6829,0.7397,0.8404
Dataset_2,Left,MobileNet,17,14,22,17,21,0.4865,0.4,0.5641,0.4242,0.6051
Dataset_2,Left,MobileNet,18,14,37,16,7,0.6892,0.6667,0.6981,0.549,0.7718
Dataset_2,Left,MobileNet,19,11,39,10,14,0.6757,0.44,0.7959,0.4783,0.7363
Dataset_2,Left,MobileNet,20,16,30,21,7,0.6216,0.6957,0.5882,0.5333,0.786
Dataset_2,Left,MobileNet,21,14,33,14,13,0.6351,0.5185,0.7021,0.5091,0.7195
Dataset_2,Left,MobileNet,22,18,34,12,10,0.7027,0.6429,0.7391,0.6207,0.7865
Dataset_2,Left,MobileNet,23,17,33,18,6,0.6757,0.7391,0.6471,0.5862,0.7664
Dataset_2,Left,MobileNet,24,14,41,6,13,0.7432,0.5185,0.8723,0.5957,0.7943
Dataset_2,Left,MobileNet,25,14,33,20,7,0.6351,0.6667,0.6226,0.5091,0.7089
Dataset_2,Left,MobileNet,26,18,33,14,9,0.6892,0.6667,0.7021,0.6102,0.792
Dataset_2,Left,MobileNet,27,16,33,19,6,0.6622,0.7273,0.6346,0.5614,0.7483
Dataset_2,Left,MobileNet,28,10,38,14,12,0.6486,0.4545,0.7308,0.4348,0.7439
Dataset_2,Left,MobileNet,29,14,36,15,9,0.6757,0.6087,0.7059,0.5385,0.7289
Dataset_2,Left,MobileNet,30,16,33,12,13,0.6622,0.5517,0.7333,0.5614,0.7349
Dataset_2,Left,MobileNet,31,15,40,9,10,0.7432,0.6,0.8163,0.6122,0.8392
Dataset_2,Left,MobileNet,32,14,39,15,6,0.7162,0.7,0.7222,0.5714,0.7565
Dataset_2,Left,MobileNet,33,21,33,14,6,0.7297,0.7778,0.7021,0.6774,0.8125
Dataset_2,Left,MobileNet,34,19,24,21,10,0.5811,0.6552,0.5333,0.5507,0.705
Dataset_2,Left,MobileNet,35,10,41,13,10,0.6892,0.5,0.7593,0.4651,0.7352
Dataset_2,Left,MobileNet,36,16,34,12,12,0.6757,0.5714,0.7391,0.5714,0.771
Dataset_2,Left,MobileNet,37,18,31,11,14,0.6622,0.5625,0.7381,0.5902,0.7805
Dataset_2,Left,MobileNet,38,22,27,20,5,0.6622,0.8148,0.5745,0.6377,0.792
Dataset_2,Left,MobileNet,39,16,36,14,8,0.7027,0.6667,0.72,0.5926,0.7042
Dataset_2,Left,MobileNet,40,18,24,22,10,0.5676,0.6429,0.5217,0.5294,0.6141
Dataset_2,Left,MobileNet,41,20,32,14,8,0.7027,0.7143,0.6957,0.6452,0.7919
Dataset_2,Left,MobileNet,42,9,43,14,8,0.7027,0.5294,0.7544,0.45,0.7688
Dataset_2,Left,MobileNet,43,15,42,12,5,0.7703,0.75,0.7778,0.6383,0.8222
Dataset_2,Left,MobileNet,44,16,30,22,6,0.6216,0.7273,0.5769,0.5333,0.7893
Dataset_2,Left,MobileNet,45,13,34,13,14,0.6351,0.4815,0.7234,0.4906,0.7549
Dataset_2,Left,MobileNet,46,21,37,8,8,0.7838,0.7241,0.8222,0.7241,0.8253
Dataset_2,Left,MobileNet,47,24,32,13,5,0.7568,0.8276,0.7111,0.7273,0.8383
Dataset_2,Left,MobileNet,48,14,37,14,9,0.6892,0.6087,0.7255,0.549,0.74
Dataset_2,Left,MobileNet,49,19,25,12,18,0.5946,0.5135,0.6757,0.5588,0.7414
Dataset_2,Left,MobileNet,50,15,31,20,8,0.6216,0.6522,0.6078,0.5172,0.7835
Dataset_2,Left,MobileNet,51,17,32,16,9,0.6622,0.6538,0.6667,0.5763,0.7468
Dataset_2,Left,MobileNet,52,16,32,12,14,0.6486,0.5333,0.7273,0.5517,0.7485
Dataset_2,Left,MobileNet,53,21,32,13,8,0.7162,0.7241,0.7111,0.6667,0.8107
Dataset_2,Left,MobileNet,54,11,37,13,13,0.6486,0.4583,0.74,0.4583,0.6742
Dataset_2,Left,MobileNet,55,15,31,17,11,0.6216,0.5769,0.6458,0.5172,0.7075
Dataset_2,Left,MobileNet,56,18,35,13,8,0.7162,0.6923,0.7292,0.6316,0.8149
Dataset_2,Left,MobileNet,57,13,36,13,12,0.6622,0.52,0.7347,0.5098,0.6743
Dataset_2,Left,MobileNet,58,9,41,18,6,0.6757,0.6,0.6949,0.4286,0.7514
Dataset_2,Left,MobileNet,59,18,32,14,10,0.6757,0.6429,0.6957,0.6,0.7298
Dataset_2,Left,MobileNet,60,16,32,19,7,0.6486,0.6957,0.6275,0.5517,0.7195
Dataset_2,Left,MobileNet,61,15,38,15,6,0.7162,0.7143,0.717,0.5882,0.823
Dataset_2,Left,MobileNet,62,12,35,15,12,0.6351,0.5,0.7,0.4706,0.7567
Dataset_2,Left,MobileNet,63,17,33,14,10,0.6757,0.6296,0.7021,0.5862,0.7604
Dataset_2,Left,MobileNet,64,21,32,9,12,0.7162,0.6364,0.7805,0.6667,0.782
Dataset_2,Left,MobileNet,65,16,33,9,16,0.6622,0.5,0.7857,0.5614,0.7835
Dataset_2,Left,MobileNet,66,16,36,14,8,0.7027,0.6667,0.72,0.5926,0.8067
Dataset_2,Left,MobileNet,67,18,32,16,8,0.6757,0.6923,0.6667,0.6,0.8157
Dataset_2,Left,MobileNet,68,13,33,17,11,0.6216,0.5417,0.66,0.4815,0.6742
Dataset_2,Left,MobileNet,69,11,31,19,13,0.5676,0.4583,0.62,0.4074,0.635
Dataset_2,Left,MobileNet,70,15,38,11,10,0.7162,0.6,0.7755,0.5882,0.7233
Dataset_2,Left,MobileNet,71,10,42,13,9,0.7027,0.5263,0.7636,0.4762,0.7799
Dataset_2,Left,MobileNet,72,15,37,15,7,0.7027,0.6818,0.7115,0.5769,0.8601
Dataset_2,Left,MobileNet,73,14,35,19,6,0.6622,0.7,0.6481,0.5283,0.7815
Dataset_2,Left,MobileNet,74,17,34,12,11,0.6892,0.6071,0.7391,0.5965,0.8012
Dataset_2,Left,MobileNet,75,19,35,13,7,0.7297,0.7308,0.7292,0.6552,0.8285
Dataset_2,Left,MobileNet,76,20,32,11,11,0.7027,0.6452,0.7442,0.6452,0.7989
Dataset_2,Left,MobileNet,77,12,34,14,14,0.6216,0.4615,0.7083,0.4615,0.7236
Dataset_2,Left,MobileNet,78,14,38,12,10,0.7027,0.5833,0.76,0.56,0.7508
Dataset_2,Left,MobileNet,79,16,28,19,11,0.5946,0.5926,0.5957,0.5161,0.643
Dataset_2,Left,MobileNet,80,11,38,14,11,0.6622,0.5,0.7308,0.4681,0.7212
Dataset_2,Left,MobileNet,81,13,33,15,13,0.6216,0.5,0.6875,0.4815,0.7131
Dataset_2,Left,MobileNet,82,11,36,14,13,0.6351,0.4583,0.72,0.449,0.675
Dataset_2,Left,MobileNet,83,13,35,18,8,0.6486,0.619,0.6604,0.5,0.7565
Dataset_2,Left,MobileNet,84,17,28,14,15,0.6081,0.5312,0.6667,0.5397,0.7091
Dataset_2,Left,MobileNet,85,16,35,16,7,0.6892,0.6957,0.6863,0.5818,0.8295
Dataset_2,Left,MobileNet,86,16,34,12,12,0.6757,0.5714,0.7391,0.5714,0.7399
Dataset_2,Left,MobileNet,87,14,35,14,11,0.6622,0.56,0.7143,0.5283,0.7143
Dataset_2,Left,MobileNet,88,14,36,16,8,0.6757,0.6364,0.6923,0.5385,0.7762
Dataset_2,Left,MobileNet,89,20,32,11,11,0.7027,0.6452,0.7442,0.6452,0.7937
Dataset_2,Left,MobileNet,90,18,34,14,8,0.7027,0.6923,0.7083,0.6207,0.7348
Dataset_2,Left,MobileNet,91,15,39,12,8,0.7297,0.6522,0.7647,0.6,0.8244
Dataset_2,Left,MobileNet,92,17,36,11,10,0.7162,0.6296,0.766,0.6182,0.7833
Dataset_2,Left,MobileNet,93,18,31,14,11,0.6622,0.6207,0.6889,0.5902,0.7556
Dataset_2,Left,MobileNet,94,18,35,13,8,0.7162,0.6923,0.7292,0.6316,0.8405
Dataset_2,Left,MobileNet,95,13,37,15,9,0.6757,0.5909,0.7115,0.52,0.7815
Dataset_2,Left,MobileNet,96,17,35,17,5,0.7027,0.7727,0.6731,0.6071,0.8418
Dataset_2,Left,MobileNet,97,12,30,23,9,0.5676,0.5714,0.566,0.4286,0.6047
Dataset_2,Left,MobileNet,98,10,34,19,11,0.5946,0.4762,0.6415,0.4,0.6226
Dataset_2,Left,MobileNet,99,12,35,18,9,0.6351,0.5714,0.6604,0.4706,0.7332
Dataset_2,Left,MobileNet,100,14,33,19,8,0.6351,0.6364,0.6346,0.5091,0.7281
Dataset_2,Left,MobileNet,101,24,28,12,10,0.7027,0.7059,0.7,0.6857,0.814
Dataset_2,Left,MobileNet,102,14,31,22,7,0.6081,0.6667,0.5849,0.4912,0.6541
Dataset_2,Left,MobileNet,103,18,30,12,14,0.6486,0.5625,0.7143,0.5806,0.7775
Dataset_2,Left,MobileNet,104,18,36,9,11,0.7297,0.6207,0.8,0.6429,0.8368
Dataset_2,Left,MobileNet,105,15,37,15,7,0.7027,0.6818,0.7115,0.5769,0.7762
Dataset_2,Left,MobileNet,106,12,46,10,6,0.7838,0.6667,0.8214,0.6,0.8304
Dataset_2,Left,MobileNet,107,28,27,9,10,0.7432,0.7368,0.75,0.7467,0.8143
Dataset_2,Left,MobileNet,108,19,31,13,11,0.6757,0.6333,0.7045,0.6129,0.7674
Dataset_2,Left,MobileNet,109,17,38,11,8,0.7432,0.68,0.7755,0.6415,0.8269
Dataset_2,Left,MobileNet,110,11,35,10,18,0.6216,0.3793,0.7778,0.44,0.7433
Dataset_2,Left,MobileNet,111,15,38,11,10,0.7162,0.6,0.7755,0.5882,0.7445
Dataset_2,Left,MobileNet,112,14,28,16,16,0.5676,0.4667,0.6364,0.4667,0.6477
Dataset_2,Left,MobileNet,113,21,32,16,5,0.7162,0.8077,0.6667,0.6667,0.7981
Dataset_2,Left,MobileNet,114,13,34,15,12,0.6351,0.52,0.6939,0.4906,0.7257
Dataset_2,Left,MobileNet,115,14,36,13,11,0.6757,0.56,0.7347,0.5385,0.7527
Dataset_2,Left,MobileNet,116,15,39,8,12,0.7297,0.5556,0.8298,0.6,0.8148
Dataset_2,Left,MobileNet,117,12,40,13,9,0.7027,0.5714,0.7547,0.5217,0.7934
Dataset_2,Left,MobileNet,118,19,32,14,9,0.6892,0.6786,0.6957,0.623,0.8082
Dataset_2,Left,MobileNet,119,16,33,12,13,0.6622,0.5517,0.7333,0.5614,0.7571
Dataset_2,Left,MobileNet,120,22,33,13,6,0.7432,0.7857,0.7174,0.6984,0.8634
Dataset_2,Left,MobileNet,121,18,38,11,7,0.7568,0.72,0.7755,0.6667,0.7984
Dataset_2,Left,MobileNet,122,20,35,11,8,0.7432,0.7143,0.7609,0.678,0.7275
Dataset_2,Left,MobileNet,123,14,39,13,8,0.7162,0.6364,0.75,0.5714,0.799
Dataset_2,Left,MobileNet,124,17,35,11,11,0.7027,0.6071,0.7609,0.6071,0.7811
Dataset_2,Left,MobileNet,125,13,38,15,8,0.6892,0.619,0.717,0.5306,0.7763
Dataset_2,Left,MobileNet,126,19,34,11,10,0.7162,0.6552,0.7556,0.6441,0.7249
Dataset_2,Left,MobileNet,127,23,32,11,8,0.7432,0.7419,0.7442,0.7077,0.8597
Dataset_2,Left,MobileNet,128,12,37,16,9,0.6622,0.5714,0.6981,0.4898,0.7269
Dataset_2,Left,MobileNet,129,19,28,17,10,0.6351,0.6552,0.6222,0.5846,0.7433
Dataset_2,Left,MobileNet,130,12,38,13,11,0.6757,0.5217,0.7451,0.5,0.7775
Dataset_2,Left,MobileNet,131,18,35,14,7,0.7162,0.72,0.7143,0.6316,0.8082
Dataset_2,Left,MobileNet,132,14,36,12,12,0.6757,0.5385,0.75,0.5385,0.7388
Dataset_2,Left,MobileNet,133,13,31,18,12,0.5946,0.52,0.6327,0.4643,0.7241
Dataset_2,Left,MobileNet,134,16,38,11,9,0.7297,0.64,0.7755,0.6154,0.7527
Dataset_2,Left,MobileNet,135,19,29,12,14,0.6486,0.5758,0.7073,0.5938,0.7635
Dataset_2,Left,MobileNet,136,17,35,14,8,0.7027,0.68,0.7143,0.6071,0.7886
Dataset_2,Left,MobileNet,137,12,39,11,12,0.6892,0.5,0.78,0.5106,0.745
Dataset_2,Left,MobileNet,138,13,32,20,9,0.6081,0.5909,0.6154,0.4727,0.7063
Dataset_2,Left,MobileNet,139,20,29,16,9,0.6622,0.6897,0.6444,0.6154,0.7563
Dataset_2,Left,MobileNet,140,16,28,16,14,0.5946,0.5333,0.6364,0.5161,0.7258
Dataset_2,Left,MobileNet,141,10,33,15,16,0.5811,0.3846,0.6875,0.3922,0.6635
Dataset_2,Left,MobileNet,142,16,34,12,12,0.6757,0.5714,0.7391,0.5714,0.698
Dataset_2,Left,MobileNet,143,13,37,14,10,0.6757,0.5652,0.7255,0.52,0.7545
Dataset_2,Left,MobileNet,144,17,35,13,9,0.7027,0.6538,0.7292,0.6071,0.7508
Dataset_2,Left,MobileNet,145,18,34,13,9,0.7027,0.6667,0.7234,0.6207,0.7809
Dataset_2,Left,MobileNet,146,12,35,15,12,0.6351,0.5,0.7,0.4706,0.6467
Dataset_2,Left,MobileNet,147,14,29,14,17,0.5811,0.4516,0.6744,0.4746,0.5761
Dataset_2,Left,MobileNet,148,12,31,14,17,0.5811,0.4138,0.6889,0.4364,0.751
Dataset_2,Left,MobileNet,149,15,37,12,10,0.7027,0.6,0.7551,0.5769,0.7592
Dataset_2,Left,MobileNet,150,14,39,13,8,0.7162,0.6364,0.75,0.5714,0.8033
Dataset_2,Left,MobileNet,151,18,33,16,7,0.6892,0.72,0.6735,0.6102,0.8506
Dataset_2,Left,MobileNet,152,14,24,24,12,0.5135,0.5385,0.5,0.4375,0.6667
Dataset_2,Left,MobileNet,153,16,37,13,8,0.7162,0.6667,0.74,0.6038,0.8267
Dataset_2,Left,MobileNet,154,17,33,14,10,0.6757,0.6296,0.7021,0.5862,0.7376
Dataset_2,Left,MobileNet,155,14,34,11,15,0.6486,0.4828,0.7556,0.5185,0.6674
Dataset_2,Left,MobileNet,156,18,31,12,13,0.6622,0.5806,0.7209,0.5902,0.7149
Dataset_2,Left,MobileNet,157,21,34,8,11,0.7432,0.6562,0.8095,0.6885,0.8274
Dataset_2,Left,MobileNet,158,14,30,14,16,0.5946,0.4667,0.6818,0.4828,0.6955
Dataset_2,Left,MobileNet,159,13,35,14,12,0.6486,0.52,0.7143,0.5,0.6955
Dataset_2,Left,MobileNet,160,13,36,16,9,0.6622,0.5909,0.6923,0.5098,0.7273
Dataset_2,Left,MobileNet,161,18,32,16,8,0.6757,0.6923,0.6667,0.6,0.7957
Dataset_2,Left,MobileNet,162,14,39,14,7,0.7162,0.6667,0.7358,0.5714,0.7628
Dataset_2,Left,MobileNet,163,14,36,19,5,0.6757,0.7368,0.6545,0.5385,0.8316
Dataset_2,Left,MobileNet,164,18,26,18,12,0.5946,0.6,0.5909,0.5455,0.725
Dataset_2,Left,MobileNet,165,14,38,18,4,0.7027,0.7778,0.6786,0.56,0.7976
Dataset_2,Left,MobileNet,166,10,43,13,8,0.7162,0.5556,0.7679,0.4878,0.7669
Dataset_2,Left,MobileNet,167,15,39,12,8,0.7297,0.6522,0.7647,0.6,0.7604
Dataset_2,Left,MobileNet,168,17,29,16,12,0.6216,0.5862,0.6444,0.5484,0.7126
Dataset_2,Left,MobileNet,169,12,36,15,11,0.6486,0.5217,0.7059,0.48,0.757
Dataset_2,Left,MobileNet,170,15,42,9,8,0.7703,0.6522,0.8235,0.6383,0.8099
Dataset_2,Left,MobileNet,171,12,33,15,14,0.6081,0.4615,0.6875,0.4528,0.6651
Dataset_2,Left,MobileNet,172,18,28,10,18,0.6216,0.5,0.7368,0.5625,0.7032
Dataset_2,Left,MobileNet,173,13,31,19,11,0.5946,0.5417,0.62,0.4643,0.6533
Dataset_2,Left,MobileNet,174,12,35,12,15,0.6351,0.4444,0.7447,0.4706,0.6383
Dataset_2,Left,MobileNet,175,19,31,13,11,0.6757,0.6333,0.7045,0.6129,0.803
Dataset_2,Left,MobileNet,176,14,30,16,14,0.5946,0.5,0.6522,0.4828,0.653
Dataset_2,Left,MobileNet,177,11,38,11,14,0.6622,0.44,0.7755,0.4681,0.7445
Dataset_2,Left,MobileNet,178,12,36,14,12,0.6486,0.5,0.72,0.48,0.68
Dataset_2,Left,MobileNet,179,18,29,17,10,0.6351,0.6429,0.6304,0.5714,0.6801
Dataset_2,Left,MobileNet,180,18,32,13,11,0.6757,0.6207,0.7111,0.6,0.7464
Dataset_2,Left,MobileNet,181,14,34,13,13,0.6486,0.5185,0.7234,0.5185,0.6966
Dataset_2,Left,MobileNet,182,13,39,13,9,0.7027,0.5909,0.75,0.5417,0.8182
Dataset_2,Left,MobileNet,183,19,37,12,6,0.7568,0.76,0.7551,0.6786,0.8269
Dataset_2,Left,MobileNet,184,13,37,13,11,0.6757,0.5417,0.74,0.52,0.7467
Dataset_2,Left,MobileNet,185,21,38,7,8,0.7973,0.7241,0.8444,0.7368,0.8222
Dataset_2,Left,MobileNet,186,10,40,12,12,0.6757,0.4545,0.7692,0.4545,0.7177
Dataset_2,Left,MobileNet,187,23,26,16,9,0.6622,0.7188,0.619,0.6479,0.7314
Dataset_2,Left,MobileNet,188,22,33,12,7,0.7432,0.7586,0.7333,0.6984,0.7824
Dataset_2,Left,MobileNet,189,10,38,20,6,0.6486,0.625,0.6552,0.4348,0.7769
Dataset_2,Left,MobileNet,190,11,35,12,16,0.6216,0.4074,0.7447,0.44,0.7289
Dataset_2,Left,MobileNet,191,14,35,15,10,0.6622,0.5833,0.7,0.5283,0.7475
Dataset_2,Left,MobileNet,192,22,38,13,1,0.8108,0.9565,0.7451,0.7586,0.9071
Dataset_2,Left,MobileNet,193,16,37,10,11,0.7162,0.5926,0.7872,0.6038,0.7612
Dataset_2,Left,MobileNet,194,19,34,16,5,0.7162,0.7917,0.68,0.6441,0.7617
Dataset_2,Left,MobileNet,195,18,35,13,8,0.7162,0.6923,0.7292,0.6316,0.7548
Dataset_2,Left,MobileNet,196,13,40,10,11,0.7162,0.5417,0.8,0.5532,0.7808
Dataset_2,Left,MobileNet,197,17,29,14,14,0.6216,0.5484,0.6744,0.5484,0.6602
Dataset_2,Left,MobileNet,198,15,41,13,5,0.7568,0.75,0.7593,0.625,0.8602
Dataset_2,Left,MobileNet,199,15,38,13,8,0.7162,0.6522,0.7451,0.5882,0.7775
Dataset_2,Left,MobileNet,200,14,33,19,8,0.6351,0.6364,0.6346,0.5091,0.7142
Dataset_2,Left,MobileNet,201,13,32,20,9,0.6081,0.5909,0.6154,0.4727,0.7273
Dataset_2,Left,MobileNet,202,17,32,17,8,0.6622,0.68,0.6531,0.5763,0.7951
Dataset_2,Left,MobileNet,203,19,33,10,12,0.7027,0.6129,0.7674,0.6333,0.7449
Dataset_2,Left,MobileNet,204,13,37,12,12,0.6757,0.52,0.7551,0.52,0.6735
Dataset_2,Left,MobileNet,205,21,31,11,11,0.7027,0.6562,0.7381,0.6562,0.7679
Dataset_2,Left,MobileNet,206,13,31,14,16,0.5946,0.4483,0.6889,0.4643,0.6575
Dataset_2,Left,MobileNet,207,16,36,10,12,0.7027,0.5714,0.7826,0.5926,0.7764
Dataset_2,Left,MobileNet,208,11,38,14,11,0.6622,0.5,0.7308,0.4681,0.646
Dataset_2,Left,MobileNet,209,12,37,14,11,0.6622,0.5217,0.7255,0.4898,0.7289
Dataset_2,Left,MobileNet,210,15,35,12,12,0.6757,0.5556,0.7447,0.5556,0.7667
Dataset_2,Left,MobileNet,211,20,30,14,10,0.6757,0.6667,0.6818,0.625,0.7682
Dataset_2,Left,MobileNet,212,17,37,12,8,0.7297,0.68,0.7551,0.6296,0.8073
Dataset_2,Left,MobileNet,213,20,26,19,9,0.6216,0.6897,0.5778,0.5882,0.7019
Dataset_2,Left,MobileNet,214,17,29,21,7,0.6216,0.7083,0.58,0.5484,0.7275
Dataset_2,Left,MobileNet,215,20,29,13,12,0.6622,0.625,0.6905,0.6154,0.7478
Dataset_2,Left,MobileNet,216,18,33,16,7,0.6892,0.72,0.6735,0.6102,0.7714
Dataset_2,Left,MobileNet,217,20,43,6,5,0.8514,0.8,0.8776,0.7843,0.92
Dataset_2,Left,MobileNet,218,18,34,16,6,0.7027,0.75,0.68,0.6207,0.7842
Dataset_2,Left,MobileNet,219,16,36,15,7,0.7027,0.6957,0.7059,0.5926,0.7681
Dataset_2,Left,MobileNet,220,7,42,13,12,0.6622,0.3684,0.7636,0.359,0.7321
Dataset_2,Left,MobileNet,221,15,37,12,10,0.7027,0.6,0.7551,0.5769,0.8041
Dataset_2,Left,MobileNet,222,22,27,13,12,0.6622,0.6471,0.675,0.6377,0.8213
Dataset_2,Left,MobileNet,223,21,31,12,10,0.7027,0.6774,0.7209,0.6562,0.8065
Dataset_2,Left,MobileNet,224,13,37,13,11,0.6757,0.5417,0.74,0.52,0.7533
Dataset_2,Left,MobileNet,225,15,40,12,7,0.7432,0.6818,0.7692,0.6122,0.792
Dataset_2,Left,MobileNet,226,12,35,16,11,0.6351,0.5217,0.6863,0.4706,0.6812
Dataset_2,Left,MobileNet,227,15,37,15,7,0.7027,0.6818,0.7115,0.5769,0.792
Dataset_2,Left,MobileNet,228,19,34,10,11,0.7162,0.6333,0.7727,0.6441,0.7939
Dataset_2,Left,MobileNet,229,18,34,11,11,0.7027,0.6207,0.7556,0.6207,0.751
Dataset_2,Left,MobileNet,230,21,31,9,13,0.7027,0.6176,0.775,0.6562,0.7743
Dataset_2,Left,MobileNet,231,16,31,17,10,0.6351,0.6154,0.6458,0.5424,0.7628
Dataset_2,Left,MobileNet,232,19,28,16,11,0.6351,0.6333,0.6364,0.5846,0.6833
Dataset_2,Left,MobileNet,233,19,27,15,13,0.6216,0.5938,0.6429,0.5758,0.756
Dataset_2,Left,MobileNet,234,14,42,14,4,0.7568,0.7778,0.75,0.6087,0.7827
Dataset_2,Left,MobileNet,235,17,31,15,11,0.6486,0.6071,0.6739,0.5667,0.7104
Dataset_2,Left,MobileNet,236,21,25,16,12,0.6216,0.6364,0.6098,0.6,0.7214
Dataset_2,Left,MobileNet,237,11,40,13,10,0.6892,0.5238,0.7547,0.4889,0.7035
Dataset_2,Left,MobileNet,238,14,33,18,9,0.6351,0.6087,0.6471,0.5091,0.7298
Dataset_2,Left,MobileNet,239,10,32,20,12,0.5676,0.4545,0.6154,0.3846,0.6591
Dataset_2,Left,MobileNet,240,17,31,18,8,0.6486,0.68,0.6327,0.5667,0.7845
Dataset_2,Left,MobileNet,241,13,37,16,8,0.6757,0.619,0.6981,0.52,0.788
Dataset_2,Left,MobileNet,242,18,33,15,8,0.6892,0.6923,0.6875,0.6102,0.7973
Dataset_2,Left,MobileNet,243,15,34,15,10,0.6622,0.6,0.6939,0.5455,0.702
Dataset_2,Left,MobileNet,244,10,44,15,5,0.7297,0.6667,0.7458,0.5,0.7571
Dataset_2,Left,MobileNet,245,17,40,10,7,0.7703,0.7083,0.8,0.6667,0.8642
Dataset_2,Left,MobileNet,246,16,30,21,7,0.6216,0.6957,0.5882,0.5333,0.6939
Dataset_2,Left,MobileNet,247,17,33,11,13,0.6757,0.5667,0.75,0.5862,0.8265
Dataset_2,Left,MobileNet,248,14,25,19,16,0.527,0.4667,0.5682,0.4444,0.6197
Dataset_2,Left,MobileNet,249,20,37,9,8,0.7703,0.7143,0.8043,0.7018,0.8238
Dataset_2,Left,MobileNet,250,17,34,13,10,0.6892,0.6296,0.7234,0.5965,0.74
Dataset_2,Left,MobileNet,251,17,35,14,8,0.7027,0.68,0.7143,0.6071,0.7886
Dataset_2,Left,MobileNet,252,19,33,10,12,0.7027,0.6129,0.7674,0.6333,0.7959
Dataset_2,Left,MobileNet,253,14,38,10,12,0.7027,0.5385,0.7917,0.56,0.746
Dataset_2,Left,MobileNet,254,17,35,15,7,0.7027,0.7083,0.7,0.6071,0.805
Dataset_2,Left,MobileNet,255,7,40,19,8,0.6351,0.4667,0.678,0.3415,0.5932
Dataset_2,Left,MobileNet,256,13,32,15,14,0.6081,0.4815,0.6809,0.4727,0.6722
Dataset_2,Left,MobileNet,257,12,37,16,9,0.6622,0.5714,0.6981,0.4898,0.7008
Dataset_2,Left,MobileNet,258,16,29,20,9,0.6081,0.64,0.5918,0.5246,0.7078
Dataset_2,Left,MobileNet,259,24,31,15,4,0.7432,0.8571,0.6739,0.7164,0.8377
Dataset_2,Left,MobileNet,260,20,38,8,8,0.7838,0.7143,0.8261,0.7143,0.8952
Dataset_2,Left,MobileNet,261,11,40,13,10,0.6892,0.5238,0.7547,0.4889,0.7296
Dataset_2,Left,MobileNet,262,17,42,13,2,0.7973,0.8947,0.7636,0.6939,0.8708
Dataset_2,Left,MobileNet,263,23,28,12,11,0.6892,0.6765,0.7,0.6667,0.7713
Dataset_2,Left,MobileNet,264,25,31,12,6,0.7568,0.8065,0.7209,0.7353,0.817
Dataset_2,Left,MobileNet,265,20,28,12,14,0.6486,0.5882,0.7,0.6061,0.75
Dataset_2,Left,MobileNet,266,21,30,12,11,0.6892,0.6562,0.7143,0.6462,0.6927
Dataset_2,Left,MobileNet,267,16,36,12,10,0.7027,0.6154,0.75,0.5926,0.778
Dataset_2,Left,MobileNet,268,18,36,16,4,0.7297,0.8182,0.6923,0.6429,0.8182
Dataset_2,Left,MobileNet,269,15,33,16,10,0.6486,0.6,0.6735,0.5357,0.7184
Dataset_2,Left,MobileNet,270,12,38,14,10,0.6757,0.5455,0.7308,0.5,0.7378
Dataset_2,Left,MobileNet,271,8,47,10,9,0.7432,0.4706,0.8246,0.4571,0.8256
Dataset_2,Left,MobileNet,272,24,30,11,9,0.7297,0.7273,0.7317,0.7059,0.833
Dataset_2,Left,MobileNet,273,10,43,8,13,0.7162,0.4348,0.8431,0.4878,0.8269
Dataset_2,Left,MobileNet,274,15,37,12,10,0.7027,0.6,0.7551,0.5769,0.7339
Dataset_2,Left,MobileNet,275,25,24,16,9,0.6622,0.7353,0.6,0.6667,0.8051
Dataset_2,Left,MobileNet,276,17,32,19,6,0.6622,0.7391,0.6275,0.5763,0.8193
Dataset_2,Left,MobileNet,277,12,41,12,9,0.7162,0.5714,0.7736,0.5333,0.7709
Dataset_2,Left,MobileNet,278,17,36,11,10,0.7162,0.6296,0.766,0.6182,0.7683
Dataset_2,Left,MobileNet,279,14,38,18,4,0.7027,0.7778,0.6786,0.56,0.8383
Dataset_2,Left,MobileNet,280,10,44,12,8,0.7297,0.5556,0.7857,0.5,0.7401
Dataset_2,Left,MobileNet,281,20,33,12,9,0.7162,0.6897,0.7333,0.6557,0.7808
Dataset_2,Left,MobileNet,282,14,39,9,12,0.7162,0.5385,0.8125,0.5714,0.7292
Dataset_2,Left,MobileNet,283,18,34,15,7,0.7027,0.72,0.6939,0.6207,0.8318
Dataset_2,Left,MobileNet,284,12,42,13,7,0.7297,0.6316,0.7636,0.5455,0.7263
Dataset_2,Left,MobileNet,285,22,30,14,8,0.7027,0.7333,0.6818,0.6667,0.7917
Dataset_2,Left,MobileNet,286,17,30,17,10,0.6351,0.6296,0.6383,0.5574,0.7794
Dataset_2,Left,MobileNet,287,15,37,13,9,0.7027,0.625,0.74,0.5769,0.7533
Dataset_2,Left,MobileNet,288,20,27,16,11,0.6351,0.6452,0.6279,0.597,0.6962
Dataset_2,Left,MobileNet,289,20,30,10,14,0.6757,0.5882,0.75,0.625,0.7743
Dataset_2,Left,MobileNet,290,13,41,11,9,0.7297,0.5909,0.7885,0.5652,0.8295
Dataset_2,Left,MobileNet,291,15,40,8,11,0.7432,0.5769,0.8333,0.6122,0.8125
Dataset_2,Left,MobileNet,292,9,38,13,14,0.6351,0.3913,0.7451,0.4,0.7408
Dataset_2,Left,MobileNet,293,11,36,20,7,0.6351,0.6111,0.6429,0.449,0.7877
Dataset_2,Left,MobileNet,294,14,40,12,8,0.7297,0.6364,0.7692,0.5833,0.7657
Dataset_2,Left,MobileNet,295,14,30,12,18,0.5946,0.4375,0.7143,0.4828,0.7135
Dataset_2,Left,MobileNet,296,18,33,15,8,0.6892,0.6923,0.6875,0.6102,0.7091
Dataset_2,Left,MobileNet,297,12,35,14,13,0.6351,0.48,0.7143,0.4706,0.7135
Dataset_2,Left,MobileNet,298,20,32,9,13,0.7027,0.6061,0.7805,0.6452,0.7886
Dataset_2,Left,MobileNet,299,17,26,16,15,0.5811,0.5312,0.619,0.5231,0.6004
Dataset_2,Left,MobileNet,300,10,40,15,9,0.6757,0.5263,0.7273,0.4545,0.7751
Dataset_2,Left,MobileNet,301,17,35,13,9,0.7027,0.6538,0.7292,0.6071,0.7821
Dataset_2,Left,MobileNet,302,13,29,18,14,0.5676,0.4815,0.617,0.4483,0.6651
Dataset_2,Left,MobileNet,303,17,35,15,7,0.7027,0.7083,0.7,0.6071,0.7858
Dataset_2,Left,MobileNet,304,12,32,18,12,0.5946,0.5,0.64,0.4444,0.7508
Dataset_2,Left,MobileNet,305,11,40,17,6,0.6892,0.6471,0.7018,0.4889,0.7957
Dataset_2,Left,MobileNet,306,14,40,16,4,0.7297,0.7778,0.7143,0.5833,0.8661
Dataset_2,Left,MobileNet,307,20,30,15,9,0.6757,0.6897,0.6667,0.625,0.8061
Dataset_2,Left,MobileNet,308,17,30,13,14,0.6351,0.5484,0.6977,0.5574,0.7584
Dataset_2,Left,MobileNet,309,27,33,11,3,0.8108,0.9,0.75,0.7941,0.8833
Dataset_2,Left,MobileNet,310,16,37,12,9,0.7162,0.64,0.7551,0.6038,0.7657
Dataset_2,Left,MobileNet,311,14,43,10,7,0.7703,0.6667,0.8113,0.6222,0.8509
Dataset_2,Left,MobileNet,312,18,34,13,9,0.7027,0.6667,0.7234,0.6207,0.7368
Dataset_2,Left,MobileNet,313,22,35,11,6,0.7703,0.7857,0.7609,0.7213,0.8579
Dataset_2,Left,MobileNet,314,18,31,18,7,0.6622,0.72,0.6327,0.5902,0.7943
Dataset_2,Left,MobileNet,315,14,36,12,12,0.6757,0.5385,0.75,0.5385,0.6779
Dataset_2,Left,MobileNet,316,15,35,12,12,0.6757,0.5556,0.7447,0.5556,0.7273
Dataset_2,Left,MobileNet,317,12,36,17,9,0.6486,0.5714,0.6792,0.48,0.7772
Dataset_2,Left,MobileNet,318,20,27,13,14,0.6351,0.5882,0.675,0.597,0.7449
Dataset_2,Left,MobileNet,319,17,33,14,10,0.6757,0.6296,0.7021,0.5862,0.7683
Dataset_2,Left,MobileNet,320,16,36,13,9,0.7027,0.64,0.7347,0.5926,0.7339
Dataset_2,Left,MobileNet,321,17,34,15,8,0.6892,0.68,0.6939,0.5965,0.7747
Dataset_2,Left,MobileNet,322,13,40,13,8,0.7162,0.619,0.7547,0.5532,0.8059
Dataset_2,Left,MobileNet,323,20,36,15,3,0.7568,0.8696,0.7059,0.6897,0.8721
Dataset_2,Left,MobileNet,324,27,28,11,8,0.7432,0.7714,0.7179,0.7397,0.8081
Dataset_2,Left,MobileNet,325,14,40,15,5,0.7297,0.7368,0.7273,0.5833,0.7847
Dataset_2,Left,MobileNet,326,13,37,17,7,0.6757,0.65,0.6852,0.52,0.7111
Dataset_2,Left,MobileNet,327,10,40,15,9,0.6757,0.5263,0.7273,0.4545,0.756
Dataset_2,Left,MobileNet,328,14,32,17,11,0.6216,0.56,0.6531,0.5,0.7094
Dataset_2,Left,MobileNet,329,17,36,10,11,0.7162,0.6071,0.7826,0.6182,0.7345
Dataset_2,Left,MobileNet,330,14,34,14,12,0.6486,0.5385,0.7083,0.5185,0.7492
Dataset_2,Left,MobileNet,331,15,31,17,11,0.6216,0.5769,0.6458,0.5172,0.7452
Dataset_2,Left,MobileNet,332,15,37,15,7,0.7027,0.6818,0.7115,0.5769,0.7762
Dataset_2,Left,MobileNet,333,10,40,12,12,0.6757,0.4545,0.7692,0.4545,0.7124
Dataset_2,Left,MobileNet,334,22,25,16,11,0.6351,0.6667,0.6098,0.6197,0.7694
Dataset_2,Left,MobileNet,335,12,36,16,10,0.6486,0.5455,0.6923,0.48,0.7124
Dataset_2,Left,MobileNet,336,8,38,17,11,0.6216,0.4211,0.6909,0.3636,0.6077
Dataset_2,Left,MobileNet,337,19,33,14,8,0.7027,0.7037,0.7021,0.6333,0.7258
Dataset_2,Left,MobileNet,338,20,27,11,16,0.6351,0.5556,0.7105,0.597,0.7354
Dataset_2,Left,MobileNet,339,13,39,14,8,0.7027,0.619,0.7358,0.5417,0.7727
Dataset_2,Left,MobileNet,340,10,44,13,7,0.7297,0.5882,0.7719,0.5,0.8256
Dataset_2,Left,MobileNet,341,19,27,18,10,0.6216,0.6552,0.6,0.5758,0.7678
Dataset_2,Left,MobileNet,342,17,31,6,20,0.6486,0.4595,0.8378,0.5667,0.7202
Dataset_2,Left,MobileNet,343,15,30,16,13,0.6081,0.5357,0.6522,0.5085,0.6988
Dataset_2,Left,MobileNet,344,15,25,18,16,0.5405,0.4839,0.5814,0.4687,0.6609
Dataset_2,Left,MobileNet,345,17,31,14,12,0.6486,0.5862,0.6889,0.5667,0.767
Dataset_2,Left,MobileNet,346,12,42,12,8,0.7297,0.6,0.7778,0.5455,0.8185
Dataset_2,Left,MobileNet,347,17,33,15,9,0.6757,0.6538,0.6875,0.5862,0.7708
Dataset_2,Left,MobileNet,348,16,32,17,9,0.6486,0.64,0.6531,0.5517,0.7184
Dataset_2,Left,MobileNet,349,16,37,11,10,0.7162,0.6154,0.7708,0.6038,0.75
Dataset_2,Left,MobileNet,350,26,31,11,6,0.7703,0.8125,0.7381,0.7536,0.849
Dataset_2,Left,MobileNet,351,18,35,10,11,0.7162,0.6207,0.7778,0.6316,0.8483
Dataset_2,Left,MobileNet,352,13,38,15,8,0.6892,0.619,0.717,0.5306,0.7062
Dataset_2,Left,MobileNet,353,15,35,14,10,0.6757,0.6,0.7143,0.5556,0.7216
Dataset_2,Left,MobileNet,354,10,43,8,13,0.7162,0.4348,0.8431,0.4878,0.7843
Dataset_2,Left,MobileNet,355,12,41,11,10,0.7162,0.5455,0.7885,0.5333,0.7666
Dataset_2,Left,MobileNet,356,9,34,20,11,0.5811,0.45,0.6296,0.3673,0.6796
Dataset_2,Left,MobileNet,357,11,36,14,13,0.6351,0.4583,0.72,0.449,0.6867
Dataset_2,Left,MobileNet,358,15,40,10,9,0.7432,0.625,0.8,0.6122,0.8075
Dataset_2,Left,MobileNet,359,10,33,22,9,0.5811,0.5263,0.6,0.3922,0.5837
Dataset_2,Left,MobileNet,360,17,33,16,8,0.6757,0.68,0.6735,0.5862,0.8286
Dataset_2,Left,MobileNet,361,15,32,17,10,0.6351,0.6,0.6531,0.5263,0.7624
Dataset_2,Left,MobileNet,362,10,44,14,6,0.7297,0.625,0.7586,0.5,0.8211
Dataset_2,Left,MobileNet,363,20,30,16,8,0.6757,0.7143,0.6522,0.625,0.7531
Dataset_2,Left,MobileNet,364,19,34,10,11,0.7162,0.6333,0.7727,0.6441,0.7856
Dataset_2,Left,MobileNet,365,17,36,11,10,0.7162,0.6296,0.766,0.6182,0.7809
Dataset_2,Left,MobileNet,366,21,26,16,11,0.6351,0.6562,0.619,0.6087,0.724
Dataset_2,Left,MobileNet,367,12,34,16,12,0.6216,0.5,0.68,0.4615,0.6633
Dataset_2,Left,MobileNet,368,15,35,13,11,0.6757,0.5769,0.7292,0.5556,0.7324
Dataset_2,Left,MobileNet,369,14,36,14,10,0.6757,0.5833,0.72,0.5385,0.7625
Dataset_2,Left,MobileNet,370,12,32,19,11,0.5946,0.5217,0.6275,0.4444,0.6436
Dataset_2,Left,MobileNet,371,18,36,11,9,0.7297,0.6667,0.766,0.6429,0.8692
Dataset_2,Left,MobileNet,372,14,35,13,12,0.6622,0.5385,0.7292,0.5283,0.7356
Dataset_2,Left,MobileNet,373,9,33,21,11,0.5676,0.45,0.6111,0.36,0.6009
Dataset_2,Left,MobileNet,374,19,29,15,11,0.6486,0.6333,0.6591,0.5938,0.7136
Dataset_2,Left,MobileNet,375,17,34,16,7,0.6892,0.7083,0.68,0.5965,0.8342
Dataset_2,Left,MobileNet,376,14,32,15,13,0.6216,0.5185,0.6809,0.5,0.6753
Dataset_2,Left,MobileNet,377,13,38,17,6,0.6892,0.6842,0.6909,0.5306,0.778
Dataset_2,Left,MobileNet,378,17,31,16,10,0.6486,0.6296,0.6596,0.5667,0.7329
Dataset_2,Left,MobileNet,379,15,35,16,8,0.6757,0.6522,0.6863,0.5556,0.7656
Dataset_2,Left,MobileNet,380,18,40,9,7,0.7838,0.72,0.8163,0.6923,0.8645
Dataset_2,Left,MobileNet,381,17,32,13,12,0.6622,0.5862,0.7111,0.5763,0.7027
Dataset_2,Left,MobileNet,382,14,30,21,9,0.5946,0.6087,0.5882,0.4828,0.7059
Dataset_2,Left,MobileNet,383,15,31,15,13,0.6216,0.5357,0.6739,0.5172,0.7523
Dataset_2,Left,MobileNet,384,13,40,14,7,0.7162,0.65,0.7407,0.5532,0.7657
Dataset_2,Left,MobileNet,385,15,31,17,11,0.6216,0.5769,0.6458,0.5172,0.7348
Dataset_2,Left,MobileNet,386,13,35,18,8,0.6486,0.619,0.6604,0.5,0.7385
Dataset_2,Left,MobileNet,387,25,30,14,5,0.7432,0.8333,0.6818,0.7246,0.8371
Dataset_2,Left,MobileNet,388,16,39,10,9,0.7432,0.64,0.7959,0.6275,0.8751
Dataset_2,Left,MobileNet,389,19,36,10,9,0.7432,0.6786,0.7826,0.6667,0.7981
Dataset_2,Left,MobileNet,390,15,29,17,13,0.5946,0.5357,0.6304,0.5,0.6514
Dataset_2,Left,MobileNet,391,21,35,11,7,0.7568,0.75,0.7609,0.7,0.8175
Dataset_2,Left,MobileNet,392,24,30,13,7,0.7297,0.7742,0.6977,0.7059,0.7622
Dataset_2,Left,MobileNet,393,15,37,18,4,0.7027,0.7895,0.6727,0.5769,0.8842
Dataset_2,Left,MobileNet,394,18,30,17,9,0.6486,0.6667,0.6383,0.5806,0.7707
Dataset_2,Left,MobileNet,395,23,28,11,12,0.6892,0.6571,0.7179,0.6667,0.7788
Dataset_2,Left,MobileNet,396,19,34,11,10,0.7162,0.6552,0.7556,0.6441,0.813
Dataset_2,Left,MobileNet,397,13,36,16,9,0.6622,0.5909,0.6923,0.5098,0.6818
Dataset_2,Left,MobileNet,398,17,30,19,8,0.6351,0.68,0.6122,0.5574,0.7502
Dataset_2,Left,MobileNet,399,15,33,14,12,0.6486,0.5556,0.7021,0.5357,0.7392
Dataset_2,Left,MobileNet,400,24,30,13,7,0.7297,0.7742,0.6977,0.7059,0.8207
Dataset_2,Left,MobileNet,401,18,35,8,13,0.7162,0.5806,0.814,0.6316,0.7997
Dataset_2,Left,MobileNet,402,13,39,13,9,0.7027,0.5909,0.75,0.5417,0.8217
Dataset_2,Left,MobileNet,403,14,35,16,9,0.6622,0.6087,0.6863,0.5283,0.7229
Dataset_2,Left,MobileNet,404,12,41,14,7,0.7162,0.6316,0.7455,0.5333,0.799
Dataset_2,Left,MobileNet,405,22,26,13,13,0.6486,0.6286,0.6667,0.6286,0.7524
Dataset_2,Left,MobileNet,406,21,28,16,9,0.6622,0.7,0.6364,0.6269,0.7303
Dataset_2,Left,MobileNet,407,17,34,11,12,0.6892,0.5862,0.7556,0.5965,0.718
Dataset_2,Left,MobileNet,408,19,35,12,8,0.7297,0.7037,0.7447,0.6552,0.8117
Dataset_2,Left,MobileNet,409,13,33,16,12,0.6216,0.52,0.6735,0.4815,0.7445
Dataset_2,Left,MobileNet,410,18,33,15,8,0.6892,0.6923,0.6875,0.6102,0.7572
Dataset_2,Left,MobileNet,411,16,34,12,12,0.6757,0.5714,0.7391,0.5714,0.7702
Dataset_2,Left,MobileNet,412,16,42,7,9,0.7838,0.64,0.8571,0.6667,0.8302
Dataset_2,Left,MobileNet,413,15,29,19,11,0.5946,0.5769,0.6042,0.5,0.6587
Dataset_2,Left,MobileNet,414,18,31,16,9,0.6622,0.6667,0.6596,0.5902,0.8416
Dataset_2,Left,MobileNet,415,19,34,11,10,0.7162,0.6552,0.7556,0.6441,0.8092
Dataset_2,Left,MobileNet,416,17,38,15,4,0.7432,0.8095,0.717,0.6415,0.85
Dataset_2,Left,MobileNet,417,29,24,12,9,0.7162,0.7632,0.6667,0.7342,0.7997
Dataset_2,Left,MobileNet,418,23,35,10,6,0.7838,0.7931,0.7778,0.7419,0.8805
Dataset_2,Left,MobileNet,419,10,41,12,11,0.6892,0.4762,0.7736,0.4651,0.7179
Dataset_2,Left,MobileNet,420,16,34,14,10,0.6757,0.6154,0.7083,0.5714,0.7468
Dataset_2,Left,MobileNet,421,21,33,7,13,0.7297,0.6176,0.825,0.6774,0.7934
Dataset_2,Left,MobileNet,422,17,40,9,8,0.7703,0.68,0.8163,0.6667,0.8653
Dataset_2,Left,MobileNet,423,17,39,11,7,0.7568,0.7083,0.78,0.6538,0.8908
Dataset_2,Left,MobileNet,424,14,37,14,9,0.6892,0.6087,0.7255,0.549,0.7758
Dataset_2,Left,MobileNet,425,21,34,14,5,0.7432,0.8077,0.7083,0.6885,0.8357
Dataset_2,Left,MobileNet,426,19,33,13,9,0.7027,0.6786,0.7174,0.6333,0.8292
Dataset_2,Left,MobileNet,427,18,34,11,11,0.7027,0.6207,0.7556,0.6207,0.846
Dataset_2,Left,MobileNet,428,12,35,12,15,0.6351,0.4444,0.7447,0.4706,0.7108
Dataset_2,Left,MobileNet,429,18,32,18,6,0.6757,0.75,0.64,0.6,0.805
Dataset_2,Left,MobileNet,430,21,29,16,8,0.6757,0.7241,0.6444,0.6364,0.7418
Dataset_2,Left,MobileNet,431,19,35,8,12,0.7297,0.6129,0.814,0.6552,0.7524
Dataset_2,Left,MobileNet,432,12,47,11,4,0.7973,0.75,0.8103,0.6154,0.8319
Dataset_2,Left,MobileNet,433,25,25,9,15,0.6757,0.625,0.7353,0.6757,0.7529
Dataset_2,Left,MobileNet,434,15,43,8,8,0.7838,0.6522,0.8431,0.6522,0.8593
Dataset_2,Left,MobileNet,435,19,32,13,10,0.6892,0.6552,0.7111,0.623,0.7686
Dataset_2,Left,MobileNet,436,12,39,13,10,0.6892,0.5455,0.75,0.5106,0.7692
Dataset_2,Left,MobileNet,437,14,41,14,5,0.7432,0.7368,0.7455,0.5957,0.8287
Dataset_2,Left,MobileNet,438,13,32,14,15,0.6081,0.4643,0.6957,0.4727,0.6856
Dataset_2,Left,MobileNet,439,16,31,17,10,0.6351,0.6154,0.6458,0.5424,0.7708
Dataset_2,Left,MobileNet,440,20,29,16,9,0.6622,0.6897,0.6444,0.6154,0.7287
Dataset_2,Left,MobileNet,441,21,30,14,9,0.6892,0.7,0.6818,0.6462,0.7621
Dataset_2,Left,MobileNet,442,13,48,5,8,0.8243,0.619,0.9057,0.6667,0.7916
Dataset_2,Left,MobileNet,443,10,36,20,8,0.6216,0.5556,0.6429,0.4167,0.7312
Dataset_2,Left,MobileNet,444,13,35,21,5,0.6486,0.7222,0.625,0.5,0.7361
Dataset_2,Left,MobileNet,445,13,30,19,12,0.5811,0.52,0.6122,0.4561,0.6678
Dataset_2,Left,MobileNet,446,15,39,11,9,0.7297,0.625,0.78,0.6,0.8033
Dataset_2,Left,MobileNet,447,19,33,14,8,0.7027,0.7037,0.7021,0.6333,0.8243
Dataset_2,Left,MobileNet,448,16,34,18,6,0.6757,0.7273,0.6538,0.5714,0.7491
Dataset_2,Left,MobileNet,449,14,26,21,13,0.5405,0.5185,0.5532,0.4516,0.5831
Dataset_2,Left,MobileNet,450,22,32,11,9,0.7297,0.7097,0.7442,0.6875,0.7997
Dataset_2,Left,MobileNet,451,12,40,10,12,0.7027,0.5,0.8,0.5217,0.7858
Dataset_2,Left,MobileNet,452,20,39,11,4,0.7973,0.8333,0.78,0.7273,0.8708
Dataset_2,Left,MobileNet,453,16,32,14,12,0.6486,0.5714,0.6957,0.5517,0.7453
Dataset_2,Left,MobileNet,454,9,42,14,9,0.6892,0.5,0.75,0.439,0.7431
Dataset_2,Left,MobileNet,455,15,34,19,6,0.6622,0.7143,0.6415,0.5455,0.8149
Dataset_2,Left,MobileNet,456,22,30,12,10,0.7027,0.6875,0.7143,0.6667,0.8542
Dataset_2,Left,MobileNet,457,12,32,21,9,0.5946,0.5714,0.6038,0.4444,0.681
Dataset_2,Left,MobileNet,458,16,33,11,14,0.6622,0.5333,0.75,0.5614,0.7159
Dataset_2,Left,MobileNet,459,18,33,11,12,0.6892,0.6,0.75,0.6102,0.7818
Dataset_2,Left,MobileNet,460,15,35,12,12,0.6757,0.5556,0.7447,0.5556,0.7762
Dataset_2,Left,MobileNet,461,16,28,23,7,0.5946,0.6957,0.549,0.5161,0.7084
Dataset_2,Left,MobileNet,462,24,32,11,7,0.7568,0.7742,0.7442,0.7273,0.8702
Dataset_2,Left,MobileNet,463,15,38,11,10,0.7162,0.6,0.7755,0.5882,0.7698
Dataset_2,Left,MobileNet,464,23,26,13,12,0.6622,0.6571,0.6667,0.6479,0.7575
Dataset_2,Left,MobileNet,465,19,35,13,7,0.7297,0.7308,0.7292,0.6552,0.8277
Dataset_2,Left,MobileNet,466,15,36,12,11,0.6892,0.5769,0.75,0.566,0.7276
Dataset_2,Left,MobileNet,467,20,35,14,5,0.7432,0.8,0.7143,0.678,0.8335
Dataset_2,Left,MobileNet,468,14,36,10,14,0.6757,0.5,0.7826,0.5385,0.7182
Dataset_2,Left,MobileNet,469,14,41,10,9,0.7432,0.6087,0.8039,0.5957,0.7732
Dataset_2,Left,MobileNet,470,13,34,13,14,0.6351,0.4815,0.7234,0.4906,0.7313
Dataset_2,Left,MobileNet,471,10,44,10,10,0.7297,0.5,0.8148,0.5,0.7231
Dataset_2,Left,MobileNet,472,17,30,16,11,0.6351,0.6071,0.6522,0.5574,0.7624
Dataset_2,Left,MobileNet,473,11,39,16,8,0.6757,0.5789,0.7091,0.4783,0.6852
Dataset_2,Left,MobileNet,474,16,38,10,10,0.7297,0.6154,0.7917,0.6154,0.7829
Dataset_2,Left,MobileNet,475,16,30,18,10,0.6216,0.6154,0.625,0.5333,0.7212
Dataset_2,Left,MobileNet,476,14,41,10,9,0.7432,0.6087,0.8039,0.5957,0.7962
Dataset_2,Left,MobileNet,477,22,32,11,9,0.7297,0.7097,0.7442,0.6875,0.7884
Dataset_2,Left,MobileNet,478,11,44,10,9,0.7432,0.55,0.8148,0.5366,0.7843
Dataset_2,Left,MobileNet,479,16,35,13,10,0.6892,0.6154,0.7292,0.5818,0.7652
Dataset_2,Left,MobileNet,480,18,31,14,11,0.6622,0.6207,0.6889,0.5902,0.7655
Dataset_2,Left,MobileNet,481,16,35,11,12,0.6892,0.5714,0.7609,0.5818,0.7422
Dataset_2,Left,MobileNet,482,17,33,18,6,0.6757,0.7391,0.6471,0.5862,0.7886
Dataset_2,Left,MobileNet,483,18,31,16,9,0.6622,0.6667,0.6596,0.5902,0.7612
Dataset_2,Left,MobileNet,484,8,39,20,7,0.6351,0.5333,0.661,0.3721,0.6723
Dataset_2,Left,MobileNet,485,17,35,10,12,0.7027,0.5862,0.7778,0.6071,0.764
Dataset_2,Left,MobileNet,486,16,39,10,9,0.7432,0.64,0.7959,0.6275,0.8473
Dataset_2,Left,MobileNet,487,14,35,17,8,0.6622,0.6364,0.6731,0.5283,0.7657
Dataset_2,Left,MobileNet,488,13,33,16,12,0.6216,0.52,0.6735,0.4815,0.6906
Dataset_2,Left,MobileNet,489,16,25,21,12,0.5541,0.5714,0.5435,0.4923,0.6071
Dataset_2,Left,MobileNet,490,15,37,16,6,0.7027,0.7143,0.6981,0.5769,0.7502
Dataset_2,Left,MobileNet,491,26,30,10,8,0.7568,0.7647,0.75,0.7429,0.8449
Dataset_2,Left,MobileNet,492,15,29,18,12,0.5946,0.5556,0.617,0.5,0.6533
Dataset_2,Left,MobileNet,493,19,32,14,9,0.6892,0.6786,0.6957,0.623,0.83
Dataset_2,Left,MobileNet,494,16,37,14,7,0.7162,0.6957,0.7255,0.6038,0.7945
Dataset_2,Left,MobileNet,495,19,32,12,11,0.6892,0.6333,0.7273,0.623,0.7947
Dataset_2,Left,MobileNet,496,13,32,16,13,0.6081,0.5,0.6667,0.4727,0.613
Dataset_2,Left,MobileNet,497,15,33,13,13,0.6486,0.5357,0.7174,0.5357,0.7523
Dataset_2,Left,MobileNet,498,21,30,11,12,0.6892,0.6364,0.7317,0.6462,0.7864
Dataset_2,Left,MobileNet,499,15,37,16,6,0.7027,0.7143,0.6981,0.5769,0.8311
Dataset_2,Left,MobileNet,500,17,30,15,12,0.6351,0.5862,0.6667,0.5574,0.7318
Dataset_2,Left,MobileNet,501,17,27,26,4,0.5946,0.8095,0.5094,0.5312,0.8005
Dataset_2,Left,MobileNet,502,14,38,17,5,0.7027,0.7368,0.6909,0.56,0.7665
Dataset_2,Left,MobileNet,503,16,36,14,8,0.7027,0.6667,0.72,0.5926,0.795
Dataset_2,Left,MobileNet,504,8,38,20,8,0.6216,0.5,0.6552,0.3636,0.7231
Dataset_2,Left,MobileNet,505,15,41,9,9,0.7568,0.625,0.82,0.625,0.7683
Dataset_2,Left,MobileNet,506,15,33,12,14,0.6486,0.5172,0.7333,0.5357,0.7333
Dataset_2,Left,MobileNet,507,17,33,18,6,0.6757,0.7391,0.6471,0.5862,0.7707
Dataset_2,Left,MobileNet,508,17,37,12,8,0.7297,0.68,0.7551,0.6296,0.7714
Dataset_2,Left,MobileNet,509,13,40,15,6,0.7162,0.6842,0.7273,0.5532,0.8651
Dataset_2,Left,MobileNet,510,17,31,14,12,0.6486,0.5862,0.6889,0.5667,0.7525
Dataset_2,Left,MobileNet,511,16,39,11,8,0.7432,0.6667,0.78,0.6275,0.7667
Dataset_2,Left,MobileNet,512,9,38,16,11,0.6351,0.45,0.7037,0.4,0.7083
Dataset_2,Left,MobileNet,513,18,36,15,5,0.7297,0.7826,0.7059,0.6429,0.8329
Dataset_2,Left,MobileNet,514,16,36,10,12,0.7027,0.5714,0.7826,0.5926,0.7415
Dataset_2,Left,MobileNet,515,15,37,14,8,0.7027,0.6522,0.7255,0.5769,0.7229
Dataset_2,Left,MobileNet,516,11,32,16,15,0.5811,0.4231,0.6667,0.4151,0.7043
Dataset_2,Left,MobileNet,517,18,35,10,11,0.7162,0.6207,0.7778,0.6316,0.833
Dataset_2,Left,MobileNet,518,14,34,14,12,0.6486,0.5385,0.7083,0.5185,0.7356
Dataset_2,Left,MobileNet,519,13,38,13,10,0.6892,0.5652,0.7451,0.5306,0.7229
Dataset_2,Left,MobileNet,520,19,28,18,9,0.6351,0.6786,0.6087,0.5846,0.7368
Dataset_2,Left,MobileNet,521,19,34,11,10,0.7162,0.6552,0.7556,0.6441,0.7579
Dataset_2,Left,MobileNet,522,18,33,15,8,0.6892,0.6923,0.6875,0.6102,0.8221
Dataset_2,Left,MobileNet,523,17,32,15,10,0.6622,0.6296,0.6809,0.5763,0.7352
Dataset_2,Left,MobileNet,524,11,36,14,13,0.6351,0.4583,0.72,0.449,0.7183
Dataset_2,Left,MobileNet,525,20,31,10,13,0.6892,0.6061,0.7561,0.6349,0.8167
Dataset_2,Left,MobileNet,526,20,28,15,11,0.6486,0.6452,0.6512,0.6061,0.7794
Dataset_2,Left,MobileNet,527,17,33,13,11,0.6757,0.6071,0.7174,0.5862,0.7453
Dataset_2,Left,MobileNet,528,22,25,13,14,0.6351,0.6111,0.6579,0.6197,0.6959
Dataset_2,Left,MobileNet,529,22,23,17,12,0.6081,0.6471,0.575,0.6027,0.6618
Dataset_2,Left,MobileNet,530,13,32,17,12,0.6081,0.52,0.6531,0.4727,0.6988
Dataset_2,Left,MobileNet,531,15,36,14,9,0.6892,0.625,0.72,0.566,0.7808
Dataset_2,Left,MobileNet,532,19,30,16,9,0.6622,0.6786,0.6522,0.6032,0.722
Dataset_2,Left,MobileNet,533,19,28,20,7,0.6351,0.7308,0.5833,0.5846,0.7276
Dataset_2,Left,MobileNet,534,18,33,10,13,0.6892,0.5806,0.7674,0.6102,0.8275
Dataset_2,Left,MobileNet,535,19,27,12,16,0.6216,0.5429,0.6923,0.5758,0.7165
Dataset_2,Left,MobileNet,536,19,32,13,10,0.6892,0.6552,0.7111,0.623,0.8146
Dataset_2,Left,MobileNet,537,13,37,13,11,0.6757,0.5417,0.74,0.52,0.7392
Dataset_2,Left,MobileNet,538,13,37,15,9,0.6757,0.5909,0.7115,0.52,0.7622
Dataset_2,Left,MobileNet,539,16,35,8,15,0.6892,0.5161,0.814,0.5818,0.7914
Dataset_2,Left,MobileNet,540,15,38,11,10,0.7162,0.6,0.7755,0.5882,0.7714
Dataset_2,Left,MobileNet,541,17,34,12,11,0.6892,0.6071,0.7391,0.5965,0.7927
Dataset_2,Left,MobileNet,542,21,31,11,11,0.7027,0.6562,0.7381,0.6562,0.7612
Dataset_2,Left,MobileNet,543,16,31,10,17,0.6351,0.4848,0.7561,0.5424,0.7627
Dataset_2,Left,MobileNet,544,9,39,11,15,0.6486,0.375,0.78,0.4091,0.7342
Dataset_2,Left,MobileNet,545,10,36,15,13,0.6216,0.4348,0.7059,0.4167,0.7153
Dataset_2,Left,MobileNet,546,12,37,15,10,0.6622,0.5455,0.7115,0.4898,0.7736
Dataset_2,Left,MobileNet,547,17,37,10,10,0.7297,0.6296,0.7872,0.6296,0.7794
Dataset_2,Left,MobileNet,548,14,30,19,11,0.5946,0.56,0.6122,0.4828,0.7355
Dataset_2,Left,MobileNet,549,12,34,16,12,0.6216,0.5,0.68,0.4615,0.6125
Dataset_2,Left,MobileNet,550,20,26,13,15,0.6216,0.5714,0.6667,0.5882,0.7267
Dataset_2,Left,MobileNet,551,9,36,21,8,0.6081,0.5294,0.6316,0.383,0.711
Dataset_2,Left,MobileNet,552,8,41,14,11,0.6622,0.4211,0.7455,0.3902,0.7148
Dataset_2,Left,MobileNet,553,22,30,12,10,0.7027,0.6875,0.7143,0.6667,0.8147
Dataset_2,Left,MobileNet,554,17,36,11,10,0.7162,0.6296,0.766,0.6182,0.7494
Dataset_2,Left,MobileNet,555,19,31,16,8,0.6757,0.7037,0.6596,0.6129,0.8077
Dataset_2,Left,MobileNet,556,20,35,11,8,0.7432,0.7143,0.7609,0.678,0.7725
Dataset_2,Left,MobileNet,557,12,39,16,7,0.6892,0.6316,0.7091,0.5106,0.7005
Dataset_2,Left,MobileNet,558,13,26,22,13,0.527,0.5,0.5417,0.4262,0.5216
Dataset_2,Left,MobileNet,559,13,43,10,8,0.7568,0.619,0.8113,0.5909,0.7925
Dataset_2,Left,MobileNet,560,17,32,13,12,0.6622,0.5862,0.7111,0.5763,0.7318
Dataset_2,Left,MobileNet,561,22,31,11,10,0.7162,0.6875,0.7381,0.6769,0.8415
Dataset_2,Left,MobileNet,562,13,31,18,12,0.5946,0.52,0.6327,0.4643,0.5984
Dataset_2,Left,MobileNet,563,23,36,9,6,0.7973,0.7931,0.8,0.7541,0.8651
Dataset_2,Left,MobileNet,564,16,36,15,7,0.7027,0.6957,0.7059,0.5926,0.7494
Dataset_2,Left,MobileNet,565,18,31,15,10,0.6622,0.6429,0.6739,0.5902,0.7539
Dataset_2,Left,MobileNet,566,18,33,12,11,0.6892,0.6207,0.7333,0.6102,0.8276
Dataset_2,Left,MobileNet,567,15,37,13,9,0.7027,0.625,0.74,0.5769,0.7558
Dataset_2,Left,MobileNet,568,14,29,20,11,0.5811,0.56,0.5918,0.4746,0.7192
Dataset_2,Left,MobileNet,569,13,34,16,11,0.6351,0.5417,0.68,0.4906,0.7625
Dataset_2,Left,MobileNet,570,17,37,12,8,0.7297,0.68,0.7551,0.6296,0.7984
Dataset_2,Left,MobileNet,571,21,34,11,8,0.7432,0.7241,0.7556,0.6885,0.8352
Dataset_2,Left,MobileNet,572,15,37,12,10,0.7027,0.6,0.7551,0.5769,0.751
Dataset_2,Left,MobileNet,573,13,31,17,13,0.5946,0.5,0.6458,0.4643,0.6699
Dataset_2,Left,MobileNet,574,17,30,16,11,0.6351,0.6071,0.6522,0.5574,0.7508
Dataset_2,Left,MobileNet,575,18,32,12,12,0.6757,0.6,0.7273,0.6,0.7341
Dataset_2,Left,MobileNet,576,19,36,12,7,0.7432,0.7308,0.75,0.6667,0.8438
Dataset_2,Left,MobileNet,577,19,32,11,12,0.6892,0.6129,0.7442,0.623,0.7412
Dataset_2,Left,MobileNet,578,12,32,17,13,0.5946,0.48,0.6531,0.4444,0.6988
Dataset_2,Left,MobileNet,579,18,27,16,13,0.6081,0.5806,0.6279,0.5538,0.6332
Dataset_2,Left,MobileNet,580,23,29,9,13,0.7027,0.6389,0.7632,0.6765,0.7895
Dataset_2,Left,MobileNet,581,16,32,17,9,0.6486,0.64,0.6531,0.5517,0.7657
Dataset_2,Left,MobileNet,582,12,34,17,11,0.6216,0.5217,0.6667,0.4615,0.6948
Dataset_2,Left,MobileNet,583,22,29,13,10,0.6892,0.6875,0.6905,0.6567,0.7232
Dataset_2,Left,MobileNet,584,14,39,10,11,0.7162,0.56,0.7959,0.5714,0.7918
Dataset_2,Left,MobileNet,585,10,35,14,15,0.6081,0.4,0.7143,0.4082,0.6735
Dataset_2,Left,MobileNet,586,17,36,11,10,0.7162,0.6296,0.766,0.6182,0.7557
Dataset_2,Left,MobileNet,587,16,35,15,8,0.6892,0.6667,0.7,0.5818,0.7358
Dataset_2,Left,MobileNet,588,20,31,14,9,0.6892,0.6897,0.6889,0.6349,0.7563
Dataset_2,Left,MobileNet,589,15,36,14,9,0.6892,0.625,0.72,0.566,0.7833
Dataset_2,Left,MobileNet,590,14,38,15,7,0.7027,0.6667,0.717,0.56,0.7996
Dataset_2,Left,MobileNet,591,17,30,17,10,0.6351,0.6296,0.6383,0.5574,0.6864
Dataset_2,Left,MobileNet,592,9,34,23,8,0.5811,0.5294,0.5965,0.3673,0.6821
Dataset_2,Left,MobileNet,593,11,36,16,11,0.6351,0.5,0.6923,0.449,0.6005
Dataset_2,Left,MobileNet,594,11,30,20,13,0.5541,0.4583,0.6,0.4,0.6367
Dataset_2,Left,MobileNet,595,17,32,11,14,0.6622,0.5484,0.7442,0.5763,0.8357
Dataset_2,Left,MobileNet,596,19,35,12,8,0.7297,0.7037,0.7447,0.6552,0.8061
Dataset_2,Left,MobileNet,597,13,32,15,14,0.6081,0.4815,0.6809,0.4727,0.6659
Dataset_2,Left,MobileNet,598,14,32,12,16,0.6216,0.4667,0.7273,0.5,0.7356
Dataset_2,Left,MobileNet,599,18,35,12,9,0.7162,0.6667,0.7447,0.6316,0.7888
Dataset_2,Left,MobileNet,600,14,36,17,7,0.6757,0.6667,0.6792,0.5385,0.7934
Dataset_2,Left,MobileNet,601,17,32,13,12,0.6622,0.5862,0.7111,0.5763,0.7387
Dataset_2,Left,MobileNet,602,11,40,13,10,0.6892,0.5238,0.7547,0.4889,0.6891
Dataset_2,Left,MobileNet,603,14,35,16,9,0.6622,0.6087,0.6863,0.5283,0.7528
Dataset_2,Left,MobileNet,604,25,26,13,10,0.6892,0.7143,0.6667,0.6849,0.7685
Dataset_2,Left,MobileNet,605,19,31,13,11,0.6757,0.6333,0.7045,0.6129,0.8023
Dataset_2,Left,MobileNet,606,16,33,17,8,0.6622,0.6667,0.66,0.5614,0.675
Dataset_2,Left,MobileNet,607,14,34,16,10,0.6486,0.5833,0.68,0.5185,0.7417
Dataset_2,Left,MobileNet,608,19,35,4,16,0.7297,0.5429,0.8974,0.6552,0.7993
Dataset_2,Left,MobileNet,609,15,39,12,8,0.7297,0.6522,0.7647,0.6,0.7724
Dataset_2,Left,MobileNet,610,12,31,21,10,0.5811,0.5455,0.5962,0.4364,0.6923
Dataset_2,Left,MobileNet,611,12,40,14,8,0.7027,0.6,0.7407,0.5217,0.7907
Dataset_2,Left,MobileNet,612,16,34,12,12,0.6757,0.5714,0.7391,0.5714,0.7182
Dataset_2,Left,MobileNet,613,13,32,17,12,0.6081,0.52,0.6531,0.4727,0.7265
Dataset_2,Left,MobileNet,614,16,37,12,9,0.7162,0.64,0.7551,0.6038,0.8082
Dataset_2,Left,MobileNet,615,16,34,15,9,0.6757,0.64,0.6939,0.5714,0.7078
Dataset_2,Left,MobileNet,616,11,36,10,17,0.6351,0.3929,0.7826,0.449,0.7275
Dataset_2,Left,MobileNet,617,17,39,10,8,0.7568,0.68,0.7959,0.6538,0.8188
Dataset_2,Left,MobileNet,618,16,38,10,10,0.7297,0.6154,0.7917,0.6154,0.778
Dataset_2,Left,MobileNet,619,12,43,12,7,0.7432,0.6316,0.7818,0.5581,0.8316
Dataset_2,Left,MobileNet,620,15,33,15,11,0.6486,0.5769,0.6875,0.5357,0.7556
Dataset_2,Left,MobileNet,621,19,30,12,13,0.6622,0.5938,0.7143,0.6032,0.7321
Dataset_2,Left,MobileNet,622,23,26,11,14,0.6622,0.6216,0.7027,0.6479,0.6954
Dataset_2,Left,MobileNet,623,19,32,12,11,0.6892,0.6333,0.7273,0.623,0.7773
Dataset_2,Left,MobileNet,624,22,30,10,12,0.7027,0.6471,0.75,0.6667,0.8213
Dataset_2,Left,MobileNet,625,19,31,16,8,0.6757,0.7037,0.6596,0.6129,0.7652
Dataset_2,Left,MobileNet,626,13,45,8,8,0.7838,0.619,0.8491,0.619,0.8212
Dataset_2,Left,MobileNet,627,11,42,12,9,0.7162,0.55,0.7778,0.5116,0.7426
Dataset_2,Left,MobileNet,628,16,37,14,7,0.7162,0.6957,0.7255,0.6038,0.8295
Dataset_2,Left,MobileNet,629,19,31,15,9,0.6757,0.6786,0.6739,0.6129,0.7733
Dataset_2,Left,MobileNet,630,13,35,16,10,0.6486,0.5652,0.6863,0.5,0.7136
Dataset_2,Left,MobileNet,631,15,39,14,6,0.7297,0.7143,0.7358,0.6,0.8634
Dataset_2,Left,MobileNet,632,13,32,17,12,0.6081,0.52,0.6531,0.4727,0.7094
Dataset_2,Left,MobileNet,633,21,35,7,11,0.7568,0.6562,0.8333,0.7,0.8229
Dataset_2,Left,MobileNet,634,15,31,22,6,0.6216,0.7143,0.5849,0.5172,0.7448
Dataset_2,Left,MobileNet,635,15,32,18,9,0.6351,0.625,0.64,0.5263,0.7008
Dataset_2,Left,MobileNet,636,15,31,18,10,0.6216,0.6,0.6327,0.5172,0.7567
Dataset_2,Left,MobileNet,637,17,39,10,8,0.7568,0.68,0.7959,0.6538,0.8204
Dataset_2,Left,MobileNet,638,12,43,11,8,0.7432,0.6,0.7963,0.5581,0.8278
Dataset_2,Left,MobileNet,639,18,29,16,11,0.6351,0.6207,0.6444,0.5714,0.7816
Dataset_2,Left,MobileNet,640,16,32,14,12,0.6486,0.5714,0.6957,0.5517,0.7352
Dataset_2,Left,MobileNet,641,16,27,19,12,0.5811,0.5714,0.587,0.5079,0.7275
Dataset_2,Left,MobileNet,642,17,33,11,13,0.6757,0.5667,0.75,0.5862,0.7227
Dataset_2,Left,MobileNet,643,15,26,19,14,0.5541,0.5172,0.5778,0.4762,0.6383
Dataset_2,Left,MobileNet,644,15,41,9,9,0.7568,0.625,0.82,0.625,0.8092
Dataset_2,Left,MobileNet,645,20,31,13,10,0.6892,0.6667,0.7045,0.6349,0.775
Dataset_2,Left,MobileNet,646,14,38,13,9,0.7027,0.6087,0.7451,0.56,0.7962
Dataset_2,Left,MobileNet,647,15,33,15,11,0.6486,0.5769,0.6875,0.5357,0.7324
Dataset_2,Left,MobileNet,648,16,36,14,8,0.7027,0.6667,0.72,0.5926,0.74
Dataset_2,Left,MobileNet,649,20,36,14,4,0.7568,0.8333,0.72,0.6897,0.8317
Dataset_2,Left,MobileNet,650,16,38,10,10,0.7297,0.6154,0.7917,0.6154,0.7692
Dataset_2,Left,MobileNet,651,11,37,14,12,0.6486,0.4783,0.7255,0.4583,0.7519
Dataset_2,Left,MobileNet,652,16,33,16,9,0.6622,0.64,0.6735,0.5614,0.7371
Dataset_2,Left,MobileNet,653,16,31,18,9,0.6351,0.64,0.6327,0.5424,0.6939
Dataset_2,Left,MobileNet,654,24,30,12,8,0.7297,0.75,0.7143,0.7059,0.8095
Dataset_2,Left,MobileNet,655,17,37,10,10,0.7297,0.6296,0.7872,0.6296,0.7526
Dataset_2,Left,MobileNet,656,20,30,11,13,0.6757,0.6061,0.7317,0.625,0.7694
Dataset_2,Left,MobileNet,657,13,41,10,10,0.7297,0.5652,0.8039,0.5652,0.8218
Dataset_2,Left,MobileNet,658,17,31,17,9,0.6486,0.6538,0.6458,0.5667,0.7668
Dataset_2,Left,MobileNet,659,18,39,10,7,0.7703,0.72,0.7959,0.6792,0.8702
Dataset_2,Left,MobileNet,660,13,33,20,8,0.6216,0.619,0.6226,0.4815,0.735
Dataset_2,Left,MobileNet,661,17,33,16,8,0.6757,0.68,0.6735,0.5862,0.8073
Dataset_2,Left,MobileNet,662,13,34,13,14,0.6351,0.4815,0.7234,0.4906,0.7313
Dataset_2,Left,MobileNet,663,14,30,19,11,0.5946,0.56,0.6122,0.4828,0.7445
Dataset_2,Left,MobileNet,664,16,38,12,8,0.7297,0.6667,0.76,0.6154,0.84
Dataset_2,Left,MobileNet,665,13,41,13,7,0.7297,0.65,0.7593,0.5652,0.7824
Dataset_2,Left,MobileNet,666,16,30,22,6,0.6216,0.7273,0.5769,0.5333,0.7587
Dataset_2,Left,MobileNet,667,13,33,17,11,0.6216,0.5417,0.66,0.4815,0.6992
Dataset_2,Left,MobileNet,668,14,34,14,12,0.6486,0.5385,0.7083,0.5185,0.7107
Dataset_2,Left,MobileNet,669,8,42,15,9,0.6757,0.4706,0.7368,0.4,0.6739
Dataset_2,Left,MobileNet,670,15,39,11,9,0.7297,0.625,0.78,0.6,0.8225
Dataset_2,Left,MobileNet,671,18,26,23,7,0.5946,0.72,0.5306,0.5455,0.7788
Dataset_2,Left,MobileNet,672,19,38,10,7,0.7703,0.7308,0.7917,0.6909,0.8646
Dataset_2,Left,MobileNet,673,18,34,13,9,0.7027,0.6667,0.7234,0.6207,0.8117
Dataset_2,Left,MobileNet,674,13,31,21,9,0.5946,0.5909,0.5962,0.4643,0.7124
Dataset_2,Left,MobileNet,675,15,37,11,11,0.7027,0.5769,0.7708,0.5769,0.7788
Dataset_2,Left,MobileNet,676,14,33,19,8,0.6351,0.6364,0.6346,0.5091,0.7745
Dataset_2,Left,MobileNet,677,15,32,16,11,0.6351,0.5769,0.6667,0.5263,0.7436
Dataset_2,Left,MobileNet,678,22,32,11,9,0.7297,0.7097,0.7442,0.6875,0.7809
Dataset_2,Left,MobileNet,679,21,32,14,7,0.7162,0.75,0.6957,0.6667,0.7741
Dataset_2,Left,MobileNet,680,18,31,19,6,0.6622,0.75,0.62,0.5902,0.8408
Dataset_2,Left,MobileNet,681,14,34,14,12,0.6486,0.5385,0.7083,0.5185,0.6947
Dataset_2,Left,MobileNet,682,18,34,16,6,0.7027,0.75,0.68,0.6207,0.7892
Dataset_2,Left,MobileNet,683,13,35,18,8,0.6486,0.619,0.6604,0.5,0.6873
Dataset_2,Left,MobileNet,684,15,36,13,10,0.6892,0.6,0.7347,0.566,0.7404
Dataset_2,Left,MobileNet,685,12,36,15,11,0.6486,0.5217,0.7059,0.48,0.7383
Dataset_2,Left,MobileNet,686,7,36,21,10,0.5811,0.4118,0.6316,0.3111,0.6099
Dataset_2,Left,MobileNet,687,14,34,13,13,0.6486,0.5185,0.7234,0.5185,0.7132
Dataset_2,Left,MobileNet,688,14,38,14,8,0.7027,0.6364,0.7308,0.56,0.7561
Dataset_2,Left,MobileNet,689,13,37,16,8,0.6757,0.619,0.6981,0.52,0.7664
Dataset_2,Left,MobileNet,690,18,33,11,12,0.6892,0.6,0.75,0.6102,0.7932
Dataset_2,Left,MobileNet,691,10,33,15,16,0.5811,0.3846,0.6875,0.3922,0.6474
Dataset_2,Left,MobileNet,692,17,41,10,6,0.7838,0.7391,0.8039,0.68,0.8645
Dataset_2,Left,MobileNet,693,19,32,13,10,0.6892,0.6552,0.7111,0.623,0.7939
Dataset_2,Left,MobileNet,694,15,35,18,6,0.6757,0.7143,0.6604,0.5556,0.7448
Dataset_2,Left,MobileNet,695,16,29,18,11,0.6081,0.5926,0.617,0.5246,0.7045
Dataset_2,Left,MobileNet,696,19,34,8,13,0.7162,0.5938,0.8095,0.6441,0.8058
Dataset_2,Left,MobileNet,697,13,38,7,16,0.6892,0.4483,0.8444,0.5306,0.7387
Dataset_2,Left,MobileNet,698,21,34,11,8,0.7432,0.7241,0.7556,0.6885,0.8061
Dataset_2,Left,MobileNet,699,12,33,15,14,0.6081,0.4615,0.6875,0.4528,0.722
Dataset_2,Left,MobileNet,700,22,30,13,9,0.7027,0.7097,0.6977,0.6667,0.8462
Dataset_2,Left,MobileNet,701,13,33,20,8,0.6216,0.619,0.6226,0.4815,0.7637
Dataset_2,Left,MobileNet,702,18,34,14,8,0.7027,0.6923,0.7083,0.6207,0.8165
Dataset_2,Left,MobileNet,703,22,33,11,8,0.7432,0.7333,0.75,0.6984,0.8015
Dataset_2,Left,MobileNet,704,18,33,14,9,0.6892,0.6667,0.7021,0.6102,0.8054
Dataset_2,Left,MobileNet,705,21,27,15,11,0.6486,0.6562,0.6429,0.6176,0.7612
Dataset_2,Left,MobileNet,706,22,27,13,12,0.6622,0.6471,0.675,0.6377,0.7904
Dataset_2,Left,MobileNet,707,23,26,13,12,0.6622,0.6571,0.6667,0.6479,0.756
Dataset_2,Left,MobileNet,708,22,33,11,8,0.7432,0.7333,0.75,0.6984,0.7803
Dataset_2,Left,MobileNet,709,14,42,13,5,0.7568,0.7368,0.7636,0.6087,0.7828
Dataset_2,Left,MobileNet,710,13,35,12,14,0.6486,0.4815,0.7447,0.5,0.6998
Dataset_2,Left,MobileNet,711,17,26,14,17,0.5811,0.5,0.65,0.5231,0.7132
Dataset_2,Left,MobileNet,712,16,30,19,9,0.6216,0.64,0.6122,0.5333,0.7363
Dataset_2,Left,MobileNet,713,10,39,15,10,0.6622,0.5,0.7222,0.4444,0.6759
Dataset_2,Left,MobileNet,714,15,43,8,8,0.7838,0.6522,0.8431,0.6522,0.7911
Dataset_2,Left,MobileNet,715,13,33,20,8,0.6216,0.619,0.6226,0.4815,0.664
Dataset_2,Left,MobileNet,716,16,34,9,15,0.6757,0.5161,0.7907,0.5714,0.7359
Dataset_2,Left,MobileNet,717,15,33,14,12,0.6486,0.5556,0.7021,0.5357,0.7407
Dataset_2,Left,MobileNet,718,15,34,15,10,0.6622,0.6,0.6939,0.5455,0.7584
Dataset_2,Left,MobileNet,719,19,41,6,8,0.8108,0.7037,0.8723,0.7308,0.8385
Dataset_2,Left,MobileNet,720,18,36,16,4,0.7297,0.8182,0.6923,0.6429,0.8601
Dataset_2,Left,MobileNet,721,12,34,21,7,0.6216,0.6316,0.6182,0.4615,0.7053
Dataset_2,Left,MobileNet,722,14,40,12,8,0.7297,0.6364,0.7692,0.5833,0.7325
Dataset_2,Left,MobileNet,723,26,30,11,7,0.7568,0.7879,0.7317,0.7429,0.8374
Dataset_2,Left,MobileNet,724,15,37,14,8,0.7027,0.6522,0.7255,0.5769,0.8065
Dataset_2,Left,MobileNet,725,15,38,13,8,0.7162,0.6522,0.7451,0.5882,0.7639
Dataset_2,Left,MobileNet,726,18,30,15,11,0.6486,0.6207,0.6667,0.5806,0.7103
Dataset_2,Left,MobileNet,727,17,34,12,11,0.6892,0.6071,0.7391,0.5965,0.7554
Dataset_2,Left,MobileNet,728,16,37,14,7,0.7162,0.6957,0.7255,0.6038,0.7494
Dataset_2,Left,MobileNet,729,20,33,9,12,0.7162,0.625,0.7857,0.6557,0.7835
Dataset_2,Left,MobileNet,730,11,37,12,14,0.6486,0.44,0.7551,0.4583,0.671
Dataset_2,Left,MobileNet,731,15,37,13,9,0.7027,0.625,0.74,0.5769,0.7433
Dataset_2,Left,MobileNet,732,24,28,13,9,0.7027,0.7273,0.6829,0.6857,0.7635
Dataset_2,Left,MobileNet,733,14,41,10,9,0.7432,0.6087,0.8039,0.5957,0.8721
Dataset_2,Left,MobileNet,734,10,35,20,9,0.6081,0.5263,0.6364,0.4082,0.7234
Dataset_2,Left,MobileNet,735,17,29,21,7,0.6216,0.7083,0.58,0.5484,0.7808
Dataset_2,Left,MobileNet,736,21,24,21,8,0.6081,0.7241,0.5333,0.5915,0.7502
Dataset_2,Left,MobileNet,737,8,44,9,13,0.7027,0.381,0.8302,0.4211,0.7565
Dataset_2,Left,MobileNet,738,20,40,5,9,0.8108,0.6897,0.8889,0.7407,0.8567
Dataset_2,Left,MobileNet,739,10,45,9,10,0.7432,0.5,0.8333,0.5128,0.7648
Dataset_2,Left,MobileNet,740,13,33,16,12,0.6216,0.52,0.6735,0.4815,0.7445
Dataset_2,Left,MobileNet,741,15,36,13,10,0.6892,0.6,0.7347,0.566,0.7755
Dataset_2,Left,MobileNet,742,12,32,19,11,0.5946,0.5217,0.6275,0.4444,0.6419
Dataset_2,Left,MobileNet,743,20,30,13,11,0.6757,0.6452,0.6977,0.625,0.7914
Dataset_2,Left,MobileNet,744,22,31,14,7,0.7162,0.7586,0.6889,0.6769,0.7793
Dataset_2,Left,MobileNet,745,15,37,11,11,0.7027,0.5769,0.7708,0.5769,0.7444
Dataset_2,Left,MobileNet,746,16,30,19,9,0.6216,0.64,0.6122,0.5333,0.7412
Dataset_2,Left,MobileNet,747,10,36,11,17,0.6216,0.3704,0.766,0.4167,0.6769
Dataset_2,Left,MobileNet,748,26,27,13,8,0.7162,0.7647,0.675,0.7123,0.8007
Dataset_2,Left,MobileNet,749,18,37,10,9,0.7432,0.6667,0.7872,0.6545,0.8061
Dataset_2,Left,MobileNet,750,15,29,16,14,0.5946,0.5172,0.6444,0.5,0.7586
Dataset_2,Left,MobileNet,751,18,29,16,11,0.6351,0.6207,0.6444,0.5714,0.7295
Dataset_2,Left,MobileNet,752,15,31,18,10,0.6216,0.6,0.6327,0.5172,0.698
Dataset_2,Left,MobileNet,753,16,31,15,12,0.6351,0.5714,0.6739,0.5424,0.7508
Dataset_2,Left,MobileNet,754,12,38,16,8,0.6757,0.6,0.7037,0.5,0.7796
Dataset_2,Left,MobileNet,755,17,36,13,8,0.7162,0.68,0.7347,0.6182,0.8302
Dataset_2,Left,MobileNet,756,17,33,16,8,0.6757,0.68,0.6735,0.5862,0.7094
Dataset_2,Left,MobileNet,757,11,36,11,16,0.6351,0.4074,0.766,0.449,0.7289
Dataset_2,Left,MobileNet,758,15,31,20,8,0.6216,0.6522,0.6078,0.5172,0.7613
Dataset_2,Left,MobileNet,759,13,39,11,11,0.7027,0.5417,0.78,0.5417,0.735
Dataset_2,Left,MobileNet,760,18,32,14,10,0.6757,0.6429,0.6957,0.6,0.7943
Dataset_2,Left,MobileNet,761,17,39,10,8,0.7568,0.68,0.7959,0.6538,0.862
Dataset_2,Left,MobileNet,762,17,34,13,10,0.6892,0.6296,0.7234,0.5965,0.7494
Dataset_2,Left,MobileNet,763,9,36,19,10,0.6081,0.4737,0.6545,0.383,0.7091
Dataset_2,Left,MobileNet,764,15,32,15,12,0.6351,0.5556,0.6809,0.5263,0.7266
Dataset_2,Left,MobileNet,765,16,37,12,9,0.7162,0.64,0.7551,0.6038,0.7967
Dataset_2,Left,MobileNet,766,21,31,12,10,0.7027,0.6774,0.7209,0.6562,0.8005
Dataset_2,Left,MobileNet,767,23,29,16,6,0.7027,0.7931,0.6444,0.6765,0.7686
Dataset_2,Left,MobileNet,768,22,36,9,7,0.7838,0.7586,0.8,0.7333,0.8483
Dataset_2,Left,MobileNet,769,16,34,13,11,0.6757,0.5926,0.7234,0.5714,0.8322
Dataset_2,Left,MobileNet,770,13,37,14,10,0.6757,0.5652,0.7255,0.52,0.7809
Dataset_2,Left,MobileNet,771,12,33,17,12,0.6081,0.5,0.66,0.4528,0.6825
Dataset_2,Left,MobileNet,772,14,43,9,8,0.7703,0.6364,0.8269,0.6222,0.7404
Dataset_2,Left,MobileNet,773,14,42,14,4,0.7568,0.7778,0.75,0.6087,0.88
Dataset_2,Left,MobileNet,774,20,32,14,8,0.7027,0.7143,0.6957,0.6452,0.7593
Dataset_2,Left,MobileNet,775,14,39,13,8,0.7162,0.6364,0.75,0.5714,0.7579
Dataset_2,Left,MobileNet,776,19,28,16,11,0.6351,0.6333,0.6364,0.5846,0.7258
Dataset_2,Left,MobileNet,777,13,36,15,10,0.6622,0.5652,0.7059,0.5098,0.7101
Dataset_2,Left,MobileNet,778,13,37,15,9,0.6757,0.5909,0.7115,0.52,0.7823
Dataset_2,Left,MobileNet,779,13,40,14,7,0.7162,0.65,0.7407,0.5532,0.8139
Dataset_2,Left,MobileNet,780,15,33,12,14,0.6486,0.5172,0.7333,0.5357,0.7755
Dataset_2,Left,MobileNet,781,16,35,13,10,0.6892,0.6154,0.7292,0.5818,0.77
Dataset_2,Left,MobileNet,782,17,38,12,7,0.7432,0.7083,0.76,0.6415,0.795
Dataset_2,Left,MobileNet,783,16,34,12,12,0.6757,0.5714,0.7391,0.5714,0.7073
Dataset_2,Left,MobileNet,784,17,34,16,7,0.6892,0.7083,0.68,0.5965,0.7725
Dataset_2,Left,MobileNet,785,10,40,17,7,0.6757,0.5882,0.7018,0.4545,0.7472
Dataset_2,Left,MobileNet,786,24,29,11,10,0.7162,0.7059,0.725,0.6957,0.7243
Dataset_2,Left,MobileNet,787,19,26,17,12,0.6081,0.6129,0.6047,0.5672,0.7194
Dataset_2,Left,MobileNet,788,16,33,17,8,0.6622,0.6667,0.66,0.5614,0.7458
Dataset_2,Left,MobileNet,789,20,31,16,7,0.6892,0.7407,0.6596,0.6349,0.7809
Dataset_2,Left,MobileNet,790,11,30,23,10,0.5541,0.5238,0.566,0.4,0.6271
Dataset_2,Left,MobileNet,791,9,43,13,9,0.7027,0.5,0.7679,0.45,0.752
Dataset_2,Left,MobileNet,792,15,38,12,9,0.7162,0.625,0.76,0.5882,0.7733
Dataset_2,Left,MobileNet,793,14,32,13,15,0.6216,0.4828,0.7111,0.5,0.7165
Dataset_2,Left,MobileNet,794,12,34,16,12,0.6216,0.5,0.68,0.4615,0.7292
Dataset_2,Left,MobileNet,795,19,35,12,8,0.7297,0.7037,0.7447,0.6552,0.8022
Dataset_2,Left,MobileNet,796,18,29,15,12,0.6351,0.6,0.6591,0.5714,0.7227
Dataset_2,Left,MobileNet,797,13,34,14,13,0.6351,0.5,0.7083,0.4906,0.6907
Dataset_2,Left,MobileNet,798,15,28,20,11,0.5811,0.5769,0.5833,0.4918,0.6947
Dataset_2,Left,MobileNet,799,13,39,14,8,0.7027,0.619,0.7358,0.5417,0.7278
Dataset_2,Left,MobileNet,800,14,44,10,6,0.7838,0.7,0.8148,0.6364,0.8565
Dataset_2,Left,MobileNet,801,16,40,9,9,0.7568,0.64,0.8163,0.64,0.8392
Dataset_2,Left,MobileNet,802,16,39,13,6,0.7432,0.7273,0.75,0.6275,0.8059
Dataset_2,Left,MobileNet,803,14,36,15,9,0.6757,0.6087,0.7059,0.5385,0.7579
Dataset_2,Left,MobileNet,804,15,37,14,8,0.7027,0.6522,0.7255,0.5769,0.8048
Dataset_2,Left,MobileNet,805,11,40,15,8,0.6892,0.5789,0.7273,0.4889,0.7263
Dataset_2,Left,MobileNet,806,17,26,17,14,0.5811,0.5484,0.6047,0.5231,0.6662
Dataset_2,Left,MobileNet,807,13,30,15,16,0.5811,0.4483,0.6667,0.4561,0.6966
Dataset_2,Left,MobileNet,808,15,34,13,12,0.6622,0.5556,0.7234,0.5455,0.6816
Dataset_2,Left,MobileNet,809,18,28,22,6,0.6216,0.75,0.56,0.5625,0.7608
Dataset_2,Left,MobileNet,810,14,42,11,7,0.7568,0.6667,0.7925,0.6087,0.8257
Dataset_2,Left,MobileNet,811,19,30,14,11,0.6622,0.6333,0.6818,0.6032,0.747
Dataset_2,Left,MobileNet,812,17,34,12,11,0.6892,0.6071,0.7391,0.5965,0.7694
Dataset_2,Left,MobileNet,813,10,38,13,13,0.6486,0.4348,0.7451,0.4348,0.798
Dataset_2,Left,MobileNet,814,19,39,13,3,0.7838,0.8636,0.75,0.7037,0.8182
Dataset_2,Left,MobileNet,815,19,38,13,4,0.7703,0.8261,0.7451,0.6909,0.8806
Dataset_2,Left,MobileNet,816,16,38,15,5,0.7297,0.7619,0.717,0.6154,0.8086
Dataset_2,Left,MobileNet,817,15,28,16,15,0.5811,0.5,0.6364,0.4918,0.725
Dataset_2,Left,MobileNet,818,18,34,15,7,0.7027,0.72,0.6939,0.6207,0.7714
Dataset_2,Left,MobileNet,819,18,37,13,6,0.7432,0.75,0.74,0.6545,0.8483
Dataset_2,Left,MobileNet,820,21,28,19,6,0.6622,0.7778,0.5957,0.6269,0.7494
Dataset_2,Left,MobileNet,821,16,33,14,11,0.6622,0.5926,0.7021,0.5614,0.7226
Dataset_2,Left,MobileNet,822,13,42,11,8,0.7432,0.619,0.7925,0.5778,0.7826
Dataset_2,Left,MobileNet,823,17,37,14,6,0.7297,0.7391,0.7255,0.6296,0.8184
Dataset_2,Left,MobileNet,824,14,37,13,10,0.6892,0.5833,0.74,0.549,0.7658
Dataset_2,Left,MobileNet,825,19,27,18,10,0.6216,0.6552,0.6,0.5758,0.7716
Dataset_2,Left,MobileNet,826,12,39,16,7,0.6892,0.6316,0.7091,0.5106,0.7378
Dataset_2,Left,MobileNet,827,20,27,17,10,0.6351,0.6667,0.6136,0.597,0.7485
Dataset_2,Left,MobileNet,828,15,36,13,10,0.6892,0.6,0.7347,0.566,0.7004
Dataset_2,Left,MobileNet,829,13,35,13,13,0.6486,0.5,0.7292,0.5,0.7244
Dataset_2,Left,MobileNet,830,15,38,10,11,0.7162,0.5769,0.7917,0.5882,0.7572
Dataset_2,Left,MobileNet,831,17,26,20,11,0.5811,0.6071,0.5652,0.5231,0.7003
Dataset_2,Left,MobileNet,832,16,32,15,11,0.6486,0.5926,0.6809,0.5517,0.7297
Dataset_2,Left,MobileNet,833,14,34,15,11,0.6486,0.56,0.6939,0.5185,0.72
Dataset_2,Left,MobileNet,834,16,39,13,6,0.7432,0.7273,0.75,0.6275,0.8365
Dataset_2,Left,MobileNet,835,16,34,14,10,0.6757,0.6154,0.7083,0.5714,0.7628
Dataset_2,Left,MobileNet,836,18,34,14,8,0.7027,0.6923,0.7083,0.6207,0.8093
Dataset_2,Left,MobileNet,837,16,30,18,10,0.6216,0.6154,0.625,0.5333,0.7444
Dataset_2,Left,MobileNet,838,19,28,14,13,0.6351,0.5938,0.6667,0.5846,0.7202
Dataset_2,Left,MobileNet,839,17,35,9,13,0.7027,0.5667,0.7955,0.6071,0.7841
Dataset_2,Left,MobileNet,840,17,30,19,8,0.6351,0.68,0.6122,0.5574,0.7159
Dataset_2,Left,MobileNet,841,23,29,16,6,0.7027,0.7931,0.6444,0.6765,0.8008
Dataset_2,Left,MobileNet,842,14,32,19,9,0.6216,0.6087,0.6275,0.5,0.7221
Dataset_2,Left,MobileNet,843,19,36,9,10,0.7432,0.6552,0.8,0.6667,0.8169
Dataset_2,Left,MobileNet,844,20,37,10,7,0.7703,0.7407,0.7872,0.7018,0.8322
Dataset_2,Left,MobileNet,845,17,38,14,5,0.7432,0.7727,0.7308,0.6415,0.8759
Dataset_2,Left,MobileNet,846,14,31,13,16,0.6081,0.4667,0.7045,0.4912,0.6697
Dataset_2,Left,MobileNet,847,12,35,14,13,0.6351,0.48,0.7143,0.4706,0.6922
Dataset_2,Left,MobileNet,848,18,35,9,12,0.7162,0.6,0.7955,0.6316,0.8114
Dataset_2,Left,MobileNet,849,14,39,9,12,0.7162,0.5385,0.8125,0.5714,0.7188
Dataset_2,Left,MobileNet,850,16,37,14,7,0.7162,0.6957,0.7255,0.6038,0.8483
Dataset_2,Left,MobileNet,851,12,37,16,9,0.6622,0.5714,0.6981,0.4898,0.7394
Dataset_2,Left,MobileNet,852,14,37,14,9,0.6892,0.6087,0.7255,0.549,0.7886
Dataset_2,Left,MobileNet,853,13,39,13,9,0.7027,0.5909,0.75,0.5417,0.8226
Dataset_2,Left,MobileNet,854,15,33,17,9,0.6486,0.625,0.66,0.5357,0.7
Dataset_2,Left,MobileNet,855,27,29,11,7,0.7568,0.7941,0.725,0.75,0.8515
Dataset_2,Left,MobileNet,856,10,37,19,8,0.6351,0.5556,0.6607,0.4255,0.6875
Dataset_2,Left,MobileNet,857,8,37,17,12,0.6081,0.4,0.6852,0.3556,0.6602
Dataset_2,Left,MobileNet,858,21,29,14,10,0.6757,0.6774,0.6744,0.6364,0.7247
Dataset_2,Left,MobileNet,859,12,36,16,10,0.6486,0.5455,0.6923,0.48,0.6923
Dataset_2,Left,MobileNet,860,10,34,19,11,0.5946,0.4762,0.6415,0.4,0.6658
Dataset_2,Left,MobileNet,861,18,32,12,12,0.6757,0.6,0.7273,0.6,0.7477
Dataset_2,Left,MobileNet,862,13,31,17,13,0.5946,0.5,0.6458,0.4643,0.6514
Dataset_2,Left,MobileNet,863,22,25,17,10,0.6351,0.6875,0.5952,0.6197,0.6778
Dataset_2,Left,MobileNet,864,12,37,15,10,0.6622,0.5455,0.7115,0.4898,0.7684
Dataset_2,Left,MobileNet,865,13,34,14,13,0.6351,0.5,0.7083,0.4906,0.7099
Dataset_2,Left,MobileNet,866,19,33,9,13,0.7027,0.5938,0.7857,0.6333,0.7984
Dataset_2,Left,MobileNet,867,15,35,13,11,0.6757,0.5769,0.7292,0.5556,0.7572
Dataset_2,Left,MobileNet,868,19,26,12,17,0.6081,0.5278,0.6842,0.5672,0.7485
Dataset_2,Left,MobileNet,869,23,27,16,8,0.6757,0.7419,0.6279,0.6571,0.829
Dataset_2,Left,MobileNet,870,23,29,12,10,0.7027,0.697,0.7073,0.6765,0.7901
Dataset_2,Left,MobileNet,871,17,32,15,10,0.6622,0.6296,0.6809,0.5763,0.7841
Dataset_2,Left,MobileNet,872,16,32,12,14,0.6486,0.5333,0.7273,0.5517,0.7417
Dataset_2,Left,MobileNet,873,17,33,14,10,0.6757,0.6296,0.7021,0.5862,0.7478
Dataset_2,Left,MobileNet,874,15,34,14,11,0.6622,0.5769,0.7083,0.5455,0.7155
Dataset_2,Left,MobileNet,875,17,34,11,12,0.6892,0.5862,0.7556,0.5965,0.8123
Dataset_2,Left,MobileNet,876,14,35,13,12,0.6622,0.5385,0.7292,0.5283,0.6795
Dataset_2,Left,MobileNet,877,17,28,16,13,0.6081,0.5667,0.6364,0.5397,0.6856
Dataset_2,Left,MobileNet,878,17,34,15,8,0.6892,0.68,0.6939,0.5965,0.6922
Dataset_2,Left,MobileNet,879,18,33,11,12,0.6892,0.6,0.75,0.6102,0.7409
Dataset_2,Left,MobileNet,880,14,29,15,16,0.5811,0.4667,0.6591,0.4746,0.6674
Dataset_2,Left,MobileNet,881,17,31,18,8,0.6486,0.68,0.6327,0.5667,0.7314
Dataset_2,Left,MobileNet,882,19,32,9,14,0.6892,0.5758,0.7805,0.623,0.7849
Dataset_2,Left,MobileNet,883,14,42,8,10,0.7568,0.5833,0.84,0.6087,0.8342
Dataset_2,Left,MobileNet,884,15,39,9,11,0.7297,0.5769,0.8125,0.6,0.7788
Dataset_2,Left,MobileNet,885,15,37,8,14,0.7027,0.5172,0.8222,0.5769,0.7778
Dataset_2,Left,MobileNet,886,14,35,10,15,0.6622,0.4828,0.7778,0.5283,0.7433
Dataset_2,Left,MobileNet,887,14,32,20,8,0.6216,0.6364,0.6154,0.5,0.7133
Dataset_2,Left,MobileNet,888,15,28,16,15,0.5811,0.5,0.6364,0.4918,0.603
Dataset_2,Left,MobileNet,889,17,32,14,11,0.6622,0.6071,0.6957,0.5763,0.7174
Dataset_2,Left,MobileNet,890,16,38,11,9,0.7297,0.64,0.7755,0.6154,0.849
Dataset_2,Left,MobileNet,891,7,41,12,14,0.6486,0.3333,0.7736,0.35,0.7242
Dataset_2,Left,MobileNet,892,16,35,13,10,0.6892,0.6154,0.7292,0.5818,0.7772
Dataset_2,Left,MobileNet,893,16,41,8,9,0.7703,0.64,0.8367,0.6531,0.8678
Dataset_2,Left,MobileNet,894,15,37,9,13,0.7027,0.5357,0.8043,0.5769,0.8191
Dataset_2,Left,MobileNet,895,14,34,16,10,0.6486,0.5833,0.68,0.5185,0.755
Dataset_2,Left,MobileNet,896,15,35,15,9,0.6757,0.625,0.7,0.5556,0.7608
Dataset_2,Left,MobileNet,897,12,33,18,11,0.6081,0.5217,0.6471,0.4528,0.7383
Dataset_2,Left,MobileNet,898,13,38,9,14,0.6892,0.4815,0.8085,0.5306,0.7667
Dataset_2,Left,MobileNet,899,15,35,14,10,0.6757,0.6,0.7143,0.5556,0.7739
Dataset_2,Left,MobileNet,900,15,31,16,12,0.6216,0.5556,0.6596,0.5172,0.7037
Dataset_2,Left,MobileNet,901,17,27,20,10,0.5946,0.6296,0.5745,0.5312,0.7218
Dataset_2,Left,MobileNet,902,21,34,17,2,0.7432,0.913,0.6667,0.6885,0.8662
Dataset_2,Left,MobileNet,903,17,38,10,9,0.7432,0.6538,0.7917,0.6415,0.847
Dataset_2,Left,MobileNet,904,18,30,14,12,0.6486,0.6,0.6818,0.5806,0.7508
Dataset_2,Left,MobileNet,905,17,35,14,8,0.7027,0.68,0.7143,0.6071,0.8147
Dataset_2,Left,MobileNet,906,16,36,12,10,0.7027,0.6154,0.75,0.5926,0.7885
Dataset_2,Left,MobileNet,907,16,35,13,10,0.6892,0.6154,0.7292,0.5818,0.6931
Dataset_2,Left,MobileNet,908,20,45,6,3,0.8784,0.8696,0.8824,0.8163,0.9344
Dataset_2,Left,MobileNet,909,22,34,12,6,0.7568,0.7857,0.7391,0.7097,0.8742
Dataset_2,Left,MobileNet,910,11,34,16,13,0.6081,0.4583,0.68,0.4314,0.6717
Dataset_2,Left,MobileNet,911,12,29,24,9,0.5541,0.5714,0.5472,0.4211,0.6262
Dataset_2,Left,MobileNet,912,14,28,18,14,0.5676,0.5,0.6087,0.4667,0.6568
Dataset_2,Left,MobileNet,913,20,36,7,11,0.7568,0.6452,0.8372,0.6897,0.8005
Dataset_2,Left,MobileNet,914,14,38,13,9,0.7027,0.6087,0.7451,0.56,0.7494
Dataset_2,Left,MobileNet,915,9,27,24,14,0.4865,0.3913,0.5294,0.3214,0.6155
Dataset_2,Left,MobileNet,916,17,34,14,9,0.6892,0.6538,0.7083,0.5965,0.7837
Dataset_2,Left,MobileNet,917,15,38,10,11,0.7162,0.5769,0.7917,0.5882,0.7821
Dataset_2,Left,MobileNet,918,14,35,13,12,0.6622,0.5385,0.7292,0.5283,0.738
Dataset_2,Left,MobileNet,919,18,34,15,7,0.7027,0.72,0.6939,0.6207,0.7861
Dataset_2,Left,MobileNet,920,15,34,14,11,0.6622,0.5769,0.7083,0.5455,0.7147
Dataset_2,Left,MobileNet,921,16,34,19,5,0.6757,0.7619,0.6415,0.5714,0.8041
Dataset_2,Left,MobileNet,922,19,36,14,5,0.7432,0.7917,0.72,0.6667,0.8383
Dataset_2,Left,MobileNet,923,16,35,13,10,0.6892,0.6154,0.7292,0.5818,0.7764
Dataset_2,Left,MobileNet,924,18,40,9,7,0.7838,0.72,0.8163,0.6923,0.7976
Dataset_2,Left,MobileNet,925,17,35,11,11,0.7027,0.6071,0.7609,0.6071,0.8051
Dataset_2,Left,MobileNet,926,20,31,16,7,0.6892,0.7407,0.6596,0.6349,0.7242
Dataset_2,Left,MobileNet,927,19,26,19,10,0.6081,0.6552,0.5778,0.5672,0.7425
Dataset_2,Left,MobileNet,928,14,28,15,17,0.5676,0.4516,0.6512,0.4667,0.6939
Dataset_2,Left,MobileNet,929,18,36,10,10,0.7297,0.6429,0.7826,0.6429,0.8261
Dataset_2,Left,MobileNet,930,17,38,9,10,0.7432,0.6296,0.8085,0.6415,0.8156
Dataset_2,Left,MobileNet,931,13,35,14,12,0.6486,0.52,0.7143,0.5,0.7094
Dataset_2,Left,MobileNet,932,14,34,13,13,0.6486,0.5185,0.7234,0.5185,0.7463
Dataset_2,Left,MobileNet,933,15,35,20,4,0.6757,0.7895,0.6364,0.5556,0.7933
Dataset_2,Left,MobileNet,934,16,37,12,9,0.7162,0.64,0.7551,0.6038,0.8155
Dataset_2,Left,MobileNet,935,15,37,12,10,0.7027,0.6,0.7551,0.5769,0.7135
Dataset_2,Left,MobileNet,936,18,30,15,11,0.6486,0.6207,0.6667,0.5806,0.7655
Dataset_2,Left,MobileNet,937,16,33,14,11,0.6622,0.5926,0.7021,0.5614,0.7691
Dataset_2,Left,MobileNet,938,16,34,18,6,0.6757,0.7273,0.6538,0.5714,0.7614
Dataset_2,Left,MobileNet,939,15,35,13,11,0.6757,0.5769,0.7292,0.5556,0.7532
Dataset_2,Left,MobileNet,940,14,32,10,18,0.6216,0.4375,0.7619,0.5,0.654
Dataset_2,Left,MobileNet,941,13,35,15,11,0.6486,0.5417,0.7,0.5,0.7575
Dataset_2,Left,MobileNet,942,13,39,17,5,0.7027,0.7222,0.6964,0.5417,0.748
Dataset_2,Left,MobileNet,943,16,38,8,12,0.7297,0.5714,0.8261,0.6154,0.8175
Dataset_2,Left,MobileNet,944,14,38,14,8,0.7027,0.6364,0.7308,0.56,0.7762
Dataset_2,Left,MobileNet,945,12,33,15,14,0.6081,0.4615,0.6875,0.4528,0.6474
Dataset_2,Left,MobileNet,946,13,40,17,4,0.7162,0.7647,0.7018,0.5532,0.8297
Dataset_2,Left,MobileNet,947,20,31,12,11,0.6892,0.6452,0.7209,0.6349,0.7772
Dataset_2,Left,MobileNet,948,18,34,12,10,0.7027,0.6429,0.7391,0.6207,0.8152
Dataset_2,Left,MobileNet,949,20,34,6,14,0.7297,0.5882,0.85,0.6667,0.8015
Dataset_2,Left,MobileNet,950,20,29,10,15,0.6622,0.5714,0.7436,0.6154,0.7634
Dataset_2,Left,MobileNet,951,12,38,10,14,0.6757,0.4615,0.7917,0.5,0.7147
Dataset_2,Left,MobileNet,952,12,36,18,8,0.6486,0.6,0.6667,0.48,0.7296
Dataset_2,Left,MobileNet,953,14,31,16,13,0.6081,0.5185,0.6596,0.4912,0.6651
Dataset_2,Left,MobileNet,954,18,33,15,8,0.6892,0.6923,0.6875,0.6102,0.8229
Dataset_2,Left,MobileNet,955,15,31,17,11,0.6216,0.5769,0.6458,0.5172,0.6723
Dataset_2,Left,MobileNet,956,12,37,12,13,0.6622,0.48,0.7551,0.4898,0.7004
Dataset_2,Left,MobileNet,957,13,37,16,8,0.6757,0.619,0.6981,0.52,0.77
Dataset_2,Left,MobileNet,958,16,40,9,9,0.7568,0.64,0.8163,0.64,0.7829
Dataset_2,Left,MobileNet,959,19,30,15,10,0.6622,0.6552,0.6667,0.6032,0.7931
Dataset_2,Left,MobileNet,960,19,28,18,9,0.6351,0.6786,0.6087,0.5846,0.7197
Dataset_2,Left,MobileNet,961,15,33,15,11,0.6486,0.5769,0.6875,0.5357,0.766
Dataset_2,Left,MobileNet,962,15,29,21,9,0.5946,0.625,0.58,0.5,0.6883
Dataset_2,Left,MobileNet,963,16,28,17,13,0.5946,0.5517,0.6222,0.5161,0.6636
Dataset_2,Left,MobileNet,964,12,31,20,11,0.5811,0.5217,0.6078,0.4364,0.6394
Dataset_2,Left,MobileNet,965,18,36,13,7,0.7297,0.72,0.7347,0.6429,0.8229
Dataset_2,Left,MobileNet,966,13,36,17,8,0.6622,0.619,0.6792,0.5098,0.7727
Dataset_2,Left,MobileNet,967,15,33,14,12,0.6486,0.5556,0.7021,0.5357,0.7006
Dataset_2,Left,MobileNet,968,9,37,15,13,0.6216,0.4091,0.7115,0.3913,0.7072
Dataset_2,Left,MobileNet,969,13,36,12,13,0.6622,0.5,0.75,0.5098,0.7804
Dataset_2,Left,MobileNet,970,11,37,15,11,0.6486,0.5,0.7115,0.4583,0.6774
Dataset_2,Left,MobileNet,971,11,34,14,15,0.6081,0.4231,0.7083,0.4314,0.7131
Dataset_2,Left,MobileNet,972,16,37,16,5,0.7162,0.7619,0.6981,0.6038,0.8527
Dataset_2,Left,MobileNet,973,19,31,14,10,0.6757,0.6552,0.6889,0.6129,0.7418
Dataset_2,Left,MobileNet,974,17,29,19,9,0.6216,0.6538,0.6042,0.5484,0.7107
Dataset_2,Left,MobileNet,975,12,36,21,5,0.6486,0.7059,0.6316,0.48,0.7224
Dataset_2,Left,MobileNet,976,15,38,12,9,0.7162,0.625,0.76,0.5882,0.7625
Dataset_2,Left,MobileNet,977,14,33,14,13,0.6351,0.5185,0.7021,0.5091,0.7289
Dataset_2,Left,MobileNet,978,13,32,21,8,0.6081,0.619,0.6038,0.4727,0.6622
Dataset_2,Left,MobileNet,979,12,41,13,8,0.7162,0.6,0.7593,0.5333,0.7176
Dataset_2,Left,MobileNet,980,15,38,13,8,0.7162,0.6522,0.7451,0.5882,0.734
Dataset_2,Left,MobileNet,981,12,30,16,16,0.5676,0.4286,0.6522,0.4286,0.6405
Dataset_2,Left,MobileNet,982,15,33,14,12,0.6486,0.5556,0.7021,0.5357,0.6903
Dataset_2,Left,MobileNet,983,15,37,13,9,0.7027,0.625,0.74,0.5769,0.7633
Dataset_2,Left,MobileNet,984,17,28,16,13,0.6081,0.5667,0.6364,0.5397,0.7121
Dataset_2,Left,MobileNet,985,13,38,14,9,0.6892,0.5909,0.7308,0.5306,0.7937
Dataset_2,Left,MobileNet,986,14,34,14,12,0.6486,0.5385,0.7083,0.5185,0.6827
Dataset_2,Left,MobileNet,987,17,36,13,8,0.7162,0.68,0.7347,0.6182,0.769
Dataset_2,Left,MobileNet,988,18,29,17,10,0.6351,0.6429,0.6304,0.5714,0.7127
Dataset_2,Left,MobileNet,989,12,39,14,9,0.6892,0.5714,0.7358,0.5106,0.7547
Dataset_2,Left,MobileNet,990,17,31,13,13,0.6486,0.5667,0.7045,0.5667,0.6742
Dataset_2,Left,MobileNet,991,10,38,18,8,0.6486,0.5556,0.6786,0.4348,0.748
Dataset_2,Left,MobileNet,992,15,39,10,10,0.7297,0.6,0.7959,0.6,0.7371
Dataset_2,Left,MobileNet,993,11,34,17,12,0.6081,0.4783,0.6667,0.4314,0.6155
Dataset_2,Left,MobileNet,994,17,32,13,12,0.6622,0.5862,0.7111,0.5763,0.7303
Dataset_2,Left,MobileNet,995,13,29,15,17,0.5676,0.4333,0.6591,0.4483,0.622
Dataset_2,Left,MobileNet,996,18,35,17,4,0.7162,0.8182,0.6731,0.6316,0.8269
Dataset_2,Left,MobileNet,997,13,35,16,10,0.6486,0.5652,0.6863,0.5,0.7255
Dataset_2,Left,MobileNet,998,18,29,11,16,0.6351,0.5294,0.725,0.5714,0.7272
Dataset_2,Left,MobileNet,999,13,32,16,13,0.6081,0.5,0.6667,0.4727,0.6426
Dataset_2,Left,MobileNet,1000,17,33,14,10,0.6757,0.6296,0.7021,0.5862,0.7975
Dataset_2,Left,SqueezeNet,1,17,40,12,5,0.7703,0.7727,0.7692,0.6667,0.8785
Dataset_2,Left,SqueezeNet,2,31,27,11,5,0.7838,0.8611,0.7105,0.7949,0.8618
Dataset_2,Left,SqueezeNet,3,19,32,20,3,0.6892,0.8636,0.6154,0.623,0.833
Dataset_2,Left,SqueezeNet,4,21,38,9,6,0.7973,0.7778,0.8085,0.7368,0.8558
Dataset_2,Left,SqueezeNet,5,26,32,11,5,0.7838,0.8387,0.7442,0.7647,0.8552
Dataset_2,Left,SqueezeNet,6,23,32,15,4,0.7432,0.8519,0.6809,0.7077,0.8723
Dataset_2,Left,SqueezeNet,7,15,42,10,7,0.7703,0.6818,0.8077,0.6383,0.8663
Dataset_2,Left,SqueezeNet,8,18,42,10,4,0.8108,0.8182,0.8077,0.72,0.882
Dataset_2,Left,SqueezeNet,9,15,35,11,13,0.6757,0.5357,0.7609,0.5556,0.712
Dataset_2,Left,SqueezeNet,10,19,35,18,2,0.7297,0.9048,0.6604,0.6552,0.8356
Dataset_2,Left,SqueezeNet,11,13,41,15,5,0.7297,0.7222,0.7321,0.5652,0.8433
Dataset_2,Left,SqueezeNet,12,22,30,17,5,0.7027,0.8148,0.6383,0.6667,0.7794
Dataset_2,Left,SqueezeNet,13,16,37,17,4,0.7162,0.8,0.6852,0.6038,0.8944
Dataset_2,Left,SqueezeNet,14,22,38,11,3,0.8108,0.88,0.7755,0.7586,0.9453
Dataset_2,Left,SqueezeNet,15,26,29,7,12,0.7432,0.6842,0.8056,0.7324,0.8509
Dataset_2,Left,SqueezeNet,16,23,38,10,3,0.8243,0.8846,0.7917,0.7797,0.9335
Dataset_2,Left,SqueezeNet,17,23,29,17,5,0.7027,0.8214,0.6304,0.6765,0.8129
Dataset_2,Left,SqueezeNet,18,18,43,7,6,0.8243,0.75,0.86,0.7347,0.8775
Dataset_2,Left,SqueezeNet,19,19,35,12,8,0.7297,0.7037,0.7447,0.6552,0.8424
Dataset_2,Left,SqueezeNet,20,22,31,16,5,0.7162,0.8148,0.6596,0.6769,0.8794
Dataset_2,Left,SqueezeNet,21,19,32,15,8,0.6892,0.7037,0.6809,0.623,0.7896
Dataset_2,Left,SqueezeNet,22,19,42,10,3,0.8243,0.8636,0.8077,0.7451,0.9222
Dataset_2,Left,SqueezeNet,23,17,31,18,8,0.6486,0.68,0.6327,0.5667,0.7959
Dataset_2,Left,SqueezeNet,24,16,36,15,7,0.7027,0.6957,0.7059,0.5926,0.7945
Dataset_2,Left,SqueezeNet,25,14,40,12,8,0.7297,0.6364,0.7692,0.5833,0.8173
Dataset_2,Left,SqueezeNet,26,18,41,14,1,0.7973,0.9474,0.7455,0.7059,0.9301
Dataset_2,Left,SqueezeNet,27,24,32,13,5,0.7568,0.8276,0.7111,0.7273,0.8866
Dataset_2,Left,SqueezeNet,28,23,31,14,6,0.7297,0.7931,0.6889,0.697,0.8176
Dataset_2,Left,SqueezeNet,29,16,44,11,3,0.8108,0.8421,0.8,0.6957,0.9081
Dataset_2,Left,SqueezeNet,30,15,41,15,3,0.7568,0.8333,0.7321,0.625,0.8948
Dataset_2,Left,SqueezeNet,31,25,29,16,4,0.7297,0.8621,0.6444,0.7143,0.813
Dataset_2,Left,SqueezeNet,32,22,38,10,4,0.8108,0.8462,0.7917,0.7586,0.9127
Dataset_2,Left,SqueezeNet,33,15,43,11,5,0.7838,0.75,0.7963,0.6522,0.8435
Dataset_2,Left,SqueezeNet,34,18,34,17,5,0.7027,0.7826,0.6667,0.6207,0.8772
Dataset_2,Left,SqueezeNet,35,22,36,13,3,0.7838,0.88,0.7347,0.7333,0.8833
Dataset_2,Left,SqueezeNet,36,23,39,6,6,0.8378,0.7931,0.8667,0.7931,0.928
Dataset_2,Left,SqueezeNet,37,22,34,15,3,0.7568,0.88,0.6939,0.7097,0.8914
Dataset_2,Left,SqueezeNet,38,20,39,12,3,0.7973,0.8696,0.7647,0.7273,0.9344
Dataset_2,Left,SqueezeNet,39,23,33,10,8,0.7568,0.7419,0.7674,0.7188,0.82
Dataset_2,Left,SqueezeNet,40,21,32,16,5,0.7162,0.8077,0.6667,0.6667,0.8317
Dataset_2,Left,SqueezeNet,41,23,34,11,6,0.7703,0.7931,0.7556,0.7302,0.8475
Dataset_2,Left,SqueezeNet,42,21,34,11,8,0.7432,0.7241,0.7556,0.6885,0.7908
Dataset_2,Left,SqueezeNet,43,26,32,9,7,0.7838,0.7879,0.7805,0.7647,0.8766
Dataset_2,Left,SqueezeNet,44,30,34,9,1,0.8649,0.9677,0.7907,0.8571,0.9415
Dataset_2,Left,SqueezeNet,45,23,32,11,8,0.7432,0.7419,0.7442,0.7077,0.8185
Dataset_2,Left,SqueezeNet,46,25,39,5,5,0.8649,0.8333,0.8864,0.8333,0.9121
Dataset_2,Left,SqueezeNet,47,20,37,11,6,0.7703,0.7692,0.7708,0.7018,0.883
Dataset_2,Left,SqueezeNet,48,29,35,7,3,0.8649,0.9062,0.8333,0.8529,0.9323
Dataset_2,Left,SqueezeNet,49,22,37,10,5,0.7973,0.8148,0.7872,0.7458,0.8755
Dataset_2,Left,SqueezeNet,50,17,38,12,7,0.7432,0.7083,0.76,0.6415,0.8492
Dataset_2,Left,SqueezeNet,51,24,43,5,2,0.9054,0.9231,0.8958,0.8727,0.976
Dataset_2,Left,SqueezeNet,52,26,32,8,8,0.7838,0.7647,0.8,0.7647,0.8765
Dataset_2,Left,SqueezeNet,53,26,27,11,10,0.7162,0.7222,0.7105,0.7123,0.8158
Dataset_2,Left,SqueezeNet,54,20,37,9,8,0.7703,0.7143,0.8043,0.7018,0.8199
Dataset_2,Left,SqueezeNet,55,25,30,14,5,0.7432,0.8333,0.6818,0.7246,0.8727
Dataset_2,Left,SqueezeNet,56,22,38,10,4,0.8108,0.8462,0.7917,0.7586,0.9279
Dataset_2,Left,SqueezeNet,57,14,37,13,10,0.6892,0.5833,0.74,0.549,0.7642
Dataset_2,Left,SqueezeNet,58,20,34,12,8,0.7297,0.7143,0.7391,0.6667,0.8152
Dataset_2,Left,SqueezeNet,59,19,38,13,4,0.7703,0.8261,0.7451,0.6909,0.8142
Dataset_2,Left,SqueezeNet,60,23,33,10,8,0.7568,0.7419,0.7674,0.7188,0.8515
Dataset_2,Left,SqueezeNet,61,24,34,14,2,0.7838,0.9231,0.7083,0.75,0.9495
Dataset_2,Left,SqueezeNet,62,19,39,12,4,0.7838,0.8261,0.7647,0.7037,0.913
Dataset_2,Left,SqueezeNet,63,14,43,10,7,0.7703,0.6667,0.8113,0.6222,0.8535
Dataset_2,Left,SqueezeNet,64,10,48,13,3,0.7838,0.7692,0.7869,0.5556,0.8625
Dataset_2,Left,SqueezeNet,65,23,35,13,3,0.7838,0.8846,0.7292,0.7419,0.9191
Dataset_2,Left,SqueezeNet,66,24,32,13,5,0.7568,0.8276,0.7111,0.7273,0.8866
Dataset_2,Left,SqueezeNet,67,15,38,19,2,0.7162,0.8824,0.6667,0.5882,0.8235
Dataset_2,Left,SqueezeNet,68,20,36,13,5,0.7568,0.8,0.7347,0.6897,0.8678
Dataset_2,Left,SqueezeNet,69,25,38,9,2,0.8514,0.9259,0.8085,0.8197,0.9511
Dataset_2,Left,SqueezeNet,70,16,42,10,6,0.7838,0.7273,0.8077,0.6667,0.8566
Dataset_2,Left,SqueezeNet,71,18,42,9,5,0.8108,0.7826,0.8235,0.72,0.8806
Dataset_2,Left,SqueezeNet,72,23,34,12,5,0.7703,0.8214,0.7391,0.7302,0.8952
Dataset_2,Left,SqueezeNet,73,14,46,9,5,0.8108,0.7368,0.8364,0.6667,0.9273
Dataset_2,Left,SqueezeNet,74,16,39,11,8,0.7432,0.6667,0.78,0.6275,0.8425
Dataset_2,Left,SqueezeNet,75,17,34,17,6,0.6892,0.7391,0.6667,0.5965,0.8321
Dataset_2,Left,SqueezeNet,76,21,34,10,9,0.7432,0.7,0.7727,0.6885,0.8288
Dataset_2,Left,SqueezeNet,77,17,37,13,7,0.7297,0.7083,0.74,0.6296,0.8133
Dataset_2,Left,SqueezeNet,78,22,40,8,4,0.8378,0.8462,0.8333,0.7857,0.8982
Dataset_2,Left,SqueezeNet,79,21,35,13,5,0.7568,0.8077,0.7292,0.7,0.8782
Dataset_2,Left,SqueezeNet,80,24,31,10,9,0.7432,0.7273,0.7561,0.7164,0.8093
Dataset_2,Left,SqueezeNet,81,22,35,12,5,0.7703,0.8148,0.7447,0.7213,0.866
Dataset_2,Left,SqueezeNet,82,30,28,10,6,0.7838,0.8333,0.7368,0.7895,0.856
Dataset_2,Left,SqueezeNet,83,18,36,16,4,0.7297,0.8182,0.6923,0.6429,0.8601
Dataset_2,Left,SqueezeNet,84,16,40,15,3,0.7568,0.8421,0.7273,0.64,0.8823
Dataset_2,Left,SqueezeNet,85,25,35,12,2,0.8108,0.9259,0.7447,0.7813,0.8936
Dataset_2,Left,SqueezeNet,86,17,37,12,8,0.7297,0.68,0.7551,0.6296,0.7853
Dataset_2,Left,SqueezeNet,87,26,32,12,4,0.7838,0.8667,0.7273,0.7647,0.9015
Dataset_2,Left,SqueezeNet,88,21,35,14,4,0.7568,0.84,0.7143,0.7,0.8759
Dataset_2,Left,SqueezeNet,89,15,35,16,8,0.6757,0.6522,0.6863,0.5556,0.7928
Dataset_2,Left,SqueezeNet,90,19,40,11,4,0.7973,0.8261,0.7843,0.717,0.8866
Dataset_2,Left,SqueezeNet,91,24,36,11,3,0.8108,0.8889,0.766,0.7742,0.9188
Dataset_2,Left,SqueezeNet,92,23,36,11,4,0.7973,0.8519,0.766,0.7541,0.8905
Dataset_2,Left,SqueezeNet,93,23,36,11,4,0.7973,0.8519,0.766,0.7541,0.855
Dataset_2,Left,SqueezeNet,94,21,37,9,7,0.7838,0.75,0.8043,0.7241,0.8253
Dataset_2,Left,SqueezeNet,95,14,41,18,1,0.7432,0.9333,0.6949,0.5957,0.8633
Dataset_2,Left,SqueezeNet,96,21,35,12,6,0.7568,0.7778,0.7447,0.7,0.8589
Dataset_2,Left,SqueezeNet,97,16,35,13,10,0.6892,0.6154,0.7292,0.5818,0.7821
Dataset_2,Left,SqueezeNet,98,24,32,13,5,0.7568,0.8276,0.7111,0.7273,0.8644
Dataset_2,Left,SqueezeNet,99,26,35,11,2,0.8243,0.9286,0.7609,0.8,0.941
Dataset_2,Left,SqueezeNet,100,24,29,18,3,0.7162,0.8889,0.617,0.6957,0.881
Dataset_2,Left,SqueezeNet,101,17,33,20,4,0.6757,0.8095,0.6226,0.5862,0.8005
Dataset_2,Left,SqueezeNet,102,29,28,13,4,0.7703,0.8788,0.6829,0.7733,0.8174
Dataset_2,Left,SqueezeNet,103,21,34,13,6,0.7432,0.7778,0.7234,0.6885,0.8385
Dataset_2,Left,SqueezeNet,104,20,32,15,7,0.7027,0.7407,0.6809,0.6452,0.8345
Dataset_2,Left,SqueezeNet,105,27,30,10,7,0.7703,0.7941,0.75,0.7606,0.8551
Dataset_2,Left,SqueezeNet,106,22,37,13,2,0.7973,0.9167,0.74,0.7458,0.8725
Dataset_2,Left,SqueezeNet,107,25,34,12,3,0.7973,0.8929,0.7391,0.7692,0.9177
Dataset_2,Left,SqueezeNet,108,29,31,8,6,0.8108,0.8286,0.7949,0.8056,0.904
Dataset_2,Left,SqueezeNet,109,20,35,14,5,0.7432,0.8,0.7143,0.678,0.8898
Dataset_2,Left,SqueezeNet,110,25,26,18,5,0.6892,0.8333,0.5909,0.6849,0.8258
Dataset_2,Left,SqueezeNet,111,24,34,13,3,0.7838,0.8889,0.7234,0.75,0.9046
Dataset_2,Left,SqueezeNet,112,20,32,16,6,0.7027,0.7692,0.6667,0.6452,0.8349
Dataset_2,Left,SqueezeNet,113,18,35,13,8,0.7162,0.6923,0.7292,0.6316,0.7724
Dataset_2,Left,SqueezeNet,114,17,38,15,4,0.7432,0.8095,0.717,0.6415,0.8562
Dataset_2,Left,SqueezeNet,115,22,38,11,3,0.8108,0.88,0.7755,0.7586,0.8473
Dataset_2,Left,SqueezeNet,116,23,37,13,1,0.8108,0.9583,0.74,0.7667,0.925
Dataset_2,Left,SqueezeNet,117,12,42,15,5,0.7297,0.7059,0.7368,0.5455,0.8514
Dataset_2,Left,SqueezeNet,118,13,42,13,6,0.7432,0.6842,0.7636,0.5778,0.8163
Dataset_2,Left,SqueezeNet,119,20,30,17,7,0.6757,0.7407,0.6383,0.625,0.7935
Dataset_2,Left,SqueezeNet,120,20,39,8,7,0.7973,0.7407,0.8298,0.7273,0.8503
Dataset_2,Left,SqueezeNet,121,19,38,10,7,0.7703,0.7308,0.7917,0.6909,0.8814
Dataset_2,Left,SqueezeNet,122,24,41,7,2,0.8784,0.9231,0.8542,0.8421,0.9367
Dataset_2,Left,SqueezeNet,123,20,35,12,7,0.7432,0.7407,0.7447,0.678,0.8526
Dataset_2,Left,SqueezeNet,124,25,31,9,9,0.7568,0.7353,0.775,0.7353,0.8184
Dataset_2,Left,SqueezeNet,125,25,30,14,5,0.7432,0.8333,0.6818,0.7246,0.8477
Dataset_2,Left,SqueezeNet,126,17,42,12,3,0.7973,0.85,0.7778,0.6939,0.8926
Dataset_2,Left,SqueezeNet,127,19,36,12,7,0.7432,0.7308,0.75,0.6667,0.8357
Dataset_2,Left,SqueezeNet,128,20,38,6,10,0.7838,0.6667,0.8636,0.7143,0.8182
Dataset_2,Left,SqueezeNet,129,22,37,6,9,0.7973,0.7097,0.8605,0.7458,0.8755
Dataset_2,Left,SqueezeNet,130,23,33,13,5,0.7568,0.8214,0.7174,0.7187,0.8703
Dataset_2,Left,SqueezeNet,131,25,27,15,7,0.7027,0.7812,0.6429,0.6944,0.8013
Dataset_2,Left,SqueezeNet,132,24,32,13,5,0.7568,0.8276,0.7111,0.7273,0.8437
Dataset_2,Left,SqueezeNet,133,16,36,13,9,0.7027,0.64,0.7347,0.5926,0.7453
Dataset_2,Left,SqueezeNet,134,17,38,14,5,0.7432,0.7727,0.7308,0.6415,0.8199
Dataset_2,Left,SqueezeNet,135,20,39,12,3,0.7973,0.8696,0.7647,0.7273,0.8968
Dataset_2,Left,SqueezeNet,136,13,38,21,2,0.6892,0.8667,0.6441,0.5306,0.8486
Dataset_2,Left,SqueezeNet,137,17,39,12,6,0.7568,0.7391,0.7647,0.6538,0.8338
Dataset_2,Left,SqueezeNet,138,21,29,16,8,0.6757,0.7241,0.6444,0.6364,0.777
Dataset_2,Left,SqueezeNet,139,16,41,8,9,0.7703,0.64,0.8367,0.6531,0.8106
Dataset_2,Left,SqueezeNet,140,22,33,12,7,0.7432,0.7586,0.7333,0.6984,0.8521
Dataset_2,Left,SqueezeNet,141,20,39,12,3,0.7973,0.8696,0.7647,0.7273,0.9105
Dataset_2,Left,SqueezeNet,142,17,33,19,5,0.6757,0.7727,0.6346,0.5862,0.8243
Dataset_2,Left,SqueezeNet,143,18,38,14,4,0.7568,0.8182,0.7308,0.6667,0.8715
Dataset_2,Left,SqueezeNet,144,12,40,15,7,0.7027,0.6316,0.7273,0.5217,0.7694
Dataset_2,Left,SqueezeNet,145,18,39,15,2,0.7703,0.9,0.7222,0.6792,0.825
Dataset_2,Left,SqueezeNet,146,24,42,6,2,0.8919,0.9231,0.875,0.8571,0.9543
Dataset_2,Left,SqueezeNet,147,27,33,10,4,0.8108,0.871,0.7674,0.7941,0.8777
Dataset_2,Left,SqueezeNet,148,21,37,12,4,0.7838,0.84,0.7551,0.7241,0.8563
Dataset_2,Left,SqueezeNet,149,18,40,12,4,0.7838,0.8182,0.7692,0.6923,0.9196
Dataset_2,Left,SqueezeNet,150,21,36,12,5,0.7703,0.8077,0.75,0.7119,0.8518
Dataset_2,Left,SqueezeNet,151,24,31,15,4,0.7432,0.8571,0.6739,0.7164,0.8556
Dataset_2,Left,SqueezeNet,152,25,27,17,5,0.7027,0.8333,0.6136,0.6944,0.8432
Dataset_2,Left,SqueezeNet,153,24,28,17,5,0.7027,0.8276,0.6222,0.6857,0.8674
Dataset_2,Left,SqueezeNet,154,26,34,11,3,0.8108,0.8966,0.7556,0.7879,0.9004
Dataset_2,Left,SqueezeNet,155,22,38,7,7,0.8108,0.7586,0.8444,0.7586,0.8958
Dataset_2,Left,SqueezeNet,156,23,31,14,6,0.7297,0.7931,0.6889,0.697,0.8192
Dataset_2,Left,SqueezeNet,157,27,36,8,3,0.8514,0.9,0.8182,0.8308,0.9311
Dataset_2,Left,SqueezeNet,158,23,38,9,4,0.8243,0.8519,0.8085,0.7797,0.9259
Dataset_2,Left,SqueezeNet,159,20,36,15,3,0.7568,0.8696,0.7059,0.6897,0.8832
Dataset_2,Left,SqueezeNet,160,18,34,14,8,0.7027,0.6923,0.7083,0.6207,0.7724
Dataset_2,Left,SqueezeNet,161,25,42,5,2,0.9054,0.9259,0.8936,0.8772,0.9582
Dataset_2,Left,SqueezeNet,162,23,37,11,3,0.8108,0.8846,0.7708,0.7667,0.9143
Dataset_2,Left,SqueezeNet,163,21,40,10,3,0.8243,0.875,0.8,0.7636,0.9258
Dataset_2,Left,SqueezeNet,164,16,41,10,7,0.7703,0.6957,0.8039,0.6531,0.8295
Dataset_2,Left,SqueezeNet,165,19,34,16,5,0.7162,0.7917,0.68,0.6441,0.8417
Dataset_2,Left,SqueezeNet,166,24,40,7,3,0.8649,0.8889,0.8511,0.8276,0.9401
Dataset_2,Left,SqueezeNet,167,15,41,13,5,0.7568,0.75,0.7593,0.625,0.8593
Dataset_2,Left,SqueezeNet,168,22,35,13,4,0.7703,0.8462,0.7292,0.7213,0.8526
Dataset_2,Left,SqueezeNet,169,18,36,15,5,0.7297,0.7826,0.7059,0.6429,0.8363
Dataset_2,Left,SqueezeNet,170,16,43,11,4,0.7973,0.8,0.7963,0.6809,0.9148
Dataset_2,Left,SqueezeNet,171,25,32,14,3,0.7703,0.8929,0.6957,0.7463,0.8509
Dataset_2,Left,SqueezeNet,172,24,38,11,1,0.8378,0.96,0.7755,0.8,0.9478
Dataset_2,Left,SqueezeNet,173,25,33,13,3,0.7838,0.8929,0.7174,0.7576,0.8781
Dataset_2,Left,SqueezeNet,174,23,28,15,8,0.6892,0.7419,0.6512,0.6667,0.8072
Dataset_2,Left,SqueezeNet,175,18,39,15,2,0.7703,0.9,0.7222,0.6792,0.8917
Dataset_2,Left,SqueezeNet,176,27,31,10,6,0.7838,0.8182,0.7561,0.7714,0.8869
Dataset_2,Left,SqueezeNet,177,24,38,9,3,0.8378,0.8889,0.8085,0.8,0.8952
Dataset_2,Left,SqueezeNet,178,23,42,7,2,0.8784,0.92,0.8571,0.8364,0.9167
Dataset_2,Left,SqueezeNet,179,19,35,15,5,0.7297,0.7917,0.7,0.6552,0.86
Dataset_2,Left,SqueezeNet,180,21,39,10,4,0.8108,0.84,0.7959,0.75,0.8939
Dataset_2,Left,SqueezeNet,181,20,29,18,7,0.6622,0.7407,0.617,0.6154,0.7778
Dataset_2,Left,SqueezeNet,182,18,36,14,6,0.7297,0.75,0.72,0.6429,0.8467
Dataset_2,Left,SqueezeNet,183,23,29,15,7,0.7027,0.7667,0.6591,0.6765,0.8727
Dataset_2,Left,SqueezeNet,184,17,39,12,6,0.7568,0.7391,0.7647,0.6538,0.8116
Dataset_2,Left,SqueezeNet,185,20,32,18,4,0.7027,0.8333,0.64,0.6452,0.8758
Dataset_2,Left,SqueezeNet,186,19,37,12,6,0.7568,0.76,0.7551,0.6786,0.8637
Dataset_2,Left,SqueezeNet,187,13,42,13,6,0.7432,0.6842,0.7636,0.5778,0.8354
Dataset_2,Left,SqueezeNet,188,23,31,16,4,0.7297,0.8519,0.6596,0.697,0.8314
Dataset_2,Left,SqueezeNet,189,21,35,13,5,0.7568,0.8077,0.7292,0.7,0.8518
Dataset_2,Left,SqueezeNet,190,28,28,12,6,0.7568,0.8235,0.7,0.7568,0.8206
Dataset_2,Left,SqueezeNet,191,20,28,15,11,0.6486,0.6452,0.6512,0.6061,0.7899
Dataset_2,Left,SqueezeNet,192,28,33,7,6,0.8243,0.8235,0.825,0.8116,0.9015
Dataset_2,Left,SqueezeNet,193,21,35,9,9,0.7568,0.7,0.7955,0.7,0.847
Dataset_2,Left,SqueezeNet,194,26,32,10,6,0.7838,0.8125,0.7619,0.7647,0.8609
Dataset_2,Left,SqueezeNet,195,16,40,13,5,0.7568,0.7619,0.7547,0.64,0.867
Dataset_2,Left,SqueezeNet,196,21,39,10,4,0.8108,0.84,0.7959,0.75,0.8824
Dataset_2,Left,SqueezeNet,197,18,39,12,5,0.7703,0.7826,0.7647,0.6792,0.8517
Dataset_2,Left,SqueezeNet,198,24,36,10,4,0.8108,0.8571,0.7826,0.7742,0.8998
Dataset_2,Left,SqueezeNet,199,32,30,10,2,0.8378,0.9412,0.75,0.8421,0.8956
Dataset_2,Left,SqueezeNet,200,23,36,10,5,0.7973,0.8214,0.7826,0.7541,0.8548
Dataset_2,Left,SqueezeNet,201,20,38,9,7,0.7838,0.7407,0.8085,0.7143,0.8329
Dataset_2,Left,SqueezeNet,202,16,38,16,4,0.7297,0.8,0.7037,0.6154,0.8324
Dataset_2,Left,SqueezeNet,203,20,36,13,5,0.7568,0.8,0.7347,0.6897,0.8588
Dataset_2,Left,SqueezeNet,204,28,35,8,3,0.8514,0.9032,0.814,0.8358,0.9137
Dataset_2,Left,SqueezeNet,205,21,38,11,4,0.7973,0.84,0.7755,0.7368,0.9078
Dataset_2,Left,SqueezeNet,206,13,39,10,12,0.7027,0.52,0.7959,0.5417,0.7878
Dataset_2,Left,SqueezeNet,207,18,43,13,0,0.8243,1.0,0.7679,0.7347,0.9603
Dataset_2,Left,SqueezeNet,208,26,36,5,7,0.8378,0.7879,0.878,0.8125,0.8825
Dataset_2,Left,SqueezeNet,209,21,37,11,5,0.7838,0.8077,0.7708,0.7241,0.8654
Dataset_2,Left,SqueezeNet,210,15,37,13,9,0.7027,0.625,0.74,0.5769,0.7808
Dataset_2,Left,SqueezeNet,211,20,34,15,5,0.7297,0.8,0.6939,0.6667,0.8555
Dataset_2,Left,SqueezeNet,212,16,41,11,6,0.7703,0.7273,0.7885,0.6531,0.8864
Dataset_2,Left,SqueezeNet,213,26,35,10,3,0.8243,0.8966,0.7778,0.8,0.8912
Dataset_2,Left,SqueezeNet,214,21,34,13,6,0.7432,0.7778,0.7234,0.6885,0.8203
Dataset_2,Left,SqueezeNet,215,17,40,13,4,0.7703,0.8095,0.7547,0.6667,0.8868
Dataset_2,Left,SqueezeNet,216,24,38,12,0,0.8378,1.0,0.76,0.8,0.9333
Dataset_2,Left,SqueezeNet,217,16,40,8,10,0.7568,0.6154,0.8333,0.64,0.8229
Dataset_2,Left,SqueezeNet,218,23,40,7,4,0.8514,0.8519,0.8511,0.807,0.933
Dataset_2,Left,SqueezeNet,219,13,44,12,5,0.7703,0.7222,0.7857,0.6047,0.873
Dataset_2,Left,SqueezeNet,220,23,37,11,3,0.8108,0.8846,0.7708,0.7667,0.9311
Dataset_2,Left,SqueezeNet,221,25,30,13,6,0.7432,0.8065,0.6977,0.7246,0.8582
Dataset_2,Left,SqueezeNet,222,25,35,12,2,0.8108,0.9259,0.7447,0.7813,0.9362
Dataset_2,Left,SqueezeNet,223,28,27,15,4,0.7432,0.875,0.6429,0.7467,0.843
Dataset_2,Left,SqueezeNet,224,20,35,12,7,0.7432,0.7407,0.7447,0.678,0.8519
Dataset_2,Left,SqueezeNet,225,24,38,9,3,0.8378,0.8889,0.8085,0.8,0.9173
Dataset_2,Left,SqueezeNet,226,22,36,13,3,0.7838,0.88,0.7347,0.7333,0.8898
Dataset_2,Left,SqueezeNet,227,21,33,11,9,0.7297,0.7,0.75,0.6774,0.8242
Dataset_2,Left,SqueezeNet,228,16,38,16,4,0.7297,0.8,0.7037,0.6154,0.8796
Dataset_2,Left,SqueezeNet,229,20,38,11,5,0.7838,0.8,0.7755,0.7143,0.8727
Dataset_2,Left,SqueezeNet,230,19,40,12,3,0.7973,0.8636,0.7692,0.717,0.8715
Dataset_2,Left,SqueezeNet,231,22,36,12,4,0.7838,0.8462,0.75,0.7333,0.879
Dataset_2,Left,SqueezeNet,232,25,32,11,6,0.7703,0.8065,0.7442,0.7463,0.8635
Dataset_2,Left,SqueezeNet,233,21,33,13,7,0.7297,0.75,0.7174,0.6774,0.7911
Dataset_2,Left,SqueezeNet,234,19,42,6,7,0.8243,0.7308,0.875,0.7451,0.8934
Dataset_2,Left,SqueezeNet,235,13,40,12,9,0.7162,0.5909,0.7692,0.5532,0.7631
Dataset_2,Left,SqueezeNet,236,12,38,14,10,0.6757,0.5455,0.7308,0.5,0.7858
Dataset_2,Left,SqueezeNet,237,22,39,9,4,0.8243,0.8462,0.8125,0.7719,0.9159
Dataset_2,Left,SqueezeNet,238,21,39,9,5,0.8108,0.8077,0.8125,0.75,0.9135
Dataset_2,Left,SqueezeNet,239,23,37,9,5,0.8108,0.8214,0.8043,0.7667,0.8828
Dataset_2,Left,SqueezeNet,240,19,43,9,3,0.8378,0.8636,0.8269,0.76,0.9353
Dataset_2,Left,SqueezeNet,241,16,39,13,6,0.7432,0.7273,0.75,0.6275,0.7378
Dataset_2,Left,SqueezeNet,242,14,41,17,2,0.7432,0.875,0.7069,0.5957,0.8998
Dataset_2,Left,SqueezeNet,243,16,37,15,6,0.7162,0.7273,0.7115,0.6038,0.8628
Dataset_2,Left,SqueezeNet,244,14,37,20,3,0.6892,0.8235,0.6491,0.549,0.8473
Dataset_2,Left,SqueezeNet,245,27,35,7,5,0.8378,0.8438,0.8333,0.8182,0.8862
Dataset_2,Left,SqueezeNet,246,21,37,11,5,0.7838,0.8077,0.7708,0.7241,0.8774
Dataset_2,Left,SqueezeNet,247,18,38,13,5,0.7568,0.7826,0.7451,0.6667,0.873
Dataset_2,Left,SqueezeNet,248,27,31,13,3,0.7838,0.9,0.7045,0.7714,0.8871
Dataset_2,Left,SqueezeNet,249,17,44,11,2,0.8243,0.8947,0.8,0.7234,0.9167
Dataset_2,Left,SqueezeNet,250,17,33,18,6,0.6757,0.7391,0.6471,0.5862,0.8218
Dataset_2,Left,SqueezeNet,251,18,38,11,7,0.7568,0.72,0.7755,0.6667,0.8384
Dataset_2,Left,SqueezeNet,252,17,38,12,7,0.7432,0.7083,0.76,0.6415,0.7967
Dataset_2,Left,SqueezeNet,253,24,35,8,7,0.7973,0.7742,0.814,0.7619,0.8792
Dataset_2,Left,SqueezeNet,254,24,34,8,8,0.7838,0.75,0.8095,0.75,0.8333
Dataset_2,Left,SqueezeNet,255,22,36,7,9,0.7838,0.7097,0.8372,0.7333,0.877
Dataset_2,Left,SqueezeNet,256,23,36,13,2,0.7973,0.92,0.7347,0.7541,0.9453
Dataset_2,Left,SqueezeNet,257,13,40,17,4,0.7162,0.7647,0.7018,0.5532,0.8576
Dataset_2,Left,SqueezeNet,258,21,38,12,3,0.7973,0.875,0.76,0.7368,0.9067
Dataset_2,Left,SqueezeNet,259,20,39,12,3,0.7973,0.8696,0.7647,0.7273,0.902
Dataset_2,Left,SqueezeNet,260,17,37,15,5,0.7297,0.7727,0.7115,0.6296,0.8925
Dataset_2,Left,SqueezeNet,261,21,42,7,4,0.8514,0.84,0.8571,0.7925,0.9143
Dataset_2,Left,SqueezeNet,262,27,30,14,3,0.7703,0.9,0.6818,0.7606,0.8576
Dataset_2,Left,SqueezeNet,263,21,32,14,7,0.7162,0.75,0.6957,0.6667,0.8307
Dataset_2,Left,SqueezeNet,264,18,44,8,4,0.8378,0.8182,0.8462,0.75,0.924
Dataset_2,Left,SqueezeNet,265,22,41,8,3,0.8514,0.88,0.8367,0.8,0.942
Dataset_2,Left,SqueezeNet,266,21,36,10,7,0.7703,0.75,0.7826,0.7119,0.8742
Dataset_2,Left,SqueezeNet,267,24,35,9,6,0.7973,0.8,0.7955,0.7619,0.9038
Dataset_2,Left,SqueezeNet,268,27,36,7,4,0.8514,0.871,0.8372,0.8308,0.9257
Dataset_2,Left,SqueezeNet,269,19,40,11,4,0.7973,0.8261,0.7843,0.717,0.8772
Dataset_2,Left,SqueezeNet,270,24,33,12,5,0.7703,0.8276,0.7333,0.7385,0.8912
Dataset_2,Left,SqueezeNet,271,15,42,11,6,0.7703,0.7143,0.7925,0.6383,0.8607
Dataset_2,Left,SqueezeNet,272,15,39,10,10,0.7297,0.6,0.7959,0.6,0.862
Dataset_2,Left,SqueezeNet,273,22,33,14,5,0.7432,0.8148,0.7021,0.6984,0.7912
Dataset_2,Left,SqueezeNet,274,20,38,13,3,0.7838,0.8696,0.7451,0.7143,0.844
Dataset_2,Left,SqueezeNet,275,17,40,12,5,0.7703,0.7727,0.7692,0.6667,0.8636
Dataset_2,Left,SqueezeNet,276,24,31,13,6,0.7432,0.8,0.7045,0.7164,0.8735
Dataset_2,Left,SqueezeNet,277,22,29,19,4,0.6892,0.8462,0.6042,0.6567,0.8341
Dataset_2,Left,SqueezeNet,278,18,40,8,8,0.7838,0.6923,0.8333,0.6923,0.8381
Dataset_2,Left,SqueezeNet,279,23,32,17,2,0.7432,0.92,0.6531,0.7077,0.8678
Dataset_2,Left,SqueezeNet,280,22,33,14,5,0.7432,0.8148,0.7021,0.6984,0.8771
Dataset_2,Left,SqueezeNet,281,19,40,12,3,0.7973,0.8636,0.7692,0.717,0.8715
Dataset_2,Left,SqueezeNet,282,19,37,13,5,0.7568,0.7917,0.74,0.6786,0.8792
Dataset_2,Left,SqueezeNet,283,20,33,14,7,0.7162,0.7407,0.7021,0.6557,0.7951
Dataset_2,Left,SqueezeNet,284,20,37,12,5,0.7703,0.8,0.7551,0.7018,0.9176
Dataset_2,Left,SqueezeNet,285,21,40,10,3,0.8243,0.875,0.8,0.7636,0.9175
Dataset_2,Left,SqueezeNet,286,24,35,11,4,0.7973,0.8571,0.7609,0.7619,0.8781
Dataset_2,Left,SqueezeNet,287,26,37,7,4,0.8514,0.8667,0.8409,0.8254,0.8962
Dataset_2,Left,SqueezeNet,288,22,33,15,4,0.7432,0.8462,0.6875,0.6984,0.8654
Dataset_2,Left,SqueezeNet,289,13,40,17,4,0.7162,0.7647,0.7018,0.5532,0.8638
Dataset_2,Left,SqueezeNet,290,28,30,15,1,0.7838,0.9655,0.6667,0.7778,0.9287
Dataset_2,Left,SqueezeNet,291,25,35,14,0,0.8108,1.0,0.7143,0.7813,0.9216
Dataset_2,Left,SqueezeNet,292,21,35,13,5,0.7568,0.8077,0.7292,0.7,0.8862
Dataset_2,Left,SqueezeNet,293,25,27,10,12,0.7027,0.6757,0.7297,0.6944,0.8298
Dataset_2,Left,SqueezeNet,294,25,28,13,8,0.7162,0.7576,0.6829,0.7042,0.8352
Dataset_2,Left,SqueezeNet,295,24,33,15,2,0.7703,0.9231,0.6875,0.7385,0.9135
Dataset_2,Left,SqueezeNet,296,20,43,10,1,0.8514,0.9524,0.8113,0.7843,0.9254
Dataset_2,Left,SqueezeNet,297,25,32,12,5,0.7703,0.8333,0.7273,0.7463,0.8727
Dataset_2,Left,SqueezeNet,298,30,30,9,5,0.8108,0.8571,0.7692,0.8108,0.9114
Dataset_2,Left,SqueezeNet,299,23,35,13,3,0.7838,0.8846,0.7292,0.7419,0.8926
Dataset_2,Left,SqueezeNet,300,14,43,13,4,0.7703,0.7778,0.7679,0.6222,0.8839
Dataset_2,Left,SqueezeNet,301,23,24,17,10,0.6351,0.697,0.5854,0.6301,0.6896
Dataset_2,Left,SqueezeNet,302,14,35,14,11,0.6622,0.56,0.7143,0.5283,0.7771
Dataset_2,Left,SqueezeNet,303,32,24,14,4,0.7568,0.8889,0.6316,0.7805,0.8355
Dataset_2,Left,SqueezeNet,304,21,35,15,3,0.7568,0.875,0.7,0.7,0.8783
Dataset_2,Left,SqueezeNet,305,17,27,24,6,0.5946,0.7391,0.5294,0.5312,0.7528
Dataset_2,Left,SqueezeNet,306,23,35,13,3,0.7838,0.8846,0.7292,0.7419,0.8806
Dataset_2,Left,SqueezeNet,307,28,35,7,4,0.8514,0.875,0.8333,0.8358,0.9196
Dataset_2,Left,SqueezeNet,308,25,30,12,7,0.7432,0.7812,0.7143,0.7246,0.8542
Dataset_2,Left,SqueezeNet,309,20,34,11,9,0.7297,0.6897,0.7556,0.6667,0.7808
Dataset_2,Left,SqueezeNet,310,22,35,13,4,0.7703,0.8462,0.7292,0.7213,0.8726
Dataset_2,Left,SqueezeNet,311,17,34,15,8,0.6892,0.68,0.6939,0.5965,0.791
Dataset_2,Left,SqueezeNet,312,20,38,11,5,0.7838,0.8,0.7755,0.7143,0.8841
Dataset_2,Left,SqueezeNet,313,28,34,6,6,0.8378,0.8235,0.85,0.8235,0.886
Dataset_2,Left,SqueezeNet,314,16,44,9,5,0.8108,0.7619,0.8302,0.6957,0.8832
Dataset_2,Left,SqueezeNet,315,18,43,10,3,0.8243,0.8571,0.8113,0.7347,0.9048
Dataset_2,Left,SqueezeNet,316,22,34,12,6,0.7568,0.7857,0.7391,0.7097,0.8424
Dataset_2,Left,SqueezeNet,317,19,37,11,7,0.7568,0.7308,0.7708,0.6786,0.863
Dataset_2,Left,SqueezeNet,318,20,40,11,3,0.8108,0.8696,0.7843,0.7407,0.9165
Dataset_2,Left,SqueezeNet,319,18,40,12,4,0.7838,0.8182,0.7692,0.6923,0.8916
Dataset_2,Left,SqueezeNet,320,20,38,12,4,0.7838,0.8333,0.76,0.7143,0.865
Dataset_2,Left,SqueezeNet,321,26,34,7,7,0.8108,0.7879,0.8293,0.7879,0.9231
Dataset_2,Left,SqueezeNet,322,21,31,12,10,0.7027,0.6774,0.7209,0.6562,0.802
Dataset_2,Left,SqueezeNet,323,15,44,11,4,0.7973,0.7895,0.8,0.6667,0.8565
Dataset_2,Left,SqueezeNet,324,24,41,6,3,0.8784,0.8889,0.8723,0.8421,0.9283
Dataset_2,Left,SqueezeNet,325,15,35,17,7,0.6757,0.6818,0.6731,0.5556,0.7369
Dataset_2,Left,SqueezeNet,326,26,34,10,4,0.8108,0.8667,0.7727,0.7879,0.9212
Dataset_2,Left,SqueezeNet,327,20,39,10,5,0.7973,0.8,0.7959,0.7273,0.8784
Dataset_2,Left,SqueezeNet,328,25,30,15,4,0.7432,0.8621,0.6667,0.7246,0.9111
Dataset_2,Left,SqueezeNet,329,19,38,13,4,0.7703,0.8261,0.7451,0.6909,0.8627
Dataset_2,Left,SqueezeNet,330,23,36,12,3,0.7973,0.8846,0.75,0.7541,0.8582
Dataset_2,Left,SqueezeNet,331,20,36,15,3,0.7568,0.8696,0.7059,0.6897,0.9028
Dataset_2,Left,SqueezeNet,332,24,31,15,4,0.7432,0.8571,0.6739,0.7164,0.8307
Dataset_2,Left,SqueezeNet,333,21,36,12,5,0.7703,0.8077,0.75,0.7119,0.8726
Dataset_2,Left,SqueezeNet,334,19,38,10,7,0.7703,0.7308,0.7917,0.6909,0.8766
Dataset_2,Left,SqueezeNet,335,23,34,9,8,0.7703,0.7419,0.7907,0.7302,0.8732
Dataset_2,Left,SqueezeNet,336,20,40,13,1,0.8108,0.9524,0.7547,0.7407,0.9542
Dataset_2,Left,SqueezeNet,337,21,37,13,3,0.7838,0.875,0.74,0.7241,0.9025
Dataset_2,Left,SqueezeNet,338,21,41,8,4,0.8378,0.84,0.8367,0.7778,0.9437
Dataset_2,Left,SqueezeNet,339,21,41,10,2,0.8378,0.913,0.8039,0.7778,0.9446
Dataset_2,Left,SqueezeNet,340,16,40,13,5,0.7568,0.7619,0.7547,0.64,0.8014
Dataset_2,Left,SqueezeNet,341,21,33,12,8,0.7297,0.7241,0.7333,0.6774,0.8858
Dataset_2,Left,SqueezeNet,342,14,41,12,7,0.7432,0.6667,0.7736,0.5957,0.8419
Dataset_2,Left,SqueezeNet,343,17,37,18,2,0.7297,0.8947,0.6727,0.6296,0.8239
Dataset_2,Left,SqueezeNet,344,12,40,16,6,0.7027,0.6667,0.7143,0.5217,0.8185
Dataset_2,Left,SqueezeNet,345,19,40,11,4,0.7973,0.8261,0.7843,0.717,0.9139
Dataset_2,Left,SqueezeNet,346,26,30,16,2,0.7568,0.9286,0.6522,0.7429,0.8269
Dataset_2,Left,SqueezeNet,347,16,35,16,7,0.6892,0.6957,0.6863,0.5818,0.7937
Dataset_2,Left,SqueezeNet,348,27,34,10,3,0.8243,0.9,0.7727,0.806,0.8962
Dataset_2,Left,SqueezeNet,349,22,39,8,5,0.8243,0.8148,0.8298,0.7719,0.8944
Dataset_2,Left,SqueezeNet,350,22,33,14,5,0.7432,0.8148,0.7021,0.6984,0.8519
Dataset_2,Left,SqueezeNet,351,16,39,14,5,0.7432,0.7619,0.7358,0.6275,0.8311
Dataset_2,Left,SqueezeNet,352,13,44,13,4,0.7703,0.7647,0.7719,0.6047,0.9061
Dataset_2,Left,SqueezeNet,353,15,40,13,6,0.7432,0.7143,0.7547,0.6122,0.8437
Dataset_2,Left,SqueezeNet,354,19,31,18,6,0.6757,0.76,0.6327,0.6129,0.8
Dataset_2,Left,SqueezeNet,355,11,43,12,8,0.7297,0.5789,0.7818,0.5238,0.8067
Dataset_2,Left,SqueezeNet,356,27,35,10,2,0.8378,0.931,0.7778,0.8182,0.9655
Dataset_2,Left,SqueezeNet,357,26,27,10,11,0.7162,0.7027,0.7297,0.7123,0.8232
Dataset_2,Left,SqueezeNet,358,22,41,8,3,0.8514,0.88,0.8367,0.8,0.9167
Dataset_2,Left,SqueezeNet,359,21,41,7,5,0.8378,0.8077,0.8542,0.7778,0.8726
Dataset_2,Left,SqueezeNet,360,18,38,14,4,0.7568,0.8182,0.7308,0.6667,0.8357
Dataset_2,Left,SqueezeNet,361,20,34,13,7,0.7297,0.7407,0.7234,0.6667,0.8069
Dataset_2,Left,SqueezeNet,362,25,34,12,3,0.7973,0.8929,0.7391,0.7692,0.8913
Dataset_2,Left,SqueezeNet,363,20,38,13,3,0.7838,0.8696,0.7451,0.7143,0.9156
Dataset_2,Left,SqueezeNet,364,21,38,8,7,0.7973,0.75,0.8261,0.7368,0.8579
Dataset_2,Left,SqueezeNet,365,25,35,10,4,0.8108,0.8621,0.7778,0.7813,0.8973
Dataset_2,Left,SqueezeNet,366,15,46,9,4,0.8243,0.7895,0.8364,0.6977,0.8574
Dataset_2,Left,SqueezeNet,367,21,35,13,5,0.7568,0.8077,0.7292,0.7,0.8974
Dataset_2,Left,SqueezeNet,368,21,38,14,1,0.7973,0.9545,0.7308,0.7368,0.9414
Dataset_2,Left,SqueezeNet,369,15,43,11,5,0.7838,0.75,0.7963,0.6522,0.887
Dataset_2,Left,SqueezeNet,370,21,37,14,2,0.7838,0.913,0.7255,0.7241,0.8892
Dataset_2,Left,SqueezeNet,371,16,34,15,9,0.6757,0.64,0.6939,0.5714,0.7902
Dataset_2,Left,SqueezeNet,372,17,41,12,4,0.7838,0.8095,0.7736,0.68,0.8562
Dataset_2,Left,SqueezeNet,373,19,46,5,4,0.8784,0.8261,0.902,0.8085,0.9625
Dataset_2,Left,SqueezeNet,374,24,34,12,4,0.7838,0.8571,0.7391,0.75,0.8967
Dataset_2,Left,SqueezeNet,375,23,27,18,6,0.6757,0.7931,0.6,0.6571,0.7793
Dataset_2,Left,SqueezeNet,376,22,33,17,2,0.7432,0.9167,0.66,0.6984,0.9158
Dataset_2,Left,SqueezeNet,377,27,30,16,1,0.7703,0.9643,0.6522,0.7606,0.8696
Dataset_2,Left,SqueezeNet,378,31,28,13,2,0.7973,0.9394,0.6829,0.8052,0.9076
Dataset_2,Left,SqueezeNet,379,15,46,10,3,0.8243,0.8333,0.8214,0.6977,0.8919
Dataset_2,Left,SqueezeNet,380,26,39,5,4,0.8784,0.8667,0.8864,0.8525,0.9311
Dataset_2,Left,SqueezeNet,381,19,40,11,4,0.7973,0.8261,0.7843,0.717,0.9139
Dataset_2,Left,SqueezeNet,382,21,37,13,3,0.7838,0.875,0.74,0.7241,0.9342
Dataset_2,Left,SqueezeNet,383,16,39,13,6,0.7432,0.7273,0.75,0.6275,0.833
Dataset_2,Left,SqueezeNet,384,21,35,15,3,0.7568,0.875,0.7,0.7,0.8883
Dataset_2,Left,SqueezeNet,385,23,33,13,5,0.7568,0.8214,0.7174,0.7187,0.8385
Dataset_2,Left,SqueezeNet,386,22,36,12,4,0.7838,0.8462,0.75,0.7333,0.8798
Dataset_2,Left,SqueezeNet,387,21,38,10,5,0.7973,0.8077,0.7917,0.7368,0.871
Dataset_2,Left,SqueezeNet,388,24,38,7,5,0.8378,0.8276,0.8444,0.8,0.9142
Dataset_2,Left,SqueezeNet,389,21,39,11,3,0.8108,0.875,0.78,0.75,0.8917
Dataset_2,Left,SqueezeNet,390,21,36,12,5,0.7703,0.8077,0.75,0.7119,0.8678
Dataset_2,Left,SqueezeNet,391,17,32,18,7,0.6622,0.7083,0.64,0.5763,0.7483
Dataset_2,Left,SqueezeNet,392,18,39,14,3,0.7703,0.8571,0.7358,0.6792,0.9119
Dataset_2,Left,SqueezeNet,393,18,41,11,4,0.7973,0.8182,0.7885,0.7059,0.882
Dataset_2,Left,SqueezeNet,394,21,35,15,3,0.7568,0.875,0.7,0.7,0.88
Dataset_2,Left,SqueezeNet,395,24,33,13,4,0.7703,0.8571,0.7174,0.7385,0.8758
Dataset_2,Left,SqueezeNet,396,17,36,18,3,0.7162,0.85,0.6667,0.6182,0.9111
Dataset_2,Left,SqueezeNet,397,19,32,16,7,0.6892,0.7308,0.6667,0.623,0.8381
Dataset_2,Left,SqueezeNet,398,23,33,11,7,0.7568,0.7667,0.75,0.7188,0.8258
Dataset_2,Left,SqueezeNet,399,17,42,14,1,0.7973,0.9444,0.75,0.6939,0.8948
Dataset_2,Left,SqueezeNet,400,21,40,11,2,0.8243,0.913,0.7843,0.7636,0.9079
Dataset_2,Left,SqueezeNet,401,21,38,13,2,0.7973,0.913,0.7451,0.7368,0.8841
Dataset_2,Left,SqueezeNet,402,25,35,10,4,0.8108,0.8621,0.7778,0.7813,0.9111
Dataset_2,Left,SqueezeNet,403,18,39,14,3,0.7703,0.8571,0.7358,0.6792,0.8248
Dataset_2,Left,SqueezeNet,404,25,32,14,3,0.7703,0.8929,0.6957,0.7463,0.9022
Dataset_2,Left,SqueezeNet,405,23,34,11,6,0.7703,0.7931,0.7556,0.7302,0.8789
Dataset_2,Left,SqueezeNet,406,13,45,11,5,0.7838,0.7222,0.8036,0.619,0.878
Dataset_2,Left,SqueezeNet,407,19,35,14,6,0.7297,0.76,0.7143,0.6552,0.8245
Dataset_2,Left,SqueezeNet,408,27,34,10,3,0.8243,0.9,0.7727,0.806,0.9159
Dataset_2,Left,SqueezeNet,409,19,41,13,1,0.8108,0.95,0.7593,0.7308,0.9296
Dataset_2,Left,SqueezeNet,410,24,32,11,7,0.7568,0.7742,0.7442,0.7273,0.874
Dataset_2,Left,SqueezeNet,411,21,31,15,7,0.7027,0.75,0.6739,0.6562,0.7958
Dataset_2,Left,SqueezeNet,412,21,33,14,6,0.7297,0.7778,0.7021,0.6774,0.7943
Dataset_2,Left,SqueezeNet,413,22,32,17,3,0.7297,0.88,0.6531,0.6875,0.8612
Dataset_2,Left,SqueezeNet,414,22,39,6,7,0.8243,0.7586,0.8667,0.7719,0.895
Dataset_2,Left,SqueezeNet,415,23,36,12,3,0.7973,0.8846,0.75,0.7541,0.9215
Dataset_2,Left,SqueezeNet,416,13,42,16,3,0.7432,0.8125,0.7241,0.5778,0.8448
Dataset_2,Left,SqueezeNet,417,22,38,10,4,0.8108,0.8462,0.7917,0.7586,0.9095
Dataset_2,Left,SqueezeNet,418,18,39,10,7,0.7703,0.72,0.7959,0.6792,0.8678
Dataset_2,Left,SqueezeNet,419,15,43,11,5,0.7838,0.75,0.7963,0.6522,0.862
Dataset_2,Left,SqueezeNet,420,20,38,9,7,0.7838,0.7407,0.8085,0.7143,0.8755
Dataset_2,Left,SqueezeNet,421,19,37,15,3,0.7568,0.8636,0.7115,0.6786,0.8488
Dataset_2,Left,SqueezeNet,422,23,35,8,8,0.7838,0.7419,0.814,0.7419,0.8845
Dataset_2,Left,SqueezeNet,423,19,32,19,4,0.6892,0.8261,0.6275,0.623,0.8278
Dataset_2,Left,SqueezeNet,424,25,34,7,8,0.7973,0.7576,0.8293,0.7692,0.8655
Dataset_2,Left,SqueezeNet,425,21,38,10,5,0.7973,0.8077,0.7917,0.7368,0.8894
Dataset_2,Left,SqueezeNet,426,24,34,8,8,0.7838,0.75,0.8095,0.75,0.8415
Dataset_2,Left,SqueezeNet,427,24,33,9,8,0.7703,0.75,0.7857,0.7385,0.8363
Dataset_2,Left,SqueezeNet,428,31,37,4,2,0.9189,0.9394,0.9024,0.9118,0.969
Dataset_2,Left,SqueezeNet,429,19,38,16,1,0.7703,0.95,0.7037,0.6909,0.9056
Dataset_2,Left,SqueezeNet,430,10,44,14,6,0.7297,0.625,0.7586,0.5,0.8308
Dataset_2,Left,SqueezeNet,431,25,29,12,8,0.7297,0.7576,0.7073,0.7143,0.8219
Dataset_2,Left,SqueezeNet,432,20,38,11,5,0.7838,0.8,0.7755,0.7143,0.8824
Dataset_2,Left,SqueezeNet,433,27,36,9,2,0.8514,0.931,0.8,0.8308,0.9257
Dataset_2,Left,SqueezeNet,434,23,34,12,5,0.7703,0.8214,0.7391,0.7302,0.875
Dataset_2,Left,SqueezeNet,435,22,35,13,4,0.7703,0.8462,0.7292,0.7213,0.9014
Dataset_2,Left,SqueezeNet,436,17,39,14,4,0.7568,0.8095,0.7358,0.6538,0.8571
Dataset_2,Left,SqueezeNet,437,16,41,12,5,0.7703,0.7619,0.7736,0.6531,0.8553
Dataset_2,Left,SqueezeNet,438,28,31,7,8,0.7973,0.7778,0.8158,0.7887,0.9115
Dataset_2,Left,SqueezeNet,439,19,32,19,4,0.6892,0.8261,0.6275,0.623,0.8338
Dataset_2,Left,SqueezeNet,440,26,34,10,4,0.8108,0.8667,0.7727,0.7879,0.9038
Dataset_2,Left,SqueezeNet,441,23,36,9,6,0.7973,0.7931,0.8,0.7541,0.892
Dataset_2,Left,SqueezeNet,442,22,34,11,7,0.7568,0.7586,0.7556,0.7097,0.8705
Dataset_2,Left,SqueezeNet,443,18,36,17,3,0.7297,0.8571,0.6792,0.6429,0.8473
Dataset_2,Left,SqueezeNet,444,26,36,10,2,0.8378,0.9286,0.7826,0.8125,0.9084
Dataset_2,Left,SqueezeNet,445,16,42,14,2,0.7838,0.8889,0.75,0.6667,0.8958
Dataset_2,Left,SqueezeNet,446,21,35,14,4,0.7568,0.84,0.7143,0.7,0.8547
Dataset_2,Left,SqueezeNet,447,16,41,13,4,0.7703,0.8,0.7593,0.6531,0.8481
Dataset_2,Left,SqueezeNet,448,25,38,8,3,0.8514,0.8929,0.8261,0.8197,0.8727
Dataset_2,Left,SqueezeNet,449,27,34,8,5,0.8243,0.8438,0.8095,0.806,0.8795
Dataset_2,Left,SqueezeNet,450,17,40,13,4,0.7703,0.8095,0.7547,0.6667,0.858
Dataset_2,Left,SqueezeNet,451,22,29,20,3,0.6892,0.88,0.5918,0.6567,0.8669
Dataset_2,Left,SqueezeNet,452,22,37,11,4,0.7973,0.8462,0.7708,0.7458,0.9071
Dataset_2,Left,SqueezeNet,453,18,43,11,2,0.8243,0.9,0.7963,0.7347,0.9093
Dataset_2,Left,SqueezeNet,454,19,35,13,7,0.7297,0.7308,0.7292,0.6552,0.8405
Dataset_2,Left,SqueezeNet,455,15,34,20,5,0.6622,0.75,0.6296,0.5455,0.8407
Dataset_2,Left,SqueezeNet,456,27,32,7,8,0.7973,0.7714,0.8205,0.7826,0.9033
Dataset_2,Left,SqueezeNet,457,18,35,15,6,0.7162,0.75,0.7,0.6316,0.8383
Dataset_2,Left,SqueezeNet,458,20,39,10,5,0.7973,0.8,0.7959,0.7273,0.8767
Dataset_2,Left,SqueezeNet,459,18,32,20,4,0.6757,0.8182,0.6154,0.6,0.8033
Dataset_2,Left,SqueezeNet,460,25,29,17,3,0.7297,0.8929,0.6304,0.7143,0.8874
Dataset_2,Left,SqueezeNet,461,20,37,9,8,0.7703,0.7143,0.8043,0.7018,0.8051
Dataset_2,Left,SqueezeNet,462,23,33,13,5,0.7568,0.8214,0.7174,0.7187,0.8696
Dataset_2,Left,SqueezeNet,463,19,31,18,6,0.6757,0.76,0.6327,0.6129,0.8
Dataset_2,Left,SqueezeNet,464,21,36,10,7,0.7703,0.75,0.7826,0.7119,0.8354
Dataset_2,Left,SqueezeNet,465,20,29,16,9,0.6622,0.6897,0.6444,0.6154,0.7433
Dataset_2,Left,SqueezeNet,466,21,32,15,6,0.7162,0.7778,0.6809,0.6667,0.7983
Dataset_2,Left,SqueezeNet,467,23,29,15,7,0.7027,0.7667,0.6591,0.6765,0.8508
Dataset_2,Left,SqueezeNet,468,10,45,12,7,0.7432,0.5882,0.7895,0.5128,0.7637
Dataset_2,Left,SqueezeNet,469,25,35,13,1,0.8108,0.9615,0.7292,0.7812,0.9014
Dataset_2,Left,SqueezeNet,470,17,39,10,8,0.7568,0.68,0.7959,0.6538,0.8629
Dataset_2,Left,SqueezeNet,471,27,31,10,6,0.7838,0.8182,0.7561,0.7714,0.8877
Dataset_2,Left,SqueezeNet,472,26,39,8,1,0.8784,0.963,0.8298,0.8525,0.9559
Dataset_2,Left,SqueezeNet,473,23,38,11,2,0.8243,0.92,0.7755,0.7797,0.9453
Dataset_2,Left,SqueezeNet,474,25,29,13,7,0.7297,0.7812,0.6905,0.7143,0.843
Dataset_2,Left,SqueezeNet,475,21,29,16,8,0.6757,0.7241,0.6444,0.6364,0.8383
Dataset_2,Left,SqueezeNet,476,17,40,14,3,0.7703,0.85,0.7407,0.6667,0.9185
Dataset_2,Left,SqueezeNet,477,19,40,7,8,0.7973,0.7037,0.8511,0.717,0.855
Dataset_2,Left,SqueezeNet,478,21,36,13,4,0.7703,0.84,0.7347,0.7119,0.898
Dataset_2,Left,SqueezeNet,479,25,36,6,7,0.8243,0.7812,0.8571,0.7937,0.907
Dataset_2,Left,SqueezeNet,480,28,28,12,6,0.7568,0.8235,0.7,0.7568,0.8809
Dataset_2,Left,SqueezeNet,481,18,35,12,9,0.7162,0.6667,0.7447,0.6316,0.8298
Dataset_2,Left,SqueezeNet,482,21,41,7,5,0.8378,0.8077,0.8542,0.7778,0.8686
Dataset_2,Left,SqueezeNet,483,24,29,14,7,0.7162,0.7742,0.6744,0.6957,0.8545
Dataset_2,Left,SqueezeNet,484,18,33,16,7,0.6892,0.72,0.6735,0.6102,0.7494
Dataset_2,Left,SqueezeNet,485,25,34,12,3,0.7973,0.8929,0.7391,0.7692,0.9193
Dataset_2,Left,SqueezeNet,486,21,34,13,6,0.7432,0.7778,0.7234,0.6885,0.8282
Dataset_2,Left,SqueezeNet,487,21,33,14,6,0.7297,0.7778,0.7021,0.6774,0.8385
Dataset_2,Left,SqueezeNet,488,25,31,13,5,0.7568,0.8333,0.7045,0.7353,0.8394
Dataset_2,Left,SqueezeNet,489,19,39,11,5,0.7838,0.7917,0.78,0.7037,0.8725
Dataset_2,Left,SqueezeNet,490,21,38,10,5,0.7973,0.8077,0.7917,0.7368,0.8758
Dataset_2,Left,SqueezeNet,491,23,31,13,7,0.7297,0.7667,0.7045,0.697,0.8924
Dataset_2,Left,SqueezeNet,492,18,34,15,7,0.7027,0.72,0.6939,0.6207,0.8261
Dataset_2,Left,SqueezeNet,493,16,42,13,3,0.7838,0.8421,0.7636,0.6667,0.8335
Dataset_2,Left,SqueezeNet,494,20,38,14,2,0.7838,0.9091,0.7308,0.7143,0.9091
Dataset_2,Left,SqueezeNet,495,17,32,20,5,0.6622,0.7727,0.6154,0.5763,0.8497
Dataset_2,Left,SqueezeNet,496,25,33,12,4,0.7838,0.8621,0.7333,0.7576,0.895
Dataset_2,Left,SqueezeNet,497,23,39,8,4,0.8378,0.8519,0.8298,0.7931,0.9078
Dataset_2,Left,SqueezeNet,498,16,40,12,6,0.7568,0.7273,0.7692,0.64,0.8706
Dataset_2,Left,SqueezeNet,499,22,30,17,5,0.7027,0.8148,0.6383,0.6667,0.7943
Dataset_2,Left,SqueezeNet,500,20,39,12,3,0.7973,0.8696,0.7647,0.7273,0.9139
Dataset_2,Left,SqueezeNet,501,18,33,16,7,0.6892,0.72,0.6735,0.6102,0.8171
Dataset_2,Left,SqueezeNet,502,18,42,8,6,0.8108,0.75,0.84,0.72,0.9183
Dataset_2,Left,SqueezeNet,503,19,43,6,6,0.8378,0.76,0.8776,0.76,0.9053
Dataset_2,Left,SqueezeNet,504,21,38,6,9,0.7973,0.7,0.8636,0.7368,0.903
Dataset_2,Left,SqueezeNet,505,19,38,13,4,0.7703,0.8261,0.7451,0.6909,0.821
Dataset_2,Left,SqueezeNet,506,28,37,7,2,0.8784,0.9333,0.8409,0.8615,0.9561
Dataset_2,Left,SqueezeNet,507,22,27,18,7,0.6622,0.7586,0.6,0.6377,0.8023
Dataset_2,Left,SqueezeNet,508,22,35,11,6,0.7703,0.7857,0.7609,0.7213,0.8207
Dataset_2,Left,SqueezeNet,509,21,36,12,5,0.7703,0.8077,0.75,0.7119,0.8558
Dataset_2,Left,SqueezeNet,510,19,42,7,6,0.8243,0.76,0.8571,0.7451,0.9004
Dataset_2,Left,SqueezeNet,511,20,38,15,1,0.7838,0.9524,0.717,0.7143,0.8994
Dataset_2,Left,SqueezeNet,512,22,37,13,2,0.7973,0.9167,0.74,0.7458,0.9175
Dataset_2,Left,SqueezeNet,513,24,33,12,5,0.7703,0.8276,0.7333,0.7385,0.8866
Dataset_2,Left,SqueezeNet,514,22,36,11,5,0.7838,0.8148,0.766,0.7333,0.9023
Dataset_2,Left,SqueezeNet,515,17,38,13,6,0.7432,0.7391,0.7451,0.6415,0.8414
Dataset_2,Left,SqueezeNet,516,19,39,8,8,0.7838,0.7037,0.8298,0.7037,0.8542
Dataset_2,Left,SqueezeNet,517,18,38,15,3,0.7568,0.8571,0.717,0.6667,0.8446
Dataset_2,Left,SqueezeNet,518,25,35,10,4,0.8108,0.8621,0.7778,0.7813,0.8766
Dataset_2,Left,SqueezeNet,519,19,39,11,5,0.7838,0.7917,0.78,0.7037,0.8292
Dataset_2,Left,SqueezeNet,520,18,34,14,8,0.7027,0.6923,0.7083,0.6207,0.8446
Dataset_2,Left,SqueezeNet,521,20,37,14,3,0.7703,0.8696,0.7255,0.7018,0.8866
Dataset_2,Left,SqueezeNet,522,22,33,13,6,0.7432,0.7857,0.7174,0.6984,0.8711
Dataset_2,Left,SqueezeNet,523,19,44,7,4,0.8514,0.8261,0.8627,0.7755,0.8806
Dataset_2,Left,SqueezeNet,524,19,40,8,7,0.7973,0.7308,0.8333,0.717,0.8982
Dataset_2,Left,SqueezeNet,525,24,33,13,4,0.7703,0.8571,0.7174,0.7385,0.868
Dataset_2,Left,SqueezeNet,526,23,36,11,4,0.7973,0.8519,0.766,0.7541,0.8881
Dataset_2,Left,SqueezeNet,527,14,38,18,4,0.7027,0.7778,0.6786,0.56,0.8175
Dataset_2,Left,SqueezeNet,528,23,36,12,3,0.7973,0.8846,0.75,0.7541,0.879
Dataset_2,Left,SqueezeNet,529,27,32,11,4,0.7973,0.871,0.7442,0.7826,0.8875
Dataset_2,Left,SqueezeNet,530,23,33,14,4,0.7568,0.8519,0.7021,0.7187,0.8999
Dataset_2,Left,SqueezeNet,531,19,38,14,3,0.7703,0.8636,0.7308,0.6909,0.8566
Dataset_2,Left,SqueezeNet,532,19,41,8,6,0.8108,0.76,0.8367,0.7308,0.9078
Dataset_2,Left,SqueezeNet,533,17,32,18,7,0.6622,0.7083,0.64,0.5763,0.8258
Dataset_2,Left,SqueezeNet,534,17,36,17,4,0.7162,0.8095,0.6792,0.6182,0.8518
Dataset_2,Left,SqueezeNet,535,20,40,8,6,0.8108,0.7692,0.8333,0.7407,0.9014
Dataset_2,Left,SqueezeNet,536,24,30,14,6,0.7297,0.8,0.6818,0.7059,0.8538
Dataset_2,Left,SqueezeNet,537,20,38,9,7,0.7838,0.7407,0.8085,0.7143,0.8432
Dataset_2,Left,SqueezeNet,538,21,41,9,3,0.8378,0.875,0.82,0.7778,0.8892
Dataset_2,Left,SqueezeNet,539,19,35,15,5,0.7297,0.7917,0.7,0.6552,0.8633
Dataset_2,Left,SqueezeNet,540,18,39,13,4,0.7703,0.8182,0.75,0.6792,0.8575
Dataset_2,Left,SqueezeNet,541,16,47,7,4,0.8514,0.8,0.8704,0.7442,0.9213
Dataset_2,Left,SqueezeNet,542,16,36,14,8,0.7027,0.6667,0.72,0.5926,0.7517
Dataset_2,Left,SqueezeNet,543,21,31,17,5,0.7027,0.8077,0.6458,0.6563,0.8245
Dataset_2,Left,SqueezeNet,544,14,42,12,6,0.7568,0.7,0.7778,0.6087,0.8361
Dataset_2,Left,SqueezeNet,545,20,35,15,4,0.7432,0.8333,0.7,0.678,0.825
Dataset_2,Left,SqueezeNet,546,25,34,11,4,0.7973,0.8621,0.7556,0.7692,0.892
Dataset_2,Left,SqueezeNet,547,22,31,19,2,0.7162,0.9167,0.62,0.6769,0.8808
Dataset_2,Left,SqueezeNet,548,25,32,10,7,0.7703,0.7812,0.7619,0.7463,0.8616
Dataset_2,Left,SqueezeNet,549,26,31,8,9,0.7703,0.7429,0.7949,0.7536,0.8212
Dataset_2,Left,SqueezeNet,550,20,39,12,3,0.7973,0.8696,0.7647,0.7273,0.9071
Dataset_2,Left,SqueezeNet,551,17,40,12,5,0.7703,0.7727,0.7692,0.6667,0.8558
Dataset_2,Left,SqueezeNet,552,15,34,17,8,0.6622,0.6522,0.6667,0.5455,0.7852
Dataset_2,Left,SqueezeNet,553,15,43,13,3,0.7838,0.8333,0.7679,0.6522,0.8532
Dataset_2,Left,SqueezeNet,554,15,41,12,6,0.7568,0.7143,0.7736,0.625,0.8634
Dataset_2,Left,SqueezeNet,555,20,36,15,3,0.7568,0.8696,0.7059,0.6897,0.8849
Dataset_2,Left,SqueezeNet,556,23,38,9,4,0.8243,0.8519,0.8085,0.7797,0.9125
Dataset_2,Left,SqueezeNet,557,21,31,15,7,0.7027,0.75,0.6739,0.6562,0.8191
Dataset_2,Left,SqueezeNet,558,20,40,10,4,0.8108,0.8333,0.8,0.7407,0.9083
Dataset_2,Left,SqueezeNet,559,19,35,16,4,0.7297,0.8261,0.6863,0.6552,0.8423
Dataset_2,Left,SqueezeNet,560,14,30,24,6,0.5946,0.7,0.5556,0.4828,0.7481
Dataset_2,Left,SqueezeNet,561,21,42,8,3,0.8514,0.875,0.84,0.7925,0.9458
Dataset_2,Left,SqueezeNet,562,19,32,16,7,0.6892,0.7308,0.6667,0.623,0.7428
Dataset_2,Left,SqueezeNet,563,17,38,14,5,0.7432,0.7727,0.7308,0.6415,0.8636
Dataset_2,Left,SqueezeNet,564,23,32,15,4,0.7432,0.8519,0.6809,0.7077,0.8645
Dataset_2,Left,SqueezeNet,565,23,32,15,4,0.7432,0.8519,0.6809,0.7077,0.8786
Dataset_2,Left,SqueezeNet,566,19,37,18,0,0.7568,1.0,0.6727,0.6786,0.9349
Dataset_2,Left,SqueezeNet,567,19,32,13,10,0.6892,0.6552,0.7111,0.623,0.8054
Dataset_2,Left,SqueezeNet,568,19,34,15,6,0.7162,0.76,0.6939,0.6441,0.791
Dataset_2,Left,SqueezeNet,569,21,33,11,9,0.7297,0.7,0.75,0.6774,0.8129
Dataset_2,Left,SqueezeNet,570,23,29,15,7,0.7027,0.7667,0.6591,0.6765,0.8144
Dataset_2,Left,SqueezeNet,571,25,39,9,1,0.8649,0.9615,0.8125,0.8333,0.9343
Dataset_2,Left,SqueezeNet,572,24,34,12,4,0.7838,0.8571,0.7391,0.75,0.8843
Dataset_2,Left,SqueezeNet,573,23,37,11,3,0.8108,0.8846,0.7708,0.7667,0.867
Dataset_2,Left,SqueezeNet,574,28,34,8,4,0.8378,0.875,0.8095,0.8235,0.8854
Dataset_2,Left,SqueezeNet,575,25,33,12,4,0.7838,0.8621,0.7333,0.7576,0.8935
Dataset_2,Left,SqueezeNet,576,19,30,18,7,0.6622,0.7308,0.625,0.6032,0.8389
Dataset_2,Left,SqueezeNet,577,22,33,14,5,0.7432,0.8148,0.7021,0.6984,0.8621
Dataset_2,Left,SqueezeNet,578,18,39,12,5,0.7703,0.7826,0.7647,0.6792,0.8875
Dataset_2,Left,SqueezeNet,579,23,34,11,6,0.7703,0.7931,0.7556,0.7302,0.8621
Dataset_2,Left,SqueezeNet,580,19,36,13,6,0.7432,0.76,0.7347,0.6667,0.8735
Dataset_2,Left,SqueezeNet,581,23,28,14,9,0.6892,0.7188,0.6667,0.6667,0.8289
Dataset_2,Left,SqueezeNet,582,20,33,15,6,0.7162,0.7692,0.6875,0.6557,0.8317
Dataset_2,Left,SqueezeNet,583,22,34,14,4,0.7568,0.8462,0.7083,0.7097,0.8766
Dataset_2,Left,SqueezeNet,584,23,33,12,6,0.7568,0.7931,0.7333,0.7188,0.8536
Dataset_2,Left,SqueezeNet,585,18,34,18,4,0.7027,0.8182,0.6538,0.6207,0.7762
Dataset_2,Left,SqueezeNet,586,16,42,13,3,0.7838,0.8421,0.7636,0.6667,0.8297
Dataset_2,Left,SqueezeNet,587,19,45,6,4,0.8649,0.8261,0.8824,0.7917,0.9165
Dataset_2,Left,SqueezeNet,588,22,35,7,10,0.7703,0.6875,0.8333,0.7213,0.8341
Dataset_2,Left,SqueezeNet,589,19,38,13,4,0.7703,0.8261,0.7451,0.6909,0.8576
Dataset_2,Left,SqueezeNet,590,19,31,21,3,0.6757,0.8636,0.5962,0.6129,0.833
Dataset_2,Left,SqueezeNet,591,21,43,6,4,0.8649,0.84,0.8776,0.8077,0.9306
Dataset_2,Left,SqueezeNet,592,25,39,7,3,0.8649,0.8929,0.8478,0.8333,0.9464
Dataset_2,Left,SqueezeNet,593,19,39,10,6,0.7838,0.76,0.7959,0.7037,0.858
Dataset_2,Left,SqueezeNet,594,20,33,11,10,0.7162,0.6667,0.75,0.6557,0.8583
Dataset_2,Left,SqueezeNet,595,17,40,11,6,0.7703,0.7391,0.7843,0.6667,0.8278
Dataset_2,Left,SqueezeNet,596,18,39,13,4,0.7703,0.8182,0.75,0.6792,0.8785
Dataset_2,Left,SqueezeNet,597,24,34,11,5,0.7838,0.8276,0.7556,0.75,0.8835
Dataset_2,Left,SqueezeNet,598,16,41,12,5,0.7703,0.7619,0.7736,0.6531,0.832
Dataset_2,Left,SqueezeNet,599,16,40,16,2,0.7568,0.8889,0.7143,0.64,0.9206
Dataset_2,Left,SqueezeNet,600,27,20,20,7,0.6351,0.7941,0.5,0.6667,0.736
Dataset_2,Left,SqueezeNet,601,17,37,14,6,0.7297,0.7391,0.7255,0.6296,0.867
Dataset_2,Left,SqueezeNet,602,24,30,17,3,0.7297,0.8889,0.6383,0.7059,0.8385
Dataset_2,Left,SqueezeNet,603,16,40,11,7,0.7568,0.6957,0.7843,0.64,0.8252
Dataset_2,Left,SqueezeNet,604,19,34,16,5,0.7162,0.7917,0.68,0.6441,0.84
Dataset_2,Left,SqueezeNet,605,18,40,9,7,0.7838,0.72,0.8163,0.6923,0.8612
Dataset_2,Left,SqueezeNet,606,19,38,13,4,0.7703,0.8261,0.7451,0.6909,0.8764
Dataset_2,Left,SqueezeNet,607,24,34,12,4,0.7838,0.8571,0.7391,0.75,0.8797
Dataset_2,Left,SqueezeNet,608,20,33,16,5,0.7162,0.8,0.6735,0.6557,0.8678
Dataset_2,Left,SqueezeNet,609,26,32,8,8,0.7838,0.7647,0.8,0.7647,0.8691
Dataset_2,Left,SqueezeNet,610,17,42,13,2,0.7973,0.8947,0.7636,0.6939,0.8967
Dataset_2,Left,SqueezeNet,611,19,38,15,2,0.7703,0.9048,0.717,0.6909,0.9003
Dataset_2,Left,SqueezeNet,612,16,36,15,7,0.7027,0.6957,0.7059,0.5926,0.8099
Dataset_2,Left,SqueezeNet,613,16,50,7,1,0.8919,0.9412,0.8772,0.8,0.9505
Dataset_2,Left,SqueezeNet,614,24,37,9,4,0.8243,0.8571,0.8043,0.7869,0.9433
Dataset_2,Left,SqueezeNet,615,24,29,13,8,0.7162,0.75,0.6905,0.6957,0.7954
Dataset_2,Left,SqueezeNet,616,21,41,9,3,0.8378,0.875,0.82,0.7778,0.9242
Dataset_2,Left,SqueezeNet,617,25,37,8,4,0.8378,0.8621,0.8222,0.8065,0.8789
Dataset_2,Left,SqueezeNet,618,19,39,11,5,0.7838,0.7917,0.78,0.7037,0.8817
Dataset_2,Left,SqueezeNet,619,23,33,13,5,0.7568,0.8214,0.7174,0.7187,0.8315
Dataset_2,Left,SqueezeNet,620,24,29,16,5,0.7162,0.8276,0.6444,0.6957,0.8375
Dataset_2,Left,SqueezeNet,621,27,35,9,3,0.8378,0.9,0.7955,0.8182,0.9311
Dataset_2,Left,SqueezeNet,622,21,37,11,5,0.7838,0.8077,0.7708,0.7241,0.8429
Dataset_2,Left,SqueezeNet,623,19,37,12,6,0.7568,0.76,0.7551,0.6786,0.8424
Dataset_2,Left,SqueezeNet,624,22,38,10,4,0.8108,0.8462,0.7917,0.7586,0.8734
Dataset_2,Left,SqueezeNet,625,26,34,8,6,0.8108,0.8125,0.8095,0.7879,0.8973
Dataset_2,Left,SqueezeNet,626,20,39,10,5,0.7973,0.8,0.7959,0.7273,0.8612
Dataset_2,Left,SqueezeNet,627,21,33,16,4,0.7297,0.84,0.6735,0.6774,0.8384
Dataset_2,Left,SqueezeNet,628,20,39,7,8,0.7973,0.7143,0.8478,0.7273,0.8005
Dataset_2,Left,SqueezeNet,629,19,41,8,6,0.8108,0.76,0.8367,0.7308,0.8931
Dataset_2,Left,SqueezeNet,630,24,31,14,5,0.7432,0.8276,0.6889,0.7164,0.8222
Dataset_2,Left,SqueezeNet,631,18,38,16,2,0.7568,0.9,0.7037,0.6667,0.8981
Dataset_2,Left,SqueezeNet,632,21,40,10,3,0.8243,0.875,0.8,0.7636,0.8875
Dataset_2,Left,SqueezeNet,633,21,32,13,8,0.7162,0.7241,0.7111,0.6667,0.7931
Dataset_2,Left,SqueezeNet,634,22,33,14,5,0.7432,0.8148,0.7021,0.6984,0.8408
Dataset_2,Left,SqueezeNet,635,20,40,9,5,0.8108,0.8,0.8163,0.7407,0.8988
Dataset_2,Left,SqueezeNet,636,30,32,8,4,0.8378,0.8824,0.8,0.8333,0.9103
Dataset_2,Left,SqueezeNet,637,19,41,13,1,0.8108,0.95,0.7593,0.7308,0.8796
Dataset_2,Left,SqueezeNet,638,20,35,16,3,0.7432,0.8696,0.6863,0.678,0.8355
Dataset_2,Left,SqueezeNet,639,18,42,12,2,0.8108,0.9,0.7778,0.72,0.9583
Dataset_2,Left,SqueezeNet,640,19,39,10,6,0.7838,0.76,0.7959,0.7037,0.8122
Dataset_2,Left,SqueezeNet,641,16,45,10,3,0.8243,0.8421,0.8182,0.7111,0.8785
Dataset_2,Left,SqueezeNet,642,21,37,8,8,0.7838,0.7241,0.8222,0.7241,0.8644
Dataset_2,Left,SqueezeNet,643,25,34,11,4,0.7973,0.8621,0.7556,0.7692,0.9004
Dataset_2,Left,SqueezeNet,644,22,33,10,9,0.7432,0.7097,0.7674,0.6984,0.8627
Dataset_2,Left,SqueezeNet,645,17,35,18,4,0.7027,0.8095,0.6604,0.6071,0.8059
Dataset_2,Left,SqueezeNet,646,22,36,12,4,0.7838,0.8462,0.75,0.7333,0.855
Dataset_2,Left,SqueezeNet,647,23,37,9,5,0.8108,0.8214,0.8043,0.7667,0.9022
Dataset_2,Left,SqueezeNet,648,18,31,19,6,0.6622,0.75,0.62,0.5902,0.8208
Dataset_2,Left,SqueezeNet,649,14,49,6,5,0.8514,0.7368,0.8909,0.7179,0.8852
Dataset_2,Left,SqueezeNet,650,14,38,17,5,0.7027,0.7368,0.6909,0.56,0.8354
Dataset_2,Left,SqueezeNet,651,20,37,15,2,0.7703,0.9091,0.7115,0.7018,0.9231
Dataset_2,Left,SqueezeNet,652,33,27,12,2,0.8108,0.9429,0.6923,0.825,0.9348
Dataset_2,Left,SqueezeNet,653,18,46,6,4,0.8649,0.8182,0.8846,0.7826,0.9152
Dataset_2,Left,SqueezeNet,654,21,39,6,8,0.8108,0.7241,0.8667,0.75,0.8375
Dataset_2,Left,SqueezeNet,655,16,43,15,0,0.7973,1.0,0.7414,0.6809,0.9526
Dataset_2,Left,SqueezeNet,656,28,36,7,3,0.8649,0.9032,0.8372,0.8485,0.9242
Dataset_2,Left,SqueezeNet,657,18,37,9,10,0.7432,0.6429,0.8043,0.6545,0.809
Dataset_2,Left,SqueezeNet,658,14,47,13,0,0.8243,1.0,0.7833,0.6829,0.9548
Dataset_2,Left,SqueezeNet,659,20,38,13,3,0.7838,0.8696,0.7451,0.7143,0.9003
Dataset_2,Left,SqueezeNet,660,23,33,14,4,0.7568,0.8519,0.7021,0.7187,0.8873
Dataset_2,Left,SqueezeNet,661,24,32,10,8,0.7568,0.75,0.7619,0.7273,0.8772
Dataset_2,Left,SqueezeNet,662,27,34,8,5,0.8243,0.8438,0.8095,0.806,0.8802
Dataset_2,Left,SqueezeNet,663,21,37,11,5,0.7838,0.8077,0.7708,0.7241,0.8614
Dataset_2,Left,SqueezeNet,664,21,45,6,2,0.8919,0.913,0.8824,0.84,0.9591
Dataset_2,Left,SqueezeNet,665,22,37,10,5,0.7973,0.8148,0.7872,0.7458,0.8952
Dataset_2,Left,SqueezeNet,666,22,36,11,5,0.7838,0.8148,0.766,0.7333,0.8069
Dataset_2,Left,SqueezeNet,667,25,37,9,3,0.8378,0.8929,0.8043,0.8065,0.9325
Dataset_2,Left,SqueezeNet,668,25,31,8,10,0.7568,0.7143,0.7949,0.7353,0.8388
Dataset_2,Left,SqueezeNet,669,21,36,11,6,0.7703,0.7778,0.766,0.7119,0.866
Dataset_2,Left,SqueezeNet,670,21,33,14,6,0.7297,0.7778,0.7021,0.6774,0.8448
Dataset_2,Left,SqueezeNet,671,23,38,11,2,0.8243,0.92,0.7755,0.7797,0.9061
Dataset_2,Left,SqueezeNet,672,20,27,15,12,0.6351,0.625,0.6429,0.597,0.7366
Dataset_2,Left,SqueezeNet,673,20,34,15,5,0.7297,0.8,0.6939,0.6667,0.831
Dataset_2,Left,SqueezeNet,674,23,31,13,7,0.7297,0.7667,0.7045,0.697,0.8462
Dataset_2,Left,SqueezeNet,675,24,35,13,2,0.7973,0.9231,0.7292,0.7619,0.9022
Dataset_2,Left,SqueezeNet,676,20,28,20,6,0.6486,0.7692,0.5833,0.6061,0.7171
Dataset_2,Left,SqueezeNet,677,24,31,14,5,0.7432,0.8276,0.6889,0.7164,0.859
Dataset_2,Left,SqueezeNet,678,10,38,16,10,0.6486,0.5,0.7037,0.4348,0.6824
Dataset_2,Left,SqueezeNet,679,18,34,19,3,0.7027,0.8571,0.6415,0.6207,0.8625
Dataset_2,Left,SqueezeNet,680,26,39,6,3,0.8784,0.8966,0.8667,0.8525,0.9464
Dataset_2,Left,SqueezeNet,681,15,38,12,9,0.7162,0.625,0.76,0.5882,0.8408
Dataset_2,Left,SqueezeNet,682,24,34,8,8,0.7838,0.75,0.8095,0.75,0.8296
Dataset_2,Left,SqueezeNet,683,21,39,10,4,0.8108,0.84,0.7959,0.75,0.9143
Dataset_2,Left,SqueezeNet,684,19,29,21,5,0.6486,0.7917,0.58,0.5937,0.7475
Dataset_2,Left,SqueezeNet,685,14,34,21,5,0.6486,0.7368,0.6182,0.5185,0.7722
Dataset_2,Left,SqueezeNet,686,19,35,14,6,0.7297,0.76,0.7143,0.6552,0.8245
Dataset_2,Left,SqueezeNet,687,23,31,16,4,0.7297,0.8519,0.6596,0.697,0.8589
Dataset_2,Left,SqueezeNet,688,16,34,19,5,0.6757,0.7619,0.6415,0.5714,0.8544
Dataset_2,Left,SqueezeNet,689,13,46,12,3,0.7973,0.8125,0.7931,0.6341,0.8804
Dataset_2,Left,SqueezeNet,690,16,36,20,2,0.7027,0.8889,0.6429,0.5926,0.873
Dataset_2,Left,SqueezeNet,691,18,40,10,6,0.7838,0.75,0.8,0.6923,0.8642
Dataset_2,Left,SqueezeNet,692,20,41,8,5,0.8243,0.8,0.8367,0.7547,0.9061
Dataset_2,Left,SqueezeNet,693,21,39,10,4,0.8108,0.84,0.7959,0.75,0.911
Dataset_2,Left,SqueezeNet,694,21,35,13,5,0.7568,0.8077,0.7292,0.7,0.8574
Dataset_2,Left,SqueezeNet,695,25,33,13,3,0.7838,0.8929,0.7174,0.7576,0.8571
Dataset_2,Left,SqueezeNet,696,27,37,8,2,0.8649,0.931,0.8222,0.8438,0.9172
Dataset_2,Left,SqueezeNet,697,22,38,10,4,0.8108,0.8462,0.7917,0.7586,0.883
Dataset_2,Left,SqueezeNet,698,20,36,14,4,0.7568,0.8333,0.72,0.6897,0.865
Dataset_2,Left,SqueezeNet,699,23,33,17,1,0.7568,0.9583,0.66,0.7188,0.8808
Dataset_2,Left,SqueezeNet,700,19,44,9,2,0.8514,0.9048,0.8302,0.7755,0.9155
Dataset_2,Left,SqueezeNet,701,20,45,7,2,0.8784,0.9091,0.8654,0.8163,0.9476
Dataset_2,Left,SqueezeNet,702,15,36,19,4,0.6892,0.7895,0.6545,0.566,0.8258
Dataset_2,Left,SqueezeNet,703,19,40,12,3,0.7973,0.8636,0.7692,0.717,0.8479
Dataset_2,Left,SqueezeNet,704,18,37,12,7,0.7432,0.72,0.7551,0.6545,0.8335
Dataset_2,Left,SqueezeNet,705,26,34,11,3,0.8108,0.8966,0.7556,0.7879,0.9172
Dataset_2,Left,SqueezeNet,706,18,35,13,8,0.7162,0.6923,0.7292,0.6316,0.7636
Dataset_2,Left,SqueezeNet,707,23,40,9,2,0.8514,0.92,0.8163,0.807,0.9184
Dataset_2,Left,SqueezeNet,708,28,35,8,3,0.8514,0.9032,0.814,0.8358,0.916
Dataset_2,Left,SqueezeNet,709,19,41,8,6,0.8108,0.76,0.8367,0.7308,0.9118
Dataset_2,Left,SqueezeNet,710,17,41,11,5,0.7838,0.7727,0.7885,0.68,0.8269
Dataset_2,Left,SqueezeNet,711,27,32,14,1,0.7973,0.9643,0.6957,0.7826,0.9208
Dataset_2,Left,SqueezeNet,712,24,31,16,3,0.7432,0.8889,0.6596,0.7164,0.8668
Dataset_2,Left,SqueezeNet,713,18,36,14,6,0.7297,0.75,0.72,0.6429,0.885
Dataset_2,Left,SqueezeNet,714,25,30,17,2,0.7432,0.9259,0.6383,0.7246,0.8873
Dataset_2,Left,SqueezeNet,715,19,37,12,6,0.7568,0.76,0.7551,0.6786,0.8604
Dataset_2,Left,SqueezeNet,716,22,36,11,5,0.7838,0.8148,0.766,0.7333,0.8487
Dataset_2,Left,SqueezeNet,717,20,39,7,8,0.7973,0.7143,0.8478,0.7273,0.8602
Dataset_2,Left,SqueezeNet,718,19,38,13,4,0.7703,0.8261,0.7451,0.6909,0.8517
Dataset_2,Left,SqueezeNet,719,23,35,10,6,0.7838,0.7931,0.7778,0.7419,0.8889
Dataset_2,Left,SqueezeNet,720,26,29,15,4,0.7432,0.8667,0.6591,0.7324,0.8462
Dataset_2,Left,SqueezeNet,721,18,35,17,4,0.7162,0.8182,0.6731,0.6316,0.7981
Dataset_2,Left,SqueezeNet,722,15,42,9,8,0.7703,0.6522,0.8235,0.6383,0.8406
Dataset_2,Left,SqueezeNet,723,14,44,8,8,0.7838,0.6364,0.8462,0.6364,0.8103
Dataset_2,Left,SqueezeNet,724,19,39,12,4,0.7838,0.8261,0.7647,0.7037,0.8849
Dataset_2,Left,SqueezeNet,725,21,31,18,4,0.7027,0.84,0.6327,0.6562,0.8082
Dataset_2,Left,SqueezeNet,726,19,40,13,2,0.7973,0.9048,0.7547,0.717,0.8787
Dataset_2,Left,SqueezeNet,727,18,41,8,7,0.7973,0.72,0.8367,0.7059,0.8286
Dataset_2,Left,SqueezeNet,728,24,24,18,8,0.6486,0.75,0.5714,0.6486,0.8051
Dataset_2,Left,SqueezeNet,729,24,33,14,3,0.7703,0.8889,0.7021,0.7385,0.8889
Dataset_2,Left,SqueezeNet,730,15,37,13,9,0.7027,0.625,0.74,0.5769,0.8092
Dataset_2,Left,SqueezeNet,731,26,33,8,7,0.7973,0.7879,0.8049,0.7761,0.8788
Dataset_2,Left,SqueezeNet,732,23,35,11,5,0.7838,0.8214,0.7609,0.7419,0.8967
Dataset_2,Left,SqueezeNet,733,25,36,11,2,0.8243,0.9259,0.766,0.7937,0.9409
Dataset_2,Left,SqueezeNet,734,20,41,8,5,0.8243,0.8,0.8367,0.7547,0.911
Dataset_2,Left,SqueezeNet,735,18,36,16,4,0.7297,0.8182,0.6923,0.6429,0.8462
Dataset_2,Left,SqueezeNet,736,18,40,13,3,0.7838,0.8571,0.7547,0.6923,0.8679
Dataset_2,Left,SqueezeNet,737,16,45,10,3,0.8243,0.8421,0.8182,0.7111,0.8842
Dataset_2,Left,SqueezeNet,738,20,36,10,8,0.7568,0.7143,0.7826,0.6897,0.8036
Dataset_2,Left,SqueezeNet,739,22,35,14,3,0.7703,0.88,0.7143,0.7213,0.8522
Dataset_2,Left,SqueezeNet,740,20,34,13,7,0.7297,0.7407,0.7234,0.6667,0.8503
Dataset_2,Left,SqueezeNet,741,27,34,8,5,0.8243,0.8438,0.8095,0.806,0.8638
Dataset_2,Left,SqueezeNet,742,18,39,8,9,0.7703,0.6667,0.8298,0.6792,0.8708
Dataset_2,Left,SqueezeNet,743,24,39,9,2,0.8514,0.9231,0.8125,0.8136,0.9231
Dataset_2,Left,SqueezeNet,744,16,41,9,8,0.7703,0.6667,0.82,0.6531,0.7925
Dataset_2,Left,SqueezeNet,745,24,36,9,5,0.8108,0.8276,0.8,0.7742,0.8958
Dataset_2,Left,SqueezeNet,746,20,33,18,3,0.7162,0.8696,0.6471,0.6557,0.8005
Dataset_2,Left,SqueezeNet,747,26,33,8,7,0.7973,0.7879,0.8049,0.7761,0.8891
Dataset_2,Left,SqueezeNet,748,24,28,15,7,0.7027,0.7742,0.6512,0.6857,0.8057
Dataset_2,Left,SqueezeNet,749,21,37,13,3,0.7838,0.875,0.74,0.7241,0.8975
Dataset_2,Left,SqueezeNet,750,15,30,24,5,0.6081,0.75,0.5556,0.5085,0.7667
Dataset_2,Left,SqueezeNet,751,22,39,10,3,0.8243,0.88,0.7959,0.7719,0.9053
Dataset_2,Left,SqueezeNet,752,22,34,13,5,0.7568,0.8148,0.7234,0.7097,0.8345
Dataset_2,Left,SqueezeNet,753,16,38,12,8,0.7297,0.6667,0.76,0.6154,0.8158
Dataset_2,Left,SqueezeNet,754,22,41,9,2,0.8514,0.9167,0.82,0.8,0.9483
Dataset_2,Left,SqueezeNet,755,23,35,11,5,0.7838,0.8214,0.7609,0.7419,0.8828
Dataset_2,Left,SqueezeNet,756,16,30,22,6,0.6216,0.7273,0.5769,0.5333,0.7535
Dataset_2,Left,SqueezeNet,757,15,37,13,9,0.7027,0.625,0.74,0.5769,0.7575
Dataset_2,Left,SqueezeNet,758,21,32,15,6,0.7162,0.7778,0.6809,0.6667,0.8463
Dataset_2,Left,SqueezeNet,759,24,31,16,3,0.7432,0.8889,0.6596,0.7164,0.8723
Dataset_2,Left,SqueezeNet,760,22,31,16,5,0.7162,0.8148,0.6596,0.6769,0.8826
Dataset_2,Left,SqueezeNet,761,31,30,11,2,0.8243,0.9394,0.7317,0.8267,0.9254
Dataset_2,Left,SqueezeNet,762,23,37,9,5,0.8108,0.8214,0.8043,0.7667,0.8812
Dataset_2,Left,SqueezeNet,763,23,36,12,3,0.7973,0.8846,0.75,0.7541,0.8974
Dataset_2,Left,SqueezeNet,764,18,36,14,6,0.7297,0.75,0.72,0.6429,0.8067
Dataset_2,Left,SqueezeNet,765,20,42,10,2,0.8378,0.9091,0.8077,0.7692,0.9309
Dataset_2,Left,SqueezeNet,766,17,46,8,3,0.8514,0.85,0.8519,0.7556,0.9417
Dataset_2,Left,SqueezeNet,767,23,34,10,7,0.7703,0.7667,0.7727,0.7302,0.828
Dataset_2,Left,SqueezeNet,768,18,42,11,3,0.8108,0.8571,0.7925,0.72,0.8895
Dataset_2,Left,SqueezeNet,769,25,29,17,3,0.7297,0.8929,0.6304,0.7143,0.8634
Dataset_2,Left,SqueezeNet,770,21,37,10,6,0.7838,0.7778,0.7872,0.7241,0.8881
Dataset_2,Left,SqueezeNet,771,13,40,16,5,0.7162,0.7222,0.7143,0.5532,0.8105
Dataset_2,Left,SqueezeNet,772,15,35,18,6,0.6757,0.7143,0.6604,0.5556,0.8194
Dataset_2,Left,SqueezeNet,773,14,45,10,5,0.7973,0.7368,0.8182,0.6512,0.8928
Dataset_2,Left,SqueezeNet,774,24,41,6,3,0.8784,0.8889,0.8723,0.8421,0.9511
Dataset_2,Left,SqueezeNet,775,24,27,16,7,0.6892,0.7742,0.6279,0.6761,0.8215
Dataset_2,Left,SqueezeNet,776,23,30,13,8,0.7162,0.7419,0.6977,0.6866,0.823
Dataset_2,Left,SqueezeNet,777,22,32,15,5,0.7297,0.8148,0.6809,0.6875,0.8061
Dataset_2,Left,SqueezeNet,778,23,31,15,5,0.7297,0.8214,0.6739,0.697,0.8354
Dataset_2,Left,SqueezeNet,779,17,39,15,3,0.7568,0.85,0.7222,0.6538,0.9009
Dataset_2,Left,SqueezeNet,780,19,39,10,6,0.7838,0.76,0.7959,0.7037,0.8514
Dataset_2,Left,SqueezeNet,781,17,42,13,2,0.7973,0.8947,0.7636,0.6939,0.8861
Dataset_2,Left,SqueezeNet,782,15,44,14,1,0.7973,0.9375,0.7586,0.6667,0.8922
Dataset_2,Left,SqueezeNet,783,18,46,8,2,0.8649,0.9,0.8519,0.7826,0.9167
Dataset_2,Left,SqueezeNet,784,17,34,18,5,0.6892,0.7727,0.6538,0.5965,0.8689
Dataset_2,Left,SqueezeNet,785,20,34,15,5,0.7297,0.8,0.6939,0.6667,0.8416
Dataset_2,Left,SqueezeNet,786,21,39,8,6,0.8108,0.7778,0.8298,0.75,0.8621
Dataset_2,Left,SqueezeNet,787,17,40,12,5,0.7703,0.7727,0.7692,0.6667,0.8969
Dataset_2,Left,SqueezeNet,788,22,33,15,4,0.7432,0.8462,0.6875,0.6984,0.8606
Dataset_2,Left,SqueezeNet,789,21,34,15,4,0.7432,0.84,0.6939,0.6885,0.8841
Dataset_2,Left,SqueezeNet,790,21,35,12,6,0.7568,0.7778,0.7447,0.7,0.8227
Dataset_2,Left,SqueezeNet,791,16,43,10,5,0.7973,0.7619,0.8113,0.6809,0.8823
Dataset_2,Left,SqueezeNet,792,23,32,14,5,0.7432,0.8214,0.6957,0.7077,0.8416
Dataset_2,Left,SqueezeNet,793,26,29,12,7,0.7432,0.7879,0.7073,0.7324,0.8906
Dataset_2,Left,SqueezeNet,794,22,31,14,7,0.7162,0.7586,0.6889,0.6769,0.7816
Dataset_2,Left,SqueezeNet,795,26,33,11,4,0.7973,0.8667,0.75,0.7761,0.9333
Dataset_2,Left,SqueezeNet,796,17,40,13,4,0.7703,0.8095,0.7547,0.6667,0.8805
Dataset_2,Left,SqueezeNet,797,23,33,16,2,0.7568,0.92,0.6735,0.7188,0.8849
Dataset_2,Left,SqueezeNet,798,21,37,11,5,0.7838,0.8077,0.7708,0.7241,0.8774
Dataset_2,Left,SqueezeNet,799,22,33,16,3,0.7432,0.88,0.6735,0.6984,0.9094
Dataset_2,Left,SqueezeNet,800,18,35,16,5,0.7162,0.7826,0.6863,0.6316,0.8602
Dataset_2,Left,SqueezeNet,801,19,36,16,3,0.7432,0.8636,0.6923,0.6667,0.9012
Dataset_2,Left,SqueezeNet,802,25,36,10,3,0.8243,0.8929,0.7826,0.7937,0.927
Dataset_2,Left,SqueezeNet,803,27,34,11,2,0.8243,0.931,0.7556,0.806,0.9364
Dataset_2,Left,SqueezeNet,804,16,35,15,8,0.6892,0.6667,0.7,0.5818,0.8183
Dataset_2,Left,SqueezeNet,805,23,36,9,6,0.7973,0.7931,0.8,0.7541,0.8444
Dataset_2,Left,SqueezeNet,806,19,41,12,2,0.8108,0.9048,0.7736,0.7308,0.9048
Dataset_2,Left,SqueezeNet,807,23,34,11,6,0.7703,0.7931,0.7556,0.7302,0.892
Dataset_2,Left,SqueezeNet,808,27,28,14,5,0.7432,0.8438,0.6667,0.7397,0.8586
Dataset_2,Left,SqueezeNet,809,31,30,9,4,0.8243,0.8857,0.7692,0.8267,0.9062
Dataset_2,Left,SqueezeNet,810,22,35,13,4,0.7703,0.8462,0.7292,0.7213,0.8614
Dataset_2,Left,SqueezeNet,811,26,30,10,8,0.7568,0.7647,0.75,0.7429,0.8279
Dataset_2,Left,SqueezeNet,812,26,37,9,2,0.8514,0.9286,0.8043,0.8254,0.927
Dataset_2,Left,SqueezeNet,813,16,35,16,7,0.6892,0.6957,0.6863,0.5818,0.8039
Dataset_2,Left,SqueezeNet,814,19,39,11,5,0.7838,0.7917,0.78,0.7037,0.8783
Dataset_2,Left,SqueezeNet,815,24,32,12,6,0.7568,0.8,0.7273,0.7273,0.8515
Dataset_2,Left,SqueezeNet,816,20,38,12,4,0.7838,0.8333,0.76,0.7143,0.8775
Dataset_2,Left,SqueezeNet,817,22,37,9,6,0.7973,0.7857,0.8043,0.7458,0.8502
Dataset_2,Left,SqueezeNet,818,18,34,15,7,0.7027,0.72,0.6939,0.6207,0.8318
Dataset_2,Left,SqueezeNet,819,28,28,13,5,0.7568,0.8485,0.6829,0.7568,0.9039
Dataset_2,Left,SqueezeNet,820,18,44,8,4,0.8378,0.8182,0.8462,0.75,0.9143
Dataset_2,Left,SqueezeNet,821,20,32,17,5,0.7027,0.8,0.6531,0.6452,0.8033
Dataset_2,Left,SqueezeNet,822,27,27,15,5,0.7297,0.8438,0.6429,0.7297,0.8713
Dataset_2,Left,SqueezeNet,823,25,30,13,6,0.7432,0.8065,0.6977,0.7246,0.817
Dataset_2,Left,SqueezeNet,824,19,38,12,5,0.7703,0.7917,0.76,0.6909,0.89
Dataset_2,Left,SqueezeNet,825,25,35,10,4,0.8108,0.8621,0.7778,0.7813,0.9264
Dataset_2,Left,SqueezeNet,826,14,44,13,3,0.7838,0.8235,0.7719,0.6364,0.8431
Dataset_2,Left,SqueezeNet,827,21,40,10,3,0.8243,0.875,0.8,0.7636,0.9275
Dataset_2,Left,SqueezeNet,828,22,43,7,2,0.8784,0.9167,0.86,0.8302,0.9392
Dataset_2,Left,SqueezeNet,829,24,38,8,4,0.8378,0.8571,0.8261,0.8,0.8789
Dataset_2,Left,SqueezeNet,830,16,42,12,4,0.7838,0.8,0.7778,0.6667,0.8546
Dataset_2,Left,SqueezeNet,831,25,31,16,2,0.7568,0.9259,0.6596,0.7353,0.8763
Dataset_2,Left,SqueezeNet,832,19,34,16,5,0.7162,0.7917,0.68,0.6441,0.81
Dataset_2,Left,SqueezeNet,833,22,36,12,4,0.7838,0.8462,0.75,0.7333,0.867
Dataset_2,Left,SqueezeNet,834,17,29,22,6,0.6216,0.7391,0.5686,0.5484,0.7877
Dataset_2,Left,SqueezeNet,835,24,32,15,3,0.7568,0.8889,0.6809,0.7273,0.8645
Dataset_2,Left,SqueezeNet,836,20,34,16,4,0.7297,0.8333,0.68,0.6667,0.7942
Dataset_2,Left,SqueezeNet,837,20,35,16,3,0.7432,0.8696,0.6863,0.678,0.8491
Dataset_2,Left,SqueezeNet,838,23,32,17,2,0.7432,0.92,0.6531,0.7077,0.8784
Dataset_2,Left,SqueezeNet,839,28,34,8,4,0.8378,0.875,0.8095,0.8235,0.942
Dataset_2,Left,SqueezeNet,840,13,43,14,4,0.7568,0.7647,0.7544,0.5909,0.8421
Dataset_2,Left,SqueezeNet,841,19,36,14,5,0.7432,0.7917,0.72,0.6667,0.8392
Dataset_2,Left,SqueezeNet,842,19,43,10,2,0.8378,0.9048,0.8113,0.76,0.8455
Dataset_2,Left,SqueezeNet,843,19,32,14,9,0.6892,0.6786,0.6957,0.623,0.8082
Dataset_2,Left,SqueezeNet,844,24,34,13,3,0.7838,0.8889,0.7234,0.75,0.8991
Dataset_2,Left,SqueezeNet,845,19,33,13,9,0.7027,0.6786,0.7174,0.6333,0.7896
Dataset_2,Left,SqueezeNet,846,22,40,11,1,0.8378,0.9565,0.7843,0.7857,0.9395
Dataset_2,Left,SqueezeNet,847,28,33,10,3,0.8243,0.9032,0.7674,0.8116,0.9085
Dataset_2,Left,SqueezeNet,848,20,37,12,5,0.7703,0.8,0.7551,0.7018,0.831
Dataset_2,Left,SqueezeNet,849,27,26,10,11,0.7162,0.7105,0.7222,0.72,0.8099
Dataset_2,Left,SqueezeNet,850,23,38,11,2,0.8243,0.92,0.7755,0.7797,0.9282
Dataset_2,Left,SqueezeNet,851,22,33,17,2,0.7432,0.9167,0.66,0.6984,0.9267
Dataset_2,Left,SqueezeNet,852,20,38,10,6,0.7838,0.7692,0.7917,0.7143,0.8293
Dataset_2,Left,SqueezeNet,853,15,41,10,8,0.7568,0.6522,0.8039,0.625,0.8636
Dataset_2,Left,SqueezeNet,854,24,36,11,3,0.8108,0.8889,0.766,0.7742,0.8905
Dataset_2,Left,SqueezeNet,855,20,43,9,2,0.8514,0.9091,0.8269,0.7843,0.9309
Dataset_2,Left,SqueezeNet,856,18,36,14,6,0.7297,0.75,0.72,0.6429,0.7975
Dataset_2,Left,SqueezeNet,857,20,39,9,6,0.7973,0.7692,0.8125,0.7273,0.851
Dataset_2,Left,SqueezeNet,858,25,35,10,4,0.8108,0.8621,0.7778,0.7813,0.9188
Dataset_2,Left,SqueezeNet,859,20,37,13,4,0.7703,0.8333,0.74,0.7018,0.8842
Dataset_2,Left,SqueezeNet,860,25,34,9,6,0.7973,0.8065,0.7907,0.7692,0.8537
Dataset_2,Left,SqueezeNet,861,17,37,12,8,0.7297,0.68,0.7551,0.6296,0.822
Dataset_2,Left,SqueezeNet,862,21,32,14,7,0.7162,0.75,0.6957,0.6667,0.7888
Dataset_2,Left,SqueezeNet,863,21,32,16,5,0.7162,0.8077,0.6667,0.6667,0.867
Dataset_2,Left,SqueezeNet,864,24,35,11,4,0.7973,0.8571,0.7609,0.7619,0.8688
Dataset_2,Left,SqueezeNet,865,21,36,16,1,0.7703,0.9545,0.6923,0.7119,0.9021
Dataset_2,Left,SqueezeNet,866,23,33,11,7,0.7568,0.7667,0.75,0.7188,0.8765
Dataset_2,Left,SqueezeNet,867,19,40,12,3,0.7973,0.8636,0.7692,0.717,0.8601
Dataset_2,Left,SqueezeNet,868,12,39,17,6,0.6892,0.6667,0.6964,0.5106,0.7679
Dataset_2,Left,SqueezeNet,869,22,33,13,6,0.7432,0.7857,0.7174,0.6984,0.8657
Dataset_2,Left,SqueezeNet,870,21,31,16,6,0.7027,0.7778,0.6596,0.6562,0.8416
Dataset_2,Left,SqueezeNet,871,21,41,7,5,0.8378,0.8077,0.8542,0.7778,0.8814
Dataset_2,Left,SqueezeNet,872,29,31,9,5,0.8108,0.8529,0.775,0.8056,0.8346
Dataset_2,Left,SqueezeNet,873,25,35,10,4,0.8108,0.8621,0.7778,0.7813,0.8912
Dataset_2,Left,SqueezeNet,874,19,40,14,1,0.7973,0.95,0.7407,0.717,0.8963
Dataset_2,Left,SqueezeNet,875,20,34,13,7,0.7297,0.7407,0.7234,0.6667,0.8314
Dataset_2,Left,SqueezeNet,876,22,35,13,4,0.7703,0.8462,0.7292,0.7213,0.8822
Dataset_2,Left,SqueezeNet,877,18,36,17,3,0.7297,0.8571,0.6792,0.6429,0.8841
Dataset_2,Left,SqueezeNet,878,16,34,18,6,0.6757,0.7273,0.6538,0.5714,0.8147
Dataset_2,Left,SqueezeNet,879,24,36,13,1,0.8108,0.96,0.7347,0.7742,0.8898
Dataset_2,Left,SqueezeNet,880,20,37,16,1,0.7703,0.9524,0.6981,0.7018,0.8347
Dataset_2,Left,SqueezeNet,881,20,36,16,2,0.7568,0.9091,0.6923,0.6897,0.8724
Dataset_2,Left,SqueezeNet,882,20,39,11,4,0.7973,0.8333,0.78,0.7273,0.8717
Dataset_2,Left,SqueezeNet,883,20,40,10,4,0.8108,0.8333,0.8,0.7407,0.8867
Dataset_2,Left,SqueezeNet,884,24,32,13,5,0.7568,0.8276,0.7111,0.7273,0.8536
Dataset_2,Left,SqueezeNet,885,23,38,8,5,0.8243,0.8214,0.8261,0.7797,0.9208
Dataset_2,Left,SqueezeNet,886,14,45,9,6,0.7973,0.7,0.8333,0.6512,0.8546
Dataset_2,Left,SqueezeNet,887,19,37,13,5,0.7568,0.7917,0.74,0.6786,0.8742
Dataset_2,Left,SqueezeNet,888,22,37,12,3,0.7973,0.88,0.7551,0.7458,0.9069
Dataset_2,Left,SqueezeNet,889,24,34,14,2,0.7838,0.9231,0.7083,0.75,0.9223
Dataset_2,Left,SqueezeNet,890,24,37,10,3,0.8243,0.8889,0.7872,0.7869,0.911
Dataset_2,Left,SqueezeNet,891,13,46,9,6,0.7973,0.6842,0.8364,0.6341,0.8096
Dataset_2,Left,SqueezeNet,892,11,38,16,9,0.6622,0.55,0.7037,0.4681,0.7176
Dataset_2,Left,SqueezeNet,893,16,38,12,8,0.7297,0.6667,0.76,0.6154,0.7975
Dataset_2,Left,SqueezeNet,894,21,37,11,5,0.7838,0.8077,0.7708,0.7241,0.8622
Dataset_2,Left,SqueezeNet,895,16,40,14,4,0.7568,0.8,0.7407,0.64,0.8981
Dataset_2,Left,SqueezeNet,896,18,34,17,5,0.7027,0.7826,0.6667,0.6207,0.8218
Dataset_2,Left,SqueezeNet,897,25,41,8,0,0.8919,1.0,0.8367,0.8621,0.9739
Dataset_2,Left,SqueezeNet,898,14,45,9,6,0.7973,0.7,0.8333,0.6512,0.8565
Dataset_2,Left,SqueezeNet,899,26,33,9,6,0.7973,0.8125,0.7857,0.7761,0.8839
Dataset_2,Left,SqueezeNet,900,18,47,7,2,0.8784,0.9,0.8704,0.8,0.9676
Dataset_2,Left,SqueezeNet,901,17,33,16,8,0.6757,0.68,0.6735,0.5862,0.7869
Dataset_2,Left,SqueezeNet,902,23,36,10,5,0.7973,0.8214,0.7826,0.7541,0.8626
Dataset_2,Left,SqueezeNet,903,21,40,9,4,0.8243,0.84,0.8163,0.7636,0.9233
Dataset_2,Left,SqueezeNet,904,20,35,13,6,0.7432,0.7692,0.7292,0.678,0.8309
Dataset_2,Left,SqueezeNet,905,24,31,13,6,0.7432,0.8,0.7045,0.7164,0.8432
Dataset_2,Left,SqueezeNet,906,18,40,13,3,0.7838,0.8571,0.7547,0.6923,0.9146
Dataset_2,Left,SqueezeNet,907,26,33,10,5,0.7973,0.8387,0.7674,0.7761,0.8612
Dataset_2,Left,SqueezeNet,908,18,39,9,8,0.7703,0.6923,0.8125,0.6792,0.8502
Dataset_2,Left,SqueezeNet,909,21,39,12,2,0.8108,0.913,0.7647,0.75,0.9506
Dataset_2,Left,SqueezeNet,910,17,41,12,4,0.7838,0.8095,0.7736,0.68,0.8625
Dataset_2,Left,SqueezeNet,911,23,30,17,4,0.7162,0.8519,0.6383,0.6866,0.8826
Dataset_2,Left,SqueezeNet,912,25,33,10,6,0.7838,0.8065,0.7674,0.7576,0.8635
Dataset_2,Left,SqueezeNet,913,20,41,9,4,0.8243,0.8333,0.82,0.7547,0.8833
Dataset_2,Left,SqueezeNet,914,22,39,9,4,0.8243,0.8462,0.8125,0.7719,0.8582
Dataset_2,Left,SqueezeNet,915,24,30,17,3,0.7297,0.8889,0.6383,0.7059,0.8582
Dataset_2,Left,SqueezeNet,916,22,35,9,8,0.7703,0.7333,0.7955,0.7213,0.8455
Dataset_2,Left,SqueezeNet,917,26,38,8,2,0.8649,0.9286,0.8261,0.8387,0.9449
Dataset_2,Left,SqueezeNet,918,20,40,10,4,0.8108,0.8333,0.8,0.7407,0.9267
Dataset_2,Left,SqueezeNet,919,14,41,15,4,0.7432,0.7778,0.7321,0.5957,0.8155
Dataset_2,Left,SqueezeNet,920,18,36,15,5,0.7297,0.7826,0.7059,0.6429,0.8321
Dataset_2,Left,SqueezeNet,921,27,33,10,4,0.8108,0.871,0.7674,0.7941,0.916
Dataset_2,Left,SqueezeNet,922,22,37,13,2,0.7973,0.9167,0.74,0.7458,0.9333
Dataset_2,Left,SqueezeNet,923,16,35,15,8,0.6892,0.6667,0.7,0.5818,0.7633
Dataset_2,Left,SqueezeNet,924,22,36,11,5,0.7838,0.8148,0.766,0.7333,0.8274
Dataset_2,Left,SqueezeNet,925,27,32,10,5,0.7973,0.8438,0.7619,0.7826,0.8757
Dataset_2,Left,SqueezeNet,926,24,35,10,5,0.7973,0.8276,0.7778,0.7619,0.9111
Dataset_2,Left,SqueezeNet,927,21,34,15,4,0.7432,0.84,0.6939,0.6885,0.8841
Dataset_2,Left,SqueezeNet,928,20,39,12,3,0.7973,0.8696,0.7647,0.7273,0.9403
Dataset_2,Left,SqueezeNet,929,15,35,20,4,0.6757,0.7895,0.6364,0.5556,0.8278
Dataset_2,Left,SqueezeNet,930,20,30,16,8,0.6757,0.7143,0.6522,0.625,0.7523
Dataset_2,Left,SqueezeNet,931,20,42,9,3,0.8378,0.8696,0.8235,0.7692,0.9224
Dataset_2,Left,SqueezeNet,932,21,45,6,2,0.8919,0.913,0.8824,0.84,0.9761
Dataset_2,Left,SqueezeNet,933,32,26,11,5,0.7838,0.8649,0.7027,0.8,0.8685
Dataset_2,Left,SqueezeNet,934,21,36,11,6,0.7703,0.7778,0.766,0.7119,0.8495
Dataset_2,Left,SqueezeNet,935,12,42,16,4,0.7297,0.75,0.7241,0.5455,0.82
Dataset_2,Left,SqueezeNet,936,24,30,16,4,0.7297,0.8571,0.6522,0.7059,0.8307
Dataset_2,Left,SqueezeNet,937,21,41,9,3,0.8378,0.875,0.82,0.7778,0.9325
Dataset_2,Left,SqueezeNet,938,20,35,12,7,0.7432,0.7407,0.7447,0.678,0.8455
Dataset_2,Left,SqueezeNet,939,18,34,13,9,0.7027,0.6667,0.7234,0.6207,0.8101
Dataset_2,Left,SqueezeNet,940,18,38,11,7,0.7568,0.72,0.7755,0.6667,0.7869
Dataset_2,Left,SqueezeNet,941,14,39,10,11,0.7162,0.56,0.7959,0.5714,0.8049
Dataset_2,Left,SqueezeNet,942,22,37,8,7,0.7973,0.7586,0.8222,0.7458,0.8605
Dataset_2,Left,SqueezeNet,943,25,36,9,4,0.8243,0.8621,0.8,0.7937,0.9019
Dataset_2,Left,SqueezeNet,944,18,36,12,8,0.7297,0.6923,0.75,0.6429,0.8197
Dataset_2,Left,SqueezeNet,945,22,34,13,5,0.7568,0.8148,0.7234,0.7097,0.8266
Dataset_2,Left,SqueezeNet,946,20,33,13,8,0.7162,0.7143,0.7174,0.6557,0.8766
Dataset_2,Left,SqueezeNet,947,24,37,10,3,0.8243,0.8889,0.7872,0.7869,0.892
Dataset_2,Left,SqueezeNet,948,20,46,8,0,0.8919,1.0,0.8519,0.8333,0.9815
Dataset_2,Left,SqueezeNet,949,19,36,12,7,0.7432,0.7308,0.75,0.6667,0.8734
Dataset_2,Left,SqueezeNet,950,21,35,14,4,0.7568,0.84,0.7143,0.7,0.8367
Dataset_2,Left,SqueezeNet,951,27,28,12,7,0.7432,0.7941,0.7,0.7397,0.8647
Dataset_2,Left,SqueezeNet,952,16,43,12,3,0.7973,0.8421,0.7818,0.6809,0.8986
Dataset_2,Left,SqueezeNet,953,27,28,14,5,0.7432,0.8438,0.6667,0.7397,0.8155
Dataset_2,Left,SqueezeNet,954,21,36,12,5,0.7703,0.8077,0.75,0.7119,0.8614
Dataset_2,Left,SqueezeNet,955,19,37,13,5,0.7568,0.7917,0.74,0.6786,0.8758
Dataset_2,Left,SqueezeNet,956,23,39,9,3,0.8378,0.8846,0.8125,0.7931,0.9103
Dataset_2,Left,SqueezeNet,957,14,42,13,5,0.7568,0.7368,0.7636,0.6087,0.7914
Dataset_2,Left,SqueezeNet,958,19,34,17,4,0.7162,0.8261,0.6667,0.6441,0.8909
Dataset_2,Left,SqueezeNet,959,27,34,10,3,0.8243,0.9,0.7727,0.806,0.8773
Dataset_2,Left,SqueezeNet,960,25,37,9,3,0.8378,0.8929,0.8043,0.8065,0.9511
Dataset_2,Left,SqueezeNet,961,23,31,11,9,0.7297,0.7188,0.7381,0.697,0.8438
Dataset_2,Left,SqueezeNet,962,20,36,15,3,0.7568,0.8696,0.7059,0.6897,0.8414
Dataset_2,Left,SqueezeNet,963,23,35,12,4,0.7838,0.8519,0.7447,0.7419,0.8448
Dataset_2,Left,SqueezeNet,964,18,34,14,8,0.7027,0.6923,0.7083,0.6207,0.7748
Dataset_2,Left,SqueezeNet,965,21,41,9,3,0.8378,0.875,0.82,0.7778,0.8917
Dataset_2,Left,SqueezeNet,966,24,33,13,4,0.7703,0.8571,0.7174,0.7385,0.9161
Dataset_2,Left,SqueezeNet,967,22,40,9,3,0.8378,0.88,0.8163,0.7857,0.8947
Dataset_2,Left,SqueezeNet,968,23,30,18,3,0.7162,0.8846,0.625,0.6866,0.8365
Dataset_2,Left,SqueezeNet,969,22,39,9,4,0.8243,0.8462,0.8125,0.7719,0.9071
Dataset_2,Left,SqueezeNet,970,18,40,10,6,0.7838,0.75,0.8,0.6923,0.845
Dataset_2,Left,SqueezeNet,971,14,40,15,5,0.7297,0.7368,0.7273,0.5833,0.801
Dataset_2,Left,SqueezeNet,972,17,43,8,6,0.8108,0.7391,0.8431,0.7083,0.9139
Dataset_2,Left,SqueezeNet,973,24,33,11,6,0.7703,0.8,0.75,0.7385,0.8811
Dataset_2,Left,SqueezeNet,974,16,40,12,6,0.7568,0.7273,0.7692,0.64,0.7788
Dataset_2,Left,SqueezeNet,975,20,40,9,5,0.8108,0.8,0.8163,0.7407,0.9118
Dataset_2,Left,SqueezeNet,976,25,34,10,5,0.7973,0.8333,0.7727,0.7692,0.8939
Dataset_2,Left,SqueezeNet,977,16,41,8,9,0.7703,0.64,0.8367,0.6531,0.7853
Dataset_2,Left,SqueezeNet,978,16,43,8,7,0.7973,0.6957,0.8431,0.6809,0.8713
Dataset_2,Left,SqueezeNet,979,23,37,10,4,0.8108,0.8519,0.7872,0.7667,0.8786
Dataset_2,Left,SqueezeNet,980,18,41,14,1,0.7973,0.9474,0.7455,0.7059,0.911
Dataset_2,Left,SqueezeNet,981,20,39,11,4,0.7973,0.8333,0.78,0.7273,0.85
Dataset_2,Left,SqueezeNet,982,17,41,12,4,0.7838,0.8095,0.7736,0.68,0.9299
Dataset_2,Left,SqueezeNet,983,17,41,8,8,0.7838,0.68,0.8367,0.68,0.8245
Dataset_2,Left,SqueezeNet,984,20,37,12,5,0.7703,0.8,0.7551,0.7018,0.8449
Dataset_2,Left,SqueezeNet,985,23,31,18,2,0.7297,0.92,0.6327,0.697,0.8482
Dataset_2,Left,SqueezeNet,986,21,41,6,6,0.8378,0.7778,0.8723,0.7778,0.9354
Dataset_2,Left,SqueezeNet,987,28,33,9,4,0.8243,0.875,0.7857,0.8116,0.8631
Dataset_2,Left,SqueezeNet,988,19,36,14,5,0.7432,0.7917,0.72,0.6667,0.8783
Dataset_2,Left,SqueezeNet,989,26,35,9,4,0.8243,0.8667,0.7955,0.8,0.8909
Dataset_2,Left,SqueezeNet,990,25,35,11,3,0.8108,0.8929,0.7609,0.7812,0.8967
Dataset_2,Left,SqueezeNet,991,24,31,13,6,0.7432,0.8,0.7045,0.7164,0.8492
Dataset_2,Left,SqueezeNet,992,21,35,11,7,0.7568,0.75,0.7609,0.7,0.8618
Dataset_2,Left,SqueezeNet,993,20,37,14,3,0.7703,0.8696,0.7255,0.7018,0.8389
Dataset_2,Left,SqueezeNet,994,27,32,9,6,0.7973,0.8182,0.7805,0.7826,0.8529
Dataset_2,Left,SqueezeNet,995,20,38,11,5,0.7838,0.8,0.7755,0.7143,0.849
Dataset_2,Left,SqueezeNet,996,12,43,14,5,0.7432,0.7059,0.7544,0.5581,0.8008
Dataset_2,Left,SqueezeNet,997,16,40,13,5,0.7568,0.7619,0.7547,0.64,0.8589
Dataset_2,Left,SqueezeNet,998,19,39,11,5,0.7838,0.7917,0.78,0.7037,0.8792
Dataset_2,Left,SqueezeNet,999,16,35,14,9,0.6892,0.64,0.7143,0.5818,0.7347
Dataset_2,Left,SqueezeNet,1000,20,41,8,5,0.8243,0.8,0.8367,0.7547,0.862
Dataset_2,Right,SVM,1,8,50,9,8,0.7733,0.5,0.8475,0.4848,0.8411
Dataset_2,Right,SVM,2,11,41,17,6,0.6933,0.6471,0.7069,0.4889,0.8068
Dataset_2,Right,SVM,3,14,42,13,6,0.7467,0.7,0.7636,0.5957,0.7955
Dataset_2,Right,SVM,4,11,44,14,6,0.7333,0.6471,0.7586,0.5238,0.8458
Dataset_2,Right,SVM,5,11,49,7,8,0.8,0.5789,0.875,0.5946,0.8853
Dataset_2,Right,SVM,6,15,36,16,8,0.68,0.6522,0.6923,0.5556,0.7605
Dataset_2,Right,SVM,7,11,41,11,12,0.6933,0.4783,0.7885,0.4889,0.8315
Dataset_2,Right,SVM,8,10,50,5,10,0.8,0.5,0.9091,0.5714,0.8577
Dataset_2,Right,SVM,9,11,46,9,9,0.76,0.55,0.8364,0.55,0.8636
Dataset_2,Right,SVM,10,12,45,13,5,0.76,0.7059,0.7759,0.5714,0.8712
Dataset_2,Right,SVM,11,7,56,9,3,0.84,0.7,0.8615,0.5385,0.8454
Dataset_2,Right,SVM,12,13,44,10,8,0.76,0.619,0.8148,0.5909,0.8563
Dataset_2,Right,SVM,13,11,38,15,11,0.6533,0.5,0.717,0.4583,0.7521
Dataset_2,Right,SVM,14,15,47,6,7,0.8267,0.6818,0.8868,0.6977,0.8825
Dataset_2,Right,SVM,15,15,43,11,6,0.7733,0.7143,0.7963,0.6383,0.8668
Dataset_2,Right,SVM,16,21,38,11,5,0.7867,0.8077,0.7755,0.7241,0.8713
Dataset_2,Right,SVM,17,15,41,9,10,0.7467,0.6,0.82,0.6122,0.8552
Dataset_2,Right,SVM,18,9,53,8,5,0.8267,0.6429,0.8689,0.5806,0.8958
Dataset_2,Right,SVM,19,12,49,8,6,0.8133,0.6667,0.8596,0.6316,0.8489
Dataset_2,Right,SVM,20,14,45,6,10,0.7867,0.5833,0.8824,0.6364,0.7761
Dataset_2,Right,SVM,21,14,48,9,4,0.8267,0.7778,0.8421,0.6829,0.883
Dataset_2,Right,SVM,22,12,53,6,4,0.8667,0.75,0.8983,0.7059,0.9333
Dataset_2,Right,SVM,23,10,50,12,3,0.8,0.7692,0.8065,0.5714,0.8207
Dataset_2,Right,SVM,24,9,49,10,7,0.7733,0.5625,0.8305,0.5143,0.8231
Dataset_2,Right,SVM,25,12,44,12,7,0.7467,0.6316,0.7857,0.5581,0.8167
Dataset_2,Right,SVM,26,6,47,14,8,0.7067,0.4286,0.7705,0.3529,0.8015
Dataset_2,Right,SVM,27,12,45,8,10,0.76,0.5455,0.8491,0.5714,0.8208
Dataset_2,Right,SVM,28,10,49,5,11,0.7867,0.4762,0.9074,0.5556,0.8245
Dataset_2,Right,SVM,29,18,43,9,5,0.8133,0.7826,0.8269,0.72,0.9314
Dataset_2,Right,SVM,30,7,45,18,5,0.6933,0.5833,0.7143,0.3784,0.8016
Dataset_2,Right,SVM,31,11,41,16,7,0.6933,0.6111,0.7193,0.4889,0.8314
Dataset_2,Right,SVM,32,10,44,15,6,0.72,0.625,0.7458,0.4878,0.7193
Dataset_2,Right,SVM,33,13,44,12,6,0.76,0.6842,0.7857,0.5909,0.8506
Dataset_2,Right,SVM,34,16,43,10,6,0.7867,0.7273,0.8113,0.6667,0.8731
Dataset_2,Right,SVM,35,9,46,15,5,0.7333,0.6429,0.7541,0.4737,0.8536
Dataset_2,Right,SVM,36,15,45,10,5,0.8,0.75,0.8182,0.6667,0.8732
Dataset_2,Right,SVM,37,17,44,12,2,0.8133,0.8947,0.7857,0.7083,0.9192
Dataset_2,Right,SVM,38,6,53,9,7,0.7867,0.4615,0.8548,0.4286,0.7556
Dataset_2,Right,SVM,39,10,47,11,7,0.76,0.5882,0.8103,0.5263,0.8337
Dataset_2,Right,SVM,40,11,41,14,9,0.6933,0.55,0.7455,0.4889,0.7718
Dataset_2,Right,SVM,41,10,45,13,7,0.7333,0.5882,0.7759,0.5,0.8387
Dataset_2,Right,SVM,42,12,43,17,3,0.7333,0.8,0.7167,0.5455,0.7956
Dataset_2,Right,SVM,43,15,40,14,6,0.7333,0.7143,0.7407,0.6,0.8589
Dataset_2,Right,SVM,44,12,42,15,6,0.72,0.6667,0.7368,0.5333,0.884
Dataset_2,Right,SVM,45,12,41,15,7,0.7067,0.6316,0.7321,0.5217,0.7688
Dataset_2,Right,SVM,46,12,45,12,6,0.76,0.6667,0.7895,0.5714,0.8231
Dataset_2,Right,SVM,47,11,40,14,10,0.68,0.5238,0.7407,0.4783,0.7447
Dataset_2,Right,SVM,48,10,53,6,6,0.84,0.625,0.8983,0.625,0.8443
Dataset_2,Right,SVM,49,11,43,16,5,0.72,0.6875,0.7288,0.5116,0.7786
Dataset_2,Right,SVM,50,14,42,16,3,0.7467,0.8235,0.7241,0.5957,0.8732
Dataset_2,Right,SVM,51,12,45,9,9,0.76,0.5714,0.8333,0.5714,0.8214
Dataset_2,Right,SVM,52,14,39,13,9,0.7067,0.6087,0.75,0.56,0.8194
Dataset_2,Right,SVM,53,9,45,10,11,0.72,0.45,0.8182,0.4615,0.7673
Dataset_2,Right,SVM,54,10,54,8,3,0.8533,0.7692,0.871,0.6452,0.9107
Dataset_2,Right,SVM,55,15,40,12,8,0.7333,0.6522,0.7692,0.6,0.842
Dataset_2,Right,SVM,56,15,45,10,5,0.8,0.75,0.8182,0.6667,0.8273
Dataset_2,Right,SVM,57,10,49,9,7,0.7867,0.5882,0.8448,0.5556,0.789
Dataset_2,Right,SVM,58,11,38,17,9,0.6533,0.55,0.6909,0.4583,0.75
Dataset_2,Right,SVM,59,16,41,7,11,0.76,0.5926,0.8542,0.64,0.8461
Dataset_2,Right,SVM,60,14,47,7,7,0.8133,0.6667,0.8704,0.6667,0.7875
Dataset_2,Right,SVM,61,20,40,10,5,0.8,0.8,0.8,0.7273,0.8784
Dataset_2,Right,SVM,62,11,46,14,4,0.76,0.7333,0.7667,0.55,0.8589
Dataset_2,Right,SVM,63,18,38,13,6,0.7467,0.75,0.7451,0.6545,0.8497
Dataset_2,Right,SVM,64,12,41,9,13,0.7067,0.48,0.82,0.5217,0.8168
Dataset_2,Right,SVM,65,8,52,11,4,0.8,0.6667,0.8254,0.5161,0.8657
Dataset_2,Right,SVM,66,19,39,13,4,0.7733,0.8261,0.75,0.6909,0.8905
Dataset_2,Right,SVM,67,12,45,10,8,0.76,0.6,0.8182,0.5714,0.8973
Dataset_2,Right,SVM,68,13,47,11,4,0.8,0.7647,0.8103,0.6341,0.8367
Dataset_2,Right,SVM,69,14,43,6,12,0.76,0.5385,0.8776,0.6087,0.8297
Dataset_2,Right,SVM,70,10,49,10,6,0.7867,0.625,0.8305,0.5556,0.8644
Dataset_2,Right,SVM,71,8,48,7,12,0.7467,0.4,0.8727,0.4571,0.8155
Dataset_2,Right,SVM,72,16,43,12,4,0.7867,0.8,0.7818,0.6667,0.8582
Dataset_2,Right,SVM,73,14,41,12,8,0.7333,0.6364,0.7736,0.5833,0.7393
Dataset_2,Right,SVM,74,3,55,9,8,0.7733,0.2727,0.8594,0.2609,0.7479
Dataset_2,Right,SVM,75,15,39,13,8,0.72,0.6522,0.75,0.5882,0.8169
Dataset_2,Right,SVM,76,10,43,14,8,0.7067,0.5556,0.7544,0.4762,0.7714
Dataset_2,Right,SVM,77,8,46,8,13,0.72,0.381,0.8519,0.4324,0.836
Dataset_2,Right,SVM,78,20,45,5,5,0.8667,0.8,0.9,0.8,0.9472
Dataset_2,Right,SVM,79,16,44,12,3,0.8,0.8421,0.7857,0.6809,0.89
Dataset_2,Right,SVM,80,10,50,8,7,0.8,0.5882,0.8621,0.5714,0.8712
Dataset_2,Right,SVM,81,13,43,12,7,0.7467,0.65,0.7818,0.5778,0.8055
Dataset_2,Right,SVM,82,16,41,10,8,0.76,0.6667,0.8039,0.64,0.8599
Dataset_2,Right,SVM,83,17,45,10,3,0.8267,0.85,0.8182,0.7234,0.9164
Dataset_2,Right,SVM,84,19,39,10,7,0.7733,0.7308,0.7959,0.6909,0.8187
Dataset_2,Right,SVM,85,16,45,7,7,0.8133,0.6957,0.8654,0.6957,0.8838
Dataset_2,Right,SVM,86,13,45,8,9,0.7733,0.5909,0.8491,0.6047,0.8804
Dataset_2,Right,SVM,87,17,37,12,9,0.72,0.6538,0.7551,0.6182,0.8097
Dataset_2,Right,SVM,88,15,40,16,4,0.7333,0.7895,0.7143,0.6,0.8247
Dataset_2,Right,SVM,89,14,45,6,10,0.7867,0.5833,0.8824,0.6364,0.777
Dataset_2,Right,SVM,90,13,37,18,7,0.6667,0.65,0.6727,0.5098,0.7645
Dataset_2,Right,SVM,91,11,41,14,9,0.6933,0.55,0.7455,0.4889,0.7727
Dataset_2,Right,SVM,92,15,36,15,9,0.68,0.625,0.7059,0.5556,0.7096
Dataset_2,Right,SVM,93,13,45,9,8,0.7733,0.619,0.8333,0.6047,0.8933
Dataset_2,Right,SVM,94,9,45,9,12,0.72,0.4286,0.8333,0.4615,0.7769
Dataset_2,Right,SVM,95,16,41,13,5,0.76,0.7619,0.7593,0.64,0.8554
Dataset_2,Right,SVM,96,13,45,8,9,0.7733,0.5909,0.8491,0.6047,0.7937
Dataset_2,Right,SVM,97,9,40,19,7,0.6533,0.5625,0.678,0.4091,0.7585
Dataset_2,Right,SVM,98,16,46,11,2,0.8267,0.8889,0.807,0.7111,0.9152
Dataset_2,Right,SVM,99,16,39,14,6,0.7333,0.7273,0.7358,0.6154,0.8525
Dataset_2,Right,SVM,100,12,43,13,7,0.7333,0.6316,0.7679,0.5455,0.7932
Dataset_2,Right,SVM,101,14,38,13,10,0.6933,0.5833,0.7451,0.549,0.7574
Dataset_2,Right,SVM,102,10,47,14,4,0.76,0.7143,0.7705,0.5263,0.8255
Dataset_2,Right,SVM,103,11,44,14,6,0.7333,0.6471,0.7586,0.5238,0.7967
Dataset_2,Right,SVM,104,12,45,13,5,0.76,0.7059,0.7759,0.5714,0.8063
Dataset_2,Right,SVM,105,13,33,17,12,0.6133,0.52,0.66,0.4727,0.7124
Dataset_2,Right,SVM,106,10,42,14,9,0.6933,0.5263,0.75,0.4651,0.8073
Dataset_2,Right,SVM,107,16,31,21,7,0.6267,0.6957,0.5962,0.5333,0.7755
Dataset_2,Right,SVM,108,14,43,12,6,0.76,0.7,0.7818,0.6087,0.8
Dataset_2,Right,SVM,109,11,45,7,12,0.7467,0.4783,0.8654,0.5366,0.8491
Dataset_2,Right,SVM,110,8,45,19,3,0.7067,0.7273,0.7031,0.4211,0.848
Dataset_2,Right,SVM,111,14,45,9,7,0.7867,0.6667,0.8333,0.6364,0.858
Dataset_2,Right,SVM,112,10,44,14,7,0.72,0.5882,0.7586,0.4878,0.8225
Dataset_2,Right,SVM,113,13,40,15,7,0.7067,0.65,0.7273,0.5417,0.8355
Dataset_2,Right,SVM,114,6,54,13,2,0.8,0.75,0.806,0.4444,0.7873
Dataset_2,Right,SVM,115,16,41,10,8,0.76,0.6667,0.8039,0.64,0.8219
Dataset_2,Right,SVM,116,16,43,12,4,0.7867,0.8,0.7818,0.6667,0.8314
Dataset_2,Right,SVM,117,14,45,9,7,0.7867,0.6667,0.8333,0.6364,0.7897
Dataset_2,Right,SVM,118,14,39,16,6,0.7067,0.7,0.7091,0.56,0.8164
Dataset_2,Right,SVM,119,12,41,13,9,0.7067,0.5714,0.7593,0.5217,0.8042
Dataset_2,Right,SVM,120,7,51,9,8,0.7733,0.4667,0.85,0.4516,0.7922
Dataset_2,Right,SVM,121,12,42,13,8,0.72,0.6,0.7636,0.5333,0.8145
Dataset_2,Right,SVM,122,18,44,10,3,0.8267,0.8571,0.8148,0.7347,0.9189
Dataset_2,Right,SVM,123,17,44,6,8,0.8133,0.68,0.88,0.7083,0.9232
Dataset_2,Right,SVM,124,12,50,9,4,0.8267,0.75,0.8475,0.6486,0.8538
Dataset_2,Right,SVM,125,15,43,10,7,0.7733,0.6818,0.8113,0.6383,0.8057
Dataset_2,Right,SVM,126,19,38,9,9,0.76,0.6786,0.8085,0.6786,0.8609
Dataset_2,Right,SVM,127,10,40,12,13,0.6667,0.4348,0.7692,0.4444,0.7542
Dataset_2,Right,SVM,128,12,40,13,10,0.6933,0.5455,0.7547,0.5106,0.813
Dataset_2,Right,SVM,129,17,45,7,6,0.8267,0.7391,0.8654,0.7234,0.8783
Dataset_2,Right,SVM,130,9,52,8,6,0.8133,0.6,0.8667,0.5625,0.8311
Dataset_2,Right,SVM,131,12,47,13,3,0.7867,0.8,0.7833,0.6,0.8744
Dataset_2,Right,SVM,132,11,42,15,7,0.7067,0.6111,0.7368,0.5,0.8265
Dataset_2,Right,SVM,133,8,44,15,8,0.6933,0.5,0.7458,0.4103,0.7309
Dataset_2,Right,SVM,134,18,42,8,7,0.8,0.72,0.84,0.7059,0.8888
Dataset_2,Right,SVM,135,12,45,10,8,0.76,0.6,0.8182,0.5714,0.7945
Dataset_2,Right,SVM,136,6,47,14,8,0.7067,0.4286,0.7705,0.3529,0.7406
Dataset_2,Right,SVM,137,13,50,10,2,0.84,0.8667,0.8333,0.6842,0.9111
Dataset_2,Right,SVM,138,12,46,12,5,0.7733,0.7059,0.7931,0.5854,0.8763
Dataset_2,Right,SVM,139,15,36,14,10,0.68,0.6,0.72,0.5556,0.684
Dataset_2,Right,SVM,140,8,42,16,9,0.6667,0.4706,0.7241,0.3902,0.6917
Dataset_2,Right,SVM,141,12,37,17,9,0.6533,0.5714,0.6852,0.48,0.7698
Dataset_2,Right,SVM,142,7,46,13,9,0.7067,0.4375,0.7797,0.3889,0.8051
Dataset_2,Right,SVM,143,13,39,15,8,0.6933,0.619,0.7222,0.5306,0.7681
Dataset_2,Right,SVM,144,10,51,8,6,0.8133,0.625,0.8644,0.5882,0.8459
Dataset_2,Right,SVM,145,17,43,7,8,0.8,0.68,0.86,0.6939,0.872
Dataset_2,Right,SVM,146,15,43,11,6,0.7733,0.7143,0.7963,0.6383,0.8554
Dataset_2,Right,SVM,147,14,45,8,8,0.7867,0.6364,0.8491,0.6364,0.8602
Dataset_2,Right,SVM,148,15,45,7,8,0.8,0.6522,0.8654,0.6667,0.8946
Dataset_2,Right,SVM,149,11,50,9,5,0.8133,0.6875,0.8475,0.6111,0.8951
Dataset_2,Right,SVM,150,15,39,16,5,0.72,0.75,0.7091,0.5882,0.8109
Dataset_2,Right,SVM,151,5,45,14,11,0.6667,0.3125,0.7627,0.2857,0.7394
Dataset_2,Right,SVM,152,16,41,10,8,0.76,0.6667,0.8039,0.64,0.8186
Dataset_2,Right,SVM,153,12,42,8,13,0.72,0.48,0.84,0.5333,0.7808
Dataset_2,Right,SVM,154,14,41,12,8,0.7333,0.6364,0.7736,0.5833,0.8135
Dataset_2,Right,SVM,155,15,42,13,5,0.76,0.75,0.7636,0.625,0.8082
Dataset_2,Right,SVM,156,10,45,15,5,0.7333,0.6667,0.75,0.5,0.7756
Dataset_2,Right,SVM,157,16,41,7,11,0.76,0.5926,0.8542,0.64,0.8291
Dataset_2,Right,SVM,158,10,44,16,5,0.72,0.6667,0.7333,0.4878,0.82
Dataset_2,Right,SVM,159,6,51,14,4,0.76,0.6,0.7846,0.4,0.84
Dataset_2,Right,SVM,160,18,38,9,10,0.7467,0.6429,0.8085,0.6545,0.8359
Dataset_2,Right,SVM,161,12,42,11,10,0.72,0.5455,0.7925,0.5333,0.8473
Dataset_2,Right,SVM,162,14,43,12,6,0.76,0.7,0.7818,0.6087,0.8027
Dataset_2,Right,SVM,163,11,43,13,8,0.72,0.5789,0.7679,0.5116,0.7495
Dataset_2,Right,SVM,164,11,38,12,14,0.6533,0.44,0.76,0.4583,0.7408
Dataset_2,Right,SVM,165,17,30,18,10,0.6267,0.6296,0.625,0.5484,0.7207
Dataset_2,Right,SVM,166,12,45,11,7,0.76,0.6316,0.8036,0.5714,0.836
Dataset_2,Right,SVM,167,15,40,13,7,0.7333,0.6818,0.7547,0.6,0.7642
Dataset_2,Right,SVM,168,11,44,7,13,0.7333,0.4583,0.8627,0.5238,0.7533
Dataset_2,Right,SVM,169,17,39,12,7,0.7467,0.7083,0.7647,0.6415,0.7978
Dataset_2,Right,SVM,170,16,38,14,7,0.72,0.6957,0.7308,0.6038,0.8161
Dataset_2,Right,SVM,171,12,34,20,9,0.6133,0.5714,0.6296,0.4528,0.7037
Dataset_2,Right,SVM,172,11,39,21,4,0.6667,0.7333,0.65,0.4681,0.7644
Dataset_2,Right,SVM,173,16,34,14,11,0.6667,0.5926,0.7083,0.5614,0.7411
Dataset_2,Right,SVM,174,14,45,10,6,0.7867,0.7,0.8182,0.6364,0.81
Dataset_2,Right,SVM,175,8,47,12,8,0.7333,0.5,0.7966,0.4444,0.8136
Dataset_2,Right,SVM,176,7,53,9,6,0.8,0.5385,0.8548,0.4828,0.83
Dataset_2,Right,SVM,177,17,38,9,11,0.7333,0.6071,0.8085,0.6296,0.7842
Dataset_2,Right,SVM,178,13,47,10,5,0.8,0.7222,0.8246,0.6341,0.8713
Dataset_2,Right,SVM,179,10,48,11,6,0.7733,0.625,0.8136,0.5405,0.8549
Dataset_2,Right,SVM,180,13,44,11,7,0.76,0.65,0.8,0.5909,0.8032
Dataset_2,Right,SVM,181,10,49,10,6,0.7867,0.625,0.8305,0.5556,0.794
Dataset_2,Right,SVM,182,11,44,15,5,0.7333,0.6875,0.7458,0.5238,0.8612
Dataset_2,Right,SVM,183,12,47,8,8,0.7867,0.6,0.8545,0.6,0.8164
Dataset_2,Right,SVM,184,15,45,5,10,0.8,0.6,0.9,0.6667,0.8792
Dataset_2,Right,SVM,185,4,45,16,10,0.6533,0.2857,0.7377,0.2353,0.6399
Dataset_2,Right,SVM,186,8,56,7,4,0.8533,0.6667,0.8889,0.5926,0.8413
Dataset_2,Right,SVM,187,15,39,11,10,0.72,0.6,0.78,0.5882,0.8176
Dataset_2,Right,SVM,188,15,38,13,9,0.7067,0.625,0.7451,0.5769,0.7958
Dataset_2,Right,SVM,189,14,39,12,10,0.7067,0.5833,0.7647,0.56,0.8248
Dataset_2,Right,SVM,190,12,43,12,8,0.7333,0.6,0.7818,0.5455,0.7995
Dataset_2,Right,SVM,191,15,45,9,6,0.8,0.7143,0.8333,0.6667,0.8748
Dataset_2,Right,SVM,192,13,47,9,6,0.8,0.6842,0.8393,0.6341,0.8694
Dataset_2,Right,SVM,193,13,46,9,7,0.7867,0.65,0.8364,0.619,0.835
Dataset_2,Right,SVM,194,15,44,7,9,0.7867,0.625,0.8627,0.6522,0.8366
Dataset_2,Right,SVM,195,13,43,13,6,0.7467,0.6842,0.7679,0.5778,0.8468
Dataset_2,Right,SVM,196,14,49,6,6,0.84,0.7,0.8909,0.7,0.9018
Dataset_2,Right,SVM,197,13,51,3,8,0.8533,0.619,0.9444,0.7027,0.8197
Dataset_2,Right,SVM,198,11,39,19,6,0.6667,0.6471,0.6724,0.4681,0.6978
Dataset_2,Right,SVM,199,12,43,12,8,0.7333,0.6,0.7818,0.5455,0.8014
Dataset_2,Right,SVM,200,7,50,12,6,0.76,0.5385,0.8065,0.4375,0.8462
Dataset_2,Right,SVM,201,12,48,11,4,0.8,0.75,0.8136,0.6154,0.8485
Dataset_2,Right,SVM,202,3,54,8,10,0.76,0.2308,0.871,0.25,0.8325
Dataset_2,Right,SVM,203,19,36,17,3,0.7333,0.8636,0.6792,0.6552,0.8482
Dataset_2,Right,SVM,204,9,54,7,5,0.84,0.6429,0.8852,0.6,0.9016
Dataset_2,Right,SVM,205,19,41,10,5,0.8,0.7917,0.8039,0.717,0.915
Dataset_2,Right,SVM,206,13,48,8,6,0.8133,0.6842,0.8571,0.65,0.8994
Dataset_2,Right,SVM,207,10,45,15,5,0.7333,0.6667,0.75,0.5,0.8444
Dataset_2,Right,SVM,208,15,53,4,3,0.9067,0.8333,0.9298,0.8108,0.9454
Dataset_2,Right,SVM,209,13,40,13,9,0.7067,0.5909,0.7547,0.5417,0.777
Dataset_2,Right,SVM,210,11,41,15,8,0.6933,0.5789,0.7321,0.4889,0.7932
Dataset_2,Right,SVM,211,12,42,14,7,0.72,0.6316,0.75,0.5333,0.836
Dataset_2,Right,SVM,212,10,41,15,9,0.68,0.5263,0.7321,0.4545,0.7923
Dataset_2,Right,SVM,213,12,39,15,9,0.68,0.5714,0.7222,0.5,0.7822
Dataset_2,Right,SVM,214,13,43,14,5,0.7467,0.7222,0.7544,0.5778,0.8489
Dataset_2,Right,SVM,215,12,45,8,10,0.76,0.5455,0.8491,0.5714,0.831
Dataset_2,Right,SVM,216,16,36,16,7,0.6933,0.6957,0.6923,0.5818,0.7634
Dataset_2,Right,SVM,217,14,40,13,8,0.72,0.6364,0.7547,0.5714,0.7985
Dataset_2,Right,SVM,218,13,34,16,12,0.6267,0.52,0.68,0.4815,0.7268
Dataset_2,Right,SVM,219,17,42,9,7,0.7867,0.7083,0.8235,0.68,0.8521
Dataset_2,Right,SVM,220,13,50,7,5,0.84,0.7222,0.8772,0.6842,0.9191
Dataset_2,Right,SVM,221,15,44,7,9,0.7867,0.625,0.8627,0.6522,0.8521
Dataset_2,Right,SVM,222,8,51,11,5,0.7867,0.6154,0.8226,0.5,0.9069
Dataset_2,Right,SVM,223,9,48,9,9,0.76,0.5,0.8421,0.5,0.8085
Dataset_2,Right,SVM,224,11,47,6,11,0.7733,0.5,0.8868,0.5641,0.7281
Dataset_2,Right,SVM,225,11,43,16,5,0.72,0.6875,0.7288,0.5116,0.786
Dataset_2,Right,SVM,226,11,46,13,5,0.76,0.6875,0.7797,0.55,0.7977
Dataset_2,Right,SVM,227,12,42,17,4,0.72,0.75,0.7119,0.5333,0.8464
Dataset_2,Right,SVM,228,12,39,17,7,0.68,0.6316,0.6964,0.5,0.8186
Dataset_2,Right,SVM,229,18,43,7,7,0.8133,0.72,0.86,0.72,0.8496
Dataset_2,Right,SVM,230,15,43,11,6,0.7733,0.7143,0.7963,0.6383,0.873
Dataset_2,Right,SVM,231,13,39,15,8,0.6933,0.619,0.7222,0.5306,0.769
Dataset_2,Right,SVM,232,9,45,15,6,0.72,0.6,0.75,0.4615,0.7578
Dataset_2,Right,SVM,233,14,48,9,4,0.8267,0.7778,0.8421,0.6829,0.925
Dataset_2,Right,SVM,234,16,40,11,8,0.7467,0.6667,0.7843,0.6275,0.8399
Dataset_2,Right,SVM,235,14,46,9,6,0.8,0.7,0.8364,0.6512,0.85
Dataset_2,Right,SVM,236,8,46,10,11,0.72,0.4211,0.8214,0.4324,0.7909
Dataset_2,Right,SVM,237,8,43,15,9,0.68,0.4706,0.7414,0.4,0.7576
Dataset_2,Right,SVM,238,17,41,11,6,0.7733,0.7391,0.7885,0.6667,0.8528
Dataset_2,Right,SVM,239,15,42,11,7,0.76,0.6818,0.7925,0.625,0.8203
Dataset_2,Right,SVM,240,12,47,10,6,0.7867,0.6667,0.8246,0.6,0.8143
Dataset_2,Right,SVM,241,8,46,14,7,0.72,0.5333,0.7667,0.4324,0.7111
Dataset_2,Right,SVM,242,12,45,12,6,0.76,0.6667,0.7895,0.5714,0.7476
Dataset_2,Right,SVM,243,9,37,18,11,0.6133,0.45,0.6727,0.383,0.6982
Dataset_2,Right,SVM,244,9,44,14,8,0.7067,0.5294,0.7586,0.45,0.8185
Dataset_2,Right,SVM,245,15,44,12,4,0.7867,0.7895,0.7857,0.6522,0.875
Dataset_2,Right,SVM,246,12,45,12,6,0.76,0.6667,0.7895,0.5714,0.8548
Dataset_2,Right,SVM,247,22,32,11,10,0.72,0.6875,0.7442,0.6769,0.8081
Dataset_2,Right,SVM,248,16,44,9,6,0.8,0.7273,0.8302,0.6809,0.8551
Dataset_2,Right,SVM,249,15,36,14,10,0.68,0.6,0.72,0.5556,0.7776
Dataset_2,Right,SVM,250,11,46,12,6,0.76,0.6471,0.7931,0.55,0.8377
Dataset_2,Right,SVM,251,10,43,16,6,0.7067,0.625,0.7288,0.4762,0.8305
Dataset_2,Right,SVM,252,15,42,10,8,0.76,0.6522,0.8077,0.625,0.8691
Dataset_2,Right,SVM,253,13,42,11,9,0.7333,0.5909,0.7925,0.5652,0.8482
Dataset_2,Right,SVM,254,14,44,11,6,0.7733,0.7,0.8,0.6222,0.8686
Dataset_2,Right,SVM,255,13,49,7,6,0.8267,0.6842,0.875,0.6667,0.8882
Dataset_2,Right,SVM,256,14,52,6,3,0.88,0.8235,0.8966,0.7568,0.9371
Dataset_2,Right,SVM,257,19,33,15,8,0.6933,0.7037,0.6875,0.623,0.7022
Dataset_2,Right,SVM,258,15,48,6,6,0.84,0.7143,0.8889,0.7143,0.8545
Dataset_2,Right,SVM,259,13,45,15,2,0.7733,0.8667,0.75,0.6047,0.9289
Dataset_2,Right,SVM,260,17,34,11,13,0.68,0.5667,0.7556,0.5862,0.8056
Dataset_2,Right,SVM,261,10,46,11,8,0.7467,0.5556,0.807,0.5128,0.7471
Dataset_2,Right,SVM,262,10,49,7,9,0.7867,0.5263,0.875,0.5556,0.8835
Dataset_2,Right,SVM,263,12,45,12,6,0.76,0.6667,0.7895,0.5714,0.848
Dataset_2,Right,SVM,264,12,45,10,8,0.76,0.6,0.8182,0.5714,0.8023
Dataset_2,Right,SVM,265,8,49,11,7,0.76,0.5333,0.8167,0.4706,0.7961
Dataset_2,Right,SVM,266,14,41,13,7,0.7333,0.6667,0.7593,0.5833,0.843
Dataset_2,Right,SVM,267,13,41,12,9,0.72,0.5909,0.7736,0.5532,0.819
Dataset_2,Right,SVM,268,10,47,12,6,0.76,0.625,0.7966,0.5263,0.7966
Dataset_2,Right,SVM,269,11,48,7,9,0.7867,0.55,0.8727,0.5789,0.8459
Dataset_2,Right,SVM,270,15,40,14,6,0.7333,0.7143,0.7407,0.6,0.858
Dataset_2,Right,SVM,271,16,41,13,5,0.76,0.7619,0.7593,0.64,0.8175
Dataset_2,Right,SVM,272,12,45,9,9,0.76,0.5714,0.8333,0.5714,0.8254
Dataset_2,Right,SVM,273,8,46,15,6,0.72,0.5714,0.7541,0.4324,0.8244
Dataset_2,Right,SVM,274,11,49,12,3,0.8,0.7857,0.8033,0.5946,0.8671
Dataset_2,Right,SVM,275,12,49,12,2,0.8133,0.8571,0.8033,0.6316,0.8724
Dataset_2,Right,SVM,276,11,51,6,7,0.8267,0.6111,0.8947,0.6286,0.8821
Dataset_2,Right,SVM,277,7,52,10,6,0.7867,0.5385,0.8387,0.4667,0.8387
Dataset_2,Right,SVM,278,10,41,17,7,0.68,0.5882,0.7069,0.4545,0.7769
Dataset_2,Right,SVM,279,9,43,14,9,0.6933,0.5,0.7544,0.439,0.7515
Dataset_2,Right,SVM,280,11,48,9,7,0.7867,0.6111,0.8421,0.5789,0.846
Dataset_2,Right,SVM,281,13,42,12,8,0.7333,0.619,0.7778,0.5652,0.8439
Dataset_2,Right,SVM,282,8,51,12,4,0.7867,0.6667,0.8095,0.5,0.8042
Dataset_2,Right,SVM,283,11,40,18,6,0.68,0.6471,0.6897,0.4783,0.7759
Dataset_2,Right,SVM,284,9,46,14,6,0.7333,0.6,0.7667,0.4737,0.8044
Dataset_2,Right,SVM,285,9,39,16,11,0.64,0.45,0.7091,0.4,0.6764
Dataset_2,Right,SVM,286,14,45,10,6,0.7867,0.7,0.8182,0.6364,0.8368
Dataset_2,Right,SVM,287,13,47,12,3,0.8,0.8125,0.7966,0.6341,0.8941
Dataset_2,Right,SVM,288,10,43,16,6,0.7067,0.625,0.7288,0.4762,0.804
Dataset_2,Right,SVM,289,17,39,11,8,0.7467,0.68,0.78,0.6415,0.8784
Dataset_2,Right,SVM,290,8,45,11,11,0.7067,0.4211,0.8036,0.4211,0.625
Dataset_2,Right,SVM,291,13,47,7,8,0.8,0.619,0.8704,0.6341,0.8611
Dataset_2,Right,SVM,292,14,47,9,5,0.8133,0.7368,0.8393,0.6667,0.8445
Dataset_2,Right,SVM,293,19,43,4,9,0.8267,0.6786,0.9149,0.7451,0.9043
Dataset_2,Right,SVM,294,17,36,15,7,0.7067,0.7083,0.7059,0.6071,0.8235
Dataset_2,Right,SVM,295,16,43,9,7,0.7867,0.6957,0.8269,0.6667,0.8311
Dataset_2,Right,SVM,296,9,48,13,5,0.76,0.6429,0.7869,0.5,0.9028
Dataset_2,Right,SVM,297,17,43,6,9,0.8,0.6538,0.8776,0.6939,0.9184
Dataset_2,Right,SVM,298,10,43,13,9,0.7067,0.5263,0.7679,0.4762,0.7848
Dataset_2,Right,SVM,299,15,42,14,4,0.76,0.7895,0.75,0.625,0.8539
Dataset_2,Right,SVM,300,14,42,12,7,0.7467,0.6667,0.7778,0.5957,0.8175
Dataset_2,Right,SVM,301,10,49,12,4,0.7867,0.7143,0.8033,0.5556,0.8946
Dataset_2,Right,SVM,302,11,48,12,4,0.7867,0.7333,0.8,0.5789,0.8394
Dataset_2,Right,SVM,303,10,45,13,7,0.7333,0.5882,0.7759,0.5,0.855
Dataset_2,Right,SVM,304,5,54,11,5,0.7867,0.5,0.8308,0.3846,0.6908
Dataset_2,Right,SVM,305,8,44,17,6,0.6933,0.5714,0.7213,0.4103,0.7471
Dataset_2,Right,SVM,306,10,45,10,10,0.7333,0.5,0.8182,0.5,0.7464
Dataset_2,Right,SVM,307,14,44,12,5,0.7733,0.7368,0.7857,0.6222,0.8694
Dataset_2,Right,SVM,308,15,37,14,9,0.6933,0.625,0.7255,0.566,0.8489
Dataset_2,Right,SVM,309,12,45,13,5,0.76,0.7059,0.7759,0.5714,0.783
Dataset_2,Right,SVM,310,12,37,17,9,0.6533,0.5714,0.6852,0.48,0.7998
Dataset_2,Right,SVM,311,13,42,11,9,0.7333,0.5909,0.7925,0.5652,0.8315
Dataset_2,Right,SVM,312,8,47,14,6,0.7333,0.5714,0.7705,0.4444,0.7945
Dataset_2,Right,SVM,313,16,40,11,8,0.7467,0.6667,0.7843,0.6275,0.8056
Dataset_2,Right,SVM,314,8,49,7,11,0.76,0.4211,0.875,0.4706,0.7838
Dataset_2,Right,SVM,315,14,43,13,5,0.76,0.7368,0.7679,0.6087,0.8383
Dataset_2,Right,SVM,316,15,41,14,5,0.7467,0.75,0.7455,0.6122,0.8536
Dataset_2,Right,SVM,317,11,40,13,11,0.68,0.5,0.7547,0.4783,0.7624
Dataset_2,Right,SVM,318,14,38,16,7,0.6933,0.6667,0.7037,0.549,0.7919
Dataset_2,Right,SVM,319,15,41,14,5,0.7467,0.75,0.7455,0.6122,0.85
Dataset_2,Right,SVM,320,8,49,12,6,0.76,0.5714,0.8033,0.4706,0.7576
Dataset_2,Right,SVM,321,16,37,15,7,0.7067,0.6957,0.7115,0.5926,0.76
Dataset_2,Right,SVM,322,15,46,9,5,0.8133,0.75,0.8364,0.6818,0.8927
Dataset_2,Right,SVM,323,14,40,14,7,0.72,0.6667,0.7407,0.5714,0.8016
Dataset_2,Right,SVM,324,20,37,12,6,0.76,0.7692,0.7551,0.6897,0.8179
Dataset_2,Right,SVM,325,9,46,13,7,0.7333,0.5625,0.7797,0.4737,0.8284
Dataset_2,Right,SVM,326,12,44,14,5,0.7467,0.7059,0.7586,0.5581,0.8144
Dataset_2,Right,SVM,327,10,40,16,9,0.6667,0.5263,0.7143,0.4444,0.6758
Dataset_2,Right,SVM,328,16,41,12,6,0.76,0.7273,0.7736,0.64,0.8795
Dataset_2,Right,SVM,329,13,46,13,3,0.7867,0.8125,0.7797,0.619,0.8771
Dataset_2,Right,SVM,330,14,39,18,4,0.7067,0.7778,0.6842,0.56,0.8421
Dataset_2,Right,SVM,331,13,35,17,10,0.64,0.5652,0.6731,0.4906,0.7132
Dataset_2,Right,SVM,332,9,43,15,8,0.6933,0.5294,0.7414,0.439,0.7394
Dataset_2,Right,SVM,333,15,44,12,4,0.7867,0.7895,0.7857,0.6522,0.9154
Dataset_2,Right,SVM,334,12,35,11,17,0.6267,0.4138,0.7609,0.4615,0.7384
Dataset_2,Right,SVM,335,13,48,7,7,0.8133,0.65,0.8727,0.65,0.8473
Dataset_2,Right,SVM,336,10,46,12,7,0.7467,0.5882,0.7931,0.5128,0.8144
Dataset_2,Right,SVM,337,18,41,10,6,0.7867,0.75,0.8039,0.6923,0.8297
Dataset_2,Right,SVM,338,12,41,11,11,0.7067,0.5217,0.7885,0.5217,0.8115
Dataset_2,Right,SVM,339,11,46,13,5,0.76,0.6875,0.7797,0.55,0.8623
Dataset_2,Right,SVM,340,14,40,12,9,0.72,0.6087,0.7692,0.5714,0.7985
Dataset_2,Right,SVM,341,11,45,10,9,0.7467,0.55,0.8182,0.5366,0.7827
Dataset_2,Right,SVM,342,17,44,11,3,0.8133,0.85,0.8,0.7083,0.9036
Dataset_2,Right,SVM,343,10,48,13,4,0.7733,0.7143,0.7869,0.5405,0.9016
Dataset_2,Right,SVM,344,13,40,8,14,0.7067,0.4815,0.8333,0.5417,0.7635
Dataset_2,Right,SVM,345,12,44,16,3,0.7467,0.8,0.7333,0.5581,0.8156
Dataset_2,Right,SVM,346,10,44,17,4,0.72,0.7143,0.7213,0.4878,0.8548
Dataset_2,Right,SVM,347,12,47,10,6,0.7867,0.6667,0.8246,0.6,0.865
Dataset_2,Right,SVM,348,13,46,9,7,0.7867,0.65,0.8364,0.619,0.8595
Dataset_2,Right,SVM,349,11,46,10,8,0.76,0.5789,0.8214,0.55,0.8055
Dataset_2,Right,SVM,350,21,44,6,4,0.8667,0.84,0.88,0.8077,0.9224
Dataset_2,Right,SVM,351,14,45,10,6,0.7867,0.7,0.8182,0.6364,0.8541
Dataset_2,Right,SVM,352,18,36,12,9,0.72,0.6667,0.75,0.6316,0.8476
Dataset_2,Right,SVM,353,12,43,10,10,0.7333,0.5455,0.8113,0.5455,0.7976
Dataset_2,Right,SVM,354,12,44,14,5,0.7467,0.7059,0.7586,0.5581,0.8038
Dataset_2,Right,SVM,355,15,41,10,9,0.7467,0.625,0.8039,0.6122,0.828
Dataset_2,Right,SVM,356,17,46,9,3,0.84,0.85,0.8364,0.7391,0.8927
Dataset_2,Right,SVM,357,10,41,16,8,0.68,0.5556,0.7193,0.4545,0.7432
Dataset_2,Right,SVM,358,17,38,7,13,0.7333,0.5667,0.8444,0.6296,0.7959
Dataset_2,Right,SVM,359,8,51,7,9,0.7867,0.4706,0.8793,0.5,0.7566
Dataset_2,Right,SVM,360,13,47,12,3,0.8,0.8125,0.7966,0.6341,0.8951
Dataset_2,Right,SVM,361,14,48,11,2,0.8267,0.875,0.8136,0.6829,0.9057
Dataset_2,Right,SVM,362,20,46,8,1,0.88,0.9524,0.8519,0.8163,0.9277
Dataset_2,Right,SVM,363,13,41,17,4,0.72,0.7647,0.7069,0.5532,0.8225
Dataset_2,Right,SVM,364,14,46,11,4,0.8,0.7778,0.807,0.6512,0.8635
Dataset_2,Right,SVM,365,14,43,15,3,0.76,0.8235,0.7414,0.6087,0.8661
Dataset_2,Right,SVM,366,12,38,15,10,0.6667,0.5455,0.717,0.4898,0.7766
Dataset_2,Right,SVM,367,10,41,16,8,0.68,0.5556,0.7193,0.4545,0.7578
Dataset_2,Right,SVM,368,11,39,17,8,0.6667,0.5789,0.6964,0.4681,0.7603
Dataset_2,Right,SVM,369,13,39,15,8,0.6933,0.619,0.7222,0.5306,0.7989
Dataset_2,Right,SVM,370,12,41,11,11,0.7067,0.5217,0.7885,0.5217,0.7889
Dataset_2,Right,SVM,371,13,45,13,4,0.7733,0.7647,0.7759,0.6047,0.8702
Dataset_2,Right,SVM,372,14,43,13,5,0.76,0.7368,0.7679,0.6087,0.8835
Dataset_2,Right,SVM,373,15,43,14,3,0.7733,0.8333,0.7544,0.6383,0.8665
Dataset_2,Right,SVM,374,11,40,15,9,0.68,0.55,0.7273,0.4783,0.7359
Dataset_2,Right,SVM,375,16,40,9,10,0.7467,0.6154,0.8163,0.6275,0.81
Dataset_2,Right,SVM,376,15,42,9,9,0.76,0.625,0.8235,0.625,0.8178
Dataset_2,Right,SVM,377,8,44,16,7,0.6933,0.5333,0.7333,0.4103,0.8011
Dataset_2,Right,SVM,378,14,47,8,6,0.8133,0.7,0.8545,0.6667,0.8809
Dataset_2,Right,SVM,379,9,45,15,6,0.72,0.6,0.75,0.4615,0.7956
Dataset_2,Right,SVM,380,16,42,10,7,0.7733,0.6957,0.8077,0.6531,0.8411
Dataset_2,Right,SVM,381,11,44,16,4,0.7333,0.7333,0.7333,0.5238,0.7789
Dataset_2,Right,SVM,382,12,48,11,4,0.8,0.75,0.8136,0.6154,0.9195
Dataset_2,Right,SVM,383,11,48,12,4,0.7867,0.7333,0.8,0.5789,0.8622
Dataset_2,Right,SVM,384,16,45,7,7,0.8133,0.6957,0.8654,0.6957,0.9164
Dataset_2,Right,SVM,385,11,36,19,9,0.6267,0.55,0.6545,0.44,0.7205
Dataset_2,Right,SVM,386,12,45,11,7,0.76,0.6316,0.8036,0.5714,0.8346
Dataset_2,Right,SVM,387,23,40,6,6,0.84,0.7931,0.8696,0.7931,0.9415
Dataset_2,Right,SVM,388,16,35,14,10,0.68,0.6154,0.7143,0.5714,0.8069
Dataset_2,Right,SVM,389,12,51,7,5,0.84,0.7059,0.8793,0.6667,0.8611
Dataset_2,Right,SVM,390,13,42,11,9,0.7333,0.5909,0.7925,0.5652,0.8199
Dataset_2,Right,SVM,391,11,45,10,9,0.7467,0.55,0.8182,0.5366,0.85
Dataset_2,Right,SVM,392,12,42,14,7,0.72,0.6316,0.75,0.5333,0.804
Dataset_2,Right,SVM,393,7,50,13,5,0.76,0.5833,0.7937,0.4375,0.8598
Dataset_2,Right,SVM,394,17,38,9,11,0.7333,0.6071,0.8085,0.6296,0.8191
Dataset_2,Right,SVM,395,12,42,12,9,0.72,0.5714,0.7778,0.5333,0.8422
Dataset_2,Right,SVM,396,16,44,6,9,0.8,0.64,0.88,0.6809,0.9376
Dataset_2,Right,SVM,397,11,47,9,8,0.7733,0.5789,0.8393,0.5641,0.8275
Dataset_2,Right,SVM,398,8,53,10,4,0.8133,0.6667,0.8413,0.5333,0.8452
Dataset_2,Right,SVM,399,10,48,13,4,0.7733,0.7143,0.7869,0.5405,0.8724
Dataset_2,Right,SVM,400,14,40,11,10,0.72,0.5833,0.7843,0.5714,0.8154
Dataset_2,Right,SVM,401,14,41,13,7,0.7333,0.6667,0.7593,0.5833,0.8307
Dataset_2,Right,SVM,402,14,35,16,10,0.6533,0.5833,0.6863,0.5185,0.7729
Dataset_2,Right,SVM,403,14,42,9,10,0.7467,0.5833,0.8235,0.5957,0.77
Dataset_2,Right,SVM,404,10,42,15,8,0.6933,0.5556,0.7368,0.4651,0.7895
Dataset_2,Right,SVM,405,17,44,10,4,0.8133,0.8095,0.8148,0.7083,0.9171
Dataset_2,Right,SVM,406,11,40,17,7,0.68,0.6111,0.7018,0.4783,0.7383
Dataset_2,Right,SVM,407,11,40,15,9,0.68,0.55,0.7273,0.4783,0.7273
Dataset_2,Right,SVM,408,17,37,18,3,0.72,0.85,0.6727,0.6182,0.8709
Dataset_2,Right,SVM,409,12,37,20,6,0.6533,0.6667,0.6491,0.48,0.8021
Dataset_2,Right,SVM,410,12,41,18,4,0.7067,0.75,0.6949,0.5217,0.8416
Dataset_2,Right,SVM,411,13,37,15,10,0.6667,0.5652,0.7115,0.5098,0.745
Dataset_2,Right,SVM,412,11,50,11,3,0.8133,0.7857,0.8197,0.6111,0.9063
Dataset_2,Right,SVM,413,14,45,13,3,0.7867,0.8235,0.7759,0.6364,0.8996
Dataset_2,Right,SVM,414,16,42,7,10,0.7733,0.6154,0.8571,0.6531,0.8163
Dataset_2,Right,SVM,415,17,37,17,4,0.72,0.8095,0.6852,0.6182,0.7937
Dataset_2,Right,SVM,416,14,35,12,14,0.6533,0.5,0.7447,0.5185,0.8267
Dataset_2,Right,SVM,417,8,49,10,8,0.76,0.5,0.8305,0.4706,0.7839
Dataset_2,Right,SVM,418,15,42,10,8,0.76,0.6522,0.8077,0.625,0.8545
Dataset_2,Right,SVM,419,6,54,10,5,0.8,0.5455,0.8438,0.4444,0.8161
Dataset_2,Right,SVM,420,9,44,16,6,0.7067,0.6,0.7333,0.45,0.7672
Dataset_2,Right,SVM,421,11,47,9,8,0.7733,0.5789,0.8393,0.5641,0.8393
Dataset_2,Right,SVM,422,6,48,15,6,0.72,0.5,0.7619,0.3636,0.7354
Dataset_2,Right,SVM,423,12,47,7,9,0.7867,0.5714,0.8704,0.6,0.8386
Dataset_2,Right,SVM,424,12,45,13,5,0.76,0.7059,0.7759,0.5714,0.8342
Dataset_2,Right,SVM,425,7,48,13,7,0.7333,0.5,0.7869,0.4118,0.7008
Dataset_2,Right,SVM,426,9,54,7,5,0.84,0.6429,0.8852,0.6,0.9005
Dataset_2,Right,SVM,427,15,51,7,2,0.88,0.8824,0.8793,0.7692,0.9067
Dataset_2,Right,SVM,428,12,39,16,8,0.68,0.6,0.7091,0.5,0.7668
Dataset_2,Right,SVM,429,8,40,21,6,0.64,0.5714,0.6557,0.3721,0.7635
Dataset_2,Right,SVM,430,12,41,14,8,0.7067,0.6,0.7455,0.5217,0.7882
Dataset_2,Right,SVM,431,14,44,11,6,0.7733,0.7,0.8,0.6222,0.8191
Dataset_2,Right,SVM,432,14,44,10,7,0.7733,0.6667,0.8148,0.6222,0.8713
Dataset_2,Right,SVM,433,19,38,11,7,0.76,0.7308,0.7755,0.6786,0.8257
Dataset_2,Right,SVM,434,17,34,15,9,0.68,0.6538,0.6939,0.5862,0.7578
Dataset_2,Right,SVM,435,10,42,14,9,0.6933,0.5263,0.75,0.4651,0.7199
Dataset_2,Right,SVM,436,12,40,18,5,0.6933,0.7059,0.6897,0.5106,0.7738
Dataset_2,Right,SVM,437,12,42,15,6,0.72,0.6667,0.7368,0.5333,0.8655
Dataset_2,Right,SVM,438,11,45,10,9,0.7467,0.55,0.8182,0.5366,0.8282
Dataset_2,Right,SVM,439,9,43,11,12,0.6933,0.4286,0.7963,0.439,0.7399
Dataset_2,Right,SVM,440,14,39,15,7,0.7067,0.6667,0.7222,0.56,0.8122
Dataset_2,Right,SVM,441,15,48,8,4,0.84,0.7895,0.8571,0.7143,0.8745
Dataset_2,Right,SVM,442,19,39,15,2,0.7733,0.9048,0.7222,0.6909,0.8783
Dataset_2,Right,SVM,443,14,40,14,7,0.72,0.6667,0.7407,0.5714,0.8166
Dataset_2,Right,SVM,444,13,45,12,5,0.7733,0.7222,0.7895,0.6047,0.749
Dataset_2,Right,SVM,445,16,44,11,4,0.8,0.8,0.8,0.6809,0.9236
Dataset_2,Right,SVM,446,21,33,15,6,0.72,0.7778,0.6875,0.6667,0.8611
Dataset_2,Right,SVM,447,8,44,14,9,0.6933,0.4706,0.7586,0.4103,0.7769
Dataset_2,Right,SVM,448,11,43,17,4,0.72,0.7333,0.7167,0.5116,0.7833
Dataset_2,Right,SVM,449,10,42,13,10,0.6933,0.5,0.7636,0.4651,0.7659
Dataset_2,Right,SVM,450,17,39,17,2,0.7467,0.8947,0.6964,0.6415,0.813
Dataset_2,Right,SVM,451,14,41,13,7,0.7333,0.6667,0.7593,0.5833,0.8205
Dataset_2,Right,SVM,452,12,38,19,6,0.6667,0.6667,0.6667,0.4898,0.7432
Dataset_2,Right,SVM,453,15,45,9,6,0.8,0.7143,0.8333,0.6667,0.8836
Dataset_2,Right,SVM,454,8,41,13,13,0.6533,0.381,0.7593,0.381,0.7024
Dataset_2,Right,SVM,455,11,46,12,6,0.76,0.6471,0.7931,0.55,0.8874
Dataset_2,Right,SVM,456,14,48,9,4,0.8267,0.7778,0.8421,0.6829,0.9259
Dataset_2,Right,SVM,457,13,44,12,6,0.76,0.6842,0.7857,0.5909,0.8271
Dataset_2,Right,SVM,458,12,38,19,6,0.6667,0.6667,0.6667,0.4898,0.7476
Dataset_2,Right,SVM,459,9,46,12,8,0.7333,0.5294,0.7931,0.4737,0.7576
Dataset_2,Right,SVM,460,9,51,8,7,0.8,0.5625,0.8644,0.5455,0.8136
Dataset_2,Right,SVM,461,8,47,10,10,0.7333,0.4444,0.8246,0.4444,0.6862
Dataset_2,Right,SVM,462,17,41,14,3,0.7733,0.85,0.7455,0.6667,0.8627
Dataset_2,Right,SVM,463,15,44,11,5,0.7867,0.75,0.8,0.6522,0.8018
Dataset_2,Right,SVM,464,17,36,16,6,0.7067,0.7391,0.6923,0.6071,0.8002
Dataset_2,Right,SVM,465,9,48,11,7,0.76,0.5625,0.8136,0.5,0.8771
Dataset_2,Right,SVM,466,19,38,9,9,0.76,0.6786,0.8085,0.6786,0.8936
Dataset_2,Right,SVM,467,17,42,11,5,0.7867,0.7727,0.7925,0.68,0.8709
Dataset_2,Right,SVM,468,16,45,6,8,0.8133,0.6667,0.8824,0.6957,0.8962
Dataset_2,Right,SVM,469,11,47,10,7,0.7733,0.6111,0.8246,0.5641,0.8577
Dataset_2,Right,SVM,470,16,40,11,8,0.7467,0.6667,0.7843,0.6275,0.8358
Dataset_2,Right,SVM,471,10,49,10,6,0.7867,0.625,0.8305,0.5556,0.8236
Dataset_2,Right,SVM,472,12,43,13,7,0.7333,0.6316,0.7679,0.5455,0.8092
Dataset_2,Right,SVM,473,15,47,7,6,0.8267,0.7143,0.8704,0.6977,0.8567
Dataset_2,Right,SVM,474,18,34,15,8,0.6933,0.6923,0.6939,0.6102,0.7296
Dataset_2,Right,SVM,475,10,44,11,10,0.72,0.5,0.8,0.4878,0.7709
Dataset_2,Right,SVM,476,15,38,14,8,0.7067,0.6522,0.7308,0.5769,0.7579
Dataset_2,Right,SVM,477,20,41,11,3,0.8133,0.8696,0.7885,0.7407,0.8788
Dataset_2,Right,SVM,478,15,36,14,10,0.68,0.6,0.72,0.5556,0.7736
Dataset_2,Right,SVM,479,13,37,15,10,0.6667,0.5652,0.7115,0.5098,0.7467
Dataset_2,Right,SVM,480,17,42,12,4,0.7867,0.8095,0.7778,0.68,0.8924
Dataset_2,Right,SVM,481,18,35,14,8,0.7067,0.6923,0.7143,0.6207,0.8116
Dataset_2,Right,SVM,482,6,41,21,7,0.6267,0.4615,0.6613,0.3,0.6464
Dataset_2,Right,SVM,483,7,45,12,11,0.6933,0.3889,0.7895,0.3784,0.7442
Dataset_2,Right,SVM,484,13,39,14,9,0.6933,0.5909,0.7358,0.5306,0.7436
Dataset_2,Right,SVM,485,16,39,11,9,0.7333,0.64,0.78,0.6154,0.8328
Dataset_2,Right,SVM,486,17,45,7,6,0.8267,0.7391,0.8654,0.7234,0.9164
Dataset_2,Right,SVM,487,12,42,13,8,0.72,0.6,0.7636,0.5333,0.8291
Dataset_2,Right,SVM,488,15,36,13,11,0.68,0.5769,0.7347,0.5556,0.7755
Dataset_2,Right,SVM,489,16,46,11,2,0.8267,0.8889,0.807,0.7111,0.8801
Dataset_2,Right,SVM,490,14,43,13,5,0.76,0.7368,0.7679,0.6087,0.89
Dataset_2,Right,SVM,491,15,40,14,6,0.7333,0.7143,0.7407,0.6,0.8267
Dataset_2,Right,SVM,492,16,37,12,10,0.7067,0.6154,0.7551,0.5926,0.8403
Dataset_2,Right,SVM,493,19,38,10,8,0.76,0.7037,0.7917,0.6786,0.8619
Dataset_2,Right,SVM,494,7,46,13,9,0.7067,0.4375,0.7797,0.3889,0.6557
Dataset_2,Right,SVM,495,13,51,7,4,0.8533,0.7647,0.8793,0.7027,0.9391
Dataset_2,Right,SVM,496,9,50,6,10,0.7867,0.4737,0.8929,0.5294,0.8158
Dataset_2,Right,SVM,497,11,41,19,4,0.6933,0.7333,0.6833,0.4889,0.83
Dataset_2,Right,SVM,498,13,42,14,6,0.7333,0.6842,0.75,0.5652,0.7815
Dataset_2,Right,SVM,499,16,39,15,5,0.7333,0.7619,0.7222,0.6154,0.7866
Dataset_2,Right,SVM,500,18,38,13,6,0.7467,0.75,0.7451,0.6545,0.8632
Dataset_2,Right,SVM,501,12,42,13,8,0.72,0.6,0.7636,0.5333,0.8064
Dataset_2,Right,SVM,502,16,37,9,13,0.7067,0.5517,0.8043,0.5926,0.7789
Dataset_2,Right,SVM,503,12,43,15,5,0.7333,0.7059,0.7414,0.5455,0.8362
Dataset_2,Right,SVM,504,11,42,14,8,0.7067,0.5789,0.75,0.5,0.8374
Dataset_2,Right,SVM,505,15,46,10,4,0.8133,0.7895,0.8214,0.6818,0.7989
Dataset_2,Right,SVM,506,12,48,11,4,0.8,0.75,0.8136,0.6154,0.8718
Dataset_2,Right,SVM,507,15,39,15,6,0.72,0.7143,0.7222,0.5882,0.8148
Dataset_2,Right,SVM,508,10,47,15,3,0.76,0.7692,0.7581,0.5263,0.8406
Dataset_2,Right,SVM,509,12,44,15,4,0.7467,0.75,0.7458,0.5581,0.8252
Dataset_2,Right,SVM,510,13,41,13,8,0.72,0.619,0.7593,0.5532,0.7584
Dataset_2,Right,SVM,511,14,43,13,5,0.76,0.7368,0.7679,0.6087,0.8153
Dataset_2,Right,SVM,512,15,43,10,7,0.7733,0.6818,0.8113,0.6383,0.8542
Dataset_2,Right,SVM,513,14,47,5,9,0.8133,0.6087,0.9038,0.6667,0.8892
Dataset_2,Right,SVM,514,9,41,18,7,0.6667,0.5625,0.6949,0.4186,0.7209
Dataset_2,Right,SVM,515,11,45,15,4,0.7467,0.7333,0.75,0.5366,0.8167
Dataset_2,Right,SVM,516,11,48,10,6,0.7867,0.6471,0.8276,0.5789,0.8753
Dataset_2,Right,SVM,517,17,41,11,6,0.7733,0.7391,0.7885,0.6667,0.8662
Dataset_2,Right,SVM,518,15,36,14,10,0.68,0.6,0.72,0.5556,0.7224
Dataset_2,Right,SVM,519,15,38,12,10,0.7067,0.6,0.76,0.5769,0.7888
Dataset_2,Right,SVM,520,13,44,15,3,0.76,0.8125,0.7458,0.5909,0.8581
Dataset_2,Right,SVM,521,14,43,9,9,0.76,0.6087,0.8269,0.6087,0.8265
Dataset_2,Right,SVM,522,10,47,8,10,0.76,0.5,0.8545,0.5263,0.8532
Dataset_2,Right,SVM,523,6,42,18,9,0.64,0.4,0.7,0.3077,0.7172
Dataset_2,Right,SVM,524,14,39,13,9,0.7067,0.6087,0.75,0.56,0.7676
Dataset_2,Right,SVM,525,16,42,10,7,0.7733,0.6957,0.8077,0.6531,0.837
Dataset_2,Right,SVM,526,13,46,12,4,0.7867,0.7647,0.7931,0.619,0.8646
Dataset_2,Right,SVM,527,13,43,12,7,0.7467,0.65,0.7818,0.5778,0.8491
Dataset_2,Right,SVM,528,14,43,11,7,0.76,0.6667,0.7963,0.6087,0.8422
Dataset_2,Right,SVM,529,11,52,8,4,0.84,0.7333,0.8667,0.6471,0.9078
Dataset_2,Right,SVM,530,9,40,17,9,0.6533,0.5,0.7018,0.4091,0.7096
Dataset_2,Right,SVM,531,14,42,19,0,0.7467,1.0,0.6885,0.5957,0.8958
Dataset_2,Right,SVM,532,19,40,11,5,0.7867,0.7917,0.7843,0.7037,0.8019
Dataset_2,Right,SVM,533,15,35,17,8,0.6667,0.6522,0.6731,0.5455,0.7885
Dataset_2,Right,SVM,534,21,34,12,8,0.7333,0.7241,0.7391,0.6774,0.8092
Dataset_2,Right,SVM,535,12,43,10,10,0.7333,0.5455,0.8113,0.5455,0.8053
Dataset_2,Right,SVM,536,14,40,14,7,0.72,0.6667,0.7407,0.5714,0.7778
Dataset_2,Right,SVM,537,13,42,14,6,0.7333,0.6842,0.75,0.5652,0.8816
Dataset_2,Right,SVM,538,13,45,11,6,0.7733,0.6842,0.8036,0.6047,0.8205
Dataset_2,Right,SVM,539,9,48,13,5,0.76,0.6429,0.7869,0.5,0.8039
Dataset_2,Right,SVM,540,11,45,13,6,0.7467,0.6471,0.7759,0.5366,0.822
Dataset_2,Right,SVM,541,17,37,10,11,0.72,0.6071,0.7872,0.6182,0.8093
Dataset_2,Right,SVM,542,9,47,13,6,0.7467,0.6,0.7833,0.4865,0.8072
Dataset_2,Right,SVM,543,15,42,11,7,0.76,0.6818,0.7925,0.625,0.801
Dataset_2,Right,SVM,544,20,39,14,2,0.7867,0.9091,0.7358,0.7143,0.9194
Dataset_2,Right,SVM,545,16,32,12,15,0.64,0.5161,0.7273,0.5424,0.8013
Dataset_2,Right,SVM,546,14,44,11,6,0.7733,0.7,0.8,0.6222,0.8727
Dataset_2,Right,SVM,547,13,38,14,10,0.68,0.5652,0.7308,0.52,0.7709
Dataset_2,Right,SVM,548,11,44,9,11,0.7333,0.5,0.8302,0.5238,0.825
Dataset_2,Right,SVM,549,16,38,12,9,0.72,0.64,0.76,0.6038,0.848
Dataset_2,Right,SVM,550,12,44,13,6,0.7467,0.6667,0.7719,0.5581,0.8304
Dataset_2,Right,SVM,551,10,50,10,5,0.8,0.6667,0.8333,0.5714,0.9133
Dataset_2,Right,SVM,552,15,41,14,5,0.7467,0.75,0.7455,0.6122,0.8745
Dataset_2,Right,SVM,553,11,50,7,7,0.8133,0.6111,0.8772,0.6111,0.8567
Dataset_2,Right,SVM,554,12,38,16,9,0.6667,0.5714,0.7037,0.4898,0.7641
Dataset_2,Right,SVM,555,13,49,10,3,0.8267,0.8125,0.8305,0.6667,0.8538
Dataset_2,Right,SVM,556,11,51,12,1,0.8267,0.9167,0.8095,0.6286,0.959
Dataset_2,Right,SVM,557,13,48,9,5,0.8133,0.7222,0.8421,0.65,0.9191
Dataset_2,Right,SVM,558,10,49,12,4,0.7867,0.7143,0.8033,0.5556,0.8923
Dataset_2,Right,SVM,559,12,42,14,7,0.72,0.6316,0.75,0.5333,0.8712
Dataset_2,Right,SVM,560,14,40,14,7,0.72,0.6667,0.7407,0.5714,0.7981
Dataset_2,Right,SVM,561,13,44,11,7,0.76,0.65,0.8,0.5909,0.7955
Dataset_2,Right,SVM,562,13,40,13,9,0.7067,0.5909,0.7547,0.5417,0.825
Dataset_2,Right,SVM,563,22,39,11,3,0.8133,0.88,0.78,0.7586,0.904
Dataset_2,Right,SVM,564,13,46,10,6,0.7867,0.6842,0.8214,0.619,0.8863
Dataset_2,Right,SVM,565,14,46,10,5,0.8,0.7368,0.8214,0.6512,0.8553
Dataset_2,Right,SVM,566,21,32,15,7,0.7067,0.75,0.6809,0.6562,0.8138
Dataset_2,Right,SVM,567,5,51,11,8,0.7467,0.3846,0.8226,0.3448,0.7798
Dataset_2,Right,SVM,568,12,46,13,4,0.7733,0.75,0.7797,0.5854,0.8824
Dataset_2,Right,SVM,569,13,49,11,2,0.8267,0.8667,0.8167,0.6667,0.9244
Dataset_2,Right,SVM,570,8,44,14,9,0.6933,0.4706,0.7586,0.4103,0.7911
Dataset_2,Right,SVM,571,7,51,10,7,0.7733,0.5,0.8361,0.4516,0.7974
Dataset_2,Right,SVM,572,13,40,17,5,0.7067,0.7222,0.7018,0.5417,0.848
Dataset_2,Right,SVM,573,13,41,17,4,0.72,0.7647,0.7069,0.5532,0.8722
Dataset_2,Right,SVM,574,13,47,13,2,0.8,0.8667,0.7833,0.6341,0.9133
Dataset_2,Right,SVM,575,11,54,7,3,0.8667,0.7857,0.8852,0.6875,0.8823
Dataset_2,Right,SVM,576,4,43,19,9,0.6267,0.3077,0.6935,0.2222,0.7146
Dataset_2,Right,SVM,577,15,48,6,6,0.84,0.7143,0.8889,0.7143,0.9206
Dataset_2,Right,SVM,578,18,37,14,6,0.7333,0.75,0.7255,0.6429,0.8497
Dataset_2,Right,SVM,579,16,42,10,7,0.7733,0.6957,0.8077,0.6531,0.8432
Dataset_2,Right,SVM,580,17,38,17,3,0.7333,0.85,0.6909,0.6296,0.8618
Dataset_2,Right,SVM,581,12,49,10,4,0.8133,0.75,0.8305,0.6316,0.7924
Dataset_2,Right,SVM,582,8,46,13,8,0.72,0.5,0.7797,0.4324,0.7807
Dataset_2,Right,SVM,583,19,36,11,9,0.7333,0.6786,0.766,0.6552,0.8343
Dataset_2,Right,SVM,584,13,41,13,8,0.72,0.619,0.7593,0.5532,0.8104
Dataset_2,Right,SVM,585,10,40,16,9,0.6667,0.5263,0.7143,0.4444,0.7636
Dataset_2,Right,SVM,586,13,43,13,6,0.7467,0.6842,0.7679,0.5778,0.7848
Dataset_2,Right,SVM,587,13,44,14,4,0.76,0.7647,0.7586,0.5909,0.8732
Dataset_2,Right,SVM,588,14,43,9,9,0.76,0.6087,0.8269,0.6087,0.8148
Dataset_2,Right,SVM,589,15,44,12,4,0.7867,0.7895,0.7857,0.6522,0.8289
Dataset_2,Right,SVM,590,15,40,9,11,0.7333,0.5769,0.8163,0.6,0.823
Dataset_2,Right,SVM,591,12,44,11,8,0.7467,0.6,0.8,0.5581,0.8055
Dataset_2,Right,SVM,592,14,42,11,8,0.7467,0.6364,0.7925,0.5957,0.8902
Dataset_2,Right,SVM,593,10,41,19,5,0.68,0.6667,0.6833,0.4545,0.7872
Dataset_2,Right,SVM,594,12,46,8,9,0.7733,0.5714,0.8519,0.5854,0.8311
Dataset_2,Right,SVM,595,4,49,15,7,0.7067,0.3636,0.7656,0.2667,0.7841
Dataset_2,Right,SVM,596,12,50,10,3,0.8267,0.8,0.8333,0.6486,0.9144
Dataset_2,Right,SVM,597,12,37,18,8,0.6533,0.6,0.6727,0.48,0.7455
Dataset_2,Right,SVM,598,8,43,17,7,0.68,0.5333,0.7167,0.4,0.7733
Dataset_2,Right,SVM,599,17,45,8,5,0.8267,0.7727,0.8491,0.7234,0.9044
Dataset_2,Right,SVM,600,13,41,15,6,0.72,0.6842,0.7321,0.5532,0.7993
Dataset_2,Right,SVM,601,12,45,10,8,0.76,0.6,0.8182,0.5714,0.8368
Dataset_2,Right,SVM,602,15,43,13,4,0.7733,0.7895,0.7679,0.6383,0.8816
Dataset_2,Right,SVM,603,12,45,8,10,0.76,0.5455,0.8491,0.5714,0.7976
Dataset_2,Right,SVM,604,9,50,13,3,0.7867,0.75,0.7937,0.5294,0.8638
Dataset_2,Right,SVM,605,16,44,13,2,0.8,0.8889,0.7719,0.6809,0.9571
Dataset_2,Right,SVM,606,13,47,9,6,0.8,0.6842,0.8393,0.6341,0.8252
Dataset_2,Right,SVM,607,15,36,14,10,0.68,0.6,0.72,0.5556,0.7424
Dataset_2,Right,SVM,608,11,41,12,11,0.6933,0.5,0.7736,0.4889,0.7864
Dataset_2,Right,SVM,609,6,52,12,5,0.7733,0.5455,0.8125,0.4138,0.7692
Dataset_2,Right,SVM,610,12,51,8,4,0.84,0.75,0.8644,0.6667,0.911
Dataset_2,Right,SVM,611,12,42,13,8,0.72,0.6,0.7636,0.5333,0.8382
Dataset_2,Right,SVM,612,8,42,15,10,0.6667,0.4444,0.7368,0.3902,0.6842
Dataset_2,Right,SVM,613,12,50,10,3,0.8267,0.8,0.8333,0.6486,0.8722
Dataset_2,Right,SVM,614,16,38,12,9,0.72,0.64,0.76,0.6038,0.8184
Dataset_2,Right,SVM,615,10,45,14,6,0.7333,0.625,0.7627,0.5,0.8083
Dataset_2,Right,SVM,616,11,52,9,3,0.84,0.7857,0.8525,0.6471,0.8454
Dataset_2,Right,SVM,617,9,48,11,7,0.76,0.5625,0.8136,0.5,0.8686
Dataset_2,Right,SVM,618,13,44,14,4,0.76,0.7647,0.7586,0.5909,0.8428
Dataset_2,Right,SVM,619,16,39,11,9,0.7333,0.64,0.78,0.6154,0.7736
Dataset_2,Right,SVM,620,16,39,15,5,0.7333,0.7619,0.7222,0.6154,0.8355
Dataset_2,Right,SVM,621,13,40,15,7,0.7067,0.65,0.7273,0.5417,0.88
Dataset_2,Right,SVM,622,13,50,7,5,0.84,0.7222,0.8772,0.6842,0.9162
Dataset_2,Right,SVM,623,10,46,13,6,0.7467,0.625,0.7797,0.5128,0.8242
Dataset_2,Right,SVM,624,11,41,13,10,0.6933,0.5238,0.7593,0.4889,0.7566
Dataset_2,Right,SVM,625,12,44,10,9,0.7467,0.5714,0.8148,0.5581,0.7531
Dataset_2,Right,SVM,626,15,50,6,4,0.8667,0.7895,0.8929,0.75,0.937
Dataset_2,Right,SVM,627,15,41,8,11,0.7467,0.5769,0.8367,0.6122,0.8524
Dataset_2,Right,SVM,628,13,47,10,5,0.8,0.7222,0.8246,0.6341,0.8387
Dataset_2,Right,SVM,629,13,44,10,8,0.76,0.619,0.8148,0.5909,0.8254
Dataset_2,Right,SVM,630,16,39,13,7,0.7333,0.6957,0.75,0.6154,0.8687
Dataset_2,Right,SVM,631,17,40,14,4,0.76,0.8095,0.7407,0.6538,0.8783
Dataset_2,Right,SVM,632,19,41,7,8,0.8,0.7037,0.8542,0.717,0.8657
Dataset_2,Right,SVM,633,10,46,12,7,0.7467,0.5882,0.7931,0.5128,0.8377
Dataset_2,Right,SVM,634,14,41,11,9,0.7333,0.6087,0.7885,0.5833,0.7801
Dataset_2,Right,SVM,635,12,37,13,13,0.6533,0.48,0.74,0.48,0.7328
Dataset_2,Right,SVM,636,14,37,18,6,0.68,0.7,0.6727,0.5385,0.7723
Dataset_2,Right,SVM,637,11,42,15,7,0.7067,0.6111,0.7368,0.5,0.8294
Dataset_2,Right,SVM,638,9,45,9,12,0.72,0.4286,0.8333,0.4615,0.746
Dataset_2,Right,SVM,639,7,50,11,7,0.76,0.5,0.8197,0.4375,0.8689
Dataset_2,Right,SVM,640,18,42,11,4,0.8,0.8182,0.7925,0.7059,0.8332
Dataset_2,Right,SVM,641,10,42,16,7,0.6933,0.5882,0.7241,0.4651,0.7546
Dataset_2,Right,SVM,642,12,44,10,9,0.7467,0.5714,0.8148,0.5581,0.8223
Dataset_2,Right,SVM,643,15,40,9,11,0.7333,0.5769,0.8163,0.6,0.8438
Dataset_2,Right,SVM,644,11,48,9,7,0.7867,0.6111,0.8421,0.5789,0.8348
Dataset_2,Right,SVM,645,19,34,15,7,0.7067,0.7308,0.6939,0.6333,0.8297
Dataset_2,Right,SVM,646,12,43,13,7,0.7333,0.6316,0.7679,0.5455,0.8177
Dataset_2,Right,SVM,647,12,40,15,8,0.6933,0.6,0.7273,0.5106,0.7891
Dataset_2,Right,SVM,648,12,43,12,8,0.7333,0.6,0.7818,0.5455,0.8027
Dataset_2,Right,SVM,649,10,47,13,5,0.76,0.6667,0.7833,0.5263,0.8478
Dataset_2,Right,SVM,650,14,44,11,6,0.7733,0.7,0.8,0.6222,0.9036
Dataset_2,Right,SVM,651,12,41,14,8,0.7067,0.6,0.7455,0.5217,0.8073
Dataset_2,Right,SVM,652,14,39,11,11,0.7067,0.56,0.78,0.56,0.84
Dataset_2,Right,SVM,653,14,41,12,8,0.7333,0.6364,0.7736,0.5833,0.8366
Dataset_2,Right,SVM,654,18,41,10,6,0.7867,0.75,0.8039,0.6923,0.8742
Dataset_2,Right,SVM,655,18,38,12,7,0.7467,0.72,0.76,0.6545,0.7848
Dataset_2,Right,SVM,656,11,44,12,8,0.7333,0.5789,0.7857,0.5238,0.8863
Dataset_2,Right,SVM,657,15,49,6,5,0.8533,0.75,0.8909,0.7317,0.86
Dataset_2,Right,SVM,658,12,40,15,8,0.6933,0.6,0.7273,0.5106,0.7491
Dataset_2,Right,SVM,659,15,43,10,7,0.7733,0.6818,0.8113,0.6383,0.8654
Dataset_2,Right,SVM,660,10,52,6,7,0.8267,0.5882,0.8966,0.6061,0.8803
Dataset_2,Right,SVM,661,10,46,12,7,0.7467,0.5882,0.7931,0.5128,0.7541
Dataset_2,Right,SVM,662,11,43,12,9,0.72,0.55,0.7818,0.5116,0.7891
Dataset_2,Right,SVM,663,11,44,14,6,0.7333,0.6471,0.7586,0.5238,0.7241
Dataset_2,Right,SVM,664,15,45,6,9,0.8,0.625,0.8824,0.6667,0.9069
Dataset_2,Right,SVM,665,10,42,14,9,0.6933,0.5263,0.75,0.4651,0.774
Dataset_2,Right,SVM,666,13,46,10,6,0.7867,0.6842,0.8214,0.619,0.8477
Dataset_2,Right,SVM,667,14,39,18,4,0.7067,0.7778,0.6842,0.56,0.8723
Dataset_2,Right,SVM,668,17,38,14,6,0.7333,0.7391,0.7308,0.6296,0.7722
Dataset_2,Right,SVM,669,11,43,16,5,0.72,0.6875,0.7288,0.5116,0.7987
Dataset_2,Right,SVM,670,11,38,18,8,0.6533,0.5789,0.6786,0.4583,0.7556
Dataset_2,Right,SVM,671,10,48,11,6,0.7733,0.625,0.8136,0.5405,0.8623
Dataset_2,Right,SVM,672,11,39,16,9,0.6667,0.55,0.7091,0.4681,0.7473
Dataset_2,Right,SVM,673,18,44,11,2,0.8267,0.9,0.8,0.7347,0.9064
Dataset_2,Right,SVM,674,11,46,9,9,0.76,0.55,0.8364,0.55,0.8086
Dataset_2,Right,SVM,675,12,46,11,6,0.7733,0.6667,0.807,0.5854,0.8148
Dataset_2,Right,SVM,676,16,41,10,8,0.76,0.6667,0.8039,0.64,0.8652
Dataset_2,Right,SVM,677,16,44,12,3,0.8,0.8421,0.7857,0.6809,0.8825
Dataset_2,Right,SVM,678,13,42,17,3,0.7333,0.8125,0.7119,0.5652,0.8411
Dataset_2,Right,SVM,679,18,40,10,7,0.7733,0.72,0.8,0.6792,0.8952
Dataset_2,Right,SVM,680,24,40,9,2,0.8533,0.9231,0.8163,0.8136,0.9325
Dataset_2,Right,SVM,681,10,46,12,7,0.7467,0.5882,0.7931,0.5128,0.7571
Dataset_2,Right,SVM,682,12,36,19,8,0.64,0.6,0.6545,0.4706,0.7614
Dataset_2,Right,SVM,683,13,36,19,7,0.6533,0.65,0.6545,0.5,0.7527
Dataset_2,Right,SVM,684,10,39,16,10,0.6533,0.5,0.7091,0.4348,0.7173
Dataset_2,Right,SVM,685,16,38,15,6,0.72,0.7273,0.717,0.6038,0.819
Dataset_2,Right,SVM,686,15,42,15,3,0.76,0.8333,0.7368,0.625,0.8977
Dataset_2,Right,SVM,687,20,30,20,5,0.6667,0.8,0.6,0.6154,0.7956
Dataset_2,Right,SVM,688,8,42,17,8,0.6667,0.5,0.7119,0.3902,0.7617
Dataset_2,Right,SVM,689,17,40,11,7,0.76,0.7083,0.7843,0.6538,0.8627
Dataset_2,Right,SVM,690,9,42,18,6,0.68,0.6,0.7,0.4286,0.7544
Dataset_2,Right,SVM,691,10,44,13,8,0.72,0.5556,0.7719,0.4878,0.7851
Dataset_2,Right,SVM,692,18,38,14,5,0.7467,0.7826,0.7308,0.6545,0.8645
Dataset_2,Right,SVM,693,14,38,14,9,0.6933,0.6087,0.7308,0.549,0.8286
Dataset_2,Right,SVM,694,11,46,12,6,0.76,0.6471,0.7931,0.55,0.8595
Dataset_2,Right,SVM,695,10,45,13,7,0.7333,0.5882,0.7759,0.5,0.8103
Dataset_2,Right,SVM,696,9,39,17,10,0.64,0.4737,0.6964,0.4,0.6866
Dataset_2,Right,SVM,697,10,50,10,5,0.8,0.6667,0.8333,0.5714,0.8589
Dataset_2,Right,SVM,698,12,44,16,3,0.7467,0.8,0.7333,0.5581,0.8078
Dataset_2,Right,SVM,699,21,41,10,3,0.8267,0.875,0.8039,0.7636,0.8676
Dataset_2,Right,SVM,700,14,43,10,8,0.76,0.6364,0.8113,0.6087,0.8774
Dataset_2,Right,SVM,701,20,40,10,5,0.8,0.8,0.8,0.7273,0.9128
Dataset_2,Right,SVM,702,15,40,14,6,0.7333,0.7143,0.7407,0.6,0.8536
Dataset_2,Right,SVM,703,12,44,10,9,0.7467,0.5714,0.8148,0.5581,0.8765
Dataset_2,Right,SVM,704,17,45,11,2,0.8267,0.8947,0.8036,0.7234,0.8966
Dataset_2,Right,SVM,705,20,40,9,6,0.8,0.7692,0.8163,0.7273,0.8779
Dataset_2,Right,SVM,706,11,48,10,6,0.7867,0.6471,0.8276,0.5789,0.823
Dataset_2,Right,SVM,707,12,55,5,3,0.8933,0.8,0.9167,0.75,0.9222
Dataset_2,Right,SVM,708,10,40,16,9,0.6667,0.5263,0.7143,0.4444,0.7162
Dataset_2,Right,SVM,709,17,41,8,9,0.7733,0.6538,0.8367,0.6667,0.8736
Dataset_2,Right,SVM,710,23,38,6,8,0.8133,0.7419,0.8636,0.7667,0.8842
Dataset_2,Right,SVM,711,12,42,11,10,0.72,0.5455,0.7925,0.5333,0.819
Dataset_2,Right,SVM,712,14,41,12,8,0.7333,0.6364,0.7736,0.5833,0.8156
Dataset_2,Right,SVM,713,15,51,9,0,0.88,1.0,0.85,0.7692,0.9478
Dataset_2,Right,SVM,714,14,39,15,7,0.7067,0.6667,0.7222,0.56,0.8016
Dataset_2,Right,SVM,715,18,45,7,5,0.84,0.7826,0.8654,0.75,0.9206
Dataset_2,Right,SVM,716,9,45,11,10,0.72,0.4737,0.8036,0.4615,0.7425
Dataset_2,Right,SVM,717,15,37,13,10,0.6933,0.6,0.74,0.566,0.6968
Dataset_2,Right,SVM,718,18,39,14,4,0.76,0.8182,0.7358,0.6667,0.8606
Dataset_2,Right,SVM,719,11,43,14,7,0.72,0.6111,0.7544,0.5116,0.7924
Dataset_2,Right,SVM,720,13,34,21,7,0.6267,0.65,0.6182,0.4815,0.7664
Dataset_2,Right,SVM,721,10,41,15,9,0.68,0.5263,0.7321,0.4545,0.6889
Dataset_2,Right,SVM,722,9,46,12,8,0.7333,0.5294,0.7931,0.4737,0.7789
Dataset_2,Right,SVM,723,13,38,15,9,0.68,0.5909,0.717,0.52,0.7123
Dataset_2,Right,SVM,724,10,41,16,8,0.68,0.5556,0.7193,0.4545,0.7617
Dataset_2,Right,SVM,725,14,44,11,6,0.7733,0.7,0.8,0.6222,0.8864
Dataset_2,Right,SVM,726,14,34,19,8,0.64,0.6364,0.6415,0.5091,0.7573
Dataset_2,Right,SVM,727,9,48,12,6,0.76,0.6,0.8,0.5,0.8233
Dataset_2,Right,SVM,728,14,44,11,6,0.7733,0.7,0.8,0.6222,0.8191
Dataset_2,Right,SVM,729,11,42,14,8,0.7067,0.5789,0.75,0.5,0.797
Dataset_2,Right,SVM,730,13,39,15,8,0.6933,0.619,0.7222,0.5306,0.8197
Dataset_2,Right,SVM,731,16,37,13,9,0.7067,0.64,0.74,0.5926,0.852
Dataset_2,Right,SVM,732,13,42,8,12,0.7333,0.52,0.84,0.5652,0.8304
Dataset_2,Right,SVM,733,19,37,11,8,0.7467,0.7037,0.7708,0.6667,0.821
Dataset_2,Right,SVM,734,12,41,16,6,0.7067,0.6667,0.7193,0.5217,0.8002
Dataset_2,Right,SVM,735,12,44,14,5,0.7467,0.7059,0.7586,0.5581,0.8489
Dataset_2,Right,SVM,736,13,43,12,7,0.7467,0.65,0.7818,0.5778,0.7573
Dataset_2,Right,SVM,737,10,45,13,7,0.7333,0.5882,0.7759,0.5,0.8661
Dataset_2,Right,SVM,738,13,37,21,4,0.6667,0.7647,0.6379,0.5098,0.8631
Dataset_2,Right,SVM,739,16,39,7,13,0.7333,0.5517,0.8478,0.6154,0.7961
Dataset_2,Right,SVM,740,9,44,12,10,0.7067,0.4737,0.7857,0.45,0.7805
Dataset_2,Right,SVM,741,12,44,13,6,0.7467,0.6667,0.7719,0.5581,0.8402
Dataset_2,Right,SVM,742,20,41,8,6,0.8133,0.7692,0.8367,0.7407,0.8878
Dataset_2,Right,SVM,743,15,43,13,4,0.7733,0.7895,0.7679,0.6383,0.7998
Dataset_2,Right,SVM,744,12,41,19,3,0.7067,0.8,0.6833,0.5217,0.8
Dataset_2,Right,SVM,745,12,48,12,3,0.8,0.8,0.8,0.6154,0.8811
Dataset_2,Right,SVM,746,14,41,13,7,0.7333,0.6667,0.7593,0.5833,0.7734
Dataset_2,Right,SVM,747,19,39,12,5,0.7733,0.7917,0.7647,0.6909,0.8497
Dataset_2,Right,SVM,748,17,35,17,6,0.6933,0.7391,0.6731,0.5965,0.8219
Dataset_2,Right,SVM,749,15,45,8,7,0.8,0.6818,0.8491,0.6667,0.8808
Dataset_2,Right,SVM,750,10,43,17,5,0.7067,0.6667,0.7167,0.4762,0.8172
Dataset_2,Right,SVM,751,11,49,7,8,0.8,0.5789,0.875,0.5946,0.8289
Dataset_2,Right,SVM,752,20,40,9,6,0.8,0.7692,0.8163,0.7273,0.8925
Dataset_2,Right,SVM,753,11,44,15,5,0.7333,0.6875,0.7458,0.5238,0.8072
Dataset_2,Right,SVM,754,18,38,12,7,0.7467,0.72,0.76,0.6545,0.8184
Dataset_2,Right,SVM,755,12,45,15,3,0.76,0.8,0.75,0.5714,0.88
Dataset_2,Right,SVM,756,16,40,14,5,0.7467,0.7619,0.7407,0.6275,0.8448
Dataset_2,Right,SVM,757,15,44,11,5,0.7867,0.75,0.8,0.6522,0.86
Dataset_2,Right,SVM,758,9,46,12,8,0.7333,0.5294,0.7931,0.4737,0.747
Dataset_2,Right,SVM,759,14,43,7,11,0.76,0.56,0.86,0.6087,0.8216
Dataset_2,Right,SVM,760,14,44,13,4,0.7733,0.7778,0.7719,0.6222,0.846
Dataset_2,Right,SVM,761,10,44,18,3,0.72,0.7692,0.7097,0.4878,0.8319
Dataset_2,Right,SVM,762,10,46,13,6,0.7467,0.625,0.7797,0.5128,0.7532
Dataset_2,Right,SVM,763,14,43,13,5,0.76,0.7368,0.7679,0.6087,0.8534
Dataset_2,Right,SVM,764,16,45,6,8,0.8133,0.6667,0.8824,0.6957,0.8497
Dataset_2,Right,SVM,765,12,42,14,7,0.72,0.6316,0.75,0.5333,0.7707
Dataset_2,Right,SVM,766,10,42,14,9,0.6933,0.5263,0.75,0.4651,0.8224
Dataset_2,Right,SVM,767,11,43,13,8,0.72,0.5789,0.7679,0.5116,0.8492
Dataset_2,Right,SVM,768,14,46,12,3,0.8,0.8235,0.7931,0.6512,0.8514
Dataset_2,Right,SVM,769,12,46,11,6,0.7733,0.6667,0.807,0.5854,0.8002
Dataset_2,Right,SVM,770,16,48,9,2,0.8533,0.8889,0.8421,0.7442,0.9483
Dataset_2,Right,SVM,771,11,49,10,5,0.8,0.6875,0.8305,0.5946,0.8612
Dataset_2,Right,SVM,772,14,34,16,11,0.64,0.56,0.68,0.5091,0.7648
Dataset_2,Right,SVM,773,17,37,14,7,0.72,0.7083,0.7255,0.6182,0.7827
Dataset_2,Right,SVM,774,10,42,13,10,0.6933,0.5,0.7636,0.4651,0.8418
Dataset_2,Right,SVM,775,15,36,16,8,0.68,0.6522,0.6923,0.5556,0.7659
Dataset_2,Right,SVM,776,19,38,9,9,0.76,0.6786,0.8085,0.6786,0.8446
Dataset_2,Right,SVM,777,12,43,12,8,0.7333,0.6,0.7818,0.5455,0.7873
Dataset_2,Right,SVM,778,14,38,13,10,0.6933,0.5833,0.7451,0.549,0.7369
Dataset_2,Right,SVM,779,15,41,10,9,0.7467,0.625,0.8039,0.6122,0.8056
Dataset_2,Right,SVM,780,11,48,6,10,0.7867,0.5238,0.8889,0.5789,0.8898
Dataset_2,Right,SVM,781,10,43,14,8,0.7067,0.5556,0.7544,0.4762,0.848
Dataset_2,Right,SVM,782,18,38,13,6,0.7467,0.75,0.7451,0.6545,0.8354
Dataset_2,Right,SVM,783,10,47,10,8,0.76,0.5556,0.8246,0.5263,0.8197
Dataset_2,Right,SVM,784,14,45,10,6,0.7867,0.7,0.8182,0.6364,0.8973
Dataset_2,Right,SVM,785,13,43,13,6,0.7467,0.6842,0.7679,0.5778,0.7914
Dataset_2,Right,SVM,786,11,48,10,6,0.7867,0.6471,0.8276,0.5789,0.7333
Dataset_2,Right,SVM,787,10,51,10,4,0.8133,0.7143,0.8361,0.5882,0.8876
Dataset_2,Right,SVM,788,15,43,11,6,0.7733,0.7143,0.7963,0.6383,0.8474
Dataset_2,Right,SVM,789,13,42,11,9,0.7333,0.5909,0.7925,0.5652,0.7993
Dataset_2,Right,SVM,790,16,45,9,5,0.8133,0.7619,0.8333,0.6957,0.8236
Dataset_2,Right,SVM,791,10,40,14,11,0.6667,0.4762,0.7407,0.4444,0.7072
Dataset_2,Right,SVM,792,19,39,10,7,0.7733,0.7308,0.7959,0.6909,0.854
Dataset_2,Right,SVM,793,20,39,12,4,0.7867,0.8333,0.7647,0.7143,0.8619
Dataset_2,Right,SVM,794,16,41,5,13,0.76,0.5517,0.8913,0.64,0.7609
Dataset_2,Right,SVM,795,14,44,8,9,0.7733,0.6087,0.8462,0.6222,0.8612
Dataset_2,Right,SVM,796,14,40,10,11,0.72,0.56,0.8,0.5714,0.7688
Dataset_2,Right,SVM,797,12,41,12,10,0.7067,0.5455,0.7736,0.5217,0.765
Dataset_2,Right,SVM,798,7,45,19,4,0.6933,0.6364,0.7031,0.3784,0.777
Dataset_2,Right,SVM,799,12,45,13,5,0.76,0.7059,0.7759,0.5714,0.8742
Dataset_2,Right,SVM,800,9,43,16,7,0.6933,0.5625,0.7288,0.439,0.8104
Dataset_2,Right,SVM,801,9,50,12,4,0.7867,0.6923,0.8065,0.5294,0.8784
Dataset_2,Right,SVM,802,11,43,14,7,0.72,0.6111,0.7544,0.5116,0.8392
Dataset_2,Right,SVM,803,15,47,7,6,0.8267,0.7143,0.8704,0.6977,0.8558
Dataset_2,Right,SVM,804,15,41,16,3,0.7467,0.8333,0.7193,0.6122,0.885
Dataset_2,Right,SVM,805,14,42,13,6,0.7467,0.7,0.7636,0.5957,0.7755
Dataset_2,Right,SVM,806,11,42,13,9,0.7067,0.55,0.7636,0.5,0.8159
Dataset_2,Right,SVM,807,20,31,17,7,0.68,0.7407,0.6458,0.625,0.8086
Dataset_2,Right,SVM,808,13,40,15,7,0.7067,0.65,0.7273,0.5417,0.8186
Dataset_2,Right,SVM,809,14,43,11,7,0.76,0.6667,0.7963,0.6087,0.8422
Dataset_2,Right,SVM,810,11,45,12,7,0.7467,0.6111,0.7895,0.5366,0.8026
Dataset_2,Right,SVM,811,12,51,8,4,0.84,0.75,0.8644,0.6667,0.9131
Dataset_2,Right,SVM,812,12,49,9,5,0.8133,0.7059,0.8448,0.6316,0.857
Dataset_2,Right,SVM,813,12,42,14,7,0.72,0.6316,0.75,0.5333,0.8308
Dataset_2,Right,SVM,814,12,43,14,6,0.7333,0.6667,0.7544,0.5455,0.7992
Dataset_2,Right,SVM,815,14,48,11,2,0.8267,0.875,0.8136,0.6829,0.8766
Dataset_2,Right,SVM,816,10,40,17,8,0.6667,0.5556,0.7018,0.4444,0.7593
Dataset_2,Right,SVM,817,7,42,17,9,0.6533,0.4375,0.7119,0.35,0.6388
Dataset_2,Right,SVM,818,16,46,10,3,0.8267,0.8421,0.8214,0.7111,0.9352
Dataset_2,Right,SVM,819,15,44,9,7,0.7867,0.6818,0.8302,0.6522,0.8388
Dataset_2,Right,SVM,820,14,40,13,8,0.72,0.6364,0.7547,0.5714,0.8135
Dataset_2,Right,SVM,821,15,45,8,7,0.8,0.6818,0.8491,0.6667,0.8208
Dataset_2,Right,SVM,822,15,47,6,7,0.8267,0.6818,0.8868,0.6977,0.8576
Dataset_2,Right,SVM,823,13,45,12,5,0.7733,0.7222,0.7895,0.6047,0.8372
Dataset_2,Right,SVM,824,14,38,10,13,0.6933,0.5185,0.7917,0.549,0.7647
Dataset_2,Right,SVM,825,12,42,13,8,0.72,0.6,0.7636,0.5333,0.7573
Dataset_2,Right,SVM,826,12,41,18,4,0.7067,0.75,0.6949,0.5217,0.8549
Dataset_2,Right,SVM,827,16,42,11,6,0.7733,0.7273,0.7925,0.6531,0.8842
Dataset_2,Right,SVM,828,18,41,11,5,0.7867,0.7826,0.7885,0.6923,0.842
Dataset_2,Right,SVM,829,10,49,6,10,0.7867,0.5,0.8909,0.5556,0.84
Dataset_2,Right,SVM,830,14,40,16,5,0.72,0.7368,0.7143,0.5714,0.8788
Dataset_2,Right,SVM,831,18,45,9,3,0.84,0.8571,0.8333,0.75,0.9409
Dataset_2,Right,SVM,832,16,37,10,12,0.7067,0.5714,0.7872,0.5926,0.8245
Dataset_2,Right,SVM,833,14,43,12,6,0.76,0.7,0.7818,0.6087,0.8991
Dataset_2,Right,SVM,834,15,35,15,10,0.6667,0.6,0.7,0.5455,0.7336
Dataset_2,Right,SVM,835,14,42,12,7,0.7467,0.6667,0.7778,0.5957,0.8501
Dataset_2,Right,SVM,836,11,46,9,9,0.76,0.55,0.8364,0.55,0.8736
Dataset_2,Right,SVM,837,12,47,11,5,0.7867,0.7059,0.8103,0.6,0.8555
Dataset_2,Right,SVM,838,12,47,10,6,0.7867,0.6667,0.8246,0.6,0.8397
Dataset_2,Right,SVM,839,14,46,10,5,0.8,0.7368,0.8214,0.6512,0.8524
Dataset_2,Right,SVM,840,10,38,15,12,0.64,0.4545,0.717,0.4255,0.7247
Dataset_2,Right,SVM,841,11,45,10,9,0.7467,0.55,0.8182,0.5366,0.8564
Dataset_2,Right,SVM,842,13,34,17,11,0.6267,0.5417,0.6667,0.4815,0.7451
Dataset_2,Right,SVM,843,13,43,12,7,0.7467,0.65,0.7818,0.5778,0.8582
Dataset_2,Right,SVM,844,11,46,11,7,0.76,0.6111,0.807,0.55,0.8002
Dataset_2,Right,SVM,845,8,44,8,15,0.6933,0.3478,0.8462,0.4103,0.7751
Dataset_2,Right,SVM,846,16,44,8,7,0.8,0.6957,0.8462,0.6809,0.9055
Dataset_2,Right,SVM,847,13,40,11,11,0.7067,0.5417,0.7843,0.5417,0.8333
Dataset_2,Right,SVM,848,14,45,10,6,0.7867,0.7,0.8182,0.6364,0.8768
Dataset_2,Right,SVM,849,17,40,17,1,0.76,0.9444,0.7018,0.6538,0.886
Dataset_2,Right,SVM,850,13,37,15,10,0.6667,0.5652,0.7115,0.5098,0.7312
Dataset_2,Right,SVM,851,11,43,19,2,0.72,0.8462,0.6935,0.5116,0.7593
Dataset_2,Right,SVM,852,8,44,14,9,0.6933,0.4706,0.7586,0.4103,0.6673
Dataset_2,Right,SVM,853,13,42,12,8,0.7333,0.619,0.7778,0.5652,0.8236
Dataset_2,Right,SVM,854,14,41,14,6,0.7333,0.7,0.7455,0.5833,0.8255
Dataset_2,Right,SVM,855,17,47,9,2,0.8533,0.8947,0.8393,0.7556,0.9398
Dataset_2,Right,SVM,856,13,45,8,9,0.7733,0.5909,0.8491,0.6047,0.7967
Dataset_2,Right,SVM,857,10,46,14,5,0.7467,0.6667,0.7667,0.5128,0.8444
Dataset_2,Right,SVM,858,13,39,14,9,0.6933,0.5909,0.7358,0.5306,0.8225
Dataset_2,Right,SVM,859,12,47,7,9,0.7867,0.5714,0.8704,0.6,0.7857
Dataset_2,Right,SVM,860,16,39,15,5,0.7333,0.7619,0.7222,0.6154,0.8122
Dataset_2,Right,SVM,861,11,46,10,8,0.76,0.5789,0.8214,0.55,0.8233
Dataset_2,Right,SVM,862,13,51,6,5,0.8533,0.7222,0.8947,0.7027,0.9172
Dataset_2,Right,SVM,863,7,54,8,6,0.8133,0.5385,0.871,0.5,0.8058
Dataset_2,Right,SVM,864,10,50,9,6,0.8,0.625,0.8475,0.5714,0.8686
Dataset_2,Right,SVM,865,11,47,6,11,0.7733,0.5,0.8868,0.5641,0.8401
Dataset_2,Right,SVM,866,9,45,14,7,0.72,0.5625,0.7627,0.4615,0.7278
Dataset_2,Right,SVM,867,13,38,13,11,0.68,0.5417,0.7451,0.52,0.7475
Dataset_2,Right,SVM,868,14,46,10,5,0.8,0.7368,0.8214,0.6512,0.7951
Dataset_2,Right,SVM,869,10,44,15,6,0.72,0.625,0.7458,0.4878,0.7579
Dataset_2,Right,SVM,870,12,42,13,8,0.72,0.6,0.7636,0.5333,0.8482
Dataset_2,Right,SVM,871,11,39,15,10,0.6667,0.5238,0.7222,0.4681,0.7857
Dataset_2,Right,SVM,872,7,43,18,7,0.6667,0.5,0.7049,0.359,0.7641
Dataset_2,Right,SVM,873,16,49,6,4,0.8667,0.8,0.8909,0.7619,0.9445
Dataset_2,Right,SVM,874,12,42,10,11,0.72,0.5217,0.8077,0.5333,0.7989
Dataset_2,Right,SVM,875,12,44,13,6,0.7467,0.6667,0.7719,0.5581,0.8811
Dataset_2,Right,SVM,876,10,42,15,8,0.6933,0.5556,0.7368,0.4651,0.7641
Dataset_2,Right,SVM,877,12,44,13,6,0.7467,0.6667,0.7719,0.5581,0.7368
Dataset_2,Right,SVM,878,11,53,6,5,0.8533,0.6875,0.8983,0.6667,0.8835
Dataset_2,Right,SVM,879,8,55,4,8,0.84,0.5,0.9322,0.5714,0.8157
Dataset_2,Right,SVM,880,21,38,10,6,0.7867,0.7778,0.7917,0.7241,0.8819
Dataset_2,Right,SVM,881,16,44,11,4,0.8,0.8,0.8,0.6809,0.88
Dataset_2,Right,SVM,882,16,42,13,4,0.7733,0.8,0.7636,0.6531,0.8718
Dataset_2,Right,SVM,883,10,48,12,5,0.7733,0.6667,0.8,0.5405,0.8311
Dataset_2,Right,SVM,884,13,35,14,13,0.64,0.5,0.7143,0.4906,0.779
Dataset_2,Right,SVM,885,14,40,17,4,0.72,0.7778,0.7018,0.5714,0.8246
Dataset_2,Right,SVM,886,9,53,8,5,0.8267,0.6429,0.8689,0.5806,0.9169
Dataset_2,Right,SVM,887,13,45,12,5,0.7733,0.7222,0.7895,0.6047,0.9025
Dataset_2,Right,SVM,888,11,52,8,4,0.84,0.7333,0.8667,0.6471,0.9333
Dataset_2,Right,SVM,889,12,47,9,7,0.7867,0.6316,0.8393,0.6,0.8073
Dataset_2,Right,SVM,890,9,51,8,7,0.8,0.5625,0.8644,0.5455,0.8146
Dataset_2,Right,SVM,891,13,45,12,5,0.7733,0.7222,0.7895,0.6047,0.7476
Dataset_2,Right,SVM,892,11,43,9,12,0.72,0.4783,0.8269,0.5116,0.7797
Dataset_2,Right,SVM,893,15,39,16,5,0.72,0.75,0.7091,0.5882,0.85
Dataset_2,Right,SVM,894,8,45,12,10,0.7067,0.4444,0.7895,0.4211,0.6803
Dataset_2,Right,SVM,895,9,38,22,6,0.6267,0.6,0.6333,0.3913,0.7778
Dataset_2,Right,SVM,896,7,54,8,6,0.8133,0.5385,0.871,0.5,0.7866
Dataset_2,Right,SVM,897,9,48,10,8,0.76,0.5294,0.8276,0.5,0.7951
Dataset_2,Right,SVM,898,9,44,12,10,0.7067,0.4737,0.7857,0.45,0.8008
Dataset_2,Right,SVM,899,10,41,19,5,0.68,0.6667,0.6833,0.4545,0.7433
Dataset_2,Right,SVM,900,7,42,18,8,0.6533,0.4667,0.7,0.35,0.7233
Dataset_2,Right,SVM,901,11,41,17,6,0.6933,0.6471,0.7069,0.4889,0.8063
Dataset_2,Right,SVM,902,10,44,12,9,0.72,0.5263,0.7857,0.4878,0.7209
Dataset_2,Right,SVM,903,10,52,7,6,0.8267,0.625,0.8814,0.6061,0.8782
Dataset_2,Right,SVM,904,10,47,15,3,0.76,0.7692,0.7581,0.5263,0.8834
Dataset_2,Right,SVM,905,17,38,14,6,0.7333,0.7391,0.7308,0.6296,0.811
Dataset_2,Right,SVM,906,14,40,14,7,0.72,0.6667,0.7407,0.5714,0.8448
Dataset_2,Right,SVM,907,11,47,12,5,0.7733,0.6875,0.7966,0.5641,0.8337
Dataset_2,Right,SVM,908,13,39,13,10,0.6933,0.5652,0.75,0.5306,0.7642
Dataset_2,Right,SVM,909,12,44,17,2,0.7467,0.8571,0.7213,0.5581,0.8203
Dataset_2,Right,SVM,910,18,39,10,8,0.76,0.6923,0.7959,0.6667,0.8501
Dataset_2,Right,SVM,911,15,47,10,3,0.8267,0.8333,0.8246,0.6977,0.886
Dataset_2,Right,SVM,912,14,40,12,9,0.72,0.6087,0.7692,0.5714,0.7952
Dataset_2,Right,SVM,913,12,45,12,6,0.76,0.6667,0.7895,0.5714,0.8772
Dataset_2,Right,SVM,914,11,39,17,8,0.6667,0.5789,0.6964,0.4681,0.757
Dataset_2,Right,SVM,915,13,41,13,8,0.72,0.619,0.7593,0.5532,0.7972
Dataset_2,Right,SVM,916,11,46,7,11,0.76,0.5,0.8679,0.55,0.7856
Dataset_2,Right,SVM,917,18,43,5,9,0.8133,0.6667,0.8958,0.72,0.902
Dataset_2,Right,SVM,918,19,39,10,7,0.7733,0.7308,0.7959,0.6909,0.8744
Dataset_2,Right,SVM,919,12,42,15,6,0.72,0.6667,0.7368,0.5333,0.8665
Dataset_2,Right,SVM,920,13,43,8,11,0.7467,0.5417,0.8431,0.5778,0.8644
Dataset_2,Right,SVM,921,16,37,15,7,0.7067,0.6957,0.7115,0.5926,0.7985
Dataset_2,Right,SVM,922,14,43,13,5,0.76,0.7368,0.7679,0.6087,0.8153
Dataset_2,Right,SVM,923,12,46,15,2,0.7733,0.8571,0.7541,0.5854,0.9133
Dataset_2,Right,SVM,924,12,40,15,8,0.6933,0.6,0.7273,0.5106,0.7891
Dataset_2,Right,SVM,925,13,42,13,7,0.7333,0.65,0.7636,0.5652,0.8155
Dataset_2,Right,SVM,926,11,45,11,8,0.7467,0.5789,0.8036,0.5366,0.8003
Dataset_2,Right,SVM,927,15,37,17,6,0.6933,0.7143,0.6852,0.566,0.7562
Dataset_2,Right,SVM,928,7,47,17,4,0.72,0.6364,0.7344,0.4,0.7663
Dataset_2,Right,SVM,929,20,39,11,5,0.7867,0.8,0.78,0.7143,0.8584
Dataset_2,Right,SVM,930,15,42,13,5,0.76,0.75,0.7636,0.625,0.9045
Dataset_2,Right,SVM,931,19,45,7,4,0.8533,0.8261,0.8654,0.7755,0.9059
Dataset_2,Right,SVM,932,13,38,15,9,0.68,0.5909,0.717,0.52,0.7826
Dataset_2,Right,SVM,933,10,52,8,5,0.8267,0.6667,0.8667,0.6061,0.8339
Dataset_2,Right,SVM,934,10,52,7,6,0.8267,0.625,0.8814,0.6061,0.8829
Dataset_2,Right,SVM,935,11,49,10,5,0.8,0.6875,0.8305,0.5946,0.8686
Dataset_2,Right,SVM,936,18,37,14,6,0.7333,0.75,0.7255,0.6429,0.8211
Dataset_2,Right,SVM,937,13,44,12,6,0.76,0.6842,0.7857,0.5909,0.8304
Dataset_2,Right,SVM,938,11,44,17,3,0.7333,0.7857,0.7213,0.5238,0.8267
Dataset_2,Right,SVM,939,15,45,8,7,0.8,0.6818,0.8491,0.6667,0.8928
Dataset_2,Right,SVM,940,15,44,8,8,0.7867,0.6522,0.8462,0.6522,0.8616
Dataset_2,Right,SVM,941,19,39,10,7,0.7733,0.7308,0.7959,0.6909,0.8285
Dataset_2,Right,SVM,942,14,42,12,7,0.7467,0.6667,0.7778,0.5957,0.7795
Dataset_2,Right,SVM,943,19,36,9,11,0.7333,0.6333,0.8,0.6552,0.8296
Dataset_2,Right,SVM,944,14,43,8,10,0.76,0.5833,0.8431,0.6087,0.8178
Dataset_2,Right,SVM,945,9,44,14,8,0.7067,0.5294,0.7586,0.45,0.6562
Dataset_2,Right,SVM,946,16,36,18,5,0.6933,0.7619,0.6667,0.5818,0.821
Dataset_2,Right,SVM,947,14,37,17,7,0.68,0.6667,0.6852,0.5385,0.8166
Dataset_2,Right,SVM,948,13,42,12,8,0.7333,0.619,0.7778,0.5652,0.7994
Dataset_2,Right,SVM,949,17,35,13,10,0.6933,0.6296,0.7292,0.5965,0.7867
Dataset_2,Right,SVM,950,10,41,15,9,0.68,0.5263,0.7321,0.4545,0.7444
Dataset_2,Right,SVM,951,18,43,8,6,0.8133,0.75,0.8431,0.72,0.8971
Dataset_2,Right,SVM,952,12,44,12,7,0.7467,0.6316,0.7857,0.5581,0.813
Dataset_2,Right,SVM,953,17,37,16,5,0.72,0.7727,0.6981,0.6182,0.8448
Dataset_2,Right,SVM,954,12,42,12,9,0.72,0.5714,0.7778,0.5333,0.7698
Dataset_2,Right,SVM,955,11,48,11,5,0.7867,0.6875,0.8136,0.5789,0.8342
Dataset_2,Right,SVM,956,10,44,10,11,0.72,0.4762,0.8148,0.4878,0.8095
Dataset_2,Right,SVM,957,16,42,13,4,0.7733,0.8,0.7636,0.6531,0.8418
Dataset_2,Right,SVM,958,13,47,9,6,0.8,0.6842,0.8393,0.6341,0.8882
Dataset_2,Right,SVM,959,9,47,11,8,0.7467,0.5294,0.8103,0.4865,0.8499
Dataset_2,Right,SVM,960,16,41,12,6,0.76,0.7273,0.7736,0.64,0.8576
Dataset_2,Right,SVM,961,9,43,15,8,0.6933,0.5294,0.7414,0.439,0.7799
Dataset_2,Right,SVM,962,13,52,5,5,0.8667,0.7222,0.9123,0.7222,0.8679
Dataset_2,Right,SVM,963,13,45,12,5,0.7733,0.7222,0.7895,0.6047,0.8489
Dataset_2,Right,SVM,964,11,50,7,7,0.8133,0.6111,0.8772,0.6111,0.8514
Dataset_2,Right,SVM,965,9,53,9,4,0.8267,0.6923,0.8548,0.5806,0.835
Dataset_2,Right,SVM,966,12,39,19,5,0.68,0.7059,0.6724,0.5,0.8058
Dataset_2,Right,SVM,967,14,39,14,8,0.7067,0.6364,0.7358,0.56,0.8405
Dataset_2,Right,SVM,968,12,51,6,6,0.84,0.6667,0.8947,0.6667,0.8236
Dataset_2,Right,SVM,969,12,46,10,7,0.7733,0.6316,0.8214,0.5854,0.851
Dataset_2,Right,SVM,970,12,36,17,10,0.64,0.5455,0.6792,0.4706,0.699
Dataset_2,Right,SVM,971,13,43,12,7,0.7467,0.65,0.7818,0.5778,0.87
Dataset_2,Right,SVM,972,8,48,12,7,0.7467,0.5333,0.8,0.4571,0.8222
Dataset_2,Right,SVM,973,11,49,9,6,0.8,0.6471,0.8448,0.5946,0.9087
Dataset_2,Right,SVM,974,9,43,13,10,0.6933,0.4737,0.7679,0.439,0.782
Dataset_2,Right,SVM,975,8,49,13,5,0.76,0.6154,0.7903,0.4706,0.7519
Dataset_2,Right,SVM,976,7,42,13,13,0.6533,0.35,0.7636,0.35,0.7218
Dataset_2,Right,SVM,977,17,43,8,7,0.8,0.7083,0.8431,0.6939,0.8742
Dataset_2,Right,SVM,978,13,45,11,6,0.7733,0.6842,0.8036,0.6047,0.9023
Dataset_2,Right,SVM,979,14,41,15,5,0.7333,0.7368,0.7321,0.5833,0.8177
Dataset_2,Right,SVM,980,13,40,15,7,0.7067,0.65,0.7273,0.5417,0.7664
Dataset_2,Right,SVM,981,10,53,6,6,0.84,0.625,0.8983,0.625,0.9301
Dataset_2,Right,SVM,982,15,40,18,2,0.7333,0.8824,0.6897,0.6,0.8327
Dataset_2,Right,SVM,983,15,42,14,4,0.76,0.7895,0.75,0.625,0.8299
Dataset_2,Right,SVM,984,17,39,11,8,0.7467,0.68,0.78,0.6415,0.8472
Dataset_2,Right,SVM,985,13,49,11,2,0.8267,0.8667,0.8167,0.6667,0.9322
Dataset_2,Right,SVM,986,20,38,14,3,0.7733,0.8696,0.7308,0.7018,0.8457
Dataset_2,Right,SVM,987,13,46,12,4,0.7867,0.7647,0.7931,0.619,0.8154
Dataset_2,Right,SVM,988,12,40,19,4,0.6933,0.75,0.678,0.5106,0.8199
Dataset_2,Right,SVM,989,15,39,12,9,0.72,0.625,0.7647,0.5882,0.7892
Dataset_2,Right,SVM,990,12,46,6,11,0.7733,0.5217,0.8846,0.5854,0.8428
Dataset_2,Right,SVM,991,11,46,13,5,0.76,0.6875,0.7797,0.55,0.8369
Dataset_2,Right,SVM,992,12,41,11,11,0.7067,0.5217,0.7885,0.5217,0.8152
Dataset_2,Right,SVM,993,11,36,15,13,0.6267,0.4583,0.7059,0.44,0.7149
Dataset_2,Right,SVM,994,11,43,16,5,0.72,0.6875,0.7288,0.5116,0.7638
Dataset_2,Right,SVM,995,8,47,9,11,0.7333,0.4211,0.8393,0.4444,0.7058
Dataset_2,Right,SVM,996,13,41,15,6,0.72,0.6842,0.7321,0.5532,0.7726
Dataset_2,Right,SVM,997,6,43,17,9,0.6533,0.4,0.7167,0.3158,0.6761
Dataset_2,Right,SVM,998,12,40,11,12,0.6933,0.5,0.7843,0.5106,0.7614
Dataset_2,Right,SVM,999,18,36,16,5,0.72,0.7826,0.6923,0.6316,0.8307
Dataset_2,Right,SVM,1000,19,33,12,11,0.6933,0.6333,0.7333,0.623,0.7763
Dataset_2,Right,MLP,1,15,40,13,7,0.7333,0.6818,0.7547,0.6,0.7925
Dataset_2,Right,MLP,2,19,39,13,4,0.7733,0.8261,0.75,0.6909,0.8503
Dataset_2,Right,MLP,3,17,47,9,2,0.8533,0.8947,0.8393,0.7556,0.9013
Dataset_2,Right,MLP,4,14,42,12,7,0.7467,0.6667,0.7778,0.5957,0.7751
Dataset_2,Right,MLP,5,11,40,16,8,0.68,0.5789,0.7143,0.4783,0.7641
Dataset_2,Right,MLP,6,18,39,11,7,0.76,0.72,0.78,0.6667,0.8616
Dataset_2,Right,MLP,7,11,40,15,9,0.68,0.55,0.7273,0.4783,0.8018
Dataset_2,Right,MLP,8,9,45,15,6,0.72,0.6,0.75,0.4615,0.8489
Dataset_2,Right,MLP,9,17,36,17,5,0.7067,0.7727,0.6792,0.6071,0.8379
Dataset_2,Right,MLP,10,11,45,14,5,0.7467,0.6875,0.7627,0.5366,0.8623
Dataset_2,Right,MLP,11,16,43,8,8,0.7867,0.6667,0.8431,0.6667,0.8137
Dataset_2,Right,MLP,12,10,43,10,12,0.7067,0.4545,0.8113,0.4762,0.6801
Dataset_2,Right,MLP,13,9,52,11,3,0.8133,0.75,0.8254,0.5625,0.9008
Dataset_2,Right,MLP,14,14,44,10,7,0.7733,0.6667,0.8148,0.6222,0.8351
Dataset_2,Right,MLP,15,12,44,11,8,0.7467,0.6,0.8,0.5581,0.8518
Dataset_2,Right,MLP,16,19,36,12,8,0.7333,0.7037,0.75,0.6552,0.7693
Dataset_2,Right,MLP,17,7,46,13,9,0.7067,0.4375,0.7797,0.3889,0.8178
Dataset_2,Right,MLP,18,8,49,12,6,0.76,0.5714,0.8033,0.4706,0.8513
Dataset_2,Right,MLP,19,15,39,9,12,0.72,0.5556,0.8125,0.5882,0.8102
Dataset_2,Right,MLP,20,8,45,13,9,0.7067,0.4706,0.7759,0.4211,0.7434
Dataset_2,Right,MLP,21,9,48,12,6,0.76,0.6,0.8,0.5,0.8311
Dataset_2,Right,MLP,22,20,36,13,6,0.7467,0.7692,0.7347,0.678,0.865
Dataset_2,Right,MLP,23,12,46,9,8,0.7733,0.6,0.8364,0.5854,0.7782
Dataset_2,Right,MLP,24,15,41,15,4,0.7467,0.7895,0.7321,0.6122,0.8139
Dataset_2,Right,MLP,25,14,45,13,3,0.7867,0.8235,0.7759,0.6364,0.8895
Dataset_2,Right,MLP,26,15,35,16,9,0.6667,0.625,0.6863,0.5455,0.7737
Dataset_2,Right,MLP,27,16,42,9,8,0.7733,0.6667,0.8235,0.6531,0.8219
Dataset_2,Right,MLP,28,8,51,10,6,0.7867,0.5714,0.8361,0.5,0.8677
Dataset_2,Right,MLP,29,14,48,9,4,0.8267,0.7778,0.8421,0.6829,0.8996
Dataset_2,Right,MLP,30,16,45,9,5,0.8133,0.7619,0.8333,0.6957,0.8942
Dataset_2,Right,MLP,31,17,42,9,7,0.7867,0.7083,0.8235,0.68,0.884
Dataset_2,Right,MLP,32,13,43,12,7,0.7467,0.65,0.7818,0.5778,0.8327
Dataset_2,Right,MLP,33,13,44,9,9,0.76,0.5909,0.8302,0.5909,0.765
Dataset_2,Right,MLP,34,9,51,10,5,0.8,0.6429,0.8361,0.5455,0.8255
Dataset_2,Right,MLP,35,11,44,17,3,0.7333,0.7857,0.7213,0.5238,0.808
Dataset_2,Right,MLP,36,13,39,17,6,0.6933,0.6842,0.6964,0.5306,0.7782
Dataset_2,Right,MLP,37,14,41,13,7,0.7333,0.6667,0.7593,0.5833,0.7963
Dataset_2,Right,MLP,38,9,49,9,8,0.7733,0.5294,0.8448,0.5143,0.6968
Dataset_2,Right,MLP,39,17,35,18,5,0.6933,0.7727,0.6604,0.5965,0.7813
Dataset_2,Right,MLP,40,13,41,13,8,0.72,0.619,0.7593,0.5532,0.7822
Dataset_2,Right,MLP,41,20,33,8,14,0.7067,0.5882,0.8049,0.6452,0.8056
Dataset_2,Right,MLP,42,12,39,15,9,0.68,0.5714,0.7222,0.5,0.7875
Dataset_2,Right,MLP,43,14,44,9,8,0.7733,0.6364,0.8302,0.6222,0.7487
Dataset_2,Right,MLP,44,18,42,11,4,0.8,0.8182,0.7925,0.7059,0.8388
Dataset_2,Right,MLP,45,15,36,11,13,0.68,0.5357,0.766,0.5556,0.693
Dataset_2,Right,MLP,46,16,38,15,6,0.72,0.7273,0.717,0.6038,0.8525
Dataset_2,Right,MLP,47,7,49,14,5,0.7467,0.5833,0.7778,0.4242,0.8016
Dataset_2,Right,MLP,48,19,42,8,6,0.8133,0.76,0.84,0.7308,0.828
Dataset_2,Right,MLP,49,13,43,10,9,0.7467,0.5909,0.8113,0.5778,0.8345
Dataset_2,Right,MLP,50,14,41,12,8,0.7333,0.6364,0.7736,0.5833,0.789
Dataset_2,Right,MLP,51,20,40,11,4,0.8,0.8333,0.7843,0.7273,0.8807
Dataset_2,Right,MLP,52,12,46,11,6,0.7733,0.6667,0.807,0.5854,0.8187
Dataset_2,Right,MLP,53,6,51,11,7,0.76,0.4615,0.8226,0.4,0.7593
Dataset_2,Right,MLP,54,19,39,10,7,0.7733,0.7308,0.7959,0.6909,0.8077
Dataset_2,Right,MLP,55,19,46,6,4,0.8667,0.8261,0.8846,0.7917,0.9289
Dataset_2,Right,MLP,56,12,40,10,13,0.6933,0.48,0.8,0.5106,0.7256
Dataset_2,Right,MLP,57,15,36,15,9,0.68,0.625,0.7059,0.5556,0.7516
Dataset_2,Right,MLP,58,10,49,9,7,0.7867,0.5882,0.8448,0.5556,0.8164
Dataset_2,Right,MLP,59,9,46,11,9,0.7333,0.5,0.807,0.4737,0.7398
Dataset_2,Right,MLP,60,10,50,10,5,0.8,0.6667,0.8333,0.5714,0.7644
Dataset_2,Right,MLP,61,15,43,9,8,0.7733,0.6522,0.8269,0.6383,0.852
Dataset_2,Right,MLP,62,16,37,12,10,0.7067,0.6154,0.7551,0.5926,0.8069
Dataset_2,Right,MLP,63,15,41,12,7,0.7467,0.6818,0.7736,0.6122,0.8396
Dataset_2,Right,MLP,64,11,47,9,8,0.7733,0.5789,0.8393,0.5641,0.8308
Dataset_2,Right,MLP,65,15,42,11,7,0.76,0.6818,0.7925,0.625,0.8208
Dataset_2,Right,MLP,66,17,41,12,5,0.7733,0.7727,0.7736,0.6667,0.8593
Dataset_2,Right,MLP,67,13,43,11,8,0.7467,0.619,0.7963,0.5778,0.8571
Dataset_2,Right,MLP,68,15,40,9,11,0.7333,0.5769,0.8163,0.6,0.7889
Dataset_2,Right,MLP,69,10,38,13,14,0.64,0.4167,0.7451,0.4255,0.741
Dataset_2,Right,MLP,70,12,40,16,7,0.6933,0.6316,0.7143,0.5106,0.7782
Dataset_2,Right,MLP,71,16,45,8,6,0.8133,0.7273,0.8491,0.6957,0.8276
Dataset_2,Right,MLP,72,13,36,18,8,0.6533,0.619,0.6667,0.5,0.7972
Dataset_2,Right,MLP,73,18,34,9,14,0.6933,0.5625,0.7907,0.6102,0.7965
Dataset_2,Right,MLP,74,12,45,11,7,0.76,0.6316,0.8036,0.5714,0.8449
Dataset_2,Right,MLP,75,8,48,10,9,0.7467,0.4706,0.8276,0.4571,0.7475
Dataset_2,Right,MLP,76,14,45,9,7,0.7867,0.6667,0.8333,0.6364,0.8801
Dataset_2,Right,MLP,77,9,41,16,9,0.6667,0.5,0.7193,0.4186,0.6637
Dataset_2,Right,MLP,78,12,45,12,6,0.76,0.6667,0.7895,0.5714,0.8216
Dataset_2,Right,MLP,79,11,34,20,10,0.6,0.5238,0.6296,0.4231,0.627
Dataset_2,Right,MLP,80,11,40,16,8,0.68,0.5789,0.7143,0.4783,0.7453
Dataset_2,Right,MLP,81,14,40,13,8,0.72,0.6364,0.7547,0.5714,0.7384
Dataset_2,Right,MLP,82,15,43,14,3,0.7733,0.8333,0.7544,0.6383,0.8938
Dataset_2,Right,MLP,83,8,52,7,8,0.8,0.5,0.8814,0.5161,0.786
Dataset_2,Right,MLP,84,9,49,11,6,0.7733,0.6,0.8167,0.5143,0.7833
Dataset_2,Right,MLP,85,10,43,12,10,0.7067,0.5,0.7818,0.4762,0.7336
Dataset_2,Right,MLP,86,15,49,5,6,0.8533,0.7143,0.9074,0.7317,0.9215
Dataset_2,Right,MLP,87,15,40,12,8,0.7333,0.6522,0.7692,0.6,0.8152
Dataset_2,Right,MLP,88,16,42,9,8,0.7733,0.6667,0.8235,0.6531,0.8317
Dataset_2,Right,MLP,89,13,40,17,5,0.7067,0.7222,0.7018,0.5417,0.7407
Dataset_2,Right,MLP,90,9,42,20,4,0.68,0.6923,0.6774,0.4286,0.773
Dataset_2,Right,MLP,91,11,43,12,9,0.72,0.55,0.7818,0.5116,0.7782
Dataset_2,Right,MLP,92,10,44,13,8,0.72,0.5556,0.7719,0.4878,0.7105
Dataset_2,Right,MLP,93,12,43,10,10,0.7333,0.5455,0.8113,0.5455,0.7599
Dataset_2,Right,MLP,94,13,38,11,13,0.68,0.5,0.7755,0.52,0.7786
Dataset_2,Right,MLP,95,15,49,5,6,0.8533,0.7143,0.9074,0.7317,0.8492
Dataset_2,Right,MLP,96,9,43,15,8,0.6933,0.5294,0.7414,0.439,0.6613
Dataset_2,Right,MLP,97,14,43,15,3,0.76,0.8235,0.7414,0.6087,0.8154
Dataset_2,Right,MLP,98,17,39,11,8,0.7467,0.68,0.78,0.6415,0.8168
Dataset_2,Right,MLP,99,12,39,12,12,0.68,0.5,0.7647,0.5,0.7884
Dataset_2,Right,MLP,100,14,47,9,5,0.8133,0.7368,0.8393,0.6667,0.8402
Dataset_2,Right,MLP,101,11,43,15,6,0.72,0.6471,0.7414,0.5116,0.7627
Dataset_2,Right,MLP,102,15,36,12,12,0.68,0.5556,0.75,0.5556,0.7199
Dataset_2,Right,MLP,103,14,47,10,4,0.8133,0.7778,0.8246,0.6667,0.8372
Dataset_2,Right,MLP,104,17,44,9,5,0.8133,0.7727,0.8302,0.7083,0.9297
Dataset_2,Right,MLP,105,16,47,7,5,0.84,0.7619,0.8704,0.7273,0.8642
Dataset_2,Right,MLP,106,8,48,15,4,0.7467,0.6667,0.7619,0.4571,0.7685
Dataset_2,Right,MLP,107,12,35,16,12,0.6267,0.5,0.6863,0.4615,0.7574
Dataset_2,Right,MLP,108,9,46,13,7,0.7333,0.5625,0.7797,0.4737,0.8167
Dataset_2,Right,MLP,109,13,47,10,5,0.8,0.7222,0.8246,0.6341,0.8674
Dataset_2,Right,MLP,110,13,45,10,7,0.7733,0.65,0.8182,0.6047,0.7773
Dataset_2,Right,MLP,111,11,45,12,7,0.7467,0.6111,0.7895,0.5366,0.7914
Dataset_2,Right,MLP,112,17,43,11,4,0.8,0.8095,0.7963,0.6939,0.873
Dataset_2,Right,MLP,113,12,48,11,4,0.8,0.75,0.8136,0.6154,0.8178
Dataset_2,Right,MLP,114,10,50,7,8,0.8,0.5556,0.8772,0.5714,0.807
Dataset_2,Right,MLP,115,16,47,8,4,0.84,0.8,0.8545,0.7273,0.8764
Dataset_2,Right,MLP,116,18,40,10,7,0.7733,0.72,0.8,0.6792,0.8584
Dataset_2,Right,MLP,117,16,40,11,8,0.7467,0.6667,0.7843,0.6275,0.8448
Dataset_2,Right,MLP,118,6,41,22,6,0.6267,0.5,0.6508,0.3,0.6812
Dataset_2,Right,MLP,119,8,44,11,12,0.6933,0.4,0.8,0.4103,0.6882
Dataset_2,Right,MLP,120,12,43,12,8,0.7333,0.6,0.7818,0.5455,0.7973
Dataset_2,Right,MLP,121,18,39,14,4,0.76,0.8182,0.7358,0.6667,0.8542
Dataset_2,Right,MLP,122,14,43,12,6,0.76,0.7,0.7818,0.6087,0.8118
Dataset_2,Right,MLP,123,7,54,6,8,0.8133,0.4667,0.9,0.5,0.8356
Dataset_2,Right,MLP,124,14,39,14,8,0.7067,0.6364,0.7358,0.56,0.7933
Dataset_2,Right,MLP,125,12,42,12,9,0.72,0.5714,0.7778,0.5333,0.7698
Dataset_2,Right,MLP,126,11,35,23,6,0.6133,0.6471,0.6034,0.4314,0.7028
Dataset_2,Right,MLP,127,15,34,17,9,0.6533,0.625,0.6667,0.5357,0.7958
Dataset_2,Right,MLP,128,13,48,7,7,0.8133,0.65,0.8727,0.65,0.8782
Dataset_2,Right,MLP,129,21,41,7,6,0.8267,0.7778,0.8542,0.7636,0.8441
Dataset_2,Right,MLP,130,18,46,7,4,0.8533,0.8182,0.8679,0.766,0.8894
Dataset_2,Right,MLP,131,9,43,13,10,0.6933,0.4737,0.7679,0.439,0.7124
Dataset_2,Right,MLP,132,4,45,16,10,0.6533,0.2857,0.7377,0.2353,0.7119
Dataset_2,Right,MLP,133,12,47,13,3,0.7867,0.8,0.7833,0.6,0.8989
Dataset_2,Right,MLP,134,10,42,10,13,0.6933,0.4348,0.8077,0.4651,0.7375
Dataset_2,Right,MLP,135,11,41,12,11,0.6933,0.5,0.7736,0.4889,0.7136
Dataset_2,Right,MLP,136,14,43,13,5,0.76,0.7368,0.7679,0.6087,0.7961
Dataset_2,Right,MLP,137,11,43,13,8,0.72,0.5789,0.7679,0.5116,0.7707
Dataset_2,Right,MLP,138,19,37,8,11,0.7467,0.6333,0.8222,0.6667,0.8852
Dataset_2,Right,MLP,139,13,41,9,12,0.72,0.52,0.82,0.5532,0.784
Dataset_2,Right,MLP,140,12,48,11,4,0.8,0.75,0.8136,0.6154,0.8739
Dataset_2,Right,MLP,141,11,43,14,7,0.72,0.6111,0.7544,0.5116,0.8392
Dataset_2,Right,MLP,142,13,45,10,7,0.7733,0.65,0.8182,0.6047,0.8455
Dataset_2,Right,MLP,143,11,42,13,9,0.7067,0.55,0.7636,0.5,0.7918
Dataset_2,Right,MLP,144,13,38,12,12,0.68,0.52,0.76,0.52,0.8072
Dataset_2,Right,MLP,145,14,41,15,5,0.7333,0.7368,0.7321,0.5833,0.8195
Dataset_2,Right,MLP,146,11,42,17,5,0.7067,0.6875,0.7119,0.5,0.7468
Dataset_2,Right,MLP,147,12,48,5,10,0.8,0.5455,0.9057,0.6154,0.8688
Dataset_2,Right,MLP,148,12,45,12,6,0.76,0.6667,0.7895,0.5714,0.8021
Dataset_2,Right,MLP,149,12,42,12,9,0.72,0.5714,0.7778,0.5333,0.8307
Dataset_2,Right,MLP,150,13,36,21,5,0.6533,0.7222,0.6316,0.5,0.7339
Dataset_2,Right,MLP,151,10,40,12,13,0.6667,0.4348,0.7692,0.4444,0.7074
Dataset_2,Right,MLP,152,11,49,9,6,0.8,0.6471,0.8448,0.5946,0.8357
Dataset_2,Right,MLP,153,13,47,12,3,0.8,0.8125,0.7966,0.6341,0.9057
Dataset_2,Right,MLP,154,12,46,12,5,0.7733,0.7059,0.7931,0.5854,0.8327
Dataset_2,Right,MLP,155,14,47,11,3,0.8133,0.8235,0.8103,0.6667,0.8185
Dataset_2,Right,MLP,156,14,36,20,5,0.6667,0.7368,0.6429,0.5283,0.7603
Dataset_2,Right,MLP,157,15,40,13,7,0.7333,0.6818,0.7547,0.6,0.7864
Dataset_2,Right,MLP,158,9,43,12,11,0.6933,0.45,0.7818,0.439,0.7891
Dataset_2,Right,MLP,159,15,39,15,6,0.72,0.7143,0.7222,0.5882,0.8545
Dataset_2,Right,MLP,160,18,35,19,3,0.7067,0.8571,0.6481,0.6207,0.8192
Dataset_2,Right,MLP,161,7,53,11,4,0.8,0.6364,0.8281,0.4828,0.8153
Dataset_2,Right,MLP,162,15,40,17,3,0.7333,0.8333,0.7018,0.6,0.845
Dataset_2,Right,MLP,163,15,42,12,6,0.76,0.7143,0.7778,0.625,0.7725
Dataset_2,Right,MLP,164,16,45,9,5,0.8133,0.7619,0.8333,0.6957,0.8765
Dataset_2,Right,MLP,165,13,43,13,6,0.7467,0.6842,0.7679,0.5778,0.8271
Dataset_2,Right,MLP,166,12,39,6,18,0.68,0.4,0.8667,0.5,0.757
Dataset_2,Right,MLP,167,16,40,12,7,0.7467,0.6957,0.7692,0.6275,0.8319
Dataset_2,Right,MLP,168,7,46,15,7,0.7067,0.5,0.7541,0.3889,0.692
Dataset_2,Right,MLP,169,15,39,12,9,0.72,0.625,0.7647,0.5882,0.8219
Dataset_2,Right,MLP,170,7,52,11,5,0.7867,0.5833,0.8254,0.4667,0.8452
Dataset_2,Right,MLP,171,8,51,11,5,0.7867,0.6154,0.8226,0.5,0.8127
Dataset_2,Right,MLP,172,14,37,19,5,0.68,0.7368,0.6607,0.5385,0.8609
Dataset_2,Right,MLP,173,9,48,15,3,0.76,0.75,0.7619,0.5,0.8214
Dataset_2,Right,MLP,174,17,39,10,9,0.7467,0.6538,0.7959,0.6415,0.7889
Dataset_2,Right,MLP,175,10,44,11,10,0.72,0.5,0.8,0.4878,0.6927
Dataset_2,Right,MLP,176,14,46,9,6,0.8,0.7,0.8364,0.6512,0.8855
Dataset_2,Right,MLP,177,7,48,11,9,0.7333,0.4375,0.8136,0.4118,0.6642
Dataset_2,Right,MLP,178,16,42,7,10,0.7733,0.6154,0.8571,0.6531,0.8799
Dataset_2,Right,MLP,179,12,45,9,9,0.76,0.5714,0.8333,0.5714,0.8351
Dataset_2,Right,MLP,180,9,53,8,5,0.8267,0.6429,0.8689,0.5806,0.8806
Dataset_2,Right,MLP,181,12,51,6,6,0.84,0.6667,0.8947,0.6667,0.9366
Dataset_2,Right,MLP,182,13,45,10,7,0.7733,0.65,0.8182,0.6047,0.8609
Dataset_2,Right,MLP,183,22,39,10,4,0.8133,0.8462,0.7959,0.7586,0.8776
Dataset_2,Right,MLP,184,11,47,9,8,0.7733,0.5789,0.8393,0.5641,0.8853
Dataset_2,Right,MLP,185,5,49,12,9,0.72,0.3571,0.8033,0.3226,0.7635
Dataset_2,Right,MLP,186,12,44,11,8,0.7467,0.6,0.8,0.5581,0.8191
Dataset_2,Right,MLP,187,13,37,17,8,0.6667,0.619,0.6852,0.5098,0.7275
Dataset_2,Right,MLP,188,20,37,13,5,0.76,0.8,0.74,0.6897,0.8496
Dataset_2,Right,MLP,189,8,52,11,4,0.8,0.6667,0.8254,0.5161,0.8571
Dataset_2,Right,MLP,190,9,47,13,6,0.7467,0.6,0.7833,0.4865,0.8267
Dataset_2,Right,MLP,191,14,40,9,12,0.72,0.5385,0.8163,0.5714,0.7802
Dataset_2,Right,MLP,192,11,40,12,12,0.68,0.4783,0.7692,0.4783,0.7199
Dataset_2,Right,MLP,193,14,42,11,8,0.7467,0.6364,0.7925,0.5957,0.8199
Dataset_2,Right,MLP,194,10,46,12,7,0.7467,0.5882,0.7931,0.5128,0.7637
Dataset_2,Right,MLP,195,12,46,10,7,0.7733,0.6316,0.8214,0.5854,0.8355
Dataset_2,Right,MLP,196,11,48,9,7,0.7867,0.6111,0.8421,0.5789,0.8743
Dataset_2,Right,MLP,197,9,45,11,10,0.72,0.4737,0.8036,0.4615,0.8045
Dataset_2,Right,MLP,198,14,41,8,12,0.7333,0.5385,0.8367,0.5833,0.814
Dataset_2,Right,MLP,199,12,32,15,16,0.5867,0.4286,0.6809,0.4364,0.614
Dataset_2,Right,MLP,200,17,37,13,8,0.72,0.68,0.74,0.6182,0.7888
Dataset_2,Right,MLP,201,14,46,10,5,0.8,0.7368,0.8214,0.6512,0.8506
Dataset_2,Right,MLP,202,14,46,12,3,0.8,0.8235,0.7931,0.6512,0.8915
Dataset_2,Right,MLP,203,17,44,9,5,0.8133,0.7727,0.8302,0.7083,0.9057
Dataset_2,Right,MLP,204,10,48,12,5,0.7733,0.6667,0.8,0.5405,0.78
Dataset_2,Right,MLP,205,12,43,14,6,0.7333,0.6667,0.7544,0.5455,0.8363
Dataset_2,Right,MLP,206,7,50,11,7,0.76,0.5,0.8197,0.4375,0.7857
Dataset_2,Right,MLP,207,15,38,20,2,0.7067,0.8824,0.6552,0.5769,0.8702
Dataset_2,Right,MLP,208,16,31,17,11,0.6267,0.5926,0.6458,0.5333,0.7346
Dataset_2,Right,MLP,209,18,36,14,7,0.72,0.72,0.72,0.6316,0.816
Dataset_2,Right,MLP,210,18,39,15,3,0.76,0.8571,0.7222,0.6667,0.8369
Dataset_2,Right,MLP,211,14,41,13,7,0.7333,0.6667,0.7593,0.5833,0.7663
Dataset_2,Right,MLP,212,10,39,16,10,0.6533,0.5,0.7091,0.4348,0.6909
Dataset_2,Right,MLP,213,10,42,14,9,0.6933,0.5263,0.75,0.4651,0.7039
Dataset_2,Right,MLP,214,9,40,14,12,0.6533,0.4286,0.7407,0.4091,0.7354
Dataset_2,Right,MLP,215,12,47,10,6,0.7867,0.6667,0.8246,0.6,0.8606
Dataset_2,Right,MLP,216,17,37,14,7,0.72,0.7083,0.7255,0.6182,0.8154
Dataset_2,Right,MLP,217,13,39,18,5,0.6933,0.7222,0.6842,0.5306,0.8567
Dataset_2,Right,MLP,218,10,41,18,6,0.68,0.625,0.6949,0.4545,0.8061
Dataset_2,Right,MLP,219,21,38,9,7,0.7867,0.75,0.8085,0.7241,0.8929
Dataset_2,Right,MLP,220,10,43,9,13,0.7067,0.4348,0.8269,0.4762,0.7843
Dataset_2,Right,MLP,221,13,44,11,7,0.76,0.65,0.8,0.5909,0.7927
Dataset_2,Right,MLP,222,9,44,17,5,0.7067,0.6429,0.7213,0.45,0.8267
Dataset_2,Right,MLP,223,12,38,18,7,0.6667,0.6316,0.6786,0.4898,0.7679
Dataset_2,Right,MLP,224,16,42,8,9,0.7733,0.64,0.84,0.6531,0.8504
Dataset_2,Right,MLP,225,13,44,11,7,0.76,0.65,0.8,0.5909,0.8136
Dataset_2,Right,MLP,226,7,43,13,12,0.6667,0.3684,0.7679,0.359,0.6682
Dataset_2,Right,MLP,227,15,42,12,6,0.76,0.7143,0.7778,0.625,0.8801
Dataset_2,Right,MLP,228,17,43,11,4,0.8,0.8095,0.7963,0.6939,0.8616
Dataset_2,Right,MLP,229,6,46,14,9,0.6933,0.4,0.7667,0.3429,0.7589
Dataset_2,Right,MLP,230,11,50,11,3,0.8133,0.7857,0.8197,0.6111,0.8981
Dataset_2,Right,MLP,231,17,36,14,8,0.7067,0.68,0.72,0.6071,0.7928
Dataset_2,Right,MLP,232,12,47,11,5,0.7867,0.7059,0.8103,0.6,0.8874
Dataset_2,Right,MLP,233,12,37,14,12,0.6533,0.5,0.7255,0.48,0.7737
Dataset_2,Right,MLP,234,6,42,17,10,0.64,0.375,0.7119,0.3077,0.6896
Dataset_2,Right,MLP,235,13,38,15,9,0.68,0.5909,0.717,0.52,0.7504
Dataset_2,Right,MLP,236,11,42,7,15,0.7067,0.4231,0.8571,0.5,0.8077
Dataset_2,Right,MLP,237,14,49,5,7,0.84,0.6667,0.9074,0.7,0.8342
Dataset_2,Right,MLP,238,15,36,15,9,0.68,0.625,0.7059,0.5556,0.79
Dataset_2,Right,MLP,239,10,49,12,4,0.7867,0.7143,0.8033,0.5556,0.7681
Dataset_2,Right,MLP,240,10,43,14,8,0.7067,0.5556,0.7544,0.4762,0.7203
Dataset_2,Right,MLP,241,8,44,18,5,0.6933,0.6154,0.7097,0.4103,0.8263
Dataset_2,Right,MLP,242,17,42,8,8,0.7867,0.68,0.84,0.68,0.8136
Dataset_2,Right,MLP,243,12,38,13,12,0.6667,0.5,0.7451,0.4898,0.7247
Dataset_2,Right,MLP,244,16,41,13,5,0.76,0.7619,0.7593,0.64,0.8933
Dataset_2,Right,MLP,245,16,41,9,9,0.76,0.64,0.82,0.64,0.8576
Dataset_2,Right,MLP,246,18,37,13,7,0.7333,0.72,0.74,0.6429,0.8144
Dataset_2,Right,MLP,247,10,37,15,13,0.6267,0.4348,0.7115,0.4167,0.7274
Dataset_2,Right,MLP,248,13,37,17,8,0.6667,0.619,0.6852,0.5098,0.7416
Dataset_2,Right,MLP,249,9,53,10,3,0.8267,0.75,0.8413,0.5806,0.836
Dataset_2,Right,MLP,250,13,44,12,6,0.76,0.6842,0.7857,0.5909,0.8412
Dataset_2,Right,MLP,251,13,42,11,9,0.7333,0.5909,0.7925,0.5652,0.8499
Dataset_2,Right,MLP,252,17,44,8,6,0.8133,0.7391,0.8462,0.7083,0.8629
Dataset_2,Right,MLP,253,11,51,12,1,0.8267,0.9167,0.8095,0.6286,0.9101
Dataset_2,Right,MLP,254,16,47,5,7,0.84,0.6957,0.9038,0.7273,0.9089
Dataset_2,Right,MLP,255,13,41,14,7,0.72,0.65,0.7455,0.5532,0.7518
Dataset_2,Right,MLP,256,17,43,12,3,0.8,0.85,0.7818,0.6939,0.8509
Dataset_2,Right,MLP,257,10,45,13,7,0.7333,0.5882,0.7759,0.5,0.8509
Dataset_2,Right,MLP,258,10,48,9,8,0.7733,0.5556,0.8421,0.5405,0.8402
Dataset_2,Right,MLP,259,12,48,8,7,0.8,0.6316,0.8571,0.6154,0.8008
Dataset_2,Right,MLP,260,9,55,6,5,0.8533,0.6429,0.9016,0.6207,0.8724
Dataset_2,Right,MLP,261,10,54,8,3,0.8533,0.7692,0.871,0.6452,0.9156
Dataset_2,Right,MLP,262,13,47,5,10,0.8,0.5652,0.9038,0.6341,0.8754
Dataset_2,Right,MLP,263,20,37,11,7,0.76,0.7407,0.7708,0.6897,0.8403
Dataset_2,Right,MLP,264,12,43,11,9,0.7333,0.5714,0.7963,0.5455,0.8263
Dataset_2,Right,MLP,265,13,47,12,3,0.8,0.8125,0.7966,0.6341,0.8633
Dataset_2,Right,MLP,266,14,39,9,13,0.7067,0.5185,0.8125,0.56,0.8009
Dataset_2,Right,MLP,267,11,41,13,10,0.6933,0.5238,0.7593,0.4889,0.851
Dataset_2,Right,MLP,268,12,43,10,10,0.7333,0.5455,0.8113,0.5455,0.7967
Dataset_2,Right,MLP,269,10,41,13,11,0.68,0.4762,0.7593,0.4545,0.7822
Dataset_2,Right,MLP,270,9,43,17,6,0.6933,0.6,0.7167,0.439,0.7633
Dataset_2,Right,MLP,271,12,41,12,10,0.7067,0.5455,0.7736,0.5217,0.7667
Dataset_2,Right,MLP,272,11,45,10,9,0.7467,0.55,0.8182,0.5366,0.7909
Dataset_2,Right,MLP,273,13,37,14,11,0.6667,0.5417,0.7255,0.5098,0.7222
Dataset_2,Right,MLP,274,10,48,10,7,0.7733,0.5882,0.8276,0.5405,0.8499
Dataset_2,Right,MLP,275,13,43,10,9,0.7467,0.5909,0.8113,0.5778,0.7925
Dataset_2,Right,MLP,276,12,49,9,5,0.8133,0.7059,0.8448,0.6316,0.8438
Dataset_2,Right,MLP,277,15,39,15,6,0.72,0.7143,0.7222,0.5882,0.8078
Dataset_2,Right,MLP,278,9,40,14,12,0.6533,0.4286,0.7407,0.4091,0.6975
Dataset_2,Right,MLP,279,10,46,10,9,0.7467,0.5263,0.8214,0.5128,0.7951
Dataset_2,Right,MLP,280,13,39,16,7,0.6933,0.65,0.7091,0.5306,0.8027
Dataset_2,Right,MLP,281,10,48,8,9,0.7733,0.5263,0.8571,0.5405,0.7049
Dataset_2,Right,MLP,282,19,34,12,10,0.7067,0.6552,0.7391,0.6333,0.7616
Dataset_2,Right,MLP,283,16,45,8,6,0.8133,0.7273,0.8491,0.6957,0.8499
Dataset_2,Right,MLP,284,16,42,7,10,0.7733,0.6154,0.8571,0.6531,0.8242
Dataset_2,Right,MLP,285,13,48,5,9,0.8133,0.5909,0.9057,0.65,0.8714
Dataset_2,Right,MLP,286,7,51,7,10,0.7733,0.4118,0.8793,0.4516,0.7363
Dataset_2,Right,MLP,287,9,45,9,12,0.72,0.4286,0.8333,0.4615,0.7178
Dataset_2,Right,MLP,288,15,44,8,8,0.7867,0.6522,0.8462,0.6522,0.7952
Dataset_2,Right,MLP,289,15,42,13,5,0.76,0.75,0.7636,0.625,0.82
Dataset_2,Right,MLP,290,15,42,8,10,0.76,0.6,0.84,0.625,0.8128
Dataset_2,Right,MLP,291,9,46,13,7,0.7333,0.5625,0.7797,0.4737,0.8602
Dataset_2,Right,MLP,292,9,48,9,9,0.76,0.5,0.8421,0.5,0.8752
Dataset_2,Right,MLP,293,16,36,16,7,0.6933,0.6957,0.6923,0.5818,0.7943
Dataset_2,Right,MLP,294,12,48,11,4,0.8,0.75,0.8136,0.6154,0.8824
Dataset_2,Right,MLP,295,13,49,7,6,0.8267,0.6842,0.875,0.6667,0.7867
Dataset_2,Right,MLP,296,10,46,13,6,0.7467,0.625,0.7797,0.5128,0.8051
Dataset_2,Right,MLP,297,12,44,10,9,0.7467,0.5714,0.8148,0.5581,0.8183
Dataset_2,Right,MLP,298,13,44,13,5,0.76,0.7222,0.7719,0.5909,0.8392
Dataset_2,Right,MLP,299,12,46,9,8,0.7733,0.6,0.8364,0.5854,0.8836
Dataset_2,Right,MLP,300,13,42,16,4,0.7333,0.7647,0.7241,0.5652,0.7789
Dataset_2,Right,MLP,301,17,39,9,10,0.7467,0.6296,0.8125,0.6415,0.7647
Dataset_2,Right,MLP,302,11,42,12,10,0.7067,0.5238,0.7778,0.5,0.7496
Dataset_2,Right,MLP,303,8,43,14,10,0.68,0.4444,0.7544,0.4,0.6745
Dataset_2,Right,MLP,304,15,41,14,5,0.7467,0.75,0.7455,0.6122,0.8445
Dataset_2,Right,MLP,305,15,41,12,7,0.7467,0.6818,0.7736,0.6122,0.8525
Dataset_2,Right,MLP,306,14,39,16,6,0.7067,0.7,0.7091,0.56,0.8073
Dataset_2,Right,MLP,307,9,41,18,7,0.6667,0.5625,0.6949,0.4186,0.7362
Dataset_2,Right,MLP,308,14,42,15,4,0.7467,0.7778,0.7368,0.5957,0.9064
Dataset_2,Right,MLP,309,12,44,14,5,0.7467,0.7059,0.7586,0.5581,0.789
Dataset_2,Right,MLP,310,12,40,11,12,0.6933,0.5,0.7843,0.5106,0.7917
Dataset_2,Right,MLP,311,14,45,10,6,0.7867,0.7,0.8182,0.6364,0.8491
Dataset_2,Right,MLP,312,11,45,12,7,0.7467,0.6111,0.7895,0.5366,0.806
Dataset_2,Right,MLP,313,11,40,17,7,0.68,0.6111,0.7018,0.4783,0.6423
Dataset_2,Right,MLP,314,10,45,11,9,0.7333,0.5263,0.8036,0.5,0.7575
Dataset_2,Right,MLP,315,9,45,11,10,0.72,0.4737,0.8036,0.4615,0.7378
Dataset_2,Right,MLP,316,15,39,11,10,0.72,0.6,0.78,0.5882,0.8336
Dataset_2,Right,MLP,317,8,45,13,9,0.7067,0.4706,0.7759,0.4211,0.7505
Dataset_2,Right,MLP,318,24,35,10,6,0.7867,0.8,0.7778,0.75,0.8489
Dataset_2,Right,MLP,319,6,51,16,2,0.76,0.75,0.7612,0.4,0.8619
Dataset_2,Right,MLP,320,12,44,12,7,0.7467,0.6316,0.7857,0.5581,0.8571
Dataset_2,Right,MLP,321,14,40,11,10,0.72,0.5833,0.7843,0.5714,0.7655
Dataset_2,Right,MLP,322,16,36,12,11,0.6933,0.5926,0.75,0.5818,0.7948
Dataset_2,Right,MLP,323,12,39,11,13,0.68,0.48,0.78,0.5,0.7088
Dataset_2,Right,MLP,324,14,46,9,6,0.8,0.7,0.8364,0.6512,0.8945
Dataset_2,Right,MLP,325,11,35,19,10,0.6133,0.5238,0.6481,0.4314,0.7011
Dataset_2,Right,MLP,326,13,40,12,10,0.7067,0.5652,0.7692,0.5417,0.7818
Dataset_2,Right,MLP,327,15,39,15,6,0.72,0.7143,0.7222,0.5882,0.8386
Dataset_2,Right,MLP,328,12,43,14,6,0.7333,0.6667,0.7544,0.5455,0.8265
Dataset_2,Right,MLP,329,10,47,13,5,0.76,0.6667,0.7833,0.5263,0.8556
Dataset_2,Right,MLP,330,14,42,9,10,0.7467,0.5833,0.8235,0.5957,0.7582
Dataset_2,Right,MLP,331,15,41,9,10,0.7467,0.6,0.82,0.6122,0.7456
Dataset_2,Right,MLP,332,14,43,11,7,0.76,0.6667,0.7963,0.6087,0.8166
Dataset_2,Right,MLP,333,15,43,11,6,0.7733,0.7143,0.7963,0.6383,0.8254
Dataset_2,Right,MLP,334,11,39,16,9,0.6667,0.55,0.7091,0.4681,0.7027
Dataset_2,Right,MLP,335,15,39,14,7,0.72,0.6818,0.7358,0.5882,0.7916
Dataset_2,Right,MLP,336,18,45,8,4,0.84,0.8182,0.8491,0.75,0.8645
Dataset_2,Right,MLP,337,12,36,13,14,0.64,0.4615,0.7347,0.4706,0.7253
Dataset_2,Right,MLP,338,17,42,9,7,0.7867,0.7083,0.8235,0.68,0.8873
Dataset_2,Right,MLP,339,15,44,10,6,0.7867,0.7143,0.8148,0.6522,0.8016
Dataset_2,Right,MLP,340,15,39,17,4,0.72,0.7895,0.6964,0.5882,0.8515
Dataset_2,Right,MLP,341,15,30,15,15,0.6,0.5,0.6667,0.5,0.6689
Dataset_2,Right,MLP,342,10,47,10,8,0.76,0.5556,0.8246,0.5263,0.8294
Dataset_2,Right,MLP,343,6,41,14,14,0.6267,0.3,0.7455,0.3,0.6209
Dataset_2,Right,MLP,344,20,39,8,8,0.7867,0.7143,0.8298,0.7143,0.8701
Dataset_2,Right,MLP,345,17,39,14,5,0.7467,0.7727,0.7358,0.6415,0.8242
Dataset_2,Right,MLP,346,12,43,15,5,0.7333,0.7059,0.7414,0.5455,0.8043
Dataset_2,Right,MLP,347,15,40,11,9,0.7333,0.625,0.7843,0.6,0.8088
Dataset_2,Right,MLP,348,10,47,8,10,0.76,0.5,0.8545,0.5263,0.7382
Dataset_2,Right,MLP,349,16,42,9,8,0.7733,0.6667,0.8235,0.6531,0.8685
Dataset_2,Right,MLP,350,15,41,11,8,0.7467,0.6522,0.7885,0.6122,0.7851
Dataset_2,Right,MLP,351,7,52,10,6,0.7867,0.5385,0.8387,0.4667,0.7767
Dataset_2,Right,MLP,352,14,49,6,6,0.84,0.7,0.8909,0.7,0.8891
Dataset_2,Right,MLP,353,16,43,10,6,0.7867,0.7273,0.8113,0.6667,0.8422
Dataset_2,Right,MLP,354,11,35,16,13,0.6133,0.4583,0.6863,0.4314,0.7132
Dataset_2,Right,MLP,355,11,45,10,9,0.7467,0.55,0.8182,0.5366,0.8482
Dataset_2,Right,MLP,356,9,48,16,2,0.76,0.8182,0.75,0.5,0.8778
Dataset_2,Right,MLP,357,12,44,9,10,0.7467,0.5455,0.8302,0.5581,0.831
Dataset_2,Right,MLP,358,17,40,11,7,0.76,0.7083,0.7843,0.6538,0.8309
Dataset_2,Right,MLP,359,11,49,9,6,0.8,0.6471,0.8448,0.5946,0.7546
Dataset_2,Right,MLP,360,9,41,19,6,0.6667,0.6,0.6833,0.4186,0.7289
Dataset_2,Right,MLP,361,10,47,9,9,0.76,0.5263,0.8393,0.5263,0.7312
Dataset_2,Right,MLP,362,9,46,13,7,0.7333,0.5625,0.7797,0.4737,0.7627
Dataset_2,Right,MLP,363,18,43,10,4,0.8133,0.8182,0.8113,0.72,0.8696
Dataset_2,Right,MLP,364,18,39,12,6,0.76,0.75,0.7647,0.6667,0.8595
Dataset_2,Right,MLP,365,12,41,9,13,0.7067,0.48,0.82,0.5217,0.804
Dataset_2,Right,MLP,366,11,36,24,4,0.6267,0.7333,0.6,0.44,0.7789
Dataset_2,Right,MLP,367,17,38,13,7,0.7333,0.7083,0.7451,0.6296,0.8129
Dataset_2,Right,MLP,368,12,46,10,7,0.7733,0.6316,0.8214,0.5854,0.7951
Dataset_2,Right,MLP,369,10,40,17,8,0.6667,0.5556,0.7018,0.4444,0.7768
Dataset_2,Right,MLP,370,20,42,8,5,0.8267,0.8,0.84,0.7547,0.9096
Dataset_2,Right,MLP,371,18,37,13,7,0.7333,0.72,0.74,0.6429,0.7536
Dataset_2,Right,MLP,372,15,42,14,4,0.76,0.7895,0.75,0.625,0.8534
Dataset_2,Right,MLP,373,13,44,6,12,0.76,0.52,0.88,0.5909,0.7472
Dataset_2,Right,MLP,374,12,36,16,11,0.64,0.5217,0.6923,0.4706,0.7349
Dataset_2,Right,MLP,375,12,41,15,7,0.7067,0.6316,0.7321,0.5217,0.7885
Dataset_2,Right,MLP,376,8,50,9,8,0.7733,0.5,0.8475,0.4848,0.7246
Dataset_2,Right,MLP,377,14,45,10,6,0.7867,0.7,0.8182,0.6364,0.8509
Dataset_2,Right,MLP,378,13,41,13,8,0.72,0.619,0.7593,0.5532,0.8413
Dataset_2,Right,MLP,379,14,45,8,8,0.7867,0.6364,0.8491,0.6364,0.8053
Dataset_2,Right,MLP,380,15,42,11,7,0.76,0.6818,0.7925,0.625,0.8499
Dataset_2,Right,MLP,381,18,36,13,8,0.72,0.6923,0.7347,0.6316,0.7771
Dataset_2,Right,MLP,382,11,46,11,7,0.76,0.6111,0.807,0.55,0.8255
Dataset_2,Right,MLP,383,17,40,13,5,0.76,0.7727,0.7547,0.6538,0.8799
Dataset_2,Right,MLP,384,12,40,14,9,0.6933,0.5714,0.7407,0.5106,0.7901
Dataset_2,Right,MLP,385,16,41,11,7,0.76,0.6957,0.7885,0.64,0.8754
Dataset_2,Right,MLP,386,17,39,10,9,0.7467,0.6538,0.7959,0.6415,0.832
Dataset_2,Right,MLP,387,12,46,10,7,0.7733,0.6316,0.8214,0.5854,0.8515
Dataset_2,Right,MLP,388,8,43,15,9,0.68,0.4706,0.7414,0.4,0.5984
Dataset_2,Right,MLP,389,15,40,14,6,0.7333,0.7143,0.7407,0.6,0.8051
Dataset_2,Right,MLP,390,19,38,9,9,0.76,0.6786,0.8085,0.6786,0.8222
Dataset_2,Right,MLP,391,16,45,6,8,0.8133,0.6667,0.8824,0.6957,0.8603
Dataset_2,Right,MLP,392,10,44,15,6,0.72,0.625,0.7458,0.4878,0.7733
Dataset_2,Right,MLP,393,17,40,12,6,0.76,0.7391,0.7692,0.6538,0.8328
Dataset_2,Right,MLP,394,14,39,15,7,0.7067,0.6667,0.7222,0.56,0.8351
Dataset_2,Right,MLP,395,15,35,13,12,0.6667,0.5556,0.7292,0.5455,0.7693
Dataset_2,Right,MLP,396,13,45,10,7,0.7733,0.65,0.8182,0.6047,0.82
Dataset_2,Right,MLP,397,10,46,11,8,0.7467,0.5556,0.807,0.5128,0.807
Dataset_2,Right,MLP,398,14,46,8,7,0.8,0.6667,0.8519,0.6512,0.9162
Dataset_2,Right,MLP,399,8,46,14,7,0.72,0.5333,0.7667,0.4324,0.7333
Dataset_2,Right,MLP,400,8,47,14,6,0.7333,0.5714,0.7705,0.4444,0.7459
Dataset_2,Right,MLP,401,13,38,17,7,0.68,0.65,0.6909,0.52,0.7564
Dataset_2,Right,MLP,402,11,48,9,7,0.7867,0.6111,0.8421,0.5789,0.7661
Dataset_2,Right,MLP,403,14,39,15,7,0.7067,0.6667,0.7222,0.56,0.8395
Dataset_2,Right,MLP,404,14,42,16,3,0.7467,0.8235,0.7241,0.5957,0.855
Dataset_2,Right,MLP,405,10,43,15,7,0.7067,0.5882,0.7414,0.4762,0.8306
Dataset_2,Right,MLP,406,13,36,16,10,0.6533,0.5652,0.6923,0.5,0.7584
Dataset_2,Right,MLP,407,14,46,13,2,0.8,0.875,0.7797,0.6512,0.8591
Dataset_2,Right,MLP,408,12,44,13,6,0.7467,0.6667,0.7719,0.5581,0.769
Dataset_2,Right,MLP,409,11,44,13,7,0.7333,0.6111,0.7719,0.5238,0.808
Dataset_2,Right,MLP,410,12,48,10,5,0.8,0.7059,0.8276,0.6154,0.9026
Dataset_2,Right,MLP,411,13,45,10,7,0.7733,0.65,0.8182,0.6047,0.8445
Dataset_2,Right,MLP,412,17,41,12,5,0.7733,0.7727,0.7736,0.6667,0.8988
Dataset_2,Right,MLP,413,13,41,15,6,0.72,0.6842,0.7321,0.5532,0.8327
Dataset_2,Right,MLP,414,9,41,17,8,0.6667,0.5294,0.7069,0.4186,0.7252
Dataset_2,Right,MLP,415,11,46,12,6,0.76,0.6471,0.7931,0.55,0.8256
Dataset_2,Right,MLP,416,9,47,11,8,0.7467,0.5294,0.8103,0.4865,0.8032
Dataset_2,Right,MLP,417,15,43,13,4,0.7733,0.7895,0.7679,0.6383,0.8177
Dataset_2,Right,MLP,418,9,40,15,11,0.6533,0.45,0.7273,0.4091,0.7
Dataset_2,Right,MLP,419,18,33,11,13,0.68,0.5806,0.75,0.6,0.7639
Dataset_2,Right,MLP,420,15,37,13,10,0.6933,0.6,0.74,0.566,0.7776
Dataset_2,Right,MLP,421,12,42,14,7,0.72,0.6316,0.75,0.5333,0.8083
Dataset_2,Right,MLP,422,13,43,12,7,0.7467,0.65,0.7818,0.5778,0.8482
Dataset_2,Right,MLP,423,9,44,15,7,0.7067,0.5625,0.7458,0.45,0.8125
Dataset_2,Right,MLP,424,15,50,7,3,0.8667,0.8333,0.8772,0.75,0.9006
Dataset_2,Right,MLP,425,7,55,8,5,0.8267,0.5833,0.873,0.5185,0.8386
Dataset_2,Right,MLP,426,15,38,9,13,0.7067,0.5357,0.8085,0.5769,0.8351
Dataset_2,Right,MLP,427,9,51,9,6,0.8,0.6,0.85,0.5455,0.8933
Dataset_2,Right,MLP,428,11,44,14,6,0.7333,0.6471,0.7586,0.5238,0.8458
Dataset_2,Right,MLP,429,16,38,12,9,0.72,0.64,0.76,0.6038,0.7728
Dataset_2,Right,MLP,430,13,43,16,3,0.7467,0.8125,0.7288,0.5778,0.7945
Dataset_2,Right,MLP,431,9,48,16,2,0.76,0.8182,0.75,0.5,0.8835
Dataset_2,Right,MLP,432,12,47,10,6,0.7867,0.6667,0.8246,0.6,0.8587
Dataset_2,Right,MLP,433,12,50,6,7,0.8267,0.6316,0.8929,0.6486,0.7932
Dataset_2,Right,MLP,434,16,45,10,4,0.8133,0.8,0.8182,0.6957,0.8809
Dataset_2,Right,MLP,435,22,38,10,5,0.8,0.8148,0.7917,0.7458,0.8611
Dataset_2,Right,MLP,436,15,41,12,7,0.7467,0.6818,0.7736,0.6122,0.8259
Dataset_2,Right,MLP,437,7,48,12,8,0.7333,0.4667,0.8,0.4118,0.8156
Dataset_2,Right,MLP,438,9,43,15,8,0.6933,0.5294,0.7414,0.439,0.6633
Dataset_2,Right,MLP,439,14,44,13,4,0.7733,0.7778,0.7719,0.6222,0.8051
Dataset_2,Right,MLP,440,16,40,12,7,0.7467,0.6957,0.7692,0.6275,0.806
Dataset_2,Right,MLP,441,10,48,12,5,0.7733,0.6667,0.8,0.5405,0.8856
Dataset_2,Right,MLP,442,13,47,10,5,0.8,0.7222,0.8246,0.6341,0.8548
Dataset_2,Right,MLP,443,8,45,17,5,0.7067,0.6154,0.7258,0.4211,0.706
Dataset_2,Right,MLP,444,15,47,8,5,0.8267,0.75,0.8545,0.6977,0.8291
Dataset_2,Right,MLP,445,13,46,10,6,0.7867,0.6842,0.8214,0.619,0.8355
Dataset_2,Right,MLP,446,15,45,8,7,0.8,0.6818,0.8491,0.6667,0.8636
Dataset_2,Right,MLP,447,14,38,12,11,0.6933,0.56,0.76,0.549,0.7544
Dataset_2,Right,MLP,448,12,45,11,7,0.76,0.6316,0.8036,0.5714,0.8308
Dataset_2,Right,MLP,449,17,43,9,6,0.8,0.7391,0.8269,0.6939,0.8495
Dataset_2,Right,MLP,450,11,46,13,5,0.76,0.6875,0.7797,0.55,0.8761
Dataset_2,Right,MLP,451,14,41,16,4,0.7333,0.7778,0.7193,0.5833,0.8158
Dataset_2,Right,MLP,452,14,39,16,6,0.7067,0.7,0.7091,0.56,0.8364
Dataset_2,Right,MLP,453,19,37,13,6,0.7467,0.76,0.74,0.6667,0.856
Dataset_2,Right,MLP,454,18,41,9,7,0.7867,0.72,0.82,0.6923,0.8712
Dataset_2,Right,MLP,455,9,48,10,8,0.76,0.5294,0.8276,0.5,0.7951
Dataset_2,Right,MLP,456,17,38,4,16,0.7333,0.5152,0.9048,0.6296,0.9019
Dataset_2,Right,MLP,457,10,47,13,5,0.76,0.6667,0.7833,0.5263,0.87
Dataset_2,Right,MLP,458,10,47,11,7,0.76,0.5882,0.8103,0.5263,0.7414
Dataset_2,Right,MLP,459,8,50,10,7,0.7733,0.5333,0.8333,0.4848,0.73
Dataset_2,Right,MLP,460,17,41,12,5,0.7733,0.7727,0.7736,0.6667,0.8456
Dataset_2,Right,MLP,461,13,44,9,9,0.76,0.5909,0.8302,0.5909,0.8259
Dataset_2,Right,MLP,462,14,37,16,8,0.68,0.6364,0.6981,0.5385,0.7513
Dataset_2,Right,MLP,463,15,49,6,5,0.8533,0.75,0.8909,0.7317,0.8891
Dataset_2,Right,MLP,464,17,37,14,7,0.72,0.7083,0.7255,0.6182,0.8121
Dataset_2,Right,MLP,465,17,41,10,7,0.7733,0.7083,0.8039,0.6667,0.8219
Dataset_2,Right,MLP,466,12,44,14,5,0.7467,0.7059,0.7586,0.5581,0.8367
Dataset_2,Right,MLP,467,10,46,14,5,0.7467,0.6667,0.7667,0.5128,0.8067
Dataset_2,Right,MLP,468,18,41,6,10,0.7867,0.6429,0.8723,0.6923,0.8397
Dataset_2,Right,MLP,469,8,46,13,8,0.72,0.5,0.7797,0.4324,0.7638
Dataset_2,Right,MLP,470,13,37,18,7,0.6667,0.65,0.6727,0.5098,0.7655
Dataset_2,Right,MLP,471,8,51,10,6,0.7867,0.5714,0.8361,0.5,0.8361
Dataset_2,Right,MLP,472,16,43,12,4,0.7867,0.8,0.7818,0.6667,0.8464
Dataset_2,Right,MLP,473,13,44,15,3,0.76,0.8125,0.7458,0.5909,0.8729
Dataset_2,Right,MLP,474,17,40,12,6,0.76,0.7391,0.7692,0.6538,0.8177
Dataset_2,Right,MLP,475,16,43,10,6,0.7867,0.7273,0.8113,0.6667,0.8551
Dataset_2,Right,MLP,476,11,47,10,7,0.7733,0.6111,0.8246,0.5641,0.8382
Dataset_2,Right,MLP,477,16,38,12,9,0.72,0.64,0.76,0.6038,0.7792
Dataset_2,Right,MLP,478,16,34,16,9,0.6667,0.64,0.68,0.5614,0.7912
Dataset_2,Right,MLP,479,15,44,16,0,0.7867,1.0,0.7333,0.6522,0.8878
Dataset_2,Right,MLP,480,11,42,15,7,0.7067,0.6111,0.7368,0.5,0.7407
Dataset_2,Right,MLP,481,12,47,8,8,0.7867,0.6,0.8545,0.6,0.7518
Dataset_2,Right,MLP,482,6,46,14,9,0.6933,0.4,0.7667,0.3429,0.6389
Dataset_2,Right,MLP,483,12,45,7,11,0.76,0.5217,0.8654,0.5714,0.898
Dataset_2,Right,MLP,484,11,44,12,8,0.7333,0.5789,0.7857,0.5238,0.828
Dataset_2,Right,MLP,485,11,37,22,5,0.64,0.6875,0.6271,0.449,0.8252
Dataset_2,Right,MLP,486,10,47,9,9,0.76,0.5263,0.8393,0.5263,0.7744
Dataset_2,Right,MLP,487,10,48,6,11,0.7733,0.4762,0.8889,0.5405,0.7663
Dataset_2,Right,MLP,488,15,38,14,8,0.7067,0.6522,0.7308,0.5769,0.7617
Dataset_2,Right,MLP,489,15,44,5,11,0.7867,0.5769,0.898,0.6522,0.8776
Dataset_2,Right,MLP,490,16,46,8,5,0.8267,0.7619,0.8519,0.7111,0.9224
Dataset_2,Right,MLP,491,10,51,10,4,0.8133,0.7143,0.8361,0.5882,0.7974
Dataset_2,Right,MLP,492,9,42,20,4,0.68,0.6923,0.6774,0.4286,0.8065
Dataset_2,Right,MLP,493,12,41,9,13,0.7067,0.48,0.82,0.5217,0.8208
Dataset_2,Right,MLP,494,14,45,12,4,0.7867,0.7778,0.7895,0.6364,0.8752
Dataset_2,Right,MLP,495,19,42,7,7,0.8133,0.7308,0.8571,0.7308,0.905
Dataset_2,Right,MLP,496,14,46,11,4,0.8,0.7778,0.807,0.6512,0.8762
Dataset_2,Right,MLP,497,18,36,11,10,0.72,0.6429,0.766,0.6316,0.7804
Dataset_2,Right,MLP,498,12,44,13,6,0.7467,0.6667,0.7719,0.5581,0.8099
Dataset_2,Right,MLP,499,6,51,9,9,0.76,0.4,0.85,0.4,0.7756
Dataset_2,Right,MLP,500,17,37,17,4,0.72,0.8095,0.6852,0.6182,0.8783
Dataset_2,Right,MLP,501,14,44,10,7,0.7733,0.6667,0.8148,0.6222,0.7989
Dataset_2,Right,MLP,502,14,50,7,4,0.8533,0.7778,0.8772,0.7179,0.8616
Dataset_2,Right,MLP,503,13,43,11,8,0.7467,0.619,0.7963,0.5778,0.7601
Dataset_2,Right,MLP,504,22,40,10,3,0.8267,0.88,0.8,0.7719,0.8744
Dataset_2,Right,MLP,505,16,39,14,6,0.7333,0.7273,0.7358,0.6154,0.8268
Dataset_2,Right,MLP,506,8,43,14,10,0.68,0.4444,0.7544,0.4,0.7096
Dataset_2,Right,MLP,507,14,39,15,7,0.7067,0.6667,0.7222,0.56,0.8192
Dataset_2,Right,MLP,508,8,46,16,5,0.72,0.6154,0.7419,0.4324,0.8325
Dataset_2,Right,MLP,509,20,38,10,7,0.7733,0.7407,0.7917,0.7018,0.8804
Dataset_2,Right,MLP,510,11,42,14,8,0.7067,0.5789,0.75,0.5,0.765
Dataset_2,Right,MLP,511,12,43,13,7,0.7333,0.6316,0.7679,0.5455,0.812
Dataset_2,Right,MLP,512,16,39,13,7,0.7333,0.6957,0.75,0.6154,0.8595
Dataset_2,Right,MLP,513,12,39,15,9,0.68,0.5714,0.7222,0.5,0.7257
Dataset_2,Right,MLP,514,13,42,11,9,0.7333,0.5909,0.7925,0.5652,0.8508
Dataset_2,Right,MLP,515,14,41,14,6,0.7333,0.7,0.7455,0.5833,0.7618
Dataset_2,Right,MLP,516,14,38,16,7,0.6933,0.6667,0.7037,0.549,0.8192
Dataset_2,Right,MLP,517,9,46,13,7,0.7333,0.5625,0.7797,0.4737,0.7617
Dataset_2,Right,MLP,518,18,38,13,6,0.7467,0.75,0.7451,0.6545,0.8178
Dataset_2,Right,MLP,519,9,46,16,4,0.7333,0.6923,0.7419,0.4737,0.7854
Dataset_2,Right,MLP,520,11,35,21,8,0.6133,0.5789,0.625,0.4314,0.687
Dataset_2,Right,MLP,521,10,47,10,8,0.76,0.5556,0.8246,0.5263,0.8411
Dataset_2,Right,MLP,522,13,46,10,6,0.7867,0.6842,0.8214,0.619,0.8581
Dataset_2,Right,MLP,523,16,39,14,6,0.7333,0.7273,0.7358,0.6154,0.813
Dataset_2,Right,MLP,524,10,51,8,6,0.8133,0.625,0.8644,0.5882,0.8824
Dataset_2,Right,MLP,525,13,39,13,10,0.6933,0.5652,0.75,0.5306,0.8202
Dataset_2,Right,MLP,526,16,43,9,7,0.7867,0.6957,0.8269,0.6667,0.796
Dataset_2,Right,MLP,527,19,34,13,9,0.7067,0.6786,0.7234,0.6333,0.8017
Dataset_2,Right,MLP,528,14,36,10,15,0.6667,0.4828,0.7826,0.5283,0.7729
Dataset_2,Right,MLP,529,19,39,12,5,0.7733,0.7917,0.7647,0.6909,0.8848
Dataset_2,Right,MLP,530,16,37,15,7,0.7067,0.6957,0.7115,0.5926,0.8303
Dataset_2,Right,MLP,531,15,44,8,8,0.7867,0.6522,0.8462,0.6522,0.8194
Dataset_2,Right,MLP,532,11,52,9,3,0.84,0.7857,0.8525,0.6471,0.911
Dataset_2,Right,MLP,533,12,38,18,7,0.6667,0.6316,0.6786,0.4898,0.6711
Dataset_2,Right,MLP,534,13,42,12,8,0.7333,0.619,0.7778,0.5652,0.8016
Dataset_2,Right,MLP,535,11,40,11,13,0.68,0.4583,0.7843,0.4783,0.7721
Dataset_2,Right,MLP,536,9,55,8,3,0.8533,0.75,0.873,0.6207,0.9087
Dataset_2,Right,MLP,537,13,48,8,6,0.8133,0.6842,0.8571,0.65,0.907
Dataset_2,Right,MLP,538,15,38,15,7,0.7067,0.6818,0.717,0.5769,0.7667
Dataset_2,Right,MLP,539,12,44,12,7,0.7467,0.6316,0.7857,0.5581,0.7566
Dataset_2,Right,MLP,540,14,45,8,8,0.7867,0.6364,0.8491,0.6364,0.8859
Dataset_2,Right,MLP,541,14,44,10,7,0.7733,0.6667,0.8148,0.6222,0.8157
Dataset_2,Right,MLP,542,13,44,9,9,0.76,0.5909,0.8302,0.5909,0.8542
Dataset_2,Right,MLP,543,13,49,10,3,0.8267,0.8125,0.8305,0.6667,0.8941
Dataset_2,Right,MLP,544,13,41,12,9,0.72,0.5909,0.7736,0.5532,0.8002
Dataset_2,Right,MLP,545,15,37,15,8,0.6933,0.6522,0.7115,0.566,0.7709
Dataset_2,Right,MLP,546,8,50,11,6,0.7733,0.5714,0.8197,0.4848,0.7834
Dataset_2,Right,MLP,547,9,44,11,11,0.7067,0.45,0.8,0.45,0.7245
Dataset_2,Right,MLP,548,18,40,10,7,0.7733,0.72,0.8,0.6792,0.8128
Dataset_2,Right,MLP,549,11,38,14,12,0.6533,0.4783,0.7308,0.4583,0.7684
Dataset_2,Right,MLP,550,12,46,10,7,0.7733,0.6316,0.8214,0.5854,0.7885
Dataset_2,Right,MLP,551,7,45,13,10,0.6933,0.4118,0.7759,0.3784,0.6897
Dataset_2,Right,MLP,552,11,43,12,9,0.72,0.55,0.7818,0.5116,0.7855
Dataset_2,Right,MLP,553,14,44,14,3,0.7733,0.8235,0.7586,0.6222,0.9118
Dataset_2,Right,MLP,554,13,37,15,10,0.6667,0.5652,0.7115,0.5098,0.7149
Dataset_2,Right,MLP,555,10,48,7,10,0.7733,0.5,0.8727,0.5405,0.8573
Dataset_2,Right,MLP,556,18,36,14,7,0.72,0.72,0.72,0.6316,0.8016
Dataset_2,Right,MLP,557,15,46,10,4,0.8133,0.7895,0.8214,0.6818,0.9079
Dataset_2,Right,MLP,558,15,44,9,7,0.7867,0.6818,0.8302,0.6522,0.8405
Dataset_2,Right,MLP,559,18,40,14,3,0.7733,0.8571,0.7407,0.6792,0.8131
Dataset_2,Right,MLP,560,14,43,14,4,0.76,0.7778,0.7544,0.6087,0.8411
Dataset_2,Right,MLP,561,11,48,12,4,0.7867,0.7333,0.8,0.5789,0.8144
Dataset_2,Right,MLP,562,11,40,16,8,0.68,0.5789,0.7143,0.4783,0.6936
Dataset_2,Right,MLP,563,12,48,10,5,0.8,0.7059,0.8276,0.6154,0.8732
Dataset_2,Right,MLP,564,9,46,15,5,0.7333,0.6429,0.7541,0.4737,0.8208
Dataset_2,Right,MLP,565,9,51,11,4,0.8,0.6923,0.8226,0.5455,0.8834
Dataset_2,Right,MLP,566,9,46,13,7,0.7333,0.5625,0.7797,0.4737,0.7383
Dataset_2,Right,MLP,567,19,45,10,1,0.8533,0.95,0.8182,0.7755,0.9473
Dataset_2,Right,MLP,568,14,44,9,8,0.7733,0.6364,0.8302,0.6222,0.8508
Dataset_2,Right,MLP,569,15,39,11,10,0.72,0.6,0.78,0.5882,0.8192
Dataset_2,Right,MLP,570,10,46,14,5,0.7467,0.6667,0.7667,0.5128,0.8456
Dataset_2,Right,MLP,571,12,40,15,8,0.6933,0.6,0.7273,0.5106,0.8364
Dataset_2,Right,MLP,572,13,41,12,9,0.72,0.5909,0.7736,0.5532,0.723
Dataset_2,Right,MLP,573,14,35,16,10,0.6533,0.5833,0.6863,0.5185,0.7247
Dataset_2,Right,MLP,574,18,40,13,4,0.7733,0.8182,0.7547,0.6792,0.8628
Dataset_2,Right,MLP,575,12,40,16,7,0.6933,0.6316,0.7143,0.5106,0.8008
Dataset_2,Right,MLP,576,12,44,13,6,0.7467,0.6667,0.7719,0.5581,0.8119
Dataset_2,Right,MLP,577,18,40,7,10,0.7733,0.6429,0.8511,0.6792,0.8229
Dataset_2,Right,MLP,578,13,50,6,6,0.84,0.6842,0.8929,0.6842,0.9051
Dataset_2,Right,MLP,579,15,39,13,8,0.72,0.6522,0.75,0.5882,0.8119
Dataset_2,Right,MLP,580,9,54,4,8,0.84,0.5294,0.931,0.6,0.855
Dataset_2,Right,MLP,581,18,40,8,9,0.7733,0.6667,0.8333,0.6792,0.8079
Dataset_2,Right,MLP,582,12,44,14,5,0.7467,0.7059,0.7586,0.5581,0.8783
Dataset_2,Right,MLP,583,11,42,13,9,0.7067,0.55,0.7636,0.5,0.6782
Dataset_2,Right,MLP,584,21,37,11,6,0.7733,0.7778,0.7708,0.7119,0.8202
Dataset_2,Right,MLP,585,15,42,9,9,0.76,0.625,0.8235,0.625,0.8145
Dataset_2,Right,MLP,586,11,39,18,7,0.6667,0.6111,0.6842,0.4681,0.7018
Dataset_2,Right,MLP,587,14,42,12,7,0.7467,0.6667,0.7778,0.5957,0.8422
Dataset_2,Right,MLP,588,10,48,9,8,0.7733,0.5556,0.8421,0.5405,0.8382
Dataset_2,Right,MLP,589,15,48,10,2,0.84,0.8824,0.8276,0.7143,0.8722
Dataset_2,Right,MLP,590,12,46,8,9,0.7733,0.5714,0.8519,0.5854,0.7822
Dataset_2,Right,MLP,591,14,35,15,11,0.6533,0.56,0.7,0.5185,0.7992
Dataset_2,Right,MLP,592,14,41,15,5,0.7333,0.7368,0.7321,0.5833,0.7556
Dataset_2,Right,MLP,593,14,38,13,10,0.6933,0.5833,0.7451,0.549,0.7851
Dataset_2,Right,MLP,594,13,43,11,8,0.7467,0.619,0.7963,0.5778,0.836
Dataset_2,Right,MLP,595,12,50,12,1,0.8267,0.9231,0.8065,0.6486,0.8821
Dataset_2,Right,MLP,596,14,48,6,7,0.8267,0.6667,0.8889,0.6829,0.888
Dataset_2,Right,MLP,597,10,45,13,7,0.7333,0.5882,0.7759,0.5,0.8306
Dataset_2,Right,MLP,598,15,42,11,7,0.76,0.6818,0.7925,0.625,0.8499
Dataset_2,Right,MLP,599,13,47,8,7,0.8,0.65,0.8545,0.6341,0.8773
Dataset_2,Right,MLP,600,14,41,14,6,0.7333,0.7,0.7455,0.5833,0.7436
Dataset_2,Right,MLP,601,10,53,6,6,0.84,0.625,0.8983,0.625,0.7998
Dataset_2,Right,MLP,602,15,39,13,8,0.72,0.6522,0.75,0.5882,0.7801
Dataset_2,Right,MLP,603,11,36,19,9,0.6267,0.55,0.6545,0.44,0.7691
Dataset_2,Right,MLP,604,13,47,9,6,0.8,0.6842,0.8393,0.6341,0.86
Dataset_2,Right,MLP,605,12,46,9,8,0.7733,0.6,0.8364,0.5854,0.8073
Dataset_2,Right,MLP,606,12,45,8,10,0.76,0.5455,0.8491,0.5714,0.8216
Dataset_2,Right,MLP,607,12,38,17,8,0.6667,0.6,0.6909,0.4898,0.7636
Dataset_2,Right,MLP,608,10,41,19,5,0.68,0.6667,0.6833,0.4545,0.82
Dataset_2,Right,MLP,609,18,37,16,4,0.7333,0.8182,0.6981,0.6429,0.8619
Dataset_2,Right,MLP,610,19,36,11,9,0.7333,0.6786,0.766,0.6552,0.8146
Dataset_2,Right,MLP,611,12,45,11,7,0.76,0.6316,0.8036,0.5714,0.8308
Dataset_2,Right,MLP,612,14,44,11,6,0.7733,0.7,0.8,0.6222,0.8727
Dataset_2,Right,MLP,613,9,48,11,7,0.76,0.5625,0.8136,0.5,0.7934
Dataset_2,Right,MLP,614,16,42,9,8,0.7733,0.6667,0.8235,0.6531,0.8219
Dataset_2,Right,MLP,615,10,38,14,13,0.64,0.4348,0.7308,0.4255,0.7207
Dataset_2,Right,MLP,616,15,43,16,1,0.7733,0.9375,0.7288,0.6383,0.8591
Dataset_2,Right,MLP,617,12,42,15,6,0.72,0.6667,0.7368,0.5333,0.7524
Dataset_2,Right,MLP,618,6,46,16,7,0.6933,0.4615,0.7419,0.3429,0.7196
Dataset_2,Right,MLP,619,15,41,12,7,0.7467,0.6818,0.7736,0.6122,0.7942
Dataset_2,Right,MLP,620,17,41,9,8,0.7733,0.68,0.82,0.6667,0.8144
Dataset_2,Right,MLP,621,15,46,9,5,0.8133,0.75,0.8364,0.6818,0.8336
Dataset_2,Right,MLP,622,10,43,11,11,0.7067,0.4762,0.7963,0.4762,0.7178
Dataset_2,Right,MLP,623,16,42,11,6,0.7733,0.7273,0.7925,0.6531,0.7822
Dataset_2,Right,MLP,624,15,43,12,5,0.7733,0.75,0.7818,0.6383,0.8373
Dataset_2,Right,MLP,625,8,51,9,7,0.7867,0.5333,0.85,0.5,0.79
Dataset_2,Right,MLP,626,14,41,9,11,0.7333,0.56,0.82,0.5833,0.756
Dataset_2,Right,MLP,627,14,39,14,8,0.7067,0.6364,0.7358,0.56,0.765
Dataset_2,Right,MLP,628,13,38,12,12,0.68,0.52,0.76,0.52,0.736
Dataset_2,Right,MLP,629,12,50,9,4,0.8267,0.75,0.8475,0.6486,0.9258
Dataset_2,Right,MLP,630,8,48,16,3,0.7467,0.7273,0.75,0.4571,0.8793
Dataset_2,Right,MLP,631,14,46,9,6,0.8,0.7,0.8364,0.6512,0.8664
Dataset_2,Right,MLP,632,18,39,12,6,0.76,0.75,0.7647,0.6667,0.8611
Dataset_2,Right,MLP,633,16,43,13,3,0.7867,0.8421,0.7679,0.6667,0.9135
Dataset_2,Right,MLP,634,18,36,13,8,0.72,0.6923,0.7347,0.6316,0.8038
Dataset_2,Right,MLP,635,15,42,14,4,0.76,0.7895,0.75,0.625,0.8402
Dataset_2,Right,MLP,636,14,34,17,10,0.64,0.5833,0.6667,0.5091,0.719
Dataset_2,Right,MLP,637,13,45,9,8,0.7733,0.619,0.8333,0.6047,0.8113
Dataset_2,Right,MLP,638,14,39,15,7,0.7067,0.6667,0.7222,0.56,0.8139
Dataset_2,Right,MLP,639,11,40,15,9,0.68,0.55,0.7273,0.4783,0.7836
Dataset_2,Right,MLP,640,9,48,13,5,0.76,0.6429,0.7869,0.5,0.8185
Dataset_2,Right,MLP,641,13,41,13,8,0.72,0.619,0.7593,0.5532,0.7866
Dataset_2,Right,MLP,642,12,47,13,3,0.7867,0.8,0.7833,0.6,0.86
Dataset_2,Right,MLP,643,16,46,9,4,0.8267,0.8,0.8364,0.7111,0.9064
Dataset_2,Right,MLP,644,12,41,9,13,0.7067,0.48,0.82,0.5217,0.8432
Dataset_2,Right,MLP,645,11,46,11,7,0.76,0.6111,0.807,0.55,0.7407
Dataset_2,Right,MLP,646,14,43,13,5,0.76,0.7368,0.7679,0.6087,0.8186
Dataset_2,Right,MLP,647,15,45,9,6,0.8,0.7143,0.8333,0.6667,0.7954
Dataset_2,Right,MLP,648,11,43,12,9,0.72,0.55,0.7818,0.5116,0.7973
Dataset_2,Right,MLP,649,11,45,9,10,0.7467,0.5238,0.8333,0.5366,0.8254
Dataset_2,Right,MLP,650,15,49,5,6,0.8533,0.7143,0.9074,0.7317,0.8836
Dataset_2,Right,MLP,651,7,49,11,8,0.7467,0.4667,0.8167,0.4242,0.7589
Dataset_2,Right,MLP,652,11,48,10,6,0.7867,0.6471,0.8276,0.5789,0.7799
Dataset_2,Right,MLP,653,19,43,6,7,0.8267,0.7308,0.8776,0.7451,0.8399
Dataset_2,Right,MLP,654,16,40,10,9,0.7467,0.64,0.8,0.6275,0.8032
Dataset_2,Right,MLP,655,11,46,10,8,0.76,0.5789,0.8214,0.55,0.7961
Dataset_2,Right,MLP,656,16,49,7,3,0.8667,0.8421,0.875,0.7619,0.937
Dataset_2,Right,MLP,657,20,42,9,4,0.8267,0.8333,0.8235,0.7547,0.8971
Dataset_2,Right,MLP,658,12,48,9,6,0.8,0.6667,0.8421,0.6154,0.8811
Dataset_2,Right,MLP,659,15,37,15,8,0.6933,0.6522,0.7115,0.566,0.7358
Dataset_2,Right,MLP,660,17,43,11,4,0.8,0.8095,0.7963,0.6939,0.8977
Dataset_2,Right,MLP,661,16,44,8,7,0.8,0.6957,0.8462,0.6809,0.8244
Dataset_2,Right,MLP,662,16,44,9,6,0.8,0.7273,0.8302,0.6809,0.8431
Dataset_2,Right,MLP,663,12,45,13,5,0.76,0.7059,0.7759,0.5714,0.8185
Dataset_2,Right,MLP,664,14,37,13,11,0.68,0.56,0.74,0.5385,0.7464
Dataset_2,Right,MLP,665,10,50,11,4,0.8,0.7143,0.8197,0.5714,0.8337
Dataset_2,Right,MLP,666,12,45,11,7,0.76,0.6316,0.8036,0.5714,0.8468
Dataset_2,Right,MLP,667,10,45,18,2,0.7333,0.8333,0.7143,0.5,0.795
Dataset_2,Right,MLP,668,11,45,14,5,0.7467,0.6875,0.7627,0.5366,0.8517
Dataset_2,Right,MLP,669,12,44,14,5,0.7467,0.7059,0.7586,0.5581,0.8245
Dataset_2,Right,MLP,670,11,48,10,6,0.7867,0.6471,0.8276,0.5789,0.8742
Dataset_2,Right,MLP,671,13,46,10,6,0.7867,0.6842,0.8214,0.619,0.8365
Dataset_2,Right,MLP,672,14,41,14,6,0.7333,0.7,0.7455,0.5833,0.8427
Dataset_2,Right,MLP,673,11,48,11,5,0.7867,0.6875,0.8136,0.5789,0.8146
Dataset_2,Right,MLP,674,11,49,11,4,0.8,0.7333,0.8167,0.5946,0.8578
Dataset_2,Right,MLP,675,19,40,12,4,0.7867,0.8261,0.7692,0.7037,0.8796
Dataset_2,Right,MLP,676,9,50,12,4,0.7867,0.6923,0.8065,0.5294,0.8002
Dataset_2,Right,MLP,677,14,43,10,8,0.76,0.6364,0.8113,0.6087,0.8405
Dataset_2,Right,MLP,678,11,45,14,5,0.7467,0.6875,0.7627,0.5366,0.8189
Dataset_2,Right,MLP,679,11,45,12,7,0.7467,0.6111,0.7895,0.5366,0.7242
Dataset_2,Right,MLP,680,15,39,17,4,0.72,0.7895,0.6964,0.5882,0.8327
Dataset_2,Right,MLP,681,17,44,7,7,0.8133,0.7083,0.8627,0.7083,0.9036
Dataset_2,Right,MLP,682,12,43,15,5,0.7333,0.7059,0.7414,0.5455,0.8174
Dataset_2,Right,MLP,683,21,35,14,5,0.7467,0.8077,0.7143,0.6885,0.8422
Dataset_2,Right,MLP,684,10,50,9,6,0.8,0.625,0.8475,0.5714,0.821
Dataset_2,Right,MLP,685,11,45,14,5,0.7467,0.6875,0.7627,0.5366,0.8475
Dataset_2,Right,MLP,686,12,48,12,3,0.8,0.8,0.8,0.6154,0.8378
Dataset_2,Right,MLP,687,21,31,16,7,0.6933,0.75,0.6596,0.6462,0.81
Dataset_2,Right,MLP,688,11,39,16,9,0.6667,0.55,0.7091,0.4681,0.76
Dataset_2,Right,MLP,689,10,47,12,6,0.76,0.625,0.7966,0.5263,0.7945
Dataset_2,Right,MLP,690,13,46,10,6,0.7867,0.6842,0.8214,0.619,0.766
Dataset_2,Right,MLP,691,13,50,8,4,0.84,0.7647,0.8621,0.6842,0.8692
Dataset_2,Right,MLP,692,13,43,11,8,0.7467,0.619,0.7963,0.5778,0.7822
Dataset_2,Right,MLP,693,8,40,21,6,0.64,0.5714,0.6557,0.3721,0.6944
Dataset_2,Right,MLP,694,14,43,10,8,0.76,0.6364,0.8113,0.6087,0.8062
Dataset_2,Right,MLP,695,15,45,10,5,0.8,0.75,0.8182,0.6667,0.8582
Dataset_2,Right,MLP,696,10,42,13,10,0.6933,0.5,0.7636,0.4651,0.7073
Dataset_2,Right,MLP,697,12,43,13,7,0.7333,0.6316,0.7679,0.5455,0.8534
Dataset_2,Right,MLP,698,12,48,9,6,0.8,0.6667,0.8421,0.6154,0.7865
Dataset_2,Right,MLP,699,8,47,11,9,0.7333,0.4706,0.8103,0.4444,0.6815
Dataset_2,Right,MLP,700,13,45,13,4,0.7733,0.7647,0.7759,0.6047,0.8479
Dataset_2,Right,MLP,701,9,44,13,9,0.7067,0.5,0.7719,0.45,0.7554
Dataset_2,Right,MLP,702,10,46,11,8,0.7467,0.5556,0.807,0.5128,0.8431
Dataset_2,Right,MLP,703,12,44,15,4,0.7467,0.75,0.7458,0.5581,0.8061
Dataset_2,Right,MLP,704,7,43,15,10,0.6667,0.4118,0.7414,0.359,0.8124
Dataset_2,Right,MLP,705,10,50,12,3,0.8,0.7692,0.8065,0.5714,0.8933
Dataset_2,Right,MLP,706,14,42,12,7,0.7467,0.6667,0.7778,0.5957,0.8201
Dataset_2,Right,MLP,707,8,44,15,8,0.6933,0.5,0.7458,0.4103,0.7775
Dataset_2,Right,MLP,708,8,48,13,6,0.7467,0.5714,0.7869,0.4571,0.7354
Dataset_2,Right,MLP,709,10,39,10,16,0.6533,0.3846,0.7959,0.4348,0.7724
Dataset_2,Right,MLP,710,16,43,9,7,0.7867,0.6957,0.8269,0.6667,0.8328
Dataset_2,Right,MLP,711,8,42,15,10,0.6667,0.4444,0.7368,0.3902,0.7329
Dataset_2,Right,MLP,712,12,46,9,8,0.7733,0.6,0.8364,0.5854,0.8509
Dataset_2,Right,MLP,713,10,38,17,10,0.64,0.5,0.6909,0.4255,0.71
Dataset_2,Right,MLP,714,12,43,16,4,0.7333,0.75,0.7288,0.5455,0.7987
Dataset_2,Right,MLP,715,8,45,18,4,0.7067,0.6667,0.7143,0.4211,0.7765
Dataset_2,Right,MLP,716,6,45,15,9,0.68,0.4,0.75,0.3333,0.7244
Dataset_2,Right,MLP,717,10,43,9,13,0.7067,0.4348,0.8269,0.4762,0.7458
Dataset_2,Right,MLP,718,10,49,6,10,0.7867,0.5,0.8909,0.5556,0.8455
Dataset_2,Right,MLP,719,16,45,10,4,0.8133,0.8,0.8182,0.6957,0.9064
Dataset_2,Right,MLP,720,10,44,10,11,0.72,0.4762,0.8148,0.4878,0.7425
Dataset_2,Right,MLP,721,13,45,12,5,0.7733,0.7222,0.7895,0.6047,0.7943
Dataset_2,Right,MLP,722,8,45,10,12,0.7067,0.4,0.8182,0.4211,0.7227
Dataset_2,Right,MLP,723,15,44,10,6,0.7867,0.7143,0.8148,0.6522,0.8792
Dataset_2,Right,MLP,724,8,47,13,7,0.7333,0.5333,0.7833,0.4444,0.8167
Dataset_2,Right,MLP,725,11,44,13,7,0.7333,0.6111,0.7719,0.5238,0.845
Dataset_2,Right,MLP,726,12,45,11,7,0.76,0.6316,0.8036,0.5714,0.7829
Dataset_2,Right,MLP,727,13,38,16,8,0.68,0.619,0.7037,0.52,0.7857
Dataset_2,Right,MLP,728,15,38,16,6,0.7067,0.7143,0.7037,0.5769,0.8457
Dataset_2,Right,MLP,729,13,39,15,8,0.6933,0.619,0.7222,0.5306,0.7963
Dataset_2,Right,MLP,730,12,41,10,12,0.7067,0.5,0.8039,0.5217,0.7663
Dataset_2,Right,MLP,731,15,47,8,5,0.8267,0.75,0.8545,0.6977,0.8791
Dataset_2,Right,MLP,732,15,46,7,7,0.8133,0.6818,0.8679,0.6818,0.8559
Dataset_2,Right,MLP,733,15,30,22,8,0.6,0.6522,0.5769,0.5,0.7717
Dataset_2,Right,MLP,734,12,40,17,6,0.6933,0.6667,0.7018,0.5106,0.808
Dataset_2,Right,MLP,735,13,49,12,1,0.8267,0.9286,0.8033,0.6667,0.8724
Dataset_2,Right,MLP,736,13,39,9,14,0.6933,0.4815,0.8125,0.5306,0.8318
Dataset_2,Right,MLP,737,14,42,14,5,0.7467,0.7368,0.75,0.5957,0.8186
Dataset_2,Right,MLP,738,15,44,12,4,0.7867,0.7895,0.7857,0.6522,0.8797
Dataset_2,Right,MLP,739,8,49,15,3,0.76,0.7273,0.7656,0.4706,0.858
Dataset_2,Right,MLP,740,11,41,17,6,0.6933,0.6471,0.7069,0.4889,0.857
Dataset_2,Right,MLP,741,12,38,19,6,0.6667,0.6667,0.6667,0.4898,0.7856
Dataset_2,Right,MLP,742,11,46,14,4,0.76,0.7333,0.7667,0.55,0.8522
Dataset_2,Right,MLP,743,9,42,15,9,0.68,0.5,0.7368,0.4286,0.7963
Dataset_2,Right,MLP,744,9,45,13,8,0.72,0.5294,0.7759,0.4615,0.7759
Dataset_2,Right,MLP,745,10,47,10,8,0.76,0.5556,0.8246,0.5263,0.7729
Dataset_2,Right,MLP,746,20,40,8,7,0.8,0.7407,0.8333,0.7273,0.8781
Dataset_2,Right,MLP,747,5,46,17,7,0.68,0.4167,0.7302,0.2941,0.7169
Dataset_2,Right,MLP,748,11,38,16,10,0.6533,0.5238,0.7037,0.4583,0.7804
Dataset_2,Right,MLP,749,9,46,11,9,0.7333,0.5,0.807,0.4737,0.8431
Dataset_2,Right,MLP,750,12,48,9,6,0.8,0.6667,0.8421,0.6154,0.8031
Dataset_2,Right,MLP,751,14,42,11,8,0.7467,0.6364,0.7925,0.5957,0.8156
Dataset_2,Right,MLP,752,15,44,7,9,0.7867,0.625,0.8627,0.6522,0.8562
Dataset_2,Right,MLP,753,14,43,9,9,0.76,0.6087,0.8269,0.6087,0.8085
Dataset_2,Right,MLP,754,15,44,9,7,0.7867,0.6818,0.8302,0.6522,0.8302
Dataset_2,Right,MLP,755,13,45,13,4,0.7733,0.7647,0.7759,0.6047,0.8469
Dataset_2,Right,MLP,756,11,50,8,6,0.8133,0.6471,0.8621,0.6111,0.8915
Dataset_2,Right,MLP,757,15,36,11,13,0.68,0.5357,0.766,0.5556,0.7409
Dataset_2,Right,MLP,758,17,41,13,4,0.7733,0.8095,0.7593,0.6667,0.9021
Dataset_2,Right,MLP,759,11,46,12,6,0.76,0.6471,0.7931,0.55,0.7809
Dataset_2,Right,MLP,760,18,40,12,5,0.7733,0.7826,0.7692,0.6792,0.8779
Dataset_2,Right,MLP,761,8,45,11,11,0.7067,0.4211,0.8036,0.4211,0.8477
Dataset_2,Right,MLP,762,11,45,12,7,0.7467,0.6111,0.7895,0.5366,0.8168
Dataset_2,Right,MLP,763,12,37,14,12,0.6533,0.5,0.7255,0.48,0.7533
Dataset_2,Right,MLP,764,15,41,16,3,0.7467,0.8333,0.7193,0.6122,0.8021
Dataset_2,Right,MLP,765,10,45,11,9,0.7333,0.5263,0.8036,0.5,0.7716
Dataset_2,Right,MLP,766,10,43,7,15,0.7067,0.4,0.86,0.4762,0.836
Dataset_2,Right,MLP,767,8,45,14,8,0.7067,0.5,0.7627,0.4211,0.7553
Dataset_2,Right,MLP,768,8,50,9,8,0.7733,0.5,0.8475,0.4848,0.84
Dataset_2,Right,MLP,769,21,41,8,5,0.8267,0.8077,0.8367,0.7636,0.9019
Dataset_2,Right,MLP,770,18,42,7,8,0.8,0.6923,0.8571,0.7059,0.8516
Dataset_2,Right,MLP,771,10,40,18,7,0.6667,0.5882,0.6897,0.4444,0.7931
Dataset_2,Right,MLP,772,15,41,14,5,0.7467,0.75,0.7455,0.6122,0.8391
Dataset_2,Right,MLP,773,10,55,6,4,0.8667,0.7143,0.9016,0.6667,0.9052
Dataset_2,Right,MLP,774,11,44,11,9,0.7333,0.55,0.8,0.5238,0.8055
Dataset_2,Right,MLP,775,19,41,10,5,0.8,0.7917,0.8039,0.717,0.8783
Dataset_2,Right,MLP,776,10,47,11,7,0.76,0.5882,0.8103,0.5263,0.7383
Dataset_2,Right,MLP,777,11,42,12,10,0.7067,0.5238,0.7778,0.5,0.7522
Dataset_2,Right,MLP,778,12,47,10,6,0.7867,0.6667,0.8246,0.6,0.8752
Dataset_2,Right,MLP,779,10,47,9,9,0.76,0.5263,0.8393,0.5263,0.7979
Dataset_2,Right,MLP,780,12,43,14,6,0.7333,0.6667,0.7544,0.5455,0.769
Dataset_2,Right,MLP,781,16,42,11,6,0.7733,0.7273,0.7925,0.6531,0.8576
Dataset_2,Right,MLP,782,9,56,5,5,0.8667,0.6429,0.918,0.6429,0.8677
Dataset_2,Right,MLP,783,13,39,12,11,0.6933,0.5417,0.7647,0.5306,0.7492
Dataset_2,Right,MLP,784,18,43,9,5,0.8133,0.7826,0.8269,0.72,0.857
Dataset_2,Right,MLP,785,11,44,14,6,0.7333,0.6471,0.7586,0.5238,0.7779
Dataset_2,Right,MLP,786,15,44,13,3,0.7867,0.8333,0.7719,0.6522,0.9074
Dataset_2,Right,MLP,787,12,38,17,8,0.6667,0.6,0.6909,0.4898,0.7527
Dataset_2,Right,MLP,788,13,44,12,6,0.76,0.6842,0.7857,0.5909,0.8477
Dataset_2,Right,MLP,789,16,40,15,4,0.7467,0.8,0.7273,0.6275,0.8545
Dataset_2,Right,MLP,790,8,48,12,7,0.7467,0.5333,0.8,0.4571,0.6956
Dataset_2,Right,MLP,791,5,47,14,9,0.6933,0.3571,0.7705,0.303,0.685
Dataset_2,Right,MLP,792,16,41,10,8,0.76,0.6667,0.8039,0.64,0.799
Dataset_2,Right,MLP,793,13,45,11,6,0.7733,0.6842,0.8036,0.6047,0.8647
Dataset_2,Right,MLP,794,8,47,11,9,0.7333,0.4706,0.8103,0.4444,0.7323
Dataset_2,Right,MLP,795,9,41,17,8,0.6667,0.5294,0.7069,0.4186,0.7972
Dataset_2,Right,MLP,796,11,38,13,13,0.6533,0.4583,0.7451,0.4583,0.6618
Dataset_2,Right,MLP,797,8,51,10,6,0.7867,0.5714,0.8361,0.5,0.8407
Dataset_2,Right,MLP,798,11,46,13,5,0.76,0.6875,0.7797,0.55,0.8496
Dataset_2,Right,MLP,799,14,41,12,8,0.7333,0.6364,0.7736,0.5833,0.7804
Dataset_2,Right,MLP,800,12,41,17,5,0.7067,0.7059,0.7069,0.5217,0.8032
Dataset_2,Right,MLP,801,19,41,8,7,0.8,0.7308,0.8367,0.717,0.8524
Dataset_2,Right,MLP,802,14,42,11,8,0.7467,0.6364,0.7925,0.5957,0.8216
Dataset_2,Right,MLP,803,12,44,13,6,0.7467,0.6667,0.7719,0.5581,0.8021
Dataset_2,Right,MLP,804,13,45,13,4,0.7733,0.7647,0.7759,0.6047,0.8671
Dataset_2,Right,MLP,805,12,41,17,5,0.7067,0.7059,0.7069,0.5217,0.8266
Dataset_2,Right,MLP,806,11,43,15,6,0.72,0.6471,0.7414,0.5116,0.7901
Dataset_2,Right,MLP,807,11,38,14,12,0.6533,0.4783,0.7308,0.4583,0.7709
Dataset_2,Right,MLP,808,17,37,11,10,0.72,0.6296,0.7708,0.6182,0.8025
Dataset_2,Right,MLP,809,15,38,16,6,0.7067,0.7143,0.7037,0.5769,0.7928
Dataset_2,Right,MLP,810,15,42,12,6,0.76,0.7143,0.7778,0.625,0.8545
Dataset_2,Right,MLP,811,16,46,3,10,0.8267,0.6154,0.9388,0.7111,0.9341
Dataset_2,Right,MLP,812,19,39,7,10,0.7733,0.6552,0.8478,0.6909,0.9078
Dataset_2,Right,MLP,813,12,44,18,1,0.7467,0.9231,0.7097,0.5581,0.8883
Dataset_2,Right,MLP,814,13,43,10,9,0.7467,0.5909,0.8113,0.5778,0.8019
Dataset_2,Right,MLP,815,20,40,10,5,0.8,0.8,0.8,0.7273,0.916
Dataset_2,Right,MLP,816,7,44,19,5,0.68,0.5833,0.6984,0.3684,0.7804
Dataset_2,Right,MLP,817,13,42,13,7,0.7333,0.65,0.7636,0.5652,0.7664
Dataset_2,Right,MLP,818,12,37,12,14,0.6533,0.4615,0.7551,0.48,0.6829
Dataset_2,Right,MLP,819,10,43,14,8,0.7067,0.5556,0.7544,0.4762,0.7222
Dataset_2,Right,MLP,820,13,41,14,7,0.72,0.65,0.7455,0.5532,0.8109
Dataset_2,Right,MLP,821,13,41,15,6,0.72,0.6842,0.7321,0.5532,0.8261
Dataset_2,Right,MLP,822,14,47,11,3,0.8133,0.8235,0.8103,0.6667,0.9219
Dataset_2,Right,MLP,823,11,37,17,10,0.64,0.5238,0.6852,0.449,0.7055
Dataset_2,Right,MLP,824,13,47,8,7,0.8,0.65,0.8545,0.6341,0.8436
Dataset_2,Right,MLP,825,13,40,16,6,0.7067,0.6842,0.7143,0.5417,0.8261
Dataset_2,Right,MLP,826,19,37,12,7,0.7467,0.7308,0.7551,0.6667,0.8705
Dataset_2,Right,MLP,827,11,51,9,4,0.8267,0.7333,0.85,0.6286,0.8522
Dataset_2,Right,MLP,828,22,38,10,5,0.8,0.8148,0.7917,0.7458,0.8619
Dataset_2,Right,MLP,829,12,39,15,9,0.68,0.5714,0.7222,0.5,0.791
Dataset_2,Right,MLP,830,14,43,14,4,0.76,0.7778,0.7544,0.6087,0.8752
Dataset_2,Right,MLP,831,12,48,9,6,0.8,0.6667,0.8421,0.6154,0.8791
Dataset_2,Right,MLP,832,11,50,9,5,0.8133,0.6875,0.8475,0.6111,0.8803
Dataset_2,Right,MLP,833,14,38,18,5,0.6933,0.7368,0.6786,0.549,0.8026
Dataset_2,Right,MLP,834,8,50,12,5,0.7733,0.6154,0.8065,0.4848,0.8337
Dataset_2,Right,MLP,835,15,37,10,13,0.6933,0.5357,0.7872,0.566,0.8032
Dataset_2,Right,MLP,836,13,51,7,4,0.8533,0.7647,0.8793,0.7027,0.8955
Dataset_2,Right,MLP,837,19,37,12,7,0.7467,0.7308,0.7551,0.6667,0.8493
Dataset_2,Right,MLP,838,19,41,8,7,0.8,0.7308,0.8367,0.717,0.8705
Dataset_2,Right,MLP,839,11,40,14,10,0.68,0.5238,0.7407,0.4783,0.7425
Dataset_2,Right,MLP,840,11,44,13,7,0.7333,0.6111,0.7719,0.5238,0.7651
Dataset_2,Right,MLP,841,16,40,8,11,0.7467,0.5926,0.8333,0.6275,0.8557
Dataset_2,Right,MLP,842,10,44,11,10,0.72,0.5,0.8,0.4878,0.7536
Dataset_2,Right,MLP,843,18,40,12,5,0.7733,0.7826,0.7692,0.6792,0.8645
Dataset_2,Right,MLP,844,9,48,10,8,0.76,0.5294,0.8276,0.5,0.7241
Dataset_2,Right,MLP,845,15,47,8,5,0.8267,0.75,0.8545,0.6977,0.8709
Dataset_2,Right,MLP,846,18,36,12,9,0.72,0.6667,0.75,0.6316,0.8017
Dataset_2,Right,MLP,847,15,42,10,8,0.76,0.6522,0.8077,0.625,0.8763
Dataset_2,Right,MLP,848,16,42,10,7,0.7733,0.6957,0.8077,0.6531,0.8679
Dataset_2,Right,MLP,849,10,43,17,5,0.7067,0.6667,0.7167,0.4762,0.8567
Dataset_2,Right,MLP,850,11,49,10,5,0.8,0.6875,0.8305,0.5946,0.8549
Dataset_2,Right,MLP,851,25,37,8,5,0.8267,0.8333,0.8222,0.7937,0.8733
Dataset_2,Right,MLP,852,14,42,15,4,0.7467,0.7778,0.7368,0.5957,0.7154
Dataset_2,Right,MLP,853,14,41,13,7,0.7333,0.6667,0.7593,0.5833,0.8457
Dataset_2,Right,MLP,854,11,45,13,6,0.7467,0.6471,0.7759,0.5366,0.8347
Dataset_2,Right,MLP,855,13,44,11,7,0.76,0.65,0.8,0.5909,0.79
Dataset_2,Right,MLP,856,12,50,8,5,0.8267,0.7059,0.8621,0.6486,0.8144
Dataset_2,Right,MLP,857,11,47,11,6,0.7733,0.6471,0.8103,0.5641,0.8387
Dataset_2,Right,MLP,858,21,34,12,8,0.7333,0.7241,0.7391,0.6774,0.8463
Dataset_2,Right,MLP,859,18,35,14,8,0.7067,0.6923,0.7143,0.6207,0.8485
Dataset_2,Right,MLP,860,14,39,13,9,0.7067,0.6087,0.75,0.56,0.7525
Dataset_2,Right,MLP,861,8,49,12,6,0.76,0.5714,0.8033,0.4706,0.8173
Dataset_2,Right,MLP,862,11,45,14,5,0.7467,0.6875,0.7627,0.5366,0.8167
Dataset_2,Right,MLP,863,16,42,8,9,0.7733,0.64,0.84,0.6531,0.8664
Dataset_2,Right,MLP,864,11,47,9,8,0.7733,0.5789,0.8393,0.5641,0.7942
Dataset_2,Right,MLP,865,15,39,20,1,0.72,0.9375,0.661,0.5882,0.8538
Dataset_2,Right,MLP,866,15,50,8,2,0.8667,0.8824,0.8621,0.75,0.9087
Dataset_2,Right,MLP,867,11,42,14,8,0.7067,0.5789,0.75,0.5,0.7961
Dataset_2,Right,MLP,868,13,39,17,6,0.6933,0.6842,0.6964,0.5306,0.7312
Dataset_2,Right,MLP,869,11,36,19,9,0.6267,0.55,0.6545,0.44,0.7645
Dataset_2,Right,MLP,870,16,45,12,2,0.8133,0.8889,0.7895,0.6957,0.8928
Dataset_2,Right,MLP,871,18,39,12,6,0.76,0.75,0.7647,0.6667,0.844
Dataset_2,Right,MLP,872,16,44,10,5,0.8,0.7619,0.8148,0.6809,0.851
Dataset_2,Right,MLP,873,11,49,8,7,0.8,0.6111,0.8596,0.5946,0.8207
Dataset_2,Right,MLP,874,18,39,5,13,0.76,0.5806,0.8864,0.6667,0.8886
Dataset_2,Right,MLP,875,11,44,15,5,0.7333,0.6875,0.7458,0.5238,0.8051
Dataset_2,Right,MLP,876,11,44,13,7,0.7333,0.6111,0.7719,0.5238,0.7427
Dataset_2,Right,MLP,877,11,47,8,9,0.7733,0.55,0.8545,0.5641,0.86
Dataset_2,Right,MLP,878,17,41,9,8,0.7733,0.68,0.82,0.6667,0.8344
Dataset_2,Right,MLP,879,17,50,5,3,0.8933,0.85,0.9091,0.8095,0.9191
Dataset_2,Right,MLP,880,14,48,10,3,0.8267,0.8235,0.8276,0.6829,0.8732
Dataset_2,Right,MLP,881,14,44,11,6,0.7733,0.7,0.8,0.6222,0.8864
Dataset_2,Right,MLP,882,13,43,13,6,0.7467,0.6842,0.7679,0.5778,0.8318
Dataset_2,Right,MLP,883,12,42,17,4,0.72,0.75,0.7119,0.5333,0.7903
Dataset_2,Right,MLP,884,18,35,11,11,0.7067,0.6207,0.7609,0.6207,0.7256
Dataset_2,Right,MLP,885,12,41,11,11,0.7067,0.5217,0.7885,0.5217,0.7567
Dataset_2,Right,MLP,886,11,46,17,1,0.76,0.9167,0.7302,0.55,0.8955
Dataset_2,Right,MLP,887,12,40,12,11,0.6933,0.5217,0.7692,0.5106,0.7467
Dataset_2,Right,MLP,888,12,41,13,9,0.7067,0.5714,0.7593,0.5217,0.8016
Dataset_2,Right,MLP,889,11,46,11,7,0.76,0.6111,0.807,0.55,0.8255
Dataset_2,Right,MLP,890,16,37,14,8,0.7067,0.6667,0.7255,0.5926,0.7639
Dataset_2,Right,MLP,891,10,40,14,11,0.6667,0.4762,0.7407,0.4444,0.7487
Dataset_2,Right,MLP,892,11,42,10,12,0.7067,0.4783,0.8077,0.5,0.7525
Dataset_2,Right,MLP,893,12,46,11,6,0.7733,0.6667,0.807,0.5854,0.8977
Dataset_2,Right,MLP,894,16,43,12,4,0.7867,0.8,0.7818,0.6667,0.8891
Dataset_2,Right,MLP,895,6,45,14,10,0.68,0.375,0.7627,0.3333,0.7744
Dataset_2,Right,MLP,896,18,46,10,1,0.8533,0.9474,0.8214,0.766,0.9361
Dataset_2,Right,MLP,897,18,39,12,6,0.76,0.75,0.7647,0.6667,0.808
Dataset_2,Right,MLP,898,11,49,8,7,0.8,0.6111,0.8596,0.5946,0.7388
Dataset_2,Right,MLP,899,10,40,15,10,0.6667,0.5,0.7273,0.4444,0.7491
Dataset_2,Right,MLP,900,12,39,17,7,0.68,0.6316,0.6964,0.5,0.7152
Dataset_2,Right,MLP,901,13,43,13,6,0.7467,0.6842,0.7679,0.5778,0.7951
Dataset_2,Right,MLP,902,9,45,12,9,0.72,0.5,0.7895,0.4615,0.7407
Dataset_2,Right,MLP,903,12,45,13,5,0.76,0.7059,0.7759,0.5714,0.8428
Dataset_2,Right,MLP,904,13,45,12,5,0.7733,0.7222,0.7895,0.6047,0.8606
Dataset_2,Right,MLP,905,10,42,16,7,0.6933,0.5882,0.7241,0.4651,0.7941
Dataset_2,Right,MLP,906,10,43,15,7,0.7067,0.5882,0.7414,0.4762,0.7039
Dataset_2,Right,MLP,907,11,36,21,7,0.6267,0.6111,0.6316,0.44,0.7359
Dataset_2,Right,MLP,908,10,51,8,6,0.8133,0.625,0.8644,0.5882,0.8189
Dataset_2,Right,MLP,909,10,46,8,11,0.7467,0.4762,0.8519,0.5128,0.8139
Dataset_2,Right,MLP,910,13,44,11,7,0.76,0.65,0.8,0.5909,0.8709
Dataset_2,Right,MLP,911,10,42,15,8,0.6933,0.5556,0.7368,0.4651,0.77
Dataset_2,Right,MLP,912,13,48,6,8,0.8133,0.619,0.8889,0.65,0.9118
Dataset_2,Right,MLP,913,19,38,10,8,0.76,0.7037,0.7917,0.6786,0.8511
Dataset_2,Right,MLP,914,14,45,8,8,0.7867,0.6364,0.8491,0.6364,0.8105
Dataset_2,Right,MLP,915,11,46,13,5,0.76,0.6875,0.7797,0.55,0.8167
Dataset_2,Right,MLP,916,9,44,15,7,0.7067,0.5625,0.7458,0.45,0.8125
Dataset_2,Right,MLP,917,15,41,16,3,0.7467,0.8333,0.7193,0.6122,0.8928
Dataset_2,Right,MLP,918,10,50,9,6,0.8,0.625,0.8475,0.5714,0.8326
Dataset_2,Right,MLP,919,23,38,10,4,0.8133,0.8519,0.7917,0.7667,0.8711
Dataset_2,Right,MLP,920,14,39,15,7,0.7067,0.6667,0.7222,0.56,0.8051
Dataset_2,Right,MLP,921,8,41,12,14,0.6533,0.3636,0.7736,0.381,0.6775
Dataset_2,Right,MLP,922,15,41,12,7,0.7467,0.6818,0.7736,0.6122,0.8551
Dataset_2,Right,MLP,923,12,47,11,5,0.7867,0.7059,0.8103,0.6,0.7363
Dataset_2,Right,MLP,924,11,37,17,10,0.64,0.5238,0.6852,0.449,0.7266
Dataset_2,Right,MLP,925,12,45,12,6,0.76,0.6667,0.7895,0.5714,0.8519
Dataset_2,Right,MLP,926,10,48,12,5,0.7733,0.6667,0.8,0.5405,0.8367
Dataset_2,Right,MLP,927,15,41,11,8,0.7467,0.6522,0.7885,0.6122,0.8696
Dataset_2,Right,MLP,928,12,46,11,6,0.7733,0.6667,0.807,0.5854,0.8567
Dataset_2,Right,MLP,929,18,41,10,6,0.7867,0.75,0.8039,0.6923,0.8791
Dataset_2,Right,MLP,930,13,43,10,9,0.7467,0.5909,0.8113,0.5778,0.753
Dataset_2,Right,MLP,931,14,38,17,6,0.6933,0.7,0.6909,0.549,0.8064
Dataset_2,Right,MLP,932,16,47,5,7,0.84,0.6957,0.9038,0.7273,0.8428
Dataset_2,Right,MLP,933,9,49,12,5,0.7733,0.6429,0.8033,0.5143,0.7529
Dataset_2,Right,MLP,934,7,45,10,13,0.6933,0.35,0.8182,0.3784,0.7827
Dataset_2,Right,MLP,935,9,49,9,8,0.7733,0.5294,0.8448,0.5143,0.7323
Dataset_2,Right,MLP,936,11,52,9,3,0.84,0.7857,0.8525,0.6471,0.918
Dataset_2,Right,MLP,937,12,46,13,4,0.7733,0.75,0.7797,0.5854,0.8803
Dataset_2,Right,MLP,938,14,45,10,6,0.7867,0.7,0.8182,0.6364,0.8282
Dataset_2,Right,MLP,939,15,46,9,5,0.8133,0.75,0.8364,0.6818,0.8909
Dataset_2,Right,MLP,940,10,45,12,8,0.7333,0.5556,0.7895,0.5,0.7388
Dataset_2,Right,MLP,941,13,48,10,4,0.8133,0.7647,0.8276,0.65,0.8925
Dataset_2,Right,MLP,942,7,45,16,7,0.6933,0.5,0.7377,0.3784,0.6967
Dataset_2,Right,MLP,943,14,45,9,7,0.7867,0.6667,0.8333,0.6364,0.8845
Dataset_2,Right,MLP,944,15,48,7,5,0.84,0.75,0.8727,0.7143,0.9255
Dataset_2,Right,MLP,945,15,48,6,6,0.84,0.7143,0.8889,0.7143,0.8624
Dataset_2,Right,MLP,946,12,43,12,8,0.7333,0.6,0.7818,0.5455,0.8027
Dataset_2,Right,MLP,947,9,42,19,5,0.68,0.6429,0.6885,0.4286,0.8056
Dataset_2,Right,MLP,948,11,48,12,4,0.7867,0.7333,0.8,0.5789,0.88
Dataset_2,Right,MLP,949,16,36,15,8,0.6933,0.6667,0.7059,0.5818,0.8252
Dataset_2,Right,MLP,950,14,39,12,10,0.7067,0.5833,0.7647,0.56,0.7525
Dataset_2,Right,MLP,951,19,41,11,4,0.8,0.8261,0.7885,0.717,0.8955
Dataset_2,Right,MLP,952,18,41,11,5,0.7867,0.7826,0.7885,0.6923,0.862
Dataset_2,Right,MLP,953,15,44,12,4,0.7867,0.7895,0.7857,0.6522,0.8637
Dataset_2,Right,MLP,954,13,38,12,12,0.68,0.52,0.76,0.52,0.7472
Dataset_2,Right,MLP,955,11,37,17,10,0.64,0.5238,0.6852,0.449,0.7399
Dataset_2,Right,MLP,956,17,44,12,2,0.8133,0.8947,0.7857,0.7083,0.9305
Dataset_2,Right,MLP,957,16,39,13,7,0.7333,0.6957,0.75,0.6154,0.8587
Dataset_2,Right,MLP,958,14,42,9,10,0.7467,0.5833,0.8235,0.5957,0.8137
Dataset_2,Right,MLP,959,13,44,10,8,0.76,0.619,0.8148,0.5909,0.8466
Dataset_2,Right,MLP,960,16,44,10,5,0.8,0.7619,0.8148,0.6809,0.8439
Dataset_2,Right,MLP,961,13,35,15,12,0.64,0.52,0.7,0.4906,0.6816
Dataset_2,Right,MLP,962,10,55,4,6,0.8667,0.625,0.9322,0.6667,0.8761
Dataset_2,Right,MLP,963,13,37,16,9,0.6667,0.5909,0.6981,0.5098,0.7479
Dataset_2,Right,MLP,964,7,44,14,10,0.68,0.4118,0.7586,0.3684,0.7333
Dataset_2,Right,MLP,965,15,45,10,5,0.8,0.75,0.8182,0.6667,0.8418
Dataset_2,Right,MLP,966,21,40,11,3,0.8133,0.875,0.7843,0.75,0.9109
Dataset_2,Right,MLP,967,16,39,12,8,0.7333,0.6667,0.7647,0.6154,0.8235
Dataset_2,Right,MLP,968,12,44,10,9,0.7467,0.5714,0.8148,0.5581,0.8651
Dataset_2,Right,MLP,969,14,46,9,6,0.8,0.7,0.8364,0.6512,0.8891
Dataset_2,Right,MLP,970,7,42,20,6,0.6533,0.5385,0.6774,0.35,0.6563
Dataset_2,Right,MLP,971,9,41,14,11,0.6667,0.45,0.7455,0.4186,0.7609
Dataset_2,Right,MLP,972,16,37,17,5,0.7067,0.7619,0.6852,0.5926,0.7575
Dataset_2,Right,MLP,973,16,45,9,5,0.8133,0.7619,0.8333,0.6957,0.8898
Dataset_2,Right,MLP,974,12,51,8,4,0.84,0.75,0.8644,0.6667,0.9131
Dataset_2,Right,MLP,975,11,48,11,5,0.7867,0.6875,0.8136,0.5789,0.893
Dataset_2,Right,MLP,976,16,37,14,8,0.7067,0.6667,0.7255,0.5926,0.7876
Dataset_2,Right,MLP,977,11,42,11,11,0.7067,0.5,0.7925,0.5,0.6715
Dataset_2,Right,MLP,978,18,41,8,8,0.7867,0.6923,0.8367,0.6923,0.7998
Dataset_2,Right,MLP,979,10,39,19,7,0.6533,0.5882,0.6724,0.4348,0.642
Dataset_2,Right,MLP,980,12,44,12,7,0.7467,0.6316,0.7857,0.5581,0.8148
Dataset_2,Right,MLP,981,20,35,13,7,0.7333,0.7407,0.7292,0.6667,0.8241
Dataset_2,Right,MLP,982,11,38,16,10,0.6533,0.5238,0.7037,0.4583,0.7284
Dataset_2,Right,MLP,983,13,46,15,1,0.7867,0.9286,0.7541,0.619,0.8923
Dataset_2,Right,MLP,984,11,48,9,7,0.7867,0.6111,0.8421,0.5789,0.8772
Dataset_2,Right,MLP,985,13,49,5,8,0.8267,0.619,0.9074,0.6667,0.7275
Dataset_2,Right,MLP,986,19,38,10,8,0.76,0.7037,0.7917,0.6786,0.8534
Dataset_2,Right,MLP,987,9,42,17,7,0.68,0.5625,0.7119,0.4286,0.785
Dataset_2,Right,MLP,988,12,46,10,7,0.7733,0.6316,0.8214,0.5854,0.781
Dataset_2,Right,MLP,989,15,43,11,6,0.7733,0.7143,0.7963,0.6383,0.8704
Dataset_2,Right,MLP,990,9,43,14,9,0.6933,0.5,0.7544,0.439,0.7398
Dataset_2,Right,MLP,991,14,41,13,7,0.7333,0.6667,0.7593,0.5833,0.7884
Dataset_2,Right,MLP,992,9,40,18,8,0.6533,0.5294,0.6897,0.4091,0.6998
Dataset_2,Right,MLP,993,12,44,11,8,0.7467,0.6,0.8,0.5581,0.7991
Dataset_2,Right,MLP,994,10,48,9,8,0.7733,0.5556,0.8421,0.5405,0.8158
Dataset_2,Right,MLP,995,19,41,11,4,0.8,0.8261,0.7885,0.717,0.8779
Dataset_2,Right,MLP,996,13,45,11,6,0.7733,0.6842,0.8036,0.6047,0.7914
Dataset_2,Right,MLP,997,19,46,8,2,0.8667,0.9048,0.8519,0.7917,0.9224
Dataset_2,Right,MLP,998,13,44,9,9,0.76,0.5909,0.8302,0.5909,0.807
Dataset_2,Right,MLP,999,17,43,9,6,0.8,0.7391,0.8269,0.6939,0.8888
Dataset_2,Right,MLP,1000,12,41,13,9,0.7067,0.5714,0.7593,0.5217,0.8025
Dataset_2,Right,ResNet (Standard),1,17,46,10,2,0.84,0.8947,0.8214,0.7391,0.9417
Dataset_2,Right,ResNet (Standard),2,7,45,12,11,0.6933,0.3889,0.7895,0.3784,0.7212
Dataset_2,Right,ResNet (Standard),3,14,46,12,3,0.8,0.8235,0.7931,0.6512,0.9138
Dataset_2,Right,ResNet (Standard),4,17,36,9,13,0.7067,0.5667,0.8,0.6071,0.8481
Dataset_2,Right,ResNet (Standard),5,11,43,13,8,0.72,0.5789,0.7679,0.5116,0.7979
Dataset_2,Right,ResNet (Standard),6,17,47,5,6,0.8533,0.7391,0.9038,0.7556,0.8788
Dataset_2,Right,ResNet (Standard),7,9,42,14,10,0.68,0.4737,0.75,0.4286,0.7932
Dataset_2,Right,ResNet (Standard),8,10,48,13,4,0.7733,0.7143,0.7869,0.5405,0.7717
Dataset_2,Right,ResNet (Standard),9,12,46,8,9,0.7733,0.5714,0.8519,0.5854,0.8721
Dataset_2,Right,ResNet (Standard),10,14,44,10,7,0.7733,0.6667,0.8148,0.6222,0.8386
Dataset_2,Right,ResNet (Standard),11,17,42,7,9,0.7867,0.6538,0.8571,0.68,0.803
Dataset_2,Right,ResNet (Standard),12,11,49,10,5,0.8,0.6875,0.8305,0.5946,0.803
Dataset_2,Right,ResNet (Standard),13,12,43,14,6,0.7333,0.6667,0.7544,0.5455,0.8226
Dataset_2,Right,ResNet (Standard),14,17,42,7,9,0.7867,0.6538,0.8571,0.68,0.883
Dataset_2,Right,ResNet (Standard),15,8,48,6,13,0.7467,0.381,0.8889,0.4571,0.7637
Dataset_2,Right,ResNet (Standard),16,15,49,9,2,0.8533,0.8824,0.8448,0.7317,0.9351
Dataset_2,Right,ResNet (Standard),17,9,50,11,5,0.7867,0.6429,0.8197,0.5294,0.8993
Dataset_2,Right,ResNet (Standard),18,12,38,17,8,0.6667,0.6,0.6909,0.4898,0.7327
Dataset_2,Right,ResNet (Standard),19,18,43,6,8,0.8133,0.6923,0.8776,0.72,0.8391
Dataset_2,Right,ResNet (Standard),20,7,55,7,6,0.8267,0.5385,0.8871,0.5185,0.8635
Dataset_2,Right,ResNet (Standard),21,13,45,11,6,0.7733,0.6842,0.8036,0.6047,0.8844
Dataset_2,Right,ResNet (Standard),22,6,47,14,8,0.7067,0.4286,0.7705,0.3529,0.822
Dataset_2,Right,ResNet (Standard),23,14,47,11,3,0.8133,0.8235,0.8103,0.6667,0.9402
Dataset_2,Right,ResNet (Standard),24,12,45,9,9,0.76,0.5714,0.8333,0.5714,0.7892
Dataset_2,Right,ResNet (Standard),25,13,44,11,7,0.76,0.65,0.8,0.5909,0.8609
Dataset_2,Right,ResNet (Standard),26,16,44,8,7,0.8,0.6957,0.8462,0.6809,0.8729
Dataset_2,Right,ResNet (Standard),27,10,43,16,6,0.7067,0.625,0.7288,0.4762,0.7436
Dataset_2,Right,ResNet (Standard),28,10,47,10,8,0.76,0.5556,0.8246,0.5263,0.7154
Dataset_2,Right,ResNet (Standard),29,15,40,13,7,0.7333,0.6818,0.7547,0.6,0.8516
Dataset_2,Right,ResNet (Standard),30,16,47,8,4,0.84,0.8,0.8545,0.7273,0.8936
Dataset_2,Right,ResNet (Standard),31,11,52,8,4,0.84,0.7333,0.8667,0.6471,0.9322
Dataset_2,Right,ResNet (Standard),32,11,42,13,9,0.7067,0.55,0.7636,0.5,0.7518
Dataset_2,Right,ResNet (Standard),33,10,51,9,5,0.8133,0.6667,0.85,0.5882,0.9
Dataset_2,Right,ResNet (Standard),34,11,49,8,7,0.8,0.6111,0.8596,0.5946,0.8031
Dataset_2,Right,ResNet (Standard),35,16,42,9,8,0.7733,0.6667,0.8235,0.6531,0.8832
Dataset_2,Right,ResNet (Standard),36,13,35,20,7,0.64,0.65,0.6364,0.4906,0.8009
Dataset_2,Right,ResNet (Standard),37,7,48,10,10,0.7333,0.4118,0.8276,0.4118,0.8073
Dataset_2,Right,ResNet (Standard),38,17,42,10,6,0.7867,0.7391,0.8077,0.68,0.7977
Dataset_2,Right,ResNet (Standard),39,13,47,8,7,0.8,0.65,0.8545,0.6341,0.8891
Dataset_2,Right,ResNet (Standard),40,11,47,13,4,0.7733,0.7333,0.7833,0.5641,0.8856
Dataset_2,Right,ResNet (Standard),41,8,50,12,5,0.7733,0.6154,0.8065,0.4848,0.8251
Dataset_2,Right,ResNet (Standard),42,11,49,10,5,0.8,0.6875,0.8305,0.5946,0.8146
Dataset_2,Right,ResNet (Standard),43,15,48,9,3,0.84,0.8333,0.8421,0.7143,0.9279
Dataset_2,Right,ResNet (Standard),44,10,51,3,11,0.8133,0.4762,0.9444,0.5882,0.9268
Dataset_2,Right,ResNet (Standard),45,8,45,14,8,0.7067,0.5,0.7627,0.4211,0.7511
Dataset_2,Right,ResNet (Standard),46,15,42,9,9,0.76,0.625,0.8235,0.625,0.8292
Dataset_2,Right,ResNet (Standard),47,15,45,13,2,0.8,0.8824,0.7759,0.6667,0.8966
Dataset_2,Right,ResNet (Standard),48,14,45,13,3,0.7867,0.8235,0.7759,0.6364,0.855
Dataset_2,Right,ResNet (Standard),49,10,49,10,6,0.7867,0.625,0.8305,0.5556,0.8432
Dataset_2,Right,ResNet (Standard),50,13,44,10,8,0.76,0.619,0.8148,0.5909,0.7954
Dataset_2,Right,ResNet (Standard),51,14,45,7,9,0.7867,0.6087,0.8654,0.6364,0.9097
Dataset_2,Right,ResNet (Standard),52,8,50,11,6,0.7733,0.5714,0.8197,0.4848,0.8443
Dataset_2,Right,ResNet (Standard),53,10,49,7,9,0.7867,0.5263,0.875,0.5556,0.7744
Dataset_2,Right,ResNet (Standard),54,14,42,15,4,0.7467,0.7778,0.7368,0.5957,0.7982
Dataset_2,Right,ResNet (Standard),55,15,40,11,9,0.7333,0.625,0.7843,0.6,0.8685
Dataset_2,Right,ResNet (Standard),56,7,53,11,4,0.8,0.6364,0.8281,0.4828,0.8125
Dataset_2,Right,ResNet (Standard),57,12,45,8,10,0.76,0.5455,0.8491,0.5714,0.7762
Dataset_2,Right,ResNet (Standard),58,13,40,13,9,0.7067,0.5909,0.7547,0.5417,0.8268
Dataset_2,Right,ResNet (Standard),59,10,46,12,7,0.7467,0.5882,0.7931,0.5128,0.7383
Dataset_2,Right,ResNet (Standard),60,11,51,11,2,0.8267,0.8462,0.8226,0.6286,0.9119
Dataset_2,Right,ResNet (Standard),61,17,46,9,3,0.84,0.85,0.8364,0.7391,0.92
Dataset_2,Right,ResNet (Standard),62,20,45,9,1,0.8667,0.9524,0.8333,0.8,0.9215
Dataset_2,Right,ResNet (Standard),63,17,39,14,5,0.7467,0.7727,0.7358,0.6415,0.8791
Dataset_2,Right,ResNet (Standard),64,8,53,6,8,0.8133,0.5,0.8983,0.5333,0.8919
Dataset_2,Right,ResNet (Standard),65,17,44,11,3,0.8133,0.85,0.8,0.7083,0.8845
Dataset_2,Right,ResNet (Standard),66,9,48,13,5,0.76,0.6429,0.7869,0.5,0.8724
Dataset_2,Right,ResNet (Standard),67,15,43,11,6,0.7733,0.7143,0.7963,0.6383,0.8907
Dataset_2,Right,ResNet (Standard),68,14,44,12,5,0.7733,0.7368,0.7857,0.6222,0.8816
Dataset_2,Right,ResNet (Standard),69,15,47,8,5,0.8267,0.75,0.8545,0.6977,0.8791
Dataset_2,Right,ResNet (Standard),70,9,52,10,4,0.8133,0.6923,0.8387,0.5625,0.9032
Dataset_2,Right,ResNet (Standard),71,7,54,7,7,0.8133,0.5,0.8852,0.5,0.8794
Dataset_2,Right,ResNet (Standard),72,11,46,9,9,0.76,0.55,0.8364,0.55,0.8018
Dataset_2,Right,ResNet (Standard),73,9,49,9,8,0.7733,0.5294,0.8448,0.5143,0.8895
Dataset_2,Right,ResNet (Standard),74,14,44,7,10,0.7733,0.5833,0.8627,0.6222,0.8489
Dataset_2,Right,ResNet (Standard),75,12,48,11,4,0.8,0.75,0.8136,0.6154,0.8591
Dataset_2,Right,ResNet (Standard),76,17,40,12,6,0.76,0.7391,0.7692,0.6538,0.8344
Dataset_2,Right,ResNet (Standard),77,14,46,5,10,0.8,0.5833,0.902,0.6512,0.741
Dataset_2,Right,ResNet (Standard),78,14,41,6,14,0.7333,0.5,0.8723,0.5833,0.7888
Dataset_2,Right,ResNet (Standard),79,12,46,11,6,0.7733,0.6667,0.807,0.5854,0.8713
Dataset_2,Right,ResNet (Standard),80,8,46,6,15,0.72,0.3478,0.8846,0.4324,0.7249
Dataset_2,Right,ResNet (Standard),81,12,41,8,14,0.7067,0.4615,0.8367,0.5217,0.7889
Dataset_2,Right,ResNet (Standard),82,15,45,7,8,0.8,0.6522,0.8654,0.6667,0.8712
Dataset_2,Right,ResNet (Standard),83,13,43,13,6,0.7467,0.6842,0.7679,0.5778,0.8195
Dataset_2,Right,ResNet (Standard),84,19,36,12,8,0.7333,0.7037,0.75,0.6552,0.8889
Dataset_2,Right,ResNet (Standard),85,9,46,8,12,0.7333,0.4286,0.8519,0.4737,0.7275
Dataset_2,Right,ResNet (Standard),86,9,47,9,10,0.7467,0.4737,0.8393,0.4865,0.8064
Dataset_2,Right,ResNet (Standard),87,11,46,11,7,0.76,0.6111,0.807,0.55,0.8246
Dataset_2,Right,ResNet (Standard),88,6,50,15,4,0.7467,0.6,0.7692,0.3871,0.84
Dataset_2,Right,ResNet (Standard),89,16,48,5,6,0.8533,0.7273,0.9057,0.7442,0.9322
Dataset_2,Right,ResNet (Standard),90,14,47,9,5,0.8133,0.7368,0.8393,0.6667,0.9201
Dataset_2,Right,ResNet (Standard),91,11,46,12,6,0.76,0.6471,0.7931,0.55,0.8499
Dataset_2,Right,ResNet (Standard),92,4,53,9,9,0.76,0.3077,0.8548,0.3077,0.8089
Dataset_2,Right,ResNet (Standard),93,9,50,12,4,0.7867,0.6923,0.8065,0.5294,0.8275
Dataset_2,Right,ResNet (Standard),94,10,53,5,7,0.84,0.5882,0.9138,0.625,0.8763
Dataset_2,Right,ResNet (Standard),95,11,54,7,3,0.8667,0.7857,0.8852,0.6875,0.9461
Dataset_2,Right,ResNet (Standard),96,15,47,7,6,0.8267,0.7143,0.8704,0.6977,0.9189
Dataset_2,Right,ResNet (Standard),97,12,43,13,7,0.7333,0.6316,0.7679,0.5455,0.8534
Dataset_2,Right,ResNet (Standard),98,10,42,13,10,0.6933,0.5,0.7636,0.4651,0.7409
Dataset_2,Right,ResNet (Standard),99,10,38,16,11,0.64,0.4762,0.7037,0.4255,0.6817
Dataset_2,Right,ResNet (Standard),100,16,43,7,9,0.7867,0.64,0.86,0.6667,0.8872
Dataset_2,Right,ResNet (Standard),101,11,45,13,6,0.7467,0.6471,0.7759,0.5366,0.8185
Dataset_2,Right,ResNet (Standard),102,18,42,6,9,0.8,0.6667,0.875,0.7059,0.8418
Dataset_2,Right,ResNet (Standard),103,18,46,5,6,0.8533,0.75,0.902,0.766,0.902
Dataset_2,Right,ResNet (Standard),104,15,42,8,10,0.76,0.6,0.84,0.625,0.852
Dataset_2,Right,ResNet (Standard),105,10,44,17,4,0.72,0.7143,0.7213,0.4878,0.8525
Dataset_2,Right,ResNet (Standard),106,13,50,9,3,0.84,0.8125,0.8475,0.6842,0.8994
Dataset_2,Right,ResNet (Standard),107,10,49,11,5,0.7867,0.6667,0.8167,0.5556,0.8389
Dataset_2,Right,ResNet (Standard),108,9,51,9,6,0.8,0.6,0.85,0.5455,0.7989
Dataset_2,Right,ResNet (Standard),109,11,48,11,5,0.7867,0.6875,0.8136,0.5789,0.8697
Dataset_2,Right,ResNet (Standard),110,9,49,8,9,0.7733,0.5,0.8596,0.5143,0.846
Dataset_2,Right,ResNet (Standard),111,16,37,11,11,0.7067,0.5926,0.7708,0.5926,0.7623
Dataset_2,Right,ResNet (Standard),112,5,53,11,6,0.7733,0.4545,0.8281,0.3704,0.8395
Dataset_2,Right,ResNet (Standard),113,11,45,11,8,0.7467,0.5789,0.8036,0.5366,0.8393
Dataset_2,Right,ResNet (Standard),114,7,50,9,9,0.76,0.4375,0.8475,0.4375,0.8093
Dataset_2,Right,ResNet (Standard),115,12,45,10,8,0.76,0.6,0.8182,0.5714,0.7891
Dataset_2,Right,ResNet (Standard),116,16,41,10,8,0.76,0.6667,0.8039,0.64,0.8636
Dataset_2,Right,ResNet (Standard),117,13,49,8,5,0.8267,0.7222,0.8596,0.6667,0.8684
Dataset_2,Right,ResNet (Standard),118,14,39,12,10,0.7067,0.5833,0.7647,0.56,0.7794
Dataset_2,Right,ResNet (Standard),119,10,47,9,9,0.76,0.5263,0.8393,0.5263,0.7519
Dataset_2,Right,ResNet (Standard),120,12,47,10,6,0.7867,0.6667,0.8246,0.6,0.8674
Dataset_2,Right,ResNet (Standard),121,16,41,10,8,0.76,0.6667,0.8039,0.64,0.8456
Dataset_2,Right,ResNet (Standard),122,16,44,9,6,0.8,0.7273,0.8302,0.6809,0.8765
Dataset_2,Right,ResNet (Standard),123,12,49,7,7,0.8133,0.6316,0.875,0.6316,0.8299
Dataset_2,Right,ResNet (Standard),124,10,45,12,8,0.7333,0.5556,0.7895,0.5,0.8294
Dataset_2,Right,ResNet (Standard),125,10,43,17,5,0.7067,0.6667,0.7167,0.4762,0.8011
Dataset_2,Right,ResNet (Standard),126,14,46,9,6,0.8,0.7,0.8364,0.6512,0.8564
Dataset_2,Right,ResNet (Standard),127,10,49,11,5,0.7867,0.6667,0.8167,0.5556,0.8478
Dataset_2,Right,ResNet (Standard),128,15,44,13,3,0.7867,0.8333,0.7719,0.6522,0.8938
Dataset_2,Right,ResNet (Standard),129,10,48,10,7,0.7733,0.5882,0.8276,0.5405,0.7779
Dataset_2,Right,ResNet (Standard),130,13,47,12,3,0.8,0.8125,0.7966,0.6341,0.857
Dataset_2,Right,ResNet (Standard),131,13,37,14,11,0.6667,0.5417,0.7255,0.5098,0.7157
Dataset_2,Right,ResNet (Standard),132,9,43,15,8,0.6933,0.5294,0.7414,0.439,0.716
Dataset_2,Right,ResNet (Standard),133,22,37,10,6,0.7867,0.7857,0.7872,0.7333,0.9035
Dataset_2,Right,ResNet (Standard),134,11,49,8,7,0.8,0.6111,0.8596,0.5946,0.8674
Dataset_2,Right,ResNet (Standard),135,11,52,7,5,0.84,0.6875,0.8814,0.6471,0.8528
Dataset_2,Right,ResNet (Standard),136,11,44,10,10,0.7333,0.5238,0.8148,0.5238,0.7919
Dataset_2,Right,ResNet (Standard),137,15,52,4,4,0.8933,0.7895,0.9286,0.7895,0.9633
Dataset_2,Right,ResNet (Standard),138,11,44,11,9,0.7333,0.55,0.8,0.5238,0.7836
Dataset_2,Right,ResNet (Standard),139,9,54,5,7,0.84,0.5625,0.9153,0.6,0.9216
Dataset_2,Right,ResNet (Standard),140,14,44,13,4,0.7733,0.7778,0.7719,0.6222,0.8655
Dataset_2,Right,ResNet (Standard),141,8,48,11,8,0.7467,0.5,0.8136,0.4571,0.857
Dataset_2,Right,ResNet (Standard),142,19,47,6,3,0.88,0.8636,0.8868,0.8085,0.9305
Dataset_2,Right,ResNet (Standard),143,8,48,12,7,0.7467,0.5333,0.8,0.4571,0.8256
Dataset_2,Right,ResNet (Standard),144,16,43,12,4,0.7867,0.8,0.7818,0.6667,0.9236
Dataset_2,Right,ResNet (Standard),145,13,44,11,7,0.76,0.65,0.8,0.5909,0.85
Dataset_2,Right,ResNet (Standard),146,13,40,9,13,0.7067,0.5,0.8163,0.5417,0.7441
Dataset_2,Right,ResNet (Standard),147,15,40,10,10,0.7333,0.6,0.8,0.6,0.7992
Dataset_2,Right,ResNet (Standard),148,17,42,9,7,0.7867,0.7083,0.8235,0.68,0.8709
Dataset_2,Right,ResNet (Standard),149,13,43,9,10,0.7467,0.5652,0.8269,0.5778,0.8177
Dataset_2,Right,ResNet (Standard),150,15,42,11,7,0.76,0.6818,0.7925,0.625,0.8362
Dataset_2,Right,ResNet (Standard),151,11,46,9,9,0.76,0.55,0.8364,0.55,0.8673
Dataset_2,Right,ResNet (Standard),152,7,48,12,8,0.7333,0.4667,0.8,0.4118,0.7978
Dataset_2,Right,ResNet (Standard),153,17,43,4,11,0.8,0.6071,0.9149,0.6939,0.8579
Dataset_2,Right,ResNet (Standard),154,10,44,10,11,0.72,0.4762,0.8148,0.4878,0.7734
Dataset_2,Right,ResNet (Standard),155,9,48,15,3,0.76,0.75,0.7619,0.5,0.8981
Dataset_2,Right,ResNet (Standard),156,11,49,11,4,0.8,0.7333,0.8167,0.5946,0.9144
Dataset_2,Right,ResNet (Standard),157,18,41,8,8,0.7867,0.6923,0.8367,0.6923,0.9199
Dataset_2,Right,ResNet (Standard),158,13,42,12,8,0.7333,0.619,0.7778,0.5652,0.7848
Dataset_2,Right,ResNet (Standard),159,11,50,11,3,0.8133,0.7857,0.8197,0.6111,0.911
Dataset_2,Right,ResNet (Standard),160,14,46,9,6,0.8,0.7,0.8364,0.6512,0.8382
Dataset_2,Right,ResNet (Standard),161,17,45,10,3,0.8267,0.85,0.8182,0.7234,0.9009
Dataset_2,Right,ResNet (Standard),162,19,41,8,7,0.8,0.7308,0.8367,0.717,0.8972
Dataset_2,Right,ResNet (Standard),163,17,43,10,5,0.8,0.7727,0.8113,0.6939,0.8654
Dataset_2,Right,ResNet (Standard),164,10,44,14,7,0.72,0.5882,0.7586,0.4878,0.7738
Dataset_2,Right,ResNet (Standard),165,13,49,7,6,0.8267,0.6842,0.875,0.6667,0.8853
Dataset_2,Right,ResNet (Standard),166,13,45,12,5,0.7733,0.7222,0.7895,0.6047,0.8635
Dataset_2,Right,ResNet (Standard),167,12,53,5,5,0.8667,0.7059,0.9138,0.7059,0.8438
Dataset_2,Right,ResNet (Standard),168,10,46,12,7,0.7467,0.5882,0.7931,0.5128,0.8327
Dataset_2,Right,ResNet (Standard),169,12,38,11,14,0.6667,0.4615,0.7755,0.4898,0.6554
Dataset_2,Right,ResNet (Standard),170,14,45,9,7,0.7867,0.6667,0.8333,0.6364,0.8624
Dataset_2,Right,ResNet (Standard),171,12,46,7,10,0.7733,0.5455,0.8679,0.5854,0.8259
Dataset_2,Right,ResNet (Standard),172,13,44,11,7,0.76,0.65,0.8,0.5909,0.7918
Dataset_2,Right,ResNet (Standard),173,11,39,15,10,0.6667,0.5238,0.7222,0.4681,0.7981
Dataset_2,Right,ResNet (Standard),174,14,46,8,7,0.8,0.6667,0.8519,0.6512,0.8651
Dataset_2,Right,ResNet (Standard),175,17,43,9,6,0.8,0.7391,0.8269,0.6939,0.8704
Dataset_2,Right,ResNet (Standard),176,10,45,10,10,0.7333,0.5,0.8182,0.5,0.8336
Dataset_2,Right,ResNet (Standard),177,8,51,10,6,0.7867,0.5714,0.8361,0.5,0.8138
Dataset_2,Right,ResNet (Standard),178,8,47,13,7,0.7333,0.5333,0.7833,0.4444,0.8511
Dataset_2,Right,ResNet (Standard),179,15,45,7,8,0.8,0.6522,0.8654,0.6667,0.8436
Dataset_2,Right,ResNet (Standard),180,19,35,15,6,0.72,0.76,0.7,0.6441,0.8208
Dataset_2,Right,ResNet (Standard),181,18,37,12,8,0.7333,0.6923,0.7551,0.6429,0.8148
Dataset_2,Right,ResNet (Standard),182,11,50,7,7,0.8133,0.6111,0.8772,0.6111,0.8928
Dataset_2,Right,ResNet (Standard),183,10,46,9,10,0.7467,0.5,0.8364,0.5128,0.7873
Dataset_2,Right,ResNet (Standard),184,11,49,8,7,0.8,0.6111,0.8596,0.5946,0.883
Dataset_2,Right,ResNet (Standard),185,13,45,11,6,0.7733,0.6842,0.8036,0.6047,0.8656
Dataset_2,Right,ResNet (Standard),186,9,47,13,6,0.7467,0.6,0.7833,0.4865,0.81
Dataset_2,Right,ResNet (Standard),187,13,47,11,4,0.8,0.7647,0.8103,0.6341,0.9037
Dataset_2,Right,ResNet (Standard),188,15,48,7,5,0.84,0.75,0.8727,0.7143,0.9273
Dataset_2,Right,ResNet (Standard),189,14,38,9,14,0.6933,0.5,0.8085,0.549,0.7082
Dataset_2,Right,ResNet (Standard),190,21,37,12,5,0.7733,0.8077,0.7551,0.7119,0.9011
Dataset_2,Right,ResNet (Standard),191,12,48,9,6,0.8,0.6667,0.8421,0.6154,0.8782
Dataset_2,Right,ResNet (Standard),192,8,46,12,9,0.72,0.4706,0.7931,0.4324,0.7069
Dataset_2,Right,ResNet (Standard),193,8,43,16,8,0.68,0.5,0.7288,0.4,0.7182
Dataset_2,Right,ResNet (Standard),194,10,44,11,10,0.72,0.5,0.8,0.4878,0.7764
Dataset_2,Right,ResNet (Standard),195,18,42,11,4,0.8,0.8182,0.7925,0.7059,0.8919
Dataset_2,Right,ResNet (Standard),196,11,46,12,6,0.76,0.6471,0.7931,0.55,0.8235
Dataset_2,Right,ResNet (Standard),197,12,47,10,6,0.7867,0.6667,0.8246,0.6,0.9045
Dataset_2,Right,ResNet (Standard),198,16,41,13,5,0.76,0.7619,0.7593,0.64,0.9101
Dataset_2,Right,ResNet (Standard),199,12,49,11,3,0.8133,0.8,0.8167,0.6316,0.8278
Dataset_2,Right,ResNet (Standard),200,13,42,12,8,0.7333,0.619,0.7778,0.5652,0.7575
Dataset_2,Right,ResNet (Standard),201,11,50,5,9,0.8133,0.55,0.9091,0.6111,0.9273
Dataset_2,Right,ResNet (Standard),202,11,47,11,6,0.7733,0.6471,0.8103,0.5641,0.8712
Dataset_2,Right,ResNet (Standard),203,15,38,13,9,0.7067,0.625,0.7451,0.5769,0.8064
Dataset_2,Right,ResNet (Standard),204,15,43,12,5,0.7733,0.75,0.7818,0.6383,0.8545
Dataset_2,Right,ResNet (Standard),205,12,40,12,11,0.6933,0.5217,0.7692,0.5106,0.7383
Dataset_2,Right,ResNet (Standard),206,8,40,14,13,0.64,0.381,0.7407,0.3721,0.6737
Dataset_2,Right,ResNet (Standard),207,15,41,13,6,0.7467,0.7143,0.7593,0.6122,0.8624
Dataset_2,Right,ResNet (Standard),208,7,50,10,8,0.76,0.4667,0.8333,0.4375,0.7633
Dataset_2,Right,ResNet (Standard),209,13,47,8,7,0.8,0.65,0.8545,0.6341,0.8209
Dataset_2,Right,ResNet (Standard),210,17,42,12,4,0.7867,0.8095,0.7778,0.68,0.8977
Dataset_2,Right,ResNet (Standard),211,9,48,14,4,0.76,0.6923,0.7742,0.5,0.8561
Dataset_2,Right,ResNet (Standard),212,12,47,9,7,0.7867,0.6316,0.8393,0.6,0.8383
Dataset_2,Right,ResNet (Standard),213,16,45,10,4,0.8133,0.8,0.8182,0.6957,0.9082
Dataset_2,Right,ResNet (Standard),214,7,42,13,13,0.6533,0.35,0.7636,0.35,0.7036
Dataset_2,Right,ResNet (Standard),215,13,48,11,3,0.8133,0.8125,0.8136,0.65,0.8591
Dataset_2,Right,ResNet (Standard),216,16,44,7,8,0.8,0.6667,0.8627,0.6809,0.9003
Dataset_2,Right,ResNet (Standard),217,20,34,16,5,0.72,0.8,0.68,0.6557,0.8608
Dataset_2,Right,ResNet (Standard),218,15,43,12,5,0.7733,0.75,0.7818,0.6383,0.8682
Dataset_2,Right,ResNet (Standard),219,13,47,7,8,0.8,0.619,0.8704,0.6341,0.8598
Dataset_2,Right,ResNet (Standard),220,10,46,10,9,0.7467,0.5263,0.8214,0.5128,0.782
Dataset_2,Right,ResNet (Standard),221,13,48,8,6,0.8133,0.6842,0.8571,0.65,0.8224
Dataset_2,Right,ResNet (Standard),222,12,48,6,9,0.8,0.5714,0.8889,0.6154,0.8422
Dataset_2,Right,ResNet (Standard),223,9,46,15,5,0.7333,0.6429,0.7541,0.4737,0.8314
Dataset_2,Right,ResNet (Standard),224,12,52,6,5,0.8533,0.7059,0.8966,0.6857,0.8966
Dataset_2,Right,ResNet (Standard),225,13,43,12,7,0.7467,0.65,0.7818,0.5778,0.8618
Dataset_2,Right,ResNet (Standard),226,14,46,11,4,0.8,0.7778,0.807,0.6512,0.8655
Dataset_2,Right,ResNet (Standard),227,15,46,10,4,0.8133,0.7895,0.8214,0.6818,0.907
Dataset_2,Right,ResNet (Standard),228,13,48,7,7,0.8133,0.65,0.8727,0.65,0.8582
Dataset_2,Right,ResNet (Standard),229,15,39,9,12,0.72,0.5556,0.8125,0.5882,0.7971
Dataset_2,Right,ResNet (Standard),230,12,44,13,6,0.7467,0.6667,0.7719,0.5581,0.8236
Dataset_2,Right,ResNet (Standard),231,9,50,3,13,0.7867,0.4091,0.9434,0.5294,0.8636
Dataset_2,Right,ResNet (Standard),232,17,43,8,7,0.8,0.7083,0.8431,0.6939,0.8619
Dataset_2,Right,ResNet (Standard),233,13,49,8,5,0.8267,0.7222,0.8596,0.6667,0.8928
Dataset_2,Right,ResNet (Standard),234,16,38,12,9,0.72,0.64,0.76,0.6038,0.8336
Dataset_2,Right,ResNet (Standard),235,10,50,9,6,0.8,0.625,0.8475,0.5714,0.8305
Dataset_2,Right,ResNet (Standard),236,14,49,7,5,0.84,0.7368,0.875,0.7,0.9342
Dataset_2,Right,ResNet (Standard),237,16,45,8,6,0.8133,0.7273,0.8491,0.6957,0.8997
Dataset_2,Right,ResNet (Standard),238,17,40,13,5,0.76,0.7727,0.7547,0.6538,0.813
Dataset_2,Right,ResNet (Standard),239,15,49,4,7,0.8533,0.6818,0.9245,0.7317,0.9074
Dataset_2,Right,ResNet (Standard),240,18,48,3,6,0.88,0.75,0.9412,0.8,0.9534
Dataset_2,Right,ResNet (Standard),241,11,47,10,7,0.7733,0.6111,0.8246,0.5641,0.8957
Dataset_2,Right,ResNet (Standard),242,15,44,9,7,0.7867,0.6818,0.8302,0.6522,0.8628
Dataset_2,Right,ResNet (Standard),243,6,51,9,9,0.76,0.4,0.85,0.4,0.7689
Dataset_2,Right,ResNet (Standard),244,11,44,16,4,0.7333,0.7333,0.7333,0.5238,0.7622
Dataset_2,Right,ResNet (Standard),245,13,43,9,10,0.7467,0.5652,0.8269,0.5778,0.8085
Dataset_2,Right,ResNet (Standard),246,11,52,7,5,0.84,0.6875,0.8814,0.6471,0.9025
Dataset_2,Right,ResNet (Standard),247,7,55,8,5,0.8267,0.5833,0.873,0.5185,0.8955
Dataset_2,Right,ResNet (Standard),248,11,47,7,10,0.7733,0.5238,0.8704,0.5641,0.7487
Dataset_2,Right,ResNet (Standard),249,8,44,14,9,0.6933,0.4706,0.7586,0.4103,0.7231
Dataset_2,Right,ResNet (Standard),250,15,46,6,8,0.8133,0.6522,0.8846,0.6818,0.8629
Dataset_2,Right,ResNet (Standard),251,12,52,8,3,0.8533,0.8,0.8667,0.6857,0.8744
Dataset_2,Right,ResNet (Standard),252,14,46,6,9,0.8,0.6087,0.8846,0.6512,0.8896
Dataset_2,Right,ResNet (Standard),253,16,48,6,5,0.8533,0.7619,0.8889,0.7442,0.9392
Dataset_2,Right,ResNet (Standard),254,13,46,9,7,0.7867,0.65,0.8364,0.619,0.9027
Dataset_2,Right,ResNet (Standard),255,14,39,10,12,0.7067,0.5385,0.7959,0.56,0.77
Dataset_2,Right,ResNet (Standard),256,7,53,11,4,0.8,0.6364,0.8281,0.4828,0.8395
Dataset_2,Right,ResNet (Standard),257,18,46,6,5,0.8533,0.7826,0.8846,0.766,0.8729
Dataset_2,Right,ResNet (Standard),258,17,50,4,4,0.8933,0.8095,0.9259,0.8095,0.9409
Dataset_2,Right,ResNet (Standard),259,14,47,5,9,0.8133,0.6087,0.9038,0.6667,0.8846
Dataset_2,Right,ResNet (Standard),260,23,41,8,3,0.8533,0.8846,0.8367,0.807,0.9105
Dataset_2,Right,ResNet (Standard),261,7,51,10,7,0.7733,0.5,0.8361,0.4516,0.8583
Dataset_2,Right,ResNet (Standard),262,11,50,8,6,0.8133,0.6471,0.8621,0.6111,0.8915
Dataset_2,Right,ResNet (Standard),263,17,40,12,6,0.76,0.7391,0.7692,0.6538,0.8587
Dataset_2,Right,ResNet (Standard),264,16,42,8,9,0.7733,0.64,0.84,0.6531,0.8352
Dataset_2,Right,ResNet (Standard),265,12,45,10,8,0.76,0.6,0.8182,0.5714,0.8755
Dataset_2,Right,ResNet (Standard),266,11,46,11,7,0.76,0.6111,0.807,0.55,0.8791
Dataset_2,Right,ResNet (Standard),267,13,46,10,6,0.7867,0.6842,0.8214,0.619,0.8844
Dataset_2,Right,ResNet (Standard),268,16,46,5,8,0.8267,0.6667,0.902,0.7111,0.8864
Dataset_2,Right,ResNet (Standard),269,8,45,12,10,0.7067,0.4444,0.7895,0.4211,0.7768
Dataset_2,Right,ResNet (Standard),270,18,33,15,9,0.68,0.6667,0.6875,0.6,0.8179
Dataset_2,Right,ResNet (Standard),271,16,42,7,10,0.7733,0.6154,0.8571,0.6531,0.8155
Dataset_2,Right,ResNet (Standard),272,16,44,9,6,0.8,0.7273,0.8302,0.6809,0.8113
Dataset_2,Right,ResNet (Standard),273,12,49,8,6,0.8133,0.6667,0.8596,0.6316,0.923
Dataset_2,Right,ResNet (Standard),274,17,40,10,8,0.76,0.68,0.8,0.6538,0.8008
Dataset_2,Right,ResNet (Standard),275,19,41,8,7,0.8,0.7308,0.8367,0.717,0.8838
Dataset_2,Right,ResNet (Standard),276,14,47,5,9,0.8133,0.6087,0.9038,0.6667,0.8821
Dataset_2,Right,ResNet (Standard),277,14,45,12,4,0.7867,0.7778,0.7895,0.6364,0.8899
Dataset_2,Right,ResNet (Standard),278,14,44,9,8,0.7733,0.6364,0.8302,0.6222,0.7993
Dataset_2,Right,ResNet (Standard),279,15,43,9,8,0.7733,0.6522,0.8269,0.6383,0.8863
Dataset_2,Right,ResNet (Standard),280,10,49,14,2,0.7867,0.8333,0.7778,0.5556,0.9048
Dataset_2,Right,ResNet (Standard),281,12,45,9,9,0.76,0.5714,0.8333,0.5714,0.7425
Dataset_2,Right,ResNet (Standard),282,20,40,6,9,0.8,0.6897,0.8696,0.7273,0.8636
Dataset_2,Right,ResNet (Standard),283,13,52,5,5,0.8667,0.7222,0.9123,0.7222,0.9094
Dataset_2,Right,ResNet (Standard),284,10,49,11,5,0.7867,0.6667,0.8167,0.5556,0.7878
Dataset_2,Right,ResNet (Standard),285,15,42,10,8,0.76,0.6522,0.8077,0.625,0.8227
Dataset_2,Right,ResNet (Standard),286,18,42,10,5,0.8,0.7826,0.8077,0.7059,0.8562
Dataset_2,Right,ResNet (Standard),287,16,43,8,8,0.7867,0.6667,0.8431,0.6667,0.8848
Dataset_2,Right,ResNet (Standard),288,8,44,15,8,0.6933,0.5,0.7458,0.4103,0.7744
Dataset_2,Right,ResNet (Standard),289,12,43,10,10,0.7333,0.5455,0.8113,0.5455,0.8508
Dataset_2,Right,ResNet (Standard),290,16,43,3,13,0.7867,0.5517,0.9348,0.6667,0.8921
Dataset_2,Right,ResNet (Standard),291,15,38,15,7,0.7067,0.6818,0.717,0.5769,0.7925
Dataset_2,Right,ResNet (Standard),292,13,46,9,7,0.7867,0.65,0.8364,0.619,0.8327
Dataset_2,Right,ResNet (Standard),293,9,47,13,6,0.7467,0.6,0.7833,0.4865,0.8556
Dataset_2,Right,ResNet (Standard),294,14,49,7,5,0.84,0.7368,0.875,0.7,0.8788
Dataset_2,Right,ResNet (Standard),295,10,48,10,7,0.7733,0.5882,0.8276,0.5405,0.8428
Dataset_2,Right,ResNet (Standard),296,16,46,6,7,0.8267,0.6957,0.8846,0.7111,0.8236
Dataset_2,Right,ResNet (Standard),297,12,44,12,7,0.7467,0.6316,0.7857,0.5581,0.8073
Dataset_2,Right,ResNet (Standard),298,19,43,7,6,0.8267,0.76,0.86,0.7451,0.9016
Dataset_2,Right,ResNet (Standard),299,14,32,15,14,0.6133,0.5,0.6809,0.4912,0.766
Dataset_2,Right,ResNet (Standard),300,12,39,14,10,0.68,0.5455,0.7358,0.5,0.789
Dataset_2,Right,ResNet (Standard),301,18,40,6,11,0.7733,0.6207,0.8696,0.6792,0.8343
Dataset_2,Right,ResNet (Standard),302,7,52,10,6,0.7867,0.5385,0.8387,0.4667,0.8263
Dataset_2,Right,ResNet (Standard),303,9,45,12,9,0.72,0.5,0.7895,0.4615,0.8197
Dataset_2,Right,ResNet (Standard),304,13,44,12,6,0.76,0.6842,0.7857,0.5909,0.8506
Dataset_2,Right,ResNet (Standard),305,16,44,10,5,0.8,0.7619,0.8148,0.6809,0.8951
Dataset_2,Right,ResNet (Standard),306,10,44,9,12,0.72,0.4545,0.8302,0.4878,0.7298
Dataset_2,Right,ResNet (Standard),307,13,49,7,6,0.8267,0.6842,0.875,0.6667,0.8835
Dataset_2,Right,ResNet (Standard),308,9,43,15,8,0.6933,0.5294,0.7414,0.439,0.7515
Dataset_2,Right,ResNet (Standard),309,9,48,12,6,0.76,0.6,0.8,0.5,0.7778
Dataset_2,Right,ResNet (Standard),310,15,42,10,8,0.76,0.6522,0.8077,0.625,0.7935
Dataset_2,Right,ResNet (Standard),311,13,43,8,11,0.7467,0.5417,0.8431,0.5778,0.817
Dataset_2,Right,ResNet (Standard),312,16,39,11,9,0.7333,0.64,0.78,0.6154,0.8912
Dataset_2,Right,ResNet (Standard),313,15,39,13,8,0.72,0.6522,0.75,0.5882,0.7358
Dataset_2,Right,ResNet (Standard),314,12,37,15,11,0.6533,0.5217,0.7115,0.48,0.7634
Dataset_2,Right,ResNet (Standard),315,10,53,8,4,0.84,0.7143,0.8689,0.625,0.9052
Dataset_2,Right,ResNet (Standard),316,15,48,4,8,0.84,0.6522,0.9231,0.7143,0.9431
Dataset_2,Right,ResNet (Standard),317,12,42,14,7,0.72,0.6316,0.75,0.5333,0.8214
Dataset_2,Right,ResNet (Standard),318,14,51,7,3,0.8667,0.8235,0.8793,0.7368,0.9178
Dataset_2,Right,ResNet (Standard),319,12,41,11,11,0.7067,0.5217,0.7885,0.5217,0.7132
Dataset_2,Right,ResNet (Standard),320,13,51,8,3,0.8533,0.8125,0.8644,0.7027,0.8845
Dataset_2,Right,ResNet (Standard),321,13,40,10,12,0.7067,0.52,0.8,0.5417,0.7664
Dataset_2,Right,ResNet (Standard),322,14,45,9,7,0.7867,0.6667,0.8333,0.6364,0.8325
Dataset_2,Right,ResNet (Standard),323,16,41,12,6,0.76,0.7273,0.7736,0.64,0.8182
Dataset_2,Right,ResNet (Standard),324,10,45,8,12,0.7333,0.4545,0.8491,0.5,0.8353
Dataset_2,Right,ResNet (Standard),325,14,39,14,8,0.7067,0.6364,0.7358,0.56,0.8122
Dataset_2,Right,ResNet (Standard),326,14,45,9,7,0.7867,0.6667,0.8333,0.6364,0.8924
Dataset_2,Right,ResNet (Standard),327,8,50,11,6,0.7733,0.5714,0.8197,0.4848,0.8454
Dataset_2,Right,ResNet (Standard),328,8,49,12,6,0.76,0.5714,0.8033,0.4706,0.8197
Dataset_2,Right,ResNet (Standard),329,16,44,8,7,0.8,0.6957,0.8462,0.6809,0.8512
Dataset_2,Right,ResNet (Standard),330,11,39,16,9,0.6667,0.55,0.7091,0.4681,0.8364
Dataset_2,Right,ResNet (Standard),331,8,46,13,8,0.72,0.5,0.7797,0.4324,0.7828
Dataset_2,Right,ResNet (Standard),332,16,46,8,5,0.8267,0.7619,0.8519,0.7111,0.8836
Dataset_2,Right,ResNet (Standard),333,15,40,12,8,0.7333,0.6522,0.7692,0.6,0.8077
Dataset_2,Right,ResNet (Standard),334,14,48,9,4,0.8267,0.7778,0.8421,0.6829,0.922
Dataset_2,Right,ResNet (Standard),335,18,45,5,7,0.84,0.72,0.9,0.75,0.908
Dataset_2,Right,ResNet (Standard),336,16,40,12,7,0.7467,0.6957,0.7692,0.6275,0.8186
Dataset_2,Right,ResNet (Standard),337,20,31,9,15,0.68,0.5714,0.775,0.625,0.805
Dataset_2,Right,ResNet (Standard),338,9,56,5,5,0.8667,0.6429,0.918,0.6429,0.8899
Dataset_2,Right,ResNet (Standard),339,17,38,13,7,0.7333,0.7083,0.7451,0.6296,0.8676
Dataset_2,Right,ResNet (Standard),340,11,44,11,9,0.7333,0.55,0.8,0.5238,0.8355
Dataset_2,Right,ResNet (Standard),341,17,40,12,6,0.76,0.7391,0.7692,0.6538,0.8378
Dataset_2,Right,ResNet (Standard),342,15,48,8,4,0.84,0.7895,0.8571,0.7143,0.8919
Dataset_2,Right,ResNet (Standard),343,12,41,10,12,0.7067,0.5,0.8039,0.5217,0.7794
Dataset_2,Right,ResNet (Standard),344,16,41,11,7,0.76,0.6957,0.7885,0.64,0.8395
Dataset_2,Right,ResNet (Standard),345,12,43,12,8,0.7333,0.6,0.7818,0.5455,0.7745
Dataset_2,Right,ResNet (Standard),346,11,43,12,9,0.72,0.55,0.7818,0.5116,0.8
Dataset_2,Right,ResNet (Standard),347,16,43,10,6,0.7867,0.7273,0.8113,0.6667,0.7659
Dataset_2,Right,ResNet (Standard),348,13,50,6,6,0.84,0.6842,0.8929,0.6842,0.8327
Dataset_2,Right,ResNet (Standard),349,7,48,12,8,0.7333,0.4667,0.8,0.4118,0.6867
Dataset_2,Right,ResNet (Standard),350,15,49,6,5,0.8533,0.75,0.8909,0.7317,0.8964
Dataset_2,Right,ResNet (Standard),351,9,37,18,11,0.6133,0.45,0.6727,0.383,0.7718
Dataset_2,Right,ResNet (Standard),352,14,44,8,9,0.7733,0.6087,0.8462,0.6222,0.8253
Dataset_2,Right,ResNet (Standard),353,13,50,4,8,0.84,0.619,0.9259,0.6842,0.9409
Dataset_2,Right,ResNet (Standard),354,16,42,11,6,0.7733,0.7273,0.7925,0.6531,0.8765
Dataset_2,Right,ResNet (Standard),355,10,46,8,11,0.7467,0.4762,0.8519,0.5128,0.8078
Dataset_2,Right,ResNet (Standard),356,16,40,13,6,0.7467,0.7273,0.7547,0.6275,0.8834
Dataset_2,Right,ResNet (Standard),357,13,48,12,2,0.8133,0.8667,0.8,0.65,0.8722
Dataset_2,Right,ResNet (Standard),358,18,42,7,8,0.8,0.6923,0.8571,0.7059,0.8163
Dataset_2,Right,ResNet (Standard),359,14,38,12,11,0.6933,0.56,0.76,0.549,0.7472
Dataset_2,Right,ResNet (Standard),360,10,49,12,4,0.7867,0.7143,0.8033,0.5556,0.9052
Dataset_2,Right,ResNet (Standard),361,12,46,9,8,0.7733,0.6,0.8364,0.5854,0.7991
Dataset_2,Right,ResNet (Standard),362,7,51,11,6,0.7733,0.5385,0.8226,0.4516,0.7605
Dataset_2,Right,ResNet (Standard),363,11,51,9,4,0.8267,0.7333,0.85,0.6286,0.9167
Dataset_2,Right,ResNet (Standard),364,18,43,10,4,0.8133,0.8182,0.8113,0.72,0.8722
Dataset_2,Right,ResNet (Standard),365,13,46,9,7,0.7867,0.65,0.8364,0.619,0.7918
Dataset_2,Right,ResNet (Standard),366,7,54,12,2,0.8133,0.7778,0.8182,0.5,0.8906
Dataset_2,Right,ResNet (Standard),367,10,46,11,8,0.7467,0.5556,0.807,0.5128,0.8791
Dataset_2,Right,ResNet (Standard),368,11,49,9,6,0.8,0.6471,0.8448,0.5946,0.8803
Dataset_2,Right,ResNet (Standard),369,14,45,12,4,0.7867,0.7778,0.7895,0.6364,0.8869
Dataset_2,Right,ResNet (Standard),370,12,48,12,3,0.8,0.8,0.8,0.6154,0.9122
Dataset_2,Right,ResNet (Standard),371,13,46,10,6,0.7867,0.6842,0.8214,0.619,0.859
Dataset_2,Right,ResNet (Standard),372,8,51,9,7,0.7867,0.5333,0.85,0.5,0.8522
Dataset_2,Right,ResNet (Standard),373,14,43,8,10,0.76,0.5833,0.8431,0.6087,0.8619
Dataset_2,Right,ResNet (Standard),374,7,51,8,9,0.7733,0.4375,0.8644,0.4516,0.6695
Dataset_2,Right,ResNet (Standard),375,9,43,17,6,0.6933,0.6,0.7167,0.439,0.7833
Dataset_2,Right,ResNet (Standard),376,14,38,13,10,0.6933,0.5833,0.7451,0.549,0.8243
Dataset_2,Right,ResNet (Standard),377,16,43,10,6,0.7867,0.7273,0.8113,0.6667,0.8499
Dataset_2,Right,ResNet (Standard),378,11,43,12,9,0.72,0.55,0.7818,0.5116,0.7891
Dataset_2,Right,ResNet (Standard),379,11,46,14,4,0.76,0.7333,0.7667,0.55,0.86
Dataset_2,Right,ResNet (Standard),380,6,47,10,12,0.7067,0.3333,0.8246,0.3529,0.7602
Dataset_2,Right,ResNet (Standard),381,17,46,8,4,0.84,0.8095,0.8519,0.7391,0.9198
Dataset_2,Right,ResNet (Standard),382,14,45,12,4,0.7867,0.7778,0.7895,0.6364,0.8977
Dataset_2,Right,ResNet (Standard),383,10,46,12,7,0.7467,0.5882,0.7931,0.5128,0.7728
Dataset_2,Right,ResNet (Standard),384,9,39,18,9,0.64,0.5,0.6842,0.4,0.7057
Dataset_2,Right,ResNet (Standard),385,13,43,10,9,0.7467,0.5909,0.8113,0.5778,0.8448
Dataset_2,Right,ResNet (Standard),386,13,41,13,8,0.72,0.619,0.7593,0.5532,0.8298
Dataset_2,Right,ResNet (Standard),387,9,48,11,7,0.76,0.5625,0.8136,0.5,0.7775
Dataset_2,Right,ResNet (Standard),388,17,40,11,7,0.76,0.7083,0.7843,0.6538,0.8031
Dataset_2,Right,ResNet (Standard),389,11,44,11,9,0.7333,0.55,0.8,0.5238,0.8382
Dataset_2,Right,ResNet (Standard),390,12,43,11,9,0.7333,0.5714,0.7963,0.5455,0.7848
Dataset_2,Right,ResNet (Standard),391,12,41,12,10,0.7067,0.5455,0.7736,0.5217,0.8559
Dataset_2,Right,ResNet (Standard),392,11,50,10,4,0.8133,0.7333,0.8333,0.6111,0.9167
Dataset_2,Right,ResNet (Standard),393,10,45,10,10,0.7333,0.5,0.8182,0.5,0.7573
Dataset_2,Right,ResNet (Standard),394,16,38,14,7,0.72,0.6957,0.7308,0.6038,0.7818
Dataset_2,Right,ResNet (Standard),395,16,43,6,10,0.7867,0.6154,0.8776,0.6667,0.8477
Dataset_2,Right,ResNet (Standard),396,15,46,10,4,0.8133,0.7895,0.8214,0.6818,0.8665
Dataset_2,Right,ResNet (Standard),397,16,44,4,11,0.8,0.5926,0.9167,0.6809,0.8627
Dataset_2,Right,ResNet (Standard),398,14,43,10,8,0.76,0.6364,0.8113,0.6087,0.8525
Dataset_2,Right,ResNet (Standard),399,18,40,9,8,0.7733,0.6923,0.8163,0.6792,0.8666
Dataset_2,Right,ResNet (Standard),400,14,43,11,7,0.76,0.6667,0.7963,0.6087,0.8624
Dataset_2,Right,ResNet (Standard),401,9,48,9,9,0.76,0.5,0.8421,0.5,0.8324
Dataset_2,Right,ResNet (Standard),402,19,43,10,3,0.8267,0.8636,0.8113,0.7451,0.9134
Dataset_2,Right,ResNet (Standard),403,11,44,9,11,0.7333,0.5,0.8302,0.5238,0.7719
Dataset_2,Right,ResNet (Standard),404,11,44,10,10,0.7333,0.5238,0.8148,0.5238,0.7848
Dataset_2,Right,ResNet (Standard),405,11,45,15,4,0.7467,0.7333,0.75,0.5366,0.8211
Dataset_2,Right,ResNet (Standard),406,19,36,11,9,0.7333,0.6786,0.766,0.6552,0.8062
Dataset_2,Right,ResNet (Standard),407,11,46,12,6,0.76,0.6471,0.7931,0.55,0.8519
Dataset_2,Right,ResNet (Standard),408,20,34,14,7,0.72,0.7407,0.7083,0.6557,0.8279
Dataset_2,Right,ResNet (Standard),409,7,53,7,8,0.8,0.4667,0.8833,0.4828,0.8322
Dataset_2,Right,ResNet (Standard),410,7,54,7,7,0.8133,0.5,0.8852,0.5,0.8501
Dataset_2,Right,ResNet (Standard),411,10,46,12,7,0.7467,0.5882,0.7931,0.5128,0.8377
Dataset_2,Right,ResNet (Standard),412,11,35,15,14,0.6133,0.44,0.7,0.4314,0.7216
Dataset_2,Right,ResNet (Standard),413,11,50,6,8,0.8133,0.5789,0.8929,0.6111,0.9211
Dataset_2,Right,ResNet (Standard),414,9,50,6,10,0.7867,0.4737,0.8929,0.5294,0.7782
Dataset_2,Right,ResNet (Standard),415,16,41,7,11,0.76,0.5926,0.8542,0.64,0.8187
Dataset_2,Right,ResNet (Standard),416,11,53,6,5,0.8533,0.6875,0.8983,0.6667,0.9078
Dataset_2,Right,ResNet (Standard),417,11,45,17,2,0.7467,0.8462,0.7258,0.5366,0.8511
Dataset_2,Right,ResNet (Standard),418,11,51,9,4,0.8267,0.7333,0.85,0.6286,0.9111
Dataset_2,Right,ResNet (Standard),419,7,45,11,12,0.6933,0.3684,0.8036,0.3784,0.7462
Dataset_2,Right,ResNet (Standard),420,13,38,10,14,0.68,0.4815,0.7917,0.52,0.7801
Dataset_2,Right,ResNet (Standard),421,8,48,8,11,0.7467,0.4211,0.8571,0.4571,0.8459
Dataset_2,Right,ResNet (Standard),422,16,47,6,6,0.84,0.7273,0.8868,0.7273,0.8662
Dataset_2,Right,ResNet (Standard),423,11,46,7,11,0.76,0.5,0.8679,0.55,0.789
Dataset_2,Right,ResNet (Standard),424,15,37,16,7,0.6933,0.6818,0.6981,0.566,0.7959
Dataset_2,Right,ResNet (Standard),425,17,44,7,7,0.8133,0.7083,0.8627,0.7083,0.781
Dataset_2,Right,ResNet (Standard),426,14,50,7,4,0.8533,0.7778,0.8772,0.7179,0.8791
Dataset_2,Right,ResNet (Standard),427,16,45,9,5,0.8133,0.7619,0.8333,0.6957,0.8818
Dataset_2,Right,ResNet (Standard),428,11,52,7,5,0.84,0.6875,0.8814,0.6471,0.8506
Dataset_2,Right,ResNet (Standard),429,6,51,10,8,0.76,0.4286,0.8361,0.4,0.8267
Dataset_2,Right,ResNet (Standard),430,14,43,9,9,0.76,0.6087,0.8269,0.6087,0.7542
Dataset_2,Right,ResNet (Standard),431,19,46,9,1,0.8667,0.95,0.8364,0.7917,0.97
Dataset_2,Right,ResNet (Standard),432,14,45,9,7,0.7867,0.6667,0.8333,0.6364,0.7998
Dataset_2,Right,ResNet (Standard),433,12,44,10,9,0.7467,0.5714,0.8148,0.5581,0.8342
Dataset_2,Right,ResNet (Standard),434,12,43,16,4,0.7333,0.75,0.7288,0.5455,0.7542
Dataset_2,Right,ResNet (Standard),435,11,45,10,9,0.7467,0.55,0.8182,0.5366,0.8582
Dataset_2,Right,ResNet (Standard),436,17,45,7,6,0.8267,0.7391,0.8654,0.7234,0.8921
Dataset_2,Right,ResNet (Standard),437,12,43,14,6,0.7333,0.6667,0.7544,0.5455,0.8431
Dataset_2,Right,ResNet (Standard),438,11,47,10,7,0.7733,0.6111,0.8246,0.5641,0.7953
Dataset_2,Right,ResNet (Standard),439,13,47,5,10,0.8,0.5652,0.9038,0.6341,0.8403
Dataset_2,Right,ResNet (Standard),440,17,48,8,2,0.8667,0.8947,0.8571,0.7727,0.9211
Dataset_2,Right,ResNet (Standard),441,7,53,8,7,0.8,0.5,0.8689,0.4828,0.8478
Dataset_2,Right,ResNet (Standard),442,8,44,11,12,0.6933,0.4,0.8,0.4103,0.7145
Dataset_2,Right,ResNet (Standard),443,13,43,11,8,0.7467,0.619,0.7963,0.5778,0.7831
Dataset_2,Right,ResNet (Standard),444,11,43,14,7,0.72,0.6111,0.7544,0.5116,0.7398
Dataset_2,Right,ResNet (Standard),445,14,42,10,9,0.7467,0.6087,0.8077,0.5957,0.7809
Dataset_2,Right,ResNet (Standard),446,17,43,8,7,0.8,0.7083,0.8431,0.6939,0.8644
Dataset_2,Right,ResNet (Standard),447,9,48,12,6,0.76,0.6,0.8,0.5,0.81
Dataset_2,Right,ResNet (Standard),448,10,45,11,9,0.7333,0.5263,0.8036,0.5,0.8421
Dataset_2,Right,ResNet (Standard),449,10,49,10,6,0.7867,0.625,0.8305,0.5556,0.8411
Dataset_2,Right,ResNet (Standard),450,12,44,11,8,0.7467,0.6,0.8,0.5581,0.7809
Dataset_2,Right,ResNet (Standard),451,12,49,9,5,0.8133,0.7059,0.8448,0.6316,0.8966
Dataset_2,Right,ResNet (Standard),452,18,33,8,16,0.68,0.5294,0.8049,0.6,0.8221
Dataset_2,Right,ResNet (Standard),453,14,48,8,5,0.8267,0.7368,0.8571,0.6829,0.9088
Dataset_2,Right,ResNet (Standard),454,11,43,13,8,0.72,0.5789,0.7679,0.5116,0.8055
Dataset_2,Right,ResNet (Standard),455,17,44,10,4,0.8133,0.8095,0.8148,0.7083,0.9118
Dataset_2,Right,ResNet (Standard),456,16,44,6,9,0.8,0.64,0.88,0.6809,0.8656
Dataset_2,Right,ResNet (Standard),457,12,46,12,5,0.7733,0.7059,0.7931,0.5854,0.8479
Dataset_2,Right,ResNet (Standard),458,12,51,7,5,0.84,0.7059,0.8793,0.6667,0.8682
Dataset_2,Right,ResNet (Standard),459,14,43,14,4,0.76,0.7778,0.7544,0.6087,0.8596
Dataset_2,Right,ResNet (Standard),460,14,45,7,9,0.7867,0.6087,0.8654,0.6364,0.8704
Dataset_2,Right,ResNet (Standard),461,14,48,7,6,0.8267,0.7,0.8727,0.6829,0.8391
Dataset_2,Right,ResNet (Standard),462,15,43,10,7,0.7733,0.6818,0.8113,0.6383,0.8636
Dataset_2,Right,ResNet (Standard),463,12,48,7,8,0.8,0.6,0.8727,0.6154,0.8964
Dataset_2,Right,ResNet (Standard),464,21,39,9,6,0.8,0.7778,0.8125,0.7368,0.9082
Dataset_2,Right,ResNet (Standard),465,13,42,17,3,0.7333,0.8125,0.7119,0.5652,0.8422
Dataset_2,Right,ResNet (Standard),466,12,45,8,10,0.76,0.5455,0.8491,0.5714,0.8491
Dataset_2,Right,ResNet (Standard),467,15,37,10,13,0.6933,0.5357,0.7872,0.566,0.8009
Dataset_2,Right,ResNet (Standard),468,9,49,10,7,0.7733,0.5625,0.8305,0.5143,0.8136
Dataset_2,Right,ResNet (Standard),469,11,46,9,9,0.76,0.55,0.8364,0.55,0.7545
Dataset_2,Right,ResNet (Standard),470,10,45,9,11,0.7333,0.4762,0.8333,0.5,0.8351
Dataset_2,Right,ResNet (Standard),471,18,43,11,3,0.8133,0.8571,0.7963,0.72,0.8951
Dataset_2,Right,ResNet (Standard),472,16,46,6,7,0.8267,0.6957,0.8846,0.7111,0.8679
Dataset_2,Right,ResNet (Standard),473,15,43,11,6,0.7733,0.7143,0.7963,0.6383,0.881
Dataset_2,Right,ResNet (Standard),474,19,41,12,3,0.8,0.8636,0.7736,0.717,0.9117
Dataset_2,Right,ResNet (Standard),475,12,50,7,6,0.8267,0.6667,0.8772,0.6486,0.848
Dataset_2,Right,ResNet (Standard),476,12,47,13,3,0.7867,0.8,0.7833,0.6,0.88
Dataset_2,Right,ResNet (Standard),477,12,50,6,7,0.8267,0.6316,0.8929,0.6486,0.9013
Dataset_2,Right,ResNet (Standard),478,11,41,13,10,0.6933,0.5238,0.7593,0.4889,0.7734
Dataset_2,Right,ResNet (Standard),479,16,39,11,9,0.7333,0.64,0.78,0.6154,0.8056
Dataset_2,Right,ResNet (Standard),480,11,48,11,5,0.7867,0.6875,0.8136,0.5789,0.8644
Dataset_2,Right,ResNet (Standard),481,9,50,12,4,0.7867,0.6923,0.8065,0.5294,0.8834
Dataset_2,Right,ResNet (Standard),482,15,43,11,6,0.7733,0.7143,0.7963,0.6383,0.836
Dataset_2,Right,ResNet (Standard),483,10,48,8,9,0.7733,0.5263,0.8571,0.5405,0.7613
Dataset_2,Right,ResNet (Standard),484,14,42,11,8,0.7467,0.6364,0.7925,0.5957,0.8448
Dataset_2,Right,ResNet (Standard),485,18,39,8,10,0.76,0.6429,0.8298,0.6667,0.8207
Dataset_2,Right,ResNet (Standard),486,14,51,9,1,0.8667,0.9333,0.85,0.7368,0.9589
Dataset_2,Right,ResNet (Standard),487,9,45,12,9,0.72,0.5,0.7895,0.4615,0.8392
Dataset_2,Right,ResNet (Standard),488,10,47,9,9,0.76,0.5263,0.8393,0.5263,0.7782
Dataset_2,Right,ResNet (Standard),489,12,45,11,7,0.76,0.6316,0.8036,0.5714,0.7979
Dataset_2,Right,ResNet (Standard),490,11,49,8,7,0.8,0.6111,0.8596,0.5946,0.8226
Dataset_2,Right,ResNet (Standard),491,14,51,5,5,0.8667,0.7368,0.9107,0.7368,0.8665
Dataset_2,Right,ResNet (Standard),492,13,46,11,5,0.7867,0.7222,0.807,0.619,0.8324
Dataset_2,Right,ResNet (Standard),493,9,45,12,9,0.72,0.5,0.7895,0.4615,0.8129
Dataset_2,Right,ResNet (Standard),494,6,53,9,7,0.7867,0.4615,0.8548,0.4286,0.8102
Dataset_2,Right,ResNet (Standard),495,15,46,6,8,0.8133,0.6522,0.8846,0.6818,0.8311
Dataset_2,Right,ResNet (Standard),496,12,46,10,7,0.7733,0.6316,0.8214,0.5854,0.89
Dataset_2,Right,ResNet (Standard),497,16,41,12,6,0.76,0.7273,0.7736,0.64,0.8405
Dataset_2,Right,ResNet (Standard),498,13,46,8,8,0.7867,0.619,0.8519,0.619,0.8333
Dataset_2,Right,ResNet (Standard),499,14,46,11,4,0.8,0.7778,0.807,0.6512,0.9103
Dataset_2,Right,ResNet (Standard),500,13,43,9,10,0.7467,0.5652,0.8269,0.5778,0.8503
Dataset_2,Right,ResNet (Standard),501,12,47,10,6,0.7867,0.6667,0.8246,0.6,0.8606
Dataset_2,Right,ResNet (Standard),502,7,49,13,6,0.7467,0.5385,0.7903,0.4242,0.8164
Dataset_2,Right,ResNet (Standard),503,9,48,15,3,0.76,0.75,0.7619,0.5,0.8439
Dataset_2,Right,ResNet (Standard),504,11,50,9,5,0.8133,0.6875,0.8475,0.6111,0.9163
Dataset_2,Right,ResNet (Standard),505,16,48,5,6,0.8533,0.7273,0.9057,0.7442,0.9022
Dataset_2,Right,ResNet (Standard),506,22,44,6,3,0.88,0.88,0.88,0.8302,0.9768
Dataset_2,Right,ResNet (Standard),507,11,37,17,10,0.64,0.5238,0.6852,0.449,0.7125
Dataset_2,Right,ResNet (Standard),508,16,35,12,12,0.68,0.5714,0.7447,0.5714,0.8214
Dataset_2,Right,ResNet (Standard),509,11,45,14,5,0.7467,0.6875,0.7627,0.5366,0.8475
Dataset_2,Right,ResNet (Standard),510,16,40,11,8,0.7467,0.6667,0.7843,0.6275,0.7925
Dataset_2,Right,ResNet (Standard),511,10,47,15,3,0.76,0.7692,0.7581,0.5263,0.8524
Dataset_2,Right,ResNet (Standard),512,19,43,7,6,0.8267,0.76,0.86,0.7451,0.8368
Dataset_2,Right,ResNet (Standard),513,16,44,7,8,0.8,0.6667,0.8627,0.6809,0.8897
Dataset_2,Right,ResNet (Standard),514,8,52,9,6,0.8,0.5714,0.8525,0.5161,0.8501
Dataset_2,Right,ResNet (Standard),515,20,38,9,8,0.7733,0.7143,0.8085,0.7018,0.8716
Dataset_2,Right,ResNet (Standard),516,11,50,9,5,0.8133,0.6875,0.8475,0.6111,0.8888
Dataset_2,Right,ResNet (Standard),517,18,47,8,2,0.8667,0.9,0.8545,0.7826,0.9673
Dataset_2,Right,ResNet (Standard),518,19,49,4,3,0.9067,0.8636,0.9245,0.8444,0.9297
Dataset_2,Right,ResNet (Standard),519,10,50,13,2,0.8,0.8333,0.7937,0.5714,0.9153
Dataset_2,Right,ResNet (Standard),520,12,43,10,10,0.7333,0.5455,0.8113,0.5455,0.8148
Dataset_2,Right,ResNet (Standard),521,13,43,8,11,0.7467,0.5417,0.8431,0.5778,0.8031
Dataset_2,Right,ResNet (Standard),522,13,46,13,3,0.7867,0.8125,0.7797,0.619,0.91
Dataset_2,Right,ResNet (Standard),523,6,48,15,6,0.72,0.5,0.7619,0.3636,0.6812
Dataset_2,Right,ResNet (Standard),524,10,41,9,15,0.68,0.4,0.82,0.4545,0.828
Dataset_2,Right,ResNet (Standard),525,10,47,12,6,0.76,0.625,0.7966,0.5263,0.8623
Dataset_2,Right,ResNet (Standard),526,12,43,14,6,0.7333,0.6667,0.7544,0.5455,0.8752
Dataset_2,Right,ResNet (Standard),527,13,46,10,6,0.7867,0.6842,0.8214,0.619,0.8694
Dataset_2,Right,ResNet (Standard),528,8,45,15,7,0.7067,0.5333,0.75,0.4211,0.7922
Dataset_2,Right,ResNet (Standard),529,21,38,10,6,0.7867,0.7778,0.7917,0.7241,0.8897
Dataset_2,Right,ResNet (Standard),530,14,47,8,6,0.8133,0.7,0.8545,0.6667,0.8618
Dataset_2,Right,ResNet (Standard),531,10,52,5,8,0.8267,0.5556,0.9123,0.6061,0.8947
Dataset_2,Right,ResNet (Standard),532,11,44,14,6,0.7333,0.6471,0.7586,0.5238,0.7931
Dataset_2,Right,ResNet (Standard),533,13,41,13,8,0.72,0.619,0.7593,0.5532,0.8131
Dataset_2,Right,ResNet (Standard),534,14,45,10,6,0.7867,0.7,0.8182,0.6364,0.8427
Dataset_2,Right,ResNet (Standard),535,9,47,13,6,0.7467,0.6,0.7833,0.4865,0.8233
Dataset_2,Right,ResNet (Standard),536,13,42,11,9,0.7333,0.5909,0.7925,0.5652,0.8542
Dataset_2,Right,ResNet (Standard),537,16,35,15,9,0.68,0.64,0.7,0.5714,0.8016
Dataset_2,Right,ResNet (Standard),538,15,43,12,5,0.7733,0.75,0.7818,0.6383,0.9073
Dataset_2,Right,ResNet (Standard),539,19,45,8,3,0.8533,0.8636,0.8491,0.7755,0.9571
Dataset_2,Right,ResNet (Standard),540,13,42,12,8,0.7333,0.619,0.7778,0.5652,0.7743
Dataset_2,Right,ResNet (Standard),541,13,40,16,6,0.7067,0.6842,0.7143,0.5417,0.7998
Dataset_2,Right,ResNet (Standard),542,13,48,10,4,0.8133,0.7647,0.8276,0.65,0.8803
Dataset_2,Right,ResNet (Standard),543,16,40,12,7,0.7467,0.6957,0.7692,0.6275,0.8344
Dataset_2,Right,ResNet (Standard),544,17,44,9,5,0.8133,0.7727,0.8302,0.7083,0.9117
Dataset_2,Right,ResNet (Standard),545,14,41,13,7,0.7333,0.6667,0.7593,0.5833,0.8086
Dataset_2,Right,ResNet (Standard),546,9,44,9,13,0.7067,0.4091,0.8302,0.45,0.8413
Dataset_2,Right,ResNet (Standard),547,17,45,9,4,0.8267,0.8095,0.8333,0.7234,0.9365
Dataset_2,Right,ResNet (Standard),548,9,51,9,6,0.8,0.6,0.85,0.5455,0.8511
Dataset_2,Right,ResNet (Standard),549,8,51,8,8,0.7867,0.5,0.8644,0.5,0.8199
Dataset_2,Right,ResNet (Standard),550,8,45,14,8,0.7067,0.5,0.7627,0.4211,0.679
Dataset_2,Right,ResNet (Standard),551,16,47,9,3,0.84,0.8421,0.8393,0.7273,0.8825
Dataset_2,Right,ResNet (Standard),552,13,43,12,7,0.7467,0.65,0.7818,0.5778,0.8855
Dataset_2,Right,ResNet (Standard),553,9,50,4,12,0.7867,0.4286,0.9259,0.5294,0.7972
Dataset_2,Right,ResNet (Standard),554,11,48,9,7,0.7867,0.6111,0.8421,0.5789,0.8275
Dataset_2,Right,ResNet (Standard),555,14,48,7,6,0.8267,0.7,0.8727,0.6829,0.9073
Dataset_2,Right,ResNet (Standard),556,14,46,12,3,0.8,0.8235,0.7931,0.6512,0.8955
Dataset_2,Right,ResNet (Standard),557,8,58,5,4,0.88,0.6667,0.9206,0.64,0.9233
Dataset_2,Right,ResNet (Standard),558,13,43,12,7,0.7467,0.65,0.7818,0.5778,0.8545
Dataset_2,Right,ResNet (Standard),559,15,42,11,7,0.76,0.6818,0.7925,0.625,0.8696
Dataset_2,Right,ResNet (Standard),560,20,34,15,6,0.72,0.7692,0.6939,0.6557,0.8736
Dataset_2,Right,ResNet (Standard),561,10,47,11,7,0.76,0.5882,0.8103,0.5263,0.7972
Dataset_2,Right,ResNet (Standard),562,13,43,6,13,0.7467,0.5,0.8776,0.5778,0.8234
Dataset_2,Right,ResNet (Standard),563,12,52,6,5,0.8533,0.7059,0.8966,0.6857,0.8915
Dataset_2,Right,ResNet (Standard),564,7,49,9,10,0.7467,0.4118,0.8448,0.4242,0.7728
Dataset_2,Right,ResNet (Standard),565,14,50,5,6,0.8533,0.7,0.9091,0.7179,0.8736
Dataset_2,Right,ResNet (Standard),566,10,46,13,6,0.7467,0.625,0.7797,0.5128,0.7426
Dataset_2,Right,ResNet (Standard),567,13,51,8,3,0.8533,0.8125,0.8644,0.7027,0.8263
Dataset_2,Right,ResNet (Standard),568,11,46,14,4,0.76,0.7333,0.7667,0.55,0.8278
Dataset_2,Right,ResNet (Standard),569,15,44,9,7,0.7867,0.6818,0.8302,0.6522,0.9057
Dataset_2,Right,ResNet (Standard),570,19,42,7,7,0.8133,0.7308,0.8571,0.7308,0.8878
Dataset_2,Right,ResNet (Standard),571,9,43,12,11,0.6933,0.45,0.7818,0.439,0.7918
Dataset_2,Right,ResNet (Standard),572,11,36,14,14,0.6267,0.44,0.72,0.44,0.76
Dataset_2,Right,ResNet (Standard),573,16,43,10,6,0.7867,0.7273,0.8113,0.6667,0.8645
Dataset_2,Right,ResNet (Standard),574,10,54,5,6,0.8533,0.625,0.9153,0.6452,0.9322
Dataset_2,Right,ResNet (Standard),575,15,45,6,9,0.8,0.625,0.8824,0.6667,0.8415
Dataset_2,Right,ResNet (Standard),576,14,46,8,7,0.8,0.6667,0.8519,0.6512,0.8404
Dataset_2,Right,ResNet (Standard),577,11,38,16,10,0.6533,0.5238,0.7037,0.4583,0.7407
Dataset_2,Right,ResNet (Standard),578,10,44,15,6,0.72,0.625,0.7458,0.4878,0.8284
Dataset_2,Right,ResNet (Standard),579,15,49,7,4,0.8533,0.7895,0.875,0.7317,0.9201
Dataset_2,Right,ResNet (Standard),580,10,47,11,7,0.76,0.5882,0.8103,0.5263,0.8519
Dataset_2,Right,ResNet (Standard),581,9,48,10,8,0.76,0.5294,0.8276,0.5,0.8205
Dataset_2,Right,ResNet (Standard),582,13,40,11,11,0.7067,0.5417,0.7843,0.5417,0.8309
Dataset_2,Right,ResNet (Standard),583,23,39,7,6,0.8267,0.7931,0.8478,0.7797,0.9445
Dataset_2,Right,ResNet (Standard),584,15,43,11,6,0.7733,0.7143,0.7963,0.6383,0.8907
Dataset_2,Right,ResNet (Standard),585,13,49,7,6,0.8267,0.6842,0.875,0.6667,0.8271
Dataset_2,Right,ResNet (Standard),586,11,44,12,8,0.7333,0.5789,0.7857,0.5238,0.813
Dataset_2,Right,ResNet (Standard),587,11,50,10,4,0.8133,0.7333,0.8333,0.6111,0.8956
Dataset_2,Right,ResNet (Standard),588,17,42,9,7,0.7867,0.7083,0.8235,0.68,0.8766
Dataset_2,Right,ResNet (Standard),589,14,48,8,5,0.8267,0.7368,0.8571,0.6829,0.891
Dataset_2,Right,ResNet (Standard),590,11,41,17,6,0.6933,0.6471,0.7069,0.4889,0.7414
Dataset_2,Right,ResNet (Standard),591,16,42,10,7,0.7733,0.6957,0.8077,0.6531,0.9189
Dataset_2,Right,ResNet (Standard),592,10,49,10,6,0.7867,0.625,0.8305,0.5556,0.8294
Dataset_2,Right,ResNet (Standard),593,11,49,8,7,0.8,0.6111,0.8596,0.5946,0.8304
Dataset_2,Right,ResNet (Standard),594,8,47,12,8,0.7333,0.5,0.7966,0.4444,0.8061
Dataset_2,Right,ResNet (Standard),595,14,39,15,7,0.7067,0.6667,0.7222,0.56,0.8131
Dataset_2,Right,ResNet (Standard),596,10,48,10,7,0.7733,0.5882,0.8276,0.5405,0.8438
Dataset_2,Right,ResNet (Standard),597,16,44,5,10,0.8,0.6154,0.898,0.6809,0.8579
Dataset_2,Right,ResNet (Standard),598,14,35,20,6,0.6533,0.7,0.6364,0.5185,0.83
Dataset_2,Right,ResNet (Standard),599,10,45,12,8,0.7333,0.5556,0.7895,0.5,0.8402
Dataset_2,Right,ResNet (Standard),600,13,40,10,12,0.7067,0.52,0.8,0.5417,0.876
Dataset_2,Right,ResNet (Standard),601,16,43,8,8,0.7867,0.6667,0.8431,0.6667,0.8505
Dataset_2,Right,ResNet (Standard),602,13,43,11,8,0.7467,0.619,0.7963,0.5778,0.8298
Dataset_2,Right,ResNet (Standard),603,7,51,6,11,0.7733,0.3889,0.8947,0.4516,0.8343
Dataset_2,Right,ResNet (Standard),604,16,36,17,6,0.6933,0.7273,0.6792,0.5818,0.819
Dataset_2,Right,ResNet (Standard),605,21,34,14,6,0.7333,0.7778,0.7083,0.6774,0.8156
Dataset_2,Right,ResNet (Standard),606,15,38,14,8,0.7067,0.6522,0.7308,0.5769,0.7768
Dataset_2,Right,ResNet (Standard),607,13,49,8,5,0.8267,0.7222,0.8596,0.6667,0.8762
Dataset_2,Right,ResNet (Standard),608,14,44,9,8,0.7733,0.6364,0.8302,0.6222,0.9057
Dataset_2,Right,ResNet (Standard),609,10,46,13,6,0.7467,0.625,0.7797,0.5128,0.8008
Dataset_2,Right,ResNet (Standard),610,13,46,6,10,0.7867,0.5652,0.8846,0.619,0.8278
Dataset_2,Right,ResNet (Standard),611,12,51,7,5,0.84,0.7059,0.8793,0.6667,0.8905
Dataset_2,Right,ResNet (Standard),612,9,46,11,9,0.7333,0.5,0.807,0.4737,0.8265
Dataset_2,Right,ResNet (Standard),613,12,43,6,14,0.7333,0.4615,0.8776,0.5455,0.8046
Dataset_2,Right,ResNet (Standard),614,9,50,9,7,0.7867,0.5625,0.8475,0.5294,0.8718
Dataset_2,Right,ResNet (Standard),615,12,42,11,10,0.72,0.5455,0.7925,0.5333,0.8122
Dataset_2,Right,ResNet (Standard),616,10,45,10,10,0.7333,0.5,0.8182,0.5,0.7327
Dataset_2,Right,ResNet (Standard),617,8,48,12,7,0.7467,0.5333,0.8,0.4571,0.8278
Dataset_2,Right,ResNet (Standard),618,11,48,8,8,0.7867,0.5789,0.8571,0.5789,0.7773
Dataset_2,Right,ResNet (Standard),619,8,52,8,7,0.8,0.5333,0.8667,0.5161,0.8822
Dataset_2,Right,ResNet (Standard),620,11,51,4,9,0.8267,0.55,0.9273,0.6286,0.8391
Dataset_2,Right,ResNet (Standard),621,9,48,10,8,0.76,0.5294,0.8276,0.5,0.7627
Dataset_2,Right,ResNet (Standard),622,8,53,9,5,0.8133,0.6154,0.8548,0.5333,0.8561
Dataset_2,Right,ResNet (Standard),623,12,46,4,13,0.7733,0.48,0.92,0.5854,0.8648
Dataset_2,Right,ResNet (Standard),624,11,49,8,7,0.8,0.6111,0.8596,0.5946,0.8645
Dataset_2,Right,ResNet (Standard),625,16,41,10,8,0.76,0.6667,0.8039,0.64,0.8889
Dataset_2,Right,ResNet (Standard),626,16,35,13,11,0.68,0.5926,0.7292,0.5714,0.7932
Dataset_2,Right,ResNet (Standard),627,12,46,9,8,0.7733,0.6,0.8364,0.5854,0.8609
Dataset_2,Right,ResNet (Standard),628,14,49,6,6,0.84,0.7,0.8909,0.7,0.93
Dataset_2,Right,ResNet (Standard),629,16,43,7,9,0.7867,0.64,0.86,0.6667,0.884
Dataset_2,Right,ResNet (Standard),630,16,44,9,6,0.8,0.7273,0.8302,0.6809,0.8739
Dataset_2,Right,ResNet (Standard),631,13,47,7,8,0.8,0.619,0.8704,0.6341,0.8598
Dataset_2,Right,ResNet (Standard),632,12,46,8,9,0.7733,0.5714,0.8519,0.5854,0.8721
Dataset_2,Right,ResNet (Standard),633,15,44,9,7,0.7867,0.6818,0.8302,0.6522,0.8173
Dataset_2,Right,ResNet (Standard),634,13,41,10,11,0.72,0.5417,0.8039,0.5532,0.8023
Dataset_2,Right,ResNet (Standard),635,17,41,10,7,0.7733,0.7083,0.8039,0.6667,0.8603
Dataset_2,Right,ResNet (Standard),636,11,47,8,9,0.7733,0.55,0.8545,0.5641,0.7991
Dataset_2,Right,ResNet (Standard),637,14,38,9,14,0.6933,0.5,0.8085,0.549,0.7964
Dataset_2,Right,ResNet (Standard),638,13,43,10,9,0.7467,0.5909,0.8113,0.5778,0.8808
Dataset_2,Right,ResNet (Standard),639,14,43,12,6,0.76,0.7,0.7818,0.6087,0.7691
Dataset_2,Right,ResNet (Standard),640,16,46,6,7,0.8267,0.6957,0.8846,0.7111,0.8294
Dataset_2,Right,ResNet (Standard),641,18,43,11,3,0.8133,0.8571,0.7963,0.72,0.9083
Dataset_2,Right,ResNet (Standard),642,15,39,14,7,0.72,0.6818,0.7358,0.5882,0.8062
Dataset_2,Right,ResNet (Standard),643,11,58,4,2,0.92,0.8462,0.9355,0.7857,0.9553
Dataset_2,Right,ResNet (Standard),644,17,46,9,3,0.84,0.85,0.8364,0.7391,0.9355
Dataset_2,Right,ResNet (Standard),645,17,43,11,4,0.8,0.8095,0.7963,0.6939,0.925
Dataset_2,Right,ResNet (Standard),646,18,42,10,5,0.8,0.7826,0.8077,0.7059,0.8946
Dataset_2,Right,ResNet (Standard),647,10,47,12,6,0.76,0.625,0.7966,0.5263,0.7712
Dataset_2,Right,ResNet (Standard),648,14,47,10,4,0.8133,0.7778,0.8246,0.6667,0.8626
Dataset_2,Right,ResNet (Standard),649,13,45,10,7,0.7733,0.65,0.8182,0.6047,0.8964
Dataset_2,Right,ResNet (Standard),650,12,49,9,5,0.8133,0.7059,0.8448,0.6316,0.8083
Dataset_2,Right,ResNet (Standard),651,12,47,12,4,0.7867,0.75,0.7966,0.6,0.8379
Dataset_2,Right,ResNet (Standard),652,16,44,9,6,0.8,0.7273,0.8302,0.6809,0.8465
Dataset_2,Right,ResNet (Standard),653,13,49,6,7,0.8267,0.65,0.8909,0.6667,0.9373
Dataset_2,Right,ResNet (Standard),654,14,43,8,10,0.76,0.5833,0.8431,0.6087,0.8252
Dataset_2,Right,ResNet (Standard),655,9,50,10,6,0.7867,0.6,0.8333,0.5294,0.8844
Dataset_2,Right,ResNet (Standard),656,14,48,7,6,0.8267,0.7,0.8727,0.6829,0.8736
Dataset_2,Right,ResNet (Standard),657,19,41,5,10,0.8,0.6552,0.8913,0.717,0.8313
Dataset_2,Right,ResNet (Standard),658,15,47,6,7,0.8267,0.6818,0.8868,0.6977,0.8611
Dataset_2,Right,ResNet (Standard),659,12,45,10,8,0.76,0.6,0.8182,0.5714,0.8555
Dataset_2,Right,ResNet (Standard),660,13,40,13,9,0.7067,0.5909,0.7547,0.5417,0.8362
Dataset_2,Right,ResNet (Standard),661,12,43,11,9,0.7333,0.5714,0.7963,0.5455,0.7937
Dataset_2,Right,ResNet (Standard),662,17,45,6,7,0.8267,0.7083,0.8824,0.7234,0.8538
Dataset_2,Right,ResNet (Standard),663,12,51,7,5,0.84,0.7059,0.8793,0.6667,0.856
Dataset_2,Right,ResNet (Standard),664,10,50,10,5,0.8,0.6667,0.8333,0.5714,0.8456
Dataset_2,Right,ResNet (Standard),665,17,43,7,8,0.8,0.68,0.86,0.6939,0.7912
Dataset_2,Right,ResNet (Standard),666,19,38,10,8,0.76,0.7037,0.7917,0.6786,0.8997
Dataset_2,Right,ResNet (Standard),667,9,53,6,7,0.8267,0.5625,0.8983,0.5806,0.8369
Dataset_2,Right,ResNet (Standard),668,10,57,4,4,0.8933,0.7143,0.9344,0.7143,0.9227
Dataset_2,Right,ResNet (Standard),669,12,42,10,11,0.72,0.5217,0.8077,0.5333,0.7634
Dataset_2,Right,ResNet (Standard),670,9,45,11,10,0.72,0.4737,0.8036,0.4615,0.7979
Dataset_2,Right,ResNet (Standard),671,7,40,18,10,0.6267,0.4118,0.6897,0.3333,0.6339
Dataset_2,Right,ResNet (Standard),672,13,47,12,3,0.8,0.8125,0.7966,0.6341,0.911
Dataset_2,Right,ResNet (Standard),673,20,40,11,4,0.8,0.8333,0.7843,0.7273,0.9289
Dataset_2,Right,ResNet (Standard),674,11,50,10,4,0.8133,0.7333,0.8333,0.6111,0.8989
Dataset_2,Right,ResNet (Standard),675,12,40,13,10,0.6933,0.5455,0.7547,0.5106,0.7316
Dataset_2,Right,ResNet (Standard),676,9,44,14,8,0.7067,0.5294,0.7586,0.45,0.7901
Dataset_2,Right,ResNet (Standard),677,17,39,11,8,0.7467,0.68,0.78,0.6415,0.8288
Dataset_2,Right,ResNet (Standard),678,14,42,10,9,0.7467,0.6087,0.8077,0.5957,0.8236
Dataset_2,Right,ResNet (Standard),679,11,42,9,13,0.7067,0.4583,0.8235,0.5,0.7794
Dataset_2,Right,ResNet (Standard),680,6,49,11,9,0.7333,0.4,0.8167,0.375,0.8478
Dataset_2,Right,ResNet (Standard),681,15,42,9,9,0.76,0.625,0.8235,0.625,0.7917
Dataset_2,Right,ResNet (Standard),682,15,46,8,6,0.8133,0.7143,0.8519,0.6818,0.8933
Dataset_2,Right,ResNet (Standard),683,10,43,10,12,0.7067,0.4545,0.8113,0.4762,0.7453
Dataset_2,Right,ResNet (Standard),684,14,48,9,4,0.8267,0.7778,0.8421,0.6829,0.9103
Dataset_2,Right,ResNet (Standard),685,12,45,10,8,0.76,0.6,0.8182,0.5714,0.8164
Dataset_2,Right,ResNet (Standard),686,8,44,15,8,0.6933,0.5,0.7458,0.4103,0.7913
Dataset_2,Right,ResNet (Standard),687,16,47,10,2,0.84,0.8889,0.8246,0.7273,0.9337
Dataset_2,Right,ResNet (Standard),688,18,48,5,4,0.88,0.8182,0.9057,0.8,0.9031
Dataset_2,Right,ResNet (Standard),689,8,49,11,7,0.76,0.5333,0.8167,0.4706,0.8533
Dataset_2,Right,ResNet (Standard),690,14,41,8,12,0.7333,0.5385,0.8367,0.5833,0.8375
Dataset_2,Right,ResNet (Standard),691,16,42,12,5,0.7733,0.7619,0.7778,0.6531,0.8474
Dataset_2,Right,ResNet (Standard),692,13,39,16,7,0.6933,0.65,0.7091,0.5306,0.8518
Dataset_2,Right,ResNet (Standard),693,15,38,12,10,0.7067,0.6,0.76,0.5769,0.7944
Dataset_2,Right,ResNet (Standard),694,12,49,7,7,0.8133,0.6316,0.875,0.6316,0.8825
Dataset_2,Right,ResNet (Standard),695,18,38,11,8,0.7467,0.6923,0.7755,0.6545,0.8634
Dataset_2,Right,ResNet (Standard),696,14,45,7,9,0.7867,0.6087,0.8654,0.6364,0.9122
Dataset_2,Right,ResNet (Standard),697,12,49,11,3,0.8133,0.8,0.8167,0.6316,0.9156
Dataset_2,Right,ResNet (Standard),698,10,49,10,6,0.7867,0.625,0.8305,0.5556,0.8644
Dataset_2,Right,ResNet (Standard),699,7,53,10,5,0.8,0.5833,0.8413,0.4828,0.9074
Dataset_2,Right,ResNet (Standard),700,11,43,13,8,0.72,0.5789,0.7679,0.5116,0.8459
Dataset_2,Right,ResNet (Standard),701,15,42,12,6,0.76,0.7143,0.7778,0.625,0.858
Dataset_2,Right,ResNet (Standard),702,14,44,12,5,0.7733,0.7368,0.7857,0.6222,0.8741
Dataset_2,Right,ResNet (Standard),703,12,43,10,10,0.7333,0.5455,0.8113,0.5455,0.8113
Dataset_2,Right,ResNet (Standard),704,7,58,9,1,0.8667,0.875,0.8657,0.5833,0.8451
Dataset_2,Right,ResNet (Standard),705,9,49,10,7,0.7733,0.5625,0.8305,0.5143,0.8496
Dataset_2,Right,ResNet (Standard),706,15,41,9,10,0.7467,0.6,0.82,0.6122,0.8368
Dataset_2,Right,ResNet (Standard),707,15,48,6,6,0.84,0.7143,0.8889,0.7143,0.843
Dataset_2,Right,ResNet (Standard),708,15,42,11,7,0.76,0.6818,0.7925,0.625,0.7599
Dataset_2,Right,ResNet (Standard),709,13,46,10,6,0.7867,0.6842,0.8214,0.619,0.8835
Dataset_2,Right,ResNet (Standard),710,13,48,10,4,0.8133,0.7647,0.8276,0.65,0.9138
Dataset_2,Right,ResNet (Standard),711,13,52,8,2,0.8667,0.8667,0.8667,0.7222,0.9467
Dataset_2,Right,ResNet (Standard),712,8,50,11,6,0.7733,0.5714,0.8197,0.4848,0.7834
Dataset_2,Right,ResNet (Standard),713,11,47,7,10,0.7733,0.5238,0.8704,0.5641,0.7751
Dataset_2,Right,ResNet (Standard),714,9,49,6,11,0.7733,0.45,0.8909,0.5143,0.8127
Dataset_2,Right,ResNet (Standard),715,15,46,9,5,0.8133,0.75,0.8364,0.6818,0.94
Dataset_2,Right,ResNet (Standard),716,12,46,12,5,0.7733,0.7059,0.7931,0.5854,0.8621
Dataset_2,Right,ResNet (Standard),717,11,44,10,10,0.7333,0.5238,0.8148,0.5238,0.8413
Dataset_2,Right,ResNet (Standard),718,10,51,8,6,0.8133,0.625,0.8644,0.5882,0.8644
Dataset_2,Right,ResNet (Standard),719,12,47,12,4,0.7867,0.75,0.7966,0.6,0.8983
Dataset_2,Right,ResNet (Standard),720,8,51,11,5,0.7867,0.6154,0.8226,0.5,0.8151
Dataset_2,Right,ResNet (Standard),721,15,41,8,11,0.7467,0.5769,0.8367,0.6122,0.8462
Dataset_2,Right,ResNet (Standard),722,12,48,7,8,0.8,0.6,0.8727,0.6154,0.8264
Dataset_2,Right,ResNet (Standard),723,13,45,8,9,0.7733,0.5909,0.8491,0.6047,0.8156
Dataset_2,Right,ResNet (Standard),724,10,49,10,6,0.7867,0.625,0.8305,0.5556,0.8792
Dataset_2,Right,ResNet (Standard),725,13,44,9,9,0.76,0.5909,0.8302,0.5909,0.8473
Dataset_2,Right,ResNet (Standard),726,12,45,6,12,0.76,0.5,0.8824,0.5714,0.8603
Dataset_2,Right,ResNet (Standard),727,14,48,8,5,0.8267,0.7368,0.8571,0.6829,0.9201
Dataset_2,Right,ResNet (Standard),728,10,52,3,10,0.8267,0.5,0.9455,0.6061,0.8591
Dataset_2,Right,ResNet (Standard),729,11,50,6,8,0.8133,0.5789,0.8929,0.6111,0.8158
Dataset_2,Right,ResNet (Standard),730,12,51,9,3,0.84,0.8,0.85,0.6667,0.9267
Dataset_2,Right,ResNet (Standard),731,10,46,14,5,0.7467,0.6667,0.7667,0.5128,0.8856
Dataset_2,Right,ResNet (Standard),732,15,47,8,5,0.8267,0.75,0.8545,0.6977,0.8773
Dataset_2,Right,ResNet (Standard),733,5,55,11,4,0.8,0.5556,0.8333,0.4,0.8485
Dataset_2,Right,ResNet (Standard),734,20,39,8,8,0.7867,0.7143,0.8298,0.7143,0.8997
Dataset_2,Right,ResNet (Standard),735,11,45,9,10,0.7467,0.5238,0.8333,0.5366,0.8183
Dataset_2,Right,ResNet (Standard),736,23,35,12,5,0.7733,0.8214,0.7447,0.7302,0.8526
Dataset_2,Right,ResNet (Standard),737,13,43,11,8,0.7467,0.619,0.7963,0.5778,0.836
Dataset_2,Right,ResNet (Standard),738,19,40,8,8,0.7867,0.7037,0.8333,0.7037,0.885
Dataset_2,Right,ResNet (Standard),739,16,41,8,10,0.76,0.6154,0.8367,0.64,0.8155
Dataset_2,Right,ResNet (Standard),740,14,44,7,10,0.7733,0.5833,0.8627,0.6222,0.8366
Dataset_2,Right,ResNet (Standard),741,17,38,16,4,0.7333,0.8095,0.7037,0.6296,0.8827
Dataset_2,Right,ResNet (Standard),742,10,44,17,4,0.72,0.7143,0.7213,0.4878,0.6698
Dataset_2,Right,ResNet (Standard),743,13,42,11,9,0.7333,0.5909,0.7925,0.5652,0.8276
Dataset_2,Right,ResNet (Standard),744,10,46,9,10,0.7467,0.5,0.8364,0.5128,0.8364
Dataset_2,Right,ResNet (Standard),745,7,50,12,6,0.76,0.5385,0.8065,0.4375,0.8089
Dataset_2,Right,ResNet (Standard),746,17,43,6,9,0.8,0.6538,0.8776,0.6939,0.8705
Dataset_2,Right,ResNet (Standard),747,14,42,9,10,0.7467,0.5833,0.8235,0.5957,0.8178
Dataset_2,Right,ResNet (Standard),748,22,34,12,7,0.7467,0.7586,0.7391,0.6984,0.8606
Dataset_2,Right,ResNet (Standard),749,12,43,10,10,0.7333,0.5455,0.8113,0.5455,0.837
Dataset_2,Right,ResNet (Standard),750,12,48,12,3,0.8,0.8,0.8,0.6154,0.8989
Dataset_2,Right,ResNet (Standard),751,13,45,14,3,0.7733,0.8125,0.7627,0.6047,0.8909
Dataset_2,Right,ResNet (Standard),752,10,48,11,6,0.7733,0.625,0.8136,0.5405,0.822
Dataset_2,Right,ResNet (Standard),753,17,45,8,5,0.8267,0.7727,0.8491,0.7234,0.8671
Dataset_2,Right,ResNet (Standard),754,12,44,12,7,0.7467,0.6316,0.7857,0.5581,0.8186
Dataset_2,Right,ResNet (Standard),755,13,39,14,9,0.6933,0.5909,0.7358,0.5306,0.7693
Dataset_2,Right,ResNet (Standard),756,16,40,9,10,0.7467,0.6154,0.8163,0.6275,0.8297
Dataset_2,Right,ResNet (Standard),757,8,46,11,10,0.72,0.4444,0.807,0.4324,0.6374
Dataset_2,Right,ResNet (Standard),758,16,44,7,8,0.8,0.6667,0.8627,0.6809,0.8529
Dataset_2,Right,ResNet (Standard),759,16,42,13,4,0.7733,0.8,0.7636,0.6531,0.8718
Dataset_2,Right,ResNet (Standard),760,14,42,10,9,0.7467,0.6087,0.8077,0.5957,0.8528
Dataset_2,Right,ResNet (Standard),761,12,47,10,6,0.7867,0.6667,0.8246,0.6,0.8216
Dataset_2,Right,ResNet (Standard),762,11,48,11,5,0.7867,0.6875,0.8136,0.5789,0.7458
Dataset_2,Right,ResNet (Standard),763,10,44,15,6,0.72,0.625,0.7458,0.4878,0.8591
Dataset_2,Right,ResNet (Standard),764,11,39,15,10,0.6667,0.5238,0.7222,0.4681,0.7672
Dataset_2,Right,ResNet (Standard),765,11,50,5,9,0.8133,0.55,0.9091,0.6111,0.8136
Dataset_2,Right,ResNet (Standard),766,7,44,17,7,0.68,0.5,0.7213,0.3684,0.7459
Dataset_2,Right,ResNet (Standard),767,14,47,6,8,0.8133,0.6364,0.8868,0.6667,0.8894
Dataset_2,Right,ResNet (Standard),768,8,49,8,10,0.76,0.4444,0.8596,0.4706,0.8577
Dataset_2,Right,ResNet (Standard),769,19,36,11,9,0.7333,0.6786,0.766,0.6552,0.8845
Dataset_2,Right,ResNet (Standard),770,12,51,7,5,0.84,0.7059,0.8793,0.6667,0.8387
Dataset_2,Right,ResNet (Standard),771,12,49,7,7,0.8133,0.6316,0.875,0.6316,0.8647
Dataset_2,Right,ResNet (Standard),772,9,47,10,9,0.7467,0.5,0.8246,0.4865,0.7593
Dataset_2,Right,ResNet (Standard),773,15,44,9,7,0.7867,0.6818,0.8302,0.6522,0.8173
Dataset_2,Right,ResNet (Standard),774,14,39,17,5,0.7067,0.7368,0.6964,0.56,0.7961
Dataset_2,Right,ResNet (Standard),775,12,47,9,7,0.7867,0.6316,0.8393,0.6,0.8506
Dataset_2,Right,ResNet (Standard),776,9,46,13,7,0.7333,0.5625,0.7797,0.4737,0.7712
Dataset_2,Right,ResNet (Standard),777,14,52,4,5,0.88,0.7368,0.9286,0.7568,0.8684
Dataset_2,Right,ResNet (Standard),778,16,42,12,5,0.7733,0.7619,0.7778,0.6531,0.9162
Dataset_2,Right,ResNet (Standard),779,14,47,8,6,0.8133,0.7,0.8545,0.6667,0.8664
Dataset_2,Right,ResNet (Standard),780,17,30,14,14,0.6267,0.5484,0.6818,0.5484,0.7331
Dataset_2,Right,ResNet (Standard),781,13,47,10,5,0.8,0.7222,0.8246,0.6341,0.8392
Dataset_2,Right,ResNet (Standard),782,14,43,14,4,0.76,0.7778,0.7544,0.6087,0.8333
Dataset_2,Right,ResNet (Standard),783,13,53,7,2,0.88,0.8667,0.8833,0.7429,0.9022
Dataset_2,Right,ResNet (Standard),784,15,42,15,3,0.76,0.8333,0.7368,0.625,0.9162
Dataset_2,Right,ResNet (Standard),785,17,43,6,9,0.8,0.6538,0.8776,0.6939,0.8901
Dataset_2,Right,ResNet (Standard),786,17,44,12,2,0.8133,0.8947,0.7857,0.7083,0.8759
Dataset_2,Right,ResNet (Standard),787,11,47,11,6,0.7733,0.6471,0.8103,0.5641,0.8793
Dataset_2,Right,ResNet (Standard),788,11,43,10,11,0.72,0.5,0.8113,0.5116,0.7813
Dataset_2,Right,ResNet (Standard),789,11,49,11,4,0.8,0.7333,0.8167,0.5946,0.8556
Dataset_2,Right,ResNet (Standard),790,18,39,13,5,0.76,0.7826,0.75,0.6667,0.8478
Dataset_2,Right,ResNet (Standard),791,8,54,5,8,0.8267,0.5,0.9153,0.5517,0.9078
Dataset_2,Right,ResNet (Standard),792,16,40,8,11,0.7467,0.5926,0.8333,0.6275,0.8272
Dataset_2,Right,ResNet (Standard),793,15,44,11,5,0.7867,0.75,0.8,0.6522,0.8982
Dataset_2,Right,ResNet (Standard),794,11,48,11,5,0.7867,0.6875,0.8136,0.5789,0.8962
Dataset_2,Right,ResNet (Standard),795,21,37,12,5,0.7733,0.8077,0.7551,0.7119,0.8493
Dataset_2,Right,ResNet (Standard),796,15,45,10,5,0.8,0.75,0.8182,0.6667,0.8373
Dataset_2,Right,ResNet (Standard),797,9,51,8,7,0.8,0.5625,0.8644,0.5455,0.8856
Dataset_2,Right,ResNet (Standard),798,11,48,13,3,0.7867,0.7857,0.7869,0.5789,0.8501
Dataset_2,Right,ResNet (Standard),799,14,44,8,9,0.7733,0.6087,0.8462,0.6222,0.8537
Dataset_2,Right,ResNet (Standard),800,12,44,13,6,0.7467,0.6667,0.7719,0.5581,0.8509
Dataset_2,Right,ResNet (Standard),801,8,50,5,12,0.7733,0.4,0.9091,0.4848,0.8073
Dataset_2,Right,ResNet (Standard),802,10,46,12,7,0.7467,0.5882,0.7931,0.5128,0.8266
Dataset_2,Right,ResNet (Standard),803,10,48,13,4,0.7733,0.7143,0.7869,0.5405,0.8759
Dataset_2,Right,ResNet (Standard),804,15,42,8,10,0.76,0.6,0.84,0.625,0.884
Dataset_2,Right,ResNet (Standard),805,18,47,6,4,0.8667,0.8182,0.8868,0.7826,0.9245
Dataset_2,Right,ResNet (Standard),806,15,41,13,6,0.7467,0.7143,0.7593,0.6122,0.7892
Dataset_2,Right,ResNet (Standard),807,14,40,15,6,0.72,0.7,0.7273,0.5714,0.8436
Dataset_2,Right,ResNet (Standard),808,18,45,5,7,0.84,0.72,0.9,0.75,0.8896
Dataset_2,Right,ResNet (Standard),809,10,46,6,13,0.7467,0.4348,0.8846,0.5128,0.8729
Dataset_2,Right,ResNet (Standard),810,14,48,7,6,0.8267,0.7,0.8727,0.6829,0.8164
Dataset_2,Right,ResNet (Standard),811,10,46,7,12,0.7467,0.4545,0.8679,0.5128,0.8002
Dataset_2,Right,ResNet (Standard),812,12,41,16,6,0.7067,0.6667,0.7193,0.5217,0.8119
Dataset_2,Right,ResNet (Standard),813,12,41,14,8,0.7067,0.6,0.7455,0.5217,0.8582
Dataset_2,Right,ResNet (Standard),814,14,36,16,9,0.6667,0.6087,0.6923,0.5283,0.7216
Dataset_2,Right,ResNet (Standard),815,13,40,13,9,0.7067,0.5909,0.7547,0.5417,0.8328
Dataset_2,Right,ResNet (Standard),816,18,48,6,3,0.88,0.8571,0.8889,0.8,0.925
Dataset_2,Right,ResNet (Standard),817,11,46,7,11,0.76,0.5,0.8679,0.55,0.8182
Dataset_2,Right,ResNet (Standard),818,15,45,8,7,0.8,0.6818,0.8491,0.6667,0.825
Dataset_2,Right,ResNet (Standard),819,15,46,11,3,0.8133,0.8333,0.807,0.6818,0.9337
Dataset_2,Right,ResNet (Standard),820,13,38,14,10,0.68,0.5652,0.7308,0.52,0.8253
Dataset_2,Right,ResNet (Standard),821,8,48,12,7,0.7467,0.5333,0.8,0.4571,0.8356
Dataset_2,Right,ResNet (Standard),822,14,46,9,6,0.8,0.7,0.8364,0.6512,0.8582
Dataset_2,Right,ResNet (Standard),823,9,46,11,9,0.7333,0.5,0.807,0.4737,0.8402
Dataset_2,Right,ResNet (Standard),824,13,43,12,7,0.7467,0.65,0.7818,0.5778,0.7364
Dataset_2,Right,ResNet (Standard),825,13,47,8,7,0.8,0.65,0.8545,0.6341,0.8591
Dataset_2,Right,ResNet (Standard),826,15,45,10,5,0.8,0.75,0.8182,0.6667,0.8718
Dataset_2,Right,ResNet (Standard),827,11,48,9,7,0.7867,0.6111,0.8421,0.5789,0.8899
Dataset_2,Right,ResNet (Standard),828,14,42,9,10,0.7467,0.5833,0.8235,0.5957,0.8619
Dataset_2,Right,ResNet (Standard),829,15,43,10,7,0.7733,0.6818,0.8113,0.6383,0.8551
Dataset_2,Right,ResNet (Standard),830,10,54,8,3,0.8533,0.7692,0.871,0.6452,0.9429
Dataset_2,Right,ResNet (Standard),831,16,46,10,3,0.8267,0.8421,0.8214,0.7111,0.8788
Dataset_2,Right,ResNet (Standard),832,13,49,6,7,0.8267,0.65,0.8909,0.6667,0.8627
Dataset_2,Right,ResNet (Standard),833,19,41,9,6,0.8,0.76,0.82,0.717,0.8776
Dataset_2,Right,ResNet (Standard),834,13,41,15,6,0.72,0.6842,0.7321,0.5532,0.8224
Dataset_2,Right,ResNet (Standard),835,10,41,13,11,0.68,0.4762,0.7593,0.4545,0.7584
Dataset_2,Right,ResNet (Standard),836,10,51,10,4,0.8133,0.7143,0.8361,0.5882,0.8665
Dataset_2,Right,ResNet (Standard),837,11,38,17,9,0.6533,0.55,0.6909,0.4583,0.8136
Dataset_2,Right,ResNet (Standard),838,12,50,7,6,0.8267,0.6667,0.8772,0.6486,0.8918
Dataset_2,Right,ResNet (Standard),839,17,40,12,6,0.76,0.7391,0.7692,0.6538,0.8905
Dataset_2,Right,ResNet (Standard),840,12,43,8,12,0.7333,0.5,0.8431,0.5455,0.8734
Dataset_2,Right,ResNet (Standard),841,15,50,7,3,0.8667,0.8333,0.8772,0.75,0.9522
Dataset_2,Right,ResNet (Standard),842,16,42,9,8,0.7733,0.6667,0.8235,0.6531,0.8268
Dataset_2,Right,ResNet (Standard),843,14,44,11,6,0.7733,0.7,0.8,0.6222,0.8882
Dataset_2,Right,ResNet (Standard),844,11,51,8,5,0.8267,0.6875,0.8644,0.6286,0.8909
Dataset_2,Right,ResNet (Standard),845,14,43,11,7,0.76,0.6667,0.7963,0.6087,0.8104
Dataset_2,Right,ResNet (Standard),846,10,45,11,9,0.7333,0.5263,0.8036,0.5,0.8214
Dataset_2,Right,ResNet (Standard),847,11,52,7,5,0.84,0.6875,0.8814,0.6471,0.8856
Dataset_2,Right,ResNet (Standard),848,9,52,9,5,0.8133,0.6429,0.8525,0.5625,0.8747
Dataset_2,Right,ResNet (Standard),849,9,48,14,4,0.76,0.6923,0.7742,0.5,0.8697
Dataset_2,Right,ResNet (Standard),850,10,45,13,7,0.7333,0.5882,0.7759,0.5,0.8367
Dataset_2,Right,ResNet (Standard),851,10,43,11,11,0.7067,0.4762,0.7963,0.4762,0.7557
Dataset_2,Right,ResNet (Standard),852,13,44,10,8,0.76,0.619,0.8148,0.5909,0.8245
Dataset_2,Right,ResNet (Standard),853,11,45,10,9,0.7467,0.55,0.8182,0.5366,0.8127
Dataset_2,Right,ResNet (Standard),854,11,47,13,4,0.7733,0.7333,0.7833,0.5641,0.9056
Dataset_2,Right,ResNet (Standard),855,16,43,8,8,0.7867,0.6667,0.8431,0.6667,0.875
Dataset_2,Right,ResNet (Standard),856,14,41,11,9,0.7333,0.6087,0.7885,0.5833,0.7801
Dataset_2,Right,ResNet (Standard),857,19,45,5,6,0.8533,0.76,0.9,0.7755,0.8936
Dataset_2,Right,ResNet (Standard),858,10,51,6,8,0.8133,0.5556,0.8947,0.5882,0.8606
Dataset_2,Right,ResNet (Standard),859,22,37,9,7,0.7867,0.7586,0.8043,0.7333,0.8831
Dataset_2,Right,ResNet (Standard),860,16,41,10,8,0.76,0.6667,0.8039,0.64,0.835
Dataset_2,Right,ResNet (Standard),861,8,44,16,7,0.6933,0.5333,0.7333,0.4103,0.7656
Dataset_2,Right,ResNet (Standard),862,11,44,11,9,0.7333,0.55,0.8,0.5238,0.8218
Dataset_2,Right,ResNet (Standard),863,17,37,13,8,0.72,0.68,0.74,0.6182,0.8264
Dataset_2,Right,ResNet (Standard),864,13,49,7,6,0.8267,0.6842,0.875,0.6667,0.922
Dataset_2,Right,ResNet (Standard),865,8,48,13,6,0.7467,0.5714,0.7869,0.4571,0.8759
Dataset_2,Right,ResNet (Standard),866,17,41,8,9,0.7733,0.6538,0.8367,0.6667,0.8744
Dataset_2,Right,ResNet (Standard),867,12,46,7,10,0.7733,0.5455,0.8679,0.5854,0.8456
Dataset_2,Right,ResNet (Standard),868,13,47,8,7,0.8,0.65,0.8545,0.6341,0.8936
Dataset_2,Right,ResNet (Standard),869,11,48,9,7,0.7867,0.6111,0.8421,0.5789,0.8772
Dataset_2,Right,ResNet (Standard),870,12,45,9,9,0.76,0.5714,0.8333,0.5714,0.7963
Dataset_2,Right,ResNet (Standard),871,12,43,10,10,0.7333,0.5455,0.8113,0.5455,0.7736
Dataset_2,Right,ResNet (Standard),872,10,51,11,3,0.8133,0.7692,0.8226,0.5882,0.928
Dataset_2,Right,ResNet (Standard),873,11,46,17,1,0.76,0.9167,0.7302,0.55,0.9246
Dataset_2,Right,ResNet (Standard),874,8,47,11,9,0.7333,0.4706,0.8103,0.4444,0.7992
Dataset_2,Right,ResNet (Standard),875,11,54,5,5,0.8667,0.6875,0.9153,0.6875,0.8559
Dataset_2,Right,ResNet (Standard),876,10,44,11,10,0.72,0.5,0.8,0.4878,0.7655
Dataset_2,Right,ResNet (Standard),877,17,47,8,3,0.8533,0.85,0.8545,0.7556,0.8964
Dataset_2,Right,ResNet (Standard),878,14,48,7,6,0.8267,0.7,0.8727,0.6829,0.9155
Dataset_2,Right,ResNet (Standard),879,15,47,6,7,0.8267,0.6818,0.8868,0.6977,0.9314
Dataset_2,Right,ResNet (Standard),880,8,46,10,11,0.72,0.4211,0.8214,0.4324,0.6964
Dataset_2,Right,ResNet (Standard),881,14,38,10,13,0.6933,0.5185,0.7917,0.549,0.8295
Dataset_2,Right,ResNet (Standard),882,16,43,10,6,0.7867,0.7273,0.8113,0.6667,0.8928
Dataset_2,Right,ResNet (Standard),883,18,41,11,5,0.7867,0.7826,0.7885,0.6923,0.8829
Dataset_2,Right,ResNet (Standard),884,21,36,9,9,0.76,0.7,0.8,0.7,0.8526
Dataset_2,Right,ResNet (Standard),885,8,53,8,6,0.8133,0.5714,0.8689,0.5333,0.9169
Dataset_2,Right,ResNet (Standard),886,15,47,11,2,0.8267,0.8824,0.8103,0.6977,0.9168
Dataset_2,Right,ResNet (Standard),887,11,49,10,5,0.8,0.6875,0.8305,0.5946,0.8432
Dataset_2,Right,ResNet (Standard),888,13,44,14,4,0.76,0.7647,0.7586,0.5909,0.9108
Dataset_2,Right,ResNet (Standard),889,17,39,11,8,0.7467,0.68,0.78,0.6415,0.8856
Dataset_2,Right,ResNet (Standard),890,12,40,13,10,0.6933,0.5455,0.7547,0.5106,0.8473
Dataset_2,Right,ResNet (Standard),891,11,49,9,6,0.8,0.6471,0.8448,0.5946,0.8408
Dataset_2,Right,ResNet (Standard),892,12,47,9,7,0.7867,0.6316,0.8393,0.6,0.8459
Dataset_2,Right,ResNet (Standard),893,12,48,7,8,0.8,0.6,0.8727,0.6154,0.8591
Dataset_2,Right,ResNet (Standard),894,12,46,10,7,0.7733,0.6316,0.8214,0.5854,0.844
Dataset_2,Right,ResNet (Standard),895,10,44,13,8,0.72,0.5556,0.7719,0.4878,0.7612
Dataset_2,Right,ResNet (Standard),896,16,41,8,10,0.76,0.6154,0.8367,0.64,0.7614
Dataset_2,Right,ResNet (Standard),897,12,50,5,8,0.8267,0.6,0.9091,0.6486,0.8218
Dataset_2,Right,ResNet (Standard),898,10,48,8,9,0.7733,0.5263,0.8571,0.5405,0.8524
Dataset_2,Right,ResNet (Standard),899,7,51,7,10,0.7733,0.4118,0.8793,0.4516,0.7373
Dataset_2,Right,ResNet (Standard),900,11,47,11,6,0.7733,0.6471,0.8103,0.5641,0.8093
Dataset_2,Right,ResNet (Standard),901,10,44,9,12,0.72,0.4545,0.8302,0.4878,0.8439
Dataset_2,Right,ResNet (Standard),902,14,43,13,5,0.76,0.7368,0.7679,0.6087,0.8102
Dataset_2,Right,ResNet (Standard),903,14,42,13,6,0.7467,0.7,0.7636,0.5957,0.8745
Dataset_2,Right,ResNet (Standard),904,17,32,13,13,0.6533,0.5667,0.7111,0.5667,0.6852
Dataset_2,Right,ResNet (Standard),905,17,40,8,10,0.76,0.6296,0.8333,0.6538,0.8333
Dataset_2,Right,ResNet (Standard),906,9,47,11,8,0.7467,0.5294,0.8103,0.4865,0.8509
Dataset_2,Right,ResNet (Standard),907,15,42,9,9,0.76,0.625,0.8235,0.625,0.893
Dataset_2,Right,ResNet (Standard),908,18,40,7,10,0.7733,0.6429,0.8511,0.6792,0.8594
Dataset_2,Right,ResNet (Standard),909,10,54,9,2,0.8533,0.8333,0.8571,0.6452,0.8823
Dataset_2,Right,ResNet (Standard),910,15,43,13,4,0.7733,0.7895,0.7679,0.6383,0.8741
Dataset_2,Right,ResNet (Standard),911,10,50,9,6,0.8,0.625,0.8475,0.5714,0.822
Dataset_2,Right,ResNet (Standard),912,17,38,14,6,0.7333,0.7391,0.7308,0.6296,0.8094
Dataset_2,Right,ResNet (Standard),913,12,47,12,4,0.7867,0.75,0.7966,0.6,0.8824
Dataset_2,Right,ResNet (Standard),914,7,48,14,6,0.7333,0.5385,0.7742,0.4118,0.7345
Dataset_2,Right,ResNet (Standard),915,8,48,9,10,0.7467,0.4444,0.8421,0.4571,0.8216
Dataset_2,Right,ResNet (Standard),916,10,46,7,12,0.7467,0.4545,0.8679,0.5128,0.7993
Dataset_2,Right,ResNet (Standard),917,17,45,9,4,0.8267,0.8095,0.8333,0.7234,0.9101
Dataset_2,Right,ResNet (Standard),918,15,40,12,8,0.7333,0.6522,0.7692,0.6,0.8278
Dataset_2,Right,ResNet (Standard),919,13,41,14,7,0.72,0.65,0.7455,0.5532,0.8045
Dataset_2,Right,ResNet (Standard),920,9,49,11,6,0.7733,0.6,0.8167,0.5143,0.7878
Dataset_2,Right,ResNet (Standard),921,14,43,7,11,0.76,0.56,0.86,0.6087,0.7824
Dataset_2,Right,ResNet (Standard),922,13,42,9,11,0.7333,0.5417,0.8235,0.5652,0.8186
Dataset_2,Right,ResNet (Standard),923,16,39,10,10,0.7333,0.6154,0.7959,0.6154,0.8038
Dataset_2,Right,ResNet (Standard),924,18,37,6,14,0.7333,0.5625,0.8605,0.6429,0.8401
Dataset_2,Right,ResNet (Standard),925,5,48,11,11,0.7067,0.3125,0.8136,0.3125,0.7129
Dataset_2,Right,ResNet (Standard),926,11,43,12,9,0.72,0.55,0.7818,0.5116,0.8236
Dataset_2,Right,ResNet (Standard),927,15,47,7,6,0.8267,0.7143,0.8704,0.6977,0.8369
Dataset_2,Right,ResNet (Standard),928,15,44,9,7,0.7867,0.6818,0.8302,0.6522,0.8293
Dataset_2,Right,ResNet (Standard),929,9,49,9,8,0.7733,0.5294,0.8448,0.5143,0.9006
Dataset_2,Right,ResNet (Standard),930,11,49,7,8,0.8,0.5789,0.875,0.5946,0.781
Dataset_2,Right,ResNet (Standard),931,10,48,10,7,0.7733,0.5882,0.8276,0.5405,0.7819
Dataset_2,Right,ResNet (Standard),932,14,45,6,10,0.7867,0.5833,0.8824,0.6364,0.7876
Dataset_2,Right,ResNet (Standard),933,11,47,9,8,0.7733,0.5789,0.8393,0.5641,0.8524
Dataset_2,Right,ResNet (Standard),934,14,41,12,8,0.7333,0.6364,0.7736,0.5833,0.8593
Dataset_2,Right,ResNet (Standard),935,12,48,10,5,0.8,0.7059,0.8276,0.6154,0.8631
Dataset_2,Right,ResNet (Standard),936,13,47,5,10,0.8,0.5652,0.9038,0.6341,0.7876
Dataset_2,Right,ResNet (Standard),937,8,49,13,5,0.76,0.6154,0.7903,0.4706,0.7804
Dataset_2,Right,ResNet (Standard),938,18,42,9,6,0.8,0.75,0.8235,0.7059,0.8636
Dataset_2,Right,ResNet (Standard),939,13,46,8,8,0.7867,0.619,0.8519,0.619,0.8254
Dataset_2,Right,ResNet (Standard),940,16,43,8,8,0.7867,0.6667,0.8431,0.6667,0.8791
Dataset_2,Right,ResNet (Standard),941,7,48,7,13,0.7333,0.35,0.8727,0.4118,0.8036
Dataset_2,Right,ResNet (Standard),942,15,41,12,7,0.7467,0.6818,0.7736,0.6122,0.8276
Dataset_2,Right,ResNet (Standard),943,18,42,11,4,0.8,0.8182,0.7925,0.7059,0.934
Dataset_2,Right,ResNet (Standard),944,16,48,7,4,0.8533,0.8,0.8727,0.7442,0.8982
Dataset_2,Right,ResNet (Standard),945,7,57,9,2,0.8533,0.7778,0.8636,0.56,0.8519
Dataset_2,Right,ResNet (Standard),946,17,42,10,6,0.7867,0.7391,0.8077,0.68,0.8804
Dataset_2,Right,ResNet (Standard),947,13,43,14,5,0.7467,0.7222,0.7544,0.5778,0.7788
Dataset_2,Right,ResNet (Standard),948,22,39,9,5,0.8133,0.8148,0.8125,0.7586,0.8897
Dataset_2,Right,ResNet (Standard),949,10,47,11,7,0.76,0.5882,0.8103,0.5263,0.8529
Dataset_2,Right,ResNet (Standard),950,15,51,4,5,0.88,0.75,0.9273,0.7692,0.8927
Dataset_2,Right,ResNet (Standard),951,10,47,13,5,0.76,0.6667,0.7833,0.5263,0.7811
Dataset_2,Right,ResNet (Standard),952,12,46,8,9,0.7733,0.5714,0.8519,0.5854,0.8624
Dataset_2,Right,ResNet (Standard),953,11,41,14,9,0.6933,0.55,0.7455,0.4889,0.8118
Dataset_2,Right,ResNet (Standard),954,14,46,9,6,0.8,0.7,0.8364,0.6512,0.8391
Dataset_2,Right,ResNet (Standard),955,18,42,7,8,0.8,0.6923,0.8571,0.7059,0.9011
Dataset_2,Right,ResNet (Standard),956,17,41,10,7,0.7733,0.7083,0.8039,0.6667,0.8399
Dataset_2,Right,ResNet (Standard),957,7,51,10,7,0.7733,0.5,0.8361,0.4516,0.87
Dataset_2,Right,ResNet (Standard),958,15,41,11,8,0.7467,0.6522,0.7885,0.6122,0.7926
Dataset_2,Right,ResNet (Standard),959,9,53,9,4,0.8267,0.6923,0.8548,0.5806,0.8784
Dataset_2,Right,ResNet (Standard),960,10,51,7,7,0.8133,0.5882,0.8793,0.5882,0.8276
Dataset_2,Right,ResNet (Standard),961,15,42,12,6,0.76,0.7143,0.7778,0.625,0.8633
Dataset_2,Right,ResNet (Standard),962,12,45,13,5,0.76,0.7059,0.7759,0.5714,0.7931
Dataset_2,Right,ResNet (Standard),963,9,43,14,9,0.6933,0.5,0.7544,0.439,0.8236
Dataset_2,Right,ResNet (Standard),964,18,42,8,7,0.8,0.72,0.84,0.7059,0.8624
Dataset_2,Right,ResNet (Standard),965,9,50,14,2,0.7867,0.8182,0.7812,0.5294,0.9361
Dataset_2,Right,ResNet (Standard),966,17,39,13,6,0.7467,0.7391,0.75,0.6415,0.8779
Dataset_2,Right,ResNet (Standard),967,8,50,11,6,0.7733,0.5714,0.8197,0.4848,0.8712
Dataset_2,Right,ResNet (Standard),968,13,43,8,11,0.7467,0.5417,0.8431,0.5778,0.7827
Dataset_2,Right,ResNet (Standard),969,16,36,13,10,0.6933,0.6154,0.7347,0.5818,0.8179
Dataset_2,Right,ResNet (Standard),970,16,40,9,10,0.7467,0.6154,0.8163,0.6275,0.8148
Dataset_2,Right,ResNet (Standard),971,8,51,10,6,0.7867,0.5714,0.8361,0.5,0.8326
Dataset_2,Right,ResNet (Standard),972,17,39,13,6,0.7467,0.7391,0.75,0.6415,0.8077
Dataset_2,Right,ResNet (Standard),973,14,45,11,5,0.7867,0.7368,0.8036,0.6364,0.8628
Dataset_2,Right,ResNet (Standard),974,8,47,8,12,0.7333,0.4,0.8545,0.4444,0.7636
Dataset_2,Right,ResNet (Standard),975,6,51,11,7,0.76,0.4615,0.8226,0.4,0.8065
Dataset_2,Right,ResNet (Standard),976,8,46,13,8,0.72,0.5,0.7797,0.4324,0.7754
Dataset_2,Right,ResNet (Standard),977,11,54,9,1,0.8667,0.9167,0.8571,0.6875,0.9378
Dataset_2,Right,ResNet (Standard),978,13,47,8,7,0.8,0.65,0.8545,0.6341,0.83
Dataset_2,Right,ResNet (Standard),979,16,40,10,9,0.7467,0.64,0.8,0.6275,0.828
Dataset_2,Right,ResNet (Standard),980,10,42,9,14,0.6933,0.4167,0.8235,0.4651,0.7337
Dataset_2,Right,ResNet (Standard),981,15,41,15,4,0.7467,0.7895,0.7321,0.6122,0.891
Dataset_2,Right,ResNet (Standard),982,9,51,6,9,0.8,0.5,0.8947,0.5455,0.7817
Dataset_2,Right,ResNet (Standard),983,18,43,8,6,0.8133,0.75,0.8431,0.72,0.9355
Dataset_2,Right,ResNet (Standard),984,9,44,13,9,0.7067,0.5,0.7719,0.45,0.7778
Dataset_2,Right,ResNet (Standard),985,8,51,8,8,0.7867,0.5,0.8644,0.5,0.8676
Dataset_2,Right,ResNet (Standard),986,15,44,8,8,0.7867,0.6522,0.8462,0.6522,0.8821
Dataset_2,Right,ResNet (Standard),987,16,41,15,3,0.76,0.8421,0.7321,0.64,0.8609
Dataset_2,Right,ResNet (Standard),988,16,40,10,9,0.7467,0.64,0.8,0.6275,0.8592
Dataset_2,Right,ResNet (Standard),989,11,49,10,5,0.8,0.6875,0.8305,0.5946,0.7881
Dataset_2,Right,ResNet (Standard),990,14,44,9,8,0.7733,0.6364,0.8302,0.6222,0.8671
Dataset_2,Right,ResNet (Standard),991,13,43,11,8,0.7467,0.619,0.7963,0.5778,0.7866
Dataset_2,Right,ResNet (Standard),992,19,41,9,6,0.8,0.76,0.82,0.717,0.9104
Dataset_2,Right,ResNet (Standard),993,16,39,14,6,0.7333,0.7273,0.7358,0.6154,0.801
Dataset_2,Right,ResNet (Standard),994,13,48,5,9,0.8133,0.5909,0.9057,0.65,0.8997
Dataset_2,Right,ResNet (Standard),995,7,46,15,7,0.7067,0.5,0.7541,0.3889,0.7295
Dataset_2,Right,ResNet (Standard),996,13,51,4,7,0.8533,0.65,0.9273,0.7027,0.8936
Dataset_2,Right,ResNet (Standard),997,19,42,6,8,0.8133,0.7037,0.875,0.7308,0.9228
Dataset_2,Right,ResNet (Standard),998,20,38,14,3,0.7733,0.8696,0.7308,0.7018,0.8913
Dataset_2,Right,ResNet (Standard),999,11,46,14,4,0.76,0.7333,0.7667,0.55,0.8411
Dataset_2,Right,ResNet (Standard),1000,13,47,10,5,0.8,0.7222,0.8246,0.6341,0.9016
Dataset_2,Right,ResNet (AutoEncoder),1,15,43,10,7,0.7733,0.6818,0.8113,0.6383,0.783
Dataset_2,Right,ResNet (AutoEncoder),2,7,57,2,9,0.8533,0.4375,0.9661,0.56,0.8136
Dataset_2,Right,ResNet (AutoEncoder),3,12,47,7,9,0.7867,0.5714,0.8704,0.6,0.8342
Dataset_2,Right,ResNet (AutoEncoder),4,23,40,3,9,0.84,0.7188,0.9302,0.7931,0.8815
Dataset_2,Right,ResNet (AutoEncoder),5,21,47,2,5,0.9067,0.8077,0.9592,0.8571,0.971
Dataset_2,Right,ResNet (AutoEncoder),6,14,49,7,5,0.84,0.7368,0.875,0.7,0.8788
Dataset_2,Right,ResNet (AutoEncoder),7,15,46,8,6,0.8133,0.7143,0.8519,0.6818,0.806
Dataset_2,Right,ResNet (AutoEncoder),8,20,46,6,3,0.88,0.8696,0.8846,0.8163,0.9298
Dataset_2,Right,ResNet (AutoEncoder),9,15,50,5,5,0.8667,0.75,0.9091,0.75,0.8591
Dataset_2,Right,ResNet (AutoEncoder),10,20,42,3,10,0.8267,0.6667,0.9333,0.7547,0.7948
Dataset_2,Right,ResNet (AutoEncoder),11,16,49,2,8,0.8667,0.6667,0.9608,0.7619,0.9183
Dataset_2,Right,ResNet (AutoEncoder),12,15,47,7,6,0.8267,0.7143,0.8704,0.6977,0.7654
Dataset_2,Right,ResNet (AutoEncoder),13,16,51,3,5,0.8933,0.7619,0.9444,0.8,0.8924
Dataset_2,Right,ResNet (AutoEncoder),14,14,52,2,7,0.88,0.6667,0.963,0.7568,0.8977
Dataset_2,Right,ResNet (AutoEncoder),15,9,57,4,5,0.88,0.6429,0.9344,0.6667,0.7225
Dataset_2,Right,ResNet (AutoEncoder),16,18,46,5,6,0.8533,0.75,0.902,0.766,0.8905
Dataset_2,Right,ResNet (AutoEncoder),17,17,42,9,7,0.7867,0.7083,0.8235,0.68,0.7876
Dataset_2,Right,ResNet (AutoEncoder),18,10,55,7,3,0.8667,0.7692,0.8871,0.6667,0.8002
Dataset_2,Right,ResNet (AutoEncoder),19,15,46,8,6,0.8133,0.7143,0.8519,0.6818,0.8131
Dataset_2,Right,ResNet (AutoEncoder),20,15,52,5,3,0.8933,0.8333,0.9123,0.7895,0.8421
Dataset_2,Right,ResNet (AutoEncoder),21,11,49,7,8,0.8,0.5789,0.875,0.5946,0.812
Dataset_2,Right,ResNet (AutoEncoder),22,15,45,9,6,0.8,0.7143,0.8333,0.6667,0.873
Dataset_2,Right,ResNet (AutoEncoder),23,15,57,1,2,0.96,0.8824,0.9828,0.9091,0.9635
Dataset_2,Right,ResNet (AutoEncoder),24,19,49,5,2,0.9067,0.9048,0.9074,0.8444,0.94
Dataset_2,Right,ResNet (AutoEncoder),25,14,48,7,6,0.8267,0.7,0.8727,0.6829,0.8245
Dataset_2,Right,ResNet (AutoEncoder),26,13,48,8,6,0.8133,0.6842,0.8571,0.65,0.8045
Dataset_2,Right,ResNet (AutoEncoder),27,16,50,4,5,0.88,0.7619,0.9259,0.7805,0.918
Dataset_2,Right,ResNet (AutoEncoder),28,12,51,8,4,0.84,0.75,0.8644,0.6667,0.8782
Dataset_2,Right,ResNet (AutoEncoder),29,14,44,6,11,0.7733,0.56,0.88,0.6222,0.7648
Dataset_2,Right,ResNet (AutoEncoder),30,14,57,2,2,0.9467,0.875,0.9661,0.875,0.9693
Dataset_2,Right,ResNet (AutoEncoder),31,13,50,9,3,0.84,0.8125,0.8475,0.6842,0.8125
Dataset_2,Right,ResNet (AutoEncoder),32,16,49,6,4,0.8667,0.8,0.8909,0.7619,0.8691
Dataset_2,Right,ResNet (AutoEncoder),33,15,51,5,4,0.88,0.7895,0.9107,0.7692,0.8618
Dataset_2,Right,ResNet (AutoEncoder),34,13,51,7,4,0.8533,0.7647,0.8793,0.7027,0.8509
Dataset_2,Right,ResNet (AutoEncoder),35,16,49,5,5,0.8667,0.7619,0.9074,0.7619,0.9224
Dataset_2,Right,ResNet (AutoEncoder),36,15,49,4,7,0.8533,0.6818,0.9245,0.7317,0.9168
Dataset_2,Right,ResNet (AutoEncoder),37,12,48,6,9,0.8,0.5714,0.8889,0.6154,0.8245
Dataset_2,Right,ResNet (AutoEncoder),38,12,55,4,4,0.8933,0.75,0.9322,0.75,0.8655
Dataset_2,Right,ResNet (AutoEncoder),39,9,56,5,5,0.8667,0.6429,0.918,0.6429,0.9052
Dataset_2,Right,ResNet (AutoEncoder),40,15,51,3,6,0.88,0.7143,0.9444,0.7692,0.9074
Dataset_2,Right,ResNet (AutoEncoder),41,17,48,4,6,0.8667,0.7391,0.9231,0.7727,0.8913
Dataset_2,Right,ResNet (AutoEncoder),42,14,45,7,9,0.7867,0.6087,0.8654,0.6364,0.74
Dataset_2,Right,ResNet (AutoEncoder),43,17,45,6,7,0.8267,0.7083,0.8824,0.7234,0.848
Dataset_2,Right,ResNet (AutoEncoder),44,16,49,6,4,0.8667,0.8,0.8909,0.7619,0.8355
Dataset_2,Right,ResNet (AutoEncoder),45,18,49,4,4,0.8933,0.8182,0.9245,0.8182,0.8911
Dataset_2,Right,ResNet (AutoEncoder),46,13,45,9,8,0.7733,0.619,0.8333,0.6047,0.8175
Dataset_2,Right,ResNet (AutoEncoder),47,14,48,5,8,0.8267,0.6364,0.9057,0.6829,0.8902
Dataset_2,Right,ResNet (AutoEncoder),48,12,49,10,4,0.8133,0.75,0.8305,0.6316,0.8104
Dataset_2,Right,ResNet (AutoEncoder),49,9,50,8,8,0.7867,0.5294,0.8621,0.5294,0.8479
Dataset_2,Right,ResNet (AutoEncoder),50,14,49,7,5,0.84,0.7368,0.875,0.7,0.8703
Dataset_2,Right,ResNet (AutoEncoder),51,15,48,9,3,0.84,0.8333,0.8421,0.7143,0.8986
Dataset_2,Right,ResNet (AutoEncoder),52,17,47,3,8,0.8533,0.68,0.94,0.7556,0.8496
Dataset_2,Right,ResNet (AutoEncoder),53,14,54,4,3,0.9067,0.8235,0.931,0.8,0.9178
Dataset_2,Right,ResNet (AutoEncoder),54,16,49,5,5,0.8667,0.7619,0.9074,0.7619,0.8192
Dataset_2,Right,ResNet (AutoEncoder),55,12,49,8,6,0.8133,0.6667,0.8596,0.6316,0.7778
Dataset_2,Right,ResNet (AutoEncoder),56,18,47,5,5,0.8667,0.7826,0.9038,0.7826,0.8763
Dataset_2,Right,ResNet (AutoEncoder),57,23,43,7,2,0.88,0.92,0.86,0.8364,0.9056
Dataset_2,Right,ResNet (AutoEncoder),58,20,47,4,4,0.8933,0.8333,0.9216,0.8333,0.924
Dataset_2,Right,ResNet (AutoEncoder),59,16,44,9,6,0.8,0.7273,0.8302,0.6809,0.8165
Dataset_2,Right,ResNet (AutoEncoder),60,17,49,7,2,0.88,0.8947,0.875,0.7907,0.9267
Dataset_2,Right,ResNet (AutoEncoder),61,18,47,5,5,0.8667,0.7826,0.9038,0.7826,0.8545
Dataset_2,Right,ResNet (AutoEncoder),62,14,47,9,5,0.8133,0.7368,0.8393,0.6667,0.7951
Dataset_2,Right,ResNet (AutoEncoder),63,15,51,4,5,0.88,0.75,0.9273,0.7692,0.8645
Dataset_2,Right,ResNet (AutoEncoder),64,18,47,6,4,0.8667,0.8182,0.8868,0.7826,0.9443
Dataset_2,Right,ResNet (AutoEncoder),65,13,50,4,8,0.84,0.619,0.9259,0.6842,0.851
Dataset_2,Right,ResNet (AutoEncoder),66,15,50,5,5,0.8667,0.75,0.9091,0.75,0.9255
Dataset_2,Right,ResNet (AutoEncoder),67,18,48,5,4,0.88,0.8182,0.9057,0.8,0.8997
Dataset_2,Right,ResNet (AutoEncoder),68,20,44,6,5,0.8533,0.8,0.88,0.7843,0.856
Dataset_2,Right,ResNet (AutoEncoder),69,11,49,7,8,0.8,0.5789,0.875,0.5946,0.7791
Dataset_2,Right,ResNet (AutoEncoder),70,18,48,4,5,0.88,0.7826,0.9231,0.8,0.8537
Dataset_2,Right,ResNet (AutoEncoder),71,16,44,9,6,0.8,0.7273,0.8302,0.6809,0.8053
Dataset_2,Right,ResNet (AutoEncoder),72,12,51,5,7,0.84,0.6316,0.9107,0.6667,0.9135
Dataset_2,Right,ResNet (AutoEncoder),73,9,54,7,5,0.84,0.6429,0.8852,0.6,0.8595
Dataset_2,Right,ResNet (AutoEncoder),74,10,60,4,1,0.9333,0.9091,0.9375,0.8,0.9517
Dataset_2,Right,ResNet (AutoEncoder),75,15,51,5,4,0.88,0.7895,0.9107,0.7692,0.8938
Dataset_2,Right,ResNet (AutoEncoder),76,14,45,9,7,0.7867,0.6667,0.8333,0.6364,0.851
Dataset_2,Right,ResNet (AutoEncoder),77,14,53,3,5,0.8933,0.7368,0.9464,0.7778,0.9305
Dataset_2,Right,ResNet (AutoEncoder),78,14,53,5,3,0.8933,0.8235,0.9138,0.7778,0.8915
Dataset_2,Right,ResNet (AutoEncoder),79,17,48,5,5,0.8667,0.7727,0.9057,0.7727,0.8868
Dataset_2,Right,ResNet (AutoEncoder),80,24,43,4,4,0.8933,0.8571,0.9149,0.8571,0.9225
Dataset_2,Right,ResNet (AutoEncoder),81,16,53,2,4,0.92,0.8,0.9636,0.8421,0.9518
Dataset_2,Right,ResNet (AutoEncoder),82,16,47,8,4,0.84,0.8,0.8545,0.7273,0.9109
Dataset_2,Right,ResNet (AutoEncoder),83,12,55,3,5,0.8933,0.7059,0.9483,0.75,0.8925
Dataset_2,Right,ResNet (AutoEncoder),84,17,48,8,2,0.8667,0.8947,0.8571,0.7727,0.9051
Dataset_2,Right,ResNet (AutoEncoder),85,12,52,6,5,0.8533,0.7059,0.8966,0.6857,0.856
Dataset_2,Right,ResNet (AutoEncoder),86,21,47,4,3,0.9067,0.875,0.9216,0.8571,0.9485
Dataset_2,Right,ResNet (AutoEncoder),87,10,50,5,10,0.8,0.5,0.9091,0.5714,0.8264
Dataset_2,Right,ResNet (AutoEncoder),88,17,48,5,5,0.8667,0.7727,0.9057,0.7727,0.8696
Dataset_2,Right,ResNet (AutoEncoder),89,11,54,6,4,0.8667,0.7333,0.9,0.6875,0.9011
Dataset_2,Right,ResNet (AutoEncoder),90,21,39,8,7,0.8,0.75,0.8298,0.7368,0.8609
Dataset_2,Right,ResNet (AutoEncoder),91,11,54,3,7,0.8667,0.6111,0.9474,0.6875,0.9045
Dataset_2,Right,ResNet (AutoEncoder),92,6,60,3,6,0.88,0.5,0.9524,0.5714,0.7619
Dataset_2,Right,ResNet (AutoEncoder),93,13,53,4,5,0.88,0.7222,0.9298,0.7429,0.8918
Dataset_2,Right,ResNet (AutoEncoder),94,18,46,8,3,0.8533,0.8571,0.8519,0.766,0.8607
Dataset_2,Right,ResNet (AutoEncoder),95,15,50,4,6,0.8667,0.7143,0.9259,0.75,0.9004
Dataset_2,Right,ResNet (AutoEncoder),96,21,43,7,4,0.8533,0.84,0.86,0.7925,0.9112
Dataset_2,Right,ResNet (AutoEncoder),97,11,50,9,5,0.8133,0.6875,0.8475,0.6111,0.7987
Dataset_2,Right,ResNet (AutoEncoder),98,12,50,10,3,0.8267,0.8,0.8333,0.6486,0.8789
Dataset_2,Right,ResNet (AutoEncoder),99,19,52,2,2,0.9467,0.9048,0.963,0.9048,0.9788
Dataset_2,Right,ResNet (AutoEncoder),100,17,52,4,2,0.92,0.8947,0.9286,0.85,0.9173
Dataset_2,Right,ResNet (AutoEncoder),101,21,46,5,3,0.8933,0.875,0.902,0.84,0.9289
Dataset_2,Right,ResNet (AutoEncoder),102,19,45,7,4,0.8533,0.8261,0.8654,0.7755,0.8972
Dataset_2,Right,ResNet (AutoEncoder),103,22,43,6,4,0.8667,0.8462,0.8776,0.8148,0.8846
Dataset_2,Right,ResNet (AutoEncoder),104,14,47,6,8,0.8133,0.6364,0.8868,0.6667,0.8568
Dataset_2,Right,ResNet (AutoEncoder),105,17,45,6,7,0.8267,0.7083,0.8824,0.7234,0.8489
Dataset_2,Right,ResNet (AutoEncoder),106,15,47,9,4,0.8267,0.7895,0.8393,0.6977,0.8835
Dataset_2,Right,ResNet (AutoEncoder),107,16,44,8,7,0.8,0.6957,0.8462,0.6809,0.8712
Dataset_2,Right,ResNet (AutoEncoder),108,17,48,7,3,0.8667,0.85,0.8727,0.7727,0.8991
Dataset_2,Right,ResNet (AutoEncoder),109,20,39,9,7,0.7867,0.7407,0.8125,0.7143,0.794
Dataset_2,Right,ResNet (AutoEncoder),110,13,53,6,3,0.88,0.8125,0.8983,0.7429,0.9142
Dataset_2,Right,ResNet (AutoEncoder),111,11,50,6,8,0.8133,0.5789,0.8929,0.6111,0.8684
Dataset_2,Right,ResNet (AutoEncoder),112,14,44,7,10,0.7733,0.5833,0.8627,0.6222,0.844
Dataset_2,Right,ResNet (AutoEncoder),113,19,49,3,4,0.9067,0.8261,0.9423,0.8444,0.9214
Dataset_2,Right,ResNet (AutoEncoder),114,20,51,2,2,0.9467,0.9091,0.9623,0.9091,0.9545
Dataset_2,Right,ResNet (AutoEncoder),115,10,53,8,4,0.84,0.7143,0.8689,0.625,0.8337
Dataset_2,Right,ResNet (AutoEncoder),116,15,49,5,6,0.8533,0.7143,0.9074,0.7317,0.8677
Dataset_2,Right,ResNet (AutoEncoder),117,22,46,3,4,0.9067,0.8462,0.9388,0.8627,0.9105
Dataset_2,Right,ResNet (AutoEncoder),118,10,54,1,10,0.8533,0.5,0.9818,0.6452,0.9382
Dataset_2,Right,ResNet (AutoEncoder),119,11,54,2,8,0.8667,0.5789,0.9643,0.6875,0.9088
Dataset_2,Right,ResNet (AutoEncoder),120,15,48,8,4,0.84,0.7895,0.8571,0.7143,0.828
Dataset_2,Right,ResNet (AutoEncoder),121,11,51,9,4,0.8267,0.7333,0.85,0.6286,0.8033
Dataset_2,Right,ResNet (AutoEncoder),122,17,44,6,8,0.8133,0.68,0.88,0.7083,0.8336
Dataset_2,Right,ResNet (AutoEncoder),123,12,56,3,4,0.9067,0.75,0.9492,0.7742,0.9386
Dataset_2,Right,ResNet (AutoEncoder),124,17,43,8,7,0.8,0.7083,0.8431,0.6939,0.8137
Dataset_2,Right,ResNet (AutoEncoder),125,17,51,4,3,0.9067,0.85,0.9273,0.8293,0.9264
Dataset_2,Right,ResNet (AutoEncoder),126,22,45,6,2,0.8933,0.9167,0.8824,0.8462,0.9379
Dataset_2,Right,ResNet (AutoEncoder),127,17,46,8,4,0.84,0.8095,0.8519,0.7391,0.8704
Dataset_2,Right,ResNet (AutoEncoder),128,15,53,4,3,0.9067,0.8333,0.9298,0.8108,0.9474
Dataset_2,Right,ResNet (AutoEncoder),129,20,46,6,3,0.88,0.8696,0.8846,0.8163,0.9264
Dataset_2,Right,ResNet (AutoEncoder),130,16,49,6,4,0.8667,0.8,0.8909,0.7619,0.8764
Dataset_2,Right,ResNet (AutoEncoder),131,13,49,4,9,0.8267,0.5909,0.9245,0.6667,0.8079
Dataset_2,Right,ResNet (AutoEncoder),132,19,48,2,6,0.8933,0.76,0.96,0.8261,0.8848
Dataset_2,Right,ResNet (AutoEncoder),133,22,46,2,5,0.9067,0.8148,0.9583,0.8627,0.8819
Dataset_2,Right,ResNet (AutoEncoder),134,14,46,7,8,0.8,0.6364,0.8679,0.6512,0.8036
Dataset_2,Right,ResNet (AutoEncoder),135,16,48,6,5,0.8533,0.7619,0.8889,0.7442,0.8589
Dataset_2,Right,ResNet (AutoEncoder),136,12,50,9,4,0.8267,0.75,0.8475,0.6486,0.9078
Dataset_2,Right,ResNet (AutoEncoder),137,18,49,3,5,0.8933,0.7826,0.9423,0.8182,0.9189
Dataset_2,Right,ResNet (AutoEncoder),138,17,48,7,3,0.8667,0.85,0.8727,0.7727,0.9245
Dataset_2,Right,ResNet (AutoEncoder),139,15,51,6,3,0.88,0.8333,0.8947,0.7692,0.923
Dataset_2,Right,ResNet (AutoEncoder),140,19,49,5,2,0.9067,0.9048,0.9074,0.8444,0.903
Dataset_2,Right,ResNet (AutoEncoder),141,13,47,4,11,0.8,0.5417,0.9216,0.6341,0.759
Dataset_2,Right,ResNet (AutoEncoder),142,24,38,5,8,0.8267,0.75,0.8837,0.7869,0.9237
Dataset_2,Right,ResNet (AutoEncoder),143,16,46,10,3,0.8267,0.8421,0.8214,0.7111,0.86
Dataset_2,Right,ResNet (AutoEncoder),144,17,42,5,11,0.7867,0.6071,0.8936,0.68,0.8093
Dataset_2,Right,ResNet (AutoEncoder),145,9,57,2,7,0.88,0.5625,0.9661,0.6667,0.8051
Dataset_2,Right,ResNet (AutoEncoder),146,9,47,9,10,0.7467,0.4737,0.8393,0.4865,0.7453
Dataset_2,Right,ResNet (AutoEncoder),147,15,50,4,6,0.8667,0.7143,0.9259,0.75,0.8333
Dataset_2,Right,ResNet (AutoEncoder),148,20,49,3,3,0.92,0.8696,0.9423,0.8696,0.9599
Dataset_2,Right,ResNet (AutoEncoder),149,11,52,6,6,0.84,0.6471,0.8966,0.6471,0.8732
Dataset_2,Right,ResNet (AutoEncoder),150,17,47,7,4,0.8533,0.8095,0.8704,0.7556,0.8792
Dataset_2,Right,ResNet (AutoEncoder),151,15,46,9,5,0.8133,0.75,0.8364,0.6818,0.8627
Dataset_2,Right,ResNet (AutoEncoder),152,19,48,6,2,0.8933,0.9048,0.8889,0.8261,0.8977
Dataset_2,Right,ResNet (AutoEncoder),153,15,48,8,4,0.84,0.7895,0.8571,0.7143,0.8289
Dataset_2,Right,ResNet (AutoEncoder),154,14,52,4,5,0.88,0.7368,0.9286,0.7568,0.8797
Dataset_2,Right,ResNet (AutoEncoder),155,11,53,4,7,0.8533,0.6111,0.9298,0.6667,0.8733
Dataset_2,Right,ResNet (AutoEncoder),156,17,43,10,5,0.8,0.7727,0.8113,0.6939,0.8233
Dataset_2,Right,ResNet (AutoEncoder),157,15,45,6,9,0.8,0.625,0.8824,0.6667,0.8072
Dataset_2,Right,ResNet (AutoEncoder),158,21,47,6,1,0.9067,0.9545,0.8868,0.8571,0.9528
Dataset_2,Right,ResNet (AutoEncoder),159,11,49,7,8,0.8,0.5789,0.875,0.5946,0.8158
Dataset_2,Right,ResNet (AutoEncoder),160,12,48,6,9,0.8,0.5714,0.8889,0.6154,0.8342
Dataset_2,Right,ResNet (AutoEncoder),161,11,54,5,5,0.8667,0.6875,0.9153,0.6875,0.8294
Dataset_2,Right,ResNet (AutoEncoder),162,17,51,3,4,0.9067,0.8095,0.9444,0.8293,0.9215
Dataset_2,Right,ResNet (AutoEncoder),163,11,51,6,7,0.8267,0.6111,0.8947,0.6286,0.8324
Dataset_2,Right,ResNet (AutoEncoder),164,20,48,5,2,0.9067,0.9091,0.9057,0.8511,0.928
Dataset_2,Right,ResNet (AutoEncoder),165,16,52,5,2,0.9067,0.8889,0.9123,0.8205,0.9006
Dataset_2,Right,ResNet (AutoEncoder),166,12,53,5,5,0.8667,0.7059,0.9138,0.7059,0.8996
Dataset_2,Right,ResNet (AutoEncoder),167,14,48,5,8,0.8267,0.6364,0.9057,0.6829,0.8302
Dataset_2,Right,ResNet (AutoEncoder),168,15,51,5,4,0.88,0.7895,0.9107,0.7692,0.9013
Dataset_2,Right,ResNet (AutoEncoder),169,14,46,7,8,0.8,0.6364,0.8679,0.6512,0.8731
Dataset_2,Right,ResNet (AutoEncoder),170,12,58,3,2,0.9333,0.8571,0.9508,0.8276,0.897
Dataset_2,Right,ResNet (AutoEncoder),171,15,49,5,6,0.8533,0.7143,0.9074,0.7317,0.8175
Dataset_2,Right,ResNet (AutoEncoder),172,17,51,3,4,0.9067,0.8095,0.9444,0.8293,0.9136
Dataset_2,Right,ResNet (AutoEncoder),173,17,44,6,8,0.8133,0.68,0.88,0.7083,0.8456
Dataset_2,Right,ResNet (AutoEncoder),174,9,58,6,2,0.8933,0.8182,0.9062,0.6923,0.8594
Dataset_2,Right,ResNet (AutoEncoder),175,17,49,4,5,0.88,0.7727,0.9245,0.7907,0.9194
Dataset_2,Right,ResNet (AutoEncoder),176,14,51,5,5,0.8667,0.7368,0.9107,0.7368,0.8534
Dataset_2,Right,ResNet (AutoEncoder),177,15,55,2,3,0.9333,0.8333,0.9649,0.8571,0.9649
Dataset_2,Right,ResNet (AutoEncoder),178,18,49,7,1,0.8933,0.9474,0.875,0.8182,0.938
Dataset_2,Right,ResNet (AutoEncoder),179,18,49,3,5,0.8933,0.7826,0.9423,0.8182,0.954
Dataset_2,Right,ResNet (AutoEncoder),180,18,49,5,3,0.8933,0.8571,0.9074,0.8182,0.8554
Dataset_2,Right,ResNet (AutoEncoder),181,15,52,5,3,0.8933,0.8333,0.9123,0.7895,0.9435
Dataset_2,Right,ResNet (AutoEncoder),182,17,47,6,5,0.8533,0.7727,0.8868,0.7556,0.8688
Dataset_2,Right,ResNet (AutoEncoder),183,20,47,4,4,0.8933,0.8333,0.9216,0.8333,0.9469
Dataset_2,Right,ResNet (AutoEncoder),184,19,46,4,6,0.8667,0.76,0.92,0.7917,0.9144
Dataset_2,Right,ResNet (AutoEncoder),185,12,50,5,8,0.8267,0.6,0.9091,0.6486,0.8482
Dataset_2,Right,ResNet (AutoEncoder),186,12,54,3,6,0.88,0.6667,0.9474,0.7273,0.8762
Dataset_2,Right,ResNet (AutoEncoder),187,13,52,5,5,0.8667,0.7222,0.9123,0.7222,0.809
Dataset_2,Right,ResNet (AutoEncoder),188,11,53,3,8,0.8533,0.5789,0.9464,0.6667,0.8759
Dataset_2,Right,ResNet (AutoEncoder),189,22,43,7,3,0.8667,0.88,0.86,0.8148,0.92
Dataset_2,Right,ResNet (AutoEncoder),190,12,53,6,4,0.8667,0.75,0.8983,0.7059,0.84
Dataset_2,Right,ResNet (AutoEncoder),191,14,45,9,7,0.7867,0.6667,0.8333,0.6364,0.7557
Dataset_2,Right,ResNet (AutoEncoder),192,15,44,8,8,0.7867,0.6522,0.8462,0.6522,0.842
Dataset_2,Right,ResNet (AutoEncoder),193,12,55,5,3,0.8933,0.8,0.9167,0.75,0.9089
Dataset_2,Right,ResNet (AutoEncoder),194,13,55,4,3,0.9067,0.8125,0.9322,0.7879,0.8517
Dataset_2,Right,ResNet (AutoEncoder),195,14,49,1,11,0.84,0.56,0.98,0.7,0.8384
Dataset_2,Right,ResNet (AutoEncoder),196,11,55,5,4,0.88,0.7333,0.9167,0.7097,0.8033
Dataset_2,Right,ResNet (AutoEncoder),197,13,48,11,3,0.8133,0.8125,0.8136,0.65,0.8655
Dataset_2,Right,ResNet (AutoEncoder),198,12,49,7,7,0.8133,0.6316,0.875,0.6316,0.7838
Dataset_2,Right,ResNet (AutoEncoder),199,21,40,6,8,0.8133,0.7241,0.8696,0.75,0.8636
Dataset_2,Right,ResNet (AutoEncoder),200,11,54,6,4,0.8667,0.7333,0.9,0.6875,0.8811
Dataset_2,Right,ResNet (AutoEncoder),201,14,51,7,3,0.8667,0.8235,0.8793,0.7368,0.9229
Dataset_2,Right,ResNet (AutoEncoder),202,13,51,6,5,0.8533,0.7222,0.8947,0.7027,0.7973
Dataset_2,Right,ResNet (AutoEncoder),203,11,53,5,6,0.8533,0.6471,0.9138,0.6667,0.8418
Dataset_2,Right,ResNet (AutoEncoder),204,14,51,5,5,0.8667,0.7368,0.9107,0.7368,0.891
Dataset_2,Right,ResNet (AutoEncoder),205,19,43,5,8,0.8267,0.7037,0.8958,0.7451,0.8835
Dataset_2,Right,ResNet (AutoEncoder),206,9,50,9,7,0.7867,0.5625,0.8475,0.5294,0.8061
Dataset_2,Right,ResNet (AutoEncoder),207,20,44,3,8,0.8533,0.7143,0.9362,0.7843,0.8739
Dataset_2,Right,ResNet (AutoEncoder),208,12,48,9,6,0.8,0.6667,0.8421,0.6154,0.8148
Dataset_2,Right,ResNet (AutoEncoder),209,21,49,4,1,0.9333,0.9545,0.9245,0.8936,0.9623
Dataset_2,Right,ResNet (AutoEncoder),210,12,55,6,2,0.8933,0.8571,0.9016,0.75,0.8489
Dataset_2,Right,ResNet (AutoEncoder),211,15,48,6,6,0.84,0.7143,0.8889,0.7143,0.8289
Dataset_2,Right,ResNet (AutoEncoder),212,14,50,6,5,0.8533,0.7368,0.8929,0.7179,0.8167
Dataset_2,Right,ResNet (AutoEncoder),213,16,50,5,4,0.88,0.8,0.9091,0.7805,0.9173
Dataset_2,Right,ResNet (AutoEncoder),214,18,47,5,5,0.8667,0.7826,0.9038,0.7826,0.9239
Dataset_2,Right,ResNet (AutoEncoder),215,11,59,4,1,0.9333,0.9167,0.9365,0.8148,0.9458
Dataset_2,Right,ResNet (AutoEncoder),216,16,51,5,3,0.8933,0.8421,0.9107,0.8,0.9013
Dataset_2,Right,ResNet (AutoEncoder),217,18,43,8,6,0.8133,0.75,0.8431,0.72,0.8554
Dataset_2,Right,ResNet (AutoEncoder),218,14,51,8,2,0.8667,0.875,0.8644,0.7368,0.8591
Dataset_2,Right,ResNet (AutoEncoder),219,20,42,5,8,0.8267,0.7143,0.8936,0.7547,0.8815
Dataset_2,Right,ResNet (AutoEncoder),220,14,53,7,1,0.8933,0.9333,0.8833,0.7778,0.9011
Dataset_2,Right,ResNet (AutoEncoder),221,11,56,6,2,0.8933,0.8462,0.9032,0.7333,0.928
Dataset_2,Right,ResNet (AutoEncoder),222,17,48,5,5,0.8667,0.7727,0.9057,0.7727,0.9485
Dataset_2,Right,ResNet (AutoEncoder),223,13,53,7,2,0.88,0.8667,0.8833,0.7429,0.9189
Dataset_2,Right,ResNet (AutoEncoder),224,10,56,4,5,0.88,0.6667,0.9333,0.6897,0.8733
Dataset_2,Right,ResNet (AutoEncoder),225,17,43,6,9,0.8,0.6538,0.8776,0.6939,0.8069
Dataset_2,Right,ResNet (AutoEncoder),226,19,44,5,7,0.84,0.7308,0.898,0.76,0.8846
Dataset_2,Right,ResNet (AutoEncoder),227,15,49,5,6,0.8533,0.7143,0.9074,0.7317,0.8289
Dataset_2,Right,ResNet (AutoEncoder),228,13,52,7,3,0.8667,0.8125,0.8814,0.7222,0.8951
Dataset_2,Right,ResNet (AutoEncoder),229,13,52,8,2,0.8667,0.8667,0.8667,0.7222,0.8722
Dataset_2,Right,ResNet (AutoEncoder),230,13,56,5,1,0.92,0.9286,0.918,0.8125,0.9543
Dataset_2,Right,ResNet (AutoEncoder),231,21,37,12,5,0.7733,0.8077,0.7551,0.7119,0.8187
Dataset_2,Right,ResNet (AutoEncoder),232,16,42,10,7,0.7733,0.6957,0.8077,0.6531,0.7676
Dataset_2,Right,ResNet (AutoEncoder),233,19,45,6,5,0.8533,0.7917,0.8824,0.7755,0.8897
Dataset_2,Right,ResNet (AutoEncoder),234,15,45,4,11,0.8,0.5769,0.9184,0.6667,0.7904
Dataset_2,Right,ResNet (AutoEncoder),235,14,51,5,5,0.8667,0.7368,0.9107,0.7368,0.7885
Dataset_2,Right,ResNet (AutoEncoder),236,14,50,9,2,0.8533,0.875,0.8475,0.7179,0.8379
Dataset_2,Right,ResNet (AutoEncoder),237,16,47,7,5,0.84,0.7619,0.8704,0.7273,0.8862
Dataset_2,Right,ResNet (AutoEncoder),238,20,41,7,7,0.8133,0.7407,0.8542,0.7407,0.8627
Dataset_2,Right,ResNet (AutoEncoder),239,17,44,5,9,0.8133,0.6538,0.898,0.7083,0.8273
Dataset_2,Right,ResNet (AutoEncoder),240,15,51,7,2,0.88,0.8824,0.8793,0.7692,0.8671
Dataset_2,Right,ResNet (AutoEncoder),241,10,56,4,5,0.88,0.6667,0.9333,0.6897,0.8944
Dataset_2,Right,ResNet (AutoEncoder),242,12,48,10,5,0.8,0.7059,0.8276,0.6154,0.8337
Dataset_2,Right,ResNet (AutoEncoder),243,14,48,8,5,0.8267,0.7368,0.8571,0.6829,0.9229
Dataset_2,Right,ResNet (AutoEncoder),244,14,49,7,5,0.84,0.7368,0.875,0.7,0.8402
Dataset_2,Right,ResNet (AutoEncoder),245,11,51,7,6,0.8267,0.6471,0.8793,0.6286,0.7992
Dataset_2,Right,ResNet (AutoEncoder),246,12,55,4,4,0.8933,0.75,0.9322,0.75,0.9174
Dataset_2,Right,ResNet (AutoEncoder),247,16,46,7,6,0.8267,0.7273,0.8679,0.7111,0.9065
Dataset_2,Right,ResNet (AutoEncoder),248,6,56,5,8,0.8267,0.4286,0.918,0.48,0.8396
Dataset_2,Right,ResNet (AutoEncoder),249,15,47,7,6,0.8267,0.7143,0.8704,0.6977,0.806
Dataset_2,Right,ResNet (AutoEncoder),250,10,51,9,5,0.8133,0.6667,0.85,0.5882,0.8022
Dataset_2,Right,ResNet (AutoEncoder),251,18,47,6,4,0.8667,0.8182,0.8868,0.7826,0.8688
Dataset_2,Right,ResNet (AutoEncoder),252,22,47,3,3,0.92,0.88,0.94,0.88,0.9264
Dataset_2,Right,ResNet (AutoEncoder),253,16,46,5,8,0.8267,0.6667,0.902,0.7111,0.8938
Dataset_2,Right,ResNet (AutoEncoder),254,13,50,6,6,0.84,0.6842,0.8929,0.6842,0.8806
Dataset_2,Right,ResNet (AutoEncoder),255,20,43,6,6,0.84,0.7692,0.8776,0.7692,0.8948
Dataset_2,Right,ResNet (AutoEncoder),256,16,49,7,3,0.8667,0.8421,0.875,0.7619,0.8618
Dataset_2,Right,ResNet (AutoEncoder),257,18,49,3,5,0.8933,0.7826,0.9423,0.8182,0.9139
Dataset_2,Right,ResNet (AutoEncoder),258,12,51,3,9,0.84,0.5714,0.9444,0.6667,0.8289
Dataset_2,Right,ResNet (AutoEncoder),259,15,49,4,7,0.8533,0.6818,0.9245,0.7317,0.8542
Dataset_2,Right,ResNet (AutoEncoder),260,13,47,6,9,0.8,0.5909,0.8868,0.6341,0.8293
Dataset_2,Right,ResNet (AutoEncoder),261,17,42,10,6,0.7867,0.7391,0.8077,0.68,0.8043
Dataset_2,Right,ResNet (AutoEncoder),262,14,50,7,4,0.8533,0.7778,0.8772,0.7179,0.8558
Dataset_2,Right,ResNet (AutoEncoder),263,19,42,9,5,0.8133,0.7917,0.8235,0.7308,0.8693
Dataset_2,Right,ResNet (AutoEncoder),264,15,54,4,2,0.92,0.8824,0.931,0.8333,0.8905
Dataset_2,Right,ResNet (AutoEncoder),265,22,41,8,4,0.84,0.8462,0.8367,0.7857,0.8987
Dataset_2,Right,ResNet (AutoEncoder),266,11,57,5,2,0.9067,0.8462,0.9194,0.7586,0.8375
Dataset_2,Right,ResNet (AutoEncoder),267,13,49,7,6,0.8267,0.6842,0.875,0.6667,0.8477
Dataset_2,Right,ResNet (AutoEncoder),268,19,47,3,6,0.88,0.76,0.94,0.8085,0.8896
Dataset_2,Right,ResNet (AutoEncoder),269,15,48,6,6,0.84,0.7143,0.8889,0.7143,0.8898
Dataset_2,Right,ResNet (AutoEncoder),270,18,43,9,5,0.8133,0.7826,0.8269,0.72,0.8629
Dataset_2,Right,ResNet (AutoEncoder),271,10,53,6,6,0.84,0.625,0.8983,0.625,0.8125
Dataset_2,Right,ResNet (AutoEncoder),272,17,48,3,7,0.8667,0.7083,0.9412,0.7727,0.9493
Dataset_2,Right,ResNet (AutoEncoder),273,13,51,5,6,0.8533,0.6842,0.9107,0.7027,0.8929
Dataset_2,Right,ResNet (AutoEncoder),274,11,51,7,6,0.8267,0.6471,0.8793,0.6286,0.8195
Dataset_2,Right,ResNet (AutoEncoder),275,16,47,7,5,0.84,0.7619,0.8704,0.7273,0.9127
Dataset_2,Right,ResNet (AutoEncoder),276,18,39,9,9,0.76,0.6667,0.8125,0.6667,0.7816
Dataset_2,Right,ResNet (AutoEncoder),277,16,47,5,7,0.84,0.6957,0.9038,0.7273,0.8587
Dataset_2,Right,ResNet (AutoEncoder),278,12,52,6,5,0.8533,0.7059,0.8966,0.6857,0.8093
Dataset_2,Right,ResNet (AutoEncoder),279,11,52,5,7,0.84,0.6111,0.9123,0.6471,0.8207
Dataset_2,Right,ResNet (AutoEncoder),280,18,50,5,2,0.9067,0.9,0.9091,0.8372,0.9255
Dataset_2,Right,ResNet (AutoEncoder),281,14,52,6,3,0.88,0.8235,0.8966,0.7568,0.8682
Dataset_2,Right,ResNet (AutoEncoder),282,14,52,4,5,0.88,0.7368,0.9286,0.7568,0.9239
Dataset_2,Right,ResNet (AutoEncoder),283,15,50,4,6,0.8667,0.7143,0.9259,0.75,0.8571
Dataset_2,Right,ResNet (AutoEncoder),284,14,52,6,3,0.88,0.8235,0.8966,0.7568,0.9047
Dataset_2,Right,ResNet (AutoEncoder),285,7,58,5,5,0.8667,0.5833,0.9206,0.5833,0.869
Dataset_2,Right,ResNet (AutoEncoder),286,21,50,2,2,0.9467,0.913,0.9615,0.913,0.9808
Dataset_2,Right,ResNet (AutoEncoder),287,14,53,6,2,0.8933,0.875,0.8983,0.7778,0.9269
Dataset_2,Right,ResNet (AutoEncoder),288,11,48,9,7,0.7867,0.6111,0.8421,0.5789,0.7982
Dataset_2,Right,ResNet (AutoEncoder),289,6,53,13,3,0.7867,0.6667,0.803,0.4286,0.7441
Dataset_2,Right,ResNet (AutoEncoder),290,16,44,12,3,0.8,0.8421,0.7857,0.6809,0.8816
Dataset_2,Right,ResNet (AutoEncoder),291,17,48,4,6,0.8667,0.7391,0.9231,0.7727,0.903
Dataset_2,Right,ResNet (AutoEncoder),292,11,51,6,7,0.8267,0.6111,0.8947,0.6286,0.9123
Dataset_2,Right,ResNet (AutoEncoder),293,10,51,9,5,0.8133,0.6667,0.85,0.5882,0.8411
Dataset_2,Right,ResNet (AutoEncoder),294,17,49,8,1,0.88,0.9444,0.8596,0.7907,0.922
Dataset_2,Right,ResNet (AutoEncoder),295,9,50,6,10,0.7867,0.4737,0.8929,0.5294,0.8064
Dataset_2,Right,ResNet (AutoEncoder),296,17,51,3,4,0.9067,0.8095,0.9444,0.8293,0.9145
Dataset_2,Right,ResNet (AutoEncoder),297,17,47,7,4,0.8533,0.8095,0.8704,0.7556,0.8889
Dataset_2,Right,ResNet (AutoEncoder),298,13,51,5,6,0.8533,0.6842,0.9107,0.7027,0.8393
Dataset_2,Right,ResNet (AutoEncoder),299,17,48,4,6,0.8667,0.7391,0.9231,0.7727,0.8921
Dataset_2,Right,ResNet (AutoEncoder),300,16,50,4,5,0.88,0.7619,0.9259,0.7805,0.9118
Dataset_2,Right,ResNet (AutoEncoder),301,15,49,7,4,0.8533,0.7895,0.875,0.7317,0.8853
Dataset_2,Right,ResNet (AutoEncoder),302,18,47,6,4,0.8667,0.8182,0.8868,0.7826,0.8954
Dataset_2,Right,ResNet (AutoEncoder),303,18,48,4,5,0.88,0.7826,0.9231,0.8,0.8771
Dataset_2,Right,ResNet (AutoEncoder),304,14,56,3,2,0.9333,0.875,0.9492,0.8485,0.8962
Dataset_2,Right,ResNet (AutoEncoder),305,20,47,5,3,0.8933,0.8696,0.9038,0.8333,0.9172
Dataset_2,Right,ResNet (AutoEncoder),306,10,55,2,8,0.8667,0.5556,0.9649,0.6667,0.8713
Dataset_2,Right,ResNet (AutoEncoder),307,18,49,5,3,0.8933,0.8571,0.9074,0.8182,0.9145
Dataset_2,Right,ResNet (AutoEncoder),308,18,42,6,9,0.8,0.6667,0.875,0.7059,0.8557
Dataset_2,Right,ResNet (AutoEncoder),309,24,42,8,1,0.88,0.96,0.84,0.8421,0.8872
Dataset_2,Right,ResNet (AutoEncoder),310,15,51,6,3,0.88,0.8333,0.8947,0.7692,0.9181
Dataset_2,Right,ResNet (AutoEncoder),311,12,55,4,4,0.8933,0.75,0.9322,0.75,0.947
Dataset_2,Right,ResNet (AutoEncoder),312,15,42,8,10,0.76,0.6,0.84,0.625,0.7144
Dataset_2,Right,ResNet (AutoEncoder),313,17,48,3,7,0.8667,0.7083,0.9412,0.7727,0.9404
Dataset_2,Right,ResNet (AutoEncoder),314,16,49,5,5,0.8667,0.7619,0.9074,0.7619,0.9206
Dataset_2,Right,ResNet (AutoEncoder),315,14,50,4,7,0.8533,0.6667,0.9259,0.7179,0.858
Dataset_2,Right,ResNet (AutoEncoder),316,17,39,13,6,0.7467,0.7391,0.75,0.6415,0.8119
Dataset_2,Right,ResNet (AutoEncoder),317,11,51,8,5,0.8267,0.6875,0.8644,0.6286,0.839
Dataset_2,Right,ResNet (AutoEncoder),318,14,53,8,0,0.8933,1.0,0.8689,0.7778,0.9508
Dataset_2,Right,ResNet (AutoEncoder),319,18,49,6,2,0.8933,0.9,0.8909,0.8182,0.8982
Dataset_2,Right,ResNet (AutoEncoder),320,8,54,7,6,0.8267,0.5714,0.8852,0.5517,0.8337
Dataset_2,Right,ResNet (AutoEncoder),321,15,46,8,6,0.8133,0.7143,0.8519,0.6818,0.8642
Dataset_2,Right,ResNet (AutoEncoder),322,16,47,5,7,0.84,0.6957,0.9038,0.7273,0.8679
Dataset_2,Right,ResNet (AutoEncoder),323,14,54,3,4,0.9067,0.7778,0.9474,0.8,0.8947
Dataset_2,Right,ResNet (AutoEncoder),324,13,48,9,5,0.8133,0.7222,0.8421,0.65,0.8694
Dataset_2,Right,ResNet (AutoEncoder),325,18,46,8,3,0.8533,0.8571,0.8519,0.766,0.9268
Dataset_2,Right,ResNet (AutoEncoder),326,13,47,10,5,0.8,0.7222,0.8246,0.6341,0.8236
Dataset_2,Right,ResNet (AutoEncoder),327,15,48,9,3,0.84,0.8333,0.8421,0.7143,0.8499
Dataset_2,Right,ResNet (AutoEncoder),328,14,50,7,4,0.8533,0.7778,0.8772,0.7179,0.8869
Dataset_2,Right,ResNet (AutoEncoder),329,16,43,7,9,0.7867,0.64,0.86,0.6667,0.8048
Dataset_2,Right,ResNet (AutoEncoder),330,15,45,8,7,0.8,0.6818,0.8491,0.6667,0.7539
Dataset_2,Right,ResNet (AutoEncoder),331,11,49,11,4,0.8,0.7333,0.8167,0.5946,0.8
Dataset_2,Right,ResNet (AutoEncoder),332,13,50,8,4,0.84,0.7647,0.8621,0.6842,0.8032
Dataset_2,Right,ResNet (AutoEncoder),333,11,52,5,7,0.84,0.6111,0.9123,0.6471,0.845
Dataset_2,Right,ResNet (AutoEncoder),334,13,49,7,6,0.8267,0.6842,0.875,0.6667,0.8609
Dataset_2,Right,ResNet (AutoEncoder),335,8,57,6,4,0.8667,0.6667,0.9048,0.6154,0.8889
Dataset_2,Right,ResNet (AutoEncoder),336,16,48,8,3,0.8533,0.8421,0.8571,0.7442,0.9079
Dataset_2,Right,ResNet (AutoEncoder),337,15,49,5,6,0.8533,0.7143,0.9074,0.7317,0.8386
Dataset_2,Right,ResNet (AutoEncoder),338,18,47,7,3,0.8667,0.8571,0.8704,0.7826,0.843
Dataset_2,Right,ResNet (AutoEncoder),339,8,55,7,5,0.84,0.6154,0.8871,0.5714,0.8139
Dataset_2,Right,ResNet (AutoEncoder),340,15,53,1,6,0.9067,0.7143,0.9815,0.8108,0.8959
Dataset_2,Right,ResNet (AutoEncoder),341,14,54,6,1,0.9067,0.9333,0.9,0.8,0.9056
Dataset_2,Right,ResNet (AutoEncoder),342,14,46,8,7,0.8,0.6667,0.8519,0.6512,0.7945
Dataset_2,Right,ResNet (AutoEncoder),343,15,50,6,4,0.8667,0.7895,0.8929,0.75,0.8609
Dataset_2,Right,ResNet (AutoEncoder),344,16,51,4,4,0.8933,0.8,0.9273,0.8,0.8836
Dataset_2,Right,ResNet (AutoEncoder),345,13,53,4,5,0.88,0.7222,0.9298,0.7429,0.9425
Dataset_2,Right,ResNet (AutoEncoder),346,12,48,7,8,0.8,0.6,0.8727,0.6154,0.77
Dataset_2,Right,ResNet (AutoEncoder),347,16,52,5,2,0.9067,0.8889,0.9123,0.8205,0.9347
Dataset_2,Right,ResNet (AutoEncoder),348,18,51,2,4,0.92,0.8182,0.9623,0.8571,0.9768
Dataset_2,Right,ResNet (AutoEncoder),349,17,47,7,4,0.8533,0.8095,0.8704,0.7556,0.9092
Dataset_2,Right,ResNet (AutoEncoder),350,14,50,6,5,0.8533,0.7368,0.8929,0.7179,0.8299
Dataset_2,Right,ResNet (AutoEncoder),351,15,50,6,4,0.8667,0.7895,0.8929,0.75,0.8835
Dataset_2,Right,ResNet (AutoEncoder),352,10,49,5,11,0.7867,0.4762,0.9074,0.5556,0.7363
Dataset_2,Right,ResNet (AutoEncoder),353,7,55,8,5,0.8267,0.5833,0.873,0.5185,0.8558
Dataset_2,Right,ResNet (AutoEncoder),354,18,48,5,4,0.88,0.8182,0.9057,0.8,0.9099
Dataset_2,Right,ResNet (AutoEncoder),355,11,56,3,5,0.8933,0.6875,0.9492,0.7333,0.9354
Dataset_2,Right,ResNet (AutoEncoder),356,13,47,5,10,0.8,0.5652,0.9038,0.6341,0.8119
Dataset_2,Right,ResNet (AutoEncoder),357,15,53,3,4,0.9067,0.7895,0.9464,0.8108,0.937
Dataset_2,Right,ResNet (AutoEncoder),358,18,47,7,3,0.8667,0.8571,0.8704,0.7826,0.843
Dataset_2,Right,ResNet (AutoEncoder),359,9,53,8,5,0.8267,0.6429,0.8689,0.5806,0.8068
Dataset_2,Right,ResNet (AutoEncoder),360,11,46,9,9,0.76,0.55,0.8364,0.55,0.7964
Dataset_2,Right,ResNet (AutoEncoder),361,17,48,6,4,0.8667,0.8095,0.8889,0.7727,0.8668
Dataset_2,Right,ResNet (AutoEncoder),362,14,53,3,5,0.8933,0.7368,0.9464,0.7778,0.8365
Dataset_2,Right,ResNet (AutoEncoder),363,15,52,4,4,0.8933,0.7895,0.9286,0.7895,0.8524
Dataset_2,Right,ResNet (AutoEncoder),364,21,48,5,1,0.92,0.9545,0.9057,0.875,0.9434
Dataset_2,Right,ResNet (AutoEncoder),365,17,52,3,3,0.92,0.85,0.9455,0.85,0.9564
Dataset_2,Right,ResNet (AutoEncoder),366,13,48,7,7,0.8133,0.65,0.8727,0.65,0.8609
Dataset_2,Right,ResNet (AutoEncoder),367,9,55,7,4,0.8533,0.6923,0.8871,0.6207,0.8499
Dataset_2,Right,ResNet (AutoEncoder),368,12,51,8,4,0.84,0.75,0.8644,0.6667,0.8496
Dataset_2,Right,ResNet (AutoEncoder),369,13,50,8,4,0.84,0.7647,0.8621,0.6842,0.8276
Dataset_2,Right,ResNet (AutoEncoder),370,26,39,6,4,0.8667,0.8667,0.8667,0.8387,0.9178
Dataset_2,Right,ResNet (AutoEncoder),371,11,54,7,3,0.8667,0.7857,0.8852,0.6875,0.8068
Dataset_2,Right,ResNet (AutoEncoder),372,15,49,8,3,0.8533,0.8333,0.8596,0.7317,0.8723
Dataset_2,Right,ResNet (AutoEncoder),373,15,45,6,9,0.8,0.625,0.8824,0.6667,0.8815
Dataset_2,Right,ResNet (AutoEncoder),374,13,50,6,6,0.84,0.6842,0.8929,0.6842,0.8759
Dataset_2,Right,ResNet (AutoEncoder),375,14,54,4,3,0.9067,0.8235,0.931,0.8,0.9351
Dataset_2,Right,ResNet (AutoEncoder),376,12,51,5,7,0.84,0.6316,0.9107,0.6667,0.8712
Dataset_2,Right,ResNet (AutoEncoder),377,16,49,5,5,0.8667,0.7619,0.9074,0.7619,0.903
Dataset_2,Right,ResNet (AutoEncoder),378,19,48,4,4,0.8933,0.8261,0.9231,0.8261,0.8846
Dataset_2,Right,ResNet (AutoEncoder),379,15,52,3,5,0.8933,0.75,0.9455,0.7895,0.9027
Dataset_2,Right,ResNet (AutoEncoder),380,22,46,3,4,0.9067,0.8462,0.9388,0.8627,0.8987
Dataset_2,Right,ResNet (AutoEncoder),381,11,53,5,6,0.8533,0.6471,0.9138,0.6667,0.7982
Dataset_2,Right,ResNet (AutoEncoder),382,18,51,3,3,0.92,0.8571,0.9444,0.8571,0.9259
Dataset_2,Right,ResNet (AutoEncoder),383,17,51,5,2,0.9067,0.8947,0.9107,0.8293,0.8788
Dataset_2,Right,ResNet (AutoEncoder),384,18,44,7,6,0.8267,0.75,0.8627,0.7347,0.835
Dataset_2,Right,ResNet (AutoEncoder),385,12,49,9,5,0.8133,0.7059,0.8448,0.6316,0.8286
Dataset_2,Right,ResNet (AutoEncoder),386,15,52,4,4,0.8933,0.7895,0.9286,0.7895,0.8477
Dataset_2,Right,ResNet (AutoEncoder),387,4,54,7,10,0.7733,0.2857,0.8852,0.32,0.7728
Dataset_2,Right,ResNet (AutoEncoder),388,12,52,6,5,0.8533,0.7059,0.8966,0.6857,0.9087
Dataset_2,Right,ResNet (AutoEncoder),389,8,55,11,1,0.84,0.8889,0.8333,0.5714,0.9091
Dataset_2,Right,ResNet (AutoEncoder),390,9,55,5,6,0.8533,0.6,0.9167,0.6207,0.9122
Dataset_2,Right,ResNet (AutoEncoder),391,15,49,9,2,0.8533,0.8824,0.8448,0.7317,0.9067
Dataset_2,Right,ResNet (AutoEncoder),392,14,49,6,6,0.84,0.7,0.8909,0.7,0.8891
Dataset_2,Right,ResNet (AutoEncoder),393,21,43,5,6,0.8533,0.7778,0.8958,0.7925,0.8789
Dataset_2,Right,ResNet (AutoEncoder),394,16,48,4,7,0.8533,0.6957,0.9231,0.7442,0.8587
Dataset_2,Right,ResNet (AutoEncoder),395,15,54,3,3,0.92,0.8333,0.9474,0.8333,0.9542
Dataset_2,Right,ResNet (AutoEncoder),396,16,47,6,6,0.84,0.7273,0.8868,0.7273,0.8533
Dataset_2,Right,ResNet (AutoEncoder),397,16,48,6,5,0.8533,0.7619,0.8889,0.7442,0.9109
Dataset_2,Right,ResNet (AutoEncoder),398,13,47,6,9,0.8,0.5909,0.8868,0.6341,0.8268
Dataset_2,Right,ResNet (AutoEncoder),399,15,47,6,7,0.8267,0.6818,0.8868,0.6977,0.8079
Dataset_2,Right,ResNet (AutoEncoder),400,17,46,3,9,0.84,0.6538,0.9388,0.7391,0.8768
Dataset_2,Right,ResNet (AutoEncoder),401,13,53,6,3,0.88,0.8125,0.8983,0.7429,0.91
Dataset_2,Right,ResNet (AutoEncoder),402,17,50,6,2,0.8933,0.8947,0.8929,0.8095,0.9483
Dataset_2,Right,ResNet (AutoEncoder),403,12,46,7,10,0.7733,0.5455,0.8679,0.5854,0.8654
Dataset_2,Right,ResNet (AutoEncoder),404,13,51,5,6,0.8533,0.6842,0.9107,0.7027,0.8769
Dataset_2,Right,ResNet (AutoEncoder),405,20,46,7,2,0.88,0.9091,0.8679,0.8163,0.8722
Dataset_2,Right,ResNet (AutoEncoder),406,14,50,7,4,0.8533,0.7778,0.8772,0.7179,0.8811
Dataset_2,Right,ResNet (AutoEncoder),407,17,46,8,4,0.84,0.8095,0.8519,0.7391,0.8457
Dataset_2,Right,ResNet (AutoEncoder),408,15,54,3,3,0.92,0.8333,0.9474,0.8333,0.9025
Dataset_2,Right,ResNet (AutoEncoder),409,15,51,4,5,0.88,0.75,0.9273,0.7692,0.9091
Dataset_2,Right,ResNet (AutoEncoder),410,17,49,1,8,0.88,0.68,0.98,0.7907,0.8616
Dataset_2,Right,ResNet (AutoEncoder),411,12,49,8,6,0.8133,0.6667,0.8596,0.6316,0.8538
Dataset_2,Right,ResNet (AutoEncoder),412,12,56,2,5,0.9067,0.7059,0.9655,0.7742,0.8773
Dataset_2,Right,ResNet (AutoEncoder),413,22,39,9,5,0.8133,0.8148,0.8125,0.7586,0.8326
Dataset_2,Right,ResNet (AutoEncoder),414,14,51,4,6,0.8667,0.7,0.9273,0.7368,0.7955
Dataset_2,Right,ResNet (AutoEncoder),415,11,50,4,10,0.8133,0.5238,0.9259,0.6111,0.828
Dataset_2,Right,ResNet (AutoEncoder),416,18,50,7,0,0.9067,1.0,0.8772,0.8372,0.9639
Dataset_2,Right,ResNet (AutoEncoder),417,13,53,4,5,0.88,0.7222,0.9298,0.7429,0.8645
Dataset_2,Right,ResNet (AutoEncoder),418,20,40,12,3,0.8,0.8696,0.7692,0.7273,0.8194
Dataset_2,Right,ResNet (AutoEncoder),419,17,46,6,6,0.84,0.7391,0.8846,0.7391,0.8595
Dataset_2,Right,ResNet (AutoEncoder),420,12,49,8,6,0.8133,0.6667,0.8596,0.6316,0.8665
Dataset_2,Right,ResNet (AutoEncoder),421,18,41,12,4,0.7867,0.8182,0.7736,0.6923,0.8593
Dataset_2,Right,ResNet (AutoEncoder),422,10,53,9,3,0.84,0.7692,0.8548,0.625,0.9007
Dataset_2,Right,ResNet (AutoEncoder),423,16,44,11,4,0.8,0.8,0.8,0.6809,0.8091
Dataset_2,Right,ResNet (AutoEncoder),424,16,54,4,1,0.9333,0.9412,0.931,0.8649,0.9077
Dataset_2,Right,ResNet (AutoEncoder),425,12,46,9,8,0.7733,0.6,0.8364,0.5854,0.76
Dataset_2,Right,ResNet (AutoEncoder),426,15,46,7,7,0.8133,0.6818,0.8679,0.6818,0.8971
Dataset_2,Right,ResNet (AutoEncoder),427,16,49,8,2,0.8667,0.8889,0.8596,0.7619,0.9172
Dataset_2,Right,ResNet (AutoEncoder),428,11,50,8,6,0.8133,0.6471,0.8621,0.6111,0.7799
Dataset_2,Right,ResNet (AutoEncoder),429,16,49,6,4,0.8667,0.8,0.8909,0.7619,0.9027
Dataset_2,Right,ResNet (AutoEncoder),430,12,53,4,6,0.8667,0.6667,0.9298,0.7059,0.8938
Dataset_2,Right,ResNet (AutoEncoder),431,18,45,6,6,0.84,0.75,0.8824,0.75,0.8668
Dataset_2,Right,ResNet (AutoEncoder),432,15,45,9,6,0.8,0.7143,0.8333,0.6667,0.8466
Dataset_2,Right,ResNet (AutoEncoder),433,15,49,6,5,0.8533,0.75,0.8909,0.7317,0.8973
Dataset_2,Right,ResNet (AutoEncoder),434,12,57,4,2,0.92,0.8571,0.9344,0.8,0.9555
Dataset_2,Right,ResNet (AutoEncoder),435,13,53,5,4,0.88,0.7647,0.9138,0.7429,0.9422
Dataset_2,Right,ResNet (AutoEncoder),436,19,43,2,11,0.8267,0.6333,0.9556,0.7451,0.8341
Dataset_2,Right,ResNet (AutoEncoder),437,16,41,8,10,0.76,0.6154,0.8367,0.64,0.8571
Dataset_2,Right,ResNet (AutoEncoder),438,16,52,3,4,0.9067,0.8,0.9455,0.8205,0.8727
Dataset_2,Right,ResNet (AutoEncoder),439,20,45,8,2,0.8667,0.9091,0.8491,0.8,0.8962
Dataset_2,Right,ResNet (AutoEncoder),440,12,56,5,2,0.9067,0.8571,0.918,0.7742,0.9297
Dataset_2,Right,ResNet (AutoEncoder),441,16,48,9,2,0.8533,0.8889,0.8421,0.7442,0.8363
Dataset_2,Right,ResNet (AutoEncoder),442,15,44,8,8,0.7867,0.6522,0.8462,0.6522,0.8253
Dataset_2,Right,ResNet (AutoEncoder),443,18,44,7,6,0.8267,0.75,0.8627,0.7347,0.8521
Dataset_2,Right,ResNet (AutoEncoder),444,17,44,5,9,0.8133,0.6538,0.898,0.7083,0.8634
Dataset_2,Right,ResNet (AutoEncoder),445,22,40,7,6,0.8267,0.7857,0.8511,0.7719,0.848
Dataset_2,Right,ResNet (AutoEncoder),446,14,47,7,7,0.8133,0.6667,0.8704,0.6667,0.8898
Dataset_2,Right,ResNet (AutoEncoder),447,12,50,8,5,0.8267,0.7059,0.8621,0.6486,0.8073
Dataset_2,Right,ResNet (AutoEncoder),448,14,52,7,2,0.88,0.875,0.8814,0.7568,0.9184
Dataset_2,Right,ResNet (AutoEncoder),449,10,51,7,7,0.8133,0.5882,0.8793,0.5882,0.788
Dataset_2,Right,ResNet (AutoEncoder),450,17,46,8,4,0.84,0.8095,0.8519,0.7391,0.8898
Dataset_2,Right,ResNet (AutoEncoder),451,13,54,4,4,0.8933,0.7647,0.931,0.7647,0.9026
Dataset_2,Right,ResNet (AutoEncoder),452,12,54,6,3,0.88,0.8,0.9,0.7273,0.9078
Dataset_2,Right,ResNet (AutoEncoder),453,15,49,8,3,0.8533,0.8333,0.8596,0.7317,0.8899
Dataset_2,Right,ResNet (AutoEncoder),454,16,47,6,6,0.84,0.7273,0.8868,0.7273,0.9039
Dataset_2,Right,ResNet (AutoEncoder),455,14,50,8,3,0.8533,0.8235,0.8621,0.7179,0.8895
Dataset_2,Right,ResNet (AutoEncoder),456,16,49,3,7,0.8667,0.6957,0.9423,0.7619,0.9239
Dataset_2,Right,ResNet (AutoEncoder),457,19,46,8,2,0.8667,0.9048,0.8519,0.7917,0.9392
Dataset_2,Right,ResNet (AutoEncoder),458,14,47,10,4,0.8133,0.7778,0.8246,0.6667,0.8021
Dataset_2,Right,ResNet (AutoEncoder),459,15,53,6,1,0.9067,0.9375,0.8983,0.8108,0.8771
Dataset_2,Right,ResNet (AutoEncoder),460,14,44,8,9,0.7733,0.6087,0.8462,0.6222,0.852
Dataset_2,Right,ResNet (AutoEncoder),461,16,53,2,4,0.92,0.8,0.9636,0.8421,0.9018
Dataset_2,Right,ResNet (AutoEncoder),462,18,46,4,7,0.8533,0.72,0.92,0.766,0.8792
Dataset_2,Right,ResNet (AutoEncoder),463,15,48,9,3,0.84,0.8333,0.8421,0.7143,0.8674
Dataset_2,Right,ResNet (AutoEncoder),464,14,50,7,4,0.8533,0.7778,0.8772,0.7179,0.8986
Dataset_2,Right,ResNet (AutoEncoder),465,19,41,7,8,0.8,0.7037,0.8542,0.717,0.9051
Dataset_2,Right,ResNet (AutoEncoder),466,11,55,5,4,0.88,0.7333,0.9167,0.7097,0.9311
Dataset_2,Right,ResNet (AutoEncoder),467,15,50,5,5,0.8667,0.75,0.9091,0.75,0.9018
Dataset_2,Right,ResNet (AutoEncoder),468,12,56,4,3,0.9067,0.8,0.9333,0.7742,0.8844
Dataset_2,Right,ResNet (AutoEncoder),469,17,46,8,4,0.84,0.8095,0.8519,0.7391,0.9065
Dataset_2,Right,ResNet (AutoEncoder),470,8,59,1,7,0.8933,0.5333,0.9833,0.6667,0.7889
Dataset_2,Right,ResNet (AutoEncoder),471,11,51,5,8,0.8267,0.5789,0.9107,0.6286,0.8506
Dataset_2,Right,ResNet (AutoEncoder),472,13,52,7,3,0.8667,0.8125,0.8814,0.7222,0.8962
Dataset_2,Right,ResNet (AutoEncoder),473,19,47,6,3,0.88,0.8636,0.8868,0.8085,0.9228
Dataset_2,Right,ResNet (AutoEncoder),474,13,54,3,5,0.8933,0.7222,0.9474,0.7647,0.9347
Dataset_2,Right,ResNet (AutoEncoder),475,11,48,10,6,0.7867,0.6471,0.8276,0.5789,0.8763
Dataset_2,Right,ResNet (AutoEncoder),476,14,46,8,7,0.8,0.6667,0.8519,0.6512,0.8774
Dataset_2,Right,ResNet (AutoEncoder),477,16,49,5,5,0.8667,0.7619,0.9074,0.7619,0.873
Dataset_2,Right,ResNet (AutoEncoder),478,7,57,4,7,0.8533,0.5,0.9344,0.56,0.7904
Dataset_2,Right,ResNet (AutoEncoder),479,17,44,9,5,0.8133,0.7727,0.8302,0.7083,0.7633
Dataset_2,Right,ResNet (AutoEncoder),480,14,43,10,8,0.76,0.6364,0.8113,0.6087,0.7384
Dataset_2,Right,ResNet (AutoEncoder),481,21,45,5,4,0.88,0.84,0.9,0.8235,0.92
Dataset_2,Right,ResNet (AutoEncoder),482,12,52,8,3,0.8533,0.8,0.8667,0.6857,0.8767
Dataset_2,Right,ResNet (AutoEncoder),483,9,57,8,1,0.88,0.9,0.8769,0.6667,0.9077
Dataset_2,Right,ResNet (AutoEncoder),484,18,49,4,4,0.8933,0.8182,0.9245,0.8182,0.8954
Dataset_2,Right,ResNet (AutoEncoder),485,15,47,8,5,0.8267,0.75,0.8545,0.6977,0.8855
Dataset_2,Right,ResNet (AutoEncoder),486,14,50,7,4,0.8533,0.7778,0.8772,0.7179,0.8869
Dataset_2,Right,ResNet (AutoEncoder),487,11,58,4,2,0.92,0.8462,0.9355,0.7857,0.8722
Dataset_2,Right,ResNet (AutoEncoder),488,12,51,7,5,0.84,0.7059,0.8793,0.6667,0.8195
Dataset_2,Right,ResNet (AutoEncoder),489,19,45,4,7,0.8533,0.7308,0.9184,0.7755,0.854
Dataset_2,Right,ResNet (AutoEncoder),490,18,44,5,8,0.8267,0.6923,0.898,0.7347,0.8713
Dataset_2,Right,ResNet (AutoEncoder),491,7,57,6,5,0.8533,0.5833,0.9048,0.56,0.8677
Dataset_2,Right,ResNet (AutoEncoder),492,16,49,7,3,0.8667,0.8421,0.875,0.7619,0.9004
Dataset_2,Right,ResNet (AutoEncoder),493,11,53,7,4,0.8533,0.7333,0.8833,0.6667,0.85
Dataset_2,Right,ResNet (AutoEncoder),494,13,48,11,3,0.8133,0.8125,0.8136,0.65,0.8358
Dataset_2,Right,ResNet (AutoEncoder),495,19,45,7,4,0.8533,0.8261,0.8654,0.7755,0.8487
Dataset_2,Right,ResNet (AutoEncoder),496,10,54,7,4,0.8533,0.7143,0.8852,0.6452,0.877
Dataset_2,Right,ResNet (AutoEncoder),497,14,51,7,3,0.8667,0.8235,0.8793,0.7368,0.9158
Dataset_2,Right,ResNet (AutoEncoder),498,13,48,9,5,0.8133,0.7222,0.8421,0.65,0.8762
Dataset_2,Right,ResNet (AutoEncoder),499,9,58,5,3,0.8933,0.75,0.9206,0.6923,0.8968
Dataset_2,Right,ResNet (AutoEncoder),500,18,50,5,2,0.9067,0.9,0.9091,0.8372,0.9109
Dataset_2,Right,ResNet (AutoEncoder),501,23,43,4,5,0.88,0.8214,0.9149,0.8364,0.8898
Dataset_2,Right,ResNet (AutoEncoder),502,17,44,9,5,0.8133,0.7727,0.8302,0.7083,0.8491
Dataset_2,Right,ResNet (AutoEncoder),503,15,49,9,2,0.8533,0.8824,0.8448,0.7317,0.8114
Dataset_2,Right,ResNet (AutoEncoder),504,15,45,5,10,0.8,0.6,0.9,0.6667,0.8144
Dataset_2,Right,ResNet (AutoEncoder),505,14,47,7,7,0.8133,0.6667,0.8704,0.6667,0.9048
Dataset_2,Right,ResNet (AutoEncoder),506,21,42,5,7,0.84,0.75,0.8936,0.7778,0.8389
Dataset_2,Right,ResNet (AutoEncoder),507,18,47,8,2,0.8667,0.9,0.8545,0.7826,0.9355
Dataset_2,Right,ResNet (AutoEncoder),508,16,44,10,5,0.8,0.7619,0.8148,0.6809,0.8783
Dataset_2,Right,ResNet (AutoEncoder),509,10,55,6,4,0.8667,0.7143,0.9016,0.6667,0.8115
Dataset_2,Right,ResNet (AutoEncoder),510,16,48,7,4,0.8533,0.8,0.8727,0.7442,0.8664
Dataset_2,Right,ResNet (AutoEncoder),511,19,48,4,4,0.8933,0.8261,0.9231,0.8261,0.9181
Dataset_2,Right,ResNet (AutoEncoder),512,12,53,6,4,0.8667,0.75,0.8983,0.7059,0.8411
Dataset_2,Right,ResNet (AutoEncoder),513,18,44,7,6,0.8267,0.75,0.8627,0.7347,0.8529
Dataset_2,Right,ResNet (AutoEncoder),514,17,49,6,3,0.88,0.85,0.8909,0.7907,0.8973
Dataset_2,Right,ResNet (AutoEncoder),515,17,47,7,4,0.8533,0.8095,0.8704,0.7556,0.8474
Dataset_2,Right,ResNet (AutoEncoder),516,10,53,6,6,0.84,0.625,0.8983,0.625,0.8845
Dataset_2,Right,ResNet (AutoEncoder),517,18,43,7,7,0.8133,0.72,0.86,0.72,0.8744
Dataset_2,Right,ResNet (AutoEncoder),518,16,48,5,6,0.8533,0.7273,0.9057,0.7442,0.8208
Dataset_2,Right,ResNet (AutoEncoder),519,15,53,3,4,0.9067,0.7895,0.9464,0.8108,0.9051
Dataset_2,Right,ResNet (AutoEncoder),520,17,51,4,3,0.9067,0.85,0.9273,0.8293,0.9409
Dataset_2,Right,ResNet (AutoEncoder),521,14,47,10,4,0.8133,0.7778,0.8246,0.6667,0.8421
Dataset_2,Right,ResNet (AutoEncoder),522,10,55,8,2,0.8667,0.8333,0.873,0.6667,0.8849
Dataset_2,Right,ResNet (AutoEncoder),523,19,46,6,4,0.8667,0.8261,0.8846,0.7917,0.9038
Dataset_2,Right,ResNet (AutoEncoder),524,17,46,9,3,0.84,0.85,0.8364,0.7391,0.8791
Dataset_2,Right,ResNet (AutoEncoder),525,12,52,9,2,0.8533,0.8571,0.8525,0.6857,0.877
Dataset_2,Right,ResNet (AutoEncoder),526,12,48,10,5,0.8,0.7059,0.8276,0.6154,0.8377
Dataset_2,Right,ResNet (AutoEncoder),527,13,48,10,4,0.8133,0.7647,0.8276,0.65,0.8114
Dataset_2,Right,ResNet (AutoEncoder),528,14,52,4,5,0.88,0.7368,0.9286,0.7568,0.9323
Dataset_2,Right,ResNet (AutoEncoder),529,13,51,5,6,0.8533,0.6842,0.9107,0.7027,0.8393
Dataset_2,Right,ResNet (AutoEncoder),530,10,54,7,4,0.8533,0.7143,0.8852,0.6452,0.8525
Dataset_2,Right,ResNet (AutoEncoder),531,10,49,9,7,0.7867,0.5882,0.8448,0.5556,0.716
Dataset_2,Right,ResNet (AutoEncoder),532,13,53,5,4,0.88,0.7647,0.9138,0.7429,0.8864
Dataset_2,Right,ResNet (AutoEncoder),533,12,52,6,5,0.8533,0.7059,0.8966,0.6857,0.8245
Dataset_2,Right,ResNet (AutoEncoder),534,13,52,7,3,0.8667,0.8125,0.8814,0.7222,0.9047
Dataset_2,Right,ResNet (AutoEncoder),535,16,49,5,5,0.8667,0.7619,0.9074,0.7619,0.8351
Dataset_2,Right,ResNet (AutoEncoder),536,15,48,6,6,0.84,0.7143,0.8889,0.7143,0.8448
Dataset_2,Right,ResNet (AutoEncoder),537,18,45,10,2,0.84,0.9,0.8182,0.75,0.8382
Dataset_2,Right,ResNet (AutoEncoder),538,9,54,7,5,0.84,0.6429,0.8852,0.6,0.8735
Dataset_2,Right,ResNet (AutoEncoder),539,18,49,6,2,0.8933,0.9,0.8909,0.8182,0.8655
Dataset_2,Right,ResNet (AutoEncoder),540,10,48,6,11,0.7733,0.4762,0.8889,0.5405,0.7275
Dataset_2,Right,ResNet (AutoEncoder),541,18,45,6,6,0.84,0.75,0.8824,0.75,0.8676
Dataset_2,Right,ResNet (AutoEncoder),542,11,58,2,4,0.92,0.7333,0.9667,0.7857,0.8967
Dataset_2,Right,ResNet (AutoEncoder),543,20,42,6,7,0.8267,0.7407,0.875,0.7547,0.804
Dataset_2,Right,ResNet (AutoEncoder),544,15,47,7,6,0.8267,0.7143,0.8704,0.6977,0.8474
Dataset_2,Right,ResNet (AutoEncoder),545,15,53,5,2,0.9067,0.8824,0.9138,0.8108,0.9189
Dataset_2,Right,ResNet (AutoEncoder),546,18,48,4,5,0.88,0.7826,0.9231,0.8,0.9181
Dataset_2,Right,ResNet (AutoEncoder),547,13,48,8,6,0.8133,0.6842,0.8571,0.65,0.8102
Dataset_2,Right,ResNet (AutoEncoder),548,16,41,9,9,0.76,0.64,0.82,0.64,0.7576
Dataset_2,Right,ResNet (AutoEncoder),549,12,46,9,8,0.7733,0.6,0.8364,0.5854,0.7482
Dataset_2,Right,ResNet (AutoEncoder),550,21,44,6,4,0.8667,0.84,0.88,0.8077,0.8696
Dataset_2,Right,ResNet (AutoEncoder),551,12,55,3,5,0.8933,0.7059,0.9483,0.75,0.8469
Dataset_2,Right,ResNet (AutoEncoder),552,8,54,10,3,0.8267,0.7273,0.8438,0.5517,0.8011
Dataset_2,Right,ResNet (AutoEncoder),553,5,55,10,5,0.8,0.5,0.8462,0.4,0.7923
Dataset_2,Right,ResNet (AutoEncoder),554,17,51,3,4,0.9067,0.8095,0.9444,0.8293,0.8986
Dataset_2,Right,ResNet (AutoEncoder),555,15,52,5,3,0.8933,0.8333,0.9123,0.7895,0.9133
Dataset_2,Right,ResNet (AutoEncoder),556,15,51,6,3,0.88,0.8333,0.8947,0.7692,0.9055
Dataset_2,Right,ResNet (AutoEncoder),557,15,47,9,4,0.8267,0.7895,0.8393,0.6977,0.8346
Dataset_2,Right,ResNet (AutoEncoder),558,19,45,8,3,0.8533,0.8636,0.8491,0.7755,0.9039
Dataset_2,Right,ResNet (AutoEncoder),559,12,49,9,5,0.8133,0.7059,0.8448,0.6316,0.8418
Dataset_2,Right,ResNet (AutoEncoder),560,13,52,4,6,0.8667,0.6842,0.9286,0.7222,0.9117
Dataset_2,Right,ResNet (AutoEncoder),561,11,50,8,6,0.8133,0.6471,0.8621,0.6111,0.8043
Dataset_2,Right,ResNet (AutoEncoder),562,22,44,8,1,0.88,0.9565,0.8462,0.8302,0.9055
Dataset_2,Right,ResNet (AutoEncoder),563,17,50,6,2,0.8933,0.8947,0.8929,0.8095,0.9295
Dataset_2,Right,ResNet (AutoEncoder),564,21,41,6,7,0.8267,0.75,0.8723,0.7636,0.8541
Dataset_2,Right,ResNet (AutoEncoder),565,16,43,9,7,0.7867,0.6957,0.8269,0.6667,0.7918
Dataset_2,Right,ResNet (AutoEncoder),566,17,47,7,4,0.8533,0.8095,0.8704,0.7556,0.888
Dataset_2,Right,ResNet (AutoEncoder),567,17,51,2,5,0.9067,0.7727,0.9623,0.8293,0.928
Dataset_2,Right,ResNet (AutoEncoder),568,12,54,6,3,0.88,0.8,0.9,0.7273,0.9311
Dataset_2,Right,ResNet (AutoEncoder),569,18,48,4,5,0.88,0.7826,0.9231,0.8,0.9206
Dataset_2,Right,ResNet (AutoEncoder),570,13,49,6,7,0.8267,0.65,0.8909,0.6667,0.8636
Dataset_2,Right,ResNet (AutoEncoder),571,11,56,5,3,0.8933,0.7857,0.918,0.7333,0.9368
Dataset_2,Right,ResNet (AutoEncoder),572,10,52,7,6,0.8267,0.625,0.8814,0.6061,0.8146
Dataset_2,Right,ResNet (AutoEncoder),573,5,59,8,3,0.8533,0.625,0.8806,0.4762,0.8955
Dataset_2,Right,ResNet (AutoEncoder),574,15,50,6,4,0.8667,0.7895,0.8929,0.75,0.9041
Dataset_2,Right,ResNet (AutoEncoder),575,16,50,4,5,0.88,0.7619,0.9259,0.7805,0.9206
Dataset_2,Right,ResNet (AutoEncoder),576,15,54,2,4,0.92,0.7895,0.9643,0.8333,0.8741
Dataset_2,Right,ResNet (AutoEncoder),577,17,47,6,5,0.8533,0.7727,0.8868,0.7556,0.9151
Dataset_2,Right,ResNet (AutoEncoder),578,15,47,2,11,0.8267,0.5769,0.9592,0.6977,0.8344
Dataset_2,Right,ResNet (AutoEncoder),579,13,43,10,9,0.7467,0.5909,0.8113,0.5778,0.8027
Dataset_2,Right,ResNet (AutoEncoder),580,10,52,6,7,0.8267,0.5882,0.8966,0.6061,0.8012
Dataset_2,Right,ResNet (AutoEncoder),581,15,47,7,6,0.8267,0.7143,0.8704,0.6977,0.9048
Dataset_2,Right,ResNet (AutoEncoder),582,14,49,7,5,0.84,0.7368,0.875,0.7,0.8327
Dataset_2,Right,ResNet (AutoEncoder),583,12,46,11,6,0.7733,0.6667,0.807,0.5854,0.7749
Dataset_2,Right,ResNet (AutoEncoder),584,16,42,12,5,0.7733,0.7619,0.7778,0.6531,0.7989
Dataset_2,Right,ResNet (AutoEncoder),585,21,43,8,3,0.8533,0.875,0.8431,0.7925,0.8758
Dataset_2,Right,ResNet (AutoEncoder),586,13,54,4,4,0.8933,0.7647,0.931,0.7647,0.8499
Dataset_2,Right,ResNet (AutoEncoder),587,15,40,13,7,0.7333,0.6818,0.7547,0.6,0.7513
Dataset_2,Right,ResNet (AutoEncoder),588,9,54,6,6,0.84,0.6,0.9,0.6,0.8678
Dataset_2,Right,ResNet (AutoEncoder),589,15,48,2,10,0.84,0.6,0.96,0.7143,0.8184
Dataset_2,Right,ResNet (AutoEncoder),590,19,45,6,5,0.8533,0.7917,0.8824,0.7755,0.8775
Dataset_2,Right,ResNet (AutoEncoder),591,15,48,9,3,0.84,0.8333,0.8421,0.7143,0.8645
Dataset_2,Right,ResNet (AutoEncoder),592,16,52,3,4,0.9067,0.8,0.9455,0.8205,0.8782
Dataset_2,Right,ResNet (AutoEncoder),593,12,53,3,7,0.8667,0.6316,0.9464,0.7059,0.8628
Dataset_2,Right,ResNet (AutoEncoder),594,15,48,6,6,0.84,0.7143,0.8889,0.7143,0.8007
Dataset_2,Right,ResNet (AutoEncoder),595,12,50,6,7,0.8267,0.6316,0.8929,0.6486,0.8543
Dataset_2,Right,ResNet (AutoEncoder),596,18,48,4,5,0.88,0.7826,0.9231,0.8,0.9156
Dataset_2,Right,ResNet (AutoEncoder),597,7,60,2,6,0.8933,0.5385,0.9677,0.6364,0.8176
Dataset_2,Right,ResNet (AutoEncoder),598,16,50,7,2,0.88,0.8889,0.8772,0.7805,0.885
Dataset_2,Right,ResNet (AutoEncoder),599,14,49,5,7,0.84,0.6667,0.9074,0.7,0.9127
Dataset_2,Right,ResNet (AutoEncoder),600,16,48,4,7,0.8533,0.6957,0.9231,0.7442,0.8169
Dataset_2,Right,ResNet (AutoEncoder),601,17,51,2,5,0.9067,0.7727,0.9623,0.8293,0.8919
Dataset_2,Right,ResNet (AutoEncoder),602,15,46,12,2,0.8133,0.8824,0.7931,0.6818,0.8337
Dataset_2,Right,ResNet (AutoEncoder),603,15,51,5,4,0.88,0.7895,0.9107,0.7692,0.8694
Dataset_2,Right,ResNet (AutoEncoder),604,9,53,7,6,0.8267,0.6,0.8833,0.5806,0.8844
Dataset_2,Right,ResNet (AutoEncoder),605,13,49,5,8,0.8267,0.619,0.9074,0.6667,0.8413
Dataset_2,Right,ResNet (AutoEncoder),606,11,55,8,1,0.88,0.9167,0.873,0.7097,0.8929
Dataset_2,Right,ResNet (AutoEncoder),607,12,52,4,7,0.8533,0.6316,0.9286,0.6857,0.9032
Dataset_2,Right,ResNet (AutoEncoder),608,15,49,5,6,0.8533,0.7143,0.9074,0.7317,0.8801
Dataset_2,Right,ResNet (AutoEncoder),609,11,49,8,7,0.8,0.6111,0.8596,0.5946,0.7671
Dataset_2,Right,ResNet (AutoEncoder),610,17,46,7,5,0.84,0.7727,0.8679,0.7391,0.831
Dataset_2,Right,ResNet (AutoEncoder),611,13,40,8,14,0.7067,0.4815,0.8333,0.5417,0.7639
Dataset_2,Right,ResNet (AutoEncoder),612,18,48,3,6,0.88,0.75,0.9412,0.8,0.8783
Dataset_2,Right,ResNet (AutoEncoder),613,11,54,6,4,0.8667,0.7333,0.9,0.6875,0.84
Dataset_2,Right,ResNet (AutoEncoder),614,14,55,4,2,0.92,0.875,0.9322,0.8235,0.9417
Dataset_2,Right,ResNet (AutoEncoder),615,15,49,6,5,0.8533,0.75,0.8909,0.7317,0.8936
Dataset_2,Right,ResNet (AutoEncoder),616,20,47,4,4,0.8933,0.8333,0.9216,0.8333,0.9069
Dataset_2,Right,ResNet (AutoEncoder),617,18,53,3,1,0.9467,0.9474,0.9464,0.9,0.9408
Dataset_2,Right,ResNet (AutoEncoder),618,16,49,5,5,0.8667,0.7619,0.9074,0.7619,0.8792
Dataset_2,Right,ResNet (AutoEncoder),619,15,49,5,6,0.8533,0.7143,0.9074,0.7317,0.8624
Dataset_2,Right,ResNet (AutoEncoder),620,11,53,4,7,0.8533,0.6111,0.9298,0.6667,0.884
Dataset_2,Right,ResNet (AutoEncoder),621,11,49,7,8,0.8,0.5789,0.875,0.5946,0.8073
Dataset_2,Right,ResNet (AutoEncoder),622,13,51,8,3,0.8533,0.8125,0.8644,0.7027,0.8919
Dataset_2,Right,ResNet (AutoEncoder),623,11,53,6,5,0.8533,0.6875,0.8983,0.6667,0.8856
Dataset_2,Right,ResNet (AutoEncoder),624,19,48,5,3,0.8933,0.8636,0.9057,0.8261,0.9237
Dataset_2,Right,ResNet (AutoEncoder),625,15,53,4,3,0.9067,0.8333,0.9298,0.8108,0.9415
Dataset_2,Right,ResNet (AutoEncoder),626,18,48,3,6,0.88,0.75,0.9412,0.8,0.8644
Dataset_2,Right,ResNet (AutoEncoder),627,23,43,4,5,0.88,0.8214,0.9149,0.8364,0.9111
Dataset_2,Right,ResNet (AutoEncoder),628,19,44,3,9,0.84,0.6786,0.9362,0.76,0.8374
Dataset_2,Right,ResNet (AutoEncoder),629,17,46,3,9,0.84,0.6538,0.9388,0.7391,0.883
Dataset_2,Right,ResNet (AutoEncoder),630,10,47,8,10,0.76,0.5,0.8545,0.5263,0.8209
Dataset_2,Right,ResNet (AutoEncoder),631,11,52,5,7,0.84,0.6111,0.9123,0.6471,0.7904
Dataset_2,Right,ResNet (AutoEncoder),632,12,50,6,7,0.8267,0.6316,0.8929,0.6486,0.812
Dataset_2,Right,ResNet (AutoEncoder),633,17,48,4,6,0.8667,0.7391,0.9231,0.7727,0.954
Dataset_2,Right,ResNet (AutoEncoder),634,11,54,5,5,0.8667,0.6875,0.9153,0.6875,0.8422
Dataset_2,Right,ResNet (AutoEncoder),635,21,47,4,3,0.9067,0.875,0.9216,0.8571,0.9542
Dataset_2,Right,ResNet (AutoEncoder),636,9,54,5,7,0.84,0.5625,0.9153,0.6,0.8559
Dataset_2,Right,ResNet (AutoEncoder),637,13,49,6,7,0.8267,0.65,0.8909,0.6667,0.9018
Dataset_2,Right,ResNet (AutoEncoder),638,18,50,6,1,0.9067,0.9474,0.8929,0.8372,0.9314
Dataset_2,Right,ResNet (AutoEncoder),639,16,49,5,5,0.8667,0.7619,0.9074,0.7619,0.9224
Dataset_2,Right,ResNet (AutoEncoder),640,15,44,7,9,0.7867,0.625,0.8627,0.6522,0.7966
Dataset_2,Right,ResNet (AutoEncoder),641,16,46,5,8,0.8267,0.6667,0.902,0.7111,0.8701
Dataset_2,Right,ResNet (AutoEncoder),642,13,49,8,5,0.8267,0.7222,0.8596,0.6667,0.8187
Dataset_2,Right,ResNet (AutoEncoder),643,16,50,5,4,0.88,0.8,0.9091,0.7805,0.9173
Dataset_2,Right,ResNet (AutoEncoder),644,14,46,12,3,0.8,0.8235,0.7931,0.6512,0.8753
Dataset_2,Right,ResNet (AutoEncoder),645,15,51,5,4,0.88,0.7895,0.9107,0.7692,0.8365
Dataset_2,Right,ResNet (AutoEncoder),646,24,39,4,8,0.84,0.75,0.907,0.8,0.8619
Dataset_2,Right,ResNet (AutoEncoder),647,20,48,5,2,0.9067,0.9091,0.9057,0.8511,0.9485
Dataset_2,Right,ResNet (AutoEncoder),648,14,52,2,7,0.88,0.6667,0.963,0.7568,0.9321
Dataset_2,Right,ResNet (AutoEncoder),649,19,45,7,4,0.8533,0.8261,0.8654,0.7755,0.8763
Dataset_2,Right,ResNet (AutoEncoder),650,24,46,2,3,0.9333,0.8889,0.9583,0.9057,0.9406
Dataset_2,Right,ResNet (AutoEncoder),651,14,52,6,3,0.88,0.8235,0.8966,0.7568,0.9067
Dataset_2,Right,ResNet (AutoEncoder),652,11,57,5,2,0.9067,0.8462,0.9194,0.7586,0.9231
Dataset_2,Right,ResNet (AutoEncoder),653,14,44,14,3,0.7733,0.8235,0.7586,0.6222,0.8347
Dataset_2,Right,ResNet (AutoEncoder),654,14,50,5,6,0.8533,0.7,0.9091,0.7179,0.8509
Dataset_2,Right,ResNet (AutoEncoder),655,13,50,8,4,0.84,0.7647,0.8621,0.6842,0.8692
Dataset_2,Right,ResNet (AutoEncoder),656,10,49,8,8,0.7867,0.5556,0.8596,0.5556,0.8509
Dataset_2,Right,ResNet (AutoEncoder),657,13,54,4,4,0.8933,0.7647,0.931,0.7647,0.857
Dataset_2,Right,ResNet (AutoEncoder),658,16,48,7,4,0.8533,0.8,0.8727,0.7442,0.9027
Dataset_2,Right,ResNet (AutoEncoder),659,19,50,3,3,0.92,0.8636,0.9434,0.8636,0.9528
Dataset_2,Right,ResNet (AutoEncoder),660,20,48,4,3,0.9067,0.8696,0.9231,0.8511,0.9105
Dataset_2,Right,ResNet (AutoEncoder),661,10,48,9,8,0.7733,0.5556,0.8421,0.5405,0.7193
Dataset_2,Right,ResNet (AutoEncoder),662,13,52,5,5,0.8667,0.7222,0.9123,0.7222,0.846
Dataset_2,Right,ResNet (AutoEncoder),663,12,57,3,3,0.92,0.8,0.95,0.8,0.9067
Dataset_2,Right,ResNet (AutoEncoder),664,10,58,3,4,0.9067,0.7143,0.9508,0.7407,0.9719
Dataset_2,Right,ResNet (AutoEncoder),665,15,46,9,5,0.8133,0.75,0.8364,0.6818,0.8582
Dataset_2,Right,ResNet (AutoEncoder),666,17,50,6,2,0.8933,0.8947,0.8929,0.8095,0.8966
Dataset_2,Right,ResNet (AutoEncoder),667,18,46,8,3,0.8533,0.8571,0.8519,0.766,0.9109
Dataset_2,Right,ResNet (AutoEncoder),668,15,53,4,3,0.9067,0.8333,0.9298,0.8108,0.8577
Dataset_2,Right,ResNet (AutoEncoder),669,14,50,7,4,0.8533,0.7778,0.8772,0.7179,0.8363
Dataset_2,Right,ResNet (AutoEncoder),670,15,53,2,5,0.9067,0.75,0.9636,0.8108,0.9173
Dataset_2,Right,ResNet (AutoEncoder),671,15,47,9,4,0.8267,0.7895,0.8393,0.6977,0.8318
Dataset_2,Right,ResNet (AutoEncoder),672,17,48,2,8,0.8667,0.68,0.96,0.7727,0.8232
Dataset_2,Right,ResNet (AutoEncoder),673,13,54,4,4,0.8933,0.7647,0.931,0.7647,0.9371
Dataset_2,Right,ResNet (AutoEncoder),674,9,49,11,6,0.7733,0.6,0.8167,0.5143,0.7767
Dataset_2,Right,ResNet (AutoEncoder),675,16,50,6,3,0.88,0.8421,0.8929,0.7805,0.9192
Dataset_2,Right,ResNet (AutoEncoder),676,19,47,6,3,0.88,0.8636,0.8868,0.8085,0.9099
Dataset_2,Right,ResNet (AutoEncoder),677,17,51,4,3,0.9067,0.85,0.9273,0.8293,0.9527
Dataset_2,Right,ResNet (AutoEncoder),678,7,58,5,5,0.8667,0.5833,0.9206,0.5833,0.7302
Dataset_2,Right,ResNet (AutoEncoder),679,17,51,4,3,0.9067,0.85,0.9273,0.8293,0.9264
Dataset_2,Right,ResNet (AutoEncoder),680,16,46,7,6,0.8267,0.7273,0.8679,0.7111,0.8774
Dataset_2,Right,ResNet (AutoEncoder),681,10,54,6,5,0.8533,0.6667,0.9,0.6452,0.8667
Dataset_2,Right,ResNet (AutoEncoder),682,8,56,6,5,0.8533,0.6154,0.9032,0.5926,0.7618
Dataset_2,Right,ResNet (AutoEncoder),683,18,49,4,4,0.8933,0.8182,0.9245,0.8182,0.9211
Dataset_2,Right,ResNet (AutoEncoder),684,14,47,7,7,0.8133,0.6667,0.8704,0.6667,0.888
Dataset_2,Right,ResNet (AutoEncoder),685,11,57,4,3,0.9067,0.7857,0.9344,0.7586,0.8993
Dataset_2,Right,ResNet (AutoEncoder),686,15,49,7,4,0.8533,0.7895,0.875,0.7317,0.9088
Dataset_2,Right,ResNet (AutoEncoder),687,14,50,6,5,0.8533,0.7368,0.8929,0.7179,0.8703
Dataset_2,Right,ResNet (AutoEncoder),688,16,49,3,7,0.8667,0.6957,0.9423,0.7619,0.903
Dataset_2,Right,ResNet (AutoEncoder),689,19,46,6,4,0.8667,0.8261,0.8846,0.7917,0.8855
Dataset_2,Right,ResNet (AutoEncoder),690,10,51,8,6,0.8133,0.625,0.8644,0.5882,0.8252
Dataset_2,Right,ResNet (AutoEncoder),691,7,50,10,8,0.76,0.4667,0.8333,0.4375,0.8189
Dataset_2,Right,ResNet (AutoEncoder),692,13,44,12,6,0.76,0.6842,0.7857,0.5909,0.8148
Dataset_2,Right,ResNet (AutoEncoder),693,16,50,5,4,0.88,0.8,0.9091,0.7805,0.8873
Dataset_2,Right,ResNet (AutoEncoder),694,17,45,3,10,0.8267,0.6296,0.9375,0.7234,0.865
Dataset_2,Right,ResNet (AutoEncoder),695,12,53,4,6,0.8667,0.6667,0.9298,0.7059,0.8694
Dataset_2,Right,ResNet (AutoEncoder),696,13,49,8,5,0.8267,0.7222,0.8596,0.6667,0.9035
Dataset_2,Right,ResNet (AutoEncoder),697,12,48,8,7,0.8,0.6316,0.8571,0.6154,0.8346
Dataset_2,Right,ResNet (AutoEncoder),698,20,41,10,4,0.8133,0.8333,0.8039,0.7407,0.8366
Dataset_2,Right,ResNet (AutoEncoder),699,18,47,4,6,0.8667,0.75,0.9216,0.7826,0.8194
Dataset_2,Right,ResNet (AutoEncoder),700,14,49,6,6,0.84,0.7,0.8909,0.7,0.9418
Dataset_2,Right,ResNet (AutoEncoder),701,18,48,2,7,0.88,0.72,0.96,0.8,0.9296
Dataset_2,Right,ResNet (AutoEncoder),702,16,53,4,2,0.92,0.8889,0.9298,0.8421,0.9639
Dataset_2,Right,ResNet (AutoEncoder),703,12,51,3,9,0.84,0.5714,0.9444,0.6667,0.8263
Dataset_2,Right,ResNet (AutoEncoder),704,11,54,6,4,0.8667,0.7333,0.9,0.6875,0.8933
Dataset_2,Right,ResNet (AutoEncoder),705,13,55,5,2,0.9067,0.8667,0.9167,0.7879,0.94
Dataset_2,Right,ResNet (AutoEncoder),706,21,47,4,3,0.9067,0.875,0.9216,0.8571,0.8791
Dataset_2,Right,ResNet (AutoEncoder),707,16,47,7,5,0.84,0.7619,0.8704,0.7273,0.866
Dataset_2,Right,ResNet (AutoEncoder),708,22,44,4,5,0.88,0.8148,0.9167,0.8302,0.9506
Dataset_2,Right,ResNet (AutoEncoder),709,17,43,8,7,0.8,0.7083,0.8431,0.6939,0.8595
Dataset_2,Right,ResNet (AutoEncoder),710,20,41,12,2,0.8133,0.9091,0.7736,0.7407,0.8353
Dataset_2,Right,ResNet (AutoEncoder),711,20,42,9,4,0.8267,0.8333,0.8235,0.7547,0.8693
Dataset_2,Right,ResNet (AutoEncoder),712,20,49,2,4,0.92,0.8333,0.9608,0.8696,0.9739
Dataset_2,Right,ResNet (AutoEncoder),713,11,54,7,3,0.8667,0.7857,0.8852,0.6875,0.8326
Dataset_2,Right,ResNet (AutoEncoder),714,14,51,3,7,0.8667,0.6667,0.9444,0.7368,0.858
Dataset_2,Right,ResNet (AutoEncoder),715,13,49,7,6,0.8267,0.6842,0.875,0.6667,0.8383
Dataset_2,Right,ResNet (AutoEncoder),716,21,45,7,2,0.88,0.913,0.8654,0.8235,0.8946
Dataset_2,Right,ResNet (AutoEncoder),717,13,50,7,5,0.84,0.7222,0.8772,0.6842,0.8353
Dataset_2,Right,ResNet (AutoEncoder),718,19,41,11,4,0.8,0.8261,0.7885,0.717,0.8361
Dataset_2,Right,ResNet (AutoEncoder),719,11,53,2,9,0.8533,0.55,0.9636,0.6667,0.8691
Dataset_2,Right,ResNet (AutoEncoder),720,13,49,3,10,0.8267,0.5652,0.9423,0.6667,0.857
Dataset_2,Right,ResNet (AutoEncoder),721,19,49,3,4,0.9067,0.8261,0.9423,0.8444,0.9557
Dataset_2,Right,ResNet (AutoEncoder),722,16,45,5,9,0.8133,0.64,0.9,0.6957,0.8752
Dataset_2,Right,ResNet (AutoEncoder),723,17,44,10,4,0.8133,0.8095,0.8148,0.7083,0.8483
Dataset_2,Right,ResNet (AutoEncoder),724,16,49,4,6,0.8667,0.7273,0.9245,0.7619,0.8491
Dataset_2,Right,ResNet (AutoEncoder),725,12,52,8,3,0.8533,0.8,0.8667,0.6857,0.8322
Dataset_2,Right,ResNet (AutoEncoder),726,15,52,6,2,0.8933,0.8824,0.8966,0.7895,0.9422
Dataset_2,Right,ResNet (AutoEncoder),727,19,37,11,8,0.7467,0.7037,0.7708,0.6667,0.7847
Dataset_2,Right,ResNet (AutoEncoder),728,14,51,6,4,0.8667,0.7778,0.8947,0.7368,0.8704
Dataset_2,Right,ResNet (AutoEncoder),729,12,51,7,5,0.84,0.7059,0.8793,0.6667,0.9016
Dataset_2,Right,ResNet (AutoEncoder),730,19,45,6,5,0.8533,0.7917,0.8824,0.7755,0.8407
Dataset_2,Right,ResNet (AutoEncoder),731,15,52,3,5,0.8933,0.75,0.9455,0.7895,0.9336
Dataset_2,Right,ResNet (AutoEncoder),732,11,49,8,7,0.8,0.6111,0.8596,0.5946,0.732
Dataset_2,Right,ResNet (AutoEncoder),733,17,51,4,3,0.9067,0.85,0.9273,0.8293,0.8673
Dataset_2,Right,ResNet (AutoEncoder),734,15,42,14,4,0.76,0.7895,0.75,0.625,0.7773
Dataset_2,Right,ResNet (AutoEncoder),735,10,51,9,5,0.8133,0.6667,0.85,0.5882,0.8756
Dataset_2,Right,ResNet (AutoEncoder),736,17,48,7,3,0.8667,0.85,0.8727,0.7727,0.9191
Dataset_2,Right,ResNet (AutoEncoder),737,21,42,8,4,0.84,0.84,0.84,0.7778,0.8568
Dataset_2,Right,ResNet (AutoEncoder),738,9,58,4,4,0.8933,0.6923,0.9355,0.6923,0.7506
Dataset_2,Right,ResNet (AutoEncoder),739,14,47,9,5,0.8133,0.7368,0.8393,0.6667,0.8741
Dataset_2,Right,ResNet (AutoEncoder),740,15,47,5,8,0.8267,0.6522,0.9038,0.6977,0.796
Dataset_2,Right,ResNet (AutoEncoder),741,17,46,8,4,0.84,0.8095,0.8519,0.7391,0.9056
Dataset_2,Right,ResNet (AutoEncoder),742,13,47,6,9,0.8,0.5909,0.8868,0.6341,0.831
Dataset_2,Right,ResNet (AutoEncoder),743,17,46,6,6,0.84,0.7391,0.8846,0.7391,0.8704
Dataset_2,Right,ResNet (AutoEncoder),744,14,51,4,6,0.8667,0.7,0.9273,0.7368,0.8518
Dataset_2,Right,ResNet (AutoEncoder),745,17,43,8,7,0.8,0.7083,0.8431,0.6939,0.8227
Dataset_2,Right,ResNet (AutoEncoder),746,14,53,6,2,0.8933,0.875,0.8983,0.7778,0.9439
Dataset_2,Right,ResNet (AutoEncoder),747,14,51,4,6,0.8667,0.7,0.9273,0.7368,0.8955
Dataset_2,Right,ResNet (AutoEncoder),748,15,47,8,5,0.8267,0.75,0.8545,0.6977,0.8373
Dataset_2,Right,ResNet (AutoEncoder),749,19,49,5,2,0.9067,0.9048,0.9074,0.8444,0.925
Dataset_2,Right,ResNet (AutoEncoder),750,20,45,4,6,0.8667,0.7692,0.9184,0.8,0.8383
Dataset_2,Right,ResNet (AutoEncoder),751,19,41,5,10,0.8,0.6552,0.8913,0.717,0.8546
Dataset_2,Right,ResNet (AutoEncoder),752,15,50,2,8,0.8667,0.6522,0.9615,0.75,0.9365
Dataset_2,Right,ResNet (AutoEncoder),753,15,50,7,3,0.8667,0.8333,0.8772,0.75,0.8499
Dataset_2,Right,ResNet (AutoEncoder),754,18,45,7,5,0.84,0.7826,0.8654,0.75,0.8227
Dataset_2,Right,ResNet (AutoEncoder),755,15,53,2,5,0.9067,0.75,0.9636,0.8108,0.94
Dataset_2,Right,ResNet (AutoEncoder),756,19,48,4,4,0.8933,0.8261,0.9231,0.8261,0.9089
Dataset_2,Right,ResNet (AutoEncoder),757,16,48,9,2,0.8533,0.8889,0.8421,0.7442,0.923
Dataset_2,Right,ResNet (AutoEncoder),758,15,51,3,6,0.88,0.7143,0.9444,0.7692,0.933
Dataset_2,Right,ResNet (AutoEncoder),759,22,44,6,3,0.88,0.88,0.88,0.8302,0.912
Dataset_2,Right,ResNet (AutoEncoder),760,20,45,7,3,0.8667,0.8696,0.8654,0.8,0.8771
Dataset_2,Right,ResNet (AutoEncoder),761,11,52,4,8,0.84,0.5789,0.9286,0.6471,0.891
Dataset_2,Right,ResNet (AutoEncoder),762,8,55,5,7,0.84,0.5333,0.9167,0.5714,0.7656
Dataset_2,Right,ResNet (AutoEncoder),763,16,48,7,4,0.8533,0.8,0.8727,0.7442,0.88
Dataset_2,Right,ResNet (AutoEncoder),764,14,48,4,9,0.8267,0.6087,0.9231,0.6829,0.8562
Dataset_2,Right,ResNet (AutoEncoder),765,12,57,3,3,0.92,0.8,0.95,0.8,0.9178
Dataset_2,Right,ResNet (AutoEncoder),766,15,47,6,7,0.8267,0.6818,0.8868,0.6977,0.7967
Dataset_2,Right,ResNet (AutoEncoder),767,14,49,7,5,0.84,0.7368,0.875,0.7,0.89
Dataset_2,Right,ResNet (AutoEncoder),768,13,47,8,7,0.8,0.65,0.8545,0.6341,0.8236
Dataset_2,Right,ResNet (AutoEncoder),769,16,53,2,4,0.92,0.8,0.9636,0.8421,0.9636
Dataset_2,Right,ResNet (AutoEncoder),770,18,48,5,4,0.88,0.8182,0.9057,0.8,0.9151
Dataset_2,Right,ResNet (AutoEncoder),771,17,46,8,4,0.84,0.8095,0.8519,0.7391,0.8369
Dataset_2,Right,ResNet (AutoEncoder),772,13,46,11,5,0.7867,0.7222,0.807,0.619,0.8285
Dataset_2,Right,ResNet (AutoEncoder),773,15,46,7,7,0.8133,0.6818,0.8679,0.6818,0.8345
Dataset_2,Right,ResNet (AutoEncoder),774,13,46,8,8,0.7867,0.619,0.8519,0.619,0.7663
Dataset_2,Right,ResNet (AutoEncoder),775,16,51,6,2,0.8933,0.8889,0.8947,0.8,0.8967
Dataset_2,Right,ResNet (AutoEncoder),776,17,50,3,5,0.8933,0.7727,0.9434,0.8095,0.94
Dataset_2,Right,ResNet (AutoEncoder),777,11,56,5,3,0.8933,0.7857,0.918,0.7333,0.9052
Dataset_2,Right,ResNet (AutoEncoder),778,8,53,8,6,0.8133,0.5714,0.8689,0.5333,0.774
Dataset_2,Right,ResNet (AutoEncoder),779,21,43,3,8,0.8533,0.7241,0.9348,0.7925,0.8973
Dataset_2,Right,ResNet (AutoEncoder),780,9,56,4,6,0.8667,0.6,0.9333,0.6429,0.8789
Dataset_2,Right,ResNet (AutoEncoder),781,21,41,10,3,0.8267,0.875,0.8039,0.7636,0.8529
Dataset_2,Right,ResNet (AutoEncoder),782,11,56,5,3,0.8933,0.7857,0.918,0.7333,0.9087
Dataset_2,Right,ResNet (AutoEncoder),783,17,41,11,6,0.7733,0.7391,0.7885,0.6667,0.8144
Dataset_2,Right,ResNet (AutoEncoder),784,14,44,9,8,0.7733,0.6364,0.8302,0.6222,0.8113
Dataset_2,Right,ResNet (AutoEncoder),785,17,49,2,7,0.88,0.7083,0.9608,0.7907,0.857
Dataset_2,Right,ResNet (AutoEncoder),786,14,53,5,3,0.8933,0.8235,0.9138,0.7778,0.931
Dataset_2,Right,ResNet (AutoEncoder),787,12,45,11,7,0.76,0.6316,0.8036,0.5714,0.7481
Dataset_2,Right,ResNet (AutoEncoder),788,19,48,5,3,0.8933,0.8636,0.9057,0.8261,0.9254
Dataset_2,Right,ResNet (AutoEncoder),789,15,55,3,2,0.9333,0.8824,0.9483,0.8571,0.9635
Dataset_2,Right,ResNet (AutoEncoder),790,19,44,7,5,0.84,0.7917,0.8627,0.76,0.8717
Dataset_2,Right,ResNet (AutoEncoder),791,20,46,5,4,0.88,0.8333,0.902,0.8163,0.933
Dataset_2,Right,ResNet (AutoEncoder),792,16,49,9,1,0.8667,0.9412,0.8448,0.7619,0.928
Dataset_2,Right,ResNet (AutoEncoder),793,16,44,8,7,0.8,0.6957,0.8462,0.6809,0.8336
Dataset_2,Right,ResNet (AutoEncoder),794,16,43,9,7,0.7867,0.6957,0.8269,0.6667,0.7734
Dataset_2,Right,ResNet (AutoEncoder),795,16,48,5,6,0.8533,0.7273,0.9057,0.7442,0.8877
Dataset_2,Right,ResNet (AutoEncoder),796,17,47,6,5,0.8533,0.7727,0.8868,0.7556,0.8585
Dataset_2,Right,ResNet (AutoEncoder),797,16,52,4,3,0.9067,0.8421,0.9286,0.8205,0.9173
Dataset_2,Right,ResNet (AutoEncoder),798,16,50,2,7,0.88,0.6957,0.9615,0.7805,0.9557
Dataset_2,Right,ResNet (AutoEncoder),799,14,47,10,4,0.8133,0.7778,0.8246,0.6667,0.8363
Dataset_2,Right,ResNet (AutoEncoder),800,14,51,6,4,0.8667,0.7778,0.8947,0.7368,0.8879
Dataset_2,Right,ResNet (AutoEncoder),801,16,54,4,1,0.9333,0.9412,0.931,0.8649,0.9604
Dataset_2,Right,ResNet (AutoEncoder),802,16,48,7,4,0.8533,0.8,0.8727,0.7442,0.8455
Dataset_2,Right,ResNet (AutoEncoder),803,17,49,6,3,0.88,0.85,0.8909,0.7907,0.8927
Dataset_2,Right,ResNet (AutoEncoder),804,15,48,9,3,0.84,0.8333,0.8421,0.7143,0.8441
Dataset_2,Right,ResNet (AutoEncoder),805,16,50,7,2,0.88,0.8889,0.8772,0.7805,0.9337
Dataset_2,Right,ResNet (AutoEncoder),806,16,50,6,3,0.88,0.8421,0.8929,0.7805,0.8919
Dataset_2,Right,ResNet (AutoEncoder),807,20,43,5,7,0.84,0.7407,0.8958,0.7692,0.8935
Dataset_2,Right,ResNet (AutoEncoder),808,20,44,9,2,0.8533,0.9091,0.8302,0.7843,0.8499
Dataset_2,Right,ResNet (AutoEncoder),809,18,41,9,7,0.7867,0.72,0.82,0.6923,0.8496
Dataset_2,Right,ResNet (AutoEncoder),810,11,49,10,5,0.8,0.6875,0.8305,0.5946,0.8612
Dataset_2,Right,ResNet (AutoEncoder),811,17,44,8,6,0.8133,0.7391,0.8462,0.7083,0.8729
Dataset_2,Right,ResNet (AutoEncoder),812,14,49,9,3,0.84,0.8235,0.8448,0.7,0.8154
Dataset_2,Right,ResNet (AutoEncoder),813,15,51,4,5,0.88,0.75,0.9273,0.7692,0.8345
Dataset_2,Right,ResNet (AutoEncoder),814,14,47,6,8,0.8133,0.6364,0.8868,0.6667,0.7633
Dataset_2,Right,ResNet (AutoEncoder),815,19,43,5,8,0.8267,0.7037,0.8958,0.7451,0.8974
Dataset_2,Right,ResNet (AutoEncoder),816,13,51,6,5,0.8533,0.7222,0.8947,0.7027,0.884
Dataset_2,Right,ResNet (AutoEncoder),817,18,46,4,7,0.8533,0.72,0.92,0.766,0.8952
Dataset_2,Right,ResNet (AutoEncoder),818,13,51,6,5,0.8533,0.7222,0.8947,0.7027,0.8324
Dataset_2,Right,ResNet (AutoEncoder),819,18,47,4,6,0.8667,0.75,0.9216,0.7826,0.8431
Dataset_2,Right,ResNet (AutoEncoder),820,17,43,9,6,0.8,0.7391,0.8269,0.6939,0.7843
Dataset_2,Right,ResNet (AutoEncoder),821,19,40,9,7,0.7867,0.7308,0.8163,0.7037,0.865
Dataset_2,Right,ResNet (AutoEncoder),822,12,50,6,7,0.8267,0.6316,0.8929,0.6486,0.8656
Dataset_2,Right,ResNet (AutoEncoder),823,13,50,6,6,0.84,0.6842,0.8929,0.6842,0.8036
Dataset_2,Right,ResNet (AutoEncoder),824,16,52,3,4,0.9067,0.8,0.9455,0.8205,0.8982
Dataset_2,Right,ResNet (AutoEncoder),825,19,47,3,6,0.88,0.76,0.94,0.8085,0.924
Dataset_2,Right,ResNet (AutoEncoder),826,17,49,5,4,0.88,0.8095,0.9074,0.7907,0.9409
Dataset_2,Right,ResNet (AutoEncoder),827,9,57,6,3,0.88,0.75,0.9048,0.6667,0.9021
Dataset_2,Right,ResNet (AutoEncoder),828,16,44,8,7,0.8,0.6957,0.8462,0.6809,0.8445
Dataset_2,Right,ResNet (AutoEncoder),829,9,56,7,3,0.8667,0.75,0.8889,0.6429,0.832
Dataset_2,Right,ResNet (AutoEncoder),830,14,49,4,8,0.84,0.6364,0.9245,0.7,0.8628
Dataset_2,Right,ResNet (AutoEncoder),831,10,46,11,8,0.7467,0.5556,0.807,0.5128,0.8207
Dataset_2,Right,ResNet (AutoEncoder),832,12,53,7,3,0.8667,0.8,0.8833,0.7059,0.8644
Dataset_2,Right,ResNet (AutoEncoder),833,12,54,8,1,0.88,0.9231,0.871,0.7273,0.8548
Dataset_2,Right,ResNet (AutoEncoder),834,21,48,3,3,0.92,0.875,0.9412,0.875,0.9134
Dataset_2,Right,ResNet (AutoEncoder),835,13,55,4,3,0.9067,0.8125,0.9322,0.7879,0.9587
Dataset_2,Right,ResNet (AutoEncoder),836,14,48,7,6,0.8267,0.7,0.8727,0.6829,0.8482
Dataset_2,Right,ResNet (AutoEncoder),837,15,53,3,4,0.9067,0.7895,0.9464,0.8108,0.8628
Dataset_2,Right,ResNet (AutoEncoder),838,22,43,4,6,0.8667,0.7857,0.9149,0.8148,0.8556
Dataset_2,Right,ResNet (AutoEncoder),839,17,47,5,6,0.8533,0.7391,0.9038,0.7556,0.8687
Dataset_2,Right,ResNet (AutoEncoder),840,11,58,1,5,0.92,0.6875,0.9831,0.7857,0.91
Dataset_2,Right,ResNet (AutoEncoder),841,15,46,8,6,0.8133,0.7143,0.8519,0.6818,0.8166
Dataset_2,Right,ResNet (AutoEncoder),842,14,51,4,6,0.8667,0.7,0.9273,0.7368,0.8973
Dataset_2,Right,ResNet (AutoEncoder),843,12,53,5,5,0.8667,0.7059,0.9138,0.7059,0.8458
Dataset_2,Right,ResNet (AutoEncoder),844,17,45,7,6,0.8267,0.7391,0.8654,0.7234,0.898
Dataset_2,Right,ResNet (AutoEncoder),845,13,51,4,7,0.8533,0.65,0.9273,0.7027,0.8709
Dataset_2,Right,ResNet (AutoEncoder),846,18,48,7,2,0.88,0.9,0.8727,0.8,0.8973
Dataset_2,Right,ResNet (AutoEncoder),847,20,46,5,4,0.88,0.8333,0.902,0.8163,0.9142
Dataset_2,Right,ResNet (AutoEncoder),848,15,46,7,7,0.8133,0.6818,0.8679,0.6818,0.8654
Dataset_2,Right,ResNet (AutoEncoder),849,20,46,5,4,0.88,0.8333,0.902,0.8163,0.9158
Dataset_2,Right,ResNet (AutoEncoder),850,13,52,4,6,0.8667,0.6842,0.9286,0.7222,0.8863
Dataset_2,Right,ResNet (AutoEncoder),851,21,45,3,6,0.88,0.7778,0.9375,0.8235,0.8927
Dataset_2,Right,ResNet (AutoEncoder),852,18,51,3,3,0.92,0.8571,0.9444,0.8571,0.9647
Dataset_2,Right,ResNet (AutoEncoder),853,14,42,10,9,0.7467,0.6087,0.8077,0.5957,0.7684
Dataset_2,Right,ResNet (AutoEncoder),854,12,48,9,6,0.8,0.6667,0.8421,0.6154,0.7924
Dataset_2,Right,ResNet (AutoEncoder),855,16,50,4,5,0.88,0.7619,0.9259,0.7805,0.866
Dataset_2,Right,ResNet (AutoEncoder),856,14,50,5,6,0.8533,0.7,0.9091,0.7179,0.8864
Dataset_2,Right,ResNet (AutoEncoder),857,14,42,8,11,0.7467,0.56,0.84,0.5957,0.7968
Dataset_2,Right,ResNet (AutoEncoder),858,12,45,10,8,0.76,0.6,0.8182,0.5714,0.8073
Dataset_2,Right,ResNet (AutoEncoder),859,10,51,5,9,0.8133,0.5263,0.9107,0.5882,0.8026
Dataset_2,Right,ResNet (AutoEncoder),860,17,43,13,2,0.8,0.8947,0.7679,0.6939,0.8618
Dataset_2,Right,ResNet (AutoEncoder),861,17,50,3,5,0.8933,0.7727,0.9434,0.8095,0.9237
Dataset_2,Right,ResNet (AutoEncoder),862,15,46,7,7,0.8133,0.6818,0.8679,0.6818,0.7856
Dataset_2,Right,ResNet (AutoEncoder),863,12,54,4,5,0.88,0.7059,0.931,0.7273,0.8002
Dataset_2,Right,ResNet (AutoEncoder),864,17,49,5,4,0.88,0.8095,0.9074,0.7907,0.9127
Dataset_2,Right,ResNet (AutoEncoder),865,15,53,3,4,0.9067,0.7895,0.9464,0.8108,0.9032
Dataset_2,Right,ResNet (AutoEncoder),866,18,49,5,3,0.8933,0.8571,0.9074,0.8182,0.9004
Dataset_2,Right,ResNet (AutoEncoder),867,12,47,9,7,0.7867,0.6316,0.8393,0.6,0.8055
Dataset_2,Right,ResNet (AutoEncoder),868,9,57,7,2,0.88,0.8182,0.8906,0.6667,0.8509
Dataset_2,Right,ResNet (AutoEncoder),869,11,52,9,3,0.84,0.7857,0.8525,0.6471,0.9016
Dataset_2,Right,ResNet (AutoEncoder),870,11,50,8,6,0.8133,0.6471,0.8621,0.6111,0.8489
Dataset_2,Right,ResNet (AutoEncoder),871,15,44,13,3,0.7867,0.8333,0.7719,0.6522,0.8265
Dataset_2,Right,ResNet (AutoEncoder),872,14,47,6,8,0.8133,0.6364,0.8868,0.6667,0.8345
Dataset_2,Right,ResNet (AutoEncoder),873,12,53,4,6,0.8667,0.6667,0.9298,0.7059,0.8616
Dataset_2,Right,ResNet (AutoEncoder),874,16,44,10,5,0.8,0.7619,0.8148,0.6809,0.7813
Dataset_2,Right,ResNet (AutoEncoder),875,19,48,6,2,0.8933,0.9048,0.8889,0.8261,0.9444
Dataset_2,Right,ResNet (AutoEncoder),876,19,49,5,2,0.9067,0.9048,0.9074,0.8444,0.9374
Dataset_2,Right,ResNet (AutoEncoder),877,28,41,4,2,0.92,0.9333,0.9111,0.9032,0.9393
Dataset_2,Right,ResNet (AutoEncoder),878,18,44,8,5,0.8267,0.7826,0.8462,0.7347,0.8236
Dataset_2,Right,ResNet (AutoEncoder),879,14,52,6,3,0.88,0.8235,0.8966,0.7568,0.8834
Dataset_2,Right,ResNet (AutoEncoder),880,13,53,4,5,0.88,0.7222,0.9298,0.7429,0.8957
Dataset_2,Right,ResNet (AutoEncoder),881,14,53,7,1,0.8933,0.9333,0.8833,0.7778,0.9456
Dataset_2,Right,ResNet (AutoEncoder),882,15,46,6,8,0.8133,0.6522,0.8846,0.6818,0.8512
Dataset_2,Right,ResNet (AutoEncoder),883,12,51,4,8,0.84,0.6,0.9273,0.6667,0.88
Dataset_2,Right,ResNet (AutoEncoder),884,7,54,8,6,0.8133,0.5385,0.871,0.5,0.8859
Dataset_2,Right,ResNet (AutoEncoder),885,15,49,3,8,0.8533,0.6522,0.9423,0.7317,0.8612
Dataset_2,Right,ResNet (AutoEncoder),886,22,44,6,3,0.88,0.88,0.88,0.8302,0.9088
Dataset_2,Right,ResNet (AutoEncoder),887,10,52,5,8,0.8267,0.5556,0.9123,0.6061,0.7943
Dataset_2,Right,ResNet (AutoEncoder),888,19,42,6,8,0.8133,0.7037,0.875,0.7308,0.8079
Dataset_2,Right,ResNet (AutoEncoder),889,15,48,4,8,0.84,0.6522,0.9231,0.7143,0.8478
Dataset_2,Right,ResNet (AutoEncoder),890,15,54,3,3,0.92,0.8333,0.9474,0.8333,0.9016
Dataset_2,Right,ResNet (AutoEncoder),891,17,48,6,4,0.8667,0.8095,0.8889,0.7727,0.8748
Dataset_2,Right,ResNet (AutoEncoder),892,15,50,4,6,0.8667,0.7143,0.9259,0.75,0.8466
Dataset_2,Right,ResNet (AutoEncoder),893,13,49,5,8,0.8267,0.619,0.9074,0.6667,0.7778
Dataset_2,Right,ResNet (AutoEncoder),894,15,55,2,3,0.9333,0.8333,0.9649,0.8571,0.9503
Dataset_2,Right,ResNet (AutoEncoder),895,17,48,8,2,0.8667,0.8947,0.8571,0.7727,0.8534
Dataset_2,Right,ResNet (AutoEncoder),896,19,45,6,5,0.8533,0.7917,0.8824,0.7755,0.9109
Dataset_2,Right,ResNet (AutoEncoder),897,20,51,2,2,0.9467,0.9091,0.9623,0.9091,0.9674
Dataset_2,Right,ResNet (AutoEncoder),898,10,59,3,3,0.92,0.7692,0.9516,0.7692,0.8809
Dataset_2,Right,ResNet (AutoEncoder),899,19,47,5,4,0.88,0.8261,0.9038,0.8085,0.8746
Dataset_2,Right,ResNet (AutoEncoder),900,21,43,5,6,0.8533,0.7778,0.8958,0.7925,0.9221
Dataset_2,Right,ResNet (AutoEncoder),901,10,57,3,5,0.8933,0.6667,0.95,0.7143,0.8322
Dataset_2,Right,ResNet (AutoEncoder),902,17,52,5,1,0.92,0.9444,0.9123,0.85,0.9386
Dataset_2,Right,ResNet (AutoEncoder),903,10,56,6,3,0.88,0.7692,0.9032,0.6897,0.8499
Dataset_2,Right,ResNet (AutoEncoder),904,19,51,4,1,0.9333,0.95,0.9273,0.8837,0.9664
Dataset_2,Right,ResNet (AutoEncoder),905,19,50,0,6,0.92,0.76,1.0,0.8636,0.9472
Dataset_2,Right,ResNet (AutoEncoder),906,19,45,6,5,0.8533,0.7917,0.8824,0.7755,0.8856
Dataset_2,Right,ResNet (AutoEncoder),907,18,46,1,10,0.8533,0.6429,0.9787,0.766,0.8921
Dataset_2,Right,ResNet (AutoEncoder),908,17,46,5,7,0.84,0.7083,0.902,0.7391,0.8366
Dataset_2,Right,ResNet (AutoEncoder),909,14,48,9,4,0.8267,0.7778,0.8421,0.6829,0.8645
Dataset_2,Right,ResNet (AutoEncoder),910,14,56,4,1,0.9333,0.9333,0.9333,0.8485,0.9311
Dataset_2,Right,ResNet (AutoEncoder),911,11,51,9,4,0.8267,0.7333,0.85,0.6286,0.7567
Dataset_2,Right,ResNet (AutoEncoder),912,18,46,7,4,0.8533,0.8182,0.8679,0.766,0.8268
Dataset_2,Right,ResNet (AutoEncoder),913,18,50,4,3,0.9067,0.8571,0.9259,0.8372,0.918
Dataset_2,Right,ResNet (AutoEncoder),914,13,51,3,8,0.8533,0.619,0.9444,0.7027,0.9453
Dataset_2,Right,ResNet (AutoEncoder),915,14,48,5,8,0.8267,0.6364,0.9057,0.6829,0.8293
Dataset_2,Right,ResNet (AutoEncoder),916,14,54,4,3,0.9067,0.8235,0.931,0.8,0.9412
Dataset_2,Right,ResNet (AutoEncoder),917,14,45,11,5,0.7867,0.7368,0.8036,0.6364,0.7519
Dataset_2,Right,ResNet (AutoEncoder),918,22,46,6,1,0.9067,0.9565,0.8846,0.8627,0.9222
Dataset_2,Right,ResNet (AutoEncoder),919,12,56,5,2,0.9067,0.8571,0.918,0.7742,0.9169
Dataset_2,Right,ResNet (AutoEncoder),920,14,48,5,8,0.8267,0.6364,0.9057,0.6829,0.8988
Dataset_2,Right,ResNet (AutoEncoder),921,16,53,4,2,0.92,0.8889,0.9298,0.8421,0.923
Dataset_2,Right,ResNet (AutoEncoder),922,14,46,6,9,0.8,0.6087,0.8846,0.6512,0.806
Dataset_2,Right,ResNet (AutoEncoder),923,21,45,3,6,0.88,0.7778,0.9375,0.8235,0.8619
Dataset_2,Right,ResNet (AutoEncoder),924,14,49,6,6,0.84,0.7,0.8909,0.7,0.8218
Dataset_2,Right,ResNet (AutoEncoder),925,10,56,7,2,0.88,0.8333,0.8889,0.6897,0.9392
Dataset_2,Right,ResNet (AutoEncoder),926,21,46,5,3,0.8933,0.875,0.902,0.84,0.8864
Dataset_2,Right,ResNet (AutoEncoder),927,21,46,1,7,0.8933,0.75,0.9787,0.84,0.9369
Dataset_2,Right,ResNet (AutoEncoder),928,13,49,7,6,0.8267,0.6842,0.875,0.6667,0.7782
Dataset_2,Right,ResNet (AutoEncoder),929,15,52,5,3,0.8933,0.8333,0.9123,0.7895,0.8879
Dataset_2,Right,ResNet (AutoEncoder),930,20,45,7,3,0.8667,0.8696,0.8654,0.8,0.903
Dataset_2,Right,ResNet (AutoEncoder),931,14,46,9,6,0.8,0.7,0.8364,0.6512,0.8845
Dataset_2,Right,ResNet (AutoEncoder),932,20,49,3,3,0.92,0.8696,0.9423,0.8696,0.9431
Dataset_2,Right,ResNet (AutoEncoder),933,16,50,8,1,0.88,0.9412,0.8621,0.7805,0.9087
Dataset_2,Right,ResNet (AutoEncoder),934,14,49,9,3,0.84,0.8235,0.8448,0.7,0.8387
Dataset_2,Right,ResNet (AutoEncoder),935,19,45,5,6,0.8533,0.76,0.9,0.7755,0.9168
Dataset_2,Right,ResNet (AutoEncoder),936,13,43,13,6,0.7467,0.6842,0.7679,0.5778,0.7509
Dataset_2,Right,ResNet (AutoEncoder),937,18,42,8,7,0.8,0.72,0.84,0.7059,0.8104
Dataset_2,Right,ResNet (AutoEncoder),938,14,51,6,4,0.8667,0.7778,0.8947,0.7368,0.846
Dataset_2,Right,ResNet (AutoEncoder),939,17,49,3,6,0.88,0.7391,0.9423,0.7907,0.8955
Dataset_2,Right,ResNet (AutoEncoder),940,17,45,4,9,0.8267,0.6538,0.9184,0.7234,0.8281
Dataset_2,Right,ResNet (AutoEncoder),941,17,44,8,6,0.8133,0.7391,0.8462,0.7083,0.9105
Dataset_2,Right,ResNet (AutoEncoder),942,20,51,2,2,0.9467,0.9091,0.9623,0.9091,0.9331
Dataset_2,Right,ResNet (AutoEncoder),943,9,56,6,4,0.8667,0.6923,0.9032,0.6429,0.9032
Dataset_2,Right,ResNet (AutoEncoder),944,15,47,6,7,0.8267,0.6818,0.8868,0.6977,0.8825
Dataset_2,Right,ResNet (AutoEncoder),945,13,51,5,6,0.8533,0.6842,0.9107,0.7027,0.8816
Dataset_2,Right,ResNet (AutoEncoder),946,17,52,3,3,0.92,0.85,0.9455,0.85,0.9309
Dataset_2,Right,ResNet (AutoEncoder),947,12,51,8,4,0.84,0.75,0.8644,0.6667,0.8708
Dataset_2,Right,ResNet (AutoEncoder),948,20,45,5,5,0.8667,0.8,0.9,0.8,0.8624
Dataset_2,Right,ResNet (AutoEncoder),949,15,51,5,4,0.88,0.7895,0.9107,0.7692,0.9342
Dataset_2,Right,ResNet (AutoEncoder),950,11,50,7,7,0.8133,0.6111,0.8772,0.6111,0.8129
Dataset_2,Right,ResNet (AutoEncoder),951,14,49,6,6,0.84,0.7,0.8909,0.7,0.8545
Dataset_2,Right,ResNet (AutoEncoder),952,11,54,5,5,0.8667,0.6875,0.9153,0.6875,0.8655
Dataset_2,Right,ResNet (AutoEncoder),953,9,55,4,7,0.8533,0.5625,0.9322,0.6207,0.8305
Dataset_2,Right,ResNet (AutoEncoder),954,10,52,7,6,0.8267,0.625,0.8814,0.6061,0.8464
Dataset_2,Right,ResNet (AutoEncoder),955,13,49,7,6,0.8267,0.6842,0.875,0.6667,0.8327
Dataset_2,Right,ResNet (AutoEncoder),956,15,49,3,8,0.8533,0.6522,0.9423,0.7317,0.8052
Dataset_2,Right,ResNet (AutoEncoder),957,13,50,5,7,0.84,0.65,0.9091,0.6842,0.8818
Dataset_2,Right,ResNet (AutoEncoder),958,14,46,9,6,0.8,0.7,0.8364,0.6512,0.8436
Dataset_2,Right,ResNet (AutoEncoder),959,10,57,4,4,0.8933,0.7143,0.9344,0.7143,0.8782
Dataset_2,Right,ResNet (AutoEncoder),960,17,50,4,4,0.8933,0.8095,0.9259,0.8095,0.8677
Dataset_2,Right,ResNet (AutoEncoder),961,19,42,11,3,0.8133,0.8636,0.7925,0.7308,0.8851
Dataset_2,Right,ResNet (AutoEncoder),962,14,54,5,2,0.9067,0.875,0.9153,0.8,0.8877
Dataset_2,Right,ResNet (AutoEncoder),963,14,50,7,4,0.8533,0.7778,0.8772,0.7179,0.8733
Dataset_2,Right,ResNet (AutoEncoder),964,10,56,5,4,0.88,0.7143,0.918,0.6897,0.8888
Dataset_2,Right,ResNet (AutoEncoder),965,14,48,8,5,0.8267,0.7368,0.8571,0.6829,0.8148
Dataset_2,Right,ResNet (AutoEncoder),966,10,46,5,14,0.7467,0.4167,0.902,0.5128,0.7083
Dataset_2,Right,ResNet (AutoEncoder),967,13,47,8,7,0.8,0.65,0.8545,0.6341,0.7945
Dataset_2,Right,ResNet (AutoEncoder),968,18,45,7,5,0.84,0.7826,0.8654,0.75,0.8595
Dataset_2,Right,ResNet (AutoEncoder),969,11,48,10,6,0.7867,0.6471,0.8276,0.5789,0.8022
Dataset_2,Right,ResNet (AutoEncoder),970,24,39,5,7,0.84,0.7742,0.8864,0.8,0.8754
Dataset_2,Right,ResNet (AutoEncoder),971,16,49,6,4,0.8667,0.8,0.8909,0.7619,0.8309
Dataset_2,Right,ResNet (AutoEncoder),972,9,56,6,4,0.8667,0.6923,0.9032,0.6429,0.8548
Dataset_2,Right,ResNet (AutoEncoder),973,18,44,4,9,0.8267,0.6667,0.9167,0.7347,0.848
Dataset_2,Right,ResNet (AutoEncoder),974,10,53,8,4,0.84,0.7143,0.8689,0.625,0.8759
Dataset_2,Right,ResNet (AutoEncoder),975,17,49,8,1,0.88,0.9444,0.8596,0.7907,0.9045
Dataset_2,Right,ResNet (AutoEncoder),976,20,39,8,8,0.7867,0.7143,0.8298,0.7143,0.7971
Dataset_2,Right,ResNet (AutoEncoder),977,14,46,6,9,0.8,0.6087,0.8846,0.6512,0.811
Dataset_2,Right,ResNet (AutoEncoder),978,13,45,7,10,0.7733,0.5652,0.8654,0.6047,0.7977
Dataset_2,Right,ResNet (AutoEncoder),979,9,50,10,6,0.7867,0.6,0.8333,0.5294,0.6789
Dataset_2,Right,ResNet (AutoEncoder),980,20,49,3,3,0.92,0.8696,0.9423,0.8696,0.9599
Dataset_2,Right,ResNet (AutoEncoder),981,15,42,10,8,0.76,0.6522,0.8077,0.625,0.7483
Dataset_2,Right,ResNet (AutoEncoder),982,11,52,5,7,0.84,0.6111,0.9123,0.6471,0.8616
Dataset_2,Right,ResNet (AutoEncoder),983,15,47,8,5,0.8267,0.75,0.8545,0.6977,0.8336
Dataset_2,Right,ResNet (AutoEncoder),984,17,47,6,5,0.8533,0.7727,0.8868,0.7556,0.9039
Dataset_2,Right,ResNet (AutoEncoder),985,6,60,3,6,0.88,0.5,0.9524,0.5714,0.8201
Dataset_2,Right,ResNet (AutoEncoder),986,19,46,6,4,0.8667,0.8261,0.8846,0.7917,0.8503
Dataset_2,Right,ResNet (AutoEncoder),987,10,54,5,6,0.8533,0.625,0.9153,0.6452,0.8358
Dataset_2,Right,ResNet (AutoEncoder),988,21,45,4,5,0.88,0.8077,0.9184,0.8235,0.9262
Dataset_2,Right,ResNet (AutoEncoder),989,13,57,4,1,0.9333,0.9286,0.9344,0.8387,0.9649
Dataset_2,Right,ResNet (AutoEncoder),990,18,48,3,6,0.88,0.75,0.9412,0.8,0.9428
Dataset_2,Right,ResNet (AutoEncoder),991,12,53,7,3,0.8667,0.8,0.8833,0.7059,0.89
Dataset_2,Right,ResNet (AutoEncoder),992,17,41,9,8,0.7733,0.68,0.82,0.6667,0.8328
Dataset_2,Right,ResNet (AutoEncoder),993,19,49,5,2,0.9067,0.9048,0.9074,0.8444,0.9242
Dataset_2,Right,ResNet (AutoEncoder),994,13,48,12,2,0.8133,0.8667,0.8,0.65,0.8522
Dataset_2,Right,ResNet (AutoEncoder),995,18,48,5,4,0.88,0.8182,0.9057,0.8,0.8834
Dataset_2,Right,ResNet (AutoEncoder),996,13,49,9,4,0.8267,0.7647,0.8448,0.6667,0.8327
Dataset_2,Right,ResNet (AutoEncoder),997,17,51,6,1,0.9067,0.9444,0.8947,0.8293,0.9366
Dataset_2,Right,ResNet (AutoEncoder),998,19,47,6,3,0.88,0.8636,0.8868,0.8085,0.8791
Dataset_2,Right,ResNet (AutoEncoder),999,20,44,6,5,0.8533,0.8,0.88,0.7843,0.8728
Dataset_2,Right,ResNet (AutoEncoder),1000,17,47,7,4,0.8533,0.8095,0.8704,0.7556,0.8739
Dataset_2,Right,MobileNet,1,16,44,7,8,0.8,0.6667,0.8627,0.6809,0.8521
Dataset_2,Right,MobileNet,2,11,48,7,9,0.7867,0.55,0.8727,0.5789,0.8109
Dataset_2,Right,MobileNet,3,13,43,13,6,0.7467,0.6842,0.7679,0.5778,0.7726
Dataset_2,Right,MobileNet,4,17,45,8,5,0.8267,0.7727,0.8491,0.7234,0.8422
Dataset_2,Right,MobileNet,5,15,41,11,8,0.7467,0.6522,0.7885,0.6122,0.7676
Dataset_2,Right,MobileNet,6,10,50,8,7,0.8,0.5882,0.8621,0.5714,0.7475
Dataset_2,Right,MobileNet,7,12,52,9,2,0.8533,0.8571,0.8525,0.6857,0.8162
Dataset_2,Right,MobileNet,8,15,47,6,7,0.8267,0.6818,0.8868,0.6977,0.9091
Dataset_2,Right,MobileNet,9,12,48,8,7,0.8,0.6316,0.8571,0.6154,0.7321
Dataset_2,Right,MobileNet,10,14,50,1,10,0.8533,0.5833,0.9804,0.7179,0.8382
Dataset_2,Right,MobileNet,11,14,45,5,11,0.7867,0.56,0.9,0.6364,0.7872
Dataset_2,Right,MobileNet,12,12,47,9,7,0.7867,0.6316,0.8393,0.6,0.8628
Dataset_2,Right,MobileNet,13,11,45,12,7,0.7467,0.6111,0.7895,0.5366,0.6949
Dataset_2,Right,MobileNet,14,14,48,6,7,0.8267,0.6667,0.8889,0.6829,0.8325
Dataset_2,Right,MobileNet,15,14,47,9,5,0.8133,0.7368,0.8393,0.6667,0.859
Dataset_2,Right,MobileNet,16,10,53,9,3,0.84,0.7692,0.8548,0.625,0.8015
Dataset_2,Right,MobileNet,17,16,46,9,4,0.8267,0.8,0.8364,0.7111,0.8609
Dataset_2,Right,MobileNet,18,15,45,9,6,0.8,0.7143,0.8333,0.6667,0.8554
Dataset_2,Right,MobileNet,19,9,49,9,8,0.7733,0.5294,0.8448,0.5143,0.6673
Dataset_2,Right,MobileNet,20,24,37,8,6,0.8133,0.8,0.8222,0.7742,0.8119
Dataset_2,Right,MobileNet,21,13,46,7,9,0.7867,0.5909,0.8679,0.619,0.6758
Dataset_2,Right,MobileNet,22,10,49,10,6,0.7867,0.625,0.8305,0.5556,0.84
Dataset_2,Right,MobileNet,23,10,51,7,7,0.8133,0.5882,0.8793,0.5882,0.8438
Dataset_2,Right,MobileNet,24,17,49,6,3,0.88,0.85,0.8909,0.7907,0.8964
Dataset_2,Right,MobileNet,25,13,49,9,4,0.8267,0.7647,0.8448,0.6667,0.8367
Dataset_2,Right,MobileNet,26,15,46,11,3,0.8133,0.8333,0.807,0.6818,0.8294
Dataset_2,Right,MobileNet,27,12,46,9,8,0.7733,0.6,0.8364,0.5854,0.7064
Dataset_2,Right,MobileNet,28,17,45,9,4,0.8267,0.8095,0.8333,0.7234,0.8157
Dataset_2,Right,MobileNet,29,13,45,11,6,0.7733,0.6842,0.8036,0.6047,0.843
Dataset_2,Right,MobileNet,30,18,42,7,8,0.8,0.6923,0.8571,0.7059,0.8085
Dataset_2,Right,MobileNet,31,11,52,8,4,0.84,0.7333,0.8667,0.6471,0.8733
Dataset_2,Right,MobileNet,32,12,51,5,7,0.84,0.6316,0.9107,0.6667,0.8092
Dataset_2,Right,MobileNet,33,12,45,10,8,0.76,0.6,0.8182,0.5714,0.74
Dataset_2,Right,MobileNet,34,13,44,12,6,0.76,0.6842,0.7857,0.5909,0.7829
Dataset_2,Right,MobileNet,35,16,45,10,4,0.8133,0.8,0.8182,0.6957,0.8673
Dataset_2,Right,MobileNet,36,10,52,7,6,0.8267,0.625,0.8814,0.6061,0.7701
Dataset_2,Right,MobileNet,37,12,52,8,3,0.8533,0.8,0.8667,0.6857,0.8767
Dataset_2,Right,MobileNet,38,13,49,7,6,0.8267,0.6842,0.875,0.6667,0.7829
Dataset_2,Right,MobileNet,39,22,41,1,11,0.84,0.6667,0.9762,0.7857,0.8795
Dataset_2,Right,MobileNet,40,20,44,6,5,0.8533,0.8,0.88,0.7843,0.8856
Dataset_2,Right,MobileNet,41,10,48,14,3,0.7733,0.7692,0.7742,0.5405,0.8077
Dataset_2,Right,MobileNet,42,18,44,9,4,0.8267,0.8182,0.8302,0.7347,0.8156
Dataset_2,Right,MobileNet,43,13,45,10,7,0.7733,0.65,0.8182,0.6047,0.7818
Dataset_2,Right,MobileNet,44,9,51,13,2,0.8,0.8182,0.7969,0.5455,0.8622
Dataset_2,Right,MobileNet,45,14,49,7,5,0.84,0.7368,0.875,0.7,0.8167
Dataset_2,Right,MobileNet,46,11,52,3,9,0.84,0.55,0.9455,0.6471,0.7791
Dataset_2,Right,MobileNet,47,13,42,10,10,0.7333,0.5652,0.8077,0.5652,0.7651
Dataset_2,Right,MobileNet,48,16,41,9,9,0.76,0.64,0.82,0.64,0.7816
Dataset_2,Right,MobileNet,49,13,52,4,6,0.8667,0.6842,0.9286,0.7222,0.8506
Dataset_2,Right,MobileNet,50,14,53,3,5,0.8933,0.7368,0.9464,0.7778,0.8994
Dataset_2,Right,MobileNet,51,17,44,5,9,0.8133,0.6538,0.898,0.7083,0.8195
Dataset_2,Right,MobileNet,52,20,47,4,4,0.8933,0.8333,0.9216,0.8333,0.8971
Dataset_2,Right,MobileNet,53,12,49,10,4,0.8133,0.75,0.8305,0.6316,0.9131
Dataset_2,Right,MobileNet,54,15,46,7,7,0.8133,0.6818,0.8679,0.6818,0.8448
Dataset_2,Right,MobileNet,55,12,47,8,8,0.7867,0.6,0.8545,0.6,0.8091
Dataset_2,Right,MobileNet,56,23,39,5,8,0.8267,0.7419,0.8864,0.7797,0.8306
Dataset_2,Right,MobileNet,57,18,45,4,8,0.84,0.6923,0.9184,0.75,0.8344
Dataset_2,Right,MobileNet,58,14,48,6,7,0.8267,0.6667,0.8889,0.6829,0.903
Dataset_2,Right,MobileNet,59,18,46,7,4,0.8533,0.8182,0.8679,0.766,0.8911
Dataset_2,Right,MobileNet,60,15,47,8,5,0.8267,0.75,0.8545,0.6977,0.8909
Dataset_2,Right,MobileNet,61,20,39,9,7,0.7867,0.7407,0.8125,0.7143,0.8071
Dataset_2,Right,MobileNet,62,14,49,2,10,0.84,0.5833,0.9608,0.7,0.866
Dataset_2,Right,MobileNet,63,10,55,4,6,0.8667,0.625,0.9322,0.6667,0.785
Dataset_2,Right,MobileNet,64,13,49,5,8,0.8267,0.619,0.9074,0.6667,0.8131
Dataset_2,Right,MobileNet,65,15,45,8,7,0.8,0.6818,0.8491,0.6667,0.8105
Dataset_2,Right,MobileNet,66,18,40,12,5,0.7733,0.7826,0.7692,0.6792,0.8186
Dataset_2,Right,MobileNet,67,18,48,6,3,0.88,0.8571,0.8889,0.8,0.8783
Dataset_2,Right,MobileNet,68,16,44,11,4,0.8,0.8,0.8,0.6809,0.8418
Dataset_2,Right,MobileNet,69,16,39,13,7,0.7333,0.6957,0.75,0.6154,0.8077
Dataset_2,Right,MobileNet,70,14,43,12,6,0.76,0.7,0.7818,0.6087,0.7864
Dataset_2,Right,MobileNet,71,14,52,4,5,0.88,0.7368,0.9286,0.7568,0.9041
Dataset_2,Right,MobileNet,72,17,37,12,9,0.72,0.6538,0.7551,0.6182,0.8281
Dataset_2,Right,MobileNet,73,10,45,10,10,0.7333,0.5,0.8182,0.5,0.7282
Dataset_2,Right,MobileNet,74,17,48,5,5,0.8667,0.7727,0.9057,0.7727,0.8954
Dataset_2,Right,MobileNet,75,12,49,10,4,0.8133,0.75,0.8305,0.6316,0.8422
Dataset_2,Right,MobileNet,76,12,48,8,7,0.8,0.6316,0.8571,0.6154,0.7716
Dataset_2,Right,MobileNet,77,13,51,5,6,0.8533,0.6842,0.9107,0.7027,0.8731
Dataset_2,Right,MobileNet,78,15,45,9,6,0.8,0.7143,0.8333,0.6667,0.8377
Dataset_2,Right,MobileNet,79,14,45,6,10,0.7867,0.5833,0.8824,0.6364,0.8521
Dataset_2,Right,MobileNet,80,14,51,5,5,0.8667,0.7368,0.9107,0.7368,0.891
Dataset_2,Right,MobileNet,81,13,51,4,7,0.8533,0.65,0.9273,0.7027,0.8818
Dataset_2,Right,MobileNet,82,14,44,11,6,0.7733,0.7,0.8,0.6222,0.8373
Dataset_2,Right,MobileNet,83,18,46,6,5,0.8533,0.7826,0.8846,0.766,0.852
Dataset_2,Right,MobileNet,84,11,40,13,11,0.68,0.5,0.7547,0.4783,0.6544
Dataset_2,Right,MobileNet,85,17,48,7,3,0.8667,0.85,0.8727,0.7727,0.87
Dataset_2,Right,MobileNet,86,8,51,8,8,0.7867,0.5,0.8644,0.5,0.7447
Dataset_2,Right,MobileNet,87,14,53,5,3,0.8933,0.8235,0.9138,0.7778,0.8884
Dataset_2,Right,MobileNet,88,10,51,8,6,0.8133,0.625,0.8644,0.5882,0.8517
Dataset_2,Right,MobileNet,89,18,45,9,3,0.84,0.8571,0.8333,0.75,0.888
Dataset_2,Right,MobileNet,90,19,41,6,9,0.8,0.6786,0.8723,0.717,0.7796
Dataset_2,Right,MobileNet,91,16,49,8,2,0.8667,0.8889,0.8596,0.7619,0.8694
Dataset_2,Right,MobileNet,92,13,47,7,8,0.8,0.619,0.8704,0.6341,0.8342
Dataset_2,Right,MobileNet,93,13,52,8,2,0.8667,0.8667,0.8667,0.7222,0.9522
Dataset_2,Right,MobileNet,94,11,47,10,7,0.7733,0.6111,0.8246,0.5641,0.7719
Dataset_2,Right,MobileNet,95,15,45,11,4,0.8,0.7895,0.8036,0.6667,0.9051
Dataset_2,Right,MobileNet,96,13,52,4,6,0.8667,0.6842,0.9286,0.7222,0.7951
Dataset_2,Right,MobileNet,97,13,46,9,7,0.7867,0.65,0.8364,0.619,0.8091
Dataset_2,Right,MobileNet,98,13,48,9,5,0.8133,0.7222,0.8421,0.65,0.8207
Dataset_2,Right,MobileNet,99,12,46,10,7,0.7733,0.6316,0.8214,0.5854,0.7509
Dataset_2,Right,MobileNet,100,16,51,2,6,0.8933,0.7273,0.9623,0.8,0.9117
Dataset_2,Right,MobileNet,101,14,47,9,5,0.8133,0.7368,0.8393,0.6667,0.7951
Dataset_2,Right,MobileNet,102,14,50,4,7,0.8533,0.6667,0.9259,0.7179,0.8995
Dataset_2,Right,MobileNet,103,19,44,8,4,0.84,0.8261,0.8462,0.76,0.8119
Dataset_2,Right,MobileNet,104,19,47,5,4,0.88,0.8261,0.9038,0.8085,0.8077
Dataset_2,Right,MobileNet,105,17,46,10,2,0.84,0.8947,0.8214,0.7391,0.9229
Dataset_2,Right,MobileNet,106,14,47,9,5,0.8133,0.7368,0.8393,0.6667,0.8929
Dataset_2,Right,MobileNet,107,17,45,7,6,0.8267,0.7391,0.8654,0.7234,0.8604
Dataset_2,Right,MobileNet,108,18,48,5,4,0.88,0.8182,0.9057,0.8,0.8456
Dataset_2,Right,MobileNet,109,9,50,9,7,0.7867,0.5625,0.8475,0.5294,0.7998
Dataset_2,Right,MobileNet,110,21,37,8,9,0.7733,0.7,0.8222,0.7119,0.7326
Dataset_2,Right,MobileNet,111,16,46,6,7,0.8267,0.6957,0.8846,0.7111,0.8512
Dataset_2,Right,MobileNet,112,15,44,10,6,0.7867,0.7143,0.8148,0.6522,0.8069
Dataset_2,Right,MobileNet,113,15,46,9,5,0.8133,0.75,0.8364,0.6818,0.8464
Dataset_2,Right,MobileNet,114,9,48,10,8,0.76,0.5294,0.8276,0.5,0.7982
Dataset_2,Right,MobileNet,115,17,48,6,4,0.8667,0.8095,0.8889,0.7727,0.8757
Dataset_2,Right,MobileNet,116,10,46,10,9,0.7467,0.5263,0.8214,0.5128,0.7303
Dataset_2,Right,MobileNet,117,20,43,6,6,0.84,0.7692,0.8776,0.7692,0.8689
Dataset_2,Right,MobileNet,118,17,51,2,5,0.9067,0.7727,0.9623,0.8293,0.9374
Dataset_2,Right,MobileNet,119,18,46,8,3,0.8533,0.8571,0.8519,0.766,0.8757
Dataset_2,Right,MobileNet,120,13,46,9,7,0.7867,0.65,0.8364,0.619,0.8209
Dataset_2,Right,MobileNet,121,10,50,10,5,0.8,0.6667,0.8333,0.5714,0.7711
Dataset_2,Right,MobileNet,122,6,44,16,9,0.6667,0.4,0.7333,0.3243,0.6722
Dataset_2,Right,MobileNet,123,17,47,7,4,0.8533,0.8095,0.8704,0.7556,0.8413
Dataset_2,Right,MobileNet,124,14,44,11,6,0.7733,0.7,0.8,0.6222,0.8209
Dataset_2,Right,MobileNet,125,13,45,13,4,0.7733,0.7647,0.7759,0.6047,0.8245
Dataset_2,Right,MobileNet,126,10,56,5,4,0.88,0.7143,0.918,0.6897,0.8993
Dataset_2,Right,MobileNet,127,15,44,10,6,0.7867,0.7143,0.8148,0.6522,0.843
Dataset_2,Right,MobileNet,128,14,47,6,8,0.8133,0.6364,0.8868,0.6667,0.825
Dataset_2,Right,MobileNet,129,7,46,12,10,0.7067,0.4118,0.7931,0.3889,0.6501
Dataset_2,Right,MobileNet,130,19,34,14,8,0.7067,0.7037,0.7083,0.6333,0.6782
Dataset_2,Right,MobileNet,131,18,48,5,4,0.88,0.8182,0.9057,0.8,0.9031
Dataset_2,Right,MobileNet,132,14,45,9,7,0.7867,0.6667,0.8333,0.6364,0.7892
Dataset_2,Right,MobileNet,133,15,48,7,5,0.84,0.75,0.8727,0.7143,0.8482
Dataset_2,Right,MobileNet,134,13,44,12,6,0.76,0.6842,0.7857,0.5909,0.7303
Dataset_2,Right,MobileNet,135,17,44,8,6,0.8133,0.7391,0.8462,0.7083,0.8018
Dataset_2,Right,MobileNet,136,11,48,11,5,0.7867,0.6875,0.8136,0.5789,0.8602
Dataset_2,Right,MobileNet,137,14,43,14,4,0.76,0.7778,0.7544,0.6087,0.7778
Dataset_2,Right,MobileNet,138,12,47,6,10,0.7867,0.5455,0.8868,0.6,0.765
Dataset_2,Right,MobileNet,139,14,52,5,4,0.88,0.7778,0.9123,0.7568,0.8908
Dataset_2,Right,MobileNet,140,9,54,4,8,0.84,0.5294,0.931,0.6,0.7748
Dataset_2,Right,MobileNet,141,23,36,7,9,0.7867,0.7188,0.8372,0.7419,0.8307
Dataset_2,Right,MobileNet,142,14,48,6,7,0.8267,0.6667,0.8889,0.6829,0.8483
Dataset_2,Right,MobileNet,143,16,43,10,6,0.7867,0.7273,0.8113,0.6667,0.8533
Dataset_2,Right,MobileNet,144,9,49,11,6,0.7733,0.6,0.8167,0.5143,0.7433
Dataset_2,Right,MobileNet,145,12,50,7,6,0.8267,0.6667,0.8772,0.6486,0.8324
Dataset_2,Right,MobileNet,146,9,51,8,7,0.8,0.5625,0.8644,0.5455,0.7447
Dataset_2,Right,MobileNet,147,15,46,7,7,0.8133,0.6818,0.8679,0.6818,0.837
Dataset_2,Right,MobileNet,148,14,46,8,7,0.8,0.6667,0.8519,0.6512,0.8333
Dataset_2,Right,MobileNet,149,13,39,15,8,0.6933,0.619,0.7222,0.5306,0.7134
Dataset_2,Right,MobileNet,150,14,50,3,8,0.8533,0.6364,0.9434,0.7179,0.8465
Dataset_2,Right,MobileNet,151,16,48,8,3,0.8533,0.8421,0.8571,0.7442,0.9164
Dataset_2,Right,MobileNet,152,17,38,12,8,0.7333,0.68,0.76,0.6296,0.7152
Dataset_2,Right,MobileNet,153,12,41,8,14,0.7067,0.4615,0.8367,0.5217,0.7198
Dataset_2,Right,MobileNet,154,19,44,4,8,0.84,0.7037,0.9167,0.76,0.8765
Dataset_2,Right,MobileNet,155,20,46,7,2,0.88,0.9091,0.8679,0.8163,0.9125
Dataset_2,Right,MobileNet,156,14,48,6,7,0.8267,0.6667,0.8889,0.6829,0.8157
Dataset_2,Right,MobileNet,157,11,53,6,5,0.8533,0.6875,0.8983,0.6667,0.8581
Dataset_2,Right,MobileNet,158,15,43,9,8,0.7733,0.6522,0.8269,0.6383,0.7826
Dataset_2,Right,MobileNet,159,13,44,9,9,0.76,0.5909,0.8302,0.5909,0.7942
Dataset_2,Right,MobileNet,160,20,44,5,6,0.8533,0.7692,0.898,0.7843,0.8571
Dataset_2,Right,MobileNet,161,18,46,8,3,0.8533,0.8571,0.8519,0.766,0.9206
Dataset_2,Right,MobileNet,162,14,42,9,10,0.7467,0.5833,0.8235,0.5957,0.6912
Dataset_2,Right,MobileNet,163,14,43,11,7,0.76,0.6667,0.7963,0.6087,0.8051
Dataset_2,Right,MobileNet,164,14,45,8,8,0.7867,0.6364,0.8491,0.6364,0.7324
Dataset_2,Right,MobileNet,165,16,43,9,7,0.7867,0.6957,0.8269,0.6667,0.8662
Dataset_2,Right,MobileNet,166,18,47,5,5,0.8667,0.7826,0.9038,0.7826,0.857
Dataset_2,Right,MobileNet,167,19,38,12,6,0.76,0.76,0.76,0.6786,0.8024
Dataset_2,Right,MobileNet,168,16,41,9,9,0.76,0.64,0.82,0.64,0.812
Dataset_2,Right,MobileNet,169,11,46,8,10,0.76,0.5238,0.8519,0.55,0.843
Dataset_2,Right,MobileNet,170,20,42,8,5,0.8267,0.8,0.84,0.7547,0.8504
Dataset_2,Right,MobileNet,171,16,43,5,11,0.7867,0.5926,0.8958,0.6667,0.8503
Dataset_2,Right,MobileNet,172,19,35,14,7,0.72,0.7308,0.7143,0.6441,0.8187
Dataset_2,Right,MobileNet,173,15,52,2,6,0.8933,0.7143,0.963,0.7895,0.8633
Dataset_2,Right,MobileNet,174,13,50,8,4,0.84,0.7647,0.8621,0.6842,0.8296
Dataset_2,Right,MobileNet,175,10,47,8,10,0.76,0.5,0.8545,0.5263,0.7809
Dataset_2,Right,MobileNet,176,16,45,8,6,0.8133,0.7273,0.8491,0.6957,0.8482
Dataset_2,Right,MobileNet,177,14,45,7,9,0.7867,0.6087,0.8654,0.6364,0.7609
Dataset_2,Right,MobileNet,178,12,52,6,5,0.8533,0.7059,0.8966,0.6857,0.8327
Dataset_2,Right,MobileNet,179,18,44,8,5,0.8267,0.7826,0.8462,0.7347,0.8018
Dataset_2,Right,MobileNet,180,16,49,5,5,0.8667,0.7619,0.9074,0.7619,0.8818
Dataset_2,Right,MobileNet,181,14,44,12,5,0.7733,0.7368,0.7857,0.6222,0.8327
Dataset_2,Right,MobileNet,182,13,57,5,0,0.9333,1.0,0.9194,0.8387,0.964
Dataset_2,Right,MobileNet,183,11,49,8,7,0.8,0.6111,0.8596,0.5946,0.8548
Dataset_2,Right,MobileNet,184,15,52,6,2,0.8933,0.8824,0.8966,0.7895,0.9006
Dataset_2,Right,MobileNet,185,15,50,5,5,0.8667,0.75,0.9091,0.75,0.8655
Dataset_2,Right,MobileNet,186,19,40,8,8,0.7867,0.7037,0.8333,0.7037,0.8657
Dataset_2,Right,MobileNet,187,11,55,2,7,0.88,0.6111,0.9649,0.7097,0.8099
Dataset_2,Right,MobileNet,188,17,39,8,11,0.7467,0.6071,0.8298,0.6415,0.7386
Dataset_2,Right,MobileNet,189,14,50,7,4,0.8533,0.7778,0.8772,0.7179,0.7914
Dataset_2,Right,MobileNet,190,16,47,7,5,0.84,0.7619,0.8704,0.7273,0.8862
Dataset_2,Right,MobileNet,191,18,47,6,4,0.8667,0.8182,0.8868,0.7826,0.9074
Dataset_2,Right,MobileNet,192,17,43,9,6,0.8,0.7391,0.8269,0.6939,0.7876
Dataset_2,Right,MobileNet,193,12,49,10,4,0.8133,0.75,0.8305,0.6316,0.8485
Dataset_2,Right,MobileNet,194,13,47,11,4,0.8,0.7647,0.8103,0.6341,0.784
Dataset_2,Right,MobileNet,195,17,49,4,5,0.88,0.7727,0.9245,0.7907,0.8396
Dataset_2,Right,MobileNet,196,13,48,7,7,0.8133,0.65,0.8727,0.65,0.8664
Dataset_2,Right,MobileNet,197,18,46,5,6,0.8533,0.75,0.902,0.766,0.8913
Dataset_2,Right,MobileNet,198,11,49,8,7,0.8,0.6111,0.8596,0.5946,0.7788
Dataset_2,Right,MobileNet,199,15,47,10,3,0.8267,0.8333,0.8246,0.6977,0.8899
Dataset_2,Right,MobileNet,200,15,49,5,6,0.8533,0.7143,0.9074,0.7317,0.8907
Dataset_2,Right,MobileNet,201,17,43,10,5,0.8,0.7727,0.8113,0.6939,0.8319
Dataset_2,Right,MobileNet,202,16,44,7,8,0.8,0.6667,0.8627,0.6809,0.8268
Dataset_2,Right,MobileNet,203,14,52,2,7,0.88,0.6667,0.963,0.7568,0.9039
Dataset_2,Right,MobileNet,204,9,48,8,10,0.76,0.4737,0.8571,0.5,0.7293
Dataset_2,Right,MobileNet,205,13,46,9,7,0.7867,0.65,0.8364,0.619,0.7436
Dataset_2,Right,MobileNet,206,11,53,5,6,0.8533,0.6471,0.9138,0.6667,0.8489
Dataset_2,Right,MobileNet,207,9,49,7,10,0.7733,0.4737,0.875,0.5143,0.7406
Dataset_2,Right,MobileNet,208,15,52,4,4,0.8933,0.7895,0.9286,0.7895,0.891
Dataset_2,Right,MobileNet,209,17,48,8,2,0.8667,0.8947,0.8571,0.7727,0.8797
Dataset_2,Right,MobileNet,210,8,50,10,7,0.7733,0.5333,0.8333,0.4848,0.7344
Dataset_2,Right,MobileNet,211,13,47,9,6,0.8,0.6842,0.8393,0.6341,0.7904
Dataset_2,Right,MobileNet,212,12,45,14,4,0.76,0.75,0.7627,0.5714,0.7892
Dataset_2,Right,MobileNet,213,13,44,11,7,0.76,0.65,0.8,0.5909,0.7755
Dataset_2,Right,MobileNet,214,11,47,11,6,0.7733,0.6471,0.8103,0.5641,0.8185
Dataset_2,Right,MobileNet,215,13,48,9,5,0.8133,0.7222,0.8421,0.65,0.7671
Dataset_2,Right,MobileNet,216,12,47,7,9,0.7867,0.5714,0.8704,0.6,0.7531
Dataset_2,Right,MobileNet,217,15,48,6,6,0.84,0.7143,0.8889,0.7143,0.8624
Dataset_2,Right,MobileNet,218,9,57,4,5,0.88,0.6429,0.9344,0.6667,0.863
Dataset_2,Right,MobileNet,219,12,47,7,9,0.7867,0.5714,0.8704,0.6,0.8422
Dataset_2,Right,MobileNet,220,15,49,6,5,0.8533,0.75,0.8909,0.7317,0.8445
Dataset_2,Right,MobileNet,221,13,50,6,6,0.84,0.6842,0.8929,0.6842,0.9107
Dataset_2,Right,MobileNet,222,11,43,11,10,0.72,0.5238,0.7963,0.5116,0.7372
Dataset_2,Right,MobileNet,223,16,39,14,6,0.7333,0.7273,0.7358,0.6154,0.7873
Dataset_2,Right,MobileNet,224,17,46,5,7,0.84,0.7083,0.902,0.7391,0.8342
Dataset_2,Right,MobileNet,225,15,46,7,7,0.8133,0.6818,0.8679,0.6818,0.8525
Dataset_2,Right,MobileNet,226,18,45,7,5,0.84,0.7826,0.8654,0.75,0.8411
Dataset_2,Right,MobileNet,227,13,46,13,3,0.7867,0.8125,0.7797,0.619,0.8729
Dataset_2,Right,MobileNet,228,13,45,12,5,0.7733,0.7222,0.7895,0.6047,0.7885
Dataset_2,Right,MobileNet,229,11,51,7,6,0.8267,0.6471,0.8793,0.6286,0.8083
Dataset_2,Right,MobileNet,230,15,44,9,7,0.7867,0.6818,0.8302,0.6522,0.8825
Dataset_2,Right,MobileNet,231,15,47,4,9,0.8267,0.625,0.9216,0.6977,0.8652
Dataset_2,Right,MobileNet,232,9,55,5,6,0.8533,0.6,0.9167,0.6207,0.8433
Dataset_2,Right,MobileNet,233,15,45,10,5,0.8,0.75,0.8182,0.6667,0.7836
Dataset_2,Right,MobileNet,234,13,50,3,9,0.84,0.5909,0.9434,0.6842,0.837
Dataset_2,Right,MobileNet,235,16,39,12,8,0.7333,0.6667,0.7647,0.6154,0.7729
Dataset_2,Right,MobileNet,236,15,52,7,1,0.8933,0.9375,0.8814,0.7895,0.8962
Dataset_2,Right,MobileNet,237,16,45,9,5,0.8133,0.7619,0.8333,0.6957,0.8333
Dataset_2,Right,MobileNet,238,19,47,6,3,0.88,0.8636,0.8868,0.8085,0.9022
Dataset_2,Right,MobileNet,239,17,46,8,4,0.84,0.8095,0.8519,0.7391,0.8801
Dataset_2,Right,MobileNet,240,9,44,14,8,0.7067,0.5294,0.7586,0.45,0.6907
Dataset_2,Right,MobileNet,241,15,47,8,5,0.8267,0.75,0.8545,0.6977,0.8391
Dataset_2,Right,MobileNet,242,11,48,10,6,0.7867,0.6471,0.8276,0.5789,0.7211
Dataset_2,Right,MobileNet,243,12,47,7,9,0.7867,0.5714,0.8704,0.6,0.8395
Dataset_2,Right,MobileNet,244,13,51,8,3,0.8533,0.8125,0.8644,0.7027,0.821
Dataset_2,Right,MobileNet,245,17,45,6,7,0.8267,0.7083,0.8824,0.7234,0.8415
Dataset_2,Right,MobileNet,246,15,41,8,11,0.7467,0.5769,0.8367,0.6122,0.7794
Dataset_2,Right,MobileNet,247,14,45,8,8,0.7867,0.6364,0.8491,0.6364,0.8233
Dataset_2,Right,MobileNet,248,10,49,12,4,0.7867,0.7143,0.8033,0.5556,0.7822
Dataset_2,Right,MobileNet,249,15,49,6,5,0.8533,0.75,0.8909,0.7317,0.8536
Dataset_2,Right,MobileNet,250,13,50,4,8,0.84,0.619,0.9259,0.6842,0.8713
Dataset_2,Right,MobileNet,251,10,52,8,5,0.8267,0.6667,0.8667,0.6061,0.7578
Dataset_2,Right,MobileNet,252,13,50,7,5,0.84,0.7222,0.8772,0.6842,0.8216
Dataset_2,Right,MobileNet,253,14,48,7,6,0.8267,0.7,0.8727,0.6829,0.8673
Dataset_2,Right,MobileNet,254,13,45,7,10,0.7733,0.5652,0.8654,0.6047,0.7258
Dataset_2,Right,MobileNet,255,16,42,9,8,0.7733,0.6667,0.8235,0.6531,0.8709
Dataset_2,Right,MobileNet,256,19,40,8,8,0.7867,0.7037,0.8333,0.7037,0.8588
Dataset_2,Right,MobileNet,257,14,49,11,1,0.84,0.9333,0.8167,0.7,0.9289
Dataset_2,Right,MobileNet,258,10,49,11,5,0.7867,0.6667,0.8167,0.5556,0.7678
Dataset_2,Right,MobileNet,259,11,47,13,4,0.7733,0.7333,0.7833,0.5641,0.8011
Dataset_2,Right,MobileNet,260,17,42,13,3,0.7867,0.85,0.7636,0.68,0.8355
Dataset_2,Right,MobileNet,261,10,49,11,5,0.7867,0.6667,0.8167,0.5556,0.6678
Dataset_2,Right,MobileNet,262,23,40,5,7,0.84,0.7667,0.8889,0.7931,0.8637
Dataset_2,Right,MobileNet,263,10,50,5,10,0.8,0.5,0.9091,0.5714,0.7845
Dataset_2,Right,MobileNet,264,12,46,8,9,0.7733,0.5714,0.8519,0.5854,0.7681
Dataset_2,Right,MobileNet,265,18,44,6,7,0.8267,0.72,0.88,0.7347,0.8928
Dataset_2,Right,MobileNet,266,10,53,8,4,0.84,0.7143,0.8689,0.625,0.8372
Dataset_2,Right,MobileNet,267,8,50,7,10,0.7733,0.4444,0.8772,0.4848,0.7105
Dataset_2,Right,MobileNet,268,14,50,6,5,0.8533,0.7368,0.8929,0.7179,0.8477
Dataset_2,Right,MobileNet,269,11,53,7,4,0.8533,0.7333,0.8833,0.6667,0.9222
Dataset_2,Right,MobileNet,270,7,55,9,4,0.8267,0.6364,0.8594,0.5185,0.8665
Dataset_2,Right,MobileNet,271,14,46,11,4,0.8,0.7778,0.807,0.6512,0.8596
Dataset_2,Right,MobileNet,272,20,43,6,6,0.84,0.7692,0.8776,0.7692,0.8148
Dataset_2,Right,MobileNet,273,14,48,10,3,0.8267,0.8235,0.8276,0.6829,0.8529
Dataset_2,Right,MobileNet,274,18,44,3,10,0.8267,0.6429,0.9362,0.7347,0.8199
Dataset_2,Right,MobileNet,275,16,48,3,8,0.8533,0.6667,0.9412,0.7442,0.8578
Dataset_2,Right,MobileNet,276,12,48,10,5,0.8,0.7059,0.8276,0.6154,0.785
Dataset_2,Right,MobileNet,277,11,50,11,3,0.8133,0.7857,0.8197,0.6111,0.8735
Dataset_2,Right,MobileNet,278,12,49,7,7,0.8133,0.6316,0.875,0.6316,0.8468
Dataset_2,Right,MobileNet,279,11,44,11,9,0.7333,0.55,0.8,0.5238,0.8118
Dataset_2,Right,MobileNet,280,16,42,12,5,0.7733,0.7619,0.7778,0.6531,0.8422
Dataset_2,Right,MobileNet,281,13,46,11,5,0.7867,0.7222,0.807,0.619,0.8723
Dataset_2,Right,MobileNet,282,20,47,1,7,0.8933,0.7407,0.9792,0.8333,0.9421
Dataset_2,Right,MobileNet,283,20,40,6,9,0.8,0.6897,0.8696,0.7273,0.8688
Dataset_2,Right,MobileNet,284,11,48,10,6,0.7867,0.6471,0.8276,0.5789,0.7799
Dataset_2,Right,MobileNet,285,14,46,10,5,0.8,0.7368,0.8214,0.6512,0.8365
Dataset_2,Right,MobileNet,286,10,47,12,6,0.76,0.625,0.7966,0.5263,0.732
Dataset_2,Right,MobileNet,287,11,51,7,6,0.8267,0.6471,0.8793,0.6286,0.8469
Dataset_2,Right,MobileNet,288,14,52,6,3,0.88,0.8235,0.8966,0.7568,0.859
Dataset_2,Right,MobileNet,289,16,42,14,3,0.7733,0.8421,0.75,0.6531,0.8242
Dataset_2,Right,MobileNet,290,11,49,7,8,0.8,0.5789,0.875,0.5946,0.8158
Dataset_2,Right,MobileNet,291,17,45,5,8,0.8267,0.68,0.9,0.7234,0.8704
Dataset_2,Right,MobileNet,292,18,40,10,7,0.7733,0.72,0.8,0.6792,0.7416
Dataset_2,Right,MobileNet,293,14,49,9,3,0.84,0.8235,0.8448,0.7,0.8398
Dataset_2,Right,MobileNet,294,14,50,9,2,0.8533,0.875,0.8475,0.7179,0.8814
Dataset_2,Right,MobileNet,295,14,44,8,9,0.7733,0.6087,0.8462,0.6222,0.8788
Dataset_2,Right,MobileNet,296,9,58,5,3,0.8933,0.75,0.9206,0.6923,0.8042
Dataset_2,Right,MobileNet,297,17,42,11,5,0.7867,0.7727,0.7925,0.68,0.8551
Dataset_2,Right,MobileNet,298,14,48,6,7,0.8267,0.6667,0.8889,0.6829,0.8342
Dataset_2,Right,MobileNet,299,18,40,15,2,0.7733,0.9,0.7273,0.6792,0.84
Dataset_2,Right,MobileNet,300,10,43,11,11,0.7067,0.4762,0.7963,0.4762,0.6517
Dataset_2,Right,MobileNet,301,9,43,9,14,0.6933,0.3913,0.8269,0.439,0.5794
Dataset_2,Right,MobileNet,302,11,48,4,12,0.7867,0.4783,0.9231,0.5789,0.8085
Dataset_2,Right,MobileNet,303,14,51,6,4,0.8667,0.7778,0.8947,0.7368,0.8489
Dataset_2,Right,MobileNet,304,13,48,9,5,0.8133,0.7222,0.8421,0.65,0.809
Dataset_2,Right,MobileNet,305,13,43,11,8,0.7467,0.619,0.7963,0.5778,0.7487
Dataset_2,Right,MobileNet,306,14,50,8,3,0.8533,0.8235,0.8621,0.7179,0.8783
Dataset_2,Right,MobileNet,307,14,42,13,6,0.7467,0.7,0.7636,0.5957,0.77
Dataset_2,Right,MobileNet,308,8,50,10,7,0.7733,0.5333,0.8333,0.4848,0.76
Dataset_2,Right,MobileNet,309,14,47,6,8,0.8133,0.6364,0.8868,0.6667,0.7744
Dataset_2,Right,MobileNet,310,16,49,8,2,0.8667,0.8889,0.8596,0.7619,0.8499
Dataset_2,Right,MobileNet,311,15,49,8,3,0.8533,0.8333,0.8596,0.7317,0.8684
Dataset_2,Right,MobileNet,312,15,48,7,5,0.84,0.75,0.8727,0.7143,0.8573
Dataset_2,Right,MobileNet,313,15,47,5,8,0.8267,0.6522,0.9038,0.6977,0.8512
Dataset_2,Right,MobileNet,314,21,38,9,7,0.7867,0.75,0.8085,0.7241,0.7941
Dataset_2,Right,MobileNet,315,14,53,2,6,0.8933,0.7,0.9636,0.7778,0.8264
Dataset_2,Right,MobileNet,316,19,45,5,6,0.8533,0.76,0.9,0.7755,0.8976
Dataset_2,Right,MobileNet,317,13,48,6,8,0.8133,0.619,0.8889,0.65,0.7813
Dataset_2,Right,MobileNet,318,8,55,5,7,0.84,0.5333,0.9167,0.5714,0.8156
Dataset_2,Right,MobileNet,319,11,54,5,5,0.8667,0.6875,0.9153,0.6875,0.8729
Dataset_2,Right,MobileNet,320,21,39,9,6,0.8,0.7778,0.8125,0.7368,0.858
Dataset_2,Right,MobileNet,321,9,54,5,7,0.84,0.5625,0.9153,0.6,0.8231
Dataset_2,Right,MobileNet,322,12,47,6,10,0.7867,0.5455,0.8868,0.6,0.7942
Dataset_2,Right,MobileNet,323,15,45,12,3,0.8,0.8333,0.7895,0.6667,0.8811
Dataset_2,Right,MobileNet,324,17,46,6,6,0.84,0.7391,0.8846,0.7391,0.8729
Dataset_2,Right,MobileNet,325,12,47,8,8,0.7867,0.6,0.8545,0.6,0.8091
Dataset_2,Right,MobileNet,326,10,50,9,6,0.8,0.625,0.8475,0.5714,0.786
Dataset_2,Right,MobileNet,327,22,36,14,3,0.7733,0.88,0.72,0.7213,0.8216
Dataset_2,Right,MobileNet,328,16,47,8,4,0.84,0.8,0.8545,0.7273,0.8845
Dataset_2,Right,MobileNet,329,13,46,7,9,0.7867,0.5909,0.8679,0.619,0.7616
Dataset_2,Right,MobileNet,330,9,49,12,5,0.7733,0.6429,0.8033,0.5143,0.7951
Dataset_2,Right,MobileNet,331,11,54,7,3,0.8667,0.7857,0.8852,0.6875,0.7775
Dataset_2,Right,MobileNet,332,7,54,7,7,0.8133,0.5,0.8852,0.5,0.815
Dataset_2,Right,MobileNet,333,15,50,3,7,0.8667,0.6818,0.9434,0.75,0.9271
Dataset_2,Right,MobileNet,334,9,54,10,2,0.84,0.8182,0.8438,0.6,0.8707
Dataset_2,Right,MobileNet,335,26,36,8,5,0.8267,0.8387,0.8182,0.8,0.8182
Dataset_2,Right,MobileNet,336,14,43,13,5,0.76,0.7368,0.7679,0.6087,0.8073
Dataset_2,Right,MobileNet,337,13,52,5,5,0.8667,0.7222,0.9123,0.7222,0.8382
Dataset_2,Right,MobileNet,338,22,41,8,4,0.84,0.8462,0.8367,0.7857,0.9003
Dataset_2,Right,MobileNet,339,17,46,9,3,0.84,0.85,0.8364,0.7391,0.8945
Dataset_2,Right,MobileNet,340,14,49,10,2,0.84,0.875,0.8305,0.7,0.8517
Dataset_2,Right,MobileNet,341,10,50,10,5,0.8,0.6667,0.8333,0.5714,0.86
Dataset_2,Right,MobileNet,342,10,55,6,4,0.8667,0.7143,0.9016,0.6667,0.8466
Dataset_2,Right,MobileNet,343,16,52,3,4,0.9067,0.8,0.9455,0.8205,0.9282
Dataset_2,Right,MobileNet,344,18,45,7,5,0.84,0.7826,0.8654,0.75,0.9214
Dataset_2,Right,MobileNet,345,14,49,9,3,0.84,0.8235,0.8448,0.7,0.8813
Dataset_2,Right,MobileNet,346,15,44,7,9,0.7867,0.625,0.8627,0.6522,0.7966
Dataset_2,Right,MobileNet,347,13,48,9,5,0.8133,0.7222,0.8421,0.65,0.8402
Dataset_2,Right,MobileNet,348,11,53,6,5,0.8533,0.6875,0.8983,0.6667,0.8231
Dataset_2,Right,MobileNet,349,19,44,6,6,0.84,0.76,0.88,0.76,0.8632
Dataset_2,Right,MobileNet,350,21,45,7,2,0.88,0.913,0.8654,0.8235,0.9214
Dataset_2,Right,MobileNet,351,18,37,13,7,0.7333,0.72,0.74,0.6429,0.7792
Dataset_2,Right,MobileNet,352,16,48,7,4,0.8533,0.8,0.8727,0.7442,0.8745
Dataset_2,Right,MobileNet,353,12,48,7,8,0.8,0.6,0.8727,0.6154,0.7855
Dataset_2,Right,MobileNet,354,19,40,11,5,0.7867,0.7917,0.7843,0.7037,0.8472
Dataset_2,Right,MobileNet,355,14,46,7,8,0.8,0.6364,0.8679,0.6512,0.7864
Dataset_2,Right,MobileNet,356,9,47,9,10,0.7467,0.4737,0.8393,0.4865,0.7331
Dataset_2,Right,MobileNet,357,17,43,5,10,0.8,0.6296,0.8958,0.6939,0.8387
Dataset_2,Right,MobileNet,358,14,51,6,4,0.8667,0.7778,0.8947,0.7368,0.883
Dataset_2,Right,MobileNet,359,16,42,10,7,0.7733,0.6957,0.8077,0.6531,0.8077
Dataset_2,Right,MobileNet,360,13,49,6,7,0.8267,0.65,0.8909,0.6667,0.7782
Dataset_2,Right,MobileNet,361,12,50,7,6,0.8267,0.6667,0.8772,0.6486,0.8255
Dataset_2,Right,MobileNet,362,12,43,11,9,0.7333,0.5714,0.7963,0.5455,0.761
Dataset_2,Right,MobileNet,363,13,53,4,5,0.88,0.7222,0.9298,0.7429,0.8207
Dataset_2,Right,MobileNet,364,10,49,11,5,0.7867,0.6667,0.8167,0.5556,0.8444
Dataset_2,Right,MobileNet,365,24,41,6,4,0.8667,0.8571,0.8723,0.8276,0.867
Dataset_2,Right,MobileNet,366,12,48,11,4,0.8,0.75,0.8136,0.6154,0.8305
Dataset_2,Right,MobileNet,367,7,49,10,9,0.7467,0.4375,0.8305,0.4242,0.7479
Dataset_2,Right,MobileNet,368,10,50,9,6,0.8,0.625,0.8475,0.5714,0.7924
Dataset_2,Right,MobileNet,369,14,47,7,7,0.8133,0.6667,0.8704,0.6667,0.8175
Dataset_2,Right,MobileNet,370,16,44,8,7,0.8,0.6957,0.8462,0.6809,0.8361
Dataset_2,Right,MobileNet,371,18,46,6,5,0.8533,0.7826,0.8846,0.766,0.8587
Dataset_2,Right,MobileNet,372,19,41,11,4,0.8,0.8261,0.7885,0.717,0.8846
Dataset_2,Right,MobileNet,373,14,45,10,6,0.7867,0.7,0.8182,0.6364,0.8109
Dataset_2,Right,MobileNet,374,18,43,10,4,0.8133,0.8182,0.8113,0.72,0.9134
Dataset_2,Right,MobileNet,375,13,48,8,6,0.8133,0.6842,0.8571,0.65,0.7801
Dataset_2,Right,MobileNet,376,11,46,9,9,0.76,0.55,0.8364,0.55,0.7282
Dataset_2,Right,MobileNet,377,12,59,2,2,0.9467,0.8571,0.9672,0.8571,0.9063
Dataset_2,Right,MobileNet,378,15,45,8,7,0.8,0.6818,0.8491,0.6667,0.8225
Dataset_2,Right,MobileNet,379,17,46,10,2,0.84,0.8947,0.8214,0.7391,0.9117
Dataset_2,Right,MobileNet,380,20,42,5,8,0.8267,0.7143,0.8936,0.7547,0.9157
Dataset_2,Right,MobileNet,381,14,48,9,4,0.8267,0.7778,0.8421,0.6829,0.8363
Dataset_2,Right,MobileNet,382,12,52,10,1,0.8533,0.9231,0.8387,0.6857,0.8734
Dataset_2,Right,MobileNet,383,21,40,7,7,0.8133,0.75,0.8511,0.75,0.8435
Dataset_2,Right,MobileNet,384,13,46,11,5,0.7867,0.7222,0.807,0.619,0.8421
Dataset_2,Right,MobileNet,385,19,42,6,8,0.8133,0.7037,0.875,0.7308,0.8403
Dataset_2,Right,MobileNet,386,18,43,7,7,0.8133,0.72,0.86,0.72,0.848
Dataset_2,Right,MobileNet,387,18,43,12,2,0.8133,0.9,0.7818,0.72,0.8427
Dataset_2,Right,MobileNet,388,13,46,9,7,0.7867,0.65,0.8364,0.619,0.8445
Dataset_2,Right,MobileNet,389,10,47,13,5,0.76,0.6667,0.7833,0.5263,0.7711
Dataset_2,Right,MobileNet,390,16,45,7,7,0.8133,0.6957,0.8654,0.6957,0.7709
Dataset_2,Right,MobileNet,391,16,50,4,5,0.88,0.7619,0.9259,0.7805,0.903
Dataset_2,Right,MobileNet,392,13,50,4,8,0.84,0.619,0.9259,0.6842,0.8607
Dataset_2,Right,MobileNet,393,13,48,9,5,0.8133,0.7222,0.8421,0.65,0.8207
Dataset_2,Right,MobileNet,394,11,50,10,4,0.8133,0.7333,0.8333,0.6111,0.82
Dataset_2,Right,MobileNet,395,15,50,8,2,0.8667,0.8824,0.8621,0.75,0.8955
Dataset_2,Right,MobileNet,396,22,45,7,1,0.8933,0.9565,0.8654,0.8462,0.9557
Dataset_2,Right,MobileNet,397,15,50,5,5,0.8667,0.75,0.9091,0.75,0.8582
Dataset_2,Right,MobileNet,398,14,43,10,8,0.76,0.6364,0.8113,0.6087,0.7873
Dataset_2,Right,MobileNet,399,9,51,6,9,0.8,0.5,0.8947,0.5455,0.7437
Dataset_2,Right,MobileNet,400,15,48,4,8,0.84,0.6522,0.9231,0.7143,0.8503
Dataset_2,Right,MobileNet,401,11,50,10,4,0.8133,0.7333,0.8333,0.6111,0.8622
Dataset_2,Right,MobileNet,402,14,47,9,5,0.8133,0.7368,0.8393,0.6667,0.8938
Dataset_2,Right,MobileNet,403,15,42,8,10,0.76,0.6,0.84,0.625,0.7664
Dataset_2,Right,MobileNet,404,16,42,5,12,0.7733,0.5714,0.8936,0.6531,0.7941
Dataset_2,Right,MobileNet,405,11,46,12,6,0.76,0.6471,0.7931,0.55,0.7789
Dataset_2,Right,MobileNet,406,13,47,7,8,0.8,0.619,0.8704,0.6341,0.784
Dataset_2,Right,MobileNet,407,23,44,4,4,0.8933,0.8519,0.9167,0.8519,0.919
Dataset_2,Right,MobileNet,408,19,39,12,5,0.7733,0.7917,0.7647,0.6909,0.8513
Dataset_2,Right,MobileNet,409,11,51,4,9,0.8267,0.55,0.9273,0.6286,0.8245
Dataset_2,Right,MobileNet,410,13,44,9,9,0.76,0.5909,0.8302,0.5909,0.7479
Dataset_2,Right,MobileNet,411,16,44,7,8,0.8,0.6667,0.8627,0.6809,0.8072
Dataset_2,Right,MobileNet,412,5,51,12,7,0.7467,0.4167,0.8095,0.3448,0.6402
Dataset_2,Right,MobileNet,413,8,47,10,10,0.7333,0.4444,0.8246,0.4444,0.7612
Dataset_2,Right,MobileNet,414,8,50,9,8,0.7733,0.5,0.8475,0.4848,0.7574
Dataset_2,Right,MobileNet,415,13,48,5,9,0.8133,0.5909,0.9057,0.65,0.8774
Dataset_2,Right,MobileNet,416,16,46,8,5,0.8267,0.7619,0.8519,0.7111,0.8439
Dataset_2,Right,MobileNet,417,12,54,6,3,0.88,0.8,0.9,0.7273,0.9389
Dataset_2,Right,MobileNet,418,11,53,4,7,0.8533,0.6111,0.9298,0.6667,0.8109
Dataset_2,Right,MobileNet,419,14,47,4,10,0.8133,0.5833,0.9216,0.6667,0.7051
Dataset_2,Right,MobileNet,420,13,47,10,5,0.8,0.7222,0.8246,0.6341,0.845
Dataset_2,Right,MobileNet,421,9,59,3,4,0.9067,0.6923,0.9516,0.72,0.897
Dataset_2,Right,MobileNet,422,19,44,8,4,0.84,0.8261,0.8462,0.76,0.8955
Dataset_2,Right,MobileNet,423,14,48,8,5,0.8267,0.7368,0.8571,0.6829,0.8571
Dataset_2,Right,MobileNet,424,12,49,12,2,0.8133,0.8571,0.8033,0.6316,0.8876
Dataset_2,Right,MobileNet,425,18,51,4,2,0.92,0.9,0.9273,0.8571,0.9491
Dataset_2,Right,MobileNet,426,14,45,10,6,0.7867,0.7,0.8182,0.6364,0.8145
Dataset_2,Right,MobileNet,427,13,53,6,3,0.88,0.8125,0.8983,0.7429,0.8782
Dataset_2,Right,MobileNet,428,14,43,11,7,0.76,0.6667,0.7963,0.6087,0.836
Dataset_2,Right,MobileNet,429,16,43,8,8,0.7867,0.6667,0.8431,0.6667,0.719
Dataset_2,Right,MobileNet,430,14,50,4,7,0.8533,0.6667,0.9259,0.7179,0.8404
Dataset_2,Right,MobileNet,431,10,45,13,7,0.7333,0.5882,0.7759,0.5,0.7049
Dataset_2,Right,MobileNet,432,14,48,9,4,0.8267,0.7778,0.8421,0.6829,0.8207
Dataset_2,Right,MobileNet,433,14,47,9,5,0.8133,0.7368,0.8393,0.6667,0.8355
Dataset_2,Right,MobileNet,434,16,44,6,9,0.8,0.64,0.88,0.6809,0.8016
Dataset_2,Right,MobileNet,435,14,49,7,5,0.84,0.7368,0.875,0.7,0.8741
Dataset_2,Right,MobileNet,436,19,41,10,5,0.8,0.7917,0.8039,0.717,0.7949
Dataset_2,Right,MobileNet,437,20,45,8,2,0.8667,0.9091,0.8491,0.8,0.922
Dataset_2,Right,MobileNet,438,14,50,4,7,0.8533,0.6667,0.9259,0.7179,0.851
Dataset_2,Right,MobileNet,439,8,55,6,6,0.84,0.5714,0.9016,0.5714,0.8501
Dataset_2,Right,MobileNet,440,18,47,6,4,0.8667,0.8182,0.8868,0.7826,0.9074
Dataset_2,Right,MobileNet,441,20,45,5,5,0.8667,0.8,0.9,0.8,0.8656
Dataset_2,Right,MobileNet,442,13,43,14,5,0.7467,0.7222,0.7544,0.5778,0.7583
Dataset_2,Right,MobileNet,443,13,46,11,5,0.7867,0.7222,0.807,0.619,0.8197
Dataset_2,Right,MobileNet,444,9,45,7,14,0.72,0.3913,0.8654,0.4615,0.7567
Dataset_2,Right,MobileNet,445,11,52,9,3,0.84,0.7857,0.8525,0.6471,0.8501
Dataset_2,Right,MobileNet,446,13,44,10,8,0.76,0.619,0.8148,0.5909,0.7451
Dataset_2,Right,MobileNet,447,8,50,7,10,0.7733,0.4444,0.8772,0.4848,0.7661
Dataset_2,Right,MobileNet,448,18,42,7,8,0.8,0.6923,0.8571,0.7059,0.821
Dataset_2,Right,MobileNet,449,15,46,9,5,0.8133,0.75,0.8364,0.6818,0.8282
Dataset_2,Right,MobileNet,450,17,48,6,4,0.8667,0.8095,0.8889,0.7727,0.8977
Dataset_2,Right,MobileNet,451,17,41,10,7,0.7733,0.7083,0.8039,0.6667,0.7933
Dataset_2,Right,MobileNet,452,18,42,6,9,0.8,0.6667,0.875,0.7059,0.8688
Dataset_2,Right,MobileNet,453,11,47,8,9,0.7733,0.55,0.8545,0.5641,0.7518
Dataset_2,Right,MobileNet,454,12,46,10,7,0.7733,0.6316,0.8214,0.5854,0.7801
Dataset_2,Right,MobileNet,455,9,50,8,8,0.7867,0.5294,0.8621,0.5294,0.7688
Dataset_2,Right,MobileNet,456,17,47,7,4,0.8533,0.8095,0.8704,0.7556,0.8765
Dataset_2,Right,MobileNet,457,14,45,11,5,0.7867,0.7368,0.8036,0.6364,0.8092
Dataset_2,Right,MobileNet,458,18,42,10,5,0.8,0.7826,0.8077,0.7059,0.8169
Dataset_2,Right,MobileNet,459,9,50,8,8,0.7867,0.5294,0.8621,0.5294,0.8256
Dataset_2,Right,MobileNet,460,19,47,4,5,0.88,0.7917,0.9216,0.8085,0.9248
Dataset_2,Right,MobileNet,461,14,45,10,6,0.7867,0.7,0.8182,0.6364,0.7855
Dataset_2,Right,MobileNet,462,12,51,7,5,0.84,0.7059,0.8793,0.6667,0.8469
Dataset_2,Right,MobileNet,463,14,45,11,5,0.7867,0.7368,0.8036,0.6364,0.813
Dataset_2,Right,MobileNet,464,12,42,16,5,0.72,0.7059,0.7241,0.5333,0.8174
Dataset_2,Right,MobileNet,465,12,48,5,10,0.8,0.5455,0.9057,0.6154,0.7633
Dataset_2,Right,MobileNet,466,17,42,11,5,0.7867,0.7727,0.7925,0.68,0.8962
Dataset_2,Right,MobileNet,467,19,45,7,4,0.8533,0.8261,0.8654,0.7755,0.9097
Dataset_2,Right,MobileNet,468,13,43,11,8,0.7467,0.619,0.7963,0.5778,0.7954
Dataset_2,Right,MobileNet,469,19,42,7,7,0.8133,0.7308,0.8571,0.7308,0.8414
Dataset_2,Right,MobileNet,470,12,48,10,5,0.8,0.7059,0.8276,0.6154,0.8022
Dataset_2,Right,MobileNet,471,15,49,6,5,0.8533,0.75,0.8909,0.7317,0.9
Dataset_2,Right,MobileNet,472,7,47,12,9,0.72,0.4375,0.7966,0.4,0.6547
Dataset_2,Right,MobileNet,473,11,50,9,5,0.8133,0.6875,0.8475,0.6111,0.8411
Dataset_2,Right,MobileNet,474,14,45,10,6,0.7867,0.7,0.8182,0.6364,0.7091
Dataset_2,Right,MobileNet,475,16,50,3,6,0.88,0.7273,0.9434,0.7805,0.8997
Dataset_2,Right,MobileNet,476,12,54,5,4,0.88,0.75,0.9153,0.7273,0.9195
Dataset_2,Right,MobileNet,477,13,46,10,6,0.7867,0.6842,0.8214,0.619,0.7444
Dataset_2,Right,MobileNet,478,15,51,2,7,0.88,0.6818,0.9623,0.7692,0.8748
Dataset_2,Right,MobileNet,479,7,47,12,9,0.72,0.4375,0.7966,0.4,0.6208
Dataset_2,Right,MobileNet,480,6,47,13,9,0.7067,0.4,0.7833,0.3529,0.6789
Dataset_2,Right,MobileNet,481,16,48,4,7,0.8533,0.6957,0.9231,0.7442,0.8645
Dataset_2,Right,MobileNet,482,18,40,7,10,0.7733,0.6429,0.8511,0.6792,0.8267
Dataset_2,Right,MobileNet,483,14,49,6,6,0.84,0.7,0.8909,0.7,0.8109
Dataset_2,Right,MobileNet,484,9,52,5,9,0.8133,0.5,0.9123,0.5625,0.8441
Dataset_2,Right,MobileNet,485,17,42,11,5,0.7867,0.7727,0.7925,0.68,0.8216
Dataset_2,Right,MobileNet,486,21,41,5,8,0.8267,0.7241,0.8913,0.7636,0.8223
Dataset_2,Right,MobileNet,487,15,41,12,7,0.7467,0.6818,0.7736,0.6122,0.8002
Dataset_2,Right,MobileNet,488,19,46,4,6,0.8667,0.76,0.92,0.7917,0.8968
Dataset_2,Right,MobileNet,489,11,47,11,6,0.7733,0.6471,0.8103,0.5641,0.8002
Dataset_2,Right,MobileNet,490,13,47,10,5,0.8,0.7222,0.8246,0.6341,0.8567
Dataset_2,Right,MobileNet,491,12,45,10,8,0.76,0.6,0.8182,0.5714,0.74
Dataset_2,Right,MobileNet,492,16,41,12,6,0.76,0.7273,0.7736,0.64,0.8139
Dataset_2,Right,MobileNet,493,13,56,2,4,0.92,0.7647,0.9655,0.8125,0.8986
Dataset_2,Right,MobileNet,494,14,48,9,4,0.8267,0.7778,0.8421,0.6829,0.8674
Dataset_2,Right,MobileNet,495,13,48,9,5,0.8133,0.7222,0.8421,0.65,0.7661
Dataset_2,Right,MobileNet,496,17,51,1,6,0.9067,0.7391,0.9808,0.8293,0.9197
Dataset_2,Right,MobileNet,497,11,46,11,7,0.76,0.6111,0.807,0.55,0.8148
Dataset_2,Right,MobileNet,498,12,48,10,5,0.8,0.7059,0.8276,0.6154,0.8834
Dataset_2,Right,MobileNet,499,11,47,9,8,0.7733,0.5789,0.8393,0.5641,0.7566
Dataset_2,Right,MobileNet,500,11,46,15,3,0.76,0.7857,0.7541,0.55,0.8618
Dataset_2,Right,MobileNet,501,17,47,3,8,0.8533,0.68,0.94,0.7556,0.8496
Dataset_2,Right,MobileNet,502,19,44,10,2,0.84,0.9048,0.8148,0.76,0.9268
Dataset_2,Right,MobileNet,503,13,44,10,8,0.76,0.619,0.8148,0.5909,0.7531
Dataset_2,Right,MobileNet,504,16,49,5,5,0.8667,0.7619,0.9074,0.7619,0.9109
Dataset_2,Right,MobileNet,505,20,37,12,6,0.76,0.7692,0.7551,0.6897,0.763
Dataset_2,Right,MobileNet,506,21,42,5,7,0.84,0.75,0.8936,0.7778,0.8815
Dataset_2,Right,MobileNet,507,16,45,4,10,0.8133,0.6154,0.9184,0.6957,0.8532
Dataset_2,Right,MobileNet,508,17,43,6,9,0.8,0.6538,0.8776,0.6939,0.8885
Dataset_2,Right,MobileNet,509,17,45,9,4,0.8267,0.8095,0.8333,0.7234,0.7707
Dataset_2,Right,MobileNet,510,10,51,9,5,0.8133,0.6667,0.85,0.5882,0.9033
Dataset_2,Right,MobileNet,511,13,49,8,5,0.8267,0.7222,0.8596,0.6667,0.8275
Dataset_2,Right,MobileNet,512,9,56,6,4,0.8667,0.6923,0.9032,0.6429,0.8387
Dataset_2,Right,MobileNet,513,13,49,8,5,0.8267,0.7222,0.8596,0.6667,0.8421
Dataset_2,Right,MobileNet,514,13,50,7,5,0.84,0.7222,0.8772,0.6842,0.8002
Dataset_2,Right,MobileNet,515,12,53,3,7,0.8667,0.6316,0.9464,0.7059,0.9023
Dataset_2,Right,MobileNet,516,17,45,9,4,0.8267,0.8095,0.8333,0.7234,0.8563
Dataset_2,Right,MobileNet,517,16,43,10,6,0.7867,0.7273,0.8113,0.6667,0.8062
Dataset_2,Right,MobileNet,518,11,44,12,8,0.7333,0.5789,0.7857,0.5238,0.7885
Dataset_2,Right,MobileNet,519,18,46,5,6,0.8533,0.75,0.902,0.766,0.7508
Dataset_2,Right,MobileNet,520,13,55,6,1,0.9067,0.9286,0.9016,0.7879,0.9602
Dataset_2,Right,MobileNet,521,18,38,13,6,0.7467,0.75,0.7451,0.6545,0.8203
Dataset_2,Right,MobileNet,522,20,36,13,6,0.7467,0.7692,0.7347,0.678,0.7841
Dataset_2,Right,MobileNet,523,9,54,5,7,0.84,0.5625,0.9153,0.6,0.8909
Dataset_2,Right,MobileNet,524,10,50,7,8,0.8,0.5556,0.8772,0.5714,0.7495
Dataset_2,Right,MobileNet,525,12,53,7,3,0.8667,0.8,0.8833,0.7059,0.9467
Dataset_2,Right,MobileNet,526,19,44,7,5,0.84,0.7917,0.8627,0.76,0.8317
Dataset_2,Right,MobileNet,527,13,55,4,3,0.9067,0.8125,0.9322,0.7879,0.8856
Dataset_2,Right,MobileNet,528,15,47,8,5,0.8267,0.75,0.8545,0.6977,0.7855
Dataset_2,Right,MobileNet,529,6,56,10,3,0.8267,0.6667,0.8485,0.48,0.8737
Dataset_2,Right,MobileNet,530,7,49,9,10,0.7467,0.4118,0.8448,0.4242,0.6288
Dataset_2,Right,MobileNet,531,16,42,8,9,0.7733,0.64,0.84,0.6531,0.8256
Dataset_2,Right,MobileNet,532,18,46,6,5,0.8533,0.7826,0.8846,0.766,0.9189
Dataset_2,Right,MobileNet,533,16,43,13,3,0.7867,0.8421,0.7679,0.6667,0.8233
Dataset_2,Right,MobileNet,534,11,50,7,7,0.8133,0.6111,0.8772,0.6111,0.732
Dataset_2,Right,MobileNet,535,13,50,9,3,0.84,0.8125,0.8475,0.6842,0.8114
Dataset_2,Right,MobileNet,536,15,47,7,6,0.8267,0.7143,0.8704,0.6977,0.8386
Dataset_2,Right,MobileNet,537,10,51,4,10,0.8133,0.5,0.9273,0.5882,0.6364
Dataset_2,Right,MobileNet,538,16,47,8,4,0.84,0.8,0.8545,0.7273,0.9091
Dataset_2,Right,MobileNet,539,17,42,9,7,0.7867,0.7083,0.8235,0.68,0.866
Dataset_2,Right,MobileNet,540,13,51,8,3,0.8533,0.8125,0.8644,0.7027,0.8464
Dataset_2,Right,MobileNet,541,16,48,8,3,0.8533,0.8421,0.8571,0.7442,0.8346
Dataset_2,Right,MobileNet,542,23,36,10,6,0.7867,0.7931,0.7826,0.7419,0.8021
Dataset_2,Right,MobileNet,543,19,40,10,6,0.7867,0.76,0.8,0.7037,0.8696
Dataset_2,Right,MobileNet,544,12,54,7,2,0.88,0.8571,0.8852,0.7273,0.9297
Dataset_2,Right,MobileNet,545,13,52,5,5,0.8667,0.7222,0.9123,0.7222,0.886
Dataset_2,Right,MobileNet,546,18,40,10,7,0.7733,0.72,0.8,0.6792,0.8008
Dataset_2,Right,MobileNet,547,12,47,10,6,0.7867,0.6667,0.8246,0.6,0.7875
Dataset_2,Right,MobileNet,548,16,41,9,9,0.76,0.64,0.82,0.64,0.788
Dataset_2,Right,MobileNet,549,16,47,9,3,0.84,0.8421,0.8393,0.7273,0.8412
Dataset_2,Right,MobileNet,550,14,42,7,12,0.7467,0.5385,0.8571,0.5957,0.7488
Dataset_2,Right,MobileNet,551,9,43,12,11,0.6933,0.45,0.7818,0.439,0.7027
Dataset_2,Right,MobileNet,552,15,49,6,5,0.8533,0.75,0.8909,0.7317,0.8391
Dataset_2,Right,MobileNet,553,14,44,11,6,0.7733,0.7,0.8,0.6222,0.8245
Dataset_2,Right,MobileNet,554,11,50,5,9,0.8133,0.55,0.9091,0.6111,0.7973
Dataset_2,Right,MobileNet,555,17,40,11,7,0.76,0.7083,0.7843,0.6538,0.8374
Dataset_2,Right,MobileNet,556,13,45,8,9,0.7733,0.5909,0.8491,0.6047,0.7916
Dataset_2,Right,MobileNet,557,16,52,4,3,0.9067,0.8421,0.9286,0.8205,0.9549
Dataset_2,Right,MobileNet,558,13,47,4,11,0.8,0.5417,0.9216,0.6341,0.741
Dataset_2,Right,MobileNet,559,13,48,9,5,0.8133,0.7222,0.8421,0.65,0.8743
Dataset_2,Right,MobileNet,560,16,48,5,6,0.8533,0.7273,0.9057,0.7442,0.9074
Dataset_2,Right,MobileNet,561,14,46,8,7,0.8,0.6667,0.8519,0.6512,0.8157
Dataset_2,Right,MobileNet,562,11,47,11,6,0.7733,0.6471,0.8103,0.5641,0.7363
Dataset_2,Right,MobileNet,563,12,52,4,7,0.8533,0.6316,0.9286,0.6857,0.8919
Dataset_2,Right,MobileNet,564,13,38,8,16,0.68,0.4483,0.8261,0.52,0.6882
Dataset_2,Right,MobileNet,565,18,41,9,7,0.7867,0.72,0.82,0.6923,0.844
Dataset_2,Right,MobileNet,566,8,50,5,12,0.7733,0.4,0.9091,0.4848,0.7591
Dataset_2,Right,MobileNet,567,14,44,12,5,0.7733,0.7368,0.7857,0.6222,0.8393
Dataset_2,Right,MobileNet,568,18,42,12,3,0.8,0.8571,0.7778,0.7059,0.9171
Dataset_2,Right,MobileNet,569,13,49,9,4,0.8267,0.7647,0.8448,0.6667,0.9199
Dataset_2,Right,MobileNet,570,14,42,13,6,0.7467,0.7,0.7636,0.5957,0.76
Dataset_2,Right,MobileNet,571,15,45,6,9,0.8,0.625,0.8824,0.6667,0.8472
Dataset_2,Right,MobileNet,572,9,49,10,7,0.7733,0.5625,0.8305,0.5143,0.7839
Dataset_2,Right,MobileNet,573,10,54,3,8,0.8533,0.5556,0.9474,0.6452,0.8294
Dataset_2,Right,MobileNet,574,14,54,4,3,0.9067,0.8235,0.931,0.8,0.9239
Dataset_2,Right,MobileNet,575,18,44,8,5,0.8267,0.7826,0.8462,0.7347,0.857
Dataset_2,Right,MobileNet,576,13,49,9,4,0.8267,0.7647,0.8448,0.6667,0.8144
Dataset_2,Right,MobileNet,577,10,53,8,4,0.84,0.7143,0.8689,0.625,0.8571
Dataset_2,Right,MobileNet,578,15,47,7,6,0.8267,0.7143,0.8704,0.6977,0.724
Dataset_2,Right,MobileNet,579,13,48,6,8,0.8133,0.619,0.8889,0.65,0.836
Dataset_2,Right,MobileNet,580,20,43,7,5,0.84,0.8,0.86,0.7692,0.856
Dataset_2,Right,MobileNet,581,16,43,7,9,0.7867,0.64,0.86,0.6667,0.748
Dataset_2,Right,MobileNet,582,13,47,10,5,0.8,0.7222,0.8246,0.6341,0.8499
Dataset_2,Right,MobileNet,583,19,45,6,5,0.8533,0.7917,0.8824,0.7755,0.8962
Dataset_2,Right,MobileNet,584,14,54,4,3,0.9067,0.8235,0.931,0.8,0.8824
Dataset_2,Right,MobileNet,585,14,49,8,4,0.84,0.7778,0.8596,0.7,0.8587
Dataset_2,Right,MobileNet,586,13,47,11,4,0.8,0.7647,0.8103,0.6341,0.8103
Dataset_2,Right,MobileNet,587,10,53,6,6,0.84,0.625,0.8983,0.625,0.857
Dataset_2,Right,MobileNet,588,7,51,8,9,0.7733,0.4375,0.8644,0.4516,0.7553
Dataset_2,Right,MobileNet,589,11,53,6,5,0.8533,0.6875,0.8983,0.6667,0.8612
Dataset_2,Right,MobileNet,590,9,47,11,8,0.7467,0.5294,0.8103,0.4865,0.8032
Dataset_2,Right,MobileNet,591,19,42,8,6,0.8133,0.76,0.84,0.7308,0.784
Dataset_2,Right,MobileNet,592,11,47,10,7,0.7733,0.6111,0.8246,0.5641,0.7037
Dataset_2,Right,MobileNet,593,15,42,9,9,0.76,0.625,0.8235,0.625,0.7418
Dataset_2,Right,MobileNet,594,8,52,10,5,0.8,0.6154,0.8387,0.5161,0.7891
Dataset_2,Right,MobileNet,595,9,43,12,11,0.6933,0.45,0.7818,0.439,0.6736
Dataset_2,Right,MobileNet,596,18,38,13,6,0.7467,0.75,0.7451,0.6545,0.7753
Dataset_2,Right,MobileNet,597,15,44,9,7,0.7867,0.6818,0.8302,0.6522,0.7925
Dataset_2,Right,MobileNet,598,16,48,7,4,0.8533,0.8,0.8727,0.7442,0.9036
Dataset_2,Right,MobileNet,599,11,47,9,8,0.7733,0.5789,0.8393,0.5641,0.7773
Dataset_2,Right,MobileNet,600,19,43,8,5,0.8267,0.7917,0.8431,0.7451,0.8979
Dataset_2,Right,MobileNet,601,17,47,6,5,0.8533,0.7727,0.8868,0.7556,0.8859
Dataset_2,Right,MobileNet,602,14,53,4,4,0.8933,0.7778,0.9298,0.7778,0.9425
Dataset_2,Right,MobileNet,603,10,42,13,10,0.6933,0.5,0.7636,0.4651,0.72
Dataset_2,Right,MobileNet,604,15,45,8,7,0.8,0.6818,0.8491,0.6667,0.8405
Dataset_2,Right,MobileNet,605,11,40,16,8,0.68,0.5789,0.7143,0.4783,0.6532
Dataset_2,Right,MobileNet,606,15,41,11,8,0.7467,0.6522,0.7885,0.6122,0.7408
Dataset_2,Right,MobileNet,607,12,46,9,8,0.7733,0.6,0.8364,0.5854,0.8
Dataset_2,Right,MobileNet,608,10,52,10,3,0.8267,0.7692,0.8387,0.6061,0.8139
Dataset_2,Right,MobileNet,609,21,45,6,3,0.88,0.875,0.8824,0.8235,0.8848
Dataset_2,Right,MobileNet,610,14,48,6,7,0.8267,0.6667,0.8889,0.6829,0.8783
Dataset_2,Right,MobileNet,611,10,54,7,4,0.8533,0.7143,0.8852,0.6452,0.7986
Dataset_2,Right,MobileNet,612,15,39,15,6,0.72,0.7143,0.7222,0.5882,0.791
Dataset_2,Right,MobileNet,613,13,48,9,5,0.8133,0.7222,0.8421,0.65,0.8275
Dataset_2,Right,MobileNet,614,8,51,11,5,0.7867,0.6154,0.8226,0.5,0.8375
Dataset_2,Right,MobileNet,615,14,50,9,2,0.8533,0.875,0.8475,0.7179,0.9227
Dataset_2,Right,MobileNet,616,17,42,10,6,0.7867,0.7391,0.8077,0.68,0.801
Dataset_2,Right,MobileNet,617,14,54,4,3,0.9067,0.8235,0.931,0.8,0.9037
Dataset_2,Right,MobileNet,618,18,46,8,3,0.8533,0.8571,0.8519,0.766,0.9021
Dataset_2,Right,MobileNet,619,15,43,7,10,0.7733,0.6,0.86,0.6383,0.8072
Dataset_2,Right,MobileNet,620,17,48,6,4,0.8667,0.8095,0.8889,0.7727,0.9383
Dataset_2,Right,MobileNet,621,13,46,12,4,0.7867,0.7647,0.7931,0.619,0.7799
Dataset_2,Right,MobileNet,622,21,45,5,4,0.88,0.84,0.9,0.8235,0.8672
Dataset_2,Right,MobileNet,623,7,55,8,5,0.8267,0.5833,0.873,0.5185,0.8016
Dataset_2,Right,MobileNet,624,11,53,2,9,0.8533,0.55,0.9636,0.6667,0.81
Dataset_2,Right,MobileNet,625,8,50,11,6,0.7733,0.5714,0.8197,0.4848,0.7904
Dataset_2,Right,MobileNet,626,7,52,9,7,0.7867,0.5,0.8525,0.4667,0.7319
Dataset_2,Right,MobileNet,627,13,49,9,4,0.8267,0.7647,0.8448,0.6667,0.857
Dataset_2,Right,MobileNet,628,15,42,9,9,0.76,0.625,0.8235,0.625,0.7467
Dataset_2,Right,MobileNet,629,13,46,6,10,0.7867,0.5652,0.8846,0.619,0.8645
Dataset_2,Right,MobileNet,630,14,45,9,7,0.7867,0.6667,0.8333,0.6364,0.7734
Dataset_2,Right,MobileNet,631,15,41,8,11,0.7467,0.5769,0.8367,0.6122,0.6947
Dataset_2,Right,MobileNet,632,18,39,11,7,0.76,0.72,0.78,0.6667,0.8256
Dataset_2,Right,MobileNet,633,16,51,2,6,0.8933,0.7273,0.9623,0.8,0.9039
Dataset_2,Right,MobileNet,634,13,55,4,3,0.9067,0.8125,0.9322,0.7879,0.9523
Dataset_2,Right,MobileNet,635,16,45,11,3,0.8133,0.8421,0.8036,0.6957,0.86
Dataset_2,Right,MobileNet,636,14,51,3,7,0.8667,0.6667,0.9444,0.7368,0.8704
Dataset_2,Right,MobileNet,637,13,44,11,7,0.76,0.65,0.8,0.5909,0.8127
Dataset_2,Right,MobileNet,638,11,55,7,2,0.88,0.8462,0.8871,0.7097,0.9305
Dataset_2,Right,MobileNet,639,9,48,7,11,0.76,0.45,0.8727,0.5,0.7473
Dataset_2,Right,MobileNet,640,16,40,10,9,0.7467,0.64,0.8,0.6275,0.7848
Dataset_2,Right,MobileNet,641,15,45,8,7,0.8,0.6818,0.8491,0.6667,0.8619
Dataset_2,Right,MobileNet,642,15,48,9,3,0.84,0.8333,0.8421,0.7143,0.8986
Dataset_2,Right,MobileNet,643,13,46,11,5,0.7867,0.7222,0.807,0.619,0.8538
Dataset_2,Right,MobileNet,644,13,46,9,7,0.7867,0.65,0.8364,0.619,0.8018
Dataset_2,Right,MobileNet,645,21,41,4,9,0.8267,0.7,0.9111,0.7636,0.8889
Dataset_2,Right,MobileNet,646,24,40,7,4,0.8533,0.8571,0.8511,0.8136,0.9103
Dataset_2,Right,MobileNet,647,19,38,12,6,0.76,0.76,0.76,0.6786,0.8208
Dataset_2,Right,MobileNet,648,14,51,4,6,0.8667,0.7,0.9273,0.7368,0.8727
Dataset_2,Right,MobileNet,649,13,47,10,5,0.8,0.7222,0.8246,0.6341,0.846
Dataset_2,Right,MobileNet,650,19,41,10,5,0.8,0.7917,0.8039,0.717,0.8554
Dataset_2,Right,MobileNet,651,18,43,7,7,0.8133,0.72,0.86,0.72,0.852
Dataset_2,Right,MobileNet,652,19,40,11,5,0.7867,0.7917,0.7843,0.7037,0.8252
Dataset_2,Right,MobileNet,653,13,39,13,10,0.6933,0.5652,0.75,0.5306,0.7015
Dataset_2,Right,MobileNet,654,19,45,5,6,0.8533,0.76,0.9,0.7755,0.8696
Dataset_2,Right,MobileNet,655,14,45,9,7,0.7867,0.6667,0.8333,0.6364,0.7919
Dataset_2,Right,MobileNet,656,15,48,9,3,0.84,0.8333,0.8421,0.7143,0.8811
Dataset_2,Right,MobileNet,657,10,43,10,12,0.7067,0.4545,0.8113,0.4762,0.7015
Dataset_2,Right,MobileNet,658,11,46,10,8,0.76,0.5789,0.8214,0.55,0.8102
Dataset_2,Right,MobileNet,659,17,47,6,5,0.8533,0.7727,0.8868,0.7556,0.9099
Dataset_2,Right,MobileNet,660,17,41,8,9,0.7733,0.6538,0.8367,0.6667,0.814
Dataset_2,Right,MobileNet,661,12,48,7,8,0.8,0.6,0.8727,0.6154,0.7864
Dataset_2,Right,MobileNet,662,7,49,10,9,0.7467,0.4375,0.8305,0.4242,0.535
Dataset_2,Right,MobileNet,663,14,41,12,8,0.7333,0.6364,0.7736,0.5833,0.7796
Dataset_2,Right,MobileNet,664,14,44,7,10,0.7733,0.5833,0.8627,0.6222,0.7288
Dataset_2,Right,MobileNet,665,10,53,6,6,0.84,0.625,0.8983,0.625,0.8739
Dataset_2,Right,MobileNet,666,15,47,9,4,0.8267,0.7895,0.8393,0.6977,0.8571
Dataset_2,Right,MobileNet,667,11,48,11,5,0.7867,0.6875,0.8136,0.5789,0.8157
Dataset_2,Right,MobileNet,668,17,47,9,2,0.8533,0.8947,0.8393,0.7556,0.8919
Dataset_2,Right,MobileNet,669,16,44,9,6,0.8,0.7273,0.8302,0.6809,0.8268
Dataset_2,Right,MobileNet,670,15,45,6,9,0.8,0.625,0.8824,0.6667,0.7639
Dataset_2,Right,MobileNet,671,19,42,10,4,0.8133,0.8261,0.8077,0.7308,0.8311
Dataset_2,Right,MobileNet,672,17,38,12,8,0.7333,0.68,0.76,0.6296,0.7368
Dataset_2,Right,MobileNet,673,12,43,10,10,0.7333,0.5455,0.8113,0.5455,0.7744
Dataset_2,Right,MobileNet,674,16,43,8,8,0.7867,0.6667,0.8431,0.6667,0.8317
Dataset_2,Right,MobileNet,675,11,50,7,7,0.8133,0.6111,0.8772,0.6111,0.7632
Dataset_2,Right,MobileNet,676,15,46,9,5,0.8133,0.75,0.8364,0.6818,0.8009
Dataset_2,Right,MobileNet,677,17,42,10,6,0.7867,0.7391,0.8077,0.68,0.8085
Dataset_2,Right,MobileNet,678,12,51,6,6,0.84,0.6667,0.8947,0.6667,0.9035
Dataset_2,Right,MobileNet,679,16,50,7,2,0.88,0.8889,0.8772,0.7805,0.9025
Dataset_2,Right,MobileNet,680,16,46,9,4,0.8267,0.8,0.8364,0.7111,0.8645
Dataset_2,Right,MobileNet,681,9,47,15,4,0.7467,0.6923,0.7581,0.4865,0.8189
Dataset_2,Right,MobileNet,682,12,48,6,9,0.8,0.5714,0.8889,0.6154,0.7884
Dataset_2,Right,MobileNet,683,17,45,9,4,0.8267,0.8095,0.8333,0.7234,0.8836
Dataset_2,Right,MobileNet,684,9,49,10,7,0.7733,0.5625,0.8305,0.5143,0.7913
Dataset_2,Right,MobileNet,685,16,46,7,6,0.8267,0.7273,0.8679,0.7111,0.8036
Dataset_2,Right,MobileNet,686,8,48,12,7,0.7467,0.5333,0.8,0.4571,0.6767
Dataset_2,Right,MobileNet,687,14,48,5,8,0.8267,0.6364,0.9057,0.6829,0.8619
Dataset_2,Right,MobileNet,688,16,45,9,5,0.8133,0.7619,0.8333,0.6957,0.7901
Dataset_2,Right,MobileNet,689,10,53,4,8,0.84,0.5556,0.9298,0.625,0.8626
Dataset_2,Right,MobileNet,690,12,48,12,3,0.8,0.8,0.8,0.6154,0.8767
Dataset_2,Right,MobileNet,691,11,49,9,6,0.8,0.6471,0.8448,0.5946,0.8834
Dataset_2,Right,MobileNet,692,16,50,6,3,0.88,0.8421,0.8929,0.7805,0.9605
Dataset_2,Right,MobileNet,693,14,50,4,7,0.8533,0.6667,0.9259,0.7179,0.7522
Dataset_2,Right,MobileNet,694,14,50,8,3,0.8533,0.8235,0.8621,0.7179,0.8763
Dataset_2,Right,MobileNet,695,8,50,12,5,0.7733,0.6154,0.8065,0.4848,0.804
Dataset_2,Right,MobileNet,696,10,51,6,8,0.8133,0.5556,0.8947,0.5882,0.7554
Dataset_2,Right,MobileNet,697,20,44,7,4,0.8533,0.8333,0.8627,0.7843,0.9003
Dataset_2,Right,MobileNet,698,9,50,7,9,0.7867,0.5,0.8772,0.5294,0.7641
Dataset_2,Right,MobileNet,699,17,42,11,5,0.7867,0.7727,0.7925,0.68,0.8533
Dataset_2,Right,MobileNet,700,9,45,13,8,0.72,0.5294,0.7759,0.4615,0.7282
Dataset_2,Right,MobileNet,701,15,43,12,5,0.7733,0.75,0.7818,0.6383,0.8391
Dataset_2,Right,MobileNet,702,16,44,7,8,0.8,0.6667,0.8627,0.6809,0.7908
Dataset_2,Right,MobileNet,703,12,43,11,9,0.7333,0.5714,0.7963,0.5455,0.7293
Dataset_2,Right,MobileNet,704,5,54,9,7,0.7867,0.4167,0.8571,0.3846,0.6574
Dataset_2,Right,MobileNet,705,18,43,6,8,0.8133,0.6923,0.8776,0.72,0.8791
Dataset_2,Right,MobileNet,706,14,46,6,9,0.8,0.6087,0.8846,0.6512,0.8562
Dataset_2,Right,MobileNet,707,16,49,8,2,0.8667,0.8889,0.8596,0.7619,0.8996
Dataset_2,Right,MobileNet,708,11,45,12,7,0.7467,0.6111,0.7895,0.5366,0.7797
Dataset_2,Right,MobileNet,709,13,48,8,6,0.8133,0.6842,0.8571,0.65,0.8289
Dataset_2,Right,MobileNet,710,17,43,7,8,0.8,0.68,0.86,0.6939,0.7664
Dataset_2,Right,MobileNet,711,14,48,9,4,0.8267,0.7778,0.8421,0.6829,0.8353
Dataset_2,Right,MobileNet,712,17,48,4,6,0.8667,0.7391,0.9231,0.7727,0.8227
Dataset_2,Right,MobileNet,713,16,50,7,2,0.88,0.8889,0.8772,0.7805,0.9376
Dataset_2,Right,MobileNet,714,13,41,10,11,0.72,0.5417,0.8039,0.5532,0.8072
Dataset_2,Right,MobileNet,715,14,48,6,7,0.8267,0.6667,0.8889,0.6829,0.8069
Dataset_2,Right,MobileNet,716,12,38,11,14,0.6667,0.4615,0.7755,0.4898,0.6805
Dataset_2,Right,MobileNet,717,11,49,5,10,0.8,0.5238,0.9074,0.5946,0.7293
Dataset_2,Right,MobileNet,718,12,47,12,4,0.7867,0.75,0.7966,0.6,0.8125
Dataset_2,Right,MobileNet,719,15,49,8,3,0.8533,0.8333,0.8596,0.7317,0.846
Dataset_2,Right,MobileNet,720,15,42,12,6,0.76,0.7143,0.7778,0.625,0.7831
Dataset_2,Right,MobileNet,721,8,53,11,3,0.8133,0.7273,0.8281,0.5333,0.7741
Dataset_2,Right,MobileNet,722,11,54,7,3,0.8667,0.7857,0.8852,0.6875,0.8525
Dataset_2,Right,MobileNet,723,19,44,5,7,0.84,0.7308,0.898,0.76,0.8085
Dataset_2,Right,MobileNet,724,16,47,5,7,0.84,0.6957,0.9038,0.7273,0.8737
Dataset_2,Right,MobileNet,725,15,44,9,7,0.7867,0.6818,0.8302,0.6522,0.7804
Dataset_2,Right,MobileNet,726,14,51,6,4,0.8667,0.7778,0.8947,0.7368,0.8986
Dataset_2,Right,MobileNet,727,16,43,9,7,0.7867,0.6957,0.8269,0.6667,0.8152
Dataset_2,Right,MobileNet,728,16,37,16,6,0.7067,0.7273,0.6981,0.5926,0.7333
Dataset_2,Right,MobileNet,729,18,39,10,8,0.76,0.6923,0.7959,0.6667,0.821
Dataset_2,Right,MobileNet,730,13,46,10,6,0.7867,0.6842,0.8214,0.619,0.7989
Dataset_2,Right,MobileNet,731,15,46,7,7,0.8133,0.6818,0.8679,0.6818,0.753
Dataset_2,Right,MobileNet,732,20,46,5,4,0.88,0.8333,0.902,0.8163,0.8497
Dataset_2,Right,MobileNet,733,12,47,10,6,0.7867,0.6667,0.8246,0.6,0.769
Dataset_2,Right,MobileNet,734,11,44,12,8,0.7333,0.5789,0.7857,0.5238,0.735
Dataset_2,Right,MobileNet,735,22,39,9,5,0.8133,0.8148,0.8125,0.7586,0.8326
Dataset_2,Right,MobileNet,736,14,50,6,5,0.8533,0.7368,0.8929,0.7179,0.8778
Dataset_2,Right,MobileNet,737,13,51,6,5,0.8533,0.7222,0.8947,0.7027,0.8314
Dataset_2,Right,MobileNet,738,10,51,8,6,0.8133,0.625,0.8644,0.5882,0.8072
Dataset_2,Right,MobileNet,739,15,42,13,5,0.76,0.75,0.7636,0.625,0.8191
Dataset_2,Right,MobileNet,740,19,46,5,5,0.8667,0.7917,0.902,0.7917,0.8881
Dataset_2,Right,MobileNet,741,14,46,7,8,0.8,0.6364,0.8679,0.6512,0.7796
Dataset_2,Right,MobileNet,742,15,50,7,3,0.8667,0.8333,0.8772,0.75,0.885
Dataset_2,Right,MobileNet,743,11,46,9,9,0.76,0.55,0.8364,0.55,0.6891
Dataset_2,Right,MobileNet,744,14,53,4,4,0.8933,0.7778,0.9298,0.7778,0.9376
Dataset_2,Right,MobileNet,745,10,47,13,5,0.76,0.6667,0.7833,0.5263,0.7478
Dataset_2,Right,MobileNet,746,9,54,9,3,0.84,0.75,0.8571,0.6,0.873
Dataset_2,Right,MobileNet,747,11,49,11,4,0.8,0.7333,0.8167,0.5946,0.8444
Dataset_2,Right,MobileNet,748,10,46,10,9,0.7467,0.5263,0.8214,0.5128,0.7397
Dataset_2,Right,MobileNet,749,13,53,5,4,0.88,0.7647,0.9138,0.7429,0.9158
Dataset_2,Right,MobileNet,750,19,48,3,5,0.8933,0.7917,0.9412,0.8261,0.9208
Dataset_2,Right,MobileNet,751,12,47,6,10,0.7867,0.5455,0.8868,0.6,0.825
Dataset_2,Right,MobileNet,752,22,41,6,6,0.84,0.7857,0.8723,0.7857,0.8518
Dataset_2,Right,MobileNet,753,13,49,9,4,0.8267,0.7647,0.8448,0.6667,0.859
Dataset_2,Right,MobileNet,754,21,36,8,10,0.76,0.6774,0.8182,0.7,0.8277
Dataset_2,Right,MobileNet,755,11,47,6,11,0.7733,0.5,0.8868,0.5641,0.7504
Dataset_2,Right,MobileNet,756,12,48,5,10,0.8,0.5455,0.9057,0.6154,0.8208
Dataset_2,Right,MobileNet,757,17,45,6,7,0.8267,0.7083,0.8824,0.7234,0.8538
Dataset_2,Right,MobileNet,758,14,44,10,7,0.7733,0.6667,0.8148,0.6222,0.8025
Dataset_2,Right,MobileNet,759,12,48,6,9,0.8,0.5714,0.8889,0.6154,0.8607
Dataset_2,Right,MobileNet,760,10,55,5,5,0.8667,0.6667,0.9167,0.6667,0.8867
Dataset_2,Right,MobileNet,761,10,51,8,6,0.8133,0.625,0.8644,0.5882,0.8305
Dataset_2,Right,MobileNet,762,14,49,10,2,0.84,0.875,0.8305,0.7,0.9015
Dataset_2,Right,MobileNet,763,9,43,13,10,0.6933,0.4737,0.7679,0.439,0.7726
Dataset_2,Right,MobileNet,764,14,41,14,6,0.7333,0.7,0.7455,0.5833,0.8018
Dataset_2,Right,MobileNet,765,20,43,5,7,0.84,0.7407,0.8958,0.7692,0.8596
Dataset_2,Right,MobileNet,766,14,42,10,9,0.7467,0.6087,0.8077,0.5957,0.7901
Dataset_2,Right,MobileNet,767,11,54,9,1,0.8667,0.9167,0.8571,0.6875,0.9524
Dataset_2,Right,MobileNet,768,17,49,4,5,0.88,0.7727,0.9245,0.7907,0.8302
Dataset_2,Right,MobileNet,769,18,38,11,8,0.7467,0.6923,0.7755,0.6545,0.7457
Dataset_2,Right,MobileNet,770,10,49,9,7,0.7867,0.5882,0.8448,0.5556,0.8093
Dataset_2,Right,MobileNet,771,17,40,11,7,0.76,0.7083,0.7843,0.6538,0.8497
Dataset_2,Right,MobileNet,772,7,53,6,9,0.8,0.4375,0.8983,0.4828,0.7574
Dataset_2,Right,MobileNet,773,11,49,10,5,0.8,0.6875,0.8305,0.5946,0.7998
Dataset_2,Right,MobileNet,774,12,48,12,3,0.8,0.8,0.8,0.6154,0.8167
Dataset_2,Right,MobileNet,775,11,51,7,6,0.8267,0.6471,0.8793,0.6286,0.8712
Dataset_2,Right,MobileNet,776,9,51,8,7,0.8,0.5625,0.8644,0.5455,0.7934
Dataset_2,Right,MobileNet,777,12,50,8,5,0.8267,0.7059,0.8621,0.6486,0.8661
Dataset_2,Right,MobileNet,778,16,47,6,6,0.84,0.7273,0.8868,0.7273,0.8816
Dataset_2,Right,MobileNet,779,17,45,9,4,0.8267,0.8095,0.8333,0.7234,0.8836
Dataset_2,Right,MobileNet,780,10,48,9,8,0.7733,0.5556,0.8421,0.5405,0.8216
Dataset_2,Right,MobileNet,781,14,50,6,5,0.8533,0.7368,0.8929,0.7179,0.8318
Dataset_2,Right,MobileNet,782,14,47,9,5,0.8133,0.7368,0.8393,0.6667,0.7961
Dataset_2,Right,MobileNet,783,14,51,6,4,0.8667,0.7778,0.8947,0.7368,0.8918
Dataset_2,Right,MobileNet,784,11,47,13,4,0.7733,0.7333,0.7833,0.5641,0.75
Dataset_2,Right,MobileNet,785,13,45,12,5,0.7733,0.7222,0.7895,0.6047,0.8304
Dataset_2,Right,MobileNet,786,21,43,5,6,0.8533,0.7778,0.8958,0.7925,0.8696
Dataset_2,Right,MobileNet,787,17,48,6,4,0.8667,0.8095,0.8889,0.7727,0.8404
Dataset_2,Right,MobileNet,788,12,52,8,3,0.8533,0.8,0.8667,0.6857,0.9056
Dataset_2,Right,MobileNet,789,13,41,10,11,0.72,0.5417,0.8039,0.5532,0.7067
Dataset_2,Right,MobileNet,790,17,44,8,6,0.8133,0.7391,0.8462,0.7083,0.7843
Dataset_2,Right,MobileNet,791,15,48,6,6,0.84,0.7143,0.8889,0.7143,0.9048
Dataset_2,Right,MobileNet,792,12,45,7,11,0.76,0.5217,0.8654,0.5714,0.7291
Dataset_2,Right,MobileNet,793,11,50,8,6,0.8133,0.6471,0.8621,0.6111,0.7647
Dataset_2,Right,MobileNet,794,12,47,7,9,0.7867,0.5714,0.8704,0.6,0.8131
Dataset_2,Right,MobileNet,795,16,52,4,3,0.9067,0.8421,0.9286,0.8205,0.9305
Dataset_2,Right,MobileNet,796,20,35,14,6,0.7333,0.7692,0.7143,0.6667,0.8053
Dataset_2,Right,MobileNet,797,14,50,7,4,0.8533,0.7778,0.8772,0.7179,0.9152
Dataset_2,Right,MobileNet,798,12,47,11,5,0.7867,0.7059,0.8103,0.6,0.7475
Dataset_2,Right,MobileNet,799,21,39,11,4,0.8,0.84,0.78,0.7368,0.8536
Dataset_2,Right,MobileNet,800,11,45,12,7,0.7467,0.6111,0.7895,0.5366,0.7573
Dataset_2,Right,MobileNet,801,15,48,8,4,0.84,0.7895,0.8571,0.7143,0.9004
Dataset_2,Right,MobileNet,802,15,43,9,8,0.7733,0.6522,0.8269,0.6383,0.8562
Dataset_2,Right,MobileNet,803,10,55,8,2,0.8667,0.8333,0.873,0.6667,0.914
Dataset_2,Right,MobileNet,804,17,45,8,5,0.8267,0.7727,0.8491,0.7234,0.8525
Dataset_2,Right,MobileNet,805,17,49,5,4,0.88,0.8095,0.9074,0.7907,0.8757
Dataset_2,Right,MobileNet,806,14,44,8,9,0.7733,0.6087,0.8462,0.6222,0.8528
Dataset_2,Right,MobileNet,807,6,50,9,10,0.7467,0.375,0.8475,0.3871,0.6229
Dataset_2,Right,MobileNet,808,14,46,4,11,0.8,0.56,0.92,0.6512,0.8592
Dataset_2,Right,MobileNet,809,12,50,6,7,0.8267,0.6316,0.8929,0.6486,0.7857
Dataset_2,Right,MobileNet,810,16,49,5,5,0.8667,0.7619,0.9074,0.7619,0.8642
Dataset_2,Right,MobileNet,811,18,47,7,3,0.8667,0.8571,0.8704,0.7826,0.8801
Dataset_2,Right,MobileNet,812,17,49,6,3,0.88,0.85,0.8909,0.7907,0.8764
Dataset_2,Right,MobileNet,813,13,55,6,1,0.9067,0.9286,0.9016,0.7879,0.966
Dataset_2,Right,MobileNet,814,15,48,5,7,0.84,0.6818,0.9057,0.7143,0.9142
Dataset_2,Right,MobileNet,815,9,52,12,2,0.8133,0.8182,0.8125,0.5625,0.892
Dataset_2,Right,MobileNet,816,10,49,7,9,0.7867,0.5263,0.875,0.5556,0.7829
Dataset_2,Right,MobileNet,817,12,50,7,6,0.8267,0.6667,0.8772,0.6486,0.7641
Dataset_2,Right,MobileNet,818,13,46,11,5,0.7867,0.7222,0.807,0.619,0.8616
Dataset_2,Right,MobileNet,819,18,50,5,2,0.9067,0.9,0.9091,0.8372,0.9191
Dataset_2,Right,MobileNet,820,16,44,9,6,0.8,0.7273,0.8302,0.6809,0.8439
Dataset_2,Right,MobileNet,821,11,57,3,4,0.9067,0.7333,0.95,0.7586,0.8767
Dataset_2,Right,MobileNet,822,13,51,6,5,0.8533,0.7222,0.8947,0.7027,0.8713
Dataset_2,Right,MobileNet,823,12,52,9,2,0.8533,0.8571,0.8525,0.6857,0.9145
Dataset_2,Right,MobileNet,824,15,45,11,4,0.8,0.7895,0.8036,0.6667,0.8496
Dataset_2,Right,MobileNet,825,14,51,7,3,0.8667,0.8235,0.8793,0.7368,0.8722
Dataset_2,Right,MobileNet,826,13,45,11,6,0.7733,0.6842,0.8036,0.6047,0.8092
Dataset_2,Right,MobileNet,827,14,42,12,7,0.7467,0.6667,0.7778,0.5957,0.761
Dataset_2,Right,MobileNet,828,8,53,5,9,0.8133,0.4706,0.9138,0.5333,0.7921
Dataset_2,Right,MobileNet,829,16,46,10,3,0.8267,0.8421,0.8214,0.7111,0.8017
Dataset_2,Right,MobileNet,830,7,57,8,3,0.8533,0.7,0.8769,0.56,0.8354
Dataset_2,Right,MobileNet,831,15,37,11,12,0.6933,0.5556,0.7708,0.566,0.6559
Dataset_2,Right,MobileNet,832,16,47,7,5,0.84,0.7619,0.8704,0.7273,0.8466
Dataset_2,Right,MobileNet,833,10,55,7,3,0.8667,0.7692,0.8871,0.6667,0.8437
Dataset_2,Right,MobileNet,834,16,44,9,6,0.8,0.7273,0.8302,0.6809,0.8559
Dataset_2,Right,MobileNet,835,15,42,10,8,0.76,0.6522,0.8077,0.625,0.7885
Dataset_2,Right,MobileNet,836,16,41,7,11,0.76,0.5926,0.8542,0.64,0.7569
Dataset_2,Right,MobileNet,837,10,50,3,12,0.8,0.4545,0.9434,0.5714,0.771
Dataset_2,Right,MobileNet,838,13,48,10,4,0.8133,0.7647,0.8276,0.65,0.8022
Dataset_2,Right,MobileNet,839,15,46,6,8,0.8133,0.6522,0.8846,0.6818,0.8018
Dataset_2,Right,MobileNet,840,14,45,9,7,0.7867,0.6667,0.8333,0.6364,0.7646
Dataset_2,Right,MobileNet,841,12,50,5,8,0.8267,0.6,0.9091,0.6486,0.8282
Dataset_2,Right,MobileNet,842,15,46,4,10,0.8133,0.6,0.92,0.6818,0.7632
Dataset_2,Right,MobileNet,843,18,45,9,3,0.84,0.8571,0.8333,0.75,0.866
Dataset_2,Right,MobileNet,844,15,47,5,8,0.8267,0.6522,0.9038,0.6977,0.8537
Dataset_2,Right,MobileNet,845,11,49,8,7,0.8,0.6111,0.8596,0.5946,0.8635
Dataset_2,Right,MobileNet,846,11,51,7,6,0.8267,0.6471,0.8793,0.6286,0.926
Dataset_2,Right,MobileNet,847,14,50,5,6,0.8533,0.7,0.9091,0.7179,0.9091
Dataset_2,Right,MobileNet,848,17,47,9,2,0.8533,0.8947,0.8393,0.7556,0.9032
Dataset_2,Right,MobileNet,849,15,47,9,4,0.8267,0.7895,0.8393,0.6977,0.8581
Dataset_2,Right,MobileNet,850,12,52,6,5,0.8533,0.7059,0.8966,0.6857,0.8499
Dataset_2,Right,MobileNet,851,11,54,7,3,0.8667,0.7857,0.8852,0.6875,0.9192
Dataset_2,Right,MobileNet,852,12,45,12,6,0.76,0.6667,0.7895,0.5714,0.7924
Dataset_2,Right,MobileNet,853,8,49,11,7,0.76,0.5333,0.8167,0.4706,0.6867
Dataset_2,Right,MobileNet,854,16,49,6,4,0.8667,0.8,0.8909,0.7619,0.9273
Dataset_2,Right,MobileNet,855,9,54,10,2,0.84,0.8182,0.8438,0.6,0.902
Dataset_2,Right,MobileNet,856,11,45,13,6,0.7467,0.6471,0.7759,0.5366,0.7566
Dataset_2,Right,MobileNet,857,7,52,12,4,0.7867,0.6364,0.8125,0.4667,0.6847
Dataset_2,Right,MobileNet,858,14,47,10,4,0.8133,0.7778,0.8246,0.6667,0.7856
Dataset_2,Right,MobileNet,859,11,50,6,8,0.8133,0.5789,0.8929,0.6111,0.859
Dataset_2,Right,MobileNet,860,9,48,5,13,0.76,0.4091,0.9057,0.5,0.7822
Dataset_2,Right,MobileNet,861,18,35,13,9,0.7067,0.6667,0.7292,0.6207,0.7647
Dataset_2,Right,MobileNet,862,17,43,7,8,0.8,0.68,0.86,0.6939,0.7904
Dataset_2,Right,MobileNet,863,15,48,7,5,0.84,0.75,0.8727,0.7143,0.82
Dataset_2,Right,MobileNet,864,16,44,8,7,0.8,0.6957,0.8462,0.6809,0.791
Dataset_2,Right,MobileNet,865,16,45,9,5,0.8133,0.7619,0.8333,0.6957,0.8536
Dataset_2,Right,MobileNet,866,17,42,6,10,0.7867,0.6296,0.875,0.68,0.8573
Dataset_2,Right,MobileNet,867,20,42,6,7,0.8267,0.7407,0.875,0.7547,0.8241
Dataset_2,Right,MobileNet,868,16,44,8,7,0.8,0.6957,0.8462,0.6809,0.7592
Dataset_2,Right,MobileNet,869,9,52,6,8,0.8133,0.5294,0.8966,0.5625,0.7992
Dataset_2,Right,MobileNet,870,13,48,12,2,0.8133,0.8667,0.8,0.65,0.8089
Dataset_2,Right,MobileNet,871,16,45,6,8,0.8133,0.6667,0.8824,0.6957,0.8472
Dataset_2,Right,MobileNet,872,12,53,6,4,0.8667,0.75,0.8983,0.7059,0.8665
Dataset_2,Right,MobileNet,873,18,40,11,6,0.7733,0.75,0.7843,0.6792,0.7394
Dataset_2,Right,MobileNet,874,14,44,11,6,0.7733,0.7,0.8,0.6222,0.8218
Dataset_2,Right,MobileNet,875,15,45,7,8,0.8,0.6522,0.8654,0.6667,0.857
Dataset_2,Right,MobileNet,876,7,53,5,10,0.8,0.4118,0.9138,0.4828,0.7241
Dataset_2,Right,MobileNet,877,15,42,15,3,0.76,0.8333,0.7368,0.625,0.8333
Dataset_2,Right,MobileNet,878,16,52,6,1,0.9067,0.9412,0.8966,0.8205,0.9696
Dataset_2,Right,MobileNet,879,13,44,11,7,0.76,0.65,0.8,0.5909,0.7636
Dataset_2,Right,MobileNet,880,14,47,8,6,0.8133,0.7,0.8545,0.6667,0.8455
Dataset_2,Right,MobileNet,881,11,47,7,10,0.7733,0.5238,0.8704,0.5641,0.8527
Dataset_2,Right,MobileNet,882,16,46,7,6,0.8267,0.7273,0.8679,0.7111,0.795
Dataset_2,Right,MobileNet,883,15,44,8,8,0.7867,0.6522,0.8462,0.6522,0.8144
Dataset_2,Right,MobileNet,884,21,41,5,8,0.8267,0.7241,0.8913,0.7636,0.8591
Dataset_2,Right,MobileNet,885,13,49,6,7,0.8267,0.65,0.8909,0.6667,0.7418
Dataset_2,Right,MobileNet,886,14,47,6,8,0.8133,0.6364,0.8868,0.6667,0.8645
Dataset_2,Right,MobileNet,887,19,47,4,5,0.88,0.7917,0.9216,0.8085,0.9052
Dataset_2,Right,MobileNet,888,11,51,7,6,0.8267,0.6471,0.8793,0.6286,0.7444
Dataset_2,Right,MobileNet,889,14,49,7,5,0.84,0.7368,0.875,0.7,0.8957
Dataset_2,Right,MobileNet,890,17,47,5,6,0.8533,0.7391,0.9038,0.7556,0.8336
Dataset_2,Right,MobileNet,891,8,55,6,6,0.84,0.5714,0.9016,0.5714,0.7553
Dataset_2,Right,MobileNet,892,11,49,7,8,0.8,0.5789,0.875,0.5946,0.7932
Dataset_2,Right,MobileNet,893,15,48,6,6,0.84,0.7143,0.8889,0.7143,0.9048
Dataset_2,Right,MobileNet,894,13,43,9,10,0.7467,0.5652,0.8269,0.5778,0.6873
Dataset_2,Right,MobileNet,895,13,45,8,9,0.7733,0.5909,0.8491,0.6047,0.7864
Dataset_2,Right,MobileNet,896,9,57,7,2,0.88,0.8182,0.8906,0.6667,0.8892
Dataset_2,Right,MobileNet,897,12,46,11,6,0.7733,0.6667,0.807,0.5854,0.8441
Dataset_2,Right,MobileNet,898,15,50,5,5,0.8667,0.75,0.9091,0.75,0.8918
Dataset_2,Right,MobileNet,899,12,44,12,7,0.7467,0.6316,0.7857,0.5581,0.7791
Dataset_2,Right,MobileNet,900,14,51,8,2,0.8667,0.875,0.8644,0.7368,0.8983
Dataset_2,Right,MobileNet,901,12,48,7,8,0.8,0.6,0.8727,0.6154,0.7727
Dataset_2,Right,MobileNet,902,16,44,11,4,0.8,0.8,0.8,0.6809,0.7927
Dataset_2,Right,MobileNet,903,11,52,5,7,0.84,0.6111,0.9123,0.6471,0.8519
Dataset_2,Right,MobileNet,904,12,43,14,6,0.7333,0.6667,0.7544,0.5455,0.8402
Dataset_2,Right,MobileNet,905,15,42,10,8,0.76,0.6522,0.8077,0.625,0.7115
Dataset_2,Right,MobileNet,906,10,43,15,7,0.7067,0.5882,0.7414,0.4762,0.7343
Dataset_2,Right,MobileNet,907,9,56,7,3,0.8667,0.75,0.8889,0.6429,0.9074
Dataset_2,Right,MobileNet,908,17,44,6,8,0.8133,0.68,0.88,0.7083,0.8808
Dataset_2,Right,MobileNet,909,16,44,9,6,0.8,0.7273,0.8302,0.6809,0.8002
Dataset_2,Right,MobileNet,910,10,56,5,4,0.88,0.7143,0.918,0.6897,0.8712
Dataset_2,Right,MobileNet,911,21,35,8,11,0.7467,0.6562,0.814,0.6885,0.8212
Dataset_2,Right,MobileNet,912,15,46,11,3,0.8133,0.8333,0.807,0.6818,0.8353
Dataset_2,Right,MobileNet,913,15,48,8,4,0.84,0.7895,0.8571,0.7143,0.8825
Dataset_2,Right,MobileNet,914,12,43,16,4,0.7333,0.75,0.7288,0.5455,0.785
Dataset_2,Right,MobileNet,915,17,38,12,8,0.7333,0.68,0.76,0.6296,0.7456
Dataset_2,Right,MobileNet,916,14,49,7,5,0.84,0.7368,0.875,0.7,0.8609
Dataset_2,Right,MobileNet,917,10,48,11,6,0.7733,0.625,0.8136,0.5405,0.8633
Dataset_2,Right,MobileNet,918,12,51,6,6,0.84,0.6667,0.8947,0.6667,0.8333
Dataset_2,Right,MobileNet,919,18,46,6,5,0.8533,0.7826,0.8846,0.766,0.9231
Dataset_2,Right,MobileNet,920,16,46,7,6,0.8267,0.7273,0.8679,0.7111,0.7659
Dataset_2,Right,MobileNet,921,20,40,8,7,0.8,0.7407,0.8333,0.7273,0.8719
Dataset_2,Right,MobileNet,922,15,46,9,5,0.8133,0.75,0.8364,0.6818,0.8536
Dataset_2,Right,MobileNet,923,14,45,10,6,0.7867,0.7,0.8182,0.6364,0.8282
Dataset_2,Right,MobileNet,924,13,49,11,2,0.8267,0.8667,0.8167,0.6667,0.8422
Dataset_2,Right,MobileNet,925,13,48,7,7,0.8133,0.65,0.8727,0.65,0.8227
Dataset_2,Right,MobileNet,926,14,40,12,9,0.72,0.6087,0.7692,0.5714,0.8186
Dataset_2,Right,MobileNet,927,15,46,8,6,0.8133,0.7143,0.8519,0.6818,0.8263
Dataset_2,Right,MobileNet,928,16,38,9,12,0.72,0.5714,0.8085,0.6038,0.7074
Dataset_2,Right,MobileNet,929,11,54,3,7,0.8667,0.6111,0.9474,0.6875,0.8051
Dataset_2,Right,MobileNet,930,14,50,7,4,0.8533,0.7778,0.8772,0.7179,0.8489
Dataset_2,Right,MobileNet,931,16,52,6,1,0.9067,0.9412,0.8966,0.8205,0.9706
Dataset_2,Right,MobileNet,932,13,45,11,6,0.7733,0.6842,0.8036,0.6047,0.8073
Dataset_2,Right,MobileNet,933,14,54,6,1,0.9067,0.9333,0.9,0.8,0.9678
Dataset_2,Right,MobileNet,934,12,45,11,7,0.76,0.6316,0.8036,0.5714,0.735
Dataset_2,Right,MobileNet,935,7,53,7,8,0.8,0.4667,0.8833,0.4828,0.8211
Dataset_2,Right,MobileNet,936,14,43,9,9,0.76,0.6087,0.8269,0.6087,0.8127
Dataset_2,Right,MobileNet,937,14,43,8,10,0.76,0.5833,0.8431,0.6087,0.8505
Dataset_2,Right,MobileNet,938,11,48,10,6,0.7867,0.6471,0.8276,0.5789,0.8073
Dataset_2,Right,MobileNet,939,14,46,8,7,0.8,0.6667,0.8519,0.6512,0.7998
Dataset_2,Right,MobileNet,940,15,45,6,9,0.8,0.625,0.8824,0.6667,0.8145
Dataset_2,Right,MobileNet,941,8,57,6,4,0.8667,0.6667,0.9048,0.6154,0.8902
Dataset_2,Right,MobileNet,942,14,47,9,5,0.8133,0.7368,0.8393,0.6667,0.875
Dataset_2,Right,MobileNet,943,11,57,4,3,0.9067,0.7857,0.9344,0.7586,0.877
Dataset_2,Right,MobileNet,944,13,50,6,6,0.84,0.6842,0.8929,0.6842,0.8402
Dataset_2,Right,MobileNet,945,18,39,12,6,0.76,0.75,0.7647,0.6667,0.8873
Dataset_2,Right,MobileNet,946,9,48,8,10,0.76,0.4737,0.8571,0.5,0.6992
Dataset_2,Right,MobileNet,947,11,56,5,3,0.8933,0.7857,0.918,0.7333,0.9052
Dataset_2,Right,MobileNet,948,9,50,8,8,0.7867,0.5294,0.8621,0.5294,0.783
Dataset_2,Right,MobileNet,949,18,43,9,5,0.8133,0.7826,0.8269,0.72,0.8913
Dataset_2,Right,MobileNet,950,9,49,9,8,0.7733,0.5294,0.8448,0.5143,0.7525
Dataset_2,Right,MobileNet,951,17,47,8,3,0.8533,0.85,0.8545,0.7556,0.8255
Dataset_2,Right,MobileNet,952,18,45,8,4,0.84,0.8182,0.8491,0.75,0.8911
Dataset_2,Right,MobileNet,953,12,41,16,6,0.7067,0.6667,0.7193,0.5217,0.7115
Dataset_2,Right,MobileNet,954,9,45,13,8,0.72,0.5294,0.7759,0.4615,0.784
Dataset_2,Right,MobileNet,955,19,44,7,5,0.84,0.7917,0.8627,0.76,0.8668
Dataset_2,Right,MobileNet,956,14,41,14,6,0.7333,0.7,0.7455,0.5833,0.7945
Dataset_2,Right,MobileNet,957,11,50,11,3,0.8133,0.7857,0.8197,0.6111,0.7693
Dataset_2,Right,MobileNet,958,11,45,12,7,0.7467,0.6111,0.7895,0.5366,0.7807
Dataset_2,Right,MobileNet,959,10,46,12,7,0.7467,0.5882,0.7931,0.5128,0.6755
Dataset_2,Right,MobileNet,960,15,45,11,4,0.8,0.7895,0.8036,0.6667,0.8468
Dataset_2,Right,MobileNet,961,15,50,4,6,0.8667,0.7143,0.9259,0.75,0.8757
Dataset_2,Right,MobileNet,962,16,44,11,4,0.8,0.8,0.8,0.6809,0.8209
Dataset_2,Right,MobileNet,963,15,45,11,4,0.8,0.7895,0.8036,0.6667,0.8835
Dataset_2,Right,MobileNet,964,12,49,8,6,0.8133,0.6667,0.8596,0.6316,0.8528
Dataset_2,Right,MobileNet,965,14,44,12,5,0.7733,0.7368,0.7857,0.6222,0.813
Dataset_2,Right,MobileNet,966,10,46,11,8,0.7467,0.5556,0.807,0.5128,0.694
Dataset_2,Right,MobileNet,967,11,53,6,5,0.8533,0.6875,0.8983,0.6667,0.8549
Dataset_2,Right,MobileNet,968,14,47,6,8,0.8133,0.6364,0.8868,0.6667,0.8045
Dataset_2,Right,MobileNet,969,16,43,7,9,0.7867,0.64,0.86,0.6667,0.7912
Dataset_2,Right,MobileNet,970,13,50,8,4,0.84,0.7647,0.8621,0.6842,0.857
Dataset_2,Right,MobileNet,971,11,53,4,7,0.8533,0.6111,0.9298,0.6667,0.8402
Dataset_2,Right,MobileNet,972,11,47,11,6,0.7733,0.6471,0.8103,0.5641,0.8154
Dataset_2,Right,MobileNet,973,11,53,8,3,0.8533,0.7857,0.8689,0.6667,0.8454
Dataset_2,Right,MobileNet,974,15,44,11,5,0.7867,0.75,0.8,0.6522,0.8027
Dataset_2,Right,MobileNet,975,21,42,9,3,0.84,0.875,0.8235,0.7778,0.9093
Dataset_2,Right,MobileNet,976,10,50,13,2,0.8,0.8333,0.7937,0.5714,0.7976
Dataset_2,Right,MobileNet,977,15,48,8,4,0.84,0.7895,0.8571,0.7143,0.8618
Dataset_2,Right,MobileNet,978,17,47,9,2,0.8533,0.8947,0.8393,0.7556,0.9154
Dataset_2,Right,MobileNet,979,15,42,11,7,0.76,0.6818,0.7925,0.625,0.7581
Dataset_2,Right,MobileNet,980,14,41,14,6,0.7333,0.7,0.7455,0.5833,0.8418
Dataset_2,Right,MobileNet,981,17,45,8,5,0.8267,0.7727,0.8491,0.7234,0.8877
Dataset_2,Right,MobileNet,982,12,51,6,6,0.84,0.6667,0.8947,0.6667,0.8304
Dataset_2,Right,MobileNet,983,13,43,10,9,0.7467,0.5909,0.8113,0.5778,0.8216
Dataset_2,Right,MobileNet,984,11,49,7,8,0.8,0.5789,0.875,0.5946,0.813
Dataset_2,Right,MobileNet,985,14,50,8,3,0.8533,0.8235,0.8621,0.7179,0.8327
Dataset_2,Right,MobileNet,986,14,51,7,3,0.8667,0.8235,0.8793,0.7368,0.929
Dataset_2,Right,MobileNet,987,11,44,12,8,0.7333,0.5789,0.7857,0.5238,0.7368
Dataset_2,Right,MobileNet,988,11,52,5,7,0.84,0.6111,0.9123,0.6471,0.7836
Dataset_2,Right,MobileNet,989,12,40,15,8,0.6933,0.6,0.7273,0.5106,0.7845
Dataset_2,Right,MobileNet,990,7,58,4,6,0.8667,0.5385,0.9355,0.5833,0.7444
Dataset_2,Right,MobileNet,991,9,57,3,6,0.88,0.6,0.95,0.6667,0.7433
Dataset_2,Right,MobileNet,992,9,54,8,4,0.84,0.6923,0.871,0.6,0.8437
Dataset_2,Right,MobileNet,993,14,53,4,4,0.8933,0.7778,0.9298,0.7778,0.9298
Dataset_2,Right,MobileNet,994,10,52,4,9,0.8267,0.5263,0.9286,0.6061,0.8083
Dataset_2,Right,MobileNet,995,11,50,8,6,0.8133,0.6471,0.8621,0.6111,0.8367
Dataset_2,Right,MobileNet,996,15,51,3,6,0.88,0.7143,0.9444,0.7692,0.8527
Dataset_2,Right,MobileNet,997,15,45,13,2,0.8,0.8824,0.7759,0.6667,0.8134
Dataset_2,Right,MobileNet,998,13,48,5,9,0.8133,0.5909,0.9057,0.65,0.8568
Dataset_2,Right,MobileNet,999,13,51,6,5,0.8533,0.7222,0.8947,0.7027,0.808
Dataset_2,Right,MobileNet,1000,16,44,7,8,0.8,0.6667,0.8627,0.6809,0.8603
Dataset_2,Right,SqueezeNet,1,15,46,12,2,0.8133,0.8824,0.7931,0.6818,0.8742
Dataset_2,Right,SqueezeNet,2,16,51,2,6,0.8933,0.7273,0.9623,0.8,0.8834
Dataset_2,Right,SqueezeNet,3,23,40,9,3,0.84,0.8846,0.8163,0.7931,0.9156
Dataset_2,Right,SqueezeNet,4,16,48,7,4,0.8533,0.8,0.8727,0.7442,0.85
Dataset_2,Right,SqueezeNet,5,20,43,6,6,0.84,0.7692,0.8776,0.7692,0.8053
Dataset_2,Right,SqueezeNet,6,18,45,7,5,0.84,0.7826,0.8654,0.75,0.8942
Dataset_2,Right,SqueezeNet,7,15,46,12,2,0.8133,0.8824,0.7931,0.6818,0.8048
Dataset_2,Right,SqueezeNet,8,15,43,12,5,0.7733,0.75,0.7818,0.6383,0.7509
Dataset_2,Right,SqueezeNet,9,13,49,11,2,0.8267,0.8667,0.8167,0.6667,0.8289
Dataset_2,Right,SqueezeNet,10,14,49,8,4,0.84,0.7778,0.8596,0.7,0.8645
Dataset_2,Right,SqueezeNet,11,15,53,3,4,0.9067,0.7895,0.9464,0.8108,0.8905
Dataset_2,Right,SqueezeNet,12,10,56,5,4,0.88,0.7143,0.918,0.6897,0.8466
Dataset_2,Right,SqueezeNet,13,16,50,8,1,0.88,0.9412,0.8621,0.7805,0.9128
Dataset_2,Right,SqueezeNet,14,18,46,7,4,0.8533,0.8182,0.8679,0.766,0.8345
Dataset_2,Right,SqueezeNet,15,16,47,8,4,0.84,0.8,0.8545,0.7273,0.8255
Dataset_2,Right,SqueezeNet,16,15,47,10,3,0.8267,0.8333,0.8246,0.6977,0.8041
Dataset_2,Right,SqueezeNet,17,16,49,9,1,0.8667,0.9412,0.8448,0.7619,0.9087
Dataset_2,Right,SqueezeNet,18,17,46,11,1,0.84,0.9444,0.807,0.7391,0.9147
Dataset_2,Right,SqueezeNet,19,17,45,8,5,0.8267,0.7727,0.8491,0.7234,0.8654
Dataset_2,Right,SqueezeNet,20,23,42,7,3,0.8667,0.8846,0.8571,0.8214,0.8964
Dataset_2,Right,SqueezeNet,21,15,42,10,8,0.76,0.6522,0.8077,0.625,0.7278
Dataset_2,Right,SqueezeNet,22,21,42,6,6,0.84,0.7778,0.875,0.7778,0.863
Dataset_2,Right,SqueezeNet,23,16,45,10,4,0.8133,0.8,0.8182,0.6957,0.8091
Dataset_2,Right,SqueezeNet,24,19,43,10,3,0.8267,0.8636,0.8113,0.7451,0.8654
Dataset_2,Right,SqueezeNet,25,17,44,9,5,0.8133,0.7727,0.8302,0.7083,0.8782
Dataset_2,Right,SqueezeNet,26,21,41,8,5,0.8267,0.8077,0.8367,0.7636,0.8728
Dataset_2,Right,SqueezeNet,27,12,55,7,1,0.8933,0.9231,0.8871,0.75,0.9119
Dataset_2,Right,SqueezeNet,28,14,54,4,3,0.9067,0.8235,0.931,0.8,0.9097
Dataset_2,Right,SqueezeNet,29,13,56,5,1,0.92,0.9286,0.918,0.8125,0.9508
Dataset_2,Right,SqueezeNet,30,14,49,7,5,0.84,0.7368,0.875,0.7,0.8421
Dataset_2,Right,SqueezeNet,31,13,49,7,6,0.8267,0.6842,0.875,0.6667,0.8308
Dataset_2,Right,SqueezeNet,32,17,43,12,3,0.8,0.85,0.7818,0.6939,0.8682
Dataset_2,Right,SqueezeNet,33,18,36,14,7,0.72,0.72,0.72,0.6316,0.7832
Dataset_2,Right,SqueezeNet,34,15,46,9,5,0.8133,0.75,0.8364,0.6818,0.8482
Dataset_2,Right,SqueezeNet,35,14,52,5,4,0.88,0.7778,0.9123,0.7568,0.9522
Dataset_2,Right,SqueezeNet,36,16,46,11,2,0.8267,0.8889,0.807,0.7111,0.8494
Dataset_2,Right,SqueezeNet,37,16,44,10,5,0.8,0.7619,0.8148,0.6809,0.8228
Dataset_2,Right,SqueezeNet,38,11,53,7,4,0.8533,0.7333,0.8833,0.6667,0.8489
Dataset_2,Right,SqueezeNet,39,19,44,7,5,0.84,0.7917,0.8627,0.76,0.8145
Dataset_2,Right,SqueezeNet,40,14,45,9,7,0.7867,0.6667,0.8333,0.6364,0.8104
Dataset_2,Right,SqueezeNet,41,18,44,7,6,0.8267,0.75,0.8627,0.7347,0.7802
Dataset_2,Right,SqueezeNet,42,13,51,5,6,0.8533,0.6842,0.9107,0.7027,0.8797
Dataset_2,Right,SqueezeNet,43,16,52,5,2,0.9067,0.8889,0.9123,0.8205,0.8928
Dataset_2,Right,SqueezeNet,44,20,40,9,6,0.8,0.7692,0.8163,0.7273,0.8705
Dataset_2,Right,SqueezeNet,45,15,46,8,6,0.8133,0.7143,0.8519,0.6818,0.8501
Dataset_2,Right,SqueezeNet,46,15,47,12,1,0.8267,0.9375,0.7966,0.6977,0.8771
Dataset_2,Right,SqueezeNet,47,15,52,5,3,0.8933,0.8333,0.9123,0.7895,0.8606
Dataset_2,Right,SqueezeNet,48,18,41,9,7,0.7867,0.72,0.82,0.6923,0.8304
Dataset_2,Right,SqueezeNet,49,17,46,9,3,0.84,0.85,0.8364,0.7391,0.925
Dataset_2,Right,SqueezeNet,50,13,53,3,6,0.88,0.6842,0.9464,0.7429,0.8872
Dataset_2,Right,SqueezeNet,51,12,45,12,6,0.76,0.6667,0.7895,0.5714,0.8095
Dataset_2,Right,SqueezeNet,52,23,39,10,3,0.8267,0.8846,0.7959,0.7797,0.8477
Dataset_2,Right,SqueezeNet,53,15,47,9,4,0.8267,0.7895,0.8393,0.6977,0.8882
Dataset_2,Right,SqueezeNet,54,15,50,8,2,0.8667,0.8824,0.8621,0.75,0.8824
Dataset_2,Right,SqueezeNet,55,12,51,10,2,0.84,0.8571,0.8361,0.6667,0.9016
Dataset_2,Right,SqueezeNet,56,12,52,8,3,0.8533,0.8,0.8667,0.6857,0.9122
Dataset_2,Right,SqueezeNet,57,13,52,4,6,0.8667,0.6842,0.9286,0.7222,0.8026
Dataset_2,Right,SqueezeNet,58,15,47,7,6,0.8267,0.7143,0.8704,0.6977,0.8677
Dataset_2,Right,SqueezeNet,59,9,51,8,7,0.8,0.5625,0.8644,0.5455,0.804
Dataset_2,Right,SqueezeNet,60,15,47,7,6,0.8267,0.7143,0.8704,0.6977,0.8616
Dataset_2,Right,SqueezeNet,61,18,47,6,4,0.8667,0.8182,0.8868,0.7826,0.9134
Dataset_2,Right,SqueezeNet,62,9,53,9,4,0.8267,0.6923,0.8548,0.5806,0.7667
Dataset_2,Right,SqueezeNet,63,16,50,7,2,0.88,0.8889,0.8772,0.7805,0.8967
Dataset_2,Right,SqueezeNet,64,14,49,10,2,0.84,0.875,0.8305,0.7,0.8549
Dataset_2,Right,SqueezeNet,65,24,39,9,3,0.84,0.8889,0.8125,0.8,0.8839
Dataset_2,Right,SqueezeNet,66,15,45,9,6,0.8,0.7143,0.8333,0.6667,0.7601
Dataset_2,Right,SqueezeNet,67,17,51,4,3,0.9067,0.85,0.9273,0.8293,0.925
Dataset_2,Right,SqueezeNet,68,16,47,6,6,0.84,0.7273,0.8868,0.7273,0.8353
Dataset_2,Right,SqueezeNet,69,15,48,11,1,0.84,0.9375,0.8136,0.7143,0.8745
Dataset_2,Right,SqueezeNet,70,17,42,11,5,0.7867,0.7727,0.7925,0.68,0.7946
Dataset_2,Right,SqueezeNet,71,18,48,8,1,0.88,0.9474,0.8571,0.8,0.9568
Dataset_2,Right,SqueezeNet,72,23,43,6,3,0.88,0.8846,0.8776,0.8364,0.8905
Dataset_2,Right,SqueezeNet,73,18,49,2,6,0.8933,0.75,0.9608,0.8182,0.8848
Dataset_2,Right,SqueezeNet,74,17,48,8,2,0.8667,0.8947,0.8571,0.7727,0.8816
Dataset_2,Right,SqueezeNet,75,11,51,9,4,0.8267,0.7333,0.85,0.6286,0.8089
Dataset_2,Right,SqueezeNet,76,10,43,16,6,0.7067,0.625,0.7288,0.4762,0.7855
Dataset_2,Right,SqueezeNet,77,24,38,6,7,0.8267,0.7742,0.8636,0.7869,0.8702
Dataset_2,Right,SqueezeNet,78,14,45,11,5,0.7867,0.7368,0.8036,0.6364,0.8703
Dataset_2,Right,SqueezeNet,79,16,51,6,2,0.8933,0.8889,0.8947,0.8,0.9123
Dataset_2,Right,SqueezeNet,80,12,49,8,6,0.8133,0.6667,0.8596,0.6316,0.8372
Dataset_2,Right,SqueezeNet,81,11,53,7,4,0.8533,0.7333,0.8833,0.6667,0.85
Dataset_2,Right,SqueezeNet,82,9,49,10,7,0.7733,0.5625,0.8305,0.5143,0.7044
Dataset_2,Right,SqueezeNet,83,15,49,8,3,0.8533,0.8333,0.8596,0.7317,0.8275
Dataset_2,Right,SqueezeNet,84,23,37,9,6,0.8,0.7931,0.8043,0.7541,0.8816
Dataset_2,Right,SqueezeNet,85,23,42,6,4,0.8667,0.8519,0.875,0.8214,0.9132
Dataset_2,Right,SqueezeNet,86,18,43,9,5,0.8133,0.7826,0.8269,0.72,0.862
Dataset_2,Right,SqueezeNet,87,16,47,8,4,0.84,0.8,0.8545,0.7273,0.8632
Dataset_2,Right,SqueezeNet,88,18,50,5,2,0.9067,0.9,0.9091,0.8372,0.9555
Dataset_2,Right,SqueezeNet,89,16,46,9,4,0.8267,0.8,0.8364,0.7111,0.8605
Dataset_2,Right,SqueezeNet,90,15,45,8,7,0.8,0.6818,0.8491,0.6667,0.7367
Dataset_2,Right,SqueezeNet,91,11,47,14,3,0.7733,0.7857,0.7705,0.5641,0.8062
Dataset_2,Right,SqueezeNet,92,19,44,9,3,0.84,0.8636,0.8302,0.76,0.8533
Dataset_2,Right,SqueezeNet,93,18,43,10,4,0.8133,0.8182,0.8113,0.72,0.8645
Dataset_2,Right,SqueezeNet,94,17,42,10,6,0.7867,0.7391,0.8077,0.68,0.8273
Dataset_2,Right,SqueezeNet,95,17,46,9,3,0.84,0.85,0.8364,0.7391,0.8664
Dataset_2,Right,SqueezeNet,96,11,46,12,6,0.76,0.6471,0.7931,0.55,0.6582
Dataset_2,Right,SqueezeNet,97,19,46,6,4,0.8667,0.8261,0.8846,0.7917,0.9339
Dataset_2,Right,SqueezeNet,98,17,50,7,1,0.8933,0.9444,0.8772,0.8095,0.9133
Dataset_2,Right,SqueezeNet,99,19,46,7,3,0.8667,0.8636,0.8679,0.7917,0.913
Dataset_2,Right,SqueezeNet,100,17,48,9,1,0.8667,0.9444,0.8421,0.7727,0.8986
Dataset_2,Right,SqueezeNet,101,17,42,12,4,0.7867,0.8095,0.7778,0.68,0.8699
Dataset_2,Right,SqueezeNet,102,19,46,7,3,0.8667,0.8636,0.8679,0.7917,0.8859
Dataset_2,Right,SqueezeNet,103,16,51,6,2,0.8933,0.8889,0.8947,0.8,0.9327
Dataset_2,Right,SqueezeNet,104,17,44,7,7,0.8133,0.7083,0.8627,0.7083,0.8766
Dataset_2,Right,SqueezeNet,105,13,54,5,3,0.8933,0.8125,0.9153,0.7647,0.8517
Dataset_2,Right,SqueezeNet,106,17,49,8,1,0.88,0.9444,0.8596,0.7907,0.8499
Dataset_2,Right,SqueezeNet,107,19,48,7,1,0.8933,0.95,0.8727,0.8261,0.9182
Dataset_2,Right,SqueezeNet,108,20,41,9,5,0.8133,0.8,0.82,0.7407,0.85
Dataset_2,Right,SqueezeNet,109,18,46,10,1,0.8533,0.9474,0.8214,0.766,0.9117
Dataset_2,Right,SqueezeNet,110,14,48,8,5,0.8267,0.7368,0.8571,0.6829,0.8872
Dataset_2,Right,SqueezeNet,111,15,49,6,5,0.8533,0.75,0.8909,0.7317,0.8545
Dataset_2,Right,SqueezeNet,112,18,47,8,2,0.8667,0.9,0.8545,0.7826,0.8755
Dataset_2,Right,SqueezeNet,113,18,42,11,4,0.8,0.8182,0.7925,0.7059,0.819
Dataset_2,Right,SqueezeNet,114,15,47,7,6,0.8267,0.7143,0.8704,0.6977,0.8426
Dataset_2,Right,SqueezeNet,115,13,50,9,3,0.84,0.8125,0.8475,0.6842,0.84
Dataset_2,Right,SqueezeNet,116,9,53,7,6,0.8267,0.6,0.8833,0.5806,0.8522
Dataset_2,Right,SqueezeNet,117,15,45,10,5,0.8,0.75,0.8182,0.6667,0.825
Dataset_2,Right,SqueezeNet,118,11,52,9,3,0.84,0.7857,0.8525,0.6471,0.8208
Dataset_2,Right,SqueezeNet,119,17,52,5,1,0.92,0.9444,0.9123,0.85,0.96
Dataset_2,Right,SqueezeNet,120,18,47,7,3,0.8667,0.8571,0.8704,0.7826,0.8858
Dataset_2,Right,SqueezeNet,121,12,50,10,3,0.8267,0.8,0.8333,0.6486,0.8606
Dataset_2,Right,SqueezeNet,122,17,48,7,3,0.8667,0.85,0.8727,0.7727,0.9218
Dataset_2,Right,SqueezeNet,123,16,43,10,6,0.7867,0.7273,0.8113,0.6667,0.8006
Dataset_2,Right,SqueezeNet,124,16,41,12,6,0.76,0.7273,0.7736,0.64,0.8478
Dataset_2,Right,SqueezeNet,125,18,46,9,2,0.8533,0.9,0.8364,0.766,0.9368
Dataset_2,Right,SqueezeNet,126,16,49,7,3,0.8667,0.8421,0.875,0.7619,0.8628
Dataset_2,Right,SqueezeNet,127,13,48,9,5,0.8133,0.7222,0.8421,0.65,0.7817
Dataset_2,Right,SqueezeNet,128,15,49,7,4,0.8533,0.7895,0.875,0.7317,0.8938
Dataset_2,Right,SqueezeNet,129,21,42,8,4,0.84,0.84,0.84,0.7778,0.8492
Dataset_2,Right,SqueezeNet,130,16,43,13,3,0.7867,0.8421,0.7679,0.6667,0.8365
Dataset_2,Right,SqueezeNet,131,13,50,7,5,0.84,0.7222,0.8772,0.6842,0.8713
Dataset_2,Right,SqueezeNet,132,12,52,4,7,0.8533,0.6316,0.9286,0.6857,0.8036
Dataset_2,Right,SqueezeNet,133,15,53,6,1,0.9067,0.9375,0.8983,0.8108,0.9507
Dataset_2,Right,SqueezeNet,134,15,50,9,1,0.8667,0.9375,0.8475,0.75,0.9407
Dataset_2,Right,SqueezeNet,135,18,45,10,2,0.84,0.9,0.8182,0.75,0.8791
Dataset_2,Right,SqueezeNet,136,15,48,9,3,0.84,0.8333,0.8421,0.7143,0.8626
Dataset_2,Right,SqueezeNet,137,20,46,4,5,0.88,0.8,0.92,0.8163,0.8544
Dataset_2,Right,SqueezeNet,138,15,44,9,7,0.7867,0.6818,0.8302,0.6522,0.8722
Dataset_2,Right,SqueezeNet,139,11,53,9,2,0.8533,0.8462,0.8548,0.6667,0.9144
Dataset_2,Right,SqueezeNet,140,15,45,11,4,0.8,0.7895,0.8036,0.6667,0.8618
Dataset_2,Right,SqueezeNet,141,19,39,12,5,0.7733,0.7917,0.7647,0.6909,0.8145
Dataset_2,Right,SqueezeNet,142,15,50,7,3,0.8667,0.8333,0.8772,0.75,0.8986
Dataset_2,Right,SqueezeNet,143,18,42,8,7,0.8,0.72,0.84,0.7059,0.8388
Dataset_2,Right,SqueezeNet,144,17,46,6,6,0.84,0.7391,0.8846,0.7391,0.8767
Dataset_2,Right,SqueezeNet,145,18,47,8,2,0.8667,0.9,0.8545,0.7826,0.8891
Dataset_2,Right,SqueezeNet,146,20,48,4,3,0.9067,0.8696,0.9231,0.8511,0.9457
Dataset_2,Right,SqueezeNet,147,17,49,8,1,0.88,0.9444,0.8596,0.7907,0.9172
Dataset_2,Right,SqueezeNet,148,14,54,7,0,0.9067,1.0,0.8852,0.8,0.9543
Dataset_2,Right,SqueezeNet,149,13,49,11,2,0.8267,0.8667,0.8167,0.6667,0.9111
Dataset_2,Right,SqueezeNet,150,13,49,9,4,0.8267,0.7647,0.8448,0.6667,0.786
Dataset_2,Right,SqueezeNet,151,19,46,7,3,0.8667,0.8636,0.8679,0.7917,0.8937
Dataset_2,Right,SqueezeNet,152,11,52,8,4,0.84,0.7333,0.8667,0.6471,0.8889
Dataset_2,Right,SqueezeNet,153,11,48,12,4,0.7867,0.7333,0.8,0.5789,0.7489
Dataset_2,Right,SqueezeNet,154,17,50,6,2,0.8933,0.8947,0.8929,0.8095,0.9229
Dataset_2,Right,SqueezeNet,155,14,47,12,2,0.8133,0.875,0.7966,0.6667,0.9375
Dataset_2,Right,SqueezeNet,156,10,52,10,3,0.8267,0.7692,0.8387,0.6061,0.8195
Dataset_2,Right,SqueezeNet,157,19,47,5,4,0.88,0.8261,0.9038,0.8085,0.9089
Dataset_2,Right,SqueezeNet,158,15,49,6,5,0.8533,0.75,0.8909,0.7317,0.8845
Dataset_2,Right,SqueezeNet,159,13,49,8,5,0.8267,0.7222,0.8596,0.6667,0.8012
Dataset_2,Right,SqueezeNet,160,11,54,7,3,0.8667,0.7857,0.8852,0.6875,0.8144
Dataset_2,Right,SqueezeNet,161,15,47,5,8,0.8267,0.6522,0.9038,0.6977,0.8721
Dataset_2,Right,SqueezeNet,162,15,50,8,2,0.8667,0.8824,0.8621,0.75,0.9168
Dataset_2,Right,SqueezeNet,163,7,56,8,4,0.84,0.6364,0.875,0.5385,0.7386
Dataset_2,Right,SqueezeNet,164,14,45,9,7,0.7867,0.6667,0.8333,0.6364,0.8377
Dataset_2,Right,SqueezeNet,165,14,52,7,2,0.88,0.875,0.8814,0.7568,0.8549
Dataset_2,Right,SqueezeNet,166,16,44,7,8,0.8,0.6667,0.8627,0.6809,0.8284
Dataset_2,Right,SqueezeNet,167,18,36,16,5,0.72,0.7826,0.6923,0.6316,0.8269
Dataset_2,Right,SqueezeNet,168,20,45,4,6,0.8667,0.7692,0.9184,0.8,0.8328
Dataset_2,Right,SqueezeNet,169,17,49,7,2,0.88,0.8947,0.875,0.7907,0.8825
Dataset_2,Right,SqueezeNet,170,22,44,8,1,0.88,0.9565,0.8462,0.8302,0.9101
Dataset_2,Right,SqueezeNet,171,16,48,8,3,0.8533,0.8421,0.8571,0.7442,0.8336
Dataset_2,Right,SqueezeNet,172,12,54,7,2,0.88,0.8571,0.8852,0.7273,0.942
Dataset_2,Right,SqueezeNet,173,17,42,10,6,0.7867,0.7391,0.8077,0.68,0.8503
Dataset_2,Right,SqueezeNet,174,14,49,7,5,0.84,0.7368,0.875,0.7,0.9023
Dataset_2,Right,SqueezeNet,175,19,46,3,7,0.8667,0.7308,0.9388,0.7917,0.8783
Dataset_2,Right,SqueezeNet,176,9,47,12,7,0.7467,0.5625,0.7966,0.4865,0.7627
Dataset_2,Right,SqueezeNet,177,17,46,6,6,0.84,0.7391,0.8846,0.7391,0.834
Dataset_2,Right,SqueezeNet,178,22,46,6,1,0.9067,0.9565,0.8846,0.8627,0.9323
Dataset_2,Right,SqueezeNet,179,10,53,9,3,0.84,0.7692,0.8548,0.625,0.8548
Dataset_2,Right,SqueezeNet,180,10,49,10,6,0.7867,0.625,0.8305,0.5556,0.7436
Dataset_2,Right,SqueezeNet,181,12,52,7,4,0.8533,0.75,0.8814,0.6857,0.839
Dataset_2,Right,SqueezeNet,182,17,47,6,5,0.8533,0.7727,0.8868,0.7556,0.8563
Dataset_2,Right,SqueezeNet,183,17,45,10,3,0.8267,0.85,0.8182,0.7234,0.8727
Dataset_2,Right,SqueezeNet,184,15,48,7,5,0.84,0.75,0.8727,0.7143,0.8736
Dataset_2,Right,SqueezeNet,185,20,47,7,1,0.8933,0.9524,0.8704,0.8333,0.9339
Dataset_2,Right,SqueezeNet,186,18,45,10,2,0.84,0.9,0.8182,0.75,0.855
Dataset_2,Right,SqueezeNet,187,13,46,14,2,0.7867,0.8667,0.7667,0.619,0.7956
Dataset_2,Right,SqueezeNet,188,18,43,9,5,0.8133,0.7826,0.8269,0.72,0.8654
Dataset_2,Right,SqueezeNet,189,18,48,7,2,0.88,0.9,0.8727,0.8,0.9209
Dataset_2,Right,SqueezeNet,190,20,46,6,3,0.88,0.8696,0.8846,0.8163,0.9247
Dataset_2,Right,SqueezeNet,191,16,48,7,4,0.8533,0.8,0.8727,0.7442,0.8755
Dataset_2,Right,SqueezeNet,192,9,48,15,3,0.76,0.75,0.7619,0.5,0.8029
Dataset_2,Right,SqueezeNet,193,20,45,7,3,0.8667,0.8696,0.8654,0.8,0.8984
Dataset_2,Right,SqueezeNet,194,14,49,10,2,0.84,0.875,0.8305,0.7,0.8686
Dataset_2,Right,SqueezeNet,195,13,50,8,4,0.84,0.7647,0.8621,0.6842,0.8423
Dataset_2,Right,SqueezeNet,196,18,49,6,2,0.8933,0.9,0.8909,0.8182,0.9209
Dataset_2,Right,SqueezeNet,197,12,52,7,4,0.8533,0.75,0.8814,0.6857,0.8718
Dataset_2,Right,SqueezeNet,198,15,46,12,2,0.8133,0.8824,0.7931,0.6818,0.8966
Dataset_2,Right,SqueezeNet,199,18,41,12,4,0.7867,0.8182,0.7736,0.6923,0.8722
Dataset_2,Right,SqueezeNet,200,13,44,11,7,0.76,0.65,0.8,0.5909,0.7864
Dataset_2,Right,SqueezeNet,201,19,46,8,2,0.8667,0.9048,0.8519,0.7917,0.881
Dataset_2,Right,SqueezeNet,202,13,47,13,2,0.8,0.8667,0.7833,0.6341,0.9256
Dataset_2,Right,SqueezeNet,203,12,49,9,5,0.8133,0.7059,0.8448,0.6316,0.7961
Dataset_2,Right,SqueezeNet,204,20,43,8,4,0.84,0.8333,0.8431,0.7692,0.8734
Dataset_2,Right,SqueezeNet,205,16,53,4,2,0.92,0.8889,0.9298,0.8421,0.8621
Dataset_2,Right,SqueezeNet,206,21,42,5,7,0.84,0.75,0.8936,0.7778,0.8435
Dataset_2,Right,SqueezeNet,207,18,46,7,4,0.8533,0.8182,0.8679,0.766,0.8199
Dataset_2,Right,SqueezeNet,208,12,46,9,8,0.7733,0.6,0.8364,0.5854,0.8245
Dataset_2,Right,SqueezeNet,209,11,46,9,9,0.76,0.55,0.8364,0.55,0.7591
Dataset_2,Right,SqueezeNet,210,18,42,11,4,0.8,0.8182,0.7925,0.7059,0.8602
Dataset_2,Right,SqueezeNet,211,17,44,11,3,0.8133,0.85,0.8,0.7083,0.9064
Dataset_2,Right,SqueezeNet,212,19,43,10,3,0.8267,0.8636,0.8113,0.7451,0.9087
Dataset_2,Right,SqueezeNet,213,13,43,8,11,0.7467,0.5417,0.8431,0.5778,0.7406
Dataset_2,Right,SqueezeNet,214,16,47,8,4,0.84,0.8,0.8545,0.7273,0.8464
Dataset_2,Right,SqueezeNet,215,11,50,11,3,0.8133,0.7857,0.8197,0.6111,0.8454
Dataset_2,Right,SqueezeNet,216,14,45,12,4,0.7867,0.7778,0.7895,0.6364,0.7987
Dataset_2,Right,SqueezeNet,217,17,47,9,2,0.8533,0.8947,0.8393,0.7556,0.8665
Dataset_2,Right,SqueezeNet,218,19,39,12,5,0.7733,0.7917,0.7647,0.6909,0.8578
Dataset_2,Right,SqueezeNet,219,13,54,3,5,0.8933,0.7222,0.9474,0.7647,0.9327
Dataset_2,Right,SqueezeNet,220,18,49,5,3,0.8933,0.8571,0.9074,0.8182,0.881
Dataset_2,Right,SqueezeNet,221,11,54,8,2,0.8667,0.8462,0.871,0.6875,0.9218
Dataset_2,Right,SqueezeNet,222,13,46,12,4,0.7867,0.7647,0.7931,0.619,0.856
Dataset_2,Right,SqueezeNet,223,14,53,6,2,0.8933,0.875,0.8983,0.7778,0.8623
Dataset_2,Right,SqueezeNet,224,14,46,12,3,0.8,0.8235,0.7931,0.6512,0.8463
Dataset_2,Right,SqueezeNet,225,14,47,8,6,0.8133,0.7,0.8545,0.6667,0.8623
Dataset_2,Right,SqueezeNet,226,14,44,13,4,0.7733,0.7778,0.7719,0.6222,0.8596
Dataset_2,Right,SqueezeNet,227,16,38,17,4,0.72,0.8,0.6909,0.6038,0.7805
Dataset_2,Right,SqueezeNet,228,15,51,6,3,0.88,0.8333,0.8947,0.7692,0.8645
Dataset_2,Right,SqueezeNet,229,19,48,5,3,0.8933,0.8636,0.9057,0.8261,0.8958
Dataset_2,Right,SqueezeNet,230,10,59,4,2,0.92,0.8333,0.9365,0.7692,0.9325
Dataset_2,Right,SqueezeNet,231,17,50,4,4,0.8933,0.8095,0.9259,0.8095,0.9255
Dataset_2,Right,SqueezeNet,232,18,43,8,6,0.8133,0.75,0.8431,0.72,0.8689
Dataset_2,Right,SqueezeNet,233,11,53,10,1,0.8533,0.9167,0.8413,0.6667,0.9312
Dataset_2,Right,SqueezeNet,234,15,48,10,2,0.84,0.8824,0.8276,0.7143,0.8722
Dataset_2,Right,SqueezeNet,235,15,50,8,2,0.8667,0.8824,0.8621,0.75,0.929
Dataset_2,Right,SqueezeNet,236,15,51,6,3,0.88,0.8333,0.8947,0.7692,0.9308
Dataset_2,Right,SqueezeNet,237,17,46,9,3,0.84,0.85,0.8364,0.7391,0.8736
Dataset_2,Right,SqueezeNet,238,14,49,9,3,0.84,0.8235,0.8448,0.7,0.8854
Dataset_2,Right,SqueezeNet,239,15,47,9,4,0.8267,0.7895,0.8393,0.6977,0.9131
Dataset_2,Right,SqueezeNet,240,27,39,6,3,0.88,0.9,0.8667,0.8571,0.8859
Dataset_2,Right,SqueezeNet,241,16,45,10,4,0.8133,0.8,0.8182,0.6957,0.8873
Dataset_2,Right,SqueezeNet,242,11,47,12,5,0.7733,0.6875,0.7966,0.5641,0.839
Dataset_2,Right,SqueezeNet,243,13,50,10,2,0.84,0.8667,0.8333,0.6842,0.9044
Dataset_2,Right,SqueezeNet,244,12,51,10,2,0.84,0.8571,0.8361,0.6667,0.8899
Dataset_2,Right,SqueezeNet,245,12,49,8,6,0.8133,0.6667,0.8596,0.6316,0.9103
Dataset_2,Right,SqueezeNet,246,16,45,8,6,0.8133,0.7273,0.8491,0.6957,0.8465
Dataset_2,Right,SqueezeNet,247,14,49,7,5,0.84,0.7368,0.875,0.7,0.7857
Dataset_2,Right,SqueezeNet,248,21,43,9,2,0.8533,0.913,0.8269,0.7925,0.8411
Dataset_2,Right,SqueezeNet,249,14,50,7,4,0.8533,0.7778,0.8772,0.7179,0.8894
Dataset_2,Right,SqueezeNet,250,15,50,10,0,0.8667,1.0,0.8333,0.75,0.9022
Dataset_2,Right,SqueezeNet,251,19,45,8,3,0.8533,0.8636,0.8491,0.7755,0.8872
Dataset_2,Right,SqueezeNet,252,21,37,11,6,0.7733,0.7778,0.7708,0.7119,0.794
Dataset_2,Right,SqueezeNet,253,17,49,4,5,0.88,0.7727,0.9245,0.7907,0.8276
Dataset_2,Right,SqueezeNet,254,19,46,9,1,0.8667,0.95,0.8364,0.7917,0.94
Dataset_2,Right,SqueezeNet,255,20,42,6,7,0.8267,0.7407,0.875,0.7547,0.8927
Dataset_2,Right,SqueezeNet,256,22,38,9,6,0.8,0.7857,0.8085,0.7458,0.8773
Dataset_2,Right,SqueezeNet,257,16,43,13,3,0.7867,0.8421,0.7679,0.6667,0.8416
Dataset_2,Right,SqueezeNet,258,17,44,10,4,0.8133,0.8095,0.8148,0.7083,0.9017
Dataset_2,Right,SqueezeNet,259,23,44,8,0,0.8933,1.0,0.8462,0.8519,0.9523
Dataset_2,Right,SqueezeNet,260,16,44,9,6,0.8,0.7273,0.8302,0.6809,0.8405
Dataset_2,Right,SqueezeNet,261,16,50,7,2,0.88,0.8889,0.8772,0.7805,0.9298
Dataset_2,Right,SqueezeNet,262,16,51,6,2,0.8933,0.8889,0.8947,0.8,0.8986
Dataset_2,Right,SqueezeNet,263,21,44,8,2,0.8667,0.913,0.8462,0.8077,0.893
Dataset_2,Right,SqueezeNet,264,14,50,6,5,0.8533,0.7368,0.8929,0.7179,0.8816
Dataset_2,Right,SqueezeNet,265,19,45,6,5,0.8533,0.7917,0.8824,0.7755,0.8529
Dataset_2,Right,SqueezeNet,266,17,50,6,2,0.8933,0.8947,0.8929,0.8095,0.9394
Dataset_2,Right,SqueezeNet,267,16,46,7,6,0.8267,0.7273,0.8679,0.7111,0.8448
Dataset_2,Right,SqueezeNet,268,15,49,6,5,0.8533,0.75,0.8909,0.7317,0.7927
Dataset_2,Right,SqueezeNet,269,15,44,7,9,0.7867,0.625,0.8627,0.6522,0.7525
Dataset_2,Right,SqueezeNet,270,18,44,10,3,0.8267,0.8571,0.8148,0.7347,0.8933
Dataset_2,Right,SqueezeNet,271,10,57,7,1,0.8933,0.9091,0.8906,0.7143,0.9318
Dataset_2,Right,SqueezeNet,272,16,46,4,9,0.8267,0.64,0.92,0.7111,0.8216
Dataset_2,Right,SqueezeNet,273,17,48,8,2,0.8667,0.8947,0.8571,0.7727,0.9173
Dataset_2,Right,SqueezeNet,274,15,53,5,2,0.9067,0.8824,0.9138,0.8108,0.9422
Dataset_2,Right,SqueezeNet,275,26,42,4,3,0.9067,0.8966,0.913,0.8814,0.9168
Dataset_2,Right,SqueezeNet,276,16,44,6,9,0.8,0.64,0.88,0.6809,0.8272
Dataset_2,Right,SqueezeNet,277,12,53,10,0,0.8667,1.0,0.8413,0.7059,0.9358
Dataset_2,Right,SqueezeNet,278,21,40,11,3,0.8133,0.875,0.7843,0.75,0.8905
Dataset_2,Right,SqueezeNet,279,15,50,7,3,0.8667,0.8333,0.8772,0.75,0.922
Dataset_2,Right,SqueezeNet,280,13,49,9,4,0.8267,0.7647,0.8448,0.6667,0.8134
Dataset_2,Right,SqueezeNet,281,19,49,4,3,0.9067,0.8636,0.9245,0.8444,0.9408
Dataset_2,Right,SqueezeNet,282,6,51,14,4,0.76,0.6,0.7846,0.4,0.7977
Dataset_2,Right,SqueezeNet,283,21,42,7,5,0.84,0.8077,0.8571,0.7778,0.9031
Dataset_2,Right,SqueezeNet,284,19,47,6,3,0.88,0.8636,0.8868,0.8085,0.9151
Dataset_2,Right,SqueezeNet,285,17,49,6,3,0.88,0.85,0.8909,0.7907,0.915
Dataset_2,Right,SqueezeNet,286,20,45,8,2,0.8667,0.9091,0.8491,0.8,0.9245
Dataset_2,Right,SqueezeNet,287,14,50,8,3,0.8533,0.8235,0.8621,0.7179,0.8093
Dataset_2,Right,SqueezeNet,288,14,43,12,6,0.76,0.7,0.7818,0.6087,0.8436
Dataset_2,Right,SqueezeNet,289,11,53,6,5,0.8533,0.6875,0.8983,0.6667,0.7617
Dataset_2,Right,SqueezeNet,290,21,44,7,3,0.8667,0.875,0.8627,0.8077,0.9105
Dataset_2,Right,SqueezeNet,291,19,41,11,4,0.8,0.8261,0.7885,0.717,0.8169
Dataset_2,Right,SqueezeNet,292,17,42,8,8,0.7867,0.68,0.84,0.68,0.8392
Dataset_2,Right,SqueezeNet,293,18,41,9,7,0.7867,0.72,0.82,0.6923,0.84
Dataset_2,Right,SqueezeNet,294,21,47,6,1,0.9067,0.9545,0.8868,0.8571,0.9631
Dataset_2,Right,SqueezeNet,295,13,49,10,3,0.8267,0.8125,0.8305,0.6667,0.8792
Dataset_2,Right,SqueezeNet,296,14,52,7,2,0.88,0.875,0.8814,0.7568,0.9322
Dataset_2,Right,SqueezeNet,297,15,42,11,7,0.76,0.6818,0.7925,0.625,0.747
Dataset_2,Right,SqueezeNet,298,10,53,7,5,0.84,0.6667,0.8833,0.625,0.8344
Dataset_2,Right,SqueezeNet,299,21,42,11,1,0.84,0.9545,0.7925,0.7778,0.8799
Dataset_2,Right,SqueezeNet,300,14,50,10,1,0.8533,0.9333,0.8333,0.7179,0.8706
Dataset_2,Right,SqueezeNet,301,16,51,5,3,0.8933,0.8421,0.9107,0.8,0.9314
Dataset_2,Right,SqueezeNet,302,15,44,13,3,0.7867,0.8333,0.7719,0.6522,0.8382
Dataset_2,Right,SqueezeNet,303,17,44,7,7,0.8133,0.7083,0.8627,0.7083,0.8685
Dataset_2,Right,SqueezeNet,304,18,42,6,9,0.8,0.6667,0.875,0.7059,0.7731
Dataset_2,Right,SqueezeNet,305,19,47,8,1,0.88,0.95,0.8545,0.8085,0.9273
Dataset_2,Right,SqueezeNet,306,17,52,2,4,0.92,0.8095,0.963,0.85,0.9506
Dataset_2,Right,SqueezeNet,307,15,50,7,3,0.8667,0.8333,0.8772,0.75,0.9059
Dataset_2,Right,SqueezeNet,308,16,42,13,4,0.7733,0.8,0.7636,0.6531,0.8036
Dataset_2,Right,SqueezeNet,309,15,52,6,2,0.8933,0.8824,0.8966,0.7895,0.8925
Dataset_2,Right,SqueezeNet,310,12,48,8,7,0.8,0.6316,0.8571,0.6154,0.8346
Dataset_2,Right,SqueezeNet,311,20,43,6,6,0.84,0.7692,0.8776,0.7692,0.8571
Dataset_2,Right,SqueezeNet,312,16,44,10,5,0.8,0.7619,0.8148,0.6809,0.7998
Dataset_2,Right,SqueezeNet,313,14,52,7,2,0.88,0.875,0.8814,0.7568,0.8644
Dataset_2,Right,SqueezeNet,314,17,44,8,6,0.8133,0.7391,0.8462,0.7083,0.8002
Dataset_2,Right,SqueezeNet,315,10,58,4,3,0.9067,0.7692,0.9355,0.7407,0.9392
Dataset_2,Right,SqueezeNet,316,13,52,8,2,0.8667,0.8667,0.8667,0.7222,0.8833
Dataset_2,Right,SqueezeNet,317,22,41,5,7,0.84,0.7586,0.8913,0.7857,0.8508
Dataset_2,Right,SqueezeNet,318,21,45,6,3,0.88,0.875,0.8824,0.8235,0.924
Dataset_2,Right,SqueezeNet,319,17,44,6,8,0.8133,0.68,0.88,0.7083,0.8544
Dataset_2,Right,SqueezeNet,320,17,47,9,2,0.8533,0.8947,0.8393,0.7556,0.89
Dataset_2,Right,SqueezeNet,321,18,46,7,4,0.8533,0.8182,0.8679,0.766,0.8984
Dataset_2,Right,SqueezeNet,322,20,46,5,4,0.88,0.8333,0.902,0.8163,0.8333
Dataset_2,Right,SqueezeNet,323,17,46,8,4,0.84,0.8095,0.8519,0.7391,0.869
Dataset_2,Right,SqueezeNet,324,16,47,9,3,0.84,0.8421,0.8393,0.7273,0.9084
Dataset_2,Right,SqueezeNet,325,14,46,10,5,0.8,0.7368,0.8214,0.6512,0.8557
Dataset_2,Right,SqueezeNet,326,9,53,7,6,0.8267,0.6,0.8833,0.5806,0.7478
Dataset_2,Right,SqueezeNet,327,19,47,7,2,0.88,0.9048,0.8704,0.8085,0.9286
Dataset_2,Right,SqueezeNet,328,12,43,11,9,0.7333,0.5714,0.7963,0.5455,0.7354
Dataset_2,Right,SqueezeNet,329,12,52,7,4,0.8533,0.75,0.8814,0.6857,0.8612
Dataset_2,Right,SqueezeNet,330,17,45,7,6,0.8267,0.7391,0.8654,0.7234,0.8416
Dataset_2,Right,SqueezeNet,331,19,37,15,4,0.7467,0.8261,0.7115,0.6667,0.7893
Dataset_2,Right,SqueezeNet,332,20,45,8,2,0.8667,0.9091,0.8491,0.8,0.916
Dataset_2,Right,SqueezeNet,333,16,47,7,5,0.84,0.7619,0.8704,0.7273,0.888
Dataset_2,Right,SqueezeNet,334,15,51,6,3,0.88,0.8333,0.8947,0.7692,0.8645
Dataset_2,Right,SqueezeNet,335,19,46,8,2,0.8667,0.9048,0.8519,0.7917,0.9109
Dataset_2,Right,SqueezeNet,336,11,53,8,3,0.8533,0.7857,0.8689,0.6667,0.8905
Dataset_2,Right,SqueezeNet,337,15,44,12,4,0.7867,0.7895,0.7857,0.6522,0.8459
Dataset_2,Right,SqueezeNet,338,14,43,11,7,0.76,0.6667,0.7963,0.6087,0.7928
Dataset_2,Right,SqueezeNet,339,13,48,5,9,0.8133,0.5909,0.9057,0.65,0.8593
Dataset_2,Right,SqueezeNet,340,21,46,4,4,0.8933,0.84,0.92,0.84,0.9116
Dataset_2,Right,SqueezeNet,341,12,50,7,6,0.8267,0.6667,0.8772,0.6486,0.8304
Dataset_2,Right,SqueezeNet,342,14,43,12,6,0.76,0.7,0.7818,0.6087,0.7591
Dataset_2,Right,SqueezeNet,343,16,48,8,3,0.8533,0.8421,0.8571,0.7442,0.8195
Dataset_2,Right,SqueezeNet,344,21,41,11,2,0.8267,0.913,0.7885,0.7636,0.8261
Dataset_2,Right,SqueezeNet,345,15,52,5,3,0.8933,0.8333,0.9123,0.7895,0.8977
Dataset_2,Right,SqueezeNet,346,15,48,10,2,0.84,0.8824,0.8276,0.7143,0.8276
Dataset_2,Right,SqueezeNet,347,13,51,7,4,0.8533,0.7647,0.8793,0.7027,0.8347
Dataset_2,Right,SqueezeNet,348,17,45,10,3,0.8267,0.85,0.8182,0.7234,0.9168
Dataset_2,Right,SqueezeNet,349,17,47,8,3,0.8533,0.85,0.8545,0.7556,0.8391
Dataset_2,Right,SqueezeNet,350,20,44,5,6,0.8533,0.7692,0.898,0.7843,0.8964
Dataset_2,Right,SqueezeNet,351,13,50,8,4,0.84,0.7647,0.8621,0.6842,0.8296
Dataset_2,Right,SqueezeNet,352,15,51,4,5,0.88,0.75,0.9273,0.7692,0.8309
Dataset_2,Right,SqueezeNet,353,23,37,10,5,0.8,0.8214,0.7872,0.7541,0.8374
Dataset_2,Right,SqueezeNet,354,16,50,5,4,0.88,0.8,0.9091,0.7805,0.87
Dataset_2,Right,SqueezeNet,355,17,47,8,3,0.8533,0.85,0.8545,0.7556,0.9309
Dataset_2,Right,SqueezeNet,356,16,47,4,8,0.84,0.6667,0.9216,0.7273,0.8056
Dataset_2,Right,SqueezeNet,357,16,47,8,4,0.84,0.8,0.8545,0.7273,0.8782
Dataset_2,Right,SqueezeNet,358,13,46,13,3,0.7867,0.8125,0.7797,0.619,0.8046
Dataset_2,Right,SqueezeNet,359,16,45,11,3,0.8133,0.8421,0.8036,0.6957,0.8684
Dataset_2,Right,SqueezeNet,360,14,47,11,3,0.8133,0.8235,0.8103,0.6667,0.856
Dataset_2,Right,SqueezeNet,361,13,51,6,5,0.8533,0.7222,0.8947,0.7027,0.8528
Dataset_2,Right,SqueezeNet,362,21,39,10,5,0.8,0.8077,0.7959,0.7368,0.7904
Dataset_2,Right,SqueezeNet,363,23,44,5,3,0.8933,0.8846,0.898,0.8519,0.898
Dataset_2,Right,SqueezeNet,364,17,40,8,10,0.76,0.6296,0.8333,0.6538,0.7681
Dataset_2,Right,SqueezeNet,365,16,51,5,3,0.8933,0.8421,0.9107,0.8,0.9521
Dataset_2,Right,SqueezeNet,366,15,48,8,4,0.84,0.7895,0.8571,0.7143,0.8731
Dataset_2,Right,SqueezeNet,367,18,44,11,2,0.8267,0.9,0.8,0.7347,0.8682
Dataset_2,Right,SqueezeNet,368,15,47,8,5,0.8267,0.75,0.8545,0.6977,0.8495
Dataset_2,Right,SqueezeNet,369,15,48,7,5,0.84,0.75,0.8727,0.7143,0.7864
Dataset_2,Right,SqueezeNet,370,18,42,12,3,0.8,0.8571,0.7778,0.7059,0.9004
Dataset_2,Right,SqueezeNet,371,17,43,5,10,0.8,0.6296,0.8958,0.6939,0.7816
Dataset_2,Right,SqueezeNet,372,19,46,8,2,0.8667,0.9048,0.8519,0.7917,0.899
Dataset_2,Right,SqueezeNet,373,13,50,10,2,0.84,0.8667,0.8333,0.6842,0.8744
Dataset_2,Right,SqueezeNet,374,20,44,5,6,0.8533,0.7692,0.898,0.7843,0.8995
Dataset_2,Right,SqueezeNet,375,17,49,5,4,0.88,0.8095,0.9074,0.7907,0.8783
Dataset_2,Right,SqueezeNet,376,19,48,7,1,0.8933,0.95,0.8727,0.8261,0.9368
Dataset_2,Right,SqueezeNet,377,19,41,12,3,0.8,0.8636,0.7736,0.717,0.8842
Dataset_2,Right,SqueezeNet,378,16,53,5,1,0.92,0.9412,0.9138,0.8421,0.9848
Dataset_2,Right,SqueezeNet,379,16,50,8,1,0.88,0.9412,0.8621,0.7805,0.9108
Dataset_2,Right,SqueezeNet,380,14,50,7,4,0.8533,0.7778,0.8772,0.7179,0.9016
Dataset_2,Right,SqueezeNet,381,14,52,4,5,0.88,0.7368,0.9286,0.7568,0.8994
Dataset_2,Right,SqueezeNet,382,21,42,7,5,0.84,0.8077,0.8571,0.7778,0.8446
Dataset_2,Right,SqueezeNet,383,16,49,7,3,0.8667,0.8421,0.875,0.7619,0.8976
Dataset_2,Right,SqueezeNet,384,20,40,11,4,0.8,0.8333,0.7843,0.7273,0.8423
Dataset_2,Right,SqueezeNet,385,24,40,5,6,0.8533,0.8,0.8889,0.8136,0.9163
Dataset_2,Right,SqueezeNet,386,16,44,12,3,0.8,0.8421,0.7857,0.6809,0.8595
Dataset_2,Right,SqueezeNet,387,8,55,8,4,0.84,0.6667,0.873,0.5714,0.8201
Dataset_2,Right,SqueezeNet,388,14,49,7,5,0.84,0.7368,0.875,0.7,0.8712
Dataset_2,Right,SqueezeNet,389,18,48,6,3,0.88,0.8571,0.8889,0.8,0.903
Dataset_2,Right,SqueezeNet,390,18,45,8,4,0.84,0.8182,0.8491,0.75,0.8585
Dataset_2,Right,SqueezeNet,391,16,45,9,5,0.8133,0.7619,0.8333,0.6957,0.7857
Dataset_2,Right,SqueezeNet,392,10,53,9,3,0.84,0.7692,0.8548,0.625,0.8865
Dataset_2,Right,SqueezeNet,393,11,52,8,4,0.84,0.7333,0.8667,0.6471,0.8478
Dataset_2,Right,SqueezeNet,394,19,44,9,3,0.84,0.8636,0.8302,0.76,0.8508
Dataset_2,Right,SqueezeNet,395,18,42,8,7,0.8,0.72,0.84,0.7059,0.8176
Dataset_2,Right,SqueezeNet,396,14,47,8,6,0.8133,0.7,0.8545,0.6667,0.8127
Dataset_2,Right,SqueezeNet,397,16,45,12,2,0.8133,0.8889,0.7895,0.6957,0.8567
Dataset_2,Right,SqueezeNet,398,21,41,9,4,0.8267,0.84,0.82,0.7636,0.8096
Dataset_2,Right,SqueezeNet,399,12,50,10,3,0.8267,0.8,0.8333,0.6486,0.8761
Dataset_2,Right,SqueezeNet,400,11,52,9,3,0.84,0.7857,0.8525,0.6471,0.8595
Dataset_2,Right,SqueezeNet,401,22,37,9,7,0.7867,0.7586,0.8043,0.7333,0.8523
Dataset_2,Right,SqueezeNet,402,15,43,12,5,0.7733,0.75,0.7818,0.6383,0.7759
Dataset_2,Right,SqueezeNet,403,20,49,4,2,0.92,0.9091,0.9245,0.8696,0.9134
Dataset_2,Right,SqueezeNet,404,14,49,8,4,0.84,0.7778,0.8596,0.7,0.9181
Dataset_2,Right,SqueezeNet,405,17,43,12,3,0.8,0.85,0.7818,0.6939,0.8536
Dataset_2,Right,SqueezeNet,406,12,48,9,6,0.8,0.6667,0.8421,0.6154,0.7841
Dataset_2,Right,SqueezeNet,407,13,48,6,8,0.8133,0.619,0.8889,0.65,0.7191
Dataset_2,Right,SqueezeNet,408,21,37,11,6,0.7733,0.7778,0.7708,0.7119,0.8194
Dataset_2,Right,SqueezeNet,409,14,50,7,4,0.8533,0.7778,0.8772,0.7179,0.8426
Dataset_2,Right,SqueezeNet,410,18,41,11,5,0.7867,0.7826,0.7885,0.6923,0.8344
Dataset_2,Right,SqueezeNet,411,16,49,5,5,0.8667,0.7619,0.9074,0.7619,0.9127
Dataset_2,Right,SqueezeNet,412,12,49,8,6,0.8133,0.6667,0.8596,0.6316,0.8041
Dataset_2,Right,SqueezeNet,413,13,54,5,3,0.8933,0.8125,0.9153,0.7647,0.8655
Dataset_2,Right,SqueezeNet,414,13,52,6,4,0.8667,0.7647,0.8966,0.7222,0.8712
Dataset_2,Right,SqueezeNet,415,22,44,4,5,0.88,0.8148,0.9167,0.8302,0.9059
Dataset_2,Right,SqueezeNet,416,13,51,6,5,0.8533,0.7222,0.8947,0.7027,0.8704
Dataset_2,Right,SqueezeNet,417,18,47,8,2,0.8667,0.9,0.8545,0.7826,0.87
Dataset_2,Right,SqueezeNet,418,23,41,6,5,0.8533,0.8214,0.8723,0.807,0.91
Dataset_2,Right,SqueezeNet,419,12,48,7,8,0.8,0.6,0.8727,0.6154,0.7641
Dataset_2,Right,SqueezeNet,420,17,44,7,7,0.8133,0.7083,0.8627,0.7083,0.8554
Dataset_2,Right,SqueezeNet,421,12,51,9,3,0.84,0.8,0.85,0.6667,0.9122
Dataset_2,Right,SqueezeNet,422,20,43,8,4,0.84,0.8333,0.8431,0.7692,0.8828
Dataset_2,Right,SqueezeNet,423,14,48,11,2,0.8267,0.875,0.8136,0.6829,0.8898
Dataset_2,Right,SqueezeNet,424,15,49,5,6,0.8533,0.7143,0.9074,0.7317,0.8007
Dataset_2,Right,SqueezeNet,425,18,43,7,7,0.8133,0.72,0.86,0.72,0.8336
Dataset_2,Right,SqueezeNet,426,18,40,11,6,0.7733,0.75,0.7843,0.6792,0.8194
Dataset_2,Right,SqueezeNet,427,20,42,7,6,0.8267,0.7692,0.8571,0.7547,0.8913
Dataset_2,Right,SqueezeNet,428,16,49,8,2,0.8667,0.8889,0.8596,0.7619,0.9284
Dataset_2,Right,SqueezeNet,429,18,50,4,3,0.9067,0.8571,0.9259,0.8372,0.8757
Dataset_2,Right,SqueezeNet,430,17,47,9,2,0.8533,0.8947,0.8393,0.7556,0.8976
Dataset_2,Right,SqueezeNet,431,20,44,7,4,0.8533,0.8333,0.8627,0.7843,0.866
Dataset_2,Right,SqueezeNet,432,15,40,12,8,0.7333,0.6522,0.7692,0.6,0.7676
Dataset_2,Right,SqueezeNet,433,19,37,11,8,0.7467,0.7037,0.7708,0.6667,0.7454
Dataset_2,Right,SqueezeNet,434,17,41,11,6,0.7733,0.7391,0.7885,0.6667,0.8629
Dataset_2,Right,SqueezeNet,435,16,49,6,4,0.8667,0.8,0.8909,0.7619,0.9355
Dataset_2,Right,SqueezeNet,436,16,43,13,3,0.7867,0.8421,0.7679,0.6667,0.8647
Dataset_2,Right,SqueezeNet,437,14,55,5,1,0.92,0.9333,0.9167,0.8235,0.9344
Dataset_2,Right,SqueezeNet,438,19,42,10,4,0.8133,0.8261,0.8077,0.7308,0.8198
Dataset_2,Right,SqueezeNet,439,18,48,3,6,0.88,0.75,0.9412,0.8,0.8652
Dataset_2,Right,SqueezeNet,440,20,40,9,6,0.8,0.7692,0.8163,0.7273,0.8414
Dataset_2,Right,SqueezeNet,441,17,48,6,4,0.8667,0.8095,0.8889,0.7727,0.8713
Dataset_2,Right,SqueezeNet,442,15,51,6,3,0.88,0.8333,0.8947,0.7692,0.9318
Dataset_2,Right,SqueezeNet,443,15,49,9,2,0.8533,0.8824,0.8448,0.7317,0.8611
Dataset_2,Right,SqueezeNet,444,20,49,3,3,0.92,0.8696,0.9423,0.8696,0.9348
Dataset_2,Right,SqueezeNet,445,13,50,10,2,0.84,0.8667,0.8333,0.6842,0.8617
Dataset_2,Right,SqueezeNet,446,17,48,8,2,0.8667,0.8947,0.8571,0.7727,0.9023
Dataset_2,Right,SqueezeNet,447,15,45,10,5,0.8,0.75,0.8182,0.6667,0.8282
Dataset_2,Right,SqueezeNet,448,20,42,7,6,0.8267,0.7692,0.8571,0.7547,0.8257
Dataset_2,Right,SqueezeNet,449,16,50,6,3,0.88,0.8421,0.8929,0.7805,0.9333
Dataset_2,Right,SqueezeNet,450,13,51,9,2,0.8533,0.8667,0.85,0.7027,0.8678
Dataset_2,Right,SqueezeNet,451,15,48,7,5,0.84,0.75,0.8727,0.7143,0.8882
Dataset_2,Right,SqueezeNet,452,20,40,12,3,0.8,0.8696,0.7692,0.7273,0.8796
Dataset_2,Right,SqueezeNet,453,26,36,9,4,0.8267,0.8667,0.8,0.8,0.8844
Dataset_2,Right,SqueezeNet,454,6,52,12,5,0.7733,0.5455,0.8125,0.4138,0.7848
Dataset_2,Right,SqueezeNet,455,13,52,7,3,0.8667,0.8125,0.8814,0.7222,0.8453
Dataset_2,Right,SqueezeNet,456,17,51,4,3,0.9067,0.85,0.9273,0.8293,0.8764
Dataset_2,Right,SqueezeNet,457,12,54,8,1,0.88,0.9231,0.871,0.7273,0.861
Dataset_2,Right,SqueezeNet,458,15,44,13,3,0.7867,0.8333,0.7719,0.6522,0.8567
Dataset_2,Right,SqueezeNet,459,10,45,14,6,0.7333,0.625,0.7627,0.5,0.7124
Dataset_2,Right,SqueezeNet,460,17,44,10,4,0.8133,0.8095,0.8148,0.7083,0.8571
Dataset_2,Right,SqueezeNet,461,12,45,12,6,0.76,0.6667,0.7895,0.5714,0.8192
Dataset_2,Right,SqueezeNet,462,13,47,7,8,0.8,0.619,0.8704,0.6341,0.7324
Dataset_2,Right,SqueezeNet,463,13,53,8,1,0.88,0.9286,0.8689,0.7429,0.952
Dataset_2,Right,SqueezeNet,464,19,45,9,2,0.8533,0.9048,0.8333,0.7755,0.9259
Dataset_2,Right,SqueezeNet,465,15,47,11,2,0.8267,0.8824,0.8103,0.6977,0.8905
Dataset_2,Right,SqueezeNet,466,14,48,5,8,0.8267,0.6364,0.9057,0.6829,0.7895
Dataset_2,Right,SqueezeNet,467,14,48,9,4,0.8267,0.7778,0.8421,0.6829,0.8499
Dataset_2,Right,SqueezeNet,468,14,49,10,2,0.84,0.875,0.8305,0.7,0.8782
Dataset_2,Right,SqueezeNet,469,15,49,8,3,0.8533,0.8333,0.8596,0.7317,0.884
Dataset_2,Right,SqueezeNet,470,15,55,5,0,0.9333,1.0,0.9167,0.8571,0.9633
Dataset_2,Right,SqueezeNet,471,18,48,7,2,0.88,0.9,0.8727,0.8,0.8573
Dataset_2,Right,SqueezeNet,472,16,49,5,5,0.8667,0.7619,0.9074,0.7619,0.8827
Dataset_2,Right,SqueezeNet,473,19,45,9,2,0.8533,0.9048,0.8333,0.7755,0.828
Dataset_2,Right,SqueezeNet,474,20,44,9,2,0.8533,0.9091,0.8302,0.7843,0.9348
Dataset_2,Right,SqueezeNet,475,12,52,8,3,0.8533,0.8,0.8667,0.6857,0.8672
Dataset_2,Right,SqueezeNet,476,19,46,6,4,0.8667,0.8261,0.8846,0.7917,0.8457
Dataset_2,Right,SqueezeNet,477,18,48,7,2,0.88,0.9,0.8727,0.8,0.9
Dataset_2,Right,SqueezeNet,478,20,41,10,4,0.8133,0.8333,0.8039,0.7407,0.8137
Dataset_2,Right,SqueezeNet,479,16,45,11,3,0.8133,0.8421,0.8036,0.6957,0.9032
Dataset_2,Right,SqueezeNet,480,13,47,13,2,0.8,0.8667,0.7833,0.6341,0.9139
Dataset_2,Right,SqueezeNet,481,19,44,4,8,0.84,0.7037,0.9167,0.76,0.8858
Dataset_2,Right,SqueezeNet,482,18,40,11,6,0.7733,0.75,0.7843,0.6792,0.8129
Dataset_2,Right,SqueezeNet,483,14,54,5,2,0.9067,0.875,0.9153,0.8,0.8602
Dataset_2,Right,SqueezeNet,484,21,45,7,2,0.88,0.913,0.8654,0.8235,0.9164
Dataset_2,Right,SqueezeNet,485,16,48,6,5,0.8533,0.7619,0.8889,0.7442,0.8554
Dataset_2,Right,SqueezeNet,486,13,48,11,3,0.8133,0.8125,0.8136,0.65,0.8321
Dataset_2,Right,SqueezeNet,487,16,46,11,2,0.8267,0.8889,0.807,0.7111,0.9045
Dataset_2,Right,SqueezeNet,488,19,42,9,5,0.8133,0.7917,0.8235,0.7308,0.9044
Dataset_2,Right,SqueezeNet,489,19,48,2,6,0.8933,0.76,0.96,0.8261,0.94
Dataset_2,Right,SqueezeNet,490,22,44,7,2,0.88,0.9167,0.8627,0.8302,0.8901
Dataset_2,Right,SqueezeNet,491,19,46,6,4,0.8667,0.8261,0.8846,0.7917,0.8946
Dataset_2,Right,SqueezeNet,492,14,47,4,10,0.8133,0.5833,0.9216,0.6667,0.8603
Dataset_2,Right,SqueezeNet,493,16,42,11,6,0.7733,0.7273,0.7925,0.6531,0.7256
Dataset_2,Right,SqueezeNet,494,17,50,7,1,0.8933,0.9444,0.8772,0.8095,0.9264
Dataset_2,Right,SqueezeNet,495,17,51,5,2,0.9067,0.8947,0.9107,0.8293,0.9182
Dataset_2,Right,SqueezeNet,496,17,50,5,3,0.8933,0.85,0.9091,0.8095,0.8918
Dataset_2,Right,SqueezeNet,497,16,48,7,4,0.8533,0.8,0.8727,0.7442,0.8791
Dataset_2,Right,SqueezeNet,498,11,54,2,8,0.8667,0.5789,0.9643,0.6875,0.8336
Dataset_2,Right,SqueezeNet,499,16,48,6,5,0.8533,0.7619,0.8889,0.7442,0.8977
Dataset_2,Right,SqueezeNet,500,17,46,8,4,0.84,0.8095,0.8519,0.7391,0.836
Dataset_2,Right,SqueezeNet,501,12,46,12,5,0.7733,0.7059,0.7931,0.5854,0.8225
Dataset_2,Right,SqueezeNet,502,17,46,10,2,0.84,0.8947,0.8214,0.7391,0.9178
Dataset_2,Right,SqueezeNet,503,21,46,6,2,0.8933,0.913,0.8846,0.84,0.8938
Dataset_2,Right,SqueezeNet,504,17,51,6,1,0.9067,0.9444,0.8947,0.8293,0.9347
Dataset_2,Right,SqueezeNet,505,16,53,4,2,0.92,0.8889,0.9298,0.8421,0.9469
Dataset_2,Right,SqueezeNet,506,8,54,8,5,0.8267,0.6154,0.871,0.5517,0.7506
Dataset_2,Right,SqueezeNet,507,16,45,10,4,0.8133,0.8,0.8182,0.6957,0.7945
Dataset_2,Right,SqueezeNet,508,11,52,9,3,0.84,0.7857,0.8525,0.6471,0.8448
Dataset_2,Right,SqueezeNet,509,19,44,8,4,0.84,0.8261,0.8462,0.76,0.88
Dataset_2,Right,SqueezeNet,510,21,47,5,2,0.9067,0.913,0.9038,0.8571,0.9197
Dataset_2,Right,SqueezeNet,511,14,46,9,6,0.8,0.7,0.8364,0.6512,0.8364
Dataset_2,Right,SqueezeNet,512,23,44,5,3,0.8933,0.8846,0.898,0.8519,0.8713
Dataset_2,Right,SqueezeNet,513,15,43,10,7,0.7733,0.6818,0.8113,0.6383,0.8345
Dataset_2,Right,SqueezeNet,514,20,44,6,5,0.8533,0.8,0.88,0.7843,0.8912
Dataset_2,Right,SqueezeNet,515,12,53,7,3,0.8667,0.8,0.8833,0.7059,0.8733
Dataset_2,Right,SqueezeNet,516,14,50,7,4,0.8533,0.7778,0.8772,0.7179,0.8475
Dataset_2,Right,SqueezeNet,517,23,44,4,4,0.8933,0.8519,0.9167,0.8519,0.9306
Dataset_2,Right,SqueezeNet,518,16,48,6,5,0.8533,0.7619,0.8889,0.7442,0.918
Dataset_2,Right,SqueezeNet,519,15,46,9,5,0.8133,0.75,0.8364,0.6818,0.7618
Dataset_2,Right,SqueezeNet,520,15,48,6,6,0.84,0.7143,0.8889,0.7143,0.873
Dataset_2,Right,SqueezeNet,521,16,46,7,6,0.8267,0.7273,0.8679,0.7111,0.8636
Dataset_2,Right,SqueezeNet,522,12,52,9,2,0.8533,0.8571,0.8525,0.6857,0.8244
Dataset_2,Right,SqueezeNet,523,9,56,9,1,0.8667,0.9,0.8615,0.6429,0.8738
Dataset_2,Right,SqueezeNet,524,14,47,8,6,0.8133,0.7,0.8545,0.6667,0.7541
Dataset_2,Right,SqueezeNet,525,16,45,9,5,0.8133,0.7619,0.8333,0.6957,0.884
Dataset_2,Right,SqueezeNet,526,16,41,14,4,0.76,0.8,0.7455,0.64,0.8073
Dataset_2,Right,SqueezeNet,527,21,43,4,7,0.8533,0.75,0.9149,0.7925,0.8587
Dataset_2,Right,SqueezeNet,528,18,45,8,4,0.84,0.8182,0.8491,0.75,0.8276
Dataset_2,Right,SqueezeNet,529,13,48,10,4,0.8133,0.7647,0.8276,0.65,0.8641
Dataset_2,Right,SqueezeNet,530,17,50,6,2,0.8933,0.8947,0.8929,0.8095,0.9398
Dataset_2,Right,SqueezeNet,531,9,51,11,4,0.8,0.6923,0.8226,0.5455,0.7246
Dataset_2,Right,SqueezeNet,532,14,50,7,4,0.8533,0.7778,0.8772,0.7179,0.845
Dataset_2,Right,SqueezeNet,533,13,52,6,4,0.8667,0.7647,0.8966,0.7222,0.857
Dataset_2,Right,SqueezeNet,534,20,47,5,3,0.8933,0.8696,0.9038,0.8333,0.8846
Dataset_2,Right,SqueezeNet,535,14,48,7,6,0.8267,0.7,0.8727,0.6829,0.8191
Dataset_2,Right,SqueezeNet,536,12,56,5,2,0.9067,0.8571,0.918,0.7742,0.9268
Dataset_2,Right,SqueezeNet,537,20,45,8,2,0.8667,0.9091,0.8491,0.8,0.8881
Dataset_2,Right,SqueezeNet,538,17,47,8,3,0.8533,0.85,0.8545,0.7556,0.8373
Dataset_2,Right,SqueezeNet,539,14,51,6,4,0.8667,0.7778,0.8947,0.7368,0.864
Dataset_2,Right,SqueezeNet,540,18,48,7,2,0.88,0.9,0.8727,0.8,0.9455
Dataset_2,Right,SqueezeNet,541,22,42,9,2,0.8533,0.9167,0.8235,0.8,0.8672
Dataset_2,Right,SqueezeNet,542,18,40,12,5,0.7733,0.7826,0.7692,0.6792,0.7868
Dataset_2,Right,SqueezeNet,543,15,44,11,5,0.7867,0.75,0.8,0.6522,0.8586
Dataset_2,Right,SqueezeNet,544,13,48,6,8,0.8133,0.619,0.8889,0.65,0.7981
Dataset_2,Right,SqueezeNet,545,20,46,7,2,0.88,0.9091,0.8679,0.8163,0.8937
Dataset_2,Right,SqueezeNet,546,14,48,6,7,0.8267,0.6667,0.8889,0.6829,0.8025
Dataset_2,Right,SqueezeNet,547,13,42,15,5,0.7333,0.7222,0.7368,0.5652,0.7934
Dataset_2,Right,SqueezeNet,548,24,43,5,3,0.8933,0.8889,0.8958,0.8571,0.902
Dataset_2,Right,SqueezeNet,549,23,46,4,2,0.92,0.92,0.92,0.8846,0.9096
Dataset_2,Right,SqueezeNet,550,17,48,8,2,0.8667,0.8947,0.8571,0.7727,0.9154
Dataset_2,Right,SqueezeNet,551,14,47,11,3,0.8133,0.8235,0.8103,0.6667,0.8367
Dataset_2,Right,SqueezeNet,552,17,49,7,2,0.88,0.8947,0.875,0.7907,0.9196
Dataset_2,Right,SqueezeNet,553,14,52,7,2,0.88,0.875,0.8814,0.7568,0.8252
Dataset_2,Right,SqueezeNet,554,17,44,6,8,0.8133,0.68,0.88,0.7083,0.8424
Dataset_2,Right,SqueezeNet,555,19,47,4,5,0.88,0.7917,0.9216,0.8085,0.8913
Dataset_2,Right,SqueezeNet,556,16,51,5,3,0.8933,0.8421,0.9107,0.8,0.8694
Dataset_2,Right,SqueezeNet,557,13,49,6,7,0.8267,0.65,0.8909,0.6667,0.8959
Dataset_2,Right,SqueezeNet,558,14,46,12,3,0.8,0.8235,0.7931,0.6512,0.8448
Dataset_2,Right,SqueezeNet,559,16,51,6,2,0.8933,0.8889,0.8947,0.8,0.924
Dataset_2,Right,SqueezeNet,560,10,53,8,4,0.84,0.7143,0.8689,0.625,0.8689
Dataset_2,Right,SqueezeNet,561,16,48,7,4,0.8533,0.8,0.8727,0.7442,0.8282
Dataset_2,Right,SqueezeNet,562,15,49,9,2,0.8533,0.8824,0.8448,0.7317,0.8895
Dataset_2,Right,SqueezeNet,563,19,46,6,4,0.8667,0.8261,0.8846,0.7917,0.9314
Dataset_2,Right,SqueezeNet,564,16,48,8,3,0.8533,0.8421,0.8571,0.7442,0.9145
Dataset_2,Right,SqueezeNet,565,13,49,8,5,0.8267,0.7222,0.8596,0.6667,0.8031
Dataset_2,Right,SqueezeNet,566,20,46,5,4,0.88,0.8333,0.902,0.8163,0.9289
Dataset_2,Right,SqueezeNet,567,13,51,8,3,0.8533,0.8125,0.8644,0.7027,0.848
Dataset_2,Right,SqueezeNet,568,14,48,8,5,0.8267,0.7368,0.8571,0.6829,0.8797
Dataset_2,Right,SqueezeNet,569,15,52,2,6,0.8933,0.7143,0.963,0.7895,0.8624
Dataset_2,Right,SqueezeNet,570,28,35,6,6,0.84,0.8235,0.8537,0.8235,0.8902
Dataset_2,Right,SqueezeNet,571,14,47,8,6,0.8133,0.7,0.8545,0.6667,0.7986
Dataset_2,Right,SqueezeNet,572,15,50,7,3,0.8667,0.8333,0.8772,0.75,0.8801
Dataset_2,Right,SqueezeNet,573,13,51,9,2,0.8533,0.8667,0.85,0.7027,0.9244
Dataset_2,Right,SqueezeNet,574,13,50,9,3,0.84,0.8125,0.8475,0.6842,0.8856
Dataset_2,Right,SqueezeNet,575,26,38,5,6,0.8533,0.8125,0.8837,0.8254,0.863
Dataset_2,Right,SqueezeNet,576,15,48,7,5,0.84,0.75,0.8727,0.7143,0.8527
Dataset_2,Right,SqueezeNet,577,14,48,6,7,0.8267,0.6667,0.8889,0.6829,0.8347
Dataset_2,Right,SqueezeNet,578,16,45,9,5,0.8133,0.7619,0.8333,0.6957,0.8536
Dataset_2,Right,SqueezeNet,579,17,49,6,3,0.88,0.85,0.8909,0.7907,0.8745
Dataset_2,Right,SqueezeNet,580,13,49,11,2,0.8267,0.8667,0.8167,0.6667,0.8761
Dataset_2,Right,SqueezeNet,581,20,42,10,3,0.8267,0.8696,0.8077,0.7547,0.8637
Dataset_2,Right,SqueezeNet,582,13,51,8,3,0.8533,0.8125,0.8644,0.7027,0.8453
Dataset_2,Right,SqueezeNet,583,16,50,5,4,0.88,0.8,0.9091,0.7805,0.8964
Dataset_2,Right,SqueezeNet,584,10,47,10,8,0.76,0.5556,0.8246,0.5263,0.7865
Dataset_2,Right,SqueezeNet,585,13,53,7,2,0.88,0.8667,0.8833,0.7429,0.9294
Dataset_2,Right,SqueezeNet,586,17,50,6,2,0.8933,0.8947,0.8929,0.8095,0.9539
Dataset_2,Right,SqueezeNet,587,16,47,9,3,0.84,0.8421,0.8393,0.7273,0.8802
Dataset_2,Right,SqueezeNet,588,14,49,7,5,0.84,0.7368,0.875,0.7,0.8994
Dataset_2,Right,SqueezeNet,589,24,36,11,4,0.8,0.8571,0.766,0.7619,0.8731
Dataset_2,Right,SqueezeNet,590,16,41,15,3,0.76,0.8421,0.7321,0.64,0.8224
Dataset_2,Right,SqueezeNet,591,15,51,4,5,0.88,0.75,0.9273,0.7692,0.8982
Dataset_2,Right,SqueezeNet,592,18,44,10,3,0.8267,0.8571,0.8148,0.7347,0.8739
Dataset_2,Right,SqueezeNet,593,14,49,9,3,0.84,0.8235,0.8448,0.7,0.86
Dataset_2,Right,SqueezeNet,594,14,47,7,7,0.8133,0.6667,0.8704,0.6667,0.8108
Dataset_2,Right,SqueezeNet,595,18,44,8,5,0.8267,0.7826,0.8462,0.7347,0.8599
Dataset_2,Right,SqueezeNet,596,23,44,7,1,0.8933,0.9583,0.8627,0.8519,0.9796
Dataset_2,Right,SqueezeNet,597,10,53,6,6,0.84,0.625,0.8983,0.625,0.8363
Dataset_2,Right,SqueezeNet,598,15,48,8,4,0.84,0.7895,0.8571,0.7143,0.8186
Dataset_2,Right,SqueezeNet,599,10,53,9,3,0.84,0.7692,0.8548,0.625,0.8685
Dataset_2,Right,SqueezeNet,600,17,45,7,6,0.8267,0.7391,0.8654,0.7234,0.8821
Dataset_2,Right,SqueezeNet,601,13,48,6,8,0.8133,0.619,0.8889,0.65,0.8624
Dataset_2,Right,SqueezeNet,602,19,48,6,2,0.8933,0.9048,0.8889,0.8261,0.8792
Dataset_2,Right,SqueezeNet,603,23,37,12,3,0.8,0.8846,0.7551,0.7541,0.8422
Dataset_2,Right,SqueezeNet,604,20,43,9,3,0.84,0.8696,0.8269,0.7692,0.9001
Dataset_2,Right,SqueezeNet,605,15,43,12,5,0.7733,0.75,0.7818,0.6383,0.8227
Dataset_2,Right,SqueezeNet,606,13,50,10,2,0.84,0.8667,0.8333,0.6842,0.9244
Dataset_2,Right,SqueezeNet,607,12,51,9,3,0.84,0.8,0.85,0.6667,0.8594
Dataset_2,Right,SqueezeNet,608,14,45,13,3,0.7867,0.8235,0.7759,0.6364,0.8682
Dataset_2,Right,SqueezeNet,609,22,45,5,3,0.8933,0.88,0.9,0.8462,0.92
Dataset_2,Right,SqueezeNet,610,14,44,9,8,0.7733,0.6364,0.8302,0.6222,0.8057
Dataset_2,Right,SqueezeNet,611,16,55,3,1,0.9467,0.9412,0.9483,0.8889,0.932
Dataset_2,Right,SqueezeNet,612,14,47,11,3,0.8133,0.8235,0.8103,0.6667,0.8742
Dataset_2,Right,SqueezeNet,613,18,46,9,2,0.8533,0.9,0.8364,0.766,0.9132
Dataset_2,Right,SqueezeNet,614,20,47,6,2,0.8933,0.9091,0.8868,0.8333,0.9451
Dataset_2,Right,SqueezeNet,615,18,42,10,5,0.8,0.7826,0.8077,0.7059,0.8261
Dataset_2,Right,SqueezeNet,616,12,52,9,2,0.8533,0.8571,0.8525,0.6857,0.8724
Dataset_2,Right,SqueezeNet,617,14,55,4,2,0.92,0.875,0.9322,0.8235,0.893
Dataset_2,Right,SqueezeNet,618,20,41,9,5,0.8133,0.8,0.82,0.7407,0.8584
Dataset_2,Right,SqueezeNet,619,14,52,6,3,0.88,0.8235,0.8966,0.7568,0.9442
Dataset_2,Right,SqueezeNet,620,21,39,11,4,0.8,0.84,0.78,0.7368,0.8692
Dataset_2,Right,SqueezeNet,621,15,47,9,4,0.8267,0.7895,0.8393,0.6977,0.7707
Dataset_2,Right,SqueezeNet,622,19,50,5,1,0.92,0.95,0.9091,0.8636,0.9036
Dataset_2,Right,SqueezeNet,623,20,41,10,4,0.8133,0.8333,0.8039,0.7407,0.8264
Dataset_2,Right,SqueezeNet,624,19,44,8,4,0.84,0.8261,0.8462,0.76,0.8562
Dataset_2,Right,SqueezeNet,625,22,39,11,3,0.8133,0.88,0.78,0.7586,0.8528
Dataset_2,Right,SqueezeNet,626,13,50,11,1,0.84,0.9286,0.8197,0.6842,0.8841
Dataset_2,Right,SqueezeNet,627,11,55,8,1,0.88,0.9167,0.873,0.7097,0.9418
Dataset_2,Right,SqueezeNet,628,11,50,8,6,0.8133,0.6471,0.8621,0.6111,0.8235
Dataset_2,Right,SqueezeNet,629,13,45,13,4,0.7733,0.7647,0.7759,0.6047,0.7936
Dataset_2,Right,SqueezeNet,630,23,42,8,2,0.8667,0.92,0.84,0.8214,0.9392
Dataset_2,Right,SqueezeNet,631,16,46,9,4,0.8267,0.8,0.8364,0.7111,0.8545
Dataset_2,Right,SqueezeNet,632,14,46,11,4,0.8,0.7778,0.807,0.6512,0.8314
Dataset_2,Right,SqueezeNet,633,17,46,6,6,0.84,0.7391,0.8846,0.7391,0.8754
Dataset_2,Right,SqueezeNet,634,15,48,8,4,0.84,0.7895,0.8571,0.7143,0.8308
Dataset_2,Right,SqueezeNet,635,23,37,12,3,0.8,0.8846,0.7551,0.7541,0.8257
Dataset_2,Right,SqueezeNet,636,9,48,11,7,0.76,0.5625,0.8136,0.5,0.5911
Dataset_2,Right,SqueezeNet,637,20,41,11,3,0.8133,0.8696,0.7885,0.7407,0.8554
Dataset_2,Right,SqueezeNet,638,11,51,9,4,0.8267,0.7333,0.85,0.6286,0.8067
Dataset_2,Right,SqueezeNet,639,15,50,10,0,0.8667,1.0,0.8333,0.75,0.9306
Dataset_2,Right,SqueezeNet,640,19,46,5,5,0.8667,0.7917,0.902,0.7917,0.8893
Dataset_2,Right,SqueezeNet,641,14,50,9,2,0.8533,0.875,0.8475,0.7179,0.9274
Dataset_2,Right,SqueezeNet,642,11,53,6,5,0.8533,0.6875,0.8983,0.6667,0.8867
Dataset_2,Right,SqueezeNet,643,12,48,7,8,0.8,0.6,0.8727,0.6154,0.7468
Dataset_2,Right,SqueezeNet,644,19,43,11,2,0.8267,0.9048,0.7963,0.7451,0.881
Dataset_2,Right,SqueezeNet,645,15,46,9,5,0.8133,0.75,0.8364,0.6818,0.8509
Dataset_2,Right,SqueezeNet,646,18,44,10,3,0.8267,0.8571,0.8148,0.7347,0.8818
Dataset_2,Right,SqueezeNet,647,14,49,9,3,0.84,0.8235,0.8448,0.7,0.8895
Dataset_2,Right,SqueezeNet,648,14,51,5,5,0.8667,0.7368,0.9107,0.7368,0.922
Dataset_2,Right,SqueezeNet,649,21,46,5,3,0.8933,0.875,0.902,0.84,0.8554
Dataset_2,Right,SqueezeNet,650,19,42,10,4,0.8133,0.8261,0.8077,0.7308,0.8303
Dataset_2,Right,SqueezeNet,651,14,50,9,2,0.8533,0.875,0.8475,0.7179,0.9089
Dataset_2,Right,SqueezeNet,652,20,42,8,5,0.8267,0.8,0.84,0.7547,0.7928
Dataset_2,Right,SqueezeNet,653,10,48,13,4,0.7733,0.7143,0.7869,0.5405,0.8396
Dataset_2,Right,SqueezeNet,654,16,47,8,4,0.84,0.8,0.8545,0.7273,0.8459
Dataset_2,Right,SqueezeNet,655,18,43,9,5,0.8133,0.7826,0.8269,0.72,0.8462
Dataset_2,Right,SqueezeNet,656,14,46,11,4,0.8,0.7778,0.807,0.6512,0.8991
Dataset_2,Right,SqueezeNet,657,19,44,10,2,0.84,0.9048,0.8148,0.76,0.9242
Dataset_2,Right,SqueezeNet,658,14,53,6,2,0.8933,0.875,0.8983,0.7778,0.8867
Dataset_2,Right,SqueezeNet,659,14,48,7,6,0.8267,0.7,0.8727,0.6829,0.8791
Dataset_2,Right,SqueezeNet,660,18,47,5,5,0.8667,0.7826,0.9038,0.7826,0.8253
Dataset_2,Right,SqueezeNet,661,19,48,6,2,0.8933,0.9048,0.8889,0.8261,0.9299
Dataset_2,Right,SqueezeNet,662,15,48,9,3,0.84,0.8333,0.8421,0.7143,0.8801
Dataset_2,Right,SqueezeNet,663,14,47,8,6,0.8133,0.7,0.8545,0.6667,0.8455
Dataset_2,Right,SqueezeNet,664,19,43,11,2,0.8267,0.9048,0.7963,0.7451,0.8726
Dataset_2,Right,SqueezeNet,665,13,47,12,3,0.8,0.8125,0.7966,0.6341,0.8867
Dataset_2,Right,SqueezeNet,666,18,45,7,5,0.84,0.7826,0.8654,0.75,0.8875
Dataset_2,Right,SqueezeNet,667,15,47,9,4,0.8267,0.7895,0.8393,0.6977,0.8741
Dataset_2,Right,SqueezeNet,668,15,50,8,2,0.8667,0.8824,0.8621,0.75,0.8661
Dataset_2,Right,SqueezeNet,669,19,47,8,1,0.88,0.95,0.8545,0.8085,0.8891
Dataset_2,Right,SqueezeNet,670,16,47,3,9,0.84,0.64,0.94,0.7273,0.8784
Dataset_2,Right,SqueezeNet,671,20,40,9,6,0.8,0.7692,0.8163,0.7273,0.7912
Dataset_2,Right,SqueezeNet,672,15,50,8,2,0.8667,0.8824,0.8621,0.75,0.8813
Dataset_2,Right,SqueezeNet,673,16,51,4,4,0.8933,0.8,0.9273,0.8,0.8855
Dataset_2,Right,SqueezeNet,674,15,48,10,2,0.84,0.8824,0.8276,0.7143,0.86
Dataset_2,Right,SqueezeNet,675,19,49,3,4,0.9067,0.8261,0.9423,0.8444,0.8671
Dataset_2,Right,SqueezeNet,676,15,48,8,4,0.84,0.7895,0.8571,0.7143,0.8449
Dataset_2,Right,SqueezeNet,677,15,51,7,2,0.88,0.8824,0.8793,0.7692,0.928
Dataset_2,Right,SqueezeNet,678,24,44,4,3,0.9067,0.8889,0.9167,0.8727,0.9475
Dataset_2,Right,SqueezeNet,679,13,47,7,8,0.8,0.619,0.8704,0.6341,0.8479
Dataset_2,Right,SqueezeNet,680,21,42,9,3,0.84,0.875,0.8235,0.7778,0.8971
Dataset_2,Right,SqueezeNet,681,11,49,3,12,0.8,0.4783,0.9423,0.5946,0.7818
Dataset_2,Right,SqueezeNet,682,16,47,8,4,0.84,0.8,0.8545,0.7273,0.8186
Dataset_2,Right,SqueezeNet,683,16,46,6,7,0.8267,0.6957,0.8846,0.7111,0.8687
Dataset_2,Right,SqueezeNet,684,16,45,11,3,0.8133,0.8421,0.8036,0.6957,0.8012
Dataset_2,Right,SqueezeNet,685,18,46,7,4,0.8533,0.8182,0.8679,0.766,0.8722
Dataset_2,Right,SqueezeNet,686,19,48,6,2,0.8933,0.9048,0.8889,0.8261,0.9017
Dataset_2,Right,SqueezeNet,687,23,47,3,2,0.9333,0.92,0.94,0.902,0.9368
Dataset_2,Right,SqueezeNet,688,10,54,10,1,0.8533,0.9091,0.8438,0.6452,0.8736
Dataset_2,Right,SqueezeNet,689,20,42,12,1,0.8267,0.9524,0.7778,0.7547,0.9268
Dataset_2,Right,SqueezeNet,690,21,44,5,5,0.8667,0.8077,0.898,0.8077,0.8901
Dataset_2,Right,SqueezeNet,691,9,49,13,4,0.7733,0.6923,0.7903,0.5143,0.8486
Dataset_2,Right,SqueezeNet,692,23,44,6,2,0.8933,0.92,0.88,0.8519,0.9024
Dataset_2,Right,SqueezeNet,693,14,49,8,4,0.84,0.7778,0.8596,0.7,0.8138
Dataset_2,Right,SqueezeNet,694,23,45,6,1,0.9067,0.9583,0.8824,0.8679,0.9404
Dataset_2,Right,SqueezeNet,695,11,52,9,3,0.84,0.7857,0.8525,0.6471,0.8911
Dataset_2,Right,SqueezeNet,696,18,48,7,2,0.88,0.9,0.8727,0.8,0.9082
Dataset_2,Right,SqueezeNet,697,17,46,5,7,0.84,0.7083,0.902,0.7391,0.8399
Dataset_2,Right,SqueezeNet,698,18,44,10,3,0.8267,0.8571,0.8148,0.7347,0.9215
Dataset_2,Right,SqueezeNet,699,18,50,5,2,0.9067,0.9,0.9091,0.8372,0.92
Dataset_2,Right,SqueezeNet,700,18,46,5,6,0.8533,0.75,0.902,0.766,0.8546
Dataset_2,Right,SqueezeNet,701,12,49,11,3,0.8133,0.8,0.8167,0.6316,0.8056
Dataset_2,Right,SqueezeNet,702,17,45,8,5,0.8267,0.7727,0.8491,0.7234,0.8885
Dataset_2,Right,SqueezeNet,703,12,50,10,3,0.8267,0.8,0.8333,0.6486,0.8811
Dataset_2,Right,SqueezeNet,704,21,43,8,3,0.8533,0.875,0.8431,0.7925,0.8856
Dataset_2,Right,SqueezeNet,705,18,46,8,3,0.8533,0.8571,0.8519,0.766,0.8713
Dataset_2,Right,SqueezeNet,706,13,53,7,2,0.88,0.8667,0.8833,0.7429,0.8589
Dataset_2,Right,SqueezeNet,707,20,41,8,6,0.8133,0.7692,0.8367,0.7407,0.8108
Dataset_2,Right,SqueezeNet,708,17,46,7,5,0.84,0.7727,0.8679,0.7391,0.8036
Dataset_2,Right,SqueezeNet,709,17,45,9,4,0.8267,0.8095,0.8333,0.7234,0.8862
Dataset_2,Right,SqueezeNet,710,16,41,13,5,0.76,0.7619,0.7593,0.64,0.8131
Dataset_2,Right,SqueezeNet,711,21,43,6,5,0.8533,0.8077,0.8776,0.7925,0.8776
Dataset_2,Right,SqueezeNet,712,17,42,11,5,0.7867,0.7727,0.7925,0.68,0.8096
Dataset_2,Right,SqueezeNet,713,15,48,6,6,0.84,0.7143,0.8889,0.7143,0.8245
Dataset_2,Right,SqueezeNet,714,17,48,7,3,0.8667,0.85,0.8727,0.7727,0.8977
Dataset_2,Right,SqueezeNet,715,9,58,7,1,0.8933,0.9,0.8923,0.6923,0.8992
Dataset_2,Right,SqueezeNet,716,23,41,8,3,0.8533,0.8846,0.8367,0.807,0.865
Dataset_2,Right,SqueezeNet,717,17,44,6,8,0.8133,0.68,0.88,0.7083,0.816
Dataset_2,Right,SqueezeNet,718,16,50,7,2,0.88,0.8889,0.8772,0.7805,0.9035
Dataset_2,Right,SqueezeNet,719,22,46,6,1,0.9067,0.9565,0.8846,0.8627,0.9089
Dataset_2,Right,SqueezeNet,720,16,47,7,5,0.84,0.7619,0.8704,0.7273,0.828
Dataset_2,Right,SqueezeNet,721,15,52,3,5,0.8933,0.75,0.9455,0.7895,0.8664
Dataset_2,Right,SqueezeNet,722,15,47,8,5,0.8267,0.75,0.8545,0.6977,0.8168
Dataset_2,Right,SqueezeNet,723,19,45,8,3,0.8533,0.8636,0.8491,0.7755,0.9005
Dataset_2,Right,SqueezeNet,724,15,47,10,3,0.8267,0.8333,0.8246,0.6977,0.8977
Dataset_2,Right,SqueezeNet,725,9,55,9,2,0.8533,0.8182,0.8594,0.6207,0.9311
Dataset_2,Right,SqueezeNet,726,10,54,6,5,0.8533,0.6667,0.9,0.6452,0.8444
Dataset_2,Right,SqueezeNet,727,20,45,6,4,0.8667,0.8333,0.8824,0.8,0.8938
Dataset_2,Right,SqueezeNet,728,15,50,8,2,0.8667,0.8824,0.8621,0.75,0.9239
Dataset_2,Right,SqueezeNet,729,20,42,9,4,0.8267,0.8333,0.8235,0.7547,0.8734
Dataset_2,Right,SqueezeNet,730,18,49,3,5,0.8933,0.7826,0.9423,0.8182,0.8997
Dataset_2,Right,SqueezeNet,731,17,46,7,5,0.84,0.7727,0.8679,0.7391,0.8173
Dataset_2,Right,SqueezeNet,732,14,50,8,3,0.8533,0.8235,0.8621,0.7179,0.8621
Dataset_2,Right,SqueezeNet,733,11,50,9,5,0.8133,0.6875,0.8475,0.6111,0.8008
Dataset_2,Right,SqueezeNet,734,23,43,3,6,0.88,0.7931,0.9348,0.8364,0.8906
Dataset_2,Right,SqueezeNet,735,19,51,3,2,0.9333,0.9048,0.9444,0.8837,0.8942
Dataset_2,Right,SqueezeNet,736,21,50,2,2,0.9467,0.913,0.9615,0.913,0.9365
Dataset_2,Right,SqueezeNet,737,9,50,13,3,0.7867,0.75,0.7937,0.5294,0.7903
Dataset_2,Right,SqueezeNet,738,14,42,14,5,0.7467,0.7368,0.75,0.5957,0.8111
Dataset_2,Right,SqueezeNet,739,15,48,9,3,0.84,0.8333,0.8421,0.7143,0.8811
Dataset_2,Right,SqueezeNet,740,12,44,13,6,0.7467,0.6667,0.7719,0.5581,0.7778
Dataset_2,Right,SqueezeNet,741,16,47,6,6,0.84,0.7273,0.8868,0.7273,0.8611
Dataset_2,Right,SqueezeNet,742,14,48,7,6,0.8267,0.7,0.8727,0.6829,0.8182
Dataset_2,Right,SqueezeNet,743,20,39,9,7,0.7867,0.7407,0.8125,0.7143,0.8063
Dataset_2,Right,SqueezeNet,744,17,44,10,4,0.8133,0.8095,0.8148,0.7083,0.8571
Dataset_2,Right,SqueezeNet,745,15,47,10,3,0.8267,0.8333,0.8246,0.6977,0.8402
Dataset_2,Right,SqueezeNet,746,11,55,8,1,0.88,0.9167,0.873,0.7097,0.9087
Dataset_2,Right,SqueezeNet,747,18,47,7,3,0.8667,0.8571,0.8704,0.7826,0.9101
Dataset_2,Right,SqueezeNet,748,14,46,11,4,0.8,0.7778,0.807,0.6512,0.7943
Dataset_2,Right,SqueezeNet,749,20,41,11,3,0.8133,0.8696,0.7885,0.7407,0.842
Dataset_2,Right,SqueezeNet,750,13,48,10,4,0.8133,0.7647,0.8276,0.65,0.8372
Dataset_2,Right,SqueezeNet,751,24,40,8,3,0.8533,0.8889,0.8333,0.8136,0.8468
Dataset_2,Right,SqueezeNet,752,15,47,10,3,0.8267,0.8333,0.8246,0.6977,0.7695
Dataset_2,Right,SqueezeNet,753,13,54,3,5,0.8933,0.7222,0.9474,0.7647,0.845
Dataset_2,Right,SqueezeNet,754,11,57,2,5,0.9067,0.6875,0.9661,0.7586,0.8962
Dataset_2,Right,SqueezeNet,755,16,50,8,1,0.88,0.9412,0.8621,0.7805,0.8991
Dataset_2,Right,SqueezeNet,756,13,50,7,5,0.84,0.7222,0.8772,0.6842,0.8441
Dataset_2,Right,SqueezeNet,757,16,45,12,2,0.8133,0.8889,0.7895,0.6957,0.8392
Dataset_2,Right,SqueezeNet,758,15,49,7,4,0.8533,0.7895,0.875,0.7317,0.898
Dataset_2,Right,SqueezeNet,759,16,48,8,3,0.8533,0.8421,0.8571,0.7442,0.922
Dataset_2,Right,SqueezeNet,760,14,47,12,2,0.8133,0.875,0.7966,0.6667,0.9221
Dataset_2,Right,SqueezeNet,761,16,42,11,6,0.7733,0.7273,0.7925,0.6531,0.8075
Dataset_2,Right,SqueezeNet,762,8,52,5,10,0.8,0.4444,0.9123,0.5161,0.6881
Dataset_2,Right,SqueezeNet,763,17,46,7,5,0.84,0.7727,0.8679,0.7391,0.8971
Dataset_2,Right,SqueezeNet,764,13,52,7,3,0.8667,0.8125,0.8814,0.7222,0.9195
Dataset_2,Right,SqueezeNet,765,13,49,6,7,0.8267,0.65,0.8909,0.6667,0.9064
Dataset_2,Right,SqueezeNet,766,16,42,13,4,0.7733,0.8,0.7636,0.6531,0.8236
Dataset_2,Right,SqueezeNet,767,16,50,7,2,0.88,0.8889,0.8772,0.7805,0.8723
Dataset_2,Right,SqueezeNet,768,12,53,4,6,0.8667,0.6667,0.9298,0.7059,0.8572
Dataset_2,Right,SqueezeNet,769,17,47,7,4,0.8533,0.8095,0.8704,0.7556,0.8457
Dataset_2,Right,SqueezeNet,770,18,49,4,4,0.8933,0.8182,0.9245,0.8182,0.9485
Dataset_2,Right,SqueezeNet,771,17,50,6,2,0.8933,0.8947,0.8929,0.8095,0.937
Dataset_2,Right,SqueezeNet,772,14,50,10,1,0.8533,0.9333,0.8333,0.7179,0.8933
Dataset_2,Right,SqueezeNet,773,19,46,8,2,0.8667,0.9048,0.8519,0.7917,0.8911
Dataset_2,Right,SqueezeNet,774,13,52,7,3,0.8667,0.8125,0.8814,0.7222,0.8453
Dataset_2,Right,SqueezeNet,775,19,41,10,5,0.8,0.7917,0.8039,0.717,0.8742
Dataset_2,Right,SqueezeNet,776,17,47,7,4,0.8533,0.8095,0.8704,0.7556,0.8862
Dataset_2,Right,SqueezeNet,777,16,52,5,2,0.9067,0.8889,0.9123,0.8205,0.9045
Dataset_2,Right,SqueezeNet,778,8,53,8,6,0.8133,0.5714,0.8689,0.5333,0.822
Dataset_2,Right,SqueezeNet,779,15,45,11,4,0.8,0.7895,0.8036,0.6667,0.7975
Dataset_2,Right,SqueezeNet,780,13,47,12,3,0.8,0.8125,0.7966,0.6341,0.8199
Dataset_2,Right,SqueezeNet,781,17,49,8,1,0.88,0.9444,0.8596,0.7907,0.8967
Dataset_2,Right,SqueezeNet,782,19,45,8,3,0.8533,0.8636,0.8491,0.7755,0.8628
Dataset_2,Right,SqueezeNet,783,15,48,8,4,0.84,0.7895,0.8571,0.7143,0.8242
Dataset_2,Right,SqueezeNet,784,13,47,8,7,0.8,0.65,0.8545,0.6341,0.7509
Dataset_2,Right,SqueezeNet,785,8,58,4,5,0.88,0.6154,0.9355,0.64,0.8431
Dataset_2,Right,SqueezeNet,786,14,50,7,4,0.8533,0.7778,0.8772,0.7179,0.7963
Dataset_2,Right,SqueezeNet,787,15,46,9,5,0.8133,0.75,0.8364,0.6818,0.8636
Dataset_2,Right,SqueezeNet,788,14,46,11,4,0.8,0.7778,0.807,0.6512,0.886
Dataset_2,Right,SqueezeNet,789,20,44,7,4,0.8533,0.8333,0.8627,0.7843,0.8807
Dataset_2,Right,SqueezeNet,790,21,43,7,4,0.8533,0.84,0.86,0.7925,0.9072
Dataset_2,Right,SqueezeNet,791,20,45,7,3,0.8667,0.8696,0.8654,0.8,0.9448
Dataset_2,Right,SqueezeNet,792,18,47,6,4,0.8667,0.8182,0.8868,0.7826,0.8748
Dataset_2,Right,SqueezeNet,793,12,52,9,2,0.8533,0.8571,0.8525,0.6857,0.9057
Dataset_2,Right,SqueezeNet,794,17,53,4,1,0.9333,0.9444,0.9298,0.8718,0.9727
Dataset_2,Right,SqueezeNet,795,13,49,9,4,0.8267,0.7647,0.8448,0.6667,0.8438
Dataset_2,Right,SqueezeNet,796,18,48,6,3,0.88,0.8571,0.8889,0.8,0.925
Dataset_2,Right,SqueezeNet,797,14,46,13,2,0.8,0.875,0.7797,0.6512,0.8983
Dataset_2,Right,SqueezeNet,798,13,47,10,5,0.8,0.7222,0.8246,0.6341,0.8679
Dataset_2,Right,SqueezeNet,799,21,47,6,1,0.9067,0.9545,0.8868,0.8571,0.9567
Dataset_2,Right,SqueezeNet,800,20,47,4,4,0.8933,0.8333,0.9216,0.8333,0.915
Dataset_2,Right,SqueezeNet,801,18,49,6,2,0.8933,0.9,0.8909,0.8182,0.9264
Dataset_2,Right,SqueezeNet,802,13,49,9,4,0.8267,0.7647,0.8448,0.6667,0.8463
Dataset_2,Right,SqueezeNet,803,22,42,7,4,0.8533,0.8462,0.8571,0.8,0.8681
Dataset_2,Right,SqueezeNet,804,17,41,16,1,0.7733,0.9444,0.7193,0.6667,0.8177
Dataset_2,Right,SqueezeNet,805,22,41,8,4,0.84,0.8462,0.8367,0.7857,0.8603
Dataset_2,Right,SqueezeNet,806,17,50,5,3,0.8933,0.85,0.9091,0.8095,0.8868
Dataset_2,Right,SqueezeNet,807,15,48,9,3,0.84,0.8333,0.8421,0.7143,0.8904
Dataset_2,Right,SqueezeNet,808,22,39,11,3,0.8133,0.88,0.78,0.7586,0.8772
Dataset_2,Right,SqueezeNet,809,17,53,3,2,0.9333,0.8947,0.9464,0.8718,0.9756
Dataset_2,Right,SqueezeNet,810,19,46,6,4,0.8667,0.8261,0.8846,0.7917,0.837
Dataset_2,Right,SqueezeNet,811,17,48,6,4,0.8667,0.8095,0.8889,0.7727,0.8836
Dataset_2,Right,SqueezeNet,812,17,44,10,4,0.8133,0.8095,0.8148,0.7083,0.9056
Dataset_2,Right,SqueezeNet,813,18,46,7,4,0.8533,0.8182,0.8679,0.766,0.8576
Dataset_2,Right,SqueezeNet,814,13,46,11,5,0.7867,0.7222,0.807,0.619,0.7768
Dataset_2,Right,SqueezeNet,815,17,47,7,4,0.8533,0.8095,0.8704,0.7556,0.8827
Dataset_2,Right,SqueezeNet,816,13,55,7,0,0.9067,1.0,0.8871,0.7879,0.9727
Dataset_2,Right,SqueezeNet,817,16,47,8,4,0.84,0.8,0.8545,0.7273,0.8491
Dataset_2,Right,SqueezeNet,818,21,40,12,2,0.8133,0.913,0.7692,0.75,0.9059
Dataset_2,Right,SqueezeNet,819,21,38,10,6,0.7867,0.7778,0.7917,0.7241,0.809
Dataset_2,Right,SqueezeNet,820,9,46,9,11,0.7333,0.45,0.8364,0.4737,0.6809
Dataset_2,Right,SqueezeNet,821,9,53,4,9,0.8267,0.5,0.9298,0.5806,0.8002
Dataset_2,Right,SqueezeNet,822,12,51,8,4,0.84,0.75,0.8644,0.6667,0.8464
Dataset_2,Right,SqueezeNet,823,11,50,10,4,0.8133,0.7333,0.8333,0.6111,0.8772
Dataset_2,Right,SqueezeNet,824,17,49,6,3,0.88,0.85,0.8909,0.7907,0.9091
Dataset_2,Right,SqueezeNet,825,20,46,6,3,0.88,0.8696,0.8846,0.8163,0.8821
Dataset_2,Right,SqueezeNet,826,20,42,7,6,0.8267,0.7692,0.8571,0.7547,0.81
Dataset_2,Right,SqueezeNet,827,17,43,14,1,0.8,0.9444,0.7544,0.6939,0.8865
Dataset_2,Right,SqueezeNet,828,16,42,11,6,0.7733,0.7273,0.7925,0.6531,0.8328
Dataset_2,Right,SqueezeNet,829,18,50,5,2,0.9067,0.9,0.9091,0.8372,0.9205
Dataset_2,Right,SqueezeNet,830,13,52,8,2,0.8667,0.8667,0.8667,0.7222,0.8533
Dataset_2,Right,SqueezeNet,831,14,45,10,6,0.7867,0.7,0.8182,0.6364,0.8827
Dataset_2,Right,SqueezeNet,832,12,53,7,3,0.8667,0.8,0.8833,0.7059,0.8589
Dataset_2,Right,SqueezeNet,833,17,48,8,2,0.8667,0.8947,0.8571,0.7727,0.9013
Dataset_2,Right,SqueezeNet,834,16,45,7,7,0.8133,0.6957,0.8654,0.6957,0.8353
Dataset_2,Right,SqueezeNet,835,18,50,3,4,0.9067,0.8182,0.9434,0.8372,0.8611
Dataset_2,Right,SqueezeNet,836,16,50,7,2,0.88,0.8889,0.8772,0.7805,0.924
Dataset_2,Right,SqueezeNet,837,15,50,5,5,0.8667,0.75,0.9091,0.75,0.8968
Dataset_2,Right,SqueezeNet,838,14,51,7,3,0.8667,0.8235,0.8793,0.7368,0.8722
Dataset_2,Right,SqueezeNet,839,14,48,7,6,0.8267,0.7,0.8727,0.6829,0.78
Dataset_2,Right,SqueezeNet,840,17,50,6,2,0.8933,0.8947,0.8929,0.8095,0.9328
Dataset_2,Right,SqueezeNet,841,15,49,6,5,0.8533,0.75,0.8909,0.7317,0.8718
Dataset_2,Right,SqueezeNet,842,22,40,11,2,0.8267,0.9167,0.7843,0.7719,0.8979
Dataset_2,Right,SqueezeNet,843,12,49,8,6,0.8133,0.6667,0.8596,0.6316,0.8353
Dataset_2,Right,SqueezeNet,844,17,41,15,2,0.7733,0.8947,0.7321,0.6667,0.7895
Dataset_2,Right,SqueezeNet,845,16,47,7,5,0.84,0.7619,0.8704,0.7273,0.8973
Dataset_2,Right,SqueezeNet,846,23,42,3,7,0.8667,0.7667,0.9333,0.8214,0.8919
Dataset_2,Right,SqueezeNet,847,20,46,7,2,0.88,0.9091,0.8679,0.8163,0.9031
Dataset_2,Right,SqueezeNet,848,14,49,6,6,0.84,0.7,0.8909,0.7,0.8359
Dataset_2,Right,SqueezeNet,849,23,35,11,6,0.7733,0.7931,0.7609,0.7302,0.7672
Dataset_2,Right,SqueezeNet,850,25,38,9,3,0.84,0.8929,0.8085,0.8065,0.8746
Dataset_2,Right,SqueezeNet,851,13,49,6,7,0.8267,0.65,0.8909,0.6667,0.8091
Dataset_2,Right,SqueezeNet,852,15,48,8,4,0.84,0.7895,0.8571,0.7143,0.8957
Dataset_2,Right,SqueezeNet,853,18,47,7,3,0.8667,0.8571,0.8704,0.7826,0.8624
Dataset_2,Right,SqueezeNet,854,15,44,6,10,0.7867,0.6,0.88,0.6522,0.8244
Dataset_2,Right,SqueezeNet,855,14,51,7,3,0.8667,0.8235,0.8793,0.7368,0.9397
Dataset_2,Right,SqueezeNet,856,19,42,9,5,0.8133,0.7917,0.8235,0.7308,0.8832
Dataset_2,Right,SqueezeNet,857,18,43,10,4,0.8133,0.8182,0.8113,0.72,0.8199
Dataset_2,Right,SqueezeNet,858,11,53,8,3,0.8533,0.7857,0.8689,0.6667,0.8923
Dataset_2,Right,SqueezeNet,859,7,55,8,5,0.8267,0.5833,0.873,0.5185,0.7328
Dataset_2,Right,SqueezeNet,860,9,53,7,6,0.8267,0.6,0.8833,0.5806,0.7367
Dataset_2,Right,SqueezeNet,861,17,51,6,1,0.9067,0.9444,0.8947,0.8293,0.924
Dataset_2,Right,SqueezeNet,862,15,47,8,5,0.8267,0.75,0.8545,0.6977,0.9059
Dataset_2,Right,SqueezeNet,863,19,46,4,6,0.8667,0.76,0.92,0.7917,0.9256
Dataset_2,Right,SqueezeNet,864,17,42,10,6,0.7867,0.7391,0.8077,0.68,0.8194
Dataset_2,Right,SqueezeNet,865,14,48,9,4,0.8267,0.7778,0.8421,0.6829,0.845
Dataset_2,Right,SqueezeNet,866,16,45,10,4,0.8133,0.8,0.8182,0.6957,0.8927
Dataset_2,Right,SqueezeNet,867,13,47,10,5,0.8,0.7222,0.8246,0.6341,0.8138
Dataset_2,Right,SqueezeNet,868,18,43,11,3,0.8133,0.8571,0.7963,0.72,0.8492
Dataset_2,Right,SqueezeNet,869,14,49,11,1,0.84,0.9333,0.8167,0.7,0.9333
Dataset_2,Right,SqueezeNet,870,12,51,11,1,0.84,0.9231,0.8226,0.6667,0.902
Dataset_2,Right,SqueezeNet,871,18,47,7,3,0.8667,0.8571,0.8704,0.7826,0.873
Dataset_2,Right,SqueezeNet,872,19,44,9,3,0.84,0.8636,0.8302,0.76,0.9267
Dataset_2,Right,SqueezeNet,873,17,48,6,4,0.8667,0.8095,0.8889,0.7727,0.8827
Dataset_2,Right,SqueezeNet,874,19,48,5,3,0.8933,0.8636,0.9057,0.8261,0.8864
Dataset_2,Right,SqueezeNet,875,20,45,8,2,0.8667,0.9091,0.8491,0.8,0.9503
Dataset_2,Right,SqueezeNet,876,19,47,4,5,0.88,0.7917,0.9216,0.8085,0.866
Dataset_2,Right,SqueezeNet,877,20,49,5,1,0.92,0.9524,0.9074,0.8696,0.9515
Dataset_2,Right,SqueezeNet,878,15,47,7,6,0.8267,0.7143,0.8704,0.6977,0.8554
Dataset_2,Right,SqueezeNet,879,12,52,7,4,0.8533,0.75,0.8814,0.6857,0.8686
Dataset_2,Right,SqueezeNet,880,16,40,7,12,0.7467,0.5714,0.8511,0.6275,0.8207
Dataset_2,Right,SqueezeNet,881,8,53,11,3,0.8133,0.7273,0.8281,0.5333,0.8011
Dataset_2,Right,SqueezeNet,882,15,45,10,5,0.8,0.75,0.8182,0.6667,0.86
Dataset_2,Right,SqueezeNet,883,13,49,3,10,0.8267,0.5652,0.9423,0.6667,0.847
Dataset_2,Right,SqueezeNet,884,9,54,7,5,0.84,0.6429,0.8852,0.6,0.7512
Dataset_2,Right,SqueezeNet,885,13,53,7,2,0.88,0.8667,0.8833,0.7429,0.9067
Dataset_2,Right,SqueezeNet,886,18,45,10,2,0.84,0.9,0.8182,0.75,0.8991
Dataset_2,Right,SqueezeNet,887,14,45,8,8,0.7867,0.6364,0.8491,0.6364,0.8418
Dataset_2,Right,SqueezeNet,888,19,50,5,1,0.92,0.95,0.9091,0.8636,0.9409
Dataset_2,Right,SqueezeNet,889,13,49,6,7,0.8267,0.65,0.8909,0.6667,0.7859
Dataset_2,Right,SqueezeNet,890,19,45,9,2,0.8533,0.9048,0.8333,0.7755,0.888
Dataset_2,Right,SqueezeNet,891,21,44,5,5,0.8667,0.8077,0.898,0.8077,0.8697
Dataset_2,Right,SqueezeNet,892,14,53,5,3,0.8933,0.8235,0.9138,0.7778,0.9219
Dataset_2,Right,SqueezeNet,893,15,45,12,3,0.8,0.8333,0.7895,0.6667,0.886
Dataset_2,Right,SqueezeNet,894,15,45,10,5,0.8,0.75,0.8182,0.6667,0.8664
Dataset_2,Right,SqueezeNet,895,20,37,13,5,0.76,0.8,0.74,0.6897,0.78
Dataset_2,Right,SqueezeNet,896,14,43,13,5,0.76,0.7368,0.7679,0.6087,0.797
Dataset_2,Right,SqueezeNet,897,14,51,3,7,0.8667,0.6667,0.9444,0.7368,0.8536
Dataset_2,Right,SqueezeNet,898,13,52,7,3,0.8667,0.8125,0.8814,0.7222,0.8528
Dataset_2,Right,SqueezeNet,899,17,44,10,4,0.8133,0.8095,0.8148,0.7083,0.869
Dataset_2,Right,SqueezeNet,900,17,50,4,4,0.8933,0.8095,0.9259,0.8095,0.8695
Dataset_2,Right,SqueezeNet,901,11,50,9,5,0.8133,0.6875,0.8475,0.6111,0.848
Dataset_2,Right,SqueezeNet,902,16,50,5,4,0.88,0.8,0.9091,0.7805,0.8864
Dataset_2,Right,SqueezeNet,903,18,40,11,6,0.7733,0.75,0.7843,0.6792,0.8051
Dataset_2,Right,SqueezeNet,904,14,52,5,4,0.88,0.7778,0.9123,0.7568,0.8177
Dataset_2,Right,SqueezeNet,905,15,51,9,0,0.88,1.0,0.85,0.7692,0.9494
Dataset_2,Right,SqueezeNet,906,14,51,9,1,0.8667,0.9333,0.85,0.7368,0.8856
Dataset_2,Right,SqueezeNet,907,13,45,9,8,0.7733,0.619,0.8333,0.6047,0.7844
Dataset_2,Right,SqueezeNet,908,19,45,6,5,0.8533,0.7917,0.8824,0.7755,0.8264
Dataset_2,Right,SqueezeNet,909,20,43,9,3,0.84,0.8696,0.8269,0.7692,0.903
Dataset_2,Right,SqueezeNet,910,17,46,7,5,0.84,0.7727,0.8679,0.7391,0.9237
Dataset_2,Right,SqueezeNet,911,12,53,7,3,0.8667,0.8,0.8833,0.7059,0.8156
Dataset_2,Right,SqueezeNet,912,16,51,7,1,0.8933,0.9412,0.8793,0.8,0.9442
Dataset_2,Right,SqueezeNet,913,15,49,6,5,0.8533,0.75,0.8909,0.7317,0.85
Dataset_2,Right,SqueezeNet,914,8,57,4,6,0.8667,0.5714,0.9344,0.6154,0.8571
Dataset_2,Right,SqueezeNet,915,18,43,11,3,0.8133,0.8571,0.7963,0.72,0.903
Dataset_2,Right,SqueezeNet,916,24,42,6,3,0.88,0.8889,0.875,0.8421,0.8819
Dataset_2,Right,SqueezeNet,917,15,47,10,3,0.8267,0.8333,0.8246,0.6977,0.8631
Dataset_2,Right,SqueezeNet,918,21,48,4,2,0.92,0.913,0.9231,0.875,0.9247
Dataset_2,Right,SqueezeNet,919,18,46,8,3,0.8533,0.8571,0.8519,0.766,0.8801
Dataset_2,Right,SqueezeNet,920,19,47,7,2,0.88,0.9048,0.8704,0.8085,0.9056
Dataset_2,Right,SqueezeNet,921,19,48,5,3,0.8933,0.8636,0.9057,0.8261,0.8945
Dataset_2,Right,SqueezeNet,922,9,53,8,5,0.8267,0.6429,0.8689,0.5806,0.7974
Dataset_2,Right,SqueezeNet,923,11,55,6,3,0.88,0.7857,0.9016,0.7097,0.8513
Dataset_2,Right,SqueezeNet,924,19,47,4,5,0.88,0.7917,0.9216,0.8085,0.9257
Dataset_2,Right,SqueezeNet,925,12,53,6,4,0.8667,0.75,0.8983,0.7059,0.8459
Dataset_2,Right,SqueezeNet,926,17,48,7,3,0.8667,0.85,0.8727,0.7727,0.8836
Dataset_2,Right,SqueezeNet,927,16,47,8,4,0.84,0.8,0.8545,0.7273,0.8682
Dataset_2,Right,SqueezeNet,928,11,53,6,5,0.8533,0.6875,0.8983,0.6667,0.9206
Dataset_2,Right,SqueezeNet,929,8,57,6,4,0.8667,0.6667,0.9048,0.6154,0.7857
Dataset_2,Right,SqueezeNet,930,11,54,6,4,0.8667,0.7333,0.9,0.6875,0.8267
Dataset_2,Right,SqueezeNet,931,17,45,7,6,0.8267,0.7391,0.8654,0.7234,0.811
Dataset_2,Right,SqueezeNet,932,22,40,10,3,0.8267,0.88,0.8,0.7719,0.892
Dataset_2,Right,SqueezeNet,933,18,47,7,3,0.8667,0.8571,0.8704,0.7826,0.9202
Dataset_2,Right,SqueezeNet,934,12,45,13,5,0.76,0.7059,0.7759,0.5714,0.8692
Dataset_2,Right,SqueezeNet,935,15,46,7,7,0.8133,0.6818,0.8679,0.6818,0.7594
Dataset_2,Right,SqueezeNet,936,11,50,11,3,0.8133,0.7857,0.8197,0.6111,0.8009
Dataset_2,Right,SqueezeNet,937,13,50,6,6,0.84,0.6842,0.8929,0.6842,0.8571
Dataset_2,Right,SqueezeNet,938,17,50,3,5,0.8933,0.7727,0.9434,0.8095,0.8834
Dataset_2,Right,SqueezeNet,939,10,54,9,2,0.8533,0.8333,0.8571,0.6452,0.9015
Dataset_2,Right,SqueezeNet,940,9,53,9,4,0.8267,0.6923,0.8548,0.5806,0.8009
Dataset_2,Right,SqueezeNet,941,17,46,8,4,0.84,0.8095,0.8519,0.7391,0.8457
Dataset_2,Right,SqueezeNet,942,11,49,10,5,0.8,0.6875,0.8305,0.5946,0.8231
Dataset_2,Right,SqueezeNet,943,17,45,7,6,0.8267,0.7391,0.8654,0.7234,0.8579
Dataset_2,Right,SqueezeNet,944,12,55,5,3,0.8933,0.8,0.9167,0.75,0.9067
Dataset_2,Right,SqueezeNet,945,18,50,5,2,0.9067,0.9,0.9091,0.8372,0.8873
Dataset_2,Right,SqueezeNet,946,11,42,12,10,0.7067,0.5238,0.7778,0.5,0.7275
Dataset_2,Right,SqueezeNet,947,13,44,8,10,0.76,0.5652,0.8462,0.5909,0.7375
Dataset_2,Right,SqueezeNet,948,21,37,8,9,0.7733,0.7,0.8222,0.7119,0.8326
Dataset_2,Right,SqueezeNet,949,11,50,10,4,0.8133,0.7333,0.8333,0.6111,0.8433
Dataset_2,Right,SqueezeNet,950,15,48,9,3,0.84,0.8333,0.8421,0.7143,0.8406
Dataset_2,Right,SqueezeNet,951,12,50,10,3,0.8267,0.8,0.8333,0.6486,0.8233
Dataset_2,Right,SqueezeNet,952,15,50,6,4,0.8667,0.7895,0.8929,0.75,0.8322
Dataset_2,Right,SqueezeNet,953,20,40,7,8,0.8,0.7143,0.8511,0.7273,0.7865
Dataset_2,Right,SqueezeNet,954,17,47,6,5,0.8533,0.7727,0.8868,0.7556,0.9014
Dataset_2,Right,SqueezeNet,955,24,41,9,1,0.8667,0.96,0.82,0.8276,0.94
Dataset_2,Right,SqueezeNet,956,15,48,5,7,0.84,0.6818,0.9057,0.7143,0.8516
Dataset_2,Right,SqueezeNet,957,15,47,6,7,0.8267,0.6818,0.8868,0.6977,0.8092
Dataset_2,Right,SqueezeNet,958,17,54,3,1,0.9467,0.9444,0.9474,0.8947,0.963
Dataset_2,Right,SqueezeNet,959,17,48,7,3,0.8667,0.85,0.8727,0.7727,0.8991
Dataset_2,Right,SqueezeNet,960,10,53,7,5,0.84,0.6667,0.8833,0.625,0.7867
Dataset_2,Right,SqueezeNet,961,18,42,9,6,0.8,0.75,0.8235,0.7059,0.848
Dataset_2,Right,SqueezeNet,962,15,45,11,4,0.8,0.7895,0.8036,0.6667,0.7904
Dataset_2,Right,SqueezeNet,963,18,50,5,2,0.9067,0.9,0.9091,0.8372,0.9445
Dataset_2,Right,SqueezeNet,964,15,46,10,4,0.8133,0.7895,0.8214,0.6818,0.8543
Dataset_2,Right,SqueezeNet,965,15,50,7,3,0.8667,0.8333,0.8772,0.75,0.9045
Dataset_2,Right,SqueezeNet,966,21,48,3,3,0.92,0.875,0.9412,0.875,0.9542
Dataset_2,Right,SqueezeNet,967,18,47,4,6,0.8667,0.75,0.9216,0.7826,0.8725
Dataset_2,Right,SqueezeNet,968,15,47,10,3,0.8267,0.8333,0.8246,0.6977,0.8684
Dataset_2,Right,SqueezeNet,969,11,57,4,3,0.9067,0.7857,0.9344,0.7586,0.8829
Dataset_2,Right,SqueezeNet,970,18,40,11,6,0.7733,0.75,0.7843,0.6792,0.8158
Dataset_2,Right,SqueezeNet,971,17,46,9,3,0.84,0.85,0.8364,0.7391,0.8936
Dataset_2,Right,SqueezeNet,972,10,48,14,3,0.7733,0.7692,0.7742,0.5405,0.7159
Dataset_2,Right,SqueezeNet,973,15,46,10,4,0.8133,0.7895,0.8214,0.6818,0.766
Dataset_2,Right,SqueezeNet,974,15,49,6,5,0.8533,0.75,0.8909,0.7317,0.8727
Dataset_2,Right,SqueezeNet,975,11,52,8,4,0.84,0.7333,0.8667,0.6471,0.8456
Dataset_2,Right,SqueezeNet,976,15,51,4,5,0.88,0.75,0.9273,0.7692,0.8845
Dataset_2,Right,SqueezeNet,977,12,49,8,6,0.8133,0.6667,0.8596,0.6316,0.8499
Dataset_2,Right,SqueezeNet,978,13,45,12,5,0.7733,0.7222,0.7895,0.6047,0.7022
Dataset_2,Right,SqueezeNet,979,19,44,10,2,0.84,0.9048,0.8148,0.76,0.8862
Dataset_2,Right,SqueezeNet,980,19,40,7,9,0.7867,0.6786,0.8511,0.7037,0.8564
Dataset_2,Right,SqueezeNet,981,14,50,10,1,0.8533,0.9333,0.8333,0.7179,0.9289
Dataset_2,Right,SqueezeNet,982,17,49,9,0,0.88,1.0,0.8448,0.7907,0.9468
Dataset_2,Right,SqueezeNet,983,14,51,9,1,0.8667,0.9333,0.85,0.7368,0.8978
Dataset_2,Right,SqueezeNet,984,18,44,6,7,0.8267,0.72,0.88,0.7347,0.8472
Dataset_2,Right,SqueezeNet,985,13,46,13,3,0.7867,0.8125,0.7797,0.619,0.8877
Dataset_2,Right,SqueezeNet,986,16,47,9,3,0.84,0.8421,0.8393,0.7273,0.8778
Dataset_2,Right,SqueezeNet,987,12,55,3,5,0.8933,0.7059,0.9483,0.75,0.9219
Dataset_2,Right,SqueezeNet,988,23,38,9,5,0.8133,0.8214,0.8085,0.7667,0.8708
Dataset_2,Right,SqueezeNet,989,15,49,7,4,0.8533,0.7895,0.875,0.7317,0.9135
Dataset_2,Right,SqueezeNet,990,14,47,10,4,0.8133,0.7778,0.8246,0.6667,0.8562
Dataset_2,Right,SqueezeNet,991,14,48,7,6,0.8267,0.7,0.8727,0.6829,0.8955
Dataset_2,Right,SqueezeNet,992,19,46,6,4,0.8667,0.8261,0.8846,0.7917,0.888
Dataset_2,Right,SqueezeNet,993,15,50,6,4,0.8667,0.7895,0.8929,0.75,0.8914
Dataset_2,Right,SqueezeNet,994,19,43,10,3,0.8267,0.8636,0.8113,0.7451,0.8482
Dataset_2,Right,SqueezeNet,995,20,45,6,4,0.8667,0.8333,0.8824,0.8,0.9109
Dataset_2,Right,SqueezeNet,996,15,49,8,3,0.8533,0.8333,0.8596,0.7317,0.8441
Dataset_2,Right,SqueezeNet,997,14,48,6,7,0.8267,0.6667,0.8889,0.6829,0.7848
Dataset_2,Right,SqueezeNet,998,18,41,9,7,0.7867,0.72,0.82,0.6923,0.7888
Dataset_2,Right,SqueezeNet,999,9,53,7,6,0.8267,0.6,0.8833,0.5806,0.7867
Dataset_2,Right,SqueezeNet,1000,14,48,9,4,0.8267,0.7778,0.8421,0.6829,0.8499
