round,TP_0,TN_0,FP_0,FN_0,Accuracy_0,Sensitivity_0,Specificity_0,F1_0,AUC_0,TP_1,TN_1,FP_1,FN_1,Accuracy_1,Sensitivity_1,Specificity_1,F1_1,AUC_1,TP_2,TN_2,FP_2,FN_2,Accuracy_2,Sensitivity_2,Specificity_2,F1_2,AUC_2,TP_3,TN_3,FP_3,FN_3,Accuracy_3,Sensitivity_3,Specificity_3,F1_3,AUC_3,TP_4,TN_4,FP_4,FN_4,Accuracy_4,Sensitivity_4,Specificity_4,F1_4,AUC_4,TP_5,TN_5,FP_5,FN_5,Accuracy_5,Sensitivity_5,Specificity_5,F1_5,AUC_5,TP_6,TN_6,FP_6,FN_6,Accuracy_6,Sensitivity_6,Specificity_6,F1_6,AUC_6,TP_7,TN_7,FP_7,FN_7,Accuracy_7,Sensitivity_7,Specificity_7,F1_7,AUC_7,TP_8,TN_8,FP_8,FN_8,Accuracy_8,Sensitivity_8,Specificity_8,F1_8,AUC_8,TP_9,TN_9,FP_9,FN_9,Accuracy_9,Sensitivity_9,Specificity_9,F1_9,AUC_9,TP_10,TN_10,FP_10,FN_10,Accuracy_10,Sensitivity_10,Specificity_10,F1_10,AUC_10,TP_11,TN_11,FP_11,FN_11,Accuracy_11,Sensitivity_11,Specificity_11,F1_11,AUC_11,TP_12,TN_12,FP_12,FN_12,Accuracy_12,Sensitivity_12,Specificity_12,F1_12,AUC_12,TP_13,TN_13,FP_13,FN_13,Accuracy_13,Sensitivity_13,Specificity_13,F1_13,AUC_13
1,28,23,19,4,0.6892,0.875,0.5476,0.7089,0.869,27,28,14,5,0.7432,0.8438,0.6667,0.7397,0.8289,26,34,8,6,0.8108,0.8125,0.8095,0.7879,0.8356,25,27,15,7,0.7027,0.7812,0.6429,0.6944,0.8624,26,29,13,6,0.7432,0.8125,0.6905,0.7324,0.849,28,32,10,4,0.8108,0.875,0.7619,0.8,0.872,26,27,15,6,0.7162,0.8125,0.6429,0.7123,0.7798,18,50,1,6,0.9067,0.75,0.9804,0.8372,0.9534,11,50,1,13,0.8133,0.4583,0.9804,0.6111,0.9559,8,51,0,16,0.7867,0.3333,1.0,0.5,0.8709,15,50,1,9,0.8667,0.625,0.9804,0.75,0.9395,12,48,3,12,0.8,0.5,0.9412,0.6154,0.9387,17,48,3,7,0.8667,0.7083,0.9412,0.7727,0.9355,8,50,1,16,0.7733,0.3333,0.9804,0.4848,0.8913
2,20,34,20,0,0.7297,1.0,0.6296,0.6667,0.9102,18,43,11,2,0.8243,0.9,0.7963,0.7347,0.8935,18,47,7,2,0.8784,0.9,0.8704,0.8,0.9667,16,39,15,4,0.7432,0.8,0.7222,0.6275,0.8833,16,40,14,4,0.7568,0.8,0.7407,0.64,0.8806,17,44,10,3,0.8243,0.85,0.8148,0.7234,0.912,16,41,13,4,0.7703,0.8,0.7593,0.6531,0.8417,15,50,3,7,0.8667,0.6818,0.9434,0.75,0.9314,10,50,3,12,0.8,0.4545,0.9434,0.5714,0.9357,7,51,2,15,0.7733,0.3182,0.9623,0.4516,0.7015,11,50,3,11,0.8133,0.5,0.9434,0.6111,0.9142,10,49,4,12,0.7867,0.4545,0.9245,0.5556,0.9091,14,49,4,8,0.84,0.6364,0.9245,0.7,0.8928,9,50,3,13,0.7867,0.4091,0.9434,0.5294,0.8928
3,26,28,18,2,0.7297,0.9286,0.6087,0.7222,0.8587,21,36,10,7,0.7703,0.75,0.7826,0.7119,0.7927,23,38,8,5,0.8243,0.8214,0.8261,0.7797,0.8509,17,34,12,11,0.6892,0.6071,0.7391,0.5965,0.8082,20,34,12,8,0.7297,0.7143,0.7391,0.6667,0.7686,21,35,11,7,0.7568,0.75,0.7609,0.7,0.8804,20,35,11,8,0.7432,0.7143,0.7609,0.678,0.7516,15,55,4,1,0.9333,0.9375,0.9322,0.8571,0.9682,11,56,3,5,0.8933,0.6875,0.9492,0.7333,0.9714,9,58,1,7,0.8933,0.5625,0.9831,0.6923,0.9364,11,55,4,5,0.88,0.6875,0.9322,0.7097,0.9661,11,55,4,5,0.88,0.6875,0.9322,0.7097,0.9672,14,56,3,2,0.9333,0.875,0.9492,0.8485,0.9597,11,55,4,5,0.88,0.6875,0.9322,0.7097,0.9576
4,19,41,11,3,0.8108,0.8636,0.7885,0.7308,0.9082,17,47,5,5,0.8649,0.7727,0.9038,0.7727,0.9082,19,48,4,3,0.9054,0.8636,0.9231,0.8444,0.8907,18,45,7,4,0.8514,0.8182,0.8654,0.766,0.9082,17,47,5,5,0.8649,0.7727,0.9038,0.7727,0.9047,18,48,4,4,0.8919,0.8182,0.9231,0.8182,0.882,17,46,6,5,0.8514,0.7727,0.8846,0.7556,0.903,15,51,8,1,0.88,0.9375,0.8644,0.7692,0.9248,11,50,9,5,0.8133,0.6875,0.8475,0.6111,0.9174,12,54,5,4,0.88,0.75,0.9153,0.7273,0.8633,12,50,9,4,0.8267,0.75,0.8475,0.6486,0.9163,12,50,9,4,0.8267,0.75,0.8475,0.6486,0.91,14,51,8,2,0.8667,0.875,0.8644,0.7368,0.9036,11,50,9,5,0.8133,0.6875,0.8475,0.6111,0.9025
5,22,35,11,6,0.7703,0.7857,0.7609,0.7213,0.8432,19,39,7,9,0.7838,0.6786,0.8478,0.7037,0.8292,22,43,3,6,0.8784,0.7857,0.9348,0.8302,0.8781,19,40,6,9,0.7973,0.6786,0.8696,0.717,0.83,19,38,8,9,0.7703,0.6786,0.8261,0.6909,0.8183,20,42,4,8,0.8378,0.7143,0.913,0.7692,0.8773,19,41,5,9,0.8108,0.6786,0.8913,0.7308,0.8106,16,52,3,4,0.9067,0.8,0.9455,0.8205,0.9109,12,51,4,8,0.84,0.6,0.9273,0.6667,0.9327,13,54,1,7,0.8933,0.65,0.9818,0.7647,0.8373,14,51,4,6,0.8667,0.7,0.9273,0.7368,0.9182,14,50,5,6,0.8533,0.7,0.9091,0.7179,0.89,16,51,4,4,0.8933,0.8,0.9273,0.8,0.9136,12,51,4,8,0.84,0.6,0.9273,0.6667,0.8709
6,21,35,13,5,0.7568,0.8077,0.7292,0.7,0.8574,14,41,7,12,0.7432,0.5385,0.8542,0.5957,0.7877,19,41,7,7,0.8108,0.7308,0.8542,0.7308,0.8333,13,39,9,13,0.7027,0.5,0.8125,0.5417,0.7812,14,40,8,12,0.7297,0.5385,0.8333,0.5833,0.7997,15,39,9,11,0.7297,0.5769,0.8125,0.6,0.7692,14,40,8,12,0.7297,0.5385,0.8333,0.5833,0.7909,15,49,8,3,0.8533,0.8333,0.8596,0.7317,0.8294,8,50,7,10,0.7733,0.4444,0.8772,0.4848,0.8489,7,54,3,11,0.8133,0.3889,0.9474,0.5,0.7632,9,49,8,9,0.7733,0.5,0.8596,0.5143,0.8236,8,49,8,10,0.76,0.4444,0.8596,0.4706,0.7924,15,50,7,3,0.8667,0.8333,0.8772,0.75,0.8333,7,49,8,11,0.7467,0.3889,0.8596,0.4242,0.7495
7,22,41,8,3,0.8514,0.88,0.8367,0.8,0.8939,17,41,8,8,0.7838,0.68,0.8367,0.68,0.8424,18,44,5,7,0.8378,0.72,0.898,0.75,0.9045,14,40,9,11,0.7297,0.56,0.8163,0.5833,0.8294,15,43,6,10,0.7838,0.6,0.8776,0.6522,0.8433,19,44,5,6,0.8514,0.76,0.898,0.7755,0.8808,15,43,6,10,0.7838,0.6,0.8776,0.6522,0.8131,20,45,9,1,0.8667,0.9524,0.8333,0.8,0.9683,18,48,6,3,0.88,0.8571,0.8889,0.8,0.9788,16,54,0,5,0.9333,0.7619,1.0,0.8649,0.9744,19,43,11,2,0.8267,0.9048,0.7963,0.7451,0.9594,18,43,11,3,0.8133,0.8571,0.7963,0.72,0.9621,20,50,4,1,0.9333,0.9524,0.9259,0.8889,0.9841,17,43,11,4,0.8,0.8095,0.7963,0.6939,0.9365
8,19,33,17,5,0.7027,0.7917,0.66,0.6333,0.8575,16,41,9,8,0.7703,0.6667,0.82,0.6531,0.8225,16,47,3,8,0.8514,0.6667,0.94,0.7442,0.7817,17,42,8,7,0.7973,0.7083,0.84,0.6939,0.8133,16,41,9,8,0.7703,0.6667,0.82,0.6531,0.8033,17,43,7,7,0.8108,0.7083,0.86,0.7083,0.815,16,42,8,8,0.7838,0.6667,0.84,0.6667,0.8125,23,46,5,1,0.92,0.9583,0.902,0.8846,0.9493,18,44,7,6,0.8267,0.75,0.8627,0.7347,0.9322,14,48,3,10,0.8267,0.5833,0.9412,0.6829,0.9257,21,44,7,3,0.8667,0.875,0.8627,0.8077,0.9346,17,44,7,7,0.8133,0.7083,0.8627,0.7083,0.9248,22,46,5,2,0.9067,0.9167,0.902,0.8627,0.9404,14,44,7,10,0.7733,0.5833,0.8627,0.6222,0.9175
9,30,32,9,3,0.8378,0.9091,0.7805,0.8333,0.9054,23,34,7,10,0.7703,0.697,0.8293,0.7302,0.8514,26,38,3,7,0.8649,0.7879,0.9268,0.8387,0.8655,24,35,6,9,0.7973,0.7273,0.8537,0.7619,0.8477,23,35,6,10,0.7838,0.697,0.8537,0.7419,0.864,26,38,3,7,0.8649,0.7879,0.9268,0.8387,0.8891,23,37,4,10,0.8108,0.697,0.9024,0.7667,0.8448,16,50,5,4,0.88,0.8,0.9091,0.7805,0.8864,13,52,3,7,0.8667,0.65,0.9455,0.7222,0.9218,12,52,3,8,0.8533,0.6,0.9455,0.6857,0.8327,14,50,5,6,0.8533,0.7,0.9091,0.7179,0.9045,12,49,6,8,0.8133,0.6,0.8909,0.6316,0.8864,14,51,4,6,0.8667,0.7,0.9273,0.7368,0.8855,11,50,5,9,0.8133,0.55,0.9091,0.6111,0.8627
10,21,39,12,2,0.8108,0.913,0.7647,0.75,0.9062,19,41,10,4,0.8108,0.8261,0.8039,0.7308,0.867,16,47,4,7,0.8514,0.6957,0.9216,0.7442,0.7818,18,42,9,5,0.8108,0.7826,0.8235,0.72,0.8602,19,43,8,4,0.8378,0.8261,0.8431,0.76,0.8679,20,46,5,3,0.8919,0.8696,0.902,0.8333,0.8977,19,44,7,4,0.8514,0.8261,0.8627,0.7755,0.8636,17,52,4,2,0.92,0.8947,0.9286,0.85,0.937,13,53,3,6,0.88,0.6842,0.9464,0.7429,0.9417,11,56,0,8,0.8933,0.5789,1.0,0.7333,0.891,15,52,4,4,0.8933,0.7895,0.9286,0.7895,0.9267,12,51,5,7,0.84,0.6316,0.9107,0.6667,0.922,17,52,4,2,0.92,0.8947,0.9286,0.85,0.9408,10,52,4,9,0.8267,0.5263,0.9286,0.6061,0.9041
11,22,33,16,3,0.7432,0.88,0.6735,0.6984,0.8106,16,39,10,9,0.7432,0.64,0.7959,0.6275,0.7322,21,43,6,4,0.8649,0.84,0.8776,0.8077,0.8343,17,38,11,8,0.7432,0.68,0.7755,0.6415,0.7584,16,40,9,9,0.7568,0.64,0.8163,0.64,0.7216,17,39,10,8,0.7568,0.68,0.7959,0.6538,0.7992,16,39,10,9,0.7432,0.64,0.7959,0.6275,0.72,21,48,4,2,0.92,0.913,0.9231,0.875,0.9707,14,45,7,9,0.7867,0.6087,0.8654,0.6364,0.9381,15,51,1,8,0.88,0.6522,0.9808,0.7692,0.8645,17,45,7,6,0.8267,0.7391,0.8654,0.7234,0.9306,17,43,9,6,0.8,0.7391,0.8269,0.6939,0.9264,19,46,6,4,0.8667,0.8261,0.8846,0.7917,0.9289,14,45,7,9,0.7867,0.6087,0.8654,0.6364,0.9013
12,24,33,13,4,0.7703,0.8571,0.7174,0.7385,0.8509,19,38,8,9,0.7703,0.6786,0.8261,0.6909,0.8307,23,38,8,5,0.8243,0.8214,0.8261,0.7797,0.8245,21,35,11,7,0.7568,0.75,0.7609,0.7,0.8385,19,35,11,9,0.7297,0.6786,0.7609,0.6552,0.8401,22,39,7,6,0.8243,0.7857,0.8478,0.7719,0.8175,19,36,10,9,0.7432,0.6786,0.7826,0.6667,0.8261,8,59,5,3,0.8933,0.7273,0.9219,0.6667,0.956,5,59,5,6,0.8533,0.4545,0.9219,0.4762,0.9517,4,63,1,7,0.8933,0.3636,0.9844,0.5,0.7741,5,59,5,6,0.8533,0.4545,0.9219,0.4762,0.9347,5,59,5,6,0.8533,0.4545,0.9219,0.4762,0.9517,8,59,5,3,0.8933,0.7273,0.9219,0.6667,0.9361,5,59,5,6,0.8533,0.4545,0.9219,0.4762,0.9347
13,22,34,18,0,0.7568,1.0,0.6538,0.7097,0.9388,19,38,14,3,0.7703,0.8636,0.7308,0.6909,0.9047,19,45,7,3,0.8649,0.8636,0.8654,0.7917,0.9336,17,41,11,5,0.7838,0.7727,0.7885,0.68,0.8977,19,41,11,3,0.8108,0.8636,0.7885,0.7308,0.9336,21,39,13,1,0.8108,0.9545,0.75,0.75,0.9528,19,43,9,3,0.8378,0.8636,0.8269,0.76,0.91,9,60,5,1,0.92,0.9,0.9231,0.75,0.92,7,59,6,3,0.88,0.7,0.9077,0.6087,0.9185,7,63,2,3,0.9333,0.7,0.9692,0.7368,0.8754,9,58,7,1,0.8933,0.9,0.8923,0.6923,0.9077,9,58,7,1,0.8933,0.9,0.8923,0.6923,0.9015,9,61,4,1,0.9333,0.9,0.9385,0.7826,0.9169,7,58,7,3,0.8667,0.7,0.8923,0.5833,0.86
14,33,30,10,1,0.8514,0.9706,0.75,0.8571,0.9456,30,36,4,4,0.8919,0.8824,0.9,0.8824,0.9081,28,37,3,6,0.8784,0.8235,0.925,0.8615,0.9287,27,36,4,7,0.8514,0.7941,0.9,0.8308,0.8956,27,33,7,7,0.8108,0.7941,0.825,0.7941,0.8926,31,37,3,3,0.9189,0.9118,0.925,0.9118,0.9316,27,36,4,7,0.8514,0.7941,0.9,0.8308,0.8971,22,43,8,2,0.8667,0.9167,0.8431,0.8148,0.9003,12,43,8,12,0.7333,0.5,0.8431,0.5455,0.8971,14,48,3,10,0.8267,0.5833,0.9412,0.6829,0.8668,17,42,9,7,0.7867,0.7083,0.8235,0.68,0.8864,17,41,10,7,0.7733,0.7083,0.8039,0.6667,0.8824,21,43,8,3,0.8533,0.875,0.8431,0.7925,0.8864,12,42,9,12,0.72,0.5,0.8235,0.5333,0.8529
15,17,43,13,1,0.8108,0.9444,0.7679,0.7083,0.9236,12,47,9,6,0.7973,0.6667,0.8393,0.6154,0.8621,14,49,7,4,0.8514,0.7778,0.875,0.7179,0.9187,12,47,9,6,0.7973,0.6667,0.8393,0.6154,0.8542,11,48,8,7,0.7973,0.6111,0.8571,0.5946,0.8472,15,47,9,3,0.8378,0.8333,0.8393,0.7143,0.9077,11,48,8,7,0.7973,0.6111,0.8571,0.5946,0.8403,12,58,2,3,0.9333,0.8,0.9667,0.8276,0.93,8,58,2,7,0.88,0.5333,0.9667,0.64,0.9367,8,58,2,7,0.88,0.5333,0.9667,0.64,0.8244,10,58,2,5,0.9067,0.6667,0.9667,0.7407,0.9311,10,58,2,5,0.9067,0.6667,0.9667,0.7407,0.9233,11,58,2,4,0.92,0.7333,0.9667,0.7857,0.9067,8,58,2,7,0.88,0.5333,0.9667,0.64,0.9033
16,27,33,13,1,0.8108,0.9643,0.7174,0.7941,0.9363,23,39,7,5,0.8378,0.8214,0.8478,0.7931,0.9006,24,41,5,4,0.8784,0.8571,0.8913,0.8421,0.8921,23,38,8,5,0.8243,0.8214,0.8261,0.7797,0.9123,22,40,6,6,0.8378,0.7857,0.8696,0.7857,0.9014,24,37,9,4,0.8243,0.8571,0.8043,0.7869,0.9099,22,39,7,6,0.8243,0.7857,0.8478,0.7719,0.8944,19,51,5,0,0.9333,1.0,0.9107,0.8837,0.9859,16,51,5,3,0.8933,0.8421,0.9107,0.8,0.9859,15,56,0,4,0.9467,0.7895,1.0,0.8824,0.9962,19,50,6,0,0.92,1.0,0.8929,0.8636,0.9831,19,50,6,0,0.92,1.0,0.8929,0.8636,0.9746,19,52,4,0,0.9467,1.0,0.9286,0.9048,0.9812,16,50,6,3,0.88,0.8421,0.8929,0.7805,0.9605
17,23,38,13,0,0.8243,1.0,0.7451,0.7797,0.9676,21,41,10,2,0.8378,0.913,0.8039,0.7778,0.9071,22,46,5,1,0.9189,0.9565,0.902,0.88,0.9582,22,41,10,1,0.8514,0.9565,0.8039,0.8,0.9182,21,41,10,2,0.8378,0.913,0.8039,0.7778,0.8994,20,48,3,3,0.9189,0.8696,0.9412,0.8696,0.9702,21,41,10,2,0.8378,0.913,0.8039,0.7778,0.8738,19,52,3,1,0.9467,0.95,0.9455,0.9048,0.9464,13,51,4,7,0.8533,0.65,0.9273,0.7027,0.9436,15,55,0,5,0.9333,0.75,1.0,0.8571,0.9173,18,50,5,2,0.9067,0.9,0.9091,0.8372,0.9373,18,50,5,2,0.9067,0.9,0.9091,0.8372,0.93,18,53,2,2,0.9467,0.9,0.9636,0.9,0.94,13,50,5,7,0.84,0.65,0.9091,0.6842,0.9118
18,28,32,12,2,0.8108,0.9333,0.7273,0.8,0.9303,25,37,7,5,0.8378,0.8333,0.8409,0.8065,0.9068,23,36,8,7,0.7973,0.7667,0.8182,0.7541,0.8182,23,37,7,7,0.8108,0.7667,0.8409,0.7667,0.8886,24,37,7,6,0.8243,0.8,0.8409,0.7869,0.8939,26,36,8,4,0.8378,0.8667,0.8182,0.8125,0.9091,24,37,7,6,0.8243,0.8,0.8409,0.7869,0.8689,16,51,3,5,0.8933,0.7619,0.9444,0.8,0.9462,14,52,2,7,0.88,0.6667,0.963,0.7568,0.9603,11,54,0,10,0.8667,0.5238,1.0,0.6875,0.8607,14,51,3,7,0.8667,0.6667,0.9444,0.7368,0.94,11,51,3,10,0.8267,0.5238,0.9444,0.6286,0.9347,15,52,2,6,0.8933,0.7143,0.963,0.7895,0.9436,11,51,3,10,0.8267,0.5238,0.9444,0.6286,0.9109
19,18,40,10,6,0.7838,0.75,0.8,0.6923,0.7858,15,43,7,9,0.7838,0.625,0.86,0.6522,0.7792,16,45,5,8,0.8243,0.6667,0.9,0.7111,0.7825,14,43,7,10,0.7703,0.5833,0.86,0.6222,0.7725,14,44,6,10,0.7838,0.5833,0.88,0.6364,0.7475,16,42,8,8,0.7838,0.6667,0.84,0.6667,0.7792,14,44,6,10,0.7838,0.5833,0.88,0.6364,0.7842,17,55,1,2,0.96,0.8947,0.9821,0.9189,0.9925,11,55,1,8,0.88,0.5789,0.9821,0.7097,0.9915,12,56,0,7,0.9067,0.6316,1.0,0.7742,0.9154,14,55,1,5,0.92,0.7368,0.9821,0.8235,0.9878,14,54,2,5,0.9067,0.7368,0.9643,0.8,0.9868,17,54,2,2,0.9467,0.8947,0.9643,0.8947,0.9859,11,55,1,8,0.88,0.5789,0.9821,0.7097,0.9511
20,17,31,20,6,0.6486,0.7391,0.6078,0.5667,0.7587,16,37,14,7,0.7162,0.6957,0.7255,0.6038,0.7451,14,44,7,9,0.7838,0.6087,0.8627,0.6364,0.7144,14,37,14,9,0.6892,0.6087,0.7255,0.549,0.7434,14,37,14,9,0.6892,0.6087,0.7255,0.549,0.7502,16,43,8,7,0.7973,0.6957,0.8431,0.6809,0.7315,14,37,14,9,0.6892,0.6087,0.7255,0.549,0.7468,13,52,6,4,0.8667,0.7647,0.8966,0.7222,0.854,12,53,5,5,0.8667,0.7059,0.9138,0.7059,0.8824,11,56,2,6,0.8933,0.6471,0.9655,0.7333,0.716,12,51,7,5,0.84,0.7059,0.8793,0.6667,0.8712,12,51,7,5,0.84,0.7059,0.8793,0.6667,0.8327,12,54,4,5,0.88,0.7059,0.931,0.7273,0.8235,12,51,7,5,0.84,0.7059,0.8793,0.6667,0.7627
21,19,40,13,2,0.7973,0.9048,0.7547,0.717,0.9111,16,47,6,5,0.8514,0.7619,0.8868,0.7442,0.8742,17,48,5,4,0.8784,0.8095,0.9057,0.7907,0.8661,17,45,8,4,0.8378,0.8095,0.8491,0.7391,0.8769,16,47,6,5,0.8514,0.7619,0.8868,0.7442,0.8562,18,47,6,3,0.8784,0.8571,0.8868,0.8,0.9084,16,45,8,5,0.8243,0.7619,0.8491,0.7111,0.8428,20,50,2,3,0.9333,0.8696,0.9615,0.8889,0.9682,14,48,4,9,0.8267,0.6087,0.9231,0.6829,0.9557,13,51,1,10,0.8533,0.5652,0.9808,0.7027,0.9256,17,48,4,6,0.8667,0.7391,0.9231,0.7727,0.9532,15,48,4,8,0.84,0.6522,0.9231,0.7143,0.9548,20,50,2,3,0.9333,0.8696,0.9615,0.8889,0.9724,12,48,4,11,0.8,0.5217,0.9231,0.6154,0.9348
22,19,33,19,3,0.7027,0.8636,0.6346,0.6333,0.8654,13,41,11,9,0.7297,0.5909,0.7885,0.5652,0.7937,16,44,8,6,0.8108,0.7273,0.8462,0.6957,0.8007,15,39,13,7,0.7297,0.6818,0.75,0.6,0.8016,13,39,13,9,0.7027,0.5909,0.75,0.5417,0.7727,16,41,11,6,0.7703,0.7273,0.7885,0.6531,0.8339,13,40,12,9,0.7162,0.5909,0.7692,0.5532,0.7649,21,45,7,2,0.88,0.913,0.8654,0.8235,0.9139,18,46,6,5,0.8533,0.7826,0.8846,0.766,0.9122,15,49,3,8,0.8533,0.6522,0.9423,0.7317,0.8679,21,45,7,2,0.88,0.913,0.8654,0.8235,0.9005,18,45,7,5,0.84,0.7826,0.8654,0.75,0.8955,21,46,6,2,0.8933,0.913,0.8846,0.84,0.9097,15,45,7,8,0.8,0.6522,0.8654,0.6667,0.8771
23,22,35,12,5,0.7703,0.8148,0.7447,0.7213,0.8251,17,40,7,10,0.7703,0.6296,0.8511,0.6667,0.7841,19,45,2,8,0.8649,0.7037,0.9574,0.7917,0.7762,17,40,7,10,0.7703,0.6296,0.8511,0.6667,0.7794,17,41,6,10,0.7838,0.6296,0.8723,0.68,0.7667,18,39,8,9,0.7703,0.6667,0.8298,0.6792,0.7983,17,42,5,10,0.7973,0.6296,0.8936,0.6939,0.7888,17,52,4,2,0.92,0.8947,0.9286,0.85,0.9352,11,53,3,8,0.8533,0.5789,0.9464,0.6667,0.937,9,54,2,10,0.84,0.4737,0.9643,0.6,0.8759,13,52,4,6,0.8667,0.6842,0.9286,0.7222,0.9258,11,52,4,8,0.84,0.5789,0.9286,0.6471,0.9126,16,53,3,3,0.92,0.8421,0.9464,0.8421,0.9201,9,52,4,10,0.8133,0.4737,0.9286,0.5625,0.8806
24,23,36,15,0,0.7973,1.0,0.7059,0.7541,0.8798,16,40,11,7,0.7568,0.6957,0.7843,0.64,0.8176,20,47,4,3,0.9054,0.8696,0.9216,0.8511,0.9659,15,37,14,8,0.7027,0.6522,0.7255,0.5769,0.815,14,40,11,9,0.7297,0.6087,0.7843,0.5833,0.7962,18,43,8,5,0.8243,0.7826,0.8431,0.7347,0.8866,14,39,12,9,0.7162,0.6087,0.7647,0.5714,0.8244,19,49,6,1,0.9067,0.95,0.8909,0.8444,0.9045,12,51,4,8,0.84,0.6,0.9273,0.6667,0.9255,10,52,3,10,0.8267,0.5,0.9455,0.6061,0.8382,14,49,6,6,0.84,0.7,0.8909,0.7,0.9082,11,49,6,9,0.8,0.55,0.8909,0.5946,0.8936,17,51,4,3,0.9067,0.85,0.9273,0.8293,0.8873,9,49,6,11,0.7733,0.45,0.8909,0.5143,0.8827
25,21,30,21,2,0.6892,0.913,0.5882,0.6462,0.8713,17,38,13,6,0.7432,0.7391,0.7451,0.6415,0.8278,14,40,11,9,0.7297,0.6087,0.7843,0.5833,0.7749,15,37,14,8,0.7027,0.6522,0.7255,0.5769,0.8193,15,37,14,8,0.7027,0.6522,0.7255,0.5769,0.8159,20,38,13,3,0.7838,0.8696,0.7451,0.7143,0.8329,15,37,14,8,0.7027,0.6522,0.7255,0.5769,0.8073,21,42,8,4,0.84,0.84,0.84,0.7778,0.8592,13,43,7,12,0.7467,0.52,0.86,0.5778,0.8728,12,46,4,13,0.7733,0.48,0.92,0.5854,0.7464,15,41,9,10,0.7467,0.6,0.82,0.6122,0.8536,14,41,9,11,0.7333,0.56,0.82,0.5833,0.8408,17,44,6,8,0.8133,0.68,0.88,0.7083,0.8288,12,41,9,13,0.7067,0.48,0.82,0.5217,0.8104
26,19,37,15,3,0.7568,0.8636,0.7115,0.6786,0.8837,15,42,10,7,0.7703,0.6818,0.8077,0.6383,0.8164,19,47,5,3,0.8919,0.8636,0.9038,0.8261,0.9091,15,38,14,7,0.7162,0.6818,0.7308,0.5882,0.8234,15,43,9,7,0.7838,0.6818,0.8269,0.6522,0.7806,14,42,10,8,0.7568,0.6364,0.8077,0.6087,0.8453,15,39,13,7,0.7297,0.6818,0.75,0.6,0.7666,19,50,3,3,0.92,0.8636,0.9434,0.8636,0.9151,11,50,3,11,0.8133,0.5,0.9434,0.6111,0.9262,10,53,0,12,0.84,0.4545,1.0,0.625,0.8568,14,48,5,8,0.8267,0.6364,0.9057,0.6829,0.9005,13,47,6,9,0.8,0.5909,0.8868,0.6341,0.8576,19,51,2,3,0.9333,0.8636,0.9623,0.8837,0.9185,10,48,5,12,0.7733,0.4545,0.9057,0.5405,0.8302
27,22,38,14,0,0.8108,1.0,0.7308,0.7586,0.9397,19,42,10,3,0.8243,0.8636,0.8077,0.7451,0.91,22,44,8,0,0.8919,1.0,0.8462,0.8462,0.9572,19,38,14,3,0.7703,0.8636,0.7308,0.6909,0.9152,19,40,12,3,0.7973,0.8636,0.7692,0.717,0.9143,20,44,8,2,0.8649,0.9091,0.8462,0.8,0.9353,19,40,12,3,0.7973,0.8636,0.7692,0.717,0.8977,18,55,1,1,0.9733,0.9474,0.9821,0.9474,0.9746,11,55,1,8,0.88,0.5789,0.9821,0.7097,0.9803,12,55,1,7,0.8933,0.6316,0.9821,0.75,0.9671,16,55,1,3,0.9467,0.8421,0.9821,0.8889,0.9718,16,52,4,3,0.9067,0.8421,0.9286,0.8205,0.9746,18,52,4,1,0.9333,0.9474,0.9286,0.878,0.9793,11,55,1,8,0.88,0.5789,0.9821,0.7097,0.9389
28,24,36,11,3,0.8108,0.8889,0.766,0.7742,0.87,24,38,9,3,0.8378,0.8889,0.8085,0.8,0.8408,22,39,8,5,0.8243,0.8148,0.8298,0.7719,0.8448,18,38,9,9,0.7568,0.6667,0.8085,0.6667,0.8574,23,39,8,4,0.8378,0.8519,0.8298,0.7931,0.8424,23,37,10,4,0.8108,0.8519,0.7872,0.7667,0.8857,23,39,8,4,0.8378,0.8519,0.8298,0.7931,0.8109,20,48,6,1,0.9067,0.9524,0.8889,0.8511,0.9444,12,50,4,9,0.8267,0.5714,0.9259,0.6486,0.9524,12,53,1,9,0.8667,0.5714,0.9815,0.7059,0.8907,15,47,7,6,0.8267,0.7143,0.8704,0.6977,0.9215,14,45,9,7,0.7867,0.6667,0.8333,0.6364,0.9215,18,49,5,3,0.8933,0.8571,0.9074,0.8182,0.9321,11,47,7,10,0.7733,0.5238,0.8704,0.5641,0.8942
29,19,34,15,6,0.7162,0.76,0.6939,0.6441,0.8155,17,41,8,8,0.7838,0.68,0.8367,0.68,0.8033,19,42,7,6,0.8243,0.76,0.8571,0.7451,0.7804,17,40,9,8,0.7703,0.68,0.8163,0.6667,0.7992,17,39,10,8,0.7568,0.68,0.7959,0.6538,0.7796,17,40,9,8,0.7703,0.68,0.8163,0.6667,0.8024,17,40,9,8,0.7703,0.68,0.8163,0.6667,0.7788,17,48,9,1,0.8667,0.9444,0.8421,0.7727,0.8996,14,46,11,4,0.8,0.7778,0.807,0.6512,0.8938,14,53,4,4,0.8933,0.7778,0.9298,0.7778,0.8713,15,45,12,3,0.8,0.8333,0.7895,0.6667,0.8879,14,45,12,4,0.7867,0.7778,0.7895,0.6364,0.8674,17,49,8,1,0.88,0.9444,0.8596,0.7907,0.883,13,45,12,5,0.7733,0.7222,0.7895,0.6047,0.8324
30,12,44,14,4,0.7568,0.75,0.7586,0.5714,0.7909,11,45,13,5,0.7568,0.6875,0.7759,0.55,0.7726,11,51,7,5,0.8378,0.6875,0.8793,0.6471,0.7877,11,44,14,5,0.7432,0.6875,0.7586,0.5366,0.7662,11,48,10,5,0.7973,0.6875,0.8276,0.5946,0.7608,11,50,8,5,0.8243,0.6875,0.8621,0.6286,0.805,11,47,11,5,0.7838,0.6875,0.8103,0.5789,0.7575,15,52,6,2,0.8933,0.8824,0.8966,0.7895,0.928,12,53,5,5,0.8667,0.7059,0.9138,0.7059,0.9402,9,56,2,8,0.8667,0.5294,0.9655,0.6429,0.8671,13,52,6,4,0.8667,0.7647,0.8966,0.7222,0.929,12,51,7,5,0.84,0.7059,0.8793,0.6667,0.9148,15,52,6,2,0.8933,0.8824,0.8966,0.7895,0.9219,11,52,6,6,0.84,0.6471,0.8966,0.6471,0.8905
31,21,32,17,4,0.7162,0.84,0.6531,0.6667,0.8547,16,38,11,9,0.7297,0.64,0.7755,0.6154,0.7984,18,45,4,7,0.8514,0.72,0.9184,0.766,0.8563,15,41,8,10,0.7568,0.6,0.8367,0.625,0.7788,15,41,8,10,0.7568,0.6,0.8367,0.625,0.7796,17,41,8,8,0.7838,0.68,0.8367,0.68,0.8473,15,41,8,10,0.7568,0.6,0.8367,0.625,0.8106,16,50,5,4,0.88,0.8,0.9091,0.7805,0.87,12,51,4,8,0.84,0.6,0.9273,0.6667,0.88,10,52,3,10,0.8267,0.5,0.9455,0.6061,0.7682,13,49,6,7,0.8267,0.65,0.8909,0.6667,0.8509,11,48,7,9,0.7867,0.55,0.8727,0.5789,0.86,16,51,4,4,0.8933,0.8,0.9273,0.8,0.8664,10,49,6,10,0.7867,0.5,0.8909,0.5556,0.8218
32,24,30,15,5,0.7297,0.8276,0.6667,0.7059,0.813,16,39,6,13,0.7432,0.5517,0.8667,0.6275,0.7456,21,41,4,8,0.8378,0.7241,0.9111,0.7778,0.8038,15,35,10,14,0.6757,0.5172,0.7778,0.5556,0.7241,15,35,10,14,0.6757,0.5172,0.7778,0.5556,0.7027,17,39,6,12,0.7568,0.5862,0.8667,0.6538,0.754,15,35,10,14,0.6757,0.5172,0.7778,0.5556,0.7333,21,50,2,2,0.9467,0.913,0.9615,0.913,0.9699,13,50,2,10,0.84,0.5652,0.9615,0.6842,0.9707,12,51,1,11,0.84,0.5217,0.9808,0.6667,0.939,16,50,2,7,0.88,0.6957,0.9615,0.7805,0.9682,14,50,2,9,0.8533,0.6087,0.9615,0.7179,0.9707,20,50,2,3,0.9333,0.8696,0.9615,0.8889,0.9657,11,50,2,12,0.8133,0.4783,0.9615,0.6111,0.9574
33,26,35,7,6,0.8243,0.8125,0.8333,0.8,0.8579,18,37,5,14,0.7432,0.5625,0.881,0.6545,0.8199,22,39,3,10,0.8243,0.6875,0.9286,0.7719,0.8423,18,36,6,14,0.7297,0.5625,0.8571,0.6429,0.8088,17,38,4,15,0.7432,0.5312,0.9048,0.6415,0.8065,22,38,4,10,0.8108,0.6875,0.9048,0.7586,0.84,17,37,5,15,0.7297,0.5312,0.881,0.6296,0.8065,18,50,3,4,0.9067,0.8182,0.9434,0.8372,0.9091,11,52,1,11,0.84,0.5,0.9811,0.6471,0.934,10,52,1,12,0.8267,0.4545,0.9811,0.6061,0.8542,12,50,3,10,0.8267,0.5455,0.9434,0.6486,0.8979,10,49,4,12,0.7867,0.4545,0.9245,0.5556,0.8979,18,51,2,4,0.92,0.8182,0.9623,0.8571,0.922,9,50,3,13,0.7867,0.4091,0.9434,0.5294,0.8559
34,16,38,19,1,0.7297,0.9412,0.6667,0.6154,0.8689,12,45,12,5,0.7703,0.7059,0.7895,0.5854,0.8225,16,50,7,1,0.8919,0.9412,0.8772,0.8,0.9092,12,46,11,5,0.7838,0.7059,0.807,0.6,0.8184,12,45,12,5,0.7703,0.7059,0.7895,0.5854,0.8008,13,46,11,4,0.7973,0.7647,0.807,0.6341,0.8669,12,46,11,5,0.7838,0.7059,0.807,0.6,0.8101,15,54,4,2,0.92,0.8824,0.931,0.8333,0.9473,11,51,7,6,0.8267,0.6471,0.8793,0.6286,0.93,9,55,3,8,0.8533,0.5294,0.9483,0.6207,0.93,15,51,7,2,0.88,0.8824,0.8793,0.7692,0.929,13,50,8,4,0.84,0.7647,0.8621,0.6842,0.9249,15,53,5,2,0.9067,0.8824,0.9138,0.8108,0.9432,9,51,7,8,0.8,0.5294,0.8793,0.5455,0.9037
35,21,39,12,2,0.8108,0.913,0.7647,0.75,0.9258,18,42,9,5,0.8108,0.7826,0.8235,0.72,0.9003,20,47,4,3,0.9054,0.8696,0.9216,0.8511,0.9113,18,43,8,5,0.8243,0.7826,0.8431,0.7347,0.9028,17,44,7,6,0.8243,0.7391,0.8627,0.7234,0.8968,19,44,7,4,0.8514,0.8261,0.8627,0.7755,0.9105,17,45,6,6,0.8378,0.7391,0.8824,0.7391,0.8951,19,48,4,4,0.8933,0.8261,0.9231,0.8261,0.9431,13,47,5,10,0.8,0.5652,0.9038,0.6341,0.9431,11,51,1,12,0.8267,0.4783,0.9808,0.6286,0.8963,15,47,5,8,0.8267,0.6522,0.9038,0.6977,0.9348,14,47,5,9,0.8133,0.6087,0.9038,0.6667,0.9398,18,48,4,5,0.88,0.7826,0.9231,0.8,0.9406,12,47,5,11,0.7867,0.5217,0.9038,0.6,0.9181
36,24,34,13,3,0.7838,0.8889,0.7234,0.75,0.8652,22,41,6,5,0.8514,0.8148,0.8723,0.8,0.896,23,41,6,4,0.8649,0.8519,0.8723,0.8214,0.8645,20,40,7,7,0.8108,0.7407,0.8511,0.7407,0.8857,21,40,7,6,0.8243,0.7778,0.8511,0.7636,0.8849,22,38,9,5,0.8108,0.8148,0.8085,0.7586,0.8589,21,40,7,6,0.8243,0.7778,0.8511,0.7636,0.8802,13,57,3,2,0.9333,0.8667,0.95,0.8387,0.9278,8,57,3,7,0.8667,0.5333,0.95,0.6154,0.92,9,58,2,6,0.8933,0.6,0.9667,0.6923,0.7444,10,56,4,5,0.88,0.6667,0.9333,0.6897,0.9156,10,55,5,5,0.8667,0.6667,0.9167,0.6667,0.9067,10,57,3,5,0.8933,0.6667,0.95,0.7143,0.8456,8,56,4,7,0.8533,0.5333,0.9333,0.5926,0.8822
37,22,38,12,2,0.8108,0.9167,0.76,0.7586,0.9283,20,44,6,4,0.8649,0.8333,0.88,0.8,0.935,21,44,6,3,0.8784,0.875,0.88,0.8235,0.88,21,45,5,3,0.8919,0.875,0.9,0.84,0.9358,20,44,6,4,0.8649,0.8333,0.88,0.8,0.9183,20,43,7,4,0.8514,0.8333,0.86,0.7843,0.9083,20,45,5,4,0.8784,0.8333,0.9,0.8163,0.9367,14,57,4,0,0.9467,1.0,0.9344,0.875,0.9684,8,55,6,6,0.84,0.5714,0.9016,0.5714,0.9415,7,60,1,7,0.8933,0.5,0.9836,0.6364,0.9321,10,54,7,4,0.8533,0.7143,0.8852,0.6452,0.9379,9,53,8,5,0.8267,0.6429,0.8689,0.5806,0.9309,13,57,4,1,0.9333,0.9286,0.9344,0.8387,0.9543,7,54,7,7,0.8133,0.5,0.8852,0.5,0.9227
38,26,33,15,0,0.7973,1.0,0.6875,0.7761,0.9679,22,38,10,4,0.8108,0.8462,0.7917,0.7586,0.8766,22,41,7,4,0.8514,0.8462,0.8542,0.8,0.9006,23,36,12,3,0.7973,0.8846,0.75,0.7541,0.9054,22,39,9,4,0.8243,0.8462,0.8125,0.7719,0.8902,22,41,7,4,0.8514,0.8462,0.8542,0.8,0.9247,22,38,10,4,0.8108,0.8462,0.7917,0.7586,0.867,10,56,6,3,0.88,0.7692,0.9032,0.6897,0.9293,7,57,5,6,0.8533,0.5385,0.9194,0.56,0.9516,7,59,3,6,0.88,0.5385,0.9516,0.6087,0.8722,9,56,6,4,0.8667,0.6923,0.9032,0.6429,0.9318,8,55,7,5,0.84,0.6154,0.8871,0.5714,0.9404,10,56,6,3,0.88,0.7692,0.9032,0.6897,0.9392,6,56,6,7,0.8267,0.4615,0.9032,0.48,0.9007
39,21,35,14,4,0.7568,0.84,0.7143,0.7,0.8555,18,44,5,7,0.8378,0.72,0.898,0.75,0.8343,20,44,5,5,0.8649,0.8,0.898,0.8,0.7829,18,43,6,7,0.8243,0.72,0.8776,0.7347,0.831,18,43,6,7,0.8243,0.72,0.8776,0.7347,0.8286,17,42,7,8,0.7973,0.68,0.8571,0.6939,0.7935,18,43,6,7,0.8243,0.72,0.8776,0.7347,0.8278,11,52,10,2,0.84,0.8462,0.8387,0.6471,0.8573,8,53,9,5,0.8133,0.6154,0.8548,0.5333,0.8834,6,57,5,7,0.84,0.4615,0.9194,0.5,0.8375,11,51,11,2,0.8267,0.8462,0.8226,0.6286,0.8536,9,50,12,4,0.7867,0.6923,0.8065,0.5294,0.8424,11,53,9,2,0.8533,0.8462,0.8548,0.6667,0.8672,6,51,11,7,0.76,0.4615,0.8226,0.4,0.8002
40,24,32,15,3,0.7568,0.8889,0.6809,0.7273,0.8621,20,39,8,7,0.7973,0.7407,0.8298,0.7273,0.8574,21,41,6,6,0.8378,0.7778,0.8723,0.7778,0.8211,19,40,7,8,0.7973,0.7037,0.8511,0.717,0.8534,19,41,6,8,0.8108,0.7037,0.8723,0.7308,0.8432,21,36,11,6,0.7703,0.7778,0.766,0.7119,0.8314,19,41,6,8,0.8108,0.7037,0.8723,0.7308,0.8731,14,57,2,2,0.9467,0.875,0.9661,0.875,0.9693,9,56,3,7,0.8667,0.5625,0.9492,0.6429,0.9672,8,58,1,8,0.88,0.5,0.9831,0.64,0.9142,12,56,3,4,0.9067,0.75,0.9492,0.7742,0.9544,11,54,5,5,0.8667,0.6875,0.9153,0.6875,0.9555,14,55,4,2,0.92,0.875,0.9322,0.8235,0.9576,8,56,3,8,0.8533,0.5,0.9492,0.5926,0.9407
41,27,36,11,0,0.8514,1.0,0.766,0.8308,0.9574,22,39,8,5,0.8243,0.8148,0.8298,0.7719,0.9267,25,44,3,2,0.9324,0.9259,0.9362,0.9091,0.9504,25,38,9,2,0.8514,0.9259,0.8085,0.8197,0.9393,22,38,9,5,0.8108,0.8148,0.8085,0.7586,0.9346,25,42,5,2,0.9054,0.9259,0.8936,0.8772,0.9598,22,40,7,5,0.8378,0.8148,0.8511,0.7857,0.9173,16,48,7,4,0.8533,0.8,0.8727,0.7442,0.8764,11,51,4,9,0.8267,0.55,0.9273,0.6286,0.8891,11,52,3,9,0.84,0.55,0.9455,0.6471,0.7155,14,47,8,6,0.8133,0.7,0.8545,0.6667,0.8655,14,46,9,6,0.8,0.7,0.8364,0.6512,0.86,14,51,4,6,0.8667,0.7,0.9273,0.7368,0.8509,11,47,8,9,0.7733,0.55,0.8545,0.5641,0.8245
42,17,39,14,4,0.7568,0.8095,0.7358,0.6538,0.8248,15,44,9,6,0.7973,0.7143,0.8302,0.6667,0.8023,16,48,5,5,0.8649,0.7619,0.9057,0.7619,0.788,15,45,8,6,0.8108,0.7143,0.8491,0.6818,0.7925,15,48,5,6,0.8514,0.7143,0.9057,0.7317,0.7781,14,43,10,7,0.7703,0.6667,0.8113,0.6222,0.7942,15,46,7,6,0.8243,0.7143,0.8679,0.6977,0.7862,15,47,8,5,0.8267,0.75,0.8545,0.6977,0.8255,10,51,4,10,0.8133,0.5,0.9273,0.5882,0.89,8,53,2,12,0.8133,0.4,0.9636,0.5333,0.8264,14,47,8,6,0.8133,0.7,0.8545,0.6667,0.8373,12,44,11,8,0.7467,0.6,0.8,0.5581,0.8418,15,48,7,5,0.84,0.75,0.8727,0.7143,0.8773,8,47,8,12,0.7333,0.4,0.8545,0.4444,0.7636
43,20,33,20,1,0.7162,0.9524,0.6226,0.6557,0.9227,18,39,14,3,0.7703,0.8571,0.7358,0.6792,0.8419,17,44,9,4,0.8243,0.8095,0.8302,0.7234,0.894,17,39,14,4,0.7568,0.8095,0.7358,0.6538,0.8544,17,41,12,4,0.7838,0.8095,0.7736,0.68,0.8374,17,40,13,4,0.7703,0.8095,0.7547,0.6667,0.8706,17,39,14,4,0.7568,0.8095,0.7358,0.6538,0.8113,20,46,7,2,0.88,0.9091,0.8679,0.8163,0.9014,14,44,9,8,0.7733,0.6364,0.8302,0.6222,0.8894,11,51,2,11,0.8267,0.5,0.9623,0.6286,0.8576,15,44,9,7,0.7867,0.6818,0.8302,0.6522,0.8816,13,43,10,9,0.7467,0.5909,0.8113,0.5778,0.8756,20,45,8,2,0.8667,0.9091,0.8491,0.8,0.8825,12,44,9,10,0.7467,0.5455,0.8302,0.5581,0.8491
44,26,33,12,3,0.7973,0.8966,0.7333,0.7761,0.8766,24,37,8,5,0.8243,0.8276,0.8222,0.7869,0.8628,23,42,3,6,0.8784,0.7931,0.9333,0.8364,0.8766,21,38,7,8,0.7973,0.7241,0.8444,0.7368,0.846,23,39,6,6,0.8378,0.7931,0.8667,0.7931,0.8621,24,38,7,5,0.8378,0.8276,0.8444,0.8,0.8812,23,38,7,6,0.8243,0.7931,0.8444,0.7797,0.8253,18,53,3,1,0.9467,0.9474,0.9464,0.9,0.9709,13,51,5,6,0.8533,0.6842,0.9107,0.7027,0.9464,9,55,1,10,0.8533,0.4737,0.9821,0.6207,0.9117,15,51,5,4,0.88,0.7895,0.9107,0.7692,0.9474,12,51,5,7,0.84,0.6316,0.9107,0.6667,0.9427,17,53,3,2,0.9333,0.8947,0.9464,0.8718,0.9521,10,51,5,9,0.8133,0.5263,0.9107,0.5882,0.9323
45,21,36,14,3,0.7703,0.875,0.72,0.7119,0.8725,17,45,5,7,0.8378,0.7083,0.9,0.7391,0.8417,18,42,8,6,0.8108,0.75,0.84,0.72,0.8425,18,42,8,6,0.8108,0.75,0.84,0.72,0.8317,16,42,8,8,0.7838,0.6667,0.84,0.6667,0.8083,18,42,8,6,0.8108,0.75,0.84,0.72,0.8492,16,42,8,8,0.7838,0.6667,0.84,0.6667,0.8183,14,48,3,10,0.8267,0.5833,0.9412,0.6829,0.7998,9,47,4,15,0.7467,0.375,0.9216,0.4865,0.8064,8,49,2,16,0.76,0.3333,0.9608,0.4706,0.585,11,46,5,13,0.76,0.4583,0.902,0.55,0.7819,10,45,6,14,0.7333,0.4167,0.8824,0.5,0.7557,11,48,3,13,0.7867,0.4583,0.9412,0.5789,0.7475,8,46,5,16,0.72,0.3333,0.902,0.4324,0.7222
46,29,33,12,0,0.8378,1.0,0.7333,0.8286,0.9525,25,36,9,4,0.8243,0.8621,0.8,0.7937,0.9057,26,42,3,3,0.9189,0.8966,0.9333,0.8966,0.9395,23,38,7,6,0.8243,0.7931,0.8444,0.7797,0.9042,23,39,6,6,0.8378,0.7931,0.8667,0.7931,0.9272,24,40,5,5,0.8649,0.8276,0.8889,0.8276,0.9372,23,40,5,6,0.8514,0.7931,0.8889,0.807,0.9065,18,49,5,3,0.8933,0.8571,0.9074,0.8182,0.9339,12,47,7,9,0.7867,0.5714,0.8704,0.6,0.9153,12,51,3,9,0.84,0.5714,0.9444,0.6667,0.866,12,47,7,9,0.7867,0.5714,0.8704,0.6,0.9083,12,45,9,9,0.76,0.5714,0.8333,0.5714,0.9056,17,47,7,4,0.8533,0.8095,0.8704,0.7556,0.8995,12,47,7,9,0.7867,0.5714,0.8704,0.6,0.881
47,27,31,12,4,0.7838,0.871,0.7209,0.7714,0.8612,23,33,10,8,0.7568,0.7419,0.7674,0.7188,0.8147,26,38,5,5,0.8649,0.8387,0.8837,0.8387,0.8867,22,34,9,9,0.7568,0.7097,0.7907,0.7097,0.811,23,34,9,8,0.7703,0.7419,0.7907,0.7302,0.8155,23,36,7,8,0.7973,0.7419,0.8372,0.7541,0.856,23,35,8,8,0.7838,0.7419,0.814,0.7419,0.8027,10,58,4,3,0.9067,0.7692,0.9355,0.7407,0.9318,8,56,6,5,0.8533,0.6154,0.9032,0.5926,0.9442,5,60,2,8,0.8667,0.3846,0.9677,0.5,0.8797,9,55,7,4,0.8533,0.6923,0.8871,0.6207,0.9355,8,55,7,5,0.84,0.6154,0.8871,0.5714,0.938,10,59,3,3,0.92,0.7692,0.9516,0.7692,0.9467,7,55,7,6,0.8267,0.5385,0.8871,0.5185,0.9045
48,31,36,4,3,0.9054,0.9118,0.9,0.8986,0.9404,21,37,3,13,0.7838,0.6176,0.925,0.7241,0.9,27,39,1,7,0.8919,0.7941,0.975,0.871,0.9199,23,37,3,11,0.8108,0.6765,0.925,0.7667,0.8963,21,39,1,13,0.8108,0.6176,0.975,0.75,0.911,25,37,3,9,0.8378,0.7353,0.925,0.8065,0.8846,21,38,2,13,0.7973,0.6176,0.95,0.7368,0.8926,17,53,2,3,0.9333,0.85,0.9636,0.8718,0.9709,11,51,4,9,0.8267,0.55,0.9273,0.6286,0.9609,13,54,1,7,0.8933,0.65,0.9818,0.7647,0.9473,16,51,4,4,0.8933,0.8,0.9273,0.8,0.96,15,51,4,5,0.88,0.75,0.9273,0.7692,0.9618,17,53,2,3,0.9333,0.85,0.9636,0.8718,0.9755,10,51,4,10,0.8133,0.5,0.9273,0.5882,0.9409
49,24,37,12,1,0.8243,0.96,0.7551,0.7869,0.9102,20,41,8,5,0.8243,0.8,0.8367,0.7547,0.8318,21,41,8,4,0.8378,0.84,0.8367,0.7778,0.9078,20,40,9,5,0.8108,0.8,0.8163,0.7407,0.8408,19,39,10,6,0.7838,0.76,0.7959,0.7037,0.822,21,41,8,4,0.8378,0.84,0.8367,0.7778,0.8833,19,40,9,6,0.7973,0.76,0.8163,0.717,0.8155,21,47,3,4,0.9067,0.84,0.94,0.8571,0.9288,12,47,3,13,0.7867,0.48,0.94,0.6,0.928,9,48,2,16,0.76,0.36,0.96,0.5,0.8272,14,47,3,11,0.8133,0.56,0.94,0.6667,0.9208,12,46,4,13,0.7733,0.48,0.92,0.5854,0.9136,20,46,4,5,0.88,0.8,0.92,0.8163,0.9032,10,47,3,15,0.76,0.4,0.94,0.5263,0.8832
50,24,35,10,5,0.7973,0.8276,0.7778,0.7619,0.8858,22,37,8,7,0.7973,0.7586,0.8222,0.7458,0.8498,22,39,6,7,0.8243,0.7586,0.8667,0.7719,0.8184,21,37,8,8,0.7838,0.7241,0.8222,0.7241,0.8398,22,37,8,7,0.7973,0.7586,0.8222,0.7458,0.8421,22,39,6,7,0.8243,0.7586,0.8667,0.7719,0.859,22,38,7,7,0.8108,0.7586,0.8444,0.7586,0.8199,17,46,7,5,0.84,0.7727,0.8679,0.7391,0.8688,16,47,6,6,0.84,0.7273,0.8868,0.7273,0.8868,15,48,5,7,0.84,0.6818,0.9057,0.7143,0.8225,17,46,7,5,0.84,0.7727,0.8679,0.7391,0.8696,16,46,7,6,0.8267,0.7273,0.8679,0.7111,0.8756,17,47,6,5,0.8533,0.7727,0.8868,0.7556,0.8696,15,46,7,7,0.8133,0.6818,0.8679,0.6818,0.8242
51,21,40,12,1,0.8243,0.9545,0.7692,0.7636,0.951,18,44,8,4,0.8378,0.8182,0.8462,0.75,0.924,18,46,6,4,0.8649,0.8182,0.8846,0.7826,0.903,17,44,8,5,0.8243,0.7727,0.8462,0.7234,0.9108,17,44,8,5,0.8243,0.7727,0.8462,0.7234,0.9266,20,45,7,2,0.8784,0.9091,0.8654,0.8163,0.9309,17,46,6,5,0.8514,0.7727,0.8846,0.7556,0.9187,19,45,9,2,0.8533,0.9048,0.8333,0.7755,0.9056,13,47,7,8,0.8,0.619,0.8704,0.6341,0.9383,12,49,5,9,0.8133,0.5714,0.9074,0.6316,0.9048,15,45,9,6,0.8,0.7143,0.8333,0.6667,0.9189,14,45,9,7,0.7867,0.6667,0.8333,0.6364,0.9153,19,47,7,2,0.88,0.9048,0.8704,0.8085,0.9347,12,45,9,9,0.76,0.5714,0.8333,0.5714,0.8633
52,26,33,12,3,0.7973,0.8966,0.7333,0.7761,0.8851,22,37,8,7,0.7973,0.7586,0.8222,0.7458,0.8736,22,42,3,7,0.8649,0.7586,0.9333,0.8148,0.8759,22,39,6,7,0.8243,0.7586,0.8667,0.7719,0.8751,20,38,7,9,0.7838,0.6897,0.8444,0.7143,0.8713,22,41,4,7,0.8514,0.7586,0.9111,0.8,0.8897,20,39,6,9,0.7973,0.6897,0.8667,0.7273,0.849,15,52,6,2,0.8933,0.8824,0.8966,0.7895,0.9168,10,53,5,7,0.84,0.5882,0.9138,0.625,0.9219,9,57,1,8,0.88,0.5294,0.9828,0.6667,0.8682,11,52,6,6,0.84,0.6471,0.8966,0.6471,0.9108,11,52,6,6,0.84,0.6471,0.8966,0.6471,0.9077,14,53,5,3,0.8933,0.8235,0.9138,0.7778,0.9077,10,52,6,7,0.8267,0.5882,0.8966,0.6061,0.8824
53,23,27,16,8,0.6757,0.7419,0.6279,0.6571,0.8065,22,34,9,9,0.7568,0.7097,0.7907,0.7097,0.7614,22,35,8,9,0.7703,0.7097,0.814,0.7213,0.7734,22,32,11,9,0.7297,0.7097,0.7442,0.6875,0.7749,21,34,9,10,0.7432,0.6774,0.7907,0.6885,0.7434,23,32,11,8,0.7432,0.7419,0.7442,0.7077,0.7877,21,32,11,10,0.7162,0.6774,0.7442,0.6667,0.7247,17,53,5,0,0.9333,1.0,0.9138,0.8718,0.9473,10,53,5,7,0.84,0.5882,0.9138,0.625,0.9493,9,55,3,8,0.8533,0.5294,0.9483,0.6207,0.9544,16,52,6,1,0.9067,0.9412,0.8966,0.8205,0.9412,14,51,7,3,0.8667,0.8235,0.8793,0.7368,0.9412,17,53,5,0,0.9333,1.0,0.9138,0.8718,0.9544,8,52,6,9,0.8,0.4706,0.8966,0.5161,0.9067
54,23,36,14,1,0.7973,0.9583,0.72,0.7541,0.9333,19,42,8,5,0.8243,0.7917,0.84,0.7451,0.8617,19,43,7,5,0.8378,0.7917,0.86,0.76,0.8808,18,38,12,6,0.7568,0.75,0.76,0.6667,0.8583,18,38,12,6,0.7568,0.75,0.76,0.6667,0.84,21,43,7,3,0.8649,0.875,0.86,0.8077,0.9,18,40,10,6,0.7838,0.75,0.8,0.6923,0.835,11,53,7,4,0.8533,0.7333,0.8833,0.6667,0.8533,10,53,7,5,0.84,0.6667,0.8833,0.625,0.8722,8,57,3,7,0.8667,0.5333,0.95,0.6154,0.76,10,52,8,5,0.8267,0.6667,0.8667,0.6061,0.8522,9,51,9,6,0.8,0.6,0.85,0.5455,0.8478,10,53,7,5,0.84,0.6667,0.8833,0.625,0.8311,9,52,8,6,0.8133,0.6,0.8667,0.5625,0.8056
55,23,36,10,5,0.7973,0.8214,0.7826,0.7541,0.8525,17,40,6,11,0.7703,0.6071,0.8696,0.6667,0.8129,19,42,4,9,0.8243,0.6786,0.913,0.7451,0.8012,18,40,6,10,0.7838,0.6429,0.8696,0.6923,0.7958,16,41,5,12,0.7703,0.5714,0.8913,0.6531,0.8106,19,41,5,9,0.8108,0.6786,0.8913,0.7308,0.8222,16,40,6,12,0.7568,0.5714,0.8696,0.64,0.8005,12,55,4,4,0.8933,0.75,0.9322,0.75,0.9396,11,53,6,5,0.8533,0.6875,0.8983,0.6667,0.9523,9,56,3,7,0.8667,0.5625,0.9492,0.6429,0.8538,11,53,6,5,0.8533,0.6875,0.8983,0.6667,0.9375,10,52,7,6,0.8267,0.625,0.8814,0.6061,0.9449,12,54,5,4,0.88,0.75,0.9153,0.7273,0.9333,10,53,6,6,0.84,0.625,0.8983,0.625,0.8983
56,21,39,8,6,0.8108,0.7778,0.8298,0.75,0.829,20,42,5,7,0.8378,0.7407,0.8936,0.7692,0.8345,17,42,5,10,0.7973,0.6296,0.8936,0.6939,0.7218,19,41,6,8,0.8108,0.7037,0.8723,0.7308,0.8227,19,42,5,8,0.8243,0.7037,0.8936,0.7451,0.8243,21,42,5,6,0.8514,0.7778,0.8936,0.7925,0.7904,19,42,5,8,0.8243,0.7037,0.8936,0.7451,0.8408,17,51,4,3,0.9067,0.85,0.9273,0.8293,0.9191,13,51,4,7,0.8533,0.65,0.9273,0.7027,0.9218,11,54,1,9,0.8667,0.55,0.9818,0.6875,0.8473,14,51,4,6,0.8667,0.7,0.9273,0.7368,0.9045,13,48,7,7,0.8133,0.65,0.8727,0.65,0.8827,16,48,7,4,0.8533,0.8,0.8727,0.7442,0.8873,12,51,4,8,0.84,0.6,0.9273,0.6667,0.8427
57,29,30,14,1,0.7973,0.9667,0.6818,0.7945,0.95,28,34,10,2,0.8378,0.9333,0.7727,0.8235,0.9083,27,37,7,3,0.8649,0.9,0.8409,0.8438,0.9121,27,32,12,3,0.7973,0.9,0.7273,0.7826,0.9205,27,34,10,3,0.8243,0.9,0.7727,0.806,0.9227,27,36,8,3,0.8514,0.9,0.8182,0.8308,0.9333,27,32,12,3,0.7973,0.9,0.7273,0.7826,0.8667,11,60,4,0,0.9467,1.0,0.9375,0.8462,0.9901,11,60,4,0,0.9467,1.0,0.9375,0.8462,0.9844,10,63,1,1,0.9733,0.9091,0.9844,0.9091,0.9801,11,60,4,0,0.9467,1.0,0.9375,0.8462,0.9844,10,59,5,1,0.92,0.9091,0.9219,0.7692,0.983,11,59,5,0,0.9333,1.0,0.9219,0.8148,0.983,10,60,4,1,0.9333,0.9091,0.9375,0.8,0.9773
58,26,32,15,1,0.7838,0.963,0.6809,0.7647,0.9046,24,36,11,3,0.8108,0.8889,0.766,0.7742,0.8692,25,43,4,2,0.9189,0.9259,0.9149,0.8929,0.9708,20,35,12,7,0.7432,0.7407,0.7447,0.678,0.8629,24,35,12,3,0.7973,0.8889,0.7447,0.7619,0.8849,24,40,7,3,0.8649,0.8889,0.8511,0.8276,0.9464,24,36,11,3,0.8108,0.8889,0.766,0.7742,0.8314,16,54,3,2,0.9333,0.8889,0.9474,0.8649,0.9542,14,54,3,4,0.9067,0.7778,0.9474,0.8,0.9542,14,56,1,4,0.9333,0.7778,0.9825,0.8485,0.9055,14,54,3,4,0.9067,0.7778,0.9474,0.8,0.9444,14,52,5,4,0.88,0.7778,0.9123,0.7568,0.9415,16,52,5,2,0.9067,0.8889,0.9123,0.8205,0.9513,14,54,3,4,0.9067,0.7778,0.9474,0.8,0.9055
59,23,34,10,7,0.7703,0.7667,0.7727,0.7302,0.8598,21,39,5,9,0.8108,0.7,0.8864,0.75,0.8485,19,39,5,11,0.7838,0.6333,0.8864,0.7037,0.7114,22,38,6,8,0.8108,0.7333,0.8636,0.7586,0.8258,21,38,6,9,0.7973,0.7,0.8636,0.7368,0.8303,23,38,6,7,0.8243,0.7667,0.8636,0.7797,0.8265,21,39,5,9,0.8108,0.7,0.8864,0.75,0.8424,15,49,6,5,0.8533,0.75,0.8909,0.7317,0.8536,8,47,8,12,0.7333,0.4,0.8545,0.4444,0.8636,10,54,1,10,0.8533,0.5,0.9818,0.6452,0.7527,11,47,8,9,0.7733,0.55,0.8545,0.5641,0.85,11,47,8,9,0.7733,0.55,0.8545,0.5641,0.8182,14,49,6,6,0.84,0.7,0.8909,0.7,0.8518,8,47,8,12,0.7333,0.4,0.8545,0.4444,0.7836
60,32,24,13,5,0.7568,0.8649,0.6486,0.7805,0.8546,29,28,9,8,0.7703,0.7838,0.7568,0.7733,0.8459,30,33,4,7,0.8514,0.8108,0.8919,0.8451,0.8137,27,29,8,10,0.7568,0.7297,0.7838,0.75,0.8408,29,28,9,8,0.7703,0.7838,0.7568,0.7733,0.8422,28,30,7,9,0.7838,0.7568,0.8108,0.7778,0.859,29,30,7,8,0.7973,0.7838,0.8108,0.7945,0.8386,13,55,6,1,0.9067,0.9286,0.9016,0.7879,0.966,11,56,5,3,0.8933,0.7857,0.918,0.7333,0.9719,8,60,1,6,0.9067,0.5714,0.9836,0.6957,0.9215,11,55,6,3,0.88,0.7857,0.9016,0.7097,0.9754,11,54,7,3,0.8667,0.7857,0.8852,0.6875,0.9625,12,55,6,2,0.8933,0.8571,0.9016,0.75,0.945,11,55,6,3,0.88,0.7857,0.9016,0.7097,0.959
61,17,38,15,4,0.7432,0.8095,0.717,0.6415,0.8464,14,46,7,7,0.8108,0.6667,0.8679,0.6667,0.788,16,47,6,5,0.8514,0.7619,0.8868,0.7442,0.8104,13,41,12,8,0.7297,0.619,0.7736,0.5652,0.7763,13,44,9,8,0.7703,0.619,0.8302,0.6047,0.7493,13,43,10,8,0.7568,0.619,0.8113,0.5909,0.7763,13,42,11,8,0.7432,0.619,0.7925,0.5778,0.761,23,44,6,2,0.8933,0.92,0.88,0.8519,0.964,16,46,4,9,0.8267,0.64,0.92,0.7111,0.9696,17,50,0,8,0.8933,0.68,1.0,0.8095,0.9208,19,44,6,6,0.84,0.76,0.88,0.76,0.9504,19,43,7,6,0.8267,0.76,0.86,0.7451,0.9536,22,45,5,3,0.8933,0.88,0.9,0.8462,0.9568,16,44,6,9,0.8,0.64,0.88,0.6809,0.9456
62,23,31,19,1,0.7297,0.9583,0.62,0.697,0.8867,13,35,15,11,0.6486,0.5417,0.7,0.5,0.7533,17,43,7,7,0.8108,0.7083,0.86,0.7083,0.8817,14,36,14,10,0.6757,0.5833,0.72,0.5385,0.7467,12,39,11,12,0.6892,0.5,0.78,0.5106,0.7733,18,42,8,6,0.8108,0.75,0.84,0.72,0.8592,12,39,11,12,0.6892,0.5,0.78,0.5106,0.7567,13,48,5,9,0.8133,0.5909,0.9057,0.65,0.8825,9,48,5,13,0.76,0.4091,0.9057,0.5,0.8902,10,53,0,12,0.84,0.4545,1.0,0.625,0.7067,10,48,5,12,0.7733,0.4545,0.9057,0.5405,0.8842,10,47,6,12,0.76,0.4545,0.8868,0.5263,0.8722,12,47,6,10,0.7867,0.5455,0.8868,0.6,0.8542,9,48,5,13,0.76,0.4091,0.9057,0.5,0.8182
63,20,39,12,3,0.7973,0.8696,0.7647,0.7273,0.8576,16,40,11,7,0.7568,0.6957,0.7843,0.64,0.8116,18,44,7,5,0.8378,0.7826,0.8627,0.75,0.8849,13,43,8,10,0.7568,0.5652,0.8431,0.5909,0.8039,15,44,7,8,0.7973,0.6522,0.8627,0.6667,0.8167,17,43,8,6,0.8108,0.7391,0.8431,0.7083,0.8227,15,44,7,8,0.7973,0.6522,0.8627,0.6667,0.8474,15,54,3,3,0.92,0.8333,0.9474,0.8333,0.961,12,53,4,6,0.8667,0.6667,0.9298,0.7059,0.9591,10,55,2,8,0.8667,0.5556,0.9649,0.6667,0.8665,13,52,5,5,0.8667,0.7222,0.9123,0.7222,0.9386,12,50,7,6,0.8267,0.6667,0.8772,0.6486,0.9376,14,53,4,4,0.8933,0.7778,0.9298,0.7778,0.9318,11,52,5,7,0.84,0.6111,0.9123,0.6471,0.9172
64,20,35,15,4,0.7432,0.8333,0.7,0.678,0.8083,17,41,9,7,0.7838,0.7083,0.82,0.68,0.7767,18,43,7,6,0.8243,0.75,0.86,0.7347,0.8317,15,40,10,9,0.7432,0.625,0.8,0.6122,0.7867,15,40,10,9,0.7432,0.625,0.8,0.6122,0.7525,18,38,12,6,0.7568,0.75,0.76,0.6667,0.8033,15,40,10,9,0.7432,0.625,0.8,0.6122,0.7158,20,43,6,6,0.84,0.7692,0.8776,0.7692,0.9192,15,44,5,11,0.7867,0.5769,0.898,0.6522,0.9286,13,47,2,13,0.8,0.5,0.9592,0.6341,0.792,17,42,7,9,0.7867,0.6538,0.8571,0.68,0.905,14,42,7,12,0.7467,0.5385,0.8571,0.5957,0.9113,18,45,4,8,0.84,0.6923,0.9184,0.75,0.8956,12,42,7,14,0.72,0.4615,0.8571,0.5333,0.898
65,21,38,14,1,0.7973,0.9545,0.7308,0.7368,0.9021,16,41,11,6,0.7703,0.7273,0.7885,0.6531,0.8584,20,45,7,2,0.8784,0.9091,0.8654,0.8163,0.8977,20,42,10,2,0.8378,0.9091,0.8077,0.7692,0.8837,16,43,9,6,0.7973,0.7273,0.8269,0.6809,0.8549,19,45,7,3,0.8649,0.8636,0.8654,0.7917,0.9327,16,43,9,6,0.7973,0.7273,0.8269,0.6809,0.8479,18,51,4,2,0.92,0.9,0.9273,0.8571,0.9345,17,50,5,3,0.8933,0.85,0.9091,0.8095,0.9482,15,53,2,5,0.9067,0.75,0.9636,0.8108,0.9082,18,49,6,2,0.8933,0.9,0.8909,0.8182,0.9382,16,49,6,4,0.8667,0.8,0.8909,0.7619,0.9273,18,52,3,2,0.9333,0.9,0.9455,0.878,0.9391,15,49,6,5,0.8533,0.75,0.8909,0.7317,0.9109
66,26,35,12,1,0.8243,0.963,0.7447,0.8,0.9377,18,44,3,9,0.8378,0.6667,0.9362,0.75,0.8692,25,45,2,2,0.9459,0.9259,0.9574,0.9259,0.959,19,39,8,8,0.7838,0.7037,0.8298,0.7037,0.8597,17,40,7,10,0.7703,0.6296,0.8511,0.6667,0.8266,19,41,6,8,0.8108,0.7037,0.8723,0.7308,0.8849,17,39,8,10,0.7568,0.6296,0.8298,0.6538,0.8716,21,47,6,1,0.9067,0.9545,0.8868,0.8571,0.9322,14,45,8,8,0.7867,0.6364,0.8491,0.6364,0.916,16,49,4,6,0.8667,0.7273,0.9245,0.7619,0.9142,20,45,8,2,0.8667,0.9091,0.8491,0.8,0.9151,19,44,9,3,0.84,0.8636,0.8302,0.76,0.9082,21,46,7,1,0.8933,0.9545,0.8679,0.84,0.9314,13,45,8,9,0.7733,0.5909,0.8491,0.6047,0.8868
67,24,39,10,1,0.8514,0.96,0.7959,0.8136,0.9518,24,44,5,1,0.9189,0.96,0.898,0.8889,0.9616,23,43,6,2,0.8919,0.92,0.8776,0.8519,0.9159,22,45,4,3,0.9054,0.88,0.9184,0.8627,0.9551,24,47,2,1,0.9595,0.96,0.9592,0.9412,0.9698,23,41,8,2,0.8649,0.92,0.8367,0.8214,0.9469,24,47,2,1,0.9595,0.96,0.9592,0.9412,0.9804,23,48,4,0,0.9467,1.0,0.9231,0.92,0.9732,17,49,3,6,0.88,0.7391,0.9423,0.7907,0.9732,14,50,2,9,0.8533,0.6087,0.9615,0.7179,0.964,20,48,4,3,0.9067,0.8696,0.9231,0.8511,0.9657,17,47,5,6,0.8533,0.7391,0.9038,0.7556,0.9632,23,48,4,0,0.9467,1.0,0.9231,0.92,0.9716,14,48,4,9,0.8267,0.6087,0.9231,0.6829,0.9465
68,16,39,13,6,0.7432,0.7273,0.75,0.6275,0.7684,12,46,6,10,0.7838,0.5455,0.8846,0.6,0.722,12,47,5,10,0.7973,0.5455,0.9038,0.6154,0.7517,10,45,7,12,0.7432,0.4545,0.8654,0.5128,0.701,10,43,9,12,0.7162,0.4545,0.8269,0.4878,0.6993,15,47,5,7,0.8378,0.6818,0.9038,0.7143,0.7483,10,45,7,12,0.7432,0.4545,0.8654,0.5128,0.6984,22,46,2,5,0.9067,0.8148,0.9583,0.8627,0.9336,17,45,3,10,0.8267,0.6296,0.9375,0.7234,0.9375,12,48,0,15,0.8,0.4444,1.0,0.6154,0.8256,17,45,3,10,0.8267,0.6296,0.9375,0.7234,0.9298,14,45,3,13,0.7867,0.5185,0.9375,0.6364,0.9144,21,46,2,6,0.8933,0.7778,0.9583,0.84,0.9221,14,45,3,13,0.7867,0.5185,0.9375,0.6364,0.9028
69,21,34,17,2,0.7432,0.913,0.6667,0.6885,0.8943,17,40,11,6,0.7703,0.7391,0.7843,0.6667,0.8525,19,43,8,4,0.8378,0.8261,0.8431,0.76,0.913,16,38,13,7,0.7297,0.6957,0.7451,0.6154,0.8338,16,40,11,7,0.7568,0.6957,0.7843,0.64,0.8448,19,41,10,4,0.8108,0.8261,0.8039,0.7308,0.8781,16,38,13,7,0.7297,0.6957,0.7451,0.6154,0.7962,19,51,4,1,0.9333,0.95,0.9273,0.8837,0.9273,15,50,5,5,0.8667,0.75,0.9091,0.75,0.9273,12,52,3,8,0.8533,0.6,0.9455,0.6857,0.8827,15,50,5,5,0.8667,0.75,0.9091,0.75,0.92,12,48,7,8,0.8,0.6,0.8727,0.6154,0.9,18,49,6,2,0.8933,0.9,0.8909,0.8182,0.8991,12,50,5,8,0.8267,0.6,0.9091,0.6486,0.8845
70,28,30,15,1,0.7838,0.9655,0.6667,0.7778,0.9318,24,37,8,5,0.8243,0.8276,0.8222,0.7869,0.8897,22,40,5,7,0.8378,0.7586,0.8889,0.7857,0.8667,23,35,10,6,0.7838,0.7931,0.7778,0.7419,0.8789,22,38,7,7,0.8108,0.7586,0.8444,0.7586,0.8927,25,39,6,4,0.8649,0.8621,0.8667,0.8333,0.8958,22,37,8,7,0.7973,0.7586,0.8222,0.7458,0.8659,14,51,8,2,0.8667,0.875,0.8644,0.7368,0.9153,7,51,8,9,0.7733,0.4375,0.8644,0.4516,0.9142,7,56,3,9,0.84,0.4375,0.9492,0.5385,0.9449,12,50,9,4,0.8267,0.75,0.8475,0.6486,0.8983,12,49,10,4,0.8133,0.75,0.8305,0.6316,0.8994,14,51,8,2,0.8667,0.875,0.8644,0.7368,0.9396,7,50,9,9,0.76,0.4375,0.8475,0.4375,0.8464
71,14,40,16,4,0.7297,0.7778,0.7143,0.5833,0.8006,12,47,9,6,0.7973,0.6667,0.8393,0.6154,0.7996,14,51,5,4,0.8784,0.7778,0.9107,0.7568,0.8036,13,45,11,5,0.7838,0.7222,0.8036,0.619,0.7976,12,48,8,6,0.8108,0.6667,0.8571,0.6316,0.7877,13,50,6,5,0.8514,0.7222,0.8929,0.7027,0.7966,12,48,8,6,0.8108,0.6667,0.8571,0.6316,0.7996,16,49,4,6,0.8667,0.7273,0.9245,0.7619,0.9014,11,50,3,11,0.8133,0.5,0.9434,0.6111,0.9228,10,52,1,12,0.8267,0.4545,0.9811,0.6061,0.7719,13,49,4,9,0.8267,0.5909,0.9245,0.6667,0.8911,12,49,4,10,0.8133,0.5455,0.9245,0.6316,0.8868,15,50,3,7,0.8667,0.6818,0.9434,0.75,0.8962,10,49,4,12,0.7867,0.4545,0.9245,0.5556,0.8533
72,22,35,16,1,0.7703,0.9565,0.6863,0.7213,0.8679,17,35,16,6,0.7027,0.7391,0.6863,0.6071,0.8124,18,41,10,5,0.7973,0.7826,0.8039,0.7059,0.8653,14,35,16,9,0.6622,0.6087,0.6863,0.5283,0.8244,16,37,14,7,0.7162,0.6957,0.7255,0.6038,0.8295,19,42,9,4,0.8243,0.8261,0.8235,0.7451,0.8875,16,38,13,7,0.7297,0.6957,0.7451,0.6154,0.8124,17,45,12,1,0.8267,0.9444,0.7895,0.7234,0.8811,12,44,13,6,0.7467,0.6667,0.7719,0.5581,0.8684,12,52,5,6,0.8533,0.6667,0.9123,0.6857,0.8158,15,44,13,3,0.7867,0.8333,0.7719,0.6522,0.8762,15,42,15,3,0.76,0.8333,0.7368,0.625,0.8421,15,43,14,3,0.7733,0.8333,0.7544,0.6383,0.8519,12,44,13,6,0.7467,0.6667,0.7719,0.5581,0.8275
73,29,29,13,3,0.7838,0.9062,0.6905,0.7838,0.904,27,35,7,5,0.8378,0.8438,0.8333,0.8182,0.8616,26,36,6,6,0.8378,0.8125,0.8571,0.8125,0.8527,26,33,9,6,0.7973,0.8125,0.7857,0.7761,0.8579,26,32,10,6,0.7838,0.8125,0.7619,0.7647,0.8564,27,37,5,5,0.8649,0.8438,0.881,0.8438,0.8653,26,33,9,6,0.7973,0.8125,0.7857,0.7761,0.8549,19,46,4,6,0.8667,0.76,0.92,0.7917,0.912,12,45,5,13,0.76,0.48,0.9,0.5714,0.916,11,50,0,14,0.8133,0.44,1.0,0.6111,0.7592,15,45,5,10,0.8,0.6,0.9,0.6667,0.8872,15,43,7,10,0.7733,0.6,0.86,0.6383,0.8664,17,44,6,8,0.8133,0.68,0.88,0.7083,0.8744,12,45,5,13,0.76,0.48,0.9,0.5714,0.8552
74,21,31,15,7,0.7027,0.75,0.6739,0.6562,0.778,16,35,11,12,0.6892,0.5714,0.7609,0.5818,0.7057,18,42,4,10,0.8108,0.6429,0.913,0.72,0.7158,15,35,11,13,0.6757,0.5357,0.7609,0.5556,0.7166,14,35,11,14,0.6622,0.5,0.7609,0.5283,0.6941,17,37,9,11,0.7297,0.6071,0.8043,0.6296,0.7228,14,36,10,14,0.6757,0.5,0.7826,0.5385,0.6747,12,58,3,2,0.9333,0.8571,0.9508,0.8276,0.877,9,56,5,5,0.8667,0.6429,0.918,0.6429,0.8806,9,59,2,5,0.9067,0.6429,0.9672,0.72,0.7482,10,56,5,4,0.88,0.7143,0.918,0.6897,0.8642,9,53,8,5,0.8267,0.6429,0.8689,0.5806,0.8361,10,55,6,4,0.8667,0.7143,0.9016,0.6667,0.8267,8,56,5,6,0.8533,0.5714,0.918,0.5926,0.7986
75,34,29,9,2,0.8514,0.9444,0.7632,0.8608,0.9232,31,30,8,5,0.8243,0.8611,0.7895,0.8267,0.8706,28,33,5,8,0.8243,0.7778,0.8684,0.8116,0.8991,27,32,6,9,0.7973,0.75,0.8421,0.7826,0.8633,28,32,6,8,0.8108,0.7778,0.8421,0.8,0.8589,28,35,3,8,0.8514,0.7778,0.9211,0.8358,0.9349,28,33,5,8,0.8243,0.7778,0.8684,0.8116,0.8684,18,53,2,2,0.9467,0.9,0.9636,0.9,0.9773,13,54,1,7,0.8933,0.65,0.9818,0.7647,0.9882,13,55,0,7,0.9067,0.65,1.0,0.7879,0.9473,16,53,2,4,0.92,0.8,0.9636,0.8421,0.9655,15,48,7,5,0.84,0.75,0.8727,0.7143,0.9645,18,49,6,2,0.8933,0.9,0.8909,0.8182,0.9745,12,53,2,8,0.8667,0.6,0.9636,0.7059,0.9255
76,25,32,13,4,0.7703,0.8621,0.7111,0.7463,0.8429,20,37,8,9,0.7703,0.6897,0.8222,0.7018,0.7724,20,40,5,9,0.8108,0.6897,0.8889,0.7407,0.8253,17,33,12,12,0.6757,0.5862,0.7333,0.5862,0.7594,18,36,9,11,0.7297,0.6207,0.8,0.6429,0.7471,18,38,7,11,0.7568,0.6207,0.8444,0.6667,0.8084,18,36,9,11,0.7297,0.6207,0.8,0.6429,0.7533,14,54,5,2,0.9067,0.875,0.9153,0.8,0.9068,11,53,6,5,0.8533,0.6875,0.8983,0.6667,0.9057,9,56,3,7,0.8667,0.5625,0.9492,0.6429,0.8612,12,53,6,4,0.8667,0.75,0.8983,0.7059,0.8972,9,52,7,7,0.8133,0.5625,0.8814,0.5625,0.8835,14,53,6,2,0.8933,0.875,0.8983,0.7778,0.8994,8,53,6,8,0.8133,0.5,0.8983,0.5333,0.8475
77,22,33,13,6,0.7432,0.7857,0.7174,0.6984,0.8113,20,35,11,8,0.7432,0.7143,0.7609,0.678,0.7842,16,39,7,12,0.7432,0.5714,0.8478,0.6275,0.7484,16,34,12,12,0.6757,0.5714,0.7391,0.5714,0.7756,17,34,12,11,0.6892,0.6071,0.7391,0.5965,0.7803,22,39,7,6,0.8243,0.7857,0.8478,0.7719,0.8276,17,35,11,11,0.7027,0.6071,0.7609,0.6071,0.7725,19,50,5,1,0.92,0.95,0.9091,0.8636,0.9473,14,51,4,6,0.8667,0.7,0.9273,0.7368,0.9509,13,53,2,7,0.88,0.65,0.9636,0.7429,0.8873,16,50,5,4,0.88,0.8,0.9091,0.7805,0.9418,14,49,6,6,0.84,0.7,0.8909,0.7,0.9364,18,50,5,2,0.9067,0.9,0.9091,0.8372,0.9291,12,50,5,8,0.8267,0.6,0.9091,0.6486,0.9164
78,25,35,13,1,0.8108,0.9615,0.7292,0.7812,0.9287,23,40,8,3,0.8514,0.8846,0.8333,0.807,0.9183,21,44,4,5,0.8784,0.8077,0.9167,0.8235,0.9351,19,41,7,7,0.8108,0.7308,0.8542,0.7308,0.9038,21,40,8,5,0.8243,0.8077,0.8333,0.7636,0.9119,25,44,4,1,0.9324,0.9615,0.9167,0.9091,0.9655,21,41,7,5,0.8378,0.8077,0.8542,0.7778,0.8958,15,55,3,2,0.9333,0.8824,0.9483,0.8571,0.9432,9,54,4,8,0.84,0.5294,0.931,0.6,0.9391,10,58,0,7,0.9067,0.5882,1.0,0.7407,0.8225,13,53,5,4,0.88,0.7647,0.9138,0.7429,0.929,13,53,5,4,0.88,0.7647,0.9138,0.7429,0.9128,13,56,2,4,0.92,0.7647,0.9655,0.8125,0.9108,9,53,5,8,0.8267,0.5294,0.9138,0.5806,0.8915
79,17,40,15,2,0.7703,0.8947,0.7273,0.6667,0.8392,12,43,12,7,0.7432,0.6316,0.7818,0.5581,0.7952,16,47,8,3,0.8514,0.8421,0.8545,0.7442,0.8478,12,40,15,7,0.7027,0.6316,0.7273,0.5217,0.8086,11,44,11,8,0.7432,0.5789,0.8,0.5366,0.8019,14,46,9,5,0.8108,0.7368,0.8364,0.6667,0.8211,11,42,13,8,0.7162,0.5789,0.7636,0.5116,0.7933,18,52,4,1,0.9333,0.9474,0.9286,0.878,0.9586,14,49,7,5,0.84,0.7368,0.875,0.7,0.9464,12,54,2,7,0.88,0.6316,0.9643,0.7273,0.9239,18,48,8,1,0.88,0.9474,0.8571,0.8,0.937,17,46,10,2,0.84,0.8947,0.8214,0.7391,0.9361,18,51,5,1,0.92,0.9474,0.9107,0.8571,0.9558,13,48,8,6,0.8133,0.6842,0.8571,0.65,0.9154
80,24,36,13,1,0.8108,0.96,0.7347,0.7742,0.9086,19,42,7,6,0.8243,0.76,0.8571,0.7451,0.8392,20,41,8,5,0.8243,0.8,0.8367,0.7547,0.88,18,40,9,7,0.7838,0.72,0.8163,0.6923,0.8408,19,41,8,6,0.8108,0.76,0.8367,0.7308,0.8473,22,40,9,3,0.8378,0.88,0.8163,0.7857,0.8947,19,41,8,6,0.8108,0.76,0.8367,0.7308,0.822,18,50,6,1,0.9067,0.9474,0.8929,0.8372,0.9211,11,49,7,8,0.8,0.5789,0.875,0.5946,0.9201,7,54,2,12,0.8133,0.3684,0.9643,0.5,0.8656,13,49,7,6,0.8267,0.6842,0.875,0.6667,0.9107,13,48,8,6,0.8133,0.6842,0.8571,0.65,0.8882,17,49,7,2,0.88,0.8947,0.875,0.7907,0.9004,11,49,7,8,0.8,0.5789,0.875,0.5946,0.8722
81,19,33,17,5,0.7027,0.7917,0.66,0.6333,0.7917,17,35,15,7,0.7027,0.7083,0.7,0.6071,0.77,17,41,9,7,0.7838,0.7083,0.82,0.68,0.8175,14,35,15,10,0.6622,0.5833,0.7,0.5283,0.7733,16,38,12,8,0.7297,0.6667,0.76,0.6154,0.7775,18,40,10,6,0.7838,0.75,0.8,0.6923,0.8233,16,37,13,8,0.7162,0.6667,0.74,0.6038,0.7342,17,53,3,2,0.9333,0.8947,0.9464,0.8718,0.9737,12,53,3,7,0.8667,0.6316,0.9464,0.7059,0.9765,14,55,1,5,0.92,0.7368,0.9821,0.8235,0.9643,14,52,4,5,0.88,0.7368,0.9286,0.7568,0.9643,14,51,5,5,0.8667,0.7368,0.9107,0.7368,0.969,17,53,3,2,0.9333,0.8947,0.9464,0.8718,0.985,12,52,4,7,0.8533,0.6316,0.9286,0.6857,0.9258
82,25,32,15,2,0.7703,0.9259,0.6809,0.7463,0.8991,20,36,11,7,0.7568,0.7407,0.766,0.6897,0.8542,21,39,8,6,0.8108,0.7778,0.8298,0.75,0.8329,19,33,14,8,0.7027,0.7037,0.7021,0.6333,0.8424,19,35,12,8,0.7297,0.7037,0.7447,0.6552,0.8503,20,39,8,7,0.7973,0.7407,0.8298,0.7273,0.8519,19,35,12,8,0.7297,0.7037,0.7447,0.6552,0.8369,15,54,2,4,0.92,0.7895,0.9643,0.8333,0.9051,11,52,4,8,0.84,0.5789,0.9286,0.6471,0.9267,8,56,0,11,0.8533,0.4211,1.0,0.5926,0.8383,12,52,4,7,0.8533,0.6316,0.9286,0.6857,0.907,11,51,5,8,0.8267,0.5789,0.9107,0.6286,0.8835,15,53,3,4,0.9067,0.7895,0.9464,0.8108,0.9248,10,52,4,9,0.8267,0.5263,0.9286,0.6061,0.8562
83,30,29,13,2,0.7973,0.9375,0.6905,0.8,0.9018,27,31,11,5,0.7838,0.8438,0.7381,0.7714,0.8527,28,36,6,4,0.8649,0.875,0.8571,0.8485,0.9055,26,28,14,6,0.7297,0.8125,0.6667,0.7222,0.8609,26,33,9,6,0.7973,0.8125,0.7857,0.7761,0.8482,27,32,10,5,0.7973,0.8438,0.7619,0.7826,0.9003,26,30,12,6,0.7568,0.8125,0.7143,0.7429,0.8162,16,52,5,2,0.9067,0.8889,0.9123,0.8205,0.8821,11,52,5,7,0.84,0.6111,0.9123,0.6471,0.884,12,55,2,6,0.8933,0.6667,0.9649,0.75,0.8226,13,52,5,5,0.8667,0.7222,0.9123,0.7222,0.8821,13,50,7,5,0.84,0.7222,0.8772,0.6842,0.8577,15,50,7,3,0.8667,0.8333,0.8772,0.75,0.8704,11,52,5,7,0.84,0.6111,0.9123,0.6471,0.8197
84,30,33,8,3,0.8514,0.9091,0.8049,0.8451,0.9135,25,35,6,8,0.8108,0.7576,0.8537,0.7812,0.8662,26,38,3,7,0.8649,0.7879,0.9268,0.8387,0.884,22,36,5,11,0.7838,0.6667,0.878,0.7333,0.8574,23,36,5,10,0.7973,0.697,0.878,0.7541,0.8537,25,36,5,8,0.8243,0.7576,0.878,0.7937,0.895,23,36,5,10,0.7973,0.697,0.878,0.7541,0.8477,19,49,4,3,0.9067,0.8636,0.9245,0.8444,0.9348,15,48,5,7,0.84,0.6818,0.9057,0.7143,0.9383,16,51,2,6,0.8933,0.7273,0.9623,0.8,0.8473,17,47,6,5,0.8533,0.7727,0.8868,0.7556,0.9322,17,47,6,5,0.8533,0.7727,0.8868,0.7556,0.928,17,50,3,5,0.8933,0.7727,0.9434,0.8095,0.9117,15,47,6,7,0.8267,0.6818,0.8868,0.6977,0.8902
85,22,33,18,1,0.7432,0.9565,0.6471,0.6984,0.919,19,39,12,4,0.7838,0.8261,0.7647,0.7037,0.8662,21,42,9,2,0.8514,0.913,0.8235,0.7925,0.925,19,37,14,4,0.7568,0.8261,0.7255,0.6786,0.8747,18,38,13,5,0.7568,0.7826,0.7451,0.6667,0.8679,19,43,8,4,0.8378,0.8261,0.8431,0.76,0.8934,18,39,12,5,0.7703,0.7826,0.7647,0.6792,0.8465,20,48,7,0,0.9067,1.0,0.8727,0.8511,0.9327,10,46,9,10,0.7467,0.5,0.8364,0.5128,0.8973,10,52,3,10,0.8267,0.5,0.9455,0.6061,0.8418,12,45,10,8,0.76,0.6,0.8182,0.5714,0.8891,12,44,11,8,0.7467,0.6,0.8,0.5581,0.8791,17,48,7,3,0.8667,0.85,0.8727,0.7727,0.8909,10,45,10,10,0.7333,0.5,0.8182,0.5,0.8518
86,28,30,13,3,0.7838,0.9032,0.6977,0.7778,0.8395,19,36,7,12,0.7432,0.6129,0.8372,0.6667,0.7772,23,38,5,8,0.8243,0.7419,0.8837,0.7797,0.8665,18,34,9,13,0.7027,0.5806,0.7907,0.6207,0.7599,18,34,9,13,0.7027,0.5806,0.7907,0.6207,0.7734,25,38,5,6,0.8514,0.8065,0.8837,0.8197,0.8455,18,34,9,13,0.7027,0.5806,0.7907,0.6207,0.7457,18,45,5,7,0.84,0.72,0.9,0.75,0.8656,12,43,7,13,0.7333,0.48,0.86,0.5455,0.8736,10,48,2,15,0.7733,0.4,0.96,0.5405,0.7632,13,42,8,12,0.7333,0.52,0.84,0.5652,0.852,13,41,9,12,0.72,0.52,0.82,0.5532,0.8352,17,45,5,8,0.8267,0.68,0.9,0.7234,0.8544,12,42,8,13,0.72,0.48,0.84,0.5333,0.8016
87,25,31,15,3,0.7568,0.8929,0.6739,0.7353,0.8354,18,38,8,10,0.7568,0.6429,0.8261,0.6667,0.7748,20,37,9,8,0.7703,0.7143,0.8043,0.7018,0.8106,15,35,11,13,0.6757,0.5357,0.7609,0.5556,0.7585,15,37,9,13,0.7027,0.5357,0.8043,0.5769,0.736,20,36,10,8,0.7568,0.7143,0.7826,0.6897,0.7873,15,36,10,13,0.6892,0.5357,0.7826,0.566,0.7671,15,51,6,3,0.88,0.8333,0.8947,0.7692,0.924,11,50,7,7,0.8133,0.6111,0.8772,0.6111,0.9181,11,55,2,7,0.88,0.6111,0.9649,0.7097,0.8041,12,49,8,6,0.8133,0.6667,0.8596,0.6316,0.8938,11,45,12,7,0.7467,0.6111,0.7895,0.5366,0.8889,13,48,9,5,0.8133,0.7222,0.8421,0.65,0.8879,10,49,8,8,0.7867,0.5556,0.8596,0.5556,0.8577
88,24,27,18,5,0.6892,0.8276,0.6,0.6761,0.8215,18,32,13,11,0.6757,0.6207,0.7111,0.6,0.7693,22,38,7,7,0.8108,0.7586,0.8444,0.7586,0.8284,18,32,13,11,0.6757,0.6207,0.7111,0.6,0.7716,18,30,15,11,0.6486,0.6207,0.6667,0.5806,0.7701,20,35,10,9,0.7432,0.6897,0.7778,0.678,0.7939,18,32,13,11,0.6757,0.6207,0.7111,0.6,0.7648,11,53,6,5,0.8533,0.6875,0.8983,0.6667,0.8845,9,49,10,7,0.7733,0.5625,0.8305,0.5143,0.8941,8,57,2,8,0.8667,0.5,0.9661,0.6154,0.8008,10,48,11,6,0.7733,0.625,0.8136,0.5405,0.8782,10,48,11,6,0.7733,0.625,0.8136,0.5405,0.875,11,54,5,5,0.8667,0.6875,0.9153,0.6875,0.8835,9,48,11,7,0.76,0.5625,0.8136,0.5,0.8305
89,22,36,9,7,0.7838,0.7586,0.8,0.7333,0.8192,17,37,8,12,0.7297,0.5862,0.8222,0.6296,0.8023,19,41,4,10,0.8108,0.6552,0.9111,0.7308,0.849,17,38,7,12,0.7432,0.5862,0.8444,0.6415,0.7793,15,38,7,14,0.7162,0.5172,0.8444,0.5882,0.7556,21,38,7,8,0.7973,0.7241,0.8444,0.7368,0.823,15,39,6,14,0.7297,0.5172,0.8667,0.6,0.7908,18,48,6,3,0.88,0.8571,0.8889,0.8,0.9153,14,47,7,7,0.8133,0.6667,0.8704,0.6667,0.9118,13,51,3,8,0.8533,0.619,0.9444,0.7027,0.8298,15,47,7,6,0.8267,0.7143,0.8704,0.6977,0.9021,15,46,8,6,0.8133,0.7143,0.8519,0.6818,0.8871,17,47,7,4,0.8533,0.8095,0.8704,0.7556,0.8907,14,47,7,7,0.8133,0.6667,0.8704,0.6667,0.8739
90,26,28,16,4,0.7297,0.8667,0.6364,0.7222,0.8689,22,38,6,8,0.8108,0.7333,0.8636,0.7586,0.8235,22,38,6,8,0.8108,0.7333,0.8636,0.7586,0.8227,20,35,9,10,0.7432,0.6667,0.7955,0.678,0.8167,20,34,10,10,0.7297,0.6667,0.7727,0.6667,0.8076,19,38,6,11,0.7703,0.6333,0.8636,0.6909,0.8136,20,35,9,10,0.7432,0.6667,0.7955,0.678,0.7917,21,48,2,4,0.92,0.84,0.96,0.875,0.9488,14,47,3,11,0.8133,0.56,0.94,0.6667,0.948,12,50,0,13,0.8267,0.48,1.0,0.6486,0.8752,16,47,3,9,0.84,0.64,0.94,0.7273,0.9376,15,47,3,10,0.8267,0.6,0.94,0.6977,0.9368,20,48,2,5,0.9067,0.8,0.96,0.8511,0.9344,13,47,3,12,0.8,0.52,0.94,0.6341,0.9208
91,20,32,17,5,0.7027,0.8,0.6531,0.6452,0.8637,17,37,12,8,0.7297,0.68,0.7551,0.6296,0.8024,19,43,6,6,0.8378,0.76,0.8776,0.76,0.8645,16,36,13,9,0.7027,0.64,0.7347,0.5926,0.7739,17,38,11,8,0.7432,0.68,0.7755,0.6415,0.7853,18,39,10,7,0.7703,0.72,0.7959,0.6792,0.8612,17,36,13,8,0.7162,0.68,0.7347,0.6182,0.7543,12,52,9,2,0.8533,0.8571,0.8525,0.6857,0.8642,7,54,7,7,0.8133,0.5,0.8852,0.5,0.8747,7,57,4,7,0.8533,0.5,0.9344,0.56,0.781,7,51,10,7,0.7733,0.5,0.8361,0.4516,0.8548,7,49,12,7,0.7467,0.5,0.8033,0.4242,0.8419,10,53,8,4,0.84,0.7143,0.8689,0.625,0.8314,7,51,10,7,0.7733,0.5,0.8361,0.4516,0.7986
92,25,28,17,4,0.7162,0.8621,0.6222,0.7042,0.8314,20,35,10,9,0.7432,0.6897,0.7778,0.678,0.7609,22,37,8,7,0.7973,0.7586,0.8222,0.7458,0.8352,19,31,14,10,0.6757,0.6552,0.6889,0.6129,0.7716,19,35,10,10,0.7297,0.6552,0.7778,0.6552,0.754,22,32,13,7,0.7297,0.7586,0.7111,0.6875,0.8084,19,31,14,10,0.6757,0.6552,0.6889,0.6129,0.7211,12,53,4,6,0.8667,0.6667,0.9298,0.7059,0.8489,7,54,3,11,0.8133,0.3889,0.9474,0.5,0.8528,7,54,3,11,0.8133,0.3889,0.9474,0.5,0.653,9,53,4,9,0.8267,0.5,0.9298,0.5806,0.8314,9,48,9,9,0.76,0.5,0.8421,0.5,0.7963,10,49,8,8,0.7867,0.5556,0.8596,0.5556,0.7797,7,53,4,11,0.8,0.3889,0.9298,0.4828,0.7554
93,16,45,8,5,0.8243,0.7619,0.8491,0.7111,0.8095,12,43,10,9,0.7432,0.5714,0.8113,0.5581,0.7421,14,46,7,7,0.8108,0.6667,0.8679,0.6667,0.8086,10,42,11,11,0.7027,0.4762,0.7925,0.4762,0.7394,11,45,8,10,0.7568,0.5238,0.8491,0.55,0.7188,12,48,5,9,0.8108,0.5714,0.9057,0.6316,0.7871,11,45,8,10,0.7568,0.5238,0.8491,0.55,0.7314,15,48,8,4,0.84,0.7895,0.8571,0.7143,0.9408,13,48,8,6,0.8133,0.6842,0.8571,0.65,0.9248,9,54,2,10,0.84,0.4737,0.9643,0.6,0.8148,14,48,8,5,0.8267,0.7368,0.8571,0.6829,0.9041,11,46,10,8,0.76,0.5789,0.8214,0.55,0.8985,15,46,10,4,0.8133,0.7895,0.8214,0.6818,0.9107,10,48,8,9,0.7733,0.5263,0.8571,0.5405,0.8844
94,21,30,20,3,0.6892,0.875,0.6,0.6462,0.8358,13,40,10,11,0.7162,0.5417,0.8,0.5532,0.7892,20,41,9,4,0.8243,0.8333,0.82,0.7547,0.8483,16,38,12,8,0.7297,0.6667,0.76,0.6154,0.7983,13,38,12,11,0.6892,0.5417,0.76,0.5306,0.7625,15,38,12,9,0.7162,0.625,0.76,0.5882,0.79,13,38,12,11,0.6892,0.5417,0.76,0.5306,0.7675,14,53,6,2,0.8933,0.875,0.8983,0.7778,0.9555,10,53,6,6,0.84,0.625,0.8983,0.625,0.9544,8,58,1,8,0.88,0.5,0.9831,0.64,0.8591,12,52,7,4,0.8533,0.75,0.8814,0.6857,0.9513,12,52,7,4,0.8533,0.75,0.8814,0.6857,0.9354,12,54,5,4,0.88,0.75,0.9153,0.7273,0.9153,10,52,7,6,0.8267,0.625,0.8814,0.6061,0.9184
95,20,35,16,3,0.7432,0.8696,0.6863,0.678,0.8687,15,39,12,8,0.7297,0.6522,0.7647,0.6,0.7954,19,44,7,4,0.8514,0.8261,0.8627,0.7755,0.8542,14,39,12,9,0.7162,0.6087,0.7647,0.5714,0.7801,15,41,10,8,0.7568,0.6522,0.8039,0.625,0.7962,16,41,10,7,0.7703,0.6957,0.8039,0.6531,0.8167,15,41,10,8,0.7568,0.6522,0.8039,0.625,0.7792,16,48,6,5,0.8533,0.7619,0.8889,0.7442,0.9101,14,48,6,7,0.8267,0.6667,0.8889,0.6829,0.9109,12,51,3,9,0.84,0.5714,0.9444,0.6667,0.7963,14,48,6,7,0.8267,0.6667,0.8889,0.6829,0.8959,13,47,7,8,0.8,0.619,0.8704,0.6341,0.8871,15,47,7,6,0.8267,0.7143,0.8704,0.6977,0.8889,13,48,6,8,0.8133,0.619,0.8889,0.65,0.873
96,23,37,11,3,0.8108,0.8846,0.7708,0.7667,0.9006,17,41,7,9,0.7838,0.6538,0.8542,0.68,0.8301,19,43,5,7,0.8378,0.7308,0.8958,0.76,0.8582,17,41,7,9,0.7838,0.6538,0.8542,0.68,0.8253,16,41,7,10,0.7703,0.6154,0.8542,0.6531,0.7973,20,43,5,6,0.8514,0.7692,0.8958,0.7843,0.8862,16,42,6,10,0.7838,0.6154,0.875,0.6667,0.8205,24,39,3,9,0.84,0.7273,0.9286,0.8,0.8773,13,39,3,20,0.6933,0.3939,0.9286,0.5306,0.899,13,42,0,20,0.7333,0.3939,1.0,0.5652,0.7482,16,39,3,17,0.7333,0.4848,0.9286,0.6154,0.8716,15,39,3,18,0.72,0.4545,0.9286,0.5882,0.8377,21,39,3,12,0.8,0.6364,0.9286,0.7368,0.8737,12,39,3,21,0.68,0.3636,0.9286,0.5,0.8189
97,19,33,17,5,0.7027,0.7917,0.66,0.6333,0.8008,15,35,15,9,0.6757,0.625,0.7,0.5556,0.7692,17,38,12,7,0.7432,0.7083,0.76,0.6415,0.7558,17,34,16,7,0.6892,0.7083,0.68,0.5965,0.7617,15,36,14,9,0.6892,0.625,0.72,0.566,0.7642,18,38,12,6,0.7568,0.75,0.76,0.6667,0.7792,15,36,14,9,0.6892,0.625,0.72,0.566,0.7292,18,51,1,5,0.92,0.7826,0.9808,0.8571,0.9574,15,50,2,8,0.8667,0.6522,0.9615,0.75,0.9657,13,51,1,10,0.8533,0.5652,0.9808,0.7027,0.8236,16,50,2,7,0.88,0.6957,0.9615,0.7805,0.9574,16,49,3,7,0.8667,0.6957,0.9423,0.7619,0.9482,18,50,2,5,0.9067,0.7826,0.9615,0.8372,0.9423,15,50,2,8,0.8667,0.6522,0.9615,0.75,0.9373
98,17,42,14,1,0.7973,0.9444,0.75,0.6939,0.9335,15,48,8,3,0.8514,0.8333,0.8571,0.7317,0.8998,15,51,5,3,0.8919,0.8333,0.9107,0.7895,0.9425,13,47,9,5,0.8108,0.7222,0.8393,0.65,0.8839,13,52,4,5,0.8784,0.7222,0.9286,0.7429,0.8919,14,48,8,4,0.8378,0.7778,0.8571,0.7,0.8929,13,50,6,5,0.8514,0.7222,0.8929,0.7027,0.88,18,52,2,3,0.9333,0.8571,0.963,0.878,0.9153,7,52,2,14,0.7867,0.3333,0.963,0.4667,0.9109,8,54,0,13,0.8267,0.381,1.0,0.5517,0.7734,10,51,3,11,0.8133,0.4762,0.9444,0.5882,0.8889,9,50,4,12,0.7867,0.4286,0.9259,0.5294,0.8757,15,52,2,6,0.8933,0.7143,0.963,0.7895,0.8686,6,51,3,15,0.76,0.2857,0.9444,0.4,0.8519
99,23,36,14,1,0.7973,0.9583,0.72,0.7541,0.9375,19,41,9,5,0.8108,0.7917,0.82,0.7308,0.885,20,40,10,4,0.8108,0.8333,0.8,0.7407,0.9058,17,40,10,7,0.7703,0.7083,0.8,0.6667,0.88,18,39,11,6,0.7703,0.75,0.78,0.6792,0.8892,20,39,11,4,0.7973,0.8333,0.78,0.7273,0.8883,18,40,10,6,0.7838,0.75,0.8,0.6923,0.8633,11,56,4,4,0.8933,0.7333,0.9333,0.7333,0.9211,7,55,5,8,0.8267,0.4667,0.9167,0.5185,0.9211,6,58,2,9,0.8533,0.4,0.9667,0.5217,0.7922,9,55,5,6,0.8533,0.6,0.9167,0.6207,0.9167,8,55,5,7,0.84,0.5333,0.9167,0.5714,0.9022,10,56,4,5,0.88,0.6667,0.9333,0.6897,0.9078,6,55,5,9,0.8133,0.4,0.9167,0.4615,0.8767
100,24,34,14,2,0.7838,0.9231,0.7083,0.75,0.9103,24,39,9,2,0.8514,0.9231,0.8125,0.8136,0.8974,20,42,6,6,0.8378,0.7692,0.875,0.7692,0.8438,21,38,10,5,0.7973,0.8077,0.7917,0.7368,0.8902,23,39,9,3,0.8378,0.8846,0.8125,0.7931,0.8942,24,37,11,2,0.8243,0.9231,0.7708,0.7869,0.9143,23,39,9,3,0.8378,0.8846,0.8125,0.7931,0.8814,22,43,4,6,0.8667,0.7857,0.9149,0.8148,0.883,11,43,4,17,0.72,0.3929,0.9149,0.5116,0.9035,13,45,2,15,0.7733,0.4643,0.9574,0.6047,0.8123,15,42,5,13,0.76,0.5357,0.8936,0.625,0.8746,14,41,6,14,0.7333,0.5,0.8723,0.5833,0.8723,21,43,4,7,0.8533,0.75,0.9149,0.7925,0.8845,10,42,5,18,0.6933,0.3571,0.8936,0.4651,0.829
101,18,40,12,4,0.7838,0.8182,0.7692,0.6923,0.8383,16,41,11,6,0.7703,0.7273,0.7885,0.6531,0.8016,15,47,5,7,0.8378,0.6818,0.9038,0.7143,0.7719,14,37,15,8,0.6892,0.6364,0.7115,0.549,0.8051,15,43,9,7,0.7838,0.6818,0.8269,0.6522,0.7893,16,42,10,6,0.7838,0.7273,0.8077,0.6667,0.8269,15,40,12,7,0.7432,0.6818,0.7692,0.6122,0.7701,9,59,5,2,0.9067,0.8182,0.9219,0.72,0.9148,7,62,2,4,0.92,0.6364,0.9688,0.7,0.9389,6,63,1,5,0.92,0.5455,0.9844,0.6667,0.8835,9,59,5,2,0.9067,0.8182,0.9219,0.72,0.9205,9,58,6,2,0.8933,0.8182,0.9062,0.6923,0.919,9,61,3,2,0.9333,0.8182,0.9531,0.7826,0.9375,7,59,5,4,0.88,0.6364,0.9219,0.6087,0.8821
102,28,28,17,1,0.7568,0.9655,0.6222,0.7568,0.895,26,34,11,3,0.8108,0.8966,0.7556,0.7879,0.859,24,37,8,5,0.8243,0.8276,0.8222,0.7869,0.9234,22,35,10,7,0.7703,0.7586,0.7778,0.7213,0.8644,22,35,10,7,0.7703,0.7586,0.7778,0.7213,0.8498,27,35,10,2,0.8378,0.931,0.7778,0.8182,0.9126,22,36,9,7,0.7838,0.7586,0.8,0.7333,0.8261,21,47,2,5,0.9067,0.8077,0.9592,0.8571,0.9466,13,46,3,13,0.7867,0.5,0.9388,0.619,0.9443,13,49,0,13,0.8267,0.5,1.0,0.6667,0.8854,15,45,4,11,0.8,0.5769,0.9184,0.6667,0.927,14,44,5,12,0.7733,0.5385,0.898,0.6222,0.916,20,47,2,6,0.8933,0.7692,0.9592,0.8333,0.9309,12,45,4,14,0.76,0.4615,0.9184,0.5714,0.8925
103,26,39,8,1,0.8784,0.963,0.8298,0.8525,0.9275,19,42,5,8,0.8243,0.7037,0.8936,0.7451,0.8605,21,43,4,6,0.8649,0.7778,0.9149,0.8077,0.9275,18,41,6,9,0.7973,0.6667,0.8723,0.7059,0.8605,16,42,5,11,0.7838,0.5926,0.8936,0.6667,0.8487,20,42,5,7,0.8378,0.7407,0.8936,0.7692,0.922,16,41,6,11,0.7703,0.5926,0.8723,0.6531,0.8526,18,45,9,3,0.84,0.8571,0.8333,0.75,0.8589,10,43,11,11,0.7067,0.4762,0.7963,0.4762,0.8457,11,52,2,10,0.84,0.5238,0.963,0.6471,0.7593,13,43,11,8,0.7467,0.619,0.7963,0.5778,0.8404,13,42,12,8,0.7333,0.619,0.7778,0.5652,0.8113,16,44,10,5,0.8,0.7619,0.8148,0.6809,0.8325,10,43,11,11,0.7067,0.4762,0.7963,0.4762,0.7628
104,25,26,17,6,0.6892,0.8065,0.6047,0.6849,0.7524,20,29,14,11,0.6622,0.6452,0.6744,0.6154,0.6669,19,36,7,12,0.7432,0.6129,0.8372,0.6667,0.7779,17,29,14,14,0.6216,0.5484,0.6744,0.5484,0.6662,18,31,12,13,0.6622,0.5806,0.7209,0.5902,0.6669,20,33,10,11,0.7162,0.6452,0.7674,0.6557,0.7629,18,30,13,13,0.6486,0.5806,0.6977,0.5806,0.6459,17,43,12,3,0.8,0.85,0.7818,0.6939,0.8436,9,42,13,11,0.68,0.45,0.7636,0.4286,0.8055,7,48,7,13,0.7333,0.35,0.8727,0.4118,0.7118,11,42,13,9,0.7067,0.55,0.7636,0.5,0.8073,9,41,14,11,0.6667,0.45,0.7455,0.4186,0.7873,14,42,13,6,0.7467,0.7,0.7636,0.5957,0.7809,7,42,13,13,0.6533,0.35,0.7636,0.35,0.7791
105,20,35,18,1,0.7432,0.9524,0.6604,0.678,0.9317,18,46,7,3,0.8649,0.8571,0.8679,0.7826,0.9102,17,46,7,4,0.8514,0.8095,0.8679,0.7556,0.8841,16,46,7,5,0.8378,0.7619,0.8679,0.7273,0.9084,16,42,11,5,0.7838,0.7619,0.7925,0.6667,0.8958,17,45,8,4,0.8378,0.8095,0.8491,0.7391,0.9299,16,46,7,5,0.8378,0.7619,0.8679,0.7273,0.8931,17,49,6,3,0.88,0.85,0.8909,0.7907,0.9018,13,48,7,7,0.8133,0.65,0.8727,0.65,0.8882,13,51,4,7,0.8533,0.65,0.9273,0.7027,0.8418,14,48,7,6,0.8267,0.7,0.8727,0.6829,0.8873,14,48,7,6,0.8267,0.7,0.8727,0.6829,0.8682,17,49,6,3,0.88,0.85,0.8909,0.7907,0.8918,13,48,7,7,0.8133,0.65,0.8727,0.65,0.8136
106,24,35,11,4,0.7973,0.8571,0.7609,0.7619,0.8657,18,37,9,10,0.7432,0.6429,0.8043,0.6545,0.837,21,39,7,7,0.8108,0.75,0.8478,0.75,0.8346,19,36,10,9,0.7432,0.6786,0.7826,0.6667,0.8214,17,36,10,11,0.7162,0.6071,0.7826,0.6182,0.8199,20,40,6,8,0.8108,0.7143,0.8696,0.7407,0.8486,17,37,9,11,0.7297,0.6071,0.8043,0.6296,0.8207,12,51,8,4,0.84,0.75,0.8644,0.6667,0.8538,9,52,7,7,0.8133,0.5625,0.8814,0.5625,0.8581,5,55,4,11,0.8,0.3125,0.9322,0.4,0.768,10,51,8,6,0.8133,0.625,0.8644,0.5882,0.8369,9,50,9,7,0.7867,0.5625,0.8475,0.5294,0.8369,12,51,8,4,0.84,0.75,0.8644,0.6667,0.8411,8,51,8,8,0.7867,0.5,0.8644,0.5,0.7913
107,20,34,17,3,0.7297,0.8696,0.6667,0.6667,0.7954,14,38,13,9,0.7027,0.6087,0.7451,0.56,0.7442,18,43,8,5,0.8243,0.7826,0.8431,0.7347,0.8048,15,38,13,8,0.7162,0.6522,0.7451,0.5882,0.7553,14,35,16,9,0.6622,0.6087,0.6863,0.5283,0.7221,15,42,9,8,0.7703,0.6522,0.8235,0.6383,0.7954,14,39,12,9,0.7162,0.6087,0.7647,0.5714,0.7417,21,48,1,5,0.92,0.8077,0.9796,0.875,0.9474,17,47,2,9,0.8533,0.6538,0.9592,0.7556,0.956,13,48,1,13,0.8133,0.5,0.9796,0.65,0.8619,19,47,2,7,0.88,0.7308,0.9592,0.8085,0.9364,17,45,4,9,0.8267,0.6538,0.9184,0.7234,0.9286,20,46,3,6,0.88,0.7692,0.9388,0.8163,0.9301,15,47,2,11,0.8267,0.5769,0.9592,0.6977,0.9168
108,27,36,10,1,0.8514,0.9643,0.7826,0.8308,0.9115,18,39,7,10,0.7703,0.6429,0.8478,0.6792,0.8517,22,43,3,6,0.8784,0.7857,0.9348,0.8302,0.9045,20,39,7,8,0.7973,0.7143,0.8478,0.7273,0.8657,17,41,5,11,0.7838,0.6071,0.8913,0.68,0.8315,23,37,9,5,0.8108,0.8214,0.8043,0.7667,0.896,17,40,6,11,0.7703,0.6071,0.8696,0.6667,0.8548,18,51,6,0,0.92,1.0,0.8947,0.8571,0.963,13,50,7,5,0.84,0.7222,0.8772,0.6842,0.9483,12,55,2,6,0.8933,0.6667,0.9649,0.75,0.9386,14,50,7,4,0.8533,0.7778,0.8772,0.7179,0.9493,13,49,8,5,0.8267,0.7222,0.8596,0.6667,0.9288,17,50,7,1,0.8933,0.9444,0.8772,0.8095,0.9435,12,50,7,6,0.8267,0.6667,0.8772,0.6486,0.9123
109,19,34,16,5,0.7162,0.7917,0.68,0.6441,0.8433,16,41,9,8,0.7703,0.6667,0.82,0.6531,0.845,19,43,7,5,0.8378,0.7917,0.86,0.76,0.85,17,40,10,7,0.7703,0.7083,0.8,0.6667,0.8375,16,42,8,8,0.7838,0.6667,0.84,0.6667,0.8283,19,38,12,5,0.7703,0.7917,0.76,0.6909,0.8658,16,40,10,8,0.7568,0.6667,0.8,0.64,0.7983,17,47,8,3,0.8533,0.85,0.8545,0.7556,0.9055,13,47,8,7,0.8,0.65,0.8545,0.6341,0.91,9,52,3,11,0.8133,0.45,0.9455,0.5625,0.8582,15,46,9,5,0.8133,0.75,0.8364,0.6818,0.9055,13,46,9,7,0.7867,0.65,0.8364,0.619,0.8991,16,48,7,4,0.8533,0.8,0.8727,0.7442,0.9064,11,46,9,9,0.76,0.55,0.8364,0.55,0.8918
110,30,31,12,1,0.8243,0.9677,0.7209,0.8219,0.9077,29,30,13,2,0.7973,0.9355,0.6977,0.7945,0.8642,27,40,3,4,0.9054,0.871,0.9302,0.8852,0.937,27,29,14,4,0.7568,0.871,0.6744,0.75,0.8852,27,33,10,4,0.8108,0.871,0.7674,0.7941,0.91,28,39,4,3,0.9054,0.9032,0.907,0.8889,0.946,27,32,11,4,0.7973,0.871,0.7442,0.7826,0.8395,17,50,6,2,0.8933,0.8947,0.8929,0.8095,0.8966,8,51,5,11,0.7867,0.4211,0.9107,0.5,0.9182,10,54,2,9,0.8533,0.5263,0.9643,0.6452,0.8957,14,49,7,5,0.84,0.7368,0.875,0.7,0.89,14,48,8,5,0.8267,0.7368,0.8571,0.6829,0.891,17,51,5,2,0.9067,0.8947,0.9107,0.8293,0.9229,8,49,7,11,0.76,0.4211,0.875,0.4706,0.8543
111,24,29,16,5,0.7162,0.8276,0.6444,0.6957,0.846,22,34,11,7,0.7568,0.7586,0.7556,0.7097,0.8023,23,37,8,6,0.8108,0.7931,0.8222,0.7667,0.8506,21,33,12,8,0.7297,0.7241,0.7333,0.6774,0.8107,22,35,10,7,0.7703,0.7586,0.7778,0.7213,0.8153,21,36,9,8,0.7703,0.7241,0.8,0.7119,0.8215,22,35,10,7,0.7703,0.7586,0.7778,0.7213,0.7916,14,54,7,0,0.9067,1.0,0.8852,0.8,0.9555,9,56,5,5,0.8667,0.6429,0.918,0.6429,0.966,10,58,3,4,0.9067,0.7143,0.9508,0.7407,0.9567,10,54,7,4,0.8533,0.7143,0.8852,0.6452,0.9543,10,53,8,4,0.84,0.7143,0.8689,0.625,0.9532,14,55,6,0,0.92,1.0,0.9016,0.8235,0.9567,9,54,7,5,0.84,0.6429,0.8852,0.6,0.9215
112,25,25,19,5,0.6757,0.8333,0.5682,0.6757,0.7576,21,30,14,9,0.6892,0.7,0.6818,0.6462,0.7121,21,35,9,9,0.7568,0.7,0.7955,0.7,0.803,18,27,17,12,0.6081,0.6,0.6136,0.5538,0.6992,19,32,12,11,0.6892,0.6333,0.7273,0.623,0.7152,22,29,15,8,0.6892,0.7333,0.6591,0.6567,0.7591,19,29,15,11,0.6486,0.6333,0.6591,0.5938,0.6788,21,42,7,5,0.84,0.8077,0.8571,0.7778,0.8611,14,41,8,12,0.7333,0.5385,0.8367,0.5833,0.8414,15,45,4,11,0.8,0.5769,0.9184,0.6667,0.7724,18,41,8,8,0.7867,0.6923,0.8367,0.6923,0.8344,17,39,10,9,0.7467,0.6538,0.7959,0.6415,0.821,20,40,9,6,0.8,0.7692,0.8163,0.7273,0.832,13,41,8,13,0.72,0.5,0.8367,0.5532,0.781
113,26,32,14,2,0.7838,0.9286,0.6957,0.7647,0.8719,23,36,10,5,0.7973,0.8214,0.7826,0.7541,0.8494,22,42,4,6,0.8649,0.7857,0.913,0.8148,0.8548,19,35,11,9,0.7297,0.6786,0.7609,0.6552,0.8307,22,36,10,6,0.7838,0.7857,0.7826,0.7333,0.8408,24,40,6,4,0.8649,0.8571,0.8696,0.8276,0.8967,22,36,10,6,0.7838,0.7857,0.7826,0.7333,0.8323,21,44,3,7,0.8667,0.75,0.9362,0.8077,0.8678,14,42,5,14,0.7467,0.5,0.8936,0.5957,0.8845,13,47,0,15,0.8,0.4643,1.0,0.6341,0.7515,16,41,6,12,0.76,0.5714,0.8723,0.64,0.8571,15,40,7,13,0.7333,0.5357,0.8511,0.6,0.8184,19,44,3,9,0.84,0.6786,0.9362,0.76,0.8526,13,41,6,15,0.72,0.4643,0.8723,0.5532,0.7903
114,23,26,20,5,0.6622,0.8214,0.5652,0.6479,0.7888,17,35,11,11,0.7027,0.6071,0.7609,0.6071,0.7189,16,39,7,12,0.7432,0.5714,0.8478,0.6275,0.7562,14,38,8,14,0.7027,0.5,0.8261,0.56,0.7073,14,35,11,14,0.6622,0.5,0.7609,0.5283,0.6995,17,35,11,11,0.7027,0.6071,0.7609,0.6071,0.7484,14,38,8,14,0.7027,0.5,0.8261,0.56,0.7182,18,45,7,5,0.84,0.7826,0.8654,0.75,0.8478,16,46,6,7,0.8267,0.6957,0.8846,0.7111,0.862,13,47,5,10,0.8,0.5652,0.9038,0.6341,0.7575,16,45,7,7,0.8133,0.6957,0.8654,0.6957,0.8428,14,44,8,9,0.7733,0.6087,0.8462,0.6222,0.8127,18,45,7,5,0.84,0.7826,0.8654,0.75,0.8336,14,45,7,9,0.7867,0.6087,0.8654,0.6364,0.7759
115,27,30,11,6,0.7703,0.8182,0.7317,0.7606,0.85,25,33,8,8,0.7838,0.7576,0.8049,0.7576,0.8197,24,39,2,9,0.8514,0.7273,0.9512,0.8136,0.7931,25,34,7,8,0.7973,0.7576,0.8293,0.7692,0.833,25,33,8,8,0.7838,0.7576,0.8049,0.7576,0.8123,23,36,5,10,0.7973,0.697,0.878,0.7541,0.8256,25,34,7,8,0.7973,0.7576,0.8293,0.7692,0.7827,13,48,10,4,0.8133,0.7647,0.8276,0.65,0.8489,9,50,8,8,0.7867,0.5294,0.8621,0.5294,0.8611,6,52,6,11,0.7733,0.3529,0.8966,0.4138,0.6684,10,48,10,7,0.7733,0.5882,0.8276,0.5405,0.8337,9,47,11,8,0.7467,0.5294,0.8103,0.4865,0.8347,12,49,9,5,0.8133,0.7059,0.8448,0.6316,0.7931,8,48,10,9,0.7467,0.4706,0.8276,0.4571,0.8114
116,20,38,13,3,0.7838,0.8696,0.7451,0.7143,0.8798,17,41,10,6,0.7838,0.7391,0.8039,0.68,0.8363,19,45,6,4,0.8649,0.8261,0.8824,0.7917,0.873,17,40,11,6,0.7703,0.7391,0.7843,0.6667,0.8474,17,42,9,6,0.7973,0.7391,0.8235,0.6939,0.8329,18,40,11,5,0.7838,0.7826,0.7843,0.6923,0.8585,17,41,10,6,0.7838,0.7391,0.8039,0.68,0.798,16,49,5,5,0.8667,0.7619,0.9074,0.7619,0.8007,11,48,6,10,0.7867,0.5238,0.8889,0.5789,0.7972,12,50,4,9,0.8267,0.5714,0.9259,0.6486,0.6958,12,48,6,9,0.8,0.5714,0.8889,0.6154,0.784,12,45,9,9,0.76,0.5714,0.8333,0.5714,0.7566,15,46,8,6,0.8133,0.7143,0.8519,0.6818,0.7743,11,48,6,10,0.7867,0.5238,0.8889,0.5789,0.694
117,26,31,13,4,0.7703,0.8667,0.7045,0.7536,0.9045,24,37,7,6,0.8243,0.8,0.8409,0.7869,0.8727,24,40,4,6,0.8649,0.8,0.9091,0.8276,0.8705,22,35,9,8,0.7703,0.7333,0.7955,0.7213,0.8515,24,36,8,6,0.8108,0.8,0.8182,0.7742,0.8833,24,38,6,6,0.8378,0.8,0.8636,0.8,0.8811,24,37,7,6,0.8243,0.8,0.8409,0.7869,0.875,12,55,5,3,0.8933,0.8,0.9167,0.75,0.8544,7,57,3,8,0.8533,0.4667,0.95,0.56,0.8867,7,57,3,8,0.8533,0.4667,0.95,0.56,0.7922,8,55,5,7,0.84,0.5333,0.9167,0.5714,0.8589,7,55,5,8,0.8267,0.4667,0.9167,0.5185,0.83,11,57,3,4,0.9067,0.7333,0.95,0.7586,0.8533,6,55,5,9,0.8133,0.4,0.9167,0.4615,0.7922
118,31,29,14,0,0.8108,1.0,0.6744,0.8158,0.9205,24,32,11,7,0.7568,0.7742,0.7442,0.7273,0.8282,27,39,4,4,0.8919,0.871,0.907,0.871,0.943,19,32,11,12,0.6892,0.6129,0.7442,0.623,0.8395,22,32,11,9,0.7297,0.7097,0.7442,0.6875,0.8485,24,37,6,7,0.8243,0.7742,0.8605,0.7869,0.913,22,33,10,9,0.7432,0.7097,0.7674,0.6984,0.8155,18,47,8,2,0.8667,0.9,0.8545,0.7826,0.9209,14,48,7,6,0.8267,0.7,0.8727,0.6829,0.9309,13,53,2,7,0.88,0.65,0.9636,0.7429,0.8373,15,47,8,5,0.8267,0.75,0.8545,0.6977,0.9227,14,47,8,6,0.8133,0.7,0.8545,0.6667,0.9064,16,48,7,4,0.8533,0.8,0.8727,0.7442,0.8927,13,47,8,7,0.8,0.65,0.8545,0.6341,0.8882
119,21,34,15,4,0.7432,0.84,0.6939,0.6885,0.8482,20,39,10,5,0.7973,0.8,0.7959,0.7273,0.831,18,41,8,7,0.7973,0.72,0.8367,0.7059,0.8073,18,39,10,7,0.7703,0.72,0.7959,0.6792,0.8286,19,39,10,6,0.7838,0.76,0.7959,0.7037,0.822,19,40,9,6,0.7973,0.76,0.8163,0.717,0.8531,19,39,10,6,0.7838,0.76,0.7959,0.7037,0.8261,14,57,3,1,0.9467,0.9333,0.95,0.875,0.9756,11,58,2,4,0.92,0.7333,0.9667,0.7857,0.9744,10,58,2,5,0.9067,0.6667,0.9667,0.7407,0.8822,13,57,3,2,0.9333,0.8667,0.95,0.8387,0.9733,13,56,4,2,0.92,0.8667,0.9333,0.8125,0.9711,13,57,3,2,0.9333,0.8667,0.95,0.8387,0.9444,11,57,3,4,0.9067,0.7333,0.95,0.7586,0.9589
120,25,37,7,5,0.8378,0.8333,0.8409,0.8065,0.8561,21,36,8,9,0.7703,0.7,0.8182,0.7119,0.8,22,40,4,8,0.8378,0.7333,0.9091,0.7857,0.7773,19,36,8,11,0.7432,0.6333,0.8182,0.6667,0.8121,21,38,6,9,0.7973,0.7,0.8636,0.7368,0.8129,20,41,3,10,0.8243,0.6667,0.9318,0.7547,0.8129,21,38,6,9,0.7973,0.7,0.8636,0.7368,0.7924,15,52,5,3,0.8933,0.8333,0.9123,0.7895,0.9542,11,53,4,7,0.8533,0.6111,0.9298,0.6667,0.9552,10,56,1,8,0.88,0.5556,0.9825,0.6897,0.8265,13,51,6,5,0.8533,0.7222,0.8947,0.7027,0.9308,12,50,7,6,0.8267,0.6667,0.8772,0.6486,0.9337,14,53,4,4,0.8933,0.7778,0.9298,0.7778,0.9347,10,51,6,8,0.8133,0.5556,0.8947,0.5882,0.9084
121,25,35,13,1,0.8108,0.9615,0.7292,0.7812,0.9119,19,37,11,7,0.7568,0.7308,0.7708,0.6786,0.8598,22,44,4,4,0.8919,0.8462,0.9167,0.8462,0.9287,21,38,10,5,0.7973,0.8077,0.7917,0.7368,0.8726,18,37,11,8,0.7432,0.6923,0.7708,0.6545,0.867,23,41,7,3,0.8649,0.8846,0.8542,0.8214,0.9095,18,39,9,8,0.7703,0.6923,0.8125,0.6792,0.8438,12,58,4,1,0.9333,0.9231,0.9355,0.8276,0.9777,10,56,6,3,0.88,0.7692,0.9032,0.6897,0.9653,9,61,1,4,0.9333,0.6923,0.9839,0.7826,0.8747,10,55,7,3,0.8667,0.7692,0.8871,0.6667,0.9615,9,55,7,4,0.8533,0.6923,0.8871,0.6207,0.9529,11,59,3,2,0.9333,0.8462,0.9516,0.8148,0.9566,9,55,7,4,0.8533,0.6923,0.8871,0.6207,0.9417
122,28,30,14,2,0.7838,0.9333,0.6818,0.7778,0.8614,21,36,8,9,0.7703,0.7,0.8182,0.7119,0.8008,24,37,7,6,0.8243,0.8,0.8409,0.7869,0.8583,22,34,10,8,0.7568,0.7333,0.7727,0.7097,0.8136,19,36,8,11,0.7432,0.6333,0.8182,0.6667,0.7765,23,34,10,7,0.7703,0.7667,0.7727,0.7302,0.825,19,34,10,11,0.7162,0.6333,0.7727,0.6441,0.7856,16,49,6,4,0.8667,0.8,0.8909,0.7619,0.9445,12,49,6,8,0.8133,0.6,0.8909,0.6316,0.94,11,52,3,9,0.84,0.55,0.9455,0.6471,0.7936,14,49,6,6,0.84,0.7,0.8909,0.7,0.9327,14,48,7,6,0.8267,0.7,0.8727,0.6829,0.9273,15,48,7,5,0.84,0.75,0.8727,0.7143,0.9136,12,49,6,8,0.8133,0.6,0.8909,0.6316,0.9091
123,23,28,22,1,0.6892,0.9583,0.56,0.6667,0.9058,19,37,13,5,0.7568,0.7917,0.74,0.6786,0.8267,20,40,10,4,0.8108,0.8333,0.8,0.7407,0.8508,17,34,16,7,0.6892,0.7083,0.68,0.5965,0.8158,18,35,15,6,0.7162,0.75,0.7,0.6316,0.8242,19,38,12,5,0.7703,0.7917,0.76,0.6909,0.8617,18,35,15,6,0.7162,0.75,0.7,0.6316,0.8267,21,47,5,2,0.9067,0.913,0.9038,0.8571,0.9398,16,47,5,7,0.84,0.6957,0.9038,0.7273,0.9381,15,49,3,8,0.8533,0.6522,0.9423,0.7317,0.913,18,46,6,5,0.8533,0.7826,0.8846,0.766,0.9323,17,46,6,6,0.84,0.7391,0.8846,0.7391,0.9323,21,48,4,2,0.92,0.913,0.9231,0.875,0.9381,15,46,6,8,0.8133,0.6522,0.8846,0.6818,0.9189
124,21,31,21,1,0.7027,0.9545,0.5962,0.6562,0.8689,18,43,9,4,0.8243,0.8182,0.8269,0.7347,0.8785,17,43,9,5,0.8108,0.7727,0.8269,0.7083,0.8278,17,38,14,5,0.7432,0.7727,0.7308,0.6415,0.8698,17,38,14,5,0.7432,0.7727,0.7308,0.6415,0.8759,20,41,11,2,0.8243,0.9091,0.7885,0.7547,0.8776,17,38,14,5,0.7432,0.7727,0.7308,0.6415,0.8523,19,49,6,1,0.9067,0.95,0.8909,0.8444,0.9227,13,51,4,7,0.8533,0.65,0.9273,0.7027,0.9336,13,53,2,7,0.88,0.65,0.9636,0.7429,0.8855,15,49,6,5,0.8533,0.75,0.8909,0.7317,0.9245,15,47,8,5,0.8267,0.75,0.8545,0.6977,0.91,18,49,6,2,0.8933,0.9,0.8909,0.8182,0.9118,13,49,6,7,0.8267,0.65,0.8909,0.6667,0.8836
125,24,37,12,1,0.8243,0.96,0.7551,0.7869,0.9396,19,43,6,6,0.8378,0.76,0.8776,0.76,0.8808,20,45,4,5,0.8784,0.8,0.9184,0.8163,0.911,18,40,9,7,0.7838,0.72,0.8163,0.6923,0.8776,17,42,7,8,0.7973,0.68,0.8571,0.6939,0.8792,21,43,6,4,0.8649,0.84,0.8776,0.8077,0.9012,17,41,8,8,0.7838,0.68,0.8367,0.68,0.8833,28,46,1,0,0.9867,1.0,0.9787,0.9825,0.9924,20,47,0,8,0.8933,0.7143,1.0,0.8333,0.9878,16,47,0,12,0.84,0.5714,1.0,0.7273,0.9453,22,46,1,6,0.9067,0.7857,0.9787,0.8627,0.9833,20,44,3,8,0.8533,0.7143,0.9362,0.7843,0.9772,26,45,2,2,0.9467,0.9286,0.9574,0.9286,0.9681,18,46,1,10,0.8533,0.6429,0.9787,0.766,0.965
126,22,32,18,2,0.7297,0.9167,0.64,0.6875,0.8283,17,36,14,7,0.7162,0.7083,0.72,0.6182,0.7642,18,40,10,6,0.7838,0.75,0.8,0.6923,0.835,16,35,15,8,0.6892,0.6667,0.7,0.5818,0.7717,16,36,14,8,0.7027,0.6667,0.72,0.5926,0.7767,19,37,13,5,0.7568,0.7917,0.74,0.6786,0.8233,16,37,13,8,0.7162,0.6667,0.74,0.6038,0.7708,15,51,5,4,0.88,0.7895,0.9107,0.7692,0.9267,12,51,5,7,0.84,0.6316,0.9107,0.6667,0.9314,11,54,2,8,0.8667,0.5789,0.9643,0.6875,0.8365,13,51,5,6,0.8533,0.6842,0.9107,0.7027,0.9239,11,51,5,8,0.8267,0.5789,0.9107,0.6286,0.9211,15,51,5,4,0.88,0.7895,0.9107,0.7692,0.9154,10,51,5,9,0.8133,0.5263,0.9107,0.5882,0.8985
127,34,32,6,2,0.8919,0.9444,0.8421,0.8947,0.9086,26,31,7,10,0.7703,0.7222,0.8158,0.7536,0.867,30,35,3,6,0.8784,0.8333,0.9211,0.8696,0.9225,26,32,6,10,0.7838,0.7222,0.8421,0.7647,0.8713,25,33,5,11,0.7838,0.6944,0.8684,0.7576,0.8721,31,34,4,5,0.8784,0.8611,0.8947,0.8732,0.9203,25,33,5,11,0.7838,0.6944,0.8684,0.7576,0.8582,19,51,4,1,0.9333,0.95,0.9273,0.8837,0.9627,9,50,5,11,0.7867,0.45,0.9091,0.5294,0.9345,10,54,1,10,0.8533,0.5,0.9818,0.6452,0.8618,14,50,5,6,0.8533,0.7,0.9091,0.7179,0.9373,13,50,5,7,0.84,0.65,0.9091,0.6842,0.9309,17,51,4,3,0.9067,0.85,0.9273,0.8293,0.9209,8,50,5,12,0.7733,0.4,0.9091,0.4848,0.9273
128,34,27,12,1,0.8243,0.9714,0.6923,0.8395,0.915,30,29,10,5,0.7973,0.8571,0.7436,0.8,0.841,32,31,8,3,0.8514,0.9143,0.7949,0.8533,0.9143,28,31,8,7,0.7973,0.8,0.7949,0.7887,0.8374,30,31,8,5,0.8243,0.8571,0.7949,0.8219,0.8505,30,31,8,5,0.8243,0.8571,0.7949,0.8219,0.9084,30,32,7,5,0.8378,0.8571,0.8205,0.8333,0.8293,18,49,4,4,0.8933,0.8182,0.9245,0.8182,0.9245,14,49,4,8,0.84,0.6364,0.9245,0.7,0.9271,11,50,3,11,0.8133,0.5,0.9434,0.6111,0.8302,17,49,4,5,0.88,0.7727,0.9245,0.7907,0.9117,17,47,6,5,0.8533,0.7727,0.8868,0.7556,0.8997,17,47,6,5,0.8533,0.7727,0.8868,0.7556,0.9005,14,49,4,8,0.84,0.6364,0.9245,0.7,0.8842
129,26,30,14,4,0.7568,0.8667,0.6818,0.7429,0.847,21,35,9,9,0.7568,0.7,0.7955,0.7,0.8023,20,36,8,10,0.7568,0.6667,0.8182,0.6897,0.7508,19,33,11,11,0.7027,0.6333,0.75,0.6333,0.7818,19,32,12,11,0.6892,0.6333,0.7273,0.623,0.7848,22,37,7,8,0.7973,0.7333,0.8409,0.7458,0.8076,19,33,11,11,0.7027,0.6333,0.75,0.6333,0.7902,16,49,3,7,0.8667,0.6957,0.9423,0.7619,0.8696,11,51,1,12,0.8267,0.4783,0.9808,0.6286,0.903,11,52,0,12,0.84,0.4783,1.0,0.6471,0.709,12,49,3,11,0.8133,0.5217,0.9423,0.6316,0.8704,12,49,3,11,0.8133,0.5217,0.9423,0.6316,0.8403,14,51,1,9,0.8667,0.6087,0.9808,0.7368,0.8478,11,49,3,12,0.8,0.4783,0.9423,0.5946,0.8043
130,19,36,15,4,0.7432,0.8261,0.7059,0.6667,0.8159,14,42,9,9,0.7568,0.6087,0.8235,0.6087,0.792,11,44,7,12,0.7432,0.4783,0.8627,0.5366,0.7366,11,41,10,12,0.7027,0.4783,0.8039,0.5,0.7749,12,41,10,11,0.7162,0.5217,0.8039,0.5333,0.7724,18,41,10,5,0.7973,0.7826,0.8039,0.7059,0.8048,12,41,10,11,0.7162,0.5217,0.8039,0.5333,0.7664,14,56,4,1,0.9333,0.9333,0.9333,0.8485,0.9367,9,56,4,6,0.8667,0.6,0.9333,0.6429,0.9333,8,59,1,7,0.8933,0.5333,0.9833,0.6667,0.8256,11,55,5,4,0.88,0.7333,0.9167,0.7097,0.9256,11,53,7,4,0.8533,0.7333,0.8833,0.6667,0.9022,12,55,5,3,0.8933,0.8,0.9167,0.75,0.9056,9,55,5,6,0.8533,0.6,0.9167,0.6207,0.8856
131,28,31,11,4,0.7973,0.875,0.7381,0.7887,0.869,23,36,6,9,0.7973,0.7188,0.8571,0.7541,0.8281,25,40,2,7,0.8784,0.7812,0.9524,0.8475,0.907,18,36,6,14,0.7297,0.5625,0.8571,0.6429,0.8088,21,37,5,11,0.7838,0.6562,0.881,0.7241,0.8043,23,37,5,9,0.8108,0.7188,0.881,0.7667,0.8653,21,36,6,11,0.7703,0.6562,0.8571,0.7119,0.7932,20,46,6,3,0.88,0.8696,0.8846,0.8163,0.9089,17,47,5,6,0.8533,0.7391,0.9038,0.7556,0.9247,14,48,4,9,0.8267,0.6087,0.9231,0.6829,0.8654,18,46,6,5,0.8533,0.7826,0.8846,0.766,0.9097,17,45,7,6,0.8267,0.7391,0.8654,0.7234,0.8988,20,46,6,3,0.88,0.8696,0.8846,0.8163,0.9164,16,46,6,7,0.8267,0.6957,0.8846,0.7111,0.8754
132,18,34,20,2,0.7027,0.9,0.6296,0.6207,0.8944,15,47,7,5,0.8378,0.75,0.8704,0.7143,0.8593,18,48,6,2,0.8919,0.9,0.8889,0.8182,0.8981,14,45,9,6,0.7973,0.7,0.8333,0.6512,0.8324,15,45,9,5,0.8108,0.75,0.8333,0.6818,0.8491,15,46,8,5,0.8243,0.75,0.8519,0.6977,0.8444,15,45,9,5,0.8108,0.75,0.8333,0.6818,0.8463,18,46,5,6,0.8533,0.75,0.902,0.766,0.8693,12,45,6,12,0.76,0.5,0.8824,0.5714,0.8799,13,48,3,11,0.8133,0.5417,0.9412,0.65,0.7263,14,44,7,10,0.7733,0.5833,0.8627,0.6222,0.8578,14,44,7,10,0.7733,0.5833,0.8627,0.6222,0.8489,17,47,4,7,0.8533,0.7083,0.9216,0.7556,0.8644,12,44,7,12,0.7467,0.5,0.8627,0.5581,0.8154
133,24,31,17,2,0.7432,0.9231,0.6458,0.7164,0.9247,23,41,7,3,0.8649,0.8846,0.8542,0.8214,0.9143,20,45,3,6,0.8784,0.7692,0.9375,0.8163,0.8782,22,39,9,4,0.8243,0.8462,0.8125,0.7719,0.9071,22,41,7,4,0.8514,0.8462,0.8542,0.8,0.9087,22,41,7,4,0.8514,0.8462,0.8542,0.8,0.9087,22,39,9,4,0.8243,0.8462,0.8125,0.7719,0.8782,14,56,3,2,0.9333,0.875,0.9492,0.8485,0.9375,10,55,4,6,0.8667,0.625,0.9322,0.6667,0.9375,8,57,2,8,0.8667,0.5,0.9661,0.6154,0.8633,11,55,4,5,0.88,0.6875,0.9322,0.7097,0.929,10,55,4,6,0.8667,0.625,0.9322,0.6667,0.9131,14,56,3,2,0.9333,0.875,0.9492,0.8485,0.9269,9,55,4,7,0.8533,0.5625,0.9322,0.6207,0.8951
134,26,35,12,1,0.8243,0.963,0.7447,0.8,0.8826,23,38,9,4,0.8243,0.8519,0.8085,0.7797,0.8873,23,45,2,4,0.9189,0.8519,0.9574,0.8846,0.9094,18,37,10,9,0.7432,0.6667,0.7872,0.6545,0.8716,21,39,8,6,0.8108,0.7778,0.8298,0.75,0.9188,23,42,5,4,0.8784,0.8519,0.8936,0.8364,0.9086,21,38,9,6,0.7973,0.7778,0.8085,0.7368,0.8692,18,44,6,7,0.8267,0.72,0.88,0.7347,0.8808,14,44,6,11,0.7733,0.56,0.88,0.6222,0.9056,11,50,0,14,0.8133,0.44,1.0,0.6111,0.7944,15,43,7,10,0.7733,0.6,0.86,0.6383,0.8784,15,43,7,10,0.7733,0.6,0.86,0.6383,0.8776,17,45,5,8,0.8267,0.68,0.9,0.7234,0.876,14,43,7,11,0.76,0.56,0.86,0.6087,0.8336
135,24,26,22,2,0.6757,0.9231,0.5417,0.6667,0.8686,19,28,20,7,0.6351,0.7308,0.5833,0.5846,0.758,22,42,6,4,0.8649,0.8462,0.875,0.8148,0.883,18,30,18,8,0.6486,0.6923,0.625,0.5806,0.7756,19,30,18,7,0.6622,0.7308,0.625,0.6032,0.7772,18,39,9,8,0.7703,0.6923,0.8125,0.6792,0.8405,19,32,16,7,0.6892,0.7308,0.6667,0.623,0.7388,21,49,2,3,0.9333,0.875,0.9608,0.8936,0.9518,17,48,3,7,0.8667,0.7083,0.9412,0.7727,0.9567,15,51,0,9,0.88,0.625,1.0,0.7692,0.9077,18,47,4,6,0.8667,0.75,0.9216,0.7826,0.9453,17,47,4,7,0.8533,0.7083,0.9216,0.7556,0.9493,21,50,1,3,0.9467,0.875,0.9804,0.913,0.9575,16,47,4,8,0.84,0.6667,0.9216,0.7273,0.9191
136,17,36,18,3,0.7162,0.85,0.6667,0.6182,0.8361,14,44,10,6,0.7838,0.7,0.8148,0.6364,0.8083,15,45,9,5,0.8108,0.75,0.8333,0.6818,0.812,15,41,13,5,0.7568,0.75,0.7593,0.625,0.8056,13,43,11,7,0.7568,0.65,0.7963,0.5909,0.8231,17,41,13,3,0.7838,0.85,0.7593,0.68,0.8111,13,42,12,7,0.7432,0.65,0.7778,0.5778,0.8056,19,49,4,3,0.9067,0.8636,0.9245,0.8444,0.9537,13,50,3,9,0.84,0.5909,0.9434,0.6842,0.9597,10,52,1,12,0.8267,0.4545,0.9811,0.6061,0.8087,13,48,5,9,0.8133,0.5909,0.9057,0.65,0.9571,12,48,5,10,0.8,0.5455,0.9057,0.6154,0.9425,15,51,2,7,0.88,0.6818,0.9623,0.7692,0.8928,12,48,5,10,0.8,0.5455,0.9057,0.6154,0.9322
137,24,29,17,4,0.7162,0.8571,0.6304,0.6957,0.8307,20,36,10,8,0.7568,0.7143,0.7826,0.6897,0.823,19,38,8,9,0.7703,0.6786,0.8261,0.6909,0.816,17,32,14,11,0.6622,0.6071,0.6957,0.5763,0.8005,18,37,9,10,0.7432,0.6429,0.8043,0.6545,0.8137,23,32,14,5,0.7432,0.8214,0.6957,0.7077,0.7849,18,33,13,10,0.6892,0.6429,0.7174,0.6102,0.8059,14,49,10,2,0.84,0.875,0.8305,0.7,0.8941,11,50,9,5,0.8133,0.6875,0.8475,0.6111,0.8909,10,55,4,6,0.8667,0.625,0.9322,0.6667,0.8019,12,48,11,4,0.8,0.75,0.8136,0.6154,0.8814,12,48,11,4,0.8,0.75,0.8136,0.6154,0.8612,13,51,8,3,0.8533,0.8125,0.8644,0.7027,0.8686,11,48,11,5,0.7867,0.6875,0.8136,0.5789,0.84
138,15,42,13,4,0.7703,0.7895,0.7636,0.6383,0.8344,14,49,6,5,0.8514,0.7368,0.8909,0.7179,0.8718,13,53,2,6,0.8919,0.6842,0.9636,0.7647,0.8402,11,47,8,8,0.7838,0.5789,0.8545,0.5789,0.8383,12,50,5,7,0.8378,0.6316,0.9091,0.6667,0.8392,15,45,10,4,0.8108,0.7895,0.8182,0.6818,0.8191,12,48,7,7,0.8108,0.6316,0.8727,0.6316,0.8153,22,45,6,2,0.8933,0.9167,0.8824,0.8462,0.9273,17,46,5,7,0.84,0.7083,0.902,0.7391,0.9281,16,50,1,8,0.88,0.6667,0.9804,0.7805,0.8987,21,45,6,3,0.88,0.875,0.8824,0.8235,0.915,19,43,8,5,0.8267,0.7917,0.8431,0.7451,0.9052,22,44,7,2,0.88,0.9167,0.8627,0.8302,0.9281,15,45,6,9,0.8,0.625,0.8824,0.6667,0.875
139,21,35,15,3,0.7568,0.875,0.7,0.7,0.8733,17,40,10,7,0.7703,0.7083,0.8,0.6667,0.8233,17,43,7,7,0.8108,0.7083,0.86,0.7083,0.82,17,39,11,7,0.7568,0.7083,0.78,0.6538,0.8125,16,41,9,8,0.7703,0.6667,0.82,0.6531,0.7942,19,43,7,5,0.8378,0.7917,0.86,0.76,0.8475,16,39,11,8,0.7432,0.6667,0.78,0.6275,0.815,17,47,7,4,0.8533,0.8095,0.8704,0.7556,0.8748,8,49,5,13,0.76,0.381,0.9074,0.4706,0.8977,7,51,3,14,0.7733,0.3333,0.9444,0.4516,0.784,11,47,7,10,0.7733,0.5238,0.8704,0.5641,0.866,11,47,7,10,0.7733,0.5238,0.8704,0.5641,0.8554,17,49,5,4,0.88,0.8095,0.9074,0.7907,0.8713,8,47,7,13,0.7333,0.381,0.8704,0.4444,0.8104
140,20,45,6,3,0.8784,0.8696,0.8824,0.8163,0.8849,20,47,4,3,0.9054,0.8696,0.9216,0.8511,0.8704,18,48,3,5,0.8919,0.7826,0.9412,0.8182,0.809,19,46,5,4,0.8784,0.8261,0.902,0.8085,0.8772,20,48,3,3,0.9189,0.8696,0.9412,0.8696,0.8679,20,47,4,3,0.9054,0.8696,0.9216,0.8511,0.8798,20,47,4,3,0.9054,0.8696,0.9216,0.8511,0.8474,20,47,3,5,0.8933,0.8,0.94,0.8333,0.9184,19,48,2,6,0.8933,0.76,0.96,0.8261,0.9544,17,49,1,8,0.88,0.68,0.98,0.7907,0.884,19,47,3,6,0.88,0.76,0.94,0.8085,0.9272,18,46,4,7,0.8533,0.72,0.92,0.766,0.9176,20,47,3,5,0.8933,0.8,0.94,0.8333,0.9352,18,47,3,7,0.8667,0.72,0.94,0.7826,0.876
141,27,31,11,5,0.7838,0.8438,0.7381,0.7714,0.8155,23,36,6,9,0.7973,0.7188,0.8571,0.7541,0.7939,26,38,4,6,0.8649,0.8125,0.9048,0.8387,0.8393,22,34,8,10,0.7568,0.6875,0.8095,0.7097,0.7879,23,34,8,9,0.7703,0.7188,0.8095,0.7302,0.785,23,36,6,9,0.7973,0.7188,0.8571,0.7541,0.8103,23,35,7,9,0.7838,0.7188,0.8333,0.7419,0.7842,13,52,3,7,0.8667,0.65,0.9455,0.7222,0.9091,9,51,4,11,0.8,0.45,0.9273,0.5455,0.9082,7,54,1,13,0.8133,0.35,0.9818,0.5,0.7136,11,51,4,9,0.8267,0.55,0.9273,0.6286,0.8918,11,51,4,9,0.8267,0.55,0.9273,0.6286,0.89,13,52,3,7,0.8667,0.65,0.9455,0.7222,0.8936,9,51,4,11,0.8,0.45,0.9273,0.5455,0.8482
142,18,36,15,5,0.7297,0.7826,0.7059,0.6429,0.7545,15,38,13,8,0.7162,0.6522,0.7451,0.5882,0.7579,16,44,7,7,0.8108,0.6957,0.8627,0.6957,0.798,14,39,12,9,0.7162,0.6087,0.7647,0.5714,0.7621,13,42,9,10,0.7432,0.5652,0.8235,0.5778,0.7442,15,43,8,8,0.7838,0.6522,0.8431,0.6522,0.7596,13,41,10,10,0.7297,0.5652,0.8039,0.5652,0.7272,21,48,2,4,0.92,0.84,0.96,0.875,0.9512,16,46,4,9,0.8267,0.64,0.92,0.7111,0.944,13,50,0,12,0.84,0.52,1.0,0.6842,0.852,18,45,5,7,0.84,0.72,0.9,0.75,0.9296,16,44,6,9,0.8,0.64,0.88,0.6809,0.9216,20,48,2,5,0.9067,0.8,0.96,0.8511,0.924,14,45,5,11,0.7867,0.56,0.9,0.6364,0.9024
143,27,30,16,1,0.7703,0.9643,0.6522,0.7606,0.8975,20,33,13,8,0.7162,0.7143,0.7174,0.6557,0.7787,25,38,8,3,0.8514,0.8929,0.8261,0.8197,0.9262,19,34,12,9,0.7162,0.6786,0.7391,0.6441,0.7803,20,38,8,8,0.7838,0.7143,0.8261,0.7143,0.7888,19,37,9,9,0.7568,0.6786,0.8043,0.6786,0.8595,20,37,9,8,0.7703,0.7143,0.8043,0.7018,0.7911,19,48,3,5,0.8933,0.7917,0.9412,0.8261,0.8881,12,49,2,12,0.8133,0.5,0.9608,0.6316,0.9265,11,51,0,13,0.8267,0.4583,1.0,0.6286,0.8587,14,47,4,10,0.8133,0.5833,0.9216,0.6667,0.8922,14,47,4,10,0.8133,0.5833,0.9216,0.6667,0.8824,19,50,1,5,0.92,0.7917,0.9804,0.8636,0.9101,12,47,4,12,0.7867,0.5,0.9216,0.6,0.8235
144,24,35,15,0,0.7973,1.0,0.7,0.7619,0.9192,20,38,12,4,0.7838,0.8333,0.76,0.7143,0.8708,21,46,4,3,0.9054,0.875,0.92,0.8571,0.9425,18,40,10,6,0.7838,0.75,0.8,0.6923,0.8842,19,39,11,5,0.7838,0.7917,0.78,0.7037,0.875,20,44,6,4,0.8649,0.8333,0.88,0.8,0.9392,19,40,10,5,0.7973,0.7917,0.8,0.717,0.8358,10,49,8,8,0.7867,0.5556,0.8596,0.5556,0.7661,7,50,7,11,0.76,0.3889,0.8772,0.4375,0.8226,6,53,4,12,0.7867,0.3333,0.9298,0.4286,0.6072,8,49,8,10,0.76,0.4444,0.8596,0.4706,0.7836,7,49,8,11,0.7467,0.3889,0.8596,0.4242,0.7368,9,50,7,9,0.7867,0.5,0.8772,0.5294,0.7788,6,49,8,12,0.7333,0.3333,0.8596,0.375,0.6998
145,17,38,17,2,0.7432,0.8947,0.6909,0.6415,0.8785,12,43,12,7,0.7432,0.6316,0.7818,0.5581,0.8038,16,47,8,3,0.8514,0.8421,0.8545,0.7442,0.8268,12,42,13,7,0.7297,0.6316,0.7636,0.5455,0.7952,12,45,10,7,0.7703,0.6316,0.8182,0.5854,0.7904,12,44,11,7,0.7568,0.6316,0.8,0.5714,0.7914,12,44,11,7,0.7568,0.6316,0.8,0.5714,0.8105,14,55,5,1,0.92,0.9333,0.9167,0.8235,0.9667,11,57,3,4,0.9067,0.7333,0.95,0.7586,0.9689,11,59,1,4,0.9333,0.7333,0.9833,0.8148,0.8644,12,55,5,3,0.8933,0.8,0.9167,0.75,0.9611,11,55,5,4,0.88,0.7333,0.9167,0.7097,0.9489,12,57,3,3,0.92,0.8,0.95,0.8,0.9244,10,55,5,5,0.8667,0.6667,0.9167,0.6667,0.9467
146,22,41,10,1,0.8514,0.9565,0.8039,0.8,0.9096,16,46,5,7,0.8378,0.6957,0.902,0.7273,0.8517,19,48,3,4,0.9054,0.8261,0.9412,0.8444,0.8781,16,46,5,7,0.8378,0.6957,0.902,0.7273,0.8457,16,46,5,7,0.8378,0.6957,0.902,0.7273,0.8244,18,46,5,5,0.8649,0.7826,0.902,0.7826,0.9113,16,46,5,7,0.8378,0.6957,0.902,0.7273,0.8474,20,48,5,2,0.9067,0.9091,0.9057,0.8511,0.9237,17,50,3,5,0.8933,0.7727,0.9434,0.8095,0.9331,16,52,1,6,0.9067,0.7273,0.9811,0.8205,0.8568,18,47,6,4,0.8667,0.8182,0.8868,0.7826,0.9142,17,46,7,5,0.84,0.7727,0.8679,0.7391,0.9039,19,50,3,3,0.92,0.8636,0.9434,0.8636,0.9202,16,47,6,6,0.84,0.7273,0.8868,0.7273,0.8816
147,29,32,11,2,0.8243,0.9355,0.7442,0.8169,0.9212,26,35,8,5,0.8243,0.8387,0.814,0.8,0.8327,25,39,4,6,0.8649,0.8065,0.907,0.8333,0.913,24,35,8,7,0.7973,0.7742,0.814,0.7619,0.8507,23,34,9,8,0.7703,0.7419,0.7907,0.7302,0.8402,26,39,4,5,0.8784,0.8387,0.907,0.8525,0.9145,23,36,7,8,0.7973,0.7419,0.8372,0.7541,0.8155,16,49,4,6,0.8667,0.7273,0.9245,0.7619,0.8859,10,51,2,12,0.8133,0.4545,0.9623,0.5882,0.9082,6,53,0,16,0.7867,0.2727,1.0,0.4286,0.7633,10,48,5,12,0.7733,0.4545,0.9057,0.5405,0.8722,9,48,5,13,0.76,0.4091,0.9057,0.5,0.8525,14,52,1,8,0.88,0.6364,0.9811,0.7568,0.8877,9,48,5,13,0.76,0.4091,0.9057,0.5,0.8096
148,22,40,11,1,0.8378,0.9565,0.7843,0.7857,0.9514,22,42,9,1,0.8649,0.9565,0.8235,0.8148,0.9182,19,48,3,4,0.9054,0.8261,0.9412,0.8444,0.9216,19,42,9,4,0.8243,0.8261,0.8235,0.7451,0.9182,20,44,7,3,0.8649,0.8696,0.8627,0.8,0.9105,22,43,8,1,0.8784,0.9565,0.8431,0.8302,0.9574,20,43,8,3,0.8514,0.8696,0.8431,0.7843,0.8934,18,46,8,3,0.8533,0.8571,0.8519,0.766,0.8871,12,45,9,9,0.76,0.5714,0.8333,0.5714,0.8801,11,51,3,10,0.8267,0.5238,0.9444,0.6286,0.8157,15,45,9,6,0.8,0.7143,0.8333,0.6667,0.8695,13,44,10,8,0.76,0.619,0.8148,0.5909,0.8633,16,45,9,5,0.8133,0.7619,0.8333,0.6957,0.8668,10,45,9,11,0.7333,0.4762,0.8333,0.5,0.8157
149,24,30,18,2,0.7297,0.9231,0.625,0.7059,0.8862,21,37,11,5,0.7838,0.8077,0.7708,0.7241,0.8365,23,41,7,3,0.8649,0.8846,0.8542,0.8214,0.8814,20,35,13,6,0.7432,0.7692,0.7292,0.678,0.8518,20,39,9,6,0.7973,0.7692,0.8125,0.7273,0.8397,18,35,13,8,0.7162,0.6923,0.7292,0.6316,0.8077,20,36,12,6,0.7568,0.7692,0.75,0.6897,0.8061,19,49,5,2,0.9067,0.9048,0.9074,0.8444,0.903,16,51,3,5,0.8933,0.7619,0.9444,0.8,0.9109,13,52,2,8,0.8667,0.619,0.963,0.7222,0.8413,18,49,5,3,0.8933,0.8571,0.9074,0.8182,0.8977,16,48,6,5,0.8533,0.7619,0.8889,0.7442,0.8871,18,50,4,3,0.9067,0.8571,0.9259,0.8372,0.8889,14,49,5,7,0.84,0.6667,0.9074,0.7,0.8563
150,20,31,17,6,0.6892,0.7692,0.6458,0.6349,0.8037,17,37,11,9,0.7297,0.6538,0.7708,0.6296,0.774,18,39,9,8,0.7703,0.6923,0.8125,0.6792,0.8197,17,36,12,9,0.7162,0.6538,0.75,0.6182,0.7829,16,37,11,10,0.7162,0.6154,0.7708,0.6038,0.7636,17,38,10,9,0.7432,0.6538,0.7917,0.6415,0.8069,16,36,12,10,0.7027,0.6154,0.75,0.5926,0.7011,18,46,5,6,0.8533,0.75,0.902,0.766,0.8693,11,46,5,13,0.76,0.4583,0.902,0.55,0.8758,9,49,2,15,0.7733,0.375,0.9608,0.5143,0.7639,12,46,5,12,0.7733,0.5,0.902,0.5854,0.8611,11,45,6,13,0.7467,0.4583,0.8824,0.5366,0.8505,15,45,6,9,0.8,0.625,0.8824,0.6667,0.8227,10,46,5,14,0.7467,0.4167,0.902,0.5128,0.7966
151,18,36,17,3,0.7297,0.8571,0.6792,0.6429,0.8311,11,45,8,10,0.7568,0.5238,0.8491,0.55,0.7664,16,47,6,5,0.8514,0.7619,0.8868,0.7442,0.8176,14,42,11,7,0.7568,0.6667,0.7925,0.6087,0.7871,11,45,8,10,0.7568,0.5238,0.8491,0.55,0.7862,16,45,8,5,0.8243,0.7619,0.8491,0.7111,0.7835,11,44,9,10,0.7432,0.5238,0.8302,0.5366,0.7457,13,52,7,3,0.8667,0.8125,0.8814,0.7222,0.8337,6,53,6,10,0.7867,0.375,0.8983,0.4286,0.8559,4,57,2,12,0.8133,0.25,0.9661,0.3636,0.7097,7,50,9,9,0.76,0.4375,0.8475,0.4375,0.8136,5,49,10,11,0.72,0.3125,0.8305,0.3226,0.7744,10,54,5,6,0.8533,0.625,0.9153,0.6452,0.7945,4,50,9,12,0.72,0.25,0.8475,0.2759,0.7489
152,16,32,22,4,0.6486,0.8,0.5926,0.5517,0.7565,13,41,13,7,0.7297,0.65,0.7593,0.5652,0.7102,13,47,7,7,0.8108,0.65,0.8704,0.65,0.7704,11,42,12,9,0.7162,0.55,0.7778,0.5116,0.7019,11,43,11,9,0.7297,0.55,0.7963,0.5238,0.7167,15,42,12,5,0.7703,0.75,0.7778,0.6383,0.7463,11,43,11,9,0.7297,0.55,0.7963,0.5238,0.6528,20,49,4,2,0.92,0.9091,0.9245,0.8696,0.9571,15,49,4,7,0.8533,0.6818,0.9245,0.7317,0.9614,12,52,1,10,0.8533,0.5455,0.9811,0.6857,0.964,17,47,6,5,0.8533,0.7727,0.8868,0.7556,0.9383,16,46,7,6,0.8267,0.7273,0.8679,0.7111,0.9443,20,50,3,2,0.9333,0.9091,0.9434,0.8889,0.9683,14,47,6,8,0.8133,0.6364,0.8868,0.6667,0.9202
153,26,29,14,5,0.7432,0.8387,0.6744,0.7324,0.8485,22,34,9,9,0.7568,0.7097,0.7907,0.7097,0.8125,22,37,6,9,0.7973,0.7097,0.8605,0.7458,0.835,21,31,12,10,0.7027,0.6774,0.7209,0.6562,0.8147,20,33,10,11,0.7162,0.6452,0.7674,0.6557,0.8147,25,34,9,6,0.7973,0.8065,0.7907,0.7692,0.823,20,31,12,11,0.6892,0.6452,0.7209,0.6349,0.7584,13,51,11,0,0.8533,1.0,0.8226,0.7027,0.9132,8,52,10,5,0.8,0.6154,0.8387,0.5161,0.9082,8,57,5,5,0.8667,0.6154,0.9194,0.6154,0.8958,9,51,11,4,0.8,0.6923,0.8226,0.5455,0.9057,8,51,11,5,0.7867,0.6154,0.8226,0.5,0.9032,12,52,10,1,0.8533,0.9231,0.8387,0.6857,0.9057,7,51,11,6,0.7733,0.5385,0.8226,0.4516,0.8859
154,28,33,10,3,0.8243,0.9032,0.7674,0.8116,0.907,25,39,4,6,0.8649,0.8065,0.907,0.8333,0.8935,23,39,4,8,0.8378,0.7419,0.907,0.7931,0.9122,23,38,5,8,0.8243,0.7419,0.8837,0.7797,0.8882,23,37,6,8,0.8108,0.7419,0.8605,0.7667,0.886,23,39,4,8,0.8378,0.7419,0.907,0.7931,0.913,23,38,5,8,0.8243,0.7419,0.8837,0.7797,0.889,20,45,3,7,0.8667,0.7407,0.9375,0.8,0.8719,16,44,4,11,0.8,0.5926,0.9167,0.6809,0.8981,16,48,0,11,0.8533,0.5926,1.0,0.7442,0.8171,18,43,5,9,0.8133,0.6667,0.8958,0.72,0.8735,18,41,7,9,0.7867,0.6667,0.8542,0.6923,0.8387,19,44,4,8,0.84,0.7037,0.9167,0.76,0.8735,16,43,5,11,0.7867,0.5926,0.8958,0.6667,0.8086
155,20,41,9,4,0.8243,0.8333,0.82,0.7547,0.8858,16,40,10,8,0.7568,0.6667,0.8,0.64,0.8483,17,45,5,7,0.8378,0.7083,0.9,0.7391,0.815,16,42,8,8,0.7838,0.6667,0.84,0.6667,0.8475,15,43,7,9,0.7838,0.625,0.86,0.6522,0.8408,18,44,6,6,0.8378,0.75,0.88,0.75,0.9067,15,43,7,9,0.7838,0.625,0.86,0.6522,0.8275,9,58,5,3,0.8933,0.75,0.9206,0.6923,0.9643,7,59,4,5,0.88,0.5833,0.9365,0.6087,0.9683,5,63,0,7,0.9067,0.4167,1.0,0.5882,0.7804,7,58,5,5,0.8667,0.5833,0.9206,0.5833,0.9524,6,58,5,6,0.8533,0.5,0.9206,0.5217,0.9603,9,59,4,3,0.9067,0.75,0.9365,0.72,0.9325,6,58,5,6,0.8533,0.5,0.9206,0.5217,0.9259
156,22,37,13,2,0.7973,0.9167,0.74,0.7458,0.9033,16,42,8,8,0.7838,0.6667,0.84,0.6667,0.8575,16,47,3,8,0.8514,0.6667,0.94,0.7442,0.8467,16,42,8,8,0.7838,0.6667,0.84,0.6667,0.8592,15,43,7,9,0.7838,0.625,0.86,0.6522,0.87,21,44,6,3,0.8784,0.875,0.88,0.8235,0.9083,15,44,6,9,0.7973,0.625,0.88,0.6667,0.8442,17,54,2,2,0.9467,0.8947,0.9643,0.8947,0.9784,9,55,1,10,0.8533,0.4737,0.9821,0.6207,0.9859,8,56,0,11,0.8533,0.4211,1.0,0.5926,0.9492,13,54,2,6,0.8933,0.6842,0.9643,0.7647,0.9624,12,52,4,7,0.8533,0.6316,0.9286,0.6857,0.9699,17,53,3,2,0.9333,0.8947,0.9464,0.8718,0.9821,8,54,2,11,0.8267,0.4211,0.9643,0.5517,0.9511
157,21,37,13,3,0.7838,0.875,0.74,0.7241,0.8883,19,44,6,5,0.8514,0.7917,0.88,0.7755,0.8442,20,43,7,4,0.8514,0.8333,0.86,0.7843,0.8217,19,42,8,5,0.8243,0.7917,0.84,0.7451,0.855,19,43,7,5,0.8378,0.7917,0.86,0.76,0.8375,18,38,12,6,0.7568,0.75,0.76,0.6667,0.8242,19,42,8,5,0.8243,0.7917,0.84,0.7451,0.8608,17,48,7,3,0.8667,0.85,0.8727,0.7727,0.8782,11,47,8,9,0.7733,0.55,0.8545,0.5641,0.8827,10,51,4,10,0.8133,0.5,0.9273,0.5882,0.8427,14,47,8,6,0.8133,0.7,0.8545,0.6667,0.8682,13,45,10,7,0.7733,0.65,0.8182,0.6047,0.8582,17,46,9,3,0.84,0.85,0.8364,0.7391,0.8791,10,47,8,10,0.76,0.5,0.8545,0.5263,0.82
158,25,36,12,1,0.8243,0.9615,0.75,0.7937,0.9319,23,38,10,3,0.8243,0.8846,0.7917,0.7797,0.9111,24,44,4,2,0.9189,0.9231,0.9167,0.8889,0.9535,21,39,9,5,0.8108,0.8077,0.8125,0.75,0.9062,23,42,6,3,0.8784,0.8846,0.875,0.8364,0.9311,25,44,4,1,0.9324,0.9615,0.9167,0.9091,0.9495,23,42,6,3,0.8784,0.8846,0.875,0.8364,0.899,18,50,3,4,0.9067,0.8182,0.9434,0.8372,0.9434,14,49,4,8,0.84,0.6364,0.9245,0.7,0.9503,15,53,0,7,0.9067,0.6818,1.0,0.8108,0.9065,17,49,4,5,0.88,0.7727,0.9245,0.7907,0.94,17,48,5,5,0.8667,0.7727,0.9057,0.7727,0.9357,18,49,4,4,0.8933,0.8182,0.9245,0.8182,0.9443,14,49,4,8,0.84,0.6364,0.9245,0.7,0.9074
159,26,34,10,4,0.8108,0.8667,0.7727,0.7879,0.8311,20,38,6,10,0.7838,0.6667,0.8636,0.7143,0.8364,20,40,4,10,0.8108,0.6667,0.9091,0.7407,0.7386,19,36,8,11,0.7432,0.6333,0.8182,0.6667,0.8182,19,36,8,11,0.7432,0.6333,0.8182,0.6667,0.8167,24,40,4,6,0.8649,0.8,0.9091,0.8276,0.8439,19,36,8,11,0.7432,0.6333,0.8182,0.6667,0.8379,14,47,10,4,0.8133,0.7778,0.8246,0.6667,0.8713,10,49,8,8,0.7867,0.5556,0.8596,0.5556,0.8918,11,54,3,7,0.8667,0.6111,0.9474,0.6875,0.8138,12,47,10,6,0.7867,0.6667,0.8246,0.6,0.8616,12,45,12,6,0.76,0.6667,0.7895,0.5714,0.8538,13,47,10,5,0.8,0.7222,0.8246,0.6341,0.8704,10,47,10,8,0.76,0.5556,0.8246,0.5263,0.8226
160,26,31,13,4,0.7703,0.8667,0.7045,0.7536,0.825,21,33,11,9,0.7297,0.7,0.75,0.6774,0.7773,24,39,5,6,0.8514,0.8,0.8864,0.8136,0.8523,20,34,10,10,0.7297,0.6667,0.7727,0.6667,0.7848,20,38,6,10,0.7838,0.6667,0.8636,0.7143,0.7886,21,37,7,9,0.7838,0.7,0.8409,0.7241,0.8144,20,37,7,10,0.7703,0.6667,0.8409,0.7018,0.7614,20,47,4,4,0.8933,0.8333,0.9216,0.8333,0.9003,11,48,3,13,0.7867,0.4583,0.9412,0.5789,0.9232,12,49,2,12,0.8133,0.5,0.9608,0.6316,0.8685,15,47,4,9,0.8267,0.625,0.9216,0.6977,0.8962,15,46,5,9,0.8133,0.625,0.902,0.6818,0.8922,20,47,4,4,0.8933,0.8333,0.9216,0.8333,0.9085,11,47,4,13,0.7733,0.4583,0.9216,0.5641,0.8554
161,18,37,17,2,0.7432,0.9,0.6852,0.6545,0.8704,12,47,7,8,0.7973,0.6,0.8704,0.6154,0.8324,15,47,7,5,0.8378,0.75,0.8704,0.7143,0.8722,13,44,10,7,0.7703,0.65,0.8148,0.6047,0.8176,11,47,7,9,0.7838,0.55,0.8704,0.5789,0.8167,14,42,12,6,0.7568,0.7,0.7778,0.6087,0.8269,11,45,9,9,0.7568,0.55,0.8333,0.55,0.8093,13,55,4,3,0.9067,0.8125,0.9322,0.7879,0.893,11,57,2,5,0.9067,0.6875,0.9661,0.7586,0.9163,12,58,1,4,0.9333,0.75,0.9831,0.8276,0.8528,12,54,5,4,0.88,0.75,0.9153,0.7273,0.9004,12,51,8,4,0.84,0.75,0.8644,0.6667,0.8814,13,55,4,3,0.9067,0.8125,0.9322,0.7879,0.9015,11,54,5,5,0.8667,0.6875,0.9153,0.6875,0.8358
162,24,37,10,3,0.8243,0.8889,0.7872,0.7869,0.8999,20,40,7,7,0.8108,0.7407,0.8511,0.7407,0.8613,23,42,5,4,0.8784,0.8519,0.8936,0.8364,0.8597,22,38,9,5,0.8108,0.8148,0.8085,0.7586,0.8747,20,40,7,7,0.8108,0.7407,0.8511,0.7407,0.855,20,41,6,7,0.8243,0.7407,0.8723,0.7547,0.8708,20,39,8,7,0.7973,0.7407,0.8298,0.7273,0.8511,15,48,8,4,0.84,0.7895,0.8571,0.7143,0.9013,13,49,7,6,0.8267,0.6842,0.875,0.6667,0.9182,12,52,4,7,0.8533,0.6316,0.9286,0.6857,0.7923,13,48,8,6,0.8133,0.6842,0.8571,0.65,0.9023,13,48,8,6,0.8133,0.6842,0.8571,0.65,0.891,14,49,7,5,0.84,0.7368,0.875,0.7,0.8835,13,48,8,6,0.8133,0.6842,0.8571,0.65,0.8468
163,14,38,22,0,0.7027,1.0,0.6333,0.56,0.9548,11,48,12,3,0.7973,0.7857,0.8,0.5946,0.8738,12,51,9,2,0.8514,0.8571,0.85,0.6857,0.9214,12,45,15,2,0.7703,0.8571,0.75,0.5854,0.9036,11,49,11,3,0.8108,0.7857,0.8167,0.6111,0.8988,13,47,13,1,0.8108,0.9286,0.7833,0.65,0.9143,11,47,13,3,0.7838,0.7857,0.7833,0.5789,0.8571,16,54,1,4,0.9333,0.8,0.9818,0.8649,0.9791,13,52,3,7,0.8667,0.65,0.9455,0.7222,0.9718,10,55,0,10,0.8667,0.5,1.0,0.6667,0.8355,13,52,3,7,0.8667,0.65,0.9455,0.7222,0.9545,12,50,5,8,0.8267,0.6,0.9091,0.6486,0.9564,15,52,3,5,0.8933,0.75,0.9455,0.7895,0.9536,12,52,3,8,0.8533,0.6,0.9455,0.6857,0.9373
164,21,42,9,2,0.8514,0.913,0.8235,0.7925,0.9309,19,43,8,4,0.8378,0.8261,0.8431,0.76,0.8789,16,47,4,7,0.8514,0.6957,0.9216,0.7442,0.8764,17,44,7,6,0.8243,0.7391,0.8627,0.7234,0.8764,17,45,6,6,0.8378,0.7391,0.8824,0.7391,0.8951,20,48,3,3,0.9189,0.8696,0.9412,0.8696,0.9156,17,45,6,6,0.8378,0.7391,0.8824,0.7391,0.8627,19,51,3,2,0.9333,0.9048,0.9444,0.8837,0.9762,13,51,3,8,0.8533,0.619,0.9444,0.7027,0.97,14,53,1,7,0.8933,0.6667,0.9815,0.7778,0.9215,16,51,3,5,0.8933,0.7619,0.9444,0.8,0.9674,16,50,4,5,0.88,0.7619,0.9259,0.7805,0.9594,18,50,4,3,0.9067,0.8571,0.9259,0.8372,0.9568,13,51,3,8,0.8533,0.619,0.9444,0.7027,0.948
165,29,31,11,3,0.8108,0.9062,0.7381,0.8056,0.8981,27,32,10,5,0.7973,0.8438,0.7619,0.7826,0.881,27,38,4,5,0.8784,0.8438,0.9048,0.8571,0.8802,26,32,10,6,0.7838,0.8125,0.7619,0.7647,0.8802,27,33,9,5,0.8108,0.8438,0.7857,0.7941,0.8802,26,40,2,6,0.8919,0.8125,0.9524,0.8667,0.9092,27,34,8,5,0.8243,0.8438,0.8095,0.806,0.8616,15,50,3,7,0.8667,0.6818,0.9434,0.75,0.8919,11,51,2,11,0.8267,0.5,0.9623,0.6286,0.9142,12,51,2,10,0.84,0.5455,0.9623,0.6667,0.7496,12,50,3,10,0.8267,0.5455,0.9434,0.6486,0.9022,12,50,3,10,0.8267,0.5455,0.9434,0.6486,0.8816,13,51,2,9,0.8533,0.5909,0.9623,0.7027,0.8765,11,50,3,11,0.8133,0.5,0.9434,0.6111,0.837
166,19,34,16,5,0.7162,0.7917,0.68,0.6441,0.8083,17,40,10,7,0.7703,0.7083,0.8,0.6667,0.7858,17,43,7,7,0.8108,0.7083,0.86,0.7083,0.8017,15,39,11,9,0.7297,0.625,0.78,0.6,0.7842,16,41,9,8,0.7703,0.6667,0.82,0.6531,0.7542,17,37,13,7,0.7297,0.7083,0.74,0.6296,0.8183,16,39,11,8,0.7432,0.6667,0.78,0.6275,0.745,18,42,11,4,0.8,0.8182,0.7925,0.7059,0.8431,12,44,9,10,0.7467,0.5455,0.8302,0.5581,0.8508,14,48,5,8,0.8267,0.6364,0.9057,0.6829,0.7882,16,41,12,6,0.76,0.7273,0.7736,0.64,0.8276,16,40,13,6,0.7467,0.7273,0.7547,0.6275,0.8225,18,44,9,4,0.8267,0.8182,0.8302,0.7347,0.8465,12,41,12,10,0.7067,0.5455,0.7736,0.5217,0.7436
167,23,33,15,3,0.7568,0.8846,0.6875,0.7188,0.8221,18,37,11,8,0.7432,0.6923,0.7708,0.6545,0.7572,17,41,7,9,0.7838,0.6538,0.8542,0.68,0.8253,13,37,11,13,0.6757,0.5,0.7708,0.52,0.7452,15,38,10,11,0.7162,0.5769,0.7917,0.5882,0.7524,19,39,9,7,0.7838,0.7308,0.8125,0.7037,0.7989,15,38,10,11,0.7162,0.5769,0.7917,0.5882,0.7428,17,48,6,4,0.8667,0.8095,0.8889,0.7727,0.8439,11,48,6,10,0.7867,0.5238,0.8889,0.5789,0.8527,12,51,3,9,0.84,0.5714,0.9444,0.6667,0.754,13,47,7,8,0.8,0.619,0.8704,0.6341,0.8342,13,47,7,8,0.8,0.619,0.8704,0.6341,0.7989,15,49,5,6,0.8533,0.7143,0.9074,0.7317,0.8192,11,47,7,10,0.7733,0.5238,0.8704,0.5641,0.761
168,28,35,9,2,0.8514,0.9333,0.7955,0.8358,0.9038,22,38,6,8,0.8108,0.7333,0.8636,0.7586,0.8606,20,40,4,10,0.8108,0.6667,0.9091,0.7407,0.825,20,38,6,10,0.7838,0.6667,0.8636,0.7143,0.8591,20,39,5,10,0.7973,0.6667,0.8864,0.7273,0.8561,23,38,6,7,0.8243,0.7667,0.8636,0.7797,0.8833,20,39,5,10,0.7973,0.6667,0.8864,0.7273,0.8447,16,49,9,1,0.8667,0.9412,0.8448,0.7619,0.8905,6,49,9,11,0.7333,0.3529,0.8448,0.375,0.8763,6,54,4,11,0.8,0.3529,0.931,0.4444,0.8306,9,48,10,8,0.76,0.5294,0.8276,0.5,0.857,8,47,11,9,0.7333,0.4706,0.8103,0.4444,0.8509,14,49,9,3,0.84,0.8235,0.8448,0.7,0.8499,5,48,10,12,0.7067,0.2941,0.8276,0.3125,0.8256
169,25,33,13,3,0.7838,0.8929,0.7174,0.7576,0.8548,20,38,8,8,0.7838,0.7143,0.8261,0.7143,0.8261,23,41,5,5,0.8649,0.8214,0.8913,0.8214,0.8665,19,37,9,9,0.7568,0.6786,0.8043,0.6786,0.8346,19,37,9,9,0.7568,0.6786,0.8043,0.6786,0.809,20,38,8,8,0.7838,0.7143,0.8261,0.7143,0.8385,19,37,9,9,0.7568,0.6786,0.8043,0.6786,0.8292,19,50,4,2,0.92,0.9048,0.9259,0.8636,0.9524,9,50,4,12,0.7867,0.4286,0.9259,0.5294,0.948,8,53,1,13,0.8133,0.381,0.9815,0.5333,0.8854,12,50,4,9,0.8267,0.5714,0.9259,0.6486,0.9541,11,50,4,10,0.8133,0.5238,0.9259,0.6111,0.9444,16,50,4,5,0.88,0.7619,0.9259,0.7805,0.9312,8,50,4,13,0.7733,0.381,0.9259,0.4848,0.9101
170,14,37,16,7,0.6892,0.6667,0.6981,0.549,0.7412,12,42,11,9,0.7297,0.5714,0.7925,0.5455,0.7385,10,45,8,11,0.7432,0.4762,0.8491,0.5128,0.5714,11,41,12,10,0.7027,0.5238,0.7736,0.5,0.7188,12,40,13,9,0.7027,0.5714,0.7547,0.5217,0.7251,13,46,7,8,0.7973,0.619,0.8679,0.6341,0.6972,12,41,12,9,0.7162,0.5714,0.7736,0.5333,0.726,16,49,6,4,0.8667,0.8,0.8909,0.7619,0.8555,10,51,4,10,0.8133,0.5,0.9273,0.5882,0.88,10,55,0,10,0.8667,0.5,1.0,0.6667,0.81,13,48,7,7,0.8133,0.65,0.8727,0.65,0.8455,13,45,10,7,0.7733,0.65,0.8182,0.6047,0.8173,15,49,6,5,0.8533,0.75,0.8909,0.7317,0.8682,10,48,7,10,0.7733,0.5,0.8727,0.5405,0.7691
171,23,36,14,1,0.7973,0.9583,0.72,0.7541,0.8858,19,41,9,5,0.8108,0.7917,0.82,0.7308,0.8383,20,44,6,4,0.8649,0.8333,0.88,0.8,0.9108,16,36,14,8,0.7027,0.6667,0.72,0.5926,0.8292,17,41,9,7,0.7838,0.7083,0.82,0.68,0.8325,21,40,10,3,0.8243,0.875,0.8,0.7636,0.8817,17,37,13,7,0.7297,0.7083,0.74,0.6296,0.8075,19,55,1,0,0.9867,1.0,0.9821,0.9744,0.9906,14,54,2,5,0.9067,0.7368,0.9643,0.8,0.984,13,55,1,6,0.9067,0.6842,0.9821,0.7879,0.9568,16,54,2,3,0.9333,0.8421,0.9643,0.8649,0.9887,15,54,2,4,0.92,0.7895,0.9643,0.8333,0.985,18,55,1,1,0.9733,0.9474,0.9821,0.9474,0.9727,13,54,2,6,0.8933,0.6842,0.9643,0.7647,0.9756
172,23,28,17,6,0.6892,0.7931,0.6222,0.6667,0.7793,15,31,14,14,0.6216,0.5172,0.6889,0.5172,0.7126,20,36,9,9,0.7568,0.6897,0.8,0.6897,0.7739,16,30,15,13,0.6216,0.5517,0.6667,0.5333,0.6835,15,29,16,14,0.5946,0.5172,0.6444,0.5,0.6889,19,35,10,10,0.7297,0.6552,0.7778,0.6552,0.7502,15,30,15,14,0.6081,0.5172,0.6667,0.5085,0.6636,19,50,4,2,0.92,0.9048,0.9259,0.8636,0.9568,11,49,5,10,0.8,0.5238,0.9074,0.5946,0.9409,9,53,1,12,0.8267,0.4286,0.9815,0.5806,0.881,13,48,6,8,0.8133,0.619,0.8889,0.65,0.9259,11,48,6,10,0.7867,0.5238,0.8889,0.5789,0.9277,17,51,3,4,0.9067,0.8095,0.9444,0.8293,0.9268,9,48,6,12,0.76,0.4286,0.8889,0.5,0.9048
173,19,38,14,3,0.7703,0.8636,0.7308,0.6909,0.826,15,42,10,7,0.7703,0.6818,0.8077,0.6383,0.7998,17,48,4,5,0.8784,0.7727,0.9231,0.7907,0.8636,15,39,13,7,0.7297,0.6818,0.75,0.6,0.7998,14,45,7,8,0.7973,0.6364,0.8654,0.6512,0.792,15,44,8,7,0.7973,0.6818,0.8462,0.6667,0.8068,14,41,11,8,0.7432,0.6364,0.7885,0.5957,0.7413,22,44,5,4,0.88,0.8462,0.898,0.8302,0.9019,17,43,6,9,0.8,0.6538,0.8776,0.6939,0.8925,15,46,3,11,0.8133,0.5769,0.9388,0.6818,0.8163,18,42,7,8,0.8,0.6923,0.8571,0.7059,0.8721,17,39,10,9,0.7467,0.6538,0.7959,0.6415,0.8658,20,42,7,6,0.8267,0.7692,0.8571,0.7547,0.8658,16,42,7,10,0.7733,0.6154,0.8571,0.6531,0.8493
174,26,33,14,1,0.7973,0.963,0.7021,0.7761,0.9283,23,37,10,4,0.8108,0.8519,0.7872,0.7667,0.8716,22,43,4,5,0.8784,0.8148,0.9149,0.8302,0.9023,22,34,13,5,0.7568,0.8148,0.7234,0.7097,0.881,22,37,10,5,0.7973,0.8148,0.7872,0.7458,0.9125,22,40,7,5,0.8378,0.8148,0.8511,0.7857,0.892,22,35,12,5,0.7703,0.8148,0.7447,0.7213,0.8156,27,43,4,1,0.9333,0.9643,0.9149,0.9153,0.9612,23,43,4,5,0.88,0.8214,0.9149,0.8364,0.9552,18,46,1,10,0.8533,0.6429,0.9787,0.766,0.8974,24,42,5,4,0.88,0.8571,0.8936,0.8421,0.9498,20,41,6,8,0.8133,0.7143,0.8723,0.7407,0.9354,24,43,4,4,0.8933,0.8571,0.9149,0.8571,0.9286,19,42,5,9,0.8133,0.6786,0.8936,0.7308,0.9309
175,19,32,20,3,0.6892,0.8636,0.6154,0.623,0.854,15,40,12,7,0.7432,0.6818,0.7692,0.6122,0.7876,17,46,6,5,0.8514,0.7727,0.8846,0.7556,0.8435,15,40,12,7,0.7432,0.6818,0.7692,0.6122,0.7937,15,43,9,7,0.7838,0.6818,0.8269,0.6522,0.7701,15,39,13,7,0.7297,0.6818,0.75,0.6,0.8269,15,41,11,7,0.7568,0.6818,0.7885,0.625,0.764,13,53,2,7,0.88,0.65,0.9636,0.7429,0.8545,9,52,3,11,0.8133,0.45,0.9455,0.5625,0.8509,8,54,1,12,0.8267,0.4,0.9818,0.5517,0.6809,10,51,4,10,0.8133,0.5,0.9273,0.5882,0.8164,9,49,6,11,0.7733,0.45,0.8909,0.5143,0.8036,12,52,3,8,0.8533,0.6,0.9455,0.6857,0.7964,8,51,4,12,0.7867,0.4,0.9273,0.5,0.7455
176,24,37,9,4,0.8243,0.8571,0.8043,0.7869,0.8766,20,40,6,8,0.8108,0.7143,0.8696,0.7407,0.8323,22,43,3,6,0.8784,0.7857,0.9348,0.8302,0.847,19,40,6,9,0.7973,0.6786,0.8696,0.717,0.8199,19,40,6,9,0.7973,0.6786,0.8696,0.717,0.8012,19,42,4,9,0.8243,0.6786,0.913,0.7451,0.8517,19,42,4,9,0.8243,0.6786,0.913,0.7451,0.816,12,51,9,3,0.84,0.8,0.85,0.6667,0.8378,8,50,10,7,0.7733,0.5333,0.8333,0.4848,0.8322,8,56,4,7,0.8533,0.5333,0.9333,0.5926,0.7211,8,50,10,7,0.7733,0.5333,0.8333,0.4848,0.8144,8,49,11,7,0.76,0.5333,0.8167,0.4706,0.8067,11,50,10,4,0.8133,0.7333,0.8333,0.6111,0.8033,8,50,10,7,0.7733,0.5333,0.8333,0.4848,0.7622
177,20,37,12,5,0.7703,0.8,0.7551,0.7018,0.8196,18,41,8,7,0.7973,0.72,0.8367,0.7059,0.8212,19,43,6,6,0.8378,0.76,0.8776,0.76,0.8122,17,37,12,8,0.7297,0.68,0.7551,0.6296,0.831,17,40,9,8,0.7703,0.68,0.8163,0.6667,0.8122,19,41,8,6,0.8108,0.76,0.8367,0.7308,0.8041,17,38,11,8,0.7432,0.68,0.7755,0.6415,0.8024,13,57,2,3,0.9333,0.8125,0.9661,0.8387,0.965,7,57,2,9,0.8533,0.4375,0.9661,0.56,0.9513,6,58,1,10,0.8533,0.375,0.9831,0.5217,0.768,8,57,2,8,0.8667,0.5,0.9661,0.6154,0.9597,8,56,3,8,0.8533,0.5,0.9492,0.5926,0.9534,10,56,3,6,0.88,0.625,0.9492,0.6897,0.8708,7,57,2,9,0.8533,0.4375,0.9661,0.56,0.9428
178,18,37,15,4,0.7432,0.8182,0.7115,0.6545,0.833,17,42,10,5,0.7973,0.7727,0.8077,0.6939,0.785,18,43,9,4,0.8243,0.8182,0.8269,0.7347,0.8182,18,40,12,4,0.7838,0.8182,0.7692,0.6923,0.7972,17,39,13,5,0.7568,0.7727,0.75,0.6538,0.778,16,42,10,6,0.7838,0.7273,0.8077,0.6667,0.8016,17,40,12,5,0.7703,0.7727,0.7692,0.6667,0.764,9,54,9,3,0.84,0.75,0.8571,0.6,0.8995,6,53,10,6,0.7867,0.5,0.8413,0.4286,0.9021,5,60,3,7,0.8667,0.4167,0.9524,0.5,0.7619,7,53,10,5,0.8,0.5833,0.8413,0.4828,0.8889,7,50,13,5,0.76,0.5833,0.7937,0.4375,0.8836,8,51,12,4,0.7867,0.6667,0.8095,0.5,0.8664,6,53,10,6,0.7867,0.5,0.8413,0.4286,0.8717
179,23,32,15,4,0.7432,0.8519,0.6809,0.7077,0.8574,20,35,12,7,0.7432,0.7407,0.7447,0.678,0.8125,22,43,4,5,0.8784,0.8148,0.9149,0.8302,0.8771,20,35,12,7,0.7432,0.7407,0.7447,0.678,0.8219,20,35,12,7,0.7432,0.7407,0.7447,0.678,0.8132,20,42,5,7,0.8378,0.7407,0.8936,0.7692,0.8629,20,36,11,7,0.7568,0.7407,0.766,0.6897,0.788,14,51,9,1,0.8667,0.9333,0.85,0.7368,0.9389,10,53,7,5,0.84,0.6667,0.8833,0.625,0.9389,9,58,2,6,0.8933,0.6,0.9667,0.6923,0.8533,10,50,10,5,0.8,0.6667,0.8333,0.5714,0.9267,10,49,11,5,0.7867,0.6667,0.8167,0.5556,0.9178,12,53,7,3,0.8667,0.8,0.8833,0.7059,0.8922,10,50,10,5,0.8,0.6667,0.8333,0.5714,0.9144
180,17,37,14,6,0.7297,0.7391,0.7255,0.6296,0.7698,15,38,13,8,0.7162,0.6522,0.7451,0.5882,0.7596,13,44,7,10,0.7703,0.5652,0.8627,0.6047,0.7178,13,38,13,10,0.6892,0.5652,0.7451,0.5306,0.74,13,40,11,10,0.7162,0.5652,0.7843,0.5532,0.7579,17,43,8,6,0.8108,0.7391,0.8431,0.7083,0.757,13,40,11,10,0.7162,0.5652,0.7843,0.5532,0.7485,14,47,8,6,0.8133,0.7,0.8545,0.6667,0.8518,10,49,6,10,0.7867,0.5,0.8909,0.5556,0.8836,6,53,2,14,0.7867,0.3,0.9636,0.4286,0.7891,10,47,8,10,0.76,0.5,0.8545,0.5263,0.8355,7,43,12,13,0.6667,0.35,0.7818,0.359,0.8182,13,45,10,7,0.7733,0.65,0.8182,0.6047,0.8373,7,47,8,13,0.72,0.35,0.8545,0.4,0.7736
181,18,33,17,6,0.6892,0.75,0.66,0.6102,0.7883,16,40,10,8,0.7568,0.6667,0.8,0.64,0.755,13,47,3,11,0.8108,0.5417,0.94,0.65,0.77,13,40,10,11,0.7162,0.5417,0.8,0.5532,0.7342,13,39,11,11,0.7027,0.5417,0.78,0.5417,0.7267,16,44,6,8,0.8108,0.6667,0.88,0.6957,0.7792,13,40,10,11,0.7162,0.5417,0.8,0.5532,0.7067,23,45,4,3,0.9067,0.8846,0.9184,0.8679,0.938,18,44,5,8,0.8267,0.6923,0.898,0.7347,0.9333,15,48,1,11,0.84,0.5769,0.9796,0.7143,0.8878,19,44,5,7,0.84,0.7308,0.898,0.76,0.9215,16,44,5,10,0.8,0.6154,0.898,0.6809,0.9192,23,45,4,3,0.9067,0.8846,0.9184,0.8679,0.9388,15,44,5,11,0.7867,0.5769,0.898,0.6522,0.8995
182,18,38,13,5,0.7568,0.7826,0.7451,0.6667,0.8397,14,43,8,9,0.7703,0.6087,0.8431,0.6222,0.7945,18,45,6,5,0.8514,0.7826,0.8824,0.766,0.8321,12,40,11,11,0.7027,0.5217,0.7843,0.5217,0.7801,14,40,11,9,0.7297,0.6087,0.7843,0.5833,0.7818,14,45,6,9,0.7973,0.6087,0.8824,0.6512,0.7536,14,40,11,9,0.7297,0.6087,0.7843,0.5833,0.7801,22,45,3,5,0.8933,0.8148,0.9375,0.8462,0.9005,17,46,2,10,0.84,0.6296,0.9583,0.7391,0.9221,15,47,1,12,0.8267,0.5556,0.9792,0.6977,0.838,19,44,4,8,0.84,0.7037,0.9167,0.76,0.8912,18,43,5,9,0.8133,0.6667,0.8958,0.72,0.8796,22,46,2,5,0.9067,0.8148,0.9583,0.8627,0.8958,16,44,4,11,0.8,0.5926,0.9167,0.6809,0.8403
183,20,31,19,4,0.6892,0.8333,0.62,0.6349,0.8075,15,40,10,9,0.7432,0.625,0.8,0.6122,0.745,16,45,5,8,0.8243,0.6667,0.9,0.7111,0.8167,15,38,12,9,0.7162,0.625,0.76,0.5882,0.7317,15,37,13,9,0.7027,0.625,0.74,0.5769,0.74,19,41,9,5,0.8108,0.7917,0.82,0.7308,0.83,15,38,12,9,0.7162,0.625,0.76,0.5882,0.72,15,47,8,5,0.8267,0.75,0.8545,0.6977,0.8691,11,50,5,9,0.8133,0.55,0.9091,0.6111,0.8918,10,51,4,10,0.8133,0.5,0.9273,0.5882,0.8182,12,47,8,8,0.7867,0.6,0.8545,0.6,0.8555,11,47,8,9,0.7733,0.55,0.8545,0.5641,0.8545,15,50,5,5,0.8667,0.75,0.9091,0.75,0.8855,10,47,8,10,0.76,0.5,0.8545,0.5263,0.7918
184,31,29,13,1,0.8108,0.9688,0.6905,0.8158,0.9077,27,32,10,5,0.7973,0.8438,0.7619,0.7826,0.8899,25,36,6,7,0.8243,0.7812,0.8571,0.7937,0.8862,25,32,10,7,0.7703,0.7812,0.7619,0.7463,0.8824,25,32,10,7,0.7703,0.7812,0.7619,0.7463,0.8847,28,37,5,4,0.8784,0.875,0.881,0.8615,0.9278,25,34,8,7,0.7973,0.7812,0.8095,0.7692,0.8579,22,49,3,1,0.9467,0.9565,0.9423,0.9167,0.949,16,49,3,7,0.8667,0.6957,0.9423,0.7619,0.9574,13,51,1,10,0.8533,0.5652,0.9808,0.7027,0.8746,18,48,4,5,0.88,0.7826,0.9231,0.8,0.9448,15,48,4,8,0.84,0.6522,0.9231,0.7143,0.9339,20,50,2,3,0.9333,0.8696,0.9615,0.8889,0.9222,13,48,4,10,0.8133,0.5652,0.9231,0.65,0.9222
185,19,40,14,1,0.7973,0.95,0.7407,0.717,0.8926,16,44,10,4,0.8108,0.8,0.8148,0.6957,0.8602,18,47,7,2,0.8784,0.9,0.8704,0.8,0.9157,14,41,13,6,0.7432,0.7,0.7593,0.5957,0.8593,15,45,9,5,0.8108,0.75,0.8333,0.6818,0.8694,17,44,10,3,0.8243,0.85,0.8148,0.7234,0.8944,15,43,11,5,0.7838,0.75,0.7963,0.6522,0.8611,20,50,4,1,0.9333,0.9524,0.9259,0.8889,0.9436,13,50,4,8,0.84,0.619,0.9259,0.6842,0.9444,11,51,3,10,0.8267,0.5238,0.9444,0.6286,0.8977,17,49,5,4,0.88,0.8095,0.9074,0.7907,0.9339,15,49,5,6,0.8533,0.7143,0.9074,0.7317,0.9383,20,51,3,1,0.9467,0.9524,0.9444,0.9091,0.9444,11,49,5,10,0.8,0.5238,0.9074,0.5946,0.9224
186,19,39,13,3,0.7838,0.8636,0.75,0.7037,0.8636,14,44,8,8,0.7838,0.6364,0.8462,0.6364,0.8287,14,48,4,8,0.8378,0.6364,0.9231,0.7,0.8776,11,42,10,11,0.7162,0.5,0.8077,0.5116,0.7876,12,44,8,10,0.7568,0.5455,0.8462,0.5714,0.8094,16,49,3,6,0.8784,0.7273,0.9423,0.7805,0.8907,12,44,8,10,0.7568,0.5455,0.8462,0.5714,0.7981,21,38,10,6,0.7867,0.7778,0.7917,0.7241,0.8403,12,40,8,15,0.6933,0.4444,0.8333,0.5106,0.8557,10,44,4,17,0.72,0.3704,0.9167,0.4878,0.6883,13,38,10,14,0.68,0.4815,0.7917,0.52,0.821,11,37,11,16,0.64,0.4074,0.7708,0.449,0.8148,19,39,9,8,0.7733,0.7037,0.8125,0.6909,0.8125,10,38,10,17,0.64,0.3704,0.7917,0.4255,0.7801
187,20,38,14,2,0.7838,0.9091,0.7308,0.7143,0.9205,18,44,8,4,0.8378,0.8182,0.8462,0.75,0.8925,18,46,6,4,0.8649,0.8182,0.8846,0.7826,0.8741,16,42,10,6,0.7838,0.7273,0.8077,0.6667,0.8724,18,44,8,4,0.8378,0.8182,0.8462,0.75,0.896,18,43,9,4,0.8243,0.8182,0.8269,0.7347,0.8855,18,42,10,4,0.8108,0.8182,0.8077,0.72,0.8759,15,50,4,6,0.8667,0.7143,0.9259,0.75,0.8977,13,49,5,8,0.8267,0.619,0.9074,0.6667,0.9004,7,53,1,14,0.8,0.3333,0.9815,0.4828,0.8351,14,48,6,7,0.8267,0.6667,0.8889,0.6829,0.8862,11,48,6,10,0.7867,0.5238,0.8889,0.5789,0.8721,14,51,3,7,0.8667,0.6667,0.9444,0.7368,0.8907,10,48,6,11,0.7733,0.4762,0.8889,0.5405,0.8289
188,30,29,11,4,0.7973,0.8824,0.725,0.8,0.8412,20,33,7,14,0.7162,0.5882,0.825,0.6557,0.7831,28,36,4,6,0.8649,0.8235,0.9,0.8485,0.8412,22,32,8,12,0.7297,0.6471,0.8,0.6875,0.7757,20,32,8,14,0.7027,0.5882,0.8,0.6452,0.7801,23,35,5,11,0.7838,0.6765,0.875,0.7419,0.814,20,32,8,14,0.7027,0.5882,0.8,0.6452,0.7985,17,46,10,2,0.84,0.8947,0.8214,0.7391,0.8816,10,49,7,9,0.7867,0.5263,0.875,0.5556,0.9004,13,53,3,6,0.88,0.6842,0.9464,0.7429,0.8477,13,46,10,6,0.7867,0.6842,0.8214,0.619,0.8712,13,45,11,6,0.7733,0.6842,0.8036,0.6047,0.8769,17,48,8,2,0.8667,0.8947,0.8571,0.7727,0.89,10,46,10,9,0.7467,0.5263,0.8214,0.5128,0.8318
189,18,37,19,0,0.7432,1.0,0.6607,0.6545,0.9107,13,42,14,5,0.7432,0.7222,0.75,0.5778,0.8512,17,48,8,1,0.8784,0.9444,0.8571,0.7907,0.9643,15,40,16,3,0.7432,0.8333,0.7143,0.6122,0.874,13,40,16,5,0.7162,0.7222,0.7143,0.5532,0.876,17,48,8,1,0.8784,0.9444,0.8571,0.7907,0.9306,13,41,15,5,0.7297,0.7222,0.7321,0.5652,0.8046,15,51,7,2,0.88,0.8824,0.8793,0.7692,0.9371,10,52,6,7,0.8267,0.5882,0.8966,0.6061,0.93,10,54,4,7,0.8533,0.5882,0.931,0.6452,0.8722,13,51,7,4,0.8533,0.7647,0.8793,0.7027,0.9199,13,50,8,4,0.84,0.7647,0.8621,0.6842,0.9168,14,51,7,3,0.8667,0.8235,0.8793,0.7368,0.9199,10,51,7,7,0.8133,0.5882,0.8793,0.5882,0.8874
190,25,31,16,2,0.7568,0.9259,0.6596,0.7353,0.9007,19,39,8,8,0.7838,0.7037,0.8298,0.7037,0.84,21,39,8,6,0.8108,0.7778,0.8298,0.75,0.8424,21,39,8,6,0.8108,0.7778,0.8298,0.75,0.844,19,37,10,8,0.7568,0.7037,0.7872,0.6786,0.8448,24,40,7,3,0.8649,0.8889,0.8511,0.8276,0.8739,19,40,7,8,0.7973,0.7037,0.8511,0.717,0.814,18,52,3,2,0.9333,0.9,0.9455,0.878,0.9664,15,54,1,5,0.92,0.75,0.9818,0.8333,0.9827,13,54,1,7,0.8933,0.65,0.9818,0.7647,0.8845,16,52,3,4,0.9067,0.8,0.9455,0.8205,0.9664,14,52,3,6,0.88,0.7,0.9455,0.7568,0.9673,17,54,1,3,0.9467,0.85,0.9818,0.8947,0.9609,13,52,3,7,0.8667,0.65,0.9455,0.7222,0.9518
191,24,34,12,4,0.7838,0.8571,0.7391,0.75,0.8626,21,38,8,7,0.7973,0.75,0.8261,0.7368,0.8253,21,42,4,7,0.8514,0.75,0.913,0.7925,0.854,19,37,9,9,0.7568,0.6786,0.8043,0.6786,0.8043,19,38,8,9,0.7703,0.6786,0.8261,0.6909,0.809,20,39,7,8,0.7973,0.7143,0.8478,0.7273,0.8401,19,38,8,9,0.7703,0.6786,0.8261,0.6909,0.8028,10,56,5,4,0.88,0.7143,0.918,0.6897,0.8794,8,52,9,6,0.8,0.5714,0.8525,0.5161,0.8911,6,58,3,8,0.8533,0.4286,0.9508,0.5217,0.7635,9,52,9,5,0.8133,0.6429,0.8525,0.5625,0.8712,8,51,10,6,0.7867,0.5714,0.8361,0.5,0.8689,10,55,6,4,0.8667,0.7143,0.9016,0.6667,0.8864,7,52,9,7,0.7867,0.5,0.8525,0.4667,0.8326
192,30,29,12,3,0.7973,0.9091,0.7073,0.8,0.9024,27,34,7,6,0.8243,0.8182,0.8293,0.806,0.8581,26,37,4,7,0.8514,0.7879,0.9024,0.8254,0.8367,28,35,6,5,0.8514,0.8485,0.8537,0.8358,0.8699,27,32,9,6,0.7973,0.8182,0.7805,0.7826,0.8551,26,34,7,7,0.8108,0.7879,0.8293,0.7879,0.8936,27,35,6,6,0.8378,0.8182,0.8537,0.8182,0.8448,18,48,5,4,0.88,0.8182,0.9057,0.8,0.922,13,48,5,9,0.8133,0.5909,0.9057,0.65,0.9305,13,52,1,9,0.8667,0.5909,0.9811,0.7222,0.8362,15,47,6,7,0.8267,0.6818,0.8868,0.6977,0.9211,15,47,6,7,0.8267,0.6818,0.8868,0.6977,0.9099,17,49,4,5,0.88,0.7727,0.9245,0.7907,0.9031,13,47,6,9,0.8,0.5909,0.8868,0.6341,0.8859
193,23,34,15,2,0.7703,0.92,0.6939,0.7302,0.8661,17,38,11,8,0.7432,0.68,0.7755,0.6415,0.8294,18,43,6,7,0.8243,0.72,0.8776,0.7347,0.8882,16,37,12,9,0.7162,0.64,0.7551,0.6038,0.8278,16,40,9,9,0.7568,0.64,0.8163,0.64,0.8498,20,41,8,5,0.8243,0.8,0.8367,0.7547,0.8514,16,38,11,9,0.7297,0.64,0.7755,0.6154,0.8016,12,53,5,5,0.8667,0.7059,0.9138,0.7059,0.8398,9,52,6,8,0.8133,0.5294,0.8966,0.5625,0.8469,5,55,3,12,0.8,0.2941,0.9483,0.4,0.6957,9,52,6,8,0.8133,0.5294,0.8966,0.5625,0.8134,7,48,10,10,0.7333,0.4118,0.8276,0.4118,0.7951,12,49,9,5,0.8133,0.7059,0.8448,0.6316,0.8164,7,52,6,10,0.7867,0.4118,0.8966,0.4667,0.7394
194,25,32,16,1,0.7703,0.9615,0.6667,0.7463,0.9079,22,38,10,4,0.8108,0.8462,0.7917,0.7586,0.8766,23,41,7,3,0.8649,0.8846,0.8542,0.8214,0.903,20,36,12,6,0.7568,0.7692,0.75,0.6897,0.8838,21,36,12,5,0.7703,0.8077,0.75,0.7119,0.871,21,37,11,5,0.7838,0.8077,0.7708,0.7241,0.8878,21,37,11,5,0.7838,0.8077,0.7708,0.7241,0.8598,13,56,4,2,0.92,0.8667,0.9333,0.8125,0.92,6,57,3,9,0.84,0.4,0.95,0.5,0.9233,7,59,1,8,0.88,0.4667,0.9833,0.6087,0.8689,9,55,5,6,0.8533,0.6,0.9167,0.6207,0.9067,9,55,5,6,0.8533,0.6,0.9167,0.6207,0.9089,12,58,2,3,0.9333,0.8,0.9667,0.8276,0.9156,6,55,5,9,0.8133,0.4,0.9167,0.4615,0.8778
195,25,32,14,3,0.7703,0.8929,0.6957,0.7463,0.8641,19,37,9,9,0.7568,0.6786,0.8043,0.6786,0.8339,21,41,5,7,0.8378,0.75,0.8913,0.7778,0.8424,18,38,8,10,0.7568,0.6429,0.8261,0.6667,0.8323,17,39,7,11,0.7568,0.6071,0.8478,0.6538,0.8416,20,37,9,8,0.7703,0.7143,0.8043,0.7018,0.823,17,39,7,11,0.7568,0.6071,0.8478,0.6538,0.8207,15,47,10,3,0.8267,0.8333,0.8246,0.6977,0.8684,12,47,10,6,0.7867,0.6667,0.8246,0.6,0.8655,12,52,5,6,0.8533,0.6667,0.9123,0.6857,0.7807,12,46,11,6,0.7733,0.6667,0.807,0.5854,0.8528,12,44,13,6,0.7467,0.6667,0.7719,0.5581,0.8314,14,46,11,4,0.8,0.7778,0.807,0.6512,0.8382,12,46,11,6,0.7733,0.6667,0.807,0.5854,0.8002
196,29,28,13,4,0.7703,0.8788,0.6829,0.7733,0.8721,25,31,10,8,0.7568,0.7576,0.7561,0.7353,0.816,25,35,6,8,0.8108,0.7576,0.8537,0.7812,0.7931,25,30,11,8,0.7432,0.7576,0.7317,0.7246,0.8344,24,29,12,9,0.7162,0.7273,0.7073,0.6957,0.8108,25,36,5,8,0.8243,0.7576,0.878,0.7937,0.8411,24,30,11,9,0.7297,0.7273,0.7317,0.7059,0.7864,21,44,6,4,0.8667,0.84,0.88,0.8077,0.9336,17,45,5,8,0.8267,0.68,0.9,0.7234,0.9456,13,48,2,12,0.8133,0.52,0.96,0.65,0.8216,19,44,6,6,0.84,0.76,0.88,0.76,0.9384,17,44,6,8,0.8133,0.68,0.88,0.7083,0.9384,20,45,5,5,0.8667,0.8,0.9,0.8,0.9224,15,44,6,10,0.7867,0.6,0.88,0.6522,0.9344
197,27,31,14,2,0.7838,0.931,0.6889,0.7714,0.9349,23,39,6,6,0.8378,0.7931,0.8667,0.7931,0.9088,26,41,4,3,0.9054,0.8966,0.9111,0.8814,0.9134,22,39,6,7,0.8243,0.7586,0.8667,0.7719,0.8904,23,41,4,6,0.8649,0.7931,0.9111,0.8214,0.9057,23,39,6,6,0.8378,0.7931,0.8667,0.7931,0.8966,23,40,5,6,0.8514,0.7931,0.8889,0.807,0.8966,22,42,7,4,0.8533,0.8462,0.8571,0.8,0.8697,18,39,10,8,0.76,0.6923,0.7959,0.6667,0.8846,15,46,3,11,0.8133,0.5769,0.9388,0.6818,0.8516,19,39,10,7,0.7733,0.7308,0.7959,0.6909,0.8689,18,38,11,8,0.7467,0.6923,0.7755,0.6545,0.8493,22,41,8,4,0.84,0.8462,0.8367,0.7857,0.8807,17,39,10,9,0.7467,0.6538,0.7959,0.6415,0.8203
198,20,40,14,0,0.8108,1.0,0.7407,0.7407,0.937,18,44,10,2,0.8378,0.9,0.8148,0.75,0.8861,19,49,5,1,0.9189,0.95,0.9074,0.8636,0.95,16,44,10,4,0.8108,0.8,0.8148,0.6957,0.9102,18,43,11,2,0.8243,0.9,0.7963,0.7347,0.9343,17,49,5,3,0.8919,0.85,0.9074,0.8095,0.9509,18,44,10,2,0.8378,0.9,0.8148,0.75,0.875,11,53,8,3,0.8533,0.7857,0.8689,0.6667,0.8571,7,54,7,7,0.8133,0.5,0.8852,0.5,0.877,6,56,5,8,0.8267,0.4286,0.918,0.48,0.7834,7,53,8,7,0.8,0.5,0.8689,0.4828,0.8607,7,53,8,7,0.8,0.5,0.8689,0.4828,0.8501,10,54,7,4,0.8533,0.7143,0.8852,0.6452,0.8513,7,53,8,7,0.8,0.5,0.8689,0.4828,0.8162
199,22,34,15,3,0.7568,0.88,0.6939,0.7097,0.8359,19,40,9,6,0.7973,0.76,0.8163,0.717,0.8016,20,41,8,5,0.8243,0.8,0.8367,0.7547,0.8392,16,36,13,9,0.7027,0.64,0.7347,0.5926,0.7918,18,37,12,7,0.7432,0.72,0.7551,0.6545,0.7902,20,40,9,5,0.8108,0.8,0.8163,0.7407,0.8073,18,36,13,7,0.7297,0.72,0.7347,0.6429,0.7886,16,52,4,3,0.9067,0.8421,0.9286,0.8205,0.9342,13,50,6,6,0.84,0.6842,0.8929,0.6842,0.9361,12,55,1,7,0.8933,0.6316,0.9821,0.75,0.8271,13,50,6,6,0.84,0.6842,0.8929,0.6842,0.9276,13,49,7,6,0.8267,0.6842,0.875,0.6667,0.9041,14,51,5,5,0.8667,0.7368,0.9107,0.7368,0.9051,13,50,6,6,0.84,0.6842,0.8929,0.6842,0.89
200,27,27,15,5,0.7297,0.8438,0.6429,0.7297,0.8147,16,33,9,16,0.6622,0.5,0.7857,0.5614,0.7232,23,38,4,9,0.8243,0.7188,0.9048,0.7797,0.8415,16,31,11,16,0.6351,0.5,0.7381,0.5424,0.7024,15,30,12,17,0.6081,0.4688,0.7143,0.5085,0.7091,22,36,6,10,0.7838,0.6875,0.8571,0.7333,0.7835,15,31,11,17,0.6216,0.4688,0.7381,0.5172,0.7068,16,48,9,2,0.8533,0.8889,0.8421,0.7442,0.9318,14,48,9,4,0.8267,0.7778,0.8421,0.6829,0.9435,12,53,4,6,0.8667,0.6667,0.9298,0.7059,0.9172,15,48,9,3,0.84,0.8333,0.8421,0.7143,0.9396,15,47,10,3,0.8267,0.8333,0.8246,0.6977,0.9191,16,47,10,2,0.84,0.8889,0.8246,0.7273,0.9318,14,48,9,4,0.8267,0.7778,0.8421,0.6829,0.9103
201,22,37,11,4,0.7973,0.8462,0.7708,0.7458,0.863,19,41,7,7,0.8108,0.7308,0.8542,0.7308,0.8462,19,48,0,7,0.9054,0.7308,1.0,0.8444,0.8638,15,42,6,11,0.7703,0.5769,0.875,0.6383,0.8021,17,40,8,9,0.7703,0.6538,0.8333,0.6667,0.8205,19,46,2,7,0.8784,0.7308,0.9583,0.8085,0.8638,17,44,4,9,0.8243,0.6538,0.9167,0.7234,0.8197,14,53,3,5,0.8933,0.7368,0.9464,0.7778,0.8947,12,54,2,7,0.88,0.6316,0.9643,0.7273,0.9342,10,55,1,9,0.8667,0.5263,0.9821,0.6667,0.8148,12,53,3,7,0.8667,0.6316,0.9464,0.7059,0.9126,11,53,3,8,0.8533,0.5789,0.9464,0.6667,0.907,13,54,2,6,0.8933,0.6842,0.9643,0.7647,0.9023,11,53,3,8,0.8533,0.5789,0.9464,0.6667,0.8515
202,26,26,19,3,0.7027,0.8966,0.5778,0.7027,0.8199,24,30,15,5,0.7297,0.8276,0.6667,0.7059,0.7747,24,41,4,5,0.8784,0.8276,0.9111,0.8421,0.9126,20,25,20,9,0.6081,0.6897,0.5556,0.5797,0.7693,23,31,14,6,0.7297,0.7931,0.6889,0.697,0.7931,24,36,9,5,0.8108,0.8276,0.8,0.7742,0.8667,23,27,18,6,0.6757,0.7931,0.6,0.6571,0.7088,21,49,2,3,0.9333,0.875,0.9608,0.8936,0.951,13,48,3,11,0.8133,0.5417,0.9412,0.65,0.9502,15,51,0,9,0.88,0.625,1.0,0.7692,0.9134,19,47,4,5,0.88,0.7917,0.9216,0.8085,0.9387,19,47,4,5,0.88,0.7917,0.9216,0.8085,0.9379,21,50,1,3,0.9467,0.875,0.9804,0.913,0.9567,13,47,4,11,0.8,0.5417,0.9216,0.6341,0.9044
203,24,25,19,6,0.6622,0.8,0.5682,0.6575,0.722,19,29,15,11,0.6486,0.6333,0.6591,0.5938,0.7106,19,37,7,11,0.7568,0.6333,0.8409,0.6786,0.7371,17,28,16,13,0.6081,0.5667,0.6364,0.5397,0.6864,19,32,12,11,0.6892,0.6333,0.7273,0.623,0.7189,23,31,13,7,0.7297,0.7667,0.7045,0.697,0.7614,19,29,15,11,0.6486,0.6333,0.6591,0.5938,0.675,22,49,2,2,0.9467,0.9167,0.9608,0.9167,0.9583,13,47,4,11,0.8,0.5417,0.9216,0.6341,0.9444,11,49,2,13,0.8,0.4583,0.9608,0.5946,0.906,14,47,4,10,0.8133,0.5833,0.9216,0.6667,0.9379,13,47,4,11,0.8,0.5417,0.9216,0.6341,0.9436,21,49,2,3,0.9333,0.875,0.9608,0.8936,0.9469,12,47,4,12,0.7867,0.5,0.9216,0.6,0.9003
204,24,33,15,2,0.7703,0.9231,0.6875,0.7385,0.8806,20,37,11,6,0.7703,0.7692,0.7708,0.7018,0.8301,21,44,4,5,0.8784,0.8077,0.9167,0.8235,0.9151,17,36,12,9,0.7162,0.6538,0.75,0.6182,0.8109,20,37,11,6,0.7703,0.7692,0.7708,0.7018,0.8534,22,42,6,4,0.8649,0.8462,0.875,0.8148,0.9167,20,38,10,6,0.7838,0.7692,0.7917,0.7143,0.8101,16,57,1,1,0.9733,0.9412,0.9828,0.9412,0.9858,8,55,3,9,0.84,0.4706,0.9483,0.5714,0.9594,8,58,0,9,0.88,0.4706,1.0,0.64,0.9118,13,54,4,4,0.8933,0.7647,0.931,0.7647,0.9462,11,52,6,6,0.84,0.6471,0.8966,0.6471,0.9452,15,56,2,2,0.9467,0.8824,0.9655,0.8824,0.9523,6,54,4,11,0.8,0.3529,0.931,0.4444,0.9138
205,19,37,15,3,0.7568,0.8636,0.7115,0.6786,0.8453,17,42,10,5,0.7973,0.7727,0.8077,0.6939,0.8733,16,46,6,6,0.8378,0.7273,0.8846,0.7273,0.8514,14,41,11,8,0.7432,0.6364,0.7885,0.5957,0.8671,16,40,12,6,0.7568,0.7273,0.7692,0.64,0.875,18,46,6,4,0.8649,0.8182,0.8846,0.7826,0.8724,16,41,11,6,0.7703,0.7273,0.7885,0.6531,0.8566,15,47,7,6,0.8267,0.7143,0.8704,0.6977,0.8457,9,49,5,12,0.7733,0.4286,0.9074,0.5143,0.8845,9,52,2,12,0.8133,0.4286,0.963,0.5625,0.7028,11,46,8,10,0.76,0.5238,0.8519,0.55,0.8325,10,44,10,11,0.72,0.4762,0.8148,0.4878,0.8219,13,48,6,8,0.8133,0.619,0.8889,0.65,0.8272,8,46,8,13,0.72,0.381,0.8519,0.4324,0.7725
206,28,23,20,3,0.6892,0.9032,0.5349,0.7089,0.844,26,29,14,5,0.7432,0.8387,0.6744,0.7324,0.8072,25,36,7,6,0.8243,0.8065,0.8372,0.7937,0.8372,24,30,13,7,0.7297,0.7742,0.6977,0.7059,0.82,24,31,12,7,0.7432,0.7742,0.7209,0.7164,0.8102,26,35,8,5,0.8243,0.8387,0.814,0.8,0.8635,24,32,11,7,0.7568,0.7742,0.7442,0.7273,0.7727,11,56,3,5,0.8933,0.6875,0.9492,0.7333,0.8019,7,52,7,9,0.7867,0.4375,0.8814,0.4667,0.785,7,58,1,9,0.8667,0.4375,0.9831,0.5833,0.6578,8,52,7,8,0.8,0.5,0.8814,0.5161,0.7754,7,51,8,9,0.7733,0.4375,0.8644,0.4516,0.7394,10,55,4,6,0.8667,0.625,0.9322,0.6667,0.7585,6,52,7,10,0.7733,0.375,0.8814,0.4138,0.696
207,26,30,13,5,0.7568,0.8387,0.6977,0.7429,0.8342,22,33,10,9,0.7432,0.7097,0.7674,0.6984,0.7959,23,39,4,8,0.8378,0.7419,0.907,0.7931,0.8117,20,30,13,11,0.6757,0.6452,0.6977,0.625,0.8027,21,35,8,10,0.7568,0.6774,0.814,0.7,0.8042,22,34,9,9,0.7568,0.7097,0.7907,0.7097,0.8215,21,32,11,10,0.7162,0.6774,0.7442,0.6667,0.7937,13,54,5,3,0.8933,0.8125,0.9153,0.7647,0.9237,11,54,5,5,0.8667,0.6875,0.9153,0.6875,0.946,8,59,0,8,0.8933,0.5,1.0,0.6667,0.9121,12,54,5,4,0.88,0.75,0.9153,0.7273,0.929,12,53,6,4,0.8667,0.75,0.8983,0.7059,0.9227,13,53,6,3,0.88,0.8125,0.8983,0.7429,0.9333,11,54,5,5,0.8667,0.6875,0.9153,0.6875,0.8877
208,21,39,13,1,0.8108,0.9545,0.75,0.75,0.8794,18,40,12,4,0.7838,0.8182,0.7692,0.6923,0.8252,19,44,8,3,0.8514,0.8636,0.8462,0.7755,0.8846,17,40,12,5,0.7703,0.7727,0.7692,0.6667,0.8339,17,40,12,5,0.7703,0.7727,0.7692,0.6667,0.8418,19,45,7,3,0.8649,0.8636,0.8654,0.7917,0.8864,17,41,11,5,0.7838,0.7727,0.7885,0.68,0.8164,21,46,6,2,0.8933,0.913,0.8846,0.84,0.8905,16,46,6,7,0.8267,0.6957,0.8846,0.7111,0.9005,11,47,5,12,0.7733,0.4783,0.9038,0.5641,0.898,18,45,7,5,0.84,0.7826,0.8654,0.75,0.8829,13,44,8,10,0.76,0.5652,0.8462,0.5909,0.8813,21,46,6,2,0.8933,0.913,0.8846,0.84,0.9022,11,45,7,12,0.7467,0.4783,0.8654,0.5366,0.8604
209,24,32,15,3,0.7568,0.8889,0.6809,0.7273,0.8771,22,33,14,5,0.7432,0.8148,0.7021,0.6984,0.8148,21,41,6,6,0.8378,0.7778,0.8723,0.7778,0.8416,23,35,12,4,0.7838,0.8519,0.7447,0.7419,0.8345,22,36,11,5,0.7838,0.8148,0.766,0.7333,0.8448,22,39,8,5,0.8243,0.8148,0.8298,0.7719,0.881,22,36,11,5,0.7838,0.8148,0.766,0.7333,0.7959,21,46,4,4,0.8933,0.84,0.92,0.84,0.9056,14,46,4,11,0.8,0.56,0.92,0.6512,0.9168,12,49,1,13,0.8133,0.48,0.98,0.6316,0.8312,18,45,5,7,0.84,0.72,0.9,0.75,0.8936,15,45,5,10,0.8,0.6,0.9,0.6667,0.8792,20,47,3,5,0.8933,0.8,0.94,0.8333,0.9112,11,45,5,14,0.7467,0.44,0.9,0.5366,0.8456
210,21,29,16,8,0.6757,0.7241,0.6444,0.6364,0.7372,16,35,10,13,0.6892,0.5517,0.7778,0.5818,0.7195,17,38,7,12,0.7432,0.5862,0.8444,0.6415,0.6958,16,32,13,13,0.6486,0.5517,0.7111,0.5517,0.7126,15,35,10,14,0.6757,0.5172,0.7778,0.5556,0.6743,18,38,7,11,0.7568,0.6207,0.8444,0.6667,0.7364,15,33,12,14,0.6486,0.5172,0.7333,0.5357,0.6598,16,52,4,3,0.9067,0.8421,0.9286,0.8205,0.8976,10,51,5,9,0.8133,0.5263,0.9107,0.5882,0.8844,9,54,2,10,0.84,0.4737,0.9643,0.6,0.7425,10,50,6,9,0.8,0.5263,0.8929,0.5714,0.8825,9,49,7,10,0.7733,0.4737,0.875,0.5143,0.8496,12,52,4,7,0.8533,0.6316,0.9286,0.6857,0.8289,9,50,6,10,0.7867,0.4737,0.8929,0.5294,0.8177
211,21,34,16,3,0.7432,0.875,0.68,0.6885,0.7958,14,39,11,10,0.7162,0.5833,0.78,0.5714,0.7592,19,42,8,5,0.8243,0.7917,0.84,0.7451,0.825,14,39,11,10,0.7162,0.5833,0.78,0.5714,0.7592,13,39,11,11,0.7027,0.5417,0.78,0.5417,0.7358,16,40,10,8,0.7568,0.6667,0.8,0.64,0.7675,13,39,11,11,0.7027,0.5417,0.78,0.5417,0.7425,18,47,4,6,0.8667,0.75,0.9216,0.7826,0.866,13,47,4,11,0.8,0.5417,0.9216,0.6341,0.8758,14,48,3,10,0.8267,0.5833,0.9412,0.6829,0.7467,15,47,4,9,0.8267,0.625,0.9216,0.6977,0.8636,15,45,6,9,0.8,0.625,0.8824,0.6667,0.8366,17,45,6,7,0.8267,0.7083,0.8824,0.7234,0.8391,13,47,4,11,0.8,0.5417,0.9216,0.6341,0.808
212,23,36,13,2,0.7973,0.92,0.7347,0.7541,0.8686,15,43,6,10,0.7838,0.6,0.8776,0.6522,0.831,20,44,5,5,0.8649,0.8,0.898,0.8,0.8751,18,39,10,7,0.7703,0.72,0.7959,0.6792,0.8433,14,42,7,11,0.7568,0.56,0.8571,0.6087,0.8106,18,42,7,7,0.8108,0.72,0.8571,0.72,0.8237,14,39,10,11,0.7162,0.56,0.7959,0.5714,0.8098,20,44,9,2,0.8533,0.9091,0.8302,0.7843,0.8636,15,44,9,7,0.7867,0.6818,0.8302,0.6522,0.8782,13,48,5,9,0.8133,0.5909,0.9057,0.65,0.8431,17,43,10,5,0.8,0.7727,0.8113,0.6939,0.8722,15,43,10,7,0.7733,0.6818,0.8113,0.6383,0.8456,20,45,8,2,0.8667,0.9091,0.8491,0.8,0.8525,13,43,10,9,0.7467,0.5909,0.8113,0.5778,0.8148
213,20,41,6,7,0.8243,0.7407,0.8723,0.7547,0.8172,17,43,4,10,0.8108,0.6296,0.9149,0.7083,0.8337,15,44,3,12,0.7973,0.5556,0.9362,0.6667,0.7494,16,43,4,11,0.7973,0.5926,0.9149,0.6809,0.8077,16,42,5,11,0.7838,0.5926,0.8936,0.6667,0.8109,20,45,2,7,0.8784,0.7407,0.9574,0.8163,0.8054,16,44,3,11,0.8108,0.5926,0.9362,0.6957,0.8251,19,49,3,4,0.9067,0.8261,0.9423,0.8444,0.9072,15,51,1,8,0.88,0.6522,0.9808,0.7692,0.9314,14,52,0,9,0.88,0.6087,1.0,0.7568,0.8236,17,49,3,6,0.88,0.7391,0.9423,0.7907,0.9114,15,49,3,8,0.8533,0.6522,0.9423,0.7317,0.898,19,51,1,4,0.9333,0.8261,0.9808,0.8837,0.9231,13,49,3,10,0.8267,0.5652,0.9423,0.6667,0.8554
214,24,32,16,2,0.7568,0.9231,0.6667,0.7273,0.883,22,37,11,4,0.7973,0.8462,0.7708,0.7458,0.8638,21,43,5,5,0.8649,0.8077,0.8958,0.8077,0.8822,20,37,11,6,0.7703,0.7692,0.7708,0.7018,0.8718,21,38,10,5,0.7973,0.8077,0.7917,0.7368,0.8646,22,39,9,4,0.8243,0.8462,0.8125,0.7719,0.887,21,38,10,5,0.7973,0.8077,0.7917,0.7368,0.8301,19,48,3,5,0.8933,0.7917,0.9412,0.8261,0.9395,11,48,3,13,0.7867,0.4583,0.9412,0.5789,0.9265,12,49,2,12,0.8133,0.5,0.9608,0.6316,0.8039,14,48,3,10,0.8267,0.5833,0.9412,0.6829,0.9036,14,44,7,10,0.7733,0.5833,0.8627,0.6222,0.8971,18,44,7,6,0.8267,0.75,0.8627,0.7347,0.9011,11,48,3,13,0.7867,0.4583,0.9412,0.5789,0.875
215,22,36,13,3,0.7838,0.88,0.7347,0.7333,0.8841,18,37,12,7,0.7432,0.72,0.7551,0.6545,0.818,19,44,5,6,0.8514,0.76,0.898,0.7755,0.8939,17,36,13,8,0.7162,0.68,0.7347,0.6182,0.8155,17,40,9,8,0.7703,0.68,0.8163,0.6667,0.7771,20,39,10,5,0.7973,0.8,0.7959,0.7273,0.8824,17,39,10,8,0.7568,0.68,0.7959,0.6538,0.7796,19,42,8,6,0.8133,0.76,0.84,0.7308,0.8776,12,45,5,13,0.76,0.48,0.9,0.5714,0.9144,12,48,2,13,0.8,0.48,0.96,0.6154,0.7848,15,42,8,10,0.76,0.6,0.84,0.625,0.8744,14,42,8,11,0.7467,0.56,0.84,0.5957,0.8736,17,45,5,8,0.8267,0.68,0.9,0.7234,0.8728,11,42,8,14,0.7067,0.44,0.84,0.5,0.8496
216,21,32,17,4,0.7162,0.84,0.6531,0.6667,0.8008,18,38,11,7,0.7568,0.72,0.7755,0.6667,0.7976,20,44,5,5,0.8649,0.8,0.898,0.8,0.8506,15,39,10,10,0.7297,0.6,0.7959,0.6,0.7804,17,40,9,8,0.7703,0.68,0.8163,0.6667,0.7796,18,40,9,7,0.7838,0.72,0.8163,0.6923,0.8261,17,41,8,8,0.7838,0.68,0.8367,0.68,0.791,15,52,5,3,0.8933,0.8333,0.9123,0.7895,0.9376,10,51,6,8,0.8133,0.5556,0.8947,0.5882,0.9288,11,54,3,7,0.8667,0.6111,0.9474,0.6875,0.8129,11,51,6,7,0.8267,0.6111,0.8947,0.6286,0.9288,11,50,7,7,0.8133,0.6111,0.8772,0.6111,0.9201,13,51,6,5,0.8533,0.7222,0.8947,0.7027,0.8918,10,51,6,8,0.8133,0.5556,0.8947,0.5882,0.9094
217,17,38,15,4,0.7432,0.8095,0.717,0.6415,0.7996,12,41,12,9,0.7162,0.5714,0.7736,0.5333,0.735,17,46,7,4,0.8514,0.8095,0.8679,0.7556,0.8167,15,41,12,6,0.7568,0.7143,0.7736,0.625,0.7565,12,40,13,9,0.7027,0.5714,0.7547,0.5217,0.7421,14,44,9,7,0.7838,0.6667,0.8302,0.6364,0.7574,12,41,12,9,0.7162,0.5714,0.7736,0.5333,0.6945,16,51,4,4,0.8933,0.8,0.9273,0.8,0.8936,13,53,2,7,0.88,0.65,0.9636,0.7429,0.9164,10,55,0,10,0.8667,0.5,1.0,0.6667,0.7982,16,51,4,4,0.8933,0.8,0.9273,0.8,0.8864,13,51,4,7,0.8533,0.65,0.9273,0.7027,0.8673,16,53,2,4,0.92,0.8,0.9636,0.8421,0.9009,10,51,4,10,0.8133,0.5,0.9273,0.5882,0.8227
218,25,35,10,4,0.8108,0.8621,0.7778,0.7812,0.8943,20,38,7,9,0.7838,0.6897,0.8444,0.7143,0.8644,21,42,3,8,0.8514,0.7241,0.9333,0.7925,0.8759,18,37,8,11,0.7432,0.6207,0.8222,0.6545,0.846,18,37,8,11,0.7432,0.6207,0.8222,0.6545,0.8506,22,39,6,7,0.8243,0.7586,0.8667,0.7719,0.8889,18,38,7,11,0.7568,0.6207,0.8444,0.6667,0.8444,17,50,4,4,0.8933,0.8095,0.9259,0.8095,0.9268,14,49,5,7,0.84,0.6667,0.9074,0.7,0.9383,12,53,1,9,0.8667,0.5714,0.9815,0.7059,0.8439,15,47,7,6,0.8267,0.7143,0.8704,0.6977,0.9136,15,45,9,6,0.8,0.7143,0.8333,0.6667,0.9101,16,50,4,5,0.88,0.7619,0.9259,0.7805,0.9083,14,47,7,7,0.8133,0.6667,0.8704,0.6667,0.8792
219,22,29,18,5,0.6892,0.8148,0.617,0.6567,0.8046,17,35,12,10,0.7027,0.6296,0.7447,0.6071,0.7447,20,39,8,7,0.7973,0.7407,0.8298,0.7273,0.7809,16,35,12,11,0.6892,0.5926,0.7447,0.5818,0.7597,15,35,12,12,0.6757,0.5556,0.7447,0.5556,0.7313,17,35,12,10,0.7027,0.6296,0.7447,0.6071,0.7557,15,35,12,12,0.6757,0.5556,0.7447,0.5556,0.7076,18,49,5,3,0.8933,0.8571,0.9074,0.8182,0.8968,14,52,2,7,0.88,0.6667,0.963,0.7568,0.9153,14,52,2,7,0.88,0.6667,0.963,0.7568,0.8342,16,49,5,5,0.8667,0.7619,0.9074,0.7619,0.8871,16,49,5,5,0.8667,0.7619,0.9074,0.7619,0.8827,18,52,2,3,0.9333,0.8571,0.963,0.878,0.8951,14,49,5,7,0.84,0.6667,0.9074,0.7,0.8483
220,20,37,14,3,0.7703,0.8696,0.7255,0.7018,0.8465,15,38,13,8,0.7162,0.6522,0.7451,0.5882,0.8184,17,45,6,6,0.8378,0.7391,0.8824,0.7391,0.8355,13,38,13,10,0.6892,0.5652,0.7451,0.5306,0.8048,14,39,12,9,0.7162,0.6087,0.7647,0.5714,0.8355,17,44,7,6,0.8243,0.7391,0.8627,0.7234,0.8303,14,41,10,9,0.7432,0.6087,0.8039,0.5957,0.8107,16,48,5,6,0.8533,0.7273,0.9057,0.7442,0.8722,12,49,4,10,0.8133,0.5455,0.9245,0.6316,0.8937,11,49,4,11,0.8,0.5,0.9245,0.5946,0.7556,13,48,5,9,0.8133,0.5909,0.9057,0.65,0.8688,12,48,5,10,0.8,0.5455,0.9057,0.6154,0.8568,15,49,4,7,0.8533,0.6818,0.9245,0.7317,0.8473,11,48,5,11,0.7867,0.5,0.9057,0.5789,0.7925
221,23,33,13,5,0.7568,0.8214,0.7174,0.7188,0.8284,21,37,9,7,0.7838,0.75,0.8043,0.7241,0.8199,22,43,3,6,0.8784,0.7857,0.9348,0.8302,0.809,20,36,10,8,0.7568,0.7143,0.7826,0.6897,0.8059,21,39,7,7,0.8108,0.75,0.8478,0.75,0.8129,19,41,5,9,0.8108,0.6786,0.8913,0.7308,0.8137,21,38,8,7,0.7973,0.75,0.8261,0.7368,0.7842,18,50,3,4,0.9067,0.8182,0.9434,0.8372,0.9245,13,48,5,9,0.8133,0.5909,0.9057,0.65,0.9125,10,51,2,12,0.8133,0.4545,0.9623,0.5882,0.7985,16,48,5,6,0.8533,0.7273,0.9057,0.7442,0.9142,12,48,5,10,0.8,0.5455,0.9057,0.6154,0.9057,16,50,3,6,0.88,0.7273,0.9434,0.7805,0.8919,9,48,5,13,0.76,0.4091,0.9057,0.5,0.8765
222,15,41,16,2,0.7568,0.8824,0.7193,0.625,0.8731,12,46,11,5,0.7838,0.7059,0.807,0.6,0.8473,12,50,7,5,0.8378,0.7059,0.8772,0.6667,0.8101,13,46,11,4,0.7973,0.7647,0.807,0.6341,0.8535,12,47,10,5,0.7973,0.7059,0.8246,0.6154,0.8596,14,48,9,3,0.8378,0.8235,0.8421,0.7,0.87,12,47,10,5,0.7973,0.7059,0.8246,0.6154,0.84,17,44,8,6,0.8133,0.7391,0.8462,0.7083,0.8395,11,46,6,12,0.76,0.4783,0.8846,0.55,0.8687,12,48,4,11,0.8,0.5217,0.9231,0.6154,0.709,13,44,8,10,0.76,0.5652,0.8462,0.5909,0.8303,13,43,9,10,0.7467,0.5652,0.8269,0.5778,0.8202,16,45,7,7,0.8133,0.6957,0.8654,0.6957,0.8253,11,44,8,12,0.7333,0.4783,0.8462,0.5238,0.7692
223,28,32,13,1,0.8108,0.9655,0.7111,0.8,0.9065,26,35,10,3,0.8243,0.8966,0.7778,0.8,0.8713,24,40,5,5,0.8649,0.8276,0.8889,0.8276,0.8782,26,34,11,3,0.8108,0.8966,0.7556,0.7879,0.8828,26,35,10,3,0.8243,0.8966,0.7778,0.8,0.8904,26,39,6,3,0.8784,0.8966,0.8667,0.8525,0.9157,26,35,10,3,0.8243,0.8966,0.7778,0.8,0.859,16,52,5,2,0.9067,0.8889,0.9123,0.8205,0.9094,11,52,5,7,0.84,0.6111,0.9123,0.6471,0.9025,7,55,2,11,0.8267,0.3889,0.9649,0.5185,0.8041,12,51,6,6,0.84,0.6667,0.8947,0.6667,0.8889,8,49,8,10,0.76,0.4444,0.8596,0.4706,0.8655,14,51,6,4,0.8667,0.7778,0.8947,0.7368,0.8733,7,51,6,11,0.7733,0.3889,0.8947,0.4516,0.8499
224,23,36,13,2,0.7973,0.92,0.7347,0.7541,0.8939,20,42,7,5,0.8378,0.8,0.8571,0.7692,0.858,18,42,7,7,0.8108,0.72,0.8571,0.72,0.8637,18,38,11,7,0.7568,0.72,0.7755,0.6667,0.8416,16,39,10,9,0.7432,0.64,0.7959,0.6275,0.8376,22,39,10,3,0.8243,0.88,0.7959,0.7719,0.8808,16,38,11,9,0.7297,0.64,0.7755,0.6154,0.8392,21,46,7,1,0.8933,0.9545,0.8679,0.84,0.9177,17,45,8,5,0.8267,0.7727,0.8491,0.7234,0.9082,13,48,5,9,0.8133,0.5909,0.9057,0.65,0.8688,18,45,8,4,0.84,0.8182,0.8491,0.75,0.9065,15,44,9,7,0.7867,0.6818,0.8302,0.6522,0.8988,20,45,8,2,0.8667,0.9091,0.8491,0.8,0.8945,14,45,8,8,0.7867,0.6364,0.8491,0.6364,0.8774
225,26,28,16,4,0.7297,0.8667,0.6364,0.7222,0.8705,22,35,9,8,0.7703,0.7333,0.7955,0.7213,0.825,20,37,7,10,0.7703,0.6667,0.8409,0.7018,0.8417,19,36,8,11,0.7432,0.6333,0.8182,0.6667,0.8174,20,34,10,10,0.7297,0.6667,0.7727,0.6667,0.8265,24,37,7,6,0.8243,0.8,0.8409,0.7869,0.8682,20,37,7,10,0.7703,0.6667,0.8409,0.7018,0.8076,25,43,5,2,0.9067,0.9259,0.8958,0.8772,0.9576,19,43,5,8,0.8267,0.7037,0.8958,0.7451,0.9475,16,47,1,11,0.84,0.5926,0.9792,0.7273,0.8696,20,42,6,7,0.8267,0.7407,0.875,0.7547,0.9298,19,40,8,8,0.7867,0.7037,0.8333,0.7037,0.9244,23,42,6,4,0.8667,0.8519,0.875,0.8214,0.9221,18,42,6,9,0.8,0.6667,0.875,0.7059,0.9213
226,26,34,10,4,0.8108,0.8667,0.7727,0.7879,0.9061,24,39,5,6,0.8514,0.8,0.8864,0.8136,0.8871,23,38,6,7,0.8243,0.7667,0.8636,0.7797,0.8409,21,39,5,9,0.8108,0.7,0.8864,0.75,0.8924,21,39,5,9,0.8108,0.7,0.8864,0.75,0.8689,23,37,7,7,0.8108,0.7667,0.8409,0.7667,0.8667,21,39,5,9,0.8108,0.7,0.8864,0.75,0.8409,18,48,6,3,0.88,0.8571,0.8889,0.8,0.8668,10,47,7,11,0.76,0.4762,0.8704,0.5263,0.8774,13,51,3,8,0.8533,0.619,0.9444,0.7027,0.8607,17,46,8,4,0.84,0.8095,0.8519,0.7391,0.8519,17,46,8,4,0.84,0.8095,0.8519,0.7391,0.8439,18,49,5,3,0.8933,0.8571,0.9074,0.8182,0.8862,10,46,8,11,0.7467,0.4762,0.8519,0.5128,0.8069
227,26,33,12,3,0.7973,0.8966,0.7333,0.7761,0.8636,22,34,11,7,0.7568,0.7586,0.7556,0.7097,0.8375,24,41,4,5,0.8784,0.8276,0.9111,0.8421,0.8759,23,35,10,6,0.7838,0.7931,0.7778,0.7419,0.8567,21,37,8,8,0.7838,0.7241,0.8222,0.7241,0.8284,23,38,7,6,0.8243,0.7931,0.8444,0.7797,0.8705,21,37,8,8,0.7838,0.7241,0.8222,0.7241,0.8299,19,50,2,4,0.92,0.8261,0.9615,0.8636,0.9348,13,49,3,10,0.8267,0.5652,0.9423,0.6667,0.9356,15,52,0,8,0.8933,0.6522,1.0,0.7895,0.852,18,49,3,5,0.8933,0.7826,0.9423,0.8182,0.9273,17,49,3,6,0.88,0.7391,0.9423,0.7907,0.9122,18,50,2,5,0.9067,0.7826,0.9615,0.8372,0.9348,12,49,3,11,0.8133,0.5217,0.9423,0.6316,0.8888
228,20,37,15,2,0.7703,0.9091,0.7115,0.7018,0.8671,18,44,8,4,0.8378,0.8182,0.8462,0.75,0.8977,18,44,8,4,0.8378,0.8182,0.8462,0.75,0.84,16,43,9,6,0.7973,0.7273,0.8269,0.6809,0.8837,17,44,8,5,0.8243,0.7727,0.8462,0.7234,0.8916,17,43,9,5,0.8108,0.7727,0.8269,0.7083,0.8829,17,44,8,5,0.8243,0.7727,0.8462,0.7234,0.8907,20,48,4,3,0.9067,0.8696,0.9231,0.8511,0.9122,13,46,6,10,0.7867,0.5652,0.8846,0.619,0.9114,14,51,1,9,0.8667,0.6087,0.9808,0.7368,0.8704,17,46,6,6,0.84,0.7391,0.8846,0.7391,0.9038,16,45,7,7,0.8133,0.6957,0.8654,0.6957,0.8938,18,47,5,5,0.8667,0.7826,0.9038,0.7826,0.8863,12,46,6,11,0.7733,0.5217,0.8846,0.5854,0.8587
229,22,32,16,4,0.7297,0.8462,0.6667,0.6875,0.8277,19,40,8,7,0.7973,0.7308,0.8333,0.717,0.7556,19,39,9,7,0.7838,0.7308,0.8125,0.7037,0.8005,18,39,9,8,0.7703,0.6923,0.8125,0.6792,0.754,18,40,8,8,0.7838,0.6923,0.8333,0.6923,0.7436,18,38,10,8,0.7568,0.6923,0.7917,0.6667,0.8005,18,40,8,8,0.7838,0.6923,0.8333,0.6923,0.7468,23,45,3,4,0.9067,0.8519,0.9375,0.8679,0.9444,18,46,2,9,0.8533,0.6667,0.9583,0.766,0.9522,16,48,0,11,0.8533,0.5926,1.0,0.7442,0.8858,21,45,3,6,0.88,0.7778,0.9375,0.8235,0.9383,20,45,3,7,0.8667,0.7407,0.9375,0.8,0.9329,23,46,2,4,0.92,0.8519,0.9583,0.8846,0.9468,17,45,3,10,0.8267,0.6296,0.9375,0.7234,0.9074
230,22,34,15,3,0.7568,0.88,0.6939,0.7097,0.8784,19,39,10,6,0.7838,0.76,0.7959,0.7037,0.8408,21,44,5,4,0.8784,0.84,0.898,0.8235,0.9086,19,36,13,6,0.7432,0.76,0.7347,0.6667,0.849,19,40,9,6,0.7973,0.76,0.8163,0.717,0.8278,19,38,11,6,0.7703,0.76,0.7755,0.6909,0.8669,19,37,12,6,0.7568,0.76,0.7551,0.6786,0.8196,19,48,5,3,0.8933,0.8636,0.9057,0.8261,0.9117,13,48,5,9,0.8133,0.5909,0.9057,0.65,0.9202,9,50,3,13,0.7867,0.4091,0.9434,0.5294,0.8456,15,48,5,7,0.84,0.6818,0.9057,0.7143,0.9099,14,47,6,8,0.8133,0.6364,0.8868,0.6667,0.8902,18,47,6,4,0.8667,0.8182,0.8868,0.7826,0.8825,12,48,5,10,0.8,0.5455,0.9057,0.6154,0.8808
231,33,33,7,1,0.8919,0.9706,0.825,0.8919,0.9375,26,36,4,8,0.8378,0.7647,0.9,0.8125,0.9051,26,37,3,8,0.8514,0.7647,0.925,0.8254,0.9309,23,35,5,11,0.7838,0.6765,0.875,0.7419,0.8963,23,36,4,11,0.7973,0.6765,0.9,0.7541,0.9037,29,36,4,5,0.8784,0.8529,0.9,0.8657,0.9375,23,37,3,11,0.8108,0.6765,0.925,0.7667,0.9022,14,54,5,2,0.9067,0.875,0.9153,0.8,0.9587,10,57,2,6,0.8933,0.625,0.9661,0.7143,0.9873,9,59,0,7,0.9067,0.5625,1.0,0.72,0.9396,11,53,6,5,0.8533,0.6875,0.8983,0.6667,0.9555,11,53,6,5,0.8533,0.6875,0.8983,0.6667,0.964,14,58,1,2,0.96,0.875,0.9831,0.9032,0.982,10,53,6,6,0.84,0.625,0.8983,0.625,0.9248
232,29,30,14,1,0.7973,0.9667,0.6818,0.7945,0.8833,24,31,13,6,0.7432,0.8,0.7045,0.7164,0.8023,26,36,8,4,0.8378,0.8667,0.8182,0.8125,0.9,20,29,15,10,0.6622,0.6667,0.6591,0.6154,0.8045,23,34,10,7,0.7703,0.7667,0.7727,0.7302,0.8326,26,34,10,4,0.8108,0.8667,0.7727,0.7879,0.8939,23,32,12,7,0.7432,0.7667,0.7273,0.7077,0.8008,19,48,3,5,0.8933,0.7917,0.9412,0.8261,0.9101,14,46,5,10,0.8,0.5833,0.902,0.6512,0.8962,12,49,2,12,0.8133,0.5,0.9608,0.6316,0.8007,16,46,5,8,0.8267,0.6667,0.902,0.7111,0.8913,14,45,6,10,0.7867,0.5833,0.8824,0.6364,0.8783,18,47,4,6,0.8667,0.75,0.9216,0.7826,0.8905,12,46,5,12,0.7733,0.5,0.902,0.5854,0.8489
233,26,34,10,4,0.8108,0.8667,0.7727,0.7879,0.8917,23,38,6,7,0.8243,0.7667,0.8636,0.7797,0.8621,24,39,5,6,0.8514,0.8,0.8864,0.8136,0.8061,23,37,7,7,0.8108,0.7667,0.8409,0.7667,0.8705,23,38,6,7,0.8243,0.7667,0.8636,0.7797,0.85,23,37,7,7,0.8108,0.7667,0.8409,0.7667,0.8523,23,37,7,7,0.8108,0.7667,0.8409,0.7667,0.8371,20,45,7,3,0.8667,0.8696,0.8654,0.8,0.8796,16,46,6,7,0.8267,0.6957,0.8846,0.7111,0.8972,16,49,3,7,0.8667,0.6957,0.9423,0.7619,0.8194,17,45,7,6,0.8267,0.7391,0.8654,0.7234,0.8821,17,45,7,6,0.8267,0.7391,0.8654,0.7234,0.862,19,46,6,4,0.8667,0.8261,0.8846,0.7917,0.8863,16,45,7,7,0.8133,0.6957,0.8654,0.6957,0.8161
234,22,40,10,2,0.8378,0.9167,0.8,0.7857,0.8925,19,42,8,5,0.8243,0.7917,0.84,0.7451,0.89,15,45,5,9,0.8108,0.625,0.9,0.6818,0.8592,15,41,9,9,0.7568,0.625,0.82,0.625,0.8758,15,42,8,9,0.7703,0.625,0.84,0.6383,0.8933,22,46,4,2,0.9189,0.9167,0.92,0.88,0.9,15,42,8,9,0.7703,0.625,0.84,0.6383,0.8958,17,49,7,2,0.88,0.8947,0.875,0.7907,0.8985,14,48,8,5,0.8267,0.7368,0.8571,0.6829,0.9229,9,53,3,10,0.8267,0.4737,0.9464,0.5806,0.8524,17,48,8,2,0.8667,0.8947,0.8571,0.7727,0.9079,16,47,9,3,0.84,0.8421,0.8393,0.7273,0.8825,17,48,8,2,0.8667,0.8947,0.8571,0.7727,0.8966,13,48,8,6,0.8133,0.6842,0.8571,0.65,0.8553
235,25,36,7,6,0.8243,0.8065,0.8372,0.7937,0.8762,19,38,5,12,0.7703,0.6129,0.8837,0.6909,0.8635,23,42,1,8,0.8784,0.7419,0.9767,0.8364,0.8402,20,38,5,11,0.7838,0.6452,0.8837,0.7143,0.8395,19,38,5,12,0.7703,0.6129,0.8837,0.6909,0.8537,19,43,0,12,0.8378,0.6129,1.0,0.76,0.8297,19,39,4,12,0.7838,0.6129,0.907,0.7037,0.8672,18,51,4,2,0.92,0.9,0.9273,0.8571,0.9209,14,54,1,6,0.9067,0.7,0.9818,0.8,0.9464,13,54,1,7,0.8933,0.65,0.9818,0.7647,0.8909,16,51,4,4,0.8933,0.8,0.9273,0.8,0.9218,16,50,5,4,0.88,0.8,0.9091,0.7805,0.9036,18,53,2,2,0.9467,0.9,0.9636,0.9,0.9155,14,51,4,6,0.8667,0.7,0.9273,0.7368,0.8709
236,27,31,16,0,0.7838,1.0,0.6596,0.7714,0.9401,19,39,8,8,0.7838,0.7037,0.8298,0.7037,0.8613,23,39,8,4,0.8378,0.8519,0.8298,0.7931,0.9188,19,37,10,8,0.7568,0.7037,0.7872,0.6786,0.8589,19,36,11,8,0.7432,0.7037,0.766,0.6667,0.87,20,39,8,7,0.7973,0.7407,0.8298,0.7273,0.892,19,38,9,8,0.7703,0.7037,0.8085,0.6909,0.8526,12,55,6,2,0.8933,0.8571,0.9016,0.75,0.8712,7,54,7,7,0.8133,0.5,0.8852,0.5,0.8548,6,60,1,8,0.88,0.4286,0.9836,0.5714,0.7752,8,52,9,6,0.8,0.5714,0.8525,0.5161,0.8361,7,52,9,7,0.7867,0.5,0.8525,0.4667,0.8044,11,57,4,3,0.9067,0.7857,0.9344,0.7586,0.8466,6,52,9,8,0.7733,0.4286,0.8525,0.4138,0.7693
237,19,33,18,4,0.7027,0.8261,0.6471,0.6333,0.8201,15,40,11,8,0.7432,0.6522,0.7843,0.6122,0.7903,14,40,11,9,0.7297,0.6087,0.7843,0.5833,0.7656,13,36,15,10,0.6622,0.5652,0.7059,0.5098,0.7673,12,37,14,11,0.6622,0.5217,0.7255,0.4898,0.7519,17,44,7,6,0.8243,0.7391,0.8627,0.7234,0.7758,12,38,13,11,0.6757,0.5217,0.7451,0.5,0.7681,15,51,7,2,0.88,0.8824,0.8793,0.7692,0.9037,9,49,9,8,0.7733,0.5294,0.8448,0.5143,0.9016,10,56,2,7,0.88,0.5882,0.9655,0.6897,0.8935,12,48,10,5,0.8,0.7059,0.8276,0.6154,0.8874,12,48,10,5,0.8,0.7059,0.8276,0.6154,0.8905,15,52,6,2,0.8933,0.8824,0.8966,0.7895,0.9209,9,48,10,8,0.76,0.5294,0.8276,0.5,0.855
238,24,35,12,3,0.7973,0.8889,0.7447,0.7619,0.8983,18,40,7,9,0.7838,0.6667,0.8511,0.6923,0.8645,19,41,6,8,0.8108,0.7037,0.8723,0.7308,0.8235,17,40,7,10,0.7703,0.6296,0.8511,0.6667,0.8416,17,39,8,10,0.7568,0.6296,0.8298,0.6538,0.829,21,41,6,6,0.8378,0.7778,0.8723,0.7778,0.8849,17,40,7,10,0.7703,0.6296,0.8511,0.6667,0.8526,22,42,5,6,0.8533,0.7857,0.8936,0.8,0.9096,16,44,3,12,0.8,0.5714,0.9362,0.6809,0.9392,14,45,2,14,0.7867,0.5,0.9574,0.6364,0.8351,19,42,5,9,0.8133,0.6786,0.8936,0.7308,0.9005,17,40,7,11,0.76,0.6071,0.8511,0.6538,0.8989,21,42,5,7,0.84,0.75,0.8936,0.7778,0.9027,14,42,5,14,0.7467,0.5,0.8936,0.5957,0.867
239,21,31,18,4,0.7027,0.84,0.6327,0.6562,0.8359,18,40,9,7,0.7838,0.72,0.8163,0.6923,0.8049,20,41,8,5,0.8243,0.8,0.8367,0.7547,0.8286,17,38,11,8,0.7432,0.68,0.7755,0.6415,0.8131,17,38,11,8,0.7432,0.68,0.7755,0.6415,0.8008,19,39,10,6,0.7838,0.76,0.7959,0.7037,0.8131,17,38,11,8,0.7432,0.68,0.7755,0.6415,0.7788,25,46,3,1,0.9467,0.9615,0.9388,0.9259,0.9411,16,45,4,10,0.8133,0.6154,0.9184,0.6957,0.9278,20,47,2,6,0.8933,0.7692,0.9592,0.8333,0.9192,21,45,4,5,0.88,0.8077,0.9184,0.8235,0.9239,21,45,4,5,0.88,0.8077,0.9184,0.8235,0.9192,25,46,3,1,0.9467,0.9615,0.9388,0.9259,0.9388,16,45,4,10,0.8133,0.6154,0.9184,0.6957,0.8987
240,23,32,14,5,0.7432,0.8214,0.6957,0.7077,0.8346,19,38,8,9,0.7703,0.6786,0.8261,0.6909,0.8059,21,41,5,7,0.8378,0.75,0.8913,0.7778,0.8106,18,39,7,10,0.7703,0.6429,0.8478,0.6792,0.7803,19,38,8,9,0.7703,0.6786,0.8261,0.6909,0.7888,18,38,8,10,0.7568,0.6429,0.8261,0.6667,0.802,19,39,7,9,0.7838,0.6786,0.8478,0.7037,0.7974,18,44,10,3,0.8267,0.8571,0.8148,0.7347,0.8519,13,43,11,8,0.7467,0.619,0.7963,0.5778,0.8422,11,48,6,10,0.7867,0.5238,0.8889,0.5789,0.7954,14,43,11,7,0.76,0.6667,0.7963,0.6087,0.8413,13,43,11,8,0.7467,0.619,0.7963,0.5778,0.8192,18,44,10,3,0.8267,0.8571,0.8148,0.7347,0.8263,12,43,11,9,0.7333,0.5714,0.7963,0.5455,0.7901
241,25,35,13,1,0.8108,0.9615,0.7292,0.7812,0.9335,18,39,9,8,0.7703,0.6923,0.8125,0.6792,0.8397,23,42,6,3,0.8784,0.8846,0.875,0.8364,0.9431,19,38,10,7,0.7703,0.7308,0.7917,0.6909,0.8518,17,40,8,9,0.7703,0.6538,0.8333,0.6667,0.8454,20,40,8,6,0.8108,0.7692,0.8333,0.7407,0.8766,17,40,8,9,0.7703,0.6538,0.8333,0.6667,0.8365,11,59,4,1,0.9333,0.9167,0.9365,0.8148,0.9696,10,61,2,2,0.9467,0.8333,0.9683,0.8333,0.9735,8,61,2,4,0.92,0.6667,0.9683,0.7273,0.8862,10,59,4,2,0.92,0.8333,0.9365,0.7692,0.9603,9,58,5,3,0.8933,0.75,0.9206,0.6923,0.9603,10,60,3,2,0.9333,0.8333,0.9524,0.8,0.9405,9,59,4,3,0.9067,0.75,0.9365,0.72,0.9577
242,17,40,14,3,0.7703,0.85,0.7407,0.6667,0.8722,13,44,10,7,0.7703,0.65,0.8148,0.6047,0.8194,12,48,6,8,0.8108,0.6,0.8889,0.6316,0.8306,13,44,10,7,0.7703,0.65,0.8148,0.6047,0.7981,13,44,10,7,0.7703,0.65,0.8148,0.6047,0.8194,17,48,6,3,0.8784,0.85,0.8889,0.7907,0.8565,13,44,10,7,0.7703,0.65,0.8148,0.6047,0.7593,11,58,6,0,0.92,1.0,0.9062,0.7857,0.9489,7,56,8,4,0.84,0.6364,0.875,0.5385,0.9205,7,60,4,4,0.8933,0.6364,0.9375,0.6364,0.9375,9,56,8,2,0.8667,0.8182,0.875,0.6429,0.9205,9,54,10,2,0.84,0.8182,0.8438,0.6,0.9148,11,56,8,0,0.8933,1.0,0.875,0.7333,0.9432,7,56,8,4,0.84,0.6364,0.875,0.5385,0.8949
243,32,30,9,3,0.8378,0.9143,0.7692,0.8421,0.8733,27,31,8,8,0.7838,0.7714,0.7949,0.7714,0.8147,28,34,5,7,0.8378,0.8,0.8718,0.8235,0.8674,26,30,9,9,0.7568,0.7429,0.7692,0.7429,0.8198,27,33,6,8,0.8108,0.7714,0.8462,0.7941,0.83,29,32,7,6,0.8243,0.8286,0.8205,0.8169,0.8689,27,31,8,8,0.7838,0.7714,0.7949,0.7714,0.7956,16,44,9,6,0.8,0.7273,0.8302,0.6809,0.8156,10,45,8,12,0.7333,0.4545,0.8491,0.5,0.8396,7,50,3,15,0.76,0.3182,0.9434,0.4375,0.6655,11,42,11,11,0.7067,0.5,0.7925,0.5,0.7916,9,41,12,13,0.6667,0.4091,0.7736,0.4186,0.7804,14,46,7,8,0.8,0.6364,0.8679,0.6512,0.7856,8,42,11,14,0.6667,0.3636,0.7925,0.3902,0.7659
244,27,27,16,4,0.7297,0.871,0.6279,0.7297,0.8207,22,31,12,9,0.7162,0.7097,0.7209,0.6769,0.7907,23,32,11,8,0.7432,0.7419,0.7442,0.7077,0.8192,21,32,11,10,0.7162,0.6774,0.7442,0.6667,0.7854,21,32,11,10,0.7162,0.6774,0.7442,0.6667,0.7809,25,31,12,6,0.7568,0.8065,0.7209,0.7353,0.8095,21,33,10,10,0.7297,0.6774,0.7674,0.6774,0.7682,13,58,2,2,0.9467,0.8667,0.9667,0.8667,0.9133,9,57,3,6,0.88,0.6,0.95,0.6667,0.9044,8,59,1,7,0.8933,0.5333,0.9833,0.6667,0.82,9,57,3,6,0.88,0.6,0.95,0.6667,0.9,8,55,5,7,0.84,0.5333,0.9167,0.5714,0.8589,12,56,4,3,0.9067,0.8,0.9333,0.7742,0.8878,8,57,3,7,0.8667,0.5333,0.95,0.6154,0.8444
245,22,37,14,1,0.7973,0.9565,0.7255,0.7458,0.919,19,40,11,4,0.7973,0.8261,0.7843,0.717,0.8414,18,42,9,5,0.8108,0.7826,0.8235,0.72,0.8423,19,38,13,4,0.7703,0.8261,0.7451,0.6909,0.8508,19,40,11,4,0.7973,0.8261,0.7843,0.717,0.8431,18,41,10,5,0.7973,0.7826,0.8039,0.7059,0.8943,19,39,12,4,0.7838,0.8261,0.7647,0.7037,0.8406,16,47,5,7,0.84,0.6957,0.9038,0.7273,0.8721,13,46,6,10,0.7867,0.5652,0.8846,0.619,0.8863,13,51,1,10,0.8533,0.5652,0.9808,0.7027,0.8395,14,46,6,9,0.8,0.6087,0.8846,0.6512,0.8696,13,46,6,10,0.7867,0.5652,0.8846,0.619,0.8604,16,47,5,7,0.84,0.6957,0.9038,0.7273,0.8737,12,46,6,11,0.7733,0.5217,0.8846,0.5854,0.7968
246,29,28,14,3,0.7703,0.9062,0.6667,0.7733,0.8869,25,34,8,7,0.7973,0.7812,0.8095,0.7692,0.8229,22,37,5,10,0.7973,0.6875,0.881,0.7458,0.8095,24,32,10,8,0.7568,0.75,0.7619,0.7273,0.8162,23,33,9,9,0.7568,0.7188,0.7857,0.7188,0.8095,25,35,7,7,0.8108,0.7812,0.8333,0.7812,0.8586,23,33,9,9,0.7568,0.7188,0.7857,0.7188,0.8073,10,52,8,5,0.8267,0.6667,0.8667,0.6061,0.8289,7,53,7,8,0.8,0.4667,0.8833,0.4828,0.8511,5,56,4,10,0.8133,0.3333,0.9333,0.4167,0.6944,8,51,9,7,0.7867,0.5333,0.85,0.5,0.8056,6,51,9,9,0.76,0.4,0.85,0.4,0.8067,10,54,6,5,0.8533,0.6667,0.9,0.6452,0.8367,5,51,9,10,0.7467,0.3333,0.85,0.3448,0.7678
247,23,32,18,1,0.7432,0.9583,0.64,0.7077,0.9033,18,40,10,6,0.7838,0.75,0.8,0.6923,0.8292,19,40,10,5,0.7973,0.7917,0.8,0.717,0.855,17,40,10,7,0.7703,0.7083,0.8,0.6667,0.8125,17,39,11,7,0.7568,0.7083,0.78,0.6538,0.8217,20,40,10,4,0.8108,0.8333,0.8,0.7407,0.8875,17,40,10,7,0.7703,0.7083,0.8,0.6667,0.8025,16,52,4,3,0.9067,0.8421,0.9286,0.8205,0.9041,8,52,4,11,0.8,0.4211,0.9286,0.5161,0.8976,8,54,2,11,0.8267,0.4211,0.9643,0.5517,0.7876,9,51,5,10,0.8,0.4737,0.9107,0.5455,0.8741,8,50,6,11,0.7733,0.4211,0.8929,0.4848,0.8647,15,52,4,4,0.8933,0.7895,0.9286,0.7895,0.8872,7,51,5,12,0.7733,0.3684,0.9107,0.4516,0.8383
248,19,33,17,5,0.7027,0.7917,0.66,0.6333,0.8033,17,39,11,7,0.7568,0.7083,0.78,0.6538,0.7625,16,42,8,8,0.7838,0.6667,0.84,0.6667,0.8067,15,40,10,9,0.7432,0.625,0.8,0.6122,0.7633,15,40,10,9,0.7432,0.625,0.8,0.6122,0.7608,18,40,10,6,0.7838,0.75,0.8,0.6923,0.8042,15,40,10,9,0.7432,0.625,0.8,0.6122,0.7325,15,47,10,3,0.8267,0.8333,0.8246,0.6977,0.8879,14,45,12,4,0.7867,0.7778,0.7895,0.6364,0.8908,15,49,8,3,0.8533,0.8333,0.8596,0.7317,0.8684,15,44,13,3,0.7867,0.8333,0.7719,0.6522,0.8811,15,42,15,3,0.76,0.8333,0.7368,0.625,0.8782,15,46,11,3,0.8133,0.8333,0.807,0.6818,0.886,14,44,13,4,0.7733,0.7778,0.7719,0.6222,0.8343
249,28,29,15,2,0.7703,0.9333,0.6591,0.7671,0.9053,23,32,12,7,0.7432,0.7667,0.7273,0.7077,0.8174,25,38,6,5,0.8514,0.8333,0.8636,0.8197,0.9439,22,32,12,8,0.7297,0.7333,0.7273,0.6875,0.8303,22,33,11,8,0.7432,0.7333,0.75,0.6984,0.8015,24,35,9,6,0.7973,0.8,0.7955,0.7619,0.9,22,32,12,8,0.7297,0.7333,0.7273,0.6875,0.7697,20,48,6,1,0.9067,0.9524,0.8889,0.8511,0.9321,16,46,8,5,0.8267,0.7619,0.8519,0.7111,0.9171,11,51,3,10,0.8267,0.5238,0.9444,0.6286,0.8933,16,46,8,5,0.8267,0.7619,0.8519,0.7111,0.918,13,45,9,8,0.7733,0.619,0.8333,0.6047,0.903,19,47,7,2,0.88,0.9048,0.8704,0.8085,0.9136,13,46,8,8,0.7867,0.619,0.8519,0.619,0.8845
250,19,44,9,2,0.8514,0.9048,0.8302,0.7755,0.929,16,49,4,5,0.8784,0.7619,0.9245,0.7805,0.8751,16,51,2,5,0.9054,0.7619,0.9623,0.8205,0.9263,14,48,5,7,0.8378,0.6667,0.9057,0.7,0.8598,15,50,3,6,0.8784,0.7143,0.9434,0.7692,0.8634,15,52,1,6,0.9054,0.7143,0.9811,0.8108,0.92,15,49,4,6,0.8649,0.7143,0.9245,0.75,0.8491,17,51,6,1,0.9067,0.9444,0.8947,0.8293,0.9113,13,50,7,5,0.84,0.7222,0.8772,0.6842,0.9084,15,54,3,3,0.92,0.8333,0.9474,0.8333,0.9055,17,49,8,1,0.88,0.9444,0.8596,0.7907,0.9006,16,48,9,2,0.8533,0.8889,0.8421,0.7442,0.8879,17,51,6,1,0.9067,0.9444,0.8947,0.8293,0.9201,12,49,8,6,0.8133,0.6667,0.8596,0.6316,0.8499
251,24,39,11,0,0.8514,1.0,0.78,0.8136,0.9708,21,42,8,3,0.8514,0.875,0.84,0.7925,0.9108,24,46,4,0,0.9459,1.0,0.92,0.9231,0.9742,22,42,8,2,0.8649,0.9167,0.84,0.8148,0.9333,21,45,5,3,0.8919,0.875,0.9,0.84,0.8975,21,43,7,3,0.8649,0.875,0.86,0.8077,0.9483,21,44,6,3,0.8784,0.875,0.88,0.8235,0.9158,12,59,1,3,0.9467,0.8,0.9833,0.8571,0.9344,8,57,3,7,0.8667,0.5333,0.95,0.6154,0.94,9,60,0,6,0.92,0.6,1.0,0.75,0.8333,11,57,3,4,0.9067,0.7333,0.95,0.7586,0.9211,10,55,5,5,0.8667,0.6667,0.9167,0.6667,0.9122,11,57,3,4,0.9067,0.7333,0.95,0.7586,0.9122,7,57,3,8,0.8533,0.4667,0.95,0.56,0.8844
252,23,30,17,4,0.7162,0.8519,0.6383,0.6866,0.8558,17,34,13,10,0.6892,0.6296,0.7234,0.5965,0.8077,20,44,3,7,0.8649,0.7407,0.9362,0.8,0.8392,19,36,11,8,0.7432,0.7037,0.766,0.6667,0.8109,16,35,12,11,0.6892,0.5926,0.7447,0.5818,0.7864,21,40,7,6,0.8243,0.7778,0.8511,0.7636,0.8605,16,37,10,11,0.7162,0.5926,0.7872,0.6038,0.773,14,55,4,2,0.92,0.875,0.9322,0.8235,0.9492,8,54,5,8,0.8267,0.5,0.9153,0.5517,0.947,6,58,1,10,0.8533,0.375,0.9831,0.5217,0.9121,9,53,6,7,0.8267,0.5625,0.8983,0.5806,0.9301,8,52,7,8,0.8,0.5,0.8814,0.5161,0.9301,14,55,4,2,0.92,0.875,0.9322,0.8235,0.9513,7,53,6,9,0.8,0.4375,0.8983,0.4828,0.9121
253,20,34,17,3,0.7297,0.8696,0.6667,0.6667,0.8713,18,39,12,5,0.7703,0.7826,0.7647,0.6792,0.7775,19,42,9,4,0.8243,0.8261,0.8235,0.7451,0.8269,18,38,13,5,0.7568,0.7826,0.7451,0.6667,0.8031,18,39,12,5,0.7703,0.7826,0.7647,0.6792,0.7673,16,38,13,7,0.7297,0.6957,0.7451,0.6154,0.8286,18,39,12,5,0.7703,0.7826,0.7647,0.6792,0.7434,10,57,6,2,0.8933,0.8333,0.9048,0.7143,0.9299,6,56,7,6,0.8267,0.5,0.8889,0.48,0.9378,5,60,3,7,0.8667,0.4167,0.9524,0.5,0.8426,8,55,8,4,0.84,0.6667,0.873,0.5714,0.918,8,54,9,4,0.8267,0.6667,0.8571,0.5517,0.9153,9,57,6,3,0.88,0.75,0.9048,0.6667,0.9087,6,55,8,6,0.8133,0.5,0.873,0.4615,0.8889
254,24,32,13,5,0.7568,0.8276,0.7111,0.7273,0.8628,21,38,7,8,0.7973,0.7241,0.8444,0.7368,0.8375,20,37,8,9,0.7703,0.6897,0.8222,0.7018,0.7824,21,36,9,8,0.7703,0.7241,0.8,0.7119,0.8322,21,37,8,8,0.7838,0.7241,0.8222,0.7241,0.8406,23,36,9,6,0.7973,0.7931,0.8,0.7541,0.8559,21,37,8,8,0.7838,0.7241,0.8222,0.7241,0.8437,19,50,5,1,0.92,0.95,0.9091,0.8636,0.9555,14,48,7,6,0.8267,0.7,0.8727,0.6829,0.93,12,52,3,8,0.8533,0.6,0.9455,0.6857,0.92,16,48,7,4,0.8533,0.8,0.8727,0.7442,0.9291,14,46,9,6,0.8,0.7,0.8364,0.6512,0.9173,19,48,7,1,0.8933,0.95,0.8727,0.8261,0.9418,12,48,7,8,0.8,0.6,0.8727,0.6154,0.9018
255,22,32,17,3,0.7297,0.88,0.6531,0.6875,0.7853,16,36,13,9,0.7027,0.64,0.7347,0.5926,0.7135,19,42,7,6,0.8243,0.76,0.8571,0.7451,0.8743,12,37,12,13,0.6622,0.48,0.7551,0.4898,0.7127,15,35,14,10,0.6757,0.6,0.7143,0.5556,0.6947,18,40,9,7,0.7838,0.72,0.8163,0.6923,0.8367,15,37,12,10,0.7027,0.6,0.7551,0.5769,0.7135,18,47,4,6,0.8667,0.75,0.9216,0.7826,0.9314,16,46,5,8,0.8267,0.6667,0.902,0.7111,0.9297,14,49,2,10,0.84,0.5833,0.9608,0.7,0.7704,16,46,5,8,0.8267,0.6667,0.902,0.7111,0.9175,15,45,6,9,0.8,0.625,0.8824,0.6667,0.9069,18,46,5,6,0.8533,0.75,0.902,0.766,0.9052,15,46,5,9,0.8133,0.625,0.902,0.6818,0.8905
256,21,38,10,5,0.7973,0.8077,0.7917,0.7368,0.867,17,41,7,9,0.7838,0.6538,0.8542,0.68,0.8301,20,43,5,6,0.8514,0.7692,0.8958,0.7843,0.8037,17,37,11,9,0.7297,0.6538,0.7708,0.6296,0.8205,17,42,6,9,0.7973,0.6538,0.875,0.6939,0.8197,18,40,8,8,0.7838,0.6923,0.8333,0.6923,0.847,17,40,8,9,0.7703,0.6538,0.8333,0.6667,0.8165,16,50,5,4,0.88,0.8,0.9091,0.7805,0.92,13,51,4,7,0.8533,0.65,0.9273,0.7027,0.9327,9,52,3,11,0.8133,0.45,0.9455,0.5625,0.8382,14,50,5,6,0.8533,0.7,0.9091,0.7179,0.9191,12,50,5,8,0.8267,0.6,0.9091,0.6486,0.9182,16,51,4,4,0.8933,0.8,0.9273,0.8,0.9282,11,50,5,9,0.8133,0.55,0.9091,0.6111,0.8755
257,33,29,8,4,0.8378,0.8919,0.7838,0.8462,0.8831,29,33,4,8,0.8378,0.7838,0.8919,0.8286,0.8605,29,32,5,8,0.8243,0.7838,0.8649,0.8169,0.8722,26,31,6,11,0.7703,0.7027,0.8378,0.7536,0.8722,26,31,6,11,0.7703,0.7027,0.8378,0.7536,0.8437,30,32,5,7,0.8378,0.8108,0.8649,0.8333,0.8627,26,32,5,11,0.7838,0.7027,0.8649,0.7647,0.8473,8,55,8,4,0.84,0.6667,0.873,0.5714,0.8294,6,53,10,6,0.7867,0.5,0.8413,0.4286,0.8294,5,59,4,7,0.8533,0.4167,0.9365,0.4762,0.6442,6,52,11,6,0.7733,0.5,0.8254,0.4138,0.8201,6,50,13,6,0.7467,0.5,0.7937,0.3871,0.7857,7,54,9,5,0.8133,0.5833,0.8571,0.5,0.8003,6,52,11,6,0.7733,0.5,0.8254,0.4138,0.746
258,21,34,14,5,0.7432,0.8077,0.7083,0.6885,0.8101,17,39,9,9,0.7568,0.6538,0.8125,0.6538,0.8085,17,44,4,9,0.8243,0.6538,0.9167,0.7234,0.7436,17,39,9,9,0.7568,0.6538,0.8125,0.6538,0.8005,17,39,9,9,0.7568,0.6538,0.8125,0.6538,0.7965,20,39,9,6,0.7973,0.7692,0.8125,0.7273,0.8309,17,39,9,9,0.7568,0.6538,0.8125,0.6538,0.7845,10,58,4,3,0.9067,0.7692,0.9355,0.7407,0.9169,7,60,2,6,0.8933,0.5385,0.9677,0.6364,0.9342,7,61,1,6,0.9067,0.5385,0.9839,0.6667,0.7506,8,57,5,5,0.8667,0.6154,0.9194,0.6154,0.9007,8,56,6,5,0.8533,0.6154,0.9032,0.5926,0.8871,8,60,2,5,0.9067,0.6154,0.9677,0.6957,0.8648,7,57,5,6,0.8533,0.5385,0.9194,0.56,0.8623
259,28,28,16,2,0.7568,0.9333,0.6364,0.7568,0.8659,22,34,10,8,0.7568,0.7333,0.7727,0.7097,0.8417,22,38,6,8,0.8108,0.7333,0.8636,0.7586,0.8902,19,33,11,11,0.7027,0.6333,0.75,0.6333,0.8205,21,34,10,9,0.7432,0.7,0.7727,0.6885,0.8667,27,37,7,3,0.8649,0.9,0.8409,0.8438,0.9091,21,34,10,9,0.7432,0.7,0.7727,0.6885,0.8106,16,53,4,2,0.92,0.8889,0.9298,0.8421,0.9084,7,51,6,11,0.7733,0.3889,0.8947,0.4516,0.8957,7,55,2,11,0.8267,0.3889,0.9649,0.5185,0.7612,11,50,7,7,0.8133,0.6111,0.8772,0.6111,0.8811,11,50,7,7,0.8133,0.6111,0.8772,0.6111,0.8704,12,54,3,6,0.88,0.6667,0.9474,0.7273,0.8499,7,50,7,11,0.76,0.3889,0.8772,0.4375,0.8538
260,19,37,16,2,0.7568,0.9048,0.6981,0.6786,0.894,18,43,10,3,0.8243,0.8571,0.8113,0.7347,0.8446,17,45,8,4,0.8378,0.8095,0.8491,0.7391,0.9048,16,41,12,5,0.7703,0.7619,0.7736,0.6531,0.8419,16,44,9,5,0.8108,0.7619,0.8302,0.6957,0.8302,16,42,11,5,0.7838,0.7619,0.7925,0.6667,0.8706,16,41,12,5,0.7703,0.7619,0.7736,0.6531,0.8041,18,47,7,3,0.8667,0.8571,0.8704,0.7826,0.9012,17,46,8,4,0.84,0.8095,0.8519,0.7391,0.9065,14,50,4,7,0.8533,0.6667,0.9259,0.7179,0.8219,18,46,8,3,0.8533,0.8571,0.8519,0.766,0.8951,17,45,9,4,0.8267,0.8095,0.8333,0.7234,0.8836,18,46,8,3,0.8533,0.8571,0.8519,0.766,0.8889,16,46,8,5,0.8267,0.7619,0.8519,0.7111,0.8501
261,25,36,13,0,0.8243,1.0,0.7347,0.7937,0.9412,20,44,5,5,0.8649,0.8,0.898,0.8,0.8645,21,42,7,4,0.8514,0.84,0.8571,0.7925,0.8865,19,42,7,6,0.8243,0.76,0.8571,0.7451,0.8596,19,43,6,6,0.8378,0.76,0.8776,0.76,0.8408,20,41,8,5,0.8243,0.8,0.8367,0.7547,0.9192,19,43,6,6,0.8378,0.76,0.8776,0.76,0.8759,11,49,11,4,0.8,0.7333,0.8167,0.5946,0.8311,7,53,7,8,0.8,0.4667,0.8833,0.4828,0.8733,7,57,3,8,0.8533,0.4667,0.95,0.56,0.7233,8,49,11,7,0.76,0.5333,0.8167,0.4706,0.8344,8,49,11,7,0.76,0.5333,0.8167,0.4706,0.81,10,53,7,5,0.84,0.6667,0.8833,0.625,0.8222,7,49,11,8,0.7467,0.4667,0.8167,0.4242,0.7622
262,28,32,12,2,0.8108,0.9333,0.7273,0.8,0.8879,26,34,10,4,0.8108,0.8667,0.7727,0.7879,0.8424,24,38,6,6,0.8378,0.8,0.8636,0.8,0.8939,23,32,12,7,0.7432,0.7667,0.7273,0.7077,0.853,23,36,8,7,0.7973,0.7667,0.8182,0.7541,0.8697,27,36,8,3,0.8514,0.9,0.8182,0.8308,0.8894,23,34,10,7,0.7703,0.7667,0.7727,0.7302,0.8402,20,50,3,2,0.9333,0.9091,0.9434,0.8889,0.9683,15,50,3,7,0.8667,0.6818,0.9434,0.75,0.9597,9,52,1,13,0.8133,0.4091,0.9811,0.5625,0.8525,16,50,3,6,0.88,0.7273,0.9434,0.7805,0.9623,14,50,3,8,0.8533,0.6364,0.9434,0.7179,0.9563,17,50,3,5,0.8933,0.7727,0.9434,0.8095,0.9305,13,50,3,9,0.84,0.5909,0.9434,0.6842,0.9511
263,19,36,15,4,0.7432,0.8261,0.7059,0.6667,0.8048,16,41,10,7,0.7703,0.6957,0.8039,0.6531,0.7826,19,43,8,4,0.8378,0.8261,0.8431,0.76,0.8346,16,40,11,7,0.7568,0.6957,0.7843,0.64,0.7894,16,42,9,7,0.7838,0.6957,0.8235,0.6667,0.7647,15,42,9,8,0.7703,0.6522,0.8235,0.6383,0.7894,16,41,10,7,0.7703,0.6957,0.8039,0.6531,0.7843,19,48,4,4,0.8933,0.8261,0.9231,0.8261,0.9507,14,48,4,9,0.8267,0.6087,0.9231,0.6829,0.9532,12,49,3,11,0.8133,0.5217,0.9423,0.6316,0.847,15,48,4,8,0.84,0.6522,0.9231,0.7143,0.9457,14,47,5,9,0.8133,0.6087,0.9038,0.6667,0.9457,17,47,5,6,0.8533,0.7391,0.9038,0.7556,0.9222,13,48,4,10,0.8133,0.5652,0.9231,0.65,0.9281
264,25,30,14,5,0.7432,0.8333,0.6818,0.7246,0.8197,20,32,12,10,0.7027,0.6667,0.7273,0.6452,0.7508,20,37,7,10,0.7703,0.6667,0.8409,0.7018,0.7689,17,31,13,13,0.6486,0.5667,0.7045,0.5667,0.7311,19,33,11,11,0.7027,0.6333,0.75,0.6333,0.7386,21,38,6,9,0.7973,0.7,0.8636,0.7368,0.8152,19,34,10,11,0.7162,0.6333,0.7727,0.6441,0.7508,21,48,3,3,0.92,0.875,0.9412,0.875,0.9559,16,47,4,8,0.84,0.6667,0.9216,0.7273,0.9551,18,50,1,6,0.9067,0.75,0.9804,0.8372,0.8848,20,46,5,4,0.88,0.8333,0.902,0.8163,0.9395,20,45,6,4,0.8667,0.8333,0.8824,0.8,0.9404,21,48,3,3,0.92,0.875,0.9412,0.875,0.951,16,46,5,8,0.8267,0.6667,0.902,0.7111,0.9158
265,23,33,14,4,0.7568,0.8519,0.7021,0.7188,0.8503,18,34,13,9,0.7027,0.6667,0.7234,0.6207,0.7983,21,39,8,6,0.8108,0.7778,0.8298,0.75,0.8503,18,34,13,9,0.7027,0.6667,0.7234,0.6207,0.7912,18,36,11,9,0.7297,0.6667,0.766,0.6429,0.7675,19,36,11,8,0.7432,0.7037,0.766,0.6667,0.8385,18,35,12,9,0.7162,0.6667,0.7447,0.6316,0.7794,14,55,2,4,0.92,0.7778,0.9649,0.8235,0.9454,11,55,2,7,0.88,0.6111,0.9649,0.7097,0.9474,10,57,0,8,0.8933,0.5556,1.0,0.7143,0.7865,11,55,2,7,0.88,0.6111,0.9649,0.7097,0.9405,10,54,3,8,0.8533,0.5556,0.9474,0.6452,0.9269,13,54,3,5,0.8933,0.7222,0.9474,0.7647,0.9094,10,55,2,8,0.8667,0.5556,0.9649,0.6667,0.8986
266,25,30,18,1,0.7432,0.9615,0.625,0.7246,0.9079,21,36,12,5,0.7703,0.8077,0.75,0.7119,0.8446,20,41,7,6,0.8243,0.7692,0.8542,0.7547,0.8742,18,37,11,8,0.7432,0.6923,0.7708,0.6545,0.8638,17,39,9,9,0.7568,0.6538,0.8125,0.6538,0.8357,22,37,11,4,0.7973,0.8462,0.7708,0.7458,0.879,17,38,10,9,0.7432,0.6538,0.7917,0.6415,0.8165,14,50,6,5,0.8533,0.7368,0.8929,0.7179,0.8985,11,50,6,8,0.8133,0.5789,0.8929,0.6111,0.9145,10,53,3,9,0.84,0.5263,0.9464,0.625,0.782,12,49,7,7,0.8133,0.6316,0.875,0.6316,0.8994,11,49,7,8,0.8,0.5789,0.875,0.5946,0.8882,13,51,5,6,0.8533,0.6842,0.9107,0.7027,0.8863,10,49,7,9,0.7867,0.5263,0.875,0.5556,0.8581
267,24,27,20,3,0.6892,0.8889,0.5745,0.6761,0.8054,20,35,12,7,0.7432,0.7407,0.7447,0.678,0.7439,20,38,9,7,0.7838,0.7407,0.8085,0.7143,0.8038,17,30,17,10,0.6351,0.6296,0.6383,0.5574,0.7368,19,33,14,8,0.7027,0.7037,0.7021,0.6333,0.7652,23,36,11,4,0.7973,0.8519,0.766,0.7541,0.8164,19,31,16,8,0.6757,0.7037,0.6596,0.6129,0.71,17,51,2,5,0.9067,0.7727,0.9623,0.8293,0.8456,14,51,2,8,0.8667,0.6364,0.9623,0.7368,0.8834,13,52,1,9,0.8667,0.5909,0.9811,0.7222,0.7504,16,50,3,6,0.88,0.7273,0.9434,0.7805,0.8448,14,49,4,8,0.84,0.6364,0.9245,0.7,0.8148,17,51,2,5,0.9067,0.7727,0.9623,0.8293,0.8456,12,50,3,10,0.8267,0.5455,0.9434,0.6486,0.7727
268,27,38,9,0,0.8784,1.0,0.8085,0.8571,0.9819,21,43,4,6,0.8649,0.7778,0.9149,0.8077,0.9393,23,44,3,4,0.9054,0.8519,0.9362,0.8679,0.9732,19,43,4,8,0.8378,0.7037,0.9149,0.76,0.911,20,44,3,7,0.8649,0.7407,0.9362,0.8,0.9267,23,40,7,4,0.8514,0.8519,0.8511,0.807,0.9377,20,43,4,7,0.8514,0.7407,0.9149,0.7843,0.933,14,53,4,4,0.8933,0.7778,0.9298,0.7778,0.9327,7,55,2,11,0.8267,0.3889,0.9649,0.5185,0.963,9,55,2,9,0.8533,0.5,0.9649,0.6207,0.8616,10,53,4,8,0.84,0.5556,0.9298,0.625,0.9191,10,50,7,8,0.8,0.5556,0.8772,0.5714,0.9288,13,52,5,5,0.8667,0.7222,0.9123,0.7222,0.9415,7,53,4,11,0.8,0.3889,0.9298,0.4828,0.8821
269,26,38,8,2,0.8649,0.9286,0.8261,0.8387,0.9247,22,44,2,6,0.8919,0.7857,0.9565,0.8462,0.9037,24,43,3,4,0.9054,0.8571,0.9348,0.8727,0.8843,20,42,4,8,0.8378,0.7143,0.913,0.7692,0.8975,22,41,5,6,0.8514,0.7857,0.8913,0.8,0.8998,24,42,4,4,0.8919,0.8571,0.913,0.8571,0.8975,22,42,4,6,0.8649,0.7857,0.913,0.8148,0.9045,20,45,5,5,0.8667,0.8,0.9,0.8,0.9064,17,44,6,8,0.8133,0.68,0.88,0.7083,0.9088,16,49,1,9,0.8667,0.64,0.98,0.7619,0.8168,18,44,6,7,0.8267,0.72,0.88,0.7347,0.8968,17,44,6,8,0.8133,0.68,0.88,0.7083,0.8792,19,45,5,6,0.8533,0.76,0.9,0.7755,0.8944,16,44,6,9,0.8,0.64,0.88,0.6809,0.8632
270,22,33,16,3,0.7432,0.88,0.6735,0.6984,0.8302,18,38,11,7,0.7568,0.72,0.7755,0.6667,0.7633,16,39,10,9,0.7432,0.64,0.7959,0.6275,0.8318,13,35,14,12,0.6486,0.52,0.7143,0.5,0.7396,13,33,16,12,0.6216,0.52,0.6735,0.4815,0.7396,20,39,10,5,0.7973,0.8,0.7959,0.7273,0.8106,13,36,13,12,0.6622,0.52,0.7347,0.5098,0.7151,18,52,5,0,0.9333,1.0,0.9123,0.878,0.9425,6,52,5,12,0.7733,0.3333,0.9123,0.4138,0.9327,7,55,2,11,0.8267,0.3889,0.9649,0.5185,0.9172,10,50,7,8,0.8,0.5556,0.8772,0.5714,0.9133,10,50,7,8,0.8,0.5556,0.8772,0.5714,0.9133,17,54,3,1,0.9467,0.9444,0.9474,0.8947,0.9454,6,50,7,12,0.7467,0.3333,0.8772,0.3871,0.883
271,19,38,13,4,0.7703,0.8261,0.7451,0.6909,0.815,15,37,14,8,0.7027,0.6522,0.7255,0.5769,0.7425,17,48,3,6,0.8784,0.7391,0.9412,0.7907,0.8159,16,38,13,7,0.7297,0.6957,0.7451,0.6154,0.769,14,41,10,9,0.7432,0.6087,0.8039,0.5957,0.769,18,44,7,5,0.8378,0.7826,0.8627,0.75,0.809,14,40,11,9,0.7297,0.6087,0.7843,0.5833,0.7161,21,48,6,0,0.92,1.0,0.8889,0.875,0.9577,16,51,3,5,0.8933,0.7619,0.9444,0.8,0.9665,15,52,2,6,0.8933,0.7143,0.963,0.7895,0.9092,18,48,6,3,0.88,0.8571,0.8889,0.8,0.9559,18,46,8,3,0.8533,0.8571,0.8519,0.766,0.9533,19,49,5,2,0.9067,0.9048,0.9074,0.8444,0.9339,16,48,6,5,0.8533,0.7619,0.8889,0.7442,0.9339
272,25,28,18,3,0.7162,0.8929,0.6087,0.7042,0.8323,20,32,14,8,0.7027,0.7143,0.6957,0.6452,0.7368,22,36,10,6,0.7838,0.7857,0.7826,0.7333,0.8129,19,29,17,9,0.6486,0.6786,0.6304,0.5938,0.7399,20,31,15,8,0.6892,0.7143,0.6739,0.6349,0.7523,22,36,10,6,0.7838,0.7857,0.7826,0.7333,0.8152,20,31,15,8,0.6892,0.7143,0.6739,0.6349,0.7259,16,53,5,1,0.92,0.9412,0.9138,0.8421,0.9645,12,53,5,5,0.8667,0.7059,0.9138,0.7059,0.9594,12,57,1,5,0.92,0.7059,0.9828,0.8,0.9087,14,52,6,3,0.88,0.8235,0.8966,0.7568,0.9483,14,49,9,3,0.84,0.8235,0.8448,0.7,0.9452,15,51,7,2,0.88,0.8824,0.8793,0.7692,0.9462,12,52,6,5,0.8533,0.7059,0.8966,0.6857,0.932
273,25,31,14,4,0.7568,0.8621,0.6889,0.7353,0.8337,19,37,8,10,0.7568,0.6552,0.8222,0.6786,0.7854,23,36,9,6,0.7973,0.7931,0.8,0.7541,0.823,18,35,10,11,0.7162,0.6207,0.7778,0.6316,0.7839,18,33,12,11,0.6892,0.6207,0.7333,0.6102,0.7471,20,36,9,9,0.7568,0.6897,0.8,0.6897,0.81,18,35,10,11,0.7162,0.6207,0.7778,0.6316,0.751,17,49,6,3,0.88,0.85,0.8909,0.7907,0.87,10,49,6,10,0.7867,0.5,0.8909,0.5556,0.8664,9,52,3,11,0.8133,0.45,0.9455,0.5625,0.7427,11,48,7,9,0.7867,0.55,0.8727,0.5789,0.8564,10,46,9,10,0.7467,0.5,0.8364,0.5128,0.8173,14,48,7,6,0.8267,0.7,0.8727,0.6829,0.8209,9,48,7,11,0.76,0.45,0.8727,0.5,0.8045
274,24,37,11,2,0.8243,0.9231,0.7708,0.7869,0.9431,20,41,7,6,0.8243,0.7692,0.8542,0.7547,0.9095,19,42,6,7,0.8243,0.7308,0.875,0.7451,0.8774,19,41,7,7,0.8108,0.7308,0.8542,0.7308,0.9135,19,41,7,7,0.8108,0.7308,0.8542,0.7308,0.9143,23,45,3,3,0.9189,0.8846,0.9375,0.8846,0.9423,19,42,6,7,0.8243,0.7308,0.875,0.7451,0.9038,16,50,6,3,0.88,0.8421,0.8929,0.7805,0.9079,13,51,5,6,0.8533,0.6842,0.9107,0.7027,0.9239,12,54,2,7,0.88,0.6316,0.9643,0.7273,0.8985,15,48,8,4,0.84,0.7895,0.8571,0.7143,0.8994,13,48,8,6,0.8133,0.6842,0.8571,0.65,0.8976,16,53,3,3,0.92,0.8421,0.9464,0.8421,0.9295,11,48,8,8,0.7867,0.5789,0.8571,0.5789,0.8665
275,20,32,16,6,0.7027,0.7692,0.6667,0.6452,0.7877,18,34,14,8,0.7027,0.6923,0.7083,0.6207,0.7444,18,44,4,8,0.8378,0.6923,0.9167,0.75,0.7612,17,33,15,9,0.6757,0.6538,0.6875,0.5862,0.7612,18,35,13,8,0.7162,0.6923,0.7292,0.6316,0.7708,18,42,6,8,0.8108,0.6923,0.875,0.72,0.8005,18,34,14,8,0.7027,0.6923,0.7083,0.6207,0.6971,19,44,9,3,0.84,0.8636,0.8302,0.76,0.8362,18,43,10,4,0.8133,0.8182,0.8113,0.72,0.825,12,46,7,10,0.7733,0.5455,0.8679,0.5854,0.7616,18,43,10,4,0.8133,0.8182,0.8113,0.72,0.8225,15,42,11,7,0.76,0.6818,0.7925,0.625,0.8173,18,43,10,4,0.8133,0.8182,0.8113,0.72,0.8079,15,43,10,7,0.7733,0.6818,0.8113,0.6383,0.7702
276,25,29,19,1,0.7297,0.9615,0.6042,0.7143,0.8726,19,37,11,7,0.7568,0.7308,0.7708,0.6786,0.8309,19,39,9,7,0.7838,0.7308,0.8125,0.7037,0.8606,17,38,10,9,0.7432,0.6538,0.7917,0.6415,0.8173,17,36,12,9,0.7162,0.6538,0.75,0.6182,0.847,24,40,8,2,0.8649,0.9231,0.8333,0.8276,0.9071,17,38,10,9,0.7432,0.6538,0.7917,0.6415,0.7997,16,49,5,5,0.8667,0.7619,0.9074,0.7619,0.8686,7,49,5,14,0.7467,0.3333,0.9074,0.4242,0.8616,6,50,4,15,0.7467,0.2857,0.9259,0.3871,0.6464,8,49,5,13,0.76,0.381,0.9074,0.4706,0.8563,7,48,6,14,0.7333,0.3333,0.8889,0.4118,0.843,12,48,6,9,0.8,0.5714,0.8889,0.6154,0.7884,6,49,5,15,0.7333,0.2857,0.9074,0.375,0.8236
277,18,36,16,4,0.7297,0.8182,0.6923,0.6429,0.8453,14,46,6,8,0.8108,0.6364,0.8846,0.6667,0.7823,15,42,10,7,0.7703,0.6818,0.8077,0.6383,0.8479,12,41,11,10,0.7162,0.5455,0.7885,0.5333,0.7535,13,44,8,9,0.7703,0.5909,0.8462,0.6047,0.7535,16,42,10,6,0.7838,0.7273,0.8077,0.6667,0.8051,13,41,11,9,0.7297,0.5909,0.7885,0.5652,0.7631,19,52,3,1,0.9467,0.95,0.9455,0.9048,0.98,13,51,4,7,0.8533,0.65,0.9273,0.7027,0.9527,9,55,0,11,0.8533,0.45,1.0,0.6207,0.9627,14,51,4,6,0.8667,0.7,0.9273,0.7368,0.9445,12,47,8,8,0.7867,0.6,0.8545,0.6,0.9382,19,48,7,1,0.8933,0.95,0.8727,0.8261,0.9682,11,51,4,9,0.8267,0.55,0.9273,0.6286,0.9209
278,21,33,16,4,0.7297,0.84,0.6735,0.6774,0.8318,18,37,12,7,0.7432,0.72,0.7551,0.6545,0.7714,19,45,4,6,0.8649,0.76,0.9184,0.7917,0.8751,15,37,12,10,0.7027,0.6,0.7551,0.5769,0.7478,17,37,12,8,0.7297,0.68,0.7551,0.6296,0.7616,17,42,7,8,0.7973,0.68,0.8571,0.6939,0.8147,17,38,11,8,0.7432,0.68,0.7755,0.6415,0.7518,14,50,10,1,0.8533,0.9333,0.8333,0.7179,0.9144,7,49,11,8,0.7467,0.4667,0.8167,0.4242,0.8711,8,57,3,7,0.8667,0.5333,0.95,0.6154,0.8556,12,49,11,3,0.8133,0.8,0.8167,0.6316,0.8733,11,47,13,4,0.7733,0.7333,0.7833,0.5641,0.8478,13,48,12,2,0.8133,0.8667,0.8,0.65,0.8978,6,49,11,9,0.7333,0.4,0.8167,0.375,0.8211
279,22,35,15,2,0.7703,0.9167,0.7,0.7213,0.8742,19,42,8,5,0.8243,0.7917,0.84,0.7451,0.8567,21,44,6,3,0.8784,0.875,0.88,0.8235,0.8692,18,41,9,6,0.7973,0.75,0.82,0.7059,0.8425,18,43,7,6,0.8243,0.75,0.86,0.7347,0.8425,20,40,10,4,0.8108,0.8333,0.8,0.7407,0.8508,18,42,8,6,0.8108,0.75,0.84,0.72,0.83,16,51,6,2,0.8933,0.8889,0.8947,0.8,0.923,6,50,7,12,0.7467,0.3333,0.8772,0.3871,0.8996,7,54,3,11,0.8133,0.3889,0.9474,0.5,0.8519,9,50,7,9,0.7867,0.5,0.8772,0.5294,0.8967,9,49,8,9,0.7733,0.5,0.8596,0.5143,0.8821,14,50,7,4,0.8533,0.7778,0.8772,0.7179,0.8811,6,50,7,12,0.7467,0.3333,0.8772,0.3871,0.8596
280,22,40,10,2,0.8378,0.9167,0.8,0.7857,0.9267,18,44,6,6,0.8378,0.75,0.88,0.75,0.8875,21,43,7,3,0.8649,0.875,0.86,0.8077,0.9042,18,44,6,6,0.8378,0.75,0.88,0.75,0.8892,18,43,7,6,0.8243,0.75,0.86,0.7347,0.8658,20,42,8,4,0.8378,0.8333,0.84,0.7692,0.8925,18,44,6,6,0.8378,0.75,0.88,0.75,0.8633,17,50,4,4,0.8933,0.8095,0.9259,0.8095,0.9347,11,50,4,10,0.8133,0.5238,0.9259,0.6111,0.9365,13,52,2,8,0.8667,0.619,0.963,0.7222,0.8333,16,50,4,5,0.88,0.7619,0.9259,0.7805,0.9242,15,49,5,6,0.8533,0.7143,0.9074,0.7317,0.9145,17,49,5,4,0.88,0.8095,0.9074,0.7907,0.9259,10,50,4,11,0.8,0.4762,0.9259,0.5714,0.8968
281,22,31,18,3,0.7162,0.88,0.6327,0.6769,0.8163,17,38,11,8,0.7432,0.68,0.7755,0.6415,0.7788,15,39,10,10,0.7297,0.6,0.7959,0.6,0.7469,12,37,12,13,0.6622,0.48,0.7551,0.4898,0.7331,15,39,10,10,0.7297,0.6,0.7959,0.6,0.7649,19,35,14,6,0.7297,0.76,0.7143,0.6552,0.7837,15,39,10,10,0.7297,0.6,0.7959,0.6,0.7788,14,53,6,2,0.8933,0.875,0.8983,0.7778,0.9131,9,54,5,7,0.84,0.5625,0.9153,0.6,0.9163,7,58,1,9,0.8667,0.4375,0.9831,0.5833,0.8559,12,52,7,4,0.8533,0.75,0.8814,0.6857,0.8909,10,51,8,6,0.8133,0.625,0.8644,0.5882,0.8962,14,54,5,2,0.9067,0.875,0.9153,0.8,0.91,7,52,7,9,0.7867,0.4375,0.8814,0.4667,0.8591
282,17,33,19,5,0.6757,0.7727,0.6346,0.5862,0.7771,12,40,12,10,0.7027,0.5455,0.7692,0.5217,0.7168,15,43,9,7,0.7838,0.6818,0.8269,0.6522,0.7229,12,39,13,10,0.6892,0.5455,0.75,0.5106,0.7028,12,41,11,10,0.7162,0.5455,0.7885,0.5333,0.743,14,39,13,8,0.7162,0.6364,0.75,0.5714,0.7107,12,43,9,10,0.7432,0.5455,0.8269,0.5581,0.715,20,51,2,2,0.9467,0.9091,0.9623,0.9091,0.9383,16,52,1,6,0.9067,0.7273,0.9811,0.8205,0.9391,13,53,0,9,0.88,0.5909,1.0,0.7429,0.8388,17,51,2,5,0.9067,0.7727,0.9623,0.8293,0.934,15,50,3,7,0.8667,0.6818,0.9434,0.75,0.9082,18,51,2,4,0.92,0.8182,0.9623,0.8571,0.9039,14,51,2,8,0.8667,0.6364,0.9623,0.7368,0.8945
283,26,36,9,3,0.8378,0.8966,0.8,0.8125,0.9257,19,42,3,10,0.8243,0.6552,0.9333,0.7451,0.9019,23,38,7,6,0.8243,0.7931,0.8444,0.7797,0.8674,19,41,4,10,0.8108,0.6552,0.9111,0.7308,0.8789,19,43,2,10,0.8378,0.6552,0.9556,0.76,0.9011,21,37,8,8,0.7838,0.7241,0.8222,0.7241,0.8981,19,42,3,10,0.8243,0.6552,0.9333,0.7451,0.9065,16,49,7,3,0.8667,0.8421,0.875,0.7619,0.9107,7,49,7,12,0.7467,0.3684,0.875,0.4242,0.8985,7,52,4,12,0.7867,0.3684,0.9286,0.4667,0.7547,9,49,7,10,0.7733,0.4737,0.875,0.5143,0.8929,9,48,8,10,0.76,0.4737,0.8571,0.5,0.8891,15,48,8,4,0.84,0.7895,0.8571,0.7143,0.8797,7,49,7,12,0.7467,0.3684,0.875,0.4242,0.8825
284,23,36,10,5,0.7973,0.8214,0.7826,0.7541,0.8587,21,42,4,7,0.8514,0.75,0.913,0.7925,0.8401,22,42,4,6,0.8649,0.7857,0.913,0.8148,0.8207,21,40,6,7,0.8243,0.75,0.8696,0.7636,0.83,21,39,7,7,0.8108,0.75,0.8478,0.75,0.8339,21,43,3,7,0.8649,0.75,0.9348,0.8077,0.823,21,40,6,7,0.8243,0.75,0.8696,0.7636,0.8098,15,50,5,5,0.8667,0.75,0.9091,0.75,0.8791,11,49,6,9,0.8,0.55,0.8909,0.5946,0.8936,12,54,1,8,0.88,0.6,0.9818,0.7273,0.7718,12,48,7,8,0.8,0.6,0.8727,0.6154,0.8627,12,48,7,8,0.8,0.6,0.8727,0.6154,0.8527,14,51,4,6,0.8667,0.7,0.9273,0.7368,0.8573,11,48,7,9,0.7867,0.55,0.8727,0.5789,0.8191
285,26,38,9,1,0.8649,0.963,0.8085,0.8387,0.9417,20,40,7,7,0.8108,0.7407,0.8511,0.7407,0.892,23,42,5,4,0.8784,0.8519,0.8936,0.8364,0.8976,22,38,9,5,0.8108,0.8148,0.8085,0.7586,0.9015,19,40,7,8,0.7973,0.7037,0.8511,0.717,0.8731,22,43,4,5,0.8784,0.8148,0.9149,0.8302,0.9039,19,40,7,8,0.7973,0.7037,0.8511,0.717,0.8597,21,49,3,2,0.9333,0.913,0.9423,0.8936,0.9231,17,47,5,6,0.8533,0.7391,0.9038,0.7556,0.9064,11,49,3,12,0.8,0.4783,0.9423,0.5946,0.8595,18,47,5,5,0.8667,0.7826,0.9038,0.7826,0.9005,14,46,6,9,0.8,0.6087,0.8846,0.6512,0.8963,21,48,4,2,0.92,0.913,0.9231,0.875,0.9064,13,47,5,10,0.8,0.5652,0.9038,0.6341,0.8838
286,20,37,11,6,0.7703,0.7692,0.7708,0.7018,0.8117,17,41,7,9,0.7838,0.6538,0.8542,0.68,0.7748,18,44,4,8,0.8378,0.6923,0.9167,0.75,0.8149,15,40,8,11,0.7432,0.5769,0.8333,0.6122,0.7444,16,39,9,10,0.7432,0.6154,0.8125,0.6275,0.7444,17,43,5,9,0.8108,0.6538,0.8958,0.7083,0.7804,16,41,7,10,0.7703,0.6154,0.8542,0.6531,0.7716,27,42,4,2,0.92,0.931,0.913,0.9,0.943,15,42,4,14,0.76,0.5172,0.913,0.625,0.9333,12,44,2,17,0.7467,0.4138,0.9565,0.5581,0.8658,17,42,4,12,0.7867,0.5862,0.913,0.68,0.928,17,41,5,12,0.7733,0.5862,0.8913,0.6667,0.9235,24,41,5,5,0.8667,0.8276,0.8913,0.8276,0.9025,15,42,4,14,0.76,0.5172,0.913,0.625,0.9168
287,24,34,14,2,0.7838,0.9231,0.7083,0.75,0.8854,18,40,8,8,0.7838,0.6923,0.8333,0.6923,0.8317,21,38,10,5,0.7973,0.8077,0.7917,0.7368,0.847,18,38,10,8,0.7568,0.6923,0.7917,0.6667,0.8454,16,38,10,10,0.7297,0.6154,0.7917,0.6154,0.8261,21,38,10,5,0.7973,0.8077,0.7917,0.7368,0.8566,16,39,9,10,0.7432,0.6154,0.8125,0.6275,0.8093,17,52,5,1,0.92,0.9444,0.9123,0.85,0.9756,13,51,6,5,0.8533,0.7222,0.8947,0.7027,0.962,12,56,1,6,0.9067,0.6667,0.9825,0.7742,0.9025,13,51,6,5,0.8533,0.7222,0.8947,0.7027,0.9571,13,49,8,5,0.8267,0.7222,0.8596,0.6667,0.9513,15,50,7,3,0.8667,0.8333,0.8772,0.75,0.9337,13,51,6,5,0.8533,0.7222,0.8947,0.7027,0.9405
288,21,34,15,4,0.7432,0.84,0.6939,0.6885,0.7722,15,44,5,10,0.7973,0.6,0.898,0.6667,0.7551,16,44,5,9,0.8108,0.64,0.898,0.6957,0.8008,14,42,7,11,0.7568,0.56,0.8571,0.6087,0.7371,13,43,6,12,0.7568,0.52,0.8776,0.5909,0.7216,19,41,8,6,0.8108,0.76,0.8367,0.7308,0.791,13,42,7,12,0.7432,0.52,0.8571,0.5778,0.7535,10,54,8,3,0.8533,0.7692,0.871,0.6452,0.871,6,54,8,7,0.8,0.4615,0.871,0.4444,0.9007,7,59,3,6,0.88,0.5385,0.9516,0.6087,0.8176,9,53,9,4,0.8267,0.6923,0.8548,0.5806,0.871,9,53,9,4,0.8267,0.6923,0.8548,0.5806,0.8635,10,55,7,3,0.8667,0.7692,0.8871,0.6667,0.8945,6,53,9,7,0.7867,0.4615,0.8548,0.4286,0.8337
289,14,41,17,2,0.7432,0.875,0.7069,0.5957,0.8728,13,51,7,3,0.8649,0.8125,0.8793,0.7222,0.8556,13,54,4,3,0.9054,0.8125,0.931,0.7879,0.8944,11,50,8,5,0.8243,0.6875,0.8621,0.6286,0.833,12,48,10,4,0.8108,0.75,0.8276,0.6316,0.8373,13,51,7,3,0.8649,0.8125,0.8793,0.7222,0.8901,12,50,8,4,0.8378,0.75,0.8621,0.6667,0.8405,17,49,5,4,0.88,0.8095,0.9074,0.7907,0.8677,11,47,7,10,0.7733,0.5238,0.8704,0.5641,0.8492,8,52,2,13,0.8,0.381,0.963,0.5161,0.7892,12,47,7,9,0.7867,0.5714,0.8704,0.6,0.8307,10,43,11,11,0.7067,0.4762,0.7963,0.4762,0.8069,16,45,9,5,0.8133,0.7619,0.8333,0.6957,0.8333,9,47,7,12,0.7467,0.4286,0.8704,0.4865,0.7549
290,20,33,18,3,0.7162,0.8696,0.6471,0.6557,0.8338,17,40,11,6,0.7703,0.7391,0.7843,0.6667,0.7886,18,45,6,5,0.8514,0.7826,0.8824,0.766,0.8645,15,38,13,8,0.7162,0.6522,0.7451,0.5882,0.7783,16,40,11,7,0.7568,0.6957,0.7843,0.64,0.7801,18,45,6,5,0.8514,0.7826,0.8824,0.766,0.8278,16,40,11,7,0.7568,0.6957,0.7843,0.64,0.7766,12,54,4,5,0.88,0.7059,0.931,0.7273,0.8955,8,55,3,9,0.84,0.4706,0.9483,0.5714,0.9077,8,56,2,9,0.8533,0.4706,0.9655,0.5926,0.6947,9,53,5,8,0.8267,0.5294,0.9138,0.5806,0.8844,9,52,6,8,0.8133,0.5294,0.8966,0.5625,0.8631,11,55,3,6,0.88,0.6471,0.9483,0.7097,0.8651,8,53,5,9,0.8133,0.4706,0.9138,0.5333,0.8408
291,31,29,13,1,0.8108,0.9688,0.6905,0.8158,0.9435,28,31,11,4,0.7973,0.875,0.7381,0.7887,0.8906,27,37,5,5,0.8649,0.8438,0.881,0.8438,0.9182,26,33,9,6,0.7973,0.8125,0.7857,0.7761,0.8891,26,34,8,6,0.8108,0.8125,0.8095,0.7879,0.8921,28,36,6,4,0.8649,0.875,0.8571,0.8485,0.9115,26,34,8,6,0.8108,0.8125,0.8095,0.7879,0.8653,16,54,4,1,0.9333,0.9412,0.931,0.8649,0.9493,7,55,3,10,0.8267,0.4118,0.9483,0.5185,0.9594,6,57,1,11,0.84,0.3529,0.9828,0.5,0.8367,9,53,5,8,0.8267,0.5294,0.9138,0.5806,0.9331,9,51,7,8,0.8,0.5294,0.8793,0.5455,0.93,13,54,4,4,0.8933,0.7647,0.931,0.7647,0.9077,7,53,5,10,0.8,0.4118,0.9138,0.4828,0.9249
292,27,35,11,1,0.8378,0.9643,0.7609,0.8182,0.9224,24,39,7,4,0.8514,0.8571,0.8478,0.8136,0.9022,24,42,4,4,0.8919,0.8571,0.913,0.8571,0.9348,20,39,7,8,0.7973,0.7143,0.8478,0.7273,0.9014,21,41,5,7,0.8378,0.75,0.8913,0.7778,0.9107,25,39,7,3,0.8649,0.8929,0.8478,0.8333,0.9255,21,40,6,7,0.8243,0.75,0.8696,0.7636,0.8688,25,44,4,2,0.92,0.9259,0.9167,0.8929,0.9406,14,41,7,13,0.7333,0.5185,0.8542,0.5833,0.912,17,46,2,10,0.84,0.6296,0.9583,0.7391,0.8627,19,40,8,8,0.7867,0.7037,0.8333,0.7037,0.8989,18,40,8,9,0.7733,0.6667,0.8333,0.6792,0.8966,23,45,3,4,0.9067,0.8519,0.9375,0.8679,0.9066,13,40,8,14,0.7067,0.4815,0.8333,0.5417,0.8781
293,17,34,18,5,0.6892,0.7727,0.6538,0.5965,0.7841,15,40,12,7,0.7432,0.6818,0.7692,0.6122,0.7727,14,46,6,8,0.8108,0.6364,0.8846,0.6667,0.7753,14,38,14,8,0.7027,0.6364,0.7308,0.56,0.7806,14,39,13,8,0.7162,0.6364,0.75,0.5714,0.7649,14,43,9,8,0.7703,0.6364,0.8269,0.6222,0.7552,14,39,13,8,0.7162,0.6364,0.75,0.5714,0.7544,17,47,7,4,0.8533,0.8095,0.8704,0.7556,0.8862,16,48,6,5,0.8533,0.7619,0.8889,0.7442,0.9153,11,52,2,10,0.84,0.5238,0.963,0.6471,0.8245,16,45,9,5,0.8133,0.7619,0.8333,0.6957,0.8915,14,45,9,7,0.7867,0.6667,0.8333,0.6364,0.8757,16,50,4,5,0.88,0.7619,0.9259,0.7805,0.8871,14,45,9,7,0.7867,0.6667,0.8333,0.6364,0.8527
294,31,28,11,4,0.7973,0.8857,0.7179,0.8052,0.8828,28,33,6,7,0.8243,0.8,0.8462,0.8116,0.8659,27,35,4,8,0.8378,0.7714,0.8974,0.8182,0.8733,24,31,8,11,0.7432,0.6857,0.7949,0.7164,0.8601,26,32,7,9,0.7838,0.7429,0.8205,0.7647,0.8498,28,31,8,7,0.7973,0.8,0.7949,0.7887,0.8696,26,31,8,9,0.7703,0.7429,0.7949,0.7536,0.8227,20,45,8,2,0.8667,0.9091,0.8491,0.8,0.9245,14,46,7,8,0.8,0.6364,0.8679,0.6512,0.9168,14,52,1,8,0.88,0.6364,0.9811,0.7568,0.8722,17,44,9,5,0.8133,0.7727,0.8302,0.7083,0.8988,16,44,9,6,0.8,0.7273,0.8302,0.6809,0.8997,19,47,6,3,0.88,0.8636,0.8868,0.8085,0.9194,13,44,9,9,0.76,0.5909,0.8302,0.5909,0.8799
295,24,35,12,3,0.7973,0.8889,0.7447,0.7619,0.8968,22,39,8,5,0.8243,0.8148,0.8298,0.7719,0.8905,21,39,8,6,0.8108,0.7778,0.8298,0.75,0.8227,21,40,7,6,0.8243,0.7778,0.8511,0.7636,0.8944,21,39,8,6,0.8108,0.7778,0.8298,0.75,0.8936,23,40,7,4,0.8514,0.8519,0.8511,0.807,0.8857,21,40,7,6,0.8243,0.7778,0.8511,0.7636,0.8897,18,45,6,6,0.84,0.75,0.8824,0.75,0.9003,12,45,6,12,0.76,0.5,0.8824,0.5714,0.9126,10,50,1,14,0.8,0.4167,0.9804,0.5714,0.8227,17,43,8,7,0.8,0.7083,0.8431,0.6939,0.8717,16,41,10,8,0.76,0.6667,0.8039,0.64,0.8775,18,45,6,6,0.84,0.75,0.8824,0.75,0.8995,11,43,8,13,0.72,0.4583,0.8431,0.5116,0.8423
296,21,35,16,2,0.7568,0.913,0.6863,0.7,0.8781,19,44,7,4,0.8514,0.8261,0.8627,0.7755,0.8645,19,45,6,4,0.8649,0.8261,0.8824,0.7917,0.8483,19,43,8,4,0.8378,0.8261,0.8431,0.76,0.8755,18,41,10,5,0.7973,0.7826,0.8039,0.7059,0.8465,19,45,6,4,0.8649,0.8261,0.8824,0.7917,0.8806,18,43,8,5,0.8243,0.7826,0.8431,0.7347,0.8363,17,51,2,5,0.9067,0.7727,0.9623,0.8293,0.958,13,50,3,9,0.84,0.5909,0.9434,0.6842,0.9605,13,53,0,9,0.88,0.5909,1.0,0.7429,0.8825,17,50,3,5,0.8933,0.7727,0.9434,0.8095,0.9485,17,50,3,5,0.8933,0.7727,0.9434,0.8095,0.946,17,51,2,5,0.9067,0.7727,0.9623,0.8293,0.9588,13,50,3,9,0.84,0.5909,0.9434,0.6842,0.922
297,23,35,11,5,0.7838,0.8214,0.7609,0.7419,0.8564,19,41,5,9,0.8108,0.6786,0.8913,0.7308,0.8292,18,39,7,10,0.7703,0.6429,0.8478,0.6792,0.7834,19,38,8,9,0.7703,0.6786,0.8261,0.6909,0.8191,17,39,7,11,0.7568,0.6071,0.8478,0.6538,0.8059,21,40,6,7,0.8243,0.75,0.8696,0.7636,0.8152,17,39,7,11,0.7568,0.6071,0.8478,0.6538,0.7834,18,50,5,2,0.9067,0.9,0.9091,0.8372,0.9491,12,49,6,8,0.8133,0.6,0.8909,0.6316,0.9182,7,54,1,13,0.8133,0.35,0.9818,0.5,0.8327,14,49,6,6,0.84,0.7,0.8909,0.7,0.9164,10,47,8,10,0.76,0.5,0.8545,0.5263,0.9018,16,48,7,4,0.8533,0.8,0.8727,0.7442,0.8782,8,49,6,12,0.76,0.4,0.8909,0.4706,0.8836
298,17,38,17,2,0.7432,0.8947,0.6909,0.6415,0.8622,14,44,11,5,0.7838,0.7368,0.8,0.6364,0.8067,15,46,9,4,0.8243,0.7895,0.8364,0.6977,0.8603,13,40,15,6,0.7162,0.6842,0.7273,0.5532,0.801,13,45,10,6,0.7838,0.6842,0.8182,0.619,0.7943,16,44,11,3,0.8108,0.8421,0.8,0.6957,0.8373,13,43,12,6,0.7568,0.6842,0.7818,0.5909,0.8019,21,43,6,5,0.8533,0.8077,0.8776,0.7925,0.9137,14,43,6,12,0.76,0.5385,0.8776,0.6087,0.9074,11,47,2,15,0.7733,0.4231,0.9592,0.5641,0.803,17,42,7,9,0.7867,0.6538,0.8571,0.68,0.8909,15,42,7,11,0.76,0.5769,0.8571,0.625,0.8893,20,44,5,6,0.8533,0.7692,0.898,0.7843,0.9027,12,42,7,14,0.72,0.4615,0.8571,0.5333,0.8673
299,21,39,13,1,0.8108,0.9545,0.75,0.75,0.9196,18,43,9,4,0.8243,0.8182,0.8269,0.7347,0.8794,19,48,4,3,0.9054,0.8636,0.9231,0.8444,0.9642,16,42,10,6,0.7838,0.7273,0.8077,0.6667,0.8628,17,46,6,5,0.8514,0.7727,0.8846,0.7556,0.8837,18,47,5,4,0.8784,0.8182,0.9038,0.8,0.9362,17,44,8,5,0.8243,0.7727,0.8462,0.7234,0.8505,17,52,6,0,0.92,1.0,0.8966,0.85,0.9615,14,51,7,3,0.8667,0.8235,0.8793,0.7368,0.9503,13,56,2,4,0.92,0.7647,0.9655,0.8125,0.9229,15,51,7,2,0.88,0.8824,0.8793,0.7692,0.9523,13,50,8,4,0.84,0.7647,0.8621,0.6842,0.9442,16,51,7,1,0.8933,0.9412,0.8793,0.8,0.9381,12,51,7,5,0.84,0.7059,0.8793,0.6667,0.9422
300,21,34,15,4,0.7432,0.84,0.6939,0.6885,0.8718,20,40,9,5,0.8108,0.8,0.8163,0.7407,0.8473,19,43,6,6,0.8378,0.76,0.8776,0.76,0.8122,18,39,10,7,0.7703,0.72,0.7959,0.6792,0.8449,19,40,9,6,0.7973,0.76,0.8163,0.717,0.8286,19,40,9,6,0.7973,0.76,0.8163,0.717,0.84,19,39,10,6,0.7838,0.76,0.7959,0.7037,0.8041,22,42,7,4,0.8533,0.8462,0.8571,0.8,0.8289,14,44,5,12,0.7733,0.5385,0.898,0.6222,0.8383,16,45,4,10,0.8133,0.6154,0.9184,0.6957,0.7755,20,42,7,6,0.8267,0.7692,0.8571,0.7547,0.8038,18,40,9,8,0.7733,0.6923,0.8163,0.6792,0.8061,22,42,7,4,0.8533,0.8462,0.8571,0.8,0.8179,12,42,7,14,0.72,0.4615,0.8571,0.5333,0.7386
301,17,40,15,2,0.7703,0.8947,0.7273,0.6667,0.9081,16,43,12,3,0.7973,0.8421,0.7818,0.6809,0.8699,17,49,6,2,0.8919,0.8947,0.8909,0.8095,0.8957,16,42,13,3,0.7838,0.8421,0.7636,0.6667,0.8718,16,43,12,3,0.7973,0.8421,0.7818,0.6809,0.8737,16,45,10,3,0.8243,0.8421,0.8182,0.7111,0.8813,16,43,12,3,0.7973,0.8421,0.7818,0.6809,0.8421,20,49,4,2,0.92,0.9091,0.9245,0.8696,0.9271,15,49,4,7,0.8533,0.6818,0.9245,0.7317,0.9322,15,51,2,7,0.88,0.6818,0.9623,0.7692,0.8859,17,49,4,5,0.88,0.7727,0.9245,0.7907,0.9237,16,48,5,6,0.8533,0.7273,0.9057,0.7442,0.9194,20,48,5,2,0.9067,0.9091,0.9057,0.8511,0.9297,14,49,4,8,0.84,0.6364,0.9245,0.7,0.8937
302,21,32,18,3,0.7162,0.875,0.64,0.6667,0.855,17,32,18,7,0.6622,0.7083,0.64,0.5763,0.7858,17,44,6,7,0.8243,0.7083,0.88,0.7234,0.8433,17,31,19,7,0.6486,0.7083,0.62,0.5667,0.7883,16,37,13,8,0.7162,0.6667,0.74,0.6038,0.775,18,38,12,6,0.7568,0.75,0.76,0.6667,0.8358,16,34,16,8,0.6757,0.6667,0.68,0.5714,0.76,16,51,6,2,0.8933,0.8889,0.8947,0.8,0.9191,10,52,5,8,0.8267,0.5556,0.9123,0.6061,0.924,7,55,2,11,0.8267,0.3889,0.9649,0.5185,0.7768,12,49,8,6,0.8133,0.6667,0.8596,0.6316,0.9025,10,48,9,8,0.7733,0.5556,0.8421,0.5405,0.8977,13,53,4,5,0.88,0.7222,0.9298,0.7429,0.8811,8,49,8,10,0.76,0.4444,0.8596,0.4706,0.8635
303,19,40,14,1,0.7973,0.95,0.7407,0.717,0.9241,18,44,10,2,0.8378,0.9,0.8148,0.75,0.9139,15,50,4,5,0.8784,0.75,0.9259,0.7692,0.937,15,47,7,5,0.8378,0.75,0.8704,0.7143,0.9139,15,48,6,5,0.8514,0.75,0.8889,0.7317,0.9028,19,44,10,1,0.8514,0.95,0.8148,0.7755,0.9398,15,47,7,5,0.8378,0.75,0.8704,0.7143,0.8685,21,42,10,2,0.84,0.913,0.8077,0.7778,0.8972,14,43,9,9,0.76,0.6087,0.8269,0.6087,0.9013,14,51,1,9,0.8667,0.6087,0.9808,0.7368,0.8579,16,41,11,7,0.76,0.6957,0.7885,0.64,0.8846,16,40,12,7,0.7467,0.6957,0.7692,0.6275,0.8796,20,43,9,3,0.84,0.8696,0.8269,0.7692,0.8871,14,41,11,9,0.7333,0.6087,0.7885,0.5833,0.8436
304,25,32,9,8,0.7703,0.7576,0.7805,0.7463,0.7827,22,33,8,11,0.7432,0.6667,0.8049,0.6984,0.7864,21,37,4,12,0.7838,0.6364,0.9024,0.7241,0.779,22,31,10,11,0.7162,0.6667,0.7561,0.6769,0.7923,20,33,8,13,0.7162,0.6061,0.8049,0.6557,0.7664,23,35,6,10,0.7838,0.697,0.8537,0.7419,0.7753,20,33,8,13,0.7162,0.6061,0.8049,0.6557,0.7568,13,53,5,4,0.88,0.7647,0.9138,0.7429,0.8692,6,54,4,11,0.8,0.3529,0.931,0.4444,0.8895,8,55,3,9,0.84,0.4706,0.9483,0.5714,0.7059,9,53,5,8,0.8267,0.5294,0.9138,0.5806,0.859,9,52,6,8,0.8133,0.5294,0.8966,0.5625,0.8448,11,53,5,6,0.8533,0.6471,0.9138,0.6667,0.8286,6,53,5,11,0.7867,0.3529,0.9138,0.4286,0.8215
305,28,34,12,0,0.8378,1.0,0.7391,0.8235,0.927,25,36,10,3,0.8243,0.8929,0.7826,0.7937,0.8936,23,39,7,5,0.8378,0.8214,0.8478,0.7931,0.9107,23,35,11,5,0.7838,0.8214,0.7609,0.7419,0.8983,22,35,11,6,0.7703,0.7857,0.7609,0.7213,0.9084,27,37,9,1,0.8649,0.9643,0.8043,0.8438,0.9138,22,35,11,6,0.7703,0.7857,0.7609,0.7213,0.8595,13,55,5,2,0.9067,0.8667,0.9167,0.7879,0.8611,7,53,7,8,0.8,0.4667,0.8833,0.4828,0.8544,9,58,2,6,0.8933,0.6,0.9667,0.6923,0.7556,9,52,8,6,0.8133,0.6,0.8667,0.5625,0.8311,9,49,11,6,0.7733,0.6,0.8167,0.5143,0.8244,11,53,7,4,0.8533,0.7333,0.8833,0.6667,0.8289,7,52,8,8,0.7867,0.4667,0.8667,0.4667,0.79
306,22,31,19,2,0.7162,0.9167,0.62,0.6769,0.88,18,40,10,6,0.7838,0.75,0.8,0.6923,0.8717,21,46,4,3,0.9054,0.875,0.92,0.8571,0.9033,17,39,11,7,0.7568,0.7083,0.78,0.6538,0.8417,18,39,11,6,0.7703,0.75,0.78,0.6792,0.8417,18,40,10,6,0.7838,0.75,0.8,0.6923,0.8808,18,39,11,6,0.7703,0.75,0.78,0.6792,0.835,17,46,6,6,0.84,0.7391,0.8846,0.7391,0.8788,13,48,4,10,0.8133,0.5652,0.9231,0.65,0.908,13,51,1,10,0.8533,0.5652,0.9808,0.7027,0.811,16,46,6,7,0.8267,0.6957,0.8846,0.7111,0.8829,15,44,8,8,0.7867,0.6522,0.8462,0.6522,0.8662,16,46,6,7,0.8267,0.6957,0.8846,0.7111,0.888,12,46,6,11,0.7733,0.5217,0.8846,0.5854,0.8269
307,23,31,19,1,0.7297,0.9583,0.62,0.697,0.875,18,37,13,6,0.7432,0.75,0.74,0.6545,0.7975,20,38,12,4,0.7838,0.8333,0.76,0.7143,0.8342,17,34,16,7,0.6892,0.7083,0.68,0.5965,0.7975,17,35,15,7,0.7027,0.7083,0.7,0.6071,0.8108,20,39,11,4,0.7973,0.8333,0.78,0.7273,0.8517,17,35,15,7,0.7027,0.7083,0.7,0.6071,0.7683,13,52,8,2,0.8667,0.8667,0.8667,0.7222,0.8633,9,52,8,6,0.8133,0.6,0.8667,0.5625,0.8689,10,54,6,5,0.8533,0.6667,0.9,0.6452,0.8178,12,51,9,3,0.84,0.8,0.85,0.6667,0.8589,11,51,9,4,0.8267,0.7333,0.85,0.6286,0.8489,13,53,7,2,0.88,0.8667,0.8833,0.7429,0.8744,8,51,9,7,0.7867,0.5333,0.85,0.5,0.8267
308,20,34,19,1,0.7297,0.9524,0.6415,0.6667,0.9371,17,42,11,4,0.7973,0.8095,0.7925,0.6939,0.9066,15,46,7,6,0.8243,0.7143,0.8679,0.6977,0.7682,18,41,12,3,0.7973,0.8571,0.7736,0.7059,0.9164,17,40,13,4,0.7703,0.8095,0.7547,0.6667,0.8958,18,40,13,3,0.7838,0.8571,0.7547,0.6923,0.9371,17,41,12,4,0.7838,0.8095,0.7736,0.68,0.8931,9,57,6,3,0.88,0.75,0.9048,0.6667,0.8823,4,57,6,8,0.8133,0.3333,0.9048,0.3636,0.8955,4,61,2,8,0.8667,0.3333,0.9683,0.4444,0.8201,9,56,7,3,0.8667,0.75,0.8889,0.6429,0.8677,8,55,8,4,0.84,0.6667,0.873,0.5714,0.8598,9,57,6,3,0.88,0.75,0.9048,0.6667,0.8915,3,56,7,9,0.7867,0.25,0.8889,0.2727,0.8148
309,21,40,13,0,0.8243,1.0,0.7547,0.7636,0.9119,15,45,8,6,0.8108,0.7143,0.8491,0.6818,0.867,18,48,5,3,0.8919,0.8571,0.9057,0.8182,0.9317,11,46,7,10,0.7703,0.5238,0.8679,0.5641,0.8347,13,45,8,8,0.7838,0.619,0.8491,0.619,0.8491,16,46,7,5,0.8378,0.7619,0.8679,0.7273,0.9102,13,47,6,8,0.8108,0.619,0.8868,0.65,0.8688,16,49,4,6,0.8667,0.7273,0.9245,0.7619,0.8533,13,49,4,9,0.8267,0.5909,0.9245,0.6667,0.8816,11,51,2,11,0.8267,0.5,0.9623,0.6286,0.7581,13,49,4,9,0.8267,0.5909,0.9245,0.6667,0.8499,11,47,6,11,0.7733,0.5,0.8868,0.5641,0.8216,16,47,6,6,0.84,0.7273,0.8868,0.7273,0.8456,11,49,4,11,0.8,0.5,0.9245,0.5946,0.795
310,24,39,9,2,0.8514,0.9231,0.8125,0.8136,0.9143,17,39,9,9,0.7568,0.6538,0.8125,0.6538,0.8718,22,45,3,4,0.9054,0.8462,0.9375,0.8627,0.9062,19,39,9,7,0.7838,0.7308,0.8125,0.7037,0.875,17,41,7,9,0.7838,0.6538,0.8542,0.68,0.8718,22,42,6,4,0.8649,0.8462,0.875,0.8148,0.8926,17,42,6,9,0.7973,0.6538,0.875,0.6939,0.8806,17,52,4,2,0.92,0.8947,0.9286,0.85,0.9586,13,51,5,6,0.8533,0.6842,0.9107,0.7027,0.9671,13,53,3,6,0.88,0.6842,0.9464,0.7429,0.8694,15,51,5,4,0.88,0.7895,0.9107,0.7692,0.9671,15,51,5,4,0.88,0.7895,0.9107,0.7692,0.9549,16,52,4,3,0.9067,0.8421,0.9286,0.8205,0.9427,13,51,5,6,0.8533,0.6842,0.9107,0.7027,0.9464
311,19,36,16,3,0.7432,0.8636,0.6923,0.6667,0.8601,15,42,10,7,0.7703,0.6818,0.8077,0.6383,0.8365,18,46,6,4,0.8649,0.8182,0.8846,0.7826,0.8462,15,41,11,7,0.7568,0.6818,0.7885,0.625,0.8304,15,41,11,7,0.7568,0.6818,0.7885,0.625,0.8357,17,42,10,5,0.7973,0.7727,0.8077,0.6939,0.8601,15,42,10,7,0.7703,0.6818,0.8077,0.6383,0.8182,18,49,7,1,0.8933,0.9474,0.875,0.8182,0.9511,14,49,7,5,0.84,0.7368,0.875,0.7,0.9521,12,55,1,7,0.8933,0.6316,0.9821,0.75,0.937,17,45,11,2,0.8267,0.8947,0.8036,0.7234,0.9295,16,45,11,3,0.8133,0.8421,0.8036,0.6957,0.937,18,53,3,1,0.9467,0.9474,0.9464,0.9,0.968,13,45,11,6,0.7733,0.6842,0.8036,0.6047,0.89
312,21,34,17,2,0.7432,0.913,0.6667,0.6885,0.8789,16,40,11,7,0.7568,0.6957,0.7843,0.64,0.8159,19,41,10,4,0.8108,0.8261,0.8039,0.7308,0.8124,18,41,10,5,0.7973,0.7826,0.8039,0.7059,0.8133,16,40,11,7,0.7568,0.6957,0.7843,0.64,0.8082,18,43,8,5,0.8243,0.7826,0.8431,0.7347,0.8491,16,41,10,7,0.7703,0.6957,0.8039,0.6531,0.7945,14,53,5,3,0.8933,0.8235,0.9138,0.7778,0.8874,9,52,6,8,0.8133,0.5294,0.8966,0.5625,0.8884,10,56,2,7,0.88,0.5882,0.9655,0.6897,0.783,12,51,7,5,0.84,0.7059,0.8793,0.6667,0.8742,11,51,7,6,0.8267,0.6471,0.8793,0.6286,0.854,13,54,4,4,0.8933,0.7647,0.931,0.7647,0.8631,8,51,7,9,0.7867,0.4706,0.8793,0.5,0.8266
313,22,32,15,5,0.7297,0.8148,0.6809,0.6875,0.8298,19,39,8,8,0.7838,0.7037,0.8298,0.7037,0.8101,20,38,9,7,0.7838,0.7407,0.8085,0.7143,0.7998,18,35,12,9,0.7162,0.6667,0.7447,0.6316,0.8109,18,37,10,9,0.7432,0.6667,0.7872,0.6545,0.8038,20,37,10,7,0.7703,0.7407,0.7872,0.7018,0.7904,18,36,11,9,0.7297,0.6667,0.766,0.6429,0.7786,22,45,5,3,0.8933,0.88,0.9,0.8462,0.9416,15,44,6,10,0.7867,0.6,0.88,0.6522,0.9384,15,48,2,10,0.84,0.6,0.96,0.7143,0.888,18,43,7,7,0.8133,0.72,0.86,0.72,0.9288,17,42,8,8,0.7867,0.68,0.84,0.68,0.9216,20,45,5,5,0.8667,0.8,0.9,0.8,0.9208,14,43,7,11,0.76,0.56,0.86,0.6087,0.9056
314,21,36,16,1,0.7703,0.9545,0.6923,0.7119,0.9362,20,44,8,2,0.8649,0.9091,0.8462,0.8,0.896,19,45,7,3,0.8649,0.8636,0.8654,0.7917,0.9038,19,42,10,3,0.8243,0.8636,0.8077,0.7451,0.8986,19,44,8,3,0.8514,0.8636,0.8462,0.7755,0.8969,20,40,12,2,0.8108,0.9091,0.7692,0.7407,0.924,19,42,10,3,0.8243,0.8636,0.8077,0.7451,0.8811,17,51,6,1,0.9067,0.9444,0.8947,0.8293,0.96,13,49,8,5,0.8267,0.7222,0.8596,0.6667,0.9454,12,55,2,6,0.8933,0.6667,0.9649,0.75,0.9561,15,48,9,3,0.84,0.8333,0.8421,0.7143,0.9386,14,46,11,4,0.8,0.7778,0.807,0.6512,0.9327,17,50,7,1,0.8933,0.9444,0.8772,0.8095,0.9639,12,48,9,6,0.8,0.6667,0.8421,0.6154,0.9016
315,28,34,10,2,0.8378,0.9333,0.7727,0.8235,0.9136,24,37,7,6,0.8243,0.8,0.8409,0.7869,0.8803,22,40,4,8,0.8378,0.7333,0.9091,0.7857,0.828,24,38,6,6,0.8378,0.8,0.8636,0.8,0.9091,22,38,6,8,0.8108,0.7333,0.8636,0.7586,0.8788,24,38,6,6,0.8378,0.8,0.8636,0.8,0.9136,22,38,6,8,0.8108,0.7333,0.8636,0.7586,0.8705,13,55,4,3,0.9067,0.8125,0.9322,0.7879,0.9163,12,54,5,4,0.88,0.75,0.9153,0.7273,0.9396,9,57,2,7,0.88,0.5625,0.9661,0.6667,0.8739,13,54,5,3,0.8933,0.8125,0.9153,0.7647,0.9174,11,51,8,5,0.8267,0.6875,0.8644,0.6286,0.9047,13,52,7,3,0.8667,0.8125,0.8814,0.7222,0.9184,10,54,5,6,0.8533,0.625,0.9153,0.6452,0.8718
316,23,34,16,1,0.7703,0.9583,0.68,0.7302,0.9117,19,40,10,5,0.7973,0.7917,0.8,0.717,0.8642,21,41,9,3,0.8378,0.875,0.82,0.7778,0.8883,19,40,10,5,0.7973,0.7917,0.8,0.717,0.8592,19,40,10,5,0.7973,0.7917,0.8,0.717,0.87,18,39,11,6,0.7703,0.75,0.78,0.6792,0.8617,19,41,9,5,0.8108,0.7917,0.82,0.7308,0.8808,19,50,3,3,0.92,0.8636,0.9434,0.8636,0.9151,11,51,2,11,0.8267,0.5,0.9623,0.6286,0.9417,7,52,1,15,0.7867,0.3182,0.9811,0.4667,0.8482,14,50,3,8,0.8533,0.6364,0.9434,0.7179,0.9228,11,50,3,11,0.8133,0.5,0.9434,0.6111,0.9202,18,51,2,4,0.92,0.8182,0.9623,0.8571,0.9245,8,50,3,14,0.7733,0.3636,0.9434,0.4848,0.8714
317,17,30,26,1,0.6351,0.9444,0.5357,0.5574,0.8433,13,40,16,5,0.7162,0.7222,0.7143,0.5532,0.7758,12,44,12,6,0.7568,0.6667,0.7857,0.5714,0.8155,11,39,17,7,0.6757,0.6111,0.6964,0.4783,0.7867,10,41,15,8,0.6892,0.5556,0.7321,0.4651,0.7778,16,39,17,2,0.7432,0.8889,0.6964,0.6275,0.8562,10,40,16,8,0.6757,0.5556,0.7143,0.4545,0.751,19,45,2,9,0.8533,0.6786,0.9574,0.7755,0.8769,12,45,2,16,0.76,0.4286,0.9574,0.5714,0.8799,11,47,0,17,0.7733,0.3929,1.0,0.5641,0.6884,16,44,3,12,0.8,0.5714,0.9362,0.6809,0.8541,15,43,4,13,0.7733,0.5357,0.9149,0.6383,0.8214,18,45,2,10,0.84,0.6429,0.9574,0.75,0.8587,11,44,3,17,0.7333,0.3929,0.9362,0.5238,0.7743
318,22,32,17,3,0.7297,0.88,0.6531,0.6875,0.8539,17,36,13,8,0.7162,0.68,0.7347,0.6182,0.7992,17,40,9,8,0.7703,0.68,0.8163,0.6667,0.8008,17,35,14,8,0.7027,0.68,0.7143,0.6071,0.8073,16,40,9,9,0.7568,0.64,0.8163,0.64,0.8041,20,37,12,5,0.7703,0.8,0.7551,0.7018,0.8588,16,39,10,9,0.7432,0.64,0.7959,0.6275,0.7747,12,56,4,3,0.9067,0.8,0.9333,0.7742,0.8856,7,57,3,8,0.8533,0.4667,0.95,0.56,0.9,3,58,2,12,0.8133,0.2,0.9667,0.3,0.75,7,56,4,8,0.84,0.4667,0.9333,0.5385,0.8856,5,55,5,10,0.8,0.3333,0.9167,0.4,0.8511,10,56,4,5,0.88,0.6667,0.9333,0.6897,0.8644,5,56,4,10,0.8133,0.3333,0.9333,0.4167,0.8311
319,21,23,26,4,0.5946,0.84,0.4694,0.5833,0.8253,19,34,15,6,0.7162,0.76,0.6939,0.6441,0.8155,20,40,9,5,0.8108,0.8,0.8163,0.7407,0.8188,19,31,18,6,0.6757,0.76,0.6327,0.6129,0.8163,19,29,20,6,0.6486,0.76,0.5918,0.5938,0.7984,20,36,13,5,0.7568,0.8,0.7347,0.6897,0.8253,19,31,18,6,0.6757,0.76,0.6327,0.6129,0.76,19,50,4,2,0.92,0.9048,0.9259,0.8636,0.9365,16,49,5,5,0.8667,0.7619,0.9074,0.7619,0.9339,12,53,1,9,0.8667,0.5714,0.9815,0.7059,0.9162,16,49,5,5,0.8667,0.7619,0.9074,0.7619,0.9295,14,49,5,7,0.84,0.6667,0.9074,0.7,0.9224,19,50,4,2,0.92,0.9048,0.9259,0.8636,0.9356,14,49,5,7,0.84,0.6667,0.9074,0.7,0.8968
320,15,42,11,6,0.7703,0.7143,0.7925,0.6383,0.8086,10,44,9,11,0.7297,0.4762,0.8302,0.5,0.7439,14,48,5,7,0.8378,0.6667,0.9057,0.7,0.8086,9,42,11,12,0.6892,0.4286,0.7925,0.439,0.7305,10,47,6,11,0.7703,0.4762,0.8868,0.5405,0.7341,11,47,6,10,0.7838,0.5238,0.8868,0.5789,0.7673,10,45,8,11,0.7432,0.4762,0.8491,0.5128,0.77,14,53,5,3,0.8933,0.8235,0.9138,0.7778,0.8864,11,52,6,6,0.84,0.6471,0.8966,0.6471,0.8935,10,55,3,7,0.8667,0.5882,0.9483,0.6667,0.7748,12,52,6,5,0.8533,0.7059,0.8966,0.6857,0.8915,12,52,6,5,0.8533,0.7059,0.8966,0.6857,0.856,13,53,5,4,0.88,0.7647,0.9138,0.7429,0.8398,11,52,6,6,0.84,0.6471,0.8966,0.6471,0.8296
321,24,30,14,6,0.7297,0.8,0.6818,0.7059,0.8591,19,37,7,11,0.7568,0.6333,0.8409,0.6786,0.8083,24,37,7,6,0.8243,0.8,0.8409,0.7869,0.8432,22,36,8,8,0.7838,0.7333,0.8182,0.7333,0.8205,19,35,9,11,0.7297,0.6333,0.7955,0.6552,0.8061,22,40,4,8,0.8378,0.7333,0.9091,0.7857,0.8167,19,37,7,11,0.7568,0.6333,0.8409,0.6786,0.7917,19,49,5,2,0.9067,0.9048,0.9074,0.8444,0.9559,13,49,5,8,0.8267,0.619,0.9074,0.6667,0.9497,14,53,1,7,0.8933,0.6667,0.9815,0.7778,0.8713,16,49,5,5,0.8667,0.7619,0.9074,0.7619,0.9471,15,48,6,6,0.84,0.7143,0.8889,0.7143,0.9418,18,48,6,3,0.88,0.8571,0.8889,0.8,0.9303,12,49,5,9,0.8133,0.5714,0.9074,0.6316,0.9286
322,22,35,12,5,0.7703,0.8148,0.7447,0.7213,0.8306,18,37,10,9,0.7432,0.6667,0.7872,0.6545,0.7857,19,41,6,8,0.8108,0.7037,0.8723,0.7308,0.8054,17,35,12,10,0.7027,0.6296,0.7447,0.6071,0.788,17,40,7,10,0.7703,0.6296,0.8511,0.6667,0.7699,20,36,11,7,0.7568,0.7407,0.766,0.6897,0.7857,17,38,9,10,0.7432,0.6296,0.8085,0.6415,0.7581,19,45,8,3,0.8533,0.8636,0.8491,0.7755,0.8962,13,45,8,9,0.7733,0.5909,0.8491,0.6047,0.8928,10,52,1,12,0.8267,0.4545,0.9811,0.6061,0.8559,15,43,10,7,0.7733,0.6818,0.8113,0.6383,0.8688,12,43,10,10,0.7333,0.5455,0.8113,0.5455,0.8628,19,47,6,3,0.88,0.8636,0.8868,0.8085,0.9039,10,43,10,12,0.7067,0.4545,0.8113,0.4762,0.8413
323,20,33,17,4,0.7162,0.8333,0.66,0.6557,0.775,17,37,13,7,0.7297,0.7083,0.74,0.6296,0.7517,16,38,12,8,0.7297,0.6667,0.76,0.6154,0.7558,17,34,16,7,0.6892,0.7083,0.68,0.5965,0.7642,16,36,14,8,0.7027,0.6667,0.72,0.5926,0.7517,18,37,13,6,0.7432,0.75,0.74,0.6545,0.7942,16,35,15,8,0.6892,0.6667,0.7,0.5818,0.6958,20,50,2,3,0.9333,0.8696,0.9615,0.8889,0.9281,15,51,1,8,0.88,0.6522,0.9808,0.7692,0.9507,13,52,0,10,0.8667,0.5652,1.0,0.7222,0.8988,18,50,2,5,0.9067,0.7826,0.9615,0.8372,0.9339,17,50,2,6,0.8933,0.7391,0.9615,0.8095,0.9231,20,51,1,3,0.9467,0.8696,0.9808,0.9091,0.939,14,50,2,9,0.8533,0.6087,0.9615,0.7179,0.8905
324,24,38,9,3,0.8378,0.8889,0.8085,0.8,0.8786,20,39,8,7,0.7973,0.7407,0.8298,0.7273,0.8621,22,41,6,5,0.8514,0.8148,0.8723,0.8,0.8779,17,37,10,10,0.7297,0.6296,0.7872,0.6296,0.8314,18,39,8,9,0.7703,0.6667,0.8298,0.6792,0.8511,19,41,6,8,0.8108,0.7037,0.8723,0.7308,0.844,18,40,7,9,0.7838,0.6667,0.8511,0.6923,0.8779,13,52,7,3,0.8667,0.8125,0.8814,0.7222,0.8549,8,51,8,8,0.7867,0.5,0.8644,0.5,0.8581,8,57,2,8,0.8667,0.5,0.9661,0.6154,0.7956,11,51,8,5,0.8267,0.6875,0.8644,0.6286,0.8422,10,51,8,6,0.8133,0.625,0.8644,0.5882,0.8337,13,52,7,3,0.8667,0.8125,0.8814,0.7222,0.8538,7,51,8,9,0.7733,0.4375,0.8644,0.4516,0.8104
325,27,34,10,3,0.8243,0.9,0.7727,0.806,0.8871,23,36,8,7,0.7973,0.7667,0.8182,0.7541,0.8311,24,40,4,6,0.8649,0.8,0.9091,0.8276,0.8924,20,35,9,10,0.7432,0.6667,0.7955,0.678,0.8265,21,38,6,9,0.7973,0.7,0.8636,0.7368,0.8258,22,38,6,8,0.8108,0.7333,0.8636,0.7586,0.8614,21,38,6,9,0.7973,0.7,0.8636,0.7368,0.822,12,59,2,2,0.9467,0.8571,0.9672,0.8571,0.9906,11,59,2,3,0.9333,0.7857,0.9672,0.8148,0.9859,10,60,1,4,0.9333,0.7143,0.9836,0.8,0.8817,11,59,2,3,0.9333,0.7857,0.9672,0.8148,0.9801,10,58,3,4,0.9067,0.7143,0.9508,0.7407,0.9801,12,58,3,2,0.9333,0.8571,0.9508,0.8276,0.9836,10,59,2,4,0.92,0.7143,0.9672,0.7692,0.9731
326,29,28,16,1,0.7703,0.9667,0.6364,0.7733,0.9083,25,31,13,5,0.7568,0.8333,0.7045,0.7353,0.8568,25,40,4,5,0.8784,0.8333,0.9091,0.8475,0.9273,25,31,13,5,0.7568,0.8333,0.7045,0.7353,0.8705,25,31,13,5,0.7568,0.8333,0.7045,0.7353,0.8606,25,37,7,5,0.8378,0.8333,0.8409,0.8065,0.9333,25,31,13,5,0.7568,0.8333,0.7045,0.7353,0.8038,13,48,11,3,0.8133,0.8125,0.8136,0.65,0.8888,10,50,9,6,0.8,0.625,0.8475,0.5714,0.8972,9,55,4,7,0.8533,0.5625,0.9322,0.6207,0.8538,10,47,12,6,0.76,0.625,0.7966,0.5263,0.875,9,46,13,7,0.7333,0.5625,0.7797,0.4737,0.8581,12,50,9,4,0.8267,0.75,0.8475,0.6486,0.8782,9,47,12,7,0.7467,0.5625,0.7966,0.4865,0.8294
327,25,30,14,5,0.7432,0.8333,0.6818,0.7246,0.7818,21,35,9,9,0.7568,0.7,0.7955,0.7,0.7758,19,41,3,11,0.8108,0.6333,0.9318,0.7308,0.7727,20,36,8,10,0.7568,0.6667,0.8182,0.6897,0.7818,20,36,8,10,0.7568,0.6667,0.8182,0.6897,0.7614,24,35,9,6,0.7973,0.8,0.7955,0.7619,0.7917,20,36,8,10,0.7568,0.6667,0.8182,0.6897,0.7326,18,49,4,4,0.8933,0.8182,0.9245,0.8182,0.8774,12,48,5,10,0.8,0.5455,0.9057,0.6154,0.8842,12,52,1,10,0.8533,0.5455,0.9811,0.6857,0.783,14,48,5,8,0.8267,0.6364,0.9057,0.6829,0.8662,13,46,7,9,0.7867,0.5909,0.8679,0.619,0.8396,16,47,6,6,0.84,0.7273,0.8868,0.7273,0.8473,11,48,5,11,0.7867,0.5,0.9057,0.5789,0.8062
328,25,36,10,3,0.8243,0.8929,0.7826,0.7937,0.8998,23,41,5,5,0.8649,0.8214,0.8913,0.8214,0.9006,17,41,5,11,0.7838,0.6071,0.8913,0.68,0.8199,19,39,7,9,0.7838,0.6786,0.8478,0.7037,0.8975,18,41,5,10,0.7973,0.6429,0.8913,0.7059,0.8773,22,41,5,6,0.8514,0.7857,0.8913,0.8,0.8905,18,40,6,10,0.7838,0.6429,0.8696,0.6923,0.8727,23,46,5,1,0.92,0.9583,0.902,0.8846,0.9387,18,48,3,6,0.88,0.75,0.9412,0.8,0.9559,17,50,1,7,0.8933,0.7083,0.9804,0.8095,0.8954,21,46,5,3,0.8933,0.875,0.902,0.84,0.9428,18,46,5,6,0.8533,0.75,0.902,0.766,0.9338,22,48,3,2,0.9333,0.9167,0.9412,0.898,0.9355,15,46,5,9,0.8133,0.625,0.902,0.6818,0.9167
329,20,41,11,2,0.8243,0.9091,0.7885,0.7547,0.917,17,46,6,5,0.8514,0.7727,0.8846,0.7556,0.8942,17,47,5,5,0.8649,0.7727,0.9038,0.7727,0.8479,15,46,6,7,0.8243,0.6818,0.8846,0.6977,0.8846,16,45,7,6,0.8243,0.7273,0.8654,0.7111,0.8741,15,45,7,7,0.8108,0.6818,0.8654,0.6818,0.8951,16,46,6,6,0.8378,0.7273,0.8846,0.7273,0.8969,22,43,4,6,0.8667,0.7857,0.9149,0.8148,0.924,16,42,5,12,0.7733,0.5714,0.8936,0.6531,0.9255,13,45,2,15,0.7733,0.4643,0.9574,0.6047,0.7842,19,42,5,9,0.8133,0.6786,0.8936,0.7308,0.9149,17,42,5,11,0.7867,0.6071,0.8936,0.68,0.9255,20,43,4,8,0.84,0.7143,0.9149,0.7692,0.9005,14,42,5,14,0.7467,0.5,0.8936,0.5957,0.8723
330,22,39,9,4,0.8243,0.8462,0.8125,0.7719,0.8542,18,41,7,8,0.7973,0.6923,0.8542,0.7059,0.8429,17,46,2,9,0.8514,0.6538,0.9583,0.7556,0.7909,15,40,8,11,0.7432,0.5769,0.8333,0.6122,0.8293,15,43,5,11,0.7838,0.5769,0.8958,0.6522,0.8373,18,44,4,8,0.8378,0.6923,0.9167,0.75,0.8277,15,42,6,11,0.7703,0.5769,0.875,0.6383,0.847,13,54,8,0,0.8933,1.0,0.871,0.7647,0.9318,8,55,7,5,0.84,0.6154,0.8871,0.5714,0.9318,7,60,2,6,0.8933,0.5385,0.9677,0.6364,0.9069,8,53,9,5,0.8133,0.6154,0.8548,0.5333,0.9181,7,52,10,6,0.7867,0.5385,0.8387,0.4667,0.9094,12,55,7,1,0.8933,0.9231,0.8871,0.75,0.9082,7,53,9,6,0.8,0.5385,0.8548,0.4828,0.9045
331,28,28,15,3,0.7568,0.9032,0.6512,0.7568,0.838,23,34,9,8,0.7703,0.7419,0.7907,0.7302,0.7944,26,35,8,5,0.8243,0.8387,0.814,0.8,0.844,21,34,9,10,0.7432,0.6774,0.7907,0.6885,0.8005,21,34,9,10,0.7432,0.6774,0.7907,0.6885,0.7862,23,34,9,8,0.7703,0.7419,0.7907,0.7302,0.8207,21,34,9,10,0.7432,0.6774,0.7907,0.6885,0.7847,21,46,6,2,0.8933,0.913,0.8846,0.84,0.9398,14,45,7,9,0.7867,0.6087,0.8654,0.6364,0.9323,13,51,1,10,0.8533,0.5652,0.9808,0.7027,0.9289,18,45,7,5,0.84,0.7826,0.8654,0.75,0.9256,17,43,9,6,0.8,0.7391,0.8269,0.6939,0.9197,21,44,8,2,0.8667,0.913,0.8462,0.8077,0.9306,13,45,7,10,0.7733,0.5652,0.8654,0.6047,0.8988
332,26,29,17,2,0.7432,0.9286,0.6304,0.7324,0.8098,21,34,12,7,0.7432,0.75,0.7391,0.6885,0.8307,23,38,8,5,0.8243,0.8214,0.8261,0.7797,0.8843,19,33,13,9,0.7027,0.6786,0.7174,0.6333,0.83,18,35,11,10,0.7162,0.6429,0.7609,0.6316,0.8331,25,37,9,3,0.8378,0.8929,0.8043,0.8065,0.9037,18,34,12,10,0.7027,0.6429,0.7391,0.6207,0.7904,12,54,3,6,0.88,0.6667,0.9474,0.7273,0.9288,8,53,4,10,0.8133,0.4444,0.9298,0.5333,0.9308,8,57,0,10,0.8667,0.4444,1.0,0.6154,0.7612,9,53,4,9,0.8267,0.5,0.9298,0.5806,0.9181,9,53,4,9,0.8267,0.5,0.9298,0.5806,0.9162,10,54,3,8,0.8533,0.5556,0.9474,0.6452,0.8957,8,53,4,10,0.8133,0.4444,0.9298,0.5333,0.8821
333,25,34,14,1,0.7973,0.9615,0.7083,0.7692,0.9271,22,41,7,4,0.8514,0.8462,0.8542,0.8,0.8862,21,40,8,5,0.8243,0.8077,0.8333,0.7636,0.9247,19,39,9,7,0.7838,0.7308,0.8125,0.7037,0.8862,19,39,9,7,0.7838,0.7308,0.8125,0.7037,0.8702,24,42,6,2,0.8919,0.9231,0.875,0.8571,0.9463,19,40,8,7,0.7973,0.7308,0.8333,0.717,0.8678,14,55,3,3,0.92,0.8235,0.9483,0.8235,0.9351,9,55,3,8,0.8533,0.5294,0.9483,0.6207,0.9371,7,57,1,10,0.8533,0.4118,0.9828,0.56,0.8428,11,55,3,6,0.88,0.6471,0.9483,0.7097,0.9219,11,53,5,6,0.8533,0.6471,0.9138,0.6667,0.9108,14,53,5,3,0.8933,0.8235,0.9138,0.7778,0.928,9,55,3,8,0.8533,0.5294,0.9483,0.6207,0.8793
334,22,42,9,1,0.8649,0.9565,0.8235,0.8148,0.9437,19,44,7,4,0.8514,0.8261,0.8627,0.7755,0.9199,19,46,5,4,0.8784,0.8261,0.902,0.8085,0.9105,18,44,7,5,0.8378,0.7826,0.8627,0.75,0.9301,17,46,5,6,0.8514,0.7391,0.902,0.7556,0.9344,21,44,7,2,0.8784,0.913,0.8627,0.8235,0.9292,17,46,5,6,0.8514,0.7391,0.902,0.7556,0.9241,25,48,2,0,0.9733,1.0,0.96,0.9615,0.976,19,48,2,6,0.8933,0.76,0.96,0.8261,0.9728,19,48,2,6,0.8933,0.76,0.96,0.8261,0.948,24,48,2,1,0.96,0.96,0.96,0.9412,0.9744,23,45,5,2,0.9067,0.92,0.9,0.8679,0.9664,24,45,5,1,0.92,0.96,0.9,0.8889,0.9584,18,48,2,7,0.88,0.72,0.96,0.8,0.9464
335,20,42,11,1,0.8378,0.9524,0.7925,0.7692,0.9102,16,44,9,5,0.8108,0.7619,0.8302,0.6957,0.8553,17,50,3,4,0.9054,0.8095,0.9434,0.8293,0.9344,15,43,10,6,0.7838,0.7143,0.8113,0.6522,0.8598,15,45,8,6,0.8108,0.7143,0.8491,0.6818,0.8742,19,49,4,2,0.9189,0.9048,0.9245,0.8636,0.9209,15,44,9,6,0.7973,0.7143,0.8302,0.6667,0.8535,20,48,4,3,0.9067,0.8696,0.9231,0.8511,0.9791,18,48,4,5,0.88,0.7826,0.9231,0.8,0.9799,14,52,0,9,0.88,0.6087,1.0,0.7568,0.9022,18,47,5,5,0.8667,0.7826,0.9038,0.7826,0.9699,17,47,5,6,0.8533,0.7391,0.9038,0.7556,0.9699,20,49,3,3,0.92,0.8696,0.9423,0.8696,0.9791,17,47,5,6,0.8533,0.7391,0.9038,0.7556,0.9666
336,24,36,13,1,0.8108,0.96,0.7347,0.7742,0.9682,19,41,8,6,0.8108,0.76,0.8367,0.7308,0.9053,23,47,2,2,0.9459,0.92,0.9592,0.92,0.9282,21,39,10,4,0.8108,0.84,0.7959,0.75,0.9249,19,38,11,6,0.7703,0.76,0.7755,0.6909,0.8947,19,42,7,6,0.8243,0.76,0.8571,0.7451,0.9233,19,40,9,6,0.7973,0.76,0.8163,0.717,0.8751,18,49,5,3,0.8933,0.8571,0.9074,0.8182,0.8783,9,51,3,12,0.8,0.4286,0.9444,0.5455,0.9048,10,51,3,11,0.8133,0.4762,0.9444,0.5882,0.7822,14,49,5,7,0.84,0.6667,0.9074,0.7,0.8686,13,47,7,8,0.8,0.619,0.8704,0.6341,0.8642,17,49,5,4,0.88,0.8095,0.9074,0.7907,0.8704,8,49,5,13,0.76,0.381,0.9074,0.4706,0.8263
337,25,28,17,4,0.7162,0.8621,0.6222,0.7042,0.8368,23,35,10,6,0.7838,0.7931,0.7778,0.7419,0.8199,22,38,7,7,0.8108,0.7586,0.8444,0.7586,0.7533,21,33,12,8,0.7297,0.7241,0.7333,0.6774,0.8153,23,34,11,6,0.7703,0.7931,0.7556,0.7302,0.813,22,36,9,7,0.7838,0.7586,0.8,0.7333,0.8268,23,33,12,6,0.7568,0.7931,0.7333,0.7188,0.7977,15,49,6,5,0.8533,0.75,0.8909,0.7317,0.8982,10,50,5,10,0.8,0.5,0.9091,0.5714,0.9118,11,53,2,9,0.8533,0.55,0.9636,0.6667,0.7364,12,49,6,8,0.8133,0.6,0.8909,0.6316,0.8945,12,49,6,8,0.8133,0.6,0.8909,0.6316,0.8745,12,50,5,8,0.8267,0.6,0.9091,0.6486,0.86,10,49,6,10,0.7867,0.5,0.8909,0.5556,0.8609
338,15,41,13,5,0.7568,0.75,0.7593,0.625,0.8019,14,45,9,6,0.7973,0.7,0.8333,0.6512,0.7954,13,50,4,7,0.8514,0.65,0.9259,0.7027,0.7185,14,44,10,6,0.7838,0.7,0.8148,0.6364,0.8019,14,45,9,6,0.7973,0.7,0.8333,0.6512,0.7954,15,49,5,5,0.8649,0.75,0.9074,0.75,0.7843,14,45,9,6,0.7973,0.7,0.8333,0.6512,0.7657,20,46,6,3,0.88,0.8696,0.8846,0.8163,0.9247,15,47,5,8,0.8267,0.6522,0.9038,0.6977,0.9365,12,49,3,11,0.8133,0.5217,0.9423,0.6316,0.8545,16,45,7,7,0.8133,0.6957,0.8654,0.6957,0.9139,14,43,9,9,0.76,0.6087,0.8269,0.6087,0.9089,19,46,6,4,0.8667,0.8261,0.8846,0.7917,0.9181,13,45,7,10,0.7733,0.5652,0.8654,0.6047,0.8905
339,22,34,14,4,0.7568,0.8462,0.7083,0.7097,0.867,17,38,10,9,0.7432,0.6538,0.7917,0.6415,0.8133,19,40,8,7,0.7973,0.7308,0.8333,0.717,0.7869,18,35,13,8,0.7162,0.6923,0.7292,0.6316,0.7965,17,38,10,9,0.7432,0.6538,0.7917,0.6415,0.8101,20,38,10,6,0.7838,0.7692,0.7917,0.7143,0.8141,17,37,11,9,0.7297,0.6538,0.7708,0.6296,0.7981,16,51,5,3,0.8933,0.8421,0.9107,0.8,0.8769,11,51,5,8,0.8267,0.5789,0.9107,0.6286,0.8863,10,54,2,9,0.8533,0.5263,0.9643,0.6452,0.8468,15,51,5,4,0.88,0.7895,0.9107,0.7692,0.8797,13,49,7,6,0.8267,0.6842,0.875,0.6667,0.8581,16,49,7,3,0.8667,0.8421,0.875,0.7619,0.8853,9,51,5,10,0.8,0.4737,0.9107,0.5455,0.8186
340,19,35,17,3,0.7297,0.8636,0.6731,0.6552,0.8925,16,44,8,6,0.8108,0.7273,0.8462,0.6957,0.8671,17,49,3,5,0.8919,0.7727,0.9423,0.8095,0.8479,17,42,10,5,0.7973,0.7727,0.8077,0.6939,0.8715,16,44,8,6,0.8108,0.7273,0.8462,0.6957,0.8628,18,44,8,4,0.8378,0.8182,0.8462,0.75,0.8628,16,43,9,6,0.7973,0.7273,0.8269,0.6809,0.8881,18,46,8,3,0.8533,0.8571,0.8519,0.766,0.8721,16,48,6,5,0.8533,0.7619,0.8889,0.7442,0.8854,13,53,1,8,0.88,0.619,0.9815,0.7429,0.7981,16,46,8,5,0.8267,0.7619,0.8519,0.7111,0.8686,15,44,10,6,0.7867,0.7143,0.8148,0.6522,0.8527,17,46,8,4,0.84,0.8095,0.8519,0.7391,0.8457,15,46,8,6,0.8133,0.7143,0.8519,0.6818,0.8148
341,19,36,17,2,0.7432,0.9048,0.6792,0.6667,0.8949,17,43,10,4,0.8108,0.8095,0.8113,0.7083,0.8535,19,48,5,2,0.9054,0.9048,0.9057,0.8444,0.9003,17,42,11,4,0.7973,0.8095,0.7925,0.6939,0.8571,17,38,15,4,0.7432,0.8095,0.717,0.6415,0.8535,15,46,7,6,0.8243,0.7143,0.8679,0.6977,0.8643,17,42,11,4,0.7973,0.8095,0.7925,0.6939,0.8347,21,50,2,2,0.9467,0.913,0.9615,0.913,0.9457,15,49,3,8,0.8533,0.6522,0.9423,0.7317,0.9273,12,51,1,11,0.84,0.5217,0.9808,0.6667,0.8152,15,49,3,8,0.8533,0.6522,0.9423,0.7317,0.9264,13,48,4,10,0.8133,0.5652,0.9231,0.65,0.908,18,49,3,5,0.8933,0.7826,0.9423,0.8182,0.8846,13,49,3,10,0.8267,0.5652,0.9423,0.6667,0.9055
342,20,39,12,3,0.7973,0.8696,0.7647,0.7273,0.8542,16,43,8,7,0.7973,0.6957,0.8431,0.6809,0.8525,19,49,2,4,0.9189,0.8261,0.9608,0.8636,0.8798,16,42,9,7,0.7838,0.6957,0.8235,0.6667,0.844,16,42,9,7,0.7838,0.6957,0.8235,0.6667,0.861,20,46,5,3,0.8919,0.8696,0.902,0.8333,0.8738,16,45,6,7,0.8243,0.6957,0.8824,0.7111,0.8551,17,49,5,4,0.88,0.8095,0.9074,0.7907,0.8907,11,48,6,10,0.7867,0.5238,0.8889,0.5789,0.8889,10,52,2,11,0.8267,0.4762,0.963,0.6061,0.7654,12,46,8,9,0.7733,0.5714,0.8519,0.5854,0.8616,10,45,9,11,0.7333,0.4762,0.8333,0.5,0.8466,15,50,4,6,0.8667,0.7143,0.9259,0.75,0.8686,9,46,8,12,0.7333,0.4286,0.8519,0.4737,0.8051
343,16,37,19,2,0.7162,0.8889,0.6607,0.6038,0.8571,13,49,7,5,0.8378,0.7222,0.875,0.6842,0.8234,13,49,7,5,0.8378,0.7222,0.875,0.6842,0.8095,11,44,12,7,0.7432,0.6111,0.7857,0.5366,0.8046,13,46,10,5,0.7973,0.7222,0.8214,0.6341,0.8254,14,49,7,4,0.8514,0.7778,0.875,0.7179,0.8254,13,44,12,5,0.7703,0.7222,0.7857,0.6047,0.8085,16,53,5,1,0.92,0.9412,0.9138,0.8421,0.9199,11,53,5,6,0.8533,0.6471,0.9138,0.6667,0.9229,11,55,3,6,0.88,0.6471,0.9483,0.7097,0.8955,13,53,5,4,0.88,0.7647,0.9138,0.7429,0.9209,12,51,7,5,0.84,0.7059,0.8793,0.6667,0.9026,16,51,7,1,0.8933,0.9412,0.8793,0.8,0.9178,10,53,5,7,0.84,0.5882,0.9138,0.625,0.8874
344,23,36,12,3,0.7973,0.8846,0.75,0.7541,0.8646,19,40,8,7,0.7973,0.7308,0.8333,0.717,0.8478,19,44,4,7,0.8514,0.7308,0.9167,0.7755,0.8357,17,41,7,9,0.7838,0.6538,0.8542,0.68,0.8437,17,42,6,9,0.7973,0.6538,0.875,0.6939,0.8301,20,41,7,6,0.8243,0.7692,0.8542,0.7547,0.8462,17,43,5,9,0.8108,0.6538,0.8958,0.7083,0.8285,25,45,3,2,0.9333,0.9259,0.9375,0.9091,0.963,16,45,3,11,0.8133,0.5926,0.9375,0.6957,0.9583,13,47,1,14,0.8,0.4815,0.9792,0.6341,0.8441,18,45,3,9,0.84,0.6667,0.9375,0.75,0.9583,14,45,3,13,0.7867,0.5185,0.9375,0.6364,0.946,22,45,3,5,0.8933,0.8148,0.9375,0.8462,0.9236,12,45,3,15,0.76,0.4444,0.9375,0.5714,0.9468
345,25,32,15,2,0.7703,0.9259,0.6809,0.7463,0.9448,22,39,8,5,0.8243,0.8148,0.8298,0.7719,0.9007,25,42,5,2,0.9054,0.9259,0.8936,0.8772,0.9125,23,37,10,4,0.8108,0.8519,0.7872,0.7667,0.9117,22,38,9,5,0.8108,0.8148,0.8085,0.7586,0.8952,21,38,9,6,0.7973,0.7778,0.8085,0.7368,0.9031,22,38,9,5,0.8108,0.8148,0.8085,0.7586,0.8826,16,55,3,1,0.9467,0.9412,0.9483,0.8889,0.9787,12,54,4,5,0.88,0.7059,0.931,0.7273,0.9665,7,58,0,10,0.8667,0.4118,1.0,0.5833,0.8864,12,53,5,5,0.8667,0.7059,0.9138,0.7059,0.9544,9,53,5,8,0.8267,0.5294,0.9138,0.5806,0.9523,15,56,2,2,0.9467,0.8824,0.9655,0.8824,0.9604,9,53,5,8,0.8267,0.5294,0.9138,0.5806,0.9513
346,26,31,14,3,0.7703,0.8966,0.6889,0.7536,0.8421,18,36,9,11,0.7297,0.6207,0.8,0.6429,0.7854,21,40,5,8,0.8243,0.7241,0.8889,0.7636,0.8789,17,37,8,12,0.7297,0.5862,0.8222,0.6296,0.7824,16,37,8,13,0.7162,0.5517,0.8222,0.6038,0.7785,22,37,8,7,0.7973,0.7586,0.8222,0.7458,0.8536,16,38,7,13,0.7297,0.5517,0.8444,0.6154,0.7946,16,55,3,1,0.9467,0.9412,0.9483,0.8889,0.9716,14,55,3,3,0.92,0.8235,0.9483,0.8235,0.9787,10,56,2,7,0.88,0.5882,0.9655,0.6897,0.9594,16,55,3,1,0.9467,0.9412,0.9483,0.8889,0.9777,14,53,5,3,0.8933,0.8235,0.9138,0.7778,0.9645,16,53,5,1,0.92,0.9412,0.9138,0.8421,0.9665,12,55,3,5,0.8933,0.7059,0.9483,0.75,0.9442
347,19,34,19,2,0.7162,0.9048,0.6415,0.6441,0.8742,16,41,12,5,0.7703,0.7619,0.7736,0.6531,0.7916,18,42,11,3,0.8108,0.8571,0.7925,0.72,0.8311,17,37,16,4,0.7297,0.8095,0.6981,0.6296,0.8212,16,39,14,5,0.7432,0.7619,0.7358,0.6275,0.8194,17,41,12,4,0.7838,0.8095,0.7736,0.68,0.8257,16,38,15,5,0.7297,0.7619,0.717,0.6154,0.7439,16,51,4,4,0.8933,0.8,0.9273,0.8,0.9436,11,52,3,9,0.84,0.55,0.9455,0.6471,0.9682,10,53,2,10,0.84,0.5,0.9636,0.625,0.8864,11,51,4,9,0.8267,0.55,0.9273,0.6286,0.9673,11,51,4,9,0.8267,0.55,0.9273,0.6286,0.9545,15,52,3,5,0.8933,0.75,0.9455,0.7895,0.9409,11,51,4,9,0.8267,0.55,0.9273,0.6286,0.9
348,16,42,13,3,0.7838,0.8421,0.7636,0.6667,0.8325,13,46,9,6,0.7973,0.6842,0.8364,0.6341,0.7943,15,52,3,4,0.9054,0.7895,0.9455,0.8108,0.8584,12,46,9,7,0.7838,0.6316,0.8364,0.6,0.7837,13,50,5,6,0.8514,0.6842,0.9091,0.7027,0.7885,13,48,7,6,0.8243,0.6842,0.8727,0.6667,0.8258,13,48,7,6,0.8243,0.6842,0.8727,0.6667,0.7761,23,47,4,1,0.9333,0.9583,0.9216,0.902,0.9493,20,48,3,4,0.9067,0.8333,0.9412,0.8511,0.9624,17,50,1,7,0.8933,0.7083,0.9804,0.8095,0.9363,23,45,6,1,0.9067,0.9583,0.8824,0.8679,0.9477,21,45,6,3,0.88,0.875,0.8824,0.8235,0.9469,23,50,1,1,0.9733,0.9583,0.9804,0.9583,0.9608,18,45,6,6,0.84,0.75,0.8824,0.75,0.9306
349,28,30,13,3,0.7838,0.9032,0.6977,0.7778,0.898,24,37,6,7,0.8243,0.7742,0.8605,0.7869,0.88,27,39,4,4,0.8919,0.871,0.907,0.871,0.8942,23,35,8,8,0.7838,0.7419,0.814,0.7419,0.8657,24,36,7,7,0.8108,0.7742,0.8372,0.7742,0.8627,23,36,7,8,0.7973,0.7419,0.8372,0.7541,0.8567,24,36,7,7,0.8108,0.7742,0.8372,0.7742,0.8755,15,47,6,7,0.8267,0.6818,0.8868,0.6977,0.916,13,47,6,9,0.8,0.5909,0.8868,0.6341,0.9228,11,53,0,11,0.8533,0.5,1.0,0.6667,0.7899,13,47,6,9,0.8,0.5909,0.8868,0.6341,0.9057,12,45,8,10,0.76,0.5455,0.8491,0.5714,0.9057,13,45,8,9,0.7733,0.5909,0.8491,0.6047,0.8671,12,47,6,10,0.7867,0.5455,0.8868,0.6,0.8816
350,27,35,7,5,0.8378,0.8438,0.8333,0.8182,0.9293,24,40,2,8,0.8649,0.75,0.9524,0.8276,0.9144,23,39,3,9,0.8378,0.7188,0.9286,0.7931,0.8824,22,39,3,10,0.8243,0.6875,0.9286,0.7719,0.901,23,40,2,9,0.8514,0.7188,0.9524,0.807,0.8936,24,39,3,8,0.8514,0.75,0.9286,0.8136,0.9308,23,39,3,9,0.8378,0.7188,0.9286,0.7931,0.8862,24,42,4,5,0.88,0.8276,0.913,0.8421,0.9438,18,41,5,11,0.7867,0.6207,0.8913,0.6923,0.9325,16,44,2,13,0.8,0.5517,0.9565,0.6809,0.8561,20,41,5,9,0.8133,0.6897,0.8913,0.7407,0.9258,17,40,6,12,0.76,0.5862,0.8696,0.6538,0.9228,22,41,5,7,0.84,0.7586,0.8913,0.7857,0.9093,15,41,5,14,0.7467,0.5172,0.8913,0.6122,0.9063
351,26,32,15,1,0.7838,0.963,0.6809,0.7647,0.9023,22,35,12,5,0.7703,0.8148,0.7447,0.7213,0.8337,24,40,7,3,0.8649,0.8889,0.8511,0.8276,0.918,20,36,11,7,0.7568,0.7407,0.766,0.6897,0.8274,21,38,9,6,0.7973,0.7778,0.8085,0.7368,0.84,22,41,6,5,0.8514,0.8148,0.8723,0.8,0.8991,21,38,9,6,0.7973,0.7778,0.8085,0.7368,0.8322,13,57,4,1,0.9333,0.9286,0.9344,0.8387,0.9262,7,56,5,7,0.84,0.5,0.918,0.5385,0.8923,7,59,2,7,0.88,0.5,0.9672,0.6087,0.7799,7,55,6,7,0.8267,0.5,0.9016,0.5185,0.9028,7,54,7,7,0.8133,0.5,0.8852,0.5,0.8677,10,57,4,4,0.8933,0.7143,0.9344,0.7143,0.8466,7,55,6,7,0.8267,0.5,0.9016,0.5185,0.8384
352,25,31,14,4,0.7568,0.8621,0.6889,0.7353,0.8467,23,33,12,6,0.7568,0.7931,0.7333,0.7188,0.8115,23,36,9,6,0.7973,0.7931,0.8,0.7541,0.8406,21,31,14,8,0.7027,0.7241,0.6889,0.6562,0.8,22,33,12,7,0.7432,0.7586,0.7333,0.6984,0.8115,23,34,11,6,0.7703,0.7931,0.7556,0.7302,0.8138,22,32,13,7,0.7297,0.7586,0.7111,0.6875,0.7923,14,49,10,2,0.84,0.875,0.8305,0.7,0.8761,10,52,7,6,0.8267,0.625,0.8814,0.6061,0.8888,8,54,5,8,0.8267,0.5,0.9153,0.5517,0.7765,11,49,10,5,0.8,0.6875,0.8305,0.5946,0.8708,10,49,10,6,0.7867,0.625,0.8305,0.5556,0.8612,12,52,7,4,0.8533,0.75,0.8814,0.6857,0.8602,9,49,10,7,0.7733,0.5625,0.8305,0.5143,0.8263
353,16,40,13,5,0.7568,0.7619,0.7547,0.64,0.8131,14,45,8,7,0.7973,0.6667,0.8491,0.6512,0.823,12,47,6,9,0.7973,0.5714,0.8868,0.6154,0.7808,13,43,10,8,0.7568,0.619,0.8113,0.5909,0.8194,12,45,8,9,0.7703,0.5714,0.8491,0.5854,0.8023,16,47,6,5,0.8514,0.7619,0.8868,0.7442,0.8284,12,43,10,9,0.7432,0.5714,0.8113,0.5581,0.7907,15,52,5,3,0.8933,0.8333,0.9123,0.7895,0.9474,13,52,5,5,0.8667,0.7222,0.9123,0.7222,0.9483,11,54,3,7,0.8667,0.6111,0.9474,0.6875,0.8616,13,51,6,5,0.8533,0.7222,0.8947,0.7027,0.9201,12,49,8,6,0.8133,0.6667,0.8596,0.6316,0.9327,15,51,6,3,0.88,0.8333,0.8947,0.7692,0.9347,12,51,6,6,0.84,0.6667,0.8947,0.6667,0.9064
354,20,37,13,4,0.7703,0.8333,0.74,0.7018,0.9067,19,46,4,5,0.8784,0.7917,0.92,0.8085,0.895,19,44,6,5,0.8514,0.7917,0.88,0.7755,0.8608,18,41,9,6,0.7973,0.75,0.82,0.7059,0.8775,18,42,8,6,0.8108,0.75,0.84,0.72,0.8567,18,42,8,6,0.8108,0.75,0.84,0.72,0.8442,18,41,9,6,0.7973,0.75,0.82,0.7059,0.8567,17,53,5,0,0.9333,1.0,0.9138,0.8718,0.9706,13,51,7,4,0.8533,0.7647,0.8793,0.7027,0.9412,10,56,2,7,0.88,0.5882,0.9655,0.6897,0.9391,16,51,7,1,0.8933,0.9412,0.8793,0.8,0.9432,13,48,10,4,0.8133,0.7647,0.8276,0.65,0.9229,16,50,8,1,0.88,0.9412,0.8621,0.7805,0.9371,10,51,7,7,0.8133,0.5882,0.8793,0.5882,0.8966
355,23,29,15,7,0.7027,0.7667,0.6591,0.6765,0.8394,19,34,10,11,0.7162,0.6333,0.7727,0.6441,0.7871,19,36,8,11,0.7432,0.6333,0.8182,0.6667,0.7356,19,33,11,11,0.7027,0.6333,0.75,0.6333,0.7894,18,33,11,12,0.6892,0.6,0.75,0.6102,0.7848,21,35,9,9,0.7568,0.7,0.7955,0.7,0.7788,18,35,9,12,0.7162,0.6,0.7955,0.6316,0.7682,15,55,5,0,0.9333,1.0,0.9167,0.8571,0.9767,12,55,5,3,0.8933,0.8,0.9167,0.75,0.97,11,59,1,4,0.9333,0.7333,0.9833,0.8148,0.9756,13,54,6,2,0.8933,0.8667,0.9,0.7647,0.9667,13,53,7,2,0.88,0.8667,0.8833,0.7429,0.9644,15,55,5,0,0.9333,1.0,0.9167,0.8571,0.9756,12,54,6,3,0.88,0.8,0.9,0.7273,0.9456
356,24,37,11,2,0.8243,0.9231,0.7708,0.7869,0.9271,21,41,7,5,0.8378,0.8077,0.8542,0.7778,0.8942,22,42,6,4,0.8649,0.8462,0.875,0.8148,0.9119,21,40,8,5,0.8243,0.8077,0.8333,0.7636,0.8966,21,41,7,5,0.8378,0.8077,0.8542,0.7778,0.8918,23,43,5,3,0.8919,0.8846,0.8958,0.8519,0.9071,21,41,7,5,0.8378,0.8077,0.8542,0.7778,0.9046,16,51,6,2,0.8933,0.8889,0.8947,0.8,0.8977,13,51,6,5,0.8533,0.7222,0.8947,0.7027,0.9045,12,53,4,6,0.8667,0.6667,0.9298,0.7059,0.8528,15,49,8,3,0.8533,0.8333,0.8596,0.7317,0.885,13,48,9,5,0.8133,0.7222,0.8421,0.65,0.883,16,52,5,2,0.9067,0.8889,0.9123,0.8205,0.9064,11,49,8,7,0.8,0.6111,0.8596,0.5946,0.845
357,26,33,11,4,0.7973,0.8667,0.75,0.7761,0.8462,22,35,9,8,0.7703,0.7333,0.7955,0.7213,0.8091,23,40,4,7,0.8514,0.7667,0.9091,0.807,0.8402,20,35,9,10,0.7432,0.6667,0.7955,0.678,0.7962,21,37,7,9,0.7838,0.7,0.8409,0.7241,0.7947,22,38,6,8,0.8108,0.7333,0.8636,0.7586,0.8235,21,36,8,9,0.7703,0.7,0.8182,0.7119,0.8144,19,49,5,2,0.9067,0.9048,0.9074,0.8444,0.9533,15,50,4,6,0.8667,0.7143,0.9259,0.75,0.9665,15,52,2,6,0.8933,0.7143,0.963,0.7895,0.9462,17,49,5,4,0.88,0.8095,0.9074,0.7907,0.9462,17,46,8,4,0.84,0.8095,0.8519,0.7391,0.9506,19,47,7,2,0.88,0.9048,0.8704,0.8085,0.9559,15,49,5,6,0.8533,0.7143,0.9074,0.7317,0.9347
358,29,27,16,2,0.7568,0.9355,0.6279,0.7632,0.8987,25,31,12,6,0.7568,0.8065,0.7209,0.7353,0.868,25,35,8,6,0.8108,0.8065,0.814,0.7812,0.8635,25,31,12,6,0.7568,0.8065,0.7209,0.7353,0.8792,25,35,8,6,0.8108,0.8065,0.814,0.7812,0.8747,27,32,11,4,0.7973,0.871,0.7442,0.7826,0.8882,25,34,9,6,0.7973,0.8065,0.7907,0.7692,0.8492,17,52,2,4,0.92,0.8095,0.963,0.85,0.9321,13,52,2,8,0.8667,0.619,0.963,0.7222,0.9462,11,52,2,10,0.84,0.5238,0.963,0.6471,0.8889,13,52,2,8,0.8667,0.619,0.963,0.7222,0.9277,12,50,4,9,0.8267,0.5714,0.9259,0.6486,0.925,17,50,4,4,0.8933,0.8095,0.9259,0.8095,0.9206,12,52,2,9,0.8533,0.5714,0.963,0.6857,0.8986
359,25,33,14,2,0.7838,0.9259,0.7021,0.7576,0.8668,20,37,10,7,0.7703,0.7407,0.7872,0.7018,0.8345,21,40,7,6,0.8243,0.7778,0.8511,0.7636,0.8448,20,37,10,7,0.7703,0.7407,0.7872,0.7018,0.8345,18,37,10,9,0.7432,0.6667,0.7872,0.6545,0.8258,24,38,9,3,0.8378,0.8889,0.8085,0.8,0.8637,18,37,10,9,0.7432,0.6667,0.7872,0.6545,0.8132,17,49,6,3,0.88,0.85,0.8909,0.7907,0.9255,10,50,5,10,0.8,0.5,0.9091,0.5714,0.9345,7,52,3,13,0.7867,0.35,0.9455,0.4667,0.8527,13,48,7,7,0.8133,0.65,0.8727,0.65,0.9191,12,48,7,8,0.8,0.6,0.8727,0.6154,0.91,15,51,4,5,0.88,0.75,0.9273,0.7692,0.9145,9,48,7,11,0.76,0.45,0.8727,0.5,0.8936
360,24,33,14,3,0.7703,0.8889,0.7021,0.7385,0.866,21,41,6,6,0.8378,0.7778,0.8723,0.7778,0.8574,19,40,7,8,0.7973,0.7037,0.8511,0.717,0.8117,18,42,5,9,0.8108,0.6667,0.8936,0.72,0.8369,19,41,6,8,0.8108,0.7037,0.8723,0.7308,0.8519,23,37,10,4,0.8108,0.8519,0.7872,0.7667,0.8542,19,42,5,8,0.8243,0.7037,0.8936,0.7451,0.8195,19,49,5,2,0.9067,0.9048,0.9074,0.8444,0.9559,14,46,8,7,0.8,0.6667,0.8519,0.6512,0.9383,13,53,1,8,0.88,0.619,0.9815,0.7429,0.9339,15,46,8,6,0.8133,0.7143,0.8519,0.6818,0.9303,14,44,10,7,0.7733,0.6667,0.8148,0.6222,0.9259,19,47,7,2,0.88,0.9048,0.8704,0.8085,0.9462,13,46,8,8,0.7867,0.619,0.8519,0.619,0.8959
361,20,33,19,2,0.7162,0.9091,0.6346,0.6557,0.8802,18,39,13,4,0.7703,0.8182,0.75,0.6792,0.8252,18,43,9,4,0.8243,0.8182,0.8269,0.7347,0.882,17,36,16,5,0.7162,0.7727,0.6923,0.6182,0.8295,18,39,13,4,0.7703,0.8182,0.75,0.6792,0.8435,17,41,11,5,0.7838,0.7727,0.7885,0.68,0.8698,18,37,15,4,0.7432,0.8182,0.7115,0.6545,0.7815,24,37,8,6,0.8133,0.8,0.8222,0.7742,0.8719,18,38,7,12,0.7467,0.6,0.8444,0.6545,0.8807,16,42,3,14,0.7733,0.5333,0.9333,0.6531,0.7911,23,37,8,7,0.8,0.7667,0.8222,0.7541,0.8719,22,37,8,8,0.7867,0.7333,0.8222,0.7333,0.8674,23,38,7,7,0.8133,0.7667,0.8444,0.7667,0.877,17,37,8,13,0.72,0.5667,0.8222,0.6182,0.8281
362,18,35,20,1,0.7162,0.9474,0.6364,0.6316,0.8766,16,39,16,3,0.7432,0.8421,0.7091,0.6275,0.8392,17,47,8,2,0.8649,0.8947,0.8545,0.7727,0.8928,15,39,16,4,0.7297,0.7895,0.7091,0.6,0.8488,16,43,12,3,0.7973,0.8421,0.7818,0.6809,0.8622,17,42,13,2,0.7973,0.8947,0.7636,0.6939,0.9225,16,42,13,3,0.7838,0.8421,0.7636,0.6667,0.8488,18,50,3,4,0.9067,0.8182,0.9434,0.8372,0.9245,14,49,4,8,0.84,0.6364,0.9245,0.7,0.9237,11,52,1,11,0.84,0.5,0.9811,0.6471,0.807,15,49,4,7,0.8533,0.6818,0.9245,0.7317,0.9091,14,49,4,8,0.84,0.6364,0.9245,0.7,0.9074,17,50,3,5,0.8933,0.7727,0.9434,0.8095,0.8997,13,49,4,9,0.8267,0.5909,0.9245,0.6667,0.8808
363,31,26,14,3,0.7703,0.9118,0.65,0.7848,0.8978,26,31,9,8,0.7703,0.7647,0.775,0.7536,0.8632,27,32,8,7,0.7973,0.7941,0.8,0.7826,0.8551,24,30,10,10,0.7297,0.7059,0.75,0.7059,0.85,26,32,8,8,0.7838,0.7647,0.8,0.7647,0.8588,29,29,11,5,0.7838,0.8529,0.725,0.7838,0.8588,26,30,10,8,0.7568,0.7647,0.75,0.7429,0.8507,15,51,6,3,0.88,0.8333,0.8947,0.7692,0.8986,13,51,6,5,0.8533,0.7222,0.8947,0.7027,0.9103,13,56,1,5,0.92,0.7222,0.9825,0.8125,0.8363,15,49,8,3,0.8533,0.8333,0.8596,0.7317,0.8947,14,49,8,4,0.84,0.7778,0.8596,0.7,0.8684,15,53,4,3,0.9067,0.8333,0.9298,0.8108,0.9142,12,49,8,6,0.8133,0.6667,0.8596,0.6316,0.8304
364,21,37,13,3,0.7838,0.875,0.74,0.7241,0.8967,16,42,8,8,0.7838,0.6667,0.84,0.6667,0.8575,15,43,7,9,0.7838,0.625,0.86,0.6522,0.7675,15,41,9,9,0.7568,0.625,0.82,0.625,0.8358,16,42,8,8,0.7838,0.6667,0.84,0.6667,0.8625,19,45,5,5,0.8649,0.7917,0.9,0.7917,0.8658,16,42,8,8,0.7838,0.6667,0.84,0.6667,0.83,21,46,4,4,0.8933,0.84,0.92,0.84,0.9608,12,45,5,13,0.76,0.48,0.9,0.5714,0.94,12,49,1,13,0.8133,0.48,0.98,0.6316,0.8704,18,45,5,7,0.84,0.72,0.9,0.75,0.9352,17,45,5,8,0.8267,0.68,0.9,0.7234,0.9336,21,46,4,4,0.8933,0.84,0.92,0.84,0.9536,11,45,5,14,0.7467,0.44,0.9,0.5366,0.9168
365,25,30,16,3,0.7432,0.8929,0.6522,0.7246,0.8665,24,36,10,4,0.8108,0.8571,0.7826,0.7742,0.8463,21,41,5,7,0.8378,0.75,0.8913,0.7778,0.8276,20,35,11,8,0.7432,0.7143,0.7609,0.678,0.8307,22,34,12,6,0.7568,0.7857,0.7391,0.7097,0.8416,22,38,8,6,0.8108,0.7857,0.8261,0.7586,0.8657,22,35,11,6,0.7703,0.7857,0.7609,0.7213,0.8238,20,48,3,4,0.9067,0.8333,0.9412,0.8511,0.902,15,48,3,9,0.84,0.625,0.9412,0.7143,0.9109,14,49,2,10,0.84,0.5833,0.9608,0.7,0.7533,16,48,3,8,0.8533,0.6667,0.9412,0.7442,0.8913,16,47,4,8,0.84,0.6667,0.9216,0.7273,0.8791,18,47,4,6,0.8667,0.75,0.9216,0.7826,0.866,15,48,3,9,0.84,0.625,0.9412,0.7143,0.8636
366,21,42,10,1,0.8514,0.9545,0.8077,0.7925,0.9309,18,46,6,4,0.8649,0.8182,0.8846,0.7826,0.8837,19,47,5,3,0.8919,0.8636,0.9038,0.8261,0.9003,18,45,7,4,0.8514,0.8182,0.8654,0.766,0.8925,17,46,6,5,0.8514,0.7727,0.8846,0.7556,0.8776,18,47,5,4,0.8784,0.8182,0.9038,0.8,0.8986,17,47,5,5,0.8649,0.7727,0.9038,0.7727,0.8934,20,45,6,4,0.8667,0.8333,0.8824,0.8,0.9126,16,44,7,8,0.8,0.6667,0.8627,0.6809,0.9134,14,48,3,10,0.8267,0.5833,0.9412,0.6829,0.8317,18,44,7,6,0.8267,0.75,0.8627,0.7347,0.9134,18,42,9,6,0.8,0.75,0.8235,0.7059,0.8987,18,43,8,6,0.8133,0.75,0.8431,0.72,0.8815,16,44,7,8,0.8,0.6667,0.8627,0.6809,0.8636
367,22,34,16,2,0.7568,0.9167,0.68,0.7097,0.8758,15,41,9,9,0.7568,0.625,0.82,0.625,0.7817,15,41,9,9,0.7568,0.625,0.82,0.625,0.775,16,39,11,8,0.7432,0.6667,0.78,0.6275,0.7775,14,36,14,10,0.6757,0.5833,0.72,0.5385,0.7733,20,41,9,4,0.8243,0.8333,0.82,0.7547,0.8275,14,39,11,10,0.7162,0.5833,0.78,0.5714,0.755,15,51,7,2,0.88,0.8824,0.8793,0.7692,0.9097,11,50,8,6,0.8133,0.6471,0.8621,0.6111,0.8895,9,55,3,8,0.8533,0.5294,0.9483,0.6207,0.857,12,49,9,5,0.8133,0.7059,0.8448,0.6316,0.8722,11,46,12,6,0.76,0.6471,0.7931,0.55,0.86,15,49,9,2,0.8533,0.8824,0.8448,0.7317,0.9077,10,49,9,7,0.7867,0.5882,0.8448,0.5556,0.8357
368,28,33,11,2,0.8243,0.9333,0.75,0.8116,0.9402,21,35,9,9,0.7568,0.7,0.7955,0.7,0.8947,27,40,4,3,0.9054,0.9,0.9091,0.8852,0.9235,22,35,9,8,0.7703,0.7333,0.7955,0.7213,0.8909,21,36,8,9,0.7703,0.7,0.8182,0.7119,0.8871,20,41,3,10,0.8243,0.6667,0.9318,0.7547,0.8962,21,36,8,9,0.7703,0.7,0.8182,0.7119,0.8773,14,59,1,1,0.9733,0.9333,0.9833,0.9333,0.9856,10,58,2,5,0.9067,0.6667,0.9667,0.7407,0.9633,9,59,1,6,0.9067,0.6,0.9833,0.72,0.8578,11,58,2,4,0.92,0.7333,0.9667,0.7857,0.9633,10,55,5,5,0.8667,0.6667,0.9167,0.6667,0.9611,12,56,4,3,0.9067,0.8,0.9333,0.7742,0.9344,9,58,2,6,0.8933,0.6,0.9667,0.6923,0.9511
369,24,34,14,2,0.7838,0.9231,0.7083,0.75,0.8942,22,38,10,4,0.8108,0.8462,0.7917,0.7586,0.871,22,44,4,4,0.8919,0.8462,0.9167,0.8462,0.9054,21,35,13,5,0.7568,0.8077,0.7292,0.7,0.8798,21,39,9,5,0.8108,0.8077,0.8125,0.75,0.883,23,39,9,3,0.8378,0.8846,0.8125,0.7931,0.8726,21,37,11,5,0.7838,0.8077,0.7708,0.7241,0.8349,12,51,5,7,0.84,0.6316,0.9107,0.6667,0.891,11,54,2,8,0.8667,0.5789,0.9643,0.6875,0.9267,9,56,0,10,0.8667,0.4737,1.0,0.6429,0.8684,12,51,5,7,0.84,0.6316,0.9107,0.6667,0.8835,10,50,6,9,0.8,0.5263,0.8929,0.5714,0.8778,12,53,3,7,0.8667,0.6316,0.9464,0.7059,0.9107,9,51,5,10,0.8,0.4737,0.9107,0.5455,0.8252
370,21,40,12,1,0.8243,0.9545,0.7692,0.7636,0.9572,21,46,6,1,0.9054,0.9545,0.8846,0.8571,0.9554,21,47,5,1,0.9189,0.9545,0.9038,0.875,0.9607,19,43,9,3,0.8378,0.8636,0.8269,0.76,0.9441,21,45,7,1,0.8919,0.9545,0.8654,0.84,0.9607,21,43,9,1,0.8649,0.9545,0.8269,0.8077,0.9388,21,44,8,1,0.8784,0.9545,0.8462,0.8235,0.9231,17,50,5,3,0.8933,0.85,0.9091,0.8095,0.9191,13,50,5,7,0.84,0.65,0.9091,0.6842,0.9364,13,52,3,7,0.8667,0.65,0.9455,0.7222,0.8955,16,49,6,4,0.8667,0.8,0.8909,0.7619,0.9273,16,49,6,4,0.8667,0.8,0.8909,0.7619,0.9191,17,51,4,3,0.9067,0.85,0.9273,0.8293,0.9336,13,49,6,7,0.8267,0.65,0.8909,0.6667,0.8655
371,22,30,19,3,0.7027,0.88,0.6122,0.6667,0.8531,17,42,7,8,0.7973,0.68,0.8571,0.6939,0.8253,21,44,5,4,0.8784,0.84,0.898,0.8235,0.8327,17,36,13,8,0.7162,0.68,0.7347,0.6182,0.8082,17,40,9,8,0.7703,0.68,0.8163,0.6667,0.8082,18,39,10,7,0.7703,0.72,0.7959,0.6792,0.8057,17,36,13,8,0.7162,0.68,0.7347,0.6182,0.8229,15,52,7,1,0.8933,0.9375,0.8814,0.7895,0.9449,9,54,5,7,0.84,0.5625,0.9153,0.6,0.9523,9,58,1,7,0.8933,0.5625,0.9831,0.6923,0.928,12,51,8,4,0.84,0.75,0.8644,0.6667,0.9227,12,50,9,4,0.8267,0.75,0.8475,0.6486,0.9375,15,54,5,1,0.92,0.9375,0.9153,0.8333,0.9597,9,51,8,7,0.8,0.5625,0.8644,0.5455,0.9089
372,27,31,15,1,0.7838,0.9643,0.6739,0.7714,0.8898,22,33,13,6,0.7432,0.7857,0.7174,0.6984,0.8129,24,39,7,4,0.8514,0.8571,0.8478,0.8136,0.9022,21,33,13,7,0.7297,0.75,0.7174,0.6774,0.8346,20,36,10,8,0.7568,0.7143,0.7826,0.6897,0.8067,24,34,12,4,0.7838,0.8571,0.7391,0.75,0.8944,20,35,11,8,0.7432,0.7143,0.7609,0.678,0.7857,17,47,8,3,0.8533,0.85,0.8545,0.7556,0.88,12,47,8,8,0.7867,0.6,0.8545,0.6,0.8782,10,52,3,10,0.8267,0.5,0.9455,0.6061,0.8245,14,46,9,6,0.8,0.7,0.8364,0.6512,0.8573,11,45,10,9,0.7467,0.55,0.8182,0.5366,0.84,16,47,8,4,0.84,0.8,0.8545,0.7273,0.86,9,46,9,11,0.7333,0.45,0.8364,0.4737,0.8255
373,23,29,17,5,0.7027,0.8214,0.6304,0.6765,0.8424,21,36,10,7,0.7703,0.75,0.7826,0.7119,0.8168,20,38,8,8,0.7838,0.7143,0.8261,0.7143,0.7904,17,32,14,11,0.6622,0.6071,0.6957,0.5763,0.8005,20,32,14,8,0.7027,0.7143,0.6957,0.6452,0.8113,22,33,13,6,0.7432,0.7857,0.7174,0.6984,0.7834,20,32,14,8,0.7027,0.7143,0.6957,0.6452,0.7686,13,55,3,4,0.9067,0.7647,0.9483,0.7879,0.8895,8,56,2,9,0.8533,0.4706,0.9655,0.5926,0.9158,5,57,1,12,0.8267,0.2941,0.9828,0.4348,0.7819,10,55,3,7,0.8667,0.5882,0.9483,0.6667,0.8854,9,54,4,8,0.84,0.5294,0.931,0.6,0.8682,13,55,3,4,0.9067,0.7647,0.9483,0.7879,0.9026,7,55,3,10,0.8267,0.4118,0.9483,0.5185,0.8458
374,24,28,19,3,0.7027,0.8889,0.5957,0.6857,0.8605,20,31,16,7,0.6892,0.7407,0.6596,0.6349,0.8266,23,42,5,4,0.8784,0.8519,0.8936,0.8364,0.8621,22,32,15,5,0.7297,0.8148,0.6809,0.6875,0.8377,20,34,13,7,0.7297,0.7407,0.7234,0.6667,0.8203,20,38,9,7,0.7838,0.7407,0.8085,0.7143,0.8652,20,35,12,7,0.7432,0.7407,0.7447,0.678,0.8077,17,50,4,4,0.8933,0.8095,0.9259,0.8095,0.8995,14,51,3,7,0.8667,0.6667,0.9444,0.7368,0.9153,14,52,2,7,0.88,0.6667,0.963,0.7568,0.8078,15,49,5,6,0.8533,0.7143,0.9074,0.7317,0.8907,14,48,6,7,0.8267,0.6667,0.8889,0.6829,0.8862,16,51,3,5,0.8933,0.7619,0.9444,0.8,0.8871,13,49,5,8,0.8267,0.619,0.9074,0.6667,0.8554
375,29,26,14,5,0.7432,0.8529,0.65,0.7532,0.8147,24,32,8,10,0.7568,0.7059,0.8,0.7273,0.8088,25,34,6,9,0.7973,0.7353,0.85,0.7692,0.8147,22,30,10,12,0.7027,0.6471,0.75,0.6667,0.8051,22,33,7,12,0.7432,0.6471,0.825,0.6984,0.7949,25,30,10,9,0.7432,0.7353,0.75,0.7246,0.8051,22,31,9,12,0.7162,0.6471,0.775,0.6769,0.7772,19,49,7,0,0.9067,1.0,0.875,0.8444,0.9521,15,49,7,4,0.8533,0.7895,0.875,0.7317,0.9464,14,52,4,5,0.88,0.7368,0.9286,0.7568,0.9126,17,48,8,2,0.8667,0.8947,0.8571,0.7727,0.9511,16,48,8,3,0.8533,0.8421,0.8571,0.7442,0.9464,18,50,6,1,0.9067,0.9474,0.8929,0.8372,0.9229,14,48,8,5,0.8267,0.7368,0.8571,0.6829,0.9305
376,20,32,20,2,0.7027,0.9091,0.6154,0.6452,0.8671,15,40,12,7,0.7432,0.6818,0.7692,0.6122,0.7858,17,45,7,5,0.8378,0.7727,0.8654,0.7391,0.8794,16,39,13,6,0.7432,0.7273,0.75,0.6275,0.8051,14,38,14,8,0.7027,0.6364,0.7308,0.56,0.7885,19,43,9,3,0.8378,0.8636,0.8269,0.76,0.8645,14,39,13,8,0.7162,0.6364,0.75,0.5714,0.7579,14,57,3,1,0.9467,0.9333,0.95,0.875,0.9722,10,57,3,5,0.8933,0.6667,0.95,0.7143,0.9589,10,58,2,5,0.9067,0.6667,0.9667,0.7407,0.8756,11,57,3,4,0.9067,0.7333,0.95,0.7586,0.9589,10,55,5,5,0.8667,0.6667,0.9167,0.6667,0.9533,13,55,5,2,0.9067,0.8667,0.9167,0.7879,0.9356,9,57,3,6,0.88,0.6,0.95,0.6667,0.9456
377,27,35,10,2,0.8378,0.931,0.7778,0.8182,0.8759,25,39,6,4,0.8649,0.8621,0.8667,0.8333,0.8644,24,38,7,5,0.8378,0.8276,0.8444,0.8,0.9065,19,38,7,10,0.7703,0.6552,0.8444,0.6909,0.8659,23,38,7,6,0.8243,0.7931,0.8444,0.7797,0.8567,23,36,9,6,0.7973,0.7931,0.8,0.7541,0.8843,23,38,7,6,0.8243,0.7931,0.8444,0.7797,0.8605,18,53,4,0,0.9467,1.0,0.9298,0.9,0.9756,15,52,5,3,0.8933,0.8333,0.9123,0.7895,0.9649,13,56,1,5,0.92,0.7222,0.9825,0.8125,0.9327,15,52,5,3,0.8933,0.8333,0.9123,0.7895,0.9659,14,51,6,4,0.8667,0.7778,0.8947,0.7368,0.9561,17,52,5,1,0.92,0.9444,0.9123,0.85,0.962,14,52,5,4,0.88,0.7778,0.9123,0.7568,0.9474
378,23,33,10,8,0.7568,0.7419,0.7674,0.7188,0.7877,17,37,6,14,0.7297,0.5484,0.8605,0.6296,0.7322,23,38,5,8,0.8243,0.7419,0.8837,0.7797,0.8125,17,38,5,14,0.7432,0.5484,0.8837,0.6415,0.7142,17,39,4,14,0.7568,0.5484,0.907,0.6538,0.7029,16,37,6,15,0.7162,0.5161,0.8605,0.6038,0.7397,17,40,3,14,0.7703,0.5484,0.9302,0.6667,0.7367,13,52,7,3,0.8667,0.8125,0.8814,0.7222,0.8962,7,55,4,9,0.8267,0.4375,0.9322,0.5185,0.9184,8,58,1,8,0.88,0.5,0.9831,0.64,0.8252,10,52,7,6,0.8267,0.625,0.8814,0.6061,0.8856,10,50,9,6,0.8,0.625,0.8475,0.5714,0.8814,12,53,6,4,0.8667,0.75,0.8983,0.7059,0.8877,7,52,7,9,0.7867,0.4375,0.8814,0.4667,0.8506
379,26,31,12,5,0.7703,0.8387,0.7209,0.7536,0.8507,23,33,10,8,0.7568,0.7419,0.7674,0.7188,0.8252,24,40,3,7,0.8649,0.7742,0.9302,0.8276,0.8275,24,34,9,7,0.7838,0.7742,0.7907,0.75,0.8365,23,34,9,8,0.7703,0.7419,0.7907,0.7302,0.8222,24,38,5,7,0.8378,0.7742,0.8837,0.8,0.847,23,34,9,8,0.7703,0.7419,0.7907,0.7302,0.7832,19,46,7,3,0.8667,0.8636,0.8679,0.7917,0.8868,15,47,6,7,0.8267,0.6818,0.8868,0.6977,0.8902,12,48,5,10,0.8,0.5455,0.9057,0.6154,0.8079,16,46,7,6,0.8267,0.7273,0.8679,0.7111,0.8791,15,44,9,7,0.7867,0.6818,0.8302,0.6522,0.8654,18,45,8,4,0.84,0.8182,0.8491,0.75,0.8662,14,46,7,8,0.8,0.6364,0.8679,0.6512,0.8559
380,14,39,16,5,0.7162,0.7368,0.7091,0.5714,0.8163,9,48,7,10,0.7703,0.4737,0.8727,0.5143,0.7904,13,47,8,6,0.8108,0.6842,0.8545,0.65,0.71,9,45,10,10,0.7297,0.4737,0.8182,0.4737,0.7675,9,46,9,10,0.7432,0.4737,0.8364,0.4865,0.7598,10,45,10,9,0.7432,0.5263,0.8182,0.5128,0.7426,9,47,8,10,0.7568,0.4737,0.8545,0.5,0.8278,23,47,4,1,0.9333,0.9583,0.9216,0.902,0.9224,16,46,5,8,0.8267,0.6667,0.902,0.7111,0.9232,16,47,4,8,0.84,0.6667,0.9216,0.7273,0.884,17,46,5,7,0.84,0.7083,0.902,0.7391,0.9224,16,46,5,8,0.8267,0.6667,0.902,0.7111,0.9052,22,47,4,2,0.92,0.9167,0.9216,0.88,0.9118,15,46,5,9,0.8133,0.625,0.902,0.6818,0.884
381,20,43,9,2,0.8514,0.9091,0.8269,0.7843,0.9196,15,46,6,7,0.8243,0.6818,0.8846,0.6977,0.8741,17,48,4,5,0.8784,0.7727,0.9231,0.7907,0.8767,15,43,9,7,0.7838,0.6818,0.8269,0.6522,0.8593,15,46,6,7,0.8243,0.6818,0.8846,0.6977,0.8619,16,47,5,6,0.8514,0.7273,0.9038,0.7442,0.8942,15,43,9,7,0.7838,0.6818,0.8269,0.6522,0.8645,17,51,4,3,0.9067,0.85,0.9273,0.8293,0.9409,11,50,5,9,0.8133,0.55,0.9091,0.6111,0.9509,9,52,3,11,0.8133,0.45,0.9455,0.5625,0.8773,13,50,5,7,0.84,0.65,0.9091,0.6842,0.9445,13,49,6,7,0.8267,0.65,0.8909,0.6667,0.9436,16,50,5,4,0.88,0.8,0.9091,0.7805,0.9282,11,50,5,9,0.8133,0.55,0.9091,0.6111,0.9018
382,19,30,22,3,0.6622,0.8636,0.5769,0.6032,0.8365,17,36,16,5,0.7162,0.7727,0.6923,0.6182,0.75,19,45,7,3,0.8649,0.8636,0.8654,0.7917,0.868,18,37,15,4,0.7432,0.8182,0.7115,0.6545,0.7867,17,34,18,5,0.6892,0.7727,0.6538,0.5965,0.7719,18,42,10,4,0.8108,0.8182,0.8077,0.72,0.8357,17,37,15,5,0.7297,0.7727,0.7115,0.6296,0.7037,23,43,8,1,0.88,0.9583,0.8431,0.8364,0.9306,17,42,9,7,0.7867,0.7083,0.8235,0.68,0.9077,18,46,5,6,0.8533,0.75,0.902,0.766,0.8472,20,42,9,4,0.8267,0.8333,0.8235,0.7547,0.9158,20,42,9,4,0.8267,0.8333,0.8235,0.7547,0.906,21,43,8,3,0.8533,0.875,0.8431,0.7925,0.8938,17,42,9,7,0.7867,0.7083,0.8235,0.68,0.8725
383,22,37,12,3,0.7973,0.88,0.7551,0.7458,0.8669,16,42,7,9,0.7838,0.64,0.8571,0.6667,0.8367,20,44,5,5,0.8649,0.8,0.898,0.8,0.8767,17,42,7,8,0.7973,0.68,0.8571,0.6939,0.8278,16,42,7,9,0.7838,0.64,0.8571,0.6667,0.8188,20,43,6,5,0.8514,0.8,0.8776,0.7843,0.8637,16,43,6,9,0.7973,0.64,0.8776,0.6809,0.8384,13,51,8,3,0.8533,0.8125,0.8644,0.7027,0.8824,8,53,6,8,0.8133,0.5,0.8983,0.5333,0.9121,10,56,3,6,0.88,0.625,0.9492,0.6897,0.7775,11,50,9,5,0.8133,0.6875,0.8475,0.6111,0.8856,11,50,9,5,0.8133,0.6875,0.8475,0.6111,0.875,11,54,5,5,0.8667,0.6875,0.9153,0.6875,0.875,8,50,9,8,0.7733,0.5,0.8475,0.4848,0.8517
384,17,38,16,3,0.7432,0.85,0.7037,0.6415,0.85,15,43,11,5,0.7838,0.75,0.7963,0.6522,0.7907,14,46,8,6,0.8108,0.7,0.8519,0.6667,0.8204,13,41,13,7,0.7297,0.65,0.7593,0.5652,0.7843,14,45,9,6,0.7973,0.7,0.8333,0.6512,0.7907,16,46,8,4,0.8378,0.8,0.8519,0.7273,0.8407,14,44,10,6,0.7838,0.7,0.8148,0.6364,0.7769,17,51,4,3,0.9067,0.85,0.9273,0.8293,0.9545,17,49,6,3,0.88,0.85,0.8909,0.7907,0.9555,16,51,4,4,0.8933,0.8,0.9273,0.8,0.8655,17,49,6,3,0.88,0.85,0.8909,0.7907,0.9391,16,48,7,4,0.8533,0.8,0.8727,0.7442,0.9409,17,50,5,3,0.8933,0.85,0.9091,0.8095,0.9464,16,49,6,4,0.8667,0.8,0.8909,0.7619,0.92
385,16,37,18,3,0.7162,0.8421,0.6727,0.6038,0.8651,13,44,11,6,0.7703,0.6842,0.8,0.6047,0.8124,16,47,8,3,0.8514,0.8421,0.8545,0.7442,0.8526,12,41,14,7,0.7162,0.6316,0.7455,0.5333,0.7866,13,45,10,6,0.7838,0.6842,0.8182,0.619,0.7933,13,42,13,6,0.7432,0.6842,0.7636,0.5778,0.8086,13,43,12,6,0.7568,0.6842,0.7818,0.5909,0.8,16,52,5,2,0.9067,0.8889,0.9123,0.8205,0.9591,10,52,5,8,0.8267,0.5556,0.9123,0.6061,0.9493,8,56,1,10,0.8533,0.4444,0.9825,0.5926,0.8947,14,51,6,4,0.8667,0.7778,0.8947,0.7368,0.9405,12,51,6,6,0.84,0.6667,0.8947,0.6667,0.9357,15,53,4,3,0.9067,0.8333,0.9298,0.8108,0.9474,8,51,6,10,0.7867,0.4444,0.8947,0.5,0.9288
386,23,36,11,4,0.7973,0.8519,0.766,0.7541,0.8731,19,40,7,8,0.7973,0.7037,0.8511,0.717,0.8424,20,45,2,7,0.8784,0.7407,0.9574,0.8163,0.8479,20,39,8,7,0.7973,0.7407,0.8298,0.7273,0.8519,17,39,8,10,0.7568,0.6296,0.8298,0.6538,0.8156,20,42,5,7,0.8378,0.7407,0.8936,0.7692,0.8747,17,39,8,10,0.7568,0.6296,0.8298,0.6538,0.8148,21,42,12,0,0.84,1.0,0.7778,0.7778,0.8854,13,44,10,8,0.76,0.619,0.8148,0.5909,0.8801,10,50,4,11,0.8,0.4762,0.9259,0.5714,0.8598,16,41,13,5,0.76,0.7619,0.7593,0.64,0.8545,12,41,13,9,0.7067,0.5714,0.7593,0.5217,0.8527,19,45,9,2,0.8533,0.9048,0.8333,0.7755,0.8765,9,41,13,12,0.6667,0.4286,0.7593,0.4186,0.8395
387,23,33,14,4,0.7568,0.8519,0.7021,0.7188,0.8747,15,36,11,12,0.6892,0.5556,0.766,0.566,0.7935,21,42,5,6,0.8514,0.7778,0.8936,0.7925,0.8385,16,33,14,11,0.6622,0.5926,0.7021,0.5614,0.7888,15,37,10,12,0.7027,0.5556,0.7872,0.5769,0.7896,17,40,7,10,0.7703,0.6296,0.8511,0.6667,0.8329,15,36,11,12,0.6892,0.5556,0.766,0.566,0.7904,21,47,7,0,0.9067,1.0,0.8704,0.8571,0.9339,13,48,6,8,0.8133,0.619,0.8889,0.65,0.9295,11,52,2,10,0.84,0.5238,0.963,0.6471,0.8907,16,47,7,5,0.84,0.7619,0.8704,0.7273,0.9259,14,46,8,7,0.8,0.6667,0.8519,0.6512,0.9198,19,47,7,2,0.88,0.9048,0.8704,0.8085,0.9145,11,47,7,10,0.7733,0.5238,0.8704,0.5641,0.9118
388,28,35,9,2,0.8514,0.9333,0.7955,0.8358,0.9106,16,38,6,14,0.7297,0.5333,0.8636,0.6154,0.8288,22,41,3,8,0.8514,0.7333,0.9318,0.8,0.8977,15,39,5,15,0.7297,0.5,0.8864,0.6,0.8227,16,37,7,14,0.7162,0.5333,0.8409,0.6038,0.8076,20,39,5,10,0.7973,0.6667,0.8864,0.7273,0.8848,16,39,5,14,0.7432,0.5333,0.8864,0.6275,0.822,16,48,8,3,0.8533,0.8421,0.8571,0.7442,0.8976,12,47,9,7,0.7867,0.6316,0.8393,0.6,0.8882,9,52,4,10,0.8133,0.4737,0.9286,0.5625,0.8468,15,46,10,4,0.8133,0.7895,0.8214,0.6818,0.8797,11,46,10,8,0.76,0.5789,0.8214,0.55,0.8759,16,49,7,3,0.8667,0.8421,0.875,0.7619,0.9041,8,46,10,11,0.72,0.4211,0.8214,0.4324,0.8562
389,19,31,20,4,0.6757,0.8261,0.6078,0.6129,0.7877,11,39,12,12,0.6757,0.4783,0.7647,0.4783,0.7084,13,42,9,10,0.7432,0.5652,0.8235,0.5778,0.7442,13,36,15,10,0.6622,0.5652,0.7059,0.5098,0.7187,11,40,11,12,0.6892,0.4783,0.7843,0.4889,0.7195,17,39,12,6,0.7568,0.7391,0.7647,0.6538,0.7954,11,37,14,12,0.6486,0.4783,0.7255,0.4583,0.6854,13,52,6,4,0.8667,0.7647,0.8966,0.7222,0.928,9,51,7,8,0.8,0.5294,0.8793,0.5455,0.927,7,56,2,10,0.84,0.4118,0.9655,0.5385,0.8185,10,51,7,7,0.8133,0.5882,0.8793,0.5882,0.9158,9,51,7,8,0.8,0.5294,0.8793,0.5455,0.926,13,52,6,4,0.8667,0.7647,0.8966,0.7222,0.9249,8,51,7,9,0.7867,0.4706,0.8793,0.5,0.9138
390,14,46,12,2,0.8108,0.875,0.7931,0.6667,0.9116,13,50,8,3,0.8514,0.8125,0.8621,0.7027,0.9073,13,56,2,3,0.9324,0.8125,0.9655,0.8387,0.8491,12,49,9,4,0.8243,0.75,0.8448,0.6486,0.8901,13,52,6,3,0.8784,0.8125,0.8966,0.7429,0.9019,13,50,8,3,0.8514,0.8125,0.8621,0.7027,0.8955,13,51,7,3,0.8649,0.8125,0.8793,0.7222,0.9041,16,51,6,2,0.8933,0.8889,0.8947,0.8,0.9016,11,51,6,7,0.8267,0.6111,0.8947,0.6286,0.8996,11,56,1,7,0.8933,0.6111,0.9825,0.7333,0.8304,13,50,7,5,0.84,0.7222,0.8772,0.6842,0.8928,13,50,7,5,0.84,0.7222,0.8772,0.6842,0.8674,15,52,5,3,0.8933,0.8333,0.9123,0.7895,0.8908,11,50,7,7,0.8133,0.6111,0.8772,0.6111,0.8411
391,24,38,9,3,0.8378,0.8889,0.8085,0.8,0.9188,16,43,4,11,0.7973,0.5926,0.9149,0.6809,0.8818,19,42,5,8,0.8243,0.7037,0.8936,0.7451,0.8479,18,40,7,9,0.7838,0.6667,0.8511,0.6923,0.8779,16,42,5,11,0.7838,0.5926,0.8936,0.6667,0.8747,20,40,7,7,0.8108,0.7407,0.8511,0.7407,0.8692,16,41,6,11,0.7703,0.5926,0.8723,0.6531,0.8589,18,49,7,1,0.8933,0.9474,0.875,0.8182,0.9211,13,48,8,6,0.8133,0.6842,0.8571,0.65,0.9107,13,52,4,6,0.8667,0.6842,0.9286,0.7222,0.9079,15,46,10,4,0.8133,0.7895,0.8214,0.6818,0.8966,14,45,11,5,0.7867,0.7368,0.8036,0.6364,0.891,17,50,6,2,0.8933,0.8947,0.8929,0.8095,0.9173,12,46,10,7,0.7733,0.6316,0.8214,0.5854,0.8618
392,22,32,16,4,0.7297,0.8462,0.6667,0.6875,0.8462,18,40,8,8,0.7838,0.6923,0.8333,0.6923,0.8221,18,42,6,8,0.8108,0.6923,0.875,0.72,0.8333,16,40,8,10,0.7568,0.6154,0.8333,0.64,0.7989,17,42,6,9,0.7973,0.6538,0.875,0.6939,0.8205,21,37,11,5,0.7838,0.8077,0.7708,0.7241,0.8093,17,41,7,9,0.7838,0.6538,0.8542,0.68,0.8021,25,42,7,1,0.8933,0.9615,0.8571,0.8621,0.9325,18,42,7,8,0.8,0.6923,0.8571,0.7059,0.9317,17,46,3,9,0.84,0.6538,0.9388,0.7391,0.9356,22,42,7,4,0.8533,0.8462,0.8571,0.8,0.9286,21,41,8,5,0.8267,0.8077,0.8367,0.7636,0.9144,25,41,8,1,0.88,0.9615,0.8367,0.8475,0.9372,17,42,7,9,0.7867,0.6538,0.8571,0.68,0.887
393,26,32,13,3,0.7838,0.8966,0.7111,0.7647,0.8927,23,38,7,6,0.8243,0.7931,0.8444,0.7797,0.8705,25,41,4,4,0.8919,0.8621,0.9111,0.8621,0.8935,21,39,6,8,0.8108,0.7241,0.8667,0.75,0.849,23,38,7,6,0.8243,0.7931,0.8444,0.7797,0.859,23,41,4,6,0.8649,0.7931,0.9111,0.8214,0.8981,23,39,6,6,0.8378,0.7931,0.8667,0.7931,0.8521,10,55,4,6,0.8667,0.625,0.9322,0.6667,0.8517,7,56,3,9,0.84,0.4375,0.9492,0.5385,0.8845,8,58,1,8,0.88,0.5,0.9831,0.64,0.6875,8,55,4,8,0.84,0.5,0.9322,0.5714,0.8559,8,55,4,8,0.84,0.5,0.9322,0.5714,0.8242,10,56,3,6,0.88,0.625,0.9492,0.6897,0.8559,7,55,4,9,0.8267,0.4375,0.9322,0.5185,0.7956
394,20,36,15,3,0.7568,0.8696,0.7059,0.6897,0.8218,14,45,6,9,0.7973,0.6087,0.8824,0.6512,0.7749,16,43,8,7,0.7973,0.6957,0.8431,0.6809,0.867,11,40,11,12,0.6892,0.4783,0.7843,0.4889,0.746,13,41,10,10,0.7297,0.5652,0.8039,0.5652,0.7477,17,42,9,6,0.7973,0.7391,0.8235,0.6939,0.8031,13,40,11,10,0.7162,0.5652,0.7843,0.5532,0.7408,28,42,4,1,0.9333,0.9655,0.913,0.918,0.9385,20,42,4,9,0.8267,0.6897,0.913,0.7547,0.9325,15,44,2,14,0.7867,0.5172,0.9565,0.6522,0.8756,20,42,4,9,0.8267,0.6897,0.913,0.7547,0.9288,17,41,5,12,0.7733,0.5862,0.8913,0.6667,0.907,25,41,5,4,0.88,0.8621,0.8913,0.8475,0.901,17,42,4,12,0.7867,0.5862,0.913,0.68,0.9018
395,23,29,21,1,0.7027,0.9583,0.58,0.6765,0.91,20,37,13,4,0.7703,0.8333,0.74,0.7018,0.8717,18,40,10,6,0.7838,0.75,0.8,0.6923,0.8183,19,36,14,5,0.7432,0.7917,0.72,0.6667,0.86,20,38,12,4,0.7838,0.8333,0.76,0.7143,0.8808,22,36,14,2,0.7838,0.9167,0.72,0.7333,0.8825,20,37,13,4,0.7703,0.8333,0.74,0.7018,0.845,19,49,4,3,0.9067,0.8636,0.9245,0.8444,0.8988,13,49,4,9,0.8267,0.5909,0.9245,0.6667,0.8997,14,51,2,8,0.8667,0.6364,0.9623,0.7368,0.8113,16,49,4,6,0.8667,0.7273,0.9245,0.7619,0.8868,16,46,7,6,0.8267,0.7273,0.8679,0.7111,0.8834,18,46,7,4,0.8533,0.8182,0.8679,0.766,0.8688,13,49,4,9,0.8267,0.5909,0.9245,0.6667,0.8379
396,21,35,16,2,0.7568,0.913,0.6863,0.7,0.9147,20,42,9,3,0.8378,0.8696,0.8235,0.7692,0.9088,16,47,4,7,0.8514,0.6957,0.9216,0.7442,0.8286,19,41,10,4,0.8108,0.8261,0.8039,0.7308,0.9045,18,41,10,5,0.7973,0.7826,0.8039,0.7059,0.8815,20,43,8,3,0.8514,0.8696,0.8431,0.7843,0.8968,18,42,9,5,0.8108,0.7826,0.8235,0.72,0.8755,16,51,6,2,0.8933,0.8889,0.8947,0.8,0.9142,9,51,6,9,0.8,0.5,0.8947,0.5455,0.9337,8,52,5,10,0.8,0.4444,0.9123,0.5161,0.8752,11,50,7,7,0.8133,0.6111,0.8772,0.6111,0.9123,10,49,8,8,0.7867,0.5556,0.8596,0.5556,0.8996,15,51,6,3,0.88,0.8333,0.8947,0.7692,0.9259,8,50,7,10,0.7733,0.4444,0.8772,0.4848,0.885
397,15,41,15,3,0.7568,0.8333,0.7321,0.625,0.8462,8,46,10,10,0.7297,0.4444,0.8214,0.4444,0.7579,10,46,10,8,0.7568,0.5556,0.8214,0.5263,0.7262,7,43,13,11,0.6757,0.3889,0.7679,0.3684,0.7312,7,45,11,11,0.7027,0.3889,0.8036,0.3889,0.7133,11,44,12,7,0.7432,0.6111,0.7857,0.5366,0.7827,7,43,13,11,0.6757,0.3889,0.7679,0.3684,0.751,17,53,2,3,0.9333,0.85,0.9636,0.8718,0.9227,12,53,2,8,0.8667,0.6,0.9636,0.7059,0.93,12,54,1,8,0.88,0.6,0.9818,0.7273,0.83,13,52,3,7,0.8667,0.65,0.9455,0.7222,0.9118,12,48,7,8,0.8,0.6,0.8727,0.6154,0.8873,15,50,5,5,0.8667,0.75,0.9091,0.75,0.8764,11,52,3,9,0.84,0.55,0.9455,0.6471,0.8509
398,25,35,11,3,0.8108,0.8929,0.7609,0.7812,0.8804,22,40,6,6,0.8378,0.7857,0.8696,0.7857,0.8851,22,40,6,6,0.8378,0.7857,0.8696,0.7857,0.83,22,40,6,6,0.8378,0.7857,0.8696,0.7857,0.8734,22,39,7,6,0.8243,0.7857,0.8478,0.7719,0.8804,23,39,7,5,0.8378,0.8214,0.8478,0.7931,0.8828,22,40,6,6,0.8378,0.7857,0.8696,0.7857,0.8789,20,41,9,5,0.8133,0.8,0.82,0.7407,0.8384,15,41,9,10,0.7467,0.6,0.82,0.6122,0.8512,14,44,6,11,0.7733,0.56,0.88,0.6222,0.8032,16,40,10,9,0.7467,0.64,0.8,0.6275,0.8312,15,39,11,10,0.72,0.6,0.78,0.5882,0.824,20,41,9,5,0.8133,0.8,0.82,0.7407,0.8624,14,40,10,11,0.72,0.56,0.8,0.5714,0.7728
399,25,33,15,1,0.7838,0.9615,0.6875,0.7576,0.9062,20,38,10,6,0.7838,0.7692,0.7917,0.7143,0.8333,22,41,7,4,0.8514,0.8462,0.8542,0.8,0.887,21,39,9,5,0.8108,0.8077,0.8125,0.75,0.8462,19,39,9,7,0.7838,0.7308,0.8125,0.7037,0.8109,21,39,9,5,0.8108,0.8077,0.8125,0.75,0.9119,19,39,9,7,0.7838,0.7308,0.8125,0.7037,0.8253,13,57,3,2,0.9333,0.8667,0.95,0.8387,0.9622,9,53,7,6,0.8267,0.6,0.8833,0.5806,0.9367,9,59,1,6,0.9067,0.6,0.9833,0.72,0.93,12,53,7,3,0.8667,0.8,0.8833,0.7059,0.9333,10,53,7,5,0.84,0.6667,0.8833,0.625,0.9378,13,57,3,2,0.9333,0.8667,0.95,0.8387,0.9611,7,53,7,8,0.8,0.4667,0.8833,0.4828,0.9267
400,18,41,11,4,0.7973,0.8182,0.7885,0.7059,0.8094,12,45,7,10,0.7703,0.5455,0.8654,0.5854,0.7448,15,50,2,7,0.8784,0.6818,0.9615,0.7692,0.8348,11,43,9,11,0.7297,0.5,0.8269,0.5238,0.7299,11,45,7,11,0.7568,0.5,0.8654,0.55,0.7203,15,46,6,7,0.8243,0.6818,0.8846,0.6977,0.8016,11,44,8,11,0.7432,0.5,0.8462,0.5366,0.7544,20,47,5,3,0.8933,0.8696,0.9038,0.8333,0.9381,14,45,7,9,0.7867,0.6087,0.8654,0.6364,0.9323,13,50,2,10,0.84,0.5652,0.9615,0.6842,0.9373,15,44,8,8,0.7867,0.6522,0.8462,0.6522,0.9147,14,43,9,9,0.76,0.6087,0.8269,0.6087,0.9164,20,47,5,3,0.8933,0.8696,0.9038,0.8333,0.949,13,44,8,10,0.76,0.5652,0.8462,0.5909,0.8804
401,24,31,16,3,0.7432,0.8889,0.6596,0.7164,0.8865,21,38,9,6,0.7973,0.7778,0.8085,0.7368,0.8219,22,42,5,5,0.8649,0.8148,0.8936,0.8148,0.8629,21,37,10,6,0.7838,0.7778,0.7872,0.7241,0.8243,20,39,8,7,0.7973,0.7407,0.8298,0.7273,0.829,21,39,8,6,0.8108,0.7778,0.8298,0.75,0.8495,20,38,9,7,0.7838,0.7407,0.8085,0.7143,0.792,16,55,3,1,0.9467,0.9412,0.9483,0.8889,0.9604,12,54,4,5,0.88,0.7059,0.931,0.7273,0.9513,8,56,2,9,0.8533,0.4706,0.9655,0.5926,0.9249,13,54,4,4,0.8933,0.7647,0.931,0.7647,0.9483,8,53,5,9,0.8133,0.4706,0.9138,0.5333,0.9442,16,54,4,1,0.9333,0.9412,0.931,0.8649,0.9513,7,54,4,10,0.8133,0.4118,0.931,0.5,0.9331
402,26,32,14,2,0.7838,0.9286,0.6957,0.7647,0.9146,23,40,6,5,0.8514,0.8214,0.8696,0.807,0.8812,25,42,4,3,0.9054,0.8929,0.913,0.8772,0.9084,21,37,9,7,0.7838,0.75,0.8043,0.7241,0.8696,22,39,7,6,0.8243,0.7857,0.8478,0.7719,0.868,22,40,6,6,0.8378,0.7857,0.8696,0.7857,0.8649,22,37,9,6,0.7973,0.7857,0.8043,0.7458,0.8323,18,48,6,3,0.88,0.8571,0.8889,0.8,0.9444,14,48,6,7,0.8267,0.6667,0.8889,0.6829,0.933,14,51,3,7,0.8667,0.6667,0.9444,0.7368,0.8968,16,48,6,5,0.8533,0.7619,0.8889,0.7442,0.9383,15,47,7,6,0.8267,0.7143,0.8704,0.6977,0.9286,17,47,7,4,0.8533,0.8095,0.8704,0.7556,0.9268,13,48,6,8,0.8133,0.619,0.8889,0.65,0.9127
403,28,32,10,4,0.8108,0.875,0.7619,0.8,0.8661,21,37,5,11,0.7838,0.6562,0.881,0.7241,0.8207,17,38,4,15,0.7432,0.5312,0.9048,0.6415,0.849,17,34,8,15,0.6892,0.5312,0.8095,0.5965,0.7917,16,36,6,16,0.7027,0.5,0.8571,0.5926,0.8043,27,37,5,5,0.8649,0.8438,0.881,0.8438,0.8504,16,34,8,16,0.6757,0.5,0.8095,0.5714,0.8155,16,45,10,4,0.8133,0.8,0.8182,0.6957,0.8173,10,46,9,10,0.7467,0.5,0.8364,0.5128,0.8282,10,48,7,10,0.7733,0.5,0.8727,0.5405,0.7864,13,45,10,7,0.7733,0.65,0.8182,0.6047,0.8073,11,44,11,9,0.7333,0.55,0.8,0.5238,0.7991,16,45,10,4,0.8133,0.8,0.8182,0.6957,0.8145,8,45,10,12,0.7067,0.4,0.8182,0.4211,0.7591
404,29,29,13,3,0.7838,0.9062,0.6905,0.7838,0.8899,22,33,9,10,0.7432,0.6875,0.7857,0.6984,0.8385,27,37,5,5,0.8649,0.8438,0.881,0.8438,0.8929,19,31,11,13,0.6757,0.5938,0.7381,0.6129,0.8348,21,31,11,11,0.7027,0.6562,0.7381,0.6562,0.84,21,37,5,11,0.7838,0.6562,0.881,0.7241,0.8408,21,32,10,11,0.7162,0.6562,0.7619,0.6667,0.8028,14,52,2,7,0.88,0.6667,0.963,0.7568,0.9004,10,50,4,11,0.8,0.4762,0.9259,0.5714,0.9021,8,53,1,13,0.8133,0.381,0.9815,0.5333,0.7707,11,50,4,10,0.8133,0.5238,0.9259,0.6111,0.8704,9,48,6,12,0.76,0.4286,0.8889,0.5,0.8668,14,50,4,7,0.8533,0.6667,0.9259,0.7179,0.8889,8,50,4,13,0.7733,0.381,0.9259,0.4848,0.8183
405,23,39,12,0,0.8378,1.0,0.7647,0.7931,0.9054,21,40,11,2,0.8243,0.913,0.7843,0.7636,0.8738,21,47,4,2,0.9189,0.913,0.9216,0.875,0.9864,13,40,11,10,0.7162,0.5652,0.7843,0.5532,0.8576,19,41,10,4,0.8108,0.8261,0.8039,0.7308,0.8764,19,47,4,4,0.8919,0.8261,0.9216,0.8261,0.948,19,41,10,4,0.8108,0.8261,0.8039,0.7308,0.85,19,52,3,1,0.9467,0.95,0.9455,0.9048,0.9736,13,53,2,7,0.88,0.65,0.9636,0.7429,0.98,12,54,1,8,0.88,0.6,0.9818,0.7273,0.92,14,52,3,6,0.88,0.7,0.9455,0.7568,0.9764,13,52,3,7,0.8667,0.65,0.9455,0.7222,0.9709,18,53,2,2,0.9467,0.9,0.9636,0.9,0.9655,12,52,3,8,0.8533,0.6,0.9455,0.6857,0.9527
406,22,37,13,2,0.7973,0.9167,0.74,0.7458,0.8833,21,39,11,3,0.8108,0.875,0.78,0.75,0.8342,17,43,7,7,0.8108,0.7083,0.86,0.7083,0.8342,17,38,12,7,0.7432,0.7083,0.76,0.6415,0.8175,20,40,10,4,0.8108,0.8333,0.8,0.7407,0.8617,21,43,7,3,0.8649,0.875,0.86,0.8077,0.9,20,40,10,4,0.8108,0.8333,0.8,0.7407,0.8308,15,50,6,4,0.8667,0.7895,0.8929,0.75,0.9173,10,50,6,9,0.8,0.5263,0.8929,0.5714,0.9211,8,52,4,11,0.8,0.4211,0.9286,0.5161,0.8778,12,50,6,7,0.8267,0.6316,0.8929,0.6486,0.9211,9,50,6,10,0.7867,0.4737,0.8929,0.5294,0.9154,15,50,6,4,0.8667,0.7895,0.8929,0.75,0.9192,7,50,6,12,0.76,0.3684,0.8929,0.4375,0.8891
407,21,34,14,5,0.7432,0.8077,0.7083,0.6885,0.8341,16,39,9,10,0.7432,0.6154,0.8125,0.6275,0.7796,19,41,7,7,0.8108,0.7308,0.8542,0.7308,0.8085,16,39,9,10,0.7432,0.6154,0.8125,0.6275,0.7716,16,39,9,10,0.7432,0.6154,0.8125,0.6275,0.7404,15,40,8,11,0.7432,0.5769,0.8333,0.6122,0.7845,16,40,8,10,0.7568,0.6154,0.8333,0.64,0.778,16,53,4,2,0.92,0.8889,0.9298,0.8421,0.9503,13,55,2,5,0.9067,0.7222,0.9649,0.7879,0.9591,13,57,0,5,0.9333,0.7222,1.0,0.8387,0.8938,15,53,4,3,0.9067,0.8333,0.9298,0.8108,0.9425,14,53,4,4,0.8933,0.7778,0.9298,0.7778,0.9366,16,55,2,2,0.9467,0.8889,0.9649,0.8889,0.9522,12,53,4,6,0.8667,0.6667,0.9298,0.7059,0.9211
408,25,36,12,1,0.8243,0.9615,0.75,0.7937,0.9335,24,42,6,2,0.8919,0.9231,0.875,0.8571,0.9359,22,43,5,4,0.8784,0.8462,0.8958,0.8302,0.903,20,41,7,6,0.8243,0.7692,0.8542,0.7547,0.9303,22,40,8,4,0.8378,0.8462,0.8333,0.7857,0.9383,23,41,7,3,0.8649,0.8846,0.8542,0.8214,0.9343,22,41,7,4,0.8514,0.8462,0.8542,0.8,0.9087,11,53,6,5,0.8533,0.6875,0.8983,0.6667,0.822,8,52,7,8,0.8,0.5,0.8814,0.5161,0.8549,8,57,2,8,0.8667,0.5,0.9661,0.6154,0.7246,9,52,7,7,0.8133,0.5625,0.8814,0.5625,0.8167,9,50,9,7,0.7867,0.5625,0.8475,0.5294,0.7956,11,51,8,5,0.8267,0.6875,0.8644,0.6286,0.8157,8,52,7,8,0.8,0.5,0.8814,0.5161,0.7564
409,19,34,14,7,0.7162,0.7308,0.7083,0.6441,0.7885,15,40,8,11,0.7432,0.5769,0.8333,0.6122,0.7604,18,42,6,8,0.8108,0.6923,0.875,0.72,0.7804,14,41,7,12,0.7432,0.5385,0.8542,0.5957,0.75,15,42,6,11,0.7703,0.5769,0.875,0.6383,0.7252,16,36,12,10,0.7027,0.6154,0.75,0.5926,0.734,15,42,6,11,0.7703,0.5769,0.875,0.6383,0.7284,17,50,6,2,0.8933,0.8947,0.8929,0.8095,0.9192,11,52,4,8,0.84,0.5789,0.9286,0.6471,0.9323,12,55,1,7,0.8933,0.6316,0.9821,0.75,0.8477,13,50,6,6,0.84,0.6842,0.8929,0.6842,0.9135,12,50,6,7,0.8267,0.6316,0.8929,0.6486,0.907,16,52,4,3,0.9067,0.8421,0.9286,0.8205,0.9239,10,50,6,9,0.8,0.5263,0.8929,0.5714,0.8882
410,23,37,10,4,0.8108,0.8519,0.7872,0.7667,0.8361,17,40,7,10,0.7703,0.6296,0.8511,0.6667,0.7786,20,42,5,7,0.8378,0.7407,0.8936,0.7692,0.8361,15,39,8,12,0.7297,0.5556,0.8298,0.6,0.7581,16,42,5,11,0.7838,0.5926,0.8936,0.6667,0.7754,19,39,8,8,0.7838,0.7037,0.8298,0.7037,0.8101,16,41,6,11,0.7703,0.5926,0.8723,0.6531,0.8022,15,52,5,3,0.8933,0.8333,0.9123,0.7895,0.9201,11,51,6,7,0.8267,0.6111,0.8947,0.6286,0.9172,9,55,2,9,0.8533,0.5,0.9649,0.6207,0.806,11,50,7,7,0.8133,0.6111,0.8772,0.6111,0.9084,10,50,7,8,0.8,0.5556,0.8772,0.5714,0.8889,14,53,4,4,0.8933,0.7778,0.9298,0.7778,0.9045,10,50,7,8,0.8,0.5556,0.8772,0.5714,0.8743
411,26,35,13,0,0.8243,1.0,0.7292,0.8,0.9343,21,40,8,5,0.8243,0.8077,0.8333,0.7636,0.8854,18,41,7,8,0.7973,0.6923,0.8542,0.7059,0.8846,16,38,10,10,0.7297,0.6154,0.7917,0.6154,0.863,18,39,9,8,0.7703,0.6923,0.8125,0.6792,0.9054,23,43,5,3,0.8919,0.8846,0.8958,0.8519,0.9319,18,39,9,8,0.7703,0.6923,0.8125,0.6792,0.871,21,43,7,4,0.8533,0.84,0.86,0.7925,0.916,15,43,7,10,0.7733,0.6,0.86,0.6383,0.928,13,48,2,12,0.8133,0.52,0.96,0.65,0.8888,17,42,8,8,0.7867,0.68,0.84,0.68,0.9104,16,41,9,9,0.76,0.64,0.82,0.64,0.9032,19,43,7,6,0.8267,0.76,0.86,0.7451,0.9072,14,42,8,11,0.7467,0.56,0.84,0.5957,0.8704
412,20,30,19,5,0.6757,0.8,0.6122,0.625,0.8196,18,38,11,7,0.7568,0.72,0.7755,0.6667,0.7771,19,44,5,6,0.8514,0.76,0.898,0.7755,0.8114,17,38,11,8,0.7432,0.68,0.7755,0.6415,0.7861,18,40,9,7,0.7838,0.72,0.8163,0.6923,0.7673,16,37,12,9,0.7162,0.64,0.7551,0.6038,0.7739,18,38,11,7,0.7568,0.72,0.7755,0.6667,0.7567,17,46,9,3,0.84,0.85,0.8364,0.7391,0.9173,11,46,9,9,0.76,0.55,0.8364,0.55,0.9,12,51,4,8,0.84,0.6,0.9273,0.6667,0.8782,14,45,10,6,0.7867,0.7,0.8182,0.6364,0.8836,14,42,13,6,0.7467,0.7,0.7636,0.5957,0.8764,16,44,11,4,0.8,0.8,0.8,0.6809,0.9,11,45,10,9,0.7467,0.55,0.8182,0.5366,0.8445
413,23,37,10,4,0.8108,0.8519,0.7872,0.7667,0.8463,20,42,5,7,0.8378,0.7407,0.8936,0.7692,0.8432,21,41,6,6,0.8378,0.7778,0.8723,0.7778,0.8322,17,42,5,10,0.7973,0.6296,0.8936,0.6939,0.8322,19,41,6,8,0.8108,0.7037,0.8723,0.7308,0.8219,19,42,5,8,0.8243,0.7037,0.8936,0.7451,0.8574,19,42,5,8,0.8243,0.7037,0.8936,0.7451,0.829,22,40,7,6,0.8267,0.7857,0.8511,0.7719,0.8594,16,42,5,12,0.7733,0.5714,0.8936,0.6531,0.8807,16,44,3,12,0.8,0.5714,0.9362,0.6809,0.75,19,40,7,9,0.7867,0.6786,0.8511,0.7037,0.8625,18,40,7,10,0.7733,0.6429,0.8511,0.6792,0.8381,19,42,5,9,0.8133,0.6786,0.8936,0.7308,0.8336,15,40,7,13,0.7333,0.5357,0.8511,0.6,0.8199
414,25,30,14,5,0.7432,0.8333,0.6818,0.7246,0.7742,17,33,11,13,0.6757,0.5667,0.75,0.5862,0.6947,20,36,8,10,0.7568,0.6667,0.8182,0.6897,0.7636,16,33,11,14,0.6622,0.5333,0.75,0.5614,0.7,16,34,10,14,0.6757,0.5333,0.7727,0.5714,0.6924,20,36,8,10,0.7568,0.6667,0.8182,0.6897,0.7636,16,35,9,14,0.6892,0.5333,0.7955,0.5818,0.6924,21,48,3,3,0.92,0.875,0.9412,0.875,0.96,14,47,4,10,0.8133,0.5833,0.9216,0.6667,0.9534,13,50,1,11,0.84,0.5417,0.9804,0.6842,0.8913,16,47,4,8,0.84,0.6667,0.9216,0.7273,0.9453,16,46,5,8,0.8267,0.6667,0.902,0.7111,0.9461,20,47,4,4,0.8933,0.8333,0.9216,0.8333,0.9469,14,47,4,10,0.8133,0.5833,0.9216,0.6667,0.9257
415,20,36,16,2,0.7568,0.9091,0.6923,0.6897,0.8977,16,41,11,6,0.7703,0.7273,0.7885,0.6531,0.8365,17,45,7,5,0.8378,0.7727,0.8654,0.7391,0.8418,14,41,11,8,0.7432,0.6364,0.7885,0.5957,0.8226,15,41,11,7,0.7568,0.6818,0.7885,0.625,0.8523,18,43,9,4,0.8243,0.8182,0.8269,0.7347,0.8584,15,42,10,7,0.7703,0.6818,0.8077,0.6383,0.826,16,53,4,2,0.92,0.8889,0.9298,0.8421,0.9483,7,55,2,11,0.8267,0.3889,0.9649,0.5185,0.9678,6,56,1,12,0.8267,0.3333,0.9825,0.48,0.8392,10,53,4,8,0.84,0.5556,0.9298,0.625,0.9464,10,53,4,8,0.84,0.5556,0.9298,0.625,0.9503,14,55,2,4,0.92,0.7778,0.9649,0.8235,0.9279,7,53,4,11,0.8,0.3889,0.9298,0.4828,0.9162
416,17,46,10,1,0.8514,0.9444,0.8214,0.7556,0.9474,15,47,9,3,0.8378,0.8333,0.8393,0.7143,0.9256,16,53,3,2,0.9324,0.8889,0.9464,0.8649,0.9673,15,46,10,3,0.8243,0.8333,0.8214,0.6977,0.9216,15,49,7,3,0.8649,0.8333,0.875,0.75,0.9256,15,54,2,3,0.9324,0.8333,0.9643,0.8571,0.9673,15,48,8,3,0.8514,0.8333,0.8571,0.7317,0.9077,20,44,8,3,0.8533,0.8696,0.8462,0.7843,0.8938,9,43,9,14,0.6933,0.3913,0.8269,0.439,0.8737,9,50,2,14,0.7867,0.3913,0.9615,0.5294,0.8177,15,42,10,8,0.76,0.6522,0.8077,0.625,0.8587,15,40,12,8,0.7333,0.6522,0.7692,0.6,0.8428,16,43,9,7,0.7867,0.6957,0.8269,0.6667,0.8445,9,42,10,14,0.68,0.3913,0.8077,0.4286,0.8286
417,16,38,17,3,0.7297,0.8421,0.6909,0.6154,0.8364,13,42,13,6,0.7432,0.6842,0.7636,0.5778,0.7397,14,46,9,5,0.8108,0.7368,0.8364,0.6667,0.845,12,39,16,7,0.6892,0.6316,0.7091,0.5106,0.7455,12,44,11,7,0.7568,0.6316,0.8,0.5714,0.7167,14,41,14,5,0.7432,0.7368,0.7455,0.5957,0.7971,12,42,13,7,0.7297,0.6316,0.7636,0.5455,0.7378,12,53,5,5,0.8667,0.7059,0.9138,0.7059,0.9331,8,53,5,9,0.8133,0.4706,0.9138,0.5333,0.9452,9,56,2,8,0.8667,0.5294,0.9655,0.6429,0.7789,11,52,6,6,0.84,0.6471,0.8966,0.6471,0.932,11,51,7,6,0.8267,0.6471,0.8793,0.6286,0.929,11,53,5,6,0.8533,0.6471,0.9138,0.6667,0.9199,8,52,6,9,0.8,0.4706,0.8966,0.5161,0.9108
418,31,25,15,3,0.7568,0.9118,0.625,0.775,0.8566,23,32,8,11,0.7432,0.6765,0.8,0.7077,0.8066,29,32,8,5,0.8243,0.8529,0.8,0.8169,0.8559,24,29,11,10,0.7162,0.7059,0.725,0.6957,0.8081,22,30,10,12,0.7027,0.6471,0.75,0.6667,0.8007,27,30,10,7,0.7703,0.7941,0.75,0.7606,0.8162,22,29,11,12,0.6892,0.6471,0.725,0.6567,0.7801,13,49,6,7,0.8267,0.65,0.8909,0.6667,0.7736,10,48,7,10,0.7733,0.5,0.8727,0.5405,0.8055,10,52,3,10,0.8267,0.5,0.9455,0.6061,0.6645,11,47,8,9,0.7733,0.55,0.8545,0.5641,0.7673,10,46,9,10,0.7467,0.5,0.8364,0.5128,0.7391,13,49,6,7,0.8267,0.65,0.8909,0.6667,0.7709,9,47,8,11,0.7467,0.45,0.8545,0.4865,0.6673
419,20,40,11,3,0.8108,0.8696,0.7843,0.7407,0.8815,16,42,9,7,0.7838,0.6957,0.8235,0.6667,0.8159,16,47,4,7,0.8514,0.6957,0.9216,0.7442,0.8346,14,41,10,9,0.7432,0.6087,0.8039,0.5957,0.8184,14,44,7,9,0.7838,0.6087,0.8627,0.6364,0.7971,16,43,8,7,0.7973,0.6957,0.8431,0.6809,0.8431,14,43,8,9,0.7703,0.6087,0.8431,0.6222,0.8005,16,52,5,2,0.9067,0.8889,0.9123,0.8205,0.9405,7,51,6,11,0.7733,0.3889,0.8947,0.4516,0.9142,8,55,2,10,0.84,0.4444,0.9649,0.5714,0.7807,9,51,6,9,0.8,0.5,0.8947,0.5455,0.9123,9,50,7,9,0.7867,0.5,0.8772,0.5294,0.8947,13,51,6,5,0.8533,0.7222,0.8947,0.7027,0.885,7,51,6,11,0.7733,0.3889,0.8947,0.4516,0.9084
420,29,38,6,1,0.9054,0.9667,0.8636,0.8923,0.9561,24,40,4,6,0.8649,0.8,0.9091,0.8276,0.9303,27,41,3,3,0.9189,0.9,0.9318,0.9,0.9265,26,39,5,4,0.8784,0.8667,0.8864,0.8525,0.9485,23,39,5,7,0.8378,0.7667,0.8864,0.7931,0.9227,25,41,3,5,0.8919,0.8333,0.9318,0.8621,0.9424,23,41,3,7,0.8649,0.7667,0.9318,0.8214,0.9242,15,56,2,2,0.9467,0.8824,0.9655,0.8824,0.9675,10,55,3,7,0.8667,0.5882,0.9483,0.6667,0.9675,10,56,2,7,0.88,0.5882,0.9655,0.6897,0.8955,13,55,3,4,0.9067,0.7647,0.9483,0.7879,0.9594,12,54,4,5,0.88,0.7059,0.931,0.7273,0.9604,14,55,3,3,0.92,0.8235,0.9483,0.8235,0.9462,9,55,3,8,0.8533,0.5294,0.9483,0.6207,0.9483
421,25,33,12,4,0.7838,0.8621,0.7333,0.7576,0.8759,19,38,7,10,0.7703,0.6552,0.8444,0.6909,0.8261,22,40,5,7,0.8378,0.7586,0.8889,0.7857,0.8123,17,36,9,12,0.7162,0.5862,0.8,0.6182,0.8038,19,37,8,10,0.7568,0.6552,0.8222,0.6786,0.8207,20,36,9,9,0.7568,0.6897,0.8,0.6897,0.7893,19,36,9,10,0.7432,0.6552,0.8,0.6667,0.8054,22,47,4,2,0.92,0.9167,0.9216,0.88,0.8758,18,46,5,6,0.8533,0.75,0.902,0.766,0.875,19,47,4,5,0.88,0.7917,0.9216,0.8085,0.8325,20,46,5,4,0.88,0.8333,0.902,0.8163,0.8693,20,44,7,4,0.8533,0.8333,0.8627,0.7843,0.8497,21,45,6,3,0.88,0.875,0.8824,0.8235,0.8668,18,46,5,6,0.8533,0.75,0.902,0.766,0.8358
422,26,35,12,1,0.8243,0.963,0.7447,0.8,0.948,24,42,5,3,0.8919,0.8889,0.8936,0.8571,0.9196,23,44,3,4,0.9054,0.8519,0.9362,0.8679,0.8928,25,42,5,2,0.9054,0.9259,0.8936,0.8772,0.933,23,42,5,4,0.8784,0.8519,0.8936,0.8364,0.9259,23,43,4,4,0.8919,0.8519,0.9149,0.8519,0.9488,23,43,4,4,0.8919,0.8519,0.9149,0.8519,0.907,17,52,6,0,0.92,1.0,0.8966,0.85,0.9432,11,53,5,6,0.8533,0.6471,0.9138,0.6667,0.9473,9,56,2,8,0.8667,0.5294,0.9655,0.6429,0.9199,13,50,8,4,0.84,0.7647,0.8621,0.6842,0.928,12,49,9,5,0.8133,0.7059,0.8448,0.6316,0.9249,16,54,4,1,0.9333,0.9412,0.931,0.8649,0.9402,10,50,8,7,0.8,0.5882,0.8621,0.5714,0.9077
423,21,39,11,3,0.8108,0.875,0.78,0.75,0.8608,19,44,6,5,0.8514,0.7917,0.88,0.7755,0.8475,18,45,5,6,0.8514,0.75,0.9,0.766,0.8767,14,42,8,10,0.7568,0.5833,0.84,0.6087,0.8267,17,43,7,7,0.8108,0.7083,0.86,0.7083,0.8375,18,44,6,6,0.8378,0.75,0.88,0.75,0.855,17,42,8,7,0.7973,0.7083,0.84,0.6939,0.8242,16,49,7,3,0.8667,0.8421,0.875,0.7619,0.8675,11,50,6,8,0.8133,0.5789,0.8929,0.6111,0.8778,11,53,3,8,0.8533,0.5789,0.9464,0.6667,0.8412,14,49,7,5,0.84,0.7368,0.875,0.7,0.8628,14,48,8,5,0.8267,0.7368,0.8571,0.6829,0.8459,16,49,7,3,0.8667,0.8421,0.875,0.7619,0.86,11,49,7,8,0.8,0.5789,0.875,0.5946,0.8045
424,26,38,7,3,0.8649,0.8966,0.8444,0.8387,0.9088,21,40,5,8,0.8243,0.7241,0.8889,0.7636,0.8628,24,44,1,5,0.9189,0.8276,0.9778,0.8889,0.8973,21,40,5,8,0.8243,0.7241,0.8889,0.7636,0.8621,20,41,4,9,0.8243,0.6897,0.9111,0.7547,0.8291,21,43,2,8,0.8649,0.7241,0.9556,0.8077,0.8973,20,41,4,9,0.8243,0.6897,0.9111,0.7547,0.872,13,51,9,2,0.8533,0.8667,0.85,0.7027,0.9144,11,53,7,4,0.8533,0.7333,0.8833,0.6667,0.9278,10,59,1,5,0.92,0.6667,0.9833,0.7692,0.86,12,50,10,3,0.8267,0.8,0.8333,0.6486,0.9078,11,49,11,4,0.8,0.7333,0.8167,0.5946,0.89,13,53,7,2,0.88,0.8667,0.8833,0.7429,0.9178,10,50,10,5,0.8,0.6667,0.8333,0.5714,0.8456
425,23,29,17,5,0.7027,0.8214,0.6304,0.6765,0.8307,18,40,6,10,0.7838,0.6429,0.8696,0.6923,0.7981,20,39,7,8,0.7973,0.7143,0.8478,0.7273,0.8082,16,36,10,12,0.7027,0.5714,0.7826,0.5926,0.7911,17,38,8,11,0.7432,0.6071,0.8261,0.6415,0.7624,20,36,10,8,0.7568,0.7143,0.7826,0.6897,0.8082,17,36,10,11,0.7162,0.6071,0.7826,0.6182,0.7966,21,49,2,3,0.9333,0.875,0.9608,0.8936,0.9297,13,49,2,11,0.8267,0.5417,0.9608,0.6667,0.9355,14,51,0,10,0.8667,0.5833,1.0,0.7368,0.8513,15,49,2,9,0.8533,0.625,0.9608,0.7317,0.9248,15,48,3,9,0.84,0.625,0.9412,0.7143,0.9118,20,48,3,4,0.9067,0.8333,0.9412,0.8511,0.902,13,49,2,11,0.8267,0.5417,0.9608,0.6667,0.8856
426,19,37,16,2,0.7568,0.9048,0.6981,0.6786,0.8706,15,40,13,6,0.7432,0.7143,0.7547,0.6122,0.8544,19,46,7,2,0.8784,0.9048,0.8679,0.8085,0.8994,19,42,11,2,0.8243,0.9048,0.7925,0.7451,0.8868,15,44,9,6,0.7973,0.7143,0.8302,0.6667,0.8625,17,42,11,4,0.7973,0.8095,0.7925,0.6939,0.8751,15,45,8,6,0.8108,0.7143,0.8491,0.6818,0.8392,12,58,5,0,0.9333,1.0,0.9206,0.8276,0.9709,8,60,3,4,0.9067,0.6667,0.9524,0.6957,0.9762,9,61,2,3,0.9333,0.75,0.9683,0.7826,0.9788,12,58,5,0,0.9333,1.0,0.9206,0.8276,0.9656,12,57,6,0,0.92,1.0,0.9048,0.8,0.9722,12,59,4,0,0.9467,1.0,0.9365,0.8571,0.9828,8,58,5,4,0.88,0.6667,0.9206,0.64,0.9444
427,18,38,16,2,0.7568,0.9,0.7037,0.6667,0.8713,16,46,8,4,0.8378,0.8,0.8519,0.7273,0.8426,18,46,8,2,0.8649,0.9,0.8519,0.7826,0.9102,15,42,12,5,0.7703,0.75,0.7778,0.6383,0.8352,16,44,10,4,0.8108,0.8,0.8148,0.6957,0.8296,15,43,11,5,0.7838,0.75,0.7963,0.6522,0.8565,16,42,12,4,0.7838,0.8,0.7778,0.6667,0.8278,21,48,3,3,0.92,0.875,0.9412,0.875,0.9698,17,46,5,7,0.84,0.7083,0.902,0.7391,0.9551,15,49,2,9,0.8533,0.625,0.9608,0.7317,0.8832,17,46,5,7,0.84,0.7083,0.902,0.7391,0.9567,16,45,6,8,0.8133,0.6667,0.8824,0.6957,0.942,20,47,4,4,0.8933,0.8333,0.9216,0.8333,0.9534,16,46,5,8,0.8267,0.6667,0.902,0.7111,0.9248
428,16,37,16,5,0.7162,0.7619,0.6981,0.6038,0.7978,12,44,9,9,0.7568,0.5714,0.8302,0.5714,0.7592,14,49,4,7,0.8514,0.6667,0.9245,0.7179,0.7916,13,43,10,8,0.7568,0.619,0.8113,0.5909,0.7511,12,43,10,9,0.7432,0.5714,0.8113,0.5581,0.7502,14,49,4,7,0.8514,0.6667,0.9245,0.7179,0.7826,12,44,9,9,0.7568,0.5714,0.8302,0.5714,0.7718,17,53,5,0,0.9333,1.0,0.9138,0.8718,0.9787,14,53,5,3,0.8933,0.8235,0.9138,0.7778,0.9777,11,57,1,6,0.9067,0.6471,0.9828,0.7586,0.9807,17,53,5,0,0.9333,1.0,0.9138,0.8718,0.9787,16,52,6,1,0.9067,0.9412,0.8966,0.8205,0.9696,17,52,6,0,0.92,1.0,0.8966,0.85,0.9787,13,53,5,4,0.88,0.7647,0.9138,0.7429,0.9675
429,28,34,9,3,0.8378,0.9032,0.7907,0.8235,0.8845,22,36,7,9,0.7838,0.7097,0.8372,0.7333,0.865,22,37,6,9,0.7973,0.7097,0.8605,0.7458,0.85,19,36,7,12,0.7432,0.6129,0.8372,0.6667,0.8657,20,36,7,11,0.7568,0.6452,0.8372,0.6897,0.8657,23,38,5,8,0.8243,0.7419,0.8837,0.7797,0.8942,20,37,6,11,0.7703,0.6452,0.8605,0.7018,0.8515,15,46,8,6,0.8133,0.7143,0.8519,0.6818,0.8298,11,47,7,10,0.7733,0.5238,0.8704,0.5641,0.866,9,50,4,12,0.7867,0.4286,0.9259,0.5294,0.7346,11,45,9,10,0.7467,0.5238,0.8333,0.5366,0.8298,10,44,10,11,0.72,0.4762,0.8148,0.4878,0.8245,14,47,7,7,0.8133,0.6667,0.8704,0.6667,0.836,10,45,9,11,0.7333,0.4762,0.8333,0.5,0.7813
430,15,37,16,6,0.7027,0.7143,0.6981,0.5769,0.7583,12,39,14,9,0.6892,0.5714,0.7358,0.5106,0.7332,15,45,8,6,0.8108,0.7143,0.8491,0.6818,0.7619,13,38,15,8,0.6892,0.619,0.717,0.5306,0.7143,12,38,15,9,0.6757,0.5714,0.717,0.5,0.6927,12,47,6,9,0.7973,0.5714,0.8868,0.6154,0.7421,12,39,14,9,0.6892,0.5714,0.7358,0.5106,0.7017,17,44,8,6,0.8133,0.7391,0.8462,0.7083,0.8829,14,45,7,9,0.7867,0.6087,0.8654,0.6364,0.9105,11,48,4,12,0.7867,0.4783,0.9231,0.5789,0.7968,16,44,8,7,0.8,0.6957,0.8462,0.6809,0.9013,16,44,8,7,0.8,0.6957,0.8462,0.6809,0.862,17,45,7,6,0.8267,0.7391,0.8654,0.7234,0.8804,14,44,8,9,0.7733,0.6087,0.8462,0.6222,0.8487
431,26,34,11,3,0.8108,0.8966,0.7556,0.7879,0.8444,25,35,10,4,0.8108,0.8621,0.7778,0.7812,0.8284,23,37,8,6,0.8108,0.7931,0.8222,0.7667,0.8352,20,34,11,9,0.7297,0.6897,0.7556,0.6667,0.8307,23,37,8,6,0.8108,0.7931,0.8222,0.7667,0.8314,24,36,9,5,0.8108,0.8276,0.8,0.7742,0.8605,23,36,9,6,0.7973,0.7931,0.8,0.7541,0.8192,17,49,6,3,0.88,0.85,0.8909,0.7907,0.8745,9,49,6,11,0.7733,0.45,0.8909,0.5143,0.8873,6,51,4,14,0.76,0.3,0.9273,0.4,0.7673,11,49,6,9,0.8,0.55,0.8909,0.5946,0.8764,11,49,6,9,0.8,0.55,0.8909,0.5946,0.8509,15,49,6,5,0.8533,0.75,0.8909,0.7317,0.8555,9,49,6,11,0.7733,0.45,0.8909,0.5143,0.8327
432,23,28,21,2,0.6892,0.92,0.5714,0.6667,0.8727,19,37,12,6,0.7568,0.76,0.7551,0.6786,0.7959,18,42,7,7,0.8108,0.72,0.8571,0.72,0.8718,17,34,15,8,0.6892,0.68,0.6939,0.5965,0.7763,18,36,13,7,0.7297,0.72,0.7347,0.6429,0.7959,20,40,9,5,0.8108,0.8,0.8163,0.7407,0.8612,18,34,15,7,0.7027,0.72,0.6939,0.6207,0.7404,20,46,4,5,0.88,0.8,0.92,0.8163,0.8696,14,45,5,11,0.7867,0.56,0.9,0.6364,0.8752,11,48,2,14,0.7867,0.44,0.96,0.5789,0.7312,17,45,5,8,0.8267,0.68,0.9,0.7234,0.8552,15,44,6,10,0.7867,0.6,0.88,0.6522,0.824,18,45,5,7,0.84,0.72,0.9,0.75,0.808,12,45,5,13,0.76,0.48,0.9,0.5714,0.8168
433,25,32,13,4,0.7703,0.8621,0.7111,0.7463,0.836,20,35,10,9,0.7432,0.6897,0.7778,0.678,0.7854,23,41,4,6,0.8649,0.7931,0.9111,0.8214,0.8613,18,34,11,11,0.7027,0.6207,0.7556,0.6207,0.7747,19,34,11,10,0.7162,0.6552,0.7556,0.6441,0.7732,21,40,5,8,0.8243,0.7241,0.8889,0.7636,0.8215,19,35,10,10,0.7297,0.6552,0.7778,0.6552,0.7793,20,44,4,7,0.8533,0.7407,0.9167,0.7843,0.858,13,44,4,14,0.76,0.4815,0.9167,0.5909,0.8758,11,47,1,16,0.7733,0.4074,0.9792,0.5641,0.7384,14,44,4,13,0.7733,0.5185,0.9167,0.6222,0.8588,13,43,5,14,0.7467,0.4815,0.8958,0.5778,0.8125,18,43,5,9,0.8133,0.6667,0.8958,0.72,0.8341,12,44,4,15,0.7467,0.4444,0.9167,0.5581,0.7577
434,21,39,13,1,0.8108,0.9545,0.75,0.75,0.91,16,38,14,6,0.7297,0.7273,0.7308,0.6154,0.8016,20,45,7,2,0.8784,0.9091,0.8654,0.8163,0.9379,15,38,14,7,0.7162,0.6818,0.7308,0.5882,0.8086,15,42,10,7,0.7703,0.6818,0.8077,0.6383,0.8304,18,44,8,4,0.8378,0.8182,0.8462,0.75,0.8837,15,41,11,7,0.7568,0.6818,0.7885,0.625,0.8086,14,48,7,6,0.8267,0.7,0.8727,0.6829,0.8536,7,51,4,13,0.7733,0.35,0.9273,0.4516,0.8918,8,55,0,12,0.84,0.4,1.0,0.5714,0.6755,9,48,7,11,0.76,0.45,0.8727,0.5,0.8309,8,46,9,12,0.72,0.4,0.8364,0.4324,0.8155,11,49,6,9,0.8,0.55,0.8909,0.5946,0.8036,6,48,7,14,0.72,0.3,0.8727,0.3636,0.7664
435,21,34,17,2,0.7432,0.913,0.6667,0.6885,0.8636,13,40,11,10,0.7162,0.5652,0.7843,0.5532,0.7809,17,45,6,6,0.8378,0.7391,0.8824,0.7391,0.8329,13,41,10,10,0.7297,0.5652,0.8039,0.5652,0.7732,12,40,11,11,0.7027,0.5217,0.7843,0.5217,0.763,15,42,9,8,0.7703,0.6522,0.8235,0.6383,0.8355,12,41,10,11,0.7162,0.5217,0.8039,0.5333,0.7937,16,52,6,1,0.9067,0.9412,0.8966,0.8205,0.9037,10,53,5,7,0.84,0.5882,0.9138,0.625,0.9158,11,56,2,6,0.8933,0.6471,0.9655,0.7333,0.8854,13,51,7,4,0.8533,0.7647,0.8793,0.7027,0.8925,12,50,8,5,0.8267,0.7059,0.8621,0.6486,0.8966,16,53,5,1,0.92,0.9412,0.9138,0.8421,0.9178,9,51,7,8,0.8,0.5294,0.8793,0.5455,0.8732
436,20,39,12,3,0.7973,0.8696,0.7647,0.7273,0.8542,15,45,6,8,0.8108,0.6522,0.8824,0.6818,0.8448,18,45,6,5,0.8514,0.7826,0.8824,0.766,0.8704,15,41,10,8,0.7568,0.6522,0.8039,0.625,0.8414,14,43,8,9,0.7703,0.6087,0.8431,0.6222,0.8303,20,44,7,3,0.8649,0.8696,0.8627,0.8,0.8636,14,42,9,9,0.7568,0.6087,0.8235,0.6087,0.8227,14,55,5,1,0.92,0.9333,0.9167,0.8235,0.9489,10,52,8,5,0.8267,0.6667,0.8667,0.6061,0.9344,10,56,4,5,0.88,0.6667,0.9333,0.6897,0.9522,13,52,8,2,0.8667,0.8667,0.8667,0.7222,0.9333,13,52,8,2,0.8667,0.8667,0.8667,0.7222,0.9278,14,55,5,1,0.92,0.9333,0.9167,0.8235,0.9556,10,52,8,5,0.8267,0.6667,0.8667,0.6061,0.9022
437,21,35,15,3,0.7568,0.875,0.7,0.7,0.8567,20,38,12,4,0.7838,0.8333,0.76,0.7143,0.8425,20,40,10,4,0.8108,0.8333,0.8,0.7407,0.83,19,38,12,5,0.7703,0.7917,0.76,0.6909,0.8525,20,39,11,4,0.7973,0.8333,0.78,0.7273,0.835,20,38,12,4,0.7838,0.8333,0.76,0.7143,0.8525,20,39,11,4,0.7973,0.8333,0.78,0.7273,0.8325,18,48,7,2,0.88,0.9,0.8727,0.8,0.9164,15,48,7,5,0.84,0.75,0.8727,0.7143,0.9336,15,52,3,5,0.8933,0.75,0.9455,0.7895,0.8718,16,47,8,4,0.84,0.8,0.8545,0.7273,0.9182,16,45,10,4,0.8133,0.8,0.8182,0.6957,0.9118,17,47,8,3,0.8533,0.85,0.8545,0.7556,0.9109,15,47,8,5,0.8267,0.75,0.8545,0.6977,0.8682
438,28,28,16,2,0.7568,0.9333,0.6364,0.7568,0.8591,25,36,8,5,0.8243,0.8333,0.8182,0.7937,0.8318,23,39,5,7,0.8378,0.7667,0.8864,0.7931,0.85,19,32,12,11,0.6892,0.6333,0.7273,0.623,0.8205,22,36,8,8,0.7838,0.7333,0.8182,0.7333,0.8038,25,32,12,5,0.7703,0.8333,0.7273,0.7463,0.847,22,32,12,8,0.7297,0.7333,0.7273,0.6875,0.7826,20,50,1,4,0.9333,0.8333,0.9804,0.8889,0.951,15,48,3,9,0.84,0.625,0.9412,0.7143,0.9559,15,51,0,9,0.88,0.625,1.0,0.7692,0.8987,17,48,3,7,0.8667,0.7083,0.9412,0.7727,0.9428,16,47,4,8,0.84,0.6667,0.9216,0.7273,0.9297,19,49,2,5,0.9067,0.7917,0.9608,0.8444,0.942,14,48,3,10,0.8267,0.5833,0.9412,0.6829,0.9118
439,25,34,14,1,0.7973,0.9615,0.7083,0.7692,0.9471,24,36,12,2,0.8108,0.9231,0.75,0.7742,0.8894,22,39,9,4,0.8243,0.8462,0.8125,0.7719,0.9103,23,35,13,3,0.7838,0.8846,0.7292,0.7419,0.8942,23,39,9,3,0.8378,0.8846,0.8125,0.7931,0.8918,23,36,12,3,0.7973,0.8846,0.75,0.7541,0.9319,23,37,11,3,0.8108,0.8846,0.7708,0.7667,0.859,19,47,4,5,0.88,0.7917,0.9216,0.8085,0.9052,11,47,4,13,0.7733,0.4583,0.9216,0.5641,0.9199,10,49,2,14,0.7867,0.4167,0.9608,0.5556,0.7982,14,47,4,10,0.8133,0.5833,0.9216,0.6667,0.9101,11,46,5,13,0.76,0.4583,0.902,0.55,0.8946,17,46,5,7,0.84,0.7083,0.902,0.7391,0.8873,8,47,4,16,0.7333,0.3333,0.9216,0.4444,0.8554
440,20,34,16,4,0.7297,0.8333,0.68,0.6667,0.8117,16,39,11,8,0.7432,0.6667,0.78,0.6275,0.8075,16,42,8,8,0.7838,0.6667,0.84,0.6667,0.7558,15,41,9,9,0.7568,0.625,0.82,0.625,0.7908,16,38,12,8,0.7297,0.6667,0.76,0.6154,0.79,20,41,9,4,0.8243,0.8333,0.82,0.7547,0.845,16,41,9,8,0.7703,0.6667,0.82,0.6531,0.7833,8,53,9,5,0.8133,0.6154,0.8548,0.5333,0.8734,7,51,11,6,0.7733,0.5385,0.8226,0.4516,0.8908,4,58,4,9,0.8267,0.3077,0.9355,0.381,0.8114,8,49,13,5,0.76,0.6154,0.7903,0.4706,0.871,7,49,13,6,0.7467,0.5385,0.7903,0.4242,0.8648,8,55,7,5,0.84,0.6154,0.8871,0.5714,0.8883,6,49,13,7,0.7333,0.4615,0.7903,0.375,0.8536
441,20,33,15,6,0.7162,0.7692,0.6875,0.6557,0.77,15,39,9,11,0.7297,0.5769,0.8125,0.6,0.7508,18,41,7,8,0.7973,0.6923,0.8542,0.7059,0.8021,13,38,10,13,0.6892,0.5,0.7917,0.5306,0.7196,15,36,12,11,0.6892,0.5769,0.75,0.566,0.7412,17,41,7,9,0.7838,0.6538,0.8542,0.68,0.8053,15,38,10,11,0.7162,0.5769,0.7917,0.5882,0.7588,20,49,4,2,0.92,0.9091,0.9245,0.8696,0.9022,11,49,4,11,0.8,0.5,0.9245,0.5946,0.9211,9,51,2,13,0.8,0.4091,0.9623,0.5455,0.8233,13,48,5,9,0.8133,0.5909,0.9057,0.65,0.9022,12,48,5,10,0.8,0.5455,0.9057,0.6154,0.8636,18,50,3,4,0.9067,0.8182,0.9434,0.8372,0.8705,10,48,5,12,0.7733,0.4545,0.9057,0.5405,0.8448
442,26,35,11,2,0.8243,0.9286,0.7609,0.8,0.9006,19,36,10,9,0.7432,0.6786,0.7826,0.6667,0.8346,22,40,6,6,0.8378,0.7857,0.8696,0.7857,0.903,18,36,10,10,0.7297,0.6429,0.7826,0.6429,0.8207,18,39,7,10,0.7703,0.6429,0.8478,0.6792,0.8393,24,36,10,4,0.8108,0.8571,0.7826,0.7742,0.8797,18,38,8,10,0.7568,0.6429,0.8261,0.6667,0.8276,18,47,7,3,0.8667,0.8571,0.8704,0.7826,0.8589,13,48,6,8,0.8133,0.619,0.8889,0.65,0.8792,11,50,4,10,0.8133,0.5238,0.9259,0.6111,0.776,15,46,8,6,0.8133,0.7143,0.8519,0.6818,0.8501,13,44,10,8,0.76,0.619,0.8148,0.5909,0.8333,17,47,7,4,0.8533,0.8095,0.8704,0.7556,0.8519,11,46,8,10,0.76,0.5238,0.8519,0.55,0.8007
443,22,37,12,3,0.7973,0.88,0.7551,0.7458,0.9078,20,39,10,5,0.7973,0.8,0.7959,0.7273,0.898,20,45,4,5,0.8784,0.8,0.9184,0.8163,0.8637,20,38,11,5,0.7838,0.8,0.7755,0.7143,0.8931,20,43,6,5,0.8514,0.8,0.8776,0.7843,0.9078,20,44,5,5,0.8649,0.8,0.898,0.8,0.9045,20,42,7,5,0.8378,0.8,0.8571,0.7692,0.8906,17,52,5,1,0.92,0.9444,0.9123,0.85,0.9113,11,51,6,7,0.8267,0.6111,0.8947,0.6286,0.9094,10,54,3,8,0.8533,0.5556,0.9474,0.6452,0.8635,13,50,7,5,0.84,0.7222,0.8772,0.6842,0.9006,12,50,7,6,0.8267,0.6667,0.8772,0.6486,0.8811,16,53,4,2,0.92,0.8889,0.9298,0.8421,0.9045,10,50,7,8,0.8,0.5556,0.8772,0.5714,0.8577
444,26,26,15,7,0.7027,0.7879,0.6341,0.7027,0.796,24,29,12,9,0.7162,0.7273,0.7073,0.6957,0.7775,21,35,6,12,0.7568,0.6364,0.8537,0.7,0.779,21,27,14,12,0.6486,0.6364,0.6585,0.6176,0.765,23,29,12,10,0.7027,0.697,0.7073,0.6765,0.7857,26,33,8,7,0.7973,0.7879,0.8049,0.7761,0.8204,23,29,12,10,0.7027,0.697,0.7073,0.6765,0.7361,15,52,6,2,0.8933,0.8824,0.8966,0.7895,0.9168,11,53,5,6,0.8533,0.6471,0.9138,0.6667,0.9168,11,54,4,6,0.8667,0.6471,0.931,0.6875,0.856,12,52,6,5,0.8533,0.7059,0.8966,0.6857,0.8986,11,50,8,6,0.8133,0.6471,0.8621,0.6111,0.8935,15,51,7,2,0.88,0.8824,0.8793,0.7692,0.9128,10,52,6,7,0.8267,0.5882,0.8966,0.6061,0.855
445,15,42,14,3,0.7703,0.8333,0.75,0.6383,0.8423,11,49,7,7,0.8108,0.6111,0.875,0.6111,0.8125,13,50,6,5,0.8514,0.7222,0.8929,0.7027,0.8552,10,49,7,8,0.7973,0.5556,0.875,0.5714,0.7986,10,50,6,8,0.8108,0.5556,0.8929,0.5882,0.8125,11,49,7,7,0.8108,0.6111,0.875,0.6111,0.8194,10,51,5,8,0.8243,0.5556,0.9107,0.6061,0.8442,21,48,3,3,0.92,0.875,0.9412,0.875,0.9706,16,48,3,8,0.8533,0.6667,0.9412,0.7442,0.9698,13,49,2,11,0.8267,0.5417,0.9608,0.6667,0.884,19,47,4,5,0.88,0.7917,0.9216,0.8085,0.9583,18,46,5,6,0.8533,0.75,0.902,0.766,0.9616,21,48,3,3,0.92,0.875,0.9412,0.875,0.9583,15,47,4,9,0.8267,0.625,0.9216,0.6977,0.9453
446,33,30,9,2,0.8514,0.9429,0.7692,0.8571,0.937,28,36,3,7,0.8649,0.8,0.9231,0.8485,0.9201,27,38,1,8,0.8784,0.7714,0.9744,0.8571,0.9341,25,34,5,10,0.7973,0.7143,0.8718,0.7692,0.8982,25,34,5,10,0.7973,0.7143,0.8718,0.7692,0.8996,32,37,2,3,0.9324,0.9143,0.9487,0.9275,0.9341,25,34,5,10,0.7973,0.7143,0.8718,0.7692,0.8894,23,46,2,4,0.92,0.8519,0.9583,0.8846,0.9722,16,45,3,11,0.8133,0.5926,0.9375,0.6957,0.9699,14,48,0,13,0.8267,0.5185,1.0,0.6829,0.9815,17,45,3,10,0.8267,0.6296,0.9375,0.7234,0.9668,15,45,3,12,0.8,0.5556,0.9375,0.6667,0.9684,23,46,2,4,0.92,0.8519,0.9583,0.8846,0.9792,14,45,3,13,0.7867,0.5185,0.9375,0.6364,0.9444
447,24,29,15,6,0.7162,0.8,0.6591,0.6957,0.8144,22,32,12,8,0.7297,0.7333,0.7273,0.6875,0.7568,21,38,6,9,0.7973,0.7,0.8636,0.7368,0.7811,20,34,10,10,0.7297,0.6667,0.7727,0.6667,0.7644,21,34,10,9,0.7432,0.7,0.7727,0.6885,0.7439,22,33,11,8,0.7432,0.7333,0.75,0.6984,0.8053,21,35,9,9,0.7568,0.7,0.7955,0.7,0.7159,18,46,8,3,0.8533,0.8571,0.8519,0.766,0.9101,14,48,6,7,0.8267,0.6667,0.8889,0.6829,0.9215,12,51,3,9,0.84,0.5714,0.9444,0.6667,0.8554,16,46,8,5,0.8267,0.7619,0.8519,0.7111,0.9109,16,46,8,5,0.8267,0.7619,0.8519,0.7111,0.8986,17,48,6,4,0.8667,0.8095,0.8889,0.7727,0.9162,14,46,8,7,0.8,0.6667,0.8519,0.6512,0.8713
448,29,27,17,1,0.7568,0.9667,0.6136,0.7632,0.9409,25,35,9,5,0.8108,0.8333,0.7955,0.7812,0.9061,26,41,3,4,0.9054,0.8667,0.9318,0.8814,0.8833,27,36,8,3,0.8514,0.9,0.8182,0.8308,0.9265,25,34,10,5,0.7973,0.8333,0.7727,0.7692,0.9068,28,37,7,2,0.8784,0.9333,0.8409,0.8615,0.9447,25,36,8,5,0.8243,0.8333,0.8182,0.7937,0.9,20,44,7,4,0.8533,0.8333,0.8627,0.7843,0.9052,15,44,7,9,0.7867,0.625,0.8627,0.6522,0.9158,14,47,4,10,0.8133,0.5833,0.9216,0.6667,0.8619,19,43,8,5,0.8267,0.7917,0.8431,0.7451,0.9077,15,42,9,9,0.76,0.625,0.8235,0.625,0.8987,19,44,7,5,0.84,0.7917,0.8627,0.76,0.906,11,43,8,13,0.72,0.4583,0.8431,0.5116,0.8725
449,22,34,13,5,0.7568,0.8148,0.7234,0.7097,0.8227,18,38,9,9,0.7568,0.6667,0.8085,0.6667,0.8046,20,42,5,7,0.8378,0.7407,0.8936,0.7692,0.8511,19,37,10,8,0.7568,0.7037,0.7872,0.6786,0.8235,16,40,7,11,0.7568,0.5926,0.8511,0.64,0.7849,20,38,9,7,0.7838,0.7407,0.8085,0.7143,0.8258,16,38,9,11,0.7297,0.5926,0.8085,0.6154,0.7833,16,50,7,2,0.88,0.8889,0.8772,0.7805,0.9503,14,50,7,4,0.8533,0.7778,0.8772,0.7179,0.9493,12,55,2,6,0.8933,0.6667,0.9649,0.75,0.9298,16,50,7,2,0.88,0.8889,0.8772,0.7805,0.9396,14,50,7,4,0.8533,0.7778,0.8772,0.7179,0.9435,16,50,7,2,0.88,0.8889,0.8772,0.7805,0.9561,12,50,7,6,0.8267,0.6667,0.8772,0.6486,0.9181
450,25,29,15,5,0.7297,0.8333,0.6591,0.7143,0.8598,23,36,8,7,0.7973,0.7667,0.8182,0.7541,0.8091,24,39,5,6,0.8514,0.8,0.8864,0.8136,0.8394,22,36,8,8,0.7838,0.7333,0.8182,0.7333,0.8159,22,37,7,8,0.7973,0.7333,0.8409,0.7458,0.7939,21,35,9,9,0.7568,0.7,0.7955,0.7,0.8205,22,36,8,8,0.7838,0.7333,0.8182,0.7333,0.7962,26,46,2,1,0.96,0.963,0.9583,0.9455,0.9691,21,46,2,6,0.8933,0.7778,0.9583,0.84,0.9576,20,46,2,7,0.88,0.7407,0.9583,0.8163,0.9159,22,46,2,5,0.9067,0.8148,0.9583,0.8627,0.9552,22,44,4,5,0.88,0.8148,0.9167,0.8302,0.9529,25,44,4,2,0.92,0.9259,0.9167,0.8929,0.9452,21,46,2,6,0.8933,0.7778,0.9583,0.84,0.9429
451,24,32,14,4,0.7568,0.8571,0.6957,0.7273,0.8307,18,37,9,10,0.7432,0.6429,0.8043,0.6545,0.788,19,44,2,9,0.8514,0.6786,0.9565,0.7755,0.8703,17,37,9,11,0.7297,0.6071,0.8043,0.6296,0.7803,15,38,8,13,0.7162,0.5357,0.8261,0.5882,0.7717,20,41,5,8,0.8243,0.7143,0.8913,0.7547,0.8354,15,38,8,13,0.7162,0.5357,0.8261,0.5882,0.7492,24,41,6,4,0.8667,0.8571,0.8723,0.8276,0.8526,20,39,8,8,0.7867,0.7143,0.8298,0.7143,0.8419,17,44,3,11,0.8133,0.6071,0.9362,0.7083,0.7325,20,39,8,8,0.7867,0.7143,0.8298,0.7143,0.8336,19,37,10,9,0.7467,0.6786,0.7872,0.6667,0.8146,20,39,8,8,0.7867,0.7143,0.8298,0.7143,0.7986,19,39,8,9,0.7733,0.6786,0.8298,0.6909,0.8002
452,24,35,12,3,0.7973,0.8889,0.7447,0.7619,0.8463,20,38,9,7,0.7838,0.7407,0.8085,0.7143,0.8353,17,44,3,10,0.8243,0.6296,0.9362,0.7234,0.8243,17,39,8,10,0.7568,0.6296,0.8298,0.6538,0.8266,16,42,5,11,0.7838,0.5926,0.8936,0.6667,0.8258,22,42,5,5,0.8649,0.8148,0.8936,0.8148,0.8629,16,42,5,11,0.7838,0.5926,0.8936,0.6667,0.8093,15,55,3,2,0.9333,0.8824,0.9483,0.8571,0.9655,9,53,5,8,0.8267,0.5294,0.9138,0.5806,0.9503,8,57,1,9,0.8667,0.4706,0.9828,0.6154,0.9067,11,53,5,6,0.8533,0.6471,0.9138,0.6667,0.9412,11,51,7,6,0.8267,0.6471,0.8793,0.6286,0.932,14,53,5,3,0.8933,0.8235,0.9138,0.7778,0.9422,9,53,5,8,0.8267,0.5294,0.9138,0.5806,0.926
453,29,33,11,1,0.8378,0.9667,0.75,0.8286,0.9303,23,36,8,7,0.7973,0.7667,0.8182,0.7541,0.8576,25,41,3,5,0.8919,0.8333,0.9318,0.8621,0.9121,22,37,7,8,0.7973,0.7333,0.8409,0.7458,0.8689,22,35,9,8,0.7703,0.7333,0.7955,0.7213,0.8515,22,39,5,8,0.8243,0.7333,0.8864,0.7719,0.9068,22,37,7,8,0.7973,0.7333,0.8409,0.7458,0.8568,25,43,5,2,0.9067,0.9259,0.8958,0.8772,0.9182,19,43,5,8,0.8267,0.7037,0.8958,0.7451,0.909,17,43,5,10,0.8,0.6296,0.8958,0.6939,0.8804,20,43,5,7,0.84,0.7407,0.8958,0.7692,0.9097,20,42,6,7,0.8267,0.7407,0.875,0.7547,0.902,24,42,6,3,0.88,0.8889,0.875,0.8421,0.8989,19,43,5,8,0.8267,0.7037,0.8958,0.7451,0.8889
454,26,32,15,1,0.7838,0.963,0.6809,0.7647,0.9267,20,36,11,7,0.7568,0.7407,0.766,0.6897,0.8353,20,42,5,7,0.8378,0.7407,0.8936,0.7692,0.8558,20,33,14,7,0.7162,0.7407,0.7021,0.6557,0.8534,19,36,11,8,0.7432,0.7037,0.766,0.6667,0.8542,23,36,11,4,0.7973,0.8519,0.766,0.7541,0.9023,19,35,12,8,0.7297,0.7037,0.7447,0.6552,0.8156,18,45,7,5,0.84,0.7826,0.8654,0.75,0.8495,14,43,9,9,0.76,0.6087,0.8269,0.6087,0.8537,14,48,4,9,0.8267,0.6087,0.9231,0.6829,0.8161,15,43,9,8,0.7733,0.6522,0.8269,0.6383,0.8462,15,42,10,8,0.76,0.6522,0.8077,0.625,0.8211,18,44,8,5,0.8267,0.7826,0.8462,0.7347,0.862,14,43,9,9,0.76,0.6087,0.8269,0.6087,0.7676
455,23,36,14,1,0.7973,0.9583,0.72,0.7541,0.9117,18,41,9,6,0.7973,0.75,0.82,0.7059,0.8608,20,41,9,4,0.8243,0.8333,0.82,0.7547,0.8525,19,39,11,5,0.7838,0.7917,0.78,0.7037,0.8733,17,41,9,7,0.7838,0.7083,0.82,0.68,0.8542,19,41,9,5,0.8108,0.7917,0.82,0.7308,0.885,17,40,10,7,0.7703,0.7083,0.8,0.6667,0.8675,17,49,5,4,0.88,0.8095,0.9074,0.7907,0.8801,11,49,5,10,0.8,0.5238,0.9074,0.5946,0.8818,13,49,5,8,0.8267,0.619,0.9074,0.6667,0.8148,14,49,5,7,0.84,0.6667,0.9074,0.7,0.8668,14,47,7,7,0.8133,0.6667,0.8704,0.6667,0.8624,17,47,7,4,0.8533,0.8095,0.8704,0.7556,0.8677,11,49,5,10,0.8,0.5238,0.9074,0.5946,0.8254
456,20,31,21,2,0.6892,0.9091,0.5962,0.6349,0.8584,19,39,13,3,0.7838,0.8636,0.75,0.7037,0.84,15,42,10,7,0.7703,0.6818,0.8077,0.6383,0.764,15,40,12,7,0.7432,0.6818,0.7692,0.6122,0.8374,16,38,14,6,0.7297,0.7273,0.7308,0.6154,0.8357,17,40,12,5,0.7703,0.7727,0.7692,0.6667,0.8505,16,40,12,6,0.7568,0.7273,0.7692,0.64,0.8182,13,53,5,4,0.88,0.7647,0.9138,0.7429,0.9209,9,52,6,8,0.8133,0.5294,0.8966,0.5625,0.9199,9,58,0,8,0.8933,0.5294,1.0,0.6923,0.8661,10,52,6,7,0.8267,0.5882,0.8966,0.6061,0.9128,9,52,6,8,0.8133,0.5294,0.8966,0.5625,0.8976,12,53,5,5,0.8667,0.7059,0.9138,0.7059,0.9037,8,52,6,9,0.8,0.4706,0.8966,0.5161,0.8641
457,29,31,12,2,0.8108,0.9355,0.7209,0.8056,0.8732,24,37,6,7,0.8243,0.7742,0.8605,0.7869,0.8395,26,40,3,5,0.8919,0.8387,0.9302,0.8667,0.9025,22,35,8,9,0.7703,0.7097,0.814,0.7213,0.8417,23,35,8,8,0.7838,0.7419,0.814,0.7419,0.8417,27,37,6,4,0.8649,0.871,0.8605,0.8438,0.8897,23,35,8,8,0.7838,0.7419,0.814,0.7419,0.8237,25,45,1,4,0.9333,0.8621,0.9783,0.9091,0.9873,19,45,1,10,0.8533,0.6552,0.9783,0.7755,0.9903,15,46,0,14,0.8133,0.5172,1.0,0.6818,0.9745,22,45,1,7,0.8933,0.7586,0.9783,0.8462,0.9925,22,45,1,7,0.8933,0.7586,0.9783,0.8462,0.991,24,45,1,5,0.92,0.8276,0.9783,0.8889,0.982,19,45,1,10,0.8533,0.6552,0.9783,0.7755,0.9828
458,23,30,17,4,0.7162,0.8519,0.6383,0.6866,0.814,18,37,10,9,0.7432,0.6667,0.7872,0.6545,0.762,18,41,6,9,0.7973,0.6667,0.8723,0.7059,0.7817,16,34,13,11,0.6757,0.5926,0.7234,0.5714,0.7407,17,35,12,10,0.7027,0.6296,0.7447,0.6071,0.7384,19,39,8,8,0.7838,0.7037,0.8298,0.7037,0.8235,17,34,13,10,0.6892,0.6296,0.7234,0.5965,0.7368,17,51,2,5,0.9067,0.7727,0.9623,0.8293,0.9657,12,50,3,10,0.8267,0.5455,0.9434,0.6486,0.9726,14,52,1,8,0.88,0.6364,0.9811,0.7568,0.8997,14,50,3,8,0.8533,0.6364,0.9434,0.7179,0.9657,14,50,3,8,0.8533,0.6364,0.9434,0.7179,0.97,16,51,2,6,0.8933,0.7273,0.9623,0.8,0.9588,12,50,3,10,0.8267,0.5455,0.9434,0.6486,0.9468
459,26,34,9,5,0.8108,0.8387,0.7907,0.7879,0.8545,22,36,7,9,0.7838,0.7097,0.8372,0.7333,0.8312,23,36,7,8,0.7973,0.7419,0.8372,0.7541,0.7749,22,36,7,9,0.7838,0.7097,0.8372,0.7333,0.8132,22,37,6,9,0.7973,0.7097,0.8605,0.7458,0.811,23,38,5,8,0.8243,0.7419,0.8837,0.7797,0.8297,22,38,5,9,0.8108,0.7097,0.8837,0.7586,0.8507,21,46,7,1,0.8933,0.9545,0.8679,0.84,0.9563,17,47,6,5,0.8533,0.7727,0.8868,0.7556,0.9571,17,52,1,5,0.92,0.7727,0.9811,0.85,0.9494,20,46,7,2,0.88,0.9091,0.8679,0.8163,0.9503,19,46,7,3,0.8667,0.8636,0.8679,0.7917,0.9417,21,47,6,1,0.9067,0.9545,0.8868,0.8571,0.9597,16,46,7,6,0.8267,0.7273,0.8679,0.7111,0.9237
460,20,38,11,5,0.7838,0.8,0.7755,0.7143,0.8433,14,38,11,11,0.7027,0.56,0.7755,0.56,0.7853,18,43,6,7,0.8243,0.72,0.8776,0.7347,0.8408,16,36,13,9,0.7027,0.64,0.7347,0.5926,0.7878,13,41,8,12,0.7297,0.52,0.8367,0.5652,0.7755,18,43,6,7,0.8243,0.72,0.8776,0.7347,0.8245,13,40,9,12,0.7162,0.52,0.8163,0.5532,0.7624,14,51,5,5,0.8667,0.7368,0.9107,0.7368,0.9135,12,52,4,7,0.8533,0.6316,0.9286,0.6857,0.9483,10,55,1,9,0.8667,0.5263,0.9821,0.6667,0.8694,12,51,5,7,0.84,0.6316,0.9107,0.6667,0.9229,12,51,5,7,0.84,0.6316,0.9107,0.6667,0.9248,14,52,4,5,0.88,0.7368,0.9286,0.7568,0.9342,12,51,5,7,0.84,0.6316,0.9107,0.6667,0.8882
461,29,28,16,1,0.7703,0.9667,0.6364,0.7733,0.9326,25,36,8,5,0.8243,0.8333,0.8182,0.7937,0.8886,26,36,8,4,0.8378,0.8667,0.8182,0.8125,0.8621,25,36,8,5,0.8243,0.8333,0.8182,0.7937,0.9,25,35,9,5,0.8108,0.8333,0.7955,0.7812,0.8803,24,33,11,6,0.7703,0.8,0.75,0.7385,0.8538,25,36,8,5,0.8243,0.8333,0.8182,0.7937,0.8917,16,52,4,3,0.9067,0.8421,0.9286,0.8205,0.9211,13,51,5,6,0.8533,0.6842,0.9107,0.7027,0.9323,11,54,2,8,0.8667,0.5789,0.9643,0.6875,0.8656,14,51,5,5,0.8667,0.7368,0.9107,0.7368,0.9229,13,50,6,6,0.84,0.6842,0.8929,0.6842,0.9098,16,51,5,3,0.8933,0.8421,0.9107,0.8,0.9333,12,51,5,7,0.84,0.6316,0.9107,0.6667,0.8797
462,21,37,12,4,0.7838,0.84,0.7551,0.7241,0.8653,16,39,10,9,0.7432,0.64,0.7959,0.6275,0.8506,18,44,5,7,0.8378,0.72,0.898,0.75,0.8661,13,40,9,12,0.7162,0.52,0.8163,0.5532,0.8286,14,41,8,11,0.7432,0.56,0.8367,0.5957,0.831,18,42,7,7,0.8108,0.72,0.8571,0.72,0.8727,14,40,9,11,0.7297,0.56,0.8163,0.5833,0.8269,17,52,1,5,0.92,0.7727,0.9811,0.85,0.8894,14,51,2,8,0.8667,0.6364,0.9623,0.7368,0.916,15,53,0,7,0.9067,0.6818,1.0,0.8108,0.8448,17,51,2,5,0.9067,0.7727,0.9623,0.8293,0.8928,15,48,5,7,0.84,0.6818,0.9057,0.7143,0.8662,17,49,4,5,0.88,0.7727,0.9245,0.7907,0.8928,12,51,2,10,0.84,0.5455,0.9623,0.6667,0.8328
463,20,38,15,1,0.7838,0.9524,0.717,0.7143,0.9057,17,44,9,4,0.8243,0.8095,0.8302,0.7234,0.8652,18,45,8,3,0.8514,0.8571,0.8491,0.766,0.8329,17,43,10,4,0.8108,0.8095,0.8113,0.7083,0.885,17,44,9,4,0.8243,0.8095,0.8302,0.7234,0.8724,18,44,9,3,0.8378,0.8571,0.8302,0.75,0.903,17,43,10,4,0.8108,0.8095,0.8113,0.7083,0.8598,17,51,2,5,0.9067,0.7727,0.9623,0.8293,0.9142,14,49,4,8,0.84,0.6364,0.9245,0.7,0.9177,13,52,1,9,0.8667,0.5909,0.9811,0.7222,0.7882,14,49,4,8,0.84,0.6364,0.9245,0.7,0.9005,13,49,4,9,0.8267,0.5909,0.9245,0.6667,0.8979,17,51,2,5,0.9067,0.7727,0.9623,0.8293,0.9125,13,49,4,9,0.8267,0.5909,0.9245,0.6667,0.8662
464,31,30,11,2,0.8243,0.9394,0.7317,0.8267,0.9505,29,37,4,4,0.8919,0.8788,0.9024,0.8788,0.946,28,36,5,5,0.8649,0.8485,0.878,0.8485,0.8707,30,35,6,3,0.8784,0.9091,0.8537,0.8696,0.9483,29,36,5,4,0.8784,0.8788,0.878,0.8657,0.9424,27,34,7,6,0.8243,0.8182,0.8293,0.806,0.9143,29,35,6,4,0.8649,0.8788,0.8537,0.8529,0.9202,11,57,6,1,0.9067,0.9167,0.9048,0.7586,0.9497,8,57,6,4,0.8667,0.6667,0.9048,0.6154,0.9511,6,61,2,6,0.8933,0.5,0.9683,0.6,0.869,8,55,8,4,0.84,0.6667,0.873,0.5714,0.9418,7,54,9,5,0.8133,0.5833,0.8571,0.5,0.9272,9,58,5,3,0.8933,0.75,0.9206,0.6923,0.914,7,55,8,5,0.8267,0.5833,0.873,0.5185,0.9259
465,27,31,15,1,0.7838,0.9643,0.6739,0.7714,0.9138,21,38,8,7,0.7973,0.75,0.8261,0.7368,0.8354,25,40,6,3,0.8784,0.8929,0.8696,0.8475,0.8851,22,37,9,6,0.7973,0.7857,0.8043,0.7458,0.8657,20,37,9,8,0.7703,0.7143,0.8043,0.7018,0.8346,23,36,10,5,0.7973,0.8214,0.7826,0.7541,0.8742,20,37,9,8,0.7703,0.7143,0.8043,0.7018,0.823,15,48,6,6,0.84,0.7143,0.8889,0.7143,0.8827,10,46,8,11,0.7467,0.4762,0.8519,0.5128,0.8757,8,51,3,13,0.7867,0.381,0.9444,0.5,0.7531,12,46,8,9,0.7733,0.5714,0.8519,0.5854,0.851,11,46,8,10,0.76,0.5238,0.8519,0.55,0.8598,14,48,6,7,0.8267,0.6667,0.8889,0.6829,0.8624,9,46,8,12,0.7333,0.4286,0.8519,0.4737,0.8236
466,22,38,12,2,0.8108,0.9167,0.76,0.7586,0.92,21,44,6,3,0.8784,0.875,0.88,0.8235,0.9092,19,43,7,5,0.8378,0.7917,0.86,0.76,0.9042,17,40,10,7,0.7703,0.7083,0.8,0.6667,0.8817,19,41,9,5,0.8108,0.7917,0.82,0.7308,0.8892,20,44,6,4,0.8649,0.8333,0.88,0.8,0.9067,19,41,9,5,0.8108,0.7917,0.82,0.7308,0.8725,18,49,5,3,0.8933,0.8571,0.9074,0.8182,0.9409,13,49,5,8,0.8267,0.619,0.9074,0.6667,0.9444,12,50,4,9,0.8267,0.5714,0.9259,0.6486,0.7945,15,49,5,6,0.8533,0.7143,0.9074,0.7317,0.9303,14,49,5,7,0.84,0.6667,0.9074,0.7,0.9321,16,49,5,5,0.8667,0.7619,0.9074,0.7619,0.9074,12,49,5,9,0.8133,0.5714,0.9074,0.6316,0.9198
467,21,39,12,2,0.8108,0.913,0.7647,0.75,0.9199,17,44,7,6,0.8243,0.7391,0.8627,0.7234,0.8994,17,46,5,6,0.8514,0.7391,0.902,0.7556,0.8619,16,44,7,7,0.8108,0.6957,0.8627,0.6957,0.8858,16,43,8,7,0.7973,0.6957,0.8431,0.6809,0.8824,17,44,7,6,0.8243,0.7391,0.8627,0.7234,0.896,16,44,7,7,0.8108,0.6957,0.8627,0.6957,0.8764,15,53,6,1,0.9067,0.9375,0.8983,0.8108,0.9597,9,54,5,7,0.84,0.5625,0.9153,0.6,0.9513,9,58,1,7,0.8933,0.5625,0.9831,0.6923,0.8972,13,52,7,3,0.8667,0.8125,0.8814,0.7222,0.9322,13,50,9,3,0.84,0.8125,0.8475,0.6842,0.9322,14,53,6,2,0.8933,0.875,0.8983,0.7778,0.9375,9,52,7,7,0.8133,0.5625,0.8814,0.5625,0.8962
468,23,36,12,3,0.7973,0.8846,0.75,0.7541,0.8798,19,42,6,7,0.8243,0.7308,0.875,0.7451,0.8438,18,42,6,8,0.8108,0.6923,0.875,0.72,0.8566,16,43,5,10,0.7973,0.6154,0.8958,0.6809,0.8277,16,42,6,10,0.7838,0.6154,0.875,0.6667,0.8333,21,41,7,5,0.8378,0.8077,0.8542,0.7778,0.8494,16,43,5,10,0.7973,0.6154,0.8958,0.6809,0.8261,18,52,4,1,0.9333,0.9474,0.9286,0.878,0.9333,11,53,3,8,0.8533,0.5789,0.9464,0.6667,0.9389,7,55,1,12,0.8267,0.3684,0.9821,0.5185,0.813,11,52,4,8,0.84,0.5789,0.9286,0.6471,0.9258,9,51,5,10,0.8,0.4737,0.9107,0.5455,0.9145,15,52,4,4,0.8933,0.7895,0.9286,0.7895,0.8863,9,52,4,10,0.8133,0.4737,0.9286,0.5625,0.9004
469,30,28,15,1,0.7838,0.9677,0.6512,0.7895,0.8912,22,34,9,9,0.7568,0.7097,0.7907,0.7097,0.8117,26,38,5,5,0.8649,0.8387,0.8837,0.8387,0.9452,19,35,8,12,0.7297,0.6129,0.814,0.6552,0.8117,20,33,10,11,0.7162,0.6452,0.7674,0.6557,0.7847,24,35,8,7,0.7973,0.7742,0.814,0.7619,0.8987,20,35,8,11,0.7432,0.6452,0.814,0.678,0.802,16,53,4,2,0.92,0.8889,0.9298,0.8421,0.9591,12,55,2,6,0.8933,0.6667,0.9649,0.75,0.9776,9,56,1,9,0.8667,0.5,0.9825,0.6429,0.8879,13,52,5,5,0.8667,0.7222,0.9123,0.7222,0.9513,11,51,6,7,0.8267,0.6111,0.8947,0.6286,0.9483,15,55,2,3,0.9333,0.8333,0.9649,0.8571,0.9532,10,52,5,8,0.8267,0.5556,0.9123,0.6061,0.9347
470,30,33,8,3,0.8514,0.9091,0.8049,0.8451,0.9217,24,38,3,9,0.8378,0.7273,0.9268,0.8,0.878,26,38,3,7,0.8649,0.7879,0.9268,0.8387,0.8825,22,35,6,11,0.7703,0.6667,0.8537,0.7213,0.8596,23,38,3,10,0.8243,0.697,0.9268,0.7797,0.8574,25,36,5,8,0.8243,0.7576,0.878,0.7937,0.8736,23,36,5,10,0.7973,0.697,0.878,0.7541,0.8514,17,50,6,2,0.8933,0.8947,0.8929,0.8095,0.9211,15,52,4,4,0.8933,0.7895,0.9286,0.7895,0.9464,11,55,1,8,0.88,0.5789,0.9821,0.7097,0.8994,15,48,8,4,0.84,0.7895,0.8571,0.7143,0.9154,13,45,11,6,0.7733,0.6842,0.8036,0.6047,0.9051,17,51,5,2,0.9067,0.8947,0.9107,0.8293,0.9295,13,48,8,6,0.8133,0.6842,0.8571,0.65,0.8788
471,28,30,11,5,0.7838,0.8485,0.7317,0.7778,0.8544,19,33,8,14,0.7027,0.5758,0.8049,0.6333,0.8064,25,35,6,8,0.8108,0.7576,0.8537,0.7812,0.83,17,34,7,16,0.6892,0.5152,0.8293,0.5965,0.7908,19,34,7,14,0.7162,0.5758,0.8293,0.6441,0.7938,21,36,5,12,0.7703,0.6364,0.878,0.7119,0.8359,19,35,6,14,0.7297,0.5758,0.8537,0.6552,0.8152,14,54,3,4,0.9067,0.7778,0.9474,0.8,0.8899,11,53,4,7,0.8533,0.6111,0.9298,0.6667,0.8918,10,54,3,8,0.8533,0.5556,0.9474,0.6452,0.8314,12,53,4,6,0.8667,0.6667,0.9298,0.7059,0.8821,11,52,5,7,0.84,0.6111,0.9123,0.6471,0.8713,14,53,4,4,0.8933,0.7778,0.9298,0.7778,0.8928,10,53,4,8,0.84,0.5556,0.9298,0.625,0.8285
472,28,30,14,2,0.7838,0.9333,0.6818,0.7778,0.9197,27,34,10,3,0.8243,0.9,0.7727,0.806,0.8977,22,39,5,8,0.8243,0.7333,0.8864,0.7719,0.8182,24,35,9,6,0.7973,0.8,0.7955,0.7619,0.8886,25,37,7,5,0.8378,0.8333,0.8409,0.8065,0.8917,25,35,9,5,0.8108,0.8333,0.7955,0.7812,0.8909,25,36,8,5,0.8243,0.8333,0.8182,0.7937,0.8591,17,48,6,4,0.8667,0.8095,0.8889,0.7727,0.903,13,51,3,8,0.8533,0.619,0.9444,0.7027,0.933,13,52,2,8,0.8667,0.619,0.963,0.7222,0.8571,16,48,6,5,0.8533,0.7619,0.8889,0.7442,0.8942,15,48,6,6,0.84,0.7143,0.8889,0.7143,0.9083,17,51,3,4,0.9067,0.8095,0.9444,0.8293,0.9286,12,48,6,9,0.8,0.5714,0.8889,0.6154,0.8765
473,20,41,11,2,0.8243,0.9091,0.7885,0.7547,0.8584,16,42,10,6,0.7838,0.7273,0.8077,0.6667,0.8033,16,48,4,6,0.8649,0.7273,0.9231,0.7619,0.8881,14,41,11,8,0.7432,0.6364,0.7885,0.5957,0.8068,14,43,9,8,0.7703,0.6364,0.8269,0.6222,0.7928,18,45,7,4,0.8514,0.8182,0.8654,0.766,0.8584,14,42,10,8,0.7568,0.6364,0.8077,0.6087,0.7684,23,38,10,4,0.8133,0.8519,0.7917,0.7667,0.8997,17,41,7,10,0.7733,0.6296,0.8542,0.6667,0.9313,15,44,4,12,0.7867,0.5556,0.9167,0.6522,0.8094,19,38,10,8,0.76,0.7037,0.7917,0.6786,0.909,18,37,11,9,0.7333,0.6667,0.7708,0.6429,0.902,20,40,8,7,0.8,0.7407,0.8333,0.7273,0.8704,16,38,10,11,0.72,0.5926,0.7917,0.6038,0.8758
474,27,33,11,3,0.8108,0.9,0.75,0.7941,0.8924,21,40,4,9,0.8243,0.7,0.9091,0.7636,0.8636,22,39,5,8,0.8243,0.7333,0.8864,0.7719,0.8417,21,38,6,9,0.7973,0.7,0.8636,0.7368,0.8606,21,39,5,9,0.8108,0.7,0.8864,0.75,0.847,24,36,8,6,0.8108,0.8,0.8182,0.7742,0.8652,21,38,6,9,0.7973,0.7,0.8636,0.7368,0.8735,13,49,9,4,0.8267,0.7647,0.8448,0.6667,0.8682,10,49,9,7,0.7867,0.5882,0.8448,0.5556,0.8742,9,57,1,8,0.88,0.5294,0.9828,0.6667,0.8093,12,47,11,5,0.7867,0.7059,0.8103,0.6,0.855,11,46,12,6,0.76,0.6471,0.7931,0.55,0.8235,13,50,8,4,0.84,0.7647,0.8621,0.6842,0.8763,9,47,11,8,0.7467,0.5294,0.8103,0.4865,0.7799
475,21,28,23,2,0.6622,0.913,0.549,0.6269,0.8397,17,38,13,6,0.7432,0.7391,0.7451,0.6415,0.7852,19,41,10,4,0.8108,0.8261,0.8039,0.7308,0.8849,14,37,14,9,0.6892,0.6087,0.7255,0.549,0.7553,17,36,15,6,0.7162,0.7391,0.7059,0.6182,0.7928,19,42,9,4,0.8243,0.8261,0.8235,0.7451,0.85,17,38,13,6,0.7432,0.7391,0.7451,0.6415,0.7656,19,48,4,4,0.8933,0.8261,0.9231,0.8261,0.9047,16,47,5,7,0.84,0.6957,0.9038,0.7273,0.9222,16,51,1,7,0.8933,0.6957,0.9808,0.8,0.8813,18,47,5,5,0.8667,0.7826,0.9038,0.7826,0.9064,17,47,5,6,0.8533,0.7391,0.9038,0.7556,0.8972,19,48,4,4,0.8933,0.8261,0.9231,0.8261,0.9206,15,47,5,8,0.8267,0.6522,0.9038,0.6977,0.8671
476,24,36,12,2,0.8108,0.9231,0.75,0.7742,0.887,21,39,9,5,0.8108,0.8077,0.8125,0.75,0.851,22,44,4,4,0.8919,0.8462,0.9167,0.8462,0.9151,19,40,8,7,0.7973,0.7308,0.8333,0.717,0.855,19,38,10,7,0.7703,0.7308,0.7917,0.6909,0.8333,20,43,5,6,0.8514,0.7692,0.8958,0.7843,0.8862,19,40,8,7,0.7973,0.7308,0.8333,0.717,0.8133,16,51,6,2,0.8933,0.8889,0.8947,0.8,0.9298,9,50,7,9,0.7867,0.5,0.8772,0.5294,0.9064,10,56,1,8,0.88,0.5556,0.9825,0.6897,0.8197,11,50,7,7,0.8133,0.6111,0.8772,0.6111,0.9035,10,49,8,8,0.7867,0.5556,0.8596,0.5556,0.8821,15,50,7,3,0.8667,0.8333,0.8772,0.75,0.9142,8,50,7,10,0.7733,0.4444,0.8772,0.4848,0.8626
477,28,31,9,6,0.7973,0.8235,0.775,0.7887,0.839,20,36,4,14,0.7568,0.5882,0.9,0.6897,0.7743,22,36,4,12,0.7838,0.6471,0.9,0.7333,0.8154,16,34,6,18,0.6757,0.4706,0.85,0.5714,0.7301,17,35,5,17,0.7027,0.5,0.875,0.6071,0.7316,25,37,3,9,0.8378,0.7353,0.925,0.8065,0.8257,17,36,4,17,0.7162,0.5,0.9,0.6182,0.7713,9,58,4,4,0.8933,0.6923,0.9355,0.6923,0.897,5,58,4,8,0.84,0.3846,0.9355,0.4545,0.9057,3,59,3,10,0.8267,0.2308,0.9516,0.3158,0.6675,6,57,5,7,0.84,0.4615,0.9194,0.5,0.8821,5,57,5,8,0.8267,0.3846,0.9194,0.4348,0.8834,8,59,3,5,0.8933,0.6154,0.9516,0.6667,0.8499,4,57,5,9,0.8133,0.3077,0.9194,0.3636,0.8573
478,19,37,11,7,0.7568,0.7308,0.7708,0.6786,0.8069,17,41,7,9,0.7838,0.6538,0.8542,0.68,0.7684,18,42,6,8,0.8108,0.6923,0.875,0.72,0.8005,16,40,8,10,0.7568,0.6154,0.8333,0.64,0.7644,16,40,8,10,0.7568,0.6154,0.8333,0.64,0.7332,17,43,5,9,0.8108,0.6538,0.8958,0.7083,0.7973,16,40,8,10,0.7568,0.6154,0.8333,0.64,0.7412,18,46,5,6,0.8533,0.75,0.902,0.766,0.8946,16,44,7,8,0.8,0.6667,0.8627,0.6809,0.9077,16,49,2,8,0.8667,0.6667,0.9608,0.7619,0.826,17,44,7,7,0.8133,0.7083,0.8627,0.7083,0.8905,17,42,9,7,0.7867,0.7083,0.8235,0.68,0.875,18,44,7,6,0.8267,0.75,0.8627,0.7347,0.8791,16,44,7,8,0.8,0.6667,0.8627,0.6809,0.8448
479,26,34,11,3,0.8108,0.8966,0.7556,0.7879,0.8889,21,36,9,8,0.7703,0.7241,0.8,0.7119,0.8398,22,38,7,7,0.8108,0.7586,0.8444,0.7586,0.8215,22,34,11,7,0.7568,0.7586,0.7556,0.7097,0.8467,21,38,7,8,0.7973,0.7241,0.8444,0.7368,0.8398,22,37,8,7,0.7973,0.7586,0.8222,0.7458,0.8498,21,36,9,8,0.7703,0.7241,0.8,0.7119,0.8215,13,50,10,2,0.84,0.8667,0.8333,0.6842,0.8822,10,52,8,5,0.8267,0.6667,0.8667,0.6061,0.9122,8,55,5,7,0.84,0.5333,0.9167,0.5714,0.8411,11,49,11,4,0.8,0.7333,0.8167,0.5946,0.8878,9,48,12,6,0.76,0.6,0.8,0.5,0.8789,12,52,8,3,0.8533,0.8,0.8667,0.6857,0.8856,8,49,11,7,0.76,0.5333,0.8167,0.4706,0.8567
480,26,35,11,2,0.8243,0.9286,0.7609,0.8,0.9061,22,37,9,6,0.7973,0.7857,0.8043,0.7458,0.854,25,39,7,3,0.8649,0.8929,0.8478,0.8333,0.9154,22,35,11,6,0.7703,0.7857,0.7609,0.7213,0.8618,22,38,8,6,0.8108,0.7857,0.8261,0.7586,0.8703,25,39,7,3,0.8649,0.8929,0.8478,0.8333,0.9037,22,36,10,6,0.7838,0.7857,0.7826,0.7333,0.8533,19,51,3,2,0.9333,0.9048,0.9444,0.8837,0.94,14,50,4,7,0.8533,0.6667,0.9259,0.7179,0.9409,13,54,0,8,0.8933,0.619,1.0,0.7647,0.873,16,49,5,5,0.8667,0.7619,0.9074,0.7619,0.9215,15,46,8,6,0.8133,0.7143,0.8519,0.6818,0.9056,17,49,5,4,0.88,0.8095,0.9074,0.7907,0.903,13,49,5,8,0.8267,0.619,0.9074,0.6667,0.8889
481,23,34,15,2,0.7703,0.92,0.6939,0.7302,0.92,20,41,8,5,0.8243,0.8,0.8367,0.7547,0.8661,21,42,7,4,0.8514,0.84,0.8571,0.7925,0.9029,20,40,9,5,0.8108,0.8,0.8163,0.7407,0.88,20,39,10,5,0.7973,0.8,0.7959,0.7273,0.8653,18,43,6,7,0.8243,0.72,0.8776,0.7347,0.8759,20,40,9,5,0.8108,0.8,0.8163,0.7407,0.8596,19,47,6,3,0.88,0.8636,0.8868,0.8085,0.8731,9,50,3,13,0.7867,0.4091,0.9434,0.5294,0.9099,10,50,3,12,0.8,0.4545,0.9434,0.5714,0.7847,13,47,6,9,0.8,0.5909,0.8868,0.6341,0.8705,13,47,6,9,0.8,0.5909,0.8868,0.6341,0.8576,17,50,3,5,0.8933,0.7727,0.9434,0.8095,0.8533,9,47,6,13,0.7467,0.4091,0.8868,0.4865,0.837
482,23,32,14,5,0.7432,0.8214,0.6957,0.7077,0.8502,18,42,4,10,0.8108,0.6429,0.913,0.72,0.8269,17,40,6,11,0.7703,0.6071,0.8696,0.6667,0.7935,18,37,9,10,0.7432,0.6429,0.8043,0.6545,0.8051,16,37,9,12,0.7162,0.5714,0.8043,0.6038,0.7888,21,39,7,7,0.8108,0.75,0.8478,0.75,0.8121,16,37,9,12,0.7162,0.5714,0.8043,0.6038,0.7997,16,52,3,4,0.9067,0.8,0.9455,0.8205,0.9218,9,51,4,11,0.8,0.45,0.9273,0.5455,0.9091,5,53,2,15,0.7733,0.25,0.9636,0.3704,0.7609,9,51,4,11,0.8,0.45,0.9273,0.5455,0.8927,7,50,5,13,0.76,0.35,0.9091,0.4375,0.8864,13,51,4,7,0.8533,0.65,0.9273,0.7027,0.8891,7,51,4,13,0.7733,0.35,0.9273,0.4516,0.8809
483,23,36,13,2,0.7973,0.92,0.7347,0.7541,0.9053,19,43,6,6,0.8378,0.76,0.8776,0.76,0.8645,23,47,2,2,0.9459,0.92,0.9592,0.92,0.9298,19,44,5,6,0.8514,0.76,0.898,0.7755,0.8547,19,42,7,6,0.8243,0.76,0.8571,0.7451,0.8482,19,43,6,6,0.8378,0.76,0.8776,0.76,0.8759,19,44,5,6,0.8514,0.76,0.898,0.7755,0.8596,16,51,6,2,0.8933,0.8889,0.8947,0.8,0.9318,11,50,7,7,0.8133,0.6111,0.8772,0.6111,0.9318,11,53,4,7,0.8533,0.6111,0.9298,0.6667,0.9425,13,50,7,5,0.84,0.7222,0.8772,0.6842,0.925,13,49,8,5,0.8267,0.7222,0.8596,0.6667,0.923,16,50,7,2,0.88,0.8889,0.8772,0.7805,0.9396,11,50,7,7,0.8133,0.6111,0.8772,0.6111,0.8908
484,20,35,14,5,0.7432,0.8,0.7143,0.678,0.8261,16,41,8,9,0.7703,0.64,0.8367,0.6531,0.7878,15,44,5,10,0.7973,0.6,0.898,0.6667,0.7878,14,40,9,11,0.7297,0.56,0.8163,0.5833,0.7706,14,41,8,11,0.7432,0.56,0.8367,0.5957,0.7722,18,40,9,7,0.7838,0.72,0.8163,0.6923,0.7886,14,41,8,11,0.7432,0.56,0.8367,0.5957,0.7853,19,48,4,4,0.8933,0.8261,0.9231,0.8261,0.8395,12,45,7,11,0.76,0.5217,0.8654,0.5714,0.837,8,49,3,15,0.76,0.3478,0.9423,0.4706,0.7458,14,44,8,9,0.7733,0.6087,0.8462,0.6222,0.8135,10,44,8,13,0.72,0.4348,0.8462,0.4878,0.7734,18,49,3,5,0.8933,0.7826,0.9423,0.8182,0.8286,8,44,8,15,0.6933,0.3478,0.8462,0.4103,0.7483
485,26,37,9,2,0.8514,0.9286,0.8043,0.8254,0.9076,20,41,5,8,0.8243,0.7143,0.8913,0.7547,0.8665,23,40,6,5,0.8514,0.8214,0.8696,0.807,0.8556,18,38,8,10,0.7568,0.6429,0.8261,0.6667,0.8548,19,42,4,9,0.8243,0.6786,0.913,0.7451,0.8835,22,39,7,6,0.8243,0.7857,0.8478,0.7719,0.861,19,40,6,9,0.7973,0.6786,0.8696,0.717,0.8548,13,49,9,4,0.8267,0.7647,0.8448,0.6667,0.8925,11,50,8,6,0.8133,0.6471,0.8621,0.6111,0.9026,11,57,1,6,0.9067,0.6471,0.9828,0.7586,0.856,13,48,10,4,0.8133,0.7647,0.8276,0.65,0.8915,13,48,10,4,0.8133,0.7647,0.8276,0.65,0.8803,13,51,7,4,0.8533,0.7647,0.8793,0.7027,0.8864,11,48,10,6,0.7867,0.6471,0.8276,0.5789,0.8205
486,16,39,17,2,0.7432,0.8889,0.6964,0.6275,0.8899,12,45,11,6,0.7703,0.6667,0.8036,0.5854,0.8194,12,48,8,6,0.8108,0.6667,0.8571,0.6316,0.8204,11,44,12,7,0.7432,0.6111,0.7857,0.5366,0.8244,11,46,10,7,0.7703,0.6111,0.8214,0.5641,0.8105,14,48,8,4,0.8378,0.7778,0.8571,0.7,0.871,11,46,10,7,0.7703,0.6111,0.8214,0.5641,0.7986,22,45,7,1,0.8933,0.9565,0.8654,0.8462,0.9122,16,44,8,7,0.8,0.6957,0.8462,0.6809,0.9072,12,48,4,11,0.8,0.5217,0.9231,0.6154,0.8654,17,44,8,6,0.8133,0.7391,0.8462,0.7083,0.9072,16,43,9,7,0.7867,0.6957,0.8269,0.6667,0.8838,21,44,8,2,0.8667,0.913,0.8462,0.8077,0.893,15,44,8,8,0.7867,0.6522,0.8462,0.6522,0.8704
487,23,29,19,3,0.7027,0.8846,0.6042,0.6765,0.8349,15,37,11,11,0.7027,0.5769,0.7708,0.5769,0.7396,22,38,10,4,0.8108,0.8462,0.7917,0.7586,0.8662,17,34,14,9,0.6892,0.6538,0.7083,0.5965,0.7412,15,33,15,11,0.6486,0.5769,0.6875,0.5357,0.7059,17,37,11,9,0.7297,0.6538,0.7708,0.6296,0.7957,15,35,13,11,0.6757,0.5769,0.7292,0.5556,0.738,18,51,3,3,0.92,0.8571,0.9444,0.8571,0.9656,12,53,1,9,0.8667,0.5714,0.9815,0.7059,0.9885,13,54,0,8,0.8933,0.619,1.0,0.7647,0.9198,15,51,3,6,0.88,0.7143,0.9444,0.7692,0.9656,15,50,4,6,0.8667,0.7143,0.9259,0.75,0.9735,17,52,2,4,0.92,0.8095,0.963,0.85,0.9691,12,51,3,9,0.84,0.5714,0.9444,0.6667,0.9365
488,25,33,13,3,0.7838,0.8929,0.7174,0.7576,0.875,22,39,7,6,0.8243,0.7857,0.8478,0.7719,0.8579,22,42,4,6,0.8649,0.7857,0.913,0.8148,0.8509,21,36,10,7,0.7703,0.75,0.7826,0.7119,0.8602,21,41,5,7,0.8378,0.75,0.8913,0.7778,0.8533,23,38,8,5,0.8243,0.8214,0.8261,0.7797,0.8983,21,37,9,7,0.7838,0.75,0.8043,0.7241,0.8354,17,47,6,5,0.8533,0.7727,0.8868,0.7556,0.8937,11,48,5,11,0.7867,0.5,0.9057,0.5789,0.9211,13,51,2,9,0.8533,0.5909,0.9623,0.7027,0.8353,14,47,6,8,0.8133,0.6364,0.8868,0.6667,0.9005,14,47,6,8,0.8133,0.6364,0.8868,0.6667,0.9065,16,48,5,6,0.8533,0.7273,0.9057,0.7442,0.9082,11,47,6,11,0.7733,0.5,0.8868,0.5641,0.8602
489,27,31,12,4,0.7838,0.871,0.7209,0.7714,0.853,23,35,8,8,0.7838,0.7419,0.814,0.7419,0.7967,24,37,6,7,0.8243,0.7742,0.8605,0.7869,0.8372,23,31,12,8,0.7297,0.7419,0.7209,0.697,0.8095,22,36,7,9,0.7838,0.7097,0.8372,0.7333,0.7914,25,34,9,6,0.7973,0.8065,0.7907,0.7692,0.8245,22,33,10,9,0.7432,0.7097,0.7674,0.6984,0.7899,17,51,2,5,0.9067,0.7727,0.9623,0.8293,0.9254,14,50,3,8,0.8533,0.6364,0.9434,0.7179,0.9365,13,52,1,9,0.8667,0.5909,0.9811,0.7222,0.8628,15,50,3,7,0.8667,0.6818,0.9434,0.75,0.9262,15,50,3,7,0.8667,0.6818,0.9434,0.75,0.9168,17,51,2,5,0.9067,0.7727,0.9623,0.8293,0.9245,14,50,3,8,0.8533,0.6364,0.9434,0.7179,0.8774
490,28,36,9,1,0.8649,0.9655,0.8,0.8485,0.9487,23,38,7,6,0.8243,0.7931,0.8444,0.7797,0.9073,26,44,1,3,0.9459,0.8966,0.9778,0.9286,0.9433,25,37,8,4,0.8378,0.8621,0.8222,0.8065,0.9218,22,40,5,7,0.8378,0.7586,0.8889,0.7857,0.9027,25,41,4,4,0.8919,0.8621,0.9111,0.8621,0.9594,22,40,5,7,0.8378,0.7586,0.8889,0.7857,0.8996,15,57,3,0,0.96,1.0,0.95,0.9091,0.9611,7,58,2,8,0.8667,0.4667,0.9667,0.5833,0.9556,8,58,2,7,0.88,0.5333,0.9667,0.64,0.8844,11,57,3,4,0.9067,0.7333,0.95,0.7586,0.95,10,55,5,5,0.8667,0.6667,0.9167,0.6667,0.9456,13,56,4,2,0.92,0.8667,0.9333,0.8125,0.9222,6,57,3,9,0.84,0.4,0.95,0.5,0.9278
491,25,30,15,4,0.7432,0.8621,0.6667,0.7246,0.8621,20,38,7,9,0.7838,0.6897,0.8444,0.7143,0.8245,23,42,3,6,0.8784,0.7931,0.9333,0.8364,0.8352,21,38,7,8,0.7973,0.7241,0.8444,0.7368,0.8207,20,37,8,9,0.7703,0.6897,0.8222,0.7018,0.8069,21,38,7,8,0.7973,0.7241,0.8444,0.7368,0.8398,20,38,7,9,0.7838,0.6897,0.8444,0.7143,0.813,10,56,6,3,0.88,0.7692,0.9032,0.6897,0.9107,6,54,8,7,0.8,0.4615,0.871,0.4444,0.9069,5,58,4,8,0.84,0.3846,0.9355,0.4545,0.7705,7,54,8,6,0.8133,0.5385,0.871,0.5,0.8821,7,50,12,6,0.76,0.5385,0.8065,0.4375,0.8722,9,52,10,4,0.8133,0.6923,0.8387,0.5625,0.8474,6,54,8,7,0.8,0.4615,0.871,0.4444,0.8424
492,23,40,8,3,0.8514,0.8846,0.8333,0.807,0.9167,22,43,5,4,0.8784,0.8462,0.8958,0.8302,0.9135,19,45,3,7,0.8649,0.7308,0.9375,0.7917,0.8237,21,42,6,5,0.8514,0.8077,0.875,0.7925,0.9103,21,44,4,5,0.8784,0.8077,0.9167,0.8235,0.903,21,42,6,5,0.8514,0.8077,0.875,0.7925,0.9167,21,43,5,5,0.8649,0.8077,0.8958,0.8077,0.899,20,44,6,5,0.8533,0.8,0.88,0.7843,0.8912,15,42,8,10,0.76,0.6,0.84,0.625,0.88,12,49,1,13,0.8133,0.48,0.98,0.6316,0.7904,17,42,8,8,0.7867,0.68,0.84,0.68,0.8712,13,41,9,12,0.72,0.52,0.82,0.5532,0.856,19,43,7,6,0.8267,0.76,0.86,0.7451,0.852,11,42,8,14,0.7067,0.44,0.84,0.5,0.8184
493,18,33,15,8,0.6892,0.6923,0.6875,0.6102,0.774,18,38,10,8,0.7568,0.6923,0.7917,0.6667,0.7588,16,39,9,10,0.7432,0.6154,0.8125,0.6275,0.6611,16,35,13,10,0.6892,0.6154,0.7292,0.5818,0.7452,17,38,10,9,0.7432,0.6538,0.7917,0.6415,0.7348,18,38,10,8,0.7568,0.6923,0.7917,0.6667,0.7404,17,37,11,9,0.7297,0.6538,0.7708,0.6296,0.7404,13,58,2,2,0.9467,0.8667,0.9667,0.8667,0.9244,10,58,2,5,0.9067,0.6667,0.9667,0.7407,0.9422,10,58,2,5,0.9067,0.6667,0.9667,0.7407,0.9033,12,58,2,3,0.9333,0.8,0.9667,0.8276,0.9311,12,58,2,3,0.9333,0.8,0.9667,0.8276,0.9256,13,58,2,2,0.9467,0.8667,0.9667,0.8667,0.94,10,58,2,5,0.9067,0.6667,0.9667,0.7407,0.8933
494,21,37,12,4,0.7838,0.84,0.7551,0.7241,0.88,18,41,8,7,0.7973,0.72,0.8367,0.7059,0.8033,21,42,7,4,0.8514,0.84,0.8571,0.7925,0.9004,18,40,9,7,0.7838,0.72,0.8163,0.6923,0.7812,18,40,9,7,0.7838,0.72,0.8163,0.6923,0.7771,18,42,7,7,0.8108,0.72,0.8571,0.72,0.8547,18,41,8,7,0.7973,0.72,0.8367,0.7059,0.7755,11,54,6,4,0.8667,0.7333,0.9,0.6875,0.9278,8,54,6,7,0.8267,0.5333,0.9,0.5517,0.9278,8,59,1,7,0.8933,0.5333,0.9833,0.6667,0.7556,8,53,7,7,0.8133,0.5333,0.8833,0.5333,0.9111,8,52,8,7,0.8,0.5333,0.8667,0.5161,0.8944,8,54,6,7,0.8267,0.5333,0.9,0.5517,0.8567,8,53,7,7,0.8133,0.5333,0.8833,0.5333,0.8922
495,21,41,11,1,0.8378,0.9545,0.7885,0.7778,0.9143,18,44,8,4,0.8378,0.8182,0.8462,0.75,0.8663,20,44,8,2,0.8649,0.9091,0.8462,0.8,0.91,18,44,8,4,0.8378,0.8182,0.8462,0.75,0.8829,17,45,7,5,0.8378,0.7727,0.8654,0.7391,0.8706,18,44,8,4,0.8378,0.8182,0.8462,0.75,0.9126,17,45,7,5,0.8378,0.7727,0.8654,0.7391,0.8663,19,50,5,1,0.92,0.95,0.9091,0.8636,0.9009,10,51,4,10,0.8133,0.5,0.9273,0.5882,0.9073,10,51,4,10,0.8133,0.5,0.9273,0.5882,0.8345,14,50,5,6,0.8533,0.7,0.9091,0.7179,0.8945,14,49,6,6,0.84,0.7,0.8909,0.7,0.8918,17,50,5,3,0.8933,0.85,0.9091,0.8095,0.8845,10,50,5,10,0.8,0.5,0.9091,0.5714,0.8673
496,24,28,20,2,0.7027,0.9231,0.5833,0.6857,0.9022,22,35,13,4,0.7703,0.8462,0.7292,0.7213,0.8598,22,38,10,4,0.8108,0.8462,0.7917,0.7586,0.867,20,33,15,6,0.7162,0.7692,0.6875,0.6557,0.847,21,32,16,5,0.7162,0.8077,0.6667,0.6667,0.8478,21,39,9,5,0.8108,0.8077,0.8125,0.75,0.8518,21,33,15,5,0.7297,0.8077,0.6875,0.6774,0.8213,21,45,7,2,0.88,0.913,0.8654,0.8235,0.9281,18,45,7,5,0.84,0.7826,0.8654,0.75,0.9431,15,47,5,8,0.8267,0.6522,0.9038,0.6977,0.9005,18,44,8,5,0.8267,0.7826,0.8462,0.7347,0.9448,18,44,8,5,0.8267,0.7826,0.8462,0.7347,0.9281,20,46,6,3,0.88,0.8696,0.8846,0.8163,0.913,18,44,8,5,0.8267,0.7826,0.8462,0.7347,0.9139
497,21,39,13,1,0.8108,0.9545,0.75,0.75,0.9021,18,40,12,4,0.7838,0.8182,0.7692,0.6923,0.8767,18,46,6,4,0.8649,0.8182,0.8846,0.7826,0.9065,14,40,12,8,0.7297,0.6364,0.7692,0.5833,0.868,16,42,10,6,0.7838,0.7273,0.8077,0.6667,0.8837,17,45,7,5,0.8378,0.7727,0.8654,0.7391,0.9161,16,42,10,6,0.7838,0.7273,0.8077,0.6667,0.8601,14,50,8,3,0.8533,0.8235,0.8621,0.7179,0.8692,11,53,5,6,0.8533,0.6471,0.9138,0.6667,0.9118,9,56,2,8,0.8667,0.5294,0.9655,0.6429,0.8438,13,48,10,4,0.8133,0.7647,0.8276,0.65,0.859,10,47,11,7,0.76,0.5882,0.8103,0.5263,0.8611,14,54,4,3,0.9067,0.8235,0.931,0.8,0.9097,8,48,10,9,0.7467,0.4706,0.8276,0.4571,0.8154
498,29,29,14,2,0.7838,0.9355,0.6744,0.7838,0.9017,23,32,11,8,0.7432,0.7419,0.7442,0.7077,0.802,28,36,7,3,0.8649,0.9032,0.8372,0.8485,0.8942,23,30,13,8,0.7162,0.7419,0.6977,0.6866,0.832,23,32,11,8,0.7432,0.7419,0.7442,0.7077,0.805,22,31,12,9,0.7162,0.7097,0.7209,0.6769,0.841,23,31,12,8,0.7297,0.7419,0.7209,0.697,0.7809,15,53,5,2,0.9067,0.8824,0.9138,0.8108,0.9604,10,54,4,7,0.8533,0.5882,0.931,0.6452,0.9635,8,58,0,9,0.88,0.4706,1.0,0.64,0.8763,12,53,5,5,0.8667,0.7059,0.9138,0.7059,0.9341,12,49,9,5,0.8133,0.7059,0.8448,0.6316,0.9361,13,50,8,4,0.84,0.7647,0.8621,0.6842,0.9178,10,53,5,7,0.84,0.5882,0.9138,0.625,0.9138
499,19,41,11,3,0.8108,0.8636,0.7885,0.7308,0.8785,17,46,6,5,0.8514,0.7727,0.8846,0.7556,0.8488,18,49,3,4,0.9054,0.8182,0.9423,0.8372,0.8671,15,45,7,7,0.8108,0.6818,0.8654,0.6818,0.8427,16,45,7,6,0.8243,0.7273,0.8654,0.7111,0.8453,17,47,5,5,0.8649,0.7727,0.9038,0.7727,0.8558,16,46,6,6,0.8378,0.7273,0.8846,0.7273,0.8628,19,50,4,2,0.92,0.9048,0.9259,0.8636,0.9674,14,50,4,7,0.8533,0.6667,0.9259,0.7179,0.9638,15,53,1,6,0.9067,0.7143,0.9815,0.8108,0.9092,18,48,6,3,0.88,0.8571,0.8889,0.8,0.9462,18,47,7,3,0.8667,0.8571,0.8704,0.7826,0.9559,19,51,3,2,0.9333,0.9048,0.9444,0.8837,0.9656,14,48,6,7,0.8267,0.6667,0.8889,0.6829,0.9383
500,28,32,11,3,0.8108,0.9032,0.7442,0.8,0.8995,25,34,9,6,0.7973,0.8065,0.7907,0.7692,0.8492,27,36,7,4,0.8514,0.871,0.8372,0.8308,0.8567,25,32,11,6,0.7703,0.8065,0.7442,0.7463,0.8507,25,34,9,6,0.7973,0.8065,0.7907,0.7692,0.8597,26,37,6,5,0.8514,0.8387,0.8605,0.8254,0.8635,25,34,9,6,0.7973,0.8065,0.7907,0.7692,0.865,21,48,3,3,0.92,0.875,0.9412,0.875,0.9306,13,46,5,11,0.7867,0.5417,0.902,0.619,0.9191,14,49,2,10,0.84,0.5833,0.9608,0.7,0.8546,17,45,6,7,0.8267,0.7083,0.8824,0.7234,0.9109,17,45,6,7,0.8267,0.7083,0.8824,0.7234,0.9069,19,49,2,5,0.9067,0.7917,0.9608,0.8444,0.8922,13,45,6,11,0.7733,0.5417,0.8824,0.6047,0.8881
501,19,35,17,3,0.7297,0.8636,0.6731,0.6552,0.8654,14,40,12,8,0.7297,0.6364,0.7692,0.5833,0.8129,18,44,8,4,0.8378,0.8182,0.8462,0.75,0.826,14,36,16,8,0.6757,0.6364,0.6923,0.5385,0.8077,14,42,10,8,0.7568,0.6364,0.8077,0.6087,0.8147,14,40,12,8,0.7297,0.6364,0.7692,0.5833,0.8077,14,39,13,8,0.7162,0.6364,0.75,0.5714,0.7998,13,56,5,1,0.92,0.9286,0.918,0.8125,0.9005,8,56,5,6,0.8533,0.5714,0.918,0.5926,0.8923,7,57,4,7,0.8533,0.5,0.9344,0.56,0.8653,11,56,5,3,0.8933,0.7857,0.918,0.7333,0.8923,8,53,8,6,0.8133,0.5714,0.8689,0.5333,0.8759,13,53,8,1,0.88,0.9286,0.8689,0.7429,0.9016,5,56,5,9,0.8133,0.3571,0.918,0.4167,0.8407
502,25,32,12,5,0.7703,0.8333,0.7273,0.7463,0.8417,23,35,9,7,0.7838,0.7667,0.7955,0.7419,0.8303,23,40,4,7,0.8514,0.7667,0.9091,0.807,0.8159,21,34,10,9,0.7432,0.7,0.7727,0.6885,0.8326,22,36,8,8,0.7838,0.7333,0.8182,0.7333,0.8326,24,37,7,6,0.8243,0.8,0.8409,0.7869,0.8258,22,35,9,8,0.7703,0.7333,0.7955,0.7213,0.7765,19,49,3,4,0.9067,0.8261,0.9423,0.8444,0.8888,12,49,3,11,0.8133,0.5217,0.9423,0.6316,0.9114,13,51,1,10,0.8533,0.5652,0.9808,0.7027,0.8244,15,48,4,8,0.84,0.6522,0.9231,0.7143,0.8905,15,48,4,8,0.84,0.6522,0.9231,0.7143,0.8637,18,50,2,5,0.9067,0.7826,0.9615,0.8372,0.8846,12,48,4,11,0.8,0.5217,0.9231,0.6154,0.8227
503,14,39,17,4,0.7162,0.7778,0.6964,0.5714,0.8046,13,43,13,5,0.7568,0.7222,0.7679,0.5909,0.8214,11,51,5,7,0.8378,0.6111,0.9107,0.6471,0.7817,11,45,11,7,0.7568,0.6111,0.8036,0.55,0.8135,12,48,8,6,0.8108,0.6667,0.8571,0.6316,0.8185,14,44,12,4,0.7838,0.7778,0.7857,0.6364,0.8403,12,47,9,6,0.7973,0.6667,0.8393,0.6154,0.7808,27,43,3,2,0.9333,0.931,0.9348,0.9153,0.958,19,43,3,10,0.8267,0.6552,0.9348,0.7451,0.961,15,45,1,14,0.8,0.5172,0.9783,0.6667,0.9108,22,42,4,7,0.8533,0.7586,0.913,0.8,0.9483,20,42,4,9,0.8267,0.6897,0.913,0.7547,0.9543,26,44,2,3,0.9333,0.8966,0.9565,0.9123,0.9535,17,42,4,12,0.7867,0.5862,0.913,0.68,0.9258
504,22,34,16,2,0.7568,0.9167,0.68,0.7097,0.8925,20,41,9,4,0.8243,0.8333,0.82,0.7547,0.8692,17,45,5,7,0.8378,0.7083,0.9,0.7391,0.8442,17,42,8,7,0.7973,0.7083,0.84,0.6939,0.8592,18,41,9,6,0.7973,0.75,0.82,0.7059,0.865,21,41,9,3,0.8378,0.875,0.82,0.7778,0.9158,18,43,7,6,0.8243,0.75,0.86,0.7347,0.865,14,55,3,3,0.92,0.8235,0.9483,0.8235,0.9412,12,54,4,5,0.88,0.7059,0.931,0.7273,0.9503,12,57,1,5,0.92,0.7059,0.9828,0.8,0.8671,13,54,4,4,0.8933,0.7647,0.931,0.7647,0.9371,13,53,5,4,0.88,0.7647,0.9138,0.7429,0.929,13,54,4,4,0.8933,0.7647,0.931,0.7647,0.929,12,54,4,5,0.88,0.7059,0.931,0.7273,0.9047
505,24,35,10,5,0.7973,0.8276,0.7778,0.7619,0.8383,18,40,5,11,0.7838,0.6207,0.8889,0.6923,0.8299,19,40,5,10,0.7973,0.6552,0.8889,0.717,0.8536,15,39,6,14,0.7297,0.5172,0.8667,0.6,0.8038,15,38,7,14,0.7162,0.5172,0.8444,0.5882,0.7946,21,39,6,8,0.8108,0.7241,0.8667,0.75,0.849,15,40,5,14,0.7432,0.5172,0.8889,0.6122,0.8169,14,53,3,5,0.8933,0.7368,0.9464,0.7778,0.8618,11,53,3,8,0.8533,0.5789,0.9464,0.6667,0.8731,10,54,2,9,0.8533,0.5263,0.9643,0.6452,0.734,12,53,3,7,0.8667,0.6316,0.9464,0.7059,0.8609,12,52,4,7,0.8533,0.6316,0.9286,0.6857,0.8336,13,52,4,6,0.8667,0.6842,0.9286,0.7222,0.8271,11,53,3,8,0.8533,0.5789,0.9464,0.6667,0.8026
506,23,34,10,7,0.7703,0.7667,0.7727,0.7302,0.8098,21,35,9,9,0.7568,0.7,0.7955,0.7,0.825,22,40,4,8,0.8378,0.7333,0.9091,0.7857,0.797,21,38,6,9,0.7973,0.7,0.8636,0.7368,0.8129,21,38,6,9,0.7973,0.7,0.8636,0.7368,0.8098,20,39,5,10,0.7973,0.6667,0.8864,0.7273,0.7947,21,39,5,9,0.8108,0.7,0.8864,0.75,0.8205,14,53,4,4,0.8933,0.7778,0.9298,0.7778,0.9493,11,53,4,7,0.8533,0.6111,0.9298,0.6667,0.9542,11,55,2,7,0.88,0.6111,0.9649,0.7097,0.845,11,52,5,7,0.84,0.6111,0.9123,0.6471,0.9444,11,51,6,7,0.8267,0.6111,0.8947,0.6286,0.9386,13,53,4,5,0.88,0.7222,0.9298,0.7429,0.924,11,52,5,7,0.84,0.6111,0.9123,0.6471,0.9279
507,25,27,19,3,0.7027,0.8929,0.587,0.6944,0.8012,21,35,11,7,0.7568,0.75,0.7609,0.7,0.7632,21,40,6,7,0.8243,0.75,0.8696,0.7636,0.8502,16,33,13,12,0.6622,0.5714,0.7174,0.5614,0.7453,20,34,12,8,0.7297,0.7143,0.7391,0.6667,0.7562,21,36,10,7,0.7703,0.75,0.7826,0.7119,0.8486,20,33,13,8,0.7162,0.7143,0.7174,0.6557,0.7182,19,50,4,2,0.92,0.9048,0.9259,0.8636,0.9436,12,48,6,9,0.8,0.5714,0.8889,0.6154,0.9242,11,51,3,10,0.8267,0.5238,0.9444,0.6286,0.8889,13,48,6,8,0.8133,0.619,0.8889,0.65,0.9242,12,48,6,9,0.8,0.5714,0.8889,0.6154,0.9171,17,50,4,4,0.8933,0.8095,0.9259,0.8095,0.9048,11,48,6,10,0.7867,0.5238,0.8889,0.5789,0.9074
508,19,37,16,2,0.7568,0.9048,0.6981,0.6786,0.8401,16,44,9,5,0.8108,0.7619,0.8302,0.6957,0.779,19,46,7,2,0.8784,0.9048,0.8679,0.8085,0.8949,14,42,11,7,0.7568,0.6667,0.7925,0.6087,0.7862,16,41,12,5,0.7703,0.7619,0.7736,0.6531,0.7619,14,44,9,7,0.7838,0.6667,0.8302,0.6364,0.8302,16,42,11,5,0.7838,0.7619,0.7925,0.6667,0.7781,18,47,7,3,0.8667,0.8571,0.8704,0.7826,0.8871,12,46,8,9,0.7733,0.5714,0.8519,0.5854,0.8774,10,50,4,11,0.8,0.4762,0.9259,0.5714,0.806,13,46,8,8,0.7867,0.619,0.8519,0.619,0.8765,12,46,8,9,0.7733,0.5714,0.8519,0.5854,0.8439,17,47,7,4,0.8533,0.8095,0.8704,0.7556,0.8554,11,46,8,10,0.76,0.5238,0.8519,0.55,0.8166
509,24,32,13,5,0.7568,0.8276,0.7111,0.7273,0.7778,16,35,10,13,0.6892,0.5517,0.7778,0.5818,0.7211,21,39,6,8,0.8108,0.7241,0.8667,0.75,0.8069,15,37,8,14,0.7027,0.5172,0.8222,0.5769,0.7272,14,37,8,15,0.6892,0.4828,0.8222,0.549,0.6713,18,37,8,11,0.7432,0.6207,0.8222,0.6545,0.7663,14,37,8,15,0.6892,0.4828,0.8222,0.549,0.7134,11,48,10,6,0.7867,0.6471,0.8276,0.5789,0.786,8,51,7,9,0.7867,0.4706,0.8793,0.5,0.8266,7,54,4,10,0.8133,0.4118,0.931,0.5,0.6582,8,47,11,9,0.7333,0.4706,0.8103,0.4444,0.788,7,47,11,10,0.72,0.4118,0.8103,0.4,0.7556,10,52,6,7,0.8267,0.5882,0.8966,0.6061,0.7951,7,47,11,10,0.72,0.4118,0.8103,0.4,0.7252
510,20,35,15,4,0.7432,0.8333,0.7,0.678,0.8342,18,41,9,6,0.7973,0.75,0.82,0.7059,0.8117,18,43,7,6,0.8243,0.75,0.86,0.7347,0.7917,19,38,12,5,0.7703,0.7917,0.76,0.6909,0.7958,18,37,13,6,0.7432,0.75,0.74,0.6545,0.805,17,43,7,7,0.8108,0.7083,0.86,0.7083,0.8067,18,38,12,6,0.7568,0.75,0.76,0.6667,0.7925,17,49,6,3,0.88,0.85,0.8909,0.7907,0.9145,11,47,8,9,0.7733,0.55,0.8545,0.5641,0.8991,11,55,0,9,0.88,0.55,1.0,0.7097,0.7727,13,47,8,7,0.8,0.65,0.8545,0.6341,0.8927,13,47,8,7,0.8,0.65,0.8545,0.6341,0.8655,14,49,6,6,0.84,0.7,0.8909,0.7,0.8673,11,47,8,9,0.7733,0.55,0.8545,0.5641,0.8491
511,24,28,17,5,0.7027,0.8276,0.6222,0.6857,0.833,21,33,12,8,0.7297,0.7241,0.7333,0.6774,0.7456,20,37,8,9,0.7703,0.6897,0.8222,0.7018,0.7701,19,30,15,10,0.6622,0.6552,0.6667,0.6032,0.7563,19,31,14,10,0.6757,0.6552,0.6889,0.6129,0.7326,19,36,9,10,0.7432,0.6552,0.8,0.6667,0.7755,19,31,14,10,0.6757,0.6552,0.6889,0.6129,0.7218,14,50,10,1,0.8533,0.9333,0.8333,0.7179,0.8856,10,51,9,5,0.8133,0.6667,0.85,0.5882,0.8978,8,54,6,7,0.8267,0.5333,0.9,0.5517,0.87,10,49,11,5,0.7867,0.6667,0.8167,0.5556,0.8811,10,48,12,5,0.7733,0.6667,0.8,0.5405,0.87,14,51,9,1,0.8667,0.9333,0.85,0.7368,0.8744,10,49,11,5,0.7867,0.6667,0.8167,0.5556,0.8444
512,22,38,9,5,0.8108,0.8148,0.8085,0.7586,0.8558,19,41,6,8,0.8108,0.7037,0.8723,0.7308,0.8345,16,43,4,11,0.7973,0.5926,0.9149,0.6809,0.7991,15,41,6,12,0.7568,0.5556,0.8723,0.625,0.8274,15,42,5,12,0.7703,0.5556,0.8936,0.6383,0.8306,21,44,3,6,0.8784,0.7778,0.9362,0.8235,0.8511,15,42,5,12,0.7703,0.5556,0.8936,0.6383,0.8235,17,53,4,1,0.9333,0.9444,0.9298,0.8718,0.963,10,53,4,8,0.84,0.5556,0.9298,0.625,0.9561,10,57,0,8,0.8933,0.5556,1.0,0.7143,0.9259,13,52,5,5,0.8667,0.7222,0.9123,0.7222,0.9444,11,51,6,7,0.8267,0.6111,0.8947,0.6286,0.9386,16,53,4,2,0.92,0.8889,0.9298,0.8421,0.9513,8,52,5,10,0.8,0.4444,0.9123,0.5161,0.9172
513,24,37,10,3,0.8243,0.8889,0.7872,0.7869,0.9393,20,43,4,7,0.8514,0.7407,0.9149,0.7843,0.9243,21,43,4,6,0.8649,0.7778,0.9149,0.8077,0.8842,21,44,3,6,0.8784,0.7778,0.9362,0.8235,0.9149,20,44,3,7,0.8649,0.7407,0.9362,0.8,0.9196,23,39,8,4,0.8378,0.8519,0.8298,0.7931,0.9212,20,44,3,7,0.8649,0.7407,0.9362,0.8,0.9212,19,46,8,2,0.8667,0.9048,0.8519,0.7917,0.9083,13,45,9,8,0.7733,0.619,0.8333,0.6047,0.8995,14,53,1,7,0.8933,0.6667,0.9815,0.7778,0.9118,17,45,9,4,0.8267,0.8095,0.8333,0.7234,0.8924,16,44,10,5,0.8,0.7619,0.8148,0.6809,0.8624,19,45,9,2,0.8533,0.9048,0.8333,0.7755,0.9242,12,45,9,9,0.76,0.5714,0.8333,0.5714,0.8439
514,29,30,14,1,0.7973,0.9667,0.6818,0.7945,0.9083,24,36,8,6,0.8108,0.8,0.8182,0.7742,0.8409,25,33,11,5,0.7838,0.8333,0.75,0.7576,0.8561,23,32,12,7,0.7432,0.7667,0.7273,0.7077,0.8439,22,33,11,8,0.7432,0.7333,0.75,0.6984,0.8379,26,32,12,4,0.7838,0.8667,0.7273,0.7647,0.8424,22,33,11,8,0.7432,0.7333,0.75,0.6984,0.8098,17,50,5,3,0.8933,0.85,0.9091,0.8095,0.8909,10,51,4,10,0.8133,0.5,0.9273,0.5882,0.9027,8,54,1,12,0.8267,0.4,0.9818,0.5517,0.76,11,50,5,9,0.8133,0.55,0.9091,0.6111,0.8873,10,50,5,10,0.8,0.5,0.9091,0.5714,0.8627,15,51,4,5,0.88,0.75,0.9273,0.7692,0.8691,9,50,5,11,0.7867,0.45,0.9091,0.5294,0.8327
515,20,35,15,4,0.7432,0.8333,0.7,0.678,0.8917,18,38,12,6,0.7568,0.75,0.76,0.6667,0.8092,18,41,9,6,0.7973,0.75,0.82,0.7059,0.8158,17,36,14,7,0.7162,0.7083,0.72,0.6182,0.8017,17,38,12,7,0.7432,0.7083,0.76,0.6415,0.7967,17,41,9,7,0.7838,0.7083,0.82,0.68,0.8367,17,39,11,7,0.7568,0.7083,0.78,0.6538,0.7792,20,49,3,3,0.92,0.8696,0.9423,0.8696,0.9741,15,49,3,8,0.8533,0.6522,0.9423,0.7317,0.9724,9,52,0,14,0.8133,0.3913,1.0,0.5625,0.9498,18,49,3,5,0.8933,0.7826,0.9423,0.8182,0.9632,15,48,4,8,0.84,0.6522,0.9231,0.7143,0.9632,20,48,4,3,0.9067,0.8696,0.9231,0.8511,0.9682,12,49,3,11,0.8133,0.5217,0.9423,0.6316,0.9448
516,24,37,11,2,0.8243,0.9231,0.7708,0.7869,0.8782,22,38,10,4,0.8108,0.8462,0.7917,0.7586,0.867,23,43,5,3,0.8919,0.8846,0.8958,0.8519,0.9006,21,38,10,5,0.7973,0.8077,0.7917,0.7368,0.8798,22,40,8,4,0.8378,0.8462,0.8333,0.7857,0.8798,22,43,5,4,0.8784,0.8462,0.8958,0.8302,0.9143,22,40,8,4,0.8378,0.8462,0.8333,0.7857,0.8542,20,47,3,5,0.8933,0.8,0.94,0.8333,0.9304,14,45,5,11,0.7867,0.56,0.9,0.6364,0.9192,12,49,1,13,0.8133,0.48,0.98,0.6316,0.7304,14,45,5,11,0.7867,0.56,0.9,0.6364,0.8944,13,44,6,12,0.76,0.52,0.88,0.5909,0.8912,17,46,4,8,0.84,0.68,0.92,0.7391,0.8776,13,45,5,12,0.7733,0.52,0.9,0.6047,0.892
517,23,34,15,2,0.7703,0.92,0.6939,0.7302,0.9029,18,39,10,7,0.7703,0.72,0.7959,0.6792,0.8147,20,42,7,5,0.8378,0.8,0.8571,0.7692,0.8498,18,35,14,7,0.7162,0.72,0.7143,0.6316,0.8367,18,39,10,7,0.7703,0.72,0.7959,0.6792,0.8408,21,39,10,4,0.8108,0.84,0.7959,0.75,0.8416,18,37,12,7,0.7432,0.72,0.7551,0.6545,0.7894,12,54,4,5,0.88,0.7059,0.931,0.7273,0.8996,8,55,3,9,0.84,0.4706,0.9483,0.5714,0.9402,6,56,2,11,0.8267,0.3529,0.9655,0.48,0.8134,8,54,4,9,0.8267,0.4706,0.931,0.5517,0.9229,7,54,4,10,0.8133,0.4118,0.931,0.5,0.9057,11,55,3,6,0.88,0.6471,0.9483,0.7097,0.9108,7,54,4,10,0.8133,0.4118,0.931,0.5,0.8753
518,25,34,10,5,0.7973,0.8333,0.7727,0.7692,0.8508,20,39,5,10,0.7973,0.6667,0.8864,0.7273,0.7841,24,39,5,6,0.8514,0.8,0.8864,0.8136,0.8538,19,38,6,11,0.7703,0.6333,0.8636,0.6909,0.7742,20,39,5,10,0.7973,0.6667,0.8864,0.7273,0.7492,22,39,5,8,0.8243,0.7333,0.8864,0.7719,0.8273,20,38,6,10,0.7838,0.6667,0.8636,0.7143,0.7515,15,44,9,7,0.7867,0.6818,0.8302,0.6522,0.8671,12,44,9,10,0.7467,0.5455,0.8302,0.5581,0.8851,9,50,3,13,0.7867,0.4091,0.9434,0.5294,0.7238,12,42,11,10,0.72,0.5455,0.7925,0.5333,0.8602,11,42,11,11,0.7067,0.5,0.7925,0.5,0.8602,13,46,7,9,0.7867,0.5909,0.8679,0.619,0.8353,11,42,11,11,0.7067,0.5,0.7925,0.5,0.813
519,17,33,21,3,0.6757,0.85,0.6111,0.5862,0.8,14,41,13,6,0.7432,0.7,0.7593,0.5957,0.7481,15,46,8,5,0.8243,0.75,0.8519,0.6977,0.7593,13,40,14,7,0.7162,0.65,0.7407,0.5532,0.738,14,42,12,6,0.7568,0.7,0.7778,0.6087,0.737,13,45,9,7,0.7838,0.65,0.8333,0.619,0.7833,14,41,13,6,0.7432,0.7,0.7593,0.5957,0.7204,16,52,7,0,0.9067,1.0,0.8814,0.8205,0.9449,9,55,4,7,0.8533,0.5625,0.9322,0.6207,0.9597,9,58,1,7,0.8933,0.5625,0.9831,0.6923,0.9587,11,52,7,5,0.84,0.6875,0.8814,0.6471,0.9343,10,52,7,6,0.8267,0.625,0.8814,0.6061,0.9407,16,55,4,0,0.9467,1.0,0.9322,0.8889,0.9714,8,52,7,8,0.8,0.5,0.8814,0.5161,0.9131
520,16,32,22,4,0.6486,0.8,0.5926,0.5517,0.8241,15,41,13,5,0.7568,0.75,0.7593,0.625,0.7565,14,42,12,6,0.7568,0.7,0.7778,0.6087,0.738,15,42,12,5,0.7703,0.75,0.7778,0.6383,0.7806,15,40,14,5,0.7432,0.75,0.7407,0.6122,0.7481,12,39,15,8,0.6892,0.6,0.7222,0.5106,0.7722,15,42,12,5,0.7703,0.75,0.7778,0.6383,0.762,14,56,2,3,0.9333,0.8235,0.9655,0.8485,0.9168,10,54,4,7,0.8533,0.5882,0.931,0.6452,0.9148,11,58,0,6,0.92,0.6471,1.0,0.7857,0.8164,11,54,4,6,0.8667,0.6471,0.931,0.6875,0.9087,11,54,4,6,0.8667,0.6471,0.931,0.6875,0.8864,12,56,2,5,0.9067,0.7059,0.9655,0.7742,0.8763,10,54,4,7,0.8533,0.5882,0.931,0.6452,0.8621
521,27,32,13,2,0.7973,0.931,0.7111,0.7826,0.9264,20,39,6,9,0.7973,0.6897,0.8667,0.7273,0.8605,23,37,8,6,0.8108,0.7931,0.8222,0.7667,0.8966,18,37,8,11,0.7432,0.6207,0.8222,0.6545,0.8467,18,37,8,11,0.7432,0.6207,0.8222,0.6545,0.859,22,36,9,7,0.7838,0.7586,0.8,0.7333,0.8467,18,37,8,11,0.7432,0.6207,0.8222,0.6545,0.8575,14,52,8,1,0.88,0.9333,0.8667,0.7568,0.9211,10,51,9,5,0.8133,0.6667,0.85,0.5882,0.9156,9,55,5,6,0.8533,0.6,0.9167,0.6207,0.8756,11,49,11,4,0.8,0.7333,0.8167,0.5946,0.9122,10,48,12,5,0.7733,0.6667,0.8,0.5405,0.9078,13,53,7,2,0.88,0.8667,0.8833,0.7429,0.9078,9,49,11,6,0.7733,0.6,0.8167,0.5143,0.8844
522,19,32,18,5,0.6892,0.7917,0.64,0.623,0.7967,13,41,9,11,0.7297,0.5417,0.82,0.5652,0.7658,18,44,6,6,0.8378,0.75,0.88,0.75,0.7642,17,41,9,7,0.7838,0.7083,0.82,0.68,0.7833,13,41,9,11,0.7297,0.5417,0.82,0.5652,0.7367,16,41,9,8,0.7703,0.6667,0.82,0.6531,0.7983,13,42,8,11,0.7432,0.5417,0.84,0.5778,0.7758,14,51,7,3,0.8667,0.8235,0.8793,0.7368,0.8945,11,50,8,6,0.8133,0.6471,0.8621,0.6111,0.9037,9,55,3,8,0.8533,0.5294,0.9483,0.6207,0.8083,11,49,9,6,0.8,0.6471,0.8448,0.5946,0.8854,10,49,9,7,0.7867,0.5882,0.8448,0.5556,0.8732,13,52,6,4,0.8667,0.7647,0.8966,0.7222,0.8783,10,49,9,7,0.7867,0.5882,0.8448,0.5556,0.8367
523,21,40,13,0,0.8243,1.0,0.7547,0.7636,0.9308,16,45,8,5,0.8243,0.7619,0.8491,0.7111,0.8607,13,46,7,8,0.7973,0.619,0.8679,0.6341,0.8248,14,44,9,7,0.7838,0.6667,0.8302,0.6364,0.8437,15,45,8,6,0.8108,0.7143,0.8491,0.6818,0.8589,19,45,8,2,0.8649,0.9048,0.8491,0.7917,0.929,15,44,9,6,0.7973,0.7143,0.8302,0.6667,0.8311,20,44,8,3,0.8533,0.8696,0.8462,0.7843,0.8905,18,43,9,5,0.8133,0.7826,0.8269,0.72,0.8796,14,48,4,9,0.8267,0.6087,0.9231,0.6829,0.8244,19,43,9,4,0.8267,0.8261,0.8269,0.7451,0.8779,18,41,11,5,0.7867,0.7826,0.7885,0.6923,0.8562,20,42,10,3,0.8267,0.8696,0.8077,0.7547,0.8788,17,43,9,6,0.8,0.7391,0.8269,0.6939,0.8303
524,24,30,16,4,0.7297,0.8571,0.6522,0.7059,0.8587,21,32,14,7,0.7162,0.75,0.6957,0.6667,0.7849,21,36,10,7,0.7703,0.75,0.7826,0.7119,0.8478,20,32,14,8,0.7027,0.7143,0.6957,0.6452,0.809,20,31,15,8,0.6892,0.7143,0.6739,0.6349,0.7966,21,38,8,7,0.7973,0.75,0.8261,0.7368,0.8432,20,33,13,8,0.7162,0.7143,0.7174,0.6557,0.7461,18,49,4,4,0.8933,0.8182,0.9245,0.8182,0.8971,17,48,5,5,0.8667,0.7727,0.9057,0.7727,0.9142,14,51,2,8,0.8667,0.6364,0.9623,0.7368,0.831,18,47,6,4,0.8667,0.8182,0.8868,0.7826,0.8937,15,47,6,7,0.8267,0.6818,0.8868,0.6977,0.8851,18,50,3,4,0.9067,0.8182,0.9434,0.8372,0.9108,14,47,6,8,0.8133,0.6364,0.8868,0.6667,0.8465
525,25,30,18,1,0.7432,0.9615,0.625,0.7246,0.8758,20,37,11,6,0.7703,0.7692,0.7708,0.7018,0.8205,20,42,6,6,0.8378,0.7692,0.875,0.7692,0.9343,17,37,11,9,0.7297,0.6538,0.7708,0.6296,0.8149,17,37,11,9,0.7297,0.6538,0.7708,0.6296,0.8101,23,37,11,3,0.8108,0.8846,0.7708,0.7667,0.9079,17,37,11,9,0.7297,0.6538,0.7708,0.6296,0.7885,21,45,6,3,0.88,0.875,0.8824,0.8235,0.9273,16,44,7,8,0.8,0.6667,0.8627,0.6809,0.9265,15,51,0,9,0.88,0.625,1.0,0.7692,0.8783,17,44,7,7,0.8133,0.7083,0.8627,0.7083,0.9167,17,44,7,7,0.8133,0.7083,0.8627,0.7083,0.8987,21,45,6,3,0.88,0.875,0.8824,0.8235,0.9265,16,44,7,8,0.8,0.6667,0.8627,0.6809,0.8824
526,19,36,18,1,0.7432,0.95,0.6667,0.6667,0.8833,13,42,12,7,0.7432,0.65,0.7778,0.5778,0.7954,15,40,14,5,0.7432,0.75,0.7407,0.6122,0.8269,12,39,15,8,0.6892,0.6,0.7222,0.5106,0.788,12,40,14,8,0.7027,0.6,0.7407,0.5217,0.8056,16,38,16,4,0.7297,0.8,0.7037,0.6154,0.8287,12,40,14,8,0.7027,0.6,0.7407,0.5217,0.8046,20,46,7,2,0.88,0.9091,0.8679,0.8163,0.8937,14,48,5,8,0.8267,0.6364,0.9057,0.6829,0.9108,13,51,2,9,0.8533,0.5909,0.9623,0.7027,0.8576,15,45,8,7,0.8,0.6818,0.8491,0.6667,0.8791,15,41,12,7,0.7467,0.6818,0.7736,0.6122,0.8679,18,45,8,4,0.84,0.8182,0.8491,0.75,0.8696,14,45,8,8,0.7867,0.6364,0.8491,0.6364,0.8396
527,18,35,13,8,0.7162,0.6923,0.7292,0.6316,0.7829,17,35,13,9,0.7027,0.6538,0.7292,0.6071,0.7572,15,42,6,11,0.7703,0.5769,0.875,0.6383,0.774,14,34,14,12,0.6486,0.5385,0.7083,0.5185,0.7564,15,39,9,11,0.7297,0.5769,0.8125,0.6,0.7436,16,37,11,10,0.7162,0.6154,0.7708,0.6038,0.7909,15,37,11,11,0.7027,0.5769,0.7708,0.5769,0.7388,21,49,1,4,0.9333,0.84,0.98,0.8936,0.9112,12,48,2,13,0.8,0.48,0.96,0.6154,0.9008,12,50,0,13,0.8267,0.48,1.0,0.6486,0.8056,13,48,2,12,0.8133,0.52,0.96,0.65,0.8832,12,46,4,13,0.7733,0.48,0.92,0.5854,0.8768,20,47,3,5,0.8933,0.8,0.94,0.8333,0.8904,11,48,2,14,0.7867,0.44,0.96,0.5789,0.8416
528,18,38,11,7,0.7568,0.72,0.7755,0.6667,0.7967,15,44,5,10,0.7973,0.6,0.898,0.6667,0.8016,18,43,6,7,0.8243,0.72,0.8776,0.7347,0.782,17,44,5,8,0.8243,0.68,0.898,0.7234,0.7927,15,43,6,10,0.7838,0.6,0.8776,0.6522,0.7739,15,42,7,10,0.7703,0.6,0.8571,0.6383,0.7829,15,44,5,10,0.7973,0.6,0.898,0.6667,0.7845,21,49,2,3,0.9333,0.875,0.9608,0.8936,0.9232,16,49,2,8,0.8667,0.6667,0.9608,0.7619,0.9461,13,49,2,11,0.8267,0.5417,0.9608,0.6667,0.8317,17,49,2,7,0.88,0.7083,0.9608,0.7907,0.9306,15,48,3,9,0.84,0.625,0.9412,0.7143,0.9085,20,48,3,4,0.9067,0.8333,0.9412,0.8511,0.9142,14,49,2,10,0.84,0.5833,0.9608,0.7,0.8913
529,25,33,13,3,0.7838,0.8929,0.7174,0.7576,0.8859,20,36,10,8,0.7568,0.7143,0.7826,0.6897,0.8238,23,43,3,5,0.8919,0.8214,0.9348,0.8519,0.8874,21,37,9,7,0.7838,0.75,0.8043,0.7241,0.8284,19,37,9,9,0.7568,0.6786,0.8043,0.6786,0.809,22,39,7,6,0.8243,0.7857,0.8478,0.7719,0.8921,19,38,8,9,0.7703,0.6786,0.8261,0.6909,0.8043,18,51,5,1,0.92,0.9474,0.9107,0.8571,0.9192,12,51,5,7,0.84,0.6316,0.9107,0.6667,0.922,10,53,3,9,0.84,0.5263,0.9464,0.625,0.8383,13,51,5,6,0.8533,0.6842,0.9107,0.7027,0.9182,11,50,6,8,0.8133,0.5789,0.8929,0.6111,0.8919,16,50,6,3,0.88,0.8421,0.8929,0.7805,0.891,10,51,5,9,0.8133,0.5263,0.9107,0.5882,0.8816
530,26,32,11,5,0.7838,0.8387,0.7442,0.7647,0.8597,23,37,6,8,0.8108,0.7419,0.8605,0.7667,0.8297,17,40,3,14,0.7703,0.5484,0.9302,0.6667,0.7974,19,36,7,12,0.7432,0.6129,0.8372,0.6667,0.8245,19,37,6,12,0.7568,0.6129,0.8605,0.6786,0.8035,25,37,6,6,0.8378,0.8065,0.8605,0.8065,0.8575,19,37,6,12,0.7568,0.6129,0.8605,0.6786,0.7907,16,52,4,3,0.9067,0.8421,0.9286,0.8205,0.9032,13,52,4,6,0.8667,0.6842,0.9286,0.7222,0.9154,14,54,2,5,0.9067,0.7368,0.9643,0.8,0.8355,14,52,4,5,0.88,0.7368,0.9286,0.7568,0.907,14,52,4,5,0.88,0.7368,0.9286,0.7568,0.8806,16,52,4,3,0.9067,0.8421,0.9286,0.8205,0.8947,13,52,4,6,0.8667,0.6842,0.9286,0.7222,0.8656
531,16,38,15,5,0.7297,0.7619,0.717,0.6154,0.7916,13,43,10,8,0.7568,0.619,0.8113,0.5909,0.7179,15,48,5,6,0.8514,0.7143,0.9057,0.7317,0.8338,12,43,10,9,0.7432,0.5714,0.8113,0.5581,0.6945,12,43,10,9,0.7432,0.5714,0.8113,0.5581,0.6801,11,48,5,10,0.7973,0.5238,0.9057,0.5946,0.7736,12,44,9,9,0.7568,0.5714,0.8302,0.5714,0.7269,20,44,6,5,0.8533,0.8,0.88,0.7843,0.8632,16,43,7,9,0.7867,0.64,0.86,0.6667,0.8792,15,48,2,10,0.84,0.6,0.96,0.7143,0.808,18,42,8,7,0.8,0.72,0.84,0.7059,0.8608,16,41,9,9,0.76,0.64,0.82,0.64,0.8272,20,44,6,5,0.8533,0.8,0.88,0.7843,0.8608,14,42,8,11,0.7467,0.56,0.84,0.5957,0.816
532,24,33,14,3,0.7703,0.8889,0.7021,0.7385,0.8905,21,38,9,6,0.7973,0.7778,0.8085,0.7368,0.8322,22,43,4,5,0.8784,0.8148,0.9149,0.8302,0.8511,19,38,9,8,0.7703,0.7037,0.8085,0.6909,0.818,21,40,7,6,0.8243,0.7778,0.8511,0.7636,0.8455,21,39,8,6,0.8108,0.7778,0.8298,0.75,0.8582,21,39,8,6,0.8108,0.7778,0.8298,0.75,0.829,15,51,6,3,0.88,0.8333,0.8947,0.7692,0.9172,9,51,6,9,0.8,0.5,0.8947,0.5455,0.9357,9,56,1,9,0.8667,0.5,0.9825,0.6429,0.8801,12,51,6,6,0.84,0.6667,0.8947,0.6667,0.9269,12,51,6,6,0.84,0.6667,0.8947,0.6667,0.9113,12,51,6,6,0.84,0.6667,0.8947,0.6667,0.8869,9,51,6,9,0.8,0.5,0.8947,0.5455,0.8938
533,18,35,19,2,0.7162,0.9,0.6481,0.6316,0.8741,14,39,15,6,0.7162,0.7,0.7222,0.5714,0.8287,17,45,9,3,0.8378,0.85,0.8333,0.7391,0.8852,17,40,14,3,0.7703,0.85,0.7407,0.6667,0.8472,14,40,14,6,0.7297,0.7,0.7407,0.5833,0.8315,18,42,12,2,0.8108,0.9,0.7778,0.72,0.8981,14,40,14,6,0.7297,0.7,0.7407,0.5833,0.8213,20,47,2,6,0.8933,0.7692,0.9592,0.8333,0.9356,15,47,2,11,0.8267,0.5769,0.9592,0.6977,0.9435,13,49,0,13,0.8267,0.5,1.0,0.6667,0.7983,16,47,2,10,0.84,0.6154,0.9592,0.7273,0.9372,15,47,2,11,0.8267,0.5769,0.9592,0.6977,0.9152,18,47,2,8,0.8667,0.6923,0.9592,0.7826,0.9113,14,47,2,12,0.8133,0.5385,0.9592,0.6667,0.8964
534,16,35,18,5,0.6892,0.7619,0.6604,0.5818,0.8023,14,42,11,7,0.7568,0.6667,0.7925,0.6087,0.7466,14,46,7,7,0.8108,0.6667,0.8679,0.6667,0.7296,15,41,12,6,0.7568,0.7143,0.7736,0.625,0.7574,14,39,14,7,0.7162,0.6667,0.7358,0.5714,0.7107,13,41,12,8,0.7297,0.619,0.7736,0.5652,0.7682,14,41,12,7,0.7432,0.6667,0.7736,0.5957,0.6972,10,54,6,5,0.8533,0.6667,0.9,0.6452,0.7744,5,55,5,10,0.8,0.3333,0.9167,0.4,0.8356,3,58,2,12,0.8133,0.2,0.9667,0.3,0.6744,6,52,8,9,0.7733,0.4,0.8667,0.4138,0.7922,6,52,8,9,0.7733,0.4,0.8667,0.4138,0.7356,10,57,3,5,0.8933,0.6667,0.95,0.7143,0.8167,5,52,8,10,0.76,0.3333,0.8667,0.3571,0.6856
535,29,31,11,3,0.8108,0.9062,0.7381,0.8056,0.8862,24,36,6,8,0.8108,0.75,0.8571,0.7742,0.849,26,38,4,6,0.8649,0.8125,0.9048,0.8387,0.91,24,37,5,8,0.8243,0.75,0.881,0.7869,0.849,23,34,8,9,0.7703,0.7188,0.8095,0.7302,0.8408,28,36,6,4,0.8649,0.875,0.8571,0.8485,0.8891,23,37,5,9,0.8108,0.7188,0.881,0.7667,0.8393,14,57,1,3,0.9467,0.8235,0.9828,0.875,0.9909,12,56,2,5,0.9067,0.7059,0.9655,0.7742,0.9878,11,58,0,6,0.92,0.6471,1.0,0.7857,0.8732,14,56,2,3,0.9333,0.8235,0.9655,0.8485,0.9726,13,55,3,4,0.9067,0.7647,0.9483,0.7879,0.9817,14,56,2,3,0.9333,0.8235,0.9655,0.8485,0.9807,11,56,2,6,0.8933,0.6471,0.9655,0.7333,0.9767
536,20,42,10,2,0.8378,0.9091,0.8077,0.7692,0.9003,15,45,7,7,0.8108,0.6818,0.8654,0.6818,0.8497,17,44,8,5,0.8243,0.7727,0.8462,0.7234,0.8322,16,44,8,6,0.8108,0.7273,0.8462,0.6957,0.8593,14,45,7,8,0.7973,0.6364,0.8654,0.6512,0.8427,17,43,9,5,0.8108,0.7727,0.8269,0.7083,0.8689,14,45,7,8,0.7973,0.6364,0.8654,0.6512,0.8217,13,56,6,0,0.92,1.0,0.9032,0.8125,0.969,11,56,6,2,0.8933,0.8462,0.9032,0.7333,0.9615,10,60,2,3,0.9333,0.7692,0.9677,0.8,0.9144,11,56,6,2,0.8933,0.8462,0.9032,0.7333,0.9603,10,54,8,3,0.8533,0.7692,0.871,0.6452,0.9392,12,54,8,1,0.88,0.9231,0.871,0.7273,0.9355,10,56,6,3,0.88,0.7692,0.9032,0.6897,0.9417
537,24,36,12,2,0.8108,0.9231,0.75,0.7742,0.9014,20,41,7,6,0.8243,0.7692,0.8542,0.7547,0.8486,19,44,4,7,0.8514,0.7308,0.9167,0.7755,0.8734,18,38,10,8,0.7568,0.6923,0.7917,0.6667,0.8486,18,43,5,8,0.8243,0.6923,0.8958,0.7347,0.8446,20,39,9,6,0.7973,0.7692,0.8125,0.7273,0.8614,18,39,9,8,0.7703,0.6923,0.8125,0.6792,0.8013,8,61,4,2,0.92,0.8,0.9385,0.7273,0.9554,4,61,4,6,0.8667,0.4,0.9385,0.4444,0.96,4,64,1,6,0.9067,0.4,0.9846,0.5333,0.8354,4,61,4,6,0.8667,0.4,0.9385,0.4444,0.9569,4,61,4,6,0.8667,0.4,0.9385,0.4444,0.9538,7,61,4,3,0.9067,0.7,0.9385,0.6667,0.9323,4,61,4,6,0.8667,0.4,0.9385,0.4444,0.9231
538,14,38,22,0,0.7027,1.0,0.6333,0.56,0.8881,8,45,15,6,0.7162,0.5714,0.75,0.4324,0.7738,9,48,12,5,0.7703,0.6429,0.8,0.5143,0.7833,8,43,17,6,0.6892,0.5714,0.7167,0.4103,0.7571,7,42,18,7,0.6622,0.5,0.7,0.359,0.7345,10,46,14,4,0.7568,0.7143,0.7667,0.5263,0.8345,7,43,17,7,0.6757,0.5,0.7167,0.3684,0.7952,25,40,7,3,0.8667,0.8929,0.8511,0.8333,0.8967,14,42,5,14,0.7467,0.5,0.8936,0.5957,0.9134,17,46,1,11,0.84,0.6071,0.9787,0.7391,0.8746,19,40,7,9,0.7867,0.6786,0.8511,0.7037,0.8868,19,39,8,9,0.7733,0.6786,0.8298,0.6909,0.883,23,41,6,5,0.8533,0.8214,0.8723,0.807,0.9043,14,40,7,14,0.72,0.5,0.8511,0.5714,0.8442
539,17,33,18,6,0.6757,0.7391,0.6471,0.5862,0.7519,14,38,13,9,0.7027,0.6087,0.7451,0.56,0.7127,14,43,8,9,0.7703,0.6087,0.8431,0.6222,0.7357,11,39,12,12,0.6757,0.4783,0.7647,0.4783,0.6922,13,40,11,10,0.7162,0.5652,0.7843,0.5532,0.7101,15,42,9,8,0.7703,0.6522,0.8235,0.6383,0.7408,13,40,11,10,0.7162,0.5652,0.7843,0.5532,0.6607,19,46,7,3,0.8667,0.8636,0.8679,0.7917,0.9039,10,45,8,12,0.7333,0.4545,0.8491,0.5,0.8816,8,48,5,14,0.7467,0.3636,0.9057,0.4571,0.8156,12,45,8,10,0.76,0.5455,0.8491,0.5714,0.8842,10,45,8,12,0.7333,0.4545,0.8491,0.5,0.8756,16,46,7,6,0.8267,0.7273,0.8679,0.7111,0.8525,8,45,8,14,0.7067,0.3636,0.8491,0.4211,0.8396
540,16,38,18,2,0.7297,0.8889,0.6786,0.6154,0.8542,13,44,12,5,0.7703,0.7222,0.7857,0.6047,0.8214,12,47,9,6,0.7973,0.6667,0.8393,0.6154,0.7937,13,42,14,5,0.7432,0.7222,0.75,0.5778,0.8284,11,46,10,7,0.7703,0.6111,0.8214,0.5641,0.8145,15,45,11,3,0.8108,0.8333,0.8036,0.6818,0.869,11,45,11,7,0.7568,0.6111,0.8036,0.55,0.7946,21,41,11,2,0.8267,0.913,0.7885,0.7636,0.8855,15,43,9,8,0.7733,0.6522,0.8269,0.6383,0.8838,12,49,3,11,0.8133,0.5217,0.9423,0.6316,0.8428,19,40,12,4,0.7867,0.8261,0.7692,0.7037,0.8462,15,37,15,8,0.6933,0.6522,0.7115,0.566,0.8303,20,41,11,3,0.8133,0.8696,0.7885,0.7407,0.8737,11,40,12,12,0.68,0.4783,0.7692,0.4783,0.7935
541,18,30,19,7,0.6486,0.72,0.6122,0.5806,0.7845,17,39,10,8,0.7568,0.68,0.7959,0.6538,0.7388,16,41,8,9,0.7703,0.64,0.8367,0.6531,0.738,16,37,12,9,0.7162,0.64,0.7551,0.6038,0.7363,16,40,9,9,0.7568,0.64,0.8163,0.64,0.7412,16,36,13,9,0.7027,0.64,0.7347,0.5926,0.738,16,37,12,9,0.7162,0.64,0.7551,0.6038,0.6963,18,49,6,2,0.8933,0.9,0.8909,0.8182,0.9218,12,50,5,8,0.8267,0.6,0.9091,0.6486,0.9291,12,53,2,8,0.8667,0.6,0.9636,0.7059,0.8764,14,48,7,6,0.8267,0.7,0.8727,0.6829,0.91,14,48,7,6,0.8267,0.7,0.8727,0.6829,0.9027,18,51,4,2,0.92,0.9,0.9273,0.8571,0.9264,12,48,7,8,0.8,0.6,0.8727,0.6154,0.8664
542,21,40,10,3,0.8243,0.875,0.8,0.7636,0.8867,18,43,7,6,0.8243,0.75,0.86,0.7347,0.8567,21,46,4,3,0.9054,0.875,0.92,0.8571,0.8792,18,40,10,6,0.7838,0.75,0.8,0.6923,0.8492,18,44,6,6,0.8378,0.75,0.88,0.75,0.8425,18,45,5,6,0.8514,0.75,0.9,0.766,0.8567,18,43,7,6,0.8243,0.75,0.86,0.7347,0.8458,17,46,7,5,0.84,0.7727,0.8679,0.7391,0.9039,16,46,7,6,0.8267,0.7273,0.8679,0.7111,0.9194,12,50,3,10,0.8267,0.5455,0.9434,0.6486,0.7727,16,45,8,6,0.8133,0.7273,0.8491,0.6957,0.9005,15,43,10,7,0.7733,0.6818,0.8113,0.6383,0.8859,17,45,8,5,0.8267,0.7727,0.8491,0.7234,0.8825,15,45,8,7,0.8,0.6818,0.8491,0.6667,0.8645
543,27,29,14,4,0.7568,0.871,0.6744,0.75,0.8635,21,35,8,10,0.7568,0.6774,0.814,0.7,0.8507,20,37,6,11,0.7703,0.6452,0.8605,0.7018,0.8012,17,35,8,14,0.7027,0.5484,0.814,0.6071,0.8192,19,35,8,12,0.7297,0.6129,0.814,0.6552,0.8297,22,34,9,9,0.7568,0.7097,0.7907,0.7097,0.8447,19,36,7,12,0.7432,0.6129,0.8372,0.6667,0.8342,17,46,6,6,0.84,0.7391,0.8846,0.7391,0.9222,13,48,4,10,0.8133,0.5652,0.9231,0.65,0.9457,13,49,3,10,0.8267,0.5652,0.9423,0.6667,0.8077,13,46,6,10,0.7867,0.5652,0.8846,0.619,0.9022,13,43,9,10,0.7467,0.5652,0.8269,0.5778,0.9072,16,45,7,7,0.8133,0.6957,0.8654,0.6957,0.9097,13,46,6,10,0.7867,0.5652,0.8846,0.619,0.8704
544,31,27,11,5,0.7838,0.8611,0.7105,0.7949,0.8092,24,27,11,12,0.6892,0.6667,0.7105,0.6761,0.723,24,35,3,12,0.7973,0.6667,0.9211,0.7619,0.8363,19,27,11,17,0.6216,0.5278,0.7105,0.5758,0.7339,21,29,9,15,0.6757,0.5833,0.7632,0.6364,0.7478,27,30,8,9,0.7703,0.75,0.7895,0.7606,0.8012,21,29,9,15,0.6757,0.5833,0.7632,0.6364,0.7025,14,52,7,2,0.88,0.875,0.8814,0.7568,0.946,11,55,4,5,0.88,0.6875,0.9322,0.7097,0.9735,8,56,3,8,0.8533,0.5,0.9492,0.5926,0.8962,11,52,7,5,0.84,0.6875,0.8814,0.6471,0.9502,11,51,8,5,0.8267,0.6875,0.8644,0.6286,0.9439,14,54,5,2,0.9067,0.875,0.9153,0.8,0.9449,11,52,7,5,0.84,0.6875,0.8814,0.6471,0.9047
545,16,37,16,5,0.7162,0.7619,0.6981,0.6038,0.7655,14,44,9,7,0.7838,0.6667,0.8302,0.6364,0.7367,16,45,8,5,0.8243,0.7619,0.8491,0.7111,0.796,11,41,12,10,0.7027,0.5238,0.7736,0.5,0.7179,14,42,11,7,0.7568,0.6667,0.7925,0.6087,0.7287,13,44,9,8,0.7703,0.619,0.8302,0.6047,0.7206,14,42,11,7,0.7568,0.6667,0.7925,0.6087,0.7251,19,48,4,4,0.8933,0.8261,0.9231,0.8261,0.9072,11,49,3,12,0.8,0.4783,0.9423,0.5946,0.9181,7,51,1,16,0.7733,0.3043,0.9808,0.4516,0.7843,12,47,5,11,0.7867,0.5217,0.9038,0.6,0.8888,8,47,5,15,0.7333,0.3478,0.9038,0.4444,0.8637,16,50,2,7,0.88,0.6957,0.9615,0.7805,0.8821,7,47,5,16,0.72,0.3043,0.9038,0.4,0.8462
546,20,33,20,1,0.7162,0.9524,0.6226,0.6557,0.9155,17,39,14,4,0.7568,0.8095,0.7358,0.6538,0.8715,18,49,4,3,0.9054,0.8571,0.9245,0.8372,0.9614,15,43,10,6,0.7838,0.7143,0.8113,0.6522,0.8616,16,43,10,5,0.7973,0.7619,0.8113,0.6809,0.8994,17,47,6,4,0.8649,0.8095,0.8868,0.7727,0.9236,16,45,8,5,0.8243,0.7619,0.8491,0.7111,0.8544,18,49,6,2,0.8933,0.9,0.8909,0.8182,0.8936,7,48,7,13,0.7333,0.35,0.8727,0.4118,0.8691,8,52,3,12,0.8,0.4,0.9455,0.5161,0.7664,10,48,7,10,0.7733,0.5,0.8727,0.5405,0.8591,10,46,9,10,0.7467,0.5,0.8364,0.5128,0.8364,14,47,8,6,0.8133,0.7,0.8545,0.6667,0.8327,7,48,7,13,0.7333,0.35,0.8727,0.4118,0.8364
547,27,31,15,1,0.7838,0.9643,0.6739,0.7714,0.9076,20,39,7,8,0.7973,0.7143,0.8478,0.7273,0.8269,22,38,8,6,0.8108,0.7857,0.8261,0.7586,0.9045,19,37,9,9,0.7568,0.6786,0.8043,0.6786,0.8362,18,38,8,10,0.7568,0.6429,0.8261,0.6667,0.8354,24,39,7,4,0.8514,0.8571,0.8478,0.8136,0.8866,18,38,8,10,0.7568,0.6429,0.8261,0.6667,0.8113,18,50,5,2,0.9067,0.9,0.9091,0.8372,0.9364,11,50,5,9,0.8133,0.55,0.9091,0.6111,0.9327,12,54,1,8,0.88,0.6,0.9818,0.7273,0.8545,13,50,5,7,0.84,0.65,0.9091,0.6842,0.9309,13,50,5,7,0.84,0.65,0.9091,0.6842,0.9082,17,50,5,3,0.8933,0.85,0.9091,0.8095,0.9227,11,50,5,9,0.8133,0.55,0.9091,0.6111,0.8945
548,26,35,11,2,0.8243,0.9286,0.7609,0.8,0.9581,25,38,8,3,0.8514,0.8929,0.8261,0.8197,0.9193,26,42,4,2,0.9189,0.9286,0.913,0.8966,0.948,26,37,9,2,0.8514,0.9286,0.8043,0.8254,0.9371,25,41,5,3,0.8919,0.8929,0.8913,0.8621,0.9301,25,39,7,3,0.8649,0.8929,0.8478,0.8333,0.9472,25,39,7,3,0.8649,0.8929,0.8478,0.8333,0.896,14,51,3,7,0.8667,0.6667,0.9444,0.7368,0.8536,12,50,4,9,0.8267,0.5714,0.9259,0.6486,0.8695,10,51,3,11,0.8133,0.4762,0.9444,0.5882,0.7046,13,50,4,8,0.84,0.619,0.9259,0.6842,0.8422,11,49,5,10,0.8,0.5238,0.9074,0.5946,0.8369,13,50,4,8,0.84,0.619,0.9259,0.6842,0.8377,10,50,4,11,0.8,0.4762,0.9259,0.5714,0.7937
549,25,29,17,3,0.7297,0.8929,0.6304,0.7143,0.8548,22,36,10,6,0.7838,0.7857,0.7826,0.7333,0.8012,20,39,7,8,0.7973,0.7143,0.8478,0.7273,0.8276,20,34,12,8,0.7297,0.7143,0.7391,0.6667,0.7966,20,35,11,8,0.7432,0.7143,0.7609,0.678,0.7943,22,40,6,6,0.8378,0.7857,0.8696,0.7857,0.8703,20,36,10,8,0.7568,0.7143,0.7826,0.6897,0.7725,17,54,3,1,0.9467,0.9444,0.9474,0.8947,0.9639,12,54,3,6,0.88,0.6667,0.9474,0.7273,0.9717,10,55,2,8,0.8667,0.5556,0.9649,0.6667,0.9639,15,54,3,3,0.92,0.8333,0.9474,0.8333,0.9669,14,53,4,4,0.8933,0.7778,0.9298,0.7778,0.9659,17,53,4,1,0.9333,0.9444,0.9298,0.8718,0.9727,11,54,3,7,0.8667,0.6111,0.9474,0.6875,0.9327
550,24,32,14,4,0.7568,0.8571,0.6957,0.7273,0.7997,19,37,9,9,0.7568,0.6786,0.8043,0.6786,0.7484,16,40,6,12,0.7568,0.5714,0.8696,0.64,0.7601,15,39,7,13,0.7297,0.5357,0.8478,0.6,0.7314,16,39,7,12,0.7432,0.5714,0.8478,0.6275,0.7484,20,37,9,8,0.7703,0.7143,0.8043,0.7018,0.7725,16,39,7,12,0.7432,0.5714,0.8478,0.6275,0.7376,19,48,6,2,0.8933,0.9048,0.8889,0.8261,0.9312,11,49,5,10,0.8,0.5238,0.9074,0.5946,0.9233,6,52,2,15,0.7733,0.2857,0.963,0.4138,0.8245,14,48,6,7,0.8267,0.6667,0.8889,0.6829,0.9065,11,46,8,10,0.76,0.5238,0.8519,0.55,0.8986,16,47,7,5,0.84,0.7619,0.8704,0.7273,0.8757,8,48,6,13,0.7467,0.381,0.8889,0.4571,0.8871
551,29,28,14,3,0.7703,0.9062,0.6667,0.7733,0.8609,24,35,7,8,0.7973,0.75,0.8333,0.7619,0.872,29,38,4,3,0.9054,0.9062,0.9048,0.8923,0.8936,24,33,9,8,0.7703,0.75,0.7857,0.7385,0.8683,24,30,12,8,0.7297,0.75,0.7143,0.7059,0.8534,23,36,6,9,0.7973,0.7188,0.8571,0.7541,0.8564,24,33,9,8,0.7703,0.75,0.7857,0.7385,0.8542,18,52,3,2,0.9333,0.9,0.9455,0.878,0.9082,14,51,4,6,0.8667,0.7,0.9273,0.7368,0.9191,12,53,2,8,0.8667,0.6,0.9636,0.7059,0.8191,16,51,4,4,0.8933,0.8,0.9273,0.8,0.9082,15,50,5,5,0.8667,0.75,0.9091,0.75,0.8691,16,51,4,4,0.8933,0.8,0.9273,0.8,0.8827,13,51,4,7,0.8533,0.65,0.9273,0.7027,0.8609
552,25,33,10,6,0.7838,0.8065,0.7674,0.7576,0.8192,23,37,6,8,0.8108,0.7419,0.8605,0.7667,0.8147,22,40,3,9,0.8378,0.7097,0.9302,0.7857,0.7772,21,34,9,10,0.7432,0.6774,0.7907,0.6885,0.7967,22,39,4,9,0.8243,0.7097,0.907,0.7719,0.808,23,36,7,8,0.7973,0.7419,0.8372,0.7541,0.8237,22,36,7,9,0.7838,0.7097,0.8372,0.7333,0.7899,20,48,6,1,0.9067,0.9524,0.8889,0.8511,0.9242,16,48,6,5,0.8533,0.7619,0.8889,0.7442,0.9259,13,50,4,8,0.84,0.619,0.9259,0.6842,0.8845,17,47,7,4,0.8533,0.8095,0.8704,0.7556,0.9189,16,44,10,5,0.8,0.7619,0.8148,0.6809,0.8933,19,46,8,2,0.8667,0.9048,0.8519,0.7917,0.918,15,47,7,6,0.8267,0.7143,0.8704,0.6977,0.8642
553,24,28,20,2,0.7027,0.9231,0.5833,0.6857,0.8438,21,31,17,5,0.7027,0.8077,0.6458,0.6562,0.7572,22,39,9,4,0.8243,0.8462,0.8125,0.7719,0.895,19,31,17,7,0.6757,0.7308,0.6458,0.6129,0.7796,20,34,14,6,0.7297,0.7692,0.7083,0.6667,0.7877,22,34,14,4,0.7568,0.8462,0.7083,0.7097,0.8534,20,33,15,6,0.7162,0.7692,0.6875,0.6557,0.7508,18,47,5,5,0.8667,0.7826,0.9038,0.7826,0.9172,10,47,5,13,0.76,0.4348,0.9038,0.5263,0.9172,12,51,1,11,0.84,0.5217,0.9808,0.6667,0.8395,15,46,6,8,0.8133,0.6522,0.8846,0.6818,0.8888,14,45,7,9,0.7867,0.6087,0.8654,0.6364,0.893,18,47,5,5,0.8667,0.7826,0.9038,0.7826,0.9231,9,46,6,14,0.7333,0.3913,0.8846,0.4737,0.8679
554,13,43,13,5,0.7568,0.7222,0.7679,0.5909,0.7728,10,49,7,8,0.7973,0.5556,0.875,0.5714,0.7093,12,53,3,6,0.8784,0.6667,0.9464,0.7273,0.7599,9,47,9,9,0.7568,0.5,0.8393,0.5,0.6806,9,49,7,9,0.7838,0.5,0.875,0.5294,0.6855,10,50,6,8,0.8108,0.5556,0.8929,0.5882,0.7202,9,47,9,9,0.7568,0.5,0.8393,0.5,0.7232,15,53,4,3,0.9067,0.8333,0.9298,0.8108,0.9172,10,53,4,8,0.84,0.5556,0.9298,0.625,0.9376,9,56,1,9,0.8667,0.5,0.9825,0.6429,0.8713,11,52,5,7,0.84,0.6111,0.9123,0.6471,0.9201,10,51,6,8,0.8133,0.5556,0.8947,0.5882,0.9045,14,53,4,4,0.8933,0.7778,0.9298,0.7778,0.9123,9,52,5,9,0.8133,0.5,0.9123,0.5625,0.8704
555,23,35,15,1,0.7838,0.9583,0.7,0.7419,0.9667,21,39,11,3,0.8108,0.875,0.78,0.75,0.8967,21,40,10,3,0.8243,0.875,0.8,0.7636,0.8833,22,39,11,2,0.8243,0.9167,0.78,0.7719,0.9267,21,39,11,3,0.8108,0.875,0.78,0.75,0.9108,21,41,9,3,0.8378,0.875,0.82,0.7778,0.9408,21,39,11,3,0.8108,0.875,0.78,0.75,0.8625,17,55,2,1,0.96,0.9444,0.9649,0.9189,0.9435,11,53,4,7,0.8533,0.6111,0.9298,0.6667,0.9298,13,55,2,5,0.9067,0.7222,0.9649,0.7879,0.8938,16,53,4,2,0.92,0.8889,0.9298,0.8421,0.9318,16,52,5,2,0.9067,0.8889,0.9123,0.8205,0.9181,16,54,3,2,0.9333,0.8889,0.9474,0.8649,0.9152,11,53,4,7,0.8533,0.6111,0.9298,0.6667,0.8869
556,25,36,10,3,0.8243,0.8929,0.7826,0.7937,0.9301,21,44,2,7,0.8784,0.75,0.9565,0.8235,0.9193,24,45,1,4,0.9324,0.8571,0.9783,0.9057,0.9379,20,43,3,8,0.8514,0.7143,0.9348,0.7843,0.896,20,42,4,8,0.8378,0.7143,0.913,0.7692,0.8812,21,44,2,7,0.8784,0.75,0.9565,0.8235,0.92,20,44,2,8,0.8649,0.7143,0.9565,0.8,0.9161,15,55,4,1,0.9333,0.9375,0.9322,0.8571,0.9492,8,55,4,8,0.84,0.5,0.9322,0.5714,0.9523,11,56,3,5,0.8933,0.6875,0.9492,0.7333,0.9068,12,55,4,4,0.8933,0.75,0.9322,0.75,0.9523,11,55,4,5,0.88,0.6875,0.9322,0.7097,0.9523,14,55,4,2,0.92,0.875,0.9322,0.8235,0.9407,7,55,4,9,0.8267,0.4375,0.9322,0.5185,0.9354
557,18,37,15,4,0.7432,0.8182,0.7115,0.6545,0.8339,16,45,7,6,0.8243,0.7273,0.8654,0.7111,0.7902,16,45,7,6,0.8243,0.7273,0.8654,0.7111,0.8059,16,43,9,6,0.7973,0.7273,0.8269,0.6809,0.8024,15,43,9,7,0.7838,0.6818,0.8269,0.6522,0.7858,18,45,7,4,0.8514,0.8182,0.8654,0.766,0.8313,15,43,9,7,0.7838,0.6818,0.8269,0.6522,0.7631,22,39,8,6,0.8133,0.7857,0.8298,0.7586,0.826,13,39,8,15,0.6933,0.4643,0.8298,0.5306,0.8176,14,43,4,14,0.76,0.5,0.9149,0.6087,0.8055,15,37,10,13,0.6933,0.5357,0.7872,0.566,0.7918,15,37,10,13,0.6933,0.5357,0.7872,0.566,0.8024,22,41,6,6,0.84,0.7857,0.8723,0.7857,0.8389,13,37,10,15,0.6667,0.4643,0.7872,0.5098,0.7561
558,32,25,17,0,0.7703,1.0,0.5952,0.7901,0.9278,26,35,7,6,0.8243,0.8125,0.8333,0.8,0.8698,24,35,7,8,0.7973,0.75,0.8333,0.7619,0.878,24,34,8,8,0.7838,0.75,0.8095,0.75,0.8824,24,31,11,8,0.7432,0.75,0.7381,0.7164,0.878,28,33,9,4,0.8243,0.875,0.7857,0.8116,0.9256,24,35,7,8,0.7973,0.75,0.8333,0.7619,0.8705,18,49,5,3,0.8933,0.8571,0.9074,0.8182,0.9215,16,49,5,5,0.8667,0.7619,0.9074,0.7619,0.9198,14,52,2,7,0.88,0.6667,0.963,0.7568,0.8765,17,48,6,4,0.8667,0.8095,0.8889,0.7727,0.8995,15,45,9,6,0.8,0.7143,0.8333,0.6667,0.8951,18,47,7,3,0.8667,0.8571,0.8704,0.7826,0.9189,14,48,6,7,0.8267,0.6667,0.8889,0.6829,0.8721
559,17,35,19,3,0.7027,0.85,0.6481,0.6071,0.8917,16,45,9,4,0.8243,0.8,0.8333,0.7111,0.8694,17,47,7,3,0.8649,0.85,0.8704,0.7727,0.8435,16,40,14,4,0.7568,0.8,0.7407,0.64,0.875,16,41,13,4,0.7703,0.8,0.7593,0.6531,0.8722,16,41,13,4,0.7703,0.8,0.7593,0.6531,0.8074,16,40,14,4,0.7568,0.8,0.7407,0.64,0.8315,14,51,4,6,0.8667,0.7,0.9273,0.7368,0.8673,11,50,5,9,0.8133,0.55,0.9091,0.6111,0.8636,9,54,1,11,0.84,0.45,0.9818,0.6,0.7064,11,50,5,9,0.8133,0.55,0.9091,0.6111,0.8636,11,49,6,9,0.8,0.55,0.8909,0.5946,0.83,12,50,5,8,0.8267,0.6,0.9091,0.6486,0.8145,11,50,5,9,0.8133,0.55,0.9091,0.6111,0.8036
560,27,27,17,3,0.7297,0.9,0.6136,0.7297,0.8644,24,32,12,6,0.7568,0.8,0.7273,0.7273,0.8083,21,39,5,9,0.8108,0.7,0.8864,0.75,0.8742,20,33,11,10,0.7162,0.6667,0.75,0.6557,0.8053,19,33,11,11,0.7027,0.6333,0.75,0.6333,0.7902,25,39,5,5,0.8649,0.8333,0.8864,0.8333,0.9023,19,34,10,11,0.7162,0.6333,0.7727,0.6441,0.7788,17,45,9,4,0.8267,0.8095,0.8333,0.7234,0.8563,10,46,8,11,0.7467,0.4762,0.8519,0.5128,0.8668,10,49,5,11,0.7867,0.4762,0.9074,0.5556,0.7337,14,44,10,7,0.7733,0.6667,0.8148,0.6222,0.8333,13,43,11,8,0.7467,0.619,0.7963,0.5778,0.8351,16,46,8,5,0.8267,0.7619,0.8519,0.7111,0.836,9,44,10,12,0.7067,0.4286,0.8148,0.45,0.8042
561,25,32,12,5,0.7703,0.8333,0.7273,0.7463,0.8697,22,34,10,8,0.7568,0.7333,0.7727,0.7097,0.8227,24,39,5,6,0.8514,0.8,0.8864,0.8136,0.8205,23,34,10,7,0.7703,0.7667,0.7727,0.7302,0.8462,22,36,8,8,0.7838,0.7333,0.8182,0.7333,0.8152,23,35,9,7,0.7838,0.7667,0.7955,0.7419,0.8576,22,36,8,8,0.7838,0.7333,0.8182,0.7333,0.8053,21,47,5,2,0.9067,0.913,0.9038,0.8571,0.939,15,48,4,8,0.84,0.6522,0.9231,0.7143,0.9431,16,51,1,7,0.8933,0.6957,0.9808,0.8,0.862,17,46,6,6,0.84,0.7391,0.8846,0.7391,0.9264,17,45,7,6,0.8267,0.7391,0.8654,0.7234,0.9164,19,48,4,4,0.8933,0.8261,0.9231,0.8261,0.913,15,46,6,8,0.8133,0.6522,0.8846,0.6818,0.9022
562,17,36,18,3,0.7162,0.85,0.6667,0.6182,0.8491,16,41,13,4,0.7703,0.8,0.7593,0.6531,0.8259,14,46,8,6,0.8108,0.7,0.8519,0.6667,0.8333,14,40,14,6,0.7297,0.7,0.7407,0.5833,0.8241,15,44,10,5,0.7973,0.75,0.8148,0.6667,0.8444,15,43,11,5,0.7838,0.75,0.7963,0.6522,0.8676,15,45,9,5,0.8108,0.75,0.8333,0.6818,0.7907,17,49,6,3,0.88,0.85,0.8909,0.7907,0.9145,11,52,3,9,0.84,0.55,0.9455,0.6471,0.9345,9,54,1,11,0.84,0.45,0.9818,0.6,0.8155,12,49,6,8,0.8133,0.6,0.8909,0.6316,0.8982,11,47,8,9,0.7733,0.55,0.8545,0.5641,0.8964,16,50,5,4,0.88,0.8,0.9091,0.7805,0.9009,10,49,6,10,0.7867,0.5,0.8909,0.5556,0.8727
563,18,38,12,6,0.7568,0.75,0.76,0.6667,0.8442,17,42,8,7,0.7973,0.7083,0.84,0.6939,0.8275,17,45,5,7,0.8378,0.7083,0.9,0.7391,0.7867,17,42,8,7,0.7973,0.7083,0.84,0.6939,0.8108,17,43,7,7,0.8108,0.7083,0.86,0.7083,0.8158,16,44,6,8,0.8108,0.6667,0.88,0.6957,0.845,17,43,7,7,0.8108,0.7083,0.86,0.7083,0.8092,11,58,4,2,0.92,0.8462,0.9355,0.7857,0.9144,7,57,5,6,0.8533,0.5385,0.9194,0.56,0.9057,5,60,2,8,0.8667,0.3846,0.9677,0.5,0.737,7,56,6,6,0.84,0.5385,0.9032,0.5385,0.8945,7,54,8,6,0.8133,0.5385,0.871,0.5,0.8772,9,57,5,4,0.88,0.6923,0.9194,0.6667,0.8387,7,56,6,6,0.84,0.5385,0.9032,0.5385,0.8759
564,21,35,14,4,0.7568,0.84,0.7143,0.7,0.8612,20,39,10,5,0.7973,0.8,0.7959,0.7273,0.8302,17,42,7,8,0.7973,0.68,0.8571,0.6939,0.8139,17,38,11,8,0.7432,0.68,0.7755,0.6415,0.8204,18,39,10,7,0.7703,0.72,0.7959,0.6792,0.8318,21,41,8,4,0.8378,0.84,0.8367,0.7778,0.8465,18,38,11,7,0.7568,0.72,0.7755,0.6667,0.7894,13,52,7,3,0.8667,0.8125,0.8814,0.7222,0.9004,8,51,8,8,0.7867,0.5,0.8644,0.5,0.9047,9,54,5,7,0.84,0.5625,0.9153,0.6,0.875,11,50,9,5,0.8133,0.6875,0.8475,0.6111,0.8835,11,47,12,5,0.7733,0.6875,0.7966,0.5641,0.8835,13,50,9,3,0.84,0.8125,0.8475,0.6842,0.9025,8,50,9,8,0.7733,0.5,0.8475,0.4848,0.8475
565,20,32,17,5,0.7027,0.8,0.6531,0.6452,0.7273,18,37,12,7,0.7432,0.72,0.7551,0.6545,0.7176,19,40,9,6,0.7973,0.76,0.8163,0.717,0.8016,12,37,12,13,0.6622,0.48,0.7551,0.4898,0.7086,17,37,12,8,0.7297,0.68,0.7551,0.6296,0.729,18,44,5,7,0.8378,0.72,0.898,0.75,0.7853,17,38,11,8,0.7432,0.68,0.7755,0.6415,0.7029,20,41,8,6,0.8133,0.7692,0.8367,0.7407,0.8815,14,42,7,12,0.7467,0.5385,0.8571,0.5957,0.8878,12,44,5,14,0.7467,0.4615,0.898,0.5581,0.6978,16,41,8,10,0.76,0.6154,0.8367,0.64,0.8791,15,41,8,11,0.7467,0.5769,0.8367,0.6122,0.8595,17,42,7,9,0.7867,0.6538,0.8571,0.68,0.8407,13,41,8,13,0.72,0.5,0.8367,0.5532,0.8422
566,28,35,9,2,0.8514,0.9333,0.7955,0.8358,0.9439,24,39,5,6,0.8514,0.8,0.8864,0.8136,0.8962,24,42,2,6,0.8919,0.8,0.9545,0.8571,0.9129,20,39,5,10,0.7973,0.6667,0.8864,0.7273,0.8795,21,39,5,9,0.8108,0.7,0.8864,0.75,0.8636,22,40,4,8,0.8378,0.7333,0.9091,0.7857,0.9129,21,40,4,9,0.8243,0.7,0.9091,0.7636,0.875,17,50,5,3,0.8933,0.85,0.9091,0.8095,0.8609,13,50,5,7,0.84,0.65,0.9091,0.6842,0.8864,13,53,2,7,0.88,0.65,0.9636,0.7429,0.7955,15,49,6,5,0.8533,0.75,0.8909,0.7317,0.8709,14,48,7,6,0.8267,0.7,0.8727,0.6829,0.84,16,50,5,4,0.88,0.8,0.9091,0.7805,0.8627,12,49,6,8,0.8133,0.6,0.8909,0.6316,0.8064
567,21,36,14,3,0.7703,0.875,0.72,0.7119,0.8817,18,40,10,6,0.7838,0.75,0.8,0.6923,0.8525,16,46,4,8,0.8378,0.6667,0.92,0.7273,0.7975,17,41,9,7,0.7838,0.7083,0.82,0.68,0.845,17,42,8,7,0.7973,0.7083,0.84,0.6939,0.8625,19,44,6,5,0.8514,0.7917,0.88,0.7755,0.8808,17,43,7,7,0.8108,0.7083,0.86,0.7083,0.8317,18,49,8,0,0.8933,1.0,0.8596,0.8182,0.96,16,48,9,2,0.8533,0.8889,0.8421,0.7442,0.9552,11,54,3,7,0.8667,0.6111,0.9474,0.6875,0.9201,17,47,10,1,0.8533,0.9444,0.8246,0.7556,0.9581,16,45,12,2,0.8133,0.8889,0.7895,0.6957,0.9454,17,48,9,1,0.8667,0.9444,0.8421,0.7727,0.9337,15,47,10,3,0.8267,0.8333,0.8246,0.6977,0.9288
568,22,36,14,2,0.7838,0.9167,0.72,0.7333,0.8892,21,43,7,3,0.8649,0.875,0.86,0.8077,0.8883,18,45,5,6,0.8514,0.75,0.9,0.766,0.8783,16,40,10,8,0.7568,0.6667,0.8,0.64,0.86,18,41,9,6,0.7973,0.75,0.82,0.7059,0.8808,20,43,7,4,0.8514,0.8333,0.86,0.7843,0.8683,18,41,9,6,0.7973,0.75,0.82,0.7059,0.8508,23,48,3,1,0.9467,0.9583,0.9412,0.92,0.9755,19,43,8,5,0.8267,0.7917,0.8431,0.7451,0.951,17,50,1,7,0.8933,0.7083,0.9804,0.8095,0.9559,21,43,8,3,0.8533,0.875,0.8431,0.7925,0.9518,19,43,8,5,0.8267,0.7917,0.8431,0.7451,0.9477,22,48,3,2,0.9333,0.9167,0.9412,0.898,0.9641,17,43,8,7,0.8,0.7083,0.8431,0.6939,0.933
569,26,30,13,5,0.7568,0.8387,0.6977,0.7429,0.8935,23,35,8,8,0.7838,0.7419,0.814,0.7419,0.841,25,38,5,6,0.8514,0.8065,0.8837,0.8197,0.8372,23,33,10,8,0.7568,0.7419,0.7674,0.7188,0.8297,23,36,7,8,0.7973,0.7419,0.8372,0.7541,0.8312,23,34,9,8,0.7703,0.7419,0.7907,0.7302,0.847,23,34,9,8,0.7703,0.7419,0.7907,0.7302,0.8305,9,56,6,4,0.8667,0.6923,0.9032,0.6429,0.9094,5,57,5,8,0.8267,0.3846,0.9194,0.4348,0.9318,5,57,5,8,0.8267,0.3846,0.9194,0.4348,0.7345,5,56,6,8,0.8133,0.3846,0.9032,0.4167,0.9318,5,56,6,8,0.8133,0.3846,0.9032,0.4167,0.9169,7,57,5,6,0.8533,0.5385,0.9194,0.56,0.8734,5,56,6,8,0.8133,0.3846,0.9032,0.4167,0.8734
570,19,35,18,2,0.7297,0.9048,0.6604,0.6552,0.8904,18,40,13,3,0.7838,0.8571,0.7547,0.6923,0.8356,17,42,11,4,0.7973,0.8095,0.7925,0.6939,0.8913,15,39,14,6,0.7297,0.7143,0.7358,0.6,0.8302,16,37,16,5,0.7162,0.7619,0.6981,0.6038,0.8275,17,44,9,4,0.8243,0.8095,0.8302,0.7234,0.867,16,39,14,5,0.7432,0.7619,0.7358,0.6275,0.8005,14,53,5,3,0.8933,0.8235,0.9138,0.7778,0.9108,7,52,6,10,0.7867,0.4118,0.8966,0.4667,0.9037,9,56,2,8,0.8667,0.5294,0.9655,0.6429,0.7982,10,51,7,7,0.8133,0.5882,0.8793,0.5882,0.8915,10,51,7,7,0.8133,0.5882,0.8793,0.5882,0.8874,12,54,4,5,0.88,0.7059,0.931,0.7273,0.8813,7,51,7,10,0.7733,0.4118,0.8793,0.4516,0.8732
571,29,31,12,2,0.8108,0.9355,0.7209,0.8056,0.9137,26,37,6,5,0.8514,0.8387,0.8605,0.8254,0.9092,23,41,2,8,0.8649,0.7419,0.9535,0.8214,0.8447,23,35,8,8,0.7838,0.7419,0.814,0.7419,0.8972,24,37,6,7,0.8243,0.7742,0.8605,0.7869,0.901,25,36,7,6,0.8243,0.8065,0.8372,0.7937,0.8882,24,36,7,7,0.8108,0.7742,0.8372,0.7742,0.8807,17,50,6,2,0.8933,0.8947,0.8929,0.8095,0.9286,15,51,5,4,0.88,0.7895,0.9107,0.7692,0.9408,13,54,2,6,0.8933,0.6842,0.9643,0.7647,0.8853,16,49,7,3,0.8667,0.8421,0.875,0.7619,0.9239,15,47,9,4,0.8267,0.7895,0.8393,0.6977,0.9088,17,50,6,2,0.8933,0.8947,0.8929,0.8095,0.9295,14,49,7,5,0.84,0.7368,0.875,0.7,0.8882
572,28,27,14,5,0.7432,0.8485,0.6585,0.7467,0.8041,24,35,6,9,0.7973,0.7273,0.8537,0.7619,0.8086,24,37,4,9,0.8243,0.7273,0.9024,0.7869,0.7598,22,31,10,11,0.7162,0.6667,0.7561,0.6769,0.7827,24,33,8,9,0.7703,0.7273,0.8049,0.7385,0.8004,24,34,7,9,0.7838,0.7273,0.8293,0.75,0.8093,24,32,9,9,0.7568,0.7273,0.7805,0.7273,0.7931,19,48,4,4,0.8933,0.8261,0.9231,0.8261,0.9398,16,48,4,7,0.8533,0.6957,0.9231,0.7442,0.9473,13,51,1,10,0.8533,0.5652,0.9808,0.7027,0.8645,17,47,5,6,0.8533,0.7391,0.9038,0.7556,0.9356,15,47,5,8,0.8267,0.6522,0.9038,0.6977,0.9314,19,49,3,4,0.9067,0.8261,0.9423,0.8444,0.9406,14,47,5,9,0.8133,0.6087,0.9038,0.6667,0.8938
573,25,33,12,4,0.7838,0.8621,0.7333,0.7576,0.8805,20,38,7,9,0.7838,0.6897,0.8444,0.7143,0.8383,24,40,5,5,0.8649,0.8276,0.8889,0.8276,0.8843,19,39,6,10,0.7838,0.6552,0.8667,0.7037,0.8176,20,39,6,9,0.7973,0.6897,0.8667,0.7273,0.8215,22,38,7,7,0.8108,0.7586,0.8444,0.7586,0.8651,20,39,6,9,0.7973,0.6897,0.8667,0.7273,0.823,9,57,4,5,0.88,0.6429,0.9344,0.6667,0.9075,6,58,3,8,0.8533,0.4286,0.9508,0.5217,0.9297,4,61,0,10,0.8667,0.2857,1.0,0.4444,0.7845,6,56,5,8,0.8267,0.4286,0.918,0.48,0.9028,5,55,6,9,0.8,0.3571,0.9016,0.4,0.8852,8,58,3,6,0.88,0.5714,0.9508,0.64,0.8946,5,56,5,9,0.8133,0.3571,0.918,0.4167,0.8513
574,24,34,15,1,0.7838,0.96,0.6939,0.75,0.9306,21,39,10,4,0.8108,0.84,0.7959,0.75,0.9004,20,41,8,5,0.8243,0.8,0.8367,0.7547,0.8784,20,36,13,5,0.7568,0.8,0.7347,0.6897,0.9012,21,39,10,4,0.8108,0.84,0.7959,0.75,0.9069,21,42,7,4,0.8514,0.84,0.8571,0.7925,0.9298,21,38,11,4,0.7973,0.84,0.7755,0.7368,0.8718,16,48,6,5,0.8533,0.7619,0.8889,0.7442,0.9092,10,47,7,11,0.76,0.4762,0.8704,0.5263,0.9109,10,51,3,11,0.8133,0.4762,0.9444,0.5882,0.8801,13,46,8,8,0.7867,0.619,0.8519,0.619,0.8959,12,45,9,9,0.76,0.5714,0.8333,0.5714,0.8898,15,48,6,6,0.84,0.7143,0.8889,0.7143,0.9101,9,46,8,12,0.7333,0.4286,0.8519,0.4737,0.8483
575,22,27,21,4,0.6622,0.8462,0.5625,0.6377,0.8478,20,36,12,6,0.7568,0.7692,0.75,0.6897,0.8293,22,40,8,4,0.8378,0.8462,0.8333,0.7857,0.8421,20,35,13,6,0.7432,0.7692,0.7292,0.678,0.8309,20,35,13,6,0.7432,0.7692,0.7292,0.678,0.8301,20,37,11,6,0.7703,0.7692,0.7708,0.7018,0.8229,20,35,13,6,0.7432,0.7692,0.7292,0.678,0.7925,17,49,7,2,0.88,0.8947,0.875,0.7907,0.8919,10,50,6,9,0.8,0.5263,0.8929,0.5714,0.8966,10,53,3,9,0.84,0.5263,0.9464,0.625,0.8722,11,49,7,8,0.8,0.5789,0.875,0.5946,0.8769,11,47,9,8,0.7733,0.5789,0.8393,0.5641,0.8618,16,48,8,3,0.8533,0.8421,0.8571,0.7442,0.8929,10,49,7,9,0.7867,0.5263,0.875,0.5556,0.8318
576,23,32,16,3,0.7432,0.8846,0.6667,0.7077,0.859,18,39,9,8,0.7703,0.6923,0.8125,0.6792,0.8141,22,38,10,4,0.8108,0.8462,0.7917,0.7586,0.8373,19,37,11,7,0.7568,0.7308,0.7708,0.6786,0.8069,18,38,10,8,0.7568,0.6923,0.7917,0.6667,0.7909,20,37,11,6,0.7703,0.7692,0.7708,0.7018,0.8373,18,38,10,8,0.7568,0.6923,0.7917,0.6667,0.8237,23,44,5,3,0.8933,0.8846,0.898,0.8519,0.9466,19,45,4,7,0.8533,0.7308,0.9184,0.7755,0.9553,18,48,1,8,0.88,0.6923,0.9796,0.8,0.8995,20,44,5,6,0.8533,0.7692,0.898,0.7843,0.9505,20,44,5,6,0.8533,0.7692,0.898,0.7843,0.9364,22,45,4,4,0.8933,0.8462,0.9184,0.8462,0.9199,19,44,5,7,0.84,0.7308,0.898,0.76,0.9207
577,25,32,16,1,0.7703,0.9615,0.6667,0.7463,0.8982,17,39,9,9,0.7568,0.6538,0.8125,0.6538,0.859,22,41,7,4,0.8514,0.8462,0.8542,0.8,0.9054,19,39,9,7,0.7838,0.7308,0.8125,0.7037,0.8566,16,37,11,10,0.7162,0.6154,0.7708,0.6038,0.8438,23,40,8,3,0.8514,0.8846,0.8333,0.807,0.9079,16,40,8,10,0.7568,0.6154,0.8333,0.64,0.851,14,47,9,5,0.8133,0.7368,0.8393,0.6667,0.8083,10,47,9,9,0.76,0.5263,0.8393,0.5263,0.8543,9,49,7,10,0.7733,0.4737,0.875,0.5143,0.7914,12,46,10,7,0.7733,0.6316,0.8214,0.5854,0.828,11,45,11,8,0.7467,0.5789,0.8036,0.5366,0.8064,14,47,9,5,0.8133,0.7368,0.8393,0.6667,0.8318,9,46,10,10,0.7333,0.4737,0.8214,0.4737,0.7481
578,25,27,17,5,0.7027,0.8333,0.6136,0.6944,0.7833,20,35,9,10,0.7432,0.6667,0.7955,0.678,0.7447,21,36,8,9,0.7703,0.7,0.8182,0.7119,0.8159,16,34,10,14,0.6757,0.5333,0.7727,0.5714,0.75,18,35,9,12,0.7162,0.6,0.7955,0.6316,0.722,20,35,9,10,0.7432,0.6667,0.7955,0.678,0.797,18,34,10,12,0.7027,0.6,0.7727,0.6207,0.7121,16,51,5,3,0.8933,0.8421,0.9107,0.8,0.907,12,51,5,7,0.84,0.6316,0.9107,0.6667,0.9211,12,52,4,7,0.8533,0.6316,0.9286,0.6857,0.8891,14,51,5,5,0.8667,0.7368,0.9107,0.7368,0.906,14,48,8,5,0.8267,0.7368,0.8571,0.6829,0.8985,16,48,8,3,0.8533,0.8421,0.8571,0.7442,0.9023,12,51,5,7,0.84,0.6316,0.9107,0.6667,0.8637
579,22,32,16,4,0.7297,0.8462,0.6667,0.6875,0.8774,17,43,5,9,0.8108,0.6538,0.8958,0.7083,0.8478,19,42,6,7,0.8243,0.7308,0.875,0.7451,0.8758,17,42,6,9,0.7973,0.6538,0.875,0.6939,0.8293,15,42,6,11,0.7703,0.5769,0.875,0.6383,0.8309,19,42,6,7,0.8243,0.7308,0.875,0.7451,0.8886,15,43,5,11,0.7838,0.5769,0.8958,0.6522,0.8349,23,44,6,2,0.8933,0.92,0.88,0.8519,0.9128,16,44,6,9,0.8,0.64,0.88,0.6809,0.92,12,47,3,13,0.7867,0.48,0.94,0.6,0.8704,18,44,6,7,0.8267,0.72,0.88,0.7347,0.9136,16,44,6,9,0.8,0.64,0.88,0.6809,0.9024,23,44,6,2,0.8933,0.92,0.88,0.8519,0.9112,14,44,6,11,0.7733,0.56,0.88,0.6222,0.8864
580,26,35,11,2,0.8243,0.9286,0.7609,0.8,0.9037,18,41,5,10,0.7973,0.6429,0.8913,0.7059,0.8432,25,41,5,3,0.8919,0.8929,0.8913,0.8621,0.8812,23,38,8,5,0.8243,0.8214,0.8261,0.7797,0.8649,18,41,5,10,0.7973,0.6429,0.8913,0.7059,0.8486,23,40,6,5,0.8514,0.8214,0.8696,0.807,0.8866,18,40,6,10,0.7838,0.6429,0.8696,0.6923,0.847,15,53,6,1,0.9067,0.9375,0.8983,0.8108,0.929,12,54,5,4,0.88,0.75,0.9153,0.7273,0.9333,12,56,3,4,0.9067,0.75,0.9492,0.7742,0.9047,13,53,6,3,0.88,0.8125,0.8983,0.7429,0.9227,13,52,7,3,0.8667,0.8125,0.8814,0.7222,0.9047,15,53,6,1,0.9067,0.9375,0.8983,0.8108,0.9237,12,53,6,4,0.8667,0.75,0.8983,0.7059,0.8792
581,24,39,9,2,0.8514,0.9231,0.8125,0.8136,0.9455,19,42,6,7,0.8243,0.7308,0.875,0.7451,0.8782,23,43,5,3,0.8919,0.8846,0.8958,0.8519,0.9247,19,41,7,7,0.8108,0.7308,0.8542,0.7308,0.8886,19,43,5,7,0.8378,0.7308,0.8958,0.76,0.8734,18,40,8,8,0.7838,0.6923,0.8333,0.6923,0.887,19,42,6,7,0.8243,0.7308,0.875,0.7451,0.8686,11,58,5,1,0.92,0.9167,0.9206,0.7857,0.9484,5,57,6,7,0.8267,0.4167,0.9048,0.4348,0.918,2,63,0,10,0.8667,0.1667,1.0,0.2857,0.8228,7,55,8,5,0.8267,0.5833,0.873,0.5185,0.8889,4,55,8,8,0.7867,0.3333,0.873,0.3333,0.8889,9,60,3,3,0.92,0.75,0.9524,0.75,0.8876,2,55,8,10,0.76,0.1667,0.873,0.1818,0.8704
582,20,39,12,3,0.7973,0.8696,0.7647,0.7273,0.861,16,44,7,7,0.8108,0.6957,0.8627,0.6957,0.8355,19,46,5,4,0.8784,0.8261,0.902,0.8085,0.8389,16,41,10,7,0.7703,0.6957,0.8039,0.6531,0.8355,15,43,8,8,0.7838,0.6522,0.8431,0.6522,0.8389,18,42,9,5,0.8108,0.7826,0.8235,0.72,0.8099,15,43,8,8,0.7838,0.6522,0.8431,0.6522,0.8261,17,48,7,3,0.8667,0.85,0.8727,0.7727,0.9127,13,51,4,7,0.8533,0.65,0.9273,0.7027,0.9273,13,53,2,7,0.88,0.65,0.9636,0.7429,0.84,15,48,7,5,0.84,0.75,0.8727,0.7143,0.9055,13,47,8,7,0.8,0.65,0.8545,0.6341,0.8927,16,50,5,4,0.88,0.8,0.9091,0.7805,0.9109,11,48,7,9,0.7867,0.55,0.8727,0.5789,0.86
583,27,29,17,1,0.7568,0.9643,0.6304,0.75,0.9169,23,36,10,5,0.7973,0.8214,0.7826,0.7541,0.8377,26,39,7,2,0.8784,0.9286,0.8478,0.8525,0.9185,23,36,10,5,0.7973,0.8214,0.7826,0.7541,0.8486,23,36,10,5,0.7973,0.8214,0.7826,0.7541,0.8315,21,37,9,7,0.7838,0.75,0.8043,0.7241,0.8773,23,37,9,5,0.8108,0.8214,0.8043,0.7667,0.8393,19,47,5,4,0.88,0.8261,0.9038,0.8085,0.898,16,47,5,7,0.84,0.6957,0.9038,0.7273,0.9323,15,49,3,8,0.8533,0.6522,0.9423,0.7317,0.8219,17,47,5,6,0.8533,0.7391,0.9038,0.7556,0.9247,17,47,5,6,0.8533,0.7391,0.9038,0.7556,0.8871,19,47,5,4,0.88,0.8261,0.9038,0.8085,0.9147,16,47,5,7,0.84,0.6957,0.9038,0.7273,0.8654
584,19,33,19,3,0.7027,0.8636,0.6346,0.6333,0.8706,16,44,8,6,0.8108,0.7273,0.8462,0.6957,0.8392,16,44,8,6,0.8108,0.7273,0.8462,0.6957,0.8409,16,42,10,6,0.7838,0.7273,0.8077,0.6667,0.8339,15,43,9,7,0.7838,0.6818,0.8269,0.6522,0.8322,19,41,11,3,0.8108,0.8636,0.7885,0.7308,0.8663,15,44,8,7,0.7973,0.6818,0.8462,0.6667,0.833,20,43,2,10,0.84,0.6667,0.9556,0.7692,0.8489,14,42,3,16,0.7467,0.4667,0.9333,0.5957,0.8837,12,44,1,18,0.7467,0.4,0.9778,0.5581,0.7096,15,42,3,15,0.76,0.5,0.9333,0.625,0.8519,13,42,3,17,0.7333,0.4333,0.9333,0.5652,0.8378,18,43,2,12,0.8133,0.6,0.9556,0.72,0.8319,12,42,3,18,0.72,0.4,0.9333,0.5333,0.7941
585,26,37,8,3,0.8514,0.8966,0.8222,0.8254,0.8973,22,40,5,7,0.8378,0.7586,0.8889,0.7857,0.8782,20,40,5,9,0.8108,0.6897,0.8889,0.7407,0.9142,15,38,7,14,0.7162,0.5172,0.8444,0.5882,0.8383,19,40,5,10,0.7973,0.6552,0.8889,0.717,0.8651,24,40,5,5,0.8649,0.8276,0.8889,0.8276,0.8713,19,39,6,10,0.7838,0.6552,0.8667,0.7037,0.8421,16,57,1,1,0.9733,0.9412,0.9828,0.9412,0.9817,12,57,1,5,0.92,0.7059,0.9828,0.8,0.9807,11,57,1,6,0.9067,0.6471,0.9828,0.7586,0.929,13,57,1,4,0.9333,0.7647,0.9828,0.8387,0.9797,13,56,2,4,0.92,0.7647,0.9655,0.8125,0.9736,14,56,2,3,0.9333,0.8235,0.9655,0.8485,0.9594,12,57,1,5,0.92,0.7059,0.9828,0.8,0.9645
586,24,37,10,3,0.8243,0.8889,0.7872,0.7869,0.9046,19,40,7,8,0.7973,0.7037,0.8511,0.717,0.8101,23,44,3,4,0.9054,0.8519,0.9362,0.8679,0.9054,18,40,7,9,0.7838,0.6667,0.8511,0.6923,0.8306,18,40,7,9,0.7838,0.6667,0.8511,0.6923,0.7967,19,40,7,8,0.7973,0.7037,0.8511,0.717,0.8526,18,40,7,9,0.7838,0.6667,0.8511,0.6923,0.7833,15,52,5,3,0.8933,0.8333,0.9123,0.7895,0.9045,11,53,4,7,0.8533,0.6111,0.9298,0.6667,0.923,9,54,3,9,0.84,0.5,0.9474,0.6,0.847,12,52,5,6,0.8533,0.6667,0.9123,0.6857,0.9084,11,52,5,7,0.84,0.6111,0.9123,0.6471,0.9035,14,53,4,4,0.8933,0.7778,0.9298,0.7778,0.9006,10,52,5,8,0.8267,0.5556,0.9123,0.6061,0.8762
587,23,43,7,1,0.8919,0.9583,0.86,0.8519,0.9558,22,46,4,2,0.9189,0.9167,0.92,0.88,0.9533,19,48,2,5,0.9054,0.7917,0.96,0.8444,0.865,21,45,5,3,0.8919,0.875,0.9,0.84,0.95,22,46,4,2,0.9189,0.9167,0.92,0.88,0.955,22,46,4,2,0.9189,0.9167,0.92,0.88,0.9392,22,46,4,2,0.9189,0.9167,0.92,0.88,0.935,19,47,5,4,0.88,0.8261,0.9038,0.8085,0.8846,13,48,4,10,0.8133,0.5652,0.9231,0.65,0.9114,13,49,3,10,0.8267,0.5652,0.9423,0.6667,0.8495,16,47,5,7,0.84,0.6957,0.9038,0.7273,0.8905,16,46,6,7,0.8267,0.6957,0.8846,0.7111,0.8737,19,47,5,4,0.88,0.8261,0.9038,0.8085,0.9005,13,47,5,10,0.8,0.5652,0.9038,0.6341,0.8495
588,22,32,16,4,0.7297,0.8462,0.6667,0.6875,0.8478,19,37,11,7,0.7568,0.7308,0.7708,0.6786,0.7973,19,40,8,7,0.7973,0.7308,0.8333,0.717,0.8309,17,35,13,9,0.7027,0.6538,0.7292,0.6071,0.7893,18,37,11,8,0.7432,0.6923,0.7708,0.6545,0.8037,19,38,10,7,0.7703,0.7308,0.7917,0.6909,0.8061,18,37,11,8,0.7432,0.6923,0.7708,0.6545,0.7724,15,56,3,1,0.9467,0.9375,0.9492,0.8824,0.9714,11,54,5,5,0.8667,0.6875,0.9153,0.6875,0.9576,12,57,2,4,0.92,0.75,0.9661,0.8,0.9216,13,54,5,3,0.8933,0.8125,0.9153,0.7647,0.9534,13,53,6,3,0.88,0.8125,0.8983,0.7429,0.9544,15,55,4,1,0.9333,0.9375,0.9322,0.8571,0.9597,11,54,5,5,0.8667,0.6875,0.9153,0.6875,0.9206
589,19,36,17,2,0.7432,0.9048,0.6792,0.6667,0.8949,16,41,12,5,0.7703,0.7619,0.7736,0.6531,0.8104,16,45,8,5,0.8243,0.7619,0.8491,0.7111,0.8589,16,40,13,5,0.7568,0.7619,0.7547,0.64,0.8266,15,42,11,6,0.7703,0.7143,0.7925,0.6383,0.8095,17,44,9,4,0.8243,0.8095,0.8302,0.7234,0.8715,15,42,11,6,0.7703,0.7143,0.7925,0.6383,0.7754,15,50,6,4,0.8667,0.7895,0.8929,0.75,0.8976,10,50,6,9,0.8,0.5263,0.8929,0.5714,0.89,10,53,3,9,0.84,0.5263,0.9464,0.625,0.7068,11,50,6,8,0.8133,0.5789,0.8929,0.6111,0.8806,10,48,8,9,0.7733,0.5263,0.8571,0.5405,0.8628,13,48,8,6,0.8133,0.6842,0.8571,0.65,0.828,9,50,6,10,0.7867,0.4737,0.8929,0.5294,0.828
590,20,41,10,3,0.8243,0.8696,0.8039,0.7547,0.8943,20,45,6,3,0.8784,0.8696,0.8824,0.8163,0.8798,18,46,5,5,0.8649,0.7826,0.902,0.7826,0.8363,19,40,11,4,0.7973,0.8261,0.7843,0.717,0.8832,19,47,4,4,0.8919,0.8261,0.9216,0.8261,0.8849,19,42,9,4,0.8243,0.8261,0.8235,0.7451,0.8474,19,43,8,4,0.8378,0.8261,0.8431,0.76,0.8704,22,47,1,5,0.92,0.8148,0.9792,0.88,0.9537,16,46,2,11,0.8267,0.5926,0.9583,0.7111,0.9444,11,48,0,16,0.7867,0.4074,1.0,0.5789,0.8665,18,46,2,9,0.8533,0.6667,0.9583,0.766,0.9421,16,46,2,11,0.8267,0.5926,0.9583,0.7111,0.9298,21,47,1,6,0.9067,0.7778,0.9792,0.8571,0.939,14,46,2,13,0.8,0.5185,0.9583,0.6512,0.9043
591,18,40,12,4,0.7838,0.8182,0.7692,0.6923,0.8252,13,41,11,9,0.7297,0.5909,0.7885,0.5652,0.7657,14,45,7,8,0.7973,0.6364,0.8654,0.6512,0.833,12,41,11,10,0.7162,0.5455,0.7885,0.5333,0.7692,12,44,8,10,0.7568,0.5455,0.8462,0.5714,0.7867,17,43,9,5,0.8108,0.7727,0.8269,0.7083,0.8156,12,44,8,10,0.7568,0.5455,0.8462,0.5714,0.7622,21,40,8,6,0.8133,0.7778,0.8333,0.75,0.8858,16,41,7,11,0.76,0.5926,0.8542,0.64,0.9074,15,46,2,12,0.8133,0.5556,0.9583,0.6818,0.8488,18,39,9,9,0.76,0.6667,0.8125,0.6667,0.885,17,39,9,10,0.7467,0.6296,0.8125,0.6415,0.8642,21,42,6,6,0.84,0.7778,0.875,0.7778,0.9144,15,39,9,12,0.72,0.5556,0.8125,0.5882,0.8202
592,26,28,17,3,0.7297,0.8966,0.6222,0.7222,0.8697,22,38,7,7,0.8108,0.7586,0.8444,0.7586,0.8398,22,42,3,7,0.8649,0.7586,0.9333,0.8148,0.8322,22,37,8,7,0.7973,0.7586,0.8222,0.7458,0.8483,21,35,10,8,0.7568,0.7241,0.7778,0.7,0.8291,24,40,5,5,0.8649,0.8276,0.8889,0.8276,0.8828,21,37,8,8,0.7838,0.7241,0.8222,0.7241,0.8452,23,45,6,1,0.9067,0.9583,0.8824,0.8679,0.9101,15,46,5,9,0.8133,0.625,0.902,0.6818,0.9101,11,49,2,13,0.8,0.4583,0.9608,0.5946,0.884,19,45,6,5,0.8533,0.7917,0.8824,0.7755,0.8987,16,45,6,8,0.8133,0.6667,0.8824,0.6957,0.8824,22,46,5,2,0.9067,0.9167,0.902,0.8627,0.8954,12,45,6,12,0.76,0.5,0.8824,0.5714,0.866
593,17,32,23,2,0.6622,0.8947,0.5818,0.5763,0.8297,13,39,16,6,0.7027,0.6842,0.7091,0.5417,0.7809,13,47,8,6,0.8108,0.6842,0.8545,0.65,0.7483,14,41,14,5,0.7432,0.7368,0.7455,0.5957,0.8,12,40,15,7,0.7027,0.6316,0.7273,0.5217,0.7627,14,42,13,5,0.7568,0.7368,0.7636,0.6087,0.8297,12,42,13,7,0.7297,0.6316,0.7636,0.5455,0.778,14,53,2,6,0.8933,0.7,0.9636,0.7778,0.9082,12,52,3,8,0.8533,0.6,0.9455,0.6857,0.9236,10,55,0,10,0.8667,0.5,1.0,0.6667,0.8109,12,51,4,8,0.84,0.6,0.9273,0.6667,0.9018,10,51,4,10,0.8133,0.5,0.9273,0.5882,0.8909,13,54,1,7,0.8933,0.65,0.9818,0.7647,0.9036,10,51,4,10,0.8133,0.5,0.9273,0.5882,0.8636
594,27,33,13,1,0.8108,0.9643,0.7174,0.7941,0.8703,20,39,7,8,0.7973,0.7143,0.8478,0.7273,0.8478,23,40,6,5,0.8514,0.8214,0.8696,0.807,0.8727,18,37,9,10,0.7432,0.6429,0.8043,0.6545,0.8517,19,39,7,9,0.7838,0.6786,0.8478,0.7037,0.8408,24,38,8,4,0.8378,0.8571,0.8261,0.8,0.9138,19,37,9,9,0.7568,0.6786,0.8043,0.6786,0.8447,13,51,10,1,0.8533,0.9286,0.8361,0.7027,0.9169,11,52,9,3,0.84,0.7857,0.8525,0.6471,0.9192,10,55,6,4,0.8667,0.7143,0.9016,0.6667,0.8782,13,50,11,1,0.84,0.9286,0.8197,0.6842,0.911,12,49,12,2,0.8133,0.8571,0.8033,0.6316,0.9133,13,52,9,1,0.8667,0.9286,0.8525,0.7222,0.9204,10,50,11,4,0.8,0.7143,0.8197,0.5714,0.8841
595,22,38,12,2,0.8108,0.9167,0.76,0.7586,0.8983,17,41,9,7,0.7838,0.7083,0.82,0.68,0.8383,21,44,6,3,0.8784,0.875,0.88,0.8235,0.9133,20,39,11,4,0.7973,0.8333,0.78,0.7273,0.865,17,41,9,7,0.7838,0.7083,0.82,0.68,0.8525,22,40,10,2,0.8378,0.9167,0.8,0.7857,0.885,17,40,10,7,0.7703,0.7083,0.8,0.6667,0.8175,23,44,5,3,0.8933,0.8846,0.898,0.8519,0.9584,21,44,5,5,0.8667,0.8077,0.898,0.8077,0.9576,17,46,3,9,0.84,0.6538,0.9388,0.7391,0.8713,23,44,5,3,0.8933,0.8846,0.898,0.8519,0.9537,22,43,6,4,0.8667,0.8462,0.8776,0.8148,0.9466,23,43,6,3,0.88,0.8846,0.8776,0.8364,0.9435,20,44,5,6,0.8533,0.7692,0.898,0.7843,0.9341
596,18,42,12,2,0.8108,0.9,0.7778,0.72,0.8981,16,46,8,4,0.8378,0.8,0.8519,0.7273,0.8509,14,47,7,6,0.8243,0.7,0.8704,0.6829,0.8713,14,46,8,6,0.8108,0.7,0.8519,0.6667,0.8519,14,46,8,6,0.8108,0.7,0.8519,0.6667,0.8528,16,48,6,4,0.8649,0.8,0.8889,0.7619,0.9065,14,47,7,6,0.8243,0.7,0.8704,0.6829,0.8519,18,44,10,3,0.8267,0.8571,0.8148,0.7347,0.8862,14,44,10,7,0.7733,0.6667,0.8148,0.6222,0.8862,14,51,3,7,0.8667,0.6667,0.9444,0.7368,0.8457,17,42,12,4,0.7867,0.8095,0.7778,0.68,0.8633,16,42,12,5,0.7733,0.7619,0.7778,0.6531,0.8651,18,46,8,3,0.8533,0.8571,0.8519,0.766,0.8959,13,42,12,8,0.7333,0.619,0.7778,0.5652,0.8298
597,27,30,14,3,0.7703,0.9,0.6818,0.7606,0.903,23,38,6,7,0.8243,0.7667,0.8636,0.7797,0.878,22,40,4,8,0.8378,0.7333,0.9091,0.7857,0.822,23,38,6,7,0.8243,0.7667,0.8636,0.7797,0.8659,23,34,10,7,0.7703,0.7667,0.7727,0.7302,0.8795,26,40,4,4,0.8919,0.8667,0.9091,0.8667,0.8818,23,39,5,7,0.8378,0.7667,0.8864,0.7931,0.8667,11,56,4,4,0.8933,0.7333,0.9333,0.7333,0.9544,8,58,2,7,0.88,0.5333,0.9667,0.64,0.9744,8,59,1,7,0.8933,0.5333,0.9833,0.6667,0.8256,10,56,4,5,0.88,0.6667,0.9333,0.6897,0.9456,10,55,5,5,0.8667,0.6667,0.9167,0.6667,0.9589,11,57,3,4,0.9067,0.7333,0.95,0.7586,0.9656,8,56,4,7,0.8533,0.5333,0.9333,0.5926,0.9233
598,22,33,15,4,0.7432,0.8462,0.6875,0.6984,0.8758,18,44,4,8,0.8378,0.6923,0.9167,0.75,0.8438,21,45,3,5,0.8919,0.8077,0.9375,0.84,0.8598,19,40,8,7,0.7973,0.7308,0.8333,0.717,0.8446,18,41,7,8,0.7973,0.6923,0.8542,0.7059,0.8261,20,40,8,6,0.8108,0.7692,0.8333,0.7407,0.8229,18,40,8,8,0.7838,0.6923,0.8333,0.6923,0.8237,18,54,3,0,0.96,1.0,0.9474,0.9231,0.9708,13,51,6,5,0.8533,0.7222,0.8947,0.7027,0.9425,11,56,1,7,0.8933,0.6111,0.9825,0.7333,0.9366,16,50,7,2,0.88,0.8889,0.8772,0.7805,0.9366,13,50,7,5,0.84,0.7222,0.8772,0.6842,0.9318,17,55,2,1,0.96,0.9444,0.9649,0.9189,0.9503,10,50,7,8,0.8,0.5556,0.8772,0.5714,0.9191
599,18,38,13,5,0.7568,0.7826,0.7451,0.6667,0.8593,15,44,7,8,0.7973,0.6522,0.8627,0.6667,0.8184,18,45,6,5,0.8514,0.7826,0.8824,0.766,0.8193,15,43,8,8,0.7838,0.6522,0.8431,0.6522,0.8133,15,44,7,8,0.7973,0.6522,0.8627,0.6667,0.8124,14,43,8,9,0.7703,0.6087,0.8431,0.6222,0.8107,15,44,7,8,0.7973,0.6522,0.8627,0.6667,0.7818,14,52,5,4,0.88,0.7778,0.9123,0.7568,0.9016,9,53,4,9,0.8267,0.5,0.9298,0.5806,0.9172,10,54,3,8,0.8533,0.5556,0.9474,0.6452,0.7914,12,52,5,6,0.8533,0.6667,0.9123,0.6857,0.8938,11,51,6,7,0.8267,0.6111,0.8947,0.6286,0.886,13,52,5,5,0.8667,0.7222,0.9123,0.7222,0.8879,8,52,5,10,0.8,0.4444,0.9123,0.5161,0.8723
600,19,38,14,3,0.7703,0.8636,0.7308,0.6909,0.8488,14,44,8,8,0.7838,0.6364,0.8462,0.6364,0.8234,16,45,7,6,0.8243,0.7273,0.8654,0.7111,0.8322,14,41,11,8,0.7432,0.6364,0.7885,0.5957,0.8252,12,45,7,10,0.7703,0.5455,0.8654,0.5854,0.8138,17,42,10,5,0.7973,0.7727,0.8077,0.6939,0.8304,12,43,9,10,0.7432,0.5455,0.8269,0.5581,0.7955,15,52,3,5,0.8933,0.75,0.9455,0.7895,0.8745,10,50,5,10,0.8,0.5,0.9091,0.5714,0.8645,10,54,1,10,0.8533,0.5,0.9818,0.6452,0.7155,13,50,5,7,0.84,0.65,0.9091,0.6842,0.8373,12,47,8,8,0.7867,0.6,0.8545,0.6,0.8345,14,49,6,6,0.84,0.7,0.8909,0.7,0.8173,9,50,5,11,0.7867,0.45,0.9091,0.5294,0.7618
601,20,35,17,2,0.7432,0.9091,0.6731,0.678,0.8872,13,45,7,9,0.7838,0.5909,0.8654,0.619,0.8191,19,43,9,3,0.8378,0.8636,0.8269,0.76,0.8794,16,41,11,6,0.7703,0.7273,0.7885,0.6531,0.8295,13,42,10,9,0.7432,0.5909,0.8077,0.5778,0.8164,17,43,9,5,0.8108,0.7727,0.8269,0.7083,0.847,13,42,10,9,0.7432,0.5909,0.8077,0.5778,0.8016,24,45,4,2,0.92,0.9231,0.9184,0.8889,0.9058,19,44,5,7,0.84,0.7308,0.898,0.76,0.905,17,47,2,9,0.8533,0.6538,0.9592,0.7556,0.8854,20,43,6,6,0.84,0.7692,0.8776,0.7692,0.898,20,42,7,6,0.8267,0.7692,0.8571,0.7547,0.8854,24,45,4,2,0.92,0.9231,0.9184,0.8889,0.9113,19,43,6,7,0.8267,0.7308,0.8776,0.7451,0.8603
602,19,36,18,1,0.7432,0.95,0.6667,0.6667,0.9074,17,40,14,3,0.7703,0.85,0.7407,0.6667,0.8296,18,48,6,2,0.8919,0.9,0.8889,0.8182,0.938,16,42,12,4,0.7838,0.8,0.7778,0.6667,0.8528,17,42,12,3,0.7973,0.85,0.7778,0.6939,0.8343,15,42,12,5,0.7703,0.75,0.7778,0.6383,0.9102,17,43,11,3,0.8108,0.85,0.7963,0.7083,0.8278,24,43,6,2,0.8933,0.9231,0.8776,0.8571,0.9286,20,46,3,6,0.88,0.7692,0.9388,0.8163,0.9403,17,47,2,9,0.8533,0.6538,0.9592,0.7556,0.8297,21,43,6,5,0.8533,0.8077,0.8776,0.7925,0.9215,18,41,8,8,0.7867,0.6923,0.8367,0.6923,0.9019,22,44,5,4,0.88,0.8462,0.898,0.8302,0.8987,17,43,6,9,0.8,0.6538,0.8776,0.6939,0.8846
603,22,26,24,2,0.6486,0.9167,0.52,0.6286,0.8483,17,39,11,7,0.7568,0.7083,0.78,0.6538,0.7867,19,41,9,5,0.8108,0.7917,0.82,0.7308,0.845,17,36,14,7,0.7162,0.7083,0.72,0.6182,0.7817,16,35,15,8,0.6892,0.6667,0.7,0.5818,0.7925,20,38,12,4,0.7838,0.8333,0.76,0.7143,0.8258,16,36,14,8,0.7027,0.6667,0.72,0.5926,0.7792,16,53,2,4,0.92,0.8,0.9636,0.8421,0.9382,9,53,2,11,0.8267,0.45,0.9636,0.5806,0.9291,8,55,0,12,0.84,0.4,1.0,0.5714,0.7664,9,52,3,11,0.8133,0.45,0.9455,0.5625,0.92,8,50,5,12,0.7733,0.4,0.9091,0.4848,0.9,13,52,3,7,0.8667,0.65,0.9455,0.7222,0.8709,8,52,3,12,0.8,0.4,0.9455,0.5161,0.8855
604,27,34,11,2,0.8243,0.931,0.7556,0.806,0.9073,21,41,4,8,0.8378,0.7241,0.9111,0.7778,0.8667,21,42,3,8,0.8514,0.7241,0.9333,0.7925,0.8966,18,42,3,11,0.8108,0.6207,0.9333,0.72,0.8406,20,41,4,9,0.8243,0.6897,0.9111,0.7547,0.8452,24,41,4,5,0.8784,0.8276,0.9111,0.8421,0.9096,20,42,3,9,0.8378,0.6897,0.9333,0.7692,0.8552,22,43,6,4,0.8667,0.8462,0.8776,0.8148,0.9207,17,42,7,9,0.7867,0.6538,0.8571,0.68,0.9129,15,47,2,11,0.8267,0.5769,0.9592,0.6977,0.8391,19,42,7,7,0.8133,0.7308,0.8571,0.7308,0.9082,18,42,7,8,0.8,0.6923,0.8571,0.7059,0.8925,21,43,6,5,0.8533,0.8077,0.8776,0.7925,0.9003,16,42,7,10,0.7733,0.6154,0.8571,0.6531,0.8791
605,27,36,9,2,0.8514,0.931,0.8,0.8308,0.9372,25,39,6,4,0.8649,0.8621,0.8667,0.8333,0.9218,22,42,3,7,0.8649,0.7586,0.9333,0.8148,0.869,23,37,8,6,0.8108,0.7931,0.8222,0.7667,0.9211,23,40,5,6,0.8514,0.7931,0.8889,0.807,0.9211,26,40,5,3,0.8919,0.8966,0.8889,0.8667,0.9218,23,40,5,6,0.8514,0.7931,0.8889,0.807,0.9119,16,52,5,2,0.9067,0.8889,0.9123,0.8205,0.9045,12,52,5,6,0.8533,0.6667,0.9123,0.6857,0.9133,13,56,1,5,0.92,0.7222,0.9825,0.8125,0.8577,15,51,6,3,0.88,0.8333,0.8947,0.7692,0.9025,14,49,8,4,0.84,0.7778,0.8596,0.7,0.8723,16,51,6,2,0.8933,0.8889,0.8947,0.8,0.9094,11,51,6,7,0.8267,0.6111,0.8947,0.6286,0.8372
606,27,32,12,3,0.7973,0.9,0.7273,0.7826,0.8985,24,37,7,6,0.8243,0.8,0.8409,0.7869,0.8591,23,38,6,7,0.8243,0.7667,0.8636,0.7797,0.8083,23,36,8,7,0.7973,0.7667,0.8182,0.7541,0.8697,23,37,7,7,0.8108,0.7667,0.8409,0.7667,0.8742,26,37,7,4,0.8514,0.8667,0.8409,0.8254,0.8636,23,36,8,7,0.7973,0.7667,0.8182,0.7541,0.8167,19,45,5,6,0.8533,0.76,0.9,0.7755,0.9288,12,46,4,13,0.7733,0.48,0.92,0.5854,0.94,12,49,1,13,0.8133,0.48,0.98,0.6316,0.8136,15,44,6,10,0.7867,0.6,0.88,0.6522,0.9048,13,43,7,12,0.7467,0.52,0.86,0.5778,0.9096,17,46,4,8,0.84,0.68,0.92,0.7391,0.9032,10,44,6,15,0.72,0.4,0.88,0.4878,0.8952
607,28,33,11,2,0.8243,0.9333,0.75,0.8116,0.9333,23,40,4,7,0.8514,0.7667,0.9091,0.807,0.8879,26,39,5,4,0.8784,0.8667,0.8864,0.8525,0.9227,22,37,7,8,0.7973,0.7333,0.8409,0.7458,0.878,22,35,9,8,0.7703,0.7333,0.7955,0.7213,0.8682,24,39,5,6,0.8514,0.8,0.8864,0.8136,0.8947,22,37,7,8,0.7973,0.7333,0.8409,0.7458,0.8606,18,47,7,3,0.8667,0.8571,0.8704,0.7826,0.8757,10,47,7,11,0.76,0.4762,0.8704,0.5263,0.8589,11,51,3,10,0.8267,0.5238,0.9444,0.6286,0.7646,14,46,8,7,0.8,0.6667,0.8519,0.6512,0.8413,12,43,11,9,0.7333,0.5714,0.7963,0.5455,0.8245,16,45,9,5,0.8133,0.7619,0.8333,0.6957,0.8254,8,46,8,13,0.72,0.381,0.8519,0.4324,0.7972
608,26,36,10,2,0.8378,0.9286,0.7826,0.8125,0.9301,23,42,4,5,0.8784,0.8214,0.913,0.8364,0.9301,23,40,6,5,0.8514,0.8214,0.8696,0.807,0.8758,20,40,6,8,0.8108,0.7143,0.8696,0.7407,0.9107,22,41,5,6,0.8514,0.7857,0.8913,0.8,0.9177,25,39,7,3,0.8649,0.8929,0.8478,0.8333,0.9371,22,40,6,6,0.8378,0.7857,0.8696,0.7857,0.913,9,63,3,0,0.96,1.0,0.9545,0.8571,0.9798,8,62,4,1,0.9333,0.8889,0.9394,0.7619,0.9798,7,64,2,2,0.9467,0.7778,0.9697,0.7778,0.9781,8,62,4,1,0.9333,0.8889,0.9394,0.7619,0.9798,8,61,5,1,0.92,0.8889,0.9242,0.7273,0.9764,9,62,4,0,0.9467,1.0,0.9394,0.8182,0.9764,8,62,4,1,0.9333,0.8889,0.9394,0.7619,0.9697
609,20,33,17,4,0.7162,0.8333,0.66,0.6557,0.7925,16,41,9,8,0.7703,0.6667,0.82,0.6531,0.7808,18,43,7,6,0.8243,0.75,0.86,0.7347,0.8042,14,38,12,10,0.7027,0.5833,0.76,0.56,0.765,16,41,9,8,0.7703,0.6667,0.82,0.6531,0.7583,15,38,12,9,0.7162,0.625,0.76,0.5882,0.7583,16,38,12,8,0.7297,0.6667,0.76,0.6154,0.7525,10,56,6,3,0.88,0.7692,0.9032,0.6897,0.9057,7,56,6,6,0.84,0.5385,0.9032,0.5385,0.9132,6,60,2,7,0.88,0.4615,0.9677,0.5714,0.8176,8,55,7,5,0.84,0.6154,0.8871,0.5714,0.8958,7,54,8,6,0.8133,0.5385,0.871,0.5,0.8908,10,56,6,3,0.88,0.7692,0.9032,0.6897,0.8921,6,55,7,7,0.8133,0.4615,0.8871,0.4615,0.8623
610,21,34,18,1,0.7432,0.9545,0.6538,0.6885,0.9222,17,40,12,5,0.7703,0.7727,0.7692,0.6667,0.8855,18,43,9,4,0.8243,0.8182,0.8269,0.7347,0.8444,17,40,12,5,0.7703,0.7727,0.7692,0.6667,0.8706,17,41,11,5,0.7838,0.7727,0.7885,0.68,0.8995,19,41,11,3,0.8108,0.8636,0.7885,0.7308,0.8872,17,42,10,5,0.7973,0.7727,0.8077,0.6939,0.8802,13,54,6,2,0.8933,0.8667,0.9,0.7647,0.9133,10,55,5,5,0.8667,0.6667,0.9167,0.6667,0.9311,8,57,3,7,0.8667,0.5333,0.95,0.6154,0.8456,10,53,7,5,0.84,0.6667,0.8833,0.625,0.9133,9,53,7,6,0.8267,0.6,0.8833,0.5806,0.8978,12,56,4,3,0.9067,0.8,0.9333,0.7742,0.9111,9,53,7,6,0.8267,0.6,0.8833,0.5806,0.8722
611,20,36,16,2,0.7568,0.9091,0.6923,0.6897,0.9065,16,40,12,6,0.7568,0.7273,0.7692,0.64,0.8558,17,46,6,5,0.8514,0.7727,0.8846,0.7556,0.8514,17,42,10,5,0.7973,0.7727,0.8077,0.6939,0.8628,16,42,10,6,0.7838,0.7273,0.8077,0.6667,0.8531,19,45,7,3,0.8649,0.8636,0.8654,0.7917,0.9065,16,44,8,6,0.8108,0.7273,0.8462,0.6957,0.8435,19,44,9,3,0.84,0.8636,0.8302,0.76,0.8988,14,44,9,8,0.7733,0.6364,0.8302,0.6222,0.8954,12,49,4,10,0.8133,0.5455,0.9245,0.6316,0.8216,16,44,9,6,0.8,0.7273,0.8302,0.6809,0.8859,15,42,11,7,0.76,0.6818,0.7925,0.625,0.8679,18,42,11,4,0.8,0.8182,0.7925,0.7059,0.8791,13,44,9,9,0.76,0.5909,0.8302,0.5909,0.8276
612,23,39,11,1,0.8378,0.9583,0.78,0.7931,0.9217,18,44,6,6,0.8378,0.75,0.88,0.75,0.8667,21,47,3,3,0.9189,0.875,0.94,0.875,0.9625,14,41,9,10,0.7432,0.5833,0.82,0.5957,0.84,17,43,7,7,0.8108,0.7083,0.86,0.7083,0.8433,18,44,6,6,0.8378,0.75,0.88,0.75,0.9208,17,42,8,7,0.7973,0.7083,0.84,0.6939,0.8483,21,49,3,2,0.9333,0.913,0.9423,0.8936,0.9774,15,50,2,8,0.8667,0.6522,0.9615,0.75,0.9849,13,52,0,10,0.8667,0.5652,1.0,0.7222,0.954,19,49,3,4,0.9067,0.8261,0.9423,0.8444,0.9741,18,49,3,5,0.8933,0.7826,0.9423,0.8182,0.9791,21,50,2,2,0.9467,0.913,0.9615,0.913,0.9858,14,49,3,9,0.84,0.6087,0.9423,0.7,0.9649
613,20,36,16,2,0.7568,0.9091,0.6923,0.6897,0.9388,18,40,12,4,0.7838,0.8182,0.7692,0.6923,0.8794,17,47,5,5,0.8649,0.7727,0.9038,0.7727,0.8925,18,40,12,4,0.7838,0.8182,0.7692,0.6923,0.8759,18,44,8,4,0.8378,0.8182,0.8462,0.75,0.8837,19,41,11,3,0.8108,0.8636,0.7885,0.7308,0.9091,18,43,9,4,0.8243,0.8182,0.8269,0.7347,0.8322,20,45,4,6,0.8667,0.7692,0.9184,0.8,0.8579,12,46,3,14,0.7733,0.4615,0.9388,0.5854,0.9019,11,48,1,15,0.7867,0.4231,0.9796,0.5789,0.7221,14,45,4,12,0.7867,0.5385,0.9184,0.6364,0.8752,13,45,4,13,0.7733,0.5,0.9184,0.6047,0.832,17,46,3,9,0.84,0.6538,0.9388,0.7391,0.8352,11,45,4,15,0.7467,0.4231,0.9184,0.5366,0.7975
614,20,39,14,1,0.7973,0.9524,0.7358,0.7273,0.9488,18,42,11,3,0.8108,0.8571,0.7925,0.72,0.9003,19,45,8,2,0.8649,0.9048,0.8491,0.7917,0.8949,18,41,12,3,0.7973,0.8571,0.7736,0.7059,0.9317,18,44,9,3,0.8378,0.8571,0.8302,0.75,0.9021,17,43,10,4,0.8108,0.8095,0.8113,0.7083,0.9263,18,43,10,3,0.8243,0.8571,0.8113,0.7347,0.8778,18,50,5,2,0.9067,0.9,0.9091,0.8372,0.9509,13,45,10,7,0.7733,0.65,0.8182,0.6047,0.9182,14,53,2,6,0.8933,0.7,0.9636,0.7778,0.9009,17,44,11,3,0.8133,0.85,0.8,0.7083,0.9127,17,42,13,3,0.7867,0.85,0.7636,0.68,0.9109,17,49,6,3,0.88,0.85,0.8909,0.7907,0.9209,13,44,11,7,0.76,0.65,0.8,0.5909,0.8873
615,23,28,17,6,0.6892,0.7931,0.6222,0.6667,0.7724,20,33,12,9,0.7162,0.6897,0.7333,0.6557,0.7272,21,35,10,8,0.7568,0.7241,0.7778,0.7,0.7992,18,30,15,11,0.6486,0.6207,0.6667,0.5806,0.7318,18,34,11,11,0.7027,0.6207,0.7556,0.6207,0.7119,17,33,12,12,0.6757,0.5862,0.7333,0.5862,0.7356,18,32,13,11,0.6757,0.6207,0.7111,0.6,0.7134,22,45,5,3,0.8933,0.88,0.9,0.8462,0.8864,16,44,6,9,0.8,0.64,0.88,0.6809,0.876,11,47,3,14,0.7733,0.44,0.94,0.5641,0.8352,18,43,7,7,0.8133,0.72,0.86,0.72,0.8592,13,42,8,12,0.7333,0.52,0.84,0.5652,0.8512,21,45,5,4,0.88,0.84,0.9,0.8235,0.8832,11,43,7,14,0.72,0.44,0.86,0.5116,0.8184
616,23,33,16,2,0.7568,0.92,0.6735,0.7188,0.8751,19,36,13,6,0.7432,0.76,0.7347,0.6667,0.8376,19,39,10,6,0.7838,0.76,0.7959,0.7037,0.8196,19,32,17,6,0.6892,0.76,0.6531,0.623,0.8392,18,35,14,7,0.7162,0.72,0.7143,0.6316,0.8392,21,41,8,4,0.8378,0.84,0.8367,0.7778,0.871,18,34,15,7,0.7027,0.72,0.6939,0.6207,0.7959,14,57,3,1,0.9467,0.9333,0.95,0.875,0.9333,11,55,5,4,0.88,0.7333,0.9167,0.7097,0.9278,10,58,2,5,0.9067,0.6667,0.9667,0.7407,0.8689,13,54,6,2,0.8933,0.8667,0.9,0.7647,0.9144,11,52,8,4,0.84,0.7333,0.8667,0.6471,0.8967,13,56,4,2,0.92,0.8667,0.9333,0.8125,0.9111,9,54,6,6,0.84,0.6,0.9,0.6,0.8633
617,20,30,23,1,0.6757,0.9524,0.566,0.625,0.9164,16,38,15,5,0.7297,0.7619,0.717,0.6154,0.8383,19,42,11,2,0.8243,0.9048,0.7925,0.7451,0.8742,17,37,16,4,0.7297,0.8095,0.6981,0.6296,0.8464,16,39,14,5,0.7432,0.7619,0.7358,0.6275,0.8544,16,42,11,5,0.7838,0.7619,0.7925,0.6667,0.8715,16,39,14,5,0.7432,0.7619,0.7358,0.6275,0.8329,14,57,3,1,0.9467,0.9333,0.95,0.875,0.9756,12,56,4,3,0.9067,0.8,0.9333,0.7742,0.9778,13,59,1,2,0.96,0.8667,0.9833,0.8966,0.9711,13,56,4,2,0.92,0.8667,0.9333,0.8125,0.9756,13,56,4,2,0.92,0.8667,0.9333,0.8125,0.9778,14,57,3,1,0.9467,0.9333,0.95,0.875,0.9811,12,56,4,3,0.9067,0.8,0.9333,0.7742,0.9622
618,22,34,17,1,0.7568,0.9565,0.6667,0.7097,0.9003,14,42,9,9,0.7568,0.6087,0.8235,0.6087,0.8295,21,39,12,2,0.8108,0.913,0.7647,0.75,0.8926,15,41,10,8,0.7568,0.6522,0.8039,0.625,0.8321,14,40,11,9,0.7297,0.6087,0.7843,0.5833,0.8286,17,41,10,6,0.7838,0.7391,0.8039,0.68,0.8491,14,41,10,9,0.7432,0.6087,0.8039,0.5957,0.8039,18,49,4,4,0.8933,0.8182,0.9245,0.8182,0.916,10,51,2,12,0.8133,0.4545,0.9623,0.5882,0.9451,10,52,1,12,0.8267,0.4545,0.9811,0.6061,0.8551,15,49,4,7,0.8533,0.6818,0.9245,0.7317,0.9125,13,49,4,9,0.8267,0.5909,0.9245,0.6667,0.9237,18,51,2,4,0.92,0.8182,0.9623,0.8571,0.9365,8,49,4,14,0.76,0.3636,0.9245,0.4706,0.8962
619,23,37,10,4,0.8108,0.8519,0.7872,0.7667,0.911,20,44,3,7,0.8649,0.7407,0.9362,0.8,0.9078,20,46,1,7,0.8919,0.7407,0.9787,0.8333,0.8708,21,43,4,6,0.8649,0.7778,0.9149,0.8077,0.9054,20,45,2,7,0.8784,0.7407,0.9574,0.8163,0.9031,23,43,4,4,0.8919,0.8519,0.9149,0.8519,0.9251,20,43,4,7,0.8514,0.7407,0.9149,0.7843,0.8905,14,53,3,5,0.8933,0.7368,0.9464,0.7778,0.8976,12,53,3,7,0.8667,0.6316,0.9464,0.7059,0.9023,11,55,1,8,0.88,0.5789,0.9821,0.7097,0.7585,13,53,3,6,0.88,0.6842,0.9464,0.7429,0.891,12,52,4,7,0.8533,0.6316,0.9286,0.6857,0.8806,14,52,4,5,0.88,0.7368,0.9286,0.7568,0.8741,11,53,3,8,0.8533,0.5789,0.9464,0.6667,0.8205
620,21,37,13,3,0.7838,0.875,0.74,0.7241,0.895,19,39,11,5,0.7838,0.7917,0.78,0.7037,0.8542,20,45,5,4,0.8784,0.8333,0.9,0.8163,0.8867,18,42,8,6,0.8108,0.75,0.84,0.72,0.8567,19,42,8,5,0.8243,0.7917,0.84,0.7451,0.8383,19,39,11,5,0.7838,0.7917,0.78,0.7037,0.8717,19,43,7,5,0.8378,0.7917,0.86,0.76,0.8567,20,49,4,2,0.92,0.9091,0.9245,0.8696,0.9365,18,50,3,4,0.9067,0.8182,0.9434,0.8372,0.9468,15,52,1,7,0.8933,0.6818,0.9811,0.7895,0.9185,20,47,6,2,0.8933,0.9091,0.8868,0.8333,0.9297,18,46,7,4,0.8533,0.8182,0.8679,0.766,0.9254,20,51,2,2,0.9467,0.9091,0.9623,0.9091,0.9485,16,47,6,6,0.84,0.7273,0.8868,0.7273,0.9108
621,24,35,13,2,0.7973,0.9231,0.7292,0.7619,0.9263,22,38,10,4,0.8108,0.8462,0.7917,0.7586,0.8942,21,43,5,5,0.8649,0.8077,0.8958,0.8077,0.847,21,40,8,5,0.8243,0.8077,0.8333,0.7636,0.9071,22,40,8,4,0.8378,0.8462,0.8333,0.7857,0.887,22,42,6,4,0.8649,0.8462,0.875,0.8148,0.9303,22,41,7,4,0.8514,0.8462,0.8542,0.8,0.8702,20,49,1,5,0.92,0.8,0.98,0.8696,0.9632,17,48,2,8,0.8667,0.68,0.96,0.7727,0.968,16,50,0,9,0.88,0.64,1.0,0.7805,0.8336,18,48,2,7,0.88,0.72,0.96,0.8,0.9592,18,48,2,7,0.88,0.72,0.96,0.8,0.9576,19,49,1,6,0.9067,0.76,0.98,0.8444,0.9368,17,48,2,8,0.8667,0.68,0.96,0.7727,0.9352
622,23,30,14,7,0.7162,0.7667,0.6818,0.6866,0.7803,19,36,8,11,0.7432,0.6333,0.8182,0.6667,0.7311,20,34,10,10,0.7297,0.6667,0.7727,0.6667,0.7288,18,33,11,12,0.6892,0.6,0.75,0.6102,0.7455,18,36,8,12,0.7297,0.6,0.8182,0.6429,0.7394,20,34,10,10,0.7297,0.6667,0.7727,0.6667,0.7235,18,36,8,12,0.7297,0.6,0.8182,0.6429,0.7227,23,47,5,0,0.9333,1.0,0.9038,0.902,0.9607,17,45,7,6,0.8267,0.7391,0.8654,0.7234,0.9448,16,50,2,7,0.88,0.6957,0.9615,0.7805,0.954,19,45,7,4,0.8533,0.8261,0.8654,0.7755,0.944,18,44,8,5,0.8267,0.7826,0.8462,0.7347,0.939,23,46,6,0,0.92,1.0,0.8846,0.8846,0.9574,16,45,7,7,0.8133,0.6957,0.8654,0.6957,0.903
623,32,29,10,3,0.8243,0.9143,0.7436,0.8312,0.8879,27,33,6,8,0.8108,0.7714,0.8462,0.7941,0.8615,25,36,3,10,0.8243,0.7143,0.9231,0.7937,0.904,22,33,6,13,0.7432,0.6286,0.8462,0.6984,0.8549,21,34,5,14,0.7432,0.6,0.8718,0.6885,0.841,27,34,5,8,0.8243,0.7714,0.8718,0.806,0.8557,21,34,5,14,0.7432,0.6,0.8718,0.6885,0.8198,17,50,4,4,0.8933,0.8095,0.9259,0.8095,0.9568,12,50,4,9,0.8267,0.5714,0.9259,0.6486,0.9594,10,52,2,11,0.8267,0.4762,0.963,0.6061,0.9198,14,50,4,7,0.8533,0.6667,0.9259,0.7179,0.9392,14,47,7,7,0.8133,0.6667,0.8704,0.6667,0.9392,17,47,7,4,0.8533,0.8095,0.8704,0.7556,0.9541,12,50,4,9,0.8267,0.5714,0.9259,0.6486,0.9048
624,25,32,17,0,0.7703,1.0,0.6531,0.7463,0.8922,21,40,9,4,0.8243,0.84,0.8163,0.7636,0.88,21,41,8,4,0.8378,0.84,0.8367,0.7778,0.9339,18,40,9,7,0.7838,0.72,0.8163,0.6923,0.8776,17,42,7,8,0.7973,0.68,0.8571,0.6939,0.8604,23,39,10,2,0.8378,0.92,0.7959,0.7931,0.898,17,42,7,8,0.7973,0.68,0.8571,0.6939,0.8588,16,47,8,4,0.84,0.8,0.8545,0.7273,0.8745,12,48,7,8,0.8,0.6,0.8727,0.6154,0.8873,10,52,3,10,0.8267,0.5,0.9455,0.6061,0.7827,13,46,9,7,0.7867,0.65,0.8364,0.619,0.8691,12,44,11,8,0.7467,0.6,0.8,0.5581,0.8536,14,47,8,6,0.8133,0.7,0.8545,0.6667,0.8445,11,46,9,9,0.76,0.55,0.8364,0.55,0.8282
625,18,37,15,4,0.7432,0.8182,0.7115,0.6545,0.7937,13,42,10,9,0.7432,0.5909,0.8077,0.5778,0.7474,13,45,7,9,0.7838,0.5909,0.8654,0.619,0.7413,13,43,9,9,0.7568,0.5909,0.8269,0.5909,0.7247,12,43,9,10,0.7432,0.5455,0.8269,0.5581,0.7194,15,46,6,7,0.8243,0.6818,0.8846,0.6977,0.8103,12,43,9,10,0.7432,0.5455,0.8269,0.5581,0.7247,16,53,2,4,0.92,0.8,0.9636,0.8421,0.9709,11,51,4,9,0.8267,0.55,0.9273,0.6286,0.9591,11,54,1,9,0.8667,0.55,0.9818,0.6875,0.8318,13,51,4,7,0.8533,0.65,0.9273,0.7027,0.9536,13,49,6,7,0.8267,0.65,0.8909,0.6667,0.9464,15,51,4,5,0.88,0.75,0.9273,0.7692,0.9418,11,51,4,9,0.8267,0.55,0.9273,0.6286,0.9364
626,18,29,23,4,0.6351,0.8182,0.5577,0.5714,0.7788,17,32,20,5,0.6622,0.7727,0.6154,0.5763,0.7858,15,41,11,7,0.7568,0.6818,0.7885,0.625,0.7535,13,36,16,9,0.6622,0.5909,0.6923,0.5098,0.7684,15,36,16,7,0.6892,0.6818,0.6923,0.566,0.7788,17,38,14,5,0.7432,0.7727,0.7308,0.6415,0.8042,15,38,14,7,0.7162,0.6818,0.7308,0.5882,0.7448,17,45,10,3,0.8267,0.85,0.8182,0.7234,0.8673,13,46,9,7,0.7867,0.65,0.8364,0.619,0.8773,12,52,3,8,0.8533,0.6,0.9455,0.6857,0.8191,16,44,11,4,0.8,0.8,0.8,0.6809,0.8655,16,43,12,4,0.7867,0.8,0.7818,0.6667,0.8418,16,46,9,4,0.8267,0.8,0.8364,0.7111,0.8618,13,44,11,7,0.76,0.65,0.8,0.5909,0.8036
627,19,32,16,7,0.6892,0.7308,0.6667,0.623,0.778,15,36,12,11,0.6892,0.5769,0.75,0.566,0.73,15,38,10,11,0.7162,0.5769,0.7917,0.5882,0.7516,12,36,12,14,0.6486,0.4615,0.75,0.48,0.7051,13,37,11,13,0.6757,0.5,0.7708,0.52,0.7059,15,38,10,11,0.7162,0.5769,0.7917,0.5882,0.742,13,37,11,13,0.6757,0.5,0.7708,0.52,0.6867,15,52,6,2,0.8933,0.8824,0.8966,0.7895,0.9432,11,54,4,6,0.8667,0.6471,0.931,0.6875,0.9594,7,57,1,10,0.8533,0.4118,0.9828,0.56,0.9199,13,52,6,4,0.8667,0.7647,0.8966,0.7222,0.9331,11,50,8,6,0.8133,0.6471,0.8621,0.6111,0.9341,14,52,6,3,0.88,0.8235,0.8966,0.7568,0.9473,9,52,6,8,0.8133,0.5294,0.8966,0.5625,0.9158
628,18,31,22,3,0.6622,0.8571,0.5849,0.5902,0.8239,15,36,17,6,0.6892,0.7143,0.6792,0.566,0.7385,16,41,12,5,0.7703,0.7619,0.7736,0.6531,0.7826,14,35,18,7,0.6622,0.6667,0.6604,0.5283,0.7466,14,37,16,7,0.6892,0.6667,0.6981,0.549,0.7583,15,40,13,6,0.7432,0.7143,0.7547,0.6122,0.7808,14,36,17,7,0.6757,0.6667,0.6792,0.5385,0.7251,21,48,4,2,0.92,0.913,0.9231,0.875,0.954,15,50,2,8,0.8667,0.6522,0.9615,0.75,0.9649,13,52,0,10,0.8667,0.5652,1.0,0.7222,0.9206,18,48,4,5,0.88,0.7826,0.9231,0.8,0.9398,17,46,6,6,0.84,0.7391,0.8846,0.7391,0.9373,21,48,4,2,0.92,0.913,0.9231,0.875,0.9515,14,48,4,9,0.8267,0.6087,0.9231,0.6829,0.9172
629,30,32,11,1,0.8378,0.9677,0.7442,0.8333,0.958,26,40,3,5,0.8919,0.8387,0.9302,0.8667,0.9287,21,36,7,10,0.7703,0.6774,0.8372,0.7119,0.8102,24,35,8,7,0.7973,0.7742,0.814,0.7619,0.9212,24,38,5,7,0.8378,0.7742,0.8837,0.8,0.9197,29,35,8,2,0.8649,0.9355,0.814,0.8529,0.9175,24,35,8,7,0.7973,0.7742,0.814,0.7619,0.9047,11,54,5,5,0.8667,0.6875,0.9153,0.6875,0.8835,8,51,8,8,0.7867,0.5,0.8644,0.5,0.8771,6,56,3,10,0.8267,0.375,0.9492,0.48,0.7436,9,51,8,7,0.8,0.5625,0.8644,0.5455,0.8517,8,49,10,8,0.76,0.5,0.8305,0.4706,0.8538,11,52,7,5,0.84,0.6875,0.8814,0.6471,0.8623,7,51,8,9,0.7733,0.4375,0.8644,0.4516,0.8231
630,32,28,11,3,0.8108,0.9143,0.7179,0.8205,0.8755,27,32,7,8,0.7973,0.7714,0.8205,0.7826,0.8066,30,36,3,5,0.8919,0.8571,0.9231,0.8824,0.9106,24,30,9,11,0.7297,0.6857,0.7692,0.7059,0.7941,25,34,5,10,0.7973,0.7143,0.8718,0.7692,0.8139,26,35,4,9,0.8243,0.7429,0.8974,0.8,0.8454,25,33,6,10,0.7838,0.7143,0.8462,0.7576,0.7978,18,49,3,5,0.8933,0.7826,0.9423,0.8182,0.9523,13,48,4,10,0.8133,0.5652,0.9231,0.65,0.9473,11,52,0,12,0.84,0.4783,1.0,0.6471,0.8871,16,48,4,7,0.8533,0.6957,0.9231,0.7442,0.9339,16,48,4,7,0.8533,0.6957,0.9231,0.7442,0.9356,18,49,3,5,0.8933,0.7826,0.9423,0.8182,0.9406,13,48,4,10,0.8133,0.5652,0.9231,0.65,0.913
631,26,35,10,3,0.8243,0.8966,0.7778,0.8,0.9004,18,37,8,11,0.7432,0.6207,0.8222,0.6545,0.813,23,43,2,6,0.8919,0.7931,0.9556,0.8519,0.9172,18,38,7,11,0.7568,0.6207,0.8444,0.6667,0.8192,18,37,8,11,0.7432,0.6207,0.8222,0.6545,0.7946,21,41,4,8,0.8378,0.7241,0.9111,0.7778,0.9065,18,39,6,11,0.7703,0.6207,0.8667,0.6792,0.8176,17,52,3,3,0.92,0.85,0.9455,0.85,0.9673,12,54,1,8,0.88,0.6,0.9818,0.7273,0.9918,9,54,1,11,0.84,0.45,0.9818,0.6,0.9045,15,52,3,5,0.8933,0.75,0.9455,0.7895,0.9664,14,50,5,6,0.8533,0.7,0.9091,0.7179,0.9664,17,52,3,3,0.92,0.85,0.9455,0.85,0.9618,11,52,3,9,0.84,0.55,0.9455,0.6471,0.9382
632,22,32,17,3,0.7297,0.88,0.6531,0.6875,0.8563,14,42,7,11,0.7568,0.56,0.8571,0.6087,0.7714,18,42,7,7,0.8108,0.72,0.8571,0.72,0.8653,14,40,9,11,0.7297,0.56,0.8163,0.5833,0.7388,14,41,8,11,0.7432,0.56,0.8367,0.5957,0.7576,18,38,11,7,0.7568,0.72,0.7755,0.6667,0.7951,14,42,7,11,0.7568,0.56,0.8571,0.6087,0.7502,20,51,2,2,0.9467,0.9091,0.9623,0.9091,0.9117,14,50,3,8,0.8533,0.6364,0.9434,0.7179,0.9262,9,52,1,13,0.8133,0.4091,0.9811,0.5625,0.8259,15,50,3,7,0.8667,0.6818,0.9434,0.75,0.9211,13,50,3,9,0.84,0.5909,0.9434,0.6842,0.8894,18,51,2,4,0.92,0.8182,0.9623,0.8571,0.9065,12,50,3,10,0.8267,0.5455,0.9434,0.6486,0.8928
633,22,33,12,7,0.7432,0.7586,0.7333,0.6984,0.8337,20,40,5,9,0.8108,0.6897,0.8889,0.7407,0.8444,19,43,2,10,0.8378,0.6552,0.9556,0.76,0.7747,19,39,6,10,0.7838,0.6552,0.8667,0.7037,0.8192,19,37,8,10,0.7568,0.6552,0.8222,0.6786,0.8184,21,41,4,8,0.8378,0.7241,0.9111,0.7778,0.8215,19,40,5,10,0.7973,0.6552,0.8889,0.717,0.8322,14,53,6,2,0.8933,0.875,0.8983,0.7778,0.9078,9,52,7,7,0.8133,0.5625,0.8814,0.5625,0.91,10,56,3,6,0.88,0.625,0.9492,0.6897,0.8623,10,51,8,6,0.8133,0.625,0.8644,0.5882,0.8962,10,49,10,6,0.7867,0.625,0.8305,0.5556,0.8782,13,52,7,3,0.8667,0.8125,0.8814,0.7222,0.9025,9,51,8,7,0.8,0.5625,0.8644,0.5455,0.8496
634,22,33,18,1,0.7432,0.9565,0.6471,0.6984,0.8721,18,42,9,5,0.8108,0.7826,0.8235,0.72,0.867,19,45,6,4,0.8649,0.8261,0.8824,0.7917,0.9096,18,42,9,5,0.8108,0.7826,0.8235,0.72,0.8662,15,41,10,8,0.7568,0.6522,0.8039,0.625,0.8534,21,42,9,2,0.8514,0.913,0.8235,0.7925,0.9292,15,43,8,8,0.7838,0.6522,0.8431,0.6522,0.8551,17,46,6,6,0.84,0.7391,0.8846,0.7391,0.8562,12,48,4,11,0.8,0.5217,0.9231,0.6154,0.8863,12,49,3,11,0.8133,0.5217,0.9423,0.6316,0.7433,14,46,6,9,0.8,0.6087,0.8846,0.6512,0.8579,14,45,7,9,0.7867,0.6087,0.8654,0.6364,0.8361,16,47,5,7,0.84,0.6957,0.9038,0.7273,0.847,12,46,6,11,0.7733,0.5217,0.8846,0.5854,0.7935
635,19,39,13,3,0.7838,0.8636,0.75,0.7037,0.9091,14,47,5,8,0.8243,0.6364,0.9038,0.6829,0.8505,17,50,2,5,0.9054,0.7727,0.9615,0.8293,0.9012,14,44,8,8,0.7838,0.6364,0.8462,0.6364,0.8409,14,48,4,8,0.8378,0.6364,0.9231,0.7,0.8418,16,47,5,6,0.8514,0.7273,0.9038,0.7442,0.875,14,46,6,8,0.8108,0.6364,0.8846,0.6667,0.8575,24,46,2,3,0.9333,0.8889,0.9583,0.9057,0.9398,15,44,4,12,0.7867,0.5556,0.9167,0.6522,0.9236,16,47,1,11,0.84,0.5926,0.9792,0.7273,0.8449,21,43,5,6,0.8533,0.7778,0.8958,0.7925,0.9136,19,43,5,8,0.8267,0.7037,0.8958,0.7451,0.9136,22,47,1,5,0.92,0.8148,0.9792,0.88,0.9105,13,43,5,14,0.7467,0.4815,0.8958,0.5778,0.892
636,15,35,20,4,0.6757,0.7895,0.6364,0.5556,0.7359,11,40,15,8,0.6892,0.5789,0.7273,0.4889,0.7062,13,46,9,6,0.7973,0.6842,0.8364,0.6341,0.7722,9,40,15,10,0.6622,0.4737,0.7273,0.4186,0.6919,11,42,13,8,0.7162,0.5789,0.7636,0.5116,0.7234,14,42,13,5,0.7568,0.7368,0.7636,0.6087,0.733,11,42,13,8,0.7162,0.5789,0.7636,0.5116,0.688,18,51,4,2,0.92,0.9,0.9273,0.8571,0.9309,14,50,5,6,0.8533,0.7,0.9091,0.7179,0.9282,13,53,2,7,0.88,0.65,0.9636,0.7429,0.8755,15,50,5,5,0.8667,0.75,0.9091,0.75,0.9255,14,49,6,6,0.84,0.7,0.8909,0.7,0.9091,17,50,5,3,0.8933,0.85,0.9091,0.8095,0.9145,13,50,5,7,0.84,0.65,0.9091,0.6842,0.89
637,22,27,22,3,0.6622,0.88,0.551,0.6377,0.8196,18,41,8,7,0.7973,0.72,0.8367,0.7059,0.8343,22,40,9,3,0.8378,0.88,0.8163,0.7857,0.8547,18,40,9,7,0.7838,0.72,0.8163,0.6923,0.8212,18,41,8,7,0.7973,0.72,0.8367,0.7059,0.8188,19,36,13,6,0.7432,0.76,0.7347,0.6667,0.8424,18,41,8,7,0.7973,0.72,0.8367,0.7059,0.8441,16,48,6,5,0.8533,0.7619,0.8889,0.7442,0.9153,13,51,3,8,0.8533,0.619,0.9444,0.7027,0.9489,10,54,0,11,0.8533,0.4762,1.0,0.6452,0.8642,13,48,6,8,0.8133,0.619,0.8889,0.65,0.9145,12,47,7,9,0.7867,0.5714,0.8704,0.6,0.9153,16,50,4,5,0.88,0.7619,0.9259,0.7805,0.9321,12,48,6,9,0.8,0.5714,0.8889,0.6154,0.8765
638,25,33,13,3,0.7838,0.8929,0.7174,0.7576,0.8734,24,36,10,4,0.8108,0.8571,0.7826,0.7742,0.8362,23,41,5,5,0.8649,0.8214,0.8913,0.8214,0.8587,23,38,8,5,0.8243,0.8214,0.8261,0.7797,0.8424,23,38,8,5,0.8243,0.8214,0.8261,0.7797,0.8408,24,37,9,4,0.8243,0.8571,0.8043,0.7869,0.8579,23,38,8,5,0.8243,0.8214,0.8261,0.7797,0.8067,21,48,3,3,0.92,0.875,0.9412,0.875,0.9567,15,48,3,9,0.84,0.625,0.9412,0.7143,0.9608,15,49,2,9,0.8533,0.625,0.9608,0.7317,0.9003,17,47,4,7,0.8533,0.7083,0.9216,0.7556,0.9436,17,46,5,7,0.84,0.7083,0.902,0.7391,0.9518,21,48,3,3,0.92,0.875,0.9412,0.875,0.9641,15,47,4,9,0.8267,0.625,0.9216,0.6977,0.9289
639,24,33,11,6,0.7703,0.8,0.75,0.7385,0.8462,23,37,7,7,0.8108,0.7667,0.8409,0.7667,0.8227,21,39,5,9,0.8108,0.7,0.8864,0.75,0.8311,21,37,7,9,0.7838,0.7,0.8409,0.7241,0.8136,21,36,8,9,0.7703,0.7,0.8182,0.7119,0.8068,23,40,4,7,0.8514,0.7667,0.9091,0.807,0.8182,21,38,6,9,0.7973,0.7,0.8636,0.7368,0.797,15,47,8,5,0.8267,0.75,0.8545,0.6977,0.8418,12,47,8,8,0.7867,0.6,0.8545,0.6,0.8373,8,54,1,12,0.8267,0.4,0.9818,0.5517,0.7364,13,46,9,7,0.7867,0.65,0.8364,0.619,0.8191,11,45,10,9,0.7467,0.55,0.8182,0.5366,0.8027,15,47,8,5,0.8267,0.75,0.8545,0.6977,0.8445,10,46,9,10,0.7467,0.5,0.8364,0.5128,0.75
640,22,34,12,6,0.7568,0.7857,0.7391,0.7097,0.8238,15,38,8,13,0.7162,0.5357,0.8261,0.5882,0.7554,17,41,5,11,0.7838,0.6071,0.8913,0.68,0.778,14,38,8,14,0.7027,0.5,0.8261,0.56,0.7446,14,40,6,14,0.7297,0.5,0.8696,0.5833,0.7337,18,36,10,10,0.7297,0.6429,0.7826,0.6429,0.7787,14,39,7,14,0.7162,0.5,0.8478,0.5714,0.7236,22,45,5,3,0.8933,0.88,0.9,0.8462,0.8944,15,45,5,10,0.8,0.6,0.9,0.6667,0.8944,13,47,3,12,0.8,0.52,0.94,0.6341,0.8328,18,45,5,7,0.84,0.72,0.9,0.75,0.8976,16,44,6,9,0.8,0.64,0.88,0.6809,0.8784,21,44,6,4,0.8667,0.84,0.88,0.8077,0.872,13,45,5,12,0.7733,0.52,0.9,0.6047,0.828
641,22,39,10,3,0.8243,0.88,0.7959,0.7719,0.8637,14,40,9,11,0.7297,0.56,0.8163,0.5833,0.7796,15,46,3,10,0.8243,0.6,0.9388,0.6977,0.8555,12,41,8,13,0.7162,0.48,0.8367,0.5333,0.7518,12,43,6,13,0.7432,0.48,0.8776,0.5581,0.7682,17,46,3,8,0.8514,0.68,0.9388,0.7556,0.84,12,43,6,13,0.7432,0.48,0.8776,0.5581,0.7706,17,51,5,2,0.9067,0.8947,0.9107,0.8293,0.9361,15,51,5,4,0.88,0.7895,0.9107,0.7692,0.9436,15,53,3,4,0.9067,0.7895,0.9464,0.8108,0.8806,15,50,6,4,0.8667,0.7895,0.8929,0.75,0.9417,15,50,6,4,0.8667,0.7895,0.8929,0.75,0.9295,16,52,4,3,0.9067,0.8421,0.9286,0.8205,0.9192,15,50,6,4,0.8667,0.7895,0.8929,0.75,0.8957
642,27,31,15,1,0.7838,0.9643,0.6739,0.7714,0.9123,19,37,9,9,0.7568,0.6786,0.8043,0.6786,0.8416,21,40,6,7,0.8243,0.75,0.8696,0.7636,0.8851,19,37,9,9,0.7568,0.6786,0.8043,0.6786,0.8401,18,37,9,10,0.7432,0.6429,0.8043,0.6545,0.8339,22,38,8,6,0.8108,0.7857,0.8261,0.7586,0.8913,18,37,9,10,0.7432,0.6429,0.8043,0.6545,0.8261,17,53,2,3,0.9333,0.85,0.9636,0.8718,0.9636,10,53,2,10,0.84,0.5,0.9636,0.625,0.9745,9,54,1,11,0.84,0.45,0.9818,0.6,0.8982,11,53,2,9,0.8533,0.55,0.9636,0.6667,0.9691,11,53,2,9,0.8533,0.55,0.9636,0.6667,0.9718,16,53,2,4,0.92,0.8,0.9636,0.8421,0.9591,10,53,2,10,0.84,0.5,0.9636,0.625,0.9418
643,24,36,11,3,0.8108,0.8889,0.766,0.7742,0.9117,20,37,10,7,0.7703,0.7407,0.7872,0.7018,0.8621,21,43,4,6,0.8649,0.7778,0.9149,0.8077,0.8802,19,35,12,8,0.7297,0.7037,0.7447,0.6552,0.8637,19,40,7,8,0.7973,0.7037,0.8511,0.717,0.8534,19,39,8,8,0.7838,0.7037,0.8298,0.7037,0.8786,19,38,9,8,0.7703,0.7037,0.8085,0.6909,0.8195,11,49,14,1,0.8,0.9167,0.7778,0.5946,0.8915,8,52,11,4,0.8,0.6667,0.8254,0.5161,0.914,7,61,2,5,0.9067,0.5833,0.9683,0.6667,0.869,8,46,17,4,0.72,0.6667,0.7302,0.4324,0.8677,7,44,19,5,0.68,0.5833,0.6984,0.3684,0.8545,10,53,10,2,0.84,0.8333,0.8413,0.625,0.8929,7,46,17,5,0.7067,0.5833,0.7302,0.3889,0.8228
644,30,34,9,1,0.8649,0.9677,0.7907,0.8571,0.943,27,36,7,4,0.8514,0.871,0.8372,0.8308,0.9197,26,38,5,5,0.8649,0.8387,0.8837,0.8387,0.9422,24,37,6,7,0.8243,0.7742,0.8605,0.7869,0.9182,25,38,5,6,0.8514,0.8065,0.8837,0.8197,0.916,29,38,5,2,0.9054,0.9355,0.8837,0.8923,0.9542,25,38,5,6,0.8514,0.8065,0.8837,0.8197,0.9092,18,48,5,4,0.88,0.8182,0.9057,0.8,0.9237,15,48,5,7,0.84,0.6818,0.9057,0.7143,0.9151,15,49,4,7,0.8533,0.6818,0.9245,0.7317,0.8345,16,48,5,6,0.8533,0.7273,0.9057,0.7442,0.9168,15,46,7,7,0.8133,0.6818,0.8679,0.6818,0.9134,17,46,7,5,0.84,0.7727,0.8679,0.7391,0.8928,14,48,5,8,0.8267,0.6364,0.9057,0.6829,0.8834
645,18,38,13,5,0.7568,0.7826,0.7451,0.6667,0.815,12,45,6,11,0.7703,0.5217,0.8824,0.5854,0.8048,18,47,4,5,0.8784,0.7826,0.9216,0.8,0.8005,16,41,10,7,0.7703,0.6957,0.8039,0.6531,0.821,12,42,9,11,0.7297,0.5217,0.8235,0.5455,0.7903,15,45,6,8,0.8108,0.6522,0.8824,0.6818,0.7835,12,41,10,11,0.7162,0.5217,0.8039,0.5333,0.7792,13,56,3,3,0.92,0.8125,0.9492,0.8125,0.9587,6,54,5,10,0.8,0.375,0.9153,0.4444,0.9417,8,59,0,8,0.8933,0.5,1.0,0.6667,0.8528,11,54,5,5,0.8667,0.6875,0.9153,0.6875,0.9354,10,54,5,6,0.8533,0.625,0.9153,0.6452,0.9417,13,56,3,3,0.92,0.8125,0.9492,0.8125,0.964,5,54,5,11,0.7867,0.3125,0.9153,0.3846,0.8983
646,30,29,12,3,0.7973,0.9091,0.7073,0.8,0.8492,22,32,9,11,0.7297,0.6667,0.7805,0.6875,0.8167,26,37,4,7,0.8514,0.7879,0.9024,0.8254,0.8987,21,33,8,12,0.7297,0.6364,0.8049,0.6774,0.8041,21,32,9,12,0.7162,0.6364,0.7805,0.6667,0.8041,23,36,5,10,0.7973,0.697,0.878,0.7541,0.8537,21,34,7,12,0.7432,0.6364,0.8293,0.6885,0.8049,12,47,12,4,0.7867,0.75,0.7966,0.6,0.8549,6,51,8,10,0.76,0.375,0.8644,0.4,0.8994,7,56,3,9,0.84,0.4375,0.9492,0.5385,0.7934,10,47,12,6,0.76,0.625,0.7966,0.5263,0.8453,10,45,14,6,0.7333,0.625,0.7627,0.5,0.8528,11,49,10,5,0.8,0.6875,0.8305,0.5946,0.8708,6,47,12,10,0.7067,0.375,0.7966,0.3529,0.8136
647,26,24,17,7,0.6757,0.7879,0.5854,0.6842,0.799,22,29,12,11,0.6892,0.6667,0.7073,0.6567,0.748,24,34,7,9,0.7838,0.7273,0.8293,0.75,0.7576,23,28,13,10,0.6892,0.697,0.6829,0.6667,0.7531,22,28,13,11,0.6757,0.6667,0.6829,0.6471,0.7347,24,32,9,9,0.7568,0.7273,0.7805,0.7273,0.7716,22,29,12,11,0.6892,0.6667,0.7073,0.6567,0.7413,19,46,7,3,0.8667,0.8636,0.8679,0.7917,0.8714,12,46,7,10,0.7733,0.5455,0.8679,0.5854,0.8688,10,51,2,12,0.8133,0.4545,0.9623,0.5882,0.8353,15,44,9,7,0.7867,0.6818,0.8302,0.6522,0.8465,13,43,10,9,0.7467,0.5909,0.8113,0.5778,0.8285,18,47,6,4,0.8667,0.8182,0.8868,0.7826,0.8688,10,44,9,12,0.72,0.4545,0.8302,0.4878,0.807
648,21,33,15,5,0.7297,0.8077,0.6875,0.6774,0.7788,16,35,13,10,0.6892,0.6154,0.7292,0.5818,0.7428,18,42,6,8,0.8108,0.6923,0.875,0.72,0.7644,16,34,14,10,0.6757,0.6154,0.7083,0.5714,0.7508,14,38,10,12,0.7027,0.5385,0.7917,0.56,0.738,17,39,9,9,0.7568,0.6538,0.8125,0.6538,0.7556,14,36,12,12,0.6757,0.5385,0.75,0.5385,0.7051,20,43,6,6,0.84,0.7692,0.8776,0.7692,0.865,9,42,7,17,0.68,0.3462,0.8571,0.4286,0.8611,9,45,4,17,0.72,0.3462,0.9184,0.4615,0.7818,13,41,8,13,0.72,0.5,0.8367,0.5532,0.8336,13,40,9,13,0.7067,0.5,0.8163,0.5417,0.8375,17,43,6,9,0.8,0.6538,0.8776,0.6939,0.854,9,41,8,17,0.6667,0.3462,0.8367,0.4186,0.821
649,22,36,13,3,0.7838,0.88,0.7347,0.7333,0.8653,17,39,10,8,0.7568,0.68,0.7959,0.6538,0.8261,21,44,5,4,0.8784,0.84,0.898,0.8235,0.8988,19,38,11,6,0.7703,0.76,0.7755,0.6909,0.8408,17,41,8,8,0.7838,0.68,0.8367,0.68,0.8278,19,42,7,6,0.8243,0.76,0.8571,0.7451,0.8947,17,39,10,8,0.7568,0.68,0.7959,0.6538,0.8106,16,47,5,7,0.84,0.6957,0.9038,0.7273,0.9247,13,46,6,10,0.7867,0.5652,0.8846,0.619,0.9314,14,50,2,9,0.8533,0.6087,0.9615,0.7179,0.8403,15,46,6,8,0.8133,0.6522,0.8846,0.6818,0.9256,14,46,6,9,0.8,0.6087,0.8846,0.6512,0.9289,16,47,5,7,0.84,0.6957,0.9038,0.7273,0.9348,12,46,6,11,0.7733,0.5217,0.8846,0.5854,0.8913
650,29,31,13,1,0.8108,0.9667,0.7045,0.8056,0.8727,25,34,10,5,0.7973,0.8333,0.7727,0.7692,0.8583,26,37,7,4,0.8514,0.8667,0.8409,0.8254,0.9121,21,33,11,9,0.7297,0.7,0.75,0.6774,0.85,23,34,10,7,0.7703,0.7667,0.7727,0.7302,0.8614,26,37,7,4,0.8514,0.8667,0.8409,0.8254,0.9129,23,34,10,7,0.7703,0.7667,0.7727,0.7302,0.8394,18,51,4,2,0.92,0.9,0.9273,0.8571,0.9564,12,50,5,8,0.8267,0.6,0.9091,0.6486,0.9491,11,54,1,9,0.8667,0.55,0.9818,0.6875,0.9318,14,50,5,6,0.8533,0.7,0.9091,0.7179,0.9364,13,48,7,7,0.8133,0.65,0.8727,0.65,0.93,18,49,6,2,0.8933,0.9,0.8909,0.8182,0.9464,11,50,5,9,0.8133,0.55,0.9091,0.6111,0.9045
651,25,31,16,2,0.7568,0.9259,0.6596,0.7353,0.8613,20,35,12,7,0.7432,0.7407,0.7447,0.678,0.7849,22,41,6,5,0.8514,0.8148,0.8723,0.8,0.8637,19,34,13,8,0.7162,0.7037,0.7234,0.6441,0.7928,19,37,10,8,0.7568,0.7037,0.7872,0.6786,0.7825,18,42,5,9,0.8108,0.6667,0.8936,0.72,0.8385,19,38,9,8,0.7703,0.7037,0.8085,0.6909,0.7983,17,53,4,1,0.9333,0.9444,0.9298,0.8718,0.9415,13,52,5,5,0.8667,0.7222,0.9123,0.7222,0.9396,11,56,1,7,0.8933,0.6111,0.9825,0.7333,0.8626,14,51,6,4,0.8667,0.7778,0.8947,0.7368,0.9298,13,51,6,5,0.8533,0.7222,0.8947,0.7027,0.9123,15,54,3,3,0.92,0.8333,0.9474,0.8333,0.9103,12,51,6,6,0.84,0.6667,0.8947,0.6667,0.8957
652,24,35,14,1,0.7973,0.96,0.7143,0.7619,0.9486,21,43,6,4,0.8649,0.84,0.8776,0.8077,0.8922,24,45,4,1,0.9324,0.96,0.9184,0.9057,0.9608,23,39,10,2,0.8378,0.92,0.7959,0.7931,0.9143,21,43,6,4,0.8649,0.84,0.8776,0.8077,0.8898,22,41,8,3,0.8514,0.88,0.8367,0.8,0.9257,21,40,9,4,0.8243,0.84,0.8163,0.7636,0.88,18,51,4,2,0.92,0.9,0.9273,0.8571,0.9609,13,51,4,7,0.8533,0.65,0.9273,0.7027,0.9527,11,54,1,9,0.8667,0.55,0.9818,0.6875,0.8418,16,51,4,4,0.8933,0.8,0.9273,0.8,0.9491,13,50,5,7,0.84,0.65,0.9091,0.6842,0.9355,16,50,5,4,0.88,0.8,0.9091,0.7805,0.9291,10,51,4,10,0.8133,0.5,0.9273,0.5882,0.9436
653,18,29,22,5,0.6351,0.7826,0.5686,0.5714,0.8227,15,34,17,8,0.6622,0.6522,0.6667,0.5455,0.7749,14,44,7,9,0.7838,0.6087,0.8627,0.6364,0.7255,16,33,18,7,0.6622,0.6957,0.6471,0.5614,0.7809,15,34,17,8,0.6622,0.6522,0.6667,0.5455,0.7818,17,41,10,6,0.7838,0.7391,0.8039,0.68,0.798,15,34,17,8,0.6622,0.6522,0.6667,0.5455,0.7621,19,47,7,2,0.88,0.9048,0.8704,0.8085,0.9189,18,48,6,3,0.88,0.8571,0.8889,0.8,0.9356,14,52,2,7,0.88,0.6667,0.963,0.7568,0.9074,19,47,7,2,0.88,0.9048,0.8704,0.8085,0.925,18,47,7,3,0.8667,0.8571,0.8704,0.7826,0.9198,19,48,6,2,0.8933,0.9048,0.8889,0.8261,0.94,17,47,7,4,0.8533,0.8095,0.8704,0.7556,0.8915
654,19,35,16,4,0.7297,0.8261,0.6863,0.6552,0.8363,14,44,7,9,0.7838,0.6087,0.8627,0.6364,0.7997,17,44,7,6,0.8243,0.7391,0.8627,0.7234,0.7928,14,39,12,9,0.7162,0.6087,0.7647,0.5714,0.798,14,44,7,9,0.7838,0.6087,0.8627,0.6364,0.8167,17,38,13,6,0.7432,0.7391,0.7451,0.6415,0.7715,14,40,11,9,0.7297,0.6087,0.7843,0.5833,0.8014,16,50,8,1,0.88,0.9412,0.8621,0.7805,0.931,10,50,8,7,0.8,0.5882,0.8621,0.5714,0.9189,7,56,2,10,0.84,0.4118,0.9655,0.5385,0.8732,12,47,11,5,0.7867,0.7059,0.8103,0.6,0.9006,12,47,11,5,0.7867,0.7059,0.8103,0.6,0.9037,14,53,5,3,0.8933,0.8235,0.9138,0.7778,0.9138,10,47,11,7,0.76,0.5882,0.8103,0.5263,0.8824
655,16,34,21,3,0.6757,0.8421,0.6182,0.5714,0.8306,13,45,10,6,0.7838,0.6842,0.8182,0.619,0.7722,15,48,7,4,0.8514,0.7895,0.8727,0.7317,0.8526,13,44,11,6,0.7703,0.6842,0.8,0.6047,0.7656,13,45,10,6,0.7838,0.6842,0.8182,0.619,0.755,11,45,10,8,0.7568,0.5789,0.8182,0.55,0.7761,13,44,11,6,0.7703,0.6842,0.8,0.6047,0.7474,16,51,4,4,0.8933,0.8,0.9273,0.8,0.9218,10,52,3,10,0.8267,0.5,0.9455,0.6061,0.9291,10,54,1,10,0.8533,0.5,0.9818,0.6452,0.7973,11,50,5,9,0.8133,0.55,0.9091,0.6111,0.9182,11,49,6,9,0.8,0.55,0.8909,0.5946,0.9036,13,52,3,7,0.8667,0.65,0.9455,0.7222,0.8682,10,50,5,10,0.8,0.5,0.9091,0.5714,0.8955
656,26,33,11,4,0.7973,0.8667,0.75,0.7761,0.8659,24,35,9,6,0.7973,0.8,0.7955,0.7619,0.8523,24,38,6,6,0.8378,0.8,0.8636,0.8,0.8265,21,34,10,9,0.7432,0.7,0.7727,0.6885,0.8515,24,35,9,6,0.7973,0.8,0.7955,0.7619,0.8758,24,39,5,6,0.8514,0.8,0.8864,0.8136,0.8455,24,35,9,6,0.7973,0.8,0.7955,0.7619,0.8652,12,54,5,4,0.88,0.75,0.9153,0.7273,0.8665,8,54,5,8,0.8267,0.5,0.9153,0.5517,0.8867,8,56,3,8,0.8533,0.5,0.9492,0.5926,0.7108,8,54,5,8,0.8267,0.5,0.9153,0.5517,0.8581,8,54,5,8,0.8267,0.5,0.9153,0.5517,0.8464,11,54,5,5,0.8667,0.6875,0.9153,0.6875,0.8347,8,54,5,8,0.8267,0.5,0.9153,0.5517,0.8273
657,18,46,8,2,0.8649,0.9,0.8519,0.7826,0.9167,12,50,4,8,0.8378,0.6,0.9259,0.6667,0.837,17,50,4,3,0.9054,0.85,0.9259,0.8293,0.9259,14,51,3,6,0.8784,0.7,0.9444,0.7568,0.8231,12,51,3,8,0.8514,0.6,0.9444,0.6857,0.8056,15,48,6,5,0.8514,0.75,0.8889,0.7317,0.8824,12,51,3,8,0.8514,0.6,0.9444,0.6857,0.8806,10,56,5,4,0.88,0.7143,0.918,0.6897,0.9227,7,55,6,7,0.8267,0.5,0.9016,0.5185,0.9297,5,58,3,9,0.84,0.3571,0.9508,0.4545,0.7857,7,55,6,7,0.8267,0.5,0.9016,0.5185,0.8618,7,49,12,7,0.7467,0.5,0.8033,0.4242,0.8782,10,50,11,4,0.8,0.7143,0.8197,0.5714,0.8735,7,55,6,7,0.8267,0.5,0.9016,0.5185,0.856
658,22,36,12,4,0.7838,0.8462,0.75,0.7333,0.8718,17,39,9,9,0.7568,0.6538,0.8125,0.6538,0.7957,20,43,5,6,0.8514,0.7692,0.8958,0.7843,0.8381,17,37,11,9,0.7297,0.6538,0.7708,0.6296,0.8069,17,39,9,9,0.7568,0.6538,0.8125,0.6538,0.7829,17,39,9,9,0.7568,0.6538,0.8125,0.6538,0.8221,17,38,10,9,0.7432,0.6538,0.7917,0.6415,0.7821,15,54,4,2,0.92,0.8824,0.931,0.8333,0.9533,9,54,4,8,0.84,0.5294,0.931,0.6,0.9503,8,57,1,9,0.8667,0.4706,0.9828,0.6154,0.9158,10,53,5,7,0.84,0.5882,0.9138,0.625,0.9331,10,51,7,7,0.8133,0.5882,0.8793,0.5882,0.931,14,53,5,3,0.8933,0.8235,0.9138,0.7778,0.9402,9,53,5,8,0.8267,0.5294,0.9138,0.5806,0.9037
659,26,35,10,3,0.8243,0.8966,0.7778,0.8,0.8912,23,38,7,6,0.8243,0.7931,0.8444,0.7797,0.882,24,42,3,5,0.8919,0.8276,0.9333,0.8571,0.8966,23,38,7,6,0.8243,0.7931,0.8444,0.7797,0.8889,23,38,7,6,0.8243,0.7931,0.8444,0.7797,0.8782,24,40,5,5,0.8649,0.8276,0.8889,0.8276,0.9065,23,39,6,6,0.8378,0.7931,0.8667,0.7931,0.8667,16,50,6,3,0.88,0.8421,0.8929,0.7805,0.9041,12,48,8,7,0.8,0.6316,0.8571,0.6154,0.891,11,53,3,8,0.8533,0.5789,0.9464,0.6667,0.8534,16,48,8,3,0.8533,0.8421,0.8571,0.7442,0.8863,14,47,9,5,0.8133,0.7368,0.8393,0.6667,0.8816,16,49,7,3,0.8667,0.8421,0.875,0.7619,0.9051,10,48,8,9,0.7733,0.5263,0.8571,0.5405,0.8402
660,25,31,15,3,0.7568,0.8929,0.6739,0.7353,0.9037,22,37,9,6,0.7973,0.7857,0.8043,0.7458,0.8665,21,41,5,7,0.8378,0.75,0.8913,0.7778,0.8377,21,37,9,7,0.7838,0.75,0.8043,0.7241,0.861,22,36,10,6,0.7838,0.7857,0.7826,0.7333,0.8432,22,38,8,6,0.8108,0.7857,0.8261,0.7586,0.9161,22,37,9,6,0.7973,0.7857,0.8043,0.7458,0.8432,16,55,2,2,0.9467,0.8889,0.9649,0.8889,0.9298,14,55,2,4,0.92,0.7778,0.9649,0.8235,0.9269,13,56,1,5,0.92,0.7222,0.9825,0.8125,0.8148,14,55,2,4,0.92,0.7778,0.9649,0.8235,0.9288,13,53,4,5,0.88,0.7222,0.9298,0.7429,0.8947,14,53,4,4,0.8933,0.7778,0.9298,0.7778,0.883,13,55,2,5,0.9067,0.7222,0.9649,0.7879,0.8752
661,15,36,19,4,0.6892,0.7895,0.6545,0.566,0.7847,13,46,9,6,0.7973,0.6842,0.8364,0.6341,0.7502,11,48,7,8,0.7973,0.5789,0.8727,0.5946,0.7809,10,43,12,9,0.7162,0.5263,0.7818,0.4878,0.7234,11,41,14,8,0.7027,0.5789,0.7455,0.5,0.7215,13,43,12,6,0.7568,0.6842,0.7818,0.5909,0.756,11,43,12,8,0.7297,0.5789,0.7818,0.5238,0.7254,15,45,12,3,0.8,0.8333,0.7895,0.6667,0.8138,8,48,9,10,0.7467,0.4444,0.8421,0.4571,0.8431,5,52,5,13,0.76,0.2778,0.9123,0.3571,0.7934,10,45,12,8,0.7333,0.5556,0.7895,0.5,0.8021,7,44,13,11,0.68,0.3889,0.7719,0.3684,0.7963,14,47,10,4,0.8133,0.7778,0.8246,0.6667,0.8294,5,45,12,13,0.6667,0.2778,0.7895,0.2857,0.7632
662,19,31,16,8,0.6757,0.7037,0.6596,0.6129,0.7699,16,38,9,11,0.7297,0.5926,0.8085,0.6154,0.736,18,41,6,9,0.7973,0.6667,0.8723,0.7059,0.7392,14,39,8,13,0.7162,0.5185,0.8298,0.5714,0.7155,15,39,8,12,0.7297,0.5556,0.8298,0.6,0.7218,16,36,11,11,0.7027,0.5926,0.766,0.5926,0.7132,15,39,8,12,0.7297,0.5556,0.8298,0.6,0.7289,15,53,6,1,0.9067,0.9375,0.8983,0.8108,0.9608,12,55,4,4,0.8933,0.75,0.9322,0.75,0.9576,12,57,2,4,0.92,0.75,0.9661,0.8,0.8549,12,53,6,4,0.8667,0.75,0.8983,0.7059,0.9576,12,52,7,4,0.8533,0.75,0.8814,0.6857,0.9502,12,54,5,4,0.88,0.75,0.9153,0.7273,0.911,12,53,6,4,0.8667,0.75,0.8983,0.7059,0.9386
663,18,37,15,4,0.7432,0.8182,0.7115,0.6545,0.8462,14,42,10,8,0.7568,0.6364,0.8077,0.6087,0.8077,17,43,9,5,0.8108,0.7727,0.8269,0.7083,0.8147,16,41,11,6,0.7703,0.7273,0.7885,0.6531,0.8086,14,41,11,8,0.7432,0.6364,0.7885,0.5957,0.7972,17,43,9,5,0.8108,0.7727,0.8269,0.7083,0.8156,14,41,11,8,0.7432,0.6364,0.7885,0.5957,0.799,20,44,5,6,0.8533,0.7692,0.898,0.7843,0.876,15,43,6,11,0.7733,0.5769,0.8776,0.6383,0.8799,15,45,4,11,0.8,0.5769,0.9184,0.6667,0.7567,18,43,6,8,0.8133,0.6923,0.8776,0.72,0.8721,18,43,6,8,0.8133,0.6923,0.8776,0.72,0.8532,18,44,5,8,0.8267,0.6923,0.898,0.7347,0.8375,15,43,6,11,0.7733,0.5769,0.8776,0.6383,0.8069
664,23,32,17,2,0.7432,0.92,0.6531,0.7077,0.9037,18,40,9,7,0.7838,0.72,0.8163,0.6923,0.8367,19,39,10,6,0.7838,0.76,0.7959,0.7037,0.8547,16,37,12,9,0.7162,0.64,0.7551,0.6038,0.8343,17,39,10,8,0.7568,0.68,0.7959,0.6538,0.8278,19,38,11,6,0.7703,0.76,0.7755,0.6909,0.8539,17,37,12,8,0.7297,0.68,0.7551,0.6296,0.8098,14,50,9,2,0.8533,0.875,0.8475,0.7179,0.8506,9,51,8,7,0.8,0.5625,0.8644,0.5455,0.8612,9,56,3,7,0.8667,0.5625,0.9492,0.6429,0.7956,12,48,11,4,0.8,0.75,0.8136,0.6154,0.8369,12,47,12,4,0.7867,0.75,0.7966,0.6,0.8242,13,52,7,3,0.8667,0.8125,0.8814,0.7222,0.8581,9,48,11,7,0.76,0.5625,0.8136,0.5,0.7903
665,21,44,8,1,0.8784,0.9545,0.8462,0.8235,0.9379,18,48,4,4,0.8919,0.8182,0.9231,0.8182,0.9257,19,48,4,3,0.9054,0.8636,0.9231,0.8444,0.9257,16,47,5,6,0.8514,0.7273,0.9038,0.7442,0.9205,17,47,5,5,0.8649,0.7727,0.9038,0.7727,0.9257,20,46,6,2,0.8919,0.9091,0.8846,0.8333,0.9406,17,48,4,5,0.8784,0.7727,0.9231,0.7907,0.9038,18,48,7,2,0.88,0.9,0.8727,0.8,0.9273,15,51,4,5,0.88,0.75,0.9273,0.7692,0.9445,15,54,1,5,0.92,0.75,0.9818,0.8333,0.9227,17,48,7,3,0.8667,0.85,0.8727,0.7727,0.9227,17,47,8,3,0.8533,0.85,0.8545,0.7556,0.9227,18,50,5,2,0.9067,0.9,0.9091,0.8372,0.9473,15,48,7,5,0.84,0.75,0.8727,0.7143,0.8855
666,25,31,17,1,0.7568,0.9615,0.6458,0.7353,0.8854,19,35,13,7,0.7297,0.7308,0.7292,0.6552,0.8037,20,42,6,6,0.8378,0.7692,0.875,0.7692,0.8221,21,31,17,5,0.7027,0.8077,0.6458,0.6562,0.8413,18,35,13,8,0.7162,0.6923,0.7292,0.6316,0.8245,21,36,12,5,0.7703,0.8077,0.75,0.7119,0.8542,18,33,15,8,0.6892,0.6923,0.6875,0.6102,0.7516,19,45,10,1,0.8533,0.95,0.8182,0.7755,0.8973,13,46,9,7,0.7867,0.65,0.8364,0.619,0.8855,13,48,7,7,0.8133,0.65,0.8727,0.65,0.8409,16,45,10,4,0.8133,0.8,0.8182,0.6957,0.8836,15,44,11,5,0.7867,0.75,0.8,0.6522,0.8691,17,45,10,3,0.8267,0.85,0.8182,0.7234,0.8636,12,45,10,8,0.76,0.6,0.8182,0.5714,0.8445
667,22,26,25,1,0.6486,0.9565,0.5098,0.6286,0.9088,17,39,12,6,0.7568,0.7391,0.7647,0.6538,0.8056,21,40,11,2,0.8243,0.913,0.7843,0.7636,0.8627,18,35,16,5,0.7162,0.7826,0.6863,0.6316,0.8278,17,38,13,6,0.7432,0.7391,0.7451,0.6415,0.8227,19,34,17,4,0.7162,0.8261,0.6667,0.6441,0.8193,17,35,16,6,0.7027,0.7391,0.6863,0.6071,0.7954,16,52,4,3,0.9067,0.8421,0.9286,0.8205,0.9211,12,52,4,7,0.8533,0.6316,0.9286,0.6857,0.9305,11,54,2,8,0.8667,0.5789,0.9643,0.6875,0.8336,15,52,4,4,0.8933,0.7895,0.9286,0.7895,0.9229,13,50,6,6,0.84,0.6842,0.8929,0.6842,0.9088,15,50,6,4,0.8667,0.7895,0.8929,0.75,0.8985,10,52,4,9,0.8267,0.5263,0.9286,0.6061,0.8825
668,20,35,16,3,0.7432,0.8696,0.6863,0.678,0.8448,14,42,9,9,0.7568,0.6087,0.8235,0.6087,0.7852,16,40,11,7,0.7568,0.6957,0.7843,0.64,0.7553,14,40,11,9,0.7297,0.6087,0.7843,0.5833,0.7749,13,40,11,10,0.7162,0.5652,0.7843,0.5532,0.7818,17,40,11,6,0.7703,0.7391,0.7843,0.6667,0.763,13,40,11,10,0.7162,0.5652,0.7843,0.5532,0.7945,16,46,12,1,0.8267,0.9412,0.7931,0.7111,0.8661,11,44,14,6,0.7333,0.6471,0.7586,0.5238,0.8631,10,50,8,7,0.8,0.5882,0.8621,0.5714,0.8834,14,42,16,3,0.7467,0.8235,0.7241,0.5957,0.8438,12,40,18,5,0.6933,0.7059,0.6897,0.5106,0.8428,16,46,12,1,0.8267,0.9412,0.7931,0.7111,0.8874,9,42,16,8,0.68,0.5294,0.7241,0.4286,0.7972
669,24,32,17,1,0.7568,0.96,0.6531,0.7273,0.9053,18,34,15,7,0.7027,0.72,0.6939,0.6207,0.8171,16,41,8,9,0.7703,0.64,0.8367,0.6531,0.8294,18,34,15,7,0.7027,0.72,0.6939,0.6207,0.8416,16,37,12,9,0.7162,0.64,0.7551,0.6038,0.8416,21,37,12,4,0.7838,0.84,0.7551,0.7241,0.8669,16,38,11,9,0.7297,0.64,0.7755,0.6154,0.8041,17,49,5,4,0.88,0.8095,0.9074,0.7907,0.8871,13,48,6,8,0.8133,0.619,0.8889,0.65,0.8915,14,52,2,7,0.88,0.6667,0.963,0.7568,0.8272,14,48,6,7,0.8267,0.6667,0.8889,0.6829,0.8774,14,47,7,7,0.8133,0.6667,0.8704,0.6667,0.8677,17,48,6,4,0.8667,0.8095,0.8889,0.7727,0.888,13,48,6,8,0.8133,0.619,0.8889,0.65,0.8201
670,24,31,17,2,0.7432,0.9231,0.6458,0.7164,0.847,19,35,13,7,0.7297,0.7308,0.7292,0.6552,0.7644,23,38,10,3,0.8243,0.8846,0.7917,0.7797,0.8486,18,35,13,8,0.7162,0.6923,0.7292,0.6316,0.7532,19,37,11,7,0.7568,0.7308,0.7708,0.6786,0.7676,19,37,11,7,0.7568,0.7308,0.7708,0.6786,0.8325,19,37,11,7,0.7568,0.7308,0.7708,0.6786,0.7877,13,56,4,2,0.92,0.8667,0.9333,0.8125,0.92,9,55,5,6,0.8533,0.6,0.9167,0.6207,0.92,9,58,2,6,0.8933,0.6,0.9667,0.6923,0.8589,10,54,6,5,0.8533,0.6667,0.9,0.6452,0.8989,9,51,9,6,0.8,0.6,0.85,0.5455,0.8811,13,54,6,2,0.8933,0.8667,0.9,0.7647,0.9178,8,54,6,7,0.8267,0.5333,0.9,0.5517,0.8578
671,21,34,14,5,0.7432,0.8077,0.7083,0.6885,0.7973,17,38,10,9,0.7432,0.6538,0.7917,0.6415,0.7652,19,38,10,7,0.7703,0.7308,0.7917,0.6909,0.7724,18,34,14,8,0.7027,0.6923,0.7083,0.6207,0.7764,16,35,13,10,0.6892,0.6154,0.7292,0.5818,0.7508,19,36,12,7,0.7432,0.7308,0.75,0.6667,0.758,16,34,14,10,0.6757,0.6154,0.7083,0.5714,0.726,9,49,14,3,0.7733,0.75,0.7778,0.5143,0.8624,6,50,13,6,0.7467,0.5,0.7937,0.3871,0.8638,6,56,7,6,0.8267,0.5,0.8889,0.48,0.7672,8,48,15,4,0.7467,0.6667,0.7619,0.4571,0.8492,8,48,15,4,0.7467,0.6667,0.7619,0.4571,0.8545,9,51,12,3,0.8,0.75,0.8095,0.5455,0.8611,6,48,15,6,0.72,0.5,0.7619,0.3636,0.8029
672,25,35,11,3,0.8108,0.8929,0.7609,0.7812,0.8773,21,38,8,7,0.7973,0.75,0.8261,0.7368,0.8579,21,38,8,7,0.7973,0.75,0.8261,0.7368,0.8284,19,39,7,9,0.7838,0.6786,0.8478,0.7037,0.8587,19,38,8,9,0.7703,0.6786,0.8261,0.6909,0.8408,23,37,9,5,0.8108,0.8214,0.8043,0.7667,0.8719,19,39,7,9,0.7838,0.6786,0.8478,0.7037,0.8416,18,53,2,2,0.9467,0.9,0.9636,0.9,0.9564,15,51,4,5,0.88,0.75,0.9273,0.7692,0.9618,16,55,0,4,0.9467,0.8,1.0,0.8889,0.9427,17,51,4,3,0.9067,0.85,0.9273,0.8293,0.9545,17,51,4,3,0.9067,0.85,0.9273,0.8293,0.9518,18,53,2,2,0.9467,0.9,0.9636,0.9,0.9636,15,51,4,5,0.88,0.75,0.9273,0.7692,0.9309
673,22,35,12,5,0.7703,0.8148,0.7447,0.7213,0.8392,18,40,7,9,0.7838,0.6667,0.8511,0.6923,0.8219,18,44,3,9,0.8378,0.6667,0.9362,0.75,0.8361,16,36,11,11,0.7027,0.5926,0.766,0.5926,0.7991,16,39,8,11,0.7432,0.5926,0.8298,0.6275,0.7888,20,40,7,7,0.8108,0.7407,0.8511,0.7407,0.8227,16,37,10,11,0.7162,0.5926,0.7872,0.6038,0.7746,21,48,2,4,0.92,0.84,0.96,0.875,0.9424,12,47,3,13,0.7867,0.48,0.94,0.6,0.9416,16,50,0,9,0.88,0.64,1.0,0.7805,0.8352,18,46,4,7,0.8533,0.72,0.92,0.766,0.9184,17,46,4,8,0.84,0.68,0.92,0.7391,0.92,19,49,1,6,0.9067,0.76,0.98,0.8444,0.928,11,46,4,14,0.76,0.44,0.92,0.55,0.8904
674,23,37,12,2,0.8108,0.92,0.7551,0.7667,0.9127,19,43,6,6,0.8378,0.76,0.8776,0.76,0.8776,19,42,7,6,0.8243,0.76,0.8571,0.7451,0.862,18,40,9,7,0.7838,0.72,0.8163,0.6923,0.871,17,41,8,8,0.7838,0.68,0.8367,0.68,0.871,21,40,9,4,0.8243,0.84,0.8163,0.7636,0.8947,17,41,8,8,0.7838,0.68,0.8367,0.68,0.871,15,51,6,3,0.88,0.8333,0.8947,0.7692,0.9103,12,50,7,6,0.8267,0.6667,0.8772,0.6486,0.9201,13,52,5,5,0.8667,0.7222,0.9123,0.7222,0.8441,14,50,7,4,0.8533,0.7778,0.8772,0.7179,0.9074,13,50,7,5,0.84,0.7222,0.8772,0.6842,0.9055,15,51,6,3,0.88,0.8333,0.8947,0.7692,0.9181,11,50,7,7,0.8133,0.6111,0.8772,0.6111,0.8772
675,26,36,10,2,0.8378,0.9286,0.7826,0.8125,0.9356,23,38,8,5,0.8243,0.8214,0.8261,0.7797,0.8835,25,39,7,3,0.8649,0.8929,0.8478,0.8333,0.903,23,37,9,5,0.8108,0.8214,0.8043,0.7667,0.8991,23,37,9,5,0.8108,0.8214,0.8043,0.7667,0.8835,23,39,7,5,0.8378,0.8214,0.8478,0.7931,0.9193,23,38,8,5,0.8243,0.8214,0.8261,0.7797,0.8703,21,45,6,3,0.88,0.875,0.8824,0.8235,0.9093,16,46,5,8,0.8267,0.6667,0.902,0.7111,0.9265,14,49,2,10,0.84,0.5833,0.9608,0.7,0.8799,18,45,6,6,0.84,0.75,0.8824,0.75,0.9077,15,44,7,9,0.7867,0.625,0.8627,0.6522,0.902,20,45,6,4,0.8667,0.8333,0.8824,0.8,0.906,13,45,6,11,0.7733,0.5417,0.8824,0.6047,0.866
676,26,37,10,1,0.8514,0.963,0.7872,0.8254,0.9188,21,39,8,6,0.8108,0.7778,0.8298,0.75,0.8731,24,41,6,3,0.8784,0.8889,0.8723,0.8421,0.911,22,38,9,5,0.8108,0.8148,0.8085,0.7586,0.8818,21,40,7,6,0.8243,0.7778,0.8511,0.7636,0.8818,21,40,7,6,0.8243,0.7778,0.8511,0.7636,0.8881,21,40,7,6,0.8243,0.7778,0.8511,0.7636,0.8676,21,40,9,5,0.8133,0.8077,0.8163,0.75,0.8681,14,42,7,12,0.7467,0.5385,0.8571,0.5957,0.8932,14,45,4,12,0.7867,0.5385,0.9184,0.6364,0.7418,16,39,10,10,0.7333,0.6154,0.7959,0.6154,0.8556,15,38,11,11,0.7067,0.5769,0.7755,0.5769,0.854,18,42,7,8,0.8,0.6923,0.8571,0.7059,0.8454,13,39,10,13,0.6933,0.5,0.7959,0.5306,0.8155
677,24,35,12,3,0.7973,0.8889,0.7447,0.7619,0.87,16,37,10,11,0.7162,0.5926,0.7872,0.6038,0.8046,20,41,6,7,0.8243,0.7407,0.8723,0.7547,0.87,16,36,11,11,0.7027,0.5926,0.766,0.5926,0.8101,16,40,7,11,0.7568,0.5926,0.8511,0.64,0.803,21,40,7,6,0.8243,0.7778,0.8511,0.7636,0.866,16,39,8,11,0.7432,0.5926,0.8298,0.6275,0.7991,11,56,5,3,0.8933,0.7857,0.918,0.7333,0.904,7,56,5,7,0.84,0.5,0.918,0.5385,0.904,3,58,3,11,0.8133,0.2143,0.9508,0.3,0.7084,8,56,5,6,0.8533,0.5714,0.918,0.5926,0.8981,6,55,6,8,0.8133,0.4286,0.9016,0.4615,0.8665,9,55,6,5,0.8533,0.6429,0.9016,0.6207,0.8501,5,56,5,9,0.8133,0.3571,0.918,0.4167,0.8618
678,18,41,14,1,0.7973,0.9474,0.7455,0.7059,0.9206,16,47,8,3,0.8514,0.8421,0.8545,0.7442,0.889,16,50,5,3,0.8919,0.8421,0.9091,0.8,0.9158,15,47,8,4,0.8378,0.7895,0.8545,0.7143,0.8909,14,46,9,5,0.8108,0.7368,0.8364,0.6667,0.8794,17,49,6,2,0.8919,0.8947,0.8909,0.8095,0.9215,14,47,8,5,0.8243,0.7368,0.8545,0.6829,0.889,19,47,5,4,0.88,0.8261,0.9038,0.8085,0.8855,11,48,4,12,0.7867,0.4783,0.9231,0.5789,0.9005,9,50,2,14,0.7867,0.3913,0.9615,0.5294,0.8077,15,46,6,8,0.8133,0.6522,0.8846,0.6818,0.862,13,43,9,10,0.7467,0.5652,0.8269,0.5778,0.8436,18,46,6,5,0.8533,0.7826,0.8846,0.766,0.8763,9,46,6,14,0.7333,0.3913,0.8846,0.4737,0.7834
679,29,33,10,2,0.8378,0.9355,0.7674,0.8286,0.9197,28,33,10,3,0.8243,0.9032,0.7674,0.8116,0.8815,25,38,5,6,0.8514,0.8065,0.8837,0.8197,0.886,27,31,12,4,0.7838,0.871,0.7209,0.7714,0.913,26,35,8,5,0.8243,0.8387,0.814,0.8,0.8995,26,36,7,5,0.8378,0.8387,0.8372,0.8125,0.9025,26,34,9,5,0.8108,0.8387,0.7907,0.7879,0.862,18,50,5,2,0.9067,0.9,0.9091,0.8372,0.9218,13,48,7,7,0.8133,0.65,0.8727,0.65,0.9073,12,53,2,8,0.8667,0.6,0.9636,0.7059,0.82,14,47,8,6,0.8133,0.7,0.8545,0.6667,0.9045,13,47,8,7,0.8,0.65,0.8545,0.6341,0.8827,16,51,4,4,0.8933,0.8,0.9273,0.8,0.8818,12,47,8,8,0.7867,0.6,0.8545,0.6,0.8655
680,25,37,11,1,0.8378,0.9615,0.7708,0.8065,0.9295,19,40,8,7,0.7973,0.7308,0.8333,0.717,0.8734,20,43,5,6,0.8514,0.7692,0.8958,0.7843,0.8902,16,40,8,10,0.7568,0.6154,0.8333,0.64,0.8734,17,40,8,9,0.7703,0.6538,0.8333,0.6667,0.8894,20,41,7,6,0.8243,0.7692,0.8542,0.7547,0.8822,17,42,6,9,0.7973,0.6538,0.875,0.6939,0.8494,23,49,1,2,0.96,0.92,0.98,0.9388,0.9712,16,48,2,9,0.8533,0.64,0.96,0.7442,0.9648,14,50,0,11,0.8533,0.56,1.0,0.7179,0.9096,19,48,2,6,0.8933,0.76,0.96,0.8261,0.9624,18,48,2,7,0.88,0.72,0.96,0.8,0.9528,22,49,1,3,0.9467,0.88,0.98,0.9167,0.9544,15,48,2,10,0.84,0.6,0.96,0.7143,0.932
681,26,28,17,3,0.7297,0.8966,0.6222,0.7222,0.9019,23,33,12,6,0.7568,0.7931,0.7333,0.7188,0.8253,21,37,8,8,0.7838,0.7241,0.8222,0.7241,0.8475,21,29,16,8,0.6757,0.7241,0.6444,0.6364,0.8314,21,32,13,8,0.7162,0.7241,0.7111,0.6667,0.8207,23,36,9,6,0.7973,0.7931,0.8,0.7541,0.8812,21,32,13,8,0.7162,0.7241,0.7111,0.6667,0.7663,10,53,9,3,0.84,0.7692,0.8548,0.625,0.8337,7,52,10,6,0.7867,0.5385,0.8387,0.4667,0.8164,6,55,7,7,0.8133,0.4615,0.8871,0.4615,0.7705,8,51,11,5,0.7867,0.6154,0.8226,0.5,0.8015,7,51,11,6,0.7733,0.5385,0.8226,0.4516,0.7841,10,54,8,3,0.8533,0.7692,0.871,0.6452,0.8288,6,51,11,7,0.76,0.4615,0.8226,0.4,0.7246
682,21,38,13,2,0.7973,0.913,0.7451,0.7368,0.8917,19,43,8,4,0.8378,0.8261,0.8431,0.76,0.9011,18,48,3,5,0.8919,0.7826,0.9412,0.8182,0.8491,18,43,8,5,0.8243,0.7826,0.8431,0.7347,0.8977,19,44,7,4,0.8514,0.8261,0.8627,0.7755,0.8994,21,45,6,2,0.8919,0.913,0.8824,0.84,0.9224,19,43,8,4,0.8378,0.8261,0.8431,0.76,0.8815,21,47,4,3,0.9067,0.875,0.9216,0.8571,0.9469,17,47,4,7,0.8533,0.7083,0.9216,0.7556,0.9477,17,50,1,7,0.8933,0.7083,0.9804,0.8095,0.9085,20,47,4,4,0.8933,0.8333,0.9216,0.8333,0.9379,20,45,6,4,0.8667,0.8333,0.8824,0.8,0.9314,21,45,6,3,0.88,0.875,0.8824,0.8235,0.9469,17,47,4,7,0.8533,0.7083,0.9216,0.7556,0.9101
683,21,36,14,3,0.7703,0.875,0.72,0.7119,0.8858,19,42,8,5,0.8243,0.7917,0.84,0.7451,0.8658,20,41,9,4,0.8243,0.8333,0.82,0.7547,0.8342,19,41,9,5,0.8108,0.7917,0.82,0.7308,0.8792,19,40,10,5,0.7973,0.7917,0.8,0.717,0.8633,19,43,7,5,0.8378,0.7917,0.86,0.76,0.86,19,42,8,5,0.8243,0.7917,0.84,0.7451,0.8267,21,47,5,2,0.9067,0.913,0.9038,0.8571,0.9273,14,46,6,9,0.8,0.6087,0.8846,0.6512,0.9239,13,52,0,10,0.8667,0.5652,1.0,0.7222,0.8478,16,44,8,7,0.8,0.6957,0.8462,0.6809,0.9114,15,44,8,8,0.7867,0.6522,0.8462,0.6522,0.9022,18,49,3,5,0.8933,0.7826,0.9423,0.8182,0.898,13,44,8,10,0.76,0.5652,0.8462,0.5909,0.8938
684,28,29,11,6,0.7703,0.8235,0.725,0.7671,0.8588,22,36,4,12,0.7838,0.6471,0.9,0.7333,0.8412,25,33,7,9,0.7838,0.7353,0.825,0.7576,0.8118,25,34,6,9,0.7973,0.7353,0.85,0.7692,0.8353,22,35,5,12,0.7703,0.6471,0.875,0.7213,0.8235,26,32,8,8,0.7838,0.7647,0.8,0.7647,0.8441,22,34,6,12,0.7568,0.6471,0.85,0.7097,0.8287,15,49,9,2,0.8533,0.8824,0.8448,0.7317,0.9097,13,50,8,4,0.84,0.7647,0.8621,0.6842,0.9189,10,55,3,7,0.8667,0.5882,0.9483,0.6667,0.8499,14,48,10,3,0.8267,0.8235,0.8276,0.6829,0.9047,13,47,11,4,0.8,0.7647,0.8103,0.6341,0.8935,14,50,8,3,0.8533,0.8235,0.8621,0.7179,0.8915,12,48,10,5,0.8,0.7059,0.8276,0.6154,0.858
685,18,40,12,4,0.7838,0.8182,0.7692,0.6923,0.8654,16,46,6,6,0.8378,0.7273,0.8846,0.7273,0.8505,16,47,5,6,0.8514,0.7273,0.9038,0.7442,0.8479,13,45,7,9,0.7838,0.5909,0.8654,0.619,0.8313,15,44,8,7,0.7973,0.6818,0.8462,0.6667,0.8365,17,47,5,5,0.8649,0.7727,0.9038,0.7727,0.8628,15,45,7,7,0.8108,0.6818,0.8654,0.6818,0.8121,13,53,8,1,0.88,0.9286,0.8689,0.7429,0.9368,10,55,6,4,0.8667,0.7143,0.9016,0.6667,0.9297,10,57,4,4,0.8933,0.7143,0.9344,0.7143,0.8501,12,53,8,2,0.8667,0.8571,0.8689,0.7059,0.918,12,51,10,2,0.84,0.8571,0.8361,0.6667,0.9204,12,53,8,2,0.8667,0.8571,0.8689,0.7059,0.9098,10,53,8,4,0.84,0.7143,0.8689,0.625,0.9052
686,22,26,24,2,0.6486,0.9167,0.52,0.6286,0.85,15,35,15,9,0.6757,0.625,0.7,0.5556,0.76,19,39,11,5,0.7838,0.7917,0.78,0.7037,0.8417,14,35,15,10,0.6622,0.5833,0.7,0.5283,0.7692,14,35,15,10,0.6622,0.5833,0.7,0.5283,0.7408,13,33,17,11,0.6216,0.5417,0.66,0.4815,0.7058,14,35,15,10,0.6622,0.5833,0.7,0.5283,0.7275,19,45,5,6,0.8533,0.76,0.9,0.7755,0.9088,16,46,4,9,0.8267,0.64,0.92,0.7111,0.9384,10,48,2,15,0.7733,0.4,0.96,0.5405,0.828,16,45,5,9,0.8133,0.64,0.9,0.6957,0.9168,14,44,6,11,0.7733,0.56,0.88,0.6222,0.896,17,45,5,8,0.8267,0.68,0.9,0.7234,0.8888,14,45,5,11,0.7867,0.56,0.9,0.6364,0.8568
687,20,44,5,5,0.8649,0.8,0.898,0.8,0.8849,16,47,2,9,0.8514,0.64,0.9592,0.7442,0.8531,15,46,3,10,0.8243,0.6,0.9388,0.6977,0.7829,14,45,4,11,0.7973,0.56,0.9184,0.6512,0.8351,15,46,3,10,0.8243,0.6,0.9388,0.6977,0.8318,17,46,3,8,0.8514,0.68,0.9388,0.7556,0.8196,15,46,3,10,0.8243,0.6,0.9388,0.6977,0.8457,16,50,6,3,0.88,0.8421,0.8929,0.7805,0.8844,10,51,5,9,0.8133,0.5263,0.9107,0.5882,0.8985,10,53,3,9,0.84,0.5263,0.9464,0.625,0.8055,11,49,7,8,0.8,0.5789,0.875,0.5946,0.8853,11,49,7,8,0.8,0.5789,0.875,0.5946,0.8656,14,52,4,5,0.88,0.7368,0.9286,0.7568,0.8722,10,49,7,9,0.7867,0.5263,0.875,0.5556,0.8336
688,29,30,11,4,0.7973,0.8788,0.7317,0.7945,0.9128,26,38,3,7,0.8649,0.7879,0.9268,0.8387,0.9061,22,39,2,11,0.8243,0.6667,0.9512,0.7719,0.8204,23,37,4,10,0.8108,0.697,0.9024,0.7667,0.8736,24,35,6,9,0.7973,0.7273,0.8537,0.7619,0.8684,24,39,2,9,0.8514,0.7273,0.9512,0.8136,0.9209,24,37,4,9,0.8243,0.7273,0.9024,0.7869,0.884,19,46,7,3,0.8667,0.8636,0.8679,0.7917,0.8919,11,47,6,11,0.7733,0.5,0.8868,0.5641,0.9005,10,51,2,12,0.8133,0.4545,0.9623,0.5882,0.8233,12,46,7,10,0.7733,0.5455,0.8679,0.5854,0.8842,11,46,7,11,0.76,0.5,0.8679,0.55,0.8739,18,47,6,4,0.8667,0.8182,0.8868,0.7826,0.8816,10,46,7,12,0.7467,0.4545,0.8679,0.5128,0.8431
689,30,26,13,5,0.7568,0.8571,0.6667,0.7692,0.7919,19,32,7,16,0.6892,0.5429,0.8205,0.623,0.7648,24,35,4,11,0.7973,0.6857,0.8974,0.7619,0.8029,19,32,7,16,0.6892,0.5429,0.8205,0.623,0.7575,17,33,6,18,0.6757,0.4857,0.8462,0.5862,0.7568,25,32,7,10,0.7703,0.7143,0.8205,0.7463,0.7648,17,32,7,18,0.6622,0.4857,0.8205,0.5763,0.7678,22,46,4,3,0.9067,0.88,0.92,0.8627,0.9424,18,45,5,7,0.84,0.72,0.9,0.75,0.9328,16,49,1,9,0.8667,0.64,0.98,0.7619,0.8864,20,44,6,5,0.8533,0.8,0.88,0.7843,0.9224,19,43,7,6,0.8267,0.76,0.86,0.7451,0.9192,22,46,4,3,0.9067,0.88,0.92,0.8627,0.9384,17,44,6,8,0.8133,0.68,0.88,0.7083,0.8904
690,20,36,16,2,0.7568,0.9091,0.6923,0.6897,0.847,16,42,10,6,0.7838,0.7273,0.8077,0.6667,0.8365,19,45,7,3,0.8649,0.8636,0.8654,0.7917,0.8663,14,43,9,8,0.7703,0.6364,0.8269,0.6222,0.8287,16,44,8,6,0.8108,0.7273,0.8462,0.6957,0.8147,16,41,11,6,0.7703,0.7273,0.7885,0.6531,0.8619,16,43,9,6,0.7973,0.7273,0.8269,0.6809,0.861,19,52,4,0,0.9467,1.0,0.9286,0.9048,0.9756,14,53,3,5,0.8933,0.7368,0.9464,0.7778,0.9784,15,55,1,4,0.9333,0.7895,0.9821,0.8571,0.953,17,51,5,2,0.9067,0.8947,0.9107,0.8293,0.9709,16,51,5,3,0.8933,0.8421,0.9107,0.8,0.9718,18,54,2,1,0.96,0.9474,0.9643,0.9231,0.9615,13,51,5,6,0.8533,0.6842,0.9107,0.7027,0.9483
691,28,35,11,0,0.8514,1.0,0.7609,0.8358,0.9379,22,36,10,6,0.7838,0.7857,0.7826,0.7333,0.8494,23,39,7,5,0.8378,0.8214,0.8478,0.7931,0.9472,19,36,10,9,0.7432,0.6786,0.7826,0.6667,0.8571,20,37,9,8,0.7703,0.7143,0.8043,0.7018,0.8339,23,38,8,5,0.8243,0.8214,0.8261,0.7797,0.9262,20,37,9,8,0.7703,0.7143,0.8043,0.7018,0.83,13,55,6,1,0.9067,0.9286,0.9016,0.7879,0.959,8,57,4,6,0.8667,0.5714,0.9344,0.6154,0.9696,9,59,2,5,0.9067,0.6429,0.9672,0.72,0.9333,12,55,6,2,0.8933,0.8571,0.9016,0.75,0.9555,12,55,6,2,0.8933,0.8571,0.9016,0.75,0.9649,13,57,4,1,0.9333,0.9286,0.9344,0.8387,0.9625,8,55,6,6,0.84,0.5714,0.9016,0.5714,0.9438
692,24,35,13,2,0.7973,0.9231,0.7292,0.7619,0.8606,18,40,8,8,0.7838,0.6923,0.8333,0.6923,0.8077,23,44,4,3,0.9054,0.8846,0.9167,0.8679,0.9022,18,40,8,8,0.7838,0.6923,0.8333,0.6923,0.8021,17,39,9,9,0.7568,0.6538,0.8125,0.6538,0.7909,20,44,4,6,0.8649,0.7692,0.9167,0.8,0.8726,17,41,7,9,0.7838,0.6538,0.8542,0.68,0.7917,15,52,7,1,0.8933,0.9375,0.8814,0.7895,0.9195,9,54,5,7,0.84,0.5625,0.9153,0.6,0.947,8,55,4,8,0.84,0.5,0.9322,0.5714,0.8591,11,52,7,5,0.84,0.6875,0.8814,0.6471,0.9311,9,52,7,7,0.8133,0.5625,0.8814,0.5625,0.9237,14,54,5,2,0.9067,0.875,0.9153,0.8,0.9195,7,52,7,9,0.7867,0.4375,0.8814,0.4667,0.8972
693,24,31,19,0,0.7432,1.0,0.62,0.7164,0.9117,21,35,15,3,0.7568,0.875,0.7,0.7,0.8633,18,39,11,6,0.7703,0.75,0.78,0.6792,0.8808,19,34,16,5,0.7162,0.7917,0.68,0.6441,0.8792,18,38,12,6,0.7568,0.75,0.76,0.6667,0.8892,24,36,14,0,0.8108,1.0,0.72,0.7742,0.9017,18,38,12,6,0.7568,0.75,0.76,0.6667,0.8292,17,49,7,2,0.88,0.8947,0.875,0.7907,0.937,13,48,8,6,0.8133,0.6842,0.8571,0.65,0.9248,14,51,5,5,0.8667,0.7368,0.9107,0.7368,0.8694,15,46,10,4,0.8133,0.7895,0.8214,0.6818,0.9004,14,43,13,5,0.76,0.7368,0.7679,0.6087,0.907,17,48,8,2,0.8667,0.8947,0.8571,0.7727,0.9248,12,46,10,7,0.7733,0.6316,0.8214,0.5854,0.8675
694,30,24,17,3,0.7297,0.9091,0.5854,0.75,0.867,27,27,14,6,0.7297,0.8182,0.6585,0.7297,0.7975,28,30,11,5,0.7838,0.8485,0.7317,0.7778,0.8307,24,25,16,9,0.6622,0.7273,0.6098,0.6575,0.8034,27,26,15,6,0.7162,0.8182,0.6341,0.72,0.799,27,29,12,6,0.7568,0.8182,0.7073,0.75,0.8455,27,26,15,6,0.7162,0.8182,0.6341,0.72,0.7568,16,46,9,4,0.8267,0.8,0.8364,0.7111,0.8364,11,44,11,9,0.7333,0.55,0.8,0.5238,0.8236,7,51,4,13,0.7733,0.35,0.9273,0.4516,0.6591,11,43,12,9,0.72,0.55,0.7818,0.5116,0.82,8,43,12,12,0.68,0.4,0.7818,0.4,0.78,12,47,8,8,0.7867,0.6,0.8545,0.6,0.7618,8,43,12,12,0.68,0.4,0.7818,0.4,0.7627
695,25,33,12,4,0.7838,0.8621,0.7333,0.7576,0.8605,20,39,6,9,0.7973,0.6897,0.8667,0.7273,0.8567,20,39,6,9,0.7973,0.6897,0.8667,0.7273,0.7724,19,38,7,10,0.7703,0.6552,0.8444,0.6909,0.8299,19,37,8,10,0.7568,0.6552,0.8222,0.6786,0.8215,23,38,7,6,0.8243,0.7931,0.8444,0.7797,0.8467,19,38,7,10,0.7703,0.6552,0.8444,0.6909,0.8544,22,44,6,3,0.88,0.88,0.88,0.8302,0.8976,18,44,6,7,0.8267,0.72,0.88,0.7347,0.8992,15,47,3,10,0.8267,0.6,0.94,0.6977,0.8376,20,43,7,5,0.84,0.8,0.86,0.7692,0.88,17,41,9,8,0.7733,0.68,0.82,0.6667,0.872,22,43,7,3,0.8667,0.88,0.86,0.8148,0.8888,15,43,7,10,0.7733,0.6,0.86,0.6383,0.8432
696,25,31,16,2,0.7568,0.9259,0.6596,0.7353,0.8968,22,42,5,5,0.8649,0.8148,0.8936,0.8148,0.8944,21,41,6,6,0.8378,0.7778,0.8723,0.7778,0.8385,20,39,8,7,0.7973,0.7407,0.8298,0.7273,0.8684,21,41,6,6,0.8378,0.7778,0.8723,0.7778,0.8786,23,37,10,4,0.8108,0.8519,0.7872,0.7667,0.8739,21,39,8,6,0.8108,0.7778,0.8298,0.75,0.8849,16,44,8,7,0.8,0.6957,0.8462,0.6809,0.837,11,46,6,12,0.76,0.4783,0.8846,0.55,0.857,10,50,2,13,0.8,0.4348,0.9615,0.5714,0.7023,14,43,9,9,0.76,0.6087,0.8269,0.6087,0.8035,12,41,11,11,0.7067,0.5217,0.7885,0.5217,0.8102,15,45,7,8,0.8,0.6522,0.8654,0.6667,0.8018,9,43,9,14,0.6933,0.3913,0.8269,0.439,0.7525
697,22,30,18,4,0.7027,0.8462,0.625,0.6667,0.8429,21,35,13,5,0.7568,0.8077,0.7292,0.7,0.8045,21,39,9,5,0.8108,0.8077,0.8125,0.75,0.8085,20,32,16,6,0.7027,0.7692,0.6667,0.6452,0.8173,21,32,16,5,0.7162,0.8077,0.6667,0.6667,0.7989,20,38,10,6,0.7838,0.7692,0.7917,0.7143,0.8213,21,32,16,5,0.7162,0.8077,0.6667,0.6667,0.7548,13,54,5,3,0.8933,0.8125,0.9153,0.7647,0.9661,10,57,2,6,0.8933,0.625,0.9661,0.7143,0.9873,9,59,0,7,0.9067,0.5625,1.0,0.72,0.9089,11,54,5,5,0.8667,0.6875,0.9153,0.6875,0.9587,11,54,5,5,0.8667,0.6875,0.9153,0.6875,0.9693,13,57,2,3,0.9333,0.8125,0.9661,0.8387,0.9873,10,54,5,6,0.8533,0.625,0.9153,0.6452,0.9481
698,26,32,14,2,0.7838,0.9286,0.6957,0.7647,0.8936,22,38,8,6,0.8108,0.7857,0.8261,0.7586,0.8517,25,41,5,3,0.8919,0.8929,0.8913,0.8621,0.8921,24,37,9,4,0.8243,0.8571,0.8043,0.7869,0.8649,22,38,8,6,0.8108,0.7857,0.8261,0.7586,0.8408,22,40,6,6,0.8378,0.7857,0.8696,0.7857,0.8804,22,38,8,6,0.8108,0.7857,0.8261,0.7586,0.8222,20,46,7,2,0.88,0.9091,0.8679,0.8163,0.8679,14,46,7,8,0.8,0.6364,0.8679,0.6512,0.8782,10,48,5,12,0.7733,0.4545,0.9057,0.5405,0.789,17,46,7,5,0.84,0.7727,0.8679,0.7391,0.8791,14,46,7,8,0.8,0.6364,0.8679,0.6512,0.8525,19,46,7,3,0.8667,0.8636,0.8679,0.7917,0.8473,11,46,7,11,0.76,0.5,0.8679,0.55,0.8148
699,21,37,15,1,0.7838,0.9545,0.7115,0.7241,0.9178,20,42,10,2,0.8378,0.9091,0.8077,0.7692,0.8706,19,46,6,3,0.8784,0.8636,0.8846,0.8085,0.8951,19,40,12,3,0.7973,0.8636,0.7692,0.717,0.8916,19,43,9,3,0.8378,0.8636,0.8269,0.76,0.8785,18,42,10,4,0.8108,0.8182,0.8077,0.72,0.8916,19,41,11,3,0.8108,0.8636,0.7885,0.7308,0.8689,18,52,3,2,0.9333,0.9,0.9455,0.878,0.9309,15,51,4,5,0.88,0.75,0.9273,0.7692,0.9282,12,53,2,8,0.8667,0.6,0.9636,0.7059,0.87,17,50,5,3,0.8933,0.85,0.9091,0.8095,0.9127,12,50,5,8,0.8267,0.6,0.9091,0.6486,0.9091,18,53,2,2,0.9467,0.9,0.9636,0.9,0.9345,10,50,5,10,0.8,0.5,0.9091,0.5714,0.8836
700,17,38,16,3,0.7432,0.85,0.7037,0.6415,0.8759,16,43,11,4,0.7973,0.8,0.7963,0.6809,0.8139,16,47,7,4,0.8514,0.8,0.8704,0.7442,0.8278,16,43,11,4,0.7973,0.8,0.7963,0.6809,0.8546,16,42,12,4,0.7838,0.8,0.7778,0.6667,0.8269,17,44,10,3,0.8243,0.85,0.8148,0.7234,0.8574,16,43,11,4,0.7973,0.8,0.7963,0.6809,0.7926,15,54,5,1,0.92,0.9375,0.9153,0.8333,0.9258,11,51,8,5,0.8267,0.6875,0.8644,0.6286,0.9047,9,58,1,7,0.8933,0.5625,0.9831,0.6923,0.8697,11,50,9,5,0.8133,0.6875,0.8475,0.6111,0.8983,10,49,10,6,0.7867,0.625,0.8305,0.5556,0.8771,14,54,5,2,0.9067,0.875,0.9153,0.8,0.9057,10,50,9,6,0.8,0.625,0.8475,0.5714,0.8485
701,24,35,9,6,0.7973,0.8,0.7955,0.7619,0.8409,21,36,8,9,0.7703,0.7,0.8182,0.7119,0.8379,23,38,6,7,0.8243,0.7667,0.8636,0.7797,0.8265,21,36,8,9,0.7703,0.7,0.8182,0.7119,0.828,21,36,8,9,0.7703,0.7,0.8182,0.7119,0.8197,23,41,3,7,0.8649,0.7667,0.9318,0.8214,0.8636,21,37,7,9,0.7838,0.7,0.8409,0.7241,0.8136,14,55,5,1,0.92,0.9333,0.9167,0.8235,0.9067,12,55,5,3,0.8933,0.8,0.9167,0.75,0.9167,9,57,3,6,0.88,0.6,0.95,0.6667,0.89,13,54,6,2,0.8933,0.8667,0.9,0.7647,0.9044,12,51,9,3,0.84,0.8,0.85,0.6667,0.8878,14,53,7,1,0.8933,0.9333,0.8833,0.7778,0.9067,11,54,6,4,0.8667,0.7333,0.9,0.6875,0.86
702,23,41,9,1,0.8649,0.9583,0.82,0.8214,0.8992,18,41,9,6,0.7973,0.75,0.82,0.7059,0.8367,20,45,5,4,0.8784,0.8333,0.9,0.8163,0.9217,15,40,10,9,0.7432,0.625,0.8,0.6122,0.8467,16,42,8,8,0.7838,0.6667,0.84,0.6667,0.8492,18,44,6,6,0.8378,0.75,0.88,0.75,0.8742,16,41,9,8,0.7703,0.6667,0.82,0.6531,0.8258,16,46,7,6,0.8267,0.7273,0.8679,0.7111,0.8696,11,48,5,11,0.7867,0.5,0.9057,0.5789,0.9108,11,52,1,11,0.84,0.5,0.9811,0.6471,0.8002,14,46,7,8,0.8,0.6364,0.8679,0.6512,0.8765,14,45,8,8,0.7867,0.6364,0.8491,0.6364,0.8679,16,47,6,6,0.84,0.7273,0.8868,0.7273,0.8894,11,46,7,11,0.76,0.5,0.8679,0.55,0.789
703,19,37,13,5,0.7568,0.7917,0.74,0.6786,0.7992,13,41,9,11,0.7297,0.5417,0.82,0.5652,0.7417,15,45,5,9,0.8108,0.625,0.9,0.6818,0.7825,9,41,9,15,0.6757,0.375,0.82,0.4286,0.7217,11,42,8,13,0.7162,0.4583,0.84,0.5116,0.7158,13,44,6,11,0.7703,0.5417,0.88,0.6047,0.7683,11,42,8,13,0.7162,0.4583,0.84,0.5116,0.7367,12,54,7,2,0.88,0.8571,0.8852,0.7273,0.8595,7,53,8,7,0.8,0.5,0.8689,0.4828,0.8536,7,59,2,7,0.88,0.5,0.9672,0.6087,0.7963,8,53,8,6,0.8133,0.5714,0.8689,0.5333,0.8431,8,52,9,6,0.8,0.5714,0.8525,0.5161,0.7904,11,53,8,3,0.8533,0.7857,0.8689,0.6667,0.8255,7,53,8,7,0.8,0.5,0.8689,0.4828,0.767
704,25,34,13,2,0.7973,0.9259,0.7234,0.7692,0.9236,24,42,5,3,0.8919,0.8889,0.8936,0.8571,0.9212,22,45,2,5,0.9054,0.8148,0.9574,0.8627,0.907,21,42,5,6,0.8514,0.7778,0.8936,0.7925,0.918,23,40,7,4,0.8514,0.8519,0.8511,0.807,0.9314,24,44,3,3,0.9189,0.8889,0.9362,0.8889,0.9456,23,42,5,4,0.8784,0.8519,0.8936,0.8364,0.9007,10,56,3,6,0.88,0.625,0.9492,0.6897,0.8644,9,56,3,7,0.8667,0.5625,0.9492,0.6429,0.8633,9,56,3,7,0.8667,0.5625,0.9492,0.6429,0.6917,9,56,3,7,0.8667,0.5625,0.9492,0.6429,0.8411,9,56,3,7,0.8667,0.5625,0.9492,0.6429,0.8506,10,56,3,6,0.88,0.625,0.9492,0.6897,0.8485,9,56,3,7,0.8667,0.5625,0.9492,0.6429,0.7839
705,19,37,16,2,0.7568,0.9048,0.6981,0.6786,0.8859,16,46,7,5,0.8378,0.7619,0.8679,0.7273,0.8787,17,49,4,4,0.8919,0.8095,0.9245,0.8095,0.9111,14,46,7,7,0.8108,0.6667,0.8679,0.6667,0.8491,16,47,6,5,0.8514,0.7619,0.8868,0.7442,0.8778,18,44,9,3,0.8378,0.8571,0.8302,0.75,0.885,16,46,7,5,0.8378,0.7619,0.8679,0.7273,0.8787,24,46,3,2,0.9333,0.9231,0.9388,0.9057,0.967,14,44,5,12,0.7733,0.5385,0.898,0.6222,0.9466,13,48,1,13,0.8133,0.5,0.9796,0.65,0.8768,18,44,5,8,0.8267,0.6923,0.898,0.7347,0.9466,18,44,5,8,0.8267,0.6923,0.898,0.7347,0.9435,21,46,3,5,0.8933,0.8077,0.9388,0.84,0.9239,14,44,5,12,0.7733,0.5385,0.898,0.6222,0.9089
706,27,32,13,2,0.7973,0.931,0.7111,0.7826,0.9272,24,34,11,5,0.7838,0.8276,0.7556,0.75,0.8874,25,40,5,4,0.8784,0.8621,0.8889,0.8475,0.8943,24,36,9,5,0.8108,0.8276,0.8,0.7742,0.895,23,36,9,6,0.7973,0.7931,0.8,0.7541,0.8812,24,36,9,5,0.8108,0.8276,0.8,0.7742,0.9195,23,37,8,6,0.8108,0.7931,0.8222,0.7667,0.8766,21,43,5,6,0.8533,0.7778,0.8958,0.7925,0.8387,15,43,5,12,0.7733,0.5556,0.8958,0.6383,0.8696,13,45,3,14,0.7733,0.4815,0.9375,0.6047,0.7978,19,43,5,8,0.8267,0.7037,0.8958,0.7451,0.8542,16,40,8,11,0.7467,0.5926,0.8333,0.6275,0.8133,21,40,8,6,0.8133,0.7778,0.8333,0.75,0.8573,12,43,5,15,0.7333,0.4444,0.8958,0.5455,0.7531
707,27,33,13,1,0.8108,0.9643,0.7174,0.7941,0.9185,24,33,13,4,0.7703,0.8571,0.7174,0.7385,0.8533,18,43,3,10,0.8243,0.6429,0.9348,0.7347,0.8455,19,34,12,9,0.7162,0.6786,0.7391,0.6441,0.8665,21,36,10,7,0.7703,0.75,0.7826,0.7119,0.8789,25,42,4,3,0.9054,0.8929,0.913,0.8772,0.9627,21,36,10,7,0.7703,0.75,0.7826,0.7119,0.8362,21,48,4,2,0.92,0.913,0.9231,0.875,0.9365,18,48,4,5,0.88,0.7826,0.9231,0.8,0.9498,15,50,2,8,0.8667,0.6522,0.9615,0.75,0.8963,20,47,5,3,0.8933,0.8696,0.9038,0.8333,0.9457,19,46,6,4,0.8667,0.8261,0.8846,0.7917,0.9314,21,48,4,2,0.92,0.913,0.9231,0.875,0.939,17,47,5,6,0.8533,0.7391,0.9038,0.7556,0.9247
708,23,33,15,3,0.7568,0.8846,0.6875,0.7188,0.875,18,39,9,8,0.7703,0.6923,0.8125,0.6792,0.8285,17,43,5,9,0.8108,0.6538,0.8958,0.7083,0.7829,20,39,9,6,0.7973,0.7692,0.8125,0.7273,0.8237,18,40,8,8,0.7838,0.6923,0.8333,0.6923,0.8357,23,43,5,3,0.8919,0.8846,0.8958,0.8519,0.8742,18,40,8,8,0.7838,0.6923,0.8333,0.6923,0.8518,15,47,8,5,0.8267,0.75,0.8545,0.6977,0.8655,12,45,10,8,0.76,0.6,0.8182,0.5714,0.8682,12,54,1,8,0.88,0.6,0.9818,0.7273,0.7636,13,43,12,7,0.7467,0.65,0.7818,0.5778,0.8355,12,42,13,8,0.72,0.6,0.7636,0.5333,0.83,14,48,7,6,0.8267,0.7,0.8727,0.6829,0.8618,11,43,12,9,0.72,0.55,0.7818,0.5116,0.8127
709,23,34,14,3,0.7703,0.8846,0.7083,0.7302,0.8622,17,41,7,9,0.7838,0.6538,0.8542,0.68,0.863,21,43,5,5,0.8649,0.8077,0.8958,0.8077,0.8526,20,39,9,6,0.7973,0.7692,0.8125,0.7273,0.8702,16,40,8,10,0.7568,0.6154,0.8333,0.64,0.8373,20,41,7,6,0.8243,0.7692,0.8542,0.7547,0.8742,16,40,8,10,0.7568,0.6154,0.8333,0.64,0.8478,18,51,4,2,0.92,0.9,0.9273,0.8571,0.9364,13,52,3,7,0.8667,0.65,0.9455,0.7222,0.9364,10,54,1,10,0.8533,0.5,0.9818,0.6452,0.8436,14,51,4,6,0.8667,0.7,0.9273,0.7368,0.9218,11,48,7,9,0.7867,0.55,0.8727,0.5789,0.8927,16,49,6,4,0.8667,0.8,0.8909,0.7619,0.8855,10,51,4,10,0.8133,0.5,0.9273,0.5882,0.8782
710,24,39,9,2,0.8514,0.9231,0.8125,0.8136,0.9183,19,44,4,7,0.8514,0.7308,0.9167,0.7755,0.8942,19,46,2,7,0.8784,0.7308,0.9583,0.8085,0.8133,21,44,4,5,0.8784,0.8077,0.9167,0.8235,0.899,19,44,4,7,0.8514,0.7308,0.9167,0.7755,0.883,21,43,5,5,0.8649,0.8077,0.8958,0.8077,0.8982,19,44,4,7,0.8514,0.7308,0.9167,0.7755,0.8982,19,41,7,8,0.8,0.7037,0.8542,0.717,0.8248,16,41,7,11,0.76,0.5926,0.8542,0.64,0.8418,12,44,4,15,0.7467,0.4444,0.9167,0.5581,0.7515,17,39,9,10,0.7467,0.6296,0.8125,0.6415,0.8086,14,37,11,13,0.68,0.5185,0.7708,0.5385,0.7824,19,41,7,8,0.8,0.7037,0.8542,0.717,0.8194,13,39,9,14,0.6933,0.4815,0.8125,0.5306,0.7407
711,25,33,13,3,0.7838,0.8929,0.7174,0.7576,0.8665,20,39,7,8,0.7973,0.7143,0.8478,0.7273,0.8385,23,40,6,5,0.8514,0.8214,0.8696,0.807,0.861,21,36,10,7,0.7703,0.75,0.7826,0.7119,0.8486,19,39,7,9,0.7838,0.6786,0.8478,0.7037,0.7935,22,38,8,6,0.8108,0.7857,0.8261,0.7586,0.854,19,37,9,9,0.7568,0.6786,0.8043,0.6786,0.8152,17,52,2,4,0.92,0.8095,0.963,0.85,0.9277,14,54,0,7,0.9067,0.6667,1.0,0.8,0.9577,12,54,0,9,0.88,0.5714,1.0,0.7273,0.8792,15,52,2,6,0.8933,0.7143,0.963,0.7895,0.9295,14,51,3,7,0.8667,0.6667,0.9444,0.7368,0.918,17,53,1,4,0.9333,0.8095,0.9815,0.8718,0.9356,13,52,2,8,0.8667,0.619,0.963,0.7222,0.8854
712,23,36,10,5,0.7973,0.8214,0.7826,0.7541,0.8758,21,37,9,7,0.7838,0.75,0.8043,0.7241,0.8533,19,42,4,9,0.8243,0.6786,0.913,0.7451,0.8082,19,36,10,9,0.7432,0.6786,0.7826,0.6667,0.8517,21,38,8,7,0.7973,0.75,0.8261,0.7368,0.8533,22,40,6,6,0.8378,0.7857,0.8696,0.7857,0.8851,21,39,7,7,0.8108,0.75,0.8478,0.75,0.8641,18,52,3,2,0.9333,0.9,0.9455,0.878,0.9427,16,52,3,4,0.9067,0.8,0.9455,0.8205,0.9482,14,53,2,6,0.8933,0.7,0.9636,0.7778,0.8882,18,51,4,2,0.92,0.9,0.9273,0.8571,0.9391,17,51,4,3,0.9067,0.85,0.9273,0.8293,0.9336,18,53,2,2,0.9467,0.9,0.9636,0.9,0.9464,15,51,4,5,0.88,0.75,0.9273,0.7692,0.9155
713,23,35,13,3,0.7838,0.8846,0.7292,0.7419,0.871,21,42,6,5,0.8514,0.8077,0.875,0.7925,0.8822,21,43,5,5,0.8649,0.8077,0.8958,0.8077,0.8381,20,41,7,6,0.8243,0.7692,0.8542,0.7547,0.8742,20,39,9,6,0.7973,0.7692,0.8125,0.7273,0.863,22,42,6,4,0.8649,0.8462,0.875,0.8148,0.8606,20,41,7,6,0.8243,0.7692,0.8542,0.7547,0.8766,16,51,5,3,0.8933,0.8421,0.9107,0.8,0.8675,7,52,4,12,0.7867,0.3684,0.9286,0.4667,0.8778,8,54,2,11,0.8267,0.4211,0.9643,0.5517,0.7679,10,51,5,9,0.8133,0.5263,0.9107,0.5882,0.8618,10,49,7,9,0.7867,0.5263,0.875,0.5556,0.8581,14,50,6,5,0.8533,0.7368,0.8929,0.7179,0.8299,7,51,5,12,0.7733,0.3684,0.9107,0.4516,0.8045
714,17,37,14,6,0.7297,0.7391,0.7255,0.6296,0.7749,11,41,10,12,0.7027,0.4783,0.8039,0.5,0.746,15,42,9,8,0.7703,0.6522,0.8235,0.6383,0.7408,14,41,10,9,0.7432,0.6087,0.8039,0.5957,0.7383,11,40,11,12,0.6892,0.4783,0.7843,0.4889,0.7127,16,45,6,7,0.8243,0.6957,0.8824,0.7111,0.7783,11,41,10,12,0.7027,0.4783,0.8039,0.5,0.7562,16,52,4,3,0.9067,0.8421,0.9286,0.8205,0.9323,8,52,4,11,0.8,0.4211,0.9286,0.5161,0.938,8,54,2,11,0.8267,0.4211,0.9643,0.5517,0.8167,12,52,4,7,0.8533,0.6316,0.9286,0.6857,0.9323,12,51,5,7,0.84,0.6316,0.9107,0.6667,0.9173,13,51,5,6,0.8533,0.6842,0.9107,0.7027,0.8835,8,52,4,11,0.8,0.4211,0.9286,0.5161,0.9013
715,23,36,12,3,0.7973,0.8846,0.75,0.7541,0.9014,20,43,5,6,0.8514,0.7692,0.8958,0.7843,0.8734,19,44,4,7,0.8514,0.7308,0.9167,0.7755,0.9014,18,43,5,8,0.8243,0.6923,0.8958,0.7347,0.8622,18,41,7,8,0.7973,0.6923,0.8542,0.7059,0.8526,21,43,5,5,0.8649,0.8077,0.8958,0.8077,0.9046,18,43,5,8,0.8243,0.6923,0.8958,0.7347,0.879,26,45,4,0,0.9467,1.0,0.9184,0.9286,0.956,15,45,4,11,0.8,0.5769,0.9184,0.6667,0.9349,12,48,1,14,0.8,0.4615,0.9796,0.6154,0.8454,18,44,5,8,0.8267,0.6923,0.898,0.7347,0.9301,17,42,7,9,0.7867,0.6538,0.8571,0.68,0.9058,22,44,5,4,0.88,0.8462,0.898,0.8302,0.8862,14,44,5,12,0.7733,0.5385,0.898,0.6222,0.9097
716,27,36,11,0,0.8514,1.0,0.766,0.8308,0.959,22,38,9,5,0.8108,0.8148,0.8085,0.7586,0.911,24,40,7,3,0.8649,0.8889,0.8511,0.8276,0.911,26,36,11,1,0.8378,0.963,0.766,0.8125,0.9314,22,38,9,5,0.8108,0.8148,0.8085,0.7586,0.9141,25,40,7,2,0.8784,0.9259,0.8511,0.8475,0.9559,22,37,10,5,0.7973,0.8148,0.7872,0.7458,0.8747,18,47,5,5,0.8667,0.7826,0.9038,0.7826,0.8821,15,46,6,8,0.8133,0.6522,0.8846,0.6818,0.8846,13,50,2,10,0.84,0.5652,0.9615,0.6842,0.7667,16,44,8,7,0.8,0.6957,0.8462,0.6809,0.8604,15,43,9,8,0.7733,0.6522,0.8269,0.6383,0.847,17,48,4,6,0.8667,0.7391,0.9231,0.7727,0.8528,14,44,8,9,0.7733,0.6087,0.8462,0.6222,0.8161
717,24,36,8,6,0.8108,0.8,0.8182,0.7742,0.8591,19,39,5,11,0.7838,0.6333,0.8864,0.7037,0.8417,20,40,4,10,0.8108,0.6667,0.9091,0.7407,0.8364,19,36,8,11,0.7432,0.6333,0.8182,0.6667,0.828,18,38,6,12,0.7568,0.6,0.8636,0.6667,0.8311,21,39,5,9,0.8108,0.7,0.8864,0.75,0.8326,18,37,7,12,0.7432,0.6,0.8409,0.6545,0.8235,20,48,5,2,0.9067,0.9091,0.9057,0.8511,0.9314,15,46,7,7,0.8133,0.6818,0.8679,0.6818,0.9194,14,52,1,8,0.88,0.6364,0.9811,0.7568,0.8671,18,46,7,4,0.8533,0.8182,0.8679,0.766,0.9117,16,42,11,6,0.7733,0.7273,0.7925,0.6531,0.8877,18,44,9,4,0.8267,0.8182,0.8302,0.7347,0.8962,13,46,7,9,0.7867,0.5909,0.8679,0.619,0.8722
718,18,39,14,3,0.7703,0.8571,0.7358,0.6792,0.8338,15,45,8,6,0.8108,0.7143,0.8491,0.6818,0.8437,17,46,7,4,0.8514,0.8095,0.8679,0.7556,0.8221,15,43,10,6,0.7838,0.7143,0.8113,0.6522,0.823,15,44,9,6,0.7973,0.7143,0.8302,0.6667,0.8383,16,46,7,5,0.8378,0.7619,0.8679,0.7273,0.8311,15,45,8,6,0.8108,0.7143,0.8491,0.6818,0.8491,15,52,5,3,0.8933,0.8333,0.9123,0.7895,0.9269,8,51,6,10,0.7867,0.4444,0.8947,0.5,0.9308,8,53,4,10,0.8133,0.4444,0.9298,0.5333,0.9269,11,51,6,7,0.8267,0.6111,0.8947,0.6286,0.9259,10,50,7,8,0.8,0.5556,0.8772,0.5714,0.9279,15,51,6,3,0.88,0.8333,0.8947,0.7692,0.925,7,51,6,11,0.7733,0.3889,0.8947,0.4516,0.8996
719,21,34,17,2,0.7432,0.913,0.6667,0.6885,0.8824,16,41,10,7,0.7703,0.6957,0.8039,0.6531,0.8193,18,46,5,5,0.8649,0.7826,0.902,0.7826,0.8636,16,38,13,7,0.7297,0.6957,0.7451,0.6154,0.8116,15,39,12,8,0.7297,0.6522,0.7647,0.6,0.7826,18,41,10,5,0.7973,0.7826,0.8039,0.7059,0.8576,15,39,12,8,0.7297,0.6522,0.7647,0.6,0.8031,23,46,4,2,0.92,0.92,0.92,0.8846,0.9448,19,45,5,6,0.8533,0.76,0.9,0.7755,0.9368,18,49,1,7,0.8933,0.72,0.98,0.8182,0.9136,21,44,6,4,0.8667,0.84,0.88,0.8077,0.9232,19,42,8,6,0.8133,0.76,0.84,0.7308,0.9136,23,45,5,2,0.9067,0.92,0.9,0.8679,0.9416,17,44,6,8,0.8133,0.68,0.88,0.7083,0.8872
720,19,34,18,3,0.7162,0.8636,0.6538,0.6441,0.826,16,41,11,6,0.7703,0.7273,0.7885,0.6531,0.8051,15,42,10,7,0.7703,0.6818,0.8077,0.6383,0.7885,14,40,12,8,0.7297,0.6364,0.7692,0.5833,0.8051,14,42,10,8,0.7568,0.6364,0.8077,0.6087,0.8059,18,42,10,4,0.8108,0.8182,0.8077,0.72,0.8365,14,42,10,8,0.7568,0.6364,0.8077,0.6087,0.7806,16,52,4,3,0.9067,0.8421,0.9286,0.8205,0.9605,12,52,4,7,0.8533,0.6316,0.9286,0.6857,0.9577,9,55,1,10,0.8533,0.4737,0.9821,0.6207,0.8553,13,51,5,6,0.8533,0.6842,0.9107,0.7027,0.9417,11,51,5,8,0.8267,0.5789,0.9107,0.6286,0.9455,15,53,3,4,0.9067,0.7895,0.9464,0.8108,0.9295,10,51,5,9,0.8133,0.5263,0.9107,0.5882,0.9267
721,20,38,12,4,0.7838,0.8333,0.76,0.7143,0.8442,18,38,12,6,0.7568,0.75,0.76,0.6667,0.8525,16,48,2,8,0.8649,0.6667,0.96,0.7619,0.8433,14,42,8,10,0.7568,0.5833,0.84,0.6087,0.8225,16,44,6,8,0.8108,0.6667,0.88,0.6957,0.8425,19,44,6,5,0.8514,0.7917,0.88,0.7755,0.8675,16,44,6,8,0.8108,0.6667,0.88,0.6957,0.8467,19,46,3,7,0.8667,0.7308,0.9388,0.7917,0.9286,15,45,4,11,0.8,0.5769,0.9184,0.6667,0.9317,15,48,1,11,0.84,0.5769,0.9796,0.7143,0.8359,17,45,4,9,0.8267,0.6538,0.9184,0.7234,0.927,17,44,5,9,0.8133,0.6538,0.898,0.7083,0.9121,17,45,4,9,0.8267,0.6538,0.9184,0.7234,0.9089,15,45,4,11,0.8,0.5769,0.9184,0.6667,0.8752
722,22,36,16,0,0.7838,1.0,0.6923,0.7333,0.9449,18,43,9,4,0.8243,0.8182,0.8269,0.7347,0.8872,20,43,9,2,0.8514,0.9091,0.8269,0.7843,0.9537,19,41,11,3,0.8108,0.8636,0.7885,0.7308,0.8969,17,41,11,5,0.7838,0.7727,0.7885,0.68,0.8829,20,42,10,2,0.8378,0.9091,0.8077,0.7692,0.9327,17,41,11,5,0.7838,0.7727,0.7885,0.68,0.8601,16,47,6,6,0.84,0.7273,0.8868,0.7273,0.8945,13,46,7,9,0.7867,0.5909,0.8679,0.619,0.8894,12,48,5,10,0.8,0.5455,0.9057,0.6154,0.7779,13,46,7,9,0.7867,0.5909,0.8679,0.619,0.8851,12,46,7,10,0.7733,0.5455,0.8679,0.5854,0.8679,16,47,6,6,0.84,0.7273,0.8868,0.7273,0.8825,12,46,7,10,0.7733,0.5455,0.8679,0.5854,0.8439
723,18,41,12,3,0.7973,0.8571,0.7736,0.7059,0.885,15,43,10,6,0.7838,0.7143,0.8113,0.6522,0.8176,16,45,8,5,0.8243,0.7619,0.8491,0.7111,0.8625,15,42,11,6,0.7703,0.7143,0.7925,0.6383,0.8212,14,43,10,7,0.7703,0.6667,0.8113,0.6222,0.8167,16,46,7,5,0.8378,0.7619,0.8679,0.7273,0.8535,14,43,10,7,0.7703,0.6667,0.8113,0.6222,0.7727,25,45,2,3,0.9333,0.8929,0.9574,0.9091,0.9331,21,45,2,7,0.88,0.75,0.9574,0.8235,0.9407,19,46,1,9,0.8667,0.6786,0.9787,0.7917,0.8883,22,44,3,6,0.88,0.7857,0.9362,0.8302,0.9293,21,43,4,7,0.8533,0.75,0.9149,0.7925,0.9202,25,45,2,3,0.9333,0.8929,0.9574,0.9091,0.9445,20,44,3,8,0.8533,0.7143,0.9362,0.7843,0.8883
724,21,35,15,3,0.7568,0.875,0.7,0.7,0.84,20,39,11,4,0.7973,0.8333,0.78,0.7273,0.8358,16,42,8,8,0.7838,0.6667,0.84,0.6667,0.8125,15,40,10,9,0.7432,0.625,0.8,0.6122,0.8267,17,39,11,7,0.7568,0.7083,0.78,0.6538,0.8267,20,42,8,4,0.8378,0.8333,0.84,0.7692,0.8717,17,41,9,7,0.7838,0.7083,0.82,0.68,0.8192,20,47,5,3,0.8933,0.8696,0.9038,0.8333,0.9181,15,46,6,8,0.8133,0.6522,0.8846,0.6818,0.9172,12,48,4,11,0.8,0.5217,0.9231,0.6154,0.8344,17,46,6,6,0.84,0.7391,0.8846,0.7391,0.9181,16,46,6,7,0.8267,0.6957,0.8846,0.7111,0.9047,18,47,5,5,0.8667,0.7826,0.9038,0.7826,0.8721,14,46,6,9,0.8,0.6087,0.8846,0.6512,0.8946
725,20,42,10,2,0.8378,0.9091,0.8077,0.7692,0.9108,15,46,6,7,0.8243,0.6818,0.8846,0.6977,0.8558,18,47,5,4,0.8784,0.8182,0.9038,0.8,0.9047,13,44,8,9,0.7703,0.5909,0.8462,0.6047,0.8531,13,46,6,9,0.7973,0.5909,0.8846,0.6341,0.8462,13,45,7,9,0.7838,0.5909,0.8654,0.619,0.8645,13,44,8,9,0.7703,0.5909,0.8462,0.6047,0.8278,21,50,3,1,0.9467,0.9545,0.9434,0.913,0.9537,16,49,4,6,0.8667,0.7273,0.9245,0.7619,0.9237,15,52,1,7,0.8933,0.6818,0.9811,0.7895,0.8525,16,49,4,6,0.8667,0.7273,0.9245,0.7619,0.9357,16,47,6,6,0.84,0.7273,0.8868,0.7273,0.9142,18,48,5,4,0.88,0.8182,0.9057,0.8,0.8997,16,49,4,6,0.8667,0.7273,0.9245,0.7619,0.9099
726,20,38,12,4,0.7838,0.8333,0.76,0.7143,0.8733,19,44,6,5,0.8514,0.7917,0.88,0.7755,0.8492,19,44,6,5,0.8514,0.7917,0.88,0.7755,0.8542,18,43,7,6,0.8243,0.75,0.86,0.7347,0.8358,18,43,7,6,0.8243,0.75,0.86,0.7347,0.8317,16,44,6,8,0.8108,0.6667,0.88,0.6957,0.835,18,43,7,6,0.8243,0.75,0.86,0.7347,0.8092,20,48,5,2,0.9067,0.9091,0.9057,0.8511,0.9177,12,47,6,10,0.7867,0.5455,0.8868,0.6,0.9031,12,51,2,10,0.84,0.5455,0.9623,0.6667,0.9031,15,47,6,7,0.8267,0.6818,0.8868,0.6977,0.8971,14,47,6,8,0.8133,0.6364,0.8868,0.6667,0.8971,20,48,5,2,0.9067,0.9091,0.9057,0.8511,0.9254,11,47,6,11,0.7733,0.5,0.8868,0.5641,0.8585
727,25,41,7,1,0.8919,0.9615,0.8542,0.8621,0.9423,21,41,7,5,0.8378,0.8077,0.8542,0.7778,0.8862,23,44,4,3,0.9054,0.8846,0.9167,0.8679,0.9455,18,39,9,8,0.7703,0.6923,0.8125,0.6792,0.883,20,42,6,6,0.8378,0.7692,0.875,0.7692,0.8958,22,44,4,4,0.8919,0.8462,0.9167,0.8462,0.9127,20,41,7,6,0.8243,0.7692,0.8542,0.7547,0.8726,23,41,6,5,0.8533,0.8214,0.8723,0.807,0.902,13,42,5,15,0.7333,0.4643,0.8936,0.5652,0.9027,13,45,2,15,0.7733,0.4643,0.9574,0.6047,0.7622,14,41,6,14,0.7333,0.5,0.8723,0.5833,0.8807,14,39,8,14,0.7067,0.5,0.8298,0.56,0.8739,20,40,7,8,0.8,0.7143,0.8511,0.7273,0.8541,13,41,6,15,0.72,0.4643,0.8723,0.5532,0.8556
728,23,35,13,3,0.7838,0.8846,0.7292,0.7419,0.8678,17,40,8,9,0.7703,0.6538,0.8333,0.6667,0.8325,23,44,4,3,0.9054,0.8846,0.9167,0.8679,0.8918,18,38,10,8,0.7568,0.6923,0.7917,0.6667,0.8173,17,39,9,9,0.7568,0.6538,0.8125,0.6538,0.8165,16,42,6,10,0.7838,0.6154,0.875,0.6667,0.8421,17,38,10,9,0.7432,0.6538,0.7917,0.6415,0.8149,15,53,4,3,0.9067,0.8333,0.9298,0.8108,0.9561,11,53,4,7,0.8533,0.6111,0.9298,0.6667,0.9552,10,56,1,8,0.88,0.5556,0.9825,0.6897,0.8801,11,52,5,7,0.84,0.6111,0.9123,0.6471,0.9454,10,52,5,8,0.8267,0.5556,0.9123,0.6061,0.9454,14,54,3,4,0.9067,0.7778,0.9474,0.8,0.9415,10,52,5,8,0.8267,0.5556,0.9123,0.6061,0.9298
729,24,31,15,4,0.7432,0.8571,0.6739,0.7164,0.8804,21,39,7,7,0.8108,0.75,0.8478,0.75,0.8494,20,39,7,8,0.7973,0.7143,0.8478,0.7273,0.8137,20,37,9,8,0.7703,0.7143,0.8043,0.7018,0.8269,20,37,9,8,0.7703,0.7143,0.8043,0.7018,0.8354,21,37,9,7,0.7838,0.75,0.8043,0.7241,0.8152,20,39,7,8,0.7973,0.7143,0.8478,0.7273,0.8284,18,47,5,5,0.8667,0.7826,0.9038,0.7826,0.9105,14,48,4,9,0.8267,0.6087,0.9231,0.6829,0.9289,12,50,2,11,0.8267,0.5217,0.9615,0.6486,0.8186,15,46,6,8,0.8133,0.6522,0.8846,0.6818,0.8946,15,45,7,8,0.8,0.6522,0.8654,0.6667,0.8946,16,48,4,7,0.8533,0.6957,0.9231,0.7442,0.9022,14,46,6,9,0.8,0.6087,0.8846,0.6512,0.8737
730,25,35,10,4,0.8108,0.8621,0.7778,0.7812,0.892,23,40,5,6,0.8514,0.7931,0.8889,0.807,0.9119,19,39,6,10,0.7838,0.6552,0.8667,0.7037,0.7678,22,41,4,7,0.8514,0.7586,0.9111,0.8,0.9188,21,41,4,8,0.8378,0.7241,0.9111,0.7778,0.9188,24,40,5,5,0.8649,0.8276,0.8889,0.8276,0.8828,21,41,4,8,0.8378,0.7241,0.9111,0.7778,0.908,13,56,3,3,0.92,0.8125,0.9492,0.8125,0.928,8,57,2,8,0.8667,0.5,0.9661,0.6154,0.9386,8,58,1,8,0.88,0.5,0.9831,0.64,0.8581,9,56,3,7,0.8667,0.5625,0.9492,0.6429,0.9184,8,56,3,8,0.8533,0.5,0.9492,0.5926,0.9195,12,57,2,4,0.92,0.75,0.9661,0.8,0.9227,7,56,3,9,0.84,0.4375,0.9492,0.5385,0.8877
731,26,28,17,3,0.7297,0.8966,0.6222,0.7222,0.8782,23,34,11,6,0.7703,0.7931,0.7556,0.7302,0.8253,25,35,10,4,0.8108,0.8621,0.7778,0.7812,0.8552,24,36,9,5,0.8108,0.8276,0.8,0.7742,0.846,23,33,12,6,0.7568,0.7931,0.7333,0.7188,0.8161,24,34,11,5,0.7838,0.8276,0.7556,0.75,0.8843,23,36,9,6,0.7973,0.7931,0.8,0.7541,0.8069,15,50,8,2,0.8667,0.8824,0.8621,0.75,0.9047,11,52,6,6,0.84,0.6471,0.8966,0.6471,0.9189,9,54,4,8,0.84,0.5294,0.931,0.6,0.8621,12,50,8,5,0.8267,0.7059,0.8621,0.6486,0.8945,9,49,9,8,0.7733,0.5294,0.8448,0.5143,0.8925,14,51,7,3,0.8667,0.8235,0.8793,0.7368,0.8996,8,50,8,9,0.7733,0.4706,0.8621,0.4848,0.8783
732,20,40,13,1,0.8108,0.9524,0.7547,0.7407,0.9182,15,45,8,6,0.8108,0.7143,0.8491,0.6818,0.8715,16,49,4,5,0.8784,0.7619,0.9245,0.7805,0.8949,12,44,9,9,0.7568,0.5714,0.8302,0.5714,0.8446,14,46,7,7,0.8108,0.6667,0.8679,0.6667,0.8751,16,45,8,5,0.8243,0.7619,0.8491,0.7111,0.8688,14,45,8,7,0.7973,0.6667,0.8491,0.6512,0.8509,17,49,7,2,0.88,0.8947,0.875,0.7907,0.907,12,51,5,7,0.84,0.6316,0.9107,0.6667,0.9229,10,54,2,9,0.8533,0.5263,0.9643,0.6452,0.8383,13,49,7,6,0.8267,0.6842,0.875,0.6667,0.9013,11,48,8,8,0.7867,0.5789,0.8571,0.5789,0.8863,15,50,6,4,0.8667,0.7895,0.8929,0.75,0.8806,10,49,7,9,0.7867,0.5263,0.875,0.5556,0.8741
733,30,30,9,5,0.8108,0.8571,0.7692,0.8108,0.8894,27,31,8,8,0.7838,0.7714,0.7949,0.7714,0.8476,26,36,3,9,0.8378,0.7429,0.9231,0.8125,0.8886,24,31,8,11,0.7432,0.6857,0.7949,0.7164,0.8396,26,32,7,9,0.7838,0.7429,0.8205,0.7647,0.8403,28,33,6,7,0.8243,0.8,0.8462,0.8116,0.8828,26,32,7,9,0.7838,0.7429,0.8205,0.7647,0.8256,17,51,5,2,0.9067,0.8947,0.9107,0.8293,0.9455,15,53,3,4,0.9067,0.7895,0.9464,0.8108,0.9502,14,55,1,5,0.92,0.7368,0.9821,0.8235,0.8882,15,51,5,4,0.88,0.7895,0.9107,0.7692,0.938,14,51,5,5,0.8667,0.7368,0.9107,0.7368,0.9361,17,53,3,2,0.9333,0.8947,0.9464,0.8718,0.9464,14,51,5,5,0.8667,0.7368,0.9107,0.7368,0.9079
734,24,32,17,1,0.7568,0.96,0.6531,0.7273,0.942,21,39,10,4,0.8108,0.84,0.7959,0.75,0.8882,21,42,7,4,0.8514,0.84,0.8571,0.7925,0.9078,20,36,13,5,0.7568,0.8,0.7347,0.6897,0.8947,19,35,14,6,0.7297,0.76,0.7143,0.6552,0.8857,22,41,8,3,0.8514,0.88,0.8367,0.8,0.9086,19,37,12,6,0.7568,0.76,0.7551,0.6786,0.8473,21,46,4,4,0.8933,0.84,0.92,0.84,0.9416,16,47,3,9,0.84,0.64,0.94,0.7273,0.9528,14,50,0,11,0.8533,0.56,1.0,0.7179,0.8136,18,46,4,7,0.8533,0.72,0.92,0.766,0.9288,15,46,4,10,0.8133,0.6,0.92,0.6818,0.9216,19,47,3,6,0.88,0.76,0.94,0.8085,0.9184,13,46,4,12,0.7867,0.52,0.92,0.619,0.9208
735,23,39,9,3,0.8378,0.8846,0.8125,0.7931,0.9063,22,44,4,4,0.8919,0.8462,0.9167,0.8462,0.8918,19,47,1,7,0.8919,0.7308,0.9792,0.8261,0.9159,19,44,4,7,0.8514,0.7308,0.9167,0.7755,0.8822,19,44,4,7,0.8514,0.7308,0.9167,0.7755,0.8806,22,44,4,4,0.8919,0.8462,0.9167,0.8462,0.8958,19,44,4,7,0.8514,0.7308,0.9167,0.7755,0.8526,17,48,9,1,0.8667,0.9444,0.8421,0.7727,0.9552,14,50,7,4,0.8533,0.7778,0.8772,0.7179,0.9688,12,55,2,6,0.8933,0.6667,0.9649,0.75,0.8684,15,47,10,3,0.8267,0.8333,0.8246,0.6977,0.9591,15,47,10,3,0.8267,0.8333,0.8246,0.6977,0.9522,15,51,6,3,0.88,0.8333,0.8947,0.7692,0.9201,14,47,10,4,0.8133,0.7778,0.8246,0.6667,0.9415
736,17,36,18,3,0.7162,0.85,0.6667,0.6182,0.8713,13,44,10,7,0.7703,0.65,0.8148,0.6047,0.8407,14,48,6,6,0.8378,0.7,0.8889,0.7,0.8222,15,43,11,5,0.7838,0.75,0.7963,0.6522,0.8481,13,42,12,7,0.7432,0.65,0.7778,0.5778,0.825,17,46,8,3,0.8514,0.85,0.8519,0.7556,0.8685,13,43,11,7,0.7568,0.65,0.7963,0.5909,0.8352,23,49,2,1,0.96,0.9583,0.9608,0.9388,0.9575,17,46,5,7,0.84,0.7083,0.902,0.7391,0.9453,15,51,0,9,0.88,0.625,1.0,0.7692,0.9093,19,46,5,5,0.8667,0.7917,0.902,0.7917,0.9404,18,46,5,6,0.8533,0.75,0.902,0.766,0.933,22,49,2,2,0.9467,0.9167,0.9608,0.9167,0.9371,16,46,5,8,0.8267,0.6667,0.902,0.7111,0.9167
737,19,34,17,4,0.7162,0.8261,0.6667,0.6441,0.8082,16,43,8,7,0.7973,0.6957,0.8431,0.6809,0.8124,17,42,9,6,0.7973,0.7391,0.8235,0.6939,0.8338,11,40,11,12,0.6892,0.4783,0.7843,0.4889,0.7621,15,41,10,8,0.7568,0.6522,0.8039,0.625,0.8005,16,39,12,7,0.7432,0.6957,0.7647,0.6275,0.7903,15,41,10,8,0.7568,0.6522,0.8039,0.625,0.7886,22,46,5,2,0.9067,0.9167,0.902,0.8627,0.9289,18,46,5,6,0.8533,0.75,0.902,0.766,0.9387,16,47,4,8,0.84,0.6667,0.9216,0.7273,0.8864,20,45,6,4,0.8667,0.8333,0.8824,0.8,0.9346,19,45,6,5,0.8533,0.7917,0.8824,0.7755,0.9191,21,47,4,3,0.9067,0.875,0.9216,0.8571,0.9199,17,45,6,7,0.8267,0.7083,0.8824,0.7234,0.8791
738,23,30,16,5,0.7162,0.8214,0.6522,0.6866,0.8067,18,34,12,10,0.7027,0.6429,0.7391,0.6207,0.7453,18,41,5,10,0.7973,0.6429,0.8913,0.7059,0.7516,17,35,11,11,0.7027,0.6071,0.7609,0.6071,0.7407,17,39,7,11,0.7568,0.6071,0.8478,0.6538,0.7492,19,34,12,9,0.7162,0.6786,0.7391,0.6441,0.7818,17,37,9,11,0.7297,0.6071,0.8043,0.6296,0.7624,23,44,4,4,0.8933,0.8519,0.9167,0.8519,0.9236,16,44,4,11,0.8,0.5926,0.9167,0.6809,0.9344,16,47,1,11,0.84,0.5926,0.9792,0.7273,0.8326,19,43,5,8,0.8267,0.7037,0.8958,0.7451,0.919,18,42,6,9,0.8,0.6667,0.875,0.7059,0.9074,21,44,4,6,0.8667,0.7778,0.9167,0.8077,0.9051,15,43,5,12,0.7733,0.5556,0.8958,0.6383,0.8827
739,19,40,13,2,0.7973,0.9048,0.7547,0.717,0.8895,18,40,13,3,0.7838,0.8571,0.7547,0.6923,0.85,16,47,6,5,0.8514,0.7619,0.8868,0.7442,0.8571,14,40,13,7,0.7297,0.6667,0.7547,0.5833,0.8464,16,41,12,5,0.7703,0.7619,0.7736,0.6531,0.8544,17,48,5,4,0.8784,0.8095,0.9057,0.7907,0.9012,16,42,11,5,0.7838,0.7619,0.7925,0.6667,0.8212,18,48,7,2,0.88,0.9,0.8727,0.8,0.9045,12,49,6,8,0.8133,0.6,0.8909,0.6316,0.9027,11,53,2,9,0.8533,0.55,0.9636,0.6667,0.7391,12,47,8,8,0.7867,0.6,0.8545,0.6,0.89,11,46,9,9,0.76,0.55,0.8364,0.55,0.8609,14,49,6,6,0.84,0.7,0.8909,0.7,0.8527,11,47,8,9,0.7733,0.55,0.8545,0.5641,0.8627
740,22,41,8,3,0.8514,0.88,0.8367,0.8,0.8939,20,42,7,5,0.8378,0.8,0.8571,0.7692,0.8718,19,46,3,6,0.8784,0.76,0.9388,0.8085,0.8612,19,43,6,6,0.8378,0.76,0.8776,0.76,0.8735,18,43,6,7,0.8243,0.72,0.8776,0.7347,0.8637,20,44,5,5,0.8649,0.8,0.898,0.8,0.8808,18,43,6,7,0.8243,0.72,0.8776,0.7347,0.8367,15,55,5,0,0.9333,1.0,0.9167,0.8571,0.9356,6,56,4,9,0.8267,0.4,0.9333,0.48,0.9422,7,58,2,8,0.8667,0.4667,0.9667,0.5833,0.9111,13,55,5,2,0.9067,0.8667,0.9167,0.7879,0.9322,11,53,7,4,0.8533,0.7333,0.8833,0.6667,0.93,14,54,6,1,0.9067,0.9333,0.9,0.8,0.92,4,55,5,11,0.7867,0.2667,0.9167,0.3333,0.8844
741,20,37,14,3,0.7703,0.8696,0.7255,0.7018,0.8798,17,43,8,6,0.8108,0.7391,0.8431,0.7083,0.8363,19,47,4,4,0.8919,0.8261,0.9216,0.8261,0.8355,17,43,8,6,0.8108,0.7391,0.8431,0.7083,0.8303,17,41,10,6,0.7838,0.7391,0.8039,0.68,0.8142,15,46,5,8,0.8243,0.6522,0.902,0.6977,0.8397,17,43,8,6,0.8108,0.7391,0.8431,0.7083,0.792,22,44,6,3,0.88,0.88,0.88,0.8302,0.8736,17,43,7,8,0.8,0.68,0.86,0.6939,0.8848,17,46,4,8,0.84,0.68,0.92,0.7391,0.8248,18,43,7,7,0.8133,0.72,0.86,0.72,0.8736,18,41,9,7,0.7867,0.72,0.82,0.6923,0.8544,21,42,8,4,0.84,0.84,0.84,0.7778,0.868,17,43,7,8,0.8,0.68,0.86,0.6939,0.8192
742,20,43,10,1,0.8514,0.9524,0.8113,0.7843,0.973,19,44,9,2,0.8514,0.9048,0.8302,0.7755,0.9039,19,48,5,2,0.9054,0.9048,0.9057,0.8444,0.9335,19,44,9,2,0.8514,0.9048,0.8302,0.7755,0.9164,19,45,8,2,0.8649,0.9048,0.8491,0.7917,0.9191,18,49,4,3,0.9054,0.8571,0.9245,0.8372,0.956,19,45,8,2,0.8649,0.9048,0.8491,0.7917,0.8913,23,42,4,6,0.8667,0.7931,0.913,0.8214,0.9033,19,43,3,10,0.8267,0.6552,0.9348,0.7451,0.9153,17,44,2,12,0.8133,0.5862,0.9565,0.7083,0.8118,20,42,4,9,0.8267,0.6897,0.913,0.7547,0.8951,19,40,6,10,0.7867,0.6552,0.8696,0.7037,0.8876,22,41,5,7,0.84,0.7586,0.8913,0.7857,0.8898,18,42,4,11,0.8,0.6207,0.913,0.7059,0.8681
743,26,33,14,1,0.7973,0.963,0.7021,0.7761,0.9117,24,36,11,3,0.8108,0.8889,0.766,0.7742,0.8534,24,39,8,3,0.8514,0.8889,0.8298,0.8136,0.8999,22,35,12,5,0.7703,0.8148,0.7447,0.7213,0.8637,23,38,9,4,0.8243,0.8519,0.8085,0.7797,0.8637,22,36,11,5,0.7838,0.8148,0.766,0.7333,0.8834,23,37,10,4,0.8108,0.8519,0.7872,0.7667,0.8329,14,55,3,3,0.92,0.8235,0.9483,0.8235,0.9402,9,56,2,8,0.8667,0.5294,0.9655,0.6429,0.9544,8,57,1,9,0.8667,0.4706,0.9828,0.6154,0.8296,10,55,3,7,0.8667,0.5882,0.9483,0.6667,0.9361,10,55,3,7,0.8667,0.5882,0.9483,0.6667,0.926,13,56,2,4,0.92,0.7647,0.9655,0.8125,0.93,9,55,3,8,0.8533,0.5294,0.9483,0.6207,0.9118
744,22,38,13,1,0.8108,0.9565,0.7451,0.7586,0.9625,18,48,3,5,0.8919,0.7826,0.9412,0.8182,0.9429,21,49,2,2,0.9459,0.913,0.9608,0.913,0.9676,18,48,3,5,0.8919,0.7826,0.9412,0.8182,0.9224,18,45,6,5,0.8514,0.7826,0.8824,0.766,0.9361,20,48,3,3,0.9189,0.8696,0.9412,0.8696,0.9454,18,49,2,5,0.9054,0.7826,0.9608,0.8372,0.9369,17,50,5,3,0.8933,0.85,0.9091,0.8095,0.9282,15,49,6,5,0.8533,0.75,0.8909,0.7317,0.9282,11,53,2,9,0.8533,0.55,0.9636,0.6667,0.8482,16,49,6,4,0.8667,0.8,0.8909,0.7619,0.9227,14,49,6,6,0.84,0.7,0.8909,0.7,0.9064,16,50,5,4,0.88,0.8,0.9091,0.7805,0.9109,13,49,6,7,0.8267,0.65,0.8909,0.6667,0.8945
745,27,35,9,3,0.8378,0.9,0.7955,0.8182,0.9008,25,37,7,5,0.8378,0.8333,0.8409,0.8065,0.8917,23,41,3,7,0.8649,0.7667,0.9318,0.8214,0.8598,23,37,7,7,0.8108,0.7667,0.8409,0.7667,0.8841,25,36,8,5,0.8243,0.8333,0.8182,0.7937,0.8962,27,38,6,3,0.8784,0.9,0.8636,0.8571,0.8871,25,37,7,5,0.8378,0.8333,0.8409,0.8065,0.8439,15,51,2,7,0.88,0.6818,0.9623,0.7692,0.9211,11,51,2,11,0.8267,0.5,0.9623,0.6286,0.9254,8,52,1,14,0.8,0.3636,0.9811,0.5161,0.8242,13,51,2,9,0.8533,0.5909,0.9623,0.7027,0.8902,10,50,3,12,0.8,0.4545,0.9434,0.5714,0.9039,15,50,3,7,0.8667,0.6818,0.9434,0.75,0.9168,8,51,2,14,0.7867,0.3636,0.9623,0.5,0.8542
746,21,33,15,5,0.7297,0.8077,0.6875,0.6774,0.8077,16,41,7,10,0.7703,0.6154,0.8542,0.6531,0.7476,17,40,8,9,0.7703,0.6538,0.8333,0.6667,0.7716,13,39,9,13,0.7027,0.5,0.8125,0.5417,0.734,13,40,8,13,0.7162,0.5,0.8333,0.5532,0.7067,17,37,11,9,0.7297,0.6538,0.7708,0.6296,0.7708,13,39,9,13,0.7027,0.5,0.8125,0.5417,0.7236,16,44,10,5,0.8,0.7619,0.8148,0.6809,0.8413,13,46,8,8,0.7867,0.619,0.8519,0.619,0.8536,12,49,5,9,0.8133,0.5714,0.9074,0.6316,0.7302,14,44,10,7,0.7733,0.6667,0.8148,0.6222,0.8395,13,43,11,8,0.7467,0.619,0.7963,0.5778,0.8183,15,45,9,6,0.8,0.7143,0.8333,0.6667,0.8166,12,44,10,9,0.7467,0.5714,0.8148,0.5581,0.7769
747,21,34,19,0,0.7432,1.0,0.6415,0.6885,0.9254,17,38,15,4,0.7432,0.8095,0.717,0.6415,0.8329,18,47,6,3,0.8784,0.8571,0.8868,0.8,0.9434,15,39,14,6,0.7297,0.7143,0.7358,0.6,0.8284,17,39,14,4,0.7568,0.8095,0.7358,0.6538,0.8464,19,47,6,2,0.8919,0.9048,0.8868,0.8261,0.9389,17,40,13,4,0.7703,0.8095,0.7547,0.6667,0.8194,25,41,7,2,0.88,0.9259,0.8542,0.8475,0.8866,14,41,7,13,0.7333,0.5185,0.8542,0.5833,0.875,13,44,4,14,0.76,0.4815,0.9167,0.5909,0.8264,18,40,8,9,0.7733,0.6667,0.8333,0.6792,0.8603,16,39,9,11,0.7333,0.5926,0.8125,0.6154,0.8526,24,41,7,3,0.8667,0.8889,0.8542,0.8276,0.8688,12,40,8,15,0.6933,0.4444,0.8333,0.5106,0.8272
748,19,35,17,3,0.7297,0.8636,0.6731,0.6552,0.8339,16,40,12,6,0.7568,0.7273,0.7692,0.64,0.7937,16,45,7,6,0.8243,0.7273,0.8654,0.7111,0.785,18,36,16,4,0.7297,0.8182,0.6923,0.6429,0.8383,15,42,10,7,0.7703,0.6818,0.8077,0.6383,0.8077,18,41,11,4,0.7973,0.8182,0.7885,0.7059,0.8383,15,39,13,7,0.7297,0.6818,0.75,0.6,0.7998,19,51,4,1,0.9333,0.95,0.9273,0.8837,0.96,15,50,5,5,0.8667,0.75,0.9091,0.75,0.9609,16,53,2,4,0.92,0.8,0.9636,0.8421,0.9345,17,49,6,3,0.88,0.85,0.8909,0.7907,0.9564,17,48,7,3,0.8667,0.85,0.8727,0.7727,0.9527,18,51,4,2,0.92,0.9,0.9273,0.8571,0.9582,15,49,6,5,0.8533,0.75,0.8909,0.7317,0.9345
749,25,24,19,6,0.6622,0.8065,0.5581,0.6667,0.7569,20,33,10,11,0.7162,0.6452,0.7674,0.6557,0.7119,21,35,8,10,0.7568,0.6774,0.814,0.7,0.7479,18,32,11,13,0.6757,0.5806,0.7442,0.6,0.6977,19,31,12,12,0.6757,0.6129,0.7209,0.6129,0.7007,22,32,11,9,0.7297,0.7097,0.7442,0.6875,0.7472,19,32,11,12,0.6892,0.6129,0.7442,0.623,0.7022,12,56,6,1,0.9067,0.9231,0.9032,0.7742,0.964,8,58,4,5,0.88,0.6154,0.9355,0.64,0.9628,7,62,0,6,0.92,0.5385,1.0,0.7,0.9107,10,55,7,3,0.8667,0.7692,0.8871,0.6667,0.9318,9,52,10,4,0.8133,0.6923,0.8387,0.5625,0.9404,12,56,6,1,0.9067,0.9231,0.9032,0.7742,0.9715,7,55,7,6,0.8267,0.5385,0.8871,0.5185,0.9169
750,20,39,14,1,0.7973,0.9524,0.7358,0.7273,0.8814,17,41,12,4,0.7838,0.8095,0.7736,0.68,0.8032,19,47,6,2,0.8919,0.9048,0.8868,0.8261,0.9326,15,41,12,6,0.7568,0.7143,0.7736,0.625,0.8005,16,44,9,5,0.8108,0.7619,0.8302,0.6957,0.7898,14,47,6,7,0.8243,0.6667,0.8868,0.6829,0.8796,16,45,8,5,0.8243,0.7619,0.8491,0.7111,0.814,20,46,7,2,0.88,0.9091,0.8679,0.8163,0.8945,9,49,4,13,0.7733,0.4091,0.9245,0.5143,0.9254,11,50,3,11,0.8133,0.5,0.9434,0.6111,0.8345,14,46,7,8,0.8,0.6364,0.8679,0.6512,0.8902,14,45,8,8,0.7867,0.6364,0.8491,0.6364,0.8937,16,48,5,6,0.8533,0.7273,0.9057,0.7442,0.8636,9,46,7,13,0.7333,0.4091,0.8679,0.4737,0.8662
751,20,31,22,1,0.6892,0.9524,0.5849,0.6349,0.8473,16,42,11,5,0.7838,0.7619,0.7925,0.6667,0.8041,17,43,10,4,0.8108,0.8095,0.8113,0.7083,0.9048,15,40,13,6,0.7432,0.7143,0.7547,0.6122,0.805,16,41,12,5,0.7703,0.7619,0.7736,0.6531,0.8131,16,40,13,5,0.7568,0.7619,0.7547,0.64,0.8751,16,40,13,5,0.7568,0.7619,0.7547,0.64,0.7916,15,52,6,2,0.8933,0.8824,0.8966,0.7895,0.9199,12,53,5,5,0.8667,0.7059,0.9138,0.7059,0.9341,10,54,4,7,0.8533,0.5882,0.931,0.6452,0.857,13,51,7,4,0.8533,0.7647,0.8793,0.7027,0.9158,12,51,7,5,0.84,0.7059,0.8793,0.6667,0.9199,14,54,4,3,0.9067,0.8235,0.931,0.8,0.9148,11,51,7,6,0.8267,0.6471,0.8793,0.6286,0.9016
752,22,36,14,2,0.7838,0.9167,0.72,0.7333,0.8667,17,41,9,7,0.7838,0.7083,0.82,0.68,0.83,19,44,6,5,0.8514,0.7917,0.88,0.7755,0.8742,15,42,8,9,0.7703,0.625,0.84,0.6383,0.8183,16,41,9,8,0.7703,0.6667,0.82,0.6531,0.8308,19,41,9,5,0.8108,0.7917,0.82,0.7308,0.835,16,42,8,8,0.7838,0.6667,0.84,0.6667,0.7917,19,48,4,4,0.8933,0.8261,0.9231,0.8261,0.9239,12,49,3,11,0.8133,0.5217,0.9423,0.6316,0.9406,13,51,1,10,0.8533,0.5652,0.9808,0.7027,0.8946,15,48,4,8,0.84,0.6522,0.9231,0.7143,0.908,15,44,8,8,0.7867,0.6522,0.8462,0.6522,0.9114,19,45,7,4,0.8533,0.8261,0.8654,0.7755,0.9222,12,48,4,11,0.8,0.5217,0.9231,0.6154,0.8637
753,20,30,19,5,0.6757,0.8,0.6122,0.625,0.778,17,37,12,8,0.7297,0.68,0.7551,0.6296,0.7429,18,41,8,7,0.7973,0.72,0.8367,0.7059,0.7878,17,33,16,8,0.6757,0.68,0.6735,0.5862,0.7551,16,36,13,9,0.7027,0.64,0.7347,0.5926,0.7216,17,38,11,8,0.7432,0.68,0.7755,0.6415,0.7437,16,35,14,9,0.6892,0.64,0.7143,0.5818,0.7102,19,47,5,4,0.88,0.8261,0.9038,0.8085,0.898,14,46,6,9,0.8,0.6087,0.8846,0.6512,0.8905,11,51,1,12,0.8267,0.4783,0.9808,0.6286,0.7784,15,46,6,8,0.8133,0.6522,0.8846,0.6818,0.8855,13,45,7,10,0.7733,0.5652,0.8654,0.6047,0.8721,17,46,6,6,0.84,0.7391,0.8846,0.7391,0.8629,12,46,6,11,0.7733,0.5217,0.8846,0.5854,0.8311
754,23,27,18,6,0.6757,0.7931,0.6,0.6571,0.7755,18,34,11,11,0.7027,0.6207,0.7556,0.6207,0.7004,21,35,10,8,0.7568,0.7241,0.7778,0.7,0.7556,15,28,17,14,0.5811,0.5172,0.6222,0.4918,0.6782,18,34,11,11,0.7027,0.6207,0.7556,0.6207,0.7073,17,31,14,12,0.6486,0.5862,0.6889,0.5667,0.7011,18,31,14,11,0.6622,0.6207,0.6889,0.5902,0.7027,13,53,7,2,0.88,0.8667,0.8833,0.7429,0.8856,11,54,6,4,0.8667,0.7333,0.9,0.6875,0.9033,9,56,4,6,0.8667,0.6,0.9333,0.6429,0.8733,12,53,7,3,0.8667,0.8,0.8833,0.7059,0.8833,10,52,8,5,0.8267,0.6667,0.8667,0.6061,0.8678,13,53,7,2,0.88,0.8667,0.8833,0.7429,0.8922,9,53,7,6,0.8267,0.6,0.8833,0.5806,0.8344
755,24,33,11,6,0.7703,0.8,0.75,0.7385,0.8144,17,41,3,13,0.7838,0.5667,0.9318,0.68,0.8212,17,41,3,13,0.7838,0.5667,0.9318,0.68,0.7591,15,40,4,15,0.7432,0.5,0.9091,0.6122,0.7992,15,41,3,15,0.7568,0.5,0.9318,0.625,0.7667,18,38,6,12,0.7568,0.6,0.8636,0.6667,0.7886,15,40,4,15,0.7432,0.5,0.9091,0.6122,0.7598,20,47,7,1,0.8933,0.9524,0.8704,0.8333,0.9638,16,47,7,5,0.84,0.7619,0.8704,0.7273,0.9568,16,53,1,5,0.92,0.7619,0.9815,0.8421,0.9198,17,46,8,4,0.84,0.8095,0.8519,0.7391,0.9541,16,46,8,5,0.8267,0.7619,0.8519,0.7111,0.9444,19,48,6,2,0.8933,0.9048,0.8889,0.8261,0.9524,15,46,8,6,0.8133,0.7143,0.8519,0.6818,0.9259
756,22,29,20,3,0.6892,0.88,0.5918,0.6567,0.8424,18,37,12,7,0.7432,0.72,0.7551,0.6545,0.7959,21,39,10,4,0.8108,0.84,0.7959,0.75,0.8188,20,33,16,5,0.7162,0.8,0.6735,0.6557,0.8196,18,36,13,7,0.7297,0.72,0.7347,0.6429,0.7902,20,36,13,5,0.7568,0.8,0.7347,0.6897,0.8237,18,35,14,7,0.7162,0.72,0.7143,0.6316,0.7739,22,45,6,2,0.8933,0.9167,0.8824,0.8462,0.9314,18,47,4,6,0.8667,0.75,0.9216,0.7826,0.9444,16,50,1,8,0.88,0.6667,0.9804,0.7805,0.9224,21,45,6,3,0.88,0.875,0.8824,0.8235,0.9289,19,42,9,5,0.8133,0.7917,0.8235,0.7308,0.9257,22,44,7,2,0.88,0.9167,0.8627,0.8302,0.9338,16,45,6,8,0.8133,0.6667,0.8824,0.6957,0.8856
757,23,36,12,3,0.7973,0.8846,0.75,0.7541,0.891,19,41,7,7,0.8108,0.7308,0.8542,0.7308,0.8798,21,43,5,5,0.8649,0.8077,0.8958,0.8077,0.883,19,39,9,7,0.7838,0.7308,0.8125,0.7037,0.8806,18,42,6,8,0.8108,0.6923,0.875,0.72,0.867,22,39,9,4,0.8243,0.8462,0.8125,0.7719,0.8678,18,40,8,8,0.7838,0.6923,0.8333,0.6923,0.8534,19,42,5,9,0.8133,0.6786,0.8936,0.7308,0.8184,13,43,4,15,0.7467,0.4643,0.9149,0.5778,0.867,13,46,1,15,0.7867,0.4643,0.9787,0.619,0.7188,17,42,5,11,0.7867,0.6071,0.8936,0.68,0.8381,15,42,5,13,0.76,0.5357,0.8936,0.625,0.7834,18,43,4,10,0.8133,0.6429,0.9149,0.72,0.8267,11,42,5,17,0.7067,0.3929,0.8936,0.5,0.7447
758,27,29,13,5,0.7568,0.8438,0.6905,0.75,0.878,24,35,7,8,0.7973,0.75,0.8333,0.7619,0.8244,25,36,6,7,0.8243,0.7812,0.8571,0.7937,0.8839,23,33,9,9,0.7568,0.7188,0.7857,0.7188,0.8125,24,34,8,8,0.7838,0.75,0.8095,0.75,0.8147,24,36,6,8,0.8108,0.75,0.8571,0.7742,0.8638,24,33,9,8,0.7703,0.75,0.7857,0.7385,0.7768,15,52,4,4,0.8933,0.7895,0.9286,0.7895,0.891,8,52,4,11,0.8,0.4211,0.9286,0.5161,0.9023,9,55,1,10,0.8533,0.4737,0.9821,0.6207,0.8008,10,50,6,9,0.8,0.5263,0.8929,0.5714,0.8769,10,49,7,9,0.7867,0.5263,0.875,0.5556,0.8543,14,53,3,5,0.8933,0.7368,0.9464,0.7778,0.8853,8,50,6,11,0.7733,0.4211,0.8929,0.4848,0.8346
759,23,33,15,3,0.7568,0.8846,0.6875,0.7188,0.8718,19,37,11,7,0.7568,0.7308,0.7708,0.6786,0.7829,19,41,7,7,0.8108,0.7308,0.8542,0.7308,0.7893,20,37,11,6,0.7703,0.7692,0.7708,0.7018,0.8013,19,36,12,7,0.7432,0.7308,0.75,0.6667,0.7732,20,42,6,6,0.8378,0.7692,0.875,0.7692,0.8293,19,37,11,7,0.7568,0.7308,0.7708,0.6786,0.7452,15,51,6,3,0.88,0.8333,0.8947,0.7692,0.884,11,52,5,7,0.84,0.6111,0.9123,0.6471,0.8947,13,54,3,5,0.8933,0.7222,0.9474,0.7647,0.7953,14,51,6,4,0.8667,0.7778,0.8947,0.7368,0.8752,14,51,6,4,0.8667,0.7778,0.8947,0.7368,0.8606,14,52,5,4,0.88,0.7778,0.9123,0.7568,0.8772,11,51,6,7,0.8267,0.6111,0.8947,0.6286,0.8304
760,21,30,20,3,0.6892,0.875,0.6,0.6462,0.84,18,42,8,6,0.8108,0.75,0.84,0.72,0.8267,18,43,7,6,0.8243,0.75,0.86,0.7347,0.8158,16,39,11,8,0.7432,0.6667,0.78,0.6275,0.8033,17,39,11,7,0.7568,0.7083,0.78,0.6538,0.825,19,40,10,5,0.7973,0.7917,0.8,0.717,0.8108,17,40,10,7,0.7703,0.7083,0.8,0.6667,0.8125,13,54,5,3,0.8933,0.8125,0.9153,0.7647,0.9163,10,52,7,6,0.8267,0.625,0.8814,0.6061,0.9184,9,56,3,7,0.8667,0.5625,0.9492,0.6429,0.803,10,52,7,6,0.8267,0.625,0.8814,0.6061,0.911,9,51,8,7,0.8,0.5625,0.8644,0.5455,0.9004,12,53,6,4,0.8667,0.75,0.8983,0.7059,0.8739,9,52,7,7,0.8133,0.5625,0.8814,0.5625,0.8708
761,20,38,13,3,0.7838,0.8696,0.7451,0.7143,0.8653,16,43,8,7,0.7973,0.6957,0.8431,0.6809,0.8031,16,44,7,7,0.8108,0.6957,0.8627,0.6957,0.8517,14,41,10,9,0.7432,0.6087,0.8039,0.5957,0.7903,13,41,10,10,0.7297,0.5652,0.8039,0.5652,0.7852,18,45,6,5,0.8514,0.7826,0.8824,0.766,0.8321,13,41,10,10,0.7297,0.5652,0.8039,0.5652,0.7749,17,51,5,2,0.9067,0.8947,0.9107,0.8293,0.8994,12,52,4,7,0.8533,0.6316,0.9286,0.6857,0.9088,13,54,2,6,0.8933,0.6842,0.9643,0.7647,0.8637,15,50,6,4,0.8667,0.7895,0.8929,0.75,0.8853,14,49,7,5,0.84,0.7368,0.875,0.7,0.8797,17,52,4,2,0.92,0.8947,0.9286,0.85,0.8938,11,50,6,8,0.8133,0.5789,0.8929,0.6111,0.8365
762,25,31,16,2,0.7568,0.9259,0.6596,0.7353,0.8802,21,38,9,6,0.7973,0.7778,0.8085,0.7368,0.8463,23,40,7,4,0.8514,0.8519,0.8511,0.807,0.8629,20,36,11,7,0.7568,0.7407,0.766,0.6897,0.8455,20,37,10,7,0.7703,0.7407,0.7872,0.7018,0.8235,22,40,7,5,0.8378,0.8148,0.8511,0.7857,0.8652,20,37,10,7,0.7703,0.7407,0.7872,0.7018,0.84,14,54,3,4,0.9067,0.7778,0.9474,0.8,0.9279,12,52,5,6,0.8533,0.6667,0.9123,0.6857,0.925,10,55,2,8,0.8667,0.5556,0.9649,0.6667,0.8421,12,52,5,6,0.8533,0.6667,0.9123,0.6857,0.9103,10,52,5,8,0.8267,0.5556,0.9123,0.6061,0.9035,13,54,3,5,0.8933,0.7222,0.9474,0.7647,0.9181,10,52,5,8,0.8267,0.5556,0.9123,0.6061,0.883
763,26,31,14,3,0.7703,0.8966,0.6889,0.7536,0.8904,23,36,9,6,0.7973,0.7931,0.8,0.7541,0.8613,26,38,7,3,0.8649,0.8966,0.8444,0.8387,0.9027,22,34,11,7,0.7568,0.7586,0.7556,0.7097,0.8429,23,35,10,6,0.7838,0.7931,0.7778,0.7419,0.8682,24,41,4,5,0.8784,0.8276,0.9111,0.8421,0.8897,23,36,9,6,0.7973,0.7931,0.8,0.7541,0.8743,22,46,6,1,0.9067,0.9565,0.8846,0.8627,0.9465,13,46,6,10,0.7867,0.5652,0.8846,0.619,0.9431,15,50,2,8,0.8667,0.6522,0.9615,0.75,0.9314,18,45,7,5,0.84,0.7826,0.8654,0.75,0.9356,18,45,7,5,0.84,0.7826,0.8654,0.75,0.9314,22,47,5,1,0.92,0.9565,0.9038,0.88,0.9565,13,45,7,10,0.7733,0.5652,0.8654,0.6047,0.9064
764,25,31,16,2,0.7568,0.9259,0.6596,0.7353,0.8613,21,37,10,6,0.7838,0.7778,0.7872,0.7241,0.8172,19,41,6,8,0.8108,0.7037,0.8723,0.7308,0.87,17,35,12,10,0.7027,0.6296,0.7447,0.6071,0.8085,18,35,12,9,0.7162,0.6667,0.7447,0.6316,0.8085,22,39,8,5,0.8243,0.8148,0.8298,0.7719,0.8613,18,36,11,9,0.7297,0.6667,0.766,0.6429,0.7723,19,46,6,4,0.8667,0.8261,0.8846,0.7917,0.9072,15,46,6,8,0.8133,0.6522,0.8846,0.6818,0.9064,10,50,2,13,0.8,0.4348,0.9615,0.5714,0.8462,17,44,8,6,0.8133,0.7391,0.8462,0.7083,0.8796,12,43,9,11,0.7333,0.5217,0.8269,0.5455,0.8737,19,47,5,4,0.88,0.8261,0.9038,0.8085,0.9097,10,44,8,13,0.72,0.4348,0.8462,0.4878,0.8202
765,28,32,9,5,0.8108,0.8485,0.7805,0.8,0.8684,20,35,6,13,0.7432,0.6061,0.8537,0.678,0.8174,25,36,5,8,0.8243,0.7576,0.878,0.7937,0.8714,20,34,7,13,0.7297,0.6061,0.8293,0.6667,0.8137,19,35,6,14,0.7297,0.5758,0.8537,0.6552,0.8115,24,35,6,9,0.7973,0.7273,0.8537,0.7619,0.8463,19,36,5,14,0.7432,0.5758,0.878,0.6667,0.8271,22,41,10,2,0.84,0.9167,0.8039,0.7857,0.8644,14,43,8,10,0.76,0.5833,0.8431,0.6087,0.8668,12,47,4,12,0.7867,0.5,0.9216,0.6,0.8284,17,41,10,7,0.7733,0.7083,0.8039,0.6667,0.8415,14,39,12,10,0.7067,0.5833,0.7647,0.56,0.8292,21,41,10,3,0.8267,0.875,0.8039,0.7636,0.8513,11,41,10,13,0.6933,0.4583,0.8039,0.4889,0.7998
766,28,35,9,2,0.8514,0.9333,0.7955,0.8358,0.9068,22,34,10,8,0.7568,0.7333,0.7727,0.7097,0.8508,23,42,2,7,0.8784,0.7667,0.9545,0.8364,0.9053,22,34,10,8,0.7568,0.7333,0.7727,0.7097,0.853,20,38,6,10,0.7838,0.6667,0.8636,0.7143,0.8697,26,40,4,4,0.8919,0.8667,0.9091,0.8667,0.8947,20,37,7,10,0.7703,0.6667,0.8409,0.7018,0.8348,15,54,4,2,0.92,0.8824,0.931,0.8333,0.9513,14,55,3,3,0.92,0.8235,0.9483,0.8235,0.9736,12,55,3,5,0.8933,0.7059,0.9483,0.75,0.9097,15,54,4,2,0.92,0.8824,0.931,0.8333,0.9604,13,52,6,4,0.8667,0.7647,0.8966,0.7222,0.9615,15,53,5,2,0.9067,0.8824,0.9138,0.8108,0.9594,12,54,4,5,0.88,0.7059,0.931,0.7273,0.9381
767,17,41,13,3,0.7838,0.85,0.7593,0.68,0.8185,16,46,8,4,0.8378,0.8,0.8519,0.7273,0.8269,13,47,7,7,0.8108,0.65,0.8704,0.65,0.7833,11,43,11,9,0.7297,0.55,0.7963,0.5238,0.8046,13,46,8,7,0.7973,0.65,0.8519,0.6341,0.813,16,47,7,4,0.8514,0.8,0.8704,0.7442,0.8343,13,44,10,7,0.7703,0.65,0.8148,0.6047,0.7815,13,52,6,4,0.8667,0.7647,0.8966,0.7222,0.8895,10,51,7,7,0.8133,0.5882,0.8793,0.5882,0.9047,10,56,2,7,0.88,0.5882,0.9655,0.6897,0.8519,10,50,8,7,0.8,0.5882,0.8621,0.5714,0.8722,10,48,10,7,0.7733,0.5882,0.8276,0.5405,0.8763,13,51,7,4,0.8533,0.7647,0.8793,0.7027,0.8955,10,50,8,7,0.8,0.5882,0.8621,0.5714,0.8387
768,23,33,15,3,0.7568,0.8846,0.6875,0.7188,0.8526,18,38,10,8,0.7568,0.6923,0.7917,0.6667,0.8205,19,42,6,7,0.8243,0.7308,0.875,0.7451,0.8646,17,39,9,9,0.7568,0.6538,0.8125,0.6538,0.8173,16,40,8,10,0.7568,0.6154,0.8333,0.64,0.7965,21,40,8,5,0.8243,0.8077,0.8333,0.7636,0.8606,16,39,9,10,0.7432,0.6154,0.8125,0.6275,0.8253,19,46,5,5,0.8667,0.7917,0.902,0.7917,0.8856,16,46,5,8,0.8267,0.6667,0.902,0.7111,0.8905,12,48,3,12,0.8,0.5,0.9412,0.6154,0.7892,17,45,6,7,0.8267,0.7083,0.8824,0.7234,0.8758,16,43,8,8,0.7867,0.6667,0.8431,0.6667,0.8505,19,45,6,5,0.8533,0.7917,0.8824,0.7755,0.8758,15,45,6,9,0.8,0.625,0.8824,0.6667,0.8096
769,20,33,19,2,0.7162,0.9091,0.6346,0.6557,0.84,14,38,14,8,0.7027,0.6364,0.7308,0.56,0.743,18,42,10,4,0.8108,0.8182,0.8077,0.72,0.8794,14,37,15,8,0.6892,0.6364,0.7115,0.549,0.7483,14,40,12,8,0.7297,0.6364,0.7692,0.5833,0.7439,17,37,15,5,0.7297,0.7727,0.7115,0.6296,0.8313,14,40,12,8,0.7297,0.6364,0.7692,0.5833,0.7483,15,55,2,3,0.9333,0.8333,0.9649,0.8571,0.9405,12,56,1,6,0.9067,0.6667,0.9825,0.7742,0.962,10,57,0,8,0.8933,0.5556,1.0,0.7143,0.8187,13,55,2,5,0.9067,0.7222,0.9649,0.7879,0.9396,11,53,4,7,0.8533,0.6111,0.9298,0.6667,0.922,13,54,3,5,0.8933,0.7222,0.9474,0.7647,0.9103,10,55,2,8,0.8667,0.5556,0.9649,0.6667,0.9035
770,19,41,10,4,0.8108,0.8261,0.8039,0.7308,0.8483,14,45,6,9,0.7973,0.6087,0.8824,0.6512,0.8303,17,44,7,6,0.8243,0.7391,0.8627,0.7234,0.8065,16,45,6,7,0.8243,0.6957,0.8824,0.7111,0.8244,14,44,7,9,0.7838,0.6087,0.8627,0.6364,0.8099,17,46,5,6,0.8514,0.7391,0.902,0.7556,0.8491,14,45,6,9,0.7973,0.6087,0.8824,0.6512,0.8082,14,53,4,4,0.8933,0.7778,0.9298,0.7778,0.9152,9,54,3,9,0.84,0.5,0.9474,0.6,0.9347,9,54,3,9,0.84,0.5,0.9474,0.6,0.8168,11,53,4,7,0.8533,0.6111,0.9298,0.6667,0.9133,10,53,4,8,0.84,0.5556,0.9298,0.625,0.9113,13,54,3,5,0.8933,0.7222,0.9474,0.7647,0.9016,8,53,4,10,0.8133,0.4444,0.9298,0.5333,0.8801
771,16,41,13,4,0.7703,0.8,0.7593,0.6531,0.7944,9,47,7,11,0.7568,0.45,0.8704,0.5,0.7472,13,46,8,7,0.7973,0.65,0.8519,0.6341,0.7287,10,47,7,10,0.7703,0.5,0.8704,0.5405,0.7185,9,47,7,11,0.7568,0.45,0.8704,0.5,0.7287,12,45,9,8,0.7703,0.6,0.8333,0.5854,0.7324,9,47,7,11,0.7568,0.45,0.8704,0.5,0.7861,15,53,4,3,0.9067,0.8333,0.9298,0.8108,0.961,12,54,3,6,0.88,0.6667,0.9474,0.7273,0.961,9,55,2,9,0.8533,0.5,0.9649,0.6207,0.8441,13,53,4,5,0.88,0.7222,0.9298,0.7429,0.9415,11,52,5,7,0.84,0.6111,0.9123,0.6471,0.9454,14,53,4,4,0.8933,0.7778,0.9298,0.7778,0.9347,10,53,4,8,0.84,0.5556,0.9298,0.625,0.9376
772,22,37,14,1,0.7973,0.9565,0.7255,0.7458,0.913,20,44,7,3,0.8649,0.8696,0.8627,0.8,0.8866,20,46,5,3,0.8919,0.8696,0.902,0.8333,0.9079,19,41,10,4,0.8108,0.8261,0.8039,0.7308,0.8798,19,42,9,4,0.8243,0.8261,0.8235,0.7451,0.8832,18,46,5,5,0.8649,0.7826,0.902,0.7826,0.9096,19,41,10,4,0.8108,0.8261,0.8039,0.7308,0.867,18,49,5,3,0.8933,0.8571,0.9074,0.8182,0.9162,15,52,2,6,0.8933,0.7143,0.963,0.7895,0.94,15,54,0,6,0.92,0.7143,1.0,0.8333,0.8959,18,49,5,3,0.8933,0.8571,0.9074,0.8182,0.9198,18,49,5,3,0.8933,0.8571,0.9074,0.8182,0.9162,18,52,2,3,0.9333,0.8571,0.963,0.878,0.9365,15,49,5,6,0.8533,0.7143,0.9074,0.7317,0.8713
773,24,32,17,1,0.7568,0.96,0.6531,0.7273,0.9176,22,38,11,3,0.8108,0.88,0.7755,0.7586,0.8645,22,38,11,3,0.8108,0.88,0.7755,0.7586,0.8629,21,36,13,4,0.7703,0.84,0.7347,0.7119,0.88,21,37,12,4,0.7838,0.84,0.7551,0.7241,0.8694,23,38,11,2,0.8243,0.92,0.7755,0.7797,0.9151,21,37,12,4,0.7838,0.84,0.7551,0.7241,0.8327,19,50,4,2,0.92,0.9048,0.9259,0.8636,0.9753,15,50,4,6,0.8667,0.7143,0.9259,0.75,0.9753,16,52,2,5,0.9067,0.7619,0.963,0.8205,0.9683,19,50,4,2,0.92,0.9048,0.9259,0.8636,0.97,19,49,5,2,0.9067,0.9048,0.9074,0.8444,0.9753,19,49,5,2,0.9067,0.9048,0.9074,0.8444,0.9753,15,50,4,6,0.8667,0.7143,0.9259,0.75,0.9489
774,21,36,17,0,0.7703,1.0,0.6792,0.7119,0.8958,14,42,11,7,0.7568,0.6667,0.7925,0.6087,0.7655,17,46,7,4,0.8514,0.8095,0.8679,0.7556,0.9272,13,39,14,8,0.7027,0.619,0.7358,0.5417,0.7547,13,42,11,8,0.7432,0.619,0.7925,0.5778,0.7601,16,41,12,5,0.7703,0.7619,0.7736,0.6531,0.8607,13,41,12,8,0.7297,0.619,0.7736,0.5652,0.7556,19,51,4,1,0.9333,0.95,0.9273,0.8837,0.9555,15,50,5,5,0.8667,0.75,0.9091,0.75,0.9436,12,52,3,8,0.8533,0.6,0.9455,0.6857,0.8609,16,50,5,4,0.88,0.8,0.9091,0.7805,0.9518,15,50,5,5,0.8667,0.75,0.9091,0.75,0.9409,17,51,4,3,0.9067,0.85,0.9273,0.8293,0.9182,14,50,5,6,0.8533,0.7,0.9091,0.7179,0.9273
775,20,36,16,2,0.7568,0.9091,0.6923,0.6897,0.8147,15,39,13,7,0.7297,0.6818,0.75,0.6,0.7797,14,46,6,8,0.8108,0.6364,0.8846,0.6667,0.8846,10,40,12,12,0.6757,0.4545,0.7692,0.4545,0.7649,11,44,8,11,0.7432,0.5,0.8462,0.5366,0.7736,18,44,8,4,0.8378,0.8182,0.8462,0.75,0.8689,11,42,10,11,0.7162,0.5,0.8077,0.5116,0.7631,13,50,8,4,0.84,0.7647,0.8621,0.6842,0.9108,10,49,9,7,0.7867,0.5882,0.8448,0.5556,0.9087,9,55,3,8,0.8533,0.5294,0.9483,0.6207,0.7779,12,48,10,5,0.8,0.7059,0.8276,0.6154,0.8864,11,44,14,6,0.7333,0.6471,0.7586,0.5238,0.8712,12,47,11,5,0.7867,0.7059,0.8103,0.6,0.8651,9,48,10,8,0.76,0.5294,0.8276,0.5,0.8509
776,21,36,14,3,0.7703,0.875,0.72,0.7119,0.8708,17,44,6,7,0.8243,0.7083,0.88,0.7234,0.8383,18,42,8,6,0.8108,0.75,0.84,0.72,0.845,18,42,8,6,0.8108,0.75,0.84,0.72,0.8317,17,41,9,7,0.7838,0.7083,0.82,0.68,0.825,17,40,10,7,0.7703,0.7083,0.8,0.6667,0.8058,17,42,8,7,0.7973,0.7083,0.84,0.6939,0.83,22,44,7,2,0.88,0.9167,0.8627,0.8302,0.9167,14,48,3,10,0.8267,0.5833,0.9412,0.6829,0.9518,14,51,0,10,0.8667,0.5833,1.0,0.7368,0.9306,18,44,7,6,0.8267,0.75,0.8627,0.7347,0.9109,16,44,7,8,0.8,0.6667,0.8627,0.6809,0.9069,22,48,3,2,0.9333,0.9167,0.9412,0.898,0.9542,12,44,7,12,0.7467,0.5,0.8627,0.5581,0.875
777,25,35,10,4,0.8108,0.8621,0.7778,0.7812,0.8552,18,39,6,11,0.7703,0.6207,0.8667,0.6792,0.7893,22,41,4,7,0.8514,0.7586,0.9111,0.8,0.846,15,37,8,14,0.7027,0.5172,0.8222,0.5769,0.7586,17,39,6,12,0.7568,0.5862,0.8667,0.6538,0.7517,19,38,7,10,0.7703,0.6552,0.8444,0.6909,0.8008,17,39,6,12,0.7568,0.5862,0.8667,0.6538,0.7969,17,39,11,8,0.7467,0.68,0.78,0.6415,0.768,13,39,11,12,0.6933,0.52,0.78,0.5306,0.7944,12,41,9,13,0.7067,0.48,0.82,0.5217,0.6656,14,38,12,11,0.6933,0.56,0.76,0.549,0.768,13,38,12,12,0.68,0.52,0.76,0.52,0.7656,16,40,10,9,0.7467,0.64,0.8,0.6275,0.7608,12,38,12,13,0.6667,0.48,0.76,0.4898,0.7216
778,29,25,16,4,0.7297,0.8788,0.6098,0.7436,0.8936,27,32,9,6,0.7973,0.8182,0.7805,0.7826,0.85,24,38,3,9,0.8378,0.7273,0.9268,0.8,0.8359,25,34,7,8,0.7973,0.7576,0.8293,0.7692,0.861,25,32,9,8,0.7703,0.7576,0.7805,0.7463,0.8352,26,32,9,7,0.7838,0.7879,0.7805,0.7647,0.8647,25,34,7,8,0.7973,0.7576,0.8293,0.7692,0.8145,20,48,5,2,0.9067,0.9091,0.9057,0.8511,0.9237,15,49,4,7,0.8533,0.6818,0.9245,0.7317,0.9262,16,51,2,6,0.8933,0.7273,0.9623,0.8,0.8877,19,48,5,3,0.8933,0.8636,0.9057,0.8261,0.9117,19,48,5,3,0.8933,0.8636,0.9057,0.8261,0.9168,20,49,4,2,0.92,0.9091,0.9245,0.8696,0.922,15,48,5,7,0.84,0.6818,0.9057,0.7143,0.9005
779,22,33,14,5,0.7432,0.8148,0.7021,0.6984,0.803,17,41,6,10,0.7838,0.6296,0.8723,0.68,0.7935,16,40,7,11,0.7568,0.5926,0.8511,0.64,0.7455,16,40,7,11,0.7568,0.5926,0.8511,0.64,0.7699,16,40,7,11,0.7568,0.5926,0.8511,0.64,0.7864,19,40,7,8,0.7973,0.7037,0.8511,0.717,0.7991,16,41,6,11,0.7703,0.5926,0.8723,0.6531,0.8006,23,41,5,6,0.8533,0.7931,0.8913,0.807,0.8793,18,39,7,11,0.76,0.6207,0.8478,0.6667,0.8816,15,43,3,14,0.7733,0.5172,0.9348,0.6383,0.7931,20,38,8,9,0.7733,0.6897,0.8261,0.7018,0.8621,18,37,9,11,0.7333,0.6207,0.8043,0.6429,0.8456,21,41,5,8,0.8267,0.7241,0.8913,0.7636,0.8643,16,38,8,13,0.72,0.5517,0.8261,0.6038,0.8231
780,23,36,12,3,0.7973,0.8846,0.75,0.7541,0.8846,19,39,9,7,0.7838,0.7308,0.8125,0.7037,0.8293,18,45,3,8,0.8514,0.6923,0.9375,0.766,0.7869,18,38,10,8,0.7568,0.6923,0.7917,0.6667,0.8189,19,40,8,7,0.7973,0.7308,0.8333,0.717,0.8133,19,43,5,7,0.8378,0.7308,0.8958,0.76,0.863,19,39,9,7,0.7838,0.7308,0.8125,0.7037,0.8109,15,46,5,9,0.8133,0.625,0.902,0.6818,0.8922,10,46,5,14,0.7467,0.4167,0.902,0.5128,0.9199,7,49,2,17,0.7467,0.2917,0.9608,0.4242,0.7492,11,45,6,13,0.7467,0.4583,0.8824,0.5366,0.8832,10,44,7,14,0.72,0.4167,0.8627,0.4878,0.8864,14,46,5,10,0.8,0.5833,0.902,0.6512,0.8864,9,45,6,15,0.72,0.375,0.8824,0.4615,0.8505
781,17,40,12,5,0.7703,0.7727,0.7692,0.6667,0.8208,16,48,4,6,0.8649,0.7273,0.9231,0.7619,0.8121,16,48,4,6,0.8649,0.7273,0.9231,0.7619,0.7955,14,47,5,8,0.8243,0.6364,0.9038,0.6829,0.792,15,47,5,7,0.8378,0.6818,0.9038,0.7143,0.771,14,45,7,8,0.7973,0.6364,0.8654,0.6512,0.7902,15,47,5,7,0.8378,0.6818,0.9038,0.7143,0.7587,17,54,3,1,0.9467,0.9444,0.9474,0.8947,0.9493,12,52,5,6,0.8533,0.6667,0.9123,0.6857,0.9347,9,56,1,9,0.8667,0.5,0.9825,0.6429,0.8655,13,52,5,5,0.8667,0.7222,0.9123,0.7222,0.9318,12,49,8,6,0.8133,0.6667,0.8596,0.6316,0.8996,15,51,6,3,0.88,0.8333,0.8947,0.7692,0.9045,11,52,5,7,0.84,0.6111,0.9123,0.6471,0.8967
782,17,38,16,3,0.7432,0.85,0.7037,0.6415,0.8843,16,44,10,4,0.8108,0.8,0.8148,0.6957,0.8639,13,50,4,7,0.8514,0.65,0.9259,0.7027,0.8028,14,43,11,6,0.7703,0.7,0.7963,0.6222,0.8593,14,43,11,6,0.7703,0.7,0.7963,0.6222,0.8583,15,46,8,5,0.8243,0.75,0.8519,0.6977,0.863,14,45,9,6,0.7973,0.7,0.8333,0.6512,0.8657,23,49,2,1,0.96,0.9583,0.9608,0.9388,0.9779,14,50,1,10,0.8533,0.5833,0.9804,0.7179,0.9804,13,51,0,11,0.8533,0.5417,1.0,0.7027,0.9077,17,49,2,7,0.88,0.7083,0.9608,0.7907,0.9673,16,47,4,8,0.84,0.6667,0.9216,0.7273,0.9583,20,48,3,4,0.9067,0.8333,0.9412,0.8511,0.9412,13,49,2,11,0.8267,0.5417,0.9608,0.6667,0.9436
783,23,31,18,2,0.7297,0.92,0.6327,0.697,0.8678,22,40,9,3,0.8378,0.88,0.8163,0.7857,0.8922,20,44,5,5,0.8649,0.8,0.898,0.8,0.8824,19,37,12,6,0.7568,0.76,0.7551,0.6786,0.8816,20,39,10,5,0.7973,0.8,0.7959,0.7273,0.8922,23,39,10,2,0.8378,0.92,0.7959,0.7931,0.9151,20,38,11,5,0.7838,0.8,0.7755,0.7143,0.8555,14,53,4,4,0.8933,0.7778,0.9298,0.7778,0.922,11,54,3,7,0.8667,0.6111,0.9474,0.6875,0.9425,10,55,2,8,0.8667,0.5556,0.9649,0.6667,0.8099,13,53,4,5,0.88,0.7222,0.9298,0.7429,0.9201,12,53,4,6,0.8667,0.6667,0.9298,0.7059,0.9181,14,54,3,4,0.9067,0.7778,0.9474,0.8,0.9181,10,53,4,8,0.84,0.5556,0.9298,0.625,0.9055
784,18,31,23,2,0.6622,0.9,0.5741,0.5902,0.838,15,41,13,5,0.7568,0.75,0.7593,0.625,0.8157,15,45,9,5,0.8108,0.75,0.8333,0.6818,0.7611,13,41,13,7,0.7297,0.65,0.7593,0.5652,0.8,14,40,14,6,0.7297,0.7,0.7407,0.5833,0.8306,15,42,12,5,0.7703,0.75,0.7778,0.6383,0.8065,14,41,13,6,0.7432,0.7,0.7593,0.5957,0.8046,14,54,5,2,0.9067,0.875,0.9153,0.8,0.9057,10,54,5,6,0.8533,0.625,0.9153,0.6452,0.9174,9,55,4,7,0.8533,0.5625,0.9322,0.6207,0.8273,11,54,5,5,0.8667,0.6875,0.9153,0.6875,0.8909,9,50,9,7,0.7867,0.5625,0.8475,0.5294,0.8708,14,50,9,2,0.8533,0.875,0.8475,0.7179,0.8888,8,54,5,8,0.8267,0.5,0.9153,0.5517,0.8475
785,29,33,9,3,0.8378,0.9062,0.7857,0.8286,0.8996,23,38,4,9,0.8243,0.7188,0.9048,0.7797,0.8497,27,35,7,5,0.8378,0.8438,0.8333,0.8182,0.8557,22,34,8,10,0.7568,0.6875,0.8095,0.7097,0.843,22,34,8,10,0.7568,0.6875,0.8095,0.7097,0.8356,23,36,6,9,0.7973,0.7188,0.8571,0.7541,0.8207,22,34,8,10,0.7568,0.6875,0.8095,0.7097,0.8318,13,58,1,3,0.9467,0.8125,0.9831,0.8667,0.9809,8,57,2,8,0.8667,0.5,0.9661,0.6154,0.9735,9,58,1,7,0.8933,0.5625,0.9831,0.6923,0.7977,10,57,2,6,0.8933,0.625,0.9661,0.7143,0.9555,10,55,4,6,0.8667,0.625,0.9322,0.6667,0.9619,10,56,3,6,0.88,0.625,0.9492,0.6897,0.8994,8,57,2,8,0.8667,0.5,0.9661,0.6154,0.9534
786,23,37,11,3,0.8108,0.8846,0.7708,0.7667,0.8854,20,41,7,6,0.8243,0.7692,0.8542,0.7547,0.8782,21,42,6,5,0.8514,0.8077,0.875,0.7925,0.8878,18,42,6,8,0.8108,0.6923,0.875,0.72,0.859,20,42,6,6,0.8378,0.7692,0.875,0.7692,0.8774,23,40,8,3,0.8514,0.8846,0.8333,0.807,0.8934,20,42,6,6,0.8378,0.7692,0.875,0.7692,0.859,13,54,4,4,0.8933,0.7647,0.931,0.7647,0.8864,11,54,4,6,0.8667,0.6471,0.931,0.6875,0.9108,8,56,2,9,0.8533,0.4706,0.9655,0.5926,0.7495,11,53,5,6,0.8533,0.6471,0.9138,0.6667,0.8864,9,52,6,8,0.8133,0.5294,0.8966,0.5625,0.8722,12,54,4,5,0.88,0.7059,0.931,0.7273,0.8671,9,53,5,8,0.8267,0.5294,0.9138,0.5806,0.8448
787,20,34,16,4,0.7297,0.8333,0.68,0.6667,0.7908,16,39,11,8,0.7432,0.6667,0.78,0.6275,0.7383,17,40,10,7,0.7703,0.7083,0.8,0.6667,0.7467,15,38,12,9,0.7162,0.625,0.76,0.5882,0.7558,15,37,13,9,0.7027,0.625,0.74,0.5769,0.7083,16,40,10,8,0.7568,0.6667,0.8,0.64,0.76,15,38,12,9,0.7162,0.625,0.76,0.5882,0.7058,17,55,2,1,0.96,0.9444,0.9649,0.9189,0.9893,12,54,3,6,0.88,0.6667,0.9474,0.7273,0.9678,10,57,0,8,0.8933,0.5556,1.0,0.7143,0.9454,13,53,4,5,0.88,0.7222,0.9298,0.7429,0.9571,12,50,7,6,0.8267,0.6667,0.8772,0.6486,0.9561,17,53,4,1,0.9333,0.9444,0.9298,0.8718,0.9864,11,53,4,7,0.8533,0.6111,0.9298,0.6667,0.9347
788,26,25,20,3,0.6892,0.8966,0.5556,0.6933,0.8644,21,30,15,8,0.6892,0.7241,0.6667,0.6462,0.7908,21,36,9,8,0.7703,0.7241,0.8,0.7119,0.8268,20,31,14,9,0.6892,0.6897,0.6889,0.6349,0.7954,20,30,15,9,0.6757,0.6897,0.6667,0.625,0.7663,23,32,13,6,0.7432,0.7931,0.7111,0.7077,0.8567,20,32,13,9,0.7027,0.6897,0.7111,0.6452,0.7632,19,48,6,2,0.8933,0.9048,0.8889,0.8261,0.925,16,48,6,5,0.8533,0.7619,0.8889,0.7442,0.9321,16,52,2,5,0.9067,0.7619,0.963,0.8205,0.9145,17,46,8,4,0.84,0.8095,0.8519,0.7391,0.9206,16,46,8,5,0.8267,0.7619,0.8519,0.7111,0.9136,19,50,4,2,0.92,0.9048,0.9259,0.8636,0.9365,15,46,8,6,0.8133,0.7143,0.8519,0.6818,0.881
789,19,36,16,3,0.7432,0.8636,0.6923,0.6667,0.854,14,45,7,8,0.7973,0.6364,0.8654,0.6512,0.8121,15,44,8,7,0.7973,0.6818,0.8462,0.6667,0.7937,12,44,8,10,0.7568,0.5455,0.8462,0.5714,0.7858,13,43,9,9,0.7568,0.5909,0.8269,0.5909,0.7981,16,43,9,6,0.7973,0.7273,0.8269,0.6809,0.8129,13,44,8,9,0.7703,0.5909,0.8462,0.6047,0.8077,18,51,4,2,0.92,0.9,0.9273,0.8571,0.9627,13,51,4,7,0.8533,0.65,0.9273,0.7027,0.9627,13,54,1,7,0.8933,0.65,0.9818,0.7647,0.9155,15,50,5,5,0.8667,0.75,0.9091,0.75,0.9509,13,49,6,7,0.8267,0.65,0.8909,0.6667,0.9545,18,51,4,2,0.92,0.9,0.9273,0.8571,0.9673,11,50,5,9,0.8133,0.55,0.9091,0.6111,0.9364
790,28,27,16,3,0.7432,0.9032,0.6279,0.7467,0.892,25,34,9,6,0.7973,0.8065,0.7907,0.7692,0.8642,26,35,8,5,0.8243,0.8387,0.814,0.8,0.8387,25,29,14,6,0.7297,0.8065,0.6744,0.7143,0.8717,24,33,10,7,0.7703,0.7742,0.7674,0.7385,0.8545,24,32,11,7,0.7568,0.7742,0.7442,0.7273,0.8447,24,31,12,7,0.7432,0.7742,0.7209,0.7164,0.862,13,54,4,4,0.8933,0.7647,0.931,0.7647,0.9371,8,53,5,9,0.8133,0.4706,0.9138,0.5333,0.9462,9,56,2,8,0.8667,0.5294,0.9655,0.6429,0.8651,12,53,5,5,0.8667,0.7059,0.9138,0.7059,0.93,12,51,7,5,0.84,0.7059,0.8793,0.6667,0.9371,13,52,6,4,0.8667,0.7647,0.8966,0.7222,0.9402,8,53,5,9,0.8133,0.4706,0.9138,0.5333,0.9006
791,24,31,14,5,0.7432,0.8276,0.6889,0.7164,0.7847,19,34,11,10,0.7162,0.6552,0.7556,0.6441,0.7433,19,38,7,10,0.7703,0.6552,0.8444,0.6909,0.7939,14,34,11,15,0.6486,0.4828,0.7556,0.5185,0.7318,16,34,11,13,0.6757,0.5517,0.7556,0.5714,0.754,21,39,6,8,0.8108,0.7241,0.8667,0.75,0.7992,16,35,10,13,0.6892,0.5517,0.7778,0.5818,0.7318,19,43,6,7,0.8267,0.7308,0.8776,0.7451,0.8556,13,44,5,13,0.76,0.5,0.898,0.5909,0.876,10,46,3,16,0.7467,0.3846,0.9388,0.5128,0.748,13,42,7,13,0.7333,0.5,0.8571,0.5652,0.8407,10,42,7,16,0.6933,0.3846,0.8571,0.4651,0.8257,18,45,4,8,0.84,0.6923,0.9184,0.75,0.8328,10,42,7,16,0.6933,0.3846,0.8571,0.4651,0.7936
792,14,37,18,5,0.6892,0.7368,0.6727,0.549,0.7751,12,42,13,7,0.7297,0.6316,0.7636,0.5455,0.7368,14,49,6,5,0.8514,0.7368,0.8909,0.7179,0.7837,12,40,15,7,0.7027,0.6316,0.7273,0.5217,0.734,12,42,13,7,0.7297,0.6316,0.7636,0.5455,0.7234,12,46,9,7,0.7838,0.6316,0.8364,0.6,0.7407,12,41,14,7,0.7162,0.6316,0.7455,0.5333,0.6823,18,48,6,3,0.88,0.8571,0.8889,0.8,0.8889,11,48,6,10,0.7867,0.5238,0.8889,0.5789,0.8898,16,52,2,5,0.9067,0.7619,0.963,0.8205,0.8483,17,48,6,4,0.8667,0.8095,0.8889,0.7727,0.8792,17,47,7,4,0.8533,0.8095,0.8704,0.7556,0.8677,18,47,7,3,0.8667,0.8571,0.8704,0.7826,0.8977,11,48,6,10,0.7867,0.5238,0.8889,0.5789,0.8272
793,23,35,15,1,0.7838,0.9583,0.7,0.7419,0.9417,21,44,6,3,0.8784,0.875,0.88,0.8235,0.9425,21,46,4,3,0.9054,0.875,0.92,0.8571,0.9167,18,43,7,6,0.8243,0.75,0.86,0.7347,0.9175,20,43,7,4,0.8514,0.8333,0.86,0.7843,0.9392,20,43,7,4,0.8514,0.8333,0.86,0.7843,0.9233,20,43,7,4,0.8514,0.8333,0.86,0.7843,0.9142,28,39,6,2,0.8933,0.9333,0.8667,0.875,0.9133,19,40,5,11,0.7867,0.6333,0.8889,0.7037,0.9193,16,43,2,14,0.7867,0.5333,0.9556,0.6667,0.9044,24,38,7,6,0.8267,0.8,0.8444,0.7869,0.9022,22,36,9,8,0.7733,0.7333,0.8,0.7213,0.8978,27,39,6,3,0.88,0.9,0.8667,0.8571,0.9104,17,38,7,13,0.7333,0.5667,0.8444,0.6296,0.86
794,34,28,5,7,0.8378,0.8293,0.8485,0.85,0.8441,28,28,5,13,0.7568,0.6829,0.8485,0.7568,0.8034,27,30,3,14,0.7703,0.6585,0.9091,0.7606,0.8101,24,28,5,17,0.7027,0.5854,0.8485,0.6857,0.8093,24,28,5,17,0.7027,0.5854,0.8485,0.6857,0.7805,28,30,3,13,0.7838,0.6829,0.9091,0.7778,0.8256,24,28,5,17,0.7027,0.5854,0.8485,0.6857,0.7753,20,46,7,2,0.88,0.9091,0.8679,0.8163,0.8808,12,47,6,10,0.7867,0.5455,0.8868,0.6,0.8791,13,49,4,9,0.8267,0.5909,0.9245,0.6667,0.7959,16,46,7,6,0.8267,0.7273,0.8679,0.7111,0.8756,16,45,8,6,0.8133,0.7273,0.8491,0.6957,0.8439,17,46,7,5,0.84,0.7727,0.8679,0.7391,0.8379,12,46,7,10,0.7733,0.5455,0.8679,0.5854,0.8328
795,27,34,11,2,0.8243,0.931,0.7556,0.806,0.9027,20,37,8,9,0.7703,0.6897,0.8222,0.7018,0.8238,26,41,4,3,0.9054,0.8966,0.9111,0.8814,0.9172,22,37,8,7,0.7973,0.7586,0.8222,0.7458,0.8483,19,36,9,10,0.7432,0.6552,0.8,0.6667,0.8245,23,39,6,6,0.8378,0.7931,0.8667,0.7931,0.8889,19,37,8,10,0.7568,0.6552,0.8222,0.6786,0.8123,13,54,5,3,0.8933,0.8125,0.9153,0.7647,0.9396,12,54,5,4,0.88,0.75,0.9153,0.7273,0.9513,11,55,4,5,0.88,0.6875,0.9322,0.7097,0.8761,13,54,5,3,0.8933,0.8125,0.9153,0.7647,0.9375,13,53,6,3,0.88,0.8125,0.8983,0.7429,0.9428,13,53,6,3,0.88,0.8125,0.8983,0.7429,0.9343,12,54,5,4,0.88,0.75,0.9153,0.7273,0.9258
796,31,33,8,2,0.8649,0.9394,0.8049,0.8611,0.915,24,36,5,9,0.8108,0.7273,0.878,0.7742,0.8817,26,39,2,7,0.8784,0.7879,0.9512,0.8525,0.9239,22,35,6,11,0.7703,0.6667,0.8537,0.7213,0.8766,23,35,6,10,0.7838,0.697,0.8537,0.7419,0.8928,26,37,4,7,0.8514,0.7879,0.9024,0.8254,0.9061,23,35,6,10,0.7838,0.697,0.8537,0.7419,0.8618,21,46,7,1,0.8933,0.9545,0.8679,0.84,0.946,16,47,6,6,0.84,0.7273,0.8868,0.7273,0.9494,17,51,2,5,0.9067,0.7727,0.9623,0.8293,0.9288,19,46,7,3,0.8667,0.8636,0.8679,0.7917,0.9451,19,45,8,3,0.8533,0.8636,0.8491,0.7755,0.9408,20,46,7,2,0.88,0.9091,0.8679,0.8163,0.946,16,46,7,6,0.8267,0.7273,0.8679,0.7111,0.9151
797,24,31,16,3,0.7432,0.8889,0.6596,0.7164,0.8542,21,37,10,6,0.7838,0.7778,0.7872,0.7241,0.8195,22,39,8,5,0.8243,0.8148,0.8298,0.7719,0.855,20,34,13,7,0.7297,0.7407,0.7234,0.6667,0.8109,20,36,11,7,0.7568,0.7407,0.766,0.6897,0.8101,18,39,8,9,0.7703,0.6667,0.8298,0.6792,0.8164,20,35,12,7,0.7432,0.7407,0.7447,0.678,0.7825,21,50,3,1,0.9467,0.9545,0.9434,0.913,0.9854,17,49,4,5,0.88,0.7727,0.9245,0.7907,0.9777,17,53,0,5,0.9333,0.7727,1.0,0.8718,0.9494,19,48,5,3,0.8933,0.8636,0.9057,0.8261,0.9657,18,46,7,4,0.8533,0.8182,0.8679,0.766,0.9657,21,49,4,1,0.9333,0.9545,0.9245,0.8936,0.9794,16,48,5,6,0.8533,0.7273,0.9057,0.7442,0.9545
798,27,34,11,2,0.8243,0.931,0.7556,0.806,0.9303,24,40,5,5,0.8649,0.8276,0.8889,0.8276,0.918,25,39,6,4,0.8649,0.8621,0.8667,0.8333,0.8874,25,38,7,4,0.8514,0.8621,0.8444,0.8197,0.9249,24,37,8,5,0.8243,0.8276,0.8222,0.7869,0.9103,23,39,6,6,0.8378,0.7931,0.8667,0.7931,0.9065,24,38,7,5,0.8378,0.8276,0.8444,0.8,0.8958,17,47,3,8,0.8533,0.68,0.94,0.7556,0.8856,15,47,3,10,0.8267,0.6,0.94,0.6977,0.908,12,48,2,13,0.8,0.48,0.96,0.6154,0.7208,16,47,3,9,0.84,0.64,0.94,0.7273,0.88,16,46,4,9,0.8267,0.64,0.92,0.7111,0.8736,17,46,4,8,0.84,0.68,0.92,0.7391,0.8696,15,47,3,10,0.8267,0.6,0.94,0.6977,0.8376
799,29,28,16,1,0.7703,0.9667,0.6364,0.7733,0.9182,24,34,10,6,0.7838,0.8,0.7727,0.75,0.8538,25,37,7,5,0.8378,0.8333,0.8409,0.8065,0.9235,22,32,12,8,0.7297,0.7333,0.7273,0.6875,0.8477,23,34,10,7,0.7703,0.7667,0.7727,0.7302,0.8682,28,35,9,2,0.8514,0.9333,0.7955,0.8358,0.9205,23,32,12,7,0.7432,0.7667,0.7273,0.7077,0.8235,17,40,13,5,0.76,0.7727,0.7547,0.6538,0.8036,13,42,11,9,0.7333,0.5909,0.7925,0.5652,0.8276,15,48,5,7,0.84,0.6818,0.9057,0.7143,0.7607,15,40,13,7,0.7333,0.6818,0.7547,0.6,0.8079,15,39,14,7,0.72,0.6818,0.7358,0.5882,0.7882,16,41,12,6,0.76,0.7273,0.7736,0.64,0.807,13,40,13,9,0.7067,0.5909,0.7547,0.5417,0.7513
800,27,39,5,3,0.8919,0.9,0.8864,0.871,0.9258,24,40,4,6,0.8649,0.8,0.9091,0.8276,0.9273,24,40,4,6,0.8649,0.8,0.9091,0.8276,0.8795,24,39,5,6,0.8514,0.8,0.8864,0.8136,0.9288,23,40,4,7,0.8514,0.7667,0.9091,0.807,0.9235,26,40,4,4,0.8919,0.8667,0.9091,0.8667,0.9061,23,40,4,7,0.8514,0.7667,0.9091,0.807,0.9091,17,48,8,2,0.8667,0.8947,0.8571,0.7727,0.9568,15,45,11,4,0.8,0.7895,0.8036,0.6667,0.9464,13,55,1,6,0.9067,0.6842,0.9821,0.7879,0.937,17,44,12,2,0.8133,0.8947,0.7857,0.7083,0.9352,16,42,14,3,0.7733,0.8421,0.75,0.6531,0.9314,17,47,9,2,0.8533,0.8947,0.8393,0.7556,0.9539,14,44,12,5,0.7733,0.7368,0.7857,0.6222,0.9117
801,19,38,13,4,0.7703,0.8261,0.7451,0.6909,0.8039,15,42,9,8,0.7703,0.6522,0.8235,0.6383,0.7783,13,44,7,10,0.7703,0.5652,0.8627,0.6047,0.7724,11,41,10,12,0.7027,0.4783,0.8039,0.5,0.7613,12,42,9,11,0.7297,0.5217,0.8235,0.5455,0.763,17,43,8,6,0.8108,0.7391,0.8431,0.7083,0.7749,12,41,10,11,0.7162,0.5217,0.8039,0.5333,0.7357,18,53,1,3,0.9467,0.8571,0.9815,0.9,0.9815,14,50,4,7,0.8533,0.6667,0.9259,0.7179,0.9656,13,53,1,8,0.88,0.619,0.9815,0.7429,0.9198,16,50,4,5,0.88,0.7619,0.9259,0.7805,0.9683,14,50,4,7,0.8533,0.6667,0.9259,0.7179,0.9665,18,53,1,3,0.9467,0.8571,0.9815,0.9,0.9788,12,50,4,9,0.8267,0.5714,0.9259,0.6486,0.9559
802,20,34,18,2,0.7297,0.9091,0.6538,0.6667,0.8147,18,37,15,4,0.7432,0.8182,0.7115,0.6545,0.7981,16,43,9,6,0.7973,0.7273,0.8269,0.6809,0.8523,14,38,14,8,0.7027,0.6364,0.7308,0.56,0.799,15,39,13,7,0.7297,0.6818,0.75,0.6,0.7998,17,42,10,5,0.7973,0.7727,0.8077,0.6939,0.8383,15,39,13,7,0.7297,0.6818,0.75,0.6,0.7806,17,49,5,4,0.88,0.8095,0.9074,0.7907,0.9065,15,50,4,6,0.8667,0.7143,0.9259,0.75,0.9215,10,54,0,11,0.8533,0.4762,1.0,0.6452,0.7725,15,49,5,6,0.8533,0.7143,0.9074,0.7317,0.8933,12,47,7,9,0.7867,0.5714,0.8704,0.6,0.8677,16,48,6,5,0.8533,0.7619,0.8889,0.7442,0.8668,12,49,5,9,0.8133,0.5714,0.9074,0.6316,0.8492
803,17,29,26,2,0.6216,0.8947,0.5273,0.5484,0.823,14,43,12,5,0.7703,0.7368,0.7818,0.6222,0.7856,15,43,12,4,0.7838,0.7895,0.7818,0.6522,0.7943,12,37,18,7,0.6622,0.6316,0.6727,0.4898,0.7684,14,36,19,5,0.6757,0.7368,0.6545,0.5385,0.7636,15,44,11,4,0.7973,0.7895,0.8,0.6667,0.8306,14,37,18,5,0.6892,0.7368,0.6727,0.549,0.7713,21,50,2,2,0.9467,0.913,0.9615,0.913,0.9858,15,50,2,8,0.8667,0.6522,0.9615,0.75,0.9816,15,52,0,8,0.8933,0.6522,1.0,0.7895,0.9239,20,49,3,3,0.92,0.8696,0.9423,0.8696,0.9599,18,47,5,5,0.8667,0.7826,0.9038,0.7826,0.9691,21,49,3,2,0.9333,0.913,0.9423,0.8936,0.9816,13,49,3,10,0.8267,0.5652,0.9423,0.6667,0.9465
804,23,29,20,2,0.7027,0.92,0.5918,0.6765,0.8808,23,37,12,2,0.8108,0.92,0.7551,0.7667,0.8702,22,42,7,3,0.8649,0.88,0.8571,0.8148,0.8931,20,35,14,5,0.7432,0.8,0.7143,0.678,0.849,23,37,12,2,0.8108,0.92,0.7551,0.7667,0.8898,23,37,12,2,0.8108,0.92,0.7551,0.7667,0.9151,23,35,14,2,0.7838,0.92,0.7143,0.7419,0.8449,11,55,8,1,0.88,0.9167,0.873,0.7097,0.918,7,58,5,5,0.8667,0.5833,0.9206,0.5833,0.9431,7,60,3,5,0.8933,0.5833,0.9524,0.6364,0.9405,10,55,8,2,0.8667,0.8333,0.873,0.6667,0.9153,9,55,8,3,0.8533,0.75,0.873,0.6207,0.9286,11,58,5,1,0.92,0.9167,0.9206,0.7857,0.9484,6,55,8,6,0.8133,0.5,0.873,0.4615,0.8915
805,32,28,10,4,0.8108,0.8889,0.7368,0.8205,0.864,22,34,4,14,0.7568,0.6111,0.8947,0.7097,0.7939,27,34,4,9,0.8243,0.75,0.8947,0.806,0.8472,21,32,6,15,0.7162,0.5833,0.8421,0.6667,0.7763,20,34,4,16,0.7297,0.5556,0.8947,0.6667,0.7683,26,32,6,10,0.7838,0.7222,0.8421,0.7647,0.8151,20,33,5,16,0.7162,0.5556,0.8684,0.6557,0.7953,20,45,4,6,0.8667,0.7692,0.9184,0.8,0.8909,15,46,3,11,0.8133,0.5769,0.9388,0.6818,0.9066,13,49,0,13,0.8267,0.5,1.0,0.6667,0.8093,18,45,4,8,0.84,0.6923,0.9184,0.75,0.8838,16,45,4,10,0.8133,0.6154,0.9184,0.6957,0.8752,20,46,3,6,0.88,0.7692,0.9388,0.8163,0.8995,13,45,4,13,0.7733,0.5,0.9184,0.6047,0.8116
806,39,32,3,0,0.9595,1.0,0.9143,0.963,0.9919,32,32,3,7,0.8649,0.8205,0.9143,0.8649,0.9414,35,34,1,4,0.9324,0.8974,0.9714,0.9333,0.967,32,32,3,7,0.8649,0.8205,0.9143,0.8649,0.9443,32,33,2,7,0.8784,0.8205,0.9429,0.8767,0.9531,33,35,0,6,0.9189,0.8462,1.0,0.9167,0.9875,32,33,2,7,0.8784,0.8205,0.9429,0.8767,0.9429,20,45,6,4,0.8667,0.8333,0.8824,0.8,0.8758,15,43,8,9,0.7733,0.625,0.8431,0.6383,0.8832,10,48,3,14,0.7733,0.4167,0.9412,0.5405,0.8072,16,41,10,8,0.76,0.6667,0.8039,0.64,0.8546,14,39,12,10,0.7067,0.5833,0.7647,0.56,0.8415,17,45,6,7,0.8267,0.7083,0.8824,0.7234,0.8652,13,41,10,11,0.72,0.5417,0.8039,0.5532,0.808
807,17,44,11,2,0.8243,0.8947,0.8,0.7234,0.9062,10,48,7,9,0.7838,0.5263,0.8727,0.5556,0.8182,15,48,7,4,0.8514,0.7895,0.8727,0.7317,0.8785,11,47,8,8,0.7838,0.5789,0.8545,0.5789,0.8172,10,48,7,9,0.7838,0.5263,0.8727,0.5556,0.7933,12,48,7,7,0.8108,0.6316,0.8727,0.6316,0.8737,10,49,6,9,0.7973,0.5263,0.8909,0.5714,0.8115,19,50,4,2,0.92,0.9048,0.9259,0.8636,0.948,14,50,4,7,0.8533,0.6667,0.9259,0.7179,0.9497,11,51,3,10,0.8267,0.5238,0.9444,0.6286,0.9092,17,49,5,4,0.88,0.8095,0.9074,0.7907,0.94,14,48,6,7,0.8267,0.6667,0.8889,0.6829,0.9347,19,50,4,2,0.92,0.9048,0.9259,0.8636,0.9453,11,49,5,10,0.8,0.5238,0.9074,0.5946,0.9171
808,23,37,10,4,0.8108,0.8519,0.7872,0.7667,0.8952,17,43,4,10,0.8108,0.6296,0.9149,0.7083,0.8613,21,41,6,6,0.8378,0.7778,0.8723,0.7778,0.8337,19,40,7,8,0.7973,0.7037,0.8511,0.717,0.8589,17,41,6,10,0.7838,0.6296,0.8723,0.68,0.8526,18,39,8,9,0.7703,0.6667,0.8298,0.6792,0.8243,17,40,7,10,0.7703,0.6296,0.8511,0.6667,0.8629,21,45,5,4,0.88,0.84,0.9,0.8235,0.8792,15,44,6,10,0.7867,0.6,0.88,0.6522,0.8896,15,46,4,10,0.8133,0.6,0.92,0.6818,0.8336,17,44,6,8,0.8133,0.68,0.88,0.7083,0.8768,16,43,7,9,0.7867,0.64,0.86,0.6667,0.8728,21,44,6,4,0.8667,0.84,0.88,0.8077,0.8824,14,44,6,11,0.7733,0.56,0.88,0.6222,0.8112
809,26,24,20,4,0.6757,0.8667,0.5455,0.6842,0.8068,22,33,11,8,0.7432,0.7333,0.75,0.6984,0.7917,22,40,4,8,0.8378,0.7333,0.9091,0.7857,0.8462,21,32,12,9,0.7162,0.7,0.7273,0.6667,0.7955,20,33,11,10,0.7162,0.6667,0.75,0.6557,0.7758,23,30,14,7,0.7162,0.7667,0.6818,0.6866,0.7955,20,32,12,10,0.7027,0.6667,0.7273,0.6452,0.7455,16,51,3,5,0.8933,0.7619,0.9444,0.8,0.9392,14,51,3,7,0.8667,0.6667,0.9444,0.7368,0.9462,13,53,1,8,0.88,0.619,0.9815,0.7429,0.851,15,51,3,6,0.88,0.7143,0.9444,0.7692,0.9374,14,51,3,7,0.8667,0.6667,0.9444,0.7368,0.9365,16,51,3,5,0.8933,0.7619,0.9444,0.8,0.9418,13,51,3,8,0.8533,0.619,0.9444,0.7027,0.9127
810,20,38,12,4,0.7838,0.8333,0.76,0.7143,0.8642,19,41,9,5,0.8108,0.7917,0.82,0.7308,0.8333,19,47,3,5,0.8919,0.7917,0.94,0.8261,0.8583,16,41,9,8,0.7703,0.6667,0.82,0.6531,0.8158,18,42,8,6,0.8108,0.75,0.84,0.72,0.8442,19,46,4,5,0.8784,0.7917,0.92,0.8085,0.8858,18,42,8,6,0.8108,0.75,0.84,0.72,0.8067,14,57,2,2,0.9467,0.875,0.9661,0.875,0.9428,11,53,6,5,0.8533,0.6875,0.8983,0.6667,0.9227,7,58,1,9,0.8667,0.4375,0.9831,0.5833,0.7405,11,53,6,5,0.8533,0.6875,0.8983,0.6667,0.91,9,53,6,7,0.8267,0.5625,0.8983,0.5806,0.8951,11,57,2,5,0.9067,0.6875,0.9661,0.7586,0.8835,9,53,6,7,0.8267,0.5625,0.8983,0.5806,0.8856
811,30,28,15,1,0.7838,0.9677,0.6512,0.7895,0.925,25,33,10,6,0.7838,0.8065,0.7674,0.7576,0.8462,28,37,6,3,0.8784,0.9032,0.8605,0.8615,0.9392,25,31,12,6,0.7568,0.8065,0.7209,0.7353,0.8642,24,32,11,7,0.7568,0.7742,0.7442,0.7273,0.8522,27,38,5,4,0.8784,0.871,0.8837,0.8571,0.952,24,32,11,7,0.7568,0.7742,0.7442,0.7273,0.814,15,50,6,4,0.8667,0.7895,0.8929,0.75,0.8929,12,51,5,7,0.84,0.6316,0.9107,0.6667,0.9276,14,54,2,5,0.9067,0.7368,0.9643,0.8,0.8355,14,50,6,5,0.8533,0.7368,0.8929,0.7179,0.907,14,49,7,5,0.84,0.7368,0.875,0.7,0.8788,14,50,6,5,0.8533,0.7368,0.8929,0.7179,0.8938,12,50,6,7,0.8267,0.6316,0.8929,0.6486,0.8459
812,28,29,15,2,0.7703,0.9333,0.6591,0.7671,0.8523,21,33,11,9,0.7297,0.7,0.75,0.6774,0.7629,22,37,7,8,0.7973,0.7333,0.8409,0.7458,0.8432,15,33,11,15,0.6486,0.5,0.75,0.5357,0.747,20,33,11,10,0.7162,0.6667,0.75,0.6557,0.7508,22,33,11,8,0.7432,0.7333,0.75,0.6984,0.8386,20,33,11,10,0.7162,0.6667,0.75,0.6557,0.7568,21,46,4,4,0.8933,0.84,0.92,0.84,0.9128,17,47,3,8,0.8533,0.68,0.94,0.7556,0.9288,17,49,1,8,0.88,0.68,0.98,0.7907,0.8128,20,46,4,5,0.88,0.8,0.92,0.8163,0.9072,19,46,4,6,0.8667,0.76,0.92,0.7917,0.884,20,47,3,5,0.8933,0.8,0.94,0.8333,0.8984,16,46,4,9,0.8267,0.64,0.92,0.7111,0.8536
813,25,27,17,5,0.7027,0.8333,0.6136,0.6944,0.825,22,34,10,8,0.7568,0.7333,0.7727,0.7097,0.7848,21,35,9,9,0.7568,0.7,0.7955,0.7,0.7803,18,33,11,12,0.6892,0.6,0.75,0.6102,0.7879,19,33,11,11,0.7027,0.6333,0.75,0.6333,0.7621,21,35,9,9,0.7568,0.7,0.7955,0.7,0.7864,19,33,11,11,0.7027,0.6333,0.75,0.6333,0.7439,17,49,7,2,0.88,0.8947,0.875,0.7907,0.8675,9,49,7,10,0.7733,0.4737,0.875,0.5143,0.859,12,52,4,7,0.8533,0.6316,0.9286,0.6857,0.7848,14,49,7,5,0.84,0.7368,0.875,0.7,0.8628,14,49,7,5,0.84,0.7368,0.875,0.7,0.8506,15,49,7,4,0.8533,0.7895,0.875,0.7317,0.8365,9,49,7,10,0.7733,0.4737,0.875,0.5143,0.8224
814,31,24,17,2,0.7432,0.9394,0.5854,0.7654,0.9061,27,29,12,6,0.7568,0.8182,0.7073,0.75,0.8352,28,37,4,5,0.8784,0.8485,0.9024,0.8615,0.929,26,29,12,7,0.7432,0.7879,0.7073,0.7324,0.85,27,29,12,6,0.7568,0.8182,0.7073,0.75,0.8514,28,30,11,5,0.7838,0.8485,0.7317,0.7778,0.9091,27,29,12,6,0.7568,0.8182,0.7073,0.75,0.8108,18,47,8,2,0.8667,0.9,0.8545,0.7826,0.8936,12,47,8,8,0.7867,0.6,0.8545,0.6,0.8918,11,52,3,9,0.84,0.55,0.9455,0.6471,0.8936,13,46,9,7,0.7867,0.65,0.8364,0.619,0.8618,12,42,13,8,0.72,0.6,0.7636,0.5333,0.8573,18,44,11,2,0.8267,0.9,0.8,0.7347,0.8782,11,46,9,9,0.76,0.55,0.8364,0.55,0.8264
815,14,38,18,4,0.7027,0.7778,0.6786,0.56,0.746,10,44,12,8,0.7297,0.5556,0.7857,0.5,0.7212,13,45,11,5,0.7838,0.7222,0.8036,0.619,0.7758,11,43,13,7,0.7297,0.6111,0.7679,0.5238,0.7321,10,44,12,8,0.7297,0.5556,0.7857,0.5,0.6984,11,46,10,7,0.7703,0.6111,0.8214,0.5641,0.7312,10,44,12,8,0.7297,0.5556,0.7857,0.5,0.6915,15,54,3,3,0.92,0.8333,0.9474,0.8333,0.8947,10,51,6,8,0.8133,0.5556,0.8947,0.5882,0.8889,7,54,3,11,0.8133,0.3889,0.9474,0.5,0.8207,11,51,6,7,0.8267,0.6111,0.8947,0.6286,0.8694,9,48,9,9,0.76,0.5,0.8421,0.5,0.8528,14,51,6,4,0.8667,0.7778,0.8947,0.7368,0.8606,8,51,6,10,0.7867,0.4444,0.8947,0.5,0.8216
816,22,41,8,3,0.8514,0.88,0.8367,0.8,0.9086,20,46,3,5,0.8919,0.8,0.9388,0.8333,0.8833,22,45,4,3,0.9054,0.88,0.9184,0.8627,0.8873,20,43,6,5,0.8514,0.8,0.8776,0.7843,0.8727,20,45,4,5,0.8784,0.8,0.9184,0.8163,0.862,19,43,6,6,0.8378,0.76,0.8776,0.76,0.8653,20,43,6,5,0.8514,0.8,0.8776,0.7843,0.8604,10,59,6,0,0.92,1.0,0.9077,0.7692,0.9523,8,59,6,2,0.8933,0.8,0.9077,0.6667,0.9569,8,61,4,2,0.92,0.8,0.9385,0.7273,0.9662,10,58,7,0,0.9067,1.0,0.8923,0.7407,0.9538,10,56,9,0,0.88,1.0,0.8615,0.6897,0.9508,10,58,7,0,0.9067,1.0,0.8923,0.7407,0.9662,8,58,7,2,0.88,0.8,0.8923,0.64,0.9231
817,25,33,12,4,0.7838,0.8621,0.7333,0.7576,0.8659,22,40,5,7,0.8378,0.7586,0.8889,0.7857,0.8613,21,42,3,8,0.8514,0.7241,0.9333,0.7925,0.859,19,39,6,10,0.7838,0.6552,0.8667,0.7037,0.8444,19,38,7,10,0.7703,0.6552,0.8444,0.6909,0.8582,24,41,4,5,0.8784,0.8276,0.9111,0.8421,0.8544,19,40,5,10,0.7973,0.6552,0.8889,0.717,0.8659,18,50,4,3,0.9067,0.8571,0.9259,0.8372,0.9321,12,50,4,9,0.8267,0.5714,0.9259,0.6486,0.9295,9,52,2,12,0.8133,0.4286,0.963,0.5625,0.7972,13,50,4,8,0.84,0.619,0.9259,0.6842,0.9215,12,49,5,9,0.8133,0.5714,0.9074,0.6316,0.9004,17,49,5,4,0.88,0.8095,0.9074,0.7907,0.9056,11,50,4,10,0.8133,0.5238,0.9259,0.6111,0.8854
818,23,32,15,4,0.7432,0.8519,0.6809,0.7077,0.8337,16,37,10,11,0.7162,0.5926,0.7872,0.6038,0.777,20,41,6,7,0.8243,0.7407,0.8723,0.7547,0.8298,17,37,10,10,0.7297,0.6296,0.7872,0.6296,0.7762,16,38,9,11,0.7297,0.5926,0.8085,0.6154,0.7801,20,37,10,7,0.7703,0.7407,0.7872,0.7018,0.814,16,38,9,11,0.7297,0.5926,0.8085,0.6154,0.7762,22,48,3,2,0.9333,0.9167,0.9412,0.898,0.9722,17,48,3,7,0.8667,0.7083,0.9412,0.7727,0.969,14,49,2,10,0.84,0.5833,0.9608,0.7,0.8717,18,48,3,6,0.88,0.75,0.9412,0.8,0.9706,17,48,3,7,0.8667,0.7083,0.9412,0.7727,0.9632,20,48,3,4,0.9067,0.8333,0.9412,0.8511,0.942,16,48,3,8,0.8533,0.6667,0.9412,0.7442,0.9592
819,27,32,12,3,0.7973,0.9,0.7273,0.7826,0.8742,25,35,9,5,0.8108,0.8333,0.7955,0.7812,0.8636,24,40,4,6,0.8649,0.8,0.9091,0.8276,0.8848,22,34,10,8,0.7568,0.7333,0.7727,0.7097,0.8652,23,36,8,7,0.7973,0.7667,0.8182,0.7541,0.8523,26,37,7,4,0.8514,0.8667,0.8409,0.8254,0.9083,23,34,10,7,0.7703,0.7667,0.7727,0.7302,0.8318,11,55,5,4,0.88,0.7333,0.9167,0.7097,0.9078,8,56,4,7,0.8533,0.5333,0.9333,0.5926,0.9344,8,56,4,7,0.8533,0.5333,0.9333,0.5926,0.7978,9,55,5,6,0.8533,0.6,0.9167,0.6207,0.9233,8,55,5,7,0.84,0.5333,0.9167,0.5714,0.92,10,56,4,5,0.88,0.6667,0.9333,0.6897,0.9067,7,55,5,8,0.8267,0.4667,0.9167,0.5185,0.8589
820,27,29,16,2,0.7568,0.931,0.6444,0.75,0.9318,23,34,11,6,0.7703,0.7931,0.7556,0.7302,0.8866,22,38,7,7,0.8108,0.7586,0.8444,0.7586,0.8368,24,32,13,5,0.7568,0.8276,0.7111,0.7273,0.9019,23,34,11,6,0.7703,0.7931,0.7556,0.7302,0.9034,25,36,9,4,0.8243,0.8621,0.8,0.7937,0.8904,23,34,11,6,0.7703,0.7931,0.7556,0.7302,0.8628,21,51,0,3,0.96,0.875,1.0,0.9333,0.9926,17,50,1,7,0.8933,0.7083,0.9804,0.8095,0.991,16,51,0,8,0.8933,0.6667,1.0,0.8,0.9158,18,50,1,6,0.9067,0.75,0.9804,0.8372,0.982,18,48,3,6,0.88,0.75,0.9412,0.8,0.982,20,49,2,4,0.92,0.8333,0.9608,0.8696,0.9641,17,50,1,7,0.8933,0.7083,0.9804,0.8095,0.9722
821,16,36,21,1,0.7027,0.9412,0.6316,0.5926,0.8958,13,48,9,4,0.8243,0.7647,0.8421,0.6667,0.8421,14,49,8,3,0.8514,0.8235,0.8596,0.7179,0.8813,13,43,14,4,0.7568,0.7647,0.7544,0.5909,0.8555,12,46,11,5,0.7838,0.7059,0.807,0.6,0.8328,12,49,8,5,0.8243,0.7059,0.8596,0.6486,0.8277,12,44,13,5,0.7568,0.7059,0.7719,0.5714,0.7926,19,46,5,5,0.8667,0.7917,0.902,0.7917,0.8979,16,48,3,8,0.8533,0.6667,0.9412,0.7442,0.9273,15,48,3,9,0.84,0.625,0.9412,0.7143,0.7917,17,46,5,7,0.84,0.7083,0.902,0.7391,0.9011,16,46,5,8,0.8267,0.6667,0.902,0.7111,0.8864,18,48,3,6,0.88,0.75,0.9412,0.8,0.8922,15,46,5,9,0.8133,0.625,0.902,0.6818,0.8611
822,22,36,12,4,0.7838,0.8462,0.75,0.7333,0.8502,18,37,11,8,0.7432,0.6923,0.7708,0.6545,0.8213,17,42,6,9,0.7973,0.6538,0.875,0.6939,0.8125,15,37,11,11,0.7027,0.5769,0.7708,0.5769,0.8157,15,39,9,11,0.7297,0.5769,0.8125,0.6,0.8237,18,42,6,8,0.8108,0.6923,0.875,0.72,0.8181,15,38,10,11,0.7162,0.5769,0.7917,0.5882,0.7813,18,50,7,0,0.9067,1.0,0.8772,0.8372,0.9357,9,51,6,9,0.8,0.5,0.8947,0.5455,0.9288,7,55,2,11,0.8267,0.3889,0.9649,0.5185,0.8363,10,50,7,8,0.8,0.5556,0.8772,0.5714,0.9211,8,50,7,10,0.7733,0.4444,0.8772,0.4848,0.9074,15,51,6,3,0.88,0.8333,0.8947,0.7692,0.8899,7,50,7,11,0.76,0.3889,0.8772,0.4375,0.883
823,24,31,19,0,0.7432,1.0,0.62,0.7164,0.8958,18,35,15,6,0.7162,0.75,0.7,0.6316,0.8425,20,42,8,4,0.8378,0.8333,0.84,0.7692,0.9158,17,37,13,7,0.7297,0.7083,0.74,0.6296,0.845,17,37,13,7,0.7297,0.7083,0.74,0.6296,0.87,22,40,10,2,0.8378,0.9167,0.8,0.7857,0.935,17,39,11,7,0.7568,0.7083,0.78,0.6538,0.8267,20,47,3,5,0.8933,0.8,0.94,0.8333,0.9192,14,46,4,11,0.8,0.56,0.92,0.6512,0.9184,14,50,0,11,0.8533,0.56,1.0,0.7179,0.7992,15,45,5,10,0.8,0.6,0.9,0.6667,0.896,15,43,7,10,0.7733,0.6,0.86,0.6383,0.8816,18,46,4,7,0.8533,0.72,0.92,0.766,0.8824,14,45,5,11,0.7867,0.56,0.9,0.6364,0.8584
824,27,35,8,4,0.8378,0.871,0.814,0.8182,0.8785,19,37,6,12,0.7568,0.6129,0.8605,0.6786,0.7952,24,42,1,7,0.8919,0.7742,0.9767,0.8571,0.8687,20,35,8,11,0.7432,0.6452,0.814,0.678,0.7952,19,38,5,12,0.7703,0.6129,0.8837,0.6909,0.7757,22,40,3,9,0.8378,0.7097,0.9302,0.7857,0.8702,19,38,5,12,0.7703,0.6129,0.8837,0.6909,0.7794,16,53,4,2,0.92,0.8889,0.9298,0.8421,0.9435,13,53,4,5,0.88,0.7222,0.9298,0.7429,0.9571,11,55,2,7,0.88,0.6111,0.9649,0.7097,0.9074,13,53,4,5,0.88,0.7222,0.9298,0.7429,0.9542,13,53,4,5,0.88,0.7222,0.9298,0.7429,0.9405,16,53,4,2,0.92,0.8889,0.9298,0.8421,0.9415,13,53,4,5,0.88,0.7222,0.9298,0.7429,0.9055
825,17,37,19,1,0.7297,0.9444,0.6607,0.6296,0.8899,14,41,15,4,0.7432,0.7778,0.7321,0.5957,0.8581,15,49,7,3,0.8649,0.8333,0.875,0.75,0.8849,13,44,12,5,0.7703,0.7222,0.7857,0.6047,0.8562,13,46,10,5,0.7973,0.7222,0.8214,0.6341,0.88,14,44,12,4,0.7838,0.7778,0.7857,0.6364,0.8839,13,45,11,5,0.7838,0.7222,0.8036,0.619,0.8373,12,54,7,2,0.88,0.8571,0.8852,0.7273,0.8993,9,55,6,5,0.8533,0.6429,0.9016,0.6207,0.9262,9,60,1,5,0.92,0.6429,0.9836,0.75,0.8173,10,53,8,4,0.84,0.7143,0.8689,0.625,0.9052,10,51,10,4,0.8133,0.7143,0.8361,0.5882,0.877,10,54,7,4,0.8533,0.7143,0.8852,0.6452,0.87,9,53,8,5,0.8267,0.6429,0.8689,0.5806,0.856
826,20,41,11,2,0.8243,0.9091,0.7885,0.7547,0.9362,15,44,8,7,0.7973,0.6818,0.8462,0.6667,0.8628,19,49,3,3,0.9189,0.8636,0.9423,0.8636,0.9283,17,43,9,5,0.8108,0.7727,0.8269,0.7083,0.8767,15,44,8,7,0.7973,0.6818,0.8462,0.6667,0.8505,17,47,5,5,0.8649,0.7727,0.9038,0.7727,0.9213,15,44,8,7,0.7973,0.6818,0.8462,0.6667,0.8374,20,45,4,6,0.8667,0.7692,0.9184,0.8,0.8987,13,45,4,13,0.7733,0.5,0.9184,0.6047,0.9184,12,48,1,14,0.8,0.4615,0.9796,0.6154,0.792,15,44,5,11,0.7867,0.5769,0.898,0.6522,0.8987,14,43,6,12,0.76,0.5385,0.8776,0.6087,0.8736,19,45,4,7,0.8533,0.7308,0.9184,0.7755,0.8901,12,44,5,14,0.7467,0.4615,0.898,0.5581,0.8595
827,15,38,19,2,0.7162,0.8824,0.6667,0.5882,0.8824,9,47,10,8,0.7568,0.5294,0.8246,0.5,0.8019,9,51,6,8,0.8108,0.5294,0.8947,0.5625,0.8648,9,45,12,8,0.7297,0.5294,0.7895,0.4737,0.7936,8,47,10,9,0.7432,0.4706,0.8246,0.4571,0.8111,14,48,9,3,0.8378,0.8235,0.8421,0.7,0.8689,8,46,11,9,0.7297,0.4706,0.807,0.4444,0.7626,15,52,4,4,0.8933,0.7895,0.9286,0.7895,0.8741,10,51,5,9,0.8133,0.5263,0.9107,0.5882,0.8759,11,54,2,8,0.8667,0.5789,0.9643,0.6875,0.781,14,51,5,5,0.8667,0.7368,0.9107,0.7368,0.8637,13,51,5,6,0.8533,0.6842,0.9107,0.7027,0.8318,15,52,4,4,0.8933,0.7895,0.9286,0.7895,0.8759,9,51,5,10,0.8,0.4737,0.9107,0.5455,0.8102
828,16,36,19,3,0.7027,0.8421,0.6545,0.5926,0.7856,12,39,16,7,0.6892,0.6316,0.7091,0.5106,0.7225,12,46,9,7,0.7838,0.6316,0.8364,0.6,0.7244,11,38,17,8,0.6622,0.5789,0.6909,0.4681,0.7158,10,41,14,9,0.6892,0.5263,0.7455,0.4651,0.6957,13,42,13,6,0.7432,0.6842,0.7636,0.5778,0.7579,10,40,15,9,0.6757,0.5263,0.7273,0.4545,0.7234,16,47,9,3,0.84,0.8421,0.8393,0.7273,0.8816,11,46,10,8,0.76,0.5789,0.8214,0.55,0.8722,7,54,2,12,0.8133,0.3684,0.9643,0.5,0.7848,12,44,12,7,0.7467,0.6316,0.7857,0.5581,0.8496,8,44,12,11,0.6933,0.4211,0.7857,0.4103,0.844,14,49,7,5,0.84,0.7368,0.875,0.7,0.86,7,44,12,12,0.68,0.3684,0.7857,0.3684,0.8402
829,21,41,9,3,0.8378,0.875,0.82,0.7778,0.8567,16,42,8,8,0.7838,0.6667,0.84,0.6667,0.8208,17,46,4,7,0.8514,0.7083,0.92,0.7556,0.8725,14,41,9,10,0.7432,0.5833,0.82,0.5957,0.825,14,42,8,10,0.7568,0.5833,0.84,0.6087,0.8225,20,44,6,4,0.8649,0.8333,0.88,0.8,0.8717,14,42,8,10,0.7568,0.5833,0.84,0.6087,0.785,18,44,6,7,0.8267,0.72,0.88,0.7347,0.8792,11,47,3,14,0.7733,0.44,0.94,0.5641,0.912,12,48,2,13,0.8,0.48,0.96,0.6154,0.7168,14,44,6,11,0.7733,0.56,0.88,0.6222,0.8704,14,43,7,11,0.76,0.56,0.86,0.6087,0.868,16,46,4,9,0.8267,0.64,0.92,0.7111,0.8648,11,44,6,14,0.7333,0.44,0.88,0.5238,0.8376
830,22,34,12,6,0.7568,0.7857,0.7391,0.7097,0.8292,20,40,6,8,0.8108,0.7143,0.8696,0.7407,0.8168,21,43,3,7,0.8649,0.75,0.9348,0.8077,0.7997,19,41,5,9,0.8108,0.6786,0.8913,0.7308,0.8082,19,40,6,9,0.7973,0.6786,0.8696,0.717,0.7943,21,41,5,7,0.8378,0.75,0.8913,0.7778,0.8036,19,41,5,9,0.8108,0.6786,0.8913,0.7308,0.7725,15,47,8,5,0.8267,0.75,0.8545,0.6977,0.8373,10,46,9,10,0.7467,0.5,0.8364,0.5128,0.8455,11,53,2,9,0.8533,0.55,0.9636,0.6667,0.7782,14,46,9,6,0.8,0.7,0.8364,0.6512,0.8255,13,45,10,7,0.7733,0.65,0.8182,0.6047,0.7927,15,46,9,5,0.8133,0.75,0.8364,0.6818,0.8227,9,46,9,11,0.7333,0.45,0.8364,0.4737,0.7645
831,26,29,16,3,0.7432,0.8966,0.6444,0.7324,0.8659,20,38,7,9,0.7838,0.6897,0.8444,0.7143,0.8322,23,43,2,6,0.8919,0.7931,0.9556,0.8519,0.9011,18,35,10,11,0.7162,0.6207,0.7778,0.6316,0.813,19,39,6,10,0.7838,0.6552,0.8667,0.7037,0.8161,21,36,9,8,0.7703,0.7241,0.8,0.7119,0.8291,19,36,9,10,0.7432,0.6552,0.8,0.6667,0.8199,18,54,3,0,0.96,1.0,0.9474,0.9231,0.9776,11,53,4,7,0.8533,0.6111,0.9298,0.6667,0.9688,16,56,1,2,0.96,0.8889,0.9825,0.9143,0.9542,17,53,4,1,0.9333,0.9444,0.9298,0.8718,0.9717,17,52,5,1,0.92,0.9444,0.9123,0.85,0.9678,17,53,4,1,0.9333,0.9444,0.9298,0.8718,0.9678,11,53,4,7,0.8533,0.6111,0.9298,0.6667,0.963
832,25,35,9,5,0.8108,0.8333,0.7955,0.7812,0.8962,22,40,4,8,0.8378,0.7333,0.9091,0.7857,0.8462,23,40,4,7,0.8514,0.7667,0.9091,0.807,0.853,22,38,6,8,0.8108,0.7333,0.8636,0.7586,0.8485,22,38,6,8,0.8108,0.7333,0.8636,0.7586,0.8288,22,40,4,8,0.8378,0.7333,0.9091,0.7857,0.8576,22,38,6,8,0.8108,0.7333,0.8636,0.7586,0.8553,17,46,8,4,0.84,0.8095,0.8519,0.7391,0.9295,13,47,7,8,0.8,0.619,0.8704,0.6341,0.9347,13,51,3,8,0.8533,0.619,0.9444,0.7027,0.8792,16,46,8,5,0.8267,0.7619,0.8519,0.7111,0.9162,16,45,9,5,0.8133,0.7619,0.8333,0.6957,0.9171,17,46,8,4,0.84,0.8095,0.8519,0.7391,0.933,13,46,8,8,0.7867,0.619,0.8519,0.619,0.8924
833,26,36,12,0,0.8378,1.0,0.75,0.8125,0.9519,23,39,9,3,0.8378,0.8846,0.8125,0.7931,0.8966,24,46,2,2,0.9459,0.9231,0.9583,0.9231,0.9559,22,39,9,4,0.8243,0.8462,0.8125,0.7719,0.9375,23,42,6,3,0.8784,0.8846,0.875,0.8364,0.9022,23,40,8,3,0.8514,0.8846,0.8333,0.807,0.972,23,41,7,3,0.8649,0.8846,0.8542,0.8214,0.8862,15,49,10,1,0.8533,0.9375,0.8305,0.7317,0.8771,10,50,9,6,0.8,0.625,0.8475,0.5714,0.8686,7,54,5,9,0.8133,0.4375,0.9153,0.5,0.7977,11,48,11,5,0.7867,0.6875,0.8136,0.5789,0.8517,8,46,13,8,0.72,0.5,0.7797,0.4324,0.8263,13,49,10,3,0.8267,0.8125,0.8305,0.6667,0.8443,7,48,11,9,0.7333,0.4375,0.8136,0.4118,0.8051
834,25,26,14,9,0.6892,0.7353,0.65,0.6849,0.7875,21,32,8,13,0.7162,0.6176,0.8,0.6667,0.7294,22,30,10,12,0.7027,0.6471,0.75,0.6667,0.6971,20,28,12,14,0.6486,0.5882,0.7,0.6061,0.7338,21,29,11,13,0.6757,0.6176,0.725,0.6364,0.7294,20,29,11,14,0.6622,0.5882,0.725,0.6154,0.7272,21,29,11,13,0.6757,0.6176,0.725,0.6364,0.725,18,53,3,1,0.9467,0.9474,0.9464,0.9,0.9511,11,52,4,8,0.84,0.5789,0.9286,0.6471,0.9398,10,56,0,9,0.88,0.5263,1.0,0.6897,0.8976,13,52,4,6,0.8667,0.6842,0.9286,0.7222,0.9361,12,51,5,7,0.84,0.6316,0.9107,0.6667,0.922,17,52,4,2,0.92,0.8947,0.9286,0.85,0.9361,10,52,4,9,0.8267,0.5263,0.9286,0.6061,0.9117
835,19,39,11,5,0.7838,0.7917,0.78,0.7037,0.8433,18,41,9,6,0.7973,0.75,0.82,0.7059,0.7967,19,43,7,5,0.8378,0.7917,0.86,0.76,0.8617,15,40,10,9,0.7432,0.625,0.8,0.6122,0.79,18,44,6,6,0.8378,0.75,0.88,0.75,0.7758,15,43,7,9,0.7838,0.625,0.86,0.6522,0.8367,18,43,7,6,0.8243,0.75,0.86,0.7347,0.7825,18,49,5,3,0.8933,0.8571,0.9074,0.8182,0.8959,8,49,5,13,0.76,0.381,0.9074,0.4706,0.8792,10,50,4,11,0.8,0.4762,0.9259,0.5714,0.739,12,49,5,9,0.8133,0.5714,0.9074,0.6316,0.8783,12,49,5,9,0.8133,0.5714,0.9074,0.6316,0.8686,15,49,5,6,0.8533,0.7143,0.9074,0.7317,0.8466,8,49,5,13,0.76,0.381,0.9074,0.4706,0.8633
836,23,36,14,1,0.7973,0.9583,0.72,0.7541,0.9158,21,40,10,3,0.8243,0.875,0.8,0.7636,0.8975,19,48,2,5,0.9054,0.7917,0.96,0.8444,0.8992,19,40,10,5,0.7973,0.7917,0.8,0.717,0.8908,20,44,6,4,0.8649,0.8333,0.88,0.8,0.8983,21,41,9,3,0.8378,0.875,0.82,0.7778,0.9225,20,41,9,4,0.8243,0.8333,0.82,0.7547,0.8692,20,46,5,4,0.88,0.8333,0.902,0.8163,0.9387,15,46,5,9,0.8133,0.625,0.902,0.6818,0.9444,14,50,1,10,0.8533,0.5833,0.9804,0.7179,0.8946,16,45,6,8,0.8133,0.6667,0.8824,0.6957,0.924,14,44,7,10,0.7733,0.5833,0.8627,0.6222,0.9273,20,46,5,4,0.88,0.8333,0.902,0.8163,0.9363,13,45,6,11,0.7733,0.5417,0.8824,0.6047,0.902
837,28,29,16,1,0.7703,0.9655,0.6444,0.7671,0.9149,20,34,11,9,0.7297,0.6897,0.7556,0.6667,0.813,24,40,5,5,0.8649,0.8276,0.8889,0.8276,0.8636,21,34,11,8,0.7432,0.7241,0.7556,0.6885,0.8184,20,35,10,9,0.7432,0.6897,0.7778,0.678,0.7885,20,37,8,9,0.7703,0.6897,0.8222,0.7018,0.8544,20,35,10,9,0.7432,0.6897,0.7778,0.678,0.8038,17,49,7,2,0.88,0.8947,0.875,0.7907,0.8694,10,49,7,9,0.7867,0.5263,0.875,0.5556,0.8665,9,50,6,10,0.7867,0.4737,0.8929,0.5294,0.8158,14,49,7,5,0.84,0.7368,0.875,0.7,0.8609,13,48,8,6,0.8133,0.6842,0.8571,0.65,0.8534,16,48,8,3,0.8533,0.8421,0.8571,0.7442,0.843,9,49,7,10,0.7733,0.4737,0.875,0.5143,0.8177
838,21,27,24,2,0.6486,0.913,0.5294,0.6176,0.873,15,36,15,8,0.6892,0.6522,0.7059,0.566,0.7749,21,40,11,2,0.8243,0.913,0.7843,0.7636,0.8951,15,36,15,8,0.6892,0.6522,0.7059,0.566,0.7647,15,36,15,8,0.6892,0.6522,0.7059,0.566,0.763,15,39,12,8,0.7297,0.6522,0.7647,0.6,0.7997,15,36,15,8,0.6892,0.6522,0.7059,0.566,0.7502,18,47,4,6,0.8667,0.75,0.9216,0.7826,0.8954,13,46,5,11,0.7867,0.5417,0.902,0.619,0.902,14,51,0,10,0.8667,0.5833,1.0,0.7368,0.7549,15,46,5,9,0.8133,0.625,0.902,0.6818,0.8766,15,44,7,9,0.7867,0.625,0.8627,0.6522,0.8578,17,45,6,7,0.8267,0.7083,0.8824,0.7234,0.8766,13,46,5,11,0.7867,0.5417,0.902,0.619,0.8309
839,27,31,14,2,0.7838,0.931,0.6889,0.7714,0.8858,21,35,10,8,0.7568,0.7241,0.7778,0.7,0.8483,21,38,7,8,0.7973,0.7241,0.8444,0.7368,0.8536,19,36,9,10,0.7432,0.6552,0.8,0.6667,0.8421,19,36,9,10,0.7432,0.6552,0.8,0.6667,0.8307,24,35,10,5,0.7973,0.8276,0.7778,0.7619,0.8774,19,36,9,10,0.7432,0.6552,0.8,0.6667,0.8345,19,46,4,6,0.8667,0.76,0.92,0.7917,0.9024,15,46,4,10,0.8133,0.6,0.92,0.6818,0.9264,12,47,3,13,0.7867,0.48,0.94,0.6,0.808,16,45,5,9,0.8133,0.64,0.9,0.6957,0.9128,15,45,5,10,0.8,0.6,0.9,0.6667,0.9032,18,47,3,7,0.8667,0.72,0.94,0.7826,0.8992,14,45,5,11,0.7867,0.56,0.9,0.6364,0.8784
840,21,35,17,1,0.7568,0.9545,0.6731,0.7,0.903,18,41,11,4,0.7973,0.8182,0.7885,0.7059,0.8916,18,48,4,4,0.8919,0.8182,0.9231,0.8182,0.8374,18,41,11,4,0.7973,0.8182,0.7885,0.7059,0.8969,18,41,11,4,0.7973,0.8182,0.7885,0.7059,0.8881,18,43,9,4,0.8243,0.8182,0.8269,0.7347,0.91,18,41,11,4,0.7973,0.8182,0.7885,0.7059,0.8776,20,48,5,2,0.9067,0.9091,0.9057,0.8511,0.9477,15,49,4,7,0.8533,0.6818,0.9245,0.7317,0.9511,14,51,2,8,0.8667,0.6364,0.9623,0.7368,0.916,18,48,5,4,0.88,0.8182,0.9057,0.8,0.9425,16,48,5,6,0.8533,0.7273,0.9057,0.7442,0.9425,19,49,4,3,0.9067,0.8636,0.9245,0.8444,0.946,13,48,5,9,0.8133,0.5909,0.9057,0.65,0.9331
841,24,36,13,1,0.8108,0.96,0.7347,0.7742,0.9184,17,39,10,8,0.7568,0.68,0.7959,0.6538,0.8441,21,41,8,4,0.8378,0.84,0.8367,0.7778,0.8808,18,37,12,7,0.7432,0.72,0.7551,0.6545,0.8555,17,39,10,8,0.7568,0.68,0.7959,0.6538,0.8433,19,43,6,6,0.8378,0.76,0.8776,0.76,0.8898,17,38,11,8,0.7432,0.68,0.7755,0.6415,0.822,15,52,4,4,0.8933,0.7895,0.9286,0.7895,0.9445,14,54,2,5,0.9067,0.7368,0.9643,0.8,0.9643,13,56,0,6,0.92,0.6842,1.0,0.8125,0.8393,14,52,4,5,0.88,0.7368,0.9286,0.7568,0.9455,13,52,4,6,0.8667,0.6842,0.9286,0.7222,0.9427,15,54,2,4,0.92,0.7895,0.9643,0.8333,0.9464,13,52,4,6,0.8667,0.6842,0.9286,0.7222,0.922
842,18,36,16,4,0.7297,0.8182,0.6923,0.6429,0.8112,15,44,8,7,0.7973,0.6818,0.8462,0.6667,0.7815,17,43,9,5,0.8108,0.7727,0.8269,0.7083,0.8077,14,42,10,8,0.7568,0.6364,0.8077,0.6087,0.7823,14,42,10,8,0.7568,0.6364,0.8077,0.6087,0.7788,15,42,10,7,0.7703,0.6818,0.8077,0.6383,0.7955,14,43,9,8,0.7703,0.6364,0.8269,0.6222,0.7771,18,48,7,2,0.88,0.9,0.8727,0.8,0.9418,15,48,7,5,0.84,0.75,0.8727,0.7143,0.9364,14,53,2,6,0.8933,0.7,0.9636,0.7778,0.8573,16,48,7,4,0.8533,0.8,0.8727,0.7442,0.9345,15,47,8,5,0.8267,0.75,0.8545,0.6977,0.9255,16,47,8,4,0.84,0.8,0.8545,0.7273,0.9173,14,48,7,6,0.8267,0.7,0.8727,0.6829,0.9164
843,24,34,13,3,0.7838,0.8889,0.7234,0.75,0.8771,18,39,8,9,0.7703,0.6667,0.8298,0.6792,0.8408,23,42,5,4,0.8784,0.8519,0.8936,0.8364,0.8865,19,39,8,8,0.7838,0.7037,0.8298,0.7037,0.8392,18,40,7,9,0.7838,0.6667,0.8511,0.6923,0.8235,18,38,9,9,0.7568,0.6667,0.8085,0.6667,0.829,18,39,8,9,0.7703,0.6667,0.8298,0.6792,0.8298,11,50,7,7,0.8133,0.6111,0.8772,0.6111,0.8226,6,51,6,12,0.76,0.3333,0.8947,0.4,0.8509,6,54,3,12,0.8,0.3333,0.9474,0.4444,0.6404,7,49,8,11,0.7467,0.3889,0.8596,0.4242,0.8099,7,49,8,11,0.7467,0.3889,0.8596,0.4242,0.7836,10,52,5,8,0.8267,0.5556,0.9123,0.6061,0.7895,6,49,8,12,0.7333,0.3333,0.8596,0.375,0.7417
844,19,38,16,1,0.7703,0.95,0.7037,0.6909,0.8852,15,45,9,5,0.8108,0.75,0.8333,0.6818,0.8778,14,48,6,6,0.8378,0.7,0.8889,0.7,0.8676,12,43,11,8,0.7432,0.6,0.7963,0.5581,0.8556,12,44,10,8,0.7568,0.6,0.8148,0.5714,0.8611,17,46,8,3,0.8514,0.85,0.8519,0.7556,0.8861,12,43,11,8,0.7432,0.6,0.7963,0.5581,0.8389,15,53,5,2,0.9067,0.8824,0.9138,0.8108,0.9604,14,53,5,3,0.8933,0.8235,0.9138,0.7778,0.9665,11,55,3,6,0.88,0.6471,0.9483,0.7097,0.8854,14,53,5,3,0.8933,0.8235,0.9138,0.7778,0.9523,13,51,7,4,0.8533,0.7647,0.8793,0.7027,0.9503,15,51,7,2,0.88,0.8824,0.8793,0.7692,0.9544,13,53,5,4,0.88,0.7647,0.9138,0.7429,0.9391
845,18,36,15,5,0.7297,0.7826,0.7059,0.6429,0.7664,16,41,10,7,0.7703,0.6957,0.8039,0.6531,0.7749,15,42,9,8,0.7703,0.6522,0.8235,0.6383,0.7451,12,41,10,11,0.7162,0.5217,0.8039,0.5333,0.7451,14,39,12,9,0.7162,0.6087,0.7647,0.5714,0.7468,16,44,7,7,0.8108,0.6957,0.8627,0.6957,0.7681,14,41,10,9,0.7432,0.6087,0.8039,0.5957,0.746,16,46,11,2,0.8267,0.8889,0.807,0.7111,0.8704,12,47,10,6,0.7867,0.6667,0.8246,0.6,0.8811,13,53,4,5,0.88,0.7222,0.9298,0.7429,0.8382,15,45,12,3,0.8,0.8333,0.7895,0.6667,0.8752,15,45,12,3,0.8,0.8333,0.7895,0.6667,0.8635,16,48,9,2,0.8533,0.8889,0.8421,0.7442,0.8548,12,45,12,6,0.76,0.6667,0.7895,0.5714,0.8285
846,26,33,14,1,0.7973,0.963,0.7021,0.7761,0.881,20,38,9,7,0.7838,0.7407,0.8085,0.7143,0.8605,20,40,7,7,0.8108,0.7407,0.8511,0.7407,0.8432,16,37,10,11,0.7162,0.5926,0.7872,0.6038,0.8471,20,38,9,7,0.7838,0.7407,0.8085,0.7143,0.855,21,37,10,6,0.7838,0.7778,0.7872,0.7241,0.8889,20,37,10,7,0.7703,0.7407,0.7872,0.7018,0.8471,17,52,4,2,0.92,0.8947,0.9286,0.85,0.9079,13,51,5,6,0.8533,0.6842,0.9107,0.7027,0.9258,9,56,0,10,0.8667,0.4737,1.0,0.6429,0.8073,14,50,6,5,0.8533,0.7368,0.8929,0.7179,0.8966,13,48,8,6,0.8133,0.6842,0.8571,0.65,0.8722,15,51,5,4,0.88,0.7895,0.9107,0.7692,0.8759,12,50,6,7,0.8267,0.6316,0.8929,0.6486,0.8515
847,23,31,16,4,0.7297,0.8519,0.6596,0.697,0.8542,21,39,8,6,0.8108,0.7778,0.8298,0.75,0.8298,23,39,8,4,0.8378,0.8519,0.8298,0.7931,0.8708,19,38,9,8,0.7703,0.7037,0.8085,0.6909,0.814,21,37,10,6,0.7838,0.7778,0.7872,0.7241,0.8046,20,38,9,7,0.7838,0.7407,0.8085,0.7143,0.8589,21,38,9,6,0.7973,0.7778,0.8085,0.7368,0.7888,23,45,3,4,0.9067,0.8519,0.9375,0.8679,0.9336,15,45,3,12,0.8,0.5556,0.9375,0.6667,0.9306,16,46,2,11,0.8267,0.5926,0.9583,0.7111,0.8295,20,45,3,7,0.8667,0.7407,0.9375,0.8,0.9244,18,45,3,9,0.84,0.6667,0.9375,0.75,0.9236,21,45,3,6,0.88,0.7778,0.9375,0.8235,0.9159,13,45,3,14,0.7733,0.4815,0.9375,0.6047,0.9035
848,19,39,11,5,0.7838,0.7917,0.78,0.7037,0.8175,14,39,11,10,0.7162,0.5833,0.78,0.5714,0.79,17,44,6,7,0.8243,0.7083,0.88,0.7234,0.8133,13,39,11,11,0.7027,0.5417,0.78,0.5417,0.7775,14,40,10,10,0.7297,0.5833,0.8,0.5833,0.7783,16,45,5,8,0.8243,0.6667,0.9,0.7111,0.8142,14,42,8,10,0.7568,0.5833,0.84,0.6087,0.7817,17,45,7,6,0.8267,0.7391,0.8654,0.7234,0.8696,7,47,5,16,0.72,0.3043,0.9038,0.4,0.9055,8,49,3,15,0.76,0.3478,0.9423,0.4706,0.7391,10,44,8,13,0.72,0.4348,0.8462,0.4878,0.8445,9,42,10,14,0.68,0.3913,0.8077,0.4286,0.8478,14,46,6,9,0.8,0.6087,0.8846,0.6512,0.8462,6,44,8,17,0.6667,0.2609,0.8462,0.3243,0.7985
849,18,37,16,3,0.7432,0.8571,0.6981,0.6545,0.8356,15,40,13,6,0.7432,0.7143,0.7547,0.6122,0.8104,16,45,8,5,0.8243,0.7619,0.8491,0.7111,0.8095,14,38,15,7,0.7027,0.6667,0.717,0.56,0.8005,14,40,13,7,0.7297,0.6667,0.7547,0.5833,0.7808,14,45,8,7,0.7973,0.6667,0.8491,0.6512,0.8365,14,39,14,7,0.7162,0.6667,0.7358,0.5714,0.7951,19,48,6,2,0.8933,0.9048,0.8889,0.8261,0.9109,15,49,5,6,0.8533,0.7143,0.9074,0.7317,0.9233,13,52,2,8,0.8667,0.619,0.963,0.7222,0.8633,18,48,6,3,0.88,0.8571,0.8889,0.8,0.9074,16,47,7,5,0.84,0.7619,0.8704,0.7273,0.9048,19,48,6,2,0.8933,0.9048,0.8889,0.8261,0.9171,13,48,6,8,0.8133,0.619,0.8889,0.65,0.881
850,15,47,11,1,0.8378,0.9375,0.8103,0.7143,0.9526,13,48,10,3,0.8243,0.8125,0.8276,0.6667,0.8664,14,52,6,2,0.8919,0.875,0.8966,0.7778,0.9235,13,46,12,3,0.7973,0.8125,0.7931,0.6341,0.8642,13,49,9,3,0.8378,0.8125,0.8448,0.6842,0.8265,12,51,7,4,0.8514,0.75,0.8793,0.6857,0.9278,13,49,9,3,0.8378,0.8125,0.8448,0.6842,0.8685,19,47,8,1,0.88,0.95,0.8545,0.8085,0.9155,16,48,7,4,0.8533,0.8,0.8727,0.7442,0.9191,14,53,2,6,0.8933,0.7,0.9636,0.7778,0.8982,19,45,10,1,0.8533,0.95,0.8182,0.7755,0.8973,16,43,12,4,0.7867,0.8,0.7818,0.6667,0.8973,19,48,7,1,0.8933,0.95,0.8727,0.8261,0.9273,13,45,10,7,0.7733,0.65,0.8182,0.6047,0.8555
851,21,34,15,4,0.7432,0.84,0.6939,0.6885,0.8376,17,39,10,8,0.7568,0.68,0.7959,0.6538,0.7845,17,42,7,8,0.7973,0.68,0.8571,0.6939,0.822,13,38,11,12,0.6892,0.52,0.7755,0.5306,0.7527,15,40,9,10,0.7432,0.6,0.8163,0.6122,0.7502,18,43,6,7,0.8243,0.72,0.8776,0.7347,0.8286,15,40,9,10,0.7432,0.6,0.8163,0.6122,0.7633,13,58,4,0,0.9467,1.0,0.9355,0.8667,0.9727,10,58,4,3,0.9067,0.7692,0.9355,0.7407,0.9727,8,60,2,5,0.9067,0.6154,0.9677,0.6957,0.9727,11,57,5,2,0.9067,0.8462,0.9194,0.7586,0.9702,10,56,6,3,0.88,0.7692,0.9032,0.6897,0.964,13,58,4,0,0.9467,1.0,0.9355,0.8667,0.9665,9,57,5,4,0.88,0.6923,0.9194,0.6667,0.9553
852,18,40,13,3,0.7838,0.8571,0.7547,0.6923,0.85,13,45,8,8,0.7838,0.619,0.8491,0.619,0.8356,16,51,2,5,0.9054,0.7619,0.9623,0.8205,0.841,15,45,8,6,0.8108,0.7143,0.8491,0.6818,0.8401,12,45,8,9,0.7703,0.5714,0.8491,0.5854,0.7898,15,49,4,6,0.8649,0.7143,0.9245,0.75,0.867,12,46,7,9,0.7838,0.5714,0.8679,0.6,0.8275,13,55,6,1,0.9067,0.9286,0.9016,0.7879,0.9344,9,56,5,5,0.8667,0.6429,0.918,0.6429,0.9485,8,59,2,6,0.8933,0.5714,0.9672,0.6667,0.9602,11,53,8,3,0.8533,0.7857,0.8689,0.6667,0.9215,9,53,8,5,0.8267,0.6429,0.8689,0.5806,0.9274,13,58,3,1,0.9467,0.9286,0.9508,0.8667,0.9684,7,53,8,7,0.8,0.5,0.8689,0.4828,0.8934
853,28,28,16,2,0.7568,0.9333,0.6364,0.7568,0.8902,25,34,10,5,0.7973,0.8333,0.7727,0.7692,0.8538,23,35,9,7,0.7838,0.7667,0.7955,0.7419,0.8212,23,35,9,7,0.7838,0.7667,0.7955,0.7419,0.8348,23,32,12,7,0.7432,0.7667,0.7273,0.7077,0.8455,24,33,11,6,0.7703,0.8,0.75,0.7385,0.8705,23,36,8,7,0.7973,0.7667,0.8182,0.7541,0.8735,15,49,6,5,0.8533,0.75,0.8909,0.7317,0.8664,11,49,6,9,0.8,0.55,0.8909,0.5946,0.86,9,53,2,11,0.8267,0.45,0.9636,0.5806,0.6882,11,47,8,9,0.7733,0.55,0.8545,0.5641,0.83,9,44,11,11,0.7067,0.45,0.8,0.45,0.8082,12,48,7,8,0.8,0.6,0.8727,0.6154,0.7945,9,47,8,11,0.7467,0.45,0.8545,0.4865,0.78
854,20,34,16,4,0.7297,0.8333,0.68,0.6667,0.8725,17,39,11,7,0.7568,0.7083,0.78,0.6538,0.8375,15,47,3,9,0.8378,0.625,0.94,0.7143,0.7908,17,40,10,7,0.7703,0.7083,0.8,0.6667,0.8275,17,41,9,7,0.7838,0.7083,0.82,0.68,0.8367,17,44,6,7,0.8243,0.7083,0.88,0.7234,0.8675,17,40,10,7,0.7703,0.7083,0.8,0.6667,0.8258,15,55,4,1,0.9333,0.9375,0.9322,0.8571,0.9767,12,54,5,4,0.88,0.75,0.9153,0.7273,0.9735,8,59,0,8,0.8933,0.5,1.0,0.6667,0.965,13,54,5,3,0.8933,0.8125,0.9153,0.7647,0.9714,12,54,5,4,0.88,0.75,0.9153,0.7273,0.965,15,55,4,1,0.9333,0.9375,0.9322,0.8571,0.9809,11,54,5,5,0.8667,0.6875,0.9153,0.6875,0.9449
855,17,37,17,3,0.7297,0.85,0.6852,0.6296,0.8417,13,47,7,7,0.8108,0.65,0.8704,0.65,0.8176,14,49,5,6,0.8514,0.7,0.9074,0.7179,0.8222,14,42,12,6,0.7568,0.7,0.7778,0.6087,0.8222,12,43,11,8,0.7432,0.6,0.7963,0.5581,0.8037,16,47,7,4,0.8514,0.8,0.8704,0.7442,0.8435,12,42,12,8,0.7297,0.6,0.7778,0.5455,0.7824,12,52,7,4,0.8533,0.75,0.8814,0.6857,0.8972,6,53,6,10,0.7867,0.375,0.8983,0.4286,0.8994,7,55,4,9,0.8267,0.4375,0.9322,0.5185,0.8305,8,52,7,8,0.8,0.5,0.8814,0.5161,0.8856,8,52,7,8,0.8,0.5,0.8814,0.5161,0.8814,12,53,6,4,0.8667,0.75,0.8983,0.7059,0.9121,6,52,7,10,0.7733,0.375,0.8814,0.4138,0.8591
856,26,30,17,1,0.7568,0.963,0.6383,0.7429,0.9157,22,38,9,5,0.8108,0.8148,0.8085,0.7586,0.8432,25,36,11,2,0.8243,0.9259,0.766,0.7937,0.9094,21,32,15,6,0.7162,0.7778,0.6809,0.6667,0.8534,21,33,14,6,0.7297,0.7778,0.7021,0.6774,0.8424,22,36,11,5,0.7838,0.8148,0.766,0.7333,0.8345,21,32,15,6,0.7162,0.7778,0.6809,0.6667,0.8156,20,44,5,6,0.8533,0.7692,0.898,0.7843,0.8226,14,45,4,12,0.7867,0.5385,0.9184,0.6364,0.8501,15,48,1,11,0.84,0.5769,0.9796,0.7143,0.7127,17,42,7,9,0.7867,0.6538,0.8571,0.68,0.8155,17,41,8,9,0.7733,0.6538,0.8367,0.6667,0.8038,18,46,3,8,0.8533,0.6923,0.9388,0.766,0.8053,14,42,7,12,0.7467,0.5385,0.8571,0.5957,0.7708
857,24,37,12,1,0.8243,0.96,0.7551,0.7869,0.9249,23,39,10,2,0.8378,0.92,0.7959,0.7931,0.8816,19,43,6,6,0.8378,0.76,0.8776,0.76,0.8441,20,36,13,5,0.7568,0.8,0.7347,0.6897,0.8792,21,39,10,4,0.8108,0.84,0.7959,0.75,0.8841,23,40,9,2,0.8514,0.92,0.8163,0.807,0.9069,21,38,11,4,0.7973,0.84,0.7755,0.7368,0.8694,22,42,7,4,0.8533,0.8462,0.8571,0.8,0.8948,14,42,7,12,0.7467,0.5385,0.8571,0.5957,0.8838,11,46,3,15,0.76,0.4231,0.9388,0.55,0.8061,19,42,7,7,0.8133,0.7308,0.8571,0.7308,0.8878,15,42,7,11,0.76,0.5769,0.8571,0.625,0.8768,21,42,7,5,0.84,0.8077,0.8571,0.7778,0.8721,10,42,7,16,0.6933,0.3846,0.8571,0.4651,0.843
858,19,35,17,3,0.7297,0.8636,0.6731,0.6552,0.8287,16,46,6,6,0.8378,0.7273,0.8846,0.7273,0.8339,14,46,6,8,0.8108,0.6364,0.8846,0.6667,0.8016,13,43,9,9,0.7568,0.5909,0.8269,0.5909,0.7937,15,43,9,7,0.7838,0.6818,0.8269,0.6522,0.8304,19,44,8,3,0.8514,0.8636,0.8462,0.7755,0.8435,15,43,9,7,0.7838,0.6818,0.8269,0.6522,0.8226,22,45,6,2,0.8933,0.9167,0.8824,0.8462,0.9395,17,47,4,7,0.8533,0.7083,0.9216,0.7556,0.9575,14,48,3,10,0.8267,0.5833,0.9412,0.6829,0.8922,18,44,7,6,0.8267,0.75,0.8627,0.7347,0.9338,16,44,7,8,0.8,0.6667,0.8627,0.6809,0.9346,22,48,3,2,0.9333,0.9167,0.9412,0.898,0.9551,15,44,7,9,0.7867,0.625,0.8627,0.6522,0.9077
859,22,29,21,2,0.6892,0.9167,0.58,0.6567,0.8458,19,35,15,5,0.7297,0.7917,0.7,0.6552,0.7275,19,38,12,5,0.7703,0.7917,0.76,0.6909,0.8692,16,32,18,8,0.6486,0.6667,0.64,0.5517,0.7375,17,35,15,7,0.7027,0.7083,0.7,0.6071,0.72,20,41,9,4,0.8243,0.8333,0.82,0.7547,0.8167,17,34,16,7,0.6892,0.7083,0.68,0.5965,0.6733,23,48,2,2,0.9467,0.92,0.96,0.92,0.9832,18,49,1,7,0.8933,0.72,0.98,0.8182,0.9864,16,49,1,9,0.8667,0.64,0.98,0.7619,0.872,19,48,2,6,0.8933,0.76,0.96,0.8261,0.9816,19,48,2,6,0.8933,0.76,0.96,0.8261,0.968,20,49,1,5,0.92,0.8,0.98,0.8696,0.9344,18,48,2,7,0.88,0.72,0.96,0.8,0.9792
860,27,34,11,2,0.8243,0.931,0.7556,0.806,0.8866,24,37,8,5,0.8243,0.8276,0.8222,0.7869,0.8782,18,39,6,11,0.7703,0.6207,0.8667,0.6792,0.8398,19,36,9,10,0.7432,0.6552,0.8,0.6667,0.8736,20,37,8,9,0.7703,0.6897,0.8222,0.7018,0.8935,26,37,8,3,0.8514,0.8966,0.8222,0.8254,0.8743,20,37,8,9,0.7703,0.6897,0.8222,0.7018,0.8521,14,50,7,4,0.8533,0.7778,0.8772,0.7179,0.7865,10,50,7,8,0.8,0.5556,0.8772,0.5714,0.8187,10,53,4,8,0.84,0.5556,0.9298,0.625,0.6667,11,48,9,7,0.7867,0.6111,0.8421,0.5789,0.7856,10,47,10,8,0.76,0.5556,0.8246,0.5263,0.7476,12,51,6,6,0.84,0.6667,0.8947,0.6667,0.7524,9,48,9,9,0.76,0.5,0.8421,0.5,0.7027
861,23,39,10,2,0.8378,0.92,0.7959,0.7931,0.9192,18,44,5,7,0.8378,0.72,0.898,0.75,0.8759,21,43,6,4,0.8649,0.84,0.8776,0.8077,0.8865,18,41,8,7,0.7973,0.72,0.8367,0.7059,0.8784,18,41,8,7,0.7973,0.72,0.8367,0.7059,0.8531,17,43,6,8,0.8108,0.68,0.8776,0.7083,0.8759,18,42,7,7,0.8108,0.72,0.8571,0.72,0.8824,18,52,5,0,0.9333,1.0,0.9123,0.878,0.9766,15,52,5,3,0.8933,0.8333,0.9123,0.7895,0.9795,13,56,1,5,0.92,0.7222,0.9825,0.8125,0.9786,16,51,6,2,0.8933,0.8889,0.8947,0.8,0.9766,15,51,6,3,0.88,0.8333,0.8947,0.7692,0.9737,18,53,4,0,0.9467,1.0,0.9298,0.9,0.9795,14,51,6,4,0.8667,0.7778,0.8947,0.7368,0.9669
862,22,32,18,2,0.7297,0.9167,0.64,0.6875,0.8808,17,34,16,7,0.6892,0.7083,0.68,0.5965,0.7817,18,42,8,6,0.8108,0.75,0.84,0.72,0.8375,18,36,14,6,0.7297,0.75,0.72,0.6429,0.8108,17,36,14,7,0.7162,0.7083,0.72,0.6182,0.8008,21,39,11,3,0.8108,0.875,0.78,0.75,0.8908,17,37,13,7,0.7297,0.7083,0.74,0.6296,0.7875,13,55,4,3,0.9067,0.8125,0.9322,0.7879,0.9078,11,55,4,5,0.88,0.6875,0.9322,0.7097,0.9184,9,57,2,7,0.88,0.5625,0.9661,0.6667,0.8189,11,55,4,5,0.88,0.6875,0.9322,0.7097,0.9004,10,52,7,6,0.8267,0.625,0.8814,0.6061,0.8814,12,52,7,4,0.8533,0.75,0.8814,0.6857,0.8792,10,55,4,6,0.8667,0.625,0.9322,0.6667,0.8581
863,14,45,14,1,0.7973,0.9333,0.7627,0.6512,0.8802,11,49,10,4,0.8108,0.7333,0.8305,0.6111,0.8463,11,54,5,4,0.8784,0.7333,0.9153,0.7097,0.9062,8,48,11,7,0.7568,0.5333,0.8136,0.4706,0.8169,10,51,8,5,0.8243,0.6667,0.8644,0.6061,0.835,13,50,9,2,0.8514,0.8667,0.8475,0.7027,0.9017,10,49,10,5,0.7973,0.6667,0.8305,0.5714,0.8215,24,46,4,1,0.9333,0.96,0.92,0.9057,0.9552,20,47,3,5,0.8933,0.8,0.94,0.8333,0.9624,17,47,3,8,0.8533,0.68,0.94,0.7556,0.9264,22,46,4,3,0.9067,0.88,0.92,0.8627,0.956,18,46,4,7,0.8533,0.72,0.92,0.766,0.9552,24,47,3,1,0.9467,0.96,0.94,0.9231,0.9624,16,46,4,9,0.8267,0.64,0.92,0.7111,0.9328
864,22,37,15,0,0.7973,1.0,0.7115,0.7458,0.9441,18,40,12,4,0.7838,0.8182,0.7692,0.6923,0.84,16,47,5,6,0.8514,0.7273,0.9038,0.7442,0.8418,16,37,15,6,0.7162,0.7273,0.7115,0.6038,0.8601,17,39,13,5,0.7568,0.7727,0.75,0.6538,0.868,20,45,7,2,0.8784,0.9091,0.8654,0.8163,0.9248,17,38,14,5,0.7432,0.7727,0.7308,0.6415,0.8173,22,47,3,3,0.92,0.88,0.94,0.88,0.972,18,48,2,7,0.88,0.72,0.96,0.8,0.9848,16,50,0,9,0.88,0.64,1.0,0.7805,0.9208,20,46,4,5,0.88,0.8,0.92,0.8163,0.9624,18,45,5,7,0.84,0.72,0.9,0.75,0.9688,22,48,2,3,0.9333,0.88,0.96,0.898,0.9776,16,46,4,9,0.8267,0.64,0.92,0.7111,0.952
865,26,33,11,4,0.7973,0.8667,0.75,0.7761,0.8644,20,37,7,10,0.7703,0.6667,0.8409,0.7018,0.8258,25,39,5,5,0.8649,0.8333,0.8864,0.8333,0.8841,20,37,7,10,0.7703,0.6667,0.8409,0.7018,0.8121,20,39,5,10,0.7973,0.6667,0.8864,0.7273,0.8212,21,37,7,9,0.7838,0.7,0.8409,0.7241,0.8606,20,38,6,10,0.7838,0.6667,0.8636,0.7143,0.8227,17,48,9,1,0.8667,0.9444,0.8421,0.7727,0.9172,14,49,8,4,0.84,0.7778,0.8596,0.7,0.9298,11,52,5,7,0.84,0.6111,0.9123,0.6471,0.8782,15,48,9,3,0.84,0.8333,0.8421,0.7143,0.924,14,48,9,4,0.8267,0.7778,0.8421,0.6829,0.9113,17,49,8,1,0.88,0.9444,0.8596,0.7907,0.9337,13,48,9,5,0.8133,0.7222,0.8421,0.65,0.8947
866,22,39,11,2,0.8243,0.9167,0.78,0.7719,0.9267,18,40,10,6,0.7838,0.75,0.8,0.6923,0.8625,18,47,3,6,0.8784,0.75,0.94,0.8,0.85,18,41,9,6,0.7973,0.75,0.82,0.7059,0.8567,18,45,5,6,0.8514,0.75,0.9,0.766,0.8733,20,42,8,4,0.8378,0.8333,0.84,0.7692,0.875,18,45,5,6,0.8514,0.75,0.9,0.766,0.8583,15,56,1,3,0.9467,0.8333,0.9825,0.8824,0.9522,12,55,2,6,0.8933,0.6667,0.9649,0.75,0.9581,11,57,0,7,0.9067,0.6111,1.0,0.7586,0.8879,13,55,2,5,0.9067,0.7222,0.9649,0.7879,0.9464,13,53,4,5,0.88,0.7222,0.9298,0.7429,0.9415,15,54,3,3,0.92,0.8333,0.9474,0.8333,0.9483,12,55,2,6,0.8933,0.6667,0.9649,0.75,0.9152
867,28,27,17,2,0.7432,0.9333,0.6136,0.7467,0.8477,24,33,11,6,0.7703,0.8,0.75,0.7385,0.8098,22,36,8,8,0.7838,0.7333,0.8182,0.7333,0.8356,20,33,11,10,0.7162,0.6667,0.75,0.6557,0.8098,21,33,11,9,0.7297,0.7,0.75,0.6774,0.8076,25,32,12,5,0.7703,0.8333,0.7273,0.7463,0.8652,21,33,11,9,0.7297,0.7,0.75,0.6774,0.7826,21,45,5,4,0.88,0.84,0.9,0.8235,0.84,14,47,3,11,0.8133,0.56,0.94,0.6667,0.8616,12,48,2,13,0.8,0.48,0.96,0.6154,0.716,16,45,5,9,0.8133,0.64,0.9,0.6957,0.8352,14,42,8,11,0.7467,0.56,0.84,0.5957,0.7872,17,44,6,8,0.8133,0.68,0.88,0.7083,0.8152,12,45,5,13,0.76,0.48,0.9,0.5714,0.7648
868,16,37,17,4,0.7162,0.8,0.6852,0.6038,0.7713,12,42,12,8,0.7297,0.6,0.7778,0.5455,0.7444,12,47,7,8,0.7973,0.6,0.8704,0.6154,0.7898,10,45,9,10,0.7432,0.5,0.8333,0.5128,0.7426,9,45,9,11,0.7297,0.45,0.8333,0.4737,0.7398,14,43,11,6,0.7703,0.7,0.7963,0.6222,0.7694,9,45,9,11,0.7297,0.45,0.8333,0.4737,0.7444,11,51,9,4,0.8267,0.7333,0.85,0.6286,0.9222,10,52,8,5,0.8267,0.6667,0.8667,0.6061,0.9444,8,58,2,7,0.88,0.5333,0.9667,0.64,0.8456,11,50,10,4,0.8133,0.7333,0.8333,0.6111,0.9122,11,47,13,4,0.7733,0.7333,0.7833,0.5641,0.9133,11,50,10,4,0.8133,0.7333,0.8333,0.6111,0.9233,10,50,10,5,0.8,0.6667,0.8333,0.5714,0.8922
869,16,40,16,2,0.7568,0.8889,0.7143,0.64,0.8849,13,45,11,5,0.7838,0.7222,0.8036,0.619,0.8343,16,50,6,2,0.8919,0.8889,0.8929,0.8,0.8919,11,44,12,7,0.7432,0.6111,0.7857,0.5366,0.8125,13,45,11,5,0.7838,0.7222,0.8036,0.619,0.8214,11,47,9,7,0.7838,0.6111,0.8393,0.5789,0.8323,13,45,11,5,0.7838,0.7222,0.8036,0.619,0.8234,17,50,5,3,0.8933,0.85,0.9091,0.8095,0.9455,9,49,6,11,0.7733,0.45,0.8909,0.5143,0.9327,9,54,1,11,0.84,0.45,0.9818,0.6,0.8718,11,49,6,9,0.8,0.55,0.8909,0.5946,0.9145,11,47,8,9,0.7733,0.55,0.8545,0.5641,0.9127,16,48,7,4,0.8533,0.8,0.8727,0.7442,0.9236,9,49,6,11,0.7733,0.45,0.8909,0.5143,0.8909
870,23,38,8,5,0.8243,0.8214,0.8261,0.7797,0.8734,22,41,5,6,0.8514,0.7857,0.8913,0.8,0.8533,22,42,4,6,0.8649,0.7857,0.913,0.8148,0.83,23,39,7,5,0.8378,0.8214,0.8478,0.7931,0.8416,22,40,6,6,0.8378,0.7857,0.8696,0.7857,0.8362,21,43,3,7,0.8649,0.75,0.9348,0.8077,0.8284,22,40,6,6,0.8378,0.7857,0.8696,0.7857,0.8191,13,44,12,6,0.76,0.6842,0.7857,0.5909,0.8045,10,47,9,9,0.76,0.5263,0.8393,0.5263,0.8336,8,52,4,11,0.8,0.4211,0.9286,0.5161,0.6814,11,44,12,8,0.7333,0.5789,0.7857,0.5238,0.7838,9,42,14,10,0.68,0.4737,0.75,0.4286,0.7782,13,45,11,6,0.7733,0.6842,0.8036,0.6047,0.8186,8,44,12,11,0.6933,0.4211,0.7857,0.4103,0.7387
871,24,33,11,6,0.7703,0.8,0.75,0.7385,0.8568,24,36,8,6,0.8108,0.8,0.8182,0.7742,0.8424,22,39,5,8,0.8243,0.7333,0.8864,0.7719,0.7758,22,35,9,8,0.7703,0.7333,0.7955,0.7213,0.8417,24,37,7,6,0.8243,0.8,0.8409,0.7869,0.8364,24,37,7,6,0.8243,0.8,0.8409,0.7869,0.8591,24,37,7,6,0.8243,0.8,0.8409,0.7869,0.8273,22,48,1,4,0.9333,0.8462,0.9796,0.898,0.9537,12,48,1,14,0.8,0.4615,0.9796,0.6154,0.9505,11,48,1,15,0.7867,0.4231,0.9796,0.5789,0.8163,15,48,1,11,0.84,0.5769,0.9796,0.7143,0.9333,14,46,3,12,0.8,0.5385,0.9388,0.6512,0.927,19,46,3,7,0.8667,0.7308,0.9388,0.7917,0.9192,11,48,1,15,0.7867,0.4231,0.9796,0.5789,0.9184
872,19,33,16,6,0.7027,0.76,0.6735,0.6333,0.7714,15,42,7,10,0.7703,0.6,0.8571,0.6383,0.782,15,43,6,10,0.7838,0.6,0.8776,0.6522,0.7878,11,39,10,14,0.6757,0.44,0.7959,0.4783,0.7494,14,41,8,11,0.7432,0.56,0.8367,0.5957,0.7706,16,38,11,9,0.7297,0.64,0.7755,0.6154,0.769,14,39,10,11,0.7162,0.56,0.7959,0.5714,0.7927,23,46,2,4,0.92,0.8519,0.9583,0.8846,0.9336,20,44,4,7,0.8533,0.7407,0.9167,0.7843,0.9398,17,47,1,10,0.8533,0.6296,0.9792,0.7556,0.8796,21,44,4,6,0.8667,0.7778,0.9167,0.8077,0.9267,17,43,5,10,0.8,0.6296,0.8958,0.6939,0.9097,23,45,3,4,0.9067,0.8519,0.9375,0.8679,0.9398,16,44,4,11,0.8,0.5926,0.9167,0.6809,0.8866
873,23,32,15,4,0.7432,0.8519,0.6809,0.7077,0.8211,20,36,11,7,0.7568,0.7407,0.766,0.6897,0.788,20,39,8,7,0.7973,0.7407,0.8298,0.7273,0.8361,18,37,10,9,0.7432,0.6667,0.7872,0.6545,0.7849,19,38,9,8,0.7703,0.7037,0.8085,0.6909,0.7975,20,41,6,7,0.8243,0.7407,0.8723,0.7547,0.8235,19,38,9,8,0.7703,0.7037,0.8085,0.6909,0.7928,20,49,2,4,0.92,0.8333,0.9608,0.8696,0.9436,15,49,2,9,0.8533,0.625,0.9608,0.7317,0.9444,14,50,1,10,0.8533,0.5833,0.9804,0.7179,0.8464,19,49,2,5,0.9067,0.7917,0.9608,0.8444,0.9338,17,48,3,7,0.8667,0.7083,0.9412,0.7727,0.9273,19,48,3,5,0.8933,0.7917,0.9412,0.8261,0.9248,13,49,2,11,0.8267,0.5417,0.9608,0.6667,0.9069
874,31,31,11,1,0.8378,0.9688,0.7381,0.8378,0.933,26,34,8,6,0.8108,0.8125,0.8095,0.7879,0.8519,24,37,5,8,0.8243,0.75,0.881,0.7869,0.8832,23,33,9,9,0.7568,0.7188,0.7857,0.7188,0.8557,23,36,6,9,0.7973,0.7188,0.8571,0.7541,0.8504,28,36,6,4,0.8649,0.875,0.8571,0.8485,0.9189,23,35,7,9,0.7838,0.7188,0.8333,0.7419,0.843,19,50,2,4,0.92,0.8261,0.9615,0.8636,0.9548,12,49,3,11,0.8133,0.5217,0.9423,0.6316,0.9649,12,52,0,11,0.8533,0.5217,1.0,0.6857,0.8294,15,47,5,8,0.8267,0.6522,0.9038,0.6977,0.9323,13,46,6,10,0.7867,0.5652,0.8846,0.619,0.9373,16,51,1,7,0.8933,0.6957,0.9808,0.8,0.9256,10,47,5,13,0.76,0.4348,0.9038,0.5263,0.9038
875,21,38,12,3,0.7973,0.875,0.76,0.7368,0.8667,17,42,8,7,0.7973,0.7083,0.84,0.6939,0.8317,19,45,5,5,0.8649,0.7917,0.9,0.7917,0.85,16,41,9,8,0.7703,0.6667,0.82,0.6531,0.8358,16,41,9,8,0.7703,0.6667,0.82,0.6531,0.83,18,44,6,6,0.8378,0.75,0.88,0.75,0.8525,16,42,8,8,0.7838,0.6667,0.84,0.6667,0.8308,16,56,0,3,0.96,0.8421,1.0,0.9143,0.9944,12,56,0,7,0.9067,0.6316,1.0,0.7742,0.9991,11,56,0,8,0.8933,0.5789,1.0,0.7333,0.8712,13,56,0,6,0.92,0.6842,1.0,0.8125,0.9915,13,56,0,6,0.92,0.6842,1.0,0.8125,0.9944,15,56,0,4,0.9467,0.7895,1.0,0.8824,0.9699,12,56,0,7,0.9067,0.6316,1.0,0.7742,0.985
876,26,31,12,5,0.7703,0.8387,0.7209,0.7536,0.877,25,38,5,6,0.8514,0.8065,0.8837,0.8197,0.8702,24,36,7,7,0.8108,0.7742,0.8372,0.7742,0.7847,24,34,9,7,0.7838,0.7742,0.7907,0.75,0.862,25,35,8,6,0.8108,0.8065,0.814,0.7812,0.8612,25,35,8,6,0.8108,0.8065,0.814,0.7812,0.8237,25,35,8,6,0.8108,0.8065,0.814,0.7812,0.8597,18,48,6,3,0.88,0.8571,0.8889,0.8,0.8871,11,46,8,10,0.76,0.5238,0.8519,0.55,0.8748,10,51,3,11,0.8133,0.4762,0.9444,0.5882,0.8219,13,45,9,8,0.7733,0.619,0.8333,0.6047,0.8571,12,45,9,9,0.76,0.5714,0.8333,0.5714,0.8483,17,49,5,4,0.88,0.8095,0.9074,0.7907,0.881,10,45,9,11,0.7333,0.4762,0.8333,0.5,0.8139
877,17,34,21,2,0.6892,0.8947,0.6182,0.5965,0.8316,14,43,12,5,0.7703,0.7368,0.7818,0.6222,0.8258,16,44,11,3,0.8108,0.8421,0.8,0.6957,0.8163,13,42,13,6,0.7432,0.6842,0.7636,0.5778,0.8182,14,40,15,5,0.7297,0.7368,0.7273,0.5833,0.8239,14,44,11,5,0.7838,0.7368,0.8,0.6364,0.8469,14,42,13,5,0.7568,0.7368,0.7636,0.6087,0.799,19,46,9,1,0.8667,0.95,0.8364,0.7917,0.95,15,48,7,5,0.84,0.75,0.8727,0.7143,0.96,14,53,2,6,0.8933,0.7,0.9636,0.7778,0.8927,16,46,9,4,0.8267,0.8,0.8364,0.7111,0.9536,16,45,10,4,0.8133,0.8,0.8182,0.6957,0.9455,18,47,8,2,0.8667,0.9,0.8545,0.7826,0.9264,15,46,9,5,0.8133,0.75,0.8364,0.6818,0.9227
878,18,42,10,4,0.8108,0.8182,0.8077,0.72,0.8566,16,44,8,6,0.8108,0.7273,0.8462,0.6957,0.8427,15,47,5,7,0.8378,0.6818,0.9038,0.7143,0.8121,15,42,10,7,0.7703,0.6818,0.8077,0.6383,0.8156,15,45,7,7,0.8108,0.6818,0.8654,0.6818,0.8339,18,47,5,4,0.8784,0.8182,0.9038,0.8,0.8619,15,45,7,7,0.8108,0.6818,0.8654,0.6818,0.8217,8,59,5,3,0.8933,0.7273,0.9219,0.6667,0.8168,5,59,5,6,0.8533,0.4545,0.9219,0.4762,0.831,5,61,3,6,0.88,0.4545,0.9531,0.5263,0.7173,5,59,5,6,0.8533,0.4545,0.9219,0.4762,0.7983,5,57,7,6,0.8267,0.4545,0.8906,0.4348,0.7855,8,57,7,3,0.8667,0.7273,0.8906,0.6154,0.8097,5,59,5,6,0.8533,0.4545,0.9219,0.4762,0.7486
879,25,33,14,2,0.7838,0.9259,0.7021,0.7576,0.922,22,38,9,5,0.8108,0.8148,0.8085,0.7586,0.8794,24,40,7,3,0.8649,0.8889,0.8511,0.8276,0.9346,22,34,13,5,0.7568,0.8148,0.7234,0.7097,0.8928,21,39,8,6,0.8108,0.7778,0.8298,0.75,0.8842,23,38,9,4,0.8243,0.8519,0.8085,0.7797,0.8999,21,36,11,6,0.7703,0.7778,0.766,0.7119,0.8172,20,46,6,3,0.88,0.8696,0.8846,0.8163,0.8838,16,43,9,7,0.7867,0.6957,0.8269,0.6667,0.8888,17,49,3,6,0.88,0.7391,0.9423,0.7907,0.8411,17,41,11,6,0.7733,0.7391,0.7885,0.6667,0.8687,17,39,13,6,0.7467,0.7391,0.75,0.6415,0.8595,19,46,6,4,0.8667,0.8261,0.8846,0.7917,0.8779,16,41,11,7,0.76,0.6957,0.7885,0.64,0.8094
880,15,37,18,4,0.7027,0.7895,0.6727,0.5769,0.8057,13,40,15,6,0.7162,0.6842,0.7273,0.5532,0.7512,11,47,8,8,0.7838,0.5789,0.8545,0.5789,0.7388,12,38,17,7,0.6757,0.6316,0.6909,0.5,0.7569,12,37,18,7,0.6622,0.6316,0.6727,0.4898,0.7522,14,44,11,5,0.7838,0.7368,0.8,0.6364,0.7847,12,39,16,7,0.6892,0.6316,0.7091,0.5106,0.734,13,55,5,2,0.9067,0.8667,0.9167,0.7879,0.9378,11,55,5,4,0.88,0.7333,0.9167,0.7097,0.9367,11,58,2,4,0.92,0.7333,0.9667,0.7857,0.8733,11,54,6,4,0.8667,0.7333,0.9,0.6875,0.9233,11,53,7,4,0.8533,0.7333,0.8833,0.6667,0.9189,13,55,5,2,0.9067,0.8667,0.9167,0.7879,0.93,11,54,6,4,0.8667,0.7333,0.9,0.6875,0.8933
881,26,30,17,1,0.7568,0.963,0.6383,0.7429,0.9054,21,36,11,6,0.7703,0.7778,0.766,0.7119,0.8038,22,39,8,5,0.8243,0.8148,0.8298,0.7719,0.9125,19,32,15,8,0.6892,0.7037,0.6809,0.623,0.8156,19,37,10,8,0.7568,0.7037,0.7872,0.6786,0.8195,21,35,12,6,0.7568,0.7778,0.7447,0.7,0.8511,19,32,15,8,0.6892,0.7037,0.6809,0.623,0.7581,29,38,7,1,0.8933,0.9667,0.8444,0.8788,0.9244,19,39,6,11,0.7733,0.6333,0.8667,0.6909,0.9237,19,43,2,11,0.8267,0.6333,0.9556,0.7451,0.9281,24,38,7,6,0.8267,0.8,0.8444,0.7869,0.9141,22,38,7,8,0.8,0.7333,0.8444,0.7458,0.9096,28,39,6,2,0.8933,0.9333,0.8667,0.875,0.9326,17,38,7,13,0.7333,0.5667,0.8444,0.6296,0.8815
882,25,32,14,3,0.7703,0.8929,0.6957,0.7463,0.9022,23,37,9,5,0.8108,0.8214,0.8043,0.7667,0.8665,22,41,5,6,0.8514,0.7857,0.8913,0.8,0.8913,22,38,8,6,0.8108,0.7857,0.8261,0.7586,0.8587,22,36,10,6,0.7838,0.7857,0.7826,0.7333,0.8587,22,40,6,6,0.8378,0.7857,0.8696,0.7857,0.9022,22,38,8,6,0.8108,0.7857,0.8261,0.7586,0.8416,16,52,5,2,0.9067,0.8889,0.9123,0.8205,0.9279,10,51,6,8,0.8133,0.5556,0.8947,0.5882,0.9152,11,56,1,7,0.8933,0.6111,0.9825,0.7333,0.8879,13,50,7,5,0.84,0.7222,0.8772,0.6842,0.8986,12,50,7,6,0.8267,0.6667,0.8772,0.6486,0.9016,16,53,4,2,0.92,0.8889,0.9298,0.8421,0.9337,9,50,7,9,0.7867,0.5,0.8772,0.5294,0.8626
883,19,43,8,4,0.8378,0.8261,0.8431,0.76,0.8738,14,41,10,9,0.7432,0.6087,0.8039,0.5957,0.7323,17,47,4,6,0.8649,0.7391,0.9216,0.7727,0.8832,12,39,12,11,0.6892,0.5217,0.7647,0.5106,0.7136,12,45,6,11,0.7703,0.5217,0.8824,0.5854,0.6931,13,44,7,10,0.7703,0.5652,0.8627,0.6047,0.8193,12,44,7,11,0.7568,0.5217,0.8627,0.5714,0.7246,16,52,4,3,0.9067,0.8421,0.9286,0.8205,0.8769,12,51,5,7,0.84,0.6316,0.9107,0.6667,0.8816,13,55,1,6,0.9067,0.6842,0.9821,0.7879,0.7895,14,51,5,5,0.8667,0.7368,0.9107,0.7368,0.8703,14,51,5,5,0.8667,0.7368,0.9107,0.7368,0.8459,15,52,4,4,0.8933,0.7895,0.9286,0.7895,0.8637,12,51,5,7,0.84,0.6316,0.9107,0.6667,0.8299
884,24,30,17,3,0.7297,0.8889,0.6383,0.7059,0.8842,20,39,8,7,0.7973,0.7407,0.8298,0.7273,0.8353,23,40,7,4,0.8514,0.8519,0.8511,0.807,0.8771,20,34,13,7,0.7297,0.7407,0.7234,0.6667,0.8361,20,37,10,7,0.7703,0.7407,0.7872,0.7018,0.8471,22,36,11,5,0.7838,0.8148,0.766,0.7333,0.8251,20,35,12,7,0.7432,0.7407,0.7447,0.678,0.8172,17,47,7,4,0.8533,0.8095,0.8704,0.7556,0.9286,15,47,7,6,0.8267,0.7143,0.8704,0.6977,0.9356,15,51,3,6,0.88,0.7143,0.9444,0.7692,0.8501,16,46,8,5,0.8267,0.7619,0.8519,0.7111,0.918,16,44,10,5,0.8,0.7619,0.8148,0.6809,0.9127,16,46,8,5,0.8267,0.7619,0.8519,0.7111,0.9153,15,46,8,6,0.8133,0.7143,0.8519,0.6818,0.8915
885,23,40,9,2,0.8514,0.92,0.8163,0.807,0.9069,18,40,9,7,0.7838,0.72,0.8163,0.6923,0.8694,21,44,5,4,0.8784,0.84,0.898,0.8235,0.8947,19,40,9,6,0.7973,0.76,0.8163,0.717,0.8849,18,41,8,7,0.7973,0.72,0.8367,0.7059,0.8702,19,43,6,6,0.8378,0.76,0.8776,0.76,0.9135,18,42,7,7,0.8108,0.72,0.8571,0.72,0.8792,20,48,4,3,0.9067,0.8696,0.9231,0.8511,0.949,16,48,4,7,0.8533,0.6957,0.9231,0.7442,0.9599,12,50,2,11,0.8267,0.5217,0.9615,0.6486,0.8796,17,47,5,6,0.8533,0.7391,0.9038,0.7556,0.9507,15,47,5,8,0.8267,0.6522,0.9038,0.6977,0.949,20,49,3,3,0.92,0.8696,0.9423,0.8696,0.9507,14,47,5,9,0.8133,0.6087,0.9038,0.6667,0.9415
886,22,36,11,5,0.7838,0.8148,0.766,0.7333,0.8511,18,38,9,9,0.7568,0.6667,0.8085,0.6667,0.8117,19,43,4,8,0.8378,0.7037,0.9149,0.76,0.8243,18,39,8,9,0.7703,0.6667,0.8298,0.6792,0.7967,18,41,6,9,0.7973,0.6667,0.8723,0.7059,0.8101,21,41,6,6,0.8378,0.7778,0.8723,0.7778,0.8424,18,40,7,9,0.7838,0.6667,0.8511,0.6923,0.8046,16,52,5,2,0.9067,0.8889,0.9123,0.8205,0.9142,12,52,5,6,0.8533,0.6667,0.9123,0.6857,0.9162,12,55,2,6,0.8933,0.6667,0.9649,0.75,0.7924,13,49,8,5,0.8267,0.7222,0.8596,0.6667,0.8986,13,48,9,5,0.8133,0.7222,0.8421,0.65,0.8908,14,54,3,4,0.9067,0.7778,0.9474,0.8,0.8733,12,49,8,6,0.8133,0.6667,0.8596,0.6316,0.8645
887,25,31,18,0,0.7568,1.0,0.6327,0.7353,0.951,24,35,14,1,0.7973,0.96,0.7143,0.7619,0.9069,23,44,5,2,0.9054,0.92,0.898,0.8679,0.9559,22,36,13,3,0.7838,0.88,0.7347,0.7333,0.9167,24,38,11,1,0.8378,0.96,0.7755,0.8,0.9265,23,41,8,2,0.8649,0.92,0.8367,0.8214,0.9673,24,38,11,1,0.8378,0.96,0.7755,0.8,0.8784,17,51,5,2,0.9067,0.8947,0.9107,0.8293,0.9408,9,50,6,10,0.7867,0.4737,0.8929,0.5294,0.9342,10,55,1,9,0.8667,0.5263,0.9821,0.6667,0.938,14,49,7,5,0.84,0.7368,0.875,0.7,0.9192,13,48,8,6,0.8133,0.6842,0.8571,0.65,0.9201,16,51,5,3,0.8933,0.8421,0.9107,0.8,0.9492,8,49,7,11,0.76,0.4211,0.875,0.4706,0.8788
888,24,33,16,1,0.7703,0.96,0.6735,0.7385,0.8857,18,37,12,7,0.7432,0.72,0.7551,0.6545,0.7845,20,41,8,5,0.8243,0.8,0.8367,0.7547,0.902,17,37,12,8,0.7297,0.68,0.7551,0.6296,0.7918,16,38,11,9,0.7297,0.64,0.7755,0.6154,0.7959,21,40,9,4,0.8243,0.84,0.8163,0.7636,0.8906,16,39,10,9,0.7432,0.64,0.7959,0.6275,0.7641,14,49,6,6,0.84,0.7,0.8909,0.7,0.8564,13,49,6,7,0.8267,0.65,0.8909,0.6667,0.8827,10,51,4,10,0.8133,0.5,0.9273,0.5882,0.7427,14,48,7,6,0.8267,0.7,0.8727,0.6829,0.8555,12,47,8,8,0.7867,0.6,0.8545,0.6,0.8491,14,49,6,6,0.84,0.7,0.8909,0.7,0.8709,11,48,7,9,0.7867,0.55,0.8727,0.5789,0.8045
889,29,29,14,2,0.7838,0.9355,0.6744,0.7838,0.8837,19,35,8,12,0.7297,0.6129,0.814,0.6552,0.8372,26,36,7,5,0.8378,0.8387,0.8372,0.8125,0.8792,19,33,10,12,0.7027,0.6129,0.7674,0.6333,0.8402,18,35,8,13,0.7162,0.5806,0.814,0.6316,0.8132,20,36,7,11,0.7568,0.6452,0.8372,0.6897,0.8702,18,34,9,13,0.7027,0.5806,0.7907,0.6207,0.8155,23,44,5,3,0.8933,0.8846,0.898,0.8519,0.9066,14,43,6,12,0.76,0.5385,0.8776,0.6087,0.8956,12,47,2,14,0.7867,0.4615,0.9592,0.6,0.8548,16,42,7,10,0.7733,0.6154,0.8571,0.6531,0.8807,15,41,8,11,0.7467,0.5769,0.8367,0.6122,0.8728,22,44,5,4,0.88,0.8462,0.898,0.8302,0.8972,13,42,7,13,0.7333,0.5,0.8571,0.5652,0.8281
890,21,38,12,3,0.7973,0.875,0.76,0.7368,0.8617,18,42,8,6,0.8108,0.75,0.84,0.72,0.845,18,44,6,6,0.8378,0.75,0.88,0.75,0.8175,14,43,7,10,0.7703,0.5833,0.86,0.6222,0.8408,18,43,7,6,0.8243,0.75,0.86,0.7347,0.8467,19,41,9,5,0.8108,0.7917,0.82,0.7308,0.8658,18,43,7,6,0.8243,0.75,0.86,0.7347,0.8442,12,54,5,4,0.88,0.75,0.9153,0.7273,0.8697,9,54,5,7,0.84,0.5625,0.9153,0.6,0.8771,10,56,3,6,0.88,0.625,0.9492,0.6897,0.7871,11,54,5,5,0.8667,0.6875,0.9153,0.6875,0.8623,11,53,6,5,0.8533,0.6875,0.8983,0.6667,0.8602,11,53,6,5,0.8533,0.6875,0.8983,0.6667,0.8538,9,54,5,7,0.84,0.5625,0.9153,0.6,0.8104
891,21,40,12,1,0.8243,0.9545,0.7692,0.7636,0.9423,21,44,8,1,0.8784,0.9545,0.8462,0.8235,0.9353,18,48,4,4,0.8919,0.8182,0.9231,0.8182,0.8829,19,46,6,3,0.8784,0.8636,0.8846,0.8085,0.9397,20,46,6,2,0.8919,0.9091,0.8846,0.8333,0.9397,21,47,5,1,0.9189,0.9545,0.9038,0.875,0.9554,20,46,6,2,0.8919,0.9091,0.8846,0.8333,0.9266,13,55,5,2,0.9067,0.8667,0.9167,0.7879,0.9533,11,54,6,4,0.8667,0.7333,0.9,0.6875,0.9489,10,57,3,5,0.8933,0.6667,0.95,0.7143,0.9111,11,53,7,4,0.8533,0.7333,0.8833,0.6667,0.9333,10,52,8,5,0.8267,0.6667,0.8667,0.6061,0.9367,13,55,5,2,0.9067,0.8667,0.9167,0.7879,0.9511,10,53,7,5,0.84,0.6667,0.8833,0.625,0.9133
892,26,23,21,4,0.6622,0.8667,0.5227,0.6753,0.8189,23,31,13,7,0.7297,0.7667,0.7045,0.697,0.7773,22,36,8,8,0.7838,0.7333,0.8182,0.7333,0.7962,22,29,15,8,0.6892,0.7333,0.6591,0.6567,0.7848,21,30,14,9,0.6892,0.7,0.6818,0.6462,0.778,24,29,15,6,0.7162,0.8,0.6591,0.6957,0.7667,21,29,15,9,0.6757,0.7,0.6591,0.6364,0.7212,13,54,6,2,0.8933,0.8667,0.9,0.7647,0.9044,8,53,7,7,0.8133,0.5333,0.8833,0.5333,0.8922,6,58,2,9,0.8533,0.4,0.9667,0.5217,0.8067,10,53,7,5,0.84,0.6667,0.8833,0.625,0.8878,7,53,7,8,0.8,0.4667,0.8833,0.4828,0.8744,12,54,6,3,0.88,0.8,0.9,0.7273,0.8822,5,53,7,10,0.7733,0.3333,0.8833,0.3704,0.8567
893,22,34,15,3,0.7568,0.88,0.6939,0.7097,0.8727,19,38,11,6,0.7703,0.76,0.7755,0.6909,0.8441,21,46,3,4,0.9054,0.84,0.9388,0.8571,0.9012,18,37,12,7,0.7432,0.72,0.7551,0.6545,0.8449,19,42,7,6,0.8243,0.76,0.8571,0.7451,0.8506,20,38,11,5,0.7838,0.8,0.7755,0.7143,0.8694,19,39,10,6,0.7838,0.76,0.7959,0.7037,0.822,20,49,6,0,0.92,1.0,0.8909,0.8696,0.9755,16,51,4,4,0.8933,0.8,0.9273,0.8,0.98,16,55,0,4,0.9467,0.8,1.0,0.8889,0.9627,18,49,6,2,0.8933,0.9,0.8909,0.8182,0.9727,17,49,6,3,0.88,0.85,0.8909,0.7907,0.9682,19,51,4,1,0.9333,0.95,0.9273,0.8837,0.9736,15,49,6,5,0.8533,0.75,0.8909,0.7317,0.9564
894,21,37,13,3,0.7838,0.875,0.74,0.7241,0.88,20,39,11,4,0.7973,0.8333,0.78,0.7273,0.8383,18,44,6,6,0.8378,0.75,0.88,0.75,0.8458,18,41,9,6,0.7973,0.75,0.82,0.7059,0.8517,18,44,6,6,0.8378,0.75,0.88,0.75,0.8325,17,42,8,7,0.7973,0.7083,0.84,0.6939,0.855,18,44,6,6,0.8378,0.75,0.88,0.75,0.8217,15,56,1,3,0.9467,0.8333,0.9825,0.8824,0.9435,9,54,3,9,0.84,0.5,0.9474,0.6,0.9386,9,57,0,9,0.88,0.5,1.0,0.6667,0.8938,11,53,4,7,0.8533,0.6111,0.9298,0.6667,0.9211,9,53,4,9,0.8267,0.5,0.9298,0.5806,0.9191,14,57,0,4,0.9467,0.7778,1.0,0.875,0.9386,7,53,4,11,0.8,0.3889,0.9298,0.4828,0.8801
895,24,31,17,2,0.7432,0.9231,0.6458,0.7164,0.8926,21,37,11,5,0.7838,0.8077,0.7708,0.7241,0.8494,20,40,8,6,0.8108,0.7692,0.8333,0.7407,0.8349,21,37,11,5,0.7838,0.8077,0.7708,0.7241,0.8462,21,36,12,5,0.7703,0.8077,0.75,0.7119,0.8502,23,41,7,3,0.8649,0.8846,0.8542,0.8214,0.9095,21,37,11,5,0.7838,0.8077,0.7708,0.7241,0.8325,11,52,6,6,0.84,0.6471,0.8966,0.6471,0.8469,7,51,7,10,0.7733,0.4118,0.8793,0.4516,0.8884,6,54,4,11,0.8,0.3529,0.931,0.4444,0.7718,8,51,7,9,0.7867,0.4706,0.8793,0.5,0.8631,8,50,8,9,0.7733,0.4706,0.8621,0.4848,0.856,9,51,7,8,0.8,0.5294,0.8793,0.5455,0.8387,7,51,7,10,0.7733,0.4118,0.8793,0.4516,0.8215
896,22,32,18,2,0.7297,0.9167,0.64,0.6875,0.8783,19,38,12,5,0.7703,0.7917,0.76,0.6909,0.8175,20,44,6,4,0.8649,0.8333,0.88,0.8,0.9117,17,35,15,7,0.7027,0.7083,0.7,0.6071,0.8192,18,41,9,6,0.7973,0.75,0.82,0.7059,0.8292,20,36,14,4,0.7568,0.8333,0.72,0.6897,0.87,18,37,13,6,0.7432,0.75,0.74,0.6545,0.8133,23,47,4,1,0.9333,0.9583,0.9216,0.902,0.9379,15,49,2,9,0.8533,0.625,0.9608,0.7317,0.9461,17,50,1,7,0.8933,0.7083,0.9804,0.8095,0.8636,18,47,4,6,0.8667,0.75,0.9216,0.7826,0.9387,18,46,5,6,0.8533,0.75,0.902,0.766,0.9248,20,48,3,4,0.9067,0.8333,0.9412,0.8511,0.9036,15,47,4,9,0.8267,0.625,0.9216,0.6977,0.9142
897,24,34,16,0,0.7838,1.0,0.68,0.75,0.94,17,45,5,7,0.8378,0.7083,0.9,0.7391,0.8883,21,44,6,3,0.8784,0.875,0.88,0.8235,0.9533,17,44,6,7,0.8243,0.7083,0.88,0.7234,0.8817,15,43,7,9,0.7838,0.625,0.86,0.6522,0.8525,19,42,8,5,0.8243,0.7917,0.84,0.7451,0.9083,15,44,6,9,0.7973,0.625,0.88,0.6667,0.8858,15,47,7,6,0.8267,0.7143,0.8704,0.6977,0.8704,13,46,8,8,0.7867,0.619,0.8519,0.619,0.8545,6,50,4,15,0.7467,0.2857,0.9259,0.3871,0.7363,13,45,9,8,0.7733,0.619,0.8333,0.6047,0.8316,6,43,11,15,0.6533,0.2857,0.7963,0.3158,0.8122,13,46,8,8,0.7867,0.619,0.8519,0.619,0.8104,6,45,9,15,0.68,0.2857,0.8333,0.3333,0.791
898,29,31,10,4,0.8108,0.8788,0.7561,0.8056,0.8241,22,32,9,11,0.7297,0.6667,0.7805,0.6875,0.7967,23,39,2,10,0.8378,0.697,0.9512,0.7931,0.8234,19,34,7,14,0.7162,0.5758,0.8293,0.6441,0.7783,20,36,5,13,0.7568,0.6061,0.878,0.6897,0.7997,24,35,6,9,0.7973,0.7273,0.8537,0.7619,0.8278,20,36,5,13,0.7568,0.6061,0.878,0.6897,0.8137,15,56,4,0,0.9467,1.0,0.9333,0.8824,0.9756,12,55,5,3,0.8933,0.8,0.9167,0.75,0.9611,10,59,1,5,0.92,0.6667,0.9833,0.7692,0.9011,13,55,5,2,0.9067,0.8667,0.9167,0.7879,0.9633,12,52,8,3,0.8533,0.8,0.8667,0.6857,0.9533,13,53,7,2,0.88,0.8667,0.8833,0.7429,0.9122,11,55,5,4,0.88,0.7333,0.9167,0.7097,0.9356
899,26,32,14,2,0.7838,0.9286,0.6957,0.7647,0.9154,21,35,11,7,0.7568,0.75,0.7609,0.7,0.8245,22,39,7,6,0.8243,0.7857,0.8478,0.7719,0.8657,20,37,9,8,0.7703,0.7143,0.8043,0.7018,0.847,20,38,8,8,0.7838,0.7143,0.8261,0.7143,0.8238,20,38,8,8,0.7838,0.7143,0.8261,0.7143,0.875,20,38,8,8,0.7838,0.7143,0.8261,0.7143,0.8036,13,50,9,3,0.84,0.8125,0.8475,0.6842,0.8909,9,50,9,7,0.7867,0.5625,0.8475,0.5294,0.8867,9,55,4,7,0.8533,0.5625,0.9322,0.6207,0.7871,10,49,10,6,0.7867,0.625,0.8305,0.5556,0.8591,10,46,13,6,0.7467,0.625,0.7797,0.5128,0.8506,13,48,11,3,0.8133,0.8125,0.8136,0.65,0.8771,9,49,10,7,0.7733,0.5625,0.8305,0.5143,0.8114
900,25,33,13,3,0.7838,0.8929,0.7174,0.7576,0.8517,20,35,11,8,0.7432,0.7143,0.7609,0.678,0.7477,22,40,6,6,0.8378,0.7857,0.8696,0.7857,0.8509,18,35,11,10,0.7162,0.6429,0.7609,0.6316,0.7609,18,34,12,10,0.7027,0.6429,0.7391,0.6207,0.7407,18,41,5,10,0.7973,0.6429,0.8913,0.7059,0.8168,18,35,11,10,0.7162,0.6429,0.7609,0.6316,0.7236,20,45,5,5,0.8667,0.8,0.9,0.8,0.9008,16,44,6,9,0.8,0.64,0.88,0.6809,0.9088,16,48,2,9,0.8533,0.64,0.96,0.7442,0.8272,18,43,7,7,0.8133,0.72,0.86,0.72,0.892,17,41,9,8,0.7733,0.68,0.82,0.6667,0.884,18,44,6,7,0.8267,0.72,0.88,0.7347,0.8744,15,43,7,10,0.7733,0.6,0.86,0.6383,0.856
901,23,37,13,1,0.8108,0.9583,0.74,0.7667,0.8933,20,38,12,4,0.7838,0.8333,0.76,0.7143,0.8358,20,42,8,4,0.8378,0.8333,0.84,0.7692,0.9108,17,38,12,7,0.7432,0.7083,0.76,0.6415,0.8283,19,40,10,5,0.7973,0.7917,0.8,0.717,0.8575,21,40,10,3,0.8243,0.875,0.8,0.7636,0.9067,19,39,11,5,0.7838,0.7917,0.78,0.7037,0.8508,18,47,6,4,0.8667,0.8182,0.8868,0.7826,0.9125,14,46,7,8,0.8,0.6364,0.8679,0.6512,0.9151,15,50,3,7,0.8667,0.6818,0.9434,0.75,0.7564,15,46,7,7,0.8133,0.6818,0.8679,0.6818,0.9117,15,45,8,7,0.8,0.6818,0.8491,0.6667,0.8928,15,46,7,7,0.8133,0.6818,0.8679,0.6818,0.8748,14,46,7,8,0.8,0.6364,0.8679,0.6512,0.8808
902,28,29,16,1,0.7703,0.9655,0.6444,0.7671,0.8812,20,37,8,9,0.7703,0.6897,0.8222,0.7018,0.8161,22,38,7,7,0.8108,0.7586,0.8444,0.7586,0.8651,18,37,8,11,0.7432,0.6207,0.8222,0.6545,0.7854,20,37,8,9,0.7703,0.6897,0.8222,0.7018,0.8184,21,37,8,8,0.7838,0.7241,0.8222,0.7241,0.8605,20,38,7,9,0.7838,0.6897,0.8444,0.7143,0.8184,16,49,7,3,0.8667,0.8421,0.875,0.7619,0.8872,11,51,5,8,0.8267,0.5789,0.9107,0.6286,0.9079,10,54,2,9,0.8533,0.5263,0.9643,0.6452,0.7603,12,49,7,7,0.8133,0.6316,0.875,0.6316,0.8835,10,49,7,9,0.7867,0.5263,0.875,0.5556,0.8759,14,51,5,5,0.8667,0.7368,0.9107,0.7368,0.8731,9,49,7,10,0.7733,0.4737,0.875,0.5143,0.8553
903,23,32,17,2,0.7432,0.92,0.6531,0.7077,0.8286,16,37,12,9,0.7162,0.64,0.7551,0.6038,0.7494,21,43,6,4,0.8649,0.84,0.8776,0.8077,0.8473,18,36,13,7,0.7297,0.72,0.7347,0.6429,0.76,15,38,11,10,0.7162,0.6,0.7755,0.5882,0.7445,20,38,11,5,0.7838,0.8,0.7755,0.7143,0.8376,15,37,12,10,0.7027,0.6,0.7551,0.5769,0.7412,13,48,9,5,0.8133,0.7222,0.8421,0.65,0.8314,7,48,9,11,0.7333,0.3889,0.8421,0.4118,0.848,8,53,4,10,0.8133,0.4444,0.9298,0.5333,0.6657,10,46,11,8,0.7467,0.5556,0.807,0.5128,0.8187,10,46,11,8,0.7467,0.5556,0.807,0.5128,0.808,12,50,7,6,0.8267,0.6667,0.8772,0.6486,0.807,7,46,11,11,0.7067,0.3889,0.807,0.3889,0.7797
904,16,36,17,5,0.7027,0.7619,0.6792,0.5926,0.7574,10,41,12,11,0.6892,0.4762,0.7736,0.4651,0.7089,15,42,11,6,0.7703,0.7143,0.7925,0.6383,0.7601,10,39,14,11,0.6622,0.4762,0.7358,0.4444,0.7026,9,39,14,12,0.6486,0.4286,0.7358,0.4091,0.69,12,43,10,9,0.7432,0.5714,0.8113,0.5581,0.7161,9,40,13,12,0.6622,0.4286,0.7547,0.4186,0.7089,11,56,7,1,0.8933,0.9167,0.8889,0.7333,0.9299,9,54,9,3,0.84,0.75,0.8571,0.6,0.9325,7,58,5,5,0.8667,0.5833,0.9206,0.5833,0.9339,10,53,10,2,0.84,0.8333,0.8413,0.625,0.9259,9,52,11,3,0.8133,0.75,0.8254,0.5625,0.918,11,56,7,1,0.8933,0.9167,0.8889,0.7333,0.9286,8,53,10,4,0.8133,0.6667,0.8413,0.5333,0.8955
905,18,31,23,2,0.6622,0.9,0.5741,0.5902,0.9046,16,41,13,4,0.7703,0.8,0.7593,0.6531,0.8287,14,43,11,6,0.7703,0.7,0.7963,0.6222,0.7898,15,40,14,5,0.7432,0.75,0.7407,0.6122,0.8315,15,40,14,5,0.7432,0.75,0.7407,0.6122,0.8324,16,42,12,4,0.7838,0.8,0.7778,0.6667,0.8343,15,40,14,5,0.7432,0.75,0.7407,0.6122,0.8009,14,52,6,3,0.88,0.8235,0.8966,0.7568,0.9108,11,52,6,6,0.84,0.6471,0.8966,0.6471,0.9331,11,57,1,6,0.9067,0.6471,0.9828,0.7586,0.8834,13,50,8,4,0.84,0.7647,0.8621,0.6842,0.9077,13,47,11,4,0.8,0.7647,0.8103,0.6341,0.9067,13,51,7,4,0.8533,0.7647,0.8793,0.7027,0.9118,11,50,8,6,0.8133,0.6471,0.8621,0.6111,0.8692
906,23,39,8,4,0.8378,0.8519,0.8298,0.7931,0.911,17,42,5,10,0.7973,0.6296,0.8936,0.6939,0.8755,17,43,4,10,0.8108,0.6296,0.9149,0.7083,0.7589,17,39,8,10,0.7568,0.6296,0.8298,0.6538,0.8519,17,39,8,10,0.7568,0.6296,0.8298,0.6538,0.8692,20,43,4,7,0.8514,0.7407,0.9149,0.7843,0.8511,17,41,6,10,0.7838,0.6296,0.8723,0.68,0.8432,11,52,10,2,0.84,0.8462,0.8387,0.6471,0.9045,7,54,8,6,0.8133,0.5385,0.871,0.5,0.9057,3,60,2,10,0.84,0.2308,0.9677,0.3333,0.7357,8,51,11,5,0.7867,0.6154,0.8226,0.5,0.8772,7,47,15,6,0.72,0.5385,0.7581,0.4,0.8474,9,51,11,4,0.8,0.6923,0.8226,0.5455,0.8375,6,51,11,7,0.76,0.4615,0.8226,0.4,0.8499
907,23,38,11,2,0.8243,0.92,0.7755,0.7797,0.889,19,40,9,6,0.7973,0.76,0.8163,0.717,0.862,19,44,5,6,0.8514,0.76,0.898,0.7755,0.8596,19,41,8,6,0.8108,0.76,0.8367,0.7308,0.8678,17,42,7,8,0.7973,0.68,0.8571,0.6939,0.8637,21,41,8,4,0.8378,0.84,0.8367,0.7778,0.8971,17,43,6,8,0.8108,0.68,0.8776,0.7083,0.8661,13,52,7,3,0.8667,0.8125,0.8814,0.7222,0.8464,9,50,9,7,0.7867,0.5625,0.8475,0.5294,0.8379,4,57,2,12,0.8133,0.25,0.9661,0.3636,0.7606,9,50,9,7,0.7867,0.5625,0.8475,0.5294,0.8242,5,50,9,11,0.7333,0.3125,0.8475,0.3333,0.803,12,52,7,4,0.8533,0.75,0.8814,0.6857,0.8242,5,50,9,11,0.7333,0.3125,0.8475,0.3333,0.7839
908,25,31,15,3,0.7568,0.8929,0.6739,0.7353,0.8773,22,37,9,6,0.7973,0.7857,0.8043,0.7458,0.8641,24,41,5,4,0.8784,0.8571,0.8913,0.8421,0.8843,22,38,8,6,0.8108,0.7857,0.8261,0.7586,0.8649,22,38,8,6,0.8108,0.7857,0.8261,0.7586,0.8812,23,39,7,5,0.8378,0.8214,0.8478,0.7931,0.8874,22,39,7,6,0.8243,0.7857,0.8478,0.7719,0.8579,15,56,1,3,0.9467,0.8333,0.9825,0.8824,0.9912,12,57,0,6,0.92,0.6667,1.0,0.8,1.0,11,57,0,7,0.9067,0.6111,1.0,0.7586,0.9084,15,56,1,3,0.9467,0.8333,0.9825,0.8824,0.9932,14,56,1,4,0.9333,0.7778,0.9825,0.8485,0.9961,15,57,0,3,0.96,0.8333,1.0,0.9091,0.9942,11,56,1,7,0.8933,0.6111,0.9825,0.7333,0.9834
909,24,33,15,2,0.7703,0.9231,0.6875,0.7385,0.8726,22,36,12,4,0.7838,0.8462,0.75,0.7333,0.8317,21,43,5,5,0.8649,0.8077,0.8958,0.8077,0.8718,21,34,14,5,0.7432,0.8077,0.7083,0.6885,0.863,21,38,10,5,0.7973,0.8077,0.7917,0.7368,0.863,23,39,9,3,0.8378,0.8846,0.8125,0.7931,0.8998,21,36,12,5,0.7703,0.8077,0.75,0.7119,0.8125,16,53,5,1,0.92,0.9412,0.9138,0.8421,0.9523,10,51,7,7,0.8133,0.5882,0.8793,0.5882,0.9442,9,56,2,8,0.8667,0.5294,0.9655,0.6429,0.932,13,51,7,4,0.8533,0.7647,0.8793,0.7027,0.9473,13,51,7,4,0.8533,0.7647,0.8793,0.7027,0.9361,15,53,5,2,0.9067,0.8824,0.9138,0.8108,0.9412,10,51,7,7,0.8133,0.5882,0.8793,0.5882,0.9178
910,19,37,15,3,0.7568,0.8636,0.7115,0.6786,0.8619,17,44,8,5,0.8243,0.7727,0.8462,0.7234,0.8322,16,43,9,6,0.7973,0.7273,0.8269,0.6809,0.7622,17,41,11,5,0.7838,0.7727,0.7885,0.68,0.8444,17,41,11,5,0.7838,0.7727,0.7885,0.68,0.8339,18,43,9,4,0.8243,0.8182,0.8269,0.7347,0.8121,17,41,11,5,0.7838,0.7727,0.7885,0.68,0.8077,20,48,3,4,0.9067,0.8333,0.9412,0.8511,0.8897,15,47,4,9,0.8267,0.625,0.9216,0.6977,0.8954,12,50,1,12,0.8267,0.5,0.9804,0.6486,0.826,16,47,4,8,0.84,0.6667,0.9216,0.7273,0.884,14,46,5,10,0.8,0.5833,0.902,0.6512,0.8546,20,47,4,4,0.8933,0.8333,0.9216,0.8333,0.8807,13,47,4,11,0.8,0.5417,0.9216,0.6341,0.8235
911,25,34,14,1,0.7973,0.9615,0.7083,0.7692,0.8934,22,39,9,4,0.8243,0.8462,0.8125,0.7719,0.8614,22,43,5,4,0.8784,0.8462,0.8958,0.8302,0.9255,20,38,10,6,0.7838,0.7692,0.7917,0.7143,0.9014,19,39,9,7,0.7838,0.7308,0.8125,0.7037,0.851,18,41,7,8,0.7973,0.6923,0.8542,0.7059,0.9022,19,38,10,7,0.7703,0.7308,0.7917,0.6909,0.8213,10,58,5,2,0.9067,0.8333,0.9206,0.7407,0.9061,7,59,4,5,0.88,0.5833,0.9365,0.6087,0.9246,6,62,1,6,0.9067,0.5,0.9841,0.6316,0.8624,8,58,5,4,0.88,0.6667,0.9206,0.64,0.8995,7,56,7,5,0.84,0.5833,0.8889,0.5385,0.8902,10,57,6,2,0.8933,0.8333,0.9048,0.7143,0.9021,6,58,5,6,0.8533,0.5,0.9206,0.5217,0.8519
912,25,34,11,4,0.7973,0.8621,0.7556,0.7692,0.8513,19,36,9,10,0.7432,0.6552,0.8,0.6667,0.7946,23,41,4,6,0.8649,0.7931,0.9111,0.8214,0.8414,20,37,8,9,0.7703,0.6897,0.8222,0.7018,0.8077,19,38,7,10,0.7703,0.6552,0.8444,0.6909,0.8107,22,40,5,7,0.8378,0.7586,0.8889,0.7857,0.836,19,39,6,10,0.7838,0.6552,0.8667,0.7037,0.8046,17,51,5,2,0.9067,0.8947,0.9107,0.8293,0.8947,12,51,5,7,0.84,0.6316,0.9107,0.6667,0.9013,13,52,4,6,0.8667,0.6842,0.9286,0.7222,0.8289,14,50,6,5,0.8533,0.7368,0.8929,0.7179,0.891,14,49,7,5,0.84,0.7368,0.875,0.7,0.8788,16,51,5,3,0.8933,0.8421,0.9107,0.8,0.8863,12,50,6,7,0.8267,0.6316,0.8929,0.6486,0.8571
913,16,38,17,3,0.7297,0.8421,0.6909,0.6154,0.866,14,45,10,5,0.7973,0.7368,0.8182,0.6512,0.8699,14,50,5,5,0.8649,0.7368,0.9091,0.7368,0.8651,14,43,12,5,0.7703,0.7368,0.7818,0.6222,0.8708,13,44,11,6,0.7703,0.6842,0.8,0.6047,0.8584,16,48,7,3,0.8649,0.8421,0.8727,0.7619,0.8928,13,43,12,6,0.7568,0.6842,0.7818,0.5909,0.8278,16,54,4,1,0.9333,0.9412,0.931,0.8649,0.9544,10,54,4,7,0.8533,0.5882,0.931,0.6452,0.9625,10,55,3,7,0.8667,0.5882,0.9483,0.6667,0.9219,13,54,4,4,0.8933,0.7647,0.931,0.7647,0.9604,12,53,5,5,0.8667,0.7059,0.9138,0.7059,0.9483,15,53,5,2,0.9067,0.8824,0.9138,0.8108,0.9381,9,54,4,8,0.84,0.5294,0.931,0.6,0.929
914,20,39,13,2,0.7973,0.9091,0.75,0.7273,0.8837,19,43,9,3,0.8378,0.8636,0.8269,0.76,0.8479,15,46,6,7,0.8243,0.6818,0.8846,0.6977,0.8392,15,40,12,7,0.7432,0.6818,0.7692,0.6122,0.8444,16,42,10,6,0.7838,0.7273,0.8077,0.6667,0.8287,16,45,7,6,0.8243,0.7273,0.8654,0.7111,0.8549,16,43,9,6,0.7973,0.7273,0.8269,0.6809,0.7946,20,47,4,4,0.8933,0.8333,0.9216,0.8333,0.915,11,46,5,13,0.76,0.4583,0.902,0.55,0.9077,9,50,1,15,0.7867,0.375,0.9804,0.5294,0.8105,13,45,6,11,0.7733,0.5417,0.8824,0.6047,0.8783,10,44,7,14,0.72,0.4167,0.8627,0.4878,0.8799,17,47,4,7,0.8533,0.7083,0.9216,0.7556,0.875,8,45,6,16,0.7067,0.3333,0.8824,0.4211,0.8619
915,25,24,20,5,0.6622,0.8333,0.5455,0.6667,0.8295,22,35,9,8,0.7703,0.7333,0.7955,0.7213,0.8061,21,33,11,9,0.7297,0.7,0.75,0.6774,0.7576,20,32,12,10,0.7027,0.6667,0.7273,0.6452,0.7924,21,32,12,9,0.7162,0.7,0.7273,0.6667,0.8159,24,31,13,6,0.7432,0.8,0.7045,0.7164,0.8015,21,33,11,9,0.7297,0.7,0.75,0.6774,0.7985,18,52,3,2,0.9333,0.9,0.9455,0.878,0.9764,14,53,2,6,0.8933,0.7,0.9636,0.7778,0.9836,15,55,0,5,0.9333,0.75,1.0,0.8571,0.9073,16,52,3,4,0.9067,0.8,0.9455,0.8205,0.98,16,51,4,4,0.8933,0.8,0.9273,0.8,0.9709,16,52,3,4,0.9067,0.8,0.9455,0.8205,0.9582,14,52,3,6,0.88,0.7,0.9455,0.7568,0.9455
916,19,38,14,3,0.7703,0.8636,0.7308,0.6909,0.9056,17,46,6,5,0.8514,0.7727,0.8846,0.7556,0.8794,17,46,6,5,0.8514,0.7727,0.8846,0.7556,0.8654,16,45,7,6,0.8243,0.7273,0.8654,0.7111,0.8724,16,45,7,6,0.8243,0.7273,0.8654,0.7111,0.8759,18,47,5,4,0.8784,0.8182,0.9038,0.8,0.8951,16,46,6,6,0.8378,0.7273,0.8846,0.7273,0.8488,21,47,6,1,0.9067,0.9545,0.8868,0.8571,0.9383,14,47,6,8,0.8133,0.6364,0.8868,0.6667,0.9254,13,51,2,9,0.8533,0.5909,0.9623,0.7027,0.8911,16,45,8,6,0.8133,0.7273,0.8491,0.6957,0.9014,14,42,11,8,0.7467,0.6364,0.7925,0.5957,0.8885,20,46,7,2,0.88,0.9091,0.8679,0.8163,0.9237,12,45,8,10,0.76,0.5455,0.8491,0.5714,0.8696
917,26,33,13,2,0.7973,0.9286,0.7174,0.7761,0.8859,19,39,7,9,0.7838,0.6786,0.8478,0.7037,0.8362,23,41,5,5,0.8649,0.8214,0.8913,0.8214,0.9099,18,38,8,10,0.7568,0.6429,0.8261,0.6667,0.8253,18,39,7,10,0.7703,0.6429,0.8478,0.6792,0.8455,23,40,6,5,0.8514,0.8214,0.8696,0.807,0.8882,18,40,6,10,0.7838,0.6429,0.8696,0.6923,0.823,17,52,3,3,0.92,0.85,0.9455,0.85,0.9282,11,49,6,9,0.8,0.55,0.8909,0.5946,0.9155,12,53,2,8,0.8667,0.6,0.9636,0.7059,0.8555,15,49,6,5,0.8533,0.75,0.8909,0.7317,0.9082,15,49,6,5,0.8533,0.75,0.8909,0.7317,0.9064,17,52,3,3,0.92,0.85,0.9455,0.85,0.9227,11,49,6,9,0.8,0.55,0.8909,0.5946,0.88
918,26,29,12,7,0.7432,0.7879,0.7073,0.7324,0.8078,23,37,4,10,0.8108,0.697,0.9024,0.7667,0.8078,21,39,2,12,0.8108,0.6364,0.9512,0.75,0.8248,19,35,6,14,0.7297,0.5758,0.8537,0.6552,0.7724,18,36,5,15,0.7297,0.5455,0.878,0.6429,0.7598,22,35,6,11,0.7703,0.6667,0.8537,0.7213,0.7864,18,35,6,15,0.7162,0.5455,0.8537,0.6316,0.7805,17,49,8,1,0.88,0.9444,0.8596,0.7907,0.9113,8,51,6,10,0.7867,0.4444,0.8947,0.5,0.925,10,54,3,8,0.8533,0.5556,0.9474,0.6452,0.8226,11,48,9,7,0.7867,0.6111,0.8421,0.5789,0.8996,11,47,10,7,0.7733,0.6111,0.8246,0.5641,0.9016,13,51,6,5,0.8533,0.7222,0.8947,0.7027,0.8733,8,48,9,10,0.7467,0.4444,0.8421,0.4571,0.8762
919,24,38,7,5,0.8378,0.8276,0.8444,0.8,0.8398,16,42,3,13,0.7838,0.5517,0.9333,0.6667,0.8322,19,43,2,10,0.8378,0.6552,0.9556,0.76,0.8153,14,41,4,15,0.7432,0.4828,0.9111,0.5957,0.8153,14,41,4,15,0.7432,0.4828,0.9111,0.5957,0.8161,20,42,3,9,0.8378,0.6897,0.9333,0.7692,0.8153,14,41,4,15,0.7432,0.4828,0.9111,0.5957,0.8261,14,53,5,3,0.8933,0.8235,0.9138,0.7778,0.9087,9,53,5,8,0.8267,0.5294,0.9138,0.5806,0.9178,7,56,2,10,0.84,0.4118,0.9655,0.5385,0.8022,10,51,7,7,0.8133,0.5882,0.8793,0.5882,0.8966,10,50,8,7,0.8,0.5882,0.8621,0.5714,0.8742,12,54,4,5,0.88,0.7059,0.931,0.7273,0.8834,9,51,7,8,0.8,0.5294,0.8793,0.5455,0.8641
920,31,23,16,4,0.7297,0.8857,0.5897,0.7561,0.8755,26,28,11,9,0.7297,0.7429,0.7179,0.7222,0.7993,25,31,8,10,0.7568,0.7143,0.7949,0.7353,0.8081,26,25,14,9,0.6892,0.7429,0.641,0.6933,0.819,25,28,11,10,0.7162,0.7143,0.7179,0.7042,0.8103,29,28,11,6,0.7703,0.8286,0.7179,0.7733,0.844,25,26,13,10,0.6892,0.7143,0.6667,0.6849,0.7282,15,53,3,4,0.9067,0.7895,0.9464,0.8108,0.8929,10,51,5,9,0.8133,0.5263,0.9107,0.5882,0.9004,12,54,2,7,0.88,0.6316,0.9643,0.7273,0.8195,13,51,5,6,0.8533,0.6842,0.9107,0.7027,0.8891,12,51,5,7,0.84,0.6316,0.9107,0.6667,0.8684,15,53,3,4,0.9067,0.7895,0.9464,0.8108,0.89,9,51,5,10,0.8,0.4737,0.9107,0.5455,0.8289
921,30,34,8,2,0.8649,0.9375,0.8095,0.8571,0.8958,24,36,6,8,0.8108,0.75,0.8571,0.7742,0.8452,25,39,3,7,0.8649,0.7812,0.9286,0.8333,0.8817,23,34,8,9,0.7703,0.7188,0.8095,0.7302,0.8415,23,36,6,9,0.7973,0.7188,0.8571,0.7541,0.8244,24,36,6,8,0.8108,0.75,0.8571,0.7742,0.8839,23,34,8,9,0.7703,0.7188,0.8095,0.7302,0.8311,14,56,4,1,0.9333,0.9333,0.9333,0.8485,0.9644,11,54,6,4,0.8667,0.7333,0.9,0.6875,0.9644,8,59,1,7,0.8933,0.5333,0.9833,0.6667,0.9689,11,53,7,4,0.8533,0.7333,0.8833,0.6667,0.9556,10,52,8,5,0.8267,0.6667,0.8667,0.6061,0.9522,14,56,4,1,0.9333,0.9333,0.9333,0.8485,0.9744,10,53,7,5,0.84,0.6667,0.8833,0.625,0.9411
922,19,35,19,1,0.7297,0.95,0.6481,0.6552,0.9185,16,45,9,4,0.8243,0.8,0.8333,0.7111,0.8759,16,45,9,4,0.8243,0.8,0.8333,0.7111,0.8769,14,43,11,6,0.7703,0.7,0.7963,0.6222,0.863,15,43,11,5,0.7838,0.75,0.7963,0.6522,0.887,16,45,9,4,0.8243,0.8,0.8333,0.7111,0.8833,15,44,10,5,0.7973,0.75,0.8148,0.6667,0.8824,21,45,5,4,0.88,0.84,0.9,0.8235,0.8664,11,45,5,14,0.7467,0.44,0.9,0.5366,0.8688,8,48,2,17,0.7467,0.32,0.96,0.4571,0.8392,15,43,7,10,0.7733,0.6,0.86,0.6383,0.8424,14,43,7,11,0.76,0.56,0.86,0.6087,0.8432,21,47,3,4,0.9067,0.84,0.94,0.8571,0.8816,10,43,7,15,0.7067,0.4,0.86,0.4762,0.8064
923,21,41,8,4,0.8378,0.84,0.8367,0.7778,0.9012,16,43,6,9,0.7973,0.64,0.8776,0.6809,0.8253,20,44,5,5,0.8649,0.8,0.898,0.8,0.8612,16,40,9,9,0.7568,0.64,0.8163,0.64,0.822,16,44,5,9,0.8108,0.64,0.898,0.6957,0.8057,16,42,7,9,0.7838,0.64,0.8571,0.6667,0.858,16,42,7,9,0.7838,0.64,0.8571,0.6667,0.8433,16,50,4,5,0.88,0.7619,0.9259,0.7805,0.8871,11,50,4,10,0.8133,0.5238,0.9259,0.6111,0.8977,10,54,0,11,0.8533,0.4762,1.0,0.6452,0.8104,12,49,5,9,0.8133,0.5714,0.9074,0.6316,0.8721,11,49,5,10,0.8,0.5238,0.9074,0.5946,0.8519,16,51,3,5,0.8933,0.7619,0.9444,0.8,0.8827,10,49,5,11,0.7867,0.4762,0.9074,0.5556,0.8113
924,28,34,8,4,0.8378,0.875,0.8095,0.8235,0.8884,23,34,8,9,0.7703,0.7188,0.8095,0.7302,0.8251,26,38,4,6,0.8649,0.8125,0.9048,0.8387,0.8936,23,34,8,9,0.7703,0.7188,0.8095,0.7302,0.817,22,36,6,10,0.7838,0.6875,0.8571,0.7333,0.8028,24,38,4,8,0.8378,0.75,0.9048,0.8,0.8743,22,36,6,10,0.7838,0.6875,0.8571,0.7333,0.8192,20,43,4,8,0.84,0.7143,0.9149,0.7692,0.9134,12,45,2,16,0.76,0.4286,0.9574,0.5714,0.9384,11,46,1,17,0.76,0.3929,0.9787,0.55,0.7865,15,43,4,13,0.7733,0.5357,0.9149,0.6383,0.9149,14,43,4,14,0.76,0.5,0.9149,0.6087,0.9012,19,45,2,9,0.8533,0.6786,0.9574,0.7755,0.9202,11,43,4,17,0.72,0.3929,0.9149,0.5116,0.8609
925,20,42,11,1,0.8378,0.9524,0.7925,0.7692,0.9254,16,48,5,5,0.8649,0.7619,0.9057,0.7619,0.9039,18,51,2,3,0.9324,0.8571,0.9623,0.878,0.9111,15,45,8,6,0.8108,0.7143,0.8491,0.6818,0.8877,16,49,4,5,0.8784,0.7619,0.9245,0.7805,0.9272,16,48,5,5,0.8649,0.7619,0.9057,0.7619,0.9093,16,47,6,5,0.8514,0.7619,0.8868,0.7442,0.8805,19,50,5,1,0.92,0.95,0.9091,0.8636,0.9582,14,51,4,6,0.8667,0.7,0.9273,0.7368,0.9691,12,53,2,8,0.8667,0.6,0.9636,0.7059,0.8964,15,50,5,5,0.8667,0.75,0.9091,0.75,0.9636,14,50,5,6,0.8533,0.7,0.9091,0.7179,0.9564,17,51,4,3,0.9067,0.85,0.9273,0.8293,0.9527,13,50,5,7,0.84,0.65,0.9091,0.6842,0.9445
926,20,29,24,1,0.6622,0.9524,0.5472,0.6154,0.8607,15,38,15,6,0.7162,0.7143,0.717,0.5882,0.779,15,46,7,6,0.8243,0.7143,0.8679,0.6977,0.9021,13,36,17,8,0.6622,0.619,0.6792,0.5098,0.7673,14,37,16,7,0.6892,0.6667,0.6981,0.549,0.7484,17,38,15,4,0.7432,0.8095,0.717,0.6415,0.876,14,36,17,7,0.6757,0.6667,0.6792,0.5385,0.7799,16,54,5,0,0.9333,1.0,0.9153,0.8649,0.9576,10,52,7,6,0.8267,0.625,0.8814,0.6061,0.929,8,56,3,8,0.8533,0.5,0.9492,0.5926,0.8379,11,52,7,5,0.84,0.6875,0.8814,0.6471,0.9354,10,51,8,6,0.8133,0.625,0.8644,0.5882,0.9227,13,53,6,3,0.88,0.8125,0.8983,0.7429,0.8739,9,52,7,7,0.8133,0.5625,0.8814,0.5625,0.9131
927,23,32,16,3,0.7432,0.8846,0.6667,0.7077,0.8117,16,40,8,10,0.7568,0.6154,0.8333,0.64,0.7684,17,44,4,9,0.8243,0.6538,0.9167,0.7234,0.7869,14,37,11,12,0.6892,0.5385,0.7708,0.549,0.7468,14,39,9,12,0.7162,0.5385,0.8125,0.5714,0.7268,18,40,8,8,0.7838,0.6923,0.8333,0.6923,0.8109,14,37,11,12,0.6892,0.5385,0.7708,0.549,0.7484,20,47,5,3,0.8933,0.8696,0.9038,0.8333,0.903,13,47,5,10,0.8,0.5652,0.9038,0.6341,0.913,13,50,2,10,0.84,0.5652,0.9615,0.6842,0.8846,17,46,6,6,0.84,0.7391,0.8846,0.7391,0.9038,16,46,6,7,0.8267,0.6957,0.8846,0.7111,0.8988,19,48,4,4,0.8933,0.8261,0.9231,0.8261,0.9122,12,46,6,11,0.7733,0.5217,0.8846,0.5854,0.8679
928,28,32,12,2,0.8108,0.9333,0.7273,0.8,0.8879,24,36,8,6,0.8108,0.8,0.8182,0.7742,0.8591,24,40,4,6,0.8649,0.8,0.9091,0.8276,0.8879,19,34,10,11,0.7162,0.6333,0.7727,0.6441,0.8333,21,38,6,9,0.7973,0.7,0.8636,0.7368,0.8598,23,37,7,7,0.8108,0.7667,0.8409,0.7667,0.8697,21,36,8,9,0.7703,0.7,0.8182,0.7119,0.8318,18,48,6,3,0.88,0.8571,0.8889,0.8,0.925,13,49,5,8,0.8267,0.619,0.9074,0.6667,0.9374,14,53,1,7,0.8933,0.6667,0.9815,0.7778,0.8748,15,47,7,6,0.8267,0.7143,0.8704,0.6977,0.9162,15,46,8,6,0.8133,0.7143,0.8519,0.6818,0.9101,17,49,5,4,0.88,0.8095,0.9074,0.7907,0.925,13,47,7,8,0.8,0.619,0.8704,0.6341,0.8959
929,24,38,11,1,0.8378,0.96,0.7755,0.8,0.9167,19,38,11,6,0.7703,0.76,0.7755,0.6909,0.8776,23,45,4,2,0.9189,0.92,0.9184,0.8846,0.9396,20,37,12,5,0.7703,0.8,0.7551,0.7018,0.9012,19,40,9,6,0.7973,0.76,0.8163,0.717,0.8955,20,41,8,5,0.8243,0.8,0.8367,0.7547,0.9086,19,40,9,6,0.7973,0.76,0.8163,0.717,0.8767,24,42,6,3,0.88,0.8889,0.875,0.8421,0.9043,17,43,5,10,0.8,0.6296,0.8958,0.6939,0.9159,16,44,4,11,0.8,0.5926,0.9167,0.6809,0.8688,20,41,7,7,0.8133,0.7407,0.8542,0.7407,0.902,19,41,7,8,0.8,0.7037,0.8542,0.717,0.8974,24,44,4,3,0.9067,0.8889,0.9167,0.8727,0.9136,16,41,7,11,0.76,0.5926,0.8542,0.64,0.8611
930,16,32,19,7,0.6486,0.6957,0.6275,0.5517,0.7195,14,37,14,9,0.6892,0.6087,0.7255,0.549,0.6701,16,40,11,7,0.7568,0.6957,0.7843,0.64,0.7391,12,31,20,11,0.5811,0.5217,0.6078,0.4364,0.6411,14,36,15,9,0.6757,0.6087,0.7059,0.5385,0.653,14,41,10,9,0.7432,0.6087,0.8039,0.5957,0.7033,14,35,16,9,0.6622,0.6087,0.6863,0.5283,0.6718,14,56,3,2,0.9333,0.875,0.9492,0.8485,0.9566,7,54,5,9,0.8133,0.4375,0.9153,0.5,0.9311,8,57,2,8,0.8667,0.5,0.9661,0.6154,0.839,11,54,5,5,0.8667,0.6875,0.9153,0.6875,0.9396,11,54,5,5,0.8667,0.6875,0.9153,0.6875,0.928,12,56,3,4,0.9067,0.75,0.9492,0.7742,0.9142,7,54,5,9,0.8133,0.4375,0.9153,0.5,0.9089
931,21,37,13,3,0.7838,0.875,0.74,0.7241,0.8833,17,40,10,7,0.7703,0.7083,0.8,0.6667,0.8175,17,43,7,7,0.8108,0.7083,0.86,0.7083,0.8708,16,40,10,8,0.7568,0.6667,0.8,0.64,0.8167,16,40,10,8,0.7568,0.6667,0.8,0.64,0.7917,17,42,8,7,0.7973,0.7083,0.84,0.6939,0.855,16,41,9,8,0.7703,0.6667,0.82,0.6531,0.79,16,53,3,3,0.92,0.8421,0.9464,0.8421,0.9521,15,54,2,4,0.92,0.7895,0.9643,0.8333,0.9784,13,54,2,6,0.8933,0.6842,0.9643,0.7647,0.9539,16,53,3,3,0.92,0.8421,0.9464,0.8421,0.9671,16,52,4,3,0.9067,0.8421,0.9286,0.8205,0.9709,16,53,3,3,0.92,0.8421,0.9464,0.8421,0.9756,15,53,3,4,0.9067,0.7895,0.9464,0.8108,0.9295
932,30,30,12,2,0.8108,0.9375,0.7143,0.8108,0.9033,25,32,10,7,0.7703,0.7812,0.7619,0.7463,0.8519,25,40,2,7,0.8784,0.7812,0.9524,0.8475,0.8735,26,33,9,6,0.7973,0.8125,0.7857,0.7761,0.8571,24,32,10,8,0.7568,0.75,0.7619,0.7273,0.8586,28,37,5,4,0.8784,0.875,0.881,0.8615,0.9159,24,33,9,8,0.7703,0.75,0.7857,0.7385,0.8333,16,55,3,1,0.9467,0.9412,0.9483,0.8889,0.9817,15,56,2,2,0.9467,0.8824,0.9655,0.8824,0.9939,14,57,1,3,0.9467,0.8235,0.9828,0.875,0.9787,16,55,3,1,0.9467,0.9412,0.9483,0.8889,0.9919,16,54,4,1,0.9333,0.9412,0.931,0.8649,0.9899,16,55,3,1,0.9467,0.9412,0.9483,0.8889,0.9899,15,55,3,2,0.9333,0.8824,0.9483,0.8571,0.9767
933,23,34,14,3,0.7703,0.8846,0.7083,0.7302,0.8974,19,38,10,7,0.7703,0.7308,0.7917,0.6909,0.8606,21,41,7,5,0.8378,0.8077,0.8542,0.7778,0.8454,18,36,12,8,0.7297,0.6923,0.75,0.6429,0.8558,18,38,10,8,0.7568,0.6923,0.7917,0.6667,0.8646,18,41,7,8,0.7973,0.6923,0.8542,0.7059,0.8397,18,38,10,8,0.7568,0.6923,0.7917,0.6667,0.8325,16,47,6,6,0.84,0.7273,0.8868,0.7273,0.8765,10,46,7,12,0.7467,0.4545,0.8679,0.5128,0.8782,9,49,4,13,0.7733,0.4091,0.9245,0.5143,0.8105,12,46,7,10,0.7733,0.5455,0.8679,0.5854,0.8576,11,45,8,11,0.7467,0.5,0.8491,0.5366,0.8611,15,46,7,7,0.8133,0.6818,0.8679,0.6818,0.8576,9,46,7,13,0.7333,0.4091,0.8679,0.4737,0.8182
934,28,31,11,4,0.7973,0.875,0.7381,0.7887,0.8266,21,32,10,11,0.7162,0.6562,0.7619,0.6667,0.7798,21,34,8,11,0.7432,0.6562,0.8095,0.6885,0.8051,19,31,11,13,0.6757,0.5938,0.7381,0.6129,0.779,18,32,10,14,0.6757,0.5625,0.7619,0.6,0.7961,25,35,7,7,0.8108,0.7812,0.8333,0.7812,0.8296,18,33,9,14,0.6892,0.5625,0.7857,0.6102,0.756,15,52,4,4,0.8933,0.7895,0.9286,0.7895,0.9417,9,52,4,10,0.8133,0.4737,0.9286,0.5625,0.9502,10,55,1,9,0.8667,0.5263,0.9821,0.6667,0.7914,12,51,5,7,0.84,0.6316,0.9107,0.6667,0.9248,11,48,8,8,0.7867,0.5789,0.8571,0.5789,0.922,13,50,6,6,0.84,0.6842,0.8929,0.6842,0.9117,8,51,5,11,0.7867,0.4211,0.9107,0.5,0.8929
935,23,35,12,4,0.7838,0.8519,0.7447,0.7419,0.8101,18,38,9,9,0.7568,0.6667,0.8085,0.6667,0.7707,19,40,7,8,0.7973,0.7037,0.8511,0.717,0.7983,15,37,10,12,0.7027,0.5556,0.7872,0.5769,0.7699,15,39,8,12,0.7297,0.5556,0.8298,0.6,0.7494,19,40,7,8,0.7973,0.7037,0.8511,0.717,0.8014,15,38,9,12,0.7162,0.5556,0.8085,0.5882,0.7463,16,43,12,4,0.7867,0.8,0.7818,0.6667,0.8136,7,47,8,13,0.72,0.35,0.8545,0.4,0.8491,8,54,1,12,0.8267,0.4,0.9818,0.5517,0.7282,9,42,13,11,0.68,0.45,0.7636,0.4286,0.7927,9,42,13,11,0.68,0.45,0.7636,0.4286,0.7873,14,48,7,6,0.8267,0.7,0.8727,0.6829,0.8155,7,42,13,13,0.6533,0.35,0.7636,0.35,0.7482
936,22,32,15,5,0.7297,0.8148,0.6809,0.6875,0.8164,19,36,11,8,0.7432,0.7037,0.766,0.6667,0.7549,20,39,8,7,0.7973,0.7407,0.8298,0.7273,0.8195,17,35,12,10,0.7027,0.6296,0.7447,0.6071,0.7431,18,36,11,9,0.7297,0.6667,0.766,0.6429,0.7344,18,41,6,9,0.7973,0.6667,0.8723,0.7059,0.803,18,36,11,9,0.7297,0.6667,0.766,0.6429,0.7203,20,47,4,4,0.8933,0.8333,0.9216,0.8333,0.9069,18,47,4,6,0.8667,0.75,0.9216,0.7826,0.9158,14,48,3,10,0.8267,0.5833,0.9412,0.6829,0.8448,20,47,4,4,0.8933,0.8333,0.9216,0.8333,0.9069,18,47,4,6,0.8667,0.75,0.9216,0.7826,0.8962,20,47,4,4,0.8933,0.8333,0.9216,0.8333,0.906,16,47,4,8,0.84,0.6667,0.9216,0.7273,0.8619
937,21,32,17,4,0.7162,0.84,0.6531,0.6667,0.8596,16,38,11,9,0.7297,0.64,0.7755,0.6154,0.7918,16,41,8,9,0.7703,0.64,0.8367,0.6531,0.8147,15,39,10,10,0.7297,0.6,0.7959,0.6,0.7804,15,40,9,10,0.7432,0.6,0.8163,0.6122,0.7633,18,35,14,7,0.7162,0.72,0.7143,0.6316,0.8188,15,39,10,10,0.7297,0.6,0.7959,0.6,0.7804,23,43,4,5,0.88,0.8214,0.9149,0.8364,0.8769,13,43,4,15,0.7467,0.4643,0.9149,0.5778,0.8784,12,47,0,16,0.7867,0.4286,1.0,0.6,0.7895,16,43,4,12,0.7867,0.5714,0.9149,0.6667,0.8647,15,43,4,13,0.7733,0.5357,0.9149,0.6383,0.848,21,43,4,7,0.8533,0.75,0.9149,0.7925,0.8381,12,43,4,16,0.7333,0.4286,0.9149,0.5455,0.8138
938,19,35,19,1,0.7297,0.95,0.6481,0.6552,0.9241,18,40,14,2,0.7838,0.9,0.7407,0.6923,0.8889,18,45,9,2,0.8514,0.9,0.8333,0.766,0.8685,17,40,14,3,0.7703,0.85,0.7407,0.6667,0.8972,18,43,11,2,0.8243,0.9,0.7963,0.7347,0.8926,16,37,17,4,0.7162,0.8,0.6852,0.6038,0.863,18,42,12,2,0.8108,0.9,0.7778,0.72,0.8824,26,41,6,2,0.8933,0.9286,0.8723,0.8667,0.9255,20,42,5,8,0.8267,0.7143,0.8936,0.7547,0.9278,18,42,5,10,0.8,0.6429,0.8936,0.7059,0.8875,21,41,6,7,0.8267,0.75,0.8723,0.7636,0.9164,21,40,7,7,0.8133,0.75,0.8511,0.75,0.9172,26,41,6,2,0.8933,0.9286,0.8723,0.8667,0.9233,20,41,6,8,0.8133,0.7143,0.8723,0.7407,0.8784
939,18,44,8,4,0.8378,0.8182,0.8462,0.75,0.8855,13,47,5,9,0.8108,0.5909,0.9038,0.65,0.8837,13,48,4,9,0.8243,0.5909,0.9231,0.6667,0.8112,11,46,6,11,0.7703,0.5,0.8846,0.5641,0.8558,12,47,5,10,0.7973,0.5455,0.9038,0.6154,0.8505,15,47,5,7,0.8378,0.6818,0.9038,0.7143,0.854,12,46,6,10,0.7838,0.5455,0.8846,0.6,0.8514,21,44,4,6,0.8667,0.7778,0.9167,0.8077,0.8881,13,43,5,14,0.7467,0.4815,0.8958,0.5778,0.8866,14,45,3,13,0.7867,0.5185,0.9375,0.6364,0.8187,14,43,5,13,0.76,0.5185,0.8958,0.6087,0.8704,14,42,6,13,0.7467,0.5185,0.875,0.5957,0.8642,20,43,5,7,0.84,0.7407,0.8958,0.7692,0.8673,13,43,5,14,0.7467,0.4815,0.8958,0.5778,0.8295
940,21,38,12,3,0.7973,0.875,0.76,0.7368,0.855,17,41,9,7,0.7838,0.7083,0.82,0.68,0.8033,20,43,7,4,0.8514,0.8333,0.86,0.7843,0.8408,14,39,11,10,0.7162,0.5833,0.78,0.5714,0.7967,16,40,10,8,0.7568,0.6667,0.8,0.64,0.7883,18,41,9,6,0.7973,0.75,0.82,0.7059,0.8192,16,40,10,8,0.7568,0.6667,0.8,0.64,0.7925,17,49,5,4,0.88,0.8095,0.9074,0.7907,0.9515,14,50,4,7,0.8533,0.6667,0.9259,0.7179,0.9691,12,53,1,9,0.8667,0.5714,0.9815,0.7059,0.8942,14,48,6,7,0.8267,0.6667,0.8889,0.6829,0.94,14,46,8,7,0.8,0.6667,0.8519,0.6512,0.9489,17,49,5,4,0.88,0.8095,0.9074,0.7907,0.9568,14,48,6,7,0.8267,0.6667,0.8889,0.6829,0.9277
941,23,32,16,3,0.7432,0.8846,0.6667,0.7077,0.8526,18,35,13,8,0.7162,0.6923,0.7292,0.6316,0.7676,21,40,8,5,0.8243,0.8077,0.8333,0.7636,0.8478,16,33,15,10,0.6622,0.6154,0.6875,0.5614,0.758,18,35,13,8,0.7162,0.6923,0.7292,0.6316,0.7869,20,41,7,6,0.8243,0.7692,0.8542,0.7547,0.8221,18,35,13,8,0.7162,0.6923,0.7292,0.6316,0.7452,21,48,1,5,0.92,0.8077,0.9796,0.875,0.9427,17,47,2,9,0.8533,0.6538,0.9592,0.7556,0.9451,14,49,0,12,0.84,0.5385,1.0,0.7,0.8509,20,47,2,6,0.8933,0.7692,0.9592,0.8333,0.938,15,47,2,11,0.8267,0.5769,0.9592,0.6977,0.9341,21,48,1,5,0.92,0.8077,0.9796,0.875,0.9403,12,47,2,14,0.7867,0.4615,0.9592,0.6,0.9042
942,28,34,10,2,0.8378,0.9333,0.7727,0.8235,0.922,22,39,5,8,0.8243,0.7333,0.8864,0.7719,0.8795,27,41,3,3,0.9189,0.9,0.9318,0.9,0.8932,24,39,5,6,0.8514,0.8,0.8864,0.8136,0.8886,22,39,5,8,0.8243,0.7333,0.8864,0.7719,0.8742,22,38,6,8,0.8108,0.7333,0.8636,0.7586,0.8742,22,40,4,8,0.8378,0.7333,0.9091,0.7857,0.872,19,45,4,7,0.8533,0.7308,0.9184,0.7755,0.9082,15,47,2,11,0.8267,0.5769,0.9592,0.6977,0.9411,13,48,1,13,0.8133,0.5,0.9796,0.65,0.8203,18,45,4,8,0.84,0.6923,0.9184,0.75,0.9082,16,44,5,10,0.8,0.6154,0.898,0.6809,0.9042,19,46,3,7,0.8667,0.7308,0.9388,0.7917,0.9176,13,45,4,13,0.7733,0.5,0.9184,0.6047,0.8713
943,16,38,15,5,0.7297,0.7619,0.717,0.6154,0.7853,14,41,12,7,0.7432,0.6667,0.7736,0.5957,0.7619,13,45,8,8,0.7838,0.619,0.8491,0.619,0.8059,12,42,11,9,0.7297,0.5714,0.7925,0.5455,0.7466,12,43,10,9,0.7432,0.5714,0.8113,0.5581,0.7403,15,43,10,6,0.7838,0.7143,0.8113,0.6522,0.788,12,43,10,9,0.7432,0.5714,0.8113,0.5581,0.7448,15,55,5,0,0.9333,1.0,0.9167,0.8571,0.9656,11,55,5,4,0.88,0.7333,0.9167,0.7097,0.9544,8,59,1,7,0.8933,0.5333,0.9833,0.6667,0.9278,13,53,7,2,0.88,0.8667,0.8833,0.7429,0.9444,12,50,10,3,0.8267,0.8,0.8333,0.6486,0.94,14,54,6,1,0.9067,0.9333,0.9,0.8,0.9444,10,53,7,5,0.84,0.6667,0.8833,0.625,0.9278
944,22,40,9,3,0.8378,0.88,0.8163,0.7857,0.8914,17,42,7,8,0.7973,0.68,0.8571,0.6939,0.8433,19,44,5,6,0.8514,0.76,0.898,0.7755,0.88,17,40,9,8,0.7703,0.68,0.8163,0.6667,0.8433,15,41,8,10,0.7568,0.6,0.8367,0.625,0.8465,20,45,4,5,0.8784,0.8,0.9184,0.8163,0.871,15,41,8,10,0.7568,0.6,0.8367,0.625,0.8229,18,49,6,2,0.8933,0.9,0.8909,0.8182,0.9082,11,48,7,9,0.7867,0.55,0.8727,0.5789,0.9055,10,55,0,10,0.8667,0.5,1.0,0.6667,0.8255,15,47,8,5,0.8267,0.75,0.8545,0.6977,0.8873,13,46,9,7,0.7867,0.65,0.8364,0.619,0.8818,16,49,6,4,0.8667,0.8,0.8909,0.7619,0.8782,9,47,8,11,0.7467,0.45,0.8545,0.4865,0.8673
945,26,32,14,2,0.7838,0.9286,0.6957,0.7647,0.8812,22,40,6,6,0.8378,0.7857,0.8696,0.7857,0.8843,23,41,5,5,0.8649,0.8214,0.8913,0.8214,0.8602,20,40,6,8,0.8108,0.7143,0.8696,0.7407,0.8711,21,38,8,7,0.7973,0.75,0.8261,0.7368,0.8657,23,39,7,5,0.8378,0.8214,0.8478,0.7931,0.9053,21,41,5,7,0.8378,0.75,0.8913,0.7778,0.8657,26,40,7,2,0.88,0.9286,0.8511,0.8525,0.9119,20,41,6,8,0.8133,0.7143,0.8723,0.7407,0.9187,16,45,2,12,0.8133,0.5714,0.9574,0.6957,0.8989,22,40,7,6,0.8267,0.7857,0.8511,0.7719,0.9088,20,40,7,8,0.8,0.7143,0.8511,0.7273,0.9012,26,41,6,2,0.8933,0.9286,0.8723,0.8667,0.9179,18,40,7,10,0.7733,0.6429,0.8511,0.6792,0.8655
946,15,36,21,2,0.6892,0.8824,0.6316,0.566,0.84,11,43,14,6,0.7297,0.6471,0.7544,0.5238,0.7998,13,50,7,4,0.8514,0.7647,0.8772,0.7027,0.8545,12,47,10,5,0.7973,0.7059,0.8246,0.6154,0.8163,10,48,9,7,0.7838,0.5882,0.8421,0.5556,0.7719,13,47,10,4,0.8108,0.7647,0.8246,0.65,0.8803,10,49,8,7,0.7973,0.5882,0.8596,0.5714,0.7967,16,49,6,4,0.8667,0.8,0.8909,0.7619,0.8391,11,48,7,9,0.7867,0.55,0.8727,0.5789,0.8482,12,51,4,8,0.84,0.6,0.9273,0.6667,0.7936,13,48,7,7,0.8133,0.65,0.8727,0.65,0.8382,13,46,9,7,0.7867,0.65,0.8364,0.619,0.8145,16,47,8,4,0.84,0.8,0.8545,0.7273,0.8418,11,48,7,9,0.7867,0.55,0.8727,0.5789,0.77
947,18,40,14,2,0.7838,0.9,0.7407,0.6923,0.8833,17,45,9,3,0.8378,0.85,0.8333,0.7391,0.8796,15,51,3,5,0.8919,0.75,0.9444,0.7895,0.8343,15,43,11,5,0.7838,0.75,0.7963,0.6522,0.8722,16,47,7,4,0.8514,0.8,0.8704,0.7442,0.8833,18,47,7,2,0.8784,0.9,0.8704,0.8,0.912,16,45,9,4,0.8243,0.8,0.8333,0.7111,0.8454,17,50,4,4,0.8933,0.8095,0.9259,0.8095,0.8589,10,47,7,11,0.76,0.4762,0.8704,0.5263,0.8342,11,52,2,10,0.84,0.5238,0.963,0.6471,0.7372,14,47,7,7,0.8133,0.6667,0.8704,0.6667,0.828,13,44,10,8,0.76,0.619,0.8148,0.5909,0.806,15,47,7,6,0.8267,0.7143,0.8704,0.6977,0.821,9,47,7,12,0.7467,0.4286,0.8704,0.4865,0.7672
948,23,35,13,3,0.7838,0.8846,0.7292,0.7419,0.9054,19,41,7,7,0.8108,0.7308,0.8542,0.7308,0.8582,20,40,8,6,0.8108,0.7692,0.8333,0.7407,0.8429,19,38,10,7,0.7703,0.7308,0.7917,0.6909,0.8542,19,40,8,7,0.7973,0.7308,0.8333,0.717,0.8622,20,38,10,6,0.7838,0.7692,0.7917,0.7143,0.847,19,38,10,7,0.7703,0.7308,0.7917,0.6909,0.8253,17,57,0,1,0.9867,0.9444,1.0,0.9714,0.9951,14,53,4,4,0.8933,0.7778,0.9298,0.7778,0.9766,9,57,0,9,0.88,0.5,1.0,0.6667,0.9776,15,53,4,3,0.9067,0.8333,0.9298,0.8108,0.9747,13,53,4,5,0.88,0.7222,0.9298,0.7429,0.9766,17,57,0,1,0.9867,0.9444,1.0,0.9714,0.9961,12,53,4,6,0.8667,0.6667,0.9298,0.7059,0.96
949,20,36,16,2,0.7568,0.9091,0.6923,0.6897,0.8759,14,40,12,8,0.7297,0.6364,0.7692,0.5833,0.8147,16,45,7,6,0.8243,0.7273,0.8654,0.7111,0.889,13,40,12,9,0.7162,0.5909,0.7692,0.5532,0.8042,13,43,9,9,0.7568,0.5909,0.8269,0.5909,0.8077,17,42,10,5,0.7973,0.7727,0.8077,0.6939,0.8689,13,43,9,9,0.7568,0.5909,0.8269,0.5909,0.8191,20,43,5,7,0.84,0.7407,0.8958,0.7692,0.8711,14,44,4,13,0.7733,0.5185,0.9167,0.6222,0.8997,12,45,3,15,0.76,0.4444,0.9375,0.5714,0.7608,16,42,6,11,0.7733,0.5926,0.875,0.6531,0.8657,13,42,6,14,0.7333,0.4815,0.875,0.5652,0.8657,19,45,3,8,0.8533,0.7037,0.9375,0.7755,0.8719,11,42,6,16,0.7067,0.4074,0.875,0.5,0.8241
950,17,33,20,4,0.6757,0.8095,0.6226,0.5862,0.7808,14,37,16,7,0.6892,0.6667,0.6981,0.549,0.7799,14,47,6,7,0.8243,0.6667,0.8868,0.6829,0.7772,13,37,16,8,0.6757,0.619,0.6981,0.52,0.7871,13,36,17,8,0.6622,0.619,0.6792,0.5098,0.7826,15,43,10,6,0.7838,0.7143,0.8113,0.6522,0.7942,13,39,14,8,0.7027,0.619,0.7358,0.5417,0.77,15,49,8,3,0.8533,0.8333,0.8596,0.7317,0.8499,11,50,7,7,0.8133,0.6111,0.8772,0.6111,0.8811,10,53,4,8,0.84,0.5556,0.9298,0.625,0.7846,12,48,9,6,0.8,0.6667,0.8421,0.6154,0.845,10,48,9,8,0.7733,0.5556,0.8421,0.5405,0.8363,14,51,6,4,0.8667,0.7778,0.8947,0.7368,0.8509,9,48,9,9,0.76,0.5,0.8421,0.5,0.807
951,16,31,25,2,0.6351,0.8889,0.5536,0.5424,0.8333,12,49,7,6,0.8243,0.6667,0.875,0.6486,0.8056,12,46,10,6,0.7838,0.6667,0.8214,0.6,0.7569,11,42,14,7,0.7162,0.6111,0.75,0.5116,0.7788,10,41,15,8,0.6892,0.5556,0.7321,0.4651,0.7639,14,43,13,4,0.7703,0.7778,0.7679,0.6222,0.7808,10,43,13,8,0.7162,0.5556,0.7679,0.4878,0.8115,21,47,3,4,0.9067,0.84,0.94,0.8571,0.9496,14,46,4,11,0.8,0.56,0.92,0.6512,0.9472,15,50,0,10,0.8667,0.6,1.0,0.75,0.8728,17,46,4,8,0.84,0.68,0.92,0.7391,0.9376,17,45,5,8,0.8267,0.68,0.9,0.7234,0.928,20,46,4,5,0.88,0.8,0.92,0.8163,0.9304,14,46,4,11,0.8,0.56,0.92,0.6512,0.8992
952,29,30,13,2,0.7973,0.9355,0.6977,0.7945,0.8777,22,34,9,9,0.7568,0.7097,0.7907,0.7097,0.7952,29,35,8,2,0.8649,0.9355,0.814,0.8529,0.9032,24,36,7,7,0.8108,0.7742,0.8372,0.7742,0.8027,22,35,8,9,0.7703,0.7097,0.814,0.7213,0.7959,25,34,9,6,0.7973,0.8065,0.7907,0.7692,0.8807,22,36,7,9,0.7838,0.7097,0.8372,0.7333,0.8042,14,50,6,5,0.8533,0.7368,0.8929,0.7179,0.9361,10,52,4,9,0.8267,0.5263,0.9286,0.6061,0.9549,10,55,1,9,0.8667,0.5263,0.9821,0.6667,0.8205,11,50,6,8,0.8133,0.5789,0.8929,0.6111,0.9314,10,49,7,9,0.7867,0.5263,0.875,0.5556,0.9295,12,51,5,7,0.84,0.6316,0.9107,0.6667,0.9164,9,50,6,10,0.7867,0.4737,0.8929,0.5294,0.9135
953,16,39,17,2,0.7432,0.8889,0.6964,0.6275,0.876,12,44,12,6,0.7568,0.6667,0.7857,0.5714,0.8313,11,45,11,7,0.7568,0.6111,0.8036,0.55,0.7391,13,41,15,5,0.7297,0.7222,0.7321,0.5652,0.8304,11,44,12,7,0.7432,0.6111,0.7857,0.5366,0.8135,15,45,11,3,0.8108,0.8333,0.8036,0.6818,0.87,11,42,14,7,0.7162,0.6111,0.75,0.5116,0.8185,14,53,5,3,0.8933,0.8235,0.9138,0.7778,0.9554,10,51,7,7,0.8133,0.5882,0.8793,0.5882,0.9473,10,57,1,7,0.8933,0.5882,0.9828,0.7143,0.8864,11,50,8,6,0.8133,0.6471,0.8621,0.6111,0.9422,11,50,8,6,0.8133,0.6471,0.8621,0.6111,0.9391,14,54,4,3,0.9067,0.8235,0.931,0.8,0.9615,10,50,8,7,0.8,0.5882,0.8621,0.5714,0.9077
954,17,33,19,5,0.6757,0.7727,0.6346,0.5862,0.7745,11,36,16,11,0.6351,0.5,0.6923,0.449,0.6844,15,42,10,7,0.7703,0.6818,0.8077,0.6383,0.7928,11,37,15,11,0.6486,0.5,0.7115,0.4583,0.6976,11,40,12,11,0.6892,0.5,0.7692,0.4889,0.6766,12,40,12,10,0.7027,0.5455,0.7692,0.5217,0.7334,11,39,13,11,0.6757,0.5,0.75,0.4783,0.6469,24,43,7,1,0.8933,0.96,0.86,0.8571,0.8976,16,44,6,9,0.8,0.64,0.88,0.6809,0.912,17,47,3,8,0.8533,0.68,0.94,0.7556,0.8888,20,43,7,5,0.84,0.8,0.86,0.7692,0.8952,17,43,7,8,0.8,0.68,0.86,0.6939,0.88,24,44,6,1,0.9067,0.96,0.88,0.8727,0.916,13,43,7,12,0.7467,0.52,0.86,0.5778,0.8688
955,22,38,13,1,0.8108,0.9565,0.7451,0.7586,0.9574,22,40,11,1,0.8378,0.9565,0.7843,0.7857,0.9488,21,45,6,2,0.8919,0.913,0.8824,0.84,0.9096,21,41,10,2,0.8378,0.913,0.8039,0.7778,0.9471,22,42,9,1,0.8649,0.9565,0.8235,0.8148,0.9412,20,45,6,3,0.8784,0.8696,0.8824,0.8163,0.9344,22,43,8,1,0.8784,0.9565,0.8431,0.8302,0.9361,13,59,0,3,0.96,0.8125,1.0,0.8966,0.9078,10,59,0,6,0.92,0.625,1.0,0.7692,0.9195,8,59,0,8,0.8933,0.5,1.0,0.6667,0.8167,10,59,0,6,0.92,0.625,1.0,0.7692,0.91,9,57,2,7,0.88,0.5625,0.9661,0.6667,0.8867,12,57,2,4,0.92,0.75,0.9661,0.8,0.8803,9,59,0,7,0.9067,0.5625,1.0,0.72,0.8591
956,23,37,13,1,0.8108,0.9583,0.74,0.7667,0.9375,21,42,8,3,0.8514,0.875,0.84,0.7925,0.8917,21,45,5,3,0.8919,0.875,0.9,0.84,0.9075,19,40,10,5,0.7973,0.7917,0.8,0.717,0.8917,20,40,10,4,0.8108,0.8333,0.8,0.7407,0.9008,21,44,6,3,0.8784,0.875,0.88,0.8235,0.9142,20,40,10,4,0.8108,0.8333,0.8,0.7407,0.8575,22,47,3,3,0.92,0.88,0.94,0.88,0.9256,14,47,3,11,0.8133,0.56,0.94,0.6667,0.9264,11,50,0,14,0.8133,0.44,1.0,0.6111,0.8416,16,46,4,9,0.8267,0.64,0.92,0.7111,0.904,14,45,5,11,0.7867,0.56,0.9,0.6364,0.8888,20,47,3,5,0.8933,0.8,0.94,0.8333,0.9032,12,46,4,13,0.7733,0.48,0.92,0.5854,0.8712
957,19,34,15,6,0.7162,0.76,0.6939,0.6441,0.7527,16,39,10,9,0.7432,0.64,0.7959,0.6275,0.7282,15,41,8,10,0.7568,0.6,0.8367,0.625,0.6882,14,38,11,11,0.7027,0.56,0.7755,0.56,0.7135,15,38,11,10,0.7162,0.6,0.7755,0.5882,0.7151,18,39,10,7,0.7703,0.72,0.7959,0.6792,0.7445,15,38,11,10,0.7162,0.6,0.7755,0.5882,0.6955,21,45,4,5,0.88,0.8077,0.9184,0.8235,0.9113,18,45,4,8,0.84,0.6923,0.9184,0.75,0.9333,15,48,1,11,0.84,0.5769,0.9796,0.7143,0.8532,19,44,5,7,0.84,0.7308,0.898,0.76,0.9105,17,43,6,9,0.8,0.6538,0.8776,0.6939,0.8901,21,45,4,5,0.88,0.8077,0.9184,0.8235,0.9199,16,44,5,10,0.8,0.6154,0.898,0.6809,0.8713
958,27,36,9,2,0.8514,0.931,0.8,0.8308,0.9471,21,41,4,8,0.8378,0.7241,0.9111,0.7778,0.892,24,40,5,5,0.8649,0.8276,0.8889,0.8276,0.9218,19,38,7,10,0.7703,0.6552,0.8444,0.6909,0.8766,19,40,5,10,0.7973,0.6552,0.8889,0.717,0.8881,21,39,6,8,0.8108,0.7241,0.8667,0.75,0.8881,19,39,6,10,0.7838,0.6552,0.8667,0.7037,0.8751,23,45,5,2,0.9067,0.92,0.9,0.8679,0.94,17,43,7,8,0.8,0.68,0.86,0.6939,0.9248,15,49,1,10,0.8533,0.6,0.98,0.7317,0.8952,18,43,7,7,0.8133,0.72,0.86,0.72,0.924,17,42,8,8,0.7867,0.68,0.84,0.68,0.9064,22,44,6,3,0.88,0.88,0.88,0.8302,0.9192,16,43,7,9,0.7867,0.64,0.86,0.6667,0.8944
959,20,28,21,5,0.6486,0.8,0.5714,0.6061,0.8,16,35,14,9,0.6892,0.64,0.7143,0.5818,0.729,18,40,9,7,0.7838,0.72,0.8163,0.6923,0.76,16,34,15,9,0.6757,0.64,0.6939,0.5714,0.7314,15,35,14,10,0.6757,0.6,0.7143,0.5556,0.7298,17,35,14,8,0.7027,0.68,0.7143,0.6071,0.742,15,34,15,10,0.6622,0.6,0.6939,0.5455,0.6988,9,53,8,5,0.8267,0.6429,0.8689,0.5806,0.8431,6,54,7,8,0.8,0.4286,0.8852,0.4444,0.8911,6,59,2,8,0.8667,0.4286,0.9672,0.5455,0.8267,7,52,9,7,0.7867,0.5,0.8525,0.4667,0.8443,7,50,11,7,0.76,0.5,0.8197,0.4375,0.8349,9,53,8,5,0.8267,0.6429,0.8689,0.5806,0.8735,6,52,9,8,0.7733,0.4286,0.8525,0.4138,0.7705
960,23,34,17,0,0.7703,1.0,0.6667,0.7302,0.9045,21,40,11,2,0.8243,0.913,0.7843,0.7636,0.8858,20,44,7,3,0.8649,0.8696,0.8627,0.8,0.9011,18,41,10,5,0.7973,0.7826,0.8039,0.7059,0.8977,19,41,10,4,0.8108,0.8261,0.8039,0.7308,0.9139,21,42,9,2,0.8514,0.913,0.8235,0.7925,0.9557,19,42,9,4,0.8243,0.8261,0.8235,0.7451,0.8704,20,49,6,0,0.92,1.0,0.8909,0.8696,0.9536,15,48,7,5,0.84,0.75,0.8727,0.7143,0.9345,14,51,4,6,0.8667,0.7,0.9273,0.7368,0.9036,16,47,8,4,0.84,0.8,0.8545,0.7273,0.9364,15,46,9,5,0.8133,0.75,0.8364,0.6818,0.9236,18,49,6,2,0.8933,0.9,0.8909,0.8182,0.9236,14,47,8,6,0.8133,0.7,0.8545,0.6667,0.9091
961,14,41,16,3,0.7432,0.8235,0.7193,0.5957,0.838,10,48,9,7,0.7838,0.5882,0.8421,0.5556,0.7647,13,50,7,4,0.8514,0.7647,0.8772,0.7027,0.8638,10,47,10,7,0.7703,0.5882,0.8246,0.5405,0.7523,9,48,9,8,0.7703,0.5294,0.8421,0.5143,0.7079,11,47,10,6,0.7838,0.6471,0.8246,0.5789,0.8287,9,47,10,8,0.7568,0.5294,0.8246,0.5,0.7441,20,52,0,3,0.96,0.8696,1.0,0.9302,0.9314,17,50,2,6,0.8933,0.7391,0.9615,0.8095,0.9298,16,52,0,7,0.9067,0.6957,1.0,0.8205,0.8545,18,50,2,5,0.9067,0.7826,0.9615,0.8372,0.9289,17,50,2,6,0.8933,0.7391,0.9615,0.8095,0.9156,19,52,0,4,0.9467,0.8261,1.0,0.9048,0.9147,16,50,2,7,0.88,0.6957,0.9615,0.7805,0.903
962,26,33,14,1,0.7973,0.963,0.7021,0.7761,0.9259,25,39,8,2,0.8649,0.9259,0.8298,0.8333,0.9031,24,43,4,3,0.9054,0.8889,0.9149,0.8727,0.9157,23,39,8,4,0.8378,0.8519,0.8298,0.7931,0.9102,25,40,7,2,0.8784,0.9259,0.8511,0.8475,0.9039,24,36,11,3,0.8108,0.8889,0.766,0.7742,0.933,25,39,8,2,0.8649,0.9259,0.8298,0.8333,0.8794,15,53,6,1,0.9067,0.9375,0.8983,0.8108,0.9195,14,54,5,2,0.9067,0.875,0.9153,0.8,0.9237,11,54,5,5,0.8667,0.6875,0.9153,0.6875,0.8517,14,53,6,2,0.8933,0.875,0.8983,0.7778,0.9206,12,51,8,4,0.84,0.75,0.8644,0.6667,0.8994,14,52,7,2,0.88,0.875,0.8814,0.7568,0.8867,12,53,6,4,0.8667,0.75,0.8983,0.7059,0.8718
963,21,37,15,1,0.7838,0.9545,0.7115,0.7241,0.8951,18,45,7,4,0.8514,0.8182,0.8654,0.766,0.8636,17,47,5,5,0.8649,0.7727,0.9038,0.7727,0.868,15,44,8,7,0.7973,0.6818,0.8462,0.6667,0.8313,17,45,7,5,0.8378,0.7727,0.8654,0.7391,0.8304,19,43,9,3,0.8378,0.8636,0.8269,0.76,0.8899,17,44,8,5,0.8243,0.7727,0.8462,0.7234,0.8348,21,45,7,2,0.88,0.913,0.8654,0.8235,0.9298,16,45,7,7,0.8133,0.6957,0.8654,0.6957,0.9273,14,48,4,9,0.8267,0.6087,0.9231,0.6829,0.8913,19,45,7,4,0.8533,0.8261,0.8654,0.7755,0.9264,18,44,8,5,0.8267,0.7826,0.8462,0.7347,0.9181,20,44,8,3,0.8533,0.8696,0.8462,0.7843,0.9089,15,45,7,8,0.8,0.6522,0.8654,0.6667,0.9038
964,22,34,16,2,0.7568,0.9167,0.68,0.7097,0.9108,19,41,9,5,0.8108,0.7917,0.82,0.7308,0.8667,20,40,10,4,0.8108,0.8333,0.8,0.7407,0.8517,19,40,10,5,0.7973,0.7917,0.8,0.717,0.8642,19,38,12,5,0.7703,0.7917,0.76,0.6909,0.8617,20,39,11,4,0.7973,0.8333,0.78,0.7273,0.8725,19,41,9,5,0.8108,0.7917,0.82,0.7308,0.865,16,51,7,1,0.8933,0.9412,0.8793,0.8,0.9442,13,50,8,4,0.84,0.7647,0.8621,0.6842,0.932,10,55,3,7,0.8667,0.5882,0.9483,0.6667,0.8986,14,50,8,3,0.8533,0.8235,0.8621,0.7179,0.9148,13,45,13,4,0.7733,0.7647,0.7759,0.6047,0.9077,16,46,12,1,0.8267,0.9412,0.7931,0.7111,0.9168,12,50,8,5,0.8267,0.7059,0.8621,0.6486,0.8905
965,21,34,14,5,0.7432,0.8077,0.7083,0.6885,0.8245,14,40,8,12,0.7297,0.5385,0.8333,0.5833,0.7901,17,42,6,9,0.7973,0.6538,0.875,0.6939,0.7572,17,39,9,9,0.7568,0.6538,0.8125,0.6538,0.7869,13,38,10,13,0.6892,0.5,0.7917,0.5306,0.7532,18,41,7,8,0.7973,0.6923,0.8542,0.7059,0.8301,13,39,9,13,0.7027,0.5,0.8125,0.5417,0.7708,24,47,2,2,0.9467,0.9231,0.9592,0.9231,0.9356,19,47,2,7,0.88,0.7308,0.9592,0.8085,0.9396,16,47,2,10,0.84,0.6154,0.9592,0.7273,0.8195,19,47,2,7,0.88,0.7308,0.9592,0.8085,0.9403,16,47,2,10,0.84,0.6154,0.9592,0.7273,0.9129,21,47,2,5,0.9067,0.8077,0.9592,0.8571,0.8964,16,47,2,10,0.84,0.6154,0.9592,0.7273,0.8995
966,29,33,11,1,0.8378,0.9667,0.75,0.8286,0.9447,21,36,8,9,0.7703,0.7,0.8182,0.7119,0.8621,23,38,6,7,0.8243,0.7667,0.8636,0.7797,0.8803,21,35,9,9,0.7568,0.7,0.7955,0.7,0.8508,21,34,10,9,0.7432,0.7,0.7727,0.6885,0.8553,26,40,4,4,0.8919,0.8667,0.9091,0.8667,0.9106,21,36,8,9,0.7703,0.7,0.8182,0.7119,0.8545,8,55,9,3,0.84,0.7273,0.8594,0.5714,0.8764,7,57,7,4,0.8533,0.6364,0.8906,0.56,0.8949,7,60,4,4,0.8933,0.6364,0.9375,0.6364,0.7244,7,55,9,4,0.8267,0.6364,0.8594,0.5185,0.875,7,53,11,4,0.8,0.6364,0.8281,0.4828,0.8523,7,55,9,4,0.8267,0.6364,0.8594,0.5185,0.8366,7,55,9,4,0.8267,0.6364,0.8594,0.5185,0.8295
967,26,33,14,1,0.7973,0.963,0.7021,0.7761,0.9039,21,38,9,6,0.7973,0.7778,0.8085,0.7368,0.8637,23,38,9,4,0.8243,0.8519,0.8085,0.7797,0.8834,20,37,10,7,0.7703,0.7407,0.7872,0.7018,0.8684,20,37,10,7,0.7703,0.7407,0.7872,0.7018,0.8755,22,37,10,5,0.7973,0.8148,0.7872,0.7458,0.8652,20,37,10,7,0.7703,0.7407,0.7872,0.7018,0.8511,15,50,6,4,0.8667,0.7895,0.8929,0.75,0.9107,14,51,5,5,0.8667,0.7368,0.9107,0.7368,0.9286,10,54,2,9,0.8533,0.5263,0.9643,0.6452,0.8336,15,49,7,4,0.8533,0.7895,0.875,0.7317,0.9126,13,49,7,6,0.8267,0.6842,0.875,0.6667,0.9107,15,52,4,4,0.8933,0.7895,0.9286,0.7895,0.9107,12,49,7,7,0.8133,0.6316,0.875,0.6316,0.8759
968,26,32,14,2,0.7838,0.9286,0.6957,0.7647,0.8789,23,37,9,5,0.8108,0.8214,0.8043,0.7667,0.8533,23,36,10,5,0.7973,0.8214,0.7826,0.7541,0.8377,19,34,12,9,0.7162,0.6786,0.7391,0.6441,0.8571,22,34,12,6,0.7568,0.7857,0.7391,0.7097,0.868,23,34,12,5,0.7703,0.8214,0.7391,0.7302,0.8408,22,34,12,6,0.7568,0.7857,0.7391,0.7097,0.8245,20,47,4,4,0.8933,0.8333,0.9216,0.8333,0.8938,13,47,4,11,0.8,0.5417,0.9216,0.6341,0.8962,14,48,3,10,0.8267,0.5833,0.9412,0.6829,0.7819,15,47,4,9,0.8267,0.625,0.9216,0.6977,0.8962,15,47,4,9,0.8267,0.625,0.9216,0.6977,0.8742,18,47,4,6,0.8667,0.75,0.9216,0.7826,0.8587,13,47,4,11,0.8,0.5417,0.9216,0.6341,0.8391
969,15,37,18,4,0.7027,0.7895,0.6727,0.5769,0.8115,11,44,11,8,0.7432,0.5789,0.8,0.5366,0.7435,14,43,12,5,0.7703,0.7368,0.7818,0.6222,0.7713,11,38,17,8,0.6622,0.5789,0.6909,0.4681,0.7407,11,39,16,8,0.6757,0.5789,0.7091,0.4783,0.7311,13,44,11,6,0.7703,0.6842,0.8,0.6047,0.7541,11,39,16,8,0.6757,0.5789,0.7091,0.4783,0.7311,18,49,4,4,0.8933,0.8182,0.9245,0.8182,0.9185,9,50,3,13,0.7867,0.4091,0.9434,0.5294,0.9322,11,52,1,11,0.84,0.5,0.9811,0.6471,0.8156,11,49,4,11,0.8,0.5,0.9245,0.5946,0.9108,11,48,5,11,0.7867,0.5,0.9057,0.5789,0.9057,17,49,4,5,0.88,0.7727,0.9245,0.7907,0.9039,9,49,4,13,0.7733,0.4091,0.9245,0.5143,0.8945
970,20,41,12,1,0.8243,0.9524,0.7736,0.7547,0.903,14,43,10,7,0.7703,0.6667,0.8113,0.6222,0.8284,19,48,5,2,0.9054,0.9048,0.9057,0.8444,0.9209,12,41,12,9,0.7162,0.5714,0.7736,0.5333,0.8122,14,46,7,7,0.8108,0.6667,0.8679,0.6667,0.832,15,45,8,6,0.8108,0.7143,0.8491,0.6818,0.8634,14,45,8,7,0.7973,0.6667,0.8491,0.6512,0.8392,15,52,5,3,0.8933,0.8333,0.9123,0.7895,0.9123,12,51,6,6,0.84,0.6667,0.8947,0.6667,0.9142,11,55,2,7,0.88,0.6111,0.9649,0.7097,0.8411,13,51,6,5,0.8533,0.7222,0.8947,0.7027,0.9045,12,50,7,6,0.8267,0.6667,0.8772,0.6486,0.9094,15,51,6,3,0.88,0.8333,0.8947,0.7692,0.9045,11,51,6,7,0.8267,0.6111,0.8947,0.6286,0.8674
971,23,33,15,3,0.7568,0.8846,0.6875,0.7188,0.8766,21,36,12,5,0.7703,0.8077,0.75,0.7119,0.8245,21,42,6,5,0.8514,0.8077,0.875,0.7925,0.8566,21,38,10,5,0.7973,0.8077,0.7917,0.7368,0.8349,21,39,9,5,0.8108,0.8077,0.8125,0.75,0.8325,18,39,9,8,0.7703,0.6923,0.8125,0.6792,0.8341,21,39,9,5,0.8108,0.8077,0.8125,0.75,0.7925,18,48,6,3,0.88,0.8571,0.8889,0.8,0.9286,13,49,5,8,0.8267,0.619,0.9074,0.6667,0.9339,12,53,1,9,0.8667,0.5714,0.9815,0.7059,0.851,14,48,6,7,0.8267,0.6667,0.8889,0.6829,0.9215,13,47,7,8,0.8,0.619,0.8704,0.6341,0.9048,17,48,6,4,0.8667,0.8095,0.8889,0.7727,0.9206,12,48,6,9,0.8,0.5714,0.8889,0.6154,0.8774
972,25,32,15,2,0.7703,0.9259,0.6809,0.7463,0.9102,21,35,12,6,0.7568,0.7778,0.7447,0.7,0.8487,24,37,10,3,0.8243,0.8889,0.7872,0.7869,0.9188,22,36,11,5,0.7838,0.8148,0.766,0.7333,0.8692,21,36,11,6,0.7703,0.7778,0.766,0.7119,0.8408,20,35,12,7,0.7432,0.7407,0.7447,0.678,0.892,21,36,11,6,0.7703,0.7778,0.766,0.7119,0.8211,17,47,8,3,0.8533,0.85,0.8545,0.7556,0.8991,14,48,7,6,0.8267,0.7,0.8727,0.6829,0.9109,14,52,3,6,0.88,0.7,0.9455,0.7568,0.8555,15,46,9,5,0.8133,0.75,0.8364,0.6818,0.8909,15,46,9,5,0.8133,0.75,0.8364,0.6818,0.8918,17,49,6,3,0.88,0.85,0.8909,0.7907,0.9045,14,46,9,6,0.8,0.7,0.8364,0.6512,0.8655
973,28,34,9,3,0.8378,0.9032,0.7907,0.8235,0.892,20,36,7,11,0.7568,0.6452,0.8372,0.6897,0.8507,25,38,5,6,0.8514,0.8065,0.8837,0.8197,0.8822,21,37,6,10,0.7838,0.6774,0.8605,0.7241,0.8575,19,37,6,12,0.7568,0.6129,0.8605,0.6786,0.8462,22,37,6,9,0.7973,0.7097,0.8605,0.7458,0.8695,19,37,6,12,0.7568,0.6129,0.8605,0.6786,0.841,21,51,3,0,0.96,1.0,0.9444,0.9333,0.978,13,50,4,8,0.84,0.619,0.9259,0.6842,0.9621,13,54,0,8,0.8933,0.619,1.0,0.7647,0.918,16,49,5,5,0.8667,0.7619,0.9074,0.7619,0.9559,15,48,6,6,0.84,0.7143,0.8889,0.7143,0.9515,18,51,3,3,0.92,0.8571,0.9444,0.8571,0.9259,12,49,5,9,0.8133,0.5714,0.9074,0.6316,0.9286
974,19,36,16,3,0.7432,0.8636,0.6923,0.6667,0.8531,16,40,12,6,0.7568,0.7273,0.7692,0.64,0.8156,14,46,6,8,0.8108,0.6364,0.8846,0.6667,0.7605,13,40,12,9,0.7162,0.5909,0.7692,0.5532,0.792,14,42,10,8,0.7568,0.6364,0.8077,0.6087,0.8121,16,44,8,6,0.8108,0.7273,0.8462,0.6957,0.8164,14,42,10,8,0.7568,0.6364,0.8077,0.6087,0.7911,16,55,3,1,0.9467,0.9412,0.9483,0.8889,0.9817,12,53,5,5,0.8667,0.7059,0.9138,0.7059,0.9645,13,57,1,4,0.9333,0.7647,0.9828,0.8387,0.9432,15,53,5,2,0.9067,0.8824,0.9138,0.8108,0.9645,14,53,5,3,0.8933,0.8235,0.9138,0.7778,0.9635,16,55,3,1,0.9467,0.9412,0.9483,0.8889,0.9746,11,53,5,6,0.8533,0.6471,0.9138,0.6667,0.9513
975,16,41,11,6,0.7703,0.7273,0.7885,0.6531,0.8129,15,43,9,7,0.7838,0.6818,0.8269,0.6522,0.7893,16,46,6,6,0.8378,0.7273,0.8846,0.7273,0.7893,15,43,9,7,0.7838,0.6818,0.8269,0.6522,0.792,15,43,9,7,0.7838,0.6818,0.8269,0.6522,0.7955,15,44,8,7,0.7973,0.6818,0.8462,0.6667,0.7946,15,44,8,7,0.7973,0.6818,0.8462,0.6667,0.764,19,50,5,1,0.92,0.95,0.9091,0.8636,0.9518,13,49,6,7,0.8267,0.65,0.8909,0.6667,0.9355,9,53,2,11,0.8267,0.45,0.9636,0.5806,0.9382,14,48,7,6,0.8267,0.7,0.8727,0.6829,0.9236,11,47,8,9,0.7733,0.55,0.8545,0.5641,0.9218,19,50,5,1,0.92,0.95,0.9091,0.8636,0.9527,10,48,7,10,0.7733,0.5,0.8727,0.5405,0.8964
976,23,38,9,4,0.8243,0.8519,0.8085,0.7797,0.8558,20,38,9,7,0.7838,0.7407,0.8085,0.7143,0.8684,20,45,2,7,0.8784,0.7407,0.9574,0.8163,0.8779,17,40,7,10,0.7703,0.6296,0.8511,0.6667,0.8582,17,41,6,10,0.7838,0.6296,0.8723,0.68,0.8605,21,42,5,6,0.8514,0.7778,0.8936,0.7925,0.8652,17,41,6,10,0.7838,0.6296,0.8723,0.68,0.8511,20,52,2,1,0.96,0.9524,0.963,0.9302,0.9524,12,51,3,9,0.84,0.5714,0.9444,0.6667,0.9462,12,53,1,9,0.8667,0.5714,0.9815,0.7059,0.8721,14,51,3,7,0.8667,0.6667,0.9444,0.7368,0.9409,13,50,4,8,0.84,0.619,0.9259,0.6842,0.9162,17,51,3,4,0.9067,0.8095,0.9444,0.8293,0.9074,11,51,3,10,0.8267,0.5238,0.9444,0.6286,0.9101
977,23,33,13,5,0.7568,0.8214,0.7174,0.7188,0.7803,15,38,8,13,0.7162,0.5357,0.8261,0.5882,0.712,18,39,7,10,0.7703,0.6429,0.8478,0.6792,0.7655,14,38,8,14,0.7027,0.5,0.8261,0.56,0.6957,14,37,9,14,0.6892,0.5,0.8043,0.549,0.6739,18,37,9,10,0.7432,0.6429,0.8043,0.6545,0.7453,14,38,8,14,0.7027,0.5,0.8261,0.56,0.7151,14,47,8,6,0.8133,0.7,0.8545,0.6667,0.7564,7,46,9,13,0.7067,0.35,0.8364,0.3889,0.7655,7,51,4,13,0.7733,0.35,0.9273,0.4516,0.6555,10,45,10,10,0.7333,0.5,0.8182,0.5,0.7345,9,44,11,11,0.7067,0.45,0.8,0.45,0.7191,13,47,8,7,0.8,0.65,0.8545,0.6341,0.7491,6,45,10,14,0.68,0.3,0.8182,0.3333,0.6518
978,29,32,8,5,0.8243,0.8529,0.8,0.8169,0.8625,26,34,6,8,0.8108,0.7647,0.85,0.7879,0.8169,25,35,5,9,0.8108,0.7353,0.875,0.7812,0.8015,23,33,7,11,0.7568,0.6765,0.825,0.7188,0.8118,24,33,7,10,0.7703,0.7059,0.825,0.7385,0.8015,26,37,3,8,0.8514,0.7647,0.925,0.8254,0.8346,24,33,7,10,0.7703,0.7059,0.825,0.7385,0.8118,18,55,1,1,0.9733,0.9474,0.9821,0.9474,0.9615,13,56,0,6,0.92,0.6842,1.0,0.8125,0.9709,12,56,0,7,0.9067,0.6316,1.0,0.7742,0.9117,16,55,1,3,0.9467,0.8421,0.9821,0.8889,0.9643,15,54,2,4,0.92,0.7895,0.9643,0.8333,0.9549,17,55,1,2,0.96,0.8947,0.9821,0.9189,0.9549,12,55,1,7,0.8933,0.6316,0.9821,0.75,0.9314
979,28,28,15,3,0.7568,0.9032,0.6512,0.7568,0.8687,25,32,11,6,0.7703,0.8065,0.7442,0.7463,0.8357,24,33,10,7,0.7703,0.7742,0.7674,0.7385,0.8425,20,33,10,11,0.7162,0.6452,0.7674,0.6557,0.838,22,34,9,9,0.7568,0.7097,0.7907,0.7097,0.8335,26,31,12,5,0.7703,0.8387,0.7209,0.7536,0.8545,22,33,10,9,0.7432,0.7097,0.7674,0.6984,0.8005,20,50,3,2,0.9333,0.9091,0.9434,0.8889,0.9545,16,49,4,6,0.8667,0.7273,0.9245,0.7619,0.9537,15,52,1,7,0.8933,0.6818,0.9811,0.7895,0.9065,19,48,5,3,0.8933,0.8636,0.9057,0.8261,0.9451,18,48,5,4,0.88,0.8182,0.9057,0.8,0.9365,20,51,2,2,0.9467,0.9091,0.9623,0.9091,0.958,15,48,5,7,0.84,0.6818,0.9057,0.7143,0.9117
980,22,38,10,4,0.8108,0.8462,0.7917,0.7586,0.879,17,39,9,9,0.7568,0.6538,0.8125,0.6538,0.8037,21,40,8,5,0.8243,0.8077,0.8333,0.7636,0.867,17,38,10,9,0.7432,0.6538,0.7917,0.6415,0.8077,16,40,8,10,0.7568,0.6154,0.8333,0.64,0.7973,19,40,8,7,0.7973,0.7308,0.8333,0.717,0.8269,16,40,8,10,0.7568,0.6154,0.8333,0.64,0.7893,17,49,5,4,0.88,0.8095,0.9074,0.7907,0.8748,15,49,5,6,0.8533,0.7143,0.9074,0.7317,0.8995,13,53,1,8,0.88,0.619,0.9815,0.7429,0.8078,15,47,7,6,0.8267,0.7143,0.8704,0.6977,0.8801,14,46,8,7,0.8,0.6667,0.8519,0.6512,0.8492,16,50,4,5,0.88,0.7619,0.9259,0.7805,0.873,14,47,7,7,0.8133,0.6667,0.8704,0.6667,0.806
981,15,34,23,2,0.6622,0.8824,0.5965,0.5455,0.8535,13,43,14,4,0.7568,0.7647,0.7544,0.5909,0.8246,12,45,12,5,0.7703,0.7059,0.7895,0.5854,0.8204,12,39,18,5,0.6892,0.7059,0.6842,0.5106,0.8111,12,40,17,5,0.7027,0.7059,0.7018,0.5217,0.8235,15,43,14,2,0.7838,0.8824,0.7544,0.6522,0.8369,12,39,18,5,0.6892,0.7059,0.6842,0.5106,0.7915,23,52,0,0,1.0,1.0,1.0,1.0,1.0,18,52,0,5,0.9333,0.7826,1.0,0.878,0.9933,15,52,0,8,0.8933,0.6522,1.0,0.7895,0.9749,20,52,0,3,0.96,0.8696,1.0,0.9302,0.9925,19,49,3,4,0.9067,0.8261,0.9423,0.8444,0.9849,22,49,3,1,0.9467,0.9565,0.9423,0.9167,0.9816,17,52,0,6,0.92,0.7391,1.0,0.85,0.9824
982,28,25,15,6,0.7162,0.8235,0.625,0.7273,0.7757,23,30,10,11,0.7162,0.6765,0.75,0.6866,0.7346,26,31,9,8,0.7703,0.7647,0.775,0.7536,0.7904,22,29,11,12,0.6892,0.6471,0.725,0.6567,0.7404,22,31,9,12,0.7162,0.6471,0.775,0.6769,0.7353,24,30,10,10,0.7297,0.7059,0.75,0.7059,0.7846,22,30,10,12,0.7027,0.6471,0.75,0.6667,0.7169,20,45,6,4,0.8667,0.8333,0.8824,0.8,0.8783,18,47,4,6,0.8667,0.75,0.9216,0.7826,0.8889,12,48,3,12,0.8,0.5,0.9412,0.6154,0.7868,19,45,6,5,0.8533,0.7917,0.8824,0.7755,0.8701,16,41,10,8,0.76,0.6667,0.8039,0.64,0.8505,19,43,8,5,0.8267,0.7917,0.8431,0.7451,0.8333,15,45,6,9,0.8,0.625,0.8824,0.6667,0.8219
983,17,37,14,6,0.7297,0.7391,0.7255,0.6296,0.8389,16,44,7,7,0.8108,0.6957,0.8627,0.6957,0.8159,15,45,6,8,0.8108,0.6522,0.8824,0.6818,0.8193,14,41,10,9,0.7432,0.6087,0.8039,0.5957,0.786,14,41,10,9,0.7432,0.6087,0.8039,0.5957,0.7511,15,43,8,8,0.7838,0.6522,0.8431,0.6522,0.8116,14,41,10,9,0.7432,0.6087,0.8039,0.5957,0.7621,22,45,6,2,0.8933,0.9167,0.8824,0.8462,0.906,14,46,5,10,0.8,0.5833,0.902,0.6512,0.8995,12,49,2,12,0.8133,0.5,0.9608,0.6316,0.8456,16,45,6,8,0.8133,0.6667,0.8824,0.6957,0.8881,14,44,7,10,0.7733,0.5833,0.8627,0.6222,0.8725,21,45,6,3,0.88,0.875,0.8824,0.8235,0.9011,12,45,6,12,0.76,0.5,0.8824,0.5714,0.8342
984,23,39,10,2,0.8378,0.92,0.7959,0.7931,0.9412,21,42,7,4,0.8514,0.84,0.8571,0.7925,0.9314,21,46,3,4,0.9054,0.84,0.9388,0.8571,0.9265,21,43,6,4,0.8649,0.84,0.8776,0.8077,0.9282,20,46,3,5,0.8919,0.8,0.9388,0.8333,0.9363,22,43,6,3,0.8784,0.88,0.8776,0.8302,0.9412,20,45,4,5,0.8784,0.8,0.9184,0.8163,0.9176,16,54,1,4,0.9333,0.8,0.9818,0.8649,0.9282,12,53,2,8,0.8667,0.6,0.9636,0.7059,0.9218,7,54,1,13,0.8133,0.35,0.9818,0.5,0.7664,12,53,2,8,0.8667,0.6,0.9636,0.7059,0.9109,10,51,4,10,0.8133,0.5,0.9273,0.5882,0.8909,15,52,3,5,0.8933,0.75,0.9455,0.7895,0.8991,10,53,2,10,0.84,0.5,0.9636,0.625,0.8718
985,19,38,15,2,0.7703,0.9048,0.717,0.6909,0.9344,17,44,9,4,0.8243,0.8095,0.8302,0.7234,0.8778,17,44,9,4,0.8243,0.8095,0.8302,0.7234,0.8302,18,38,15,3,0.7568,0.8571,0.717,0.6667,0.8904,17,41,12,4,0.7838,0.8095,0.7736,0.68,0.8904,18,43,10,3,0.8243,0.8571,0.8113,0.7347,0.8437,17,39,14,4,0.7568,0.8095,0.7358,0.6538,0.8544,17,52,4,2,0.92,0.8947,0.9286,0.85,0.9643,11,55,1,8,0.88,0.5789,0.9821,0.7097,0.9897,9,56,0,10,0.8667,0.4737,1.0,0.6429,0.937,15,52,4,4,0.8933,0.7895,0.9286,0.7895,0.9586,13,51,5,6,0.8533,0.6842,0.9107,0.7027,0.968,17,54,2,2,0.9467,0.8947,0.9643,0.8947,0.9831,9,52,4,10,0.8133,0.4737,0.9286,0.5625,0.9483
986,20,33,18,3,0.7162,0.8696,0.6471,0.6557,0.8704,15,38,13,8,0.7162,0.6522,0.7451,0.5882,0.8312,14,44,7,9,0.7838,0.6087,0.8627,0.6364,0.7613,16,37,14,7,0.7162,0.6957,0.7255,0.6038,0.8303,15,39,12,8,0.7297,0.6522,0.7647,0.6,0.8346,19,39,12,4,0.7838,0.8261,0.7647,0.7037,0.861,15,37,14,8,0.7027,0.6522,0.7255,0.5769,0.8235,18,52,2,3,0.9333,0.8571,0.963,0.878,0.9233,15,51,3,6,0.88,0.7143,0.9444,0.7692,0.9198,13,54,0,8,0.8933,0.619,1.0,0.7647,0.8166,15,50,4,6,0.8667,0.7143,0.9259,0.75,0.9101,13,49,5,8,0.8267,0.619,0.9074,0.6667,0.8898,16,52,2,5,0.9067,0.7619,0.963,0.8205,0.8748,13,50,4,8,0.84,0.619,0.9259,0.6842,0.8792
987,28,27,14,5,0.7432,0.8485,0.6585,0.7467,0.7687,21,32,9,12,0.7162,0.6364,0.7805,0.6667,0.7871,22,37,4,11,0.7973,0.6667,0.9024,0.7458,0.8367,15,34,7,18,0.6622,0.4545,0.8293,0.5455,0.7605,16,33,8,17,0.6622,0.4848,0.8049,0.5614,0.7627,22,34,7,11,0.7568,0.6667,0.8293,0.7097,0.7908,16,34,7,17,0.6757,0.4848,0.8293,0.5714,0.7783,17,52,4,2,0.92,0.8947,0.9286,0.85,0.9549,12,51,5,7,0.84,0.6316,0.9107,0.6667,0.9511,11,54,2,8,0.8667,0.5789,0.9643,0.6875,0.8571,13,50,6,6,0.84,0.6842,0.8929,0.6842,0.9342,12,49,7,7,0.8133,0.6316,0.875,0.6316,0.9314,15,52,4,4,0.8933,0.7895,0.9286,0.7895,0.922,11,50,6,8,0.8133,0.5789,0.8929,0.6111,0.9164
988,18,36,16,4,0.7297,0.8182,0.6923,0.6429,0.8339,14,45,7,8,0.7973,0.6364,0.8654,0.6512,0.7911,14,43,9,8,0.7703,0.6364,0.8269,0.6222,0.771,12,42,10,10,0.7297,0.5455,0.8077,0.5455,0.785,12,42,10,10,0.7297,0.5455,0.8077,0.5455,0.7675,13,41,11,9,0.7297,0.5909,0.7885,0.5652,0.7474,12,42,10,10,0.7297,0.5455,0.8077,0.5455,0.7552,20,41,9,5,0.8133,0.8,0.82,0.7407,0.8928,11,42,8,14,0.7067,0.44,0.84,0.5,0.8976,10,48,2,15,0.7733,0.4,0.96,0.5405,0.752,14,40,10,11,0.72,0.56,0.8,0.5714,0.8768,14,40,10,11,0.72,0.56,0.8,0.5714,0.8744,17,43,7,8,0.8,0.68,0.86,0.6939,0.8728,11,40,10,14,0.68,0.44,0.8,0.4783,0.8608
989,18,40,14,2,0.7838,0.9,0.7407,0.6923,0.887,15,46,8,5,0.8243,0.75,0.8519,0.6977,0.8287,16,44,10,4,0.8108,0.8,0.8148,0.6957,0.8435,15,43,11,5,0.7838,0.75,0.7963,0.6522,0.8454,14,44,10,6,0.7838,0.7,0.8148,0.6364,0.8222,14,44,10,6,0.7838,0.7,0.8148,0.6364,0.85,14,45,9,6,0.7973,0.7,0.8333,0.6512,0.8083,19,48,4,4,0.8933,0.8261,0.9231,0.8261,0.9147,13,48,4,10,0.8133,0.5652,0.9231,0.65,0.9122,11,48,4,12,0.7867,0.4783,0.9231,0.5789,0.8403,15,48,4,8,0.84,0.6522,0.9231,0.7143,0.9114,14,48,4,9,0.8267,0.6087,0.9231,0.6829,0.9047,18,48,4,5,0.88,0.7826,0.9231,0.8,0.8997,12,48,4,11,0.8,0.5217,0.9231,0.6154,0.8763
990,21,29,20,4,0.6757,0.84,0.5918,0.6364,0.8016,17,31,18,8,0.6486,0.68,0.6327,0.5667,0.7412,18,39,10,7,0.7703,0.72,0.7959,0.6792,0.7951,16,34,15,9,0.6757,0.64,0.6939,0.5714,0.7322,16,36,13,9,0.7027,0.64,0.7347,0.5926,0.7331,19,35,14,6,0.7297,0.76,0.7143,0.6552,0.782,16,36,13,9,0.7027,0.64,0.7347,0.5926,0.7069,20,48,4,3,0.9067,0.8696,0.9231,0.8511,0.9206,17,48,4,6,0.8667,0.7391,0.9231,0.7727,0.9247,16,51,1,7,0.8933,0.6957,0.9808,0.8,0.8955,18,48,4,5,0.88,0.7826,0.9231,0.8,0.9097,18,47,5,5,0.8667,0.7826,0.9038,0.7826,0.8997,20,47,5,3,0.8933,0.8696,0.9038,0.8333,0.9214,17,48,4,6,0.8667,0.7391,0.9231,0.7727,0.8721
991,27,37,9,1,0.8649,0.9643,0.8043,0.8438,0.9309,20,42,4,8,0.8378,0.7143,0.913,0.7692,0.8874,26,41,5,2,0.9054,0.9286,0.8913,0.8814,0.9138,20,41,5,8,0.8243,0.7143,0.8913,0.7547,0.8898,19,42,4,9,0.8243,0.6786,0.913,0.7451,0.8781,21,41,5,7,0.8378,0.75,0.8913,0.7778,0.9146,19,42,4,9,0.8243,0.6786,0.913,0.7451,0.8866,21,45,6,3,0.88,0.875,0.8824,0.8235,0.8856,14,48,3,10,0.8267,0.5833,0.9412,0.6829,0.9158,15,49,2,9,0.8533,0.625,0.9608,0.7317,0.8317,17,45,6,7,0.8267,0.7083,0.8824,0.7234,0.8766,16,42,9,8,0.7733,0.6667,0.8235,0.6531,0.8676,20,45,6,4,0.8667,0.8333,0.8824,0.8,0.8758,13,45,6,11,0.7733,0.5417,0.8824,0.6047,0.8358
992,27,28,18,1,0.7432,0.9643,0.6087,0.7397,0.8905,20,33,13,8,0.7162,0.7143,0.7174,0.6557,0.7849,22,40,6,6,0.8378,0.7857,0.8696,0.7857,0.8998,20,33,13,8,0.7162,0.7143,0.7174,0.6557,0.7927,19,32,14,9,0.6892,0.6786,0.6957,0.623,0.795,24,37,9,4,0.8243,0.8571,0.8043,0.7869,0.8882,19,34,12,9,0.7162,0.6786,0.7391,0.6441,0.7811,17,52,3,3,0.92,0.85,0.9455,0.85,0.9218,13,51,4,7,0.8533,0.65,0.9273,0.7027,0.9327,15,55,0,5,0.9333,0.75,1.0,0.8571,0.86,15,51,4,5,0.88,0.75,0.9273,0.7692,0.92,15,49,6,5,0.8533,0.75,0.8909,0.7317,0.8955,17,50,5,3,0.8933,0.85,0.9091,0.8095,0.9173,13,51,4,7,0.8533,0.65,0.9273,0.7027,0.8755
993,25,35,9,5,0.8108,0.8333,0.7955,0.7812,0.8538,17,37,7,13,0.7297,0.5667,0.8409,0.6296,0.8,18,40,4,12,0.7838,0.6,0.9091,0.6923,0.7765,18,37,7,12,0.7432,0.6,0.8409,0.6545,0.772,17,38,6,13,0.7432,0.5667,0.8636,0.6415,0.778,22,39,5,8,0.8243,0.7333,0.8864,0.7719,0.8432,17,38,6,13,0.7432,0.5667,0.8636,0.6415,0.8008,19,50,2,4,0.92,0.8261,0.9615,0.8636,0.9289,15,50,2,8,0.8667,0.6522,0.9615,0.75,0.9381,12,51,1,11,0.84,0.5217,0.9808,0.6667,0.8319,17,50,2,6,0.8933,0.7391,0.9615,0.8095,0.9256,15,50,2,8,0.8667,0.6522,0.9615,0.75,0.9064,19,50,2,4,0.92,0.8261,0.9615,0.8636,0.9139,13,50,2,10,0.84,0.5652,0.9615,0.6842,0.8595
994,19,36,17,2,0.7432,0.9048,0.6792,0.6667,0.8688,13,41,12,8,0.7297,0.619,0.7736,0.5652,0.7664,17,44,9,4,0.8243,0.8095,0.8302,0.7234,0.823,13,39,14,8,0.7027,0.619,0.7358,0.5417,0.7969,13,43,10,8,0.7568,0.619,0.8113,0.5909,0.7592,14,43,10,7,0.7703,0.6667,0.8113,0.6222,0.8068,13,41,12,8,0.7297,0.619,0.7736,0.5652,0.752,19,49,3,4,0.9067,0.8261,0.9423,0.8444,0.9373,10,50,2,13,0.8,0.4348,0.9615,0.5714,0.9473,7,51,1,16,0.7733,0.3043,0.9808,0.4516,0.7726,12,49,3,11,0.8133,0.5217,0.9423,0.6316,0.9289,8,49,3,15,0.76,0.3478,0.9423,0.4706,0.9214,16,50,2,7,0.88,0.6957,0.9615,0.7805,0.888,6,49,3,17,0.7333,0.2609,0.9423,0.375,0.9139
995,26,26,16,6,0.7027,0.8125,0.619,0.7027,0.8177,22,32,10,10,0.7297,0.6875,0.7619,0.6875,0.7805,26,36,6,6,0.8378,0.8125,0.8571,0.8125,0.785,24,31,11,8,0.7432,0.75,0.7381,0.7164,0.7872,22,30,12,10,0.7027,0.6875,0.7143,0.6667,0.7656,23,32,10,9,0.7432,0.7188,0.7619,0.7077,0.7842,22,31,11,10,0.7162,0.6875,0.7381,0.6769,0.7507,18,45,10,2,0.84,0.9,0.8182,0.75,0.8491,16,46,9,4,0.8267,0.8,0.8364,0.7111,0.8436,10,49,6,10,0.7867,0.5,0.8909,0.5556,0.81,17,45,10,3,0.8267,0.85,0.8182,0.7234,0.8355,13,45,10,7,0.7733,0.65,0.8182,0.6047,0.8273,18,46,9,2,0.8533,0.9,0.8364,0.766,0.8291,12,45,10,8,0.76,0.6,0.8182,0.5714,0.8055
996,20,37,14,3,0.7703,0.8696,0.7255,0.7018,0.8551,15,44,7,8,0.7973,0.6522,0.8627,0.6667,0.8491,15,42,9,8,0.7703,0.6522,0.8235,0.6383,0.7366,17,43,8,6,0.8108,0.7391,0.8431,0.7083,0.861,14,43,8,9,0.7703,0.6087,0.8431,0.6222,0.8338,19,41,10,4,0.8108,0.8261,0.8039,0.7308,0.8312,14,43,8,9,0.7703,0.6087,0.8431,0.6222,0.8338,15,54,4,2,0.92,0.8824,0.931,0.8333,0.9351,11,53,5,6,0.8533,0.6471,0.9138,0.6667,0.929,10,56,2,7,0.88,0.5882,0.9655,0.6897,0.8418,13,52,6,4,0.8667,0.7647,0.8966,0.7222,0.9219,13,51,7,4,0.8533,0.7647,0.8793,0.7027,0.9168,14,54,4,3,0.9067,0.8235,0.931,0.8,0.9199,11,52,6,6,0.84,0.6471,0.8966,0.6471,0.8905
997,22,32,19,1,0.7297,0.9565,0.6275,0.6875,0.8841,20,37,14,3,0.7703,0.8696,0.7255,0.7018,0.8662,19,46,5,4,0.8784,0.8261,0.902,0.8085,0.9395,15,38,13,8,0.7162,0.6522,0.7451,0.5882,0.8321,17,39,12,6,0.7568,0.7391,0.7647,0.6538,0.8627,19,40,11,4,0.7973,0.8261,0.7843,0.717,0.896,17,39,12,6,0.7568,0.7391,0.7647,0.6538,0.8321,7,60,7,1,0.8933,0.875,0.8955,0.6364,0.9552,6,59,8,2,0.8667,0.75,0.8806,0.5455,0.9478,7,63,4,1,0.9333,0.875,0.9403,0.7368,0.8694,7,58,9,1,0.8667,0.875,0.8657,0.5833,0.9403,7,57,10,1,0.8533,0.875,0.8507,0.56,0.9403,7,60,7,1,0.8933,0.875,0.8955,0.6364,0.931,6,58,9,2,0.8533,0.75,0.8657,0.5217,0.9142
998,23,32,16,3,0.7432,0.8846,0.6667,0.7077,0.9199,21,39,9,5,0.8108,0.8077,0.8125,0.75,0.887,22,44,4,4,0.8919,0.8462,0.9167,0.8462,0.8974,21,40,8,5,0.8243,0.8077,0.8333,0.7636,0.9006,21,41,7,5,0.8378,0.8077,0.8542,0.7778,0.8838,21,37,11,5,0.7838,0.8077,0.7708,0.7241,0.8958,21,41,7,5,0.8378,0.8077,0.8542,0.7778,0.8718,12,55,4,4,0.8933,0.75,0.9322,0.75,0.9248,4,54,5,12,0.7733,0.25,0.9153,0.32,0.9184,4,57,2,12,0.8133,0.25,0.9661,0.3636,0.8559,8,53,6,8,0.8133,0.5,0.8983,0.5333,0.8867,8,51,8,8,0.7867,0.5,0.8644,0.5,0.8941,9,54,5,7,0.84,0.5625,0.9153,0.6,0.8867,4,53,6,12,0.76,0.25,0.8983,0.3077,0.8612
999,22,32,18,2,0.7297,0.9167,0.64,0.6875,0.8517,16,32,18,8,0.6486,0.6667,0.64,0.5517,0.75,20,40,10,4,0.8108,0.8333,0.8,0.7407,0.8392,15,33,17,9,0.6486,0.625,0.66,0.5357,0.7483,16,35,15,8,0.6892,0.6667,0.7,0.5818,0.7533,17,42,8,7,0.7973,0.7083,0.84,0.6939,0.845,16,35,15,8,0.6892,0.6667,0.7,0.5818,0.7542,19,47,6,3,0.88,0.8636,0.8868,0.8085,0.9305,15,46,7,7,0.8133,0.6818,0.8679,0.6818,0.9202,12,49,4,10,0.8133,0.5455,0.9245,0.6316,0.8319,16,46,7,6,0.8267,0.7273,0.8679,0.7111,0.9202,14,46,7,8,0.8,0.6364,0.8679,0.6512,0.9117,18,47,6,4,0.8667,0.8182,0.8868,0.7826,0.9099,13,46,7,9,0.7867,0.5909,0.8679,0.619,0.8877
1000,22,34,12,6,0.7568,0.7857,0.7391,0.7097,0.8502,20,39,7,8,0.7973,0.7143,0.8478,0.7273,0.8292,21,42,4,7,0.8514,0.75,0.913,0.7925,0.8191,19,39,7,9,0.7838,0.6786,0.8478,0.7037,0.8113,20,40,6,8,0.8108,0.7143,0.8696,0.7407,0.8152,18,39,7,10,0.7703,0.6429,0.8478,0.6792,0.7958,20,40,6,8,0.8108,0.7143,0.8696,0.7407,0.8113,16,53,4,2,0.92,0.8889,0.9298,0.8421,0.886,11,52,5,7,0.84,0.6111,0.9123,0.6471,0.8889,12,53,4,6,0.8667,0.6667,0.9298,0.7059,0.847,15,52,5,3,0.8933,0.8333,0.9123,0.7895,0.8782,14,51,6,4,0.8667,0.7778,0.8947,0.7368,0.8704,16,52,5,2,0.9067,0.8889,0.9123,0.8205,0.8869,10,52,5,8,0.8267,0.5556,0.9123,0.6061,0.8197
