Round,Model,Accuracy,AUC,F1 Score,Sensitivity,Specificity
1,MLP,0.9091,0.0,0.0,0.0,1.0
2,MLP,1.0,0.5,0.0,0.0,1.0
3,MLP,0.9091,0.0,0.0,0.0,1.0
4,MLP,1.0,0.5,0.0,0.0,1.0
5,MLP,1.0,0.5,0.0,0.0,1.0
6,MLP,0.9091,0.0,0.0,0.0,1.0
7,MLP,0.9091,0.0,0.0,0.0,1.0
8,MLP,1.0,0.5,0.0,0.0,1.0
9,MLP,0.5455,0.0,0.0,0.0,1.0
10,MLP,1.0,0.5,0.0,0.0,1.0
11,MLP,0.8182,0.0,0.0,0.0,1.0
12,MLP,1.0,0.5,0.0,0.0,1.0
13,MLP,1.0,0.5,0.0,0.0,1.0
14,MLP,0.9091,0.0,0.0,0.0,1.0
15,MLP,1.0,0.5,0.0,0.0,1.0
16,MLP,1.0,0.5,0.0,0.0,1.0
17,MLP,0.9091,0.0,0.0,0.0,1.0
18,MLP,0.7273,0.0,0.0,0.0,1.0
19,MLP,1.0,0.5,0.0,0.0,1.0
20,MLP,0.8182,0.0,0.0,0.0,1.0
21,MLP,0.9091,0.0,0.0,0.0,1.0
22,MLP,1.0,0.5,0.0,0.0,1.0
23,MLP,0.8182,0.0,0.0,0.0,1.0
24,MLP,0.9091,0.0,0.0,0.0,1.0
25,MLP,1.0,0.5,0.0,0.0,1.0
26,MLP,0.8182,0.0,0.0,0.0,1.0
27,MLP,0.9091,0.0,0.0,0.0,1.0
28,MLP,0.9091,0.0,0.0,0.0,1.0
29,MLP,0.8182,0.0,0.0,0.0,1.0
30,MLP,0.9091,0.0,0.0,0.0,1.0
31,MLP,0.7273,0.0,0.0,0.0,1.0
32,MLP,0.8182,0.0,0.0,0.0,1.0
33,MLP,1.0,0.5,0.0,0.0,1.0
34,MLP,1.0,0.5,0.0,0.0,1.0
35,MLP,0.7273,0.0,0.0,0.0,1.0
36,MLP,0.8182,0.0,0.0,0.0,1.0
37,MLP,0.9091,0.0,0.0,0.0,1.0
38,MLP,1.0,0.5,0.0,0.0,1.0
39,MLP,0.8182,0.0,0.0,0.0,1.0
40,MLP,1.0,0.5,0.0,0.0,1.0
41,MLP,0.9091,0.0,0.0,0.0,1.0
42,MLP,1.0,0.5,0.0,0.0,1.0
43,MLP,0.9091,0.0,0.0,0.0,1.0
44,MLP,0.9091,0.0,0.0,0.0,1.0
45,MLP,0.7273,0.0,0.0,0.0,1.0
46,MLP,0.5455,0.0,0.0,0.0,1.0
47,MLP,0.9091,0.0,0.0,0.0,1.0
48,MLP,1.0,0.5,0.0,0.0,1.0
49,MLP,1.0,0.5,0.0,0.0,1.0
50,MLP,0.9091,0.0,0.0,0.0,1.0
51,MLP,0.9091,0.0,0.0,0.0,1.0
52,MLP,1.0,0.5,0.0,0.0,1.0
53,MLP,1.0,0.5,0.0,0.0,1.0
54,MLP,0.9091,0.0,0.0,0.0,1.0
55,MLP,1.0,0.5,0.0,0.0,1.0
56,MLP,0.9091,0.0,0.0,0.0,1.0
57,MLP,1.0,0.5,0.0,0.0,1.0
58,MLP,0.9091,0.0,0.0,0.0,1.0
59,MLP,1.0,0.5,0.0,0.0,1.0
60,MLP,1.0,0.5,0.0,0.0,1.0
61,MLP,1.0,0.5,0.0,0.0,1.0
62,MLP,0.9091,0.0,0.0,0.0,1.0
63,MLP,0.6364,0.0,0.0,0.0,1.0
64,MLP,0.9091,0.0,0.0,0.0,1.0
65,MLP,1.0,0.5,0.0,0.0,1.0
66,MLP,0.9091,0.0,0.0,0.0,1.0
67,MLP,1.0,0.5,0.0,0.0,1.0
68,MLP,0.9091,0.0,0.0,0.0,1.0
69,MLP,0.7273,0.0,0.0,0.0,1.0
70,MLP,0.8182,0.0,0.0,0.0,1.0
71,MLP,1.0,0.5,0.0,0.0,1.0
72,MLP,1.0,0.5,0.0,0.0,1.0
73,MLP,0.9091,0.0,0.0,0.0,1.0
74,MLP,1.0,0.5,0.0,0.0,1.0
75,MLP,0.9091,0.0,0.0,0.0,1.0
76,MLP,1.0,0.5,0.0,0.0,1.0
77,MLP,0.8182,0.0,0.0,0.0,1.0
78,MLP,1.0,0.5,0.0,0.0,1.0
79,MLP,0.8182,0.0,0.0,0.0,1.0
80,MLP,0.9091,0.0,0.0,0.0,1.0
81,MLP,1.0,0.5,0.0,0.0,1.0
82,MLP,0.9091,0.0,0.0,0.0,1.0
83,MLP,0.8182,0.0,0.0,0.0,1.0
84,MLP,1.0,0.5,0.0,0.0,1.0
85,MLP,1.0,0.5,0.0,0.0,1.0
86,MLP,0.8182,0.0,0.0,0.0,1.0
87,MLP,1.0,0.5,0.0,0.0,1.0
88,MLP,1.0,0.5,0.0,0.0,1.0
89,MLP,0.9091,0.0,0.0,0.0,1.0
90,MLP,0.9091,0.0,0.0,0.0,1.0
91,MLP,0.9091,0.0,0.0,0.0,1.0
92,MLP,0.8182,0.0,0.0,0.0,1.0
93,MLP,0.9091,0.0,0.0,0.0,1.0
94,MLP,1.0,0.5,0.0,0.0,1.0
95,MLP,0.9091,0.0,0.0,0.0,1.0
96,MLP,0.8182,0.0,0.0,0.0,1.0
97,MLP,1.0,0.5,0.0,0.0,1.0
98,MLP,0.9091,0.0,0.0,0.0,1.0
99,MLP,1.0,0.5,0.0,0.0,1.0
100,MLP,0.8182,0.0,0.0,0.0,1.0
101,MLP,0.9091,0.0,0.0,0.0,1.0
102,MLP,0.9091,0.0,0.0,0.0,1.0
103,MLP,1.0,0.5,0.0,0.0,1.0
104,MLP,1.0,0.5,0.0,0.0,1.0
105,MLP,1.0,0.5,0.0,0.0,1.0
106,MLP,1.0,0.5,0.0,0.0,1.0
107,MLP,0.9091,0.0,0.0,0.0,1.0
108,MLP,0.9091,0.0,0.0,0.0,1.0
109,MLP,0.9091,0.0,0.0,0.0,1.0
110,MLP,0.9091,0.0,0.0,0.0,1.0
111,MLP,1.0,0.5,0.0,0.0,1.0
112,MLP,0.9091,0.0,0.0,0.0,1.0
113,MLP,0.7273,0.0,0.0,0.0,1.0
114,MLP,0.9091,0.0,0.0,0.0,1.0
115,MLP,0.9091,0.0,0.0,0.0,1.0
116,MLP,0.9091,0.0,0.0,0.0,1.0
117,MLP,0.9091,0.0,0.0,0.0,1.0
118,MLP,0.8182,0.0,0.0,0.0,1.0
119,MLP,1.0,0.5,0.0,0.0,1.0
120,MLP,0.8182,0.0,0.0,0.0,1.0
121,MLP,0.7273,0.0,0.0,0.0,1.0
122,MLP,1.0,0.5,0.0,0.0,1.0
123,MLP,1.0,0.5,0.0,0.0,1.0
124,MLP,0.8182,0.0,0.0,0.0,1.0
125,MLP,0.9091,0.0,0.0,0.0,1.0
126,MLP,0.8182,0.0,0.0,0.0,1.0
127,MLP,1.0,0.5,0.0,0.0,1.0
128,MLP,0.9091,0.0,0.0,0.0,1.0
129,MLP,0.9091,0.0,0.0,0.0,1.0
130,MLP,0.8182,0.0,0.0,0.0,1.0
131,MLP,0.9091,0.0,0.0,0.0,1.0
132,MLP,1.0,0.5,0.0,0.0,1.0
133,MLP,0.9091,0.0,0.0,0.0,1.0
134,MLP,1.0,0.5,0.0,0.0,1.0
135,MLP,0.9091,0.0,0.0,0.0,1.0
136,MLP,0.9091,0.0,0.0,0.0,1.0
137,MLP,0.9091,0.0,0.0,0.0,1.0
138,MLP,0.8182,0.0,0.0,0.0,1.0
139,MLP,0.8182,0.0,0.0,0.0,1.0
140,MLP,1.0,0.5,0.0,0.0,1.0
141,MLP,0.7273,0.0,0.0,0.0,1.0
142,MLP,0.8182,0.0,0.0,0.0,1.0
143,MLP,1.0,0.5,0.0,0.0,1.0
144,MLP,0.8182,0.0,0.0,0.0,1.0
145,MLP,0.8182,0.0,0.0,0.0,1.0
146,MLP,1.0,0.5,0.0,0.0,1.0
147,MLP,0.7273,0.0,0.0,0.0,1.0
148,MLP,1.0,0.5,0.0,0.0,1.0
149,MLP,1.0,0.5,0.0,0.0,1.0
150,MLP,0.9091,0.0,0.0,0.0,1.0
151,MLP,1.0,0.5,0.0,0.0,1.0
152,MLP,0.7273,0.0,0.0,0.0,1.0
153,MLP,0.8182,0.0,0.0,0.0,1.0
154,MLP,1.0,0.5,0.0,0.0,1.0
155,MLP,1.0,0.5,0.0,0.0,1.0
156,MLP,0.9091,0.0,0.0,0.0,1.0
157,MLP,1.0,0.5,0.0,0.0,1.0
158,MLP,0.9091,0.0,0.0,0.0,1.0
159,MLP,0.8182,0.0,0.0,0.0,1.0
160,MLP,1.0,0.5,0.0,0.0,1.0
161,MLP,0.9091,0.0,0.0,0.0,1.0
162,MLP,1.0,0.5,0.0,0.0,1.0
163,MLP,0.9091,0.0,0.0,0.0,1.0
164,MLP,1.0,0.5,0.0,0.0,1.0
165,MLP,0.9091,0.0,0.0,0.0,1.0
166,MLP,1.0,0.5,0.0,0.0,1.0
167,MLP,1.0,0.5,0.0,0.0,1.0
168,MLP,1.0,0.5,0.0,0.0,1.0
169,MLP,0.9091,0.0,0.0,0.0,1.0
170,MLP,1.0,0.5,0.0,0.0,1.0
171,MLP,1.0,0.5,0.0,0.0,1.0
172,MLP,1.0,0.5,0.0,0.0,1.0
173,MLP,0.9091,0.0,0.0,0.0,1.0
174,MLP,0.7273,0.0,0.0,0.0,1.0
175,MLP,1.0,0.5,0.0,0.0,1.0
176,MLP,1.0,0.5,0.0,0.0,1.0
177,MLP,0.9091,0.0,0.0,0.0,1.0
178,MLP,0.9091,0.0,0.0,0.0,1.0
179,MLP,1.0,0.5,0.0,0.0,1.0
180,MLP,0.9091,0.0,0.0,0.0,1.0
181,MLP,0.8182,0.0,0.0,0.0,1.0
182,MLP,0.6364,0.0,0.0,0.0,1.0
183,MLP,0.9091,0.0,0.0,0.0,1.0
184,MLP,1.0,0.5,0.0,0.0,1.0
185,MLP,1.0,0.5,0.0,0.0,1.0
186,MLP,0.8182,0.0,0.0,0.0,1.0
187,MLP,1.0,0.5,0.0,0.0,1.0
188,MLP,0.9091,0.0,0.0,0.0,1.0
189,MLP,1.0,0.5,0.0,0.0,1.0
190,MLP,1.0,0.5,0.0,0.0,1.0
191,MLP,0.9091,0.0,0.0,0.0,1.0
192,MLP,0.9091,0.0,0.0,0.0,1.0
193,MLP,0.9091,0.0,0.0,0.0,1.0
194,MLP,1.0,0.5,0.0,0.0,1.0
195,MLP,0.9091,0.0,0.0,0.0,1.0
196,MLP,0.9091,0.0,0.0,0.0,1.0
197,MLP,0.9091,0.0,0.0,0.0,1.0
198,MLP,1.0,0.5,0.0,0.0,1.0
199,MLP,1.0,0.5,0.0,0.0,1.0
200,MLP,0.8182,0.0,0.0,0.0,1.0
201,MLP,0.9091,0.0,0.0,0.0,1.0
202,MLP,0.9091,0.0,0.0,0.0,1.0
203,MLP,0.9091,0.0,0.0,0.0,1.0
204,MLP,0.9091,0.0,0.0,0.0,1.0
205,MLP,0.9091,0.0,0.0,0.0,1.0
206,MLP,1.0,0.5,0.0,0.0,1.0
207,MLP,0.9091,0.0,0.0,0.0,1.0
208,MLP,1.0,0.5,0.0,0.0,1.0
209,MLP,0.9091,0.0,0.0,0.0,1.0
210,MLP,0.9091,0.0,0.0,0.0,1.0
211,MLP,1.0,0.5,0.0,0.0,1.0
212,MLP,1.0,0.5,0.0,0.0,1.0
213,MLP,0.9091,0.0,0.0,0.0,1.0
214,MLP,1.0,0.5,0.0,0.0,1.0
215,MLP,1.0,0.5,0.0,0.0,1.0
216,MLP,0.9091,0.0,0.0,0.0,1.0
217,MLP,1.0,0.5,0.0,0.0,1.0
218,MLP,0.8182,0.0,0.0,0.0,1.0
219,MLP,0.9091,0.0,0.0,0.0,1.0
220,MLP,0.8182,0.0,0.0,0.0,1.0
221,MLP,0.6364,0.0,0.0,0.0,1.0
222,MLP,0.9091,0.0,0.0,0.0,1.0
223,MLP,1.0,0.5,0.0,0.0,1.0
224,MLP,0.9091,0.0,0.0,0.0,1.0
225,MLP,0.9091,0.0,0.0,0.0,1.0
226,MLP,0.9091,0.0,0.0,0.0,1.0
227,MLP,0.9091,0.0,0.0,0.0,1.0
228,MLP,0.9091,0.0,0.0,0.0,1.0
229,MLP,0.9091,0.0,0.0,0.0,1.0
230,MLP,0.9091,0.0,0.0,0.0,1.0
231,MLP,0.6364,0.0,0.0,0.0,1.0
232,MLP,0.9091,0.0,0.0,0.0,1.0
233,MLP,0.9091,0.0,0.0,0.0,1.0
234,MLP,0.9091,0.0,0.0,0.0,1.0
235,MLP,0.8182,0.0,0.0,0.0,1.0
236,MLP,0.8182,0.0,0.0,0.0,1.0
237,MLP,1.0,0.5,0.0,0.0,1.0
238,MLP,1.0,0.5,0.0,0.0,1.0
239,MLP,1.0,0.5,0.0,0.0,1.0
240,MLP,1.0,0.5,0.0,0.0,1.0
241,MLP,0.9091,0.0,0.0,0.0,1.0
242,MLP,0.9091,0.0,0.0,0.0,1.0
243,MLP,0.9091,0.0,0.0,0.0,1.0
244,MLP,0.9091,0.0,0.0,0.0,1.0
245,MLP,0.9091,0.0,0.0,0.0,1.0
246,MLP,0.7273,0.0,0.0,0.0,1.0
247,MLP,0.9091,0.0,0.0,0.0,1.0
248,MLP,1.0,0.5,0.0,0.0,1.0
249,MLP,1.0,0.5,0.0,0.0,1.0
250,MLP,0.8182,0.0,0.0,0.0,1.0
251,MLP,0.8182,0.0,0.0,0.0,1.0
252,MLP,0.9091,0.0,0.0,0.0,1.0
253,MLP,1.0,0.5,0.0,0.0,1.0
254,MLP,0.8182,0.0,0.0,0.0,1.0
255,MLP,0.9091,0.0,0.0,0.0,1.0
256,MLP,0.8182,0.0,0.0,0.0,1.0
257,MLP,0.9091,0.0,0.0,0.0,1.0
258,MLP,0.9091,0.0,0.0,0.0,1.0
259,MLP,1.0,0.5,0.0,0.0,1.0
260,MLP,0.9091,0.0,0.0,0.0,1.0
261,MLP,1.0,0.5,0.0,0.0,1.0
262,MLP,1.0,0.5,0.0,0.0,1.0
263,MLP,1.0,0.5,0.0,0.0,1.0
264,MLP,0.9091,0.0,0.0,0.0,1.0
265,MLP,0.9091,0.0,0.0,0.0,1.0
266,MLP,0.9091,0.0,0.0,0.0,1.0
267,MLP,1.0,0.5,0.0,0.0,1.0
268,MLP,0.5455,0.0,0.0,0.0,1.0
269,MLP,1.0,0.5,0.0,0.0,1.0
270,MLP,0.9091,0.0,0.0,0.0,1.0
271,MLP,1.0,0.5,0.0,0.0,1.0
272,MLP,0.9091,0.0,0.0,0.0,1.0
273,MLP,0.7273,0.0,0.0,0.0,1.0
274,MLP,0.9091,0.0,0.0,0.0,1.0
275,MLP,0.9091,0.0,0.0,0.0,1.0
276,MLP,0.7273,0.0,0.0,0.0,1.0
277,MLP,0.8182,0.0,0.0,0.0,1.0
278,MLP,0.8182,0.0,0.0,0.0,1.0
279,MLP,1.0,0.5,0.0,0.0,1.0
280,MLP,1.0,0.5,0.0,0.0,1.0
281,MLP,1.0,0.5,0.0,0.0,1.0
282,MLP,0.9091,0.0,0.0,0.0,1.0
283,MLP,1.0,0.5,0.0,0.0,1.0
284,MLP,1.0,0.5,0.0,0.0,1.0
285,MLP,0.8182,0.0,0.0,0.0,1.0
286,MLP,0.9091,0.0,0.0,0.0,1.0
287,MLP,0.8182,0.0,0.0,0.0,1.0
288,MLP,0.9091,0.0,0.0,0.0,1.0
289,MLP,1.0,0.5,0.0,0.0,1.0
290,MLP,1.0,0.5,0.0,0.0,1.0
291,MLP,0.9091,0.0,0.0,0.0,1.0
292,MLP,0.8182,0.0,0.0,0.0,1.0
293,MLP,0.8182,0.0,0.0,0.0,1.0
294,MLP,0.9091,0.0,0.0,0.0,1.0
295,MLP,1.0,0.5,0.0,0.0,1.0
296,MLP,0.9091,0.0,0.0,0.0,1.0
297,MLP,1.0,0.5,0.0,0.0,1.0
298,MLP,0.9091,0.0,0.0,0.0,1.0
299,MLP,0.8182,0.0,0.0,0.0,1.0
300,MLP,1.0,0.5,0.0,0.0,1.0
301,MLP,1.0,0.5,0.0,0.0,1.0
302,MLP,0.9091,0.0,0.0,0.0,1.0
303,MLP,0.9091,0.0,0.0,0.0,1.0
304,MLP,1.0,0.5,0.0,0.0,1.0
305,MLP,0.8182,0.0,0.0,0.0,1.0
306,MLP,0.9091,0.0,0.0,0.0,1.0
307,MLP,0.9091,0.0,0.0,0.0,1.0
308,MLP,0.9091,0.0,0.0,0.0,1.0
309,MLP,0.8182,0.0,0.0,0.0,1.0
310,MLP,1.0,0.5,0.0,0.0,1.0
311,MLP,0.8182,0.0,0.0,0.0,1.0
312,MLP,0.9091,0.0,0.0,0.0,1.0
313,MLP,0.8182,0.0,0.0,0.0,1.0
314,MLP,1.0,0.5,0.0,0.0,1.0
315,MLP,0.7273,0.0,0.0,0.0,1.0
316,MLP,1.0,0.5,0.0,0.0,1.0
317,MLP,0.9091,0.0,0.0,0.0,1.0
318,MLP,0.6364,0.0,0.0,0.0,1.0
319,MLP,0.8182,0.0,0.0,0.0,1.0
320,MLP,1.0,0.5,0.0,0.0,1.0
321,MLP,0.8182,0.0,0.0,0.0,1.0
322,MLP,0.8182,0.0,0.0,0.0,1.0
323,MLP,0.9091,0.0,0.0,0.0,1.0
324,MLP,1.0,0.5,0.0,0.0,1.0
325,MLP,0.8182,0.0,0.0,0.0,1.0
326,MLP,0.9091,0.0,0.0,0.0,1.0
327,MLP,0.9091,0.0,0.0,0.0,1.0
328,MLP,0.7273,0.0,0.0,0.0,1.0
329,MLP,0.8182,0.0,0.0,0.0,1.0
330,MLP,1.0,0.5,0.0,0.0,1.0
331,MLP,0.9091,0.0,0.0,0.0,1.0
332,MLP,1.0,0.5,0.0,0.0,1.0
333,MLP,1.0,0.5,0.0,0.0,1.0
334,MLP,1.0,0.5,0.0,0.0,1.0
335,MLP,0.8182,0.0,0.0,0.0,1.0
336,MLP,1.0,0.5,0.0,0.0,1.0
337,MLP,0.8182,0.0,0.0,0.0,1.0
338,MLP,1.0,0.5,0.0,0.0,1.0
339,MLP,0.7273,0.0,0.0,0.0,1.0
340,MLP,0.8182,0.0,0.0,0.0,1.0
341,MLP,0.8182,0.0,0.0,0.0,1.0
342,MLP,0.8182,0.0,0.0,0.0,1.0
343,MLP,0.9091,0.0,0.0,0.0,1.0
344,MLP,1.0,0.5,0.0,0.0,1.0
345,MLP,0.8182,0.0,0.0,0.0,1.0
346,MLP,0.8182,0.0,0.0,0.0,1.0
347,MLP,0.9091,0.0,0.0,0.0,1.0
348,MLP,0.8182,0.0,0.0,0.0,1.0
349,MLP,0.8182,0.0,0.0,0.0,1.0
350,MLP,0.8182,0.0,0.0,0.0,1.0
351,MLP,1.0,0.5,0.0,0.0,1.0
352,MLP,0.9091,0.0,0.0,0.0,1.0
353,MLP,1.0,0.5,0.0,0.0,1.0
354,MLP,1.0,0.5,0.0,0.0,1.0
355,MLP,0.9091,0.0,0.0,0.0,1.0
356,MLP,0.9091,0.0,0.0,0.0,1.0
357,MLP,0.9091,0.0,0.0,0.0,1.0
358,MLP,0.8182,0.0,0.0,0.0,1.0
359,MLP,1.0,0.5,0.0,0.0,1.0
360,MLP,0.8182,0.0,0.0,0.0,1.0
361,MLP,0.8182,0.0,0.0,0.0,1.0
362,MLP,1.0,0.5,0.0,0.0,1.0
363,MLP,1.0,0.5,0.0,0.0,1.0
364,MLP,1.0,0.5,0.0,0.0,1.0
365,MLP,1.0,0.5,0.0,0.0,1.0
366,MLP,0.8182,0.0,0.0,0.0,1.0
367,MLP,1.0,0.5,0.0,0.0,1.0
368,MLP,1.0,0.5,0.0,0.0,1.0
369,MLP,0.8182,0.0,0.0,0.0,1.0
370,MLP,0.9091,0.0,0.0,0.0,1.0
371,MLP,0.8182,0.0,0.0,0.0,1.0
372,MLP,0.8182,0.0,0.0,0.0,1.0
373,MLP,1.0,0.5,0.0,0.0,1.0
374,MLP,0.9091,0.0,0.0,0.0,1.0
375,MLP,0.9091,0.0,0.0,0.0,1.0
376,MLP,0.9091,0.0,0.0,0.0,1.0
377,MLP,0.9091,0.0,0.0,0.0,1.0
378,MLP,0.8182,0.0,0.0,0.0,1.0
379,MLP,0.9091,0.0,0.0,0.0,1.0
380,MLP,1.0,0.5,0.0,0.0,1.0
381,MLP,0.9091,0.0,0.0,0.0,1.0
382,MLP,1.0,0.5,0.0,0.0,1.0
383,MLP,0.8182,0.0,0.0,0.0,1.0
384,MLP,0.8182,0.0,0.0,0.0,1.0
385,MLP,1.0,0.5,0.0,0.0,1.0
386,MLP,1.0,0.5,0.0,0.0,1.0
387,MLP,0.8182,0.0,0.0,0.0,1.0
388,MLP,0.7273,0.0,0.0,0.0,1.0
389,MLP,0.9091,0.0,0.0,0.0,1.0
390,MLP,0.8182,0.0,0.0,0.0,1.0
391,MLP,1.0,0.5,0.0,0.0,1.0
392,MLP,0.9091,0.0,0.0,0.0,1.0
393,MLP,1.0,0.5,0.0,0.0,1.0
394,MLP,1.0,0.5,0.0,0.0,1.0
395,MLP,1.0,0.5,0.0,0.0,1.0
396,MLP,1.0,0.5,0.0,0.0,1.0
397,MLP,0.7273,0.0,0.0,0.0,1.0
398,MLP,0.8182,0.0,0.0,0.0,1.0
399,MLP,0.8182,0.0,0.0,0.0,1.0
400,MLP,0.8182,0.0,0.0,0.0,1.0
401,MLP,1.0,0.5,0.0,0.0,1.0
402,MLP,0.9091,0.0,0.0,0.0,1.0
403,MLP,0.9091,0.0,0.0,0.0,1.0
404,MLP,0.7273,0.0,0.0,0.0,1.0
405,MLP,1.0,0.5,0.0,0.0,1.0
406,MLP,0.9091,0.0,0.0,0.0,1.0
407,MLP,0.7273,0.0,0.0,0.0,1.0
408,MLP,1.0,0.5,0.0,0.0,1.0
409,MLP,0.8182,0.0,0.0,0.0,1.0
410,MLP,0.8182,0.0,0.0,0.0,1.0
411,MLP,1.0,0.5,0.0,0.0,1.0
412,MLP,0.8182,0.0,0.0,0.0,1.0
413,MLP,0.9091,0.0,0.0,0.0,1.0
414,MLP,0.9091,0.0,0.0,0.0,1.0
415,MLP,1.0,0.5,0.0,0.0,1.0
416,MLP,0.9091,0.0,0.0,0.0,1.0
417,MLP,0.8182,0.0,0.0,0.0,1.0
418,MLP,0.8182,0.0,0.0,0.0,1.0
419,MLP,0.8182,0.0,0.0,0.0,1.0
420,MLP,0.9091,0.0,0.0,0.0,1.0
421,MLP,1.0,0.5,0.0,0.0,1.0
422,MLP,0.8182,0.0,0.0,0.0,1.0
423,MLP,1.0,0.5,0.0,0.0,1.0
424,MLP,0.9091,0.0,0.0,0.0,1.0
425,MLP,0.9091,0.0,0.0,0.0,1.0
426,MLP,0.9091,0.0,0.0,0.0,1.0
427,MLP,1.0,0.5,0.0,0.0,1.0
428,MLP,0.9091,0.0,0.0,0.0,1.0
429,MLP,1.0,0.5,0.0,0.0,1.0
430,MLP,0.9091,0.0,0.0,0.0,1.0
431,MLP,1.0,0.5,0.0,0.0,1.0
432,MLP,1.0,0.5,0.0,0.0,1.0
433,MLP,0.9091,0.0,0.0,0.0,1.0
434,MLP,0.9091,0.0,0.0,0.0,1.0
435,MLP,0.9091,0.0,0.0,0.0,1.0
436,MLP,0.9091,0.0,0.0,0.0,1.0
437,MLP,0.9091,0.0,0.0,0.0,1.0
438,MLP,1.0,0.5,0.0,0.0,1.0
439,MLP,0.8182,0.0,0.0,0.0,1.0
440,MLP,0.9091,0.0,0.0,0.0,1.0
441,MLP,0.8182,0.0,0.0,0.0,1.0
442,MLP,1.0,0.5,0.0,0.0,1.0
443,MLP,0.9091,0.0,0.0,0.0,1.0
444,MLP,0.9091,0.0,0.0,0.0,1.0
445,MLP,0.8182,0.0,0.0,0.0,1.0
446,MLP,1.0,0.5,0.0,0.0,1.0
447,MLP,1.0,0.5,0.0,0.0,1.0
448,MLP,0.8182,0.0,0.0,0.0,1.0
449,MLP,0.9091,0.0,0.0,0.0,1.0
450,MLP,0.9091,0.0,0.0,0.0,1.0
451,MLP,0.8182,0.0,0.0,0.0,1.0
452,MLP,1.0,0.5,0.0,0.0,1.0
453,MLP,1.0,0.5,0.0,0.0,1.0
454,MLP,1.0,0.5,0.0,0.0,1.0
455,MLP,1.0,0.5,0.0,0.0,1.0
456,MLP,0.9091,0.0,0.0,0.0,1.0
457,MLP,0.9091,0.0,0.0,0.0,1.0
458,MLP,0.9091,0.0,0.0,0.0,1.0
459,MLP,0.9091,0.0,0.0,0.0,1.0
460,MLP,0.9091,0.0,0.0,0.0,1.0
461,MLP,0.9091,0.0,0.0,0.0,1.0
462,MLP,1.0,0.5,0.0,0.0,1.0
463,MLP,0.9091,0.0,0.0,0.0,1.0
464,MLP,1.0,0.5,0.0,0.0,1.0
465,MLP,1.0,0.5,0.0,0.0,1.0
466,MLP,0.8182,0.0,0.0,0.0,1.0
467,MLP,1.0,0.5,0.0,0.0,1.0
468,MLP,0.9091,0.0,0.0,0.0,1.0
469,MLP,1.0,0.5,0.0,0.0,1.0
470,MLP,1.0,0.5,0.0,0.0,1.0
471,MLP,1.0,0.5,0.0,0.0,1.0
472,MLP,0.9091,0.0,0.0,0.0,1.0
473,MLP,0.9091,0.0,0.0,0.0,1.0
474,MLP,1.0,0.5,0.0,0.0,1.0
475,MLP,0.8182,0.0,0.0,0.0,1.0
476,MLP,0.7273,0.0,0.0,0.0,1.0
477,MLP,1.0,0.5,0.0,0.0,1.0
478,MLP,1.0,0.5,0.0,0.0,1.0
479,MLP,1.0,0.5,0.0,0.0,1.0
480,MLP,0.9091,0.0,0.0,0.0,1.0
481,MLP,0.9091,0.0,0.0,0.0,1.0
482,MLP,1.0,0.5,0.0,0.0,1.0
483,MLP,0.9091,0.0,0.0,0.0,1.0
484,MLP,1.0,0.5,0.0,0.0,1.0
485,MLP,0.9091,0.0,0.0,0.0,1.0
486,MLP,0.8182,0.0,0.0,0.0,1.0
487,MLP,0.8182,0.0,0.0,0.0,1.0
488,MLP,0.9091,0.0,0.0,0.0,1.0
489,MLP,0.8182,0.0,0.0,0.0,1.0
490,MLP,0.9091,0.0,0.0,0.0,1.0
491,MLP,0.7273,0.0,0.0,0.0,1.0
492,MLP,0.8182,0.0,0.0,0.0,1.0
493,MLP,0.9091,0.0,0.0,0.0,1.0
494,MLP,0.9091,0.0,0.0,0.0,1.0
495,MLP,1.0,0.5,0.0,0.0,1.0
496,MLP,0.9091,0.0,0.0,0.0,1.0
497,MLP,1.0,0.5,0.0,0.0,1.0
498,MLP,0.8182,0.0,0.0,0.0,1.0
499,MLP,0.8182,0.0,0.0,0.0,1.0
500,MLP,0.9091,0.0,0.0,0.0,1.0
501,MLP,0.8182,0.0,0.0,0.0,1.0
502,MLP,1.0,0.5,0.0,0.0,1.0
503,MLP,0.9091,0.0,0.0,0.0,1.0
504,MLP,1.0,0.5,0.0,0.0,1.0
505,MLP,1.0,0.5,0.0,0.0,1.0
506,MLP,0.9091,0.0,0.0,0.0,1.0
507,MLP,0.9091,0.0,0.0,0.0,1.0
508,MLP,1.0,0.5,0.0,0.0,1.0
509,MLP,1.0,0.5,0.0,0.0,1.0
510,MLP,1.0,0.5,0.0,0.0,1.0
511,MLP,1.0,0.5,0.0,0.0,1.0
512,MLP,0.9091,0.0,0.0,0.0,1.0
513,MLP,0.9091,0.0,0.0,0.0,1.0
514,MLP,0.9091,0.0,0.0,0.0,1.0
515,MLP,0.9091,0.0,0.0,0.0,1.0
516,MLP,0.9091,0.0,0.0,0.0,1.0
517,MLP,1.0,0.5,0.0,0.0,1.0
518,MLP,1.0,0.5,0.0,0.0,1.0
519,MLP,0.8182,0.0,0.0,0.0,1.0
520,MLP,0.9091,0.0,0.0,0.0,1.0
521,MLP,0.9091,0.0,0.0,0.0,1.0
522,MLP,1.0,0.5,0.0,0.0,1.0
523,MLP,0.9091,0.0,0.0,0.0,1.0
524,MLP,0.8182,0.0,0.0,0.0,1.0
525,MLP,1.0,0.5,0.0,0.0,1.0
526,MLP,0.9091,0.0,0.0,0.0,1.0
527,MLP,0.9091,0.0,0.0,0.0,1.0
528,MLP,0.9091,0.0,0.0,0.0,1.0
529,MLP,1.0,0.5,0.0,0.0,1.0
530,MLP,0.7273,0.0,0.0,0.0,1.0
531,MLP,1.0,0.5,0.0,0.0,1.0
532,MLP,1.0,0.5,0.0,0.0,1.0
533,MLP,0.9091,0.0,0.0,0.0,1.0
534,MLP,0.8182,0.0,0.0,0.0,1.0
535,MLP,0.8182,0.0,0.0,0.0,1.0
536,MLP,0.7273,0.0,0.0,0.0,1.0
537,MLP,0.9091,0.0,0.0,0.0,1.0
538,MLP,0.6364,0.0,0.0,0.0,1.0
539,MLP,0.7273,0.0,0.0,0.0,1.0
540,MLP,0.9091,0.0,0.0,0.0,1.0
541,MLP,0.6364,0.0,0.0,0.0,1.0
542,MLP,0.9091,0.0,0.0,0.0,1.0
543,MLP,0.9091,0.0,0.0,0.0,1.0
544,MLP,0.9091,0.0,0.0,0.0,1.0
545,MLP,1.0,0.5,0.0,0.0,1.0
546,MLP,1.0,0.5,0.0,0.0,1.0
547,MLP,0.8182,0.0,0.0,0.0,1.0
548,MLP,0.8182,0.0,0.0,0.0,1.0
549,MLP,1.0,0.5,0.0,0.0,1.0
550,MLP,0.9091,0.0,0.0,0.0,1.0
551,MLP,0.9091,0.0,0.0,0.0,1.0
552,MLP,0.9091,0.0,0.0,0.0,1.0
553,MLP,0.8182,0.0,0.0,0.0,1.0
554,MLP,0.9091,0.0,0.0,0.0,1.0
555,MLP,0.7273,0.0,0.0,0.0,1.0
556,MLP,1.0,0.5,0.0,0.0,1.0
557,MLP,0.9091,0.0,0.0,0.0,1.0
558,MLP,1.0,0.5,0.0,0.0,1.0
559,MLP,0.8182,0.0,0.0,0.0,1.0
560,MLP,0.9091,0.0,0.0,0.0,1.0
561,MLP,0.7273,0.0,0.0,0.0,1.0
562,MLP,1.0,0.5,0.0,0.0,1.0
563,MLP,0.8182,0.0,0.0,0.0,1.0
564,MLP,1.0,0.5,0.0,0.0,1.0
565,MLP,0.9091,0.0,0.0,0.0,1.0
566,MLP,1.0,0.5,0.0,0.0,1.0
567,MLP,0.9091,0.0,0.0,0.0,1.0
568,MLP,0.9091,0.0,0.0,0.0,1.0
569,MLP,0.9091,0.0,0.0,0.0,1.0
570,MLP,1.0,0.5,0.0,0.0,1.0
571,MLP,1.0,0.5,0.0,0.0,1.0
572,MLP,0.9091,0.0,0.0,0.0,1.0
573,MLP,1.0,0.5,0.0,0.0,1.0
574,MLP,1.0,0.5,0.0,0.0,1.0
575,MLP,1.0,0.5,0.0,0.0,1.0
576,MLP,0.7273,0.0,0.0,0.0,1.0
577,MLP,1.0,0.5,0.0,0.0,1.0
578,MLP,0.8182,0.0,0.0,0.0,1.0
579,MLP,1.0,0.5,0.0,0.0,1.0
580,MLP,0.9091,0.0,0.0,0.0,1.0
581,MLP,1.0,0.5,0.0,0.0,1.0
582,MLP,0.9091,0.0,0.0,0.0,1.0
583,MLP,1.0,0.5,0.0,0.0,1.0
584,MLP,0.8182,0.0,0.0,0.0,1.0
585,MLP,0.8182,0.0,0.0,0.0,1.0
586,MLP,0.9091,0.0,0.0,0.0,1.0
587,MLP,0.8182,0.0,0.0,0.0,1.0
588,MLP,0.8182,0.0,0.0,0.0,1.0
589,MLP,1.0,0.5,0.0,0.0,1.0
590,MLP,0.9091,0.0,0.0,0.0,1.0
591,MLP,0.8182,0.0,0.0,0.0,1.0
592,MLP,1.0,0.5,0.0,0.0,1.0
593,MLP,1.0,0.5,0.0,0.0,1.0
594,MLP,0.8182,0.0,0.0,0.0,1.0
595,MLP,0.8182,0.0,0.0,0.0,1.0
596,MLP,0.8182,0.0,0.0,0.0,1.0
597,MLP,1.0,0.5,0.0,0.0,1.0
598,MLP,0.9091,0.0,0.0,0.0,1.0
599,MLP,1.0,0.5,0.0,0.0,1.0
600,MLP,0.7273,0.0,0.0,0.0,1.0
601,MLP,0.8182,0.0,0.0,0.0,1.0
602,MLP,1.0,0.5,0.0,0.0,1.0
603,MLP,0.9091,0.0,0.0,0.0,1.0
604,MLP,1.0,0.5,0.0,0.0,1.0
605,MLP,0.9091,0.0,0.0,0.0,1.0
606,MLP,1.0,0.5,0.0,0.0,1.0
607,MLP,1.0,0.5,0.0,0.0,1.0
608,MLP,0.9091,0.0,0.0,0.0,1.0
609,MLP,1.0,0.5,0.0,0.0,1.0
610,MLP,1.0,0.5,0.0,0.0,1.0
611,MLP,0.9091,0.0,0.0,0.0,1.0
612,MLP,1.0,0.5,0.0,0.0,1.0
613,MLP,1.0,0.5,0.0,0.0,1.0
614,MLP,0.9091,0.0,0.0,0.0,1.0
615,MLP,0.9091,0.0,0.0,0.0,1.0
616,MLP,0.8182,0.0,0.0,0.0,1.0
617,MLP,0.9091,0.0,0.0,0.0,1.0
618,MLP,1.0,0.5,0.0,0.0,1.0
619,MLP,0.7273,0.0,0.0,0.0,1.0
620,MLP,1.0,0.5,0.0,0.0,1.0
621,MLP,0.9091,0.0,0.0,0.0,1.0
622,MLP,0.9091,0.0,0.0,0.0,1.0
623,MLP,0.8182,0.0,0.0,0.0,1.0
624,MLP,1.0,0.5,0.0,0.0,1.0
625,MLP,1.0,0.5,0.0,0.0,1.0
626,MLP,0.7273,0.0,0.0,0.0,1.0
627,MLP,1.0,0.5,0.0,0.0,1.0
628,MLP,0.9091,0.0,0.0,0.0,1.0
629,MLP,1.0,0.5,0.0,0.0,1.0
630,MLP,0.9091,0.0,0.0,0.0,1.0
631,MLP,1.0,0.5,0.0,0.0,1.0
632,MLP,0.9091,0.0,0.0,0.0,1.0
633,MLP,1.0,0.5,0.0,0.0,1.0
634,MLP,1.0,0.5,0.0,0.0,1.0
635,MLP,0.8182,0.0,0.0,0.0,1.0
636,MLP,1.0,0.5,0.0,0.0,1.0
637,MLP,0.8182,0.0,0.0,0.0,1.0
638,MLP,0.9091,0.0,0.0,0.0,1.0
639,MLP,1.0,0.5,0.0,0.0,1.0
640,MLP,0.9091,0.0,0.0,0.0,1.0
641,MLP,0.9091,0.0,0.0,0.0,1.0
642,MLP,1.0,0.5,0.0,0.0,1.0
643,MLP,1.0,0.5,0.0,0.0,1.0
644,MLP,0.8182,0.0,0.0,0.0,1.0
645,MLP,0.9091,0.0,0.0,0.0,1.0
646,MLP,0.8182,0.0,0.0,0.0,1.0
647,MLP,1.0,0.5,0.0,0.0,1.0
648,MLP,1.0,0.5,0.0,0.0,1.0
649,MLP,0.9091,0.0,0.0,0.0,1.0
650,MLP,0.9091,0.0,0.0,0.0,1.0
651,MLP,1.0,0.5,0.0,0.0,1.0
652,MLP,0.9091,0.0,0.0,0.0,1.0
653,MLP,1.0,0.5,0.0,0.0,1.0
654,MLP,1.0,0.5,0.0,0.0,1.0
655,MLP,0.8182,0.0,0.0,0.0,1.0
656,MLP,1.0,0.5,0.0,0.0,1.0
657,MLP,0.9091,0.0,0.0,0.0,1.0
658,MLP,0.9091,0.0,0.0,0.0,1.0
659,MLP,0.9091,0.0,0.0,0.0,1.0
660,MLP,0.9091,0.0,0.0,0.0,1.0
661,MLP,1.0,0.5,0.0,0.0,1.0
662,MLP,0.9091,0.0,0.0,0.0,1.0
663,MLP,1.0,0.5,0.0,0.0,1.0
664,MLP,1.0,0.5,0.0,0.0,1.0
665,MLP,1.0,0.5,0.0,0.0,1.0
666,MLP,0.9091,0.0,0.0,0.0,1.0
667,MLP,0.7273,0.0,0.0,0.0,1.0
668,MLP,1.0,0.5,0.0,0.0,1.0
669,MLP,0.9091,0.0,0.0,0.0,1.0
670,MLP,1.0,0.5,0.0,0.0,1.0
671,MLP,0.8182,0.0,0.0,0.0,1.0
672,MLP,1.0,0.5,0.0,0.0,1.0
673,MLP,0.7273,0.0,0.0,0.0,1.0
674,MLP,0.8182,0.0,0.0,0.0,1.0
675,MLP,1.0,0.5,0.0,0.0,1.0
676,MLP,1.0,0.5,0.0,0.0,1.0
677,MLP,0.9091,0.0,0.0,0.0,1.0
678,MLP,1.0,0.5,0.0,0.0,1.0
679,MLP,1.0,0.5,0.0,0.0,1.0
680,MLP,1.0,0.5,0.0,0.0,1.0
681,MLP,0.8182,0.0,0.0,0.0,1.0
682,MLP,0.9091,0.0,0.0,0.0,1.0
683,MLP,1.0,0.5,0.0,0.0,1.0
684,MLP,0.8182,0.0,0.0,0.0,1.0
685,MLP,0.9091,0.0,0.0,0.0,1.0
686,MLP,0.9091,0.0,0.0,0.0,1.0
687,MLP,0.9091,0.0,0.0,0.0,1.0
688,MLP,1.0,0.5,0.0,0.0,1.0
689,MLP,0.9091,0.0,0.0,0.0,1.0
690,MLP,1.0,0.5,0.0,0.0,1.0
691,MLP,0.8182,0.0,0.0,0.0,1.0
692,MLP,0.9091,0.0,0.0,0.0,1.0
693,MLP,1.0,0.5,0.0,0.0,1.0
694,MLP,1.0,0.5,0.0,0.0,1.0
695,MLP,0.8182,0.0,0.0,0.0,1.0
696,MLP,1.0,0.5,0.0,0.0,1.0
697,MLP,0.8182,0.0,0.0,0.0,1.0
698,MLP,0.9091,0.0,0.0,0.0,1.0
699,MLP,1.0,0.5,0.0,0.0,1.0
700,MLP,0.9091,0.0,0.0,0.0,1.0
701,MLP,0.8182,0.0,0.0,0.0,1.0
702,MLP,0.9091,0.0,0.0,0.0,1.0
703,MLP,0.8182,0.0,0.0,0.0,1.0
704,MLP,1.0,0.5,0.0,0.0,1.0
705,MLP,0.7273,0.0,0.0,0.0,1.0
706,MLP,1.0,0.5,0.0,0.0,1.0
707,MLP,1.0,0.5,0.0,0.0,1.0
708,MLP,0.9091,0.0,0.0,0.0,1.0
709,MLP,1.0,0.5,0.0,0.0,1.0
710,MLP,0.7273,0.0,0.0,0.0,1.0
711,MLP,0.9091,0.0,0.0,0.0,1.0
712,MLP,0.8182,0.0,0.0,0.0,1.0
713,MLP,1.0,0.5,0.0,0.0,1.0
714,MLP,0.9091,0.0,0.0,0.0,1.0
715,MLP,0.9091,0.0,0.0,0.0,1.0
716,MLP,0.9091,0.0,0.0,0.0,1.0
717,MLP,0.9091,0.0,0.0,0.0,1.0
718,MLP,1.0,0.5,0.0,0.0,1.0
719,MLP,0.9091,0.0,0.0,0.0,1.0
720,MLP,0.8182,0.0,0.0,0.0,1.0
721,MLP,0.7273,0.0,0.0,0.0,1.0
722,MLP,1.0,0.5,0.0,0.0,1.0
723,MLP,0.8182,0.0,0.0,0.0,1.0
724,MLP,1.0,0.5,0.0,0.0,1.0
725,MLP,0.8182,0.0,0.0,0.0,1.0
726,MLP,0.8182,0.0,0.0,0.0,1.0
727,MLP,1.0,0.5,0.0,0.0,1.0
728,MLP,0.9091,0.0,0.0,0.0,1.0
729,MLP,0.9091,0.0,0.0,0.0,1.0
730,MLP,0.9091,0.0,0.0,0.0,1.0
731,MLP,0.9091,0.0,0.0,0.0,1.0
732,MLP,1.0,0.5,0.0,0.0,1.0
733,MLP,1.0,0.5,0.0,0.0,1.0
734,MLP,0.8182,0.0,0.0,0.0,1.0
735,MLP,0.9091,0.0,0.0,0.0,1.0
736,MLP,0.7273,0.0,0.0,0.0,1.0
737,MLP,0.8182,0.0,0.0,0.0,1.0
738,MLP,1.0,0.5,0.0,0.0,1.0
739,MLP,0.8182,0.0,0.0,0.0,1.0
740,MLP,1.0,0.5,0.0,0.0,1.0
741,MLP,0.9091,0.0,0.0,0.0,1.0
742,MLP,1.0,0.5,0.0,0.0,1.0
743,MLP,1.0,0.5,0.0,0.0,1.0
744,MLP,0.8182,0.0,0.0,0.0,1.0
745,MLP,1.0,0.5,0.0,0.0,1.0
746,MLP,0.9091,0.0,0.0,0.0,1.0
747,MLP,0.9091,0.0,0.0,0.0,1.0
748,MLP,1.0,0.5,0.0,0.0,1.0
749,MLP,1.0,0.5,0.0,0.0,1.0
750,MLP,0.9091,0.0,0.0,0.0,1.0
751,MLP,0.8182,0.0,0.0,0.0,1.0
752,MLP,0.8182,0.0,0.0,0.0,1.0
753,MLP,0.9091,0.0,0.0,0.0,1.0
754,MLP,0.9091,0.0,0.0,0.0,1.0
755,MLP,1.0,0.5,0.0,0.0,1.0
756,MLP,0.9091,0.0,0.0,0.0,1.0
757,MLP,1.0,0.5,0.0,0.0,1.0
758,MLP,0.9091,0.0,0.0,0.0,1.0
759,MLP,1.0,0.5,0.0,0.0,1.0
760,MLP,0.7273,0.0,0.0,0.0,1.0
761,MLP,0.9091,0.0,0.0,0.0,1.0
762,MLP,0.9091,0.0,0.0,0.0,1.0
763,MLP,1.0,0.5,0.0,0.0,1.0
764,MLP,0.9091,0.0,0.0,0.0,1.0
765,MLP,1.0,0.5,0.0,0.0,1.0
766,MLP,1.0,0.5,0.0,0.0,1.0
767,MLP,1.0,0.5,0.0,0.0,1.0
768,MLP,1.0,0.5,0.0,0.0,1.0
769,MLP,1.0,0.5,0.0,0.0,1.0
770,MLP,0.8182,0.0,0.0,0.0,1.0
771,MLP,1.0,0.5,0.0,0.0,1.0
772,MLP,0.7273,0.0,0.0,0.0,1.0
773,MLP,0.9091,0.0,0.0,0.0,1.0
774,MLP,0.7273,0.0,0.0,0.0,1.0
775,MLP,0.8182,0.0,0.0,0.0,1.0
776,MLP,1.0,0.5,0.0,0.0,1.0
777,MLP,0.9091,0.0,0.0,0.0,1.0
778,MLP,0.9091,0.0,0.0,0.0,1.0
779,MLP,1.0,0.5,0.0,0.0,1.0
780,MLP,0.9091,0.0,0.0,0.0,1.0
781,MLP,1.0,0.5,0.0,0.0,1.0
782,MLP,1.0,0.5,0.0,0.0,1.0
783,MLP,0.8182,0.0,0.0,0.0,1.0
784,MLP,0.9091,0.0,0.0,0.0,1.0
785,MLP,1.0,0.5,0.0,0.0,1.0
786,MLP,0.9091,0.0,0.0,0.0,1.0
787,MLP,0.9091,0.0,0.0,0.0,1.0
788,MLP,1.0,0.5,0.0,0.0,1.0
789,MLP,0.9091,0.0,0.0,0.0,1.0
790,MLP,1.0,0.5,0.0,0.0,1.0
791,MLP,0.9091,0.0,0.0,0.0,1.0
792,MLP,0.9091,0.0,0.0,0.0,1.0
793,MLP,1.0,0.5,0.0,0.0,1.0
794,MLP,0.9091,0.0,0.0,0.0,1.0
795,MLP,0.7273,0.0,0.0,0.0,1.0
796,MLP,1.0,0.5,0.0,0.0,1.0
797,MLP,0.9091,0.0,0.0,0.0,1.0
798,MLP,1.0,0.5,0.0,0.0,1.0
799,MLP,0.9091,0.0,0.0,0.0,1.0
800,MLP,0.9091,0.0,0.0,0.0,1.0
801,MLP,0.9091,0.0,0.0,0.0,1.0
802,MLP,0.8182,0.0,0.0,0.0,1.0
803,MLP,1.0,0.5,0.0,0.0,1.0
804,MLP,1.0,0.5,0.0,0.0,1.0
805,MLP,0.8182,0.0,0.0,0.0,1.0
806,MLP,1.0,0.5,0.0,0.0,1.0
807,MLP,0.8182,0.0,0.0,0.0,1.0
808,MLP,0.9091,0.0,0.0,0.0,1.0
809,MLP,1.0,0.5,0.0,0.0,1.0
810,MLP,0.8182,0.0,0.0,0.0,1.0
811,MLP,0.8182,0.0,0.0,0.0,1.0
812,MLP,1.0,0.5,0.0,0.0,1.0
813,MLP,0.8182,0.0,0.0,0.0,1.0
814,MLP,0.9091,0.0,0.0,0.0,1.0
815,MLP,1.0,0.5,0.0,0.0,1.0
816,MLP,1.0,0.5,0.0,0.0,1.0
817,MLP,0.9091,0.0,0.0,0.0,1.0
818,MLP,0.8182,0.0,0.0,0.0,1.0
819,MLP,0.8182,0.0,0.0,0.0,1.0
820,MLP,0.9091,0.0,0.0,0.0,1.0
821,MLP,0.8182,0.0,0.0,0.0,1.0
822,MLP,0.9091,0.0,0.0,0.0,1.0
823,MLP,0.8182,0.0,0.0,0.0,1.0
824,MLP,1.0,0.5,0.0,0.0,1.0
825,MLP,1.0,0.5,0.0,0.0,1.0
826,MLP,1.0,0.5,0.0,0.0,1.0
827,MLP,0.8182,0.0,0.0,0.0,1.0
828,MLP,0.9091,0.0,0.0,0.0,1.0
829,MLP,0.9091,0.0,0.0,0.0,1.0
830,MLP,0.8182,0.0,0.0,0.0,1.0
831,MLP,1.0,0.5,0.0,0.0,1.0
832,MLP,1.0,0.5,0.0,0.0,1.0
833,MLP,1.0,0.5,0.0,0.0,1.0
834,MLP,0.9091,0.0,0.0,0.0,1.0
835,MLP,0.8182,0.0,0.0,0.0,1.0
836,MLP,1.0,0.5,0.0,0.0,1.0
837,MLP,1.0,0.5,0.0,0.0,1.0
838,MLP,1.0,0.5,0.0,0.0,1.0
839,MLP,0.9091,0.0,0.0,0.0,1.0
840,MLP,0.9091,0.0,0.0,0.0,1.0
841,MLP,1.0,0.5,0.0,0.0,1.0
842,MLP,1.0,0.5,0.0,0.0,1.0
843,MLP,0.9091,0.0,0.0,0.0,1.0
844,MLP,1.0,0.5,0.0,0.0,1.0
845,MLP,0.8182,0.0,0.0,0.0,1.0
846,MLP,0.8182,0.0,0.0,0.0,1.0
847,MLP,0.8182,0.0,0.0,0.0,1.0
848,MLP,0.9091,0.0,0.0,0.0,1.0
849,MLP,0.9091,0.0,0.0,0.0,1.0
850,MLP,1.0,0.5,0.0,0.0,1.0
851,MLP,0.9091,0.0,0.0,0.0,1.0
852,MLP,0.9091,0.0,0.0,0.0,1.0
853,MLP,0.7273,0.0,0.0,0.0,1.0
854,MLP,1.0,0.5,0.0,0.0,1.0
855,MLP,0.9091,0.0,0.0,0.0,1.0
856,MLP,0.8182,0.0,0.0,0.0,1.0
857,MLP,0.9091,0.0,0.0,0.0,1.0
858,MLP,0.8182,0.0,0.0,0.0,1.0
859,MLP,0.9091,0.0,0.0,0.0,1.0
860,MLP,0.8182,0.0,0.0,0.0,1.0
861,MLP,0.9091,0.0,0.0,0.0,1.0
862,MLP,0.9091,0.0,0.0,0.0,1.0
863,MLP,0.8182,0.0,0.0,0.0,1.0
864,MLP,0.9091,0.0,0.0,0.0,1.0
865,MLP,1.0,0.5,0.0,0.0,1.0
866,MLP,0.9091,0.0,0.0,0.0,1.0
867,MLP,0.9091,0.0,0.0,0.0,1.0
868,MLP,0.9091,0.0,0.0,0.0,1.0
869,MLP,0.9091,0.0,0.0,0.0,1.0
870,MLP,1.0,0.5,0.0,0.0,1.0
871,MLP,1.0,0.5,0.0,0.0,1.0
872,MLP,0.9091,0.0,0.0,0.0,1.0
873,MLP,1.0,0.5,0.0,0.0,1.0
874,MLP,0.9091,0.0,0.0,0.0,1.0
875,MLP,0.9091,0.0,0.0,0.0,1.0
876,MLP,0.9091,0.0,0.0,0.0,1.0
877,MLP,0.8182,0.0,0.0,0.0,1.0
878,MLP,0.9091,0.0,0.0,0.0,1.0
879,MLP,1.0,0.5,0.0,0.0,1.0
880,MLP,0.9091,0.0,0.0,0.0,1.0
881,MLP,0.8182,0.0,0.0,0.0,1.0
882,MLP,0.8182,0.0,0.0,0.0,1.0
883,MLP,0.9091,0.0,0.0,0.0,1.0
884,MLP,0.9091,0.0,0.0,0.0,1.0
885,MLP,0.9091,0.0,0.0,0.0,1.0
886,MLP,0.7273,0.0,0.0,0.0,1.0
887,MLP,0.9091,0.0,0.0,0.0,1.0
888,MLP,0.9091,0.0,0.0,0.0,1.0
889,MLP,0.9091,0.0,0.0,0.0,1.0
890,MLP,0.7273,0.0,0.0,0.0,1.0
891,MLP,0.8182,0.0,0.0,0.0,1.0
892,MLP,0.8182,0.0,0.0,0.0,1.0
893,MLP,0.8182,0.0,0.0,0.0,1.0
894,MLP,0.7273,0.0,0.0,0.0,1.0
895,MLP,0.9091,0.0,0.0,0.0,1.0
896,MLP,1.0,0.5,0.0,0.0,1.0
897,MLP,0.8182,0.0,0.0,0.0,1.0
898,MLP,1.0,0.5,0.0,0.0,1.0
899,MLP,0.9091,0.0,0.0,0.0,1.0
900,MLP,0.9091,0.0,0.0,0.0,1.0
901,MLP,0.9091,0.0,0.0,0.0,1.0
902,MLP,0.9091,0.0,0.0,0.0,1.0
903,MLP,0.8182,0.0,0.0,0.0,1.0
904,MLP,0.9091,0.0,0.0,0.0,1.0
905,MLP,0.8182,0.0,0.0,0.0,1.0
906,MLP,0.9091,0.0,0.0,0.0,1.0
907,MLP,0.8182,0.0,0.0,0.0,1.0
908,MLP,0.9091,0.0,0.0,0.0,1.0
909,MLP,1.0,0.5,0.0,0.0,1.0
910,MLP,0.9091,0.0,0.0,0.0,1.0
911,MLP,0.9091,0.0,0.0,0.0,1.0
912,MLP,0.9091,0.0,0.0,0.0,1.0
913,MLP,1.0,0.5,0.0,0.0,1.0
914,MLP,0.9091,0.0,0.0,0.0,1.0
915,MLP,0.9091,0.0,0.0,0.0,1.0
916,MLP,0.9091,0.0,0.0,0.0,1.0
917,MLP,0.8182,0.0,0.0,0.0,1.0
918,MLP,0.9091,0.0,0.0,0.0,1.0
919,MLP,0.9091,0.0,0.0,0.0,1.0
920,MLP,0.9091,0.0,0.0,0.0,1.0
921,MLP,1.0,0.5,0.0,0.0,1.0
922,MLP,1.0,0.5,0.0,0.0,1.0
923,MLP,0.8182,0.0,0.0,0.0,1.0
924,MLP,0.8182,0.0,0.0,0.0,1.0
925,MLP,0.8182,0.0,0.0,0.0,1.0
926,MLP,0.9091,0.0,0.0,0.0,1.0
927,MLP,0.9091,0.0,0.0,0.0,1.0
928,MLP,0.9091,0.0,0.0,0.0,1.0
929,MLP,0.9091,0.0,0.0,0.0,1.0
930,MLP,1.0,0.5,0.0,0.0,1.0
931,MLP,0.9091,0.0,0.0,0.0,1.0
932,MLP,0.9091,0.0,0.0,0.0,1.0
933,MLP,0.8182,0.0,0.0,0.0,1.0
934,MLP,0.9091,0.0,0.0,0.0,1.0
935,MLP,1.0,0.5,0.0,0.0,1.0
936,MLP,1.0,0.5,0.0,0.0,1.0
937,MLP,1.0,0.5,0.0,0.0,1.0
938,MLP,1.0,0.5,0.0,0.0,1.0
939,MLP,0.8182,0.0,0.0,0.0,1.0
940,MLP,0.7273,0.0,0.0,0.0,1.0
941,MLP,1.0,0.5,0.0,0.0,1.0
942,MLP,0.9091,0.0,0.0,0.0,1.0
943,MLP,0.9091,0.0,0.0,0.0,1.0
944,MLP,0.9091,0.0,0.0,0.0,1.0
945,MLP,0.8182,0.0,0.0,0.0,1.0
946,MLP,1.0,0.5,0.0,0.0,1.0
947,MLP,1.0,0.5,0.0,0.0,1.0
948,MLP,0.8182,0.0,0.0,0.0,1.0
949,MLP,1.0,0.5,0.0,0.0,1.0
950,MLP,0.7273,0.0,0.0,0.0,1.0
951,MLP,1.0,0.5,0.0,0.0,1.0
952,MLP,0.9091,0.0,0.0,0.0,1.0
953,MLP,0.8182,0.0,0.0,0.0,1.0
954,MLP,1.0,0.5,0.0,0.0,1.0
955,MLP,1.0,0.5,0.0,0.0,1.0
956,MLP,1.0,0.5,0.0,0.0,1.0
957,MLP,1.0,0.5,0.0,0.0,1.0
958,MLP,1.0,0.5,0.0,0.0,1.0
959,MLP,1.0,0.5,0.0,0.0,1.0
960,MLP,0.9091,0.0,0.0,0.0,1.0
961,MLP,1.0,0.5,0.0,0.0,1.0
962,MLP,0.8182,0.0,0.0,0.0,1.0
963,MLP,1.0,0.5,0.0,0.0,1.0
964,MLP,0.8182,0.0,0.0,0.0,1.0
965,MLP,0.9091,0.0,0.0,0.0,1.0
966,MLP,0.9091,0.0,0.0,0.0,1.0
967,MLP,0.9091,0.0,0.0,0.0,1.0
968,MLP,1.0,0.5,0.0,0.0,1.0
969,MLP,0.9091,0.0,0.0,0.0,1.0
970,MLP,1.0,0.5,0.0,0.0,1.0
971,MLP,0.9091,0.0,0.0,0.0,1.0
972,MLP,0.6364,0.0,0.0,0.0,1.0
973,MLP,0.9091,0.0,0.0,0.0,1.0
974,MLP,0.9091,0.0,0.0,0.0,1.0
975,MLP,1.0,0.5,0.0,0.0,1.0
976,MLP,1.0,0.5,0.0,0.0,1.0
977,MLP,0.9091,0.0,0.0,0.0,1.0
978,MLP,1.0,0.5,0.0,0.0,1.0
979,MLP,1.0,0.5,0.0,0.0,1.0
980,MLP,0.9091,0.0,0.0,0.0,1.0
981,MLP,1.0,0.5,0.0,0.0,1.0
982,MLP,1.0,0.5,0.0,0.0,1.0
983,MLP,0.8182,0.0,0.0,0.0,1.0
984,MLP,0.9091,0.0,0.0,0.0,1.0
985,MLP,1.0,0.5,0.0,0.0,1.0
986,MLP,0.8182,0.0,0.0,0.0,1.0
987,MLP,0.8182,0.0,0.0,0.0,1.0
988,MLP,1.0,0.5,0.0,0.0,1.0
989,MLP,0.9091,0.0,0.0,0.0,1.0
990,MLP,0.9091,0.0,0.0,0.0,1.0
991,MLP,0.8182,0.0,0.0,0.0,1.0
992,MLP,0.9091,0.0,0.0,0.0,1.0
993,MLP,0.9091,0.0,0.0,0.0,1.0
994,MLP,0.9091,0.0,0.0,0.0,1.0
995,MLP,1.0,0.5,0.0,0.0,1.0
996,MLP,1.0,0.5,0.0,0.0,1.0
997,MLP,0.7273,0.0,0.0,0.0,1.0
998,MLP,0.9091,0.0,0.0,0.0,1.0
999,MLP,0.8182,0.0,0.0,0.0,1.0
1000,MLP,1.0,0.5,0.0,0.0,1.0
1,MobileNet,0.9091,1.0,0.0,0.0,1.0
2,MobileNet,1.0,0.5,0.0,0.0,1.0
3,MobileNet,0.9091,1.0,0.0,0.0,1.0
4,MobileNet,0.9091,0.5,0.0,0.0,0.9091
5,MobileNet,0.8182,0.5,0.0,0.0,0.8182
6,MobileNet,0.7273,0.8,0.0,0.0,0.8
7,MobileNet,0.7273,0.8,0.0,0.0,0.8
8,MobileNet,0.7273,0.5,0.0,0.0,0.7273
9,MobileNet,0.5455,1.0,0.0,0.0,1.0
10,MobileNet,1.0,0.5,0.0,0.0,1.0
11,MobileNet,0.7273,0.8889,0.0,0.0,0.8889
12,MobileNet,0.7273,0.5,0.0,0.0,0.7273
13,MobileNet,0.9091,0.5,0.0,0.0,0.9091
14,MobileNet,0.9091,1.0,0.0,0.0,1.0
15,MobileNet,0.8182,0.5,0.0,0.0,0.8182
16,MobileNet,0.9091,0.5,0.0,0.0,0.9091
17,MobileNet,0.9091,1.0,0.0,0.0,1.0
18,MobileNet,0.6364,0.875,0.0,0.0,0.875
19,MobileNet,0.9091,0.5,0.0,0.0,0.9091
20,MobileNet,0.7273,0.8889,0.0,0.0,0.8889
21,MobileNet,0.9091,1.0,0.0,0.0,1.0
22,MobileNet,0.9091,0.5,0.0,0.0,0.9091
23,MobileNet,0.8182,1.0,0.0,0.0,1.0
24,MobileNet,0.7273,0.8,0.0,0.0,0.8
25,MobileNet,0.7273,0.5,0.0,0.0,0.7273
26,MobileNet,0.8182,1.0,0.0,0.0,1.0
27,MobileNet,0.9091,1.0,0.0,0.0,1.0
28,MobileNet,0.9091,1.0,0.0,0.0,1.0
29,MobileNet,0.6364,0.7778,0.0,0.0,0.7778
30,MobileNet,0.8182,0.9,0.0,0.0,0.9
31,MobileNet,0.7273,1.0,0.0,0.0,1.0
32,MobileNet,0.6364,0.7778,0.0,0.0,0.7778
33,MobileNet,0.8182,0.5,0.0,0.0,0.8182
34,MobileNet,0.8182,0.5,0.0,0.0,0.8182
35,MobileNet,0.7273,1.0,0.0,0.0,1.0
36,MobileNet,0.7273,0.8889,0.0,0.0,0.8889
37,MobileNet,0.7273,0.8,0.0,0.0,0.8
38,MobileNet,0.8182,0.5,0.0,0.0,0.8182
39,MobileNet,0.7273,0.8889,0.0,0.0,0.8889
40,MobileNet,1.0,0.5,0.0,0.0,1.0
41,MobileNet,0.9091,1.0,0.0,0.0,1.0
42,MobileNet,0.9091,0.5,0.0,0.0,0.9091
43,MobileNet,0.8182,0.9,0.0,0.0,0.9
44,MobileNet,0.8182,0.9,0.0,0.0,0.9
45,MobileNet,0.7273,1.0,0.0,0.0,1.0
46,MobileNet,0.5455,1.0,0.0,0.0,1.0
47,MobileNet,0.7273,0.8,0.0,0.0,0.8
48,MobileNet,0.7273,0.5,0.0,0.0,0.7273
49,MobileNet,0.9091,0.5,0.0,0.0,0.9091
50,MobileNet,0.9091,1.0,0.0,0.0,1.0
51,MobileNet,0.8182,0.9,0.0,0.0,0.9
52,MobileNet,0.9091,0.5,0.0,0.0,0.9091
53,MobileNet,0.9091,0.5,0.0,0.0,0.9091
54,MobileNet,0.8182,0.9,0.0,0.0,0.9
55,MobileNet,0.9091,0.5,0.0,0.0,0.9091
56,MobileNet,0.6364,0.7,0.0,0.0,0.7
57,MobileNet,0.9091,0.5,0.0,0.0,0.9091
58,MobileNet,0.7273,0.8,0.0,0.0,0.8
59,MobileNet,0.9091,0.5,0.0,0.0,0.9091
60,MobileNet,0.8182,0.5,0.0,0.0,0.8182
61,MobileNet,0.9091,0.5,0.0,0.0,0.9091
62,MobileNet,0.7273,0.8,0.0,0.0,0.8
63,MobileNet,0.6364,1.0,0.0,0.0,1.0
64,MobileNet,0.6364,0.7,0.0,0.0,0.7
65,MobileNet,1.0,0.5,0.0,0.0,1.0
66,MobileNet,0.8182,0.9,0.0,0.0,0.9
67,MobileNet,0.9091,0.5,0.0,0.0,0.9091
68,MobileNet,0.8182,0.9,0.0,0.0,0.9
69,MobileNet,0.5455,0.75,0.0,0.0,0.75
70,MobileNet,0.7273,0.8889,0.0,0.0,0.8889
71,MobileNet,0.9091,0.5,0.0,0.0,0.9091
72,MobileNet,1.0,0.5,0.0,0.0,1.0
73,MobileNet,0.5455,0.6,0.0,0.0,0.6
74,MobileNet,0.9091,0.5,0.0,0.0,0.9091
75,MobileNet,0.8182,0.9,0.0,0.0,0.9
76,MobileNet,0.9091,0.5,0.0,0.0,0.9091
77,MobileNet,0.8182,1.0,0.0,0.0,1.0
78,MobileNet,0.9091,0.5,0.0,0.0,0.9091
79,MobileNet,0.7273,0.8889,0.0,0.0,0.8889
80,MobileNet,0.7273,0.8,0.0,0.0,0.8
81,MobileNet,0.7273,0.5,0.0,0.0,0.7273
82,MobileNet,0.8182,0.9,0.0,0.0,0.9
83,MobileNet,0.8182,1.0,0.0,0.0,1.0
84,MobileNet,1.0,0.5,0.0,0.0,1.0
85,MobileNet,0.7273,0.5,0.0,0.0,0.7273
86,MobileNet,0.8182,1.0,0.0,0.0,1.0
87,MobileNet,0.9091,0.5,0.0,0.0,0.9091
88,MobileNet,0.7273,0.5,0.0,0.0,0.7273
89,MobileNet,0.6364,0.7,0.0,0.0,0.7
90,MobileNet,0.8182,0.9,0.0,0.0,0.9
91,MobileNet,0.9091,1.0,0.0,0.0,1.0
92,MobileNet,0.7273,0.8889,0.0,0.0,0.8889
93,MobileNet,0.8182,0.9,0.0,0.0,0.9
94,MobileNet,1.0,0.5,0.0,0.0,1.0
95,MobileNet,0.8182,0.9,0.0,0.0,0.9
96,MobileNet,0.8182,1.0,0.0,0.0,1.0
97,MobileNet,1.0,0.5,0.0,0.0,1.0
98,MobileNet,0.8182,0.9,0.0,0.0,0.9
99,MobileNet,0.8182,0.5,0.0,0.0,0.8182
100,MobileNet,0.8182,1.0,0.0,0.0,1.0
101,MobileNet,0.9091,1.0,0.0,0.0,1.0
102,MobileNet,0.9091,1.0,0.0,0.0,1.0
103,MobileNet,1.0,0.5,0.0,0.0,1.0
104,MobileNet,0.8182,0.5,0.0,0.0,0.8182
105,MobileNet,0.6364,0.5,0.0,0.0,0.6364
106,MobileNet,1.0,0.5,0.0,0.0,1.0
107,MobileNet,0.9091,1.0,0.0,0.0,1.0
108,MobileNet,0.7273,0.8,0.0,0.0,0.8
109,MobileNet,0.9091,1.0,0.0,0.0,1.0
110,MobileNet,0.9091,1.0,0.0,0.0,1.0
111,MobileNet,0.9091,0.5,0.0,0.0,0.9091
112,MobileNet,0.8182,0.9,0.0,0.0,0.9
113,MobileNet,0.6364,0.875,0.0,0.0,0.875
114,MobileNet,0.9091,1.0,0.0,0.0,1.0
115,MobileNet,0.9091,1.0,0.0,0.0,1.0
116,MobileNet,0.9091,1.0,0.0,0.0,1.0
117,MobileNet,0.7273,0.8,0.0,0.0,0.8
118,MobileNet,0.8182,1.0,0.0,0.0,1.0
119,MobileNet,1.0,0.5,0.0,0.0,1.0
120,MobileNet,0.6364,0.7778,0.0,0.0,0.7778
121,MobileNet,0.6364,0.875,0.0,0.0,0.875
122,MobileNet,0.8182,0.5,0.0,0.0,0.8182
123,MobileNet,0.8182,0.5,0.0,0.0,0.8182
124,MobileNet,0.7273,0.8889,0.0,0.0,0.8889
125,MobileNet,0.7273,0.8,0.0,0.0,0.8
126,MobileNet,0.7273,0.8889,0.0,0.0,0.8889
127,MobileNet,0.9091,0.5,0.0,0.0,0.9091
128,MobileNet,0.9091,1.0,0.0,0.0,1.0
129,MobileNet,0.8182,0.9,0.0,0.0,0.9
130,MobileNet,0.7273,0.8889,0.0,0.0,0.8889
131,MobileNet,0.9091,1.0,0.0,0.0,1.0
132,MobileNet,0.9091,0.5,0.0,0.0,0.9091
133,MobileNet,0.8182,0.9,0.0,0.0,0.9
134,MobileNet,0.6364,0.5,0.0,0.0,0.6364
135,MobileNet,0.8182,0.9,0.0,0.0,0.9
136,MobileNet,0.9091,1.0,0.0,0.0,1.0
137,MobileNet,0.8182,0.9,0.0,0.0,0.9
138,MobileNet,0.7273,0.8889,0.0,0.0,0.8889
139,MobileNet,0.7273,0.8889,0.0,0.0,0.8889
140,MobileNet,0.8182,0.5,0.0,0.0,0.8182
141,MobileNet,0.6364,0.875,0.0,0.0,0.875
142,MobileNet,0.7273,0.8889,0.0,0.0,0.8889
143,MobileNet,0.7273,0.5,0.0,0.0,0.7273
144,MobileNet,0.7273,0.8889,0.0,0.0,0.8889
145,MobileNet,0.7273,0.8889,0.0,0.0,0.8889
146,MobileNet,0.9091,0.5,0.0,0.0,0.9091
147,MobileNet,0.6364,0.875,0.0,0.0,0.875
148,MobileNet,0.8182,0.5,0.0,0.0,0.8182
149,MobileNet,1.0,0.5,0.0,0.0,1.0
150,MobileNet,0.7273,0.8,0.0,0.0,0.8
151,MobileNet,0.8182,0.5,0.0,0.0,0.8182
152,MobileNet,0.5455,0.75,0.0,0.0,0.75
153,MobileNet,0.7273,0.8889,0.0,0.0,0.8889
154,MobileNet,0.9091,0.5,0.0,0.0,0.9091
155,MobileNet,0.8182,0.5,0.0,0.0,0.8182
156,MobileNet,0.7273,0.8,0.0,0.0,0.8
157,MobileNet,0.8182,0.5,0.0,0.0,0.8182
158,MobileNet,0.7273,0.8,0.0,0.0,0.8
159,MobileNet,0.8182,1.0,0.0,0.0,1.0
160,MobileNet,1.0,0.5,0.0,0.0,1.0
161,MobileNet,0.8182,0.9,0.0,0.0,0.9
162,MobileNet,1.0,0.5,0.0,0.0,1.0
163,MobileNet,0.9091,1.0,0.0,0.0,1.0
164,MobileNet,0.7273,0.5,0.0,0.0,0.7273
165,MobileNet,0.8182,0.9,0.0,0.0,0.9
166,MobileNet,1.0,0.5,0.0,0.0,1.0
167,MobileNet,1.0,0.5,0.0,0.0,1.0
168,MobileNet,1.0,0.5,0.0,0.0,1.0
169,MobileNet,0.7273,0.8,0.0,0.0,0.8
170,MobileNet,1.0,0.5,0.0,0.0,1.0
171,MobileNet,1.0,0.5,0.0,0.0,1.0
172,MobileNet,0.9091,0.5,0.0,0.0,0.9091
173,MobileNet,0.7273,0.8,0.0,0.0,0.8
174,MobileNet,0.7273,1.0,0.0,0.0,1.0
175,MobileNet,1.0,0.5,0.0,0.0,1.0
176,MobileNet,1.0,0.5,0.0,0.0,1.0
177,MobileNet,0.8182,0.9,0.0,0.0,0.9
178,MobileNet,0.9091,1.0,0.0,0.0,1.0
179,MobileNet,1.0,0.5,0.0,0.0,1.0
180,MobileNet,0.6364,0.7,0.0,0.0,0.7
181,MobileNet,0.6364,0.7778,0.0,0.0,0.7778
182,MobileNet,0.6364,1.0,0.0,0.0,1.0
183,MobileNet,0.8182,0.9,0.0,0.0,0.9
184,MobileNet,0.9091,0.5,0.0,0.0,0.9091
185,MobileNet,0.9091,0.5,0.0,0.0,0.9091
186,MobileNet,0.7273,0.8889,0.0,0.0,0.8889
187,MobileNet,0.9091,0.5,0.0,0.0,0.9091
188,MobileNet,0.8182,0.9,0.0,0.0,0.9
189,MobileNet,1.0,0.5,0.0,0.0,1.0
190,MobileNet,0.7273,0.5,0.0,0.0,0.7273
191,MobileNet,0.7273,0.8,0.0,0.0,0.8
192,MobileNet,0.7273,0.8,0.0,0.0,0.8
193,MobileNet,0.8182,0.9,0.0,0.0,0.9
194,MobileNet,0.7273,0.5,0.0,0.0,0.7273
195,MobileNet,0.6364,0.7,0.0,0.0,0.7
196,MobileNet,0.9091,1.0,0.0,0.0,1.0
197,MobileNet,0.8182,0.9,0.0,0.0,0.9
198,MobileNet,1.0,0.5,0.0,0.0,1.0
199,MobileNet,0.9091,0.5,0.0,0.0,0.9091
200,MobileNet,0.8182,1.0,0.0,0.0,1.0
201,MobileNet,0.8182,0.9,0.0,0.0,0.9
202,MobileNet,0.9091,1.0,0.0,0.0,1.0
203,MobileNet,0.7273,0.8,0.0,0.0,0.8
204,MobileNet,0.8182,0.9,0.0,0.0,0.9
205,MobileNet,0.8182,0.9,0.0,0.0,0.9
206,MobileNet,1.0,0.5,0.0,0.0,1.0
207,MobileNet,0.8182,0.9,0.0,0.0,0.9
208,MobileNet,0.8182,0.5,0.0,0.0,0.8182
209,MobileNet,0.7273,0.8,0.0,0.0,0.8
210,MobileNet,0.8182,0.9,0.0,0.0,0.9
211,MobileNet,0.9091,0.5,0.0,0.0,0.9091
212,MobileNet,0.9091,0.5,0.0,0.0,0.9091
213,MobileNet,0.9091,1.0,0.0,0.0,1.0
214,MobileNet,1.0,0.5,0.0,0.0,1.0
215,MobileNet,0.8182,0.5,0.0,0.0,0.8182
216,MobileNet,0.8182,0.9,0.0,0.0,0.9
217,MobileNet,0.9091,0.5,0.0,0.0,0.9091
218,MobileNet,0.7273,0.8889,0.0,0.0,0.8889
219,MobileNet,0.8182,0.9,0.0,0.0,0.9
220,MobileNet,0.8182,1.0,0.0,0.0,1.0
221,MobileNet,0.6364,1.0,0.0,0.0,1.0
222,MobileNet,0.8182,0.9,0.0,0.0,0.9
223,MobileNet,1.0,0.5,0.0,0.0,1.0
224,MobileNet,0.8182,0.9,0.0,0.0,0.9
225,MobileNet,0.9091,1.0,0.0,0.0,1.0
226,MobileNet,0.9091,1.0,0.0,0.0,1.0
227,MobileNet,0.6364,0.7,0.0,0.0,0.7
228,MobileNet,0.9091,1.0,0.0,0.0,1.0
229,MobileNet,0.9091,1.0,0.0,0.0,1.0
230,MobileNet,0.9091,1.0,0.0,0.0,1.0
231,MobileNet,0.4545,0.7143,0.0,0.0,0.7143
232,MobileNet,0.9091,1.0,0.0,0.0,1.0
233,MobileNet,0.9091,1.0,0.0,0.0,1.0
234,MobileNet,0.8182,0.9,0.0,0.0,0.9
235,MobileNet,0.7273,0.8889,0.0,0.0,0.8889
236,MobileNet,0.7273,0.8889,0.0,0.0,0.8889
237,MobileNet,0.7273,0.5,0.0,0.0,0.7273
238,MobileNet,1.0,0.5,0.0,0.0,1.0
239,MobileNet,0.8182,0.5,0.0,0.0,0.8182
240,MobileNet,1.0,0.5,0.0,0.0,1.0
241,MobileNet,0.7273,0.8,0.0,0.0,0.8
242,MobileNet,0.8182,0.9,0.0,0.0,0.9
243,MobileNet,0.8182,0.9,0.0,0.0,0.9
244,MobileNet,0.7273,0.8,0.0,0.0,0.8
245,MobileNet,0.6364,0.7,0.0,0.0,0.7
246,MobileNet,0.7273,1.0,0.0,0.0,1.0
247,MobileNet,0.8182,0.9,0.0,0.0,0.9
248,MobileNet,0.7273,0.5,0.0,0.0,0.7273
249,MobileNet,1.0,0.5,0.0,0.0,1.0
250,MobileNet,0.8182,1.0,0.0,0.0,1.0
251,MobileNet,0.8182,1.0,0.0,0.0,1.0
252,MobileNet,0.8182,0.9,0.0,0.0,0.9
253,MobileNet,1.0,0.5,0.0,0.0,1.0
254,MobileNet,0.8182,1.0,0.0,0.0,1.0
255,MobileNet,0.9091,1.0,0.0,0.0,1.0
256,MobileNet,0.7273,0.8889,0.0,0.0,0.8889
257,MobileNet,0.8182,0.9,0.0,0.0,0.9
258,MobileNet,0.8182,0.9,0.0,0.0,0.9
259,MobileNet,1.0,0.5,0.0,0.0,1.0
260,MobileNet,0.9091,1.0,0.0,0.0,1.0
261,MobileNet,1.0,0.5,0.0,0.0,1.0
262,MobileNet,0.8182,0.5,0.0,0.0,0.8182
263,MobileNet,0.9091,0.5,0.0,0.0,0.9091
264,MobileNet,0.9091,1.0,0.0,0.0,1.0
265,MobileNet,0.8182,0.9,0.0,0.0,0.9
266,MobileNet,0.8182,0.9,0.0,0.0,0.9
267,MobileNet,0.9091,0.5,0.0,0.0,0.9091
268,MobileNet,0.4545,0.8333,0.0,0.0,0.8333
269,MobileNet,0.8182,0.5,0.0,0.0,0.8182
270,MobileNet,0.9091,1.0,0.0,0.0,1.0
271,MobileNet,0.9091,0.5,0.0,0.0,0.9091
272,MobileNet,0.8182,0.9,0.0,0.0,0.9
273,MobileNet,0.7273,1.0,0.0,0.0,1.0
274,MobileNet,0.9091,1.0,0.0,0.0,1.0
275,MobileNet,0.9091,1.0,0.0,0.0,1.0
276,MobileNet,0.7273,1.0,0.0,0.0,1.0
277,MobileNet,0.7273,0.8889,0.0,0.0,0.8889
278,MobileNet,0.8182,1.0,0.0,0.0,1.0
279,MobileNet,0.9091,0.5,0.0,0.0,0.9091
280,MobileNet,0.8182,0.5,0.0,0.0,0.8182
281,MobileNet,0.9091,0.5,0.0,0.0,0.9091
282,MobileNet,0.8182,0.9,0.0,0.0,0.9
283,MobileNet,1.0,0.5,0.0,0.0,1.0
284,MobileNet,1.0,0.5,0.0,0.0,1.0
285,MobileNet,0.8182,1.0,0.0,0.0,1.0
286,MobileNet,0.9091,1.0,0.0,0.0,1.0
287,MobileNet,0.7273,0.8889,0.0,0.0,0.8889
288,MobileNet,0.8182,0.9,0.0,0.0,0.9
289,MobileNet,1.0,0.5,0.0,0.0,1.0
290,MobileNet,0.9091,0.5,0.0,0.0,0.9091
291,MobileNet,0.8182,0.9,0.0,0.0,0.9
292,MobileNet,0.6364,0.7778,0.0,0.0,0.7778
293,MobileNet,0.5455,0.6667,0.0,0.0,0.6667
294,MobileNet,0.7273,0.8,0.0,0.0,0.8
295,MobileNet,0.8182,0.5,0.0,0.0,0.8182
296,MobileNet,0.8182,0.9,0.0,0.0,0.9
297,MobileNet,0.8182,0.5,0.0,0.0,0.8182
298,MobileNet,0.9091,1.0,0.0,0.0,1.0
299,MobileNet,0.7273,0.8889,0.0,0.0,0.8889
300,MobileNet,0.8182,0.5,0.0,0.0,0.8182
301,MobileNet,0.8182,0.5,0.0,0.0,0.8182
302,MobileNet,0.9091,1.0,0.0,0.0,1.0
303,MobileNet,0.8182,0.9,0.0,0.0,0.9
304,MobileNet,0.9091,0.5,0.0,0.0,0.9091
305,MobileNet,0.7273,0.8889,0.0,0.0,0.8889
306,MobileNet,0.8182,0.9,0.0,0.0,0.9
307,MobileNet,0.8182,0.9,0.0,0.0,0.9
308,MobileNet,0.9091,1.0,0.0,0.0,1.0
309,MobileNet,0.7273,0.8889,0.0,0.0,0.8889
310,MobileNet,0.9091,0.5,0.0,0.0,0.9091
311,MobileNet,0.7273,0.8889,0.0,0.0,0.8889
312,MobileNet,0.8182,0.9,0.0,0.0,0.9
313,MobileNet,0.8182,1.0,0.0,0.0,1.0
314,MobileNet,0.9091,0.5,0.0,0.0,0.9091
315,MobileNet,0.7273,1.0,0.0,0.0,1.0
316,MobileNet,0.9091,0.5,0.0,0.0,0.9091
317,MobileNet,0.9091,1.0,0.0,0.0,1.0
318,MobileNet,0.6364,1.0,0.0,0.0,1.0
319,MobileNet,0.8182,1.0,0.0,0.0,1.0
320,MobileNet,1.0,0.5,0.0,0.0,1.0
321,MobileNet,0.6364,0.7778,0.0,0.0,0.7778
322,MobileNet,0.6364,0.7778,0.0,0.0,0.7778
323,MobileNet,0.7273,0.8,0.0,0.0,0.8
324,MobileNet,0.9091,0.5,0.0,0.0,0.9091
325,MobileNet,0.7273,0.8889,0.0,0.0,0.8889
326,MobileNet,0.9091,1.0,0.0,0.0,1.0
327,MobileNet,0.9091,1.0,0.0,0.0,1.0
328,MobileNet,0.7273,1.0,0.0,0.0,1.0
329,MobileNet,0.6364,0.7778,0.0,0.0,0.7778
330,MobileNet,1.0,0.5,0.0,0.0,1.0
331,MobileNet,0.8182,0.9,0.0,0.0,0.9
332,MobileNet,0.9091,0.5,0.0,0.0,0.9091
333,MobileNet,0.7273,0.5,0.0,0.0,0.7273
334,MobileNet,1.0,0.5,0.0,0.0,1.0
335,MobileNet,0.6364,0.7778,0.0,0.0,0.7778
336,MobileNet,0.9091,0.5,0.0,0.0,0.9091
337,MobileNet,0.7273,0.8889,0.0,0.0,0.8889
338,MobileNet,0.9091,0.5,0.0,0.0,0.9091
339,MobileNet,0.6364,0.875,0.0,0.0,0.875
340,MobileNet,0.8182,1.0,0.0,0.0,1.0
341,MobileNet,0.5455,0.6667,0.0,0.0,0.6667
342,MobileNet,0.5455,0.6667,0.0,0.0,0.6667
343,MobileNet,0.8182,0.9,0.0,0.0,0.9
344,MobileNet,0.8182,0.5,0.0,0.0,0.8182
345,MobileNet,0.2727,0.3333,0.0,0.0,0.3333
346,MobileNet,0.7273,0.8889,0.0,0.0,0.8889
347,MobileNet,0.8182,0.9,0.0,0.0,0.9
348,MobileNet,0.7273,0.8889,0.0,0.0,0.8889
349,MobileNet,0.7273,0.8889,0.0,0.0,0.8889
350,MobileNet,0.7273,0.8889,0.0,0.0,0.8889
351,MobileNet,0.9091,0.5,0.0,0.0,0.9091
352,MobileNet,0.9091,1.0,0.0,0.0,1.0
353,MobileNet,1.0,0.5,0.0,0.0,1.0
354,MobileNet,1.0,0.5,0.0,0.0,1.0
355,MobileNet,0.7273,0.8,0.0,0.0,0.8
356,MobileNet,0.9091,1.0,0.0,0.0,1.0
357,MobileNet,0.8182,0.9,0.0,0.0,0.9
358,MobileNet,0.8182,1.0,0.0,0.0,1.0
359,MobileNet,0.9091,0.5,0.0,0.0,0.9091
360,MobileNet,0.8182,1.0,0.0,0.0,1.0
361,MobileNet,0.7273,0.8889,0.0,0.0,0.8889
362,MobileNet,0.7273,0.5,0.0,0.0,0.7273
363,MobileNet,0.5455,0.5,0.0,0.0,0.5455
364,MobileNet,0.9091,0.5,0.0,0.0,0.9091
365,MobileNet,0.9091,0.5,0.0,0.0,0.9091
366,MobileNet,0.7273,0.8889,0.0,0.0,0.8889
367,MobileNet,1.0,0.5,0.0,0.0,1.0
368,MobileNet,0.8182,0.5,0.0,0.0,0.8182
369,MobileNet,0.7273,0.8889,0.0,0.0,0.8889
370,MobileNet,0.8182,0.9,0.0,0.0,0.9
371,MobileNet,0.8182,1.0,0.0,0.0,1.0
372,MobileNet,0.8182,1.0,0.0,0.0,1.0
373,MobileNet,0.7273,0.5,0.0,0.0,0.7273
374,MobileNet,0.9091,1.0,0.0,0.0,1.0
375,MobileNet,0.7273,0.8,0.0,0.0,0.8
376,MobileNet,0.7273,0.8,0.0,0.0,0.8
377,MobileNet,0.8182,0.9,0.0,0.0,0.9
378,MobileNet,0.8182,1.0,0.0,0.0,1.0
379,MobileNet,0.8182,0.9,0.0,0.0,0.9
380,MobileNet,0.8182,0.5,0.0,0.0,0.8182
381,MobileNet,0.8182,0.9,0.0,0.0,0.9
382,MobileNet,0.8182,0.5,0.0,0.0,0.8182
383,MobileNet,0.7273,0.8889,0.0,0.0,0.8889
384,MobileNet,0.7273,0.8889,0.0,0.0,0.8889
385,MobileNet,0.9091,0.5,0.0,0.0,0.9091
386,MobileNet,1.0,0.5,0.0,0.0,1.0
387,MobileNet,0.7273,0.8889,0.0,0.0,0.8889
388,MobileNet,0.7273,1.0,0.0,0.0,1.0
389,MobileNet,0.9091,1.0,0.0,0.0,1.0
390,MobileNet,0.6364,0.7778,0.0,0.0,0.7778
391,MobileNet,0.9091,0.5,0.0,0.0,0.9091
392,MobileNet,0.8182,0.9,0.0,0.0,0.9
393,MobileNet,0.8182,0.5,0.0,0.0,0.8182
394,MobileNet,1.0,0.5,0.0,0.0,1.0
395,MobileNet,1.0,0.5,0.0,0.0,1.0
396,MobileNet,1.0,0.5,0.0,0.0,1.0
397,MobileNet,0.7273,1.0,0.0,0.0,1.0
398,MobileNet,0.8182,1.0,0.0,0.0,1.0
399,MobileNet,0.8182,1.0,0.0,0.0,1.0
400,MobileNet,0.6364,0.7778,0.0,0.0,0.7778
401,MobileNet,1.0,0.5,0.0,0.0,1.0
402,MobileNet,0.9091,1.0,0.0,0.0,1.0
403,MobileNet,0.8182,0.9,0.0,0.0,0.9
404,MobileNet,0.5455,0.75,0.0,0.0,0.75
405,MobileNet,0.9091,0.5,0.0,0.0,0.9091
406,MobileNet,0.9091,1.0,0.0,0.0,1.0
407,MobileNet,0.5455,0.75,0.0,0.0,0.75
408,MobileNet,0.9091,0.5,0.0,0.0,0.9091
409,MobileNet,0.8182,1.0,0.0,0.0,1.0
410,MobileNet,0.8182,1.0,0.0,0.0,1.0
411,MobileNet,0.8182,0.5,0.0,0.0,0.8182
412,MobileNet,0.8182,1.0,0.0,0.0,1.0
413,MobileNet,0.7273,0.8,0.0,0.0,0.8
414,MobileNet,0.8182,0.9,0.0,0.0,0.9
415,MobileNet,0.8182,0.5,0.0,0.0,0.8182
416,MobileNet,0.8182,0.9,0.0,0.0,0.9
417,MobileNet,0.8182,1.0,0.0,0.0,1.0
418,MobileNet,0.7273,0.8889,0.0,0.0,0.8889
419,MobileNet,0.8182,1.0,0.0,0.0,1.0
420,MobileNet,0.7273,0.8,0.0,0.0,0.8
421,MobileNet,0.6364,0.5,0.0,0.0,0.6364
422,MobileNet,0.7273,0.8889,0.0,0.0,0.8889
423,MobileNet,1.0,0.5,0.0,0.0,1.0
424,MobileNet,0.7273,0.8,0.0,0.0,0.8
425,MobileNet,0.8182,0.9,0.0,0.0,0.9
426,MobileNet,0.7273,0.8,0.0,0.0,0.8
427,MobileNet,0.9091,0.5,0.0,0.0,0.9091
428,MobileNet,0.8182,0.9,0.0,0.0,0.9
429,MobileNet,0.9091,0.5,0.0,0.0,0.9091
430,MobileNet,0.9091,1.0,0.0,0.0,1.0
431,MobileNet,0.8182,0.5,0.0,0.0,0.8182
432,MobileNet,0.8182,0.5,0.0,0.0,0.8182
433,MobileNet,0.5455,0.6,0.0,0.0,0.6
434,MobileNet,0.9091,1.0,0.0,0.0,1.0
435,MobileNet,0.8182,0.9,0.0,0.0,0.9
436,MobileNet,0.6364,0.7,0.0,0.0,0.7
437,MobileNet,0.9091,1.0,0.0,0.0,1.0
438,MobileNet,0.7273,0.5,0.0,0.0,0.7273
439,MobileNet,0.7273,0.8889,0.0,0.0,0.8889
440,MobileNet,0.8182,0.9,0.0,0.0,0.9
441,MobileNet,0.8182,1.0,0.0,0.0,1.0
442,MobileNet,0.8182,0.5,0.0,0.0,0.8182
443,MobileNet,0.9091,1.0,0.0,0.0,1.0
444,MobileNet,0.7273,0.8,0.0,0.0,0.8
445,MobileNet,0.7273,0.8889,0.0,0.0,0.8889
446,MobileNet,1.0,0.5,0.0,0.0,1.0
447,MobileNet,0.9091,0.5,0.0,0.0,0.9091
448,MobileNet,0.8182,1.0,0.0,0.0,1.0
449,MobileNet,0.9091,1.0,0.0,0.0,1.0
450,MobileNet,0.9091,1.0,0.0,0.0,1.0
451,MobileNet,0.8182,1.0,0.0,0.0,1.0
452,MobileNet,0.9091,0.5,0.0,0.0,0.9091
453,MobileNet,0.9091,0.5,0.0,0.0,0.9091
454,MobileNet,0.8182,0.5,0.0,0.0,0.8182
455,MobileNet,0.8182,0.5,0.0,0.0,0.8182
456,MobileNet,0.9091,1.0,0.0,0.0,1.0
457,MobileNet,0.8182,0.9,0.0,0.0,0.9
458,MobileNet,0.8182,0.9,0.0,0.0,0.9
459,MobileNet,0.9091,1.0,0.0,0.0,1.0
460,MobileNet,0.8182,0.9,0.0,0.0,0.9
461,MobileNet,0.8182,0.9,0.0,0.0,0.9
462,MobileNet,1.0,0.5,0.0,0.0,1.0
463,MobileNet,0.8182,0.9,0.0,0.0,0.9
464,MobileNet,0.9091,0.5,0.0,0.0,0.9091
465,MobileNet,0.9091,0.5,0.0,0.0,0.9091
466,MobileNet,0.6364,0.7778,0.0,0.0,0.7778
467,MobileNet,0.9091,0.5,0.0,0.0,0.9091
468,MobileNet,0.9091,1.0,0.0,0.0,1.0
469,MobileNet,0.9091,0.5,0.0,0.0,0.9091
470,MobileNet,0.8182,0.5,0.0,0.0,0.8182
471,MobileNet,0.8182,0.5,0.0,0.0,0.8182
472,MobileNet,0.8182,0.9,0.0,0.0,0.9
473,MobileNet,0.7273,0.8,0.0,0.0,0.8
474,MobileNet,0.7273,0.5,0.0,0.0,0.7273
475,MobileNet,0.8182,1.0,0.0,0.0,1.0
476,MobileNet,0.6364,0.875,0.0,0.0,0.875
477,MobileNet,1.0,0.5,0.0,0.0,1.0
478,MobileNet,0.9091,0.5,0.0,0.0,0.9091
479,MobileNet,0.8182,0.5,0.0,0.0,0.8182
480,MobileNet,0.9091,1.0,0.0,0.0,1.0
481,MobileNet,0.9091,1.0,0.0,0.0,1.0
482,MobileNet,0.9091,0.5,0.0,0.0,0.9091
483,MobileNet,0.7273,0.8,0.0,0.0,0.8
484,MobileNet,0.8182,0.5,0.0,0.0,0.8182
485,MobileNet,0.9091,1.0,0.0,0.0,1.0
486,MobileNet,0.6364,0.7778,0.0,0.0,0.7778
487,MobileNet,0.8182,1.0,0.0,0.0,1.0
488,MobileNet,0.9091,1.0,0.0,0.0,1.0
489,MobileNet,0.8182,1.0,0.0,0.0,1.0
490,MobileNet,0.9091,1.0,0.0,0.0,1.0
491,MobileNet,0.7273,1.0,0.0,0.0,1.0
492,MobileNet,0.8182,1.0,0.0,0.0,1.0
493,MobileNet,0.8182,0.9,0.0,0.0,0.9
494,MobileNet,0.8182,0.9,0.0,0.0,0.9
495,MobileNet,0.9091,0.5,0.0,0.0,0.9091
496,MobileNet,0.9091,1.0,0.0,0.0,1.0
497,MobileNet,0.8182,0.5,0.0,0.0,0.8182
498,MobileNet,0.8182,1.0,0.0,0.0,1.0
499,MobileNet,0.6364,0.7778,0.0,0.0,0.7778
500,MobileNet,0.9091,1.0,0.0,0.0,1.0
501,MobileNet,0.8182,1.0,0.0,0.0,1.0
502,MobileNet,0.9091,0.5,0.0,0.0,0.9091
503,MobileNet,0.8182,0.9,0.0,0.0,0.9
504,MobileNet,1.0,0.5,0.0,0.0,1.0
505,MobileNet,0.9091,0.5,0.0,0.0,0.9091
506,MobileNet,0.9091,1.0,0.0,0.0,1.0
507,MobileNet,0.9091,1.0,0.0,0.0,1.0
508,MobileNet,0.9091,0.5,0.0,0.0,0.9091
509,MobileNet,0.9091,0.5,0.0,0.0,0.9091
510,MobileNet,0.8182,0.5,0.0,0.0,0.8182
511,MobileNet,1.0,0.5,0.0,0.0,1.0
512,MobileNet,0.6364,0.7,0.0,0.0,0.7
513,MobileNet,0.8182,0.9,0.0,0.0,0.9
514,MobileNet,0.8182,0.9,0.0,0.0,0.9
515,MobileNet,0.8182,0.9,0.0,0.0,0.9
516,MobileNet,0.8182,0.9,0.0,0.0,0.9
517,MobileNet,0.6364,0.5,0.0,0.0,0.6364
518,MobileNet,1.0,0.5,0.0,0.0,1.0
519,MobileNet,0.7273,0.8889,0.0,0.0,0.8889
520,MobileNet,0.9091,1.0,0.0,0.0,1.0
521,MobileNet,0.9091,1.0,0.0,0.0,1.0
522,MobileNet,0.9091,0.5,0.0,0.0,0.9091
523,MobileNet,0.9091,1.0,0.0,0.0,1.0
524,MobileNet,0.4545,0.5556,0.0,0.0,0.5556
525,MobileNet,0.7273,0.5,0.0,0.0,0.7273
526,MobileNet,0.7273,0.8,0.0,0.0,0.8
527,MobileNet,0.9091,1.0,0.0,0.0,1.0
528,MobileNet,0.8182,0.9,0.0,0.0,0.9
529,MobileNet,0.9091,0.5,0.0,0.0,0.9091
530,MobileNet,0.6364,0.875,0.0,0.0,0.875
531,MobileNet,0.9091,0.5,0.0,0.0,0.9091
532,MobileNet,0.9091,0.5,0.0,0.0,0.9091
533,MobileNet,0.6364,0.7,0.0,0.0,0.7
534,MobileNet,0.8182,1.0,0.0,0.0,1.0
535,MobileNet,0.7273,0.8889,0.0,0.0,0.8889
536,MobileNet,0.7273,1.0,0.0,0.0,1.0
537,MobileNet,0.6364,0.7,0.0,0.0,0.7
538,MobileNet,0.5455,0.8571,0.0,0.0,0.8571
539,MobileNet,0.7273,1.0,0.0,0.0,1.0
540,MobileNet,0.8182,0.9,0.0,0.0,0.9
541,MobileNet,0.6364,1.0,0.0,0.0,1.0
542,MobileNet,0.8182,0.9,0.0,0.0,0.9
543,MobileNet,0.9091,1.0,0.0,0.0,1.0
544,MobileNet,0.8182,0.9,0.0,0.0,0.9
545,MobileNet,0.9091,0.5,0.0,0.0,0.9091
546,MobileNet,1.0,0.5,0.0,0.0,1.0
547,MobileNet,0.8182,1.0,0.0,0.0,1.0
548,MobileNet,0.7273,0.8889,0.0,0.0,0.8889
549,MobileNet,0.9091,0.5,0.0,0.0,0.9091
550,MobileNet,0.8182,0.9,0.0,0.0,0.9
551,MobileNet,0.8182,0.9,0.0,0.0,0.9
552,MobileNet,0.9091,1.0,0.0,0.0,1.0
553,MobileNet,0.6364,0.7778,0.0,0.0,0.7778
554,MobileNet,0.7273,0.8,0.0,0.0,0.8
555,MobileNet,0.7273,1.0,0.0,0.0,1.0
556,MobileNet,0.7273,0.5,0.0,0.0,0.7273
557,MobileNet,0.9091,1.0,0.0,0.0,1.0
558,MobileNet,0.9091,0.5,0.0,0.0,0.9091
559,MobileNet,0.8182,1.0,0.0,0.0,1.0
560,MobileNet,0.6364,0.7,0.0,0.0,0.7
561,MobileNet,0.6364,0.875,0.0,0.0,0.875
562,MobileNet,0.8182,0.5,0.0,0.0,0.8182
563,MobileNet,0.6364,0.7778,0.0,0.0,0.7778
564,MobileNet,0.9091,0.5,0.0,0.0,0.9091
565,MobileNet,0.8182,0.9,0.0,0.0,0.9
566,MobileNet,0.9091,0.5,0.0,0.0,0.9091
567,MobileNet,0.9091,1.0,0.0,0.0,1.0
568,MobileNet,0.9091,1.0,0.0,0.0,1.0
569,MobileNet,0.8182,0.9,0.0,0.0,0.9
570,MobileNet,0.9091,0.5,0.0,0.0,0.9091
571,MobileNet,1.0,0.5,0.0,0.0,1.0
572,MobileNet,0.8182,0.9,0.0,0.0,0.9
573,MobileNet,1.0,0.5,0.0,0.0,1.0
574,MobileNet,1.0,0.5,0.0,0.0,1.0
575,MobileNet,1.0,0.5,0.0,0.0,1.0
576,MobileNet,0.6364,0.875,0.0,0.0,0.875
577,MobileNet,0.8182,0.5,0.0,0.0,0.8182
578,MobileNet,0.8182,1.0,0.0,0.0,1.0
579,MobileNet,0.8182,0.5,0.0,0.0,0.8182
580,MobileNet,0.9091,1.0,0.0,0.0,1.0
581,MobileNet,0.9091,0.5,0.0,0.0,0.9091
582,MobileNet,0.7273,0.8,0.0,0.0,0.8
583,MobileNet,1.0,0.5,0.0,0.0,1.0
584,MobileNet,0.8182,1.0,0.0,0.0,1.0
585,MobileNet,0.7273,0.8889,0.0,0.0,0.8889
586,MobileNet,0.8182,0.9,0.0,0.0,0.9
587,MobileNet,0.8182,1.0,0.0,0.0,1.0
588,MobileNet,0.7273,0.8889,0.0,0.0,0.8889
589,MobileNet,1.0,0.5,0.0,0.0,1.0
590,MobileNet,0.6364,0.7,0.0,0.0,0.7
591,MobileNet,0.7273,0.8889,0.0,0.0,0.8889
592,MobileNet,0.7273,0.5,0.0,0.0,0.7273
593,MobileNet,0.9091,0.5,0.0,0.0,0.9091
594,MobileNet,0.7273,0.8889,0.0,0.0,0.8889
595,MobileNet,0.6364,0.7778,0.0,0.0,0.7778
596,MobileNet,0.7273,0.8889,0.0,0.0,0.8889
597,MobileNet,0.9091,0.5,0.0,0.0,0.9091
598,MobileNet,0.8182,0.9,0.0,0.0,0.9
599,MobileNet,0.9091,0.5,0.0,0.0,0.9091
600,MobileNet,0.6364,0.875,0.0,0.0,0.875
601,MobileNet,0.7273,0.8889,0.0,0.0,0.8889
602,MobileNet,0.9091,0.5,0.0,0.0,0.9091
603,MobileNet,0.9091,1.0,0.0,0.0,1.0
604,MobileNet,1.0,0.5,0.0,0.0,1.0
605,MobileNet,0.9091,1.0,0.0,0.0,1.0
606,MobileNet,0.9091,0.5,0.0,0.0,0.9091
607,MobileNet,0.9091,0.5,0.0,0.0,0.9091
608,MobileNet,0.8182,0.9,0.0,0.0,0.9
609,MobileNet,1.0,0.5,0.0,0.0,1.0
610,MobileNet,1.0,0.5,0.0,0.0,1.0
611,MobileNet,0.7273,0.8,0.0,0.0,0.8
612,MobileNet,0.9091,0.5,0.0,0.0,0.9091
613,MobileNet,0.9091,0.5,0.0,0.0,0.9091
614,MobileNet,0.9091,1.0,0.0,0.0,1.0
615,MobileNet,0.8182,0.9,0.0,0.0,0.9
616,MobileNet,0.8182,1.0,0.0,0.0,1.0
617,MobileNet,0.8182,0.9,0.0,0.0,0.9
618,MobileNet,1.0,0.5,0.0,0.0,1.0
619,MobileNet,0.7273,1.0,0.0,0.0,1.0
620,MobileNet,0.9091,0.5,0.0,0.0,0.9091
621,MobileNet,0.7273,0.8,0.0,0.0,0.8
622,MobileNet,0.8182,0.9,0.0,0.0,0.9
623,MobileNet,0.7273,0.8889,0.0,0.0,0.8889
624,MobileNet,0.8182,0.5,0.0,0.0,0.8182
625,MobileNet,0.9091,0.5,0.0,0.0,0.9091
626,MobileNet,0.6364,0.875,0.0,0.0,0.875
627,MobileNet,0.6364,0.5,0.0,0.0,0.6364
628,MobileNet,0.6364,0.7,0.0,0.0,0.7
629,MobileNet,0.8182,0.5,0.0,0.0,0.8182
630,MobileNet,0.8182,0.9,0.0,0.0,0.9
631,MobileNet,0.9091,0.5,0.0,0.0,0.9091
632,MobileNet,0.9091,1.0,0.0,0.0,1.0
633,MobileNet,0.9091,0.5,0.0,0.0,0.9091
634,MobileNet,1.0,0.5,0.0,0.0,1.0
635,MobileNet,0.7273,0.8889,0.0,0.0,0.8889
636,MobileNet,0.9091,0.5,0.0,0.0,0.9091
637,MobileNet,0.8182,1.0,0.0,0.0,1.0
638,MobileNet,0.7273,0.8,0.0,0.0,0.8
639,MobileNet,1.0,0.5,0.0,0.0,1.0
640,MobileNet,0.7273,0.8,0.0,0.0,0.8
641,MobileNet,0.8182,0.9,0.0,0.0,0.9
642,MobileNet,0.8182,0.5,0.0,0.0,0.8182
643,MobileNet,0.7273,0.5,0.0,0.0,0.7273
644,MobileNet,0.7273,0.8889,0.0,0.0,0.8889
645,MobileNet,0.9091,1.0,0.0,0.0,1.0
646,MobileNet,0.8182,1.0,0.0,0.0,1.0
647,MobileNet,1.0,0.5,0.0,0.0,1.0
648,MobileNet,1.0,0.5,0.0,0.0,1.0
649,MobileNet,0.9091,1.0,0.0,0.0,1.0
650,MobileNet,0.7273,0.8,0.0,0.0,0.8
651,MobileNet,0.9091,0.5,0.0,0.0,0.9091
652,MobileNet,0.7273,0.8,0.0,0.0,0.8
653,MobileNet,0.9091,0.5,0.0,0.0,0.9091
654,MobileNet,0.9091,0.5,0.0,0.0,0.9091
655,MobileNet,0.7273,0.8889,0.0,0.0,0.8889
656,MobileNet,0.9091,0.5,0.0,0.0,0.9091
657,MobileNet,0.9091,1.0,0.0,0.0,1.0
658,MobileNet,0.8182,0.9,0.0,0.0,0.9
659,MobileNet,0.9091,1.0,0.0,0.0,1.0
660,MobileNet,0.4545,0.5,0.0,0.0,0.5
661,MobileNet,1.0,0.5,0.0,0.0,1.0
662,MobileNet,0.6364,0.7,0.0,0.0,0.7
663,MobileNet,0.8182,0.5,0.0,0.0,0.8182
664,MobileNet,0.8182,0.5,0.0,0.0,0.8182
665,MobileNet,0.9091,0.5,0.0,0.0,0.9091
666,MobileNet,0.8182,0.9,0.0,0.0,0.9
667,MobileNet,0.3636,0.5,0.0,0.0,0.5
668,MobileNet,0.9091,0.5,0.0,0.0,0.9091
669,MobileNet,0.8182,0.9,0.0,0.0,0.9
670,MobileNet,0.8182,0.5,0.0,0.0,0.8182
671,MobileNet,0.7273,0.8889,0.0,0.0,0.8889
672,MobileNet,0.9091,0.5,0.0,0.0,0.9091
673,MobileNet,0.7273,1.0,0.0,0.0,1.0
674,MobileNet,0.7273,0.8889,0.0,0.0,0.8889
675,MobileNet,0.9091,0.5,0.0,0.0,0.9091
676,MobileNet,1.0,0.5,0.0,0.0,1.0
677,MobileNet,0.9091,1.0,0.0,0.0,1.0
678,MobileNet,1.0,0.5,0.0,0.0,1.0
679,MobileNet,1.0,0.5,0.0,0.0,1.0
680,MobileNet,0.8182,0.5,0.0,0.0,0.8182
681,MobileNet,0.8182,1.0,0.0,0.0,1.0
682,MobileNet,0.9091,1.0,0.0,0.0,1.0
683,MobileNet,0.9091,0.5,0.0,0.0,0.9091
684,MobileNet,0.8182,1.0,0.0,0.0,1.0
685,MobileNet,0.8182,0.9,0.0,0.0,0.9
686,MobileNet,0.7273,0.8,0.0,0.0,0.8
687,MobileNet,0.7273,0.8,0.0,0.0,0.8
688,MobileNet,1.0,0.5,0.0,0.0,1.0
689,MobileNet,0.9091,1.0,0.0,0.0,1.0
690,MobileNet,0.7273,0.5,0.0,0.0,0.7273
691,MobileNet,0.6364,0.7778,0.0,0.0,0.7778
692,MobileNet,0.6364,0.7,0.0,0.0,0.7
693,MobileNet,0.8182,0.5,0.0,0.0,0.8182
694,MobileNet,1.0,0.5,0.0,0.0,1.0
695,MobileNet,0.8182,1.0,0.0,0.0,1.0
696,MobileNet,0.8182,0.5,0.0,0.0,0.8182
697,MobileNet,0.7273,0.8889,0.0,0.0,0.8889
698,MobileNet,0.8182,0.9,0.0,0.0,0.9
699,MobileNet,0.8182,0.5,0.0,0.0,0.8182
700,MobileNet,0.6364,0.7,0.0,0.0,0.7
701,MobileNet,0.8182,1.0,0.0,0.0,1.0
702,MobileNet,0.5455,0.6,0.0,0.0,0.6
703,MobileNet,0.6364,0.7778,0.0,0.0,0.7778
704,MobileNet,1.0,0.5,0.0,0.0,1.0
705,MobileNet,0.7273,1.0,0.0,0.0,1.0
706,MobileNet,0.9091,0.5,0.0,0.0,0.9091
707,MobileNet,0.9091,0.5,0.0,0.0,0.9091
708,MobileNet,0.9091,1.0,0.0,0.0,1.0
709,MobileNet,0.9091,0.5,0.0,0.0,0.9091
710,MobileNet,0.7273,1.0,0.0,0.0,1.0
711,MobileNet,0.8182,0.9,0.0,0.0,0.9
712,MobileNet,0.7273,0.8889,0.0,0.0,0.8889
713,MobileNet,1.0,0.5,0.0,0.0,1.0
714,MobileNet,0.9091,1.0,0.0,0.0,1.0
715,MobileNet,0.8182,0.9,0.0,0.0,0.9
716,MobileNet,0.8182,0.9,0.0,0.0,0.9
717,MobileNet,0.8182,0.9,0.0,0.0,0.9
718,MobileNet,0.8182,0.5,0.0,0.0,0.8182
719,MobileNet,0.9091,1.0,0.0,0.0,1.0
720,MobileNet,0.7273,0.8889,0.0,0.0,0.8889
721,MobileNet,0.7273,1.0,0.0,0.0,1.0
722,MobileNet,0.9091,0.5,0.0,0.0,0.9091
723,MobileNet,0.5455,0.6667,0.0,0.0,0.6667
724,MobileNet,0.9091,0.5,0.0,0.0,0.9091
725,MobileNet,0.7273,0.8889,0.0,0.0,0.8889
726,MobileNet,0.8182,1.0,0.0,0.0,1.0
727,MobileNet,0.7273,0.5,0.0,0.0,0.7273
728,MobileNet,0.6364,0.7,0.0,0.0,0.7
729,MobileNet,0.7273,0.8,0.0,0.0,0.8
730,MobileNet,0.7273,0.8,0.0,0.0,0.8
731,MobileNet,0.8182,0.9,0.0,0.0,0.9
732,MobileNet,0.9091,0.5,0.0,0.0,0.9091
733,MobileNet,1.0,0.5,0.0,0.0,1.0
734,MobileNet,0.7273,0.8889,0.0,0.0,0.8889
735,MobileNet,0.9091,1.0,0.0,0.0,1.0
736,MobileNet,0.4545,0.625,0.0,0.0,0.625
737,MobileNet,0.8182,1.0,0.0,0.0,1.0
738,MobileNet,1.0,0.5,0.0,0.0,1.0
739,MobileNet,0.8182,1.0,0.0,0.0,1.0
740,MobileNet,1.0,0.5,0.0,0.0,1.0
741,MobileNet,0.9091,1.0,0.0,0.0,1.0
742,MobileNet,0.6364,0.5,0.0,0.0,0.6364
743,MobileNet,0.8182,0.5,0.0,0.0,0.8182
744,MobileNet,0.8182,1.0,0.0,0.0,1.0
745,MobileNet,0.9091,0.5,0.0,0.0,0.9091
746,MobileNet,0.9091,1.0,0.0,0.0,1.0
747,MobileNet,0.6364,0.7,0.0,0.0,0.7
748,MobileNet,0.8182,0.5,0.0,0.0,0.8182
749,MobileNet,0.9091,0.5,0.0,0.0,0.9091
750,MobileNet,0.8182,0.9,0.0,0.0,0.9
751,MobileNet,0.7273,0.8889,0.0,0.0,0.8889
752,MobileNet,0.6364,0.7778,0.0,0.0,0.7778
753,MobileNet,0.8182,0.9,0.0,0.0,0.9
754,MobileNet,0.9091,1.0,0.0,0.0,1.0
755,MobileNet,0.9091,0.5,0.0,0.0,0.9091
756,MobileNet,0.9091,1.0,0.0,0.0,1.0
757,MobileNet,0.9091,0.5,0.0,0.0,0.9091
758,MobileNet,0.8182,0.9,0.0,0.0,0.9
759,MobileNet,1.0,0.5,0.0,0.0,1.0
760,MobileNet,0.7273,1.0,0.0,0.0,1.0
761,MobileNet,0.8182,0.9,0.0,0.0,0.9
762,MobileNet,0.8182,0.9,0.0,0.0,0.9
763,MobileNet,0.7273,0.5,0.0,0.0,0.7273
764,MobileNet,0.9091,1.0,0.0,0.0,1.0
765,MobileNet,0.8182,0.5,0.0,0.0,0.8182
766,MobileNet,0.9091,0.5,0.0,0.0,0.9091
767,MobileNet,1.0,0.5,0.0,0.0,1.0
768,MobileNet,1.0,0.5,0.0,0.0,1.0
769,MobileNet,0.7273,0.5,0.0,0.0,0.7273
770,MobileNet,0.6364,0.7778,0.0,0.0,0.7778
771,MobileNet,0.9091,0.5,0.0,0.0,0.9091
772,MobileNet,0.7273,1.0,0.0,0.0,1.0
773,MobileNet,0.8182,0.9,0.0,0.0,0.9
774,MobileNet,0.7273,1.0,0.0,0.0,1.0
775,MobileNet,0.7273,0.8889,0.0,0.0,0.8889
776,MobileNet,0.8182,0.5,0.0,0.0,0.8182
777,MobileNet,0.9091,1.0,0.0,0.0,1.0
778,MobileNet,0.7273,0.8,0.0,0.0,0.8
779,MobileNet,1.0,0.5,0.0,0.0,1.0
780,MobileNet,0.8182,0.9,0.0,0.0,0.9
781,MobileNet,0.8182,0.5,0.0,0.0,0.8182
782,MobileNet,0.9091,0.5,0.0,0.0,0.9091
783,MobileNet,0.7273,0.8889,0.0,0.0,0.8889
784,MobileNet,0.8182,0.9,0.0,0.0,0.9
785,MobileNet,1.0,0.5,0.0,0.0,1.0
786,MobileNet,0.7273,0.8,0.0,0.0,0.8
787,MobileNet,0.9091,1.0,0.0,0.0,1.0
788,MobileNet,0.8182,0.5,0.0,0.0,0.8182
789,MobileNet,0.7273,0.8,0.0,0.0,0.8
790,MobileNet,0.9091,0.5,0.0,0.0,0.9091
791,MobileNet,0.9091,1.0,0.0,0.0,1.0
792,MobileNet,0.9091,1.0,0.0,0.0,1.0
793,MobileNet,1.0,0.5,0.0,0.0,1.0
794,MobileNet,0.9091,1.0,0.0,0.0,1.0
795,MobileNet,0.5455,0.75,0.0,0.0,0.75
796,MobileNet,0.8182,0.5,0.0,0.0,0.8182
797,MobileNet,0.8182,0.9,0.0,0.0,0.9
798,MobileNet,1.0,0.5,0.0,0.0,1.0
799,MobileNet,0.9091,1.0,0.0,0.0,1.0
800,MobileNet,0.8182,0.9,0.0,0.0,0.9
801,MobileNet,0.7273,0.8,0.0,0.0,0.8
802,MobileNet,0.8182,1.0,0.0,0.0,1.0
803,MobileNet,1.0,0.5,0.0,0.0,1.0
804,MobileNet,0.8182,0.5,0.0,0.0,0.8182
805,MobileNet,0.8182,1.0,0.0,0.0,1.0
806,MobileNet,0.9091,0.5,0.0,0.0,0.9091
807,MobileNet,0.8182,1.0,0.0,0.0,1.0
808,MobileNet,0.9091,1.0,0.0,0.0,1.0
809,MobileNet,1.0,0.5,0.0,0.0,1.0
810,MobileNet,0.7273,0.8889,0.0,0.0,0.8889
811,MobileNet,0.7273,0.8889,0.0,0.0,0.8889
812,MobileNet,0.8182,0.5,0.0,0.0,0.8182
813,MobileNet,0.6364,0.7778,0.0,0.0,0.7778
814,MobileNet,0.7273,0.8,0.0,0.0,0.8
815,MobileNet,0.7273,0.5,0.0,0.0,0.7273
816,MobileNet,0.8182,0.5,0.0,0.0,0.8182
817,MobileNet,0.9091,1.0,0.0,0.0,1.0
818,MobileNet,0.7273,0.8889,0.0,0.0,0.8889
819,MobileNet,0.7273,0.8889,0.0,0.0,0.8889
820,MobileNet,0.9091,1.0,0.0,0.0,1.0
821,MobileNet,0.8182,1.0,0.0,0.0,1.0
822,MobileNet,0.8182,0.9,0.0,0.0,0.9
823,MobileNet,0.8182,1.0,0.0,0.0,1.0
824,MobileNet,1.0,0.5,0.0,0.0,1.0
825,MobileNet,1.0,0.5,0.0,0.0,1.0
826,MobileNet,0.9091,0.5,0.0,0.0,0.9091
827,MobileNet,0.6364,0.7778,0.0,0.0,0.7778
828,MobileNet,0.9091,1.0,0.0,0.0,1.0
829,MobileNet,0.8182,0.9,0.0,0.0,0.9
830,MobileNet,0.8182,1.0,0.0,0.0,1.0
831,MobileNet,0.8182,0.5,0.0,0.0,0.8182
832,MobileNet,1.0,0.5,0.0,0.0,1.0
833,MobileNet,0.9091,0.5,0.0,0.0,0.9091
834,MobileNet,0.7273,0.8,0.0,0.0,0.8
835,MobileNet,0.8182,1.0,0.0,0.0,1.0
836,MobileNet,0.8182,0.5,0.0,0.0,0.8182
837,MobileNet,0.9091,0.5,0.0,0.0,0.9091
838,MobileNet,0.9091,0.5,0.0,0.0,0.9091
839,MobileNet,0.9091,1.0,0.0,0.0,1.0
840,MobileNet,0.9091,1.0,0.0,0.0,1.0
841,MobileNet,0.9091,0.5,0.0,0.0,0.9091
842,MobileNet,0.9091,0.5,0.0,0.0,0.9091
843,MobileNet,0.8182,0.9,0.0,0.0,0.9
844,MobileNet,0.9091,0.5,0.0,0.0,0.9091
845,MobileNet,0.8182,1.0,0.0,0.0,1.0
846,MobileNet,0.8182,1.0,0.0,0.0,1.0
847,MobileNet,0.8182,1.0,0.0,0.0,1.0
848,MobileNet,0.8182,0.9,0.0,0.0,0.9
849,MobileNet,0.8182,0.9,0.0,0.0,0.9
850,MobileNet,0.9091,0.5,0.0,0.0,0.9091
851,MobileNet,0.6364,0.7,0.0,0.0,0.7
852,MobileNet,0.9091,1.0,0.0,0.0,1.0
853,MobileNet,0.7273,1.0,0.0,0.0,1.0
854,MobileNet,1.0,0.5,0.0,0.0,1.0
855,MobileNet,0.9091,1.0,0.0,0.0,1.0
856,MobileNet,0.7273,0.8889,0.0,0.0,0.8889
857,MobileNet,0.7273,0.8,0.0,0.0,0.8
858,MobileNet,0.6364,0.7778,0.0,0.0,0.7778
859,MobileNet,0.8182,0.9,0.0,0.0,0.9
860,MobileNet,0.8182,1.0,0.0,0.0,1.0
861,MobileNet,0.9091,1.0,0.0,0.0,1.0
862,MobileNet,0.6364,0.7,0.0,0.0,0.7
863,MobileNet,0.7273,0.8889,0.0,0.0,0.8889
864,MobileNet,0.6364,0.7,0.0,0.0,0.7
865,MobileNet,0.8182,0.5,0.0,0.0,0.8182
866,MobileNet,0.9091,1.0,0.0,0.0,1.0
867,MobileNet,0.9091,1.0,0.0,0.0,1.0
868,MobileNet,0.7273,0.8,0.0,0.0,0.8
869,MobileNet,0.9091,1.0,0.0,0.0,1.0
870,MobileNet,1.0,0.5,0.0,0.0,1.0
871,MobileNet,0.9091,0.5,0.0,0.0,0.9091
872,MobileNet,0.6364,0.7,0.0,0.0,0.7
873,MobileNet,0.8182,0.5,0.0,0.0,0.8182
874,MobileNet,0.7273,0.8,0.0,0.0,0.8
875,MobileNet,0.9091,1.0,0.0,0.0,1.0
876,MobileNet,0.7273,0.8,0.0,0.0,0.8
877,MobileNet,0.7273,0.8889,0.0,0.0,0.8889
878,MobileNet,0.9091,1.0,0.0,0.0,1.0
879,MobileNet,1.0,0.5,0.0,0.0,1.0
880,MobileNet,0.9091,1.0,0.0,0.0,1.0
881,MobileNet,0.8182,1.0,0.0,0.0,1.0
882,MobileNet,0.8182,1.0,0.0,0.0,1.0
883,MobileNet,0.9091,1.0,0.0,0.0,1.0
884,MobileNet,0.9091,1.0,0.0,0.0,1.0
885,MobileNet,0.8182,0.9,0.0,0.0,0.9
886,MobileNet,0.6364,0.875,0.0,0.0,0.875
887,MobileNet,0.8182,0.9,0.0,0.0,0.9
888,MobileNet,0.9091,1.0,0.0,0.0,1.0
889,MobileNet,0.6364,0.7,0.0,0.0,0.7
890,MobileNet,0.7273,1.0,0.0,0.0,1.0
891,MobileNet,0.7273,0.8889,0.0,0.0,0.8889
892,MobileNet,0.8182,1.0,0.0,0.0,1.0
893,MobileNet,0.7273,0.8889,0.0,0.0,0.8889
894,MobileNet,0.7273,1.0,0.0,0.0,1.0
895,MobileNet,0.8182,0.9,0.0,0.0,0.9
896,MobileNet,0.9091,0.5,0.0,0.0,0.9091
897,MobileNet,0.7273,0.8889,0.0,0.0,0.8889
898,MobileNet,0.9091,0.5,0.0,0.0,0.9091
899,MobileNet,0.9091,1.0,0.0,0.0,1.0
900,MobileNet,0.8182,0.9,0.0,0.0,0.9
901,MobileNet,0.8182,0.9,0.0,0.0,0.9
902,MobileNet,0.9091,1.0,0.0,0.0,1.0
903,MobileNet,0.7273,0.8889,0.0,0.0,0.8889
904,MobileNet,0.7273,0.8,0.0,0.0,0.8
905,MobileNet,0.6364,0.7778,0.0,0.0,0.7778
906,MobileNet,0.5455,0.6,0.0,0.0,0.6
907,MobileNet,0.8182,1.0,0.0,0.0,1.0
908,MobileNet,0.8182,0.9,0.0,0.0,0.9
909,MobileNet,0.9091,0.5,0.0,0.0,0.9091
910,MobileNet,0.9091,1.0,0.0,0.0,1.0
911,MobileNet,0.8182,0.9,0.0,0.0,0.9
912,MobileNet,0.6364,0.7,0.0,0.0,0.7
913,MobileNet,1.0,0.5,0.0,0.0,1.0
914,MobileNet,0.8182,0.9,0.0,0.0,0.9
915,MobileNet,0.9091,1.0,0.0,0.0,1.0
916,MobileNet,0.9091,1.0,0.0,0.0,1.0
917,MobileNet,0.7273,0.8889,0.0,0.0,0.8889
918,MobileNet,0.9091,1.0,0.0,0.0,1.0
919,MobileNet,0.8182,0.9,0.0,0.0,0.9
920,MobileNet,0.7273,0.8,0.0,0.0,0.8
921,MobileNet,0.9091,0.5,0.0,0.0,0.9091
922,MobileNet,1.0,0.5,0.0,0.0,1.0
923,MobileNet,0.7273,0.8889,0.0,0.0,0.8889
924,MobileNet,0.8182,1.0,0.0,0.0,1.0
925,MobileNet,0.8182,1.0,0.0,0.0,1.0
926,MobileNet,0.9091,1.0,0.0,0.0,1.0
927,MobileNet,0.9091,1.0,0.0,0.0,1.0
928,MobileNet,0.8182,0.9,0.0,0.0,0.9
929,MobileNet,0.8182,0.9,0.0,0.0,0.9
930,MobileNet,0.9091,0.5,0.0,0.0,0.9091
931,MobileNet,0.9091,1.0,0.0,0.0,1.0
932,MobileNet,0.6364,0.7,0.0,0.0,0.7
933,MobileNet,0.8182,1.0,0.0,0.0,1.0
934,MobileNet,0.9091,1.0,0.0,0.0,1.0
935,MobileNet,0.9091,0.5,0.0,0.0,0.9091
936,MobileNet,0.9091,0.5,0.0,0.0,0.9091
937,MobileNet,0.8182,0.5,0.0,0.0,0.8182
938,MobileNet,1.0,0.5,0.0,0.0,1.0
939,MobileNet,0.7273,0.8889,0.0,0.0,0.8889
940,MobileNet,0.7273,1.0,0.0,0.0,1.0
941,MobileNet,1.0,0.5,0.0,0.0,1.0
942,MobileNet,0.9091,1.0,0.0,0.0,1.0
943,MobileNet,0.8182,0.9,0.0,0.0,0.9
944,MobileNet,0.9091,1.0,0.0,0.0,1.0
945,MobileNet,0.7273,0.8889,0.0,0.0,0.8889
946,MobileNet,0.8182,0.5,0.0,0.0,0.8182
947,MobileNet,0.7273,0.5,0.0,0.0,0.7273
948,MobileNet,0.8182,1.0,0.0,0.0,1.0
949,MobileNet,0.6364,0.5,0.0,0.0,0.6364
950,MobileNet,0.6364,0.875,0.0,0.0,0.875
951,MobileNet,0.9091,0.5,0.0,0.0,0.9091
952,MobileNet,0.9091,1.0,0.0,0.0,1.0
953,MobileNet,0.8182,1.0,0.0,0.0,1.0
954,MobileNet,0.9091,0.5,0.0,0.0,0.9091
955,MobileNet,0.8182,0.5,0.0,0.0,0.8182
956,MobileNet,0.8182,0.5,0.0,0.0,0.8182
957,MobileNet,1.0,0.5,0.0,0.0,1.0
958,MobileNet,0.8182,0.5,0.0,0.0,0.8182
959,MobileNet,0.7273,0.5,0.0,0.0,0.7273
960,MobileNet,0.9091,1.0,0.0,0.0,1.0
961,MobileNet,0.8182,0.5,0.0,0.0,0.8182
962,MobileNet,0.8182,1.0,0.0,0.0,1.0
963,MobileNet,1.0,0.5,0.0,0.0,1.0
964,MobileNet,0.5455,0.6667,0.0,0.0,0.6667
965,MobileNet,0.9091,1.0,0.0,0.0,1.0
966,MobileNet,0.8182,0.9,0.0,0.0,0.9
967,MobileNet,0.7273,0.8,0.0,0.0,0.8
968,MobileNet,0.9091,0.5,0.0,0.0,0.9091
969,MobileNet,0.9091,1.0,0.0,0.0,1.0
970,MobileNet,1.0,0.5,0.0,0.0,1.0
971,MobileNet,0.8182,0.9,0.0,0.0,0.9
972,MobileNet,0.6364,1.0,0.0,0.0,1.0
973,MobileNet,0.8182,0.9,0.0,0.0,0.9
974,MobileNet,0.6364,0.7,0.0,0.0,0.7
975,MobileNet,0.7273,0.5,0.0,0.0,0.7273
976,MobileNet,1.0,0.5,0.0,0.0,1.0
977,MobileNet,0.7273,0.8,0.0,0.0,0.8
978,MobileNet,0.9091,0.5,0.0,0.0,0.9091
979,MobileNet,1.0,0.5,0.0,0.0,1.0
980,MobileNet,0.8182,0.9,0.0,0.0,0.9
981,MobileNet,0.7273,0.5,0.0,0.0,0.7273
982,MobileNet,0.7273,0.5,0.0,0.0,0.7273
983,MobileNet,0.7273,0.8889,0.0,0.0,0.8889
984,MobileNet,0.7273,0.8,0.0,0.0,0.8
985,MobileNet,1.0,0.5,0.0,0.0,1.0
986,MobileNet,0.8182,1.0,0.0,0.0,1.0
987,MobileNet,0.8182,1.0,0.0,0.0,1.0
988,MobileNet,0.9091,0.5,0.0,0.0,0.9091
989,MobileNet,0.7273,0.8,0.0,0.0,0.8
990,MobileNet,0.9091,1.0,0.0,0.0,1.0
991,MobileNet,0.7273,0.8889,0.0,0.0,0.8889
992,MobileNet,0.8182,0.9,0.0,0.0,0.9
993,MobileNet,0.9091,1.0,0.0,0.0,1.0
994,MobileNet,0.9091,1.0,0.0,0.0,1.0
995,MobileNet,0.8182,0.5,0.0,0.0,0.8182
996,MobileNet,0.9091,0.5,0.0,0.0,0.9091
997,MobileNet,0.6364,0.875,0.0,0.0,0.875
998,MobileNet,0.7273,0.8,0.0,0.0,0.8
999,MobileNet,0.7273,0.8889,0.0,0.0,0.8889
1000,MobileNet,0.9091,0.5,0.0,0.0,0.9091
1,PointNet,0.9091,0.9,0.0,0.0,1.0
2,PointNet,1.0,0.5,0.0,0.0,1.0
3,PointNet,0.9091,0.7,0.0,0.0,1.0
4,PointNet,1.0,0.5,0.0,0.0,1.0
5,PointNet,1.0,0.5,0.0,0.0,1.0
6,PointNet,0.9091,0.3,0.0,0.0,1.0
7,PointNet,0.9091,0.5,0.0,0.0,1.0
8,PointNet,1.0,0.5,0.0,0.0,1.0
9,PointNet,0.5455,0.6667,0.0,0.0,1.0
10,PointNet,1.0,0.5,0.0,0.0,1.0
11,PointNet,0.8182,0.4444,0.0,0.0,1.0
12,PointNet,1.0,0.5,0.0,0.0,1.0
13,PointNet,1.0,0.5,0.0,0.0,1.0
14,PointNet,0.9091,0.7,0.0,0.0,1.0
15,PointNet,1.0,0.5,0.0,0.0,1.0
16,PointNet,1.0,0.5,0.0,0.0,1.0
17,PointNet,0.9091,0.4,0.0,0.0,1.0
18,PointNet,0.7273,0.5,0.0,0.0,1.0
19,PointNet,1.0,0.5,0.0,0.0,1.0
20,PointNet,0.8182,0.6667,0.0,0.0,1.0
21,PointNet,0.9091,0.8,0.0,0.0,1.0
22,PointNet,1.0,0.5,0.0,0.0,1.0
23,PointNet,0.8182,0.5556,0.0,0.0,1.0
24,PointNet,0.9091,0.4,0.0,0.0,1.0
25,PointNet,1.0,0.5,0.0,0.0,1.0
26,PointNet,0.8182,0.6667,0.0,0.0,1.0
27,PointNet,0.9091,1.0,0.0,0.0,1.0
28,PointNet,0.9091,0.6,0.0,0.0,1.0
29,PointNet,0.8182,0.3333,0.0,0.0,1.0
30,PointNet,0.9091,0.6,0.0,0.0,1.0
31,PointNet,0.7273,0.5,0.0,0.0,1.0
32,PointNet,0.8182,0.6667,0.0,0.0,1.0
33,PointNet,1.0,0.5,0.0,0.0,1.0
34,PointNet,1.0,0.5,0.0,0.0,1.0
35,PointNet,0.7273,0.625,0.0,0.0,1.0
36,PointNet,0.8182,0.4444,0.0,0.0,1.0
37,PointNet,0.9091,0.5,0.0,0.0,1.0
38,PointNet,1.0,0.5,0.0,0.0,1.0
39,PointNet,0.8182,0.5556,0.0,0.0,1.0
40,PointNet,1.0,0.5,0.0,0.0,1.0
41,PointNet,0.9091,0.7,0.0,0.0,1.0
42,PointNet,1.0,0.5,0.0,0.0,1.0
43,PointNet,0.9091,0.6,0.0,0.0,1.0
44,PointNet,0.9091,0.6,0.0,0.0,1.0
45,PointNet,0.7273,0.375,0.0,0.0,1.0
46,PointNet,0.5455,0.5,0.0,0.0,1.0
47,PointNet,0.9091,0.3,0.0,0.0,1.0
48,PointNet,1.0,0.5,0.0,0.0,1.0
49,PointNet,1.0,0.5,0.0,0.0,1.0
50,PointNet,0.9091,1.0,0.0,0.0,1.0
51,PointNet,0.9091,0.5,0.0,0.0,1.0
52,PointNet,1.0,0.5,0.0,0.0,1.0
53,PointNet,1.0,0.5,0.0,0.0,1.0
54,PointNet,0.9091,0.6,0.0,0.0,1.0
55,PointNet,1.0,0.5,0.0,0.0,1.0
56,PointNet,0.9091,0.3,0.0,0.0,1.0
57,PointNet,1.0,0.5,0.0,0.0,1.0
58,PointNet,0.9091,0.6,0.0,0.0,1.0
59,PointNet,1.0,0.5,0.0,0.0,1.0
60,PointNet,1.0,0.5,0.0,0.0,1.0
61,PointNet,1.0,0.5,0.0,0.0,1.0
62,PointNet,0.9091,0.5,0.0,0.0,1.0
63,PointNet,0.6364,0.8571,0.0,0.0,1.0
64,PointNet,0.9091,0.6,0.0,0.0,1.0
65,PointNet,1.0,0.5,0.0,0.0,1.0
66,PointNet,0.9091,0.7,0.0,0.0,1.0
67,PointNet,1.0,0.5,0.0,0.0,1.0
68,PointNet,0.9091,0.6,0.0,0.0,1.0
69,PointNet,0.7273,0.75,0.0,0.0,1.0
70,PointNet,0.8182,0.6667,0.0,0.0,1.0
71,PointNet,1.0,0.5,0.0,0.0,1.0
72,PointNet,1.0,0.5,0.0,0.0,1.0
73,PointNet,0.9091,0.5,0.0,0.0,1.0
74,PointNet,1.0,0.5,0.0,0.0,1.0
75,PointNet,0.9091,0.5,0.0,0.0,1.0
76,PointNet,1.0,0.5,0.0,0.0,1.0
77,PointNet,0.8182,0.7778,0.0,0.0,1.0
78,PointNet,1.0,0.5,0.0,0.0,1.0
79,PointNet,0.8182,0.6667,0.0,0.0,1.0
80,PointNet,0.9091,0.6,0.0,0.0,1.0
81,PointNet,1.0,0.5,0.0,0.0,1.0
82,PointNet,0.9091,0.7,0.0,0.0,1.0
83,PointNet,0.8182,0.7778,0.0,0.0,1.0
84,PointNet,1.0,0.5,0.0,0.0,1.0
85,PointNet,1.0,0.5,0.0,0.0,1.0
86,PointNet,0.8182,0.8889,0.0,0.0,1.0
87,PointNet,1.0,0.5,0.0,0.0,1.0
88,PointNet,1.0,0.5,0.0,0.0,1.0
89,PointNet,0.9091,0.6,0.0,0.0,1.0
90,PointNet,0.9091,0.7,0.0,0.0,1.0
91,PointNet,0.9091,0.6,0.0,0.0,1.0
92,PointNet,0.8182,0.7778,0.0,0.0,1.0
93,PointNet,0.9091,0.9,0.0,0.0,1.0
94,PointNet,1.0,0.5,0.0,0.0,1.0
95,PointNet,0.9091,0.8,0.0,0.0,1.0
96,PointNet,0.8182,0.4444,0.0,0.0,1.0
97,PointNet,1.0,0.5,0.0,0.0,1.0
98,PointNet,0.9091,0.6,0.0,0.0,1.0
99,PointNet,1.0,0.5,0.0,0.0,1.0
100,PointNet,0.8182,0.5556,0.0,0.0,1.0
101,PointNet,0.9091,0.8,0.0,0.0,1.0
102,PointNet,0.9091,0.7,0.0,0.0,1.0
103,PointNet,1.0,0.5,0.0,0.0,1.0
104,PointNet,1.0,0.5,0.0,0.0,1.0
105,PointNet,1.0,0.5,0.0,0.0,1.0
106,PointNet,1.0,0.5,0.0,0.0,1.0
107,PointNet,0.9091,0.3,0.0,0.0,1.0
108,PointNet,0.9091,0.6,0.0,0.0,1.0
109,PointNet,0.9091,0.4,0.0,0.0,1.0
110,PointNet,0.9091,0.4,0.0,0.0,1.0
111,PointNet,1.0,0.5,0.0,0.0,1.0
112,PointNet,0.9091,0.7,0.0,0.0,1.0
113,PointNet,0.7273,0.25,0.0,0.0,1.0
114,PointNet,0.9091,0.7,0.0,0.0,1.0
115,PointNet,0.9091,0.6,0.0,0.0,1.0
116,PointNet,0.9091,0.4,0.0,0.0,1.0
117,PointNet,0.9091,0.6,0.0,0.0,1.0
118,PointNet,0.8182,0.8889,0.0,0.0,1.0
119,PointNet,1.0,0.5,0.0,0.0,1.0
120,PointNet,0.8182,0.6667,0.0,0.0,1.0
121,PointNet,0.7273,0.625,0.0,0.0,1.0
122,PointNet,1.0,0.5,0.0,0.0,1.0
123,PointNet,1.0,0.5,0.0,0.0,1.0
124,PointNet,0.8182,0.6667,0.0,0.0,1.0
125,PointNet,0.9091,0.6,0.0,0.0,1.0
126,PointNet,0.8182,0.5556,0.0,0.0,1.0
127,PointNet,1.0,0.5,0.0,0.0,1.0
128,PointNet,0.9091,0.7,0.0,0.0,1.0
129,PointNet,0.9091,0.5,0.0,0.0,1.0
130,PointNet,0.8182,0.2222,0.0,0.0,1.0
131,PointNet,0.9091,0.4,0.0,0.0,1.0
132,PointNet,1.0,0.5,0.0,0.0,1.0
133,PointNet,0.9091,0.7,0.0,0.0,1.0
134,PointNet,1.0,0.5,0.0,0.0,1.0
135,PointNet,0.9091,0.5,0.0,0.0,1.0
136,PointNet,0.9091,0.6,0.0,0.0,1.0
137,PointNet,0.9091,0.4,0.0,0.0,1.0
138,PointNet,0.8182,0.4444,0.0,0.0,1.0
139,PointNet,0.8182,0.6667,0.0,0.0,1.0
140,PointNet,1.0,0.5,0.0,0.0,1.0
141,PointNet,0.7273,0.75,0.0,0.0,1.0
142,PointNet,0.8182,0.4444,0.0,0.0,1.0
143,PointNet,1.0,0.5,0.0,0.0,1.0
144,PointNet,0.8182,0.4444,0.0,0.0,1.0
145,PointNet,0.8182,0.7778,0.0,0.0,1.0
146,PointNet,1.0,0.5,0.0,0.0,1.0
147,PointNet,0.7273,0.5,0.0,0.0,1.0
148,PointNet,1.0,0.5,0.0,0.0,1.0
149,PointNet,1.0,0.5,0.0,0.0,1.0
150,PointNet,0.9091,0.6,0.0,0.0,1.0
151,PointNet,1.0,0.5,0.0,0.0,1.0
152,PointNet,0.7273,0.625,0.0,0.0,1.0
153,PointNet,0.8182,0.5556,0.0,0.0,1.0
154,PointNet,1.0,0.5,0.0,0.0,1.0
155,PointNet,1.0,0.5,0.0,0.0,1.0
156,PointNet,0.9091,0.4,0.0,0.0,1.0
157,PointNet,1.0,0.5,0.0,0.0,1.0
158,PointNet,0.9091,0.7,0.0,0.0,1.0
159,PointNet,0.8182,0.6667,0.0,0.0,1.0
160,PointNet,1.0,0.5,0.0,0.0,1.0
161,PointNet,0.9091,0.6,0.0,0.0,1.0
162,PointNet,1.0,0.5,0.0,0.0,1.0
163,PointNet,0.9091,0.6,0.0,0.0,1.0
164,PointNet,1.0,0.5,0.0,0.0,1.0
165,PointNet,0.9091,0.4,0.0,0.0,1.0
166,PointNet,1.0,0.5,0.0,0.0,1.0
167,PointNet,1.0,0.5,0.0,0.0,1.0
168,PointNet,1.0,0.5,0.0,0.0,1.0
169,PointNet,0.9091,0.6,0.0,0.0,1.0
170,PointNet,1.0,0.5,0.0,0.0,1.0
171,PointNet,1.0,0.5,0.0,0.0,1.0
172,PointNet,1.0,0.5,0.0,0.0,1.0
173,PointNet,0.9091,0.7,0.0,0.0,1.0
174,PointNet,0.7273,0.375,0.0,0.0,1.0
175,PointNet,1.0,0.5,0.0,0.0,1.0
176,PointNet,1.0,0.5,0.0,0.0,1.0
177,PointNet,0.9091,0.6,0.0,0.0,1.0
178,PointNet,0.9091,0.9,0.0,0.0,1.0
179,PointNet,1.0,0.5,0.0,0.0,1.0
180,PointNet,0.9091,0.4,0.0,0.0,1.0
181,PointNet,0.8182,0.6667,0.0,0.0,1.0
182,PointNet,0.6364,0.4286,0.0,0.0,1.0
183,PointNet,0.9091,0.6,0.0,0.0,1.0
184,PointNet,1.0,0.5,0.0,0.0,1.0
185,PointNet,1.0,0.5,0.0,0.0,1.0
186,PointNet,0.8182,0.5556,0.0,0.0,1.0
187,PointNet,1.0,0.5,0.0,0.0,1.0
188,PointNet,0.9091,0.4,0.0,0.0,1.0
189,PointNet,1.0,0.5,0.0,0.0,1.0
190,PointNet,1.0,0.5,0.0,0.0,1.0
191,PointNet,0.9091,0.5,0.0,0.0,1.0
192,PointNet,0.9091,0.8,0.0,0.0,1.0
193,PointNet,0.9091,0.5,0.0,0.0,1.0
194,PointNet,1.0,0.5,0.0,0.0,1.0
195,PointNet,0.9091,0.5,0.0,0.0,1.0
196,PointNet,0.9091,0.7,0.0,0.0,1.0
197,PointNet,0.9091,0.4,0.0,0.0,1.0
198,PointNet,1.0,0.5,0.0,0.0,1.0
199,PointNet,1.0,0.5,0.0,0.0,1.0
200,PointNet,0.8182,0.6667,0.0,0.0,1.0
201,PointNet,0.9091,0.8,0.0,0.0,1.0
202,PointNet,0.9091,0.4,0.0,0.0,1.0
203,PointNet,0.9091,0.3,0.0,0.0,1.0
204,PointNet,0.9091,0.6,0.0,0.0,1.0
205,PointNet,0.9091,0.6,0.0,0.0,1.0
206,PointNet,1.0,0.5,0.0,0.0,1.0
207,PointNet,0.9091,0.9,0.0,0.0,1.0
208,PointNet,1.0,0.5,0.0,0.0,1.0
209,PointNet,0.9091,0.6,0.0,0.0,1.0
210,PointNet,0.9091,0.5,0.0,0.0,1.0
211,PointNet,1.0,0.5,0.0,0.0,1.0
212,PointNet,1.0,0.5,0.0,0.0,1.0
213,PointNet,0.9091,0.8,0.0,0.0,1.0
214,PointNet,1.0,0.5,0.0,0.0,1.0
215,PointNet,1.0,0.5,0.0,0.0,1.0
216,PointNet,0.9091,0.6,0.0,0.0,1.0
217,PointNet,1.0,0.5,0.0,0.0,1.0
218,PointNet,0.8182,0.7778,0.0,0.0,1.0
219,PointNet,0.9091,0.8,0.0,0.0,1.0
220,PointNet,0.8182,0.4444,0.0,0.0,1.0
221,PointNet,0.6364,1.0,0.0,0.0,1.0
222,PointNet,0.9091,0.3,0.0,0.0,1.0
223,PointNet,1.0,0.5,0.0,0.0,1.0
224,PointNet,0.9091,0.6,0.0,0.0,1.0
225,PointNet,0.9091,0.8,0.0,0.0,1.0
226,PointNet,0.9091,0.7,0.0,0.0,1.0
227,PointNet,0.9091,0.4,0.0,0.0,1.0
228,PointNet,0.9091,0.6,0.0,0.0,1.0
229,PointNet,0.9091,0.8,0.0,0.0,1.0
230,PointNet,0.9091,0.8,0.0,0.0,1.0
231,PointNet,0.6364,0.4286,0.0,0.0,1.0
232,PointNet,0.9091,0.8,0.0,0.0,1.0
233,PointNet,0.9091,0.6,0.0,0.0,1.0
234,PointNet,0.9091,0.8,0.0,0.0,1.0
235,PointNet,0.8182,0.7778,0.0,0.0,1.0
236,PointNet,0.8182,0.4444,0.0,0.0,1.0
237,PointNet,1.0,0.5,0.0,0.0,1.0
238,PointNet,1.0,0.5,0.0,0.0,1.0
239,PointNet,1.0,0.5,0.0,0.0,1.0
240,PointNet,1.0,0.5,0.0,0.0,1.0
241,PointNet,0.9091,0.6,0.0,0.0,1.0
242,PointNet,0.9091,0.5,0.0,0.0,1.0
243,PointNet,0.9091,0.8,0.0,0.0,1.0
244,PointNet,0.9091,0.7,0.0,0.0,1.0
245,PointNet,0.9091,0.4,0.0,0.0,1.0
246,PointNet,0.7273,0.5,0.0,0.0,1.0
247,PointNet,0.9091,0.5,0.0,0.0,1.0
248,PointNet,1.0,0.5,0.0,0.0,1.0
249,PointNet,1.0,0.5,0.0,0.0,1.0
250,PointNet,0.8182,0.6667,0.0,0.0,1.0
251,PointNet,0.8182,0.5556,0.0,0.0,1.0
252,PointNet,0.9091,0.7,0.0,0.0,1.0
253,PointNet,1.0,0.5,0.0,0.0,1.0
254,PointNet,0.8182,0.6667,0.0,0.0,1.0
255,PointNet,0.9091,0.8,0.0,0.0,1.0
256,PointNet,0.8182,0.4444,0.0,0.0,1.0
257,PointNet,0.9091,0.6,0.0,0.0,1.0
258,PointNet,0.9091,0.4,0.0,0.0,1.0
259,PointNet,1.0,0.5,0.0,0.0,1.0
260,PointNet,0.9091,0.5,0.0,0.0,1.0
261,PointNet,1.0,0.5,0.0,0.0,1.0
262,PointNet,1.0,0.5,0.0,0.0,1.0
263,PointNet,1.0,0.5,0.0,0.0,1.0
264,PointNet,0.9091,0.7,0.0,0.0,1.0
265,PointNet,0.9091,0.5,0.0,0.0,1.0
266,PointNet,0.9091,0.9,0.0,0.0,1.0
267,PointNet,1.0,0.5,0.0,0.0,1.0
268,PointNet,0.5455,0.5,0.0,0.0,1.0
269,PointNet,1.0,0.5,0.0,0.0,1.0
270,PointNet,0.9091,0.6,0.0,0.0,1.0
271,PointNet,1.0,0.5,0.0,0.0,1.0
272,PointNet,0.9091,0.4,0.0,0.0,1.0
273,PointNet,0.7273,0.75,0.0,0.0,1.0
274,PointNet,0.9091,0.6,0.0,0.0,1.0
275,PointNet,0.9091,0.6,0.0,0.0,1.0
276,PointNet,0.7273,0.75,0.0,0.0,1.0
277,PointNet,0.8182,0.6667,0.0,0.0,1.0
278,PointNet,0.8182,0.5556,0.0,0.0,1.0
279,PointNet,1.0,0.5,0.0,0.0,1.0
280,PointNet,1.0,0.5,0.0,0.0,1.0
281,PointNet,1.0,0.5,0.0,0.0,1.0
282,PointNet,0.9091,0.8,0.0,0.0,1.0
283,PointNet,1.0,0.5,0.0,0.0,1.0
284,PointNet,1.0,0.5,0.0,0.0,1.0
285,PointNet,0.8182,0.6667,0.0,0.0,1.0
286,PointNet,0.9091,0.6,0.0,0.0,1.0
287,PointNet,0.8182,0.3333,0.0,0.0,1.0
288,PointNet,0.9091,0.8,0.0,0.0,1.0
289,PointNet,1.0,0.5,0.0,0.0,1.0
290,PointNet,1.0,0.5,0.0,0.0,1.0
291,PointNet,0.9091,0.4,0.0,0.0,1.0
292,PointNet,0.8182,0.6667,0.0,0.0,1.0
293,PointNet,0.8182,0.2222,0.0,0.0,1.0
294,PointNet,0.9091,0.6,0.0,0.0,1.0
295,PointNet,1.0,0.5,0.0,0.0,1.0
296,PointNet,0.9091,0.4,0.0,0.0,1.0
297,PointNet,1.0,0.5,0.0,0.0,1.0
298,PointNet,0.9091,0.6,0.0,0.0,1.0
299,PointNet,0.8182,0.6667,0.0,0.0,1.0
300,PointNet,1.0,0.5,0.0,0.0,1.0
301,PointNet,1.0,0.5,0.0,0.0,1.0
302,PointNet,0.9091,0.6,0.0,0.0,1.0
303,PointNet,0.9091,0.7,0.0,0.0,1.0
304,PointNet,1.0,0.5,0.0,0.0,1.0
305,PointNet,0.8182,0.5556,0.0,0.0,1.0
306,PointNet,0.9091,0.8,0.0,0.0,1.0
307,PointNet,0.9091,0.5,0.0,0.0,1.0
308,PointNet,0.9091,0.7,0.0,0.0,1.0
309,PointNet,0.8182,0.7778,0.0,0.0,1.0
310,PointNet,1.0,0.5,0.0,0.0,1.0
311,PointNet,0.8182,0.6667,0.0,0.0,1.0
312,PointNet,0.9091,0.6,0.0,0.0,1.0
313,PointNet,0.8182,0.7778,0.0,0.0,1.0
314,PointNet,1.0,0.5,0.0,0.0,1.0
315,PointNet,0.7273,0.75,0.0,0.0,1.0
316,PointNet,1.0,0.5,0.0,0.0,1.0
317,PointNet,0.9091,0.7,0.0,0.0,1.0
318,PointNet,0.6364,0.7143,0.0,0.0,1.0
319,PointNet,0.8182,0.6667,0.0,0.0,1.0
320,PointNet,1.0,0.5,0.0,0.0,1.0
321,PointNet,0.8182,0.3333,0.0,0.0,1.0
322,PointNet,0.8182,0.4444,0.0,0.0,1.0
323,PointNet,0.9091,0.4,0.0,0.0,1.0
324,PointNet,1.0,0.5,0.0,0.0,1.0
325,PointNet,0.8182,0.4444,0.0,0.0,1.0
326,PointNet,0.9091,0.2,0.0,0.0,1.0
327,PointNet,0.9091,0.6,0.0,0.0,1.0
328,PointNet,0.7273,0.75,0.0,0.0,1.0
329,PointNet,0.8182,0.5556,0.0,0.0,1.0
330,PointNet,1.0,0.5,0.0,0.0,1.0
331,PointNet,0.9091,0.7,0.0,0.0,1.0
332,PointNet,1.0,0.5,0.0,0.0,1.0
333,PointNet,1.0,0.5,0.0,0.0,1.0
334,PointNet,1.0,0.5,0.0,0.0,1.0
335,PointNet,0.8182,0.6667,0.0,0.0,1.0
336,PointNet,1.0,0.5,0.0,0.0,1.0
337,PointNet,0.8182,0.8889,0.0,0.0,1.0
338,PointNet,1.0,0.5,0.0,0.0,1.0
339,PointNet,0.7273,0.625,0.0,0.0,1.0
340,PointNet,0.8182,0.8889,0.0,0.0,1.0
341,PointNet,0.8182,0.4444,0.0,0.0,1.0
342,PointNet,0.8182,0.5556,0.0,0.0,1.0
343,PointNet,0.9091,0.8,0.0,0.0,1.0
344,PointNet,1.0,0.5,0.0,0.0,1.0
345,PointNet,0.8182,0.1111,0.0,0.0,1.0
346,PointNet,0.8182,0.7778,0.0,0.0,1.0
347,PointNet,0.9091,0.7,0.0,0.0,1.0
348,PointNet,0.8182,0.6667,0.0,0.0,1.0
349,PointNet,0.8182,0.7778,0.0,0.0,1.0
350,PointNet,0.8182,0.6667,0.0,0.0,1.0
351,PointNet,1.0,0.5,0.0,0.0,1.0
352,PointNet,0.9091,0.5,0.0,0.0,1.0
353,PointNet,1.0,0.5,0.0,0.0,1.0
354,PointNet,1.0,0.5,0.0,0.0,1.0
355,PointNet,0.9091,0.3,0.0,0.0,1.0
356,PointNet,0.9091,0.6,0.0,0.0,1.0
357,PointNet,0.9091,0.8,0.0,0.0,1.0
358,PointNet,0.8182,0.3333,0.0,0.0,1.0
359,PointNet,1.0,0.5,0.0,0.0,1.0
360,PointNet,0.8182,0.6667,0.0,0.0,1.0
361,PointNet,0.8182,0.6667,0.0,0.0,1.0
362,PointNet,1.0,0.5,0.0,0.0,1.0
363,PointNet,1.0,0.5,0.0,0.0,1.0
364,PointNet,1.0,0.5,0.0,0.0,1.0
365,PointNet,1.0,0.5,0.0,0.0,1.0
366,PointNet,0.8182,0.4444,0.0,0.0,1.0
367,PointNet,1.0,0.5,0.0,0.0,1.0
368,PointNet,1.0,0.5,0.0,0.0,1.0
369,PointNet,0.8182,0.5556,0.0,0.0,1.0
370,PointNet,0.9091,0.8,0.0,0.0,1.0
371,PointNet,0.8182,1.0,0.0,0.0,1.0
372,PointNet,0.8182,0.5556,0.0,0.0,1.0
373,PointNet,1.0,0.5,0.0,0.0,1.0
374,PointNet,0.9091,0.8,0.0,0.0,1.0
375,PointNet,0.9091,0.5,0.0,0.0,1.0
376,PointNet,0.9091,0.4,0.0,0.0,1.0
377,PointNet,0.9091,0.5,0.0,0.0,1.0
378,PointNet,0.8182,0.4444,0.0,0.0,1.0
379,PointNet,0.9091,0.7,0.0,0.0,1.0
380,PointNet,1.0,0.5,0.0,0.0,1.0
381,PointNet,0.9091,0.7,0.0,0.0,1.0
382,PointNet,1.0,0.5,0.0,0.0,1.0
383,PointNet,0.8182,0.5556,0.0,0.0,1.0
384,PointNet,0.8182,0.6667,0.0,0.0,1.0
385,PointNet,1.0,0.5,0.0,0.0,1.0
386,PointNet,1.0,0.5,0.0,0.0,1.0
387,PointNet,0.8182,0.5556,0.0,0.0,1.0
388,PointNet,0.7273,0.625,0.0,0.0,1.0
389,PointNet,0.9091,0.5,0.0,0.0,1.0
390,PointNet,0.8182,0.4444,0.0,0.0,1.0
391,PointNet,1.0,0.5,0.0,0.0,1.0
392,PointNet,0.9091,0.7,0.0,0.0,1.0
393,PointNet,1.0,0.5,0.0,0.0,1.0
394,PointNet,1.0,0.5,0.0,0.0,1.0
395,PointNet,1.0,0.5,0.0,0.0,1.0
396,PointNet,1.0,0.5,0.0,0.0,1.0
397,PointNet,0.7273,0.75,0.0,0.0,1.0
398,PointNet,0.8182,0.6667,0.0,0.0,1.0
399,PointNet,0.8182,0.6667,0.0,0.0,1.0
400,PointNet,0.8182,0.3333,0.0,0.0,1.0
401,PointNet,1.0,0.5,0.0,0.0,1.0
402,PointNet,0.9091,0.5,0.0,0.0,1.0
403,PointNet,0.9091,0.8,0.0,0.0,1.0
404,PointNet,0.7273,0.5,0.0,0.0,1.0
405,PointNet,1.0,0.5,0.0,0.0,1.0
406,PointNet,0.9091,0.7,0.0,0.0,1.0
407,PointNet,0.7273,0.5,0.0,0.0,1.0
408,PointNet,1.0,0.5,0.0,0.0,1.0
409,PointNet,0.8182,0.6667,0.0,0.0,1.0
410,PointNet,0.8182,0.6667,0.0,0.0,1.0
411,PointNet,1.0,0.5,0.0,0.0,1.0
412,PointNet,0.8182,0.6667,0.0,0.0,1.0
413,PointNet,0.9091,0.5,0.0,0.0,1.0
414,PointNet,0.9091,0.5,0.0,0.0,1.0
415,PointNet,1.0,0.5,0.0,0.0,1.0
416,PointNet,0.9091,0.6,0.0,0.0,1.0
417,PointNet,0.8182,0.5556,0.0,0.0,1.0
418,PointNet,0.8182,0.7778,0.0,0.0,1.0
419,PointNet,0.8182,0.5556,0.0,0.0,1.0
420,PointNet,0.9091,0.6,0.0,0.0,1.0
421,PointNet,1.0,0.5,0.0,0.0,1.0
422,PointNet,0.8182,0.7778,0.0,0.0,1.0
423,PointNet,1.0,0.5,0.0,0.0,1.0
424,PointNet,0.9091,0.7,0.0,0.0,1.0
425,PointNet,0.9091,0.9,0.0,0.0,1.0
426,PointNet,0.9091,0.8,0.0,0.0,1.0
427,PointNet,1.0,0.5,0.0,0.0,1.0
428,PointNet,0.9091,0.7,0.0,0.0,1.0
429,PointNet,1.0,0.5,0.0,0.0,1.0
430,PointNet,0.9091,0.6,0.0,0.0,1.0
431,PointNet,1.0,0.5,0.0,0.0,1.0
432,PointNet,1.0,0.5,0.0,0.0,1.0
433,PointNet,0.9091,0.6,0.0,0.0,1.0
434,PointNet,0.9091,0.7,0.0,0.0,1.0
435,PointNet,0.9091,0.7,0.0,0.0,1.0
436,PointNet,0.9091,0.5,0.0,0.0,1.0
437,PointNet,0.9091,0.6,0.0,0.0,1.0
438,PointNet,1.0,0.5,0.0,0.0,1.0
439,PointNet,0.8182,0.4444,0.0,0.0,1.0
440,PointNet,0.9091,0.6,0.0,0.0,1.0
441,PointNet,0.8182,0.5556,0.0,0.0,1.0
442,PointNet,1.0,0.5,0.0,0.0,1.0
443,PointNet,0.9091,0.5,0.0,0.0,1.0
444,PointNet,0.9091,0.5,0.0,0.0,1.0
445,PointNet,0.8182,0.4444,0.0,0.0,1.0
446,PointNet,1.0,0.5,0.0,0.0,1.0
447,PointNet,1.0,0.5,0.0,0.0,1.0
448,PointNet,0.8182,0.5556,0.0,0.0,1.0
449,PointNet,0.9091,0.8,0.0,0.0,1.0
450,PointNet,0.9091,0.7,0.0,0.0,1.0
451,PointNet,0.8182,0.4444,0.0,0.0,1.0
452,PointNet,1.0,0.5,0.0,0.0,1.0
453,PointNet,1.0,0.5,0.0,0.0,1.0
454,PointNet,1.0,0.5,0.0,0.0,1.0
455,PointNet,1.0,0.5,0.0,0.0,1.0
456,PointNet,0.9091,0.8,0.0,0.0,1.0
457,PointNet,0.9091,0.6,0.0,0.0,1.0
458,PointNet,0.9091,0.9,0.0,0.0,1.0
459,PointNet,0.9091,0.9,0.0,0.0,1.0
460,PointNet,0.9091,0.6,0.0,0.0,1.0
461,PointNet,0.9091,0.5,0.0,0.0,1.0
462,PointNet,1.0,0.5,0.0,0.0,1.0
463,PointNet,0.9091,0.6,0.0,0.0,1.0
464,PointNet,1.0,0.5,0.0,0.0,1.0
465,PointNet,1.0,0.5,0.0,0.0,1.0
466,PointNet,0.8182,0.3333,0.0,0.0,1.0
467,PointNet,1.0,0.5,0.0,0.0,1.0
468,PointNet,0.9091,0.9,0.0,0.0,1.0
469,PointNet,1.0,0.5,0.0,0.0,1.0
470,PointNet,1.0,0.5,0.0,0.0,1.0
471,PointNet,1.0,0.5,0.0,0.0,1.0
472,PointNet,0.9091,0.8,0.0,0.0,1.0
473,PointNet,0.9091,0.7,0.0,0.0,1.0
474,PointNet,1.0,0.5,0.0,0.0,1.0
475,PointNet,0.8182,0.4444,0.0,0.0,1.0
476,PointNet,0.7273,0.625,0.0,0.0,1.0
477,PointNet,1.0,0.5,0.0,0.0,1.0
478,PointNet,1.0,0.5,0.0,0.0,1.0
479,PointNet,1.0,0.5,0.0,0.0,1.0
480,PointNet,0.9091,0.7,0.0,0.0,1.0
481,PointNet,0.9091,0.6,0.0,0.0,1.0
482,PointNet,1.0,0.5,0.0,0.0,1.0
483,PointNet,0.9091,0.5,0.0,0.0,1.0
484,PointNet,1.0,0.5,0.0,0.0,1.0
485,PointNet,0.9091,0.5,0.0,0.0,1.0
486,PointNet,0.8182,0.6667,0.0,0.0,1.0
487,PointNet,0.8182,0.6667,0.0,0.0,1.0
488,PointNet,0.9091,0.7,0.0,0.0,1.0
489,PointNet,0.8182,0.6667,0.0,0.0,1.0
490,PointNet,0.9091,0.7,0.0,0.0,1.0
491,PointNet,0.7273,0.625,0.0,0.0,1.0
492,PointNet,0.8182,0.7778,0.0,0.0,1.0
493,PointNet,0.9091,0.6,0.0,0.0,1.0
494,PointNet,0.9091,0.6,0.0,0.0,1.0
495,PointNet,1.0,0.5,0.0,0.0,1.0
496,PointNet,0.9091,0.4,0.0,0.0,1.0
497,PointNet,1.0,0.5,0.0,0.0,1.0
498,PointNet,0.8182,0.6667,0.0,0.0,1.0
499,PointNet,0.8182,0.5556,0.0,0.0,1.0
500,PointNet,0.9091,0.7,0.0,0.0,1.0
501,PointNet,0.8182,0.5556,0.0,0.0,1.0
502,PointNet,1.0,0.5,0.0,0.0,1.0
503,PointNet,0.9091,0.6,0.0,0.0,1.0
504,PointNet,1.0,0.5,0.0,0.0,1.0
505,PointNet,1.0,0.5,0.0,0.0,1.0
506,PointNet,0.9091,0.8,0.0,0.0,1.0
507,PointNet,0.9091,0.7,0.0,0.0,1.0
508,PointNet,1.0,0.5,0.0,0.0,1.0
509,PointNet,1.0,0.5,0.0,0.0,1.0
510,PointNet,1.0,0.5,0.0,0.0,1.0
511,PointNet,1.0,0.5,0.0,0.0,1.0
512,PointNet,0.9091,0.5,0.0,0.0,1.0
513,PointNet,0.9091,0.4,0.0,0.0,1.0
514,PointNet,0.9091,0.6,0.0,0.0,1.0
515,PointNet,0.9091,0.6,0.0,0.0,1.0
516,PointNet,0.9091,0.6,0.0,0.0,1.0
517,PointNet,1.0,0.5,0.0,0.0,1.0
518,PointNet,1.0,0.5,0.0,0.0,1.0
519,PointNet,0.8182,0.5556,0.0,0.0,1.0
520,PointNet,0.9091,0.4,0.0,0.0,1.0
521,PointNet,0.9091,0.8,0.0,0.0,1.0
522,PointNet,1.0,0.5,0.0,0.0,1.0
523,PointNet,0.9091,0.8,0.0,0.0,1.0
524,PointNet,0.8182,0.2222,0.0,0.0,1.0
525,PointNet,1.0,0.5,0.0,0.0,1.0
526,PointNet,0.9091,0.3,0.0,0.0,1.0
527,PointNet,0.9091,0.8,0.0,0.0,1.0
528,PointNet,0.9091,0.9,0.0,0.0,1.0
529,PointNet,1.0,0.5,0.0,0.0,1.0
530,PointNet,0.7273,0.75,0.0,0.0,1.0
531,PointNet,1.0,0.5,0.0,0.0,1.0
532,PointNet,1.0,0.5,0.0,0.0,1.0
533,PointNet,0.9091,0.4,0.0,0.0,1.0
534,PointNet,0.8182,0.5556,0.0,0.0,1.0
535,PointNet,0.8182,0.4444,0.0,0.0,1.0
536,PointNet,0.7273,0.5,0.0,0.0,1.0
537,PointNet,0.9091,0.4,0.0,0.0,1.0
538,PointNet,0.6364,0.7143,0.0,0.0,1.0
539,PointNet,0.7273,0.375,0.0,0.0,1.0
540,PointNet,0.9091,0.6,0.0,0.0,1.0
541,PointNet,0.6364,0.8571,0.0,0.0,1.0
542,PointNet,0.9091,0.6,0.0,0.0,1.0
543,PointNet,0.9091,0.5,0.0,0.0,1.0
544,PointNet,0.9091,0.7,0.0,0.0,1.0
545,PointNet,1.0,0.5,0.0,0.0,1.0
546,PointNet,1.0,0.5,0.0,0.0,1.0
547,PointNet,0.8182,0.7778,0.0,0.0,1.0
548,PointNet,0.8182,0.4444,0.0,0.0,1.0
549,PointNet,1.0,0.5,0.0,0.0,1.0
550,PointNet,0.9091,0.6,0.0,0.0,1.0
551,PointNet,0.9091,0.5,0.0,0.0,1.0
552,PointNet,0.9091,0.7,0.0,0.0,1.0
553,PointNet,0.8182,0.6667,0.0,0.0,1.0
554,PointNet,0.9091,0.6,0.0,0.0,1.0
555,PointNet,0.7273,0.625,0.0,0.0,1.0
556,PointNet,1.0,0.5,0.0,0.0,1.0
557,PointNet,0.9091,0.8,0.0,0.0,1.0
558,PointNet,1.0,0.5,0.0,0.0,1.0
559,PointNet,0.8182,0.5556,0.0,0.0,1.0
560,PointNet,0.9091,0.6,0.0,0.0,1.0
561,PointNet,0.7273,0.625,0.0,0.0,1.0
562,PointNet,1.0,0.5,0.0,0.0,1.0
563,PointNet,0.8182,0.6667,0.0,0.0,1.0
564,PointNet,1.0,0.5,0.0,0.0,1.0
565,PointNet,0.9091,0.7,0.0,0.0,1.0
566,PointNet,1.0,0.5,0.0,0.0,1.0
567,PointNet,0.9091,0.7,0.0,0.0,1.0
568,PointNet,0.9091,0.6,0.0,0.0,1.0
569,PointNet,0.9091,0.6,0.0,0.0,1.0
570,PointNet,1.0,0.5,0.0,0.0,1.0
571,PointNet,1.0,0.5,0.0,0.0,1.0
572,PointNet,0.9091,0.7,0.0,0.0,1.0
573,PointNet,1.0,0.5,0.0,0.0,1.0
574,PointNet,1.0,0.5,0.0,0.0,1.0
575,PointNet,1.0,0.5,0.0,0.0,1.0
576,PointNet,0.7273,0.25,0.0,0.0,1.0
577,PointNet,1.0,0.5,0.0,0.0,1.0
578,PointNet,0.8182,0.6667,0.0,0.0,1.0
579,PointNet,1.0,0.5,0.0,0.0,1.0
580,PointNet,0.9091,0.5,0.0,0.0,1.0
581,PointNet,1.0,0.5,0.0,0.0,1.0
582,PointNet,0.9091,0.5,0.0,0.0,1.0
583,PointNet,1.0,0.5,0.0,0.0,1.0
584,PointNet,0.8182,0.6667,0.0,0.0,1.0
585,PointNet,0.8182,0.6667,0.0,0.0,1.0
586,PointNet,0.9091,0.5,0.0,0.0,1.0
587,PointNet,0.8182,0.6667,0.0,0.0,1.0
588,PointNet,0.8182,0.4444,0.0,0.0,1.0
589,PointNet,1.0,0.5,0.0,0.0,1.0
590,PointNet,0.9091,0.6,0.0,0.0,1.0
591,PointNet,0.8182,0.5556,0.0,0.0,1.0
592,PointNet,1.0,0.5,0.0,0.0,1.0
593,PointNet,1.0,0.5,0.0,0.0,1.0
594,PointNet,0.8182,0.2222,0.0,0.0,1.0
595,PointNet,0.8182,0.5556,0.0,0.0,1.0
596,PointNet,0.8182,0.6667,0.0,0.0,1.0
597,PointNet,1.0,0.5,0.0,0.0,1.0
598,PointNet,0.9091,0.4,0.0,0.0,1.0
599,PointNet,1.0,0.5,0.0,0.0,1.0
600,PointNet,0.7273,0.875,0.0,0.0,1.0
601,PointNet,0.8182,0.4444,0.0,0.0,1.0
602,PointNet,1.0,0.5,0.0,0.0,1.0
603,PointNet,0.9091,0.8,0.0,0.0,1.0
604,PointNet,1.0,0.5,0.0,0.0,1.0
605,PointNet,0.9091,0.7,0.0,0.0,1.0
606,PointNet,1.0,0.5,0.0,0.0,1.0
607,PointNet,1.0,0.5,0.0,0.0,1.0
608,PointNet,0.9091,0.8,0.0,0.0,1.0
609,PointNet,1.0,0.5,0.0,0.0,1.0
610,PointNet,1.0,0.5,0.0,0.0,1.0
611,PointNet,0.9091,0.5,0.0,0.0,1.0
612,PointNet,1.0,0.5,0.0,0.0,1.0
613,PointNet,1.0,0.5,0.0,0.0,1.0
614,PointNet,0.9091,0.7,0.0,0.0,1.0
615,PointNet,0.9091,0.6,0.0,0.0,1.0
616,PointNet,0.8182,0.7778,0.0,0.0,1.0
617,PointNet,0.9091,0.6,0.0,0.0,1.0
618,PointNet,1.0,0.5,0.0,0.0,1.0
619,PointNet,0.7273,0.625,0.0,0.0,1.0
620,PointNet,1.0,0.5,0.0,0.0,1.0
621,PointNet,0.9091,0.5,0.0,0.0,1.0
622,PointNet,0.9091,0.7,0.0,0.0,1.0
623,PointNet,0.8182,0.7778,0.0,0.0,1.0
624,PointNet,1.0,0.5,0.0,0.0,1.0
625,PointNet,1.0,0.5,0.0,0.0,1.0
626,PointNet,0.7273,0.25,0.0,0.0,1.0
627,PointNet,1.0,0.5,0.0,0.0,1.0
628,PointNet,0.9091,0.3,0.0,0.0,1.0
629,PointNet,1.0,0.5,0.0,0.0,1.0
630,PointNet,0.9091,0.7,0.0,0.0,1.0
631,PointNet,1.0,0.5,0.0,0.0,1.0
632,PointNet,0.9091,0.6,0.0,0.0,1.0
633,PointNet,1.0,0.5,0.0,0.0,1.0
634,PointNet,1.0,0.5,0.0,0.0,1.0
635,PointNet,0.8182,0.2222,0.0,0.0,1.0
636,PointNet,1.0,0.5,0.0,0.0,1.0
637,PointNet,0.8182,0.3333,0.0,0.0,1.0
638,PointNet,0.9091,0.6,0.0,0.0,1.0
639,PointNet,1.0,0.5,0.0,0.0,1.0
640,PointNet,0.9091,0.6,0.0,0.0,1.0
641,PointNet,0.9091,0.7,0.0,0.0,1.0
642,PointNet,1.0,0.5,0.0,0.0,1.0
643,PointNet,1.0,0.5,0.0,0.0,1.0
644,PointNet,0.8182,0.6667,0.0,0.0,1.0
645,PointNet,0.9091,0.5,0.0,0.0,1.0
646,PointNet,0.8182,0.8889,0.0,0.0,1.0
647,PointNet,1.0,0.5,0.0,0.0,1.0
648,PointNet,1.0,0.5,0.0,0.0,1.0
649,PointNet,0.9091,0.8,0.0,0.0,1.0
650,PointNet,0.9091,0.6,0.0,0.0,1.0
651,PointNet,1.0,0.5,0.0,0.0,1.0
652,PointNet,0.9091,0.6,0.0,0.0,1.0
653,PointNet,1.0,0.5,0.0,0.0,1.0
654,PointNet,1.0,0.5,0.0,0.0,1.0
655,PointNet,0.8182,0.4444,0.0,0.0,1.0
656,PointNet,1.0,0.5,0.0,0.0,1.0
657,PointNet,0.9091,0.5,0.0,0.0,1.0
658,PointNet,0.9091,0.8,0.0,0.0,1.0
659,PointNet,0.9091,0.5,0.0,0.0,1.0
660,PointNet,0.9091,0.3,0.0,0.0,1.0
661,PointNet,1.0,0.5,0.0,0.0,1.0
662,PointNet,0.9091,0.3,0.0,0.0,1.0
663,PointNet,1.0,0.5,0.0,0.0,1.0
664,PointNet,1.0,0.5,0.0,0.0,1.0
665,PointNet,1.0,0.5,0.0,0.0,1.0
666,PointNet,0.9091,0.6,0.0,0.0,1.0
667,PointNet,0.7273,0.375,0.0,0.0,1.0
668,PointNet,1.0,0.5,0.0,0.0,1.0
669,PointNet,0.9091,0.5,0.0,0.0,1.0
670,PointNet,1.0,0.5,0.0,0.0,1.0
671,PointNet,0.8182,0.6667,0.0,0.0,1.0
672,PointNet,1.0,0.5,0.0,0.0,1.0
673,PointNet,0.7273,0.375,0.0,0.0,1.0
674,PointNet,0.8182,0.4444,0.0,0.0,1.0
675,PointNet,1.0,0.5,0.0,0.0,1.0
676,PointNet,1.0,0.5,0.0,0.0,1.0
677,PointNet,0.9091,0.8,0.0,0.0,1.0
678,PointNet,1.0,0.5,0.0,0.0,1.0
679,PointNet,1.0,0.5,0.0,0.0,1.0
680,PointNet,1.0,0.5,0.0,0.0,1.0
681,PointNet,0.8182,0.8889,0.0,0.0,1.0
682,PointNet,0.9091,0.6,0.0,0.0,1.0
683,PointNet,1.0,0.5,0.0,0.0,1.0
684,PointNet,0.8182,0.5556,0.0,0.0,1.0
685,PointNet,0.9091,0.6,0.0,0.0,1.0
686,PointNet,0.9091,0.4,0.0,0.0,1.0
687,PointNet,0.9091,0.5,0.0,0.0,1.0
688,PointNet,1.0,0.5,0.0,0.0,1.0
689,PointNet,0.9091,0.7,0.0,0.0,1.0
690,PointNet,1.0,0.5,0.0,0.0,1.0
691,PointNet,0.8182,0.4444,0.0,0.0,1.0
692,PointNet,0.9091,0.5,0.0,0.0,1.0
693,PointNet,1.0,0.5,0.0,0.0,1.0
694,PointNet,1.0,0.5,0.0,0.0,1.0
695,PointNet,0.8182,0.5556,0.0,0.0,1.0
696,PointNet,1.0,0.5,0.0,0.0,1.0
697,PointNet,0.8182,0.5556,0.0,0.0,1.0
698,PointNet,0.9091,0.9,0.0,0.0,1.0
699,PointNet,1.0,0.5,0.0,0.0,1.0
700,PointNet,0.9091,0.5,0.0,0.0,1.0
701,PointNet,0.8182,0.6667,0.0,0.0,1.0
702,PointNet,0.9091,0.6,0.0,0.0,1.0
703,PointNet,0.8182,0.4444,0.0,0.0,1.0
704,PointNet,1.0,0.5,0.0,0.0,1.0
705,PointNet,0.7273,0.75,0.0,0.0,1.0
706,PointNet,1.0,0.5,0.0,0.0,1.0
707,PointNet,1.0,0.5,0.0,0.0,1.0
708,PointNet,0.9091,0.9,0.0,0.0,1.0
709,PointNet,1.0,0.5,0.0,0.0,1.0
710,PointNet,0.7273,0.625,0.0,0.0,1.0
711,PointNet,0.9091,0.4,0.0,0.0,1.0
712,PointNet,0.8182,0.6667,0.0,0.0,1.0
713,PointNet,1.0,0.5,0.0,0.0,1.0
714,PointNet,0.9091,0.8,0.0,0.0,1.0
715,PointNet,0.9091,0.6,0.0,0.0,1.0
716,PointNet,0.9091,0.8,0.0,0.0,1.0
717,PointNet,0.9091,0.5,0.0,0.0,1.0
718,PointNet,1.0,0.5,0.0,0.0,1.0
719,PointNet,0.9091,0.8,0.0,0.0,1.0
720,PointNet,0.8182,0.6667,0.0,0.0,1.0
721,PointNet,0.7273,0.625,0.0,0.0,1.0
722,PointNet,1.0,0.5,0.0,0.0,1.0
723,PointNet,0.8182,0.5556,0.0,0.0,1.0
724,PointNet,1.0,0.5,0.0,0.0,1.0
725,PointNet,0.8182,0.6667,0.0,0.0,1.0
726,PointNet,0.8182,0.6667,0.0,0.0,1.0
727,PointNet,1.0,0.5,0.0,0.0,1.0
728,PointNet,0.9091,0.6,0.0,0.0,1.0
729,PointNet,0.9091,0.5,0.0,0.0,1.0
730,PointNet,0.9091,0.6,0.0,0.0,1.0
731,PointNet,0.9091,0.6,0.0,0.0,1.0
732,PointNet,1.0,0.5,0.0,0.0,1.0
733,PointNet,1.0,0.5,0.0,0.0,1.0
734,PointNet,0.8182,0.8889,0.0,0.0,1.0
735,PointNet,0.9091,0.8,0.0,0.0,1.0
736,PointNet,0.7273,0.375,0.0,0.0,1.0
737,PointNet,0.8182,0.7778,0.0,0.0,1.0
738,PointNet,1.0,0.5,0.0,0.0,1.0
739,PointNet,0.8182,0.7778,0.0,0.0,1.0
740,PointNet,1.0,0.5,0.0,0.0,1.0
741,PointNet,0.9091,0.5,0.0,0.0,1.0
742,PointNet,1.0,0.5,0.0,0.0,1.0
743,PointNet,1.0,0.5,0.0,0.0,1.0
744,PointNet,0.8182,0.7778,0.0,0.0,1.0
745,PointNet,1.0,0.5,0.0,0.0,1.0
746,PointNet,0.9091,0.4,0.0,0.0,1.0
747,PointNet,0.9091,0.5,0.0,0.0,1.0
748,PointNet,1.0,0.5,0.0,0.0,1.0
749,PointNet,1.0,0.5,0.0,0.0,1.0
750,PointNet,0.9091,0.6,0.0,0.0,1.0
751,PointNet,0.8182,0.6667,0.0,0.0,1.0
752,PointNet,0.8182,0.4444,0.0,0.0,1.0
753,PointNet,0.9091,0.6,0.0,0.0,1.0
754,PointNet,0.9091,0.7,0.0,0.0,1.0
755,PointNet,1.0,0.5,0.0,0.0,1.0
756,PointNet,0.9091,0.7,0.0,0.0,1.0
757,PointNet,1.0,0.5,0.0,0.0,1.0
758,PointNet,0.9091,0.5,0.0,0.0,1.0
759,PointNet,1.0,0.5,0.0,0.0,1.0
760,PointNet,0.7273,0.625,0.0,0.0,1.0
761,PointNet,0.9091,0.7,0.0,0.0,1.0
762,PointNet,0.9091,0.4,0.0,0.0,1.0
763,PointNet,1.0,0.5,0.0,0.0,1.0
764,PointNet,0.9091,0.8,0.0,0.0,1.0
765,PointNet,1.0,0.5,0.0,0.0,1.0
766,PointNet,1.0,0.5,0.0,0.0,1.0
767,PointNet,1.0,0.5,0.0,0.0,1.0
768,PointNet,1.0,0.5,0.0,0.0,1.0
769,PointNet,1.0,0.5,0.0,0.0,1.0
770,PointNet,0.8182,0.6667,0.0,0.0,1.0
771,PointNet,1.0,0.5,0.0,0.0,1.0
772,PointNet,0.7273,0.875,0.0,0.0,1.0
773,PointNet,0.9091,0.5,0.0,0.0,1.0
774,PointNet,0.7273,0.875,0.0,0.0,1.0
775,PointNet,0.8182,0.5556,0.0,0.0,1.0
776,PointNet,1.0,0.5,0.0,0.0,1.0
777,PointNet,0.9091,0.8,0.0,0.0,1.0
778,PointNet,0.9091,0.6,0.0,0.0,1.0
779,PointNet,1.0,0.5,0.0,0.0,1.0
780,PointNet,0.9091,0.7,0.0,0.0,1.0
781,PointNet,1.0,0.5,0.0,0.0,1.0
782,PointNet,1.0,0.5,0.0,0.0,1.0
783,PointNet,0.8182,0.5556,0.0,0.0,1.0
784,PointNet,0.9091,0.8,0.0,0.0,1.0
785,PointNet,1.0,0.5,0.0,0.0,1.0
786,PointNet,0.9091,0.5,0.0,0.0,1.0
787,PointNet,0.9091,0.5,0.0,0.0,1.0
788,PointNet,1.0,0.5,0.0,0.0,1.0
789,PointNet,0.9091,0.4,0.0,0.0,1.0
790,PointNet,1.0,0.5,0.0,0.0,1.0
791,PointNet,0.9091,0.7,0.0,0.0,1.0
792,PointNet,0.9091,0.6,0.0,0.0,1.0
793,PointNet,1.0,0.5,0.0,0.0,1.0
794,PointNet,0.9091,0.8,0.0,0.0,1.0
795,PointNet,0.7273,0.625,0.0,0.0,1.0
796,PointNet,1.0,0.5,0.0,0.0,1.0
797,PointNet,0.9091,0.2,0.0,0.0,1.0
798,PointNet,1.0,0.5,0.0,0.0,1.0
799,PointNet,0.9091,0.6,0.0,0.0,1.0
800,PointNet,0.9091,0.5,0.0,0.0,1.0
801,PointNet,0.9091,0.6,0.0,0.0,1.0
802,PointNet,0.8182,0.4444,0.0,0.0,1.0
803,PointNet,1.0,0.5,0.0,0.0,1.0
804,PointNet,1.0,0.5,0.0,0.0,1.0
805,PointNet,0.8182,0.4444,0.0,0.0,1.0
806,PointNet,1.0,0.5,0.0,0.0,1.0
807,PointNet,0.8182,0.3333,0.0,0.0,1.0
808,PointNet,0.9091,0.8,0.0,0.0,1.0
809,PointNet,1.0,0.5,0.0,0.0,1.0
810,PointNet,0.8182,0.5556,0.0,0.0,1.0
811,PointNet,0.8182,0.4444,0.0,0.0,1.0
812,PointNet,1.0,0.5,0.0,0.0,1.0
813,PointNet,0.8182,0.5556,0.0,0.0,1.0
814,PointNet,0.9091,0.5,0.0,0.0,1.0
815,PointNet,1.0,0.5,0.0,0.0,1.0
816,PointNet,1.0,0.5,0.0,0.0,1.0
817,PointNet,0.9091,0.6,0.0,0.0,1.0
818,PointNet,0.8182,0.6667,0.0,0.0,1.0
819,PointNet,0.8182,0.5556,0.0,0.0,1.0
820,PointNet,0.9091,0.7,0.0,0.0,1.0
821,PointNet,0.8182,0.8889,0.0,0.0,1.0
822,PointNet,0.9091,0.3,0.0,0.0,1.0
823,PointNet,0.8182,0.7778,0.0,0.0,1.0
824,PointNet,1.0,0.5,0.0,0.0,1.0
825,PointNet,1.0,0.5,0.0,0.0,1.0
826,PointNet,1.0,0.5,0.0,0.0,1.0
827,PointNet,0.8182,0.4444,0.0,0.0,1.0
828,PointNet,0.9091,0.6,0.0,0.0,1.0
829,PointNet,0.9091,0.7,0.0,0.0,1.0
830,PointNet,0.8182,0.4444,0.0,0.0,1.0
831,PointNet,1.0,0.5,0.0,0.0,1.0
832,PointNet,1.0,0.5,0.0,0.0,1.0
833,PointNet,1.0,0.5,0.0,0.0,1.0
834,PointNet,0.9091,0.5,0.0,0.0,1.0
835,PointNet,0.8182,0.6667,0.0,0.0,1.0
836,PointNet,1.0,0.5,0.0,0.0,1.0
837,PointNet,1.0,0.5,0.0,0.0,1.0
838,PointNet,1.0,0.5,0.0,0.0,1.0
839,PointNet,0.9091,0.8,0.0,0.0,1.0
840,PointNet,0.9091,0.6,0.0,0.0,1.0
841,PointNet,1.0,0.5,0.0,0.0,1.0
842,PointNet,1.0,0.5,0.0,0.0,1.0
843,PointNet,0.9091,0.8,0.0,0.0,1.0
844,PointNet,1.0,0.5,0.0,0.0,1.0
845,PointNet,0.8182,0.7778,0.0,0.0,1.0
846,PointNet,0.8182,0.6667,0.0,0.0,1.0
847,PointNet,0.8182,0.7778,0.0,0.0,1.0
848,PointNet,0.9091,0.7,0.0,0.0,1.0
849,PointNet,0.9091,0.6,0.0,0.0,1.0
850,PointNet,1.0,0.5,0.0,0.0,1.0
851,PointNet,0.9091,0.5,0.0,0.0,1.0
852,PointNet,0.9091,0.4,0.0,0.0,1.0
853,PointNet,0.7273,0.625,0.0,0.0,1.0
854,PointNet,1.0,0.5,0.0,0.0,1.0
855,PointNet,0.9091,0.8,0.0,0.0,1.0
856,PointNet,0.8182,0.7778,0.0,0.0,1.0
857,PointNet,0.9091,0.5,0.0,0.0,1.0
858,PointNet,0.8182,0.5556,0.0,0.0,1.0
859,PointNet,0.9091,0.6,0.0,0.0,1.0
860,PointNet,0.8182,0.6667,0.0,0.0,1.0
861,PointNet,0.9091,0.5,0.0,0.0,1.0
862,PointNet,0.9091,0.6,0.0,0.0,1.0
863,PointNet,0.8182,0.6667,0.0,0.0,1.0
864,PointNet,0.9091,0.7,0.0,0.0,1.0
865,PointNet,1.0,0.5,0.0,0.0,1.0
866,PointNet,0.9091,0.8,0.0,0.0,1.0
867,PointNet,0.9091,0.6,0.0,0.0,1.0
868,PointNet,0.9091,0.5,0.0,0.0,1.0
869,PointNet,0.9091,0.8,0.0,0.0,1.0
870,PointNet,1.0,0.5,0.0,0.0,1.0
871,PointNet,1.0,0.5,0.0,0.0,1.0
872,PointNet,0.9091,0.6,0.0,0.0,1.0
873,PointNet,1.0,0.5,0.0,0.0,1.0
874,PointNet,0.9091,0.7,0.0,0.0,1.0
875,PointNet,0.9091,0.7,0.0,0.0,1.0
876,PointNet,0.9091,0.4,0.0,0.0,1.0
877,PointNet,0.8182,0.5556,0.0,0.0,1.0
878,PointNet,0.9091,0.5,0.0,0.0,1.0
879,PointNet,1.0,0.5,0.0,0.0,1.0
880,PointNet,0.9091,0.4,0.0,0.0,1.0
881,PointNet,0.8182,0.6667,0.0,0.0,1.0
882,PointNet,0.8182,0.4444,0.0,0.0,1.0
883,PointNet,0.9091,0.4,0.0,0.0,1.0
884,PointNet,0.9091,0.5,0.0,0.0,1.0
885,PointNet,0.9091,0.5,0.0,0.0,1.0
886,PointNet,0.7273,0.75,0.0,0.0,1.0
887,PointNet,0.9091,0.8,0.0,0.0,1.0
888,PointNet,0.9091,0.8,0.0,0.0,1.0
889,PointNet,0.9091,0.4,0.0,0.0,1.0
890,PointNet,0.7273,0.875,0.0,0.0,1.0
891,PointNet,0.8182,0.4444,0.0,0.0,1.0
892,PointNet,0.8182,0.7778,0.0,0.0,1.0
893,PointNet,0.8182,0.6667,0.0,0.0,1.0
894,PointNet,0.7273,0.75,0.0,0.0,1.0
895,PointNet,0.9091,0.7,0.0,0.0,1.0
896,PointNet,1.0,0.5,0.0,0.0,1.0
897,PointNet,0.8182,0.6667,0.0,0.0,1.0
898,PointNet,1.0,0.5,0.0,0.0,1.0
899,PointNet,0.9091,0.7,0.0,0.0,1.0
900,PointNet,0.9091,0.5,0.0,0.0,1.0
901,PointNet,0.9091,0.4,0.0,0.0,1.0
902,PointNet,0.9091,0.4,0.0,0.0,1.0
903,PointNet,0.8182,0.3333,0.0,0.0,1.0
904,PointNet,0.9091,0.6,0.0,0.0,1.0
905,PointNet,0.8182,0.5556,0.0,0.0,1.0
906,PointNet,0.9091,0.3,0.0,0.0,1.0
907,PointNet,0.8182,0.3333,0.0,0.0,1.0
908,PointNet,0.9091,0.6,0.0,0.0,1.0
909,PointNet,1.0,0.5,0.0,0.0,1.0
910,PointNet,0.9091,0.6,0.0,0.0,1.0
911,PointNet,0.9091,0.6,0.0,0.0,1.0
912,PointNet,0.9091,0.4,0.0,0.0,1.0
913,PointNet,1.0,0.5,0.0,0.0,1.0
914,PointNet,0.9091,0.8,0.0,0.0,1.0
915,PointNet,0.9091,0.8,0.0,0.0,1.0
916,PointNet,0.9091,0.5,0.0,0.0,1.0
917,PointNet,0.8182,0.4444,0.0,0.0,1.0
918,PointNet,0.9091,0.5,0.0,0.0,1.0
919,PointNet,0.9091,0.4,0.0,0.0,1.0
920,PointNet,0.9091,0.4,0.0,0.0,1.0
921,PointNet,1.0,0.5,0.0,0.0,1.0
922,PointNet,1.0,0.5,0.0,0.0,1.0
923,PointNet,0.8182,0.6667,0.0,0.0,1.0
924,PointNet,0.8182,0.6667,0.0,0.0,1.0
925,PointNet,0.8182,0.6667,0.0,0.0,1.0
926,PointNet,0.9091,0.9,0.0,0.0,1.0
927,PointNet,0.9091,0.8,0.0,0.0,1.0
928,PointNet,0.9091,0.5,0.0,0.0,1.0
929,PointNet,0.9091,0.7,0.0,0.0,1.0
930,PointNet,1.0,0.5,0.0,0.0,1.0
931,PointNet,0.9091,0.8,0.0,0.0,1.0
932,PointNet,0.9091,0.6,0.0,0.0,1.0
933,PointNet,0.8182,0.6667,0.0,0.0,1.0
934,PointNet,0.9091,0.9,0.0,0.0,1.0
935,PointNet,1.0,0.5,0.0,0.0,1.0
936,PointNet,1.0,0.5,0.0,0.0,1.0
937,PointNet,1.0,0.5,0.0,0.0,1.0
938,PointNet,1.0,0.5,0.0,0.0,1.0
939,PointNet,0.8182,0.6667,0.0,0.0,1.0
940,PointNet,0.7273,0.75,0.0,0.0,1.0
941,PointNet,1.0,0.5,0.0,0.0,1.0
942,PointNet,0.9091,0.6,0.0,0.0,1.0
943,PointNet,0.9091,0.9,0.0,0.0,1.0
944,PointNet,0.9091,0.5,0.0,0.0,1.0
945,PointNet,0.8182,0.6667,0.0,0.0,1.0
946,PointNet,1.0,0.5,0.0,0.0,1.0
947,PointNet,1.0,0.5,0.0,0.0,1.0
948,PointNet,0.8182,0.5556,0.0,0.0,1.0
949,PointNet,1.0,0.5,0.0,0.0,1.0
950,PointNet,0.7273,0.375,0.0,0.0,1.0
951,PointNet,1.0,0.5,0.0,0.0,1.0
952,PointNet,0.9091,0.8,0.0,0.0,1.0
953,PointNet,0.8182,0.6667,0.0,0.0,1.0
954,PointNet,1.0,0.5,0.0,0.0,1.0
955,PointNet,1.0,0.5,0.0,0.0,1.0
956,PointNet,1.0,0.5,0.0,0.0,1.0
957,PointNet,1.0,0.5,0.0,0.0,1.0
958,PointNet,1.0,0.5,0.0,0.0,1.0
959,PointNet,1.0,0.5,0.0,0.0,1.0
960,PointNet,0.9091,0.8,0.0,0.0,1.0
961,PointNet,1.0,0.5,0.0,0.0,1.0
962,PointNet,0.8182,0.6667,0.0,0.0,1.0
963,PointNet,1.0,0.5,0.0,0.0,1.0
964,PointNet,0.8182,0.4444,0.0,0.0,1.0
965,PointNet,0.9091,0.5,0.0,0.0,1.0
966,PointNet,0.9091,0.8,0.0,0.0,1.0
967,PointNet,0.9091,0.7,0.0,0.0,1.0
968,PointNet,1.0,0.5,0.0,0.0,1.0
969,PointNet,0.9091,0.7,0.0,0.0,1.0
970,PointNet,1.0,0.5,0.0,0.0,1.0
971,PointNet,0.9091,0.7,0.0,0.0,1.0
972,PointNet,0.6364,0.5714,0.0,0.0,1.0
973,PointNet,0.9091,0.6,0.0,0.0,1.0
974,PointNet,0.9091,0.5,0.0,0.0,1.0
975,PointNet,1.0,0.5,0.0,0.0,1.0
976,PointNet,1.0,0.5,0.0,0.0,1.0
977,PointNet,0.9091,0.7,0.0,0.0,1.0
978,PointNet,1.0,0.5,0.0,0.0,1.0
979,PointNet,1.0,0.5,0.0,0.0,1.0
980,PointNet,0.9091,0.6,0.0,0.0,1.0
981,PointNet,1.0,0.5,0.0,0.0,1.0
982,PointNet,1.0,0.5,0.0,0.0,1.0
983,PointNet,0.8182,0.5556,0.0,0.0,1.0
984,PointNet,0.9091,0.7,0.0,0.0,1.0
985,PointNet,1.0,0.5,0.0,0.0,1.0
986,PointNet,0.8182,0.3333,0.0,0.0,1.0
987,PointNet,0.8182,0.3333,0.0,0.0,1.0
988,PointNet,1.0,0.5,0.0,0.0,1.0
989,PointNet,0.9091,0.6,0.0,0.0,1.0
990,PointNet,0.9091,0.6,0.0,0.0,1.0
991,PointNet,0.8182,0.4444,0.0,0.0,1.0
992,PointNet,0.9091,0.6,0.0,0.0,1.0
993,PointNet,0.9091,0.7,0.0,0.0,1.0
994,PointNet,0.9091,0.6,0.0,0.0,1.0
995,PointNet,1.0,0.5,0.0,0.0,1.0
996,PointNet,1.0,0.5,0.0,0.0,1.0
997,PointNet,0.7273,0.5,0.0,0.0,1.0
998,PointNet,0.9091,0.5,0.0,0.0,1.0
999,PointNet,0.8182,0.5556,0.0,0.0,1.0
1000,PointNet,1.0,0.5,0.0,0.0,1.0
1,ResNet+AE,0.9091,0.8,0.0,0.0,1.0
2,ResNet+AE,1.0,0.5,0.0,0.0,1.0
3,ResNet+AE,0.9091,0.5,0.0,0.0,1.0
4,ResNet+AE,0.9091,0.5,0.0,0.0,0.9091
5,ResNet+AE,0.8182,0.5,0.0,0.0,0.8182
6,ResNet+AE,0.7273,0.3,0.0,0.0,0.8
7,ResNet+AE,0.7273,0.4,0.0,0.0,0.8
8,ResNet+AE,0.7273,0.5,0.0,0.0,0.7273
9,ResNet+AE,0.5455,0.5,0.0,0.0,1.0
10,ResNet+AE,1.0,0.5,0.0,0.0,1.0
11,ResNet+AE,0.7273,0.4444,0.0,0.0,0.8889
12,ResNet+AE,0.7273,0.5,0.0,0.0,0.7273
13,ResNet+AE,0.9091,0.5,0.0,0.0,0.9091
14,ResNet+AE,0.9091,0.6,0.0,0.0,1.0
15,ResNet+AE,0.8182,0.5,0.0,0.0,0.8182
16,ResNet+AE,0.9091,0.5,0.0,0.0,0.9091
17,ResNet+AE,0.9091,0.2,0.0,0.0,1.0
18,ResNet+AE,0.6364,0.5,0.0,0.0,0.875
19,ResNet+AE,0.9091,0.5,0.0,0.0,0.9091
20,ResNet+AE,0.7273,0.4444,0.0,0.0,0.8889
21,ResNet+AE,0.9091,0.4,0.0,0.0,1.0
22,ResNet+AE,0.9091,0.5,0.0,0.0,0.9091
23,ResNet+AE,0.8182,0.5556,0.0,0.0,1.0
24,ResNet+AE,0.7273,0.4,0.0,0.0,0.8
25,ResNet+AE,0.7273,0.5,0.0,0.0,0.7273
26,ResNet+AE,0.8182,0.4444,0.0,0.0,1.0
27,ResNet+AE,0.9091,0.8,0.0,0.0,1.0
28,ResNet+AE,0.9091,0.6,0.0,0.0,1.0
29,ResNet+AE,0.6364,0.5556,0.0,0.0,0.7778
30,ResNet+AE,0.8182,0.6,0.0,0.0,0.9
31,ResNet+AE,0.7273,0.5,0.0,0.0,1.0
32,ResNet+AE,0.6364,0.5556,0.0,0.0,0.7778
33,ResNet+AE,0.8182,0.5,0.0,0.0,0.8182
34,ResNet+AE,0.8182,0.5,0.0,0.0,0.8182
35,ResNet+AE,0.7273,0.5,0.0,0.0,1.0
36,ResNet+AE,0.7273,0.3333,0.0,0.0,0.8889
37,ResNet+AE,0.7273,0.1,0.0,0.0,0.8
38,ResNet+AE,0.8182,0.5,0.0,0.0,0.8182
39,ResNet+AE,0.7273,0.4444,0.0,0.0,0.8889
40,ResNet+AE,1.0,0.5,0.0,0.0,1.0
41,ResNet+AE,0.9091,0.6,0.0,0.0,1.0
42,ResNet+AE,0.9091,0.5,0.0,0.0,0.9091
43,ResNet+AE,0.8182,0.4,0.0,0.0,0.9
44,ResNet+AE,0.8182,0.7,0.0,0.0,0.9
45,ResNet+AE,0.7273,0.375,0.0,0.0,1.0
46,ResNet+AE,0.5455,0.5,0.0,0.0,1.0
47,ResNet+AE,0.7273,0.3,0.0,0.0,0.8
48,ResNet+AE,0.7273,0.5,0.0,0.0,0.7273
49,ResNet+AE,0.9091,0.5,0.0,0.0,0.9091
50,ResNet+AE,0.9091,0.7,0.0,0.0,1.0
51,ResNet+AE,0.8182,0.4,0.0,0.0,0.9
52,ResNet+AE,0.9091,0.5,0.0,0.0,0.9091
53,ResNet+AE,0.9091,0.5,0.0,0.0,0.9091
54,ResNet+AE,0.8182,0.6,0.0,0.0,0.9
55,ResNet+AE,0.9091,0.5,0.0,0.0,0.9091
56,ResNet+AE,0.6364,0.5,0.0,0.0,0.7
57,ResNet+AE,0.9091,0.5,0.0,0.0,0.9091
58,ResNet+AE,0.7273,0.5,0.0,0.0,0.8
59,ResNet+AE,0.9091,0.5,0.0,0.0,0.9091
60,ResNet+AE,0.8182,0.5,0.0,0.0,0.8182
61,ResNet+AE,0.9091,0.5,0.0,0.0,0.9091
62,ResNet+AE,0.7273,0.4,0.0,0.0,0.8
63,ResNet+AE,0.6364,0.5714,0.0,0.0,1.0
64,ResNet+AE,0.6364,0.5,0.0,0.0,0.7
65,ResNet+AE,1.0,0.5,0.0,0.0,1.0
66,ResNet+AE,0.8182,0.6,0.0,0.0,0.9
67,ResNet+AE,0.9091,0.5,0.0,0.0,0.9091
68,ResNet+AE,0.8182,0.7,0.0,0.0,0.9
69,ResNet+AE,0.5455,0.625,0.0,0.0,0.75
70,ResNet+AE,0.7273,0.4444,0.0,0.0,0.8889
71,ResNet+AE,0.9091,0.5,0.0,0.0,0.9091
72,ResNet+AE,1.0,0.5,0.0,0.0,1.0
73,ResNet+AE,0.5455,0.4,0.0,0.0,0.6
74,ResNet+AE,0.9091,0.5,0.0,0.0,0.9091
75,ResNet+AE,0.8182,0.4,0.0,0.0,0.9
76,ResNet+AE,0.9091,0.5,0.0,0.0,0.9091
77,ResNet+AE,0.8182,0.7778,0.0,0.0,1.0
78,ResNet+AE,0.9091,0.5,0.0,0.0,0.9091
79,ResNet+AE,0.7273,0.7778,0.0,0.0,0.8889
80,ResNet+AE,0.7273,0.5,0.0,0.0,0.8
81,ResNet+AE,0.7273,0.5,0.0,0.0,0.7273
82,ResNet+AE,0.8182,0.7,0.0,0.0,0.9
83,ResNet+AE,0.8182,0.6667,0.0,0.0,1.0
84,ResNet+AE,1.0,0.5,0.0,0.0,1.0
85,ResNet+AE,0.7273,0.5,0.0,0.0,0.7273
86,ResNet+AE,0.8182,0.7778,0.0,0.0,1.0
87,ResNet+AE,0.9091,0.5,0.0,0.0,0.9091
88,ResNet+AE,0.7273,0.5,0.0,0.0,0.7273
89,ResNet+AE,0.6364,0.5,0.0,0.0,0.7
90,ResNet+AE,0.8182,0.7,0.0,0.0,0.9
91,ResNet+AE,0.9091,0.4,0.0,0.0,1.0
92,ResNet+AE,0.7273,0.5556,0.0,0.0,0.8889
93,ResNet+AE,0.8182,0.9,0.0,0.0,0.9
94,ResNet+AE,1.0,0.5,0.0,0.0,1.0
95,ResNet+AE,0.8182,0.7,0.0,0.0,0.9
96,ResNet+AE,0.8182,0.5556,0.0,0.0,1.0
97,ResNet+AE,1.0,0.5,0.0,0.0,1.0
98,ResNet+AE,0.8182,0.4,0.0,0.0,0.9
99,ResNet+AE,0.8182,0.5,0.0,0.0,0.8182
100,ResNet+AE,0.8182,0.4444,0.0,0.0,1.0
101,ResNet+AE,0.9091,0.8,0.0,0.0,1.0
102,ResNet+AE,0.9091,0.7,0.0,0.0,1.0
103,ResNet+AE,1.0,0.5,0.0,0.0,1.0
104,ResNet+AE,0.8182,0.5,0.0,0.0,0.8182
105,ResNet+AE,0.6364,0.5,0.0,0.0,0.6364
106,ResNet+AE,1.0,0.5,0.0,0.0,1.0
107,ResNet+AE,0.9091,0.5,0.0,0.0,1.0
108,ResNet+AE,0.7273,0.4,0.0,0.0,0.8
109,ResNet+AE,0.9091,0.3,0.0,0.0,1.0
110,ResNet+AE,0.9091,0.4,0.0,0.0,1.0
111,ResNet+AE,0.9091,0.5,0.0,0.0,0.9091
112,ResNet+AE,0.8182,0.5,0.0,0.0,0.9
113,ResNet+AE,0.6364,0.5,0.0,0.0,0.875
114,ResNet+AE,0.9091,0.3,0.0,0.0,1.0
115,ResNet+AE,0.9091,0.5,0.0,0.0,1.0
116,ResNet+AE,0.9091,0.5,0.0,0.0,1.0
117,ResNet+AE,0.7273,0.4,0.0,0.0,0.8
118,ResNet+AE,0.8182,0.5556,0.0,0.0,1.0
119,ResNet+AE,1.0,0.5,0.0,0.0,1.0
120,ResNet+AE,0.6364,0.5556,0.0,0.0,0.7778
121,ResNet+AE,0.6364,0.75,0.0,0.0,0.875
122,ResNet+AE,0.8182,0.5,0.0,0.0,0.8182
123,ResNet+AE,0.8182,0.5,0.0,0.0,0.8182
124,ResNet+AE,0.7273,0.4444,0.0,0.0,0.8889
125,ResNet+AE,0.7273,0.6,0.0,0.0,0.8
126,ResNet+AE,0.7273,0.2222,0.0,0.0,0.8889
127,ResNet+AE,0.9091,0.5,0.0,0.0,0.9091
128,ResNet+AE,0.9091,0.5,0.0,0.0,1.0
129,ResNet+AE,0.8182,0.2,0.0,0.0,0.9
130,ResNet+AE,0.7273,0.0,0.0,0.0,0.8889
131,ResNet+AE,0.9091,0.3,0.0,0.0,1.0
132,ResNet+AE,0.9091,0.5,0.0,0.0,0.9091
133,ResNet+AE,0.8182,0.6,0.0,0.0,0.9
134,ResNet+AE,0.6364,0.5,0.0,0.0,0.6364
135,ResNet+AE,0.8182,0.5,0.0,0.0,0.9
136,ResNet+AE,0.9091,0.6,0.0,0.0,1.0
137,ResNet+AE,0.8182,0.4,0.0,0.0,0.9
138,ResNet+AE,0.7273,0.6667,0.0,0.0,0.8889
139,ResNet+AE,0.7273,0.5556,0.0,0.0,0.8889
140,ResNet+AE,0.8182,0.5,0.0,0.0,0.8182
141,ResNet+AE,0.6364,0.5,0.0,0.0,0.875
142,ResNet+AE,0.7273,0.6667,0.0,0.0,0.8889
143,ResNet+AE,0.7273,0.5,0.0,0.0,0.7273
144,ResNet+AE,0.7273,0.4444,0.0,0.0,0.8889
145,ResNet+AE,0.7273,0.5556,0.0,0.0,0.8889
146,ResNet+AE,0.9091,0.5,0.0,0.0,0.9091
147,ResNet+AE,0.6364,0.5,0.0,0.0,0.875
148,ResNet+AE,0.8182,0.5,0.0,0.0,0.8182
149,ResNet+AE,1.0,0.5,0.0,0.0,1.0
150,ResNet+AE,0.7273,0.4,0.0,0.0,0.8
151,ResNet+AE,0.8182,0.5,0.0,0.0,0.8182
152,ResNet+AE,0.5455,0.375,0.0,0.0,0.75
153,ResNet+AE,0.7273,0.4444,0.0,0.0,0.8889
154,ResNet+AE,0.9091,0.5,0.0,0.0,0.9091
155,ResNet+AE,0.8182,0.5,0.0,0.0,0.8182
156,ResNet+AE,0.7273,0.5,0.0,0.0,0.8
157,ResNet+AE,0.8182,0.5,0.0,0.0,0.8182
158,ResNet+AE,0.7273,0.6,0.0,0.0,0.8
159,ResNet+AE,0.8182,0.3333,0.0,0.0,1.0
160,ResNet+AE,1.0,0.5,0.0,0.0,1.0
161,ResNet+AE,0.8182,0.6,0.0,0.0,0.9
162,ResNet+AE,1.0,0.5,0.0,0.0,1.0
163,ResNet+AE,0.9091,0.5,0.0,0.0,1.0
164,ResNet+AE,0.7273,0.5,0.0,0.0,0.7273
165,ResNet+AE,0.8182,0.5,0.0,0.0,0.9
166,ResNet+AE,1.0,0.5,0.0,0.0,1.0
167,ResNet+AE,1.0,0.5,0.0,0.0,1.0
168,ResNet+AE,1.0,0.5,0.0,0.0,1.0
169,ResNet+AE,0.7273,0.5,0.0,0.0,0.8
170,ResNet+AE,1.0,0.5,0.0,0.0,1.0
171,ResNet+AE,1.0,0.5,0.0,0.0,1.0
172,ResNet+AE,0.9091,0.5,0.0,0.0,0.9091
173,ResNet+AE,0.7273,0.3,0.0,0.0,0.8
174,ResNet+AE,0.7273,0.25,0.0,0.0,1.0
175,ResNet+AE,1.0,0.5,0.0,0.0,1.0
176,ResNet+AE,1.0,0.5,0.0,0.0,1.0
177,ResNet+AE,0.8182,0.3,0.0,0.0,0.9
178,ResNet+AE,0.9091,0.7,0.0,0.0,1.0
179,ResNet+AE,1.0,0.5,0.0,0.0,1.0
180,ResNet+AE,0.6364,0.1,0.0,0.0,0.7
181,ResNet+AE,0.6364,0.4444,0.0,0.0,0.7778
182,ResNet+AE,0.6364,0.4286,0.0,0.0,1.0
183,ResNet+AE,0.8182,0.6,0.0,0.0,0.9
184,ResNet+AE,0.9091,0.5,0.0,0.0,0.9091
185,ResNet+AE,0.9091,0.5,0.0,0.0,0.9091
186,ResNet+AE,0.7273,0.4444,0.0,0.0,0.8889
187,ResNet+AE,0.9091,0.5,0.0,0.0,0.9091
188,ResNet+AE,0.8182,0.4,0.0,0.0,0.9
189,ResNet+AE,1.0,0.5,0.0,0.0,1.0
190,ResNet+AE,0.7273,0.5,0.0,0.0,0.7273
191,ResNet+AE,0.7273,0.5,0.0,0.0,0.8
192,ResNet+AE,0.7273,0.7,0.0,0.0,0.8
193,ResNet+AE,0.8182,0.3,0.0,0.0,0.9
194,ResNet+AE,0.7273,0.5,0.0,0.0,0.7273
195,ResNet+AE,0.6364,0.3,0.0,0.0,0.7
196,ResNet+AE,0.9091,0.9,0.0,0.0,1.0
197,ResNet+AE,0.8182,0.4,0.0,0.0,0.9
198,ResNet+AE,1.0,0.5,0.0,0.0,1.0
199,ResNet+AE,0.9091,0.5,0.0,0.0,0.9091
200,ResNet+AE,0.8182,0.4444,0.0,0.0,1.0
201,ResNet+AE,0.8182,0.8,0.0,0.0,0.9
202,ResNet+AE,0.9091,0.4,0.0,0.0,1.0
203,ResNet+AE,0.7273,0.2,0.0,0.0,0.8
204,ResNet+AE,0.8182,0.3,0.0,0.0,0.9
205,ResNet+AE,0.8182,0.5,0.0,0.0,0.9
206,ResNet+AE,1.0,0.5,0.0,0.0,1.0
207,ResNet+AE,0.8182,0.5,0.0,0.0,0.9
208,ResNet+AE,0.8182,0.5,0.0,0.0,0.8182
209,ResNet+AE,0.7273,0.5,0.0,0.0,0.8
210,ResNet+AE,0.8182,0.5,0.0,0.0,0.9
211,ResNet+AE,0.9091,0.5,0.0,0.0,0.9091
212,ResNet+AE,0.9091,0.5,0.0,0.0,0.9091
213,ResNet+AE,0.9091,0.6,0.0,0.0,1.0
214,ResNet+AE,1.0,0.5,0.0,0.0,1.0
215,ResNet+AE,0.8182,0.5,0.0,0.0,0.8182
216,ResNet+AE,0.8182,0.5,0.0,0.0,0.9
217,ResNet+AE,0.9091,0.5,0.0,0.0,0.9091
218,ResNet+AE,0.7273,0.5556,0.0,0.0,0.8889
219,ResNet+AE,0.8182,0.6,0.0,0.0,0.9
220,ResNet+AE,0.8182,0.4444,0.0,0.0,1.0
221,ResNet+AE,0.6364,0.7143,0.0,0.0,1.0
222,ResNet+AE,0.8182,0.4,0.0,0.0,0.9
223,ResNet+AE,1.0,0.5,0.0,0.0,1.0
224,ResNet+AE,0.8182,0.6,0.0,0.0,0.9
225,ResNet+AE,0.9091,0.5,0.0,0.0,1.0
226,ResNet+AE,0.9091,0.5,0.0,0.0,1.0
227,ResNet+AE,0.6364,0.2,0.0,0.0,0.7
228,ResNet+AE,0.9091,0.8,0.0,0.0,1.0
229,ResNet+AE,0.9091,0.6,0.0,0.0,1.0
230,ResNet+AE,0.9091,0.6,0.0,0.0,1.0
231,ResNet+AE,0.4545,0.4286,0.0,0.0,0.7143
232,ResNet+AE,0.9091,0.7,0.0,0.0,1.0
233,ResNet+AE,0.9091,0.7,0.0,0.0,1.0
234,ResNet+AE,0.8182,0.6,0.0,0.0,0.9
235,ResNet+AE,0.7273,0.5556,0.0,0.0,0.8889
236,ResNet+AE,0.7273,0.5556,0.0,0.0,0.8889
237,ResNet+AE,0.7273,0.5,0.0,0.0,0.7273
238,ResNet+AE,1.0,0.5,0.0,0.0,1.0
239,ResNet+AE,0.8182,0.5,0.0,0.0,0.8182
240,ResNet+AE,1.0,0.5,0.0,0.0,1.0
241,ResNet+AE,0.7273,0.2,0.0,0.0,0.8
242,ResNet+AE,0.8182,0.3,0.0,0.0,0.9
243,ResNet+AE,0.8182,0.4,0.0,0.0,0.9
244,ResNet+AE,0.7273,0.4,0.0,0.0,0.8
245,ResNet+AE,0.6364,0.5,0.0,0.0,0.7
246,ResNet+AE,0.7273,0.625,0.0,0.0,1.0
247,ResNet+AE,0.8182,0.6,0.0,0.0,0.9
248,ResNet+AE,0.7273,0.5,0.0,0.0,0.7273
249,ResNet+AE,1.0,0.5,0.0,0.0,1.0
250,ResNet+AE,0.8182,0.6667,0.0,0.0,1.0
251,ResNet+AE,0.8182,0.8889,0.0,0.0,1.0
252,ResNet+AE,0.8182,0.4,0.0,0.0,0.9
253,ResNet+AE,1.0,0.5,0.0,0.0,1.0
254,ResNet+AE,0.8182,0.5556,0.0,0.0,1.0
255,ResNet+AE,0.9091,0.5,0.0,0.0,1.0
256,ResNet+AE,0.7273,0.3333,0.0,0.0,0.8889
257,ResNet+AE,0.8182,0.7,0.0,0.0,0.9
258,ResNet+AE,0.8182,0.3,0.0,0.0,0.9
259,ResNet+AE,1.0,0.5,0.0,0.0,1.0
260,ResNet+AE,0.9091,0.7,0.0,0.0,1.0
261,ResNet+AE,1.0,0.5,0.0,0.0,1.0
262,ResNet+AE,0.8182,0.5,0.0,0.0,0.8182
263,ResNet+AE,0.9091,0.5,0.0,0.0,0.9091
264,ResNet+AE,0.9091,0.6,0.0,0.0,1.0
265,ResNet+AE,0.8182,0.4,0.0,0.0,0.9
266,ResNet+AE,0.8182,0.6,0.0,0.0,0.9
267,ResNet+AE,0.9091,0.5,0.0,0.0,0.9091
268,ResNet+AE,0.4545,0.6667,0.0,0.0,0.8333
269,ResNet+AE,0.8182,0.5,0.0,0.0,0.8182
270,ResNet+AE,0.9091,0.6,0.0,0.0,1.0
271,ResNet+AE,0.9091,0.5,0.0,0.0,0.9091
272,ResNet+AE,0.8182,0.5,0.0,0.0,0.9
273,ResNet+AE,0.7273,0.375,0.0,0.0,1.0
274,ResNet+AE,0.9091,0.7,0.0,0.0,1.0
275,ResNet+AE,0.9091,0.5,0.0,0.0,1.0
276,ResNet+AE,0.7273,0.375,0.0,0.0,1.0
277,ResNet+AE,0.7273,0.5556,0.0,0.0,0.8889
278,ResNet+AE,0.8182,0.6667,0.0,0.0,1.0
279,ResNet+AE,0.9091,0.5,0.0,0.0,0.9091
280,ResNet+AE,0.8182,0.5,0.0,0.0,0.8182
281,ResNet+AE,0.9091,0.5,0.0,0.0,0.9091
282,ResNet+AE,0.8182,0.6,0.0,0.0,0.9
283,ResNet+AE,1.0,0.5,0.0,0.0,1.0
284,ResNet+AE,1.0,0.5,0.0,0.0,1.0
285,ResNet+AE,0.8182,0.5556,0.0,0.0,1.0
286,ResNet+AE,0.9091,0.3,0.0,0.0,1.0
287,ResNet+AE,0.7273,0.5556,0.0,0.0,0.8889
288,ResNet+AE,0.8182,0.6,0.0,0.0,0.9
289,ResNet+AE,1.0,0.5,0.0,0.0,1.0
290,ResNet+AE,0.9091,0.5,0.0,0.0,0.9091
291,ResNet+AE,0.8182,0.6,0.0,0.0,0.9
292,ResNet+AE,0.6364,0.4444,0.0,0.0,0.7778
293,ResNet+AE,0.5455,0.5556,0.0,0.0,0.6667
294,ResNet+AE,0.7273,0.5,0.0,0.0,0.8
295,ResNet+AE,0.8182,0.5,0.0,0.0,0.8182
296,ResNet+AE,0.8182,0.4,0.0,0.0,0.9
297,ResNet+AE,0.8182,0.5,0.0,0.0,0.8182
298,ResNet+AE,0.9091,0.4,0.0,0.0,1.0
299,ResNet+AE,0.7273,0.6667,0.0,0.0,0.8889
300,ResNet+AE,0.8182,0.5,0.0,0.0,0.8182
301,ResNet+AE,0.8182,0.5,0.0,0.0,0.8182
302,ResNet+AE,0.9091,0.7,0.0,0.0,1.0
303,ResNet+AE,0.8182,0.6,0.0,0.0,0.9
304,ResNet+AE,0.9091,0.5,0.0,0.0,0.9091
305,ResNet+AE,0.7273,0.5556,0.0,0.0,0.8889
306,ResNet+AE,0.8182,0.5,0.0,0.0,0.9
307,ResNet+AE,0.8182,0.5,0.0,0.0,0.9
308,ResNet+AE,0.9091,0.7,0.0,0.0,1.0
309,ResNet+AE,0.7273,0.3333,0.0,0.0,0.8889
310,ResNet+AE,0.9091,0.5,0.0,0.0,0.9091
311,ResNet+AE,0.7273,0.5556,0.0,0.0,0.8889
312,ResNet+AE,0.8182,0.4,0.0,0.0,0.9
313,ResNet+AE,0.8182,0.6667,0.0,0.0,1.0
314,ResNet+AE,0.9091,0.5,0.0,0.0,0.9091
315,ResNet+AE,0.7273,0.5,0.0,0.0,1.0
316,ResNet+AE,0.9091,0.5,0.0,0.0,0.9091
317,ResNet+AE,0.9091,0.6,0.0,0.0,1.0
318,ResNet+AE,0.6364,0.4286,0.0,0.0,1.0
319,ResNet+AE,0.8182,0.5556,0.0,0.0,1.0
320,ResNet+AE,1.0,0.5,0.0,0.0,1.0
321,ResNet+AE,0.6364,0.5556,0.0,0.0,0.7778
322,ResNet+AE,0.6364,0.2222,0.0,0.0,0.7778
323,ResNet+AE,0.7273,0.3,0.0,0.0,0.8
324,ResNet+AE,0.9091,0.5,0.0,0.0,0.9091
325,ResNet+AE,0.7273,0.4444,0.0,0.0,0.8889
326,ResNet+AE,0.9091,0.2,0.0,0.0,1.0
327,ResNet+AE,0.9091,0.3,0.0,0.0,1.0
328,ResNet+AE,0.7273,0.625,0.0,0.0,1.0
329,ResNet+AE,0.6364,0.5556,0.0,0.0,0.7778
330,ResNet+AE,1.0,0.5,0.0,0.0,1.0
331,ResNet+AE,0.8182,0.6,0.0,0.0,0.9
332,ResNet+AE,0.9091,0.5,0.0,0.0,0.9091
333,ResNet+AE,0.7273,0.5,0.0,0.0,0.7273
334,ResNet+AE,1.0,0.5,0.0,0.0,1.0
335,ResNet+AE,0.6364,0.4444,0.0,0.0,0.7778
336,ResNet+AE,0.9091,0.5,0.0,0.0,0.9091
337,ResNet+AE,0.7273,0.5556,0.0,0.0,0.8889
338,ResNet+AE,0.9091,0.5,0.0,0.0,0.9091
339,ResNet+AE,0.6364,0.5,0.0,0.0,0.875
340,ResNet+AE,0.8182,0.6667,0.0,0.0,1.0
341,ResNet+AE,0.5455,0.2222,0.0,0.0,0.6667
342,ResNet+AE,0.5455,0.4444,0.0,0.0,0.6667
343,ResNet+AE,0.8182,0.7,0.0,0.0,0.9
344,ResNet+AE,0.8182,0.5,0.0,0.0,0.8182
345,ResNet+AE,0.2727,0.0,0.0,0.0,0.3333
346,ResNet+AE,0.7273,0.6667,0.0,0.0,0.8889
347,ResNet+AE,0.8182,0.5,0.0,0.0,0.9
348,ResNet+AE,0.7273,0.3333,0.0,0.0,0.8889
349,ResNet+AE,0.7273,0.8889,0.0,0.0,0.8889
350,ResNet+AE,0.7273,0.7778,0.0,0.0,0.8889
351,ResNet+AE,0.9091,0.5,0.0,0.0,0.9091
352,ResNet+AE,0.9091,0.5,0.0,0.0,1.0
353,ResNet+AE,1.0,0.5,0.0,0.0,1.0
354,ResNet+AE,1.0,0.5,0.0,0.0,1.0
355,ResNet+AE,0.7273,0.3,0.0,0.0,0.8
356,ResNet+AE,0.9091,0.8,0.0,0.0,1.0
357,ResNet+AE,0.8182,0.6,0.0,0.0,0.9
358,ResNet+AE,0.8182,0.4444,0.0,0.0,1.0
359,ResNet+AE,0.9091,0.5,0.0,0.0,0.9091
360,ResNet+AE,0.8182,0.5556,0.0,0.0,1.0
361,ResNet+AE,0.7273,0.3333,0.0,0.0,0.8889
362,ResNet+AE,0.7273,0.5,0.0,0.0,0.7273
363,ResNet+AE,0.5455,0.5,0.0,0.0,0.5455
364,ResNet+AE,0.9091,0.5,0.0,0.0,0.9091
365,ResNet+AE,0.9091,0.5,0.0,0.0,0.9091
366,ResNet+AE,0.7273,0.5556,0.0,0.0,0.8889
367,ResNet+AE,1.0,0.5,0.0,0.0,1.0
368,ResNet+AE,0.8182,0.5,0.0,0.0,0.8182
369,ResNet+AE,0.7273,0.2222,0.0,0.0,0.8889
370,ResNet+AE,0.8182,0.6,0.0,0.0,0.9
371,ResNet+AE,0.8182,0.8889,0.0,0.0,1.0
372,ResNet+AE,0.8182,0.4444,0.0,0.0,1.0
373,ResNet+AE,0.7273,0.5,0.0,0.0,0.7273
374,ResNet+AE,0.9091,0.6,0.0,0.0,1.0
375,ResNet+AE,0.7273,0.4,0.0,0.0,0.8
376,ResNet+AE,0.7273,0.3,0.0,0.0,0.8
377,ResNet+AE,0.8182,0.4,0.0,0.0,0.9
378,ResNet+AE,0.8182,0.3333,0.0,0.0,1.0
379,ResNet+AE,0.8182,0.4,0.0,0.0,0.9
380,ResNet+AE,0.8182,0.5,0.0,0.0,0.8182
381,ResNet+AE,0.8182,0.5,0.0,0.0,0.9
382,ResNet+AE,0.8182,0.5,0.0,0.0,0.8182
383,ResNet+AE,0.7273,0.2222,0.0,0.0,0.8889
384,ResNet+AE,0.7273,0.4444,0.0,0.0,0.8889
385,ResNet+AE,0.9091,0.5,0.0,0.0,0.9091
386,ResNet+AE,1.0,0.5,0.0,0.0,1.0
387,ResNet+AE,0.7273,0.3333,0.0,0.0,0.8889
388,ResNet+AE,0.7273,0.625,0.0,0.0,1.0
389,ResNet+AE,0.9091,0.5,0.0,0.0,1.0
390,ResNet+AE,0.6364,0.4444,0.0,0.0,0.7778
391,ResNet+AE,0.9091,0.5,0.0,0.0,0.9091
392,ResNet+AE,0.8182,0.5,0.0,0.0,0.9
393,ResNet+AE,0.8182,0.5,0.0,0.0,0.8182
394,ResNet+AE,1.0,0.5,0.0,0.0,1.0
395,ResNet+AE,1.0,0.5,0.0,0.0,1.0
396,ResNet+AE,1.0,0.5,0.0,0.0,1.0
397,ResNet+AE,0.7273,0.5,0.0,0.0,1.0
398,ResNet+AE,0.8182,0.5556,0.0,0.0,1.0
399,ResNet+AE,0.8182,0.4444,0.0,0.0,1.0
400,ResNet+AE,0.6364,0.3333,0.0,0.0,0.7778
401,ResNet+AE,1.0,0.5,0.0,0.0,1.0
402,ResNet+AE,0.9091,0.4,0.0,0.0,1.0
403,ResNet+AE,0.8182,0.5,0.0,0.0,0.9
404,ResNet+AE,0.5455,0.5,0.0,0.0,0.75
405,ResNet+AE,0.9091,0.5,0.0,0.0,0.9091
406,ResNet+AE,0.9091,0.5,0.0,0.0,1.0
407,ResNet+AE,0.5455,0.375,0.0,0.0,0.75
408,ResNet+AE,0.9091,0.5,0.0,0.0,0.9091
409,ResNet+AE,0.8182,0.3333,0.0,0.0,1.0
410,ResNet+AE,0.8182,0.5556,0.0,0.0,1.0
411,ResNet+AE,0.8182,0.5,0.0,0.0,0.8182
412,ResNet+AE,0.8182,0.5556,0.0,0.0,1.0
413,ResNet+AE,0.7273,0.6,0.0,0.0,0.8
414,ResNet+AE,0.8182,0.6,0.0,0.0,0.9
415,ResNet+AE,0.8182,0.5,0.0,0.0,0.8182
416,ResNet+AE,0.8182,0.6,0.0,0.0,0.9
417,ResNet+AE,0.8182,0.6667,0.0,0.0,1.0
418,ResNet+AE,0.7273,0.5556,0.0,0.0,0.8889
419,ResNet+AE,0.8182,0.6667,0.0,0.0,1.0
420,ResNet+AE,0.7273,0.6,0.0,0.0,0.8
421,ResNet+AE,0.6364,0.5,0.0,0.0,0.6364
422,ResNet+AE,0.7273,0.6667,0.0,0.0,0.8889
423,ResNet+AE,1.0,0.5,0.0,0.0,1.0
424,ResNet+AE,0.7273,0.5,0.0,0.0,0.8
425,ResNet+AE,0.8182,0.6,0.0,0.0,0.9
426,ResNet+AE,0.7273,0.8,0.0,0.0,0.8
427,ResNet+AE,0.9091,0.5,0.0,0.0,0.9091
428,ResNet+AE,0.8182,0.7,0.0,0.0,0.9
429,ResNet+AE,0.9091,0.5,0.0,0.0,0.9091
430,ResNet+AE,0.9091,0.5,0.0,0.0,1.0
431,ResNet+AE,0.8182,0.5,0.0,0.0,0.8182
432,ResNet+AE,0.8182,0.5,0.0,0.0,0.8182
433,ResNet+AE,0.5455,0.5,0.0,0.0,0.6
434,ResNet+AE,0.9091,0.8,0.0,0.0,1.0
435,ResNet+AE,0.8182,0.5,0.0,0.0,0.9
436,ResNet+AE,0.6364,0.3,0.0,0.0,0.7
437,ResNet+AE,0.9091,0.7,0.0,0.0,1.0
438,ResNet+AE,0.7273,0.5,0.0,0.0,0.7273
439,ResNet+AE,0.7273,0.3333,0.0,0.0,0.8889
440,ResNet+AE,0.8182,0.6,0.0,0.0,0.9
441,ResNet+AE,0.8182,0.7778,0.0,0.0,1.0
442,ResNet+AE,0.8182,0.5,0.0,0.0,0.8182
443,ResNet+AE,0.9091,0.7,0.0,0.0,1.0
444,ResNet+AE,0.7273,0.5,0.0,0.0,0.8
445,ResNet+AE,0.7273,0.4444,0.0,0.0,0.8889
446,ResNet+AE,1.0,0.5,0.0,0.0,1.0
447,ResNet+AE,0.9091,0.5,0.0,0.0,0.9091
448,ResNet+AE,0.8182,0.4444,0.0,0.0,1.0
449,ResNet+AE,0.9091,0.5,0.0,0.0,1.0
450,ResNet+AE,0.9091,0.7,0.0,0.0,1.0
451,ResNet+AE,0.8182,0.5556,0.0,0.0,1.0
452,ResNet+AE,0.9091,0.5,0.0,0.0,0.9091
453,ResNet+AE,0.9091,0.5,0.0,0.0,0.9091
454,ResNet+AE,0.8182,0.5,0.0,0.0,0.8182
455,ResNet+AE,0.8182,0.5,0.0,0.0,0.8182
456,ResNet+AE,0.9091,0.7,0.0,0.0,1.0
457,ResNet+AE,0.8182,0.6,0.0,0.0,0.9
458,ResNet+AE,0.8182,0.7,0.0,0.0,0.9
459,ResNet+AE,0.9091,0.7,0.0,0.0,1.0
460,ResNet+AE,0.8182,0.5,0.0,0.0,0.9
461,ResNet+AE,0.8182,0.5,0.0,0.0,0.9
462,ResNet+AE,1.0,0.5,0.0,0.0,1.0
463,ResNet+AE,0.8182,0.5,0.0,0.0,0.9
464,ResNet+AE,0.9091,0.5,0.0,0.0,0.9091
465,ResNet+AE,0.9091,0.5,0.0,0.0,0.9091
466,ResNet+AE,0.6364,0.4444,0.0,0.0,0.7778
467,ResNet+AE,0.9091,0.5,0.0,0.0,0.9091
468,ResNet+AE,0.9091,0.5,0.0,0.0,1.0
469,ResNet+AE,0.9091,0.5,0.0,0.0,0.9091
470,ResNet+AE,0.8182,0.5,0.0,0.0,0.8182
471,ResNet+AE,0.8182,0.5,0.0,0.0,0.8182
472,ResNet+AE,0.8182,0.7,0.0,0.0,0.9
473,ResNet+AE,0.7273,0.6,0.0,0.0,0.8
474,ResNet+AE,0.7273,0.5,0.0,0.0,0.7273
475,ResNet+AE,0.8182,0.3333,0.0,0.0,1.0
476,ResNet+AE,0.6364,0.375,0.0,0.0,0.875
477,ResNet+AE,1.0,0.5,0.0,0.0,1.0
478,ResNet+AE,0.9091,0.5,0.0,0.0,0.9091
479,ResNet+AE,0.8182,0.5,0.0,0.0,0.8182
480,ResNet+AE,0.9091,0.5,0.0,0.0,1.0
481,ResNet+AE,0.9091,0.6,0.0,0.0,1.0
482,ResNet+AE,0.9091,0.5,0.0,0.0,0.9091
483,ResNet+AE,0.7273,0.3,0.0,0.0,0.8
484,ResNet+AE,0.8182,0.5,0.0,0.0,0.8182
485,ResNet+AE,0.9091,0.7,0.0,0.0,1.0
486,ResNet+AE,0.6364,0.6667,0.0,0.0,0.7778
487,ResNet+AE,0.8182,0.7778,0.0,0.0,1.0
488,ResNet+AE,0.9091,0.6,0.0,0.0,1.0
489,ResNet+AE,0.8182,0.5556,0.0,0.0,1.0
490,ResNet+AE,0.9091,0.5,0.0,0.0,1.0
491,ResNet+AE,0.7273,0.375,0.0,0.0,1.0
492,ResNet+AE,0.8182,0.4444,0.0,0.0,1.0
493,ResNet+AE,0.8182,0.4,0.0,0.0,0.9
494,ResNet+AE,0.8182,0.5,0.0,0.0,0.9
495,ResNet+AE,0.9091,0.5,0.0,0.0,0.9091
496,ResNet+AE,0.9091,0.4,0.0,0.0,1.0
497,ResNet+AE,0.8182,0.5,0.0,0.0,0.8182
498,ResNet+AE,0.8182,0.3333,0.0,0.0,1.0
499,ResNet+AE,0.6364,0.6667,0.0,0.0,0.7778
500,ResNet+AE,0.9091,0.6,0.0,0.0,1.0
501,ResNet+AE,0.8182,0.4444,0.0,0.0,1.0
502,ResNet+AE,0.9091,0.5,0.0,0.0,0.9091
503,ResNet+AE,0.8182,0.5,0.0,0.0,0.9
504,ResNet+AE,1.0,0.5,0.0,0.0,1.0
505,ResNet+AE,0.9091,0.5,0.0,0.0,0.9091
506,ResNet+AE,0.9091,0.7,0.0,0.0,1.0
507,ResNet+AE,0.9091,0.5,0.0,0.0,1.0
508,ResNet+AE,0.9091,0.5,0.0,0.0,0.9091
509,ResNet+AE,0.9091,0.5,0.0,0.0,0.9091
510,ResNet+AE,0.8182,0.5,0.0,0.0,0.8182
511,ResNet+AE,1.0,0.5,0.0,0.0,1.0
512,ResNet+AE,0.6364,0.5,0.0,0.0,0.7
513,ResNet+AE,0.8182,0.6,0.0,0.0,0.9
514,ResNet+AE,0.8182,0.5,0.0,0.0,0.9
515,ResNet+AE,0.8182,0.5,0.0,0.0,0.9
516,ResNet+AE,0.8182,0.4,0.0,0.0,0.9
517,ResNet+AE,0.6364,0.5,0.0,0.0,0.6364
518,ResNet+AE,1.0,0.5,0.0,0.0,1.0
519,ResNet+AE,0.7273,0.5556,0.0,0.0,0.8889
520,ResNet+AE,0.9091,0.2,0.0,0.0,1.0
521,ResNet+AE,0.9091,0.5,0.0,0.0,1.0
522,ResNet+AE,0.9091,0.5,0.0,0.0,0.9091
523,ResNet+AE,0.9091,0.3,0.0,0.0,1.0
524,ResNet+AE,0.4545,0.2222,0.0,0.0,0.5556
525,ResNet+AE,0.7273,0.5,0.0,0.0,0.7273
526,ResNet+AE,0.7273,0.5,0.0,0.0,0.8
527,ResNet+AE,0.9091,0.5,0.0,0.0,1.0
528,ResNet+AE,0.8182,0.6,0.0,0.0,0.9
529,ResNet+AE,0.9091,0.5,0.0,0.0,0.9091
530,ResNet+AE,0.6364,0.375,0.0,0.0,0.875
531,ResNet+AE,0.9091,0.5,0.0,0.0,0.9091
532,ResNet+AE,0.9091,0.5,0.0,0.0,0.9091
533,ResNet+AE,0.6364,0.5,0.0,0.0,0.7
534,ResNet+AE,0.8182,0.6667,0.0,0.0,1.0
535,ResNet+AE,0.7273,0.4444,0.0,0.0,0.8889
536,ResNet+AE,0.7273,0.25,0.0,0.0,1.0
537,ResNet+AE,0.6364,0.2,0.0,0.0,0.7
538,ResNet+AE,0.5455,0.2857,0.0,0.0,0.8571
539,ResNet+AE,0.7273,0.5,0.0,0.0,1.0
540,ResNet+AE,0.8182,0.3,0.0,0.0,0.9
541,ResNet+AE,0.6364,0.8571,0.0,0.0,1.0
542,ResNet+AE,0.8182,0.3,0.0,0.0,0.9
543,ResNet+AE,0.9091,0.6,0.0,0.0,1.0
544,ResNet+AE,0.8182,0.5,0.0,0.0,0.9
545,ResNet+AE,0.9091,0.5,0.0,0.0,0.9091
546,ResNet+AE,1.0,0.5,0.0,0.0,1.0
547,ResNet+AE,0.8182,0.6667,0.0,0.0,1.0
548,ResNet+AE,0.7273,0.2222,0.0,0.0,0.8889
549,ResNet+AE,0.9091,0.5,0.0,0.0,0.9091
550,ResNet+AE,0.8182,0.6,0.0,0.0,0.9
551,ResNet+AE,0.8182,0.2,0.0,0.0,0.9
552,ResNet+AE,0.9091,0.4,0.0,0.0,1.0
553,ResNet+AE,0.6364,0.2222,0.0,0.0,0.7778
554,ResNet+AE,0.7273,0.3,0.0,0.0,0.8
555,ResNet+AE,0.7273,0.75,0.0,0.0,1.0
556,ResNet+AE,0.7273,0.5,0.0,0.0,0.7273
557,ResNet+AE,0.9091,0.6,0.0,0.0,1.0
558,ResNet+AE,0.9091,0.5,0.0,0.0,0.9091
559,ResNet+AE,0.8182,0.3333,0.0,0.0,1.0
560,ResNet+AE,0.6364,0.5,0.0,0.0,0.7
561,ResNet+AE,0.6364,0.5,0.0,0.0,0.875
562,ResNet+AE,0.8182,0.5,0.0,0.0,0.8182
563,ResNet+AE,0.6364,0.5556,0.0,0.0,0.7778
564,ResNet+AE,0.9091,0.5,0.0,0.0,0.9091
565,ResNet+AE,0.8182,0.6,0.0,0.0,0.9
566,ResNet+AE,0.9091,0.5,0.0,0.0,0.9091
567,ResNet+AE,0.9091,0.7,0.0,0.0,1.0
568,ResNet+AE,0.9091,0.7,0.0,0.0,1.0
569,ResNet+AE,0.8182,0.7,0.0,0.0,0.9
570,ResNet+AE,0.9091,0.5,0.0,0.0,0.9091
571,ResNet+AE,1.0,0.5,0.0,0.0,1.0
572,ResNet+AE,0.8182,0.5,0.0,0.0,0.9
573,ResNet+AE,1.0,0.5,0.0,0.0,1.0
574,ResNet+AE,1.0,0.5,0.0,0.0,1.0
575,ResNet+AE,1.0,0.5,0.0,0.0,1.0
576,ResNet+AE,0.6364,0.625,0.0,0.0,0.875
577,ResNet+AE,0.8182,0.5,0.0,0.0,0.8182
578,ResNet+AE,0.8182,0.5556,0.0,0.0,1.0
579,ResNet+AE,0.8182,0.5,0.0,0.0,0.8182
580,ResNet+AE,0.9091,0.4,0.0,0.0,1.0
581,ResNet+AE,0.9091,0.5,0.0,0.0,0.9091
582,ResNet+AE,0.7273,0.6,0.0,0.0,0.8
583,ResNet+AE,1.0,0.5,0.0,0.0,1.0
584,ResNet+AE,0.8182,0.5556,0.0,0.0,1.0
585,ResNet+AE,0.7273,0.6667,0.0,0.0,0.8889
586,ResNet+AE,0.8182,0.6,0.0,0.0,0.9
587,ResNet+AE,0.8182,0.8889,0.0,0.0,1.0
588,ResNet+AE,0.7273,0.2222,0.0,0.0,0.8889
589,ResNet+AE,1.0,0.5,0.0,0.0,1.0
590,ResNet+AE,0.6364,0.4,0.0,0.0,0.7
591,ResNet+AE,0.7273,0.5556,0.0,0.0,0.8889
592,ResNet+AE,0.7273,0.5,0.0,0.0,0.7273
593,ResNet+AE,0.9091,0.5,0.0,0.0,0.9091
594,ResNet+AE,0.7273,0.3333,0.0,0.0,0.8889
595,ResNet+AE,0.6364,0.4444,0.0,0.0,0.7778
596,ResNet+AE,0.7273,0.8889,0.0,0.0,0.8889
597,ResNet+AE,0.9091,0.5,0.0,0.0,0.9091
598,ResNet+AE,0.8182,0.4,0.0,0.0,0.9
599,ResNet+AE,0.9091,0.5,0.0,0.0,0.9091
600,ResNet+AE,0.6364,0.5,0.0,0.0,0.875
601,ResNet+AE,0.7273,0.5556,0.0,0.0,0.8889
602,ResNet+AE,0.9091,0.5,0.0,0.0,0.9091
603,ResNet+AE,0.9091,1.0,0.0,0.0,1.0
604,ResNet+AE,1.0,0.5,0.0,0.0,1.0
605,ResNet+AE,0.9091,0.6,0.0,0.0,1.0
606,ResNet+AE,0.9091,0.5,0.0,0.0,0.9091
607,ResNet+AE,0.9091,0.5,0.0,0.0,0.9091
608,ResNet+AE,0.8182,0.8,0.0,0.0,0.9
609,ResNet+AE,1.0,0.5,0.0,0.0,1.0
610,ResNet+AE,1.0,0.5,0.0,0.0,1.0
611,ResNet+AE,0.7273,0.3,0.0,0.0,0.8
612,ResNet+AE,0.9091,0.5,0.0,0.0,0.9091
613,ResNet+AE,0.9091,0.5,0.0,0.0,0.9091
614,ResNet+AE,0.9091,0.5,0.0,0.0,1.0
615,ResNet+AE,0.8182,0.2,0.0,0.0,0.9
616,ResNet+AE,0.8182,0.6667,0.0,0.0,1.0
617,ResNet+AE,0.8182,0.5,0.0,0.0,0.9
618,ResNet+AE,1.0,0.5,0.0,0.0,1.0
619,ResNet+AE,0.7273,0.625,0.0,0.0,1.0
620,ResNet+AE,0.9091,0.5,0.0,0.0,0.9091
621,ResNet+AE,0.7273,0.6,0.0,0.0,0.8
622,ResNet+AE,0.8182,0.5,0.0,0.0,0.9
623,ResNet+AE,0.7273,0.7778,0.0,0.0,0.8889
624,ResNet+AE,0.8182,0.5,0.0,0.0,0.8182
625,ResNet+AE,0.9091,0.5,0.0,0.0,0.9091
626,ResNet+AE,0.6364,0.375,0.0,0.0,0.875
627,ResNet+AE,0.6364,0.5,0.0,0.0,0.6364
628,ResNet+AE,0.6364,0.2,0.0,0.0,0.7
629,ResNet+AE,0.8182,0.5,0.0,0.0,0.8182
630,ResNet+AE,0.8182,0.5,0.0,0.0,0.9
631,ResNet+AE,0.9091,0.5,0.0,0.0,0.9091
632,ResNet+AE,0.9091,0.6,0.0,0.0,1.0
633,ResNet+AE,0.9091,0.5,0.0,0.0,0.9091
634,ResNet+AE,1.0,0.5,0.0,0.0,1.0
635,ResNet+AE,0.7273,0.4444,0.0,0.0,0.8889
636,ResNet+AE,0.9091,0.5,0.0,0.0,0.9091
637,ResNet+AE,0.8182,0.6667,0.0,0.0,1.0
638,ResNet+AE,0.7273,0.4,0.0,0.0,0.8
639,ResNet+AE,1.0,0.5,0.0,0.0,1.0
640,ResNet+AE,0.7273,0.4,0.0,0.0,0.8
641,ResNet+AE,0.8182,0.8,0.0,0.0,0.9
642,ResNet+AE,0.8182,0.5,0.0,0.0,0.8182
643,ResNet+AE,0.7273,0.5,0.0,0.0,0.7273
644,ResNet+AE,0.7273,0.5556,0.0,0.0,0.8889
645,ResNet+AE,0.9091,0.6,0.0,0.0,1.0
646,ResNet+AE,0.8182,0.3333,0.0,0.0,1.0
647,ResNet+AE,1.0,0.5,0.0,0.0,1.0
648,ResNet+AE,1.0,0.5,0.0,0.0,1.0
649,ResNet+AE,0.9091,0.4,0.0,0.0,1.0
650,ResNet+AE,0.7273,0.5,0.0,0.0,0.8
651,ResNet+AE,0.9091,0.5,0.0,0.0,0.9091
652,ResNet+AE,0.7273,0.6,0.0,0.0,0.8
653,ResNet+AE,0.9091,0.5,0.0,0.0,0.9091
654,ResNet+AE,0.9091,0.5,0.0,0.0,0.9091
655,ResNet+AE,0.7273,0.3333,0.0,0.0,0.8889
656,ResNet+AE,0.9091,0.5,0.0,0.0,0.9091
657,ResNet+AE,0.9091,0.4,0.0,0.0,1.0
658,ResNet+AE,0.8182,0.6,0.0,0.0,0.9
659,ResNet+AE,0.9091,0.5,0.0,0.0,1.0
660,ResNet+AE,0.4545,0.3,0.0,0.0,0.5
661,ResNet+AE,1.0,0.5,0.0,0.0,1.0
662,ResNet+AE,0.6364,0.5,0.0,0.0,0.7
663,ResNet+AE,0.8182,0.5,0.0,0.0,0.8182
664,ResNet+AE,0.8182,0.5,0.0,0.0,0.8182
665,ResNet+AE,0.9091,0.5,0.0,0.0,0.9091
666,ResNet+AE,0.8182,0.7,0.0,0.0,0.9
667,ResNet+AE,0.3636,0.25,0.0,0.0,0.5
668,ResNet+AE,0.9091,0.5,0.0,0.0,0.9091
669,ResNet+AE,0.8182,0.6,0.0,0.0,0.9
670,ResNet+AE,0.8182,0.5,0.0,0.0,0.8182
671,ResNet+AE,0.7273,0.3333,0.0,0.0,0.8889
672,ResNet+AE,0.9091,0.5,0.0,0.0,0.9091
673,ResNet+AE,0.7273,0.625,0.0,0.0,1.0
674,ResNet+AE,0.7273,0.2222,0.0,0.0,0.8889
675,ResNet+AE,0.9091,0.5,0.0,0.0,0.9091
676,ResNet+AE,1.0,0.5,0.0,0.0,1.0
677,ResNet+AE,0.9091,0.6,0.0,0.0,1.0
678,ResNet+AE,1.0,0.5,0.0,0.0,1.0
679,ResNet+AE,1.0,0.5,0.0,0.0,1.0
680,ResNet+AE,0.8182,0.5,0.0,0.0,0.8182
681,ResNet+AE,0.8182,0.6667,0.0,0.0,1.0
682,ResNet+AE,0.9091,0.9,0.0,0.0,1.0
683,ResNet+AE,0.9091,0.5,0.0,0.0,0.9091
684,ResNet+AE,0.8182,0.3333,0.0,0.0,1.0
685,ResNet+AE,0.8182,0.6,0.0,0.0,0.9
686,ResNet+AE,0.7273,0.4,0.0,0.0,0.8
687,ResNet+AE,0.7273,0.6,0.0,0.0,0.8
688,ResNet+AE,1.0,0.5,0.0,0.0,1.0
689,ResNet+AE,0.9091,0.5,0.0,0.0,1.0
690,ResNet+AE,0.7273,0.5,0.0,0.0,0.7273
691,ResNet+AE,0.6364,0.6667,0.0,0.0,0.7778
692,ResNet+AE,0.6364,0.5,0.0,0.0,0.7
693,ResNet+AE,0.8182,0.5,0.0,0.0,0.8182
694,ResNet+AE,1.0,0.5,0.0,0.0,1.0
695,ResNet+AE,0.8182,0.5556,0.0,0.0,1.0
696,ResNet+AE,0.8182,0.5,0.0,0.0,0.8182
697,ResNet+AE,0.7273,0.4444,0.0,0.0,0.8889
698,ResNet+AE,0.8182,0.5,0.0,0.0,0.9
699,ResNet+AE,0.8182,0.5,0.0,0.0,0.8182
700,ResNet+AE,0.6364,0.5,0.0,0.0,0.7
701,ResNet+AE,0.8182,0.6667,0.0,0.0,1.0
702,ResNet+AE,0.5455,0.5,0.0,0.0,0.6
703,ResNet+AE,0.6364,0.3333,0.0,0.0,0.7778
704,ResNet+AE,1.0,0.5,0.0,0.0,1.0
705,ResNet+AE,0.7273,0.75,0.0,0.0,1.0
706,ResNet+AE,0.9091,0.5,0.0,0.0,0.9091
707,ResNet+AE,0.9091,0.5,0.0,0.0,0.9091
708,ResNet+AE,0.9091,0.7,0.0,0.0,1.0
709,ResNet+AE,0.9091,0.5,0.0,0.0,0.9091
710,ResNet+AE,0.7273,0.75,0.0,0.0,1.0
711,ResNet+AE,0.8182,0.3,0.0,0.0,0.9
712,ResNet+AE,0.7273,0.6667,0.0,0.0,0.8889
713,ResNet+AE,1.0,0.5,0.0,0.0,1.0
714,ResNet+AE,0.9091,0.9,0.0,0.0,1.0
715,ResNet+AE,0.8182,0.6,0.0,0.0,0.9
716,ResNet+AE,0.8182,0.6,0.0,0.0,0.9
717,ResNet+AE,0.8182,0.7,0.0,0.0,0.9
718,ResNet+AE,0.8182,0.5,0.0,0.0,0.8182
719,ResNet+AE,0.9091,0.8,0.0,0.0,1.0
720,ResNet+AE,0.7273,0.4444,0.0,0.0,0.8889
721,ResNet+AE,0.7273,0.75,0.0,0.0,1.0
722,ResNet+AE,0.9091,0.5,0.0,0.0,0.9091
723,ResNet+AE,0.5455,0.1111,0.0,0.0,0.6667
724,ResNet+AE,0.9091,0.5,0.0,0.0,0.9091
725,ResNet+AE,0.7273,0.2222,0.0,0.0,0.8889
726,ResNet+AE,0.8182,0.3333,0.0,0.0,1.0
727,ResNet+AE,0.7273,0.5,0.0,0.0,0.7273
728,ResNet+AE,0.6364,0.6,0.0,0.0,0.7
729,ResNet+AE,0.7273,0.7,0.0,0.0,0.8
730,ResNet+AE,0.7273,0.3,0.0,0.0,0.8
731,ResNet+AE,0.8182,0.6,0.0,0.0,0.9
732,ResNet+AE,0.9091,0.5,0.0,0.0,0.9091
733,ResNet+AE,1.0,0.5,0.0,0.0,1.0
734,ResNet+AE,0.7273,0.5556,0.0,0.0,0.8889
735,ResNet+AE,0.9091,0.5,0.0,0.0,1.0
736,ResNet+AE,0.4545,0.125,0.0,0.0,0.625
737,ResNet+AE,0.8182,0.4444,0.0,0.0,1.0
738,ResNet+AE,1.0,0.5,0.0,0.0,1.0
739,ResNet+AE,0.8182,0.4444,0.0,0.0,1.0
740,ResNet+AE,1.0,0.5,0.0,0.0,1.0
741,ResNet+AE,0.9091,0.6,0.0,0.0,1.0
742,ResNet+AE,0.6364,0.5,0.0,0.0,0.6364
743,ResNet+AE,0.8182,0.5,0.0,0.0,0.8182
744,ResNet+AE,0.8182,0.7778,0.0,0.0,1.0
745,ResNet+AE,0.9091,0.5,0.0,0.0,0.9091
746,ResNet+AE,0.9091,0.5,0.0,0.0,1.0
747,ResNet+AE,0.6364,0.4,0.0,0.0,0.7
748,ResNet+AE,0.8182,0.5,0.0,0.0,0.8182
749,ResNet+AE,0.9091,0.5,0.0,0.0,0.9091
750,ResNet+AE,0.8182,0.7,0.0,0.0,0.9
751,ResNet+AE,0.7273,0.4444,0.0,0.0,0.8889
752,ResNet+AE,0.6364,0.4444,0.0,0.0,0.7778
753,ResNet+AE,0.8182,0.5,0.0,0.0,0.9
754,ResNet+AE,0.9091,0.2,0.0,0.0,1.0
755,ResNet+AE,0.9091,0.5,0.0,0.0,0.9091
756,ResNet+AE,0.9091,0.4,0.0,0.0,1.0
757,ResNet+AE,0.9091,0.5,0.0,0.0,0.9091
758,ResNet+AE,0.8182,0.6,0.0,0.0,0.9
759,ResNet+AE,1.0,0.5,0.0,0.0,1.0
760,ResNet+AE,0.7273,0.5,0.0,0.0,1.0
761,ResNet+AE,0.8182,0.5,0.0,0.0,0.9
762,ResNet+AE,0.8182,0.6,0.0,0.0,0.9
763,ResNet+AE,0.7273,0.5,0.0,0.0,0.7273
764,ResNet+AE,0.9091,0.5,0.0,0.0,1.0
765,ResNet+AE,0.8182,0.5,0.0,0.0,0.8182
766,ResNet+AE,0.9091,0.5,0.0,0.0,0.9091
767,ResNet+AE,1.0,0.5,0.0,0.0,1.0
768,ResNet+AE,1.0,0.5,0.0,0.0,1.0
769,ResNet+AE,0.7273,0.5,0.0,0.0,0.7273
770,ResNet+AE,0.6364,0.3333,0.0,0.0,0.7778
771,ResNet+AE,0.9091,0.5,0.0,0.0,0.9091
772,ResNet+AE,0.7273,0.875,0.0,0.0,1.0
773,ResNet+AE,0.8182,0.7,0.0,0.0,0.9
774,ResNet+AE,0.7273,0.25,0.0,0.0,1.0
775,ResNet+AE,0.7273,0.3333,0.0,0.0,0.8889
776,ResNet+AE,0.8182,0.5,0.0,0.0,0.8182
777,ResNet+AE,0.9091,0.7,0.0,0.0,1.0
778,ResNet+AE,0.7273,0.6,0.0,0.0,0.8
779,ResNet+AE,1.0,0.5,0.0,0.0,1.0
780,ResNet+AE,0.8182,0.7,0.0,0.0,0.9
781,ResNet+AE,0.8182,0.5,0.0,0.0,0.8182
782,ResNet+AE,0.9091,0.5,0.0,0.0,0.9091
783,ResNet+AE,0.7273,0.4444,0.0,0.0,0.8889
784,ResNet+AE,0.8182,0.5,0.0,0.0,0.9
785,ResNet+AE,1.0,0.5,0.0,0.0,1.0
786,ResNet+AE,0.7273,0.6,0.0,0.0,0.8
787,ResNet+AE,0.9091,0.5,0.0,0.0,1.0
788,ResNet+AE,0.8182,0.5,0.0,0.0,0.8182
789,ResNet+AE,0.7273,0.4,0.0,0.0,0.8
790,ResNet+AE,0.9091,0.5,0.0,0.0,0.9091
791,ResNet+AE,0.9091,0.5,0.0,0.0,1.0
792,ResNet+AE,0.9091,0.7,0.0,0.0,1.0
793,ResNet+AE,1.0,0.5,0.0,0.0,1.0
794,ResNet+AE,0.9091,0.5,0.0,0.0,1.0
795,ResNet+AE,0.5455,0.625,0.0,0.0,0.75
796,ResNet+AE,0.8182,0.5,0.0,0.0,0.8182
797,ResNet+AE,0.8182,0.3,0.0,0.0,0.9
798,ResNet+AE,1.0,0.5,0.0,0.0,1.0
799,ResNet+AE,0.9091,0.5,0.0,0.0,1.0
800,ResNet+AE,0.8182,0.4,0.0,0.0,0.9
801,ResNet+AE,0.7273,0.4,0.0,0.0,0.8
802,ResNet+AE,0.8182,0.7778,0.0,0.0,1.0
803,ResNet+AE,1.0,0.5,0.0,0.0,1.0
804,ResNet+AE,0.8182,0.5,0.0,0.0,0.8182
805,ResNet+AE,0.8182,0.2222,0.0,0.0,1.0
806,ResNet+AE,0.9091,0.5,0.0,0.0,0.9091
807,ResNet+AE,0.8182,0.5556,0.0,0.0,1.0
808,ResNet+AE,0.9091,0.6,0.0,0.0,1.0
809,ResNet+AE,1.0,0.5,0.0,0.0,1.0
810,ResNet+AE,0.7273,0.5556,0.0,0.0,0.8889
811,ResNet+AE,0.7273,0.5556,0.0,0.0,0.8889
812,ResNet+AE,0.8182,0.5,0.0,0.0,0.8182
813,ResNet+AE,0.6364,0.3333,0.0,0.0,0.7778
814,ResNet+AE,0.7273,0.3,0.0,0.0,0.8
815,ResNet+AE,0.7273,0.5,0.0,0.0,0.7273
816,ResNet+AE,0.8182,0.5,0.0,0.0,0.8182
817,ResNet+AE,0.9091,0.5,0.0,0.0,1.0
818,ResNet+AE,0.7273,0.3333,0.0,0.0,0.8889
819,ResNet+AE,0.7273,0.6667,0.0,0.0,0.8889
820,ResNet+AE,0.9091,0.9,0.0,0.0,1.0
821,ResNet+AE,0.8182,0.7778,0.0,0.0,1.0
822,ResNet+AE,0.8182,0.4,0.0,0.0,0.9
823,ResNet+AE,0.8182,0.4444,0.0,0.0,1.0
824,ResNet+AE,1.0,0.5,0.0,0.0,1.0
825,ResNet+AE,1.0,0.5,0.0,0.0,1.0
826,ResNet+AE,0.9091,0.5,0.0,0.0,0.9091
827,ResNet+AE,0.6364,0.4444,0.0,0.0,0.7778
828,ResNet+AE,0.9091,0.7,0.0,0.0,1.0
829,ResNet+AE,0.8182,0.4,0.0,0.0,0.9
830,ResNet+AE,0.8182,0.7778,0.0,0.0,1.0
831,ResNet+AE,0.8182,0.5,0.0,0.0,0.8182
832,ResNet+AE,1.0,0.5,0.0,0.0,1.0
833,ResNet+AE,0.9091,0.5,0.0,0.0,0.9091
834,ResNet+AE,0.7273,0.6,0.0,0.0,0.8
835,ResNet+AE,0.8182,0.4444,0.0,0.0,1.0
836,ResNet+AE,0.8182,0.5,0.0,0.0,0.8182
837,ResNet+AE,0.9091,0.5,0.0,0.0,0.9091
838,ResNet+AE,0.9091,0.5,0.0,0.0,0.9091
839,ResNet+AE,0.9091,0.7,0.0,0.0,1.0
840,ResNet+AE,0.9091,0.5,0.0,0.0,1.0
841,ResNet+AE,0.9091,0.5,0.0,0.0,0.9091
842,ResNet+AE,0.9091,0.5,0.0,0.0,0.9091
843,ResNet+AE,0.8182,0.5,0.0,0.0,0.9
844,ResNet+AE,0.9091,0.5,0.0,0.0,0.9091
845,ResNet+AE,0.8182,0.5556,0.0,0.0,1.0
846,ResNet+AE,0.8182,0.6667,0.0,0.0,1.0
847,ResNet+AE,0.8182,0.6667,0.0,0.0,1.0
848,ResNet+AE,0.8182,0.6,0.0,0.0,0.9
849,ResNet+AE,0.8182,0.5,0.0,0.0,0.9
850,ResNet+AE,0.9091,0.5,0.0,0.0,0.9091
851,ResNet+AE,0.6364,0.4,0.0,0.0,0.7
852,ResNet+AE,0.9091,0.4,0.0,0.0,1.0
853,ResNet+AE,0.7273,0.25,0.0,0.0,1.0
854,ResNet+AE,1.0,0.5,0.0,0.0,1.0
855,ResNet+AE,0.9091,0.9,0.0,0.0,1.0
856,ResNet+AE,0.7273,0.5556,0.0,0.0,0.8889
857,ResNet+AE,0.7273,0.4,0.0,0.0,0.8
858,ResNet+AE,0.6364,0.5556,0.0,0.0,0.7778
859,ResNet+AE,0.8182,0.6,0.0,0.0,0.9
860,ResNet+AE,0.8182,0.5556,0.0,0.0,1.0
861,ResNet+AE,0.9091,0.3,0.0,0.0,1.0
862,ResNet+AE,0.6364,0.5,0.0,0.0,0.7
863,ResNet+AE,0.7273,0.4444,0.0,0.0,0.8889
864,ResNet+AE,0.6364,0.4,0.0,0.0,0.7
865,ResNet+AE,0.8182,0.5,0.0,0.0,0.8182
866,ResNet+AE,0.9091,0.7,0.0,0.0,1.0
867,ResNet+AE,0.9091,0.5,0.0,0.0,1.0
868,ResNet+AE,0.7273,0.6,0.0,0.0,0.8
869,ResNet+AE,0.9091,0.5,0.0,0.0,1.0
870,ResNet+AE,1.0,0.5,0.0,0.0,1.0
871,ResNet+AE,0.9091,0.5,0.0,0.0,0.9091
872,ResNet+AE,0.6364,0.3,0.0,0.0,0.7
873,ResNet+AE,0.8182,0.5,0.0,0.0,0.8182
874,ResNet+AE,0.7273,0.4,0.0,0.0,0.8
875,ResNet+AE,0.9091,0.7,0.0,0.0,1.0
876,ResNet+AE,0.7273,0.3,0.0,0.0,0.8
877,ResNet+AE,0.7273,0.3333,0.0,0.0,0.8889
878,ResNet+AE,0.9091,0.7,0.0,0.0,1.0
879,ResNet+AE,1.0,0.5,0.0,0.0,1.0
880,ResNet+AE,0.9091,0.4,0.0,0.0,1.0
881,ResNet+AE,0.8182,0.6667,0.0,0.0,1.0
882,ResNet+AE,0.8182,0.4444,0.0,0.0,1.0
883,ResNet+AE,0.9091,0.5,0.0,0.0,1.0
884,ResNet+AE,0.9091,0.4,0.0,0.0,1.0
885,ResNet+AE,0.8182,0.5,0.0,0.0,0.9
886,ResNet+AE,0.6364,0.5,0.0,0.0,0.875
887,ResNet+AE,0.8182,0.7,0.0,0.0,0.9
888,ResNet+AE,0.9091,0.8,0.0,0.0,1.0
889,ResNet+AE,0.6364,0.3,0.0,0.0,0.7
890,ResNet+AE,0.7273,0.625,0.0,0.0,1.0
891,ResNet+AE,0.7273,0.4444,0.0,0.0,0.8889
892,ResNet+AE,0.8182,0.5556,0.0,0.0,1.0
893,ResNet+AE,0.7273,0.4444,0.0,0.0,0.8889
894,ResNet+AE,0.7273,0.25,0.0,0.0,1.0
895,ResNet+AE,0.8182,0.6,0.0,0.0,0.9
896,ResNet+AE,0.9091,0.5,0.0,0.0,0.9091
897,ResNet+AE,0.7273,0.6667,0.0,0.0,0.8889
898,ResNet+AE,0.9091,0.5,0.0,0.0,0.9091
899,ResNet+AE,0.9091,0.7,0.0,0.0,1.0
900,ResNet+AE,0.8182,0.5,0.0,0.0,0.9
901,ResNet+AE,0.8182,0.5,0.0,0.0,0.9
902,ResNet+AE,0.9091,0.8,0.0,0.0,1.0
903,ResNet+AE,0.7273,0.4444,0.0,0.0,0.8889
904,ResNet+AE,0.7273,0.5,0.0,0.0,0.8
905,ResNet+AE,0.6364,0.5556,0.0,0.0,0.7778
906,ResNet+AE,0.5455,0.3,0.0,0.0,0.6
907,ResNet+AE,0.8182,0.2222,0.0,0.0,1.0
908,ResNet+AE,0.8182,0.5,0.0,0.0,0.9
909,ResNet+AE,0.9091,0.5,0.0,0.0,0.9091
910,ResNet+AE,0.9091,0.5,0.0,0.0,1.0
911,ResNet+AE,0.8182,0.6,0.0,0.0,0.9
912,ResNet+AE,0.6364,0.6,0.0,0.0,0.7
913,ResNet+AE,1.0,0.5,0.0,0.0,1.0
914,ResNet+AE,0.8182,0.6,0.0,0.0,0.9
915,ResNet+AE,0.9091,0.8,0.0,0.0,1.0
916,ResNet+AE,0.9091,0.3,0.0,0.0,1.0
917,ResNet+AE,0.7273,0.5556,0.0,0.0,0.8889
918,ResNet+AE,0.9091,0.3,0.0,0.0,1.0
919,ResNet+AE,0.8182,0.4,0.0,0.0,0.9
920,ResNet+AE,0.7273,0.4,0.0,0.0,0.8
921,ResNet+AE,0.9091,0.5,0.0,0.0,0.9091
922,ResNet+AE,1.0,0.5,0.0,0.0,1.0
923,ResNet+AE,0.7273,0.5556,0.0,0.0,0.8889
924,ResNet+AE,0.8182,0.5556,0.0,0.0,1.0
925,ResNet+AE,0.8182,0.2222,0.0,0.0,1.0
926,ResNet+AE,0.9091,0.4,0.0,0.0,1.0
927,ResNet+AE,0.9091,0.7,0.0,0.0,1.0
928,ResNet+AE,0.8182,0.6,0.0,0.0,0.9
929,ResNet+AE,0.8182,0.6,0.0,0.0,0.9
930,ResNet+AE,0.9091,0.5,0.0,0.0,0.9091
931,ResNet+AE,0.9091,0.4,0.0,0.0,1.0
932,ResNet+AE,0.6364,0.4,0.0,0.0,0.7
933,ResNet+AE,0.8182,0.6667,0.0,0.0,1.0
934,ResNet+AE,0.9091,0.7,0.0,0.0,1.0
935,ResNet+AE,0.9091,0.5,0.0,0.0,0.9091
936,ResNet+AE,0.9091,0.5,0.0,0.0,0.9091
937,ResNet+AE,0.8182,0.5,0.0,0.0,0.8182
938,ResNet+AE,1.0,0.5,0.0,0.0,1.0
939,ResNet+AE,0.7273,0.5556,0.0,0.0,0.8889
940,ResNet+AE,0.7273,0.875,0.0,0.0,1.0
941,ResNet+AE,1.0,0.5,0.0,0.0,1.0
942,ResNet+AE,0.9091,0.6,0.0,0.0,1.0
943,ResNet+AE,0.8182,0.6,0.0,0.0,0.9
944,ResNet+AE,0.9091,0.5,0.0,0.0,1.0
945,ResNet+AE,0.7273,0.7778,0.0,0.0,0.8889
946,ResNet+AE,0.8182,0.5,0.0,0.0,0.8182
947,ResNet+AE,0.7273,0.5,0.0,0.0,0.7273
948,ResNet+AE,0.8182,0.6667,0.0,0.0,1.0
949,ResNet+AE,0.6364,0.5,0.0,0.0,0.6364
950,ResNet+AE,0.6364,0.25,0.0,0.0,0.875
951,ResNet+AE,0.9091,0.5,0.0,0.0,0.9091
952,ResNet+AE,0.9091,0.7,0.0,0.0,1.0
953,ResNet+AE,0.8182,0.6667,0.0,0.0,1.0
954,ResNet+AE,0.9091,0.5,0.0,0.0,0.9091
955,ResNet+AE,0.8182,0.5,0.0,0.0,0.8182
956,ResNet+AE,0.8182,0.5,0.0,0.0,0.8182
957,ResNet+AE,1.0,0.5,0.0,0.0,1.0
958,ResNet+AE,0.8182,0.5,0.0,0.0,0.8182
959,ResNet+AE,0.7273,0.5,0.0,0.0,0.7273
960,ResNet+AE,0.9091,0.6,0.0,0.0,1.0
961,ResNet+AE,0.8182,0.5,0.0,0.0,0.8182
962,ResNet+AE,0.8182,0.4444,0.0,0.0,1.0
963,ResNet+AE,1.0,0.5,0.0,0.0,1.0
964,ResNet+AE,0.5455,0.4444,0.0,0.0,0.6667
965,ResNet+AE,0.9091,0.8,0.0,0.0,1.0
966,ResNet+AE,0.8182,0.3,0.0,0.0,0.9
967,ResNet+AE,0.7273,0.7,0.0,0.0,0.8
968,ResNet+AE,0.9091,0.5,0.0,0.0,0.9091
969,ResNet+AE,0.9091,0.8,0.0,0.0,1.0
970,ResNet+AE,1.0,0.5,0.0,0.0,1.0
971,ResNet+AE,0.8182,0.9,0.0,0.0,0.9
972,ResNet+AE,0.6364,0.7143,0.0,0.0,1.0
973,ResNet+AE,0.8182,0.5,0.0,0.0,0.9
974,ResNet+AE,0.6364,0.4,0.0,0.0,0.7
975,ResNet+AE,0.7273,0.5,0.0,0.0,0.7273
976,ResNet+AE,1.0,0.5,0.0,0.0,1.0
977,ResNet+AE,0.7273,0.7,0.0,0.0,0.8
978,ResNet+AE,0.9091,0.5,0.0,0.0,0.9091
979,ResNet+AE,1.0,0.5,0.0,0.0,1.0
980,ResNet+AE,0.8182,0.4,0.0,0.0,0.9
981,ResNet+AE,0.7273,0.5,0.0,0.0,0.7273
982,ResNet+AE,0.7273,0.5,0.0,0.0,0.7273
983,ResNet+AE,0.7273,0.6667,0.0,0.0,0.8889
984,ResNet+AE,0.7273,0.5,0.0,0.0,0.8
985,ResNet+AE,1.0,0.5,0.0,0.0,1.0
986,ResNet+AE,0.8182,0.2222,0.0,0.0,1.0
987,ResNet+AE,0.8182,0.5556,0.0,0.0,1.0
988,ResNet+AE,0.9091,0.5,0.0,0.0,0.9091
989,ResNet+AE,0.7273,0.4,0.0,0.0,0.8
990,ResNet+AE,0.9091,0.8,0.0,0.0,1.0
991,ResNet+AE,0.7273,0.6667,0.0,0.0,0.8889
992,ResNet+AE,0.8182,0.4,0.0,0.0,0.9
993,ResNet+AE,0.9091,0.5,0.0,0.0,1.0
994,ResNet+AE,0.9091,0.4,0.0,0.0,1.0
995,ResNet+AE,0.8182,0.5,0.0,0.0,0.8182
996,ResNet+AE,0.9091,0.5,0.0,0.0,0.9091
997,ResNet+AE,0.6364,0.25,0.0,0.0,0.875
998,ResNet+AE,0.7273,0.4,0.0,0.0,0.8
999,ResNet+AE,0.7273,0.1111,0.0,0.0,0.8889
1000,ResNet+AE,0.9091,0.5,0.0,0.0,0.9091
1,ResNet,0.7273,0.2,0.0,0.0,0.8
2,ResNet,1.0,0.5,0.0,0.0,1.0
3,ResNet,0.8182,0.0,0.0,0.0,0.9
4,ResNet,0.7273,0.5,0.0,0.0,0.7273
5,ResNet,0.8182,0.5,0.0,0.0,0.8182
6,ResNet,0.6364,0.0,0.0,0.0,0.7
7,ResNet,0.6364,0.0,0.0,0.0,0.7
8,ResNet,0.5455,0.5,0.0,0.0,0.5455
9,ResNet,0.4545,0.1667,0.0,0.0,0.8333
10,ResNet,0.9091,0.5,0.0,0.0,0.9091
11,ResNet,0.7273,0.1111,0.0,0.0,0.8889
12,ResNet,0.7273,0.5,0.0,0.0,0.7273
13,ResNet,0.6364,0.5,0.0,0.0,0.6364
14,ResNet,0.8182,0.1,0.0,0.0,0.9
15,ResNet,0.5455,0.5,0.0,0.0,0.5455
16,ResNet,0.9091,0.5,0.0,0.0,0.9091
17,ResNet,0.7273,0.0,0.0,0.0,0.8
18,ResNet,0.6364,0.25,0.0,0.0,0.875
19,ResNet,0.8182,0.5,0.0,0.0,0.8182
20,ResNet,0.7273,0.0,0.0,0.0,0.8889
21,ResNet,0.7273,0.1,0.0,0.0,0.8
22,ResNet,0.9091,0.5,0.0,0.0,0.9091
23,ResNet,0.8182,0.3333,0.0,0.0,1.0
24,ResNet,0.7273,0.1,0.0,0.0,0.8
25,ResNet,0.7273,0.5,0.0,0.0,0.7273
26,ResNet,0.7273,0.1111,0.0,0.0,0.8889
27,ResNet,0.7273,0.2,0.0,0.0,0.8
28,ResNet,0.9091,0.1,0.0,0.0,1.0
29,ResNet,0.5455,0.1111,0.0,0.0,0.6667
30,ResNet,0.8182,0.2,0.0,0.0,0.9
31,ResNet,0.7273,0.0,0.0,0.0,1.0
32,ResNet,0.6364,0.2222,0.0,0.0,0.7778
33,ResNet,0.6364,0.5,0.0,0.0,0.6364
34,ResNet,0.8182,0.5,0.0,0.0,0.8182
35,ResNet,0.6364,0.375,0.0,0.0,0.875
36,ResNet,0.6364,0.1111,0.0,0.0,0.7778
37,ResNet,0.3636,0.0,0.0,0.0,0.4
38,ResNet,0.8182,0.5,0.0,0.0,0.8182
39,ResNet,0.7273,0.1111,0.0,0.0,0.8889
40,ResNet,0.9091,0.5,0.0,0.0,0.9091
41,ResNet,0.9091,0.4,0.0,0.0,1.0
42,ResNet,0.8182,0.5,0.0,0.0,0.8182
43,ResNet,0.8182,0.1,0.0,0.0,0.9
44,ResNet,0.8182,0.1,0.0,0.0,0.9
45,ResNet,0.7273,0.25,0.0,0.0,1.0
46,ResNet,0.5455,0.0,0.0,0.0,1.0
47,ResNet,0.7273,0.0,0.0,0.0,0.8
48,ResNet,0.7273,0.5,0.0,0.0,0.7273
49,ResNet,0.6364,0.5,0.0,0.0,0.6364
50,ResNet,0.7273,0.4,0.0,0.0,0.8
51,ResNet,0.8182,0.3,0.0,0.0,0.9
52,ResNet,0.8182,0.5,0.0,0.0,0.8182
53,ResNet,0.8182,0.5,0.0,0.0,0.8182
54,ResNet,0.6364,0.2,0.0,0.0,0.7
55,ResNet,0.7273,0.5,0.0,0.0,0.7273
56,ResNet,0.6364,0.1,0.0,0.0,0.7
57,ResNet,0.9091,0.5,0.0,0.0,0.9091
58,ResNet,0.6364,0.2,0.0,0.0,0.7
59,ResNet,0.8182,0.5,0.0,0.0,0.8182
60,ResNet,0.7273,0.5,0.0,0.0,0.7273
61,ResNet,0.8182,0.5,0.0,0.0,0.8182
62,ResNet,0.6364,0.0,0.0,0.0,0.7
63,ResNet,0.4545,0.0,0.0,0.0,0.7143
64,ResNet,0.6364,0.1,0.0,0.0,0.7
65,ResNet,1.0,0.5,0.0,0.0,1.0
66,ResNet,0.7273,0.3,0.0,0.0,0.8
67,ResNet,0.9091,0.5,0.0,0.0,0.9091
68,ResNet,0.8182,0.4,0.0,0.0,0.9
69,ResNet,0.4545,0.125,0.0,0.0,0.625
70,ResNet,0.5455,0.0,0.0,0.0,0.6667
71,ResNet,0.8182,0.5,0.0,0.0,0.8182
72,ResNet,0.6364,0.5,0.0,0.0,0.6364
73,ResNet,0.4545,0.1,0.0,0.0,0.5
74,ResNet,0.9091,0.5,0.0,0.0,0.9091
75,ResNet,0.5455,0.0,0.0,0.0,0.6
76,ResNet,0.9091,0.5,0.0,0.0,0.9091
77,ResNet,0.7273,0.3333,0.0,0.0,0.8889
78,ResNet,0.9091,0.5,0.0,0.0,0.9091
79,ResNet,0.7273,0.1111,0.0,0.0,0.8889
80,ResNet,0.5455,0.3,0.0,0.0,0.6
81,ResNet,0.6364,0.5,0.0,0.0,0.6364
82,ResNet,0.8182,0.2,0.0,0.0,0.9
83,ResNet,0.7273,0.3333,0.0,0.0,0.8889
84,ResNet,0.9091,0.5,0.0,0.0,0.9091
85,ResNet,0.7273,0.5,0.0,0.0,0.7273
86,ResNet,0.6364,0.1111,0.0,0.0,0.7778
87,ResNet,0.8182,0.5,0.0,0.0,0.8182
88,ResNet,0.6364,0.5,0.0,0.0,0.6364
89,ResNet,0.6364,0.1,0.0,0.0,0.7
90,ResNet,0.8182,0.2,0.0,0.0,0.9
91,ResNet,0.7273,0.1,0.0,0.0,0.8
92,ResNet,0.6364,0.2222,0.0,0.0,0.7778
93,ResNet,0.8182,0.3,0.0,0.0,0.9
94,ResNet,1.0,0.5,0.0,0.0,1.0
95,ResNet,0.7273,0.1,0.0,0.0,0.8
96,ResNet,0.8182,0.0,0.0,0.0,1.0
97,ResNet,1.0,0.5,0.0,0.0,1.0
98,ResNet,0.7273,0.0,0.0,0.0,0.8
99,ResNet,0.8182,0.5,0.0,0.0,0.8182
100,ResNet,0.7273,0.2222,0.0,0.0,0.8889
101,ResNet,0.8182,0.2,0.0,0.0,0.9
102,ResNet,0.7273,0.1,0.0,0.0,0.8
103,ResNet,0.9091,0.5,0.0,0.0,0.9091
104,ResNet,0.6364,0.5,0.0,0.0,0.6364
105,ResNet,0.6364,0.5,0.0,0.0,0.6364
106,ResNet,0.9091,0.5,0.0,0.0,0.9091
107,ResNet,0.9091,0.1,0.0,0.0,1.0
108,ResNet,0.6364,0.2,0.0,0.0,0.7
109,ResNet,0.6364,0.0,0.0,0.0,0.7
110,ResNet,0.8182,0.2,0.0,0.0,0.9
111,ResNet,0.8182,0.5,0.0,0.0,0.8182
112,ResNet,0.7273,0.0,0.0,0.0,0.8
113,ResNet,0.5455,0.0,0.0,0.0,0.75
114,ResNet,0.6364,0.1,0.0,0.0,0.7
115,ResNet,0.8182,0.1,0.0,0.0,0.9
116,ResNet,0.9091,0.0,0.0,0.0,1.0
117,ResNet,0.5455,0.0,0.0,0.0,0.6
118,ResNet,0.6364,0.3333,0.0,0.0,0.7778
119,ResNet,0.9091,0.5,0.0,0.0,0.9091
120,ResNet,0.6364,0.0,0.0,0.0,0.7778
121,ResNet,0.6364,0.125,0.0,0.0,0.875
122,ResNet,0.6364,0.5,0.0,0.0,0.6364
123,ResNet,0.8182,0.5,0.0,0.0,0.8182
124,ResNet,0.7273,0.0,0.0,0.0,0.8889
125,ResNet,0.6364,0.1,0.0,0.0,0.7
126,ResNet,0.5455,0.1111,0.0,0.0,0.6667
127,ResNet,0.6364,0.5,0.0,0.0,0.6364
128,ResNet,0.7273,0.2,0.0,0.0,0.8
129,ResNet,0.6364,0.0,0.0,0.0,0.7
130,ResNet,0.6364,0.0,0.0,0.0,0.7778
131,ResNet,0.8182,0.0,0.0,0.0,0.9
132,ResNet,0.8182,0.5,0.0,0.0,0.8182
133,ResNet,0.7273,0.4,0.0,0.0,0.8
134,ResNet,0.6364,0.5,0.0,0.0,0.6364
135,ResNet,0.7273,0.1,0.0,0.0,0.8
136,ResNet,0.7273,0.2,0.0,0.0,0.8
137,ResNet,0.7273,0.1,0.0,0.0,0.8
138,ResNet,0.7273,0.0,0.0,0.0,0.8889
139,ResNet,0.7273,0.2222,0.0,0.0,0.8889
140,ResNet,0.7273,0.5,0.0,0.0,0.7273
141,ResNet,0.5455,0.0,0.0,0.0,0.75
142,ResNet,0.7273,0.0,0.0,0.0,0.8889
143,ResNet,0.6364,0.5,0.0,0.0,0.6364
144,ResNet,0.6364,0.0,0.0,0.0,0.7778
145,ResNet,0.6364,0.2222,0.0,0.0,0.7778
146,ResNet,0.6364,0.5,0.0,0.0,0.6364
147,ResNet,0.6364,0.125,0.0,0.0,0.875
148,ResNet,0.7273,0.5,0.0,0.0,0.7273
149,ResNet,0.8182,0.5,0.0,0.0,0.8182
150,ResNet,0.4545,0.1,0.0,0.0,0.5
151,ResNet,0.4545,0.5,0.0,0.0,0.4545
152,ResNet,0.5455,0.125,0.0,0.0,0.75
153,ResNet,0.7273,0.3333,0.0,0.0,0.8889
154,ResNet,0.8182,0.5,0.0,0.0,0.8182
155,ResNet,0.8182,0.5,0.0,0.0,0.8182
156,ResNet,0.7273,0.1,0.0,0.0,0.8
157,ResNet,0.8182,0.5,0.0,0.0,0.8182
158,ResNet,0.6364,0.1,0.0,0.0,0.7
159,ResNet,0.6364,0.1111,0.0,0.0,0.7778
160,ResNet,1.0,0.5,0.0,0.0,1.0
161,ResNet,0.7273,0.2,0.0,0.0,0.8
162,ResNet,0.9091,0.5,0.0,0.0,0.9091
163,ResNet,0.7273,0.0,0.0,0.0,0.8
164,ResNet,0.7273,0.5,0.0,0.0,0.7273
165,ResNet,0.7273,0.1,0.0,0.0,0.8
166,ResNet,1.0,0.5,0.0,0.0,1.0
167,ResNet,0.9091,0.5,0.0,0.0,0.9091
168,ResNet,0.7273,0.5,0.0,0.0,0.7273
169,ResNet,0.5455,0.1,0.0,0.0,0.6
170,ResNet,0.9091,0.5,0.0,0.0,0.9091
171,ResNet,1.0,0.5,0.0,0.0,1.0
172,ResNet,0.8182,0.5,0.0,0.0,0.8182
173,ResNet,0.6364,0.0,0.0,0.0,0.7
174,ResNet,0.7273,0.125,0.0,0.0,1.0
175,ResNet,0.7273,0.5,0.0,0.0,0.7273
176,ResNet,0.7273,0.5,0.0,0.0,0.7273
177,ResNet,0.6364,0.1,0.0,0.0,0.7
178,ResNet,0.9091,0.5,0.0,0.0,1.0
179,ResNet,0.9091,0.5,0.0,0.0,0.9091
180,ResNet,0.5455,0.0,0.0,0.0,0.6
181,ResNet,0.5455,0.2222,0.0,0.0,0.6667
182,ResNet,0.6364,0.0,0.0,0.0,1.0
183,ResNet,0.7273,0.1,0.0,0.0,0.8
184,ResNet,0.8182,0.5,0.0,0.0,0.8182
185,ResNet,0.8182,0.5,0.0,0.0,0.8182
186,ResNet,0.6364,0.1111,0.0,0.0,0.7778
187,ResNet,0.9091,0.5,0.0,0.0,0.9091
188,ResNet,0.8182,0.0,0.0,0.0,0.9
189,ResNet,1.0,0.5,0.0,0.0,1.0
190,ResNet,0.6364,0.5,0.0,0.0,0.6364
191,ResNet,0.7273,0.0,0.0,0.0,0.8
192,ResNet,0.6364,0.4,0.0,0.0,0.7
193,ResNet,0.6364,0.1,0.0,0.0,0.7
194,ResNet,0.7273,0.5,0.0,0.0,0.7273
195,ResNet,0.5455,0.1,0.0,0.0,0.6
196,ResNet,0.9091,0.2,0.0,0.0,1.0
197,ResNet,0.7273,0.0,0.0,0.0,0.8
198,ResNet,0.9091,0.5,0.0,0.0,0.9091
199,ResNet,0.8182,0.5,0.0,0.0,0.8182
200,ResNet,0.7273,0.0,0.0,0.0,0.8889
201,ResNet,0.8182,0.3,0.0,0.0,0.9
202,ResNet,0.8182,0.0,0.0,0.0,0.9
203,ResNet,0.7273,0.1,0.0,0.0,0.8
204,ResNet,0.4545,0.1,0.0,0.0,0.5
205,ResNet,0.7273,0.0,0.0,0.0,0.8
206,ResNet,0.9091,0.5,0.0,0.0,0.9091
207,ResNet,0.5455,0.0,0.0,0.0,0.6
208,ResNet,0.5455,0.5,0.0,0.0,0.5455
209,ResNet,0.7273,0.0,0.0,0.0,0.8
210,ResNet,0.8182,0.0,0.0,0.0,0.9
211,ResNet,0.9091,0.5,0.0,0.0,0.9091
212,ResNet,0.9091,0.5,0.0,0.0,0.9091
213,ResNet,0.9091,0.2,0.0,0.0,1.0
214,ResNet,0.9091,0.5,0.0,0.0,0.9091
215,ResNet,0.7273,0.5,0.0,0.0,0.7273
216,ResNet,0.7273,0.2,0.0,0.0,0.8
217,ResNet,0.9091,0.5,0.0,0.0,0.9091
218,ResNet,0.6364,0.2222,0.0,0.0,0.7778
219,ResNet,0.8182,0.1,0.0,0.0,0.9
220,ResNet,0.8182,0.1111,0.0,0.0,1.0
221,ResNet,0.5455,0.2857,0.0,0.0,0.8571
222,ResNet,0.8182,0.1,0.0,0.0,0.9
223,ResNet,0.9091,0.5,0.0,0.0,0.9091
224,ResNet,0.6364,0.1,0.0,0.0,0.7
225,ResNet,0.8182,0.1,0.0,0.0,0.9
226,ResNet,0.9091,0.1,0.0,0.0,1.0
227,ResNet,0.6364,0.0,0.0,0.0,0.7
228,ResNet,0.8182,0.0,0.0,0.0,0.9
229,ResNet,0.8182,0.1,0.0,0.0,0.9
230,ResNet,0.9091,0.1,0.0,0.0,1.0
231,ResNet,0.4545,0.0,0.0,0.0,0.7143
232,ResNet,0.8182,0.2,0.0,0.0,0.9
233,ResNet,0.9091,0.2,0.0,0.0,1.0
234,ResNet,0.7273,0.2,0.0,0.0,0.8
235,ResNet,0.5455,0.1111,0.0,0.0,0.6667
236,ResNet,0.7273,0.0,0.0,0.0,0.8889
237,ResNet,0.5455,0.5,0.0,0.0,0.5455
238,ResNet,1.0,0.5,0.0,0.0,1.0
239,ResNet,0.6364,0.5,0.0,0.0,0.6364
240,ResNet,0.9091,0.5,0.0,0.0,0.9091
241,ResNet,0.6364,0.0,0.0,0.0,0.7
242,ResNet,0.6364,0.1,0.0,0.0,0.7
243,ResNet,0.5455,0.2,0.0,0.0,0.6
244,ResNet,0.6364,0.2,0.0,0.0,0.7
245,ResNet,0.6364,0.0,0.0,0.0,0.7
246,ResNet,0.6364,0.125,0.0,0.0,0.875
247,ResNet,0.7273,0.0,0.0,0.0,0.8
248,ResNet,0.6364,0.5,0.0,0.0,0.6364
249,ResNet,0.9091,0.5,0.0,0.0,0.9091
250,ResNet,0.7273,0.0,0.0,0.0,0.8889
251,ResNet,0.7273,0.1111,0.0,0.0,0.8889
252,ResNet,0.7273,0.2,0.0,0.0,0.8
253,ResNet,0.9091,0.5,0.0,0.0,0.9091
254,ResNet,0.8182,0.0,0.0,0.0,1.0
255,ResNet,0.7273,0.1,0.0,0.0,0.8
256,ResNet,0.6364,0.1111,0.0,0.0,0.7778
257,ResNet,0.8182,0.2,0.0,0.0,0.9
258,ResNet,0.7273,0.0,0.0,0.0,0.8
259,ResNet,0.9091,0.5,0.0,0.0,0.9091
260,ResNet,0.9091,0.2,0.0,0.0,1.0
261,ResNet,0.8182,0.5,0.0,0.0,0.8182
262,ResNet,0.7273,0.5,0.0,0.0,0.7273
263,ResNet,0.9091,0.5,0.0,0.0,0.9091
264,ResNet,0.7273,0.0,0.0,0.0,0.8
265,ResNet,0.8182,0.2,0.0,0.0,0.9
266,ResNet,0.7273,0.3,0.0,0.0,0.8
267,ResNet,0.8182,0.5,0.0,0.0,0.8182
268,ResNet,0.4545,0.1667,0.0,0.0,0.8333
269,ResNet,0.7273,0.5,0.0,0.0,0.7273
270,ResNet,0.8182,0.0,0.0,0.0,0.9
271,ResNet,0.9091,0.5,0.0,0.0,0.9091
272,ResNet,0.8182,0.0,0.0,0.0,0.9
273,ResNet,0.5455,0.125,0.0,0.0,0.75
274,ResNet,0.9091,0.2,0.0,0.0,1.0
275,ResNet,0.7273,0.0,0.0,0.0,0.8
276,ResNet,0.5455,0.0,0.0,0.0,0.75
277,ResNet,0.6364,0.1111,0.0,0.0,0.7778
278,ResNet,0.8182,0.1111,0.0,0.0,1.0
279,ResNet,0.9091,0.5,0.0,0.0,0.9091
280,ResNet,0.8182,0.5,0.0,0.0,0.8182
281,ResNet,0.9091,0.5,0.0,0.0,0.9091
282,ResNet,0.7273,0.3,0.0,0.0,0.8
283,ResNet,1.0,0.5,0.0,0.0,1.0
284,ResNet,0.9091,0.5,0.0,0.0,0.9091
285,ResNet,0.5455,0.1111,0.0,0.0,0.6667
286,ResNet,0.6364,0.1,0.0,0.0,0.7
287,ResNet,0.7273,0.0,0.0,0.0,0.8889
288,ResNet,0.7273,0.2,0.0,0.0,0.8
289,ResNet,0.9091,0.5,0.0,0.0,0.9091
290,ResNet,0.9091,0.5,0.0,0.0,0.9091
291,ResNet,0.8182,0.0,0.0,0.0,0.9
292,ResNet,0.6364,0.1111,0.0,0.0,0.7778
293,ResNet,0.5455,0.0,0.0,0.0,0.6667
294,ResNet,0.7273,0.2,0.0,0.0,0.8
295,ResNet,0.7273,0.5,0.0,0.0,0.7273
296,ResNet,0.7273,0.1,0.0,0.0,0.8
297,ResNet,0.7273,0.5,0.0,0.0,0.7273
298,ResNet,0.7273,0.0,0.0,0.0,0.8
299,ResNet,0.7273,0.1111,0.0,0.0,0.8889
300,ResNet,0.8182,0.5,0.0,0.0,0.8182
301,ResNet,0.7273,0.5,0.0,0.0,0.7273
302,ResNet,0.8182,0.0,0.0,0.0,0.9
303,ResNet,0.7273,0.2,0.0,0.0,0.8
304,ResNet,0.8182,0.5,0.0,0.0,0.8182
305,ResNet,0.5455,0.2222,0.0,0.0,0.6667
306,ResNet,0.6364,0.1,0.0,0.0,0.7
307,ResNet,0.7273,0.0,0.0,0.0,0.8
308,ResNet,0.9091,0.2,0.0,0.0,1.0
309,ResNet,0.7273,0.1111,0.0,0.0,0.8889
310,ResNet,0.9091,0.5,0.0,0.0,0.9091
311,ResNet,0.6364,0.0,0.0,0.0,0.7778
312,ResNet,0.8182,0.0,0.0,0.0,0.9
313,ResNet,0.7273,0.3333,0.0,0.0,0.8889
314,ResNet,0.9091,0.5,0.0,0.0,0.9091
315,ResNet,0.6364,0.25,0.0,0.0,0.875
316,ResNet,0.8182,0.5,0.0,0.0,0.8182
317,ResNet,0.7273,0.0,0.0,0.0,0.8
318,ResNet,0.5455,0.1429,0.0,0.0,0.8571
319,ResNet,0.6364,0.1111,0.0,0.0,0.7778
320,ResNet,0.8182,0.5,0.0,0.0,0.8182
321,ResNet,0.6364,0.1111,0.0,0.0,0.7778
322,ResNet,0.3636,0.0,0.0,0.0,0.4444
323,ResNet,0.6364,0.0,0.0,0.0,0.7
324,ResNet,0.8182,0.5,0.0,0.0,0.8182
325,ResNet,0.6364,0.1111,0.0,0.0,0.7778
326,ResNet,0.9091,0.1,0.0,0.0,1.0
327,ResNet,0.8182,0.0,0.0,0.0,0.9
328,ResNet,0.6364,0.25,0.0,0.0,0.875
329,ResNet,0.6364,0.0,0.0,0.0,0.7778
330,ResNet,0.8182,0.5,0.0,0.0,0.8182
331,ResNet,0.7273,0.2,0.0,0.0,0.8
332,ResNet,0.6364,0.5,0.0,0.0,0.6364
333,ResNet,0.6364,0.5,0.0,0.0,0.6364
334,ResNet,0.7273,0.5,0.0,0.0,0.7273
335,ResNet,0.5455,0.0,0.0,0.0,0.6667
336,ResNet,0.9091,0.5,0.0,0.0,0.9091
337,ResNet,0.5455,0.0,0.0,0.0,0.6667
338,ResNet,0.6364,0.5,0.0,0.0,0.6364
339,ResNet,0.5455,0.0,0.0,0.0,0.75
340,ResNet,0.7273,0.1111,0.0,0.0,0.8889
341,ResNet,0.4545,0.1111,0.0,0.0,0.5556
342,ResNet,0.5455,0.0,0.0,0.0,0.6667
343,ResNet,0.8182,0.4,0.0,0.0,0.9
344,ResNet,0.7273,0.5,0.0,0.0,0.7273
345,ResNet,0.1818,0.0,0.0,0.0,0.2222
346,ResNet,0.6364,0.2222,0.0,0.0,0.7778
347,ResNet,0.8182,0.0,0.0,0.0,0.9
348,ResNet,0.5455,0.1111,0.0,0.0,0.6667
349,ResNet,0.7273,0.4444,0.0,0.0,0.8889
350,ResNet,0.7273,0.1111,0.0,0.0,0.8889
351,ResNet,0.9091,0.5,0.0,0.0,0.9091
352,ResNet,0.9091,0.2,0.0,0.0,1.0
353,ResNet,1.0,0.5,0.0,0.0,1.0
354,ResNet,0.9091,0.5,0.0,0.0,0.9091
355,ResNet,0.7273,0.0,0.0,0.0,0.8
356,ResNet,0.9091,0.0,0.0,0.0,1.0
357,ResNet,0.7273,0.2,0.0,0.0,0.8
358,ResNet,0.8182,0.0,0.0,0.0,1.0
359,ResNet,0.5455,0.5,0.0,0.0,0.5455
360,ResNet,0.8182,0.0,0.0,0.0,1.0
361,ResNet,0.5455,0.1111,0.0,0.0,0.6667
362,ResNet,0.7273,0.5,0.0,0.0,0.7273
363,ResNet,0.5455,0.5,0.0,0.0,0.5455
364,ResNet,0.7273,0.5,0.0,0.0,0.7273
365,ResNet,0.9091,0.5,0.0,0.0,0.9091
366,ResNet,0.7273,0.1111,0.0,0.0,0.8889
367,ResNet,0.8182,0.5,0.0,0.0,0.8182
368,ResNet,0.7273,0.5,0.0,0.0,0.7273
369,ResNet,0.6364,0.0,0.0,0.0,0.7778
370,ResNet,0.8182,0.0,0.0,0.0,0.9
371,ResNet,0.8182,0.2222,0.0,0.0,1.0
372,ResNet,0.7273,0.0,0.0,0.0,0.8889
373,ResNet,0.7273,0.5,0.0,0.0,0.7273
374,ResNet,0.9091,0.2,0.0,0.0,1.0
375,ResNet,0.5455,0.1,0.0,0.0,0.6
376,ResNet,0.7273,0.0,0.0,0.0,0.8
377,ResNet,0.7273,0.1,0.0,0.0,0.8
378,ResNet,0.7273,0.1111,0.0,0.0,0.8889
379,ResNet,0.6364,0.1,0.0,0.0,0.7
380,ResNet,0.7273,0.5,0.0,0.0,0.7273
381,ResNet,0.7273,0.0,0.0,0.0,0.8
382,ResNet,0.7273,0.5,0.0,0.0,0.7273
383,ResNet,0.4545,0.1111,0.0,0.0,0.5556
384,ResNet,0.6364,0.0,0.0,0.0,0.7778
385,ResNet,0.8182,0.5,0.0,0.0,0.8182
386,ResNet,0.9091,0.5,0.0,0.0,0.9091
387,ResNet,0.7273,0.2222,0.0,0.0,0.8889
388,ResNet,0.7273,0.25,0.0,0.0,1.0
389,ResNet,0.8182,0.2,0.0,0.0,0.9
390,ResNet,0.6364,0.2222,0.0,0.0,0.7778
391,ResNet,0.8182,0.5,0.0,0.0,0.8182
392,ResNet,0.6364,0.1,0.0,0.0,0.7
393,ResNet,0.7273,0.5,0.0,0.0,0.7273
394,ResNet,0.8182,0.5,0.0,0.0,0.8182
395,ResNet,0.9091,0.5,0.0,0.0,0.9091
396,ResNet,0.9091,0.5,0.0,0.0,0.9091
397,ResNet,0.7273,0.25,0.0,0.0,1.0
398,ResNet,0.6364,0.0,0.0,0.0,0.7778
399,ResNet,0.7273,0.0,0.0,0.0,0.8889
400,ResNet,0.4545,0.0,0.0,0.0,0.5556
401,ResNet,0.8182,0.5,0.0,0.0,0.8182
402,ResNet,0.8182,0.0,0.0,0.0,0.9
403,ResNet,0.4545,0.0,0.0,0.0,0.5
404,ResNet,0.4545,0.0,0.0,0.0,0.625
405,ResNet,0.8182,0.5,0.0,0.0,0.8182
406,ResNet,0.8182,0.1,0.0,0.0,0.9
407,ResNet,0.5455,0.25,0.0,0.0,0.75
408,ResNet,0.7273,0.5,0.0,0.0,0.7273
409,ResNet,0.6364,0.1111,0.0,0.0,0.7778
410,ResNet,0.6364,0.1111,0.0,0.0,0.7778
411,ResNet,0.7273,0.5,0.0,0.0,0.7273
412,ResNet,0.6364,0.1111,0.0,0.0,0.7778
413,ResNet,0.7273,0.1,0.0,0.0,0.8
414,ResNet,0.8182,0.1,0.0,0.0,0.9
415,ResNet,0.7273,0.5,0.0,0.0,0.7273
416,ResNet,0.7273,0.0,0.0,0.0,0.8
417,ResNet,0.7273,0.0,0.0,0.0,0.8889
418,ResNet,0.6364,0.2222,0.0,0.0,0.7778
419,ResNet,0.7273,0.0,0.0,0.0,0.8889
420,ResNet,0.6364,0.2,0.0,0.0,0.7
421,ResNet,0.5455,0.5,0.0,0.0,0.5455
422,ResNet,0.7273,0.1111,0.0,0.0,0.8889
423,ResNet,0.9091,0.5,0.0,0.0,0.9091
424,ResNet,0.5455,0.0,0.0,0.0,0.6
425,ResNet,0.7273,0.1,0.0,0.0,0.8
426,ResNet,0.7273,0.4,0.0,0.0,0.8
427,ResNet,0.8182,0.5,0.0,0.0,0.8182
428,ResNet,0.7273,0.0,0.0,0.0,0.8
429,ResNet,0.9091,0.5,0.0,0.0,0.9091
430,ResNet,0.8182,0.1,0.0,0.0,0.9
431,ResNet,0.7273,0.5,0.0,0.0,0.7273
432,ResNet,0.8182,0.5,0.0,0.0,0.8182
433,ResNet,0.5455,0.1,0.0,0.0,0.6
434,ResNet,0.9091,0.1,0.0,0.0,1.0
435,ResNet,0.7273,0.3,0.0,0.0,0.8
436,ResNet,0.6364,0.2,0.0,0.0,0.7
437,ResNet,0.9091,0.1,0.0,0.0,1.0
438,ResNet,0.5455,0.5,0.0,0.0,0.5455
439,ResNet,0.7273,0.0,0.0,0.0,0.8889
440,ResNet,0.6364,0.1,0.0,0.0,0.7
441,ResNet,0.8182,0.1111,0.0,0.0,1.0
442,ResNet,0.8182,0.5,0.0,0.0,0.8182
443,ResNet,0.9091,0.0,0.0,0.0,1.0
444,ResNet,0.6364,0.1,0.0,0.0,0.7
445,ResNet,0.7273,0.0,0.0,0.0,0.8889
446,ResNet,0.8182,0.5,0.0,0.0,0.8182
447,ResNet,0.7273,0.5,0.0,0.0,0.7273
448,ResNet,0.8182,0.0,0.0,0.0,1.0
449,ResNet,0.9091,0.1,0.0,0.0,1.0
450,ResNet,0.9091,0.0,0.0,0.0,1.0
451,ResNet,0.8182,0.0,0.0,0.0,1.0
452,ResNet,0.8182,0.5,0.0,0.0,0.8182
453,ResNet,0.7273,0.5,0.0,0.0,0.7273
454,ResNet,0.8182,0.5,0.0,0.0,0.8182
455,ResNet,0.8182,0.5,0.0,0.0,0.8182
456,ResNet,0.8182,0.2,0.0,0.0,0.9
457,ResNet,0.8182,0.2,0.0,0.0,0.9
458,ResNet,0.8182,0.1,0.0,0.0,0.9
459,ResNet,0.7273,0.1,0.0,0.0,0.8
460,ResNet,0.6364,0.0,0.0,0.0,0.7
461,ResNet,0.6364,0.1,0.0,0.0,0.7
462,ResNet,0.7273,0.5,0.0,0.0,0.7273
463,ResNet,0.7273,0.0,0.0,0.0,0.8
464,ResNet,0.8182,0.5,0.0,0.0,0.8182
465,ResNet,0.9091,0.5,0.0,0.0,0.9091
466,ResNet,0.5455,0.0,0.0,0.0,0.6667
467,ResNet,0.8182,0.5,0.0,0.0,0.8182
468,ResNet,0.8182,0.1,0.0,0.0,0.9
469,ResNet,0.7273,0.5,0.0,0.0,0.7273
470,ResNet,0.8182,0.5,0.0,0.0,0.8182
471,ResNet,0.8182,0.5,0.0,0.0,0.8182
472,ResNet,0.6364,0.2,0.0,0.0,0.7
473,ResNet,0.7273,0.0,0.0,0.0,0.8
474,ResNet,0.7273,0.5,0.0,0.0,0.7273
475,ResNet,0.7273,0.0,0.0,0.0,0.8889
476,ResNet,0.4545,0.125,0.0,0.0,0.625
477,ResNet,0.8182,0.5,0.0,0.0,0.8182
478,ResNet,0.7273,0.5,0.0,0.0,0.7273
479,ResNet,0.7273,0.5,0.0,0.0,0.7273
480,ResNet,0.7273,0.1,0.0,0.0,0.8
481,ResNet,0.8182,0.1,0.0,0.0,0.9
482,ResNet,0.8182,0.5,0.0,0.0,0.8182
483,ResNet,0.6364,0.0,0.0,0.0,0.7
484,ResNet,0.7273,0.5,0.0,0.0,0.7273
485,ResNet,0.9091,0.1,0.0,0.0,1.0
486,ResNet,0.5455,0.0,0.0,0.0,0.6667
487,ResNet,0.8182,0.2222,0.0,0.0,1.0
488,ResNet,0.8182,0.1,0.0,0.0,0.9
489,ResNet,0.6364,0.0,0.0,0.0,0.7778
490,ResNet,0.7273,0.2,0.0,0.0,0.8
491,ResNet,0.6364,0.0,0.0,0.0,0.875
492,ResNet,0.6364,0.1111,0.0,0.0,0.7778
493,ResNet,0.6364,0.1,0.0,0.0,0.7
494,ResNet,0.7273,0.1,0.0,0.0,0.8
495,ResNet,0.8182,0.5,0.0,0.0,0.8182
496,ResNet,0.9091,0.0,0.0,0.0,1.0
497,ResNet,0.7273,0.5,0.0,0.0,0.7273
498,ResNet,0.6364,0.1111,0.0,0.0,0.7778
499,ResNet,0.6364,0.1111,0.0,0.0,0.7778
500,ResNet,0.8182,0.1,0.0,0.0,0.9
501,ResNet,0.6364,0.1111,0.0,0.0,0.7778
502,ResNet,0.8182,0.5,0.0,0.0,0.8182
503,ResNet,0.6364,0.0,0.0,0.0,0.7
504,ResNet,0.9091,0.5,0.0,0.0,0.9091
505,ResNet,0.7273,0.5,0.0,0.0,0.7273
506,ResNet,0.8182,0.2,0.0,0.0,0.9
507,ResNet,0.8182,0.1,0.0,0.0,0.9
508,ResNet,0.9091,0.5,0.0,0.0,0.9091
509,ResNet,0.8182,0.5,0.0,0.0,0.8182
510,ResNet,0.7273,0.5,0.0,0.0,0.7273
511,ResNet,0.9091,0.5,0.0,0.0,0.9091
512,ResNet,0.6364,0.3,0.0,0.0,0.7
513,ResNet,0.8182,0.0,0.0,0.0,0.9
514,ResNet,0.8182,0.1,0.0,0.0,0.9
515,ResNet,0.7273,0.2,0.0,0.0,0.8
516,ResNet,0.7273,0.0,0.0,0.0,0.8
517,ResNet,0.6364,0.5,0.0,0.0,0.6364
518,ResNet,1.0,0.5,0.0,0.0,1.0
519,ResNet,0.6364,0.1111,0.0,0.0,0.7778
520,ResNet,0.8182,0.1,0.0,0.0,0.9
521,ResNet,0.8182,0.0,0.0,0.0,0.9
522,ResNet,0.7273,0.5,0.0,0.0,0.7273
523,ResNet,0.6364,0.0,0.0,0.0,0.7
524,ResNet,0.3636,0.0,0.0,0.0,0.4444
525,ResNet,0.6364,0.5,0.0,0.0,0.6364
526,ResNet,0.7273,0.1,0.0,0.0,0.8
527,ResNet,0.7273,0.1,0.0,0.0,0.8
528,ResNet,0.5455,0.0,0.0,0.0,0.6
529,ResNet,0.7273,0.5,0.0,0.0,0.7273
530,ResNet,0.6364,0.0,0.0,0.0,0.875
531,ResNet,0.9091,0.5,0.0,0.0,0.9091
532,ResNet,0.7273,0.5,0.0,0.0,0.7273
533,ResNet,0.5455,0.1,0.0,0.0,0.6
534,ResNet,0.8182,0.1111,0.0,0.0,1.0
535,ResNet,0.7273,0.1111,0.0,0.0,0.8889
536,ResNet,0.5455,0.0,0.0,0.0,0.75
537,ResNet,0.5455,0.0,0.0,0.0,0.6
538,ResNet,0.4545,0.1429,0.0,0.0,0.7143
539,ResNet,0.7273,0.25,0.0,0.0,1.0
540,ResNet,0.7273,0.0,0.0,0.0,0.8
541,ResNet,0.6364,0.5714,0.0,0.0,1.0
542,ResNet,0.8182,0.1,0.0,0.0,0.9
543,ResNet,0.9091,0.4,0.0,0.0,1.0
544,ResNet,0.6364,0.2,0.0,0.0,0.7
545,ResNet,0.8182,0.5,0.0,0.0,0.8182
546,ResNet,0.8182,0.5,0.0,0.0,0.8182
547,ResNet,0.8182,0.2222,0.0,0.0,1.0
548,ResNet,0.4545,0.0,0.0,0.0,0.5556
549,ResNet,0.7273,0.5,0.0,0.0,0.7273
550,ResNet,0.7273,0.0,0.0,0.0,0.8
551,ResNet,0.6364,0.0,0.0,0.0,0.7
552,ResNet,0.9091,0.0,0.0,0.0,1.0
553,ResNet,0.4545,0.0,0.0,0.0,0.5556
554,ResNet,0.6364,0.0,0.0,0.0,0.7
555,ResNet,0.7273,0.125,0.0,0.0,1.0
556,ResNet,0.5455,0.5,0.0,0.0,0.5455
557,ResNet,0.6364,0.1,0.0,0.0,0.7
558,ResNet,0.7273,0.5,0.0,0.0,0.7273
559,ResNet,0.8182,0.0,0.0,0.0,1.0
560,ResNet,0.6364,0.0,0.0,0.0,0.7
561,ResNet,0.6364,0.25,0.0,0.0,0.875
562,ResNet,0.7273,0.5,0.0,0.0,0.7273
563,ResNet,0.6364,0.2222,0.0,0.0,0.7778
564,ResNet,0.7273,0.5,0.0,0.0,0.7273
565,ResNet,0.7273,0.3,0.0,0.0,0.8
566,ResNet,0.8182,0.5,0.0,0.0,0.8182
567,ResNet,0.8182,0.2,0.0,0.0,0.9
568,ResNet,0.8182,0.2,0.0,0.0,0.9
569,ResNet,0.8182,0.1,0.0,0.0,0.9
570,ResNet,0.9091,0.5,0.0,0.0,0.9091
571,ResNet,1.0,0.5,0.0,0.0,1.0
572,ResNet,0.6364,0.4,0.0,0.0,0.7
573,ResNet,1.0,0.5,0.0,0.0,1.0
574,ResNet,0.9091,0.5,0.0,0.0,0.9091
575,ResNet,1.0,0.5,0.0,0.0,1.0
576,ResNet,0.6364,0.0,0.0,0.0,0.875
577,ResNet,0.7273,0.5,0.0,0.0,0.7273
578,ResNet,0.7273,0.2222,0.0,0.0,0.8889
579,ResNet,0.8182,0.5,0.0,0.0,0.8182
580,ResNet,0.8182,0.2,0.0,0.0,0.9
581,ResNet,0.9091,0.5,0.0,0.0,0.9091
582,ResNet,0.6364,0.0,0.0,0.0,0.7
583,ResNet,0.9091,0.5,0.0,0.0,0.9091
584,ResNet,0.7273,0.1111,0.0,0.0,0.8889
585,ResNet,0.7273,0.1111,0.0,0.0,0.8889
586,ResNet,0.8182,0.1,0.0,0.0,0.9
587,ResNet,0.8182,0.2222,0.0,0.0,1.0
588,ResNet,0.6364,0.0,0.0,0.0,0.7778
589,ResNet,0.9091,0.5,0.0,0.0,0.9091
590,ResNet,0.4545,0.0,0.0,0.0,0.5
591,ResNet,0.5455,0.3333,0.0,0.0,0.6667
592,ResNet,0.7273,0.5,0.0,0.0,0.7273
593,ResNet,0.7273,0.5,0.0,0.0,0.7273
594,ResNet,0.7273,0.1111,0.0,0.0,0.8889
595,ResNet,0.4545,0.0,0.0,0.0,0.5556
596,ResNet,0.7273,0.1111,0.0,0.0,0.8889
597,ResNet,0.7273,0.5,0.0,0.0,0.7273
598,ResNet,0.8182,0.1,0.0,0.0,0.9
599,ResNet,0.9091,0.5,0.0,0.0,0.9091
600,ResNet,0.5455,0.125,0.0,0.0,0.75
601,ResNet,0.6364,0.0,0.0,0.0,0.7778
602,ResNet,0.5455,0.5,0.0,0.0,0.5455
603,ResNet,0.9091,0.1,0.0,0.0,1.0
604,ResNet,0.8182,0.5,0.0,0.0,0.8182
605,ResNet,0.8182,0.1,0.0,0.0,0.9
606,ResNet,0.7273,0.5,0.0,0.0,0.7273
607,ResNet,0.7273,0.5,0.0,0.0,0.7273
608,ResNet,0.8182,0.1,0.0,0.0,0.9
609,ResNet,0.9091,0.5,0.0,0.0,0.9091
610,ResNet,0.7273,0.5,0.0,0.0,0.7273
611,ResNet,0.5455,0.1,0.0,0.0,0.6
612,ResNet,0.7273,0.5,0.0,0.0,0.7273
613,ResNet,0.9091,0.5,0.0,0.0,0.9091
614,ResNet,0.7273,0.1,0.0,0.0,0.8
615,ResNet,0.7273,0.0,0.0,0.0,0.8
616,ResNet,0.6364,0.1111,0.0,0.0,0.7778
617,ResNet,0.7273,0.1,0.0,0.0,0.8
618,ResNet,0.8182,0.5,0.0,0.0,0.8182
619,ResNet,0.7273,0.125,0.0,0.0,1.0
620,ResNet,0.8182,0.5,0.0,0.0,0.8182
621,ResNet,0.7273,0.1,0.0,0.0,0.8
622,ResNet,0.8182,0.1,0.0,0.0,0.9
623,ResNet,0.6364,0.1111,0.0,0.0,0.7778
624,ResNet,0.5455,0.5,0.0,0.0,0.5455
625,ResNet,0.7273,0.5,0.0,0.0,0.7273
626,ResNet,0.6364,0.125,0.0,0.0,0.875
627,ResNet,0.5455,0.5,0.0,0.0,0.5455
628,ResNet,0.5455,0.0,0.0,0.0,0.6
629,ResNet,0.6364,0.5,0.0,0.0,0.6364
630,ResNet,0.8182,0.0,0.0,0.0,0.9
631,ResNet,0.7273,0.5,0.0,0.0,0.7273
632,ResNet,0.8182,0.0,0.0,0.0,0.9
633,ResNet,0.9091,0.5,0.0,0.0,0.9091
634,ResNet,0.9091,0.5,0.0,0.0,0.9091
635,ResNet,0.7273,0.0,0.0,0.0,0.8889
636,ResNet,0.8182,0.5,0.0,0.0,0.8182
637,ResNet,0.7273,0.0,0.0,0.0,0.8889
638,ResNet,0.6364,0.0,0.0,0.0,0.7
639,ResNet,0.8182,0.5,0.0,0.0,0.8182
640,ResNet,0.6364,0.0,0.0,0.0,0.7
641,ResNet,0.8182,0.2,0.0,0.0,0.9
642,ResNet,0.8182,0.5,0.0,0.0,0.8182
643,ResNet,0.6364,0.5,0.0,0.0,0.6364
644,ResNet,0.6364,0.0,0.0,0.0,0.7778
645,ResNet,0.9091,0.3,0.0,0.0,1.0
646,ResNet,0.6364,0.0,0.0,0.0,0.7778
647,ResNet,1.0,0.5,0.0,0.0,1.0
648,ResNet,0.8182,0.5,0.0,0.0,0.8182
649,ResNet,0.7273,0.0,0.0,0.0,0.8
650,ResNet,0.7273,0.2,0.0,0.0,0.8
651,ResNet,0.9091,0.5,0.0,0.0,0.9091
652,ResNet,0.6364,0.2,0.0,0.0,0.7
653,ResNet,0.9091,0.5,0.0,0.0,0.9091
654,ResNet,0.8182,0.5,0.0,0.0,0.8182
655,ResNet,0.6364,0.0,0.0,0.0,0.7778
656,ResNet,0.7273,0.5,0.0,0.0,0.7273
657,ResNet,0.6364,0.1,0.0,0.0,0.7
658,ResNet,0.7273,0.1,0.0,0.0,0.8
659,ResNet,0.8182,0.1,0.0,0.0,0.9
660,ResNet,0.4545,0.1,0.0,0.0,0.5
661,ResNet,1.0,0.5,0.0,0.0,1.0
662,ResNet,0.5455,0.0,0.0,0.0,0.6
663,ResNet,0.7273,0.5,0.0,0.0,0.7273
664,ResNet,0.6364,0.5,0.0,0.0,0.6364
665,ResNet,0.8182,0.5,0.0,0.0,0.8182
666,ResNet,0.8182,0.2,0.0,0.0,0.9
667,ResNet,0.2727,0.0,0.0,0.0,0.375
668,ResNet,0.8182,0.5,0.0,0.0,0.8182
669,ResNet,0.8182,0.3,0.0,0.0,0.9
670,ResNet,0.7273,0.5,0.0,0.0,0.7273
671,ResNet,0.7273,0.0,0.0,0.0,0.8889
672,ResNet,0.8182,0.5,0.0,0.0,0.8182
673,ResNet,0.7273,0.125,0.0,0.0,1.0
674,ResNet,0.6364,0.0,0.0,0.0,0.7778
675,ResNet,0.9091,0.5,0.0,0.0,0.9091
676,ResNet,0.9091,0.5,0.0,0.0,0.9091
677,ResNet,0.8182,0.2,0.0,0.0,0.9
678,ResNet,0.8182,0.5,0.0,0.0,0.8182
679,ResNet,0.9091,0.5,0.0,0.0,0.9091
680,ResNet,0.8182,0.5,0.0,0.0,0.8182
681,ResNet,0.8182,0.0,0.0,0.0,1.0
682,ResNet,0.9091,0.1,0.0,0.0,1.0
683,ResNet,0.9091,0.5,0.0,0.0,0.9091
684,ResNet,0.5455,0.1111,0.0,0.0,0.6667
685,ResNet,0.6364,0.0,0.0,0.0,0.7
686,ResNet,0.6364,0.2,0.0,0.0,0.7
687,ResNet,0.6364,0.0,0.0,0.0,0.7
688,ResNet,0.8182,0.5,0.0,0.0,0.8182
689,ResNet,0.7273,0.0,0.0,0.0,0.8
690,ResNet,0.5455,0.5,0.0,0.0,0.5455
691,ResNet,0.6364,0.1111,0.0,0.0,0.7778
692,ResNet,0.5455,0.2,0.0,0.0,0.6
693,ResNet,0.8182,0.5,0.0,0.0,0.8182
694,ResNet,0.8182,0.5,0.0,0.0,0.8182
695,ResNet,0.7273,0.3333,0.0,0.0,0.8889
696,ResNet,0.8182,0.5,0.0,0.0,0.8182
697,ResNet,0.6364,0.0,0.0,0.0,0.7778
698,ResNet,0.4545,0.2,0.0,0.0,0.5
699,ResNet,0.6364,0.5,0.0,0.0,0.6364
700,ResNet,0.5455,0.0,0.0,0.0,0.6
701,ResNet,0.7273,0.1111,0.0,0.0,0.8889
702,ResNet,0.5455,0.1,0.0,0.0,0.6
703,ResNet,0.4545,0.2222,0.0,0.0,0.5556
704,ResNet,0.9091,0.5,0.0,0.0,0.9091
705,ResNet,0.6364,0.125,0.0,0.0,0.875
706,ResNet,0.9091,0.5,0.0,0.0,0.9091
707,ResNet,0.9091,0.5,0.0,0.0,0.9091
708,ResNet,0.8182,0.3,0.0,0.0,0.9
709,ResNet,0.8182,0.5,0.0,0.0,0.8182
710,ResNet,0.7273,0.125,0.0,0.0,1.0
711,ResNet,0.8182,0.0,0.0,0.0,0.9
712,ResNet,0.6364,0.1111,0.0,0.0,0.7778
713,ResNet,0.8182,0.5,0.0,0.0,0.8182
714,ResNet,0.9091,0.3,0.0,0.0,1.0
715,ResNet,0.7273,0.2,0.0,0.0,0.8
716,ResNet,0.8182,0.2,0.0,0.0,0.9
717,ResNet,0.8182,0.2,0.0,0.0,0.9
718,ResNet,0.7273,0.5,0.0,0.0,0.7273
719,ResNet,0.9091,0.0,0.0,0.0,1.0
720,ResNet,0.6364,0.0,0.0,0.0,0.7778
721,ResNet,0.7273,0.125,0.0,0.0,1.0
722,ResNet,0.8182,0.5,0.0,0.0,0.8182
723,ResNet,0.2727,0.0,0.0,0.0,0.3333
724,ResNet,0.8182,0.5,0.0,0.0,0.8182
725,ResNet,0.6364,0.1111,0.0,0.0,0.7778
726,ResNet,0.4545,0.0,0.0,0.0,0.5556
727,ResNet,0.7273,0.5,0.0,0.0,0.7273
728,ResNet,0.6364,0.0,0.0,0.0,0.7
729,ResNet,0.7273,0.2,0.0,0.0,0.8
730,ResNet,0.6364,0.1,0.0,0.0,0.7
731,ResNet,0.8182,0.1,0.0,0.0,0.9
732,ResNet,0.7273,0.5,0.0,0.0,0.7273
733,ResNet,1.0,0.5,0.0,0.0,1.0
734,ResNet,0.5455,0.4444,0.0,0.0,0.6667
735,ResNet,0.9091,0.1,0.0,0.0,1.0
736,ResNet,0.4545,0.0,0.0,0.0,0.625
737,ResNet,0.7273,0.0,0.0,0.0,0.8889
738,ResNet,1.0,0.5,0.0,0.0,1.0
739,ResNet,0.7273,0.0,0.0,0.0,0.8889
740,ResNet,1.0,0.5,0.0,0.0,1.0
741,ResNet,0.8182,0.0,0.0,0.0,0.9
742,ResNet,0.5455,0.5,0.0,0.0,0.5455
743,ResNet,0.6364,0.5,0.0,0.0,0.6364
744,ResNet,0.8182,0.1111,0.0,0.0,1.0
745,ResNet,0.9091,0.5,0.0,0.0,0.9091
746,ResNet,0.9091,0.1,0.0,0.0,1.0
747,ResNet,0.6364,0.0,0.0,0.0,0.7
748,ResNet,0.8182,0.5,0.0,0.0,0.8182
749,ResNet,0.8182,0.5,0.0,0.0,0.8182
750,ResNet,0.7273,0.1,0.0,0.0,0.8
751,ResNet,0.7273,0.2222,0.0,0.0,0.8889
752,ResNet,0.5455,0.0,0.0,0.0,0.6667
753,ResNet,0.7273,0.2,0.0,0.0,0.8
754,ResNet,0.6364,0.1,0.0,0.0,0.7
755,ResNet,0.9091,0.5,0.0,0.0,0.9091
756,ResNet,0.7273,0.0,0.0,0.0,0.8
757,ResNet,0.6364,0.5,0.0,0.0,0.6364
758,ResNet,0.8182,0.2,0.0,0.0,0.9
759,ResNet,0.9091,0.5,0.0,0.0,0.9091
760,ResNet,0.6364,0.0,0.0,0.0,0.875
761,ResNet,0.7273,0.0,0.0,0.0,0.8
762,ResNet,0.7273,0.0,0.0,0.0,0.8
763,ResNet,0.6364,0.5,0.0,0.0,0.6364
764,ResNet,0.8182,0.0,0.0,0.0,0.9
765,ResNet,0.8182,0.5,0.0,0.0,0.8182
766,ResNet,0.8182,0.5,0.0,0.0,0.8182
767,ResNet,0.7273,0.5,0.0,0.0,0.7273
768,ResNet,1.0,0.5,0.0,0.0,1.0
769,ResNet,0.7273,0.5,0.0,0.0,0.7273
770,ResNet,0.4545,0.1111,0.0,0.0,0.5556
771,ResNet,0.8182,0.5,0.0,0.0,0.8182
772,ResNet,0.6364,0.375,0.0,0.0,0.875
773,ResNet,0.8182,0.0,0.0,0.0,0.9
774,ResNet,0.4545,0.0,0.0,0.0,0.625
775,ResNet,0.6364,0.1111,0.0,0.0,0.7778
776,ResNet,0.8182,0.5,0.0,0.0,0.8182
777,ResNet,0.7273,0.1,0.0,0.0,0.8
778,ResNet,0.7273,0.2,0.0,0.0,0.8
779,ResNet,0.7273,0.5,0.0,0.0,0.7273
780,ResNet,0.7273,0.2,0.0,0.0,0.8
781,ResNet,0.8182,0.5,0.0,0.0,0.8182
782,ResNet,0.8182,0.5,0.0,0.0,0.8182
783,ResNet,0.7273,0.2222,0.0,0.0,0.8889
784,ResNet,0.7273,0.0,0.0,0.0,0.8
785,ResNet,0.9091,0.5,0.0,0.0,0.9091
786,ResNet,0.7273,0.2,0.0,0.0,0.8
787,ResNet,0.8182,0.1,0.0,0.0,0.9
788,ResNet,0.7273,0.5,0.0,0.0,0.7273
789,ResNet,0.6364,0.0,0.0,0.0,0.7
790,ResNet,0.8182,0.5,0.0,0.0,0.8182
791,ResNet,0.8182,0.1,0.0,0.0,0.9
792,ResNet,0.8182,0.1,0.0,0.0,0.9
793,ResNet,1.0,0.5,0.0,0.0,1.0
794,ResNet,0.9091,0.2,0.0,0.0,1.0
795,ResNet,0.4545,0.375,0.0,0.0,0.625
796,ResNet,0.8182,0.5,0.0,0.0,0.8182
797,ResNet,0.7273,0.0,0.0,0.0,0.8
798,ResNet,0.9091,0.5,0.0,0.0,0.9091
799,ResNet,0.8182,0.1,0.0,0.0,0.9
800,ResNet,0.7273,0.0,0.0,0.0,0.8
801,ResNet,0.7273,0.1,0.0,0.0,0.8
802,ResNet,0.7273,0.2222,0.0,0.0,0.8889
803,ResNet,0.9091,0.5,0.0,0.0,0.9091
804,ResNet,0.6364,0.5,0.0,0.0,0.6364
805,ResNet,0.7273,0.0,0.0,0.0,0.8889
806,ResNet,0.7273,0.5,0.0,0.0,0.7273
807,ResNet,0.8182,0.0,0.0,0.0,1.0
808,ResNet,0.8182,0.4,0.0,0.0,0.9
809,ResNet,1.0,0.5,0.0,0.0,1.0
810,ResNet,0.7273,0.1111,0.0,0.0,0.8889
811,ResNet,0.7273,0.0,0.0,0.0,0.8889
812,ResNet,0.8182,0.5,0.0,0.0,0.8182
813,ResNet,0.5455,0.1111,0.0,0.0,0.6667
814,ResNet,0.6364,0.0,0.0,0.0,0.7
815,ResNet,0.7273,0.5,0.0,0.0,0.7273
816,ResNet,0.6364,0.5,0.0,0.0,0.6364
817,ResNet,0.7273,0.0,0.0,0.0,0.8
818,ResNet,0.5455,0.0,0.0,0.0,0.6667
819,ResNet,0.6364,0.1111,0.0,0.0,0.7778
820,ResNet,0.9091,0.3,0.0,0.0,1.0
821,ResNet,0.7273,0.2222,0.0,0.0,0.8889
822,ResNet,0.7273,0.0,0.0,0.0,0.8
823,ResNet,0.7273,0.1111,0.0,0.0,0.8889
824,ResNet,0.9091,0.5,0.0,0.0,0.9091
825,ResNet,0.6364,0.5,0.0,0.0,0.6364
826,ResNet,0.8182,0.5,0.0,0.0,0.8182
827,ResNet,0.6364,0.0,0.0,0.0,0.7778
828,ResNet,0.8182,0.1,0.0,0.0,0.9
829,ResNet,0.8182,0.2,0.0,0.0,0.9
830,ResNet,0.8182,0.2222,0.0,0.0,1.0
831,ResNet,0.4545,0.5,0.0,0.0,0.4545
832,ResNet,0.9091,0.5,0.0,0.0,0.9091
833,ResNet,0.8182,0.5,0.0,0.0,0.8182
834,ResNet,0.7273,0.1,0.0,0.0,0.8
835,ResNet,0.8182,0.2222,0.0,0.0,1.0
836,ResNet,0.5455,0.5,0.0,0.0,0.5455
837,ResNet,0.8182,0.5,0.0,0.0,0.8182
838,ResNet,0.7273,0.5,0.0,0.0,0.7273
839,ResNet,0.7273,0.2,0.0,0.0,0.8
840,ResNet,0.7273,0.2,0.0,0.0,0.8
841,ResNet,0.7273,0.5,0.0,0.0,0.7273
842,ResNet,0.7273,0.5,0.0,0.0,0.7273
843,ResNet,0.5455,0.1,0.0,0.0,0.6
844,ResNet,0.8182,0.5,0.0,0.0,0.8182
845,ResNet,0.8182,0.1111,0.0,0.0,1.0
846,ResNet,0.8182,0.0,0.0,0.0,1.0
847,ResNet,0.8182,0.2222,0.0,0.0,1.0
848,ResNet,0.8182,0.2,0.0,0.0,0.9
849,ResNet,0.8182,0.1,0.0,0.0,0.9
850,ResNet,0.9091,0.5,0.0,0.0,0.9091
851,ResNet,0.6364,0.1,0.0,0.0,0.7
852,ResNet,0.8182,0.0,0.0,0.0,0.9
853,ResNet,0.6364,0.0,0.0,0.0,0.875
854,ResNet,1.0,0.5,0.0,0.0,1.0
855,ResNet,0.9091,0.1,0.0,0.0,1.0
856,ResNet,0.5455,0.0,0.0,0.0,0.6667
857,ResNet,0.7273,0.2,0.0,0.0,0.8
858,ResNet,0.6364,0.0,0.0,0.0,0.7778
859,ResNet,0.7273,0.1,0.0,0.0,0.8
860,ResNet,0.8182,0.1111,0.0,0.0,1.0
861,ResNet,0.8182,0.0,0.0,0.0,0.9
862,ResNet,0.5455,0.1,0.0,0.0,0.6
863,ResNet,0.7273,0.2222,0.0,0.0,0.8889
864,ResNet,0.5455,0.2,0.0,0.0,0.6
865,ResNet,0.7273,0.5,0.0,0.0,0.7273
866,ResNet,0.6364,0.3,0.0,0.0,0.7
867,ResNet,0.9091,0.0,0.0,0.0,1.0
868,ResNet,0.6364,0.0,0.0,0.0,0.7
869,ResNet,0.7273,0.0,0.0,0.0,0.8
870,ResNet,0.9091,0.5,0.0,0.0,0.9091
871,ResNet,0.9091,0.5,0.0,0.0,0.9091
872,ResNet,0.4545,0.1,0.0,0.0,0.5
873,ResNet,0.7273,0.5,0.0,0.0,0.7273
874,ResNet,0.4545,0.2,0.0,0.0,0.5
875,ResNet,0.9091,0.2,0.0,0.0,1.0
876,ResNet,0.6364,0.0,0.0,0.0,0.7
877,ResNet,0.5455,0.0,0.0,0.0,0.6667
878,ResNet,0.9091,0.0,0.0,0.0,1.0
879,ResNet,0.9091,0.5,0.0,0.0,0.9091
880,ResNet,0.9091,0.1,0.0,0.0,1.0
881,ResNet,0.8182,0.2222,0.0,0.0,1.0
882,ResNet,0.8182,0.1111,0.0,0.0,1.0
883,ResNet,0.8182,0.1,0.0,0.0,0.9
884,ResNet,0.7273,0.1,0.0,0.0,0.8
885,ResNet,0.7273,0.0,0.0,0.0,0.8
886,ResNet,0.5455,0.0,0.0,0.0,0.75
887,ResNet,0.8182,0.0,0.0,0.0,0.9
888,ResNet,0.8182,0.1,0.0,0.0,0.9
889,ResNet,0.5455,0.0,0.0,0.0,0.6
890,ResNet,0.6364,0.125,0.0,0.0,0.875
891,ResNet,0.6364,0.1111,0.0,0.0,0.7778
892,ResNet,0.6364,0.0,0.0,0.0,0.7778
893,ResNet,0.6364,0.0,0.0,0.0,0.7778
894,ResNet,0.5455,0.125,0.0,0.0,0.75
895,ResNet,0.8182,0.1,0.0,0.0,0.9
896,ResNet,0.8182,0.5,0.0,0.0,0.8182
897,ResNet,0.7273,0.0,0.0,0.0,0.8889
898,ResNet,0.8182,0.5,0.0,0.0,0.8182
899,ResNet,0.9091,0.3,0.0,0.0,1.0
900,ResNet,0.6364,0.0,0.0,0.0,0.7
901,ResNet,0.8182,0.1,0.0,0.0,0.9
902,ResNet,0.9091,0.3,0.0,0.0,1.0
903,ResNet,0.6364,0.2222,0.0,0.0,0.7778
904,ResNet,0.5455,0.1,0.0,0.0,0.6
905,ResNet,0.6364,0.3333,0.0,0.0,0.7778
906,ResNet,0.5455,0.0,0.0,0.0,0.6
907,ResNet,0.8182,0.0,0.0,0.0,1.0
908,ResNet,0.7273,0.0,0.0,0.0,0.8
909,ResNet,0.8182,0.5,0.0,0.0,0.8182
910,ResNet,0.7273,0.0,0.0,0.0,0.8
911,ResNet,0.7273,0.1,0.0,0.0,0.8
912,ResNet,0.5455,0.2,0.0,0.0,0.6
913,ResNet,0.9091,0.5,0.0,0.0,0.9091
914,ResNet,0.8182,0.2,0.0,0.0,0.9
915,ResNet,0.9091,0.3,0.0,0.0,1.0
916,ResNet,0.7273,0.0,0.0,0.0,0.8
917,ResNet,0.6364,0.0,0.0,0.0,0.7778
918,ResNet,0.7273,0.1,0.0,0.0,0.8
919,ResNet,0.8182,0.1,0.0,0.0,0.9
920,ResNet,0.7273,0.0,0.0,0.0,0.8
921,ResNet,0.9091,0.5,0.0,0.0,0.9091
922,ResNet,0.8182,0.5,0.0,0.0,0.8182
923,ResNet,0.4545,0.2222,0.0,0.0,0.5556
924,ResNet,0.8182,0.2222,0.0,0.0,1.0
925,ResNet,0.6364,0.0,0.0,0.0,0.7778
926,ResNet,0.5455,0.0,0.0,0.0,0.6
927,ResNet,0.8182,0.1,0.0,0.0,0.9
928,ResNet,0.8182,0.1,0.0,0.0,0.9
929,ResNet,0.7273,0.2,0.0,0.0,0.8
930,ResNet,0.8182,0.5,0.0,0.0,0.8182
931,ResNet,0.7273,0.1,0.0,0.0,0.8
932,ResNet,0.4545,0.1,0.0,0.0,0.5
933,ResNet,0.8182,0.1111,0.0,0.0,1.0
934,ResNet,0.8182,0.2,0.0,0.0,0.9
935,ResNet,0.7273,0.5,0.0,0.0,0.7273
936,ResNet,0.9091,0.5,0.0,0.0,0.9091
937,ResNet,0.8182,0.5,0.0,0.0,0.8182
938,ResNet,0.9091,0.5,0.0,0.0,0.9091
939,ResNet,0.7273,0.0,0.0,0.0,0.8889
940,ResNet,0.7273,0.0,0.0,0.0,1.0
941,ResNet,0.8182,0.5,0.0,0.0,0.8182
942,ResNet,0.9091,0.0,0.0,0.0,1.0
943,ResNet,0.5455,0.1,0.0,0.0,0.6
944,ResNet,0.9091,0.0,0.0,0.0,1.0
945,ResNet,0.6364,0.2222,0.0,0.0,0.7778
946,ResNet,0.6364,0.5,0.0,0.0,0.6364
947,ResNet,0.6364,0.5,0.0,0.0,0.6364
948,ResNet,0.7273,0.0,0.0,0.0,0.8889
949,ResNet,0.4545,0.5,0.0,0.0,0.4545
950,ResNet,0.6364,0.125,0.0,0.0,0.875
951,ResNet,0.8182,0.5,0.0,0.0,0.8182
952,ResNet,0.9091,0.2,0.0,0.0,1.0
953,ResNet,0.8182,0.1111,0.0,0.0,1.0
954,ResNet,0.8182,0.5,0.0,0.0,0.8182
955,ResNet,0.7273,0.5,0.0,0.0,0.7273
956,ResNet,0.7273,0.5,0.0,0.0,0.7273
957,ResNet,0.9091,0.5,0.0,0.0,0.9091
958,ResNet,0.6364,0.5,0.0,0.0,0.6364
959,ResNet,0.7273,0.5,0.0,0.0,0.7273
960,ResNet,0.7273,0.0,0.0,0.0,0.8
961,ResNet,0.7273,0.5,0.0,0.0,0.7273
962,ResNet,0.6364,0.1111,0.0,0.0,0.7778
963,ResNet,1.0,0.5,0.0,0.0,1.0
964,ResNet,0.5455,0.0,0.0,0.0,0.6667
965,ResNet,0.9091,0.0,0.0,0.0,1.0
966,ResNet,0.6364,0.0,0.0,0.0,0.7
967,ResNet,0.7273,0.2,0.0,0.0,0.8
968,ResNet,0.8182,0.5,0.0,0.0,0.8182
969,ResNet,0.9091,0.1,0.0,0.0,1.0
970,ResNet,0.8182,0.5,0.0,0.0,0.8182
971,ResNet,0.8182,0.1,0.0,0.0,0.9
972,ResNet,0.6364,0.0,0.0,0.0,1.0
973,ResNet,0.7273,0.1,0.0,0.0,0.8
974,ResNet,0.5455,0.1,0.0,0.0,0.6
975,ResNet,0.6364,0.5,0.0,0.0,0.6364
976,ResNet,1.0,0.5,0.0,0.0,1.0
977,ResNet,0.7273,0.0,0.0,0.0,0.8
978,ResNet,0.7273,0.5,0.0,0.0,0.7273
979,ResNet,0.8182,0.5,0.0,0.0,0.8182
980,ResNet,0.8182,0.2,0.0,0.0,0.9
981,ResNet,0.7273,0.5,0.0,0.0,0.7273
982,ResNet,0.5455,0.5,0.0,0.0,0.5455
983,ResNet,0.7273,0.1111,0.0,0.0,0.8889
984,ResNet,0.7273,0.0,0.0,0.0,0.8
985,ResNet,1.0,0.5,0.0,0.0,1.0
986,ResNet,0.7273,0.0,0.0,0.0,0.8889
987,ResNet,0.8182,0.0,0.0,0.0,1.0
988,ResNet,0.9091,0.5,0.0,0.0,0.9091
989,ResNet,0.6364,0.1,0.0,0.0,0.7
990,ResNet,0.9091,0.1,0.0,0.0,1.0
991,ResNet,0.6364,0.1111,0.0,0.0,0.7778
992,ResNet,0.8182,0.3,0.0,0.0,0.9
993,ResNet,0.6364,0.0,0.0,0.0,0.7
994,ResNet,0.8182,0.0,0.0,0.0,0.9
995,ResNet,0.6364,0.5,0.0,0.0,0.6364
996,ResNet,0.7273,0.5,0.0,0.0,0.7273
997,ResNet,0.5455,0.0,0.0,0.0,0.75
998,ResNet,0.6364,0.0,0.0,0.0,0.7
999,ResNet,0.5455,0.0,0.0,0.0,0.6667
1000,ResNet,0.8182,0.5,0.0,0.0,0.8182
1,SqueezeNet,0.9091,0.6,0.0,0.0,1.0
2,SqueezeNet,1.0,0.5,0.0,0.0,1.0
3,SqueezeNet,0.9091,0.3,0.0,0.0,1.0
4,SqueezeNet,0.9091,0.5,0.0,0.0,0.9091
5,SqueezeNet,0.8182,0.5,0.0,0.0,0.8182
6,SqueezeNet,0.7273,0.3,0.0,0.0,0.8
7,SqueezeNet,0.7273,0.5,0.0,0.0,0.8
8,SqueezeNet,0.7273,0.5,0.0,0.0,0.7273
9,SqueezeNet,0.5455,0.6667,0.0,0.0,1.0
10,SqueezeNet,1.0,0.5,0.0,0.0,1.0
11,SqueezeNet,0.7273,0.3333,0.0,0.0,0.8889
12,SqueezeNet,0.7273,0.5,0.0,0.0,0.7273
13,SqueezeNet,0.9091,0.5,0.0,0.0,0.9091
14,SqueezeNet,0.9091,0.7,0.0,0.0,1.0
15,SqueezeNet,0.8182,0.5,0.0,0.0,0.8182
16,SqueezeNet,0.9091,0.5,0.0,0.0,0.9091
17,SqueezeNet,0.9091,0.3,0.0,0.0,1.0
18,SqueezeNet,0.6364,0.5,0.0,0.0,0.875
19,SqueezeNet,0.9091,0.5,0.0,0.0,0.9091
20,SqueezeNet,0.7273,0.4444,0.0,0.0,0.8889
21,SqueezeNet,0.9091,0.6,0.0,0.0,1.0
22,SqueezeNet,0.9091,0.5,0.0,0.0,0.9091
23,SqueezeNet,0.8182,0.4444,0.0,0.0,1.0
24,SqueezeNet,0.7273,0.5,0.0,0.0,0.8
25,SqueezeNet,0.7273,0.5,0.0,0.0,0.7273
26,SqueezeNet,0.8182,0.6667,0.0,0.0,1.0
27,SqueezeNet,0.9091,0.6,0.0,0.0,1.0
28,SqueezeNet,0.9091,0.7,0.0,0.0,1.0
29,SqueezeNet,0.6364,0.6667,0.0,0.0,0.7778
30,SqueezeNet,0.8182,0.5,0.0,0.0,0.9
31,SqueezeNet,0.7273,0.75,0.0,0.0,1.0
32,SqueezeNet,0.6364,0.6667,0.0,0.0,0.7778
33,SqueezeNet,0.8182,0.5,0.0,0.0,0.8182
34,SqueezeNet,0.8182,0.5,0.0,0.0,0.8182
35,SqueezeNet,0.7273,0.625,0.0,0.0,1.0
36,SqueezeNet,0.7273,0.3333,0.0,0.0,0.8889
37,SqueezeNet,0.7273,0.4,0.0,0.0,0.8
38,SqueezeNet,0.8182,0.5,0.0,0.0,0.8182
39,SqueezeNet,0.7273,0.4444,0.0,0.0,0.8889
40,SqueezeNet,1.0,0.5,0.0,0.0,1.0
41,SqueezeNet,0.9091,0.6,0.0,0.0,1.0
42,SqueezeNet,0.9091,0.5,0.0,0.0,0.9091
43,SqueezeNet,0.8182,0.6,0.0,0.0,0.9
44,SqueezeNet,0.8182,0.7,0.0,0.0,0.9
45,SqueezeNet,0.7273,0.625,0.0,0.0,1.0
46,SqueezeNet,0.5455,0.5,0.0,0.0,1.0
47,SqueezeNet,0.7273,0.4,0.0,0.0,0.8
48,SqueezeNet,0.7273,0.5,0.0,0.0,0.7273
49,SqueezeNet,0.9091,0.5,0.0,0.0,0.9091
50,SqueezeNet,0.9091,0.6,0.0,0.0,1.0
51,SqueezeNet,0.8182,0.6,0.0,0.0,0.9
52,SqueezeNet,0.9091,0.5,0.0,0.0,0.9091
53,SqueezeNet,0.9091,0.5,0.0,0.0,0.9091
54,SqueezeNet,0.8182,0.6,0.0,0.0,0.9
55,SqueezeNet,0.9091,0.5,0.0,0.0,0.9091
56,SqueezeNet,0.6364,0.6,0.0,0.0,0.7
57,SqueezeNet,0.9091,0.5,0.0,0.0,0.9091
58,SqueezeNet,0.7273,0.4,0.0,0.0,0.8
59,SqueezeNet,0.9091,0.5,0.0,0.0,0.9091
60,SqueezeNet,0.8182,0.5,0.0,0.0,0.8182
61,SqueezeNet,0.9091,0.5,0.0,0.0,0.9091
62,SqueezeNet,0.7273,0.5,0.0,0.0,0.8
63,SqueezeNet,0.6364,0.5714,0.0,0.0,1.0
64,SqueezeNet,0.6364,0.6,0.0,0.0,0.7
65,SqueezeNet,1.0,0.5,0.0,0.0,1.0
66,SqueezeNet,0.8182,0.6,0.0,0.0,0.9
67,SqueezeNet,0.9091,0.5,0.0,0.0,0.9091
68,SqueezeNet,0.8182,0.8,0.0,0.0,0.9
69,SqueezeNet,0.5455,0.5,0.0,0.0,0.75
70,SqueezeNet,0.7273,0.3333,0.0,0.0,0.8889
71,SqueezeNet,0.9091,0.5,0.0,0.0,0.9091
72,SqueezeNet,1.0,0.5,0.0,0.0,1.0
73,SqueezeNet,0.5455,0.3,0.0,0.0,0.6
74,SqueezeNet,0.9091,0.5,0.0,0.0,0.9091
75,SqueezeNet,0.8182,0.6,0.0,0.0,0.9
76,SqueezeNet,0.9091,0.5,0.0,0.0,0.9091
77,SqueezeNet,0.8182,0.7778,0.0,0.0,1.0
78,SqueezeNet,0.9091,0.5,0.0,0.0,0.9091
79,SqueezeNet,0.7273,0.6667,0.0,0.0,0.8889
80,SqueezeNet,0.7273,0.5,0.0,0.0,0.8
81,SqueezeNet,0.7273,0.5,0.0,0.0,0.7273
82,SqueezeNet,0.8182,0.6,0.0,0.0,0.9
83,SqueezeNet,0.8182,0.6667,0.0,0.0,1.0
84,SqueezeNet,1.0,0.5,0.0,0.0,1.0
85,SqueezeNet,0.7273,0.5,0.0,0.0,0.7273
86,SqueezeNet,0.8182,0.5556,0.0,0.0,1.0
87,SqueezeNet,0.9091,0.5,0.0,0.0,0.9091
88,SqueezeNet,0.7273,0.5,0.0,0.0,0.7273
89,SqueezeNet,0.6364,0.3,0.0,0.0,0.7
90,SqueezeNet,0.8182,0.8,0.0,0.0,0.9
91,SqueezeNet,0.9091,0.5,0.0,0.0,1.0
92,SqueezeNet,0.7273,0.5556,0.0,0.0,0.8889
93,SqueezeNet,0.8182,0.9,0.0,0.0,0.9
94,SqueezeNet,1.0,0.5,0.0,0.0,1.0
95,SqueezeNet,0.8182,0.4,0.0,0.0,0.9
96,SqueezeNet,0.8182,1.0,0.0,0.0,1.0
97,SqueezeNet,1.0,0.5,0.0,0.0,1.0
98,SqueezeNet,0.8182,0.4,0.0,0.0,0.9
99,SqueezeNet,0.8182,0.5,0.0,0.0,0.8182
100,SqueezeNet,0.8182,0.6667,0.0,0.0,1.0
101,SqueezeNet,0.9091,0.7,0.0,0.0,1.0
102,SqueezeNet,0.9091,0.6,0.0,0.0,1.0
103,SqueezeNet,1.0,0.5,0.0,0.0,1.0
104,SqueezeNet,0.8182,0.5,0.0,0.0,0.8182
105,SqueezeNet,0.6364,0.5,0.0,0.0,0.6364
106,SqueezeNet,1.0,0.5,0.0,0.0,1.0
107,SqueezeNet,0.9091,0.8,0.0,0.0,1.0
108,SqueezeNet,0.7273,0.5,0.0,0.0,0.8
109,SqueezeNet,0.9091,0.3,0.0,0.0,1.0
110,SqueezeNet,0.9091,0.7,0.0,0.0,1.0
111,SqueezeNet,0.9091,0.5,0.0,0.0,0.9091
112,SqueezeNet,0.8182,0.5,0.0,0.0,0.9
113,SqueezeNet,0.6364,0.5,0.0,0.0,0.875
114,SqueezeNet,0.9091,0.3,0.0,0.0,1.0
115,SqueezeNet,0.9091,0.6,0.0,0.0,1.0
116,SqueezeNet,0.9091,0.7,0.0,0.0,1.0
117,SqueezeNet,0.7273,0.3,0.0,0.0,0.8
118,SqueezeNet,0.8182,0.4444,0.0,0.0,1.0
119,SqueezeNet,1.0,0.5,0.0,0.0,1.0
120,SqueezeNet,0.6364,0.3333,0.0,0.0,0.7778
121,SqueezeNet,0.6364,0.75,0.0,0.0,0.875
122,SqueezeNet,0.8182,0.5,0.0,0.0,0.8182
123,SqueezeNet,0.8182,0.5,0.0,0.0,0.8182
124,SqueezeNet,0.7273,0.4444,0.0,0.0,0.8889
125,SqueezeNet,0.7273,0.4,0.0,0.0,0.8
126,SqueezeNet,0.7273,0.4444,0.0,0.0,0.8889
127,SqueezeNet,0.9091,0.5,0.0,0.0,0.9091
128,SqueezeNet,0.9091,0.6,0.0,0.0,1.0
129,SqueezeNet,0.8182,0.3,0.0,0.0,0.9
130,SqueezeNet,0.7273,0.4444,0.0,0.0,0.8889
131,SqueezeNet,0.9091,0.4,0.0,0.0,1.0
132,SqueezeNet,0.9091,0.5,0.0,0.0,0.9091
133,SqueezeNet,0.8182,0.6,0.0,0.0,0.9
134,SqueezeNet,0.6364,0.5,0.0,0.0,0.6364
135,SqueezeNet,0.8182,0.4,0.0,0.0,0.9
136,SqueezeNet,0.9091,0.6,0.0,0.0,1.0
137,SqueezeNet,0.8182,0.5,0.0,0.0,0.9
138,SqueezeNet,0.7273,0.4444,0.0,0.0,0.8889
139,SqueezeNet,0.7273,0.6667,0.0,0.0,0.8889
140,SqueezeNet,0.8182,0.5,0.0,0.0,0.8182
141,SqueezeNet,0.6364,0.375,0.0,0.0,0.875
142,SqueezeNet,0.7273,0.7778,0.0,0.0,0.8889
143,SqueezeNet,0.7273,0.5,0.0,0.0,0.7273
144,SqueezeNet,0.7273,0.5556,0.0,0.0,0.8889
145,SqueezeNet,0.7273,0.5556,0.0,0.0,0.8889
146,SqueezeNet,0.9091,0.5,0.0,0.0,0.9091
147,SqueezeNet,0.6364,0.625,0.0,0.0,0.875
148,SqueezeNet,0.8182,0.5,0.0,0.0,0.8182
149,SqueezeNet,1.0,0.5,0.0,0.0,1.0
150,SqueezeNet,0.7273,0.4,0.0,0.0,0.8
151,SqueezeNet,0.8182,0.5,0.0,0.0,0.8182
152,SqueezeNet,0.5455,0.375,0.0,0.0,0.75
153,SqueezeNet,0.7273,0.6667,0.0,0.0,0.8889
154,SqueezeNet,0.9091,0.5,0.0,0.0,0.9091
155,SqueezeNet,0.8182,0.5,0.0,0.0,0.8182
156,SqueezeNet,0.7273,0.5,0.0,0.0,0.8
157,SqueezeNet,0.8182,0.5,0.0,0.0,0.8182
158,SqueezeNet,0.7273,0.3,0.0,0.0,0.8
159,SqueezeNet,0.8182,0.3333,0.0,0.0,1.0
160,SqueezeNet,1.0,0.5,0.0,0.0,1.0
161,SqueezeNet,0.8182,0.5,0.0,0.0,0.9
162,SqueezeNet,1.0,0.5,0.0,0.0,1.0
163,SqueezeNet,0.9091,0.6,0.0,0.0,1.0
164,SqueezeNet,0.7273,0.5,0.0,0.0,0.7273
165,SqueezeNet,0.8182,0.6,0.0,0.0,0.9
166,SqueezeNet,1.0,0.5,0.0,0.0,1.0
167,SqueezeNet,1.0,0.5,0.0,0.0,1.0
168,SqueezeNet,1.0,0.5,0.0,0.0,1.0
169,SqueezeNet,0.7273,0.4,0.0,0.0,0.8
170,SqueezeNet,1.0,0.5,0.0,0.0,1.0
171,SqueezeNet,1.0,0.5,0.0,0.0,1.0
172,SqueezeNet,0.9091,0.5,0.0,0.0,0.9091
173,SqueezeNet,0.7273,0.4,0.0,0.0,0.8
174,SqueezeNet,0.7273,0.5,0.0,0.0,1.0
175,SqueezeNet,1.0,0.5,0.0,0.0,1.0
176,SqueezeNet,1.0,0.5,0.0,0.0,1.0
177,SqueezeNet,0.8182,0.3,0.0,0.0,0.9
178,SqueezeNet,0.9091,0.6,0.0,0.0,1.0
179,SqueezeNet,1.0,0.5,0.0,0.0,1.0
180,SqueezeNet,0.6364,0.1,0.0,0.0,0.7
181,SqueezeNet,0.6364,0.4444,0.0,0.0,0.7778
182,SqueezeNet,0.6364,0.4286,0.0,0.0,1.0
183,SqueezeNet,0.8182,0.4,0.0,0.0,0.9
184,SqueezeNet,0.9091,0.5,0.0,0.0,0.9091
185,SqueezeNet,0.9091,0.5,0.0,0.0,0.9091
186,SqueezeNet,0.7273,0.6667,0.0,0.0,0.8889
187,SqueezeNet,0.9091,0.5,0.0,0.0,0.9091
188,SqueezeNet,0.8182,0.3,0.0,0.0,0.9
189,SqueezeNet,1.0,0.5,0.0,0.0,1.0
190,SqueezeNet,0.7273,0.5,0.0,0.0,0.7273
191,SqueezeNet,0.7273,0.5,0.0,0.0,0.8
192,SqueezeNet,0.7273,0.4,0.0,0.0,0.8
193,SqueezeNet,0.8182,0.5,0.0,0.0,0.9
194,SqueezeNet,0.7273,0.5,0.0,0.0,0.7273
195,SqueezeNet,0.6364,0.5,0.0,0.0,0.7
196,SqueezeNet,0.9091,0.9,0.0,0.0,1.0
197,SqueezeNet,0.8182,0.3,0.0,0.0,0.9
198,SqueezeNet,1.0,0.5,0.0,0.0,1.0
199,SqueezeNet,0.9091,0.5,0.0,0.0,0.9091
200,SqueezeNet,0.8182,0.5556,0.0,0.0,1.0
201,SqueezeNet,0.8182,0.7,0.0,0.0,0.9
202,SqueezeNet,0.9091,0.3,0.0,0.0,1.0
203,SqueezeNet,0.7273,0.4,0.0,0.0,0.8
204,SqueezeNet,0.8182,0.3,0.0,0.0,0.9
205,SqueezeNet,0.8182,0.3,0.0,0.0,0.9
206,SqueezeNet,1.0,0.5,0.0,0.0,1.0
207,SqueezeNet,0.8182,0.3,0.0,0.0,0.9
208,SqueezeNet,0.8182,0.5,0.0,0.0,0.8182
209,SqueezeNet,0.7273,0.5,0.0,0.0,0.8
210,SqueezeNet,0.8182,0.4,0.0,0.0,0.9
211,SqueezeNet,0.9091,0.5,0.0,0.0,0.9091
212,SqueezeNet,0.9091,0.5,0.0,0.0,0.9091
213,SqueezeNet,0.9091,0.6,0.0,0.0,1.0
214,SqueezeNet,1.0,0.5,0.0,0.0,1.0
215,SqueezeNet,0.8182,0.5,0.0,0.0,0.8182
216,SqueezeNet,0.8182,0.5,0.0,0.0,0.9
217,SqueezeNet,0.9091,0.5,0.0,0.0,0.9091
218,SqueezeNet,0.7273,0.4444,0.0,0.0,0.8889
219,SqueezeNet,0.8182,0.5,0.0,0.0,0.9
220,SqueezeNet,0.8182,0.3333,0.0,0.0,1.0
221,SqueezeNet,0.6364,0.7143,0.0,0.0,1.0
222,SqueezeNet,0.8182,0.7,0.0,0.0,0.9
223,SqueezeNet,1.0,0.5,0.0,0.0,1.0
224,SqueezeNet,0.8182,0.6,0.0,0.0,0.9
225,SqueezeNet,0.9091,0.5,0.0,0.0,1.0
226,SqueezeNet,0.9091,0.6,0.0,0.0,1.0
227,SqueezeNet,0.6364,0.4,0.0,0.0,0.7
228,SqueezeNet,0.9091,0.7,0.0,0.0,1.0
229,SqueezeNet,0.9091,0.2,0.0,0.0,1.0
230,SqueezeNet,0.9091,0.6,0.0,0.0,1.0
231,SqueezeNet,0.4545,0.4286,0.0,0.0,0.7143
232,SqueezeNet,0.9091,0.6,0.0,0.0,1.0
233,SqueezeNet,0.9091,0.8,0.0,0.0,1.0
234,SqueezeNet,0.8182,0.5,0.0,0.0,0.9
235,SqueezeNet,0.7273,0.3333,0.0,0.0,0.8889
236,SqueezeNet,0.7273,0.7778,0.0,0.0,0.8889
237,SqueezeNet,0.7273,0.5,0.0,0.0,0.7273
238,SqueezeNet,1.0,0.5,0.0,0.0,1.0
239,SqueezeNet,0.8182,0.5,0.0,0.0,0.8182
240,SqueezeNet,1.0,0.5,0.0,0.0,1.0
241,SqueezeNet,0.7273,0.4,0.0,0.0,0.8
242,SqueezeNet,0.8182,0.4,0.0,0.0,0.9
243,SqueezeNet,0.8182,0.4,0.0,0.0,0.9
244,SqueezeNet,0.7273,0.3,0.0,0.0,0.8
245,SqueezeNet,0.6364,0.4,0.0,0.0,0.7
246,SqueezeNet,0.7273,0.75,0.0,0.0,1.0
247,SqueezeNet,0.8182,0.5,0.0,0.0,0.9
248,SqueezeNet,0.7273,0.5,0.0,0.0,0.7273
249,SqueezeNet,1.0,0.5,0.0,0.0,1.0
250,SqueezeNet,0.8182,0.5556,0.0,0.0,1.0
251,SqueezeNet,0.8182,0.8889,0.0,0.0,1.0
252,SqueezeNet,0.8182,0.2,0.0,0.0,0.9
253,SqueezeNet,1.0,0.5,0.0,0.0,1.0
254,SqueezeNet,0.8182,0.3333,0.0,0.0,1.0
255,SqueezeNet,0.9091,0.2,0.0,0.0,1.0
256,SqueezeNet,0.7273,0.5556,0.0,0.0,0.8889
257,SqueezeNet,0.8182,0.8,0.0,0.0,0.9
258,SqueezeNet,0.8182,0.6,0.0,0.0,0.9
259,SqueezeNet,1.0,0.5,0.0,0.0,1.0
260,SqueezeNet,0.9091,0.8,0.0,0.0,1.0
261,SqueezeNet,1.0,0.5,0.0,0.0,1.0
262,SqueezeNet,0.8182,0.5,0.0,0.0,0.8182
263,SqueezeNet,0.9091,0.5,0.0,0.0,0.9091
264,SqueezeNet,0.9091,0.6,0.0,0.0,1.0
265,SqueezeNet,0.8182,0.4,0.0,0.0,0.9
266,SqueezeNet,0.8182,0.5,0.0,0.0,0.9
267,SqueezeNet,0.9091,0.5,0.0,0.0,0.9091
268,SqueezeNet,0.4545,0.5,0.0,0.0,0.8333
269,SqueezeNet,0.8182,0.5,0.0,0.0,0.8182
270,SqueezeNet,0.9091,0.6,0.0,0.0,1.0
271,SqueezeNet,0.9091,0.5,0.0,0.0,0.9091
272,SqueezeNet,0.8182,0.6,0.0,0.0,0.9
273,SqueezeNet,0.7273,0.625,0.0,0.0,1.0
274,SqueezeNet,0.9091,0.6,0.0,0.0,1.0
275,SqueezeNet,0.9091,0.5,0.0,0.0,1.0
276,SqueezeNet,0.7273,0.25,0.0,0.0,1.0
277,SqueezeNet,0.7273,0.3333,0.0,0.0,0.8889
278,SqueezeNet,0.8182,0.8889,0.0,0.0,1.0
279,SqueezeNet,0.9091,0.5,0.0,0.0,0.9091
280,SqueezeNet,0.8182,0.5,0.0,0.0,0.8182
281,SqueezeNet,0.9091,0.5,0.0,0.0,0.9091
282,SqueezeNet,0.8182,0.6,0.0,0.0,0.9
283,SqueezeNet,1.0,0.5,0.0,0.0,1.0
284,SqueezeNet,1.0,0.5,0.0,0.0,1.0
285,SqueezeNet,0.8182,0.4444,0.0,0.0,1.0
286,SqueezeNet,0.9091,0.6,0.0,0.0,1.0
287,SqueezeNet,0.7273,0.7778,0.0,0.0,0.8889
288,SqueezeNet,0.8182,0.4,0.0,0.0,0.9
289,SqueezeNet,1.0,0.5,0.0,0.0,1.0
290,SqueezeNet,0.9091,0.5,0.0,0.0,0.9091
291,SqueezeNet,0.8182,0.7,0.0,0.0,0.9
292,SqueezeNet,0.6364,0.3333,0.0,0.0,0.7778
293,SqueezeNet,0.5455,0.5556,0.0,0.0,0.6667
294,SqueezeNet,0.7273,0.3,0.0,0.0,0.8
295,SqueezeNet,0.8182,0.5,0.0,0.0,0.8182
296,SqueezeNet,0.8182,0.7,0.0,0.0,0.9
297,SqueezeNet,0.8182,0.5,0.0,0.0,0.8182
298,SqueezeNet,0.9091,0.5,0.0,0.0,1.0
299,SqueezeNet,0.7273,0.6667,0.0,0.0,0.8889
300,SqueezeNet,0.8182,0.5,0.0,0.0,0.8182
301,SqueezeNet,0.8182,0.5,0.0,0.0,0.8182
302,SqueezeNet,0.9091,0.8,0.0,0.0,1.0
303,SqueezeNet,0.8182,0.4,0.0,0.0,0.9
304,SqueezeNet,0.9091,0.5,0.0,0.0,0.9091
305,SqueezeNet,0.7273,0.5556,0.0,0.0,0.8889
306,SqueezeNet,0.8182,0.5,0.0,0.0,0.9
307,SqueezeNet,0.8182,0.7,0.0,0.0,0.9
308,SqueezeNet,0.9091,0.6,0.0,0.0,1.0
309,SqueezeNet,0.7273,0.2222,0.0,0.0,0.8889
310,SqueezeNet,0.9091,0.5,0.0,0.0,0.9091
311,SqueezeNet,0.7273,0.3333,0.0,0.0,0.8889
312,SqueezeNet,0.8182,0.5,0.0,0.0,0.9
313,SqueezeNet,0.8182,0.6667,0.0,0.0,1.0
314,SqueezeNet,0.9091,0.5,0.0,0.0,0.9091
315,SqueezeNet,0.7273,0.5,0.0,0.0,1.0
316,SqueezeNet,0.9091,0.5,0.0,0.0,0.9091
317,SqueezeNet,0.9091,0.5,0.0,0.0,1.0
318,SqueezeNet,0.6364,0.4286,0.0,0.0,1.0
319,SqueezeNet,0.8182,0.3333,0.0,0.0,1.0
320,SqueezeNet,1.0,0.5,0.0,0.0,1.0
321,SqueezeNet,0.6364,0.5556,0.0,0.0,0.7778
322,SqueezeNet,0.6364,0.4444,0.0,0.0,0.7778
323,SqueezeNet,0.7273,0.3,0.0,0.0,0.8
324,SqueezeNet,0.9091,0.5,0.0,0.0,0.9091
325,SqueezeNet,0.7273,0.5556,0.0,0.0,0.8889
326,SqueezeNet,0.9091,0.6,0.0,0.0,1.0
327,SqueezeNet,0.9091,0.2,0.0,0.0,1.0
328,SqueezeNet,0.7273,0.625,0.0,0.0,1.0
329,SqueezeNet,0.6364,0.5556,0.0,0.0,0.7778
330,SqueezeNet,1.0,0.5,0.0,0.0,1.0
331,SqueezeNet,0.8182,0.5,0.0,0.0,0.9
332,SqueezeNet,0.9091,0.5,0.0,0.0,0.9091
333,SqueezeNet,0.7273,0.5,0.0,0.0,0.7273
334,SqueezeNet,1.0,0.5,0.0,0.0,1.0
335,SqueezeNet,0.6364,0.2222,0.0,0.0,0.7778
336,SqueezeNet,0.9091,0.5,0.0,0.0,0.9091
337,SqueezeNet,0.7273,0.4444,0.0,0.0,0.8889
338,SqueezeNet,0.9091,0.5,0.0,0.0,0.9091
339,SqueezeNet,0.6364,0.25,0.0,0.0,0.875
340,SqueezeNet,0.8182,0.4444,0.0,0.0,1.0
341,SqueezeNet,0.5455,0.3333,0.0,0.0,0.6667
342,SqueezeNet,0.5455,0.4444,0.0,0.0,0.6667
343,SqueezeNet,0.8182,0.6,0.0,0.0,0.9
344,SqueezeNet,0.8182,0.5,0.0,0.0,0.8182
345,SqueezeNet,0.2727,0.0,0.0,0.0,0.3333
346,SqueezeNet,0.7273,0.4444,0.0,0.0,0.8889
347,SqueezeNet,0.8182,0.4,0.0,0.0,0.9
348,SqueezeNet,0.7273,0.3333,0.0,0.0,0.8889
349,SqueezeNet,0.7273,0.7778,0.0,0.0,0.8889
350,SqueezeNet,0.7273,0.5556,0.0,0.0,0.8889
351,SqueezeNet,0.9091,0.5,0.0,0.0,0.9091
352,SqueezeNet,0.9091,0.5,0.0,0.0,1.0
353,SqueezeNet,1.0,0.5,0.0,0.0,1.0
354,SqueezeNet,1.0,0.5,0.0,0.0,1.0
355,SqueezeNet,0.7273,0.3,0.0,0.0,0.8
356,SqueezeNet,0.9091,0.9,0.0,0.0,1.0
357,SqueezeNet,0.8182,0.5,0.0,0.0,0.9
358,SqueezeNet,0.8182,0.6667,0.0,0.0,1.0
359,SqueezeNet,0.9091,0.5,0.0,0.0,0.9091
360,SqueezeNet,0.8182,0.5556,0.0,0.0,1.0
361,SqueezeNet,0.7273,0.3333,0.0,0.0,0.8889
362,SqueezeNet,0.7273,0.5,0.0,0.0,0.7273
363,SqueezeNet,0.5455,0.5,0.0,0.0,0.5455
364,SqueezeNet,0.9091,0.5,0.0,0.0,0.9091
365,SqueezeNet,0.9091,0.5,0.0,0.0,0.9091
366,SqueezeNet,0.7273,0.4444,0.0,0.0,0.8889
367,SqueezeNet,1.0,0.5,0.0,0.0,1.0
368,SqueezeNet,0.8182,0.5,0.0,0.0,0.8182
369,SqueezeNet,0.7273,0.2222,0.0,0.0,0.8889
370,SqueezeNet,0.8182,0.6,0.0,0.0,0.9
371,SqueezeNet,0.8182,0.4444,0.0,0.0,1.0
372,SqueezeNet,0.8182,0.4444,0.0,0.0,1.0
373,SqueezeNet,0.7273,0.5,0.0,0.0,0.7273
374,SqueezeNet,0.9091,0.6,0.0,0.0,1.0
375,SqueezeNet,0.7273,0.5,0.0,0.0,0.8
376,SqueezeNet,0.7273,0.2,0.0,0.0,0.8
377,SqueezeNet,0.8182,0.7,0.0,0.0,0.9
378,SqueezeNet,0.8182,0.3333,0.0,0.0,1.0
379,SqueezeNet,0.8182,0.3,0.0,0.0,0.9
380,SqueezeNet,0.8182,0.5,0.0,0.0,0.8182
381,SqueezeNet,0.8182,0.5,0.0,0.0,0.9
382,SqueezeNet,0.8182,0.5,0.0,0.0,0.8182
383,SqueezeNet,0.7273,0.4444,0.0,0.0,0.8889
384,SqueezeNet,0.7273,0.3333,0.0,0.0,0.8889
385,SqueezeNet,0.9091,0.5,0.0,0.0,0.9091
386,SqueezeNet,1.0,0.5,0.0,0.0,1.0
387,SqueezeNet,0.7273,0.6667,0.0,0.0,0.8889
388,SqueezeNet,0.7273,0.625,0.0,0.0,1.0
389,SqueezeNet,0.9091,0.7,0.0,0.0,1.0
390,SqueezeNet,0.6364,0.3333,0.0,0.0,0.7778
391,SqueezeNet,0.9091,0.5,0.0,0.0,0.9091
392,SqueezeNet,0.8182,0.5,0.0,0.0,0.9
393,SqueezeNet,0.8182,0.5,0.0,0.0,0.8182
394,SqueezeNet,1.0,0.5,0.0,0.0,1.0
395,SqueezeNet,1.0,0.5,0.0,0.0,1.0
396,SqueezeNet,1.0,0.5,0.0,0.0,1.0
397,SqueezeNet,0.7273,0.5,0.0,0.0,1.0
398,SqueezeNet,0.8182,0.5556,0.0,0.0,1.0
399,SqueezeNet,0.8182,0.3333,0.0,0.0,1.0
400,SqueezeNet,0.6364,0.4444,0.0,0.0,0.7778
401,SqueezeNet,1.0,0.5,0.0,0.0,1.0
402,SqueezeNet,0.9091,0.5,0.0,0.0,1.0
403,SqueezeNet,0.8182,0.5,0.0,0.0,0.9
404,SqueezeNet,0.5455,0.5,0.0,0.0,0.75
405,SqueezeNet,0.9091,0.5,0.0,0.0,0.9091
406,SqueezeNet,0.9091,0.5,0.0,0.0,1.0
407,SqueezeNet,0.5455,0.625,0.0,0.0,0.75
408,SqueezeNet,0.9091,0.5,0.0,0.0,0.9091
409,SqueezeNet,0.8182,0.4444,0.0,0.0,1.0
410,SqueezeNet,0.8182,0.7778,0.0,0.0,1.0
411,SqueezeNet,0.8182,0.5,0.0,0.0,0.8182
412,SqueezeNet,0.8182,0.5556,0.0,0.0,1.0
413,SqueezeNet,0.7273,0.6,0.0,0.0,0.8
414,SqueezeNet,0.8182,0.7,0.0,0.0,0.9
415,SqueezeNet,0.8182,0.5,0.0,0.0,0.8182
416,SqueezeNet,0.8182,0.6,0.0,0.0,0.9
417,SqueezeNet,0.8182,0.7778,0.0,0.0,1.0
418,SqueezeNet,0.7273,0.5556,0.0,0.0,0.8889
419,SqueezeNet,0.8182,0.6667,0.0,0.0,1.0
420,SqueezeNet,0.7273,0.5,0.0,0.0,0.8
421,SqueezeNet,0.6364,0.5,0.0,0.0,0.6364
422,SqueezeNet,0.7273,0.4444,0.0,0.0,0.8889
423,SqueezeNet,1.0,0.5,0.0,0.0,1.0
424,SqueezeNet,0.7273,0.4,0.0,0.0,0.8
425,SqueezeNet,0.8182,0.4,0.0,0.0,0.9
426,SqueezeNet,0.7273,0.7,0.0,0.0,0.8
427,SqueezeNet,0.9091,0.5,0.0,0.0,0.9091
428,SqueezeNet,0.8182,0.7,0.0,0.0,0.9
429,SqueezeNet,0.9091,0.5,0.0,0.0,0.9091
430,SqueezeNet,0.9091,0.6,0.0,0.0,1.0
431,SqueezeNet,0.8182,0.5,0.0,0.0,0.8182
432,SqueezeNet,0.8182,0.5,0.0,0.0,0.8182
433,SqueezeNet,0.5455,0.5,0.0,0.0,0.6
434,SqueezeNet,0.9091,0.9,0.0,0.0,1.0
435,SqueezeNet,0.8182,0.6,0.0,0.0,0.9
436,SqueezeNet,0.6364,0.5,0.0,0.0,0.7
437,SqueezeNet,0.9091,0.7,0.0,0.0,1.0
438,SqueezeNet,0.7273,0.5,0.0,0.0,0.7273
439,SqueezeNet,0.7273,0.4444,0.0,0.0,0.8889
440,SqueezeNet,0.8182,0.7,0.0,0.0,0.9
441,SqueezeNet,0.8182,0.7778,0.0,0.0,1.0
442,SqueezeNet,0.8182,0.5,0.0,0.0,0.8182
443,SqueezeNet,0.9091,0.7,0.0,0.0,1.0
444,SqueezeNet,0.7273,0.5,0.0,0.0,0.8
445,SqueezeNet,0.7273,0.5556,0.0,0.0,0.8889
446,SqueezeNet,1.0,0.5,0.0,0.0,1.0
447,SqueezeNet,0.9091,0.5,0.0,0.0,0.9091
448,SqueezeNet,0.8182,0.6667,0.0,0.0,1.0
449,SqueezeNet,0.9091,0.3,0.0,0.0,1.0
450,SqueezeNet,0.9091,0.6,0.0,0.0,1.0
451,SqueezeNet,0.8182,0.6667,0.0,0.0,1.0
452,SqueezeNet,0.9091,0.5,0.0,0.0,0.9091
453,SqueezeNet,0.9091,0.5,0.0,0.0,0.9091
454,SqueezeNet,0.8182,0.5,0.0,0.0,0.8182
455,SqueezeNet,0.8182,0.5,0.0,0.0,0.8182
456,SqueezeNet,0.9091,0.6,0.0,0.0,1.0
457,SqueezeNet,0.8182,0.6,0.0,0.0,0.9
458,SqueezeNet,0.8182,0.5,0.0,0.0,0.9
459,SqueezeNet,0.9091,0.5,0.0,0.0,1.0
460,SqueezeNet,0.8182,0.4,0.0,0.0,0.9
461,SqueezeNet,0.8182,0.5,0.0,0.0,0.9
462,SqueezeNet,1.0,0.5,0.0,0.0,1.0
463,SqueezeNet,0.8182,0.4,0.0,0.0,0.9
464,SqueezeNet,0.9091,0.5,0.0,0.0,0.9091
465,SqueezeNet,0.9091,0.5,0.0,0.0,0.9091
466,SqueezeNet,0.6364,0.5556,0.0,0.0,0.7778
467,SqueezeNet,0.9091,0.5,0.0,0.0,0.9091
468,SqueezeNet,0.9091,0.4,0.0,0.0,1.0
469,SqueezeNet,0.9091,0.5,0.0,0.0,0.9091
470,SqueezeNet,0.8182,0.5,0.0,0.0,0.8182
471,SqueezeNet,0.8182,0.5,0.0,0.0,0.8182
472,SqueezeNet,0.8182,0.5,0.0,0.0,0.9
473,SqueezeNet,0.7273,0.4,0.0,0.0,0.8
474,SqueezeNet,0.7273,0.5,0.0,0.0,0.7273
475,SqueezeNet,0.8182,0.4444,0.0,0.0,1.0
476,SqueezeNet,0.6364,0.375,0.0,0.0,0.875
477,SqueezeNet,1.0,0.5,0.0,0.0,1.0
478,SqueezeNet,0.9091,0.5,0.0,0.0,0.9091
479,SqueezeNet,0.8182,0.5,0.0,0.0,0.8182
480,SqueezeNet,0.9091,0.5,0.0,0.0,1.0
481,SqueezeNet,0.9091,0.6,0.0,0.0,1.0
482,SqueezeNet,0.9091,0.5,0.0,0.0,0.9091
483,SqueezeNet,0.7273,0.3,0.0,0.0,0.8
484,SqueezeNet,0.8182,0.5,0.0,0.0,0.8182
485,SqueezeNet,0.9091,0.6,0.0,0.0,1.0
486,SqueezeNet,0.6364,0.5556,0.0,0.0,0.7778
487,SqueezeNet,0.8182,0.7778,0.0,0.0,1.0
488,SqueezeNet,0.9091,0.5,0.0,0.0,1.0
489,SqueezeNet,0.8182,0.4444,0.0,0.0,1.0
490,SqueezeNet,0.9091,0.4,0.0,0.0,1.0
491,SqueezeNet,0.7273,0.5,0.0,0.0,1.0
492,SqueezeNet,0.8182,0.5556,0.0,0.0,1.0
493,SqueezeNet,0.8182,0.5,0.0,0.0,0.9
494,SqueezeNet,0.8182,0.5,0.0,0.0,0.9
495,SqueezeNet,0.9091,0.5,0.0,0.0,0.9091
496,SqueezeNet,0.9091,0.3,0.0,0.0,1.0
497,SqueezeNet,0.8182,0.5,0.0,0.0,0.8182
498,SqueezeNet,0.8182,0.4444,0.0,0.0,1.0
499,SqueezeNet,0.6364,0.6667,0.0,0.0,0.7778
500,SqueezeNet,0.9091,0.4,0.0,0.0,1.0
501,SqueezeNet,0.8182,0.3333,0.0,0.0,1.0
502,SqueezeNet,0.9091,0.5,0.0,0.0,0.9091
503,SqueezeNet,0.8182,0.4,0.0,0.0,0.9
504,SqueezeNet,1.0,0.5,0.0,0.0,1.0
505,SqueezeNet,0.9091,0.5,0.0,0.0,0.9091
506,SqueezeNet,0.9091,0.5,0.0,0.0,1.0
507,SqueezeNet,0.9091,0.6,0.0,0.0,1.0
508,SqueezeNet,0.9091,0.5,0.0,0.0,0.9091
509,SqueezeNet,0.9091,0.5,0.0,0.0,0.9091
510,SqueezeNet,0.8182,0.5,0.0,0.0,0.8182
511,SqueezeNet,1.0,0.5,0.0,0.0,1.0
512,SqueezeNet,0.6364,0.6,0.0,0.0,0.7
513,SqueezeNet,0.8182,0.7,0.0,0.0,0.9
514,SqueezeNet,0.8182,0.6,0.0,0.0,0.9
515,SqueezeNet,0.8182,0.7,0.0,0.0,0.9
516,SqueezeNet,0.8182,0.4,0.0,0.0,0.9
517,SqueezeNet,0.6364,0.5,0.0,0.0,0.6364
518,SqueezeNet,1.0,0.5,0.0,0.0,1.0
519,SqueezeNet,0.7273,0.6667,0.0,0.0,0.8889
520,SqueezeNet,0.9091,0.2,0.0,0.0,1.0
521,SqueezeNet,0.9091,0.2,0.0,0.0,1.0
522,SqueezeNet,0.9091,0.5,0.0,0.0,0.9091
523,SqueezeNet,0.9091,0.2,0.0,0.0,1.0
524,SqueezeNet,0.4545,0.2222,0.0,0.0,0.5556
525,SqueezeNet,0.7273,0.5,0.0,0.0,0.7273
526,SqueezeNet,0.7273,0.6,0.0,0.0,0.8
527,SqueezeNet,0.9091,0.6,0.0,0.0,1.0
528,SqueezeNet,0.8182,0.4,0.0,0.0,0.9
529,SqueezeNet,0.9091,0.5,0.0,0.0,0.9091
530,SqueezeNet,0.6364,0.375,0.0,0.0,0.875
531,SqueezeNet,0.9091,0.5,0.0,0.0,0.9091
532,SqueezeNet,0.9091,0.5,0.0,0.0,0.9091
533,SqueezeNet,0.6364,0.6,0.0,0.0,0.7
534,SqueezeNet,0.8182,0.8889,0.0,0.0,1.0
535,SqueezeNet,0.7273,0.3333,0.0,0.0,0.8889
536,SqueezeNet,0.7273,0.5,0.0,0.0,1.0
537,SqueezeNet,0.6364,0.2,0.0,0.0,0.7
538,SqueezeNet,0.5455,0.2857,0.0,0.0,0.8571
539,SqueezeNet,0.7273,0.625,0.0,0.0,1.0
540,SqueezeNet,0.8182,0.4,0.0,0.0,0.9
541,SqueezeNet,0.6364,0.7143,0.0,0.0,1.0
542,SqueezeNet,0.8182,0.5,0.0,0.0,0.9
543,SqueezeNet,0.9091,0.8,0.0,0.0,1.0
544,SqueezeNet,0.8182,0.6,0.0,0.0,0.9
545,SqueezeNet,0.9091,0.5,0.0,0.0,0.9091
546,SqueezeNet,1.0,0.5,0.0,0.0,1.0
547,SqueezeNet,0.8182,0.6667,0.0,0.0,1.0
548,SqueezeNet,0.7273,0.4444,0.0,0.0,0.8889
549,SqueezeNet,0.9091,0.5,0.0,0.0,0.9091
550,SqueezeNet,0.8182,0.6,0.0,0.0,0.9
551,SqueezeNet,0.8182,0.1,0.0,0.0,0.9
552,SqueezeNet,0.9091,0.4,0.0,0.0,1.0
553,SqueezeNet,0.6364,0.3333,0.0,0.0,0.7778
554,SqueezeNet,0.7273,0.4,0.0,0.0,0.8
555,SqueezeNet,0.7273,0.625,0.0,0.0,1.0
556,SqueezeNet,0.7273,0.5,0.0,0.0,0.7273
557,SqueezeNet,0.9091,0.6,0.0,0.0,1.0
558,SqueezeNet,0.9091,0.5,0.0,0.0,0.9091
559,SqueezeNet,0.8182,0.3333,0.0,0.0,1.0
560,SqueezeNet,0.6364,0.5,0.0,0.0,0.7
561,SqueezeNet,0.6364,0.625,0.0,0.0,0.875
562,SqueezeNet,0.8182,0.5,0.0,0.0,0.8182
563,SqueezeNet,0.6364,0.5556,0.0,0.0,0.7778
564,SqueezeNet,0.9091,0.5,0.0,0.0,0.9091
565,SqueezeNet,0.8182,0.5,0.0,0.0,0.9
566,SqueezeNet,0.9091,0.5,0.0,0.0,0.9091
567,SqueezeNet,0.9091,0.7,0.0,0.0,1.0
568,SqueezeNet,0.9091,0.7,0.0,0.0,1.0
569,SqueezeNet,0.8182,0.7,0.0,0.0,0.9
570,SqueezeNet,0.9091,0.5,0.0,0.0,0.9091
571,SqueezeNet,1.0,0.5,0.0,0.0,1.0
572,SqueezeNet,0.8182,0.6,0.0,0.0,0.9
573,SqueezeNet,1.0,0.5,0.0,0.0,1.0
574,SqueezeNet,1.0,0.5,0.0,0.0,1.0
575,SqueezeNet,1.0,0.5,0.0,0.0,1.0
576,SqueezeNet,0.6364,0.625,0.0,0.0,0.875
577,SqueezeNet,0.8182,0.5,0.0,0.0,0.8182
578,SqueezeNet,0.8182,0.7778,0.0,0.0,1.0
579,SqueezeNet,0.8182,0.5,0.0,0.0,0.8182
580,SqueezeNet,0.9091,0.3,0.0,0.0,1.0
581,SqueezeNet,0.9091,0.5,0.0,0.0,0.9091
582,SqueezeNet,0.7273,0.7,0.0,0.0,0.8
583,SqueezeNet,1.0,0.5,0.0,0.0,1.0
584,SqueezeNet,0.8182,0.5556,0.0,0.0,1.0
585,SqueezeNet,0.7273,0.5556,0.0,0.0,0.8889
586,SqueezeNet,0.8182,0.7,0.0,0.0,0.9
587,SqueezeNet,0.8182,0.7778,0.0,0.0,1.0
588,SqueezeNet,0.7273,0.2222,0.0,0.0,0.8889
589,SqueezeNet,1.0,0.5,0.0,0.0,1.0
590,SqueezeNet,0.6364,0.2,0.0,0.0,0.7
591,SqueezeNet,0.7273,0.5556,0.0,0.0,0.8889
592,SqueezeNet,0.7273,0.5,0.0,0.0,0.7273
593,SqueezeNet,0.9091,0.5,0.0,0.0,0.9091
594,SqueezeNet,0.7273,0.5556,0.0,0.0,0.8889
595,SqueezeNet,0.6364,0.4444,0.0,0.0,0.7778
596,SqueezeNet,0.7273,0.5556,0.0,0.0,0.8889
597,SqueezeNet,0.9091,0.5,0.0,0.0,0.9091
598,SqueezeNet,0.8182,0.5,0.0,0.0,0.9
599,SqueezeNet,0.9091,0.5,0.0,0.0,0.9091
600,SqueezeNet,0.6364,0.5,0.0,0.0,0.875
601,SqueezeNet,0.7273,0.6667,0.0,0.0,0.8889
602,SqueezeNet,0.9091,0.5,0.0,0.0,0.9091
603,SqueezeNet,0.9091,0.9,0.0,0.0,1.0
604,SqueezeNet,1.0,0.5,0.0,0.0,1.0
605,SqueezeNet,0.9091,0.7,0.0,0.0,1.0
606,SqueezeNet,0.9091,0.5,0.0,0.0,0.9091
607,SqueezeNet,0.9091,0.5,0.0,0.0,0.9091
608,SqueezeNet,0.8182,0.5,0.0,0.0,0.9
609,SqueezeNet,1.0,0.5,0.0,0.0,1.0
610,SqueezeNet,1.0,0.5,0.0,0.0,1.0
611,SqueezeNet,0.7273,0.3,0.0,0.0,0.8
612,SqueezeNet,0.9091,0.5,0.0,0.0,0.9091
613,SqueezeNet,0.9091,0.5,0.0,0.0,0.9091
614,SqueezeNet,0.9091,0.5,0.0,0.0,1.0
615,SqueezeNet,0.8182,0.3,0.0,0.0,0.9
616,SqueezeNet,0.8182,0.6667,0.0,0.0,1.0
617,SqueezeNet,0.8182,0.5,0.0,0.0,0.9
618,SqueezeNet,1.0,0.5,0.0,0.0,1.0
619,SqueezeNet,0.7273,0.875,0.0,0.0,1.0
620,SqueezeNet,0.9091,0.5,0.0,0.0,0.9091
621,SqueezeNet,0.7273,0.5,0.0,0.0,0.8
622,SqueezeNet,0.8182,0.5,0.0,0.0,0.9
623,SqueezeNet,0.7273,0.6667,0.0,0.0,0.8889
624,SqueezeNet,0.8182,0.5,0.0,0.0,0.8182
625,SqueezeNet,0.9091,0.5,0.0,0.0,0.9091
626,SqueezeNet,0.6364,0.75,0.0,0.0,0.875
627,SqueezeNet,0.6364,0.5,0.0,0.0,0.6364
628,SqueezeNet,0.6364,0.5,0.0,0.0,0.7
629,SqueezeNet,0.8182,0.5,0.0,0.0,0.8182
630,SqueezeNet,0.8182,0.4,0.0,0.0,0.9
631,SqueezeNet,0.9091,0.5,0.0,0.0,0.9091
632,SqueezeNet,0.9091,0.7,0.0,0.0,1.0
633,SqueezeNet,0.9091,0.5,0.0,0.0,0.9091
634,SqueezeNet,1.0,0.5,0.0,0.0,1.0
635,SqueezeNet,0.7273,0.3333,0.0,0.0,0.8889
636,SqueezeNet,0.9091,0.5,0.0,0.0,0.9091
637,SqueezeNet,0.8182,0.5556,0.0,0.0,1.0
638,SqueezeNet,0.7273,0.3,0.0,0.0,0.8
639,SqueezeNet,1.0,0.5,0.0,0.0,1.0
640,SqueezeNet,0.7273,0.2,0.0,0.0,0.8
641,SqueezeNet,0.8182,0.8,0.0,0.0,0.9
642,SqueezeNet,0.8182,0.5,0.0,0.0,0.8182
643,SqueezeNet,0.7273,0.5,0.0,0.0,0.7273
644,SqueezeNet,0.7273,0.4444,0.0,0.0,0.8889
645,SqueezeNet,0.9091,0.8,0.0,0.0,1.0
646,SqueezeNet,0.8182,0.3333,0.0,0.0,1.0
647,SqueezeNet,1.0,0.5,0.0,0.0,1.0
648,SqueezeNet,1.0,0.5,0.0,0.0,1.0
649,SqueezeNet,0.9091,0.2,0.0,0.0,1.0
650,SqueezeNet,0.7273,0.7,0.0,0.0,0.8
651,SqueezeNet,0.9091,0.5,0.0,0.0,0.9091
652,SqueezeNet,0.7273,0.4,0.0,0.0,0.8
653,SqueezeNet,0.9091,0.5,0.0,0.0,0.9091
654,SqueezeNet,0.9091,0.5,0.0,0.0,0.9091
655,SqueezeNet,0.7273,0.2222,0.0,0.0,0.8889
656,SqueezeNet,0.9091,0.5,0.0,0.0,0.9091
657,SqueezeNet,0.9091,0.7,0.0,0.0,1.0
658,SqueezeNet,0.8182,0.4,0.0,0.0,0.9
659,SqueezeNet,0.9091,0.5,0.0,0.0,1.0
660,SqueezeNet,0.4545,0.3,0.0,0.0,0.5
661,SqueezeNet,1.0,0.5,0.0,0.0,1.0
662,SqueezeNet,0.6364,0.6,0.0,0.0,0.7
663,SqueezeNet,0.8182,0.5,0.0,0.0,0.8182
664,SqueezeNet,0.8182,0.5,0.0,0.0,0.8182
665,SqueezeNet,0.9091,0.5,0.0,0.0,0.9091
666,SqueezeNet,0.8182,0.7,0.0,0.0,0.9
667,SqueezeNet,0.3636,0.25,0.0,0.0,0.5
668,SqueezeNet,0.9091,0.5,0.0,0.0,0.9091
669,SqueezeNet,0.8182,0.8,0.0,0.0,0.9
670,SqueezeNet,0.8182,0.5,0.0,0.0,0.8182
671,SqueezeNet,0.7273,0.1111,0.0,0.0,0.8889
672,SqueezeNet,0.9091,0.5,0.0,0.0,0.9091
673,SqueezeNet,0.7273,0.875,0.0,0.0,1.0
674,SqueezeNet,0.7273,0.5556,0.0,0.0,0.8889
675,SqueezeNet,0.9091,0.5,0.0,0.0,0.9091
676,SqueezeNet,1.0,0.5,0.0,0.0,1.0
677,SqueezeNet,0.9091,0.7,0.0,0.0,1.0
678,SqueezeNet,1.0,0.5,0.0,0.0,1.0
679,SqueezeNet,1.0,0.5,0.0,0.0,1.0
680,SqueezeNet,0.8182,0.5,0.0,0.0,0.8182
681,SqueezeNet,0.8182,0.4444,0.0,0.0,1.0
682,SqueezeNet,0.9091,0.7,0.0,0.0,1.0
683,SqueezeNet,0.9091,0.5,0.0,0.0,0.9091
684,SqueezeNet,0.8182,0.4444,0.0,0.0,1.0
685,SqueezeNet,0.8182,0.4,0.0,0.0,0.9
686,SqueezeNet,0.7273,0.5,0.0,0.0,0.8
687,SqueezeNet,0.7273,0.6,0.0,0.0,0.8
688,SqueezeNet,1.0,0.5,0.0,0.0,1.0
689,SqueezeNet,0.9091,0.6,0.0,0.0,1.0
690,SqueezeNet,0.7273,0.5,0.0,0.0,0.7273
691,SqueezeNet,0.6364,0.5556,0.0,0.0,0.7778
692,SqueezeNet,0.6364,0.6,0.0,0.0,0.7
693,SqueezeNet,0.8182,0.5,0.0,0.0,0.8182
694,SqueezeNet,1.0,0.5,0.0,0.0,1.0
695,SqueezeNet,0.8182,0.6667,0.0,0.0,1.0
696,SqueezeNet,0.8182,0.5,0.0,0.0,0.8182
697,SqueezeNet,0.7273,0.4444,0.0,0.0,0.8889
698,SqueezeNet,0.8182,0.5,0.0,0.0,0.9
699,SqueezeNet,0.8182,0.5,0.0,0.0,0.8182
700,SqueezeNet,0.6364,0.4,0.0,0.0,0.7
701,SqueezeNet,0.8182,0.6667,0.0,0.0,1.0
702,SqueezeNet,0.5455,0.3,0.0,0.0,0.6
703,SqueezeNet,0.6364,0.4444,0.0,0.0,0.7778
704,SqueezeNet,1.0,0.5,0.0,0.0,1.0
705,SqueezeNet,0.7273,0.75,0.0,0.0,1.0
706,SqueezeNet,0.9091,0.5,0.0,0.0,0.9091
707,SqueezeNet,0.9091,0.5,0.0,0.0,0.9091
708,SqueezeNet,0.9091,0.5,0.0,0.0,1.0
709,SqueezeNet,0.9091,0.5,0.0,0.0,0.9091
710,SqueezeNet,0.7273,0.625,0.0,0.0,1.0
711,SqueezeNet,0.8182,0.3,0.0,0.0,0.9
712,SqueezeNet,0.7273,0.4444,0.0,0.0,0.8889
713,SqueezeNet,1.0,0.5,0.0,0.0,1.0
714,SqueezeNet,0.9091,0.8,0.0,0.0,1.0
715,SqueezeNet,0.8182,0.6,0.0,0.0,0.9
716,SqueezeNet,0.8182,0.6,0.0,0.0,0.9
717,SqueezeNet,0.8182,0.7,0.0,0.0,0.9
718,SqueezeNet,0.8182,0.5,0.0,0.0,0.8182
719,SqueezeNet,0.9091,0.6,0.0,0.0,1.0
720,SqueezeNet,0.7273,0.5556,0.0,0.0,0.8889
721,SqueezeNet,0.7273,0.75,0.0,0.0,1.0
722,SqueezeNet,0.9091,0.5,0.0,0.0,0.9091
723,SqueezeNet,0.5455,0.2222,0.0,0.0,0.6667
724,SqueezeNet,0.9091,0.5,0.0,0.0,0.9091
725,SqueezeNet,0.7273,0.4444,0.0,0.0,0.8889
726,SqueezeNet,0.8182,0.3333,0.0,0.0,1.0
727,SqueezeNet,0.7273,0.5,0.0,0.0,0.7273
728,SqueezeNet,0.6364,0.5,0.0,0.0,0.7
729,SqueezeNet,0.7273,0.7,0.0,0.0,0.8
730,SqueezeNet,0.7273,0.4,0.0,0.0,0.8
731,SqueezeNet,0.8182,0.6,0.0,0.0,0.9
732,SqueezeNet,0.9091,0.5,0.0,0.0,0.9091
733,SqueezeNet,1.0,0.5,0.0,0.0,1.0
734,SqueezeNet,0.7273,0.4444,0.0,0.0,0.8889
735,SqueezeNet,0.9091,0.5,0.0,0.0,1.0
736,SqueezeNet,0.4545,0.0,0.0,0.0,0.625
737,SqueezeNet,0.8182,0.2222,0.0,0.0,1.0
738,SqueezeNet,1.0,0.5,0.0,0.0,1.0
739,SqueezeNet,0.8182,0.2222,0.0,0.0,1.0
740,SqueezeNet,1.0,0.5,0.0,0.0,1.0
741,SqueezeNet,0.9091,0.7,0.0,0.0,1.0
742,SqueezeNet,0.6364,0.5,0.0,0.0,0.6364
743,SqueezeNet,0.8182,0.5,0.0,0.0,0.8182
744,SqueezeNet,0.8182,0.6667,0.0,0.0,1.0
745,SqueezeNet,0.9091,0.5,0.0,0.0,0.9091
746,SqueezeNet,0.9091,0.7,0.0,0.0,1.0
747,SqueezeNet,0.6364,0.4,0.0,0.0,0.7
748,SqueezeNet,0.8182,0.5,0.0,0.0,0.8182
749,SqueezeNet,0.9091,0.5,0.0,0.0,0.9091
750,SqueezeNet,0.8182,0.5,0.0,0.0,0.9
751,SqueezeNet,0.7273,0.3333,0.0,0.0,0.8889
752,SqueezeNet,0.6364,0.2222,0.0,0.0,0.7778
753,SqueezeNet,0.8182,0.7,0.0,0.0,0.9
754,SqueezeNet,0.9091,0.4,0.0,0.0,1.0
755,SqueezeNet,0.9091,0.5,0.0,0.0,0.9091
756,SqueezeNet,0.9091,0.3,0.0,0.0,1.0
757,SqueezeNet,0.9091,0.5,0.0,0.0,0.9091
758,SqueezeNet,0.8182,0.8,0.0,0.0,0.9
759,SqueezeNet,1.0,0.5,0.0,0.0,1.0
760,SqueezeNet,0.7273,0.5,0.0,0.0,1.0
761,SqueezeNet,0.8182,0.4,0.0,0.0,0.9
762,SqueezeNet,0.8182,0.6,0.0,0.0,0.9
763,SqueezeNet,0.7273,0.5,0.0,0.0,0.7273
764,SqueezeNet,0.9091,0.2,0.0,0.0,1.0
765,SqueezeNet,0.8182,0.5,0.0,0.0,0.8182
766,SqueezeNet,0.9091,0.5,0.0,0.0,0.9091
767,SqueezeNet,1.0,0.5,0.0,0.0,1.0
768,SqueezeNet,1.0,0.5,0.0,0.0,1.0
769,SqueezeNet,0.7273,0.5,0.0,0.0,0.7273
770,SqueezeNet,0.6364,0.3333,0.0,0.0,0.7778
771,SqueezeNet,0.9091,0.5,0.0,0.0,0.9091
772,SqueezeNet,0.7273,0.625,0.0,0.0,1.0
773,SqueezeNet,0.8182,0.6,0.0,0.0,0.9
774,SqueezeNet,0.7273,0.375,0.0,0.0,1.0
775,SqueezeNet,0.7273,0.4444,0.0,0.0,0.8889
776,SqueezeNet,0.8182,0.5,0.0,0.0,0.8182
777,SqueezeNet,0.9091,0.7,0.0,0.0,1.0
778,SqueezeNet,0.7273,0.6,0.0,0.0,0.8
779,SqueezeNet,1.0,0.5,0.0,0.0,1.0
780,SqueezeNet,0.8182,0.7,0.0,0.0,0.9
781,SqueezeNet,0.8182,0.5,0.0,0.0,0.8182
782,SqueezeNet,0.9091,0.5,0.0,0.0,0.9091
783,SqueezeNet,0.7273,0.5556,0.0,0.0,0.8889
784,SqueezeNet,0.8182,0.5,0.0,0.0,0.9
785,SqueezeNet,1.0,0.5,0.0,0.0,1.0
786,SqueezeNet,0.7273,0.6,0.0,0.0,0.8
787,SqueezeNet,0.9091,0.6,0.0,0.0,1.0
788,SqueezeNet,0.8182,0.5,0.0,0.0,0.8182
789,SqueezeNet,0.7273,0.6,0.0,0.0,0.8
790,SqueezeNet,0.9091,0.5,0.0,0.0,0.9091
791,SqueezeNet,0.9091,0.4,0.0,0.0,1.0
792,SqueezeNet,0.9091,0.7,0.0,0.0,1.0
793,SqueezeNet,1.0,0.5,0.0,0.0,1.0
794,SqueezeNet,0.9091,0.5,0.0,0.0,1.0
795,SqueezeNet,0.5455,0.5,0.0,0.0,0.75
796,SqueezeNet,0.8182,0.5,0.0,0.0,0.8182
797,SqueezeNet,0.8182,0.6,0.0,0.0,0.9
798,SqueezeNet,1.0,0.5,0.0,0.0,1.0
799,SqueezeNet,0.9091,0.5,0.0,0.0,1.0
800,SqueezeNet,0.8182,0.3,0.0,0.0,0.9
801,SqueezeNet,0.7273,0.6,0.0,0.0,0.8
802,SqueezeNet,0.8182,0.6667,0.0,0.0,1.0
803,SqueezeNet,1.0,0.5,0.0,0.0,1.0
804,SqueezeNet,0.8182,0.5,0.0,0.0,0.8182
805,SqueezeNet,0.8182,0.3333,0.0,0.0,1.0
806,SqueezeNet,0.9091,0.5,0.0,0.0,0.9091
807,SqueezeNet,0.8182,0.8889,0.0,0.0,1.0
808,SqueezeNet,0.9091,0.7,0.0,0.0,1.0
809,SqueezeNet,1.0,0.5,0.0,0.0,1.0
810,SqueezeNet,0.7273,0.6667,0.0,0.0,0.8889
811,SqueezeNet,0.7273,0.4444,0.0,0.0,0.8889
812,SqueezeNet,0.8182,0.5,0.0,0.0,0.8182
813,SqueezeNet,0.6364,0.3333,0.0,0.0,0.7778
814,SqueezeNet,0.7273,0.5,0.0,0.0,0.8
815,SqueezeNet,0.7273,0.5,0.0,0.0,0.7273
816,SqueezeNet,0.8182,0.5,0.0,0.0,0.8182
817,SqueezeNet,0.9091,0.5,0.0,0.0,1.0
818,SqueezeNet,0.7273,0.4444,0.0,0.0,0.8889
819,SqueezeNet,0.7273,0.5556,0.0,0.0,0.8889
820,SqueezeNet,0.9091,0.6,0.0,0.0,1.0
821,SqueezeNet,0.8182,0.4444,0.0,0.0,1.0
822,SqueezeNet,0.8182,0.5,0.0,0.0,0.9
823,SqueezeNet,0.8182,0.4444,0.0,0.0,1.0
824,SqueezeNet,1.0,0.5,0.0,0.0,1.0
825,SqueezeNet,1.0,0.5,0.0,0.0,1.0
826,SqueezeNet,0.9091,0.5,0.0,0.0,0.9091
827,SqueezeNet,0.6364,0.4444,0.0,0.0,0.7778
828,SqueezeNet,0.9091,0.5,0.0,0.0,1.0
829,SqueezeNet,0.8182,0.4,0.0,0.0,0.9
830,SqueezeNet,0.8182,0.6667,0.0,0.0,1.0
831,SqueezeNet,0.8182,0.5,0.0,0.0,0.8182
832,SqueezeNet,1.0,0.5,0.0,0.0,1.0
833,SqueezeNet,0.9091,0.5,0.0,0.0,0.9091
834,SqueezeNet,0.7273,0.6,0.0,0.0,0.8
835,SqueezeNet,0.8182,0.3333,0.0,0.0,1.0
836,SqueezeNet,0.8182,0.5,0.0,0.0,0.8182
837,SqueezeNet,0.9091,0.5,0.0,0.0,0.9091
838,SqueezeNet,0.9091,0.5,0.0,0.0,0.9091
839,SqueezeNet,0.9091,0.8,0.0,0.0,1.0
840,SqueezeNet,0.9091,0.6,0.0,0.0,1.0
841,SqueezeNet,0.9091,0.5,0.0,0.0,0.9091
842,SqueezeNet,0.9091,0.5,0.0,0.0,0.9091
843,SqueezeNet,0.8182,0.5,0.0,0.0,0.9
844,SqueezeNet,0.9091,0.5,0.0,0.0,0.9091
845,SqueezeNet,0.8182,0.5556,0.0,0.0,1.0
846,SqueezeNet,0.8182,0.5556,0.0,0.0,1.0
847,SqueezeNet,0.8182,0.7778,0.0,0.0,1.0
848,SqueezeNet,0.8182,0.3,0.0,0.0,0.9
849,SqueezeNet,0.8182,0.4,0.0,0.0,0.9
850,SqueezeNet,0.9091,0.5,0.0,0.0,0.9091
851,SqueezeNet,0.6364,0.3,0.0,0.0,0.7
852,SqueezeNet,0.9091,0.7,0.0,0.0,1.0
853,SqueezeNet,0.7273,0.5,0.0,0.0,1.0
854,SqueezeNet,1.0,0.5,0.0,0.0,1.0
855,SqueezeNet,0.9091,0.9,0.0,0.0,1.0
856,SqueezeNet,0.7273,0.5556,0.0,0.0,0.8889
857,SqueezeNet,0.7273,0.4,0.0,0.0,0.8
858,SqueezeNet,0.6364,0.3333,0.0,0.0,0.7778
859,SqueezeNet,0.8182,0.5,0.0,0.0,0.9
860,SqueezeNet,0.8182,0.6667,0.0,0.0,1.0
861,SqueezeNet,0.9091,0.6,0.0,0.0,1.0
862,SqueezeNet,0.6364,0.4,0.0,0.0,0.7
863,SqueezeNet,0.7273,0.5556,0.0,0.0,0.8889
864,SqueezeNet,0.6364,0.4,0.0,0.0,0.7
865,SqueezeNet,0.8182,0.5,0.0,0.0,0.8182
866,SqueezeNet,0.9091,0.6,0.0,0.0,1.0
867,SqueezeNet,0.9091,0.6,0.0,0.0,1.0
868,SqueezeNet,0.7273,0.7,0.0,0.0,0.8
869,SqueezeNet,0.9091,0.4,0.0,0.0,1.0
870,SqueezeNet,1.0,0.5,0.0,0.0,1.0
871,SqueezeNet,0.9091,0.5,0.0,0.0,0.9091
872,SqueezeNet,0.6364,0.2,0.0,0.0,0.7
873,SqueezeNet,0.8182,0.5,0.0,0.0,0.8182
874,SqueezeNet,0.7273,0.3,0.0,0.0,0.8
875,SqueezeNet,0.9091,0.5,0.0,0.0,1.0
876,SqueezeNet,0.7273,0.5,0.0,0.0,0.8
877,SqueezeNet,0.7273,0.3333,0.0,0.0,0.8889
878,SqueezeNet,0.9091,0.9,0.0,0.0,1.0
879,SqueezeNet,1.0,0.5,0.0,0.0,1.0
880,SqueezeNet,0.9091,0.3,0.0,0.0,1.0
881,SqueezeNet,0.8182,0.5556,0.0,0.0,1.0
882,SqueezeNet,0.8182,0.6667,0.0,0.0,1.0
883,SqueezeNet,0.9091,0.8,0.0,0.0,1.0
884,SqueezeNet,0.9091,0.6,0.0,0.0,1.0
885,SqueezeNet,0.8182,0.4,0.0,0.0,0.9
886,SqueezeNet,0.6364,0.25,0.0,0.0,0.875
887,SqueezeNet,0.8182,0.8,0.0,0.0,0.9
888,SqueezeNet,0.9091,0.7,0.0,0.0,1.0
889,SqueezeNet,0.6364,0.3,0.0,0.0,0.7
890,SqueezeNet,0.7273,0.625,0.0,0.0,1.0
891,SqueezeNet,0.7273,0.4444,0.0,0.0,0.8889
892,SqueezeNet,0.8182,0.5556,0.0,0.0,1.0
893,SqueezeNet,0.7273,0.5556,0.0,0.0,0.8889
894,SqueezeNet,0.7273,0.5,0.0,0.0,1.0
895,SqueezeNet,0.8182,0.2,0.0,0.0,0.9
896,SqueezeNet,0.9091,0.5,0.0,0.0,0.9091
897,SqueezeNet,0.7273,0.5556,0.0,0.0,0.8889
898,SqueezeNet,0.9091,0.5,0.0,0.0,0.9091
899,SqueezeNet,0.9091,0.7,0.0,0.0,1.0
900,SqueezeNet,0.8182,0.5,0.0,0.0,0.9
901,SqueezeNet,0.8182,0.5,0.0,0.0,0.9
902,SqueezeNet,0.9091,0.8,0.0,0.0,1.0
903,SqueezeNet,0.7273,0.6667,0.0,0.0,0.8889
904,SqueezeNet,0.7273,0.4,0.0,0.0,0.8
905,SqueezeNet,0.6364,0.6667,0.0,0.0,0.7778
906,SqueezeNet,0.5455,0.3,0.0,0.0,0.6
907,SqueezeNet,0.8182,0.3333,0.0,0.0,1.0
908,SqueezeNet,0.8182,0.4,0.0,0.0,0.9
909,SqueezeNet,0.9091,0.5,0.0,0.0,0.9091
910,SqueezeNet,0.9091,0.6,0.0,0.0,1.0
911,SqueezeNet,0.8182,0.5,0.0,0.0,0.9
912,SqueezeNet,0.6364,0.6,0.0,0.0,0.7
913,SqueezeNet,1.0,0.5,0.0,0.0,1.0
914,SqueezeNet,0.8182,0.5,0.0,0.0,0.9
915,SqueezeNet,0.9091,0.5,0.0,0.0,1.0
916,SqueezeNet,0.9091,0.7,0.0,0.0,1.0
917,SqueezeNet,0.7273,0.4444,0.0,0.0,0.8889
918,SqueezeNet,0.9091,0.5,0.0,0.0,1.0
919,SqueezeNet,0.8182,0.4,0.0,0.0,0.9
920,SqueezeNet,0.7273,0.4,0.0,0.0,0.8
921,SqueezeNet,0.9091,0.5,0.0,0.0,0.9091
922,SqueezeNet,1.0,0.5,0.0,0.0,1.0
923,SqueezeNet,0.7273,0.5556,0.0,0.0,0.8889
924,SqueezeNet,0.8182,0.5556,0.0,0.0,1.0
925,SqueezeNet,0.8182,0.3333,0.0,0.0,1.0
926,SqueezeNet,0.9091,0.3,0.0,0.0,1.0
927,SqueezeNet,0.9091,0.7,0.0,0.0,1.0
928,SqueezeNet,0.8182,0.5,0.0,0.0,0.9
929,SqueezeNet,0.8182,0.6,0.0,0.0,0.9
930,SqueezeNet,0.9091,0.5,0.0,0.0,0.9091
931,SqueezeNet,0.9091,0.5,0.0,0.0,1.0
932,SqueezeNet,0.6364,0.5,0.0,0.0,0.7
933,SqueezeNet,0.8182,0.4444,0.0,0.0,1.0
934,SqueezeNet,0.9091,0.5,0.0,0.0,1.0
935,SqueezeNet,0.9091,0.5,0.0,0.0,0.9091
936,SqueezeNet,0.9091,0.5,0.0,0.0,0.9091
937,SqueezeNet,0.8182,0.5,0.0,0.0,0.8182
938,SqueezeNet,1.0,0.5,0.0,0.0,1.0
939,SqueezeNet,0.7273,0.3333,0.0,0.0,0.8889
940,SqueezeNet,0.7273,0.625,0.0,0.0,1.0
941,SqueezeNet,1.0,0.5,0.0,0.0,1.0
942,SqueezeNet,0.9091,0.6,0.0,0.0,1.0
943,SqueezeNet,0.8182,0.5,0.0,0.0,0.9
944,SqueezeNet,0.9091,0.4,0.0,0.0,1.0
945,SqueezeNet,0.7273,0.6667,0.0,0.0,0.8889
946,SqueezeNet,0.8182,0.5,0.0,0.0,0.8182
947,SqueezeNet,0.7273,0.5,0.0,0.0,0.7273
948,SqueezeNet,0.8182,0.5556,0.0,0.0,1.0
949,SqueezeNet,0.6364,0.5,0.0,0.0,0.6364
950,SqueezeNet,0.6364,0.625,0.0,0.0,0.875
951,SqueezeNet,0.9091,0.5,0.0,0.0,0.9091
952,SqueezeNet,0.9091,0.8,0.0,0.0,1.0
953,SqueezeNet,0.8182,0.7778,0.0,0.0,1.0
954,SqueezeNet,0.9091,0.5,0.0,0.0,0.9091
955,SqueezeNet,0.8182,0.5,0.0,0.0,0.8182
956,SqueezeNet,0.8182,0.5,0.0,0.0,0.8182
957,SqueezeNet,1.0,0.5,0.0,0.0,1.0
958,SqueezeNet,0.8182,0.5,0.0,0.0,0.8182
959,SqueezeNet,0.7273,0.5,0.0,0.0,0.7273
960,SqueezeNet,0.9091,0.3,0.0,0.0,1.0
961,SqueezeNet,0.8182,0.5,0.0,0.0,0.8182
962,SqueezeNet,0.8182,0.5556,0.0,0.0,1.0
963,SqueezeNet,1.0,0.5,0.0,0.0,1.0
964,SqueezeNet,0.5455,0.5556,0.0,0.0,0.6667
965,SqueezeNet,0.9091,0.8,0.0,0.0,1.0
966,SqueezeNet,0.8182,0.1,0.0,0.0,0.9
967,SqueezeNet,0.7273,0.5,0.0,0.0,0.8
968,SqueezeNet,0.9091,0.5,0.0,0.0,0.9091
969,SqueezeNet,0.9091,0.7,0.0,0.0,1.0
970,SqueezeNet,1.0,0.5,0.0,0.0,1.0
971,SqueezeNet,0.8182,0.5,0.0,0.0,0.9
972,SqueezeNet,0.6364,0.7143,0.0,0.0,1.0
973,SqueezeNet,0.8182,0.4,0.0,0.0,0.9
974,SqueezeNet,0.6364,0.5,0.0,0.0,0.7
975,SqueezeNet,0.7273,0.5,0.0,0.0,0.7273
976,SqueezeNet,1.0,0.5,0.0,0.0,1.0
977,SqueezeNet,0.7273,0.5,0.0,0.0,0.8
978,SqueezeNet,0.9091,0.5,0.0,0.0,0.9091
979,SqueezeNet,1.0,0.5,0.0,0.0,1.0
980,SqueezeNet,0.8182,0.5,0.0,0.0,0.9
981,SqueezeNet,0.7273,0.5,0.0,0.0,0.7273
982,SqueezeNet,0.7273,0.5,0.0,0.0,0.7273
983,SqueezeNet,0.7273,0.7778,0.0,0.0,0.8889
984,SqueezeNet,0.7273,0.4,0.0,0.0,0.8
985,SqueezeNet,1.0,0.5,0.0,0.0,1.0
986,SqueezeNet,0.8182,0.2222,0.0,0.0,1.0
987,SqueezeNet,0.8182,0.6667,0.0,0.0,1.0
988,SqueezeNet,0.9091,0.5,0.0,0.0,0.9091
989,SqueezeNet,0.7273,0.5,0.0,0.0,0.8
990,SqueezeNet,0.9091,0.9,0.0,0.0,1.0
991,SqueezeNet,0.7273,0.7778,0.0,0.0,0.8889
992,SqueezeNet,0.8182,0.5,0.0,0.0,0.9
993,SqueezeNet,0.9091,0.4,0.0,0.0,1.0
994,SqueezeNet,0.9091,0.4,0.0,0.0,1.0
995,SqueezeNet,0.8182,0.5,0.0,0.0,0.8182
996,SqueezeNet,0.9091,0.5,0.0,0.0,0.9091
997,SqueezeNet,0.6364,0.5,0.0,0.0,0.875
998,SqueezeNet,0.7273,0.4,0.0,0.0,0.8
999,SqueezeNet,0.7273,0.1111,0.0,0.0,0.8889
1000,SqueezeNet,0.9091,0.5,0.0,0.0,0.9091
1,SVM,0.9091,0.0,0.0,0.0,1.0
2,SVM,1.0,0.5,0.0,0.0,1.0
3,SVM,0.9091,0.0,0.0,0.0,1.0
4,SVM,0.9091,0.5,0.0,0.0,0.9091
5,SVM,0.8182,0.5,0.0,0.0,0.8182
6,SVM,0.7273,0.0,0.0,0.0,0.8
7,SVM,0.7273,0.0,0.0,0.0,0.8
8,SVM,0.7273,0.5,0.0,0.0,0.7273
9,SVM,0.5455,0.0,0.0,0.0,1.0
10,SVM,1.0,0.5,0.0,0.0,1.0
11,SVM,0.7273,0.0,0.0,0.0,0.8889
12,SVM,0.7273,0.5,0.0,0.0,0.7273
13,SVM,0.9091,0.5,0.0,0.0,0.9091
14,SVM,0.9091,0.0,0.0,0.0,1.0
15,SVM,0.8182,0.5,0.0,0.0,0.8182
16,SVM,0.9091,0.5,0.0,0.0,0.9091
17,SVM,0.9091,0.0,0.0,0.0,1.0
18,SVM,0.6364,0.0,0.0,0.0,0.875
19,SVM,0.9091,0.5,0.0,0.0,0.9091
20,SVM,0.7273,0.0,0.0,0.0,0.8889
21,SVM,0.9091,0.0,0.0,0.0,1.0
22,SVM,0.9091,0.5,0.0,0.0,0.9091
23,SVM,0.8182,0.0,0.0,0.0,1.0
24,SVM,0.7273,0.0,0.0,0.0,0.8
25,SVM,0.7273,0.5,0.0,0.0,0.7273
26,SVM,0.8182,0.0,0.0,0.0,1.0
27,SVM,0.9091,0.0,0.0,0.0,1.0
28,SVM,0.9091,0.0,0.0,0.0,1.0
29,SVM,0.6364,0.0,0.0,0.0,0.7778
30,SVM,0.8182,0.0,0.0,0.0,0.9
31,SVM,0.7273,0.0,0.0,0.0,1.0
32,SVM,0.6364,0.0,0.0,0.0,0.7778
33,SVM,0.8182,0.5,0.0,0.0,0.8182
34,SVM,0.8182,0.5,0.0,0.0,0.8182
35,SVM,0.7273,0.0,0.0,0.0,1.0
36,SVM,0.7273,0.0,0.0,0.0,0.8889
37,SVM,0.7273,0.0,0.0,0.0,0.8
38,SVM,0.8182,0.5,0.0,0.0,0.8182
39,SVM,0.7273,0.0,0.0,0.0,0.8889
40,SVM,1.0,0.5,0.0,0.0,1.0
41,SVM,0.9091,0.0,0.0,0.0,1.0
42,SVM,0.9091,0.5,0.0,0.0,0.9091
43,SVM,0.8182,0.0,0.0,0.0,0.9
44,SVM,0.8182,0.0,0.0,0.0,0.9
45,SVM,0.7273,0.0,0.0,0.0,1.0
46,SVM,0.5455,0.0,0.0,0.0,1.0
47,SVM,0.7273,0.0,0.0,0.0,0.8
48,SVM,0.7273,0.5,0.0,0.0,0.7273
49,SVM,0.9091,0.5,0.0,0.0,0.9091
50,SVM,0.9091,0.0,0.0,0.0,1.0
51,SVM,0.8182,0.0,0.0,0.0,0.9
52,SVM,0.9091,0.5,0.0,0.0,0.9091
53,SVM,0.9091,0.5,0.0,0.0,0.9091
54,SVM,0.8182,0.0,0.0,0.0,0.9
55,SVM,0.9091,0.5,0.0,0.0,0.9091
56,SVM,0.6364,0.0,0.0,0.0,0.7
57,SVM,0.9091,0.5,0.0,0.0,0.9091
58,SVM,0.7273,0.0,0.0,0.0,0.8
59,SVM,0.9091,0.5,0.0,0.0,0.9091
60,SVM,0.8182,0.5,0.0,0.0,0.8182
61,SVM,0.9091,0.5,0.0,0.0,0.9091
62,SVM,0.7273,0.0,0.0,0.0,0.8
63,SVM,0.6364,0.0,0.0,0.0,1.0
64,SVM,0.6364,0.0,0.0,0.0,0.7
65,SVM,1.0,0.5,0.0,0.0,1.0
66,SVM,0.8182,0.0,0.0,0.0,0.9
67,SVM,0.9091,0.5,0.0,0.0,0.9091
68,SVM,0.8182,0.0,0.0,0.0,0.9
69,SVM,0.5455,0.0,0.0,0.0,0.75
70,SVM,0.7273,0.0,0.0,0.0,0.8889
71,SVM,0.9091,0.5,0.0,0.0,0.9091
72,SVM,1.0,0.5,0.0,0.0,1.0
73,SVM,0.5455,0.0,0.0,0.0,0.6
74,SVM,0.9091,0.5,0.0,0.0,0.9091
75,SVM,0.8182,0.0,0.0,0.0,0.9
76,SVM,0.9091,0.5,0.0,0.0,0.9091
77,SVM,0.8182,0.0,0.0,0.0,1.0
78,SVM,0.9091,0.5,0.0,0.0,0.9091
79,SVM,0.7273,0.0,0.0,0.0,0.8889
80,SVM,0.7273,0.0,0.0,0.0,0.8
81,SVM,0.7273,0.5,0.0,0.0,0.7273
82,SVM,0.8182,0.0,0.0,0.0,0.9
83,SVM,0.8182,0.0,0.0,0.0,1.0
84,SVM,1.0,0.5,0.0,0.0,1.0
85,SVM,0.7273,0.5,0.0,0.0,0.7273
86,SVM,0.8182,0.0,0.0,0.0,1.0
87,SVM,0.9091,0.5,0.0,0.0,0.9091
88,SVM,0.7273,0.5,0.0,0.0,0.7273
89,SVM,0.6364,0.0,0.0,0.0,0.7
90,SVM,0.8182,0.0,0.0,0.0,0.9
91,SVM,0.9091,0.0,0.0,0.0,1.0
92,SVM,0.7273,0.0,0.0,0.0,0.8889
93,SVM,0.8182,0.0,0.0,0.0,0.9
94,SVM,1.0,0.5,0.0,0.0,1.0
95,SVM,0.8182,0.0,0.0,0.0,0.9
96,SVM,0.8182,0.0,0.0,0.0,1.0
97,SVM,1.0,0.5,0.0,0.0,1.0
98,SVM,0.8182,0.0,0.0,0.0,0.9
99,SVM,0.8182,0.5,0.0,0.0,0.8182
100,SVM,0.8182,0.0,0.0,0.0,1.0
101,SVM,0.9091,0.0,0.0,0.0,1.0
102,SVM,0.9091,0.0,0.0,0.0,1.0
103,SVM,1.0,0.5,0.0,0.0,1.0
104,SVM,0.8182,0.5,0.0,0.0,0.8182
105,SVM,0.6364,0.5,0.0,0.0,0.6364
106,SVM,1.0,0.5,0.0,0.0,1.0
107,SVM,0.9091,0.0,0.0,0.0,1.0
108,SVM,0.7273,0.0,0.0,0.0,0.8
109,SVM,0.9091,0.0,0.0,0.0,1.0
110,SVM,0.9091,0.0,0.0,0.0,1.0
111,SVM,0.9091,0.5,0.0,0.0,0.9091
112,SVM,0.8182,0.0,0.0,0.0,0.9
113,SVM,0.6364,0.0,0.0,0.0,0.875
114,SVM,0.9091,0.0,0.0,0.0,1.0
115,SVM,0.9091,0.0,0.0,0.0,1.0
116,SVM,0.9091,0.0,0.0,0.0,1.0
117,SVM,0.7273,0.0,0.0,0.0,0.8
118,SVM,0.8182,0.0,0.0,0.0,1.0
119,SVM,1.0,0.5,0.0,0.0,1.0
120,SVM,0.6364,0.0,0.0,0.0,0.7778
121,SVM,0.6364,0.0,0.0,0.0,0.875
122,SVM,0.8182,0.5,0.0,0.0,0.8182
123,SVM,0.8182,0.5,0.0,0.0,0.8182
124,SVM,0.7273,0.0,0.0,0.0,0.8889
125,SVM,0.7273,0.0,0.0,0.0,0.8
126,SVM,0.7273,0.0,0.0,0.0,0.8889
127,SVM,0.9091,0.5,0.0,0.0,0.9091
128,SVM,0.9091,0.0,0.0,0.0,1.0
129,SVM,0.8182,0.0,0.0,0.0,0.9
130,SVM,0.7273,0.0,0.0,0.0,0.8889
131,SVM,0.9091,0.0,0.0,0.0,1.0
132,SVM,0.9091,0.5,0.0,0.0,0.9091
133,SVM,0.8182,0.0,0.0,0.0,0.9
134,SVM,0.6364,0.5,0.0,0.0,0.6364
135,SVM,0.8182,0.0,0.0,0.0,0.9
136,SVM,0.9091,0.0,0.0,0.0,1.0
137,SVM,0.8182,0.0,0.0,0.0,0.9
138,SVM,0.7273,0.0,0.0,0.0,0.8889
139,SVM,0.7273,0.0,0.0,0.0,0.8889
140,SVM,0.8182,0.5,0.0,0.0,0.8182
141,SVM,0.6364,0.0,0.0,0.0,0.875
142,SVM,0.7273,0.0,0.0,0.0,0.8889
143,SVM,0.7273,0.5,0.0,0.0,0.7273
144,SVM,0.7273,0.0,0.0,0.0,0.8889
145,SVM,0.7273,0.0,0.0,0.0,0.8889
146,SVM,0.9091,0.5,0.0,0.0,0.9091
147,SVM,0.6364,0.0,0.0,0.0,0.875
148,SVM,0.8182,0.5,0.0,0.0,0.8182
149,SVM,1.0,0.5,0.0,0.0,1.0
150,SVM,0.7273,0.0,0.0,0.0,0.8
151,SVM,0.8182,0.5,0.0,0.0,0.8182
152,SVM,0.5455,0.0,0.0,0.0,0.75
153,SVM,0.7273,0.0,0.0,0.0,0.8889
154,SVM,0.9091,0.5,0.0,0.0,0.9091
155,SVM,0.8182,0.5,0.0,0.0,0.8182
156,SVM,0.7273,0.0,0.0,0.0,0.8
157,SVM,0.8182,0.5,0.0,0.0,0.8182
158,SVM,0.7273,0.0,0.0,0.0,0.8
159,SVM,0.8182,0.0,0.0,0.0,1.0
160,SVM,1.0,0.5,0.0,0.0,1.0
161,SVM,0.8182,0.0,0.0,0.0,0.9
162,SVM,1.0,0.5,0.0,0.0,1.0
163,SVM,0.9091,0.0,0.0,0.0,1.0
164,SVM,0.7273,0.5,0.0,0.0,0.7273
165,SVM,0.8182,0.0,0.0,0.0,0.9
166,SVM,1.0,0.5,0.0,0.0,1.0
167,SVM,1.0,0.5,0.0,0.0,1.0
168,SVM,1.0,0.5,0.0,0.0,1.0
169,SVM,0.7273,0.0,0.0,0.0,0.8
170,SVM,1.0,0.5,0.0,0.0,1.0
171,SVM,1.0,0.5,0.0,0.0,1.0
172,SVM,0.9091,0.5,0.0,0.0,0.9091
173,SVM,0.7273,0.0,0.0,0.0,0.8
174,SVM,0.7273,0.0,0.0,0.0,1.0
175,SVM,1.0,0.5,0.0,0.0,1.0
176,SVM,1.0,0.5,0.0,0.0,1.0
177,SVM,0.8182,0.0,0.0,0.0,0.9
178,SVM,0.9091,0.0,0.0,0.0,1.0
179,SVM,1.0,0.5,0.0,0.0,1.0
180,SVM,0.6364,0.0,0.0,0.0,0.7
181,SVM,0.6364,0.0,0.0,0.0,0.7778
182,SVM,0.6364,0.0,0.0,0.0,1.0
183,SVM,0.8182,0.0,0.0,0.0,0.9
184,SVM,0.9091,0.5,0.0,0.0,0.9091
185,SVM,0.9091,0.5,0.0,0.0,0.9091
186,SVM,0.7273,0.0,0.0,0.0,0.8889
187,SVM,0.9091,0.5,0.0,0.0,0.9091
188,SVM,0.8182,0.0,0.0,0.0,0.9
189,SVM,1.0,0.5,0.0,0.0,1.0
190,SVM,0.7273,0.5,0.0,0.0,0.7273
191,SVM,0.7273,0.0,0.0,0.0,0.8
192,SVM,0.7273,0.0,0.0,0.0,0.8
193,SVM,0.8182,0.0,0.0,0.0,0.9
194,SVM,0.7273,0.5,0.0,0.0,0.7273
195,SVM,0.6364,0.0,0.0,0.0,0.7
196,SVM,0.9091,0.0,0.0,0.0,1.0
197,SVM,0.8182,0.0,0.0,0.0,0.9
198,SVM,1.0,0.5,0.0,0.0,1.0
199,SVM,0.9091,0.5,0.0,0.0,0.9091
200,SVM,0.8182,0.0,0.0,0.0,1.0
201,SVM,0.8182,0.0,0.0,0.0,0.9
202,SVM,0.9091,0.0,0.0,0.0,1.0
203,SVM,0.7273,0.0,0.0,0.0,0.8
204,SVM,0.8182,0.0,0.0,0.0,0.9
205,SVM,0.8182,0.0,0.0,0.0,0.9
206,SVM,1.0,0.5,0.0,0.0,1.0
207,SVM,0.8182,0.0,0.0,0.0,0.9
208,SVM,0.8182,0.5,0.0,0.0,0.8182
209,SVM,0.7273,0.0,0.0,0.0,0.8
210,SVM,0.8182,0.0,0.0,0.0,0.9
211,SVM,0.9091,0.5,0.0,0.0,0.9091
212,SVM,0.9091,0.5,0.0,0.0,0.9091
213,SVM,0.9091,0.0,0.0,0.0,1.0
214,SVM,1.0,0.5,0.0,0.0,1.0
215,SVM,0.8182,0.5,0.0,0.0,0.8182
216,SVM,0.8182,0.0,0.0,0.0,0.9
217,SVM,0.9091,0.5,0.0,0.0,0.9091
218,SVM,0.7273,0.0,0.0,0.0,0.8889
219,SVM,0.8182,0.0,0.0,0.0,0.9
220,SVM,0.8182,0.0,0.0,0.0,1.0
221,SVM,0.6364,0.0,0.0,0.0,1.0
222,SVM,0.8182,0.0,0.0,0.0,0.9
223,SVM,1.0,0.5,0.0,0.0,1.0
224,SVM,0.8182,0.0,0.0,0.0,0.9
225,SVM,0.9091,0.0,0.0,0.0,1.0
226,SVM,0.9091,0.0,0.0,0.0,1.0
227,SVM,0.6364,0.0,0.0,0.0,0.7
228,SVM,0.9091,0.0,0.0,0.0,1.0
229,SVM,0.9091,0.0,0.0,0.0,1.0
230,SVM,0.9091,0.0,0.0,0.0,1.0
231,SVM,0.4545,0.0,0.0,0.0,0.7143
232,SVM,0.9091,0.0,0.0,0.0,1.0
233,SVM,0.9091,0.0,0.0,0.0,1.0
234,SVM,0.8182,0.0,0.0,0.0,0.9
235,SVM,0.7273,0.0,0.0,0.0,0.8889
236,SVM,0.7273,0.0,0.0,0.0,0.8889
237,SVM,0.7273,0.5,0.0,0.0,0.7273
238,SVM,1.0,0.5,0.0,0.0,1.0
239,SVM,0.8182,0.5,0.0,0.0,0.8182
240,SVM,1.0,0.5,0.0,0.0,1.0
241,SVM,0.7273,0.0,0.0,0.0,0.8
242,SVM,0.8182,0.0,0.0,0.0,0.9
243,SVM,0.8182,0.0,0.0,0.0,0.9
244,SVM,0.7273,0.0,0.0,0.0,0.8
245,SVM,0.6364,0.0,0.0,0.0,0.7
246,SVM,0.7273,0.0,0.0,0.0,1.0
247,SVM,0.8182,0.0,0.0,0.0,0.9
248,SVM,0.7273,0.5,0.0,0.0,0.7273
249,SVM,1.0,0.5,0.0,0.0,1.0
250,SVM,0.8182,0.0,0.0,0.0,1.0
251,SVM,0.8182,0.0,0.0,0.0,1.0
252,SVM,0.8182,0.0,0.0,0.0,0.9
253,SVM,1.0,0.5,0.0,0.0,1.0
254,SVM,0.8182,0.0,0.0,0.0,1.0
255,SVM,0.9091,0.0,0.0,0.0,1.0
256,SVM,0.7273,0.0,0.0,0.0,0.8889
257,SVM,0.8182,0.0,0.0,0.0,0.9
258,SVM,0.8182,0.0,0.0,0.0,0.9
259,SVM,1.0,0.5,0.0,0.0,1.0
260,SVM,0.9091,0.0,0.0,0.0,1.0
261,SVM,1.0,0.5,0.0,0.0,1.0
262,SVM,0.8182,0.5,0.0,0.0,0.8182
263,SVM,0.9091,0.5,0.0,0.0,0.9091
264,SVM,0.9091,0.0,0.0,0.0,1.0
265,SVM,0.8182,0.0,0.0,0.0,0.9
266,SVM,0.8182,0.0,0.0,0.0,0.9
267,SVM,0.9091,0.5,0.0,0.0,0.9091
268,SVM,0.4545,0.0,0.0,0.0,0.8333
269,SVM,0.8182,0.5,0.0,0.0,0.8182
270,SVM,0.9091,0.0,0.0,0.0,1.0
271,SVM,0.9091,0.5,0.0,0.0,0.9091
272,SVM,0.8182,0.0,0.0,0.0,0.9
273,SVM,0.7273,0.0,0.0,0.0,1.0
274,SVM,0.9091,0.0,0.0,0.0,1.0
275,SVM,0.9091,0.0,0.0,0.0,1.0
276,SVM,0.7273,0.0,0.0,0.0,1.0
277,SVM,0.7273,0.0,0.0,0.0,0.8889
278,SVM,0.8182,0.0,0.0,0.0,1.0
279,SVM,0.9091,0.5,0.0,0.0,0.9091
280,SVM,0.8182,0.5,0.0,0.0,0.8182
281,SVM,0.9091,0.5,0.0,0.0,0.9091
282,SVM,0.8182,0.0,0.0,0.0,0.9
283,SVM,1.0,0.5,0.0,0.0,1.0
284,SVM,1.0,0.5,0.0,0.0,1.0
285,SVM,0.8182,0.0,0.0,0.0,1.0
286,SVM,0.9091,0.0,0.0,0.0,1.0
287,SVM,0.7273,0.0,0.0,0.0,0.8889
288,SVM,0.8182,0.0,0.0,0.0,0.9
289,SVM,1.0,0.5,0.0,0.0,1.0
290,SVM,0.9091,0.5,0.0,0.0,0.9091
291,SVM,0.8182,0.0,0.0,0.0,0.9
292,SVM,0.6364,0.0,0.0,0.0,0.7778
293,SVM,0.5455,0.0,0.0,0.0,0.6667
294,SVM,0.7273,0.0,0.0,0.0,0.8
295,SVM,0.8182,0.5,0.0,0.0,0.8182
296,SVM,0.8182,0.0,0.0,0.0,0.9
297,SVM,0.8182,0.5,0.0,0.0,0.8182
298,SVM,0.9091,0.0,0.0,0.0,1.0
299,SVM,0.7273,0.0,0.0,0.0,0.8889
300,SVM,0.8182,0.5,0.0,0.0,0.8182
301,SVM,0.8182,0.5,0.0,0.0,0.8182
302,SVM,0.9091,0.0,0.0,0.0,1.0
303,SVM,0.8182,0.0,0.0,0.0,0.9
304,SVM,0.9091,0.5,0.0,0.0,0.9091
305,SVM,0.7273,0.0,0.0,0.0,0.8889
306,SVM,0.8182,0.0,0.0,0.0,0.9
307,SVM,0.8182,0.0,0.0,0.0,0.9
308,SVM,0.9091,0.0,0.0,0.0,1.0
309,SVM,0.7273,0.0,0.0,0.0,0.8889
310,SVM,0.9091,0.5,0.0,0.0,0.9091
311,SVM,0.7273,0.0,0.0,0.0,0.8889
312,SVM,0.8182,0.0,0.0,0.0,0.9
313,SVM,0.8182,0.0,0.0,0.0,1.0
314,SVM,0.9091,0.5,0.0,0.0,0.9091
315,SVM,0.7273,0.0,0.0,0.0,1.0
316,SVM,0.9091,0.5,0.0,0.0,0.9091
317,SVM,0.9091,0.0,0.0,0.0,1.0
318,SVM,0.6364,0.0,0.0,0.0,1.0
319,SVM,0.8182,0.0,0.0,0.0,1.0
320,SVM,1.0,0.5,0.0,0.0,1.0
321,SVM,0.6364,0.0,0.0,0.0,0.7778
322,SVM,0.6364,0.0,0.0,0.0,0.7778
323,SVM,0.7273,0.0,0.0,0.0,0.8
324,SVM,0.9091,0.5,0.0,0.0,0.9091
325,SVM,0.7273,0.0,0.0,0.0,0.8889
326,SVM,0.9091,0.0,0.0,0.0,1.0
327,SVM,0.9091,0.0,0.0,0.0,1.0
328,SVM,0.7273,0.0,0.0,0.0,1.0
329,SVM,0.6364,0.0,0.0,0.0,0.7778
330,SVM,1.0,0.5,0.0,0.0,1.0
331,SVM,0.8182,0.0,0.0,0.0,0.9
332,SVM,0.9091,0.5,0.0,0.0,0.9091
333,SVM,0.7273,0.5,0.0,0.0,0.7273
334,SVM,1.0,0.5,0.0,0.0,1.0
335,SVM,0.6364,0.0,0.0,0.0,0.7778
336,SVM,0.9091,0.5,0.0,0.0,0.9091
337,SVM,0.7273,0.0,0.0,0.0,0.8889
338,SVM,0.9091,0.5,0.0,0.0,0.9091
339,SVM,0.6364,0.0,0.0,0.0,0.875
340,SVM,0.8182,0.0,0.0,0.0,1.0
341,SVM,0.5455,0.0,0.0,0.0,0.6667
342,SVM,0.5455,0.0,0.0,0.0,0.6667
343,SVM,0.8182,0.0,0.0,0.0,0.9
344,SVM,0.8182,0.5,0.0,0.0,0.8182
345,SVM,0.2727,0.0,0.0,0.0,0.3333
346,SVM,0.7273,0.0,0.0,0.0,0.8889
347,SVM,0.8182,0.0,0.0,0.0,0.9
348,SVM,0.7273,0.0,0.0,0.0,0.8889
349,SVM,0.7273,0.0,0.0,0.0,0.8889
350,SVM,0.7273,0.0,0.0,0.0,0.8889
351,SVM,0.9091,0.5,0.0,0.0,0.9091
352,SVM,0.9091,0.0,0.0,0.0,1.0
353,SVM,1.0,0.5,0.0,0.0,1.0
354,SVM,1.0,0.5,0.0,0.0,1.0
355,SVM,0.7273,0.0,0.0,0.0,0.8
356,SVM,0.9091,0.0,0.0,0.0,1.0
357,SVM,0.8182,0.0,0.0,0.0,0.9
358,SVM,0.8182,0.0,0.0,0.0,1.0
359,SVM,0.9091,0.5,0.0,0.0,0.9091
360,SVM,0.8182,0.0,0.0,0.0,1.0
361,SVM,0.7273,0.0,0.0,0.0,0.8889
362,SVM,0.7273,0.5,0.0,0.0,0.7273
363,SVM,0.5455,0.5,0.0,0.0,0.5455
364,SVM,0.9091,0.5,0.0,0.0,0.9091
365,SVM,0.9091,0.5,0.0,0.0,0.9091
366,SVM,0.7273,0.0,0.0,0.0,0.8889
367,SVM,1.0,0.5,0.0,0.0,1.0
368,SVM,0.8182,0.5,0.0,0.0,0.8182
369,SVM,0.7273,0.0,0.0,0.0,0.8889
370,SVM,0.8182,0.0,0.0,0.0,0.9
371,SVM,0.8182,0.0,0.0,0.0,1.0
372,SVM,0.8182,0.0,0.0,0.0,1.0
373,SVM,0.7273,0.5,0.0,0.0,0.7273
374,SVM,0.9091,0.0,0.0,0.0,1.0
375,SVM,0.7273,0.0,0.0,0.0,0.8
376,SVM,0.7273,0.0,0.0,0.0,0.8
377,SVM,0.8182,0.0,0.0,0.0,0.9
378,SVM,0.8182,0.0,0.0,0.0,1.0
379,SVM,0.8182,0.0,0.0,0.0,0.9
380,SVM,0.8182,0.5,0.0,0.0,0.8182
381,SVM,0.8182,0.0,0.0,0.0,0.9
382,SVM,0.8182,0.5,0.0,0.0,0.8182
383,SVM,0.7273,0.0,0.0,0.0,0.8889
384,SVM,0.7273,0.0,0.0,0.0,0.8889
385,SVM,0.9091,0.5,0.0,0.0,0.9091
386,SVM,1.0,0.5,0.0,0.0,1.0
387,SVM,0.7273,0.0,0.0,0.0,0.8889
388,SVM,0.7273,0.0,0.0,0.0,1.0
389,SVM,0.9091,0.0,0.0,0.0,1.0
390,SVM,0.6364,0.0,0.0,0.0,0.7778
391,SVM,0.9091,0.5,0.0,0.0,0.9091
392,SVM,0.8182,0.0,0.0,0.0,0.9
393,SVM,0.8182,0.5,0.0,0.0,0.8182
394,SVM,1.0,0.5,0.0,0.0,1.0
395,SVM,1.0,0.5,0.0,0.0,1.0
396,SVM,1.0,0.5,0.0,0.0,1.0
397,SVM,0.7273,0.0,0.0,0.0,1.0
398,SVM,0.8182,0.0,0.0,0.0,1.0
399,SVM,0.8182,0.0,0.0,0.0,1.0
400,SVM,0.6364,0.0,0.0,0.0,0.7778
401,SVM,1.0,0.5,0.0,0.0,1.0
402,SVM,0.9091,0.0,0.0,0.0,1.0
403,SVM,0.8182,0.0,0.0,0.0,0.9
404,SVM,0.5455,0.0,0.0,0.0,0.75
405,SVM,0.9091,0.5,0.0,0.0,0.9091
406,SVM,0.9091,0.0,0.0,0.0,1.0
407,SVM,0.5455,0.0,0.0,0.0,0.75
408,SVM,0.9091,0.5,0.0,0.0,0.9091
409,SVM,0.8182,0.0,0.0,0.0,1.0
410,SVM,0.8182,0.0,0.0,0.0,1.0
411,SVM,0.8182,0.5,0.0,0.0,0.8182
412,SVM,0.8182,0.0,0.0,0.0,1.0
413,SVM,0.7273,0.0,0.0,0.0,0.8
414,SVM,0.8182,0.0,0.0,0.0,0.9
415,SVM,0.8182,0.5,0.0,0.0,0.8182
416,SVM,0.8182,0.0,0.0,0.0,0.9
417,SVM,0.8182,0.0,0.0,0.0,1.0
418,SVM,0.7273,0.0,0.0,0.0,0.8889
419,SVM,0.8182,0.0,0.0,0.0,1.0
420,SVM,0.7273,0.0,0.0,0.0,0.8
421,SVM,0.6364,0.5,0.0,0.0,0.6364
422,SVM,0.7273,0.0,0.0,0.0,0.8889
423,SVM,1.0,0.5,0.0,0.0,1.0
424,SVM,0.7273,0.0,0.0,0.0,0.8
425,SVM,0.8182,0.0,0.0,0.0,0.9
426,SVM,0.7273,0.0,0.0,0.0,0.8
427,SVM,0.9091,0.5,0.0,0.0,0.9091
428,SVM,0.8182,0.0,0.0,0.0,0.9
429,SVM,0.9091,0.5,0.0,0.0,0.9091
430,SVM,0.9091,0.0,0.0,0.0,1.0
431,SVM,0.8182,0.5,0.0,0.0,0.8182
432,SVM,0.8182,0.5,0.0,0.0,0.8182
433,SVM,0.5455,0.0,0.0,0.0,0.6
434,SVM,0.9091,0.0,0.0,0.0,1.0
435,SVM,0.8182,0.0,0.0,0.0,0.9
436,SVM,0.6364,0.0,0.0,0.0,0.7
437,SVM,0.9091,0.0,0.0,0.0,1.0
438,SVM,0.7273,0.5,0.0,0.0,0.7273
439,SVM,0.7273,0.0,0.0,0.0,0.8889
440,SVM,0.8182,0.0,0.0,0.0,0.9
441,SVM,0.8182,0.0,0.0,0.0,1.0
442,SVM,0.8182,0.5,0.0,0.0,0.8182
443,SVM,0.9091,0.0,0.0,0.0,1.0
444,SVM,0.7273,0.0,0.0,0.0,0.8
445,SVM,0.7273,0.0,0.0,0.0,0.8889
446,SVM,1.0,0.5,0.0,0.0,1.0
447,SVM,0.9091,0.5,0.0,0.0,0.9091
448,SVM,0.8182,0.0,0.0,0.0,1.0
449,SVM,0.9091,0.0,0.0,0.0,1.0
450,SVM,0.9091,0.0,0.0,0.0,1.0
451,SVM,0.8182,0.0,0.0,0.0,1.0
452,SVM,0.9091,0.5,0.0,0.0,0.9091
453,SVM,0.9091,0.5,0.0,0.0,0.9091
454,SVM,0.8182,0.5,0.0,0.0,0.8182
455,SVM,0.8182,0.5,0.0,0.0,0.8182
456,SVM,0.9091,0.0,0.0,0.0,1.0
457,SVM,0.8182,0.0,0.0,0.0,0.9
458,SVM,0.8182,0.0,0.0,0.0,0.9
459,SVM,0.9091,0.0,0.0,0.0,1.0
460,SVM,0.8182,0.0,0.0,0.0,0.9
461,SVM,0.8182,0.0,0.0,0.0,0.9
462,SVM,1.0,0.5,0.0,0.0,1.0
463,SVM,0.8182,0.0,0.0,0.0,0.9
464,SVM,0.9091,0.5,0.0,0.0,0.9091
465,SVM,0.9091,0.5,0.0,0.0,0.9091
466,SVM,0.6364,0.0,0.0,0.0,0.7778
467,SVM,0.9091,0.5,0.0,0.0,0.9091
468,SVM,0.9091,0.0,0.0,0.0,1.0
469,SVM,0.9091,0.5,0.0,0.0,0.9091
470,SVM,0.8182,0.5,0.0,0.0,0.8182
471,SVM,0.8182,0.5,0.0,0.0,0.8182
472,SVM,0.8182,0.0,0.0,0.0,0.9
473,SVM,0.7273,0.0,0.0,0.0,0.8
474,SVM,0.7273,0.5,0.0,0.0,0.7273
475,SVM,0.8182,0.0,0.0,0.0,1.0
476,SVM,0.6364,0.0,0.0,0.0,0.875
477,SVM,1.0,0.5,0.0,0.0,1.0
478,SVM,0.9091,0.5,0.0,0.0,0.9091
479,SVM,0.8182,0.5,0.0,0.0,0.8182
480,SVM,0.9091,0.0,0.0,0.0,1.0
481,SVM,0.9091,0.0,0.0,0.0,1.0
482,SVM,0.9091,0.5,0.0,0.0,0.9091
483,SVM,0.7273,0.0,0.0,0.0,0.8
484,SVM,0.8182,0.5,0.0,0.0,0.8182
485,SVM,0.9091,0.0,0.0,0.0,1.0
486,SVM,0.6364,0.0,0.0,0.0,0.7778
487,SVM,0.8182,0.0,0.0,0.0,1.0
488,SVM,0.9091,0.0,0.0,0.0,1.0
489,SVM,0.8182,0.0,0.0,0.0,1.0
490,SVM,0.9091,0.0,0.0,0.0,1.0
491,SVM,0.7273,0.0,0.0,0.0,1.0
492,SVM,0.8182,0.0,0.0,0.0,1.0
493,SVM,0.8182,0.0,0.0,0.0,0.9
494,SVM,0.8182,0.0,0.0,0.0,0.9
495,SVM,0.9091,0.5,0.0,0.0,0.9091
496,SVM,0.9091,0.0,0.0,0.0,1.0
497,SVM,0.8182,0.5,0.0,0.0,0.8182
498,SVM,0.8182,0.0,0.0,0.0,1.0
499,SVM,0.6364,0.0,0.0,0.0,0.7778
500,SVM,0.9091,0.0,0.0,0.0,1.0
501,SVM,0.8182,0.0,0.0,0.0,1.0
502,SVM,0.9091,0.5,0.0,0.0,0.9091
503,SVM,0.8182,0.0,0.0,0.0,0.9
504,SVM,1.0,0.5,0.0,0.0,1.0
505,SVM,0.9091,0.5,0.0,0.0,0.9091
506,SVM,0.9091,0.0,0.0,0.0,1.0
507,SVM,0.9091,0.0,0.0,0.0,1.0
508,SVM,0.9091,0.5,0.0,0.0,0.9091
509,SVM,0.9091,0.5,0.0,0.0,0.9091
510,SVM,0.8182,0.5,0.0,0.0,0.8182
511,SVM,1.0,0.5,0.0,0.0,1.0
512,SVM,0.6364,0.0,0.0,0.0,0.7
513,SVM,0.8182,0.0,0.0,0.0,0.9
514,SVM,0.8182,0.0,0.0,0.0,0.9
515,SVM,0.8182,0.0,0.0,0.0,0.9
516,SVM,0.8182,0.0,0.0,0.0,0.9
517,SVM,0.6364,0.5,0.0,0.0,0.6364
518,SVM,1.0,0.5,0.0,0.0,1.0
519,SVM,0.7273,0.0,0.0,0.0,0.8889
520,SVM,0.9091,0.0,0.0,0.0,1.0
521,SVM,0.9091,0.0,0.0,0.0,1.0
522,SVM,0.9091,0.5,0.0,0.0,0.9091
523,SVM,0.9091,0.0,0.0,0.0,1.0
524,SVM,0.4545,0.0,0.0,0.0,0.5556
525,SVM,0.7273,0.5,0.0,0.0,0.7273
526,SVM,0.7273,0.0,0.0,0.0,0.8
527,SVM,0.9091,0.0,0.0,0.0,1.0
528,SVM,0.8182,0.0,0.0,0.0,0.9
529,SVM,0.9091,0.5,0.0,0.0,0.9091
530,SVM,0.6364,0.0,0.0,0.0,0.875
531,SVM,0.9091,0.5,0.0,0.0,0.9091
532,SVM,0.9091,0.5,0.0,0.0,0.9091
533,SVM,0.6364,0.0,0.0,0.0,0.7
534,SVM,0.8182,0.0,0.0,0.0,1.0
535,SVM,0.7273,0.0,0.0,0.0,0.8889
536,SVM,0.7273,0.0,0.0,0.0,1.0
537,SVM,0.6364,0.0,0.0,0.0,0.7
538,SVM,0.5455,0.0,0.0,0.0,0.8571
539,SVM,0.7273,0.0,0.0,0.0,1.0
540,SVM,0.8182,0.0,0.0,0.0,0.9
541,SVM,0.6364,0.0,0.0,0.0,1.0
542,SVM,0.8182,0.0,0.0,0.0,0.9
543,SVM,0.9091,0.0,0.0,0.0,1.0
544,SVM,0.8182,0.0,0.0,0.0,0.9
545,SVM,0.9091,0.5,0.0,0.0,0.9091
546,SVM,1.0,0.5,0.0,0.0,1.0
547,SVM,0.8182,0.0,0.0,0.0,1.0
548,SVM,0.7273,0.0,0.0,0.0,0.8889
549,SVM,0.9091,0.5,0.0,0.0,0.9091
550,SVM,0.8182,0.0,0.0,0.0,0.9
551,SVM,0.8182,0.0,0.0,0.0,0.9
552,SVM,0.9091,0.0,0.0,0.0,1.0
553,SVM,0.6364,0.0,0.0,0.0,0.7778
554,SVM,0.7273,0.0,0.0,0.0,0.8
555,SVM,0.7273,0.0,0.0,0.0,1.0
556,SVM,0.7273,0.5,0.0,0.0,0.7273
557,SVM,0.9091,0.0,0.0,0.0,1.0
558,SVM,0.9091,0.5,0.0,0.0,0.9091
559,SVM,0.8182,0.0,0.0,0.0,1.0
560,SVM,0.6364,0.0,0.0,0.0,0.7
561,SVM,0.6364,0.0,0.0,0.0,0.875
562,SVM,0.8182,0.5,0.0,0.0,0.8182
563,SVM,0.6364,0.0,0.0,0.0,0.7778
564,SVM,0.9091,0.5,0.0,0.0,0.9091
565,SVM,0.8182,0.0,0.0,0.0,0.9
566,SVM,0.9091,0.5,0.0,0.0,0.9091
567,SVM,0.9091,0.0,0.0,0.0,1.0
568,SVM,0.9091,0.0,0.0,0.0,1.0
569,SVM,0.8182,0.0,0.0,0.0,0.9
570,SVM,0.9091,0.5,0.0,0.0,0.9091
571,SVM,1.0,0.5,0.0,0.0,1.0
572,SVM,0.8182,0.0,0.0,0.0,0.9
573,SVM,1.0,0.5,0.0,0.0,1.0
574,SVM,1.0,0.5,0.0,0.0,1.0
575,SVM,1.0,0.5,0.0,0.0,1.0
576,SVM,0.6364,0.0,0.0,0.0,0.875
577,SVM,0.8182,0.5,0.0,0.0,0.8182
578,SVM,0.8182,0.0,0.0,0.0,1.0
579,SVM,0.8182,0.5,0.0,0.0,0.8182
580,SVM,0.9091,0.0,0.0,0.0,1.0
581,SVM,0.9091,0.5,0.0,0.0,0.9091
582,SVM,0.7273,0.0,0.0,0.0,0.8
583,SVM,1.0,0.5,0.0,0.0,1.0
584,SVM,0.8182,0.0,0.0,0.0,1.0
585,SVM,0.7273,0.0,0.0,0.0,0.8889
586,SVM,0.8182,0.0,0.0,0.0,0.9
587,SVM,0.8182,0.0,0.0,0.0,1.0
588,SVM,0.7273,0.0,0.0,0.0,0.8889
589,SVM,1.0,0.5,0.0,0.0,1.0
590,SVM,0.6364,0.0,0.0,0.0,0.7
591,SVM,0.7273,0.0,0.0,0.0,0.8889
592,SVM,0.7273,0.5,0.0,0.0,0.7273
593,SVM,0.9091,0.5,0.0,0.0,0.9091
594,SVM,0.7273,0.0,0.0,0.0,0.8889
595,SVM,0.6364,0.0,0.0,0.0,0.7778
596,SVM,0.7273,0.0,0.0,0.0,0.8889
597,SVM,0.9091,0.5,0.0,0.0,0.9091
598,SVM,0.8182,0.0,0.0,0.0,0.9
599,SVM,0.9091,0.5,0.0,0.0,0.9091
600,SVM,0.6364,0.0,0.0,0.0,0.875
601,SVM,0.7273,0.0,0.0,0.0,0.8889
602,SVM,0.9091,0.5,0.0,0.0,0.9091
603,SVM,0.9091,0.0,0.0,0.0,1.0
604,SVM,1.0,0.5,0.0,0.0,1.0
605,SVM,0.9091,0.0,0.0,0.0,1.0
606,SVM,0.9091,0.5,0.0,0.0,0.9091
607,SVM,0.9091,0.5,0.0,0.0,0.9091
608,SVM,0.8182,0.0,0.0,0.0,0.9
609,SVM,1.0,0.5,0.0,0.0,1.0
610,SVM,1.0,0.5,0.0,0.0,1.0
611,SVM,0.7273,0.0,0.0,0.0,0.8
612,SVM,0.9091,0.5,0.0,0.0,0.9091
613,SVM,0.9091,0.5,0.0,0.0,0.9091
614,SVM,0.9091,0.0,0.0,0.0,1.0
615,SVM,0.8182,0.0,0.0,0.0,0.9
616,SVM,0.8182,0.0,0.0,0.0,1.0
617,SVM,0.8182,0.0,0.0,0.0,0.9
618,SVM,1.0,0.5,0.0,0.0,1.0
619,SVM,0.7273,0.0,0.0,0.0,1.0
620,SVM,0.9091,0.5,0.0,0.0,0.9091
621,SVM,0.7273,0.0,0.0,0.0,0.8
622,SVM,0.8182,0.0,0.0,0.0,0.9
623,SVM,0.7273,0.0,0.0,0.0,0.8889
624,SVM,0.8182,0.5,0.0,0.0,0.8182
625,SVM,0.9091,0.5,0.0,0.0,0.9091
626,SVM,0.6364,0.0,0.0,0.0,0.875
627,SVM,0.6364,0.5,0.0,0.0,0.6364
628,SVM,0.6364,0.0,0.0,0.0,0.7
629,SVM,0.8182,0.5,0.0,0.0,0.8182
630,SVM,0.8182,0.0,0.0,0.0,0.9
631,SVM,0.9091,0.5,0.0,0.0,0.9091
632,SVM,0.9091,0.0,0.0,0.0,1.0
633,SVM,0.9091,0.5,0.0,0.0,0.9091
634,SVM,1.0,0.5,0.0,0.0,1.0
635,SVM,0.7273,0.0,0.0,0.0,0.8889
636,SVM,0.9091,0.5,0.0,0.0,0.9091
637,SVM,0.8182,0.0,0.0,0.0,1.0
638,SVM,0.7273,0.0,0.0,0.0,0.8
639,SVM,1.0,0.5,0.0,0.0,1.0
640,SVM,0.7273,0.0,0.0,0.0,0.8
641,SVM,0.8182,0.0,0.0,0.0,0.9
642,SVM,0.8182,0.5,0.0,0.0,0.8182
643,SVM,0.7273,0.5,0.0,0.0,0.7273
644,SVM,0.7273,0.0,0.0,0.0,0.8889
645,SVM,0.9091,0.0,0.0,0.0,1.0
646,SVM,0.8182,0.0,0.0,0.0,1.0
647,SVM,1.0,0.5,0.0,0.0,1.0
648,SVM,1.0,0.5,0.0,0.0,1.0
649,SVM,0.9091,0.0,0.0,0.0,1.0
650,SVM,0.7273,0.0,0.0,0.0,0.8
651,SVM,0.9091,0.5,0.0,0.0,0.9091
652,SVM,0.7273,0.0,0.0,0.0,0.8
653,SVM,0.9091,0.5,0.0,0.0,0.9091
654,SVM,0.9091,0.5,0.0,0.0,0.9091
655,SVM,0.7273,0.0,0.0,0.0,0.8889
656,SVM,0.9091,0.5,0.0,0.0,0.9091
657,SVM,0.9091,0.0,0.0,0.0,1.0
658,SVM,0.8182,0.0,0.0,0.0,0.9
659,SVM,0.9091,0.0,0.0,0.0,1.0
660,SVM,0.4545,0.0,0.0,0.0,0.5
661,SVM,1.0,0.5,0.0,0.0,1.0
662,SVM,0.6364,0.0,0.0,0.0,0.7
663,SVM,0.8182,0.5,0.0,0.0,0.8182
664,SVM,0.8182,0.5,0.0,0.0,0.8182
665,SVM,0.9091,0.5,0.0,0.0,0.9091
666,SVM,0.8182,0.0,0.0,0.0,0.9
667,SVM,0.3636,0.0,0.0,0.0,0.5
668,SVM,0.9091,0.5,0.0,0.0,0.9091
669,SVM,0.8182,0.0,0.0,0.0,0.9
670,SVM,0.8182,0.5,0.0,0.0,0.8182
671,SVM,0.7273,0.0,0.0,0.0,0.8889
672,SVM,0.9091,0.5,0.0,0.0,0.9091
673,SVM,0.7273,0.0,0.0,0.0,1.0
674,SVM,0.7273,0.0,0.0,0.0,0.8889
675,SVM,0.9091,0.5,0.0,0.0,0.9091
676,SVM,1.0,0.5,0.0,0.0,1.0
677,SVM,0.9091,0.0,0.0,0.0,1.0
678,SVM,1.0,0.5,0.0,0.0,1.0
679,SVM,1.0,0.5,0.0,0.0,1.0
680,SVM,0.8182,0.5,0.0,0.0,0.8182
681,SVM,0.8182,0.0,0.0,0.0,1.0
682,SVM,0.9091,0.0,0.0,0.0,1.0
683,SVM,0.9091,0.5,0.0,0.0,0.9091
684,SVM,0.8182,0.0,0.0,0.0,1.0
685,SVM,0.8182,0.0,0.0,0.0,0.9
686,SVM,0.7273,0.0,0.0,0.0,0.8
687,SVM,0.7273,0.0,0.0,0.0,0.8
688,SVM,1.0,0.5,0.0,0.0,1.0
689,SVM,0.9091,0.0,0.0,0.0,1.0
690,SVM,0.7273,0.5,0.0,0.0,0.7273
691,SVM,0.6364,0.0,0.0,0.0,0.7778
692,SVM,0.6364,0.0,0.0,0.0,0.7
693,SVM,0.8182,0.5,0.0,0.0,0.8182
694,SVM,1.0,0.5,0.0,0.0,1.0
695,SVM,0.8182,0.0,0.0,0.0,1.0
696,SVM,0.8182,0.5,0.0,0.0,0.8182
697,SVM,0.7273,0.0,0.0,0.0,0.8889
698,SVM,0.8182,0.0,0.0,0.0,0.9
699,SVM,0.8182,0.5,0.0,0.0,0.8182
700,SVM,0.6364,0.0,0.0,0.0,0.7
701,SVM,0.8182,0.0,0.0,0.0,1.0
702,SVM,0.5455,0.0,0.0,0.0,0.6
703,SVM,0.6364,0.0,0.0,0.0,0.7778
704,SVM,1.0,0.5,0.0,0.0,1.0
705,SVM,0.7273,0.0,0.0,0.0,1.0
706,SVM,0.9091,0.5,0.0,0.0,0.9091
707,SVM,0.9091,0.5,0.0,0.0,0.9091
708,SVM,0.9091,0.0,0.0,0.0,1.0
709,SVM,0.9091,0.5,0.0,0.0,0.9091
710,SVM,0.7273,0.0,0.0,0.0,1.0
711,SVM,0.8182,0.0,0.0,0.0,0.9
712,SVM,0.7273,0.0,0.0,0.0,0.8889
713,SVM,1.0,0.5,0.0,0.0,1.0
714,SVM,0.9091,0.0,0.0,0.0,1.0
715,SVM,0.8182,0.0,0.0,0.0,0.9
716,SVM,0.8182,0.0,0.0,0.0,0.9
717,SVM,0.8182,0.0,0.0,0.0,0.9
718,SVM,0.8182,0.5,0.0,0.0,0.8182
719,SVM,0.9091,0.0,0.0,0.0,1.0
720,SVM,0.7273,0.0,0.0,0.0,0.8889
721,SVM,0.7273,0.0,0.0,0.0,1.0
722,SVM,0.9091,0.5,0.0,0.0,0.9091
723,SVM,0.5455,0.0,0.0,0.0,0.6667
724,SVM,0.9091,0.5,0.0,0.0,0.9091
725,SVM,0.7273,0.0,0.0,0.0,0.8889
726,SVM,0.8182,0.0,0.0,0.0,1.0
727,SVM,0.7273,0.5,0.0,0.0,0.7273
728,SVM,0.6364,0.0,0.0,0.0,0.7
729,SVM,0.7273,0.0,0.0,0.0,0.8
730,SVM,0.7273,0.0,0.0,0.0,0.8
731,SVM,0.8182,0.0,0.0,0.0,0.9
732,SVM,0.9091,0.5,0.0,0.0,0.9091
733,SVM,1.0,0.5,0.0,0.0,1.0
734,SVM,0.7273,0.0,0.0,0.0,0.8889
735,SVM,0.9091,0.0,0.0,0.0,1.0
736,SVM,0.4545,0.0,0.0,0.0,0.625
737,SVM,0.8182,0.0,0.0,0.0,1.0
738,SVM,1.0,0.5,0.0,0.0,1.0
739,SVM,0.8182,0.0,0.0,0.0,1.0
740,SVM,1.0,0.5,0.0,0.0,1.0
741,SVM,0.9091,0.0,0.0,0.0,1.0
742,SVM,0.6364,0.5,0.0,0.0,0.6364
743,SVM,0.8182,0.5,0.0,0.0,0.8182
744,SVM,0.8182,0.0,0.0,0.0,1.0
745,SVM,0.9091,0.5,0.0,0.0,0.9091
746,SVM,0.9091,0.0,0.0,0.0,1.0
747,SVM,0.6364,0.0,0.0,0.0,0.7
748,SVM,0.8182,0.5,0.0,0.0,0.8182
749,SVM,0.9091,0.5,0.0,0.0,0.9091
750,SVM,0.8182,0.0,0.0,0.0,0.9
751,SVM,0.7273,0.0,0.0,0.0,0.8889
752,SVM,0.6364,0.0,0.0,0.0,0.7778
753,SVM,0.8182,0.0,0.0,0.0,0.9
754,SVM,0.9091,0.0,0.0,0.0,1.0
755,SVM,0.9091,0.5,0.0,0.0,0.9091
756,SVM,0.9091,0.0,0.0,0.0,1.0
757,SVM,0.9091,0.5,0.0,0.0,0.9091
758,SVM,0.8182,0.0,0.0,0.0,0.9
759,SVM,1.0,0.5,0.0,0.0,1.0
760,SVM,0.7273,0.0,0.0,0.0,1.0
761,SVM,0.8182,0.0,0.0,0.0,0.9
762,SVM,0.8182,0.0,0.0,0.0,0.9
763,SVM,0.7273,0.5,0.0,0.0,0.7273
764,SVM,0.9091,0.0,0.0,0.0,1.0
765,SVM,0.8182,0.5,0.0,0.0,0.8182
766,SVM,0.9091,0.5,0.0,0.0,0.9091
767,SVM,1.0,0.5,0.0,0.0,1.0
768,SVM,1.0,0.5,0.0,0.0,1.0
769,SVM,0.7273,0.5,0.0,0.0,0.7273
770,SVM,0.6364,0.0,0.0,0.0,0.7778
771,SVM,0.9091,0.5,0.0,0.0,0.9091
772,SVM,0.7273,0.0,0.0,0.0,1.0
773,SVM,0.8182,0.0,0.0,0.0,0.9
774,SVM,0.7273,0.0,0.0,0.0,1.0
775,SVM,0.7273,0.0,0.0,0.0,0.8889
776,SVM,0.8182,0.5,0.0,0.0,0.8182
777,SVM,0.9091,0.0,0.0,0.0,1.0
778,SVM,0.7273,0.0,0.0,0.0,0.8
779,SVM,1.0,0.5,0.0,0.0,1.0
780,SVM,0.8182,0.0,0.0,0.0,0.9
781,SVM,0.8182,0.5,0.0,0.0,0.8182
782,SVM,0.9091,0.5,0.0,0.0,0.9091
783,SVM,0.7273,0.0,0.0,0.0,0.8889
784,SVM,0.8182,0.0,0.0,0.0,0.9
785,SVM,1.0,0.5,0.0,0.0,1.0
786,SVM,0.7273,0.0,0.0,0.0,0.8
787,SVM,0.9091,0.0,0.0,0.0,1.0
788,SVM,0.8182,0.5,0.0,0.0,0.8182
789,SVM,0.7273,0.0,0.0,0.0,0.8
790,SVM,0.9091,0.5,0.0,0.0,0.9091
791,SVM,0.9091,0.0,0.0,0.0,1.0
792,SVM,0.9091,0.0,0.0,0.0,1.0
793,SVM,1.0,0.5,0.0,0.0,1.0
794,SVM,0.9091,0.0,0.0,0.0,1.0
795,SVM,0.5455,0.0,0.0,0.0,0.75
796,SVM,0.8182,0.5,0.0,0.0,0.8182
797,SVM,0.8182,0.0,0.0,0.0,0.9
798,SVM,1.0,0.5,0.0,0.0,1.0
799,SVM,0.9091,0.0,0.0,0.0,1.0
800,SVM,0.8182,0.0,0.0,0.0,0.9
801,SVM,0.7273,0.0,0.0,0.0,0.8
802,SVM,0.8182,0.0,0.0,0.0,1.0
803,SVM,1.0,0.5,0.0,0.0,1.0
804,SVM,0.8182,0.5,0.0,0.0,0.8182
805,SVM,0.8182,0.0,0.0,0.0,1.0
806,SVM,0.9091,0.5,0.0,0.0,0.9091
807,SVM,0.8182,0.0,0.0,0.0,1.0
808,SVM,0.9091,0.0,0.0,0.0,1.0
809,SVM,1.0,0.5,0.0,0.0,1.0
810,SVM,0.7273,0.0,0.0,0.0,0.8889
811,SVM,0.7273,0.0,0.0,0.0,0.8889
812,SVM,0.8182,0.5,0.0,0.0,0.8182
813,SVM,0.6364,0.0,0.0,0.0,0.7778
814,SVM,0.7273,0.0,0.0,0.0,0.8
815,SVM,0.7273,0.5,0.0,0.0,0.7273
816,SVM,0.8182,0.5,0.0,0.0,0.8182
817,SVM,0.9091,0.0,0.0,0.0,1.0
818,SVM,0.7273,0.0,0.0,0.0,0.8889
819,SVM,0.7273,0.0,0.0,0.0,0.8889
820,SVM,0.9091,0.0,0.0,0.0,1.0
821,SVM,0.8182,0.0,0.0,0.0,1.0
822,SVM,0.8182,0.0,0.0,0.0,0.9
823,SVM,0.8182,0.0,0.0,0.0,1.0
824,SVM,1.0,0.5,0.0,0.0,1.0
825,SVM,1.0,0.5,0.0,0.0,1.0
826,SVM,0.9091,0.5,0.0,0.0,0.9091
827,SVM,0.6364,0.0,0.0,0.0,0.7778
828,SVM,0.9091,0.0,0.0,0.0,1.0
829,SVM,0.8182,0.0,0.0,0.0,0.9
830,SVM,0.8182,0.0,0.0,0.0,1.0
831,SVM,0.8182,0.5,0.0,0.0,0.8182
832,SVM,1.0,0.5,0.0,0.0,1.0
833,SVM,0.9091,0.5,0.0,0.0,0.9091
834,SVM,0.7273,0.0,0.0,0.0,0.8
835,SVM,0.8182,0.0,0.0,0.0,1.0
836,SVM,0.8182,0.5,0.0,0.0,0.8182
837,SVM,0.9091,0.5,0.0,0.0,0.9091
838,SVM,0.9091,0.5,0.0,0.0,0.9091
839,SVM,0.9091,0.0,0.0,0.0,1.0
840,SVM,0.9091,0.0,0.0,0.0,1.0
841,SVM,0.9091,0.5,0.0,0.0,0.9091
842,SVM,0.9091,0.5,0.0,0.0,0.9091
843,SVM,0.8182,0.0,0.0,0.0,0.9
844,SVM,0.9091,0.5,0.0,0.0,0.9091
845,SVM,0.8182,0.0,0.0,0.0,1.0
846,SVM,0.8182,0.0,0.0,0.0,1.0
847,SVM,0.8182,0.0,0.0,0.0,1.0
848,SVM,0.8182,0.0,0.0,0.0,0.9
849,SVM,0.8182,0.0,0.0,0.0,0.9
850,SVM,0.9091,0.5,0.0,0.0,0.9091
851,SVM,0.6364,0.0,0.0,0.0,0.7
852,SVM,0.9091,0.0,0.0,0.0,1.0
853,SVM,0.7273,0.0,0.0,0.0,1.0
854,SVM,1.0,0.5,0.0,0.0,1.0
855,SVM,0.9091,0.0,0.0,0.0,1.0
856,SVM,0.7273,0.0,0.0,0.0,0.8889
857,SVM,0.7273,0.0,0.0,0.0,0.8
858,SVM,0.6364,0.0,0.0,0.0,0.7778
859,SVM,0.8182,0.0,0.0,0.0,0.9
860,SVM,0.8182,0.0,0.0,0.0,1.0
861,SVM,0.9091,0.0,0.0,0.0,1.0
862,SVM,0.6364,0.0,0.0,0.0,0.7
863,SVM,0.7273,0.0,0.0,0.0,0.8889
864,SVM,0.6364,0.0,0.0,0.0,0.7
865,SVM,0.8182,0.5,0.0,0.0,0.8182
866,SVM,0.9091,0.0,0.0,0.0,1.0
867,SVM,0.9091,0.0,0.0,0.0,1.0
868,SVM,0.7273,0.0,0.0,0.0,0.8
869,SVM,0.9091,0.0,0.0,0.0,1.0
870,SVM,1.0,0.5,0.0,0.0,1.0
871,SVM,0.9091,0.5,0.0,0.0,0.9091
872,SVM,0.6364,0.0,0.0,0.0,0.7
873,SVM,0.8182,0.5,0.0,0.0,0.8182
874,SVM,0.7273,0.0,0.0,0.0,0.8
875,SVM,0.9091,0.0,0.0,0.0,1.0
876,SVM,0.7273,0.0,0.0,0.0,0.8
877,SVM,0.7273,0.0,0.0,0.0,0.8889
878,SVM,0.9091,0.0,0.0,0.0,1.0
879,SVM,1.0,0.5,0.0,0.0,1.0
880,SVM,0.9091,0.0,0.0,0.0,1.0
881,SVM,0.8182,0.0,0.0,0.0,1.0
882,SVM,0.8182,0.0,0.0,0.0,1.0
883,SVM,0.9091,0.0,0.0,0.0,1.0
884,SVM,0.9091,0.0,0.0,0.0,1.0
885,SVM,0.8182,0.0,0.0,0.0,0.9
886,SVM,0.6364,0.0,0.0,0.0,0.875
887,SVM,0.8182,0.0,0.0,0.0,0.9
888,SVM,0.9091,0.0,0.0,0.0,1.0
889,SVM,0.6364,0.0,0.0,0.0,0.7
890,SVM,0.7273,0.0,0.0,0.0,1.0
891,SVM,0.7273,0.0,0.0,0.0,0.8889
892,SVM,0.8182,0.0,0.0,0.0,1.0
893,SVM,0.7273,0.0,0.0,0.0,0.8889
894,SVM,0.7273,0.0,0.0,0.0,1.0
895,SVM,0.8182,0.0,0.0,0.0,0.9
896,SVM,0.9091,0.5,0.0,0.0,0.9091
897,SVM,0.7273,0.0,0.0,0.0,0.8889
898,SVM,0.9091,0.5,0.0,0.0,0.9091
899,SVM,0.9091,0.0,0.0,0.0,1.0
900,SVM,0.8182,0.0,0.0,0.0,0.9
901,SVM,0.8182,0.0,0.0,0.0,0.9
902,SVM,0.9091,0.0,0.0,0.0,1.0
903,SVM,0.7273,0.0,0.0,0.0,0.8889
904,SVM,0.7273,0.0,0.0,0.0,0.8
905,SVM,0.6364,0.0,0.0,0.0,0.7778
906,SVM,0.5455,0.0,0.0,0.0,0.6
907,SVM,0.8182,0.0,0.0,0.0,1.0
908,SVM,0.8182,0.0,0.0,0.0,0.9
909,SVM,0.9091,0.5,0.0,0.0,0.9091
910,SVM,0.9091,0.0,0.0,0.0,1.0
911,SVM,0.8182,0.0,0.0,0.0,0.9
912,SVM,0.6364,0.0,0.0,0.0,0.7
913,SVM,1.0,0.5,0.0,0.0,1.0
914,SVM,0.8182,0.0,0.0,0.0,0.9
915,SVM,0.9091,0.0,0.0,0.0,1.0
916,SVM,0.9091,0.0,0.0,0.0,1.0
917,SVM,0.7273,0.0,0.0,0.0,0.8889
918,SVM,0.9091,0.0,0.0,0.0,1.0
919,SVM,0.8182,0.0,0.0,0.0,0.9
920,SVM,0.7273,0.0,0.0,0.0,0.8
921,SVM,0.9091,0.5,0.0,0.0,0.9091
922,SVM,1.0,0.5,0.0,0.0,1.0
923,SVM,0.7273,0.0,0.0,0.0,0.8889
924,SVM,0.8182,0.0,0.0,0.0,1.0
925,SVM,0.8182,0.0,0.0,0.0,1.0
926,SVM,0.9091,0.0,0.0,0.0,1.0
927,SVM,0.9091,0.0,0.0,0.0,1.0
928,SVM,0.8182,0.0,0.0,0.0,0.9
929,SVM,0.8182,0.0,0.0,0.0,0.9
930,SVM,0.9091,0.5,0.0,0.0,0.9091
931,SVM,0.9091,0.0,0.0,0.0,1.0
932,SVM,0.6364,0.0,0.0,0.0,0.7
933,SVM,0.8182,0.0,0.0,0.0,1.0
934,SVM,0.9091,0.0,0.0,0.0,1.0
935,SVM,0.9091,0.5,0.0,0.0,0.9091
936,SVM,0.9091,0.5,0.0,0.0,0.9091
937,SVM,0.8182,0.5,0.0,0.0,0.8182
938,SVM,1.0,0.5,0.0,0.0,1.0
939,SVM,0.7273,0.0,0.0,0.0,0.8889
940,SVM,0.7273,0.0,0.0,0.0,1.0
941,SVM,1.0,0.5,0.0,0.0,1.0
942,SVM,0.9091,0.0,0.0,0.0,1.0
943,SVM,0.8182,0.0,0.0,0.0,0.9
944,SVM,0.9091,0.0,0.0,0.0,1.0
945,SVM,0.7273,0.0,0.0,0.0,0.8889
946,SVM,0.8182,0.5,0.0,0.0,0.8182
947,SVM,0.7273,0.5,0.0,0.0,0.7273
948,SVM,0.8182,0.0,0.0,0.0,1.0
949,SVM,0.6364,0.5,0.0,0.0,0.6364
950,SVM,0.6364,0.0,0.0,0.0,0.875
951,SVM,0.9091,0.5,0.0,0.0,0.9091
952,SVM,0.9091,0.0,0.0,0.0,1.0
953,SVM,0.8182,0.0,0.0,0.0,1.0
954,SVM,0.9091,0.5,0.0,0.0,0.9091
955,SVM,0.8182,0.5,0.0,0.0,0.8182
956,SVM,0.8182,0.5,0.0,0.0,0.8182
957,SVM,1.0,0.5,0.0,0.0,1.0
958,SVM,0.8182,0.5,0.0,0.0,0.8182
959,SVM,0.7273,0.5,0.0,0.0,0.7273
960,SVM,0.9091,0.0,0.0,0.0,1.0
961,SVM,0.8182,0.5,0.0,0.0,0.8182
962,SVM,0.8182,0.0,0.0,0.0,1.0
963,SVM,1.0,0.5,0.0,0.0,1.0
964,SVM,0.5455,0.0,0.0,0.0,0.6667
965,SVM,0.9091,0.0,0.0,0.0,1.0
966,SVM,0.8182,0.0,0.0,0.0,0.9
967,SVM,0.7273,0.0,0.0,0.0,0.8
968,SVM,0.9091,0.5,0.0,0.0,0.9091
969,SVM,0.9091,0.0,0.0,0.0,1.0
970,SVM,1.0,0.5,0.0,0.0,1.0
971,SVM,0.8182,0.0,0.0,0.0,0.9
972,SVM,0.6364,0.0,0.0,0.0,1.0
973,SVM,0.8182,0.0,0.0,0.0,0.9
974,SVM,0.6364,0.0,0.0,0.0,0.7
975,SVM,0.7273,0.5,0.0,0.0,0.7273
976,SVM,1.0,0.5,0.0,0.0,1.0
977,SVM,0.7273,0.0,0.0,0.0,0.8
978,SVM,0.9091,0.5,0.0,0.0,0.9091
979,SVM,1.0,0.5,0.0,0.0,1.0
980,SVM,0.8182,0.0,0.0,0.0,0.9
981,SVM,0.7273,0.5,0.0,0.0,0.7273
982,SVM,0.7273,0.5,0.0,0.0,0.7273
983,SVM,0.7273,0.0,0.0,0.0,0.8889
984,SVM,0.7273,0.0,0.0,0.0,0.8
985,SVM,1.0,0.5,0.0,0.0,1.0
986,SVM,0.8182,0.0,0.0,0.0,1.0
987,SVM,0.8182,0.0,0.0,0.0,1.0
988,SVM,0.9091,0.5,0.0,0.0,0.9091
989,SVM,0.7273,0.0,0.0,0.0,0.8
990,SVM,0.9091,0.0,0.0,0.0,1.0
991,SVM,0.7273,0.0,0.0,0.0,0.8889
992,SVM,0.8182,0.0,0.0,0.0,0.9
993,SVM,0.9091,0.0,0.0,0.0,1.0
994,SVM,0.9091,0.0,0.0,0.0,1.0
995,SVM,0.8182,0.5,0.0,0.0,0.8182
996,SVM,0.9091,0.5,0.0,0.0,0.9091
997,SVM,0.6364,0.0,0.0,0.0,0.875
998,SVM,0.7273,0.0,0.0,0.0,0.8
999,SVM,0.7273,0.0,0.0,0.0,0.8889
1000,SVM,0.9091,0.5,0.0,0.0,0.9091
