Round,Model,Accuracy,AUC,F1 Score,Sensitivity,Specificity
1,MLP,0.8507,0.9229,0.8077,0.7241,0.9474
2,MLP,0.9403,0.9594,0.8947,0.8947,0.9583
3,MLP,0.8955,0.9493,0.8205,0.7619,0.9565
4,MLP,0.8358,0.8721,0.7179,0.5833,0.9767
5,MLP,0.8657,0.9649,0.8235,0.7,1.0
6,MLP,0.9104,0.8913,0.8421,0.7619,0.9783
7,MLP,0.8806,0.8894,0.75,0.6,1.0
8,MLP,0.8657,0.8411,0.7805,0.6667,0.9767
9,MLP,0.8358,0.9492,0.766,0.6207,1.0
10,MLP,0.8806,0.881,0.8095,0.68,1.0
11,MLP,0.8806,0.9151,0.7895,0.7143,0.9565
12,MLP,0.9254,0.9638,0.8649,0.8,0.9787
13,MLP,0.8657,0.9032,0.7097,0.55,1.0
14,MLP,0.9104,0.924,0.8696,0.7692,1.0
15,MLP,0.8507,0.9021,0.6875,0.55,0.9787
16,MLP,0.791,0.8219,0.65,0.52,0.9524
17,MLP,0.9254,0.9353,0.8276,0.7059,1.0
18,MLP,0.8806,0.8892,0.8333,0.7143,1.0
19,MLP,0.9403,0.9629,0.913,0.84,1.0
20,MLP,0.8507,0.8915,0.75,0.625,0.9767
21,MLP,0.8806,0.917,0.7647,0.65,0.9787
22,MLP,0.8507,0.8848,0.7368,0.6364,0.9556
23,MLP,0.8507,0.8596,0.7368,0.6364,0.9556
24,MLP,0.8358,0.9427,0.7179,0.6087,0.9545
25,MLP,0.9254,0.9306,0.8387,0.7647,0.98
26,MLP,0.8657,0.9012,0.7273,0.7059,0.92
27,MLP,0.9104,0.9535,0.8,0.6667,1.0
28,MLP,0.9403,0.9745,0.8889,0.8,1.0
29,MLP,0.9701,0.998,0.9545,0.9545,0.9778
30,MLP,0.8507,0.8776,0.6429,0.5294,0.96
31,MLP,0.8806,0.9317,0.7647,0.619,1.0
32,MLP,0.806,0.8242,0.7111,0.5714,0.9744
33,MLP,0.8657,0.7791,0.7692,0.625,1.0
34,MLP,0.9104,0.9137,0.75,0.6429,0.9811
35,MLP,0.8657,0.8992,0.7805,0.6667,0.9767
36,MLP,0.8657,0.9028,0.8085,0.7037,0.975
37,MLP,0.8358,0.8544,0.7556,0.6071,1.0
38,MLP,0.8806,0.9249,0.8,0.6957,0.9773
39,MLP,0.9254,0.9484,0.8936,0.8077,1.0
40,MLP,0.9104,0.9606,0.875,0.8077,0.9756
41,MLP,0.8507,0.8399,0.7222,0.5652,1.0
42,MLP,0.806,0.9022,0.6486,0.5217,0.9545
43,MLP,0.8358,0.8892,0.6857,0.5714,0.9565
44,MLP,0.8806,0.8934,0.7778,0.6667,0.9783
45,MLP,0.806,0.902,0.7234,0.6071,0.9487
46,MLP,0.9254,0.9715,0.8485,0.7368,1.0
47,MLP,0.8209,0.8054,0.75,0.6,1.0
48,MLP,0.8806,0.8971,0.8182,0.72,0.9762
49,MLP,0.8507,0.92,0.75,0.6,1.0
50,MLP,0.8955,0.9279,0.8205,0.6957,1.0
51,MLP,0.8358,0.8105,0.7317,0.5769,1.0
52,MLP,0.9104,0.9138,0.8571,0.75,1.0
53,MLP,0.806,0.8929,0.7797,0.6571,0.9688
54,MLP,0.8657,0.8596,0.7568,0.6364,0.9778
55,MLP,0.8358,0.7796,0.6857,0.5217,1.0
56,MLP,0.7761,0.9212,0.6512,0.5,0.9744
57,MLP,0.8955,0.9348,0.8293,0.7391,0.9773
58,MLP,0.8955,0.9533,0.8444,0.76,0.9762
59,MLP,0.8358,0.8895,0.7179,0.5833,0.9767
60,MLP,0.9104,0.9765,0.875,0.8077,0.9756
61,MLP,0.8657,0.8946,0.8364,0.7188,1.0
62,MLP,0.8955,0.8958,0.8,0.7368,0.9583
63,MLP,0.9552,0.9556,0.9268,0.8636,1.0
64,MLP,0.9104,0.9433,0.8125,0.7222,0.9796
65,MLP,0.791,0.8372,0.5882,0.4167,1.0
66,MLP,0.8507,0.8366,0.6875,0.5789,0.9583
67,MLP,0.8358,0.9323,0.6857,0.5455,0.9778
68,MLP,0.791,0.8058,0.6818,0.5172,1.0
69,MLP,0.8806,0.9397,0.6923,0.6,0.9615
70,MLP,0.9104,0.9561,0.8333,0.7895,0.9583
71,MLP,0.8507,0.9491,0.8214,0.7188,0.9714
72,MLP,0.8806,0.9348,0.7778,0.6667,0.9783
73,MLP,0.9254,0.9525,0.8718,0.7727,1.0
74,MLP,0.8955,0.9019,0.8444,0.76,0.9762
75,MLP,0.8507,0.8883,0.7222,0.5652,1.0
76,MLP,0.8806,0.9207,0.8519,0.7667,0.973
77,MLP,0.791,0.7909,0.5625,0.4286,0.9565
78,MLP,0.9403,0.9593,0.9091,0.8333,1.0
79,MLP,0.8209,0.9213,0.7273,0.5926,0.975
80,MLP,0.9254,0.9231,0.8148,0.7333,0.9808
81,MLP,0.8358,0.8389,0.7317,0.6522,0.9318
82,MLP,0.8209,0.8224,0.5,0.3529,0.98
83,MLP,0.8806,0.9105,0.8095,0.68,1.0
84,MLP,0.8358,0.8796,0.7755,0.7037,0.925
85,MLP,0.8955,0.9156,0.7879,0.6842,0.9792
86,MLP,0.8507,0.9362,0.7826,0.6923,0.9512
87,MLP,0.8358,0.8508,0.7027,0.5417,1.0
88,MLP,0.8657,0.9057,0.7907,0.68,0.9762
89,MLP,0.8955,0.8785,0.8205,0.6957,1.0
90,MLP,0.8657,0.9418,0.7907,0.6538,1.0
91,MLP,0.8657,0.9371,0.7907,0.68,0.9762
92,MLP,0.806,0.8062,0.7111,0.6667,0.8837
93,MLP,0.8657,0.9274,0.6897,0.5556,0.9796
94,MLP,0.9403,0.9748,0.9091,0.8333,1.0
95,MLP,0.8507,0.83,0.7368,0.6087,0.9773
96,MLP,0.8209,0.8479,0.6,0.45,0.9787
97,MLP,0.8209,0.9313,0.625,0.4545,1.0
98,MLP,0.8955,0.9115,0.7407,0.6667,0.9615
99,MLP,0.8806,0.85,0.75,0.6,1.0
100,MLP,0.8806,0.902,0.8333,0.7143,1.0
101,MLP,0.8955,0.9667,0.7407,0.6667,0.9615
102,MLP,0.8507,0.9207,0.8148,0.7333,0.9459
103,MLP,0.8209,0.7617,0.6,0.45,0.9787
104,MLP,0.8507,0.9081,0.7368,0.6087,0.9773
105,MLP,0.8955,0.898,0.7742,0.6316,1.0
106,MLP,0.9254,0.92,0.8485,0.7368,1.0
107,MLP,0.9254,0.8458,0.878,0.7826,1.0
108,MLP,0.8209,0.8141,0.5385,0.3889,0.9796
109,MLP,0.8507,0.9427,0.75,0.6522,0.9545
110,MLP,0.8209,0.9118,0.7857,0.6667,0.9706
111,MLP,0.8955,0.8913,0.8108,0.7143,0.9783
112,MLP,0.8806,0.9566,0.8095,0.7727,0.9333
113,MLP,0.8806,0.8498,0.8095,0.7391,0.9545
114,MLP,0.9254,0.9017,0.8649,0.7619,1.0
115,MLP,0.8806,0.9234,0.8462,0.7333,1.0
116,MLP,0.791,0.6957,0.5882,0.4348,0.9773
117,MLP,0.806,0.8811,0.7347,0.6,0.973
118,MLP,0.8507,0.84,0.7619,0.64,0.9762
119,MLP,0.9701,0.9704,0.9444,0.8947,1.0
120,MLP,0.8209,0.8953,0.6842,0.5417,0.9767
121,MLP,0.8657,0.9021,0.7097,0.55,1.0
122,MLP,0.7164,0.8163,0.5778,0.4194,0.9722
123,MLP,0.8209,0.8182,0.7,0.6087,0.9318
124,MLP,0.8806,0.8947,0.7778,0.7,0.9574
125,MLP,0.8657,0.9189,0.7273,0.6316,0.9583
126,MLP,0.8806,0.82,0.6923,0.5294,1.0
127,MLP,0.8955,0.918,0.8679,0.7667,1.0
128,MLP,0.8657,0.9319,0.8302,0.7097,1.0
129,MLP,0.8806,0.8636,0.7895,0.6522,1.0
130,MLP,0.8955,0.913,0.8205,0.6957,1.0
131,MLP,0.8507,0.9109,0.7619,0.6667,0.9535
132,MLP,0.8806,0.9404,0.8,0.7273,0.9556
133,MLP,0.8358,0.8733,0.7556,0.68,0.9286
134,MLP,0.8657,0.8495,0.7568,0.6364,0.9778
135,MLP,0.8955,0.9259,0.8205,0.6957,1.0
136,MLP,0.8507,0.8696,0.7222,0.619,0.9565
137,MLP,0.8806,0.8739,0.7778,0.7368,0.9375
138,MLP,0.806,0.9264,0.6977,0.625,0.907
139,MLP,0.8358,0.8854,0.7179,0.6087,0.9545
140,MLP,0.8209,0.8597,0.6842,0.5652,0.9545
141,MLP,0.8657,0.8919,0.7568,0.6364,0.9778
142,MLP,0.8209,0.8949,0.7143,0.5769,0.9756
143,MLP,0.8806,0.9304,0.84,0.75,0.9744
144,MLP,0.9552,0.9865,0.9231,0.8571,1.0
145,MLP,0.9254,0.9705,0.8485,0.7778,0.9796
146,MLP,0.8955,0.9348,0.8293,0.7391,0.9773
147,MLP,0.8507,0.9484,0.7619,0.6154,1.0
148,MLP,0.8358,0.8675,0.7755,0.6552,0.9737
149,MLP,0.9104,0.9545,0.8571,0.7826,0.9773
150,MLP,0.8209,0.8893,0.7778,0.7241,0.8947
151,MLP,0.9254,0.9486,0.8837,0.7917,1.0
152,MLP,0.8507,0.9184,0.6667,0.5556,0.9592
153,MLP,0.8358,0.8913,0.7027,0.619,0.9348
154,MLP,0.8806,0.8991,0.75,0.6667,0.9592
155,MLP,0.8806,0.9056,0.84,0.7241,1.0
156,MLP,0.8507,0.8771,0.7619,0.6154,1.0
157,MLP,0.8209,0.7117,0.6,0.45,0.9787
158,MLP,0.8209,0.919,0.6842,0.52,1.0
159,MLP,0.8358,0.9103,0.766,0.6429,0.9744
160,MLP,0.8657,0.9643,0.8085,0.6786,1.0
161,MLP,0.8955,0.9792,0.8205,0.8421,0.9167
162,MLP,0.8209,0.9012,0.6842,0.5417,0.9767
163,MLP,0.9104,0.853,0.7273,0.6667,0.9636
164,MLP,0.8507,0.8713,0.6667,0.5,1.0
165,MLP,0.9403,0.9752,0.913,0.84,1.0
166,MLP,0.8507,0.8962,0.75,0.6522,0.9545
167,MLP,0.8657,0.9137,0.7907,0.6538,1.0
168,MLP,0.8806,0.8914,0.8182,0.72,0.9762
169,MLP,0.8358,0.8722,0.766,0.6667,0.95
170,MLP,0.8806,0.8493,0.6667,0.5,1.0
171,MLP,0.8358,0.852,0.7179,0.6667,0.913
172,MLP,0.8657,0.8934,0.7692,0.625,1.0
173,MLP,0.8657,0.8511,0.7568,0.7,0.9362
174,MLP,0.8358,0.8197,0.6452,0.5556,0.9388
175,MLP,0.9104,0.9773,0.8696,0.8696,0.9318
176,MLP,0.8507,0.9492,0.7917,0.6552,1.0
177,MLP,0.8209,0.8879,0.6667,0.5455,0.9556
178,MLP,0.8358,0.875,0.7442,0.5926,1.0
179,MLP,0.8806,0.8627,0.6923,0.5625,0.9804
180,MLP,0.9254,0.9399,0.8889,0.8333,0.9767
181,MLP,0.8358,0.9341,0.7179,0.5833,0.9767
182,MLP,0.8209,0.8848,0.625,0.4545,1.0
183,MLP,0.9403,0.9424,0.9,0.8182,1.0
184,MLP,0.806,0.7917,0.5517,0.4211,0.9583
185,MLP,0.9403,0.9664,0.9048,0.8261,1.0
186,MLP,0.8657,0.914,0.7805,0.6957,0.9545
187,MLP,0.8806,0.9224,0.8,0.7619,0.9348
188,MLP,0.8507,0.9124,0.7727,0.68,0.9524
189,MLP,0.9254,0.9342,0.8485,0.7778,0.9796
190,MLP,0.8507,0.9192,0.7059,0.5455,1.0
191,MLP,0.8806,0.9024,0.8182,0.6923,1.0
192,MLP,0.8209,0.85,0.7391,0.6296,0.95
193,MLP,0.8657,0.9256,0.8235,0.7241,0.9737
194,MLP,0.8657,0.8787,0.7429,0.65,0.9574
195,MLP,0.9104,0.8386,0.8696,0.7692,1.0
196,MLP,0.8657,0.8809,0.7273,0.6,0.9787
197,MLP,0.7313,0.8966,0.64,0.4848,0.9706
198,MLP,0.8657,0.8223,0.7097,0.55,1.0
199,MLP,0.9403,0.898,0.875,0.7778,1.0
200,MLP,0.8507,0.7553,0.6875,0.55,0.9787
201,MLP,0.8657,0.9465,0.7429,0.5909,1.0
202,MLP,0.8507,0.9328,0.8214,0.7931,0.8947
203,MLP,0.8657,0.8175,0.7097,0.6111,0.9592
204,MLP,0.791,0.891,0.7308,0.6333,0.9189
205,MLP,0.8955,0.9283,0.8372,0.75,0.9767
206,MLP,0.8806,0.9019,0.8095,0.68,1.0
207,MLP,0.8657,0.9174,0.8235,0.7241,0.9737
208,MLP,0.8657,0.9252,0.7097,0.6111,0.9592
209,MLP,0.806,0.8913,0.5517,0.381,1.0
210,MLP,0.8358,0.8883,0.7843,0.6667,0.973
211,MLP,0.8955,0.9709,0.8444,0.7917,0.9535
212,MLP,0.8955,0.8968,0.7742,0.6667,0.9796
213,MLP,0.8358,0.9325,0.7556,0.6538,0.9512
214,MLP,0.9403,0.9778,0.9048,0.8636,0.9778
215,MLP,0.8955,0.9749,0.8772,0.8065,0.9722
216,MLP,0.8507,0.8782,0.7917,0.6786,0.9744
217,MLP,0.8358,0.8716,0.6667,0.5238,0.9783
218,MLP,0.8507,0.939,0.7368,0.5833,1.0
219,MLP,0.8806,0.9709,0.8182,0.75,0.9535
220,MLP,0.9104,0.9032,0.7692,0.625,1.0
221,MLP,0.8806,0.8667,0.7778,0.6364,1.0
222,MLP,0.8507,0.9313,0.7368,0.6364,0.9556
223,MLP,0.8657,0.8221,0.7568,0.6087,1.0
224,MLP,0.8209,0.8121,0.6471,0.5,0.9778
225,MLP,0.8955,0.9328,0.8293,0.7391,0.9773
226,MLP,0.8209,0.9432,0.75,0.6,1.0
227,MLP,0.8806,0.8533,0.8095,0.68,1.0
228,MLP,0.9104,0.9128,0.8571,0.75,1.0
229,MLP,0.8955,0.9181,0.8511,0.8,0.9524
230,MLP,0.9104,0.8657,0.8421,0.7273,1.0
231,MLP,0.8657,0.9,0.8085,0.76,0.9286
232,MLP,0.8209,0.8677,0.7391,0.6538,0.9268
233,MLP,0.9104,0.9414,0.85,0.7727,0.9778
234,MLP,0.8657,0.9242,0.7568,0.6364,0.9778
235,MLP,0.8209,0.8876,0.6842,0.52,1.0
236,MLP,0.9403,0.9456,0.875,0.7778,1.0
237,MLP,0.8507,0.8191,0.6667,0.5263,0.9792
238,MLP,0.8507,0.9089,0.6875,0.5238,1.0
239,MLP,0.8955,0.9338,0.8293,0.7391,0.9773
240,MLP,0.8209,0.9076,0.7,0.56,0.9762
241,MLP,0.9104,0.9641,0.8571,0.75,1.0
242,MLP,0.8955,0.8741,0.7586,0.6471,0.98
243,MLP,0.8209,0.9137,0.7391,0.6538,0.9268
244,MLP,0.791,0.9189,0.7407,0.5882,1.0
245,MLP,0.791,0.7857,0.5625,0.4286,0.9565
246,MLP,0.8358,0.869,0.7755,0.6786,0.9487
247,MLP,0.9104,0.9848,0.8636,0.76,1.0
248,MLP,0.8507,0.8602,0.7619,0.6154,1.0
249,MLP,0.8955,0.9674,0.8205,0.6957,1.0
250,MLP,0.9104,0.9628,0.8421,0.8,0.9574
251,MLP,0.8358,0.8996,0.7442,0.6154,0.9756
252,MLP,0.8358,0.818,0.7317,0.5769,1.0
253,MLP,0.8657,0.9,0.7273,0.6,0.9787
254,MLP,0.8955,0.8987,0.8511,0.7692,0.9756
255,MLP,0.9104,0.9331,0.8235,0.7368,0.9792
256,MLP,0.9403,0.9308,0.8824,0.8333,0.9796
257,MLP,0.8955,0.956,0.8627,0.7857,0.9744
258,MLP,0.8209,0.9024,0.7143,0.5769,0.9756
259,MLP,0.8806,0.9128,0.7647,0.65,0.9787
260,MLP,0.8955,0.9535,0.8444,0.7917,0.9535
261,MLP,0.791,0.735,0.5333,0.381,0.9783
262,MLP,0.7164,0.7658,0.5957,0.4667,0.9189
263,MLP,0.8955,0.917,0.7879,0.65,1.0
264,MLP,0.8955,0.9767,0.8372,0.75,0.9767
265,MLP,0.8657,0.9056,0.8235,0.7241,0.9737
266,MLP,0.8806,0.8954,0.8261,0.7037,1.0
267,MLP,0.8507,0.8882,0.7059,0.6316,0.9375
268,MLP,0.806,0.8672,0.6286,0.4583,1.0
269,MLP,0.791,0.7724,0.7308,0.6129,0.9444
270,MLP,0.8955,0.8088,0.72,0.5625,1.0
271,MLP,0.8507,0.9172,0.7059,0.5714,0.9783
272,MLP,0.806,0.8374,0.6286,0.5,0.9556
273,MLP,0.8657,0.9252,0.8302,0.7333,0.973
274,MLP,0.8209,0.8168,0.6,0.4286,1.0
275,MLP,0.7612,0.8158,0.619,0.4483,1.0
276,MLP,0.8507,0.907,0.75,0.625,0.9767
277,MLP,0.9254,0.8915,0.8649,0.8,0.9787
278,MLP,0.8955,0.9178,0.8,0.7368,0.9583
279,MLP,0.791,0.8947,0.7083,0.5862,0.9474
280,MLP,0.8358,0.8769,0.7027,0.5417,1.0
281,MLP,0.8955,0.8778,0.8108,0.7143,0.9783
282,MLP,0.9403,0.9474,0.8824,0.7895,1.0
283,MLP,0.8358,0.8755,0.6452,0.5,0.9787
284,MLP,0.8955,0.925,0.8571,0.7778,0.975
285,MLP,0.8806,0.9595,0.8,0.6957,0.9773
286,MLP,0.8955,0.9606,0.8108,0.6818,1.0
287,MLP,0.8657,0.866,0.7097,0.55,1.0
288,MLP,0.806,0.8556,0.6286,0.5,0.9556
289,MLP,0.8955,0.9223,0.8108,0.75,0.9574
290,MLP,0.9104,0.9314,0.7857,0.6875,0.9804
291,MLP,0.8806,0.9268,0.8182,0.6923,1.0
292,MLP,0.791,0.9081,0.7083,0.5667,0.973
293,MLP,0.8209,0.8583,0.7143,0.5556,1.0
294,MLP,0.8806,0.8928,0.8519,0.7667,0.973
295,MLP,0.8657,0.9277,0.8235,0.75,0.9487
296,MLP,0.9104,0.9123,0.8125,0.6842,1.0
297,MLP,0.8209,0.8584,0.7391,0.5862,1.0
298,MLP,0.8806,0.9342,0.75,0.6667,0.9592
299,MLP,0.9104,0.9627,0.8421,0.8421,0.9375
300,MLP,0.8358,0.8488,0.7027,0.5652,0.9773
301,MLP,0.8507,0.9038,0.7619,0.64,0.9762
302,MLP,0.8806,0.9124,0.6923,0.6429,0.9434
303,MLP,0.8955,0.9369,0.8108,0.7143,0.9783
304,MLP,0.8657,0.9121,0.7568,0.6364,0.9778
305,MLP,0.806,0.848,0.6977,0.5357,1.0
306,MLP,0.9104,0.9239,0.85,0.7391,1.0
307,MLP,0.8209,0.7994,0.7143,0.625,0.9302
308,MLP,0.8657,0.9131,0.7568,0.6364,0.9778
309,MLP,0.9403,0.9326,0.8571,0.75,1.0
310,MLP,0.8657,0.89,0.6667,0.5,1.0
311,MLP,0.8358,0.92,0.6857,0.5217,1.0
312,MLP,0.8955,0.9486,0.8205,0.6957,1.0
313,MLP,0.8209,0.8617,0.6,0.45,0.9787
314,MLP,0.8806,0.7992,0.7895,0.7143,0.9565
315,MLP,0.8657,0.9051,0.7692,0.6522,0.9773
316,MLP,0.8955,0.919,0.8372,0.72,1.0
317,MLP,0.8507,0.8152,0.7222,0.5909,0.9778
318,MLP,0.9254,0.9447,0.8387,0.7647,0.98
319,MLP,0.8955,0.9011,0.8,0.7,0.9787
320,MLP,0.8657,0.9259,0.7692,0.6522,0.9773
321,MLP,0.8955,0.9003,0.72,0.6429,0.9623
322,MLP,0.8507,0.938,0.7619,0.6667,0.9535
323,MLP,0.8209,0.8923,0.6471,0.5238,0.9565
324,MLP,0.8955,0.8841,0.8,0.6667,1.0
325,MLP,0.8806,0.8876,0.8,0.6667,1.0
326,MLP,0.8806,0.9381,0.8182,0.6923,1.0
327,MLP,0.806,0.8733,0.6667,0.52,0.9762
328,MLP,0.8358,0.9414,0.7843,0.7143,0.9231
329,MLP,0.8507,0.9317,0.7059,0.5714,0.9783
330,MLP,0.9254,0.8529,0.8276,0.7059,1.0
331,MLP,0.8806,0.901,0.7895,0.6818,0.9778
332,MLP,0.791,0.9487,0.6818,0.5357,0.9744
333,MLP,0.9254,0.9507,0.8649,0.8421,0.9583
334,MLP,0.8657,0.7532,0.7097,0.55,1.0
335,MLP,0.8358,0.712,0.5217,0.375,0.9804
336,MLP,0.8806,0.8618,0.75,0.6316,0.9792
337,MLP,0.8657,0.8676,0.7907,0.68,0.9762
338,MLP,0.8955,0.8943,0.8205,0.6957,1.0
339,MLP,0.8507,0.8874,0.7368,0.6087,0.9773
340,MLP,0.8955,0.9255,0.8108,0.75,0.9574
341,MLP,0.9104,0.9145,0.7692,0.7692,0.9444
342,MLP,0.8657,0.886,0.6897,0.5263,1.0
343,MLP,0.8358,0.9051,0.7179,0.6364,0.9333
344,MLP,0.9552,0.9412,0.9032,0.875,0.9804
345,MLP,0.8806,0.8944,0.8,0.6667,1.0
346,MLP,0.8657,0.845,0.7907,0.7083,0.9535
347,MLP,0.8209,0.8133,0.7143,0.6,0.9524
348,MLP,0.8507,0.7009,0.4444,0.3077,0.9815
349,MLP,0.8358,0.8157,0.7556,0.6296,0.975
350,MLP,0.8507,0.882,0.8148,0.7333,0.9459
351,MLP,0.8806,0.9056,0.8333,0.7407,0.975
352,MLP,0.8806,0.8962,0.8095,0.7391,0.9545
353,MLP,0.8358,0.9015,0.7556,0.6538,0.9512
354,MLP,0.8806,0.8618,0.75,0.6316,0.9792
355,MLP,0.9254,0.9364,0.878,0.8182,0.9778
356,MLP,0.8806,0.9222,0.8333,0.7143,1.0
357,MLP,0.9403,0.9938,0.8947,0.8095,1.0
358,MLP,0.8507,0.8926,0.7826,0.6667,0.975
359,MLP,0.806,0.8646,0.6486,0.5455,0.9333
360,MLP,0.8209,0.8395,0.625,0.4762,0.9783
361,MLP,0.8209,0.8333,0.6842,0.52,1.0
362,MLP,0.8806,0.9172,0.8,0.7619,0.9348
363,MLP,0.806,0.8265,0.6977,0.5769,0.9512
364,MLP,0.806,0.9046,0.6829,0.5185,1.0
365,MLP,0.9104,0.9081,0.8421,0.7273,1.0
366,MLP,0.9104,0.9883,0.8333,0.75,0.9787
367,MLP,0.8507,0.8447,0.6667,0.5,1.0
368,MLP,0.9403,0.9407,0.9048,0.8261,1.0
369,MLP,0.8657,0.9622,0.7907,0.7083,0.9535
370,MLP,0.8209,0.8672,0.7391,0.6071,0.9744
371,MLP,0.806,0.8175,0.6061,0.5556,0.898
372,MLP,0.8358,0.826,0.7755,0.6786,0.9487
373,MLP,0.8209,0.8233,0.7391,0.6071,0.9744
374,MLP,0.9254,0.9596,0.8649,0.8,0.9787
375,MLP,0.8358,0.9036,0.7843,0.6667,0.973
376,MLP,0.806,0.9192,0.7347,0.6207,0.9474
377,MLP,0.9254,0.9245,0.7826,0.6923,0.9815
378,MLP,0.9403,0.9806,0.92,0.8519,1.0
379,MLP,0.8358,0.9414,0.7556,0.6071,1.0
380,MLP,0.9104,0.9486,0.8696,0.8,0.9762
381,MLP,0.9403,0.9412,0.8667,0.8125,0.9804
382,MLP,0.8209,0.8323,0.6667,0.5455,0.9556
383,MLP,0.8955,0.9294,0.7586,0.6471,0.98
384,MLP,0.8507,0.9516,0.7368,0.5833,1.0
385,MLP,0.9552,0.959,0.8966,0.8667,0.9808
386,MLP,0.8657,0.8789,0.7692,0.7143,0.9348
387,MLP,0.8806,0.9182,0.7647,0.619,1.0
388,MLP,0.8806,0.9341,0.8182,0.75,0.9535
389,MLP,0.9403,0.9804,0.8667,0.8125,0.9804
390,MLP,0.8657,0.9145,0.7273,0.6316,0.9583
391,MLP,0.8507,0.9229,0.7059,0.6667,0.9184
392,MLP,0.8657,0.8743,0.7907,0.68,0.9762
393,MLP,0.8358,0.9024,0.7317,0.5769,1.0
394,MLP,0.9254,0.9462,0.8649,0.7619,1.0
395,MLP,0.8209,0.8498,0.625,0.5263,0.9375
396,MLP,0.8955,0.9319,0.8772,0.8621,0.9211
397,MLP,0.9104,0.9431,0.8333,0.7143,1.0
398,MLP,0.8657,0.8873,0.6667,0.5625,0.9608
399,MLP,0.9254,0.9448,0.8837,0.7917,1.0
400,MLP,0.791,0.7537,0.6957,0.5926,0.925
401,MLP,0.8358,0.7851,0.5926,0.4211,1.0
402,MLP,0.8209,0.8541,0.7692,0.6667,0.9459
403,MLP,0.791,0.9031,0.6111,0.4583,0.9767
404,MLP,0.7761,0.7895,0.6154,0.48,0.9524
405,MLP,0.8657,0.9575,0.7568,0.6087,1.0
406,MLP,0.8806,0.9794,0.8333,0.7692,0.9512
407,MLP,0.9403,0.9459,0.8667,0.7647,1.0
408,MLP,0.8955,0.92,0.8205,0.6957,1.0
409,MLP,0.8657,0.7391,0.7429,0.619,0.9783
410,MLP,0.8209,0.8846,0.7143,0.5769,0.9756
411,MLP,0.8806,0.8191,0.7647,0.65,0.9787
412,MLP,0.9403,0.9648,0.9167,0.88,0.9762
413,MLP,0.8507,0.8323,0.7368,0.6364,0.9556
414,MLP,0.791,0.9542,0.6667,0.5,1.0
415,MLP,0.8806,0.8949,0.7778,0.6364,1.0
416,MLP,0.9254,0.9705,0.8148,0.7333,0.9808
417,MLP,0.8955,0.9397,0.7407,0.6667,0.9615
418,MLP,0.8507,0.8209,0.6154,0.4444,1.0
419,MLP,0.8358,0.9383,0.7843,0.6897,0.9474
420,MLP,0.8955,0.9654,0.72,0.6,0.9808
421,MLP,0.8209,0.9065,0.75,0.6207,0.9737
422,MLP,0.8358,0.9437,0.6857,0.5217,1.0
423,MLP,0.8507,0.848,0.7619,0.6154,1.0
424,MLP,0.806,0.8567,0.6486,0.5217,0.9545
425,MLP,0.806,0.8019,0.7111,0.5926,0.95
426,MLP,0.8806,0.9441,0.7778,0.6667,0.9783
427,MLP,0.8806,0.9239,0.8,0.6957,0.9773
428,MLP,0.8657,0.9615,0.7805,0.6957,0.9545
429,MLP,0.9104,0.9244,0.8333,0.7143,1.0
430,MLP,0.8209,0.8687,0.625,0.4545,1.0
431,MLP,0.9254,0.8344,0.8649,0.7619,1.0
432,MLP,0.9552,0.9955,0.9189,0.9444,0.9592
433,MLP,0.8209,0.8505,0.6667,0.5455,0.9556
434,MLP,0.8657,0.879,0.7907,0.6538,1.0
435,MLP,0.8209,0.8358,0.4545,0.3125,0.9804
436,MLP,0.8209,0.8498,0.6842,0.5417,0.9767
437,MLP,0.806,0.9172,0.6061,0.4545,0.9778
438,MLP,0.8657,0.8509,0.7429,0.619,0.9783
439,MLP,0.791,0.7648,0.7083,0.6296,0.9
440,MLP,0.8806,0.8629,0.8182,0.72,0.9762
441,MLP,0.9104,0.8903,0.8333,0.7143,1.0
442,MLP,0.8806,0.9399,0.8095,0.7083,0.9767
443,MLP,0.8657,0.8212,0.7568,0.6364,0.9778
444,MLP,0.8507,0.8778,0.7222,0.5909,0.9778
445,MLP,0.8806,0.9267,0.8333,0.7143,1.0
446,MLP,0.9254,0.9486,0.878,0.7826,1.0
447,MLP,0.791,0.9435,0.72,0.5806,0.9722
448,MLP,0.8358,0.9086,0.7843,0.6452,1.0
449,MLP,0.8209,0.8278,0.7391,0.6296,0.95
450,MLP,0.8209,0.8775,0.6667,0.5217,0.9773
451,MLP,0.8507,0.8602,0.7727,0.6538,0.9756
452,MLP,0.791,0.855,0.7083,0.5667,0.973
453,MLP,0.8358,0.9325,0.7442,0.6154,0.9756
454,MLP,0.9104,0.9238,0.8636,0.76,1.0
455,MLP,0.8358,0.8506,0.5926,0.4706,0.96
456,MLP,0.8657,0.9212,0.7568,0.6364,0.9778
457,MLP,0.8806,0.746,0.7333,0.6111,0.9796
458,MLP,0.791,0.9381,0.6316,0.48,0.9762
459,MLP,0.806,0.8257,0.6977,0.6,0.9286
460,MLP,0.8657,0.9444,0.7568,0.6364,0.9778
461,MLP,0.8657,0.9583,0.8085,0.7037,0.975
462,MLP,0.9104,0.9238,0.8696,0.8,0.9762
463,MLP,0.8955,0.8965,0.8571,0.75,1.0
464,MLP,0.8358,0.8344,0.6857,0.5714,0.9565
465,MLP,0.8507,0.8902,0.7826,0.6923,0.9512
466,MLP,0.791,0.8574,0.6316,0.4615,1.0
467,MLP,0.8657,0.9152,0.7568,0.6364,0.9778
468,MLP,0.9254,0.9682,0.8485,0.7368,1.0
469,MLP,0.9104,0.913,0.85,0.7391,1.0
470,MLP,0.8657,0.9268,0.7907,0.6538,1.0
471,MLP,0.8209,0.8874,0.7273,0.6154,0.9512
472,MLP,0.8955,0.9232,0.8814,0.8125,0.9714
473,MLP,0.8955,0.9104,0.7586,0.6111,1.0
474,MLP,0.8358,0.8255,0.6857,0.6,0.9362
475,MLP,0.9104,0.9541,0.8889,0.8,1.0
476,MLP,0.9254,0.9221,0.8485,0.7368,1.0
477,MLP,0.8955,0.9503,0.8444,0.7308,1.0
478,MLP,0.8507,0.9541,0.8,0.6667,1.0
479,MLP,0.9104,0.9079,0.8235,0.7368,0.9792
480,MLP,0.8806,0.9456,0.84,0.8077,0.9268
481,MLP,0.8657,0.9203,0.7429,0.619,0.9783
482,MLP,0.8955,0.9605,0.8205,0.6957,1.0
483,MLP,0.8507,0.9151,0.7059,0.5714,0.9783
484,MLP,0.8358,0.9293,0.7179,0.5833,0.9767
485,MLP,0.8209,0.7796,0.625,0.5263,0.9375
486,MLP,0.9104,0.9269,0.7692,0.6667,0.9808
487,MLP,0.8955,0.913,0.7586,0.6875,0.9608
488,MLP,0.8209,0.8884,0.7391,0.6538,0.9268
489,MLP,0.8209,0.8557,0.7857,0.7097,0.9167
490,MLP,0.7761,0.9029,0.6667,0.5172,0.9737
491,MLP,0.7612,0.8737,0.6923,0.5806,0.9167
492,MLP,0.8358,0.8571,0.7755,0.6786,0.9487
493,MLP,0.9104,0.9006,0.85,0.8095,0.9565
494,MLP,0.8507,0.8605,0.75,0.625,0.9767
495,MLP,0.8806,0.8816,0.7333,0.5789,1.0
496,MLP,0.9104,0.9636,0.8421,0.7273,1.0
497,MLP,0.9403,0.9683,0.875,0.7778,1.0
498,MLP,0.8507,0.7894,0.6875,0.55,0.9787
499,MLP,0.8507,0.9102,0.7917,0.7037,0.95
500,MLP,0.9104,0.8479,0.8235,0.7,1.0
501,MLP,0.9104,0.9598,0.8966,0.8125,1.0
502,MLP,0.8955,0.9152,0.8372,0.8182,0.9333
503,MLP,0.8657,0.8819,0.7429,0.65,0.9574
504,MLP,0.9104,0.9493,0.875,0.8077,0.9756
505,MLP,0.8507,0.8605,0.7368,0.5833,1.0
506,MLP,0.9552,0.9738,0.9333,0.875,1.0
507,MLP,0.8806,0.8796,0.8261,0.7037,1.0
508,MLP,0.8358,0.793,0.7027,0.619,0.9348
509,MLP,0.9104,0.97,0.8333,0.7143,1.0
510,MLP,0.9104,0.8912,0.8,0.6667,1.0
511,MLP,0.8358,0.8963,0.766,0.6667,0.95
512,MLP,0.8955,0.8882,0.8,0.6667,1.0
513,MLP,0.8358,0.8546,0.7556,0.6296,0.975
514,MLP,0.9403,0.9638,0.8947,0.8095,1.0
515,MLP,0.9254,0.9424,0.878,0.8182,0.9778
516,MLP,0.8955,0.9574,0.8293,0.7083,1.0
517,MLP,0.8806,0.8695,0.7647,0.6842,0.9583
518,MLP,0.6866,0.7822,0.4878,0.3448,0.9474
519,MLP,0.8955,0.9368,0.8372,0.7826,0.9545
520,MLP,0.9104,0.9404,0.8421,0.7273,1.0
521,MLP,0.9552,0.9547,0.8966,0.8125,1.0
522,MLP,0.8507,0.913,0.7826,0.6667,0.975
523,MLP,0.8955,0.9677,0.8108,0.6818,1.0
524,MLP,0.9104,0.8855,0.8125,0.7222,0.9796
525,MLP,0.8358,0.8505,0.7179,0.56,1.0
526,MLP,0.8657,0.7753,0.6667,0.5294,0.98
527,MLP,0.9254,0.8969,0.8485,0.7368,1.0
528,MLP,0.806,0.8314,0.6667,0.5417,0.9535
529,MLP,0.8806,0.8677,0.7778,0.6364,1.0
530,MLP,0.8358,0.9207,0.7843,0.6667,0.973
531,MLP,0.9254,0.9657,0.8936,0.84,0.9762
532,MLP,0.9254,0.942,0.8649,0.7619,1.0
533,MLP,0.8507,0.875,0.75,0.625,0.9767
534,MLP,0.8955,0.8899,0.8205,0.7273,0.9778
535,MLP,0.806,0.913,0.7111,0.5714,0.9744
536,MLP,0.9104,0.9372,0.8235,0.7,1.0
537,MLP,0.7761,0.8095,0.5714,0.4762,0.913
538,MLP,0.8955,0.8904,0.7742,0.6316,1.0
539,MLP,0.9403,0.9416,0.8,0.7273,0.9821
540,MLP,0.806,0.9066,0.7347,0.6429,0.9231
541,MLP,0.8806,0.7654,0.6923,0.6,0.9615
542,MLP,0.791,0.88,0.6957,0.5714,0.9487
543,MLP,0.9104,0.9178,0.8333,0.7895,0.9583
544,MLP,0.8657,0.9571,0.7805,0.64,1.0
545,MLP,0.8507,0.9037,0.7826,0.6667,0.975
546,MLP,0.8955,0.9333,0.8372,0.72,1.0
547,MLP,0.9254,0.9494,0.8276,0.7059,1.0
548,MLP,0.8955,0.9495,0.8444,0.76,0.9762
549,MLP,0.8657,0.8606,0.7429,0.65,0.9574
550,MLP,0.8358,0.8706,0.7179,0.6087,0.9545
551,MLP,0.9104,0.925,0.8696,0.7692,1.0
552,MLP,0.8209,0.8705,0.7857,0.6875,0.9429
553,MLP,0.8209,0.8396,0.7273,0.6154,0.9512
554,MLP,0.8955,0.9217,0.72,0.6923,0.9444
555,MLP,0.8657,0.8636,0.7692,0.6522,0.9773
556,MLP,0.8955,0.8867,0.8372,0.72,1.0
557,MLP,0.8955,0.9185,0.8511,0.7407,1.0
558,MLP,0.8507,0.8629,0.6667,0.5263,0.9792
559,MLP,0.8955,0.9032,0.8293,0.7391,0.9773
560,MLP,0.9254,0.9389,0.8649,0.7619,1.0
561,MLP,0.9254,0.924,0.902,0.8214,1.0
562,MLP,0.8657,0.898,0.7692,0.6818,0.9556
563,MLP,0.9552,0.9659,0.9091,0.8824,0.98
564,MLP,0.8657,0.8893,0.7097,0.5789,0.9792
565,MLP,0.8209,0.8543,0.7,0.56,0.9762
566,MLP,0.8358,0.9162,0.6667,0.5,1.0
567,MLP,0.9403,0.924,0.9167,0.8462,1.0
568,MLP,0.9254,0.9141,0.8718,0.7727,1.0
569,MLP,0.8955,0.9511,0.8108,0.75,0.9574
570,MLP,0.8209,0.8507,0.75,0.6429,0.9487
571,MLP,0.8657,0.8571,0.7273,0.5714,1.0
572,MLP,0.8955,0.9857,0.8511,0.8,0.9524
573,MLP,0.7463,0.8672,0.7018,0.5882,0.9091
574,MLP,0.8806,0.843,0.8,0.6667,1.0
575,MLP,0.8955,0.9511,0.8108,0.75,0.9574
576,MLP,0.8657,0.924,0.8085,0.7308,0.9512
577,MLP,0.9254,0.9042,0.878,0.7826,1.0
578,MLP,0.791,0.8962,0.6316,0.48,0.9762
579,MLP,0.8955,0.9332,0.8627,0.7857,0.9744
580,MLP,0.8657,0.8564,0.7273,0.6,0.9787
581,MLP,0.806,0.8212,0.6061,0.4545,0.9778
582,MLP,0.8358,0.8106,0.6667,0.5238,0.9783
583,MLP,0.8507,0.8268,0.6667,0.5263,0.9792
584,MLP,0.8358,0.9156,0.7442,0.6154,0.9756
585,MLP,0.8657,0.9096,0.7429,0.65,0.9574
586,MLP,0.8806,0.8924,0.8182,0.72,0.9762
587,MLP,0.8806,0.9081,0.7778,0.6364,1.0
588,MLP,0.9104,0.9496,0.8571,0.7826,0.9773
589,MLP,0.9254,0.9596,0.8837,0.8636,0.9556
590,MLP,0.8657,0.7926,0.7097,0.55,1.0
591,MLP,0.791,0.7909,0.6316,0.5455,0.9111
592,MLP,0.9403,0.8801,0.8333,0.7143,1.0
593,MLP,0.8358,0.9601,0.7755,0.6552,0.9737
594,MLP,0.8806,0.9279,0.8,0.6957,0.9773
595,MLP,0.8806,0.9603,0.75,0.6667,0.9592
596,MLP,0.8209,0.8675,0.625,0.4762,0.9783
597,MLP,0.9104,0.9172,0.8,0.6667,1.0
598,MLP,0.8955,0.9644,0.8444,0.7308,1.0
599,MLP,0.7463,0.8314,0.5641,0.44,0.9286
600,MLP,0.8955,0.9061,0.8108,0.6818,1.0
601,MLP,0.8657,0.9053,0.7568,0.7,0.9362
602,MLP,0.791,0.8085,0.5333,0.4,0.9574
603,MLP,0.9254,0.8542,0.8148,0.6875,1.0
604,MLP,0.8507,0.866,0.6875,0.55,0.9787
605,MLP,0.8955,0.9622,0.8293,0.7083,1.0
606,MLP,0.8806,0.8933,0.8,0.6957,0.9773
607,MLP,0.806,0.8694,0.6977,0.5556,0.975
608,MLP,0.8209,0.8913,0.6667,0.5217,0.9773
609,MLP,0.8657,0.8448,0.7907,0.68,0.9762
610,MLP,0.8806,0.9436,0.7895,0.75,0.9362
611,MLP,0.8507,0.7789,0.6154,0.4444,1.0
612,MLP,0.9403,0.9926,0.8889,0.8,1.0
613,MLP,0.8657,0.8872,0.7568,0.7,0.9362
614,MLP,0.8657,0.9111,0.7907,0.7391,0.9318
615,MLP,0.8955,0.8395,0.8108,0.7143,0.9783
616,MLP,0.8806,0.9067,0.8261,0.76,0.9524
617,MLP,0.8806,0.9578,0.8261,0.7308,0.9756
618,MLP,0.8358,0.8779,0.7179,0.5833,0.9767
619,MLP,0.9254,0.9326,0.8148,0.6875,1.0
620,MLP,0.8507,0.8931,0.7727,0.6538,0.9756
621,MLP,0.8507,0.7917,0.75,0.625,0.9767
622,MLP,0.9403,0.9476,0.9048,0.8261,1.0
623,MLP,0.8955,0.9465,0.8444,0.7308,1.0
624,MLP,0.7612,0.9668,0.6667,0.5161,0.9722
625,MLP,0.8657,0.8905,0.7692,0.625,1.0
626,MLP,0.8806,0.9099,0.7647,0.619,1.0
627,MLP,0.9552,0.9855,0.9231,0.8571,1.0
628,MLP,0.9104,0.8851,0.8333,0.7143,1.0
629,MLP,0.8358,0.8597,0.7027,0.5652,0.9773
630,MLP,0.806,0.8696,0.6486,0.5714,0.913
631,MLP,0.8209,0.8694,0.7273,0.5926,0.975
632,MLP,0.8507,0.8565,0.7727,0.6296,1.0
633,MLP,0.8955,0.9681,0.8108,0.75,0.9574
634,MLP,0.8209,0.8657,0.75,0.6207,0.9737
635,MLP,0.806,0.874,0.6486,0.5,0.9767
636,MLP,0.8955,0.8775,0.7586,0.6875,0.9608
637,MLP,0.8955,0.9694,0.7742,0.7059,0.96
638,MLP,0.8507,0.9057,0.7727,0.68,0.9524
639,MLP,0.806,0.7787,0.6977,0.5556,0.975
640,MLP,0.8507,0.9364,0.7059,0.5455,1.0
641,MLP,0.806,0.8711,0.7234,0.5862,0.9737
642,MLP,0.9254,0.9758,0.8837,0.7917,1.0
643,MLP,0.8507,0.8848,0.7222,0.5909,0.9778
644,MLP,0.8806,0.9526,0.8095,0.7391,0.9545
645,MLP,0.8955,0.97,0.8444,0.7308,1.0
646,MLP,0.7761,0.8054,0.5455,0.4286,0.9348
647,MLP,0.8507,0.8659,0.7619,0.6154,1.0
648,MLP,0.8209,0.8734,0.7857,0.6667,0.9706
649,MLP,0.8507,0.9213,0.7059,0.6,0.9574
650,MLP,0.8358,0.8977,0.7556,0.6538,0.9512
651,MLP,0.806,0.834,0.6829,0.5385,0.9756
652,MLP,0.8806,0.8837,0.8182,0.6923,1.0
653,MLP,0.791,0.8495,0.6667,0.56,0.9286
654,MLP,0.9254,0.9372,0.8649,0.8,0.9787
655,MLP,0.8358,0.841,0.6857,0.6316,0.9167
656,MLP,0.9104,0.9195,0.8235,0.7778,0.9592
657,MLP,0.8955,0.961,0.8627,0.7586,1.0
658,MLP,0.9104,0.9308,0.8,0.6667,1.0
659,MLP,0.8806,0.9371,0.8261,0.7308,0.9756
660,MLP,0.8955,0.8914,0.8372,0.72,1.0
661,MLP,0.9552,0.9777,0.9333,0.875,1.0
662,MLP,0.8955,0.9111,0.8293,0.7727,0.9556
663,MLP,0.8657,0.8923,0.7692,0.6522,0.9773
664,MLP,0.8955,0.8914,0.7879,0.6842,0.9792
665,MLP,0.8806,0.9244,0.8182,0.75,0.9535
666,MLP,0.8358,0.8654,0.6667,0.5238,0.9783
667,MLP,0.8209,0.882,0.6471,0.5238,0.9565
668,MLP,0.8358,0.8527,0.7442,0.6667,0.9302
669,MLP,0.806,0.7939,0.6061,0.4545,0.9778
670,MLP,0.8955,0.932,0.7879,0.6842,0.9792
671,MLP,0.8358,0.8443,0.7317,0.5769,1.0
672,MLP,0.8806,0.8465,0.7895,0.6818,0.9778
673,MLP,0.8955,0.904,0.8205,0.7273,0.9778
674,MLP,0.806,0.9128,0.5806,0.45,0.9574
675,MLP,0.8358,0.8114,0.6452,0.5263,0.9583
676,MLP,0.8209,0.7694,0.6842,0.5417,0.9767
677,MLP,0.8209,0.7393,0.6667,0.5,1.0
678,MLP,0.9104,0.9348,0.8571,0.7826,0.9773
679,MLP,0.8806,0.9475,0.7778,0.6364,1.0
680,MLP,0.7761,0.8324,0.6512,0.5185,0.95
681,MLP,0.9403,0.9615,0.9167,0.8462,1.0
682,MLP,0.8955,0.9024,0.7879,0.6842,0.9792
683,MLP,0.9104,0.9091,0.8571,0.8182,0.9556
684,MLP,0.8657,0.9574,0.7097,0.55,1.0
685,MLP,0.8358,0.8854,0.6857,0.5217,1.0
686,MLP,0.8507,0.8478,0.7222,0.619,0.9565
687,MLP,0.9403,0.9824,0.9,0.8571,0.9783
688,MLP,0.8955,0.8323,0.8,0.6667,1.0
689,MLP,0.9104,0.956,0.8846,0.8214,0.9744
690,MLP,0.8955,0.9065,0.8627,0.7586,1.0
691,MLP,0.9254,0.9679,0.878,0.8571,0.9565
692,MLP,0.9104,0.9798,0.8421,0.7273,1.0
693,MLP,0.8209,0.8479,0.6667,0.5,1.0
694,MLP,0.8955,0.8972,0.8293,0.7391,0.9773
695,MLP,0.791,0.7962,0.6316,0.48,0.9762
696,MLP,0.8955,0.9095,0.8444,0.76,0.9762
697,MLP,0.8507,0.8629,0.7826,0.72,0.9286
698,MLP,0.8955,0.8364,0.8108,0.7143,0.9783
699,MLP,0.8657,0.9083,0.8,0.6667,1.0
700,MLP,0.8657,0.8605,0.7907,0.7083,0.9535
701,MLP,0.8955,0.8848,0.8205,0.7273,0.9778
702,MLP,0.8955,0.9205,0.8372,0.75,0.9767
703,MLP,0.9104,0.9106,0.7857,0.6471,1.0
704,MLP,0.8806,0.916,0.8,0.6957,0.9773
705,MLP,0.9104,0.9337,0.8333,0.7143,1.0
706,MLP,0.9104,0.9315,0.88,0.8462,0.9512
707,MLP,0.8657,0.8313,0.7273,0.5714,1.0
708,MLP,0.8806,0.9006,0.7647,0.619,1.0
709,MLP,0.8507,0.9527,0.8148,0.6875,1.0
710,MLP,0.8209,0.8305,0.7143,0.6,0.9524
711,MLP,0.8955,0.9343,0.8511,0.7692,0.9756
712,MLP,0.7612,0.7674,0.6,0.4615,0.9512
713,MLP,0.806,0.9441,0.7347,0.6,0.973
714,MLP,0.8955,0.9684,0.8205,0.6957,1.0
715,MLP,0.7761,0.8424,0.6154,0.4615,0.9756
716,MLP,0.9552,0.9503,0.9231,0.8571,1.0
717,MLP,0.8209,0.8574,0.7143,0.5769,0.9756
718,MLP,0.8806,0.8649,0.7647,0.65,0.9787
719,MLP,0.8955,0.9172,0.8108,0.6818,1.0
720,MLP,0.8507,0.8816,0.7059,0.6316,0.9375
721,MLP,0.9104,0.8929,0.8421,0.7273,1.0
722,MLP,0.8955,0.9397,0.8205,0.6957,1.0
723,MLP,0.8507,0.8218,0.7619,0.6154,1.0
724,MLP,0.9104,0.8551,0.7692,0.6667,0.9808
725,MLP,0.9254,0.9679,0.8,0.6667,1.0
726,MLP,0.8806,0.9286,0.6364,0.5,0.9811
727,MLP,0.8806,0.9486,0.8261,0.76,0.9524
728,MLP,0.9254,0.9755,0.8276,0.75,0.9804
729,MLP,0.8657,0.9024,0.6897,0.5882,0.96
730,MLP,0.8209,0.8809,0.7,0.5385,1.0
731,MLP,0.9552,0.9743,0.9302,0.8696,1.0
732,MLP,0.8806,0.9057,0.8095,0.68,1.0
733,MLP,0.791,0.837,0.6818,0.5357,0.9744
734,MLP,0.8806,0.9465,0.8261,0.7308,0.9756
735,MLP,0.806,0.8828,0.7111,0.5714,0.9744
736,MLP,0.8209,0.8199,0.7,0.5385,1.0
737,MLP,0.8657,0.8651,0.7097,0.6111,0.9592
738,MLP,0.8657,0.9553,0.7273,0.6,0.9787
739,MLP,0.8806,0.9212,0.7778,0.6364,1.0
740,MLP,0.8955,0.9074,0.8108,0.75,0.9574
741,MLP,0.8209,0.8535,0.625,0.4545,1.0
742,MLP,0.8806,0.9242,0.7778,0.6364,1.0
743,MLP,0.8657,0.7899,0.7429,0.5909,1.0
744,MLP,0.9254,0.9387,0.8148,0.6875,1.0
745,MLP,0.7761,0.8565,0.6341,0.4815,0.975
746,MLP,0.791,0.8517,0.6111,0.4583,0.9767
747,MLP,0.8358,0.8769,0.7442,0.5926,1.0
748,MLP,0.8955,0.8299,0.7742,0.6667,0.9796
749,MLP,0.8955,0.9397,0.8,0.7368,0.9583
750,MLP,0.8657,0.9121,0.7692,0.6818,0.9556
751,MLP,0.8806,0.8981,0.8333,0.7407,0.975
752,MLP,0.8657,0.8914,0.7097,0.5789,0.9792
753,MLP,0.8209,0.8962,0.6667,0.5217,0.9773
754,MLP,0.8806,0.9414,0.7778,0.6364,1.0
755,MLP,0.8209,0.8547,0.6842,0.5652,0.9545
756,MLP,0.8657,0.9176,0.8,0.75,0.9302
757,MLP,0.791,0.9493,0.6818,0.5769,0.9268
758,MLP,0.8358,0.8384,0.6857,0.5455,0.9778
759,MLP,0.8209,0.9118,0.7,0.5833,0.9535
760,MLP,0.8657,0.9429,0.7907,0.68,0.9762
761,MLP,0.8209,0.8276,0.6842,0.52,1.0
762,MLP,0.8358,0.876,0.7027,0.5417,1.0
763,MLP,0.8806,0.92,0.75,0.6316,0.9792
764,MLP,0.8955,0.9625,0.8205,0.6957,1.0
765,MLP,0.8657,0.8861,0.7273,0.5714,1.0
766,MLP,0.8657,0.917,0.7692,0.6522,0.9773
767,MLP,0.8507,0.9615,0.7826,0.6429,1.0
768,MLP,0.8358,0.897,0.6857,0.5455,0.9778
769,MLP,0.8209,0.8596,0.625,0.5,0.9574
770,MLP,0.8358,0.8372,0.6452,0.5,0.9787
771,MLP,0.8955,0.8912,0.7879,0.7222,0.9592
772,MLP,0.8358,0.7755,0.56,0.3889,1.0
773,MLP,0.8806,0.8471,0.7333,0.6471,0.96
774,MLP,0.806,0.7946,0.6667,0.5,1.0
775,MLP,0.8955,0.8157,0.8,0.6667,1.0
776,MLP,0.8955,0.9372,0.7742,0.8,0.9231
777,MLP,0.8507,0.8893,0.7368,0.6087,0.9773
778,MLP,0.8507,0.9141,0.7368,0.6364,0.9556
779,MLP,0.9254,0.9444,0.898,0.8148,1.0
780,MLP,0.7463,0.8162,0.6222,0.4667,0.973
781,MLP,0.9254,0.9431,0.8718,0.8095,0.9783
782,MLP,0.8806,0.8333,0.8095,0.68,1.0
783,MLP,0.8806,0.8861,0.7778,0.6667,0.9783
784,MLP,0.8955,0.8458,0.8205,0.7619,0.9565
785,MLP,0.9104,0.9309,0.8421,0.8,0.9574
786,MLP,0.8657,0.9313,0.7568,0.6364,0.9778
787,MLP,0.8806,0.8781,0.8095,0.68,1.0
788,MLP,0.8358,0.8692,0.7027,0.5417,1.0
789,MLP,0.9254,0.9503,0.8649,0.7619,1.0
790,MLP,0.8358,0.8246,0.7442,0.6154,0.9756
791,MLP,0.9254,0.824,0.8649,0.7619,1.0
792,MLP,0.8507,0.9495,0.7727,0.68,0.9524
793,MLP,0.8806,0.9286,0.7778,0.6667,0.9783
794,MLP,0.7761,0.8416,0.5161,0.381,0.9565
795,MLP,0.8806,0.9802,0.8,0.6957,0.9773
796,MLP,0.7761,0.8763,0.6809,0.5161,1.0
797,MLP,0.806,0.8778,0.5806,0.4286,0.9783
798,MLP,0.8209,0.8306,0.7273,0.5926,0.975
799,MLP,0.8806,0.9118,0.8182,0.6923,1.0
800,MLP,0.8657,0.8984,0.8235,0.75,0.9487
801,MLP,0.8507,0.8992,0.7368,0.6087,0.9773
802,MLP,0.8507,0.921,0.75,0.6,1.0
803,MLP,0.8955,0.8913,0.8293,0.7391,0.9773
804,MLP,0.8955,0.9212,0.7742,0.7059,0.96
805,MLP,0.8806,0.8424,0.7895,0.6818,0.9778
806,MLP,0.7313,0.7258,0.5,0.375,0.9302
807,MLP,0.7761,0.845,0.6939,0.5484,0.9722
808,MLP,0.8806,0.9133,0.8095,0.68,1.0
809,MLP,0.791,0.7974,0.5625,0.3913,1.0
810,MLP,0.8209,0.7962,0.7,0.56,0.9762
811,MLP,0.7761,0.8799,0.6809,0.6154,0.878
812,MLP,0.8657,0.9167,0.8,0.6667,1.0
813,MLP,0.8507,0.9002,0.75,0.6522,0.9545
814,MLP,0.9104,0.95,0.875,0.7778,1.0
815,MLP,0.8806,0.9192,0.84,0.7241,1.0
816,MLP,0.8358,0.8682,0.7317,0.625,0.9535
817,MLP,0.8507,0.9071,0.75,0.6522,0.9545
818,MLP,0.8657,0.8912,0.8,0.6923,0.9756
819,MLP,0.8806,0.9743,0.8182,0.72,0.9762
820,MLP,0.8806,0.9273,0.8,0.7273,0.9556
821,MLP,0.791,0.8477,0.7083,0.5667,0.973
822,MLP,0.8507,0.8644,0.7059,0.5714,0.9783
823,MLP,0.8358,0.8459,0.5926,0.4706,0.96
824,MLP,0.8955,0.9394,0.8108,0.75,0.9574
825,MLP,0.791,0.8602,0.65,0.5,0.9756
826,MLP,0.8657,0.8934,0.7907,0.7083,0.9535
827,MLP,0.9552,0.9459,0.9032,0.8235,1.0
828,MLP,0.8955,0.9124,0.6957,0.5714,0.9811
829,MLP,0.9254,0.9632,0.8387,0.8125,0.9608
830,MLP,0.9104,0.9059,0.8125,0.7647,0.96
831,MLP,0.8209,0.8488,0.6471,0.4783,1.0
832,MLP,0.8507,0.9865,0.8,0.6667,1.0
833,MLP,0.7463,0.8846,0.6047,0.5,0.9024
834,MLP,0.9104,0.987,0.88,0.8148,0.975
835,MLP,0.9104,0.9161,0.8421,0.7619,0.9783
836,MLP,0.9104,0.9515,0.88,0.7857,1.0
837,MLP,0.9104,0.8775,0.8571,0.7826,0.9773
838,MLP,0.9104,0.9407,0.8696,0.8696,0.9318
839,MLP,0.8507,0.9221,0.7826,0.6923,0.9512
840,MLP,0.8657,0.8318,0.6897,0.5882,0.96
841,MLP,0.9104,0.9545,0.85,0.7391,1.0
842,MLP,0.9104,0.9836,0.8235,0.7368,0.9792
843,MLP,0.8806,0.8941,0.7333,0.6471,0.96
844,MLP,0.8657,0.7451,0.7568,0.6087,1.0
845,MLP,0.9254,0.9824,0.8387,0.7647,0.98
846,MLP,0.9254,0.9583,0.8276,0.75,0.9804
847,MLP,0.9104,0.9848,0.8696,0.8,0.9762
848,MLP,0.8955,0.96,0.7742,0.7059,0.96
849,MLP,0.8507,0.9028,0.7727,0.6296,1.0
850,MLP,0.9104,0.8995,0.7692,0.625,1.0
851,MLP,0.8806,0.7971,0.7647,0.6842,0.9583
852,MLP,0.9701,0.9473,0.9375,0.9375,0.9804
853,MLP,0.8507,0.8954,0.7727,0.6296,1.0
854,MLP,0.8358,0.8352,0.766,0.6429,0.9744
855,MLP,0.8657,0.8033,0.7692,0.625,1.0
856,MLP,0.8657,0.8962,0.7805,0.6957,0.9545
857,MLP,0.8806,0.9422,0.75,0.6667,0.9592
858,MLP,0.8358,0.7664,0.6207,0.5,0.9592
859,MLP,0.9254,0.9755,0.8718,0.85,0.9574
860,MLP,0.8806,0.9202,0.7895,0.6818,0.9778
861,MLP,0.8657,0.881,0.7568,0.6667,0.9565
862,MLP,0.8358,0.9084,0.7556,0.6071,1.0
863,MLP,0.8657,0.8638,0.7097,0.55,1.0
864,MLP,0.8657,0.8211,0.7692,0.6522,0.9773
865,MLP,0.9552,0.9864,0.9189,0.9444,0.9592
866,MLP,0.8209,0.7713,0.6842,0.5417,0.9767
867,MLP,0.9552,0.9562,0.9362,0.88,1.0
868,MLP,0.8358,0.8713,0.6667,0.55,0.9574
869,MLP,0.8806,0.9185,0.84,0.75,0.9744
870,MLP,0.9254,0.8695,0.8485,0.7368,1.0
871,MLP,0.8955,0.8808,0.8108,0.6818,1.0
872,MLP,0.8358,0.8405,0.7317,0.5769,1.0
873,MLP,0.8358,0.8508,0.7442,0.6154,0.9756
874,MLP,0.9104,0.9068,0.8421,0.8421,0.9375
875,MLP,0.8806,0.9587,0.8182,0.6923,1.0
876,MLP,0.8209,0.8291,0.6667,0.5217,0.9773
877,MLP,0.8657,0.9662,0.8,0.6923,0.9756
878,MLP,0.8358,0.8091,0.7179,0.5833,0.9767
879,MLP,0.8507,0.8487,0.6667,0.5263,0.9792
880,MLP,0.8657,0.8991,0.7429,0.6842,0.9375
881,MLP,0.791,0.8067,0.6316,0.48,0.9762
882,MLP,0.8955,0.8707,0.7742,0.6667,0.9796
883,MLP,0.806,0.8375,0.6486,0.5714,0.913
884,MLP,0.8806,0.9171,0.8095,0.68,1.0
885,MLP,0.9254,0.9616,0.8571,0.7895,0.9792
886,MLP,0.8507,0.8414,0.7368,0.6364,0.9556
887,MLP,0.9104,0.8944,0.8333,0.7143,1.0
888,MLP,0.8209,0.8773,0.7391,0.6071,0.9744
889,MLP,0.8507,0.9377,0.8,0.7143,0.9487
890,MLP,0.8358,0.7988,0.5217,0.3529,1.0
891,MLP,0.8955,0.9691,0.8108,0.75,0.9574
892,MLP,0.8806,0.9167,0.8095,0.7083,0.9767
893,MLP,0.8358,0.9101,0.7027,0.5652,0.9773
894,MLP,0.7761,0.817,0.717,0.5938,0.9429
895,MLP,0.8806,0.9046,0.7778,0.7368,0.9375
896,MLP,0.8955,0.8566,0.8293,0.7083,1.0
897,MLP,0.8657,0.9327,0.7429,0.619,0.9783
898,MLP,0.8358,0.801,0.7179,0.6364,0.9333
899,MLP,0.8657,0.9515,0.7568,0.6364,0.9778
900,MLP,0.8209,0.853,0.7692,0.6452,0.9722
901,MLP,0.8955,0.8903,0.8205,0.6957,1.0
902,MLP,0.8657,0.8277,0.7097,0.55,1.0
903,MLP,0.8657,0.8468,0.7273,0.6,0.9787
904,MLP,0.9104,0.9545,0.8571,0.75,1.0
905,MLP,0.8358,0.8844,0.6207,0.5,0.9592
906,MLP,0.8507,0.9376,0.6154,0.4444,1.0
907,MLP,0.8806,0.8737,0.7778,0.6667,0.9783
908,MLP,0.9254,0.9516,0.8837,0.7917,1.0
909,MLP,0.8806,0.8926,0.75,0.6,1.0
910,MLP,0.8209,0.9256,0.7391,0.5862,1.0
911,MLP,0.8657,0.8162,0.7692,0.6818,0.9556
912,MLP,0.8657,0.8965,0.7429,0.619,0.9783
913,MLP,0.8806,0.8893,0.8261,0.7308,0.9756
914,MLP,0.8507,0.9333,0.7059,0.5455,1.0
915,MLP,0.9104,0.9342,0.8235,0.7368,0.9792
916,MLP,0.9254,0.9399,0.8485,0.7778,0.9796
917,MLP,0.8209,0.8636,0.75,0.6429,0.9487
918,MLP,0.9104,0.9441,0.8333,0.7143,1.0
919,MLP,0.8358,0.8827,0.7317,0.5769,1.0
920,MLP,0.806,0.8993,0.7451,0.6552,0.9211
921,MLP,0.8657,0.9293,0.7568,0.6364,0.9778
922,MLP,0.7164,0.8459,0.5957,0.4516,0.9444
923,MLP,0.8507,0.8,0.7368,0.6364,0.9556
924,MLP,0.8657,0.8861,0.7429,0.619,0.9783
925,MLP,0.8955,0.9093,0.7586,0.6875,0.9608
926,MLP,0.8358,0.9056,0.7442,0.5926,1.0
927,MLP,0.806,0.8717,0.5806,0.4737,0.9375
928,MLP,0.8657,0.9449,0.7273,0.75,0.902
929,MLP,0.8507,0.8199,0.7059,0.5714,0.9783
930,MLP,0.8358,0.8424,0.7317,0.6818,0.9111
931,MLP,0.8955,0.9212,0.7742,0.7059,0.96
932,MLP,0.9254,0.852,0.8649,0.7619,1.0
933,MLP,0.9104,0.9683,0.8,0.6667,1.0
934,MLP,0.8358,0.8855,0.7556,0.6071,1.0
935,MLP,0.8955,0.9118,0.8293,0.7083,1.0
936,MLP,0.8806,0.9574,0.8261,0.7037,1.0
937,MLP,0.8955,0.9172,0.7742,0.6667,0.9796
938,MLP,0.8657,0.9002,0.7805,0.6957,0.9545
939,MLP,0.8955,0.9295,0.8372,0.72,1.0
940,MLP,0.9552,0.9884,0.9362,0.9167,0.9767
941,MLP,0.9104,0.9188,0.8,0.7059,0.98
942,MLP,0.8209,0.8706,0.6842,0.5652,0.9545
943,MLP,0.8955,0.9071,0.8108,0.6818,1.0
944,MLP,0.806,0.832,0.6061,0.4348,1.0
945,MLP,0.8657,0.9074,0.7097,0.55,1.0
946,MLP,0.8507,0.8707,0.7059,0.5455,1.0
947,MLP,0.8806,0.9019,0.8182,0.72,0.9762
948,MLP,0.9104,0.9485,0.85,0.7727,0.9778
949,MLP,0.8358,0.8783,0.6452,0.5263,0.9583
950,MLP,0.9701,0.9876,0.9524,0.9524,0.9783
951,MLP,0.9254,0.951,0.8276,0.75,0.9804
952,MLP,0.9403,0.9354,0.875,0.7778,1.0
953,MLP,0.8358,0.8413,0.6207,0.5,0.9592
954,MLP,0.791,0.7771,0.6316,0.48,0.9762
955,MLP,0.9104,0.9212,0.8,0.7059,0.98
956,MLP,0.8806,0.9051,0.8,0.6957,0.9773
957,MLP,0.9403,0.9516,0.9091,0.8333,1.0
958,MLP,0.8507,0.8131,0.7222,0.5909,0.9778
959,MLP,0.791,0.8246,0.6111,0.4583,0.9767
960,MLP,0.8806,0.8859,0.7895,0.6818,0.9778
961,MLP,0.8507,0.8829,0.7619,0.64,0.9762
962,MLP,0.8955,0.9106,0.7407,0.5882,1.0
963,MLP,0.8955,0.8628,0.8,0.7,0.9787
964,MLP,0.791,0.7874,0.72,0.6,0.9459
965,MLP,0.8806,0.9437,0.8333,0.7692,0.9512
966,MLP,0.9254,0.9303,0.8718,0.7727,1.0
967,MLP,0.8507,0.8923,0.7222,0.619,0.9565
968,MLP,0.9104,0.9625,0.8696,0.7692,1.0
969,MLP,0.8358,0.7737,0.6857,0.5217,1.0
970,MLP,0.9552,0.9555,0.9231,0.8571,1.0
971,MLP,0.9104,0.907,0.75,0.6429,0.9811
972,MLP,0.8955,0.8346,0.7586,0.6875,0.9608
973,MLP,0.8806,0.8715,0.8182,0.6923,1.0
974,MLP,0.9403,0.9876,0.8947,0.8095,1.0
975,MLP,0.9104,0.9231,0.875,0.7778,1.0
976,MLP,0.9403,0.9529,0.8889,0.8421,0.9792
977,MLP,0.8806,0.9273,0.8,0.6667,1.0
978,MLP,0.8657,0.9496,0.8085,0.6786,1.0
979,MLP,0.8358,0.8892,0.7556,0.6071,1.0
980,MLP,0.7612,0.7176,0.5556,0.3846,1.0
981,MLP,0.8806,0.871,0.8571,0.7742,0.9722
982,MLP,0.8507,0.8518,0.7619,0.6154,1.0
983,MLP,0.9254,0.9131,0.8,0.7692,0.963
984,MLP,0.8657,0.8682,0.7805,0.6667,0.9767
985,MLP,0.8507,0.9253,0.7222,0.5909,0.9778
986,MLP,0.8657,0.9267,0.7907,0.68,0.9762
987,MLP,0.8507,0.864,0.7059,0.6316,0.9375
988,MLP,0.8657,0.8673,0.7429,0.6842,0.9375
989,MLP,0.8657,0.8719,0.8302,0.7097,1.0
990,MLP,0.8955,0.9153,0.7586,0.6471,0.98
991,MLP,0.8955,0.9176,0.7586,0.6471,0.98
992,MLP,0.8657,0.9109,0.7692,0.625,1.0
993,MLP,0.8358,0.7632,0.6207,0.4737,0.9792
994,MLP,0.8358,0.8952,0.7317,0.6,0.9762
995,MLP,0.8657,0.9747,0.8085,0.7308,0.9512
996,MLP,0.8955,0.856,0.7742,0.6667,0.9796
997,MLP,0.7761,0.8432,0.6809,0.5333,0.973
998,MLP,0.9254,0.9693,0.8571,0.7895,0.9792
999,MLP,0.8209,0.8381,0.7143,0.6,0.9524
1000,MLP,0.8955,0.8829,0.8679,0.7931,0.9737
1,MobileNet,0.8657,0.941,0.8235,0.7241,0.9737
2,MobileNet,0.9403,0.9572,0.8947,0.8947,0.9583
3,MobileNet,0.8955,0.9462,0.8205,0.7619,0.9565
4,MobileNet,0.8507,0.9002,0.7368,0.5833,1.0
5,MobileNet,0.8507,0.9532,0.8077,0.7,0.973
6,MobileNet,0.8806,0.8851,0.8,0.7619,0.9348
7,MobileNet,0.8209,0.8734,0.6667,0.6,0.9149
8,MobileNet,0.8806,0.8207,0.8,0.6667,1.0
9,MobileNet,0.8209,0.9574,0.75,0.6207,0.9737
10,MobileNet,0.8657,0.8867,0.7907,0.68,0.9762
11,MobileNet,0.8806,0.9058,0.7895,0.7143,0.9565
12,MobileNet,0.8806,0.9787,0.8,0.8,0.9149
13,MobileNet,0.8358,0.883,0.6667,0.55,0.9574
14,MobileNet,0.8806,0.9193,0.8333,0.7692,0.9512
15,MobileNet,0.8358,0.916,0.6667,0.55,0.9574
16,MobileNet,0.806,0.8229,0.6667,0.52,0.9762
17,MobileNet,0.8806,0.9259,0.75,0.7059,0.94
18,MobileNet,0.8358,0.8956,0.7843,0.7143,0.9231
19,MobileNet,0.9104,0.9771,0.875,0.84,0.9524
20,MobileNet,0.8657,0.9031,0.7692,0.625,1.0
21,MobileNet,0.8657,0.9202,0.7429,0.65,0.9574
22,MobileNet,0.8806,0.9141,0.7778,0.6364,1.0
23,MobileNet,0.8507,0.8899,0.7368,0.6364,0.9556
24,MobileNet,0.8507,0.9674,0.7368,0.6087,0.9773
25,MobileNet,0.8955,0.9294,0.7879,0.7647,0.94
26,MobileNet,0.9104,0.9329,0.8,0.7059,0.98
27,MobileNet,0.8955,0.9762,0.7742,0.6667,0.9796
28,MobileNet,0.8955,0.9766,0.8205,0.8,0.9362
29,MobileNet,0.9403,0.997,0.913,0.9545,0.9333
30,MobileNet,0.8507,0.8906,0.6429,0.5294,0.96
31,MobileNet,0.8358,0.9161,0.7027,0.619,0.9348
32,MobileNet,0.7761,0.8315,0.6809,0.5714,0.9231
33,MobileNet,0.8507,0.7713,0.75,0.625,0.9767
34,MobileNet,0.8955,0.9191,0.72,0.6429,0.9623
35,MobileNet,0.8507,0.9099,0.7619,0.6667,0.9535
36,MobileNet,0.8507,0.9019,0.7917,0.7037,0.95
37,MobileNet,0.8209,0.8755,0.7391,0.6071,0.9744
38,MobileNet,0.8806,0.9447,0.8,0.6957,0.9773
39,MobileNet,0.9254,0.9615,0.8936,0.8077,1.0
40,MobileNet,0.9254,0.9841,0.8936,0.8077,1.0
41,MobileNet,0.8209,0.8468,0.6842,0.5652,0.9545
42,MobileNet,0.806,0.8953,0.6486,0.5217,0.9545
43,MobileNet,0.806,0.8944,0.6486,0.5714,0.913
44,MobileNet,0.8507,0.8923,0.7368,0.6667,0.9348
45,MobileNet,0.8209,0.924,0.7391,0.6071,0.9744
46,MobileNet,0.8806,0.9638,0.7778,0.7368,0.9375
47,MobileNet,0.7761,0.7676,0.7059,0.6,0.9189
48,MobileNet,0.8955,0.8933,0.8372,0.72,1.0
49,MobileNet,0.806,0.9229,0.6977,0.6,0.9286
50,MobileNet,0.8507,0.9269,0.7619,0.6957,0.9318
51,MobileNet,0.806,0.818,0.6977,0.5769,0.9512
52,MobileNet,0.8806,0.907,0.8182,0.75,0.9535
53,MobileNet,0.806,0.8732,0.7797,0.6571,0.9688
54,MobileNet,0.8507,0.8646,0.7368,0.6364,0.9556
55,MobileNet,0.8209,0.8113,0.6667,0.5217,0.9773
56,MobileNet,0.791,0.9377,0.6667,0.5,1.0
57,MobileNet,0.8507,0.9289,0.7727,0.7391,0.9091
58,MobileNet,0.8806,0.9457,0.8261,0.76,0.9524
59,MobileNet,0.8209,0.8866,0.7,0.5833,0.9535
60,MobileNet,0.8955,0.9784,0.8571,0.8077,0.9512
61,MobileNet,0.8507,0.9116,0.8214,0.7188,0.9714
62,MobileNet,0.9254,0.9145,0.8485,0.7368,1.0
63,MobileNet,0.9254,0.9556,0.8837,0.8636,0.9556
64,MobileNet,0.8955,0.9286,0.7879,0.7222,0.9592
65,MobileNet,0.7612,0.8547,0.5556,0.4167,0.9535
66,MobileNet,0.8507,0.8311,0.6875,0.5789,0.9583
67,MobileNet,0.8358,0.9444,0.6857,0.5455,0.9778
68,MobileNet,0.7761,0.8131,0.6667,0.5172,0.9737
69,MobileNet,0.8955,0.9628,0.72,0.6,0.9808
70,MobileNet,0.8806,0.9463,0.7895,0.7895,0.9167
71,MobileNet,0.8507,0.9563,0.8214,0.7188,0.9714
72,MobileNet,0.8806,0.9255,0.7778,0.6667,0.9783
73,MobileNet,0.8657,0.9444,0.7907,0.7727,0.9111
74,MobileNet,0.8806,0.9152,0.8261,0.76,0.9524
75,MobileNet,0.8358,0.8883,0.7027,0.5652,0.9773
76,MobileNet,0.8806,0.9198,0.8519,0.7667,0.973
77,MobileNet,0.806,0.8137,0.5806,0.4286,0.9783
78,MobileNet,0.8955,0.9486,0.8511,0.8333,0.9302
79,MobileNet,0.8209,0.9306,0.7273,0.5926,0.975
80,MobileNet,0.8955,0.9231,0.7586,0.7333,0.9423
81,MobileNet,0.8209,0.83,0.7143,0.6522,0.9091
82,MobileNet,0.8209,0.8129,0.5,0.3529,0.98
83,MobileNet,0.8507,0.9076,0.7727,0.68,0.9524
84,MobileNet,0.806,0.875,0.7451,0.7037,0.875
85,MobileNet,0.8955,0.9035,0.7879,0.6842,0.9792
86,MobileNet,0.8507,0.9493,0.7826,0.6923,0.9512
87,MobileNet,0.791,0.8547,0.65,0.5417,0.9302
88,MobileNet,0.8507,0.92,0.7727,0.68,0.9524
89,MobileNet,0.8358,0.8794,0.7442,0.6957,0.9091
90,MobileNet,0.8507,0.9606,0.7727,0.6538,0.9756
91,MobileNet,0.8507,0.9229,0.7727,0.68,0.9524
92,MobileNet,0.8358,0.7975,0.7442,0.6667,0.9302
93,MobileNet,0.8806,0.9206,0.7143,0.5556,1.0
94,MobileNet,0.9104,0.9864,0.8696,0.8333,0.9535
95,MobileNet,0.8358,0.8498,0.7179,0.6087,0.9545
96,MobileNet,0.8209,0.8479,0.6,0.45,0.9787
97,MobileNet,0.791,0.9162,0.5882,0.4545,0.9556
98,MobileNet,0.8806,0.9256,0.7143,0.6667,0.9423
99,MobileNet,0.8358,0.8362,0.6857,0.6,0.9362
100,MobileNet,0.8209,0.9167,0.7692,0.7143,0.8974
101,MobileNet,0.9254,0.9872,0.8,0.6667,1.0
102,MobileNet,0.8209,0.936,0.7857,0.7333,0.8919
103,MobileNet,0.806,0.7681,0.5806,0.45,0.9574
104,MobileNet,0.8657,0.9071,0.7568,0.6087,1.0
105,MobileNet,0.8657,0.8991,0.7273,0.6316,0.9583
106,MobileNet,0.8657,0.932,0.7568,0.7368,0.9167
107,MobileNet,0.8507,0.8468,0.7826,0.7826,0.8864
108,MobileNet,0.806,0.8118,0.5185,0.3889,0.9592
109,MobileNet,0.8507,0.9812,0.75,0.6522,0.9545
110,MobileNet,0.8209,0.9109,0.7857,0.6667,0.9706
111,MobileNet,0.8507,0.8778,0.75,0.7143,0.913
112,MobileNet,0.8358,0.9657,0.7556,0.7727,0.8667
113,MobileNet,0.8806,0.8449,0.8095,0.7391,0.9545
114,MobileNet,0.8806,0.9058,0.8,0.7619,0.9348
115,MobileNet,0.8806,0.9117,0.8462,0.7333,1.0
116,MobileNet,0.7761,0.7026,0.5714,0.4348,0.9545
117,MobileNet,0.806,0.8991,0.7347,0.6,0.973
118,MobileNet,0.8507,0.8381,0.7619,0.64,0.9762
119,MobileNet,0.9254,0.9507,0.8718,0.8947,0.9375
120,MobileNet,0.791,0.876,0.65,0.5417,0.9302
121,MobileNet,0.806,0.8957,0.6286,0.55,0.9149
122,MobileNet,0.7015,0.7966,0.5652,0.4194,0.9444
123,MobileNet,0.8507,0.8656,0.7368,0.6087,0.9773
124,MobileNet,0.8955,0.9372,0.8,0.7,0.9787
125,MobileNet,0.8806,0.932,0.75,0.6316,0.9792
126,MobileNet,0.8358,0.8541,0.6207,0.5294,0.94
127,MobileNet,0.8507,0.9,0.8214,0.7667,0.9189
128,MobileNet,0.806,0.9131,0.7719,0.7097,0.8889
129,MobileNet,0.8358,0.8765,0.7317,0.6522,0.9318
130,MobileNet,0.8657,0.9002,0.7805,0.6957,0.9545
131,MobileNet,0.8507,0.906,0.7619,0.6667,0.9535
132,MobileNet,0.8955,0.9384,0.8205,0.7273,0.9778
133,MobileNet,0.8657,0.8848,0.7907,0.68,0.9762
134,MobileNet,0.8806,0.8596,0.7778,0.6364,1.0
135,MobileNet,0.8507,0.9012,0.7619,0.6957,0.9318
136,MobileNet,0.8209,0.8799,0.6842,0.619,0.913
137,MobileNet,0.9104,0.8958,0.8235,0.7368,0.9792
138,MobileNet,0.8507,0.9545,0.75,0.625,0.9767
139,MobileNet,0.8358,0.9219,0.7179,0.6087,0.9545
140,MobileNet,0.8358,0.8666,0.7027,0.5652,0.9773
141,MobileNet,0.8657,0.901,0.7568,0.6364,0.9778
142,MobileNet,0.7463,0.8687,0.6383,0.5769,0.8537
143,MobileNet,0.8507,0.9505,0.8077,0.75,0.9231
144,MobileNet,0.9254,0.9876,0.878,0.8571,0.9565
145,MobileNet,0.9254,0.9819,0.8485,0.7778,0.9796
146,MobileNet,0.8806,0.9269,0.8095,0.7391,0.9545
147,MobileNet,0.8209,0.9221,0.7273,0.6154,0.9512
148,MobileNet,0.8209,0.8566,0.76,0.6552,0.9474
149,MobileNet,0.8657,0.9486,0.8,0.7826,0.9091
150,MobileNet,0.8507,0.8975,0.8077,0.7241,0.9474
151,MobileNet,0.8806,0.9525,0.8261,0.7917,0.9302
152,MobileNet,0.8657,0.9626,0.6897,0.5556,0.9796
153,MobileNet,0.8209,0.8954,0.6842,0.619,0.913
154,MobileNet,0.8657,0.8866,0.7273,0.6667,0.9388
155,MobileNet,0.8507,0.8993,0.8077,0.7241,0.9474
156,MobileNet,0.8507,0.863,0.7619,0.6154,1.0
157,MobileNet,0.8209,0.7457,0.6,0.45,0.9787
158,MobileNet,0.8209,0.9505,0.6842,0.52,1.0
159,MobileNet,0.8507,0.9341,0.7826,0.6429,1.0
160,MobileNet,0.8657,0.9753,0.8085,0.6786,1.0
161,MobileNet,0.9254,0.9912,0.8649,0.8421,0.9583
162,MobileNet,0.8209,0.8905,0.6842,0.5417,0.9767
163,MobileNet,0.9104,0.8485,0.7273,0.6667,0.9636
164,MobileNet,0.8209,0.8862,0.625,0.5,0.9574
165,MobileNet,0.9254,0.9667,0.8936,0.84,0.9762
166,MobileNet,0.8358,0.9002,0.7317,0.6522,0.9318
167,MobileNet,0.8209,0.9034,0.7391,0.6538,0.9268
168,MobileNet,0.8507,0.8943,0.7826,0.72,0.9286
169,MobileNet,0.8507,0.8898,0.7826,0.6667,0.975
170,MobileNet,0.8358,0.886,0.5926,0.5,0.9412
171,MobileNet,0.8657,0.8654,0.7568,0.6667,0.9565
172,MobileNet,0.8358,0.8944,0.7317,0.625,0.9535
173,MobileNet,0.8507,0.8532,0.7368,0.7,0.9149
174,MobileNet,0.8358,0.8129,0.6452,0.5556,0.9388
175,MobileNet,0.9254,0.9842,0.8889,0.8696,0.9545
176,MobileNet,0.8358,0.9592,0.7755,0.6552,0.9737
177,MobileNet,0.8209,0.9111,0.6667,0.5455,0.9556
178,MobileNet,0.806,0.8759,0.7111,0.5926,0.95
179,MobileNet,0.8507,0.8787,0.6429,0.5625,0.9412
180,MobileNet,0.8657,0.9477,0.8163,0.8333,0.8837
181,MobileNet,0.8209,0.9264,0.7,0.5833,0.9535
182,MobileNet,0.791,0.8899,0.5882,0.4545,0.9556
183,MobileNet,0.9104,0.9374,0.8571,0.8182,0.9556
184,MobileNet,0.791,0.7851,0.5333,0.4211,0.9375
185,MobileNet,0.8955,0.9595,0.8444,0.8261,0.9318
186,MobileNet,0.8955,0.9457,0.8205,0.6957,1.0
187,MobileNet,0.8806,0.9306,0.8,0.7619,0.9348
188,MobileNet,0.8657,0.9429,0.7907,0.68,0.9762
189,MobileNet,0.9104,0.9433,0.8235,0.7778,0.9592
190,MobileNet,0.806,0.9152,0.6486,0.5455,0.9333
191,MobileNet,0.791,0.8912,0.72,0.6923,0.8537
192,MobileNet,0.8209,0.8574,0.7391,0.6296,0.95
193,MobileNet,0.8507,0.9238,0.8077,0.7241,0.9474
194,MobileNet,0.8955,0.884,0.7879,0.65,1.0
195,MobileNet,0.8806,0.8433,0.8333,0.7692,0.9512
196,MobileNet,0.8507,0.8894,0.7059,0.6,0.9574
197,MobileNet,0.7463,0.9127,0.6531,0.4848,1.0
198,MobileNet,0.8507,0.8106,0.6875,0.55,0.9787
199,MobileNet,0.8806,0.8889,0.7778,0.7778,0.9184
200,MobileNet,0.8507,0.767,0.6875,0.55,0.9787
201,MobileNet,0.8657,0.9667,0.7429,0.5909,1.0
202,MobileNet,0.8955,0.9528,0.8679,0.7931,0.9737
203,MobileNet,0.806,0.8186,0.6286,0.6111,0.8776
204,MobileNet,0.8358,0.9396,0.7755,0.6333,1.0
205,MobileNet,0.8657,0.9147,0.8,0.75,0.9302
206,MobileNet,0.8806,0.9048,0.8095,0.68,1.0
207,MobileNet,0.8358,0.9292,0.7925,0.7241,0.9211
208,MobileNet,0.8209,0.9206,0.6471,0.6111,0.898
209,MobileNet,0.7612,0.8654,0.5,0.381,0.9348
210,MobileNet,0.806,0.8829,0.7547,0.6667,0.9189
211,MobileNet,0.8955,0.9806,0.8444,0.7917,0.9535
212,MobileNet,0.8806,0.9138,0.75,0.6667,0.9592
213,MobileNet,0.8358,0.9409,0.7556,0.6538,0.9512
214,MobileNet,0.9403,0.9909,0.9048,0.8636,0.9778
215,MobileNet,0.8955,0.9776,0.8772,0.8065,0.9722
216,MobileNet,0.8209,0.8984,0.76,0.6786,0.9231
217,MobileNet,0.8358,0.9068,0.6667,0.5238,0.9783
218,MobileNet,0.806,0.9099,0.6829,0.5833,0.9302
219,MobileNet,0.8806,0.9719,0.8182,0.75,0.9535
220,MobileNet,0.8955,0.913,0.7407,0.625,0.9804
221,MobileNet,0.8507,0.8677,0.7368,0.6364,0.9556
222,MobileNet,0.8358,0.9535,0.7179,0.6364,0.9333
223,MobileNet,0.8358,0.8281,0.7179,0.6087,0.9545
224,MobileNet,0.806,0.804,0.6286,0.5,0.9556
225,MobileNet,0.8507,0.9279,0.7727,0.7391,0.9091
226,MobileNet,0.791,0.9315,0.72,0.6,0.9459
227,MobileNet,0.8657,0.8762,0.7907,0.68,0.9762
228,MobileNet,0.8806,0.9099,0.8182,0.75,0.9535
229,MobileNet,0.8657,0.941,0.8163,0.8,0.9048
230,MobileNet,0.9104,0.8697,0.8421,0.7273,1.0
231,MobileNet,0.8806,0.9171,0.8261,0.76,0.9524
232,MobileNet,0.8209,0.8724,0.7391,0.6538,0.9268
233,MobileNet,0.8806,0.9606,0.8095,0.7727,0.9333
234,MobileNet,0.8358,0.9212,0.7179,0.6364,0.9333
235,MobileNet,0.8209,0.8867,0.6842,0.52,1.0
236,MobileNet,0.9104,0.9399,0.8235,0.7778,0.9592
237,MobileNet,0.8507,0.864,0.6667,0.5263,0.9792
238,MobileNet,0.8209,0.9234,0.6471,0.5238,0.9565
239,MobileNet,0.8657,0.92,0.7907,0.7391,0.9318
240,MobileNet,0.791,0.921,0.6667,0.56,0.9286
241,MobileNet,0.8806,0.9535,0.8182,0.75,0.9535
242,MobileNet,0.8806,0.8341,0.7333,0.6471,0.96
243,MobileNet,0.8209,0.9118,0.7391,0.6538,0.9268
244,MobileNet,0.7164,0.8717,0.678,0.5882,0.8485
245,MobileNet,0.7463,0.7961,0.5143,0.4286,0.8913
246,MobileNet,0.8358,0.8764,0.7755,0.6786,0.9487
247,MobileNet,0.8358,0.9714,0.7755,0.76,0.881
248,MobileNet,0.791,0.8415,0.6957,0.6154,0.9024
249,MobileNet,0.8657,0.9486,0.7805,0.6957,0.9545
250,MobileNet,0.9254,0.983,0.8649,0.8,0.9787
251,MobileNet,0.8358,0.9109,0.7442,0.6154,0.9756
252,MobileNet,0.8209,0.8311,0.7143,0.5769,0.9756
253,MobileNet,0.8358,0.8947,0.6857,0.6,0.9362
254,MobileNet,0.8657,0.8912,0.8163,0.7692,0.9268
255,MobileNet,0.8806,0.9408,0.7778,0.7368,0.9375
256,MobileNet,0.9552,0.9365,0.9091,0.8333,1.0
257,MobileNet,0.8806,0.9505,0.8462,0.7857,0.9487
258,MobileNet,0.8358,0.939,0.7317,0.5769,1.0
259,MobileNet,0.8657,0.9266,0.7429,0.65,0.9574
260,MobileNet,0.8955,0.9612,0.8444,0.7917,0.9535
261,MobileNet,0.7761,0.7516,0.5161,0.381,0.9565
262,MobileNet,0.7313,0.7505,0.6087,0.4667,0.9459
263,MobileNet,0.8657,0.9266,0.7429,0.65,0.9574
264,MobileNet,0.8507,0.9738,0.7826,0.75,0.907
265,MobileNet,0.806,0.9093,0.7636,0.7241,0.8684
266,MobileNet,0.8657,0.8944,0.8085,0.7037,0.975
267,MobileNet,0.8657,0.9298,0.7273,0.6316,0.9583
268,MobileNet,0.7761,0.8682,0.5946,0.4583,0.9535
269,MobileNet,0.8209,0.7858,0.76,0.6129,1.0
270,MobileNet,0.8657,0.8272,0.6667,0.5625,0.9608
271,MobileNet,0.8507,0.9369,0.7059,0.5714,0.9783
272,MobileNet,0.791,0.8485,0.6111,0.5,0.9333
273,MobileNet,0.8209,0.9387,0.7857,0.7333,0.8919
274,MobileNet,0.791,0.8292,0.5625,0.4286,0.9565
275,MobileNet,0.7313,0.7895,0.5909,0.4483,0.9474
276,MobileNet,0.8657,0.9167,0.7692,0.625,1.0
277,MobileNet,0.8955,0.883,0.8205,0.8,0.9362
278,MobileNet,0.8955,0.9364,0.8,0.7368,0.9583
279,MobileNet,0.791,0.9074,0.7083,0.5862,0.9474
280,MobileNet,0.791,0.8905,0.65,0.5417,0.9302
281,MobileNet,0.8657,0.8882,0.7692,0.7143,0.9348
282,MobileNet,0.8955,0.9452,0.8108,0.7895,0.9375
283,MobileNet,0.8358,0.8883,0.6452,0.5,0.9787
284,MobileNet,0.8806,0.9306,0.84,0.7778,0.95
285,MobileNet,0.8955,0.9812,0.8205,0.6957,1.0
286,MobileNet,0.8955,0.9727,0.8108,0.6818,1.0
287,MobileNet,0.8358,0.8574,0.6667,0.55,0.9574
288,MobileNet,0.806,0.8818,0.6286,0.5,0.9556
289,MobileNet,0.8955,0.9064,0.8108,0.75,0.9574
290,MobileNet,0.8806,0.9252,0.7333,0.6875,0.9412
291,MobileNet,0.8657,0.9447,0.8,0.6923,0.9756
292,MobileNet,0.791,0.8973,0.7083,0.5667,0.973
293,MobileNet,0.8209,0.8787,0.7143,0.5556,1.0
294,MobileNet,0.8806,0.9162,0.8519,0.7667,0.973
295,MobileNet,0.8806,0.9212,0.84,0.75,0.9744
296,MobileNet,0.8657,0.9276,0.7429,0.6842,0.9375
297,MobileNet,0.806,0.8811,0.7234,0.5862,0.9737
298,MobileNet,0.8806,0.9694,0.75,0.6667,0.9592
299,MobileNet,0.9552,0.9978,0.9143,0.8421,1.0
300,MobileNet,0.8358,0.8597,0.7027,0.5652,0.9773
301,MobileNet,0.8358,0.9105,0.7442,0.64,0.9524
302,MobileNet,0.8806,0.9528,0.6923,0.6429,0.9434
303,MobileNet,0.8507,0.9369,0.75,0.7143,0.913
304,MobileNet,0.8657,0.9374,0.7568,0.6364,0.9778
305,MobileNet,0.7761,0.8553,0.6667,0.5357,0.9487
306,MobileNet,0.8507,0.9002,0.7727,0.7391,0.9091
307,MobileNet,0.806,0.8101,0.6977,0.625,0.907
308,MobileNet,0.8657,0.9313,0.7568,0.6364,0.9778
309,MobileNet,0.9104,0.9363,0.8,0.75,0.9608
310,MobileNet,0.8507,0.8753,0.6429,0.5,0.9796
311,MobileNet,0.8358,0.9466,0.6857,0.5217,1.0
312,MobileNet,0.8657,0.9674,0.7805,0.6957,0.9545
313,MobileNet,0.791,0.8702,0.5625,0.45,0.9362
314,MobileNet,0.8806,0.8095,0.7895,0.7143,0.9565
315,MobileNet,0.8507,0.9051,0.75,0.6522,0.9545
316,MobileNet,0.8806,0.921,0.8182,0.72,0.9762
317,MobileNet,0.8358,0.8253,0.7027,0.5909,0.9556
318,MobileNet,0.9254,0.9447,0.8387,0.7647,0.98
319,MobileNet,0.8806,0.9234,0.7778,0.7,0.9574
320,MobileNet,0.8209,0.92,0.7143,0.6522,0.9091
321,MobileNet,0.9104,0.8949,0.75,0.6429,0.9811
322,MobileNet,0.8358,0.9506,0.7442,0.6667,0.9302
323,MobileNet,0.8209,0.9079,0.6471,0.5238,0.9565
324,MobileNet,0.7761,0.8727,0.6512,0.6667,0.8261
325,MobileNet,0.8657,0.8973,0.7805,0.6667,0.9767
326,MobileNet,0.8507,0.9296,0.7826,0.6923,0.9512
327,MobileNet,0.806,0.8752,0.6667,0.52,0.9762
328,MobileNet,0.8657,0.9597,0.8163,0.7143,0.9744
329,MobileNet,0.8507,0.9658,0.7059,0.5714,0.9783
330,MobileNet,0.8955,0.8412,0.7742,0.7059,0.96
331,MobileNet,0.8806,0.9141,0.7895,0.6818,0.9778
332,MobileNet,0.7612,0.9368,0.6522,0.5357,0.9231
333,MobileNet,0.9403,0.9572,0.8889,0.8421,0.9792
334,MobileNet,0.8507,0.7617,0.6875,0.55,0.9787
335,MobileNet,0.8358,0.7267,0.5217,0.375,0.9804
336,MobileNet,0.8806,0.875,0.75,0.6316,0.9792
337,MobileNet,0.8507,0.8705,0.7727,0.68,0.9524
338,MobileNet,0.8657,0.8943,0.7805,0.6957,0.9545
339,MobileNet,0.8507,0.916,0.7368,0.6087,0.9773
340,MobileNet,0.9254,0.9266,0.8571,0.75,1.0
341,MobileNet,0.9403,0.9174,0.8333,0.7692,0.9815
342,MobileNet,0.8507,0.8914,0.6667,0.5263,0.9792
343,MobileNet,0.8806,0.9414,0.7778,0.6364,1.0
344,MobileNet,0.9701,0.9473,0.9333,0.875,1.0
345,MobileNet,0.8657,0.8905,0.7805,0.6667,0.9767
346,MobileNet,0.8955,0.8517,0.8293,0.7083,1.0
347,MobileNet,0.7761,0.8048,0.6667,0.6,0.881
348,MobileNet,0.8209,0.6766,0.4,0.3077,0.9444
349,MobileNet,0.8209,0.8222,0.7391,0.6296,0.95
350,MobileNet,0.8657,0.8793,0.8302,0.7333,0.973
351,MobileNet,0.8806,0.8917,0.8333,0.7407,0.975
352,MobileNet,0.8507,0.8982,0.7727,0.7391,0.9091
353,MobileNet,0.791,0.9184,0.7083,0.6538,0.878
354,MobileNet,0.8955,0.8728,0.7742,0.6316,1.0
355,MobileNet,0.9403,0.9545,0.9,0.8182,1.0
356,MobileNet,0.8507,0.9158,0.8,0.7143,0.9487
357,MobileNet,0.8955,0.9865,0.8293,0.8095,0.9348
358,MobileNet,0.806,0.8787,0.7347,0.6667,0.9
359,MobileNet,0.8507,0.8798,0.7059,0.5455,1.0
360,MobileNet,0.7612,0.8168,0.5556,0.4762,0.8913
361,MobileNet,0.7612,0.8133,0.619,0.52,0.9048
362,MobileNet,0.8806,0.9306,0.8,0.7619,0.9348
363,MobileNet,0.8209,0.849,0.7143,0.5769,0.9756
364,MobileNet,0.7761,0.9111,0.6512,0.5185,0.95
365,MobileNet,0.8657,0.904,0.7805,0.7273,0.9333
366,MobileNet,0.8955,0.983,0.8108,0.75,0.9574
367,MobileNet,0.806,0.8362,0.6061,0.5,0.9362
368,MobileNet,0.8657,0.9407,0.8085,0.8261,0.8864
369,MobileNet,0.8806,0.9738,0.8095,0.7083,0.9767
370,MobileNet,0.8209,0.8645,0.7391,0.6071,0.9744
371,MobileNet,0.8657,0.8356,0.6897,0.5556,0.9796
372,MobileNet,0.8358,0.8407,0.7755,0.6786,0.9487
373,MobileNet,0.806,0.8462,0.7234,0.6071,0.9487
374,MobileNet,0.9254,0.9851,0.8649,0.8,0.9787
375,MobileNet,0.806,0.9009,0.7547,0.6667,0.9189
376,MobileNet,0.806,0.9356,0.7347,0.6207,0.9474
377,MobileNet,0.9104,0.9131,0.75,0.6923,0.963
378,MobileNet,0.8955,0.9824,0.8679,0.8519,0.925
379,MobileNet,0.806,0.9432,0.7234,0.6071,0.9487
380,MobileNet,0.8955,0.959,0.8511,0.8,0.9524
381,MobileNet,0.9254,0.9412,0.8387,0.8125,0.9608
382,MobileNet,0.806,0.8293,0.6486,0.5455,0.9333
383,MobileNet,0.8657,0.9235,0.7097,0.6471,0.94
384,MobileNet,0.8358,0.9467,0.7179,0.5833,0.9767
385,MobileNet,0.9254,0.9821,0.8387,0.8667,0.9423
386,MobileNet,0.8806,0.9017,0.7895,0.7143,0.9565
387,MobileNet,0.8657,0.9358,0.7429,0.619,0.9783
388,MobileNet,0.8955,0.9554,0.8372,0.75,0.9767
389,MobileNet,0.9104,0.9841,0.8125,0.8125,0.9412
390,MobileNet,0.8657,0.8969,0.7273,0.6316,0.9583
391,MobileNet,0.8806,0.9297,0.75,0.6667,0.9592
392,MobileNet,0.8806,0.8914,0.8095,0.68,1.0
393,MobileNet,0.8209,0.9165,0.7143,0.5769,0.9756
394,MobileNet,0.8806,0.9431,0.8,0.7619,0.9348
395,MobileNet,0.8209,0.875,0.625,0.5263,0.9375
396,MobileNet,0.9254,0.9401,0.9091,0.8621,0.9737
397,MobileNet,0.8955,0.9752,0.8108,0.7143,0.9783
398,MobileNet,0.8806,0.9105,0.6923,0.5625,0.9804
399,MobileNet,0.8806,0.9467,0.8261,0.7917,0.9302
400,MobileNet,0.806,0.7667,0.7111,0.5926,0.95
401,MobileNet,0.8358,0.8366,0.5926,0.4211,1.0
402,MobileNet,0.8209,0.8901,0.7692,0.6667,0.9459
403,MobileNet,0.806,0.9031,0.6286,0.4583,1.0
404,MobileNet,0.7761,0.8029,0.6154,0.48,0.9524
405,MobileNet,0.8507,0.9397,0.7368,0.6087,0.9773
406,MobileNet,0.8806,0.9831,0.8333,0.7692,0.9512
407,MobileNet,0.8806,0.9341,0.7647,0.7647,0.92
408,MobileNet,0.8358,0.9298,0.7442,0.6957,0.9091
409,MobileNet,0.8806,0.7505,0.7647,0.619,1.0
410,MobileNet,0.8209,0.9128,0.7143,0.5769,0.9756
411,MobileNet,0.8507,0.8426,0.7222,0.65,0.9362
412,MobileNet,0.9254,0.9648,0.898,0.88,0.9524
413,MobileNet,0.8507,0.8333,0.7368,0.6364,0.9556
414,MobileNet,0.7761,0.9579,0.6512,0.5,0.9744
415,MobileNet,0.8209,0.8848,0.7,0.6364,0.9111
416,MobileNet,0.9104,0.9782,0.7857,0.7333,0.9615
417,MobileNet,0.9104,0.9551,0.7692,0.6667,0.9808
418,MobileNet,0.806,0.8322,0.5517,0.4444,0.9388
419,MobileNet,0.8358,0.9546,0.7843,0.6897,0.9474
420,MobileNet,0.9104,1.0,0.75,0.6,1.0
421,MobileNet,0.8358,0.9247,0.766,0.6207,1.0
422,MobileNet,0.8209,0.9377,0.6667,0.5217,0.9773
423,MobileNet,0.8209,0.8377,0.7273,0.6154,0.9512
424,MobileNet,0.8209,0.8794,0.6667,0.5217,0.9773
425,MobileNet,0.8209,0.8269,0.7273,0.5926,0.975
426,MobileNet,0.8507,0.9451,0.7368,0.6667,0.9348
427,MobileNet,0.8507,0.916,0.7619,0.6957,0.9318
428,MobileNet,0.8358,0.9575,0.7442,0.6957,0.9091
429,MobileNet,0.8955,0.913,0.8108,0.7143,0.9783
430,MobileNet,0.791,0.8626,0.5882,0.4545,0.9556
431,MobileNet,0.8657,0.8271,0.7805,0.7619,0.913
432,MobileNet,0.9403,0.9966,0.8947,0.9444,0.9388
433,MobileNet,0.8358,0.8727,0.6857,0.5455,0.9778
434,MobileNet,0.806,0.8715,0.7234,0.6538,0.9024
435,MobileNet,0.8209,0.8591,0.4545,0.3125,0.9804
436,MobileNet,0.8209,0.9041,0.6842,0.5417,0.9767
437,MobileNet,0.806,0.9606,0.6061,0.4545,0.9778
438,MobileNet,0.8358,0.8758,0.7027,0.619,0.9348
439,MobileNet,0.8358,0.7796,0.7556,0.6296,0.975
440,MobileNet,0.7612,0.8571,0.6923,0.72,0.7857
441,MobileNet,0.8806,0.8986,0.7895,0.7143,0.9565
442,MobileNet,0.8507,0.9467,0.7727,0.7083,0.9302
443,MobileNet,0.8657,0.8374,0.7568,0.6364,0.9778
444,MobileNet,0.8358,0.8768,0.7027,0.5909,0.9556
445,MobileNet,0.8507,0.9277,0.8,0.7143,0.9487
446,MobileNet,0.8955,0.9427,0.8372,0.7826,0.9545
447,MobileNet,0.791,0.9668,0.72,0.5806,0.9722
448,MobileNet,0.8209,0.9167,0.7692,0.6452,0.9722
449,MobileNet,0.8358,0.8519,0.7556,0.6296,0.975
450,MobileNet,0.806,0.8775,0.6486,0.5217,0.9545
451,MobileNet,0.8657,0.8734,0.7907,0.6538,1.0
452,MobileNet,0.791,0.8937,0.7083,0.5667,0.973
453,MobileNet,0.8358,0.9428,0.7442,0.6154,0.9756
454,MobileNet,0.8955,0.921,0.8444,0.76,0.9762
455,MobileNet,0.8209,0.8506,0.5714,0.4706,0.94
456,MobileNet,0.8507,0.9333,0.7368,0.6364,0.9556
457,MobileNet,0.8209,0.7698,0.6471,0.6111,0.898
458,MobileNet,0.806,0.9562,0.6486,0.48,1.0
459,MobileNet,0.806,0.8324,0.6977,0.6,0.9286
460,MobileNet,0.8507,0.9475,0.7368,0.6364,0.9556
461,MobileNet,0.8657,0.9787,0.8085,0.7037,0.975
462,MobileNet,0.8806,0.9276,0.8333,0.8,0.9286
463,MobileNet,0.8806,0.9038,0.84,0.75,0.9744
464,MobileNet,0.8209,0.8261,0.6667,0.5714,0.9348
465,MobileNet,0.8657,0.9071,0.8,0.6923,0.9756
466,MobileNet,0.7761,0.8874,0.6154,0.4615,0.9756
467,MobileNet,0.8507,0.9253,0.7368,0.6364,0.9556
468,MobileNet,0.8657,0.9638,0.7568,0.7368,0.9167
469,MobileNet,0.8955,0.915,0.8293,0.7391,0.9773
470,MobileNet,0.8507,0.9493,0.7727,0.6538,0.9756
471,MobileNet,0.8507,0.909,0.7619,0.6154,1.0
472,MobileNet,0.8806,0.9205,0.8667,0.8125,0.9429
473,MobileNet,0.8358,0.9093,0.6667,0.6111,0.9184
474,MobileNet,0.8657,0.8287,0.7273,0.6,0.9787
475,MobileNet,0.8657,0.955,0.8421,0.8,0.9189
476,MobileNet,0.9104,0.909,0.8235,0.7368,0.9792
477,MobileNet,0.8507,0.9531,0.7917,0.7308,0.9268
478,MobileNet,0.8358,0.9577,0.7843,0.6667,0.973
479,MobileNet,0.8806,0.9024,0.7778,0.7368,0.9375
480,MobileNet,0.8806,0.955,0.84,0.8077,0.9268
481,MobileNet,0.8657,0.9389,0.7429,0.619,0.9783
482,MobileNet,0.8955,0.9941,0.8205,0.6957,1.0
483,MobileNet,0.8657,0.9369,0.7273,0.5714,1.0
484,MobileNet,0.8358,0.9138,0.7179,0.5833,0.9767
485,MobileNet,0.8358,0.8026,0.6452,0.5263,0.9583
486,MobileNet,0.8806,0.9321,0.7143,0.6667,0.9423
487,MobileNet,0.8657,0.9179,0.7097,0.6875,0.9216
488,MobileNet,0.8507,0.8987,0.7727,0.6538,0.9756
489,MobileNet,0.8358,0.8638,0.8,0.7097,0.9444
490,MobileNet,0.7761,0.9229,0.6667,0.5172,0.9737
491,MobileNet,0.806,0.8844,0.7347,0.5806,1.0
492,MobileNet,0.8209,0.8434,0.76,0.6786,0.9231
493,MobileNet,0.9104,0.913,0.85,0.8095,0.9565
494,MobileNet,0.806,0.8963,0.6977,0.625,0.907
495,MobileNet,0.8507,0.8695,0.6875,0.5789,0.9583
496,MobileNet,0.8657,0.9606,0.7805,0.7273,0.9333
497,MobileNet,0.9104,0.9773,0.8235,0.7778,0.9592
498,MobileNet,0.8209,0.7787,0.6471,0.55,0.9362
499,MobileNet,0.8507,0.9398,0.7917,0.7037,0.95
500,MobileNet,0.8955,0.8362,0.8,0.7,0.9787
501,MobileNet,0.8657,0.9679,0.8525,0.8125,0.9143
502,MobileNet,0.8657,0.9081,0.8,0.8182,0.8889
503,MobileNet,0.8657,0.8968,0.7429,0.65,0.9574
504,MobileNet,0.8955,0.9522,0.8571,0.8077,0.9512
505,MobileNet,0.8209,0.8595,0.7,0.5833,0.9535
506,MobileNet,0.9403,0.9651,0.913,0.875,0.9767
507,MobileNet,0.8806,0.8731,0.8261,0.7037,1.0
508,MobileNet,0.8358,0.8447,0.7027,0.619,0.9348
509,MobileNet,0.8806,0.9752,0.7895,0.7143,0.9565
510,MobileNet,0.8358,0.8776,0.6857,0.6667,0.898
511,MobileNet,0.8507,0.9176,0.7826,0.6667,0.975
512,MobileNet,0.8657,0.8996,0.7568,0.6667,0.9565
513,MobileNet,0.8358,0.8491,0.7556,0.6296,0.975
514,MobileNet,0.8806,0.9689,0.8095,0.8095,0.913
515,MobileNet,0.8657,0.9707,0.8,0.8182,0.8889
516,MobileNet,0.8358,0.9574,0.7556,0.7083,0.907
517,MobileNet,0.9104,0.875,0.8125,0.6842,1.0
518,MobileNet,0.7164,0.8185,0.5128,0.3448,1.0
519,MobileNet,0.8955,0.9516,0.8372,0.7826,0.9545
520,MobileNet,0.8507,0.9323,0.7619,0.7273,0.9111
521,MobileNet,0.9104,0.9485,0.8125,0.8125,0.9412
522,MobileNet,0.8358,0.9324,0.766,0.6667,0.95
523,MobileNet,0.8806,0.9707,0.7895,0.6818,0.9778
524,MobileNet,0.8507,0.8798,0.7222,0.7222,0.898
525,MobileNet,0.791,0.8133,0.6667,0.56,0.9286
526,MobileNet,0.806,0.8012,0.5806,0.5294,0.9
527,MobileNet,0.8358,0.8904,0.7179,0.7368,0.875
528,MobileNet,0.806,0.8372,0.6667,0.5417,0.9535
529,MobileNet,0.8507,0.8576,0.7368,0.6364,0.9556
530,MobileNet,0.8507,0.9234,0.8,0.6667,1.0
531,MobileNet,0.9254,0.9629,0.8936,0.84,0.9762
532,MobileNet,0.8657,0.9379,0.7805,0.7619,0.913
533,MobileNet,0.8209,0.844,0.7143,0.625,0.9302
534,MobileNet,0.8507,0.901,0.7619,0.7273,0.9111
535,MobileNet,0.7612,0.8782,0.6667,0.5714,0.8974
536,MobileNet,0.8657,0.9181,0.7568,0.7,0.9362
537,MobileNet,0.7761,0.8023,0.5714,0.4762,0.913
538,MobileNet,0.8358,0.8794,0.6857,0.6316,0.9167
539,MobileNet,0.9254,0.9659,0.7619,0.7273,0.9643
540,MobileNet,0.8209,0.9414,0.75,0.6429,0.9487
541,MobileNet,0.8806,0.7718,0.6923,0.6,0.9615
542,MobileNet,0.7761,0.8901,0.6809,0.5714,0.9231
543,MobileNet,0.9254,0.943,0.8571,0.7895,0.9792
544,MobileNet,0.8358,0.941,0.7442,0.64,0.9524
545,MobileNet,0.8358,0.9074,0.766,0.6667,0.95
546,MobileNet,0.8806,0.9467,0.8182,0.72,0.9762
547,MobileNet,0.9254,0.9318,0.8276,0.7059,1.0
548,MobileNet,0.8955,0.9533,0.8444,0.76,0.9762
549,MobileNet,0.8507,0.8649,0.7222,0.65,0.9362
550,MobileNet,0.8358,0.8715,0.7179,0.6087,0.9545
551,MobileNet,0.8507,0.9099,0.8,0.7692,0.9024
552,MobileNet,0.8209,0.9,0.7857,0.6875,0.9429
553,MobileNet,0.8209,0.8283,0.7273,0.6154,0.9512
554,MobileNet,0.8806,0.9459,0.6923,0.6923,0.9259
555,MobileNet,0.8806,0.8844,0.7895,0.6522,1.0
556,MobileNet,0.8806,0.8819,0.8182,0.72,0.9762
557,MobileNet,0.8806,0.9167,0.8333,0.7407,0.975
558,MobileNet,0.8507,0.8871,0.6667,0.5263,0.9792
559,MobileNet,0.8955,0.9377,0.8293,0.7391,0.9773
560,MobileNet,0.8955,0.9379,0.8205,0.7619,0.9565
561,MobileNet,0.9104,0.9286,0.8846,0.8214,0.9744
562,MobileNet,0.8657,0.9131,0.7692,0.6818,0.9556
563,MobileNet,0.9254,0.9565,0.8571,0.8824,0.94
564,MobileNet,0.8507,0.8904,0.6875,0.5789,0.9583
565,MobileNet,0.8358,0.8552,0.7179,0.56,1.0
566,MobileNet,0.8209,0.9232,0.6471,0.5,0.9778
567,MobileNet,0.9254,0.9203,0.898,0.8462,0.9756
568,MobileNet,0.8955,0.9152,0.8293,0.7727,0.9556
569,MobileNet,0.9254,0.9532,0.8571,0.75,1.0
570,MobileNet,0.806,0.8755,0.7347,0.6429,0.9231
571,MobileNet,0.8507,0.8727,0.7059,0.5714,0.9783
572,MobileNet,0.9254,1.0,0.8889,0.8,1.0
573,MobileNet,0.791,0.9118,0.7407,0.5882,1.0
574,MobileNet,0.8358,0.845,0.7442,0.6667,0.9302
575,MobileNet,0.9104,0.9543,0.8333,0.75,0.9787
576,MobileNet,0.8507,0.9447,0.7917,0.7308,0.9268
577,MobileNet,0.8358,0.8953,0.766,0.7826,0.8636
578,MobileNet,0.7761,0.9114,0.6154,0.48,0.9524
579,MobileNet,0.8657,0.9441,0.8302,0.7857,0.9231
580,MobileNet,0.8657,0.8585,0.7273,0.6,0.9787
581,MobileNet,0.791,0.8566,0.5882,0.4545,0.9556
582,MobileNet,0.8358,0.7805,0.6667,0.5238,0.9783
583,MobileNet,0.8507,0.8542,0.6667,0.5263,0.9792
584,MobileNet,0.806,0.9118,0.7111,0.6154,0.9268
585,MobileNet,0.8507,0.9372,0.7222,0.65,0.9362
586,MobileNet,0.8657,0.9029,0.8,0.72,0.9524
587,MobileNet,0.8806,0.9212,0.7778,0.6364,1.0
588,MobileNet,0.9104,0.9506,0.8571,0.7826,0.9773
589,MobileNet,0.9104,0.9586,0.8636,0.8636,0.9333
590,MobileNet,0.8507,0.8043,0.6875,0.55,0.9787
591,MobileNet,0.8358,0.8283,0.6857,0.5455,0.9778
592,MobileNet,0.9104,0.8639,0.7692,0.7143,0.9623
593,MobileNet,0.8507,0.9673,0.7917,0.6552,1.0
594,MobileNet,0.8507,0.9328,0.7619,0.6957,0.9318
595,MobileNet,0.8955,0.9853,0.7742,0.6667,0.9796
596,MobileNet,0.791,0.8892,0.5882,0.4762,0.9348
597,MobileNet,0.8806,0.8912,0.75,0.6667,0.9592
598,MobileNet,0.8806,0.9615,0.8261,0.7308,0.9756
599,MobileNet,0.791,0.8829,0.6111,0.44,1.0
600,MobileNet,0.8657,0.898,0.7692,0.6818,0.9556
601,MobileNet,0.8507,0.9298,0.7368,0.7,0.9149
602,MobileNet,0.791,0.8319,0.5333,0.4,0.9574
603,MobileNet,0.9254,0.8444,0.8148,0.6875,1.0
604,MobileNet,0.8209,0.85,0.6471,0.55,0.9362
605,MobileNet,0.8657,0.9467,0.7907,0.7083,0.9535
606,MobileNet,0.8955,0.9002,0.8205,0.6957,1.0
607,MobileNet,0.791,0.875,0.6818,0.5556,0.95
608,MobileNet,0.8358,0.8992,0.6857,0.5217,1.0
609,MobileNet,0.8806,0.8714,0.8095,0.68,1.0
610,MobileNet,0.8806,0.967,0.7895,0.75,0.9362
611,MobileNet,0.7761,0.7506,0.5161,0.4444,0.898
612,MobileNet,0.9254,0.9915,0.8649,0.8,0.9787
613,MobileNet,0.8806,0.9053,0.7778,0.7,0.9574
614,MobileNet,0.8806,0.9219,0.8095,0.7391,0.9545
615,MobileNet,0.8955,0.8499,0.8108,0.7143,0.9783
616,MobileNet,0.8209,0.9029,0.76,0.76,0.8571
617,MobileNet,0.8507,0.9615,0.7917,0.7308,0.9268
618,MobileNet,0.8209,0.8731,0.7,0.5833,0.9535
619,MobileNet,0.8806,0.9314,0.7333,0.6875,0.9412
620,MobileNet,0.8507,0.8949,0.7727,0.6538,0.9756
621,MobileNet,0.8358,0.8043,0.7317,0.625,0.9535
622,MobileNet,0.9254,0.9447,0.8837,0.8261,0.9773
623,MobileNet,0.8806,0.9512,0.8261,0.7308,0.9756
624,MobileNet,0.7761,0.9642,0.6809,0.5161,1.0
625,MobileNet,0.791,0.8866,0.6818,0.625,0.8837
626,MobileNet,0.8507,0.9006,0.7222,0.619,0.9565
627,MobileNet,0.8806,0.9824,0.8182,0.8571,0.8913
628,MobileNet,0.8657,0.8799,0.7692,0.7143,0.9348
629,MobileNet,0.806,0.8686,0.6667,0.5652,0.9318
630,MobileNet,0.8358,0.9172,0.6857,0.5714,0.9565
631,MobileNet,0.806,0.8778,0.7111,0.5926,0.95
632,MobileNet,0.8507,0.8435,0.7727,0.6296,1.0
633,MobileNet,0.8806,0.9787,0.7895,0.75,0.9362
634,MobileNet,0.8358,0.8721,0.766,0.6207,1.0
635,MobileNet,0.806,0.8886,0.6486,0.5,0.9767
636,MobileNet,0.9104,0.8701,0.7857,0.6875,0.9804
637,MobileNet,0.8806,0.9753,0.75,0.7059,0.94
638,MobileNet,0.8507,0.9124,0.7727,0.68,0.9524
639,MobileNet,0.7761,0.7769,0.6667,0.5556,0.925
640,MobileNet,0.8209,0.9394,0.6667,0.5455,0.9556
641,MobileNet,0.806,0.8966,0.7234,0.5862,0.9737
642,MobileNet,0.9104,0.9855,0.8636,0.7917,0.9767
643,MobileNet,0.8209,0.896,0.6842,0.5909,0.9333
644,MobileNet,0.8657,0.9575,0.7907,0.7391,0.9318
645,MobileNet,0.8806,0.9578,0.8261,0.7308,0.9756
646,MobileNet,0.806,0.8333,0.5806,0.4286,0.9783
647,MobileNet,0.806,0.8565,0.7111,0.6154,0.9268
648,MobileNet,0.806,0.8957,0.7719,0.6667,0.9412
649,MobileNet,0.8358,0.9213,0.6857,0.6,0.9362
650,MobileNet,0.8358,0.9071,0.7556,0.6538,0.9512
651,MobileNet,0.7761,0.8311,0.6512,0.5385,0.9268
652,MobileNet,0.8358,0.8949,0.766,0.6923,0.9268
653,MobileNet,0.806,0.861,0.6829,0.56,0.9524
654,MobileNet,0.8955,0.9447,0.8205,0.8,0.9362
655,MobileNet,0.8657,0.8684,0.7273,0.6316,0.9583
656,MobileNet,0.9104,0.9331,0.8235,0.7778,0.9592
657,MobileNet,0.8806,0.9691,0.8462,0.7586,0.9737
658,MobileNet,0.8806,0.9286,0.75,0.6667,0.9592
659,MobileNet,0.8806,0.9512,0.8261,0.7308,0.9756
660,MobileNet,0.8657,0.8876,0.8,0.72,0.9524
661,MobileNet,0.9403,0.97,0.913,0.875,0.9767
662,MobileNet,0.8806,0.9101,0.8095,0.7727,0.9333
663,MobileNet,0.8507,0.9032,0.75,0.6522,0.9545
664,MobileNet,0.8657,0.9046,0.7429,0.6842,0.9375
665,MobileNet,0.8806,0.9283,0.8182,0.75,0.9535
666,MobileNet,0.8358,0.8737,0.6667,0.5238,0.9783
667,MobileNet,0.806,0.8799,0.6286,0.5238,0.9348
668,MobileNet,0.8507,0.8731,0.7619,0.6667,0.9535
669,MobileNet,0.7761,0.7899,0.5714,0.4545,0.9333
670,MobileNet,0.8657,0.9605,0.7429,0.6842,0.9375
671,MobileNet,0.7612,0.8443,0.6522,0.5769,0.878
672,MobileNet,0.806,0.8424,0.6977,0.6818,0.8667
673,MobileNet,0.8507,0.9,0.7619,0.7273,0.9111
674,MobileNet,0.806,0.9245,0.5806,0.45,0.9574
675,MobileNet,0.8209,0.8257,0.625,0.5263,0.9375
676,MobileNet,0.806,0.7578,0.6667,0.5417,0.9535
677,MobileNet,0.7612,0.7636,0.6,0.5,0.907
678,MobileNet,0.9104,0.9476,0.8571,0.7826,0.9773
679,MobileNet,0.8507,0.9616,0.7368,0.6364,0.9556
680,MobileNet,0.7761,0.8213,0.6512,0.5185,0.95
681,MobileNet,0.9403,0.9737,0.9167,0.8462,1.0
682,MobileNet,0.8955,0.9068,0.7879,0.6842,0.9792
683,MobileNet,0.9403,0.9162,0.9,0.8182,1.0
684,MobileNet,0.8358,0.9404,0.6667,0.55,0.9574
685,MobileNet,0.806,0.8755,0.6486,0.5217,0.9545
686,MobileNet,0.8657,0.8499,0.7429,0.619,0.9783
687,MobileNet,0.9254,0.9886,0.878,0.8571,0.9565
688,MobileNet,0.8657,0.8364,0.7568,0.6667,0.9565
689,MobileNet,0.9254,0.9597,0.902,0.8214,1.0
690,MobileNet,0.8507,0.912,0.8148,0.7586,0.9211
691,MobileNet,0.9403,0.9876,0.9,0.8571,0.9783
692,MobileNet,0.9104,0.9838,0.8421,0.7273,1.0
693,MobileNet,0.7761,0.8547,0.6154,0.5,0.9302
694,MobileNet,0.8657,0.9111,0.7907,0.7391,0.9318
695,MobileNet,0.7164,0.7781,0.5581,0.48,0.8571
696,MobileNet,0.8955,0.92,0.8444,0.76,0.9762
697,MobileNet,0.8507,0.88,0.7826,0.72,0.9286
698,MobileNet,0.8507,0.854,0.75,0.7143,0.913
699,MobileNet,0.8358,0.9019,0.766,0.6667,0.95
700,MobileNet,0.8806,0.875,0.8095,0.7083,0.9767
701,MobileNet,0.8657,0.8929,0.7805,0.7273,0.9333
702,MobileNet,0.8955,0.9176,0.8372,0.75,0.9767
703,MobileNet,0.8657,0.94,0.7097,0.6471,0.94
704,MobileNet,0.8806,0.9397,0.8,0.6957,0.9773
705,MobileNet,0.8955,0.9306,0.8108,0.7143,0.9783
706,MobileNet,0.8955,0.9353,0.8627,0.8462,0.9268
707,MobileNet,0.8507,0.8126,0.7059,0.5714,0.9783
708,MobileNet,0.8806,0.8841,0.7647,0.619,1.0
709,MobileNet,0.8358,0.958,0.8,0.6875,0.9714
710,MobileNet,0.8358,0.8343,0.7317,0.6,0.9762
711,MobileNet,0.9104,0.9568,0.8696,0.7692,1.0
712,MobileNet,0.7463,0.7964,0.5854,0.4615,0.9268
713,MobileNet,0.806,0.9387,0.7347,0.6,0.973
714,MobileNet,0.8657,0.9644,0.7805,0.6957,0.9545
715,MobileNet,0.7761,0.8565,0.6154,0.4615,0.9756
716,MobileNet,0.9254,0.9513,0.878,0.8571,0.9565
717,MobileNet,0.791,0.8705,0.6818,0.5769,0.9268
718,MobileNet,0.8657,0.8553,0.7429,0.65,0.9574
719,MobileNet,0.8358,0.9242,0.7317,0.6818,0.9111
720,MobileNet,0.8806,0.9101,0.75,0.6316,0.9792
721,MobileNet,0.8507,0.8949,0.7619,0.7273,0.9111
722,MobileNet,0.8806,0.9397,0.8,0.6957,0.9773
723,MobileNet,0.791,0.8058,0.6957,0.6154,0.9024
724,MobileNet,0.8806,0.8526,0.7143,0.6667,0.9423
725,MobileNet,0.9104,0.9795,0.7692,0.6667,0.9808
726,MobileNet,0.8657,0.9447,0.6087,0.5,0.9623
727,MobileNet,0.8806,0.9552,0.8261,0.76,0.9524
728,MobileNet,0.9104,0.973,0.8,0.75,0.9608
729,MobileNet,0.8806,0.9224,0.7143,0.5882,0.98
730,MobileNet,0.7761,0.8827,0.6512,0.5385,0.9268
731,MobileNet,0.9254,0.9723,0.8889,0.8696,0.9545
732,MobileNet,0.8507,0.921,0.7727,0.68,0.9524
733,MobileNet,0.7612,0.8214,0.6522,0.5357,0.9231
734,MobileNet,0.8806,0.9418,0.8261,0.7308,0.9756
735,MobileNet,0.806,0.8782,0.7111,0.5714,0.9744
736,MobileNet,0.806,0.8039,0.6829,0.5385,0.9756
737,MobileNet,0.8806,0.8844,0.7333,0.6111,0.9796
738,MobileNet,0.8507,0.9766,0.7059,0.6,0.9574
739,MobileNet,0.8507,0.9141,0.7368,0.6364,0.9556
740,MobileNet,0.8955,0.9255,0.8108,0.75,0.9574
741,MobileNet,0.791,0.8495,0.5882,0.4545,0.9556
742,MobileNet,0.8806,0.9333,0.7778,0.6364,1.0
743,MobileNet,0.8507,0.7556,0.7222,0.5909,0.9778
744,MobileNet,0.8806,0.9167,0.7333,0.6875,0.9412
745,MobileNet,0.791,0.8602,0.65,0.4815,1.0
746,MobileNet,0.806,0.8469,0.6286,0.4583,1.0
747,MobileNet,0.8209,0.8843,0.7273,0.5926,0.975
748,MobileNet,0.8806,0.8571,0.75,0.6667,0.9592
749,MobileNet,0.8806,0.9243,0.7778,0.7368,0.9375
750,MobileNet,0.8358,0.9303,0.7317,0.6818,0.9111
751,MobileNet,0.8358,0.9074,0.7843,0.7407,0.9
752,MobileNet,0.8507,0.8947,0.6875,0.5789,0.9583
753,MobileNet,0.7612,0.8686,0.6,0.5217,0.8864
754,MobileNet,0.806,0.9273,0.6829,0.6364,0.8889
755,MobileNet,0.806,0.8824,0.6667,0.5652,0.9318
756,MobileNet,0.8955,0.9467,0.8372,0.75,0.9767
757,MobileNet,0.8358,0.9812,0.7317,0.5769,1.0
758,MobileNet,0.806,0.8485,0.6486,0.5455,0.9333
759,MobileNet,0.8209,0.9409,0.7,0.5833,0.9535
760,MobileNet,0.8657,0.9352,0.7907,0.68,0.9762
761,MobileNet,0.806,0.8048,0.6667,0.52,0.9762
762,MobileNet,0.8358,0.9109,0.7027,0.5417,1.0
763,MobileNet,0.8657,0.9452,0.7273,0.6316,0.9583
764,MobileNet,0.8507,0.9704,0.7619,0.6957,0.9318
765,MobileNet,0.8507,0.8944,0.7059,0.5714,0.9783
766,MobileNet,0.8358,0.9229,0.7317,0.6522,0.9318
767,MobileNet,0.8507,0.9908,0.7826,0.6429,1.0
768,MobileNet,0.8209,0.8929,0.6667,0.5455,0.9556
769,MobileNet,0.8358,0.8787,0.6452,0.5,0.9787
770,MobileNet,0.7761,0.8713,0.5714,0.5,0.8936
771,MobileNet,0.8955,0.9025,0.7879,0.7222,0.9592
772,MobileNet,0.806,0.788,0.5185,0.3889,0.9592
773,MobileNet,0.8507,0.8529,0.6875,0.6471,0.92
774,MobileNet,0.7761,0.7974,0.6341,0.5,0.9512
775,MobileNet,0.8657,0.8261,0.7568,0.6667,0.9565
776,MobileNet,0.9104,0.9449,0.8,0.8,0.9423
777,MobileNet,0.8209,0.8992,0.7,0.6087,0.9318
778,MobileNet,0.8358,0.9535,0.7179,0.6364,0.9333
779,MobileNet,0.9104,0.937,0.88,0.8148,0.975
780,MobileNet,0.7463,0.8117,0.6222,0.4667,0.973
781,MobileNet,0.9254,0.9503,0.8718,0.8095,0.9783
782,MobileNet,0.8806,0.8438,0.8095,0.68,1.0
783,MobileNet,0.8657,0.8975,0.7568,0.6667,0.9565
784,MobileNet,0.8955,0.8468,0.8205,0.7619,0.9565
785,MobileNet,0.9104,0.9394,0.8421,0.8,0.9574
786,MobileNet,0.8209,0.9273,0.7,0.6364,0.9111
787,MobileNet,0.8507,0.8924,0.7727,0.68,0.9524
788,MobileNet,0.806,0.8401,0.6667,0.5417,0.9535
789,MobileNet,0.8507,0.9348,0.7619,0.7619,0.8913
790,MobileNet,0.791,0.8208,0.6957,0.6154,0.9024
791,MobileNet,0.8806,0.8282,0.8,0.7619,0.9348
792,MobileNet,0.8507,0.981,0.7727,0.68,0.9524
793,MobileNet,0.8507,0.9317,0.7368,0.6667,0.9348
794,MobileNet,0.806,0.8747,0.5517,0.381,1.0
795,MobileNet,0.8955,0.9921,0.8205,0.6957,1.0
796,MobileNet,0.7612,0.8557,0.6667,0.5161,0.9722
797,MobileNet,0.806,0.8768,0.5806,0.4286,0.9783
798,MobileNet,0.8209,0.8194,0.7273,0.5926,0.975
799,MobileNet,0.8507,0.9193,0.7826,0.6923,0.9512
800,MobileNet,0.8358,0.8965,0.7925,0.75,0.8974
801,MobileNet,0.8507,0.8972,0.7368,0.6087,0.9773
802,MobileNet,0.8507,0.9219,0.75,0.6,1.0
803,MobileNet,0.8657,0.9042,0.7907,0.7391,0.9318
804,MobileNet,0.8955,0.9388,0.7742,0.7059,0.96
805,MobileNet,0.8657,0.8455,0.7692,0.6818,0.9556
806,MobileNet,0.7164,0.7393,0.4865,0.375,0.907
807,MobileNet,0.791,0.8889,0.7083,0.5484,1.0
808,MobileNet,0.8806,0.9067,0.8095,0.68,1.0
809,MobileNet,0.791,0.7994,0.5625,0.3913,1.0
810,MobileNet,0.791,0.7943,0.6667,0.56,0.9286
811,MobileNet,0.8358,0.9109,0.7442,0.6154,0.9756
812,MobileNet,0.8657,0.937,0.8,0.6667,1.0
813,MobileNet,0.8507,0.9111,0.75,0.6522,0.9545
814,MobileNet,0.8806,0.9463,0.84,0.7778,0.95
815,MobileNet,0.8507,0.9065,0.8077,0.7241,0.9474
816,MobileNet,0.806,0.845,0.6977,0.625,0.907
817,MobileNet,0.8507,0.9308,0.75,0.6522,0.9545
818,MobileNet,0.8507,0.8884,0.7826,0.6923,0.9512
819,MobileNet,0.8657,0.9743,0.8,0.72,0.9524
820,MobileNet,0.8955,0.9455,0.8205,0.7273,0.9778
821,MobileNet,0.7761,0.8369,0.6939,0.5667,0.9459
822,MobileNet,0.8507,0.8789,0.7059,0.5714,0.9783
823,MobileNet,0.8507,0.9188,0.6154,0.4706,0.98
824,MobileNet,0.8955,0.9394,0.8108,0.75,0.9574
825,MobileNet,0.7761,0.8602,0.6341,0.5,0.9512
826,MobileNet,0.8806,0.8944,0.8095,0.7083,0.9767
827,MobileNet,0.9254,0.9376,0.8485,0.8235,0.96
828,MobileNet,0.8657,0.8908,0.64,0.5714,0.9434
829,MobileNet,0.9403,0.9743,0.8667,0.8125,0.9804
830,MobileNet,0.8657,0.9118,0.7429,0.7647,0.9
831,MobileNet,0.791,0.8488,0.6111,0.4783,0.9545
832,MobileNet,0.8358,0.9838,0.7843,0.6667,0.973
833,MobileNet,0.806,0.9447,0.6667,0.5,1.0
834,MobileNet,0.9254,0.9907,0.898,0.8148,1.0
835,MobileNet,0.9104,0.911,0.8421,0.7619,0.9783
836,MobileNet,0.8657,0.9579,0.8302,0.7857,0.9231
837,MobileNet,0.8955,0.8745,0.8372,0.7826,0.9545
838,MobileNet,0.9254,0.9298,0.8889,0.8696,0.9545
839,MobileNet,0.8657,0.9325,0.8,0.6923,0.9756
840,MobileNet,0.8358,0.8271,0.6452,0.5882,0.92
841,MobileNet,0.8358,0.9348,0.7556,0.7391,0.8864
842,MobileNet,0.8955,0.9792,0.8,0.7368,0.9583
843,MobileNet,0.8657,0.8976,0.7097,0.6471,0.94
844,MobileNet,0.8358,0.75,0.7179,0.6087,0.9545
845,MobileNet,0.9104,0.9729,0.8125,0.7647,0.96
846,MobileNet,0.8955,0.9792,0.7742,0.75,0.9412
847,MobileNet,0.9104,0.9876,0.8696,0.8,0.9762
848,MobileNet,0.8806,0.9776,0.75,0.7059,0.94
849,MobileNet,0.8358,0.8954,0.7556,0.6296,0.975
850,MobileNet,0.8507,0.8958,0.6667,0.625,0.9216
851,MobileNet,0.8806,0.8037,0.7647,0.6842,0.9583
852,MobileNet,0.9701,0.9522,0.9375,0.9375,0.9804
853,MobileNet,0.8507,0.925,0.7727,0.6296,1.0
854,MobileNet,0.8507,0.8489,0.7826,0.6429,1.0
855,MobileNet,0.7612,0.7975,0.6522,0.625,0.8372
856,MobileNet,0.8955,0.8923,0.8205,0.6957,1.0
857,MobileNet,0.8806,0.9274,0.75,0.6667,0.9592
858,MobileNet,0.806,0.7778,0.5806,0.5,0.9184
859,MobileNet,0.9254,0.9872,0.8718,0.85,0.9574
860,MobileNet,0.8806,0.9495,0.7895,0.6818,0.9778
861,MobileNet,0.8358,0.8965,0.7179,0.6667,0.913
862,MobileNet,0.8209,0.9084,0.7391,0.6071,0.9744
863,MobileNet,0.8358,0.8872,0.6667,0.55,0.9574
864,MobileNet,0.8358,0.833,0.7317,0.6522,0.9318
865,MobileNet,0.9552,0.9921,0.9189,0.9444,0.9592
866,MobileNet,0.8358,0.782,0.7027,0.5417,1.0
867,MobileNet,0.9104,0.9552,0.88,0.88,0.9286
868,MobileNet,0.8358,0.8894,0.6667,0.55,0.9574
869,MobileNet,0.8358,0.9112,0.7925,0.75,0.8974
870,MobileNet,0.9254,0.8805,0.8485,0.7368,1.0
871,MobileNet,0.8507,0.8909,0.75,0.6818,0.9333
872,MobileNet,0.8358,0.8462,0.7317,0.5769,1.0
873,MobileNet,0.8209,0.8565,0.7273,0.6154,0.9512
874,MobileNet,0.9254,0.9145,0.8649,0.8421,0.9583
875,MobileNet,0.8209,0.9362,0.75,0.6923,0.9024
876,MobileNet,0.8209,0.8429,0.6667,0.5217,0.9773
877,MobileNet,0.8507,0.9812,0.7826,0.6923,0.9512
878,MobileNet,0.8209,0.8004,0.7,0.5833,0.9535
879,MobileNet,0.791,0.8498,0.5882,0.5263,0.8958
880,MobileNet,0.8955,0.9057,0.7879,0.6842,0.9792
881,MobileNet,0.7612,0.7743,0.6,0.48,0.9286
882,MobileNet,0.8507,0.8764,0.7059,0.6667,0.9184
883,MobileNet,0.8358,0.854,0.6857,0.5714,0.9565
884,MobileNet,0.8358,0.899,0.7556,0.68,0.9286
885,MobileNet,0.9254,0.9825,0.8571,0.7895,0.9792
886,MobileNet,0.8806,0.8343,0.7778,0.6364,1.0
887,MobileNet,0.8955,0.9006,0.8108,0.7143,0.9783
888,MobileNet,0.806,0.8516,0.7234,0.6071,0.9487
889,MobileNet,0.8657,0.9689,0.8163,0.7143,0.9744
890,MobileNet,0.791,0.8035,0.4615,0.3529,0.94
891,MobileNet,0.9104,0.9798,0.8333,0.75,0.9787
892,MobileNet,0.8507,0.9312,0.7727,0.7083,0.9302
893,MobileNet,0.8507,0.9259,0.7222,0.5652,1.0
894,MobileNet,0.7463,0.8312,0.6909,0.5938,0.8857
895,MobileNet,0.9104,0.9068,0.8235,0.7368,0.9792
896,MobileNet,0.8507,0.8663,0.7727,0.7083,0.9302
897,MobileNet,0.8358,0.9275,0.7027,0.619,0.9348
898,MobileNet,0.8657,0.8131,0.7568,0.6364,0.9778
899,MobileNet,0.8806,0.9586,0.7778,0.6364,1.0
900,MobileNet,0.8209,0.8593,0.7692,0.6452,0.9722
901,MobileNet,0.8955,0.918,0.8205,0.6957,1.0
902,MobileNet,0.8209,0.8181,0.6471,0.55,0.9362
903,MobileNet,0.791,0.8287,0.6316,0.6,0.8723
904,MobileNet,0.8507,0.936,0.7826,0.75,0.907
905,MobileNet,0.8209,0.9161,0.6,0.5,0.9388
906,MobileNet,0.806,0.9512,0.5517,0.4444,0.9388
907,MobileNet,0.8507,0.8965,0.7368,0.6667,0.9348
908,MobileNet,0.8806,0.9467,0.8261,0.7917,0.9302
909,MobileNet,0.8657,0.8968,0.7273,0.6,0.9787
910,MobileNet,0.806,0.9265,0.7234,0.5862,0.9737
911,MobileNet,0.8806,0.8313,0.7895,0.6818,0.9778
912,MobileNet,0.8507,0.9265,0.7222,0.619,0.9565
913,MobileNet,0.8806,0.9015,0.8261,0.7308,0.9756
914,MobileNet,0.8358,0.9323,0.6857,0.5455,0.9778
915,MobileNet,0.9104,0.9452,0.8235,0.7368,0.9792
916,MobileNet,0.9104,0.9433,0.8235,0.7778,0.9592
917,MobileNet,0.7612,0.8452,0.6923,0.6429,0.8462
918,MobileNet,0.8955,0.9462,0.8108,0.7143,0.9783
919,MobileNet,0.806,0.8931,0.6977,0.5769,0.9512
920,MobileNet,0.8209,0.9238,0.76,0.6552,0.9474
921,MobileNet,0.8657,0.9384,0.7568,0.6364,0.9778
922,MobileNet,0.7164,0.8504,0.5957,0.4516,0.9444
923,MobileNet,0.8507,0.7939,0.7368,0.6364,0.9556
924,MobileNet,0.8507,0.8944,0.7222,0.619,0.9565
925,MobileNet,0.8955,0.962,0.7586,0.6875,0.9608
926,MobileNet,0.8209,0.8954,0.7273,0.5926,0.975
927,MobileNet,0.8358,0.886,0.6207,0.4737,0.9792
928,MobileNet,0.8806,0.9669,0.75,0.75,0.9216
929,MobileNet,0.8358,0.8302,0.6857,0.5714,0.9565
930,MobileNet,0.8806,0.8505,0.7895,0.6818,0.9778
931,MobileNet,0.9104,0.9459,0.8,0.7059,0.98
932,MobileNet,0.8806,0.8582,0.8,0.7619,0.9348
933,MobileNet,0.8657,0.9717,0.7273,0.6667,0.9388
934,MobileNet,0.8209,0.8855,0.7391,0.6071,0.9744
935,MobileNet,0.8358,0.905,0.7556,0.7083,0.907
936,MobileNet,0.8358,0.9519,0.7755,0.7037,0.925
937,MobileNet,0.8806,0.9263,0.75,0.6667,0.9592
938,MobileNet,0.8806,0.9091,0.8,0.6957,0.9773
939,MobileNet,0.8507,0.9343,0.7826,0.72,0.9286
940,MobileNet,0.9254,0.9922,0.898,0.9167,0.9302
941,MobileNet,0.8806,0.9,0.75,0.7059,0.94
942,MobileNet,0.8209,0.8903,0.6842,0.5652,0.9545
943,MobileNet,0.8806,0.9131,0.7895,0.6818,0.9778
944,MobileNet,0.791,0.8103,0.5882,0.4348,0.9773
945,MobileNet,0.806,0.916,0.6286,0.55,0.9149
946,MobileNet,0.8358,0.8727,0.6857,0.5455,0.9778
947,MobileNet,0.8806,0.9114,0.8182,0.72,0.9762
948,MobileNet,0.9104,0.9586,0.85,0.7727,0.9778
949,MobileNet,0.8507,0.9035,0.6667,0.5263,0.9792
950,MobileNet,0.9403,0.9865,0.9091,0.9524,0.9348
951,MobileNet,0.8955,0.9669,0.7742,0.75,0.9412
952,MobileNet,0.8955,0.941,0.8,0.7778,0.9388
953,MobileNet,0.8358,0.8946,0.6207,0.5,0.9592
954,MobileNet,0.7761,0.7962,0.6154,0.48,0.9524
955,MobileNet,0.8507,0.9071,0.7059,0.7059,0.9
956,MobileNet,0.8806,0.9081,0.8,0.6957,0.9773
957,MobileNet,0.9403,0.9632,0.9091,0.8333,1.0
958,MobileNet,0.8358,0.7798,0.7027,0.5909,0.9556
959,MobileNet,0.7761,0.8556,0.5946,0.4583,0.9535
960,MobileNet,0.8806,0.904,0.7895,0.6818,0.9778
961,MobileNet,0.8358,0.9,0.7442,0.64,0.9524
962,MobileNet,0.8657,0.8953,0.6897,0.5882,0.96
963,MobileNet,0.8806,0.8691,0.7778,0.7,0.9574
964,MobileNet,0.791,0.8144,0.72,0.6,0.9459
965,MobileNet,0.8657,0.9362,0.8163,0.7692,0.9268
966,MobileNet,0.9104,0.9576,0.85,0.7727,0.9778
967,MobileNet,0.8507,0.9089,0.7222,0.619,0.9565
968,MobileNet,0.8955,0.9653,0.8511,0.7692,0.9756
969,MobileNet,0.7761,0.7619,0.6154,0.5217,0.9091
970,MobileNet,0.8806,0.9472,0.8182,0.8571,0.8913
971,MobileNet,0.8806,0.9137,0.6923,0.6429,0.9434
972,MobileNet,0.9254,0.848,0.8148,0.6875,1.0
973,MobileNet,0.8358,0.8921,0.766,0.6923,0.9268
974,MobileNet,0.8806,0.9752,0.8095,0.8095,0.913
975,MobileNet,0.8806,0.9231,0.84,0.7778,0.95
976,MobileNet,0.9104,0.9496,0.8421,0.8421,0.9375
977,MobileNet,0.806,0.8983,0.7111,0.6667,0.8837
978,MobileNet,0.8358,0.9332,0.7755,0.6786,0.9487
979,MobileNet,0.7761,0.8709,0.6939,0.6071,0.8974
980,MobileNet,0.7463,0.7261,0.5405,0.3846,0.9756
981,MobileNet,0.8209,0.8701,0.8,0.7742,0.8611
982,MobileNet,0.8358,0.8762,0.7442,0.6154,0.9756
983,MobileNet,0.8955,0.9174,0.7407,0.7692,0.9259
984,MobileNet,0.8209,0.8663,0.7273,0.6667,0.907
985,MobileNet,0.8657,0.9505,0.7429,0.5909,1.0
986,MobileNet,0.8806,0.9248,0.8095,0.68,1.0
987,MobileNet,0.8806,0.9035,0.75,0.6316,0.9792
988,MobileNet,0.8507,0.8728,0.7222,0.6842,0.9167
989,MobileNet,0.8358,0.8719,0.8,0.7097,0.9444
990,MobileNet,0.8507,0.9176,0.6875,0.6471,0.92
991,MobileNet,0.8806,0.9306,0.7333,0.6471,0.96
992,MobileNet,0.7761,0.9031,0.6667,0.625,0.8605
993,MobileNet,0.806,0.7401,0.5806,0.4737,0.9375
994,MobileNet,0.8209,0.9124,0.7143,0.6,0.9524
995,MobileNet,0.8657,0.9681,0.8085,0.7308,0.9512
996,MobileNet,0.8806,0.8447,0.75,0.6667,0.9592
997,MobileNet,0.7612,0.8568,0.6667,0.5333,0.9459
998,MobileNet,0.9254,0.989,0.8571,0.7895,0.9792
999,MobileNet,0.806,0.8362,0.6977,0.6,0.9286
1000,MobileNet,0.8955,0.8721,0.8679,0.7931,0.9737
1,PointNet,0.8209,0.8448,0.7857,0.7586,0.8684
2,PointNet,0.9403,0.9419,0.8947,0.8947,0.9583
3,PointNet,0.8507,0.8799,0.7727,0.8095,0.8696
4,PointNet,0.8358,0.8072,0.7179,0.5833,0.9767
5,PointNet,0.8209,0.8865,0.7857,0.7333,0.8919
6,PointNet,0.8806,0.8354,0.8095,0.8095,0.913
7,PointNet,0.8358,0.8011,0.7027,0.65,0.9149
8,PointNet,0.8657,0.8391,0.7907,0.7083,0.9535
9,PointNet,0.8657,0.8593,0.8163,0.6897,1.0
10,PointNet,0.8657,0.7952,0.8,0.72,0.9524
11,PointNet,0.8955,0.8665,0.8108,0.7143,0.9783
12,PointNet,0.9104,0.9266,0.8571,0.9,0.9149
13,PointNet,0.8209,0.7936,0.6471,0.55,0.9362
14,PointNet,0.8657,0.8799,0.8163,0.7692,0.9268
15,PointNet,0.806,0.7883,0.6486,0.6,0.8936
16,PointNet,0.806,0.741,0.6667,0.52,0.9762
17,PointNet,0.8507,0.8224,0.7059,0.7059,0.9
18,PointNet,0.8806,0.8443,0.84,0.75,0.9744
19,PointNet,0.8806,0.8971,0.84,0.84,0.9048
20,PointNet,0.8507,0.7849,0.7727,0.7083,0.9302
21,PointNet,0.8657,0.7713,0.7568,0.7,0.9362
22,PointNet,0.8507,0.8071,0.75,0.6818,0.9333
23,PointNet,0.8955,0.8242,0.8293,0.7727,0.9556
24,PointNet,0.8358,0.7777,0.7179,0.6087,0.9545
25,PointNet,0.8657,0.9035,0.7568,0.8235,0.88
26,PointNet,0.8507,0.8259,0.7222,0.7647,0.88
27,PointNet,0.8657,0.8934,0.7273,0.6667,0.9388
28,PointNet,0.8507,0.8989,0.7826,0.9,0.8298
29,PointNet,0.9403,0.9717,0.913,0.9545,0.9333
30,PointNet,0.8209,0.7435,0.6471,0.6471,0.88
31,PointNet,0.8657,0.8333,0.7429,0.619,0.9783
32,PointNet,0.8209,0.7985,0.7391,0.6071,0.9744
33,PointNet,0.8507,0.7665,0.7727,0.7083,0.9302
34,PointNet,0.8955,0.8073,0.7407,0.7143,0.9434
35,PointNet,0.8955,0.8198,0.8293,0.7083,1.0
36,PointNet,0.8806,0.8213,0.8333,0.7407,0.975
37,PointNet,0.806,0.7527,0.7234,0.6071,0.9487
38,PointNet,0.8507,0.832,0.7619,0.6957,0.9318
39,PointNet,0.9254,0.9184,0.902,0.8846,0.9512
40,PointNet,0.8806,0.8968,0.84,0.8077,0.9268
41,PointNet,0.806,0.7579,0.6667,0.5652,0.9318
42,PointNet,0.8358,0.8043,0.7179,0.6087,0.9545
43,PointNet,0.7612,0.8023,0.6,0.5714,0.8478
44,PointNet,0.8507,0.8582,0.75,0.7143,0.913
45,PointNet,0.8358,0.8022,0.7755,0.6786,0.9487
46,PointNet,0.9104,0.886,0.8235,0.7368,0.9792
47,PointNet,0.806,0.818,0.7451,0.6333,0.9459
48,PointNet,0.8507,0.8505,0.7917,0.76,0.9048
49,PointNet,0.791,0.8276,0.6818,0.6,0.9048
50,PointNet,0.9254,0.8804,0.8837,0.8261,0.9773
51,PointNet,0.806,0.7233,0.6977,0.5769,0.9512
52,PointNet,0.8657,0.8508,0.8085,0.7917,0.907
53,PointNet,0.806,0.8571,0.7797,0.6571,0.9688
54,PointNet,0.8358,0.7939,0.7442,0.7273,0.8889
55,PointNet,0.8209,0.7144,0.6842,0.5652,0.9545
56,PointNet,0.791,0.7802,0.6957,0.5714,0.9487
57,PointNet,0.8955,0.8755,0.8444,0.8261,0.9318
58,PointNet,0.8657,0.8876,0.8085,0.76,0.9286
59,PointNet,0.806,0.8178,0.6977,0.625,0.907
60,PointNet,0.9254,0.9081,0.898,0.8462,0.9756
61,PointNet,0.8209,0.8402,0.7931,0.7188,0.9143
62,PointNet,0.8955,0.8728,0.8108,0.7895,0.9375
63,PointNet,0.8955,0.9384,0.8444,0.8636,0.9111
64,PointNet,0.8806,0.89,0.7778,0.7778,0.9184
65,PointNet,0.7761,0.7762,0.6154,0.5,0.9302
66,PointNet,0.8507,0.7851,0.6875,0.5789,0.9583
67,PointNet,0.8209,0.7717,0.6667,0.5455,0.9556
68,PointNet,0.7463,0.7641,0.6667,0.5862,0.8684
69,PointNet,0.8955,0.8628,0.7407,0.6667,0.9615
70,PointNet,0.9403,0.932,0.8889,0.8421,0.9792
71,PointNet,0.8507,0.8455,0.8214,0.7188,0.9714
72,PointNet,0.8955,0.9151,0.8108,0.7143,0.9783
73,PointNet,0.8209,0.8606,0.75,0.8182,0.8222
74,PointNet,0.8955,0.861,0.8511,0.8,0.9524
75,PointNet,0.8507,0.8142,0.7619,0.6957,0.9318
76,PointNet,0.8657,0.9207,0.8364,0.7667,0.9459
77,PointNet,0.7612,0.6718,0.5556,0.4762,0.8913
78,PointNet,0.9104,0.9196,0.875,0.875,0.9302
79,PointNet,0.7761,0.7343,0.6809,0.5926,0.9
80,PointNet,0.8806,0.8615,0.7333,0.7333,0.9231
81,PointNet,0.8657,0.8211,0.7805,0.6957,0.9545
82,PointNet,0.7463,0.7118,0.4516,0.4118,0.86
83,PointNet,0.8806,0.8457,0.8182,0.72,0.9762
84,PointNet,0.8657,0.837,0.8163,0.7407,0.95
85,PointNet,0.8806,0.8925,0.7647,0.6842,0.9583
86,PointNet,0.8955,0.8968,0.8511,0.7692,0.9756
87,PointNet,0.7612,0.7771,0.6364,0.5833,0.8605
88,PointNet,0.8209,0.8229,0.7391,0.68,0.9048
89,PointNet,0.8507,0.7816,0.7619,0.6957,0.9318
90,PointNet,0.8209,0.8471,0.75,0.6923,0.9024
91,PointNet,0.8358,0.879,0.766,0.72,0.9048
92,PointNet,0.806,0.7306,0.7111,0.6667,0.8837
93,PointNet,0.8657,0.7937,0.7273,0.6667,0.9388
94,PointNet,0.8806,0.9109,0.84,0.875,0.8837
95,PointNet,0.806,0.7381,0.6829,0.6087,0.9091
96,PointNet,0.8507,0.7596,0.7059,0.6,0.9574
97,PointNet,0.8358,0.7818,0.6857,0.5455,0.9778
98,PointNet,0.8955,0.8462,0.7586,0.7333,0.9423
99,PointNet,0.791,0.784,0.6316,0.6,0.8723
100,PointNet,0.8507,0.8049,0.8,0.7143,0.9487
101,PointNet,0.8657,0.8769,0.6897,0.6667,0.9231
102,PointNet,0.8806,0.8811,0.8519,0.7667,0.973
103,PointNet,0.7761,0.7,0.5455,0.45,0.9149
104,PointNet,0.8507,0.7945,0.75,0.6522,0.9545
105,PointNet,0.8507,0.8191,0.7222,0.6842,0.9167
106,PointNet,0.8955,0.8575,0.8,0.7368,0.9583
107,PointNet,0.9104,0.8458,0.8571,0.7826,0.9773
108,PointNet,0.8209,0.7245,0.625,0.5556,0.9184
109,PointNet,0.8806,0.8933,0.7895,0.6522,1.0
110,PointNet,0.8209,0.82,0.7857,0.6667,0.9706
111,PointNet,0.8806,0.8654,0.8,0.7619,0.9348
112,PointNet,0.8806,0.9061,0.8182,0.8182,0.9111
113,PointNet,0.8657,0.835,0.7907,0.7391,0.9318
114,PointNet,0.8955,0.854,0.8293,0.8095,0.9348
115,PointNet,0.9104,0.8991,0.8966,0.8667,0.9459
116,PointNet,0.7463,0.6008,0.5405,0.4348,0.9091
117,PointNet,0.8209,0.8036,0.7692,0.6667,0.9459
118,PointNet,0.8358,0.7381,0.7442,0.64,0.9524
119,PointNet,0.9254,0.9298,0.8718,0.8947,0.9375
120,PointNet,0.8507,0.8014,0.7619,0.6667,0.9535
121,PointNet,0.8507,0.8255,0.7059,0.6,0.9574
122,PointNet,0.7313,0.7267,0.64,0.5161,0.9167
123,PointNet,0.806,0.7391,0.6829,0.6087,0.9091
124,PointNet,0.8209,0.8489,0.7,0.7,0.8723
125,PointNet,0.8507,0.8147,0.7059,0.6316,0.9375
126,PointNet,0.791,0.7565,0.5882,0.5882,0.86
127,PointNet,0.8955,0.9036,0.8727,0.8,0.973
128,PointNet,0.8657,0.8943,0.8364,0.7419,0.9722
129,PointNet,0.8507,0.8142,0.7619,0.6957,0.9318
130,PointNet,0.8358,0.8874,0.7556,0.7391,0.8864
131,PointNet,0.8955,0.8508,0.8372,0.75,0.9767
132,PointNet,0.8806,0.899,0.8,0.7273,0.9556
133,PointNet,0.8209,0.7924,0.7391,0.68,0.9048
134,PointNet,0.8806,0.8222,0.7895,0.6818,0.9778
135,PointNet,0.8507,0.7974,0.7619,0.6957,0.9318
136,PointNet,0.8507,0.7836,0.7222,0.619,0.9565
137,PointNet,0.8209,0.8344,0.7143,0.7895,0.8333
138,PointNet,0.8806,0.8362,0.8,0.6667,1.0
139,PointNet,0.806,0.7292,0.6829,0.6087,0.9091
140,PointNet,0.8209,0.7747,0.7273,0.6957,0.8864
141,PointNet,0.8358,0.8263,0.7442,0.7273,0.8889
142,PointNet,0.8209,0.8152,0.7391,0.6538,0.9268
143,PointNet,0.8657,0.8782,0.8302,0.7857,0.9231
144,PointNet,0.8955,0.912,0.8372,0.8571,0.913
145,PointNet,0.9104,0.9501,0.8235,0.7778,0.9592
146,PointNet,0.8806,0.8735,0.8182,0.7826,0.9318
147,PointNet,0.8507,0.8236,0.7826,0.6923,0.9512
148,PointNet,0.7612,0.8267,0.7037,0.6552,0.8421
149,PointNet,0.8955,0.9289,0.8444,0.8261,0.9318
150,PointNet,0.8657,0.8457,0.8364,0.7931,0.9211
151,PointNet,0.9104,0.9147,0.8696,0.8333,0.9535
152,PointNet,0.8507,0.8299,0.7222,0.7222,0.898
153,PointNet,0.8657,0.8333,0.7692,0.7143,0.9348
154,PointNet,0.8806,0.8515,0.7647,0.7222,0.9388
155,PointNet,0.8209,0.8076,0.7778,0.7241,0.8947
156,PointNet,0.8358,0.848,0.7556,0.6538,0.9512
157,PointNet,0.8209,0.6468,0.625,0.5,0.9574
158,PointNet,0.7612,0.7514,0.6364,0.56,0.881
159,PointNet,0.791,0.8489,0.7308,0.6786,0.8718
160,PointNet,0.8507,0.902,0.8077,0.75,0.9231
161,PointNet,0.8955,0.9419,0.8293,0.8947,0.8958
162,PointNet,0.791,0.8256,0.6667,0.5833,0.907
163,PointNet,0.9104,0.8106,0.7273,0.6667,0.9636
164,PointNet,0.8507,0.7734,0.6875,0.55,0.9787
165,PointNet,0.9104,0.9476,0.875,0.84,0.9524
166,PointNet,0.8507,0.7787,0.7619,0.6957,0.9318
167,PointNet,0.8507,0.8949,0.8,0.7692,0.9024
168,PointNet,0.8507,0.8362,0.8,0.8,0.881
169,PointNet,0.8358,0.7593,0.766,0.6667,0.95
170,PointNet,0.8507,0.6949,0.6667,0.625,0.9216
171,PointNet,0.8657,0.8395,0.7805,0.7619,0.913
172,PointNet,0.8507,0.7984,0.7727,0.7083,0.9302
173,PointNet,0.8806,0.8457,0.8,0.8,0.9149
174,PointNet,0.8358,0.7302,0.6452,0.5556,0.9388
175,PointNet,0.9254,0.92,0.8889,0.8696,0.9545
176,PointNet,0.8955,0.8748,0.8627,0.7586,1.0
177,PointNet,0.791,0.7424,0.65,0.5909,0.8889
178,PointNet,0.8507,0.7778,0.7727,0.6296,1.0
179,PointNet,0.8657,0.7574,0.6897,0.625,0.9412
180,PointNet,0.9254,0.8837,0.8936,0.875,0.9535
181,PointNet,0.8657,0.8585,0.7805,0.6667,0.9767
182,PointNet,0.8507,0.7646,0.7222,0.5909,0.9778
183,PointNet,0.9254,0.899,0.8837,0.8636,0.9556
184,PointNet,0.8358,0.6557,0.6207,0.4737,0.9792
185,PointNet,0.9403,0.9664,0.9091,0.8696,0.9773
186,PointNet,0.8209,0.7806,0.7273,0.6957,0.8864
187,PointNet,0.8507,0.8302,0.7619,0.7619,0.8913
188,PointNet,0.8358,0.8038,0.7556,0.68,0.9286
189,PointNet,0.8806,0.8821,0.7895,0.8333,0.898
190,PointNet,0.8209,0.7424,0.6842,0.5909,0.9333
191,PointNet,0.8358,0.8396,0.7755,0.7308,0.9024
192,PointNet,0.8358,0.7759,0.7755,0.7037,0.925
193,PointNet,0.8507,0.8784,0.8077,0.7241,0.9474
194,PointNet,0.8507,0.8404,0.7222,0.65,0.9362
195,PointNet,0.8955,0.8255,0.8511,0.7692,0.9756
196,PointNet,0.8955,0.8617,0.8108,0.75,0.9574
197,PointNet,0.7313,0.7317,0.6667,0.5455,0.9118
198,PointNet,0.791,0.7543,0.6111,0.55,0.8936
199,PointNet,0.9254,0.8764,0.8571,0.8333,0.9592
200,PointNet,0.8657,0.7213,0.7429,0.65,0.9574
201,PointNet,0.8657,0.8697,0.7692,0.6818,0.9556
202,PointNet,0.8806,0.9165,0.8571,0.8276,0.9211
203,PointNet,0.8806,0.7506,0.75,0.6667,0.9592
204,PointNet,0.8209,0.7901,0.7692,0.6667,0.9459
205,PointNet,0.8955,0.8924,0.8372,0.75,0.9767
206,PointNet,0.8657,0.8467,0.8085,0.76,0.9286
207,PointNet,0.8209,0.8784,0.7778,0.7241,0.8947
208,PointNet,0.8358,0.8299,0.6667,0.6111,0.9184
209,PointNet,0.806,0.7433,0.6286,0.5238,0.9348
210,PointNet,0.8209,0.8378,0.7778,0.7,0.9189
211,PointNet,0.8955,0.9428,0.8571,0.875,0.907
212,PointNet,0.8657,0.805,0.7273,0.6667,0.9388
213,PointNet,0.8806,0.9071,0.8333,0.7692,0.9512
214,PointNet,0.8955,0.9101,0.8444,0.8636,0.9111
215,PointNet,0.8657,0.9543,0.8525,0.8387,0.8889
216,PointNet,0.8358,0.7875,0.7843,0.7143,0.9231
217,PointNet,0.8358,0.8178,0.7317,0.7143,0.8913
218,PointNet,0.8209,0.8101,0.7,0.5833,0.9535
219,PointNet,0.8806,0.8992,0.8261,0.7917,0.9302
220,PointNet,0.8657,0.7966,0.7097,0.6875,0.9216
221,PointNet,0.8955,0.7737,0.8108,0.6818,1.0
222,PointNet,0.8209,0.8515,0.75,0.8182,0.8222
223,PointNet,0.8657,0.7974,0.7568,0.6087,1.0
224,PointNet,0.791,0.7222,0.6111,0.5,0.9333
225,PointNet,0.8507,0.916,0.7826,0.7826,0.8864
226,PointNet,0.8209,0.8414,0.7692,0.6667,0.9459
227,PointNet,0.806,0.7943,0.7234,0.68,0.881
228,PointNet,0.8955,0.8779,0.8444,0.7917,0.9535
229,PointNet,0.8806,0.8733,0.84,0.84,0.9048
230,PointNet,0.8209,0.8535,0.7273,0.7273,0.8667
231,PointNet,0.8657,0.8543,0.8163,0.8,0.9048
232,PointNet,0.8358,0.7983,0.7556,0.6538,0.9512
233,PointNet,0.8507,0.8758,0.7826,0.8182,0.8667
234,PointNet,0.8507,0.8556,0.75,0.6818,0.9333
235,PointNet,0.806,0.7886,0.6829,0.56,0.9524
236,PointNet,0.8806,0.9127,0.7778,0.7778,0.9184
237,PointNet,0.806,0.6743,0.6061,0.5263,0.9167
238,PointNet,0.8209,0.7453,0.6471,0.5238,0.9565
239,PointNet,0.9104,0.9259,0.8636,0.8261,0.9545
240,PointNet,0.8657,0.7562,0.7805,0.64,1.0
241,PointNet,0.8657,0.8953,0.8,0.75,0.9302
242,PointNet,0.8358,0.7871,0.6667,0.6471,0.9
243,PointNet,0.8806,0.8809,0.8261,0.7308,0.9756
244,PointNet,0.791,0.8414,0.7667,0.6765,0.9091
245,PointNet,0.7313,0.6149,0.5,0.4286,0.8696
246,PointNet,0.8209,0.848,0.7778,0.75,0.8718
247,PointNet,0.8955,0.9543,0.8444,0.76,0.9762
248,PointNet,0.8358,0.7833,0.7556,0.6538,0.9512
249,PointNet,0.8806,0.9466,0.8095,0.7391,0.9545
250,PointNet,0.8955,0.9011,0.8205,0.8,0.9362
251,PointNet,0.8209,0.8452,0.7391,0.6538,0.9268
252,PointNet,0.8209,0.6932,0.7143,0.5769,0.9756
253,PointNet,0.8806,0.8713,0.7895,0.75,0.9362
254,PointNet,0.8955,0.8809,0.8511,0.7692,0.9756
255,PointNet,0.8806,0.8871,0.7778,0.7368,0.9375
256,PointNet,0.8806,0.9048,0.7895,0.8333,0.898
257,PointNet,0.9104,0.8929,0.8846,0.8214,0.9744
258,PointNet,0.8209,0.7852,0.7273,0.6154,0.9512
259,PointNet,0.8657,0.817,0.7692,0.75,0.9149
260,PointNet,0.9104,0.8953,0.8636,0.7917,0.9767
261,PointNet,0.791,0.6263,0.5625,0.4286,0.9565
262,PointNet,0.7612,0.7757,0.6364,0.4667,1.0
263,PointNet,0.8657,0.8404,0.7429,0.65,0.9574
264,PointNet,0.9104,0.9293,0.88,0.9167,0.907
265,PointNet,0.8507,0.8294,0.8077,0.7241,0.9474
266,PointNet,0.8806,0.8426,0.8333,0.7407,0.975
267,PointNet,0.8507,0.7708,0.7222,0.6842,0.9167
268,PointNet,0.7761,0.7568,0.6154,0.5,0.9302
269,PointNet,0.8209,0.75,0.7692,0.6452,0.9722
270,PointNet,0.8358,0.7953,0.6207,0.5625,0.9216
271,PointNet,0.8209,0.8106,0.7143,0.7143,0.8696
272,PointNet,0.791,0.7848,0.6667,0.6364,0.8667
273,PointNet,0.8507,0.8712,0.8214,0.7667,0.9189
274,PointNet,0.7612,0.6222,0.5556,0.4762,0.8913
275,PointNet,0.7463,0.7087,0.6222,0.4828,0.9474
276,PointNet,0.8657,0.8353,0.8,0.75,0.9302
277,PointNet,0.8806,0.8787,0.8,0.8,0.9149
278,PointNet,0.8657,0.8202,0.7568,0.7368,0.9167
279,PointNet,0.8358,0.8639,0.7843,0.6897,0.9474
280,PointNet,0.7761,0.7694,0.6512,0.5833,0.8837
281,PointNet,0.8358,0.8551,0.7442,0.7619,0.8696
282,PointNet,0.9254,0.9408,0.8718,0.8947,0.9375
283,PointNet,0.806,0.7777,0.6286,0.55,0.9149
284,PointNet,0.9104,0.9083,0.8846,0.8519,0.95
285,PointNet,0.8806,0.9022,0.8182,0.7826,0.9318
286,PointNet,0.8657,0.8869,0.7805,0.7273,0.9333
287,PointNet,0.8209,0.7968,0.6842,0.65,0.8936
288,PointNet,0.8358,0.7949,0.7027,0.5909,0.9556
289,PointNet,0.8657,0.8968,0.7692,0.75,0.9149
290,PointNet,0.8806,0.8419,0.75,0.75,0.9216
291,PointNet,0.8209,0.8068,0.76,0.7308,0.878
292,PointNet,0.7761,0.7865,0.7059,0.6,0.9189
293,PointNet,0.791,0.7306,0.6957,0.5926,0.925
294,PointNet,0.8358,0.8459,0.8136,0.8,0.8649
295,PointNet,0.8806,0.9158,0.84,0.75,0.9744
296,PointNet,0.8657,0.8432,0.7568,0.7368,0.9167
297,PointNet,0.8209,0.7613,0.76,0.6552,0.9474
298,PointNet,0.8657,0.9082,0.7692,0.8333,0.8776
299,PointNet,0.9403,0.9068,0.8889,0.8421,0.9792
300,PointNet,0.791,0.7292,0.65,0.5652,0.9091
301,PointNet,0.8955,0.86,0.8511,0.8,0.9524
302,PointNet,0.8955,0.8019,0.72,0.6429,0.9623
303,PointNet,0.806,0.8395,0.6977,0.7143,0.8478
304,PointNet,0.8358,0.8101,0.7442,0.7273,0.8889
305,PointNet,0.7612,0.7418,0.6667,0.5714,0.8974
306,PointNet,0.8806,0.836,0.8095,0.7391,0.9545
307,PointNet,0.8358,0.7219,0.7317,0.625,0.9535
308,PointNet,0.8657,0.8242,0.7692,0.6818,0.9556
309,PointNet,0.8657,0.9167,0.7273,0.75,0.902
310,PointNet,0.8358,0.7472,0.6207,0.5,0.9592
311,PointNet,0.791,0.7638,0.6316,0.5217,0.9318
312,PointNet,0.8507,0.8528,0.7727,0.7391,0.9091
313,PointNet,0.8358,0.7702,0.6857,0.6,0.9362
314,PointNet,0.8507,0.7588,0.75,0.7143,0.913
315,PointNet,0.806,0.8073,0.6977,0.6522,0.8864
316,PointNet,0.8806,0.88,0.8261,0.76,0.9524
317,PointNet,0.8358,0.7798,0.7027,0.5909,0.9556
318,PointNet,0.8507,0.9247,0.7368,0.8235,0.86
319,PointNet,0.8657,0.8394,0.7568,0.7,0.9362
320,PointNet,0.8507,0.8034,0.7619,0.6957,0.9318
321,PointNet,0.9254,0.8235,0.8,0.7143,0.9811
322,PointNet,0.8507,0.8682,0.7619,0.6667,0.9535
323,PointNet,0.8358,0.8592,0.7442,0.7619,0.8696
324,PointNet,0.8358,0.8106,0.7317,0.7143,0.8913
325,PointNet,0.8657,0.7888,0.7907,0.7083,0.9535
326,PointNet,0.8507,0.9062,0.7917,0.7308,0.9268
327,PointNet,0.8209,0.8238,0.7273,0.64,0.9286
328,PointNet,0.8955,0.8864,0.8627,0.7857,0.9744
329,PointNet,0.8358,0.7847,0.7027,0.619,0.9348
330,PointNet,0.8657,0.8459,0.7273,0.7059,0.92
331,PointNet,0.8657,0.8424,0.7805,0.7273,0.9333
332,PointNet,0.791,0.8553,0.6957,0.5714,0.9487
333,PointNet,0.9104,0.9002,0.8421,0.8421,0.9375
334,PointNet,0.806,0.7117,0.6286,0.55,0.9149
335,PointNet,0.8209,0.5196,0.5,0.375,0.9608
336,PointNet,0.8657,0.7697,0.7273,0.6316,0.9583
337,PointNet,0.8657,0.8171,0.8,0.72,0.9524
338,PointNet,0.8657,0.8755,0.7907,0.7391,0.9318
339,PointNet,0.8806,0.8291,0.8095,0.7391,0.9545
340,PointNet,0.8657,0.8553,0.7692,0.75,0.9149
341,PointNet,0.8955,0.9017,0.7407,0.7692,0.9259
342,PointNet,0.8507,0.8158,0.7059,0.6316,0.9375
343,PointNet,0.8657,0.8293,0.7692,0.6818,0.9556
344,PointNet,0.9701,0.9069,0.9333,0.875,1.0
345,PointNet,0.8806,0.8537,0.8182,0.75,0.9535
346,PointNet,0.8507,0.8246,0.7727,0.7083,0.9302
347,PointNet,0.791,0.781,0.7083,0.68,0.8571
348,PointNet,0.791,0.6325,0.4167,0.3846,0.8889
349,PointNet,0.8358,0.7343,0.766,0.6667,0.95
350,PointNet,0.8507,0.8054,0.8148,0.7333,0.9459
351,PointNet,0.8657,0.8611,0.8163,0.7407,0.95
352,PointNet,0.8507,0.8538,0.7826,0.7826,0.8864
353,PointNet,0.8507,0.7692,0.7727,0.6538,0.9756
354,PointNet,0.8657,0.784,0.7429,0.6842,0.9375
355,PointNet,0.8657,0.903,0.8085,0.8636,0.8667
356,PointNet,0.8657,0.9038,0.8235,0.75,0.9487
357,PointNet,0.9104,0.9068,0.85,0.8095,0.9565
358,PointNet,0.8806,0.8278,0.8333,0.7407,0.975
359,PointNet,0.791,0.7566,0.6316,0.5455,0.9111
360,PointNet,0.8209,0.7081,0.6471,0.5238,0.9565
361,PointNet,0.7612,0.7667,0.6522,0.6,0.8571
362,PointNet,0.8507,0.9079,0.7619,0.7619,0.8913
363,PointNet,0.791,0.7514,0.6818,0.5769,0.9268
364,PointNet,0.7761,0.7509,0.6667,0.5556,0.925
365,PointNet,0.9254,0.8414,0.8718,0.7727,1.0
366,PointNet,0.9104,0.917,0.8421,0.8,0.9574
367,PointNet,0.8209,0.7213,0.6471,0.55,0.9362
368,PointNet,0.8955,0.8943,0.8511,0.8696,0.9091
369,PointNet,0.8806,0.8595,0.8182,0.75,0.9535
370,PointNet,0.8358,0.8599,0.766,0.6429,0.9744
371,PointNet,0.791,0.6735,0.5882,0.5556,0.8776
372,PointNet,0.8209,0.7555,0.76,0.6786,0.9231
373,PointNet,0.7612,0.717,0.6923,0.6429,0.8462
374,PointNet,0.9403,0.8979,0.8947,0.85,0.9787
375,PointNet,0.8209,0.8099,0.7778,0.7,0.9189
376,PointNet,0.806,0.8621,0.7636,0.7241,0.8684
377,PointNet,0.9104,0.8319,0.75,0.6923,0.963
378,PointNet,0.9104,0.9565,0.8889,0.8889,0.925
379,PointNet,0.8806,0.8553,0.8333,0.7143,1.0
380,PointNet,0.9254,0.9181,0.898,0.88,0.9524
381,PointNet,0.9254,0.8971,0.8387,0.8125,0.9608
382,PointNet,0.8209,0.7273,0.6842,0.5909,0.9333
383,PointNet,0.8806,0.8141,0.75,0.7059,0.94
384,PointNet,0.8209,0.7868,0.7143,0.625,0.9302
385,PointNet,0.9254,0.9397,0.8485,0.9333,0.9231
386,PointNet,0.8955,0.8313,0.8205,0.7619,0.9565
387,PointNet,0.8657,0.8261,0.7568,0.6667,0.9565
388,PointNet,0.8806,0.8556,0.8182,0.75,0.9535
389,PointNet,0.9104,0.9387,0.8235,0.875,0.9216
390,PointNet,0.9104,0.9013,0.8125,0.6842,1.0
391,PointNet,0.8507,0.7608,0.7059,0.6667,0.9184
392,PointNet,0.806,0.8095,0.7347,0.72,0.8571
393,PointNet,0.8507,0.8377,0.7826,0.6923,0.9512
394,PointNet,0.9104,0.9048,0.8421,0.7619,0.9783
395,PointNet,0.7761,0.7489,0.6154,0.6316,0.8333
396,PointNet,0.9104,0.9074,0.8929,0.8621,0.9474
397,PointNet,0.8806,0.8571,0.8,0.7619,0.9348
398,PointNet,0.8358,0.7635,0.6452,0.625,0.902
399,PointNet,0.8806,0.8963,0.8261,0.7917,0.9302
400,PointNet,0.791,0.7167,0.7083,0.6296,0.9
401,PointNet,0.791,0.6491,0.5882,0.5263,0.8958
402,PointNet,0.8507,0.7937,0.8077,0.7,0.973
403,PointNet,0.8209,0.8043,0.6842,0.5417,0.9767
404,PointNet,0.806,0.6962,0.6829,0.56,0.9524
405,PointNet,0.8209,0.7836,0.7,0.6087,0.9318
406,PointNet,0.8507,0.9465,0.8077,0.8077,0.878
407,PointNet,0.8955,0.8541,0.7879,0.7647,0.94
408,PointNet,0.8955,0.831,0.8372,0.7826,0.9545
409,PointNet,0.8209,0.7329,0.6842,0.619,0.913
410,PointNet,0.8358,0.8058,0.7755,0.7308,0.9024
411,PointNet,0.8358,0.7426,0.7027,0.65,0.9149
412,PointNet,0.9254,0.9486,0.902,0.92,0.9286
413,PointNet,0.8358,0.7626,0.7179,0.6364,0.9333
414,PointNet,0.806,0.7839,0.7451,0.6786,0.8974
415,PointNet,0.8507,0.8293,0.75,0.6818,0.9333
416,PointNet,0.9104,0.909,0.7857,0.7333,0.9615
417,PointNet,0.8358,0.8167,0.6452,0.6667,0.8846
418,PointNet,0.806,0.6406,0.5806,0.5,0.9184
419,PointNet,0.8806,0.8802,0.8462,0.7586,0.9737
420,PointNet,0.8507,0.8667,0.6667,0.6667,0.9038
421,PointNet,0.8358,0.8593,0.7843,0.6897,0.9474
422,PointNet,0.8358,0.8468,0.7027,0.5652,0.9773
423,PointNet,0.8358,0.7749,0.7556,0.6538,0.9512
424,PointNet,0.806,0.7134,0.6667,0.5652,0.9318
425,PointNet,0.806,0.7046,0.7111,0.5926,0.95
426,PointNet,0.8209,0.7795,0.7,0.6667,0.8913
427,PointNet,0.8209,0.8202,0.7273,0.6957,0.8864
428,PointNet,0.8955,0.8231,0.8205,0.6957,1.0
429,PointNet,0.9104,0.8851,0.8421,0.7619,0.9783
430,PointNet,0.8209,0.7586,0.6667,0.5455,0.9556
431,PointNet,0.8657,0.8313,0.7805,0.7619,0.913
432,PointNet,1.0,1.0,1.0,1.0,1.0
433,PointNet,0.8657,0.8232,0.7692,0.6818,0.9556
434,PointNet,0.8209,0.7814,0.7391,0.6538,0.9268
435,PointNet,0.7761,0.6409,0.4,0.3125,0.9216
436,PointNet,0.7612,0.6928,0.619,0.5417,0.8837
437,PointNet,0.8209,0.796,0.6667,0.5455,0.9556
438,PointNet,0.8507,0.7381,0.7368,0.6667,0.9348
439,PointNet,0.806,0.7111,0.7347,0.6667,0.9
440,PointNet,0.8806,0.8543,0.8261,0.76,0.9524
441,PointNet,0.8507,0.7971,0.75,0.7143,0.913
442,PointNet,0.8955,0.8789,0.8372,0.75,0.9767
443,PointNet,0.8209,0.7293,0.7,0.6364,0.9111
444,PointNet,0.8507,0.8071,0.7222,0.5909,0.9778
445,PointNet,0.8358,0.8342,0.8,0.7857,0.8718
446,PointNet,0.8955,0.8874,0.8372,0.7826,0.9545
447,PointNet,0.791,0.8172,0.7308,0.6129,0.9444
448,PointNet,0.8358,0.8297,0.807,0.7419,0.9167
449,PointNet,0.791,0.7843,0.7083,0.6296,0.9
450,PointNet,0.8209,0.748,0.6842,0.5652,0.9545
451,PointNet,0.8209,0.7674,0.75,0.6923,0.9024
452,PointNet,0.806,0.782,0.7451,0.6333,0.9459
453,PointNet,0.8358,0.8771,0.766,0.6923,0.9268
454,PointNet,0.8657,0.8771,0.8085,0.76,0.9286
455,PointNet,0.8507,0.7271,0.6154,0.4706,0.98
456,PointNet,0.8507,0.8667,0.75,0.6818,0.9333
457,PointNet,0.806,0.6474,0.6286,0.6111,0.8776
458,PointNet,0.8507,0.8619,0.7619,0.64,0.9762
459,PointNet,0.8209,0.7705,0.7273,0.64,0.9286
460,PointNet,0.8657,0.8222,0.7568,0.6364,0.9778
461,PointNet,0.8806,0.9269,0.84,0.7778,0.95
462,PointNet,0.8358,0.86,0.7843,0.8,0.8571
463,PointNet,0.8507,0.8645,0.8077,0.75,0.9231
464,PointNet,0.806,0.7712,0.6486,0.5714,0.913
465,PointNet,0.8806,0.8696,0.8261,0.7308,0.9756
466,PointNet,0.7612,0.6679,0.619,0.5,0.9268
467,PointNet,0.8657,0.8081,0.7568,0.6364,0.9778
468,PointNet,0.9104,0.8487,0.8333,0.7895,0.9583
469,PointNet,0.8806,0.8478,0.8095,0.7391,0.9545
470,PointNet,0.8358,0.8809,0.766,0.6923,0.9268
471,PointNet,0.8209,0.8274,0.7273,0.6154,0.9512
472,PointNet,0.8507,0.908,0.8438,0.8438,0.8571
473,PointNet,0.9254,0.8685,0.8485,0.7778,0.9796
474,PointNet,0.806,0.7606,0.6486,0.6,0.8936
475,PointNet,0.8806,0.9279,0.8571,0.8,0.9459
476,PointNet,0.8657,0.8618,0.7692,0.7895,0.8958
477,PointNet,0.9104,0.925,0.875,0.8077,0.9756
478,PointNet,0.8358,0.8631,0.8,0.7333,0.9189
479,PointNet,0.8806,0.9167,0.7895,0.7895,0.9167
480,PointNet,0.8955,0.9156,0.8571,0.8077,0.9512
481,PointNet,0.8209,0.7598,0.6842,0.619,0.913
482,PointNet,0.8806,0.8864,0.8095,0.7391,0.9545
483,PointNet,0.806,0.8385,0.6667,0.619,0.8913
484,PointNet,0.8358,0.8508,0.7317,0.625,0.9535
485,PointNet,0.8657,0.7719,0.7273,0.6316,0.9583
486,PointNet,0.9254,0.7808,0.8,0.6667,1.0
487,PointNet,0.8806,0.8566,0.75,0.75,0.9216
488,PointNet,0.806,0.8302,0.7234,0.6538,0.9024
489,PointNet,0.8507,0.8297,0.8214,0.7419,0.9444
490,PointNet,0.7612,0.745,0.6667,0.5517,0.9211
491,PointNet,0.791,0.7849,0.72,0.5806,0.9722
492,PointNet,0.806,0.7811,0.7547,0.7143,0.8718
493,PointNet,0.9403,0.9048,0.9,0.8571,0.9783
494,PointNet,0.806,0.7413,0.7111,0.6667,0.8837
495,PointNet,0.8507,0.8114,0.7059,0.6316,0.9375
496,PointNet,0.8507,0.8333,0.7619,0.7273,0.9111
497,PointNet,0.9254,0.881,0.8485,0.7778,0.9796
498,PointNet,0.7612,0.7277,0.5789,0.55,0.8511
499,PointNet,0.8657,0.8343,0.8235,0.7778,0.925
500,PointNet,0.8507,0.8021,0.7368,0.7,0.9149
501,PointNet,0.8657,0.8911,0.8525,0.8125,0.9143
502,PointNet,0.9403,0.9101,0.9048,0.8636,0.9778
503,PointNet,0.8657,0.8404,0.7692,0.75,0.9149
504,PointNet,0.9104,0.9006,0.88,0.8462,0.9512
505,PointNet,0.8358,0.7655,0.7317,0.625,0.9535
506,PointNet,0.9254,0.9661,0.8936,0.875,0.9535
507,PointNet,0.8358,0.875,0.7843,0.7407,0.9
508,PointNet,0.8358,0.7277,0.7179,0.6667,0.913
509,PointNet,0.8657,0.8778,0.7805,0.7619,0.913
510,PointNet,0.8507,0.8118,0.7222,0.7222,0.898
511,PointNet,0.8507,0.8667,0.8,0.7407,0.925
512,PointNet,0.8507,0.8147,0.7727,0.8095,0.8696
513,PointNet,0.8209,0.7676,0.7391,0.6296,0.95
514,PointNet,0.8955,0.8975,0.8293,0.8095,0.9348
515,PointNet,0.8806,0.8566,0.8182,0.8182,0.9111
516,PointNet,0.8955,0.9128,0.8372,0.75,0.9767
517,PointNet,0.8657,0.8673,0.7568,0.7368,0.9167
518,PointNet,0.6716,0.6025,0.5217,0.4138,0.8684
519,PointNet,0.9104,0.9032,0.8696,0.8696,0.9318
520,PointNet,0.9403,0.9283,0.9048,0.8636,0.9778
521,PointNet,0.9254,0.924,0.8485,0.875,0.9412
522,PointNet,0.8507,0.8287,0.7917,0.7037,0.95
523,PointNet,0.8806,0.8758,0.7895,0.6818,0.9778
524,PointNet,0.8507,0.7789,0.7222,0.7222,0.898
525,PointNet,0.791,0.801,0.6818,0.6,0.9048
526,PointNet,0.806,0.6753,0.5806,0.5294,0.9
527,PointNet,0.9104,0.8333,0.8333,0.7895,0.9583
528,PointNet,0.8358,0.7248,0.7317,0.625,0.9535
529,PointNet,0.8209,0.8111,0.7,0.6364,0.9111
530,PointNet,0.8657,0.8622,0.8364,0.7667,0.9459
531,PointNet,0.9254,0.921,0.8936,0.84,0.9762
532,PointNet,0.8955,0.8602,0.8293,0.8095,0.9348
533,PointNet,0.8209,0.7665,0.7143,0.625,0.9302
534,PointNet,0.8507,0.8566,0.7727,0.7727,0.8889
535,PointNet,0.8657,0.8315,0.8085,0.6786,1.0
536,PointNet,0.8507,0.8362,0.75,0.75,0.8936
537,PointNet,0.791,0.6822,0.5882,0.4762,0.9348
538,PointNet,0.8507,0.807,0.7368,0.7368,0.8958
539,PointNet,0.8657,0.8669,0.64,0.7273,0.8929
540,PointNet,0.8507,0.8214,0.8077,0.75,0.9231
541,PointNet,0.8806,0.7577,0.7143,0.6667,0.9423
542,PointNet,0.8358,0.8672,0.7843,0.7143,0.9231
543,PointNet,0.8657,0.8629,0.7692,0.7895,0.8958
544,PointNet,0.8507,0.8571,0.7727,0.68,0.9524
545,PointNet,0.8806,0.8546,0.84,0.7778,0.95
546,PointNet,0.8507,0.8448,0.8,0.8,0.881
547,PointNet,0.9254,0.9176,0.8387,0.7647,0.98
548,PointNet,0.8657,0.9143,0.8085,0.76,0.9286
549,PointNet,0.8358,0.7872,0.7027,0.65,0.9149
550,PointNet,0.8507,0.833,0.7619,0.6957,0.9318
551,PointNet,0.8806,0.8696,0.84,0.8077,0.9268
552,PointNet,0.8209,0.8188,0.7857,0.6875,0.9429
553,PointNet,0.8806,0.8546,0.8261,0.7308,0.9756
554,PointNet,0.8507,0.8162,0.6429,0.6923,0.8889
555,PointNet,0.8507,0.7964,0.7727,0.7391,0.9091
556,PointNet,0.8209,0.84,0.75,0.72,0.881
557,PointNet,0.8657,0.8815,0.8235,0.7778,0.925
558,PointNet,0.8358,0.7928,0.6857,0.6316,0.9167
559,PointNet,0.8657,0.8182,0.7907,0.7391,0.9318
560,PointNet,0.9254,0.853,0.8649,0.7619,1.0
561,PointNet,0.9254,0.8663,0.902,0.8214,1.0
562,PointNet,0.8507,0.8444,0.7619,0.7273,0.9111
563,PointNet,0.9701,0.9718,0.9412,0.9412,0.98
564,PointNet,0.8657,0.83,0.7273,0.6316,0.9583
565,PointNet,0.806,0.7762,0.6977,0.6,0.9286
566,PointNet,0.791,0.8384,0.6667,0.6364,0.8667
567,PointNet,0.9104,0.8827,0.88,0.8462,0.9512
568,PointNet,0.9104,0.8636,0.8571,0.8182,0.9556
569,PointNet,0.8955,0.9234,0.8205,0.8,0.9362
570,PointNet,0.8209,0.7729,0.76,0.6786,0.9231
571,PointNet,0.791,0.707,0.6316,0.5714,0.8913
572,PointNet,0.9254,0.919,0.8936,0.84,0.9762
573,PointNet,0.7761,0.8253,0.7541,0.6765,0.8788
574,PointNet,0.8507,0.7975,0.7619,0.6667,0.9535
575,PointNet,0.8657,0.9096,0.7692,0.75,0.9149
576,PointNet,0.8806,0.8846,0.8333,0.7692,0.9512
577,PointNet,0.8806,0.8864,0.8182,0.7826,0.9318
578,PointNet,0.7761,0.7457,0.6154,0.48,0.9524
579,PointNet,0.8806,0.8993,0.8571,0.8571,0.8974
580,PointNet,0.8657,0.7777,0.7273,0.6,0.9787
581,PointNet,0.8358,0.7253,0.6667,0.5,1.0
582,PointNet,0.806,0.7164,0.6286,0.5238,0.9348
583,PointNet,0.8657,0.7588,0.7273,0.6316,0.9583
584,PointNet,0.8209,0.8602,0.7391,0.6538,0.9268
585,PointNet,0.8806,0.8766,0.7778,0.7,0.9574
586,PointNet,0.806,0.8267,0.7451,0.76,0.8333
587,PointNet,0.791,0.7465,0.6818,0.6818,0.8444
588,PointNet,0.8806,0.9071,0.8261,0.8261,0.9091
589,PointNet,0.9552,0.9636,0.9333,0.9545,0.9556
590,PointNet,0.8358,0.7372,0.6857,0.6,0.9362
591,PointNet,0.8209,0.699,0.6842,0.5909,0.9333
592,PointNet,0.8806,0.8423,0.7143,0.7143,0.9245
593,PointNet,0.8209,0.8848,0.7778,0.7241,0.8947
594,PointNet,0.8358,0.83,0.7556,0.7391,0.8864
595,PointNet,0.806,0.8197,0.6486,0.6667,0.8571
596,PointNet,0.791,0.736,0.6111,0.5238,0.913
597,PointNet,0.8806,0.8798,0.75,0.6667,0.9592
598,PointNet,0.8806,0.9071,0.8333,0.7692,0.9512
599,PointNet,0.791,0.7219,0.65,0.52,0.9524
600,PointNet,0.8806,0.8374,0.8095,0.7727,0.9333
601,PointNet,0.8806,0.834,0.7778,0.7,0.9574
602,PointNet,0.806,0.7223,0.6061,0.5,0.9362
603,PointNet,0.8358,0.8015,0.6667,0.6875,0.8824
604,PointNet,0.8507,0.8298,0.7059,0.6,0.9574
605,PointNet,0.8806,0.8895,0.8182,0.75,0.9535
606,PointNet,0.806,0.8379,0.7111,0.6957,0.8636
607,PointNet,0.8209,0.7833,0.75,0.6667,0.925
608,PointNet,0.8507,0.7717,0.7222,0.5652,1.0
609,PointNet,0.8209,0.7657,0.7391,0.68,0.9048
610,PointNet,0.9254,0.8798,0.8718,0.85,0.9574
611,PointNet,0.8358,0.661,0.6207,0.5,0.9592
612,PointNet,0.9254,0.9596,0.8718,0.85,0.9574
613,PointNet,0.8358,0.7734,0.7179,0.7,0.8936
614,PointNet,0.8806,0.7915,0.8095,0.7391,0.9545
615,PointNet,0.7463,0.7867,0.6383,0.7143,0.7609
616,PointNet,0.8507,0.8238,0.7917,0.76,0.9048
617,PointNet,0.8657,0.9128,0.8163,0.7692,0.9268
618,PointNet,0.8507,0.8401,0.7368,0.5833,1.0
619,PointNet,0.9104,0.8824,0.8,0.75,0.9608
620,PointNet,0.8507,0.8415,0.7727,0.6538,0.9756
621,PointNet,0.8209,0.7248,0.7143,0.625,0.9302
622,PointNet,0.8955,0.8844,0.8444,0.8261,0.9318
623,PointNet,0.8806,0.9034,0.84,0.8077,0.9268
624,PointNet,0.806,0.8629,0.7451,0.6129,0.9722
625,PointNet,0.8657,0.8236,0.7805,0.6667,0.9767
626,PointNet,0.8358,0.8582,0.7317,0.7143,0.8913
627,PointNet,0.9104,0.9648,0.8636,0.9048,0.913
628,PointNet,0.8955,0.8489,0.8293,0.8095,0.9348
629,PointNet,0.8209,0.7708,0.7,0.6087,0.9318
630,PointNet,0.8209,0.7422,0.6667,0.5714,0.9348
631,PointNet,0.8657,0.8546,0.8085,0.7037,0.975
632,PointNet,0.8209,0.7852,0.75,0.6667,0.925
633,PointNet,0.8806,0.8755,0.7895,0.75,0.9362
634,PointNet,0.8507,0.8258,0.8,0.6897,0.9737
635,PointNet,0.791,0.7607,0.65,0.5417,0.9302
636,PointNet,0.8806,0.8297,0.7333,0.6875,0.9412
637,PointNet,0.8806,0.86,0.7647,0.7647,0.92
638,PointNet,0.8209,0.8533,0.7391,0.68,0.9048
639,PointNet,0.806,0.763,0.7234,0.6296,0.925
640,PointNet,0.8806,0.9141,0.8,0.7273,0.9556
641,PointNet,0.8358,0.7958,0.7843,0.6897,0.9474
642,PointNet,0.8657,0.9002,0.8163,0.8333,0.8837
643,PointNet,0.8209,0.7475,0.6842,0.5909,0.9333
644,PointNet,0.8657,0.8656,0.7907,0.7391,0.9318
645,PointNet,0.8806,0.8574,0.8261,0.7308,0.9756
646,PointNet,0.806,0.7039,0.6286,0.5238,0.9348
647,PointNet,0.7612,0.7992,0.68,0.6538,0.8293
648,PointNet,0.791,0.8021,0.7742,0.7273,0.8529
649,PointNet,0.8507,0.834,0.75,0.75,0.8936
650,PointNet,0.8507,0.8293,0.7727,0.6538,0.9756
651,PointNet,0.7164,0.7645,0.6122,0.5769,0.8049
652,PointNet,0.806,0.8011,0.7347,0.6923,0.878
653,PointNet,0.8209,0.78,0.7,0.56,0.9762
654,PointNet,0.8955,0.8809,0.8293,0.85,0.9149
655,PointNet,0.8657,0.7621,0.7429,0.6842,0.9375
656,PointNet,0.8657,0.9025,0.7692,0.8333,0.8776
657,PointNet,0.8358,0.8975,0.8,0.7586,0.8947
658,PointNet,0.8657,0.8197,0.7273,0.6667,0.9388
659,PointNet,0.8657,0.8527,0.8163,0.7692,0.9268
660,PointNet,0.8657,0.8362,0.8085,0.76,0.9286
661,PointNet,0.9403,0.9632,0.913,0.875,0.9767
662,PointNet,0.8955,0.8909,0.8372,0.8182,0.9333
663,PointNet,0.8507,0.831,0.7727,0.7391,0.9091
664,PointNet,0.8358,0.8158,0.7179,0.7368,0.875
665,PointNet,0.8209,0.8711,0.75,0.75,0.8605
666,PointNet,0.7761,0.6449,0.6154,0.5714,0.8696
667,PointNet,0.8657,0.7484,0.7273,0.5714,1.0
668,PointNet,0.8358,0.8149,0.7442,0.6667,0.9302
669,PointNet,0.806,0.6727,0.6286,0.5,0.9556
670,PointNet,0.8358,0.841,0.7027,0.6842,0.8958
671,PointNet,0.8209,0.7598,0.7273,0.6154,0.9512
672,PointNet,0.8806,0.8242,0.8095,0.7727,0.9333
673,PointNet,0.8358,0.8434,0.7556,0.7727,0.8667
674,PointNet,0.806,0.7628,0.6286,0.55,0.9149
675,PointNet,0.8209,0.7116,0.625,0.5263,0.9375
676,PointNet,0.791,0.6802,0.65,0.5417,0.9302
677,PointNet,0.7612,0.6696,0.619,0.5417,0.8837
678,PointNet,0.8657,0.8765,0.8,0.7826,0.9091
679,PointNet,0.8657,0.8354,0.7568,0.6364,0.9778
680,PointNet,0.791,0.7287,0.6818,0.5556,0.95
681,PointNet,0.8806,0.8677,0.8462,0.8462,0.9024
682,PointNet,0.8358,0.8783,0.7179,0.7368,0.875
683,PointNet,0.8955,0.8778,0.8372,0.8182,0.9333
684,PointNet,0.8507,0.834,0.7222,0.65,0.9362
685,PointNet,0.8209,0.8221,0.7,0.6087,0.9318
686,PointNet,0.8507,0.8188,0.7368,0.6667,0.9348
687,PointNet,0.9104,0.942,0.8636,0.9048,0.913
688,PointNet,0.8657,0.8085,0.7805,0.7619,0.913
689,PointNet,0.8955,0.9029,0.8679,0.8214,0.9487
690,PointNet,0.8657,0.8367,0.8302,0.7586,0.9474
691,PointNet,0.9403,0.9286,0.9048,0.9048,0.9565
692,PointNet,0.8507,0.8434,0.7619,0.7273,0.9111
693,PointNet,0.8358,0.688,0.7179,0.5833,0.9767
694,PointNet,0.8358,0.8547,0.7556,0.7391,0.8864
695,PointNet,0.7612,0.6876,0.619,0.52,0.9048
696,PointNet,0.8955,0.8371,0.8444,0.76,0.9762
697,PointNet,0.8806,0.8124,0.8261,0.76,0.9524
698,PointNet,0.8806,0.7588,0.7895,0.7143,0.9565
699,PointNet,0.8955,0.8889,0.8511,0.7407,1.0
700,PointNet,0.8358,0.8236,0.766,0.75,0.8837
701,PointNet,0.8358,0.8162,0.7556,0.7727,0.8667
702,PointNet,0.8955,0.8643,0.8444,0.7917,0.9535
703,PointNet,0.8358,0.7753,0.6667,0.6471,0.9
704,PointNet,0.8657,0.8014,0.8,0.7826,0.9091
705,PointNet,0.8657,0.8251,0.7692,0.7143,0.9348
706,PointNet,0.9403,0.8809,0.9167,0.8462,1.0
707,PointNet,0.8209,0.7692,0.6667,0.5714,0.9348
708,PointNet,0.8806,0.794,0.7647,0.619,1.0
709,PointNet,0.8358,0.8616,0.8,0.6875,0.9714
710,PointNet,0.806,0.7962,0.6977,0.6,0.9286
711,PointNet,0.8955,0.8743,0.8571,0.8077,0.9512
712,PointNet,0.7761,0.5741,0.6341,0.5,0.9512
713,PointNet,0.791,0.7532,0.72,0.6,0.9459
714,PointNet,0.8657,0.835,0.7907,0.7391,0.9318
715,PointNet,0.7761,0.6886,0.6512,0.5385,0.9268
716,PointNet,0.9104,0.8913,0.8571,0.8571,0.9348
717,PointNet,0.7612,0.7214,0.6522,0.5769,0.878
718,PointNet,0.8358,0.8191,0.7179,0.7,0.8936
719,PointNet,0.8657,0.8283,0.7805,0.7273,0.9333
720,PointNet,0.8955,0.8596,0.7879,0.6842,0.9792
721,PointNet,0.8955,0.7929,0.8205,0.7273,0.9778
722,PointNet,0.8507,0.8755,0.7727,0.7391,0.9091
723,PointNet,0.8358,0.7908,0.7442,0.6154,0.9756
724,PointNet,0.8806,0.7423,0.7143,0.6667,0.9423
725,PointNet,0.8657,0.8564,0.7097,0.7333,0.9038
726,PointNet,0.8507,0.748,0.6154,0.5714,0.9245
727,PointNet,0.9254,0.9305,0.8936,0.84,0.9762
728,PointNet,0.9552,0.9608,0.8966,0.8125,1.0
729,PointNet,0.8358,0.7847,0.6452,0.5882,0.92
730,PointNet,0.8358,0.8236,0.7442,0.6154,0.9756
731,PointNet,0.9104,0.9012,0.8696,0.8696,0.9318
732,PointNet,0.791,0.78,0.72,0.72,0.8333
733,PointNet,0.7463,0.7683,0.6383,0.5357,0.8974
734,PointNet,0.8507,0.8752,0.8,0.7692,0.9024
735,PointNet,0.7761,0.7857,0.6809,0.5714,0.9231
736,PointNet,0.806,0.7927,0.7111,0.6154,0.9268
737,PointNet,0.8657,0.8073,0.7273,0.6667,0.9388
738,PointNet,0.8806,0.8319,0.7647,0.65,0.9787
739,PointNet,0.8657,0.8333,0.7692,0.6818,0.9556
740,PointNet,0.8507,0.8287,0.7619,0.8,0.8723
741,PointNet,0.8209,0.7758,0.6842,0.5909,0.9333
742,PointNet,0.8358,0.8242,0.7317,0.6818,0.9111
743,PointNet,0.8657,0.7657,0.7568,0.6364,0.9778
744,PointNet,0.8657,0.8529,0.7097,0.6875,0.9216
745,PointNet,0.7463,0.7741,0.6222,0.5185,0.9
746,PointNet,0.7463,0.7122,0.5854,0.5,0.8837
747,PointNet,0.8358,0.813,0.766,0.6667,0.95
748,PointNet,0.8806,0.7732,0.75,0.6667,0.9592
749,PointNet,0.8955,0.8629,0.8,0.7368,0.9583
750,PointNet,0.8358,0.8556,0.7442,0.7273,0.8889
751,PointNet,0.8358,0.8676,0.7925,0.7778,0.875
752,PointNet,0.8358,0.8224,0.6857,0.6316,0.9167
753,PointNet,0.791,0.749,0.6316,0.5217,0.9318
754,PointNet,0.9104,0.8626,0.85,0.7727,0.9778
755,PointNet,0.8507,0.7698,0.75,0.6522,0.9545
756,PointNet,0.8806,0.8905,0.8261,0.7917,0.9302
757,PointNet,0.8955,0.8443,0.8444,0.7308,1.0
758,PointNet,0.8209,0.7152,0.6842,0.5909,0.9333
759,PointNet,0.806,0.7733,0.6977,0.625,0.907
760,PointNet,0.9104,0.9238,0.8636,0.76,1.0
761,PointNet,0.8209,0.7505,0.7143,0.6,0.9524
762,PointNet,0.8209,0.8779,0.7143,0.625,0.9302
763,PointNet,0.8657,0.8618,0.7429,0.6842,0.9375
764,PointNet,0.8955,0.8725,0.8293,0.7391,0.9773
765,PointNet,0.806,0.8178,0.6486,0.5714,0.913
766,PointNet,0.8657,0.8696,0.7692,0.6522,0.9773
767,PointNet,0.806,0.8507,0.7451,0.6786,0.8974
768,PointNet,0.8209,0.8162,0.6842,0.5909,0.9333
769,PointNet,0.8806,0.7511,0.75,0.6,1.0
770,PointNet,0.791,0.7979,0.6111,0.55,0.8936
771,PointNet,0.8657,0.8526,0.7568,0.7778,0.898
772,PointNet,0.8358,0.678,0.6207,0.5,0.9592
773,PointNet,0.8955,0.7929,0.7742,0.7059,0.96
774,PointNet,0.806,0.697,0.6667,0.5,1.0
775,PointNet,0.806,0.7567,0.6829,0.6667,0.8696
776,PointNet,0.9254,0.9346,0.8276,0.8,0.9615
777,PointNet,0.8209,0.8103,0.7143,0.6522,0.9091
778,PointNet,0.8657,0.8283,0.7805,0.7273,0.9333
779,PointNet,0.8806,0.8769,0.8462,0.8148,0.925
780,PointNet,0.7761,0.7405,0.6939,0.5667,0.9459
781,PointNet,0.8955,0.9048,0.8293,0.8095,0.9348
782,PointNet,0.8657,0.7943,0.8085,0.76,0.9286
783,PointNet,0.9254,0.8427,0.8718,0.8095,0.9783
784,PointNet,0.8657,0.8468,0.7805,0.7619,0.913
785,PointNet,0.8955,0.9021,0.8205,0.8,0.9362
786,PointNet,0.8955,0.9182,0.8293,0.7727,0.9556
787,PointNet,0.8358,0.8476,0.7556,0.68,0.9286
788,PointNet,0.806,0.7607,0.6977,0.625,0.907
789,PointNet,0.8507,0.8571,0.7727,0.8095,0.8696
790,PointNet,0.8209,0.7158,0.7391,0.6538,0.9268
791,PointNet,0.9104,0.7961,0.8421,0.7619,0.9783
792,PointNet,0.8806,0.8962,0.8182,0.72,0.9762
793,PointNet,0.8358,0.8344,0.7317,0.7143,0.8913
794,PointNet,0.8209,0.7681,0.6471,0.5238,0.9565
795,PointNet,0.9104,0.8982,0.8636,0.8261,0.9545
796,PointNet,0.7761,0.7581,0.7059,0.5806,0.9444
797,PointNet,0.7761,0.8106,0.5714,0.4762,0.913
798,PointNet,0.8209,0.7491,0.7391,0.6296,0.95
799,PointNet,0.8657,0.8743,0.8085,0.7308,0.9512
800,PointNet,0.8358,0.8315,0.7925,0.75,0.8974
801,PointNet,0.7761,0.8251,0.6512,0.6087,0.8636
802,PointNet,0.8358,0.7867,0.7556,0.68,0.9286
803,PointNet,0.8657,0.8587,0.8,0.7826,0.9091
804,PointNet,0.8657,0.8612,0.7429,0.7647,0.9
805,PointNet,0.8806,0.8202,0.7895,0.6818,0.9778
806,PointNet,0.7015,0.563,0.4737,0.375,0.8837
807,PointNet,0.791,0.7509,0.7308,0.6129,0.9444
808,PointNet,0.8507,0.7867,0.7727,0.68,0.9524
809,PointNet,0.7761,0.7184,0.5946,0.4783,0.9318
810,PointNet,0.8507,0.7981,0.75,0.6,1.0
811,PointNet,0.8358,0.8565,0.766,0.6923,0.9268
812,PointNet,0.8507,0.8056,0.7826,0.6667,0.975
813,PointNet,0.8657,0.8182,0.7692,0.6522,0.9773
814,PointNet,0.8806,0.912,0.8462,0.8148,0.925
815,PointNet,0.8806,0.8857,0.8519,0.7931,0.9474
816,PointNet,0.8507,0.7713,0.7619,0.6667,0.9535
817,PointNet,0.8657,0.7955,0.7907,0.7391,0.9318
818,PointNet,0.8806,0.8734,0.8333,0.7692,0.9512
819,PointNet,0.8657,0.9152,0.8085,0.76,0.9286
820,PointNet,0.8507,0.8535,0.7619,0.7273,0.9111
821,PointNet,0.7761,0.7252,0.7059,0.6,0.9189
822,PointNet,0.806,0.7505,0.6486,0.5714,0.913
823,PointNet,0.8209,0.7118,0.625,0.5882,0.9
824,PointNet,0.9254,0.9128,0.8649,0.8,0.9787
825,PointNet,0.7612,0.7345,0.6364,0.5385,0.9024
826,PointNet,0.9254,0.8585,0.8837,0.7917,1.0
827,PointNet,0.9254,0.8906,0.8485,0.8235,0.96
828,PointNet,0.806,0.8423,0.5517,0.5714,0.8679
829,PointNet,0.9104,0.8676,0.8125,0.8125,0.9412
830,PointNet,0.8657,0.8706,0.7429,0.7647,0.9
831,PointNet,0.791,0.7352,0.65,0.5652,0.9091
832,PointNet,0.8955,0.8982,0.8727,0.8,0.973
833,PointNet,0.7761,0.6951,0.6667,0.5769,0.9024
834,PointNet,0.8806,0.9435,0.8462,0.8148,0.925
835,PointNet,0.8806,0.8892,0.8,0.7619,0.9348
836,PointNet,0.9254,0.9203,0.9091,0.8929,0.9487
837,PointNet,0.8955,0.8231,0.8372,0.7826,0.9545
838,PointNet,0.8955,0.9506,0.8511,0.8696,0.9091
839,PointNet,0.791,0.7871,0.72,0.6923,0.8537
840,PointNet,0.8955,0.7859,0.7586,0.6471,0.98
841,PointNet,0.9104,0.8706,0.8571,0.7826,0.9773
842,PointNet,0.9104,0.8936,0.8235,0.7368,0.9792
843,PointNet,0.8657,0.82,0.7273,0.7059,0.92
844,PointNet,0.7612,0.6937,0.6522,0.6522,0.8182
845,PointNet,0.9104,0.92,0.8125,0.7647,0.96
846,PointNet,0.9254,0.935,0.8387,0.8125,0.9608
847,PointNet,0.9254,0.9486,0.898,0.88,0.9524
848,PointNet,0.8657,0.8765,0.7429,0.7647,0.9
849,PointNet,0.8358,0.8361,0.766,0.6667,0.95
850,PointNet,0.8358,0.7917,0.6452,0.625,0.902
851,PointNet,0.806,0.7785,0.6667,0.6842,0.8542
852,PointNet,0.9552,0.9375,0.9091,0.9375,0.9608
853,PointNet,0.8209,0.7991,0.76,0.7037,0.9
854,PointNet,0.8209,0.7674,0.75,0.6429,0.9487
855,PointNet,0.8507,0.7481,0.75,0.625,0.9767
856,PointNet,0.8507,0.833,0.7727,0.7391,0.9091
857,PointNet,0.8806,0.8447,0.75,0.6667,0.9592
858,PointNet,0.7761,0.7358,0.5455,0.5,0.8776
859,PointNet,0.9403,0.9532,0.8947,0.85,0.9787
860,PointNet,0.8657,0.8707,0.7907,0.7727,0.9111
861,PointNet,0.8507,0.7785,0.75,0.7143,0.913
862,PointNet,0.8358,0.793,0.766,0.6429,0.9744
863,PointNet,0.7612,0.716,0.5789,0.55,0.8511
864,PointNet,0.8209,0.748,0.7143,0.6522,0.9091
865,PointNet,0.9104,0.9637,0.85,0.9444,0.898
866,PointNet,0.7612,0.6047,0.619,0.5417,0.8837
867,PointNet,0.8955,0.9352,0.8627,0.88,0.9048
868,PointNet,0.8657,0.8053,0.7568,0.7,0.9362
869,PointNet,0.8358,0.8663,0.8,0.7857,0.8718
870,PointNet,0.8507,0.8026,0.7368,0.7368,0.8958
871,PointNet,0.8806,0.8525,0.8095,0.7727,0.9333
872,PointNet,0.8358,0.8049,0.7556,0.6538,0.9512
873,PointNet,0.8358,0.7542,0.766,0.6923,0.9268
874,PointNet,0.8955,0.8662,0.8205,0.8421,0.9167
875,PointNet,0.8657,0.879,0.8085,0.7308,0.9512
876,PointNet,0.7761,0.7233,0.6154,0.5217,0.9091
877,PointNet,0.8358,0.894,0.7755,0.7308,0.9024
878,PointNet,0.8507,0.8062,0.75,0.625,0.9767
879,PointNet,0.806,0.7379,0.6286,0.5789,0.8958
880,PointNet,0.8955,0.8662,0.8,0.7368,0.9583
881,PointNet,0.7761,0.6781,0.6154,0.48,0.9524
882,PointNet,0.8955,0.8141,0.8,0.7778,0.9388
883,PointNet,0.8209,0.765,0.6667,0.5714,0.9348
884,PointNet,0.8507,0.8581,0.7727,0.68,0.9524
885,PointNet,0.9254,0.8783,0.8649,0.8421,0.9583
886,PointNet,0.8358,0.8091,0.7317,0.6818,0.9111
887,PointNet,0.8806,0.8344,0.7895,0.7143,0.9565
888,PointNet,0.8358,0.8251,0.766,0.6429,0.9744
889,PointNet,0.806,0.8416,0.7547,0.7143,0.8718
890,PointNet,0.7612,0.6482,0.4667,0.4118,0.88
891,PointNet,0.8657,0.8681,0.7692,0.75,0.9149
892,PointNet,0.8657,0.8227,0.8,0.75,0.9302
893,PointNet,0.8358,0.8528,0.7179,0.6087,0.9545
894,PointNet,0.791,0.7143,0.7407,0.625,0.9429
895,PointNet,0.8507,0.864,0.7368,0.7368,0.8958
896,PointNet,0.8507,0.8391,0.7826,0.75,0.907
897,PointNet,0.8806,0.8685,0.7778,0.6667,0.9783
898,PointNet,0.806,0.7586,0.6829,0.6364,0.8889
899,PointNet,0.8657,0.8323,0.7568,0.6364,0.9778
900,PointNet,0.8209,0.8082,0.7857,0.7097,0.9167
901,PointNet,0.7612,0.7816,0.6667,0.6957,0.7955
902,PointNet,0.8358,0.7862,0.7027,0.65,0.9149
903,PointNet,0.8209,0.7426,0.6667,0.6,0.9149
904,PointNet,0.8955,0.8953,0.8372,0.75,0.9767
905,PointNet,0.8358,0.7846,0.6452,0.5556,0.9388
906,PointNet,0.7612,0.7528,0.5556,0.5556,0.8367
907,PointNet,0.8806,0.8437,0.7895,0.7143,0.9565
908,PointNet,0.8955,0.8953,0.8511,0.8333,0.9302
909,PointNet,0.8955,0.8064,0.7879,0.65,1.0
910,PointNet,0.7612,0.765,0.6923,0.6207,0.8684
911,PointNet,0.806,0.7505,0.6977,0.6818,0.8667
912,PointNet,0.8209,0.7723,0.7143,0.7143,0.8696
913,PointNet,0.8209,0.7871,0.76,0.7308,0.878
914,PointNet,0.8358,0.8444,0.7179,0.6364,0.9333
915,PointNet,0.8955,0.841,0.8,0.7368,0.9583
916,PointNet,0.9104,0.924,0.8421,0.8889,0.9184
917,PointNet,0.8209,0.7573,0.75,0.6429,0.9487
918,PointNet,0.9104,0.8654,0.8421,0.7619,0.9783
919,PointNet,0.791,0.7861,0.6957,0.6154,0.9024
920,PointNet,0.8507,0.863,0.8077,0.7241,0.9474
921,PointNet,0.8507,0.8172,0.7619,0.7273,0.9111
922,PointNet,0.7761,0.7312,0.6939,0.5484,0.9722
923,PointNet,0.8657,0.7939,0.7692,0.6818,0.9556
924,PointNet,0.8209,0.8106,0.6842,0.619,0.913
925,PointNet,0.8806,0.7512,0.7333,0.6875,0.9412
926,PointNet,0.8358,0.9074,0.7556,0.6296,0.975
927,PointNet,0.8507,0.7434,0.6667,0.5263,0.9792
928,PointNet,0.9403,0.9167,0.8667,0.8125,0.9804
929,PointNet,0.8209,0.7464,0.6842,0.619,0.913
930,PointNet,0.8657,0.8495,0.7692,0.6818,0.9556
931,PointNet,0.8806,0.8235,0.75,0.7059,0.94
932,PointNet,0.8358,0.8458,0.7556,0.8095,0.8478
933,PointNet,0.8657,0.8764,0.7429,0.7222,0.9184
934,PointNet,0.806,0.8159,0.7347,0.6429,0.9231
935,PointNet,0.9104,0.8847,0.8636,0.7917,0.9767
936,PointNet,0.8955,0.9,0.8571,0.7778,0.975
937,PointNet,0.8657,0.8991,0.7568,0.7778,0.898
938,PointNet,0.8806,0.833,0.8095,0.7391,0.9545
939,PointNet,0.8806,0.8343,0.8261,0.76,0.9524
940,PointNet,0.9104,0.9922,0.88,0.9167,0.907
941,PointNet,0.8358,0.8082,0.6857,0.7059,0.88
942,PointNet,0.8358,0.7658,0.7317,0.6522,0.9318
943,PointNet,0.9104,0.8717,0.8571,0.8182,0.9556
944,PointNet,0.806,0.747,0.6286,0.4783,0.9773
945,PointNet,0.8358,0.8202,0.7179,0.7,0.8936
946,PointNet,0.8358,0.7859,0.7027,0.5909,0.9556
947,PointNet,0.8657,0.8276,0.8,0.72,0.9524
948,PointNet,0.8955,0.9172,0.8293,0.7727,0.9556
949,PointNet,0.8209,0.83,0.6667,0.6316,0.8958
950,PointNet,0.9403,0.9524,0.9091,0.9524,0.9348
951,PointNet,0.8657,0.8627,0.7273,0.75,0.902
952,PointNet,0.8955,0.8764,0.8,0.7778,0.9388
953,PointNet,0.8209,0.6905,0.6,0.5,0.9388
954,PointNet,0.7463,0.7019,0.5854,0.48,0.9048
955,PointNet,0.8955,0.8329,0.7742,0.7059,0.96
956,PointNet,0.8507,0.8676,0.7826,0.7826,0.8864
957,PointNet,0.8358,0.8915,0.7843,0.8333,0.8372
958,PointNet,0.8507,0.8091,0.7368,0.6364,0.9556
959,PointNet,0.8209,0.7209,0.7143,0.625,0.9302
960,PointNet,0.8806,0.7848,0.7895,0.6818,0.9778
961,PointNet,0.8209,0.8162,0.75,0.72,0.881
962,PointNet,0.8209,0.7541,0.625,0.5882,0.9
963,PointNet,0.8507,0.7936,0.7368,0.7,0.9149
964,PointNet,0.791,0.7315,0.7308,0.6333,0.9189
965,PointNet,0.9104,0.8856,0.875,0.8077,0.9756
966,PointNet,0.8507,0.8434,0.7727,0.7727,0.8889
967,PointNet,0.8657,0.7764,0.7568,0.6667,0.9565
968,PointNet,0.9104,0.9231,0.875,0.8077,0.9756
969,PointNet,0.7761,0.7045,0.6154,0.5217,0.9091
970,PointNet,0.9403,0.9451,0.9,0.8571,0.9783
971,PointNet,0.8806,0.8464,0.7143,0.7143,0.9245
972,PointNet,0.8955,0.8125,0.7742,0.75,0.9412
973,PointNet,0.8209,0.8612,0.7692,0.7692,0.8537
974,PointNet,0.8955,0.9275,0.8293,0.8095,0.9348
975,PointNet,0.8507,0.8722,0.8148,0.8148,0.875
976,PointNet,0.9254,0.9178,0.8718,0.8947,0.9375
977,PointNet,0.8657,0.8246,0.7907,0.7083,0.9535
978,PointNet,0.8806,0.8159,0.8333,0.7143,1.0
979,PointNet,0.806,0.7711,0.7347,0.6429,0.9231
980,PointNet,0.7463,0.622,0.6047,0.5,0.9024
981,PointNet,0.8358,0.7903,0.8136,0.7742,0.8889
982,PointNet,0.806,0.758,0.7234,0.6538,0.9024
983,PointNet,0.9254,0.8903,0.8148,0.8462,0.9444
984,PointNet,0.8358,0.814,0.7556,0.7083,0.907
985,PointNet,0.8806,0.8646,0.8,0.7273,0.9556
986,PointNet,0.8806,0.88,0.8095,0.68,1.0
987,PointNet,0.8358,0.7686,0.6857,0.6316,0.9167
988,PointNet,0.8358,0.8158,0.7027,0.6842,0.8958
989,PointNet,0.806,0.8208,0.7719,0.7097,0.8889
990,PointNet,0.8955,0.8918,0.7879,0.7647,0.94
991,PointNet,0.8806,0.8506,0.75,0.7059,0.94
992,PointNet,0.8806,0.8372,0.8182,0.75,0.9535
993,PointNet,0.8358,0.6535,0.6452,0.5263,0.9583
994,PointNet,0.8209,0.8057,0.7273,0.64,0.9286
995,PointNet,0.8806,0.8921,0.84,0.8077,0.9268
996,PointNet,0.8358,0.7914,0.7027,0.7222,0.8776
997,PointNet,0.806,0.7793,0.7547,0.6667,0.9189
998,PointNet,0.8955,0.9276,0.8205,0.8421,0.9167
999,PointNet,0.791,0.7886,0.6818,0.6,0.9048
1000,PointNet,0.8806,0.8802,0.8519,0.7931,0.9474
1,ResNet+AE,0.8657,0.9392,0.8302,0.7586,0.9474
2,ResNet+AE,0.9254,0.9594,0.8718,0.8947,0.9375
3,ResNet+AE,0.8955,0.9482,0.8293,0.8095,0.9348
4,ResNet+AE,0.8358,0.8953,0.7179,0.5833,0.9767
5,ResNet+AE,0.8657,0.9505,0.8364,0.7667,0.9459
6,ResNet+AE,0.8806,0.8841,0.8,0.7619,0.9348
7,ResNet+AE,0.791,0.8585,0.65,0.65,0.8511
8,ResNet+AE,0.8358,0.8227,0.7442,0.6667,0.9302
9,ResNet+AE,0.8358,0.9519,0.7755,0.6552,0.9737
10,ResNet+AE,0.8657,0.8714,0.8,0.72,0.9524
11,ResNet+AE,0.8806,0.9006,0.8,0.7619,0.9348
12,ResNet+AE,0.8806,0.9755,0.8,0.8,0.9149
13,ResNet+AE,0.806,0.8691,0.6667,0.65,0.8723
14,ResNet+AE,0.8955,0.9146,0.8571,0.8077,0.9512
15,ResNet+AE,0.8507,0.9149,0.7222,0.65,0.9362
16,ResNet+AE,0.791,0.8114,0.6818,0.6,0.9048
17,ResNet+AE,0.9104,0.9247,0.8235,0.8235,0.94
18,ResNet+AE,0.8358,0.8819,0.7843,0.7143,0.9231
19,ResNet+AE,0.9104,0.9714,0.875,0.84,0.9524
20,ResNet+AE,0.8507,0.8944,0.75,0.625,0.9767
21,ResNet+AE,0.8657,0.9128,0.7429,0.65,0.9574
22,ResNet+AE,0.8806,0.904,0.8,0.7273,0.9556
23,ResNet+AE,0.8358,0.8838,0.7179,0.6364,0.9333
24,ResNet+AE,0.8657,0.9457,0.7692,0.6522,0.9773
25,ResNet+AE,0.8507,0.9141,0.7368,0.8235,0.86
26,ResNet+AE,0.8955,0.92,0.8,0.8235,0.92
27,ResNet+AE,0.8806,0.9626,0.7647,0.7222,0.9388
28,ResNet+AE,0.8955,0.9734,0.8293,0.85,0.9149
29,ResNet+AE,0.9403,0.9949,0.9167,1.0,0.9111
30,ResNet+AE,0.8358,0.8729,0.6452,0.5882,0.92
31,ResNet+AE,0.8358,0.9058,0.7179,0.6667,0.913
32,ResNet+AE,0.806,0.8297,0.7451,0.6786,0.8974
33,ResNet+AE,0.8507,0.7752,0.75,0.625,0.9767
34,ResNet+AE,0.8955,0.9084,0.7407,0.7143,0.9434
35,ResNet+AE,0.8507,0.9002,0.7619,0.6667,0.9535
36,ResNet+AE,0.8507,0.8981,0.8,0.7407,0.925
37,ResNet+AE,0.8657,0.8581,0.8163,0.7143,0.9744
38,ResNet+AE,0.8657,0.9397,0.7907,0.7391,0.9318
39,ResNet+AE,0.9254,0.9578,0.8936,0.8077,1.0
40,ResNet+AE,0.9254,0.9784,0.898,0.8462,0.9756
41,ResNet+AE,0.791,0.8202,0.65,0.5652,0.9091
42,ResNet+AE,0.8358,0.8933,0.7179,0.6087,0.9545
43,ResNet+AE,0.806,0.8975,0.6667,0.619,0.8913
44,ResNet+AE,0.8657,0.9017,0.7692,0.7143,0.9348
45,ResNet+AE,0.8358,0.9139,0.766,0.6429,0.9744
46,ResNet+AE,0.8806,0.9539,0.7895,0.7895,0.9167
47,ResNet+AE,0.7313,0.7694,0.6667,0.6,0.8378
48,ResNet+AE,0.9104,0.8962,0.8636,0.76,1.0
49,ResNet+AE,0.8209,0.9181,0.7273,0.64,0.9286
50,ResNet+AE,0.806,0.9101,0.7111,0.6957,0.8636
51,ResNet+AE,0.8209,0.8039,0.75,0.6923,0.9024
52,ResNet+AE,0.8657,0.9002,0.8,0.75,0.9302
53,ResNet+AE,0.791,0.8661,0.7742,0.6857,0.9062
54,ResNet+AE,0.8358,0.8606,0.7179,0.6364,0.9333
55,ResNet+AE,0.8507,0.7925,0.7368,0.6087,0.9773
56,ResNet+AE,0.806,0.9277,0.7111,0.5714,0.9744
57,ResNet+AE,0.8358,0.92,0.766,0.7826,0.8636
58,ResNet+AE,0.8806,0.9438,0.8333,0.8,0.9286
59,ResNet+AE,0.8358,0.8789,0.7317,0.625,0.9535
60,ResNet+AE,0.8955,0.9672,0.8627,0.8462,0.9268
61,ResNet+AE,0.8806,0.9062,0.8621,0.7812,0.9714
62,ResNet+AE,0.9104,0.9057,0.8235,0.7368,0.9792
63,ResNet+AE,0.9254,0.9576,0.8837,0.8636,0.9556
64,ResNet+AE,0.8507,0.9195,0.7368,0.7778,0.8776
65,ResNet+AE,0.7612,0.8421,0.5556,0.4167,0.9535
66,ResNet+AE,0.791,0.8169,0.6111,0.5789,0.875
67,ResNet+AE,0.8507,0.9384,0.7222,0.5909,0.9778
68,ResNet+AE,0.7612,0.8194,0.6522,0.5172,0.9474
69,ResNet+AE,0.8657,0.95,0.6667,0.6,0.9423
70,ResNet+AE,0.8806,0.9441,0.8,0.8421,0.8958
71,ResNet+AE,0.8955,0.9527,0.8814,0.8125,0.9714
72,ResNet+AE,0.8955,0.9203,0.8108,0.7143,0.9783
73,ResNet+AE,0.8955,0.9374,0.8511,0.9091,0.8889
74,ResNet+AE,0.8806,0.9076,0.8333,0.8,0.9286
75,ResNet+AE,0.8507,0.8775,0.75,0.6522,0.9545
76,ResNet+AE,0.8955,0.9207,0.8727,0.8,0.973
77,ResNet+AE,0.8209,0.8033,0.6471,0.5238,0.9565
78,ResNet+AE,0.8955,0.9428,0.8571,0.875,0.907
79,ResNet+AE,0.8507,0.9269,0.7826,0.6667,0.975
80,ResNet+AE,0.8955,0.9244,0.7586,0.7333,0.9423
81,ResNet+AE,0.791,0.836,0.6818,0.6522,0.8636
82,ResNet+AE,0.8209,0.8247,0.5,0.3529,0.98
83,ResNet+AE,0.8209,0.8933,0.75,0.72,0.881
84,ResNet+AE,0.806,0.8639,0.7636,0.7778,0.825
85,ResNet+AE,0.9104,0.9002,0.8333,0.7895,0.9583
86,ResNet+AE,0.8507,0.9362,0.7917,0.7308,0.9268
87,ResNet+AE,0.791,0.8411,0.6667,0.5833,0.907
88,ResNet+AE,0.8358,0.9171,0.7556,0.68,0.9286
89,ResNet+AE,0.8209,0.8587,0.7391,0.7391,0.8636
90,ResNet+AE,0.8507,0.955,0.7826,0.6923,0.9512
91,ResNet+AE,0.806,0.9114,0.7347,0.72,0.8571
92,ResNet+AE,0.8657,0.7936,0.8,0.75,0.9302
93,ResNet+AE,0.8806,0.9172,0.7143,0.5556,1.0
94,ResNet+AE,0.9254,0.9777,0.8936,0.875,0.9535
95,ResNet+AE,0.8358,0.832,0.7179,0.6087,0.9545
96,ResNet+AE,0.8209,0.8489,0.625,0.5,0.9574
97,ResNet+AE,0.806,0.902,0.6486,0.5455,0.9333
98,ResNet+AE,0.8806,0.9192,0.7143,0.6667,0.9423
99,ResNet+AE,0.8507,0.8447,0.7222,0.65,0.9362
100,ResNet+AE,0.8209,0.9048,0.7778,0.75,0.8718
101,ResNet+AE,0.9403,0.9872,0.8571,0.8,0.9808
102,ResNet+AE,0.8209,0.9261,0.7857,0.7333,0.8919
103,ResNet+AE,0.8209,0.7468,0.6667,0.6,0.9149
104,ResNet+AE,0.8507,0.9012,0.75,0.6522,0.9545
105,ResNet+AE,0.8657,0.8849,0.7568,0.7368,0.9167
106,ResNet+AE,0.8657,0.9232,0.7568,0.7368,0.9167
107,ResNet+AE,0.806,0.8429,0.7347,0.7826,0.8182
108,ResNet+AE,0.806,0.7914,0.5185,0.3889,0.9592
109,ResNet+AE,0.8657,0.9713,0.7805,0.6957,0.9545
110,ResNet+AE,0.8358,0.9153,0.807,0.697,0.9706
111,ResNet+AE,0.8358,0.8727,0.7442,0.7619,0.8696
112,ResNet+AE,0.8507,0.9657,0.7826,0.8182,0.8667
113,ResNet+AE,0.8806,0.8409,0.8095,0.7391,0.9545
114,ResNet+AE,0.8806,0.9006,0.8095,0.8095,0.913
115,ResNet+AE,0.8507,0.9081,0.8148,0.7333,0.9459
116,ResNet+AE,0.7612,0.6848,0.5556,0.4348,0.9318
117,ResNet+AE,0.8209,0.8973,0.7692,0.6667,0.9459
118,ResNet+AE,0.8657,0.8371,0.7907,0.68,0.9762
119,ResNet+AE,0.9403,0.9572,0.9,0.9474,0.9375
120,ResNet+AE,0.8209,0.876,0.7143,0.625,0.9302
121,ResNet+AE,0.7761,0.8819,0.6154,0.6,0.8511
122,ResNet+AE,0.7164,0.7733,0.6275,0.5161,0.8889
123,ResNet+AE,0.8657,0.8538,0.7692,0.6522,0.9773
124,ResNet+AE,0.9104,0.9351,0.8421,0.8,0.9574
125,ResNet+AE,0.8955,0.9254,0.8108,0.7895,0.9375
126,ResNet+AE,0.8358,0.8388,0.6207,0.5294,0.94
127,ResNet+AE,0.8209,0.9,0.7931,0.7667,0.8649
128,ResNet+AE,0.806,0.9041,0.7797,0.7419,0.8611
129,ResNet+AE,0.8657,0.8745,0.7907,0.7391,0.9318
130,ResNet+AE,0.8358,0.9032,0.7442,0.6957,0.9091
131,ResNet+AE,0.8657,0.906,0.7907,0.7083,0.9535
132,ResNet+AE,0.8806,0.9414,0.8,0.7273,0.9556
133,ResNet+AE,0.8657,0.881,0.8085,0.76,0.9286
134,ResNet+AE,0.8657,0.8545,0.7568,0.6364,0.9778
135,ResNet+AE,0.8657,0.8972,0.7907,0.7391,0.9318
136,ResNet+AE,0.8507,0.8737,0.75,0.7143,0.913
137,ResNet+AE,0.8806,0.8904,0.7778,0.7368,0.9375
138,ResNet+AE,0.8358,0.9399,0.7317,0.625,0.9535
139,ResNet+AE,0.8358,0.9032,0.7317,0.6522,0.9318
140,ResNet+AE,0.8657,0.8626,0.7692,0.6522,0.9773
141,ResNet+AE,0.8806,0.9051,0.7895,0.6818,0.9778
142,ResNet+AE,0.7612,0.8621,0.6667,0.6154,0.8537
143,ResNet+AE,0.8806,0.9414,0.8519,0.8214,0.9231
144,ResNet+AE,0.9403,0.9845,0.9048,0.9048,0.9565
145,ResNet+AE,0.8955,0.9796,0.8,0.7778,0.9388
146,ResNet+AE,0.8507,0.92,0.7826,0.7826,0.8864
147,ResNet+AE,0.8358,0.9221,0.7556,0.6538,0.9512
148,ResNet+AE,0.8209,0.8675,0.76,0.6552,0.9474
149,ResNet+AE,0.8358,0.9486,0.766,0.7826,0.8636
150,ResNet+AE,0.8507,0.8966,0.8148,0.7586,0.9211
151,ResNet+AE,0.8806,0.9409,0.8261,0.7917,0.9302
152,ResNet+AE,0.8358,0.9456,0.6452,0.5556,0.9388
153,ResNet+AE,0.806,0.8923,0.6667,0.619,0.8913
154,ResNet+AE,0.8358,0.8821,0.7027,0.7222,0.8776
155,ResNet+AE,0.8507,0.8993,0.8148,0.7586,0.9211
156,ResNet+AE,0.8358,0.8687,0.7442,0.6154,0.9756
157,ResNet+AE,0.8209,0.7255,0.625,0.5,0.9574
158,ResNet+AE,0.8507,0.9352,0.7619,0.64,0.9762
159,ResNet+AE,0.8657,0.9286,0.8085,0.6786,1.0
160,ResNet+AE,0.8507,0.9661,0.7917,0.6786,0.9744
161,ResNet+AE,0.9254,0.9836,0.8718,0.8947,0.9375
162,ResNet+AE,0.791,0.876,0.65,0.5417,0.9302
163,ResNet+AE,0.9104,0.8515,0.75,0.75,0.9455
164,ResNet+AE,0.806,0.8691,0.6286,0.55,0.9149
165,ResNet+AE,0.9552,0.9676,0.9388,0.92,0.9762
166,ResNet+AE,0.8507,0.8953,0.7619,0.6957,0.9318
167,ResNet+AE,0.791,0.8977,0.72,0.6923,0.8537
168,ResNet+AE,0.8507,0.8876,0.7917,0.76,0.9048
169,ResNet+AE,0.8507,0.8815,0.7826,0.6667,0.975
170,ResNet+AE,0.8507,0.8615,0.6429,0.5625,0.9412
171,ResNet+AE,0.8657,0.8623,0.7692,0.7143,0.9348
172,ResNet+AE,0.806,0.8634,0.7234,0.7083,0.8605
173,ResNet+AE,0.8358,0.8521,0.7179,0.7,0.8936
174,ResNet+AE,0.806,0.8016,0.6061,0.5556,0.898
175,ResNet+AE,0.9403,0.9822,0.9167,0.9565,0.9318
176,ResNet+AE,0.8657,0.9537,0.8235,0.7241,0.9737
177,ResNet+AE,0.8358,0.903,0.7179,0.6364,0.9333
178,ResNet+AE,0.8209,0.863,0.7391,0.6296,0.95
179,ResNet+AE,0.8507,0.864,0.6429,0.5625,0.9412
180,ResNet+AE,0.8657,0.9419,0.8235,0.875,0.8605
181,ResNet+AE,0.806,0.9118,0.7111,0.6667,0.8837
182,ResNet+AE,0.8358,0.8798,0.7179,0.6364,0.9333
183,ResNet+AE,0.8507,0.9364,0.7826,0.8182,0.8667
184,ResNet+AE,0.806,0.7752,0.5806,0.4737,0.9375
185,ResNet+AE,0.8955,0.9545,0.8444,0.8261,0.9318
186,ResNet+AE,0.9104,0.9377,0.8571,0.7826,0.9773
187,ResNet+AE,0.8955,0.9234,0.8293,0.8095,0.9348
188,ResNet+AE,0.8806,0.9362,0.8182,0.72,0.9762
189,ResNet+AE,0.9104,0.9331,0.8235,0.7778,0.9592
190,ResNet+AE,0.806,0.904,0.6667,0.5909,0.9111
191,ResNet+AE,0.7761,0.8743,0.7059,0.6923,0.8293
192,ResNet+AE,0.8358,0.8509,0.7755,0.7037,0.925
193,ResNet+AE,0.8507,0.9174,0.8148,0.7586,0.9211
194,ResNet+AE,0.8806,0.8862,0.7647,0.65,0.9787
195,ResNet+AE,0.8507,0.8293,0.8,0.7692,0.9024
196,ResNet+AE,0.806,0.8681,0.6486,0.6,0.8936
197,ResNet+AE,0.8358,0.9011,0.807,0.697,0.9706
198,ResNet+AE,0.8507,0.8096,0.6875,0.55,0.9787
199,ResNet+AE,0.8507,0.8866,0.7368,0.7778,0.8776
200,ResNet+AE,0.8507,0.7553,0.6875,0.55,0.9787
201,ResNet+AE,0.8507,0.9505,0.7222,0.5909,0.9778
202,ResNet+AE,0.8657,0.9501,0.8364,0.7931,0.9211
203,ResNet+AE,0.8209,0.8005,0.6667,0.6667,0.8776
204,ResNet+AE,0.8358,0.9234,0.7755,0.6333,1.0
205,ResNet+AE,0.8657,0.9147,0.8085,0.7917,0.907
206,ResNet+AE,0.8507,0.8952,0.7727,0.68,0.9524
207,ResNet+AE,0.8507,0.9229,0.8148,0.7586,0.9211
208,ResNet+AE,0.8657,0.9206,0.7568,0.7778,0.898
209,ResNet+AE,0.7463,0.8499,0.4848,0.381,0.913
210,ResNet+AE,0.8209,0.8739,0.7778,0.7,0.9189
211,ResNet+AE,0.8507,0.9729,0.7917,0.7917,0.8837
212,ResNet+AE,0.8657,0.8923,0.7273,0.6667,0.9388
213,ResNet+AE,0.8209,0.924,0.7391,0.6538,0.9268
214,ResNet+AE,0.9552,0.9859,0.9302,0.9091,0.9778
215,ResNet+AE,0.8955,0.9839,0.8772,0.8065,0.9722
216,ResNet+AE,0.8209,0.88,0.76,0.6786,0.9231
217,ResNet+AE,0.8358,0.9037,0.6667,0.5238,0.9783
218,ResNet+AE,0.806,0.8924,0.7111,0.6667,0.8837
219,ResNet+AE,0.8657,0.97,0.8,0.75,0.9302
220,ResNet+AE,0.8955,0.9069,0.7407,0.625,0.9804
221,ResNet+AE,0.8507,0.8576,0.7368,0.6364,0.9556
222,ResNet+AE,0.8358,0.9485,0.7317,0.6818,0.9111
223,ResNet+AE,0.8209,0.8043,0.7143,0.6522,0.9091
224,ResNet+AE,0.806,0.7909,0.6829,0.6364,0.8889
225,ResNet+AE,0.8209,0.9289,0.7391,0.7391,0.8636
226,ResNet+AE,0.7761,0.9144,0.7273,0.6667,0.8649
227,ResNet+AE,0.8806,0.8724,0.8182,0.72,0.9762
228,ResNet+AE,0.8806,0.8983,0.8182,0.75,0.9535
229,ResNet+AE,0.8657,0.9305,0.8163,0.8,0.9048
230,ResNet+AE,0.9254,0.8727,0.8718,0.7727,1.0
231,ResNet+AE,0.8657,0.9038,0.8085,0.76,0.9286
232,ResNet+AE,0.8358,0.864,0.766,0.6923,0.9268
233,ResNet+AE,0.8657,0.9576,0.7907,0.7727,0.9111
234,ResNet+AE,0.8507,0.9172,0.75,0.6818,0.9333
235,ResNet+AE,0.8358,0.8829,0.7317,0.6,0.9762
236,ResNet+AE,0.8955,0.9433,0.8,0.7778,0.9388
237,ResNet+AE,0.8806,0.8454,0.7647,0.6842,0.9583
238,ResNet+AE,0.8358,0.9058,0.7027,0.619,0.9348
239,ResNet+AE,0.791,0.9091,0.7083,0.7391,0.8182
240,ResNet+AE,0.806,0.9095,0.6977,0.6,0.9286
241,ResNet+AE,0.8358,0.9457,0.7755,0.7917,0.8605
242,ResNet+AE,0.8657,0.8471,0.7273,0.7059,0.92
243,ResNet+AE,0.8209,0.9099,0.76,0.7308,0.878
244,ResNet+AE,0.7015,0.8601,0.6774,0.6176,0.7879
245,ResNet+AE,0.7612,0.7836,0.5789,0.5238,0.8696
246,ResNet+AE,0.8358,0.8718,0.7843,0.7143,0.9231
247,ResNet+AE,0.8507,0.9638,0.8,0.8,0.881
248,ResNet+AE,0.7761,0.8283,0.7059,0.6923,0.8293
249,ResNet+AE,0.8507,0.9447,0.7727,0.7391,0.9091
250,ResNet+AE,0.9104,0.9787,0.8421,0.8,0.9574
251,ResNet+AE,0.8358,0.9109,0.7556,0.6538,0.9512
252,ResNet+AE,0.8358,0.7974,0.7442,0.6154,0.9756
253,ResNet+AE,0.8209,0.8883,0.6842,0.65,0.8936
254,ResNet+AE,0.8358,0.8884,0.7925,0.8077,0.8537
255,ResNet+AE,0.8806,0.9342,0.7778,0.7368,0.9375
256,ResNet+AE,0.9403,0.9308,0.8824,0.8333,0.9796
257,ResNet+AE,0.8657,0.9386,0.8364,0.8214,0.8974
258,ResNet+AE,0.8507,0.9184,0.7619,0.6154,1.0
259,ResNet+AE,0.8657,0.9191,0.7568,0.7,0.9362
260,ResNet+AE,0.9254,0.9612,0.8936,0.875,0.9535
261,ResNet+AE,0.7612,0.7329,0.5556,0.4762,0.8913
262,ResNet+AE,0.7164,0.7477,0.6275,0.5333,0.8649
263,ResNet+AE,0.8358,0.9074,0.7027,0.65,0.9149
264,ResNet+AE,0.8657,0.97,0.8085,0.7917,0.907
265,ResNet+AE,0.8358,0.8993,0.807,0.7931,0.8684
266,ResNet+AE,0.8657,0.8833,0.8163,0.7407,0.95
267,ResNet+AE,0.8955,0.9221,0.8108,0.7895,0.9375
268,ResNet+AE,0.806,0.8721,0.6667,0.5417,0.9535
269,ResNet+AE,0.8209,0.7769,0.76,0.6129,1.0
270,ResNet+AE,0.8657,0.8137,0.6897,0.625,0.9412
271,ResNet+AE,0.8358,0.9203,0.7027,0.619,0.9348
272,ResNet+AE,0.806,0.8576,0.6486,0.5455,0.9333
273,ResNet+AE,0.8358,0.9288,0.807,0.7667,0.8919
274,ResNet+AE,0.806,0.8075,0.6286,0.5238,0.9348
275,ResNet+AE,0.7313,0.7967,0.6087,0.4828,0.9211
276,ResNet+AE,0.8657,0.9031,0.7692,0.625,1.0
277,ResNet+AE,0.8955,0.8872,0.8293,0.85,0.9149
278,ResNet+AE,0.9104,0.9397,0.8333,0.7895,0.9583
279,ResNet+AE,0.7463,0.902,0.6667,0.5862,0.8684
280,ResNet+AE,0.7761,0.874,0.6512,0.5833,0.8837
281,ResNet+AE,0.8358,0.8799,0.7317,0.7143,0.8913
282,ResNet+AE,0.8955,0.9441,0.8108,0.7895,0.9375
283,ResNet+AE,0.8507,0.8894,0.7059,0.6,0.9574
284,ResNet+AE,0.8806,0.9241,0.8462,0.8148,0.925
285,ResNet+AE,0.8657,0.9723,0.7805,0.6957,0.9545
286,ResNet+AE,0.8657,0.9626,0.7692,0.6818,0.9556
287,ResNet+AE,0.8507,0.8543,0.7059,0.6,0.9574
288,ResNet+AE,0.791,0.8737,0.6111,0.5,0.9333
289,ResNet+AE,0.8955,0.9106,0.8108,0.75,0.9574
290,ResNet+AE,0.8806,0.9265,0.7333,0.6875,0.9412
291,ResNet+AE,0.8657,0.939,0.8085,0.7308,0.9512
292,ResNet+AE,0.8209,0.8946,0.7692,0.6667,0.9459
293,ResNet+AE,0.8358,0.862,0.766,0.6667,0.95
294,ResNet+AE,0.8806,0.9099,0.8519,0.7667,0.973
295,ResNet+AE,0.8358,0.9185,0.7925,0.75,0.8974
296,ResNet+AE,0.8657,0.9276,0.7429,0.6842,0.9375
297,ResNet+AE,0.806,0.8557,0.7347,0.6207,0.9474
298,ResNet+AE,0.8507,0.9615,0.7059,0.6667,0.9184
299,ResNet+AE,0.9701,0.9901,0.9444,0.8947,1.0
300,ResNet+AE,0.806,0.8449,0.6829,0.6087,0.9091
301,ResNet+AE,0.791,0.8905,0.7083,0.68,0.8571
302,ResNet+AE,0.8657,0.9232,0.6897,0.7143,0.9057
303,ResNet+AE,0.8507,0.9358,0.7619,0.7619,0.8913
304,ResNet+AE,0.8806,0.9242,0.8,0.7273,0.9556
305,ResNet+AE,0.7761,0.8333,0.6809,0.5714,0.9231
306,ResNet+AE,0.8358,0.8972,0.766,0.7826,0.8636
307,ResNet+AE,0.806,0.8033,0.6977,0.625,0.907
308,ResNet+AE,0.8657,0.9152,0.7692,0.6818,0.9556
309,ResNet+AE,0.9104,0.9326,0.8,0.75,0.9608
310,ResNet+AE,0.8507,0.8605,0.7059,0.6667,0.9184
311,ResNet+AE,0.8657,0.918,0.7568,0.6087,1.0
312,ResNet+AE,0.8806,0.9605,0.8182,0.7826,0.9318
313,ResNet+AE,0.7612,0.8553,0.5556,0.5,0.8723
314,ResNet+AE,0.8507,0.795,0.75,0.7143,0.913
315,ResNet+AE,0.8955,0.8933,0.8444,0.8261,0.9318
316,ResNet+AE,0.8806,0.9162,0.8182,0.72,0.9762
317,ResNet+AE,0.8507,0.8253,0.75,0.6818,0.9333
318,ResNet+AE,0.9104,0.94,0.8125,0.7647,0.96
319,ResNet+AE,0.8806,0.9096,0.7778,0.7,0.9574
320,ResNet+AE,0.8507,0.9002,0.7826,0.7826,0.8864
321,ResNet+AE,0.8955,0.8935,0.72,0.6429,0.9623
322,ResNet+AE,0.791,0.9419,0.6957,0.6667,0.8605
323,ResNet+AE,0.8209,0.8986,0.6842,0.619,0.913
324,ResNet+AE,0.791,0.8602,0.6957,0.7619,0.8043
325,ResNet+AE,0.8657,0.8837,0.7907,0.7083,0.9535
326,ResNet+AE,0.8358,0.9343,0.766,0.6923,0.9268
327,ResNet+AE,0.791,0.8533,0.6667,0.56,0.9286
328,ResNet+AE,0.8955,0.9615,0.8627,0.7857,0.9744
329,ResNet+AE,0.8507,0.9451,0.7368,0.6667,0.9348
330,ResNet+AE,0.8955,0.8412,0.7879,0.7647,0.94
331,ResNet+AE,0.9104,0.9091,0.85,0.7727,0.9778
332,ResNet+AE,0.7612,0.9267,0.6667,0.5714,0.8974
333,ResNet+AE,0.9552,0.9518,0.9189,0.8947,0.9792
334,ResNet+AE,0.8358,0.7415,0.6857,0.6,0.9362
335,ResNet+AE,0.8209,0.7145,0.5,0.375,0.9608
336,ResNet+AE,0.8507,0.8509,0.7059,0.6316,0.9375
337,ResNet+AE,0.8358,0.8571,0.766,0.72,0.9048
338,ResNet+AE,0.8507,0.8982,0.7619,0.6957,0.9318
339,ResNet+AE,0.8507,0.9091,0.7368,0.6087,0.9773
340,ResNet+AE,0.8806,0.9181,0.7895,0.75,0.9362
341,ResNet+AE,0.9104,0.9188,0.7692,0.7692,0.9444
342,ResNet+AE,0.8657,0.8794,0.7097,0.5789,0.9792
343,ResNet+AE,0.8657,0.9293,0.7692,0.6818,0.9556
344,ResNet+AE,0.9701,0.9436,0.9333,0.875,1.0
345,ResNet+AE,0.8657,0.8837,0.7907,0.7083,0.9535
346,ResNet+AE,0.8955,0.843,0.8293,0.7083,1.0
347,ResNet+AE,0.7612,0.7943,0.6667,0.64,0.8333
348,ResNet+AE,0.8209,0.6809,0.4545,0.3846,0.9259
349,ResNet+AE,0.8358,0.813,0.7755,0.7037,0.925
350,ResNet+AE,0.8507,0.8658,0.8148,0.7333,0.9459
351,ResNet+AE,0.8657,0.8926,0.8235,0.7778,0.925
352,ResNet+AE,0.8507,0.8982,0.7727,0.7391,0.9091
353,ResNet+AE,0.8358,0.9118,0.7843,0.7692,0.878
354,ResNet+AE,0.8657,0.8586,0.7273,0.6316,0.9583
355,ResNet+AE,0.9104,0.9444,0.8571,0.8182,0.9556
356,ResNet+AE,0.8209,0.9139,0.7692,0.7143,0.8974
357,ResNet+AE,0.9254,0.9834,0.8889,0.9524,0.913
358,ResNet+AE,0.8209,0.862,0.76,0.7037,0.9
359,ResNet+AE,0.8507,0.8717,0.7368,0.6364,0.9556
360,ResNet+AE,0.7612,0.8054,0.5556,0.4762,0.8913
361,ResNet+AE,0.7612,0.8143,0.619,0.52,0.9048
362,ResNet+AE,0.8657,0.9379,0.7805,0.7619,0.913
363,ResNet+AE,0.8657,0.8443,0.8,0.6923,0.9756
364,ResNet+AE,0.7761,0.9,0.6809,0.5926,0.9
365,ResNet+AE,0.8657,0.903,0.7805,0.7273,0.9333
366,ResNet+AE,0.8806,0.9702,0.8095,0.85,0.8936
367,ResNet+AE,0.791,0.8106,0.6111,0.55,0.8936
368,ResNet+AE,0.8507,0.9377,0.7917,0.8261,0.8636
369,ResNet+AE,0.8806,0.9554,0.8182,0.75,0.9535
370,ResNet+AE,0.791,0.8626,0.7083,0.6071,0.9231
371,ResNet+AE,0.8358,0.8322,0.6452,0.5556,0.9388
372,ResNet+AE,0.8358,0.8333,0.7843,0.7143,0.9231
373,ResNet+AE,0.8209,0.8379,0.75,0.6429,0.9487
374,ResNet+AE,0.9403,0.9798,0.8947,0.85,0.9787
375,ResNet+AE,0.806,0.8865,0.7636,0.7,0.8919
376,ResNet+AE,0.806,0.9238,0.7547,0.6897,0.8947
377,ResNet+AE,0.8955,0.9103,0.72,0.6923,0.9444
378,ResNet+AE,0.8955,0.9824,0.8679,0.8519,0.925
379,ResNet+AE,0.8209,0.9368,0.75,0.6429,0.9487
380,ResNet+AE,0.9104,0.9524,0.875,0.84,0.9524
381,ResNet+AE,0.9403,0.9387,0.875,0.875,0.9608
382,ResNet+AE,0.7761,0.8131,0.6154,0.5455,0.8889
383,ResNet+AE,0.8955,0.9176,0.7879,0.7647,0.94
384,ResNet+AE,0.8358,0.9341,0.7442,0.6667,0.9302
385,ResNet+AE,0.9104,0.9756,0.8125,0.8667,0.9231
386,ResNet+AE,0.8955,0.8944,0.8205,0.7619,0.9565
387,ResNet+AE,0.8806,0.9213,0.7778,0.6667,0.9783
388,ResNet+AE,0.9104,0.9496,0.8636,0.7917,0.9767
389,ResNet+AE,0.8955,0.9755,0.7879,0.8125,0.9216
390,ResNet+AE,0.8507,0.9002,0.7059,0.6316,0.9375
391,ResNet+AE,0.8806,0.9263,0.7647,0.7222,0.9388
392,ResNet+AE,0.8955,0.8876,0.8372,0.72,1.0
393,ResNet+AE,0.8507,0.9118,0.7826,0.6923,0.9512
394,ResNet+AE,0.8806,0.9379,0.8095,0.8095,0.913
395,ResNet+AE,0.8358,0.8684,0.6667,0.5789,0.9375
396,ResNet+AE,0.9403,0.9383,0.9286,0.8966,0.9737
397,ResNet+AE,0.9104,0.9586,0.8421,0.7619,0.9783
398,ResNet+AE,0.8657,0.8922,0.6667,0.5625,0.9608
399,ResNet+AE,0.8955,0.9419,0.8511,0.8333,0.9302
400,ResNet+AE,0.806,0.7574,0.7111,0.5926,0.95
401,ResNet+AE,0.8358,0.8081,0.6207,0.4737,0.9792
402,ResNet+AE,0.8358,0.8766,0.7925,0.7,0.9459
403,ResNet+AE,0.8507,0.9002,0.75,0.625,0.9767
404,ResNet+AE,0.7463,0.7838,0.5854,0.48,0.9048
405,ResNet+AE,0.8209,0.9289,0.7143,0.6522,0.9091
406,ResNet+AE,0.8955,0.9822,0.8627,0.8462,0.9268
407,ResNet+AE,0.8806,0.9388,0.7778,0.8235,0.9
408,ResNet+AE,0.8657,0.914,0.8,0.7826,0.9091
409,ResNet+AE,0.8358,0.7391,0.7027,0.619,0.9348
410,ResNet+AE,0.8358,0.9034,0.7442,0.6154,0.9756
411,ResNet+AE,0.8358,0.8298,0.7027,0.65,0.9149
412,ResNet+AE,0.9254,0.9619,0.902,0.92,0.9286
413,ResNet+AE,0.8806,0.8293,0.8,0.7273,0.9556
414,ResNet+AE,0.791,0.9258,0.7083,0.6071,0.9231
415,ResNet+AE,0.8358,0.8848,0.7317,0.6818,0.9111
416,ResNet+AE,0.9254,0.9833,0.8276,0.8,0.9615
417,ResNet+AE,0.8806,0.9359,0.7333,0.7333,0.9231
418,ResNet+AE,0.8209,0.8118,0.625,0.5556,0.9184
419,ResNet+AE,0.8507,0.9446,0.8077,0.7241,0.9474
420,ResNet+AE,0.9254,0.9923,0.8,0.6667,1.0
421,ResNet+AE,0.8358,0.9165,0.7843,0.6897,0.9474
422,ResNet+AE,0.8358,0.9358,0.7027,0.5652,0.9773
423,ResNet+AE,0.806,0.8311,0.7111,0.6154,0.9268
424,ResNet+AE,0.8209,0.8636,0.6842,0.5652,0.9545
425,ResNet+AE,0.8358,0.8148,0.7556,0.6296,0.975
426,ResNet+AE,0.8657,0.9379,0.7805,0.7619,0.913
427,ResNet+AE,0.8209,0.9042,0.7273,0.6957,0.8864
428,ResNet+AE,0.8657,0.9447,0.8,0.7826,0.9091
429,ResNet+AE,0.8806,0.9068,0.7895,0.7143,0.9565
430,ResNet+AE,0.8209,0.8566,0.6667,0.5455,0.9556
431,ResNet+AE,0.8657,0.8271,0.7805,0.7619,0.913
432,ResNet+AE,0.9254,0.9943,0.8718,0.9444,0.9184
433,ResNet+AE,0.8507,0.8747,0.7222,0.5909,0.9778
434,ResNet+AE,0.8507,0.8659,0.8,0.7692,0.9024
435,ResNet+AE,0.8209,0.8444,0.5,0.375,0.9608
436,ResNet+AE,0.8209,0.8779,0.7,0.5833,0.9535
437,ResNet+AE,0.8209,0.9485,0.6471,0.5,0.9778
438,ResNet+AE,0.8507,0.8623,0.7368,0.6667,0.9348
439,ResNet+AE,0.8358,0.7713,0.766,0.6667,0.95
440,ResNet+AE,0.7313,0.8448,0.6667,0.72,0.7381
441,ResNet+AE,0.8806,0.8872,0.7895,0.7143,0.9565
442,ResNet+AE,0.8657,0.9448,0.8,0.75,0.9302
443,ResNet+AE,0.8358,0.8242,0.7317,0.6818,0.9111
444,ResNet+AE,0.806,0.8636,0.6667,0.5909,0.9111
445,ResNet+AE,0.8657,0.9212,0.8302,0.7857,0.9231
446,ResNet+AE,0.8657,0.9417,0.8,0.7826,0.9091
447,ResNet+AE,0.8209,0.9659,0.7692,0.6452,0.9722
448,ResNet+AE,0.8209,0.9059,0.7778,0.6774,0.9444
449,ResNet+AE,0.8358,0.8435,0.7556,0.6296,0.975
450,ResNet+AE,0.806,0.8468,0.6829,0.6087,0.9091
451,ResNet+AE,0.8806,0.8715,0.8182,0.6923,1.0
452,ResNet+AE,0.791,0.8838,0.7083,0.5667,0.973
453,ResNet+AE,0.8358,0.9381,0.7442,0.6154,0.9756
454,ResNet+AE,0.8955,0.92,0.8511,0.8,0.9524
455,ResNet+AE,0.8209,0.8376,0.6,0.5294,0.92
456,ResNet+AE,0.8507,0.9283,0.75,0.6818,0.9333
457,ResNet+AE,0.8209,0.7517,0.6471,0.6111,0.898
458,ResNet+AE,0.8209,0.941,0.7,0.56,0.9762
459,ResNet+AE,0.791,0.82,0.7083,0.68,0.8571
460,ResNet+AE,0.8806,0.9475,0.8,0.7273,0.9556
461,ResNet+AE,0.8507,0.9667,0.7917,0.7037,0.95
462,ResNet+AE,0.8358,0.921,0.7843,0.8,0.8571
463,ResNet+AE,0.8806,0.8938,0.84,0.75,0.9744
464,ResNet+AE,0.806,0.823,0.6486,0.5714,0.913
465,ResNet+AE,0.8657,0.9043,0.8,0.6923,0.9756
466,ResNet+AE,0.791,0.8687,0.6667,0.5385,0.9512
467,ResNet+AE,0.8507,0.9101,0.7619,0.7273,0.9111
468,ResNet+AE,0.8657,0.9419,0.7692,0.7895,0.8958
469,ResNet+AE,0.9104,0.9101,0.8571,0.7826,0.9773
470,ResNet+AE,0.8657,0.9503,0.8,0.6923,0.9756
471,ResNet+AE,0.8507,0.9043,0.7727,0.6538,0.9756
472,ResNet+AE,0.8507,0.9196,0.8387,0.8125,0.8857
473,ResNet+AE,0.8209,0.9025,0.6471,0.6111,0.898
474,ResNet+AE,0.8507,0.8309,0.7059,0.6,0.9574
475,ResNet+AE,0.8657,0.9505,0.8475,0.8333,0.8919
476,ResNet+AE,0.9254,0.9101,0.8571,0.7895,0.9792
477,ResNet+AE,0.8507,0.9447,0.7917,0.7308,0.9268
478,ResNet+AE,0.8657,0.9568,0.8302,0.7333,0.973
479,ResNet+AE,0.8657,0.9046,0.7568,0.7368,0.9167
480,ResNet+AE,0.8806,0.9559,0.84,0.8077,0.9268
481,ResNet+AE,0.9104,0.9275,0.8421,0.7619,0.9783
482,ResNet+AE,0.9104,0.9891,0.85,0.7391,1.0
483,ResNet+AE,0.8657,0.9296,0.7568,0.6667,0.9565
484,ResNet+AE,0.8507,0.9021,0.7826,0.75,0.907
485,ResNet+AE,0.8358,0.8004,0.6452,0.5263,0.9583
486,ResNet+AE,0.9104,0.9218,0.8,0.8,0.9423
487,ResNet+AE,0.8358,0.9056,0.6667,0.6875,0.8824
488,ResNet+AE,0.8657,0.8996,0.8085,0.7308,0.9512
489,ResNet+AE,0.8209,0.8602,0.7857,0.7097,0.9167
490,ResNet+AE,0.8507,0.9229,0.8,0.6897,0.9737
491,ResNet+AE,0.791,0.8763,0.72,0.5806,0.9722
492,ResNet+AE,0.806,0.8379,0.7451,0.6786,0.8974
493,ResNet+AE,0.8657,0.9027,0.7907,0.8095,0.8913
494,ResNet+AE,0.8507,0.8866,0.7826,0.75,0.907
495,ResNet+AE,0.8507,0.8575,0.7059,0.6316,0.9375
496,ResNet+AE,0.8955,0.9485,0.8372,0.8182,0.9333
497,ResNet+AE,0.9104,0.9569,0.8333,0.8333,0.9388
498,ResNet+AE,0.806,0.784,0.6286,0.55,0.9149
499,ResNet+AE,0.8507,0.9241,0.8,0.7407,0.925
500,ResNet+AE,0.8806,0.8394,0.7895,0.75,0.9362
501,ResNet+AE,0.8358,0.9661,0.8254,0.8125,0.8571
502,ResNet+AE,0.8209,0.896,0.75,0.8182,0.8222
503,ResNet+AE,0.8657,0.8926,0.7429,0.65,0.9574
504,ResNet+AE,0.9104,0.9475,0.8846,0.8846,0.9268
505,ResNet+AE,0.8507,0.8479,0.7619,0.6667,0.9535
506,ResNet+AE,0.9104,0.9603,0.875,0.875,0.9302
507,ResNet+AE,0.8657,0.8759,0.8085,0.7037,0.975
508,ResNet+AE,0.8358,0.8261,0.7027,0.619,0.9348
509,ResNet+AE,0.8955,0.9596,0.8293,0.8095,0.9348
510,ResNet+AE,0.8507,0.8741,0.7222,0.7222,0.898
511,ResNet+AE,0.8507,0.9148,0.7917,0.7037,0.95
512,ResNet+AE,0.8657,0.8923,0.7568,0.6667,0.9565
513,ResNet+AE,0.8209,0.85,0.7391,0.6296,0.95
514,ResNet+AE,0.8657,0.9638,0.7907,0.8095,0.8913
515,ResNet+AE,0.8657,0.9626,0.8,0.8182,0.8889
516,ResNet+AE,0.8209,0.9467,0.75,0.75,0.8605
517,ResNet+AE,0.9104,0.8838,0.8125,0.6842,1.0
518,ResNet+AE,0.7313,0.8085,0.5909,0.4483,0.9474
519,ResNet+AE,0.9104,0.9486,0.8636,0.8261,0.9545
520,ResNet+AE,0.8209,0.9212,0.7273,0.7273,0.8667
521,ResNet+AE,0.9104,0.9485,0.8235,0.875,0.9216
522,ResNet+AE,0.8358,0.9167,0.7843,0.7407,0.9
523,ResNet+AE,0.8806,0.9525,0.8,0.7273,0.9556
524,ResNet+AE,0.8507,0.8696,0.7368,0.7778,0.8776
525,ResNet+AE,0.806,0.8162,0.7111,0.64,0.9048
526,ResNet+AE,0.8209,0.7776,0.625,0.5882,0.9
527,ResNet+AE,0.8507,0.8827,0.7619,0.8421,0.8542
528,ResNet+AE,0.7164,0.8033,0.5778,0.5417,0.814
529,ResNet+AE,0.8209,0.8485,0.7143,0.6818,0.8889
530,ResNet+AE,0.8358,0.9018,0.7925,0.7,0.9459
531,ResNet+AE,0.9403,0.961,0.9167,0.88,0.9762
532,ResNet+AE,0.8806,0.9317,0.8095,0.8095,0.913
533,ResNet+AE,0.806,0.845,0.6977,0.625,0.907
534,ResNet+AE,0.8358,0.8899,0.7556,0.7727,0.8667
535,ResNet+AE,0.7164,0.8489,0.6415,0.6071,0.7949
536,ResNet+AE,0.8358,0.9106,0.7179,0.7,0.8936
537,ResNet+AE,0.7313,0.795,0.5263,0.4762,0.8478
538,ResNet+AE,0.8358,0.8662,0.7027,0.6842,0.8958
539,ResNet+AE,0.9403,0.9513,0.8182,0.8182,0.9643
540,ResNet+AE,0.8209,0.9368,0.75,0.6429,0.9487
541,ResNet+AE,0.8507,0.7577,0.6429,0.6,0.9231
542,ResNet+AE,0.7761,0.8855,0.6939,0.6071,0.8974
543,ResNet+AE,0.9254,0.9397,0.8571,0.7895,0.9792
544,ResNet+AE,0.8657,0.9371,0.8085,0.76,0.9286
545,ResNet+AE,0.8507,0.9046,0.7917,0.7037,0.95
546,ResNet+AE,0.8955,0.9419,0.8511,0.8,0.9524
547,ResNet+AE,0.8806,0.9318,0.75,0.7059,0.94
548,ResNet+AE,0.8806,0.9486,0.8261,0.76,0.9524
549,ResNet+AE,0.8806,0.8606,0.7895,0.75,0.9362
550,ResNet+AE,0.8358,0.8676,0.7317,0.6522,0.9318
551,ResNet+AE,0.8507,0.9071,0.8077,0.8077,0.878
552,ResNet+AE,0.8507,0.8866,0.8276,0.75,0.9429
553,ResNet+AE,0.8209,0.8293,0.7391,0.6538,0.9268
554,ResNet+AE,0.8806,0.9444,0.7143,0.7692,0.9074
555,ResNet+AE,0.8806,0.8794,0.8,0.6957,0.9773
556,ResNet+AE,0.8507,0.8771,0.7826,0.72,0.9286
557,ResNet+AE,0.8806,0.9074,0.84,0.7778,0.95
558,ResNet+AE,0.8507,0.8728,0.7059,0.6316,0.9375
559,ResNet+AE,0.8955,0.919,0.8372,0.7826,0.9545
560,ResNet+AE,0.9104,0.9306,0.85,0.8095,0.9565
561,ResNet+AE,0.8955,0.9148,0.8679,0.8214,0.9487
562,ResNet+AE,0.8657,0.9081,0.7805,0.7273,0.9333
563,ResNet+AE,0.9104,0.9588,0.8333,0.8824,0.92
564,ResNet+AE,0.8657,0.8914,0.7273,0.6316,0.9583
565,ResNet+AE,0.8358,0.8543,0.7317,0.6,0.9762
566,ResNet+AE,0.806,0.9293,0.6286,0.5,0.9556
567,ResNet+AE,0.9104,0.9174,0.88,0.8462,0.9512
568,ResNet+AE,0.8657,0.902,0.7907,0.7727,0.9111
569,ResNet+AE,0.9104,0.9532,0.8421,0.8,0.9574
570,ResNet+AE,0.8358,0.8745,0.7843,0.7143,0.9231
571,ResNet+AE,0.8507,0.8665,0.7368,0.6667,0.9348
572,ResNet+AE,0.9851,1.0,0.9796,0.96,1.0
573,ResNet+AE,0.791,0.9091,0.75,0.6176,0.9697
574,ResNet+AE,0.806,0.8324,0.7111,0.6667,0.8837
575,ResNet+AE,0.9104,0.9543,0.8421,0.8,0.9574
576,ResNet+AE,0.8657,0.9428,0.8163,0.7692,0.9268
577,ResNet+AE,0.8209,0.8953,0.75,0.7826,0.8409
578,ResNet+AE,0.7463,0.8924,0.5854,0.48,0.9048
579,ResNet+AE,0.8507,0.9341,0.8148,0.7857,0.8974
580,ResNet+AE,0.8806,0.8447,0.7647,0.65,0.9787
581,ResNet+AE,0.8209,0.8313,0.6667,0.5455,0.9556
582,ResNet+AE,0.791,0.765,0.65,0.619,0.8696
583,ResNet+AE,0.8358,0.8311,0.6667,0.5789,0.9375
584,ResNet+AE,0.8358,0.9099,0.7755,0.7308,0.9024
585,ResNet+AE,0.8507,0.934,0.7222,0.65,0.9362
586,ResNet+AE,0.791,0.8848,0.7308,0.76,0.8095
587,ResNet+AE,0.8955,0.9051,0.8108,0.6818,1.0
588,ResNet+AE,0.8657,0.9387,0.8085,0.8261,0.8864
589,ResNet+AE,0.8955,0.9606,0.8444,0.8636,0.9111
590,ResNet+AE,0.8358,0.7947,0.6667,0.55,0.9574
591,ResNet+AE,0.8507,0.8313,0.7368,0.6364,0.9556
592,ResNet+AE,0.8955,0.8612,0.7407,0.7143,0.9434
593,ResNet+AE,0.8657,0.9619,0.8163,0.6897,1.0
594,ResNet+AE,0.8657,0.9209,0.8,0.7826,0.9091
595,ResNet+AE,0.9254,0.9773,0.8485,0.7778,0.9796
596,ResNet+AE,0.806,0.8561,0.6286,0.5238,0.9348
597,ResNet+AE,0.8657,0.8946,0.7429,0.7222,0.9184
598,ResNet+AE,0.9104,0.9578,0.875,0.8077,0.9756
599,ResNet+AE,0.791,0.8619,0.65,0.52,0.9524
600,ResNet+AE,0.8657,0.8939,0.7692,0.6818,0.9556
601,ResNet+AE,0.8358,0.9234,0.7179,0.7,0.8936
602,ResNet+AE,0.791,0.8106,0.5625,0.45,0.9362
603,ResNet+AE,0.9254,0.8456,0.8276,0.75,0.9804
604,ResNet+AE,0.806,0.8351,0.6667,0.65,0.8723
605,ResNet+AE,0.8806,0.9351,0.8333,0.8333,0.907
606,ResNet+AE,0.8806,0.9012,0.8,0.6957,0.9773
607,ResNet+AE,0.791,0.8722,0.6957,0.5926,0.925
608,ResNet+AE,0.8358,0.8715,0.7179,0.6087,0.9545
609,ResNet+AE,0.8806,0.8571,0.8182,0.72,0.9762
610,ResNet+AE,0.8806,0.9574,0.8,0.8,0.9149
611,ResNet+AE,0.806,0.7426,0.6061,0.5556,0.898
612,ResNet+AE,0.9254,0.9894,0.8718,0.85,0.9574
613,ResNet+AE,0.8955,0.8968,0.8108,0.75,0.9574
614,ResNet+AE,0.8806,0.914,0.8095,0.7391,0.9545
615,ResNet+AE,0.8806,0.8499,0.7895,0.7143,0.9565
616,ResNet+AE,0.8507,0.899,0.8077,0.84,0.8571
617,ResNet+AE,0.8358,0.955,0.7925,0.8077,0.8537
618,ResNet+AE,0.806,0.8702,0.6829,0.5833,0.9302
619,ResNet+AE,0.8657,0.9216,0.7273,0.75,0.902
620,ResNet+AE,0.8507,0.8799,0.7826,0.6923,0.9512
621,ResNet+AE,0.8507,0.7946,0.7727,0.7083,0.9302
622,ResNet+AE,0.9104,0.9387,0.8636,0.8261,0.9545
623,ResNet+AE,0.8657,0.9437,0.8163,0.7692,0.9268
624,ResNet+AE,0.7761,0.9624,0.6939,0.5484,0.9722
625,ResNet+AE,0.791,0.875,0.6818,0.625,0.8837
626,ResNet+AE,0.8806,0.9079,0.7895,0.7143,0.9565
627,ResNet+AE,0.8806,0.9803,0.8182,0.8571,0.8913
628,ResNet+AE,0.8657,0.8675,0.7805,0.7619,0.913
629,ResNet+AE,0.791,0.8597,0.65,0.5652,0.9091
630,ResNet+AE,0.8806,0.9089,0.8,0.7619,0.9348
631,ResNet+AE,0.806,0.8648,0.7347,0.6667,0.9
632,ResNet+AE,0.8657,0.838,0.8085,0.7037,0.975
633,ResNet+AE,0.9104,0.9734,0.8571,0.9,0.9149
634,ResNet+AE,0.8209,0.8684,0.75,0.6207,0.9737
635,ResNet+AE,0.8358,0.8798,0.7179,0.5833,0.9767
636,ResNet+AE,0.8955,0.8738,0.7742,0.75,0.9412
637,ResNet+AE,0.8806,0.9671,0.7778,0.8235,0.9
638,ResNet+AE,0.8358,0.9057,0.7556,0.68,0.9286
639,ResNet+AE,0.791,0.7667,0.6957,0.5926,0.925
640,ResNet+AE,0.8209,0.9313,0.6842,0.5909,0.9333
641,ResNet+AE,0.8209,0.882,0.76,0.6552,0.9474
642,ResNet+AE,0.9104,0.9787,0.8636,0.7917,0.9767
643,ResNet+AE,0.8657,0.8848,0.7907,0.7727,0.9111
644,ResNet+AE,0.8806,0.9595,0.8182,0.7826,0.9318
645,ResNet+AE,0.9254,0.9512,0.902,0.8846,0.9512
646,ResNet+AE,0.806,0.8137,0.6061,0.4762,0.9565
647,ResNet+AE,0.806,0.8565,0.7234,0.6538,0.9024
648,ResNet+AE,0.8358,0.8948,0.8136,0.7273,0.9412
649,ResNet+AE,0.8209,0.9085,0.6667,0.6,0.9149
650,ResNet+AE,0.8358,0.8996,0.7556,0.6538,0.9512
651,ResNet+AE,0.7761,0.8274,0.6667,0.5769,0.9024
652,ResNet+AE,0.8358,0.8959,0.766,0.6923,0.9268
653,ResNet+AE,0.791,0.8438,0.6667,0.56,0.9286
654,ResNet+AE,0.8955,0.9415,0.8293,0.85,0.9149
655,ResNet+AE,0.8507,0.8564,0.7059,0.6316,0.9375
656,ResNet+AE,0.8806,0.9274,0.7778,0.7778,0.9184
657,ResNet+AE,0.8955,0.971,0.8679,0.7931,0.9737
658,ResNet+AE,0.8806,0.9184,0.7778,0.7778,0.9184
659,ResNet+AE,0.8806,0.9428,0.8261,0.7308,0.9756
660,ResNet+AE,0.8657,0.8771,0.8085,0.76,0.9286
661,ResNet+AE,0.9552,0.9719,0.9362,0.9167,0.9767
662,ResNet+AE,0.8657,0.9101,0.8,0.8182,0.8889
663,ResNet+AE,0.8358,0.8972,0.7317,0.6522,0.9318
664,ResNet+AE,0.8358,0.8914,0.7027,0.6842,0.8958
665,ResNet+AE,0.9104,0.9254,0.8696,0.8333,0.9535
666,ResNet+AE,0.8358,0.8613,0.6857,0.5714,0.9565
667,ResNet+AE,0.806,0.8706,0.6286,0.5238,0.9348
668,ResNet+AE,0.8507,0.8595,0.7619,0.6667,0.9535
669,ResNet+AE,0.7612,0.7778,0.5789,0.5,0.8889
670,ResNet+AE,0.8955,0.9539,0.8108,0.7895,0.9375
671,ResNet+AE,0.7612,0.8349,0.6667,0.6154,0.8537
672,ResNet+AE,0.806,0.8455,0.6977,0.6818,0.8667
673,ResNet+AE,0.8657,0.897,0.7907,0.7727,0.9111
674,ResNet+AE,0.806,0.9043,0.6286,0.55,0.9149
675,ResNet+AE,0.8507,0.83,0.7059,0.6316,0.9375
676,ResNet+AE,0.8209,0.7655,0.7143,0.625,0.9302
677,ResNet+AE,0.7612,0.7287,0.619,0.5417,0.8837
678,ResNet+AE,0.9104,0.9397,0.8636,0.8261,0.9545
679,ResNet+AE,0.8507,0.9444,0.75,0.6818,0.9333
680,ResNet+AE,0.806,0.837,0.7111,0.5926,0.95
681,ResNet+AE,0.9104,0.9709,0.88,0.8462,0.9512
682,ResNet+AE,0.8955,0.9079,0.7879,0.6842,0.9792
683,ResNet+AE,0.9403,0.9101,0.9048,0.8636,0.9778
684,ResNet+AE,0.8507,0.9234,0.7368,0.7,0.9149
685,ResNet+AE,0.806,0.8676,0.6667,0.5652,0.9318
686,ResNet+AE,0.8507,0.8509,0.7222,0.619,0.9565
687,ResNet+AE,0.9104,0.9855,0.8571,0.8571,0.9348
688,ResNet+AE,0.8507,0.8271,0.75,0.7143,0.913
689,ResNet+AE,0.9254,0.9597,0.902,0.8214,1.0
690,ResNet+AE,0.8209,0.8975,0.7857,0.7586,0.8684
691,ResNet+AE,0.9104,0.9783,0.8571,0.8571,0.9348
692,ResNet+AE,0.9403,0.9737,0.9091,0.9091,0.9556
693,ResNet+AE,0.7612,0.8391,0.6,0.5,0.907
694,ResNet+AE,0.8657,0.8992,0.7907,0.7391,0.9318
695,ResNet+AE,0.7313,0.7752,0.6087,0.56,0.8333
696,ResNet+AE,0.8955,0.9152,0.8511,0.8,0.9524
697,ResNet+AE,0.8507,0.8619,0.7917,0.76,0.9048
698,ResNet+AE,0.8358,0.8406,0.7317,0.7143,0.8913
699,ResNet+AE,0.8209,0.8944,0.75,0.6667,0.925
700,ResNet+AE,0.8806,0.8711,0.8182,0.75,0.9535
701,ResNet+AE,0.8507,0.8818,0.7619,0.7273,0.9111
702,ResNet+AE,0.8955,0.9138,0.8444,0.7917,0.9535
703,ResNet+AE,0.8657,0.9212,0.7097,0.6471,0.94
704,ResNet+AE,0.8806,0.9298,0.8095,0.7391,0.9545
705,ResNet+AE,0.8955,0.9234,0.8205,0.7619,0.9565
706,ResNet+AE,0.8955,0.9306,0.8627,0.8462,0.9268
707,ResNet+AE,0.806,0.8116,0.6667,0.619,0.8913
708,ResNet+AE,0.8806,0.883,0.7778,0.6667,0.9783
709,ResNet+AE,0.8806,0.9384,0.8667,0.8125,0.9429
710,ResNet+AE,0.8209,0.8276,0.7273,0.64,0.9286
711,ResNet+AE,0.8806,0.9456,0.8333,0.7692,0.9512
712,ResNet+AE,0.7463,0.7805,0.6047,0.5,0.9024
713,ResNet+AE,0.8209,0.9234,0.7857,0.7333,0.8919
714,ResNet+AE,0.8955,0.9545,0.8372,0.7826,0.9545
715,ResNet+AE,0.791,0.8424,0.6667,0.5385,0.9512
716,ResNet+AE,0.9403,0.9482,0.9048,0.9048,0.9565
717,ResNet+AE,0.8209,0.8462,0.7391,0.6538,0.9268
718,ResNet+AE,0.8507,0.8479,0.7368,0.7,0.9149
719,ResNet+AE,0.8657,0.9101,0.7907,0.7727,0.9111
720,ResNet+AE,0.8806,0.9035,0.7778,0.7368,0.9375
721,ResNet+AE,0.8209,0.8869,0.7273,0.7273,0.8667
722,ResNet+AE,0.8657,0.9239,0.7907,0.7391,0.9318
723,ResNet+AE,0.791,0.803,0.6957,0.6154,0.9024
724,ResNet+AE,0.8657,0.8359,0.6897,0.6667,0.9231
725,ResNet+AE,0.9403,0.9731,0.8571,0.8,0.9808
726,ResNet+AE,0.8657,0.9299,0.6667,0.6429,0.9245
727,ResNet+AE,0.8806,0.9533,0.8333,0.8,0.9286
728,ResNet+AE,0.8657,0.9694,0.7273,0.75,0.902
729,ResNet+AE,0.8955,0.92,0.7742,0.7059,0.96
730,ResNet+AE,0.7761,0.8696,0.6667,0.5769,0.9024
731,ResNet+AE,0.8955,0.9625,0.8571,0.913,0.8864
732,ResNet+AE,0.8806,0.9171,0.8261,0.76,0.9524
733,ResNet+AE,0.7463,0.8159,0.6531,0.5714,0.8718
734,ResNet+AE,0.8507,0.9381,0.7917,0.7308,0.9268
735,ResNet+AE,0.806,0.8819,0.7347,0.6429,0.9231
736,ResNet+AE,0.806,0.8077,0.6977,0.5769,0.9512
737,ResNet+AE,0.8806,0.8764,0.75,0.6667,0.9592
738,ResNet+AE,0.8955,0.9628,0.8108,0.75,0.9574
739,ResNet+AE,0.8955,0.9121,0.8293,0.7727,0.9556
740,ResNet+AE,0.8806,0.917,0.8,0.8,0.9149
741,ResNet+AE,0.8209,0.8566,0.6667,0.5455,0.9556
742,ResNet+AE,0.8657,0.9192,0.7568,0.6364,0.9778
743,ResNet+AE,0.8507,0.7576,0.7368,0.6364,0.9556
744,ResNet+AE,0.8955,0.9167,0.7742,0.75,0.9412
745,ResNet+AE,0.7761,0.8602,0.6512,0.5185,0.95
746,ResNet+AE,0.7761,0.8343,0.6154,0.5,0.9302
747,ResNet+AE,0.8358,0.8917,0.7556,0.6296,0.975
748,ResNet+AE,0.8657,0.8401,0.7273,0.6667,0.9388
749,ResNet+AE,0.8806,0.9254,0.7895,0.7895,0.9167
750,ResNet+AE,0.8358,0.9242,0.7317,0.6818,0.9111
751,ResNet+AE,0.8209,0.9056,0.7692,0.7407,0.875
752,ResNet+AE,0.8657,0.8882,0.7568,0.7368,0.9167
753,ResNet+AE,0.806,0.8646,0.6977,0.6522,0.8864
754,ResNet+AE,0.7463,0.9051,0.6222,0.6364,0.8
755,ResNet+AE,0.806,0.8626,0.6829,0.6087,0.9091
756,ResNet+AE,0.8955,0.9448,0.8511,0.8333,0.9302
757,ResNet+AE,0.8507,0.9606,0.7727,0.6538,0.9756
758,ResNet+AE,0.8209,0.8394,0.7,0.6364,0.9111
759,ResNet+AE,0.8806,0.9322,0.8182,0.75,0.9535
760,ResNet+AE,0.8806,0.9267,0.8333,0.8,0.9286
761,ResNet+AE,0.8358,0.8152,0.7317,0.6,0.9762
762,ResNet+AE,0.8358,0.907,0.7317,0.625,0.9535
763,ResNet+AE,0.8955,0.9353,0.8,0.7368,0.9583
764,ResNet+AE,0.8657,0.9654,0.7907,0.7391,0.9318
765,ResNet+AE,0.8507,0.9017,0.7222,0.619,0.9565
766,ResNet+AE,0.8358,0.9022,0.7442,0.6957,0.9091
767,ResNet+AE,0.8806,0.9872,0.8333,0.7143,1.0
768,ResNet+AE,0.806,0.8808,0.6667,0.5909,0.9111
769,ResNet+AE,0.8209,0.8468,0.6471,0.55,0.9362
770,ResNet+AE,0.7761,0.8766,0.5714,0.5,0.8936
771,ResNet+AE,0.8806,0.9002,0.7647,0.7222,0.9388
772,ResNet+AE,0.806,0.763,0.5517,0.4444,0.9388
773,ResNet+AE,0.8806,0.8482,0.7647,0.7647,0.92
774,ResNet+AE,0.791,0.7871,0.6818,0.5769,0.9268
775,ResNet+AE,0.8358,0.8168,0.7179,0.6667,0.913
776,ResNet+AE,0.9104,0.941,0.8,0.8,0.9423
777,ResNet+AE,0.8358,0.8923,0.7317,0.6522,0.9318
778,ResNet+AE,0.8358,0.9404,0.7317,0.6818,0.9111
779,ResNet+AE,0.8806,0.937,0.8462,0.8148,0.925
780,ResNet+AE,0.7313,0.8099,0.6087,0.4667,0.9459
781,ResNet+AE,0.9254,0.942,0.8837,0.9048,0.9348
782,ResNet+AE,0.8657,0.8343,0.7907,0.68,0.9762
783,ResNet+AE,0.8507,0.8892,0.75,0.7143,0.913
784,ResNet+AE,0.8955,0.8447,0.8205,0.7619,0.9565
785,ResNet+AE,0.8955,0.934,0.8205,0.8,0.9362
786,ResNet+AE,0.806,0.9273,0.6829,0.6364,0.8889
787,ResNet+AE,0.8209,0.8867,0.75,0.72,0.881
788,ResNet+AE,0.8209,0.8333,0.7143,0.625,0.9302
789,ResNet+AE,0.806,0.9193,0.7111,0.7619,0.8261
790,ResNet+AE,0.8209,0.8124,0.75,0.6923,0.9024
791,ResNet+AE,0.8806,0.823,0.8,0.7619,0.9348
792,ResNet+AE,0.8806,0.9733,0.8261,0.76,0.9524
793,ResNet+AE,0.8657,0.9275,0.7692,0.7143,0.9348
794,ResNet+AE,0.7761,0.853,0.5455,0.4286,0.9348
795,ResNet+AE,0.9104,0.9872,0.8571,0.7826,0.9773
796,ResNet+AE,0.7612,0.828,0.6923,0.5806,0.9167
797,ResNet+AE,0.7761,0.8706,0.5714,0.4762,0.913
798,ResNet+AE,0.806,0.8019,0.7111,0.5926,0.95
799,ResNet+AE,0.8507,0.9128,0.7917,0.7308,0.9268
800,ResNet+AE,0.8507,0.8901,0.8214,0.8214,0.8718
801,ResNet+AE,0.8358,0.8972,0.7179,0.6087,0.9545
802,ResNet+AE,0.8657,0.9114,0.7907,0.68,0.9762
803,ResNet+AE,0.8358,0.8992,0.7556,0.7391,0.8864
804,ResNet+AE,0.8955,0.9318,0.7879,0.7647,0.94
805,ResNet+AE,0.8507,0.8455,0.75,0.6818,0.9333
806,ResNet+AE,0.7463,0.7345,0.5854,0.5,0.8837
807,ResNet+AE,0.791,0.8737,0.7308,0.6129,0.9444
808,ResNet+AE,0.8657,0.901,0.7907,0.68,0.9762
809,ResNet+AE,0.7761,0.8053,0.5455,0.3913,0.9773
810,ResNet+AE,0.7612,0.7714,0.6364,0.56,0.881
811,ResNet+AE,0.8209,0.9109,0.7391,0.6538,0.9268
812,ResNet+AE,0.8806,0.9389,0.8261,0.7037,1.0
813,ResNet+AE,0.8657,0.8982,0.7805,0.6957,0.9545
814,ResNet+AE,0.8657,0.9454,0.8302,0.8148,0.9
815,ResNet+AE,0.8657,0.9038,0.8364,0.7931,0.9211
816,ResNet+AE,0.7761,0.8295,0.6809,0.6667,0.8372
817,ResNet+AE,0.8507,0.913,0.75,0.6522,0.9545
818,ResNet+AE,0.8806,0.8874,0.8333,0.7692,0.9512
819,ResNet+AE,0.8657,0.9686,0.8085,0.76,0.9286
820,ResNet+AE,0.9104,0.9374,0.8571,0.8182,0.9556
821,ResNet+AE,0.7761,0.8252,0.717,0.6333,0.8919
822,ResNet+AE,0.8657,0.8665,0.7568,0.6667,0.9565
823,ResNet+AE,0.8507,0.8941,0.6667,0.5882,0.94
824,ResNet+AE,0.8806,0.934,0.7895,0.75,0.9362
825,ResNet+AE,0.791,0.8565,0.6667,0.5385,0.9512
826,ResNet+AE,0.8657,0.8886,0.7907,0.7083,0.9535
827,ResNet+AE,0.9104,0.9329,0.8333,0.8824,0.92
828,ResNet+AE,0.8507,0.8868,0.6429,0.6429,0.9057
829,ResNet+AE,0.9403,0.9596,0.8667,0.8125,0.9804
830,ResNet+AE,0.8358,0.9035,0.7027,0.7647,0.86
831,ResNet+AE,0.7761,0.836,0.5946,0.4783,0.9318
832,ResNet+AE,0.8657,0.9838,0.8302,0.7333,0.973
833,ResNet+AE,0.8507,0.9325,0.7727,0.6538,0.9756
834,ResNet+AE,0.9104,0.987,0.8846,0.8519,0.95
835,ResNet+AE,0.9104,0.912,0.85,0.8095,0.9565
836,ResNet+AE,0.8657,0.9487,0.8364,0.8214,0.8974
837,ResNet+AE,0.8955,0.8715,0.8372,0.7826,0.9545
838,ResNet+AE,0.8955,0.9348,0.8511,0.8696,0.9091
839,ResNet+AE,0.9254,0.9268,0.898,0.8462,0.9756
840,ResNet+AE,0.806,0.8118,0.6061,0.5882,0.88
841,ResNet+AE,0.8806,0.9318,0.8333,0.8696,0.8864
842,ResNet+AE,0.8955,0.9682,0.8205,0.8421,0.9167
843,ResNet+AE,0.8209,0.8894,0.6471,0.6471,0.88
844,ResNet+AE,0.806,0.7421,0.6829,0.6087,0.9091
845,ResNet+AE,0.8806,0.9541,0.7647,0.7647,0.92
846,ResNet+AE,0.8955,0.9743,0.7742,0.75,0.9412
847,ResNet+AE,0.9104,0.9819,0.875,0.84,0.9524
848,ResNet+AE,0.9104,0.9765,0.8333,0.8824,0.92
849,ResNet+AE,0.8507,0.8898,0.7826,0.6667,0.975
850,ResNet+AE,0.8358,0.8873,0.6452,0.625,0.902
851,ResNet+AE,0.8657,0.8059,0.7429,0.6842,0.9375
852,ResNet+AE,0.9552,0.9498,0.9091,0.9375,0.9608
853,ResNet+AE,0.8657,0.912,0.8085,0.7037,0.975
854,ResNet+AE,0.8507,0.8397,0.7826,0.6429,1.0
855,ResNet+AE,0.7463,0.781,0.6383,0.625,0.814
856,ResNet+AE,0.8806,0.8903,0.8095,0.7391,0.9545
857,ResNet+AE,0.8507,0.9206,0.7222,0.7222,0.898
858,ResNet+AE,0.806,0.7823,0.6061,0.5556,0.898
859,ResNet+AE,0.9254,0.983,0.8718,0.85,0.9574
860,ResNet+AE,0.9104,0.9455,0.85,0.7727,0.9778
861,ResNet+AE,0.8657,0.8986,0.7805,0.7619,0.913
862,ResNet+AE,0.806,0.8883,0.7451,0.6786,0.8974
863,ResNet+AE,0.8657,0.8862,0.7429,0.65,0.9574
864,ResNet+AE,0.8209,0.8172,0.7143,0.6522,0.9091
865,ResNet+AE,0.9403,0.9921,0.8947,0.9444,0.9388
866,ResNet+AE,0.8358,0.7674,0.7027,0.5417,1.0
867,ResNet+AE,0.9104,0.941,0.88,0.88,0.9286
868,ResNet+AE,0.8358,0.8819,0.6857,0.6,0.9362
869,ResNet+AE,0.8358,0.9029,0.8,0.7857,0.8718
870,ResNet+AE,0.9104,0.8629,0.8235,0.7368,0.9792
871,ResNet+AE,0.8358,0.8747,0.7317,0.6818,0.9111
872,ResNet+AE,0.8358,0.8424,0.7317,0.5769,1.0
873,ResNet+AE,0.8358,0.8405,0.7755,0.7308,0.9024
874,ResNet+AE,0.9403,0.9101,0.8947,0.8947,0.9583
875,ResNet+AE,0.8507,0.9296,0.8077,0.8077,0.878
876,ResNet+AE,0.8209,0.8389,0.6842,0.5652,0.9545
877,ResNet+AE,0.8806,0.9794,0.8333,0.7692,0.9512
878,ResNet+AE,0.806,0.7936,0.6829,0.5833,0.9302
879,ResNet+AE,0.806,0.8476,0.6286,0.5789,0.8958
880,ResNet+AE,0.8955,0.9112,0.8,0.7368,0.9583
881,ResNet+AE,0.7463,0.7505,0.5854,0.48,0.9048
882,ResNet+AE,0.8209,0.8605,0.6667,0.6667,0.8776
883,ResNet+AE,0.806,0.8509,0.6486,0.5714,0.913
884,ResNet+AE,0.806,0.9019,0.7234,0.68,0.881
885,ResNet+AE,0.9403,0.9781,0.8889,0.8421,0.9792
886,ResNet+AE,0.8657,0.8333,0.7692,0.6818,0.9556
887,ResNet+AE,0.8657,0.8913,0.7692,0.7143,0.9348
888,ResNet+AE,0.791,0.8553,0.7083,0.6071,0.9231
889,ResNet+AE,0.8806,0.9615,0.8462,0.7857,0.9487
890,ResNet+AE,0.791,0.7847,0.5333,0.4706,0.9
891,ResNet+AE,0.9104,0.9723,0.8421,0.8,0.9574
892,ResNet+AE,0.8358,0.9196,0.766,0.75,0.8837
893,ResNet+AE,0.8657,0.919,0.7692,0.6522,0.9773
894,ResNet+AE,0.7313,0.8232,0.6786,0.5938,0.8571
895,ResNet+AE,0.9254,0.9112,0.8571,0.7895,0.9792
896,ResNet+AE,0.8209,0.8605,0.7391,0.7083,0.8837
897,ResNet+AE,0.8657,0.9255,0.7692,0.7143,0.9348
898,ResNet+AE,0.8507,0.8131,0.75,0.6818,0.9333
899,ResNet+AE,0.9403,0.9556,0.9,0.8182,1.0
900,ResNet+AE,0.8209,0.853,0.7778,0.6774,0.9444
901,ResNet+AE,0.9254,0.917,0.878,0.7826,1.0
902,ResNet+AE,0.806,0.8138,0.6286,0.55,0.9149
903,ResNet+AE,0.8209,0.8266,0.7143,0.75,0.8511
904,ResNet+AE,0.8358,0.9312,0.7755,0.7917,0.8605
905,ResNet+AE,0.8358,0.9025,0.6452,0.5556,0.9388
906,ResNet+AE,0.8507,0.9433,0.6875,0.6111,0.9388
907,ResNet+AE,0.8507,0.8923,0.7368,0.6667,0.9348
908,ResNet+AE,0.8507,0.936,0.8077,0.875,0.8372
909,ResNet+AE,0.8955,0.8766,0.8,0.7,0.9787
910,ResNet+AE,0.8507,0.9129,0.8077,0.7241,0.9474
911,ResNet+AE,0.8657,0.8273,0.7692,0.6818,0.9556
912,ResNet+AE,0.8657,0.9182,0.7568,0.6667,0.9565
913,ResNet+AE,0.8657,0.8931,0.8085,0.7308,0.9512
914,ResNet+AE,0.8209,0.9192,0.6842,0.5909,0.9333
915,ResNet+AE,0.9403,0.932,0.8947,0.8947,0.9583
916,ResNet+AE,0.8955,0.9444,0.8,0.7778,0.9388
917,ResNet+AE,0.7761,0.837,0.7273,0.7143,0.8205
918,ResNet+AE,0.9104,0.9431,0.85,0.8095,0.9565
919,ResNet+AE,0.806,0.8715,0.7234,0.6538,0.9024
920,ResNet+AE,0.8358,0.912,0.7925,0.7241,0.9211
921,ResNet+AE,0.8507,0.9253,0.75,0.6818,0.9333
922,ResNet+AE,0.7463,0.8342,0.6667,0.5484,0.9167
923,ResNet+AE,0.8358,0.796,0.7179,0.6364,0.9333
924,ResNet+AE,0.8657,0.8975,0.7568,0.6667,0.9565
925,ResNet+AE,0.8806,0.94,0.7333,0.6875,0.9412
926,ResNet+AE,0.806,0.8898,0.7234,0.6296,0.925
927,ResNet+AE,0.8507,0.8695,0.7059,0.6316,0.9375
928,ResNet+AE,0.8507,0.9547,0.7059,0.75,0.8824
929,ResNet+AE,0.8358,0.8333,0.6857,0.5714,0.9565
930,ResNet+AE,0.8507,0.8404,0.75,0.6818,0.9333
931,ResNet+AE,0.9403,0.9376,0.875,0.8235,0.98
932,ResNet+AE,0.8657,0.8551,0.7805,0.7619,0.913
933,ResNet+AE,0.8657,0.9683,0.7273,0.6667,0.9388
934,ResNet+AE,0.8507,0.8846,0.7917,0.6786,0.9744
935,ResNet+AE,0.8209,0.9031,0.7391,0.7083,0.8837
936,ResNet+AE,0.8507,0.9435,0.8,0.7407,0.925
937,ResNet+AE,0.8507,0.9138,0.7059,0.6667,0.9184
938,ResNet+AE,0.8806,0.9002,0.8095,0.7391,0.9545
939,ResNet+AE,0.8657,0.9305,0.8085,0.76,0.9286
940,ResNet+AE,0.9104,0.9913,0.88,0.9167,0.907
941,ResNet+AE,0.8657,0.8941,0.7273,0.7059,0.92
942,ResNet+AE,0.791,0.8725,0.65,0.5652,0.9091
943,ResNet+AE,0.8806,0.9081,0.7895,0.6818,0.9778
944,ResNet+AE,0.806,0.8053,0.6486,0.5217,0.9545
945,ResNet+AE,0.806,0.9011,0.6486,0.6,0.8936
946,ResNet+AE,0.8358,0.8636,0.7179,0.6364,0.9333
947,ResNet+AE,0.8657,0.899,0.8,0.72,0.9524
948,ResNet+AE,0.9254,0.9475,0.878,0.8182,0.9778
949,ResNet+AE,0.8507,0.9057,0.6667,0.5263,0.9792
950,ResNet+AE,0.9104,0.9793,0.8696,0.9524,0.8913
951,ResNet+AE,0.8955,0.9534,0.8,0.875,0.902
952,ResNet+AE,0.8955,0.9331,0.8,0.7778,0.9388
953,ResNet+AE,0.8507,0.89,0.6875,0.6111,0.9388
954,ResNet+AE,0.806,0.7857,0.6977,0.6,0.9286
955,ResNet+AE,0.8209,0.8988,0.6667,0.7059,0.86
956,ResNet+AE,0.8657,0.9022,0.7805,0.6957,0.9545
957,ResNet+AE,0.9552,0.9583,0.9333,0.875,1.0
958,ResNet+AE,0.8358,0.7899,0.7179,0.6364,0.9333
959,ResNet+AE,0.7761,0.8391,0.6154,0.5,0.9302
960,ResNet+AE,0.8806,0.8879,0.8,0.7273,0.9556
961,ResNet+AE,0.8209,0.8914,0.7391,0.68,0.9048
962,ResNet+AE,0.8358,0.8847,0.6667,0.6471,0.9
963,ResNet+AE,0.8657,0.85,0.7692,0.75,0.9149
964,ResNet+AE,0.791,0.8081,0.72,0.6,0.9459
965,ResNet+AE,0.8358,0.9306,0.7843,0.7692,0.878
966,ResNet+AE,0.9254,0.9444,0.878,0.8182,0.9778
967,ResNet+AE,0.8507,0.8851,0.7222,0.619,0.9565
968,ResNet+AE,0.9104,0.9559,0.8846,0.8846,0.9268
969,ResNet+AE,0.791,0.7619,0.65,0.5652,0.9091
970,ResNet+AE,0.8657,0.941,0.8,0.8571,0.8696
971,ResNet+AE,0.8657,0.9124,0.6667,0.6429,0.9245
972,ResNet+AE,0.9104,0.8395,0.7857,0.6875,0.9804
973,ResNet+AE,0.8358,0.9024,0.766,0.6923,0.9268
974,ResNet+AE,0.8657,0.9648,0.8085,0.9048,0.8478
975,ResNet+AE,0.8955,0.9194,0.8627,0.8148,0.95
976,ResNet+AE,0.8955,0.943,0.8205,0.8421,0.9167
977,ResNet+AE,0.806,0.8963,0.7234,0.7083,0.8605
978,ResNet+AE,0.8358,0.9057,0.7843,0.7143,0.9231
979,ResNet+AE,0.7761,0.8608,0.717,0.6786,0.8462
980,ResNet+AE,0.7463,0.7176,0.5405,0.3846,0.9756
981,ResNet+AE,0.791,0.8575,0.7812,0.8065,0.7778
982,ResNet+AE,0.806,0.8499,0.7111,0.6154,0.9268
983,ResNet+AE,0.8806,0.9003,0.7143,0.7692,0.9074
984,ResNet+AE,0.8507,0.8614,0.7826,0.75,0.907
985,ResNet+AE,0.8806,0.9424,0.7895,0.6818,0.9778
986,ResNet+AE,0.8507,0.9143,0.7826,0.72,0.9286
987,ResNet+AE,0.8955,0.8958,0.7879,0.6842,0.9792
988,ResNet+AE,0.8507,0.8739,0.7368,0.7368,0.8958
989,ResNet+AE,0.8358,0.8701,0.8,0.7097,0.9444
990,ResNet+AE,0.8358,0.9118,0.6857,0.7059,0.88
991,ResNet+AE,0.8806,0.9224,0.75,0.7059,0.94
992,ResNet+AE,0.7761,0.8924,0.6809,0.6667,0.8372
993,ResNet+AE,0.806,0.7379,0.6061,0.5263,0.9167
994,ResNet+AE,0.8507,0.9029,0.7727,0.68,0.9524
995,ResNet+AE,0.8507,0.9559,0.8,0.7692,0.9024
996,ResNet+AE,0.8657,0.8345,0.7429,0.7222,0.9184
997,ResNet+AE,0.7463,0.8369,0.6667,0.5667,0.8919
998,ResNet+AE,0.9104,0.9825,0.8333,0.7895,0.9583
999,ResNet+AE,0.806,0.8362,0.7111,0.64,0.9048
1000,ResNet+AE,0.8955,0.873,0.8727,0.8276,0.9474
1,ResNet,0.8657,0.9401,0.8235,0.7241,0.9737
2,ResNet,0.9403,0.9594,0.8947,0.8947,0.9583
3,ResNet,0.8955,0.9503,0.8205,0.7619,0.9565
4,ResNet,0.8507,0.8953,0.7368,0.5833,1.0
5,ResNet,0.8507,0.9523,0.8077,0.7,0.973
6,ResNet,0.9104,0.8841,0.8421,0.7619,0.9783
7,ResNet,0.8358,0.8723,0.6857,0.6,0.9362
8,ResNet,0.8806,0.8285,0.8,0.6667,1.0
9,ResNet,0.8358,0.9574,0.766,0.6207,1.0
10,ResNet,0.8806,0.8762,0.8095,0.68,1.0
11,ResNet,0.8955,0.9048,0.8108,0.7143,0.9783
12,ResNet,0.9104,0.9702,0.8421,0.8,0.9574
13,ResNet,0.8507,0.884,0.6875,0.55,0.9787
14,ResNet,0.8955,0.9146,0.8511,0.7692,0.9756
15,ResNet,0.8358,0.9096,0.6667,0.55,0.9574
16,ResNet,0.8209,0.8238,0.6842,0.52,1.0
17,ResNet,0.9104,0.9282,0.8,0.7059,0.98
18,ResNet,0.8358,0.8883,0.7843,0.7143,0.9231
19,ResNet,0.9403,0.9733,0.913,0.84,1.0
20,ResNet,0.8657,0.9002,0.7692,0.625,1.0
21,ResNet,0.8657,0.9053,0.7429,0.65,0.9574
22,ResNet,0.8806,0.9051,0.7778,0.6364,1.0
23,ResNet,0.8806,0.8828,0.7778,0.6364,1.0
24,ResNet,0.8507,0.9526,0.7368,0.6087,0.9773
25,ResNet,0.9104,0.9118,0.8125,0.7647,0.96
26,ResNet,0.9254,0.9294,0.8276,0.7059,1.0
27,ResNet,0.9104,0.9615,0.8,0.6667,1.0
28,ResNet,0.9254,0.9745,0.8649,0.8,0.9787
29,ResNet,0.9701,0.996,0.9545,0.9545,0.9778
30,ResNet,0.8806,0.8729,0.6923,0.5294,1.0
31,ResNet,0.8657,0.9172,0.7429,0.619,0.9783
32,ResNet,0.806,0.8452,0.7111,0.5714,0.9744
33,ResNet,0.8657,0.7771,0.7692,0.625,1.0
34,ResNet,0.8955,0.9111,0.72,0.6429,0.9623
35,ResNet,0.8507,0.9205,0.7619,0.6667,0.9535
36,ResNet,0.8507,0.9009,0.7917,0.7037,0.95
37,ResNet,0.8209,0.8654,0.7391,0.6071,0.9744
38,ResNet,0.8955,0.9457,0.8205,0.6957,1.0
39,ResNet,0.9254,0.9606,0.8936,0.8077,1.0
40,ResNet,0.9254,0.9859,0.8936,0.8077,1.0
41,ResNet,0.8358,0.8291,0.7027,0.5652,0.9773
42,ResNet,0.8209,0.9042,0.6667,0.5217,0.9773
43,ResNet,0.8358,0.9048,0.6857,0.5714,0.9565
44,ResNet,0.8806,0.8975,0.7778,0.6667,0.9783
45,ResNet,0.8209,0.9194,0.7391,0.6071,0.9744
46,ResNet,0.9104,0.9583,0.8235,0.7368,0.9792
47,ResNet,0.806,0.7766,0.7347,0.6,0.973
48,ResNet,0.8955,0.9,0.8372,0.72,1.0
49,ResNet,0.8507,0.9029,0.75,0.6,1.0
50,ResNet,0.8806,0.9061,0.8,0.6957,0.9773
51,ResNet,0.806,0.8086,0.6977,0.5769,0.9512
52,ResNet,0.8955,0.9021,0.8372,0.75,0.9767
53,ResNet,0.806,0.8688,0.7797,0.6571,0.9688
54,ResNet,0.8657,0.8566,0.7568,0.6364,0.9778
55,ResNet,0.8358,0.7945,0.6857,0.5217,1.0
56,ResNet,0.791,0.9167,0.6667,0.5,1.0
57,ResNet,0.8955,0.9259,0.8293,0.7391,0.9773
58,ResNet,0.8955,0.9429,0.8444,0.76,0.9762
59,ResNet,0.8209,0.8944,0.7,0.5833,0.9535
60,ResNet,0.9104,0.9747,0.875,0.8077,0.9756
61,ResNet,0.8657,0.9027,0.8364,0.7188,1.0
62,ResNet,0.9254,0.909,0.8485,0.7368,1.0
63,ResNet,0.9403,0.9576,0.9048,0.8636,0.9778
64,ResNet,0.8955,0.924,0.7879,0.7222,0.9592
65,ResNet,0.791,0.8382,0.5882,0.4167,1.0
66,ResNet,0.8806,0.8224,0.7333,0.5789,1.0
67,ResNet,0.8358,0.9394,0.6857,0.5455,0.9778
68,ResNet,0.791,0.8013,0.6818,0.5172,1.0
69,ResNet,0.8955,0.9474,0.72,0.6,0.9808
70,ResNet,0.9104,0.9463,0.8333,0.7895,0.9583
71,ResNet,0.8507,0.9536,0.8214,0.7188,0.9714
72,ResNet,0.8806,0.9327,0.7778,0.6667,0.9783
73,ResNet,0.8806,0.9394,0.8095,0.7727,0.9333
74,ResNet,0.8955,0.9076,0.8444,0.76,0.9762
75,ResNet,0.8358,0.8725,0.7027,0.5652,0.9773
76,ResNet,0.8806,0.9162,0.8519,0.7667,0.973
77,ResNet,0.8209,0.8002,0.6,0.4286,1.0
78,ResNet,0.9104,0.9506,0.8696,0.8333,0.9535
79,ResNet,0.8358,0.9157,0.7442,0.5926,1.0
80,ResNet,0.9254,0.941,0.8148,0.7333,0.9808
81,ResNet,0.8657,0.8271,0.7692,0.6522,0.9773
82,ResNet,0.8209,0.8188,0.5,0.3529,0.98
83,ResNet,0.8657,0.9,0.7907,0.68,0.9762
84,ResNet,0.8657,0.8796,0.8085,0.7037,0.975
85,ResNet,0.8955,0.9189,0.7879,0.6842,0.9792
86,ResNet,0.8657,0.939,0.8,0.6923,0.9756
87,ResNet,0.8209,0.8547,0.6842,0.5417,0.9767
88,ResNet,0.8657,0.9171,0.7907,0.68,0.9762
89,ResNet,0.8657,0.8686,0.7805,0.6957,0.9545
90,ResNet,0.8657,0.9475,0.7907,0.6538,1.0
91,ResNet,0.8507,0.9095,0.7727,0.68,0.9524
92,ResNet,0.8358,0.7965,0.7442,0.6667,0.9302
93,ResNet,0.8806,0.9093,0.7143,0.5556,1.0
94,ResNet,0.9254,0.9767,0.8889,0.8333,0.9767
95,ResNet,0.8358,0.8478,0.7179,0.6087,0.9545
96,ResNet,0.8209,0.85,0.6,0.45,0.9787
97,ResNet,0.791,0.898,0.5882,0.4545,0.9556
98,ResNet,0.8955,0.9321,0.7407,0.6667,0.9615
99,ResNet,0.8507,0.8426,0.7059,0.6,0.9574
100,ResNet,0.8657,0.9139,0.8163,0.7143,0.9744
101,ResNet,0.9254,0.9872,0.8,0.6667,1.0
102,ResNet,0.8657,0.9279,0.8302,0.7333,0.973
103,ResNet,0.8358,0.766,0.6207,0.45,1.0
104,ResNet,0.8657,0.9121,0.7568,0.6087,1.0
105,ResNet,0.8955,0.8882,0.7742,0.6316,1.0
106,ResNet,0.8955,0.9178,0.8,0.7368,0.9583
107,ResNet,0.8955,0.8449,0.8372,0.7826,0.9545
108,ResNet,0.8209,0.7902,0.5385,0.3889,0.9796
109,ResNet,0.8657,0.9753,0.7692,0.6522,0.9773
110,ResNet,0.8358,0.918,0.8,0.6667,1.0
111,ResNet,0.8806,0.8747,0.7895,0.7143,0.9565
112,ResNet,0.8955,0.9636,0.8293,0.7727,0.9556
113,ResNet,0.8806,0.8498,0.8095,0.7391,0.9545
114,ResNet,0.9104,0.9048,0.8421,0.7619,0.9783
115,ResNet,0.8806,0.9099,0.8462,0.7333,1.0
116,ResNet,0.7761,0.6838,0.5714,0.4348,0.9545
117,ResNet,0.8209,0.9,0.75,0.6,1.0
118,ResNet,0.8657,0.8362,0.7805,0.64,1.0
119,ResNet,0.9403,0.9583,0.8947,0.8947,0.9583
120,ResNet,0.791,0.8702,0.65,0.5417,0.9302
121,ResNet,0.8507,0.883,0.6875,0.55,0.9787
122,ResNet,0.7015,0.7733,0.5652,0.4194,0.9444
123,ResNet,0.8657,0.8656,0.7568,0.6087,1.0
124,ResNet,0.8955,0.9372,0.8,0.7,0.9787
125,ResNet,0.8955,0.9254,0.7742,0.6316,1.0
126,ResNet,0.8806,0.84,0.6923,0.5294,1.0
127,ResNet,0.8806,0.9009,0.8519,0.7667,0.973
128,ResNet,0.8358,0.8978,0.8,0.7097,0.9444
129,ResNet,0.8806,0.8755,0.7895,0.6522,1.0
130,ResNet,0.8657,0.8972,0.7805,0.6957,0.9545
131,ResNet,0.8507,0.9089,0.7619,0.6667,0.9535
132,ResNet,0.8955,0.9364,0.8205,0.7273,0.9778
133,ResNet,0.8657,0.8857,0.7907,0.68,0.9762
134,ResNet,0.8806,0.8747,0.7778,0.6364,1.0
135,ResNet,0.8657,0.9091,0.7805,0.6957,0.9545
136,ResNet,0.8806,0.8851,0.7647,0.619,1.0
137,ResNet,0.9254,0.8947,0.8485,0.7368,1.0
138,ResNet,0.8507,0.9525,0.75,0.625,0.9767
139,ResNet,0.8507,0.92,0.7368,0.6087,0.9773
140,ResNet,0.8358,0.8617,0.7027,0.5652,0.9773
141,ResNet,0.8657,0.9,0.7568,0.6364,0.9778
142,ResNet,0.791,0.8518,0.6818,0.5769,0.9268
143,ResNet,0.8955,0.9515,0.8571,0.75,1.0
144,ResNet,0.9403,0.9845,0.9,0.8571,0.9783
145,ResNet,0.9403,0.9819,0.875,0.7778,1.0
146,ResNet,0.9104,0.9239,0.85,0.7391,1.0
147,ResNet,0.8209,0.9146,0.7273,0.6154,0.9512
148,ResNet,0.8507,0.8621,0.7917,0.6552,1.0
149,ResNet,0.8955,0.9427,0.8372,0.7826,0.9545
150,ResNet,0.8657,0.8966,0.8235,0.7241,0.9737
151,ResNet,0.9104,0.9428,0.8636,0.7917,0.9767
152,ResNet,0.8806,0.9524,0.7143,0.5556,1.0
153,ResNet,0.8358,0.8923,0.7027,0.619,0.9348
154,ResNet,0.8657,0.89,0.7273,0.6667,0.9388
155,ResNet,0.8507,0.8966,0.8077,0.7241,0.9474
156,ResNet,0.8507,0.8649,0.7619,0.6154,1.0
157,ResNet,0.8358,0.7606,0.6207,0.45,1.0
158,ResNet,0.8209,0.9448,0.6842,0.52,1.0
159,ResNet,0.8507,0.9386,0.7826,0.6429,1.0
160,ResNet,0.8657,0.967,0.8085,0.6786,1.0
161,ResNet,0.9254,0.9814,0.8649,0.8421,0.9583
162,ResNet,0.8209,0.8769,0.6842,0.5417,0.9767
163,ResNet,0.9403,0.8606,0.8,0.6667,1.0
164,ResNet,0.8358,0.8819,0.6452,0.5,0.9787
165,ResNet,0.9254,0.9705,0.8936,0.84,0.9762
166,ResNet,0.8358,0.9022,0.7317,0.6522,0.9318
167,ResNet,0.8358,0.8977,0.7556,0.6538,0.9512
168,ResNet,0.8657,0.8848,0.8,0.72,0.9524
169,ResNet,0.8507,0.8917,0.7826,0.6667,0.975
170,ResNet,0.8507,0.8676,0.6154,0.5,0.9608
171,ResNet,0.8955,0.8654,0.8,0.6667,1.0
172,ResNet,0.8358,0.8702,0.7317,0.625,0.9535
173,ResNet,0.8955,0.8532,0.8,0.7,0.9787
174,ResNet,0.8507,0.8379,0.6667,0.5556,0.9592
175,ResNet,0.9552,0.9891,0.9302,0.8696,1.0
176,ResNet,0.8507,0.9592,0.7917,0.6552,1.0
177,ResNet,0.8209,0.901,0.6667,0.5455,0.9556
178,ResNet,0.8209,0.8713,0.7273,0.5926,0.975
179,ResNet,0.8955,0.8505,0.72,0.5625,1.0
180,ResNet,0.9104,0.9448,0.8696,0.8333,0.9535
181,ResNet,0.8507,0.9186,0.7368,0.5833,1.0
182,ResNet,0.791,0.8949,0.5882,0.4545,0.9556
183,ResNet,0.9403,0.9364,0.9,0.8182,1.0
184,ResNet,0.791,0.7862,0.5333,0.4211,0.9375
185,ResNet,0.9104,0.9615,0.8636,0.8261,0.9545
186,ResNet,0.8955,0.9417,0.8205,0.6957,1.0
187,ResNet,0.8955,0.9275,0.8205,0.7619,0.9565
188,ResNet,0.8806,0.9333,0.8095,0.68,1.0
189,ResNet,0.9104,0.9252,0.8235,0.7778,0.9592
190,ResNet,0.8209,0.9111,0.6667,0.5455,0.9556
191,ResNet,0.8657,0.8818,0.8,0.6923,0.9756
192,ResNet,0.8358,0.8519,0.7556,0.6296,0.975
193,ResNet,0.8657,0.9156,0.8235,0.7241,0.9737
194,ResNet,0.8955,0.8872,0.7879,0.65,1.0
195,ResNet,0.8955,0.8386,0.8511,0.7692,0.9756
196,ResNet,0.8806,0.8553,0.75,0.6,1.0
197,ResNet,0.7463,0.9091,0.6531,0.4848,1.0
198,ResNet,0.8507,0.8149,0.6875,0.55,0.9787
199,ResNet,0.9104,0.8878,0.8235,0.7778,0.9592
200,ResNet,0.8507,0.766,0.6875,0.55,0.9787
201,ResNet,0.8657,0.9606,0.7429,0.5909,1.0
202,ResNet,0.9104,0.9456,0.8846,0.7931,1.0
203,ResNet,0.8507,0.8118,0.6875,0.6111,0.9388
204,ResNet,0.8358,0.9441,0.7755,0.6333,1.0
205,ResNet,0.8657,0.9225,0.8,0.75,0.9302
206,ResNet,0.8806,0.8924,0.8095,0.68,1.0
207,ResNet,0.8806,0.9247,0.84,0.7241,1.0
208,ResNet,0.8806,0.9229,0.7333,0.6111,0.9796
209,ResNet,0.7761,0.8571,0.5161,0.381,0.9565
210,ResNet,0.8209,0.8847,0.7692,0.6667,0.9459
211,ResNet,0.9104,0.9709,0.8636,0.7917,0.9767
212,ResNet,0.9104,0.9093,0.8,0.6667,1.0
213,ResNet,0.8507,0.9362,0.7727,0.6538,0.9756
214,ResNet,0.9552,0.9879,0.9268,0.8636,1.0
215,ResNet,0.8955,0.9722,0.8772,0.8065,0.9722
216,ResNet,0.8209,0.8965,0.76,0.6786,0.9231
217,ResNet,0.8507,0.8996,0.6875,0.5238,1.0
218,ResNet,0.8209,0.9021,0.7,0.5833,0.9535
219,ResNet,0.8955,0.9671,0.8372,0.75,0.9767
220,ResNet,0.9104,0.9032,0.7692,0.625,1.0
221,ResNet,0.8657,0.8697,0.7568,0.6364,0.9778
222,ResNet,0.8507,0.9364,0.7368,0.6364,0.9556
223,ResNet,0.8657,0.8162,0.7568,0.6087,1.0
224,ResNet,0.8209,0.8091,0.6471,0.5,0.9778
225,ResNet,0.8955,0.92,0.8293,0.7391,0.9773
226,ResNet,0.806,0.9216,0.7347,0.6,0.973
227,ResNet,0.8806,0.8667,0.8095,0.68,1.0
228,ResNet,0.8806,0.9186,0.8182,0.75,0.9535
229,ResNet,0.8955,0.9314,0.8511,0.8,0.9524
230,ResNet,0.9104,0.8768,0.8421,0.7273,1.0
231,ResNet,0.8955,0.9057,0.8444,0.76,0.9762
232,ResNet,0.8358,0.8752,0.7556,0.6538,0.9512
233,ResNet,0.9104,0.9556,0.85,0.7727,0.9778
234,ResNet,0.8507,0.904,0.7368,0.6364,0.9556
235,ResNet,0.8209,0.8952,0.6842,0.52,1.0
236,ResNet,0.9254,0.9399,0.8485,0.7778,0.9796
237,ResNet,0.8657,0.8542,0.6897,0.5263,1.0
238,ResNet,0.8358,0.9172,0.6667,0.5238,0.9783
239,ResNet,0.8955,0.9022,0.8293,0.7391,0.9773
240,ResNet,0.8209,0.9248,0.7,0.56,0.9762
241,ResNet,0.8955,0.9496,0.8372,0.75,0.9767
242,ResNet,0.8955,0.8459,0.7586,0.6471,0.98
243,ResNet,0.8507,0.9184,0.7727,0.6538,0.9756
244,ResNet,0.7313,0.8734,0.6897,0.5882,0.8788
245,ResNet,0.7761,0.7888,0.5455,0.4286,0.9348
246,ResNet,0.8657,0.8819,0.8085,0.6786,1.0
247,ResNet,0.8657,0.9629,0.8085,0.76,0.9286
248,ResNet,0.8358,0.8518,0.7442,0.6154,0.9756
249,ResNet,0.8806,0.9318,0.8,0.6957,0.9773
250,ResNet,0.9403,0.9787,0.8889,0.8,1.0
251,ResNet,0.8507,0.9118,0.7619,0.6154,1.0
252,ResNet,0.8209,0.7946,0.7143,0.5769,0.9756
253,ResNet,0.8657,0.8851,0.7273,0.6,0.9787
254,ResNet,0.9104,0.894,0.8696,0.7692,1.0
255,ResNet,0.8955,0.943,0.8,0.7368,0.9583
256,ResNet,0.9552,0.9365,0.9091,0.8333,1.0
257,ResNet,0.8806,0.9332,0.8462,0.7857,0.9487
258,ResNet,0.8358,0.9221,0.7317,0.5769,1.0
259,ResNet,0.8657,0.9266,0.7429,0.65,0.9574
260,ResNet,0.9104,0.9632,0.8636,0.7917,0.9767
261,ResNet,0.806,0.7453,0.5517,0.381,1.0
262,ResNet,0.7612,0.7505,0.6364,0.4667,1.0
263,ResNet,0.8955,0.9149,0.7879,0.65,1.0
264,ResNet,0.8657,0.97,0.8,0.75,0.9302
265,ResNet,0.8358,0.9011,0.7925,0.7241,0.9211
266,ResNet,0.8806,0.887,0.8261,0.7037,1.0
267,ResNet,0.8955,0.9221,0.7742,0.6316,1.0
268,ResNet,0.806,0.8643,0.6286,0.4583,1.0
269,ResNet,0.8209,0.7921,0.76,0.6129,1.0
270,ResNet,0.8955,0.815,0.72,0.5625,1.0
271,ResNet,0.8657,0.9224,0.7273,0.5714,1.0
272,ResNet,0.8209,0.8374,0.6471,0.5,0.9778
273,ResNet,0.8657,0.9324,0.8302,0.7333,0.973
274,ResNet,0.791,0.8178,0.5625,0.4286,0.9565
275,ResNet,0.7463,0.8022,0.6047,0.4483,0.9737
276,ResNet,0.8657,0.9147,0.7692,0.625,1.0
277,ResNet,0.9104,0.8904,0.8421,0.8,0.9574
278,ResNet,0.9254,0.9441,0.8485,0.7368,1.0
279,ResNet,0.8209,0.8893,0.7391,0.5862,1.0
280,ResNet,0.806,0.8828,0.6667,0.5417,0.9535
281,ResNet,0.8955,0.8799,0.8108,0.7143,0.9783
282,ResNet,0.9104,0.9408,0.8333,0.7895,0.9583
283,ResNet,0.8358,0.8883,0.6452,0.5,0.9787
284,ResNet,0.9104,0.9259,0.875,0.7778,1.0
285,ResNet,0.8955,0.9713,0.8205,0.6957,1.0
286,ResNet,0.8955,0.9646,0.8108,0.6818,1.0
287,ResNet,0.8358,0.8404,0.6667,0.55,0.9574
288,ResNet,0.8358,0.8768,0.6667,0.5,1.0
289,ResNet,0.8955,0.9053,0.8108,0.75,0.9574
290,ResNet,0.8806,0.94,0.7333,0.6875,0.9412
291,ResNet,0.8657,0.9418,0.8,0.6923,0.9756
292,ResNet,0.806,0.9018,0.7234,0.5667,1.0
293,ResNet,0.8209,0.875,0.7143,0.5556,1.0
294,ResNet,0.8955,0.9108,0.8679,0.7667,1.0
295,ResNet,0.8806,0.9194,0.84,0.75,0.9744
296,ResNet,0.8955,0.9243,0.7879,0.6842,0.9792
297,ResNet,0.806,0.8657,0.7234,0.5862,0.9737
298,ResNet,0.9104,0.9456,0.8,0.6667,1.0
299,ResNet,0.9552,0.9967,0.9143,0.8421,1.0
300,ResNet,0.8507,0.8518,0.7222,0.5652,1.0
301,ResNet,0.8507,0.8905,0.7619,0.64,0.9762
302,ResNet,0.9254,0.9434,0.7826,0.6429,1.0
303,ResNet,0.8806,0.9337,0.7895,0.7143,0.9565
304,ResNet,0.8657,0.9283,0.7568,0.6364,0.9778
305,ResNet,0.791,0.8553,0.6818,0.5357,0.9744
306,ResNet,0.8657,0.8962,0.7907,0.7391,0.9318
307,ResNet,0.8507,0.8052,0.75,0.625,0.9767
308,ResNet,0.8806,0.9182,0.7778,0.6364,1.0
309,ResNet,0.9254,0.9289,0.8276,0.75,0.9804
310,ResNet,0.8507,0.8798,0.6429,0.5,0.9796
311,ResNet,0.8358,0.9239,0.6857,0.5217,1.0
312,ResNet,0.8657,0.9605,0.7805,0.6957,0.9545
313,ResNet,0.8209,0.85,0.6,0.45,0.9787
314,ResNet,0.8955,0.7981,0.8108,0.7143,0.9783
315,ResNet,0.8657,0.8933,0.7692,0.6522,0.9773
316,ResNet,0.8955,0.9133,0.8372,0.72,1.0
317,ResNet,0.8657,0.8293,0.7429,0.5909,1.0
318,ResNet,0.9403,0.9306,0.8667,0.7647,1.0
319,ResNet,0.8955,0.9128,0.8,0.7,0.9787
320,ResNet,0.8209,0.9032,0.7143,0.6522,0.9091
321,ResNet,0.9254,0.8976,0.7826,0.6429,1.0
322,ResNet,0.8657,0.9428,0.7805,0.6667,0.9767
323,ResNet,0.8358,0.8944,0.6667,0.5238,0.9783
324,ResNet,0.806,0.8634,0.6829,0.6667,0.8696
325,ResNet,0.8657,0.8876,0.7805,0.6667,0.9767
326,ResNet,0.8657,0.9174,0.8,0.6923,0.9756
327,ResNet,0.8209,0.8629,0.6842,0.52,1.0
328,ResNet,0.8657,0.9615,0.8163,0.7143,0.9744
329,ResNet,0.8657,0.9617,0.7273,0.5714,1.0
330,ResNet,0.9104,0.8529,0.8,0.7059,0.98
331,ResNet,0.8806,0.9061,0.7895,0.6818,0.9778
332,ResNet,0.7761,0.9322,0.6667,0.5357,0.9487
333,ResNet,0.9403,0.9518,0.8889,0.8421,0.9792
334,ResNet,0.8657,0.766,0.7097,0.55,1.0
335,ResNet,0.8507,0.723,0.5455,0.375,1.0
336,ResNet,0.8955,0.8553,0.7742,0.6316,1.0
337,ResNet,0.8657,0.86,0.7907,0.68,0.9762
338,ResNet,0.8806,0.8943,0.8,0.6957,0.9773
339,ResNet,0.8657,0.914,0.7568,0.6087,1.0
340,ResNet,0.9254,0.916,0.8571,0.75,1.0
341,ResNet,0.9403,0.9103,0.8333,0.7692,0.9815
342,ResNet,0.8657,0.8816,0.6897,0.5263,1.0
343,ResNet,0.8806,0.9343,0.7778,0.6364,1.0
344,ResNet,0.9701,0.9436,0.9333,0.875,1.0
345,ResNet,0.8657,0.8828,0.7805,0.6667,0.9767
346,ResNet,0.8955,0.8537,0.8293,0.7083,1.0
347,ResNet,0.806,0.8048,0.6977,0.6,0.9286
348,ResNet,0.8657,0.6852,0.4706,0.3077,1.0
349,ResNet,0.8358,0.8204,0.7556,0.6296,0.975
350,ResNet,0.8657,0.8766,0.8302,0.7333,0.973
351,ResNet,0.8806,0.8935,0.8333,0.7407,0.975
352,ResNet,0.8657,0.8883,0.7907,0.7391,0.9318
353,ResNet,0.8209,0.9221,0.7391,0.6538,0.9268
354,ResNet,0.8955,0.8629,0.7742,0.6316,1.0
355,ResNet,0.9403,0.9505,0.9,0.8182,1.0
356,ResNet,0.8657,0.9176,0.8163,0.7143,0.9744
357,ResNet,0.9254,0.9834,0.8718,0.8095,0.9783
358,ResNet,0.8209,0.8639,0.75,0.6667,0.925
359,ResNet,0.8507,0.8828,0.7059,0.5455,1.0
360,ResNet,0.791,0.8085,0.5882,0.4762,0.9348
361,ResNet,0.7761,0.8229,0.6341,0.52,0.9286
362,ResNet,0.9104,0.9369,0.8421,0.7619,0.9783
363,ResNet,0.8209,0.849,0.7143,0.5769,0.9756
364,ResNet,0.791,0.9093,0.6667,0.5185,0.975
365,ResNet,0.8955,0.9121,0.8205,0.7273,0.9778
366,ResNet,0.8955,0.9766,0.8108,0.75,0.9574
367,ResNet,0.8507,0.8298,0.6667,0.5,1.0
368,ResNet,0.9104,0.9358,0.8636,0.8261,0.9545
369,ResNet,0.8806,0.9603,0.8095,0.7083,0.9767
370,ResNet,0.8209,0.8636,0.7391,0.6071,0.9744
371,ResNet,0.8657,0.8379,0.6897,0.5556,0.9796
372,ResNet,0.8358,0.8416,0.7755,0.6786,0.9487
373,ResNet,0.8358,0.8388,0.7556,0.6071,1.0
374,ResNet,0.9254,0.9872,0.8649,0.8,0.9787
375,ResNet,0.8209,0.8874,0.7692,0.6667,0.9459
376,ResNet,0.8209,0.9156,0.75,0.6207,0.9737
377,ResNet,0.9104,0.9074,0.75,0.6923,0.963
378,ResNet,0.9104,0.9759,0.8846,0.8519,0.95
379,ResNet,0.8209,0.9432,0.7391,0.6071,0.9744
380,ResNet,0.9104,0.9448,0.8696,0.8,0.9762
381,ResNet,0.9403,0.9363,0.8667,0.8125,0.9804
382,ResNet,0.8209,0.8263,0.6667,0.5455,0.9556
383,ResNet,0.8806,0.9153,0.7333,0.6471,0.96
384,ResNet,0.8507,0.9264,0.7368,0.5833,1.0
385,ResNet,0.9552,0.9756,0.8966,0.8667,0.9808
386,ResNet,0.8806,0.8986,0.7895,0.7143,0.9565
387,ResNet,0.8806,0.9286,0.7647,0.619,1.0
388,ResNet,0.9104,0.9506,0.8571,0.75,1.0
389,ResNet,0.9254,0.9632,0.8387,0.8125,0.9608
390,ResNet,0.8806,0.8991,0.75,0.6316,0.9792
391,ResNet,0.8955,0.9286,0.7742,0.6667,0.9796
392,ResNet,0.8806,0.8838,0.8095,0.68,1.0
393,ResNet,0.8209,0.9099,0.7143,0.5769,0.9756
394,ResNet,0.8806,0.9431,0.8,0.7619,0.9348
395,ResNet,0.8209,0.864,0.625,0.5263,0.9375
396,ResNet,0.9254,0.9401,0.9091,0.8621,0.9737
397,ResNet,0.9104,0.9596,0.8333,0.7143,1.0
398,ResNet,0.8806,0.8922,0.6923,0.5625,0.9804
399,ResNet,0.8955,0.9477,0.8444,0.7917,0.9535
400,ResNet,0.8209,0.7611,0.7273,0.5926,0.975
401,ResNet,0.8358,0.8048,0.5926,0.4211,1.0
402,ResNet,0.8507,0.882,0.8,0.6667,1.0
403,ResNet,0.806,0.9109,0.6286,0.4583,1.0
404,ResNet,0.806,0.7886,0.6486,0.48,1.0
405,ResNet,0.8507,0.9387,0.7368,0.6087,0.9773
406,ResNet,0.8955,0.9765,0.8511,0.7692,0.9756
407,ResNet,0.9403,0.9353,0.8667,0.7647,1.0
408,ResNet,0.8507,0.9219,0.7619,0.6957,0.9318
409,ResNet,0.8806,0.7381,0.7647,0.619,1.0
410,ResNet,0.8358,0.9043,0.7317,0.5769,1.0
411,ResNet,0.8806,0.8394,0.7647,0.65,0.9787
412,ResNet,0.9254,0.9657,0.898,0.88,0.9524
413,ResNet,0.8507,0.8364,0.7368,0.6364,0.9556
414,ResNet,0.791,0.924,0.6667,0.5,1.0
415,ResNet,0.8507,0.8798,0.7368,0.6364,0.9556
416,ResNet,0.9403,0.9795,0.8462,0.7333,1.0
417,ResNet,0.9104,0.9474,0.7692,0.6667,0.9808
418,ResNet,0.8358,0.8254,0.5926,0.4444,0.9796
419,ResNet,0.8507,0.9383,0.8,0.6897,0.9737
420,ResNet,0.9104,0.9808,0.75,0.6,1.0
421,ResNet,0.8358,0.922,0.766,0.6207,1.0
422,ResNet,0.8209,0.9506,0.6667,0.5217,0.9773
423,ResNet,0.8358,0.8386,0.7442,0.6154,0.9756
424,ResNet,0.8358,0.8676,0.6857,0.5217,1.0
425,ResNet,0.8209,0.8213,0.7273,0.5926,0.975
426,ResNet,0.8657,0.942,0.7568,0.6667,0.9565
427,ResNet,0.8806,0.9022,0.8,0.6957,0.9773
428,ResNet,0.8507,0.9476,0.7619,0.6957,0.9318
429,ResNet,0.8955,0.9068,0.8108,0.7143,0.9783
430,ResNet,0.791,0.8707,0.5882,0.4545,0.9556
431,ResNet,0.8955,0.8323,0.8205,0.7619,0.9565
432,ResNet,0.9701,0.9943,0.9444,0.9444,0.9796
433,ResNet,0.8358,0.8687,0.6857,0.5455,0.9778
434,ResNet,0.8507,0.864,0.7727,0.6538,0.9756
435,ResNet,0.8358,0.8542,0.4762,0.3125,1.0
436,ResNet,0.8209,0.8915,0.6842,0.5417,0.9767
437,ResNet,0.8209,0.9303,0.625,0.4545,1.0
438,ResNet,0.8657,0.8696,0.7429,0.619,0.9783
439,ResNet,0.8507,0.7667,0.7727,0.6296,1.0
440,ResNet,0.8507,0.8438,0.7826,0.72,0.9286
441,ResNet,0.8955,0.8913,0.8108,0.7143,0.9783
442,ResNet,0.8955,0.9506,0.8293,0.7083,1.0
443,ResNet,0.8806,0.8323,0.7778,0.6364,1.0
444,ResNet,0.8358,0.8727,0.7027,0.5909,0.9556
445,ResNet,0.8657,0.9194,0.8163,0.7143,0.9744
446,ResNet,0.9104,0.9417,0.8571,0.7826,0.9773
447,ResNet,0.791,0.9615,0.72,0.5806,0.9722
448,ResNet,0.8358,0.8987,0.7843,0.6452,1.0
449,ResNet,0.8507,0.838,0.7727,0.6296,1.0
450,ResNet,0.806,0.8449,0.6486,0.5217,0.9545
451,ResNet,0.8657,0.8715,0.7907,0.6538,1.0
452,ResNet,0.806,0.8802,0.7234,0.5667,1.0
453,ResNet,0.8358,0.9259,0.7442,0.6154,0.9756
454,ResNet,0.9104,0.9219,0.8636,0.76,1.0
455,ResNet,0.8358,0.8412,0.5926,0.4706,0.96
456,ResNet,0.8806,0.9303,0.7778,0.6364,1.0
457,ResNet,0.8657,0.7551,0.7097,0.6111,0.9592
458,ResNet,0.806,0.9467,0.6486,0.48,1.0
459,ResNet,0.8507,0.8248,0.75,0.6,1.0
460,ResNet,0.8657,0.9495,0.7568,0.6364,0.9778
461,ResNet,0.8657,0.9602,0.8085,0.7037,0.975
462,ResNet,0.8955,0.9219,0.8511,0.8,0.9524
463,ResNet,0.8955,0.9048,0.8571,0.75,1.0
464,ResNet,0.8358,0.8106,0.6857,0.5714,0.9565
465,ResNet,0.8657,0.9062,0.8,0.6923,0.9756
466,ResNet,0.7761,0.8752,0.6154,0.4615,0.9756
467,ResNet,0.8507,0.9232,0.7368,0.6364,0.9556
468,ResNet,0.8955,0.9518,0.8,0.7368,0.9583
469,ResNet,0.8955,0.9091,0.8293,0.7391,0.9773
470,ResNet,0.8657,0.9447,0.7907,0.6538,1.0
471,ResNet,0.8507,0.9212,0.7619,0.6154,1.0
472,ResNet,0.9104,0.9125,0.8966,0.8125,1.0
473,ResNet,0.8806,0.9093,0.7333,0.6111,0.9796
474,ResNet,0.8657,0.8298,0.7273,0.6,0.9787
475,ResNet,0.8955,0.9523,0.8727,0.8,0.973
476,ResNet,0.9104,0.9134,0.8235,0.7368,0.9792
477,ResNet,0.8507,0.9465,0.7917,0.7308,0.9268
478,ResNet,0.8358,0.9532,0.7843,0.6667,0.973
479,ResNet,0.8955,0.9035,0.8,0.7368,0.9583
480,ResNet,0.9254,0.9587,0.8936,0.8077,1.0
481,ResNet,0.8657,0.9358,0.7429,0.619,0.9783
482,ResNet,0.8955,0.9901,0.8205,0.6957,1.0
483,ResNet,0.8657,0.9317,0.7273,0.5714,1.0
484,ResNet,0.8507,0.9167,0.7368,0.5833,1.0
485,ResNet,0.8507,0.7961,0.6667,0.5263,0.9792
486,ResNet,0.9104,0.9192,0.7692,0.6667,0.9808
487,ResNet,0.8955,0.9056,0.7586,0.6875,0.9608
488,ResNet,0.8657,0.9053,0.7907,0.6538,1.0
489,ResNet,0.8507,0.8584,0.8148,0.7097,0.9722
490,ResNet,0.791,0.9238,0.6818,0.5172,1.0
491,ResNet,0.806,0.8763,0.7347,0.5806,1.0
492,ResNet,0.8358,0.8452,0.7755,0.6786,0.9487
493,ResNet,0.9403,0.9006,0.8947,0.8095,1.0
494,ResNet,0.8358,0.8924,0.7317,0.625,0.9535
495,ResNet,0.8806,0.8443,0.7333,0.5789,1.0
496,ResNet,0.8955,0.9646,0.8205,0.7273,0.9778
497,ResNet,0.9104,0.9694,0.8235,0.7778,0.9592
498,ResNet,0.8358,0.7851,0.6667,0.55,0.9574
499,ResNet,0.8507,0.9269,0.7917,0.7037,0.95
500,ResNet,0.9104,0.8362,0.8235,0.7,1.0
501,ResNet,0.9104,0.9679,0.8966,0.8125,1.0
502,ResNet,0.8806,0.898,0.8182,0.8182,0.9111
503,ResNet,0.8657,0.8862,0.7429,0.65,0.9574
504,ResNet,0.9104,0.955,0.875,0.8077,0.9756
505,ResNet,0.8209,0.8614,0.7,0.5833,0.9535
506,ResNet,0.9403,0.9603,0.913,0.875,0.9767
507,ResNet,0.8806,0.8898,0.8261,0.7037,1.0
508,ResNet,0.8657,0.8395,0.7429,0.619,0.9783
509,ResNet,0.8955,0.9586,0.8108,0.7143,0.9783
510,ResNet,0.8955,0.8776,0.7742,0.6667,0.9796
511,ResNet,0.8657,0.9065,0.8,0.6667,1.0
512,ResNet,0.8955,0.8934,0.8,0.6667,1.0
513,ResNet,0.8358,0.8519,0.7556,0.6296,0.975
514,ResNet,0.9104,0.9658,0.85,0.8095,0.9565
515,ResNet,0.9403,0.9737,0.9,0.8182,1.0
516,ResNet,0.8657,0.9506,0.7907,0.7083,0.9535
517,ResNet,0.9104,0.8772,0.8125,0.6842,1.0
518,ResNet,0.7164,0.8176,0.5128,0.3448,1.0
519,ResNet,0.9254,0.9496,0.878,0.7826,1.0
520,ResNet,0.8806,0.9273,0.8,0.7273,0.9556
521,ResNet,0.9403,0.951,0.8667,0.8125,0.9804
522,ResNet,0.8657,0.9222,0.8,0.6667,1.0
523,ResNet,0.8955,0.9535,0.8108,0.6818,1.0
524,ResNet,0.8806,0.8776,0.7647,0.7222,0.9388
525,ResNet,0.791,0.8095,0.6667,0.56,0.9286
526,ResNet,0.8358,0.7929,0.6207,0.5294,0.94
527,ResNet,0.8955,0.8816,0.8,0.7368,0.9583
528,ResNet,0.806,0.8227,0.6667,0.5417,0.9535
529,ResNet,0.8657,0.8515,0.7568,0.6364,0.9778
530,ResNet,0.8507,0.9009,0.8,0.6667,1.0
531,ResNet,0.9403,0.9676,0.913,0.84,1.0
532,ResNet,0.8955,0.9317,0.8205,0.7619,0.9565
533,ResNet,0.8507,0.8595,0.75,0.625,0.9767
534,ResNet,0.9104,0.8838,0.8421,0.7273,1.0
535,ResNet,0.791,0.848,0.6957,0.5714,0.9487
536,ResNet,0.8806,0.9149,0.7778,0.7,0.9574
537,ResNet,0.806,0.793,0.6061,0.4762,0.9565
538,ResNet,0.8507,0.8673,0.7059,0.6316,0.9375
539,ResNet,0.9403,0.9562,0.8,0.7273,0.9821
540,ResNet,0.8507,0.9277,0.7826,0.6429,1.0
541,ResNet,0.8955,0.7577,0.72,0.6,0.9808
542,ResNet,0.806,0.8892,0.7111,0.5714,0.9744
543,ResNet,0.9254,0.943,0.8571,0.7895,0.9792
544,ResNet,0.8507,0.9343,0.7619,0.64,0.9762
545,ResNet,0.8657,0.9083,0.8,0.6667,1.0
546,ResNet,0.8806,0.94,0.8182,0.72,0.9762
547,ResNet,0.9254,0.9341,0.8276,0.7059,1.0
548,ResNet,0.8955,0.9495,0.8444,0.76,0.9762
549,ResNet,0.8806,0.8606,0.7647,0.65,0.9787
550,ResNet,0.8507,0.8577,0.7368,0.6087,0.9773
551,ResNet,0.8657,0.9137,0.8163,0.7692,0.9268
552,ResNet,0.8507,0.883,0.8148,0.6875,1.0
553,ResNet,0.8358,0.833,0.7442,0.6154,0.9756
554,ResNet,0.9403,0.9473,0.8182,0.6923,1.0
555,ResNet,0.8806,0.8765,0.7895,0.6522,1.0
556,ResNet,0.8955,0.8743,0.8372,0.72,1.0
557,ResNet,0.8955,0.9065,0.8511,0.7407,1.0
558,ResNet,0.8657,0.8618,0.6897,0.5263,1.0
559,ResNet,0.8955,0.9269,0.8293,0.7391,0.9773
560,ResNet,0.9104,0.9317,0.8421,0.7619,0.9783
561,ResNet,0.9104,0.9194,0.8846,0.8214,0.9744
562,ResNet,0.8806,0.9121,0.7895,0.6818,0.9778
563,ResNet,0.9254,0.9612,0.8571,0.8824,0.94
564,ResNet,0.8806,0.8805,0.7333,0.5789,1.0
565,ResNet,0.8358,0.8638,0.7179,0.56,1.0
566,ResNet,0.8358,0.897,0.6667,0.5,1.0
567,ResNet,0.9403,0.9212,0.9167,0.8462,1.0
568,ResNet,0.8955,0.9051,0.8293,0.7727,0.9556
569,ResNet,0.9254,0.9521,0.8571,0.75,1.0
570,ResNet,0.8507,0.8709,0.7826,0.6429,1.0
571,ResNet,0.8507,0.881,0.7059,0.5714,0.9783
572,ResNet,0.9254,0.9952,0.8889,0.8,1.0
573,ResNet,0.791,0.9091,0.7407,0.5882,1.0
574,ResNet,0.8657,0.8333,0.7805,0.6667,0.9767
575,ResNet,0.9104,0.9585,0.8333,0.75,0.9787
576,ResNet,0.8657,0.9362,0.8085,0.7308,0.9512
577,ResNet,0.8955,0.8923,0.8372,0.7826,0.9545
578,ResNet,0.791,0.9086,0.6316,0.48,0.9762
579,ResNet,0.8955,0.9341,0.8627,0.7857,0.9744
580,ResNet,0.8657,0.8532,0.7273,0.6,0.9787
581,ResNet,0.806,0.8465,0.6061,0.4545,0.9778
582,ResNet,0.8358,0.795,0.6667,0.5238,0.9783
583,ResNet,0.8657,0.8289,0.6897,0.5263,1.0
584,ResNet,0.8358,0.9034,0.7442,0.6154,0.9756
585,ResNet,0.8806,0.9287,0.7647,0.65,0.9787
586,ResNet,0.8806,0.8943,0.8182,0.72,0.9762
587,ResNet,0.8806,0.903,0.7778,0.6364,1.0
588,ResNet,0.9104,0.9457,0.8571,0.7826,0.9773
589,ResNet,0.9552,0.9606,0.9268,0.8636,1.0
590,ResNet,0.8657,0.8096,0.7097,0.55,1.0
591,ResNet,0.8507,0.8404,0.7059,0.5455,1.0
592,ResNet,0.9254,0.8733,0.8,0.7143,0.9811
593,ResNet,0.8507,0.9528,0.7917,0.6552,1.0
594,ResNet,0.8507,0.9209,0.7619,0.6957,0.9318
595,ResNet,0.8955,0.9785,0.7742,0.6667,0.9796
596,ResNet,0.8209,0.8592,0.625,0.4762,0.9783
597,ResNet,0.8955,0.8991,0.7742,0.6667,0.9796
598,ResNet,0.8806,0.9634,0.8261,0.7308,0.9756
599,ResNet,0.791,0.8838,0.6111,0.44,1.0
600,ResNet,0.8657,0.896,0.7692,0.6818,0.9556
601,ResNet,0.9104,0.9309,0.8235,0.7,1.0
602,ResNet,0.806,0.8277,0.5517,0.4,0.9787
603,ResNet,0.9254,0.8603,0.8148,0.6875,1.0
604,ResNet,0.8507,0.8532,0.6875,0.55,0.9787
605,ResNet,0.8657,0.9448,0.7907,0.7083,0.9535
606,ResNet,0.8955,0.9061,0.8205,0.6957,1.0
607,ResNet,0.8209,0.8713,0.7143,0.5556,1.0
608,ResNet,0.8358,0.9012,0.6857,0.5217,1.0
609,ResNet,0.8806,0.8695,0.8095,0.68,1.0
610,ResNet,0.9104,0.9606,0.8333,0.75,0.9787
611,ResNet,0.806,0.746,0.5517,0.4444,0.9388
612,ResNet,0.9403,0.9883,0.8889,0.8,1.0
613,ResNet,0.8955,0.8989,0.8,0.7,0.9787
614,ResNet,0.8955,0.919,0.8293,0.7391,0.9773
615,ResNet,0.8955,0.8468,0.8108,0.7143,0.9783
616,ResNet,0.8507,0.9086,0.7917,0.76,0.9048
617,ResNet,0.8507,0.9568,0.7917,0.7308,0.9268
618,ResNet,0.8358,0.8769,0.7179,0.5833,0.9767
619,ResNet,0.8806,0.9301,0.7333,0.6875,0.9412
620,ResNet,0.8507,0.8856,0.7727,0.6538,0.9756
621,ResNet,0.8657,0.8149,0.7692,0.625,1.0
622,ResNet,0.9254,0.9387,0.8837,0.8261,0.9773
623,ResNet,0.8806,0.9428,0.8261,0.7308,0.9756
624,ResNet,0.7761,0.9588,0.6809,0.5161,1.0
625,ResNet,0.806,0.8808,0.6977,0.625,0.907
626,ResNet,0.8657,0.8986,0.7429,0.619,0.9783
627,ResNet,0.9104,0.9772,0.8571,0.8571,0.9348
628,ResNet,0.8657,0.8737,0.7692,0.7143,0.9348
629,ResNet,0.8358,0.8617,0.7027,0.5652,0.9773
630,ResNet,0.8657,0.9182,0.7273,0.5714,1.0
631,ResNet,0.8209,0.8583,0.7273,0.5926,0.975
632,ResNet,0.8507,0.8407,0.7727,0.6296,1.0
633,ResNet,0.8806,0.9777,0.7895,0.75,0.9362
634,ResNet,0.8358,0.8693,0.766,0.6207,1.0
635,ResNet,0.8209,0.8915,0.6667,0.5,1.0
636,ResNet,0.9254,0.8775,0.8148,0.6875,1.0
637,ResNet,0.9104,0.9694,0.8,0.7059,0.98
638,ResNet,0.8507,0.9095,0.7727,0.68,0.9524
639,ResNet,0.791,0.7759,0.6818,0.5556,0.95
640,ResNet,0.8358,0.9162,0.6857,0.5455,0.9778
641,ResNet,0.806,0.8838,0.7234,0.5862,0.9737
642,ResNet,0.9104,0.9816,0.8636,0.7917,0.9767
643,ResNet,0.8507,0.8899,0.7222,0.5909,0.9778
644,ResNet,0.8657,0.9615,0.7907,0.7391,0.9318
645,ResNet,0.8806,0.9578,0.8261,0.7308,0.9756
646,ResNet,0.806,0.8147,0.5806,0.4286,0.9783
647,ResNet,0.8358,0.8649,0.7442,0.6154,0.9756
648,ResNet,0.8358,0.8913,0.8,0.6667,1.0
649,ResNet,0.8358,0.8979,0.6857,0.6,0.9362
650,ResNet,0.8507,0.8874,0.7727,0.6538,0.9756
651,ResNet,0.791,0.8274,0.6667,0.5385,0.9512
652,ResNet,0.8657,0.8921,0.8,0.6923,0.9756
653,ResNet,0.8358,0.8657,0.7179,0.56,1.0
654,ResNet,0.9104,0.9415,0.8421,0.8,0.9574
655,ResNet,0.8806,0.8662,0.75,0.6316,0.9792
656,ResNet,0.9254,0.9286,0.8485,0.7778,0.9796
657,ResNet,0.8806,0.9737,0.8462,0.7586,0.9737
658,ResNet,0.8955,0.932,0.7742,0.6667,0.9796
659,ResNet,0.8806,0.9475,0.8261,0.7308,0.9756
660,ResNet,0.8806,0.8733,0.8182,0.72,0.9762
661,ResNet,0.9403,0.9738,0.913,0.875,0.9767
662,ResNet,0.8955,0.9121,0.8293,0.7727,0.9556
663,ResNet,0.8657,0.9002,0.7692,0.6522,0.9773
664,ResNet,0.8955,0.8849,0.7879,0.6842,0.9792
665,ResNet,0.8955,0.937,0.8372,0.75,0.9767
666,ResNet,0.8358,0.8634,0.6667,0.5238,0.9783
667,ResNet,0.8209,0.8654,0.6471,0.5238,0.9565
668,ResNet,0.8806,0.8682,0.8,0.6667,1.0
669,ResNet,0.806,0.7798,0.6061,0.4545,0.9778
670,ResNet,0.8955,0.9572,0.7879,0.6842,0.9792
671,ResNet,0.806,0.8396,0.6977,0.5769,0.9512
672,ResNet,0.8657,0.8434,0.7692,0.6818,0.9556
673,ResNet,0.8657,0.8929,0.7805,0.7273,0.9333
674,ResNet,0.8209,0.8968,0.6,0.45,0.9787
675,ResNet,0.8657,0.8388,0.6897,0.5263,1.0
676,ResNet,0.806,0.7587,0.6667,0.5417,0.9535
677,ResNet,0.7761,0.7316,0.6154,0.5,0.9302
678,ResNet,0.9254,0.9437,0.878,0.7826,1.0
679,ResNet,0.8657,0.9556,0.7568,0.6364,0.9778
680,ResNet,0.791,0.8361,0.6667,0.5185,0.975
681,ResNet,0.9403,0.9747,0.9167,0.8462,1.0
682,ResNet,0.8955,0.909,0.7879,0.6842,0.9792
683,ResNet,0.9403,0.9141,0.9,0.8182,1.0
684,ResNet,0.8358,0.9255,0.6667,0.55,0.9574
685,ResNet,0.8209,0.8666,0.6667,0.5217,0.9773
686,ResNet,0.8657,0.8468,0.7429,0.619,0.9783
687,ResNet,0.9254,0.9876,0.878,0.8571,0.9565
688,ResNet,0.8806,0.8313,0.7778,0.6667,0.9783
689,ResNet,0.9254,0.9496,0.902,0.8214,1.0
690,ResNet,0.8806,0.9083,0.8462,0.7586,0.9737
691,ResNet,0.9552,0.9803,0.9231,0.8571,1.0
692,ResNet,0.9104,0.9838,0.8421,0.7273,1.0
693,ResNet,0.791,0.8411,0.6316,0.5,0.9535
694,ResNet,0.8806,0.8913,0.8095,0.7391,0.9545
695,ResNet,0.7612,0.7743,0.6,0.48,0.9286
696,ResNet,0.9104,0.9171,0.8636,0.76,1.0
697,ResNet,0.8806,0.8686,0.8182,0.72,0.9762
698,ResNet,0.8955,0.8447,0.8108,0.7143,0.9783
699,ResNet,0.8507,0.8889,0.7826,0.6667,0.975
700,ResNet,0.8955,0.8702,0.8293,0.7083,1.0
701,ResNet,0.8955,0.8778,0.8205,0.7273,0.9778
702,ResNet,0.8955,0.907,0.8372,0.75,0.9767
703,ResNet,0.8955,0.9318,0.7586,0.6471,0.98
704,ResNet,0.8955,0.9387,0.8205,0.6957,1.0
705,ResNet,0.8955,0.941,0.8108,0.7143,0.9783
706,ResNet,0.8955,0.939,0.8627,0.8462,0.9268
707,ResNet,0.8657,0.8116,0.7273,0.5714,1.0
708,ResNet,0.8806,0.8861,0.7647,0.619,1.0
709,ResNet,0.8507,0.9437,0.8148,0.6875,1.0
710,ResNet,0.8507,0.8419,0.75,0.6,1.0
711,ResNet,0.9104,0.9503,0.8696,0.7692,1.0
712,ResNet,0.7463,0.7833,0.5854,0.4615,0.9268
713,ResNet,0.8209,0.9405,0.75,0.6,1.0
714,ResNet,0.8657,0.9615,0.7805,0.6957,0.9545
715,ResNet,0.7761,0.8546,0.6154,0.4615,0.9756
716,ResNet,0.9552,0.9524,0.9231,0.8571,1.0
717,ResNet,0.806,0.863,0.6977,0.5769,0.9512
718,ResNet,0.8657,0.8457,0.7429,0.65,0.9574
719,ResNet,0.8507,0.9141,0.75,0.6818,0.9333
720,ResNet,0.8955,0.9035,0.7742,0.6316,1.0
721,ResNet,0.8806,0.8929,0.8,0.7273,0.9556
722,ResNet,0.8806,0.919,0.8,0.6957,0.9773
723,ResNet,0.806,0.8058,0.7111,0.6154,0.9268
724,ResNet,0.8955,0.8423,0.7407,0.6667,0.9615
725,ResNet,0.9254,0.9744,0.8,0.6667,1.0
726,ResNet,0.8657,0.9394,0.6087,0.5,0.9623
727,ResNet,0.9104,0.9552,0.8636,0.76,1.0
728,ResNet,0.9254,0.9632,0.8276,0.75,0.9804
729,ResNet,0.8806,0.9176,0.7143,0.5882,0.98
730,ResNet,0.806,0.8902,0.6829,0.5385,0.9756
731,ResNet,0.9254,0.9723,0.8889,0.8696,0.9545
732,ResNet,0.8657,0.9162,0.7907,0.68,0.9762
733,ResNet,0.7761,0.8223,0.6667,0.5357,0.9487
734,ResNet,0.8955,0.9484,0.8444,0.7308,1.0
735,ResNet,0.806,0.8938,0.7111,0.5714,0.9744
736,ResNet,0.806,0.8199,0.6829,0.5385,0.9756
737,ResNet,0.8955,0.8776,0.7586,0.6111,1.0
738,ResNet,0.8507,0.9702,0.7059,0.6,0.9574
739,ResNet,0.8657,0.9121,0.7568,0.6364,0.9778
740,ResNet,0.9104,0.9149,0.8333,0.75,0.9787
741,ResNet,0.806,0.8444,0.6061,0.4545,0.9778
742,ResNet,0.8806,0.9384,0.7778,0.6364,1.0
743,ResNet,0.8657,0.7667,0.7429,0.5909,1.0
744,ResNet,0.9104,0.913,0.7857,0.6875,0.9804
745,ResNet,0.791,0.8565,0.65,0.4815,1.0
746,ResNet,0.806,0.8382,0.6286,0.4583,1.0
747,ResNet,0.8209,0.8963,0.7273,0.5926,0.975
748,ResNet,0.8955,0.8503,0.7742,0.6667,0.9796
749,ResNet,0.9104,0.9331,0.8235,0.7368,0.9792
750,ResNet,0.8806,0.9263,0.7895,0.6818,0.9778
751,ResNet,0.8806,0.913,0.8333,0.7407,0.975
752,ResNet,0.8806,0.886,0.7333,0.5789,1.0
753,ResNet,0.7612,0.8636,0.6,0.5217,0.8864
754,ResNet,0.8507,0.9111,0.7368,0.6364,0.9556
755,ResNet,0.8209,0.8735,0.6842,0.5652,0.9545
756,ResNet,0.9104,0.9467,0.8571,0.75,1.0
757,ResNet,0.8358,0.9597,0.7317,0.5769,1.0
758,ResNet,0.8209,0.8404,0.6667,0.5455,0.9556
759,ResNet,0.8209,0.938,0.7,0.5833,0.9535
760,ResNet,0.8657,0.9352,0.7907,0.68,0.9762
761,ResNet,0.8209,0.8248,0.6842,0.52,1.0
762,ResNet,0.8358,0.907,0.7027,0.5417,1.0
763,ResNet,0.8955,0.9331,0.7742,0.6316,1.0
764,ResNet,0.8806,0.9674,0.8,0.6957,0.9773
765,ResNet,0.8657,0.9027,0.7273,0.5714,1.0
766,ResNet,0.8657,0.9101,0.7692,0.6522,0.9773
767,ResNet,0.8507,0.9881,0.7826,0.6429,1.0
768,ResNet,0.8209,0.8808,0.6667,0.5455,0.9556
769,ResNet,0.8358,0.8553,0.6452,0.5,0.9787
770,ResNet,0.8358,0.8606,0.6452,0.5,0.9787
771,ResNet,0.9254,0.9082,0.8387,0.7222,1.0
772,ResNet,0.8358,0.7562,0.56,0.3889,1.0
773,ResNet,0.8955,0.8518,0.7586,0.6471,0.98
774,ResNet,0.791,0.7964,0.65,0.5,0.9756
775,ResNet,0.8657,0.8251,0.7568,0.6667,0.9565
776,ResNet,0.9403,0.941,0.8571,0.8,0.9808
777,ResNet,0.8507,0.8883,0.7368,0.6087,0.9773
778,ResNet,0.8657,0.9485,0.7568,0.6364,0.9778
779,ResNet,0.9104,0.9444,0.88,0.8148,0.975
780,ResNet,0.7612,0.8063,0.6364,0.4667,1.0
781,ResNet,0.9403,0.9545,0.8947,0.8095,1.0
782,ResNet,0.8806,0.8343,0.8095,0.68,1.0
783,ResNet,0.8806,0.8903,0.7778,0.6667,0.9783
784,ResNet,0.9104,0.8499,0.8421,0.7619,0.9783
785,ResNet,0.9254,0.9394,0.8649,0.8,0.9787
786,ResNet,0.8507,0.9253,0.7368,0.6364,0.9556
787,ResNet,0.8806,0.8962,0.8095,0.68,1.0
788,ResNet,0.806,0.8372,0.6667,0.5417,0.9535
789,ResNet,0.8806,0.912,0.8,0.7619,0.9348
790,ResNet,0.8209,0.8199,0.7273,0.6154,0.9512
791,ResNet,0.8955,0.8261,0.8205,0.7619,0.9565
792,ResNet,0.8657,0.9676,0.7907,0.68,0.9762
793,ResNet,0.8806,0.9337,0.7778,0.6667,0.9783
794,ResNet,0.806,0.8799,0.5517,0.381,1.0
795,ResNet,0.8955,0.9852,0.8205,0.6957,1.0
796,ResNet,0.7612,0.8244,0.6667,0.5161,0.9722
797,ResNet,0.8209,0.8696,0.6,0.4286,1.0
798,ResNet,0.8209,0.8157,0.7273,0.5926,0.975
799,ResNet,0.8657,0.9165,0.8,0.6923,0.9756
800,ResNet,0.8657,0.8956,0.8235,0.75,0.9487
801,ResNet,0.8507,0.8864,0.7368,0.6087,0.9773
802,ResNet,0.8507,0.9143,0.75,0.6,1.0
803,ResNet,0.9104,0.9061,0.85,0.7391,1.0
804,ResNet,0.8955,0.9235,0.7742,0.7059,0.96
805,ResNet,0.8806,0.8505,0.7895,0.6818,0.9778
806,ResNet,0.7612,0.7471,0.5294,0.375,0.9767
807,ResNet,0.791,0.8799,0.7083,0.5484,1.0
808,ResNet,0.8806,0.9,0.8095,0.68,1.0
809,ResNet,0.791,0.7885,0.5625,0.3913,1.0
810,ResNet,0.806,0.7686,0.6829,0.56,0.9524
811,ResNet,0.8507,0.9184,0.7619,0.6154,1.0
812,ResNet,0.8657,0.9519,0.8,0.6667,1.0
813,ResNet,0.8657,0.9121,0.7692,0.6522,0.9773
814,ResNet,0.8955,0.9435,0.8571,0.7778,0.975
815,ResNet,0.8507,0.9047,0.8077,0.7241,0.9474
816,ResNet,0.8209,0.8362,0.7143,0.625,0.9302
817,ResNet,0.8507,0.918,0.75,0.6522,0.9545
818,ResNet,0.8657,0.8884,0.8,0.6923,0.9756
819,ResNet,0.8806,0.9619,0.8182,0.72,0.9762
820,ResNet,0.8955,0.9394,0.8205,0.7273,0.9778
821,ResNet,0.7761,0.8288,0.6939,0.5667,0.9459
822,ResNet,0.8507,0.8934,0.7059,0.5714,0.9783
823,ResNet,0.8507,0.9106,0.6154,0.4706,0.98
824,ResNet,0.8955,0.9404,0.8108,0.75,0.9574
825,ResNet,0.7761,0.8574,0.6341,0.5,0.9512
826,ResNet,0.8806,0.8915,0.8095,0.7083,0.9767
827,ResNet,0.9403,0.9447,0.875,0.8235,0.98
828,ResNet,0.8806,0.8814,0.6667,0.5714,0.9623
829,ResNet,0.9403,0.9669,0.8667,0.8125,0.9804
830,ResNet,0.9104,0.9118,0.8125,0.7647,0.96
831,ResNet,0.8209,0.8547,0.6471,0.4783,1.0
832,ResNet,0.8358,0.9784,0.7843,0.6667,0.973
833,ResNet,0.806,0.9447,0.6667,0.5,1.0
834,ResNet,0.9254,0.9907,0.898,0.8148,1.0
835,ResNet,0.9104,0.912,0.8421,0.7619,0.9783
836,ResNet,0.8806,0.9478,0.8462,0.7857,0.9487
837,ResNet,0.9254,0.8794,0.878,0.7826,1.0
838,ResNet,0.9254,0.9348,0.8889,0.8696,0.9545
839,ResNet,0.8657,0.9325,0.8,0.6923,0.9756
840,ResNet,0.8507,0.8141,0.6667,0.5882,0.94
841,ResNet,0.8657,0.9358,0.7907,0.7391,0.9318
842,ResNet,0.9104,0.9748,0.8235,0.7368,0.9792
843,ResNet,0.8806,0.8812,0.7333,0.6471,0.96
844,ResNet,0.8507,0.747,0.7368,0.6087,0.9773
845,ResNet,0.9254,0.9565,0.8387,0.7647,0.98
846,ResNet,0.9104,0.9755,0.8,0.75,0.9608
847,ResNet,0.9104,0.9819,0.8696,0.8,0.9762
848,ResNet,0.9104,0.9682,0.8,0.7059,0.98
849,ResNet,0.8358,0.8944,0.7556,0.6296,0.975
850,ResNet,0.8657,0.886,0.6897,0.625,0.9412
851,ResNet,0.8955,0.8081,0.7879,0.6842,0.9792
852,ResNet,0.9851,0.9498,0.9677,0.9375,1.0
853,ResNet,0.8507,0.9167,0.7727,0.6296,1.0
854,ResNet,0.8507,0.8489,0.7826,0.6429,1.0
855,ResNet,0.8209,0.7878,0.7143,0.625,0.9302
856,ResNet,0.8955,0.9032,0.8205,0.6957,1.0
857,ResNet,0.8806,0.9161,0.75,0.6667,0.9592
858,ResNet,0.8358,0.7755,0.6207,0.5,0.9592
859,ResNet,0.9552,0.9809,0.9189,0.85,1.0
860,ResNet,0.8955,0.9394,0.8108,0.6818,1.0
861,ResNet,0.8955,0.9006,0.8,0.6667,1.0
862,ResNet,0.8209,0.9075,0.7391,0.6071,0.9744
863,ResNet,0.8507,0.8862,0.6875,0.55,0.9787
864,ResNet,0.8657,0.8192,0.7692,0.6522,0.9773
865,ResNet,0.9851,0.9943,0.9714,0.9444,1.0
866,ResNet,0.8358,0.7965,0.7027,0.5417,1.0
867,ResNet,0.9403,0.9429,0.9167,0.88,0.9762
868,ResNet,0.8657,0.8809,0.7097,0.55,1.0
869,ResNet,0.8507,0.9066,0.8077,0.75,0.9231
870,ResNet,0.9254,0.8871,0.8485,0.7368,1.0
871,ResNet,0.8657,0.8707,0.7692,0.6818,0.9556
872,ResNet,0.8358,0.8546,0.7317,0.5769,1.0
873,ResNet,0.8358,0.8508,0.7442,0.6154,0.9756
874,ResNet,0.9552,0.9101,0.9143,0.8421,1.0
875,ResNet,0.8358,0.9343,0.766,0.6923,0.9268
876,ResNet,0.8358,0.8547,0.6857,0.5217,1.0
877,ResNet,0.8806,0.9794,0.8182,0.6923,1.0
878,ResNet,0.8358,0.8023,0.7179,0.5833,0.9767
879,ResNet,0.8209,0.8443,0.625,0.5263,0.9375
880,ResNet,0.9104,0.9178,0.8125,0.6842,1.0
881,ResNet,0.7612,0.7676,0.6,0.48,0.9286
882,ResNet,0.8657,0.873,0.7273,0.6667,0.9388
883,ResNet,0.8657,0.8582,0.7273,0.5714,1.0
884,ResNet,0.8657,0.9,0.7907,0.68,0.9762
885,ResNet,0.9403,0.9803,0.8824,0.7895,1.0
886,ResNet,0.8806,0.8475,0.7778,0.6364,1.0
887,ResNet,0.9104,0.8923,0.8333,0.7143,1.0
888,ResNet,0.8209,0.8516,0.7391,0.6071,0.9744
889,ResNet,0.8806,0.9725,0.8333,0.7143,1.0
890,ResNet,0.791,0.7929,0.4615,0.3529,0.94
891,ResNet,0.9104,0.9745,0.8333,0.75,0.9787
892,ResNet,0.8955,0.9205,0.8293,0.7083,1.0
893,ResNet,0.8507,0.916,0.7222,0.5652,1.0
894,ResNet,0.7761,0.8321,0.717,0.5938,0.9429
895,ResNet,0.9104,0.909,0.8235,0.7368,0.9792
896,ResNet,0.8806,0.8508,0.8095,0.7083,0.9767
897,ResNet,0.8657,0.9244,0.7429,0.619,0.9783
898,ResNet,0.8657,0.8283,0.7568,0.6364,0.9778
899,ResNet,0.8806,0.9525,0.7778,0.6364,1.0
900,ResNet,0.8358,0.8584,0.7843,0.6452,1.0
901,ResNet,0.8955,0.916,0.8205,0.6957,1.0
902,ResNet,0.8507,0.8319,0.6875,0.55,0.9787
903,ResNet,0.8358,0.8447,0.6857,0.6,0.9362
904,ResNet,0.8806,0.9302,0.8182,0.75,0.9535
905,ResNet,0.8507,0.9014,0.6429,0.5,0.9796
906,ResNet,0.8209,0.9444,0.5714,0.4444,0.9592
907,ResNet,0.8955,0.9006,0.8,0.6667,1.0
908,ResNet,0.8955,0.939,0.8444,0.7917,0.9535
909,ResNet,0.8806,0.8883,0.75,0.6,1.0
910,ResNet,0.806,0.9165,0.7234,0.5862,0.9737
911,ResNet,0.8955,0.8313,0.8108,0.6818,1.0
912,ResNet,0.8657,0.913,0.7429,0.619,0.9783
913,ResNet,0.8806,0.9034,0.8261,0.7308,0.9756
914,ResNet,0.8358,0.9111,0.6857,0.5455,0.9778
915,ResNet,0.9104,0.9364,0.8235,0.7368,0.9792
916,ResNet,0.9254,0.949,0.8485,0.7778,0.9796
917,ResNet,0.7761,0.8342,0.7059,0.6429,0.8718
918,ResNet,0.9104,0.9534,0.8333,0.7143,1.0
919,ResNet,0.8209,0.8743,0.7143,0.5769,0.9756
920,ResNet,0.8507,0.9083,0.7917,0.6552,1.0
921,ResNet,0.8657,0.9293,0.7568,0.6364,0.9778
922,ResNet,0.7164,0.8414,0.5957,0.4516,0.9444
923,ResNet,0.8806,0.797,0.7778,0.6364,1.0
924,ResNet,0.8657,0.8934,0.7429,0.619,0.9783
925,ResNet,0.9254,0.9645,0.8148,0.6875,1.0
926,ResNet,0.8358,0.8676,0.7442,0.5926,1.0
927,ResNet,0.8358,0.8794,0.6207,0.4737,0.9792
928,ResNet,0.9254,0.9571,0.8276,0.75,0.9804
929,ResNet,0.8358,0.8364,0.6857,0.5714,0.9565
930,ResNet,0.8806,0.8364,0.7895,0.6818,0.9778
931,ResNet,0.9254,0.94,0.8276,0.7059,1.0
932,ResNet,0.8955,0.8571,0.8205,0.7619,0.9565
933,ResNet,0.8806,0.966,0.75,0.6667,0.9592
934,ResNet,0.8358,0.88,0.7556,0.6071,1.0
935,ResNet,0.8657,0.9031,0.7907,0.7083,0.9535
936,ResNet,0.8507,0.9269,0.7917,0.7037,0.95
937,ResNet,0.9104,0.9104,0.8,0.6667,1.0
938,ResNet,0.8806,0.919,0.8,0.6957,0.9773
939,ResNet,0.8806,0.9286,0.8182,0.72,0.9762
940,ResNet,0.9552,0.9893,0.9362,0.9167,0.9767
941,ResNet,0.8955,0.9,0.7742,0.7059,0.96
942,ResNet,0.8358,0.8765,0.7027,0.5652,0.9773
943,ResNet,0.8806,0.901,0.7895,0.6818,0.9778
944,ResNet,0.791,0.8043,0.5882,0.4348,0.9773
945,ResNet,0.8507,0.8904,0.6875,0.55,0.9787
946,ResNet,0.8358,0.8667,0.6857,0.5455,0.9778
947,ResNet,0.8806,0.9029,0.8182,0.72,0.9762
948,ResNet,0.9254,0.9596,0.8718,0.7727,1.0
949,ResNet,0.8657,0.9024,0.6897,0.5263,1.0
950,ResNet,0.9552,0.9824,0.9302,0.9524,0.9565
951,ResNet,0.9104,0.9571,0.8,0.75,0.9608
952,ResNet,0.9254,0.9354,0.8485,0.7778,0.9796
953,ResNet,0.8507,0.8957,0.6429,0.5,0.9796
954,ResNet,0.806,0.7924,0.6486,0.48,1.0
955,ResNet,0.8806,0.9071,0.75,0.7059,0.94
956,ResNet,0.8806,0.8953,0.8,0.6957,0.9773
957,ResNet,0.9403,0.9612,0.9091,0.8333,1.0
958,ResNet,0.8507,0.7939,0.7222,0.5909,0.9778
959,ResNet,0.806,0.8508,0.6286,0.4583,1.0
960,ResNet,0.8806,0.902,0.7895,0.6818,0.9778
961,ResNet,0.8507,0.8914,0.7619,0.64,0.9762
962,ResNet,0.8955,0.88,0.7407,0.5882,1.0
963,ResNet,0.8955,0.8649,0.8,0.7,0.9787
964,ResNet,0.806,0.8063,0.7347,0.6,0.973
965,ResNet,0.8806,0.9381,0.8333,0.7692,0.9512
966,ResNet,0.9254,0.9515,0.8718,0.7727,1.0
967,ResNet,0.8657,0.8758,0.7429,0.619,0.9783
968,ResNet,0.9104,0.9615,0.8696,0.7692,1.0
969,ResNet,0.791,0.7638,0.6316,0.5217,0.9318
970,ResNet,0.8955,0.942,0.8372,0.8571,0.913
971,ResNet,0.8955,0.8976,0.72,0.6429,0.9623
972,ResNet,0.9254,0.8395,0.8148,0.6875,1.0
973,ResNet,0.8806,0.8743,0.8182,0.6923,1.0
974,ResNet,0.8955,0.9689,0.8293,0.8095,0.9348
975,ResNet,0.9104,0.9148,0.875,0.7778,1.0
976,ResNet,0.9104,0.9441,0.8421,0.8421,0.9375
977,ResNet,0.8507,0.8973,0.7619,0.6667,0.9535
978,ResNet,0.8358,0.9093,0.7755,0.6786,0.9487
979,ResNet,0.806,0.8654,0.7234,0.6071,0.9487
980,ResNet,0.7463,0.7129,0.5405,0.3846,0.9756
981,ResNet,0.8507,0.8593,0.8276,0.7742,0.9167
982,ResNet,0.8507,0.8705,0.7619,0.6154,1.0
983,ResNet,0.9104,0.9117,0.7692,0.7692,0.9444
984,ResNet,0.8507,0.8663,0.7619,0.6667,0.9535
985,ResNet,0.8657,0.9485,0.7429,0.5909,1.0
986,ResNet,0.8806,0.92,0.8095,0.68,1.0
987,ResNet,0.8955,0.909,0.7742,0.6316,1.0
988,ResNet,0.8955,0.8684,0.7879,0.6842,0.9792
989,ResNet,0.8507,0.871,0.8148,0.7097,0.9722
990,ResNet,0.8806,0.9047,0.7333,0.6471,0.96
991,ResNet,0.8955,0.9247,0.7586,0.6471,0.98
992,ResNet,0.8209,0.8895,0.7143,0.625,0.9302
993,ResNet,0.8358,0.7368,0.6207,0.4737,0.9792
994,ResNet,0.8507,0.899,0.75,0.6,1.0
995,ResNet,0.8806,0.9522,0.8261,0.7308,0.9756
996,ResNet,0.8806,0.8401,0.75,0.6667,0.9592
997,ResNet,0.7761,0.8486,0.6809,0.5333,0.973
998,ResNet,0.9254,0.9814,0.8571,0.7895,0.9792
999,ResNet,0.806,0.8419,0.6977,0.6,0.9286
1000,ResNet,0.9104,0.8766,0.8846,0.7931,1.0
1,SqueezeNet,0.8507,0.9156,0.8077,0.7241,0.9474
2,SqueezeNet,0.9254,0.9474,0.8718,0.8947,0.9375
3,SqueezeNet,0.8806,0.9462,0.8,0.7619,0.9348
4,SqueezeNet,0.8358,0.875,0.7179,0.5833,0.9767
5,SqueezeNet,0.8358,0.9405,0.7925,0.7,0.9459
6,SqueezeNet,0.8806,0.8634,0.8,0.7619,0.9348
7,SqueezeNet,0.7761,0.8447,0.6154,0.6,0.8511
8,SqueezeNet,0.8358,0.8101,0.7442,0.6667,0.9302
9,SqueezeNet,0.8209,0.9328,0.75,0.6207,0.9737
10,SqueezeNet,0.8507,0.8419,0.7727,0.68,0.9524
11,SqueezeNet,0.8657,0.8872,0.7692,0.7143,0.9348
12,SqueezeNet,0.8806,0.9617,0.8,0.8,0.9149
13,SqueezeNet,0.7761,0.8553,0.5946,0.55,0.8723
14,SqueezeNet,0.8806,0.9024,0.8333,0.7692,0.9512
15,SqueezeNet,0.8209,0.8926,0.6471,0.55,0.9362
16,SqueezeNet,0.7612,0.7867,0.619,0.52,0.9048
17,SqueezeNet,0.8806,0.92,0.75,0.7059,0.94
18,SqueezeNet,0.8358,0.869,0.7843,0.7143,0.9231
19,SqueezeNet,0.9104,0.9705,0.875,0.84,0.9524
20,SqueezeNet,0.8507,0.874,0.75,0.625,0.9767
21,SqueezeNet,0.8657,0.9011,0.7429,0.65,0.9574
22,SqueezeNet,0.8507,0.8778,0.7368,0.6364,0.9556
23,SqueezeNet,0.8358,0.8556,0.7179,0.6364,0.9333
24,SqueezeNet,0.8507,0.9338,0.7368,0.6087,0.9773
25,SqueezeNet,0.8358,0.9047,0.7027,0.7647,0.86
26,SqueezeNet,0.8657,0.9047,0.7273,0.7059,0.92
27,SqueezeNet,0.8657,0.9365,0.7273,0.6667,0.9388
28,SqueezeNet,0.8806,0.9691,0.8,0.8,0.9149
29,SqueezeNet,0.9254,0.9949,0.8936,0.9545,0.9111
30,SqueezeNet,0.8209,0.8459,0.6,0.5294,0.92
31,SqueezeNet,0.8209,0.9017,0.6842,0.619,0.913
32,SqueezeNet,0.7612,0.8315,0.6667,0.5714,0.8974
33,SqueezeNet,0.8507,0.7539,0.75,0.625,0.9767
34,SqueezeNet,0.8806,0.8976,0.6923,0.6429,0.9434
35,SqueezeNet,0.8507,0.8837,0.7619,0.6667,0.9535
36,SqueezeNet,0.8358,0.8806,0.7755,0.7037,0.925
37,SqueezeNet,0.8209,0.8407,0.7391,0.6071,0.9744
38,SqueezeNet,0.8507,0.9298,0.7619,0.6957,0.9318
39,SqueezeNet,0.9254,0.9493,0.8936,0.8077,1.0
40,SqueezeNet,0.9104,0.9719,0.875,0.8077,0.9756
41,SqueezeNet,0.791,0.8043,0.65,0.5652,0.9091
42,SqueezeNet,0.806,0.8686,0.6486,0.5217,0.9545
43,SqueezeNet,0.791,0.883,0.6316,0.5714,0.8913
44,SqueezeNet,0.8507,0.8768,0.7368,0.6667,0.9348
45,SqueezeNet,0.8209,0.9038,0.7391,0.6071,0.9744
46,SqueezeNet,0.8657,0.9408,0.7568,0.7368,0.9167
47,SqueezeNet,0.7313,0.7604,0.6667,0.6,0.8378
48,SqueezeNet,0.8955,0.8714,0.8372,0.72,1.0
49,SqueezeNet,0.806,0.8895,0.6977,0.6,0.9286
50,SqueezeNet,0.806,0.9042,0.7111,0.6957,0.8636
51,SqueezeNet,0.7761,0.7692,0.6667,0.5769,0.9024
52,SqueezeNet,0.8657,0.8915,0.8,0.75,0.9302
53,SqueezeNet,0.7761,0.8598,0.7541,0.6571,0.9062
54,SqueezeNet,0.8358,0.8374,0.7179,0.6364,0.9333
55,SqueezeNet,0.8209,0.7767,0.6667,0.5217,0.9773
56,SqueezeNet,0.7761,0.8883,0.6512,0.5,0.9744
57,SqueezeNet,0.8209,0.9121,0.7391,0.7391,0.8636
58,SqueezeNet,0.8657,0.9371,0.8085,0.76,0.9286
59,SqueezeNet,0.8209,0.8672,0.7,0.5833,0.9535
60,SqueezeNet,0.8806,0.9597,0.84,0.8077,0.9268
61,SqueezeNet,0.8507,0.883,0.8214,0.7188,0.9714
62,SqueezeNet,0.9104,0.8936,0.8235,0.7368,0.9792
63,SqueezeNet,0.9254,0.9505,0.8837,0.8636,0.9556
64,SqueezeNet,0.8358,0.9059,0.7027,0.7222,0.8776
65,SqueezeNet,0.7612,0.8343,0.5556,0.4167,0.9535
66,SqueezeNet,0.791,0.8015,0.6111,0.5789,0.875
67,SqueezeNet,0.8358,0.9121,0.6857,0.5455,0.9778
68,SqueezeNet,0.7612,0.7795,0.6522,0.5172,0.9474
69,SqueezeNet,0.8657,0.9385,0.6667,0.6,0.9423
70,SqueezeNet,0.8657,0.9309,0.7692,0.7895,0.8958
71,SqueezeNet,0.8507,0.9384,0.8214,0.7188,0.9714
72,SqueezeNet,0.8806,0.9234,0.7778,0.6667,0.9783
73,SqueezeNet,0.8507,0.9333,0.7727,0.7727,0.8889
74,SqueezeNet,0.8657,0.9,0.8085,0.76,0.9286
75,SqueezeNet,0.8209,0.8528,0.6842,0.5652,0.9545
76,SqueezeNet,0.8806,0.9018,0.8519,0.7667,0.973
77,SqueezeNet,0.791,0.7567,0.5625,0.4286,0.9565
78,SqueezeNet,0.8806,0.939,0.8333,0.8333,0.907
79,SqueezeNet,0.8209,0.9065,0.7273,0.5926,0.975
80,SqueezeNet,0.8955,0.9077,0.7586,0.7333,0.9423
81,SqueezeNet,0.791,0.8053,0.6818,0.6522,0.8636
82,SqueezeNet,0.8209,0.7882,0.5,0.3529,0.98
83,SqueezeNet,0.806,0.8762,0.7234,0.68,0.881
84,SqueezeNet,0.7761,0.8574,0.717,0.7037,0.825
85,SqueezeNet,0.8806,0.9002,0.7647,0.6842,0.9583
86,SqueezeNet,0.8358,0.9296,0.766,0.6923,0.9268
87,SqueezeNet,0.7761,0.8256,0.6341,0.5417,0.907
88,SqueezeNet,0.8358,0.9,0.7556,0.68,0.9286
89,SqueezeNet,0.806,0.8626,0.7111,0.6957,0.8636
90,SqueezeNet,0.8358,0.9437,0.7556,0.6538,0.9512
91,SqueezeNet,0.791,0.8943,0.7083,0.68,0.8571
92,SqueezeNet,0.8358,0.7781,0.7442,0.6667,0.9302
93,SqueezeNet,0.8806,0.8878,0.7143,0.5556,1.0
94,SqueezeNet,0.9104,0.97,0.8696,0.8333,0.9535
95,SqueezeNet,0.8358,0.8211,0.7179,0.6087,0.9545
96,SqueezeNet,0.806,0.8309,0.5806,0.45,0.9574
97,SqueezeNet,0.7761,0.898,0.5714,0.4545,0.9333
98,SqueezeNet,0.8806,0.8936,0.7143,0.6667,0.9423
99,SqueezeNet,0.8358,0.8266,0.6857,0.6,0.9362
100,SqueezeNet,0.806,0.8965,0.7547,0.7143,0.8718
101,SqueezeNet,0.9104,0.9795,0.7692,0.6667,0.9808
102,SqueezeNet,0.8209,0.909,0.7857,0.7333,0.8919
103,SqueezeNet,0.7761,0.7394,0.5455,0.45,0.9149
104,SqueezeNet,0.8358,0.8785,0.7179,0.6087,0.9545
105,SqueezeNet,0.8358,0.8695,0.6857,0.6316,0.9167
106,SqueezeNet,0.8657,0.9079,0.7568,0.7368,0.9167
107,SqueezeNet,0.806,0.8221,0.7347,0.7826,0.8182
108,SqueezeNet,0.806,0.7766,0.5185,0.3889,0.9592
109,SqueezeNet,0.8507,0.9625,0.75,0.6522,0.9545
110,SqueezeNet,0.8209,0.8993,0.7857,0.6667,0.9706
111,SqueezeNet,0.8209,0.853,0.7143,0.7143,0.8696
112,SqueezeNet,0.8358,0.9606,0.7556,0.7727,0.8667
113,SqueezeNet,0.8806,0.8271,0.8095,0.7391,0.9545
114,SqueezeNet,0.8657,0.8934,0.7805,0.7619,0.913
115,SqueezeNet,0.8507,0.9,0.8148,0.7333,0.9459
116,SqueezeNet,0.7612,0.6779,0.5556,0.4348,0.9318
117,SqueezeNet,0.791,0.8721,0.72,0.6,0.9459
118,SqueezeNet,0.8507,0.8133,0.7619,0.64,0.9762
119,SqueezeNet,0.9254,0.9518,0.8718,0.8947,0.9375
120,SqueezeNet,0.791,0.8498,0.65,0.5417,0.9302
121,SqueezeNet,0.7612,0.8734,0.5789,0.55,0.8511
122,SqueezeNet,0.6716,0.7392,0.5417,0.4194,0.8889
123,SqueezeNet,0.8507,0.837,0.7368,0.6087,0.9773
124,SqueezeNet,0.8806,0.9117,0.7778,0.7,0.9574
125,SqueezeNet,0.8507,0.909,0.7059,0.6316,0.9375
126,SqueezeNet,0.8358,0.8271,0.6207,0.5294,0.94
127,SqueezeNet,0.8209,0.8802,0.7931,0.7667,0.8649
128,SqueezeNet,0.791,0.8934,0.7586,0.7097,0.8611
129,SqueezeNet,0.8358,0.8528,0.7317,0.6522,0.9318
130,SqueezeNet,0.8358,0.8923,0.7442,0.6957,0.9091
131,SqueezeNet,0.8507,0.8886,0.7619,0.6667,0.9535
132,SqueezeNet,0.8806,0.9212,0.8,0.7273,0.9556
133,SqueezeNet,0.8358,0.8552,0.7556,0.68,0.9286
134,SqueezeNet,0.8657,0.8354,0.7568,0.6364,0.9778
135,SqueezeNet,0.8507,0.8883,0.7619,0.6957,0.9318
136,SqueezeNet,0.8209,0.8602,0.6842,0.619,0.913
137,SqueezeNet,0.8806,0.8805,0.7778,0.7368,0.9375
138,SqueezeNet,0.8358,0.9031,0.7317,0.625,0.9535
139,SqueezeNet,0.8209,0.8814,0.7,0.6087,0.9318
140,SqueezeNet,0.8358,0.8379,0.7027,0.5652,0.9773
141,SqueezeNet,0.8657,0.8828,0.7568,0.6364,0.9778
142,SqueezeNet,0.7463,0.8349,0.6383,0.5769,0.8537
143,SqueezeNet,0.8507,0.935,0.8077,0.75,0.9231
144,SqueezeNet,0.9254,0.9783,0.878,0.8571,0.9565
145,SqueezeNet,0.8955,0.9796,0.8,0.7778,0.9388
146,SqueezeNet,0.8358,0.9091,0.7556,0.7391,0.8864
147,SqueezeNet,0.8209,0.8949,0.7273,0.6154,0.9512
148,SqueezeNet,0.8209,0.8439,0.76,0.6552,0.9474
149,SqueezeNet,0.8358,0.9328,0.766,0.7826,0.8636
150,SqueezeNet,0.8358,0.8766,0.7925,0.7241,0.9211
151,SqueezeNet,0.8806,0.9312,0.8261,0.7917,0.9302
152,SqueezeNet,0.8358,0.9172,0.6452,0.5556,0.9388
153,SqueezeNet,0.806,0.8747,0.6667,0.619,0.8913
154,SqueezeNet,0.8209,0.8707,0.6667,0.6667,0.8776
155,SqueezeNet,0.8358,0.8884,0.7925,0.7241,0.9211
156,SqueezeNet,0.8358,0.8518,0.7442,0.6154,0.9756
157,SqueezeNet,0.806,0.7138,0.5806,0.45,0.9574
158,SqueezeNet,0.806,0.9219,0.6667,0.52,0.9762
159,SqueezeNet,0.8507,0.9194,0.7826,0.6429,1.0
160,SqueezeNet,0.8507,0.9515,0.7917,0.6786,0.9744
161,SqueezeNet,0.9104,0.9803,0.8421,0.8421,0.9375
162,SqueezeNet,0.791,0.8672,0.65,0.5417,0.9302
163,SqueezeNet,0.8955,0.8318,0.6957,0.6667,0.9455
164,SqueezeNet,0.791,0.8543,0.5882,0.5,0.9149
165,SqueezeNet,0.9254,0.9619,0.8936,0.84,0.9762
166,SqueezeNet,0.8358,0.8844,0.7317,0.6522,0.9318
167,SqueezeNet,0.7761,0.8837,0.6939,0.6538,0.8537
168,SqueezeNet,0.8358,0.8705,0.766,0.72,0.9048
169,SqueezeNet,0.8507,0.8667,0.7826,0.6667,0.975
170,SqueezeNet,0.8358,0.8407,0.5926,0.5,0.9412
171,SqueezeNet,0.8507,0.853,0.7368,0.6667,0.9348
172,SqueezeNet,0.7761,0.8498,0.6667,0.625,0.8605
173,SqueezeNet,0.8358,0.8362,0.7179,0.7,0.8936
174,SqueezeNet,0.806,0.7857,0.6061,0.5556,0.898
175,SqueezeNet,0.9104,0.9753,0.8696,0.8696,0.9318
176,SqueezeNet,0.8358,0.9428,0.7755,0.6552,0.9737
177,SqueezeNet,0.806,0.8828,0.6486,0.5455,0.9333
178,SqueezeNet,0.806,0.8481,0.7111,0.5926,0.95
179,SqueezeNet,0.8507,0.8382,0.6429,0.5625,0.9412
180,SqueezeNet,0.8507,0.938,0.8,0.8333,0.8605
181,SqueezeNet,0.7761,0.8973,0.6512,0.5833,0.8837
182,SqueezeNet,0.7761,0.8626,0.5714,0.4545,0.9333
183,SqueezeNet,0.8507,0.9364,0.7826,0.8182,0.8667
184,SqueezeNet,0.791,0.7357,0.5333,0.4211,0.9375
185,SqueezeNet,0.8955,0.9496,0.8444,0.8261,0.9318
186,SqueezeNet,0.8806,0.9269,0.8,0.6957,0.9773
187,SqueezeNet,0.8806,0.912,0.8,0.7619,0.9348
188,SqueezeNet,0.8657,0.9114,0.7907,0.68,0.9762
189,SqueezeNet,0.9104,0.9229,0.8235,0.7778,0.9592
190,SqueezeNet,0.791,0.8909,0.6316,0.5455,0.9111
191,SqueezeNet,0.7761,0.8602,0.7059,0.6923,0.8293
192,SqueezeNet,0.806,0.8315,0.7234,0.6296,0.925
193,SqueezeNet,0.8358,0.8993,0.7925,0.7241,0.9211
194,SqueezeNet,0.8806,0.8564,0.7647,0.65,0.9787
195,SqueezeNet,0.8507,0.8114,0.8,0.7692,0.9024
196,SqueezeNet,0.806,0.8479,0.6486,0.6,0.8936
197,SqueezeNet,0.7313,0.8904,0.64,0.4848,0.9706
198,SqueezeNet,0.8507,0.7894,0.6875,0.55,0.9787
199,SqueezeNet,0.8507,0.8685,0.7368,0.7778,0.8776
200,SqueezeNet,0.8507,0.7277,0.6875,0.55,0.9787
201,SqueezeNet,0.8507,0.9313,0.7222,0.5909,0.9778
202,SqueezeNet,0.8657,0.9338,0.8364,0.7931,0.9211
203,SqueezeNet,0.806,0.788,0.6286,0.6111,0.8776
204,SqueezeNet,0.8358,0.8955,0.7755,0.6333,1.0
205,SqueezeNet,0.8507,0.907,0.7826,0.75,0.907
206,SqueezeNet,0.8507,0.8819,0.7727,0.68,0.9524
207,SqueezeNet,0.8358,0.9102,0.7925,0.7241,0.9211
208,SqueezeNet,0.8209,0.9138,0.6471,0.6111,0.898
209,SqueezeNet,0.7463,0.8406,0.4848,0.381,0.913
210,SqueezeNet,0.806,0.8685,0.7547,0.6667,0.9189
211,SqueezeNet,0.8507,0.9671,0.7917,0.7917,0.8837
212,SqueezeNet,0.8657,0.8776,0.7273,0.6667,0.9388
213,SqueezeNet,0.8209,0.9212,0.7391,0.6538,0.9268
214,SqueezeNet,0.9403,0.9838,0.9048,0.8636,0.9778
215,SqueezeNet,0.8955,0.9704,0.8772,0.8065,0.9722
216,SqueezeNet,0.8209,0.8855,0.76,0.6786,0.9231
217,SqueezeNet,0.8358,0.8841,0.6667,0.5238,0.9783
218,SqueezeNet,0.7761,0.9021,0.6512,0.5833,0.8837
219,SqueezeNet,0.8657,0.9525,0.8,0.75,0.9302
220,SqueezeNet,0.8955,0.8885,0.7407,0.625,0.9804
221,SqueezeNet,0.8507,0.8404,0.7368,0.6364,0.9556
222,SqueezeNet,0.8209,0.9323,0.7,0.6364,0.9111
223,SqueezeNet,0.806,0.7885,0.6829,0.6087,0.9091
224,SqueezeNet,0.7612,0.7576,0.5789,0.5,0.8889
225,SqueezeNet,0.8209,0.916,0.7391,0.7391,0.8636
226,SqueezeNet,0.7463,0.909,0.6792,0.6,0.8649
227,SqueezeNet,0.8657,0.8562,0.7907,0.68,0.9762
228,SqueezeNet,0.8806,0.9002,0.8182,0.75,0.9535
229,SqueezeNet,0.8657,0.9162,0.8163,0.8,0.9048
230,SqueezeNet,0.9104,0.8455,0.8421,0.7273,1.0
231,SqueezeNet,0.8657,0.8981,0.8085,0.76,0.9286
232,SqueezeNet,0.8209,0.8499,0.7391,0.6538,0.9268
233,SqueezeNet,0.8657,0.9475,0.7907,0.7727,0.9111
234,SqueezeNet,0.8358,0.8939,0.7179,0.6364,0.9333
235,SqueezeNet,0.806,0.859,0.6667,0.52,0.9762
236,SqueezeNet,0.8955,0.932,0.8,0.7778,0.9388
237,SqueezeNet,0.8358,0.8081,0.6452,0.5263,0.9583
238,SqueezeNet,0.806,0.8882,0.6286,0.5238,0.9348
239,SqueezeNet,0.791,0.9022,0.7083,0.7391,0.8182
240,SqueezeNet,0.791,0.8876,0.6667,0.56,0.9286
241,SqueezeNet,0.8209,0.9341,0.75,0.75,0.8605
242,SqueezeNet,0.8507,0.8165,0.6875,0.6471,0.92
243,SqueezeNet,0.791,0.9053,0.7083,0.6538,0.878
244,SqueezeNet,0.6866,0.8547,0.6557,0.5882,0.7879
245,SqueezeNet,0.7313,0.7464,0.5,0.4286,0.8696
246,SqueezeNet,0.8209,0.8626,0.76,0.6786,0.9231
247,SqueezeNet,0.8358,0.9619,0.7755,0.76,0.881
248,SqueezeNet,0.7463,0.8105,0.6531,0.6154,0.8293
249,SqueezeNet,0.8358,0.9219,0.7442,0.6957,0.9091
250,SqueezeNet,0.9104,0.9745,0.8421,0.8,0.9574
251,SqueezeNet,0.8209,0.8949,0.7273,0.6154,0.9512
252,SqueezeNet,0.8209,0.7871,0.7143,0.5769,0.9756
253,SqueezeNet,0.806,0.8755,0.6486,0.6,0.8936
254,SqueezeNet,0.8209,0.8734,0.7692,0.7692,0.8537
255,SqueezeNet,0.8806,0.9232,0.7778,0.7368,0.9375
256,SqueezeNet,0.9403,0.9184,0.8824,0.8333,0.9796
257,SqueezeNet,0.8507,0.9167,0.8148,0.7857,0.8974
258,SqueezeNet,0.8358,0.8977,0.7317,0.5769,1.0
259,SqueezeNet,0.8507,0.9096,0.7222,0.65,0.9362
260,SqueezeNet,0.8955,0.9593,0.8444,0.7917,0.9535
261,SqueezeNet,0.7313,0.6998,0.4706,0.381,0.8913
262,SqueezeNet,0.6866,0.7234,0.5714,0.4667,0.8649
263,SqueezeNet,0.8358,0.8957,0.7027,0.65,0.9149
264,SqueezeNet,0.8507,0.9651,0.7826,0.75,0.907
265,SqueezeNet,0.806,0.8938,0.7636,0.7241,0.8684
266,SqueezeNet,0.8507,0.8694,0.7917,0.7037,0.95
267,SqueezeNet,0.8507,0.8914,0.7059,0.6316,0.9375
268,SqueezeNet,0.7761,0.8391,0.5946,0.4583,0.9535
269,SqueezeNet,0.8209,0.7787,0.76,0.6129,1.0
270,SqueezeNet,0.8507,0.7904,0.6429,0.5625,0.9412
271,SqueezeNet,0.8209,0.911,0.6667,0.5714,0.9348
272,SqueezeNet,0.791,0.8222,0.6111,0.5,0.9333
273,SqueezeNet,0.8209,0.9207,0.7857,0.7333,0.8919
274,SqueezeNet,0.7761,0.7754,0.5455,0.4286,0.9348
275,SqueezeNet,0.7164,0.7777,0.5778,0.4483,0.9211
276,SqueezeNet,0.8657,0.8905,0.7692,0.625,1.0
277,SqueezeNet,0.8806,0.8713,0.8,0.8,0.9149
278,SqueezeNet,0.8955,0.9254,0.8,0.7368,0.9583
279,SqueezeNet,0.7463,0.8857,0.6667,0.5862,0.8684
280,SqueezeNet,0.7612,0.8508,0.619,0.5417,0.8837
281,SqueezeNet,0.8358,0.8696,0.7317,0.7143,0.8913
282,SqueezeNet,0.8955,0.9342,0.8108,0.7895,0.9375
283,SqueezeNet,0.8209,0.8681,0.625,0.5,0.9574
284,SqueezeNet,0.8657,0.9139,0.8235,0.7778,0.925
285,SqueezeNet,0.8657,0.9625,0.7805,0.6957,0.9545
286,SqueezeNet,0.8657,0.9606,0.7692,0.6818,0.9556
287,SqueezeNet,0.8358,0.8234,0.6667,0.55,0.9574
288,SqueezeNet,0.791,0.8333,0.6111,0.5,0.9333
289,SqueezeNet,0.8955,0.8936,0.8108,0.75,0.9574
290,SqueezeNet,0.8806,0.9032,0.7333,0.6875,0.9412
291,SqueezeNet,0.8507,0.9268,0.7826,0.6923,0.9512
292,SqueezeNet,0.7761,0.8811,0.6939,0.5667,0.9459
293,SqueezeNet,0.791,0.8519,0.6818,0.5556,0.95
294,SqueezeNet,0.8806,0.8937,0.8519,0.7667,0.973
295,SqueezeNet,0.8358,0.902,0.7925,0.75,0.8974
296,SqueezeNet,0.8657,0.9167,0.7429,0.6842,0.9375
297,SqueezeNet,0.791,0.8276,0.7083,0.5862,0.9474
298,SqueezeNet,0.8507,0.9512,0.7059,0.6667,0.9184
299,SqueezeNet,0.9552,0.9836,0.9143,0.8421,1.0
300,SqueezeNet,0.791,0.8251,0.65,0.5652,0.9091
301,SqueezeNet,0.7761,0.879,0.6809,0.64,0.8571
302,SqueezeNet,0.8507,0.9191,0.6429,0.6429,0.9057
303,SqueezeNet,0.8358,0.9213,0.7317,0.7143,0.8913
304,SqueezeNet,0.8507,0.9131,0.7368,0.6364,0.9556
305,SqueezeNet,0.7612,0.8141,0.6522,0.5357,0.9231
306,SqueezeNet,0.8209,0.8785,0.7391,0.7391,0.8636
307,SqueezeNet,0.806,0.7733,0.6977,0.625,0.907
308,SqueezeNet,0.8507,0.9141,0.7368,0.6364,0.9556
309,SqueezeNet,0.9104,0.9265,0.8,0.75,0.9608
310,SqueezeNet,0.806,0.8322,0.5806,0.5,0.9184
311,SqueezeNet,0.8358,0.9081,0.6857,0.5217,1.0
312,SqueezeNet,0.8507,0.9595,0.7619,0.6957,0.9318
313,SqueezeNet,0.7463,0.8234,0.5143,0.45,0.8723
314,SqueezeNet,0.8507,0.7847,0.75,0.7143,0.913
315,SqueezeNet,0.8358,0.8715,0.7317,0.6522,0.9318
316,SqueezeNet,0.8806,0.9086,0.8182,0.72,0.9762
317,SqueezeNet,0.8209,0.7899,0.6842,0.5909,0.9333
318,SqueezeNet,0.9104,0.9271,0.8125,0.7647,0.96
319,SqueezeNet,0.8806,0.8968,0.7778,0.7,0.9574
320,SqueezeNet,0.806,0.8943,0.6977,0.6522,0.8864
321,SqueezeNet,0.8955,0.8693,0.72,0.6429,0.9623
322,SqueezeNet,0.791,0.9254,0.6957,0.6667,0.8605
323,SqueezeNet,0.791,0.8954,0.6111,0.5238,0.913
324,SqueezeNet,0.7612,0.8427,0.6364,0.6667,0.8043
325,SqueezeNet,0.8507,0.8721,0.7619,0.6667,0.9535
326,SqueezeNet,0.8358,0.9174,0.766,0.6923,0.9268
327,SqueezeNet,0.7761,0.8324,0.6341,0.52,0.9286
328,SqueezeNet,0.8657,0.9533,0.8163,0.7143,0.9744
329,SqueezeNet,0.8209,0.9379,0.6667,0.5714,0.9348
330,SqueezeNet,0.8806,0.8306,0.75,0.7059,0.94
331,SqueezeNet,0.8806,0.897,0.7895,0.6818,0.9778
332,SqueezeNet,0.7463,0.9194,0.6383,0.5357,0.8974
333,SqueezeNet,0.9403,0.9397,0.8889,0.8421,0.9792
334,SqueezeNet,0.8209,0.7277,0.6471,0.55,0.9362
335,SqueezeNet,0.8209,0.6728,0.5,0.375,0.9608
336,SqueezeNet,0.8507,0.8509,0.7059,0.6316,0.9375
337,SqueezeNet,0.8209,0.8429,0.7391,0.68,0.9048
338,SqueezeNet,0.8507,0.8844,0.7619,0.6957,0.9318
339,SqueezeNet,0.8507,0.8953,0.7368,0.6087,0.9773
340,SqueezeNet,0.8806,0.9043,0.7895,0.75,0.9362
341,SqueezeNet,0.9104,0.9074,0.7692,0.7692,0.9444
342,SqueezeNet,0.8507,0.852,0.6667,0.5263,0.9792
343,SqueezeNet,0.8507,0.9121,0.7368,0.6364,0.9556
344,SqueezeNet,0.9701,0.9338,0.9333,0.875,1.0
345,SqueezeNet,0.8507,0.8672,0.7619,0.6667,0.9535
346,SqueezeNet,0.8955,0.8275,0.8293,0.7083,1.0
347,SqueezeNet,0.7463,0.7771,0.6383,0.6,0.8333
348,SqueezeNet,0.806,0.6567,0.381,0.3077,0.9259
349,SqueezeNet,0.806,0.7898,0.7234,0.6296,0.925
350,SqueezeNet,0.8507,0.8459,0.8148,0.7333,0.9459
351,SqueezeNet,0.8507,0.8787,0.8,0.7407,0.925
352,SqueezeNet,0.8507,0.8804,0.7727,0.7391,0.9091
353,SqueezeNet,0.791,0.9006,0.7083,0.6538,0.878
354,SqueezeNet,0.8657,0.8553,0.7273,0.6316,0.9583
355,SqueezeNet,0.9104,0.9364,0.8571,0.8182,0.9556
356,SqueezeNet,0.8209,0.9029,0.7692,0.7143,0.8974
357,SqueezeNet,0.8806,0.971,0.8095,0.8095,0.913
358,SqueezeNet,0.806,0.8611,0.7347,0.6667,0.9
359,SqueezeNet,0.8209,0.8414,0.6667,0.5455,0.9556
360,SqueezeNet,0.7612,0.7733,0.5556,0.4762,0.8913
361,SqueezeNet,0.7612,0.7981,0.619,0.52,0.9048
362,SqueezeNet,0.8657,0.9296,0.7805,0.7619,0.913
363,SqueezeNet,0.8209,0.818,0.7143,0.5769,0.9756
364,SqueezeNet,0.7463,0.8806,0.6222,0.5185,0.9
365,SqueezeNet,0.8657,0.8879,0.7805,0.7273,0.9333
366,SqueezeNet,0.8507,0.9681,0.75,0.75,0.8936
367,SqueezeNet,0.7761,0.7872,0.5714,0.5,0.8936
368,SqueezeNet,0.8507,0.9289,0.7917,0.8261,0.8636
369,SqueezeNet,0.8657,0.9506,0.7907,0.7083,0.9535
370,SqueezeNet,0.791,0.8388,0.7083,0.6071,0.9231
371,SqueezeNet,0.8358,0.788,0.6452,0.5556,0.9388
372,SqueezeNet,0.8209,0.8095,0.76,0.6786,0.9231
373,SqueezeNet,0.806,0.8187,0.7234,0.6071,0.9487
374,SqueezeNet,0.9254,0.9745,0.8649,0.8,0.9787
375,SqueezeNet,0.791,0.8748,0.7407,0.6667,0.8919
376,SqueezeNet,0.7761,0.9011,0.7059,0.6207,0.8947
377,SqueezeNet,0.8955,0.8903,0.72,0.6923,0.9444
378,SqueezeNet,0.8955,0.9759,0.8679,0.8519,0.925
379,SqueezeNet,0.806,0.9313,0.7234,0.6071,0.9487
380,SqueezeNet,0.8955,0.9419,0.8511,0.8,0.9524
381,SqueezeNet,0.9254,0.9289,0.8387,0.8125,0.9608
382,SqueezeNet,0.7761,0.7838,0.6154,0.5455,0.8889
383,SqueezeNet,0.8657,0.9082,0.7097,0.6471,0.94
384,SqueezeNet,0.806,0.9138,0.6829,0.5833,0.9302
385,SqueezeNet,0.9104,0.9744,0.8125,0.8667,0.9231
386,SqueezeNet,0.8806,0.883,0.7895,0.7143,0.9565
387,SqueezeNet,0.8657,0.9161,0.7429,0.619,0.9783
388,SqueezeNet,0.8955,0.9302,0.8372,0.75,0.9767
389,SqueezeNet,0.8955,0.9669,0.7879,0.8125,0.9216
390,SqueezeNet,0.8507,0.8794,0.7059,0.6316,0.9375
391,SqueezeNet,0.8657,0.9014,0.7273,0.6667,0.9388
392,SqueezeNet,0.8806,0.8667,0.8095,0.68,1.0
393,SqueezeNet,0.806,0.9006,0.6977,0.5769,0.9512
394,SqueezeNet,0.8657,0.9306,0.7805,0.7619,0.913
395,SqueezeNet,0.8209,0.8399,0.625,0.5263,0.9375
396,SqueezeNet,0.9254,0.922,0.9091,0.8621,0.9737
397,SqueezeNet,0.8955,0.9482,0.8108,0.7143,0.9783
398,SqueezeNet,0.8657,0.8885,0.6667,0.5625,0.9608
399,SqueezeNet,0.8806,0.936,0.8261,0.7917,0.9302
400,SqueezeNet,0.806,0.7231,0.7111,0.5926,0.95
401,SqueezeNet,0.8209,0.8004,0.5714,0.4211,0.9792
402,SqueezeNet,0.8209,0.8712,0.7692,0.6667,0.9459
403,SqueezeNet,0.791,0.8798,0.6111,0.4583,0.9767
404,SqueezeNet,0.7463,0.7457,0.5854,0.48,0.9048
405,SqueezeNet,0.806,0.9249,0.6829,0.6087,0.9091
406,SqueezeNet,0.8657,0.9737,0.8163,0.7692,0.9268
407,SqueezeNet,0.8657,0.9247,0.7429,0.7647,0.9
408,SqueezeNet,0.8358,0.915,0.7442,0.6957,0.9091
409,SqueezeNet,0.8358,0.7101,0.7027,0.619,0.9348
410,SqueezeNet,0.8209,0.8818,0.7143,0.5769,0.9756
411,SqueezeNet,0.8358,0.8064,0.7027,0.65,0.9149
412,SqueezeNet,0.9104,0.9571,0.88,0.88,0.9286
413,SqueezeNet,0.8507,0.8091,0.7368,0.6364,0.9556
414,SqueezeNet,0.7463,0.8919,0.6222,0.5,0.9231
415,SqueezeNet,0.8209,0.8667,0.7,0.6364,0.9111
416,SqueezeNet,0.9104,0.9756,0.7857,0.7333,0.9615
417,SqueezeNet,0.8657,0.9256,0.6897,0.6667,0.9231
418,SqueezeNet,0.791,0.7823,0.5333,0.4444,0.9184
419,SqueezeNet,0.8358,0.9401,0.7843,0.6897,0.9474
420,SqueezeNet,0.9104,0.9808,0.75,0.6,1.0
421,SqueezeNet,0.806,0.8993,0.7347,0.6207,0.9474
422,SqueezeNet,0.8209,0.9219,0.6667,0.5217,0.9773
423,SqueezeNet,0.806,0.8227,0.7111,0.6154,0.9268
424,SqueezeNet,0.806,0.8419,0.6486,0.5217,0.9545
425,SqueezeNet,0.8209,0.7889,0.7273,0.5926,0.975
426,SqueezeNet,0.8358,0.9337,0.7179,0.6667,0.913
427,SqueezeNet,0.8209,0.8834,0.7273,0.6957,0.8864
428,SqueezeNet,0.8358,0.9259,0.7442,0.6957,0.9091
429,SqueezeNet,0.8806,0.8851,0.7895,0.7143,0.9565
430,SqueezeNet,0.791,0.8303,0.5882,0.4545,0.9556
431,SqueezeNet,0.8657,0.8137,0.7805,0.7619,0.913
432,SqueezeNet,0.9254,0.9943,0.8718,0.9444,0.9184
433,SqueezeNet,0.8358,0.8505,0.6857,0.5455,0.9778
434,SqueezeNet,0.806,0.8396,0.7234,0.6538,0.9024
435,SqueezeNet,0.806,0.8002,0.4348,0.3125,0.9608
436,SqueezeNet,0.806,0.8721,0.6667,0.5417,0.9535
437,SqueezeNet,0.806,0.9172,0.6061,0.4545,0.9778
438,SqueezeNet,0.8358,0.8551,0.7027,0.619,0.9348
439,SqueezeNet,0.8209,0.7509,0.7391,0.6296,0.95
440,SqueezeNet,0.7313,0.8257,0.6667,0.72,0.7381
441,SqueezeNet,0.8806,0.8675,0.7895,0.7143,0.9565
442,SqueezeNet,0.8507,0.9399,0.7727,0.7083,0.9302
443,SqueezeNet,0.8209,0.7939,0.7,0.6364,0.9111
444,SqueezeNet,0.806,0.8465,0.6667,0.5909,0.9111
445,SqueezeNet,0.8358,0.9112,0.7843,0.7143,0.9231
446,SqueezeNet,0.8657,0.9358,0.8,0.7826,0.9091
447,SqueezeNet,0.791,0.9489,0.72,0.5806,0.9722
448,SqueezeNet,0.806,0.8772,0.7547,0.6452,0.9444
449,SqueezeNet,0.8358,0.8361,0.7556,0.6296,0.975
450,SqueezeNet,0.7761,0.8271,0.6154,0.5217,0.9091
451,SqueezeNet,0.8657,0.8574,0.7907,0.6538,1.0
452,SqueezeNet,0.791,0.8649,0.7083,0.5667,0.973
453,SqueezeNet,0.8358,0.9259,0.7442,0.6154,0.9756
454,SqueezeNet,0.8806,0.9067,0.8261,0.76,0.9524
455,SqueezeNet,0.806,0.8188,0.5517,0.4706,0.92
456,SqueezeNet,0.8358,0.9152,0.7179,0.6364,0.9333
457,SqueezeNet,0.8209,0.7494,0.6471,0.6111,0.898
458,SqueezeNet,0.791,0.9371,0.6316,0.48,0.9762
459,SqueezeNet,0.7612,0.7971,0.6522,0.6,0.8571
460,SqueezeNet,0.8507,0.9343,0.7368,0.6364,0.9556
461,SqueezeNet,0.8507,0.9556,0.7917,0.7037,0.95
462,SqueezeNet,0.8358,0.9067,0.7843,0.8,0.8571
463,SqueezeNet,0.8806,0.8874,0.84,0.75,0.9744
464,SqueezeNet,0.806,0.8085,0.6486,0.5714,0.913
465,SqueezeNet,0.8657,0.878,0.8,0.6923,0.9756
466,SqueezeNet,0.7612,0.848,0.6,0.4615,0.9512
467,SqueezeNet,0.8209,0.896,0.7,0.6364,0.9111
468,SqueezeNet,0.8507,0.9386,0.7368,0.7368,0.8958
469,SqueezeNet,0.8955,0.8943,0.8293,0.7391,0.9773
470,SqueezeNet,0.8507,0.94,0.7727,0.6538,0.9756
471,SqueezeNet,0.8358,0.8724,0.7442,0.6154,0.9756
472,SqueezeNet,0.8507,0.9071,0.8387,0.8125,0.8857
473,SqueezeNet,0.8209,0.8912,0.6471,0.6111,0.898
474,SqueezeNet,0.8507,0.7936,0.7059,0.6,0.9574
475,SqueezeNet,0.8507,0.945,0.8276,0.8,0.8919
476,SqueezeNet,0.9104,0.8991,0.8235,0.7368,0.9792
477,SqueezeNet,0.8507,0.939,0.7917,0.7308,0.9268
478,SqueezeNet,0.8358,0.945,0.7843,0.6667,0.973
479,SqueezeNet,0.8657,0.8936,0.7568,0.7368,0.9167
480,SqueezeNet,0.8806,0.9475,0.84,0.8077,0.9268
481,SqueezeNet,0.8657,0.9099,0.7429,0.619,0.9783
482,SqueezeNet,0.8955,0.9802,0.8205,0.6957,1.0
483,SqueezeNet,0.8358,0.8996,0.6857,0.5714,0.9565
484,SqueezeNet,0.791,0.8934,0.6667,0.5833,0.907
485,SqueezeNet,0.8358,0.7697,0.6452,0.5263,0.9583
486,SqueezeNet,0.8806,0.891,0.7143,0.6667,0.9423
487,SqueezeNet,0.8358,0.886,0.6667,0.6875,0.8824
488,SqueezeNet,0.8358,0.8893,0.7556,0.6538,0.9512
489,SqueezeNet,0.8209,0.8351,0.7857,0.7097,0.9167
490,SqueezeNet,0.7761,0.9083,0.6667,0.5172,0.9737
491,SqueezeNet,0.791,0.8513,0.72,0.5806,0.9722
492,SqueezeNet,0.806,0.8168,0.7451,0.6786,0.8974
493,SqueezeNet,0.8657,0.8934,0.7907,0.8095,0.8913
494,SqueezeNet,0.806,0.8702,0.6977,0.625,0.907
495,SqueezeNet,0.8358,0.8246,0.6667,0.5789,0.9375
496,SqueezeNet,0.8657,0.9374,0.7805,0.7273,0.9333
497,SqueezeNet,0.8955,0.958,0.8,0.7778,0.9388
498,SqueezeNet,0.806,0.7489,0.6286,0.55,0.9149
499,SqueezeNet,0.8358,0.9083,0.7755,0.7037,0.925
500,SqueezeNet,0.8657,0.816,0.7568,0.7,0.9362
501,SqueezeNet,0.8358,0.9634,0.8254,0.8125,0.8571
502,SqueezeNet,0.8209,0.8909,0.75,0.8182,0.8222
503,SqueezeNet,0.8657,0.8809,0.7429,0.65,0.9574
504,SqueezeNet,0.8806,0.9465,0.84,0.8077,0.9268
505,SqueezeNet,0.8209,0.8343,0.7,0.5833,0.9535
506,SqueezeNet,0.9104,0.9535,0.875,0.875,0.9302
507,SqueezeNet,0.8657,0.8611,0.8085,0.7037,0.975
508,SqueezeNet,0.8358,0.8147,0.7027,0.619,0.9348
509,SqueezeNet,0.8657,0.9462,0.7692,0.7143,0.9348
510,SqueezeNet,0.8358,0.8639,0.6857,0.6667,0.898
511,SqueezeNet,0.8358,0.8833,0.766,0.6667,0.95
512,SqueezeNet,0.8657,0.8768,0.7568,0.6667,0.9565
513,SqueezeNet,0.8209,0.8315,0.7391,0.6296,0.95
514,SqueezeNet,0.8657,0.9617,0.7907,0.8095,0.8913
515,SqueezeNet,0.8657,0.9475,0.8,0.8182,0.8889
516,SqueezeNet,0.806,0.9438,0.7234,0.7083,0.8605
517,SqueezeNet,0.9104,0.8618,0.8125,0.6842,1.0
518,SqueezeNet,0.6866,0.7777,0.4878,0.3448,0.9474
519,SqueezeNet,0.8955,0.9427,0.8372,0.7826,0.9545
520,SqueezeNet,0.8209,0.9232,0.7273,0.7273,0.8667
521,SqueezeNet,0.8955,0.9387,0.7879,0.8125,0.9216
522,SqueezeNet,0.806,0.9111,0.7347,0.6667,0.9
523,SqueezeNet,0.8657,0.9444,0.7692,0.6818,0.9556
524,SqueezeNet,0.8358,0.8651,0.7027,0.7222,0.8776
525,SqueezeNet,0.7761,0.7829,0.6512,0.56,0.9048
526,SqueezeNet,0.806,0.7588,0.5806,0.5294,0.9
527,SqueezeNet,0.8209,0.8618,0.7,0.7368,0.8542
528,SqueezeNet,0.7164,0.7955,0.5778,0.5417,0.814
529,SqueezeNet,0.806,0.8354,0.6829,0.6364,0.8889
530,SqueezeNet,0.8209,0.8919,0.7692,0.6667,0.9459
531,SqueezeNet,0.9254,0.9514,0.8936,0.84,0.9762
532,SqueezeNet,0.8657,0.9296,0.7805,0.7619,0.913
533,SqueezeNet,0.806,0.8217,0.6977,0.625,0.907
534,SqueezeNet,0.8209,0.8687,0.7273,0.7273,0.8667
535,SqueezeNet,0.7015,0.8342,0.6154,0.5714,0.7949
536,SqueezeNet,0.8358,0.9021,0.7179,0.7,0.8936
537,SqueezeNet,0.7313,0.7381,0.5263,0.4762,0.8478
538,SqueezeNet,0.8209,0.8542,0.6667,0.6316,0.8958
539,SqueezeNet,0.9254,0.9367,0.7619,0.7273,0.9643
540,SqueezeNet,0.8209,0.9139,0.75,0.6429,0.9487
541,SqueezeNet,0.8507,0.7308,0.6429,0.6,0.9231
542,SqueezeNet,0.7612,0.87,0.6667,0.5714,0.8974
543,SqueezeNet,0.9254,0.9178,0.8571,0.7895,0.9792
544,SqueezeNet,0.8209,0.9152,0.7273,0.64,0.9286
545,SqueezeNet,0.8358,0.8944,0.766,0.6667,0.95
546,SqueezeNet,0.8657,0.9276,0.8,0.72,0.9524
547,SqueezeNet,0.8806,0.9271,0.75,0.7059,0.94
548,SqueezeNet,0.8806,0.9381,0.8261,0.76,0.9524
549,SqueezeNet,0.8507,0.8383,0.7222,0.65,0.9362
550,SqueezeNet,0.8209,0.8409,0.7,0.6087,0.9318
551,SqueezeNet,0.8358,0.8959,0.7843,0.7692,0.878
552,SqueezeNet,0.8209,0.8607,0.7857,0.6875,0.9429
553,SqueezeNet,0.806,0.8105,0.7111,0.6154,0.9268
554,SqueezeNet,0.8657,0.9302,0.6667,0.6923,0.9074
555,SqueezeNet,0.8657,0.8518,0.7692,0.6522,0.9773
556,SqueezeNet,0.8507,0.86,0.7826,0.72,0.9286
557,SqueezeNet,0.8657,0.8907,0.8163,0.7407,0.95
558,SqueezeNet,0.8209,0.8333,0.625,0.5263,0.9375
559,SqueezeNet,0.8806,0.9042,0.8095,0.7391,0.9545
560,SqueezeNet,0.8955,0.9172,0.8205,0.7619,0.9565
561,SqueezeNet,0.8955,0.9103,0.8679,0.8214,0.9487
562,SqueezeNet,0.8507,0.8828,0.75,0.6818,0.9333
563,SqueezeNet,0.9104,0.9541,0.8333,0.8824,0.92
564,SqueezeNet,0.8507,0.8618,0.6875,0.5789,0.9583
565,SqueezeNet,0.8209,0.8219,0.7,0.56,0.9762
566,SqueezeNet,0.806,0.898,0.6286,0.5,0.9556
567,SqueezeNet,0.9104,0.9099,0.88,0.8462,0.9512
568,SqueezeNet,0.8657,0.8939,0.7907,0.7727,0.9111
569,SqueezeNet,0.8955,0.9372,0.8108,0.75,0.9574
570,SqueezeNet,0.806,0.8471,0.7347,0.6429,0.9231
571,SqueezeNet,0.8209,0.8489,0.6667,0.5714,0.9348
572,SqueezeNet,0.9254,0.9762,0.8889,0.8,1.0
573,SqueezeNet,0.7761,0.8895,0.7273,0.5882,0.9697
574,SqueezeNet,0.806,0.8256,0.7111,0.6667,0.8837
575,SqueezeNet,0.8955,0.9415,0.8108,0.75,0.9574
576,SqueezeNet,0.8507,0.925,0.7917,0.7308,0.9268
577,SqueezeNet,0.8209,0.8824,0.75,0.7826,0.8409
578,SqueezeNet,0.7463,0.8762,0.5854,0.48,0.9048
579,SqueezeNet,0.8507,0.9341,0.8148,0.7857,0.8974
580,SqueezeNet,0.8657,0.816,0.7273,0.6,0.9787
581,SqueezeNet,0.791,0.803,0.5882,0.4545,0.9556
582,SqueezeNet,0.7612,0.7464,0.5789,0.5238,0.8696
583,SqueezeNet,0.8209,0.7971,0.625,0.5263,0.9375
584,SqueezeNet,0.791,0.8987,0.6957,0.6154,0.9024
585,SqueezeNet,0.8507,0.917,0.7222,0.65,0.9362
586,SqueezeNet,0.7761,0.8743,0.7059,0.72,0.8095
587,SqueezeNet,0.8806,0.8899,0.7778,0.6364,1.0
588,SqueezeNet,0.8507,0.9328,0.7826,0.7826,0.8864
589,SqueezeNet,0.8955,0.9545,0.8444,0.8636,0.9111
590,SqueezeNet,0.8358,0.7798,0.6667,0.55,0.9574
591,SqueezeNet,0.8209,0.7939,0.6667,0.5455,0.9556
592,SqueezeNet,0.8955,0.8558,0.7407,0.7143,0.9434
593,SqueezeNet,0.8507,0.9428,0.7917,0.6552,1.0
594,SqueezeNet,0.8358,0.917,0.7442,0.6957,0.9091
595,SqueezeNet,0.8955,0.9671,0.7742,0.6667,0.9796
596,SqueezeNet,0.791,0.8416,0.5882,0.4762,0.9348
597,SqueezeNet,0.8507,0.8844,0.7059,0.6667,0.9184
598,SqueezeNet,0.8806,0.9493,0.8261,0.7308,0.9756
599,SqueezeNet,0.7612,0.8286,0.5789,0.44,0.9524
600,SqueezeNet,0.8657,0.8818,0.7692,0.6818,0.9556
601,SqueezeNet,0.8358,0.9064,0.7179,0.7,0.8936
602,SqueezeNet,0.7761,0.7883,0.5161,0.4,0.9362
603,SqueezeNet,0.9104,0.8248,0.7857,0.6875,0.9804
604,SqueezeNet,0.7761,0.8191,0.5946,0.55,0.8723
605,SqueezeNet,0.8358,0.9283,0.7556,0.7083,0.907
606,SqueezeNet,0.8806,0.8864,0.8,0.6957,0.9773
607,SqueezeNet,0.7761,0.862,0.6667,0.5556,0.925
608,SqueezeNet,0.806,0.8557,0.6486,0.5217,0.9545
609,SqueezeNet,0.8657,0.8429,0.7907,0.68,0.9762
610,SqueezeNet,0.8657,0.9447,0.7692,0.75,0.9149
611,SqueezeNet,0.7761,0.7052,0.5161,0.4444,0.898
612,SqueezeNet,0.9104,0.9894,0.8421,0.8,0.9574
613,SqueezeNet,0.8806,0.8745,0.7778,0.7,0.9574
614,SqueezeNet,0.8806,0.8953,0.8095,0.7391,0.9545
615,SqueezeNet,0.8806,0.8313,0.7895,0.7143,0.9565
616,SqueezeNet,0.8209,0.8971,0.76,0.76,0.8571
617,SqueezeNet,0.806,0.9447,0.7451,0.7308,0.8537
618,SqueezeNet,0.806,0.8556,0.6829,0.5833,0.9302
619,SqueezeNet,0.8507,0.9093,0.6875,0.6875,0.902
620,SqueezeNet,0.8358,0.8668,0.7556,0.6538,0.9512
621,SqueezeNet,0.8209,0.782,0.7143,0.625,0.9302
622,SqueezeNet,0.9104,0.9318,0.8636,0.8261,0.9545
623,SqueezeNet,0.8507,0.9306,0.7917,0.7308,0.9268
624,SqueezeNet,0.7612,0.9489,0.6667,0.5161,0.9722
625,SqueezeNet,0.791,0.8566,0.6818,0.625,0.8837
626,SqueezeNet,0.8507,0.8996,0.7222,0.619,0.9565
627,SqueezeNet,0.8806,0.9783,0.8182,0.8571,0.8913
628,SqueezeNet,0.8507,0.853,0.75,0.7143,0.913
629,SqueezeNet,0.791,0.83,0.65,0.5652,0.9091
630,SqueezeNet,0.8209,0.882,0.6667,0.5714,0.9348
631,SqueezeNet,0.7761,0.8398,0.6809,0.5926,0.9
632,SqueezeNet,0.8358,0.8213,0.7556,0.6296,0.975
633,SqueezeNet,0.8657,0.9681,0.7692,0.75,0.9149
634,SqueezeNet,0.8209,0.8485,0.75,0.6207,0.9737
635,SqueezeNet,0.806,0.8624,0.6486,0.5,0.9767
636,SqueezeNet,0.8806,0.8615,0.7333,0.6875,0.9412
637,SqueezeNet,0.8507,0.9565,0.7059,0.7059,0.9
638,SqueezeNet,0.8358,0.8924,0.7556,0.68,0.9286
639,SqueezeNet,0.7761,0.7639,0.6667,0.5556,0.925
640,SqueezeNet,0.806,0.9162,0.6486,0.5455,0.9333
641,SqueezeNet,0.791,0.8639,0.7083,0.5862,0.9474
642,SqueezeNet,0.9104,0.9729,0.8636,0.7917,0.9767
643,SqueezeNet,0.806,0.8687,0.6667,0.5909,0.9111
644,SqueezeNet,0.8657,0.9437,0.7907,0.7391,0.9318
645,SqueezeNet,0.8657,0.9447,0.8085,0.7308,0.9512
646,SqueezeNet,0.791,0.7888,0.5625,0.4286,0.9565
647,SqueezeNet,0.791,0.8386,0.6957,0.6154,0.9024
648,SqueezeNet,0.806,0.8815,0.7719,0.6667,0.9412
649,SqueezeNet,0.8209,0.8947,0.6667,0.6,0.9149
650,SqueezeNet,0.8358,0.879,0.7556,0.6538,0.9512
651,SqueezeNet,0.7612,0.8114,0.6364,0.5385,0.9024
652,SqueezeNet,0.8358,0.879,0.766,0.6923,0.9268
653,SqueezeNet,0.791,0.8095,0.6667,0.56,0.9286
654,SqueezeNet,0.8806,0.9351,0.8,0.8,0.9149
655,SqueezeNet,0.8507,0.83,0.7059,0.6316,0.9375
656,SqueezeNet,0.8806,0.9184,0.7778,0.7778,0.9184
657,SqueezeNet,0.8806,0.9601,0.8462,0.7586,0.9737
658,SqueezeNet,0.8507,0.907,0.7059,0.6667,0.9184
659,SqueezeNet,0.8806,0.9296,0.8261,0.7308,0.9756
660,SqueezeNet,0.8507,0.8619,0.7826,0.72,0.9286
661,SqueezeNet,0.9403,0.9651,0.913,0.875,0.9767
662,SqueezeNet,0.8507,0.9091,0.7727,0.7727,0.8889
663,SqueezeNet,0.8358,0.8646,0.7317,0.6522,0.9318
664,SqueezeNet,0.8358,0.875,0.7027,0.6842,0.8958
665,SqueezeNet,0.8806,0.9225,0.8182,0.75,0.9535
666,SqueezeNet,0.8209,0.8406,0.6471,0.5238,0.9565
667,SqueezeNet,0.806,0.8489,0.6286,0.5238,0.9348
668,SqueezeNet,0.8507,0.8498,0.7619,0.6667,0.9535
669,SqueezeNet,0.7463,0.7384,0.5405,0.4545,0.8889
670,SqueezeNet,0.8657,0.9386,0.7429,0.6842,0.9375
671,SqueezeNet,0.7463,0.8068,0.6383,0.5769,0.8537
672,SqueezeNet,0.806,0.8242,0.6977,0.6818,0.8667
673,SqueezeNet,0.8507,0.8899,0.7619,0.7273,0.9111
674,SqueezeNet,0.7761,0.8691,0.5455,0.45,0.9149
675,SqueezeNet,0.8209,0.7939,0.625,0.5263,0.9375
676,SqueezeNet,0.791,0.72,0.65,0.5417,0.9302
677,SqueezeNet,0.7463,0.6822,0.5854,0.5,0.8837
678,SqueezeNet,0.8955,0.9358,0.8372,0.7826,0.9545
679,SqueezeNet,0.8358,0.9434,0.7179,0.6364,0.9333
680,SqueezeNet,0.7761,0.812,0.6512,0.5185,0.95
681,SqueezeNet,0.9104,0.9728,0.88,0.8462,0.9512
682,SqueezeNet,0.8955,0.8904,0.7879,0.6842,0.9792
683,SqueezeNet,0.9254,0.9051,0.878,0.8182,0.9778
684,SqueezeNet,0.806,0.9064,0.6286,0.55,0.9149
685,SqueezeNet,0.791,0.8458,0.6316,0.5217,0.9318
686,SqueezeNet,0.8507,0.8199,0.7222,0.619,0.9565
687,SqueezeNet,0.9104,0.9865,0.8571,0.8571,0.9348
688,SqueezeNet,0.8358,0.8147,0.7179,0.6667,0.913
689,SqueezeNet,0.9254,0.9386,0.902,0.8214,1.0
690,SqueezeNet,0.8209,0.8938,0.7857,0.7586,0.8684
691,SqueezeNet,0.9104,0.9783,0.8571,0.8571,0.9348
692,SqueezeNet,0.8806,0.9657,0.8,0.7273,0.9556
693,SqueezeNet,0.7612,0.8246,0.6,0.5,0.907
694,SqueezeNet,0.8657,0.8696,0.7907,0.7391,0.9318
695,SqueezeNet,0.7015,0.7448,0.5455,0.48,0.8333
696,SqueezeNet,0.8806,0.8981,0.8261,0.76,0.9524
697,SqueezeNet,0.8358,0.8505,0.766,0.72,0.9048
698,SqueezeNet,0.8358,0.8188,0.7317,0.7143,0.8913
699,SqueezeNet,0.8209,0.8685,0.75,0.6667,0.925
700,SqueezeNet,0.8657,0.8547,0.7907,0.7083,0.9535
701,SqueezeNet,0.8507,0.8646,0.7619,0.7273,0.9111
702,SqueezeNet,0.8806,0.8847,0.8182,0.75,0.9535
703,SqueezeNet,0.8657,0.9153,0.7097,0.6471,0.94
704,SqueezeNet,0.8657,0.9249,0.7805,0.6957,0.9545
705,SqueezeNet,0.8806,0.8965,0.7895,0.7143,0.9565
706,SqueezeNet,0.8955,0.924,0.8627,0.8462,0.9268
707,SqueezeNet,0.791,0.7836,0.6316,0.5714,0.8913
708,SqueezeNet,0.8657,0.8727,0.7429,0.619,0.9783
709,SqueezeNet,0.8209,0.9304,0.7857,0.6875,0.9429
710,SqueezeNet,0.806,0.8152,0.6977,0.6,0.9286
711,SqueezeNet,0.8806,0.9343,0.8333,0.7692,0.9512
712,SqueezeNet,0.7313,0.7402,0.5714,0.4615,0.9024
713,SqueezeNet,0.7612,0.9126,0.6923,0.6,0.8919
714,SqueezeNet,0.8657,0.9457,0.7805,0.6957,0.9545
715,SqueezeNet,0.7612,0.8086,0.6,0.4615,0.9512
716,SqueezeNet,0.9254,0.941,0.878,0.8571,0.9565
717,SqueezeNet,0.791,0.8283,0.6818,0.5769,0.9268
718,SqueezeNet,0.8358,0.8287,0.7027,0.65,0.9149
719,SqueezeNet,0.8358,0.903,0.7317,0.6818,0.9111
720,SqueezeNet,0.8507,0.8838,0.7059,0.6316,0.9375
721,SqueezeNet,0.8209,0.8788,0.7273,0.7273,0.8667
722,SqueezeNet,0.8507,0.9091,0.7619,0.6957,0.9318
723,SqueezeNet,0.791,0.7889,0.6957,0.6154,0.9024
724,SqueezeNet,0.8657,0.809,0.6897,0.6667,0.9231
725,SqueezeNet,0.9104,0.9679,0.7692,0.6667,0.9808
726,SqueezeNet,0.8358,0.9272,0.56,0.5,0.9245
727,SqueezeNet,0.8657,0.9429,0.8085,0.76,0.9286
728,SqueezeNet,0.8657,0.9498,0.7273,0.75,0.902
729,SqueezeNet,0.8657,0.9047,0.6897,0.5882,0.96
730,SqueezeNet,0.7612,0.8555,0.6364,0.5385,0.9024
731,SqueezeNet,0.8806,0.9555,0.8333,0.8696,0.8864
732,SqueezeNet,0.8507,0.8971,0.7727,0.68,0.9524
733,SqueezeNet,0.7313,0.7967,0.625,0.5357,0.8718
734,SqueezeNet,0.8507,0.9315,0.7917,0.7308,0.9268
735,SqueezeNet,0.7761,0.8636,0.6809,0.5714,0.9231
736,SqueezeNet,0.791,0.7927,0.6667,0.5385,0.9512
737,SqueezeNet,0.8657,0.8639,0.7097,0.6111,0.9592
738,SqueezeNet,0.8507,0.9617,0.7059,0.6,0.9574
739,SqueezeNet,0.8507,0.897,0.7368,0.6364,0.9556
740,SqueezeNet,0.8657,0.9,0.7692,0.75,0.9149
741,SqueezeNet,0.791,0.8354,0.5882,0.4545,0.9556
742,SqueezeNet,0.8657,0.9071,0.7568,0.6364,0.9778
743,SqueezeNet,0.8358,0.7444,0.7027,0.5909,0.9556
744,SqueezeNet,0.8806,0.8995,0.7333,0.6875,0.9412
745,SqueezeNet,0.7612,0.8269,0.619,0.4815,0.95
746,SqueezeNet,0.7612,0.8081,0.5789,0.4583,0.9302
747,SqueezeNet,0.8209,0.8676,0.7273,0.5926,0.975
748,SqueezeNet,0.8657,0.8152,0.7273,0.6667,0.9388
749,SqueezeNet,0.8657,0.9112,0.7568,0.7368,0.9167
750,SqueezeNet,0.8358,0.9182,0.7317,0.6818,0.9111
751,SqueezeNet,0.8209,0.8917,0.7692,0.7407,0.875
752,SqueezeNet,0.8209,0.8673,0.6471,0.5789,0.9167
753,SqueezeNet,0.7612,0.8458,0.6,0.5217,0.8864
754,SqueezeNet,0.7463,0.903,0.6222,0.6364,0.8
755,SqueezeNet,0.791,0.836,0.65,0.5652,0.9091
756,SqueezeNet,0.8657,0.9283,0.8,0.75,0.9302
757,SqueezeNet,0.8209,0.9315,0.7143,0.5769,0.9756
758,SqueezeNet,0.791,0.8101,0.6316,0.5455,0.9111
759,SqueezeNet,0.8209,0.9138,0.7,0.5833,0.9535
760,SqueezeNet,0.8358,0.9152,0.7556,0.68,0.9286
761,SqueezeNet,0.806,0.8019,0.6667,0.52,0.9762
762,SqueezeNet,0.806,0.8895,0.6667,0.5417,0.9535
763,SqueezeNet,0.8657,0.9243,0.7273,0.6316,0.9583
764,SqueezeNet,0.8507,0.9615,0.7619,0.6957,0.9318
765,SqueezeNet,0.8358,0.8747,0.6857,0.5714,0.9565
766,SqueezeNet,0.8209,0.8943,0.7143,0.6522,0.9091
767,SqueezeNet,0.8507,0.9771,0.7826,0.6429,1.0
768,SqueezeNet,0.791,0.8556,0.6316,0.5455,0.9111
769,SqueezeNet,0.806,0.8362,0.6061,0.5,0.9362
770,SqueezeNet,0.7761,0.8521,0.5714,0.5,0.8936
771,SqueezeNet,0.8806,0.89,0.7647,0.7222,0.9388
772,SqueezeNet,0.791,0.72,0.5,0.3889,0.9388
773,SqueezeNet,0.8507,0.8235,0.6875,0.6471,0.92
774,SqueezeNet,0.7612,0.773,0.619,0.5,0.9268
775,SqueezeNet,0.8358,0.8033,0.7179,0.6667,0.913
776,SqueezeNet,0.9104,0.9282,0.8,0.8,0.9423
777,SqueezeNet,0.8209,0.8666,0.7,0.6087,0.9318
778,SqueezeNet,0.8209,0.9121,0.7,0.6364,0.9111
779,SqueezeNet,0.8806,0.937,0.8462,0.8148,0.925
780,SqueezeNet,0.7313,0.7784,0.6087,0.4667,0.9459
781,SqueezeNet,0.8955,0.941,0.8293,0.8095,0.9348
782,SqueezeNet,0.8657,0.8219,0.7907,0.68,0.9762
783,SqueezeNet,0.8358,0.8758,0.7179,0.6667,0.913
784,SqueezeNet,0.8955,0.8292,0.8205,0.7619,0.9565
785,SqueezeNet,0.8955,0.9277,0.8205,0.8,0.9362
786,SqueezeNet,0.806,0.9172,0.6829,0.6364,0.8889
787,SqueezeNet,0.806,0.8705,0.7234,0.68,0.881
788,SqueezeNet,0.791,0.8314,0.65,0.5417,0.9302
789,SqueezeNet,0.806,0.9099,0.7111,0.7619,0.8261
790,SqueezeNet,0.791,0.7964,0.6957,0.6154,0.9024
791,SqueezeNet,0.8806,0.8106,0.8,0.7619,0.9348
792,SqueezeNet,0.8507,0.9581,0.7727,0.68,0.9524
793,SqueezeNet,0.8507,0.9224,0.7368,0.6667,0.9348
794,SqueezeNet,0.7612,0.8354,0.5,0.381,0.9348
795,SqueezeNet,0.8806,0.9763,0.8,0.6957,0.9773
796,SqueezeNet,0.7313,0.8065,0.64,0.5161,0.9167
797,SqueezeNet,0.7612,0.853,0.5294,0.4286,0.913
798,SqueezeNet,0.806,0.7861,0.7111,0.5926,0.95
799,SqueezeNet,0.8358,0.894,0.766,0.6923,0.9268
800,SqueezeNet,0.8209,0.8727,0.7778,0.75,0.8718
801,SqueezeNet,0.8358,0.8755,0.7179,0.6087,0.9545
802,SqueezeNet,0.8358,0.9,0.7317,0.6,0.9762
803,SqueezeNet,0.8358,0.8854,0.7556,0.7391,0.8864
804,SqueezeNet,0.8806,0.9071,0.75,0.7059,0.94
805,SqueezeNet,0.8507,0.8121,0.75,0.6818,0.9333
806,SqueezeNet,0.7015,0.7025,0.4737,0.375,0.8837
807,SqueezeNet,0.7612,0.8539,0.68,0.5484,0.9444
808,SqueezeNet,0.8657,0.8667,0.7907,0.68,0.9762
809,SqueezeNet,0.7761,0.7648,0.5455,0.3913,0.9773
810,SqueezeNet,0.7612,0.7667,0.6364,0.56,0.881
811,SqueezeNet,0.806,0.8902,0.7111,0.6154,0.9268
812,SqueezeNet,0.8657,0.9296,0.8,0.6667,1.0
813,SqueezeNet,0.8507,0.8804,0.75,0.6522,0.9545
814,SqueezeNet,0.8507,0.9306,0.8077,0.7778,0.9
815,SqueezeNet,0.8358,0.8893,0.7925,0.7241,0.9211
816,SqueezeNet,0.7612,0.8169,0.6522,0.625,0.8372
817,SqueezeNet,0.8507,0.8874,0.75,0.6522,0.9545
818,SqueezeNet,0.8507,0.8743,0.7826,0.6923,0.9512
819,SqueezeNet,0.8507,0.9581,0.7826,0.72,0.9286
820,SqueezeNet,0.8806,0.9263,0.8,0.7273,0.9556
821,SqueezeNet,0.7463,0.8072,0.6667,0.5667,0.8919
822,SqueezeNet,0.8358,0.8447,0.6857,0.5714,0.9565
823,SqueezeNet,0.8209,0.8706,0.5714,0.4706,0.94
824,SqueezeNet,0.8806,0.9309,0.7895,0.75,0.9362
825,SqueezeNet,0.7761,0.8321,0.6341,0.5,0.9512
826,SqueezeNet,0.8657,0.8692,0.7907,0.7083,0.9535
827,SqueezeNet,0.8955,0.9271,0.8,0.8235,0.92
828,SqueezeNet,0.8358,0.8693,0.5926,0.5714,0.9057
829,SqueezeNet,0.9403,0.9583,0.8667,0.8125,0.9804
830,SqueezeNet,0.8358,0.8988,0.7027,0.7647,0.86
831,SqueezeNet,0.7761,0.8202,0.5946,0.4783,0.9318
832,SqueezeNet,0.8358,0.9811,0.7843,0.6667,0.973
833,SqueezeNet,0.791,0.9043,0.65,0.5,0.9756
834,SqueezeNet,0.8955,0.9843,0.8627,0.8148,0.95
835,SqueezeNet,0.8955,0.9017,0.8205,0.7619,0.9565
836,SqueezeNet,0.8507,0.9359,0.8148,0.7857,0.8974
837,SqueezeNet,0.8955,0.8518,0.8372,0.7826,0.9545
838,SqueezeNet,0.8955,0.9229,0.8511,0.8696,0.9091
839,SqueezeNet,0.8657,0.9109,0.8,0.6923,0.9756
840,SqueezeNet,0.806,0.7776,0.6061,0.5882,0.88
841,SqueezeNet,0.8358,0.9279,0.7556,0.7391,0.8864
842,SqueezeNet,0.8657,0.9704,0.7568,0.7368,0.9167
843,SqueezeNet,0.8209,0.8694,0.6471,0.6471,0.88
844,SqueezeNet,0.806,0.7213,0.6829,0.6087,0.9091
845,SqueezeNet,0.8806,0.9435,0.7647,0.7647,0.92
846,SqueezeNet,0.8955,0.9706,0.7742,0.75,0.9412
847,SqueezeNet,0.8955,0.98,0.8511,0.8,0.9524
848,SqueezeNet,0.8657,0.9612,0.7273,0.7059,0.92
849,SqueezeNet,0.8358,0.8657,0.7556,0.6296,0.975
850,SqueezeNet,0.8358,0.8713,0.6452,0.625,0.902
851,SqueezeNet,0.8657,0.7829,0.7429,0.6842,0.9375
852,SqueezeNet,0.9552,0.9387,0.9091,0.9375,0.9608
853,SqueezeNet,0.8358,0.8981,0.7556,0.6296,0.975
854,SqueezeNet,0.8507,0.8049,0.7826,0.6429,1.0
855,SqueezeNet,0.7463,0.7558,0.6383,0.625,0.814
856,SqueezeNet,0.8657,0.8874,0.7805,0.6957,0.9545
857,SqueezeNet,0.8358,0.8991,0.6857,0.6667,0.898
858,SqueezeNet,0.791,0.746,0.5625,0.5,0.898
859,SqueezeNet,0.9254,0.9766,0.8718,0.85,0.9574
860,SqueezeNet,0.8806,0.9323,0.7895,0.6818,0.9778
861,SqueezeNet,0.8358,0.8841,0.7179,0.6667,0.913
862,SqueezeNet,0.7761,0.8837,0.6939,0.6071,0.8974
863,SqueezeNet,0.8358,0.8574,0.6667,0.55,0.9574
864,SqueezeNet,0.8209,0.8034,0.7143,0.6522,0.9091
865,SqueezeNet,0.9403,0.9841,0.8947,0.9444,0.9388
866,SqueezeNet,0.8358,0.7529,0.7027,0.5417,1.0
867,SqueezeNet,0.9104,0.939,0.88,0.88,0.9286
868,SqueezeNet,0.8209,0.866,0.6471,0.55,0.9362
869,SqueezeNet,0.8209,0.9011,0.7778,0.75,0.8718
870,SqueezeNet,0.9104,0.8531,0.8235,0.7368,0.9792
871,SqueezeNet,0.8358,0.8697,0.7317,0.6818,0.9111
872,SqueezeNet,0.8358,0.8255,0.7317,0.5769,1.0
873,SqueezeNet,0.791,0.8293,0.6957,0.6154,0.9024
874,SqueezeNet,0.9254,0.8936,0.8649,0.8421,0.9583
875,SqueezeNet,0.806,0.9268,0.7347,0.6923,0.878
876,SqueezeNet,0.806,0.8103,0.6486,0.5217,0.9545
877,SqueezeNet,0.8507,0.9737,0.7826,0.6923,0.9512
878,SqueezeNet,0.806,0.7703,0.6829,0.5833,0.9302
879,SqueezeNet,0.791,0.8377,0.5882,0.5263,0.8958
880,SqueezeNet,0.8806,0.8904,0.7647,0.6842,0.9583
881,SqueezeNet,0.7463,0.7343,0.5854,0.48,0.9048
882,SqueezeNet,0.8209,0.8549,0.6667,0.6667,0.8776
883,SqueezeNet,0.806,0.8157,0.6486,0.5714,0.913
884,SqueezeNet,0.806,0.8857,0.7234,0.68,0.881
885,SqueezeNet,0.9254,0.9759,0.8571,0.7895,0.9792
886,SqueezeNet,0.8507,0.8222,0.7368,0.6364,0.9556
887,SqueezeNet,0.8657,0.8799,0.7692,0.7143,0.9348
888,SqueezeNet,0.791,0.8379,0.7083,0.6071,0.9231
889,SqueezeNet,0.8507,0.9469,0.8,0.7143,0.9487
890,SqueezeNet,0.7612,0.7706,0.4286,0.3529,0.9
891,SqueezeNet,0.8955,0.9574,0.8108,0.75,0.9574
892,SqueezeNet,0.8209,0.906,0.7391,0.7083,0.8837
893,SqueezeNet,0.8358,0.8953,0.7027,0.5652,0.9773
894,SqueezeNet,0.7313,0.7955,0.6786,0.5938,0.8571
895,SqueezeNet,0.9104,0.9024,0.8235,0.7368,0.9792
896,SqueezeNet,0.8209,0.8227,0.7391,0.7083,0.8837
897,SqueezeNet,0.8358,0.9151,0.7027,0.619,0.9348
898,SqueezeNet,0.8358,0.8051,0.7179,0.6364,0.9333
899,SqueezeNet,0.8806,0.9343,0.7778,0.6364,1.0
900,SqueezeNet,0.806,0.828,0.7547,0.6452,0.9444
901,SqueezeNet,0.8955,0.9051,0.8205,0.6957,1.0
902,SqueezeNet,0.806,0.7862,0.6286,0.55,0.9149
903,SqueezeNet,0.7761,0.8074,0.6154,0.6,0.8511
904,SqueezeNet,0.8209,0.9254,0.75,0.75,0.8605
905,SqueezeNet,0.8209,0.8912,0.6,0.5,0.9388
906,SqueezeNet,0.806,0.9331,0.5517,0.4444,0.9388
907,SqueezeNet,0.8507,0.8778,0.7368,0.6667,0.9348
908,SqueezeNet,0.8209,0.9254,0.76,0.7917,0.8372
909,SqueezeNet,0.8657,0.8745,0.7273,0.6,0.9787
910,SqueezeNet,0.791,0.8929,0.7083,0.5862,0.9474
911,SqueezeNet,0.8657,0.7929,0.7692,0.6818,0.9556
912,SqueezeNet,0.8507,0.8923,0.7222,0.619,0.9565
913,SqueezeNet,0.8657,0.8874,0.8085,0.7308,0.9512
914,SqueezeNet,0.806,0.897,0.6486,0.5455,0.9333
915,SqueezeNet,0.8955,0.9265,0.8,0.7368,0.9583
916,SqueezeNet,0.8955,0.9308,0.8,0.7778,0.9388
917,SqueezeNet,0.7463,0.804,0.6792,0.6429,0.8205
918,SqueezeNet,0.8806,0.9358,0.7895,0.7143,0.9565
919,SqueezeNet,0.7761,0.8574,0.6667,0.5769,0.9024
920,SqueezeNet,0.806,0.9011,0.7451,0.6552,0.9211
921,SqueezeNet,0.8358,0.9172,0.7179,0.6364,0.9333
922,SqueezeNet,0.7015,0.8056,0.5833,0.4516,0.9167
923,SqueezeNet,0.8358,0.7798,0.7179,0.6364,0.9333
924,SqueezeNet,0.8507,0.8716,0.7222,0.619,0.9565
925,SqueezeNet,0.8806,0.9056,0.7333,0.6875,0.9412
926,SqueezeNet,0.791,0.8509,0.6957,0.5926,0.925
927,SqueezeNet,0.806,0.8564,0.5806,0.4737,0.9375
928,SqueezeNet,0.8507,0.9547,0.7059,0.75,0.8824
929,SqueezeNet,0.8358,0.7971,0.6857,0.5714,0.9565
930,SqueezeNet,0.8507,0.8192,0.75,0.6818,0.9333
931,SqueezeNet,0.9104,0.9318,0.8,0.7059,0.98
932,SqueezeNet,0.8657,0.8251,0.7805,0.7619,0.913
933,SqueezeNet,0.8657,0.9603,0.7273,0.6667,0.9388
934,SqueezeNet,0.8209,0.8755,0.7391,0.6071,0.9744
935,SqueezeNet,0.8209,0.8895,0.7391,0.7083,0.8837
936,SqueezeNet,0.8358,0.9231,0.7755,0.7037,0.925
937,SqueezeNet,0.8507,0.898,0.7059,0.6667,0.9184
938,SqueezeNet,0.8657,0.8962,0.7805,0.6957,0.9545
939,SqueezeNet,0.8507,0.9257,0.7826,0.72,0.9286
940,SqueezeNet,0.9104,0.9893,0.88,0.9167,0.907
941,SqueezeNet,0.8657,0.88,0.7273,0.7059,0.92
942,SqueezeNet,0.791,0.8409,0.65,0.5652,0.9091
943,SqueezeNet,0.8806,0.8859,0.7895,0.6818,0.9778
944,SqueezeNet,0.7761,0.7777,0.5714,0.4348,0.9545
945,SqueezeNet,0.791,0.9,0.6111,0.55,0.8936
946,SqueezeNet,0.806,0.8384,0.6486,0.5455,0.9333
947,SqueezeNet,0.8657,0.8876,0.8,0.72,0.9524
948,SqueezeNet,0.9104,0.9525,0.85,0.7727,0.9778
949,SqueezeNet,0.8507,0.8794,0.6667,0.5263,0.9792
950,SqueezeNet,0.9104,0.9793,0.8696,0.9524,0.8913
951,SqueezeNet,0.8657,0.9412,0.7273,0.75,0.902
952,SqueezeNet,0.8955,0.9297,0.8,0.7778,0.9388
953,SqueezeNet,0.8209,0.8435,0.6,0.5,0.9388
954,SqueezeNet,0.7612,0.7533,0.6,0.48,0.9286
955,SqueezeNet,0.8209,0.8918,0.6667,0.7059,0.86
956,SqueezeNet,0.8657,0.8972,0.7805,0.6957,0.9545
957,SqueezeNet,0.9403,0.9486,0.9091,0.8333,1.0
958,SqueezeNet,0.8209,0.7768,0.6842,0.5909,0.9333
959,SqueezeNet,0.7612,0.8207,0.5789,0.4583,0.9302
960,SqueezeNet,0.8657,0.8788,0.7692,0.6818,0.9556
961,SqueezeNet,0.806,0.8695,0.7111,0.64,0.9048
962,SqueezeNet,0.8209,0.8682,0.625,0.5882,0.9
963,SqueezeNet,0.8507,0.8426,0.7368,0.7,0.9149
964,SqueezeNet,0.791,0.7865,0.72,0.6,0.9459
965,SqueezeNet,0.8358,0.9174,0.7843,0.7692,0.878
966,SqueezeNet,0.9104,0.9293,0.85,0.7727,0.9778
967,SqueezeNet,0.8507,0.8489,0.7222,0.619,0.9565
968,SqueezeNet,0.8657,0.9437,0.8163,0.7692,0.9268
969,SqueezeNet,0.7761,0.7599,0.6154,0.5217,0.9091
970,SqueezeNet,0.8657,0.9337,0.8,0.8571,0.8696
971,SqueezeNet,0.8657,0.872,0.6667,0.6429,0.9245
972,SqueezeNet,0.9104,0.81,0.7857,0.6875,0.9804
973,SqueezeNet,0.8358,0.8818,0.766,0.6923,0.9268
974,SqueezeNet,0.8358,0.9638,0.7556,0.8095,0.8478
975,SqueezeNet,0.8806,0.913,0.84,0.7778,0.95
976,SqueezeNet,0.8955,0.9331,0.8205,0.8421,0.9167
977,SqueezeNet,0.791,0.8866,0.6957,0.6667,0.8605
978,SqueezeNet,0.8209,0.891,0.76,0.6786,0.9231
979,SqueezeNet,0.7463,0.8516,0.6667,0.6071,0.8462
980,SqueezeNet,0.7463,0.6651,0.5405,0.3846,0.9756
981,SqueezeNet,0.7761,0.8342,0.7619,0.7742,0.7778
982,SqueezeNet,0.806,0.8302,0.7111,0.6154,0.9268
983,SqueezeNet,0.8806,0.8946,0.7143,0.7692,0.9074
984,SqueezeNet,0.8209,0.8488,0.7273,0.6667,0.907
985,SqueezeNet,0.8507,0.9343,0.7222,0.5909,0.9778
986,SqueezeNet,0.8358,0.9038,0.7556,0.68,0.9286
987,SqueezeNet,0.8806,0.8684,0.75,0.6316,0.9792
988,SqueezeNet,0.8358,0.8596,0.7027,0.6842,0.8958
989,SqueezeNet,0.8358,0.8656,0.8,0.7097,0.9444
990,SqueezeNet,0.8209,0.9012,0.6471,0.6471,0.88
991,SqueezeNet,0.8657,0.8988,0.7097,0.6471,0.94
992,SqueezeNet,0.7612,0.8924,0.6522,0.625,0.8372
993,SqueezeNet,0.791,0.7226,0.5625,0.4737,0.9167
994,SqueezeNet,0.8209,0.8914,0.7143,0.6,0.9524
995,SqueezeNet,0.8358,0.9409,0.7755,0.7308,0.9024
996,SqueezeNet,0.8507,0.8311,0.7059,0.6667,0.9184
997,SqueezeNet,0.7313,0.8198,0.64,0.5333,0.8919
998,SqueezeNet,0.9104,0.9726,0.8333,0.7895,0.9583
999,SqueezeNet,0.791,0.8181,0.6818,0.6,0.9048
1000,SqueezeNet,0.8806,0.8693,0.8519,0.7931,0.9474
1,SVM,0.8657,0.9383,0.8235,0.7241,0.9737
2,SVM,0.9403,0.9627,0.8947,0.8947,0.9583
3,SVM,0.8955,0.9534,0.8205,0.7619,0.9565
4,SVM,0.8507,0.936,0.7368,0.5833,1.0
5,SVM,0.8507,0.936,0.8077,0.7,0.973
6,SVM,0.8806,0.9275,0.8,0.7619,0.9348
7,SVM,0.8209,0.8691,0.6667,0.6,0.9149
8,SVM,0.8806,0.936,0.8,0.6667,1.0
9,SVM,0.8209,0.9437,0.75,0.6207,0.9737
10,SVM,0.8657,0.9333,0.7907,0.68,0.9762
11,SVM,0.8806,0.9193,0.7895,0.7143,0.9565
12,SVM,0.8806,0.9553,0.8,0.8,0.9149
13,SVM,0.8358,0.8819,0.6667,0.55,0.9574
14,SVM,0.8806,0.9531,0.8333,0.7692,0.9512
15,SVM,0.8358,0.8947,0.6667,0.55,0.9574
16,SVM,0.806,0.8743,0.6667,0.52,0.9762
17,SVM,0.8806,0.9224,0.75,0.7059,0.94
18,SVM,0.8358,0.9396,0.7843,0.7143,0.9231
19,SVM,0.9104,0.959,0.875,0.84,0.9524
20,SVM,0.8657,0.905,0.7692,0.625,1.0
21,SVM,0.8657,0.9213,0.7429,0.65,0.9574
22,SVM,0.8806,0.9495,0.7778,0.6364,1.0
23,SVM,0.8507,0.9303,0.7368,0.6364,0.9556
24,SVM,0.8507,0.9209,0.7368,0.6087,0.9773
25,SVM,0.8955,0.9424,0.7879,0.7647,0.94
26,SVM,0.9104,0.9106,0.8,0.7059,0.98
27,SVM,0.8955,0.9286,0.7742,0.6667,0.9796
28,SVM,0.8955,0.967,0.8205,0.8,0.9362
29,SVM,0.9403,0.9949,0.913,0.9545,0.9333
30,SVM,0.8507,0.8635,0.6429,0.5294,0.96
31,SVM,0.8358,0.9037,0.7027,0.619,0.9348
32,SVM,0.7761,0.8681,0.6809,0.5714,0.9231
33,SVM,0.8507,0.8953,0.75,0.625,0.9767
34,SVM,0.8955,0.9407,0.72,0.6429,0.9623
35,SVM,0.8507,0.8983,0.7619,0.6667,0.9535
36,SVM,0.8507,0.9269,0.7917,0.7037,0.95
37,SVM,0.8209,0.946,0.7391,0.6071,0.9744
38,SVM,0.8806,0.9545,0.8,0.6957,0.9773
39,SVM,0.9254,0.9503,0.8936,0.8077,1.0
40,SVM,0.9254,0.9615,0.8936,0.8077,1.0
41,SVM,0.8209,0.8528,0.6842,0.5652,0.9545
42,SVM,0.806,0.9121,0.6486,0.5217,0.9545
43,SVM,0.806,0.882,0.6486,0.5714,0.913
44,SVM,0.8507,0.9079,0.7368,0.6667,0.9348
45,SVM,0.8209,0.9194,0.7391,0.6071,0.9744
46,SVM,0.8806,0.9375,0.7778,0.7368,0.9375
47,SVM,0.7761,0.845,0.7059,0.6,0.9189
48,SVM,0.8955,0.9276,0.8372,0.72,1.0
49,SVM,0.806,0.9152,0.6977,0.6,0.9286
50,SVM,0.8507,0.9229,0.7619,0.6957,0.9318
51,SVM,0.806,0.894,0.6977,0.5769,0.9512
52,SVM,0.8806,0.937,0.8182,0.75,0.9535
53,SVM,0.806,0.9098,0.7797,0.6571,0.9688
54,SVM,0.8507,0.8889,0.7368,0.6364,0.9556
55,SVM,0.8209,0.9526,0.6667,0.5217,0.9773
56,SVM,0.791,0.8965,0.6667,0.5,1.0
57,SVM,0.8507,0.9219,0.7727,0.7391,0.9091
58,SVM,0.8806,0.9448,0.8261,0.76,0.9524
59,SVM,0.8209,0.9234,0.7,0.5833,0.9535
60,SVM,0.8955,0.9531,0.8571,0.8077,0.9512
61,SVM,0.8507,0.9625,0.8214,0.7188,0.9714
62,SVM,0.9254,0.9463,0.8485,0.7368,1.0
63,SVM,0.9254,0.9515,0.8837,0.8636,0.9556
64,SVM,0.8955,0.9116,0.7879,0.7222,0.9592
65,SVM,0.7612,0.8624,0.5556,0.4167,0.9535
66,SVM,0.8507,0.875,0.6875,0.5789,0.9583
67,SVM,0.8358,0.9,0.6857,0.5455,0.9778
68,SVM,0.7761,0.8711,0.6667,0.5172,0.9737
69,SVM,0.8955,0.9154,0.72,0.6,0.9808
70,SVM,0.8806,0.943,0.7895,0.7895,0.9167
71,SVM,0.8507,0.9402,0.8214,0.7188,0.9714
72,SVM,0.8806,0.9244,0.7778,0.6667,0.9783
73,SVM,0.8657,0.9667,0.7907,0.7727,0.9111
74,SVM,0.8806,0.9495,0.8261,0.76,0.9524
75,SVM,0.8358,0.9397,0.7027,0.5652,0.9773
76,SVM,0.8806,0.9559,0.8519,0.7667,0.973
77,SVM,0.806,0.852,0.5806,0.4286,0.9783
78,SVM,0.8955,0.9545,0.8511,0.8333,0.9302
79,SVM,0.8209,0.9,0.7273,0.5926,0.975
80,SVM,0.8955,0.9064,0.7586,0.7333,0.9423
81,SVM,0.8209,0.8785,0.7143,0.6522,0.9091
82,SVM,0.8209,0.8906,0.5,0.3529,0.98
83,SVM,0.8507,0.92,0.7727,0.68,0.9524
84,SVM,0.806,0.8861,0.7451,0.7037,0.875
85,SVM,0.8955,0.9408,0.7879,0.6842,0.9792
86,SVM,0.8507,0.9334,0.7826,0.6923,0.9512
87,SVM,0.791,0.8634,0.65,0.5417,0.9302
88,SVM,0.8507,0.9114,0.7727,0.68,0.9524
89,SVM,0.8358,0.9002,0.7442,0.6957,0.9091
90,SVM,0.8507,0.9109,0.7727,0.6538,0.9756
91,SVM,0.8507,0.9086,0.7727,0.68,0.9524
92,SVM,0.8358,0.8479,0.7442,0.6667,0.9302
93,SVM,0.8806,0.881,0.7143,0.5556,1.0
94,SVM,0.9104,0.9641,0.8696,0.8333,0.9535
95,SVM,0.8358,0.8725,0.7179,0.6087,0.9545
96,SVM,0.8209,0.8851,0.6,0.45,0.9787
97,SVM,0.791,0.9444,0.5882,0.4545,0.9556
98,SVM,0.8806,0.909,0.7143,0.6667,0.9423
99,SVM,0.8358,0.9011,0.6857,0.6,0.9362
100,SVM,0.8209,0.8984,0.7692,0.7143,0.8974
101,SVM,0.9254,0.9782,0.8,0.6667,1.0
102,SVM,0.8209,0.9234,0.7857,0.7333,0.8919
103,SVM,0.806,0.8415,0.5806,0.45,0.9574
104,SVM,0.8657,0.8686,0.7568,0.6087,1.0
105,SVM,0.8657,0.9364,0.7273,0.6316,0.9583
106,SVM,0.8657,0.9353,0.7568,0.7368,0.9167
107,SVM,0.8507,0.9358,0.7826,0.7826,0.8864
108,SVM,0.806,0.8673,0.5185,0.3889,0.9592
109,SVM,0.8507,0.9506,0.75,0.6522,0.9545
110,SVM,0.8209,0.9225,0.7857,0.6667,0.9706
111,SVM,0.8507,0.9213,0.75,0.7143,0.913
112,SVM,0.8358,0.9535,0.7556,0.7727,0.8667
113,SVM,0.8806,0.9121,0.8095,0.7391,0.9545
114,SVM,0.8806,0.9462,0.8,0.7619,0.9348
115,SVM,0.8806,0.9468,0.8462,0.7333,1.0
116,SVM,0.7761,0.83,0.5714,0.4348,0.9545
117,SVM,0.806,0.9396,0.7347,0.6,0.973
118,SVM,0.8507,0.9171,0.7619,0.64,0.9762
119,SVM,0.9254,0.966,0.8718,0.8947,0.9375
120,SVM,0.791,0.9147,0.65,0.5417,0.9302
121,SVM,0.806,0.8968,0.6286,0.55,0.9149
122,SVM,0.7015,0.8593,0.5652,0.4194,0.9444
123,SVM,0.8507,0.8903,0.7368,0.6087,0.9773
124,SVM,0.8955,0.916,0.8,0.7,0.9787
125,SVM,0.8806,0.9561,0.75,0.6316,0.9792
126,SVM,0.8358,0.9071,0.6207,0.5294,0.94
127,SVM,0.8507,0.909,0.8214,0.7667,0.9189
128,SVM,0.806,0.9292,0.7719,0.7097,0.8889
129,SVM,0.8358,0.9279,0.7317,0.6522,0.9318
130,SVM,0.8657,0.9348,0.7805,0.6957,0.9545
131,SVM,0.8507,0.9244,0.7619,0.6667,0.9535
132,SVM,0.8955,0.9323,0.8205,0.7273,0.9778
133,SVM,0.8657,0.9114,0.7907,0.68,0.9762
134,SVM,0.8806,0.8848,0.7778,0.6364,1.0
135,SVM,0.8507,0.8962,0.7619,0.6957,0.9318
136,SVM,0.8209,0.8706,0.6842,0.619,0.913
137,SVM,0.9104,0.9265,0.8235,0.7368,0.9792
138,SVM,0.8507,0.8847,0.75,0.625,0.9767
139,SVM,0.8358,0.8864,0.7179,0.6087,0.9545
140,SVM,0.8358,0.915,0.7027,0.5652,0.9773
141,SVM,0.8657,0.9364,0.7568,0.6364,0.9778
142,SVM,0.7463,0.8602,0.6383,0.5769,0.8537
143,SVM,0.8507,0.9414,0.8077,0.75,0.9231
144,SVM,0.9254,0.9731,0.878,0.8571,0.9565
145,SVM,0.9254,0.9694,0.8485,0.7778,0.9796
146,SVM,0.8806,0.9121,0.8095,0.7391,0.9545
147,SVM,0.8209,0.9146,0.7273,0.6154,0.9512
148,SVM,0.8209,0.8748,0.76,0.6552,0.9474
149,SVM,0.8657,0.9308,0.8,0.7826,0.9091
150,SVM,0.8507,0.9102,0.8077,0.7241,0.9474
151,SVM,0.8806,0.969,0.8261,0.7917,0.9302
152,SVM,0.8657,0.9025,0.6897,0.5556,0.9796
153,SVM,0.8209,0.8923,0.6842,0.619,0.913
154,SVM,0.8657,0.9014,0.7273,0.6667,0.9388
155,SVM,0.8507,0.9192,0.8077,0.7241,0.9474
156,SVM,0.8507,0.94,0.7619,0.6154,1.0
157,SVM,0.8209,0.8117,0.6,0.45,0.9787
158,SVM,0.8209,0.9381,0.6842,0.52,1.0
159,SVM,0.8507,0.9423,0.7826,0.6429,1.0
160,SVM,0.8657,0.935,0.8085,0.6786,1.0
161,SVM,0.9254,0.9759,0.8649,0.8421,0.9583
162,SVM,0.8209,0.9099,0.6842,0.5417,0.9767
163,SVM,0.9104,0.903,0.7273,0.6667,0.9636
164,SVM,0.8209,0.9021,0.625,0.5,0.9574
165,SVM,0.9254,0.9762,0.8936,0.84,0.9762
166,SVM,0.8358,0.8715,0.7317,0.6522,0.9318
167,SVM,0.8209,0.8959,0.7391,0.6538,0.9268
168,SVM,0.8507,0.9438,0.7826,0.72,0.9286
169,SVM,0.8507,0.8843,0.7826,0.6667,0.975
170,SVM,0.8358,0.864,0.5926,0.5,0.9412
171,SVM,0.8657,0.9296,0.7568,0.6667,0.9565
172,SVM,0.8358,0.9079,0.7317,0.625,0.9535
173,SVM,0.8507,0.8926,0.7368,0.7,0.9149
174,SVM,0.8358,0.7925,0.6452,0.5556,0.9388
175,SVM,0.9254,0.9743,0.8889,0.8696,0.9545
176,SVM,0.8358,0.9682,0.7755,0.6552,0.9737
177,SVM,0.8209,0.904,0.6667,0.5455,0.9556
178,SVM,0.806,0.9046,0.7111,0.5926,0.95
179,SVM,0.8507,0.8836,0.6429,0.5625,0.9412
180,SVM,0.8657,0.9651,0.8163,0.8333,0.8837
181,SVM,0.8209,0.9118,0.7,0.5833,0.9535
182,SVM,0.791,0.8717,0.5882,0.4545,0.9556
183,SVM,0.9104,0.9354,0.8571,0.8182,0.9556
184,SVM,0.791,0.8147,0.5333,0.4211,0.9375
185,SVM,0.8955,0.9664,0.8444,0.8261,0.9318
186,SVM,0.8955,0.9447,0.8205,0.6957,1.0
187,SVM,0.8806,0.9327,0.8,0.7619,0.9348
188,SVM,0.8657,0.9295,0.7907,0.68,0.9762
189,SVM,0.9104,0.9615,0.8235,0.7778,0.9592
190,SVM,0.806,0.8677,0.6486,0.5455,0.9333
191,SVM,0.791,0.8602,0.72,0.6923,0.8537
192,SVM,0.8209,0.8981,0.7391,0.6296,0.95
193,SVM,0.8507,0.931,0.8077,0.7241,0.9474
194,SVM,0.8955,0.9021,0.7879,0.65,1.0
195,SVM,0.8806,0.9184,0.8333,0.7692,0.9512
196,SVM,0.8507,0.9149,0.7059,0.6,0.9574
197,SVM,0.7463,0.9439,0.6531,0.4848,1.0
198,SVM,0.8507,0.9085,0.6875,0.55,0.9787
199,SVM,0.8806,0.9297,0.7778,0.7778,0.9184
200,SVM,0.8507,0.8628,0.6875,0.55,0.9787
201,SVM,0.8657,0.9182,0.7429,0.5909,1.0
202,SVM,0.8955,0.9528,0.8679,0.7931,0.9737
203,SVM,0.806,0.8855,0.6286,0.6111,0.8776
204,SVM,0.8358,0.8577,0.7755,0.6333,1.0
205,SVM,0.8657,0.939,0.8,0.75,0.9302
206,SVM,0.8806,0.94,0.8095,0.68,1.0
207,SVM,0.8358,0.9374,0.7925,0.7241,0.9211
208,SVM,0.8209,0.924,0.6471,0.6111,0.898
209,SVM,0.7612,0.852,0.5,0.381,0.9348
210,SVM,0.806,0.8964,0.7547,0.6667,0.9189
211,SVM,0.8955,0.9622,0.8444,0.7917,0.9535
212,SVM,0.8806,0.8776,0.75,0.6667,0.9592
213,SVM,0.8358,0.9128,0.7556,0.6538,0.9512
214,SVM,0.9403,0.9747,0.9048,0.8636,0.9778
215,SVM,0.8955,0.9651,0.8772,0.8065,0.9722
216,SVM,0.8209,0.8709,0.76,0.6786,0.9231
217,SVM,0.8358,0.9141,0.6667,0.5238,0.9783
218,SVM,0.806,0.8857,0.6829,0.5833,0.9302
219,SVM,0.8806,0.9583,0.8182,0.75,0.9535
220,SVM,0.8955,0.94,0.7407,0.625,0.9804
221,SVM,0.8507,0.9222,0.7368,0.6364,0.9556
222,SVM,0.8358,0.9131,0.7179,0.6364,0.9333
223,SVM,0.8358,0.8953,0.7179,0.6087,0.9545
224,SVM,0.806,0.8333,0.6286,0.5,0.9556
225,SVM,0.8507,0.9249,0.7727,0.7391,0.9091
226,SVM,0.791,0.9288,0.72,0.6,0.9459
227,SVM,0.8657,0.9505,0.7907,0.68,0.9762
228,SVM,0.8806,0.8924,0.8182,0.75,0.9535
229,SVM,0.8657,0.9352,0.8163,0.8,0.9048
230,SVM,0.9104,0.9485,0.8421,0.7273,1.0
231,SVM,0.8806,0.9105,0.8261,0.76,0.9524
232,SVM,0.8209,0.8902,0.7391,0.6538,0.9268
233,SVM,0.8806,0.9263,0.8095,0.7727,0.9333
234,SVM,0.8358,0.9212,0.7179,0.6364,0.9333
235,SVM,0.8209,0.9286,0.6842,0.52,1.0
236,SVM,0.9104,0.9456,0.8235,0.7778,0.9592
237,SVM,0.8507,0.9068,0.6667,0.5263,0.9792
238,SVM,0.8209,0.9172,0.6471,0.5238,0.9565
239,SVM,0.8657,0.9081,0.7907,0.7391,0.9318
240,SVM,0.791,0.8914,0.6667,0.56,0.9286
241,SVM,0.8806,0.9186,0.8182,0.75,0.9535
242,SVM,0.8806,0.8624,0.7333,0.6471,0.96
243,SVM,0.8209,0.9062,0.7391,0.6538,0.9268
244,SVM,0.7164,0.8717,0.678,0.5882,0.8485
245,SVM,0.7463,0.8002,0.5143,0.4286,0.8913
246,SVM,0.8358,0.913,0.7755,0.6786,0.9487
247,SVM,0.8358,0.9629,0.7755,0.76,0.881
248,SVM,0.791,0.8743,0.6957,0.6154,0.9024
249,SVM,0.8657,0.9397,0.7805,0.6957,0.9545
250,SVM,0.9254,0.9596,0.8649,0.8,0.9787
251,SVM,0.8358,0.9296,0.7442,0.6154,0.9756
252,SVM,0.8209,0.8827,0.7143,0.5769,0.9756
253,SVM,0.8358,0.9266,0.6857,0.6,0.9362
254,SVM,0.8657,0.9315,0.8163,0.7692,0.9268
255,SVM,0.8806,0.9189,0.7778,0.7368,0.9375
256,SVM,0.9552,0.9399,0.9091,0.8333,1.0
257,SVM,0.8806,0.9322,0.8462,0.7857,0.9487
258,SVM,0.8358,0.9128,0.7317,0.5769,1.0
259,SVM,0.8657,0.9032,0.7429,0.65,0.9574
260,SVM,0.8955,0.9622,0.8444,0.7917,0.9535
261,SVM,0.7761,0.7971,0.5161,0.381,0.9565
262,SVM,0.7313,0.8288,0.6087,0.4667,0.9459
263,SVM,0.8657,0.917,0.7429,0.65,0.9574
264,SVM,0.8507,0.9583,0.7826,0.75,0.907
265,SVM,0.806,0.9319,0.7636,0.7241,0.8684
266,SVM,0.8657,0.9324,0.8085,0.7037,0.975
267,SVM,0.8657,0.932,0.7273,0.6316,0.9583
268,SVM,0.7761,0.9031,0.5946,0.4583,0.9535
269,SVM,0.8209,0.8754,0.76,0.6129,1.0
270,SVM,0.8657,0.9118,0.6667,0.5625,0.9608
271,SVM,0.8507,0.9027,0.7059,0.5714,0.9783
272,SVM,0.791,0.8465,0.6111,0.5,0.9333
273,SVM,0.8209,0.9099,0.7857,0.7333,0.8919
274,SVM,0.791,0.8478,0.5625,0.4286,0.9565
275,SVM,0.7313,0.8657,0.5909,0.4483,0.9474
276,SVM,0.8657,0.8992,0.7692,0.625,1.0
277,SVM,0.8955,0.9287,0.8205,0.8,0.9362
278,SVM,0.8955,0.9265,0.8,0.7368,0.9583
279,SVM,0.791,0.9038,0.7083,0.5862,0.9474
280,SVM,0.791,0.8362,0.65,0.5417,0.9302
281,SVM,0.8657,0.8996,0.7692,0.7143,0.9348
282,SVM,0.8955,0.9781,0.8108,0.7895,0.9375
283,SVM,0.8358,0.9074,0.6452,0.5,0.9787
284,SVM,0.8806,0.9509,0.84,0.7778,0.95
285,SVM,0.8955,0.9545,0.8205,0.6957,1.0
286,SVM,0.8955,0.9354,0.8108,0.6818,1.0
287,SVM,0.8358,0.9309,0.6667,0.55,0.9574
288,SVM,0.806,0.8475,0.6286,0.5,0.9556
289,SVM,0.8955,0.917,0.8108,0.75,0.9574
290,SVM,0.8806,0.9326,0.7333,0.6875,0.9412
291,SVM,0.8657,0.9447,0.8,0.6923,0.9756
292,SVM,0.791,0.8919,0.7083,0.5667,0.973
293,SVM,0.8209,0.9139,0.7143,0.5556,1.0
294,SVM,0.8806,0.9396,0.8519,0.7667,0.973
295,SVM,0.8806,0.9332,0.84,0.75,0.9744
296,SVM,0.8657,0.9419,0.7429,0.6842,0.9375
297,SVM,0.806,0.8748,0.7234,0.5862,0.9737
298,SVM,0.8806,0.9342,0.75,0.6667,0.9592
299,SVM,0.9552,0.9682,0.9143,0.8421,1.0
300,SVM,0.8358,0.9071,0.7027,0.5652,0.9773
301,SVM,0.8358,0.9143,0.7442,0.64,0.9524
302,SVM,0.8806,0.8935,0.6923,0.6429,0.9434
303,SVM,0.8507,0.9182,0.75,0.7143,0.913
304,SVM,0.8657,0.9152,0.7568,0.6364,0.9778
305,SVM,0.7761,0.8672,0.6667,0.5357,0.9487
306,SVM,0.8507,0.914,0.7727,0.7391,0.9091
307,SVM,0.806,0.8653,0.6977,0.625,0.907
308,SVM,0.8657,0.9343,0.7568,0.6364,0.9778
309,SVM,0.9104,0.9792,0.8,0.75,0.9608
310,SVM,0.8507,0.9036,0.6429,0.5,0.9796
311,SVM,0.8358,0.916,0.6857,0.5217,1.0
312,SVM,0.8657,0.9427,0.7805,0.6957,0.9545
313,SVM,0.791,0.8766,0.5625,0.45,0.9362
314,SVM,0.8806,0.883,0.7895,0.7143,0.9565
315,SVM,0.8507,0.9506,0.75,0.6522,0.9545
316,SVM,0.8806,0.9248,0.8182,0.72,0.9762
317,SVM,0.8358,0.8657,0.7027,0.5909,0.9556
318,SVM,0.9254,0.9388,0.8387,0.7647,0.98
319,SVM,0.8806,0.9436,0.7778,0.7,0.9574
320,SVM,0.8209,0.918,0.7143,0.6522,0.9091
321,SVM,0.9104,0.9016,0.75,0.6429,0.9811
322,SVM,0.8358,0.8992,0.7442,0.6667,0.9302
323,SVM,0.8209,0.8923,0.6471,0.5238,0.9565
324,SVM,0.7761,0.8882,0.6512,0.6667,0.8261
325,SVM,0.8657,0.9302,0.7805,0.6667,0.9767
326,SVM,0.8507,0.9184,0.7826,0.6923,0.9512
327,SVM,0.806,0.8619,0.6667,0.52,0.9762
328,SVM,0.8657,0.9496,0.8163,0.7143,0.9744
329,SVM,0.8507,0.913,0.7059,0.5714,0.9783
330,SVM,0.8955,0.92,0.7742,0.7059,0.96
331,SVM,0.8806,0.9798,0.7895,0.6818,0.9778
332,SVM,0.7612,0.9139,0.6522,0.5357,0.9231
333,SVM,0.9403,0.9836,0.8889,0.8421,0.9792
334,SVM,0.8507,0.8234,0.6875,0.55,0.9787
335,SVM,0.8358,0.8064,0.5217,0.375,0.9804
336,SVM,0.8806,0.9123,0.75,0.6316,0.9792
337,SVM,0.8507,0.9381,0.7727,0.68,0.9524
338,SVM,0.8657,0.9318,0.7805,0.6957,0.9545
339,SVM,0.8507,0.9111,0.7368,0.6087,0.9773
340,SVM,0.9254,0.9298,0.8571,0.75,1.0
341,SVM,0.9403,0.9672,0.8333,0.7692,0.9815
342,SVM,0.8507,0.8958,0.6667,0.5263,0.9792
343,SVM,0.8806,0.9273,0.7778,0.6364,1.0
344,SVM,0.9701,0.9865,0.9333,0.875,1.0
345,SVM,0.8657,0.9302,0.7805,0.6667,0.9767
346,SVM,0.8955,0.9244,0.8293,0.7083,1.0
347,SVM,0.7761,0.8667,0.6667,0.6,0.881
348,SVM,0.8209,0.7821,0.4,0.3077,0.9444
349,SVM,0.8209,0.9093,0.7391,0.6296,0.95
350,SVM,0.8657,0.8811,0.8302,0.7333,0.973
351,SVM,0.8806,0.9231,0.8333,0.7407,0.975
352,SVM,0.8507,0.917,0.7727,0.7391,0.9091
353,SVM,0.791,0.9024,0.7083,0.6538,0.878
354,SVM,0.8955,0.9211,0.7742,0.6316,1.0
355,SVM,0.9403,0.9646,0.9,0.8182,1.0
356,SVM,0.8507,0.9222,0.8,0.7143,0.9487
357,SVM,0.8955,0.9803,0.8293,0.8095,0.9348
358,SVM,0.806,0.9259,0.7347,0.6667,0.9
359,SVM,0.8507,0.9101,0.7059,0.5455,1.0
360,SVM,0.7612,0.8468,0.5556,0.4762,0.8913
361,SVM,0.7612,0.8352,0.619,0.52,0.9048
362,SVM,0.8806,0.9317,0.8,0.7619,0.9348
363,SVM,0.8209,0.9278,0.7143,0.5769,0.9756
364,SVM,0.7761,0.9028,0.6512,0.5185,0.95
365,SVM,0.8657,0.9343,0.7805,0.7273,0.9333
366,SVM,0.8955,0.967,0.8108,0.75,0.9574
367,SVM,0.806,0.8255,0.6061,0.5,0.9362
368,SVM,0.8657,0.9565,0.8085,0.8261,0.8864
369,SVM,0.8806,0.9244,0.8095,0.7083,0.9767
370,SVM,0.8209,0.9121,0.7391,0.6071,0.9744
371,SVM,0.8657,0.8175,0.6897,0.5556,0.9796
372,SVM,0.8358,0.88,0.7755,0.6786,0.9487
373,SVM,0.806,0.8901,0.7234,0.6071,0.9487
374,SVM,0.9254,0.9649,0.8649,0.8,0.9787
375,SVM,0.806,0.9207,0.7547,0.6667,0.9189
376,SVM,0.806,0.8956,0.7347,0.6207,0.9474
377,SVM,0.9104,0.9217,0.75,0.6923,0.963
378,SVM,0.8955,0.962,0.8679,0.8519,0.925
379,SVM,0.806,0.9267,0.7234,0.6071,0.9487
380,SVM,0.8955,0.9676,0.8511,0.8,0.9524
381,SVM,0.9254,0.9816,0.8387,0.8125,0.9608
382,SVM,0.806,0.8424,0.6486,0.5455,0.9333
383,SVM,0.8657,0.9153,0.7097,0.6471,0.94
384,SVM,0.8358,0.8973,0.7179,0.5833,0.9767
385,SVM,0.9254,0.9641,0.8387,0.8667,0.9423
386,SVM,0.8806,0.9213,0.7895,0.7143,0.9565
387,SVM,0.8657,0.9275,0.7429,0.619,0.9783
388,SVM,0.8955,0.9612,0.8372,0.75,0.9767
389,SVM,0.9104,0.9706,0.8125,0.8125,0.9412
390,SVM,0.8657,0.9189,0.7273,0.6316,0.9583
391,SVM,0.8806,0.8946,0.75,0.6667,0.9592
392,SVM,0.8806,0.9448,0.8095,0.68,1.0
393,SVM,0.8209,0.9475,0.7143,0.5769,0.9756
394,SVM,0.8806,0.9462,0.8,0.7619,0.9348
395,SVM,0.8209,0.864,0.625,0.5263,0.9375
396,SVM,0.9254,0.9574,0.9091,0.8621,0.9737
397,SVM,0.8955,0.9224,0.8108,0.7143,0.9783
398,SVM,0.8806,0.9167,0.6923,0.5625,0.9804
399,SVM,0.8806,0.9486,0.8261,0.7917,0.9302
400,SVM,0.806,0.8667,0.7111,0.5926,0.95
401,SVM,0.8358,0.898,0.5926,0.4211,1.0
402,SVM,0.8209,0.9252,0.7692,0.6667,0.9459
403,SVM,0.806,0.9089,0.6286,0.4583,1.0
404,SVM,0.7761,0.8124,0.6154,0.48,0.9524
405,SVM,0.8507,0.9051,0.7368,0.6087,0.9773
406,SVM,0.8806,0.9747,0.8333,0.7692,0.9512
407,SVM,0.8806,0.9529,0.7647,0.7647,0.92
408,SVM,0.8358,0.9348,0.7442,0.6957,0.9091
409,SVM,0.8806,0.9172,0.7647,0.619,1.0
410,SVM,0.8209,0.9174,0.7143,0.5769,0.9756
411,SVM,0.8507,0.8894,0.7222,0.65,0.9362
412,SVM,0.9254,0.9752,0.898,0.88,0.9524
413,SVM,0.8507,0.9162,0.7368,0.6364,0.9556
414,SVM,0.7761,0.8837,0.6512,0.5,0.9744
415,SVM,0.8209,0.8879,0.7,0.6364,0.9111
416,SVM,0.9104,0.9744,0.7857,0.7333,0.9615
417,SVM,0.9104,0.9,0.7692,0.6667,0.9808
418,SVM,0.806,0.8084,0.5517,0.4444,0.9388
419,SVM,0.8358,0.9637,0.7843,0.6897,0.9474
420,SVM,0.9104,0.9769,0.75,0.6,1.0
421,SVM,0.8358,0.9093,0.766,0.6207,1.0
422,SVM,0.8209,0.9417,0.6667,0.5217,0.9773
423,SVM,0.8209,0.8931,0.7273,0.6154,0.9512
424,SVM,0.8209,0.8844,0.6667,0.5217,0.9773
425,SVM,0.8209,0.9157,0.7273,0.5926,0.975
426,SVM,0.8507,0.9141,0.7368,0.6667,0.9348
427,SVM,0.8507,0.8824,0.7619,0.6957,0.9318
428,SVM,0.8358,0.917,0.7442,0.6957,0.9091
429,SVM,0.8955,0.9306,0.8108,0.7143,0.9783
430,SVM,0.791,0.8848,0.5882,0.4545,0.9556
431,SVM,0.8657,0.9089,0.7805,0.7619,0.913
432,SVM,0.9403,0.9943,0.8947,0.9444,0.9388
433,SVM,0.8358,0.9343,0.6857,0.5455,0.9778
434,SVM,0.806,0.9146,0.7234,0.6538,0.9024
435,SVM,0.8209,0.8113,0.4545,0.3125,0.9804
436,SVM,0.8209,0.907,0.6842,0.5417,0.9767
437,SVM,0.806,0.904,0.6061,0.4545,0.9778
438,SVM,0.8358,0.9068,0.7027,0.619,0.9348
439,SVM,0.8358,0.8704,0.7556,0.6296,0.975
440,SVM,0.7612,0.8914,0.6923,0.72,0.7857
441,SVM,0.8806,0.942,0.7895,0.7143,0.9565
442,SVM,0.8507,0.9477,0.7727,0.7083,0.9302
443,SVM,0.8657,0.9101,0.7568,0.6364,0.9778
444,SVM,0.8358,0.8717,0.7027,0.5909,0.9556
445,SVM,0.8507,0.9185,0.8,0.7143,0.9487
446,SVM,0.8955,0.9397,0.8372,0.7826,0.9545
447,SVM,0.791,0.9256,0.72,0.5806,0.9722
448,SVM,0.8209,0.9229,0.7692,0.6452,0.9722
449,SVM,0.8358,0.9352,0.7556,0.6296,0.975
450,SVM,0.806,0.8874,0.6486,0.5217,0.9545
451,SVM,0.8657,0.9231,0.7907,0.6538,1.0
452,SVM,0.791,0.9441,0.7083,0.5667,0.973
453,SVM,0.8358,0.94,0.7442,0.6154,0.9756
454,SVM,0.8955,0.9581,0.8444,0.76,0.9762
455,SVM,0.8209,0.8706,0.5714,0.4706,0.94
456,SVM,0.8507,0.9303,0.7368,0.6364,0.9556
457,SVM,0.8209,0.8889,0.6471,0.6111,0.898
458,SVM,0.806,0.9581,0.6486,0.48,1.0
459,SVM,0.806,0.8619,0.6977,0.6,0.9286
460,SVM,0.8507,0.9313,0.7368,0.6364,0.9556
461,SVM,0.8657,0.9361,0.8085,0.7037,0.975
462,SVM,0.8806,0.9229,0.8333,0.8,0.9286
463,SVM,0.8806,0.9286,0.84,0.75,0.9744
464,SVM,0.8209,0.8965,0.6667,0.5714,0.9348
465,SVM,0.8657,0.909,0.8,0.6923,0.9756
466,SVM,0.7761,0.8856,0.6154,0.4615,0.9756
467,SVM,0.8507,0.9182,0.7368,0.6364,0.9556
468,SVM,0.8657,0.9254,0.7568,0.7368,0.9167
469,SVM,0.8955,0.9407,0.8293,0.7391,0.9773
470,SVM,0.8507,0.9418,0.7727,0.6538,0.9756
471,SVM,0.8507,0.8893,0.7619,0.6154,1.0
472,SVM,0.8806,0.9339,0.8667,0.8125,0.9429
473,SVM,0.8358,0.9342,0.6667,0.6111,0.9184
474,SVM,0.8657,0.8383,0.7273,0.6,0.9787
475,SVM,0.8657,0.9514,0.8421,0.8,0.9189
476,SVM,0.9104,0.932,0.8235,0.7368,0.9792
477,SVM,0.8507,0.9634,0.7917,0.7308,0.9268
478,SVM,0.8358,0.9505,0.7843,0.6667,0.973
479,SVM,0.8806,0.9309,0.7778,0.7368,0.9375
480,SVM,0.8806,0.9531,0.84,0.8077,0.9268
481,SVM,0.8657,0.9058,0.7429,0.619,0.9783
482,SVM,0.8955,0.9684,0.8205,0.6957,1.0
483,SVM,0.8657,0.9141,0.7273,0.5714,1.0
484,SVM,0.8358,0.9128,0.7179,0.5833,0.9767
485,SVM,0.8358,0.9035,0.6452,0.5263,0.9583
486,SVM,0.8806,0.9487,0.7143,0.6667,0.9423
487,SVM,0.8657,0.9179,0.7097,0.6875,0.9216
488,SVM,0.8507,0.9287,0.7727,0.6538,0.9756
489,SVM,0.8358,0.9068,0.8,0.7097,0.9444
490,SVM,0.7761,0.9283,0.6667,0.5172,0.9737
491,SVM,0.806,0.8916,0.7347,0.5806,1.0
492,SVM,0.8209,0.8617,0.76,0.6786,0.9231
493,SVM,0.9104,0.9669,0.85,0.8095,0.9565
494,SVM,0.806,0.8847,0.6977,0.625,0.907
495,SVM,0.8507,0.8805,0.6875,0.5789,0.9583
496,SVM,0.8657,0.9303,0.7805,0.7273,0.9333
497,SVM,0.9104,0.9456,0.8235,0.7778,0.9592
498,SVM,0.8209,0.8809,0.6471,0.55,0.9362
499,SVM,0.8507,0.9148,0.7917,0.7037,0.95
500,SVM,0.8955,0.9011,0.8,0.7,0.9787
501,SVM,0.8657,0.9402,0.8525,0.8125,0.9143
502,SVM,0.8657,0.9172,0.8,0.8182,0.8889
503,SVM,0.8657,0.9372,0.7429,0.65,0.9574
504,SVM,0.8955,0.9493,0.8571,0.8077,0.9512
505,SVM,0.8209,0.8953,0.7,0.5833,0.9535
506,SVM,0.9403,0.9622,0.913,0.875,0.9767
507,SVM,0.8806,0.9231,0.8261,0.7037,1.0
508,SVM,0.8358,0.8737,0.7027,0.619,0.9348
509,SVM,0.8806,0.9337,0.7895,0.7143,0.9565
510,SVM,0.8358,0.8991,0.6857,0.6667,0.898
511,SVM,0.8507,0.9241,0.7826,0.6667,0.975
512,SVM,0.8657,0.9213,0.7568,0.6667,0.9565
513,SVM,0.8358,0.9093,0.7556,0.6296,0.975
514,SVM,0.8806,0.9451,0.8095,0.8095,0.913
515,SVM,0.8657,0.9384,0.8,0.8182,0.8889
516,SVM,0.8358,0.938,0.7556,0.7083,0.907
517,SVM,0.9104,0.9112,0.8125,0.6842,1.0
518,SVM,0.7164,0.7877,0.5128,0.3448,1.0
519,SVM,0.8955,0.9466,0.8372,0.7826,0.9545
520,SVM,0.8507,0.9313,0.7619,0.7273,0.9111
521,SVM,0.9104,0.9632,0.8125,0.8125,0.9412
522,SVM,0.8358,0.9269,0.766,0.6667,0.95
523,SVM,0.8806,0.9455,0.7895,0.6818,0.9778
524,SVM,0.8507,0.8934,0.7222,0.7222,0.898
525,SVM,0.791,0.8667,0.6667,0.56,0.9286
526,SVM,0.806,0.8471,0.5806,0.5294,0.9
527,SVM,0.8358,0.9496,0.7179,0.7368,0.875
528,SVM,0.806,0.8246,0.6667,0.5417,0.9535
529,SVM,0.8507,0.9182,0.7368,0.6364,0.9556
530,SVM,0.8507,0.9054,0.8,0.6667,1.0
531,SVM,0.9254,0.9571,0.8936,0.84,0.9762
532,SVM,0.8657,0.9462,0.7805,0.7619,0.913
533,SVM,0.8209,0.8585,0.7143,0.625,0.9302
534,SVM,0.8507,0.9333,0.7619,0.7273,0.9111
535,SVM,0.7612,0.8251,0.6667,0.5714,0.8974
536,SVM,0.8657,0.9043,0.7568,0.7,0.9362
537,SVM,0.7761,0.7826,0.5714,0.4762,0.913
538,SVM,0.8358,0.8662,0.6857,0.6316,0.9167
539,SVM,0.9254,0.9399,0.7619,0.7273,0.9643
540,SVM,0.8209,0.9212,0.75,0.6429,0.9487
541,SVM,0.8806,0.9282,0.6923,0.6,0.9615
542,SVM,0.7761,0.9176,0.6809,0.5714,0.9231
543,SVM,0.9254,0.9474,0.8571,0.7895,0.9792
544,SVM,0.8358,0.9524,0.7442,0.64,0.9524
545,SVM,0.8358,0.925,0.766,0.6667,0.95
546,SVM,0.8806,0.9505,0.8182,0.72,0.9762
547,SVM,0.9254,0.9224,0.8276,0.7059,1.0
548,SVM,0.8955,0.9448,0.8444,0.76,0.9762
549,SVM,0.8507,0.933,0.7222,0.65,0.9362
550,SVM,0.8358,0.8943,0.7179,0.6087,0.9545
551,SVM,0.8507,0.9184,0.8,0.7692,0.9024
552,SVM,0.8209,0.9232,0.7857,0.6875,0.9429
553,SVM,0.8209,0.909,0.7273,0.6154,0.9512
554,SVM,0.8806,0.9174,0.6923,0.6923,0.9259
555,SVM,0.8806,0.9249,0.7895,0.6522,1.0
556,SVM,0.8806,0.9457,0.8182,0.72,0.9762
557,SVM,0.8806,0.9046,0.8333,0.7407,0.975
558,SVM,0.8507,0.9046,0.6667,0.5263,0.9792
559,SVM,0.8955,0.9259,0.8293,0.7391,0.9773
560,SVM,0.8955,0.9358,0.8205,0.7619,0.9565
561,SVM,0.9104,0.9615,0.8846,0.8214,0.9744
562,SVM,0.8657,0.9253,0.7692,0.6818,0.9556
563,SVM,0.9254,0.9682,0.8571,0.8824,0.94
564,SVM,0.8507,0.9013,0.6875,0.5789,0.9583
565,SVM,0.8358,0.8829,0.7179,0.56,1.0
566,SVM,0.8209,0.9121,0.6471,0.5,0.9778
567,SVM,0.9254,0.9503,0.898,0.8462,0.9756
568,SVM,0.8955,0.9364,0.8293,0.7727,0.9556
569,SVM,0.9254,0.9532,0.8571,0.75,1.0
570,SVM,0.806,0.9139,0.7347,0.6429,0.9231
571,SVM,0.8507,0.8768,0.7059,0.5714,0.9783
572,SVM,0.9254,0.9952,0.8889,0.8,1.0
573,SVM,0.791,0.934,0.7407,0.5882,1.0
574,SVM,0.8358,0.907,0.7442,0.6667,0.9302
575,SVM,0.9104,0.9436,0.8333,0.75,0.9787
576,SVM,0.8507,0.9493,0.7917,0.7308,0.9268
577,SVM,0.8358,0.9289,0.766,0.7826,0.8636
578,SVM,0.7761,0.8524,0.6154,0.48,0.9524
579,SVM,0.8657,0.9423,0.8302,0.7857,0.9231
580,SVM,0.8657,0.933,0.7273,0.6,0.9787
581,SVM,0.791,0.8758,0.5882,0.4545,0.9556
582,SVM,0.8358,0.7805,0.6667,0.5238,0.9783
583,SVM,0.8507,0.8914,0.6667,0.5263,0.9792
584,SVM,0.806,0.9212,0.7111,0.6154,0.9268
585,SVM,0.8507,0.95,0.7222,0.65,0.9362
586,SVM,0.8657,0.859,0.8,0.72,0.9524
587,SVM,0.8806,0.9091,0.7778,0.6364,1.0
588,SVM,0.9104,0.9348,0.8571,0.7826,0.9773
589,SVM,0.9104,0.9707,0.8636,0.8636,0.9333
590,SVM,0.8507,0.8521,0.6875,0.55,0.9787
591,SVM,0.8358,0.8697,0.6857,0.5455,0.9778
592,SVM,0.9104,0.876,0.7692,0.7143,0.9623
593,SVM,0.8507,0.9483,0.7917,0.6552,1.0
594,SVM,0.8507,0.9447,0.7619,0.6957,0.9318
595,SVM,0.8955,0.966,0.7742,0.6667,0.9796
596,SVM,0.791,0.8323,0.5882,0.4762,0.9348
597,SVM,0.8806,0.9059,0.75,0.6667,0.9592
598,SVM,0.8806,0.9625,0.8261,0.7308,0.9756
599,SVM,0.791,0.8543,0.6111,0.44,1.0
600,SVM,0.8657,0.9333,0.7692,0.6818,0.9556
601,SVM,0.8507,0.917,0.7368,0.7,0.9149
602,SVM,0.791,0.817,0.5333,0.4,0.9574
603,SVM,0.9254,0.9081,0.8148,0.6875,1.0
604,SVM,0.8209,0.8713,0.6471,0.55,0.9362
605,SVM,0.8657,0.9283,0.7907,0.7083,0.9535
606,SVM,0.8955,0.8814,0.8205,0.6957,1.0
607,SVM,0.791,0.9148,0.6818,0.5556,0.95
608,SVM,0.8358,0.8696,0.6857,0.5217,1.0
609,SVM,0.8806,0.9095,0.8095,0.68,1.0
610,SVM,0.8806,0.9404,0.7895,0.75,0.9362
611,SVM,0.7761,0.8379,0.5161,0.4444,0.898
612,SVM,0.9254,0.9819,0.8649,0.8,0.9787
613,SVM,0.8806,0.9234,0.7778,0.7,0.9574
614,SVM,0.8806,0.8992,0.8095,0.7391,0.9545
615,SVM,0.8955,0.9006,0.8108,0.7143,0.9783
616,SVM,0.8209,0.8971,0.76,0.76,0.8571
617,SVM,0.8507,0.9343,0.7917,0.7308,0.9268
618,SVM,0.8209,0.9302,0.7,0.5833,0.9535
619,SVM,0.8806,0.9179,0.7333,0.6875,0.9412
620,SVM,0.8507,0.9296,0.7727,0.6538,0.9756
621,SVM,0.8358,0.8498,0.7317,0.625,0.9535
622,SVM,0.9254,0.9526,0.8837,0.8261,0.9773
623,SVM,0.8806,0.9287,0.8261,0.7308,0.9756
624,SVM,0.7761,0.9597,0.6809,0.5161,1.0
625,SVM,0.791,0.8944,0.6818,0.625,0.8837
626,SVM,0.8507,0.913,0.7222,0.619,0.9565
627,SVM,0.8806,0.9772,0.8182,0.8571,0.8913
628,SVM,0.8657,0.9379,0.7692,0.7143,0.9348
629,SVM,0.806,0.8706,0.6667,0.5652,0.9318
630,SVM,0.8358,0.9037,0.6857,0.5714,0.9565
631,SVM,0.806,0.8991,0.7111,0.5926,0.95
632,SVM,0.8507,0.9435,0.7727,0.6296,1.0
633,SVM,0.8806,0.9574,0.7895,0.75,0.9362
634,SVM,0.8358,0.8866,0.766,0.6207,1.0
635,SVM,0.806,0.907,0.6486,0.5,0.9767
636,SVM,0.9104,0.9142,0.7857,0.6875,0.9804
637,SVM,0.8806,0.9459,0.75,0.7059,0.94
638,SVM,0.8507,0.9295,0.7727,0.68,0.9524
639,SVM,0.7761,0.8389,0.6667,0.5556,0.925
640,SVM,0.8209,0.9434,0.6667,0.5455,0.9556
641,SVM,0.806,0.9047,0.7234,0.5862,0.9737
642,SVM,0.9104,0.9554,0.8636,0.7917,0.9767
643,SVM,0.8209,0.9293,0.6842,0.5909,0.9333
644,SVM,0.8657,0.9289,0.7907,0.7391,0.9318
645,SVM,0.8806,0.9559,0.8261,0.7308,0.9756
646,SVM,0.806,0.913,0.5806,0.4286,0.9783
647,SVM,0.806,0.8771,0.7111,0.6154,0.9268
648,SVM,0.806,0.9162,0.7719,0.6667,0.9412
649,SVM,0.8358,0.9223,0.6857,0.6,0.9362
650,SVM,0.8358,0.9071,0.7556,0.6538,0.9512
651,SVM,0.7761,0.9212,0.6512,0.5385,0.9268
652,SVM,0.8358,0.9128,0.766,0.6923,0.9268
653,SVM,0.806,0.8371,0.6829,0.56,0.9524
654,SVM,0.8955,0.9702,0.8205,0.8,0.9362
655,SVM,0.8657,0.8783,0.7273,0.6316,0.9583
656,SVM,0.9104,0.9263,0.8235,0.7778,0.9592
657,SVM,0.8806,0.9537,0.8462,0.7586,0.9737
658,SVM,0.8806,0.9252,0.75,0.6667,0.9592
659,SVM,0.8806,0.9287,0.8261,0.7308,0.9756
660,SVM,0.8657,0.9305,0.8,0.72,0.9524
661,SVM,0.9403,0.9767,0.913,0.875,0.9767
662,SVM,0.8806,0.9202,0.8095,0.7727,0.9333
663,SVM,0.8507,0.8735,0.75,0.6522,0.9545
664,SVM,0.8657,0.8871,0.7429,0.6842,0.9375
665,SVM,0.8806,0.9341,0.8182,0.75,0.9535
666,SVM,0.8358,0.8768,0.6667,0.5238,0.9783
667,SVM,0.806,0.8665,0.6286,0.5238,0.9348
668,SVM,0.8507,0.8973,0.7619,0.6667,0.9535
669,SVM,0.7761,0.7848,0.5714,0.4545,0.9333
670,SVM,0.8657,0.9353,0.7429,0.6842,0.9375
671,SVM,0.7612,0.8771,0.6522,0.5769,0.878
672,SVM,0.806,0.8899,0.6977,0.6818,0.8667
673,SVM,0.8507,0.9323,0.7619,0.7273,0.9111
674,SVM,0.806,0.8574,0.5806,0.45,0.9574
675,SVM,0.8209,0.8355,0.625,0.5263,0.9375
676,SVM,0.806,0.907,0.6667,0.5417,0.9535
677,SVM,0.7612,0.874,0.6,0.5,0.907
678,SVM,0.9104,0.9486,0.8571,0.7826,0.9773
679,SVM,0.8507,0.9182,0.7368,0.6364,0.9556
680,SVM,0.7761,0.8731,0.6512,0.5185,0.95
681,SVM,0.9403,0.9353,0.9167,0.8462,1.0
682,SVM,0.8955,0.9101,0.7879,0.6842,0.9792
683,SVM,0.9403,0.9636,0.9,0.8182,1.0
684,SVM,0.8358,0.9511,0.6667,0.55,0.9574
685,SVM,0.806,0.9042,0.6486,0.5217,0.9545
686,SVM,0.8657,0.8644,0.7429,0.619,0.9783
687,SVM,0.9254,0.9762,0.878,0.8571,0.9565
688,SVM,0.8657,0.912,0.7568,0.6667,0.9565
689,SVM,0.9254,0.9634,0.902,0.8214,1.0
690,SVM,0.8507,0.9274,0.8148,0.7586,0.9211
691,SVM,0.9403,0.9648,0.9,0.8571,0.9783
692,SVM,0.9104,0.9606,0.8421,0.7273,1.0
693,SVM,0.7761,0.8857,0.6154,0.5,0.9302
694,SVM,0.8657,0.9348,0.7907,0.7391,0.9318
695,SVM,0.7164,0.8495,0.5581,0.48,0.8571
696,SVM,0.8955,0.9667,0.8444,0.76,0.9762
697,SVM,0.8507,0.9124,0.7826,0.72,0.9286
698,SVM,0.8507,0.912,0.75,0.7143,0.913
699,SVM,0.8358,0.9269,0.766,0.6667,0.95
700,SVM,0.8806,0.9099,0.8095,0.7083,0.9767
701,SVM,0.8657,0.9121,0.7805,0.7273,0.9333
702,SVM,0.8955,0.9467,0.8372,0.75,0.9767
703,SVM,0.8657,0.8859,0.7097,0.6471,0.94
704,SVM,0.8806,0.9447,0.8,0.6957,0.9773
705,SVM,0.8955,0.8851,0.8108,0.7143,0.9783
706,SVM,0.8955,0.9493,0.8627,0.8462,0.9268
707,SVM,0.8507,0.9017,0.7059,0.5714,0.9783
708,SVM,0.8806,0.9244,0.7647,0.619,1.0
709,SVM,0.8358,0.9518,0.8,0.6875,0.9714
710,SVM,0.8358,0.88,0.7317,0.6,0.9762
711,SVM,0.9104,0.9653,0.8696,0.7692,1.0
712,SVM,0.7463,0.849,0.5854,0.4615,0.9268
713,SVM,0.806,0.9144,0.7347,0.6,0.973
714,SVM,0.8657,0.9427,0.7805,0.6957,0.9545
715,SVM,0.7761,0.8902,0.6154,0.4615,0.9756
716,SVM,0.9254,0.9596,0.878,0.8571,0.9565
717,SVM,0.791,0.8809,0.6818,0.5769,0.9268
718,SVM,0.8657,0.9053,0.7429,0.65,0.9574
719,SVM,0.8358,0.9323,0.7317,0.6818,0.9111
720,SVM,0.8806,0.9441,0.75,0.6316,0.9792
721,SVM,0.8507,0.9111,0.7619,0.7273,0.9111
722,SVM,0.8806,0.9308,0.8,0.6957,0.9773
723,SVM,0.791,0.8827,0.6957,0.6154,0.9024
724,SVM,0.8806,0.8654,0.7143,0.6667,0.9423
725,SVM,0.9104,0.9667,0.7692,0.6667,0.9808
726,SVM,0.8657,0.8881,0.6087,0.5,0.9623
727,SVM,0.8806,0.9571,0.8261,0.76,0.9524
728,SVM,0.9104,0.9498,0.8,0.75,0.9608
729,SVM,0.8806,0.9447,0.7143,0.5882,0.98
730,SVM,0.7761,0.9006,0.6512,0.5385,0.9268
731,SVM,0.9254,0.9536,0.8889,0.8696,0.9545
732,SVM,0.8507,0.9619,0.7727,0.68,0.9524
733,SVM,0.7612,0.8782,0.6522,0.5357,0.9231
734,SVM,0.8806,0.9146,0.8261,0.7308,0.9756
735,SVM,0.806,0.8681,0.7111,0.5714,0.9744
736,SVM,0.806,0.8771,0.6829,0.5385,0.9756
737,SVM,0.8806,0.9512,0.7333,0.6111,0.9796
738,SVM,0.8507,0.9404,0.7059,0.6,0.9574
739,SVM,0.8507,0.9303,0.7368,0.6364,0.9556
740,SVM,0.8955,0.9223,0.8108,0.75,0.9574
741,SVM,0.791,0.8939,0.5882,0.4545,0.9556
742,SVM,0.8806,0.9131,0.7778,0.6364,1.0
743,SVM,0.8507,0.8798,0.7222,0.5909,0.9778
744,SVM,0.8806,0.913,0.7333,0.6875,0.9412
745,SVM,0.791,0.8713,0.65,0.4815,1.0
746,SVM,0.806,0.8382,0.6286,0.4583,1.0
747,SVM,0.8209,0.9083,0.7273,0.5926,0.975
748,SVM,0.8806,0.9286,0.75,0.6667,0.9592
749,SVM,0.8806,0.9287,0.7778,0.7368,0.9375
750,SVM,0.8358,0.9333,0.7317,0.6818,0.9111
751,SVM,0.8358,0.9352,0.7843,0.7407,0.9
752,SVM,0.8507,0.9243,0.6875,0.5789,0.9583
753,SVM,0.7612,0.835,0.6,0.5217,0.8864
754,SVM,0.806,0.8899,0.6829,0.6364,0.8889
755,SVM,0.806,0.8577,0.6667,0.5652,0.9318
756,SVM,0.8955,0.937,0.8372,0.75,0.9767
757,SVM,0.8358,0.9315,0.7317,0.5769,1.0
758,SVM,0.806,0.8909,0.6486,0.5455,0.9333
759,SVM,0.8209,0.9031,0.7,0.5833,0.9535
760,SVM,0.8657,0.9429,0.7907,0.68,0.9762
761,SVM,0.806,0.8457,0.6667,0.52,0.9762
762,SVM,0.8358,0.9225,0.7027,0.5417,1.0
763,SVM,0.8657,0.9693,0.7273,0.6316,0.9583
764,SVM,0.8507,0.9575,0.7619,0.6957,0.9318
765,SVM,0.8507,0.8996,0.7059,0.5714,0.9783
766,SVM,0.8358,0.8923,0.7317,0.6522,0.9318
767,SVM,0.8507,0.9661,0.7826,0.6429,1.0
768,SVM,0.8209,0.9283,0.6667,0.5455,0.9556
769,SVM,0.8358,0.883,0.6452,0.5,0.9787
770,SVM,0.7761,0.8734,0.5714,0.5,0.8936
771,SVM,0.8955,0.8957,0.7879,0.7222,0.9592
772,SVM,0.806,0.8594,0.5185,0.3889,0.9592
773,SVM,0.8507,0.9188,0.6875,0.6471,0.92
774,SVM,0.7761,0.8856,0.6341,0.5,0.9512
775,SVM,0.8657,0.8892,0.7568,0.6667,0.9565
776,SVM,0.9104,0.9436,0.8,0.8,0.9423
777,SVM,0.8209,0.9002,0.7,0.6087,0.9318
778,SVM,0.8358,0.8919,0.7179,0.6364,0.9333
779,SVM,0.9104,0.9463,0.88,0.8148,0.975
780,SVM,0.7463,0.8604,0.6222,0.4667,0.973
781,SVM,0.9254,0.9493,0.8718,0.8095,0.9783
782,SVM,0.8806,0.919,0.8095,0.68,1.0
783,SVM,0.8657,0.9441,0.7568,0.6667,0.9565
784,SVM,0.8955,0.9286,0.8205,0.7619,0.9565
785,SVM,0.9104,0.9309,0.8421,0.8,0.9574
786,SVM,0.8209,0.9323,0.7,0.6364,0.9111
787,SVM,0.8507,0.8971,0.7727,0.68,0.9524
788,SVM,0.806,0.8731,0.6667,0.5417,0.9535
789,SVM,0.8507,0.8965,0.7619,0.7619,0.8913
790,SVM,0.791,0.8752,0.6957,0.6154,0.9024
791,SVM,0.8806,0.9379,0.8,0.7619,0.9348
792,SVM,0.8507,0.9524,0.7727,0.68,0.9524
793,SVM,0.8507,0.9099,0.7368,0.6667,0.9348
794,SVM,0.806,0.8675,0.5517,0.381,1.0
795,SVM,0.8955,0.9713,0.8205,0.6957,1.0
796,SVM,0.7612,0.9122,0.6667,0.5161,0.9722
797,SVM,0.806,0.9089,0.5806,0.4286,0.9783
798,SVM,0.8209,0.838,0.7273,0.5926,0.975
799,SVM,0.8507,0.9353,0.7826,0.6923,0.9512
800,SVM,0.8358,0.9002,0.7925,0.75,0.8974
801,SVM,0.8507,0.913,0.7368,0.6087,0.9773
802,SVM,0.8507,0.9219,0.75,0.6,1.0
803,SVM,0.8657,0.9032,0.7907,0.7391,0.9318
804,SVM,0.8955,0.9506,0.7742,0.7059,0.96
805,SVM,0.8657,0.9394,0.7692,0.6818,0.9556
806,SVM,0.7164,0.7771,0.4865,0.375,0.907
807,SVM,0.791,0.9032,0.7083,0.5484,1.0
808,SVM,0.8806,0.9248,0.8095,0.68,1.0
809,SVM,0.791,0.8735,0.5625,0.3913,1.0
810,SVM,0.791,0.8733,0.6667,0.56,0.9286
811,SVM,0.8358,0.9137,0.7442,0.6154,0.9756
812,SVM,0.8657,0.9278,0.8,0.6667,1.0
813,SVM,0.8507,0.8844,0.75,0.6522,0.9545
814,SVM,0.8806,0.9389,0.84,0.7778,0.95
815,SVM,0.8507,0.9446,0.8077,0.7241,0.9474
816,SVM,0.806,0.8411,0.6977,0.625,0.907
817,SVM,0.8507,0.9032,0.75,0.6522,0.9545
818,SVM,0.8507,0.9503,0.7826,0.6923,0.9512
819,SVM,0.8657,0.9486,0.8,0.72,0.9524
820,SVM,0.8955,0.9556,0.8205,0.7273,0.9778
821,SVM,0.7761,0.8865,0.6939,0.5667,0.9459
822,SVM,0.8507,0.8644,0.7059,0.5714,0.9783
823,SVM,0.8507,0.8565,0.6154,0.4706,0.98
824,SVM,0.8955,0.9394,0.8108,0.75,0.9574
825,SVM,0.7761,0.9024,0.6341,0.5,0.9512
826,SVM,0.8806,0.9273,0.8095,0.7083,0.9767
827,SVM,0.9254,0.9424,0.8485,0.8235,0.96
828,SVM,0.8657,0.876,0.64,0.5714,0.9434
829,SVM,0.9403,0.9387,0.8667,0.8125,0.9804
830,SVM,0.8657,0.8941,0.7429,0.7647,0.9
831,SVM,0.791,0.8735,0.6111,0.4783,0.9545
832,SVM,0.8358,0.9775,0.7843,0.6667,0.973
833,SVM,0.806,0.8856,0.6667,0.5,1.0
834,SVM,0.9254,0.975,0.898,0.8148,1.0
835,SVM,0.9104,0.9638,0.8421,0.7619,0.9783
836,SVM,0.8657,0.9625,0.8302,0.7857,0.9231
837,SVM,0.8955,0.92,0.8372,0.7826,0.9545
838,SVM,0.9254,0.9486,0.8889,0.8696,0.9545
839,SVM,0.8657,0.9512,0.8,0.6923,0.9756
840,SVM,0.8358,0.8518,0.6452,0.5882,0.92
841,SVM,0.8358,0.9417,0.7556,0.7391,0.8864
842,SVM,0.8955,0.9572,0.8,0.7368,0.9583
843,SVM,0.8657,0.9,0.7097,0.6471,0.94
844,SVM,0.8358,0.8903,0.7179,0.6087,0.9545
845,SVM,0.9104,0.9353,0.8125,0.7647,0.96
846,SVM,0.8955,0.9583,0.7742,0.75,0.9412
847,SVM,0.9104,0.9714,0.8696,0.8,0.9762
848,SVM,0.8806,0.9647,0.75,0.7059,0.94
849,SVM,0.8358,0.9083,0.7556,0.6296,0.975
850,SVM,0.8507,0.8909,0.6667,0.625,0.9216
851,SVM,0.8806,0.8914,0.7647,0.6842,0.9583
852,SVM,0.9701,0.9877,0.9375,0.9375,0.9804
853,SVM,0.8507,0.9389,0.7727,0.6296,1.0
854,SVM,0.8507,0.9359,0.7826,0.6429,1.0
855,SVM,0.7612,0.8828,0.6522,0.625,0.8372
856,SVM,0.8955,0.8745,0.8205,0.6957,1.0
857,SVM,0.8806,0.9229,0.75,0.6667,0.9592
858,SVM,0.806,0.7971,0.5806,0.5,0.9184
859,SVM,0.9254,0.9691,0.8718,0.85,0.9574
860,SVM,0.8806,0.9354,0.7895,0.6818,0.9778
861,SVM,0.8358,0.8923,0.7179,0.6667,0.913
862,SVM,0.8209,0.8828,0.7391,0.6071,0.9744
863,SVM,0.8358,0.8979,0.6667,0.55,0.9574
864,SVM,0.8358,0.9219,0.7317,0.6522,0.9318
865,SVM,0.9552,0.9841,0.9189,0.9444,0.9592
866,SVM,0.8358,0.7703,0.7027,0.5417,1.0
867,SVM,0.9104,0.961,0.88,0.88,0.9286
868,SVM,0.8358,0.9415,0.6667,0.55,0.9574
869,SVM,0.8358,0.9048,0.7925,0.75,0.8974
870,SVM,0.9254,0.8596,0.8485,0.7368,1.0
871,SVM,0.8507,0.9242,0.75,0.6818,0.9333
872,SVM,0.8358,0.8827,0.7317,0.5769,1.0
873,SVM,0.8209,0.9099,0.7273,0.6154,0.9512
874,SVM,0.9254,0.9825,0.8649,0.8421,0.9583
875,SVM,0.8209,0.9522,0.75,0.6923,0.9024
876,SVM,0.8209,0.8666,0.6667,0.5217,0.9773
877,SVM,0.8507,0.9719,0.7826,0.6923,0.9512
878,SVM,0.8209,0.8333,0.7,0.5833,0.9535
879,SVM,0.791,0.8794,0.5882,0.5263,0.8958
880,SVM,0.8955,0.9167,0.7879,0.6842,0.9792
881,SVM,0.7612,0.7743,0.6,0.48,0.9286
882,SVM,0.8507,0.8946,0.7059,0.6667,0.9184
883,SVM,0.8358,0.8685,0.6857,0.5714,0.9565
884,SVM,0.8358,0.919,0.7556,0.68,0.9286
885,SVM,0.9254,0.9561,0.8571,0.7895,0.9792
886,SVM,0.8806,0.8707,0.7778,0.6364,1.0
887,SVM,0.8955,0.9224,0.8108,0.7143,0.9783
888,SVM,0.806,0.8883,0.7234,0.6071,0.9487
889,SVM,0.8657,0.9277,0.8163,0.7143,0.9744
890,SVM,0.791,0.8482,0.4615,0.3529,0.94
891,SVM,0.9104,0.9404,0.8333,0.75,0.9787
892,SVM,0.8507,0.9293,0.7727,0.7083,0.9302
893,SVM,0.8507,0.9407,0.7222,0.5652,1.0
894,SVM,0.7463,0.8598,0.6909,0.5938,0.8857
895,SVM,0.9104,0.9265,0.8235,0.7368,0.9792
896,SVM,0.8507,0.936,0.7727,0.7083,0.9302
897,SVM,0.8358,0.9317,0.7027,0.619,0.9348
898,SVM,0.8657,0.8788,0.7568,0.6364,0.9778
899,SVM,0.8806,0.9576,0.7778,0.6364,1.0
900,SVM,0.8209,0.9113,0.7692,0.6452,0.9722
901,SVM,0.8955,0.9427,0.8205,0.6957,1.0
902,SVM,0.8209,0.8681,0.6471,0.55,0.9362
903,SVM,0.791,0.8606,0.6316,0.6,0.8723
904,SVM,0.8507,0.9312,0.7826,0.75,0.907
905,SVM,0.8209,0.8934,0.6,0.5,0.9388
906,SVM,0.806,0.89,0.5517,0.4444,0.9388
907,SVM,0.8507,0.9255,0.7368,0.6667,0.9348
908,SVM,0.8806,0.938,0.8261,0.7917,0.9302
909,SVM,0.8657,0.9255,0.7273,0.6,0.9787
910,SVM,0.806,0.9328,0.7234,0.5862,0.9737
911,SVM,0.8806,0.8737,0.7895,0.6818,0.9778
912,SVM,0.8507,0.9172,0.7222,0.619,0.9565
913,SVM,0.8806,0.9193,0.8261,0.7308,0.9756
914,SVM,0.8358,0.9343,0.6857,0.5455,0.9778
915,SVM,0.9104,0.9693,0.8235,0.7368,0.9792
916,SVM,0.9104,0.9388,0.8235,0.7778,0.9592
917,SVM,0.7612,0.8864,0.6923,0.6429,0.8462
918,SVM,0.8955,0.9379,0.8108,0.7143,0.9783
919,SVM,0.806,0.9128,0.6977,0.5769,0.9512
920,SVM,0.8209,0.9574,0.76,0.6552,0.9474
921,SVM,0.8657,0.9354,0.7568,0.6364,0.9778
922,SVM,0.7164,0.8665,0.5957,0.4516,0.9444
923,SVM,0.8507,0.9212,0.7368,0.6364,0.9556
924,SVM,0.8507,0.9151,0.7222,0.619,0.9565
925,SVM,0.8955,0.8934,0.7586,0.6875,0.9608
926,SVM,0.8209,0.8991,0.7273,0.5926,0.975
927,SVM,0.8358,0.9112,0.6207,0.4737,0.9792
928,SVM,0.8806,0.9301,0.75,0.75,0.9216
929,SVM,0.8358,0.8954,0.6857,0.5714,0.9565
930,SVM,0.8806,0.9131,0.7895,0.6818,0.9778
931,SVM,0.9104,0.98,0.8,0.7059,0.98
932,SVM,0.8806,0.9234,0.8,0.7619,0.9348
933,SVM,0.8657,0.9569,0.7273,0.6667,0.9388
934,SVM,0.8209,0.9432,0.7391,0.6071,0.9744
935,SVM,0.8358,0.9244,0.7556,0.7083,0.907
936,SVM,0.8358,0.9426,0.7755,0.7037,0.925
937,SVM,0.8806,0.9014,0.75,0.6667,0.9592
938,SVM,0.8806,0.8923,0.8,0.6957,0.9773
939,SVM,0.8507,0.941,0.7826,0.72,0.9286
940,SVM,0.9254,0.9893,0.898,0.9167,0.9302
941,SVM,0.8806,0.8471,0.75,0.7059,0.94
942,SVM,0.8209,0.8686,0.6842,0.5652,0.9545
943,SVM,0.8806,0.9636,0.7895,0.6818,0.9778
944,SVM,0.791,0.8794,0.5882,0.4348,0.9773
945,SVM,0.806,0.8574,0.6286,0.55,0.9149
946,SVM,0.8358,0.902,0.6857,0.5455,0.9778
947,SVM,0.8806,0.9381,0.8182,0.72,0.9762
948,SVM,0.9104,0.9626,0.85,0.7727,0.9778
949,SVM,0.8507,0.8838,0.6667,0.5263,0.9792
950,SVM,0.9403,0.972,0.9091,0.9524,0.9348
951,SVM,0.8955,0.9363,0.7742,0.75,0.9412
952,SVM,0.8955,0.9615,0.8,0.7778,0.9388
953,SVM,0.8358,0.8594,0.6207,0.5,0.9592
954,SVM,0.7761,0.8943,0.6154,0.48,0.9524
955,SVM,0.8507,0.8706,0.7059,0.7059,0.9
956,SVM,0.8806,0.9249,0.8,0.6957,0.9773
957,SVM,0.9403,0.9767,0.9091,0.8333,1.0
958,SVM,0.8358,0.8495,0.7027,0.5909,0.9556
959,SVM,0.7761,0.8217,0.5946,0.4583,0.9535
960,SVM,0.8806,0.8848,0.7895,0.6818,0.9778
961,SVM,0.8358,0.9105,0.7442,0.64,0.9524
962,SVM,0.8657,0.9165,0.6897,0.5882,0.96
963,SVM,0.8806,0.8691,0.7778,0.7,0.9574
964,SVM,0.791,0.8739,0.72,0.6,0.9459
965,SVM,0.8657,0.9306,0.8163,0.7692,0.9268
966,SVM,0.9104,0.9535,0.85,0.7727,0.9778
967,SVM,0.8507,0.9337,0.7222,0.619,0.9565
968,SVM,0.8955,0.9653,0.8511,0.7692,0.9756
969,SVM,0.7761,0.8547,0.6154,0.5217,0.9091
970,SVM,0.8806,0.942,0.8182,0.8571,0.8913
971,SVM,0.8806,0.8962,0.6923,0.6429,0.9434
972,SVM,0.9254,0.9792,0.8148,0.6875,1.0
973,SVM,0.8358,0.9259,0.766,0.6923,0.9268
974,SVM,0.8806,0.9617,0.8095,0.8095,0.913
975,SVM,0.8806,0.9444,0.84,0.7778,0.95
976,SVM,0.9104,0.9386,0.8421,0.8421,0.9375
977,SVM,0.806,0.8857,0.7111,0.6667,0.8837
978,SVM,0.8358,0.9222,0.7755,0.6786,0.9487
979,SVM,0.7761,0.8718,0.6939,0.6071,0.8974
980,SVM,0.7463,0.894,0.5405,0.3846,0.9756
981,SVM,0.8209,0.9131,0.8,0.7742,0.8611
982,SVM,0.8358,0.8696,0.7442,0.6154,0.9756
983,SVM,0.8955,0.9046,0.7407,0.7692,0.9259
984,SVM,0.8209,0.9293,0.7273,0.6667,0.907
985,SVM,0.8657,0.9727,0.7429,0.5909,1.0
986,SVM,0.8806,0.9343,0.8095,0.68,1.0
987,SVM,0.8806,0.875,0.75,0.6316,0.9792
988,SVM,0.8507,0.9276,0.7222,0.6842,0.9167
989,SVM,0.8358,0.9337,0.8,0.7097,0.9444
990,SVM,0.8507,0.9365,0.6875,0.6471,0.92
991,SVM,0.8806,0.9071,0.7333,0.6471,0.96
992,SVM,0.7761,0.9012,0.6667,0.625,0.8605
993,SVM,0.806,0.8629,0.5806,0.4737,0.9375
994,SVM,0.8209,0.9438,0.7143,0.6,0.9524
995,SVM,0.8657,0.9418,0.8085,0.7308,0.9512
996,SVM,0.8806,0.9388,0.75,0.6667,0.9592
997,SVM,0.7612,0.909,0.6667,0.5333,0.9459
998,SVM,0.9254,0.955,0.8571,0.7895,0.9792
999,SVM,0.806,0.881,0.6977,0.6,0.9286
1000,SVM,0.8955,0.9483,0.8679,0.7931,0.9737
