# vtk DataFile Version 5.1
vtk output
ASCII
DATASET POLYDATA
POINTS 1002 float
-0.376241 -0.0393195 -0.0435519 0.351543 0.0161058 -0.132592 -0.400075 -0.000644494 0.108551 
0.412855 -0.0289163 0.144331 0.0763574 0.102739 -0.0360557 0.0321062 0.119102 0.117514 
0.026603 -0.352925 -0.0936666 0.00895127 -0.336738 0.0947802 0.57691 0.426105 -0.0226889 
-0.621315 0.428886 -0.0751068 0.609707 -0.191748 -0.00456254 -0.647456 -0.125879 0.000496752 
-0.304077 -0.0634066 -0.0380712 -0.222285 -0.0823284 -0.0457026 -0.135824 -0.0928573 -0.0683205 
-0.0475666 -0.0943271 -0.100416 0.0405711 -0.0873814 -0.130581 0.124229 -0.0724797 -0.150065 
0.198208 -0.051239 -0.157279 0.260213 -0.027318 -0.15438 0.310767 -0.00430864 -0.144696 
-0.357887 -0.0238343 -0.0370624 -0.333006 -0.00853074 -0.0305216 -0.299673 0.00591072 -0.0261323 
-0.256724 0.0186704 -0.0248162 -0.204323 0.0284841 -0.0245184 -0.143998 0.0348707 -0.0230189 
-0.0798761 0.0411265 -0.0215657 -0.0187115 0.0533449 -0.0231526 0.0338531 0.0746639 -0.0285993 
-0.347895 -0.0716323 -0.043996 -0.312891 -0.105987 -0.0479209 -0.272405 -0.141445 -0.0570298 
-0.229153 -0.177777 -0.0706373 -0.185979 -0.215214 -0.0853597 -0.143414 -0.252585 -0.0970475 
-0.10005 -0.286681 -0.102968 -0.0558296 -0.314691 -0.102912 -0.0129164 -0.336294 -0.0989351 
-0.431469 -0.00107802 -0.0544473 -0.480776 0.0433487 -0.0733215 -0.519869 0.0925016 -0.0985307 
-0.548772 0.145186 -0.124925 -0.569943 0.200434 -0.143286 -0.585338 0.257685 -0.146866 
-0.597009 0.315549 -0.137685 -0.607203 0.368549 -0.121485 -0.616011 0.408138 -0.100562 
-0.426605 -0.0329823 -0.0562651 -0.4752 -0.0281646 -0.0733737 -0.51989 -0.0285903 -0.0932032 
-0.560195 -0.0366105 -0.111644 -0.596644 -0.0507867 -0.120688 -0.627665 -0.0668099 -0.113624 
-0.648865 -0.0815927 -0.0919605 -0.657476 -0.0955663 -0.0626373 -0.655527 -0.110371 -0.0309555 
0.336188 0.0474281 -0.129907 0.31905 0.0792376 -0.134108 0.299903 0.10785 -0.14703 
0.276927 0.129813 -0.163461 0.248544 0.143556 -0.171017 0.216175 0.148789 -0.160015 
0.182857 0.145085 -0.132343 0.149459 0.133178 -0.0975854 0.114411 0.117071 -0.0641327 
0.341146 -0.0258901 -0.147743 0.326259 -0.0675607 -0.165207 0.306206 -0.109656 -0.175787 
0.279257 -0.153071 -0.171718 0.243798 -0.196709 -0.156228 0.201231 -0.238426 -0.140518 
0.155646 -0.276417 -0.129783 0.110481 -0.308848 -0.120222 0.0672573 -0.334329 -0.108044 
0.378426 0.0577697 -0.119535 0.404341 0.106904 -0.112589 0.431791 0.160574 -0.112168 
0.461648 0.214611 -0.11453 0.490162 0.266904 -0.115425 0.513961 0.317268 -0.111713 
0.535014 0.363104 -0.10024 0.555034 0.398601 -0.0795158 0.570448 0.41949 -0.0520221 
0.383942 0.00718759 -0.128228 0.417339 -0.00552546 -0.123873 0.450926 -0.0216853 -0.119899 
0.485415 -0.0423065 -0.115983 0.520302 -0.0687223 -0.10927 0.551043 -0.0986781 -0.0960465 
0.573594 -0.127138 -0.0759778 0.589375 -0.151707 -0.0521444 0.601465 -0.173151 -0.0277087 
-0.338205 -0.0236287 0.117484 -0.265504 -0.0473698 0.125932 -0.180895 -0.0694771 0.131735 
-0.0848759 -0.0863872 0.133439 0.0176108 -0.0943739 0.133467 0.118121 -0.0919599 0.135997 
0.209632 -0.0810054 0.14116 0.289194 -0.0649482 0.145292 0.35663 -0.0468484 0.146115 
-0.38379 0.0196506 0.103216 -0.362446 0.0397162 0.0990809 -0.334829 0.0587012 0.0970193 
-0.300002 0.0756597 0.0962728 -0.257344 0.088281 0.0952452 -0.206808 0.094164 0.0952882 
-0.149577 0.0952593 0.100009 -0.0882128 0.0976006 0.108844 -0.0263038 0.105521 0.116203 
-0.376403 -0.0359419 0.120226 -0.347196 -0.0741773 0.131986 -0.312501 -0.114775 0.141189 
-0.272285 -0.156847 0.145596 -0.227104 -0.198704 0.144608 -0.178718 -0.237427 0.138788 
-0.129296 -0.270431 0.129271 -0.0805186 -0.297348 0.117829 -0.0339036 -0.319214 0.106108 
-0.448171 0.0366257 0.0954918 -0.494216 0.0798713 0.080412 -0.535349 0.129693 0.0629259 
-0.571364 0.185482 0.0449939 -0.604155 0.24444 0.030201 -0.632612 0.302735 0.0176666 
-0.650324 0.356068 0.000900992 -0.652029 0.398385 -0.0235884 -0.639941 0.423418 -0.0513624 
-0.444855 -0.000316312 0.10634 -0.490562 -0.00249188 0.103531 -0.535216 -0.00848692 0.0998547 
-0.577101 -0.0198588 0.0954959 -0.614814 -0.0374721 0.090408 -0.645068 -0.0597845 0.0824952 
-0.663033 -0.082621 0.0682178 -0.667049 -0.101836 0.0468368 -0.660343 -0.115931 0.0224329 
0.396139 -0.00306076 0.143953 0.374099 0.0237179 0.143936 0.346825 0.0500645 0.144516 
0.314871 0.0737003 0.145692 0.278335 0.0923302 0.147134 0.236861 0.104787 0.147035 
0.190394 0.111116 0.142893 0.139456 0.11299 0.134733 0.0856544 0.114245 0.125427 
0.392206 -0.0658734 0.145775 0.364706 -0.104399 0.146007 0.330745 -0.14346 0.144098 
0.29081 -0.181604 0.139037 0.245416 -0.217105 0.131252 0.196491 -0.249093 0.122642 
0.147035 -0.27743 0.114525 0.098903 -0.301564 0.106981 0.0526475 -0.321085 0.100178 
0.454546 0.00686819 0.140378 0.493577 0.0480862 0.132841 0.527429 0.0938154 0.120353 
0.553714 0.143831 0.103925 0.571994 0.199095 0.0869276 0.584945 0.259235 0.0708817 
0.594783 0.31905 0.0533283 0.599008 0.36992 0.0315228 0.593219 0.405733 0.00552626 
0.453866 -0.0351561 0.142764 0.495567 -0.0446217 0.140335 0.536772 -0.0570524 0.135272 
0.575618 -0.0723314 0.125489 0.609387 -0.0926894 0.110798 0.634457 -0.119673 0.0922859 
0.646865 -0.148517 0.0702762 0.644737 -0.171255 0.0453597 0.630529 -0.184776 0.0196749 
0.074674 0.113903 -0.0243185 0.0712961 0.1245 -0.0102404 0.0659732 0.133903 0.0060999 
0.0593704 0.141854 0.0237169 0.052902 0.148231 0.0415225 0.0474269 0.15196 0.0596555 
0.0426798 0.15102 0.0783713 0.0383282 0.144344 0.0958964 0.0346729 0.132977 0.109385 
0.135866 0.148458 -0.0621227 0.190556 0.203882 -0.0888271 0.243835 0.257051 -0.107033 
0.296421 0.305318 -0.113571 0.344926 0.353907 -0.112369 0.390199 0.400366 -0.105452 
0.438552 0.433458 -0.0902989 0.490735 0.447043 -0.0675227 0.539187 0.443236 -0.0431028 
0.00222447 0.0817231 -0.0100605 -0.0937817 0.0890758 0.00465903 -0.202111 0.128622 0.00719174 
-0.305452 0.183524 0.00376458 -0.391688 0.234254 -0.00230005 -0.459847 0.282171 -0.016448 
-0.513287 0.336516 -0.0403663 -0.555455 0.389161 -0.0636934 -0.590523 0.422284 -0.0755918 
0.120374 0.140592 0.117595 0.202357 0.180774 0.11132 0.271167 0.229698 0.0970852 
0.329879 0.276338 0.0774447 0.384866 0.319142 0.0583217 0.436166 0.361697 0.0435976 
0.481239 0.400476 0.0309553 0.520489 0.42627 0.0155497 0.553409 0.434177 -0.00350322 
-0.0602317 0.128237 0.11273 -0.156251 0.163349 0.110224 -0.243102 0.217823 0.108389 
-0.317197 0.272044 0.102941 -0.3867 0.31214 0.0896823 -0.456881 0.3442 0.0658977 
-0.520842 0.379409 0.0314347 -0.569568 0.413608 -0.00872731 -0.601697 0.432582 -0.0461538 
0.0251705 -0.371511 -0.0800999 0.0229836 -0.389153 -0.0638365 0.0201318 -0.404256 -0.0434678 
0.0166554 -0.41445 -0.0179203 0.0127296 -0.416854 0.0105445 0.00917185 -0.409819 0.0366551 
0.00712658 -0.394807 0.0569327 0.00693884 -0.37562 0.0720773 0.00787074 -0.355702 0.0843101 
0.0916155 -0.356486 -0.0975917 0.162966 -0.357358 -0.10198 0.238891 -0.355161 -0.105786 
0.31326 -0.346716 -0.105188 0.377826 -0.32808 -0.0961406 0.43128 -0.300213 -0.0789353 
0.48046 -0.269549 -0.0582304 0.529326 -0.241482 -0.0383273 0.574069 -0.216348 -0.020561 
-0.0397521 -0.356741 -0.0806733 -0.113401 -0.353925 -0.0647835 -0.191971 -0.342774 -0.0465613 
-0.272129 -0.322104 -0.0277429 -0.351852 -0.292021 -0.0115313 -0.429501 -0.255909 -0.00122047 
-0.500727 -0.219462 0.00239413 -0.560844 -0.186074 0.00178742 -0.60913 -0.155336 0.000490937 
0.0781521 -0.34148 0.0863792 0.151559 -0.341088 0.0773335 0.228929 -0.335792 0.0675406 
0.309748 -0.328897 0.0586298 0.388635 -0.321438 0.0517975 0.457668 -0.308274 0.0450065 
0.513849 -0.285275 0.0353903 0.558195 -0.255471 0.0227513 0.590396 -0.223781 0.00882856 
-0.0623697 -0.340172 0.0984979 -0.139971 -0.341212 0.104693 -0.220108 -0.338198 0.110812 
-0.301106 -0.326677 0.11244 -0.382273 -0.303665 0.107311 -0.458479 -0.272021 0.0965287 
-0.522425 -0.236461 0.0805717 -0.572749 -0.198994 0.058352 -0.61346 -0.161197 0.0306216 
0.60402 0.394773 -0.0232229 0.622854 0.345739 -0.0232428 0.635374 0.279999 -0.0198472 
0.645326 0.203408 -0.0114893 0.652021 0.124405 -0.00128216 0.653075 0.0470842 0.00505075 
0.650303 -0.0278358 0.00510007 0.644692 -0.0957913 0.00142987 0.632169 -0.150657 -0.00228756 
-0.647796 0.403844 -0.0842168 -0.671493 0.354827 -0.0894072 -0.689112 0.289975 -0.0944541 
-0.701661 0.217984 -0.0993714 -0.715815 0.144217 -0.0982346 -0.731491 0.0743316 -0.0864543 
-0.735994 0.013297 -0.0662419 -0.719665 -0.0389306 -0.0427245 -0.686787 -0.084927 -0.019685 
-0.278665 -0.0479088 -0.0342816 -0.245752 -0.032293 -0.0328838 -0.189438 -0.0653922 -0.0467049 
-0.203774 -0.0175461 -0.0343887 -0.148757 -0.0482066 -0.0504881 -0.0959975 -0.0729589 -0.074014 
-0.152225 -0.00406257 -0.036554 -0.0993348 -0.0309696 -0.05481 -0.0488592 -0.0516129 -0.0798803 
-0.00217409 -0.0694373 -0.107502 -0.0927039 0.00913453 -0.0373292 -0.0422186 -0.0114071 -0.0577409 
0.00504604 -0.0264828 -0.0838974 0.0486492 -0.0398222 -0.111621 0.088413 -0.0551989 -0.13461 
-0.0300756 0.0252538 -0.0387972 0.0176581 0.0142858 -0.0620757 0.0615713 0.00660906 -0.0892915 
0.101904 -0.0017242 -0.115458 0.138344 -0.0147132 -0.13535 0.170239 -0.0322243 -0.148224 
0.0282276 0.0486566 -0.0444354 0.0723589 0.0485404 -0.0718248 0.112926 0.04904 -0.101321 
0.15068 0.0458618 -0.125916 0.185017 0.0354495 -0.140167 0.214264 0.0175016 -0.145632 
0.238713 -0.00461128 -0.148919 0.0765803 0.0805552 -0.0540223 0.11621 0.0899147 -0.0854807 
0.153181 0.0972196 -0.118224 0.188734 0.0981963 -0.143525 0.222071 0.090632 -0.153819 
0.250605 0.0740014 -0.150512 0.273677 0.0501892 -0.143424 0.293194 0.0229522 -0.141035 
-0.414522 0.0166663 -0.0450128 -0.464953 0.0639462 -0.0600055 -0.390059 0.0330414 -0.033777 
-0.504786 0.116237 -0.0806224 -0.441079 0.0811709 -0.042691 -0.355694 0.0474711 -0.024365 
-0.533901 0.172146 -0.10215 -0.481685 0.133617 -0.0566414 -0.406358 0.0946885 -0.0269619 
-0.310546 0.0591497 -0.0192112 -0.554286 0.231036 -0.116642 -0.511243 0.189243 -0.0719933 
-0.447167 0.144949 -0.0339007 -0.360081 0.104376 -0.0170887 -0.255021 0.0657032 -0.0164079 
-0.56805 0.291811 -0.119514 -0.531187 0.247606 -0.0824593 -0.476854 0.197266 -0.0423166 
-0.400467 0.151773 -0.0182327 -0.302616 0.107595 -0.0114161 -0.190394 0.065763 -0.0128467 
-0.577842 0.349605 -0.112404 -0.543789 0.305519 -0.0845511 -0.496555 0.250135 -0.047561 
-0.430002 0.199559 -0.0201267 -0.342211 0.152101 -0.00873104 -0.235224 0.102436 -0.00584411 
-0.121172 0.063856 -0.00898593 -0.585516 0.395461 -0.0975684 -0.551501 0.355293 -0.0782479 
-0.508191 0.298643 -0.0471798 -0.449454 0.24442 -0.0199219 -0.371939 0.195828 -0.0061704 
-0.274332 0.143278 -0.000887972 -0.163008 0.0935206 0.000310371 -0.0549882 0.0678912 -0.0076391 
-0.564798 0.41355 -0.0421753 -0.522837 0.385299 -0.00230374 -0.520336 0.369896 -0.0280322 
-0.462367 0.351974 0.0358398 -0.466599 0.341652 0.00794757 -0.466779 0.316492 -0.00923488 
-0.390805 0.324303 0.0652764 -0.397047 0.317432 0.0372267 -0.402952 0.296202 0.0159394 
-0.402119 0.267394 0.00399117 -0.319004 0.292733 0.0850388 -0.322111 0.293313 0.0587685 
-0.327489 0.27542 0.0346546 -0.329205 0.248034 0.018975 -0.321659 0.216921 0.00985963 
-0.245499 0.243323 0.0969142 -0.245537 0.252753 0.0750167 -0.245983 0.241858 0.0507971 
-0.244674 0.217362 0.0327462 -0.236752 0.188263 0.0216583 -0.221435 0.158164 0.0138762 
-0.159708 0.185672 0.10281 -0.159098 0.19851 0.0861035 -0.155982 0.195371 0.0646705 
-0.150636 0.178242 0.0461083 -0.141063 0.155273 0.033146 -0.126622 0.13188 0.0231476 
-0.109878 0.109427 0.0137571 -0.0617574 0.144737 0.105965 -0.0603299 0.15644 0.0922079 
-0.0562875 0.158684 0.0736728 -0.0500908 0.150808 0.0553817 -0.0413326 0.1373 0.040136 
-0.029922 0.122767 0.0267544 -0.0175522 0.108503 0.0137323 -0.00649111 0.0945967 0.00126526 
0.139112 0.161798 -0.0479535 0.14129 0.173 -0.0297968 0.198472 0.219581 -0.0704151 
0.141595 0.181494 -0.00757269 0.205147 0.232599 -0.0465876 0.254643 0.274085 -0.082391 
0.140285 0.186185 0.0169458 0.209305 0.241962 -0.0176253 0.26287 0.288323 -0.0522794 
0.307157 0.322756 -0.0825183 0.138492 0.185638 0.0410409 0.211646 0.244033 0.0134139 
0.268213 0.297008 -0.018241 0.315357 0.335029 -0.0475318 0.355427 0.369428 -0.0759214 
0.136366 0.179599 0.0635966 0.213396 0.235973 0.0424769 0.272471 0.294179 0.0157835 
0.322289 0.337887 -0.0116558 0.366267 0.374829 -0.0375595 0.40431 0.410232 -0.0642346 
0.132764 0.169298 0.0847289 0.213504 0.220136 0.0682687 0.275988 0.278345 0.046317 
0.328523 0.326948 0.0217888 0.376869 0.367649 -0.00130264 0.419849 0.406402 -0.0231616 
0.457651 0.436289 -0.0459449 0.12716 0.15602 0.103385 0.20987 0.201053 0.091427 
0.276201 0.255067 0.0731518 0.331945 0.30433 0.0513101 0.384054 0.347746 0.0307461 
0.431851 0.389496 0.0133181 0.473787 0.424748 -0.00407903 0.51021 0.44379 -0.0237226 
0.170217 0.170871 -0.0963328 0.223444 0.22696 -0.124078 0.203025 0.188691 -0.13317 
0.278266 0.277923 -0.139811 0.257334 0.241259 -0.158919 0.236569 0.196764 -0.166066 
0.332117 0.328226 -0.144903 0.314174 0.290642 -0.170659 0.292346 0.244178 -0.184382 
0.270275 0.194078 -0.183505 0.38082 0.37909 -0.142586 0.368316 0.341006 -0.171607 
0.348842 0.290252 -0.186532 0.324392 0.235699 -0.187205 0.300282 0.182252 -0.177492 
0.428305 0.418342 -0.130149 0.417749 0.383994 -0.161886 0.401844 0.332669 -0.176824 
0.377368 0.274309 -0.175616 0.349549 0.217126 -0.166094 0.324221 0.161832 -0.155115 
0.479294 0.436099 -0.106336 0.466418 0.406977 -0.139359 0.450931 0.360232 -0.156803 
0.428056 0.303597 -0.156792 0.398374 0.245596 -0.147508 0.369256 0.188656 -0.138092 
0.343994 0.132426 -0.133094 0.529291 0.434574 -0.0776389 0.51398 0.409688 -0.108901 
0.49614 0.36872 -0.129109 0.474617 0.31736 -0.134842 0.446681 0.26254 -0.13049 
0.415602 0.206901 -0.123583 0.387329 0.150612 -0.119529 0.362082 0.0961119 -0.12146 
0.592954 0.380823 -0.0490354 0.606198 0.323739 -0.0441225 0.57217 0.351608 -0.0707971 
0.615586 0.250207 -0.0361938 0.582871 0.287533 -0.0609423 0.549351 0.30953 -0.0867406 
0.624747 0.168564 -0.0259557 0.593944 0.209974 -0.0505714 0.561772 0.241967 -0.0756223 
0.527852 0.260537 -0.098037 0.63006 0.0879855 -0.0179204 0.604539 0.128183 -0.0411574 
0.575221 0.164568 -0.0664285 0.541516 0.192163 -0.0897371 0.50318 0.208557 -0.105367 
0.629787 0.0105288 -0.0164848 0.608698 0.0487795 -0.0372711 0.58405 0.0849912 -0.0599542 
0.552479 0.116332 -0.0832031 0.514622 0.139658 -0.100118 0.47316 0.154205 -0.107941 
0.626731 -0.0626952 -0.0205353 0.60732 -0.0275 -0.0410474 0.585252 0.00742453 -0.0608536 
0.556331 0.039761 -0.0803896 0.520648 0.066448 -0.0962797 0.481666 0.0861705 -0.105068 
0.442103 0.0995629 -0.108743 0.61897 -0.125345 -0.0252674 0.602273 -0.0965387 -0.0478876 
0.582153 -0.0653705 -0.0686048 0.555281 -0.033327 -0.0860525 0.521462 -0.00414336 -0.0987556 
0.484989 0.0189884 -0.106422 0.448662 0.0364107 -0.110826 0.412828 0.0493784 -0.114571 
0.620244 0.365671 0.00264555 0.625665 0.319863 0.0274714 0.640917 0.307459 0.00103936 
0.621453 0.261749 0.0509224 0.649685 0.255118 0.0275456 0.657251 0.23559 0.00555329 
0.611408 0.200406 0.0736526 0.64895 0.195948 0.0566257 0.671273 0.182599 0.0365298 
0.66972 0.157381 0.0163582 0.5961 0.143001 0.0961183 0.639345 0.137594 0.0862923 
0.674097 0.126657 0.0711721 0.686584 0.106363 0.0502526 0.675344 0.0777223 0.0269687 
0.572454 0.0912572 0.116178 0.618946 0.0838647 0.111775 0.662015 0.0721661 0.1024 
0.689054 0.053508 0.0843674 0.691059 0.0270546 0.0588773 0.673705 -0.00182301 0.0310355 
0.539109 0.0442882 0.130498 0.586016 0.0356115 0.12859 0.632217 0.0226791 0.122957 
0.669783 0.00409691 0.109254 0.688263 -0.0218447 0.0866041 0.684804 -0.0510086 0.0581138 
0.666993 -0.0764054 0.0285817 0.498388 0.00190314 0.138592 0.543186 -0.00721665 0.136819 
0.58783 -0.0201559 0.132181 0.628667 -0.0375614 0.121343 0.659016 -0.0618413 0.103358 
0.672822 -0.0914343 0.0794401 0.669375 -0.118794 0.0518731 0.653617 -0.138264 0.0237736 
0.173023 0.147796 0.127875 0.222591 0.15366 0.137521 0.250184 0.194097 0.120733 
0.268492 0.152351 0.14333 0.295436 0.199323 0.127727 0.316458 0.240975 0.103797 
0.31117 0.141364 0.144063 0.339572 0.192683 0.130565 0.36252 0.241408 0.108898 
0.378003 0.28398 0.0838731 0.350128 0.121954 0.141856 0.381752 0.17478 0.12992 
0.408108 0.229747 0.111962 0.426659 0.282223 0.0913092 0.435908 0.327219 0.0686665 
0.38437 0.0966526 0.139524 0.418991 0.14867 0.128032 0.448616 0.206092 0.112671 
0.470143 0.266486 0.0969941 0.48242 0.32316 0.0799315 0.486067 0.368864 0.0580306 
0.413389 0.0677779 0.13842 0.449716 0.117404 0.127172 0.48106 0.172823 0.1123 
0.504501 0.234245 0.0983861 0.519382 0.297902 0.0857921 0.52755 0.355277 0.0693038 
0.528645 0.398721 0.045361 0.436845 0.0372969 0.13887 0.474399 0.083238 0.128879 
0.506632 0.134157 0.114275 0.531169 0.190646 0.0988057 0.547771 0.252675 0.0856033 
0.559225 0.315612 0.0720519 0.566314 0.37056 0.0529649 0.565284 0.410448 0.0269306 
0.0297303 0.0903149 0.12172 -0.0320492 0.0722426 0.111761 0.0878761 0.0794048 0.129481 
-0.0955614 0.0610346 0.102154 0.0281531 0.0508878 0.118042 0.14389 0.0700683 0.136742 
-0.155851 0.0526796 0.0986543 -0.0357693 0.02966 0.108165 0.0876746 0.0330845 0.124865 
0.194607 0.0596316 0.140833 -0.208859 0.0421263 0.100355 -0.0977468 0.0134347 0.105271 
0.0253544 0.00330119 0.115428 0.142121 0.0175637 0.13016 0.238583 0.0456233 0.142359 
-0.252947 0.028229 0.103499 -0.152652 -0.00107551 0.1082 -0.0366129 -0.0195775 0.113506 
0.0825354 -0.0180671 0.12264 0.189052 0.000983278 0.13462 0.27623 0.0262687 0.1434 
-0.288421 0.0121614 0.107198 -0.198573 -0.0155863 0.11367 -0.0928657 -0.0376906 0.117923 
0.0217527 -0.046111 0.122224 0.132336 -0.0380547 0.129771 0.228656 -0.0193304 0.138978 
0.308464 0.00252452 0.144518 -0.31636 -0.00535002 0.112011 -0.235796 -0.0309916 0.119924 
-0.141055 -0.0537207 0.124973 -0.0350162 -0.0679876 0.127122 0.0735538 -0.069521 0.130043 
0.174422 -0.0593206 0.136202 0.261897 -0.0422277 0.142686 0.335327 -0.0225975 0.145439 
-0.308154 -0.0597883 0.129394 -0.272808 -0.0981823 0.139644 -0.228828 -0.0830336 0.136496 
-0.2323 -0.137935 0.145193 -0.187092 -0.120068 0.142906 -0.137567 -0.102956 0.138958 
-0.186801 -0.178147 0.144955 -0.140564 -0.157696 0.143336 -0.0898267 -0.137298 0.140886 
-0.0363608 -0.116228 0.137526 -0.137539 -0.21684 0.139867 -0.0903884 -0.194706 0.139102 
-0.038904 -0.171565 0.138308 0.0145537 -0.146697 0.13796 0.0676625 -0.119984 0.13718 
-0.0868322 -0.251077 0.131442 -0.039088 -0.228677 0.132394 0.0124943 -0.20379 0.133723 
0.0654486 -0.176242 0.13644 0.117249 -0.145959 0.139267 0.165929 -0.113918 0.140714 
-0.0369852 -0.279444 0.121318 0.0107091 -0.25768 0.124545 0.0615007 -0.23212 0.128303 
0.113517 -0.203146 0.133668 0.164154 -0.170897 0.139614 0.211293 -0.136278 0.143685 
0.253458 -0.100669 0.145152 0.0100716 -0.302551 0.110793 0.0571714 -0.281801 0.11614 
0.106605 -0.256496 0.122039 0.157335 -0.227251 0.129127 0.207046 -0.194515 0.137043 
0.253106 -0.158773 0.143444 0.294028 -0.12138 0.146519 0.328841 -0.0837501 0.146898 
0.126355 -0.322914 0.0937848 0.204399 -0.319311 0.0868011 0.176858 -0.299807 0.102921 
0.286387 -0.311666 0.0795144 0.25943 -0.293117 0.098337 0.229005 -0.271952 0.112738 
0.368966 -0.302257 0.0734855 0.343952 -0.282341 0.093415 0.314468 -0.261721 0.10994 
0.281038 -0.23958 0.122422 0.445331 -0.289576 0.068057 0.424229 -0.267231 0.0883461 
0.397364 -0.24537 0.105436 0.365658 -0.224191 0.119713 0.329367 -0.202564 0.131173 
0.511461 -0.270347 0.0600713 0.496342 -0.247321 0.0814434 0.472405 -0.222495 0.0988123 
0.443528 -0.200753 0.113827 0.409688 -0.181021 0.127333 0.371132 -0.161514 0.137889 
0.566412 -0.245157 0.04825 0.560292 -0.224502 0.0714375 0.540824 -0.197359 0.0903523 
0.513797 -0.172138 0.106258 0.482327 -0.1523 0.121032 0.446018 -0.134987 0.133591 
0.405874 -0.118582 0.141939 0.607086 -0.216443 0.0341218 0.612065 -0.199845 0.0590568 
0.601846 -0.173656 0.0809599 0.579153 -0.144897 0.0992467 0.549047 -0.121453 0.115328 
0.51398 -0.103913 0.128972 0.474892 -0.0889829 0.138383 0.4336 -0.0759854 0.143475 
0.0807695 -0.360137 0.0730568 0.0833938 -0.379268 0.057585 0.158022 -0.358657 0.0607326 
0.0871026 -0.397315 0.0388556 0.164761 -0.376809 0.0419384 0.239974 -0.352982 0.0480159 
0.0919966 -0.410535 0.0147944 0.172498 -0.393805 0.0196563 0.251251 -0.371132 0.0261928 
0.324549 -0.34703 0.0368758 0.0962747 -0.414755 -0.0140483 0.179528 -0.404943 -0.00807275 
0.261515 -0.386781 8.25779e-05 0.336708 -0.364055 0.0116732 0.402172 -0.338153 0.0275428 
0.0979775 -0.40883 -0.0426755 0.182188 -0.405803 -0.0390717 0.266736 -0.394123 -0.0313498 
0.342949 -0.374474 -0.0187276 0.40754 -0.348461 -0.00154766 0.463858 -0.318012 0.0177239 
0.0970499 -0.39508 -0.0662035 0.178881 -0.396082 -0.0669986 0.263475 -0.390034 -0.0633695 
0.340394 -0.374417 -0.0525618 0.403632 -0.349085 -0.0348722 0.45839 -0.317943 -0.0139846 
0.510592 -0.286008 0.00594065 0.0946568 -0.376761 -0.0839402 0.171568 -0.378744 -0.0877433 
0.252836 -0.375886 -0.0889639 0.32938 -0.364319 -0.0831802 0.392732 -0.341443 -0.0682802 
0.445706 -0.310624 -0.0474606 0.496864 -0.278913 -0.0261129 0.547071 -0.250273 -0.00727239 
-0.0676275 -0.361271 0.0888129 -0.149526 -0.364093 0.0954836 -0.071835 -0.382855 0.0767801 
-0.233415 -0.360984 0.100447 -0.156968 -0.385233 0.0820963 -0.0736868 -0.401156 0.0598823 
-0.316372 -0.345938 0.098473 -0.242939 -0.378011 0.0831098 -0.160317 -0.398874 0.0613418 
-0.0723207 -0.411558 0.0358719 -0.395528 -0.316634 0.0882236 -0.324576 -0.35567 0.0756731 
-0.245524 -0.383748 0.0572639 -0.157955 -0.401786 0.0330662 -0.0678157 -0.412022 0.00657811 
-0.465578 -0.277867 0.07233 -0.398071 -0.318647 0.0613428 -0.322534 -0.353506 0.04668 
-0.239299 -0.37913 0.0266583 -0.149834 -0.395883 0.0022586 -0.0610974 -0.404161 -0.0221605 
-0.523111 -0.235738 0.0523147 -0.461432 -0.273804 0.0441264 -0.389501 -0.311407 0.0332487 
-0.310508 -0.344405 0.0179335 -0.225784 -0.369267 -0.00248655 -0.138037 -0.38474 -0.025094 
-0.0534884 -0.390907 -0.045974 -0.569964 -0.193957 0.0280269 -0.515213 -0.228154 0.0246767 
-0.448473 -0.264563 0.0191645 -0.372804 -0.30137 0.00909465 -0.292333 -0.333626 -0.00685553 
-0.208965 -0.357023 -0.0268315 -0.125341 -0.370375 -0.0470084 -0.0461595 -0.374572 -0.0648992 
-0.612791 -0.139937 -0.0274217 -0.609159 -0.125794 -0.0547427 -0.558142 -0.171622 -0.0215278 
-0.594397 -0.112589 -0.0792975 -0.54722 -0.158842 -0.044755 -0.490011 -0.207161 -0.0175999 
-0.568543 -0.0985293 -0.0948828 -0.52581 -0.146839 -0.065344 -0.471161 -0.196181 -0.0383576 
-0.410864 -0.24579 -0.0203806 -0.534953 -0.0841972 -0.0952028 -0.495079 -0.134187 -0.0758322 
-0.443273 -0.184981 -0.0555923 -0.385283 -0.235127 -0.0397356 -0.327238 -0.28202 -0.0312542 
-0.495411 -0.0733775 -0.0826692 -0.457018 -0.122174 -0.0724894 -0.407302 -0.172693 -0.0626268 
-0.352349 -0.222411 -0.0544248 -0.297287 -0.269093 -0.0497713 -0.243844 -0.309985 -0.0479595 
-0.449764 -0.0688525 -0.0664379 -0.412397 -0.113581 -0.0618955 -0.364958 -0.160632 -0.0605876 
-0.313246 -0.207744 -0.0618521 -0.262124 -0.25292 -0.0644761 -0.212102 -0.293824 -0.0667214 
-0.162248 -0.327853 -0.0668999 -0.399475 -0.0694229 -0.0529579 -0.363128 -0.108918 -0.052687 
-0.318876 -0.150305 -0.0572304 -0.271069 -0.1925 -0.0659037 -0.223952 -0.234512 -0.0757596 
-0.177893 -0.274327 -0.0832855 -0.131224 -0.308893 -0.0862022 -0.0844043 -0.336245 -0.0846674 
-0.269585 -0.0947343 -0.0450341 -0.184695 -0.110752 -0.0610633 -0.230687 -0.126959 -0.0577042 
-0.096892 -0.11779 -0.0899507 -0.144836 -0.140043 -0.0814525 -0.189209 -0.15991 -0.0754036 
-0.00683959 -0.116416 -0.121752 -0.055874 -0.144812 -0.111181 -0.103452 -0.171126 -0.102201 
-0.146892 -0.194541 -0.0940698 0.0825584 -0.106898 -0.146446 0.0364369 -0.141174 -0.136713 
-0.0127192 -0.174333 -0.126179 -0.0606761 -0.204502 -0.117771 -0.104249 -0.230699 -0.108743 
0.164695 -0.0896472 -0.160968 0.126103 -0.128371 -0.155529 0.0811567 -0.167443 -0.143626 
0.0318324 -0.204653 -0.133265 -0.0165095 -0.237634 -0.125966 -0.0604831 -0.265103 -0.116602 
0.235167 -0.0678528 -0.16548 0.205374 -0.108684 -0.168606 0.169068 -0.150859 -0.159476 
0.124893 -0.193051 -0.14509 0.0760666 -0.232324 -0.134828 0.0282288 -0.266402 -0.127755 
-0.0157619 -0.293938 -0.117574 0.293656 -0.0458501 -0.160115 0.271825 -0.087287 -0.172595 
0.24429 -0.129905 -0.172709 0.208822 -0.173737 -0.159586 0.165317 -0.21651 -0.143707 
0.117901 -0.255744 -0.133221 0.0713147 -0.289539 -0.125074 0.0276078 -0.316448 -0.113735 
0.136973 -0.333674 -0.111793 0.184004 -0.302939 -0.123691 0.21193 -0.330408 -0.116155 
0.231257 -0.264957 -0.135025 0.260599 -0.294535 -0.128399 0.288394 -0.323437 -0.11944 
0.276058 -0.221838 -0.15006 0.307152 -0.251112 -0.141862 0.335411 -0.281831 -0.131616 
0.359157 -0.30861 -0.117015 0.314159 -0.175741 -0.166584 0.348095 -0.202899 -0.157387 
0.378698 -0.233134 -0.144968 0.402719 -0.261749 -0.12812 0.419326 -0.284126 -0.105605 
0.342574 -0.128877 -0.173183 0.378813 -0.152612 -0.166004 0.413272 -0.1807 -0.155078 
0.441929 -0.210337 -0.138848 0.460896 -0.235847 -0.115479 0.47197 -0.254701 -0.0871824 
0.362172 -0.083093 -0.163555 0.398375 -0.102715 -0.158759 0.434556 -0.126993 -0.151993 
0.468821 -0.155878 -0.141497 0.495675 -0.185 -0.122858 0.511944 -0.208498 -0.0960882 
0.521518 -0.226148 -0.0664348 0.375473 -0.0381219 -0.14495 0.410203 -0.05404 -0.140708 
0.445201 -0.0738826 -0.136306 0.481028 -0.0991376 -0.131142 0.514573 -0.128949 -0.120393 
0.539797 -0.157657 -0.100434 0.555537 -0.180801 -0.0739941 0.566096 -0.199574 -0.0463536 
-0.640068 0.372848 -0.110082 -0.628906 0.325326 -0.133922 -0.662844 0.315028 -0.116543 
-0.616831 0.269713 -0.155217 -0.652011 0.264393 -0.144855 -0.683175 0.246172 -0.124343 
-0.602788 0.213389 -0.167193 -0.640169 0.211081 -0.170262 -0.676959 0.197177 -0.156058 
-0.703032 0.174374 -0.130546 -0.583994 0.158541 -0.160317 -0.623452 0.158695 -0.18015 
-0.666342 0.147741 -0.17975 -0.702007 0.128627 -0.160256 -0.723085 0.103027 -0.126522 
-0.558938 0.105569 -0.135174 -0.599016 0.107776 -0.165634 -0.644129 0.0991622 -0.181167 
-0.687791 0.0827116 -0.175769 -0.718985 0.0610175 -0.149239 -0.734029 0.0369332 -0.109356 
-0.525476 0.0554339 -0.103333 -0.567207 0.0594906 -0.134023 -0.610488 0.0532672 -0.158414 
-0.655209 0.0387398 -0.167855 -0.693441 0.0197555 -0.155709 -0.716975 -0.000351878 -0.124511 
-0.724451 -0.0199346 -0.0840647 -0.480933 0.0088677 -0.0754955 -0.526543 0.0142141 -0.100164 
-0.569215 0.0111468 -0.124621 -0.610734 -0.000720167 -0.14207 -0.649355 -0.0178069 -0.143459 
-0.678835 -0.0355715 -0.125301 -0.693901 -0.0520761 -0.0935468 -0.695024 -0.0682401 -0.05662 
-0.668096 0.389768 -0.0590476 -0.689185 0.333675 -0.0646189 -0.677439 0.357472 -0.0321636 
-0.699997 0.263053 -0.0694956 -0.692 0.296704 -0.0390729 -0.669175 0.309845 -0.00889094 
-0.70696 0.185217 -0.0700999 -0.696686 0.222294 -0.042224 -0.677668 0.246161 -0.0148804 
-0.64552 0.252676 0.00991234 -0.719452 0.108064 -0.0610185 -0.702695 0.142616 -0.03665 
-0.681485 0.171407 -0.0133926 -0.652352 0.188394 0.00895257 -0.614694 0.192403 0.0286911 
-0.730964 0.0396031 -0.0423561 -0.714308 0.0684108 -0.0200718 -0.689195 0.0965173 -0.000919654 
-0.658188 0.118655 0.017117 -0.621983 0.13153 0.034753 -0.580705 0.134802 0.0503206 
-0.725108 -0.0186433 -0.0192756 -0.717447 0.0047167 0.00351992 -0.695864 0.0299509 0.0214947 
-0.663959 0.0533271 0.0354707 -0.626685 0.0708408 0.0486312 -0.585893 0.0808151 0.0614316 
-0.541393 0.0834138 0.0721983 -0.698314 -0.0699899 0.00329154 -0.700142 -0.051295 0.0274277 
-0.688009 -0.0288741 0.0470629 -0.661601 -0.00532197 0.0600437 -0.625774 0.0150095 0.0691378 
-0.585329 0.0291286 0.0774255 -0.541619 0.0366779 0.0850276 -0.495271 0.038688 0.0910122 
-0.615751 0.421987 -0.0187365 -0.621046 0.38995 0.00964744 -0.577467 0.397569 0.0201458 
-0.611627 0.341586 0.0296111 -0.57577 0.361449 0.0444717 -0.522596 0.359749 0.0578028 
-0.58765 0.284789 0.0396404 -0.560038 0.311613 0.0562771 -0.515507 0.322623 0.0742243 
-0.454121 0.321159 0.0863736 -0.555016 0.224812 0.048034 -0.531417 0.255007 0.0599114 
-0.495456 0.273686 0.0778749 -0.443344 0.281957 0.0940988 -0.380568 0.281826 0.102739 
-0.518255 0.165144 0.060981 -0.495042 0.19575 0.0657412 -0.463449 0.218628 0.0776377 
-0.420025 0.23259 0.0918367 -0.365372 0.237298 0.1029 -0.30515 0.232463 0.108621 
-0.477407 0.10972 0.0762922 -0.45434 0.137749 0.0763082 -0.424191 0.161686 0.0814912 
-0.385519 0.179049 0.0893662 -0.337575 0.18691 0.0968848 -0.282026 0.18477 0.103757 
-0.221108 0.175558 0.109145 -0.431964 0.0611376 0.0904819 -0.409864 0.0850863 0.0879668 
-0.380944 0.107182 0.0887968 -0.344504 0.125498 0.0913372 -0.300013 0.13635 0.0935707 
-0.247705 0.137654 0.0970915 -0.188775 0.133011 0.103793 -0.125176 0.128606 0.110612 
-0.110723 -0.319107 0.111252 -0.161141 -0.292602 0.12379 -0.191831 -0.315186 0.117499 
-0.212408 -0.259491 0.134274 -0.244653 -0.281493 0.127752 -0.274779 -0.304397 0.120889 
-0.26354 -0.219335 0.140918 -0.298313 -0.239967 0.133968 -0.331088 -0.261101 0.126331 
-0.360196 -0.283517 0.118654 -0.312373 -0.173986 0.142922 -0.351094 -0.192334 0.136511 
-0.387666 -0.211419 0.128402 -0.420378 -0.232554 0.121082 -0.445138 -0.254594 0.111971 
-0.355956 -0.126961 0.139696 -0.398964 -0.141599 0.135394 -0.439766 -0.158641 0.128784 
-0.476333 -0.178778 0.122099 -0.504514 -0.201578 0.114504 -0.519914 -0.222604 0.101142 
-0.392574 -0.081395 0.13112 -0.438483 -0.0913386 0.128937 -0.482545 -0.105166 0.125137 
-0.522371 -0.123908 0.120352 -0.554303 -0.146978 0.114055 -0.573508 -0.170409 0.102373 
-0.578477 -0.188623 0.0826561 -0.422087 -0.0390169 0.119023 -0.468767 -0.0446208 0.117269 
-0.514131 -0.0542998 0.114727 -0.555933 -0.0697632 0.111394 -0.591456 -0.0911752 0.106496 
-0.616083 -0.115363 0.0968424 -0.626307 -0.136946 0.079183 -0.623797 -0.152204 0.0551417 

POLYGONS 2001 6000
OFFSETS vtktypeint64
0 3 6 9 12 15 18 21 24 
27 30 33 36 39 42 45 48 51 
54 57 60 63 66 69 72 75 78 
81 84 87 90 93 96 99 102 105 
108 111 114 117 120 123 126 129 132 
135 138 141 144 147 150 153 156 159 
162 165 168 171 174 177 180 183 186 
189 192 195 198 201 204 207 210 213 
216 219 222 225 228 231 234 237 240 
243 246 249 252 255 258 261 264 267 
270 273 276 279 282 285 288 291 294 
297 300 303 306 309 312 315 318 321 
324 327 330 333 336 339 342 345 348 
351 354 357 360 363 366 369 372 375 
378 381 384 387 390 393 396 399 402 
405 408 411 414 417 420 423 426 429 
432 435 438 441 444 447 450 453 456 
459 462 465 468 471 474 477 480 483 
486 489 492 495 498 501 504 507 510 
513 516 519 522 525 528 531 534 537 
540 543 546 549 552 555 558 561 564 
567 570 573 576 579 582 585 588 591 
594 597 600 603 606 609 612 615 618 
621 624 627 630 633 636 639 642 645 
648 651 654 657 660 663 666 669 672 
675 678 681 684 687 690 693 696 699 
702 705 708 711 714 717 720 723 726 
729 732 735 738 741 744 747 750 753 
756 759 762 765 768 771 774 777 780 
783 786 789 792 795 798 801 804 807 
810 813 816 819 822 825 828 831 834 
837 840 843 846 849 852 855 858 861 
864 867 870 873 876 879 882 885 888 
891 894 897 900 903 906 909 912 915 
918 921 924 927 930 933 936 939 942 
945 948 951 954 957 960 963 966 969 
972 975 978 981 984 987 990 993 996 
999 1002 1005 1008 1011 1014 1017 1020 1023 
1026 1029 1032 1035 1038 1041 1044 1047 1050 
1053 1056 1059 1062 1065 1068 1071 1074 1077 
1080 1083 1086 1089 1092 1095 1098 1101 1104 
1107 1110 1113 1116 1119 1122 1125 1128 1131 
1134 1137 1140 1143 1146 1149 1152 1155 1158 
1161 1164 1167 1170 1173 1176 1179 1182 1185 
1188 1191 1194 1197 1200 1203 1206 1209 1212 
1215 1218 1221 1224 1227 1230 1233 1236 1239 
1242 1245 1248 1251 1254 1257 1260 1263 1266 
1269 1272 1275 1278 1281 1284 1287 1290 1293 
1296 1299 1302 1305 1308 1311 1314 1317 1320 
1323 1326 1329 1332 1335 1338 1341 1344 1347 
1350 1353 1356 1359 1362 1365 1368 1371 1374 
1377 1380 1383 1386 1389 1392 1395 1398 1401 
1404 1407 1410 1413 1416 1419 1422 1425 1428 
1431 1434 1437 1440 1443 1446 1449 1452 1455 
1458 1461 1464 1467 1470 1473 1476 1479 1482 
1485 1488 1491 1494 1497 1500 1503 1506 1509 
1512 1515 1518 1521 1524 1527 1530 1533 1536 
1539 1542 1545 1548 1551 1554 1557 1560 1563 
1566 1569 1572 1575 1578 1581 1584 1587 1590 
1593 1596 1599 1602 1605 1608 1611 1614 1617 
1620 1623 1626 1629 1632 1635 1638 1641 1644 
1647 1650 1653 1656 1659 1662 1665 1668 1671 
1674 1677 1680 1683 1686 1689 1692 1695 1698 
1701 1704 1707 1710 1713 1716 1719 1722 1725 
1728 1731 1734 1737 1740 1743 1746 1749 1752 
1755 1758 1761 1764 1767 1770 1773 1776 1779 
1782 1785 1788 1791 1794 1797 1800 1803 1806 
1809 1812 1815 1818 1821 1824 1827 1830 1833 
1836 1839 1842 1845 1848 1851 1854 1857 1860 
1863 1866 1869 1872 1875 1878 1881 1884 1887 
1890 1893 1896 1899 1902 1905 1908 1911 1914 
1917 1920 1923 1926 1929 1932 1935 1938 1941 
1944 1947 1950 1953 1956 1959 1962 1965 1968 
1971 1974 1977 1980 1983 1986 1989 1992 1995 
1998 2001 2004 2007 2010 2013 2016 2019 2022 
2025 2028 2031 2034 2037 2040 2043 2046 2049 
2052 2055 2058 2061 2064 2067 2070 2073 2076 
2079 2082 2085 2088 2091 2094 2097 2100 2103 
2106 2109 2112 2115 2118 2121 2124 2127 2130 
2133 2136 2139 2142 2145 2148 2151 2154 2157 
2160 2163 2166 2169 2172 2175 2178 2181 2184 
2187 2190 2193 2196 2199 2202 2205 2208 2211 
2214 2217 2220 2223 2226 2229 2232 2235 2238 
2241 2244 2247 2250 2253 2256 2259 2262 2265 
2268 2271 2274 2277 2280 2283 2286 2289 2292 
2295 2298 2301 2304 2307 2310 2313 2316 2319 
2322 2325 2328 2331 2334 2337 2340 2343 2346 
2349 2352 2355 2358 2361 2364 2367 2370 2373 
2376 2379 2382 2385 2388 2391 2394 2397 2400 
2403 2406 2409 2412 2415 2418 2421 2424 2427 
2430 2433 2436 2439 2442 2445 2448 2451 2454 
2457 2460 2463 2466 2469 2472 2475 2478 2481 
2484 2487 2490 2493 2496 2499 2502 2505 2508 
2511 2514 2517 2520 2523 2526 2529 2532 2535 
2538 2541 2544 2547 2550 2553 2556 2559 2562 
2565 2568 2571 2574 2577 2580 2583 2586 2589 
2592 2595 2598 2601 2604 2607 2610 2613 2616 
2619 2622 2625 2628 2631 2634 2637 2640 2643 
2646 2649 2652 2655 2658 2661 2664 2667 2670 
2673 2676 2679 2682 2685 2688 2691 2694 2697 
2700 2703 2706 2709 2712 2715 2718 2721 2724 
2727 2730 2733 2736 2739 2742 2745 2748 2751 
2754 2757 2760 2763 2766 2769 2772 2775 2778 
2781 2784 2787 2790 2793 2796 2799 2802 2805 
2808 2811 2814 2817 2820 2823 2826 2829 2832 
2835 2838 2841 2844 2847 2850 2853 2856 2859 
2862 2865 2868 2871 2874 2877 2880 2883 2886 
2889 2892 2895 2898 2901 2904 2907 2910 2913 
2916 2919 2922 2925 2928 2931 2934 2937 2940 
2943 2946 2949 2952 2955 2958 2961 2964 2967 
2970 2973 2976 2979 2982 2985 2988 2991 2994 
2997 3000 3003 3006 3009 3012 3015 3018 3021 
3024 3027 3030 3033 3036 3039 3042 3045 3048 
3051 3054 3057 3060 3063 3066 3069 3072 3075 
3078 3081 3084 3087 3090 3093 3096 3099 3102 
3105 3108 3111 3114 3117 3120 3123 3126 3129 
3132 3135 3138 3141 3144 3147 3150 3153 3156 
3159 3162 3165 3168 3171 3174 3177 3180 3183 
3186 3189 3192 3195 3198 3201 3204 3207 3210 
3213 3216 3219 3222 3225 3228 3231 3234 3237 
3240 3243 3246 3249 3252 3255 3258 3261 3264 
3267 3270 3273 3276 3279 3282 3285 3288 3291 
3294 3297 3300 3303 3306 3309 3312 3315 3318 
3321 3324 3327 3330 3333 3336 3339 3342 3345 
3348 3351 3354 3357 3360 3363 3366 3369 3372 
3375 3378 3381 3384 3387 3390 3393 3396 3399 
3402 3405 3408 3411 3414 3417 3420 3423 3426 
3429 3432 3435 3438 3441 3444 3447 3450 3453 
3456 3459 3462 3465 3468 3471 3474 3477 3480 
3483 3486 3489 3492 3495 3498 3501 3504 3507 
3510 3513 3516 3519 3522 3525 3528 3531 3534 
3537 3540 3543 3546 3549 3552 3555 3558 3561 
3564 3567 3570 3573 3576 3579 3582 3585 3588 
3591 3594 3597 3600 3603 3606 3609 3612 3615 
3618 3621 3624 3627 3630 3633 3636 3639 3642 
3645 3648 3651 3654 3657 3660 3663 3666 3669 
3672 3675 3678 3681 3684 3687 3690 3693 3696 
3699 3702 3705 3708 3711 3714 3717 3720 3723 
3726 3729 3732 3735 3738 3741 3744 3747 3750 
3753 3756 3759 3762 3765 3768 3771 3774 3777 
3780 3783 3786 3789 3792 3795 3798 3801 3804 
3807 3810 3813 3816 3819 3822 3825 3828 3831 
3834 3837 3840 3843 3846 3849 3852 3855 3858 
3861 3864 3867 3870 3873 3876 3879 3882 3885 
3888 3891 3894 3897 3900 3903 3906 3909 3912 
3915 3918 3921 3924 3927 3930 3933 3936 3939 
3942 3945 3948 3951 3954 3957 3960 3963 3966 
3969 3972 3975 3978 3981 3984 3987 3990 3993 
3996 3999 4002 4005 4008 4011 4014 4017 4020 
4023 4026 4029 4032 4035 4038 4041 4044 4047 
4050 4053 4056 4059 4062 4065 4068 4071 4074 
4077 4080 4083 4086 4089 4092 4095 4098 4101 
4104 4107 4110 4113 4116 4119 4122 4125 4128 
4131 4134 4137 4140 4143 4146 4149 4152 4155 
4158 4161 4164 4167 4170 4173 4176 4179 4182 
4185 4188 4191 4194 4197 4200 4203 4206 4209 
4212 4215 4218 4221 4224 4227 4230 4233 4236 
4239 4242 4245 4248 4251 4254 4257 4260 4263 
4266 4269 4272 4275 4278 4281 4284 4287 4290 
4293 4296 4299 4302 4305 4308 4311 4314 4317 
4320 4323 4326 4329 4332 4335 4338 4341 4344 
4347 4350 4353 4356 4359 4362 4365 4368 4371 
4374 4377 4380 4383 4386 4389 4392 4395 4398 
4401 4404 4407 4410 4413 4416 4419 4422 4425 
4428 4431 4434 4437 4440 4443 4446 4449 4452 
4455 4458 4461 4464 4467 4470 4473 4476 4479 
4482 4485 4488 4491 4494 4497 4500 4503 4506 
4509 4512 4515 4518 4521 4524 4527 4530 4533 
4536 4539 4542 4545 4548 4551 4554 4557 4560 
4563 4566 4569 4572 4575 4578 4581 4584 4587 
4590 4593 4596 4599 4602 4605 4608 4611 4614 
4617 4620 4623 4626 4629 4632 4635 4638 4641 
4644 4647 4650 4653 4656 4659 4662 4665 4668 
4671 4674 4677 4680 4683 4686 4689 4692 4695 
4698 4701 4704 4707 4710 4713 4716 4719 4722 
4725 4728 4731 4734 4737 4740 4743 4746 4749 
4752 4755 4758 4761 4764 4767 4770 4773 4776 
4779 4782 4785 4788 4791 4794 4797 4800 4803 
4806 4809 4812 4815 4818 4821 4824 4827 4830 
4833 4836 4839 4842 4845 4848 4851 4854 4857 
4860 4863 4866 4869 4872 4875 4878 4881 4884 
4887 4890 4893 4896 4899 4902 4905 4908 4911 
4914 4917 4920 4923 4926 4929 4932 4935 4938 
4941 4944 4947 4950 4953 4956 4959 4962 4965 
4968 4971 4974 4977 4980 4983 4986 4989 4992 
4995 4998 5001 5004 5007 5010 5013 5016 5019 
5022 5025 5028 5031 5034 5037 5040 5043 5046 
5049 5052 5055 5058 5061 5064 5067 5070 5073 
5076 5079 5082 5085 5088 5091 5094 5097 5100 
5103 5106 5109 5112 5115 5118 5121 5124 5127 
5130 5133 5136 5139 5142 5145 5148 5151 5154 
5157 5160 5163 5166 5169 5172 5175 5178 5181 
5184 5187 5190 5193 5196 5199 5202 5205 5208 
5211 5214 5217 5220 5223 5226 5229 5232 5235 
5238 5241 5244 5247 5250 5253 5256 5259 5262 
5265 5268 5271 5274 5277 5280 5283 5286 5289 
5292 5295 5298 5301 5304 5307 5310 5313 5316 
5319 5322 5325 5328 5331 5334 5337 5340 5343 
5346 5349 5352 5355 5358 5361 5364 5367 5370 
5373 5376 5379 5382 5385 5388 5391 5394 5397 
5400 5403 5406 5409 5412 5415 5418 5421 5424 
5427 5430 5433 5436 5439 5442 5445 5448 5451 
5454 5457 5460 5463 5466 5469 5472 5475 5478 
5481 5484 5487 5490 5493 5496 5499 5502 5505 
5508 5511 5514 5517 5520 5523 5526 5529 5532 
5535 5538 5541 5544 5547 5550 5553 5556 5559 
5562 5565 5568 5571 5574 5577 5580 5583 5586 
5589 5592 5595 5598 5601 5604 5607 5610 5613 
5616 5619 5622 5625 5628 5631 5634 5637 5640 
5643 5646 5649 5652 5655 5658 5661 5664 5667 
5670 5673 5676 5679 5682 5685 5688 5691 5694 
5697 5700 5703 5706 5709 5712 5715 5718 5721 
5724 5727 5730 5733 5736 5739 5742 5745 5748 
5751 5754 5757 5760 5763 5766 5769 5772 5775 
5778 5781 5784 5787 5790 5793 5796 5799 5802 
5805 5808 5811 5814 5817 5820 5823 5826 5829 
5832 5835 5838 5841 5844 5847 5850 5853 5856 
5859 5862 5865 5868 5871 5874 5877 5880 5883 
5886 5889 5892 5895 5898 5901 5904 5907 5910 
5913 5916 5919 5922 5925 5928 5931 5934 5937 
5940 5943 5946 5949 5952 5955 5958 5961 5964 
5967 5970 5973 5976 5979 5982 5985 5988 5991 
5994 5997 6000 
CONNECTIVITY vtktypeint64
12 0 21 282 21 22 282 12 21 
13 12 282 283 22 23 283 282 22 
284 282 283 284 13 282 14 13 284 
285 23 24 285 283 23 286 283 285 
286 284 283 287 284 286 287 14 284 
15 14 287 288 24 25 288 285 24 
289 285 288 289 286 285 290 286 289 
290 287 286 291 287 290 291 15 287 
16 15 291 292 25 26 292 288 25 
293 288 292 293 289 288 294 289 293 
294 290 289 295 290 294 295 291 290 
296 291 295 296 16 291 17 16 296 
297 26 27 297 292 26 298 292 297 
298 293 292 299 293 298 299 294 293 
300 294 299 300 295 294 301 295 300 
301 296 295 302 296 301 302 17 296 
18 17 302 303 27 28 303 297 27 
304 297 303 304 298 297 305 298 304 
305 299 298 306 299 305 306 300 299 
307 300 306 307 301 300 308 301 307 
308 302 301 309 302 308 309 18 302 
19 18 309 310 28 29 310 303 28 
311 303 310 311 304 303 312 304 311 
312 305 304 313 305 312 313 306 305 
314 306 313 314 307 306 315 307 314 
315 308 307 316 308 315 316 309 308 
317 309 316 317 19 309 20 19 317 
65 29 4 65 310 29 64 310 65 
64 311 310 63 311 64 63 312 311 
62 312 63 62 313 312 61 313 62 
61 314 313 60 314 61 60 315 314 
59 315 60 59 316 315 58 316 59 
58 317 316 57 317 58 57 20 317 
1 20 57 21 0 39 318 39 40 
318 21 39 22 21 318 319 40 41 
319 318 40 320 318 319 320 22 318 
23 22 320 321 41 42 321 319 41 
322 319 321 322 320 319 323 320 322 
323 23 320 24 23 323 324 42 43 
324 321 42 325 321 324 325 322 321 
326 322 325 326 323 322 327 323 326 
327 24 323 25 24 327 328 43 44 
328 324 43 329 324 328 329 325 324 
330 325 329 330 326 325 331 326 330 
331 327 326 332 327 331 332 25 327 
26 25 332 333 44 45 333 328 44 
334 328 333 334 329 328 335 329 334 
335 330 329 336 330 335 336 331 330 
337 331 336 337 332 331 338 332 337 
338 26 332 27 26 338 339 45 46 
339 333 45 340 333 339 340 334 333 
341 334 340 341 335 334 342 335 341 
342 336 335 343 336 342 343 337 336 
344 337 343 344 338 337 345 338 344 
345 27 338 28 27 345 346 46 47 
346 339 46 347 339 346 347 340 339 
348 340 347 348 341 340 349 341 348 
349 342 341 350 342 349 350 343 342 
351 343 350 351 344 343 352 344 351 
352 345 344 353 345 352 353 28 345 
29 28 353 200 47 9 200 346 47 
199 346 200 199 347 346 198 347 199 
198 348 347 197 348 198 197 349 348 
196 349 197 196 350 349 195 350 196 
195 351 350 194 351 195 194 352 351 
193 352 194 193 353 352 192 353 193 
192 29 353 4 29 192 200 9 218 
354 218 217 354 200 218 199 200 354 
355 217 216 355 354 217 356 354 355 
356 199 354 198 199 356 357 216 215 
357 355 216 358 355 357 358 356 355 
359 356 358 359 198 356 197 198 359 
360 215 214 360 357 215 361 357 360 
361 358 357 362 358 361 362 359 358 
363 359 362 363 197 359 196 197 363 
364 214 213 364 360 214 365 360 364 
365 361 360 366 361 365 366 362 361 
367 362 366 367 363 362 368 363 367 
368 196 363 195 196 368 369 213 212 
369 364 213 370 364 369 370 365 364 
371 365 370 371 366 365 372 366 371 
372 367 366 373 367 372 373 368 367 
374 368 373 374 195 368 194 195 374 
375 212 211 375 369 212 376 369 375 
376 370 369 377 370 376 377 371 370 
378 371 377 378 372 371 379 372 378 
379 373 372 380 373 379 380 374 373 
381 374 380 381 194 374 193 194 381 
382 211 210 382 375 211 383 375 382 
383 376 375 384 376 383 384 377 376 
385 377 384 385 378 377 386 378 385 
386 379 378 387 379 386 387 380 379 
388 380 387 388 381 380 389 381 388 
389 193 381 192 193 389 182 210 5 
182 382 210 181 382 182 181 383 382 
180 383 181 180 384 383 179 384 180 
179 385 384 178 385 179 178 386 385 
177 386 178 177 387 386 176 387 177 
176 388 387 175 388 176 175 389 388 
174 389 175 174 192 389 4 192 174 
183 4 174 390 174 175 390 183 174 
184 183 390 391 175 176 391 390 175 
392 390 391 392 184 390 185 184 392 
393 176 177 393 391 176 394 391 393 
394 392 391 395 392 394 395 185 392 
186 185 395 396 177 178 396 393 177 
397 393 396 397 394 393 398 394 397 
398 395 394 399 395 398 399 186 395 
187 186 399 400 178 179 400 396 178 
401 396 400 401 397 396 402 397 401 
402 398 397 403 398 402 403 399 398 
404 399 403 404 187 399 188 187 404 
405 179 180 405 400 179 406 400 405 
406 401 400 407 401 406 407 402 401 
408 402 407 408 403 402 409 403 408 
409 404 403 410 404 409 410 188 404 
189 188 410 411 180 181 411 405 180 
412 405 411 412 406 405 413 406 412 
413 407 406 414 407 413 414 408 407 
415 408 414 415 409 408 416 409 415 
416 410 409 417 410 416 417 189 410 
190 189 417 418 181 182 418 411 181 
419 411 418 419 412 411 420 412 419 
420 413 412 421 413 420 421 414 413 
422 414 421 422 415 414 423 415 422 
423 416 415 424 416 423 424 417 416 
425 417 424 425 190 417 191 190 425 
201 182 5 201 418 182 202 418 201 
202 419 418 203 419 202 203 420 419 
204 420 203 204 421 420 205 421 204 
205 422 421 206 422 205 206 423 422 
207 423 206 207 424 423 208 424 207 
208 425 424 209 425 208 209 191 425 
8 191 209 65 4 183 426 183 184 
426 65 183 64 65 426 427 184 185 
427 426 184 428 426 427 428 64 426 
63 64 428 429 185 186 429 427 185 
430 427 429 430 428 427 431 428 430 
431 63 428 62 63 431 432 186 187 
432 429 186 433 429 432 433 430 429 
434 430 433 434 431 430 435 431 434 
435 62 431 61 62 435 436 187 188 
436 432 187 437 432 436 437 433 432 
438 433 437 438 434 433 439 434 438 
439 435 434 440 435 439 440 61 435 
60 61 440 441 188 189 441 436 188 
442 436 441 442 437 436 443 437 442 
443 438 437 444 438 443 444 439 438 
445 439 444 445 440 439 446 440 445 
446 60 440 59 60 446 447 189 190 
447 441 189 448 441 447 448 442 441 
449 442 448 449 443 442 450 443 449 
450 444 443 451 444 450 451 445 444 
452 445 451 452 446 445 453 446 452 
453 59 446 58 59 453 454 190 191 
454 447 190 455 447 454 455 448 447 
456 448 455 456 449 448 457 449 456 
457 450 449 458 450 457 458 451 450 
459 451 458 459 452 451 460 452 459 
460 453 452 461 453 460 461 58 453 
57 58 461 83 191 8 83 454 191 
82 454 83 82 455 454 81 455 82 
81 456 455 80 456 81 80 457 456 
79 457 80 79 458 457 78 458 79 
78 459 458 77 459 78 77 460 459 
76 460 77 76 461 460 75 461 76 
75 57 461 1 57 75 83 8 264 
462 264 265 462 83 264 82 83 462 
463 265 266 463 462 265 464 462 463 
464 82 462 81 82 464 465 266 267 
465 463 266 466 463 465 466 464 463 
467 464 466 467 81 464 80 81 467 
468 267 268 468 465 267 469 465 468 
469 466 465 470 466 469 470 467 466 
471 467 470 471 80 467 79 80 471 
472 268 269 472 468 268 473 468 472 
473 469 468 474 469 473 474 470 469 
475 470 474 475 471 470 476 471 475 
476 79 471 78 79 476 477 269 270 
477 472 269 478 472 477 478 473 472 
479 473 478 479 474 473 480 474 479 
480 475 474 481 475 480 481 476 475 
482 476 481 482 78 476 77 78 482 
483 270 271 483 477 270 484 477 483 
484 478 477 485 478 484 485 479 478 
486 479 485 486 480 479 487 480 486 
487 481 480 488 481 487 488 482 481 
489 482 488 489 77 482 76 77 489 
490 271 272 490 483 271 491 483 490 
491 484 483 492 484 491 492 485 484 
493 485 492 493 486 485 494 486 493 
494 487 486 495 487 494 495 488 487 
496 488 495 496 489 488 497 489 496 
497 76 489 75 76 497 92 272 10 
92 490 272 91 490 92 91 491 490 
90 491 91 90 492 491 89 492 90 
89 493 492 88 493 89 88 494 493 
87 494 88 87 495 494 86 495 87 
86 496 495 85 496 86 85 497 496 
84 497 85 84 75 497 1 75 84 
264 8 164 498 164 163 498 264 164 
265 264 498 499 163 162 499 498 163 
500 498 499 500 265 498 266 265 500 
501 162 161 501 499 162 502 499 501 
502 500 499 503 500 502 503 266 500 
267 266 503 504 161 160 504 501 161 
505 501 504 505 502 501 506 502 505 
506 503 502 507 503 506 507 267 503 
268 267 507 508 160 159 508 504 160 
509 504 508 509 505 504 510 505 509 
510 506 505 511 506 510 511 507 506 
512 507 511 512 268 507 269 268 512 
513 159 158 513 508 159 514 508 513 
514 509 508 515 509 514 515 510 509 
516 510 515 516 511 510 517 511 516 
517 512 511 518 512 517 518 269 512 
270 269 518 519 158 157 519 513 158 
520 513 519 520 514 513 521 514 520 
521 515 514 522 515 521 522 516 515 
523 516 522 523 517 516 524 517 523 
524 518 517 525 518 524 525 270 518 
271 270 525 526 157 156 526 519 157 
527 519 526 527 520 519 528 520 527 
528 521 520 529 521 528 529 522 521 
530 522 529 530 523 522 531 523 530 
531 524 523 532 524 531 532 525 524 
533 525 532 533 271 525 272 271 533 
165 156 3 165 526 156 166 526 165 
166 527 526 167 527 166 167 528 527 
168 528 167 168 529 528 169 529 168 
169 530 529 170 530 169 170 531 530 
171 531 170 171 532 531 172 532 171 
172 533 532 173 533 172 173 272 533 
10 272 173 201 5 146 534 146 145 
534 201 146 202 201 534 535 145 144 
535 534 145 536 534 535 536 202 534 
203 202 536 537 144 143 537 535 144 
538 535 537 538 536 535 539 536 538 
539 203 536 204 203 539 540 143 142 
540 537 143 541 537 540 541 538 537 
542 538 541 542 539 538 543 539 542 
543 204 539 205 204 543 544 142 141 
544 540 142 545 540 544 545 541 540 
546 541 545 546 542 541 547 542 546 
547 543 542 548 543 547 548 205 543 
206 205 548 549 141 140 549 544 141 
550 544 549 550 545 544 551 545 550 
551 546 545 552 546 551 552 547 546 
553 547 552 553 548 547 554 548 553 
554 206 548 207 206 554 555 140 139 
555 549 140 556 549 555 556 550 549 
557 550 556 557 551 550 558 551 557 
558 552 551 559 552 558 559 553 552 
560 553 559 560 554 553 561 554 560 
561 207 554 208 207 561 562 139 138 
562 555 139 563 555 562 563 556 555 
564 556 563 564 557 556 565 557 564 
565 558 557 566 558 565 566 559 558 
567 559 566 567 560 559 568 560 567 
568 561 560 569 561 568 569 208 561 
209 208 569 156 138 3 156 562 138 
157 562 156 157 563 562 158 563 157 
158 564 563 159 564 158 159 565 564 
160 565 159 160 566 565 161 566 160 
161 567 566 162 567 161 162 568 567 
163 568 162 163 569 568 164 569 163 
164 209 569 8 209 164 146 5 110 
570 110 109 570 146 110 145 146 570 
571 109 108 571 570 109 572 570 571 
572 145 570 144 145 572 573 108 107 
573 571 108 574 571 573 574 572 571 
575 572 574 575 144 572 143 144 575 
576 107 106 576 573 107 577 573 576 
577 574 573 578 574 577 578 575 574 
579 575 578 579 143 575 142 143 579 
580 106 105 580 576 106 581 576 580 
581 577 576 582 577 581 582 578 577 
583 578 582 583 579 578 584 579 583 
584 142 579 141 142 584 585 105 104 
585 580 105 586 580 585 586 581 580 
587 581 586 587 582 581 588 582 587 
588 583 582 589 583 588 589 584 583 
590 584 589 590 141 584 140 141 590 
591 104 103 591 585 104 592 585 591 
592 586 585 593 586 592 593 587 586 
594 587 593 594 588 587 595 588 594 
595 589 588 596 589 595 596 590 589 
597 590 596 597 140 590 139 140 597 
598 103 102 598 591 103 599 591 598 
599 592 591 600 592 599 600 593 592 
601 593 600 601 594 593 602 594 601 
602 595 594 603 595 602 603 596 595 
604 596 603 604 597 596 605 597 604 
605 139 597 138 139 605 93 102 2 
93 598 102 94 598 93 94 599 598 
95 599 94 95 600 599 96 600 95 
96 601 600 97 601 96 97 602 601 
98 602 97 98 603 602 99 603 98 
99 604 603 100 604 99 100 605 604 
101 605 100 101 138 605 3 138 101 
93 2 111 606 111 112 606 93 111 
94 93 606 607 112 113 607 606 112 
608 606 607 608 94 606 95 94 608 
609 113 114 609 607 113 610 607 609 
610 608 607 611 608 610 611 95 608 
96 95 611 612 114 115 612 609 114 
613 609 612 613 610 609 614 610 613 
614 611 610 615 611 614 615 96 611 
97 96 615 616 115 116 616 612 115 
617 612 616 617 613 612 618 613 617 
618 614 613 619 614 618 619 615 614 
620 615 619 620 97 615 98 97 620 
621 116 117 621 616 116 622 616 621 
622 617 616 623 617 622 623 618 617 
624 618 623 624 619 618 625 619 624 
625 620 619 626 620 625 626 98 620 
99 98 626 627 117 118 627 621 117 
628 621 627 628 622 621 629 622 628 
629 623 622 630 623 629 630 624 623 
631 624 630 631 625 624 632 625 631 
632 626 625 633 626 632 633 99 626 
100 99 633 634 118 119 634 627 118 
635 627 634 635 628 627 636 628 635 
636 629 628 637 629 636 637 630 629 
638 630 637 638 631 630 639 631 638 
639 632 631 640 632 639 640 633 632 
641 633 640 641 100 633 101 100 641 
155 119 7 155 634 119 154 634 155 
154 635 634 153 635 154 153 636 635 
152 636 153 152 637 636 151 637 152 
151 638 637 150 638 151 150 639 638 
149 639 150 149 640 639 148 640 149 
148 641 640 147 641 148 147 101 641 
3 101 147 155 7 246 642 246 247 
642 155 246 154 155 642 643 247 248 
643 642 247 644 642 643 644 154 642 
153 154 644 645 248 249 645 643 248 
646 643 645 646 644 643 647 644 646 
647 153 644 152 153 647 648 249 250 
648 645 249 649 645 648 649 646 645 
650 646 649 650 647 646 651 647 650 
651 152 647 151 152 651 652 250 251 
652 648 250 653 648 652 653 649 648 
654 649 653 654 650 649 655 650 654 
655 651 650 656 651 655 656 151 651 
150 151 656 657 251 252 657 652 251 
658 652 657 658 653 652 659 653 658 
659 654 653 660 654 659 660 655 654 
661 655 660 661 656 655 662 656 661 
662 150 656 149 150 662 663 252 253 
663 657 252 664 657 663 664 658 657 
665 658 664 665 659 658 666 659 665 
666 660 659 667 660 666 667 661 660 
668 661 667 668 662 661 669 662 668 
669 149 662 148 149 669 670 253 254 
670 663 253 671 663 670 671 664 663 
672 664 671 672 665 664 673 665 672 
673 666 665 674 666 673 674 667 666 
675 667 674 675 668 667 676 668 675 
676 669 668 677 669 676 677 148 669 
147 148 677 173 254 10 173 670 254 
172 670 173 172 671 670 171 671 172 
171 672 671 170 672 171 170 673 672 
169 673 170 169 674 673 168 674 169 
168 675 674 167 675 168 167 676 675 
166 676 167 166 677 676 165 677 166 
165 147 677 3 147 165 246 7 227 
678 227 226 678 246 227 247 246 678 
679 226 225 679 678 226 680 678 679 
680 247 678 248 247 680 681 225 224 
681 679 225 682 679 681 682 680 679 
683 680 682 683 248 680 249 248 683 
684 224 223 684 681 224 685 681 684 
685 682 681 686 682 685 686 683 682 
687 683 686 687 249 683 250 249 687 
688 223 222 688 684 223 689 684 688 
689 685 684 690 685 689 690 686 685 
691 686 690 691 687 686 692 687 691 
692 250 687 251 250 692 693 222 221 
693 688 222 694 688 693 694 689 688 
695 689 694 695 690 689 696 690 695 
696 691 690 697 691 696 697 692 691 
698 692 697 698 251 692 252 251 698 
699 221 220 699 693 221 700 693 699 
700 694 693 701 694 700 701 695 694 
702 695 701 702 696 695 703 696 702 
703 697 696 704 697 703 704 698 697 
705 698 704 705 252 698 253 252 705 
706 220 219 706 699 220 707 699 706 
707 700 699 708 700 707 708 701 700 
709 701 708 709 702 701 710 702 709 
710 703 702 711 703 710 711 704 703 
712 704 711 712 705 704 713 705 712 
713 253 705 254 253 713 228 219 6 
228 706 219 229 706 228 229 707 706 
230 707 229 230 708 707 231 708 230 
231 709 708 232 709 231 232 710 709 
233 710 232 233 711 710 234 711 233 
234 712 711 235 712 234 235 713 712 
236 713 235 236 254 713 10 254 236 
227 7 255 714 255 256 714 227 255 
226 227 714 715 256 257 715 714 256 
716 714 715 716 226 714 225 226 716 
717 257 258 717 715 257 718 715 717 
718 716 715 719 716 718 719 225 716 
224 225 719 720 258 259 720 717 258 
721 717 720 721 718 717 722 718 721 
722 719 718 723 719 722 723 224 719 
223 224 723 724 259 260 724 720 259 
725 720 724 725 721 720 726 721 725 
726 722 721 727 722 726 727 723 722 
728 723 727 728 223 723 222 223 728 
729 260 261 729 724 260 730 724 729 
730 725 724 731 725 730 731 726 725 
732 726 731 732 727 726 733 727 732 
733 728 727 734 728 733 734 222 728 
221 222 734 735 261 262 735 729 261 
736 729 735 736 730 729 737 730 736 
737 731 730 738 731 737 738 732 731 
739 732 738 739 733 732 740 733 739 
740 734 733 741 734 740 741 221 734 
220 221 741 742 262 263 742 735 262 
743 735 742 743 736 735 744 736 743 
744 737 736 745 737 744 745 738 737 
746 738 745 746 739 738 747 739 746 
747 740 739 748 740 747 748 741 740 
749 741 748 749 220 741 219 220 749 
245 263 11 245 742 263 244 742 245 
244 743 742 243 743 244 243 744 743 
242 744 243 242 745 744 241 745 242 
241 746 745 240 746 241 240 747 746 
239 747 240 239 748 747 238 748 239 
238 749 748 237 749 238 237 219 749 
6 219 237 245 11 56 750 56 55 
750 245 56 244 245 750 751 55 54 
751 750 55 752 750 751 752 244 750 
243 244 752 753 54 53 753 751 54 
754 751 753 754 752 751 755 752 754 
755 243 752 242 243 755 756 53 52 
756 753 53 757 753 756 757 754 753 
758 754 757 758 755 754 759 755 758 
759 242 755 241 242 759 760 52 51 
760 756 52 761 756 760 761 757 756 
762 757 761 762 758 757 763 758 762 
763 759 758 764 759 763 764 241 759 
240 241 764 765 51 50 765 760 51 
766 760 765 766 761 760 767 761 766 
767 762 761 768 762 767 768 763 762 
769 763 768 769 764 763 770 764 769 
770 240 764 239 240 770 771 50 49 
771 765 50 772 765 771 772 766 765 
773 766 772 773 767 766 774 767 773 
774 768 767 775 768 774 775 769 768 
776 769 775 776 770 769 777 770 776 
777 239 770 238 239 777 778 49 48 
778 771 49 779 771 778 779 772 771 
780 772 779 780 773 772 781 773 780 
781 774 773 782 774 781 782 775 774 
783 775 782 783 776 775 784 776 783 
784 777 776 785 777 784 785 238 777 
237 238 785 30 48 0 30 778 48 
31 778 30 31 779 778 32 779 31 
32 780 779 33 780 32 33 781 780 
34 781 33 34 782 781 35 782 34 
35 783 782 36 783 35 36 784 783 
37 784 36 37 785 784 38 785 37 
38 237 785 6 237 38 30 0 12 
786 12 13 786 30 12 31 30 786 
787 13 14 787 786 13 788 786 787 
788 31 786 32 31 788 789 14 15 
789 787 14 790 787 789 790 788 787 
791 788 790 791 32 788 33 32 791 
792 15 16 792 789 15 793 789 792 
793 790 789 794 790 793 794 791 790 
795 791 794 795 33 791 34 33 795 
796 16 17 796 792 16 797 792 796 
797 793 792 798 793 797 798 794 793 
799 794 798 799 795 794 800 795 799 
800 34 795 35 34 800 801 17 18 
801 796 17 802 796 801 802 797 796 
803 797 802 803 798 797 804 798 803 
804 799 798 805 799 804 805 800 799 
806 800 805 806 35 800 36 35 806 
807 18 19 807 801 18 808 801 807 
808 802 801 809 802 808 809 803 802 
810 803 809 810 804 803 811 804 810 
811 805 804 812 805 811 812 806 805 
813 806 812 813 36 806 37 36 813 
814 19 20 814 807 19 815 807 814 
815 808 807 816 808 815 816 809 808 
817 809 816 817 810 809 818 810 817 
818 811 810 819 811 818 819 812 811 
820 812 819 820 813 812 821 813 820 
821 37 813 38 37 821 66 20 1 
66 814 20 67 814 66 67 815 814 
68 815 67 68 816 815 69 816 68 
69 817 816 70 817 69 70 818 817 
71 818 70 71 819 818 72 819 71 
72 820 819 73 820 72 73 821 820 
74 821 73 74 38 821 6 38 74 
228 6 74 822 74 73 822 228 74 
229 228 822 823 73 72 823 822 73 
824 822 823 824 229 822 230 229 824 
825 72 71 825 823 72 826 823 825 
826 824 823 827 824 826 827 230 824 
231 230 827 828 71 70 828 825 71 
829 825 828 829 826 825 830 826 829 
830 827 826 831 827 830 831 231 827 
232 231 831 832 70 69 832 828 70 
833 828 832 833 829 828 834 829 833 
834 830 829 835 830 834 835 831 830 
836 831 835 836 232 831 233 232 836 
837 69 68 837 832 69 838 832 837 
838 833 832 839 833 838 839 834 833 
840 834 839 840 835 834 841 835 840 
841 836 835 842 836 841 842 233 836 
234 233 842 843 68 67 843 837 68 
844 837 843 844 838 837 845 838 844 
845 839 838 846 839 845 846 840 839 
847 840 846 847 841 840 848 841 847 
848 842 841 849 842 848 849 234 842 
235 234 849 850 67 66 850 843 67 
851 843 850 851 844 843 852 844 851 
852 845 844 853 845 852 853 846 845 
854 846 853 854 847 846 855 847 854 
855 848 847 856 848 855 856 849 848 
857 849 856 857 235 849 236 235 857 
84 66 1 84 850 66 85 850 84 
85 851 850 86 851 85 86 852 851 
87 852 86 87 853 852 88 853 87 
88 854 853 89 854 88 89 855 854 
90 855 89 90 856 855 91 856 90 
91 857 856 92 857 91 92 236 857 
10 236 92 273 9 47 858 47 46 
858 273 47 274 273 858 859 46 45 
859 858 46 860 858 859 860 274 858 
275 274 860 861 45 44 861 859 45 
862 859 861 862 860 859 863 860 862 
863 275 860 276 275 863 864 44 43 
864 861 44 865 861 864 865 862 861 
866 862 865 866 863 862 867 863 866 
867 276 863 277 276 867 868 43 42 
868 864 43 869 864 868 869 865 864 
870 865 869 870 866 865 871 866 870 
871 867 866 872 867 871 872 277 867 
278 277 872 873 42 41 873 868 42 
874 868 873 874 869 868 875 869 874 
875 870 869 876 870 875 876 871 870 
877 871 876 877 872 871 878 872 877 
878 278 872 279 278 878 879 41 40 
879 873 41 880 873 879 880 874 873 
881 874 880 881 875 874 882 875 881 
882 876 875 883 876 882 883 877 876 
884 877 883 884 878 877 885 878 884 
885 279 878 280 279 885 886 40 39 
886 879 40 887 879 886 887 880 879 
888 880 887 888 881 880 889 881 888 
889 882 881 890 882 889 890 883 882 
891 883 890 891 884 883 892 884 891 
892 885 884 893 885 892 893 280 885 
281 280 893 48 39 0 48 886 39 
49 886 48 49 887 886 50 887 49 
50 888 887 51 888 50 51 889 888 
52 889 51 52 890 889 53 890 52 
53 891 890 54 891 53 54 892 891 
55 892 54 55 893 892 56 893 55 
56 281 893 11 281 56 128 9 273 
894 273 274 894 128 273 127 128 894 
895 274 275 895 894 274 896 894 895 
896 127 894 126 127 896 897 275 276 
897 895 275 898 895 897 898 896 895 
899 896 898 899 126 896 125 126 899 
900 276 277 900 897 276 901 897 900 
901 898 897 902 898 901 902 899 898 
903 899 902 903 125 899 124 125 903 
904 277 278 904 900 277 905 900 904 
905 901 900 906 901 905 906 902 901 
907 902 906 907 903 902 908 903 907 
908 124 903 123 124 908 909 278 279 
909 904 278 910 904 909 910 905 904 
911 905 910 911 906 905 912 906 911 
912 907 906 913 907 912 913 908 907 
914 908 913 914 123 908 122 123 914 
915 279 280 915 909 279 916 909 915 
916 910 909 917 910 916 917 911 910 
918 911 917 918 912 911 919 912 918 
919 913 912 920 913 919 920 914 913 
921 914 920 921 122 914 121 122 921 
922 280 281 922 915 280 923 915 922 
923 916 915 924 916 923 924 917 916 
925 917 924 925 918 917 926 918 925 
926 919 918 927 919 926 927 920 919 
928 920 927 928 921 920 929 921 928 
929 121 921 120 121 929 137 281 11 
137 922 281 136 922 137 136 923 922 
135 923 136 135 924 923 134 924 135 
134 925 924 133 925 134 133 926 925 
132 926 133 132 927 926 131 927 132 
131 928 927 130 928 131 130 929 928 
129 929 130 129 120 929 2 120 129 
218 9 128 930 128 127 930 218 128 
217 218 930 931 127 126 931 930 127 
932 930 931 932 217 930 216 217 932 
933 126 125 933 931 126 934 931 933 
934 932 931 935 932 934 935 216 932 
215 216 935 936 125 124 936 933 125 
937 933 936 937 934 933 938 934 937 
938 935 934 939 935 938 939 215 935 
214 215 939 940 124 123 940 936 124 
941 936 940 941 937 936 942 937 941 
942 938 937 943 938 942 943 939 938 
944 939 943 944 214 939 213 214 944 
945 123 122 945 940 123 946 940 945 
946 941 940 947 941 946 947 942 941 
948 942 947 948 943 942 949 943 948 
949 944 943 950 944 949 950 213 944 
212 213 950 951 122 121 951 945 122 
952 945 951 952 946 945 953 946 952 
953 947 946 954 947 953 954 948 947 
955 948 954 955 949 948 956 949 955 
956 950 949 957 950 956 957 212 950 
211 212 957 958 121 120 958 951 121 
959 951 958 959 952 951 960 952 959 
960 953 952 961 953 960 961 954 953 
962 954 961 962 955 954 963 955 962 
963 956 955 964 956 963 964 957 956 
965 957 964 965 211 957 210 211 965 
102 120 2 102 958 120 103 958 102 
103 959 958 104 959 103 104 960 959 
105 960 104 105 961 960 106 961 105 
106 962 961 107 962 106 107 963 962 
108 963 107 108 964 963 109 964 108 
109 965 964 110 965 109 110 210 965 
5 210 110 255 7 119 966 119 118 
966 255 119 256 255 966 967 118 117 
967 966 118 968 966 967 968 256 966 
257 256 968 969 117 116 969 967 117 
970 967 969 970 968 967 971 968 970 
971 257 968 258 257 971 972 116 115 
972 969 116 973 969 972 973 970 969 
974 970 973 974 971 970 975 971 974 
975 258 971 259 258 975 976 115 114 
976 972 115 977 972 976 977 973 972 
978 973 977 978 974 973 979 974 978 
979 975 974 980 975 979 980 259 975 
260 259 980 981 114 113 981 976 114 
982 976 981 982 977 976 983 977 982 
983 978 977 984 978 983 984 979 978 
985 979 984 985 980 979 986 980 985 
986 260 980 261 260 986 987 113 112 
987 981 113 988 981 987 988 982 981 
989 982 988 989 983 982 990 983 989 
990 984 983 991 984 990 991 985 984 
992 985 991 992 986 985 993 986 992 
993 261 986 262 261 993 994 112 111 
994 987 112 995 987 994 995 988 987 
996 988 995 996 989 988 997 989 996 
997 990 989 998 990 997 998 991 990 
999 991 998 999 992 991 1000 992 999 
1000 993 992 1001 993 1000 1001 262 993 
263 262 1001 129 111 2 129 994 111 
130 994 129 130 995 994 131 995 130 
131 996 995 132 996 131 132 997 996 
133 997 132 133 998 997 134 998 133 
134 999 998 135 999 134 135 1000 999 
136 1000 135 136 1001 1000 137 1001 136 
137 263 1001 11 263 137 
POINT_DATA 1002
SCALARS DistanceMapping double
LOOKUP_TABLE default
0.01230796996 0.017970317749 0.010045366896 0.0083191792247 0.014216400601 0.013720094375 0.012511124133 0.018051810675 0.027081251218 
0.024591470619 0.024724177315 0.024671097572 0.010527671763 0.0093054003902 0.0092263737329 0.0099991273244 0.0093880837959 0.0067696526026 
0.0062416820292 0.0097391571162 0.014215018857 0.012485369333 0.012733320748 0.012903748632 0.013009728087 0.01320038844 0.013303648176 
0.013017460448 0.012770365643 0.013202702887 0.011182585146 0.010665949741 0.011121722361 0.012177721101 0.013222569176 0.014008571876 
0.014132722873 0.013456719159 0.01262845423 0.01450908198 0.016750459743 0.018459891425 0.019754596002 0.021041271468 0.022047541409 
0.022543913839 0.023094334322 0.023961554581 0.013567378899 0.015110779708 0.016769704853 0.018249005769 0.019497404398 0.020798402575 
0.022176494917 0.023288238065 0.024057852172 0.01476269814 0.012155970131 0.010852002533 0.0099819778825 0.0097484153427 0.010925253846 
0.012361687453 0.013426015026 0.014040414298 0.018975487464 0.01908825298 0.017360434209 0.013906039687 0.011220459603 0.01113789887 
0.012273784143 0.012732883901 0.012432536881 0.018440602408 0.017674591228 0.01666628006 0.016692410874 0.017737049063 0.019353392615 
0.021469841249 0.023706843594 0.02560458267 0.021527458958 0.023936940396 0.025064239031 0.025853711231 0.026924994974 0.027544531831 
0.026930899775 0.025665862482 0.024849141166 0.0088720799666 0.0076946504769 0.0063760266809 0.0050508127739 0.0043696322035 0.0046182036647 
0.0052644921212 0.0059842285703 0.0069685111202 0.0085623745634 0.0071457286325 0.0059413709802 0.0052438737546 0.0053788983737 0.0061316906023 
0.0071262059853 0.0087753350237 0.011148287531 0.010979172021 0.012229334426 0.013571080785 0.014948112129 0.016513496925 0.018000832856 
0.018790160231 0.018754837115 0.018353343441 0.01039240444 0.010653513234 0.010372666753 0.0094830502852 0.0089818408197 0.010168698067 
0.013161318196 0.017195223663 0.021272982781 0.011846307823 0.014064132918 0.017005827039 0.020833796103 0.024829574907 0.02753390851 
0.028229537878 0.027523060564 0.026221379857 0.0091257067678 0.010664370935 0.012605927933 0.014378392792 0.015771773246 0.016903358096 
0.017512045696 0.017050758727 0.01553130158 0.007282290599 0.0071627258731 0.008070425348 0.0097531501029 0.011933105501 0.014340090698 
0.016441517403 0.017667431548 0.018013718946 0.010441621199 0.013008344662 0.015512199697 0.017810478146 0.020386937483 0.023529811382 
0.026440012668 0.027968380071 0.027932903356 0.0092739437737 0.010707921371 0.012093385198 0.012898754586 0.013673451018 0.015771269217 
0.019298002028 0.022563818274 0.024242611527 0.014979835743 0.015809805254 0.01667891026 0.017526427362 0.017998098058 0.01763286849 
0.016519609928 0.01528226467 0.014359243607 0.01521885037 0.015724242181 0.016204869884 0.017721793865 0.020376892479 0.023484385179 
0.025761631053 0.02663127122 0.026838527268 0.013491831234 0.01357099603 0.015900645552 0.020061706145 0.023512563316 0.025506263071 
0.027783152245 0.029564961929 0.028496862826 0.017561853069 0.021013028429 0.022729309842 0.022782656616 0.023278717248 0.025435813178 
0.027664225125 0.028519817737 0.028081203128 0.011411244569 0.012860740962 0.017586250921 0.021915730268 0.023712119227 0.024195838093 
0.025536869712 0.027191530563 0.027044128989 0.01373093153 0.016143106654 0.018829517286 0.020214703542 0.019672074367 0.018318085619 
0.017529009019 0.017546324533 0.017865974163 0.013345511735 0.01643358468 0.022990526728 0.032115774131 0.039041063263 0.0393966942 
0.034286131485 0.028613133865 0.02563867557 0.013492559258 0.015811248445 0.018523336327 0.019939475314 0.019181067794 0.017652631438 
0.017733549728 0.019750573751 0.022371878671 0.018333647549 0.018963862577 0.01865249416 0.017989305873 0.019372335555 0.02284814213 
0.025492680204 0.025912970202 0.025266753987 0.018959199625 0.021118224338 0.023120480678 0.023219446849 0.021699438727 0.0209425964 
0.021796470838 0.023062395228 0.023975466408 0.026605344386 0.026155204345 0.025558567775 0.024447418765 0.022632646034 0.021031392037 
0.021170155305 0.022704850624 0.024026612046 0.018802965462 0.013530938118 0.012767196372 0.016566553315 0.021989006907 0.026571867449 
0.028515628259 0.027968184059 0.026376472869 0.010537645707 0.01065035296 0.0092366315279 0.010884975589 0.0095686034537 0.0094892553067 
0.011533000117 0.010436293953 0.010159173848 0.010085745342 0.012453216859 0.011555574961 0.01058827866 0.0093221990675 0.007791696898 
0.012853842715 0.012118573683 0.010337658151 0.007570923488 0.0048501404891 0.0043833830785 0.012784416922 0.012084201186 0.010026212158 
0.0067592150778 0.0042278927575 0.004910093004 0.0069814307504 0.013112444289 0.012403386008 0.01073024433 0.0083619081137 0.0070674475604 
0.0079453341615 0.00923727481 0.011185414085 0.014930318407 0.0173223562 0.015318919678 0.019103278188 0.01774865419 0.015507567366 
0.020628438948 0.019582876504 0.017977452484 0.015468845354 0.022421349289 0.021331058568 0.019985863843 0.017931842138 0.015091218724 
0.024302884543 0.023525557541 0.021904822719 0.020203972507 0.017196150176 0.014232974805 0.026101519553 0.025983139888 0.024036952289 
0.022337468034 0.019563886784 0.015680967396 0.013217308781 0.027677759976 0.028207289266 0.026151905905 0.024170351946 0.021868809545 
0.017835382992 0.014159657933 0.012864689265 0.029459890953 0.028121390615 0.028828618466 0.02621548913 0.026991724348 0.026566922317 
0.025347732562 0.025642892334 0.02513326944 0.024465206913 0.024112004135 0.024536359997 0.023588579907 0.022475582514 0.021471101065 
0.020330808574 0.021648021147 0.021205919967 0.019857413157 0.018578111318 0.017310832074 0.015252135043 0.017133970809 0.017853229935 
0.017409134053 0.016480964948 0.015513417267 0.014498848183 0.012715481642 0.014284977786 0.015679688265 0.016378928432 0.016286019497 
0.015734153951 0.014993144587 0.01418976645 0.016052064676 0.01696783561 0.016296969093 0.018259427079 0.017246708713 0.016627606743 
0.019819528382 0.019156477432 0.017646082855 0.018387219117 0.020737183477 0.021596595135 0.01977853001 0.01945146419 0.021430283436 
0.02036613236 0.023003745668 0.022272648947 0.021128844103 0.022487275064 0.024715651042 0.019285291093 0.022798332875 0.023509523342 
0.022575155123 0.023395189537 0.02553223438 0.026842134565 0.018310356438 0.021907181033 0.023369442327 0.023019602048 0.023659172804 
0.025856526613 0.027539890358 0.027716330636 0.014787918945 0.015550846028 0.014243936747 0.016832989605 0.015513503236 0.013490920838 
0.018948019358 0.016940011447 0.014606488338 0.012168419625 0.021718748929 0.018853113314 0.015532615347 0.012908645418 0.01130385856 
0.024128938744 0.021211566421 0.017396829051 0.014115474042 0.012360867375 0.011648707433 0.025219776929 0.022875951597 0.019641211626 
0.016423029637 0.014068340259 0.01289009795 0.01262600983 0.025400974525 0.0234505281 0.02093242656 0.018363722737 0.016176052072 
0.014719341984 0.014589085102 0.015089305042 0.024841887689 0.024197332316 0.022531044709 0.023587387248 0.02178975436 0.020276996194 
0.022548511488 0.021570311861 0.020086971713 0.018854384972 0.021064403869 0.021133431531 0.020662125369 0.019643269616 0.018315074367 
0.02066341419 0.020661841126 0.020810296046 0.020525758668 0.019752898291 0.018480745095 0.022135443562 0.021709502306 0.021436434599 
0.021046443755 0.020705072097 0.020453889052 0.019599738314 0.023887637661 0.023920385195 0.023893522933 0.023311183519 0.022511670885 
0.022273911587 0.022205455202 0.021053328001 0.027397165272 0.026867495857 0.026705424714 0.024597007364 0.025533020868 0.02567467595 
0.021491615876 0.022900634776 0.02415391629 0.024096374153 0.018818176358 0.020200829713 0.02187529744 0.022809682345 0.022220726369 
0.016626495566 0.017998447875 0.01965542165 0.021079069071 0.021511860704 0.021203607787 0.014239086733 0.015697332784 0.017160091959 
0.018521712393 0.019736052461 0.020820526436 0.021836998025 0.011593132141 0.013091349773 0.014422382492 0.015372697781 0.016577701176 
0.018717373795 0.021307196758 0.02318252434 0.019292700077 0.019953589668 0.021671806316 0.019368179272 0.021194175127 0.022242966122 
0.018136030699 0.020132688166 0.021584248134 0.022566558269 0.016742329482 0.018937313289 0.020994960035 0.022876188827 0.024451459931 
0.015104758734 0.017490434293 0.019948706698 0.022643133217 0.025257148709 0.027059217531 0.013239381626 0.01579759577 0.018340649076 
0.021254149912 0.024542841402 0.027301900087 0.028595183568 0.0115633695 0.014210966533 0.016730594338 0.019358336884 0.022539316095 
0.025868062553 0.028113568968 0.028663740106 0.012553850072 0.0093402058184 0.013943506523 0.0064759940459 0.010389726938 0.014434330025 
0.0042789778154 0.0070023840796 0.0108909999 0.013987242689 0.0032059632906 0.0041124792674 0.0074694812359 0.010651058276 0.013000554514 
0.0040011273708 0.0024940536689 0.0044959748349 0.0073490608513 0.0098176384398 0.011539836318 0.0055381160053 0.0036933451247 0.0029878647139 
0.0045716894463 0.006684125165 0.0084453748407 0.0096498666052 0.0071805701076 0.0057127256139 0.0042960412446 0.0036970700023 0.0044709091258 
0.0058039283283 0.006930898074 0.0079227932342 0.0099600789183 0.011217245002 0.0087462243579 0.012390130828 0.0096658806278 0.0071725298977 
0.01371218737 0.010611387235 0.0079043535473 0.005806754015 0.015302077362 0.012089528814 0.0091404061029 0.0068925446603 0.005261153481 
0.016603447393 0.013851444919 0.011008050167 0.0085724105201 0.0066124816343 0.0052798477404 0.017245060759 0.015296682905 0.012943917044 
0.010521861457 0.0082860553251 0.0064255059615 0.0054910374642 0.017581867361 0.016482043869 0.014716510891 0.012433629874 0.010063826282 
0.0079462797878 0.0064603777676 0.0061155575571 0.018728861321 0.019004568879 0.018187912021 0.018124180702 0.017858130884 0.0163985178 
0.017794492906 0.016997950079 0.015811275048 0.01394512483 0.019837856402 0.017377441406 0.015467575053 0.013651107502 0.011662637039 
0.022703366025 0.019143786359 0.015892496601 0.013670032083 0.011861428278 0.0099059107435 0.024190423418 0.020757962012 0.016577499578 
0.013622861059 0.012077568854 0.010619384961 0.0087891707017 0.024410543632 0.021804681119 0.017622341095 0.013991278396 0.012298166909 
0.011491508364 0.010198502286 0.0085526618334 0.018014787456 0.017587280569 0.018464078113 0.017835319186 0.018214836814 0.018274646863 
0.019222063835 0.019403245023 0.01937233351 0.019150617597 0.020750401344 0.021981343528 0.023010914743 0.023080986866 0.022797499561 
0.020582976325 0.023852634477 0.027624485379 0.029413424851 0.028476706283 0.026733481815 0.018289704388 0.022997768167 0.029772119565 
0.034954428216 0.035052175715 0.031419581465 0.027865895891 0.01535869227 0.01984302831 0.027710716558 0.036046560776 0.03943249215 
0.036303476547 0.030636093146 0.026770079499 0.019035676611 0.021746794705 0.019127365781 0.024008864003 0.022364843488 0.019537717155 
0.023847789279 0.024784109292 0.023045417696 0.020453765835 0.021932781535 0.024375989617 0.025410070065 0.023629019587 0.021208935601 
0.020644110634 0.021948953315 0.024683700861 0.025448905865 0.023264948527 0.020471488463 0.020736025218 0.01980669879 0.021650098147 
0.024207934305 0.024110639506 0.021245375151 0.018038521545 0.02148392983 0.019160177397 0.018752352736 0.020757999423 0.022472598463 
0.021424013086 0.018291593134 0.015281659573 0.021536513413 0.020716034945 0.018862744362 0.019696191244 0.018120809503 0.016803662326 
0.018452054333 0.01708912241 0.015866425913 0.016356846572 0.017149869859 0.015649339229 0.014491078698 0.01485869628 0.017193540788 
0.015666840599 0.014149474274 0.012977472574 0.013365799924 0.015299693554 0.017387462316 0.013974439057 0.012775773565 0.012032843627 
0.012486362452 0.014064071768 0.015527619158 0.015990571901 0.012398900584 0.011600993318 0.011569272564 0.012302007859 0.013526610861 
0.014563926333 0.014626537419 0.013936993003 0.0098823877421 0.009538424783 0.010335075048 0.010000203214 0.010666705034 0.011587541115 
0.0098826079194 0.010481885554 0.011601078139 0.012650223055 0.0081699812359 0.0089945898776 0.01028858511 0.011978860769 0.01329615579 
0.0070136507441 0.0075034007922 0.0084416688084 0.010400800847 0.012469887487 0.013654779414 0.0095004682773 0.0088858011439 0.0082166172914 
0.0090710947376 0.011273539127 0.013032722282 0.013461487949 0.014300760911 0.013512775481 0.011451091003 0.0096695367715 0.010154943582 
0.011975314857 0.012992108089 0.012778345331 0.013496689862 0.013474737307 0.017054915134 0.01291744814 0.017225416666 0.024535592816 
0.013449442316 0.017946964497 0.025464990879 0.033761543716 0.016855920165 0.021201684239 0.027549140292 0.034398659325 0.038839585728 
0.02139651236 0.025809821151 0.030851463803 0.035465986543 0.037632674281 0.036786278785 0.023640531794 0.027834163702 0.031813147667 
0.035111258076 0.036119393473 0.034202356119 0.031027689079 0.023169155568 0.026434643091 0.028928591353 0.031147097945 0.032422846399 
0.031549655292 0.028983777547 0.02663744212 0.018271939195 0.018754989301 0.01482776828 0.020043792538 0.017659004838 0.016521213382 
0.020651385816 0.020143133041 0.020316666448 0.0210251955 0.020030081548 0.020668715596 0.022033421631 0.02372066413 0.025288202618 
0.018963476167 0.019834454807 0.021491836561 0.02365238455 0.025841564187 0.027572847516 0.017690308332 0.018716434219 0.020152116417 
0.021981165589 0.024084159246 0.026109666585 0.027446287652 0.015822752502 0.017225985843 0.018684064084 0.020123137289 0.021657592997 
0.023411359353 0.024973136518 0.025917683763 0.015116896515 0.010775984586 0.011615170815 0.011847335969 0.0090557211768 0.0090624819585 
0.017011597021 0.012085132741 0.0090624957074 0.0084544978266 0.02334483317 0.018497048349 0.013922784225 0.011079288128 0.009900859643 
0.027757862104 0.024961073194 0.020625196658 0.016434523636 0.013514679891 0.011703942883 0.0288069242 0.028418954738 0.026098282876 
0.022056098554 0.017895908577 0.014742666559 0.012485090479 0.027767387907 0.028689960171 0.028462370351 0.026148714205 0.022080102081 
0.017914364165 0.014696724389 0.012311936692 0.023479042686 0.018808070194 0.023361259279 0.014232895864 0.018558636474 0.021947043244 
0.010908390925 0.014176795473 0.017816926799 0.021279648542 0.0092291802426 0.011028429271 0.014184099896 0.017819805712 0.020786759056 
0.0089123102961 0.0090114799968 0.011179392096 0.014319648027 0.016947503392 0.018109125927 0.009026588816 0.0079828655108 0.0086046561483 
0.010734820398 0.012777943909 0.013644041505 0.013419276046 0.0088945730786 0.0075363938554 0.00688918868 0.0074744743091 0.0086954781172 
0.0094519029452 0.0096234271092 0.010100780505 0.019949227562 0.020484539853 0.021889622267 0.020041856877 0.021460420658 0.022478796695 
0.018628836424 0.019978546925 0.020749901065 0.021290143957 0.016944895987 0.018370809396 0.019301556168 0.020048152427 0.020682151944 
0.015522162722 0.017329104019 0.019007969004 0.020531976464 0.021714405047 0.022203378986 0.014223301468 0.016493599249 0.019139345081 
0.021800390168 0.023770656037 0.024608148117 0.024284273352 0.012935389764 0.015358360548 0.01852529435 0.02219408776 0.025262795364 
0.026730324018 0.026634992693 0.025562045579 
VECTORS DisplacementVectors double
-0.012018017321 0.00058968128736 -0.0025895289482 0.014548776658 -0.008183473685 -0.0066555372586 -0.0078558117385 -0.0045936521696 0.004253701652 
0.0070123871133 0.0013660282836 0.0042625270292 -0.0035368195909 0.013108728278 -0.0042140474801 0.0023576048662 0.013024601032 0.003611434193 
-0.0018051543736 -0.011292661664 -0.0050739961873 -0.002137385488 -0.017016555734 0.0056334965043 0.018827225713 0.019385134239 0.0017737840969 
-0.012159204987 0.021183883225 -0.002852587038 0.020600658574 -0.013441953729 0.0024923262665 -0.022625288304 -0.0085342617948 0.0048913965449 
-0.010293207541 -0.00019745312328 -0.0022006279853 -0.0088103272615 -0.00018439250029 -0.0029890816939 -0.0075199331332 0.00054993216959 -0.0053173445008 
-0.0057966933564 0.0011473715104 -0.0080662526615 -0.0031020969364 0.00087528465743 -0.0088174252888 0.00038890036732 -0.00017137474216 -0.0067562995465 
0.0042245065528 -0.0017122748502 -0.0042638308804 0.0081197460757 -0.0037655946907 -0.0038394272524 0.01171204865 -0.0061277449798 -0.0052292847494 
-0.012138954719 0.0018474267354 -0.0022621317752 -0.012199956053 0.0032238616618 -0.0017044780924 -0.012008465527 0.0045994946761 -0.0010715097658 
-0.011492576402 0.0060245994277 -0.00093697078951 -0.010711408173 0.0075492738525 -0.0015888531078 -0.0095773917352 0.0088860045177 -0.0025098896498 
-0.0079863914939 0.0097989613905 -0.0031067962754 -0.0062217826654 0.010613791955 -0.0034233141061 -0.0047114626685 0.01174409182 -0.0037669338157 
-0.010759224721 -0.0011170277169 -0.0028357614536 -0.0094780588591 -0.0026320007204 -0.0041232822293 -0.0083985654334 -0.0040946577006 -0.006032460962 
-0.0076890110717 -0.0057677603949 -0.0074772280953 -0.0073309642802 -0.0076890965853 -0.007872172002 -0.0069404164215 -0.0094543092818 -0.0076607272439 
-0.0060124527096 -0.010526405251 -0.0072649198686 -0.0045616579196 -0.010820541493 -0.0065719441066 -0.0030738423392 -0.01085505707 -0.0056742475737 
-0.013777952719 0.0026262424959 -0.0037127252989 -0.014956193629 0.0049653888798 -0.0056775951782 -0.015059259156 0.0071815208417 -0.0079001306004 
-0.014368700836 0.0093081179007 -0.0098561372079 -0.013572538368 0.011708368441 -0.011019773848 -0.01284782125 0.014346463979 -0.010733431075 
-0.012044298719 0.016847419539 -0.0089065916283 -0.011446004104 0.019001310224 -0.0064255332524 -0.011498723248 0.02057891598 -0.004294610425 
-0.013186938507 0.00053498238679 -0.0031451894763 -0.014685375158 0.00028399817781 -0.0035489103788 -0.016318956183 -0.00059892497828 -0.0038152272286 
-0.017755531286 -0.0021585194563 -0.0036205129585 -0.018984915176 -0.0037173391265 -0.002429642734 -0.020270455647 -0.0046290072042 -0.00050445004595 
-0.021534670528 -0.0051637250638 0.0011793368996 -0.022385624722 -0.0059937197347 0.0023024251832 -0.02268694783 -0.0072440674108 0.0034067780407 
0.013049986757 -0.006376389691 -0.0026413550591 0.011588809684 -0.0034835094444 0.0011542364907 0.010404784832 -0.00014149656497 0.0030799984227 
0.0094323891959 0.0027510549092 0.0017611397988 0.0080773859219 0.0050440487982 -0.0020844687774 0.0057215591171 0.0073081004277 -0.0057633845107 
0.0025624272725 0.0096797213307 -0.0072490191145 -0.00043542071684 0.011606515845 -0.0067347663824 -0.0024832926443 0.012697648179 -0.0054530928846 
0.014378077229 -0.0076963300792 -0.0097008516629 0.013764706588 -0.0063559579193 -0.01159724335 0.012254352707 -0.0054133253475 -0.011041350657 
0.0095396101943 -0.005744827198 -0.008328909748 0.0063505052613 -0.0070700048484 -0.005965302011 0.0039835652725 -0.0085681175617 -0.0058967245489 
0.0026530689852 -0.0096926183224 -0.0070469959711 0.0014890246509 -0.010312466526 -0.0073186181882 -5.0374638148e-05 -0.010693063662 -0.0063422255715 
0.015711740337 -0.0083143293802 -0.0049060126054 0.016257265963 -0.0064175825961 -0.0026281385219 0.016423458818 -0.0028114729465 -0.00036126355719 
0.016596802134 0.0011573405979 0.0013576827495 0.016999563371 0.0046479702352 0.0020035287229 0.017556787401 0.0080302630274 0.0013519976165 
0.018053767733 0.011618774343 0.00014013099937 0.01839200424 0.014953996964 -0.00035579211513 0.018633848141 0.017556783284 0.00036567457076 
0.016790064796 -0.0098305417632 -0.0092133415204 0.018443819038 -0.010963394873 -0.010611627006 0.01936573897 -0.01158705192 -0.010905249201 
0.020230310292 -0.012127292818 -0.010586675531 0.021566777434 -0.012925962859 -0.0096306256087 0.022634666826 -0.013684630155 -0.0076879118724 
0.022518529389 -0.013902313231 -0.0049914811118 0.02162424853 -0.013653973774 -0.0021673422953 0.020910549242 -0.013419346523 0.00038715108106 
-0.0061671736268 -0.0041524825779 0.004841142513 -0.0042400306691 -0.0035159792461 0.0053728647692 -0.0022706876848 -0.0027451580974 0.0052878918951 
-0.00057671815095 -0.0019732638731 0.0046134949375 0.00071807347868 -0.0011915837326 0.0041422438704 0.0018638799284 -0.0004019007927 0.004206213553 
0.0031096305371 0.0001950611543 0.0042434686711 0.0044214477034 0.00052180781189 0.0039986883344 0.0057141449962 0.00082821543095 0.003901634708 
-0.0071604909703 -0.0035249994137 0.0031009686167 -0.0063809412927 -0.0022061111019 0.0023405340661 -0.005588453195 -0.00056974620137 0.0019350631197 
-0.0048413034971 0.0014430906035 0.00140622968 -0.0039863729369 0.003583999172 0.00044308967174 -0.0028560670579 0.0054182453961 -0.00028831828075 
-0.0015408576033 0.0069562805024 0.00013686183854 -0.00017837168874 0.0086406418695 0.0015211825667 0.0011764110471 0.010708278884 0.0028693440483 
-0.0074684622262 -0.0053321637389 0.0060276297248 -0.0069708258805 -0.0061931523482 0.0079125894014 -0.0065017041167 -0.0073114299933 0.0094045238423 
-0.006130668316 -0.008915434113 0.010313873996 -0.0058344435398 -0.011134223731 0.010709057436 -0.0056236714455 -0.013530350414 0.010456286179 
-0.0054431430501 -0.015308106908 0.0094395009476 -0.0049636551137 -0.016204013861 0.0080334287782 -0.0038437776035 -0.01663598371 0.0067316146054 
-0.0088950527689 -0.0043585905206 0.0031436912958 -0.0095810844148 -0.0040142303641 0.0023634974598 -0.0097151607192 -0.0032730072872 0.0015796490319 
-0.0093159253435 -0.0017295413747 0.00038789733024 -0.0089103976262 0.00072029895887 -0.00087146317407 -0.0092960001908 0.0038797841947 -0.0013907104059 
-0.010576223543 0.0077561687077 -0.0010980160289 -0.011889743481 0.012393992788 -0.0008358585728 -0.012421300545 0.017213762018 -0.0013919361864 
-0.0093378076602 -0.0053758517212 0.0049234718849 -0.011201148914 -0.0060348530493 0.0059928829793 -0.013740789756 -0.0065500668706 0.0075819175769 
-0.017055123992 -0.0069895609199 0.0097116344573 -0.020553790612 -0.0074341859033 0.011780592577 -0.023186445132 -0.0079664798878 0.012531563278 
-0.024399613889 -0.0086018851351 0.011294831695 -0.024426793717 -0.0090994489981 0.0088346272968 -0.023726312505 -0.0091034967965 0.0064613622893 
0.0068403949343 0.0034897637977 0.0049304228815 0.0064423611776 0.0059044513752 0.0061124662661 0.0059055977722 0.0083463677098 0.0073737019229 
0.0054243079565 0.010423761582 0.0082861484998 0.0050141714738 0.012076671568 0.0088182152166 0.0046189878861 0.013564606847 0.0089660418759 
0.0043748764341 0.01472995186 0.0084000427874 0.004227513526 0.014968731464 0.0069852402196 0.003680840006 0.014172135369 0.0051791239336 
0.0061654507391 -0.0009892755711 0.0037470398179 0.0051588410958 -0.0032343036803 0.0037723043601 0.0041945504794 -0.005436948364 0.0042399415161 
0.0033817455449 -0.0077957898594 0.0047867937566 0.0026151439248 -0.010341607838 0.0053489416227 0.001847461461 -0.01283191651 0.0061291929366 
0.0011593241682 -0.014892808644 0.0068690401563 0.00042373857617 -0.016221633805 0.0069869292106 -0.00064975207162 -0.016819989655 0.0064155935426 
0.0083704724816 0.003507752666 0.0051631690793 0.0099435572233 0.0059410668238 0.0059200021612 0.01168555987 0.008198074614 0.0060718697762 
0.013430793098 0.010217154583 0.005695320953 0.015158336982 0.012554713502 0.0053133048837 0.017058125909 0.01535482034 0.005186699956 
0.018914213848 0.017766291356 0.0050681037697 0.019950146145 0.019064224003 0.0045582140998 0.019763197368 0.01943999998 0.0034277573457 
0.0079824223011 0.0005922401154 0.0046836117442 0.0091720603568 -0.00019433474901 0.0055222389398 0.010359019481 -0.001040637181 0.0061528656085 
0.011201375537 -0.0019171399443 0.0061017727256 0.011993899803 -0.0030479319733 0.0058154742672 0.013716039789 -0.0049641195664 0.0059967242864 
0.016541860382 -0.0076322235992 0.0063662312469 0.019198756652 -0.010189997213 0.0060578539872 0.020505898628 -0.012043204882 0.0047088800464 
-0.0033235272182 0.014106256575 -0.0037898774596 -0.0032028969022 0.015135868667 -0.0032552839047 -0.0031659313987 0.016188620471 -0.0024680950301 
-0.0030265394932 0.017207337075 -0.0013868184986 -0.0025114921438 0.017821128214 -0.00017700304556 -0.0015270059542 0.017542619548 0.00091804323462 
-0.00027848693209 0.016420791553 0.0017825717344 0.00090227999006 0.015055748233 0.0024612901921 0.0017924073834 0.013915803124 0.0030537806336 
-0.0015555823689 0.014116584742 -0.005469516001 0.0016981478095 0.014142725627 -0.0066596845304 0.0059216954117 0.013233170125 -0.0072397886591 
0.0098076989573 0.012998249105 -0.0069940359701 0.012243634832 0.015012902515 -0.0063185371136 0.013446334992 0.018453448081 -0.0054938762684 
0.014383634458 0.020955668339 -0.0041991259561 0.01564164782 0.021438731404 -0.0022235683215 0.017215688342 0.020589473768 -1.3811925763e-05 
-0.0046311985732 0.012351499377 -0.0028323087701 -0.0059522910949 0.012105499965 -0.0014829142137 -0.008735825244 0.01328544869 -0.00011286889621 
-0.012671128933 0.015529111998 0.00087248242032 -0.015276818271 0.017869173012 0.00039001677463 -0.014891280442 0.020612845393 -0.0019823792358 
-0.013001123172 0.024100610707 -0.0046941355378 -0.011901405425 0.026458897206 -0.0056894886751 -0.011950833655 0.025446008578 -0.0046636266294 
0.0039346777107 0.016446907861 0.0047366883302 0.0045694124105 0.019756314938 0.0055096146905 0.0050929621946 0.021391380385 0.005752573963 
0.0069197802113 0.021091063225 0.0051315822446 0.010351461601 0.020520718412 0.0036940540456 0.013871641453 0.021179235012 0.00244911407 
0.016056660365 0.022417057003 0.0022290278128 0.017136549794 0.022661044057 0.002489125778 0.017977964997 0.02144477218 0.0023384802357 
-0.0007669649368 0.011177714798 0.0021649386348 -0.0050758464509 0.011730372281 0.001425765428 -0.0089832747021 0.015008653889 0.0018213471763 
-0.011014746648 0.018701512953 0.0030377627853 -0.011650984712 0.020283386136 0.0038863093484 -0.012411728091 0.020529117694 0.0031532385801 
-0.013430135826 0.021700017125 0.00093403593193 -0.013739014195 0.023425967908 -0.0013575164541 -0.013096218785 0.023520544487 -0.0025803010215 
-0.0021575978581 -0.01277178224 -0.0045568443652 -0.0023744567865 -0.015253677715 -0.0047209282523 -0.0022294033553 -0.018035071149 -0.0049311956521 
-0.0017563765129 -0.019692828958 -0.0042121097431 -0.0013362473249 -0.019484771183 -0.0023555561861 -0.0012909634698 -0.01827177005 -0.00016761056205 
-0.0015319302876 -0.017384746268 0.0016401048723 -0.0017961657796 -0.017177909811 0.0030930094741 -0.0019846574978 -0.017194480958 0.0044276395486 
0.00079119090118 -0.012044983495 -0.0056916669825 0.0047822702466 -0.014022121579 -0.0071114487395 0.011251338048 -0.017470382065 -0.0098365370869 
0.019069545825 -0.022011614406 -0.013537510897 0.024249064128 -0.025947945976 -0.016213932565 0.024271531615 -0.026908623752 -0.01545698013 
0.021517053132 -0.024281712301 -0.011088448243 0.019762677301 -0.019983235688 -0.0053682685221 0.019887716339 -0.016170233387 -0.00058649469065 
-0.0044446056986 -0.012020015545 -0.0042206470844 -0.0072768165941 -0.013552398924 -0.0036573215673 -0.0098850530964 -0.015349198133 -0.0031307875392 
-0.011582726533 -0.016110983189 -0.0019645209396 -0.012211560653 -0.014791521948 4.5017587817e-05 -0.012805290754 -0.011937756932 0.0022649249041 
-0.014542924038 -0.0093672179432 0.0039035079597 -0.017320989787 -0.0082678000385 0.0046596092966 -0.020207972569 -0.0083042594137 0.0048143613817 
0.00091531316591 -0.017599616886 0.0050535452629 0.0036471903546 -0.018144752739 0.0041344932457 0.0056096775985 -0.017589461687 0.0026566695723 
0.0077008555261 -0.01619925572 0.0013769764248 0.011078338427 -0.015845210308 0.0012194723639 0.015072837201 -0.017062828808 0.0019253702374 
0.017942842273 -0.017924733985 0.0025758623274 0.019290814829 -0.017069205616 0.0028264301774 0.019983978955 -0.015208858779 0.0027820957602 
-0.005088444274 -0.017293460247 0.0058732629781 -0.0077535574063 -0.018393053099 0.0068961833239 -0.0095016578881 -0.019400731959 0.0082393399973 
-0.010686432809 -0.018668484385 0.0087424571221 -0.012306323005 -0.015941678102 0.0080797867825 -0.014644962682 -0.013032124195 0.0073675742964 
-0.017092719876 -0.01137587466 0.0073153635564 -0.019201708689 -0.010541212499 0.007214658423 -0.02101622258 -0.0096398291614 0.0063415354347 
0.020235930691 0.017136216985 0.0021683003594 0.021518893802 0.014662296247 0.0024594699984 0.022452641371 0.011852209602 0.0029401377107 
0.02259759641 0.0086249612794 0.0035545694108 0.021750357424 0.004921475077 0.0038649322736 0.020682545463 0.00056487417931 0.0037726226115 
0.020446726379 -0.0040897091042 0.0036580234387 0.020906441508 -0.0080744241307 0.0036379417642 0.021088927932 -0.011012299343 0.0033562580806 
-0.011539719988 0.014727957265 -0.0018637724013 -0.011121034977 0.0074795231385 -0.001861612475 -0.012126785679 0.0020931714339 -0.0034001478857 
-0.015787498791 -0.0005853542358 -0.0049862742683 -0.021432001184 -0.0021463455835 -0.0044248107993 -0.026222775603 -0.0038994611015 -0.0017956565798 
-0.027948042157 -0.0055859907377 0.00091907673284 -0.026982301827 -0.0068477703673 0.0026986568216 -0.024891267251 -0.007801256938 0.0039094150273 
-0.010355881315 0.0010888565811 -0.0016161963282 -0.010268688275 0.0025038836135 -0.0013094373335 -0.0087261669019 0.0012486171337 -0.002758682373 
-0.0099614886103 0.0040665300745 -0.0016476563309 -0.0085613922518 0.002756851963 -0.0032650424223 -0.0072347573251 0.0020396267758 -0.0057917333622 
-0.0095127068194 0.0059247455103 -0.0027232134153 -0.0083338565459 0.0044842879132 -0.004399344093 -0.0069515786604 0.0034509112627 -0.0065555761659 
-0.0051501996513 0.0023995168724 -0.0083330679489 -0.0088286283515 0.0078655359165 -0.0039078480403 -0.0078423873873 0.0065080476448 -0.0054473469331 
-0.0063801343439 0.0049710788019 -0.0068332939551 -0.0042684601711 0.0033914659533 -0.0075618517514 -0.0018428303959 0.0016355924061 -0.0073918437594 
-0.0075717471381 0.0093464349491 -0.0045314535802 -0.0065884614165 0.0083424637279 -0.0058185310201 -0.0048807821378 0.0065706646481 -0.0063143889525 
-0.0025198001919 0.0043806216197 -0.0056373436722 6.5684639806e-05 0.0021006546224 -0.0043711323989 0.0023416692022 -3.7690918307e-05 -0.0037052951239 
-0.0057882779008 0.010368888764 -0.00473532478 -0.0044984204439 0.0095719627066 -0.0058454821659 -0.0023000014733 0.00783876639 -0.0058128018159 
0.00034861755144 0.005437865534 -0.0039993840407 0.0028692261623 0.0027930273583 -0.0013570617428 0.0049083826779 0.00012930582502 8.5322454301e-06 
0.0065473576274 -0.0021862685063 -0.0010453293455 -0.0039932267972 0.011441647847 -0.0050078967168 -0.0022558603162 0.010533081767 -0.006148924066 
0.00048500565841 0.0087440561436 -0.0062003544292 0.0034722496706 0.0063905209759 -0.0041262853978 0.0058884352759 0.0038763074703 -0.00049938503779 
0.0075563918822 0.0011190451857 0.0021856382442 0.0088512417796 -0.0018610935923 0.0018759252424 0.010192566116 -0.0044590905155 -0.0011582728514 
-0.013853878758 0.0042066093138 -0.0036453928682 -0.014865309235 0.0068941469321 -0.0056175923439 -0.013923958294 0.0057321779367 -0.0028168815444 
-0.01477068079 0.0094246593128 -0.0076117030521 -0.015000557146 0.0084796866403 -0.0042535779436 -0.013750717318 0.0070167514836 -0.0014722830815 
-0.013957302965 0.011952697231 -0.0093733247189 -0.015087327483 0.011067498021 -0.005776858068 -0.01506899089 0.0095738731323 -0.0021107497725 
-0.013131808134 0.0081543855412 -0.00058888723317 -0.012991744461 0.014985338393 -0.010458064498 -0.01441637764 0.013863889785 -0.0074144909083 
-0.015586198612 0.012124485258 -0.003082535257 -0.014574050767 0.010436607897 -0.00047457593385 -0.011935401823 0.0092087951593 -0.00069939803202 
-0.012016666951 0.018503339252 -0.010190993524 -0.013343695759 0.017358188867 -0.0086076082834 -0.015297994766 0.015048373922 -0.0043976194447 
-0.015483833482 0.012957250521 -0.00074904252692 -0.013088361706 0.011153562406 2.0355852513e-05 -0.01008512642 0.0099562912182 -0.001319114131 
-0.011265488145 0.021907515408 -0.0086277962699 -0.012237386444 0.021245707999 -0.008601733724 -0.014468499177 0.018419749805 -0.0053991132635 
-0.015796981352 0.015735579199 -0.0013451414812 -0.01413291361 0.013520679449 0.00044457417636 -0.010654611238 0.011501891939 -0.00028014218284 
-0.0078772181164 0.010444753435 -0.0018851556509 -0.011223602532 0.024430716869 -0.0065748929074 -0.011660370979 0.024582424341 -0.0074425351757 
-0.01355680951 0.0216786338 -0.0054928985935 -0.015566238221 0.018396478082 -0.001862185555 -0.014997060187 0.015907404462 0.00053619021796 
-0.011591322181 0.013546528891 0.00048341658301 -0.0080014800289 0.011649776129 -0.00086887644357 -0.0059463378301 0.011162851649 -0.0023520287717 
-0.012768701018 0.026313592155 -0.003527083381 -0.013165070793 0.024822495275 -0.0011563950265 -0.012791197861 0.025620725371 -0.0033245949231 
-0.012563648522 0.022947202377 0.0016830060058 -0.012958074414 0.023675612295 -0.00032691472644 -0.013840182271 0.022616088079 -0.0016623104706 
-0.01144558333 0.022354158021 0.0034347907413 -0.01181863642 0.022677308686 0.0019019545791 -0.013139131788 0.021416266491 0.00062287895172 
-0.01461421913 0.019619078208 0.00025043720174 -0.010537563156 0.021411682135 0.0034479521846 -0.010065518622 0.022230276168 0.002555996534 
-0.010694458405 0.020979766607 0.0013780618847 -0.012096850966 0.018922208561 0.00087637278162 -0.012918087337 0.017126665919 0.00089917461416 
-0.0090543684147 0.018025489745 0.0025380916717 -0.0082889078772 0.01987699308 0.0021990843297 -0.0078433304531 0.019663449493 0.0012336786795 
-0.0083876243492 0.017990896607 0.00054060552565 -0.00911809978 0.016183261075 0.00032945034941 -0.009154581311 0.014690786872 0.00019831587086 
-0.0058461529701 0.013961993246 0.0018742634381 -0.0057872434653 0.016031102749 0.0017562782873 -0.0053501588564 0.016998497019 0.0010792212068 
-0.005342028024 0.016566061391 0.00032602920337 -0.00578513444 0.01543089466 -0.0002047318623 -0.0060343120681 0.014278393114 -0.0006169953271 
-0.0059520667388 0.013180171184 -0.0010356581147 -0.0016482618203 0.012437574279 0.0020672330335 -0.0023378430729 0.013979562335 0.001779583386 
-0.0028094316563 0.015378358443 0.0012107061755 -0.0032771619107 0.016041068416 0.00046220173621 -0.0038276766306 0.01582628304 -0.0003347951749 
-0.0042166265199 0.015116834816 -0.0011247072826 -0.0043210430537 0.014240341584 -0.0018263743065 -0.0043813177874 0.013285584 -0.0023762963051 
-0.0013506127697 0.015211052929 -0.0049465638884 -0.0012101696525 0.016395416388 -0.0041991970867 0.0021678397196 0.015061088242 -0.0058356913515 
-0.0013080716537 0.017959773124 -0.0030236030057 0.0023293565745 0.01643853895 -0.0046687789165 0.0066161963539 0.014056976365 -0.0059249191778 
-0.0014429102563 0.019720916289 -0.0013480267037 0.0017481868263 0.018855631012 -0.0028947624393 0.0064559385958 0.015877862244 -0.0041950670485 
0.010175475166 0.014383540623 -0.0052595903965 -0.00098999914866 0.020707606004 0.00049571548201 0.0009216445677 0.021571407903 -0.00048770260055 
0.0051534739861 0.019007298941 -0.0018315409295 0.009477839186 0.016696893852 -0.0031214995122 0.011927415052 0.01725194202 -0.0044004902961 
0.00034861873697 0.020264023479 0.0020067796938 0.00099634268057 0.022902486881 0.0019119912883 0.0037704939321 0.021929856178 0.00096730275935 
0.0080908388701 0.019509012782 -0.0006039865544 0.011276331554 0.019337955477 -0.002136671346 0.012877275827 0.020819983277 -0.0034010983589 
0.0020427784906 0.018932387732 0.0030519179784 0.0022296325322 0.022401093954 0.0036032915941 0.0035333921483 0.022997797173 0.003363651719 
0.0070576034734 0.021357880284 0.0019154142681 0.010868889533 0.020716870345 0.00011583144419 0.013035914493 0.021926583042 -0.0010885227848 
0.014247306852 0.022677826562 -0.001797391974 0.0033299310114 0.01757980152 0.003889895997 0.0037001585744 0.021088290331 0.0046386871298 
0.0042981998526 0.022454241732 0.0048438972875 0.00681291038 0.021645883196 0.0038654975446 0.010693444489 0.021000581542 0.0020933890235 
0.013708444123 0.021906406358 0.00086480559318 0.015166726991 0.022981030045 0.00053685321566 0.016126574572 0.022539004656 0.00034906388535 
0.00052994934996 0.013062028729 -0.0069126771867 0.004516110143 0.012492797296 -0.0080847743991 0.0035105912475 0.011169676674 -0.0081119545202 
0.0085919277456 0.011829968228 -0.0083414727946 0.0075002137429 0.010346834445 -0.0087953734109 0.0067684788774 0.0086773280411 -0.0078036284395 
0.011816431305 0.012661068864 -0.0076874393665 0.01082298825 0.010160282035 -0.0081606116276 0.0099315669473 0.0079198464458 -0.0072103752888 
0.0092443406414 0.0062728649873 -0.0048232527533 0.0140103747 0.015195849662 -0.0066708027149 0.013642292824 0.011244657905 -0.0065486942782 
0.012364405582 0.0078632978209 -0.0051528789551 0.011197843045 0.005734531807 -0.0028907754386 0.010471940681 0.0042483468233 -0.00025927972579 
0.01544751814 0.017719263387 -0.0054412841537 0.016016602782 0.013026181333 -0.0048700703505 0.014946169242 0.008501707452 -0.0026424716501 
0.012951093005 0.0056088959919 -0.00023681879921 0.011666757094 0.0038034959923 0.0014870236731 0.011187873898 0.0018490739884 0.0026654807965 
0.016431940163 0.018766307653 -0.003722121423 0.017378224604 0.014473105913 -0.0034403017732 0.017069841834 0.0096592247684 -0.0010474114554 
0.01518977282 0.006011099319 0.0016891977758 0.013288010187 0.00362155618 0.0028690266201 0.012560747529 0.0011592514532 0.0026529950537 
0.012361427033 -0.0015804781272 0.002028135798 0.017391717583 0.018443432443 -0.0016054488657 0.017851375281 0.015079876524 -0.0019629041747 
0.017866601475 0.010898393158 -0.00041959500918 0.016858242336 0.0070232596 0.0019234871207 0.015389101703 0.0039636142867 0.003021584219 
0.01452024047 0.00088719353003 0.0022437764538 0.014345333557 -0.002596043781 0.00055979098624 0.014054264811 -0.0053712946446 -0.0011462814353 
0.01977052913 0.014986793735 0.001281239795 0.020816646357 0.012128208901 0.0022549222865 0.018950149353 0.012138595529 0.0010928466437 
0.021673125997 0.0087804083576 0.0030894782378 0.019816959261 0.0087911253625 0.0021903505563 0.018267758195 0.0087052289783 0.0012901835637 
0.021712482666 0.0051006069943 0.0033147058788 0.020853472809 0.0048848539633 0.0025591458218 0.019410697297 0.0049752814676 0.0013992274081 
0.018127974412 0.0050691882235 0.0010806049946 0.02084291041 0.0011635556391 0.0028157297937 0.020999044127 0.0010317872485 0.0021441756206 
0.020621252181 0.0008719704399 0.00096283478293 0.019612116306 0.0011047906286 -4.8712226908e-05 0.018269468693 0.0012721140152 0.00022402831927 
0.020296862593 -0.0032001229686 0.0021847809648 0.020434705608 -0.0027573126442 0.0013159454466 0.020617180485 -0.0027961972578 0.00042611178694 
0.020306507399 -0.0029019114195 -0.00072899674887 0.019481319934 -0.0029515063499 -0.0013941932334 0.018196978203 -0.0030065334897 -0.0011699059407 
0.020763540595 -0.0074480548577 0.0018384021621 0.020608430962 -0.0068124829494 0.00043027864543 0.020443248244 -0.0064223424953 -0.00058978504474 
0.019991285928 -0.0063894167913 -0.0015737327396 0.019427055657 -0.0066972532916 -0.0025369898248 0.018892171822 -0.0071296411222 -0.0032581649268 
0.017918355024 -0.0071686118184 -0.0034195467279 0.021263064094 -0.010793817076 0.0014123920298 0.02143571801 -0.010597325392 -0.00062571222069 
0.021398461941 -0.010336443521 -0.0024827807066 0.020675420498 -0.0099913354426 -0.0040139108549 0.01959174918 -0.0098230724756 -0.0051425613493 
0.018958729027 -0.0100227219 -0.0060198651825 0.018569387375 -0.010193691379 -0.0066594856643 0.017543089868 -0.009684852559 -0.0064564888828 
0.021106048714 0.01715058493 0.0033161437228 0.020821460619 0.016487677221 0.0040602476733 0.022210469009 0.014501519273 0.0030952729012 
0.019201850303 0.014660888355 0.0046216954474 0.021411012802 0.013371746362 0.0038340689457 0.022723561997 0.01144172903 0.0034518910902 
0.017063468202 0.011964323569 0.0052519108339 0.019395303563 0.011060161996 0.0050925523551 0.021532836798 0.0098595783075 0.0047473494881 
0.02233118571 0.0079116613569 0.0043998871204 0.015145181771 0.0094576987684 0.0059413100055 0.017164878305 0.0084151224943 0.0065288733558 
0.019446778357 0.0073602568479 0.006795444706 0.021065872194 0.0060238916454 0.0063421894371 0.021272167948 0.0037218819299 0.005234801437 
0.013374570257 0.0074867695169 0.0064427872413 0.015152438324 0.0063419186003 0.0073571602668 0.017120119253 0.0050542553266 0.0082274917249 
0.019005626455 0.0037282380453 0.0083194685543 0.020149310806 0.0017653905434 0.0073245355655 0.020435547858 -0.0010751659734 0.0055520613329 
0.011519012986 0.0054002903372 0.0063953729437 0.013155308847 0.0044911835299 0.0072920076926 0.014737019644 0.0032638521819 0.0081631046161 
0.016296940986 0.0018908278906 0.0085958312188 0.017886797713 1.2269393822e-05 0.0083411080685 0.01933062396 -0.0027020636603 0.0072470787462 
0.020357082471 -0.0056496756971 0.0055249290047 0.0096677451072 0.0029372204528 0.00568402616 0.011111145983 0.0022253968176 0.0065554162968 
0.012427803437 0.0012905540789 0.0072034220084 0.013488231653 0.00018384973697 0.0073724923344 0.014775958451 -0.0013861822655 0.0073871325182 
0.016797511191 -0.0038484999616 0.0073056654471 0.01906768508 -0.0067790022179 0.0066682192772 0.020591335639 -0.0092458500793 0.0052858857083 
0.0046196687316 0.017620669466 0.0063544429064 0.0048735736313 0.017707114323 0.0078007770816 0.0052440309406 0.019931600847 0.0067006429666 
0.0053002979855 0.016520441506 0.0086086132463 0.0061075360693 0.018882431932 0.0074394103816 0.0066871352457 0.020282921494 0.0062156946341 
0.0060360163249 0.014699097167 0.0087417766444 0.0073222175036 0.017086304484 0.007731006578 0.008589335793 0.018744512285 0.0063832857794 
0.0096450279357 0.019765399683 0.0050548950114 0.0067018146911 0.012783901134 0.0084831095772 0.0083932831329 0.015085455134 0.0077848363035 
0.010184231841 0.017128105888 0.0066104279256 0.011905354457 0.01880639389 0.005282243778 0.013294824515 0.020152831196 0.0038710371564 
0.0071884501722 0.010689546852 0.0078875540333 0.0089839001685 0.012950593942 0.0075820146443 0.011002164105 0.015201949325 0.0067678667727 
0.013031351195 0.0175752077 0.0058315900248 0.014942445193 0.01979335714 0.0047822490183 0.01613141419 0.021428712665 0.0035761715734 
0.007666094239 0.0083006660752 0.0069000846121 0.0093387279076 0.010640212163 0.0070098557974 0.011305960416 0.012886192897 0.0065192561093 
0.013313302923 0.015451373251 0.0059791235499 0.015345094096 0.018325476278 0.0055727973646 0.017086174045 0.020698518765 0.0050027718129 
0.017749728185 0.022059191805 0.004002965098 0.0081029667293 0.0058276804261 0.005838799982 0.0096746140205 0.0082707731855 0.0063204212088 
0.011501967027 0.010498147533 0.006116080425 0.013366276593 0.012802688638 0.0056726555117 0.015260203724 0.015643694221 0.0055155945674 
0.017204992064 0.018514791361 0.005508848265 0.018615546276 0.020430487658 0.0051409503968 0.018808779036 0.021241837678 0.0040772736115 
0.0028783531149 0.01136136452 0.0044981808786 0.0019308331684 0.008621694828 0.0030294729408 0.0037304098636 0.011830034415 0.0063683358998 
0.00078651734122 0.0062603618999 0.0014586837342 0.0032126082433 0.0086982637392 0.0046867666948 0.004038301832 0.011540478666 0.0076719849937 
-0.00062940577594 0.0041453532636 0.00085413455223 0.0023968148338 0.0059749180147 0.0027548169028 0.0037909118129 0.0084681196308 0.0057038422463 
0.0041992129751 0.010658182791 0.0080257528007 -0.0021135170839 0.0020123296475 0.0013273189319 0.0010570959335 0.003545491666 0.0017956956198 
0.0031928589265 0.0057516937337 0.0035379119552 0.0039029730726 0.0078959230754 0.0059888431582 0.0043489685805 0.0094873703488 0.0077518187434 
-0.0034125602097 3.7320461488e-06 0.0020888846604 -0.00057843464215 0.001275996336 0.0020633832457 0.0019513396551 0.0031800437685 0.0025086619733 
0.0032780784216 0.0052055513129 0.004020588612 0.0038393260108 0.0068221881278 0.0059248079687 0.0046190339598 0.0078229757563 0.0071157148509 
-0.0044953418394 -0.0016411041881 0.0027873657239 -0.002096594536 -0.00065817894132 0.0029684827846 0.00035013317387 0.00078010754409 0.0028628961785 
0.0020947125641 0.0024629321377 0.0032321028685 0.0030769262426 0.0039931833279 0.0043891389849 0.0039411821957 0.0050115495415 0.0055385747529 
0.0050808715224 0.0055371430145 0.0060534880282 -0.0054039371925 -0.0029831150252 0.0036686611503 -0.0033028397465 -0.0022024167086 0.0041080219316 
-0.0011186289051 -0.0011936964097 0.0039723706561 0.00067578973957 -2.7778548423e-05 0.0036346751136 0.0019320328982 0.0011870619822 0.0038532014146 
0.0030161477437 0.0021739897085 0.0044567034427 0.0042207549486 0.0027271828062 0.0047733688017 0.0055153179071 0.003049693852 0.0048011757335 
-0.00555668168 -0.0049175451766 0.0066441109414 -0.0049912799358 -0.0058277130657 0.008182387821 -0.0035829422906 -0.0042704052406 0.0067396293772 
-0.004674182887 -0.0070802172763 0.009029832756 -0.0031592959573 -0.005271933855 0.0074602151975 -0.0018111982262 -0.0036208370129 0.005920665963 
-0.0045874164106 -0.0089700312297 0.0093015177731 -0.0030576165015 -0.0067896195541 0.0075599991193 -0.0016105431524 -0.0048818345712 0.006004385645 
-0.00040933532151 -0.0031247079526 0.0048771956078 -0.0045240706394 -0.011354732114 0.0092063247315 -0.0030648935589 -0.00895533118 0.0075209825066 
-0.0015343146498 -0.0067058383176 0.0060186904506 -0.00027592544987 -0.0046740037448 0.0050581346397 0.00078957765345 -0.0026273332067 0.0044892564307 
-0.0042885348964 -0.013473953398 0.0087026153303 -0.0028855981048 -0.011284897232 0.0074957951146 -0.0013492953361 -0.0089463142527 0.0062705687045 
-2.6876767347e-05 -0.0066190316556 0.0054473773237 0.0010191567128 -0.0043358422897 0.0048874026432 0.0020531516313 -0.0020784924236 0.0043978665039 
-0.0036482105677 -0.014875137698 0.0079254626812 -0.0023042962297 -0.013192928975 0.0073908965519 -0.00090689964135 -0.011125989143 0.0065524718283 
0.00037244274607 -0.0087500624432 0.0058315745866 0.0013844575996 -0.0062529758275 0.0052575929193 0.0023336399316 -0.003879146177 0.0045599864548 
0.0034047624043 -0.0016768570136 0.003968278715 -0.0023952836343 -0.015875098317 0.0071670028347 -0.0011687567766 -0.014752895258 0.0072556088086 
-7.9375418999e-05 -0.013071328863 0.0067608989128 0.00096617979044 -0.010842450384 0.0060085703903 0.0018909206245 -0.0082952464628 0.0053753050833 
0.0027278941001 -0.0057891728127 0.0047103539558 0.0036910947163 -0.0035387102623 0.0039483959242 0.0047697000269 -0.0014059138686 0.0035599736069 
0.0020541543656 -0.017610326092 0.0060354876485 0.0041894553858 -0.017822533746 0.0050969984028 0.0026299319285 -0.016762218329 0.0065506975545 
0.0059343718213 -0.016705774227 0.0037664658112 0.0044464797022 -0.016374909645 0.0055681227568 0.0030193711746 -0.014875511653 0.0062059597816 
0.0084826805312 -0.015331678447 0.0031028607469 0.0064831489641 -0.015017044617 0.0046246575394 0.0049203439565 -0.014045302254 0.0053400485567 
0.0036232196718 -0.012338149372 0.0053952623492 0.0121949135 -0.015239684478 0.0035463570584 0.0093669702842 -0.013942400415 0.0044547511943 
0.0072165593581 -0.012798738018 0.004833161926 0.0056838117776 -0.011416709243 0.004868857132 0.0044085978437 -0.0096676087002 0.0048081919438 
0.015770916223 -0.015743876377 0.0043418183922 0.012579726315 -0.013593405688 0.0048429705561 0.0096564994611 -0.01170942983 0.0047130371773 
0.0078014671598 -0.010218477419 0.0046464617211 0.0064792149636 -0.0087639699458 0.0046803936834 0.0052113751135 -0.0071035734041 0.0045285629041 
0.018159855436 -0.015230224476 0.0048411257087 0.015307082748 -0.012967927373 0.0053309534111 0.01186178696 -0.010529557297 0.0048207805913 
0.0095466933842 -0.0086222784436 0.0044832246551 0.0083757744472 -0.0073046547325 0.0047282228234 0.0072937329266 -0.0060275268377 0.0048209664149 
0.0060928986261 -0.0046092580089 0.004345209841 0.019586100226 -0.013695066101 0.0049703604291 0.017483582227 -0.011656514857 0.0058218667611 
0.014112074376 -0.0090482087794 0.0054337998084 0.011310820152 -0.0066850471351 0.0048095076102 0.010008934045 -0.0051858361415 0.004916630159 
0.0092747454247 -0.0041760280858 0.0053473966771 0.0082305551009 -0.0031400799756 0.0051388042736 0.0070718578482 -0.0020480271376 0.0043522908744 
0.0015853229997 -0.017615724425 0.0034213405376 0.0022624218744 -0.01736380147 0.0016408179654 0.0046120370333 -0.017768638819 0.0019816078106 
0.0029717508997 -0.017585373451 -0.00014814731919 0.0057643993967 -0.017278151074 -0.00013219385901 0.0070013504163 -0.016878657852 0.00023392188028 
0.0034846569979 -0.018778442322 -0.0021714068396 0.0072523642595 -0.017878667764 -0.0020597012042 0.0092369620966 -0.016919080984 -0.001926275036 
0.010123518585 -0.016230926995 -0.00090417623418 0.0033503547677 -0.020008133747 -0.004362208479 0.0085855452963 -0.019779432121 -0.004271058441 
0.012327226746 -0.018983976548 -0.0041412935741 0.013837542893 -0.01817562384 -0.0033016752467 0.014380267008 -0.01765972238 -0.0010334952553 
0.0025269876623 -0.019567349445 -0.0058644763985 0.0088529480842 -0.021134386832 -0.0066265507582 0.015007781312 -0.02208775172 -0.0070717689804 
0.018170283757 -0.022167286567 -0.0066031625678 0.01827828169 -0.021389944204 -0.004392892686 0.017828336879 -0.019903897062 -0.00081506796914 
0.0015797311398 -0.017166454468 -0.0061098753753 0.0078478889184 -0.02008975422 -0.0079818391082 0.015676703722 -0.023306333995 -0.0098709097601 
0.02126336793 -0.025600102558 -0.010691865373 0.021982917471 -0.025717584975 -0.0091658161078 0.02015091865 -0.02351814066 -0.0052941134213 
0.019145314814 -0.020234501903 -0.00072801595981 0.001001105848 -0.014215805039 -0.005726962758 0.006259171635 -0.017111822251 -0.0078583765619 
0.014069750933 -0.02126669889 -0.010846817006 0.021539457587 -0.02553528958 -0.013540875035 0.024309324951 -0.027767590873 -0.013890250347 
0.022369968696 -0.026463982428 -0.010825181015 0.019902616759 -0.022597092604 -0.0056415826903 0.019390894849 -0.018444214868 -0.0006642975465 
-0.0055679175019 -0.017553910565 0.0048182468396 -0.0088546777076 -0.01895699198 0.0059287619043 -0.005973498455 -0.017795624817 0.0036727612636 
-0.011045537649 -0.020119668143 0.0070441892772 -0.0099367385181 -0.019482717393 0.0046766627887 -0.0062220009846 -0.018392338487 0.0021750816895 
-0.012359336643 -0.019120109765 0.0070982570962 -0.012662068585 -0.020638664446 0.0052886314335 -0.010819539038 -0.020154547384 0.0027969754262 
-0.0063522569353 -0.019442289371 5.2465994699e-05 -0.013549341372 -0.016057929208 0.0062932633685 -0.013900418246 -0.019423317223 0.004868469004 
-0.013935257845 -0.021051192439 0.0028857488421 -0.011218421554 -0.020793505245 0.00032821354232 -0.0063962020849 -0.020094997455 -0.002258013622 
-0.014940105798 -0.012999677277 0.0058293167108 -0.014154513245 -0.016254834052 0.0041456816541 -0.014760328411 -0.019647038498 0.002326299982 
-0.014221166269 -0.021102728401 0.00028300831936 -0.010831981848 -0.020499472891 -0.001922917163 -0.0062348961208 -0.019139375705 -0.0037272252252 
-0.016539466117 -0.011028839838 0.0058986010402 -0.014401826093 -0.012949694902 0.0041470621009 -0.014003238914 -0.01637690918 0.0021054442222 
-0.014485564384 -0.019395397815 0.00010512569601 -0.013243488068 -0.020074609147 -0.0017155257988 -0.0097308669592 -0.018624672645 -0.0031301377616 
-0.0057668875755 -0.01661645878 -0.0040030694269 -0.018349097724 -0.0096224407034 0.0056814160682 -0.015472537806 -0.010319492463 0.0046066307674 
-0.013557998244 -0.01263329254 0.0028690305598 -0.013269615588 -0.01594624097 0.00072748960787 -0.013214219182 -0.018130833982 -0.0012941994346 
-0.011534768749 -0.017847098956 -0.0027236933584 -0.0084008592179 -0.015881520473 -0.0034329653736 -0.0050998356417 -0.013876608151 -0.0038678859796 
-0.020080181414 -0.0067627023503 0.0038566282276 -0.019749796976 -0.0054337595626 0.0030941687545 -0.017098144953 -0.0067533249546 0.0042248273452 
-0.019025778458 -0.0047286876894 0.0018971600695 -0.016824234148 -0.0056089257914 0.0037214021332 -0.014213424186 -0.0081258447279 0.0037831584586 
-0.017940479251 -0.0043140121419 -8.2538330274e-05 -0.016135806647 -0.005116804448 0.0023435359685 -0.013747034336 -0.0072122043571 0.0032782047703 
-0.012118874103 -0.010792610796 0.0020491150424 -0.016659168483 -0.0035021095299 -0.002079752503 -0.014889207409 -0.004817981194 -1.9448963122e-05 
-0.01271893166 -0.0067723199055 0.0015348688358 -0.011123914254 -0.0097755645899 0.0012156166185 -0.010942523593 -0.013252884375 -0.00048997755796 
-0.015161457391 -0.0023791151003 -0.0031495897335 -0.013297444536 -0.0042308791636 -0.0023420615987 -0.011211894387 -0.0064108692548 -0.0012684534113 
-0.0097878540539 -0.00906228406 -0.00084707038265 -0.0095652189508 -0.011835734073 -0.0015819634096 -0.009940737361 -0.014025776484 -0.0026044539759 
-0.013472453382 -0.0016050330384 -0.0033469113755 -0.011688045859 -0.0035652171853 -0.0037281631695 -0.0097892497155 -0.0057936291647 -0.0039234903941 
-0.0085614030459 -0.0083100124336 -0.0036817548146 -0.0083865962662 -0.01070986664 -0.0035723765649 -0.0085962769965 -0.012375689297 -0.0037487721904 
-0.0082733251562 -0.013150228028 -0.0037844396401 -0.011914282127 -0.0013199209465 -0.0031686630901 -0.010364635987 -0.0030952249799 -0.0041924872255 
-0.0088599568877 -0.0049916255976 -0.005516602714 -0.0078842730908 -0.0071783756188 -0.006135842131 -0.0076600814725 -0.0094087333913 -0.0059806428733 
-0.0076375825745 -0.011045761146 -0.0056361727582 -0.0070335655072 -0.011712813211 -0.0052225051265 -0.0058105509381 -0.011783128302 -0.0046513610038 
-0.0091294331204 -0.0015711471701 -0.0034418795673 -0.007959893059 -0.001173784324 -0.005122878116 -0.0082325166844 -0.0027830348945 -0.0055941185244 
-0.0066200230561 -0.0004847335572 -0.0074795984136 -0.0073025861963 -0.0023255787836 -0.0074190642576 -0.0076265791155 -0.0041039389804 -0.0076983170189 
-0.0042610151983 -0.00041163926704 -0.0089073139543 -0.0054949278476 -0.0020728033541 -0.0086821183461 -0.0065124425465 -0.003842085729 -0.0087983795842 
-0.0070729910291 -0.0057450683883 -0.008774686915 -0.00095266051123 -0.0010084836286 -0.0080513348034 -0.0023712735893 -0.0024208108038 -0.0083318295519 
-0.003877204746 -0.0039737563943 -0.0086620740614 -0.005209455223 -0.0056310914203 -0.0092002984201 -0.0062028759343 -0.007571407888 -0.0089992150508 
0.0027344081273 -0.001837065234 -0.0061918898795 0.0012766996817 -0.0028011121639 -0.0068428672365 -0.00027587033799 -0.0043083977028 -0.0072541972032 
-0.0018674834297 -0.0058298037073 -0.0084084809944 -0.0033794777333 -0.0074341905392 -0.00942390764 -0.0047739908207 -0.0091212243438 -0.0089702440861 
0.006713551107 -0.0031217499101 -0.0059533021527 0.0051460937281 -0.0031193021877 -0.0065379763821 0.0033740417626 -0.0042577898233 -0.0061644032735 
0.0015783082651 -0.0059304743921 -0.0066800581018 1.1603762023e-05 -0.0075107202559 -0.0084072368252 -0.0014426080561 -0.0088941021696 -0.0094162454656 
-0.0029928569006 -0.0099911516772 -0.0085106611688 0.010833009736 -0.0052243602306 -0.0077371650421 0.0095023970059 -0.0042102294254 -0.0086355961302 
0.0075084263982 -0.0043038825054 -0.0074985074222 0.0050342694713 -0.0056471141664 -0.0060221403054 0.0028684464674 -0.0073795373205 -0.0063590347497 
0.0014143322399 -0.0088152315139 -0.0079811981298 0.00016333995985 -0.0097557453011 -0.008578672757 -0.001364492667 -0.010305581609 -0.0074309660784 
0.0027537869128 -0.01147226327 -0.0065547288527 0.0043381606951 -0.010879277283 -0.006662599573 0.0072763726114 -0.013366812452 -0.0076975877196 
0.0057740342763 -0.0099034057458 -0.0059534485173 0.0093101064319 -0.012338036452 -0.0076032725872 0.014304959938 -0.016737701518 -0.010826485298 
0.008176260964 -0.0086275911347 -0.0062929267027 0.011623470786 -0.011029676001 -0.0080829888561 0.016667080471 -0.015306501206 -0.011678407847 
0.021528620871 -0.0210867544 -0.015221994163 0.011859888953 -0.0075083121038 -0.0093322198853 0.015071803637 -0.010008823927 -0.011053306895 
0.019310544928 -0.013881685687 -0.013905279139 0.023136327428 -0.019165591402 -0.01675285715 0.024800974675 -0.024200074172 -0.01754370214 
0.015221789609 -0.0071502428615 -0.013228072016 0.018420005256 -0.0096290005125 -0.015301392856 0.021926905568 -0.013073456504 -0.017323636052 
0.024736871894 -0.017357028082 -0.018564938636 0.025240355649 -0.021398601261 -0.017923238666 0.0235670477 -0.023829001289 -0.015165858603 
0.016833521995 -0.0079206982244 -0.014586631565 0.01972080656 -0.0099360480884 -0.016944185021 0.022533535351 -0.012617650051 -0.018577164914 
0.024982766981 -0.015847966275 -0.018907769899 0.02566436907 -0.018742854347 -0.017165551433 0.02392406377 -0.020286819558 -0.01363397554 
0.021345586276 -0.020456662645 -0.0094132029376 0.017051676632 -0.0092379634603 -0.012677149714 0.019234672019 -0.010662981923 -0.014666920746 
0.021004513567 -0.012189124726 -0.0157193844 0.022856829363 -0.014083175961 -0.015791491909 0.024317875299 -0.016005108244 -0.014272996169 
0.024099004569 -0.017074664282 -0.011093897758 0.022323075033 -0.017015358859 -0.0072261500702 0.02060218636 -0.016495125063 -0.0036075045497 
-0.011625957326 0.01365643482 -0.0034932314821 -0.012465934376 0.012575816832 -0.0061805286847 -0.012507675243 0.006789879496 -0.0041615271973 
-0.013658744075 0.011515852655 -0.009087214492 -0.014572262156 0.0068434961361 -0.0072564583757 -0.015149014877 0.0024340104868 -0.0061264535253 
-0.014557058213 0.0099444366493 -0.010755462427 -0.016377641531 0.0067064168449 -0.0096199085074 -0.018197604004 0.0031255093448 -0.0084761627769 
-0.019848022188 0.00022465215805 -0.006932848798 -0.015129317507 0.0078935221868 -0.01048809926 -0.017209646602 0.0054843968959 -0.010047151781 
-0.019900731283 0.002736683978 -0.0090522441404 -0.022514988786 0.00028814967843 -0.0074607075059 -0.024724685181 -0.0018597889229 -0.0049723555309 
-0.015675467278 0.006008676882 -0.0088198047658 -0.017347320132 0.0038366559877 -0.0088179449158 -0.019891591584 0.0012913345016 -0.0080346797199 
-0.022729675559 -0.00090547270712 -0.0064789862703 -0.025344683768 -0.0026324340359 -0.0043015968445 -0.027194949332 -0.0041749585645 -0.0018073106998 
-0.0158342746 0.0043396127649 -0.0065871479301 -0.017204050305 0.0026576341174 -0.0068747759156 -0.019065772196 0.00020450127346 -0.0065239792967 
-0.021234049618 -0.0021407261664 -0.0052634654889 -0.023565627529 -0.0037480565574 -0.0032649652017 -0.025628911659 -0.0048254937368 -0.0012602327352 
-0.026813551581 -0.005831304967 0.00057274768092 -0.014969593853 0.0024887480547 -0.004480724244 -0.016428067754 0.0016421961823 -0.0049149130052 
-0.017993751191 -0.0001472100745 -0.0050296618146 -0.019492285551 -0.002376807958 -0.0043979816126 -0.021090232281 -0.0040954023006 -0.0027351630222 
-0.02285388655 -0.0050205914137 -0.00076503475724 -0.024294107638 -0.0057345861531 0.00075392526195 -0.024947319096 -0.0066990554559 0.0021166618831 
-0.01099075643 0.010347429694 -0.00080903156278 -0.010021924099 0.003723567372 -0.0013483052977 -0.0097805806655 0.0062101641855 -0.00082842965017 
-0.011500509027 -0.00062285575112 -0.0027766368862 -0.0088928954062 0.00075780156461 -0.0015323948952 -0.0085515813026 0.0026673145641 -0.0013727598074 
-0.016467586717 -0.0029381573048 -0.0030951983052 -0.011500074951 -0.0031144805429 -0.0020245296796 -0.0086508666436 -0.0021228270055 -0.0016688140302 
-0.0083120495238 -0.00062322268059 -0.001414199316 -0.022871710484 -0.0045603962233 -0.0010338672843 -0.017616666462 -0.0056115874687 -0.00055131339438 
-0.012534810341 -0.006007396826 -0.00079601109635 -0.0097584919035 -0.005162267278 -0.00093458961235 -0.0092522138499 -0.0035063637429 -0.00035912929035 
-0.027051432145 -0.0058671417734 0.0020725768715 -0.023840647049 -0.0068067711851 0.0028890464349 -0.018873572596 -0.0079658899976 0.0023940741835 
-0.014165761279 -0.0082372968204 0.0012536808295 -0.01146042665 -0.0071047651296 0.00090967357181 -0.010420049133 -0.0051656957492 0.0013116563982 
-0.027610556512 -0.0069303160258 0.0044121163524 -0.026761195259 -0.0071988161201 0.006297020186 -0.023897023052 -0.0079388636284 0.0068576309797 
-0.019498327688 -0.0086563061897 0.005599559262 -0.015268640502 -0.0084555462496 0.0039542254131 -0.012486024614 -0.007191659169 0.0031185645736 
-0.010858911457 -0.005512122705 0.0027528220993 -0.025953082293 -0.0080462301848 0.0057204484501 -0.026319750164 -0.0079015461762 0.0082431871238 
-0.025419864178 -0.0077495097505 0.010192258325 -0.022785600154 -0.007835631167 0.010157488095 -0.018879132164 -0.0078407190651 0.0083446031175 
-0.015076638147 -0.0073586857502 0.0062824493355 -0.012298724597 -0.0064387897768 0.0048246313076 -0.010394418611 -0.0053723341014 0.0038311712491 
-0.01353983331 0.019139814442 -0.0012672263019 -0.012912380884 0.013650235657 -0.00082764172696 -0.013913233002 0.018765138568 -0.00019989266141 
-0.011306945297 0.008578219084 -0.0010688639244 -0.012888030331 0.013353707464 -1.2606072052e-05 -0.013128673004 0.017504401964 0.001704864858 
-0.0097400796301 0.0047948538409 -0.0010645271311 -0.011000601819 0.008931104095 -0.00045129716352 -0.011894779398 0.013208273946 0.0012241744215 
-0.012069496361 0.017257299583 0.0030555377205 -0.0090077891661 0.0019975537563 -0.000217442587 -0.0093208230786 0.0058781871125 -0.00044206967603 
-0.010158274656 0.0098964645009 0.00024111457251 -0.011083227273 0.01386251132 0.0015932133365 -0.011523389872 0.017085778189 0.0027160672998 
-0.0088613776301 -0.00027210081957 0.00091171402063 -0.0083867495139 0.003278260763 0.00034958646075 -0.0086582242737 0.0070719228096 4.3218511457e-05 
-0.009579027497 0.010643150754 0.0001337679047 -0.01040867732 0.013360252035 0.00061723027723 -0.010340370597 0.014808951281 0.0013084875681 
-0.0086581509285 -0.001963802344 0.0016307079769 -0.0078578495307 0.00077058849319 0.0011775125865 -0.0075813217083 0.0040093989245 0.00069884823113 
-0.0079425130514 0.0072214540472 -5.8794918055e-05 -0.0083944895429 0.0096075656945 -0.00070927940207 -0.0082413587523 0.010861809732 -0.00051084620024 
-0.0071025729412 0.011376048267 0.00046470749068 -0.0080867219117 -0.0029908769517 0.0021847228733 -0.0072533163835 -0.0011439483682 0.0016964716073 
-0.006636786009 0.0012112504354 0.0013953008717 -0.0063612345382 0.0038681574334 0.0006631888248 -0.0060986183292 0.0061778677316 -0.00050213987204 
-0.0054389550735 0.0076591837317 -0.0010455341022 -0.0042591905756 0.0086247184294 -0.00028961522839 -0.0026119732938 0.0096953870191 0.0010967373795 
-0.0062432767328 -0.017394451568 0.0075117395187 -0.006556244455 -0.016974420133 0.0094075019408 -0.0079217624548 -0.01834084976 0.0089450809205 
-0.0065215182617 -0.01547142005 0.010944450114 -0.0075918113642 -0.016977467928 0.010708857912 -0.0090165956674 -0.018039679116 0.0099281056024 
-0.0067834216168 -0.013023134626 0.011463712409 -0.0077353587159 -0.014451999894 0.011421307361 -0.0090338426691 -0.015325257083 0.01068103816 
-0.010688852526 -0.015763090859 0.0095154415528 -0.0074443149078 -0.01046582116 0.011053427658 -0.0087167368185 -0.011713464952 0.01114898542 
-0.010188658241 -0.012498671647 0.010607757577 -0.011960147815 -0.012849046502 0.0096842802496 -0.013633846031 -0.012954832794 0.0086047637244 
-0.0081773355971 -0.0084371136004 0.010143166774 -0.010017744621 -0.0093939070242 0.010568687224 -0.012012986075 -0.010208972069 0.010619225043 
-0.014102929761 -0.010840345875 0.0102545761 -0.015964729825 -0.011211391842 0.0095366388791 -0.01705410037 -0.011363340078 0.008545302875 
-0.0087565260457 -0.0070140751165 0.0087423284386 -0.010970711213 -0.0076270294971 0.0096700947629 -0.013562666715 -0.0082573719294 0.010685710576 
-0.01619512398 -0.0090831291511 0.011422422491 -0.018365786362 -0.0099484929702 0.01134766352 -0.019661878007 -0.010573759875 0.010352154806 
-0.019892851271 -0.010783291333 0.0088159530709 -0.009144492253 -0.0060585408152 0.0068554104888 -0.011325018445 -0.006539760026 0.0080532437401 
-0.014158676735 -0.0069273698697 0.0097329312418 -0.017366142287 -0.0075084849911 0.011602468992 -0.02016156474 -0.0083642633072 0.012718460449 
-0.021870811692 -0.0093002083277 0.012234538939 -0.022402033244 -0.0099928659848 0.010378553449 -0.022009673923 -0.010129644806 0.0081475593947 

NORMALS Normals float
0.208859 0.156093 -0.965408 0.180654 0.228148 -0.95672 -0.0384887 0.285061 0.957736 
0.0371825 0.0351954 0.998689 -0.541185 0.561252 -0.626191 -0.0745841 0.379928 0.922004 
-0.100046 -0.541422 -0.834777 0.066248 -0.467785 0.881356 0.603511 0.796287 -0.0412576 
-0.19602 0.902211 -0.384176 0.691178 -0.489646 -0.531526 -0.648084 -0.743845 -0.163344 
0.0546925 0.199515 -0.978367 -0.120344 0.251257 -0.96041 -0.263639 0.302292 -0.916032 
-0.324524 0.31491 -0.891917 -0.297465 0.273605 -0.914689 -0.214476 0.235126 -0.948006 
-0.111968 0.241173 -0.964001 0.00320737 0.261037 -0.965323 0.116214 0.256869 -0.959433 
0.18002 0.167113 -0.969364 0.115987 0.163335 -0.979729 0.0348399 0.148997 -0.988224 
-0.0175962 0.170864 -0.985138 -0.0224029 0.259212 -0.96556 -0.0223731 0.392837 -0.919336 
-0.0828091 0.517381 -0.851739 -0.22541 0.583387 -0.780288 -0.40325 0.590491 -0.699078 
0.139425 0.18818 -0.972188 0.0446625 0.224433 -0.973465 -0.0643356 0.229109 -0.971272 
-0.170346 0.167754 -0.971 -0.242524 0.0528779 -0.968703 -0.262483 -0.0937445 -0.960372 
-0.233559 -0.257821 -0.937539 -0.178016 -0.402237 -0.898062 -0.127839 -0.493588 -0.860249 
0.339461 0.110823 -0.934069 0.50216 0.0804832 -0.861021 0.649012 0.0534267 -0.7589 
0.72891 0.057124 -0.682222 0.715444 0.109318 -0.690065 0.58742 0.19685 -0.784976 
0.358531 0.286315 -0.888526 0.122558 0.397417 -0.909417 -0.0595698 0.623224 -0.779771 
0.297951 0.110956 -0.948111 0.371994 0.0336508 -0.927625 0.417933 -0.039126 -0.907635 
0.37532 -0.152244 -0.914307 0.181147 -0.362971 -0.914023 -0.109329 -0.595077 -0.796197 
-0.349683 -0.726141 -0.591981 -0.500094 -0.764705 -0.406365 -0.591163 -0.76012 -0.26971 
0.212379 0.107866 -0.971216 0.289384 -0.0726321 -0.954454 0.329487 -0.246037 -0.911539 
0.211203 -0.32338 -0.922398 -0.123224 -0.218066 -0.968124 -0.506848 0.0466383 -0.860773 
-0.690642 0.26905 -0.671286 -0.717886 0.413787 -0.559839 -0.65786 0.523532 -0.541419 
0.153164 0.314505 -0.936818 0.113121 0.281842 -0.952769 0.0424943 0.0691634 -0.9967 
-0.0357444 -0.186858 -0.981736 -0.0685492 -0.285844 -0.955821 -0.0518064 -0.254482 -0.965689 
-0.0263749 -0.240161 -0.970375 -0.0306004 -0.321189 -0.946521 -0.0637756 -0.444246 -0.893632 
0.190404 0.11513 -0.974931 0.160501 -0.00851633 -0.986999 0.145698 -0.0980862 -0.984455 
0.212793 -0.14875 -0.965708 0.365906 -0.155941 -0.917494 0.522453 -0.0991558 -0.846883 
0.603719 0.0302723 -0.796623 0.63443 0.266057 -0.725749 0.648912 0.58913 -0.481498 
0.1979 0.241322 -0.950052 0.213139 0.231338 -0.949239 0.227268 0.213907 -0.950049 
0.281314 0.193072 -0.939993 0.409524 0.141735 -0.901222 0.576113 0.0309308 -0.816785 
0.693578 -0.12072 -0.710194 0.718608 -0.261152 -0.644517 0.695875 -0.377486 -0.610952 
-0.0207627 0.296077 0.954938 0.00207849 0.303885 0.952707 0.0248223 0.290196 0.956645 
0.0257749 0.243775 0.969489 -0.00644153 0.178559 0.983908 -0.0511516 0.119586 0.991505 
-0.0681298 0.0728359 0.995014 -0.0404417 0.0385541 0.998438 0.00574356 0.0259161 0.999648 
-0.0372716 0.264332 0.963711 -0.0423091 0.213749 0.975972 -0.0437189 0.150094 0.987705 
-0.025382 0.10612 0.994029 -0.0106886 0.0683246 0.997606 -0.0496537 -0.0289786 0.998346 
-0.112922 -0.160412 0.98057 -0.117509 -0.162795 0.979637 -0.0796269 0.0639065 0.994774 
-0.0368933 0.282833 0.958459 -0.0410118 0.229802 0.972373 -0.0415685 0.126713 0.991068 
-0.0290153 0.00950958 0.999534 -0.00461275 -0.0899572 0.995935 0.0225473 -0.177671 0.983832 
0.0432601 -0.26378 0.963612 0.0530375 -0.340694 0.938677 0.0573425 -0.406405 0.911892 
-0.0634578 0.261986 0.962983 -0.118367 0.228849 0.966239 -0.198872 0.183246 0.962741 
-0.29094 0.101729 0.951318 -0.392862 0.00748245 0.919567 -0.515792 0.011606 0.856636 
-0.641312 0.208389 0.73844 -0.689887 0.538049 0.484314 -0.557204 0.827554 0.068403 
-0.0597336 0.280095 0.958112 -0.0965593 0.275901 0.956324 -0.149667 0.273129 0.950263 
-0.215757 0.266238 0.93945 -0.312111 0.226065 0.922757 -0.486455 0.0855159 0.86951 
-0.713035 -0.210276 0.668853 -0.799432 -0.513356 0.312048 -0.738502 -0.673969 0.0195157 
0.0370771 0.0444462 0.998323 0.0399197 0.0367337 0.998527 0.03661 0.0177994 0.999171 
0.0279886 -0.00948988 0.999563 0.00704479 -0.0246571 0.999671 -0.0459034 0.00926945 0.998903 
-0.119273 0.101564 0.987653 -0.161367 0.218489 0.962405 -0.14117 0.323038 0.935798 
0.0334751 0.00104707 0.999439 0.0396431 -0.0521251 0.997853 0.0437419 -0.129043 0.990674 
0.0369908 -0.211055 0.976774 0.0270078 -0.270169 0.962434 0.0274147 -0.307082 0.951288 
0.0386168 -0.350832 0.935642 0.0501094 -0.409619 0.910879 0.0579385 -0.456055 0.888064 
0.0559592 0.0777166 0.995404 0.0782112 0.150584 0.985499 0.112645 0.218569 0.969298 
0.172264 0.235572 0.956468 0.268171 0.204088 0.941505 0.392226 0.184175 0.901243 
0.519238 0.239442 0.820402 0.629985 0.41249 0.658005 0.671008 0.659733 0.338379 
0.0515273 0.0236794 0.998391 0.0778663 -0.0272013 0.996593 0.131934 -0.126189 0.983194 
0.200017 -0.237287 0.950625 0.26772 -0.309877 0.912306 0.395731 -0.365916 0.84232 
0.652401 -0.466596 0.597211 0.83712 -0.540489 0.0842737 0.781821 -0.511664 -0.356308 
-0.513357 0.591198 -0.622052 -0.469096 0.657916 -0.589148 -0.407794 0.733773 -0.543397 
-0.332982 0.813438 -0.476908 -0.247671 0.903894 -0.348762 -0.156385 0.981627 -0.109326 
-0.0808504 0.973316 0.214753 -0.0479369 0.844442 0.533498 -0.0549405 0.619128 0.783366 
-0.695131 0.546152 -0.467452 -0.738993 0.599711 -0.30698 -0.700413 0.672255 -0.23978 
-0.678094 0.701535 -0.219174 -0.691117 0.698182 -0.186813 -0.618584 0.774772 -0.130701 
-0.37094 0.924394 -0.0888715 -0.02504 0.9947 -0.0997273 0.315978 0.94231 -0.1105 
-0.268798 0.544638 -0.794429 0.0143525 0.462752 -0.886371 0.154266 0.3413 -0.927209 
0.194101 0.262287 -0.945267 0.277482 0.240787 -0.930067 0.479329 0.244567 -0.84287 
0.680058 0.301557 -0.66827 0.727594 0.468436 -0.501174 0.446335 0.771777 -0.452929 
-0.18913 0.586461 0.787587 -0.310792 0.673889 0.670285 -0.323109 0.667711 0.670644 
-0.264362 0.648558 0.713782 -0.266313 0.626378 0.732617 -0.320264 0.617715 0.718233 
-0.287502 0.679698 0.674799 -0.0721414 0.816354 0.573029 0.282826 0.898569 0.335535 
0.00489338 0.246194 0.969208 0.059639 0.176571 0.982479 0.116944 0.231268 0.965836 
0.156926 0.415441 0.895982 0.158388 0.679667 0.716216 0.208566 0.844805 0.492751 
0.30142 0.87993 0.367245 0.305908 0.907531 0.287764 0.12574 0.990185 0.0610207 
-0.108422 -0.615779 -0.780424 -0.107968 -0.72516 -0.680063 -0.0902921 -0.861726 -0.499276 
-0.0522224 -0.969636 -0.23891 0.0060042 -0.99619 0.0869977 0.0700455 -0.893849 0.442863 
0.106147 -0.704188 0.702034 0.104431 -0.566456 0.817448 0.0844446 -0.504346 0.859363 
-0.0683921 -0.519588 -0.851675 -0.044633 -0.495542 -0.867436 0.0138681 -0.514073 -0.857634 
0.163711 -0.575081 -0.801549 0.393719 -0.62107 -0.677686 0.558574 -0.628158 -0.541676 
0.588274 -0.639691 -0.494701 0.573864 -0.637863 -0.513626 0.606461 -0.585486 -0.537968 
-0.156487 -0.581235 -0.798547 -0.224997 -0.588997 -0.776182 -0.291316 -0.581518 -0.759587 
-0.344376 -0.583711 -0.735314 -0.372202 -0.606274 -0.702779 -0.377184 -0.650513 -0.659215 
-0.390764 -0.711561 -0.583939 -0.448154 -0.765942 -0.460966 -0.54629 -0.779359 -0.306866 
0.0839162 -0.53587 0.84012 0.119117 -0.619026 0.776285 0.139442 -0.677085 0.722573 
0.133293 -0.697991 0.703592 0.164403 -0.715481 0.679013 0.309355 -0.773293 0.553459 
0.505399 -0.826535 0.247813 0.602671 -0.789769 -0.114249 0.643495 -0.666643 -0.376166 
0.0730819 -0.426987 0.9013 0.0689329 -0.383624 0.920913 0.0148045 -0.362787 0.931754 
-0.103095 -0.39014 0.914966 -0.260446 -0.495102 0.82888 -0.438158 -0.66315 0.606836 
-0.58201 -0.769449 0.263083 -0.636493 -0.771199 -0.0113775 -0.643172 -0.754757 -0.12912 
0.830258 0.50239 -0.241404 0.858202 0.233071 -0.457347 0.771396 0.0766214 -0.631726 
0.699736 -0.00535941 -0.714381 0.688892 -0.0407302 -0.723719 0.712913 -0.0364875 -0.700302 
0.748993 -0.0255549 -0.662085 0.780169 -0.0852325 -0.619735 0.769872 -0.271231 -0.577694 
-0.630177 0.585687 -0.509753 -0.780892 0.344016 -0.521402 -0.878015 0.226938 -0.421413 
-0.958649 0.186529 -0.214942 -0.977448 0.209416 -0.0272268 -0.985878 0.162641 0.0398951 
-0.993155 -0.114854 0.0212498 -0.880584 -0.473076 -0.0277562 -0.735416 -0.671066 -0.0939883 
-0.006486 0.191596 -0.981452 -0.0667427 0.179884 -0.981421 -0.173174 0.249899 -0.95266 
-0.100497 0.216088 -0.971188 -0.196561 0.29759 -0.93424 -0.284075 0.351177 -0.892175 
-0.103066 0.316471 -0.942986 -0.200132 0.399127 -0.894788 -0.286112 0.44571 -0.848223 
-0.322599 0.400106 -0.857814 -0.124464 0.436058 -0.89127 -0.236266 0.481944 -0.843747 
-0.319554 0.496729 -0.806936 -0.336342 0.44457 -0.830199 -0.286635 0.344715 -0.893875 
-0.218742 0.523502 -0.823467 -0.346196 0.493396 -0.79794 -0.413387 0.434297 -0.800311 
-0.386339 0.350229 -0.853277 -0.282722 0.27447 -0.919094 -0.173698 0.24121 -0.954802 
-0.381129 0.546748 -0.745525 -0.500116 0.444465 -0.743192 -0.526509 0.300972 -0.795113 
-0.428633 0.144973 -0.891771 -0.246334 0.0490236 -0.967944 -0.0859686 0.0635953 -0.994266 
-0.0129659 0.15964 -0.98709 -0.54644 0.52119 -0.655564 -0.634046 0.394713 -0.664971 
-0.619495 0.220279 -0.753461 -0.451084 0.000119128 -0.892482 -0.164485 -0.171007 -0.971443 
0.0657773 -0.182162 -0.981066 0.151228 -0.0567292 -0.98687 0.135062 0.119634 -0.983588 
0.331551 0.16161 -0.929493 0.504691 0.153407 -0.849561 0.257335 0.173976 -0.950532 
0.658675 0.133263 -0.740533 0.421786 0.175368 -0.889574 0.145888 0.155179 -0.977055 
0.749838 0.124664 -0.64977 0.576121 0.155456 -0.802445 0.275559 0.152776 -0.949066 
0.0603067 0.155472 -0.985998 0.770761 0.140471 -0.621446 0.681964 0.138963 -0.718063 
0.409571 0.137839 -0.901805 0.144741 0.1385 -0.979728 0.0419496 0.220097 -0.974576 
0.730995 0.181865 -0.657702 0.732857 0.142745 -0.66524 0.522984 0.136191 -0.841391 
0.238603 0.130605 -0.962295 0.097636 0.182533 -0.97834 0.0539371 0.334856 -0.940724 
0.646776 0.270658 -0.71304 0.745244 0.175675 -0.643234 0.602194 0.155113 -0.783136 
0.33519 0.151816 -0.929839 0.154914 0.17049 -0.973106 0.107294 0.275293 -0.955354 
0.0227204 0.446375 -0.894557 0.555184 0.458984 -0.693617 0.739607 0.26742 -0.617631 
0.648623 0.196594 -0.735282 0.418247 0.189757 -0.888291 0.218123 0.196996 -0.955832 
0.151665 0.248485 -0.956689 0.0991473 0.38002 -0.919649 -0.0865938 0.523735 -0.847469 
0.612685 0.769025 -0.182256 0.581587 0.80446 -0.120835 0.69058 0.528227 -0.49404 
0.453409 0.886204 -0.0952047 0.555193 0.634767 -0.53743 0.532325 0.372858 -0.760005 
0.359905 0.931063 0.059916 0.4236 0.750845 -0.50675 0.391229 0.47965 -0.785414 
0.332118 0.31158 -0.89029 0.388884 0.842853 0.371978 0.438762 0.83474 -0.332713 
0.362689 0.584486 -0.725833 0.286299 0.392979 -0.873842 0.234857 0.302539 -0.923749 
0.376915 0.661787 0.648054 0.510086 0.859865 -0.0210678 0.431319 0.700617 -0.568419 
0.318216 0.497344 -0.807085 0.24669 0.391955 -0.886293 0.199234 0.354172 -0.913711 
0.262486 0.563537 0.78328 0.426051 0.863051 0.271336 0.4162 0.847951 -0.328263 
0.307883 0.664328 -0.681085 0.214431 0.538492 -0.81489 0.144235 0.489877 -0.859777 
0.0794691 0.464901 -0.881789 0.112571 0.571736 0.812678 0.203197 0.871625 0.446073 
0.21269 0.975241 -0.0605583 0.139867 0.87288 -0.467459 0.0463856 0.743821 -0.666768 
-0.042429 0.669182 -0.741886 -0.125497 0.615093 -0.778403 -0.197483 0.567392 -0.799416 
-0.678285 0.626995 -0.383153 -0.645289 0.691155 -0.325432 -0.713475 0.665751 -0.218469 
-0.606082 0.751203 -0.261454 -0.693471 0.700027 -0.17047 -0.687091 0.706537 -0.169445 
-0.556396 0.818311 -0.144191 -0.673505 0.734014 -0.0872613 -0.676374 0.727079 -0.117789 
-0.677502 0.723418 -0.132883 -0.480731 0.875285 0.0526772 -0.628613 0.770934 0.102497 
-0.648111 0.76099 0.0291085 -0.643973 0.764824 -0.0185407 -0.668106 0.743808 -0.0195987 
-0.38243 0.884911 0.265857 -0.536898 0.771713 0.340879 -0.567819 0.767691 0.297039 
-0.561524 0.799641 0.212758 -0.584825 0.789808 0.184885 -0.56689 0.812636 0.135124 
-0.296553 0.848994 0.43734 -0.441701 0.75068 0.491304 -0.45493 0.720323 0.523616 
-0.437163 0.758191 0.483771 -0.465751 0.77379 0.429331 -0.479593 0.793922 0.373736 
-0.362786 0.902406 0.232487 -0.237684 0.764027 0.599808 -0.374274 0.733971 0.56675 
-0.377958 0.688567 0.618888 -0.333736 0.687688 0.644753 -0.355567 0.696862 0.62286 
-0.398723 0.715948 0.573095 -0.333059 0.812506 0.478442 -0.0847183 0.958699 0.271513 
-0.750531 0.499179 -0.433039 -0.724689 0.576174 -0.377953 -0.730469 0.418479 -0.539713 
-0.665381 0.648904 -0.369042 -0.645092 0.501758 -0.576277 -0.592293 0.262795 -0.761661 
-0.649109 0.655687 -0.385659 -0.537268 0.535091 -0.651937 -0.363133 0.262743 -0.893924 
-0.194786 -0.053449 -0.979388 -0.573368 0.692274 -0.438186 -0.376929 0.503203 -0.777632 
-0.0572225 0.161864 -0.985153 0.194027 -0.169767 -0.966195 0.271804 -0.325574 -0.905607 
-0.280125 0.821152 -0.497232 -0.052386 0.491883 -0.869084 0.231704 0.046682 -0.971666 
0.418997 -0.266067 -0.86813 0.479618 -0.371088 -0.795148 0.446337 -0.345943 -0.825292 
0.134072 0.846301 -0.515558 0.320341 0.456877 -0.829847 0.433608 0.0133477 -0.901003 
0.46344 -0.270663 -0.84378 0.463432 -0.364647 -0.807628 0.449883 -0.321939 -0.833043 
0.396109 -0.216221 -0.892382 0.443308 0.729161 -0.521346 0.538373 0.360141 -0.761875 
0.546738 0.0250636 -0.836928 0.472041 -0.194445 -0.859866 0.37155 -0.282172 -0.884494 
0.308626 -0.253937 -0.91666 0.286586 -0.160191 -0.944567 0.266619 -0.0380451 -0.963051 
0.720252 0.227079 -0.655494 0.659157 0.0443614 -0.750695 0.628934 0.03298 -0.776758 
0.610578 -0.0171551 -0.791771 0.598217 -0.0202011 -0.80108 0.581277 -0.0388193 -0.812779 
0.621777 -0.0319246 -0.782544 0.612238 -0.0130467 -0.790566 0.581537 -0.00925588 -0.813468 
0.473649 -0.053195 -0.879106 0.665509 -0.0256235 -0.74595 0.653585 -0.00620853 -0.756828 
0.613091 0.00656325 -0.789985 0.475165 -0.00783466 -0.879862 0.287816 -0.0591431 -0.955858 
0.711109 -0.00375405 -0.703072 0.689817 0.00772756 -0.723943 0.632899 0.00832663 -0.77419 
0.495845 -0.00622731 -0.868389 0.288814 -0.024471 -0.957073 0.136584 -0.0494888 -0.989392 
0.745423 -0.0148224 -0.666427 0.719098 0.0207921 -0.694598 0.643712 0.0367118 -0.764387 
0.501808 0.026819 -0.864563 0.317274 0.00689952 -0.948309 0.156726 0.00267256 -0.987638 
0.101571 0.00467977 -0.994817 0.753236 -0.137401 -0.643239 0.739874 -0.0466135 -0.671129 
0.669639 0.0309502 -0.742041 0.523578 0.0834606 -0.84788 0.350581 0.0958129 -0.931618 
0.21453 0.0927767 -0.972301 0.152111 0.102112 -0.983074 0.155676 0.116318 -0.980936 
0.887932 0.416371 0.195478 0.752333 0.300705 0.58615 0.962763 0.267994 -0.0355939 
0.54713 0.252789 0.797964 0.842008 0.298769 0.449177 0.939822 0.156352 -0.303791 
0.360264 0.269285 0.893138 0.579978 0.331652 0.744065 0.94447 0.26577 0.193241 
0.867362 0.042502 -0.49586 0.215536 0.28894 0.932769 0.356818 0.336697 0.871387 
0.72281 0.318667 0.613186 0.98858 0.123329 -0.0866016 0.819496 -0.0282646 -0.572387 
0.122783 0.258871 0.958076 0.207822 0.275702 0.938509 0.455728 0.247248 0.85509 
0.884216 0.127294 0.449397 0.972325 -0.0232419 -0.232472 0.817584 -0.0499528 -0.573639 
0.074114 0.176469 0.981512 0.119744 0.160339 0.979772 0.260011 0.0948355 0.960937 
0.546992 -0.0119569 0.837052 0.910762 -0.12533 0.393453 0.968503 -0.144469 -0.202807 
0.847283 -0.101907 -0.521273 0.0568642 0.0849381 0.994762 0.0830942 0.0448087 0.995534 
0.160555 -0.0470549 0.985905 0.288943 -0.159037 0.944044 0.498384 -0.256165 0.828247 
0.805933 -0.329215 0.492025 0.945444 -0.322446 -0.0465299 0.861097 -0.269972 -0.430845 
-0.231384 0.503625 0.83236 -0.167917 0.366713 0.915055 -0.251066 0.580217 0.7748 
-0.0439113 0.22376 0.973655 -0.0994643 0.448525 0.888218 -0.187245 0.5915 0.784263 
0.0590539 0.121446 0.99084 0.0491857 0.302246 0.95196 -0.0396028 0.460914 0.886561 
-0.162845 0.563159 0.810145 0.105313 0.078545 0.991332 0.132652 0.19338 0.972115 
0.0730702 0.306242 0.949145 -0.0630978 0.416484 0.906951 -0.211575 0.520442 0.82727 
0.114249 0.0762589 0.990521 0.16356 0.143784 0.975999 0.151207 0.192984 0.969481 
0.067195 0.253481 0.965004 -0.0657185 0.367667 0.927632 -0.196093 0.525983 0.82758 
0.103012 0.0875267 0.990822 0.157459 0.142871 0.977136 0.186087 0.159625 0.96948 
0.182631 0.157298 0.970517 0.149659 0.210388 0.966095 0.0892782 0.370494 0.924534 
0.006445 0.605641 0.795712 0.07844 0.0938816 0.992489 0.121391 0.158911 0.979802 
0.165131 0.189674 0.967861 0.214429 0.167532 0.962265 0.273239 0.148665 0.950389 
0.330747 0.209419 0.92019 0.362334 0.393384 0.844964 0.341479 0.670718 0.658429 
-0.124555 0.00975951 0.992165 -0.131805 -0.118466 0.984171 -0.139389 -0.0227942 0.989975 
-0.0998311 -0.0464375 0.99392 -0.137298 -0.0849036 0.986884 -0.118522 -0.0732443 0.990246 
-0.0321835 0.0829111 0.996037 -0.100689 0.0130421 0.994832 -0.126344 -0.0855402 0.988292 
-0.0821537 -0.101278 0.99146 0.00529302 0.154843 0.987925 -0.036141 0.144211 0.988887 
-0.0999702 0.0396209 0.994201 -0.110795 -0.0661274 0.991641 -0.0609639 -0.076199 0.995227 
0.00444719 0.196993 0.980395 0.00917149 0.23448 0.972078 -0.0426677 0.192508 0.980367 
-0.0978582 0.0761062 0.992286 -0.102573 -0.0145 0.99462 -0.0492766 -0.0270924 0.998418 
-0.00393027 0.246262 0.969195 0.0231507 0.290214 0.956682 0.00691913 0.290768 0.956769 
-0.0482656 0.213588 0.975731 -0.0939343 0.102464 0.990292 -0.0893994 0.0274129 0.995619 
-0.0316346 0.00814987 0.999466 -0.0105473 0.285928 0.958193 0.0177354 0.314166 0.949202 
0.0279901 0.317427 0.94787 0.00041292 0.268788 0.963199 -0.0503321 0.181228 0.982152 
-0.0832721 0.0978019 0.991716 -0.0668824 0.0432247 0.996824 -0.0125227 0.0254961 0.999596 
-0.0190772 0.271764 0.962175 -0.0144893 0.185289 0.982577 0.00708969 0.23865 0.97108 
0.00342137 0.0690674 0.997606 0.0199994 0.118498 0.992753 0.0289379 0.179626 0.983309 
0.0288529 -0.0320495 0.99907 0.0382033 0.00292925 0.999266 0.0340184 0.047157 0.998308 
0.0209582 0.116793 0.992935 0.0479457 -0.114922 0.992217 0.0487903 -0.0788844 0.995689 
0.0317491 -0.0518908 0.998148 0.00911744 0.00245253 0.999955 -0.01783 0.0764657 0.996913 
0.0544304 -0.199281 0.978429 0.0476209 -0.149813 0.987567 0.022858 -0.12313 0.992127 
-0.00593738 -0.084015 0.996447 -0.0304096 -0.0133445 0.999448 -0.051585 0.0539472 0.99721 
0.0513641 -0.285372 0.95704 0.0409707 -0.226115 0.973239 0.0172072 -0.191198 0.981401 
-0.00965626 -0.162452 0.986669 -0.0286503 -0.102986 0.99427 -0.0393599 -0.0228322 0.998964 
-0.0446382 0.0313777 0.99851 0.0482385 -0.368323 0.928446 0.0380536 -0.30895 0.950317 
0.0208946 -0.261942 0.964857 0.00275711 -0.235226 0.971937 -0.00648541 -0.193624 0.981054 
-0.00716874 -0.117661 0.993028 -0.00640027 -0.0376919 0.999269 -0.0050192 0.00955335 0.999942 
0.080931 -0.527773 0.845521 0.113898 -0.605592 0.787582 0.0731563 -0.476834 0.875944 
0.128853 -0.647138 0.751405 0.105008 -0.541252 0.834278 0.0638065 -0.408214 0.910654 
0.143675 -0.637898 0.7566 0.136358 -0.553482 0.821623 0.108341 -0.444168 0.889369 
0.0663748 -0.344634 0.936388 0.213782 -0.620626 0.754401 0.183222 -0.509318 0.840848 
0.166655 -0.425215 0.889617 0.132172 -0.352871 0.92629 0.0847345 -0.285377 0.954662 
0.358436 -0.656778 0.66345 0.255543 -0.473441 0.842942 0.219981 -0.376933 0.899739 
0.200279 -0.334952 0.920704 0.158113 -0.288567 0.944314 0.100151 -0.216513 0.971129 
0.536255 -0.733891 0.416935 0.364895 -0.511587 0.777901 0.260596 -0.365602 0.893546 
0.231813 -0.324927 0.916889 0.209326 -0.299164 0.930958 0.155828 -0.229351 0.960789 
0.0930785 -0.135583 0.986384 0.696117 -0.717252 0.0311502 0.567591 -0.598063 0.565827 
0.355543 -0.415743 0.837106 0.253441 -0.341763 0.904967 0.221923 -0.315354 0.92266 
0.181687 -0.248881 0.95134 0.120484 -0.14322 0.98233 0.0691464 -0.0522023 0.99624 
0.113426 -0.591541 0.798257 0.13748 -0.653947 0.743944 0.146672 -0.663415 0.733735 
0.142105 -0.780396 0.608924 0.163724 -0.714033 0.680699 0.150586 -0.704992 0.693044 
0.113244 -0.935623 0.334345 0.166917 -0.834382 0.525305 0.165537 -0.767668 0.619099 
0.15008 -0.747345 0.647264 0.0572052 -0.998101 -0.0228509 0.145106 -0.965019 0.218364 
0.187523 -0.897104 0.400048 0.208487 -0.852801 0.478814 0.248986 -0.828538 0.501528 
-0.00229974 -0.934286 -0.356519 0.0960702 -0.982816 -0.157617 0.192373 -0.980484 0.0405491 
0.288278 -0.945441 0.151778 0.386039 -0.908396 0.160593 0.462129 -0.872715 0.157494 
-0.0488909 -0.786447 -0.61572 0.0335128 -0.865517 -0.499758 0.157375 -0.925297 -0.345048 
0.323662 -0.919219 -0.224229 0.480381 -0.854522 -0.19755 0.557422 -0.796309 -0.234891 
0.573935 -0.787395 -0.224962 -0.0709244 -0.629326 -0.773898 -0.0204669 -0.669349 -0.742666 
0.0860743 -0.740899 -0.666078 0.276616 -0.783496 -0.556433 0.484742 -0.744933 -0.458367 
0.585319 -0.687879 -0.429214 0.581152 -0.680801 -0.445838 0.575561 -0.693617 -0.433156 
0.0875985 -0.46553 0.880686 0.0610246 -0.471107 0.879963 0.0836952 -0.590127 0.80296 
-0.046264 -0.549183 0.834421 0.00599068 -0.699826 0.714288 0.036315 -0.816867 0.575682 
-0.240625 -0.679941 0.692661 -0.168916 -0.847647 0.502953 -0.0969981 -0.940282 0.326284 
-0.0462835 -0.97959 0.195605 -0.436877 -0.798776 0.413636 -0.371197 -0.909627 0.186525 
-0.266898 -0.963678 0.0095496 -0.181367 -0.97992 -0.0828382 -0.115184 -0.981748 -0.151338 
-0.545312 -0.835517 0.0674335 -0.484419 -0.864883 -0.131586 -0.394889 -0.87871 -0.2682 
-0.303627 -0.896469 -0.322728 -0.224045 -0.909045 -0.351341 -0.152588 -0.899239 -0.409983 
-0.565037 -0.803358 -0.188012 -0.49904 -0.789729 -0.356774 -0.439972 -0.766153 -0.468438 
-0.382679 -0.771403 -0.508423 -0.314678 -0.796383 -0.516481 -0.238068 -0.803666 -0.545385 
-0.165607 -0.778445 -0.605473 -0.551154 -0.779854 -0.296744 -0.471592 -0.753444 -0.458174 
-0.422914 -0.70136 -0.573793 -0.399422 -0.669758 -0.626008 -0.367839 -0.673666 -0.640991 
-0.308482 -0.687781 -0.657112 -0.234528 -0.686328 -0.68844 -0.164917 -0.664318 -0.72903 
-0.456141 -0.784576 -0.419971 -0.358017 -0.77124 -0.526321 -0.369016 -0.754264 -0.543058 
-0.218957 -0.698582 -0.681206 -0.295423 -0.727822 -0.61887 -0.342372 -0.693596 -0.633803 
0.000424467 -0.498339 -0.866982 -0.170683 -0.615207 -0.769667 -0.280641 -0.645149 -0.71065 
-0.341815 -0.616174 -0.709572 0.229214 -0.202098 -0.952165 0.0305438 -0.344655 -0.938232 
-0.153106 -0.474568 -0.866801 -0.272104 -0.520669 -0.809236 -0.332622 -0.532923 -0.778046 
0.323664 0.00230925 -0.946169 0.181722 -0.0428815 -0.982414 -6.93655e-05 -0.179628 -0.983735 
-0.166625 -0.311601 -0.93549 -0.2729 -0.398386 -0.875679 -0.31018 -0.479857 -0.820686 
0.293515 0.084529 -0.95221 0.191812 0.113504 -0.974846 0.0534006 0.0542762 -0.997097 
-0.102187 -0.0744513 -0.991975 -0.226111 -0.215616 -0.949939 -0.281848 -0.35304 -0.892146 
-0.271347 -0.481887 -0.83316 0.217616 0.134165 -0.966769 0.123276 0.174733 -0.976868 
0.00684299 0.163775 -0.986474 -0.120381 0.0777958 -0.989675 -0.223819 -0.0574113 -0.972938 
-0.271448 -0.217914 -0.937459 -0.257022 -0.379578 -0.888741 -0.207772 -0.504478 -0.838053 
-0.0384229 0.251531 -0.967086 -0.203728 0.296752 -0.93297 -0.133903 0.27451 -0.952215 
-0.302853 0.279619 -0.911095 -0.258693 0.271836 -0.926921 -0.215193 0.234689 -0.947952 
-0.301747 0.190617 -0.934138 -0.284863 0.175409 -0.942383 -0.262301 0.177316 -0.948555 
-0.252597 0.134095 -0.958235 -0.234202 0.110845 -0.965848 -0.232741 0.0297097 -0.972085 
-0.216136 0.0421769 -0.975452 -0.21332 0.0574767 -0.97529 -0.237306 0.00586734 -0.971417 
-0.158914 0.135039 -0.978014 -0.174774 -0.0359824 -0.983951 -0.159861 -0.0987815 -0.982185 
-0.13692 -0.0604024 -0.988739 -0.143543 -0.0527886 -0.988235 -0.187537 -0.135711 -0.972837 
-0.0765203 0.232544 -0.969571 -0.126682 0.0362909 -0.991279 -0.136942 -0.147894 -0.979476 
-0.109687 -0.176742 -0.978126 -0.0777303 -0.131639 -0.988245 -0.0823975 -0.158308 -0.983946 
-0.127892 -0.276439 -0.952484 0.0383819 0.3077 -0.950709 -0.0319988 0.175199 -0.984013 
-0.0902292 -0.0785218 -0.992821 -0.104236 -0.232252 -0.967054 -0.075383 -0.226701 -0.971043 
-0.0413546 -0.193032 -0.980321 -0.0426215 -0.253559 -0.966381 -0.0817008 -0.381791 -0.92063 
-0.0408294 -0.388246 -0.920651 -0.0288366 -0.280692 -0.959365 -0.0257629 -0.354493 -0.934704 
-0.037756 -0.26083 -0.964646 -0.015537 -0.283206 -0.958933 0.0477445 -0.381135 -0.923286 
-0.0381858 -0.299016 -0.953484 -0.000841065 -0.297626 -0.954682 0.0811531 -0.341012 -0.936549 
0.231497 -0.466716 -0.853572 0.0148648 -0.249588 -0.968238 0.0569945 -0.281264 -0.957936 
0.131097 -0.327568 -0.935688 0.279405 -0.433698 -0.856644 0.452917 -0.556162 -0.696814 
0.117681 -0.0223059 -0.992801 0.166227 -0.0976909 -0.981236 0.215029 -0.186778 -0.958581 
0.323233 -0.330804 -0.886617 0.470921 -0.503572 -0.724326 0.564252 -0.607629 -0.558933 
0.196658 0.227792 -0.953644 0.251268 0.166101 -0.953559 0.286103 0.0804424 -0.954816 
0.363512 -0.0704962 -0.928918 0.492655 -0.295282 -0.818596 0.582368 -0.501937 -0.639458 
0.592962 -0.603486 -0.533104 0.215274 0.308128 -0.926668 0.258779 0.281745 -0.923934 
0.282703 0.242555 -0.928033 0.344522 0.161948 -0.924704 0.476856 0.0037429 -0.878973 
0.613033 -0.217468 -0.759538 0.660144 -0.408418 -0.630401 0.633948 -0.517978 -0.57429 
-0.468354 0.391129 -0.792252 -0.273906 0.330184 -0.903302 -0.640393 0.297365 -0.708146 
0.0192842 0.294554 -0.95544 -0.482505 0.319925 -0.815375 -0.778393 0.277275 -0.563225 
0.370972 0.168124 -0.913298 -0.191305 0.268108 -0.944204 -0.623915 0.307097 -0.718625 
-0.893525 0.259884 -0.36616 0.595837 0.0108373 -0.803033 0.212816 0.0510599 -0.975757 
-0.296933 0.147817 -0.943388 -0.744296 0.193257 -0.639276 -0.953481 0.17937 -0.242283 
0.644588 -0.0570312 -0.7624 0.477545 -0.130245 -0.8689 0.136785 -0.130134 -0.982016 
-0.358166 -0.0978305 -0.928518 -0.795386 -0.0780539 -0.601057 -0.969147 -0.0783568 -0.233697 
0.576579 -0.0365402 -0.816224 0.545499 -0.15289 -0.824048 0.39508 -0.233614 -0.888446 
0.0797504 -0.306127 -0.948644 -0.370719 -0.384611 -0.845365 -0.724755 -0.426858 -0.540853 
-0.86406 -0.444056 -0.237098 0.444159 0.0268404 -0.895546 0.490807 -0.0780785 -0.867763 
0.467099 -0.169898 -0.867729 0.311999 -0.28641 -0.905884 -0.0019722 -0.456189 -0.889881 
-0.35722 -0.603917 -0.712515 -0.593234 -0.666504 -0.451494 -0.698605 -0.675559 -0.235735 
-0.864301 0.498535 -0.0666818 -0.961622 0.255996 -0.0987409 -0.868945 0.284382 0.405045 
-0.992555 0.121799 -9.68613e-05 -0.920689 0.105803 0.375682 -0.701952 0.0770131 0.708049 
-0.979923 0.136661 0.145171 -0.912922 0.0698656 0.40211 -0.731284 0.0410723 0.680835 
-0.528125 0.0266477 0.848749 -0.947472 0.213388 0.238247 -0.87519 0.173726 0.451511 
-0.731091 0.119899 0.671662 -0.554476 0.0945524 0.826811 -0.401064 0.0963547 0.910968 
-0.956431 0.129609 0.261612 -0.841196 0.242774 0.483168 -0.691994 0.247744 0.678062 
-0.547038 0.209019 0.810593 -0.417661 0.184853 0.8896 -0.296179 0.183601 0.93732 
-0.954076 -0.198094 0.224718 -0.86716 0.0883952 0.490123 -0.672842 0.264486 0.690891 
-0.506259 0.301145 0.808093 -0.393593 0.275131 0.877147 -0.291581 0.249231 0.923507 
-0.192862 0.237434 0.952066 -0.847681 -0.514166 0.130655 -0.867439 -0.24245 0.434475 
-0.703464 0.0793465 0.706288 -0.487334 0.264595 0.832163 -0.348286 0.30853 0.885159 
-0.256941 0.294739 0.920386 -0.17549 0.276031 0.944992 -0.108326 0.265864 0.957905 
-0.250102 0.829236 0.499816 -0.460686 0.456663 0.76107 -0.0698982 0.731563 0.678181 
-0.49349 0.0929571 0.86477 -0.339416 0.316852 0.885664 -0.0451689 0.609376 0.791593 
-0.420214 -0.0656836 0.905045 -0.408353 -0.0388768 0.911996 -0.274535 0.14272 0.950927 
-0.0634555 0.413495 0.908292 -0.321328 -0.0174466 0.946807 -0.356405 -0.126852 0.92568 
-0.319251 -0.132577 0.938351 -0.202566 -0.0164029 0.979131 -0.0476531 0.175727 0.983285 
-0.22345 0.091875 0.970376 -0.264622 -0.0357905 0.963688 -0.267043 -0.13859 0.953667 
-0.211944 -0.167483 0.962824 -0.138481 -0.126186 0.982293 -0.0410273 -0.00169308 0.999157 
-0.138119 0.165032 0.976569 -0.169593 0.0708119 0.982967 -0.179382 -0.0285683 0.983365 
-0.14924 -0.106197 0.983082 -0.126231 -0.172054 0.976966 -0.11959 -0.193898 0.973705 
-0.0620443 -0.0921281 0.993812 -0.0746801 0.214075 0.973958 -0.0938565 0.142306 0.985363 
-0.099988 0.0681854 0.992649 -0.073994 0.0133028 0.99717 -0.0598749 -0.058763 0.996475 
-0.0988134 -0.170194 0.980444 -0.123355 -0.218447 0.968021 -0.069485 -0.0832553 0.994103 
0.0600801 -0.365893 0.928715 0.0323248 -0.306764 0.951237 0.030404 -0.31399 0.948939 
-0.0110542 -0.23833 0.971121 -0.0287898 -0.253496 0.966908 -0.0430364 -0.265577 0.963129 
-0.0534751 -0.162757 0.985216 -0.0860579 -0.200883 0.975828 -0.0936172 -0.19955 0.975405 
-0.130062 -0.261913 0.956287 -0.0771685 -0.0684573 0.994665 -0.116116 -0.137312 0.983698 
-0.121098 -0.156559 0.980217 -0.132721 -0.184344 0.973859 -0.23793 -0.351644 0.905392 
-0.0783769 0.0564579 0.995324 -0.115137 -0.0268545 0.992986 -0.127274 -0.0845104 0.988261 
-0.133336 -0.120832 0.983677 -0.220052 -0.243699 0.944557 -0.428254 -0.52754 0.733689 
-0.0667839 0.182793 0.98088 -0.0990233 0.118476 0.988007 -0.125544 0.0502484 0.990815 
-0.149877 -0.009176 0.988662 -0.236047 -0.117703 0.964587 -0.445532 -0.371683 0.814465 
-0.630039 -0.656156 0.415345 -0.0582635 0.261668 0.963398 -0.089649 0.232841 0.968374 
-0.130091 0.194472 0.972243 -0.179805 0.146369 0.972752 -0.275297 0.0558058 0.959738 
-0.474683 -0.158485 0.86577 -0.684285 -0.476127 0.55232 -0.717383 -0.680411 0.149673 

FIELD FieldData 6
_paraPhi 1 1002 double
6.2831853072 3.1415926536 6.2831853072 3.1415926536 4.7123889804 4.7123889804 1.5707963268 1.5707963268 3.6951670125 
5.7296109483 2.5880182947 0.5535743589 6.2831853072 6.2831853072 6.2831853072 6.2831853072 3.1415926536 3.1415926536 
3.1415926536 3.1415926536 3.1415926536 6.1053039672 5.898798347 5.6768734901 5.4599499503 5.2659633393 5.1032165617 
4.9713148346 4.8656852733 4.7809517865 0.17788134 0.38438696014 0.60631181711 0.82323535693 1.0172219679 1.1799687454 
1.3118704726 1.4175000338 1.5022335207 6.1892828907 6.1070320098 6.035312792 5.9728339911 5.9183214791 5.8706119594 
5.8286879411 5.7916808611 5.7588591896 0.093902416448 0.17615329733 0.2478725152 0.31035131605 0.36486382811 0.41257334776 
0.45449736604 0.4915044461 0.52432611754 3.3194739936 3.5259796137 3.7479044707 3.9648280105 4.1588146215 4.321561399 
4.4534631262 4.5590926874 4.6438261743 2.9637113136 2.7572056934 2.5352808365 2.3183572967 2.1243706857 1.9616239082 
1.829722181 1.7240926197 1.6393591329 3.23549507 3.3177459509 3.3894651688 3.4519439696 3.5064564817 3.5541660013 
3.5960900196 3.6330970997 3.6659187711 3.0476902371 2.9654393563 2.8937201384 2.8312413375 2.7767288255 2.7290193058 
2.6870952876 2.6500882075 2.617266536 6.2831853072 6.2831853072 6.2831853072 6.2831853072 3.1415926536 3.1415926536 
3.1415926536 3.1415926536 3.1415926536 6.1053039672 5.898798347 5.6768734901 5.4599499503 5.2659633393 5.1032165617 
4.9713148346 4.8656852733 4.7809517865 0.17788134 0.38438696014 0.60631181711 0.82323535693 1.0172219679 1.1799687454 
1.3118704726 1.4175000338 1.5022335207 6.1892828907 6.1070320098 6.035312792 5.9728339911 5.9183214791 5.8706119594 
5.8286879411 5.7916808611 5.7588591896 0.093902416448 0.17615329733 0.2478725152 0.31035131605 0.36486382811 0.41257334776 
0.45449736604 0.4915044461 0.52432611754 3.3194739936 3.5259796137 3.7479044707 3.9648280105 4.1588146215 4.321561399 
4.4534631262 4.5590926874 4.6438261743 2.9637113136 2.7572056934 2.5352808365 2.3183572967 2.1243706857 1.9616239082 
1.829722181 1.7240926197 1.6393591329 3.23549507 3.3177459509 3.3894651688 3.4519439696 3.5064564817 3.5541660013 
3.5960900196 3.6330970997 3.6659187711 3.0476902371 2.9654393563 2.8937201384 2.8312413375 2.7767288255 2.7290193058 
2.6870952876 2.6500882075 2.617266536 4.7123889804 4.7123889804 4.7123889804 4.7123889804 4.7123889804 4.7123889804 
4.7123889804 4.7123889804 4.7123889804 4.6087898617 4.4991390697 4.3857031936 4.2712800401 4.1588146215 4.0509635631 
3.94975894 3.8564636551 3.7716124825 4.8159880991 4.9256388911 5.0390747672 5.1534979207 5.2659633393 5.3738143976 
5.4750190208 5.5683143056 5.6531654782 4.6087898617 4.4991390697 4.3857031936 4.2712800401 4.1588146215 4.0509635631 
3.94975894 3.8564636551 3.7716124825 4.8159880991 4.9256388911 5.0390747672 5.1534979207 5.2659633393 5.3738143976 
5.4750190208 5.5683143056 5.6531654782 1.5707963268 1.5707963268 1.5707963268 1.5707963268 1.5707963268 1.5707963268 
1.5707963268 1.5707963268 1.5707963268 1.6743954455 1.7840462375 1.8974821136 2.0119052671 2.1243706857 2.232221744 
2.3334263672 2.426721652 2.5115728246 1.4671972081 1.3575464161 1.24411054 1.1296873865 1.0172219679 0.90937090954 
0.80816628637 0.71487100155 0.63001982895 1.6743954455 1.7840462375 1.8974821136 2.0119052671 2.1243706857 2.232221744 
2.3334263672 2.426721652 2.5115728246 1.4671972081 1.3575464161 1.24411054 1.1296873865 1.0172219679 0.90937090954 
0.80816628637 0.71487100155 0.63001982895 3.6007720849 3.4966939854 3.3839471039 3.2645756454 3.1415926536 3.0186096618 
2.8992382033 2.7864913217 2.6824132222 5.8240058758 5.9280839753 6.0408308569 6.1602023154 6.2831853072 0.12298299178 
0.2423544503 0.35510133185 0.45917943135 6.0560271438 5.7885595667 5.9702140275 5.5125918794 5.6029703303 5.7885595667 
5.2659633393 5.2659633393 5.2659633393 5.2659633393 5.0674903122 5.0120975802 4.9155579264 4.7123889804 4.1588146215 
4.9155579264 4.8353719722 4.7123889804 4.5092200343 4.1588146215 3.6362183941 4.8004512023 4.7123889804 4.5894059886 
4.4126803806 4.1588146215 3.8218076305 3.4545639333 4.7123889804 4.6243267584 4.5092200343 4.3572876485 4.1588146215 
3.9121860814 3.6362183941 3.368750817 6.0174235957 5.9434319871 5.8263323547 5.8809213739 5.7674481418 5.6279784266 
5.8278025282 5.718968232 5.5891129425 5.4372443565 5.7823484065 5.678536687 5.5575666702 5.4192596322 5.2659633393 
5.743164462 5.6444075337 5.5314983644 5.4046708639 5.2659633393 5.1195510325 5.7091357773 5.6152775188 5.5096229709 
5.3926039573 5.2659633393 5.1329233157 4.9978930058 5.6793730533 5.5901633916 5.4910209005 5.3824597928 5.2659633393 
5.1440684722 5.0201624502 4.8979782167 5.5683143056 5.4750190208 5.4750190208 5.3738143976 5.3738143976 5.3738143976 
5.2659633393 5.2659633393 5.2659633393 5.2659633393 5.1534979207 5.1534979207 5.1534979207 5.1534979207 5.1534979207 
5.0390747672 5.0390747672 5.0390747672 5.0390747672 5.0390747672 5.0390747672 4.9256388911 4.9256388911 4.9256388911 
4.9256388911 4.9256388911 4.9256388911 4.9256388911 4.8159880991 4.8159880991 4.8159880991 4.8159880991 4.8159880991 
4.8159880991 4.8159880991 4.8159880991 4.6087898617 4.6087898617 4.4991390697 4.6087898617 4.4991390697 4.3857031936 
4.6087898617 4.4991390697 4.3857031936 4.2712800401 4.6087898617 4.4991390697 4.3857031936 4.2712800401 4.1588146215 
4.6087898617 4.4991390697 4.3857031936 4.2712800401 4.1588146215 4.0509635631 4.6087898617 4.4991390697 4.3857031936 
4.2712800401 4.1588146215 4.0509635631 3.94975894 4.6087898617 4.4991390697 4.3857031936 4.2712800401 4.1588146215 
4.0509635631 3.94975894 3.8564636551 4.526799744 4.4046155105 4.426884955 4.2807094886 4.2918546451 4.3052269283 
4.1588146215 4.1588146215 4.1588146215 4.1588146215 4.042318168 4.0321740035 4.0201070968 4.0055183285 3.9875336042 
3.9337570603 3.9151549899 3.8932795963 3.8672112905 3.8356650183 3.7967995342 3.8346145692 3.809500442 3.7803704271 
3.7462412737 3.7058097288 3.657329819 3.5984456061 3.7454049075 3.7156421835 3.6816134988 3.6424295543 3.5969754326 
3.5438565869 3.4813459737 3.4073543651 3.5642842451 3.4524645613 3.5233842518 3.3320300872 3.403123212 3.4773852225 
3.20576226 3.2746326772 3.348015857 3.4255060145 3.0774230472 3.1415926536 3.2112816139 3.2864685043 3.3668817272 
2.95115522 3.00855263 3.0719036933 3.1415926536 3.2178377658 3.3005964304 2.8307207459 2.8800620952 2.9351694502 
2.9967168029 3.0653475414 3.1415926536 3.225752376 2.718901062 2.7598010554 2.8058000847 2.8576792927 2.91630358 
2.9825888767 3.0574329311 3.1415926536 3.5642842451 3.5233842518 3.4524645613 3.4773852225 3.403123212 3.3320300872 
3.4255060145 3.348015857 3.2746326772 3.20576226 3.3668817272 3.2864685043 3.2112816139 3.1415926536 3.0774230472 
3.3005964304 3.2178377658 3.1415926536 3.0719036933 3.00855263 2.95115522 3.225752376 3.1415926536 3.0653475414 
2.9967168029 2.9351694502 2.8800620952 2.8307207459 3.1415926536 3.0574329311 2.9825888767 2.91630358 2.8576792927 
2.8058000847 2.7598010554 2.718901062 4.526799744 4.426884955 4.4046155105 4.3052269283 4.2918546451 4.2807094886 
4.1588146215 4.1588146215 4.1588146215 4.1588146215 3.9875336042 4.0055183285 4.0201070968 4.0321740035 4.042318168 
3.7967995342 3.8356650183 3.8672112905 3.8932795963 3.9151549899 3.9337570603 3.5984456061 3.657329819 3.7058097288 
3.7462412737 3.7803704271 3.809500442 3.8346145692 3.4073543651 3.4813459737 3.5438565869 3.5969754326 3.6424295543 
3.6816134988 3.7156421835 3.7454049075 4.7123889804 4.8004512023 4.6243267584 4.9155579264 4.7123889804 4.5092200343 
5.0674903122 4.8353719722 4.5894059886 4.3572876485 5.2659633393 5.0120975802 4.7123889804 4.4126803806 4.1588146215 
5.5125918794 5.2659633393 4.9155579264 4.5092200343 4.1588146215 3.9121860814 5.7885595667 5.6029703303 5.2659633393 
4.7123889804 4.1588146215 3.8218076305 3.6362183941 6.0560271438 5.9702140275 5.7885595667 5.2659633393 4.1588146215 
3.6362183941 3.4545639333 3.368750817 0.22715816343 0.49462574053 0.3129712797 0.77059342779 0.68021497688 0.49462574053 
1.0172219679 1.0172219679 1.0172219679 1.0172219679 1.2156949949 1.271087727 1.3676273807 1.5707963268 2.1243706857 
1.3676273807 1.447813335 1.5707963268 1.7739652728 2.1243706857 2.6469669131 1.4827341049 1.5707963268 1.6937793186 
1.8705049266 2.1243706857 2.4613776767 2.8286213739 1.5707963268 1.6588585487 1.7739652728 1.9258976586 2.1243706857 
2.3709992258 2.6469669131 2.9144344902 1.7563855631 1.8785697967 1.8563003522 2.0024758186 1.9913306621 1.9779583789 
2.1243706857 2.1243706857 2.1243706857 2.1243706857 2.2408671392 2.2510113037 2.2630782103 2.2776669786 2.295651703 
2.3494282469 2.3680303173 2.3899057108 2.4159740166 2.4475202889 2.486385773 2.448570738 2.4736848652 2.5028148801 
2.5369440334 2.5773755784 2.6258554882 2.6847397011 2.5377803997 2.5675431237 2.6015718084 2.6407557529 2.6862098746 
2.7393287203 2.8018393335 2.8758309421 1.6743954455 1.6743954455 1.7840462375 1.6743954455 1.7840462375 1.8974821136 
1.6743954455 1.7840462375 1.8974821136 2.0119052671 1.6743954455 1.7840462375 1.8974821136 2.0119052671 2.1243706857 
1.6743954455 1.7840462375 1.8974821136 2.0119052671 2.1243706857 2.232221744 1.6743954455 1.7840462375 1.8974821136 
2.0119052671 2.1243706857 2.232221744 2.3334263672 1.6743954455 1.7840462375 1.8974821136 2.0119052671 2.1243706857 
2.232221744 2.3334263672 2.426721652 1.4671972081 1.3575464161 1.4671972081 1.24411054 1.3575464161 1.4671972081 
1.1296873865 1.24411054 1.3575464161 1.4671972081 1.0172219679 1.1296873865 1.24411054 1.3575464161 1.4671972081 
0.90937090954 1.0172219679 1.1296873865 1.24411054 1.3575464161 1.4671972081 0.80816628637 0.90937090954 1.0172219679 
1.1296873865 1.24411054 1.3575464161 1.4671972081 0.71487100155 0.80816628637 0.90937090954 1.0172219679 1.1296873865 
1.24411054 1.3575464161 1.4671972081 0.60381225391 0.57404952988 0.69302191562 0.54002084522 0.66790778838 0.79216440667 
0.50083690068 0.63877777351 0.77356233629 0.90072551443 0.45538277901 0.60464862014 0.75168694275 0.89058134991 1.0172219679 
0.40226393329 0.56421707518 0.72561863695 0.87851444325 1.0172219679 1.139116835 0.33975332011 0.51573716537 0.69407236469 
0.86392567495 1.0172219679 1.1502619915 1.2630228569 0.26576171152 0.45685295248 0.6552068806 0.84594095064 1.0172219679 
1.1636342747 1.2852923014 1.3852070904 0.22715816343 0.3129712797 0.49462574053 0.49462574053 0.68021497688 0.77059342779 
1.0172219679 1.0172219679 1.0172219679 1.0172219679 2.1243706857 1.5707963268 1.3676273807 1.271087727 1.2156949949 
2.6469669131 2.1243706857 1.7739652728 1.5707963268 1.447813335 1.3676273807 2.8286213739 2.4613776767 2.1243706857 
1.8705049266 1.6937793186 1.5707963268 1.4827341049 2.9144344902 2.6469669131 2.3709992258 2.1243706857 1.9258976586 
1.7739652728 1.6588585487 1.5707963268 1.7563855631 1.8563003522 1.8785697967 1.9779583789 1.9913306621 2.0024758186 
2.1243706857 2.1243706857 2.1243706857 2.1243706857 2.295651703 2.2776669786 2.2630782103 2.2510113037 2.2408671392 
2.486385773 2.4475202889 2.4159740166 2.3899057108 2.3680303173 2.3494282469 2.6847397011 2.6258554882 2.5773755784 
2.5369440334 2.5028148801 2.4736848652 2.448570738 2.8758309421 2.8018393335 2.7393287203 2.6862098746 2.6407557529 
2.6015718084 2.5675431237 2.5377803997 5.8604937156 5.901393709 5.9723133995 5.9473927383 6.0216547488 6.0927478736 
5.9992719463 6.0767621038 6.1501452836 6.2190157008 6.0578962336 6.1383094565 6.2134963469 0 0.064169606361 
6.1241815303 6.206940195 6.2831853072 0.069688960264 0.13304002361 0.19043743361 6.1990255847 0 0.07624511221 
0.14487585072 0.20642320337 0.26153055843 0.3108719077 0 0.084159722458 0.15900377685 0.22528907359 0.28391336087 
0.3357925689 0.38179159818 0.42269159155 5.8604937156 5.9723133995 5.901393709 6.0927478736 6.0216547488 5.9473927383 
6.2190157008 6.1501452836 6.0767621038 5.9992719463 0.064169606361 0 6.2134963469 6.1383094565 6.0578962336 
0.19043743361 0.13304002361 0.069688960264 6.2831853072 6.206940195 6.1241815303 0.3108719077 0.26153055843 0.20642320337 
0.14487585072 0.07624511221 6.2831853072 6.1990255847 0.42269159155 0.38179159818 0.3357925689 0.28391336087 0.22528907359 
0.15900377685 0.084159722458 0 5.6793730533 5.7091357773 5.5901633916 5.743164462 5.6152775188 5.4910209005 
5.7823484065 5.6444075337 5.5096229709 5.3824597928 5.8278025282 5.678536687 5.5314983644 5.3926039573 5.2659633393 
5.8809213739 5.718968232 5.5575666702 5.4046708639 5.2659633393 5.1440684722 5.9434319871 5.7674481418 5.5891129425 
5.4192596322 5.2659633393 5.1329233157 5.0201624502 6.0174235957 5.8263323547 5.6279784266 5.4372443565 5.2659633393 
5.1195510325 4.9978930058 4.8979782167 1.3852070904 1.2852923014 1.2630228569 1.1636342747 1.1502619915 1.139116835 
1.0172219679 1.0172219679 1.0172219679 1.0172219679 0.84594095064 0.86392567495 0.87851444325 0.89058134991 0.90072551443 
0.6552068806 0.69407236469 0.72561863695 0.75168694275 0.77356233629 0.79216440667 0.45685295248 0.51573716537 0.56421707518 
0.60464862014 0.63877777351 0.66790778838 0.69302191562 0.26576171152 0.33975332011 0.40226393329 0.45538277901 0.50083690068 
0.54002084522 0.57404952988 0.60381225391 
_paraPhiHalf 1 1002 double
0 3.1415926536 0 3.1415926536 1.5707963268 1.5707963268 1.5707963268 1.5707963268 2.5880182947 
0.5535743589 2.5880182947 0.5535743589 0 0 0 0 3.1415926536 3.1415926536 
3.1415926536 3.1415926536 3.1415926536 0.17788134 0.38438696014 0.60631181711 0.82323535693 1.0172219679 1.1799687454 
1.3118704726 1.4175000338 1.5022335207 0.17788134 0.38438696014 0.60631181711 0.82323535693 1.0172219679 1.1799687454 
1.3118704726 1.4175000338 1.5022335207 0.093902416448 0.17615329733 0.2478725152 0.31035131605 0.36486382811 0.41257334776 
0.45449736604 0.4915044461 0.52432611754 0.093902416448 0.17615329733 0.2478725152 0.31035131605 0.36486382811 0.41257334776 
0.45449736604 0.4915044461 0.52432611754 2.9637113136 2.7572056934 2.5352808365 2.3183572967 2.1243706857 1.9616239082 
1.829722181 1.7240926197 1.6393591329 2.9637113136 2.7572056934 2.5352808365 2.3183572967 2.1243706857 1.9616239082 
1.829722181 1.7240926197 1.6393591329 3.0476902371 2.9654393563 2.8937201384 2.8312413375 2.7767288255 2.7290193058 
2.6870952876 2.6500882075 2.617266536 3.0476902371 2.9654393563 2.8937201384 2.8312413375 2.7767288255 2.7290193058 
2.6870952876 2.6500882075 2.617266536 0 0 0 0 3.1415926536 3.1415926536 
3.1415926536 3.1415926536 3.1415926536 0.17788134 0.38438696014 0.60631181711 0.82323535693 1.0172219679 1.1799687454 
1.3118704726 1.4175000338 1.5022335207 0.17788134 0.38438696014 0.60631181711 0.82323535693 1.0172219679 1.1799687454 
1.3118704726 1.4175000338 1.5022335207 0.093902416448 0.17615329733 0.2478725152 0.31035131605 0.36486382811 0.41257334776 
0.45449736604 0.4915044461 0.52432611754 0.093902416448 0.17615329733 0.2478725152 0.31035131605 0.36486382811 0.41257334776 
0.45449736604 0.4915044461 0.52432611754 2.9637113136 2.7572056934 2.5352808365 2.3183572967 2.1243706857 1.9616239082 
1.829722181 1.7240926197 1.6393591329 2.9637113136 2.7572056934 2.5352808365 2.3183572967 2.1243706857 1.9616239082 
1.829722181 1.7240926197 1.6393591329 3.0476902371 2.9654393563 2.8937201384 2.8312413375 2.7767288255 2.7290193058 
2.6870952876 2.6500882075 2.617266536 3.0476902371 2.9654393563 2.8937201384 2.8312413375 2.7767288255 2.7290193058 
2.6870952876 2.6500882075 2.617266536 1.5707963268 1.5707963268 1.5707963268 1.5707963268 1.5707963268 1.5707963268 
1.5707963268 1.5707963268 1.5707963268 1.6743954455 1.7840462375 1.8974821136 2.0119052671 2.1243706857 2.232221744 
2.3334263672 2.426721652 2.5115728246 1.4671972081 1.3575464161 1.24411054 1.1296873865 1.0172219679 0.90937090954 
0.80816628637 0.71487100155 0.63001982895 1.6743954455 1.7840462375 1.8974821136 2.0119052671 2.1243706857 2.232221744 
2.3334263672 2.426721652 2.5115728246 1.4671972081 1.3575464161 1.24411054 1.1296873865 1.0172219679 0.90937090954 
0.80816628637 0.71487100155 0.63001982895 1.5707963268 1.5707963268 1.5707963268 1.5707963268 1.5707963268 1.5707963268 
1.5707963268 1.5707963268 1.5707963268 1.6743954455 1.7840462375 1.8974821136 2.0119052671 2.1243706857 2.232221744 
2.3334263672 2.426721652 2.5115728246 1.4671972081 1.3575464161 1.24411054 1.1296873865 1.0172219679 0.90937090954 
0.80816628637 0.71487100155 0.63001982895 1.6743954455 1.7840462375 1.8974821136 2.0119052671 2.1243706857 2.232221744 
2.3334263672 2.426721652 2.5115728246 1.4671972081 1.3575464161 1.24411054 1.1296873865 1.0172219679 0.90937090954 
0.80816628637 0.71487100155 0.63001982895 2.6824132222 2.7864913217 2.8992382033 3.0186096618 3.1415926536 3.0186096618 
2.8992382033 2.7864913217 2.6824132222 0.45917943135 0.35510133185 0.2423544503 0.12298299178 0 0.12298299178 
0.2423544503 0.35510133185 0.45917943135 0.22715816343 0.49462574053 0.3129712797 0.77059342779 0.68021497688 0.49462574053 
1.0172219679 1.0172219679 1.0172219679 1.0172219679 1.2156949949 1.271087727 1.3676273807 1.5707963268 2.1243706857 
1.3676273807 1.447813335 1.5707963268 1.7739652728 2.1243706857 2.6469669131 1.4827341049 1.5707963268 1.6937793186 
1.8705049266 2.1243706857 2.4613776767 2.8286213739 1.5707963268 1.6588585487 1.7739652728 1.9258976586 2.1243706857 
2.3709992258 2.6469669131 2.9144344902 0.26576171152 0.33975332011 0.45685295248 0.40226393329 0.51573716537 0.6552068806 
0.45538277901 0.56421707518 0.69407236469 0.84594095064 0.50083690068 0.60464862014 0.72561863695 0.86392567495 1.0172219679 
0.54002084522 0.63877777351 0.75168694275 0.87851444325 1.0172219679 1.1636342747 0.57404952988 0.66790778838 0.77356233629 
0.89058134991 1.0172219679 1.1502619915 1.2852923014 0.60381225391 0.69302191562 0.79216440667 0.90072551443 1.0172219679 
1.139116835 1.2630228569 1.3852070904 0.71487100155 0.80816628637 0.80816628637 0.90937090954 0.90937090954 0.90937090954 
1.0172219679 1.0172219679 1.0172219679 1.0172219679 1.1296873865 1.1296873865 1.1296873865 1.1296873865 1.1296873865 
1.24411054 1.24411054 1.24411054 1.24411054 1.24411054 1.24411054 1.3575464161 1.3575464161 1.3575464161 
1.3575464161 1.3575464161 1.3575464161 1.3575464161 1.4671972081 1.4671972081 1.4671972081 1.4671972081 1.4671972081 
1.4671972081 1.4671972081 1.4671972081 1.6743954455 1.6743954455 1.7840462375 1.6743954455 1.7840462375 1.8974821136 
1.6743954455 1.7840462375 1.8974821136 2.0119052671 1.6743954455 1.7840462375 1.8974821136 2.0119052671 2.1243706857 
1.6743954455 1.7840462375 1.8974821136 2.0119052671 2.1243706857 2.232221744 1.6743954455 1.7840462375 1.8974821136 
2.0119052671 2.1243706857 2.232221744 2.3334263672 1.6743954455 1.7840462375 1.8974821136 2.0119052671 2.1243706857 
2.232221744 2.3334263672 2.426721652 1.7563855631 1.8785697967 1.8563003522 2.0024758186 1.9913306621 1.9779583789 
2.1243706857 2.1243706857 2.1243706857 2.1243706857 2.2408671392 2.2510113037 2.2630782103 2.2776669786 2.295651703 
2.3494282469 2.3680303173 2.3899057108 2.4159740166 2.4475202889 2.486385773 2.448570738 2.4736848652 2.5028148801 
2.5369440334 2.5773755784 2.6258554882 2.6847397011 2.5377803997 2.5675431237 2.6015718084 2.6407557529 2.6862098746 
2.7393287203 2.8018393335 2.8758309421 2.718901062 2.8307207459 2.7598010554 2.95115522 2.8800620952 2.8058000847 
3.0774230472 3.00855263 2.9351694502 2.8576792927 3.0774230472 3.1415926536 3.0719036933 2.9967168029 2.91630358 
2.95115522 3.00855263 3.0719036933 3.1415926536 3.0653475414 2.9825888767 2.8307207459 2.8800620952 2.9351694502 
2.9967168029 3.0653475414 3.1415926536 3.0574329311 2.718901062 2.7598010554 2.8058000847 2.8576792927 2.91630358 
2.9825888767 3.0574329311 3.1415926536 2.718901062 2.7598010554 2.8307207459 2.8058000847 2.8800620952 2.95115522 
2.8576792927 2.9351694502 3.00855263 3.0774230472 2.91630358 2.9967168029 3.0719036933 3.1415926536 3.0774230472 
2.9825888767 3.0653475414 3.1415926536 3.0719036933 3.00855263 2.95115522 3.0574329311 3.1415926536 3.0653475414 
2.9967168029 2.9351694502 2.8800620952 2.8307207459 3.1415926536 3.0574329311 2.9825888767 2.91630358 2.8576792927 
2.8058000847 2.7598010554 2.718901062 1.7563855631 1.8563003522 1.8785697967 1.9779583789 1.9913306621 2.0024758186 
2.1243706857 2.1243706857 2.1243706857 2.1243706857 2.295651703 2.2776669786 2.2630782103 2.2510113037 2.2408671392 
2.486385773 2.4475202889 2.4159740166 2.3899057108 2.3680303173 2.3494282469 2.6847397011 2.6258554882 2.5773755784 
2.5369440334 2.5028148801 2.4736848652 2.448570738 2.8758309421 2.8018393335 2.7393287203 2.6862098746 2.6407557529 
2.6015718084 2.5675431237 2.5377803997 1.5707963268 1.4827341049 1.6588585487 1.3676273807 1.5707963268 1.7739652728 
1.2156949949 1.447813335 1.6937793186 1.9258976586 1.0172219679 1.271087727 1.5707963268 1.8705049266 2.1243706857 
0.77059342779 1.0172219679 1.3676273807 1.7739652728 2.1243706857 2.3709992258 0.49462574053 0.68021497688 1.0172219679 
1.5707963268 2.1243706857 2.4613776767 2.6469669131 0.22715816343 0.3129712797 0.49462574053 1.0172219679 2.1243706857 
2.6469669131 2.8286213739 2.9144344902 0.22715816343 0.49462574053 0.3129712797 0.77059342779 0.68021497688 0.49462574053 
1.0172219679 1.0172219679 1.0172219679 1.0172219679 1.2156949949 1.271087727 1.3676273807 1.5707963268 2.1243706857 
1.3676273807 1.447813335 1.5707963268 1.7739652728 2.1243706857 2.6469669131 1.4827341049 1.5707963268 1.6937793186 
1.8705049266 2.1243706857 2.4613776767 2.8286213739 1.5707963268 1.6588585487 1.7739652728 1.9258976586 2.1243706857 
2.3709992258 2.6469669131 2.9144344902 1.7563855631 1.8785697967 1.8563003522 2.0024758186 1.9913306621 1.9779583789 
2.1243706857 2.1243706857 2.1243706857 2.1243706857 2.2408671392 2.2510113037 2.2630782103 2.2776669786 2.295651703 
2.3494282469 2.3680303173 2.3899057108 2.4159740166 2.4475202889 2.486385773 2.448570738 2.4736848652 2.5028148801 
2.5369440334 2.5773755784 2.6258554882 2.6847397011 2.5377803997 2.5675431237 2.6015718084 2.6407557529 2.6862098746 
2.7393287203 2.8018393335 2.8758309421 1.6743954455 1.6743954455 1.7840462375 1.6743954455 1.7840462375 1.8974821136 
1.6743954455 1.7840462375 1.8974821136 2.0119052671 1.6743954455 1.7840462375 1.8974821136 2.0119052671 2.1243706857 
1.6743954455 1.7840462375 1.8974821136 2.0119052671 2.1243706857 2.232221744 1.6743954455 1.7840462375 1.8974821136 
2.0119052671 2.1243706857 2.232221744 2.3334263672 1.6743954455 1.7840462375 1.8974821136 2.0119052671 2.1243706857 
2.232221744 2.3334263672 2.426721652 1.4671972081 1.3575464161 1.4671972081 1.24411054 1.3575464161 1.4671972081 
1.1296873865 1.24411054 1.3575464161 1.4671972081 1.0172219679 1.1296873865 1.24411054 1.3575464161 1.4671972081 
0.90937090954 1.0172219679 1.1296873865 1.24411054 1.3575464161 1.4671972081 0.80816628637 0.90937090954 1.0172219679 
1.1296873865 1.24411054 1.3575464161 1.4671972081 0.71487100155 0.80816628637 0.90937090954 1.0172219679 1.1296873865 
1.24411054 1.3575464161 1.4671972081 0.60381225391 0.57404952988 0.69302191562 0.54002084522 0.66790778838 0.79216440667 
0.50083690068 0.63877777351 0.77356233629 0.90072551443 0.45538277901 0.60464862014 0.75168694275 0.89058134991 1.0172219679 
0.40226393329 0.56421707518 0.72561863695 0.87851444325 1.0172219679 1.139116835 0.33975332011 0.51573716537 0.69407236469 
0.86392567495 1.0172219679 1.1502619915 1.2630228569 0.26576171152 0.45685295248 0.6552068806 0.84594095064 1.0172219679 
1.1636342747 1.2852923014 1.3852070904 0.22715816343 0.3129712797 0.49462574053 0.49462574053 0.68021497688 0.77059342779 
1.0172219679 1.0172219679 1.0172219679 1.0172219679 2.1243706857 1.5707963268 1.3676273807 1.271087727 1.2156949949 
2.6469669131 2.1243706857 1.7739652728 1.5707963268 1.447813335 1.3676273807 2.8286213739 2.4613776767 2.1243706857 
1.8705049266 1.6937793186 1.5707963268 1.4827341049 2.9144344902 2.6469669131 2.3709992258 2.1243706857 1.9258976586 
1.7739652728 1.6588585487 1.5707963268 1.7563855631 1.8563003522 1.8785697967 1.9779583789 1.9913306621 2.0024758186 
2.1243706857 2.1243706857 2.1243706857 2.1243706857 2.295651703 2.2776669786 2.2630782103 2.2510113037 2.2408671392 
2.486385773 2.4475202889 2.4159740166 2.3899057108 2.3680303173 2.3494282469 2.6847397011 2.6258554882 2.5773755784 
2.5369440334 2.5028148801 2.4736848652 2.448570738 2.8758309421 2.8018393335 2.7393287203 2.6862098746 2.6407557529 
2.6015718084 2.5675431237 2.5377803997 0.42269159155 0.38179159818 0.3108719077 0.3357925689 0.26153055843 0.19043743361 
0.28391336087 0.20642320337 0.13304002361 0.064169606361 0.22528907359 0.14487585072 0.069688960264 0 0.064169606361 
0.15900377685 0.07624511221 0 0.069688960264 0.13304002361 0.19043743361 0.084159722458 0 0.07624511221 
0.14487585072 0.20642320337 0.26153055843 0.3108719077 0 0.084159722458 0.15900377685 0.22528907359 0.28391336087 
0.3357925689 0.38179159818 0.42269159155 0.42269159155 0.3108719077 0.38179159818 0.19043743361 0.26153055843 0.3357925689 
0.064169606361 0.13304002361 0.20642320337 0.28391336087 0.064169606361 0 0.069688960264 0.14487585072 0.22528907359 
0.19043743361 0.13304002361 0.069688960264 0 0.07624511221 0.15900377685 0.3108719077 0.26153055843 0.20642320337 
0.14487585072 0.07624511221 0 0.084159722458 0.42269159155 0.38179159818 0.3357925689 0.28391336087 0.22528907359 
0.15900377685 0.084159722458 0 0.60381225391 0.57404952988 0.69302191562 0.54002084522 0.66790778838 0.79216440667 
0.50083690068 0.63877777351 0.77356233629 0.90072551443 0.45538277901 0.60464862014 0.75168694275 0.89058134991 1.0172219679 
0.40226393329 0.56421707518 0.72561863695 0.87851444325 1.0172219679 1.139116835 0.33975332011 0.51573716537 0.69407236469 
0.86392567495 1.0172219679 1.1502619915 1.2630228569 0.26576171152 0.45685295248 0.6552068806 0.84594095064 1.0172219679 
1.1636342747 1.2852923014 1.3852070904 1.3852070904 1.2852923014 1.2630228569 1.1636342747 1.1502619915 1.139116835 
1.0172219679 1.0172219679 1.0172219679 1.0172219679 0.84594095064 0.86392567495 0.87851444325 0.89058134991 0.90072551443 
0.6552068806 0.69407236469 0.72561863695 0.75168694275 0.77356233629 0.79216440667 0.45685295248 0.51573716537 0.56421707518 
0.60464862014 0.63877777351 0.66790778838 0.69302191562 0.26576171152 0.33975332011 0.40226393329 0.45538277901 0.50083690068 
0.54002084522 0.57404952988 0.60381225391 
_paraTheta 1 1002 double
2.5880182947 2.5880182947 0.5535743589 0.5535743589 2.1243706857 1.0172219679 2.1243706857 1.0172219679 1.5707963268 
1.5707963268 1.5707963268 1.5707963268 2.6824132222 2.7864913217 2.8992382033 3.0186096618 3.1415926536 3.0186096618 
2.8992382033 2.7864913217 2.6824132222 2.6103464886 2.6179113468 2.6051547466 2.5695827959 2.5132741229 2.4418352945 
2.3620190071 2.2798327847 2.1996967568 2.6103464886 2.6179113468 2.6051547466 2.5695827959 2.5132741229 2.4418352945 
2.3620190071 2.2798327847 2.1996967568 2.5094694897 2.4189929859 2.3179357705 2.2086447269 2.0943951024 1.979019187 
1.8663114549 1.7594353672 1.660558466 2.5094694897 2.4189929859 2.3179357705 2.2086447269 2.0943951024 1.979019187 
1.8663114549 1.7594353672 1.660558466 2.6103464886 2.6179113468 2.6051547466 2.5695827959 2.5132741229 2.4418352945 
2.3620190071 2.2798327847 2.1996967568 2.6103464886 2.6179113468 2.6051547466 2.5695827959 2.5132741229 2.4418352945 
2.3620190071 2.2798327847 2.1996967568 2.5094694897 2.4189929859 2.3179357705 2.2086447269 2.0943951024 1.979019187 
1.8663114549 1.7594353672 1.660558466 2.5094694897 2.4189929859 2.3179357705 2.2086447269 2.0943951024 1.979019187 
1.8663114549 1.7594353672 1.660558466 0.45917943135 0.35510133185 0.2423544503 0.12298299178 0 0.12298299178 
0.2423544503 0.35510133185 0.45917943135 0.53124616503 0.52368130675 0.536437907 0.57200985774 0.62831853072 0.69975735908 
0.77957364653 0.86175986891 0.94189589675 0.53124616503 0.52368130675 0.536437907 0.57200985774 0.62831853072 0.69975735908 
0.77957364653 0.86175986891 0.94189589675 0.63212316391 0.72259966764 0.82365688306 0.93294792667 1.0471975512 1.1625734666 
1.2752811987 1.3821572864 1.4810341876 0.63212316391 0.72259966764 0.82365688306 0.93294792667 1.0471975512 1.1625734666 
1.2752811987 1.3821572864 1.4810341876 0.53124616503 0.52368130675 0.536437907 0.57200985774 0.62831853072 0.69975735908 
0.77957364653 0.86175986891 0.94189589675 0.53124616503 0.52368130675 0.536437907 0.57200985774 0.62831853072 0.69975735908 
0.77957364653 0.86175986891 0.94189589675 0.63212316391 0.72259966764 0.82365688306 0.93294792667 1.0471975512 1.1625734666 
1.2752811987 1.3821572864 1.4810341876 0.63212316391 0.72259966764 0.82365688306 0.93294792667 1.0471975512 1.1625734666 
1.2752811987 1.3821572864 1.4810341876 2.0299757581 1.9258976586 1.8131507771 1.6937793186 1.5707963268 1.447813335 
1.3284418765 1.2156949949 1.1116168954 2.0927957377 2.0528282229 2.0042203052 1.9476746014 1.8849555922 1.8186733458 
1.7517743396 1.6869524776 1.6262262926 2.0927957377 2.0528282229 2.0042203052 1.9476746014 1.8849555922 1.8186733458 
1.7517743396 1.6869524776 1.6262262926 1.0487969159 1.0887644307 1.1373723484 1.1939180521 1.2566370614 1.3229193078 
1.389818314 1.454640176 1.5153663609 1.0487969159 1.0887644307 1.1373723484 1.1939180521 1.2566370614 1.3229193078 
1.389818314 1.454640176 1.5153663609 2.0299757581 1.9258976586 1.8131507771 1.6937793186 1.5707963268 1.447813335 
1.3284418765 1.2156949949 1.1116168954 2.0927957377 2.0528282229 2.0042203052 1.9476746014 1.8849555922 1.8186733458 
1.7517743396 1.6869524776 1.6262262926 2.0927957377 2.0528282229 2.0042203052 1.9476746014 1.8849555922 1.8186733458 
1.7517743396 1.6869524776 1.6262262926 1.0487969159 1.0887644307 1.1373723484 1.1939180521 1.2566370614 1.3229193078 
1.389818314 1.454640176 1.5153663609 1.0487969159 1.0887644307 1.1373723484 1.1939180521 1.2566370614 1.3229193078 
1.389818314 1.454640176 1.5153663609 1.5707963268 1.5707963268 1.5707963268 1.5707963268 1.5707963268 1.5707963268 
1.5707963268 1.5707963268 1.5707963268 1.5707963268 1.5707963268 1.5707963268 1.5707963268 1.5707963268 1.5707963268 
1.5707963268 1.5707963268 1.5707963268 2.709080714 2.713624105 2.8159232834 2.6888624503 2.8100170376 2.9259731602 
2.6348965284 2.7625406917 2.8923260847 3.019970248 2.5588063698 2.6826242978 2.8085381717 2.9283427429 3.019970248 
2.4700687763 2.5846219946 2.7004837133 2.8085381717 2.8923260847 2.9259731602 2.3770232092 2.4801672363 2.5846219946 
2.6826242978 2.7625406917 2.8100170376 2.8159232834 2.2856673283 2.3770232092 2.4700687763 2.5588063698 2.6348965284 
2.6888624503 2.713624105 2.709080714 2.5209734175 2.4194999879 2.5171762521 2.3079086601 2.4050318116 2.4942553593 
2.1892792782 2.2840779048 2.3733976802 2.451440714 2.0675754509 2.1580461185 2.2457245255 2.3252253222 2.3916517173 
1.9470741619 2.0313777945 2.1154309704 2.1945324847 2.264007554 2.3203479975 1.8316369151 1.9084649853 1.9871095207 
2.0637561862 2.134222161 2.1948998761 2.2435911261 1.7241344366 1.7928842502 1.8648909129 1.9372812287 2.0065779977 
2.0693810794 2.1231212872 2.1665379559 1.5707963268 1.5098784251 1.6317142285 1.4449244545 1.5707963268 1.6966681991 
1.378259467 1.5059036303 1.6356890233 1.7633331866 1.3128114302 1.4396214169 1.5707963268 1.7019712367 1.8287812234 
1.2515517579 1.3750063445 1.5047821434 1.6368105102 1.766586309 1.8900408957 1.1968612675 1.3149319451 1.4407356339 
1.5707963268 1.7008570197 1.8266607084 1.9447313861 1.1501123831 1.2614866403 1.3813556239 1.5069698355 1.6346228181 
1.7602370297 1.8801060133 1.9914802705 1.9914802705 1.8801060133 1.9447313861 1.7602370297 1.8266607084 1.8900408957 
1.6346228181 1.7008570197 1.766586309 1.8287812234 1.5069698355 1.5707963268 1.6368105102 1.7019712367 1.7633331866 
1.3813556239 1.4407356339 1.5047821434 1.5707963268 1.6356890233 1.6966681991 1.2614866403 1.3149319451 1.3750063445 
1.4396214169 1.5059036303 1.5707963268 1.6317142285 1.1501123831 1.1968612675 1.2515517579 1.3128114302 1.378259467 
1.4449244545 1.5098784251 1.5707963268 2.1665379559 2.1231212872 2.2435911261 2.0693810794 2.1948998761 2.3203479975 
2.0065779977 2.134222161 2.264007554 2.3916517173 1.9372812287 2.0637561862 2.1945324847 2.3252253222 2.451440714 
1.8648909129 1.9871095207 2.1154309704 2.2457245255 2.3733976802 2.4942553593 1.7928842502 1.9084649853 2.0313777945 
2.1580461185 2.2840779048 2.4050318116 2.5171762521 1.7241344366 1.8316369151 1.9470741619 2.0675754509 2.1892792782 
2.3079086601 2.4194999879 2.5209734175 1.6653343111 1.6694626186 1.7691061541 1.6725355466 1.777001993 1.8804107197 
1.6741837394 1.7822176869 1.8910156416 1.9963370138 1.6741837394 1.7840462375 1.8967441936 2.0078529658 2.1129904083 
1.6725355466 1.7822176869 1.8967441936 2.0119052671 2.1230703747 2.2260782206 1.6694626186 1.777001993 1.8910156416 
2.0078529658 2.1230703747 2.232221744 2.3316555425 1.6653343111 1.7691061541 1.8804107197 1.9963370138 2.1129904083 
2.2260782206 2.3316555425 2.426721652 1.4762583425 1.3724864995 1.472130035 1.2611819339 1.3645906606 1.469057107 
1.1452556397 1.250577012 1.3593749667 1.4674089142 1.0286022453 1.1337396878 1.24484846 1.3575464161 1.4674089142 
0.91551443298 1.0185222789 1.1296873865 1.24484846 1.3593749667 1.469057107 0.80993711104 0.90937090954 1.0185222789 
1.1337396878 1.250577012 1.3645906606 1.472130035 0.71487100155 0.80993711104 0.91551443298 1.0286022453 1.1452556397 
1.2611819339 1.3724864995 1.4762583425 0.97505469771 0.89800152746 1.0184713664 0.8212446561 0.94669277751 1.0722115742 
0.74994093628 0.87758509958 1.0073704926 1.1350146559 0.69015193957 0.8163673314 0.94706016884 1.0778364674 1.2043114249 
0.64733729433 0.76819497343 0.89586812809 1.0261616832 1.1544831329 1.2767017407 0.62441640146 0.73656084196 0.85751474884 
0.98354653505 1.110214859 1.2331276683 1.3487084034 0.62061923606 0.72209266572 0.83368399349 0.95231337536 1.0740172027 
1.1945184917 1.3099557385 1.4174582169 0.85592532525 0.76456944438 0.76456944438 0.6715238773 0.66142541725 0.6715238773 
0.58278628379 0.55697065895 0.55697065895 0.58278628379 0.50669612515 0.45896835581 0.44110894032 0.45896835581 0.50669612515 
0.45273020326 0.37905196185 0.33305448194 0.33305448194 0.37905196185 0.45273020326 0.42796854854 0.33157561601 0.24926656886 
0.21324991073 0.24926656886 0.33157561601 0.42796854854 0.4325119396 0.32566937018 0.21561949336 0.12162240556 0.12162240556 
0.21561949336 0.32566937018 0.4325119396 0.4325119396 0.42796854854 0.32566937018 0.45273020326 0.33157561601 0.21561949336 
0.50669612515 0.37905196185 0.24926656886 0.12162240556 0.58278628379 0.45896835581 0.33305448194 0.21324991073 0.12162240556 
0.6715238773 0.55697065895 0.44110894032 0.33305448194 0.24926656886 0.21561949336 0.76456944438 0.66142541725 0.55697065895 
0.45896835581 0.37905196185 0.33157561601 0.32566937018 0.85592532525 0.76456944438 0.6715238773 0.58278628379 0.50669612515 
0.45273020326 0.42796854854 0.4325119396 0.97505469771 1.0184713664 0.89800152746 1.0722115742 0.94669277751 0.8212446561 
1.1350146559 1.0073704926 0.87758509958 0.74994093628 1.2043114249 1.0778364674 0.94706016884 0.8163673314 0.69015193957 
1.2767017407 1.1544831329 1.0261616832 0.89586812809 0.76819497343 0.64733729433 1.3487084034 1.2331276683 1.110214859 
0.98354653505 0.85751474884 0.73656084196 0.62441640146 1.4174582169 1.3099557385 1.1945184917 1.0740172027 0.95231337536 
0.83368399349 0.72209266572 0.62061923606 1.1501123831 1.2614866403 1.1968612675 1.3813556239 1.3149319451 1.2515517579 
1.5069698355 1.4407356339 1.3750063445 1.3128114302 1.6346228181 1.5707963268 1.5047821434 1.4396214169 1.378259467 
1.7602370297 1.7008570197 1.6368105102 1.5707963268 1.5059036303 1.4449244545 1.8801060133 1.8266607084 1.766586309 
1.7019712367 1.6356890233 1.5707963268 1.5098784251 1.9914802705 1.9447313861 1.8900408957 1.8287812234 1.7633331866 
1.6966681991 1.6317142285 1.5707963268 1.1501123831 1.1968612675 1.2614866403 1.2515517579 1.3149319451 1.3813556239 
1.3128114302 1.3750063445 1.4407356339 1.5069698355 1.378259467 1.4396214169 1.5047821434 1.5707963268 1.6346228181 
1.4449244545 1.5059036303 1.5707963268 1.6368105102 1.7008570197 1.7602370297 1.5098784251 1.5707963268 1.6356890233 
1.7019712367 1.766586309 1.8266607084 1.8801060133 1.5707963268 1.6317142285 1.6966681991 1.7633331866 1.8287812234 
1.8900408957 1.9447313861 1.9914802705 1.7241344366 1.8316369151 1.7928842502 1.9470741619 1.9084649853 1.8648909129 
2.0675754509 2.0313777945 1.9871095207 1.9372812287 2.1892792782 2.1580461185 2.1154309704 2.0637561862 2.0065779977 
2.3079086601 2.2840779048 2.2457245255 2.1945324847 2.134222161 2.0693810794 2.4194999879 2.4050318116 2.3733976802 
2.3252253222 2.264007554 2.1948998761 2.1231212872 2.5209734175 2.5171762521 2.4942553593 2.451440714 2.3916517173 
2.3203479975 2.2435911261 2.1665379559 2.709080714 2.8159232834 2.713624105 2.9259731602 2.8100170376 2.6888624503 
3.019970248 2.8923260847 2.7625406917 2.6348965284 3.019970248 2.9283427429 2.8085381717 2.6826242978 2.5588063698 
2.9259731602 2.8923260847 2.8085381717 2.7004837133 2.5846219946 2.4700687763 2.8159232834 2.8100170376 2.7625406917 
2.6826242978 2.5846219946 2.4801672363 2.3770232092 2.709080714 2.713624105 2.6888624503 2.6348965284 2.5588063698 
2.4700687763 2.3770232092 2.2856673283 2.1665379559 2.2435911261 2.1231212872 2.3203479975 2.1948998761 2.0693810794 
2.3916517173 2.264007554 2.134222161 2.0065779977 2.451440714 2.3252253222 2.1945324847 2.0637561862 1.9372812287 
2.4942553593 2.3733976802 2.2457245255 2.1154309704 1.9871095207 1.8648909129 2.5171762521 2.4050318116 2.2840779048 
2.1580461185 2.0313777945 1.9084649853 1.7928842502 2.5209734175 2.4194999879 2.3079086601 2.1892792782 2.0675754509 
1.9470741619 1.8316369151 1.7241344366 1.6653343111 1.7691061541 1.6694626186 1.8804107197 1.777001993 1.6725355466 
1.9963370138 1.8910156416 1.7822176869 1.6741837394 2.1129904083 2.0078529658 1.8967441936 1.7840462375 1.6741837394 
2.2260782206 2.1230703747 2.0119052671 1.8967441936 1.7822176869 1.6725355466 2.3316555425 2.232221744 2.1230703747 
2.0078529658 1.8910156416 1.777001993 1.6694626186 2.426721652 2.3316555425 2.2260782206 2.1129904083 1.9963370138 
1.8804107197 1.7691061541 1.6653343111 1.4762583425 1.472130035 1.3724864995 1.469057107 1.3645906606 1.2611819339 
1.4674089142 1.3593749667 1.250577012 1.1452556397 1.4674089142 1.3575464161 1.24484846 1.1337396878 1.0286022453 
1.469057107 1.3593749667 1.24484846 1.1296873865 1.0185222789 0.91551443298 1.472130035 1.3645906606 1.250577012 
1.1337396878 1.0185222789 0.90937090954 0.80993711104 1.4762583425 1.3724864995 1.2611819339 1.1452556397 1.0286022453 
0.91551443298 0.80993711104 0.71487100155 1.4174582169 1.3099557385 1.3487084034 1.1945184917 1.2331276683 1.2767017407 
1.0740172027 1.110214859 1.1544831329 1.2043114249 0.95231337536 0.98354653505 1.0261616832 1.0778364674 1.1350146559 
0.83368399349 0.85751474884 0.89586812809 0.94706016884 1.0073704926 1.0722115742 0.72209266572 0.73656084196 0.76819497343 
0.8163673314 0.87758509958 0.94669277751 1.0184713664 0.62061923606 0.62441640146 0.64733729433 0.69015193957 0.74994093628 
0.8212446561 0.89800152746 0.97505469771 0.97505469771 0.89800152746 1.0184713664 0.8212446561 0.94669277751 1.0722115742 
0.74994093628 0.87758509958 1.0073704926 1.1350146559 0.69015193957 0.8163673314 0.94706016884 1.0778364674 1.2043114249 
0.64733729433 0.76819497343 0.89586812809 1.0261616832 1.1544831329 1.2767017407 0.62441640146 0.73656084196 0.85751474884 
0.98354653505 1.110214859 1.2331276683 1.3487084034 0.62061923606 0.72209266572 0.83368399349 0.95231337536 1.0740172027 
1.1945184917 1.3099557385 1.4174582169 
_paraMix 1 1002 double
0.82379180883 1.6475836177 0.17620819117 0.35241638235 1.0143122868 0.48568771324 1.0143122868 0.48568771324 0.91189590441 
0.58810409559 0.91189590441 0.58810409559 0.85383864747 0.88696773548 0.92285618251 0.96085329788 2 1.9217065958 
1.845712365 1.773935471 1.7076772949 0.87794575455 0.93526565649 0.98928697897 1.0322555424 1.0590334471 1.0691959599 
1.0658142033 1.0531292395 1.0349968408 0.87794575455 0.93526565649 0.98928697897 1.0322555424 1.0590334471 1.0691959599 
1.0658142033 1.0531292395 1.0349968408 0.8226648032 0.81316371541 0.79603621771 0.7724846444 0.74409317573 0.71266916329 
0.68000942326 0.64766522243 0.61678991414 0.8226648032 0.81316371541 0.79603621771 0.7724846444 0.74409317573 0.71266916329 
0.68000942326 0.64766522243 0.61678991414 1.6147515265 1.5646555321 1.4984525537 1.4215152795 1.3409665529 1.2625849841 
1.1897478006 1.1239507031 1.0655588321 1.6147515265 1.5646555321 1.4984525537 1.4215152795 1.3409665529 1.2625849841 
1.1897478006 1.1239507031 1.0655588321 1.5737020397 1.4968044307 1.4174293962 1.3366157105 1.2559068243 1.1771549532 
1.1021867371 1.032471792 0.96892661482 1.5737020397 1.4968044307 1.4174293962 1.3366157105 1.2559068243 1.1771549532 
1.1021867371 1.032471792 0.96892661482 0.14616135253 0.11303226452 0.07714381749 0.039146702116 0 0.078293404232 
0.15428763498 0.22606452905 0.29232270506 0.17867563454 0.18708851304 0.20370806652 0.22978841036 0.26475836177 0.30639975715 
0.35176713755 0.39807503493 0.44317894021 0.17867563454 0.18708851304 0.20370806652 0.22978841036 0.26475836177 0.30639975715 
0.35176713755 0.39807503493 0.44317894021 0.20722526429 0.24290762061 0.28286405439 0.32630324769 0.37204658787 0.41865701208 
0.4646615816 0.50878550187 0.55010827266 0.20722526429 0.24290762061 0.28286405439 0.32630324769 0.37204658787 0.41865701208 
0.4646615816 0.50878550187 0.55010827266 0.32862708444 0.3129902984 0.30855240084 0.31644076777 0.33524163823 0.36181929882 
0.39267085854 0.42484502245 0.45626538687 0.32862708444 0.3129902984 0.30855240084 0.31644076777 0.33524163823 0.36181929882 
0.39267085854 0.42484502245 0.45626538687 0.39640789278 0.44712423328 0.50367033171 0.56459639737 0.62795341213 0.6915188714 
0.753142258 0.81107748368 0.86417519838 0.39640789278 0.44712423328 0.50367033171 0.56459639737 0.62795341213 0.6915188714 
0.753142258 0.81107748368 0.86417519838 0.9692420288 0.91954839679 0.86571572623 0.80872005317 0.75 0.69127994683 
0.63428427377 0.58045160321 0.5307579712 1.0212039872 1.024508189 1.0232847799 1.0169948663 1.0057249147 0.99023351016 
0.97177125237 0.95175867565 0.93147870611 0.97726873199 0.9357983649 0.89060463174 0.84289737578 0.7942750853 0.74647160691 
0.70105001956 0.65916227778 0.62145301225 0.51177263649 0.5433713658 0.58070253568 0.62341447024 0.67048327647 0.72030473912 
0.770981429 0.82069081721 0.86797975384 0.48975464432 0.49632208029 0.50540805266 0.51669328763 0.52951672353 0.5429901438 
0.55619729907 0.56838822936 0.5790885278 0.9692420288 0.91954839679 0.86571572623 0.80872005317 0.75 0.69127994683 
0.63428427377 0.58045160321 0.5307579712 1.0212039872 1.024508189 1.0232847799 1.0169948663 1.0057249147 0.99023351016 
0.97177125237 0.95175867565 0.93147870611 0.97726873199 0.9357983649 0.89060463174 0.84289737578 0.7942750853 0.74647160691 
0.70105001956 0.65916227778 0.62145301225 0.51177263649 0.5433713658 0.58070253568 0.62341447024 0.67048327647 0.72030473912 
0.770981429 0.82069081721 0.86797975384 0.48975464432 0.49632208029 0.50540805266 0.51669328763 0.52951672353 0.5429901438 
0.55619729907 0.56838822936 0.5790885278 0.92691932373 0.94348386774 0.96142809126 0.98042664894 1 0.98042664894 
0.96142809126 0.94348386774 0.92691932373 0.57308067627 0.55651613226 0.53857190874 0.51957335106 0.5 0.51957335106 
0.53857190874 0.55651613226 0.57308067627 0.92467919663 0.99976954339 0.98563089446 1.0658309924 1.088123102 1.0780044461 
1.1102822123 1.1640684018 1.2187568541 1.2725430436 1.1296760171 1.1993959561 1.283163547 1.3981806678 1.6113161142 
1.1285238151 1.2018596874 1.2893859951 1.3987928503 1.5432111064 1.7160941047 1.1137358282 1.1841926261 1.2662725114 
1.3623215486 1.4739636377 1.5952455083 1.7033777651 1.0913257607 1.1561541333 1.230218118 1.3138040759 1.40585863 
1.5018435092 1.5915505967 1.6623023246 0.87033374687 0.85344013791 0.91775936057 0.82869555604 0.89122058015 0.95953061555 
0.7978824134 0.85761878356 0.92238331814 0.99043505987 0.76304962408 0.81913733432 0.87994319605 0.94367841582 1.0077846819 
0.72630819091 0.77808189961 0.83447764469 0.89388138143 0.95399849235 1.0121605969 0.68956232793 0.73663521956 0.78826277522 
0.84313653367 0.89931004 0.95446492543 1.0063341344 0.65428980917 0.69658517074 0.74329501945 0.79345704135 0.84552385049 
0.8975455208 0.94750838758 0.99370583314 0.61377525357 0.6042446653 0.65300265334 0.59306696384 0.64473087536 0.69639478687 
0.58076548873 0.63455167824 0.68924013059 0.7430263201 0.56814691149 0.6230266152 0.67979533171 0.73656404821 0.79144375192 
0.55614534469 0.61100419748 0.66867197345 0.72734071094 0.78500848692 0.8398673397 0.54559889847 0.59942237276 0.65677100279 
0.71606022259 0.77534944239 0.83269807243 0.88652154672 0.53706572984 0.58907394887 0.64504893366 0.70370675634 0.76331661997 
0.82197444265 0.87794942744 0.92995764647 0.97176592826 0.91741956589 0.97056013177 0.85892810312 0.91163441418 0.96498876746 
0.79763318961 0.84884937063 0.90195717398 0.95491367731 0.73534343408 0.78393977741 0.83569819065 0.88869876368 0.94083283769 
0.67404852057 0.71903018418 0.76828912495 0.82020466829 0.87272782992 0.9238039972 0.6155570578 0.65624514063 0.70203014163 
0.75171057291 0.80348036126 0.85526912464 0.90516965769 0.56121069543 0.59731942304 0.63899854814 0.68549565928 0.73537535349 
0.78673425209 0.83758302367 0.88622474643 1.0751855173 1.0799230982 1.1361375736 1.0785678468 1.1415100638 1.2036085241 
1.0706169917 1.1387219995 1.2079694682 1.2760744759 1.0565102609 1.1276054565 1.2017427749 1.2767482072 1.3505183841 
1.0375446232 1.1092870409 1.1856101296 1.2645657583 1.3440445182 1.422307803 1.0154931742 1.0858145972 1.1617410041 
1.2416449088 1.3235149501 1.4054156265 1.4859668984 0.99213729971 1.059522086 1.1330106737 1.2113394953 1.2927253002 
1.3751948727 1.4570121594 1.5370185379 0.98886245768 1.0102283295 1.0578126036 1.0324970466 1.0841865646 1.1331296175 
1.0549333629 1.1105711289 1.1643072733 1.2134801108 1.0549333629 1.1357591096 1.1941120068 1.248765639 1.2969391797 
1.0324970466 1.1105711289 1.1941120068 1.2808186732 1.3351873398 1.3813022863 1.0102283295 1.0841865646 1.1643072733 
1.248765639 1.3351873398 1.4210764986 1.4644956146 0.98886245768 1.0578126036 1.1331296175 1.2134801108 1.2969391797 
1.3813022863 1.4644956146 1.5448989857 0.87659062992 0.82065935619 0.89081806894 0.75998428815 0.83256567309 0.9068848356 
0.69614745958 0.76998618036 0.84708091633 0.924640817 0.63134908091 0.70511894541 0.78370530818 0.86424089038 0.924640817 
0.56808523963 0.6405430872 0.71918132682 0.78370530818 0.84708091633 0.9068848356 0.50871551374 0.57892350143 0.6405430872 
0.70511894541 0.76998618036 0.83256567309 0.89081806894 0.45510101428 0.50871551374 0.56808523963 0.63134908091 0.69614745958 
0.75998428815 0.82065935619 0.87659062992 0.48388937139 0.45474118018 0.51804423993 0.4259951824 0.49235017261 0.5588400031 
0.40013371525 0.46823872302 0.53748619168 0.60559119945 0.38021024816 0.44825570959 0.51861739264 0.58891369536 0.65677990312 
0.3691333694 0.43502538642 0.50446265597 0.57512048522 0.64448041986 0.71030161463 0.3686122903 0.43042013506 0.49688917689 
0.56588945774 0.63492971549 0.7015837507 0.76391109876 0.37838688191 0.43484099997 0.49676054046 0.56232185922 0.62923916787 
0.69509535256 0.75775227348 0.81566329047 0.40867423929 0.35823309594 0.37187694252 0.30680550081 0.31580737393 0.33445256605 
0.25729171838 0.25899361046 0.27287419071 0.29922818861 0.21350959657 0.20520383358 0.21061400488 0.23307866172 0.27034956122 
0.17945651394 0.15972340706 0.15216576891 0.16587783381 0.20224455345 0.25286898447 0.15767471978 0.12839604992 0.10503495471 
0.10181933222 0.13299708479 0.18823533986 0.25100514015 0.14762749252 0.11399095796 0.079439817042 0.051248765199 0.064892077018 
0.12646163213 0.1970003825 0.26539098628 0.14762749252 0.15767471978 0.11399095796 0.17945651394 0.12839604992 0.079439817042 
0.21350959657 0.15972340706 0.10503495471 0.051248765199 0.25729171838 0.20520383358 0.15216576891 0.10181933222 0.064892077018 
0.30680550081 0.25899361046 0.21061400488 0.16587783381 0.13299708479 0.12646163213 0.35823309594 0.31580737393 0.27287419071 
0.23307866172 0.20224455345 0.18823533986 0.1970003825 0.40867423929 0.37187694252 0.33445256605 0.29922818861 0.27034956122 
0.25286898447 0.25100514015 0.26539098628 0.48388937139 0.51804423993 0.45474118018 0.5588400031 0.49235017261 0.4259951824 
0.60559119945 0.53748619168 0.46823872302 0.40013371525 0.65677990312 0.58891369536 0.51861739264 0.44825570959 0.38021024816 
0.71030161463 0.64448041986 0.57512048522 0.50446265597 0.43502538642 0.3691333694 0.76391109876 0.7015837507 0.63492971549 
0.56588945774 0.49688917689 0.43042013506 0.3686122903 0.81566329047 0.75775227348 0.69509535256 0.62923916787 0.56232185922 
0.49676054046 0.43484099997 0.37838688191 0.56121069543 0.6155570578 0.59731942304 0.67404852057 0.65624514063 0.63899854814 
0.73534343408 0.71903018418 0.70203014163 0.68549565928 0.79763318961 0.78393977741 0.76828912495 0.75171057291 0.73537535349 
0.85892810312 0.84884937063 0.83569819065 0.82020466829 0.80348036126 0.78673425209 0.91741956589 0.91163441418 0.90195717398 
0.88869876368 0.87272782992 0.85526912464 0.83758302367 0.97176592826 0.97056013177 0.96498876746 0.95491367731 0.94083283769 
0.9238039972 0.90516965769 0.88622474643 0.53706572984 0.54559889847 0.58907394887 0.55614534469 0.59942237276 0.64504893366 
0.56814691149 0.61100419748 0.65677100279 0.70370675634 0.58076548873 0.6230266152 0.66867197345 0.71606022259 0.76331661997 
0.59306696384 0.63455167824 0.67979533171 0.72734071094 0.77534944239 0.82197444265 0.6042446653 0.64473087536 0.68924013059 
0.73656404821 0.78500848692 0.83269807243 0.87794942744 0.61377525357 0.65300265334 0.69639478687 0.7430263201 0.79144375192 
0.8398673397 0.88652154672 0.92995764647 0.65428980917 0.68956232793 0.69658517074 0.72630819091 0.73663521956 0.74329501945 
0.76304962408 0.77808189961 0.78826277522 0.79345704135 0.7978824134 0.81913733432 0.83447764469 0.84313653367 0.84552385049 
0.82869555604 0.85761878356 0.87994319605 0.89388138143 0.89931004 0.8975455208 0.85344013791 0.89122058015 0.92238331814 
0.94367841582 0.95399849235 0.95446492543 0.94750838758 0.87033374687 0.91775936057 0.95953061555 0.99043505987 1.0077846819 
1.0121605969 1.0063341344 0.99370583314 0.92467919663 0.98563089446 0.99976954339 1.0780044461 1.088123102 1.0658309924 
1.2725430436 1.2187568541 1.1640684018 1.1102822123 1.6113161142 1.3981806678 1.283163547 1.1993959561 1.1296760171 
1.7160941047 1.5432111064 1.3987928503 1.2893859951 1.2018596874 1.1285238151 1.7033777651 1.5952455083 1.4739636377 
1.3623215486 1.2662725114 1.1841926261 1.1137358282 1.6623023246 1.5915505967 1.5018435092 1.40585863 1.3138040759 
1.230218118 1.1561541333 1.0913257607 1.0751855173 1.1361375736 1.0799230982 1.2036085241 1.1415100638 1.0785678468 
1.2760744759 1.2079694682 1.1387219995 1.0706169917 1.3505183841 1.2767482072 1.2017427749 1.1276054565 1.0565102609 
1.422307803 1.3440445182 1.2645657583 1.1856101296 1.1092870409 1.0375446232 1.4859668984 1.4054156265 1.3235149501 
1.2416449088 1.1617410041 1.0858145972 1.0154931742 1.5370185379 1.4570121594 1.3751948727 1.2927253002 1.2113394953 
1.1330106737 1.059522086 0.99213729971 0.60141466735 0.63155933205 0.58399103884 0.66253034906 0.61272534182 0.56465675185 
0.69288131215 0.64147964766 0.59132139833 0.54379434371 0.72081802941 0.66859270799 0.61714527832 0.56787955481 0.54379434371 
0.74444582885 0.69219552815 0.64040933659 0.61714527832 0.59132139833 0.56465675185 0.76207141653 0.71053824928 0.69219552815 
0.66859270799 0.64147964766 0.61272534182 0.58399103884 0.77244949286 0.76207141653 0.74444582885 0.72081802941 0.69288131215 
0.66253034906 0.63155933205 0.60141466735 0.53313224504 0.51496256272 0.48996870811 0.49596136596 0.47052242047 0.44435574532 
0.47663147639 0.45102655644 0.42422689871 0.39749111743 0.47663147639 0.43212044519 0.40503740669 0.37752270757 0.35089370997 
0.49596136596 0.45102655644 0.40503740669 0.35959066341 0.33207404484 0.30616664526 0.51496256272 0.47052242047 0.42422689871 
0.37752270757 0.33207404484 0.28946175072 0.26471745515 0.53313224504 0.48996870811 0.44435574532 0.39749111743 0.35089370997 
0.30616664526 0.26471745515 0.22755050714 0.53790960065 0.49316331259 0.52401055635 0.44558578287 0.47596643254 0.50885874268 
0.39637171278 0.42524738078 0.457969764 0.49325279463 0.34707042715 0.37332829914 0.4047917405 0.44034431446 0.47826795833 
0.29934903078 0.32197708942 0.35102838969 0.38575845102 0.42448176882 0.4650466293 0.25470670275 0.27294365825 0.29854677726 
0.33131766744 0.36979331647 0.41167483817 0.45452427426 0.21426083328 0.22766145074 0.24902821204 0.27883630784 0.31600712696 
0.35823569664 0.40278711182 0.44721927816 0.44721927816 0.40278711182 0.45452427426 0.35823569664 0.41167483817 0.4650466293 
0.31600712696 0.36979331647 0.42448176882 0.47826795833 0.27883630784 0.33131766744 0.38575845102 0.44034431446 0.49325279463 
0.24902821204 0.29854677726 0.35102838969 0.4047917405 0.457969764 0.50885874268 0.22766145074 0.27294365825 0.32197708942 
0.37332829914 0.42524738078 0.47596643254 0.52401055635 0.21426083328 0.25470670275 0.29934903078 0.34707042715 0.39637171278 
0.44558578287 0.49316331259 0.53790960065 
SignedDistance 1 1002 double
0.0001627763285 0.0089395937752 0.0033742614613 0.004624848417 0.012009709352 0.00804637398 0.010513049604 0.012289740045 0.026745335706 
0.020959654108 0.018512668304 0.020845854216 0.0015937682293 0.0038252891266 0.0069176530458 0.0094038164783 0.0092105243344 0.0062206708198 
0.0032910521607 0.0034711363577 0.0063417616762 0.00045286394342 0.00094168539167 0.0014071068207 0.0021146089354 0.0036207877514 0.0058675577692 
0.0082206275213 0.010167121706 0.011498536821 0.001119610639 0.0030977188693 0.0054843694619 0.0074088432174 0.0086442748192 0.0097043636486 
0.010583780981 0.010738451993 0.010407086035 -0.00078409830827 -0.0019923931879 -0.0030631974172 -0.0028796269794 -0.00072750988891 0.003152082579 
0.0071222682621 0.010385707511 0.01526076179 -0.00087821426307 -0.0022574730217 -0.0035373210328 -0.0034021772203 -0.0004313518766 0.005099538109 
0.011016019972 0.015686820656 0.018810081111 0.006307370576 0.0036848944296 0.0010704806628 -0.00080461595979 -0.00049033846886 0.0020899377732 
0.0054618258208 0.0087918009874 0.011280183137 0.010590603877 0.012109545345 0.011915796184 0.0092983693697 0.0073935880352 0.0077261283842 
0.0090832839978 0.010037729232 0.010253643085 0.0083968580266 0.0063277037858 0.0036544288074 0.0024663837967 0.0039951829973 0.0075237648285 
0.011453992146 0.016253440304 0.022591946288 0.011263285958 0.012462255427 0.012740499608 0.013351583561 0.015296460545 0.018004977203 
0.019583442309 0.019172132112 0.018193960209 0.003785132867 0.0042654570393 0.0043535752227 0.0040357933538 0.0038707481531 0.0040268473778 
0.0040090980688 0.0038032430138 0.0039471792943 0.0024819729201 0.0021307061987 0.0020880073415 0.001687722352 0.00067294506966 -0.0004358777033 
-0.00090759358041 5.0826582938e-05 0.0033573106257 0.0049457121813 0.00696762072 0.0090254558185 0.010757475015 0.012092104078 0.012920382216 
0.0130468406 0.012679345395 0.012342557494 0.0027036167269 0.002661952196 0.002899567852 0.0028526728081 0.0025990722505 0.0035783813689 
0.0076959265068 0.014672823127 0.020759994849 0.0042216019725 0.0058240822929 0.0084796161572 0.012239529519 0.016729643557 0.02182661293 
0.026601474481 0.027087577824 0.02417088668 0.0054046133137 0.0067208750414 0.0079333979133 0.0085255655165 0.0086897475266 0.0089274672253 
0.0092256463206 0.0091821282754 0.0087728620568 0.0039973415456 0.0042181047694 0.0052116268814 0.0066196977033 0.0082890802631 0.010225437147 
0.012054598126 0.013096322897 0.013045717857 0.0060042388426 0.0076460594857 0.0090869652561 0.010249791318 0.011806814525 0.014488513175 
0.01846828115 0.023318325306 0.027008935039 0.0052350728605 0.0064102084908 0.0076942161404 0.0086009220037 0.0096909301484 0.012814266947 
0.018574413659 0.021574274774 0.019663946983 0.012531027905 0.013535959622 0.014684768854 0.015802230731 0.016768575695 0.017242889813 
0.01648350446 0.014251540447 0.011069538585 0.011303366799 0.0088121926161 0.0057465582879 0.0034359526617 0.0030839918091 0.0067435270449 
0.014032732011 0.020556332942 0.024553464042 0.010274599566 0.006870355209 0.003301861342 0.00084785297545 0.00015761846438 0.00052668225556 
0.0024041324388 0.0064554556169 0.01433786117 0.012765523239 0.015867317612 0.016532517734 0.015143546878 0.012232544031 0.010095462405 
0.01216812726 0.01842584475 0.024627273774 0.0049277324306 0.0034789867746 0.0048085233664 0.0096505143288 0.015105420952 0.015992395186 
0.014788224492 0.015731115532 0.019621661106 0.011996358726 0.01509428689 0.018502014402 0.020197732779 0.01929357481 0.016225117497 
0.012896759968 0.011482564424 0.011692787686 0.011250587748 0.013633066093 0.019234025243 0.028828530132 0.037482001291 0.038416001701 
0.03269721345 0.025475497439 0.020596696969 0.0111607863 0.012815844282 0.014801608091 0.015565123929 0.01406448499 0.011424196243 
0.010358927584 0.01253193809 0.01680129752 0.013183242164 0.014162127737 0.013803046307 0.012698764861 0.01402639966 0.019656025742 
0.024733521545 0.024136610895 0.021048238643 0.011839186531 0.012472050886 0.014128086577 0.015864582316 0.017399085049 0.019379029743 
0.020749059934 0.020651332758 0.020526989061 0.025129941437 0.020972628271 0.016609761861 0.013322216117 0.011739888126 0.01156777515 
0.012334203462 0.013959214279 0.01637621778 0.016676876624 0.011933086596 0.01237806039 0.016346199111 0.021178262141 0.025543571296 
0.028429299722 0.027155398414 0.023675791091 0.0018625143604 0.0023527269196 0.0043019798106 0.003350605086 0.0053698288986 0.0078211546129 
0.0052995133983 0.0072583080701 0.00901736954 0.0097667554264 0.0079338423222 0.0095761096933 0.010044778261 0.0092422593589 0.0076757170824 
0.010229842689 0.011135402287 0.010036707217 0.0073372523999 0.0044762164038 0.0030107658238 0.011383828844 0.010925646421 0.0082753670387 
0.0041959068069 0.00053647395095 -0.00061212810487 0.00080904232101 0.011467711077 0.0096902512133 0.0062491070333 0.0019956548608 -0.0014724028355 
-0.002064660672 2.3429554422e-05 0.0030932912904 -0.00023121299328 -0.0012009686935 0.00044313317926 -0.002211057084 -0.0005073232636 0.00074585547622 
-0.0021914172269 -0.0015753634746 -0.00029072596899 0.001082386213 -0.00083558344392 -0.0016317917966 -0.0012765664511 -6.1360224573e-05 0.0021017924652 
0.0014270209628 -0.00058300820968 -0.0013121231103 -0.0009264276531 0.0006782874504 0.0038792557492 0.0042664949756 0.00093941894184 -0.00053260407472 
-0.0010322186089 -0.00026460597086 0.0021822400509 0.0060397329949 0.0082690799788 0.0029463370703 0.00056110578409 -0.00052404354401 -0.00042033002056 
0.0010955022604 0.004389215418 0.0083046228426 0.012158721512 0.012027743937 0.0066536746676 0.014006005572 0.0082771055991 0.003165853436 
0.016508360164 0.011070061323 0.0051963935625 0.0016750857441 0.01542353611 0.013201232597 0.0076619825993 0.0035845434718 0.0015533212193 
0.010772888148 0.012873929183 0.0097789695619 0.0061036501946 0.0040161307414 0.0032890281241 0.0082515407209 0.01201008716 0.011732744371 
0.0091944780888 0.0073788379369 0.0067674717223 0.0066493178936 0.0088535075842 0.012673220802 0.01416074597 0.013122472598 0.011782411892 
0.011190937838 0.010830912686 0.01041717692 0.012264453306 0.013416207526 0.0092083429241 0.01510472003 0.010136696558 0.0056089742526 
0.017244584159 0.012481296036 0.006896886688 0.0037493093625 0.018761374086 0.015700443909 0.010362583293 0.0062646585474 0.0050636905514 
0.018610268791 0.017715386494 0.014276536316 0.010258976757 0.0082204539634 0.0093424214242 0.017215114832 0.017847738031 0.016274516128 
0.013198247376 0.010543609449 0.010769725461 0.014631748257 0.015339253834 0.017074137825 0.016726028387 0.014472541546 0.01147942464 
0.01053259173 0.013800343713 0.019779308365 0.0088471654461 0.0063409743256 0.0060363627614 0.0043308188998 0.0046893119465 0.0036614168614 
0.0030475145535 0.0040538737618 0.004109799083 0.0020653128904 0.004935699396 0.0046312174878 0.0047774869266 0.0034835414763 0.0013183979117 
0.012481838276 0.0093177539054 0.0059262076657 0.0037789476439 0.0028403481336 0.0022940900431 0.019794984234 0.015297408231 0.0086717170733 
0.0039801894141 0.0025846034216 0.0034711181691 0.0043150187974 0.022134661838 0.016962133387 0.010841051257 0.005254525571 0.0022012432412 
0.0026796822669 0.0049518056106 0.0064957392363 0.017150015689 0.012910108001 0.011724158202 0.010841700671 0.0099969555069 0.0093307189211 
0.010615244236 0.010468708211 0.0099273596472 0.0074698067917 0.011349860646 0.011690003301 0.011506925705 0.0092136549397 0.0051955583286 
0.012390621319 0.012664438881 0.012265853845 0.010379848949 0.0069347193892 0.0040375713125 0.013701140311 0.01381489349 0.012893991719 
0.010789198141 0.008148467387 0.0060197159835 0.0055707865793 0.015667624585 0.015893612859 0.015116429845 0.012855611361 0.010332114468 
0.0087796752818 0.0085345996904 0.0088550006954 0.026498004609 0.023150079351 0.025143906464 0.018207359382 0.023982812422 0.021952022122 
0.014315385992 0.019052293172 0.023872902955 0.017211931214 0.011730838827 0.01492756207 0.020832851845 0.02065882387 0.013810463674 
0.0099318748563 0.012068866612 0.016408671624 0.021061389894 0.017236368255 0.01284910204 0.008285715564 0.0096996678192 0.01229696778 
0.016458688481 0.019518475772 0.01682215742 0.01406174639 0.0066457120646 0.0077772196159 0.0092571467527 0.011118171861 0.014289344086 
0.018521584973 0.019132227808 0.01701412079 0.013162080945 0.012773913033 0.015505993367 0.011774037845 0.014374490277 0.015445110156 
0.010777674974 0.012764330015 0.013743004464 0.013273441158 0.010171306548 0.011536455216 0.012118086802 0.011635654136 0.010568265501 
0.0095663827331 0.010740617565 0.011101935539 0.010888238695 0.010704020832 0.011107061581 0.0084830030682 0.009888090333 0.010469427123 
0.01069062434 0.011671960979 0.013997296182 0.016681169988 0.0070915994514 0.0087578681757 0.0098242650497 0.010517842083 0.011932753229 
0.014915011776 0.019170900218 0.022993034616 0.0040542945439 0.0016448305952 0.0054669594001 0.0010269663026 0.0035589722964 0.0064170968245 
0.0011462082885 0.0026734690455 0.0047095333263 0.0067902044959 0.0015856098884 0.0022551361163 0.0036009550851 0.005284071585 0.0070011345634 
0.0020497362494 0.0022886930982 0.0030205452435 0.0042193235224 0.0056422008409 0.0069108884038 0.002369741117 0.0026369219127 0.0029701284729 
0.0036065718374 0.0045693409028 0.0054592484501 0.0060992620702 0.0028590981266 0.0032687904175 0.0034146225474 0.0035038130806 0.0039163433629 
0.0044217819538 0.0046435324453 0.0048562353906 0.0054944253845 0.0073631301911 0.0057468576564 0.0088345741898 0.0069555924604 0.0052558125007 
0.009843335959 0.0076925077404 0.005852412785 0.0045280842463 0.010664977693 0.0084040764219 0.0065124797659 0.0051377539971 0.0042899084889 
0.011313620233 0.0093467851483 0.007581442048 0.0061487170533 0.0049882623218 0.0041760796122 0.011785484437 0.010414530749 0.0088854143129 
0.0074066265283 0.0059669945438 0.0046061295653 0.003738545413 0.012323586699 0.011645809974 0.010327913961 0.0087069687983 0.0070593291728 
0.0054531233788 0.0040998075227 0.0035084284712 0.014270698719 0.014876815645 0.014012741959 0.013931676714 0.013956203683 0.012265838121 
0.013100349597 0.012934131945 0.011765735297 0.0098956051946 0.015052918721 0.012737323237 0.011174426197 0.0095624547631 0.0079583367159 
0.019555688478 0.014316635201 0.011162793843 0.0094979042948 0.0081581674941 0.0066272333779 0.023163300604 0.01713435068 0.011821870442 
0.0093659599976 0.0084438841405 0.0072865345229 0.0056266537027 0.023113282943 0.020602139739 0.014013539239 0.0098278179496 0.0084686824394 
0.0078800954788 0.0066372373733 0.0050680706219 0.012579212884 0.012250156079 0.013055369319 0.013855192317 0.01266892556 0.01239590415 
0.017418724613 0.015192370084 0.013317470302 0.012973547715 0.020344293245 0.019845661883 0.018574627161 0.017887633772 0.01864299276 
0.020462713307 0.022896104889 0.025153804827 0.026731226952 0.027001506765 0.025964243285 0.017694192365 0.02210099573 0.028049006181 
0.033493282473 0.034367466803 0.030387061174 0.02615843994 0.013889403883 0.01809159773 0.025424497966 0.034295970072 0.038497211048 
0.034923646913 0.028106021965 0.023013560898 0.011437984116 0.013212775147 0.012580716646 0.017002651542 0.016739295578 0.016031204044 
0.020570446544 0.022230191939 0.021094509156 0.019513127526 0.021208360482 0.023593553963 0.023988441446 0.022454577617 0.020844687852 
0.019345251165 0.020089183555 0.022122835998 0.023060638876 0.021881759638 0.019895722632 0.017295014926 0.015804586617 0.017474299512 
0.020427890055 0.021381140236 0.019520883615 0.016875481509 0.016465339739 0.013188791699 0.012998806838 0.015754395263 0.01845217107 
0.018354679946 0.015923720399 0.013391522896 0.013691079939 0.010198253895 0.0096072586672 0.0061246064897 0.0068709556827 0.0083426122899 
0.0015880390336 0.0036374952014 0.006075448589 0.0096484350264 -0.0018066486186 0.00035288504318 0.0031782664231 0.0070471210616 0.011540359914 
-0.0023310514558 -0.00066181319435 0.0015008979136 0.0046358972822 0.0086627359231 0.012336950024 -0.001059028906 0.00063691398254 0.0024194304002 
0.0043836940357 0.007099959729 0.010002551852 0.01186877993 0.00029220951889 0.0022298810267 0.0043019593073 0.0059361207393 0.0075056226858 
0.0093493094306 0.010632110033 0.010944959317 0.003341204792 0.0060412608278 0.0057511014222 0.0086531436278 0.0081622291099 0.0079930462594 
0.0095034035652 0.0093763564274 0.0093890500547 0.0093294142776 0.0078288651248 0.0085441116047 0.0091442112547 0.0097958230574 0.010037252248 
0.0053373941676 0.006537958966 0.0075796935651 0.0090158295419 0.010256829879 0.010695290207 0.0049064254693 0.0057933915971 0.0061804533477 
0.007453603829 0.009427716775 0.010783486737 0.010991768486 0.0073512123879 0.0080909382551 0.0073279844205 0.0066451548092 0.0076896301358 
0.0095130785859 0.010601416626 0.010585177551 0.010522569665 0.0095459745471 0.012683159219 0.0084182221257 0.011786485873 0.01939857483 
0.008667016865 0.012259896134 0.020111166299 0.030449496095 0.011807726819 0.015695668397 0.022423794177 0.031256654482 0.037509358896 
0.016003916437 0.020251387064 0.025315548405 0.031349148142 0.035651513506 0.035664909486 0.016590663623 0.020470957084 0.023968324421 
0.027966051773 0.03149210619 0.031665451206 0.028761395574 0.014109248429 0.016695447382 0.018322381702 0.02034707747 0.0233620431 
0.025482607554 0.024661816409 0.02218966003 0.012700800962 0.011897927656 0.012332383204 0.010557425628 0.014394162691 0.015701589762 
0.0053608900741 0.013269820407 0.018132292023 0.020517664702 -0.00068731961668 0.0059261987727 0.014526953369 0.021561779396 0.024652136947 
-0.0036986344211 -0.0013852298411 0.0046672851225 0.014182378046 0.023134831819 0.027186033649 -0.0038795442652 -0.0042732406952 -0.0020847539573 
0.0035909251646 0.01304378356 0.021821885972 0.025982838248 -0.0025718390289 -0.0040464249454 -0.0042289800882 -0.0018138609035 0.0039571550445 
0.011992784245 0.01862070591 0.022126982155 0.014978114303 0.010747040337 0.010111713075 0.011568528649 0.0078399433534 0.0052457009851 
0.015947506309 0.010010687329 0.0052872264424 0.0031029849858 0.021388611498 0.015359528316 0.0087762874381 0.0044243775566 0.0030023891184 
0.026125783735 0.021071698371 0.014329966541 0.0081689240532 0.0046924207921 0.0034443694368 0.028680697926 0.026015022065 0.020070582967 
0.013540995129 0.0083873242156 0.0053136104317 0.0036759965687 0.027079937596 0.028235603725 0.024705247346 0.018745844745 0.01314907233 
0.008685212439 0.0056449647218 0.0037819750013 0.018155274475 0.011710066061 0.014322973314 0.0054936555402 0.0087178514394 0.012587704247 
0.002746760381 0.0037613588665 0.0065599663549 0.01112339484 0.0026101804826 0.0021341370168 0.0022567275095 0.0040220369375 0.0070310939604 
0.0028499725454 0.0024252351622 0.0013556234246 0.00050664368587 0.00076183971882 0.0023038064857 0.002508645194 0.002563021246 0.0019259085363 
0.00033737122553 -0.0012406423848 -0.0014575284233 0.00012406669024 0.0021795185077 0.0022076801295 0.0021516031162 0.0011774826506 -0.00057227730332 
-0.0018593250961 -0.0016136934774 0.00056613531812 0.012647880711 0.013838969259 0.013689988319 0.014514312924 0.014722327727 0.014348372929 
0.014028418054 0.014723644307 0.014070394129 0.014190948386 0.012560248325 0.013689728862 0.013468152489 0.013091920923 0.015267309031 
0.010589002072 0.012134572934 0.012966553828 0.0131902457 0.015100125349 0.019502313105 0.0083316447877 0.01021611225 0.012324329949 
0.014103103743 0.016523875996 0.02110069004 0.023426546868 0.0060791861635 0.007984953327 0.010819423405 0.014153524251 0.017749836935 
0.022415535499 0.025841371487 0.024208528007 
GradCAM_Importance 1 1002 double
0.48755681515 0.48755681515 0.48755681515 0.48755681515 0.48755681515 0.48755681515 0.48755681515 0.48755681515 0.50289481878 
0.53090316057 0.55891138315 0.58691978455 0.61492806673 0.64293640852 0.6709446907 0.6989531517 0.72696137428 0.75496977568 
0.78297817707 0.81098645926 0.83899480104 0.86700302362 0.89501154423 0.92301976681 0.93382489681 0.93507218361 0.93631953001 
0.93756693602 0.93881434202 0.94006162882 0.94130927324 0.94255661964 0.94380402565 0.94505149126 0.94629889727 0.94754612446 
0.94879376888 0.95004099607 0.95128846169 0.95253586769 0.95507335663 0.95806837082 0.96106356382 0.96405857801 0.96705377102 
0.97004896402 0.97304409742 0.97603929043 0.97903430462 0.98202943802 0.98502445221 0.988019526 0.9910145402 0.9940097332 
0.99700498581 1 0.98505532742 0.96652287245 0.94799023867 0.92945766449 0.91092514992 0.89239251614 0.87385994196 
0.85532730818 0.836794734 0.81826215982 0.79972940683 0.78119695187 0.76266431808 0.74413180351 0.72559916973 0.70706653595 
0.67190390825 0.63546174765 0.59901964664 0.56257760525 0.52613538504 0.48969340324 0.45325154066 0.41680943966 0.38036733866 
0.34392520785 0.30748316646 0.27104103565 0.23459896445 0.19815713167 0.16171509027 0.12636697292 0.13588002324 0.14539304376 
0.15490610898 0.16441915929 0.1739321202 0.18344518542 0.19295817614 0.20247124135 0.21198427677 0.22149737179 0.23101039231 
0.24052344263 0.25003644824 0.25954943895 0.26906251907 0.27574488521 0.26147958636 0.24721436203 0.23294909298 0.21868397295 
0.20441873372 0.19015346467 0.17588819563 0.1616229713 0.14735773206 0.13309246302 0.11882734299 0.10456208885 0.090296842158 
0.076031588018 0.061766341329 0.050331395119 0.049274258316 0.048217128962 0.047159995884 0.04610286653 0.045045726001 0.043988596648 
0.042931459844 0.04187432304 0.040817189962 0.039760064334 0.038702923805 0.037645790726 0.036588661373 0.035531520844 0.034474387765 
0.035546544939 0.0413688384 0.047191038728 0.053013335913 0.058835536242 0.064657732844 0.070480033755 0.076302222908 0.082124531269 
0.087946727872 0.093769021332 0.099591225386 0.10541342944 0.11123571545 0.1170579195 0.12288021296 0.12356122583 0.11668153107 
0.10980196297 0.10292235762 0.096042662859 0.089163079858 0.082283385098 0.075403787196 0.068524099886 0.061644516885 0.054764926434 
0.047885231674 0.041005641222 0.034125946462 0.027246359736 0.020366668701 0.018860368058 0.022727357224 0.026594400406 0.030461387709 
0.034328430891 0.038195423782 0.042062476277 0.045929454267 0.049796439707 0.053663492203 0.057530477643 0.061397522688 0.065264515579 
0.069131560624 0.072998553514 0.076865546405 0.075831867754 0.071465671062 0.067099429667 0.062733232975 0.058366984129 0.054000798613 
0.049634609371 0.045268360525 0.040902171284 0.036535914987 0.032169729471 0.0278034769 0.023437291384 0.01907110773 0.014704852365 
0.010338664055 0.014180477709 0.021701758727 0.029223162681 0.036744449288 0.044265724719 0.051787130535 0.059308413416 0.066829815507 
0.074351094663 0.081872493029 0.089393772185 0.096915073693 0.10443644226 0.11195774376 0.11947912723 0.12700042129 0.13277299702 
0.13806846738 0.14336398244 0.1486595571 0.15395508707 0.15925063193 0.16454611719 0.16984170675 0.17513722181 0.18043272197 
0.18572832644 0.1910238266 0.19631938636 0.20161490142 0.20691046119 0.21220597625 0.22339557111 0.23538191617 0.2473680824 
0.25935444236 0.2713406086 0.28332698345 0.29531314969 0.30729928613 0.31928566098 0.33127182722 0.34325817227 0.35524430871 
0.36723065376 0.37921690941 0.39120298624 0.4031893611 0.40634560585 0.40928646922 0.41222730279 0.41516819596 0.41810894012 
0.4210498333 0.42399075627 0.42693158984 0.42987245321 0.43281316757 0.43575417995 0.43869498372 0.44163575768 0.44457668066 
0.44751757383 0.44873374701 0.42752364278 0.4063141644 0.38510483503 0.36389538646 0.34268596768 0.32147592306 0.30026650429 
0.27905708551 0.25784769654 0.23663763702 0.21542820334 0.19421878457 0.1730093509 0.15179993212 0.1305898875 0.11627245694 
0.13641513884 0.15655781329 0.17670047283 0.19684377313 0.21698641777 0.23712915182 0.25727176666 0.27741506696 0.2975577414 
0.31770041585 0.33784300089 0.35798570514 0.37812900543 0.39827165008 0.41841435432 0.43399682641 0.43672680855 0.4394569695 
0.44218698144 0.44491693377 0.44764700532 0.45037713647 0.45310714841 0.45583716035 0.45856714249 0.46129718423 0.46402722597 
0.46675732732 0.46948733926 0.472217381 0.47494733334 0.47576588392 0.47314345837 0.47052100301 0.46789860725 0.46527603269 
0.46265363693 0.46003121138 0.45740878582 0.45478627086 0.4521637857 0.44954136014 0.44691884518 0.44429650903 0.44167396426 
0.43905153871 0.43642908335 0.43675398827 0.44064667821 0.44453945756 0.44843223691 0.45232495666 0.4562176764 0.46011042595 
0.4640032053 0.46789601445 0.47178867459 0.47568139434 0.4795742929 0.48346704245 0.48735979199 0.49125248194 0.49514517188 
0.48329442739 0.45843851566 0.43358254433 0.40872657299 0.38387066126 0.35901397467 0.33415806293 0.30930203199 0.28444612026 
0.25958943367 0.23473344743 0.2098775059 0.18502157927 0.16016562283 0.13530890644 0.11045297235 0.10004954785 0.097675457597 
0.095301367342 0.092927210033 0.090553119779 0.088179029524 0.08580493927 0.083430796862 0.081056706607 0.078682601452 0.076308526099 
0.073934435844 0.071560271084 0.069186188281 0.066812098026 0.064438015223 0.061063349247 0.057333488017 0.053603734821 0.049873992801 
0.04614424333 0.0424143821 0.038684632629 0.034954883158 0.031225139275 0.027495391667 0.023765528575 0.020035780966 0.016306033358 
0.01257628575 0.0088465381414 0.005116677843 0.0042595346458 0.003976913169 0.0036942923907 0.003411662532 0.0031290410552 0.0028464200441 
0.0025637985673 0.002281177789 0.0019985476974 0.0017159266863 0.0014333055587 0.0011506841984 0.00086806307081 0.00058543327032 0.00030281208456 
2.0190900614e-05 0.0007186277071 0.0014925687574 0.0022664864082 0.0030404038262 0.003814321477 0.0045882393606 0.005362179596 0.0061360979453 
0.0069100153632 0.0076839327812 0.0084578497335 0.0092317899689 0.010005708784 0.010779626667 0.011553544551 0.012290624902 0.011516707018 
0.010742790997 0.0099688731134 0.0091949542984 0.0084210140631 0.0076470966451 0.0068731782958 0.0060992608778 0.0053253434598 0.0045514022931 
0.0037774848752 0.0030035672244 0.0022296500392 0.0014557086397 0.00068179122172 4.1417479224e-05 0.00038934970507 0.00073728186544 0.0010852246778 
0.00143315678 0.0017810889985 0.0021290213335 0.0024769536685 0.0028248962481 0.003172828583 0.0035207606852 0.0038686927874 0.0042166355997 
0.0045645674691 0.004912499804 0.0052604316734 0.0061734579504 0.0091588506475 0.012144153006 0.015129454434 0.018114756793 0.021100148559 
0.024085450917 0.027070753276 0.03005605191 0.033041357994 0.036026746035 0.039012048393 0.041997354478 0.044982653111 0.04796795547 
0.050953350961 0.053508143872 0.055102560669 0.056696973741 0.058291435242 0.059885844588 0.061480268836 0.063074678183 0.06466909498 
0.06626354903 0.067857973278 0.069452382624 0.071046791971 0.072641208768 0.074235670269 0.075830087066 0.077424496412 0.078719742596 
0.079575024545 0.080430291593 0.08128555119 0.082140803337 0.082996070385 0.083851352334 0.084706619382 0.085561878979 0.086417131126 
0.087272398174 0.088127687573 0.08898293972 0.089838199317 0.090693466365 0.091548748314 0.091021716595 0.089112371206 0.087203033268 
0.085293725133 0.08338432014 0.081474997103 0.079565666616 0.077656336129 0.075747005641 0.073837608099 0.071928292513 0.070018954575 
0.068109631538 0.066200233996 0.064290903509 0.062381569296 0.059472955763 0.055884979665 0.052297007293 0.048709027469 0.045121043921 
0.041533067822 0.03794509545 0.034357111901 0.030769135803 0.027180939913 0.023592963815 0.020004985854 0.016417007893 0.012829029933 
0.0092410510406 0.0056530749425 0.0043452247046 0.0040596253239 0.0037740089465 0.0034884097986 0.0032028104179 0.00291721127 0.0026316123549 
0.002346013207 0.0020604138263 0.0017748147948 0.0014892155305 0.0012036163826 0.00091799983056 0.00063240062445 0.00034680150566 6.1202299548e-05 
0.00094608636573 0.0021502096206 0.0033543331083 0.0045584561303 0.0057625798509 0.0069667757489 0.0081708980724 0.0093750217929 0.010579146445 
0.011783268303 0.012987390161 0.014191514812 0.01539563667 0.016599761322 0.017803957686 0.019008079544 0.021713742986 0.02462230064 
0.027530856431 0.030439412221 0.033347971737 0.036256525666 0.039165083319 0.042073637247 0.04498237744 0.047890931368 0.050799485296 
0.053708046675 0.056616596878 0.059525158256 0.062433712184 0.065342269838 0.063594125211 0.06173209846 0.059870194644 0.058008294553 
0.056146390736 0.05428448692 0.052422586828 0.050560683012 0.048698782921 0.046836879104 0.044974867254 0.043112959713 0.041251055896 
0.039389148355 0.037527248263 0.035972379148 0.03841001913 0.040847659111 0.043285295367 0.04572308436 0.048160728067 0.050598364323 
0.053035993129 0.055473640561 0.057911284268 0.060348913074 0.06278654933 0.065224185586 0.067661829293 0.070099622011 0.072537265718 
0.073787219822 0.069098800421 0.06441038847 0.059721976519 0.055033557117 0.050345141441 0.045656725764 0.040968030691 0.036279607564 
0.031591191888 0.026902779937 0.022214362398 0.017525948584 0.012837531976 0.0081491163 0.0034607003909 0 0 
0 0 0 0 0 0 0 0 0 
0 0 0 0 0 0.0032754030544 0.012447198853 0.021618997678 0.030791351572 
0.039963144809 0.049134943634 0.05830674246 0.067478530109 0.076650328934 0.085822120309 0.094993919134 0.10416572541 0.11333806068 
0.1225098744 0.13168166578 0.1408534646 0.15098524094 0.16227905452 0.17357291281 0.184866786 0.19616062939 0.20745448768 
0.21874903142 0.23004284501 0.2413367331 0.25263059139 0.26392441988 0.27521827817 0.28651210666 0.29780599475 0.30909985304 
0.32039436698 0.33341020346 0.34784841537 0.36228659749 0.37672483921 0.39116311073 0.40560126305 0.42003950477 0.43447774649 
0.44891685247 0.46335506439 0.47779324651 0.49223148823 0.50666975975 0.52110797167 0.53554618359 0.5499843955 0.55861222744 
0.56401145458 0.56941109896 0.57481044531 0.58020979166 0.5856090188 0.59100830555 0.5964075923 0.60180693865 0.6072062254 
0.61260545254 0.61800509691 0.62340444326 0.62880384922 0.63420301676 0.63960236311 0.63205754757 0.61991930008 0.60778099298 
0.5956428647 0.58350390196 0.57136565447 0.55922740698 0.54708915949 0.534950912 0.5228126049 0.51067441702 0.49853616953 
0.48639792204 0.47425889969 0.462120682 0.44998249412 0.43890404701 0.42803770304 0.41717132926 0.40630498528 0.39543858171 
0.38457226753 0.37370589375 0.36283892393 0.35197252035 0.34110620618 0.3302398026 0.31937348843 0.30850708485 0.29764071107 
0.2867744267 0.27590805292 0.26389431953 0.25179308653 0.23969183862 0.22759057581 0.21548934281 0.2033881247 0.1912868917 
0.17918562889 0.16708444059 0.15498244762 0.14288119972 0.13077998161 0.11867871881 0.1065775007 0.094476267695 0.082896091044 
0.092703394592 0.10251069069 0.11231799424 0.12212589383 0.13193319738 0.14174050093 0.15154780447 0.16135509312 0.17116239667 
0.18096971512 0.19077701867 0.20058430731 0.21039219201 0.22019949555 0.2300067842 0.23774591088 0.23017944396 0.22261291742 
0.21504642069 0.20747993886 0.19991339743 0.19234643877 0.18477994204 0.1772134304 0.16964694858 0.16208043694 0.15451391041 
0.14694742858 0.13938091695 0.13181439042 0.12424790859 0.12099513412 0.13356077671 0.14612643421 0.1586920619 0.1712576896 
0.18382333219 0.19638898969 0.20895464718 0.22152024508 0.23408667743 0.24665230513 0.25921794772 0.27178362012 0.28434926271 
0.29691490531 0.3094804883 0.31955015659 0.32405078411 0.32855170965 0.33305236697 0.33755296469 0.34205359221 0.34655421972 
0.35105490685 0.35555559397 0.36005619168 0.3645568192 0.36905741692 0.37355846167 0.37805905938 0.3825596571 0.38706034422 
0.38867142797 0.38603267074 0.38339409232 0.3807553947 0.37811678648 0.37547796965 0.37283927202 0.3702006042 0.36756199598 
0.36492323875 0.36228466034 0.35964596272 0.3570073545 0.35436868668 0.35172984004 0.34909117222 0.34804943204 0.3486046195 
0.34915977716 0.34971490502 0.35027006269 0.35082525015 0.35138043761 0.35193559527 0.35249078274 0.3530459106 0.35360112786 
0.35415631533 0.35471144319 0.35526657104 0.35582175851 0.35637691617 0.36148652434 0.36969426274 0.37790158391 0.38610887527 
0.39431610703 0.4025233686 0.41073057055 0.41893783212 0.42714512348 0.43535244465 0.44356021285 0.45176744461 0.45997467637 
0.46818196774 0.4763892293 0.48459646106 0.47221207619 0.45059552789 0.4289791584 0.40736141801 0.38574495912 0.36412858963 
0.34251216054 0.32089573145 0.29927927256 0.27766281366 0.25604644418 0.23443000019 0.2128136009 0.19119586051 0.16957944632 
0.14796301723 0.14739245176 0.15256199241 0.15773151815 0.16290105879 0.16807061434 0.17324012518 0.17840996385 0.18357950449 
0.18874906003 0.19391857088 0.19908809662 0.20425765216 0.209427163 0.21459668875 0.21976624429 0.22493609786 0.22110770643 
0.21606349945 0.21101929247 0.2059750855 0.20093086362 0.19588667154 0.19084243476 0.18579824269 0.18075402081 0.17570950091 
0.17066529393 0.16562107205 0.16057686508 0.155532673 0.15048845112 0.14544424415 0.13937187195 0.13327439129 0.12717652321 
0.12107905 0.11498155445 0.10888405889 0.10278657824 0.096689090133 0.090591594577 0.084494099021 0.078396625817 0.072298772633 
0.066201277077 0.060103785247 0.054006297141 0.048235468566 0.046712309122 0.045189153403 0.043665997684 0.04214283824 0.040619682521 
0.039096433669 0.037573274225 0.036050114781 0.034526959062 0.033003807068 0.031480643898 0.029957490042 0.02843433246 0.026911174878 
0.025387926027 0.023865889758 0.02234946005 0.020833026618 0.019316598773 0.017800169066 0.016283735633 0.014767304063 0.013250875287 
0.011734350584 0.010217920877 0.008701489307 0.0071850591339 0.0056686280295 0.0041521973908 0.0026357665192 0.0011193359969 0.0010519279167 
0.0050692870282 0.0090864039958 0.013103520498 0.017120633274 0.021137751639 0.025154870003 0.029171986505 0.033189099282 0.037206221372 
0.041223332286 0.045240692794 0.049257811159 0.053274925798 0.057292044163 0.061309158802 0.062673732638 0.059263184667 0.05585263297 
0.052442088723 0.049031332135 0.045620780438 0.042210228741 0.038799684495 0.035389132798 0.031978584826 0.02856804058 0.02515749447 
0.021746940911 0.018336186185 0.014925640076 0.011515091173 0.009647378698 0.009647378698 0.009647378698 0.009647378698 0.009647378698 
0.009647378698 0.009647378698 0.009647378698 
