Round,Model,Accuracy,AUC,F1 Score,Sensitivity,Specificity
1,MLP,0.7719,0.875,0.7111,0.6667,0.8485
2,MLP,0.807,0.8175,0.6207,0.6,0.881
3,MLP,0.9298,0.8696,0.8182,0.8182,0.9565
4,MLP,0.8947,0.9335,0.8421,0.8421,0.9211
5,MLP,0.7719,0.8241,0.6061,0.5263,0.8947
6,MLP,0.9123,0.9485,0.8571,0.8824,0.925
7,MLP,0.8947,0.9585,0.7692,0.7143,0.9535
8,MLP,0.8246,0.9294,0.7059,0.6316,0.9211
9,MLP,0.9123,0.9817,0.8148,0.7857,0.9535
10,MLP,0.9123,0.9773,0.8148,0.8462,0.9318
11,MLP,0.9123,1.0,0.8485,0.7368,1.0
12,MLP,0.9123,0.9889,0.8571,0.7895,0.9737
13,MLP,0.9123,0.9825,0.8148,0.7333,0.9762
14,MLP,0.807,0.874,0.6452,0.5263,0.9474
15,MLP,0.9123,0.9784,0.8148,0.7857,0.9535
16,MLP,0.8421,0.892,0.6087,0.5,0.9535
17,MLP,0.8772,0.8447,0.7742,0.6667,0.9744
18,MLP,0.8772,0.9529,0.7742,0.7059,0.95
19,MLP,0.9123,0.9801,0.8148,0.7857,0.9535
20,MLP,0.8421,0.9021,0.64,0.6154,0.9091
21,MLP,0.8947,0.9701,0.7692,0.7143,0.9535
22,MLP,0.8947,0.9336,0.7857,0.7857,0.9302
23,MLP,0.8421,0.8824,0.6897,0.5882,0.95
24,MLP,0.807,0.9286,0.5926,0.5333,0.9048
25,MLP,0.9123,0.9695,0.8649,0.8421,0.9474
26,MLP,0.9123,0.971,0.8387,0.8125,0.9512
27,MLP,0.8246,0.9487,0.6875,0.6111,0.9231
28,MLP,0.9298,0.9824,0.8824,0.8824,0.95
29,MLP,0.8246,0.875,0.6429,0.5625,0.9268
30,MLP,0.9123,0.939,0.8387,0.8125,0.9512
31,MLP,0.8421,0.9432,0.7097,0.5789,0.9737
32,MLP,0.8947,0.9487,0.8125,0.7222,0.9744
33,MLP,0.8596,0.9487,0.7778,0.7778,0.8974
34,MLP,0.8947,0.9558,0.8333,0.9375,0.878
35,MLP,0.8947,0.977,0.8333,0.75,0.973
36,MLP,0.8246,0.982,0.6667,0.5263,0.9737
37,MLP,0.9123,0.9413,0.8276,0.8,0.9524
38,MLP,0.9298,0.9975,0.9091,0.8333,1.0
39,MLP,0.8772,0.9581,0.8,0.7,0.973
40,MLP,0.8596,0.9206,0.7143,0.5882,0.975
41,MLP,0.8596,0.8796,0.7895,0.7143,0.9444
42,MLP,0.8947,0.9651,0.7692,0.7143,0.9535
43,MLP,0.9298,0.9192,0.8571,0.75,1.0
44,MLP,0.9123,0.9204,0.7619,0.6667,0.9778
45,MLP,0.8772,0.9233,0.8372,0.7826,0.9412
46,MLP,0.9123,0.9751,0.8148,0.7857,0.9535
47,MLP,0.8772,0.9568,0.8108,0.75,0.9459
48,MLP,0.9298,0.95,0.8824,0.8824,0.95
49,MLP,0.8947,0.9861,0.8125,0.6842,1.0
50,MLP,0.8421,0.977,0.7692,0.6522,0.9706
51,MLP,0.9474,0.9308,0.8421,0.7273,1.0
52,MLP,0.8772,0.9247,0.8108,0.6818,1.0
53,MLP,0.8947,0.9651,0.8,0.8,0.9286
54,MLP,0.9123,0.9882,0.8387,0.7647,0.975
55,MLP,0.8947,0.9463,0.7273,0.6667,0.9556
56,MLP,0.8596,0.9359,0.75,0.6667,0.9487
57,MLP,0.8596,0.9612,0.7778,0.7368,0.9211
58,MLP,0.8772,0.9186,0.7586,0.7857,0.907
59,MLP,0.9123,0.9333,0.8276,0.8,0.9524
60,MLP,0.9298,0.9556,0.8571,0.8,0.9762
61,MLP,0.8596,0.907,0.75,0.75,0.9024
62,MLP,0.8596,0.9601,0.6923,0.6429,0.9302
63,MLP,0.8947,0.9003,0.7857,0.8462,0.9091
64,MLP,0.8947,0.9418,0.8235,0.7368,0.9737
65,MLP,0.8596,0.8776,0.6667,0.6154,0.9318
66,MLP,0.9298,0.9937,0.8571,0.8,0.9762
67,MLP,0.8947,0.9054,0.8636,0.8261,0.9412
68,MLP,0.9123,0.8636,0.7619,0.7273,0.9565
69,MLP,0.9123,0.9924,0.8276,0.75,0.9756
70,MLP,0.9474,0.8445,0.8966,0.8125,1.0
71,MLP,0.807,0.8862,0.7317,0.6522,0.9118
72,MLP,0.8772,0.9587,0.7742,0.8,0.9048
73,MLP,0.9123,1.0,0.8485,0.7368,1.0
74,MLP,0.8772,0.9352,0.8293,0.8095,0.9167
75,MLP,0.9474,0.9817,0.8966,0.9286,0.9535
76,MLP,0.9825,0.9635,0.963,0.9286,1.0
77,MLP,0.8772,0.9306,0.8511,0.8333,0.9091
78,MLP,0.9123,0.8671,0.8,0.7143,0.9767
79,MLP,0.9649,0.9915,0.8889,0.8,1.0
80,MLP,0.9123,0.8519,0.7826,0.75,0.9556
81,MLP,0.8596,0.8939,0.7895,0.6522,1.0
82,MLP,0.807,0.8277,0.5926,0.5,0.9268
83,MLP,0.8421,0.9722,0.7568,0.6667,0.9444
84,MLP,0.8596,0.9135,0.7647,0.65,0.973
85,MLP,0.7895,0.8075,0.625,0.5263,0.9211
86,MLP,0.9298,0.9167,0.8,0.6667,1.0
87,MLP,0.9474,0.9353,0.88,0.8462,0.9773
88,MLP,0.8246,0.9003,0.6429,0.6429,0.8837
89,MLP,0.8246,0.9369,0.5833,0.5,0.9302
90,MLP,0.8947,0.9738,0.75,0.6923,0.9545
91,MLP,0.8421,0.904,0.8,0.75,0.9091
92,MLP,0.8772,0.9466,0.7742,0.75,0.9268
93,MLP,0.807,0.8772,0.7179,0.6087,0.9412
94,MLP,0.8772,0.9925,0.8372,0.72,1.0
95,MLP,0.9298,1.0,0.875,0.7778,1.0
96,MLP,0.8246,0.9017,0.6667,0.5556,0.9487
97,MLP,0.8246,0.8552,0.6875,0.6875,0.878
98,MLP,0.8596,0.9488,0.7333,0.5789,1.0
99,MLP,0.9123,0.9726,0.8387,0.8125,0.9512
100,MLP,0.9298,0.9878,0.8667,0.8125,0.9756
101,MLP,0.8421,0.9146,0.6667,0.5625,0.9512
102,MLP,0.8596,0.8603,0.7647,0.7647,0.9
103,MLP,0.8246,0.9554,0.6667,0.5,1.0
104,MLP,0.9298,0.9319,0.8333,0.7143,1.0
105,MLP,0.8596,0.9529,0.7333,0.6471,0.95
106,MLP,0.8947,0.9574,0.7,0.7,0.9362
107,MLP,0.9474,0.9915,0.9189,0.9444,0.9487
108,MLP,0.8772,0.9074,0.7407,0.5882,1.0
109,MLP,0.8596,0.7942,0.7143,0.625,0.9512
110,MLP,0.8246,0.9222,0.6429,0.6,0.9048
111,MLP,0.8772,0.8905,0.7407,0.6667,0.9524
112,MLP,0.9123,0.9375,0.8276,0.75,0.9756
113,MLP,0.9474,0.9958,0.9143,0.8421,1.0
114,MLP,0.8246,0.9338,0.7368,0.7,0.8919
115,MLP,0.8772,0.9647,0.7742,0.7059,0.95
116,MLP,0.8772,0.9236,0.6957,0.5714,0.9767
117,MLP,0.8772,0.9405,0.8,0.7,0.973
118,MLP,0.8421,0.9231,0.7097,0.6111,0.9487
119,MLP,0.8421,0.8775,0.8163,0.8333,0.8485
120,MLP,0.8947,0.9345,0.8125,0.7222,0.9744
121,MLP,0.9474,0.9085,0.8421,0.8,0.9787
122,MLP,0.807,0.8362,0.6667,0.6111,0.8974
123,MLP,0.9123,0.9622,0.8571,0.75,1.0
124,MLP,0.8246,0.9515,0.7059,0.6316,0.9211
125,MLP,0.8772,0.9484,0.8108,0.7143,0.9722
126,MLP,0.8421,0.9193,0.7805,0.7619,0.8889
127,MLP,0.9123,0.8654,0.8,0.7143,0.9767
128,MLP,0.8947,0.9695,0.8,0.75,0.9512
129,MLP,0.7895,0.8691,0.5714,0.4706,0.925
130,MLP,0.9649,0.9954,0.9333,0.875,1.0
131,MLP,0.9474,0.9557,0.9189,0.8947,0.9737
132,MLP,0.8947,0.9437,0.8636,0.76,1.0
133,MLP,0.9123,0.8619,0.7826,0.6923,0.9773
134,MLP,0.9298,0.8904,0.8462,0.7857,0.9767
135,MLP,0.8421,0.9446,0.7273,0.6316,0.9474
136,MLP,0.8421,0.8862,0.7429,0.619,0.9722
137,MLP,0.807,0.8743,0.6667,0.5238,0.9722
138,MLP,0.8772,0.973,0.8293,0.85,0.8919
139,MLP,0.8421,0.9208,0.7568,0.6364,0.9714
140,MLP,0.9298,0.9529,0.875,0.8235,0.975
141,MLP,0.9123,0.9405,0.8276,0.75,0.9756
142,MLP,0.9123,0.9441,0.8485,0.8235,0.95
143,MLP,0.8421,0.9386,0.7907,0.7391,0.9118
144,MLP,0.8596,0.9556,0.6,0.5,0.9556
145,MLP,0.8772,0.9143,0.7586,0.7333,0.9286
146,MLP,0.8246,0.8584,0.7619,0.7273,0.8857
147,MLP,0.8596,0.8722,0.6,0.5,0.9556
148,MLP,0.8947,0.9432,0.8235,0.7368,0.9737
149,MLP,0.807,0.8681,0.3529,0.3,0.9149
150,MLP,0.9474,0.9986,0.9143,0.8421,1.0
151,MLP,0.9298,0.9107,0.75,0.75,0.9592
152,MLP,0.8947,0.9662,0.8421,0.8,0.9459
153,MLP,0.8947,0.9072,0.8333,0.7895,0.9474
154,MLP,0.8596,0.903,0.7778,0.7368,0.9211
155,MLP,0.8246,0.8797,0.7222,0.65,0.9189
156,MLP,0.8947,0.9751,0.7692,0.7143,0.9535
157,MLP,0.9123,0.9897,0.8387,0.7647,0.975
158,MLP,0.8772,0.9432,0.8205,0.8,0.9189
159,MLP,0.9474,0.9543,0.9143,0.8421,1.0
160,MLP,0.8421,0.9779,0.6667,0.5294,0.975
161,MLP,0.8947,0.9693,0.85,0.7391,1.0
162,MLP,0.8947,0.9219,0.75,0.6429,0.9767
163,MLP,0.9123,0.927,0.8276,0.8,0.9524
164,MLP,0.807,0.8803,0.6667,0.6111,0.8974
165,MLP,0.9123,0.8794,0.8148,0.7333,0.9762
166,MLP,0.9474,0.9543,0.8966,0.8125,1.0
167,MLP,0.8596,0.9722,0.7895,0.7143,0.9444
168,MLP,0.7895,0.8887,0.7273,0.6957,0.8529
169,MLP,0.9123,0.9178,0.7826,0.6923,0.9773
170,MLP,0.9298,0.9074,0.8824,0.8333,0.9744
171,MLP,0.7895,0.7841,0.5,0.4,0.9286
172,MLP,0.8596,0.918,0.8,0.7619,0.9167
173,MLP,0.8772,0.961,0.8108,0.6818,1.0
174,MLP,0.8421,0.9431,0.7429,0.619,0.9722
175,MLP,0.9123,0.981,0.8148,0.7333,0.9762
176,MLP,0.8596,0.9131,0.7143,0.625,0.9512
177,MLP,0.8947,0.9051,0.7,0.6364,0.9565
178,MLP,0.8246,0.819,0.6429,0.6,0.9048
179,MLP,0.8772,0.9336,0.7407,0.7143,0.9302
180,MLP,0.8772,0.9954,0.72,0.5625,1.0
181,MLP,0.8772,0.8619,0.72,0.6923,0.9318
182,MLP,0.8246,0.8875,0.7059,0.6667,0.8974
183,MLP,0.9123,0.8439,0.7619,0.7273,0.9565
184,MLP,0.9123,0.9917,0.8,0.7143,0.9767
185,MLP,0.8772,0.8555,0.7407,0.7143,0.9302
186,MLP,0.8772,0.9392,0.8205,0.7619,0.9444
187,MLP,0.7895,0.825,0.5714,0.4706,0.925
188,MLP,0.807,0.9552,0.7179,0.6087,0.9412
189,MLP,0.9123,0.9603,0.8718,0.8095,0.9722
190,MLP,0.9298,0.9863,0.8667,0.8125,0.9756
191,MLP,0.8596,0.9762,0.7895,0.7143,0.9444
192,MLP,0.8596,0.9294,0.75,0.7059,0.925
193,MLP,0.9123,0.9765,0.8485,0.8235,0.95
194,MLP,0.8421,0.918,0.7568,0.6667,0.9444
195,MLP,0.9123,0.9703,0.8718,0.85,0.9459
196,MLP,0.8772,0.9772,0.7879,0.7222,0.9487
197,MLP,0.8947,0.943,0.8125,0.7222,0.9744
198,MLP,0.9474,0.9893,0.9032,0.875,0.9756
199,MLP,0.8421,0.809,0.6087,0.5,0.9535
200,MLP,0.8246,0.9676,0.6429,0.5294,0.95
201,MLP,0.8246,0.8849,0.7368,0.6667,0.9167
202,MLP,0.8947,0.9008,0.85,0.8095,0.9444
203,MLP,0.9123,0.917,0.7619,0.7273,0.9565
204,MLP,0.9298,0.9487,0.8889,0.8889,0.9487
205,MLP,0.8596,0.9665,0.7143,0.625,0.9512
206,MLP,0.8421,0.8698,0.7429,0.6842,0.9211
207,MLP,0.807,0.8309,0.6207,0.5294,0.925
208,MLP,0.9123,0.9749,0.8718,0.8095,0.9722
209,MLP,0.8772,0.9637,0.8444,0.76,0.9688
210,MLP,0.8947,0.981,0.75,0.6,1.0
211,MLP,0.8596,0.9743,0.7895,0.75,0.9189
212,MLP,0.8947,0.9868,0.8,0.7059,0.975
213,MLP,0.9123,0.9952,0.8,0.6667,1.0
214,MLP,0.8947,0.9169,0.8125,0.6842,1.0
215,MLP,0.8772,0.7774,0.7407,0.7143,0.9302
216,MLP,0.807,0.9353,0.6667,0.6471,0.875
217,MLP,0.9649,0.9944,0.9167,0.9167,0.9778
218,MLP,0.8772,0.9716,0.8108,0.75,0.9459
219,MLP,0.9298,0.9881,0.8,0.7273,0.9783
220,MLP,0.8596,0.8654,0.6364,0.5,0.9767
221,MLP,0.9123,0.9701,0.8276,0.8571,0.9302
222,MLP,0.8772,0.9266,0.8108,0.7895,0.9211
223,MLP,0.9123,0.8902,0.8148,0.6875,1.0
224,MLP,0.8947,0.9487,0.8125,0.7222,0.9744
225,MLP,0.8596,0.9616,0.8,0.7619,0.9167
226,MLP,0.8947,0.9243,0.8235,0.7,1.0
227,MLP,0.9298,0.9947,0.8947,0.8095,1.0
228,MLP,0.8596,0.9387,0.7333,0.6111,0.9744
229,MLP,0.807,0.9316,0.6667,0.6111,0.8974
230,MLP,0.8246,0.8624,0.7368,0.6667,0.9167
231,MLP,0.8596,0.9103,0.7647,0.7222,0.9231
232,MLP,0.807,0.8059,0.4762,0.3846,0.9318
233,MLP,0.807,0.9568,0.6857,0.6,0.9189
234,MLP,0.8772,0.9529,0.8,0.8235,0.9
235,MLP,0.8596,0.9497,0.7778,0.6667,0.9722
236,MLP,0.8246,0.9162,0.7222,0.65,0.9189
237,MLP,0.8421,0.9188,0.6897,0.5556,0.9744
238,MLP,0.9123,0.9131,0.8485,0.7778,0.9744
239,MLP,0.9474,0.9834,0.9231,0.9474,0.9474
240,MLP,0.9123,0.9872,0.8387,0.7222,1.0
241,MLP,0.8947,0.9715,0.8125,0.7222,0.9744
242,MLP,0.8772,0.8753,0.8205,0.7273,0.9714
243,MLP,0.8947,0.886,0.8333,0.8333,0.9231
244,MLP,0.8596,0.9418,0.75,0.6316,0.9737
245,MLP,0.8947,0.9421,0.8235,0.875,0.9024
246,MLP,0.8421,0.8951,0.6667,0.6923,0.8864
247,MLP,0.8947,0.9058,0.8125,0.6842,1.0
248,MLP,0.8772,0.9629,0.8205,0.6957,1.0
249,MLP,0.8421,0.8541,0.7097,0.55,1.0
250,MLP,0.8246,0.8913,0.7727,0.68,0.9375
251,MLP,0.7544,0.8605,0.5333,0.5714,0.814
252,MLP,0.9123,0.9537,0.8718,0.8095,0.9722
253,MLP,0.8947,0.9345,0.7857,0.6875,0.9756
254,MLP,0.8246,0.8624,0.7222,0.619,0.9444
255,MLP,0.8421,0.8549,0.64,0.6154,0.9091
256,MLP,0.8947,0.9148,0.75,0.75,0.9333
257,MLP,0.8772,0.8671,0.72,0.6429,0.9535
258,MLP,0.9123,0.9825,0.8387,0.8667,0.9286
259,MLP,0.8772,0.9643,0.8108,0.7143,0.9722
260,MLP,0.7895,0.8471,0.6,0.5294,0.9
261,MLP,0.9298,0.9889,0.8333,0.8333,0.9556
262,MLP,0.807,0.8961,0.7179,0.6364,0.9143
263,MLP,0.8596,0.9253,0.6923,0.5625,0.9756
264,MLP,0.9474,0.9873,0.9032,0.9333,0.9524
265,MLP,0.8772,0.9696,0.8205,0.7619,0.9444
266,MLP,0.9298,0.9796,0.7778,0.875,0.9388
267,MLP,0.9298,0.9883,0.9,0.8182,1.0
268,MLP,0.7895,0.7413,0.5385,0.4667,0.9048
269,MLP,0.8772,0.9917,0.7742,0.6316,1.0
270,MLP,0.9123,0.9941,0.7059,0.5455,1.0
271,MLP,0.8947,0.8973,0.8333,0.75,0.973
272,MLP,0.8947,0.9881,0.8421,0.7619,0.9722
273,MLP,0.8596,0.9309,0.7778,0.8235,0.875
274,MLP,0.8596,0.9053,0.6923,0.6429,0.9302
275,MLP,0.8246,0.9284,0.6875,0.55,0.973
276,MLP,0.9298,0.9802,0.7778,0.6364,1.0
277,MLP,0.8246,0.9131,0.6154,0.4444,1.0
278,MLP,0.8947,0.8204,0.7273,0.6667,0.9556
279,MLP,0.9474,0.9824,0.9091,0.8824,0.975
280,MLP,0.8421,0.9418,0.7273,0.6316,0.9474
281,MLP,0.8947,0.9805,0.8636,0.8636,0.9143
282,MLP,0.8772,0.9574,0.7879,0.7647,0.925
283,MLP,0.9474,0.9903,0.9189,0.8947,0.9737
284,MLP,0.8947,0.9634,0.8,0.75,0.9512
285,MLP,0.8596,0.9397,0.6923,0.6,0.9524
286,MLP,0.8772,0.9397,0.7586,0.6471,0.975
287,MLP,0.8947,0.9382,0.8,0.7059,0.975
288,MLP,0.8246,0.8994,0.6875,0.6875,0.878
289,MLP,0.9298,0.9544,0.8889,0.8889,0.9487
290,MLP,0.8947,0.927,0.8,0.8,0.9286
291,MLP,0.8596,0.9207,0.6923,0.5625,0.9756
292,MLP,0.8772,0.8444,0.6957,0.6667,0.9333
293,MLP,0.8772,0.9691,0.7879,0.7647,0.925
294,MLP,0.8772,0.9618,0.7879,0.7647,0.925
295,MLP,0.8772,0.8974,0.7742,0.6667,0.9744
296,MLP,0.8596,0.9519,0.7895,0.6818,0.9714
297,MLP,0.9123,0.9787,0.8276,0.75,0.9756
298,MLP,0.9123,0.8598,0.8276,0.75,0.9756
299,MLP,0.8947,0.9848,0.7857,0.6875,0.9756
300,MLP,0.8596,0.9223,0.7333,0.6875,0.9268
301,MLP,0.8596,0.9691,0.7647,0.7647,0.9
302,MLP,0.8947,0.9236,0.7857,0.7857,0.9302
303,MLP,0.9474,1.0,0.9333,0.875,1.0
304,MLP,0.8772,0.8853,0.7879,0.7647,0.925
305,MLP,0.8947,0.9459,0.8333,0.75,0.973
306,MLP,0.8772,0.9086,0.7742,0.6316,1.0
307,MLP,0.9298,0.9882,0.8824,0.8824,0.95
308,MLP,0.807,0.8929,0.6857,0.5714,0.9444
309,MLP,0.9123,0.995,0.7826,0.6429,1.0
310,MLP,0.7895,0.9259,0.7,0.6667,0.8611
311,MLP,0.8421,0.8915,0.7429,0.619,0.9722
312,MLP,0.8772,0.9329,0.7742,0.75,0.9268
313,MLP,0.8947,0.9571,0.8125,0.6842,1.0
314,MLP,0.9298,0.8426,0.7778,0.7,0.9787
315,MLP,0.9123,0.9161,0.7826,0.6923,0.9773
316,MLP,0.9474,0.9941,0.88,1.0,0.9348
317,MLP,0.8772,0.8963,0.6957,0.6667,0.9333
318,MLP,0.8772,0.9286,0.7586,0.7333,0.9286
319,MLP,0.8596,0.8795,0.7778,0.7368,0.9211
320,MLP,0.8947,0.9175,0.7857,0.7333,0.9524
321,MLP,0.8772,0.9079,0.8372,0.7826,0.9412
322,MLP,0.9123,0.8674,0.8276,0.75,0.9756
323,MLP,0.8246,0.9243,0.7368,0.7,0.8919
324,MLP,0.9123,0.933,0.8571,0.8333,0.9487
325,MLP,0.807,0.9412,0.7442,0.6957,0.8824
326,MLP,0.9123,0.975,0.8485,0.8235,0.95
327,MLP,0.8596,0.9412,0.8,0.6957,0.9706
328,MLP,0.9474,0.9543,0.8966,0.8125,1.0
329,MLP,0.8421,0.8323,0.6667,0.5625,0.9512
330,MLP,0.9298,1.0,0.9048,0.8261,1.0
331,MLP,0.8246,0.9143,0.7059,0.5455,1.0
332,MLP,0.8772,0.9746,0.7407,0.6667,0.9524
333,MLP,0.8947,0.9775,0.85,0.8095,0.9444
334,MLP,0.807,0.9299,0.7317,0.7143,0.8611
335,MLP,0.8421,0.7988,0.64,0.5,0.9756
336,MLP,0.8772,0.8937,0.7407,0.6667,0.9524
337,MLP,0.9123,0.9947,0.8649,0.7619,1.0
338,MLP,0.9298,0.9118,0.8824,0.8824,0.95
339,MLP,0.8947,0.9487,0.8,0.6667,1.0
340,MLP,0.8596,0.9581,0.7895,0.75,0.9189
341,MLP,0.8772,0.8767,0.7879,0.6842,0.9737
342,MLP,0.8772,0.9385,0.7586,0.7857,0.907
343,MLP,0.8421,0.9289,0.64,0.7273,0.8696
344,MLP,0.8596,0.9259,0.75,0.6667,0.9487
345,MLP,0.8246,0.9311,0.7222,0.65,0.9189
346,MLP,0.8421,0.9543,0.6897,0.625,0.9268
347,MLP,0.8596,0.8521,0.6923,0.5625,0.9756
348,MLP,0.8596,0.9494,0.7895,0.6818,0.9714
349,MLP,0.9123,0.99,0.8485,0.7778,0.9744
350,MLP,0.9298,0.9529,0.8889,0.8421,0.9737
351,MLP,0.8947,0.9436,0.8,0.75,0.9512
352,MLP,0.8596,0.8689,0.6667,0.6154,0.9318
353,MLP,0.7544,0.8635,0.5882,0.5,0.8919
354,MLP,0.8947,0.9127,0.8,0.8,0.9286
355,MLP,0.9474,0.946,0.8889,0.8,1.0
356,MLP,0.8596,0.8159,0.7333,0.7333,0.9048
357,MLP,0.8246,0.9046,0.6875,0.6111,0.9231
358,MLP,0.8421,0.849,0.7429,0.6842,0.9211
359,MLP,0.8947,0.9634,0.8571,0.75,1.0
360,MLP,0.8421,0.9322,0.7907,0.7391,0.9118
361,MLP,0.8596,0.9013,0.8,0.7273,0.9429
362,MLP,0.8246,0.9643,0.7222,0.619,0.9444
363,MLP,0.7544,0.9156,0.6111,0.4783,0.9412
364,MLP,0.8947,0.8619,0.7692,0.7692,0.9318
365,MLP,0.8947,0.9301,0.7692,0.7692,0.9318
366,MLP,0.9123,0.9502,0.7826,0.6429,1.0
367,MLP,0.9825,0.9965,0.96,0.9231,1.0
368,MLP,0.8947,0.9667,0.7857,0.7333,0.9524
369,MLP,0.9298,0.986,0.8462,0.8462,0.9545
370,MLP,0.8772,0.6766,0.5333,0.4,0.9787
371,MLP,0.9474,0.9626,0.9143,0.8421,1.0
372,MLP,0.8596,0.9784,0.7647,0.65,0.973
373,MLP,0.8947,0.9459,0.8235,0.7778,0.9487
374,MLP,0.807,0.9252,0.6452,0.5263,0.9474
375,MLP,0.8947,0.9309,0.8,0.7059,0.975
376,MLP,0.9474,0.9587,0.9091,0.8333,1.0
377,MLP,0.8596,0.9063,0.7333,0.7333,0.9048
378,MLP,0.9123,0.943,0.8571,0.8333,0.9487
379,MLP,0.8947,0.9541,0.8235,0.7,1.0
380,MLP,0.8596,0.9552,0.8,0.6957,0.9706
381,MLP,0.8772,0.9585,0.7407,0.7143,0.9302
382,MLP,0.8421,0.7535,0.5714,0.4615,0.9545
383,MLP,0.8772,0.9763,0.6957,0.7273,0.913
384,MLP,0.7544,0.8958,0.7083,0.6538,0.8387
385,MLP,0.9298,0.9832,0.875,0.875,0.9512
386,MLP,0.8596,0.9543,0.6923,0.5625,0.9756
387,MLP,0.8947,0.9868,0.8,0.7059,0.975
388,MLP,0.9298,0.9318,0.8333,0.7692,0.9773
389,MLP,0.8596,0.9103,0.7143,0.7143,0.907
390,MLP,0.8596,0.9551,0.6923,0.6429,0.9302
391,MLP,0.7895,0.8122,0.6842,0.619,0.8889
392,MLP,0.8421,0.9459,0.7568,0.7778,0.8718
393,MLP,0.9123,0.8476,0.8,0.6667,1.0
394,MLP,0.9123,0.8746,0.8571,0.8333,0.9487
395,MLP,0.9123,0.9792,0.8571,0.7895,0.9737
396,MLP,0.8947,0.9441,0.8,0.7059,0.975
397,MLP,0.8421,0.8241,0.7429,0.619,0.9722
398,MLP,0.9649,0.9601,0.9412,0.8889,1.0
399,MLP,0.9474,0.9912,0.9091,0.8824,0.975
400,MLP,0.8947,0.9683,0.8235,0.9333,0.881
401,MLP,0.8947,0.9452,0.75,0.6429,0.9767
402,MLP,0.8421,0.9085,0.6897,0.625,0.9268
403,MLP,0.8772,0.9482,0.72,0.5625,1.0
404,MLP,0.8596,0.9103,0.7143,0.7143,0.907
405,MLP,0.9123,0.9578,0.8837,0.8261,0.9706
406,MLP,0.7719,0.8765,0.5806,0.5625,0.8537
407,MLP,0.8246,0.8294,0.6875,0.6471,0.9
408,MLP,0.8947,0.9795,0.8636,0.8261,0.9412
409,MLP,0.8421,0.9325,0.7805,0.7273,0.9143
410,MLP,0.9298,0.9649,0.8889,0.8,1.0
411,MLP,0.9298,0.9868,0.8889,0.9412,0.925
412,MLP,0.7719,0.8116,0.6061,0.5263,0.8947
413,MLP,0.8947,0.9841,0.8421,0.7619,0.9722
414,MLP,0.8421,0.916,0.7429,0.7222,0.8974
415,MLP,0.9123,0.9738,0.8148,0.8462,0.9318
416,MLP,0.8772,0.9634,0.7742,0.75,0.9268
417,MLP,0.8772,0.9294,0.8,0.7368,0.9474
418,MLP,0.8772,0.9455,0.8293,0.7727,0.9429
419,MLP,0.9298,0.9286,0.8462,0.7333,1.0
420,MLP,0.9123,0.9718,0.8148,0.7857,0.9535
421,MLP,0.9298,0.95,0.8947,0.85,0.973
422,MLP,0.8947,0.9514,0.8421,0.8,0.9459
423,MLP,0.8947,0.9647,0.8333,0.8824,0.9
424,MLP,0.9649,1.0,0.9412,0.8889,1.0
425,MLP,0.8772,0.9405,0.8293,0.8095,0.9167
426,MLP,0.9123,0.9801,0.8,0.7143,0.9767
427,MLP,0.8947,0.9405,0.85,0.8095,0.9444
428,MLP,0.9298,0.9283,0.8182,0.6923,1.0
429,MLP,0.8596,0.9843,0.7333,0.6111,0.9744
430,MLP,0.9298,0.9907,0.9,0.8571,0.9722
431,MLP,0.8947,0.968,0.8636,0.8261,0.9412
432,MLP,0.8772,0.8497,0.72,0.6923,0.9318
433,MLP,0.8596,0.9466,0.6923,0.5625,0.9756
434,MLP,0.9474,0.9868,0.9032,0.8235,1.0
435,MLP,0.8246,0.8809,0.7059,0.7059,0.875
436,MLP,0.9123,0.9135,0.8649,0.8,0.973
437,MLP,0.9298,0.9893,0.8667,0.8125,0.9756
438,MLP,0.8421,0.887,0.6087,0.5833,0.9111
439,MLP,0.8772,0.9419,0.8108,0.75,0.9459
440,MLP,0.8421,0.8771,0.6667,0.6429,0.907
441,MLP,0.9474,0.9588,0.9032,0.8235,1.0
442,MLP,0.9298,0.9073,0.8462,0.8462,0.9545
443,MLP,0.8772,0.9432,0.8108,0.7895,0.9211
444,MLP,0.8421,0.9471,0.7429,0.7647,0.875
445,MLP,0.8421,0.95,0.7097,0.6471,0.925
446,MLP,0.8246,0.881,0.6667,0.6667,0.881
447,MLP,0.8947,0.9397,0.8,0.7059,0.975
448,MLP,0.8772,0.927,0.7586,0.7333,0.9286
449,MLP,0.8772,0.9221,0.7879,0.7647,0.925
450,MLP,0.7368,0.8712,0.5946,0.4583,0.9394
451,MLP,0.8596,0.9039,0.7895,0.6818,0.9714
452,MLP,0.8421,0.8532,0.7097,0.5789,0.9737
453,MLP,0.9123,0.9055,0.8148,0.6875,1.0
454,MLP,0.8772,0.9174,0.7879,0.7222,0.9487
455,MLP,0.9474,0.985,0.8889,0.8571,0.9767
456,MLP,0.7895,0.875,0.6667,0.7059,0.825
457,MLP,0.8246,0.9544,0.6667,0.5882,0.925
458,MLP,0.9123,0.9573,0.8387,0.7222,1.0
459,MLP,0.8421,0.8412,0.6897,0.5882,0.95
460,MLP,0.8246,0.8621,0.5455,0.4286,0.9535
461,MLP,0.8246,0.8909,0.7368,0.6364,0.9429
462,MLP,0.8596,0.9316,0.75,0.6667,0.9487
463,MLP,0.8596,0.9703,0.7647,0.65,0.973
464,MLP,0.8596,0.922,0.8,0.6957,0.9706
465,MLP,0.7544,0.7964,0.5882,0.5263,0.8684
466,MLP,0.8421,0.9762,0.7568,0.6667,0.9444
467,MLP,0.8421,0.9286,0.7097,0.7333,0.881
468,MLP,0.8596,0.9442,0.7895,0.6818,0.9714
469,MLP,0.9123,0.9459,0.8485,0.7778,0.9744
470,MLP,0.9123,0.8921,0.8148,0.7333,0.9762
471,MLP,0.8421,0.9284,0.7273,0.75,0.878
472,MLP,0.9298,0.9543,0.8824,0.7895,1.0
473,MLP,0.8246,0.918,0.7368,0.6667,0.9167
474,MLP,0.8772,0.9359,0.8,0.7778,0.9231
475,MLP,0.9649,0.9889,0.9231,1.0,0.9556
476,MLP,0.9474,0.9808,0.8696,0.7692,1.0
477,MLP,0.9474,0.9873,0.8966,0.8667,0.9762
478,MLP,0.8772,0.9286,0.72,0.6429,0.9535
479,MLP,0.8421,0.8601,0.6087,0.5385,0.9318
480,MLP,0.8772,0.9451,0.7586,0.6875,0.9512
481,MLP,0.9298,0.927,0.8571,0.8,0.9762
482,MLP,0.8947,0.9889,0.8125,0.6842,1.0
483,MLP,0.8421,0.9156,0.7907,0.6538,1.0
484,MLP,0.8421,0.9689,0.7429,0.65,0.9459
485,MLP,0.9298,0.9,0.8667,0.7647,1.0
486,MLP,0.9298,0.9204,0.8182,0.75,0.9778
487,MLP,0.8246,0.9444,0.6875,0.6111,0.9231
488,MLP,0.8772,0.912,0.7407,0.7143,0.9302
489,MLP,0.9474,0.983,0.8571,0.9,0.9574
490,MLP,0.7895,0.9162,0.625,0.5882,0.875
491,MLP,0.7719,0.85,0.5517,0.4,0.973
492,MLP,0.8772,0.9709,0.8205,0.7619,0.9444
493,MLP,0.8772,0.8765,0.7742,0.7059,0.95
494,MLP,0.9474,0.9515,0.9032,0.8235,1.0
495,MLP,0.8947,0.9268,0.8125,0.8125,0.9268
496,MLP,0.8947,0.9801,0.7692,0.7143,0.9535
497,MLP,0.9298,0.9881,0.8,0.7273,0.9783
498,MLP,0.8772,0.9302,0.7879,0.7222,0.9487
499,MLP,0.8421,0.9029,0.7097,0.6471,0.925
500,MLP,0.9123,0.9843,0.8485,0.7778,0.9744
501,MLP,0.9474,0.9387,0.8696,0.9091,0.9565
502,MLP,0.9298,0.9886,0.8889,0.8889,0.9487
503,MLP,0.807,0.9297,0.7442,0.6957,0.8824
504,MLP,0.8246,0.9088,0.6667,0.5556,0.9487
505,MLP,0.8246,0.9417,0.7826,0.6923,0.9355
506,MLP,0.8596,0.9588,0.7647,0.7647,0.9
507,MLP,0.807,0.8105,0.6207,0.5,0.9487
508,MLP,0.8772,0.8746,0.7879,0.7222,0.9487
509,MLP,0.8596,0.9432,0.75,0.6316,0.9737
510,MLP,0.9298,0.9765,0.8889,0.8421,0.9737
511,MLP,0.8772,0.9554,0.7879,0.65,1.0
512,MLP,0.8947,0.973,0.8421,0.8,0.9459
513,MLP,0.8421,0.9325,0.7429,0.619,0.9722
514,MLP,0.8947,0.8926,0.85,0.7391,1.0
515,MLP,0.9123,0.9703,0.7826,0.6923,0.9773
516,MLP,0.9123,0.946,0.8148,0.7333,0.9762
517,MLP,0.8421,0.9349,0.7273,0.6316,0.9474
518,MLP,0.9298,0.9779,0.8824,0.8824,0.95
519,MLP,0.8421,0.8597,0.7805,0.7273,0.9143
520,MLP,0.8246,0.892,0.6154,0.5714,0.907
521,MLP,0.8246,0.9026,0.7368,0.6364,0.9429
522,MLP,0.9474,0.9278,0.88,0.9167,0.9556
523,MLP,0.807,0.8684,0.5926,0.4211,1.0
524,MLP,0.8772,0.9784,0.72,0.6429,0.9535
525,MLP,0.8772,0.974,0.8293,0.7727,0.9429
526,MLP,0.9298,0.9817,0.8571,0.75,1.0
527,MLP,0.8947,0.9917,0.7273,0.5714,1.0
528,MLP,0.8596,0.9153,0.7143,0.7143,0.907
529,MLP,0.8596,0.9053,0.7143,0.7143,0.907
530,MLP,0.8947,0.9689,0.8571,0.9,0.8919
531,MLP,0.8772,0.8946,0.8108,0.75,0.9459
532,MLP,0.8421,0.9104,0.7429,0.5909,1.0
533,MLP,0.7544,0.9167,0.5882,0.4762,0.9167
534,MLP,0.9298,0.9441,0.8824,0.8824,0.95
535,MLP,0.8246,0.9,0.5833,0.4667,0.9524
536,MLP,0.8947,0.9701,0.75,0.6429,0.9767
537,MLP,0.9123,0.9963,0.7368,0.5833,1.0
538,MLP,0.8772,0.9222,0.72,0.75,0.9111
539,MLP,0.9474,0.9986,0.9091,0.8333,1.0
540,MLP,0.9298,0.9302,0.8333,0.7143,1.0
541,MLP,0.9474,0.9948,0.88,0.8462,0.9773
542,MLP,0.8246,0.8853,0.6429,0.5294,0.95
543,MLP,0.8596,0.9192,0.7143,0.625,0.9512
544,MLP,0.8772,0.9377,0.8,0.7368,0.9474
545,MLP,0.9298,0.981,0.8571,0.8,0.9762
546,MLP,0.9298,0.979,0.8462,0.8462,0.9545
547,MLP,0.8596,0.8743,0.7778,0.7,0.9459
548,MLP,0.9298,0.9934,0.9,0.8571,0.9722
549,MLP,0.8421,0.8619,0.6897,0.6667,0.9048
550,MLP,0.9474,0.9987,0.9231,0.8571,1.0
551,MLP,0.8246,0.903,0.7222,0.6842,0.8947
552,MLP,0.9123,0.9667,0.8276,0.8,0.9524
553,MLP,0.8421,0.9512,0.7097,0.6875,0.9024
554,MLP,0.8596,0.8872,0.7143,0.625,0.9512
555,MLP,0.8421,0.8466,0.7568,0.6667,0.9444
556,MLP,0.7544,0.8459,0.5882,0.5,0.8919
557,MLP,0.8772,0.9668,0.72,0.6923,0.9318
558,MLP,0.9123,0.9456,0.8387,0.7647,0.975
559,MLP,0.8421,0.8975,0.7273,0.6316,0.9474
560,MLP,0.7719,0.8836,0.5806,0.4286,0.9722
561,MLP,0.8246,0.8647,0.6429,0.5,0.9744
562,MLP,0.9123,0.9867,0.8276,0.8571,0.9302
563,MLP,0.9649,0.9936,0.9,0.9,0.9787
564,MLP,0.9649,1.0,0.9167,0.8462,1.0
565,MLP,0.8772,0.9741,0.7407,0.625,0.9756
566,MLP,0.8772,0.9795,0.8372,0.7826,0.9412
567,MLP,0.9649,0.9878,0.9231,0.9231,0.9773
568,MLP,0.9474,0.9241,0.88,0.9167,0.9556
569,MLP,0.7544,0.8878,0.5882,0.5263,0.8684
570,MLP,0.9123,0.9853,0.8485,0.8235,0.95
571,MLP,0.8421,0.9377,0.7097,0.5789,0.9737
572,MLP,0.9123,0.9834,0.8276,0.8571,0.9302
573,MLP,0.8596,0.9551,0.7333,0.7857,0.8837
574,MLP,0.9123,0.9286,0.8148,0.7857,0.9535
575,MLP,0.8596,0.953,0.7647,0.7222,0.9231
576,MLP,0.9298,0.9921,0.8571,0.8,0.9762
577,MLP,0.7895,0.8864,0.6842,0.6842,0.8421
578,MLP,0.8246,0.9037,0.5833,0.5,0.9302
579,MLP,0.8772,0.9587,0.7586,0.6111,1.0
580,MLP,0.9123,0.971,0.8485,0.875,0.9268
581,MLP,0.8421,0.8918,0.6667,0.5625,0.9512
582,MLP,0.8947,0.9037,0.7273,0.6667,0.9556
583,MLP,0.8421,0.9463,0.5714,0.5,0.9333
584,MLP,0.9474,0.9802,0.9032,0.875,0.9756
585,MLP,0.9298,0.9784,0.8571,0.8571,0.9535
586,MLP,0.9123,0.9808,0.8,0.7692,0.9545
587,MLP,0.9123,0.9786,0.8649,0.8889,0.9231
588,MLP,0.8596,0.9584,0.7778,0.7368,0.9211
589,MLP,0.8772,0.9162,0.7586,0.6471,0.975
590,MLP,0.8947,0.9221,0.8636,0.8636,0.9143
591,MLP,0.8947,0.9779,0.8636,0.8636,0.9143
592,MLP,0.9474,0.9838,0.9091,0.8824,0.975
593,MLP,0.8421,0.9234,0.7568,0.6364,0.9714
594,MLP,0.8596,0.8353,0.7333,0.6471,0.95
595,MLP,0.8246,0.9145,0.6875,0.6111,0.9231
596,MLP,0.8772,0.9321,0.8108,0.7895,0.9211
597,MLP,0.8947,0.9471,0.8421,0.7619,0.9722
598,MLP,0.8772,0.8488,0.6957,0.5714,0.9767
599,MLP,0.9649,0.9298,0.8889,0.8,1.0
600,MLP,0.9649,0.9558,0.9333,0.875,1.0
601,MLP,0.8596,0.781,0.6667,0.5333,0.9762
602,MLP,0.9298,0.973,0.8667,0.8667,0.9524
603,MLP,0.9123,0.9382,0.8485,0.8235,0.95
604,MLP,0.8772,0.8549,0.6957,0.6154,0.9545
605,MLP,0.8772,0.9309,0.7742,0.7059,0.95
606,MLP,0.9123,0.982,0.8571,0.7895,0.9737
607,MLP,0.9123,0.9299,0.8387,0.8125,0.9512
608,MLP,0.9123,0.9359,0.8571,0.8333,0.9487
609,MLP,0.7544,0.9217,0.65,0.5417,0.9091
610,MLP,0.8772,0.9873,0.72,0.6,0.9762
611,MLP,0.8421,0.9162,0.6897,0.5882,0.95
612,MLP,0.8947,0.9412,0.8,0.7059,0.975
613,MLP,0.9474,0.9912,0.9032,0.8235,1.0
614,MLP,0.8596,0.9324,0.7647,0.7647,0.9
615,MLP,0.9298,0.9909,0.8571,0.75,1.0
616,MLP,0.9123,0.9206,0.8276,0.7059,1.0
617,MLP,0.8246,0.7857,0.6429,0.6429,0.8837
618,MLP,0.8596,0.9529,0.7647,0.7647,0.9
619,MLP,0.8772,0.9668,0.8,0.7368,0.9474
620,MLP,0.8596,0.8675,0.7895,0.6818,0.9714
621,MLP,0.8596,0.986,0.6,0.4615,0.9773
622,MLP,0.8947,0.9307,0.8421,0.8421,0.9211
623,MLP,0.7895,0.9117,0.6667,0.5455,0.9429
624,MLP,0.9123,0.9865,0.8718,0.85,0.9459
625,MLP,0.9298,0.9912,0.875,0.8235,0.975
626,MLP,0.9825,0.9921,0.9524,0.9091,1.0
627,MLP,0.8772,0.9788,0.8108,0.7143,0.9722
628,MLP,0.8772,0.9283,0.7407,0.7692,0.9091
629,MLP,0.8772,0.9248,0.7586,0.8462,0.8864
630,MLP,0.8947,0.9319,0.7692,0.7143,0.9535
631,MLP,0.7895,0.9167,0.6667,0.5714,0.9167
632,MLP,0.807,0.9238,0.5926,0.5,0.9268
633,MLP,0.8772,0.9143,0.72,0.6923,0.9318
634,MLP,0.8947,0.8498,0.7273,0.7273,0.9348
635,MLP,0.9474,0.95,0.9231,0.9,0.973
636,MLP,0.8947,0.9294,0.8,0.7059,0.975
637,MLP,0.9298,0.9333,0.8667,0.8667,0.9524
638,MLP,0.8772,0.9898,0.8293,0.7391,0.9706
639,MLP,0.8421,0.9074,0.7429,0.7647,0.875
640,MLP,0.8947,0.8906,0.8421,0.8421,0.9211
641,MLP,0.8246,0.9253,0.6875,0.6875,0.878
642,MLP,0.9298,0.9375,0.875,0.875,0.9512
643,MLP,0.8596,0.8941,0.7333,0.6471,0.95
644,MLP,0.9123,0.9972,0.8485,0.7368,1.0
645,MLP,0.8421,0.9558,0.6667,0.5625,0.9512
646,MLP,0.8947,0.9302,0.7692,0.7143,0.9535
647,MLP,0.8246,0.9085,0.6154,0.5,0.9512
648,MLP,0.8947,0.9418,0.85,0.8095,0.9444
649,MLP,0.8772,0.8875,0.7879,0.7222,0.9487
650,MLP,0.8772,0.9268,0.7742,0.75,0.9268
651,MLP,0.8596,0.9446,0.7778,0.7368,0.9211
652,MLP,0.8596,0.9359,0.75,0.6667,0.9487
653,MLP,0.9298,0.9853,0.8824,0.8824,0.95
654,MLP,0.7895,0.8494,0.6842,0.5909,0.9143
655,MLP,0.8947,0.943,0.8125,0.7222,0.9744
656,MLP,0.8421,0.9412,0.6897,0.5882,0.95
657,MLP,0.9298,0.9973,0.8889,0.8,1.0
658,MLP,0.9474,0.9893,0.9032,0.875,0.9756
659,MLP,0.8246,0.9709,0.7222,0.619,0.9444
660,MLP,0.8596,0.9488,0.7333,0.5789,1.0
661,MLP,0.8246,0.9615,0.6154,0.4444,1.0
662,MLP,0.9474,0.9456,0.9091,0.8824,0.975
663,MLP,0.8421,0.9649,0.7429,0.65,0.9459
664,MLP,0.8421,0.9544,0.7097,0.6471,0.925
665,MLP,0.8947,0.9269,0.8125,0.9286,0.8837
666,MLP,0.8596,0.9294,0.7647,0.7647,0.9
667,MLP,0.8421,0.9389,0.6087,0.5833,0.9111
668,MLP,0.8772,0.9688,0.8205,0.7273,0.9714
669,MLP,0.9123,0.9473,0.8485,0.7778,0.9744
670,MLP,0.8947,0.9336,0.7273,0.6154,0.9773
671,MLP,0.9123,0.9797,0.8718,0.85,0.9459
672,MLP,0.8772,0.8846,0.7742,0.6667,0.9744
673,MLP,0.807,0.9588,0.5926,0.4706,0.95
674,MLP,0.9123,0.9211,0.8571,0.7895,0.9737
675,MLP,0.8246,0.8643,0.7222,0.6842,0.8947
676,MLP,0.8947,0.8868,0.8,0.7059,0.975
677,MLP,0.8772,0.9668,0.72,0.6429,0.9535
678,MLP,0.8947,0.9529,0.85,0.8947,0.8947
679,MLP,0.8421,0.8432,0.7429,0.65,0.9459
680,MLP,0.8947,0.8904,0.7273,0.5714,1.0
681,MLP,0.7544,0.8942,0.6316,0.5714,0.8611
682,MLP,0.8772,0.9126,0.6957,0.6154,0.9545
683,MLP,0.8947,0.9729,0.8235,0.7778,0.9487
684,MLP,0.8947,0.9015,0.8,0.7059,0.975
685,MLP,0.9298,0.9973,0.8889,0.8,1.0
686,MLP,0.8421,0.8889,0.5714,0.5,0.9333
687,MLP,0.8421,0.927,0.7692,0.75,0.8919
688,MLP,0.9474,0.987,0.8889,1.0,0.9333
689,MLP,0.807,0.945,0.7317,0.6522,0.9118
690,MLP,0.8246,0.8704,0.5833,0.5833,0.8889
691,MLP,0.8596,0.9528,0.6923,0.6923,0.9091
692,MLP,0.9474,0.993,0.8889,0.9231,0.9545
693,MLP,0.8947,0.9345,0.8,0.75,0.9512
694,MLP,0.9474,0.9608,0.9189,0.85,1.0
695,MLP,0.8947,0.8846,0.8125,0.7222,0.9744
696,MLP,0.8246,0.9189,0.6875,0.55,0.973
697,MLP,0.8596,0.9425,0.8,0.6957,0.9706
698,MLP,0.8421,0.9234,0.7692,0.6818,0.9429
699,MLP,0.8421,0.9501,0.6897,0.5556,0.9744
700,MLP,0.8947,0.9619,0.8,0.8,0.9286
701,MLP,0.9298,0.9917,0.8462,0.7857,0.9767
702,MLP,0.8421,0.9788,0.8,0.72,0.9375
703,MLP,0.8947,0.9649,0.8421,0.7273,1.0
704,MLP,0.8596,0.7952,0.6923,0.6,0.9524
705,MLP,0.8421,0.8444,0.6087,0.5833,0.9111
706,MLP,0.8772,0.9901,0.8511,0.7692,0.9677
707,MLP,0.7719,0.8412,0.6486,0.7059,0.8
708,MLP,0.807,0.8,0.6452,0.5882,0.9
709,MLP,0.8947,0.906,0.8,0.6667,1.0
710,MLP,0.8421,0.897,0.6667,0.6429,0.907
711,MLP,0.8596,0.9086,0.6667,0.5714,0.9535
712,MLP,0.8772,0.9302,0.7879,0.7222,0.9487
713,MLP,0.8596,0.933,0.7333,0.6111,0.9744
714,MLP,0.8246,0.886,0.6875,0.6111,0.9231
715,MLP,0.8596,0.9211,0.75,0.6316,0.9737
716,MLP,0.8772,0.9429,0.7407,0.6667,0.9524
717,MLP,0.9298,0.9371,0.8333,0.7692,0.9773
718,MLP,0.8421,0.8785,0.7692,0.6522,0.9706
719,MLP,0.7719,0.926,0.6061,0.4545,0.9714
720,MLP,0.8246,0.8622,0.7059,0.6,0.9459
721,MLP,0.8772,0.9485,0.7742,0.7059,0.95
722,MLP,0.8947,0.9758,0.8333,0.8333,0.9231
723,MLP,0.7895,0.881,0.6667,0.5714,0.9167
724,MLP,0.7895,0.9206,0.5,0.4,0.9286
725,MLP,0.8596,0.9485,0.75,0.7059,0.925
726,MLP,0.807,0.8552,0.5926,0.5,0.9268
727,MLP,0.9123,0.9905,0.8148,0.7333,0.9762
728,MLP,0.8246,0.8662,0.6429,0.5294,0.95
729,MLP,0.8947,0.9196,0.7273,0.6154,0.9773
730,MLP,0.9123,0.946,0.8,0.6667,1.0
731,MLP,0.8421,0.9612,0.7429,0.6842,0.9211
732,MLP,0.8947,0.927,0.7857,0.7333,0.9524
733,MLP,0.8772,0.9148,0.6667,0.5833,0.9556
734,MLP,0.8421,0.9312,0.7805,0.7273,0.9143
735,MLP,0.8421,0.8369,0.6667,0.5625,0.9512
736,MLP,0.8596,0.9302,0.7647,0.7222,0.9231
737,MLP,0.9123,0.9351,0.8649,0.8,0.973
738,MLP,0.9123,0.9667,0.8,0.8333,0.9333
739,MLP,0.8772,0.7787,0.6316,0.5455,0.9565
740,MLP,0.7719,0.9392,0.6486,0.5714,0.8889
741,MLP,0.8947,0.9497,0.8421,0.7619,0.9722
742,MLP,0.8772,0.8407,0.6316,0.5,0.9778
743,MLP,0.8596,0.9563,0.7143,0.7692,0.8864
744,MLP,0.9825,0.9948,0.96,0.9231,1.0
745,MLP,0.8596,0.9482,0.75,0.75,0.9024
746,MLP,0.8947,0.8933,0.8,0.75,0.9512
747,MLP,0.9649,1.0,0.9524,0.9091,1.0
748,MLP,0.8596,0.9309,0.7895,0.6522,1.0
749,MLP,0.8772,0.9751,0.6957,0.5714,0.9767
750,MLP,0.8947,0.9321,0.8125,0.6842,1.0
751,MLP,0.8947,0.9487,0.8235,0.7778,0.9487
752,MLP,0.7719,0.9,0.6486,0.6,0.8649
753,MLP,0.8246,0.8312,0.7368,0.6364,0.9429
754,MLP,0.8421,0.927,0.7429,0.65,0.9459
755,MLP,0.8772,0.9537,0.8108,0.7143,0.9722
756,MLP,0.9298,0.99,0.8824,0.8333,0.9744
757,MLP,0.8596,0.9339,0.7895,0.7143,0.9444
758,MLP,0.8947,0.9611,0.75,0.75,0.9333
759,MLP,0.8947,0.9436,0.8,0.75,0.9512
760,MLP,0.8947,0.9527,0.8333,0.75,0.973
761,MLP,0.8246,0.9122,0.7059,0.6,0.9459
762,MLP,0.8947,0.9709,0.85,0.8095,0.9444
763,MLP,0.8947,0.9665,0.8,0.75,0.9512
764,MLP,0.9123,0.9441,0.8485,0.8235,0.95
765,MLP,0.9123,0.9651,0.7826,0.6429,1.0
766,MLP,0.8246,0.9074,0.7059,0.7059,0.875
767,MLP,0.8246,0.8832,0.7059,0.6667,0.8974
768,MLP,0.8772,0.9413,0.72,0.6,0.9762
769,MLP,0.8596,0.9474,0.75,0.6316,0.9737
770,MLP,0.8772,0.9794,0.7586,0.6471,0.975
771,MLP,0.9123,0.9931,0.8485,0.7368,1.0
772,MLP,0.807,0.9038,0.6207,0.6923,0.8409
773,MLP,0.8772,0.9127,0.72,0.6,0.9762
774,MLP,0.8421,0.8064,0.6897,0.625,0.9268
775,MLP,0.8772,0.9086,0.7407,0.7143,0.9302
776,MLP,0.9298,0.9487,0.875,0.7778,1.0
777,MLP,0.8772,0.9111,0.7586,0.7333,0.9286
778,MLP,0.8947,0.977,0.8421,0.8,0.9459
779,MLP,0.9123,0.9757,0.8649,0.8,0.973
780,MLP,0.8772,0.9416,0.8372,0.8182,0.9143
781,MLP,0.807,0.8529,0.6667,0.6471,0.875
782,MLP,0.7719,0.8952,0.6829,0.5833,0.9091
783,MLP,0.9123,0.963,0.8649,0.7619,1.0
784,MLP,0.8947,0.9387,0.8125,0.7222,0.9744
785,MLP,0.9123,0.9397,0.8148,0.7333,0.9762
786,MLP,0.9123,0.9329,0.8387,0.8125,0.9512
787,MLP,0.8772,0.961,0.8108,0.6818,1.0
788,MLP,0.807,0.9568,0.4762,0.3571,0.9535
789,MLP,0.9123,0.906,0.8485,0.7778,0.9744
790,MLP,0.9298,0.9936,0.9048,0.8261,1.0
791,MLP,0.807,0.846,0.5926,0.5,0.9268
792,MLP,0.807,0.8624,0.6857,0.5714,0.9444
793,MLP,0.8596,0.9451,0.75,0.75,0.9024
794,MLP,0.8596,0.8804,0.6667,0.5714,0.9535
795,MLP,0.9298,0.9333,0.8333,0.8333,0.9556
796,MLP,0.8947,0.9086,0.8235,0.7368,0.9737
797,MLP,0.8947,0.9459,0.8333,0.8333,0.9231
798,MLP,0.9649,0.9838,0.9412,0.9412,0.975
799,MLP,0.8947,0.913,0.7273,0.6667,0.9556
800,MLP,0.9123,0.9481,0.878,0.8182,0.9714
801,MLP,0.7895,0.849,0.6,0.5,0.9231
802,MLP,0.9123,0.9375,0.8276,0.75,0.9756
803,MLP,0.8596,0.9714,0.6923,0.6,0.9524
804,MLP,0.8596,0.9489,0.5556,0.5,0.9362
805,MLP,0.8947,0.9973,0.8235,0.7,1.0
806,MLP,0.9123,0.9759,0.8,0.8333,0.9333
807,MLP,0.8772,0.8338,0.7407,0.625,0.9756
808,MLP,0.9123,0.977,0.8718,0.85,0.9459
809,MLP,0.9123,0.9984,0.8,0.6667,1.0
810,MLP,0.9123,0.9619,0.8276,0.75,0.9756
811,MLP,0.8596,0.8994,0.7333,0.6875,0.9268
812,MLP,0.8947,0.9558,0.8,0.75,0.9512
813,MLP,0.8772,0.8543,0.4615,0.4286,0.94
814,MLP,0.9825,0.9492,0.9655,0.9333,1.0
815,MLP,0.9298,0.9941,0.8667,0.7647,1.0
816,MLP,0.8772,0.9668,0.6957,0.6154,0.9545
817,MLP,0.7719,0.8248,0.6286,0.6111,0.8462
818,MLP,0.8421,0.8706,0.6897,0.5882,0.95
819,MLP,0.8246,0.9169,0.7619,0.7273,0.8857
820,MLP,0.9298,0.9365,0.8571,0.8,0.9762
821,MLP,0.8947,0.9231,0.8235,0.7778,0.9487
822,MLP,0.8772,0.9003,0.7586,0.7857,0.907
823,MLP,0.7895,0.9174,0.625,0.5556,0.8974
824,MLP,0.8772,0.9206,0.7407,0.6667,0.9524
825,MLP,0.9123,0.9508,0.8,0.6667,1.0
826,MLP,0.7368,0.8376,0.5946,0.4783,0.9118
827,MLP,0.8772,0.91,0.7879,0.6842,0.9737
828,MLP,0.8596,0.9416,0.7333,0.6111,0.9744
829,MLP,0.9123,0.9878,0.8276,0.75,0.9756
830,MLP,0.9123,0.9397,0.8571,0.8824,0.925
831,MLP,0.9123,0.8643,0.8485,0.7368,1.0
832,MLP,0.8772,0.8759,0.6316,0.4615,1.0
833,MLP,0.8596,0.8811,0.7143,0.625,0.9512
834,MLP,0.9474,0.9745,0.8235,0.7778,0.9792
835,MLP,0.807,0.9104,0.6857,0.5455,0.9714
836,MLP,0.9123,0.9701,0.8276,0.8571,0.9302
837,MLP,0.8596,0.9241,0.6,0.5,0.9556
838,MLP,0.8947,0.9809,0.8235,0.8235,0.925
839,MLP,0.8421,0.8778,0.6667,0.6,0.9286
840,MLP,0.8772,0.9513,0.8444,0.76,0.9688
841,MLP,0.8596,0.9585,0.7333,0.7857,0.8837
842,MLP,0.9298,0.9497,0.875,0.875,0.9512
843,MLP,0.8947,0.9336,0.7692,0.7143,0.9535
844,MLP,0.8947,0.8889,0.7273,0.6667,0.9556
845,MLP,0.9649,1.0,0.9091,0.8333,1.0
846,MLP,0.807,0.9288,0.6452,0.5556,0.9231
847,MLP,0.807,0.9205,0.7556,0.7083,0.8788
848,MLP,0.8596,0.8794,0.6667,0.6154,0.9318
849,MLP,0.8596,0.9234,0.8095,0.7727,0.9143
850,MLP,0.8947,0.9405,0.7857,0.6875,0.9756
851,MLP,0.8596,0.9703,0.7647,0.65,0.973
852,MLP,0.8772,0.9189,0.7879,0.65,1.0
853,MLP,0.8772,0.8721,0.8293,0.7391,0.9706
854,MLP,0.8596,0.9266,0.6,0.4615,0.9773
855,MLP,0.8772,0.939,0.7742,0.75,0.9268
856,MLP,0.9123,0.9715,0.8485,0.7778,0.9744
857,MLP,0.9123,0.9369,0.7826,0.6429,1.0
858,MLP,0.9123,0.9704,0.7619,0.7273,0.9565
859,MLP,0.8947,0.9775,0.8421,0.7619,0.9722
860,MLP,0.8947,0.8365,0.7692,0.6667,0.9762
861,MLP,0.8947,0.91,0.8235,0.7368,0.9737
862,MLP,0.8421,0.8773,0.4706,0.4444,0.9167
863,MLP,0.9298,0.9319,0.8571,0.8571,0.9535
864,MLP,0.9474,0.99,0.8889,0.8571,0.9767
865,MLP,0.8772,0.903,0.7742,0.6316,1.0
866,MLP,0.7895,0.8818,0.6471,0.6111,0.8718
867,MLP,0.9298,0.9794,0.8571,0.8,0.9762
868,MLP,0.8947,0.9136,0.75,0.6429,0.9767
869,MLP,0.8772,0.9756,0.7879,0.8125,0.9024
870,MLP,0.9123,0.9834,0.8387,0.9286,0.907
871,MLP,0.8947,0.9378,0.8421,0.8,0.9459
872,MLP,0.807,0.7926,0.6452,0.5882,0.9
873,MLP,0.9474,0.9675,0.9268,0.8636,1.0
874,MLP,0.8947,0.9829,0.8125,0.7222,0.9744
875,MLP,0.8421,0.9432,0.7273,0.6316,0.9474
876,MLP,0.8596,0.8718,0.7778,0.7778,0.8974
877,MLP,0.8947,0.9669,0.85,0.8095,0.9444
878,MLP,0.9123,0.9828,0.8718,0.8095,0.9722
879,MLP,0.8947,0.9169,0.75,0.6429,0.9767
880,MLP,0.8947,0.9634,0.8,0.75,0.9512
881,MLP,0.8947,0.9881,0.8421,0.7619,0.9722
882,MLP,0.9298,0.9765,0.8889,0.8421,0.9737
883,MLP,0.8772,0.9662,0.7879,0.7647,0.925
884,MLP,0.9474,0.9003,0.88,0.7857,1.0
885,MLP,0.9298,0.9884,0.8462,0.7857,0.9767
886,MLP,0.8947,0.9581,0.8333,0.75,0.973
887,MLP,0.9298,0.9426,0.8667,0.7647,1.0
888,MLP,0.9123,0.9695,0.8649,0.8421,0.9474
889,MLP,0.8421,0.9044,0.7273,0.6316,0.9474
890,MLP,0.9474,0.9843,0.88,0.8462,0.9773
891,MLP,0.9123,0.9131,0.8387,0.7222,1.0
892,MLP,0.8421,0.9571,0.7097,0.7333,0.881
893,MLP,0.8421,0.9608,0.7568,0.7,0.9189
894,MLP,1.0,1.0,1.0,1.0,1.0
895,MLP,0.8947,0.9314,0.8125,0.8125,0.9268
896,MLP,0.8947,0.9629,0.85,0.7391,1.0
897,MLP,0.8246,0.9446,0.7059,0.6,0.9459
898,MLP,0.807,0.8875,0.7442,0.6957,0.8824
899,MLP,0.9123,0.8852,0.7619,0.6667,0.9778
900,MLP,0.8596,0.9193,0.8,0.7619,0.9167
901,MLP,0.8421,0.9533,0.8,0.75,0.9091
902,MLP,0.8772,0.9335,0.8108,0.7895,0.9211
903,MLP,0.9123,0.7852,0.7368,0.5833,1.0
904,MLP,0.8421,0.8989,0.7429,0.7222,0.8974
905,MLP,0.8772,0.9704,0.72,0.75,0.9111
906,MLP,0.8421,0.9238,0.7273,0.8,0.8571
907,MLP,0.807,0.8354,0.6452,0.625,0.878
908,MLP,0.8947,0.8944,0.7273,0.6667,0.9556
909,MLP,0.9298,0.9715,0.8824,0.8333,0.9744
910,MLP,0.807,0.8353,0.5926,0.4706,0.95
911,MLP,0.8772,0.9685,0.6957,0.6154,0.9545
912,MLP,0.8947,0.8853,0.8235,0.8235,0.925
913,MLP,0.8246,0.8223,0.6875,0.7857,0.8372
914,MLP,0.9474,0.9934,0.9032,1.0,0.9302
915,MLP,0.8421,0.9669,0.7429,0.619,0.9722
916,MLP,0.8947,0.9368,0.8,0.7059,0.975
917,MLP,0.8421,0.9079,0.7692,0.6522,0.9706
918,MLP,0.8246,0.85,0.7222,0.65,0.9189
919,MLP,0.9123,0.9757,0.8837,0.95,0.8919
920,MLP,0.8421,0.9024,0.7097,0.6875,0.9024
921,MLP,0.8421,0.9183,0.7568,0.7368,0.8947
922,MLP,0.8947,0.9474,0.8333,0.7895,0.9474
923,MLP,0.8596,0.9279,0.7333,0.6471,0.95
924,MLP,0.7368,0.7816,0.5714,0.4167,0.9697
925,MLP,0.8772,0.8638,0.6957,0.5714,0.9767
926,MLP,0.9123,0.9028,0.7059,0.6667,0.9583
927,MLP,0.8772,0.8873,0.7407,0.6667,0.9524
928,MLP,0.8772,0.9773,0.8372,0.75,0.9697
929,MLP,0.7719,0.8333,0.6061,0.5556,0.8718
930,MLP,0.8421,0.9131,0.7097,0.6875,0.9024
931,MLP,0.9123,0.9229,0.7619,0.7273,0.9565
932,MLP,0.8596,0.9223,0.7143,0.625,0.9512
933,MLP,0.807,0.8333,0.6207,0.6,0.881
934,MLP,0.8596,0.9338,0.7143,0.5882,0.975
935,MLP,0.8772,0.8872,0.5882,0.5,0.9574
936,MLP,0.8421,0.9573,0.6667,0.5625,0.9512
937,MLP,0.9298,0.9213,0.8462,0.8462,0.9545
938,MLP,0.8596,0.9207,0.7333,0.6875,0.9268
939,MLP,0.8596,0.9444,0.6364,0.4667,1.0
940,MLP,0.8246,0.8601,0.5,0.3846,0.9545
941,MLP,0.8947,0.9432,0.8125,0.6842,1.0
942,MLP,0.9298,0.95,0.8824,0.8824,0.95
943,MLP,0.8947,0.9429,0.7692,0.6667,0.9762
944,MLP,0.9123,0.9685,0.8,0.7692,0.9545
945,MLP,0.8772,0.9738,0.72,0.6923,0.9318
946,MLP,0.8772,0.9683,0.7586,0.7333,0.9286
947,MLP,0.8947,0.9841,0.7692,0.6667,0.9762
948,MLP,0.807,0.913,0.7442,0.7273,0.8571
949,MLP,0.8947,0.9574,0.75,0.75,0.9333
950,MLP,0.8596,0.9626,0.7647,0.6842,0.9474
951,MLP,0.8421,0.9444,0.7805,0.7619,0.8889
952,MLP,0.8772,0.9726,0.72,0.5625,1.0
953,MLP,0.8246,0.8643,0.6667,0.5263,0.9737
954,MLP,0.9825,1.0,0.9677,0.9375,1.0
955,MLP,0.8947,0.9259,0.75,0.75,0.9333
956,MLP,0.9298,0.9817,0.8667,0.8125,0.9756
957,MLP,0.9474,0.9924,0.8966,0.8125,1.0
958,MLP,0.9298,0.963,0.8462,0.9167,0.9333
959,MLP,0.9298,0.9815,0.8333,0.8333,0.9556
960,MLP,0.8421,0.8574,0.6897,0.5882,0.95
961,MLP,0.8421,0.9073,0.6087,0.5385,0.9318
962,MLP,0.9474,0.9917,0.8966,0.9286,0.9535
963,MLP,0.8421,0.8426,0.6667,0.5294,0.975
964,MLP,0.8947,0.9709,0.8333,0.7895,0.9474
965,MLP,0.9474,0.9841,0.8966,0.8667,0.9762
966,MLP,0.8246,0.9279,0.6154,0.4706,0.975
967,MLP,0.8596,0.8262,0.7143,0.625,0.9512
968,MLP,0.8947,0.8897,0.8235,0.8235,0.925
969,MLP,0.8596,0.9701,0.6364,0.5,0.9767
970,MLP,0.9474,0.9971,0.9032,0.8235,1.0
971,MLP,0.7895,0.839,0.6842,0.7222,0.8205
972,MLP,0.8596,0.9571,0.7143,0.6667,0.9286
973,MLP,0.8596,0.9238,0.7333,0.6875,0.9268
974,MLP,0.8947,0.946,0.85,0.8947,0.8947
975,MLP,0.8596,0.9405,0.6667,0.5,1.0
976,MLP,0.8772,0.9219,0.7586,0.7857,0.907
977,MLP,0.9123,0.9044,0.8387,0.7647,0.975
978,MLP,0.8596,0.9718,0.6667,0.5714,0.9535
979,MLP,0.8246,0.9347,0.8148,0.7586,0.8929
980,MLP,0.9298,0.8963,0.8571,0.75,1.0
981,MLP,0.7368,0.8632,0.5714,0.4348,0.9412
982,MLP,0.9298,0.9921,0.8,0.7273,0.9783
983,MLP,0.807,0.8838,0.6207,0.5294,0.925
984,MLP,0.9474,0.993,0.88,0.8462,0.9773
985,MLP,0.8947,0.9527,0.8333,0.75,0.973
986,MLP,0.8596,0.9206,0.7333,0.6471,0.95
987,MLP,0.9123,0.9241,0.7826,0.75,0.9556
988,MLP,0.8947,0.9431,0.85,0.8095,0.9444
989,MLP,0.8772,0.974,0.8293,0.7727,0.9429
990,MLP,0.9298,0.9859,0.9091,0.8696,0.9706
991,MLP,0.8772,0.9725,0.8511,0.8,0.9375
992,MLP,0.8246,0.8971,0.7222,0.7647,0.85
993,MLP,0.8772,0.874,0.7742,0.6316,1.0
994,MLP,0.8421,0.933,0.7097,0.6111,0.9487
995,MLP,0.8947,1.0,0.7273,0.5714,1.0
996,MLP,0.8421,0.872,0.6667,0.5625,0.9512
997,MLP,0.9123,0.9912,0.8387,0.7647,0.975
998,MLP,0.9298,0.9365,0.8571,0.8,0.9762
999,MLP,0.8596,0.9675,0.8095,0.68,1.0
1000,MLP,0.8772,0.9644,0.8,0.7778,0.9231
1,MobileNet,0.7719,0.8927,0.7234,0.7083,0.8182
2,MobileNet,0.807,0.9111,0.6667,0.7333,0.8333
3,MobileNet,0.9298,0.9921,0.8182,0.8182,0.9565
4,MobileNet,0.8596,0.9695,0.8,0.8421,0.8684
5,MobileNet,0.807,0.9197,0.7027,0.6842,0.8684
6,MobileNet,0.8947,0.9765,0.8333,0.8824,0.9
7,MobileNet,0.9298,0.9801,0.8571,0.8571,0.9535
8,MobileNet,0.8421,0.9418,0.7568,0.7368,0.8947
9,MobileNet,0.8772,0.9452,0.7586,0.7857,0.907
10,MobileNet,0.8947,0.9738,0.7857,0.8462,0.9091
11,MobileNet,0.9298,0.946,0.8889,0.8421,0.9737
12,MobileNet,0.9649,0.9723,0.9474,0.9474,0.9737
13,MobileNet,0.8947,0.9524,0.8125,0.8667,0.9048
14,MobileNet,0.807,0.9155,0.6857,0.6316,0.8947
15,MobileNet,0.8947,0.9701,0.7857,0.7857,0.9302
16,MobileNet,0.8596,0.9203,0.6923,0.6429,0.9302
17,MobileNet,0.8772,0.9786,0.7879,0.7222,0.9487
18,MobileNet,0.8596,0.9441,0.7647,0.7647,0.9
19,MobileNet,0.9123,0.9751,0.8387,0.9286,0.907
20,MobileNet,0.8246,0.9231,0.6429,0.6923,0.8636
21,MobileNet,0.9123,0.9203,0.8148,0.7857,0.9535
22,MobileNet,0.8947,0.9601,0.8,0.8571,0.907
23,MobileNet,0.8947,0.9382,0.8125,0.7647,0.95
24,MobileNet,0.8421,0.9317,0.7097,0.7333,0.881
25,MobileNet,0.9474,0.9792,0.9231,0.9474,0.9474
26,MobileNet,0.9123,0.9558,0.8387,0.8125,0.9512
27,MobileNet,0.8246,0.9316,0.7059,0.6667,0.8974
28,MobileNet,0.9123,0.9706,0.8571,0.8824,0.925
29,MobileNet,0.8772,0.9451,0.7742,0.75,0.9268
30,MobileNet,0.8947,0.9802,0.8235,0.875,0.9024
31,MobileNet,0.8596,0.9197,0.7647,0.6842,0.9474
32,MobileNet,0.8772,0.9558,0.8,0.7778,0.9231
33,MobileNet,0.8947,0.9473,0.8421,0.8889,0.8974
34,MobileNet,0.8772,0.9695,0.8108,0.9375,0.8537
35,MobileNet,0.9298,0.9851,0.8947,0.85,0.973
36,MobileNet,0.8421,0.9488,0.7273,0.6316,0.9474
37,MobileNet,0.8772,0.9587,0.7879,0.8667,0.881
38,MobileNet,0.9474,0.9811,0.9362,0.9167,0.9697
39,MobileNet,0.9649,0.9905,0.95,0.95,0.973
40,MobileNet,0.8421,0.9147,0.6897,0.5882,0.95
41,MobileNet,0.8596,0.9299,0.8,0.7619,0.9167
42,MobileNet,0.8947,0.9452,0.7692,0.7143,0.9535
43,MobileNet,0.9298,0.9954,0.8667,0.8125,0.9756
44,MobileNet,0.8947,0.9296,0.7273,0.6667,0.9556
45,MobileNet,0.8772,0.9578,0.8444,0.8261,0.9118
46,MobileNet,0.9123,0.9551,0.8276,0.8571,0.9302
47,MobileNet,0.8421,0.9432,0.7692,0.75,0.8919
48,MobileNet,0.9298,0.9809,0.8824,0.8824,0.95
49,MobileNet,0.8947,0.9612,0.8235,0.7368,0.9737
50,MobileNet,0.8421,0.9655,0.7805,0.6957,0.9412
51,MobileNet,0.9649,0.9565,0.9,0.8182,1.0
52,MobileNet,0.8947,0.9545,0.85,0.7727,0.9714
53,MobileNet,0.8596,0.9349,0.75,0.8,0.881
54,MobileNet,0.9298,0.9235,0.875,0.8235,0.975
55,MobileNet,0.9123,0.9815,0.7826,0.75,0.9556
56,MobileNet,0.8421,0.9416,0.7429,0.7222,0.8974
57,MobileNet,0.8772,0.9349,0.8108,0.7895,0.9211
58,MobileNet,0.8421,0.9269,0.7097,0.7857,0.8605
59,MobileNet,0.8947,0.954,0.8,0.8,0.9286
60,MobileNet,0.8947,0.981,0.8,0.8,0.9286
61,MobileNet,0.8421,0.9345,0.7429,0.8125,0.8537
62,MobileNet,0.8246,0.912,0.6667,0.7143,0.8605
63,MobileNet,0.8596,0.9371,0.7333,0.8462,0.8636
64,MobileNet,0.8596,0.9404,0.7778,0.7368,0.9211
65,MobileNet,0.8596,0.9528,0.6923,0.6923,0.9091
66,MobileNet,0.9298,0.9698,0.8667,0.8667,0.9524
67,MobileNet,0.8596,0.9527,0.8333,0.8696,0.8529
68,MobileNet,0.9123,0.9802,0.7619,0.7273,0.9565
69,MobileNet,0.9298,0.936,0.875,0.875,0.9512
70,MobileNet,0.8947,0.9817,0.8125,0.8125,0.9268
71,MobileNet,0.807,0.9284,0.7442,0.6957,0.8824
72,MobileNet,0.8596,0.9476,0.7647,0.8667,0.8571
73,MobileNet,0.9474,0.9737,0.9143,0.8421,1.0
74,MobileNet,0.8947,0.9669,0.8571,0.8571,0.9167
75,MobileNet,0.9123,0.9801,0.8387,0.9286,0.907
76,MobileNet,0.9825,1.0,0.963,0.9286,1.0
77,MobileNet,0.8947,0.976,0.875,0.875,0.9091
78,MobileNet,0.9123,0.9917,0.8,0.7143,0.9767
79,MobileNet,0.9649,0.9936,0.8889,0.8,1.0
80,MobileNet,0.9123,0.9889,0.7826,0.75,0.9556
81,MobileNet,0.8772,0.9616,0.8205,0.6957,1.0
82,MobileNet,0.8246,0.8963,0.6667,0.625,0.9024
83,MobileNet,0.8947,0.9511,0.85,0.8095,0.9444
84,MobileNet,0.8596,0.9622,0.7778,0.7,0.9459
85,MobileNet,0.7544,0.8892,0.5882,0.5263,0.8684
86,MobileNet,0.8947,0.9685,0.7273,0.6667,0.9556
87,MobileNet,0.9298,0.986,0.8462,0.8462,0.9545
88,MobileNet,0.8246,0.9136,0.6429,0.6429,0.8837
89,MobileNet,0.8246,0.9037,0.6875,0.7857,0.8372
90,MobileNet,0.9123,0.9545,0.8,0.7692,0.9545
91,MobileNet,0.8246,0.947,0.7826,0.75,0.8788
92,MobileNet,0.8772,0.9649,0.7879,0.8125,0.9024
93,MobileNet,0.8246,0.9386,0.7619,0.6957,0.9118
94,MobileNet,0.8947,0.9788,0.8636,0.76,1.0
95,MobileNet,0.9298,0.9487,0.8889,0.8889,0.9487
96,MobileNet,0.7895,0.859,0.625,0.5556,0.8974
97,MobileNet,0.8246,0.9223,0.7059,0.75,0.8537
98,MobileNet,0.8947,0.9446,0.8125,0.6842,1.0
99,MobileNet,0.8947,0.9787,0.8235,0.875,0.9024
100,MobileNet,0.9474,0.9802,0.9091,0.9375,0.9512
101,MobileNet,0.8246,0.9436,0.6429,0.5625,0.9268
102,MobileNet,0.8596,0.95,0.7778,0.8235,0.875
103,MobileNet,0.7895,0.9284,0.625,0.5,0.9459
104,MobileNet,0.9123,0.9834,0.8148,0.7857,0.9535
105,MobileNet,0.8772,0.9691,0.7742,0.7059,0.95
106,MobileNet,0.8772,0.934,0.6667,0.7,0.9149
107,MobileNet,0.9474,0.9744,0.9189,0.9444,0.9487
108,MobileNet,0.8947,0.9691,0.7857,0.6471,1.0
109,MobileNet,0.8596,0.9573,0.7333,0.6875,0.9268
110,MobileNet,0.8421,0.9556,0.6897,0.6667,0.9048
111,MobileNet,0.8596,0.9349,0.7143,0.6667,0.9286
112,MobileNet,0.9123,0.9345,0.8276,0.75,0.9756
113,MobileNet,0.9474,0.9778,0.9189,0.8947,0.9737
114,MobileNet,0.8421,0.9041,0.7805,0.8,0.8649
115,MobileNet,0.8947,0.9412,0.8235,0.8235,0.925
116,MobileNet,0.8772,0.9302,0.7407,0.7143,0.9302
117,MobileNet,0.8947,0.9662,0.8333,0.75,0.973
118,MobileNet,0.8596,0.9601,0.7647,0.7222,0.9231
119,MobileNet,0.8421,0.9444,0.8163,0.8333,0.8485
120,MobileNet,0.8772,0.9516,0.7879,0.7222,0.9487
121,MobileNet,0.9298,0.9915,0.8,0.8,0.9574
122,MobileNet,0.7895,0.9088,0.6471,0.6111,0.8718
123,MobileNet,0.8947,0.973,0.8333,0.75,0.973
124,MobileNet,0.7895,0.8837,0.6667,0.6316,0.8684
125,MobileNet,0.9123,0.9735,0.8718,0.8095,0.9722
126,MobileNet,0.8421,0.959,0.7907,0.8095,0.8611
127,MobileNet,0.8947,0.9784,0.7857,0.7857,0.9302
128,MobileNet,0.8772,0.9665,0.7879,0.8125,0.9024
129,MobileNet,0.8246,0.9206,0.6667,0.5882,0.925
130,MobileNet,0.9649,0.997,0.9375,0.9375,0.9756
131,MobileNet,0.9123,0.9598,0.8718,0.8947,0.9211
132,MobileNet,0.8947,0.99,0.8696,0.8,0.9688
133,MobileNet,0.9123,0.9563,0.8,0.7692,0.9545
134,MobileNet,0.9123,0.9867,0.8148,0.7857,0.9535
135,MobileNet,0.8772,0.9141,0.8,0.7368,0.9474
136,MobileNet,0.8421,0.9616,0.7692,0.7143,0.9167
137,MobileNet,0.7719,0.8823,0.6286,0.5238,0.9167
138,MobileNet,0.8772,0.9595,0.8293,0.85,0.8919
139,MobileNet,0.8772,0.9727,0.8293,0.7727,0.9429
140,MobileNet,0.9474,0.9824,0.9091,0.8824,0.975
141,MobileNet,0.8772,0.9787,0.7742,0.75,0.9268
142,MobileNet,0.8772,0.9706,0.8,0.8235,0.9
143,MobileNet,0.8596,0.9527,0.8182,0.7826,0.9118
144,MobileNet,0.8596,0.9426,0.6667,0.6667,0.9111
145,MobileNet,0.8772,0.946,0.7742,0.8,0.9048
146,MobileNet,0.8246,0.9584,0.7619,0.7273,0.8857
147,MobileNet,0.8947,0.9685,0.7273,0.6667,0.9556
148,MobileNet,0.9123,0.982,0.8571,0.7895,0.9737
149,MobileNet,0.8246,0.8745,0.4444,0.4,0.9149
150,MobileNet,0.9474,0.9695,0.9143,0.8421,1.0
151,MobileNet,0.9298,0.9464,0.75,0.75,0.9592
152,MobileNet,0.8772,0.9541,0.8293,0.85,0.8919
153,MobileNet,0.8772,0.9474,0.8108,0.7895,0.9211
154,MobileNet,0.8421,0.9612,0.7692,0.7895,0.8684
155,MobileNet,0.8421,0.9595,0.7568,0.7,0.9189
156,MobileNet,0.8772,0.9402,0.7586,0.7857,0.907
157,MobileNet,0.9474,0.9882,0.9091,0.8824,0.975
158,MobileNet,0.8947,0.9622,0.85,0.85,0.9189
159,MobileNet,0.9123,0.964,0.8649,0.8421,0.9474
160,MobileNet,0.8246,0.875,0.6667,0.5882,0.925
161,MobileNet,0.9474,0.991,0.9333,0.913,0.9706
162,MobileNet,0.8772,0.9236,0.7407,0.7143,0.9302
163,MobileNet,0.9298,0.9651,0.8667,0.8667,0.9524
164,MobileNet,0.807,0.9245,0.6667,0.6111,0.8974
165,MobileNet,0.8947,0.9476,0.7857,0.7333,0.9524
166,MobileNet,0.9298,0.9878,0.875,0.875,0.9512
167,MobileNet,0.8596,0.9471,0.8,0.7619,0.9167
168,MobileNet,0.8246,0.9143,0.7826,0.7826,0.8529
169,MobileNet,0.8596,0.9685,0.7143,0.7692,0.8864
170,MobileNet,0.9298,0.9929,0.8889,0.8889,0.9487
171,MobileNet,0.7895,0.8968,0.5385,0.4667,0.9048
172,MobileNet,0.8596,0.9378,0.8,0.7619,0.9167
173,MobileNet,0.9298,0.9831,0.9,0.8182,1.0
174,MobileNet,0.8947,0.9603,0.85,0.8095,0.9444
175,MobileNet,0.8947,0.9317,0.7857,0.7333,0.9524
176,MobileNet,0.8246,0.9284,0.6667,0.625,0.9024
177,MobileNet,0.9123,0.9545,0.7619,0.7273,0.9565
178,MobileNet,0.807,0.8952,0.6207,0.6,0.881
179,MobileNet,0.8421,0.9269,0.6897,0.7143,0.8837
180,MobileNet,0.8772,0.9466,0.7586,0.6875,0.9512
181,MobileNet,0.8772,0.9441,0.7407,0.7692,0.9091
182,MobileNet,0.8421,0.9302,0.7568,0.7778,0.8718
183,MobileNet,0.8947,0.9545,0.7273,0.7273,0.9348
184,MobileNet,0.8947,0.9336,0.7692,0.7143,0.9535
185,MobileNet,0.8772,0.9452,0.7407,0.7143,0.9302
186,MobileNet,0.8947,0.9563,0.85,0.8095,0.9444
187,MobileNet,0.807,0.9118,0.6667,0.6471,0.875
188,MobileNet,0.8246,0.9156,0.7619,0.6957,0.9118
189,MobileNet,0.9123,0.9722,0.8718,0.8095,0.9722
190,MobileNet,0.9123,0.9543,0.8387,0.8125,0.9512
191,MobileNet,0.8772,0.9577,0.8205,0.7619,0.9444
192,MobileNet,0.8947,0.9735,0.8235,0.8235,0.925
193,MobileNet,0.9123,0.9397,0.8571,0.8824,0.925
194,MobileNet,0.8596,0.9312,0.7895,0.7143,0.9444
195,MobileNet,0.9123,0.9622,0.878,0.9,0.9189
196,MobileNet,0.8772,0.9288,0.8108,0.8333,0.8974
197,MobileNet,0.8947,0.953,0.8333,0.8333,0.9231
198,MobileNet,0.9123,0.9573,0.8485,0.875,0.9268
199,MobileNet,0.8421,0.9535,0.6087,0.5,0.9535
200,MobileNet,0.8947,0.9206,0.8125,0.7647,0.95
201,MobileNet,0.8246,0.9153,0.7368,0.6667,0.9167
202,MobileNet,0.8596,0.9603,0.8095,0.8095,0.8889
203,MobileNet,0.9123,0.9486,0.7619,0.7273,0.9565
204,MobileNet,0.9298,0.9744,0.8889,0.8889,0.9487
205,MobileNet,0.8947,0.9451,0.8125,0.8125,0.9268
206,MobileNet,0.8596,0.9584,0.7778,0.7368,0.9211
207,MobileNet,0.8421,0.9515,0.7273,0.7059,0.9
208,MobileNet,0.8772,0.9392,0.8444,0.9048,0.8611
209,MobileNet,0.8947,0.9825,0.8696,0.8,0.9688
210,MobileNet,0.8947,0.9794,0.8,0.8,0.9286
211,MobileNet,0.8421,0.9243,0.7907,0.85,0.8378
212,MobileNet,0.8947,0.9309,0.8125,0.7647,0.95
213,MobileNet,0.9298,0.9397,0.8462,0.7333,1.0
214,MobileNet,0.8421,0.9681,0.7429,0.6842,0.9211
215,MobileNet,0.8596,0.9668,0.7143,0.7143,0.907
216,MobileNet,0.7895,0.8382,0.6471,0.6471,0.85
217,MobileNet,0.9123,0.9537,0.8148,0.9167,0.9111
218,MobileNet,0.8596,0.9446,0.8095,0.85,0.8649
219,MobileNet,0.9474,0.9249,0.8571,0.8182,0.9783
220,MobileNet,0.8772,0.9551,0.6957,0.5714,0.9767
221,MobileNet,0.8947,0.9701,0.8235,1.0,0.8605
222,MobileNet,0.8947,0.9543,0.8421,0.8421,0.9211
223,MobileNet,0.8596,0.971,0.75,0.75,0.9024
224,MobileNet,0.8947,0.9573,0.8125,0.7222,0.9744
225,MobileNet,0.8596,0.9511,0.8095,0.8095,0.8889
226,MobileNet,0.8596,0.9243,0.7778,0.7,0.9459
227,MobileNet,0.9123,0.9828,0.878,0.8571,0.9444
228,MobileNet,0.8772,0.9131,0.7742,0.6667,0.9744
229,MobileNet,0.8772,0.9373,0.8108,0.8333,0.8974
230,MobileNet,0.8246,0.9537,0.7368,0.6667,0.9167
231,MobileNet,0.8596,0.9558,0.7895,0.8333,0.8718
232,MobileNet,0.807,0.8776,0.5217,0.4615,0.9091
233,MobileNet,0.807,0.9149,0.7027,0.65,0.8919
234,MobileNet,0.8772,0.9412,0.8,0.8235,0.9
235,MobileNet,0.8947,0.9616,0.85,0.8095,0.9444
236,MobileNet,0.8421,0.9095,0.7692,0.75,0.8919
237,MobileNet,0.8596,0.9074,0.75,0.6667,0.9487
238,MobileNet,0.9123,0.9829,0.8571,0.8333,0.9487
239,MobileNet,0.9298,0.9861,0.9,0.9474,0.9211
240,MobileNet,0.9123,0.963,0.8387,0.7222,1.0
241,MobileNet,0.8596,0.9615,0.7778,0.7778,0.8974
242,MobileNet,0.8596,0.9532,0.8,0.7273,0.9429
243,MobileNet,0.8596,0.9615,0.8,0.8889,0.8462
244,MobileNet,0.8772,0.9529,0.7879,0.6842,0.9737
245,MobileNet,0.8772,0.9695,0.8,0.875,0.878
246,MobileNet,0.8421,0.9353,0.6897,0.7692,0.8636
247,MobileNet,0.9123,0.9903,0.8571,0.7895,0.9737
248,MobileNet,0.8421,0.9437,0.7805,0.6957,0.9412
249,MobileNet,0.8596,0.9622,0.7647,0.65,0.973
250,MobileNet,0.8596,0.94,0.8261,0.76,0.9375
251,MobileNet,0.7368,0.8422,0.5161,0.5714,0.7907
252,MobileNet,0.9298,0.9828,0.9,0.8571,0.9722
253,MobileNet,0.8772,0.9436,0.7742,0.75,0.9268
254,MobileNet,0.8421,0.963,0.7568,0.6667,0.9444
255,MobileNet,0.8421,0.9353,0.6667,0.6923,0.8864
256,MobileNet,0.8772,0.9611,0.7407,0.8333,0.8889
257,MobileNet,0.8947,0.9302,0.7692,0.7143,0.9535
258,MobileNet,0.8947,0.9635,0.8235,0.9333,0.881
259,MobileNet,0.8596,0.9405,0.8,0.7619,0.9167
260,MobileNet,0.7895,0.8926,0.6667,0.7059,0.825
261,MobileNet,0.9298,0.9556,0.8462,0.9167,0.9333
262,MobileNet,0.7719,0.8779,0.6829,0.6364,0.8571
263,MobileNet,0.8772,0.9421,0.7586,0.6875,0.9512
264,MobileNet,0.9474,0.9873,0.9032,0.9333,0.9524
265,MobileNet,0.8772,0.963,0.8293,0.8095,0.9167
266,MobileNet,0.9474,0.9923,0.8421,1.0,0.9388
267,MobileNet,0.9123,0.9662,0.878,0.8182,0.9714
268,MobileNet,0.807,0.9048,0.5926,0.5333,0.9048
269,MobileNet,0.9298,0.9737,0.8824,0.7895,1.0
270,MobileNet,0.9123,0.9466,0.7619,0.7273,0.9565
271,MobileNet,0.8947,0.9878,0.8421,0.8,0.9459
272,MobileNet,0.9298,0.9735,0.9,0.8571,0.9722
273,MobileNet,0.8772,0.9676,0.8205,0.9412,0.85
274,MobileNet,0.8772,0.907,0.7586,0.7857,0.907
275,MobileNet,0.8421,0.927,0.7273,0.6,0.973
276,MobileNet,0.9123,0.9684,0.7619,0.7273,0.9565
277,MobileNet,0.8421,0.9088,0.6897,0.5556,0.9744
278,MobileNet,0.9123,0.9815,0.7826,0.75,0.9556
279,MobileNet,0.9474,0.9853,0.9091,0.8824,0.975
280,MobileNet,0.8246,0.9363,0.7059,0.6316,0.9211
281,MobileNet,0.9123,0.9597,0.8889,0.9091,0.9143
282,MobileNet,0.8596,0.9529,0.7778,0.8235,0.875
283,MobileNet,0.9298,0.9612,0.8947,0.8947,0.9474
284,MobileNet,0.9123,0.9604,0.8387,0.8125,0.9512
285,MobileNet,0.8596,0.9365,0.7143,0.6667,0.9286
286,MobileNet,0.8772,0.9882,0.7586,0.6471,0.975
287,MobileNet,0.9298,0.9647,0.875,0.8235,0.975
288,MobileNet,0.807,0.9131,0.6667,0.6875,0.8537
289,MobileNet,0.9123,0.9915,0.8718,0.9444,0.8974
290,MobileNet,0.8772,0.9524,0.7742,0.8,0.9048
291,MobileNet,0.8596,0.9329,0.6923,0.5625,0.9756
292,MobileNet,0.8596,0.9667,0.6923,0.75,0.8889
293,MobileNet,0.8772,0.9574,0.7879,0.7647,0.925
294,MobileNet,0.8772,0.9544,0.7879,0.7647,0.925
295,MobileNet,0.8596,0.9587,0.75,0.6667,0.9487
296,MobileNet,0.9123,0.9675,0.8837,0.8636,0.9429
297,MobileNet,0.9123,0.9527,0.8387,0.8125,0.9512
298,MobileNet,0.8772,0.9771,0.7742,0.75,0.9268
299,MobileNet,0.9474,0.9665,0.9032,0.875,0.9756
300,MobileNet,0.8947,0.9726,0.8125,0.8125,0.9268
301,MobileNet,0.8772,0.9412,0.8,0.8235,0.9
302,MobileNet,0.8772,0.9468,0.7586,0.7857,0.907
303,MobileNet,0.9298,0.9823,0.92,0.9583,0.9091
304,MobileNet,0.8772,0.9618,0.7879,0.7647,0.925
305,MobileNet,0.8421,0.9392,0.7692,0.75,0.8919
306,MobileNet,0.9123,0.9751,0.8485,0.7368,1.0
307,MobileNet,0.8947,0.9544,0.8421,0.9412,0.875
308,MobileNet,0.7895,0.9193,0.6667,0.5714,0.9167
309,MobileNet,0.9474,0.9867,0.8889,0.8571,0.9767
310,MobileNet,0.7895,0.9087,0.7273,0.7619,0.8056
311,MobileNet,0.807,0.9378,0.7027,0.619,0.9167
312,MobileNet,0.8947,0.9527,0.8125,0.8125,0.9268
313,MobileNet,0.9298,0.9889,0.8824,0.7895,1.0
314,MobileNet,0.9123,0.9574,0.7368,0.7,0.9574
315,MobileNet,0.8947,0.972,0.75,0.6923,0.9545
316,MobileNet,0.9474,1.0,0.88,1.0,0.9348
317,MobileNet,0.8772,0.913,0.6957,0.6667,0.9333
318,MobileNet,0.8596,0.9413,0.7333,0.7333,0.9048
319,MobileNet,0.8246,0.946,0.75,0.7895,0.8421
320,MobileNet,0.8947,0.9492,0.8,0.8,0.9286
321,MobileNet,0.8947,0.9821,0.8636,0.8261,0.9412
322,MobileNet,0.9123,0.9893,0.8387,0.8125,0.9512
323,MobileNet,0.8246,0.9176,0.7619,0.8,0.8378
324,MobileNet,0.9298,0.9615,0.8889,0.8889,0.9487
325,MobileNet,0.807,0.9182,0.7556,0.7391,0.8529
326,MobileNet,0.8947,0.9574,0.8235,0.8235,0.925
327,MobileNet,0.8596,0.9399,0.8095,0.7391,0.9412
328,MobileNet,0.9123,0.9604,0.8387,0.8125,0.9512
329,MobileNet,0.8596,0.9649,0.7333,0.6875,0.9268
330,MobileNet,0.9298,0.9821,0.9091,0.8696,0.9706
331,MobileNet,0.8421,0.9714,0.7429,0.5909,1.0
332,MobileNet,0.9474,0.9524,0.9032,0.9333,0.9524
333,MobileNet,0.8947,0.9458,0.8571,0.8571,0.9167
334,MobileNet,0.8772,0.9259,0.8444,0.9048,0.8611
335,MobileNet,0.8596,0.9588,0.6923,0.5625,0.9756
336,MobileNet,0.8947,0.9635,0.7857,0.7333,0.9524
337,MobileNet,0.8947,0.9868,0.8421,0.7619,0.9722
338,MobileNet,0.9123,0.9912,0.8571,0.8824,0.925
339,MobileNet,0.8947,0.9587,0.8125,0.7222,0.9744
340,MobileNet,0.8947,0.95,0.85,0.85,0.9189
341,MobileNet,0.8772,0.9778,0.8,0.7368,0.9474
342,MobileNet,0.8947,0.9701,0.8125,0.9286,0.8837
343,MobileNet,0.8596,0.9012,0.6923,0.8182,0.8696
344,MobileNet,0.8596,0.943,0.7647,0.7222,0.9231
345,MobileNet,0.8421,0.9297,0.7692,0.75,0.8919
346,MobileNet,0.807,0.8521,0.6667,0.6875,0.8537
347,MobileNet,0.8947,0.9893,0.7857,0.6875,0.9756
348,MobileNet,0.8947,0.9701,0.85,0.7727,0.9714
349,MobileNet,0.8947,0.9487,0.8333,0.8333,0.9231
350,MobileNet,0.9474,0.9945,0.9189,0.8947,0.9737
351,MobileNet,0.8596,0.9329,0.75,0.75,0.9024
352,MobileNet,0.8421,0.8741,0.64,0.6154,0.9091
353,MobileNet,0.7544,0.8919,0.5882,0.5,0.8919
354,MobileNet,0.8772,0.9556,0.7879,0.8667,0.881
355,MobileNet,0.9649,0.9984,0.9286,0.8667,1.0
356,MobileNet,0.807,0.9429,0.6667,0.7333,0.8333
357,MobileNet,0.8421,0.9473,0.7273,0.6667,0.9231
358,MobileNet,0.807,0.9404,0.7027,0.6842,0.8684
359,MobileNet,0.9298,0.9962,0.9091,0.8333,1.0
360,MobileNet,0.8246,0.899,0.7826,0.7826,0.8529
361,MobileNet,0.8421,0.939,0.7907,0.7727,0.8857
362,MobileNet,0.8421,0.9524,0.7568,0.6667,0.9444
363,MobileNet,0.8246,0.9335,0.75,0.6522,0.9412
364,MobileNet,0.8947,0.9738,0.7692,0.7692,0.9318
365,MobileNet,0.9123,0.9825,0.8276,0.9231,0.9091
366,MobileNet,0.8947,0.9767,0.75,0.6429,0.9767
367,MobileNet,0.9649,0.9895,0.9231,0.9231,0.9773
368,MobileNet,0.9123,0.9746,0.8387,0.8667,0.9286
369,MobileNet,0.9123,0.993,0.8387,1.0,0.8864
370,MobileNet,0.8596,0.966,0.5556,0.5,0.9362
371,MobileNet,0.9649,0.9945,0.9444,0.8947,1.0
372,MobileNet,0.8947,0.9257,0.8333,0.75,0.973
373,MobileNet,0.8596,0.8974,0.7778,0.7778,0.8974
374,MobileNet,0.7719,0.903,0.6286,0.5789,0.8684
375,MobileNet,0.8947,0.9603,0.8235,0.8235,0.925
376,MobileNet,0.9474,0.9972,0.9143,0.8889,0.9744
377,MobileNet,0.807,0.9381,0.6667,0.7333,0.8333
378,MobileNet,0.8772,0.9288,0.8108,0.8333,0.8974
379,MobileNet,0.9298,0.9743,0.8889,0.8,1.0
380,MobileNet,0.8947,0.977,0.8636,0.8261,0.9412
381,MobileNet,0.8596,0.9369,0.7143,0.7143,0.907
382,MobileNet,0.8246,0.9476,0.5833,0.5385,0.9091
383,MobileNet,0.8772,0.9427,0.6957,0.7273,0.913
384,MobileNet,0.7719,0.9156,0.7451,0.7308,0.8065
385,MobileNet,0.9474,0.9939,0.9091,0.9375,0.9512
386,MobileNet,0.8421,0.9284,0.7097,0.6875,0.9024
387,MobileNet,0.8947,0.9191,0.8,0.7059,0.975
388,MobileNet,0.9474,0.993,0.88,0.8462,0.9773
389,MobileNet,0.8596,0.9369,0.7333,0.7857,0.8837
390,MobileNet,0.8596,0.9103,0.6923,0.6429,0.9302
391,MobileNet,0.7544,0.9233,0.65,0.619,0.8333
392,MobileNet,0.8596,0.9487,0.7895,0.8333,0.8718
393,MobileNet,0.9123,0.9794,0.8,0.6667,1.0
394,MobileNet,0.8596,0.9715,0.7895,0.8333,0.8718
395,MobileNet,0.9123,0.9529,0.8649,0.8421,0.9474
396,MobileNet,0.8596,0.9074,0.75,0.7059,0.925
397,MobileNet,0.8596,0.9669,0.7778,0.6667,0.9722
398,MobileNet,0.9649,0.9943,0.9412,0.8889,1.0
399,MobileNet,0.9474,0.9956,0.9091,0.8824,0.975
400,MobileNet,0.8947,0.9921,0.8333,1.0,0.8571
401,MobileNet,0.8772,0.9784,0.7407,0.7143,0.9302
402,MobileNet,0.8246,0.8994,0.6667,0.625,0.9024
403,MobileNet,0.8947,0.9588,0.7692,0.625,1.0
404,MobileNet,0.807,0.9535,0.6857,0.8571,0.7907
405,MobileNet,0.8947,0.9706,0.8636,0.8261,0.9412
406,MobileNet,0.7895,0.8918,0.6471,0.6875,0.8293
407,MobileNet,0.8421,0.95,0.7273,0.7059,0.9
408,MobileNet,0.8947,0.9501,0.8636,0.8261,0.9412
409,MobileNet,0.8596,0.9494,0.8095,0.7727,0.9143
410,MobileNet,0.9298,0.9784,0.8889,0.8,1.0
411,MobileNet,0.9298,0.9765,0.8889,0.9412,0.925
412,MobileNet,0.7895,0.9418,0.6471,0.5789,0.8947
413,MobileNet,0.9123,0.9762,0.8718,0.8095,0.9722
414,MobileNet,0.8596,0.9402,0.7778,0.7778,0.8974
415,MobileNet,0.8772,0.9388,0.7586,0.8462,0.8864
416,MobileNet,0.8947,0.9085,0.8125,0.8125,0.9268
417,MobileNet,0.8772,0.9584,0.8108,0.7895,0.9211
418,MobileNet,0.8947,0.9597,0.8571,0.8182,0.9429
419,MobileNet,0.8596,0.9413,0.7333,0.7333,0.9048
420,MobileNet,0.9123,0.9635,0.8148,0.7857,0.9535
421,MobileNet,0.8772,0.9568,0.8293,0.85,0.8919
422,MobileNet,0.9123,0.9838,0.8718,0.85,0.9459
423,MobileNet,0.8947,0.9706,0.8421,0.9412,0.875
424,MobileNet,0.9825,0.9986,0.973,1.0,0.9744
425,MobileNet,0.9123,0.9643,0.8837,0.9048,0.9167
426,MobileNet,0.9123,0.9518,0.8148,0.7857,0.9535
427,MobileNet,0.8947,0.9775,0.8571,0.8571,0.9167
428,MobileNet,0.9298,0.9895,0.8462,0.8462,0.9545
429,MobileNet,0.8596,0.9103,0.75,0.6667,0.9487
430,MobileNet,0.9123,0.9709,0.8889,0.9524,0.8889
431,MobileNet,0.9298,0.9808,0.913,0.913,0.9412
432,MobileNet,0.8421,0.9231,0.6667,0.6923,0.8864
433,MobileNet,0.8596,0.936,0.7333,0.6875,0.9268
434,MobileNet,0.9298,0.9897,0.875,0.8235,0.975
435,MobileNet,0.8421,0.8912,0.7429,0.7647,0.875
436,MobileNet,0.8772,0.9757,0.8205,0.8,0.9189
437,MobileNet,0.9123,0.9527,0.8485,0.875,0.9268
438,MobileNet,0.7895,0.8944,0.5385,0.5833,0.8444
439,MobileNet,0.8772,0.9649,0.8108,0.75,0.9459
440,MobileNet,0.8246,0.9468,0.6875,0.7857,0.8372
441,MobileNet,0.9298,0.9676,0.875,0.8235,0.975
442,MobileNet,0.8772,0.965,0.7586,0.8462,0.8864
443,MobileNet,0.8947,0.946,0.8421,0.8421,0.9211
444,MobileNet,0.8596,0.9382,0.7895,0.8824,0.85
445,MobileNet,0.8421,0.9191,0.7273,0.7059,0.9
446,MobileNet,0.8246,0.9063,0.6667,0.6667,0.881
447,MobileNet,0.8947,0.9721,0.8235,0.8235,0.925
448,MobileNet,0.9123,0.9524,0.8387,0.8667,0.9286
449,MobileNet,0.9123,0.9824,0.8571,0.8824,0.925
450,MobileNet,0.7368,0.8889,0.5946,0.4583,0.9394
451,MobileNet,0.8772,0.9675,0.8205,0.7273,0.9714
452,MobileNet,0.8421,0.9224,0.7273,0.6316,0.9474
453,MobileNet,0.9298,0.9939,0.8571,0.75,1.0
454,MobileNet,0.8421,0.9501,0.7429,0.7222,0.8974
455,MobileNet,0.9474,0.995,0.8966,0.9286,0.9535
456,MobileNet,0.7895,0.9147,0.6667,0.7059,0.825
457,MobileNet,0.8421,0.9176,0.7273,0.7059,0.9
458,MobileNet,0.9123,0.9558,0.8387,0.7222,1.0
459,MobileNet,0.8596,0.9662,0.75,0.7059,0.925
460,MobileNet,0.8246,0.9236,0.5455,0.4286,0.9535
461,MobileNet,0.8246,0.9468,0.7619,0.7273,0.8857
462,MobileNet,0.9123,0.9687,0.8571,0.8333,0.9487
463,MobileNet,0.8596,0.8986,0.7895,0.75,0.9189
464,MobileNet,0.8596,0.9514,0.8095,0.7391,0.9412
465,MobileNet,0.7895,0.9224,0.6667,0.6316,0.8684
466,MobileNet,0.8947,0.9577,0.85,0.8095,0.9444
467,MobileNet,0.8421,0.954,0.7097,0.7333,0.881
468,MobileNet,0.8246,0.9286,0.75,0.6818,0.9143
469,MobileNet,0.8947,0.9516,0.8235,0.7778,0.9487
470,MobileNet,0.8772,0.973,0.7586,0.7333,0.9286
471,MobileNet,0.807,0.9405,0.6857,0.75,0.8293
472,MobileNet,0.9123,0.9917,0.8649,0.8421,0.9474
473,MobileNet,0.8596,0.9246,0.8,0.7619,0.9167
474,MobileNet,0.8421,0.953,0.7692,0.8333,0.8462
475,MobileNet,0.9474,0.9944,0.8889,1.0,0.9333
476,MobileNet,0.9298,0.9458,0.8333,0.7692,0.9773
477,MobileNet,0.9474,0.9825,0.8966,0.8667,0.9762
478,MobileNet,0.8772,0.9402,0.72,0.6429,0.9535
479,MobileNet,0.807,0.9161,0.5926,0.6154,0.8636
480,MobileNet,0.8947,0.9405,0.8125,0.8125,0.9268
481,MobileNet,0.9123,0.954,0.8276,0.8,0.9524
482,MobileNet,0.9474,0.9806,0.9143,0.8421,1.0
483,MobileNet,0.8596,0.964,0.8182,0.6923,1.0
484,MobileNet,0.8421,0.9324,0.7692,0.75,0.8919
485,MobileNet,0.8947,0.9735,0.8125,0.7647,0.95
486,MobileNet,0.9123,0.9648,0.7826,0.75,0.9556
487,MobileNet,0.8596,0.953,0.7778,0.7778,0.8974
488,MobileNet,0.8772,0.9252,0.7407,0.7143,0.9302
489,MobileNet,0.9298,0.9787,0.8182,0.9,0.9362
490,MobileNet,0.807,0.8956,0.6667,0.6471,0.875
491,MobileNet,0.807,0.927,0.6667,0.55,0.9459
492,MobileNet,0.8772,0.9471,0.8293,0.8095,0.9167
493,MobileNet,0.8772,0.9544,0.7742,0.7059,0.95
494,MobileNet,0.9474,0.9956,0.9091,0.8824,0.975
495,MobileNet,0.8421,0.9543,0.7429,0.8125,0.8537
496,MobileNet,0.8947,0.9801,0.7692,0.7143,0.9535
497,MobileNet,0.9298,0.9506,0.8182,0.8182,0.9565
498,MobileNet,0.8596,0.9587,0.7647,0.7222,0.9231
499,MobileNet,0.8772,0.9412,0.7879,0.7647,0.925
500,MobileNet,0.9123,0.9601,0.8571,0.8333,0.9487
501,MobileNet,0.9474,0.996,0.8696,0.9091,0.9565
502,MobileNet,0.9123,0.9558,0.8649,0.8889,0.9231
503,MobileNet,0.8421,0.9207,0.8,0.7826,0.8824
504,MobileNet,0.807,0.8917,0.7027,0.7222,0.8462
505,MobileNet,0.807,0.8797,0.766,0.6923,0.9032
506,MobileNet,0.8772,0.9338,0.8108,0.8824,0.875
507,MobileNet,0.807,0.963,0.6452,0.5556,0.9231
508,MobileNet,0.8596,0.953,0.7647,0.7222,0.9231
509,MobileNet,0.9123,0.9446,0.8571,0.7895,0.9737
510,MobileNet,0.9123,0.9723,0.8649,0.8421,0.9474
511,MobileNet,0.8246,0.9027,0.7222,0.65,0.9189
512,MobileNet,0.8947,0.927,0.85,0.85,0.9189
513,MobileNet,0.8596,0.9537,0.7895,0.7143,0.9444
514,MobileNet,0.9123,0.9974,0.878,0.7826,1.0
515,MobileNet,0.9123,0.9388,0.8,0.7692,0.9545
516,MobileNet,0.8947,0.9206,0.7857,0.7333,0.9524
517,MobileNet,0.8246,0.9252,0.7059,0.6316,0.9211
518,MobileNet,0.9298,0.9882,0.8824,0.8824,0.95
519,MobileNet,0.8596,0.9584,0.8095,0.7727,0.9143
520,MobileNet,0.8421,0.9252,0.6897,0.7143,0.8837
521,MobileNet,0.8421,0.939,0.7692,0.6818,0.9429
522,MobileNet,0.9298,0.9833,0.8462,0.9167,0.9333
523,MobileNet,0.8772,0.9432,0.7742,0.6316,1.0
524,MobileNet,0.8421,0.8887,0.7097,0.7857,0.8605
525,MobileNet,0.9123,0.9766,0.8889,0.9091,0.9143
526,MobileNet,0.9123,0.9741,0.8276,0.75,0.9756
527,MobileNet,0.8947,0.887,0.7692,0.7143,0.9535
528,MobileNet,0.8596,0.9219,0.7333,0.7857,0.8837
529,MobileNet,0.8421,0.9551,0.7097,0.7857,0.8605
530,MobileNet,0.8947,0.9581,0.8636,0.95,0.8649
531,MobileNet,0.8947,0.9514,0.85,0.85,0.9189
532,MobileNet,0.8421,0.9416,0.7692,0.6818,0.9429
533,MobileNet,0.7895,0.8638,0.6667,0.5714,0.9167
534,MobileNet,0.9298,0.9809,0.8824,0.8824,0.95
535,MobileNet,0.8596,0.9127,0.6923,0.6,0.9524
536,MobileNet,0.8947,0.9618,0.7692,0.7143,0.9535
537,MobileNet,0.9123,0.9315,0.7619,0.6667,0.9778
538,MobileNet,0.8421,0.9407,0.6667,0.75,0.8667
539,MobileNet,0.9474,0.9972,0.9091,0.8333,1.0
540,MobileNet,0.8947,0.9468,0.7692,0.7143,0.9535
541,MobileNet,0.8947,0.9458,0.7857,0.8462,0.9091
542,MobileNet,0.8421,0.9426,0.6897,0.5882,0.95
543,MobileNet,0.8947,0.9665,0.8,0.75,0.9512
544,MobileNet,0.8947,0.9626,0.8421,0.8421,0.9211
545,MobileNet,0.9123,0.9651,0.8276,0.8,0.9524
546,MobileNet,0.9298,0.9895,0.8462,0.8462,0.9545
547,MobileNet,0.8596,0.9716,0.7778,0.7,0.9459
548,MobileNet,0.9474,0.9947,0.9268,0.9048,0.9722
549,MobileNet,0.8596,0.9635,0.7333,0.7333,0.9048
550,MobileNet,0.9649,0.996,0.95,0.9048,1.0
551,MobileNet,0.8246,0.9252,0.7368,0.7368,0.8684
552,MobileNet,0.8947,0.9778,0.8125,0.8667,0.9048
553,MobileNet,0.8421,0.9207,0.7273,0.75,0.878
554,MobileNet,0.8772,0.9588,0.7586,0.6875,0.9512
555,MobileNet,0.807,0.9444,0.7179,0.6667,0.8889
556,MobileNet,0.7368,0.8486,0.5946,0.55,0.8378
557,MobileNet,0.8772,0.9458,0.7586,0.8462,0.8864
558,MobileNet,0.9123,0.9853,0.8485,0.8235,0.95
559,MobileNet,0.8772,0.9529,0.8108,0.7895,0.9211
560,MobileNet,0.807,0.9087,0.6857,0.5714,0.9444
561,MobileNet,0.8421,0.8875,0.6897,0.5556,0.9744
562,MobileNet,0.9298,0.99,0.875,1.0,0.907
563,MobileNet,0.9123,0.9787,0.7826,0.9,0.9149
564,MobileNet,0.9825,0.9755,0.96,0.9231,1.0
565,MobileNet,0.8947,0.9253,0.7857,0.6875,0.9756
566,MobileNet,0.8596,0.9258,0.8261,0.8261,0.8824
567,MobileNet,0.9649,0.9895,0.9231,0.9231,0.9773
568,MobileNet,0.9298,0.9889,0.8462,0.9167,0.9333
569,MobileNet,0.7895,0.9183,0.6842,0.6842,0.8421
570,MobileNet,0.9123,0.9794,0.8485,0.8235,0.95
571,MobileNet,0.8947,0.9875,0.8235,0.7368,0.9737
572,MobileNet,0.8947,0.9701,0.8125,0.9286,0.8837
573,MobileNet,0.8596,0.907,0.7333,0.7857,0.8837
574,MobileNet,0.9298,0.9801,0.8571,0.8571,0.9535
575,MobileNet,0.8421,0.9231,0.7568,0.7778,0.8718
576,MobileNet,0.9123,0.9429,0.8276,0.8,0.9524
577,MobileNet,0.807,0.928,0.7442,0.8421,0.7895
578,MobileNet,0.807,0.8721,0.5926,0.5714,0.8837
579,MobileNet,0.9298,0.9929,0.8824,0.8333,0.9744
580,MobileNet,0.8947,0.9832,0.8235,0.875,0.9024
581,MobileNet,0.807,0.9177,0.6452,0.625,0.878
582,MobileNet,0.8947,0.9259,0.7273,0.6667,0.9556
583,MobileNet,0.8421,0.8741,0.64,0.6667,0.8889
584,MobileNet,0.9474,0.9893,0.9091,0.9375,0.9512
585,MobileNet,0.9474,0.9834,0.9032,1.0,0.9302
586,MobileNet,0.9298,0.9388,0.8462,0.8462,0.9545
587,MobileNet,0.9123,0.9715,0.8718,0.9444,0.8974
588,MobileNet,0.8596,0.8906,0.7895,0.7895,0.8947
589,MobileNet,0.8772,0.9559,0.7879,0.7647,0.925
590,MobileNet,0.9123,0.9844,0.8889,0.9091,0.9143
591,MobileNet,0.8772,0.9506,0.8444,0.8636,0.8857
592,MobileNet,0.9649,0.9882,0.9412,0.9412,0.975
593,MobileNet,0.8596,0.9143,0.8,0.7273,0.9429
594,MobileNet,0.8596,0.9662,0.75,0.7059,0.925
595,MobileNet,0.8596,0.9359,0.7647,0.7222,0.9231
596,MobileNet,0.8421,0.9432,0.7692,0.7895,0.8684
597,MobileNet,0.8596,0.9431,0.8095,0.8095,0.8889
598,MobileNet,0.8596,0.9518,0.6667,0.5714,0.9535
599,MobileNet,0.9825,1.0,0.9474,0.9,1.0
600,MobileNet,0.9474,0.9878,0.9091,0.9375,0.9512
601,MobileNet,0.807,0.9175,0.6207,0.6,0.881
602,MobileNet,0.9298,0.9746,0.8667,0.8667,0.9524
603,MobileNet,0.9298,0.9794,0.8824,0.8824,0.95
604,MobileNet,0.8772,0.951,0.6957,0.6154,0.9545
605,MobileNet,0.8596,0.9382,0.75,0.7059,0.925
606,MobileNet,0.8947,0.9474,0.8333,0.7895,0.9474
607,MobileNet,0.8947,0.9619,0.8235,0.875,0.9024
608,MobileNet,0.9123,0.953,0.8571,0.8333,0.9487
609,MobileNet,0.7719,0.8914,0.6977,0.625,0.8788
610,MobileNet,0.8947,0.9206,0.7692,0.6667,0.9762
611,MobileNet,0.8421,0.9103,0.7097,0.6471,0.925
612,MobileNet,0.8947,0.9544,0.8125,0.7647,0.95
613,MobileNet,0.9123,0.9588,0.8485,0.8235,0.95
614,MobileNet,0.8246,0.9103,0.75,0.8824,0.8
615,MobileNet,0.9123,0.9695,0.8276,0.75,0.9756
616,MobileNet,0.9123,0.9662,0.8387,0.7647,0.975
617,MobileNet,0.8246,0.9402,0.6429,0.6429,0.8837
618,MobileNet,0.8421,0.9059,0.7429,0.7647,0.875
619,MobileNet,0.8772,0.9017,0.8108,0.7895,0.9211
620,MobileNet,0.807,0.9299,0.7317,0.6818,0.8857
621,MobileNet,0.8596,0.8619,0.6364,0.5385,0.9545
622,MobileNet,0.8947,0.9681,0.8421,0.8421,0.9211
623,MobileNet,0.7895,0.9364,0.6842,0.5909,0.9143
624,MobileNet,0.9298,0.9919,0.9,0.9,0.9459
625,MobileNet,0.9123,0.9559,0.8571,0.8824,0.925
626,MobileNet,0.9825,0.9822,0.9524,0.9091,1.0
627,MobileNet,0.8772,0.9511,0.8205,0.7619,0.9444
628,MobileNet,0.8772,0.9406,0.7407,0.7692,0.9091
629,MobileNet,0.8421,0.9493,0.7097,0.8462,0.8409
630,MobileNet,0.8947,0.9718,0.7857,0.7857,0.9302
631,MobileNet,0.8246,0.877,0.7368,0.6667,0.9167
632,MobileNet,0.7193,0.8049,0.5,0.5,0.8049
633,MobileNet,0.8772,0.9213,0.7407,0.7692,0.9091
634,MobileNet,0.8772,0.9684,0.6957,0.7273,0.913
635,MobileNet,0.9474,0.9784,0.9231,0.9,0.973
636,MobileNet,0.8772,0.9676,0.7879,0.7647,0.925
637,MobileNet,0.9123,0.9619,0.8387,0.8667,0.9286
638,MobileNet,0.9474,0.9578,0.9333,0.913,0.9706
639,MobileNet,0.8772,0.9485,0.8108,0.8824,0.875
640,MobileNet,0.8947,0.9723,0.8421,0.8421,0.9211
641,MobileNet,0.8421,0.9162,0.7429,0.8125,0.8537
642,MobileNet,0.9298,0.9649,0.875,0.875,0.9512
643,MobileNet,0.8421,0.9441,0.7273,0.7059,0.9
644,MobileNet,0.9474,0.9972,0.9143,0.8421,1.0
645,MobileNet,0.8947,0.9619,0.8125,0.8125,0.9268
646,MobileNet,0.9123,0.9834,0.8276,0.8571,0.9302
647,MobileNet,0.8421,0.907,0.6667,0.5625,0.9512
648,MobileNet,0.9123,0.9788,0.8837,0.9048,0.9167
649,MobileNet,0.8772,0.9558,0.7879,0.7222,0.9487
650,MobileNet,0.8772,0.9497,0.7879,0.8125,0.9024
651,MobileNet,0.8947,0.9598,0.8421,0.8421,0.9211
652,MobileNet,0.8947,0.9416,0.8333,0.8333,0.9231
653,MobileNet,0.9298,0.9735,0.8889,0.9412,0.925
654,MobileNet,0.7719,0.9039,0.6667,0.5909,0.8857
655,MobileNet,0.8596,0.9074,0.7647,0.7222,0.9231
656,MobileNet,0.8246,0.8956,0.6667,0.5882,0.925
657,MobileNet,0.9123,0.9689,0.878,0.9,0.9189
658,MobileNet,0.9298,0.9695,0.875,0.875,0.9512
659,MobileNet,0.8246,0.9259,0.7368,0.6667,0.9167
660,MobileNet,0.8596,0.9432,0.7778,0.7368,0.9211
661,MobileNet,0.8246,0.8917,0.6667,0.5556,0.9487
662,MobileNet,0.9474,0.9926,0.9091,0.8824,0.975
663,MobileNet,0.8772,0.9689,0.8205,0.8,0.9189
664,MobileNet,0.807,0.8647,0.6667,0.6471,0.875
665,MobileNet,0.8772,0.9801,0.7879,0.9286,0.8605
666,MobileNet,0.8772,0.9441,0.8,0.8235,0.9
667,MobileNet,0.8421,0.9185,0.6667,0.75,0.8667
668,MobileNet,0.8947,0.9545,0.85,0.7727,0.9714
669,MobileNet,0.9123,0.9658,0.8571,0.8333,0.9487
670,MobileNet,0.8947,0.9528,0.75,0.6923,0.9545
671,MobileNet,0.9474,0.9797,0.9268,0.95,0.9459
672,MobileNet,0.8246,0.9202,0.7059,0.6667,0.8974
673,MobileNet,0.8596,0.9235,0.7333,0.6471,0.95
674,MobileNet,0.8947,0.9792,0.8333,0.7895,0.9474
675,MobileNet,0.8596,0.9307,0.7895,0.7895,0.8947
676,MobileNet,0.8947,0.9809,0.8125,0.7647,0.95
677,MobileNet,0.8772,0.9419,0.7407,0.7143,0.9302
678,MobileNet,0.8772,0.9668,0.8293,0.8947,0.8684
679,MobileNet,0.7895,0.9297,0.6842,0.65,0.8649
680,MobileNet,0.8772,0.8754,0.6957,0.5714,0.9767
681,MobileNet,0.7544,0.914,0.6316,0.5714,0.8611
682,MobileNet,0.8772,0.9196,0.72,0.6923,0.9318
683,MobileNet,0.9298,0.9701,0.8889,0.8889,0.9487
684,MobileNet,0.9123,0.9838,0.8387,0.7647,0.975
685,MobileNet,0.8947,0.9514,0.8421,0.8,0.9459
686,MobileNet,0.8246,0.8741,0.5455,0.5,0.9111
687,MobileNet,0.8246,0.8986,0.75,0.75,0.8649
688,MobileNet,0.9123,0.9907,0.8276,1.0,0.8889
689,MobileNet,0.8772,0.9514,0.8444,0.8261,0.9118
690,MobileNet,0.8596,0.9407,0.6923,0.75,0.8889
691,MobileNet,0.8421,0.8846,0.6667,0.6923,0.8864
692,MobileNet,0.9649,0.9965,0.9286,1.0,0.9545
693,MobileNet,0.9298,0.9863,0.8824,0.9375,0.9268
694,MobileNet,0.9123,0.973,0.8718,0.85,0.9459
695,MobileNet,0.8596,0.9487,0.7647,0.7222,0.9231
696,MobileNet,0.8596,0.9473,0.7647,0.65,0.973
697,MobileNet,0.8947,0.9859,0.8571,0.7826,0.9706
698,MobileNet,0.807,0.9481,0.7317,0.6818,0.8857
699,MobileNet,0.8772,0.9672,0.7742,0.6667,0.9744
700,MobileNet,0.8772,0.9492,0.7742,0.8,0.9048
701,MobileNet,0.9298,0.985,0.8667,0.9286,0.9302
702,MobileNet,0.8947,0.9412,0.88,0.88,0.9062
703,MobileNet,0.9123,0.9714,0.8718,0.7727,1.0
704,MobileNet,0.8772,0.9651,0.7407,0.6667,0.9524
705,MobileNet,0.807,0.9315,0.5926,0.6667,0.8444
706,MobileNet,0.9123,0.9851,0.898,0.8462,0.9677
707,MobileNet,0.7544,0.9118,0.65,0.7647,0.75
708,MobileNet,0.7895,0.9044,0.6471,0.6471,0.85
709,MobileNet,0.9123,0.9658,0.8387,0.7222,1.0
710,MobileNet,0.8596,0.9568,0.7143,0.7143,0.907
711,MobileNet,0.9123,0.9402,0.8148,0.7857,0.9535
712,MobileNet,0.9298,0.9573,0.8889,0.8889,0.9487
713,MobileNet,0.8772,0.9259,0.7879,0.7222,0.9487
714,MobileNet,0.8772,0.9658,0.8,0.7778,0.9231
715,MobileNet,0.8421,0.9474,0.7273,0.6316,0.9474
716,MobileNet,0.8596,0.9429,0.7333,0.7333,0.9048
717,MobileNet,0.8772,0.9301,0.7407,0.7692,0.9091
718,MobileNet,0.807,0.9233,0.7317,0.6522,0.9118
719,MobileNet,0.807,0.8636,0.7027,0.5909,0.9429
720,MobileNet,0.807,0.9311,0.6857,0.6,0.9189
721,MobileNet,0.8772,0.9618,0.8,0.8235,0.9
722,MobileNet,0.8772,0.9601,0.8108,0.8333,0.8974
723,MobileNet,0.807,0.9074,0.7027,0.619,0.9167
724,MobileNet,0.807,0.9143,0.5926,0.5333,0.9048
725,MobileNet,0.8596,0.9515,0.7647,0.7647,0.9
726,MobileNet,0.8246,0.9177,0.6429,0.5625,0.9268
727,MobileNet,0.8947,0.9333,0.7857,0.7333,0.9524
728,MobileNet,0.8246,0.9515,0.6875,0.6471,0.9
729,MobileNet,0.8947,0.958,0.75,0.6923,0.9545
730,MobileNet,0.8947,0.9556,0.7857,0.7333,0.9524
731,MobileNet,0.8421,0.9377,0.7429,0.6842,0.9211
732,MobileNet,0.8947,0.9571,0.8,0.8,0.9286
733,MobileNet,0.8947,0.9222,0.75,0.75,0.9333
734,MobileNet,0.8596,0.9325,0.8095,0.7727,0.9143
735,MobileNet,0.807,0.936,0.6207,0.5625,0.9024
736,MobileNet,0.8772,0.9288,0.8,0.7778,0.9231
737,MobileNet,0.8947,0.9838,0.8421,0.8,0.9459
738,MobileNet,0.9123,0.9463,0.8,0.8333,0.9333
739,MobileNet,0.8596,0.9565,0.6364,0.6364,0.913
740,MobileNet,0.7719,0.8836,0.6486,0.5714,0.8889
741,MobileNet,0.8772,0.963,0.8205,0.7619,0.9444
742,MobileNet,0.8421,0.9556,0.5714,0.5,0.9333
743,MobileNet,0.8421,0.8864,0.7097,0.8462,0.8409
744,MobileNet,0.9474,0.986,0.8889,0.9231,0.9545
745,MobileNet,0.8947,0.939,0.8235,0.875,0.9024
746,MobileNet,0.9123,0.9848,0.8485,0.875,0.9268
747,MobileNet,0.9649,0.9792,0.9545,0.9545,0.9714
748,MobileNet,0.9298,0.9872,0.9048,0.8261,1.0
749,MobileNet,0.8947,0.9468,0.75,0.6429,0.9767
750,MobileNet,0.9298,0.9751,0.8824,0.7895,1.0
751,MobileNet,0.9123,0.9886,0.8571,0.8333,0.9487
752,MobileNet,0.7895,0.9,0.6842,0.65,0.8649
753,MobileNet,0.8421,0.9584,0.7692,0.6818,0.9429
754,MobileNet,0.8421,0.9189,0.7429,0.65,0.9459
755,MobileNet,0.9298,0.9616,0.9048,0.9048,0.9444
756,MobileNet,0.9298,0.9729,0.8824,0.8333,0.9744
757,MobileNet,0.8772,0.9669,0.8293,0.8095,0.9167
758,MobileNet,0.8596,0.9426,0.6923,0.75,0.8889
759,MobileNet,0.8947,0.9604,0.8235,0.875,0.9024
760,MobileNet,0.9298,0.9797,0.8947,0.85,0.973
761,MobileNet,0.8596,0.9216,0.7778,0.7,0.9459
762,MobileNet,0.8947,0.9563,0.8571,0.8571,0.9167
763,MobileNet,0.8772,0.9634,0.7879,0.8125,0.9024
764,MobileNet,0.9123,0.9471,0.8485,0.8235,0.95
765,MobileNet,0.8772,0.9169,0.72,0.6429,0.9535
766,MobileNet,0.8596,0.9441,0.7778,0.8235,0.875
767,MobileNet,0.8246,0.8932,0.7222,0.7222,0.8718
768,MobileNet,0.8947,0.9222,0.7692,0.6667,0.9762
769,MobileNet,0.9123,0.9709,0.8571,0.7895,0.9737
770,MobileNet,0.8772,0.9485,0.7742,0.7059,0.95
771,MobileNet,0.8947,0.9626,0.8421,0.8421,0.9211
772,MobileNet,0.8246,0.9318,0.6667,0.7692,0.8409
773,MobileNet,0.8947,0.9444,0.7692,0.6667,0.9762
774,MobileNet,0.807,0.9329,0.6452,0.625,0.878
775,MobileNet,0.8947,0.9502,0.7857,0.7857,0.9302
776,MobileNet,0.8947,0.9487,0.8333,0.8333,0.9231
777,MobileNet,0.8772,0.9317,0.7586,0.7333,0.9286
778,MobileNet,0.8947,0.9622,0.8421,0.8,0.9459
779,MobileNet,0.9123,0.9743,0.8649,0.8,0.973
780,MobileNet,0.8947,0.9753,0.8636,0.8636,0.9143
781,MobileNet,0.7895,0.9338,0.6471,0.6471,0.85
782,MobileNet,0.8246,0.9242,0.7826,0.75,0.8788
783,MobileNet,0.8947,0.9868,0.85,0.8095,0.9444
784,MobileNet,0.8947,0.9416,0.8125,0.7222,0.9744
785,MobileNet,0.8772,0.9603,0.7742,0.8,0.9048
786,MobileNet,0.9123,0.9619,0.8485,0.875,0.9268
787,MobileNet,0.9123,0.9623,0.878,0.8182,0.9714
788,MobileNet,0.8596,0.8837,0.6667,0.5714,0.9535
789,MobileNet,0.9123,0.9815,0.8485,0.7778,0.9744
790,MobileNet,0.9298,0.9859,0.9048,0.8261,1.0
791,MobileNet,0.7895,0.8994,0.625,0.625,0.8537
792,MobileNet,0.8421,0.9656,0.7568,0.6667,0.9444
793,MobileNet,0.8421,0.939,0.7429,0.8125,0.8537
794,MobileNet,0.8947,0.9668,0.7692,0.7143,0.9535
795,MobileNet,0.9298,0.9852,0.8462,0.9167,0.9333
796,MobileNet,0.8947,0.9806,0.8333,0.7895,0.9474
797,MobileNet,0.9123,0.9544,0.8649,0.8889,0.9231
798,MobileNet,0.9474,0.9882,0.9143,0.9412,0.95
799,MobileNet,0.8772,0.9444,0.72,0.75,0.9111
800,MobileNet,0.9123,0.9753,0.878,0.8182,0.9714
801,MobileNet,0.8246,0.9274,0.7059,0.6667,0.8974
802,MobileNet,0.8596,0.9573,0.75,0.75,0.9024
803,MobileNet,0.8421,0.9238,0.6897,0.6667,0.9048
804,MobileNet,0.8421,0.8957,0.5714,0.6,0.8936
805,MobileNet,0.9123,0.9662,0.8649,0.8,0.973
806,MobileNet,0.9123,0.9481,0.8,0.8333,0.9333
807,MobileNet,0.8947,0.9771,0.8,0.75,0.9512
808,MobileNet,0.8772,0.9716,0.8293,0.85,0.8919
809,MobileNet,0.9298,0.9175,0.8462,0.7333,1.0
810,MobileNet,0.9123,0.9588,0.8276,0.75,0.9756
811,MobileNet,0.807,0.9299,0.6667,0.6875,0.8537
812,MobileNet,0.9123,0.9604,0.8387,0.8125,0.9512
813,MobileNet,0.8421,0.8229,0.4,0.4286,0.9
814,MobileNet,0.9649,0.9968,0.9333,0.9333,0.9762
815,MobileNet,0.9649,0.9926,0.9412,0.9412,0.975
816,MobileNet,0.8772,0.9476,0.7407,0.7692,0.9091
817,MobileNet,0.7895,0.8746,0.6667,0.6667,0.8462
818,MobileNet,0.8596,0.9353,0.7333,0.6471,0.95
819,MobileNet,0.8246,0.9026,0.7619,0.7273,0.8857
820,MobileNet,0.9123,0.9794,0.8387,0.8667,0.9286
821,MobileNet,0.8596,0.9658,0.7778,0.7778,0.8974
822,MobileNet,0.8772,0.9635,0.7586,0.7857,0.907
823,MobileNet,0.7895,0.9117,0.6471,0.6111,0.8718
824,MobileNet,0.8947,0.946,0.7857,0.7333,0.9524
825,MobileNet,0.9123,0.9556,0.8276,0.8,0.9524
826,MobileNet,0.7895,0.913,0.7,0.6087,0.9118
827,MobileNet,0.8772,0.9668,0.7879,0.6842,0.9737
828,MobileNet,0.8246,0.9202,0.6875,0.6111,0.9231
829,MobileNet,0.8947,0.9558,0.8125,0.8125,0.9268
830,MobileNet,0.9123,0.9794,0.8571,0.8824,0.925
831,MobileNet,0.9123,0.9778,0.8485,0.7368,1.0
832,MobileNet,0.8947,0.9283,0.7273,0.6154,0.9773
833,MobileNet,0.8947,0.9817,0.8,0.75,0.9512
834,MobileNet,0.9298,0.9514,0.7778,0.7778,0.9583
835,MobileNet,0.8421,0.9338,0.7568,0.6364,0.9714
836,MobileNet,0.8772,0.9535,0.7742,0.8571,0.8837
837,MobileNet,0.8772,0.8944,0.6957,0.6667,0.9333
838,MobileNet,0.8947,0.9706,0.8235,0.8235,0.925
839,MobileNet,0.807,0.9111,0.6667,0.7333,0.8333
840,MobileNet,0.9123,0.975,0.898,0.88,0.9375
841,MobileNet,0.8596,0.9153,0.75,0.8571,0.8605
842,MobileNet,0.9298,0.9756,0.875,0.875,0.9512
843,MobileNet,0.9123,0.9834,0.8276,0.8571,0.9302
844,MobileNet,0.8772,0.9333,0.6957,0.6667,0.9333
845,MobileNet,0.9825,0.9648,0.9565,0.9167,1.0
846,MobileNet,0.8246,0.8946,0.7059,0.6667,0.8974
847,MobileNet,0.7895,0.9343,0.7391,0.7083,0.8485
848,MobileNet,0.8421,0.9301,0.6667,0.6923,0.8864
849,MobileNet,0.8772,0.9325,0.8372,0.8182,0.9143
850,MobileNet,0.8947,0.9451,0.8125,0.8125,0.9268
851,MobileNet,0.8772,0.9662,0.8108,0.75,0.9459
852,MobileNet,0.8772,0.9257,0.7879,0.65,1.0
853,MobileNet,0.8596,0.9706,0.8095,0.7391,0.9412
854,MobileNet,0.9123,0.9476,0.7826,0.6923,0.9773
855,MobileNet,0.8947,0.9756,0.8125,0.8125,0.9268
856,MobileNet,0.8947,0.9644,0.8235,0.7778,0.9487
857,MobileNet,0.9298,0.9668,0.8462,0.7857,0.9767
858,MobileNet,0.9123,0.9842,0.7826,0.8182,0.9348
859,MobileNet,0.8947,0.9577,0.8571,0.8571,0.9167
860,MobileNet,0.8947,0.9603,0.7692,0.6667,0.9762
861,MobileNet,0.8772,0.946,0.8,0.7368,0.9474
862,MobileNet,0.8421,0.9167,0.5263,0.5556,0.8958
863,MobileNet,0.9298,0.9668,0.8571,0.8571,0.9535
864,MobileNet,0.8947,0.9618,0.8,0.8571,0.907
865,MobileNet,0.8596,0.9349,0.75,0.6316,0.9737
866,MobileNet,0.8246,0.9387,0.7368,0.7778,0.8462
867,MobileNet,0.9298,0.9841,0.8571,0.8,0.9762
868,MobileNet,0.8596,0.9535,0.6923,0.6429,0.9302
869,MobileNet,0.8596,0.9314,0.7647,0.8125,0.878
870,MobileNet,0.8947,0.9767,0.8125,0.9286,0.8837
871,MobileNet,0.8947,0.9581,0.85,0.85,0.9189
872,MobileNet,0.807,0.9426,0.6667,0.6471,0.875
873,MobileNet,0.9474,0.9948,0.9302,0.9091,0.9714
874,MobileNet,0.8947,0.9373,0.8235,0.7778,0.9487
875,MobileNet,0.8596,0.9155,0.7778,0.7368,0.9211
876,MobileNet,0.8421,0.9715,0.7568,0.7778,0.8718
877,MobileNet,0.8947,0.9683,0.8636,0.9048,0.8889
878,MobileNet,0.8947,0.9815,0.8636,0.9048,0.8889
879,MobileNet,0.8596,0.9252,0.6923,0.6429,0.9302
880,MobileNet,0.8772,0.9512,0.7879,0.8125,0.9024
881,MobileNet,0.8596,0.9563,0.8,0.7619,0.9167
882,MobileNet,0.9123,0.9695,0.8649,0.8421,0.9474
883,MobileNet,0.8772,0.9529,0.8,0.8235,0.9
884,MobileNet,0.8947,0.9551,0.7857,0.7857,0.9302
885,MobileNet,0.9474,0.9801,0.8889,0.8571,0.9767
886,MobileNet,0.8596,0.9676,0.7895,0.75,0.9189
887,MobileNet,0.9123,0.9824,0.8387,0.7647,0.975
888,MobileNet,0.8947,0.9723,0.8421,0.8421,0.9211
889,MobileNet,0.8596,0.9404,0.7647,0.6842,0.9474
890,MobileNet,0.9649,0.9965,0.9231,0.9231,0.9773
891,MobileNet,0.9298,0.9886,0.8824,0.8333,0.9744
892,MobileNet,0.8596,0.927,0.75,0.8,0.881
893,MobileNet,0.807,0.9122,0.7317,0.75,0.8378
894,MobileNet,1.0,1.0,1.0,1.0,1.0
895,MobileNet,0.8947,0.971,0.8235,0.875,0.9024
896,MobileNet,0.8772,0.9105,0.8372,0.7826,0.9412
897,MobileNet,0.807,0.9514,0.6857,0.6,0.9189
898,MobileNet,0.807,0.9335,0.7556,0.7391,0.8529
899,MobileNet,0.8772,0.9778,0.6957,0.6667,0.9333
900,MobileNet,0.8947,0.9775,0.8636,0.9048,0.8889
901,MobileNet,0.8596,0.9621,0.8261,0.7917,0.9091
902,MobileNet,0.8596,0.9571,0.7895,0.7895,0.8947
903,MobileNet,0.9123,0.9796,0.7619,0.6667,0.9778
904,MobileNet,0.8596,0.9544,0.7778,0.7778,0.8974
905,MobileNet,0.8947,0.9074,0.7692,0.8333,0.9111
906,MobileNet,0.8596,0.9524,0.7647,0.8667,0.8571
907,MobileNet,0.8421,0.9345,0.7273,0.75,0.878
908,MobileNet,0.8772,0.9463,0.72,0.75,0.9111
909,MobileNet,0.8947,0.9473,0.8333,0.8333,0.9231
910,MobileNet,0.8246,0.9132,0.6429,0.5294,0.95
911,MobileNet,0.8947,0.9441,0.75,0.6923,0.9545
912,MobileNet,0.8596,0.9603,0.7778,0.8235,0.875
913,MobileNet,0.8246,0.9203,0.6875,0.7857,0.8372
914,MobileNet,0.9474,0.995,0.9032,1.0,0.9302
915,MobileNet,0.8246,0.9206,0.75,0.7143,0.8889
916,MobileNet,0.9123,0.9662,0.8387,0.7647,0.975
917,MobileNet,0.8421,0.9425,0.7692,0.6522,0.9706
918,MobileNet,0.7895,0.9095,0.6842,0.65,0.8649
919,MobileNet,0.8947,0.9811,0.8636,0.95,0.8649
920,MobileNet,0.8421,0.9177,0.7273,0.75,0.878
921,MobileNet,0.8246,0.9266,0.75,0.7895,0.8421
922,MobileNet,0.9298,0.9778,0.8947,0.8947,0.9474
923,MobileNet,0.8596,0.9618,0.7647,0.7647,0.9
924,MobileNet,0.7544,0.8902,0.6111,0.4583,0.9697
925,MobileNet,0.8596,0.9402,0.6923,0.6429,0.9302
926,MobileNet,0.8596,0.9028,0.6,0.6667,0.8958
927,MobileNet,0.8772,0.9762,0.7586,0.7333,0.9286
928,MobileNet,0.8947,0.9697,0.875,0.875,0.9091
929,MobileNet,0.7895,0.8661,0.6471,0.6111,0.8718
930,MobileNet,0.8596,0.9024,0.75,0.75,0.9024
931,MobileNet,0.9123,0.9842,0.8,0.9091,0.913
932,MobileNet,0.8421,0.9085,0.6897,0.625,0.9268
933,MobileNet,0.7719,0.9254,0.6061,0.6667,0.8095
934,MobileNet,0.8947,0.9294,0.8,0.7059,0.975
935,MobileNet,0.8772,0.9511,0.6667,0.7,0.9149
936,MobileNet,0.8772,0.9588,0.7586,0.6875,0.9512
937,MobileNet,0.8947,0.986,0.7857,0.8462,0.9091
938,MobileNet,0.8772,0.9329,0.7879,0.8125,0.9024
939,MobileNet,0.8947,0.9175,0.75,0.6,1.0
940,MobileNet,0.8421,0.8969,0.5714,0.4615,0.9545
941,MobileNet,0.9123,0.9917,0.8485,0.7368,1.0
942,MobileNet,0.8772,0.9765,0.8108,0.8824,0.875
943,MobileNet,0.8947,0.9476,0.7857,0.7333,0.9524
944,MobileNet,0.9298,0.986,0.8462,0.8462,0.9545
945,MobileNet,0.8947,0.9615,0.7857,0.8462,0.9091
946,MobileNet,0.9123,0.981,0.8387,0.8667,0.9286
947,MobileNet,0.8947,0.9762,0.8125,0.8667,0.9048
948,MobileNet,0.8246,0.9468,0.7727,0.7727,0.8571
949,MobileNet,0.8772,0.9315,0.7407,0.8333,0.8889
950,MobileNet,0.8947,0.9668,0.8421,0.8421,0.9211
951,MobileNet,0.8421,0.9378,0.7907,0.8095,0.8611
952,MobileNet,0.8947,0.9024,0.7692,0.625,1.0
953,MobileNet,0.8772,0.9765,0.7879,0.6842,0.9737
954,MobileNet,0.9474,0.9878,0.9091,0.9375,0.9512
955,MobileNet,0.8772,0.9704,0.7407,0.8333,0.8889
956,MobileNet,0.9123,0.9893,0.8485,0.875,0.9268
957,MobileNet,0.9123,0.9878,0.8485,0.875,0.9268
958,MobileNet,0.9123,0.9778,0.8148,0.9167,0.9111
959,MobileNet,0.9474,0.987,0.8889,1.0,0.9333
960,MobileNet,0.8246,0.925,0.6667,0.5882,0.925
961,MobileNet,0.8772,0.9003,0.72,0.6923,0.9318
962,MobileNet,0.9123,0.9817,0.8387,0.9286,0.907
963,MobileNet,0.8421,0.9691,0.6897,0.5882,0.95
964,MobileNet,0.8772,0.9266,0.8108,0.7895,0.9211
965,MobileNet,0.8947,0.954,0.8125,0.8667,0.9048
966,MobileNet,0.8421,0.8956,0.6897,0.5882,0.95
967,MobileNet,0.8772,0.939,0.7586,0.6875,0.9512
968,MobileNet,0.8772,0.9662,0.8,0.8235,0.9
969,MobileNet,0.8596,0.9086,0.6667,0.5714,0.9535
970,MobileNet,0.9298,0.9559,0.875,0.8235,0.975
971,MobileNet,0.7719,0.9088,0.6829,0.7778,0.7692
972,MobileNet,0.8772,0.9619,0.7586,0.7333,0.9286
973,MobileNet,0.8246,0.9223,0.6875,0.6875,0.878
974,MobileNet,0.9123,0.9778,0.878,0.9474,0.8947
975,MobileNet,0.8772,0.9375,0.7407,0.625,0.9756
976,MobileNet,0.8596,0.9601,0.7333,0.7857,0.8837
977,MobileNet,0.8772,0.9559,0.8,0.8235,0.9
978,MobileNet,0.8947,0.9336,0.7692,0.7143,0.9535
979,MobileNet,0.8772,0.9569,0.8772,0.8621,0.8929
980,MobileNet,0.9474,0.9985,0.8966,0.8125,1.0
981,MobileNet,0.7544,0.9309,0.6316,0.5217,0.9118
982,MobileNet,0.9474,0.9269,0.8571,0.8182,0.9783
983,MobileNet,0.7895,0.9015,0.625,0.5882,0.875
984,MobileNet,0.9474,0.9703,0.8889,0.9231,0.9545
985,MobileNet,0.8947,0.9676,0.8333,0.75,0.973
986,MobileNet,0.8421,0.9368,0.7273,0.7059,0.9
987,MobileNet,0.9474,0.9852,0.88,0.9167,0.9556
988,MobileNet,0.9123,0.9828,0.878,0.8571,0.9444
989,MobileNet,0.8772,0.9662,0.8444,0.8636,0.8857
990,MobileNet,0.9123,0.9476,0.8889,0.8696,0.9412
991,MobileNet,0.8947,0.9537,0.875,0.84,0.9375
992,MobileNet,0.8596,0.9529,0.8,0.9412,0.825
993,MobileNet,0.8772,0.9709,0.7879,0.6842,0.9737
994,MobileNet,0.8772,0.943,0.8,0.7778,0.9231
995,MobileNet,0.9298,0.9718,0.8571,0.8571,0.9535
996,MobileNet,0.8596,0.9146,0.7143,0.625,0.9512
997,MobileNet,0.9474,0.95,0.9091,0.8824,0.975
998,MobileNet,0.9123,0.981,0.8276,0.8,0.9524
999,MobileNet,0.8947,0.9475,0.8636,0.76,1.0
1000,MobileNet,0.9123,0.9359,0.8649,0.8889,0.9231
1,PointNet,0.8772,0.8977,0.8372,0.75,0.9697
2,PointNet,0.8947,0.9333,0.7857,0.7333,0.9524
3,PointNet,0.8947,0.9506,0.7273,0.7273,0.9348
4,PointNet,0.9298,0.9515,0.8889,0.8421,0.9737
5,PointNet,0.8596,0.9141,0.7647,0.6842,0.9474
6,PointNet,0.9474,0.9735,0.9091,0.8824,0.975
7,PointNet,0.8947,0.9203,0.7692,0.7143,0.9535
8,PointNet,0.8947,0.9488,0.8125,0.6842,1.0
9,PointNet,0.9474,0.9684,0.8889,0.8571,0.9767
10,PointNet,0.9649,0.9528,0.9167,0.8462,1.0
11,PointNet,0.9825,0.9903,0.973,0.9474,1.0
12,PointNet,0.9123,0.964,0.8718,0.8947,0.9211
13,PointNet,0.9649,0.9746,0.9333,0.9333,0.9762
14,PointNet,0.9298,0.982,0.8824,0.7895,1.0
15,PointNet,0.9123,0.9369,0.8,0.7143,0.9767
16,PointNet,0.8596,0.9252,0.6923,0.6429,0.9302
17,PointNet,0.9123,0.9387,0.8387,0.7222,1.0
18,PointNet,0.8772,0.9103,0.7742,0.7059,0.95
19,PointNet,0.9474,0.9651,0.88,0.7857,1.0
20,PointNet,0.9298,0.9143,0.8333,0.7692,0.9773
21,PointNet,0.8947,0.9502,0.7692,0.7143,0.9535
22,PointNet,0.9649,0.99,0.9286,0.9286,0.9767
23,PointNet,0.9474,0.9897,0.9032,0.8235,1.0
24,PointNet,0.8947,0.8857,0.7692,0.6667,0.9762
25,PointNet,0.9298,0.9723,0.8824,0.7895,1.0
26,PointNet,0.9123,0.9466,0.8276,0.75,0.9756
27,PointNet,0.8947,0.9188,0.8,0.6667,1.0
28,PointNet,0.9825,0.9765,0.9697,0.9412,1.0
29,PointNet,0.8772,0.9284,0.7407,0.625,0.9756
30,PointNet,0.9649,0.9893,0.9333,0.875,1.0
31,PointNet,0.8947,0.9418,0.8235,0.7368,0.9737
32,PointNet,0.8947,0.9416,0.8,0.6667,1.0
33,PointNet,0.9123,0.9416,0.8571,0.8333,0.9487
34,PointNet,0.8947,0.939,0.8,0.75,0.9512
35,PointNet,0.9123,0.9365,0.8649,0.8,0.973
36,PointNet,0.9123,0.9404,0.8485,0.7368,1.0
37,PointNet,0.9474,0.9714,0.8889,0.8,1.0
38,PointNet,0.8947,0.9545,0.8696,0.8333,0.9394
39,PointNet,0.9474,0.9838,0.9231,0.9,0.973
40,PointNet,0.8772,0.9353,0.7742,0.7059,0.95
41,PointNet,0.9123,0.959,0.8718,0.8095,0.9722
42,PointNet,0.9123,0.9668,0.7826,0.6429,1.0
43,PointNet,0.9298,0.9451,0.8667,0.8125,0.9756
44,PointNet,0.8947,0.963,0.75,0.75,0.9333
45,PointNet,0.8596,0.9386,0.8261,0.8261,0.8824
46,PointNet,0.9649,0.9618,0.9231,0.8571,1.0
47,PointNet,0.8772,0.9135,0.8,0.7,0.973
48,PointNet,0.9474,0.9897,0.9091,0.8824,0.975
49,PointNet,0.8772,0.9474,0.7879,0.6842,0.9737
50,PointNet,0.8596,0.9437,0.7895,0.6522,1.0
51,PointNet,0.9649,0.9921,0.9,0.8182,1.0
52,PointNet,0.9298,0.9844,0.9,0.8182,1.0
53,PointNet,0.9298,0.9476,0.8571,0.8,0.9762
54,PointNet,0.9474,0.9809,0.9091,0.8824,0.975
55,PointNet,0.9298,0.9167,0.8,0.6667,1.0
56,PointNet,0.9298,0.9772,0.875,0.7778,1.0
57,PointNet,0.9649,0.9737,0.9444,0.8947,1.0
58,PointNet,0.9298,0.9668,0.8571,0.8571,0.9535
59,PointNet,0.9649,0.9825,0.9286,0.8667,1.0
60,PointNet,0.8596,0.8984,0.7143,0.6667,0.9286
61,PointNet,0.9298,0.9405,0.8667,0.8125,0.9756
62,PointNet,0.8947,0.9236,0.75,0.6429,0.9767
63,PointNet,0.9474,0.9633,0.8696,0.7692,1.0
64,PointNet,0.9298,0.9668,0.8824,0.7895,1.0
65,PointNet,0.9123,0.9563,0.7619,0.6154,1.0
66,PointNet,0.9825,0.9937,0.9655,0.9333,1.0
67,PointNet,0.9298,0.9488,0.9091,0.8696,0.9706
68,PointNet,0.9298,0.9684,0.7778,0.6364,1.0
69,PointNet,0.9649,0.9939,0.9412,1.0,0.9512
70,PointNet,0.9298,0.9665,0.8667,0.8125,0.9756
71,PointNet,0.8772,0.9373,0.8205,0.6957,1.0
72,PointNet,0.9298,0.9508,0.8667,0.8667,0.9524
73,PointNet,0.9825,0.9972,0.973,0.9474,1.0
74,PointNet,0.8947,0.9511,0.8571,0.8571,0.9167
75,PointNet,0.9649,0.9551,0.9231,0.8571,1.0
76,PointNet,0.9825,0.9967,0.963,0.9286,1.0
77,PointNet,0.9298,0.9684,0.913,0.875,0.9697
78,PointNet,0.8947,0.9435,0.7692,0.7143,0.9535
79,PointNet,0.9474,0.9702,0.8421,0.8,0.9787
80,PointNet,0.8772,0.8926,0.6316,0.5,0.9778
81,PointNet,0.8596,0.9501,0.7895,0.6522,1.0
82,PointNet,0.9298,0.9741,0.8571,0.75,1.0
83,PointNet,0.9649,0.9841,0.95,0.9048,1.0
84,PointNet,0.9123,0.9459,0.8571,0.75,1.0
85,PointNet,0.807,0.8518,0.6452,0.5263,0.9474
86,PointNet,0.8772,0.8778,0.6316,0.5,0.9778
87,PointNet,0.9649,0.9825,0.9167,0.8462,1.0
88,PointNet,0.9298,0.9651,0.8333,0.7143,1.0
89,PointNet,0.9123,0.9086,0.8,0.7143,0.9767
90,PointNet,0.9298,0.9458,0.8462,0.8462,0.9545
91,PointNet,0.8947,0.9268,0.8571,0.75,1.0
92,PointNet,0.8246,0.8918,0.6429,0.5625,0.9268
93,PointNet,0.8947,0.9578,0.8571,0.7826,0.9706
94,PointNet,0.8947,0.97,0.8636,0.76,1.0
95,PointNet,0.9649,0.9915,0.9474,1.0,0.9487
96,PointNet,0.8421,0.8561,0.7273,0.6667,0.9231
97,PointNet,0.8947,0.9421,0.8,0.75,0.9512
98,PointNet,0.8947,0.9529,0.8333,0.7895,0.9474
99,PointNet,0.9298,0.9329,0.8571,0.75,1.0
100,PointNet,0.9298,0.9756,0.8667,0.8125,0.9756
101,PointNet,0.8947,0.8902,0.7692,0.625,1.0
102,PointNet,0.9123,0.9309,0.8387,0.7647,0.975
103,PointNet,0.8246,0.9351,0.6667,0.5,1.0
104,PointNet,0.8947,0.9485,0.75,0.6429,0.9767
105,PointNet,0.8772,0.9074,0.7407,0.5882,1.0
106,PointNet,0.9298,0.9234,0.8,0.8,0.9574
107,PointNet,0.8947,0.9658,0.8421,0.8889,0.8974
108,PointNet,0.8772,0.9353,0.7586,0.6471,0.975
109,PointNet,0.8596,0.9268,0.7143,0.625,0.9512
110,PointNet,0.9123,0.9175,0.8,0.6667,1.0
111,PointNet,0.9123,0.9556,0.8148,0.7333,0.9762
112,PointNet,0.9123,0.9573,0.8387,0.8125,0.9512
113,PointNet,0.9825,0.9778,0.973,0.9474,1.0
114,PointNet,0.8947,0.927,0.85,0.85,0.9189
115,PointNet,0.9474,0.9647,0.9032,0.8235,1.0
116,PointNet,0.9649,0.985,0.9231,0.8571,1.0
117,PointNet,0.9123,0.9514,0.8571,0.75,1.0
118,PointNet,0.8596,0.8875,0.7143,0.5556,1.0
119,PointNet,0.8772,0.9407,0.8293,0.7083,1.0
120,PointNet,0.8947,0.9444,0.8125,0.7222,0.9744
121,PointNet,0.9649,0.9681,0.8889,0.8,1.0
122,PointNet,0.8596,0.9202,0.75,0.6667,0.9487
123,PointNet,0.9298,0.973,0.8889,0.8,1.0
124,PointNet,0.8947,0.9224,0.8125,0.6842,1.0
125,PointNet,0.9298,0.9749,0.8947,0.8095,1.0
126,PointNet,0.9123,0.9392,0.8649,0.7619,1.0
127,PointNet,0.8947,0.9336,0.7857,0.7857,0.9302
128,PointNet,0.9298,0.9116,0.8571,0.75,1.0
129,PointNet,0.8421,0.8588,0.7097,0.6471,0.925
130,PointNet,0.9825,0.9787,0.9677,0.9375,1.0
131,PointNet,0.9474,0.9709,0.9143,0.8421,1.0
132,PointNet,0.8772,0.93,0.8444,0.76,0.9688
133,PointNet,0.9649,0.9965,0.9167,0.8462,1.0
134,PointNet,0.9123,0.9452,0.8,0.7143,0.9767
135,PointNet,0.9474,0.9737,0.9189,0.8947,0.9737
136,PointNet,0.8596,0.9471,0.7647,0.619,1.0
137,PointNet,0.8596,0.9431,0.7778,0.6667,0.9722
138,PointNet,0.9825,0.9905,0.9744,0.95,1.0
139,PointNet,0.8947,0.9571,0.8421,0.7273,1.0
140,PointNet,0.9298,0.975,0.8824,0.8824,0.95
141,PointNet,0.9298,0.9665,0.8571,0.75,1.0
142,PointNet,0.9298,0.9559,0.8667,0.7647,1.0
143,PointNet,0.8596,0.9118,0.8095,0.7391,0.9412
144,PointNet,0.9298,0.9074,0.8182,0.75,0.9778
145,PointNet,0.9123,0.954,0.8148,0.7333,0.9762
146,PointNet,0.8596,0.9208,0.7778,0.6364,1.0
147,PointNet,0.8246,0.8704,0.5,0.4167,0.9333
148,PointNet,0.8772,0.9571,0.7879,0.6842,0.9737
149,PointNet,0.9123,0.9383,0.6667,0.5,1.0
150,PointNet,0.9298,0.9792,0.8889,0.8421,0.9737
151,PointNet,0.9649,0.9872,0.875,0.875,0.9796
152,PointNet,0.9123,0.9446,0.8571,0.75,1.0
153,PointNet,0.9298,0.9806,0.8889,0.8421,0.9737
154,PointNet,0.8947,0.9211,0.8235,0.7368,0.9737
155,PointNet,0.9123,0.9392,0.8571,0.75,1.0
156,PointNet,0.9474,0.9601,0.8889,0.8571,0.9767
157,PointNet,0.9474,0.9765,0.9032,0.8235,1.0
158,PointNet,0.9649,0.9892,0.9474,0.9,1.0
159,PointNet,0.9123,0.9612,0.8571,0.7895,0.9737
160,PointNet,0.9474,0.9544,0.9091,0.8824,0.975
161,PointNet,0.9123,0.9808,0.878,0.7826,1.0
162,PointNet,0.8772,0.9468,0.72,0.6429,0.9535
163,PointNet,0.9649,0.9905,0.9286,0.8667,1.0
164,PointNet,0.8772,0.9259,0.7742,0.6667,0.9744
165,PointNet,0.8596,0.9429,0.7333,0.7333,0.9048
166,PointNet,0.9298,0.9543,0.8571,0.75,1.0
167,PointNet,0.9298,0.9577,0.8947,0.8095,1.0
168,PointNet,0.8772,0.9399,0.8293,0.7391,0.9706
169,PointNet,0.8947,0.9353,0.75,0.6923,0.9545
170,PointNet,0.9123,0.9672,0.8485,0.7778,0.9744
171,PointNet,0.8772,0.9222,0.72,0.6,0.9762
172,PointNet,0.8947,0.955,0.8421,0.7619,0.9722
173,PointNet,0.9298,0.9545,0.9048,0.8636,0.9714
174,PointNet,0.9123,0.9511,0.878,0.8571,0.9444
175,PointNet,0.9298,0.9603,0.8571,0.8,0.9762
176,PointNet,0.8772,0.9024,0.7407,0.625,0.9756
177,PointNet,0.9474,0.9723,0.8571,0.8182,0.9783
178,PointNet,0.9298,0.9317,0.8462,0.7333,1.0
179,PointNet,0.8596,0.8953,0.6923,0.6429,0.9302
180,PointNet,0.9298,0.9787,0.8667,0.8125,0.9756
181,PointNet,0.9649,0.979,0.9167,0.8462,1.0
182,PointNet,0.8947,0.9202,0.8235,0.7778,0.9487
183,PointNet,0.8772,0.9348,0.6667,0.6364,0.9348
184,PointNet,0.9474,0.985,0.88,0.7857,1.0
185,PointNet,0.8772,0.9286,0.72,0.6429,0.9535
186,PointNet,0.8947,0.9643,0.8421,0.7619,0.9722
187,PointNet,0.9123,0.9206,0.8276,0.7059,1.0
188,PointNet,0.8246,0.9271,0.7368,0.6087,0.9706
189,PointNet,0.9123,0.9643,0.8649,0.7619,1.0
190,PointNet,0.9474,0.9649,0.9032,0.875,0.9756
191,PointNet,0.9123,0.9352,0.8718,0.8095,0.9722
192,PointNet,0.9123,0.9574,0.8387,0.7647,0.975
193,PointNet,0.9474,0.975,0.9091,0.8824,0.975
194,PointNet,0.9123,0.963,0.8718,0.8095,0.9722
195,PointNet,0.9474,0.9838,0.9189,0.85,1.0
196,PointNet,0.9649,0.9829,0.9444,0.9444,0.9744
197,PointNet,0.9474,0.9786,0.9091,0.8333,1.0
198,PointNet,0.9474,0.9771,0.9032,0.875,0.9756
199,PointNet,0.807,0.902,0.5217,0.4286,0.9302
200,PointNet,0.9298,0.9676,0.8824,0.8824,0.95
201,PointNet,0.8596,0.9431,0.7895,0.7143,0.9444
202,PointNet,0.8947,0.9603,0.8571,0.8571,0.9167
203,PointNet,0.9298,0.9427,0.8182,0.8182,0.9565
204,PointNet,0.9649,0.9915,0.9412,0.8889,1.0
205,PointNet,0.9649,0.9771,0.9333,0.875,1.0
206,PointNet,0.9298,0.982,0.8824,0.7895,1.0
207,PointNet,0.8947,0.9132,0.8,0.7059,0.975
208,PointNet,0.9474,0.9669,0.9231,0.8571,1.0
209,PointNet,0.9298,0.9775,0.913,0.84,1.0
210,PointNet,0.9123,0.9175,0.8,0.6667,1.0
211,PointNet,0.9474,0.9635,0.9231,0.9,0.973
212,PointNet,0.9649,0.9794,0.9375,0.8824,1.0
213,PointNet,0.9649,0.973,0.9286,0.8667,1.0
214,PointNet,0.8596,0.892,0.7647,0.6842,0.9474
215,PointNet,0.8772,0.9336,0.72,0.6429,0.9535
216,PointNet,0.9474,0.9735,0.9032,0.8235,1.0
217,PointNet,0.9825,1.0,0.96,1.0,0.9778
218,PointNet,0.9298,0.9432,0.8947,0.85,0.973
219,PointNet,0.9649,0.9842,0.9,0.8182,1.0
220,PointNet,0.8596,0.9369,0.6667,0.5714,0.9535
221,PointNet,0.9825,0.9934,0.9655,1.0,0.9767
222,PointNet,0.9298,0.9792,0.8824,0.7895,1.0
223,PointNet,0.8947,0.9375,0.8,0.75,0.9512
224,PointNet,0.9123,0.953,0.8485,0.7778,0.9744
225,PointNet,0.9123,0.9259,0.8649,0.7619,1.0
226,PointNet,0.8947,0.9676,0.8421,0.8,0.9459
227,PointNet,0.8772,0.9418,0.8,0.6667,1.0
228,PointNet,0.9123,0.9715,0.8485,0.7778,0.9744
229,PointNet,0.9123,0.9387,0.8387,0.7222,1.0
230,PointNet,0.8246,0.9114,0.7222,0.619,0.9444
231,PointNet,0.8772,0.8932,0.7742,0.6667,0.9744
232,PointNet,0.9123,0.9073,0.7619,0.6154,1.0
233,PointNet,0.8772,0.8932,0.7879,0.65,1.0
234,PointNet,0.9298,0.9632,0.875,0.8235,0.975
235,PointNet,0.9474,0.9683,0.9268,0.9048,0.9722
236,PointNet,0.9298,0.9622,0.8889,0.8,1.0
237,PointNet,0.9123,0.9373,0.8485,0.7778,0.9744
238,PointNet,0.8947,0.9715,0.8125,0.7222,0.9744
239,PointNet,0.9298,0.9778,0.8824,0.7895,1.0
240,PointNet,0.9298,0.9516,0.8824,0.8333,0.9744
241,PointNet,0.9298,0.9373,0.875,0.7778,1.0
242,PointNet,0.8772,0.9545,0.8293,0.7727,0.9429
243,PointNet,0.9298,0.9687,0.8824,0.8333,0.9744
244,PointNet,0.9123,0.9626,0.8649,0.8421,0.9474
245,PointNet,0.9123,0.9085,0.8276,0.75,0.9756
246,PointNet,0.9298,0.951,0.8333,0.7692,0.9773
247,PointNet,0.9123,0.9626,0.8485,0.7368,1.0
248,PointNet,0.8421,0.968,0.7692,0.6522,0.9706
249,PointNet,0.8596,0.9689,0.7647,0.65,0.973
250,PointNet,0.9123,0.97,0.8936,0.84,0.9688
251,PointNet,0.8947,0.8887,0.75,0.6429,0.9767
252,PointNet,0.9298,0.9841,0.8947,0.8095,1.0
253,PointNet,0.8947,0.9421,0.7857,0.6875,0.9756
254,PointNet,0.807,0.9365,0.6667,0.5238,0.9722
255,PointNet,0.9474,0.9545,0.8696,0.7692,1.0
256,PointNet,0.9123,0.9537,0.8,0.8333,0.9333
257,PointNet,0.9298,0.9668,0.8462,0.7857,0.9767
258,PointNet,0.9649,0.9841,0.9333,0.9333,0.9762
259,PointNet,0.8947,0.9312,0.85,0.8095,0.9444
260,PointNet,0.9298,0.9603,0.875,0.8235,0.975
261,PointNet,0.9825,0.9944,0.96,1.0,0.9778
262,PointNet,0.9123,0.9545,0.8718,0.7727,1.0
263,PointNet,0.9298,0.9299,0.8667,0.8125,0.9756
264,PointNet,0.9649,0.981,0.9286,0.8667,1.0
265,PointNet,0.8947,0.9458,0.8333,0.7143,1.0
266,PointNet,0.9649,0.9745,0.875,0.875,0.9796
267,PointNet,0.9123,0.9714,0.878,0.8182,0.9714
268,PointNet,0.8772,0.9365,0.72,0.6,0.9762
269,PointNet,0.8947,0.9751,0.8333,0.7895,0.9474
270,PointNet,0.9123,0.9466,0.7368,0.6364,0.9783
271,PointNet,0.9123,0.9351,0.8649,0.8,0.973
272,PointNet,0.9474,0.996,0.9231,0.8571,1.0
273,PointNet,0.9649,0.9912,0.9412,0.9412,0.975
274,PointNet,0.8947,0.9286,0.7692,0.7143,0.9535
275,PointNet,0.8596,0.9149,0.7647,0.65,0.973
276,PointNet,0.9123,0.9427,0.7619,0.7273,0.9565
277,PointNet,0.8947,0.9231,0.8125,0.7222,0.9744
278,PointNet,0.9123,0.9685,0.7826,0.75,0.9556
279,PointNet,0.9298,0.975,0.875,0.8235,0.975
280,PointNet,0.8947,0.903,0.8125,0.6842,1.0
281,PointNet,0.9649,0.9896,0.9545,0.9545,0.9714
282,PointNet,0.9123,0.9338,0.8387,0.7647,0.975
283,PointNet,0.9298,0.9737,0.8889,0.8421,0.9737
284,PointNet,0.8421,0.9345,0.7097,0.6875,0.9024
285,PointNet,0.8947,0.9286,0.7692,0.6667,0.9762
286,PointNet,0.8596,0.9074,0.7143,0.5882,0.975
287,PointNet,0.9123,0.9574,0.8485,0.8235,0.95
288,PointNet,0.8947,0.9253,0.7857,0.6875,0.9756
289,PointNet,0.9649,0.9843,0.9412,0.8889,1.0
290,PointNet,0.8947,0.9476,0.7857,0.7333,0.9524
291,PointNet,0.8596,0.9146,0.7143,0.625,0.9512
292,PointNet,0.8947,0.937,0.75,0.75,0.9333
293,PointNet,0.9298,0.9382,0.8667,0.7647,1.0
294,PointNet,0.9123,0.9368,0.8485,0.8235,0.95
295,PointNet,0.8947,0.8974,0.8,0.6667,1.0
296,PointNet,0.9649,0.9909,0.9524,0.9091,1.0
297,PointNet,0.8772,0.9527,0.7742,0.75,0.9268
298,PointNet,0.8772,0.9299,0.7586,0.6875,0.9512
299,PointNet,0.9298,0.9787,0.875,0.875,0.9512
300,PointNet,0.9298,0.9634,0.8667,0.8125,0.9756
301,PointNet,0.9649,0.9897,0.9412,0.9412,0.975
302,PointNet,0.9298,0.9551,0.8571,0.8571,0.9535
303,PointNet,0.9474,0.9848,0.9333,0.875,1.0
304,PointNet,0.9123,0.9515,0.8276,0.7059,1.0
305,PointNet,0.8947,0.9284,0.8235,0.7,1.0
306,PointNet,0.9123,0.9681,0.8485,0.7368,1.0
307,PointNet,0.9649,0.9971,0.9444,1.0,0.95
308,PointNet,0.8772,0.9127,0.8108,0.7143,0.9722
309,PointNet,0.9298,0.9618,0.8333,0.7143,1.0
310,PointNet,0.8947,0.9206,0.85,0.8095,0.9444
311,PointNet,0.8421,0.8796,0.7429,0.619,0.9722
312,PointNet,0.9474,0.9741,0.8966,0.8125,1.0
313,PointNet,0.8772,0.9557,0.7879,0.6842,0.9737
314,PointNet,0.9298,0.966,0.7778,0.7,0.9787
315,PointNet,0.8947,0.9021,0.7273,0.6154,0.9773
316,PointNet,0.9298,0.9862,0.8333,0.9091,0.9348
317,PointNet,0.9123,0.9444,0.7619,0.6667,0.9778
318,PointNet,0.9123,0.9571,0.8148,0.7333,0.9762
319,PointNet,0.8772,0.9169,0.7879,0.6842,0.9737
320,PointNet,0.9123,0.9444,0.8276,0.8,0.9524
321,PointNet,0.8772,0.9514,0.8444,0.8261,0.9118
322,PointNet,0.8772,0.9497,0.7742,0.75,0.9268
323,PointNet,0.8596,0.9081,0.7895,0.75,0.9189
324,PointNet,0.8596,0.9473,0.7895,0.8333,0.8718
325,PointNet,0.8947,0.9335,0.8571,0.7826,0.9706
326,PointNet,0.9474,0.9706,0.9032,0.8235,1.0
327,PointNet,0.8421,0.9322,0.7568,0.6087,1.0
328,PointNet,0.9123,0.968,0.8387,0.8125,0.9512
329,PointNet,0.8772,0.9421,0.7586,0.6875,0.9512
330,PointNet,0.9649,0.9974,0.9545,0.913,1.0
331,PointNet,0.8596,0.961,0.7778,0.6364,1.0
332,PointNet,0.9474,0.9762,0.9091,1.0,0.9286
333,PointNet,0.9474,0.9643,0.9268,0.9048,0.9722
334,PointNet,0.8947,0.9484,0.8571,0.8571,0.9167
335,PointNet,0.8596,0.9405,0.7143,0.625,0.9512
336,PointNet,0.9123,0.9492,0.8148,0.7333,0.9762
337,PointNet,0.9123,0.9497,0.8649,0.7619,1.0
338,PointNet,0.8947,0.9691,0.8235,0.8235,0.925
339,PointNet,0.8596,0.9644,0.7333,0.6111,0.9744
340,PointNet,0.9298,0.9568,0.8889,0.8,1.0
341,PointNet,0.8947,0.9543,0.8125,0.6842,1.0
342,PointNet,0.9123,0.9236,0.8148,0.7857,0.9535
343,PointNet,0.9649,0.9644,0.9,0.8182,1.0
344,PointNet,0.8947,0.9444,0.8235,0.7778,0.9487
345,PointNet,0.9123,0.9595,0.8571,0.75,1.0
346,PointNet,0.9474,0.9756,0.9032,0.875,0.9756
347,PointNet,0.8772,0.9284,0.7407,0.625,0.9756
348,PointNet,0.9123,0.9558,0.8718,0.7727,1.0
349,PointNet,0.9298,0.9729,0.8824,0.8333,0.9744
350,PointNet,0.9474,0.9861,0.9189,0.8947,0.9737
351,PointNet,0.9298,0.9604,0.8667,0.8125,0.9756
352,PointNet,0.9474,0.9703,0.8696,0.7692,1.0
353,PointNet,0.8421,0.9162,0.7273,0.6,0.973
354,PointNet,0.9474,0.9524,0.8966,0.8667,0.9762
355,PointNet,0.9474,0.9857,0.8889,0.8,1.0
356,PointNet,0.8772,0.9254,0.6957,0.5333,1.0
357,PointNet,0.8596,0.9245,0.7333,0.6111,0.9744
358,PointNet,0.8772,0.9363,0.7742,0.6316,1.0
359,PointNet,0.8947,1.0,0.8571,0.75,1.0
360,PointNet,0.9123,0.9501,0.878,0.7826,1.0
361,PointNet,0.8772,0.9455,0.8108,0.6818,1.0
362,PointNet,0.8772,0.9405,0.8,0.6667,1.0
363,PointNet,0.8772,0.9066,0.8205,0.6957,1.0
364,PointNet,0.9298,0.9633,0.8333,0.7692,0.9773
365,PointNet,0.9298,0.9685,0.8462,0.8462,0.9545
366,PointNet,0.9123,0.9352,0.7826,0.6429,1.0
367,PointNet,0.9123,0.979,0.8,0.7692,0.9545
368,PointNet,0.8947,0.9349,0.7692,0.6667,0.9762
369,PointNet,0.9649,0.9808,0.9231,0.9231,0.9773
370,PointNet,0.8947,0.9085,0.5714,0.4,1.0
371,PointNet,0.9123,0.9806,0.8571,0.7895,0.9737
372,PointNet,0.9123,0.9662,0.8718,0.85,0.9459
373,PointNet,0.9825,0.9915,0.9714,0.9444,1.0
374,PointNet,0.8947,0.9238,0.8125,0.6842,1.0
375,PointNet,0.8772,0.9529,0.7586,0.6471,0.975
376,PointNet,0.9649,0.9801,0.9412,0.8889,1.0
377,PointNet,0.9123,0.927,0.8148,0.7333,0.9762
378,PointNet,0.9298,0.9744,0.8889,0.8889,0.9487
379,PointNet,0.9123,0.9743,0.8718,0.85,0.9459
380,PointNet,0.8947,0.9476,0.8571,0.7826,0.9706
381,PointNet,0.9474,0.9502,0.88,0.7857,1.0
382,PointNet,0.8772,0.9178,0.6667,0.5385,0.9773
383,PointNet,0.9649,0.9763,0.9,0.8182,1.0
384,PointNet,0.8596,0.9032,0.8261,0.7308,0.9677
385,PointNet,0.9474,0.9695,0.9032,0.875,0.9756
386,PointNet,0.9123,0.8948,0.8276,0.75,0.9756
387,PointNet,0.9649,0.9588,0.9375,0.8824,1.0
388,PointNet,0.9474,0.9668,0.88,0.8462,0.9773
389,PointNet,0.9298,0.9618,0.8462,0.7857,0.9767
390,PointNet,0.8947,0.9252,0.7692,0.7143,0.9535
391,PointNet,0.807,0.828,0.6857,0.5714,0.9444
392,PointNet,0.9123,0.9188,0.8485,0.7778,0.9744
393,PointNet,0.9298,0.9873,0.8462,0.7333,1.0
394,PointNet,0.9123,0.9473,0.8387,0.7222,1.0
395,PointNet,0.9298,0.964,0.8889,0.8421,0.9737
396,PointNet,0.9474,0.9838,0.9032,0.8235,1.0
397,PointNet,0.8596,0.9669,0.7778,0.6667,0.9722
398,PointNet,0.9298,1.0,0.875,0.7778,1.0
399,PointNet,0.9298,0.9559,0.8667,0.7647,1.0
400,PointNet,0.9474,0.9762,0.9032,0.9333,0.9524
401,PointNet,0.9298,0.907,0.8333,0.7143,1.0
402,PointNet,0.9123,0.936,0.8148,0.6875,1.0
403,PointNet,0.8772,0.9543,0.7407,0.625,0.9756
404,PointNet,0.9298,0.9369,0.8462,0.7857,0.9767
405,PointNet,0.9298,0.9795,0.9048,0.8261,1.0
406,PointNet,0.8772,0.9146,0.7586,0.6875,0.9512
407,PointNet,0.8947,0.9559,0.8,0.7059,0.975
408,PointNet,0.9474,0.9706,0.9302,0.8696,1.0
409,PointNet,0.9298,0.9584,0.9048,0.8636,0.9714
410,PointNet,0.8947,0.973,0.8235,0.7,1.0
411,PointNet,0.9474,0.9794,0.9143,0.9412,0.95
412,PointNet,0.8421,0.8657,0.7097,0.5789,0.9737
413,PointNet,0.9298,0.9683,0.8947,0.8095,1.0
414,PointNet,0.9123,0.9672,0.8571,0.8333,0.9487
415,PointNet,0.9123,0.965,0.8276,0.9231,0.9091
416,PointNet,0.9474,0.9832,0.9032,0.875,0.9756
417,PointNet,0.9123,0.9557,0.8571,0.7895,0.9737
418,PointNet,0.9298,0.9662,0.9,0.8182,1.0
419,PointNet,0.9298,0.9556,0.8571,0.8,0.9762
420,PointNet,0.9298,0.9635,0.8462,0.7857,0.9767
421,PointNet,0.9298,0.9635,0.8889,0.8,1.0
422,PointNet,0.9474,0.9784,0.9189,0.85,1.0
423,PointNet,0.9474,0.9779,0.9032,0.8235,1.0
424,PointNet,0.9825,0.9943,0.973,1.0,0.9744
425,PointNet,0.9649,0.9894,0.95,0.9048,1.0
426,PointNet,0.9298,0.9551,0.8462,0.7857,0.9767
427,PointNet,0.8772,0.9299,0.8,0.6667,1.0
428,PointNet,0.9298,0.9545,0.8462,0.8462,0.9545
429,PointNet,0.9474,0.9715,0.9091,0.8333,1.0
430,PointNet,0.9649,0.9868,0.9524,0.9524,0.9722
431,PointNet,0.8596,0.9284,0.8261,0.8261,0.8824
432,PointNet,0.9474,0.9493,0.8696,0.7692,1.0
433,PointNet,0.9298,0.9756,0.8571,0.75,1.0
434,PointNet,0.9123,0.95,0.8387,0.7647,0.975
435,PointNet,0.8947,0.9441,0.8,0.7059,0.975
436,PointNet,0.8947,0.9514,0.8421,0.8,0.9459
437,PointNet,0.9298,0.9787,0.875,0.875,0.9512
438,PointNet,0.8947,0.8907,0.6667,0.5,1.0
439,PointNet,0.8772,0.95,0.8108,0.75,0.9459
440,PointNet,0.9123,0.9485,0.8148,0.7857,0.9535
441,PointNet,0.9474,0.9868,0.9032,0.8235,1.0
442,PointNet,0.9123,0.9266,0.7826,0.6923,0.9773
443,PointNet,0.9123,0.9626,0.8649,0.8421,0.9474
444,PointNet,0.9298,0.9662,0.875,0.8235,0.975
445,PointNet,0.9298,0.9162,0.875,0.8235,0.975
446,PointNet,0.9298,0.9032,0.8462,0.7333,1.0
447,PointNet,0.9649,0.9691,0.9375,0.8824,1.0
448,PointNet,0.9474,0.9825,0.9032,0.9333,0.9524
449,PointNet,0.9123,0.9559,0.8387,0.7647,0.975
450,PointNet,0.8246,0.9533,0.7368,0.5833,1.0
451,PointNet,0.8772,0.9701,0.8205,0.7273,0.9714
452,PointNet,0.9123,0.9654,0.8571,0.7895,0.9737
453,PointNet,0.9123,0.9695,0.8276,0.75,0.9756
454,PointNet,0.9298,0.9658,0.875,0.7778,1.0
455,PointNet,0.9474,0.9651,0.8889,0.8571,0.9767
456,PointNet,0.8947,0.9324,0.7857,0.6471,1.0
457,PointNet,0.9298,0.9471,0.8667,0.7647,1.0
458,PointNet,0.9123,0.9829,0.8387,0.7222,1.0
459,PointNet,0.8947,0.9441,0.7857,0.6471,1.0
460,PointNet,0.8947,0.9402,0.7273,0.5714,1.0
461,PointNet,0.8947,0.9312,0.85,0.7727,0.9714
462,PointNet,0.9123,0.9687,0.8485,0.7778,0.9744
463,PointNet,0.9298,0.9649,0.8889,0.8,1.0
464,PointNet,0.8421,0.9258,0.7568,0.6087,1.0
465,PointNet,0.8772,0.9391,0.7879,0.6842,0.9737
466,PointNet,0.9298,0.9577,0.8947,0.8095,1.0
467,PointNet,0.8596,0.8603,0.6923,0.6,0.9524
468,PointNet,0.8947,0.9286,0.85,0.7727,0.9714
469,PointNet,0.9298,0.9587,0.875,0.7778,1.0
470,PointNet,0.8947,0.9302,0.75,0.6,1.0
471,PointNet,0.8947,0.9024,0.7857,0.6875,0.9756
472,PointNet,0.8772,0.9197,0.7742,0.6316,1.0
473,PointNet,0.8947,0.963,0.85,0.8095,0.9444
474,PointNet,0.8772,0.906,0.7879,0.7222,0.9487
475,PointNet,0.9825,0.9926,0.9565,0.9167,1.0
476,PointNet,0.8947,0.9476,0.7692,0.7692,0.9318
477,PointNet,0.9123,0.9762,0.8276,0.8,0.9524
478,PointNet,0.9474,0.9734,0.88,0.7857,1.0
479,PointNet,0.9123,0.8899,0.7619,0.6154,1.0
480,PointNet,0.8596,0.9146,0.75,0.75,0.9024
481,PointNet,0.8947,0.9206,0.7857,0.7333,0.9524
482,PointNet,0.9298,0.9612,0.8947,0.8947,0.9474
483,PointNet,0.8772,0.964,0.8511,0.7692,0.9677
484,PointNet,0.9123,0.9514,0.8649,0.8,0.973
485,PointNet,0.8947,0.9691,0.8,0.7059,0.975
486,PointNet,0.8947,0.9296,0.75,0.75,0.9333
487,PointNet,0.8772,0.8818,0.7879,0.7222,0.9487
488,PointNet,0.9474,0.9601,0.88,0.7857,1.0
489,PointNet,0.9474,0.9766,0.8421,0.8,0.9787
490,PointNet,0.9298,0.9382,0.8667,0.7647,1.0
491,PointNet,0.8421,0.9649,0.7097,0.55,1.0
492,PointNet,0.9123,0.9484,0.8649,0.7619,1.0
493,PointNet,0.8947,0.9603,0.8125,0.7647,0.95
494,PointNet,0.9123,0.9691,0.8571,0.8824,0.925
495,PointNet,0.8947,0.9451,0.8,0.75,0.9512
496,PointNet,0.9123,0.9385,0.7826,0.6429,1.0
497,PointNet,0.9298,0.9684,0.8,0.7273,0.9783
498,PointNet,0.8947,0.9245,0.8,0.6667,1.0
499,PointNet,0.8772,0.9382,0.7586,0.6471,0.975
500,PointNet,0.9123,0.9544,0.8485,0.7778,0.9744
501,PointNet,0.9474,0.9901,0.8696,0.9091,0.9565
502,PointNet,0.9825,0.9986,0.973,1.0,0.9744
503,PointNet,0.8947,0.9309,0.8571,0.7826,0.9706
504,PointNet,0.8947,0.9031,0.8235,0.7778,0.9487
505,PointNet,0.9474,0.9727,0.9388,0.8846,1.0
506,PointNet,0.9474,0.9735,0.9032,0.8235,1.0
507,PointNet,0.8421,0.8675,0.6667,0.5,1.0
508,PointNet,0.8246,0.9231,0.6667,0.5556,0.9487
509,PointNet,0.9474,0.9834,0.9189,0.8947,0.9737
510,PointNet,0.9123,0.9404,0.8649,0.8421,0.9474
511,PointNet,0.8772,0.9135,0.8,0.7,0.973
512,PointNet,0.9123,0.9703,0.878,0.9,0.9189
513,PointNet,0.9123,0.9431,0.8649,0.7619,1.0
514,PointNet,0.8772,0.9731,0.8205,0.6957,1.0
515,PointNet,0.8947,0.9423,0.7857,0.8462,0.9091
516,PointNet,0.9649,0.9921,0.9333,0.9333,0.9762
517,PointNet,0.8772,0.9003,0.7879,0.6842,0.9737
518,PointNet,0.8947,0.9368,0.8125,0.7647,0.95
519,PointNet,0.8421,0.9156,0.7692,0.6818,0.9429
520,PointNet,0.8772,0.8787,0.72,0.6429,0.9535
521,PointNet,0.8772,0.9494,0.8205,0.7273,0.9714
522,PointNet,0.9123,0.963,0.8,0.8333,0.9333
523,PointNet,0.8772,0.9474,0.8,0.7368,0.9474
524,PointNet,0.9649,0.9834,0.9286,0.9286,0.9767
525,PointNet,0.9649,0.9714,0.9524,0.9091,1.0
526,PointNet,0.8596,0.9436,0.6923,0.5625,0.9756
527,PointNet,0.9825,0.9684,0.963,0.9286,1.0
528,PointNet,0.9649,0.9817,0.9231,0.8571,1.0
529,PointNet,0.9123,0.9219,0.8,0.7143,0.9767
530,PointNet,0.9649,0.9878,0.95,0.95,0.973
531,PointNet,0.9298,0.9689,0.8947,0.85,0.973
532,PointNet,0.8421,0.9351,0.7805,0.7273,0.9143
533,PointNet,0.8947,0.9153,0.8333,0.7143,1.0
534,PointNet,0.9298,0.9765,0.8667,0.7647,1.0
535,PointNet,0.8947,0.9175,0.7857,0.7333,0.9524
536,PointNet,0.9123,0.9601,0.7826,0.6429,1.0
537,PointNet,0.9474,0.9759,0.8696,0.8333,0.9778
538,PointNet,0.9474,0.9722,0.8696,0.8333,0.9778
539,PointNet,0.9123,0.9687,0.8387,0.7222,1.0
540,PointNet,0.8772,0.9153,0.7407,0.7143,0.9302
541,PointNet,0.9825,0.9913,0.96,0.9231,1.0
542,PointNet,0.8596,0.9471,0.7143,0.5882,0.975
543,PointNet,0.8947,0.939,0.8,0.75,0.9512
544,PointNet,0.8947,0.9557,0.8333,0.7895,0.9474
545,PointNet,0.9298,0.9556,0.8462,0.7333,1.0
546,PointNet,0.9298,0.9248,0.8333,0.7692,0.9773
547,PointNet,0.8246,0.8919,0.7222,0.65,0.9189
548,PointNet,0.9474,0.9815,0.9231,0.8571,1.0
549,PointNet,0.9123,0.9397,0.8148,0.7333,0.9762
550,PointNet,0.9649,0.9854,0.95,0.9048,1.0
551,PointNet,0.8772,0.9058,0.8,0.7368,0.9474
552,PointNet,0.9123,0.9159,0.8276,0.8,0.9524
553,PointNet,0.9474,0.9268,0.9032,0.875,0.9756
554,PointNet,0.9298,0.9665,0.8571,0.75,1.0
555,PointNet,0.8596,0.9034,0.7647,0.619,1.0
556,PointNet,0.9123,0.9473,0.8571,0.75,1.0
557,PointNet,0.9649,0.958,0.9167,0.8462,1.0
558,PointNet,0.8947,0.9426,0.8125,0.7647,0.95
559,PointNet,0.8947,0.9626,0.8125,0.6842,1.0
560,PointNet,0.8596,0.9339,0.7895,0.7143,0.9444
561,PointNet,0.8421,0.9302,0.7429,0.7222,0.8974
562,PointNet,1.0,1.0,1.0,1.0,1.0
563,PointNet,0.9474,0.9787,0.8571,0.9,0.9574
564,PointNet,0.9474,0.9913,0.8889,0.9231,0.9545
565,PointNet,0.9123,0.968,0.8276,0.75,0.9756
566,PointNet,1.0,1.0,1.0,1.0,1.0
567,PointNet,0.9649,0.986,0.9231,0.9231,0.9773
568,PointNet,0.9474,0.9648,0.8696,0.8333,0.9778
569,PointNet,0.8947,0.9418,0.8125,0.6842,1.0
570,PointNet,0.9474,0.9706,0.9032,0.8235,1.0
571,PointNet,0.8947,0.9224,0.8235,0.7368,0.9737
572,PointNet,0.9649,0.9817,0.9286,0.9286,0.9767
573,PointNet,0.9298,0.9668,0.8571,0.8571,0.9535
574,PointNet,0.9298,0.9734,0.8571,0.8571,0.9535
575,PointNet,0.9123,0.9459,0.8485,0.7778,0.9744
576,PointNet,0.9474,0.981,0.8966,0.8667,0.9762
577,PointNet,0.9123,0.9571,0.8718,0.8947,0.9211
578,PointNet,0.9474,0.9585,0.8889,0.8571,0.9767
579,PointNet,0.9298,0.9587,0.875,0.7778,1.0
580,PointNet,0.9298,0.9466,0.8571,0.75,1.0
581,PointNet,0.8947,0.939,0.7857,0.6875,0.9756
582,PointNet,0.9298,0.9481,0.8182,0.75,0.9778
583,PointNet,0.9298,0.9352,0.8182,0.75,0.9778
584,PointNet,0.9123,0.9756,0.8571,0.9375,0.9024
585,PointNet,0.9298,0.9635,0.8571,0.8571,0.9535
586,PointNet,0.9474,0.9843,0.88,0.8462,0.9773
587,PointNet,0.9649,0.9829,0.9412,0.8889,1.0
588,PointNet,0.9298,0.9751,0.8947,0.8947,0.9474
589,PointNet,0.8772,0.9147,0.7742,0.7059,0.95
590,PointNet,0.9649,0.9896,0.9524,0.9091,1.0
591,PointNet,0.9649,0.9779,0.9524,0.9091,1.0
592,PointNet,0.9298,0.9706,0.8667,0.7647,1.0
593,PointNet,0.9298,0.9675,0.9048,0.8636,0.9714
594,PointNet,0.9123,0.9279,0.8276,0.7059,1.0
595,PointNet,0.9123,0.943,0.8387,0.7222,1.0
596,PointNet,0.9298,0.9474,0.8889,0.8421,0.9737
597,PointNet,0.9649,0.9696,0.95,0.9048,1.0
598,PointNet,0.8596,0.9003,0.6667,0.5714,0.9535
599,PointNet,0.9474,0.9851,0.8571,0.9,0.9574
600,PointNet,0.9474,0.9802,0.9091,0.9375,0.9512
601,PointNet,0.8947,0.9254,0.75,0.6,1.0
602,PointNet,0.9298,0.9619,0.8667,0.8667,0.9524
603,PointNet,0.9298,0.9809,0.875,0.8235,0.975
604,PointNet,0.9123,0.9441,0.7826,0.6923,0.9773
605,PointNet,0.9298,0.9676,0.8667,0.7647,1.0
606,PointNet,0.9298,0.9584,0.8889,0.8421,0.9737
607,PointNet,0.9298,0.9634,0.8667,0.8125,0.9756
608,PointNet,0.8947,0.9672,0.8333,0.8333,0.9231
609,PointNet,0.8596,0.9217,0.8,0.6667,1.0
610,PointNet,0.9474,0.9587,0.8966,0.8667,0.9762
611,PointNet,0.8947,0.9309,0.8,0.7059,0.975
612,PointNet,0.9123,0.9574,0.8276,0.7059,1.0
613,PointNet,0.9123,0.9574,0.8387,0.7647,0.975
614,PointNet,0.9298,0.9471,0.8824,0.8824,0.95
615,PointNet,0.9123,0.9527,0.8276,0.75,0.9756
616,PointNet,0.9474,0.9912,0.9032,0.8235,1.0
617,PointNet,0.9123,0.9302,0.7826,0.6429,1.0
618,PointNet,0.9298,0.9588,0.875,0.8235,0.975
619,PointNet,0.9298,0.9543,0.8947,0.8947,0.9474
620,PointNet,0.8772,0.939,0.8108,0.6818,1.0
621,PointNet,0.9649,0.9895,0.9231,0.9231,0.9773
622,PointNet,0.8596,0.9238,0.75,0.6316,0.9737
623,PointNet,0.8596,0.9273,0.7778,0.6364,1.0
624,PointNet,0.9298,0.9541,0.9,0.9,0.9459
625,PointNet,0.9474,0.9838,0.9091,0.8824,0.975
626,PointNet,0.8947,0.9763,0.75,0.8182,0.913
627,PointNet,0.8947,0.9286,0.8333,0.7143,1.0
628,PointNet,0.9825,0.9965,0.96,0.9231,1.0
629,PointNet,0.9825,0.9895,0.96,0.9231,1.0
630,PointNet,0.9474,0.9718,0.88,0.7857,1.0
631,PointNet,0.8947,0.9471,0.8421,0.7619,0.9722
632,PointNet,0.8772,0.878,0.7586,0.6875,0.9512
633,PointNet,0.8421,0.9108,0.6667,0.6923,0.8864
634,PointNet,0.9123,0.919,0.7368,0.6364,0.9783
635,PointNet,0.9474,0.9905,0.9231,0.9,0.973
636,PointNet,0.8947,0.9294,0.8,0.7059,0.975
637,PointNet,0.8947,0.9413,0.7857,0.7333,0.9524
638,PointNet,0.9649,0.9885,0.9565,0.9565,0.9706
639,PointNet,0.9474,0.9691,0.9032,0.8235,1.0
640,PointNet,0.9123,0.9751,0.8571,0.7895,0.9737
641,PointNet,0.9298,0.9405,0.8571,0.75,1.0
642,PointNet,0.9123,0.9787,0.8387,0.8125,0.9512
643,PointNet,0.9298,0.9706,0.8667,0.7647,1.0
644,PointNet,0.9123,0.9612,0.8485,0.7368,1.0
645,PointNet,0.8772,0.9268,0.7586,0.6875,0.9512
646,PointNet,0.9474,0.9867,0.88,0.7857,1.0
647,PointNet,0.8772,0.9177,0.7742,0.75,0.9268
648,PointNet,0.9474,0.9577,0.9231,0.8571,1.0
649,PointNet,0.8947,0.9601,0.8,0.6667,1.0
650,PointNet,0.9123,0.9726,0.8387,0.8125,0.9512
651,PointNet,0.8772,0.9169,0.8108,0.7895,0.9211
652,PointNet,0.9298,0.9687,0.8824,0.8333,0.9744
653,PointNet,0.8947,0.9471,0.8235,0.8235,0.925
654,PointNet,0.8246,0.9169,0.75,0.6818,0.9143
655,PointNet,0.8947,0.9658,0.8235,0.7778,0.9487
656,PointNet,0.8947,0.9559,0.7857,0.6471,1.0
657,PointNet,0.8947,0.9541,0.8333,0.75,0.973
658,PointNet,0.9474,0.9619,0.8966,0.8125,1.0
659,PointNet,0.9123,0.9537,0.8649,0.7619,1.0
660,PointNet,0.9123,0.9626,0.8485,0.7368,1.0
661,PointNet,0.9474,0.9829,0.9091,0.8333,1.0
662,PointNet,0.9649,0.9779,0.9375,0.8824,1.0
663,PointNet,0.8772,0.9284,0.8,0.7,0.973
664,PointNet,0.9474,0.9485,0.9091,0.8824,0.975
665,PointNet,0.9474,0.9635,0.88,0.7857,1.0
666,PointNet,0.9649,0.9824,0.9375,0.8824,1.0
667,PointNet,0.9298,0.9204,0.8182,0.75,0.9778
668,PointNet,0.8421,0.9078,0.7805,0.7273,0.9143
669,PointNet,0.8947,0.9672,0.8333,0.8333,0.9231
670,PointNet,0.9298,0.9563,0.8333,0.7692,0.9773
671,PointNet,0.9123,0.9689,0.8649,0.8,0.973
672,PointNet,0.8596,0.9174,0.7333,0.6111,0.9744
673,PointNet,0.9298,0.9441,0.875,0.8235,0.975
674,PointNet,0.8947,0.9571,0.8125,0.6842,1.0
675,PointNet,0.8772,0.9363,0.8,0.7368,0.9474
676,PointNet,0.8596,0.9382,0.7333,0.6471,0.95
677,PointNet,0.9298,0.9568,0.8333,0.7143,1.0
678,PointNet,0.9123,0.9404,0.8571,0.7895,0.9737
679,PointNet,0.8596,0.9054,0.7647,0.65,0.973
680,PointNet,0.8947,0.9801,0.7692,0.7143,0.9535
681,PointNet,0.8596,0.9127,0.7647,0.619,1.0
682,PointNet,0.8947,0.9178,0.75,0.6923,0.9545
683,PointNet,0.9474,0.9573,0.9091,0.8333,1.0
684,PointNet,0.9123,0.9662,0.8387,0.7647,0.975
685,PointNet,0.8947,0.9568,0.8333,0.75,0.973
686,PointNet,0.9123,0.9167,0.7619,0.6667,0.9778
687,PointNet,0.8772,0.9284,0.8108,0.75,0.9459
688,PointNet,1.0,1.0,1.0,1.0,1.0
689,PointNet,0.8947,0.9501,0.8571,0.7826,0.9706
690,PointNet,0.9123,0.9259,0.7619,0.6667,0.9778
691,PointNet,0.9123,0.9388,0.8,0.7692,0.9545
692,PointNet,0.9649,0.9878,0.9231,0.9231,0.9773
693,PointNet,0.9474,0.968,0.9091,0.9375,0.9512
694,PointNet,0.9298,0.9554,0.8947,0.85,0.973
695,PointNet,0.8772,0.933,0.7742,0.6667,0.9744
696,PointNet,0.8772,0.923,0.8,0.7,0.973
697,PointNet,0.8772,0.9271,0.8205,0.6957,1.0
698,PointNet,0.8596,0.9065,0.8,0.7273,0.9429
699,PointNet,0.8947,0.9359,0.8,0.6667,1.0
700,PointNet,0.9123,0.9238,0.8148,0.7333,0.9762
701,PointNet,0.9474,0.9734,0.8889,0.8571,0.9767
702,PointNet,0.9825,0.995,0.9796,0.96,1.0
703,PointNet,0.9123,0.9753,0.8718,0.7727,1.0
704,PointNet,0.8596,0.9556,0.6364,0.4667,1.0
705,PointNet,0.9123,0.9185,0.7619,0.6667,0.9778
706,PointNet,0.9123,0.9628,0.8936,0.8077,1.0
707,PointNet,0.8772,0.8941,0.7742,0.7059,0.95
708,PointNet,0.8246,0.9088,0.6429,0.5294,0.95
709,PointNet,0.9298,0.9672,0.8824,0.8333,0.9744
710,PointNet,0.9123,0.9219,0.8,0.7143,0.9767
711,PointNet,0.8947,0.9302,0.8,0.8571,0.907
712,PointNet,0.9474,0.9801,0.9143,0.8889,0.9744
713,PointNet,0.9123,0.9573,0.8387,0.7222,1.0
714,PointNet,0.8772,0.9274,0.7742,0.6667,0.9744
715,PointNet,0.8421,0.9086,0.7429,0.6842,0.9211
716,PointNet,0.9123,0.8968,0.8276,0.8,0.9524
717,PointNet,0.9123,0.9493,0.7619,0.6154,1.0
718,PointNet,0.9123,0.9655,0.878,0.7826,1.0
719,PointNet,0.8596,0.9013,0.8,0.7273,0.9429
720,PointNet,0.8772,0.9392,0.8,0.7,0.973
721,PointNet,0.9298,0.9721,0.8667,0.7647,1.0
722,PointNet,0.9298,0.9644,0.8824,0.8333,0.9744
723,PointNet,0.8947,0.9656,0.8333,0.7143,1.0
724,PointNet,0.8421,0.8429,0.6667,0.6,0.9286
725,PointNet,0.8772,0.9324,0.7407,0.5882,1.0
726,PointNet,0.8596,0.9284,0.7143,0.625,0.9512
727,PointNet,0.9474,0.981,0.8889,0.8,1.0
728,PointNet,0.8772,0.8618,0.7586,0.6471,0.975
729,PointNet,0.9123,0.8986,0.7826,0.6923,0.9773
730,PointNet,0.9123,0.973,0.8148,0.7333,0.9762
731,PointNet,0.9123,0.9391,0.8485,0.7368,1.0
732,PointNet,0.9123,0.9571,0.8387,0.8667,0.9286
733,PointNet,0.9298,0.9667,0.8333,0.8333,0.9556
734,PointNet,0.9298,0.9675,0.9,0.8182,1.0
735,PointNet,0.8421,0.8887,0.64,0.5,0.9756
736,PointNet,0.9123,0.9772,0.8485,0.7778,0.9744
737,PointNet,0.8772,0.9351,0.8108,0.75,0.9459
738,PointNet,0.9474,0.9519,0.8696,0.8333,0.9778
739,PointNet,0.9123,0.9407,0.7368,0.6364,0.9783
740,PointNet,0.8947,0.9048,0.8333,0.7143,1.0
741,PointNet,0.9298,0.9696,0.8947,0.8095,1.0
742,PointNet,0.8772,0.8778,0.6316,0.5,0.9778
743,PointNet,1.0,1.0,1.0,1.0,1.0
744,PointNet,0.9123,0.9598,0.8148,0.8462,0.9318
745,PointNet,0.9298,0.9573,0.8571,0.75,1.0
746,PointNet,0.9298,0.9817,0.8571,0.75,1.0
747,PointNet,0.9649,0.9974,0.9524,0.9091,1.0
748,PointNet,0.8947,0.9885,0.8571,0.7826,0.9706
749,PointNet,0.8947,0.9468,0.75,0.6429,0.9767
750,PointNet,0.9298,0.9737,0.8889,0.8421,0.9737
751,PointNet,0.9474,0.9501,0.9091,0.8333,1.0
752,PointNet,0.9123,0.9459,0.8649,0.8,0.973
753,PointNet,0.8772,0.9649,0.8205,0.7273,0.9714
754,PointNet,0.9298,0.9757,0.8947,0.85,0.973
755,PointNet,0.9474,0.9722,0.9231,0.8571,1.0
756,PointNet,0.9298,0.9772,0.8824,0.8333,0.9744
757,PointNet,0.8947,0.9603,0.8421,0.7619,0.9722
758,PointNet,0.9474,0.9611,0.8571,0.75,1.0
759,PointNet,0.9649,0.9848,0.9375,0.9375,0.9756
760,PointNet,0.9474,0.9851,0.9189,0.85,1.0
761,PointNet,0.8596,0.9311,0.7778,0.7,0.9459
762,PointNet,0.9474,0.9669,0.9268,0.9048,0.9722
763,PointNet,0.9298,0.9421,0.8571,0.75,1.0
764,PointNet,0.9649,0.9838,0.9375,0.8824,1.0
765,PointNet,0.8596,0.9203,0.7333,0.7857,0.8837
766,PointNet,0.9298,0.9485,0.875,0.8235,0.975
767,PointNet,0.9298,0.9729,0.8824,0.8333,0.9744
768,PointNet,0.9474,0.9968,0.8889,0.8,1.0
769,PointNet,0.9474,0.9903,0.9189,0.8947,0.9737
770,PointNet,0.9298,0.9471,0.8667,0.7647,1.0
771,PointNet,0.9298,0.9654,0.8824,0.7895,1.0
772,PointNet,0.9123,0.9038,0.7826,0.6923,0.9773
773,PointNet,0.8596,0.9413,0.7143,0.6667,0.9286
774,PointNet,0.9123,0.9527,0.8148,0.6875,1.0
775,PointNet,0.9474,0.9568,0.8889,0.8571,0.9767
776,PointNet,0.8947,0.9359,0.8125,0.7222,0.9744
777,PointNet,0.9298,0.9683,0.8571,0.8,0.9762
778,PointNet,0.9123,0.9514,0.8718,0.85,0.9459
779,PointNet,0.9123,0.9581,0.8571,0.75,1.0
780,PointNet,0.9298,0.9675,0.9,0.8182,1.0
781,PointNet,0.8772,0.9118,0.7586,0.6471,0.975
782,PointNet,0.8947,0.9508,0.8636,0.7917,0.9697
783,PointNet,0.8596,0.9206,0.7778,0.6667,0.9722
784,PointNet,0.9298,0.9701,0.875,0.7778,1.0
785,PointNet,0.9298,0.9651,0.8571,0.8,0.9762
786,PointNet,0.8947,0.9527,0.8,0.75,0.9512
787,PointNet,0.8947,0.9636,0.8571,0.8182,0.9429
788,PointNet,0.9474,0.9419,0.88,0.7857,1.0
789,PointNet,0.8947,0.9644,0.8,0.6667,1.0
790,PointNet,0.9298,0.9578,0.9091,0.8696,0.9706
791,PointNet,0.8421,0.8826,0.64,0.5,0.9756
792,PointNet,0.8596,0.9405,0.7647,0.619,1.0
793,PointNet,0.8947,0.9451,0.8,0.75,0.9512
794,PointNet,0.9298,0.9867,0.8333,0.7143,1.0
795,PointNet,0.9825,0.9963,0.9565,0.9167,1.0
796,PointNet,0.9298,0.9529,0.8824,0.7895,1.0
797,PointNet,0.8772,0.9188,0.8,0.7778,0.9231
798,PointNet,0.8947,0.9603,0.8235,0.8235,0.925
799,PointNet,0.9474,0.9426,0.8696,0.8333,0.9778
800,PointNet,0.8947,0.9429,0.8571,0.8182,0.9429
801,PointNet,0.8596,0.9174,0.75,0.6667,0.9487
802,PointNet,0.9474,0.9451,0.8966,0.8125,1.0
803,PointNet,0.9474,0.9317,0.8889,0.8,1.0
804,PointNet,0.9123,0.9064,0.7368,0.7,0.9574
805,PointNet,0.9474,0.9757,0.9189,0.85,1.0
806,PointNet,0.9474,0.9667,0.8696,0.8333,0.9778
807,PointNet,0.9298,0.9863,0.8571,0.75,1.0
808,PointNet,0.9298,0.9514,0.8947,0.85,0.973
809,PointNet,0.9474,0.9857,0.8966,0.8667,0.9762
810,PointNet,0.8772,0.9314,0.7879,0.8125,0.9024
811,PointNet,0.8772,0.904,0.7407,0.625,0.9756
812,PointNet,0.8772,0.9466,0.7742,0.75,0.9268
813,PointNet,0.9298,0.96,0.7143,0.7143,0.96
814,PointNet,0.9298,0.9857,0.8571,0.8,0.9762
815,PointNet,0.9474,0.9647,0.9143,0.9412,0.95
816,PointNet,0.9474,0.9353,0.8696,0.7692,1.0
817,PointNet,0.8421,0.9017,0.7273,0.6667,0.9231
818,PointNet,0.8596,0.9235,0.7333,0.6471,0.95
819,PointNet,0.9474,0.9727,0.9268,0.8636,1.0
820,PointNet,0.9649,0.9778,0.9286,0.8667,1.0
821,PointNet,0.9123,0.9088,0.8485,0.7778,0.9744
822,PointNet,0.8947,0.9435,0.75,0.6429,0.9767
823,PointNet,0.8421,0.8575,0.7097,0.6111,0.9487
824,PointNet,0.9298,0.9603,0.8571,0.8,0.9762
825,PointNet,0.9123,0.9603,0.8276,0.8,0.9524
826,PointNet,0.8772,0.9488,0.8205,0.6957,1.0
827,PointNet,0.8596,0.9432,0.75,0.6316,0.9737
828,PointNet,0.9123,0.9601,0.8387,0.7222,1.0
829,PointNet,0.9298,0.9604,0.8667,0.8125,0.9756
830,PointNet,0.9474,0.9868,0.9091,0.8824,0.975
831,PointNet,0.8421,0.9404,0.7429,0.6842,0.9211
832,PointNet,0.9123,0.9336,0.7826,0.6923,0.9773
833,PointNet,0.9123,0.9314,0.8148,0.6875,1.0
834,PointNet,0.8947,0.9306,0.6667,0.6667,0.9375
835,PointNet,0.8596,0.9286,0.8095,0.7727,0.9143
836,PointNet,0.9649,0.9601,0.9231,0.8571,1.0
837,PointNet,0.9298,0.9593,0.8182,0.75,0.9778
838,PointNet,0.9474,0.9588,0.9032,0.8235,1.0
839,PointNet,0.9298,0.9651,0.8667,0.8667,0.9524
840,PointNet,0.9123,0.96,0.8936,0.84,0.9688
841,PointNet,0.9474,0.9801,0.8966,0.9286,0.9535
842,PointNet,0.9649,0.9893,0.9333,0.875,1.0
843,PointNet,0.9474,0.9601,0.88,0.7857,1.0
844,PointNet,0.8772,0.9204,0.6316,0.5,0.9778
845,PointNet,0.9474,0.9889,0.88,0.9167,0.9556
846,PointNet,0.8772,0.9245,0.7879,0.7222,0.9487
847,PointNet,0.8772,0.9482,0.8293,0.7083,1.0
848,PointNet,0.8772,0.8846,0.72,0.6923,0.9318
849,PointNet,0.9474,0.9779,0.9268,0.8636,1.0
850,PointNet,0.9123,0.9619,0.8387,0.8125,0.9512
851,PointNet,0.8772,0.8865,0.8,0.7,0.973
852,PointNet,0.9298,0.9892,0.8947,0.85,0.973
853,PointNet,0.8772,0.9693,0.8205,0.6957,1.0
854,PointNet,0.9298,0.9685,0.8333,0.7692,0.9773
855,PointNet,0.9474,0.9848,0.8966,0.8125,1.0
856,PointNet,0.8772,0.9031,0.7879,0.7222,0.9487
857,PointNet,0.8596,0.9186,0.7333,0.7857,0.8837
858,PointNet,0.9474,0.9249,0.8571,0.8182,0.9783
859,PointNet,0.9298,0.9431,0.9,0.8571,0.9722
860,PointNet,0.9123,0.9508,0.8148,0.7333,0.9762
861,PointNet,0.9474,0.9903,0.9143,0.8421,1.0
862,PointNet,0.9123,0.9097,0.6667,0.5556,0.9792
863,PointNet,0.9298,0.9867,0.8571,0.8571,0.9535
864,PointNet,0.9123,0.9551,0.8,0.7143,0.9767
865,PointNet,0.8772,0.9557,0.8,0.7368,0.9474
866,PointNet,0.8947,0.9131,0.8235,0.7778,0.9487
867,PointNet,0.9123,0.9571,0.8148,0.7333,0.9762
868,PointNet,0.8596,0.8654,0.6667,0.5714,0.9535
869,PointNet,0.9825,0.9924,0.9677,0.9375,1.0
870,PointNet,0.9474,0.9767,0.8966,0.9286,0.9535
871,PointNet,0.9123,0.9432,0.8649,0.8,0.973
872,PointNet,0.8596,0.9074,0.7143,0.5882,0.975
873,PointNet,0.9298,0.974,0.9091,0.9091,0.9429
874,PointNet,0.9298,0.9672,0.8824,0.8333,0.9744
875,PointNet,0.9649,0.9903,0.9444,0.8947,1.0
876,PointNet,0.8772,0.9074,0.7879,0.7222,0.9487
877,PointNet,0.9474,0.9656,0.9231,0.8571,1.0
878,PointNet,0.9123,0.9511,0.8718,0.8095,0.9722
879,PointNet,0.9123,0.9136,0.8,0.7143,0.9767
880,PointNet,0.9474,0.9527,0.8966,0.8125,1.0
881,PointNet,0.9298,0.9735,0.8947,0.8095,1.0
882,PointNet,0.8947,0.9404,0.8421,0.8421,0.9211
883,PointNet,0.9123,0.9544,0.8387,0.7647,0.975
884,PointNet,0.9298,0.9551,0.8462,0.7857,0.9767
885,PointNet,0.9298,0.9834,0.8462,0.7857,0.9767
886,PointNet,0.8947,0.9108,0.8333,0.75,0.973
887,PointNet,0.8947,0.9485,0.8,0.7059,0.975
888,PointNet,0.8772,0.9446,0.8293,0.8947,0.8684
889,PointNet,0.8772,0.964,0.7742,0.6316,1.0
890,PointNet,0.9298,0.9755,0.8333,0.7692,0.9773
891,PointNet,0.9123,0.9786,0.8485,0.7778,0.9744
892,PointNet,0.9298,0.954,0.8571,0.8,0.9762
893,PointNet,0.9474,0.9649,0.9189,0.85,1.0
894,PointNet,0.9825,0.9984,0.9677,1.0,0.9762
895,PointNet,0.9474,0.971,0.8966,0.8125,1.0
896,PointNet,0.9298,0.9795,0.9091,0.8696,0.9706
897,PointNet,0.807,0.8743,0.6452,0.5,0.973
898,PointNet,0.8772,0.9309,0.8293,0.7391,0.9706
899,PointNet,0.8772,0.8407,0.6316,0.5,0.9778
900,PointNet,0.9649,0.9815,0.95,0.9048,1.0
901,PointNet,0.8421,0.9369,0.7805,0.6667,0.9697
902,PointNet,0.9123,0.9584,0.8485,0.7368,1.0
903,PointNet,0.8947,0.9593,0.7273,0.6667,0.9556
904,PointNet,0.8772,0.916,0.7879,0.7222,0.9487
905,PointNet,0.9649,0.9963,0.9231,1.0,0.9556
906,PointNet,0.9298,0.9111,0.8462,0.7333,1.0
907,PointNet,0.8772,0.9527,0.72,0.5625,1.0
908,PointNet,0.9123,0.9315,0.7826,0.75,0.9556
909,PointNet,0.9298,0.9587,0.8889,0.8889,0.9487
910,PointNet,0.807,0.8956,0.6207,0.5294,0.925
911,PointNet,0.8947,0.9371,0.7273,0.6154,0.9773
912,PointNet,0.8947,0.9529,0.8,0.7059,0.975
913,PointNet,0.8947,0.9502,0.7692,0.7143,0.9535
914,PointNet,0.9825,0.9983,0.9655,1.0,0.9767
915,PointNet,0.9123,0.9325,0.8718,0.8095,0.9722
916,PointNet,0.8947,0.9618,0.8,0.7059,0.975
917,PointNet,0.9123,0.9808,0.878,0.7826,1.0
918,PointNet,0.8596,0.9203,0.7778,0.7,0.9459
919,PointNet,0.9298,0.9595,0.9,0.9,0.9459
920,PointNet,0.9123,0.9314,0.8276,0.75,0.9756
921,PointNet,0.9298,0.9584,0.8824,0.7895,1.0
922,PointNet,0.9298,0.9806,0.8889,0.8421,0.9737
923,PointNet,0.8947,0.9147,0.8,0.7059,0.975
924,PointNet,0.7895,0.9318,0.7,0.5833,0.9394
925,PointNet,0.9298,0.9269,0.8333,0.7143,1.0
926,PointNet,0.9649,0.9699,0.875,0.7778,1.0
927,PointNet,0.8772,0.9317,0.72,0.6,0.9762
928,PointNet,0.9298,0.9545,0.9091,0.8333,1.0
929,PointNet,0.8947,0.933,0.8125,0.7222,0.9744
930,PointNet,0.9649,0.9878,0.9333,0.875,1.0
931,PointNet,0.9649,0.9763,0.9091,0.9091,0.9783
932,PointNet,0.9474,0.9466,0.8966,0.8125,1.0
933,PointNet,0.8947,0.8508,0.75,0.6,1.0
934,PointNet,0.9298,0.9809,0.875,0.8235,0.975
935,PointNet,0.9123,0.9191,0.7368,0.7,0.9574
936,PointNet,0.8772,0.8628,0.7586,0.6875,0.9512
937,PointNet,0.9474,0.9668,0.88,0.8462,0.9773
938,PointNet,0.8947,0.9543,0.8235,0.875,0.9024
939,PointNet,0.9123,0.9714,0.8148,0.7333,0.9762
940,PointNet,0.9123,0.9003,0.7619,0.6154,1.0
941,PointNet,0.8772,0.9571,0.7879,0.6842,0.9737
942,PointNet,0.9649,0.9853,0.9375,0.8824,1.0
943,PointNet,0.9298,0.981,0.8462,0.7333,1.0
944,PointNet,0.9298,0.9336,0.8333,0.7692,0.9773
945,PointNet,0.9474,0.9685,0.8696,0.7692,1.0
946,PointNet,0.9474,0.9587,0.8966,0.8667,0.9762
947,PointNet,0.9123,0.9587,0.8276,0.8,0.9524
948,PointNet,0.8772,0.9286,0.8205,0.7273,0.9714
949,PointNet,0.9649,0.95,0.9091,0.8333,1.0
950,PointNet,0.9123,0.9543,0.8571,0.7895,0.9737
951,PointNet,0.8947,0.9233,0.8421,0.7619,0.9722
952,PointNet,0.8246,0.8994,0.6667,0.625,0.9024
953,PointNet,0.8596,0.9335,0.75,0.6316,0.9737
954,PointNet,0.9825,0.9909,0.9677,0.9375,1.0
955,PointNet,0.9474,0.9722,0.8696,0.8333,0.9778
956,PointNet,0.9123,0.939,0.8276,0.75,0.9756
957,PointNet,0.9649,0.9619,0.9333,0.875,1.0
958,PointNet,0.9298,0.9556,0.8333,0.8333,0.9556
959,PointNet,0.9474,0.9759,0.88,0.9167,0.9556
960,PointNet,0.9123,0.9426,0.8276,0.7059,1.0
961,PointNet,0.9474,0.965,0.8696,0.7692,1.0
962,PointNet,0.9474,0.9651,0.8889,0.8571,0.9767
963,PointNet,0.8596,0.9191,0.7143,0.5882,0.975
964,PointNet,0.9123,0.9626,0.8718,0.8947,0.9211
965,PointNet,0.9474,0.9635,0.8966,0.8667,0.9762
966,PointNet,0.8947,0.9382,0.8125,0.7647,0.95
967,PointNet,0.8947,0.968,0.7692,0.625,1.0
968,PointNet,0.8596,0.9324,0.7143,0.5882,0.975
969,PointNet,0.9298,0.9369,0.8333,0.7143,1.0
970,PointNet,0.9474,0.9809,0.9091,0.8824,0.975
971,PointNet,0.8947,0.916,0.8125,0.7222,0.9744
972,PointNet,0.8947,0.9095,0.7692,0.6667,0.9762
973,PointNet,0.9123,0.9421,0.8148,0.6875,1.0
974,PointNet,0.9123,0.9488,0.8485,0.7368,1.0
975,PointNet,0.8947,0.907,0.7857,0.6875,0.9756
976,PointNet,0.9298,0.9468,0.8462,0.7857,0.9767
977,PointNet,0.9474,0.9618,0.9091,0.8824,0.975
978,PointNet,0.9649,0.9718,0.9231,0.8571,1.0
979,PointNet,0.8772,0.936,0.8679,0.7931,0.9643
980,PointNet,0.9298,0.9817,0.8571,0.75,1.0
981,PointNet,0.7895,0.8747,0.6667,0.5217,0.9706
982,PointNet,0.9649,0.9842,0.9091,0.9091,0.9783
983,PointNet,0.8772,0.9,0.7586,0.6471,0.975
984,PointNet,0.9474,0.9843,0.88,0.8462,0.9773
985,PointNet,0.8596,0.9568,0.7647,0.65,0.973
986,PointNet,0.8772,0.925,0.7586,0.6471,0.975
987,PointNet,0.9649,0.987,0.9091,0.8333,1.0
988,PointNet,0.9123,0.9616,0.8649,0.7619,1.0
989,PointNet,0.9474,0.9649,0.9268,0.8636,1.0
990,PointNet,0.9474,0.9808,0.9333,0.913,0.9706
991,PointNet,0.9298,0.96,0.9167,0.88,0.9688
992,PointNet,0.9649,0.9824,0.9375,0.8824,1.0
993,PointNet,0.8246,0.9252,0.6875,0.5789,0.9474
994,PointNet,0.9123,0.9573,0.8387,0.7222,1.0
995,PointNet,0.9825,0.99,0.963,0.9286,1.0
996,PointNet,0.8772,0.9268,0.7586,0.6875,0.9512
997,PointNet,0.9649,0.9882,0.9444,1.0,0.95
998,PointNet,0.8947,0.9317,0.7692,0.6667,0.9762
999,PointNet,0.9298,0.98,0.913,0.84,1.0
1000,PointNet,0.9474,0.9687,0.9143,0.8889,0.9744
1,ResNet+AE,0.8421,0.8889,0.8235,0.875,0.8182
2,ResNet+AE,0.8596,0.9302,0.7778,0.9333,0.8333
3,ResNet+AE,0.9649,0.9921,0.9167,1.0,0.9565
4,ResNet+AE,0.8947,0.9695,0.8571,0.9474,0.8684
5,ResNet+AE,0.8772,0.9224,0.8293,0.8947,0.8684
6,ResNet+AE,0.9123,0.975,0.8649,0.9412,0.9
7,ResNet+AE,0.9649,0.9867,0.9333,1.0,0.9535
8,ResNet+AE,0.8772,0.9197,0.8205,0.8421,0.8947
9,ResNet+AE,0.8772,0.9369,0.7586,0.7857,0.907
10,ResNet+AE,0.9123,0.965,0.8276,0.9231,0.9091
11,ResNet+AE,0.9298,0.9391,0.8889,0.8421,0.9737
12,ResNet+AE,0.9649,0.9751,0.9474,0.9474,0.9737
13,ResNet+AE,0.9123,0.9587,0.8485,0.9333,0.9048
14,ResNet+AE,0.8596,0.9183,0.7895,0.7895,0.8947
15,ResNet+AE,0.8947,0.9352,0.7857,0.7857,0.9302
16,ResNet+AE,0.8947,0.9153,0.7857,0.7857,0.9302
17,ResNet+AE,0.9649,0.9886,0.9474,1.0,0.9487
18,ResNet+AE,0.8947,0.9471,0.8333,0.8824,0.9
19,ResNet+AE,0.9123,0.9684,0.8387,0.9286,0.907
20,ResNet+AE,0.8772,0.9266,0.7742,0.9231,0.8636
21,ResNet+AE,0.9123,0.9169,0.8148,0.7857,0.9535
22,ResNet+AE,0.9123,0.9635,0.8387,0.9286,0.907
23,ResNet+AE,0.9298,0.9471,0.8824,0.8824,0.95
24,ResNet+AE,0.8596,0.8968,0.75,0.8,0.881
25,ResNet+AE,0.9474,0.9861,0.9231,0.9474,0.9474
26,ResNet+AE,0.9298,0.9512,0.875,0.875,0.9512
27,ResNet+AE,0.8772,0.9088,0.8108,0.8333,0.8974
28,ResNet+AE,0.9298,0.9765,0.8889,0.9412,0.925
29,ResNet+AE,0.9298,0.9482,0.8824,0.9375,0.9268
30,ResNet+AE,0.9123,0.971,0.8571,0.9375,0.9024
31,ResNet+AE,0.8772,0.8837,0.8,0.7368,0.9474
32,ResNet+AE,0.8947,0.9416,0.8333,0.8333,0.9231
33,ResNet+AE,0.9123,0.9587,0.8718,0.9444,0.8974
34,ResNet+AE,0.8772,0.9695,0.8108,0.9375,0.8537
35,ResNet+AE,0.9649,0.9797,0.95,0.95,0.973
36,ResNet+AE,0.8772,0.9197,0.8,0.7368,0.9474
37,ResNet+AE,0.8947,0.9714,0.8235,0.9333,0.881
38,ResNet+AE,0.9474,0.9773,0.9362,0.9167,0.9697
39,ResNet+AE,0.9825,0.9919,0.9756,1.0,0.973
40,ResNet+AE,0.8947,0.8956,0.8125,0.7647,0.95
41,ResNet+AE,0.9123,0.9365,0.8837,0.9048,0.9167
42,ResNet+AE,0.9123,0.9219,0.8148,0.7857,0.9535
43,ResNet+AE,0.9825,0.9985,0.9697,1.0,0.9756
44,ResNet+AE,0.9123,0.9,0.7826,0.75,0.9556
45,ResNet+AE,0.9123,0.9591,0.8936,0.913,0.9118
46,ResNet+AE,0.9298,0.9635,0.8667,0.9286,0.9302
47,ResNet+AE,0.8947,0.95,0.8571,0.9,0.8919
48,ResNet+AE,0.9474,0.9794,0.9143,0.9412,0.95
49,ResNet+AE,0.9298,0.9432,0.8889,0.8421,0.9737
50,ResNet+AE,0.8772,0.9488,0.8372,0.7826,0.9412
51,ResNet+AE,0.9825,0.9585,0.9524,0.9091,1.0
52,ResNet+AE,0.9298,0.9571,0.9048,0.8636,0.9714
53,ResNet+AE,0.8772,0.9254,0.7879,0.8667,0.881
54,ResNet+AE,0.9298,0.9235,0.875,0.8235,0.975
55,ResNet+AE,0.9649,0.9852,0.9231,1.0,0.9556
56,ResNet+AE,0.8596,0.9487,0.7778,0.7778,0.8974
57,ResNet+AE,0.8947,0.9349,0.8421,0.8421,0.9211
58,ResNet+AE,0.8596,0.9203,0.75,0.8571,0.8605
59,ResNet+AE,0.9123,0.9556,0.8387,0.8667,0.9286
60,ResNet+AE,0.9474,0.9857,0.9091,1.0,0.9286
61,ResNet+AE,0.8772,0.9466,0.8108,0.9375,0.8537
62,ResNet+AE,0.8246,0.9053,0.6667,0.7143,0.8605
63,ResNet+AE,0.8772,0.9476,0.7742,0.9231,0.8636
64,ResNet+AE,0.9123,0.9404,0.8718,0.8947,0.9211
65,ResNet+AE,0.8947,0.9318,0.7857,0.8462,0.9091
66,ResNet+AE,0.9298,0.9667,0.8667,0.8667,0.9524
67,ResNet+AE,0.9123,0.9859,0.902,1.0,0.8529
68,ResNet+AE,0.9649,0.9881,0.9167,1.0,0.9565
69,ResNet+AE,0.9298,0.939,0.875,0.875,0.9512
70,ResNet+AE,0.9474,1.0,0.9143,1.0,0.9268
71,ResNet+AE,0.8772,0.9348,0.8511,0.8696,0.8824
72,ResNet+AE,0.8772,0.9587,0.8,0.9333,0.8571
73,ResNet+AE,0.9474,0.9598,0.9143,0.8421,1.0
74,ResNet+AE,0.9298,0.9669,0.9091,0.9524,0.9167
75,ResNet+AE,0.9298,0.9934,0.875,1.0,0.907
76,ResNet+AE,1.0,1.0,1.0,1.0,1.0
77,ResNet+AE,0.9298,0.9747,0.92,0.9583,0.9091
78,ResNet+AE,0.9825,0.9934,0.9655,1.0,0.9767
79,ResNet+AE,0.9825,0.9851,0.9474,0.9,1.0
80,ResNet+AE,0.9649,0.9889,0.9231,1.0,0.9556
81,ResNet+AE,0.9474,0.9412,0.9302,0.8696,1.0
82,ResNet+AE,0.8772,0.8902,0.7879,0.8125,0.9024
83,ResNet+AE,0.9123,0.9497,0.878,0.8571,0.9444
84,ResNet+AE,0.9123,0.9662,0.8718,0.85,0.9459
85,ResNet+AE,0.8596,0.885,0.8,0.8421,0.8684
86,ResNet+AE,0.9474,0.963,0.88,0.9167,0.9556
87,ResNet+AE,0.9474,0.9808,0.8889,0.9231,0.9545
88,ResNet+AE,0.8421,0.8787,0.6897,0.7143,0.8837
89,ResNet+AE,0.8421,0.9053,0.7273,0.8571,0.8372
90,ResNet+AE,0.9298,0.9441,0.8462,0.8462,0.9545
91,ResNet+AE,0.8947,0.9444,0.88,0.9167,0.8788
92,ResNet+AE,0.8947,0.9466,0.8235,0.875,0.9024
93,ResNet+AE,0.8947,0.9437,0.8696,0.8696,0.9118
94,ResNet+AE,0.9298,0.9587,0.913,0.84,1.0
95,ResNet+AE,0.9298,0.9573,0.8889,0.8889,0.9487
96,ResNet+AE,0.8596,0.849,0.7778,0.7778,0.8974
97,ResNet+AE,0.8596,0.9268,0.7778,0.875,0.8537
98,ResNet+AE,0.9298,0.9252,0.8824,0.7895,1.0
99,ResNet+AE,0.9298,0.9848,0.8889,1.0,0.9024
100,ResNet+AE,0.9474,0.9802,0.9091,0.9375,0.9512
101,ResNet+AE,0.9123,0.9314,0.8485,0.875,0.9268
102,ResNet+AE,0.9123,0.975,0.8718,1.0,0.875
103,ResNet+AE,0.8421,0.8892,0.7429,0.65,0.9459
104,ResNet+AE,0.9474,0.9734,0.8966,0.9286,0.9535
105,ResNet+AE,0.9474,0.9706,0.9143,0.9412,0.95
106,ResNet+AE,0.9123,0.9362,0.7826,0.9,0.9149
107,ResNet+AE,0.9474,0.9744,0.9189,0.9444,0.9487
108,ResNet+AE,0.9649,0.9559,0.9375,0.8824,1.0
109,ResNet+AE,0.9298,0.9497,0.8824,0.9375,0.9268
110,ResNet+AE,0.8947,0.9365,0.8125,0.8667,0.9048
111,ResNet+AE,0.9123,0.9381,0.8387,0.8667,0.9286
112,ResNet+AE,0.9298,0.9299,0.8667,0.8125,0.9756
113,ResNet+AE,0.9649,0.9792,0.9474,0.9474,0.9737
114,ResNet+AE,0.8772,0.9243,0.8372,0.9,0.8649
115,ResNet+AE,0.9123,0.95,0.8571,0.8824,0.925
116,ResNet+AE,0.8947,0.9269,0.7857,0.7857,0.9302
117,ResNet+AE,0.9474,0.9608,0.9231,0.9,0.973
118,ResNet+AE,0.9123,0.9402,0.8649,0.8889,0.9231
119,ResNet+AE,0.8947,0.9596,0.8846,0.9583,0.8485
120,ResNet+AE,0.9123,0.9402,0.8571,0.8333,0.9487
121,ResNet+AE,0.9649,0.9936,0.9091,1.0,0.9574
122,ResNet+AE,0.8772,0.9217,0.8205,0.8889,0.8718
123,ResNet+AE,0.9474,0.977,0.9231,0.9,0.973
124,ResNet+AE,0.807,0.838,0.7027,0.6842,0.8684
125,ResNet+AE,0.9649,0.9749,0.9524,0.9524,0.9722
126,ResNet+AE,0.8947,0.9603,0.8696,0.9524,0.8611
127,ResNet+AE,0.9474,0.99,0.9032,1.0,0.9302
128,ResNet+AE,0.9298,0.9787,0.8889,1.0,0.9024
129,ResNet+AE,0.8947,0.8985,0.8235,0.8235,0.925
130,ResNet+AE,0.9825,0.9985,0.9697,1.0,0.9756
131,ResNet+AE,0.9298,0.9792,0.9,0.9474,0.9211
132,ResNet+AE,0.9825,0.995,0.9804,1.0,0.9688
133,ResNet+AE,0.9474,0.9598,0.8889,0.9231,0.9545
134,ResNet+AE,0.9649,0.9934,0.9333,1.0,0.9535
135,ResNet+AE,0.9123,0.9058,0.8649,0.8421,0.9474
136,ResNet+AE,0.8947,0.9577,0.8571,0.8571,0.9167
137,ResNet+AE,0.8421,0.881,0.7692,0.7143,0.9167
138,ResNet+AE,0.8772,0.9554,0.8293,0.85,0.8919
139,ResNet+AE,0.9298,0.9623,0.9091,0.9091,0.9429
140,ResNet+AE,0.9649,0.9794,0.9412,0.9412,0.975
141,ResNet+AE,0.9123,0.9604,0.8485,0.875,0.9268
142,ResNet+AE,0.9123,0.9779,0.8649,0.9412,0.9
143,ResNet+AE,0.9123,0.9591,0.8936,0.913,0.9118
144,ResNet+AE,0.9123,0.9389,0.8148,0.9167,0.9111
145,ResNet+AE,0.8947,0.9429,0.8125,0.8667,0.9048
146,ResNet+AE,0.9298,0.9688,0.9167,1.0,0.8857
147,ResNet+AE,0.9474,0.9537,0.88,0.9167,0.9556
148,ResNet+AE,0.9649,0.9834,0.9474,0.9474,0.9737
149,ResNet+AE,0.8421,0.8149,0.5263,0.5,0.9149
150,ResNet+AE,0.9474,0.9626,0.9143,0.8421,1.0
151,ResNet+AE,0.9474,0.9439,0.8235,0.875,0.9592
152,ResNet+AE,0.8947,0.9595,0.8571,0.9,0.8919
153,ResNet+AE,0.9123,0.9501,0.8718,0.8947,0.9211
154,ResNet+AE,0.9123,0.9709,0.8837,1.0,0.8684
155,ResNet+AE,0.9298,0.9581,0.9048,0.95,0.9189
156,ResNet+AE,0.8947,0.9369,0.8,0.8571,0.907
157,ResNet+AE,0.9649,0.9824,0.9412,0.9412,0.975
158,ResNet+AE,0.9123,0.9608,0.878,0.9,0.9189
159,ResNet+AE,0.9474,0.9695,0.9231,0.9474,0.9474
160,ResNet+AE,0.8596,0.8794,0.75,0.7059,0.925
161,ResNet+AE,0.9649,0.991,0.9565,0.9565,0.9706
162,ResNet+AE,0.8947,0.8987,0.7857,0.7857,0.9302
163,ResNet+AE,0.9474,0.973,0.9032,0.9333,0.9524
164,ResNet+AE,0.8772,0.9259,0.8108,0.8333,0.8974
165,ResNet+AE,0.9298,0.9476,0.8667,0.8667,0.9524
166,ResNet+AE,0.9649,0.997,0.9412,1.0,0.9512
167,ResNet+AE,0.8947,0.9286,0.8571,0.8571,0.9167
168,ResNet+AE,0.8421,0.8926,0.8085,0.8261,0.8529
169,ResNet+AE,0.8947,0.9668,0.8,0.9231,0.8864
170,ResNet+AE,0.9649,0.9957,0.9474,1.0,0.9487
171,ResNet+AE,0.8596,0.8762,0.7333,0.7333,0.9048
172,ResNet+AE,0.8947,0.9378,0.8571,0.8571,0.9167
173,ResNet+AE,0.9825,0.9818,0.9767,0.9545,1.0
174,ResNet+AE,0.9298,0.9524,0.9048,0.9048,0.9444
175,ResNet+AE,0.9123,0.9175,0.8276,0.8,0.9524
176,ResNet+AE,0.8947,0.939,0.8235,0.875,0.9024
177,ResNet+AE,0.9474,0.9486,0.8696,0.9091,0.9565
178,ResNet+AE,0.8772,0.9222,0.7879,0.8667,0.881
179,ResNet+AE,0.8596,0.9369,0.7333,0.7857,0.8837
180,ResNet+AE,0.8772,0.9177,0.7586,0.6875,0.9512
181,ResNet+AE,0.9123,0.9598,0.8276,0.9231,0.9091
182,ResNet+AE,0.8772,0.9387,0.8205,0.8889,0.8718
183,ResNet+AE,0.9298,0.9565,0.8333,0.9091,0.9348
184,ResNet+AE,0.8947,0.8937,0.7692,0.7143,0.9535
185,ResNet+AE,0.9298,0.9502,0.8667,0.9286,0.9302
186,ResNet+AE,0.9123,0.9563,0.878,0.8571,0.9444
187,ResNet+AE,0.8772,0.9162,0.8108,0.8824,0.875
188,ResNet+AE,0.8246,0.9028,0.7619,0.6957,0.9118
189,ResNet+AE,0.9474,0.9683,0.9268,0.9048,0.9722
190,ResNet+AE,0.9298,0.9543,0.875,0.875,0.9512
191,ResNet+AE,0.9298,0.9603,0.9048,0.9048,0.9444
192,ResNet+AE,0.9298,0.9676,0.8889,0.9412,0.925
193,ResNet+AE,0.9123,0.9412,0.8571,0.8824,0.925
194,ResNet+AE,0.8947,0.9392,0.85,0.8095,0.9444
195,ResNet+AE,0.9123,0.9676,0.878,0.9,0.9189
196,ResNet+AE,0.8772,0.9402,0.8108,0.8333,0.8974
197,ResNet+AE,0.9123,0.953,0.8649,0.8889,0.9231
198,ResNet+AE,0.9123,0.9512,0.8485,0.875,0.9268
199,ResNet+AE,0.9298,0.9435,0.8571,0.8571,0.9535
200,ResNet+AE,0.8947,0.9059,0.8125,0.7647,0.95
201,ResNet+AE,0.8772,0.9167,0.8293,0.8095,0.9167
202,ResNet+AE,0.9123,0.9709,0.8889,0.9524,0.8889
203,ResNet+AE,0.9474,0.9545,0.8696,0.9091,0.9565
204,ResNet+AE,0.9474,0.9758,0.9189,0.9444,0.9487
205,ResNet+AE,0.9123,0.9466,0.8485,0.875,0.9268
206,ResNet+AE,0.9123,0.9557,0.8718,0.8947,0.9211
207,ResNet+AE,0.9123,0.9456,0.8649,0.9412,0.9
208,ResNet+AE,0.8947,0.9749,0.8696,0.9524,0.8611
209,ResNet+AE,0.9298,0.9737,0.9167,0.88,0.9688
210,ResNet+AE,0.9298,0.9698,0.875,0.9333,0.9286
211,ResNet+AE,0.8421,0.9081,0.7907,0.85,0.8378
212,ResNet+AE,0.9123,0.9426,0.8485,0.8235,0.95
213,ResNet+AE,0.9474,0.9286,0.8889,0.8,1.0
214,ResNet+AE,0.9298,0.9626,0.9,0.9474,0.9211
215,ResNet+AE,0.9298,0.9801,0.875,1.0,0.907
216,ResNet+AE,0.7895,0.8235,0.6471,0.6471,0.85
217,ResNet+AE,0.9123,0.9685,0.8148,0.9167,0.9111
218,ResNet+AE,0.8772,0.9473,0.8372,0.9,0.8649
219,ResNet+AE,0.9474,0.9308,0.8571,0.8182,0.9783
220,ResNet+AE,0.9474,0.9518,0.8889,0.8571,0.9767
221,ResNet+AE,0.8947,0.99,0.8235,1.0,0.8605
222,ResNet+AE,0.9123,0.9488,0.8718,0.8947,0.9211
223,ResNet+AE,0.9123,0.9726,0.8571,0.9375,0.9024
224,ResNet+AE,0.9474,0.9558,0.9143,0.8889,0.9744
225,ResNet+AE,0.8947,0.9471,0.8636,0.9048,0.8889
226,ResNet+AE,0.8947,0.9297,0.8421,0.8,0.9459
227,ResNet+AE,0.9474,0.9788,0.9302,0.9524,0.9444
228,ResNet+AE,0.9123,0.9088,0.8485,0.7778,0.9744
229,ResNet+AE,0.9123,0.9444,0.8718,0.9444,0.8974
230,ResNet+AE,0.9123,0.9524,0.8837,0.9048,0.9167
231,ResNet+AE,0.9123,0.9729,0.878,1.0,0.8718
232,ResNet+AE,0.8772,0.8776,0.7407,0.7692,0.9091
233,ResNet+AE,0.8421,0.8757,0.7692,0.75,0.8919
234,ResNet+AE,0.8947,0.9426,0.8333,0.8824,0.9
235,ResNet+AE,0.9298,0.9577,0.9048,0.9048,0.9444
236,ResNet+AE,0.8772,0.9162,0.8293,0.85,0.8919
237,ResNet+AE,0.9123,0.9131,0.8571,0.8333,0.9487
238,ResNet+AE,0.9474,0.9829,0.9189,0.9444,0.9487
239,ResNet+AE,0.9298,0.9834,0.9,0.9474,0.9211
240,ResNet+AE,0.9649,0.9658,0.9412,0.8889,1.0
241,ResNet+AE,0.8947,0.9444,0.8421,0.8889,0.8974
242,ResNet+AE,0.9298,0.9623,0.9091,0.9091,0.9429
243,ResNet+AE,0.8947,0.9872,0.8571,1.0,0.8462
244,ResNet+AE,0.9298,0.9488,0.8889,0.8421,0.9737
245,ResNet+AE,0.9123,0.9848,0.8649,1.0,0.878
246,ResNet+AE,0.8596,0.9266,0.7333,0.8462,0.8636
247,ResNet+AE,0.9649,0.9792,0.9474,0.9474,0.9737
248,ResNet+AE,0.8596,0.9309,0.8095,0.7391,0.9412
249,ResNet+AE,0.9474,0.9622,0.9231,0.9,0.973
250,ResNet+AE,0.9123,0.945,0.898,0.88,0.9375
251,ResNet+AE,0.7719,0.8405,0.6061,0.7143,0.7907
252,ResNet+AE,0.9474,0.9709,0.9268,0.9048,0.9722
253,ResNet+AE,0.9123,0.9451,0.8485,0.875,0.9268
254,ResNet+AE,0.9298,0.955,0.9048,0.9048,0.9444
255,ResNet+AE,0.8947,0.9388,0.8,0.9231,0.8864
256,ResNet+AE,0.8947,0.9537,0.7857,0.9167,0.8889
257,ResNet+AE,0.9298,0.9369,0.8571,0.8571,0.9535
258,ResNet+AE,0.8947,0.9619,0.8235,0.9333,0.881
259,ResNet+AE,0.8947,0.9418,0.8571,0.8571,0.9167
260,ResNet+AE,0.8246,0.9132,0.7368,0.8235,0.825
261,ResNet+AE,0.9298,0.9611,0.8462,0.9167,0.9333
262,ResNet+AE,0.8246,0.8974,0.7727,0.7727,0.8571
263,ResNet+AE,0.9298,0.9405,0.875,0.875,0.9512
264,ResNet+AE,0.9474,0.9794,0.9032,0.9333,0.9524
265,ResNet+AE,0.8947,0.9511,0.8571,0.8571,0.9167
266,ResNet+AE,0.9474,0.9923,0.8421,1.0,0.9388
267,ResNet+AE,0.9298,0.9519,0.9048,0.8636,0.9714
268,ResNet+AE,0.8772,0.8746,0.7742,0.8,0.9048
269,ResNet+AE,0.9298,0.9626,0.8824,0.7895,1.0
270,ResNet+AE,0.9123,0.8992,0.7619,0.7273,0.9565
271,ResNet+AE,0.9649,0.9905,0.9524,1.0,0.9459
272,ResNet+AE,0.9298,0.9735,0.9,0.8571,0.9722
273,ResNet+AE,0.8947,0.9779,0.85,1.0,0.85
274,ResNet+AE,0.8947,0.9186,0.8,0.8571,0.907
275,ResNet+AE,0.9123,0.9095,0.8649,0.8,0.973
276,ResNet+AE,0.9298,0.9565,0.8182,0.8182,0.9565
277,ResNet+AE,0.8947,0.9174,0.8125,0.7222,0.9744
278,ResNet+AE,0.9649,0.9852,0.9231,1.0,0.9556
279,ResNet+AE,0.9649,0.9809,0.9412,0.9412,0.975
280,ResNet+AE,0.9123,0.9307,0.8718,0.8947,0.9211
281,ResNet+AE,0.9123,0.9558,0.8889,0.9091,0.9143
282,ResNet+AE,0.8772,0.9471,0.8108,0.8824,0.875
283,ResNet+AE,0.9298,0.9612,0.8947,0.8947,0.9474
284,ResNet+AE,0.9123,0.9329,0.8387,0.8125,0.9512
285,ResNet+AE,0.9123,0.9397,0.8387,0.8667,0.9286
286,ResNet+AE,0.9474,0.9676,0.9091,0.8824,0.975
287,ResNet+AE,0.9649,0.9647,0.9412,0.9412,0.975
288,ResNet+AE,0.8421,0.9055,0.7429,0.8125,0.8537
289,ResNet+AE,0.9298,0.9943,0.9,1.0,0.8974
290,ResNet+AE,0.8947,0.9365,0.8125,0.8667,0.9048
291,ResNet+AE,0.9123,0.9162,0.8276,0.75,0.9756
292,ResNet+AE,0.9123,0.9741,0.8276,1.0,0.8889
293,ResNet+AE,0.9123,0.9603,0.8571,0.8824,0.925
294,ResNet+AE,0.9123,0.9529,0.8571,0.8824,0.925
295,ResNet+AE,0.9474,0.9701,0.9189,0.9444,0.9487
296,ResNet+AE,0.9298,0.9623,0.9091,0.9091,0.9429
297,ResNet+AE,0.9123,0.9345,0.8387,0.8125,0.9512
298,ResNet+AE,0.9474,0.9909,0.9143,1.0,0.9268
299,ResNet+AE,0.9474,0.9588,0.9032,0.875,0.9756
300,ResNet+AE,0.9474,0.9771,0.9143,1.0,0.9268
301,ResNet+AE,0.8772,0.9368,0.8,0.8235,0.9
302,ResNet+AE,0.9123,0.9551,0.8387,0.9286,0.907
303,ResNet+AE,0.9298,0.9848,0.92,0.9583,0.9091
304,ResNet+AE,0.9298,0.9706,0.8889,0.9412,0.925
305,ResNet+AE,0.8772,0.9311,0.8293,0.85,0.8919
306,ResNet+AE,0.9825,0.9765,0.973,0.9474,1.0
307,ResNet+AE,0.8947,0.9735,0.8421,0.9412,0.875
308,ResNet+AE,0.8772,0.922,0.8293,0.8095,0.9167
309,ResNet+AE,0.9649,0.9784,0.9286,0.9286,0.9767
310,ResNet+AE,0.8246,0.9087,0.7826,0.8571,0.8056
311,ResNet+AE,0.9298,0.9537,0.9091,0.9524,0.9167
312,ResNet+AE,0.9123,0.9512,0.8485,0.875,0.9268
313,ResNet+AE,0.9649,0.9751,0.9444,0.8947,1.0
314,ResNet+AE,0.9474,0.9617,0.8571,0.9,0.9574
315,ResNet+AE,0.9474,0.9633,0.8889,0.9231,0.9545
316,ResNet+AE,0.9474,1.0,0.88,1.0,0.9348
317,ResNet+AE,0.9123,0.9185,0.8,0.8333,0.9333
318,ResNet+AE,0.8772,0.919,0.7742,0.8,0.9048
319,ResNet+AE,0.8772,0.9543,0.8372,0.9474,0.8421
320,ResNet+AE,0.9298,0.9651,0.875,0.9333,0.9286
321,ResNet+AE,0.9649,0.9872,0.9583,1.0,0.9412
322,ResNet+AE,0.9649,0.9924,0.9412,1.0,0.9512
323,ResNet+AE,0.8596,0.9243,0.8182,0.9,0.8378
324,ResNet+AE,0.9474,0.9658,0.9189,0.9444,0.9487
325,ResNet+AE,0.8421,0.8951,0.8085,0.8261,0.8529
326,ResNet+AE,0.9123,0.9632,0.8571,0.8824,0.925
327,ResNet+AE,0.9123,0.9412,0.8889,0.8696,0.9412
328,ResNet+AE,0.9298,0.9512,0.875,0.875,0.9512
329,ResNet+AE,0.9298,0.9634,0.8824,0.9375,0.9268
330,ResNet+AE,0.9298,0.9744,0.9091,0.8696,0.9706
331,ResNet+AE,0.9298,0.9636,0.9,0.8182,1.0
332,ResNet+AE,0.9474,0.9587,0.9032,0.9333,0.9524
333,ResNet+AE,0.9123,0.9563,0.8837,0.9048,0.9167
334,ResNet+AE,0.8772,0.9312,0.8444,0.9048,0.8611
335,ResNet+AE,0.9474,0.9497,0.9032,0.875,0.9756
336,ResNet+AE,0.9474,0.9651,0.9032,0.9333,0.9524
337,ResNet+AE,0.9298,0.9696,0.9,0.8571,0.9722
338,ResNet+AE,0.9474,0.9941,0.9189,1.0,0.925
339,ResNet+AE,0.9298,0.9501,0.8824,0.8333,0.9744
340,ResNet+AE,0.9123,0.9459,0.878,0.9,0.9189
341,ResNet+AE,0.9474,0.9778,0.9231,0.9474,0.9474
342,ResNet+AE,0.9123,0.9784,0.8485,1.0,0.8837
343,ResNet+AE,0.8596,0.913,0.6923,0.8182,0.8696
344,ResNet+AE,0.9123,0.9473,0.8649,0.8889,0.9231
345,ResNet+AE,0.8772,0.923,0.8293,0.85,0.8919
346,ResNet+AE,0.807,0.8628,0.6667,0.6875,0.8537
347,ResNet+AE,0.9825,0.9893,0.9697,1.0,0.9756
348,ResNet+AE,0.9474,0.9545,0.9302,0.9091,0.9714
349,ResNet+AE,0.8947,0.9373,0.8333,0.8333,0.9231
350,ResNet+AE,0.9649,0.9806,0.9474,0.9474,0.9737
351,ResNet+AE,0.8772,0.9451,0.7879,0.8125,0.9024
352,ResNet+AE,0.8772,0.8794,0.7407,0.7692,0.9091
353,ResNet+AE,0.8246,0.8649,0.7368,0.7,0.8919
354,ResNet+AE,0.9123,0.9825,0.8571,1.0,0.881
355,ResNet+AE,0.9825,0.9825,0.9655,0.9333,1.0
356,ResNet+AE,0.8596,0.9556,0.7778,0.9333,0.8333
357,ResNet+AE,0.9123,0.9387,0.8649,0.8889,0.9231
358,ResNet+AE,0.8772,0.9446,0.8293,0.8947,0.8684
359,ResNet+AE,0.9474,0.9621,0.9333,0.875,1.0
360,ResNet+AE,0.8421,0.8977,0.8085,0.8261,0.8529
361,ResNet+AE,0.8947,0.9442,0.8696,0.9091,0.8857
362,ResNet+AE,0.8947,0.9365,0.85,0.8095,0.9444
363,ResNet+AE,0.9298,0.9463,0.913,0.913,0.9412
364,ResNet+AE,0.9298,0.965,0.8571,0.9231,0.9318
365,ResNet+AE,0.9298,0.9843,0.8667,1.0,0.9091
366,ResNet+AE,0.9474,0.9767,0.8889,0.8571,0.9767
367,ResNet+AE,0.9649,0.9773,0.9231,0.9231,0.9773
368,ResNet+AE,0.9298,0.9667,0.875,0.9333,0.9286
369,ResNet+AE,0.9123,0.993,0.8387,1.0,0.8864
370,ResNet+AE,0.9474,0.983,0.8696,1.0,0.9362
371,ResNet+AE,0.9825,0.9889,0.973,0.9474,1.0
372,ResNet+AE,0.8947,0.9108,0.8333,0.75,0.973
373,ResNet+AE,0.8772,0.916,0.8108,0.8333,0.8974
374,ResNet+AE,0.8246,0.8892,0.7368,0.7368,0.8684
375,ResNet+AE,0.9298,0.9632,0.8889,0.9412,0.925
376,ResNet+AE,0.9825,0.9986,0.973,1.0,0.9744
377,ResNet+AE,0.8421,0.9413,0.7429,0.8667,0.8333
378,ResNet+AE,0.8947,0.943,0.8421,0.8889,0.8974
379,ResNet+AE,0.9474,0.9689,0.9189,0.85,1.0
380,ResNet+AE,0.9474,0.9795,0.9362,0.9565,0.9412
381,ResNet+AE,0.8947,0.9369,0.8,0.8571,0.907
382,ResNet+AE,0.9123,0.9476,0.8276,0.9231,0.9091
383,ResNet+AE,0.8772,0.919,0.6957,0.7273,0.913
384,ResNet+AE,0.8421,0.9045,0.8364,0.8846,0.8065
385,ResNet+AE,0.9649,0.9939,0.9412,1.0,0.9512
386,ResNet+AE,0.8947,0.9207,0.8235,0.875,0.9024
387,ResNet+AE,0.9298,0.9221,0.875,0.8235,0.975
388,ResNet+AE,0.9825,0.9948,0.963,1.0,0.9773
389,ResNet+AE,0.8772,0.9336,0.7742,0.8571,0.8837
390,ResNet+AE,0.8772,0.892,0.7407,0.7143,0.9302
391,ResNet+AE,0.8772,0.9444,0.8511,0.9524,0.8333
392,ResNet+AE,0.8947,0.9501,0.85,0.9444,0.8718
393,ResNet+AE,0.9649,0.9698,0.9286,0.8667,1.0
394,ResNet+AE,0.9123,0.9915,0.878,1.0,0.8718
395,ResNet+AE,0.9298,0.9529,0.8947,0.8947,0.9474
396,ResNet+AE,0.8772,0.9015,0.7879,0.7647,0.925
397,ResNet+AE,0.9649,0.9683,0.9524,0.9524,0.9722
398,ResNet+AE,0.9825,0.9886,0.9714,0.9444,1.0
399,ResNet+AE,0.9825,0.9971,0.9714,1.0,0.975
400,ResNet+AE,0.8947,0.9921,0.8333,1.0,0.8571
401,ResNet+AE,0.9474,0.9784,0.9032,1.0,0.9302
402,ResNet+AE,0.8596,0.8857,0.75,0.75,0.9024
403,ResNet+AE,0.9474,0.9527,0.8966,0.8125,1.0
404,ResNet+AE,0.8246,0.9585,0.7222,0.9286,0.7907
405,ResNet+AE,0.9298,0.9655,0.913,0.913,0.9412
406,ResNet+AE,0.807,0.872,0.6857,0.75,0.8293
407,ResNet+AE,0.9123,0.9456,0.8649,0.9412,0.9
408,ResNet+AE,0.9123,0.9476,0.8889,0.8696,0.9412
409,ResNet+AE,0.9123,0.9481,0.8889,0.9091,0.9143
410,ResNet+AE,0.9649,0.9716,0.9474,0.9,1.0
411,ResNet+AE,0.9298,0.9721,0.8889,0.9412,0.925
412,ResNet+AE,0.9123,0.9377,0.878,0.9474,0.8947
413,ResNet+AE,0.9474,0.9709,0.9268,0.9048,0.9722
414,ResNet+AE,0.8772,0.9345,0.8108,0.8333,0.8974
415,ResNet+AE,0.8772,0.9266,0.7586,0.8462,0.8864
416,ResNet+AE,0.8947,0.9223,0.8125,0.8125,0.9268
417,ResNet+AE,0.9123,0.9515,0.8718,0.8947,0.9211
418,ResNet+AE,0.9298,0.9455,0.9091,0.9091,0.9429
419,ResNet+AE,0.8947,0.9349,0.8125,0.8667,0.9048
420,ResNet+AE,0.9298,0.9635,0.8571,0.8571,0.9535
421,ResNet+AE,0.8947,0.9554,0.8571,0.9,0.8919
422,ResNet+AE,0.9474,0.977,0.9268,0.95,0.9459
423,ResNet+AE,0.8947,0.9765,0.8421,0.9412,0.875
424,ResNet+AE,0.9825,1.0,0.973,1.0,0.9744
425,ResNet+AE,0.9298,0.9669,0.9091,0.9524,0.9167
426,ResNet+AE,0.9298,0.9485,0.8571,0.8571,0.9535
427,ResNet+AE,0.9474,0.9868,0.9333,1.0,0.9167
428,ResNet+AE,0.9649,0.9965,0.9286,1.0,0.9545
429,ResNet+AE,0.8772,0.9003,0.7879,0.7222,0.9487
430,ResNet+AE,0.9123,0.9802,0.8889,0.9524,0.8889
431,ResNet+AE,0.9474,0.9808,0.9362,0.9565,0.9412
432,ResNet+AE,0.8947,0.9493,0.8,0.9231,0.8864
433,ResNet+AE,0.8772,0.9238,0.7742,0.75,0.9268
434,ResNet+AE,0.9649,0.9868,0.9412,0.9412,0.975
435,ResNet+AE,0.8596,0.8824,0.7778,0.8235,0.875
436,ResNet+AE,0.9474,0.9892,0.9302,1.0,0.9189
437,ResNet+AE,0.9123,0.9436,0.8485,0.875,0.9268
438,ResNet+AE,0.807,0.8556,0.5926,0.6667,0.8444
439,ResNet+AE,0.9123,0.9581,0.8718,0.85,0.9459
440,ResNet+AE,0.8596,0.9468,0.7647,0.9286,0.8372
441,ResNet+AE,0.9474,0.9559,0.9091,0.8824,0.975
442,ResNet+AE,0.9123,0.9878,0.8387,1.0,0.8864
443,ResNet+AE,0.9123,0.9474,0.8718,0.8947,0.9211
444,ResNet+AE,0.8596,0.9441,0.7895,0.8824,0.85
445,ResNet+AE,0.8947,0.9279,0.8333,0.8824,0.9
446,ResNet+AE,0.8772,0.9159,0.7879,0.8667,0.881
447,ResNet+AE,0.9298,0.975,0.8889,0.9412,0.925
448,ResNet+AE,0.9298,0.9524,0.875,0.9333,0.9286
449,ResNet+AE,0.9474,0.9824,0.9189,1.0,0.925
450,ResNet+AE,0.8246,0.8712,0.7619,0.6667,0.9394
451,ResNet+AE,0.9298,0.9623,0.9048,0.8636,0.9714
452,ResNet+AE,0.9123,0.9335,0.8649,0.8421,0.9474
453,ResNet+AE,0.9825,0.9817,0.9677,0.9375,1.0
454,ResNet+AE,0.8772,0.9487,0.8108,0.8333,0.8974
455,ResNet+AE,0.9649,0.995,0.9333,1.0,0.9535
456,ResNet+AE,0.8246,0.9118,0.7368,0.8235,0.825
457,ResNet+AE,0.8596,0.9103,0.7647,0.7647,0.9
458,ResNet+AE,0.9474,0.9459,0.9091,0.8333,1.0
459,ResNet+AE,0.9298,0.9544,0.8889,0.9412,0.925
460,ResNet+AE,0.8947,0.907,0.7692,0.7143,0.9535
461,ResNet+AE,0.8947,0.9377,0.8696,0.9091,0.8857
462,ResNet+AE,0.9298,0.9573,0.8889,0.8889,0.9487
463,ResNet+AE,0.8772,0.9054,0.8205,0.8,0.9189
464,ResNet+AE,0.9123,0.9488,0.8889,0.8696,0.9412
465,ResNet+AE,0.8596,0.91,0.8,0.8421,0.8684
466,ResNet+AE,0.8947,0.9352,0.85,0.8095,0.9444
467,ResNet+AE,0.8772,0.9397,0.7879,0.8667,0.881
468,ResNet+AE,0.8596,0.9065,0.8095,0.7727,0.9143
469,ResNet+AE,0.9298,0.943,0.8889,0.8889,0.9487
470,ResNet+AE,0.9298,0.981,0.875,0.9333,0.9286
471,ResNet+AE,0.8596,0.9451,0.7895,0.9375,0.8293
472,ResNet+AE,0.9649,0.9945,0.95,1.0,0.9474
473,ResNet+AE,0.8772,0.9167,0.8293,0.8095,0.9167
474,ResNet+AE,0.8947,0.9701,0.8571,1.0,0.8462
475,ResNet+AE,0.9474,1.0,0.8889,1.0,0.9333
476,ResNet+AE,0.9474,0.9371,0.88,0.8462,0.9773
477,ResNet+AE,0.9474,0.9651,0.8966,0.8667,0.9762
478,ResNet+AE,0.9123,0.9302,0.8148,0.7857,0.9535
479,ResNet+AE,0.8596,0.9126,0.7333,0.8462,0.8636
480,ResNet+AE,0.9123,0.9405,0.8485,0.875,0.9268
481,ResNet+AE,0.9474,0.954,0.9032,0.9333,0.9524
482,ResNet+AE,0.9825,0.9806,0.973,0.9474,1.0
483,ResNet+AE,0.9474,0.9553,0.9388,0.8846,1.0
484,ResNet+AE,0.8772,0.923,0.8293,0.85,0.8919
485,ResNet+AE,0.9298,0.9676,0.8824,0.8824,0.95
486,ResNet+AE,0.9474,0.9667,0.88,0.9167,0.9556
487,ResNet+AE,0.8947,0.9444,0.8421,0.8889,0.8974
488,ResNet+AE,0.9123,0.9219,0.8276,0.8571,0.9302
489,ResNet+AE,0.9298,0.966,0.8182,0.9,0.9362
490,ResNet+AE,0.8421,0.8956,0.7429,0.7647,0.875
491,ResNet+AE,0.8772,0.9,0.8108,0.75,0.9459
492,ResNet+AE,0.8947,0.9286,0.8571,0.8571,0.9167
493,ResNet+AE,0.9298,0.9588,0.8824,0.8824,0.95
494,ResNet+AE,0.9825,0.9985,0.9714,1.0,0.975
495,ResNet+AE,0.8596,0.9497,0.7778,0.875,0.8537
496,ResNet+AE,0.9298,0.9502,0.8571,0.8571,0.9535
497,ResNet+AE,0.9298,0.9308,0.8182,0.8182,0.9565
498,ResNet+AE,0.9298,0.9658,0.8947,0.9444,0.9231
499,ResNet+AE,0.9123,0.9338,0.8571,0.8824,0.925
500,ResNet+AE,0.9298,0.9473,0.8889,0.8889,0.9487
501,ResNet+AE,0.9649,0.996,0.9167,1.0,0.9565
502,ResNet+AE,0.9123,0.9601,0.8649,0.8889,0.9231
503,ResNet+AE,0.8772,0.9233,0.8511,0.8696,0.8824
504,ResNet+AE,0.8596,0.9202,0.8,0.8889,0.8462
505,ResNet+AE,0.8421,0.8859,0.8163,0.7692,0.9032
506,ResNet+AE,0.8772,0.9279,0.8108,0.8824,0.875
507,ResNet+AE,0.9474,0.9672,0.9231,1.0,0.9231
508,ResNet+AE,0.9298,0.9687,0.8947,0.9444,0.9231
509,ResNet+AE,0.9298,0.9404,0.8889,0.8421,0.9737
510,ResNet+AE,0.9474,0.9751,0.9231,0.9474,0.9474
511,ResNet+AE,0.8596,0.8892,0.7895,0.75,0.9189
512,ResNet+AE,0.8947,0.9149,0.85,0.85,0.9189
513,ResNet+AE,0.9298,0.963,0.9048,0.9048,0.9444
514,ResNet+AE,0.9649,0.9795,0.9545,0.913,1.0
515,ResNet+AE,0.9298,0.9301,0.8462,0.8462,0.9545
516,ResNet+AE,0.9123,0.9175,0.8276,0.8,0.9524
517,ResNet+AE,0.8596,0.874,0.7778,0.7368,0.9211
518,ResNet+AE,0.9474,0.9794,0.9143,0.9412,0.95
519,ResNet+AE,0.9298,0.9636,0.913,0.9545,0.9143
520,ResNet+AE,0.8772,0.9086,0.7742,0.8571,0.8837
521,ResNet+AE,0.9123,0.9247,0.8837,0.8636,0.9429
522,ResNet+AE,0.9474,0.9963,0.8889,1.0,0.9333
523,ResNet+AE,0.9474,0.9321,0.9143,0.8421,1.0
524,ResNet+AE,0.8421,0.8937,0.7097,0.7857,0.8605
525,ResNet+AE,0.9474,0.9844,0.9362,1.0,0.9143
526,ResNet+AE,0.9649,0.971,0.9375,0.9375,0.9756
527,ResNet+AE,0.9123,0.887,0.8148,0.7857,0.9535
528,ResNet+AE,0.8772,0.9435,0.7742,0.8571,0.8837
529,ResNet+AE,0.8772,0.9535,0.7879,0.9286,0.8605
530,ResNet+AE,0.8947,0.973,0.8636,0.95,0.8649
531,ResNet+AE,0.9298,0.9703,0.9048,0.95,0.9189
532,ResNet+AE,0.8947,0.9273,0.8571,0.8182,0.9429
533,ResNet+AE,0.8596,0.8704,0.8,0.7619,0.9167
534,ResNet+AE,0.9474,0.9809,0.9143,0.9412,0.95
535,ResNet+AE,0.9123,0.9079,0.8276,0.8,0.9524
536,ResNet+AE,0.9298,0.9385,0.8571,0.8571,0.9535
537,ResNet+AE,0.9123,0.8963,0.7619,0.6667,0.9778
538,ResNet+AE,0.8596,0.9315,0.7143,0.8333,0.8667
539,ResNet+AE,0.9649,0.9801,0.9412,0.8889,1.0
540,ResNet+AE,0.9298,0.9402,0.8571,0.8571,0.9535
541,ResNet+AE,0.8947,0.9423,0.7857,0.8462,0.9091
542,ResNet+AE,0.9123,0.9324,0.8485,0.8235,0.95
543,ResNet+AE,0.9298,0.9573,0.875,0.875,0.9512
544,ResNet+AE,0.9123,0.964,0.8718,0.8947,0.9211
545,ResNet+AE,0.9298,0.9429,0.8667,0.8667,0.9524
546,ResNet+AE,0.9649,0.993,0.9286,1.0,0.9545
547,ResNet+AE,0.9474,0.9622,0.9268,0.95,0.9459
548,ResNet+AE,0.9649,0.9894,0.9524,0.9524,0.9722
549,ResNet+AE,0.9123,0.9444,0.8485,0.9333,0.9048
550,ResNet+AE,0.9825,0.9868,0.9756,0.9524,1.0
551,ResNet+AE,0.8772,0.9141,0.8293,0.8947,0.8684
552,ResNet+AE,0.9298,0.9841,0.8824,1.0,0.9048
553,ResNet+AE,0.8772,0.9177,0.8,0.875,0.878
554,ResNet+AE,0.9123,0.9299,0.8387,0.8125,0.9512
555,ResNet+AE,0.9123,0.9537,0.8889,0.9524,0.8889
556,ResNet+AE,0.7895,0.8568,0.7,0.7,0.8378
557,ResNet+AE,0.8947,0.9458,0.8,0.9231,0.8864
558,ResNet+AE,0.9474,0.9809,0.9143,0.9412,0.95
559,ResNet+AE,0.9298,0.9612,0.9,0.9474,0.9211
560,ResNet+AE,0.8772,0.8995,0.8205,0.7619,0.9444
561,ResNet+AE,0.9123,0.8846,0.8485,0.7778,0.9744
562,ResNet+AE,0.9298,0.99,0.875,1.0,0.907
563,ResNet+AE,0.9123,0.9596,0.7826,0.9,0.9149
564,ResNet+AE,0.9825,0.9755,0.96,0.9231,1.0
565,ResNet+AE,0.9123,0.9146,0.8276,0.75,0.9756
566,ResNet+AE,0.8596,0.9361,0.8261,0.8261,0.8824
567,ResNet+AE,0.9649,0.986,0.9231,0.9231,0.9773
568,ResNet+AE,0.9474,0.9963,0.8889,1.0,0.9333
569,ResNet+AE,0.8596,0.9114,0.8095,0.8947,0.8421
570,ResNet+AE,0.9298,0.9618,0.8824,0.8824,0.95
571,ResNet+AE,0.9825,0.9889,0.9744,1.0,0.9737
572,ResNet+AE,0.8947,0.9668,0.8125,0.9286,0.8837
573,ResNet+AE,0.8596,0.9086,0.7333,0.7857,0.8837
574,ResNet+AE,0.9474,0.9635,0.8966,0.9286,0.9535
575,ResNet+AE,0.8596,0.9316,0.7895,0.8333,0.8718
576,ResNet+AE,0.9123,0.9206,0.8276,0.8,0.9524
577,ResNet+AE,0.8421,0.9349,0.8,0.9474,0.7895
578,ResNet+AE,0.8421,0.8621,0.6897,0.7143,0.8837
579,ResNet+AE,0.9649,0.9858,0.9444,0.9444,0.9744
580,ResNet+AE,0.9123,0.9756,0.8571,0.9375,0.9024
581,ResNet+AE,0.8421,0.9085,0.7273,0.75,0.878
582,ResNet+AE,0.9298,0.9296,0.8333,0.8333,0.9556
583,ResNet+AE,0.8596,0.8704,0.6923,0.75,0.8889
584,ResNet+AE,0.9649,0.9954,0.9412,1.0,0.9512
585,ResNet+AE,0.9474,0.9934,0.9032,1.0,0.9302
586,ResNet+AE,0.9298,0.9213,0.8462,0.8462,0.9545
587,ResNet+AE,0.9123,0.9687,0.8718,0.9444,0.8974
588,ResNet+AE,0.8596,0.8961,0.7895,0.7895,0.8947
589,ResNet+AE,0.9298,0.9588,0.8889,0.9412,0.925
590,ResNet+AE,0.9474,0.9883,0.9362,1.0,0.9143
591,ResNet+AE,0.8947,0.9558,0.8696,0.9091,0.8857
592,ResNet+AE,0.9649,0.9824,0.9412,0.9412,0.975
593,ResNet+AE,0.8947,0.9273,0.8571,0.8182,0.9429
594,ResNet+AE,0.9474,0.9794,0.9189,1.0,0.925
595,ResNet+AE,0.9123,0.9288,0.8649,0.8889,0.9231
596,ResNet+AE,0.8772,0.9418,0.8293,0.8947,0.8684
597,ResNet+AE,0.8947,0.9524,0.8636,0.9048,0.8889
598,ResNet+AE,0.9123,0.8937,0.8148,0.7857,0.9535
599,ResNet+AE,1.0,1.0,1.0,1.0,1.0
600,ResNet+AE,0.9649,1.0,0.9412,1.0,0.9512
601,ResNet+AE,0.8947,0.9508,0.8235,0.9333,0.881
602,ResNet+AE,0.9474,0.9698,0.9032,0.9333,0.9524
603,ResNet+AE,0.9474,0.9779,0.9143,0.9412,0.95
604,ResNet+AE,0.9298,0.9441,0.8462,0.8462,0.9545
605,ResNet+AE,0.8947,0.9456,0.8235,0.8235,0.925
606,ResNet+AE,0.9123,0.9432,0.8649,0.8421,0.9474
607,ResNet+AE,0.9123,0.9726,0.8571,0.9375,0.9024
608,ResNet+AE,0.9298,0.9459,0.8889,0.8889,0.9487
609,ResNet+AE,0.8246,0.8826,0.7826,0.75,0.8788
610,ResNet+AE,0.9123,0.9206,0.8148,0.7333,0.9762
611,ResNet+AE,0.8947,0.8985,0.8235,0.8235,0.925
612,ResNet+AE,0.9298,0.95,0.8824,0.8824,0.95
613,ResNet+AE,0.9298,0.9544,0.8824,0.8824,0.95
614,ResNet+AE,0.8421,0.9515,0.7805,0.9412,0.8
615,ResNet+AE,0.9298,0.9253,0.8667,0.8125,0.9756
616,ResNet+AE,0.9474,0.9603,0.9091,0.8824,0.975
617,ResNet+AE,0.8772,0.9153,0.7742,0.8571,0.8837
618,ResNet+AE,0.8421,0.9147,0.7429,0.7647,0.875
619,ResNet+AE,0.8947,0.9058,0.8421,0.8421,0.9211
620,ResNet+AE,0.8947,0.9494,0.8696,0.9091,0.8857
621,ResNet+AE,0.8596,0.8462,0.6364,0.5385,0.9545
622,ResNet+AE,0.9123,0.9543,0.8718,0.8947,0.9211
623,ResNet+AE,0.8596,0.8935,0.8095,0.7727,0.9143
624,ResNet+AE,0.9649,0.9919,0.9524,1.0,0.9459
625,ResNet+AE,0.9123,0.9515,0.8571,0.8824,0.925
626,ResNet+AE,0.9825,0.9743,0.9524,0.9091,1.0
627,ResNet+AE,0.9123,0.9352,0.878,0.8571,0.9444
628,ResNet+AE,0.8947,0.9441,0.7857,0.8462,0.9091
629,ResNet+AE,0.8596,0.9545,0.75,0.9231,0.8409
630,ResNet+AE,0.9123,0.9502,0.8276,0.8571,0.9302
631,ResNet+AE,0.8596,0.8611,0.8,0.7619,0.9167
632,ResNet+AE,0.7544,0.7973,0.5882,0.625,0.8049
633,ResNet+AE,0.8947,0.9091,0.7857,0.8462,0.9091
634,ResNet+AE,0.9298,0.9802,0.8462,1.0,0.913
635,ResNet+AE,0.9649,0.9851,0.95,0.95,0.973
636,ResNet+AE,0.9298,0.9676,0.8889,0.9412,0.925
637,ResNet+AE,0.9298,0.9714,0.875,0.9333,0.9286
638,ResNet+AE,0.9474,0.9565,0.9333,0.913,0.9706
639,ResNet+AE,0.8947,0.9529,0.8421,0.9412,0.875
640,ResNet+AE,0.9298,0.9737,0.9,0.9474,0.9211
641,ResNet+AE,0.8596,0.9284,0.7778,0.875,0.8537
642,ResNet+AE,0.9474,0.9695,0.9091,0.9375,0.9512
643,ResNet+AE,0.8772,0.9412,0.8,0.8235,0.9
644,ResNet+AE,0.9825,0.9861,0.973,0.9474,1.0
645,ResNet+AE,0.9123,0.9466,0.8485,0.875,0.9268
646,ResNet+AE,0.9298,0.9718,0.8667,0.9286,0.9302
647,ResNet+AE,0.9123,0.907,0.8387,0.8125,0.9512
648,ResNet+AE,0.9474,0.9881,0.9333,1.0,0.9167
649,ResNet+AE,0.9123,0.9373,0.8571,0.8333,0.9487
650,ResNet+AE,0.8947,0.9451,0.8235,0.875,0.9024
651,ResNet+AE,0.9298,0.9681,0.9,0.9474,0.9211
652,ResNet+AE,0.9123,0.9402,0.8649,0.8889,0.9231
653,ResNet+AE,0.9298,0.9721,0.8889,0.9412,0.925
654,ResNet+AE,0.8596,0.9026,0.8182,0.8182,0.8857
655,ResNet+AE,0.8772,0.9046,0.8,0.7778,0.9231
656,ResNet+AE,0.8421,0.8412,0.7097,0.6471,0.925
657,ResNet+AE,0.9123,0.9703,0.878,0.9,0.9189
658,ResNet+AE,0.9474,0.968,0.9091,0.9375,0.9512
659,ResNet+AE,0.8421,0.922,0.7692,0.7143,0.9167
660,ResNet+AE,0.8947,0.9307,0.8421,0.8421,0.9211
661,ResNet+AE,0.8421,0.8761,0.7097,0.6111,0.9487
662,ResNet+AE,0.9825,0.9971,0.9714,1.0,0.975
663,ResNet+AE,0.9123,0.9595,0.878,0.9,0.9189
664,ResNet+AE,0.8421,0.8912,0.7429,0.7647,0.875
665,ResNet+AE,0.8947,0.9917,0.8235,1.0,0.8605
666,ResNet+AE,0.8947,0.9559,0.8333,0.8824,0.9
667,ResNet+AE,0.8596,0.9074,0.7143,0.8333,0.8667
668,ResNet+AE,0.9298,0.9325,0.9048,0.8636,0.9714
669,ResNet+AE,0.9298,0.963,0.8889,0.8889,0.9487
670,ResNet+AE,0.9298,0.9353,0.8462,0.8462,0.9545
671,ResNet+AE,0.9474,0.9757,0.9268,0.95,0.9459
672,ResNet+AE,0.8947,0.943,0.8421,0.8889,0.8974
673,ResNet+AE,0.8947,0.9309,0.8125,0.7647,0.95
674,ResNet+AE,0.9474,0.9792,0.9231,0.9474,0.9474
675,ResNet+AE,0.8947,0.9197,0.85,0.8947,0.8947
676,ResNet+AE,0.9649,0.9897,0.9444,1.0,0.95
677,ResNet+AE,0.8947,0.912,0.7857,0.7857,0.9302
678,ResNet+AE,0.8947,0.9765,0.8571,0.9474,0.8684
679,ResNet+AE,0.8947,0.9554,0.8636,0.95,0.8649
680,ResNet+AE,0.9123,0.8638,0.8,0.7143,0.9767
681,ResNet+AE,0.7895,0.9008,0.7,0.6667,0.8611
682,ResNet+AE,0.8947,0.8951,0.7692,0.7692,0.9318
683,ResNet+AE,0.9474,0.9758,0.9189,0.9444,0.9487
684,ResNet+AE,0.9649,0.9838,0.9412,0.9412,0.975
685,ResNet+AE,0.8947,0.9216,0.8421,0.8,0.9459
686,ResNet+AE,0.8772,0.8481,0.72,0.75,0.9111
687,ResNet+AE,0.8596,0.9054,0.8095,0.85,0.8649
688,ResNet+AE,0.9123,1.0,0.8276,1.0,0.8889
689,ResNet+AE,0.9123,0.9437,0.8936,0.913,0.9118
690,ResNet+AE,0.8947,0.937,0.7857,0.9167,0.8889
691,ResNet+AE,0.8421,0.8636,0.6667,0.6923,0.8864
692,ResNet+AE,0.9649,0.9965,0.9286,1.0,0.9545
693,ResNet+AE,0.9474,0.9878,0.9143,1.0,0.9268
694,ResNet+AE,0.9474,0.9743,0.9268,0.95,0.9459
695,ResNet+AE,0.9123,0.9501,0.8649,0.8889,0.9231
696,ResNet+AE,0.9298,0.9432,0.8947,0.85,0.973
697,ResNet+AE,0.9649,0.977,0.9565,0.9565,0.9706
698,ResNet+AE,0.8947,0.9481,0.8696,0.9091,0.8857
699,ResNet+AE,0.9298,0.9487,0.8824,0.8333,0.9744
700,ResNet+AE,0.9123,0.9587,0.8485,0.9333,0.9048
701,ResNet+AE,0.9298,0.9751,0.8667,0.9286,0.9302
702,ResNet+AE,0.8947,0.9338,0.88,0.88,0.9062
703,ResNet+AE,0.9474,0.9481,0.9268,0.8636,1.0
704,ResNet+AE,0.9474,0.9651,0.9032,0.9333,0.9524
705,ResNet+AE,0.8596,0.9352,0.7333,0.9167,0.8444
706,ResNet+AE,0.9474,0.9814,0.9412,0.9231,0.9677
707,ResNet+AE,0.7895,0.9103,0.7143,0.8824,0.75
708,ResNet+AE,0.8421,0.8941,0.7568,0.8235,0.85
709,ResNet+AE,0.9649,0.9601,0.9412,0.8889,1.0
710,ResNet+AE,0.9123,0.9468,0.8387,0.9286,0.907
711,ResNet+AE,0.9474,0.9419,0.8966,0.9286,0.9535
712,ResNet+AE,0.9474,0.9658,0.9189,0.9444,0.9487
713,ResNet+AE,0.9123,0.9088,0.8571,0.8333,0.9487
714,ResNet+AE,0.9298,0.953,0.8947,0.9444,0.9231
715,ResNet+AE,0.9123,0.9432,0.8649,0.8421,0.9474
716,ResNet+AE,0.9123,0.9492,0.8485,0.9333,0.9048
717,ResNet+AE,0.8947,0.9371,0.7857,0.8462,0.9091
718,ResNet+AE,0.8947,0.9488,0.8696,0.8696,0.9118
719,ResNet+AE,0.8596,0.8364,0.8,0.7273,0.9429
720,ResNet+AE,0.9123,0.9392,0.878,0.9,0.9189
721,ResNet+AE,0.8947,0.9618,0.8333,0.8824,0.9
722,ResNet+AE,0.8947,0.9473,0.8421,0.8889,0.8974
723,ResNet+AE,0.8421,0.9008,0.7692,0.7143,0.9167
724,ResNet+AE,0.8772,0.8952,0.7742,0.8,0.9048
725,ResNet+AE,0.8947,0.9368,0.8333,0.8824,0.9
726,ResNet+AE,0.8772,0.9055,0.7742,0.75,0.9268
727,ResNet+AE,0.8947,0.9111,0.7857,0.7333,0.9524
728,ResNet+AE,0.9123,0.9441,0.8649,0.9412,0.9
729,ResNet+AE,0.9474,0.9615,0.8889,0.9231,0.9545
730,ResNet+AE,0.9123,0.9333,0.8276,0.8,0.9524
731,ResNet+AE,0.8772,0.9224,0.8108,0.7895,0.9211
732,ResNet+AE,0.9298,0.9651,0.875,0.9333,0.9286
733,ResNet+AE,0.9123,0.9056,0.8,0.8333,0.9333
734,ResNet+AE,0.8947,0.9273,0.8636,0.8636,0.9143
735,ResNet+AE,0.8947,0.939,0.8235,0.875,0.9024
736,ResNet+AE,0.8947,0.8917,0.8333,0.8333,0.9231
737,ResNet+AE,0.9474,0.973,0.9268,0.95,0.9459
738,ResNet+AE,0.9298,0.9537,0.8462,0.9167,0.9333
739,ResNet+AE,0.9298,0.9763,0.8462,1.0,0.913
740,ResNet+AE,0.8246,0.8571,0.75,0.7143,0.8889
741,ResNet+AE,0.9123,0.9471,0.878,0.8571,0.9444
742,ResNet+AE,0.9123,0.9296,0.8,0.8333,0.9333
743,ResNet+AE,0.8421,0.9143,0.7097,0.8462,0.8409
744,ResNet+AE,0.9474,0.9738,0.8889,0.9231,0.9545
745,ResNet+AE,0.8947,0.936,0.8235,0.875,0.9024
746,ResNet+AE,0.9474,0.9878,0.9143,1.0,0.9268
747,ResNet+AE,0.9649,0.9818,0.9545,0.9545,0.9714
748,ResNet+AE,0.9649,0.9795,0.9545,0.913,1.0
749,ResNet+AE,0.9123,0.9169,0.8,0.7143,0.9767
750,ResNet+AE,0.9649,0.9668,0.9444,0.8947,1.0
751,ResNet+AE,0.9649,0.9886,0.9474,1.0,0.9487
752,ResNet+AE,0.8246,0.9054,0.75,0.75,0.8649
753,ResNet+AE,0.9123,0.9545,0.8837,0.8636,0.9429
754,ResNet+AE,0.8772,0.9203,0.8108,0.75,0.9459
755,ResNet+AE,0.9474,0.9709,0.9302,0.9524,0.9444
756,ResNet+AE,0.9298,0.9573,0.8824,0.8333,0.9744
757,ResNet+AE,0.9123,0.9616,0.8837,0.9048,0.9167
758,ResNet+AE,0.8596,0.9333,0.6923,0.75,0.8889
759,ResNet+AE,0.9123,0.971,0.8571,0.9375,0.9024
760,ResNet+AE,0.9649,0.9797,0.95,0.95,0.973
761,ResNet+AE,0.8947,0.8959,0.8421,0.8,0.9459
762,ResNet+AE,0.9123,0.9616,0.8837,0.9048,0.9167
763,ResNet+AE,0.9123,0.9726,0.8571,0.9375,0.9024
764,ResNet+AE,0.9298,0.95,0.8824,0.8824,0.95
765,ResNet+AE,0.9123,0.907,0.8148,0.7857,0.9535
766,ResNet+AE,0.8947,0.9529,0.8421,0.9412,0.875
767,ResNet+AE,0.8596,0.9103,0.7895,0.8333,0.8718
768,ResNet+AE,0.9123,0.8984,0.8148,0.7333,0.9762
769,ResNet+AE,0.9298,0.9695,0.8889,0.8421,0.9737
770,ResNet+AE,0.9123,0.9324,0.8485,0.8235,0.95
771,ResNet+AE,0.9123,0.9529,0.8718,0.8947,0.9211
772,ResNet+AE,0.8596,0.9353,0.75,0.9231,0.8409
773,ResNet+AE,0.9123,0.9143,0.8148,0.7333,0.9762
774,ResNet+AE,0.8772,0.939,0.8,0.875,0.878
775,ResNet+AE,0.9298,0.9585,0.8667,0.9286,0.9302
776,ResNet+AE,0.9298,0.9744,0.8947,0.9444,0.9231
777,ResNet+AE,0.9123,0.9429,0.8387,0.8667,0.9286
778,ResNet+AE,0.9298,0.9649,0.9,0.9,0.9459
779,ResNet+AE,0.9474,0.9622,0.9231,0.9,0.973
780,ResNet+AE,0.9298,0.9779,0.913,0.9545,0.9143
781,ResNet+AE,0.8772,0.9368,0.8205,0.9412,0.85
782,ResNet+AE,0.8772,0.9179,0.8571,0.875,0.8788
783,ResNet+AE,0.9649,0.9894,0.9545,1.0,0.9444
784,ResNet+AE,0.9298,0.9245,0.8824,0.8333,0.9744
785,ResNet+AE,0.8947,0.9524,0.8125,0.8667,0.9048
786,ResNet+AE,0.9298,0.9726,0.8824,0.9375,0.9268
787,ResNet+AE,0.9298,0.9597,0.9048,0.8636,0.9714
788,ResNet+AE,0.8947,0.8721,0.7692,0.7143,0.9535
789,ResNet+AE,0.9649,0.9786,0.9444,0.9444,0.9744
790,ResNet+AE,0.9649,0.977,0.9545,0.913,1.0
791,ResNet+AE,0.8421,0.8994,0.7429,0.8125,0.8537
792,ResNet+AE,0.9298,0.9603,0.9048,0.9048,0.9444
793,ResNet+AE,0.8421,0.9375,0.7429,0.8125,0.8537
794,ResNet+AE,0.9298,0.9535,0.8571,0.8571,0.9535
795,ResNet+AE,0.9474,0.9926,0.8889,1.0,0.9333
796,ResNet+AE,0.9474,0.9737,0.9231,0.9474,0.9474
797,ResNet+AE,0.9298,0.9615,0.8947,0.9444,0.9231
798,ResNet+AE,0.9649,0.9971,0.9444,1.0,0.95
799,ResNet+AE,0.9123,0.95,0.8148,0.9167,0.9111
800,ResNet+AE,0.9649,0.9779,0.9545,0.9545,0.9714
801,ResNet+AE,0.8947,0.9188,0.8421,0.8889,0.8974
802,ResNet+AE,0.9123,0.9619,0.8571,0.9375,0.9024
803,ResNet+AE,0.8772,0.9079,0.7742,0.8,0.9048
804,ResNet+AE,0.8596,0.8553,0.6364,0.7,0.8936
805,ResNet+AE,0.9298,0.9635,0.8947,0.85,0.973
806,ResNet+AE,0.9123,0.937,0.8,0.8333,0.9333
807,ResNet+AE,0.9474,0.9756,0.9091,0.9375,0.9512
808,ResNet+AE,0.9123,0.9743,0.8837,0.95,0.8919
809,ResNet+AE,0.9298,0.9079,0.8462,0.7333,1.0
810,ResNet+AE,0.9474,0.9466,0.9032,0.875,0.9756
811,ResNet+AE,0.8596,0.9314,0.7778,0.875,0.8537
812,ResNet+AE,0.9298,0.9543,0.875,0.875,0.9512
813,ResNet+AE,0.8596,0.82,0.5,0.5714,0.9
814,ResNet+AE,0.9825,1.0,0.9677,1.0,0.9762
815,ResNet+AE,0.9825,0.9985,0.9714,1.0,0.975
816,ResNet+AE,0.8947,0.9231,0.7857,0.8462,0.9091
817,ResNet+AE,0.8421,0.8846,0.7692,0.8333,0.8462
818,ResNet+AE,0.8947,0.9029,0.8125,0.7647,0.95
819,ResNet+AE,0.8421,0.8961,0.7907,0.7727,0.8857
820,ResNet+AE,0.9474,0.9921,0.9091,1.0,0.9286
821,ResNet+AE,0.9298,0.9801,0.9,1.0,0.8974
822,ResNet+AE,0.8947,0.9468,0.8,0.8571,0.907
823,ResNet+AE,0.8596,0.8803,0.7895,0.8333,0.8718
824,ResNet+AE,0.9298,0.9365,0.8667,0.8667,0.9524
825,ResNet+AE,0.9298,0.9508,0.8667,0.8667,0.9524
826,ResNet+AE,0.8772,0.9194,0.8444,0.8261,0.9118
827,ResNet+AE,0.9298,0.9501,0.8889,0.8421,0.9737
828,ResNet+AE,0.8596,0.9131,0.7647,0.7222,0.9231
829,ResNet+AE,0.8947,0.9345,0.8125,0.8125,0.9268
830,ResNet+AE,0.9298,0.9721,0.8889,0.9412,0.925
831,ResNet+AE,0.9825,0.9806,0.973,0.9474,1.0
832,ResNet+AE,0.9474,0.9318,0.88,0.8462,0.9773
833,ResNet+AE,0.9649,0.9817,0.9412,1.0,0.9512
834,ResNet+AE,0.9474,0.9583,0.8421,0.8889,0.9583
835,ResNet+AE,0.9123,0.9364,0.878,0.8182,0.9714
836,ResNet+AE,0.8947,0.9668,0.8125,0.9286,0.8837
837,ResNet+AE,0.8947,0.8833,0.75,0.75,0.9333
838,ResNet+AE,0.9123,0.9632,0.8571,0.8824,0.925
839,ResNet+AE,0.8421,0.9206,0.7429,0.8667,0.8333
840,ResNet+AE,0.9474,0.9762,0.9412,0.96,0.9375
841,ResNet+AE,0.8596,0.9186,0.75,0.8571,0.8605
842,ResNet+AE,0.9474,0.9771,0.9091,0.9375,0.9512
843,ResNet+AE,0.9474,0.985,0.9032,1.0,0.9302
844,ResNet+AE,0.9123,0.913,0.8,0.8333,0.9333
845,ResNet+AE,0.9825,0.9648,0.9565,0.9167,1.0
846,ResNet+AE,0.8596,0.8917,0.7778,0.7778,0.8974
847,ResNet+AE,0.8246,0.9091,0.7917,0.7917,0.8485
848,ResNet+AE,0.8947,0.9441,0.8,0.9231,0.8864
849,ResNet+AE,0.9123,0.9571,0.8889,0.9091,0.9143
850,ResNet+AE,0.9123,0.9527,0.8485,0.875,0.9268
851,ResNet+AE,0.9474,0.9716,0.9268,0.95,0.9459
852,ResNet+AE,0.9123,0.9189,0.8571,0.75,1.0
853,ResNet+AE,0.9474,0.9808,0.9362,0.9565,0.9412
854,ResNet+AE,0.9298,0.9178,0.8333,0.7692,0.9773
855,ResNet+AE,0.9123,0.9604,0.8485,0.875,0.9268
856,ResNet+AE,0.9474,0.9687,0.9189,0.9444,0.9487
857,ResNet+AE,0.9649,0.9718,0.9286,0.9286,0.9767
858,ResNet+AE,0.9474,0.9842,0.88,1.0,0.9348
859,ResNet+AE,0.9298,0.9656,0.9091,0.9524,0.9167
860,ResNet+AE,0.9649,0.9619,0.9333,0.9333,0.9762
861,ResNet+AE,0.9123,0.9543,0.8649,0.8421,0.9474
862,ResNet+AE,0.8772,0.8912,0.6667,0.7778,0.8958
863,ResNet+AE,0.9474,0.9684,0.8966,0.9286,0.9535
864,ResNet+AE,0.8947,0.9485,0.8,0.8571,0.907
865,ResNet+AE,0.9123,0.928,0.8571,0.7895,0.9737
866,ResNet+AE,0.8772,0.9387,0.8293,0.9444,0.8462
867,ResNet+AE,0.9649,0.9794,0.9333,0.9333,0.9762
868,ResNet+AE,0.9123,0.9419,0.8276,0.8571,0.9302
869,ResNet+AE,0.8596,0.9268,0.7647,0.8125,0.878
870,ResNet+AE,0.8947,0.9767,0.8125,0.9286,0.8837
871,ResNet+AE,0.9298,0.9676,0.9048,0.95,0.9189
872,ResNet+AE,0.9123,0.9559,0.8718,1.0,0.875
873,ResNet+AE,0.9825,0.9987,0.9778,1.0,0.9714
874,ResNet+AE,0.8947,0.9031,0.8235,0.7778,0.9487
875,ResNet+AE,0.8772,0.91,0.8108,0.7895,0.9211
876,ResNet+AE,0.9123,0.9744,0.878,1.0,0.8718
877,ResNet+AE,0.9298,0.9841,0.913,1.0,0.8889
878,ResNet+AE,0.9123,0.9762,0.8889,0.9524,0.8889
879,ResNet+AE,0.9123,0.9352,0.8276,0.8571,0.9302
880,ResNet+AE,0.9123,0.9558,0.8571,0.9375,0.9024
881,ResNet+AE,0.8772,0.9458,0.8293,0.8095,0.9167
882,ResNet+AE,0.9474,0.9737,0.9231,0.9474,0.9474
883,ResNet+AE,0.8947,0.9471,0.8333,0.8824,0.9
884,ResNet+AE,0.9298,0.9701,0.8667,0.9286,0.9302
885,ResNet+AE,0.9474,0.9684,0.8889,0.8571,0.9767
886,ResNet+AE,0.9298,0.9662,0.9048,0.95,0.9189
887,ResNet+AE,0.9474,0.9662,0.9091,0.8824,0.975
888,ResNet+AE,0.9298,0.9723,0.9,0.9474,0.9211
889,ResNet+AE,0.8947,0.9211,0.8333,0.7895,0.9474
890,ResNet+AE,0.9825,0.9965,0.963,1.0,0.9773
891,ResNet+AE,0.9649,0.9858,0.9444,0.9444,0.9744
892,ResNet+AE,0.8596,0.9016,0.75,0.8,0.881
893,ResNet+AE,0.8246,0.9135,0.7619,0.8,0.8378
894,ResNet+AE,1.0,1.0,1.0,1.0,1.0
895,ResNet+AE,0.9298,0.9848,0.8889,1.0,0.9024
896,ResNet+AE,0.8947,0.9015,0.8636,0.8261,0.9412
897,ResNet+AE,0.8772,0.9297,0.8205,0.8,0.9189
898,ResNet+AE,0.8421,0.9309,0.8085,0.8261,0.8529
899,ResNet+AE,0.9474,0.9815,0.8889,1.0,0.9333
900,ResNet+AE,0.9298,0.9802,0.913,1.0,0.8889
901,ResNet+AE,0.8772,0.947,0.8511,0.8333,0.9091
902,ResNet+AE,0.8947,0.9529,0.85,0.8947,0.8947
903,ResNet+AE,0.9649,0.9667,0.9167,0.9167,0.9778
904,ResNet+AE,0.9123,0.9573,0.8718,0.9444,0.8974
905,ResNet+AE,0.8947,0.9222,0.7692,0.8333,0.9111
906,ResNet+AE,0.8947,0.9714,0.8333,1.0,0.8571
907,ResNet+AE,0.8772,0.9238,0.8,0.875,0.878
908,ResNet+AE,0.9123,0.9574,0.8148,0.9167,0.9111
909,ResNet+AE,0.9123,0.9501,0.8649,0.8889,0.9231
910,ResNet+AE,0.9123,0.9059,0.8485,0.8235,0.95
911,ResNet+AE,0.8947,0.8846,0.75,0.6923,0.9545
912,ResNet+AE,0.8947,0.9721,0.8421,0.9412,0.875
913,ResNet+AE,0.8596,0.9402,0.7647,0.9286,0.8372
914,ResNet+AE,0.9474,1.0,0.9032,1.0,0.9302
915,ResNet+AE,0.8772,0.9458,0.8372,0.8571,0.8889
916,ResNet+AE,0.9474,0.9618,0.9091,0.8824,0.975
917,ResNet+AE,0.8947,0.9412,0.8571,0.7826,0.9706
918,ResNet+AE,0.8772,0.923,0.8372,0.9,0.8649
919,ResNet+AE,0.8947,0.9824,0.8636,0.95,0.8649
920,ResNet+AE,0.8596,0.9024,0.7647,0.8125,0.878
921,ResNet+AE,0.8596,0.9418,0.8095,0.8947,0.8421
922,ResNet+AE,0.9474,0.9695,0.9231,0.9474,0.9474
923,ResNet+AE,0.8947,0.9471,0.8333,0.8824,0.9
924,ResNet+AE,0.8947,0.8864,0.8636,0.7917,0.9697
925,ResNet+AE,0.9298,0.9551,0.8667,0.9286,0.9302
926,ResNet+AE,0.8772,0.912,0.6667,0.7778,0.8958
927,ResNet+AE,0.9298,0.9746,0.875,0.9333,0.9286
928,ResNet+AE,0.9298,0.9773,0.92,0.9583,0.9091
929,ResNet+AE,0.8421,0.859,0.7568,0.7778,0.8718
930,ResNet+AE,0.8772,0.9009,0.7879,0.8125,0.9024
931,ResNet+AE,0.9298,0.9881,0.8462,1.0,0.913
932,ResNet+AE,0.8947,0.9101,0.8125,0.8125,0.9268
933,ResNet+AE,0.8421,0.9254,0.7568,0.9333,0.8095
934,ResNet+AE,0.9123,0.9132,0.8387,0.7647,0.975
935,ResNet+AE,0.9123,0.9532,0.7826,0.9,0.9149
936,ResNet+AE,0.9474,0.9665,0.9091,0.9375,0.9512
937,ResNet+AE,0.9298,0.9895,0.8667,1.0,0.9091
938,ResNet+AE,0.8947,0.9329,0.8235,0.875,0.9024
939,ResNet+AE,0.9123,0.9016,0.8,0.6667,1.0
940,ResNet+AE,0.9123,0.8724,0.8,0.7692,0.9545
941,ResNet+AE,0.9649,0.9778,0.9444,0.8947,1.0
942,ResNet+AE,0.8947,0.9735,0.8421,0.9412,0.875
943,ResNet+AE,0.9123,0.9302,0.8276,0.8,0.9524
944,ResNet+AE,0.9649,0.9895,0.9286,1.0,0.9545
945,ResNet+AE,0.8947,0.9336,0.7857,0.8462,0.9091
946,ResNet+AE,0.9474,0.981,0.9091,1.0,0.9286
947,ResNet+AE,0.8947,0.9667,0.8125,0.8667,0.9048
948,ResNet+AE,0.8596,0.9299,0.8261,0.8636,0.8571
949,ResNet+AE,0.8947,0.9574,0.7857,0.9167,0.8889
950,ResNet+AE,0.9298,0.9654,0.9,0.9474,0.9211
951,ResNet+AE,0.8772,0.9444,0.8444,0.9048,0.8611
952,ResNet+AE,0.9298,0.878,0.8571,0.75,1.0
953,ResNet+AE,0.9474,0.9654,0.9189,0.8947,0.9737
954,ResNet+AE,0.9474,0.9756,0.9091,0.9375,0.9512
955,ResNet+AE,0.8947,0.9556,0.7857,0.9167,0.8889
956,ResNet+AE,0.9474,0.9893,0.9143,1.0,0.9268
957,ResNet+AE,0.9298,0.9741,0.8824,0.9375,0.9268
958,ResNet+AE,0.9298,0.9926,0.8571,1.0,0.9111
959,ResNet+AE,0.9474,0.9926,0.8889,1.0,0.9333
960,ResNet+AE,0.8947,0.9265,0.8235,0.8235,0.925
961,ResNet+AE,0.8947,0.8969,0.7692,0.7692,0.9318
962,ResNet+AE,0.9123,0.9718,0.8387,0.9286,0.907
963,ResNet+AE,0.9298,0.9529,0.8824,0.8824,0.95
964,ResNet+AE,0.8947,0.9224,0.8421,0.8421,0.9211
965,ResNet+AE,0.9123,0.973,0.8485,0.9333,0.9048
966,ResNet+AE,0.8772,0.8853,0.7742,0.7059,0.95
967,ResNet+AE,0.9298,0.9436,0.875,0.875,0.9512
968,ResNet+AE,0.9123,0.9662,0.8649,0.9412,0.9
969,ResNet+AE,0.8947,0.902,0.7692,0.7143,0.9535
970,ResNet+AE,0.9298,0.9294,0.875,0.8235,0.975
971,ResNet+AE,0.8246,0.9373,0.7727,0.9444,0.7692
972,ResNet+AE,0.9298,0.9635,0.875,0.9333,0.9286
973,ResNet+AE,0.8421,0.8948,0.7273,0.75,0.878
974,ResNet+AE,0.9298,0.9889,0.9048,1.0,0.8947
975,ResNet+AE,0.9474,0.9314,0.9032,0.875,0.9756
976,ResNet+AE,0.8947,0.9618,0.8125,0.9286,0.8837
977,ResNet+AE,0.9123,0.9691,0.8649,0.9412,0.9
978,ResNet+AE,0.9123,0.9236,0.8148,0.7857,0.9535
979,ResNet+AE,0.9123,0.9557,0.9153,0.931,0.8929
980,ResNet+AE,0.9825,0.9863,0.9677,0.9375,1.0
981,ResNet+AE,0.8596,0.9284,0.8182,0.7826,0.9118
982,ResNet+AE,0.9474,0.9229,0.8571,0.8182,0.9783
983,ResNet+AE,0.8596,0.8941,0.7778,0.8235,0.875
984,ResNet+AE,0.9474,0.9703,0.8889,0.9231,0.9545
985,ResNet+AE,0.9298,0.9527,0.8947,0.85,0.973
986,ResNet+AE,0.8772,0.9353,0.8,0.8235,0.9
987,ResNet+AE,0.9649,0.9889,0.9231,1.0,0.9556
988,ResNet+AE,0.9474,0.9775,0.9302,0.9524,0.9444
989,ResNet+AE,0.8947,0.9571,0.8696,0.9091,0.8857
990,ResNet+AE,0.9123,0.9501,0.8889,0.8696,0.9412
991,ResNet+AE,0.9123,0.9387,0.898,0.88,0.9375
992,ResNet+AE,0.8772,0.9647,0.8293,1.0,0.825
993,ResNet+AE,0.9649,0.982,0.9474,0.9474,0.9737
994,ResNet+AE,0.9123,0.9444,0.8649,0.8889,0.9231
995,ResNet+AE,0.9298,0.9618,0.8571,0.8571,0.9535
996,ResNet+AE,0.9123,0.9085,0.8387,0.8125,0.9512
997,ResNet+AE,0.9474,0.9441,0.9091,0.8824,0.975
998,ResNet+AE,0.9474,0.9794,0.9032,0.9333,0.9524
999,ResNet+AE,0.9298,0.9487,0.913,0.84,1.0
1000,ResNet+AE,0.9123,0.9459,0.8649,0.8889,0.9231
1,ResNet,0.8246,0.8914,0.7917,0.7917,0.8485
2,ResNet,0.8947,0.9222,0.8235,0.9333,0.881
3,ResNet,0.9649,0.9921,0.9167,1.0,0.9565
4,ResNet,0.9123,0.9792,0.8718,0.8947,0.9211
5,ResNet,0.8772,0.9224,0.8205,0.8421,0.8947
6,ResNet,0.9298,0.9809,0.8889,0.9412,0.925
7,ResNet,0.9298,0.9801,0.8571,0.8571,0.9535
8,ResNet,0.8772,0.9446,0.8108,0.7895,0.9211
9,ResNet,0.9123,0.9535,0.8148,0.7857,0.9535
10,ResNet,0.9123,0.979,0.8148,0.8462,0.9318
11,ResNet,0.9474,0.9543,0.9143,0.8421,1.0
12,ResNet,0.9649,0.9737,0.9474,0.9474,0.9737
13,ResNet,0.9474,0.9571,0.8966,0.8667,0.9762
14,ResNet,0.8947,0.9238,0.8333,0.7895,0.9474
15,ResNet,0.9123,0.9701,0.8148,0.7857,0.9535
16,ResNet,0.8947,0.9319,0.7692,0.7143,0.9535
17,ResNet,0.9474,0.9858,0.9143,0.8889,0.9744
18,ResNet,0.8947,0.9515,0.8125,0.7647,0.95
19,ResNet,0.9474,0.9751,0.8966,0.9286,0.9535
20,ResNet,0.8772,0.9266,0.7407,0.7692,0.9091
21,ResNet,0.9123,0.9219,0.8148,0.7857,0.9535
22,ResNet,0.9298,0.9585,0.8667,0.9286,0.9302
23,ResNet,0.9298,0.9412,0.8824,0.8824,0.95
24,ResNet,0.8596,0.9238,0.7333,0.7333,0.9048
25,ResNet,0.9474,0.982,0.9231,0.9474,0.9474
26,ResNet,0.9123,0.9604,0.8387,0.8125,0.9512
27,ResNet,0.8421,0.9345,0.7273,0.6667,0.9231
28,ResNet,0.9298,0.9735,0.8824,0.8824,0.95
29,ResNet,0.9123,0.9482,0.8485,0.875,0.9268
30,ResNet,0.9474,0.9817,0.9091,0.9375,0.9512
31,ResNet,0.8947,0.9238,0.8235,0.7368,0.9737
32,ResNet,0.9298,0.9615,0.8824,0.8333,0.9744
33,ResNet,0.8947,0.9473,0.8421,0.8889,0.8974
34,ResNet,0.8947,0.9695,0.8333,0.9375,0.878
35,ResNet,0.9298,0.9865,0.8947,0.85,0.973
36,ResNet,0.8596,0.9488,0.75,0.6316,0.9737
37,ResNet,0.9474,0.9683,0.9032,0.9333,0.9524
38,ResNet,0.9649,0.9811,0.9565,0.9167,1.0
39,ResNet,0.9825,0.9905,0.9756,1.0,0.973
40,ResNet,0.8772,0.925,0.7586,0.6471,0.975
41,ResNet,0.9298,0.9312,0.9048,0.9048,0.9444
42,ResNet,0.8947,0.9551,0.7692,0.7143,0.9535
43,ResNet,0.9825,0.9985,0.9677,0.9375,1.0
44,ResNet,0.9298,0.937,0.8182,0.75,0.9778
45,ResNet,0.9298,0.9629,0.913,0.913,0.9412
46,ResNet,0.9298,0.9568,0.8571,0.8571,0.9535
47,ResNet,0.8772,0.95,0.8108,0.75,0.9459
48,ResNet,0.9474,0.9794,0.9143,0.9412,0.95
49,ResNet,0.9123,0.9654,0.8485,0.7368,1.0
50,ResNet,0.8596,0.9731,0.8,0.6957,0.9706
51,ResNet,0.9825,0.9585,0.9524,0.9091,1.0
52,ResNet,0.9474,0.9688,0.9268,0.8636,1.0
53,ResNet,0.8947,0.9317,0.8,0.8,0.9286
54,ResNet,0.9298,0.9235,0.875,0.8235,0.975
55,ResNet,0.9123,0.9815,0.7826,0.75,0.9556
56,ResNet,0.8947,0.953,0.8235,0.7778,0.9487
57,ResNet,0.8772,0.9307,0.8108,0.7895,0.9211
58,ResNet,0.8947,0.9302,0.8,0.8571,0.907
59,ResNet,0.9298,0.9556,0.8667,0.8667,0.9524
60,ResNet,0.9298,0.9841,0.8571,0.8,0.9762
61,ResNet,0.8947,0.9405,0.8235,0.875,0.9024
62,ResNet,0.8772,0.9252,0.7407,0.7143,0.9302
63,ResNet,0.9123,0.9406,0.8276,0.9231,0.9091
64,ResNet,0.9123,0.946,0.8571,0.7895,0.9737
65,ResNet,0.9123,0.9598,0.8148,0.8462,0.9318
66,ResNet,0.9474,0.9714,0.8966,0.8667,0.9762
67,ResNet,0.9474,0.9757,0.9362,0.9565,0.9412
68,ResNet,0.9474,0.9802,0.8696,0.9091,0.9565
69,ResNet,0.9474,0.9375,0.9032,0.875,0.9756
70,ResNet,1.0,1.0,1.0,1.0,1.0
71,ResNet,0.8596,0.9361,0.8182,0.7826,0.9118
72,ResNet,0.8947,0.9524,0.8125,0.8667,0.9048
73,ResNet,0.9474,0.9695,0.9143,0.8421,1.0
74,ResNet,0.9123,0.9669,0.8837,0.9048,0.9167
75,ResNet,0.9474,0.9867,0.8966,0.9286,0.9535
76,ResNet,1.0,1.0,1.0,1.0,1.0
77,ResNet,0.9298,0.9747,0.92,0.9583,0.9091
78,ResNet,0.9474,0.9917,0.8889,0.8571,0.9767
79,ResNet,0.9649,0.9957,0.8889,0.8,1.0
80,ResNet,0.9474,0.9889,0.88,0.9167,0.9556
81,ResNet,0.9298,0.954,0.9048,0.8261,1.0
82,ResNet,0.8947,0.904,0.8125,0.8125,0.9268
83,ResNet,0.8947,0.9497,0.85,0.8095,0.9444
84,ResNet,0.9123,0.9743,0.8649,0.8,0.973
85,ResNet,0.8421,0.9017,0.7429,0.6842,0.9211
86,ResNet,0.9474,0.9833,0.8571,0.75,1.0
87,ResNet,0.9649,0.9895,0.9231,0.9231,0.9773
88,ResNet,0.8421,0.9186,0.6897,0.7143,0.8837
89,ResNet,0.8947,0.9136,0.7857,0.7857,0.9302
90,ResNet,0.9123,0.9528,0.8,0.7692,0.9545
91,ResNet,0.8772,0.9596,0.8511,0.8333,0.9091
92,ResNet,0.8947,0.968,0.8125,0.8125,0.9268
93,ResNet,0.8947,0.9437,0.8636,0.8261,0.9412
94,ResNet,0.8947,0.9888,0.8636,0.76,1.0
95,ResNet,0.9649,0.9573,0.9412,0.8889,1.0
96,ResNet,0.8421,0.8632,0.7097,0.6111,0.9487
97,ResNet,0.8772,0.9268,0.8,0.875,0.878
98,ResNet,0.9123,0.9418,0.8485,0.7368,1.0
99,ResNet,0.9298,0.9817,0.875,0.875,0.9512
100,ResNet,0.9649,0.9817,0.9375,0.9375,0.9756
101,ResNet,0.8596,0.9451,0.7143,0.625,0.9512
102,ResNet,0.9123,0.9574,0.8649,0.9412,0.9
103,ResNet,0.8421,0.9365,0.7097,0.55,1.0
104,ResNet,0.9649,0.985,0.9231,0.8571,1.0
105,ResNet,0.8772,0.9721,0.7742,0.7059,0.95
106,ResNet,0.8947,0.9298,0.7,0.7,0.9362
107,ResNet,0.9474,0.9744,0.9189,0.9444,0.9487
108,ResNet,0.9298,0.9691,0.8667,0.7647,1.0
109,ResNet,0.9474,0.9665,0.9091,0.9375,0.9512
110,ResNet,0.8596,0.9524,0.7333,0.7333,0.9048
111,ResNet,0.9123,0.9381,0.8276,0.8,0.9524
112,ResNet,0.9298,0.939,0.8667,0.8125,0.9756
113,ResNet,0.9649,0.9792,0.9444,0.8947,1.0
114,ResNet,0.8596,0.9162,0.8,0.8,0.8919
115,ResNet,0.9123,0.95,0.8485,0.8235,0.95
116,ResNet,0.9298,0.9352,0.8462,0.7857,0.9767
117,ResNet,0.9123,0.9703,0.8649,0.8,0.973
118,ResNet,0.8947,0.9687,0.8235,0.7778,0.9487
119,ResNet,0.8772,0.9407,0.8627,0.9167,0.8485
120,ResNet,0.9123,0.9744,0.8485,0.7778,0.9744
121,ResNet,0.9649,0.9936,0.9,0.9,0.9787
122,ResNet,0.8421,0.916,0.7429,0.7222,0.8974
123,ResNet,0.9298,0.9784,0.8889,0.8,1.0
124,ResNet,0.8246,0.9003,0.7059,0.6316,0.9211
125,ResNet,0.9298,0.9722,0.9,0.8571,0.9722
126,ResNet,0.8772,0.9603,0.8372,0.8571,0.8889
127,ResNet,0.9649,0.9884,0.9286,0.9286,0.9767
128,ResNet,0.9123,0.9726,0.8387,0.8125,0.9512
129,ResNet,0.8596,0.9221,0.75,0.7059,0.925
130,ResNet,0.9825,0.9985,0.9677,0.9375,1.0
131,ResNet,0.9649,0.9737,0.9474,0.9474,0.9737
132,ResNet,0.9298,0.995,0.913,0.84,1.0
133,ResNet,0.9649,0.9598,0.9231,0.9231,0.9773
134,ResNet,0.9649,0.9917,0.9286,0.9286,0.9767
135,ResNet,0.8947,0.9058,0.8333,0.7895,0.9474
136,ResNet,0.9298,0.9683,0.9,0.8571,0.9722
137,ResNet,0.8596,0.8902,0.7778,0.6667,0.9722
138,ResNet,0.8772,0.9554,0.8293,0.85,0.8919
139,ResNet,0.9298,0.9818,0.9048,0.8636,0.9714
140,ResNet,0.9649,0.9868,0.9412,0.9412,0.975
141,ResNet,0.9298,0.9726,0.8667,0.8125,0.9756
142,ResNet,0.9298,0.9779,0.8824,0.8824,0.95
143,ResNet,0.8596,0.9552,0.8182,0.7826,0.9118
144,ResNet,0.8947,0.9389,0.7273,0.6667,0.9556
145,ResNet,0.9123,0.9508,0.8387,0.8667,0.9286
146,ResNet,0.8772,0.9584,0.8444,0.8636,0.8857
147,ResNet,0.9123,0.9722,0.7826,0.75,0.9556
148,ResNet,0.9298,0.982,0.8889,0.8421,0.9737
149,ResNet,0.8421,0.9,0.5263,0.5,0.9149
150,ResNet,0.9474,0.9723,0.9143,0.8421,1.0
151,ResNet,0.9474,0.9439,0.8235,0.875,0.9592
152,ResNet,0.9123,0.9649,0.8718,0.85,0.9459
153,ResNet,0.9298,0.9501,0.8947,0.8947,0.9474
154,ResNet,0.8947,0.9668,0.8421,0.8421,0.9211
155,ResNet,0.8947,0.9581,0.85,0.85,0.9189
156,ResNet,0.9123,0.9468,0.8148,0.7857,0.9535
157,ResNet,0.9474,0.9912,0.9091,0.8824,0.975
158,ResNet,0.9123,0.9622,0.878,0.9,0.9189
159,ResNet,0.9649,0.9695,0.9444,0.8947,1.0
160,ResNet,0.8596,0.8779,0.7143,0.5882,0.975
161,ResNet,0.9825,0.9974,0.9778,0.9565,1.0
162,ResNet,0.9298,0.9385,0.8462,0.7857,0.9767
163,ResNet,0.9474,0.9698,0.9032,0.9333,0.9524
164,ResNet,0.8246,0.9202,0.7059,0.6667,0.8974
165,ResNet,0.9474,0.9556,0.8966,0.8667,0.9762
166,ResNet,0.9825,0.997,0.9677,0.9375,1.0
167,ResNet,0.8772,0.9365,0.8205,0.7619,0.9444
168,ResNet,0.8421,0.9079,0.8085,0.8261,0.8529
169,ResNet,0.9474,0.972,0.88,0.8462,0.9773
170,ResNet,0.9825,0.9957,0.973,1.0,0.9744
171,ResNet,0.8596,0.9016,0.7143,0.6667,0.9286
172,ResNet,0.8772,0.9444,0.8293,0.8095,0.9167
173,ResNet,0.9474,0.9818,0.9268,0.8636,1.0
174,ResNet,0.9298,0.9616,0.9,0.8571,0.9722
175,ResNet,0.9123,0.9365,0.8148,0.7333,0.9762
176,ResNet,0.8772,0.9421,0.7586,0.6875,0.9512
177,ResNet,0.9298,0.9486,0.8182,0.8182,0.9565
178,ResNet,0.8772,0.9095,0.7742,0.8,0.9048
179,ResNet,0.8772,0.9369,0.7407,0.7143,0.9302
180,ResNet,0.9123,0.9451,0.8148,0.6875,1.0
181,ResNet,0.9298,0.9545,0.8571,0.9231,0.9318
182,ResNet,0.8772,0.9387,0.8108,0.8333,0.8974
183,ResNet,0.9474,0.9565,0.8696,0.9091,0.9565
184,ResNet,0.9123,0.9236,0.8,0.7143,0.9767
185,ResNet,0.9123,0.9452,0.8276,0.8571,0.9302
186,ResNet,0.9123,0.959,0.878,0.8571,0.9444
187,ResNet,0.8947,0.925,0.8235,0.8235,0.925
188,ResNet,0.8421,0.9437,0.7805,0.6957,0.9412
189,ResNet,0.9298,0.9735,0.9,0.8571,0.9722
190,ResNet,0.9298,0.9543,0.8667,0.8125,0.9756
191,ResNet,0.8772,0.9603,0.8205,0.7619,0.9444
192,ResNet,0.9123,0.9735,0.8571,0.8824,0.925
193,ResNet,0.9298,0.9382,0.8824,0.8824,0.95
194,ResNet,0.8947,0.9392,0.85,0.8095,0.9444
195,ResNet,0.9298,0.9635,0.9,0.9,0.9459
196,ResNet,0.9123,0.9444,0.8571,0.8333,0.9487
197,ResNet,0.9474,0.9658,0.9143,0.8889,0.9744
198,ResNet,0.9474,0.9512,0.9032,0.875,0.9756
199,ResNet,0.8947,0.9535,0.7692,0.7143,0.9535
200,ResNet,0.8947,0.9294,0.8125,0.7647,0.95
201,ResNet,0.8596,0.9206,0.8,0.7619,0.9167
202,ResNet,0.9298,0.9683,0.9048,0.9048,0.9444
203,ResNet,0.9298,0.9506,0.8182,0.8182,0.9565
204,ResNet,0.9474,0.9729,0.9189,0.9444,0.9487
205,ResNet,0.9123,0.9436,0.8387,0.8125,0.9512
206,ResNet,0.9123,0.9557,0.8718,0.8947,0.9211
207,ResNet,0.9123,0.9588,0.8571,0.8824,0.925
208,ResNet,0.9474,0.9762,0.9268,0.9048,0.9722
209,ResNet,0.9123,0.9825,0.8936,0.84,0.9688
210,ResNet,0.9474,0.9825,0.8889,0.8,1.0
211,ResNet,0.8947,0.9189,0.85,0.85,0.9189
212,ResNet,0.9123,0.9412,0.8387,0.7647,0.975
213,ResNet,0.9298,0.9476,0.8462,0.7333,1.0
214,ResNet,0.9123,0.9723,0.8485,0.7368,1.0
215,ResNet,0.9474,0.9751,0.9032,1.0,0.9302
216,ResNet,0.807,0.8426,0.6667,0.6471,0.875
217,ResNet,0.9649,0.9648,0.9167,0.9167,0.9778
218,ResNet,0.9123,0.9514,0.8718,0.85,0.9459
219,ResNet,0.9474,0.9289,0.8571,0.8182,0.9783
220,ResNet,0.9123,0.9618,0.8,0.7143,0.9767
221,ResNet,0.9474,0.9801,0.9032,1.0,0.9302
222,ResNet,0.9123,0.9543,0.8718,0.8947,0.9211
223,ResNet,0.9649,0.9832,0.9333,0.875,1.0
224,ResNet,0.9123,0.9544,0.8485,0.7778,0.9744
225,ResNet,0.8772,0.955,0.8293,0.8095,0.9167
226,ResNet,0.9298,0.9297,0.8889,0.8,1.0
227,ResNet,0.9474,0.9854,0.9231,0.8571,1.0
228,ResNet,0.8947,0.9202,0.8125,0.7222,0.9744
229,ResNet,0.8772,0.9387,0.8108,0.8333,0.8974
230,ResNet,0.8772,0.9563,0.8293,0.8095,0.9167
231,ResNet,0.9123,0.9644,0.8649,0.8889,0.9231
232,ResNet,0.8772,0.8776,0.72,0.6923,0.9318
233,ResNet,0.8246,0.9081,0.7222,0.65,0.9189
234,ResNet,0.8772,0.9529,0.8,0.8235,0.9
235,ResNet,0.9298,0.9577,0.9,0.8571,0.9722
236,ResNet,0.8772,0.9149,0.8205,0.8,0.9189
237,ResNet,0.8947,0.9131,0.8125,0.7222,0.9744
238,ResNet,0.9649,0.9872,0.9444,0.9444,0.9744
239,ResNet,0.9474,0.9834,0.9231,0.9474,0.9474
240,ResNet,0.9123,0.9658,0.8387,0.7222,1.0
241,ResNet,0.9123,0.9687,0.8485,0.7778,0.9744
242,ResNet,0.9298,0.9584,0.9048,0.8636,0.9714
243,ResNet,0.9474,0.9786,0.9231,1.0,0.9231
244,ResNet,0.8947,0.9488,0.8235,0.7368,0.9737
245,ResNet,0.8947,0.9726,0.8235,0.875,0.9024
246,ResNet,0.8772,0.9458,0.7586,0.8462,0.8864
247,ResNet,0.9649,0.9958,0.9444,0.8947,1.0
248,ResNet,0.8947,0.977,0.85,0.7391,1.0
249,ResNet,0.9298,0.973,0.8889,0.8,1.0
250,ResNet,0.8947,0.945,0.875,0.84,0.9375
251,ResNet,0.7544,0.8571,0.5333,0.5714,0.814
252,ResNet,0.9474,0.9881,0.9268,0.9048,0.9722
253,ResNet,0.9298,0.9543,0.8667,0.8125,0.9756
254,ResNet,0.8947,0.9577,0.85,0.8095,0.9444
255,ResNet,0.8947,0.9388,0.7857,0.8462,0.9091
256,ResNet,0.9298,0.9667,0.8462,0.9167,0.9333
257,ResNet,0.9298,0.9336,0.8571,0.8571,0.9535
258,ResNet,0.9298,0.9619,0.875,0.9333,0.9286
259,ResNet,0.8947,0.9563,0.8421,0.7619,0.9722
260,ResNet,0.8772,0.9118,0.8,0.8235,0.9
261,ResNet,0.9474,0.9574,0.88,0.9167,0.9556
262,ResNet,0.8421,0.8987,0.7805,0.7273,0.9143
263,ResNet,0.9123,0.9405,0.8276,0.75,0.9756
264,ResNet,0.9474,0.9857,0.9032,0.9333,0.9524
265,ResNet,0.8947,0.9643,0.85,0.8095,0.9444
266,ResNet,0.9474,0.9923,0.8421,1.0,0.9388
267,ResNet,0.9298,0.9792,0.9,0.8182,1.0
268,ResNet,0.8772,0.9159,0.7742,0.8,0.9048
269,ResNet,0.9298,0.9792,0.8824,0.7895,1.0
270,ResNet,0.9474,0.9585,0.8421,0.7273,1.0
271,ResNet,0.9474,0.9905,0.9231,0.9,0.973
272,ResNet,0.9298,0.9788,0.9,0.8571,0.9722
273,ResNet,0.9123,0.9706,0.8718,1.0,0.875
274,ResNet,0.9123,0.9186,0.8276,0.8571,0.9302
275,ResNet,0.8596,0.9324,0.7647,0.65,0.973
276,ResNet,0.9474,0.9723,0.8421,0.7273,1.0
277,ResNet,0.8947,0.9245,0.8,0.6667,1.0
278,ResNet,0.9649,0.9815,0.9231,1.0,0.9556
279,ResNet,0.9474,0.9897,0.9091,0.8824,0.975
280,ResNet,0.8421,0.9418,0.7273,0.6316,0.9474
281,ResNet,0.9123,0.9597,0.8889,0.9091,0.9143
282,ResNet,0.8947,0.9559,0.8235,0.8235,0.925
283,ResNet,0.9474,0.9598,0.9189,0.8947,0.9737
284,ResNet,0.9123,0.9558,0.8387,0.8125,0.9512
285,ResNet,0.8772,0.946,0.7407,0.6667,0.9524
286,ResNet,0.8947,0.9853,0.8,0.7059,0.975
287,ResNet,0.9474,0.9632,0.9091,0.8824,0.975
288,ResNet,0.8421,0.9162,0.7273,0.75,0.878
289,ResNet,0.9649,0.9943,0.9474,1.0,0.9487
290,ResNet,0.9123,0.9524,0.8387,0.8667,0.9286
291,ResNet,0.8772,0.9527,0.7407,0.625,0.9756
292,ResNet,0.9298,0.9741,0.8462,0.9167,0.9333
293,ResNet,0.8772,0.9559,0.7879,0.7647,0.925
294,ResNet,0.8772,0.9544,0.7879,0.7647,0.925
295,ResNet,0.9123,0.9658,0.8485,0.7778,0.9744
296,ResNet,0.9474,0.9714,0.9302,0.9091,0.9714
297,ResNet,0.9298,0.9497,0.8667,0.8125,0.9756
298,ResNet,0.9649,0.9893,0.9375,0.9375,0.9756
299,ResNet,0.9474,0.9649,0.9032,0.875,0.9756
300,ResNet,0.9123,0.9726,0.8485,0.875,0.9268
301,ResNet,0.8772,0.9368,0.8,0.8235,0.9
302,ResNet,0.9123,0.9502,0.8276,0.8571,0.9302
303,ResNet,0.9825,0.9848,0.9787,0.9583,1.0
304,ResNet,0.9123,0.9618,0.8571,0.8824,0.925
305,ResNet,0.9123,0.9527,0.8649,0.8,0.973
306,ResNet,0.9474,0.9765,0.9143,0.8421,1.0
307,ResNet,0.9474,0.9676,0.9143,0.9412,0.95
308,ResNet,0.8421,0.9259,0.7568,0.6667,0.9444
309,ResNet,0.9649,0.99,0.9231,0.8571,1.0
310,ResNet,0.8246,0.9101,0.7619,0.7619,0.8611
311,ResNet,0.8772,0.9511,0.8108,0.7143,0.9722
312,ResNet,0.9123,0.9558,0.8485,0.875,0.9268
313,ResNet,0.9474,0.9917,0.9143,0.8421,1.0
314,ResNet,0.9649,0.9617,0.9,0.9,0.9787
315,ResNet,0.9298,0.979,0.8333,0.7692,0.9773
316,ResNet,0.9474,1.0,0.88,1.0,0.9348
317,ResNet,0.8947,0.913,0.75,0.75,0.9333
318,ResNet,0.8947,0.9476,0.8,0.8,0.9286
319,ResNet,0.9123,0.9543,0.8718,0.8947,0.9211
320,ResNet,0.9298,0.9556,0.8667,0.8667,0.9524
321,ResNet,0.9298,0.9821,0.913,0.913,0.9412
322,ResNet,0.9649,0.9924,0.9375,0.9375,0.9756
323,ResNet,0.8596,0.923,0.8,0.8,0.8919
324,ResNet,0.9474,0.963,0.9189,0.9444,0.9487
325,ResNet,0.8246,0.9105,0.7727,0.7391,0.8824
326,ResNet,0.9123,0.9574,0.8485,0.8235,0.95
327,ResNet,0.8947,0.9514,0.8571,0.7826,0.9706
328,ResNet,0.9649,0.9665,0.9333,0.875,1.0
329,ResNet,0.9298,0.9665,0.875,0.875,0.9512
330,ResNet,0.9474,0.977,0.9302,0.8696,1.0
331,ResNet,0.8947,0.9662,0.8421,0.7273,1.0
332,ResNet,0.9474,0.9524,0.9032,0.9333,0.9524
333,ResNet,0.9123,0.9511,0.878,0.8571,0.9444
334,ResNet,0.8772,0.9272,0.8444,0.9048,0.8611
335,ResNet,0.9298,0.9619,0.8667,0.8125,0.9756
336,ResNet,0.9298,0.9619,0.8667,0.8667,0.9524
337,ResNet,0.9123,0.9854,0.8649,0.7619,1.0
338,ResNet,0.9649,0.9941,0.9444,1.0,0.95
339,ResNet,0.9298,0.9644,0.875,0.7778,1.0
340,ResNet,0.8947,0.9541,0.85,0.85,0.9189
341,ResNet,0.9474,0.9848,0.9189,0.8947,0.9737
342,ResNet,0.9123,0.9718,0.8387,0.9286,0.907
343,ResNet,0.8596,0.9071,0.6923,0.8182,0.8696
344,ResNet,0.8947,0.9487,0.8235,0.7778,0.9487
345,ResNet,0.8772,0.9297,0.8205,0.8,0.9189
346,ResNet,0.8596,0.8582,0.7333,0.6875,0.9268
347,ResNet,0.9474,0.9893,0.9032,0.875,0.9756
348,ResNet,0.9123,0.9714,0.878,0.8182,0.9714
349,ResNet,0.9298,0.943,0.8824,0.8333,0.9744
350,ResNet,0.9649,0.9931,0.9474,0.9474,0.9737
351,ResNet,0.9123,0.9543,0.8387,0.8125,0.9512
352,ResNet,0.8947,0.8741,0.7692,0.7692,0.9318
353,ResNet,0.7895,0.8797,0.6667,0.6,0.8919
354,ResNet,0.9298,0.9683,0.875,0.9333,0.9286
355,ResNet,0.9825,0.9968,0.9655,0.9333,1.0
356,ResNet,0.9123,0.9603,0.8485,0.9333,0.9048
357,ResNet,0.8596,0.9501,0.7647,0.7222,0.9231
358,ResNet,0.8947,0.9598,0.8421,0.8421,0.9211
359,ResNet,0.9474,0.9924,0.9333,0.875,1.0
360,ResNet,0.8772,0.9246,0.8444,0.8261,0.9118
361,ResNet,0.9123,0.9494,0.8837,0.8636,0.9429
362,ResNet,0.8421,0.9683,0.7568,0.6667,0.9444
363,ResNet,0.8421,0.9335,0.7805,0.6957,0.9412
364,ResNet,0.9298,0.9738,0.8571,0.9231,0.9318
365,ResNet,0.9474,0.9843,0.8966,1.0,0.9318
366,ResNet,0.9298,0.9784,0.8333,0.7143,1.0
367,ResNet,0.9825,0.9878,0.96,0.9231,1.0
368,ResNet,0.9298,0.9762,0.8667,0.8667,0.9524
369,ResNet,0.9649,0.993,0.9286,1.0,0.9545
370,ResNet,0.9649,0.983,0.9,0.9,0.9787
371,ResNet,0.9825,0.9958,0.973,0.9474,1.0
372,ResNet,0.8947,0.9311,0.8333,0.75,0.973
373,ResNet,0.9123,0.9103,0.8571,0.8333,0.9487
374,ResNet,0.8421,0.9058,0.7273,0.6316,0.9474
375,ResNet,0.9474,0.9618,0.9091,0.8824,0.975
376,ResNet,0.9825,0.9986,0.9714,0.9444,1.0
377,ResNet,0.8772,0.9508,0.7742,0.8,0.9048
378,ResNet,0.9298,0.9373,0.8889,0.8889,0.9487
379,ResNet,0.9474,0.9824,0.9189,0.85,1.0
380,ResNet,0.9298,0.9821,0.9091,0.8696,0.9706
381,ResNet,0.8772,0.9369,0.7407,0.7143,0.9302
382,ResNet,0.9298,0.9633,0.8462,0.8462,0.9545
383,ResNet,0.8772,0.9506,0.6957,0.7273,0.913
384,ResNet,0.807,0.9194,0.7843,0.7692,0.8387
385,ResNet,0.9474,0.9939,0.9091,0.9375,0.9512
386,ResNet,0.8947,0.936,0.7857,0.6875,0.9756
387,ResNet,0.8947,0.9191,0.8,0.7059,0.975
388,ResNet,0.9649,0.993,0.9231,0.9231,0.9773
389,ResNet,0.8947,0.9402,0.8,0.8571,0.907
390,ResNet,0.8596,0.907,0.6923,0.6429,0.9302
391,ResNet,0.8772,0.9392,0.8372,0.8571,0.8889
392,ResNet,0.8596,0.9501,0.7895,0.8333,0.8718
393,ResNet,0.9649,0.981,0.9286,0.8667,1.0
394,ResNet,0.9649,0.9886,0.9474,1.0,0.9487
395,ResNet,0.9298,0.9598,0.8889,0.8421,0.9737
396,ResNet,0.9123,0.9074,0.8387,0.7647,0.975
397,ResNet,0.9298,0.9656,0.9,0.8571,0.9722
398,ResNet,0.9825,0.9986,0.9714,0.9444,1.0
399,ResNet,0.9474,0.9956,0.9091,0.8824,0.975
400,ResNet,0.9123,0.9921,0.8571,1.0,0.881
401,ResNet,0.9123,0.9784,0.8,0.7143,0.9767
402,ResNet,0.8596,0.904,0.7333,0.6875,0.9268
403,ResNet,0.9123,0.9634,0.8148,0.6875,1.0
404,ResNet,0.9123,0.9635,0.8387,0.9286,0.907
405,ResNet,0.9298,0.9719,0.9091,0.8696,0.9706
406,ResNet,0.8246,0.8994,0.7059,0.75,0.8537
407,ResNet,0.8947,0.9544,0.8333,0.8824,0.9
408,ResNet,0.8947,0.9527,0.8636,0.8261,0.9412
409,ResNet,0.8772,0.9442,0.8372,0.8182,0.9143
410,ResNet,0.9474,0.9797,0.9189,0.85,1.0
411,ResNet,0.9298,0.9721,0.8889,0.9412,0.925
412,ResNet,0.8421,0.9474,0.7568,0.7368,0.8947
413,ResNet,0.9123,0.9775,0.8718,0.8095,0.9722
414,ResNet,0.8772,0.9459,0.8108,0.8333,0.8974
415,ResNet,0.9123,0.9336,0.8148,0.8462,0.9318
416,ResNet,0.8947,0.9131,0.8125,0.8125,0.9268
417,ResNet,0.9123,0.9709,0.8649,0.8421,0.9474
418,ResNet,0.9123,0.961,0.8837,0.8636,0.9429
419,ResNet,0.9474,0.9508,0.8889,0.8,1.0
420,ResNet,0.9123,0.9767,0.8148,0.7857,0.9535
421,ResNet,0.9474,0.9811,0.9231,0.9,0.973
422,ResNet,0.9298,0.9824,0.9,0.9,0.9459
423,ResNet,0.9123,0.9735,0.8649,0.9412,0.9
424,ResNet,1.0,1.0,1.0,1.0,1.0
425,ResNet,0.9298,0.963,0.9091,0.9524,0.9167
426,ResNet,0.9298,0.9518,0.8462,0.7857,0.9767
427,ResNet,0.9298,0.9815,0.9048,0.9048,0.9444
428,ResNet,0.9825,0.9965,0.96,0.9231,1.0
429,ResNet,0.8772,0.9103,0.7742,0.6667,0.9744
430,ResNet,0.9649,0.9775,0.9524,0.9524,0.9722
431,ResNet,0.9298,0.9808,0.913,0.913,0.9412
432,ResNet,0.9123,0.9388,0.8148,0.8462,0.9318
433,ResNet,0.9123,0.9451,0.8276,0.75,0.9756
434,ResNet,0.9474,0.9926,0.9032,0.8235,1.0
435,ResNet,0.8596,0.8882,0.7778,0.8235,0.875
436,ResNet,0.9474,0.9865,0.9231,0.9,0.973
437,ResNet,0.9474,0.9543,0.9032,0.875,0.9756
438,ResNet,0.8596,0.8944,0.6667,0.6667,0.9111
439,ResNet,0.8947,0.9689,0.8421,0.8,0.9459
440,ResNet,0.9123,0.9551,0.8387,0.9286,0.907
441,ResNet,0.9649,0.9691,0.9375,0.8824,1.0
442,ResNet,0.9474,0.9808,0.8889,0.9231,0.9545
443,ResNet,0.9123,0.9432,0.8718,0.8947,0.9211
444,ResNet,0.8772,0.9426,0.8108,0.8824,0.875
445,ResNet,0.8596,0.9235,0.75,0.7059,0.925
446,ResNet,0.8421,0.9095,0.7097,0.7333,0.881
447,ResNet,0.9474,0.975,0.9091,0.8824,0.975
448,ResNet,0.9298,0.9524,0.875,0.9333,0.9286
449,ResNet,0.9298,0.9824,0.8889,0.9412,0.925
450,ResNet,0.7895,0.899,0.7,0.5833,0.9394
451,ResNet,0.9298,0.9727,0.9048,0.8636,0.9714
452,ResNet,0.9123,0.9321,0.8571,0.7895,0.9737
453,ResNet,0.9649,0.9954,0.9333,0.875,1.0
454,ResNet,0.9123,0.953,0.8571,0.8333,0.9487
455,ResNet,0.9649,0.995,0.9286,0.9286,0.9767
456,ResNet,0.807,0.9162,0.7027,0.7647,0.825
457,ResNet,0.8596,0.9235,0.75,0.7059,0.925
458,ResNet,0.9298,0.9544,0.875,0.7778,1.0
459,ResNet,0.9298,0.9721,0.8824,0.8824,0.95
460,ResNet,0.8596,0.9269,0.6667,0.5714,0.9535
461,ResNet,0.8947,0.9468,0.8571,0.8182,0.9429
462,ResNet,0.9298,0.9687,0.8889,0.8889,0.9487
463,ResNet,0.8947,0.9122,0.8333,0.75,0.973
464,ResNet,0.9123,0.954,0.8837,0.8261,0.9706
465,ResNet,0.8596,0.9211,0.8,0.8421,0.8684
466,ResNet,0.8947,0.963,0.85,0.8095,0.9444
467,ResNet,0.8421,0.9444,0.7097,0.7333,0.881
468,ResNet,0.8772,0.9338,0.8205,0.7273,0.9714
469,ResNet,0.9298,0.9573,0.8824,0.8333,0.9744
470,ResNet,0.9474,0.9825,0.8966,0.8667,0.9762
471,ResNet,0.8421,0.9466,0.7273,0.75,0.878
472,ResNet,0.9649,0.9945,0.9444,0.8947,1.0
473,ResNet,0.8772,0.9246,0.8293,0.8095,0.9167
474,ResNet,0.8947,0.9615,0.8333,0.8333,0.9231
475,ResNet,0.9649,0.9963,0.9231,1.0,0.9556
476,ResNet,0.9474,0.958,0.8696,0.7692,1.0
477,ResNet,0.9474,0.9825,0.8966,0.8667,0.9762
478,ResNet,0.8947,0.9369,0.7692,0.7143,0.9535
479,ResNet,0.8947,0.9248,0.7692,0.7692,0.9318
480,ResNet,0.9123,0.9497,0.8387,0.8125,0.9512
481,ResNet,0.9474,0.954,0.8966,0.8667,0.9762
482,ResNet,0.9474,0.9806,0.9143,0.8421,1.0
483,ResNet,0.9123,0.9653,0.8936,0.8077,1.0
484,ResNet,0.8772,0.9351,0.8108,0.75,0.9459
485,ResNet,0.9649,0.9912,0.9375,0.8824,1.0
486,ResNet,0.9474,0.9667,0.8696,0.8333,0.9778
487,ResNet,0.8772,0.9544,0.8,0.7778,0.9231
488,ResNet,0.8947,0.9319,0.7857,0.7857,0.9302
489,ResNet,0.9474,0.9851,0.8571,0.9,0.9574
490,ResNet,0.807,0.8956,0.6667,0.6471,0.875
491,ResNet,0.8772,0.9324,0.8,0.7,0.973
492,ResNet,0.8947,0.955,0.85,0.8095,0.9444
493,ResNet,0.9123,0.9559,0.8485,0.8235,0.95
494,ResNet,0.9825,0.9985,0.9697,0.9412,1.0
495,ResNet,0.9123,0.9604,0.8485,0.875,0.9268
496,ResNet,0.8947,0.9801,0.7692,0.7143,0.9535
497,ResNet,0.9474,0.9447,0.8571,0.8182,0.9783
498,ResNet,0.8947,0.963,0.8235,0.7778,0.9487
499,ResNet,0.8947,0.9441,0.8235,0.8235,0.925
500,ResNet,0.9298,0.9615,0.8824,0.8333,0.9744
501,ResNet,0.9649,0.996,0.9167,1.0,0.9565
502,ResNet,0.9298,0.9573,0.8889,0.8889,0.9487
503,ResNet,0.8421,0.9258,0.8,0.7826,0.8824
504,ResNet,0.8947,0.9145,0.8235,0.7778,0.9487
505,ResNet,0.8421,0.8908,0.8085,0.7308,0.9355
506,ResNet,0.8947,0.9382,0.8333,0.8824,0.9
507,ResNet,0.8772,0.9672,0.7879,0.7222,0.9487
508,ResNet,0.9123,0.9672,0.8571,0.8333,0.9487
509,ResNet,0.9298,0.9529,0.8889,0.8421,0.9737
510,ResNet,0.9298,0.9723,0.8889,0.8421,0.9737
511,ResNet,0.8947,0.9135,0.8235,0.7,1.0
512,ResNet,0.9123,0.9311,0.8718,0.85,0.9459
513,ResNet,0.8947,0.9683,0.8421,0.7619,0.9722
514,ResNet,0.9649,0.9949,0.9545,0.913,1.0
515,ResNet,0.9298,0.9441,0.8333,0.7692,0.9773
516,ResNet,0.9298,0.9175,0.8571,0.8,0.9762
517,ResNet,0.8596,0.9404,0.7647,0.6842,0.9474
518,ResNet,0.9298,0.9853,0.8824,0.8824,0.95
519,ResNet,0.9123,0.961,0.8889,0.9091,0.9143
520,ResNet,0.8772,0.9219,0.7586,0.7857,0.907
521,ResNet,0.8772,0.9351,0.8293,0.7727,0.9429
522,ResNet,0.9649,0.9889,0.9231,1.0,0.9556
523,ResNet,0.9298,0.9432,0.8824,0.7895,1.0
524,ResNet,0.9123,0.8937,0.8148,0.7857,0.9535
525,ResNet,0.9298,0.9792,0.9091,0.9091,0.9429
526,ResNet,0.9298,0.971,0.8571,0.75,1.0
527,ResNet,0.9298,0.887,0.8333,0.7143,1.0
528,ResNet,0.8947,0.9369,0.8,0.8571,0.907
529,ResNet,0.8947,0.9618,0.8,0.8571,0.907
530,ResNet,0.9123,0.9622,0.8837,0.95,0.8919
531,ResNet,0.9474,0.9595,0.9268,0.95,0.9459
532,ResNet,0.9123,0.9506,0.8718,0.7727,1.0
533,ResNet,0.807,0.8704,0.7027,0.619,0.9167
534,ResNet,0.9474,0.9809,0.9143,0.9412,0.95
535,ResNet,0.8772,0.9111,0.7407,0.6667,0.9524
536,ResNet,0.9123,0.9684,0.8,0.7143,0.9767
537,ResNet,0.9298,0.9296,0.8,0.6667,1.0
538,ResNet,0.8947,0.9389,0.7692,0.8333,0.9111
539,ResNet,0.9474,0.9972,0.9091,0.8333,1.0
540,ResNet,0.9474,0.9518,0.88,0.7857,1.0
541,ResNet,0.9474,0.9545,0.88,0.8462,0.9773
542,ResNet,0.8772,0.9529,0.7742,0.7059,0.95
543,ResNet,0.9123,0.9695,0.8387,0.8125,0.9512
544,ResNet,0.9298,0.9695,0.8947,0.8947,0.9474
545,ResNet,0.9298,0.9857,0.8571,0.8,0.9762
546,ResNet,0.9298,0.9895,0.8462,0.8462,0.9545
547,ResNet,0.8947,0.973,0.8421,0.8,0.9459
548,ResNet,0.9474,0.9947,0.9268,0.9048,0.9722
549,ResNet,0.8947,0.9603,0.8125,0.8667,0.9048
550,ResNet,0.9649,0.996,0.95,0.9048,1.0
551,ResNet,0.8596,0.9307,0.7895,0.7895,0.8947
552,ResNet,0.9298,0.981,0.8667,0.8667,0.9524
553,ResNet,0.8596,0.9177,0.75,0.75,0.9024
554,ResNet,0.9123,0.9573,0.8387,0.8125,0.9512
555,ResNet,0.8947,0.9537,0.85,0.8095,0.9444
556,ResNet,0.807,0.8676,0.7027,0.65,0.8919
557,ResNet,0.9123,0.9458,0.8148,0.8462,0.9318
558,ResNet,0.9474,0.9868,0.9091,0.8824,0.975
559,ResNet,0.9298,0.9584,0.8947,0.8947,0.9474
560,ResNet,0.8596,0.9127,0.7778,0.6667,0.9722
561,ResNet,0.8947,0.8818,0.8125,0.7222,0.9744
562,ResNet,0.9474,0.99,0.9032,1.0,0.9302
563,ResNet,0.9649,0.9766,0.9,0.9,0.9787
564,ResNet,0.9825,0.9755,0.96,0.9231,1.0
565,ResNet,0.8947,0.9405,0.7857,0.6875,0.9756
566,ResNet,0.8947,0.9309,0.8636,0.8261,0.9412
567,ResNet,0.9649,0.9895,0.9231,0.9231,0.9773
568,ResNet,0.9649,0.9926,0.9231,1.0,0.9556
569,ResNet,0.8246,0.9252,0.7368,0.7368,0.8684
570,ResNet,0.9123,0.9853,0.8485,0.8235,0.95
571,ResNet,0.9123,0.9875,0.8571,0.7895,0.9737
572,ResNet,0.9298,0.9734,0.8667,0.9286,0.9302
573,ResNet,0.8596,0.9169,0.7333,0.7857,0.8837
574,ResNet,0.9474,0.9801,0.8966,0.9286,0.9535
575,ResNet,0.8772,0.9402,0.8,0.7778,0.9231
576,ResNet,0.9298,0.9492,0.8571,0.8,0.9762
577,ResNet,0.8772,0.9349,0.8372,0.9474,0.8421
578,ResNet,0.8596,0.8621,0.6923,0.6429,0.9302
579,ResNet,0.9649,0.9957,0.9412,0.8889,1.0
580,ResNet,0.9123,0.9863,0.8485,0.875,0.9268
581,ResNet,0.8947,0.9238,0.8,0.75,0.9512
582,ResNet,0.9123,0.9222,0.7826,0.75,0.9556
583,ResNet,0.8772,0.8796,0.6957,0.6667,0.9333
584,ResNet,0.9649,0.9924,0.9375,0.9375,0.9756
585,ResNet,0.9649,0.9867,0.9333,1.0,0.9535
586,ResNet,0.9298,0.9388,0.8462,0.8462,0.9545
587,ResNet,0.9298,0.9758,0.8947,0.9444,0.9231
588,ResNet,0.8772,0.9058,0.8108,0.7895,0.9211
589,ResNet,0.9298,0.9588,0.875,0.8235,0.975
590,ResNet,0.9474,0.9844,0.9362,1.0,0.9143
591,ResNet,0.8947,0.9519,0.8636,0.8636,0.9143
592,ResNet,0.9649,0.9853,0.9412,0.9412,0.975
593,ResNet,0.9123,0.9247,0.878,0.8182,0.9714
594,ResNet,0.9298,0.9735,0.8824,0.8824,0.95
595,ResNet,0.8772,0.9387,0.8,0.7778,0.9231
596,ResNet,0.8947,0.9488,0.8421,0.8421,0.9211
597,ResNet,0.9298,0.9511,0.9,0.8571,0.9722
598,ResNet,0.9123,0.9668,0.8,0.7143,0.9767
599,ResNet,1.0,1.0,1.0,1.0,1.0
600,ResNet,1.0,1.0,1.0,1.0,1.0
601,ResNet,0.9474,0.9492,0.8966,0.8667,0.9762
602,ResNet,0.9298,0.9762,0.8667,0.8667,0.9524
603,ResNet,0.9474,0.9824,0.9143,0.9412,0.95
604,ResNet,0.9123,0.9563,0.8,0.7692,0.9545
605,ResNet,0.8947,0.9515,0.8125,0.7647,0.95
606,ResNet,0.9123,0.946,0.8571,0.7895,0.9737
607,ResNet,0.9474,0.9756,0.9091,0.9375,0.9512
608,ResNet,0.9298,0.9516,0.8889,0.8889,0.9487
609,ResNet,0.807,0.8902,0.7442,0.6667,0.9091
610,ResNet,0.8947,0.9206,0.7692,0.6667,0.9762
611,ResNet,0.8772,0.9147,0.7742,0.7059,0.95
612,ResNet,0.9298,0.95,0.875,0.8235,0.975
613,ResNet,0.9474,0.9647,0.9032,0.8235,1.0
614,ResNet,0.8947,0.9368,0.8333,0.8824,0.9
615,ResNet,0.9298,0.9619,0.8571,0.75,1.0
616,ResNet,0.9649,0.9735,0.9375,0.8824,1.0
617,ResNet,0.8772,0.9468,0.7742,0.8571,0.8837
618,ResNet,0.8596,0.9206,0.7647,0.7647,0.9
619,ResNet,0.8947,0.903,0.8333,0.7895,0.9474
620,ResNet,0.9123,0.9468,0.878,0.8182,0.9714
621,ResNet,0.8772,0.8531,0.6667,0.5385,0.9773
622,ResNet,0.9123,0.9765,0.8718,0.8947,0.9211
623,ResNet,0.8421,0.9247,0.7692,0.6818,0.9429
624,ResNet,0.9298,0.9919,0.9,0.9,0.9459
625,ResNet,0.9474,0.9588,0.9091,0.8824,0.975
626,ResNet,0.9825,0.9921,0.9524,0.9091,1.0
627,ResNet,0.8947,0.9563,0.8421,0.7619,0.9722
628,ResNet,0.8947,0.9441,0.7857,0.8462,0.9091
629,ResNet,0.8947,0.9545,0.8,0.9231,0.8864
630,ResNet,0.9298,0.9834,0.8571,0.8571,0.9535
631,ResNet,0.8421,0.873,0.7692,0.7143,0.9167
632,ResNet,0.807,0.8293,0.5926,0.5,0.9268
633,ResNet,0.9123,0.9266,0.8148,0.8462,0.9318
634,ResNet,0.9298,0.9743,0.8333,0.9091,0.9348
635,ResNet,0.9649,0.9797,0.95,0.95,0.973
636,ResNet,0.9298,0.9765,0.875,0.8235,0.975
637,ResNet,0.9474,0.9683,0.9032,0.9333,0.9524
638,ResNet,0.9474,0.9552,0.9333,0.913,0.9706
639,ResNet,0.8947,0.9471,0.8421,0.9412,0.875
640,ResNet,0.9298,0.9765,0.9,0.9474,0.9211
641,ResNet,0.8596,0.9207,0.7647,0.8125,0.878
642,ResNet,0.9474,0.9665,0.9091,0.9375,0.9512
643,ResNet,0.9123,0.95,0.8485,0.8235,0.95
644,ResNet,0.9474,0.9958,0.9143,0.8421,1.0
645,ResNet,0.9123,0.9649,0.8387,0.8125,0.9512
646,ResNet,0.9474,0.9817,0.8966,0.9286,0.9535
647,ResNet,0.8596,0.907,0.7143,0.625,0.9512
648,ResNet,0.9474,0.9828,0.9302,0.9524,0.9444
649,ResNet,0.9123,0.9573,0.8571,0.8333,0.9487
650,ResNet,0.9123,0.9588,0.8485,0.875,0.9268
651,ResNet,0.8947,0.9612,0.8421,0.8421,0.9211
652,ResNet,0.9298,0.9402,0.8889,0.8889,0.9487
653,ResNet,0.9474,0.9721,0.9143,0.9412,0.95
654,ResNet,0.8421,0.9039,0.7805,0.7273,0.9143
655,ResNet,0.9123,0.9217,0.8485,0.7778,0.9744
656,ResNet,0.8596,0.9,0.7333,0.6471,0.95
657,ResNet,0.9649,0.9865,0.9474,0.9,1.0
658,ResNet,0.9474,0.968,0.9032,0.875,0.9756
659,ResNet,0.8421,0.9418,0.7568,0.6667,0.9444
660,ResNet,0.9298,0.9612,0.8824,0.7895,1.0
661,ResNet,0.8772,0.8803,0.7586,0.6111,1.0
662,ResNet,0.9649,0.9926,0.9412,0.9412,0.975
663,ResNet,0.8947,0.9676,0.8421,0.8,0.9459
664,ResNet,0.8421,0.8824,0.7097,0.6471,0.925
665,ResNet,0.9123,0.9834,0.8485,1.0,0.8837
666,ResNet,0.8947,0.95,0.8333,0.8824,0.9
667,ResNet,0.8772,0.9259,0.72,0.75,0.9111
668,ResNet,0.8947,0.9532,0.85,0.7727,0.9714
669,ResNet,0.9474,0.9672,0.9143,0.8889,0.9744
670,ResNet,0.9298,0.9476,0.8333,0.7692,0.9773
671,ResNet,0.9474,0.9811,0.9268,0.95,0.9459
672,ResNet,0.9123,0.9402,0.8485,0.7778,0.9744
673,ResNet,0.8596,0.9338,0.7333,0.6471,0.95
674,ResNet,0.9474,0.9848,0.9189,0.8947,0.9737
675,ResNet,0.8947,0.9363,0.85,0.8947,0.8947
676,ResNet,0.9474,0.9868,0.9091,0.8824,0.975
677,ResNet,0.8947,0.9601,0.7692,0.7143,0.9535
678,ResNet,0.8947,0.9737,0.85,0.8947,0.8947
679,ResNet,0.8947,0.9527,0.8421,0.8,0.9459
680,ResNet,0.9298,0.897,0.8333,0.7143,1.0
681,ResNet,0.7719,0.9206,0.6667,0.619,0.8611
682,ResNet,0.9123,0.9301,0.8,0.7692,0.9545
683,ResNet,0.9298,0.9701,0.8889,0.8889,0.9487
684,ResNet,0.9474,0.9897,0.9091,0.8824,0.975
685,ResNet,0.9298,0.9405,0.8889,0.8,1.0
686,ResNet,0.8596,0.8741,0.6364,0.5833,0.9333
687,ResNet,0.8421,0.9162,0.7692,0.75,0.8919
688,ResNet,0.9474,0.9944,0.8889,1.0,0.9333
689,ResNet,0.8772,0.9565,0.8444,0.8261,0.9118
690,ResNet,0.8772,0.9426,0.7407,0.8333,0.8889
691,ResNet,0.8596,0.8986,0.6923,0.6923,0.9091
692,ResNet,0.9649,0.9965,0.9286,1.0,0.9545
693,ResNet,0.9649,0.9878,0.9412,1.0,0.9512
694,ResNet,0.9649,0.9743,0.9474,0.9,1.0
695,ResNet,0.9298,0.9615,0.8824,0.8333,0.9744
696,ResNet,0.8947,0.9432,0.8333,0.75,0.973
697,ResNet,0.9123,0.9872,0.8837,0.8261,0.9706
698,ResNet,0.8596,0.9481,0.8,0.7273,0.9429
699,ResNet,0.8947,0.9658,0.8125,0.7222,0.9744
700,ResNet,0.8947,0.954,0.8,0.8,0.9286
701,ResNet,0.9649,0.9817,0.9286,0.9286,0.9767
702,ResNet,0.9123,0.9338,0.898,0.88,0.9375
703,ResNet,0.9298,0.974,0.9,0.8182,1.0
704,ResNet,0.9474,0.9651,0.9032,0.9333,0.9524
705,ResNet,0.8947,0.9463,0.7692,0.8333,0.9111
706,ResNet,0.9123,0.9851,0.898,0.8462,0.9677
707,ResNet,0.8246,0.9176,0.75,0.8824,0.8
708,ResNet,0.8772,0.9118,0.8,0.8235,0.9
709,ResNet,0.9474,0.9601,0.9091,0.8333,1.0
710,ResNet,0.8772,0.9551,0.7586,0.7857,0.907
711,ResNet,0.9298,0.9385,0.8571,0.8571,0.9535
712,ResNet,0.9474,0.9601,0.9189,0.9444,0.9487
713,ResNet,0.9123,0.9217,0.8485,0.7778,0.9744
714,ResNet,0.9123,0.9658,0.8649,0.8889,0.9231
715,ResNet,0.8772,0.9529,0.7879,0.6842,0.9737
716,ResNet,0.8947,0.946,0.7857,0.7333,0.9524
717,ResNet,0.9474,0.9493,0.88,0.8462,0.9773
718,ResNet,0.9123,0.9476,0.8837,0.8261,0.9706
719,ResNet,0.8421,0.8636,0.7568,0.6364,0.9714
720,ResNet,0.8772,0.9365,0.8108,0.75,0.9459
721,ResNet,0.9298,0.9706,0.8824,0.8824,0.95
722,ResNet,0.8947,0.9573,0.8333,0.8333,0.9231
723,ResNet,0.8421,0.9048,0.7692,0.7143,0.9167
724,ResNet,0.8246,0.9111,0.6154,0.5333,0.9286
725,ResNet,0.8772,0.9529,0.7879,0.7647,0.925
726,ResNet,0.8596,0.9207,0.7333,0.6875,0.9268
727,ResNet,0.9123,0.9397,0.8148,0.7333,0.9762
728,ResNet,0.8947,0.9618,0.8125,0.7647,0.95
729,ResNet,0.9298,0.9615,0.8333,0.7692,0.9773
730,ResNet,0.9474,0.9619,0.8889,0.8,1.0
731,ResNet,0.8421,0.9404,0.7429,0.6842,0.9211
732,ResNet,0.9298,0.9619,0.8667,0.8667,0.9524
733,ResNet,0.9298,0.9259,0.8333,0.8333,0.9556
734,ResNet,0.8772,0.9312,0.8372,0.8182,0.9143
735,ResNet,0.8947,0.9512,0.8,0.75,0.9512
736,ResNet,0.8947,0.9345,0.8333,0.8333,0.9231
737,ResNet,0.9298,0.9838,0.8947,0.85,0.973
738,ResNet,0.9123,0.9481,0.8,0.8333,0.9333
739,ResNet,0.9474,0.9723,0.8696,0.9091,0.9565
740,ResNet,0.7719,0.8876,0.6486,0.5714,0.8889
741,ResNet,0.9123,0.9669,0.8718,0.8095,0.9722
742,ResNet,0.9123,0.9667,0.7619,0.6667,0.9778
743,ResNet,0.8772,0.8969,0.7586,0.8462,0.8864
744,ResNet,0.9825,0.986,0.96,0.9231,1.0
745,ResNet,0.8947,0.9421,0.8235,0.875,0.9024
746,ResNet,0.9649,0.9878,0.9412,1.0,0.9512
747,ResNet,0.9825,0.9818,0.9767,0.9545,1.0
748,ResNet,0.9649,0.9923,0.9545,0.913,1.0
749,ResNet,0.8947,0.9551,0.75,0.6429,0.9767
750,ResNet,0.9649,0.9792,0.9444,0.8947,1.0
751,ResNet,0.9298,0.9886,0.8889,0.8889,0.9487
752,ResNet,0.807,0.9027,0.7179,0.7,0.8649
753,ResNet,0.9123,0.9649,0.8837,0.8636,0.9429
754,ResNet,0.8596,0.9257,0.7778,0.7,0.9459
755,ResNet,0.9649,0.9669,0.9524,0.9524,0.9722
756,ResNet,0.9298,0.9858,0.8824,0.8333,0.9744
757,ResNet,0.9123,0.9696,0.878,0.8571,0.9444
758,ResNet,0.8947,0.9389,0.75,0.75,0.9333
759,ResNet,0.9474,0.968,0.9091,0.9375,0.9512
760,ResNet,0.9474,0.9797,0.9231,0.9,0.973
761,ResNet,0.8772,0.9311,0.8108,0.75,0.9459
762,ResNet,0.9123,0.9643,0.878,0.8571,0.9444
763,ResNet,0.9123,0.971,0.8387,0.8125,0.9512
764,ResNet,0.9298,0.9441,0.8824,0.8824,0.95
765,ResNet,0.9123,0.9153,0.7826,0.6429,1.0
766,ResNet,0.8772,0.9456,0.8108,0.8824,0.875
767,ResNet,0.8772,0.8989,0.8108,0.8333,0.8974
768,ResNet,0.9123,0.9286,0.8148,0.7333,0.9762
769,ResNet,0.9298,0.9737,0.8889,0.8421,0.9737
770,ResNet,0.8947,0.9559,0.8,0.7059,0.975
771,ResNet,0.9474,0.9654,0.9143,0.8421,1.0
772,ResNet,0.8246,0.9336,0.6667,0.7692,0.8409
773,ResNet,0.9123,0.9698,0.8148,0.7333,0.9762
774,ResNet,0.9123,0.9497,0.8485,0.875,0.9268
775,ResNet,0.9123,0.9535,0.8276,0.8571,0.9302
776,ResNet,0.9649,0.9744,0.9412,0.8889,1.0
777,ResNet,0.8947,0.9286,0.8,0.8,0.9286
778,ResNet,0.8947,0.9622,0.8421,0.8,0.9459
779,ResNet,0.9123,0.9824,0.8649,0.8,0.973
780,ResNet,0.9123,0.9766,0.8889,0.9091,0.9143
781,ResNet,0.8421,0.9368,0.7429,0.7647,0.875
782,ResNet,0.8772,0.9255,0.8511,0.8333,0.9091
783,ResNet,0.9298,0.9894,0.8947,0.8095,1.0
784,ResNet,0.9123,0.9402,0.8485,0.7778,0.9744
785,ResNet,0.9474,0.9683,0.8966,0.8667,0.9762
786,ResNet,0.9474,0.9665,0.9091,0.9375,0.9512
787,ResNet,0.9474,0.9701,0.9268,0.8636,1.0
788,ResNet,0.8596,0.8937,0.6667,0.5714,0.9535
789,ResNet,0.9474,0.9786,0.9143,0.8889,0.9744
790,ResNet,0.9298,0.9834,0.9048,0.8261,1.0
791,ResNet,0.8772,0.9131,0.7742,0.75,0.9268
792,ResNet,0.8947,0.9709,0.85,0.8095,0.9444
793,ResNet,0.8772,0.9405,0.7879,0.8125,0.9024
794,ResNet,0.9298,0.9701,0.8571,0.8571,0.9535
795,ResNet,0.9649,0.9889,0.9231,1.0,0.9556
796,ResNet,0.9474,0.9875,0.9189,0.8947,0.9737
797,ResNet,0.9123,0.953,0.8649,0.8889,0.9231
798,ResNet,0.9649,0.9926,0.9412,0.9412,0.975
799,ResNet,0.9298,0.95,0.8333,0.8333,0.9556
800,ResNet,0.9298,0.9766,0.9048,0.8636,0.9714
801,ResNet,0.8772,0.9402,0.8,0.7778,0.9231
802,ResNet,0.9298,0.9619,0.8667,0.8125,0.9756
803,ResNet,0.8772,0.919,0.7407,0.6667,0.9524
804,ResNet,0.8772,0.8894,0.6316,0.6,0.9362
805,ResNet,0.9298,0.9676,0.8889,0.8,1.0
806,ResNet,0.9123,0.9519,0.8,0.8333,0.9333
807,ResNet,0.9649,0.9848,0.9375,0.9375,0.9756
808,ResNet,0.9123,0.9716,0.8718,0.85,0.9459
809,ResNet,0.9298,0.919,0.8462,0.7333,1.0
810,ResNet,0.9123,0.9573,0.8276,0.75,0.9756
811,ResNet,0.8772,0.939,0.7742,0.75,0.9268
812,ResNet,0.9123,0.9695,0.8387,0.8125,0.9512
813,ResNet,0.8947,0.82,0.5714,0.5714,0.94
814,ResNet,1.0,1.0,1.0,1.0,1.0
815,ResNet,0.9825,0.9985,0.9697,0.9412,1.0
816,ResNet,0.9123,0.965,0.8,0.7692,0.9545
817,ResNet,0.8246,0.8732,0.7368,0.7778,0.8462
818,ResNet,0.8947,0.9588,0.8125,0.7647,0.95
819,ResNet,0.8421,0.9117,0.7907,0.7727,0.8857
820,ResNet,0.9649,0.9889,0.9333,0.9333,0.9762
821,ResNet,0.9123,0.9744,0.8571,0.8333,0.9487
822,ResNet,0.8947,0.9601,0.8,0.8571,0.907
823,ResNet,0.807,0.9088,0.6667,0.6111,0.8974
824,ResNet,0.9123,0.9365,0.8276,0.8,0.9524
825,ResNet,0.9649,0.9635,0.9286,0.8667,1.0
826,ResNet,0.8421,0.9233,0.7907,0.7391,0.9118
827,ResNet,0.9123,0.9751,0.8571,0.7895,0.9737
828,ResNet,0.8772,0.9302,0.7742,0.6667,0.9744
829,ResNet,0.9298,0.9588,0.8667,0.8125,0.9756
830,ResNet,0.9298,0.9809,0.8889,0.9412,0.925
831,ResNet,0.9649,0.9806,0.9444,0.8947,1.0
832,ResNet,0.9474,0.9318,0.8696,0.7692,1.0
833,ResNet,0.9298,0.9817,0.875,0.875,0.9512
834,ResNet,0.9474,0.956,0.8235,0.7778,0.9792
835,ResNet,0.8772,0.9377,0.8205,0.7273,0.9714
836,ResNet,0.9123,0.9618,0.8276,0.8571,0.9302
837,ResNet,0.9123,0.8981,0.7826,0.75,0.9556
838,ResNet,0.8947,0.9706,0.8235,0.8235,0.925
839,ResNet,0.9123,0.9206,0.8387,0.8667,0.9286
840,ResNet,0.9474,0.9825,0.9388,0.92,0.9688
841,ResNet,0.8772,0.9103,0.7742,0.8571,0.8837
842,ResNet,0.9474,0.9771,0.9091,0.9375,0.9512
843,ResNet,0.9474,0.985,0.8966,0.9286,0.9535
844,ResNet,0.9123,0.9611,0.7826,0.75,0.9556
845,ResNet,0.9825,0.9648,0.9565,0.9167,1.0
846,ResNet,0.8421,0.9131,0.7273,0.6667,0.9231
847,ResNet,0.8246,0.9343,0.7826,0.75,0.8788
848,ResNet,0.8947,0.9388,0.7692,0.7692,0.9318
849,ResNet,0.8947,0.9377,0.8636,0.8636,0.9143
850,ResNet,0.9474,0.9588,0.9032,0.875,0.9756
851,ResNet,0.8947,0.9703,0.8333,0.75,0.973
852,ResNet,0.9123,0.9189,0.8571,0.75,1.0
853,ResNet,0.9298,0.9834,0.9091,0.8696,0.9706
854,ResNet,0.9298,0.9423,0.8333,0.7692,0.9773
855,ResNet,0.9123,0.9756,0.8485,0.875,0.9268
856,ResNet,0.9123,0.9687,0.8485,0.7778,0.9744
857,ResNet,0.9649,0.9718,0.9231,0.8571,1.0
858,ResNet,0.9298,0.9842,0.8182,0.8182,0.9565
859,ResNet,0.9298,0.9643,0.9,0.8571,0.9722
860,ResNet,0.9474,0.9603,0.8966,0.8667,0.9762
861,ResNet,0.9298,0.9598,0.8889,0.8421,0.9737
862,ResNet,0.8772,0.919,0.6316,0.6667,0.9167
863,ResNet,0.9474,0.9651,0.8966,0.9286,0.9535
864,ResNet,0.9474,0.9618,0.8889,0.8571,0.9767
865,ResNet,0.9123,0.9349,0.8485,0.7368,1.0
866,ResNet,0.8772,0.943,0.8205,0.8889,0.8718
867,ResNet,0.9298,0.9857,0.8571,0.8,0.9762
868,ResNet,0.9123,0.9635,0.8,0.7143,0.9767
869,ResNet,0.8772,0.9268,0.7879,0.8125,0.9024
870,ResNet,0.9123,0.9817,0.8387,0.9286,0.907
871,ResNet,0.9298,0.9622,0.9,0.9,0.9459
872,ResNet,0.8947,0.95,0.8333,0.8824,0.9
873,ResNet,0.9825,0.9987,0.9767,0.9545,1.0
874,ResNet,0.9123,0.9501,0.8485,0.7778,0.9744
875,ResNet,0.8947,0.9155,0.8333,0.7895,0.9474
876,ResNet,0.8947,0.9744,0.8421,0.8889,0.8974
877,ResNet,0.9298,0.9762,0.9048,0.9048,0.9444
878,ResNet,0.9474,0.9841,0.9268,0.9048,0.9722
879,ResNet,0.9123,0.9352,0.8,0.7143,0.9767
880,ResNet,0.9123,0.9527,0.8387,0.8125,0.9512
881,ResNet,0.8947,0.9563,0.8421,0.7619,0.9722
882,ResNet,0.9298,0.9723,0.8889,0.8421,0.9737
883,ResNet,0.8947,0.9515,0.8235,0.8235,0.925
884,ResNet,0.9825,0.9701,0.963,0.9286,1.0
885,ResNet,0.9474,0.9834,0.8889,0.8571,0.9767
886,ResNet,0.8947,0.973,0.8333,0.75,0.973
887,ResNet,0.9474,0.9926,0.9032,0.8235,1.0
888,ResNet,0.9123,0.9723,0.8649,0.8421,0.9474
889,ResNet,0.8947,0.9543,0.8333,0.7895,0.9474
890,ResNet,0.9649,0.9965,0.9231,0.9231,0.9773
891,ResNet,0.9825,0.9957,0.9714,0.9444,1.0
892,ResNet,0.8596,0.9238,0.75,0.8,0.881
893,ResNet,0.8596,0.9189,0.7895,0.75,0.9189
894,ResNet,1.0,1.0,1.0,1.0,1.0
895,ResNet,0.9298,0.9756,0.8824,0.9375,0.9268
896,ResNet,0.9298,0.9143,0.9048,0.8261,1.0
897,ResNet,0.8246,0.9514,0.7059,0.6,0.9459
898,ResNet,0.8596,0.9373,0.8261,0.8261,0.8824
899,ResNet,0.9298,0.9815,0.8182,0.75,0.9778
900,ResNet,0.9474,0.9802,0.9333,1.0,0.9167
901,ResNet,0.8596,0.9672,0.8261,0.7917,0.9091
902,ResNet,0.8947,0.964,0.8421,0.8421,0.9211
903,ResNet,0.9825,0.987,0.9565,0.9167,1.0
904,ResNet,0.8772,0.9544,0.8108,0.8333,0.8974
905,ResNet,0.8947,0.9148,0.7692,0.8333,0.9111
906,ResNet,0.8596,0.9524,0.7647,0.8667,0.8571
907,ResNet,0.8772,0.9405,0.8,0.875,0.878
908,ResNet,0.9298,0.9611,0.8333,0.8333,0.9556
909,ResNet,0.9298,0.9558,0.8824,0.8333,0.9744
910,ResNet,0.8596,0.9176,0.7333,0.6471,0.95
911,ResNet,0.8947,0.958,0.75,0.6923,0.9545
912,ResNet,0.9298,0.9735,0.8889,0.9412,0.925
913,ResNet,0.8596,0.9169,0.7647,0.9286,0.8372
914,ResNet,0.9474,0.995,0.9032,1.0,0.9302
915,ResNet,0.8772,0.9405,0.8108,0.7143,0.9722
916,ResNet,0.9298,0.9706,0.875,0.8235,0.975
917,ResNet,0.8947,0.9501,0.8571,0.7826,0.9706
918,ResNet,0.8772,0.923,0.8205,0.8,0.9189
919,ResNet,0.9123,0.9824,0.8837,0.95,0.8919
920,ResNet,0.8772,0.9177,0.7879,0.8125,0.9024
921,ResNet,0.8772,0.9335,0.8205,0.8421,0.8947
922,ResNet,0.9474,0.9806,0.9231,0.9474,0.9474
923,ResNet,0.9123,0.9647,0.8485,0.8235,0.95
924,ResNet,0.8421,0.899,0.7805,0.6667,0.9697
925,ResNet,0.9298,0.9518,0.8462,0.7857,0.9767
926,ResNet,0.9298,0.9259,0.7778,0.7778,0.9583
927,ResNet,0.9298,0.9778,0.8667,0.8667,0.9524
928,ResNet,0.9298,0.9798,0.913,0.875,0.9697
929,ResNet,0.8246,0.8632,0.7222,0.7222,0.8718
930,ResNet,0.8772,0.9101,0.7879,0.8125,0.9024
931,ResNet,0.9649,0.9881,0.9167,1.0,0.9565
932,ResNet,0.8772,0.907,0.7586,0.6875,0.9512
933,ResNet,0.8596,0.9349,0.75,0.8,0.881
934,ResNet,0.9123,0.9324,0.8387,0.7647,0.975
935,ResNet,0.9298,0.9574,0.8,0.8,0.9574
936,ResNet,0.8772,0.9665,0.7586,0.6875,0.9512
937,ResNet,0.9474,0.9895,0.8889,0.9231,0.9545
938,ResNet,0.9123,0.939,0.8485,0.875,0.9268
939,ResNet,0.9123,0.927,0.8,0.6667,1.0
940,ResNet,0.8772,0.8934,0.6957,0.6154,0.9545
941,ResNet,0.9298,0.9917,0.8824,0.7895,1.0
942,ResNet,0.9474,0.9824,0.9143,0.9412,0.95
943,ResNet,0.9298,0.9429,0.8571,0.8,0.9762
944,ResNet,0.9298,0.986,0.8462,0.8462,0.9545
945,ResNet,0.9123,0.972,0.8148,0.8462,0.9318
946,ResNet,0.9123,0.981,0.8387,0.8667,0.9286
947,ResNet,0.9474,0.973,0.8966,0.8667,0.9762
948,ResNet,0.8421,0.9506,0.8,0.8182,0.8571
949,ResNet,0.9123,0.9463,0.8,0.8333,0.9333
950,ResNet,0.9123,0.9709,0.8649,0.8421,0.9474
951,ResNet,0.8596,0.9418,0.8095,0.8095,0.8889
952,ResNet,0.8947,0.9055,0.7692,0.625,1.0
953,ResNet,0.9298,0.982,0.8889,0.8421,0.9737
954,ResNet,0.9825,0.9924,0.9677,0.9375,1.0
955,ResNet,0.9298,0.9685,0.8462,0.9167,0.9333
956,ResNet,0.9474,0.9893,0.9032,0.875,0.9756
957,ResNet,0.9649,0.9878,0.9333,0.875,1.0
958,ResNet,0.9298,0.9815,0.8462,0.9167,0.9333
959,ResNet,0.9649,0.9889,0.9231,1.0,0.9556
960,ResNet,0.8947,0.9382,0.8125,0.7647,0.95
961,ResNet,0.8947,0.9038,0.7692,0.7692,0.9318
962,ResNet,0.9474,0.9884,0.8966,0.9286,0.9535
963,ResNet,0.9123,0.9779,0.8387,0.7647,0.975
964,ResNet,0.8947,0.9307,0.8333,0.7895,0.9474
965,ResNet,0.9474,0.9683,0.8966,0.8667,0.9762
966,ResNet,0.8772,0.9059,0.7586,0.6471,0.975
967,ResNet,0.9298,0.9466,0.875,0.875,0.9512
968,ResNet,0.9298,0.9721,0.8889,0.9412,0.925
969,ResNet,0.8772,0.9269,0.6957,0.5714,0.9767
970,ResNet,0.9474,0.9529,0.9032,0.8235,1.0
971,ResNet,0.8421,0.9217,0.7805,0.8889,0.8205
972,ResNet,0.8772,0.9635,0.7586,0.7333,0.9286
973,ResNet,0.8772,0.9268,0.7742,0.75,0.9268
974,ResNet,0.9123,0.9778,0.878,0.9474,0.8947
975,ResNet,0.9123,0.9314,0.8148,0.6875,1.0
976,ResNet,0.8947,0.9635,0.8,0.8571,0.907
977,ResNet,0.9649,0.9676,0.9412,0.9412,0.975
978,ResNet,0.8947,0.9385,0.7692,0.7143,0.9535
979,ResNet,0.8947,0.9557,0.8966,0.8966,0.8929
980,ResNet,0.9825,0.9954,0.9677,0.9375,1.0
981,ResNet,0.8246,0.9437,0.75,0.6522,0.9412
982,ResNet,0.9474,0.9229,0.8571,0.8182,0.9783
983,ResNet,0.8421,0.9132,0.7097,0.6471,0.925
984,ResNet,0.9649,0.9703,0.9231,0.9231,0.9773
985,ResNet,0.9123,0.9635,0.8649,0.8,0.973
986,ResNet,0.8947,0.9412,0.8125,0.7647,0.95
987,ResNet,0.9649,0.9852,0.9231,1.0,0.9556
988,ResNet,0.9298,0.9841,0.9048,0.9048,0.9444
989,ResNet,0.9123,0.9623,0.8837,0.8636,0.9429
990,ResNet,0.9298,0.9552,0.9091,0.8696,0.9706
991,ResNet,0.8947,0.9587,0.875,0.84,0.9375
992,ResNet,0.8947,0.9559,0.85,1.0,0.85
993,ResNet,0.9474,0.982,0.9143,0.8421,1.0
994,ResNet,0.9123,0.9558,0.8571,0.8333,0.9487
995,ResNet,0.9649,0.9734,0.9231,0.8571,1.0
996,ResNet,0.8947,0.9192,0.8,0.75,0.9512
997,ResNet,0.9474,0.9441,0.9091,0.8824,0.975
998,ResNet,0.9474,0.9841,0.8966,0.8667,0.9762
999,ResNet,0.9123,0.9575,0.8889,0.8,1.0
1000,ResNet,0.9123,0.9416,0.8649,0.8889,0.9231
1,SqueezeNet,0.807,0.9179,0.7755,0.7917,0.8182
2,SqueezeNet,0.8596,0.9349,0.7778,0.9333,0.8333
3,SqueezeNet,0.9649,0.9921,0.9167,1.0,0.9565
4,SqueezeNet,0.8772,0.9695,0.8293,0.8947,0.8684
5,SqueezeNet,0.8596,0.928,0.8,0.8421,0.8684
6,SqueezeNet,0.9123,0.9809,0.8649,0.9412,0.9
7,SqueezeNet,0.9298,0.9867,0.8571,0.8571,0.9535
8,SqueezeNet,0.8596,0.9391,0.7895,0.7895,0.8947
9,SqueezeNet,0.8772,0.9535,0.7586,0.7857,0.907
10,SqueezeNet,0.8947,0.9755,0.7857,0.8462,0.9091
11,SqueezeNet,0.9298,0.9654,0.8889,0.8421,0.9737
12,SqueezeNet,0.9649,0.9889,0.9474,0.9474,0.9737
13,SqueezeNet,0.8947,0.9746,0.8125,0.8667,0.9048
14,SqueezeNet,0.8596,0.928,0.7895,0.7895,0.8947
15,SqueezeNet,0.8947,0.9502,0.7857,0.7857,0.9302
16,SqueezeNet,0.8772,0.9352,0.7407,0.7143,0.9302
17,SqueezeNet,0.9298,0.9843,0.8889,0.8889,0.9487
18,SqueezeNet,0.8596,0.9574,0.7647,0.7647,0.9
19,SqueezeNet,0.9123,0.9751,0.8387,0.9286,0.907
20,SqueezeNet,0.8421,0.9388,0.6897,0.7692,0.8636
21,SqueezeNet,0.9123,0.9618,0.8148,0.7857,0.9535
22,SqueezeNet,0.9123,0.9718,0.8387,0.9286,0.907
23,SqueezeNet,0.9298,0.9647,0.8824,0.8824,0.95
24,SqueezeNet,0.8421,0.9254,0.7097,0.7333,0.881
25,SqueezeNet,0.9474,0.9861,0.9231,0.9474,0.9474
26,SqueezeNet,0.9123,0.9756,0.8387,0.8125,0.9512
27,SqueezeNet,0.8246,0.9274,0.7059,0.6667,0.8974
28,SqueezeNet,0.9123,0.9882,0.8571,0.8824,0.925
29,SqueezeNet,0.9123,0.9634,0.8485,0.875,0.9268
30,SqueezeNet,0.9123,0.9832,0.8571,0.9375,0.9024
31,SqueezeNet,0.8772,0.9321,0.8,0.7368,0.9474
32,SqueezeNet,0.8947,0.9644,0.8333,0.8333,0.9231
33,SqueezeNet,0.8947,0.9744,0.8421,0.8889,0.8974
34,SqueezeNet,0.8772,0.9802,0.8108,0.9375,0.8537
35,SqueezeNet,0.9298,0.9797,0.8947,0.85,0.973
36,SqueezeNet,0.8421,0.9529,0.7273,0.6316,0.9474
37,SqueezeNet,0.8947,0.9778,0.8235,0.9333,0.881
38,SqueezeNet,0.9474,0.9823,0.9362,0.9167,0.9697
39,SqueezeNet,0.9825,0.9919,0.9756,1.0,0.973
40,SqueezeNet,0.8596,0.9559,0.7333,0.6471,0.95
41,SqueezeNet,0.9123,0.9563,0.8837,0.9048,0.9167
42,SqueezeNet,0.8947,0.9369,0.7692,0.7143,0.9535
43,SqueezeNet,0.9649,0.9954,0.9375,0.9375,0.9756
44,SqueezeNet,0.9123,0.9389,0.7826,0.75,0.9556
45,SqueezeNet,0.9123,0.977,0.8936,0.913,0.9118
46,SqueezeNet,0.9123,0.9701,0.8276,0.8571,0.9302
47,SqueezeNet,0.8421,0.9649,0.7692,0.75,0.8919
48,SqueezeNet,0.9474,0.9882,0.9143,0.9412,0.95
49,SqueezeNet,0.8947,0.9612,0.8235,0.7368,0.9737
50,SqueezeNet,0.8421,0.9425,0.7805,0.6957,0.9412
51,SqueezeNet,0.9825,0.9862,0.9524,0.9091,1.0
52,SqueezeNet,0.9298,0.9766,0.9048,0.8636,0.9714
53,SqueezeNet,0.8596,0.9413,0.75,0.8,0.881
54,SqueezeNet,0.9298,0.9676,0.875,0.8235,0.975
55,SqueezeNet,0.9123,0.9852,0.7826,0.75,0.9556
56,SqueezeNet,0.8596,0.9573,0.7778,0.7778,0.8974
57,SqueezeNet,0.8772,0.9584,0.8108,0.7895,0.9211
58,SqueezeNet,0.8596,0.9336,0.75,0.8571,0.8605
59,SqueezeNet,0.9123,0.9698,0.8387,0.8667,0.9286
60,SqueezeNet,0.8947,0.9857,0.8,0.8,0.9286
61,SqueezeNet,0.8596,0.9573,0.7778,0.875,0.8537
62,SqueezeNet,0.8246,0.9319,0.6667,0.7143,0.8605
63,SqueezeNet,0.8772,0.9615,0.7742,0.9231,0.8636
64,SqueezeNet,0.8772,0.9598,0.8108,0.7895,0.9211
65,SqueezeNet,0.8947,0.9528,0.7857,0.8462,0.9091
66,SqueezeNet,0.9298,0.9714,0.8667,0.8667,0.9524
67,SqueezeNet,0.8947,0.9783,0.88,0.9565,0.8529
68,SqueezeNet,0.9474,0.9881,0.8696,0.9091,0.9565
69,SqueezeNet,0.9298,0.9756,0.875,0.875,0.9512
70,SqueezeNet,0.9474,0.9863,0.9143,1.0,0.9268
71,SqueezeNet,0.8421,0.9514,0.8,0.7826,0.8824
72,SqueezeNet,0.8596,0.9667,0.7647,0.8667,0.8571
73,SqueezeNet,0.9474,0.9778,0.9143,0.8421,1.0
74,SqueezeNet,0.9123,0.9788,0.8837,0.9048,0.9167
75,SqueezeNet,0.9123,0.9934,0.8387,0.9286,0.907
76,SqueezeNet,1.0,1.0,1.0,1.0,1.0
77,SqueezeNet,0.9298,0.9823,0.92,0.9583,0.9091
78,SqueezeNet,0.9474,0.9934,0.8889,0.8571,0.9767
79,SqueezeNet,0.9649,0.983,0.8889,0.8,1.0
80,SqueezeNet,0.9474,0.9889,0.88,0.9167,0.9556
81,SqueezeNet,0.9298,0.9565,0.9048,0.8261,1.0
82,SqueezeNet,0.8772,0.9192,0.7879,0.8125,0.9024
83,SqueezeNet,0.8947,0.9656,0.85,0.8095,0.9444
84,SqueezeNet,0.8947,0.9635,0.8421,0.8,0.9459
85,SqueezeNet,0.807,0.9169,0.7027,0.6842,0.8684
86,SqueezeNet,0.9123,0.9704,0.7826,0.75,0.9556
87,SqueezeNet,0.9474,0.986,0.8889,0.9231,0.9545
88,SqueezeNet,0.8421,0.912,0.6897,0.7143,0.8837
89,SqueezeNet,0.8246,0.9319,0.6875,0.7857,0.8372
90,SqueezeNet,0.9123,0.9738,0.8,0.7692,0.9545
91,SqueezeNet,0.8596,0.9545,0.8333,0.8333,0.8788
92,SqueezeNet,0.8772,0.9649,0.7879,0.8125,0.9024
93,SqueezeNet,0.8772,0.9604,0.8444,0.8261,0.9118
94,SqueezeNet,0.8947,0.9712,0.8636,0.76,1.0
95,SqueezeNet,0.9298,0.9858,0.8889,0.8889,0.9487
96,SqueezeNet,0.807,0.9188,0.6667,0.6111,0.8974
97,SqueezeNet,0.8596,0.9405,0.7778,0.875,0.8537
98,SqueezeNet,0.9123,0.9612,0.8485,0.7368,1.0
99,SqueezeNet,0.8947,0.9848,0.8235,0.875,0.9024
100,SqueezeNet,0.9474,0.9878,0.9091,0.9375,0.9512
101,SqueezeNet,0.8421,0.9345,0.6897,0.625,0.9268
102,SqueezeNet,0.8947,0.9721,0.8421,0.9412,0.875
103,SqueezeNet,0.807,0.9,0.6667,0.55,0.9459
104,SqueezeNet,0.9298,0.9701,0.8571,0.8571,0.9535
105,SqueezeNet,0.8772,0.9735,0.7742,0.7059,0.95
106,SqueezeNet,0.8772,0.9553,0.6667,0.7,0.9149
107,SqueezeNet,0.9474,0.99,0.9189,0.9444,0.9487
108,SqueezeNet,0.9298,0.9868,0.8667,0.7647,1.0
109,SqueezeNet,0.9298,0.9558,0.8824,0.9375,0.9268
110,SqueezeNet,0.8596,0.9429,0.7333,0.7333,0.9048
111,SqueezeNet,0.8947,0.9571,0.8,0.8,0.9286
112,SqueezeNet,0.9298,0.9695,0.8667,0.8125,0.9756
113,SqueezeNet,0.9474,0.9861,0.9189,0.8947,0.9737
114,SqueezeNet,0.8421,0.9568,0.7805,0.8,0.8649
115,SqueezeNet,0.8947,0.9603,0.8235,0.8235,0.925
116,SqueezeNet,0.8947,0.9435,0.7857,0.7857,0.9302
117,SqueezeNet,0.9123,0.9838,0.8649,0.8,0.973
118,SqueezeNet,0.8772,0.9587,0.8,0.7778,0.9231
119,SqueezeNet,0.8772,0.9659,0.8627,0.9167,0.8485
120,SqueezeNet,0.8947,0.9601,0.8235,0.7778,0.9487
121,SqueezeNet,0.9474,0.9915,0.8571,0.9,0.9574
122,SqueezeNet,0.8246,0.9359,0.7222,0.7222,0.8718
123,SqueezeNet,0.9123,0.9905,0.8649,0.8,0.973
124,SqueezeNet,0.7895,0.9127,0.6667,0.6316,0.8684
125,SqueezeNet,0.9298,0.9828,0.9,0.8571,0.9722
126,SqueezeNet,0.8596,0.9683,0.8182,0.8571,0.8611
127,SqueezeNet,0.9298,0.9834,0.8667,0.9286,0.9302
128,SqueezeNet,0.8772,0.9787,0.7879,0.8125,0.9024
129,SqueezeNet,0.8596,0.9515,0.75,0.7059,0.925
130,SqueezeNet,0.9649,0.9985,0.9375,0.9375,0.9756
131,SqueezeNet,0.9298,0.9875,0.9,0.9474,0.9211
132,SqueezeNet,0.9123,0.9938,0.8936,0.84,0.9688
133,SqueezeNet,0.9474,0.9738,0.8889,0.9231,0.9545
134,SqueezeNet,0.9474,0.99,0.8966,0.9286,0.9535
135,SqueezeNet,0.8947,0.9391,0.8333,0.7895,0.9474
136,SqueezeNet,0.8947,0.9537,0.8571,0.8571,0.9167
137,SqueezeNet,0.8246,0.9339,0.7368,0.6667,0.9167
138,SqueezeNet,0.8772,0.9716,0.8293,0.85,0.8919
139,SqueezeNet,0.9123,0.9753,0.8837,0.8636,0.9429
140,SqueezeNet,0.9649,0.9868,0.9412,0.9412,0.975
141,SqueezeNet,0.8947,0.9634,0.8125,0.8125,0.9268
142,SqueezeNet,0.8947,0.975,0.8333,0.8824,0.9
143,SqueezeNet,0.8596,0.9642,0.8182,0.7826,0.9118
144,SqueezeNet,0.8596,0.9537,0.6667,0.6667,0.9111
145,SqueezeNet,0.8947,0.9635,0.8125,0.8667,0.9048
146,SqueezeNet,0.8772,0.9688,0.8444,0.8636,0.8857
147,SqueezeNet,0.9123,0.9611,0.7826,0.75,0.9556
148,SqueezeNet,0.9298,0.9889,0.8889,0.8421,0.9737
149,SqueezeNet,0.8421,0.8681,0.5263,0.5,0.9149
150,SqueezeNet,0.9474,0.9737,0.9143,0.8421,1.0
151,SqueezeNet,0.9474,0.9719,0.8235,0.875,0.9592
152,SqueezeNet,0.8772,0.9676,0.8293,0.85,0.8919
153,SqueezeNet,0.9123,0.9612,0.8718,0.8947,0.9211
154,SqueezeNet,0.8596,0.9681,0.8,0.8421,0.8684
155,SqueezeNet,0.8947,0.9662,0.85,0.85,0.9189
156,SqueezeNet,0.8772,0.9535,0.7586,0.7857,0.907
157,SqueezeNet,0.9474,0.9882,0.9091,0.8824,0.975
158,SqueezeNet,0.9123,0.9743,0.878,0.9,0.9189
159,SqueezeNet,0.9298,0.9778,0.8947,0.8947,0.9474
160,SqueezeNet,0.8246,0.9162,0.6667,0.5882,0.925
161,SqueezeNet,0.9649,0.9936,0.9565,0.9565,0.9706
162,SqueezeNet,0.8947,0.9518,0.7857,0.7857,0.9302
163,SqueezeNet,0.9474,0.9825,0.9032,0.9333,0.9524
164,SqueezeNet,0.8246,0.9387,0.7059,0.6667,0.8974
165,SqueezeNet,0.9298,0.9746,0.8667,0.8667,0.9524
166,SqueezeNet,0.9474,0.9939,0.9091,0.9375,0.9512
167,SqueezeNet,0.8596,0.9484,0.8,0.7619,0.9167
168,SqueezeNet,0.8421,0.9348,0.8085,0.8261,0.8529
169,SqueezeNet,0.8772,0.9668,0.7586,0.8462,0.8864
170,SqueezeNet,0.9649,0.9929,0.9474,1.0,0.9487
171,SqueezeNet,0.8421,0.9032,0.6897,0.6667,0.9048
172,SqueezeNet,0.8772,0.9669,0.8293,0.8095,0.9167
173,SqueezeNet,0.9474,0.9935,0.9268,0.8636,1.0
174,SqueezeNet,0.9123,0.9669,0.878,0.8571,0.9444
175,SqueezeNet,0.8947,0.9397,0.7857,0.7333,0.9524
176,SqueezeNet,0.8421,0.9543,0.7097,0.6875,0.9024
177,SqueezeNet,0.9298,0.9704,0.8182,0.8182,0.9565
178,SqueezeNet,0.8596,0.9397,0.75,0.8,0.881
179,SqueezeNet,0.8421,0.9518,0.6897,0.7143,0.8837
180,SqueezeNet,0.8772,0.9466,0.7586,0.6875,0.9512
181,SqueezeNet,0.9123,0.9703,0.8276,0.9231,0.9091
182,SqueezeNet,0.8596,0.943,0.7895,0.8333,0.8718
183,SqueezeNet,0.9298,0.9763,0.8333,0.9091,0.9348
184,SqueezeNet,0.8947,0.9402,0.7692,0.7143,0.9535
185,SqueezeNet,0.9123,0.9684,0.8276,0.8571,0.9302
186,SqueezeNet,0.9123,0.9762,0.878,0.8571,0.9444
187,SqueezeNet,0.8596,0.925,0.7778,0.8235,0.875
188,SqueezeNet,0.8246,0.9258,0.7619,0.6957,0.9118
189,SqueezeNet,0.9298,0.9841,0.9,0.8571,0.9722
190,SqueezeNet,0.9123,0.9756,0.8387,0.8125,0.9512
191,SqueezeNet,0.8772,0.9788,0.8205,0.7619,0.9444
192,SqueezeNet,0.9123,0.9691,0.8571,0.8824,0.925
193,SqueezeNet,0.9123,0.9735,0.8571,0.8824,0.925
194,SqueezeNet,0.8947,0.9643,0.85,0.8095,0.9444
195,SqueezeNet,0.9123,0.973,0.878,0.9,0.9189
196,SqueezeNet,0.8772,0.963,0.8108,0.8333,0.8974
197,SqueezeNet,0.9123,0.9672,0.8649,0.8889,0.9231
198,SqueezeNet,0.9123,0.9695,0.8485,0.875,0.9268
199,SqueezeNet,0.8947,0.9668,0.7692,0.7143,0.9535
200,SqueezeNet,0.8947,0.9324,0.8125,0.7647,0.95
201,SqueezeNet,0.8596,0.9511,0.8,0.7619,0.9167
202,SqueezeNet,0.8947,0.9762,0.8636,0.9048,0.8889
203,SqueezeNet,0.9298,0.9743,0.8182,0.8182,0.9565
204,SqueezeNet,0.9474,0.9872,0.9189,0.9444,0.9487
205,SqueezeNet,0.8947,0.9588,0.8125,0.8125,0.9268
206,SqueezeNet,0.9123,0.964,0.8718,0.8947,0.9211
207,SqueezeNet,0.8947,0.9456,0.8333,0.8824,0.9
208,SqueezeNet,0.8772,0.9735,0.8444,0.9048,0.8611
209,SqueezeNet,0.9123,0.985,0.8936,0.84,0.9688
210,SqueezeNet,0.8947,0.9746,0.8,0.8,0.9286
211,SqueezeNet,0.8421,0.9473,0.7907,0.85,0.8378
212,SqueezeNet,0.8947,0.9691,0.8125,0.7647,0.95
213,SqueezeNet,0.9298,0.9714,0.8462,0.7333,1.0
214,SqueezeNet,0.8596,0.964,0.7778,0.7368,0.9211
215,SqueezeNet,0.9298,0.9734,0.875,1.0,0.907
216,SqueezeNet,0.7895,0.85,0.6471,0.6471,0.85
217,SqueezeNet,0.9123,0.9852,0.8148,0.9167,0.9111
218,SqueezeNet,0.8596,0.9554,0.8095,0.85,0.8649
219,SqueezeNet,0.9474,0.9664,0.8571,0.8182,0.9783
220,SqueezeNet,0.9123,0.9767,0.8,0.7143,0.9767
221,SqueezeNet,0.8947,0.99,0.8235,1.0,0.8605
222,SqueezeNet,0.9123,0.9612,0.8718,0.8947,0.9211
223,SqueezeNet,0.8947,0.9695,0.8235,0.875,0.9024
224,SqueezeNet,0.9123,0.9729,0.8485,0.7778,0.9744
225,SqueezeNet,0.8596,0.9643,0.8095,0.8095,0.8889
226,SqueezeNet,0.8947,0.9514,0.8421,0.8,0.9459
227,SqueezeNet,0.9123,0.9881,0.878,0.8571,0.9444
228,SqueezeNet,0.8947,0.9558,0.8125,0.7222,0.9744
229,SqueezeNet,0.8772,0.9544,0.8108,0.8333,0.8974
230,SqueezeNet,0.8772,0.9616,0.8293,0.8095,0.9167
231,SqueezeNet,0.8772,0.9701,0.8205,0.8889,0.8718
232,SqueezeNet,0.8596,0.9196,0.6923,0.6923,0.9091
233,SqueezeNet,0.807,0.9108,0.7027,0.65,0.8919
234,SqueezeNet,0.8772,0.9603,0.8,0.8235,0.9
235,SqueezeNet,0.9123,0.9696,0.878,0.8571,0.9444
236,SqueezeNet,0.8596,0.9392,0.8,0.8,0.8919
237,SqueezeNet,0.8772,0.9501,0.7879,0.7222,0.9487
238,SqueezeNet,0.9474,0.9843,0.9189,0.9444,0.9487
239,SqueezeNet,0.9298,0.9875,0.9,0.9474,0.9211
240,SqueezeNet,0.9123,0.9801,0.8387,0.7222,1.0
241,SqueezeNet,0.8596,0.953,0.7778,0.7778,0.8974
242,SqueezeNet,0.9123,0.9766,0.8837,0.8636,0.9429
243,SqueezeNet,0.8947,0.9786,0.8571,1.0,0.8462
244,SqueezeNet,0.8947,0.982,0.8235,0.7368,0.9737
245,SqueezeNet,0.8772,0.9848,0.8,0.875,0.878
246,SqueezeNet,0.8596,0.9353,0.7333,0.8462,0.8636
247,SqueezeNet,0.9474,0.9861,0.9189,0.8947,0.9737
248,SqueezeNet,0.8596,0.9437,0.8095,0.7391,0.9412
249,SqueezeNet,0.9123,0.9689,0.8649,0.8,0.973
250,SqueezeNet,0.8947,0.9725,0.875,0.84,0.9375
251,SqueezeNet,0.7368,0.887,0.5161,0.5714,0.7907
252,SqueezeNet,0.9474,0.9762,0.9268,0.9048,0.9722
253,SqueezeNet,0.8947,0.9619,0.8125,0.8125,0.9268
254,SqueezeNet,0.8947,0.963,0.85,0.8095,0.9444
255,SqueezeNet,0.8772,0.9493,0.7586,0.8462,0.8864
256,SqueezeNet,0.8947,0.9556,0.7857,0.9167,0.8889
257,SqueezeNet,0.9298,0.9701,0.8571,0.8571,0.9535
258,SqueezeNet,0.8947,0.9778,0.8235,0.9333,0.881
259,SqueezeNet,0.8596,0.959,0.8,0.7619,0.9167
260,SqueezeNet,0.8246,0.9221,0.7368,0.8235,0.825
261,SqueezeNet,0.9298,0.9815,0.8462,0.9167,0.9333
262,SqueezeNet,0.807,0.9403,0.7442,0.7273,0.8571
263,SqueezeNet,0.8947,0.9665,0.8,0.75,0.9512
264,SqueezeNet,0.9474,0.9825,0.9032,0.9333,0.9524
265,SqueezeNet,0.8772,0.9696,0.8293,0.8095,0.9167
266,SqueezeNet,0.9474,0.9923,0.8421,1.0,0.9388
267,SqueezeNet,0.9123,0.9636,0.878,0.8182,0.9714
268,SqueezeNet,0.8772,0.9032,0.7742,0.8,0.9048
269,SqueezeNet,0.9298,0.9751,0.8824,0.7895,1.0
270,SqueezeNet,0.9123,0.9407,0.7619,0.7273,0.9565
271,SqueezeNet,0.9298,0.9878,0.9,0.9,0.9459
272,SqueezeNet,0.9298,0.9775,0.9,0.8571,0.9722
273,SqueezeNet,0.8947,0.9765,0.85,1.0,0.85
274,SqueezeNet,0.8947,0.9535,0.8,0.8571,0.907
275,SqueezeNet,0.8596,0.95,0.7647,0.65,0.973
276,SqueezeNet,0.9123,0.9605,0.7619,0.7273,0.9565
277,SqueezeNet,0.8772,0.9516,0.7742,0.6667,0.9744
278,SqueezeNet,0.9649,0.9852,0.9231,1.0,0.9556
279,SqueezeNet,0.9474,0.9897,0.9091,0.8824,0.975
280,SqueezeNet,0.8246,0.9501,0.7059,0.6316,0.9211
281,SqueezeNet,0.9123,0.9701,0.8889,0.9091,0.9143
282,SqueezeNet,0.8596,0.9559,0.7778,0.8235,0.875
283,SqueezeNet,0.9298,0.9778,0.8947,0.8947,0.9474
284,SqueezeNet,0.9123,0.9558,0.8387,0.8125,0.9512
285,SqueezeNet,0.8596,0.9571,0.7143,0.6667,0.9286
286,SqueezeNet,0.8947,0.9853,0.8,0.7059,0.975
287,SqueezeNet,0.9474,0.9838,0.9091,0.8824,0.975
288,SqueezeNet,0.8246,0.936,0.7059,0.75,0.8537
289,SqueezeNet,0.9298,0.9915,0.9,1.0,0.8974
290,SqueezeNet,0.8947,0.9635,0.8125,0.8667,0.9048
291,SqueezeNet,0.8772,0.9558,0.7407,0.625,0.9756
292,SqueezeNet,0.8947,0.9667,0.7857,0.9167,0.8889
293,SqueezeNet,0.8772,0.9706,0.7879,0.7647,0.925
294,SqueezeNet,0.8772,0.9706,0.7879,0.7647,0.925
295,SqueezeNet,0.8947,0.9729,0.8235,0.7778,0.9487
296,SqueezeNet,0.9298,0.9766,0.9091,0.9091,0.9429
297,SqueezeNet,0.9123,0.9619,0.8387,0.8125,0.9512
298,SqueezeNet,0.9298,0.9817,0.8824,0.9375,0.9268
299,SqueezeNet,0.9474,0.9771,0.9032,0.875,0.9756
300,SqueezeNet,0.9123,0.9771,0.8485,0.875,0.9268
301,SqueezeNet,0.8772,0.95,0.8,0.8235,0.9
302,SqueezeNet,0.8947,0.9718,0.8,0.8571,0.907
303,SqueezeNet,0.9298,0.9912,0.92,0.9583,0.9091
304,SqueezeNet,0.9123,0.9794,0.8571,0.8824,0.925
305,SqueezeNet,0.8596,0.9486,0.8,0.8,0.8919
306,SqueezeNet,0.9474,0.9875,0.9143,0.8421,1.0
307,SqueezeNet,0.8947,0.9824,0.8421,0.9412,0.875
308,SqueezeNet,0.8246,0.9378,0.7368,0.6667,0.9167
309,SqueezeNet,0.9474,0.9884,0.8889,0.8571,0.9767
310,SqueezeNet,0.7895,0.9286,0.7273,0.7619,0.8056
311,SqueezeNet,0.8421,0.963,0.7692,0.7143,0.9167
312,SqueezeNet,0.9123,0.9634,0.8485,0.875,0.9268
313,SqueezeNet,0.9474,0.9861,0.9143,0.8421,1.0
314,SqueezeNet,0.9474,0.9787,0.8571,0.9,0.9574
315,SqueezeNet,0.9123,0.972,0.8,0.7692,0.9545
316,SqueezeNet,0.9474,1.0,0.88,1.0,0.9348
317,SqueezeNet,0.8947,0.9519,0.75,0.75,0.9333
318,SqueezeNet,0.8772,0.946,0.7742,0.8,0.9048
319,SqueezeNet,0.8596,0.9584,0.8095,0.8947,0.8421
320,SqueezeNet,0.9123,0.9778,0.8387,0.8667,0.9286
321,SqueezeNet,0.9298,0.9872,0.913,0.913,0.9412
322,SqueezeNet,0.9474,0.9893,0.9091,0.9375,0.9512
323,SqueezeNet,0.8246,0.9486,0.7619,0.8,0.8378
324,SqueezeNet,0.9474,0.9872,0.9189,0.9444,0.9487
325,SqueezeNet,0.807,0.9233,0.7556,0.7391,0.8529
326,SqueezeNet,0.8947,0.975,0.8235,0.8235,0.925
327,SqueezeNet,0.8772,0.9642,0.8372,0.7826,0.9412
328,SqueezeNet,0.9298,0.9665,0.875,0.875,0.9512
329,SqueezeNet,0.9123,0.9619,0.8485,0.875,0.9268
330,SqueezeNet,0.9298,0.9808,0.9091,0.8696,0.9706
331,SqueezeNet,0.8947,0.9844,0.8421,0.7273,1.0
332,SqueezeNet,0.9474,0.981,0.9032,0.9333,0.9524
333,SqueezeNet,0.8947,0.9749,0.8571,0.8571,0.9167
334,SqueezeNet,0.8772,0.9444,0.8444,0.9048,0.8611
335,SqueezeNet,0.9298,0.9726,0.8667,0.8125,0.9756
336,SqueezeNet,0.9298,0.9762,0.8667,0.8667,0.9524
337,SqueezeNet,0.8947,0.9696,0.8421,0.7619,0.9722
338,SqueezeNet,0.9474,0.9912,0.9189,1.0,0.925
339,SqueezeNet,0.9123,0.9715,0.8485,0.7778,0.9744
340,SqueezeNet,0.8947,0.9608,0.85,0.85,0.9189
341,SqueezeNet,0.9298,0.9765,0.8947,0.8947,0.9474
342,SqueezeNet,0.8947,0.9784,0.8125,0.9286,0.8837
343,SqueezeNet,0.8596,0.9407,0.6923,0.8182,0.8696
344,SqueezeNet,0.8772,0.9701,0.8,0.7778,0.9231
345,SqueezeNet,0.8596,0.9284,0.8,0.8,0.8919
346,SqueezeNet,0.807,0.9116,0.6667,0.6875,0.8537
347,SqueezeNet,0.9474,0.9893,0.9032,0.875,0.9756
348,SqueezeNet,0.9123,0.9649,0.878,0.8182,0.9714
349,SqueezeNet,0.8947,0.9644,0.8333,0.8333,0.9231
350,SqueezeNet,0.9649,0.9861,0.9474,0.9474,0.9737
351,SqueezeNet,0.8772,0.9649,0.7879,0.8125,0.9024
352,SqueezeNet,0.8772,0.9336,0.7407,0.7692,0.9091
353,SqueezeNet,0.7895,0.9216,0.6667,0.6,0.8919
354,SqueezeNet,0.8947,0.9794,0.8235,0.9333,0.881
355,SqueezeNet,0.9825,0.9921,0.9655,0.9333,1.0
356,SqueezeNet,0.8596,0.9444,0.7778,0.9333,0.8333
357,SqueezeNet,0.8596,0.9544,0.7647,0.7222,0.9231
358,SqueezeNet,0.8596,0.9391,0.8,0.8421,0.8684
359,SqueezeNet,0.9474,0.9583,0.9333,0.875,1.0
360,SqueezeNet,0.8421,0.9258,0.8085,0.8261,0.8529
361,SqueezeNet,0.8772,0.9558,0.8444,0.8636,0.8857
362,SqueezeNet,0.8421,0.9577,0.7568,0.6667,0.9444
363,SqueezeNet,0.8421,0.9642,0.7805,0.6957,0.9412
364,SqueezeNet,0.9298,0.9755,0.8571,0.9231,0.9318
365,SqueezeNet,0.9298,0.9825,0.8667,1.0,0.9091
366,SqueezeNet,0.9123,0.985,0.8,0.7143,0.9767
367,SqueezeNet,0.9649,0.9895,0.9231,0.9231,0.9773
368,SqueezeNet,0.9123,0.9714,0.8387,0.8667,0.9286
369,SqueezeNet,0.9123,0.993,0.8387,1.0,0.8864
370,SqueezeNet,0.9298,0.966,0.8182,0.9,0.9362
371,SqueezeNet,0.9825,0.9931,0.973,0.9474,1.0
372,SqueezeNet,0.8947,0.9554,0.8333,0.75,0.973
373,SqueezeNet,0.8772,0.9558,0.8108,0.8333,0.8974
374,SqueezeNet,0.7895,0.9058,0.6667,0.6316,0.8684
375,SqueezeNet,0.9123,0.975,0.8571,0.8824,0.925
376,SqueezeNet,0.9649,0.9972,0.9444,0.9444,0.9744
377,SqueezeNet,0.8246,0.946,0.7059,0.8,0.8333
378,SqueezeNet,0.8947,0.9744,0.8421,0.8889,0.8974
379,SqueezeNet,0.9474,0.9838,0.9189,0.85,1.0
380,SqueezeNet,0.9123,0.9847,0.8889,0.8696,0.9412
381,SqueezeNet,0.8596,0.9502,0.7143,0.7143,0.907
382,SqueezeNet,0.8947,0.9493,0.7857,0.8462,0.9091
383,SqueezeNet,0.8772,0.9308,0.6957,0.7273,0.913
384,SqueezeNet,0.7895,0.9206,0.7692,0.7692,0.8065
385,SqueezeNet,0.9474,0.9939,0.9091,0.9375,0.9512
386,SqueezeNet,0.8421,0.9375,0.7097,0.6875,0.9024
387,SqueezeNet,0.8947,0.9706,0.8,0.7059,0.975
388,SqueezeNet,0.9649,0.9948,0.9231,0.9231,0.9773
389,SqueezeNet,0.8772,0.9518,0.7742,0.8571,0.8837
390,SqueezeNet,0.8596,0.9352,0.6923,0.6429,0.9302
391,SqueezeNet,0.8421,0.9339,0.8,0.8571,0.8333
392,SqueezeNet,0.8596,0.9615,0.7895,0.8333,0.8718
393,SqueezeNet,0.9649,0.9873,0.9286,0.8667,1.0
394,SqueezeNet,0.9123,0.9786,0.878,1.0,0.8718
395,SqueezeNet,0.9123,0.9695,0.8649,0.8421,0.9474
396,SqueezeNet,0.8772,0.9412,0.7879,0.7647,0.925
397,SqueezeNet,0.9298,0.9828,0.9,0.8571,0.9722
398,SqueezeNet,0.9825,0.9872,0.9714,0.9444,1.0
399,SqueezeNet,0.9474,0.9971,0.9091,0.8824,0.975
400,SqueezeNet,0.8947,0.9921,0.8333,1.0,0.8571
401,SqueezeNet,0.8772,0.9784,0.7407,0.7143,0.9302
402,SqueezeNet,0.8421,0.9116,0.7097,0.6875,0.9024
403,SqueezeNet,0.9123,0.9832,0.8148,0.6875,1.0
404,SqueezeNet,0.8246,0.9551,0.7222,0.9286,0.7907
405,SqueezeNet,0.9123,0.9731,0.8889,0.8696,0.9412
406,SqueezeNet,0.807,0.9116,0.6857,0.75,0.8293
407,SqueezeNet,0.8947,0.9559,0.8333,0.8824,0.9
408,SqueezeNet,0.8947,0.9693,0.8636,0.8261,0.9412
409,SqueezeNet,0.8772,0.9662,0.8372,0.8182,0.9143
410,SqueezeNet,0.9474,0.9851,0.9189,0.85,1.0
411,SqueezeNet,0.9298,0.9838,0.8889,0.9412,0.925
412,SqueezeNet,0.8421,0.9377,0.7568,0.7368,0.8947
413,SqueezeNet,0.9123,0.9828,0.8718,0.8095,0.9722
414,SqueezeNet,0.8772,0.9601,0.8108,0.8333,0.8974
415,SqueezeNet,0.8772,0.9528,0.7586,0.8462,0.8864
416,SqueezeNet,0.8947,0.9588,0.8125,0.8125,0.9268
417,SqueezeNet,0.8947,0.9557,0.8421,0.8421,0.9211
418,SqueezeNet,0.9123,0.9571,0.8837,0.8636,0.9429
419,SqueezeNet,0.8772,0.946,0.7742,0.8,0.9048
420,SqueezeNet,0.9123,0.9701,0.8148,0.7857,0.9535
421,SqueezeNet,0.8947,0.9676,0.8571,0.9,0.8919
422,SqueezeNet,0.9298,0.9824,0.9,0.9,0.9459
423,SqueezeNet,0.8947,0.9809,0.8421,0.9412,0.875
424,SqueezeNet,0.9825,1.0,0.973,1.0,0.9744
425,SqueezeNet,0.9298,0.9762,0.9091,0.9524,0.9167
426,SqueezeNet,0.9123,0.9718,0.8148,0.7857,0.9535
427,SqueezeNet,0.9123,0.9854,0.8837,0.9048,0.9167
428,SqueezeNet,0.9474,0.993,0.8889,0.9231,0.9545
429,SqueezeNet,0.8596,0.9444,0.75,0.6667,0.9487
430,SqueezeNet,0.9123,0.9881,0.8889,0.9524,0.8889
431,SqueezeNet,0.9298,0.9834,0.913,0.913,0.9412
432,SqueezeNet,0.8772,0.9598,0.7586,0.8462,0.8864
433,SqueezeNet,0.8772,0.9512,0.7742,0.75,0.9268
434,SqueezeNet,0.9298,0.9897,0.875,0.8235,0.975
435,SqueezeNet,0.8596,0.9132,0.7778,0.8235,0.875
436,SqueezeNet,0.9123,0.9838,0.878,0.9,0.9189
437,SqueezeNet,0.9123,0.9756,0.8485,0.875,0.9268
438,SqueezeNet,0.807,0.9056,0.5926,0.6667,0.8444
439,SqueezeNet,0.8947,0.977,0.8421,0.8,0.9459
440,SqueezeNet,0.8596,0.9468,0.7647,0.9286,0.8372
441,SqueezeNet,0.9474,0.9721,0.9091,0.8824,0.975
442,SqueezeNet,0.8947,0.9825,0.8,0.9231,0.8864
443,SqueezeNet,0.9123,0.9778,0.8718,0.8947,0.9211
444,SqueezeNet,0.8596,0.9574,0.7895,0.8824,0.85
445,SqueezeNet,0.8421,0.9426,0.7273,0.7059,0.9
446,SqueezeNet,0.8421,0.9365,0.7097,0.7333,0.881
447,SqueezeNet,0.9123,0.9779,0.8571,0.8824,0.925
448,SqueezeNet,0.9298,0.9698,0.875,0.9333,0.9286
449,SqueezeNet,0.9298,0.9824,0.8889,0.9412,0.925
450,SqueezeNet,0.7895,0.9268,0.7,0.5833,0.9394
451,SqueezeNet,0.9298,0.9753,0.9048,0.8636,0.9714
452,SqueezeNet,0.8947,0.9626,0.8333,0.7895,0.9474
453,SqueezeNet,0.9649,0.9909,0.9333,0.875,1.0
454,SqueezeNet,0.8772,0.9587,0.8108,0.8333,0.8974
455,SqueezeNet,0.9474,0.995,0.8966,0.9286,0.9535
456,SqueezeNet,0.807,0.9309,0.7027,0.7647,0.825
457,SqueezeNet,0.8421,0.9235,0.7273,0.7059,0.9
458,SqueezeNet,0.9298,0.9801,0.875,0.7778,1.0
459,SqueezeNet,0.9123,0.9559,0.8571,0.8824,0.925
460,SqueezeNet,0.8596,0.9435,0.6667,0.5714,0.9535
461,SqueezeNet,0.8596,0.9481,0.8182,0.8182,0.8857
462,SqueezeNet,0.9298,0.9715,0.8889,0.8889,0.9487
463,SqueezeNet,0.8596,0.9405,0.7895,0.75,0.9189
464,SqueezeNet,0.8947,0.9655,0.8636,0.8261,0.9412
465,SqueezeNet,0.8596,0.9294,0.8,0.8421,0.8684
466,SqueezeNet,0.8947,0.9471,0.85,0.8095,0.9444
467,SqueezeNet,0.8421,0.9524,0.7097,0.7333,0.881
468,SqueezeNet,0.8421,0.9662,0.7805,0.7273,0.9143
469,SqueezeNet,0.9123,0.963,0.8571,0.8333,0.9487
470,SqueezeNet,0.9123,0.9778,0.8387,0.8667,0.9286
471,SqueezeNet,0.807,0.9482,0.6857,0.75,0.8293
472,SqueezeNet,0.9298,0.9917,0.8947,0.8947,0.9474
473,SqueezeNet,0.8772,0.9352,0.8293,0.8095,0.9167
474,SqueezeNet,0.8421,0.9701,0.7692,0.8333,0.8462
475,SqueezeNet,0.9474,1.0,0.8889,1.0,0.9333
476,SqueezeNet,0.9298,0.9825,0.8333,0.7692,0.9773
477,SqueezeNet,0.9474,0.9746,0.8966,0.8667,0.9762
478,SqueezeNet,0.8947,0.9568,0.7692,0.7143,0.9535
479,SqueezeNet,0.8421,0.9248,0.6897,0.7692,0.8636
480,SqueezeNet,0.8947,0.9741,0.8125,0.8125,0.9268
481,SqueezeNet,0.9298,0.9746,0.8667,0.8667,0.9524
482,SqueezeNet,0.9474,0.9931,0.9143,0.8421,1.0
483,SqueezeNet,0.9123,0.9764,0.8936,0.8077,1.0
484,SqueezeNet,0.8421,0.9514,0.7692,0.75,0.8919
485,SqueezeNet,0.9298,0.9706,0.8824,0.8824,0.95
486,SqueezeNet,0.9298,0.9852,0.8333,0.8333,0.9556
487,SqueezeNet,0.8596,0.9615,0.7778,0.7778,0.8974
488,SqueezeNet,0.8947,0.9535,0.7857,0.7857,0.9302
489,SqueezeNet,0.9298,0.9723,0.8182,0.9,0.9362
490,SqueezeNet,0.807,0.9147,0.6667,0.6471,0.875
491,SqueezeNet,0.8596,0.927,0.7778,0.7,0.9459
492,SqueezeNet,0.8772,0.9511,0.8293,0.8095,0.9167
493,SqueezeNet,0.9123,0.9765,0.8485,0.8235,0.95
494,SqueezeNet,0.9649,0.9971,0.9412,0.9412,0.975
495,SqueezeNet,0.8596,0.9604,0.7778,0.875,0.8537
496,SqueezeNet,0.8947,0.9568,0.7692,0.7143,0.9535
497,SqueezeNet,0.9298,0.9585,0.8182,0.8182,0.9565
498,SqueezeNet,0.8772,0.9744,0.8,0.7778,0.9231
499,SqueezeNet,0.8947,0.9603,0.8235,0.8235,0.925
500,SqueezeNet,0.9123,0.9687,0.8571,0.8333,0.9487
501,SqueezeNet,0.9649,0.996,0.9167,1.0,0.9565
502,SqueezeNet,0.9123,0.9744,0.8649,0.8889,0.9231
503,SqueezeNet,0.8421,0.9412,0.8,0.7826,0.8824
504,SqueezeNet,0.8246,0.9373,0.7368,0.7778,0.8462
505,SqueezeNet,0.8246,0.933,0.7917,0.7308,0.9032
506,SqueezeNet,0.8772,0.9471,0.8108,0.8824,0.875
507,SqueezeNet,0.8596,0.963,0.7647,0.7222,0.9231
508,SqueezeNet,0.8947,0.9672,0.8333,0.8333,0.9231
509,SqueezeNet,0.9298,0.9668,0.8889,0.8421,0.9737
510,SqueezeNet,0.9123,0.9834,0.8649,0.8421,0.9474
511,SqueezeNet,0.8421,0.9446,0.7568,0.7,0.9189
512,SqueezeNet,0.8947,0.9486,0.85,0.85,0.9189
513,SqueezeNet,0.8772,0.9696,0.8205,0.7619,0.9444
514,SqueezeNet,0.9649,0.9821,0.9545,0.913,1.0
515,SqueezeNet,0.9123,0.9703,0.8,0.7692,0.9545
516,SqueezeNet,0.9123,0.9683,0.8276,0.8,0.9524
517,SqueezeNet,0.8421,0.9307,0.7429,0.6842,0.9211
518,SqueezeNet,0.9298,0.9882,0.8824,0.8824,0.95
519,SqueezeNet,0.9123,0.9714,0.8889,0.9091,0.9143
520,SqueezeNet,0.8596,0.9302,0.7333,0.7857,0.8837
521,SqueezeNet,0.8772,0.9455,0.8293,0.7727,0.9429
522,SqueezeNet,0.9474,0.9944,0.8889,1.0,0.9333
523,SqueezeNet,0.9298,0.9861,0.8824,0.7895,1.0
524,SqueezeNet,0.8421,0.9485,0.7097,0.7857,0.8605
525,SqueezeNet,0.9123,0.9844,0.8889,0.9091,0.9143
526,SqueezeNet,0.9123,0.9848,0.8276,0.75,0.9756
527,SqueezeNet,0.8947,0.9518,0.7692,0.7143,0.9535
528,SqueezeNet,0.8772,0.9601,0.7742,0.8571,0.8837
529,SqueezeNet,0.8596,0.9551,0.75,0.8571,0.8605
530,SqueezeNet,0.8947,0.9838,0.8636,0.95,0.8649
531,SqueezeNet,0.9298,0.9716,0.9048,0.95,0.9189
532,SqueezeNet,0.8772,0.961,0.8293,0.7727,0.9429
533,SqueezeNet,0.807,0.9167,0.7027,0.619,0.9167
534,SqueezeNet,0.9474,0.9912,0.9143,0.9412,0.95
535,SqueezeNet,0.8772,0.9444,0.7407,0.6667,0.9524
536,SqueezeNet,0.8947,0.9385,0.7692,0.7143,0.9535
537,SqueezeNet,0.9123,0.9333,0.7619,0.6667,0.9778
538,SqueezeNet,0.8596,0.9426,0.7143,0.8333,0.8667
539,SqueezeNet,0.9474,0.9829,0.9091,0.8333,1.0
540,SqueezeNet,0.9123,0.9668,0.8148,0.7857,0.9535
541,SqueezeNet,0.8947,0.9703,0.7857,0.8462,0.9091
542,SqueezeNet,0.8772,0.9485,0.7742,0.7059,0.95
543,SqueezeNet,0.9123,0.9634,0.8387,0.8125,0.9512
544,SqueezeNet,0.9123,0.9737,0.8718,0.8947,0.9211
545,SqueezeNet,0.9123,0.9524,0.8276,0.8,0.9524
546,SqueezeNet,0.9298,0.993,0.8462,0.8462,0.9545
547,SqueezeNet,0.8947,0.9716,0.8421,0.8,0.9459
548,SqueezeNet,0.9474,0.9907,0.9268,0.9048,0.9722
549,SqueezeNet,0.8947,0.9587,0.8125,0.8667,0.9048
550,SqueezeNet,0.9649,0.9947,0.95,0.9048,1.0
551,SqueezeNet,0.8421,0.9349,0.7692,0.7895,0.8684
552,SqueezeNet,0.8947,0.9841,0.8125,0.8667,0.9048
553,SqueezeNet,0.8421,0.936,0.7273,0.75,0.878
554,SqueezeNet,0.9123,0.9543,0.8387,0.8125,0.9512
555,SqueezeNet,0.8596,0.959,0.8095,0.8095,0.8889
556,SqueezeNet,0.7719,0.9081,0.6667,0.65,0.8378
557,SqueezeNet,0.8772,0.965,0.7586,0.8462,0.8864
558,SqueezeNet,0.9298,0.9853,0.8824,0.8824,0.95
559,SqueezeNet,0.9123,0.9681,0.8718,0.8947,0.9211
560,SqueezeNet,0.8421,0.9405,0.7568,0.6667,0.9444
561,SqueezeNet,0.8947,0.9416,0.8125,0.7222,0.9744
562,SqueezeNet,0.9298,0.99,0.875,1.0,0.907
563,SqueezeNet,0.9123,0.9745,0.7826,0.9,0.9149
564,SqueezeNet,0.9825,0.986,0.96,0.9231,1.0
565,SqueezeNet,0.8947,0.9451,0.7857,0.6875,0.9756
566,SqueezeNet,0.8596,0.9565,0.8261,0.8261,0.8824
567,SqueezeNet,0.9649,0.9948,0.9231,0.9231,0.9773
568,SqueezeNet,0.9474,0.9944,0.8889,1.0,0.9333
569,SqueezeNet,0.807,0.9127,0.7179,0.7368,0.8421
570,SqueezeNet,0.9123,0.9735,0.8485,0.8235,0.95
571,SqueezeNet,0.9123,0.9889,0.8571,0.7895,0.9737
572,SqueezeNet,0.8947,0.9734,0.8125,0.9286,0.8837
573,SqueezeNet,0.8596,0.9402,0.7333,0.7857,0.8837
574,SqueezeNet,0.9474,0.9751,0.8966,0.9286,0.9535
575,SqueezeNet,0.8421,0.9416,0.7568,0.7778,0.8718
576,SqueezeNet,0.9123,0.9556,0.8276,0.8,0.9524
577,SqueezeNet,0.8421,0.9404,0.8,0.9474,0.7895
578,SqueezeNet,0.8246,0.8987,0.6429,0.6429,0.8837
579,SqueezeNet,0.9474,0.9858,0.9143,0.8889,0.9744
580,SqueezeNet,0.8947,0.9771,0.8235,0.875,0.9024
581,SqueezeNet,0.8421,0.9299,0.7273,0.75,0.878
582,SqueezeNet,0.9123,0.9556,0.7826,0.75,0.9556
583,SqueezeNet,0.8421,0.9278,0.64,0.6667,0.8889
584,SqueezeNet,0.9474,0.9954,0.9091,0.9375,0.9512
585,SqueezeNet,0.9474,0.9934,0.9032,1.0,0.9302
586,SqueezeNet,0.9298,0.9598,0.8462,0.8462,0.9545
587,SqueezeNet,0.9123,0.9786,0.8718,0.9444,0.8974
588,SqueezeNet,0.8596,0.9488,0.7895,0.7895,0.8947
589,SqueezeNet,0.8947,0.9676,0.8235,0.8235,0.925
590,SqueezeNet,0.9474,0.9883,0.9362,1.0,0.9143
591,SqueezeNet,0.8772,0.9766,0.8444,0.8636,0.8857
592,SqueezeNet,0.9649,0.9868,0.9412,0.9412,0.975
593,SqueezeNet,0.8947,0.9558,0.8571,0.8182,0.9429
594,SqueezeNet,0.9123,0.975,0.8571,0.8824,0.925
595,SqueezeNet,0.8772,0.9473,0.8,0.7778,0.9231
596,SqueezeNet,0.8596,0.9612,0.8,0.8421,0.8684
597,SqueezeNet,0.8772,0.9643,0.8372,0.8571,0.8889
598,SqueezeNet,0.8947,0.9352,0.7692,0.7143,0.9535
599,SqueezeNet,1.0,1.0,1.0,1.0,1.0
600,SqueezeNet,0.9649,0.997,0.9412,1.0,0.9512
601,SqueezeNet,0.8772,0.9397,0.7879,0.8667,0.881
602,SqueezeNet,0.9298,0.981,0.8667,0.8667,0.9524
603,SqueezeNet,0.9474,0.9794,0.9143,0.9412,0.95
604,SqueezeNet,0.9123,0.9633,0.8,0.7692,0.9545
605,SqueezeNet,0.8772,0.9706,0.7879,0.7647,0.925
606,SqueezeNet,0.8947,0.9681,0.8333,0.7895,0.9474
607,SqueezeNet,0.9123,0.9756,0.8571,0.9375,0.9024
608,SqueezeNet,0.9298,0.9715,0.8889,0.8889,0.9487
609,SqueezeNet,0.7895,0.9167,0.7273,0.6667,0.8788
610,SqueezeNet,0.8947,0.9714,0.7692,0.6667,0.9762
611,SqueezeNet,0.8596,0.9324,0.75,0.7059,0.925
612,SqueezeNet,0.9123,0.9662,0.8485,0.8235,0.95
613,SqueezeNet,0.9123,0.9735,0.8485,0.8235,0.95
614,SqueezeNet,0.8246,0.9544,0.75,0.8824,0.8
615,SqueezeNet,0.9123,0.9619,0.8276,0.75,0.9756
616,SqueezeNet,0.9474,0.9721,0.9091,0.8824,0.975
617,SqueezeNet,0.8772,0.9286,0.7742,0.8571,0.8837
618,SqueezeNet,0.8421,0.9441,0.7429,0.7647,0.875
619,SqueezeNet,0.8772,0.9432,0.8108,0.7895,0.9211
620,SqueezeNet,0.8596,0.9584,0.8182,0.8182,0.8857
621,SqueezeNet,0.8596,0.9441,0.6364,0.5385,0.9545
622,SqueezeNet,0.9123,0.9681,0.8718,0.8947,0.9211
623,SqueezeNet,0.8246,0.9117,0.75,0.6818,0.9143
624,SqueezeNet,0.9298,0.9919,0.9,0.9,0.9459
625,SqueezeNet,0.9123,0.9735,0.8571,0.8824,0.925
626,SqueezeNet,0.9825,0.9881,0.9524,0.9091,1.0
627,SqueezeNet,0.8772,0.9709,0.8205,0.7619,0.9444
628,SqueezeNet,0.8947,0.958,0.7857,0.8462,0.9091
629,SqueezeNet,0.8596,0.9633,0.75,0.9231,0.8409
630,SqueezeNet,0.9123,0.9518,0.8276,0.8571,0.9302
631,SqueezeNet,0.8421,0.9352,0.7692,0.7143,0.9167
632,SqueezeNet,0.7193,0.875,0.5,0.5,0.8049
633,SqueezeNet,0.8947,0.9545,0.7857,0.8462,0.9091
634,SqueezeNet,0.9123,0.9763,0.8,0.9091,0.913
635,SqueezeNet,0.9649,0.9919,0.95,0.95,0.973
636,SqueezeNet,0.8947,0.9676,0.8235,0.8235,0.925
637,SqueezeNet,0.9298,0.9841,0.875,0.9333,0.9286
638,SqueezeNet,0.9474,0.9744,0.9333,0.913,0.9706
639,SqueezeNet,0.8947,0.9632,0.8421,0.9412,0.875
640,SqueezeNet,0.9298,0.9806,0.9,0.9474,0.9211
641,SqueezeNet,0.8421,0.939,0.7429,0.8125,0.8537
642,SqueezeNet,0.9474,0.9848,0.9091,0.9375,0.9512
643,SqueezeNet,0.8772,0.9382,0.8,0.8235,0.9
644,SqueezeNet,0.9474,0.9917,0.9143,0.8421,1.0
645,SqueezeNet,0.8947,0.9558,0.8125,0.8125,0.9268
646,SqueezeNet,0.9298,0.9751,0.8667,0.9286,0.9302
647,SqueezeNet,0.8596,0.9573,0.7143,0.625,0.9512
648,SqueezeNet,0.9298,0.9868,0.9091,0.9524,0.9167
649,SqueezeNet,0.9123,0.9473,0.8571,0.8333,0.9487
650,SqueezeNet,0.8947,0.9527,0.8235,0.875,0.9024
651,SqueezeNet,0.8947,0.9737,0.8421,0.8421,0.9211
652,SqueezeNet,0.9123,0.9615,0.8649,0.8889,0.9231
653,SqueezeNet,0.9298,0.9838,0.8889,0.9412,0.925
654,SqueezeNet,0.8246,0.9273,0.7619,0.7273,0.8857
655,SqueezeNet,0.8772,0.9416,0.8,0.7778,0.9231
656,SqueezeNet,0.8421,0.9191,0.7097,0.6471,0.925
657,SqueezeNet,0.9123,0.9811,0.878,0.9,0.9189
658,SqueezeNet,0.9298,0.9802,0.875,0.875,0.9512
659,SqueezeNet,0.8246,0.9497,0.7368,0.6667,0.9167
660,SqueezeNet,0.8772,0.9543,0.8108,0.7895,0.9211
661,SqueezeNet,0.8421,0.9274,0.7097,0.6111,0.9487
662,SqueezeNet,0.9649,0.9971,0.9412,0.9412,0.975
663,SqueezeNet,0.8772,0.9649,0.8205,0.8,0.9189
664,SqueezeNet,0.807,0.9382,0.6667,0.6471,0.875
665,SqueezeNet,0.8947,0.99,0.8235,1.0,0.8605
666,SqueezeNet,0.8947,0.9676,0.8333,0.8824,0.9
667,SqueezeNet,0.8421,0.9407,0.6667,0.75,0.8667
668,SqueezeNet,0.8947,0.9649,0.85,0.7727,0.9714
669,SqueezeNet,0.9298,0.9772,0.8889,0.8889,0.9487
670,SqueezeNet,0.9123,0.9598,0.8,0.7692,0.9545
671,SqueezeNet,0.9474,0.9797,0.9268,0.95,0.9459
672,SqueezeNet,0.8596,0.9487,0.7778,0.7778,0.8974
673,SqueezeNet,0.8596,0.9618,0.7333,0.6471,0.95
674,SqueezeNet,0.9298,0.982,0.8947,0.8947,0.9474
675,SqueezeNet,0.8947,0.9391,0.85,0.8947,0.8947
676,SqueezeNet,0.9298,0.9868,0.8824,0.8824,0.95
677,SqueezeNet,0.8772,0.9269,0.7407,0.7143,0.9302
678,SqueezeNet,0.8772,0.982,0.8293,0.8947,0.8684
679,SqueezeNet,0.8421,0.9514,0.7805,0.8,0.8649
680,SqueezeNet,0.9123,0.9468,0.8,0.7143,0.9767
681,SqueezeNet,0.7719,0.9339,0.6667,0.619,0.8611
682,SqueezeNet,0.8947,0.9476,0.7692,0.7692,0.9318
683,SqueezeNet,0.9298,0.9801,0.8889,0.8889,0.9487
684,SqueezeNet,0.9474,0.9853,0.9091,0.8824,0.975
685,SqueezeNet,0.8947,0.9622,0.8421,0.8,0.9459
686,SqueezeNet,0.8421,0.9148,0.6087,0.5833,0.9111
687,SqueezeNet,0.8246,0.9432,0.75,0.75,0.8649
688,SqueezeNet,0.9123,1.0,0.8276,1.0,0.8889
689,SqueezeNet,0.8772,0.9437,0.8444,0.8261,0.9118
690,SqueezeNet,0.8772,0.9407,0.7407,0.8333,0.8889
691,SqueezeNet,0.8421,0.9266,0.6667,0.6923,0.8864
692,SqueezeNet,0.9649,0.9965,0.9286,1.0,0.9545
693,SqueezeNet,0.9474,0.9863,0.9143,1.0,0.9268
694,SqueezeNet,0.9298,0.9838,0.9,0.9,0.9459
695,SqueezeNet,0.8947,0.9615,0.8333,0.8333,0.9231
696,SqueezeNet,0.8947,0.9676,0.8333,0.75,0.973
697,SqueezeNet,0.9123,0.9821,0.8837,0.8261,0.9706
698,SqueezeNet,0.8246,0.9584,0.7619,0.7273,0.8857
699,SqueezeNet,0.8947,0.9758,0.8125,0.7222,0.9744
700,SqueezeNet,0.8772,0.9746,0.7742,0.8,0.9048
701,SqueezeNet,0.9298,0.9834,0.8667,0.9286,0.9302
702,SqueezeNet,0.8947,0.96,0.88,0.88,0.9062
703,SqueezeNet,0.9298,0.9701,0.9,0.8182,1.0
704,SqueezeNet,0.9474,0.973,0.9032,0.9333,0.9524
705,SqueezeNet,0.8421,0.9296,0.6897,0.8333,0.8444
706,SqueezeNet,0.9123,0.9851,0.898,0.8462,0.9677
707,SqueezeNet,0.7895,0.9191,0.7143,0.8824,0.75
708,SqueezeNet,0.8421,0.9235,0.7568,0.8235,0.85
709,SqueezeNet,0.9474,0.9915,0.9091,0.8333,1.0
710,SqueezeNet,0.8772,0.9568,0.7586,0.7857,0.907
711,SqueezeNet,0.9298,0.9701,0.8571,0.8571,0.9535
712,SqueezeNet,0.9474,0.9801,0.9189,0.9444,0.9487
713,SqueezeNet,0.8947,0.9288,0.8235,0.7778,0.9487
714,SqueezeNet,0.9123,0.9658,0.8649,0.8889,0.9231
715,SqueezeNet,0.8596,0.9654,0.7647,0.6842,0.9474
716,SqueezeNet,0.8596,0.9651,0.7333,0.7333,0.9048
717,SqueezeNet,0.8947,0.951,0.7857,0.8462,0.9091
718,SqueezeNet,0.8772,0.9501,0.8444,0.8261,0.9118
719,SqueezeNet,0.8246,0.9,0.7368,0.6364,0.9429
720,SqueezeNet,0.8596,0.9541,0.7895,0.75,0.9189
721,SqueezeNet,0.8947,0.9559,0.8333,0.8824,0.9
722,SqueezeNet,0.8772,0.963,0.8108,0.8333,0.8974
723,SqueezeNet,0.8421,0.9299,0.7692,0.7143,0.9167
724,SqueezeNet,0.807,0.9222,0.5926,0.5333,0.9048
725,SqueezeNet,0.8596,0.9485,0.7647,0.7647,0.9
726,SqueezeNet,0.8596,0.9573,0.7333,0.6875,0.9268
727,SqueezeNet,0.8947,0.9524,0.7857,0.7333,0.9524
728,SqueezeNet,0.8596,0.9456,0.7647,0.7647,0.9
729,SqueezeNet,0.9123,0.9668,0.8,0.7692,0.9545
730,SqueezeNet,0.9123,0.9587,0.8276,0.8,0.9524
731,SqueezeNet,0.8421,0.9557,0.7429,0.6842,0.9211
732,SqueezeNet,0.9123,0.973,0.8387,0.8667,0.9286
733,SqueezeNet,0.9123,0.9481,0.8,0.8333,0.9333
734,SqueezeNet,0.8772,0.9455,0.8372,0.8182,0.9143
735,SqueezeNet,0.8596,0.9482,0.75,0.75,0.9024
736,SqueezeNet,0.8947,0.9316,0.8333,0.8333,0.9231
737,SqueezeNet,0.9123,0.9797,0.8718,0.85,0.9459
738,SqueezeNet,0.9123,0.9722,0.8,0.8333,0.9333
739,SqueezeNet,0.9123,0.9644,0.8,0.9091,0.913
740,SqueezeNet,0.7719,0.9008,0.6486,0.5714,0.8889
741,SqueezeNet,0.8947,0.9643,0.85,0.8095,0.9444
742,SqueezeNet,0.8772,0.9407,0.6957,0.6667,0.9333
743,SqueezeNet,0.8421,0.9458,0.7097,0.8462,0.8409
744,SqueezeNet,0.9474,0.9808,0.8889,0.9231,0.9545
745,SqueezeNet,0.8947,0.9558,0.8235,0.875,0.9024
746,SqueezeNet,0.9474,0.9848,0.9143,1.0,0.9268
747,SqueezeNet,0.9649,0.9909,0.9545,0.9545,0.9714
748,SqueezeNet,0.9649,0.9847,0.9545,0.913,1.0
749,SqueezeNet,0.8947,0.9452,0.75,0.6429,0.9767
750,SqueezeNet,0.9649,0.9875,0.9444,0.8947,1.0
751,SqueezeNet,0.9298,0.9886,0.8889,0.8889,0.9487
752,SqueezeNet,0.807,0.9257,0.7179,0.7,0.8649
753,SqueezeNet,0.9123,0.974,0.8837,0.8636,0.9429
754,SqueezeNet,0.8596,0.9581,0.7778,0.7,0.9459
755,SqueezeNet,0.9474,0.9802,0.9302,0.9524,0.9444
756,SqueezeNet,0.9298,0.9744,0.8824,0.8333,0.9744
757,SqueezeNet,0.8947,0.9683,0.8571,0.8571,0.9167
758,SqueezeNet,0.8596,0.9389,0.6923,0.75,0.8889
759,SqueezeNet,0.9123,0.9741,0.8571,0.9375,0.9024
760,SqueezeNet,0.9474,0.9865,0.9231,0.9,0.973
761,SqueezeNet,0.8772,0.9351,0.8108,0.75,0.9459
762,SqueezeNet,0.8947,0.9696,0.8571,0.8571,0.9167
763,SqueezeNet,0.8772,0.9756,0.7879,0.8125,0.9024
764,SqueezeNet,0.9298,0.9765,0.8824,0.8824,0.95
765,SqueezeNet,0.8772,0.9618,0.72,0.6429,0.9535
766,SqueezeNet,0.8772,0.9574,0.8108,0.8824,0.875
767,SqueezeNet,0.8596,0.9373,0.7895,0.8333,0.8718
768,SqueezeNet,0.9123,0.9397,0.8148,0.7333,0.9762
769,SqueezeNet,0.9298,0.982,0.8889,0.8421,0.9737
770,SqueezeNet,0.8772,0.9544,0.7742,0.7059,0.95
771,SqueezeNet,0.8947,0.9751,0.8421,0.8421,0.9211
772,SqueezeNet,0.8246,0.9406,0.6667,0.7692,0.8409
773,SqueezeNet,0.9123,0.9524,0.8148,0.7333,0.9762
774,SqueezeNet,0.8772,0.9345,0.8,0.875,0.878
775,SqueezeNet,0.9123,0.9701,0.8276,0.8571,0.9302
776,SqueezeNet,0.9123,0.9786,0.8649,0.8889,0.9231
777,SqueezeNet,0.8947,0.9651,0.8,0.8,0.9286
778,SqueezeNet,0.8947,0.9757,0.8421,0.8,0.9459
779,SqueezeNet,0.9123,0.9676,0.8649,0.8,0.973
780,SqueezeNet,0.9123,0.9766,0.8889,0.9091,0.9143
781,SqueezeNet,0.8246,0.9441,0.7222,0.7647,0.85
782,SqueezeNet,0.8596,0.9356,0.8333,0.8333,0.8788
783,SqueezeNet,0.8947,0.9894,0.85,0.8095,0.9444
784,SqueezeNet,0.9123,0.9516,0.8485,0.7778,0.9744
785,SqueezeNet,0.8947,0.9571,0.8125,0.8667,0.9048
786,SqueezeNet,0.9298,0.9817,0.8824,0.9375,0.9268
787,SqueezeNet,0.9298,0.9805,0.9048,0.8636,0.9714
788,SqueezeNet,0.8596,0.9186,0.6667,0.5714,0.9535
789,SqueezeNet,0.9474,0.9915,0.9143,0.8889,0.9744
790,SqueezeNet,0.9298,0.9885,0.9048,0.8261,1.0
791,SqueezeNet,0.8246,0.8994,0.7059,0.75,0.8537
792,SqueezeNet,0.8947,0.9603,0.85,0.8095,0.9444
793,SqueezeNet,0.8421,0.9451,0.7429,0.8125,0.8537
794,SqueezeNet,0.9298,0.9635,0.8571,0.8571,0.9535
795,SqueezeNet,0.9474,0.9907,0.8889,1.0,0.9333
796,SqueezeNet,0.9298,0.9778,0.8947,0.8947,0.9474
797,SqueezeNet,0.9123,0.9772,0.8649,0.8889,0.9231
798,SqueezeNet,0.9474,0.9971,0.9143,0.9412,0.95
799,SqueezeNet,0.8947,0.9667,0.7692,0.8333,0.9111
800,SqueezeNet,0.9298,0.9909,0.9048,0.8636,0.9714
801,SqueezeNet,0.8596,0.9245,0.7778,0.7778,0.8974
802,SqueezeNet,0.8772,0.9665,0.7879,0.8125,0.9024
803,SqueezeNet,0.8421,0.9302,0.6897,0.6667,0.9048
804,SqueezeNet,0.8421,0.9149,0.5714,0.6,0.8936
805,SqueezeNet,0.9123,0.9865,0.8649,0.8,0.973
806,SqueezeNet,0.9123,0.9593,0.8,0.8333,0.9333
807,SqueezeNet,0.9474,0.9726,0.9091,0.9375,0.9512
808,SqueezeNet,0.8772,0.9797,0.8293,0.85,0.8919
809,SqueezeNet,0.9298,0.9603,0.8462,0.7333,1.0
810,SqueezeNet,0.9123,0.968,0.8276,0.75,0.9756
811,SqueezeNet,0.8246,0.9466,0.7059,0.75,0.8537
812,SqueezeNet,0.9123,0.9634,0.8387,0.8125,0.9512
813,SqueezeNet,0.8596,0.8829,0.5,0.5714,0.9
814,SqueezeNet,0.9825,0.9984,0.9677,1.0,0.9762
815,SqueezeNet,0.9649,0.9985,0.9412,0.9412,0.975
816,SqueezeNet,0.8772,0.9406,0.7407,0.7692,0.9091
817,SqueezeNet,0.8246,0.9217,0.7368,0.7778,0.8462
818,SqueezeNet,0.8947,0.9265,0.8125,0.7647,0.95
819,SqueezeNet,0.8421,0.9429,0.7907,0.7727,0.8857
820,SqueezeNet,0.9298,0.9889,0.875,0.9333,0.9286
821,SqueezeNet,0.8772,0.9772,0.8108,0.8333,0.8974
822,SqueezeNet,0.8947,0.9635,0.8,0.8571,0.907
823,SqueezeNet,0.7895,0.9231,0.6471,0.6111,0.8718
824,SqueezeNet,0.9123,0.9619,0.8276,0.8,0.9524
825,SqueezeNet,0.9298,0.973,0.8667,0.8667,0.9524
826,SqueezeNet,0.8421,0.9437,0.7907,0.7391,0.9118
827,SqueezeNet,0.9123,0.9751,0.8571,0.7895,0.9737
828,SqueezeNet,0.8421,0.9345,0.7273,0.6667,0.9231
829,SqueezeNet,0.8947,0.9619,0.8125,0.8125,0.9268
830,SqueezeNet,0.9298,0.9824,0.8889,0.9412,0.925
831,SqueezeNet,0.9649,0.9931,0.9444,0.8947,1.0
832,SqueezeNet,0.9298,0.9668,0.8333,0.7692,0.9773
833,SqueezeNet,0.9298,0.9817,0.875,0.875,0.9512
834,SqueezeNet,0.9298,0.9769,0.7778,0.7778,0.9583
835,SqueezeNet,0.8772,0.987,0.8205,0.7273,0.9714
836,SqueezeNet,0.8772,0.9767,0.7742,0.8571,0.8837
837,SqueezeNet,0.8947,0.95,0.75,0.75,0.9333
838,SqueezeNet,0.8947,0.9779,0.8235,0.8235,0.925
839,SqueezeNet,0.8421,0.9238,0.7429,0.8667,0.8333
840,SqueezeNet,0.9298,0.9787,0.92,0.92,0.9375
841,SqueezeNet,0.8596,0.9518,0.75,0.8571,0.8605
842,SqueezeNet,0.9474,0.9909,0.9091,0.9375,0.9512
843,SqueezeNet,0.9298,0.9834,0.8667,0.9286,0.9302
844,SqueezeNet,0.8947,0.9296,0.75,0.75,0.9333
845,SqueezeNet,0.9825,0.9889,0.9565,0.9167,1.0
846,SqueezeNet,0.8246,0.9259,0.7059,0.6667,0.8974
847,SqueezeNet,0.807,0.9242,0.766,0.75,0.8485
848,SqueezeNet,0.8596,0.9545,0.7143,0.7692,0.8864
849,SqueezeNet,0.8947,0.9779,0.8636,0.8636,0.9143
850,SqueezeNet,0.9123,0.9665,0.8485,0.875,0.9268
851,SqueezeNet,0.8772,0.9838,0.8108,0.75,0.9459
852,SqueezeNet,0.9123,0.9527,0.8571,0.75,1.0
853,SqueezeNet,0.9123,0.9757,0.8889,0.8696,0.9412
854,SqueezeNet,0.9298,0.9458,0.8333,0.7692,0.9773
855,SqueezeNet,0.9123,0.9695,0.8485,0.875,0.9268
856,SqueezeNet,0.8947,0.9801,0.8235,0.7778,0.9487
857,SqueezeNet,0.9474,0.99,0.8889,0.8571,0.9767
858,SqueezeNet,0.9123,0.9842,0.7826,0.8182,0.9348
859,SqueezeNet,0.8947,0.9802,0.8571,0.8571,0.9167
860,SqueezeNet,0.9474,0.9825,0.8966,0.8667,0.9762
861,SqueezeNet,0.9123,0.9751,0.8649,0.8421,0.9474
862,SqueezeNet,0.8596,0.9213,0.6,0.6667,0.8958
863,SqueezeNet,0.9474,0.9817,0.8966,0.9286,0.9535
864,SqueezeNet,0.8947,0.9668,0.8,0.8571,0.907
865,SqueezeNet,0.8947,0.9626,0.8235,0.7368,0.9737
866,SqueezeNet,0.8596,0.9373,0.8,0.8889,0.8462
867,SqueezeNet,0.9298,0.9857,0.8571,0.8,0.9762
868,SqueezeNet,0.8772,0.9518,0.7407,0.7143,0.9302
869,SqueezeNet,0.8596,0.9543,0.7647,0.8125,0.878
870,SqueezeNet,0.8947,0.9817,0.8125,0.9286,0.8837
871,SqueezeNet,0.9123,0.9784,0.878,0.9,0.9189
872,SqueezeNet,0.8772,0.95,0.8108,0.8824,0.875
873,SqueezeNet,0.9649,0.9974,0.9545,0.9545,0.9714
874,SqueezeNet,0.8947,0.933,0.8235,0.7778,0.9487
875,SqueezeNet,0.8772,0.9294,0.8108,0.7895,0.9211
876,SqueezeNet,0.8772,0.9715,0.8205,0.8889,0.8718
877,SqueezeNet,0.8947,0.9841,0.8636,0.9048,0.8889
878,SqueezeNet,0.8947,0.9788,0.8636,0.9048,0.8889
879,SqueezeNet,0.8772,0.9651,0.7407,0.7143,0.9302
880,SqueezeNet,0.8772,0.971,0.7879,0.8125,0.9024
881,SqueezeNet,0.8596,0.9722,0.8,0.7619,0.9167
882,SqueezeNet,0.9123,0.9861,0.8649,0.8421,0.9474
883,SqueezeNet,0.8772,0.9588,0.8,0.8235,0.9
884,SqueezeNet,0.9298,0.9734,0.8667,0.9286,0.9302
885,SqueezeNet,0.9474,0.9817,0.8889,0.8571,0.9767
886,SqueezeNet,0.8596,0.973,0.7895,0.75,0.9189
887,SqueezeNet,0.9298,0.9676,0.875,0.8235,0.975
888,SqueezeNet,0.8947,0.982,0.8421,0.8421,0.9211
889,SqueezeNet,0.8947,0.9557,0.8333,0.7895,0.9474
890,SqueezeNet,0.9649,0.9965,0.9231,0.9231,0.9773
891,SqueezeNet,0.9649,0.9872,0.9444,0.9444,0.9744
892,SqueezeNet,0.8596,0.9381,0.75,0.8,0.881
893,SqueezeNet,0.807,0.9486,0.7317,0.75,0.8378
894,SqueezeNet,1.0,1.0,1.0,1.0,1.0
895,SqueezeNet,0.9123,0.9832,0.8571,0.9375,0.9024
896,SqueezeNet,0.8947,0.9463,0.8636,0.8261,0.9412
897,SqueezeNet,0.807,0.9297,0.6857,0.6,0.9189
898,SqueezeNet,0.8421,0.9514,0.8085,0.8261,0.8529
899,SqueezeNet,0.8947,0.9778,0.75,0.75,0.9333
900,SqueezeNet,0.9298,0.9775,0.913,1.0,0.8889
901,SqueezeNet,0.8596,0.9571,0.8261,0.7917,0.9091
902,SqueezeNet,0.8772,0.9598,0.8205,0.8421,0.8947
903,SqueezeNet,0.9649,0.9759,0.9167,0.9167,0.9778
904,SqueezeNet,0.8772,0.9644,0.8108,0.8333,0.8974
905,SqueezeNet,0.8947,0.9593,0.7692,0.8333,0.9111
906,SqueezeNet,0.8596,0.9714,0.7647,0.8667,0.8571
907,SqueezeNet,0.8772,0.9238,0.8,0.875,0.878
908,SqueezeNet,0.8947,0.9667,0.7692,0.8333,0.9111
909,SqueezeNet,0.8947,0.9644,0.8333,0.8333,0.9231
910,SqueezeNet,0.8596,0.9397,0.7333,0.6471,0.95
911,SqueezeNet,0.8947,0.9196,0.75,0.6923,0.9545
912,SqueezeNet,0.8947,0.9721,0.8421,0.9412,0.875
913,SqueezeNet,0.8596,0.9535,0.7647,0.9286,0.8372
914,SqueezeNet,0.9474,1.0,0.9032,1.0,0.9302
915,SqueezeNet,0.8246,0.9616,0.75,0.7143,0.8889
916,SqueezeNet,0.9298,0.9765,0.875,0.8235,0.975
917,SqueezeNet,0.8947,0.968,0.8571,0.7826,0.9706
918,SqueezeNet,0.8421,0.9392,0.7805,0.8,0.8649
919,SqueezeNet,0.8947,0.9865,0.8636,0.95,0.8649
920,SqueezeNet,0.8596,0.9253,0.7647,0.8125,0.878
921,SqueezeNet,0.8421,0.9543,0.7805,0.8421,0.8421
922,SqueezeNet,0.9474,0.9751,0.9231,0.9474,0.9474
923,SqueezeNet,0.8772,0.9559,0.8,0.8235,0.9
924,SqueezeNet,0.8421,0.9419,0.7805,0.6667,0.9697
925,SqueezeNet,0.8947,0.9585,0.7857,0.7857,0.9302
926,SqueezeNet,0.8772,0.9468,0.6667,0.7778,0.8958
927,SqueezeNet,0.9123,0.9714,0.8387,0.8667,0.9286
928,SqueezeNet,0.8947,0.9785,0.875,0.875,0.9091
929,SqueezeNet,0.8246,0.896,0.7222,0.7222,0.8718
930,SqueezeNet,0.8772,0.939,0.7879,0.8125,0.9024
931,SqueezeNet,0.9298,0.9842,0.8462,1.0,0.913
932,SqueezeNet,0.8596,0.9451,0.7333,0.6875,0.9268
933,SqueezeNet,0.807,0.919,0.6857,0.8,0.8095
934,SqueezeNet,0.9123,0.9485,0.8387,0.7647,0.975
935,SqueezeNet,0.8947,0.9489,0.7273,0.8,0.9149
936,SqueezeNet,0.8772,0.9756,0.7586,0.6875,0.9512
937,SqueezeNet,0.9123,0.986,0.8276,0.9231,0.9091
938,SqueezeNet,0.8947,0.9634,0.8235,0.875,0.9024
939,SqueezeNet,0.9123,0.9619,0.8,0.6667,1.0
940,SqueezeNet,0.8772,0.9143,0.6957,0.6154,0.9545
941,SqueezeNet,0.9298,0.9889,0.8824,0.7895,1.0
942,SqueezeNet,0.8947,0.975,0.8421,0.9412,0.875
943,SqueezeNet,0.9123,0.9524,0.8276,0.8,0.9524
944,SqueezeNet,0.9298,0.9895,0.8462,0.8462,0.9545
945,SqueezeNet,0.8947,0.9545,0.7857,0.8462,0.9091
946,SqueezeNet,0.9123,0.981,0.8387,0.8667,0.9286
947,SqueezeNet,0.8947,0.9762,0.8125,0.8667,0.9048
948,SqueezeNet,0.8421,0.9416,0.8,0.8182,0.8571
949,SqueezeNet,0.8772,0.9685,0.7407,0.8333,0.8889
950,SqueezeNet,0.8947,0.9709,0.8421,0.8421,0.9211
951,SqueezeNet,0.8421,0.9577,0.7907,0.8095,0.8611
952,SqueezeNet,0.8947,0.9726,0.7692,0.625,1.0
953,SqueezeNet,0.9298,0.9765,0.8889,0.8421,0.9737
954,SqueezeNet,0.9474,0.9832,0.9091,0.9375,0.9512
955,SqueezeNet,0.8947,0.963,0.7857,0.9167,0.8889
956,SqueezeNet,0.9123,0.9893,0.8485,0.875,0.9268
957,SqueezeNet,0.9123,0.9787,0.8485,0.875,0.9268
958,SqueezeNet,0.9123,0.9926,0.8148,0.9167,0.9111
959,SqueezeNet,0.9474,0.9926,0.8889,1.0,0.9333
960,SqueezeNet,0.8772,0.9574,0.7879,0.7647,0.925
961,SqueezeNet,0.8947,0.9283,0.7692,0.7692,0.9318
962,SqueezeNet,0.9123,0.9784,0.8387,0.9286,0.907
963,SqueezeNet,0.8947,0.9603,0.8125,0.7647,0.95
964,SqueezeNet,0.8772,0.9626,0.8108,0.7895,0.9211
965,SqueezeNet,0.8947,0.9825,0.8125,0.8667,0.9048
966,SqueezeNet,0.8596,0.9632,0.7333,0.6471,0.95
967,SqueezeNet,0.9298,0.9665,0.875,0.875,0.9512
968,SqueezeNet,0.9123,0.975,0.8649,0.9412,0.9
969,SqueezeNet,0.8596,0.9518,0.6667,0.5714,0.9535
970,SqueezeNet,0.9298,0.9588,0.875,0.8235,0.975
971,SqueezeNet,0.807,0.9345,0.7442,0.8889,0.7692
972,SqueezeNet,0.8772,0.9714,0.7586,0.7333,0.9286
973,SqueezeNet,0.8421,0.9284,0.7273,0.75,0.878
974,SqueezeNet,0.9123,0.9889,0.878,0.9474,0.8947
975,SqueezeNet,0.8947,0.9634,0.7857,0.6875,0.9756
976,SqueezeNet,0.8772,0.9668,0.7742,0.8571,0.8837
977,SqueezeNet,0.9123,0.9735,0.8649,0.9412,0.9
978,SqueezeNet,0.8947,0.9468,0.7692,0.7143,0.9535
979,SqueezeNet,0.8947,0.9655,0.8966,0.8966,0.8929
980,SqueezeNet,0.9825,0.9924,0.9677,0.9375,1.0
981,SqueezeNet,0.807,0.9399,0.7317,0.6522,0.9118
982,SqueezeNet,0.9474,0.9664,0.8571,0.8182,0.9783
983,SqueezeNet,0.807,0.9029,0.6667,0.6471,0.875
984,SqueezeNet,0.9474,0.9808,0.8889,0.9231,0.9545
985,SqueezeNet,0.9123,0.977,0.8649,0.8,0.973
986,SqueezeNet,0.8596,0.9544,0.7647,0.7647,0.9
987,SqueezeNet,0.9649,0.9889,0.9231,1.0,0.9556
988,SqueezeNet,0.9298,0.9788,0.9048,0.9048,0.9444
989,SqueezeNet,0.8772,0.9545,0.8444,0.8636,0.8857
990,SqueezeNet,0.9123,0.9757,0.8889,0.8696,0.9412
991,SqueezeNet,0.8947,0.9688,0.875,0.84,0.9375
992,SqueezeNet,0.8772,0.9632,0.8293,1.0,0.825
993,SqueezeNet,0.9298,0.9889,0.8889,0.8421,0.9737
994,SqueezeNet,0.8947,0.9601,0.8333,0.8333,0.9231
995,SqueezeNet,0.9298,0.9718,0.8571,0.8571,0.9535
996,SqueezeNet,0.8947,0.9588,0.8,0.75,0.9512
997,SqueezeNet,0.9474,0.9765,0.9091,0.8824,0.975
998,SqueezeNet,0.9298,0.9794,0.8667,0.8667,0.9524
999,SqueezeNet,0.9123,0.9838,0.8889,0.8,1.0
1000,SqueezeNet,0.9123,0.9744,0.8649,0.8889,0.9231
1,SVM,0.7719,0.9343,0.7111,0.6667,0.8485
2,SVM,0.807,0.9365,0.6207,0.6,0.881
3,SVM,0.9298,0.9921,0.8182,0.8182,0.9565
4,SVM,0.8947,0.9668,0.8421,0.8421,0.9211
5,SVM,0.7719,0.9335,0.6061,0.5263,0.8947
6,SVM,0.9123,0.9809,0.8571,0.8824,0.925
7,SVM,0.8947,0.9834,0.7692,0.7143,0.9535
8,SVM,0.8246,0.964,0.7059,0.6316,0.9211
9,SVM,0.9123,0.9734,0.8148,0.7857,0.9535
10,SVM,0.9123,0.986,0.8148,0.8462,0.9318
11,SVM,0.9123,0.9958,0.8485,0.7368,1.0
12,SVM,0.9123,0.9875,0.8571,0.7895,0.9737
13,SVM,0.9123,0.9825,0.8148,0.7333,0.9762
14,SVM,0.807,0.9557,0.6452,0.5263,0.9474
15,SVM,0.9123,0.9801,0.8148,0.7857,0.9535
16,SVM,0.8421,0.9502,0.6087,0.5,0.9535
17,SVM,0.8772,0.9843,0.7742,0.6667,0.9744
18,SVM,0.8772,0.9676,0.7742,0.7059,0.95
19,SVM,0.9123,0.9867,0.8148,0.7857,0.9535
20,SVM,0.8421,0.9493,0.64,0.6154,0.9091
21,SVM,0.8947,0.9751,0.7692,0.7143,0.9535
22,SVM,0.8947,0.9784,0.7857,0.7857,0.9302
23,SVM,0.8421,0.9779,0.6897,0.5882,0.95
24,SVM,0.807,0.9444,0.5926,0.5333,0.9048
25,SVM,0.9123,0.9889,0.8649,0.8421,0.9474
26,SVM,0.9123,0.9878,0.8387,0.8125,0.9512
27,SVM,0.8246,0.9615,0.6875,0.6111,0.9231
28,SVM,0.9298,0.9882,0.8824,0.8824,0.95
29,SVM,0.8246,0.9634,0.6429,0.5625,0.9268
30,SVM,0.9123,0.9817,0.8387,0.8125,0.9512
31,SVM,0.8421,0.9737,0.7097,0.5789,0.9737
32,SVM,0.8947,0.9801,0.8125,0.7222,0.9744
33,SVM,0.8596,0.9744,0.7778,0.7778,0.8974
34,SVM,0.8947,0.9787,0.8333,0.9375,0.878
35,SVM,0.8947,0.9919,0.8333,0.75,0.973
36,SVM,0.8246,0.9778,0.6667,0.5263,0.9737
37,SVM,0.9123,0.981,0.8276,0.8,0.9524
38,SVM,0.9298,0.9924,0.9091,0.8333,1.0
39,SVM,0.8772,0.9878,0.8,0.7,0.973
40,SVM,0.8596,0.9676,0.7143,0.5882,0.975
41,SVM,0.8596,0.9735,0.7895,0.7143,0.9444
42,SVM,0.8947,0.9834,0.7692,0.7143,0.9535
43,SVM,0.9298,0.9954,0.8571,0.75,1.0
44,SVM,0.9123,0.9685,0.7619,0.6667,0.9778
45,SVM,0.8772,0.9719,0.8372,0.7826,0.9412
46,SVM,0.9123,0.9867,0.8148,0.7857,0.9535
47,SVM,0.8772,0.9703,0.8108,0.75,0.9459
48,SVM,0.9298,0.9912,0.8824,0.8824,0.95
49,SVM,0.8947,0.9889,0.8125,0.6842,1.0
50,SVM,0.8421,0.9808,0.7692,0.6522,0.9706
51,SVM,0.9474,1.0,0.8421,0.7273,1.0
52,SVM,0.8772,0.9935,0.8108,0.6818,1.0
53,SVM,0.8947,0.9698,0.8,0.8,0.9286
54,SVM,0.9123,0.9853,0.8387,0.7647,0.975
55,SVM,0.8947,0.9852,0.7273,0.6667,0.9556
56,SVM,0.8596,0.9687,0.75,0.6667,0.9487
57,SVM,0.8596,0.9792,0.7778,0.7368,0.9211
58,SVM,0.8772,0.9601,0.7586,0.7857,0.907
59,SVM,0.9123,0.9857,0.8276,0.8,0.9524
60,SVM,0.9298,0.9825,0.8571,0.8,0.9762
61,SVM,0.8596,0.9619,0.75,0.75,0.9024
62,SVM,0.8596,0.9468,0.6923,0.6429,0.9302
63,SVM,0.8947,0.9738,0.7857,0.8462,0.9091
64,SVM,0.8947,0.9792,0.8235,0.7368,0.9737
65,SVM,0.8596,0.9668,0.6667,0.6154,0.9318
66,SVM,0.9298,0.9921,0.8571,0.8,0.9762
67,SVM,0.8947,0.9757,0.8636,0.8261,0.9412
68,SVM,0.9123,0.9881,0.7619,0.7273,0.9565
69,SVM,0.9123,0.9832,0.8276,0.75,0.9756
70,SVM,0.9474,0.9863,0.8966,0.8125,1.0
71,SVM,0.807,0.9578,0.7317,0.6522,0.9118
72,SVM,0.8772,0.9683,0.7742,0.8,0.9048
73,SVM,0.9123,1.0,0.8485,0.7368,1.0
74,SVM,0.8772,0.9788,0.8293,0.8095,0.9167
75,SVM,0.9474,0.9934,0.8966,0.9286,0.9535
76,SVM,0.9825,1.0,0.963,0.9286,1.0
77,SVM,0.8772,0.9836,0.8511,0.8333,0.9091
78,SVM,0.9123,0.9917,0.8,0.7143,0.9767
79,SVM,0.9649,0.9979,0.8889,0.8,1.0
80,SVM,0.9123,0.9889,0.7826,0.75,0.9556
81,SVM,0.8596,1.0,0.7895,0.6522,1.0
82,SVM,0.807,0.9543,0.5926,0.5,0.9268
83,SVM,0.8421,0.9762,0.7568,0.6667,0.9444
84,SVM,0.8596,0.9824,0.7647,0.65,0.973
85,SVM,0.7895,0.9294,0.625,0.5263,0.9211
86,SVM,0.9298,0.9833,0.8,0.6667,1.0
87,SVM,0.9474,0.993,0.88,0.8462,0.9773
88,SVM,0.8246,0.9535,0.6429,0.6429,0.8837
89,SVM,0.8246,0.9402,0.5833,0.5,0.9302
90,SVM,0.8947,0.9773,0.75,0.6923,0.9545
91,SVM,0.8421,0.9697,0.8,0.75,0.9091
92,SVM,0.8772,0.968,0.7742,0.75,0.9268
93,SVM,0.807,0.9565,0.7179,0.6087,0.9412
94,SVM,0.8772,1.0,0.8372,0.72,1.0
95,SVM,0.9298,0.9886,0.875,0.7778,1.0
96,SVM,0.8246,0.9359,0.6667,0.5556,0.9487
97,SVM,0.8246,0.9436,0.6875,0.6875,0.878
98,SVM,0.8596,0.9889,0.7333,0.5789,1.0
99,SVM,0.9123,0.9832,0.8387,0.8125,0.9512
100,SVM,0.9298,0.9924,0.8667,0.8125,0.9756
101,SVM,0.8421,0.9619,0.6667,0.5625,0.9512
102,SVM,0.8596,0.9691,0.7647,0.7647,0.9
103,SVM,0.8246,0.973,0.6667,0.5,1.0
104,SVM,0.9298,0.9884,0.8333,0.7143,1.0
105,SVM,0.8596,0.9824,0.7333,0.6471,0.95
106,SVM,0.8947,0.9702,0.7,0.7,0.9362
107,SVM,0.9474,0.9915,0.9189,0.9444,0.9487
108,SVM,0.8772,0.9971,0.7407,0.5882,1.0
109,SVM,0.8596,0.971,0.7143,0.625,0.9512
110,SVM,0.8246,0.9571,0.6429,0.6,0.9048
111,SVM,0.8772,0.9698,0.7407,0.6667,0.9524
112,SVM,0.9123,0.9848,0.8276,0.75,0.9756
113,SVM,0.9474,0.9972,0.9143,0.8421,1.0
114,SVM,0.8246,0.9378,0.7368,0.7,0.8919
115,SVM,0.8772,0.9809,0.7742,0.7059,0.95
116,SVM,0.8772,0.9767,0.6957,0.5714,0.9767
117,SVM,0.8772,0.9905,0.8,0.7,0.973
118,SVM,0.8421,0.9715,0.7097,0.6111,0.9487
119,SVM,0.8421,0.971,0.8163,0.8333,0.8485
120,SVM,0.8947,0.9815,0.8125,0.7222,0.9744
121,SVM,0.9474,0.9894,0.8421,0.8,0.9787
122,SVM,0.807,0.9416,0.6667,0.6111,0.8974
123,SVM,0.9123,0.9932,0.8571,0.75,1.0
124,SVM,0.8246,0.9515,0.7059,0.6316,0.9211
125,SVM,0.8772,0.9894,0.8108,0.7143,0.9722
126,SVM,0.8421,0.963,0.7805,0.7619,0.8889
127,SVM,0.9123,0.9834,0.8,0.7143,0.9767
128,SVM,0.8947,0.9771,0.8,0.75,0.9512
129,SVM,0.7895,0.9471,0.5714,0.4706,0.925
130,SVM,0.9649,0.9985,0.9333,0.875,1.0
131,SVM,0.9474,0.9917,0.9189,0.8947,0.9737
132,SVM,0.8947,0.9938,0.8636,0.76,1.0
133,SVM,0.9123,0.9878,0.7826,0.6923,0.9773
134,SVM,0.9298,0.9884,0.8462,0.7857,0.9767
135,SVM,0.8421,0.9765,0.7273,0.6316,0.9474
136,SVM,0.8421,0.9735,0.7429,0.619,0.9722
137,SVM,0.807,0.9524,0.6667,0.5238,0.9722
138,SVM,0.8772,0.9784,0.8293,0.85,0.8919
139,SVM,0.8421,0.9831,0.7568,0.6364,0.9714
140,SVM,0.9298,0.9926,0.875,0.8235,0.975
141,SVM,0.9123,0.9802,0.8276,0.75,0.9756
142,SVM,0.9123,0.9824,0.8485,0.8235,0.95
143,SVM,0.8421,0.9693,0.7907,0.7391,0.9118
144,SVM,0.8596,0.9593,0.6,0.5,0.9556
145,SVM,0.8772,0.973,0.7586,0.7333,0.9286
146,SVM,0.8246,0.9649,0.7619,0.7273,0.8857
147,SVM,0.8596,0.9722,0.6,0.5,0.9556
148,SVM,0.8947,0.9917,0.8235,0.7368,0.9737
149,SVM,0.807,0.9404,0.3529,0.3,0.9149
150,SVM,0.9474,0.9958,0.9143,0.8421,1.0
151,SVM,0.9298,0.9847,0.75,0.75,0.9592
152,SVM,0.8947,0.9797,0.8421,0.8,0.9459
153,SVM,0.8947,0.9806,0.8333,0.7895,0.9474
154,SVM,0.8596,0.9681,0.7778,0.7368,0.9211
155,SVM,0.8246,0.9716,0.7222,0.65,0.9189
156,SVM,0.8947,0.9718,0.7692,0.7143,0.9535
157,SVM,0.9123,0.9941,0.8387,0.7647,0.975
158,SVM,0.8772,0.9838,0.8205,0.8,0.9189
159,SVM,0.9474,0.9903,0.9143,0.8421,1.0
160,SVM,0.8421,0.9588,0.6667,0.5294,0.975
161,SVM,0.8947,0.9974,0.85,0.7391,1.0
162,SVM,0.8947,0.9684,0.75,0.6429,0.9767
163,SVM,0.9123,0.9873,0.8276,0.8,0.9524
164,SVM,0.807,0.9558,0.6667,0.6111,0.8974
165,SVM,0.9123,0.9746,0.8148,0.7333,0.9762
166,SVM,0.9474,0.9939,0.8966,0.8125,1.0
167,SVM,0.8596,0.9709,0.7895,0.7143,0.9444
168,SVM,0.7895,0.9463,0.7273,0.6957,0.8529
169,SVM,0.9123,0.965,0.7826,0.6923,0.9773
170,SVM,0.9298,0.9929,0.8824,0.8333,0.9744
171,SVM,0.7895,0.9381,0.5,0.4,0.9286
172,SVM,0.8596,0.9762,0.8,0.7619,0.9167
173,SVM,0.8772,0.9987,0.8108,0.6818,1.0
174,SVM,0.8421,0.9788,0.7429,0.619,0.9722
175,SVM,0.9123,0.981,0.8148,0.7333,0.9762
176,SVM,0.8596,0.9543,0.7143,0.625,0.9512
177,SVM,0.8947,0.9802,0.7,0.6364,0.9565
178,SVM,0.8246,0.9524,0.6429,0.6,0.9048
179,SVM,0.8772,0.9518,0.7407,0.7143,0.9302
180,SVM,0.8772,0.9771,0.72,0.5625,1.0
181,SVM,0.8772,0.9738,0.72,0.6923,0.9318
182,SVM,0.8246,0.9544,0.7059,0.6667,0.8974
183,SVM,0.9123,0.9743,0.7619,0.7273,0.9565
184,SVM,0.9123,0.9867,0.8,0.7143,0.9767
185,SVM,0.8772,0.9767,0.7407,0.7143,0.9302
186,SVM,0.8772,0.9828,0.8205,0.7619,0.9444
187,SVM,0.7895,0.9412,0.5714,0.4706,0.925
188,SVM,0.807,0.9565,0.7179,0.6087,0.9412
189,SVM,0.9123,0.9947,0.8718,0.8095,0.9722
190,SVM,0.9298,0.9878,0.8667,0.8125,0.9756
191,SVM,0.8596,0.9802,0.7895,0.7143,0.9444
192,SVM,0.8596,0.9765,0.75,0.7059,0.925
193,SVM,0.9123,0.9824,0.8485,0.8235,0.95
194,SVM,0.8421,0.9749,0.7568,0.6667,0.9444
195,SVM,0.9123,0.9892,0.8718,0.85,0.9459
196,SVM,0.8772,0.9729,0.7879,0.7222,0.9487
197,SVM,0.8947,0.9843,0.8125,0.7222,0.9744
198,SVM,0.9474,0.9878,0.9032,0.875,0.9756
199,SVM,0.8421,0.9668,0.6087,0.5,0.9535
200,SVM,0.8246,0.9618,0.6429,0.5294,0.95
201,SVM,0.8246,0.9616,0.7368,0.6667,0.9167
202,SVM,0.8947,0.9696,0.85,0.8095,0.9444
203,SVM,0.9123,0.9842,0.7619,0.7273,0.9565
204,SVM,0.9298,0.9858,0.8889,0.8889,0.9487
205,SVM,0.8596,0.9771,0.7143,0.625,0.9512
206,SVM,0.8421,0.9737,0.7429,0.6842,0.9211
207,SVM,0.807,0.9559,0.6207,0.5294,0.925
208,SVM,0.9123,0.9841,0.8718,0.8095,0.9722
209,SVM,0.8772,0.99,0.8444,0.76,0.9688
210,SVM,0.8947,0.9857,0.75,0.6,1.0
211,SVM,0.8596,0.9635,0.7895,0.75,0.9189
212,SVM,0.8947,0.9868,0.8,0.7059,0.975
213,SVM,0.9123,1.0,0.8,0.6667,1.0
214,SVM,0.8947,0.9723,0.8125,0.6842,1.0
215,SVM,0.8772,0.9734,0.7407,0.7143,0.9302
216,SVM,0.807,0.9471,0.6667,0.6471,0.875
217,SVM,0.9649,0.9889,0.9167,0.9167,0.9778
218,SVM,0.8772,0.9716,0.8108,0.75,0.9459
219,SVM,0.9298,0.9941,0.8,0.7273,0.9783
220,SVM,0.8596,0.9817,0.6364,0.5,0.9767
221,SVM,0.9123,0.985,0.8276,0.8571,0.9302
222,SVM,0.8772,0.982,0.8108,0.7895,0.9211
223,SVM,0.9123,0.9726,0.8148,0.6875,1.0
224,SVM,0.8947,0.9872,0.8125,0.7222,0.9744
225,SVM,0.8596,0.9669,0.8,0.7619,0.9167
226,SVM,0.8947,0.973,0.8235,0.7,1.0
227,SVM,0.9298,0.9921,0.8947,0.8095,1.0
228,SVM,0.8596,0.9843,0.7333,0.6111,0.9744
229,SVM,0.807,0.9573,0.6667,0.6111,0.8974
230,SVM,0.8246,0.9643,0.7368,0.6667,0.9167
231,SVM,0.8596,0.9672,0.7647,0.7222,0.9231
232,SVM,0.807,0.9458,0.4762,0.3846,0.9318
233,SVM,0.807,0.9568,0.6857,0.6,0.9189
234,SVM,0.8772,0.9765,0.8,0.8235,0.9
235,SVM,0.8596,0.9828,0.7778,0.6667,0.9722
236,SVM,0.8246,0.9622,0.7222,0.65,0.9189
237,SVM,0.8421,0.9758,0.6897,0.5556,0.9744
238,SVM,0.9123,0.9858,0.8485,0.7778,0.9744
239,SVM,0.9474,0.9945,0.9231,0.9474,0.9474
240,SVM,0.9123,0.9972,0.8387,0.7222,1.0
241,SVM,0.8947,0.9758,0.8125,0.7222,0.9744
242,SVM,0.8772,0.9792,0.8205,0.7273,0.9714
243,SVM,0.8947,0.9786,0.8333,0.8333,0.9231
244,SVM,0.8596,0.9778,0.75,0.6316,0.9737
245,SVM,0.8947,0.9787,0.8235,0.875,0.9024
246,SVM,0.8421,0.9563,0.6667,0.6923,0.8864
247,SVM,0.8947,0.9945,0.8125,0.6842,1.0
248,SVM,0.8772,0.9744,0.8205,0.6957,1.0
249,SVM,0.8421,0.9878,0.7097,0.55,1.0
250,SVM,0.8246,0.9712,0.7727,0.68,0.9375
251,SVM,0.7544,0.9037,0.5333,0.5714,0.814
252,SVM,0.9123,0.9947,0.8718,0.8095,0.9722
253,SVM,0.8947,0.9771,0.7857,0.6875,0.9756
254,SVM,0.8246,0.9762,0.7222,0.619,0.9444
255,SVM,0.8421,0.958,0.64,0.6154,0.9091
256,SVM,0.8947,0.9685,0.75,0.75,0.9333
257,SVM,0.8772,0.9784,0.72,0.6429,0.9535
258,SVM,0.9123,0.9825,0.8387,0.8667,0.9286
259,SVM,0.8772,0.9709,0.8108,0.7143,0.9722
260,SVM,0.7895,0.9265,0.6,0.5294,0.9
261,SVM,0.9298,0.9889,0.8333,0.8333,0.9556
262,SVM,0.807,0.9455,0.7179,0.6364,0.9143
263,SVM,0.8596,0.9741,0.6923,0.5625,0.9756
264,SVM,0.9474,0.9937,0.9032,0.9333,0.9524
265,SVM,0.8772,0.9762,0.8205,0.7619,0.9444
266,SVM,0.9298,0.9872,0.7778,0.875,0.9388
267,SVM,0.9298,0.9909,0.9,0.8182,1.0
268,SVM,0.7895,0.9413,0.5385,0.4667,0.9048
269,SVM,0.8772,0.9889,0.7742,0.6316,1.0
270,SVM,0.9123,0.9822,0.7059,0.5455,1.0
271,SVM,0.8947,0.9838,0.8333,0.75,0.973
272,SVM,0.8947,0.9907,0.8421,0.7619,0.9722
273,SVM,0.8596,0.9706,0.7778,0.8235,0.875
274,SVM,0.8596,0.9618,0.6923,0.6429,0.9302
275,SVM,0.8246,0.9824,0.6875,0.55,0.973
276,SVM,0.9298,0.9802,0.7778,0.6364,1.0
277,SVM,0.8246,0.9815,0.6154,0.4444,1.0
278,SVM,0.8947,0.9852,0.7273,0.6667,0.9556
279,SVM,0.9474,0.9926,0.9091,0.8824,0.975
280,SVM,0.8421,0.9695,0.7273,0.6316,0.9474
281,SVM,0.8947,0.9818,0.8636,0.8636,0.9143
282,SVM,0.8772,0.9676,0.7879,0.7647,0.925
283,SVM,0.9474,0.9903,0.9189,0.8947,0.9737
284,SVM,0.8947,0.9695,0.8,0.75,0.9512
285,SVM,0.8596,0.9635,0.6923,0.6,0.9524
286,SVM,0.8772,0.9882,0.7586,0.6471,0.975
287,SVM,0.8947,0.9897,0.8,0.7059,0.975
288,SVM,0.8246,0.9497,0.6875,0.6875,0.878
289,SVM,0.9298,0.9886,0.8889,0.8889,0.9487
290,SVM,0.8947,0.9746,0.8,0.8,0.9286
291,SVM,0.8596,0.9771,0.6923,0.5625,0.9756
292,SVM,0.8772,0.9648,0.6957,0.6667,0.9333
293,SVM,0.8772,0.9824,0.7879,0.7647,0.925
294,SVM,0.8772,0.9765,0.7879,0.7647,0.925
295,SVM,0.8772,0.9829,0.7742,0.6667,0.9744
296,SVM,0.8596,0.9831,0.7895,0.6818,0.9714
297,SVM,0.9123,0.9726,0.8276,0.75,0.9756
298,SVM,0.9123,0.9817,0.8276,0.75,0.9756
299,SVM,0.8947,0.9848,0.7857,0.6875,0.9756
300,SVM,0.8596,0.9756,0.7333,0.6875,0.9268
301,SVM,0.8596,0.9721,0.7647,0.7647,0.9
302,SVM,0.8947,0.9751,0.7857,0.7857,0.9302
303,SVM,0.9474,0.9962,0.9333,0.875,1.0
304,SVM,0.8772,0.9779,0.7879,0.7647,0.925
305,SVM,0.8947,0.9716,0.8333,0.75,0.973
306,SVM,0.8772,1.0,0.7742,0.6316,1.0
307,SVM,0.9298,0.9809,0.8824,0.8824,0.95
308,SVM,0.807,0.9537,0.6857,0.5714,0.9444
309,SVM,0.9123,0.9967,0.7826,0.6429,1.0
310,SVM,0.7895,0.9325,0.7,0.6667,0.8611
311,SVM,0.8421,0.9669,0.7429,0.619,0.9722
312,SVM,0.8772,0.9802,0.7742,0.75,0.9268
313,SVM,0.8947,0.9972,0.8125,0.6842,1.0
314,SVM,0.9298,0.9851,0.7778,0.7,0.9787
315,SVM,0.9123,0.9825,0.7826,0.6923,0.9773
316,SVM,0.9474,0.998,0.88,1.0,0.9348
317,SVM,0.8772,0.9741,0.6957,0.6667,0.9333
318,SVM,0.8772,0.9635,0.7586,0.7333,0.9286
319,SVM,0.8596,0.9612,0.7778,0.7368,0.9211
320,SVM,0.8947,0.9794,0.7857,0.7333,0.9524
321,SVM,0.8772,0.9872,0.8372,0.7826,0.9412
322,SVM,0.9123,0.9893,0.8276,0.75,0.9756
323,SVM,0.8246,0.9405,0.7368,0.7,0.8919
324,SVM,0.9123,0.9758,0.8571,0.8333,0.9487
325,SVM,0.807,0.9488,0.7442,0.6957,0.8824
326,SVM,0.9123,0.9838,0.8485,0.8235,0.95
327,SVM,0.8596,0.9834,0.8,0.6957,0.9706
328,SVM,0.9474,0.9848,0.8966,0.8125,1.0
329,SVM,0.8421,0.9665,0.6667,0.5625,0.9512
330,SVM,0.9298,0.9962,0.9048,0.8261,1.0
331,SVM,0.8246,1.0,0.7059,0.5455,1.0
332,SVM,0.8772,0.9794,0.7407,0.6667,0.9524
333,SVM,0.8947,0.9815,0.85,0.8095,0.9444
334,SVM,0.807,0.9497,0.7317,0.7143,0.8611
335,SVM,0.8421,0.9817,0.64,0.5,0.9756
336,SVM,0.8772,0.9825,0.7407,0.6667,0.9524
337,SVM,0.9123,0.9934,0.8649,0.7619,1.0
338,SVM,0.9298,0.9912,0.8824,0.8824,0.95
339,SVM,0.8947,0.9886,0.8,0.6667,1.0
340,SVM,0.8596,0.977,0.7895,0.75,0.9189
341,SVM,0.8772,0.9848,0.7879,0.6842,0.9737
342,SVM,0.8772,0.9734,0.7586,0.7857,0.907
343,SVM,0.8421,0.9585,0.64,0.7273,0.8696
344,SVM,0.8596,0.9672,0.75,0.6667,0.9487
345,SVM,0.8246,0.9608,0.7222,0.65,0.9189
346,SVM,0.8421,0.939,0.6897,0.625,0.9268
347,SVM,0.8596,0.9893,0.6923,0.5625,0.9756
348,SVM,0.8596,0.9909,0.7895,0.6818,0.9714
349,SVM,0.9123,0.9772,0.8485,0.7778,0.9744
350,SVM,0.9298,0.9945,0.8889,0.8421,0.9737
351,SVM,0.8947,0.971,0.8,0.75,0.9512
352,SVM,0.8596,0.9615,0.6667,0.6154,0.9318
353,SVM,0.7544,0.927,0.5882,0.5,0.8919
354,SVM,0.8947,0.9794,0.8,0.8,0.9286
355,SVM,0.9474,1.0,0.8889,0.8,1.0
356,SVM,0.8596,0.9556,0.7333,0.7333,0.9048
357,SVM,0.8246,0.9658,0.6875,0.6111,0.9231
358,SVM,0.8421,0.9571,0.7429,0.6842,0.9211
359,SVM,0.8947,1.0,0.8571,0.75,1.0
360,SVM,0.8421,0.9629,0.7907,0.7391,0.9118
361,SVM,0.8596,0.9714,0.8,0.7273,0.9429
362,SVM,0.8246,0.9709,0.7222,0.619,0.9444
363,SVM,0.7544,0.9693,0.6111,0.4783,0.9412
364,SVM,0.8947,0.979,0.7692,0.7692,0.9318
365,SVM,0.8947,0.9825,0.7692,0.7692,0.9318
366,SVM,0.9123,0.9917,0.7826,0.6429,1.0
367,SVM,0.9825,0.9948,0.96,0.9231,1.0
368,SVM,0.8947,0.981,0.7857,0.7333,0.9524
369,SVM,0.9298,0.993,0.8462,0.8462,0.9545
370,SVM,0.8772,0.966,0.5333,0.4,0.9787
371,SVM,0.9474,0.9986,0.9143,0.8421,1.0
372,SVM,0.8596,0.9757,0.7647,0.65,0.973
373,SVM,0.8947,0.9758,0.8235,0.7778,0.9487
374,SVM,0.807,0.9404,0.6452,0.5263,0.9474
375,SVM,0.8947,0.9824,0.8,0.7059,0.975
376,SVM,0.9474,0.9972,0.9091,0.8333,1.0
377,SVM,0.8596,0.9492,0.7333,0.7333,0.9048
378,SVM,0.9123,0.9772,0.8571,0.8333,0.9487
379,SVM,0.8947,0.9919,0.8235,0.7,1.0
380,SVM,0.8596,0.9847,0.8,0.6957,0.9706
381,SVM,0.8772,0.9684,0.7407,0.7143,0.9302
382,SVM,0.8421,0.9528,0.5714,0.4615,0.9545
383,SVM,0.8772,0.9723,0.6957,0.7273,0.913
384,SVM,0.7544,0.928,0.7083,0.6538,0.8387
385,SVM,0.9298,0.9924,0.875,0.875,0.9512
386,SVM,0.8596,0.9634,0.6923,0.5625,0.9756
387,SVM,0.8947,0.9926,0.8,0.7059,0.975
388,SVM,0.9298,0.9948,0.8333,0.7692,0.9773
389,SVM,0.8596,0.9618,0.7143,0.7143,0.907
390,SVM,0.8596,0.9618,0.6923,0.6429,0.9302
391,SVM,0.7895,0.9339,0.6842,0.619,0.8889
392,SVM,0.8421,0.9644,0.7568,0.7778,0.8718
393,SVM,0.9123,1.0,0.8,0.6667,1.0
394,SVM,0.9123,0.9758,0.8571,0.8333,0.9487
395,SVM,0.9123,0.9875,0.8571,0.7895,0.9737
396,SVM,0.8947,0.9779,0.8,0.7059,0.975
397,SVM,0.8421,0.9881,0.7429,0.619,0.9722
398,SVM,0.9649,1.0,0.9412,0.8889,1.0
399,SVM,0.9474,0.9956,0.9091,0.8824,0.975
400,SVM,0.8947,0.9921,0.8235,0.9333,0.881
401,SVM,0.8947,0.9784,0.75,0.6429,0.9767
402,SVM,0.8421,0.9634,0.6897,0.625,0.9268
403,SVM,0.8772,0.9954,0.72,0.5625,1.0
404,SVM,0.8596,0.9485,0.7143,0.7143,0.907
405,SVM,0.9123,0.9859,0.8837,0.8261,0.9706
406,SVM,0.7719,0.9131,0.5806,0.5625,0.8537
407,SVM,0.8246,0.9632,0.6875,0.6471,0.9
408,SVM,0.8947,0.9898,0.8636,0.8261,0.9412
409,SVM,0.8421,0.974,0.7805,0.7273,0.9143
410,SVM,0.9298,1.0,0.8889,0.8,1.0
411,SVM,0.9298,0.9926,0.8889,0.9412,0.925
412,SVM,0.7719,0.9446,0.6061,0.5263,0.8947
413,SVM,0.8947,0.9934,0.8421,0.7619,0.9722
414,SVM,0.8421,0.9573,0.7429,0.7222,0.8974
415,SVM,0.9123,0.9668,0.8148,0.8462,0.9318
416,SVM,0.8772,0.9741,0.7742,0.75,0.9268
417,SVM,0.8772,0.9778,0.8,0.7368,0.9474
418,SVM,0.8772,0.987,0.8293,0.7727,0.9429
419,SVM,0.9298,0.9714,0.8462,0.7333,1.0
420,SVM,0.9123,0.9867,0.8148,0.7857,0.9535
421,SVM,0.9298,0.9824,0.8947,0.85,0.973
422,SVM,0.8947,0.9892,0.8421,0.8,0.9459
423,SVM,0.8947,0.9868,0.8333,0.8824,0.9
424,SVM,0.9649,1.0,0.9412,0.8889,1.0
425,SVM,0.8772,0.9815,0.8293,0.8095,0.9167
426,SVM,0.9123,0.9834,0.8,0.7143,0.9767
427,SVM,0.8947,0.9854,0.85,0.8095,0.9444
428,SVM,0.9298,0.993,0.8182,0.6923,1.0
429,SVM,0.8596,0.9801,0.7333,0.6111,0.9744
430,SVM,0.9298,0.9894,0.9,0.8571,0.9722
431,SVM,0.8947,0.9847,0.8636,0.8261,0.9412
432,SVM,0.8772,0.9633,0.72,0.6923,0.9318
433,SVM,0.8596,0.9741,0.6923,0.5625,0.9756
434,SVM,0.9474,0.9941,0.9032,0.8235,1.0
435,SVM,0.8246,0.9588,0.7059,0.7059,0.875
436,SVM,0.9123,0.9838,0.8649,0.8,0.973
437,SVM,0.9298,0.9832,0.8667,0.8125,0.9756
438,SVM,0.8421,0.9333,0.6087,0.5833,0.9111
439,SVM,0.8772,0.9784,0.8108,0.75,0.9459
440,SVM,0.8421,0.9385,0.6667,0.6429,0.907
441,SVM,0.9474,0.9956,0.9032,0.8235,1.0
442,SVM,0.9298,0.9808,0.8462,0.8462,0.9545
443,SVM,0.8772,0.9695,0.8108,0.7895,0.9211
444,SVM,0.8421,0.9647,0.7429,0.7647,0.875
445,SVM,0.8421,0.9603,0.7097,0.6471,0.925
446,SVM,0.8246,0.9603,0.6667,0.6667,0.881
447,SVM,0.8947,0.9794,0.8,0.7059,0.975
448,SVM,0.8772,0.9778,0.7586,0.7333,0.9286
449,SVM,0.8772,0.9765,0.7879,0.7647,0.925
450,SVM,0.7368,0.9634,0.5946,0.4583,0.9394
451,SVM,0.8596,0.9857,0.7895,0.6818,0.9714
452,SVM,0.8421,0.9751,0.7097,0.5789,0.9737
453,SVM,0.9123,0.9985,0.8148,0.6875,1.0
454,SVM,0.8772,0.9687,0.7879,0.7222,0.9487
455,SVM,0.9474,0.995,0.8889,0.8571,0.9767
456,SVM,0.7895,0.9368,0.6667,0.7059,0.825
457,SVM,0.8246,0.9588,0.6667,0.5882,0.925
458,SVM,0.9123,1.0,0.8387,0.7222,1.0
459,SVM,0.8421,0.9706,0.6897,0.5882,0.95
460,SVM,0.8246,0.9734,0.5455,0.4286,0.9535
461,SVM,0.8246,0.961,0.7368,0.6364,0.9429
462,SVM,0.8596,0.9801,0.75,0.6667,0.9487
463,SVM,0.8596,0.9757,0.7647,0.65,0.973
464,SVM,0.8596,0.9834,0.8,0.6957,0.9706
465,SVM,0.7544,0.9335,0.5882,0.5263,0.8684
466,SVM,0.8421,0.9788,0.7568,0.6667,0.9444
467,SVM,0.8421,0.9587,0.7097,0.7333,0.881
468,SVM,0.8596,0.9662,0.7895,0.6818,0.9714
469,SVM,0.9123,0.9886,0.8485,0.7778,0.9744
470,SVM,0.9123,0.981,0.8148,0.7333,0.9762
471,SVM,0.8421,0.9543,0.7273,0.75,0.878
472,SVM,0.9298,0.9917,0.8824,0.7895,1.0
473,SVM,0.8246,0.9616,0.7368,0.6667,0.9167
474,SVM,0.8772,0.9687,0.8,0.7778,0.9231
475,SVM,0.9649,1.0,0.9231,1.0,0.9556
476,SVM,0.9474,0.9843,0.8696,0.7692,1.0
477,SVM,0.9474,0.9905,0.8966,0.8667,0.9762
478,SVM,0.8772,0.9834,0.72,0.6429,0.9535
479,SVM,0.8421,0.9423,0.6087,0.5385,0.9318
480,SVM,0.8772,0.9649,0.7586,0.6875,0.9512
481,SVM,0.9298,0.9857,0.8571,0.8,0.9762
482,SVM,0.8947,0.9972,0.8125,0.6842,1.0
483,SVM,0.8421,0.9963,0.7907,0.6538,1.0
484,SVM,0.8421,0.9608,0.7429,0.65,0.9459
485,SVM,0.9298,0.9853,0.8667,0.7647,1.0
486,SVM,0.9298,0.9833,0.8182,0.75,0.9778
487,SVM,0.8246,0.9573,0.6875,0.6111,0.9231
488,SVM,0.8772,0.9734,0.7407,0.7143,0.9302
489,SVM,0.9474,0.9894,0.8571,0.9,0.9574
490,SVM,0.7895,0.9368,0.625,0.5882,0.875
491,SVM,0.7719,0.9716,0.5517,0.4,0.973
492,SVM,0.8772,0.9815,0.8205,0.7619,0.9444
493,SVM,0.8772,0.9794,0.7742,0.7059,0.95
494,SVM,0.9474,0.9971,0.9032,0.8235,1.0
495,SVM,0.8947,0.9634,0.8125,0.8125,0.9268
496,SVM,0.8947,0.9867,0.7692,0.7143,0.9535
497,SVM,0.9298,0.9842,0.8,0.7273,0.9783
498,SVM,0.8772,0.9772,0.7879,0.7222,0.9487
499,SVM,0.8421,0.9618,0.7097,0.6471,0.925
500,SVM,0.9123,0.9843,0.8485,0.7778,0.9744
501,SVM,0.9474,0.9921,0.8696,0.9091,0.9565
502,SVM,0.9298,0.9829,0.8889,0.8889,0.9487
503,SVM,0.807,0.9604,0.7442,0.6957,0.8824
504,SVM,0.8246,0.943,0.6667,0.5556,0.9487
505,SVM,0.8246,0.9677,0.7826,0.6923,0.9355
506,SVM,0.8596,0.9603,0.7647,0.7647,0.9
507,SVM,0.807,0.963,0.6207,0.5,0.9487
508,SVM,0.8772,0.9701,0.7879,0.7222,0.9487
509,SVM,0.8596,0.9861,0.75,0.6316,0.9737
510,SVM,0.9298,0.9861,0.8889,0.8421,0.9737
511,SVM,0.8772,0.9649,0.7879,0.65,1.0
512,SVM,0.8947,0.973,0.8421,0.8,0.9459
513,SVM,0.8421,0.9802,0.7429,0.619,0.9722
514,SVM,0.8947,1.0,0.85,0.7391,1.0
515,SVM,0.9123,0.9703,0.7826,0.6923,0.9773
516,SVM,0.9123,0.9825,0.8148,0.7333,0.9762
517,SVM,0.8421,0.9626,0.7273,0.6316,0.9474
518,SVM,0.9298,0.9912,0.8824,0.8824,0.95
519,SVM,0.8421,0.974,0.7805,0.7273,0.9143
520,SVM,0.8246,0.9468,0.6154,0.5714,0.907
521,SVM,0.8246,0.9727,0.7368,0.6364,0.9429
522,SVM,0.9474,0.9944,0.88,0.9167,0.9556
523,SVM,0.807,0.9917,0.5926,0.4211,1.0
524,SVM,0.8772,0.9585,0.72,0.6429,0.9535
525,SVM,0.8772,0.9844,0.8293,0.7727,0.9429
526,SVM,0.9298,0.9924,0.8571,0.75,1.0
527,SVM,0.8947,0.9867,0.7273,0.5714,1.0
528,SVM,0.8596,0.9635,0.7143,0.7143,0.907
529,SVM,0.8596,0.9618,0.7143,0.7143,0.907
530,SVM,0.8947,0.9824,0.8571,0.9,0.8919
531,SVM,0.8772,0.9784,0.8108,0.75,0.9459
532,SVM,0.8421,0.9662,0.7429,0.5909,1.0
533,SVM,0.7544,0.9511,0.5882,0.4762,0.9167
534,SVM,0.9298,0.9941,0.8824,0.8824,0.95
535,SVM,0.8246,0.9651,0.5833,0.4667,0.9524
536,SVM,0.8947,0.985,0.75,0.6429,0.9767
537,SVM,0.9123,0.9852,0.7368,0.5833,1.0
538,SVM,0.8772,0.963,0.72,0.75,0.9111
539,SVM,0.9474,1.0,0.9091,0.8333,1.0
540,SVM,0.9298,0.9767,0.8333,0.7143,1.0
541,SVM,0.9474,0.986,0.88,0.8462,0.9773
542,SVM,0.8246,0.9691,0.6429,0.5294,0.95
543,SVM,0.8596,0.9695,0.7143,0.625,0.9512
544,SVM,0.8772,0.9765,0.8,0.7368,0.9474
545,SVM,0.9298,0.9905,0.8571,0.8,0.9762
546,SVM,0.9298,0.993,0.8462,0.8462,0.9545
547,SVM,0.8596,0.9784,0.7778,0.7,0.9459
548,SVM,0.9298,0.996,0.9,0.8571,0.9722
549,SVM,0.8421,0.9619,0.6897,0.6667,0.9048
550,SVM,0.9474,1.0,0.9231,0.8571,1.0
551,SVM,0.8246,0.9529,0.7222,0.6842,0.8947
552,SVM,0.9123,0.9841,0.8276,0.8,0.9524
553,SVM,0.8421,0.9573,0.7097,0.6875,0.9024
554,SVM,0.8596,0.9802,0.7143,0.625,0.9512
555,SVM,0.8421,0.9603,0.7568,0.6667,0.9444
556,SVM,0.7544,0.9216,0.5882,0.5,0.8919
557,SVM,0.8772,0.972,0.72,0.6923,0.9318
558,SVM,0.9123,0.9868,0.8387,0.7647,0.975
559,SVM,0.8421,0.9751,0.7273,0.6316,0.9474
560,SVM,0.7719,0.959,0.5806,0.4286,0.9722
561,SVM,0.8246,0.9644,0.6429,0.5,0.9744
562,SVM,0.9123,0.99,0.8276,0.8571,0.9302
563,SVM,0.9649,0.9872,0.9,0.9,0.9787
564,SVM,0.9649,0.9965,0.9167,0.8462,1.0
565,SVM,0.8772,0.9848,0.7407,0.625,0.9756
566,SVM,0.8772,0.977,0.8372,0.7826,0.9412
567,SVM,0.9649,0.9965,0.9231,0.9231,0.9773
568,SVM,0.9474,0.9926,0.88,0.9167,0.9556
569,SVM,0.7544,0.9211,0.5882,0.5263,0.8684
570,SVM,0.9123,0.9882,0.8485,0.8235,0.95
571,SVM,0.8421,0.9889,0.7097,0.5789,0.9737
572,SVM,0.9123,0.985,0.8276,0.8571,0.9302
573,SVM,0.8596,0.9618,0.7333,0.7857,0.8837
574,SVM,0.9123,0.9834,0.8148,0.7857,0.9535
575,SVM,0.8596,0.963,0.7647,0.7222,0.9231
576,SVM,0.9298,0.9857,0.8571,0.8,0.9762
577,SVM,0.7895,0.9294,0.6842,0.6842,0.8421
578,SVM,0.8246,0.9369,0.5833,0.5,0.9302
579,SVM,0.8772,0.9957,0.7586,0.6111,1.0
580,SVM,0.9123,0.9863,0.8485,0.875,0.9268
581,SVM,0.8421,0.9421,0.6667,0.5625,0.9512
582,SVM,0.8947,0.9815,0.7273,0.6667,0.9556
583,SVM,0.8421,0.9463,0.5714,0.5,0.9333
584,SVM,0.9474,0.9954,0.9032,0.875,0.9756
585,SVM,0.9298,0.9934,0.8571,0.8571,0.9535
586,SVM,0.9123,0.986,0.8,0.7692,0.9545
587,SVM,0.9123,0.99,0.8649,0.8889,0.9231
588,SVM,0.8596,0.9598,0.7778,0.7368,0.9211
589,SVM,0.8772,0.9765,0.7586,0.6471,0.975
590,SVM,0.8947,0.9831,0.8636,0.8636,0.9143
591,SVM,0.8947,0.9844,0.8636,0.8636,0.9143
592,SVM,0.9474,0.9971,0.9091,0.8824,0.975
593,SVM,0.8421,0.9766,0.7568,0.6364,0.9714
594,SVM,0.8596,0.9721,0.7333,0.6471,0.95
595,SVM,0.8246,0.9644,0.6875,0.6111,0.9231
596,SVM,0.8772,0.9695,0.8108,0.7895,0.9211
597,SVM,0.8947,0.9735,0.8421,0.7619,0.9722
598,SVM,0.8772,0.9701,0.6957,0.5714,0.9767
599,SVM,0.9649,1.0,0.8889,0.8,1.0
600,SVM,0.9649,0.997,0.9333,0.875,1.0
601,SVM,0.8596,0.9508,0.6667,0.5333,0.9762
602,SVM,0.9298,0.9889,0.8667,0.8667,0.9524
603,SVM,0.9123,0.9897,0.8485,0.8235,0.95
604,SVM,0.8772,0.979,0.6957,0.6154,0.9545
605,SVM,0.8772,0.9779,0.7742,0.7059,0.95
606,SVM,0.9123,0.9806,0.8571,0.7895,0.9737
607,SVM,0.9123,0.9832,0.8387,0.8125,0.9512
608,SVM,0.9123,0.9815,0.8571,0.8333,0.9487
609,SVM,0.7544,0.947,0.65,0.5417,0.9091
610,SVM,0.8772,0.9841,0.72,0.6,0.9762
611,SVM,0.8421,0.9632,0.6897,0.5882,0.95
612,SVM,0.8947,0.9853,0.8,0.7059,0.975
613,SVM,0.9474,0.9882,0.9032,0.8235,1.0
614,SVM,0.8596,0.9618,0.7647,0.7647,0.9
615,SVM,0.9298,0.9893,0.8571,0.75,1.0
616,SVM,0.9123,0.9941,0.8276,0.7059,1.0
617,SVM,0.8246,0.9568,0.6429,0.6429,0.8837
618,SVM,0.8596,0.9618,0.7647,0.7647,0.9
619,SVM,0.8772,0.9709,0.8,0.7368,0.9474
620,SVM,0.8596,0.9623,0.7895,0.6818,0.9714
621,SVM,0.8596,0.9668,0.6,0.4615,0.9773
622,SVM,0.8947,0.982,0.8421,0.8421,0.9211
623,SVM,0.7895,0.9597,0.6667,0.5455,0.9429
624,SVM,0.9123,0.9919,0.8718,0.85,0.9459
625,SVM,0.9298,0.9868,0.875,0.8235,0.975
626,SVM,0.9825,0.9921,0.9524,0.9091,1.0
627,SVM,0.8772,0.9854,0.8108,0.7143,0.9722
628,SVM,0.8772,0.9685,0.7407,0.7692,0.9091
629,SVM,0.8772,0.972,0.7586,0.8462,0.8864
630,SVM,0.8947,0.9784,0.7692,0.7143,0.9535
631,SVM,0.7895,0.9563,0.6667,0.5714,0.9167
632,SVM,0.807,0.8841,0.5926,0.5,0.9268
633,SVM,0.8772,0.9563,0.72,0.6923,0.9318
634,SVM,0.8947,0.9763,0.7273,0.7273,0.9348
635,SVM,0.9474,0.9946,0.9231,0.9,0.973
636,SVM,0.8947,0.9794,0.8,0.7059,0.975
637,SVM,0.9298,0.9857,0.8667,0.8667,0.9524
638,SVM,0.8772,0.9898,0.8293,0.7391,0.9706
639,SVM,0.8421,0.9706,0.7429,0.7647,0.875
640,SVM,0.8947,0.9806,0.8421,0.8421,0.9211
641,SVM,0.8246,0.9573,0.6875,0.6875,0.878
642,SVM,0.9298,0.9893,0.875,0.875,0.9512
643,SVM,0.8596,0.9676,0.7333,0.6471,0.95
644,SVM,0.9123,1.0,0.8485,0.7368,1.0
645,SVM,0.8421,0.968,0.6667,0.5625,0.9512
646,SVM,0.8947,0.9817,0.7692,0.7143,0.9535
647,SVM,0.8246,0.9619,0.6154,0.5,0.9512
648,SVM,0.8947,0.9868,0.85,0.8095,0.9444
649,SVM,0.8772,0.9829,0.7879,0.7222,0.9487
650,SVM,0.8772,0.971,0.7742,0.75,0.9268
651,SVM,0.8596,0.9737,0.7778,0.7368,0.9211
652,SVM,0.8596,0.9758,0.75,0.6667,0.9487
653,SVM,0.9298,0.9882,0.8824,0.8824,0.95
654,SVM,0.7895,0.9377,0.6842,0.5909,0.9143
655,SVM,0.8947,0.9672,0.8125,0.7222,0.9744
656,SVM,0.8421,0.9691,0.6897,0.5882,0.95
657,SVM,0.9298,0.9892,0.8889,0.8,1.0
658,SVM,0.9474,0.9939,0.9032,0.875,0.9756
659,SVM,0.8246,0.9696,0.7222,0.619,0.9444
660,SVM,0.8596,0.9792,0.7333,0.5789,1.0
661,SVM,0.8246,0.9772,0.6154,0.4444,1.0
662,SVM,0.9474,0.9941,0.9091,0.8824,0.975
663,SVM,0.8421,0.9676,0.7429,0.65,0.9459
664,SVM,0.8421,0.95,0.7097,0.6471,0.925
665,SVM,0.8947,0.9834,0.8125,0.9286,0.8837
666,SVM,0.8596,0.9706,0.7647,0.7647,0.9
667,SVM,0.8421,0.9481,0.6087,0.5833,0.9111
668,SVM,0.8772,0.9805,0.8205,0.7273,0.9714
669,SVM,0.9123,0.9786,0.8485,0.7778,0.9744
670,SVM,0.8947,0.9773,0.7273,0.6154,0.9773
671,SVM,0.9123,0.9905,0.8718,0.85,0.9459
672,SVM,0.8772,0.9601,0.7742,0.6667,0.9744
673,SVM,0.807,0.9676,0.5926,0.4706,0.95
674,SVM,0.9123,0.9889,0.8571,0.7895,0.9737
675,SVM,0.8246,0.9612,0.7222,0.6842,0.8947
676,SVM,0.8947,0.9868,0.8,0.7059,0.975
677,SVM,0.8772,0.9751,0.72,0.6429,0.9535
678,SVM,0.8947,0.982,0.85,0.8947,0.8947
679,SVM,0.8421,0.9459,0.7429,0.65,0.9459
680,SVM,0.8947,0.9767,0.7273,0.5714,1.0
681,SVM,0.7544,0.9405,0.6316,0.5714,0.8611
682,SVM,0.8772,0.965,0.6957,0.6154,0.9545
683,SVM,0.8947,0.9886,0.8235,0.7778,0.9487
684,SVM,0.8947,0.9897,0.8,0.7059,0.975
685,SVM,0.9298,0.9838,0.8889,0.8,1.0
686,SVM,0.8421,0.95,0.5714,0.5,0.9333
687,SVM,0.8421,0.9581,0.7692,0.75,0.8919
688,SVM,0.9474,1.0,0.8889,1.0,0.9333
689,SVM,0.807,0.9655,0.7317,0.6522,0.9118
690,SVM,0.8246,0.9519,0.5833,0.5833,0.8889
691,SVM,0.8596,0.9458,0.6923,0.6923,0.9091
692,SVM,0.9474,0.9965,0.8889,0.9231,0.9545
693,SVM,0.8947,0.9832,0.8,0.75,0.9512
694,SVM,0.9474,0.9905,0.9189,0.85,1.0
695,SVM,0.8947,0.9758,0.8125,0.7222,0.9744
696,SVM,0.8246,0.9811,0.6875,0.55,0.973
697,SVM,0.8596,0.991,0.8,0.6957,0.9706
698,SVM,0.8421,0.9584,0.7692,0.6818,0.9429
699,SVM,0.8421,0.9886,0.6897,0.5556,0.9744
700,SVM,0.8947,0.9794,0.8,0.8,0.9286
701,SVM,0.9298,0.99,0.8462,0.7857,0.9767
702,SVM,0.8421,0.9763,0.8,0.72,0.9375
703,SVM,0.8947,1.0,0.8421,0.7273,1.0
704,SVM,0.8596,0.981,0.6923,0.6,0.9524
705,SVM,0.8421,0.937,0.6087,0.5833,0.9111
706,SVM,0.8772,0.9926,0.8511,0.7692,0.9677
707,SVM,0.7719,0.9147,0.6486,0.7059,0.8
708,SVM,0.807,0.9324,0.6452,0.5882,0.9
709,SVM,0.8947,0.9972,0.8,0.6667,1.0
710,SVM,0.8421,0.9618,0.6667,0.6429,0.907
711,SVM,0.8596,0.9734,0.6667,0.5714,0.9535
712,SVM,0.8772,0.9843,0.7879,0.7222,0.9487
713,SVM,0.8596,0.9815,0.7333,0.6111,0.9744
714,SVM,0.8246,0.9687,0.6875,0.6111,0.9231
715,SVM,0.8596,0.9681,0.75,0.6316,0.9737
716,SVM,0.8772,0.9651,0.7407,0.6667,0.9524
717,SVM,0.9298,0.9773,0.8333,0.7692,0.9773
718,SVM,0.8421,0.9655,0.7692,0.6522,0.9706
719,SVM,0.7719,0.9571,0.6061,0.4545,0.9714
720,SVM,0.8246,0.9635,0.7059,0.6,0.9459
721,SVM,0.8772,0.9735,0.7742,0.7059,0.95
722,SVM,0.8947,0.9715,0.8333,0.8333,0.9231
723,SVM,0.7895,0.9616,0.6667,0.5714,0.9167
724,SVM,0.7895,0.9317,0.5,0.4,0.9286
725,SVM,0.8596,0.9721,0.75,0.7059,0.925
726,SVM,0.807,0.9512,0.5926,0.5,0.9268
727,SVM,0.9123,0.9841,0.8148,0.7333,0.9762
728,SVM,0.8246,0.9574,0.6429,0.5294,0.95
729,SVM,0.8947,0.9825,0.7273,0.6154,0.9773
730,SVM,0.9123,0.9825,0.8,0.6667,1.0
731,SVM,0.8421,0.9723,0.7429,0.6842,0.9211
732,SVM,0.8947,0.9778,0.7857,0.7333,0.9524
733,SVM,0.8772,0.9685,0.6667,0.5833,0.9556
734,SVM,0.8421,0.9688,0.7805,0.7273,0.9143
735,SVM,0.8421,0.9512,0.6667,0.5625,0.9512
736,SVM,0.8596,0.9729,0.7647,0.7222,0.9231
737,SVM,0.9123,0.9865,0.8649,0.8,0.973
738,SVM,0.9123,0.987,0.8,0.8333,0.9333
739,SVM,0.8772,0.9644,0.6316,0.5455,0.9565
740,SVM,0.7719,0.9497,0.6486,0.5714,0.8889
741,SVM,0.8947,0.9828,0.8421,0.7619,0.9722
742,SVM,0.8772,0.963,0.6316,0.5,0.9778
743,SVM,0.8596,0.9598,0.7143,0.7692,0.8864
744,SVM,0.9825,0.9913,0.96,0.9231,1.0
745,SVM,0.8596,0.9726,0.75,0.75,0.9024
746,SVM,0.8947,0.9817,0.8,0.75,0.9512
747,SVM,0.9649,0.9987,0.9524,0.9091,1.0
748,SVM,0.8596,0.9974,0.7895,0.6522,1.0
749,SVM,0.8772,0.9834,0.6957,0.5714,0.9767
750,SVM,0.8947,0.9972,0.8125,0.6842,1.0
751,SVM,0.8947,0.9886,0.8235,0.7778,0.9487
752,SVM,0.7719,0.9392,0.6486,0.6,0.8649
753,SVM,0.8246,0.974,0.7368,0.6364,0.9429
754,SVM,0.8421,0.9743,0.7429,0.65,0.9459
755,SVM,0.8772,0.9894,0.8108,0.7143,0.9722
756,SVM,0.9298,0.9915,0.8824,0.8333,0.9744
757,SVM,0.8596,0.9762,0.7895,0.7143,0.9444
758,SVM,0.8947,0.9667,0.75,0.75,0.9333
759,SVM,0.8947,0.9802,0.8,0.75,0.9512
760,SVM,0.8947,0.9932,0.8333,0.75,0.973
761,SVM,0.8246,0.9622,0.7059,0.6,0.9459
762,SVM,0.8947,0.9802,0.85,0.8095,0.9444
763,SVM,0.8947,0.9787,0.8,0.75,0.9512
764,SVM,0.9123,0.9897,0.8485,0.8235,0.95
765,SVM,0.9123,0.9585,0.7826,0.6429,1.0
766,SVM,0.8246,0.9603,0.7059,0.7059,0.875
767,SVM,0.8246,0.9544,0.7059,0.6667,0.8974
768,SVM,0.8772,0.9905,0.72,0.6,0.9762
769,SVM,0.8596,0.9834,0.75,0.6316,0.9737
770,SVM,0.8772,0.9838,0.7586,0.6471,0.975
771,SVM,0.9123,0.9875,0.8485,0.7368,1.0
772,SVM,0.807,0.9441,0.6207,0.6923,0.8409
773,SVM,0.8772,0.9714,0.72,0.6,0.9762
774,SVM,0.8421,0.9543,0.6897,0.625,0.9268
775,SVM,0.8772,0.9751,0.7407,0.7143,0.9302
776,SVM,0.9298,0.9858,0.875,0.7778,1.0
777,SVM,0.8772,0.9778,0.7586,0.7333,0.9286
778,SVM,0.8947,0.9824,0.8421,0.8,0.9459
779,SVM,0.9123,0.9946,0.8649,0.8,0.973
780,SVM,0.8772,0.9818,0.8372,0.8182,0.9143
781,SVM,0.807,0.9412,0.6667,0.6471,0.875
782,SVM,0.7719,0.9482,0.6829,0.5833,0.9091
783,SVM,0.9123,0.9894,0.8649,0.7619,1.0
784,SVM,0.8947,0.9929,0.8125,0.7222,0.9744
785,SVM,0.9123,0.9762,0.8148,0.7333,0.9762
786,SVM,0.9123,0.9848,0.8387,0.8125,0.9512
787,SVM,0.8772,0.987,0.8108,0.6818,1.0
788,SVM,0.807,0.9701,0.4762,0.3571,0.9535
789,SVM,0.9123,0.9943,0.8485,0.7778,0.9744
790,SVM,0.9298,0.9974,0.9048,0.8261,1.0
791,SVM,0.807,0.9314,0.5926,0.5,0.9268
792,SVM,0.807,0.9749,0.6857,0.5714,0.9444
793,SVM,0.8596,0.9451,0.75,0.75,0.9024
794,SVM,0.8596,0.9801,0.6667,0.5714,0.9535
795,SVM,0.9298,0.9907,0.8333,0.8333,0.9556
796,SVM,0.8947,0.9848,0.8235,0.7368,0.9737
797,SVM,0.8947,0.9772,0.8333,0.8333,0.9231
798,SVM,0.9649,0.9971,0.9412,0.9412,0.975
799,SVM,0.8947,0.9722,0.7273,0.6667,0.9556
800,SVM,0.9123,0.9922,0.878,0.8182,0.9714
801,SVM,0.7895,0.9444,0.6,0.5,0.9231
802,SVM,0.9123,0.9756,0.8276,0.75,0.9756
803,SVM,0.8596,0.9635,0.6923,0.6,0.9524
804,SVM,0.8596,0.9362,0.5556,0.5,0.9362
805,SVM,0.8947,0.9946,0.8235,0.7,1.0
806,SVM,0.9123,0.9852,0.8,0.8333,0.9333
807,SVM,0.8772,0.9817,0.7407,0.625,0.9756
808,SVM,0.9123,0.9757,0.8718,0.85,0.9459
809,SVM,0.9123,0.9937,0.8,0.6667,1.0
810,SVM,0.9123,0.9817,0.8276,0.75,0.9756
811,SVM,0.8596,0.9497,0.7333,0.6875,0.9268
812,SVM,0.8947,0.9787,0.8,0.75,0.9512
813,SVM,0.8772,0.9257,0.4615,0.4286,0.94
814,SVM,0.9825,0.9984,0.9655,0.9333,1.0
815,SVM,0.9298,0.9985,0.8667,0.7647,1.0
816,SVM,0.8772,0.972,0.6957,0.6154,0.9545
817,SVM,0.7719,0.9274,0.6286,0.6111,0.8462
818,SVM,0.8421,0.9647,0.6897,0.5882,0.95
819,SVM,0.8246,0.9688,0.7619,0.7273,0.8857
820,SVM,0.9298,0.9889,0.8571,0.8,0.9762
821,SVM,0.8947,0.9758,0.8235,0.7778,0.9487
822,SVM,0.8772,0.9767,0.7586,0.7857,0.907
823,SVM,0.7895,0.9359,0.625,0.5556,0.8974
824,SVM,0.8772,0.9794,0.7407,0.6667,0.9524
825,SVM,0.9123,0.9841,0.8,0.6667,1.0
826,SVM,0.7368,0.954,0.5946,0.4783,0.9118
827,SVM,0.8772,0.9875,0.7879,0.6842,0.9737
828,SVM,0.8596,0.9701,0.7333,0.6111,0.9744
829,SVM,0.9123,0.9787,0.8276,0.75,0.9756
830,SVM,0.9123,0.9868,0.8571,0.8824,0.925
831,SVM,0.9123,0.9958,0.8485,0.7368,1.0
832,SVM,0.8772,0.9878,0.6316,0.4615,1.0
833,SVM,0.8596,0.9817,0.7143,0.625,0.9512
834,SVM,0.9474,0.9838,0.8235,0.7778,0.9792
835,SVM,0.807,0.9714,0.6857,0.5455,0.9714
836,SVM,0.9123,0.9834,0.8276,0.8571,0.9302
837,SVM,0.8596,0.9648,0.6,0.5,0.9556
838,SVM,0.8947,0.9853,0.8235,0.8235,0.925
839,SVM,0.8421,0.9381,0.6667,0.6,0.9286
840,SVM,0.8772,0.9862,0.8444,0.76,0.9688
841,SVM,0.8596,0.9585,0.7333,0.7857,0.8837
842,SVM,0.9298,0.9939,0.875,0.875,0.9512
843,SVM,0.8947,0.9801,0.7692,0.7143,0.9535
844,SVM,0.8947,0.9741,0.7273,0.6667,0.9556
845,SVM,0.9649,0.9963,0.9091,0.8333,1.0
846,SVM,0.807,0.9459,0.6452,0.5556,0.9231
847,SVM,0.807,0.9558,0.7556,0.7083,0.8788
848,SVM,0.8596,0.9545,0.6667,0.6154,0.9318
849,SVM,0.8596,0.9779,0.8095,0.7727,0.9143
850,SVM,0.8947,0.9771,0.7857,0.6875,0.9756
851,SVM,0.8596,0.9824,0.7647,0.65,0.973
852,SVM,0.8772,0.9932,0.7879,0.65,1.0
853,SVM,0.8772,0.9847,0.8293,0.7391,0.9706
854,SVM,0.8596,0.9825,0.6,0.4615,0.9773
855,SVM,0.8772,0.9756,0.7742,0.75,0.9268
856,SVM,0.9123,0.9858,0.8485,0.7778,0.9744
857,SVM,0.9123,0.9867,0.7826,0.6429,1.0
858,SVM,0.9123,0.9842,0.7619,0.7273,0.9565
859,SVM,0.8947,0.9788,0.8421,0.7619,0.9722
860,SVM,0.8947,0.9905,0.7692,0.6667,0.9762
861,SVM,0.8947,0.9834,0.8235,0.7368,0.9737
862,SVM,0.8421,0.9398,0.4706,0.4444,0.9167
863,SVM,0.9298,0.9867,0.8571,0.8571,0.9535
864,SVM,0.9474,0.9834,0.8889,0.8571,0.9767
865,SVM,0.8772,0.9792,0.7742,0.6316,1.0
866,SVM,0.7895,0.9402,0.6471,0.6111,0.8718
867,SVM,0.9298,0.9937,0.8571,0.8,0.9762
868,SVM,0.8947,0.9684,0.75,0.6429,0.9767
869,SVM,0.8772,0.968,0.7879,0.8125,0.9024
870,SVM,0.9123,0.9884,0.8387,0.9286,0.907
871,SVM,0.8947,0.9811,0.8421,0.8,0.9459
872,SVM,0.807,0.95,0.6452,0.5882,0.9
873,SVM,0.9474,0.9974,0.9268,0.8636,1.0
874,SVM,0.8947,0.9801,0.8125,0.7222,0.9744
875,SVM,0.8421,0.9709,0.7273,0.6316,0.9474
876,SVM,0.8596,0.9687,0.7778,0.7778,0.8974
877,SVM,0.8947,0.9815,0.85,0.8095,0.9444
878,SVM,0.9123,0.9841,0.8718,0.8095,0.9722
879,SVM,0.8947,0.9701,0.75,0.6429,0.9767
880,SVM,0.8947,0.9787,0.8,0.75,0.9512
881,SVM,0.8947,0.9802,0.8421,0.7619,0.9722
882,SVM,0.9298,0.9875,0.8889,0.8421,0.9737
883,SVM,0.8772,0.975,0.7879,0.7647,0.925
884,SVM,0.9474,0.9834,0.88,0.7857,1.0
885,SVM,0.9298,0.985,0.8462,0.7857,0.9767
886,SVM,0.8947,0.9784,0.8333,0.75,0.973
887,SVM,0.9298,0.9912,0.8667,0.7647,1.0
888,SVM,0.9123,0.9778,0.8649,0.8421,0.9474
889,SVM,0.8421,0.9806,0.7273,0.6316,0.9474
890,SVM,0.9474,0.9948,0.88,0.8462,0.9773
891,SVM,0.9123,0.9943,0.8387,0.7222,1.0
892,SVM,0.8421,0.9635,0.7097,0.7333,0.881
893,SVM,0.8421,0.9554,0.7568,0.7,0.9189
894,SVM,1.0,1.0,1.0,1.0,1.0
895,SVM,0.8947,0.9802,0.8125,0.8125,0.9268
896,SVM,0.8947,0.9821,0.85,0.7391,1.0
897,SVM,0.8246,0.9608,0.7059,0.6,0.9459
898,SVM,0.807,0.9501,0.7442,0.6957,0.8824
899,SVM,0.9123,0.9778,0.7619,0.6667,0.9778
900,SVM,0.8596,0.9775,0.8,0.7619,0.9167
901,SVM,0.8421,0.9722,0.8,0.75,0.9091
902,SVM,0.8772,0.9765,0.8108,0.7895,0.9211
903,SVM,0.9123,0.9889,0.7368,0.5833,1.0
904,SVM,0.8421,0.9601,0.7429,0.7222,0.8974
905,SVM,0.8772,0.9667,0.72,0.75,0.9111
906,SVM,0.8421,0.9667,0.7273,0.8,0.8571
907,SVM,0.807,0.9482,0.6452,0.625,0.878
908,SVM,0.8947,0.9704,0.7273,0.6667,0.9556
909,SVM,0.9298,0.9801,0.8824,0.8333,0.9744
910,SVM,0.807,0.9588,0.5926,0.4706,0.95
911,SVM,0.8772,0.9755,0.6957,0.6154,0.9545
912,SVM,0.8947,0.9765,0.8235,0.8235,0.925
913,SVM,0.8246,0.9618,0.6875,0.7857,0.8372
914,SVM,0.9474,1.0,0.9032,1.0,0.9302
915,SVM,0.8421,0.9616,0.7429,0.619,0.9722
916,SVM,0.8947,0.9897,0.8,0.7059,0.975
917,SVM,0.8421,0.9898,0.7692,0.6522,0.9706
918,SVM,0.8246,0.9459,0.7222,0.65,0.9189
919,SVM,0.9123,0.9892,0.8837,0.95,0.8919
920,SVM,0.8421,0.9558,0.7097,0.6875,0.9024
921,SVM,0.8421,0.9584,0.7568,0.7368,0.8947
922,SVM,0.8947,0.9861,0.8333,0.7895,0.9474
923,SVM,0.8596,0.9676,0.7333,0.6471,0.95
924,SVM,0.7368,0.9697,0.5714,0.4167,0.9697
925,SVM,0.8772,0.9701,0.6957,0.5714,0.9767
926,SVM,0.9123,0.9653,0.7059,0.6667,0.9583
927,SVM,0.8772,0.9762,0.7407,0.6667,0.9524
928,SVM,0.8772,0.9848,0.8372,0.75,0.9697
929,SVM,0.7719,0.933,0.6061,0.5556,0.8718
930,SVM,0.8421,0.9695,0.7097,0.6875,0.9024
931,SVM,0.9123,0.9802,0.7619,0.7273,0.9565
932,SVM,0.8596,0.9726,0.7143,0.625,0.9512
933,SVM,0.807,0.9286,0.6207,0.6,0.881
934,SVM,0.8596,0.9838,0.7143,0.5882,0.975
935,SVM,0.8772,0.9617,0.5882,0.5,0.9574
936,SVM,0.8421,0.9741,0.6667,0.5625,0.9512
937,SVM,0.9298,0.9825,0.8462,0.8462,0.9545
938,SVM,0.8596,0.9604,0.7333,0.6875,0.9268
939,SVM,0.8596,0.9921,0.6364,0.4667,1.0
940,SVM,0.8246,0.972,0.5,0.3846,0.9545
941,SVM,0.8947,0.9972,0.8125,0.6842,1.0
942,SVM,0.9298,0.9824,0.8824,0.8824,0.95
943,SVM,0.8947,0.9857,0.7692,0.6667,0.9762
944,SVM,0.9123,0.9843,0.8,0.7692,0.9545
945,SVM,0.8772,0.9755,0.72,0.6923,0.9318
946,SVM,0.8772,0.9778,0.7586,0.7333,0.9286
947,SVM,0.8947,0.9762,0.7692,0.6667,0.9762
948,SVM,0.807,0.9545,0.7442,0.7273,0.8571
949,SVM,0.8947,0.9759,0.75,0.75,0.9333
950,SVM,0.8596,0.9723,0.7647,0.6842,0.9474
951,SVM,0.8421,0.9577,0.7805,0.7619,0.8889
952,SVM,0.8772,0.9756,0.72,0.5625,1.0
953,SVM,0.8246,0.9848,0.6667,0.5263,0.9737
954,SVM,0.9825,0.997,0.9677,0.9375,1.0
955,SVM,0.8947,0.9704,0.75,0.75,0.9333
956,SVM,0.9298,0.9878,0.8667,0.8125,0.9756
957,SVM,0.9474,0.9909,0.8966,0.8125,1.0
958,SVM,0.9298,0.9926,0.8462,0.9167,0.9333
959,SVM,0.9298,0.9926,0.8333,0.8333,0.9556
960,SVM,0.8421,0.9662,0.6897,0.5882,0.95
961,SVM,0.8421,0.9685,0.6087,0.5385,0.9318
962,SVM,0.9474,0.9917,0.8966,0.9286,0.9535
963,SVM,0.8421,0.975,0.6667,0.5294,0.975
964,SVM,0.8947,0.9681,0.8333,0.7895,0.9474
965,SVM,0.9474,0.9857,0.8966,0.8667,0.9762
966,SVM,0.8246,0.9618,0.6154,0.4706,0.975
967,SVM,0.8596,0.9817,0.7143,0.625,0.9512
968,SVM,0.8947,0.9779,0.8235,0.8235,0.925
969,SVM,0.8596,0.9784,0.6364,0.5,0.9767
970,SVM,0.9474,0.9912,0.9032,0.8235,1.0
971,SVM,0.7895,0.9359,0.6842,0.7222,0.8205
972,SVM,0.8596,0.9746,0.7143,0.6667,0.9286
973,SVM,0.8596,0.9619,0.7333,0.6875,0.9268
974,SVM,0.8947,0.9834,0.85,0.8947,0.8947
975,SVM,0.8596,0.9878,0.6667,0.5,1.0
976,SVM,0.8772,0.9668,0.7586,0.7857,0.907
977,SVM,0.9123,0.9794,0.8387,0.7647,0.975
978,SVM,0.8596,0.9784,0.6667,0.5714,0.9535
979,SVM,0.8246,0.9717,0.8148,0.7586,0.8929
980,SVM,0.9298,1.0,0.8571,0.75,1.0
981,SVM,0.7368,0.9463,0.5714,0.4348,0.9412
982,SVM,0.9298,0.9901,0.8,0.7273,0.9783
983,SVM,0.807,0.9397,0.6207,0.5294,0.925
984,SVM,0.9474,0.9913,0.88,0.8462,0.9773
985,SVM,0.8947,0.9892,0.8333,0.75,0.973
986,SVM,0.8596,0.9632,0.7333,0.6471,0.95
987,SVM,0.9123,0.9852,0.7826,0.75,0.9556
988,SVM,0.8947,0.9894,0.85,0.8095,0.9444
989,SVM,0.8772,0.9792,0.8293,0.7727,0.9429
990,SVM,0.9298,0.9885,0.9091,0.8696,0.9706
991,SVM,0.8772,0.9763,0.8511,0.8,0.9375
992,SVM,0.8246,0.9574,0.7222,0.7647,0.85
993,SVM,0.8772,0.9889,0.7742,0.6316,1.0
994,SVM,0.8421,0.9744,0.7097,0.6111,0.9487
995,SVM,0.8947,0.9934,0.7273,0.5714,1.0
996,SVM,0.8421,0.9695,0.6667,0.5625,0.9512
997,SVM,0.9123,0.9838,0.8387,0.7647,0.975
998,SVM,0.9298,0.9889,0.8571,0.8,0.9762
999,SVM,0.8596,1.0,0.8095,0.68,1.0
1000,SVM,0.8772,0.9786,0.8,0.7778,0.9231
